timestamp, index, utilization.gpu [%], memory.used [MiB], memory.total [MiB]
2026/07/08 16:08:18.866, 0, 0, 0, 97887
2026/07/08 16:08:18.881, 1, 0, 0, 97887
2026/07/08 16:08:18.895, 2, 0, 0, 97887
2026/07/08 16:08:18.908, 3, 0, 0, 97887
2026/07/08 16:08:18.921, 4, 0, 0, 97887
2026/07/08 16:08:18.936, 5, 0, 0, 97887
2026/07/08 16:08:18.949, 6, 0, 0, 97887
2026/07/08 16:08:18.963, 7, 0, 0, 97887
2026/07/08 16:08:19.977, 0, 0, 0, 97887
2026/07/08 16:08:19.993, 1, 0, 0, 97887
2026/07/08 16:08:20.008, 2, 0, 0, 97887
2026/07/08 16:08:20.022, 3, 0, 0, 97887
2026/07/08 16:08:20.037, 4, 0, 0, 97887
2026/07/08 16:08:20.052, 5, 0, 0, 97887
2026/07/08 16:08:20.066, 6, 0, 0, 97887
2026/07/08 16:08:20.081, 7, 0, 0, 97887
2026/07/08 16:08:21.095, 0, 0, 0, 97887
2026/07/08 16:08:21.111, 1, 0, 0, 97887
2026/07/08 16:08:21.126, 2, 0, 0, 97887
2026/07/08 16:08:21.143, 3, 0, 0, 97887
2026/07/08 16:08:21.160, 4, 0, 0, 97887
2026/07/08 16:08:21.174, 5, 0, 0, 97887
2026/07/08 16:08:21.190, 6, 0, 0, 97887
2026/07/08 16:08:21.205, 7, 0, 0, 97887
2026/07/08 16:08:22.221, 0, 0, 0, 97887
2026/07/08 16:08:22.234, 1, 0, 0, 97887
2026/07/08 16:08:22.249, 2, 0, 0, 97887
2026/07/08 16:08:22.263, 3, 0, 0, 97887
2026/07/08 16:08:22.276, 4, 0, 0, 97887
2026/07/08 16:08:22.285, 5, 0, 0, 97887
2026/07/08 16:08:22.297, 6, 0, 0, 97887
2026/07/08 16:08:22.309, 7, 0, 0, 97887
2026/07/08 16:08:23.322, 0, 0, 0, 97887
2026/07/08 16:08:23.339, 1, 0, 0, 97887
2026/07/08 16:08:23.355, 2, 0, 0, 97887
2026/07/08 16:08:23.370, 3, 0, 0, 97887
2026/07/08 16:08:23.384, 4, 0, 0, 97887
2026/07/08 16:08:23.400, 5, 0, 0, 97887
2026/07/08 16:08:23.416, 6, 0, 0, 97887
2026/07/08 16:08:23.433, 7, 0, 0, 97887
2026/07/08 16:08:24.450, 0, 0, 0, 97887
2026/07/08 16:08:24.463, 1, 0, 0, 97887
2026/07/08 16:08:24.475, 2, 0, 0, 97887
2026/07/08 16:08:24.488, 3, 0, 0, 97887
2026/07/08 16:08:24.501, 4, 0, 0, 97887
2026/07/08 16:08:24.516, 5, 0, 0, 97887
2026/07/08 16:08:24.530, 6, 0, 0, 97887
2026/07/08 16:08:24.545, 7, 0, 0, 97887
2026/07/08 16:08:25.562, 0, 0, 0, 97887
2026/07/08 16:08:25.580, 1, 0, 0, 97887
2026/07/08 16:08:25.596, 2, 0, 0, 97887
2026/07/08 16:08:25.612, 3, 0, 0, 97887
2026/07/08 16:08:25.627, 4, 0, 0, 97887
2026/07/08 16:08:25.642, 5, 0, 0, 97887
2026/07/08 16:08:25.659, 6, 0, 0, 97887
2026/07/08 16:08:25.674, 7, 0, 0, 97887
2026/07/08 16:08:26.689, 0, 0, 0, 97887
2026/07/08 16:08:26.707, 1, 0, 0, 97887
2026/07/08 16:08:26.723, 2, 0, 0, 97887
2026/07/08 16:08:26.738, 3, 0, 0, 97887
2026/07/08 16:08:26.754, 4, 0, 0, 97887
2026/07/08 16:08:26.770, 5, 0, 0, 97887
2026/07/08 16:08:26.784, 6, 0, 0, 97887
2026/07/08 16:08:26.797, 7, 0, 0, 97887
2026/07/08 16:08:27.815, 0, 0, 0, 97887
2026/07/08 16:08:27.835, 1, 0, 0, 97887
2026/07/08 16:08:27.853, 2, 0, 0, 97887
2026/07/08 16:08:27.870, 3, 0, 0, 97887
2026/07/08 16:08:27.884, 4, 0, 0, 97887
2026/07/08 16:08:27.902, 5, 0, 0, 97887
2026/07/08 16:08:27.920, 6, 0, 0, 97887
2026/07/08 16:08:27.939, 7, 0, 0, 97887
2026/07/08 16:08:28.950, 0, 0, 0, 97887
2026/07/08 16:08:28.966, 1, 0, 0, 97887
2026/07/08 16:08:28.983, 2, 0, 0, 97887
2026/07/08 16:08:28.999, 3, 0, 0, 97887
2026/07/08 16:08:29.016, 4, 0, 0, 97887
2026/07/08 16:08:29.031, 5, 0, 0, 97887
2026/07/08 16:08:29.049, 6, 0, 0, 97887
2026/07/08 16:08:29.066, 7, 0, 0, 97887
2026/07/08 16:08:30.083, 0, 0, 0, 97887
2026/07/08 16:08:30.100, 1, 0, 0, 97887
2026/07/08 16:08:30.115, 2, 0, 0, 97887
2026/07/08 16:08:30.131, 3, 0, 0, 97887
2026/07/08 16:08:30.147, 4, 0, 0, 97887
2026/07/08 16:08:30.166, 5, 0, 0, 97887
2026/07/08 16:08:30.186, 6, 0, 0, 97887
2026/07/08 16:08:30.204, 7, 0, 0, 97887
2026/07/08 16:08:31.221, 0, 0, 0, 97887
2026/07/08 16:08:31.235, 1, 0, 0, 97887
2026/07/08 16:08:31.251, 2, 0, 0, 97887
2026/07/08 16:08:31.267, 3, 0, 0, 97887
2026/07/08 16:08:31.284, 4, 0, 0, 97887
2026/07/08 16:08:31.297, 5, 0, 0, 97887
2026/07/08 16:08:31.313, 6, 0, 0, 97887
2026/07/08 16:08:31.328, 7, 0, 0, 97887
2026/07/08 16:08:32.343, 0, 0, 0, 97887
2026/07/08 16:08:32.359, 1, 0, 0, 97887
2026/07/08 16:08:32.374, 2, 0, 0, 97887
2026/07/08 16:08:32.391, 3, 0, 0, 97887
2026/07/08 16:08:32.408, 4, 0, 0, 97887
2026/07/08 16:08:32.426, 5, 0, 0, 97887
2026/07/08 16:08:32.442, 6, 0, 0, 97887
2026/07/08 16:08:32.456, 7, 0, 0, 97887
2026/07/08 16:08:33.471, 0, 0, 0, 97887
2026/07/08 16:08:33.491, 1, 0, 0, 97887
2026/07/08 16:08:33.507, 2, 0, 0, 97887
2026/07/08 16:08:33.523, 3, 0, 0, 97887
2026/07/08 16:08:33.538, 4, 0, 0, 97887
2026/07/08 16:08:33.552, 5, 0, 0, 97887
2026/07/08 16:08:33.565, 6, 0, 0, 97887
2026/07/08 16:08:33.578, 7, 0, 0, 97887
2026/07/08 16:08:34.592, 0, 0, 0, 97887
2026/07/08 16:08:34.610, 1, 0, 0, 97887
2026/07/08 16:08:34.627, 2, 0, 0, 97887
2026/07/08 16:08:34.646, 3, 0, 0, 97887
2026/07/08 16:08:34.666, 4, 0, 0, 97887
2026/07/08 16:08:34.686, 5, 0, 0, 97887
2026/07/08 16:08:34.704, 6, 0, 0, 97887
2026/07/08 16:08:34.722, 7, 0, 0, 97887
2026/07/08 16:08:35.738, 0, 0, 0, 97887
2026/07/08 16:08:35.755, 1, 0, 0, 97887
2026/07/08 16:08:35.769, 2, 0, 0, 97887
2026/07/08 16:08:35.785, 3, 0, 0, 97887
2026/07/08 16:08:35.801, 4, 0, 0, 97887
2026/07/08 16:08:35.819, 5, 0, 0, 97887
2026/07/08 16:08:35.836, 6, 0, 0, 97887
2026/07/08 16:08:35.853, 7, 0, 0, 97887
2026/07/08 16:08:36.871, 0, 0, 0, 97887
2026/07/08 16:08:36.887, 1, 0, 0, 97887
2026/07/08 16:08:36.901, 2, 0, 0, 97887
2026/07/08 16:08:36.918, 3, 0, 0, 97887
2026/07/08 16:08:36.937, 4, 0, 0, 97887
2026/07/08 16:08:36.953, 5, 0, 0, 97887
2026/07/08 16:08:36.969, 6, 0, 0, 97887
2026/07/08 16:08:36.986, 7, 0, 0, 97887
2026/07/08 16:08:38.003, 0, 0, 0, 97887
2026/07/08 16:08:38.022, 1, 0, 0, 97887
2026/07/08 16:08:38.034, 2, 0, 0, 97887
2026/07/08 16:08:38.046, 3, 0, 0, 97887
2026/07/08 16:08:38.058, 4, 0, 0, 97887
2026/07/08 16:08:38.068, 5, 0, 0, 97887
2026/07/08 16:08:38.077, 6, 0, 0, 97887
2026/07/08 16:08:38.087, 7, 0, 0, 97887
2026/07/08 16:08:39.098, 0, 0, 0, 97887
2026/07/08 16:08:39.112, 1, 0, 0, 97887
2026/07/08 16:08:39.126, 2, 0, 0, 97887
2026/07/08 16:08:39.141, 3, 0, 0, 97887
2026/07/08 16:08:39.155, 4, 0, 0, 97887
2026/07/08 16:08:39.169, 5, 0, 0, 97887
2026/07/08 16:08:39.181, 6, 0, 0, 97887
2026/07/08 16:08:39.195, 7, 0, 0, 97887
2026/07/08 16:08:40.208, 0, 0, 0, 97887
2026/07/08 16:08:40.220, 1, 0, 0, 97887
2026/07/08 16:08:40.233, 2, 0, 0, 97887
2026/07/08 16:08:40.246, 3, 0, 0, 97887
2026/07/08 16:08:40.257, 4, 0, 0, 97887
2026/07/08 16:08:40.268, 5, 0, 0, 97887
2026/07/08 16:08:40.279, 6, 0, 0, 97887
2026/07/08 16:08:40.291, 7, 0, 0, 97887
2026/07/08 16:08:41.304, 0, 0, 0, 97887
2026/07/08 16:08:41.318, 1, 0, 0, 97887
2026/07/08 16:08:41.330, 2, 0, 0, 97887
2026/07/08 16:08:41.345, 3, 0, 0, 97887
2026/07/08 16:08:41.360, 4, 0, 0, 97887
2026/07/08 16:08:41.376, 5, 0, 0, 97887
2026/07/08 16:08:41.391, 6, 0, 0, 97887
2026/07/08 16:08:41.405, 7, 0, 0, 97887
2026/07/08 16:08:42.421, 0, 0, 0, 97887
2026/07/08 16:08:42.439, 1, 0, 0, 97887
2026/07/08 16:08:42.453, 2, 0, 0, 97887
2026/07/08 16:08:42.466, 3, 0, 0, 97887
2026/07/08 16:08:42.479, 4, 0, 0, 97887
2026/07/08 16:08:42.495, 5, 0, 0, 97887
2026/07/08 16:08:42.507, 6, 0, 0, 97887
2026/07/08 16:08:42.518, 7, 0, 0, 97887
2026/07/08 16:08:43.530, 0, 0, 0, 97887
2026/07/08 16:08:43.545, 1, 0, 1, 97887
2026/07/08 16:08:43.561, 2, 0, 1, 97887
2026/07/08 16:08:43.574, 3, 0, 1, 97887
2026/07/08 16:08:43.598, 4, 0, 1, 97887
2026/07/08 16:08:43.648, 5, 0, 1, 97887
2026/07/08 16:08:43.664, 6, 0, 1, 97887
2026/07/08 16:08:43.678, 7, 0, 1, 97887
2026/07/08 16:08:44.694, 0, 0, 3, 97887
2026/07/08 16:08:44.713, 1, 0, 3, 97887
2026/07/08 16:08:44.729, 2, 0, 3, 97887
2026/07/08 16:08:44.743, 3, 0, 3, 97887
2026/07/08 16:08:44.762, 4, 0, 3, 97887
2026/07/08 16:08:44.780, 5, 0, 3, 97887
2026/07/08 16:08:44.798, 6, 0, 3, 97887
2026/07/08 16:08:44.814, 7, 0, 3, 97887
2026/07/08 16:08:45.828, 0, 0, 3, 97887
2026/07/08 16:08:45.843, 1, 0, 3, 97887
2026/07/08 16:08:45.855, 2, 0, 3, 97887
2026/07/08 16:08:45.869, 3, 0, 3, 97887
2026/07/08 16:08:45.881, 4, 0, 3, 97887
2026/07/08 16:08:45.896, 5, 0, 3, 97887
2026/07/08 16:08:45.908, 6, 0, 3, 97887
2026/07/08 16:08:45.924, 7, 0, 3, 97887
2026/07/08 16:08:46.940, 0, 0, 3, 97887
2026/07/08 16:08:46.954, 1, 0, 3, 97887
2026/07/08 16:08:46.964, 2, 0, 3, 97887
2026/07/08 16:08:46.978, 3, 0, 3, 97887
2026/07/08 16:08:46.993, 4, 0, 3, 97887
2026/07/08 16:08:47.005, 5, 0, 3, 97887
2026/07/08 16:08:47.022, 6, 0, 3, 97887
2026/07/08 16:08:47.035, 7, 0, 3, 97887
2026/07/08 16:08:48.050, 0, 0, 3, 97887
2026/07/08 16:08:48.060, 1, 0, 3, 97887
2026/07/08 16:08:48.073, 2, 0, 3, 97887
2026/07/08 16:08:48.086, 3, 0, 3, 97887
2026/07/08 16:08:48.101, 4, 0, 3, 97887
2026/07/08 16:08:48.116, 5, 0, 3, 97887
2026/07/08 16:08:48.128, 6, 0, 3, 97887
2026/07/08 16:08:48.143, 7, 0, 3, 97887
2026/07/08 16:08:49.158, 0, 0, 3, 97887
2026/07/08 16:08:49.172, 1, 0, 3, 97887
2026/07/08 16:08:49.187, 2, 0, 3, 97887
2026/07/08 16:08:49.204, 3, 0, 3, 97887
2026/07/08 16:08:49.220, 4, 0, 3, 97887
2026/07/08 16:08:49.236, 5, 0, 3, 97887
2026/07/08 16:08:49.254, 6, 0, 3, 97887
2026/07/08 16:08:49.269, 7, 0, 3, 97887
2026/07/08 16:08:50.286, 0, 0, 3, 97887
2026/07/08 16:08:50.304, 1, 0, 3, 97887
2026/07/08 16:08:50.321, 2, 0, 3, 97887
2026/07/08 16:08:50.335, 3, 0, 3, 97887
2026/07/08 16:08:50.352, 4, 0, 3, 97887
2026/07/08 16:08:50.367, 5, 0, 3, 97887
2026/07/08 16:08:50.384, 6, 0, 3, 97887
2026/07/08 16:08:50.399, 7, 0, 3, 97887
2026/07/08 16:08:51.415, 0, 0, 3, 97887
2026/07/08 16:08:51.446, 1, 0, 3, 97887
2026/07/08 16:08:51.460, 2, 0, 3, 97887
2026/07/08 16:08:51.499, 3, 0, 3, 97887
2026/07/08 16:08:51.515, 4, 0, 3, 97887
2026/07/08 16:08:51.533, 5, 0, 3, 97887
2026/07/08 16:08:51.549, 6, 0, 3, 97887
2026/07/08 16:08:51.578, 7, 0, 3, 97887
2026/07/08 16:08:52.620, 0, 0, 3, 97887
2026/07/08 16:08:52.635, 1, 0, 3, 97887
2026/07/08 16:08:52.651, 2, 0, 3, 97887
2026/07/08 16:08:52.667, 3, 0, 3, 97887
2026/07/08 16:08:52.682, 4, 0, 3, 97887
2026/07/08 16:08:52.698, 5, 0, 3, 97887
2026/07/08 16:08:52.711, 6, 0, 3, 97887
2026/07/08 16:08:52.722, 7, 0, 3, 97887
2026/07/08 16:08:53.732, 0, 0, 3, 97887
2026/07/08 16:08:53.743, 1, 0, 3, 97887
2026/07/08 16:08:53.752, 2, 0, 3, 97887
2026/07/08 16:08:53.759, 3, 0, 3, 97887
2026/07/08 16:08:53.771, 4, 0, 3, 97887
2026/07/08 16:08:53.785, 5, 0, 3, 97887
2026/07/08 16:08:53.798, 6, 0, 3, 97887
2026/07/08 16:08:53.810, 7, 0, 3, 97887
2026/07/08 16:08:54.823, 0, 0, 3, 97887
2026/07/08 16:08:54.837, 1, 0, 3, 97887
2026/07/08 16:08:54.852, 2, 0, 3, 97887
2026/07/08 16:08:54.866, 3, 0, 3, 97887
2026/07/08 16:08:54.879, 4, 0, 3, 97887
2026/07/08 16:08:54.892, 5, 0, 3, 97887
2026/07/08 16:08:54.905, 6, 0, 3, 97887
2026/07/08 16:08:54.919, 7, 0, 3, 97887
2026/07/08 16:08:55.931, 0, 0, 3, 97887
2026/07/08 16:08:55.944, 1, 0, 3, 97887
2026/07/08 16:08:55.958, 2, 0, 3, 97887
2026/07/08 16:08:55.971, 3, 0, 3, 97887
2026/07/08 16:08:55.984, 4, 0, 3, 97887
2026/07/08 16:08:55.999, 5, 0, 3, 97887
2026/07/08 16:08:56.015, 6, 0, 3, 97887
2026/07/08 16:08:56.028, 7, 0, 3, 97887
2026/07/08 16:08:57.042, 0, 0, 3, 97887
2026/07/08 16:08:57.058, 1, 0, 3, 97887
2026/07/08 16:08:57.071, 2, 0, 3, 97887
2026/07/08 16:08:57.086, 3, 0, 3, 97887
2026/07/08 16:08:57.101, 4, 0, 3, 97887
2026/07/08 16:08:57.115, 5, 0, 3, 97887
2026/07/08 16:08:57.132, 6, 0, 3, 97887
2026/07/08 16:08:57.148, 7, 0, 3, 97887
2026/07/08 16:08:58.164, 0, 0, 3, 97887
2026/07/08 16:08:58.179, 1, 0, 3, 97887
2026/07/08 16:08:58.194, 2, 0, 3, 97887
2026/07/08 16:08:58.208, 3, 0, 3, 97887
2026/07/08 16:08:58.223, 4, 0, 3, 97887
2026/07/08 16:08:58.234, 5, 0, 3, 97887
2026/07/08 16:08:58.245, 6, 0, 3, 97887
2026/07/08 16:08:58.260, 7, 0, 3, 97887
2026/07/08 16:08:59.275, 0, 0, 3, 97887
2026/07/08 16:08:59.296, 1, 0, 3, 97887
2026/07/08 16:08:59.313, 2, 0, 3, 97887
2026/07/08 16:08:59.330, 3, 0, 3, 97887
2026/07/08 16:08:59.347, 4, 0, 3, 97887
2026/07/08 16:08:59.363, 5, 0, 3, 97887
2026/07/08 16:08:59.379, 6, 0, 3, 97887
2026/07/08 16:08:59.396, 7, 0, 3, 97887
2026/07/08 16:09:00.413, 0, 0, 3, 97887
2026/07/08 16:09:00.427, 1, 0, 3, 97887
2026/07/08 16:09:00.452, 2, 0, 3, 97887
2026/07/08 16:09:00.465, 3, 0, 3, 97887
2026/07/08 16:09:00.482, 4, 0, 3, 97887
2026/07/08 16:09:00.498, 5, 0, 3, 97887
2026/07/08 16:09:00.513, 6, 0, 3, 97887
2026/07/08 16:09:00.530, 7, 0, 3, 97887
2026/07/08 16:09:01.544, 0, 0, 3, 97887
2026/07/08 16:09:01.557, 1, 0, 3, 97887
2026/07/08 16:09:01.568, 2, 0, 3, 97887
2026/07/08 16:09:01.584, 3, 0, 3, 97887
2026/07/08 16:09:01.600, 4, 0, 3, 97887
2026/07/08 16:09:01.616, 5, 0, 3, 97887
2026/07/08 16:09:01.630, 6, 0, 3, 97887
2026/07/08 16:09:01.644, 7, 0, 3, 97887
2026/07/08 16:09:02.660, 0, 0, 3, 97887
2026/07/08 16:09:02.675, 1, 0, 3, 97887
2026/07/08 16:09:02.687, 2, 0, 3, 97887
2026/07/08 16:09:02.700, 3, 0, 3, 97887
2026/07/08 16:09:02.713, 4, 0, 3, 97887
2026/07/08 16:09:02.729, 5, 0, 3, 97887
2026/07/08 16:09:02.743, 6, 0, 3, 97887
2026/07/08 16:09:02.755, 7, 0, 3, 97887
2026/07/08 16:09:03.770, 0, 0, 3, 97887
2026/07/08 16:09:03.781, 1, 0, 3, 97887
2026/07/08 16:09:03.793, 2, 0, 3, 97887
2026/07/08 16:09:03.807, 3, 0, 3, 97887
2026/07/08 16:09:03.823, 4, 0, 3, 97887
2026/07/08 16:09:03.837, 5, 0, 3, 97887
2026/07/08 16:09:03.848, 6, 0, 3, 97887
2026/07/08 16:09:03.856, 7, 0, 3, 97887
2026/07/08 16:09:04.868, 0, 0, 3, 97887
2026/07/08 16:09:04.884, 1, 0, 3, 97887
2026/07/08 16:09:04.898, 2, 0, 3, 97887
2026/07/08 16:09:04.910, 3, 0, 3, 97887
2026/07/08 16:09:04.919, 4, 0, 3, 97887
2026/07/08 16:09:04.929, 5, 0, 3, 97887
2026/07/08 16:09:04.942, 6, 0, 3, 97887
2026/07/08 16:09:04.959, 7, 0, 3, 97887
2026/07/08 16:09:05.976, 0, 0, 3, 97887
2026/07/08 16:09:05.995, 1, 0, 3, 97887
2026/07/08 16:09:06.008, 2, 0, 3, 97887
2026/07/08 16:09:06.020, 3, 0, 3, 97887
2026/07/08 16:09:06.036, 4, 0, 3, 97887
2026/07/08 16:09:06.050, 5, 0, 3, 97887
2026/07/08 16:09:06.062, 6, 0, 3, 97887
2026/07/08 16:09:06.074, 7, 0, 3, 97887
2026/07/08 16:09:07.087, 0, 0, 3, 97887
2026/07/08 16:09:07.099, 1, 0, 3, 97887
2026/07/08 16:09:07.114, 2, 0, 3, 97887
2026/07/08 16:09:07.128, 3, 0, 3, 97887
2026/07/08 16:09:07.141, 4, 0, 3, 97887
2026/07/08 16:09:07.154, 5, 0, 3, 97887
2026/07/08 16:09:07.165, 6, 0, 3, 97887
2026/07/08 16:09:07.174, 7, 0, 3, 97887
2026/07/08 16:09:08.189, 0, 0, 3, 97887
2026/07/08 16:09:08.204, 1, 0, 3, 97887
2026/07/08 16:09:08.220, 2, 0, 3, 97887
2026/07/08 16:09:08.235, 3, 0, 3, 97887
2026/07/08 16:09:08.248, 4, 0, 3, 97887
2026/07/08 16:09:08.264, 5, 0, 3, 97887
2026/07/08 16:09:08.282, 6, 0, 3, 97887
2026/07/08 16:09:08.298, 7, 0, 3, 97887
2026/07/08 16:09:09.311, 0, 0, 3, 97887
2026/07/08 16:09:09.324, 1, 0, 3, 97887
2026/07/08 16:09:09.339, 2, 0, 3, 97887
2026/07/08 16:09:09.354, 3, 0, 3, 97887
2026/07/08 16:09:09.372, 4, 0, 3, 97887
2026/07/08 16:09:09.390, 5, 0, 3, 97887
2026/07/08 16:09:09.407, 6, 0, 3, 97887
2026/07/08 16:09:09.420, 7, 0, 3, 97887
2026/07/08 16:09:10.433, 0, 0, 3, 97887
2026/07/08 16:09:10.445, 1, 0, 3, 97887
2026/07/08 16:09:10.456, 2, 0, 3, 97887
2026/07/08 16:09:10.468, 3, 0, 3, 97887
2026/07/08 16:09:10.478, 4, 0, 3, 97887
2026/07/08 16:09:10.487, 5, 0, 3, 97887
2026/07/08 16:09:10.496, 6, 0, 3, 97887
2026/07/08 16:09:10.505, 7, 0, 3, 97887
2026/07/08 16:09:11.518, 0, 0, 3, 97887
2026/07/08 16:09:11.534, 1, 0, 3, 97887
2026/07/08 16:09:11.549, 2, 0, 3, 97887
2026/07/08 16:09:11.565, 3, 0, 3, 97887
2026/07/08 16:09:11.579, 4, 0, 3, 97887
2026/07/08 16:09:11.593, 5, 0, 3, 97887
2026/07/08 16:09:11.607, 6, 0, 3, 97887
2026/07/08 16:09:11.623, 7, 0, 3, 97887
2026/07/08 16:09:12.638, 0, 0, 3, 97887
2026/07/08 16:09:12.653, 1, 0, 3, 97887
2026/07/08 16:09:12.667, 2, 0, 3, 97887
2026/07/08 16:09:12.682, 3, 0, 3, 97887
2026/07/08 16:09:12.700, 4, 0, 3, 97887
2026/07/08 16:09:12.718, 5, 0, 3, 97887
2026/07/08 16:09:12.734, 6, 0, 3, 97887
2026/07/08 16:09:12.747, 7, 0, 3, 97887
2026/07/08 16:09:13.760, 0, 0, 3, 97887
2026/07/08 16:09:13.772, 1, 0, 3, 97887
2026/07/08 16:09:13.788, 2, 0, 3, 97887
2026/07/08 16:09:13.803, 3, 0, 3, 97887
2026/07/08 16:09:13.815, 4, 0, 3, 97887
2026/07/08 16:09:13.828, 5, 0, 3, 97887
2026/07/08 16:09:13.842, 6, 0, 3, 97887
2026/07/08 16:09:13.853, 7, 0, 3, 97887
2026/07/08 16:09:14.867, 0, 0, 3, 97887
2026/07/08 16:09:14.881, 1, 0, 3, 97887
2026/07/08 16:09:14.896, 2, 0, 3, 97887
2026/07/08 16:09:14.911, 3, 0, 3, 97887
2026/07/08 16:09:14.927, 4, 0, 3, 97887
2026/07/08 16:09:14.936, 5, 0, 3, 97887
2026/07/08 16:09:14.949, 6, 0, 3, 97887
2026/07/08 16:09:14.965, 7, 0, 3, 97887
2026/07/08 16:09:15.984, 0, 0, 3, 97887
2026/07/08 16:09:15.996, 1, 0, 3, 97887
2026/07/08 16:09:16.008, 2, 0, 3, 97887
2026/07/08 16:09:16.021, 3, 0, 3, 97887
2026/07/08 16:09:16.038, 4, 0, 3, 97887
2026/07/08 16:09:16.049, 5, 0, 3, 97887
2026/07/08 16:09:16.061, 6, 0, 3, 97887
2026/07/08 16:09:16.073, 7, 0, 3, 97887
2026/07/08 16:09:17.087, 0, 0, 3, 97887
2026/07/08 16:09:17.101, 1, 0, 3, 97887
2026/07/08 16:09:17.116, 2, 0, 3, 97887
2026/07/08 16:09:17.129, 3, 0, 3, 97887
2026/07/08 16:09:17.142, 4, 0, 3, 97887
2026/07/08 16:09:17.156, 5, 0, 3, 97887
2026/07/08 16:09:17.170, 6, 0, 3, 97887
2026/07/08 16:09:17.185, 7, 0, 3, 97887
2026/07/08 16:09:18.199, 0, 0, 3, 97887
2026/07/08 16:09:18.216, 1, 0, 3, 97887
2026/07/08 16:09:18.232, 2, 0, 3, 97887
2026/07/08 16:09:18.247, 3, 0, 3, 97887
2026/07/08 16:09:18.264, 4, 0, 3, 97887
2026/07/08 16:09:18.278, 5, 0, 3, 97887
2026/07/08 16:09:18.294, 6, 0, 3, 97887
2026/07/08 16:09:18.310, 7, 0, 3, 97887
2026/07/08 16:09:19.325, 0, 0, 3, 97887
2026/07/08 16:09:19.341, 1, 0, 3, 97887
2026/07/08 16:09:19.350, 2, 0, 3, 97887
2026/07/08 16:09:19.358, 3, 0, 3, 97887
2026/07/08 16:09:19.371, 4, 0, 3, 97887
2026/07/08 16:09:19.386, 5, 0, 3, 97887
2026/07/08 16:09:19.401, 6, 0, 3, 97887
2026/07/08 16:09:19.416, 7, 0, 3, 97887
2026/07/08 16:09:20.430, 0, 0, 3, 97887
2026/07/08 16:09:20.449, 1, 0, 3, 97887
2026/07/08 16:09:20.465, 2, 0, 3, 97887
2026/07/08 16:09:20.480, 3, 0, 3, 97887
2026/07/08 16:09:20.494, 4, 0, 3, 97887
2026/07/08 16:09:20.506, 5, 0, 3, 97887
2026/07/08 16:09:20.517, 6, 0, 3, 97887
2026/07/08 16:09:20.525, 7, 0, 3, 97887
2026/07/08 16:09:21.531, 0, 0, 3, 97887
2026/07/08 16:09:21.541, 1, 0, 3, 97887
2026/07/08 16:09:21.571, 2, 0, 3, 97887
2026/07/08 16:09:21.580, 3, 0, 3, 97887
2026/07/08 16:09:21.595, 4, 0, 3, 97887
2026/07/08 16:09:21.609, 5, 0, 3, 97887
2026/07/08 16:09:21.623, 6, 0, 3, 97887
2026/07/08 16:09:21.636, 7, 0, 3, 97887
2026/07/08 16:09:22.649, 0, 0, 3, 97887
2026/07/08 16:09:22.664, 1, 0, 3, 97887
2026/07/08 16:09:22.679, 2, 0, 3, 97887
2026/07/08 16:09:22.689, 3, 0, 3, 97887
2026/07/08 16:09:22.699, 4, 0, 3, 97887
2026/07/08 16:09:22.711, 5, 0, 3, 97887
2026/07/08 16:09:22.725, 6, 0, 3, 97887
2026/07/08 16:09:22.739, 7, 0, 3, 97887
2026/07/08 16:09:23.756, 0, 0, 3, 97887
2026/07/08 16:09:23.771, 1, 0, 3, 97887
2026/07/08 16:09:23.786, 2, 0, 3, 97887
2026/07/08 16:09:23.802, 3, 0, 3, 97887
2026/07/08 16:09:23.818, 4, 0, 3, 97887
2026/07/08 16:09:23.833, 5, 0, 3, 97887
2026/07/08 16:09:23.848, 6, 0, 3, 97887
2026/07/08 16:09:23.865, 7, 0, 3, 97887
2026/07/08 16:09:24.878, 0, 0, 3, 97887
2026/07/08 16:09:24.895, 1, 0, 3, 97887
2026/07/08 16:09:24.911, 2, 0, 3, 97887
2026/07/08 16:09:24.926, 3, 0, 3, 97887
2026/07/08 16:09:24.941, 4, 0, 3, 97887
2026/07/08 16:09:24.957, 5, 0, 3, 97887
2026/07/08 16:09:24.970, 6, 0, 3, 97887
2026/07/08 16:09:24.985, 7, 0, 3, 97887
2026/07/08 16:09:26.000, 0, 0, 3, 97887
2026/07/08 16:09:26.014, 1, 0, 3, 97887
2026/07/08 16:09:26.029, 2, 0, 3, 97887
2026/07/08 16:09:26.041, 3, 0, 3, 97887
2026/07/08 16:09:26.052, 4, 0, 3, 97887
2026/07/08 16:09:26.065, 5, 0, 3, 97887
2026/07/08 16:09:26.078, 6, 0, 3, 97887
2026/07/08 16:09:26.093, 7, 0, 3, 97887
2026/07/08 16:09:27.105, 0, 0, 3, 97887
2026/07/08 16:09:27.119, 1, 0, 3, 97887
2026/07/08 16:09:27.130, 2, 0, 3, 97887
2026/07/08 16:09:27.144, 3, 0, 3, 97887
2026/07/08 16:09:27.159, 4, 0, 3, 97887
2026/07/08 16:09:27.168, 5, 0, 3, 97887
2026/07/08 16:09:27.182, 6, 0, 3, 97887
2026/07/08 16:09:27.194, 7, 0, 3, 97887
2026/07/08 16:09:28.207, 0, 0, 3, 97887
2026/07/08 16:09:28.219, 1, 0, 3, 97887
2026/07/08 16:09:28.235, 2, 0, 3, 97887
2026/07/08 16:09:28.251, 3, 0, 3, 97887
2026/07/08 16:09:28.267, 4, 0, 3, 97887
2026/07/08 16:09:28.283, 5, 0, 3, 97887
2026/07/08 16:09:28.301, 6, 0, 3, 97887
2026/07/08 16:09:28.316, 7, 0, 3, 97887
2026/07/08 16:09:29.331, 0, 0, 3, 97887
2026/07/08 16:09:29.348, 1, 0, 3, 97887
2026/07/08 16:09:29.364, 2, 0, 3, 97887
2026/07/08 16:09:29.381, 3, 0, 3, 97887
2026/07/08 16:09:29.397, 4, 0, 3, 97887
2026/07/08 16:09:29.415, 5, 0, 3, 97887
2026/07/08 16:09:29.433, 6, 0, 3, 97887
2026/07/08 16:09:29.453, 7, 0, 3, 97887
2026/07/08 16:09:30.471, 0, 0, 3, 97887
2026/07/08 16:09:30.488, 1, 0, 3, 97887
2026/07/08 16:09:30.504, 2, 0, 3, 97887
2026/07/08 16:09:30.519, 3, 0, 3, 97887
2026/07/08 16:09:30.536, 4, 0, 3, 97887
2026/07/08 16:09:30.551, 5, 0, 3, 97887
2026/07/08 16:09:30.567, 6, 0, 3, 97887
2026/07/08 16:09:30.582, 7, 0, 3, 97887
2026/07/08 16:09:31.597, 0, 0, 3, 97887
2026/07/08 16:09:31.615, 1, 0, 3, 97887
2026/07/08 16:09:31.631, 2, 0, 3, 97887
2026/07/08 16:09:31.646, 3, 0, 3, 97887
2026/07/08 16:09:31.663, 4, 0, 3, 97887
2026/07/08 16:09:31.679, 5, 0, 3, 97887
2026/07/08 16:09:31.694, 6, 0, 3, 97887
2026/07/08 16:09:31.707, 7, 0, 3, 97887
2026/07/08 16:09:32.723, 0, 0, 3, 97887
2026/07/08 16:09:32.740, 1, 0, 3, 97887
2026/07/08 16:09:32.755, 2, 0, 3, 97887
2026/07/08 16:09:32.775, 3, 0, 3, 97887
2026/07/08 16:09:32.795, 4, 0, 3, 97887
2026/07/08 16:09:32.812, 5, 0, 3, 97887
2026/07/08 16:09:32.827, 6, 0, 3, 97887
2026/07/08 16:09:32.844, 7, 0, 3, 97887
2026/07/08 16:09:33.861, 0, 0, 3, 97887
2026/07/08 16:09:33.875, 1, 0, 3, 97887
2026/07/08 16:09:33.890, 2, 0, 3, 97887
2026/07/08 16:09:33.903, 3, 0, 3, 97887
2026/07/08 16:09:33.917, 4, 0, 3, 97887
2026/07/08 16:09:33.925, 5, 0, 3, 97887
2026/07/08 16:09:33.938, 6, 0, 3, 97887
2026/07/08 16:09:33.950, 7, 0, 3, 97887
2026/07/08 16:09:34.958, 0, 0, 3, 97887
2026/07/08 16:09:34.977, 1, 0, 3, 97887
2026/07/08 16:09:34.993, 2, 0, 3, 97887
2026/07/08 16:09:35.010, 3, 0, 3, 97887
2026/07/08 16:09:35.024, 4, 0, 3, 97887
2026/07/08 16:09:35.039, 5, 0, 3, 97887
2026/07/08 16:09:35.053, 6, 0, 3, 97887
2026/07/08 16:09:35.068, 7, 0, 3, 97887
2026/07/08 16:09:36.082, 0, 0, 3, 97887
2026/07/08 16:09:36.091, 1, 0, 3, 97887
2026/07/08 16:09:36.101, 2, 0, 3, 97887
2026/07/08 16:09:36.112, 3, 0, 3, 97887
2026/07/08 16:09:36.124, 4, 0, 3, 97887
2026/07/08 16:09:36.136, 5, 0, 3, 97887
2026/07/08 16:09:36.148, 6, 0, 3, 97887
2026/07/08 16:09:36.159, 7, 0, 3, 97887
2026/07/08 16:09:37.169, 0, 0, 3, 97887
2026/07/08 16:09:37.181, 1, 0, 3, 97887
2026/07/08 16:09:37.189, 2, 0, 3, 97887
2026/07/08 16:09:37.198, 3, 0, 3, 97887
2026/07/08 16:09:37.208, 4, 0, 3, 97887
2026/07/08 16:09:37.219, 5, 0, 3, 97887
2026/07/08 16:09:37.232, 6, 0, 3, 97887
2026/07/08 16:09:37.248, 7, 0, 3, 97887
2026/07/08 16:09:38.260, 0, 0, 3, 97887
2026/07/08 16:09:38.272, 1, 0, 3, 97887
2026/07/08 16:09:38.284, 2, 0, 3, 97887
2026/07/08 16:09:38.297, 3, 0, 3, 97887
2026/07/08 16:09:38.311, 4, 0, 3, 97887
2026/07/08 16:09:38.326, 5, 0, 3, 97887
2026/07/08 16:09:38.341, 6, 0, 3, 97887
2026/07/08 16:09:38.354, 7, 0, 3, 97887
2026/07/08 16:09:39.366, 0, 0, 3, 97887
2026/07/08 16:09:39.380, 1, 0, 3, 97887
2026/07/08 16:09:39.392, 2, 0, 3, 97887
2026/07/08 16:09:39.406, 3, 0, 3, 97887
2026/07/08 16:09:39.420, 4, 0, 3, 97887
2026/07/08 16:09:39.434, 5, 0, 3, 97887
2026/07/08 16:09:39.446, 6, 0, 3, 97887
2026/07/08 16:09:39.461, 7, 0, 3, 97887
2026/07/08 16:09:40.473, 0, 0, 3, 97887
2026/07/08 16:09:40.484, 1, 0, 3, 97887
2026/07/08 16:09:40.493, 2, 0, 3, 97887
2026/07/08 16:09:40.504, 3, 0, 3, 97887
2026/07/08 16:09:40.515, 4, 0, 3, 97887
2026/07/08 16:09:40.527, 5, 0, 3, 97887
2026/07/08 16:09:40.541, 6, 0, 3, 97887
2026/07/08 16:09:40.554, 7, 0, 3, 97887
2026/07/08 16:09:41.566, 0, 0, 3, 97887
2026/07/08 16:09:41.579, 1, 0, 3, 97887
2026/07/08 16:09:41.589, 2, 0, 3, 97887
2026/07/08 16:09:41.599, 3, 0, 3, 97887
2026/07/08 16:09:41.610, 4, 0, 3, 97887
2026/07/08 16:09:41.620, 5, 0, 3, 97887
2026/07/08 16:09:41.632, 6, 0, 3, 97887
2026/07/08 16:09:41.647, 7, 0, 3, 97887
2026/07/08 16:09:42.658, 0, 0, 3, 97887
2026/07/08 16:09:42.670, 1, 0, 3, 97887
2026/07/08 16:09:42.681, 2, 0, 3, 97887
2026/07/08 16:09:42.693, 3, 0, 3, 97887
2026/07/08 16:09:42.706, 4, 0, 3, 97887
2026/07/08 16:09:42.717, 5, 0, 3, 97887
2026/07/08 16:09:42.732, 6, 0, 3, 97887
2026/07/08 16:09:42.750, 7, 0, 3, 97887
2026/07/08 16:09:43.761, 0, 0, 3, 97887
2026/07/08 16:09:43.777, 1, 0, 3, 97887
2026/07/08 16:09:43.791, 2, 0, 3, 97887
2026/07/08 16:09:43.809, 3, 0, 3, 97887
2026/07/08 16:09:43.821, 4, 0, 3, 97887
2026/07/08 16:09:43.836, 5, 0, 3, 97887
2026/07/08 16:09:43.849, 6, 0, 3, 97887
2026/07/08 16:09:43.866, 7, 0, 3, 97887
2026/07/08 16:09:44.881, 0, 0, 3, 97887
2026/07/08 16:09:44.897, 1, 0, 3, 97887
2026/07/08 16:09:44.917, 2, 0, 3, 97887
2026/07/08 16:09:44.933, 3, 0, 3, 97887
2026/07/08 16:09:44.949, 4, 0, 3, 97887
2026/07/08 16:09:44.964, 5, 0, 3, 97887
2026/07/08 16:09:44.979, 6, 0, 3, 97887
2026/07/08 16:09:44.995, 7, 0, 3, 97887
2026/07/08 16:09:46.010, 0, 0, 3, 97887
2026/07/08 16:09:46.023, 1, 0, 3, 97887
2026/07/08 16:09:46.039, 2, 0, 3, 97887
2026/07/08 16:09:46.051, 3, 0, 3, 97887
2026/07/08 16:09:46.064, 4, 0, 3, 97887
2026/07/08 16:09:46.077, 5, 0, 3, 97887
2026/07/08 16:09:46.092, 6, 0, 3, 97887
2026/07/08 16:09:46.106, 7, 0, 3, 97887
2026/07/08 16:09:47.119, 0, 0, 3, 97887
2026/07/08 16:09:47.134, 1, 0, 3, 97887
2026/07/08 16:09:47.149, 2, 0, 3, 97887
2026/07/08 16:09:47.165, 3, 0, 3, 97887
2026/07/08 16:09:47.180, 4, 0, 3, 97887
2026/07/08 16:09:47.197, 5, 0, 3, 97887
2026/07/08 16:09:47.209, 6, 0, 3, 97887
2026/07/08 16:09:47.220, 7, 0, 3, 97887
2026/07/08 16:09:48.233, 0, 0, 3, 97887
2026/07/08 16:09:48.245, 1, 0, 3, 97887
2026/07/08 16:09:48.255, 2, 0, 3, 97887
2026/07/08 16:09:48.262, 3, 0, 3, 97887
2026/07/08 16:09:48.275, 4, 0, 3, 97887
2026/07/08 16:09:48.293, 5, 0, 3, 97887
2026/07/08 16:09:48.306, 6, 0, 3, 97887
2026/07/08 16:09:48.323, 7, 0, 3, 97887
2026/07/08 16:09:49.339, 0, 0, 3, 97887
2026/07/08 16:09:49.354, 1, 0, 3, 97887
2026/07/08 16:09:49.367, 2, 0, 3, 97887
2026/07/08 16:09:49.381, 3, 0, 3, 97887
2026/07/08 16:09:49.394, 4, 0, 3, 97887
2026/07/08 16:09:49.408, 5, 0, 3, 97887
2026/07/08 16:09:49.421, 6, 0, 3, 97887
2026/07/08 16:09:49.434, 7, 0, 3, 97887
2026/07/08 16:09:50.448, 0, 0, 3, 97887
2026/07/08 16:09:50.466, 1, 0, 3, 97887
2026/07/08 16:09:50.484, 2, 0, 3, 97887
2026/07/08 16:09:50.498, 3, 0, 3, 97887
2026/07/08 16:09:50.511, 4, 0, 3, 97887
2026/07/08 16:09:50.523, 5, 0, 3, 97887
2026/07/08 16:09:50.534, 6, 0, 3, 97887
2026/07/08 16:09:50.546, 7, 0, 3, 97887
2026/07/08 16:09:51.558, 0, 0, 3, 97887
2026/07/08 16:09:51.573, 1, 0, 3, 97887
2026/07/08 16:09:51.588, 2, 0, 3, 97887
2026/07/08 16:09:51.600, 3, 0, 3, 97887
2026/07/08 16:09:51.610, 4, 0, 3, 97887
2026/07/08 16:09:51.621, 5, 0, 3, 97887
2026/07/08 16:09:51.633, 6, 0, 3, 97887
2026/07/08 16:09:51.645, 7, 0, 3, 97887
2026/07/08 16:09:52.658, 0, 0, 3, 97887
2026/07/08 16:09:52.675, 1, 0, 3, 97887
2026/07/08 16:09:52.691, 2, 0, 3, 97887
2026/07/08 16:09:52.710, 3, 0, 3, 97887
2026/07/08 16:09:52.727, 4, 0, 3, 97887
2026/07/08 16:09:52.741, 5, 0, 3, 97887
2026/07/08 16:09:52.754, 6, 0, 3, 97887
2026/07/08 16:09:52.767, 7, 0, 3, 97887
2026/07/08 16:09:53.782, 0, 0, 3, 97887
2026/07/08 16:09:53.804, 1, 0, 3, 97887
2026/07/08 16:09:53.822, 2, 0, 3, 97887
2026/07/08 16:09:53.841, 3, 0, 3, 97887
2026/07/08 16:09:53.857, 4, 0, 3, 97887
2026/07/08 16:09:53.872, 5, 0, 3, 97887
2026/07/08 16:09:53.887, 6, 0, 3, 97887
2026/07/08 16:09:53.903, 7, 0, 3, 97887
2026/07/08 16:09:54.915, 0, 0, 3, 97887
2026/07/08 16:09:54.931, 1, 0, 3, 97887
2026/07/08 16:09:54.948, 2, 0, 3, 97887
2026/07/08 16:09:54.964, 3, 0, 3, 97887
2026/07/08 16:09:54.979, 4, 0, 3, 97887
2026/07/08 16:09:54.995, 5, 0, 3, 97887
2026/07/08 16:09:55.012, 6, 0, 3, 97887
2026/07/08 16:09:55.026, 7, 0, 3, 97887
2026/07/08 16:09:56.039, 0, 0, 3, 97887
2026/07/08 16:09:56.055, 1, 0, 3, 97887
2026/07/08 16:09:56.070, 2, 0, 3, 97887
2026/07/08 16:09:56.084, 3, 0, 3, 97887
2026/07/08 16:09:56.097, 4, 0, 3, 97887
2026/07/08 16:09:56.110, 5, 0, 3, 97887
2026/07/08 16:09:56.129, 6, 0, 3, 97887
2026/07/08 16:09:56.146, 7, 0, 3, 97887
2026/07/08 16:09:57.163, 0, 0, 3, 97887
2026/07/08 16:09:57.180, 1, 0, 3, 97887
2026/07/08 16:09:57.195, 2, 0, 3, 97887
2026/07/08 16:09:57.212, 3, 0, 3, 97887
2026/07/08 16:09:57.228, 4, 0, 3, 97887
2026/07/08 16:09:57.246, 5, 0, 3, 97887
2026/07/08 16:09:57.262, 6, 0, 3, 97887
2026/07/08 16:09:57.283, 7, 0, 3, 97887
2026/07/08 16:09:58.300, 0, 0, 3, 97887
2026/07/08 16:09:58.314, 1, 0, 3, 97887
2026/07/08 16:09:58.331, 2, 0, 3, 97887
2026/07/08 16:09:58.346, 3, 0, 3, 97887
2026/07/08 16:09:58.363, 4, 0, 3, 97887
2026/07/08 16:09:58.378, 5, 0, 3, 97887
2026/07/08 16:09:58.394, 6, 0, 3, 97887
2026/07/08 16:09:58.411, 7, 0, 3, 97887
2026/07/08 16:09:59.430, 0, 0, 3, 97887
2026/07/08 16:09:59.448, 1, 0, 3, 97887
2026/07/08 16:09:59.467, 2, 0, 3, 97887
2026/07/08 16:09:59.484, 3, 0, 3, 97887
2026/07/08 16:09:59.502, 4, 0, 3, 97887
2026/07/08 16:09:59.519, 5, 0, 3, 97887
2026/07/08 16:09:59.537, 6, 0, 3, 97887
2026/07/08 16:09:59.553, 7, 0, 3, 97887
2026/07/08 16:10:00.571, 0, 0, 3, 97887
2026/07/08 16:10:00.589, 1, 0, 3, 97887
2026/07/08 16:10:00.605, 2, 0, 3, 97887
2026/07/08 16:10:00.621, 3, 0, 3, 97887
2026/07/08 16:10:00.637, 4, 0, 3, 97887
2026/07/08 16:10:00.652, 5, 0, 3, 97887
2026/07/08 16:10:00.669, 6, 0, 3, 97887
2026/07/08 16:10:00.688, 7, 0, 3, 97887
2026/07/08 16:10:01.705, 0, 0, 3, 97887
2026/07/08 16:10:01.725, 1, 0, 3, 97887
2026/07/08 16:10:01.743, 2, 0, 3, 97887
2026/07/08 16:10:01.759, 3, 0, 3, 97887
2026/07/08 16:10:01.778, 4, 0, 3, 97887
2026/07/08 16:10:01.797, 5, 0, 3, 97887
2026/07/08 16:10:01.816, 6, 0, 3, 97887
2026/07/08 16:10:01.835, 7, 0, 3, 97887
2026/07/08 16:10:02.851, 0, 0, 3, 97887
2026/07/08 16:10:02.868, 1, 0, 3, 97887
2026/07/08 16:10:02.884, 2, 0, 3, 97887
2026/07/08 16:10:02.900, 3, 0, 3, 97887
2026/07/08 16:10:02.915, 4, 0, 3, 97887
2026/07/08 16:10:02.931, 5, 0, 3, 97887
2026/07/08 16:10:02.946, 6, 0, 3, 97887
2026/07/08 16:10:02.962, 7, 0, 3, 97887
2026/07/08 16:10:03.974, 0, 0, 3, 97887
2026/07/08 16:10:03.991, 1, 0, 3, 97887
2026/07/08 16:10:04.007, 2, 0, 3, 97887
2026/07/08 16:10:04.024, 3, 0, 3, 97887
2026/07/08 16:10:04.037, 4, 0, 3, 97887
2026/07/08 16:10:04.049, 5, 0, 3, 97887
2026/07/08 16:10:04.065, 6, 0, 3, 97887
2026/07/08 16:10:04.084, 7, 0, 3, 97887
2026/07/08 16:10:05.097, 0, 0, 3, 97887
2026/07/08 16:10:05.113, 1, 0, 3, 97887
2026/07/08 16:10:05.132, 2, 0, 3, 97887
2026/07/08 16:10:05.151, 3, 0, 3, 97887
2026/07/08 16:10:05.170, 4, 0, 3, 97887
2026/07/08 16:10:05.187, 5, 0, 3, 97887
2026/07/08 16:10:05.204, 6, 0, 3, 97887
2026/07/08 16:10:05.223, 7, 0, 3, 97887
2026/07/08 16:10:06.238, 0, 0, 3, 97887
2026/07/08 16:10:06.257, 1, 0, 3, 97887
2026/07/08 16:10:06.272, 2, 0, 3, 97887
2026/07/08 16:10:06.290, 3, 0, 3, 97887
2026/07/08 16:10:06.308, 4, 0, 3, 97887
2026/07/08 16:10:06.324, 5, 0, 3, 97887
2026/07/08 16:10:06.340, 6, 0, 3, 97887
2026/07/08 16:10:06.356, 7, 0, 3, 97887
2026/07/08 16:10:07.374, 0, 0, 3, 97887
2026/07/08 16:10:07.392, 1, 0, 3, 97887
2026/07/08 16:10:07.409, 2, 0, 3, 97887
2026/07/08 16:10:07.428, 3, 0, 3, 97887
2026/07/08 16:10:07.445, 4, 0, 3, 97887
2026/07/08 16:10:07.464, 5, 0, 3, 97887
2026/07/08 16:10:07.482, 6, 0, 3, 97887
2026/07/08 16:10:07.499, 7, 0, 3, 97887
2026/07/08 16:10:08.516, 0, 0, 562, 97887
2026/07/08 16:10:08.533, 1, 0, 3, 97887
2026/07/08 16:10:08.550, 2, 0, 3, 97887
2026/07/08 16:10:08.565, 3, 0, 3, 97887
2026/07/08 16:10:08.581, 4, 0, 3, 97887
2026/07/08 16:10:08.597, 5, 0, 3, 97887
2026/07/08 16:10:08.612, 6, 0, 3, 97887
2026/07/08 16:10:08.627, 7, 0, 3, 97887
2026/07/08 16:10:09.647, 0, 0, 562, 97887
2026/07/08 16:10:09.668, 1, 0, 3, 97887
2026/07/08 16:10:09.687, 2, 0, 3, 97887
2026/07/08 16:10:09.705, 3, 0, 3, 97887
2026/07/08 16:10:09.723, 4, 0, 3, 97887
2026/07/08 16:10:09.742, 5, 0, 3, 97887
2026/07/08 16:10:09.760, 6, 0, 3, 97887
2026/07/08 16:10:09.778, 7, 0, 3, 97887
2026/07/08 16:10:10.796, 0, 0, 562, 97887
2026/07/08 16:10:10.814, 1, 0, 3, 97887
2026/07/08 16:10:10.830, 2, 0, 3, 97887
2026/07/08 16:10:10.848, 3, 0, 3, 97887
2026/07/08 16:10:10.865, 4, 0, 3, 97887
2026/07/08 16:10:10.884, 5, 0, 3, 97887
2026/07/08 16:10:10.900, 6, 0, 3, 97887
2026/07/08 16:10:10.915, 7, 0, 3, 97887
2026/07/08 16:10:11.929, 0, 0, 562, 97887
2026/07/08 16:10:11.947, 1, 0, 3, 97887
2026/07/08 16:10:11.968, 2, 0, 3, 97887
2026/07/08 16:10:11.994, 3, 0, 3, 97887
2026/07/08 16:10:12.016, 4, 0, 3, 97887
2026/07/08 16:10:12.041, 5, 0, 3, 97887
2026/07/08 16:10:12.061, 6, 0, 3, 97887
2026/07/08 16:10:12.083, 7, 0, 3, 97887
2026/07/08 16:10:13.111, 0, 0, 562, 97887
2026/07/08 16:10:13.127, 1, 0, 3, 97887
2026/07/08 16:10:13.145, 2, 0, 3, 97887
2026/07/08 16:10:13.160, 3, 0, 3, 97887
2026/07/08 16:10:13.175, 4, 0, 3, 97887
2026/07/08 16:10:13.190, 5, 0, 3, 97887
2026/07/08 16:10:13.203, 6, 0, 3, 97887
2026/07/08 16:10:13.218, 7, 0, 3, 97887
2026/07/08 16:10:14.238, 0, 0, 562, 97887
2026/07/08 16:10:14.255, 1, 0, 3, 97887
2026/07/08 16:10:14.270, 2, 0, 3, 97887
2026/07/08 16:10:14.288, 3, 0, 3, 97887
2026/07/08 16:10:14.309, 4, 0, 3, 97887
2026/07/08 16:10:14.329, 5, 0, 3, 97887
2026/07/08 16:10:14.345, 6, 0, 3, 97887
2026/07/08 16:10:14.363, 7, 0, 3, 97887
2026/07/08 16:10:15.381, 0, 0, 562, 97887
2026/07/08 16:10:15.396, 1, 0, 3, 97887
2026/07/08 16:10:15.411, 2, 0, 3, 97887
2026/07/08 16:10:15.429, 3, 0, 3, 97887
2026/07/08 16:10:15.454, 4, 0, 3, 97887
2026/07/08 16:10:15.465, 5, 0, 3, 97887
2026/07/08 16:10:15.479, 6, 0, 3, 97887
2026/07/08 16:10:15.497, 7, 0, 3, 97887
2026/07/08 16:10:16.517, 0, 0, 562, 97887
2026/07/08 16:10:16.534, 1, 0, 3, 97887
2026/07/08 16:10:16.545, 2, 0, 3, 97887
2026/07/08 16:10:16.557, 3, 0, 3, 97887
2026/07/08 16:10:16.573, 4, 0, 3, 97887
2026/07/08 16:10:16.589, 5, 0, 3, 97887
2026/07/08 16:10:16.605, 6, 0, 3, 97887
2026/07/08 16:10:16.623, 7, 0, 3, 97887
2026/07/08 16:10:17.641, 0, 0, 562, 97887
2026/07/08 16:10:17.655, 1, 0, 3, 97887
2026/07/08 16:10:17.671, 2, 0, 3, 97887
2026/07/08 16:10:17.686, 3, 0, 3, 97887
2026/07/08 16:10:17.700, 4, 0, 3, 97887
2026/07/08 16:10:17.716, 5, 0, 3, 97887
2026/07/08 16:10:17.735, 6, 0, 3, 97887
2026/07/08 16:10:17.749, 7, 0, 3, 97887
2026/07/08 16:10:18.767, 0, 0, 562, 97887
2026/07/08 16:10:18.784, 1, 0, 3, 97887
2026/07/08 16:10:18.802, 2, 0, 3, 97887
2026/07/08 16:10:18.820, 3, 0, 3, 97887
2026/07/08 16:10:18.833, 4, 0, 3, 97887
2026/07/08 16:10:18.845, 5, 0, 3, 97887
2026/07/08 16:10:18.862, 6, 0, 3, 97887
2026/07/08 16:10:18.879, 7, 0, 3, 97887
2026/07/08 16:10:19.897, 0, 0, 562, 97887
2026/07/08 16:10:19.910, 1, 0, 3, 97887
2026/07/08 16:10:19.925, 2, 0, 3, 97887
2026/07/08 16:10:19.942, 3, 0, 3, 97887
2026/07/08 16:10:19.958, 4, 0, 3, 97887
2026/07/08 16:10:19.973, 5, 0, 3, 97887
2026/07/08 16:10:19.990, 6, 0, 3, 97887
2026/07/08 16:10:20.005, 7, 0, 3, 97887
2026/07/08 16:10:21.023, 0, 0, 562, 97887
2026/07/08 16:10:21.043, 1, 0, 3, 97887
2026/07/08 16:10:21.061, 2, 0, 3, 97887
2026/07/08 16:10:21.080, 3, 0, 3, 97887
2026/07/08 16:10:21.096, 4, 0, 3, 97887
2026/07/08 16:10:21.115, 5, 0, 3, 97887
2026/07/08 16:10:21.135, 6, 0, 3, 97887
2026/07/08 16:10:21.154, 7, 0, 3, 97887
2026/07/08 16:10:22.173, 0, 0, 562, 97887
2026/07/08 16:10:22.189, 1, 0, 3, 97887
2026/07/08 16:10:22.204, 2, 0, 3, 97887
2026/07/08 16:10:22.221, 3, 0, 3, 97887
2026/07/08 16:10:22.238, 4, 0, 3, 97887
2026/07/08 16:10:22.255, 5, 0, 3, 97887
2026/07/08 16:10:22.272, 6, 0, 3, 97887
2026/07/08 16:10:22.288, 7, 0, 3, 97887
2026/07/08 16:10:23.304, 0, 0, 562, 97887
2026/07/08 16:10:23.322, 1, 0, 3, 97887
2026/07/08 16:10:23.336, 2, 0, 3, 97887
2026/07/08 16:10:23.348, 3, 0, 3, 97887
2026/07/08 16:10:23.365, 4, 0, 3, 97887
2026/07/08 16:10:23.380, 5, 0, 3, 97887
2026/07/08 16:10:23.395, 6, 0, 3, 97887
2026/07/08 16:10:23.412, 7, 0, 3, 97887
2026/07/08 16:10:24.431, 0, 0, 562, 97887
2026/07/08 16:10:24.448, 1, 2, 562, 97887
2026/07/08 16:10:24.463, 2, 0, 562, 97887
2026/07/08 16:10:24.479, 3, 1, 562, 97887
2026/07/08 16:10:24.498, 4, 0, 3, 97887
2026/07/08 16:10:24.512, 5, 0, 3, 97887
2026/07/08 16:10:24.529, 6, 0, 3, 97887
2026/07/08 16:10:24.547, 7, 0, 3, 97887
2026/07/08 16:10:25.566, 0, 0, 562, 97887
2026/07/08 16:10:25.582, 1, 0, 562, 97887
2026/07/08 16:10:25.596, 2, 0, 562, 97887
2026/07/08 16:10:25.612, 3, 0, 562, 97887
2026/07/08 16:10:25.627, 4, 0, 3, 97887
2026/07/08 16:10:25.641, 5, 0, 3, 97887
2026/07/08 16:10:25.658, 6, 0, 3, 97887
2026/07/08 16:10:25.680, 7, 0, 3, 97887
2026/07/08 16:10:26.696, 0, 0, 562, 97887
2026/07/08 16:10:26.713, 1, 0, 562, 97887
2026/07/08 16:10:26.730, 2, 0, 562, 97887
2026/07/08 16:10:26.744, 3, 0, 562, 97887
2026/07/08 16:10:26.757, 4, 0, 4, 97887
2026/07/08 16:10:26.772, 5, 0, 4, 97887
2026/07/08 16:10:26.785, 6, 0, 4, 97887
2026/07/08 16:10:26.804, 7, 0, 4, 97887
2026/07/08 16:10:27.820, 0, 0, 562, 97887
2026/07/08 16:10:27.838, 1, 0, 562, 97887
2026/07/08 16:10:27.857, 2, 0, 562, 97887
2026/07/08 16:10:27.875, 3, 0, 562, 97887
2026/07/08 16:10:27.892, 4, 0, 4, 97887
2026/07/08 16:10:27.908, 5, 0, 4, 97887
2026/07/08 16:10:27.924, 6, 0, 4, 97887
2026/07/08 16:10:27.939, 7, 0, 4, 97887
2026/07/08 16:10:28.952, 0, 0, 562, 97887
2026/07/08 16:10:28.968, 1, 0, 562, 97887
2026/07/08 16:10:28.983, 2, 0, 562, 97887
2026/07/08 16:10:28.997, 3, 0, 562, 97887
2026/07/08 16:10:29.010, 4, 0, 4, 97887
2026/07/08 16:10:29.022, 5, 0, 4, 97887
2026/07/08 16:10:29.036, 6, 0, 4, 97887
2026/07/08 16:10:29.047, 7, 0, 4, 97887
2026/07/08 16:10:30.063, 0, 2, 5582, 97887
2026/07/08 16:10:30.078, 1, 1, 6122, 97887
2026/07/08 16:10:30.095, 2, 3, 6662, 97887
2026/07/08 16:10:30.112, 3, 3, 7042, 97887
2026/07/08 16:10:30.127, 4, 0, 4, 97887
2026/07/08 16:10:30.140, 5, 0, 4, 97887
2026/07/08 16:10:30.158, 6, 0, 4, 97887
2026/07/08 16:10:30.175, 7, 0, 4, 97887
2026/07/08 16:10:31.194, 0, 0, 63586, 97887
2026/07/08 16:10:31.213, 1, 0, 63586, 97887
2026/07/08 16:10:31.228, 2, 0, 63586, 97887
2026/07/08 16:10:31.246, 3, 0, 63586, 97887
2026/07/08 16:10:31.261, 4, 0, 4, 97887
2026/07/08 16:10:31.281, 5, 0, 4, 97887
2026/07/08 16:10:31.300, 6, 0, 4, 97887
2026/07/08 16:10:31.318, 7, 0, 4, 97887
2026/07/08 16:10:32.338, 0, 0, 63714, 97887
2026/07/08 16:10:32.354, 1, 0, 63714, 97887
2026/07/08 16:10:32.371, 2, 1, 63714, 97887
2026/07/08 16:10:32.387, 3, 0, 63714, 97887
2026/07/08 16:10:32.404, 4, 0, 4, 97887
2026/07/08 16:10:32.419, 5, 0, 4, 97887
2026/07/08 16:10:32.435, 6, 0, 4, 97887
2026/07/08 16:10:32.452, 7, 0, 4, 97887
2026/07/08 16:10:33.469, 0, 2, 63714, 97887
2026/07/08 16:10:33.486, 1, 2, 63714, 97887
2026/07/08 16:10:33.501, 2, 2, 63714, 97887
2026/07/08 16:10:33.518, 3, 2, 63714, 97887
2026/07/08 16:10:33.535, 4, 0, 4, 97887
2026/07/08 16:10:33.553, 5, 0, 4, 97887
2026/07/08 16:10:33.570, 6, 0, 4, 97887
2026/07/08 16:10:33.586, 7, 0, 4, 97887
2026/07/08 16:10:34.601, 0, 5, 63714, 97887
2026/07/08 16:10:34.619, 1, 5, 63714, 97887
2026/07/08 16:10:34.637, 2, 0, 63714, 97887
2026/07/08 16:10:34.654, 3, 1, 63714, 97887
2026/07/08 16:10:34.671, 4, 0, 4, 97887
2026/07/08 16:10:34.689, 5, 0, 4, 97887
2026/07/08 16:10:34.706, 6, 0, 4, 97887
2026/07/08 16:10:34.722, 7, 0, 4, 97887
2026/07/08 16:10:35.739, 0, 0, 63714, 97887
2026/07/08 16:10:35.761, 1, 0, 63714, 97887
2026/07/08 16:10:35.777, 2, 6, 63714, 97887
2026/07/08 16:10:35.792, 3, 5, 63714, 97887
2026/07/08 16:10:35.806, 4, 0, 4, 97887
2026/07/08 16:10:35.825, 5, 0, 4, 97887
2026/07/08 16:10:35.847, 6, 0, 4, 97887
2026/07/08 16:10:35.870, 7, 0, 4, 97887
2026/07/08 16:10:36.890, 0, 3, 63714, 97887
2026/07/08 16:10:36.903, 1, 3, 63714, 97887
2026/07/08 16:10:36.914, 2, 4, 63714, 97887
2026/07/08 16:10:36.927, 3, 3, 63714, 97887
2026/07/08 16:10:36.942, 4, 0, 4, 97887
2026/07/08 16:10:36.955, 5, 0, 4, 97887
2026/07/08 16:10:36.969, 6, 0, 4, 97887
2026/07/08 16:10:36.984, 7, 0, 4, 97887
2026/07/08 16:10:37.998, 0, 2, 63714, 97887
2026/07/08 16:10:38.015, 1, 2, 63714, 97887
2026/07/08 16:10:38.033, 2, 2, 63714, 97887
2026/07/08 16:10:38.050, 3, 3, 63714, 97887
2026/07/08 16:10:38.069, 4, 0, 4, 97887
2026/07/08 16:10:38.084, 5, 0, 4, 97887
2026/07/08 16:10:38.098, 6, 0, 4, 97887
2026/07/08 16:10:38.113, 7, 0, 4, 97887
2026/07/08 16:10:39.125, 0, 3, 63714, 97887
2026/07/08 16:10:39.144, 1, 3, 63714, 97887
2026/07/08 16:10:39.156, 2, 3, 63714, 97887
2026/07/08 16:10:39.171, 3, 3, 63714, 97887
2026/07/08 16:10:39.183, 4, 0, 4, 97887
2026/07/08 16:10:39.197, 5, 0, 4, 97887
2026/07/08 16:10:39.212, 6, 0, 4, 97887
2026/07/08 16:10:39.230, 7, 0, 4, 97887
2026/07/08 16:10:40.244, 0, 3, 63714, 97887
2026/07/08 16:10:40.264, 1, 3, 63714, 97887
2026/07/08 16:10:40.285, 2, 2, 63714, 97887
2026/07/08 16:10:40.303, 3, 3, 63714, 97887
2026/07/08 16:10:40.321, 4, 0, 4, 97887
2026/07/08 16:10:40.336, 5, 0, 4, 97887
2026/07/08 16:10:40.351, 6, 0, 4, 97887
2026/07/08 16:10:40.367, 7, 0, 4, 97887
2026/07/08 16:10:41.383, 0, 3, 63714, 97887
2026/07/08 16:10:41.403, 1, 2, 63714, 97887
2026/07/08 16:10:41.419, 2, 3, 63714, 97887
2026/07/08 16:10:41.436, 3, 3, 63714, 97887
2026/07/08 16:10:41.453, 4, 0, 4, 97887
2026/07/08 16:10:41.470, 5, 0, 4, 97887
2026/07/08 16:10:41.484, 6, 0, 4, 97887
2026/07/08 16:10:41.498, 7, 0, 4, 97887
2026/07/08 16:10:42.515, 0, 3, 63714, 97887
2026/07/08 16:10:42.525, 1, 3, 63714, 97887
2026/07/08 16:10:42.534, 2, 3, 63714, 97887
2026/07/08 16:10:42.547, 3, 2, 63714, 97887
2026/07/08 16:10:42.556, 4, 0, 4, 97887
2026/07/08 16:10:42.570, 5, 0, 4, 97887
2026/07/08 16:10:42.583, 6, 0, 4, 97887
2026/07/08 16:10:42.597, 7, 0, 4, 97887
2026/07/08 16:10:43.613, 0, 3, 63714, 97887
2026/07/08 16:10:43.631, 1, 2, 63714, 97887
2026/07/08 16:10:43.647, 2, 2, 63714, 97887
2026/07/08 16:10:43.664, 3, 3, 63714, 97887
2026/07/08 16:10:43.679, 4, 0, 4, 97887
2026/07/08 16:10:43.694, 5, 0, 4, 97887
2026/07/08 16:10:43.706, 6, 0, 4, 97887
2026/07/08 16:10:43.719, 7, 0, 4, 97887
2026/07/08 16:10:44.729, 0, 3, 63714, 97887
2026/07/08 16:10:44.740, 1, 3, 63714, 97887
2026/07/08 16:10:44.750, 2, 2, 63714, 97887
2026/07/08 16:10:44.762, 3, 3, 63714, 97887
2026/07/08 16:10:44.773, 4, 0, 4, 97887
2026/07/08 16:10:44.788, 5, 0, 4, 97887
2026/07/08 16:10:44.799, 6, 0, 4, 97887
2026/07/08 16:10:44.811, 7, 0, 4, 97887
2026/07/08 16:10:45.825, 0, 3, 63714, 97887
2026/07/08 16:10:45.838, 1, 3, 63714, 97887
2026/07/08 16:10:45.851, 2, 3, 63714, 97887
2026/07/08 16:10:45.865, 3, 3, 63714, 97887
2026/07/08 16:10:45.878, 4, 0, 4, 97887
2026/07/08 16:10:45.892, 5, 0, 4, 97887
2026/07/08 16:10:45.905, 6, 0, 4, 97887
2026/07/08 16:10:45.917, 7, 0, 4, 97887
2026/07/08 16:10:46.929, 0, 2, 63714, 97887
2026/07/08 16:10:46.951, 1, 3, 63714, 97887
2026/07/08 16:10:46.972, 2, 3, 63714, 97887
2026/07/08 16:10:47.007, 3, 3, 63714, 97887
2026/07/08 16:10:47.022, 4, 0, 23, 97887
2026/07/08 16:10:47.055, 5, 0, 23, 97887
2026/07/08 16:10:47.079, 6, 0, 23, 97887
2026/07/08 16:10:47.100, 7, 0, 23, 97887
2026/07/08 16:10:48.124, 0, 3, 63714, 97887
2026/07/08 16:10:48.137, 1, 3, 63714, 97887
2026/07/08 16:10:48.149, 2, 3, 63714, 97887
2026/07/08 16:10:48.162, 3, 3, 63714, 97887
2026/07/08 16:10:48.175, 4, 2, 853, 97887
2026/07/08 16:10:48.191, 5, 1, 853, 97887
2026/07/08 16:10:48.203, 6, 0, 889, 97887
2026/07/08 16:10:48.220, 7, 0, 889, 97887
2026/07/08 16:10:49.236, 0, 3, 63714, 97887
2026/07/08 16:10:49.254, 1, 3, 63714, 97887
2026/07/08 16:10:49.270, 2, 3, 63714, 97887
2026/07/08 16:10:49.287, 3, 3, 63714, 97887
2026/07/08 16:10:49.299, 4, 0, 889, 97887
2026/07/08 16:10:49.316, 5, 0, 889, 97887
2026/07/08 16:10:49.333, 6, 0, 889, 97887
2026/07/08 16:10:49.351, 7, 0, 889, 97887
2026/07/08 16:10:50.368, 0, 3, 63714, 97887
2026/07/08 16:10:50.380, 1, 2, 63714, 97887
2026/07/08 16:10:50.396, 2, 3, 63714, 97887
2026/07/08 16:10:50.413, 3, 3, 63714, 97887
2026/07/08 16:10:50.428, 4, 0, 889, 97887
2026/07/08 16:10:50.441, 5, 0, 889, 97887
2026/07/08 16:10:50.455, 6, 0, 889, 97887
2026/07/08 16:10:50.466, 7, 0, 889, 97887
2026/07/08 16:10:51.482, 0, 3, 63714, 97887
2026/07/08 16:10:51.500, 1, 3, 63714, 97887
2026/07/08 16:10:51.513, 2, 3, 63714, 97887
2026/07/08 16:10:51.529, 3, 3, 63714, 97887
2026/07/08 16:10:51.545, 4, 0, 889, 97887
2026/07/08 16:10:51.564, 5, 0, 889, 97887
2026/07/08 16:10:51.580, 6, 0, 889, 97887
2026/07/08 16:10:51.596, 7, 0, 889, 97887
2026/07/08 16:10:52.613, 0, 2, 63714, 97887
2026/07/08 16:10:52.624, 1, 2, 63714, 97887
2026/07/08 16:10:52.636, 2, 3, 63714, 97887
2026/07/08 16:10:52.650, 3, 3, 63714, 97887
2026/07/08 16:10:52.664, 4, 0, 889, 97887
2026/07/08 16:10:52.676, 5, 0, 889, 97887
2026/07/08 16:10:52.690, 6, 0, 889, 97887
2026/07/08 16:10:52.703, 7, 0, 889, 97887
2026/07/08 16:10:53.719, 0, 2, 63714, 97887
2026/07/08 16:10:53.731, 1, 3, 63714, 97887
2026/07/08 16:10:53.746, 2, 3, 63714, 97887
2026/07/08 16:10:53.758, 3, 3, 63714, 97887
2026/07/08 16:10:53.775, 4, 0, 1187, 97887
2026/07/08 16:10:53.797, 5, 0, 8375, 97887
2026/07/08 16:10:53.810, 6, 0, 1217, 97887
2026/07/08 16:10:53.822, 7, 0, 8375, 97887
2026/07/08 16:10:54.837, 0, 3, 63714, 97887
2026/07/08 16:10:54.857, 1, 3, 63714, 97887
2026/07/08 16:10:54.869, 2, 3, 63714, 97887
2026/07/08 16:10:54.881, 3, 2, 63714, 97887
2026/07/08 16:10:54.891, 4, 0, 30147, 97887
2026/07/08 16:10:54.910, 5, 0, 30147, 97887
2026/07/08 16:10:54.921, 6, 0, 30147, 97887
2026/07/08 16:10:54.935, 7, 0, 30147, 97887
2026/07/08 16:10:55.944, 0, 3, 63714, 97887
2026/07/08 16:10:55.962, 1, 3, 63714, 97887
2026/07/08 16:10:55.973, 2, 2, 63714, 97887
2026/07/08 16:10:55.984, 3, 3, 63714, 97887
2026/07/08 16:10:55.993, 4, 0, 30147, 97887
2026/07/08 16:10:56.006, 5, 0, 30147, 97887
2026/07/08 16:10:56.017, 6, 0, 30147, 97887
2026/07/08 16:10:56.032, 7, 0, 30147, 97887
2026/07/08 16:10:57.051, 0, 2, 63714, 97887
2026/07/08 16:10:57.066, 1, 3, 63714, 97887
2026/07/08 16:10:57.094, 2, 3, 63714, 97887
2026/07/08 16:10:57.128, 3, 3, 63714, 97887
2026/07/08 16:10:57.143, 4, 0, 30147, 97887
2026/07/08 16:10:57.163, 5, 0, 30147, 97887
2026/07/08 16:10:57.175, 6, 0, 30147, 97887
2026/07/08 16:10:57.186, 7, 0, 30147, 97887
2026/07/08 16:10:58.196, 0, 3, 63714, 97887
2026/07/08 16:10:58.210, 1, 3, 63714, 97887
2026/07/08 16:10:58.224, 2, 2, 63714, 97887
2026/07/08 16:10:58.237, 3, 3, 63714, 97887
2026/07/08 16:10:58.255, 4, 0, 30147, 97887
2026/07/08 16:10:58.270, 5, 0, 30147, 97887
2026/07/08 16:10:58.284, 6, 0, 30147, 97887
2026/07/08 16:10:58.298, 7, 0, 30147, 97887
2026/07/08 16:10:59.313, 0, 3, 63714, 97887
2026/07/08 16:10:59.325, 1, 3, 63714, 97887
2026/07/08 16:10:59.339, 2, 2, 63714, 97887
2026/07/08 16:10:59.356, 3, 3, 63714, 97887
2026/07/08 16:10:59.367, 4, 0, 30147, 97887
2026/07/08 16:10:59.383, 5, 0, 30147, 97887
2026/07/08 16:10:59.395, 6, 0, 30147, 97887
2026/07/08 16:10:59.411, 7, 0, 30147, 97887
2026/07/08 16:11:00.431, 0, 3, 63714, 97887
2026/07/08 16:11:00.450, 1, 3, 63714, 97887
2026/07/08 16:11:00.467, 2, 3, 63714, 97887
2026/07/08 16:11:00.484, 3, 3, 63714, 97887
2026/07/08 16:11:00.495, 4, 0, 30147, 97887
2026/07/08 16:11:00.508, 5, 0, 30147, 97887
2026/07/08 16:11:00.524, 6, 0, 30147, 97887
2026/07/08 16:11:00.541, 7, 0, 30147, 97887
2026/07/08 16:11:01.554, 0, 2, 63714, 97887
2026/07/08 16:11:01.563, 1, 3, 63714, 97887
2026/07/08 16:11:01.572, 2, 3, 63714, 97887
2026/07/08 16:11:01.583, 3, 3, 63714, 97887
2026/07/08 16:11:01.598, 4, 4, 30147, 97887
2026/07/08 16:11:01.605, 5, 2, 30147, 97887
2026/07/08 16:11:01.618, 6, 0, 30147, 97887
2026/07/08 16:11:01.631, 7, 0, 30147, 97887
2026/07/08 16:11:02.647, 0, 3, 63714, 97887
2026/07/08 16:11:02.666, 1, 3, 63714, 97887
2026/07/08 16:11:02.679, 2, 3, 63714, 97887
2026/07/08 16:11:02.692, 3, 3, 63714, 97887
2026/07/08 16:11:02.702, 4, 0, 30147, 97887
2026/07/08 16:11:02.717, 5, 0, 30147, 97887
2026/07/08 16:11:02.728, 6, 0, 30147, 97887
2026/07/08 16:11:02.740, 7, 0, 30147, 97887
2026/07/08 16:11:03.749, 0, 3, 63714, 97887
2026/07/08 16:11:03.773, 1, 2, 63714, 97887
2026/07/08 16:11:03.790, 2, 2, 63714, 97887
2026/07/08 16:11:03.815, 3, 2, 63714, 97887
2026/07/08 16:11:03.854, 4, 0, 30147, 97887
2026/07/08 16:11:03.869, 5, 0, 30147, 97887
2026/07/08 16:11:03.902, 6, 0, 30147, 97887
2026/07/08 16:11:03.915, 7, 0, 30147, 97887
2026/07/08 16:11:04.931, 0, 3, 63714, 97887
2026/07/08 16:11:04.958, 1, 3, 63714, 97887
2026/07/08 16:11:04.986, 2, 2, 63714, 97887
2026/07/08 16:11:05.008, 3, 3, 63714, 97887
2026/07/08 16:11:05.036, 4, 0, 30147, 97887
2026/07/08 16:11:05.050, 5, 0, 30147, 97887
2026/07/08 16:11:05.075, 6, 0, 30147, 97887
2026/07/08 16:11:05.116, 7, 0, 30147, 97887
2026/07/08 16:11:06.139, 0, 2, 63714, 97887
2026/07/08 16:11:06.152, 1, 2, 63714, 97887
2026/07/08 16:11:06.166, 2, 3, 63714, 97887
2026/07/08 16:11:06.187, 3, 3, 63714, 97887
2026/07/08 16:11:06.223, 4, 0, 30147, 97887
2026/07/08 16:11:06.251, 5, 0, 30147, 97887
2026/07/08 16:11:06.282, 6, 0, 30147, 97887
2026/07/08 16:11:06.313, 7, 0, 30147, 97887
2026/07/08 16:11:07.351, 0, 3, 63714, 97887
2026/07/08 16:11:07.365, 1, 2, 63714, 97887
2026/07/08 16:11:07.375, 2, 3, 63714, 97887
2026/07/08 16:11:07.386, 3, 3, 63714, 97887
2026/07/08 16:11:07.400, 4, 4, 30147, 97887
2026/07/08 16:11:07.411, 5, 7, 30147, 97887
2026/07/08 16:11:07.424, 6, 7, 30147, 97887
2026/07/08 16:11:07.436, 7, 7, 30147, 97887
2026/07/08 16:11:08.449, 0, 3, 63714, 97887
2026/07/08 16:11:08.479, 1, 3, 63714, 97887
2026/07/08 16:11:08.506, 2, 3, 63714, 97887
2026/07/08 16:11:08.538, 3, 3, 63714, 97887
2026/07/08 16:11:08.574, 4, 0, 30147, 97887
2026/07/08 16:11:08.612, 5, 0, 30147, 97887
2026/07/08 16:11:08.639, 6, 0, 30147, 97887
2026/07/08 16:11:08.673, 7, 0, 30147, 97887
2026/07/08 16:11:09.718, 0, 3, 63714, 97887
2026/07/08 16:11:09.741, 1, 3, 63714, 97887
2026/07/08 16:11:09.776, 2, 3, 63714, 97887
2026/07/08 16:11:09.808, 3, 3, 63714, 97887
2026/07/08 16:11:09.841, 4, 0, 30147, 97887
2026/07/08 16:11:09.879, 5, 0, 30147, 97887
2026/07/08 16:11:09.916, 6, 0, 30147, 97887
2026/07/08 16:11:09.938, 7, 0, 30147, 97887
2026/07/08 16:11:10.975, 0, 0, 63714, 97887
2026/07/08 16:11:11.016, 1, 3, 63714, 97887
2026/07/08 16:11:11.053, 2, 100, 46774, 97887
2026/07/08 16:11:11.100, 3, 100, 46774, 97887
2026/07/08 16:11:11.137, 4, 0, 30147, 97887
2026/07/08 16:11:11.178, 5, 0, 30147, 97887
2026/07/08 16:11:11.211, 6, 0, 30147, 97887
2026/07/08 16:11:11.245, 7, 0, 30147, 97887
2026/07/08 16:11:12.286, 0, 100, 46774, 97887
2026/07/08 16:11:12.300, 1, 0, 63714, 97887
2026/07/08 16:11:12.316, 2, 100, 46774, 97887
2026/07/08 16:11:12.330, 3, 100, 46774, 97887
2026/07/08 16:11:12.343, 4, 0, 30147, 97887
2026/07/08 16:11:12.355, 5, 7, 30147, 97887
2026/07/08 16:11:12.367, 6, 6, 30147, 97887
2026/07/08 16:11:12.382, 7, 0, 30147, 97887
2026/07/08 16:11:13.395, 0, 0, 46796, 97887
2026/07/08 16:11:13.447, 1, 0, 46802, 97887
2026/07/08 16:11:13.492, 2, 0, 46804, 97887
2026/07/08 16:11:13.526, 3, 0, 46802, 97887
2026/07/08 16:11:13.571, 4, 0, 30147, 97887
2026/07/08 16:11:13.605, 5, 0, 30147, 97887
2026/07/08 16:11:13.625, 6, 0, 30147, 97887
2026/07/08 16:11:13.652, 7, 0, 30147, 97887
2026/07/08 16:11:14.690, 0, 0, 46840, 97887
2026/07/08 16:11:14.712, 1, 11, 46836, 97887
2026/07/08 16:11:14.735, 2, 11, 46838, 97887
2026/07/08 16:11:14.778, 3, 0, 46836, 97887
2026/07/08 16:11:14.825, 4, 0, 30147, 97887
2026/07/08 16:11:14.852, 5, 0, 30147, 97887
2026/07/08 16:11:14.862, 6, 0, 30147, 97887
2026/07/08 16:11:14.886, 7, 0, 30147, 97887
2026/07/08 16:11:15.921, 0, 0, 46840, 97887
2026/07/08 16:11:15.967, 1, 0, 46836, 97887
2026/07/08 16:11:15.990, 2, 0, 46838, 97887
2026/07/08 16:11:16.019, 3, 0, 46836, 97887
2026/07/08 16:11:16.051, 4, 0, 30147, 97887
2026/07/08 16:11:16.091, 5, 0, 30147, 97887
2026/07/08 16:11:16.122, 6, 0, 30147, 97887
2026/07/08 16:11:16.171, 7, 0, 30147, 97887
2026/07/08 16:11:17.217, 0, 0, 46840, 97887
2026/07/08 16:11:17.252, 1, 0, 46836, 97887
2026/07/08 16:11:17.294, 2, 1, 46838, 97887
2026/07/08 16:11:17.349, 3, 1, 46836, 97887
2026/07/08 16:11:17.374, 4, 0, 30147, 97887
2026/07/08 16:11:17.422, 5, 0, 30147, 97887
2026/07/08 16:11:17.430, 6, 0, 30147, 97887
2026/07/08 16:11:17.438, 7, 0, 30147, 97887
2026/07/08 16:11:18.446, 0, 2, 46840, 97887
2026/07/08 16:11:18.481, 1, 2, 46836, 97887
2026/07/08 16:11:18.526, 2, 2, 46838, 97887
2026/07/08 16:11:18.558, 3, 2, 46836, 97887
2026/07/08 16:11:18.617, 4, 0, 30147, 97887
2026/07/08 16:11:18.675, 5, 0, 30147, 97887
2026/07/08 16:11:18.686, 6, 0, 30147, 97887
2026/07/08 16:11:18.716, 7, 0, 30147, 97887
2026/07/08 16:11:19.745, 0, 2, 46840, 97887
2026/07/08 16:11:19.784, 1, 2, 46836, 97887
2026/07/08 16:11:19.824, 2, 1, 46838, 97887
2026/07/08 16:11:19.863, 3, 2, 46836, 97887
2026/07/08 16:11:19.895, 4, 0, 30147, 97887
2026/07/08 16:11:19.934, 5, 0, 30147, 97887
2026/07/08 16:11:19.944, 6, 0, 30147, 97887
2026/07/08 16:11:19.985, 7, 0, 30147, 97887
2026/07/08 16:11:21.027, 0, 1, 46840, 97887
2026/07/08 16:11:21.093, 1, 1, 46836, 97887
2026/07/08 16:11:21.121, 2, 1, 46838, 97887
2026/07/08 16:11:21.152, 3, 1, 46836, 97887
2026/07/08 16:11:21.200, 4, 0, 30147, 97887
2026/07/08 16:11:21.256, 5, 0, 30147, 97887
2026/07/08 16:11:21.308, 6, 0, 30147, 97887
2026/07/08 16:11:21.349, 7, 0, 30147, 97887
2026/07/08 16:11:22.358, 0, 1, 46840, 97887
2026/07/08 16:11:22.405, 1, 1, 46836, 97887
2026/07/08 16:11:22.456, 2, 1, 46838, 97887
2026/07/08 16:11:22.483, 3, 1, 46836, 97887
2026/07/08 16:11:22.531, 4, 0, 30147, 97887
2026/07/08 16:11:22.550, 5, 0, 30147, 97887
2026/07/08 16:11:22.585, 6, 0, 30147, 97887
2026/07/08 16:11:22.649, 7, 0, 30147, 97887
2026/07/08 16:11:23.698, 0, 2, 46840, 97887
2026/07/08 16:11:23.740, 1, 2, 46836, 97887
2026/07/08 16:11:23.801, 2, 1, 46838, 97887
2026/07/08 16:11:23.831, 3, 1, 46836, 97887
2026/07/08 16:11:23.887, 4, 0, 30147, 97887
2026/07/08 16:11:23.948, 5, 0, 30147, 97887
2026/07/08 16:11:24.003, 6, 0, 30147, 97887
2026/07/08 16:11:24.023, 7, 0, 30147, 97887
2026/07/08 16:11:25.053, 0, 2, 46840, 97887
2026/07/08 16:11:25.106, 1, 1, 46836, 97887
2026/07/08 16:11:25.151, 2, 2, 46838, 97887
2026/07/08 16:11:25.191, 3, 1, 46836, 97887
2026/07/08 16:11:25.244, 4, 0, 30147, 97887
2026/07/08 16:11:25.300, 5, 0, 30147, 97887
2026/07/08 16:11:25.334, 6, 0, 30147, 97887
2026/07/08 16:11:25.385, 7, 0, 30147, 97887
2026/07/08 16:11:26.464, 0, 2, 46840, 97887
2026/07/08 16:11:26.506, 1, 1, 46836, 97887
2026/07/08 16:11:26.552, 2, 1, 46838, 97887
2026/07/08 16:11:26.610, 3, 1, 46836, 97887
2026/07/08 16:11:26.655, 4, 0, 30147, 97887
2026/07/08 16:11:26.695, 5, 0, 30147, 97887
2026/07/08 16:11:26.737, 6, 0, 30147, 97887
2026/07/08 16:11:26.794, 7, 0, 30147, 97887
2026/07/08 16:11:27.837, 0, 2, 46840, 97887
2026/07/08 16:11:27.905, 1, 1, 46836, 97887
2026/07/08 16:11:27.952, 2, 1, 46838, 97887
2026/07/08 16:11:27.993, 3, 1, 46836, 97887
2026/07/08 16:11:28.017, 4, 0, 30147, 97887
2026/07/08 16:11:28.085, 5, 0, 30147, 97887
2026/07/08 16:11:28.145, 6, 0, 30147, 97887
2026/07/08 16:11:28.211, 7, 0, 30147, 97887
2026/07/08 16:11:29.264, 0, 1, 46840, 97887
2026/07/08 16:11:29.311, 1, 1, 46836, 97887
2026/07/08 16:11:29.373, 2, 1, 46838, 97887
2026/07/08 16:11:29.426, 3, 2, 46836, 97887
2026/07/08 16:11:29.458, 4, 0, 30147, 97887
2026/07/08 16:11:29.498, 5, 0, 30147, 97887
2026/07/08 16:11:29.551, 6, 0, 30147, 97887
2026/07/08 16:11:29.615, 7, 0, 30147, 97887
2026/07/08 16:11:30.649, 0, 1, 46840, 97887
2026/07/08 16:11:30.694, 1, 1, 46836, 97887
2026/07/08 16:11:30.742, 2, 1, 46838, 97887
2026/07/08 16:11:30.787, 3, 2, 46836, 97887
2026/07/08 16:11:30.838, 4, 0, 30147, 97887
2026/07/08 16:11:30.888, 5, 0, 30147, 97887
2026/07/08 16:11:30.937, 6, 0, 30147, 97887
2026/07/08 16:11:30.976, 7, 0, 30147, 97887
2026/07/08 16:11:32.004, 0, 1, 46840, 97887
2026/07/08 16:11:32.028, 1, 1, 46836, 97887
2026/07/08 16:11:32.090, 2, 2, 46838, 97887
2026/07/08 16:11:32.135, 3, 1, 46836, 97887
2026/07/08 16:11:32.179, 4, 0, 30147, 97887
2026/07/08 16:11:32.203, 5, 0, 30147, 97887
2026/07/08 16:11:32.243, 6, 0, 30147, 97887
2026/07/08 16:11:32.287, 7, 0, 30147, 97887
2026/07/08 16:11:33.330, 0, 2, 46840, 97887
2026/07/08 16:11:33.354, 1, 1, 46836, 97887
2026/07/08 16:11:33.401, 2, 1, 46838, 97887
2026/07/08 16:11:33.442, 3, 1, 46836, 97887
2026/07/08 16:11:33.474, 4, 0, 30147, 97887
2026/07/08 16:11:33.512, 5, 0, 30147, 97887
2026/07/08 16:11:33.545, 6, 0, 30147, 97887
2026/07/08 16:11:33.568, 7, 0, 30147, 97887
2026/07/08 16:11:34.593, 0, 2, 46840, 97887
2026/07/08 16:11:34.634, 1, 2, 46836, 97887
2026/07/08 16:11:34.666, 2, 1, 46838, 97887
2026/07/08 16:11:34.713, 3, 1, 46836, 97887
2026/07/08 16:11:34.737, 4, 0, 30147, 97887
2026/07/08 16:11:34.773, 5, 0, 30147, 97887
2026/07/08 16:11:34.814, 6, 0, 30147, 97887
2026/07/08 16:11:34.881, 7, 0, 30147, 97887
2026/07/08 16:11:35.933, 0, 3, 46840, 97887
2026/07/08 16:11:35.944, 1, 2, 46836, 97887
2026/07/08 16:11:35.953, 2, 2, 46838, 97887
2026/07/08 16:11:35.961, 3, 3, 46836, 97887
2026/07/08 16:11:35.974, 4, 7, 30147, 97887
2026/07/08 16:11:35.982, 5, 7, 30147, 97887
2026/07/08 16:11:35.991, 6, 7, 30147, 97887
2026/07/08 16:11:36.002, 7, 7, 30147, 97887
2026/07/08 16:11:37.010, 0, 70, 46840, 97887
2026/07/08 16:11:37.026, 1, 1, 46836, 97887
2026/07/08 16:11:37.039, 2, 1, 46838, 97887
2026/07/08 16:11:37.055, 3, 99, 46836, 97887
2026/07/08 16:11:37.070, 4, 7, 30147, 97887
2026/07/08 16:11:37.086, 5, 6, 30147, 97887
2026/07/08 16:11:37.102, 6, 6, 30147, 97887
2026/07/08 16:11:37.119, 7, 4, 30147, 97887
2026/07/08 16:11:38.135, 0, 18, 57060, 97887
2026/07/08 16:11:38.148, 1, 7, 57056, 97887
2026/07/08 16:11:38.163, 2, 4, 57058, 97887
2026/07/08 16:11:38.177, 3, 11, 57056, 97887
2026/07/08 16:11:38.191, 4, 7, 30147, 97887
2026/07/08 16:11:38.206, 5, 7, 30147, 97887
2026/07/08 16:11:38.221, 6, 7, 30147, 97887
2026/07/08 16:11:38.234, 7, 8, 30147, 97887
2026/07/08 16:11:39.245, 0, 11, 57060, 97887
2026/07/08 16:11:39.260, 1, 10, 57056, 97887
2026/07/08 16:11:39.275, 2, 10, 57058, 97887
2026/07/08 16:11:39.289, 3, 11, 57056, 97887
2026/07/08 16:11:39.304, 4, 7, 30147, 97887
2026/07/08 16:11:39.318, 5, 7, 30147, 97887
2026/07/08 16:11:39.331, 6, 7, 30147, 97887
2026/07/08 16:11:39.345, 7, 7, 30147, 97887
2026/07/08 16:11:40.359, 0, 11, 57060, 97887
2026/07/08 16:11:40.373, 1, 11, 57056, 97887
2026/07/08 16:11:40.388, 2, 10, 57058, 97887
2026/07/08 16:11:40.402, 3, 11, 57056, 97887
2026/07/08 16:11:40.415, 4, 7, 30147, 97887
2026/07/08 16:11:40.427, 5, 7, 30147, 97887
2026/07/08 16:11:40.440, 6, 6, 30147, 97887
2026/07/08 16:11:40.451, 7, 4, 30147, 97887
2026/07/08 16:11:41.462, 0, 11, 57060, 97887
2026/07/08 16:11:41.477, 1, 10, 57056, 97887
2026/07/08 16:11:41.490, 2, 10, 57058, 97887
2026/07/08 16:11:41.503, 3, 11, 57056, 97887
2026/07/08 16:11:41.517, 4, 0, 73991, 97887
2026/07/08 16:11:41.530, 5, 12, 73991, 97887
2026/07/08 16:11:41.543, 6, 13, 73991, 97887
2026/07/08 16:11:41.557, 7, 28, 73991, 97887
2026/07/08 16:11:42.572, 0, 11, 57060, 97887
2026/07/08 16:11:42.583, 1, 10, 57056, 97887
2026/07/08 16:11:42.594, 2, 10, 57058, 97887
2026/07/08 16:11:42.607, 3, 5, 57056, 97887
2026/07/08 16:11:42.620, 4, 2, 74007, 97887
2026/07/08 16:11:42.632, 5, 2, 74007, 97887
2026/07/08 16:11:42.643, 6, 1, 74007, 97887
2026/07/08 16:11:42.650, 7, 0, 74007, 97887
2026/07/08 16:11:43.660, 0, 5, 57060, 97887
2026/07/08 16:11:43.674, 1, 5, 57056, 97887
2026/07/08 16:11:43.688, 2, 6, 57058, 97887
2026/07/08 16:11:43.702, 3, 5, 57056, 97887
2026/07/08 16:11:43.717, 4, 0, 74035, 97887
2026/07/08 16:11:43.727, 5, 0, 74035, 97887
2026/07/08 16:11:43.742, 6, 0, 74035, 97887
2026/07/08 16:11:43.755, 7, 0, 74035, 97887
2026/07/08 16:11:44.769, 0, 6, 57060, 97887
2026/07/08 16:11:44.784, 1, 5, 57056, 97887
2026/07/08 16:11:44.798, 2, 4, 57058, 97887
2026/07/08 16:11:44.811, 3, 6, 57056, 97887
2026/07/08 16:11:44.822, 4, 0, 74035, 97887
2026/07/08 16:11:44.833, 5, 0, 74035, 97887
2026/07/08 16:11:44.848, 6, 0, 74035, 97887
2026/07/08 16:11:44.862, 7, 0, 74035, 97887
2026/07/08 16:11:45.874, 0, 100, 57060, 97887
2026/07/08 16:11:45.888, 1, 51, 57056, 97887
2026/07/08 16:11:45.902, 2, 100, 57056, 97887
2026/07/08 16:11:45.916, 3, 5, 57056, 97887
2026/07/08 16:11:45.932, 4, 0, 74035, 97887
2026/07/08 16:11:45.947, 5, 0, 74035, 97887
2026/07/08 16:11:45.963, 6, 0, 74035, 97887
2026/07/08 16:11:45.980, 7, 0, 74035, 97887
2026/07/08 16:11:46.996, 0, 3, 46818, 97887
2026/07/08 16:11:47.011, 1, 3, 46816, 97887
2026/07/08 16:11:47.026, 2, 4, 46818, 97887
2026/07/08 16:11:47.040, 3, 3, 46818, 97887
2026/07/08 16:11:47.056, 4, 0, 74035, 97887
2026/07/08 16:11:47.071, 5, 0, 74035, 97887
2026/07/08 16:11:47.083, 6, 0, 74035, 97887
2026/07/08 16:11:47.098, 7, 0, 74035, 97887
2026/07/08 16:11:48.113, 0, 4, 46824, 97887
2026/07/08 16:11:48.129, 1, 4, 46822, 97887
2026/07/08 16:11:48.143, 2, 4, 46824, 97887
2026/07/08 16:11:48.157, 3, 4, 46824, 97887
2026/07/08 16:11:48.172, 4, 0, 74035, 97887
2026/07/08 16:11:48.182, 5, 0, 74035, 97887
2026/07/08 16:11:48.196, 6, 0, 74035, 97887
2026/07/08 16:11:48.212, 7, 0, 74035, 97887
2026/07/08 16:11:49.227, 0, 4, 46830, 97887
2026/07/08 16:11:49.241, 1, 4, 46828, 97887
2026/07/08 16:11:49.257, 2, 4, 46830, 97887
2026/07/08 16:11:49.273, 3, 4, 46830, 97887
2026/07/08 16:11:49.290, 4, 0, 74035, 97887
2026/07/08 16:11:49.305, 5, 0, 74035, 97887
2026/07/08 16:11:49.320, 6, 0, 74035, 97887
2026/07/08 16:11:49.337, 7, 0, 74035, 97887
2026/07/08 16:11:50.351, 0, 4, 46834, 97887
2026/07/08 16:11:50.367, 1, 4, 46834, 97887
2026/07/08 16:11:50.382, 2, 4, 46834, 97887
2026/07/08 16:11:50.397, 3, 4, 46836, 97887
2026/07/08 16:11:50.412, 4, 0, 74035, 97887
2026/07/08 16:11:50.431, 5, 0, 74035, 97887
2026/07/08 16:11:50.446, 6, 0, 74035, 97887
2026/07/08 16:11:50.461, 7, 0, 74035, 97887
2026/07/08 16:11:51.476, 0, 4, 46840, 97887
2026/07/08 16:11:51.501, 1, 4, 46838, 97887
2026/07/08 16:11:51.517, 2, 4, 46840, 97887
2026/07/08 16:11:51.533, 3, 4, 46842, 97887
2026/07/08 16:11:51.550, 4, 0, 74045, 97887
2026/07/08 16:11:51.580, 5, 0, 74045, 97887
2026/07/08 16:11:51.597, 6, 0, 74045, 97887
2026/07/08 16:11:51.621, 7, 0, 74045, 97887
2026/07/08 16:11:52.638, 0, 2, 46844, 97887
2026/07/08 16:11:52.656, 1, 2, 46842, 97887
2026/07/08 16:11:52.678, 2, 2, 46844, 97887
2026/07/08 16:11:52.692, 3, 2, 46844, 97887
2026/07/08 16:11:52.711, 4, 0, 74046, 97887
2026/07/08 16:11:52.722, 5, 0, 74046, 97887
2026/07/08 16:11:52.736, 6, 0, 74046, 97887
2026/07/08 16:11:52.753, 7, 0, 74046, 97887
2026/07/08 16:11:53.766, 0, 4, 46848, 97887
2026/07/08 16:11:53.787, 1, 4, 46848, 97887
2026/07/08 16:11:53.805, 2, 4, 46848, 97887
2026/07/08 16:11:53.824, 3, 4, 46850, 97887
2026/07/08 16:11:53.841, 4, 0, 74046, 97887
2026/07/08 16:11:53.860, 5, 0, 74046, 97887
2026/07/08 16:11:53.877, 6, 0, 74046, 97887
2026/07/08 16:11:53.894, 7, 0, 74046, 97887
2026/07/08 16:11:54.911, 0, 1, 46854, 97887
2026/07/08 16:11:54.928, 1, 4, 46854, 97887
2026/07/08 16:11:54.946, 2, 4, 46854, 97887
2026/07/08 16:11:54.962, 3, 100, 46854, 97887
2026/07/08 16:11:54.981, 4, 0, 74046, 97887
2026/07/08 16:11:54.998, 5, 0, 74046, 97887
2026/07/08 16:11:55.016, 6, 0, 74046, 97887
2026/07/08 16:11:55.034, 7, 0, 74046, 97887
2026/07/08 16:11:56.051, 0, 0, 46876, 97887
2026/07/08 16:11:56.069, 1, 0, 46874, 97887
2026/07/08 16:11:56.084, 2, 0, 46876, 97887
2026/07/08 16:11:56.098, 3, 0, 46874, 97887
2026/07/08 16:11:56.106, 4, 0, 74046, 97887
2026/07/08 16:11:56.117, 5, 0, 74046, 97887
2026/07/08 16:11:56.129, 6, 0, 74046, 97887
2026/07/08 16:11:56.142, 7, 0, 74046, 97887
2026/07/08 16:11:57.157, 0, 0, 46878, 97887
2026/07/08 16:11:57.177, 1, 0, 46874, 97887
2026/07/08 16:11:57.194, 2, 0, 46876, 97887
2026/07/08 16:11:57.212, 3, 0, 46874, 97887
2026/07/08 16:11:57.231, 4, 0, 74046, 97887
2026/07/08 16:11:57.250, 5, 0, 74046, 97887
2026/07/08 16:11:57.265, 6, 0, 74046, 97887
2026/07/08 16:11:57.284, 7, 0, 74046, 97887
2026/07/08 16:11:58.303, 0, 0, 46878, 97887
2026/07/08 16:11:58.320, 1, 0, 46874, 97887
2026/07/08 16:11:58.337, 2, 0, 46876, 97887
2026/07/08 16:11:58.354, 3, 47, 46874, 97887
2026/07/08 16:11:58.370, 4, 0, 74046, 97887
2026/07/08 16:11:58.387, 5, 0, 74046, 97887
2026/07/08 16:11:58.403, 6, 0, 74046, 97887
2026/07/08 16:11:58.419, 7, 0, 74046, 97887
2026/07/08 16:11:59.437, 0, 5, 46878, 97887
2026/07/08 16:11:59.452, 1, 5, 46874, 97887
2026/07/08 16:11:59.466, 2, 5, 46876, 97887
2026/07/08 16:11:59.483, 3, 5, 46874, 97887
2026/07/08 16:11:59.499, 4, 0, 74046, 97887
2026/07/08 16:11:59.513, 5, 0, 74046, 97887
2026/07/08 16:11:59.526, 6, 0, 74046, 97887
2026/07/08 16:11:59.541, 7, 0, 74046, 97887
2026/07/08 16:12:00.558, 0, 6, 46878, 97887
2026/07/08 16:12:00.575, 1, 5, 46874, 97887
2026/07/08 16:12:00.590, 2, 5, 46876, 97887
2026/07/08 16:12:00.608, 3, 5, 46874, 97887
2026/07/08 16:12:00.624, 4, 0, 74046, 97887
2026/07/08 16:12:00.643, 5, 0, 74046, 97887
2026/07/08 16:12:00.661, 6, 0, 74046, 97887
2026/07/08 16:12:00.679, 7, 0, 74046, 97887
2026/07/08 16:12:01.698, 0, 5, 46878, 97887
2026/07/08 16:12:01.714, 1, 6, 46874, 97887
2026/07/08 16:12:01.729, 2, 5, 46876, 97887
2026/07/08 16:12:01.747, 3, 5, 46874, 97887
2026/07/08 16:12:01.764, 4, 0, 74046, 97887
2026/07/08 16:12:01.782, 5, 0, 74046, 97887
2026/07/08 16:12:01.798, 6, 0, 74046, 97887
2026/07/08 16:12:01.815, 7, 0, 74046, 97887
2026/07/08 16:12:02.827, 0, 5, 46878, 97887
2026/07/08 16:12:02.841, 1, 6, 46874, 97887
2026/07/08 16:12:02.855, 2, 5, 46876, 97887
2026/07/08 16:12:02.872, 3, 5, 46874, 97887
2026/07/08 16:12:02.887, 4, 0, 74046, 97887
2026/07/08 16:12:02.905, 5, 0, 74046, 97887
2026/07/08 16:12:02.924, 6, 0, 74278, 97887
2026/07/08 16:12:02.944, 7, 0, 74582, 97887
2026/07/08 16:12:03.963, 0, 5, 46878, 97887
2026/07/08 16:12:03.975, 1, 6, 46874, 97887
2026/07/08 16:12:03.990, 2, 5, 46876, 97887
2026/07/08 16:12:04.003, 3, 5, 46874, 97887
2026/07/08 16:12:04.017, 4, 100, 74582, 97887
2026/07/08 16:12:04.033, 5, 100, 74582, 97887
2026/07/08 16:12:04.046, 6, 0, 74582, 97887
2026/07/08 16:12:04.056, 7, 0, 74582, 97887
2026/07/08 16:12:05.068, 0, 71, 46878, 97887
2026/07/08 16:12:05.082, 1, 0, 46874, 97887
2026/07/08 16:12:05.097, 2, 19, 46876, 97887
2026/07/08 16:12:05.114, 3, 90, 46874, 97887
2026/07/08 16:12:05.129, 4, 0, 74582, 97887
2026/07/08 16:12:05.144, 5, 0, 74582, 97887
2026/07/08 16:12:05.159, 6, 0, 74582, 97887
2026/07/08 16:12:05.176, 7, 0, 74582, 97887
2026/07/08 16:12:06.192, 0, 0, 49458, 97887
2026/07/08 16:12:06.210, 1, 3, 50574, 97887
2026/07/08 16:12:06.231, 2, 2, 50336, 97887
2026/07/08 16:12:06.250, 3, 0, 51254, 97887
2026/07/08 16:12:06.270, 4, 0, 74582, 97887
2026/07/08 16:12:06.289, 5, 0, 74582, 97887
2026/07/08 16:12:06.309, 6, 0, 74582, 97887
2026/07/08 16:12:06.326, 7, 0, 74582, 97887
2026/07/08 16:12:07.344, 0, 4, 57098, 97887
2026/07/08 16:12:07.362, 1, 4, 57098, 97887
2026/07/08 16:12:07.379, 2, 4, 57098, 97887
2026/07/08 16:12:07.393, 3, 4, 57098, 97887
2026/07/08 16:12:07.409, 4, 0, 74582, 97887
2026/07/08 16:12:07.425, 5, 0, 74582, 97887
2026/07/08 16:12:07.443, 6, 0, 74582, 97887
2026/07/08 16:12:07.460, 7, 0, 74582, 97887
2026/07/08 16:12:08.481, 0, 3, 57104, 97887
2026/07/08 16:12:08.496, 1, 3, 57104, 97887
2026/07/08 16:12:08.510, 2, 3, 57104, 97887
2026/07/08 16:12:08.522, 3, 2, 57104, 97887
2026/07/08 16:12:08.537, 4, 0, 74582, 97887
2026/07/08 16:12:08.551, 5, 0, 74582, 97887
2026/07/08 16:12:08.567, 6, 0, 74582, 97887
2026/07/08 16:12:08.584, 7, 0, 74582, 97887
2026/07/08 16:12:09.602, 0, 4, 57108, 97887
2026/07/08 16:12:09.619, 1, 4, 57108, 97887
2026/07/08 16:12:09.635, 2, 4, 57108, 97887
2026/07/08 16:12:09.651, 3, 4, 57108, 97887
2026/07/08 16:12:09.666, 4, 0, 74582, 97887
2026/07/08 16:12:09.683, 5, 0, 74582, 97887
2026/07/08 16:12:09.700, 6, 0, 74582, 97887
2026/07/08 16:12:09.718, 7, 0, 74582, 97887
2026/07/08 16:12:10.737, 0, 5, 57114, 97887
2026/07/08 16:12:10.755, 1, 4, 57114, 97887
2026/07/08 16:12:10.772, 2, 4, 57114, 97887
2026/07/08 16:12:10.790, 3, 5, 57114, 97887
2026/07/08 16:12:10.807, 4, 0, 74582, 97887
2026/07/08 16:12:10.822, 5, 0, 74582, 97887
2026/07/08 16:12:10.840, 6, 0, 74582, 97887
2026/07/08 16:12:10.856, 7, 0, 74582, 97887
2026/07/08 16:12:11.874, 0, 4, 57120, 97887
2026/07/08 16:12:11.891, 1, 4, 57120, 97887
2026/07/08 16:12:11.905, 2, 4, 57120, 97887
2026/07/08 16:12:11.922, 3, 4, 57120, 97887
2026/07/08 16:12:11.939, 4, 0, 74582, 97887
2026/07/08 16:12:11.956, 5, 0, 74582, 97887
2026/07/08 16:12:11.973, 6, 0, 74582, 97887
2026/07/08 16:12:11.989, 7, 0, 74582, 97887
2026/07/08 16:12:13.007, 0, 4, 57126, 97887
2026/07/08 16:12:13.026, 1, 4, 57126, 97887
2026/07/08 16:12:13.044, 2, 4, 57126, 97887
2026/07/08 16:12:13.059, 3, 4, 57126, 97887
2026/07/08 16:12:13.077, 4, 0, 74582, 97887
2026/07/08 16:12:13.094, 5, 0, 74582, 97887
2026/07/08 16:12:13.114, 6, 0, 74582, 97887
2026/07/08 16:12:13.130, 7, 0, 74582, 97887
2026/07/08 16:12:14.148, 0, 4, 57130, 97887
2026/07/08 16:12:14.164, 1, 4, 57130, 97887
2026/07/08 16:12:14.181, 2, 4, 57130, 97887
2026/07/08 16:12:14.196, 3, 4, 57130, 97887
2026/07/08 16:12:14.212, 4, 0, 74582, 97887
2026/07/08 16:12:14.227, 5, 0, 74582, 97887
2026/07/08 16:12:14.243, 6, 0, 74582, 97887
2026/07/08 16:12:14.258, 7, 0, 74582, 97887
2026/07/08 16:12:15.275, 0, 6, 57136, 97887
2026/07/08 16:12:15.290, 1, 0, 57136, 97887
2026/07/08 16:12:15.304, 2, 7, 57136, 97887
2026/07/08 16:12:15.317, 3, 7, 57136, 97887
2026/07/08 16:12:15.332, 4, 100, 74582, 97887
2026/07/08 16:12:15.344, 5, 100, 74582, 97887
2026/07/08 16:12:15.358, 6, 100, 74582, 97887
2026/07/08 16:12:15.373, 7, 100, 74582, 97887
2026/07/08 16:12:16.388, 0, 0, 46896, 97887
2026/07/08 16:12:16.403, 1, 0, 46896, 97887
2026/07/08 16:12:16.421, 2, 0, 46896, 97887
2026/07/08 16:12:16.435, 3, 0, 46896, 97887
2026/07/08 16:12:16.449, 4, 100, 74582, 97887
2026/07/08 16:12:16.464, 5, 100, 74582, 97887
2026/07/08 16:12:16.481, 6, 98, 74582, 97887
2026/07/08 16:12:16.497, 7, 98, 74582, 97887
2026/07/08 16:12:17.512, 0, 0, 46896, 97887
2026/07/08 16:12:17.526, 1, 0, 46896, 97887
2026/07/08 16:12:17.537, 2, 0, 46896, 97887
2026/07/08 16:12:17.549, 3, 0, 46896, 97887
2026/07/08 16:12:17.564, 4, 100, 74584, 97887
2026/07/08 16:12:17.578, 5, 100, 74584, 97887
2026/07/08 16:12:17.592, 6, 100, 74584, 97887
2026/07/08 16:12:17.604, 7, 98, 74584, 97887
2026/07/08 16:12:18.619, 0, 0, 46896, 97887
2026/07/08 16:12:18.636, 1, 0, 46896, 97887
2026/07/08 16:12:18.651, 2, 0, 46896, 97887
2026/07/08 16:12:18.666, 3, 0, 46896, 97887
2026/07/08 16:12:18.679, 4, 0, 74584, 97887
2026/07/08 16:12:18.692, 5, 0, 74584, 97887
2026/07/08 16:12:18.707, 6, 0, 74584, 97887
2026/07/08 16:12:18.719, 7, 0, 74584, 97887
2026/07/08 16:12:19.733, 0, 0, 46896, 97887
2026/07/08 16:12:19.753, 1, 0, 46896, 97887
2026/07/08 16:12:19.771, 2, 0, 46896, 97887
2026/07/08 16:12:19.790, 3, 0, 46896, 97887
2026/07/08 16:12:19.808, 4, 0, 74584, 97887
2026/07/08 16:12:19.828, 5, 0, 74584, 97887
2026/07/08 16:12:19.848, 6, 0, 74584, 97887
2026/07/08 16:12:19.868, 7, 0, 74584, 97887
2026/07/08 16:12:20.887, 0, 0, 46896, 97887
2026/07/08 16:12:20.907, 1, 0, 46896, 97887
2026/07/08 16:12:20.925, 2, 0, 46896, 97887
2026/07/08 16:12:20.942, 3, 0, 46896, 97887
2026/07/08 16:12:20.960, 4, 0, 74584, 97887
2026/07/08 16:12:20.978, 5, 0, 74584, 97887
2026/07/08 16:12:20.996, 6, 0, 74584, 97887
2026/07/08 16:12:21.013, 7, 0, 74584, 97887
2026/07/08 16:12:22.028, 0, 0, 46896, 97887
2026/07/08 16:12:22.047, 1, 0, 46896, 97887
2026/07/08 16:12:22.064, 2, 0, 46896, 97887
2026/07/08 16:12:22.082, 3, 0, 46896, 97887
2026/07/08 16:12:22.099, 4, 0, 74584, 97887
2026/07/08 16:12:22.116, 5, 0, 74584, 97887
2026/07/08 16:12:22.134, 6, 0, 74584, 97887
2026/07/08 16:12:22.149, 7, 0, 74584, 97887
2026/07/08 16:12:23.167, 0, 0, 46896, 97887
2026/07/08 16:12:23.185, 1, 0, 46896, 97887
2026/07/08 16:12:23.205, 2, 0, 46896, 97887
2026/07/08 16:12:23.222, 3, 0, 46896, 97887
2026/07/08 16:12:23.242, 4, 0, 74584, 97887
2026/07/08 16:12:23.260, 5, 0, 74584, 97887
2026/07/08 16:12:23.279, 6, 0, 74584, 97887
2026/07/08 16:12:23.298, 7, 0, 74584, 97887
2026/07/08 16:12:24.318, 0, 0, 46896, 97887
2026/07/08 16:12:24.337, 1, 0, 46896, 97887
2026/07/08 16:12:24.352, 2, 0, 46896, 97887
2026/07/08 16:12:24.365, 3, 0, 46896, 97887
2026/07/08 16:12:24.379, 4, 0, 74584, 97887
2026/07/08 16:12:24.396, 5, 0, 74584, 97887
2026/07/08 16:12:24.414, 6, 0, 74584, 97887
2026/07/08 16:12:24.437, 7, 0, 74584, 97887
2026/07/08 16:12:25.452, 0, 0, 46896, 97887
2026/07/08 16:12:25.469, 1, 0, 46896, 97887
2026/07/08 16:12:25.487, 2, 0, 46896, 97887
2026/07/08 16:12:25.505, 3, 0, 46896, 97887
2026/07/08 16:12:25.523, 4, 0, 74584, 97887
2026/07/08 16:12:25.540, 5, 0, 74584, 97887
2026/07/08 16:12:25.555, 6, 0, 74584, 97887
2026/07/08 16:12:25.571, 7, 0, 74584, 97887
2026/07/08 16:12:26.591, 0, 0, 46896, 97887
2026/07/08 16:12:26.611, 1, 0, 46896, 97887
2026/07/08 16:12:26.629, 2, 0, 46896, 97887
2026/07/08 16:12:26.649, 3, 0, 46896, 97887
2026/07/08 16:12:26.672, 4, 0, 74584, 97887
2026/07/08 16:12:26.687, 5, 0, 74584, 97887
2026/07/08 16:12:26.706, 6, 0, 74584, 97887
2026/07/08 16:12:26.724, 7, 0, 74584, 97887
2026/07/08 16:12:27.745, 0, 0, 46896, 97887
2026/07/08 16:12:27.764, 1, 0, 46896, 97887
2026/07/08 16:12:27.783, 2, 0, 46896, 97887
2026/07/08 16:12:27.802, 3, 0, 46896, 97887
2026/07/08 16:12:27.820, 4, 0, 74584, 97887
2026/07/08 16:12:27.838, 5, 0, 74584, 97887
2026/07/08 16:12:27.857, 6, 0, 74584, 97887
2026/07/08 16:12:27.876, 7, 0, 74584, 97887
2026/07/08 16:12:28.895, 0, 0, 46896, 97887
2026/07/08 16:12:28.915, 1, 0, 46896, 97887
2026/07/08 16:12:28.935, 2, 0, 46896, 97887
2026/07/08 16:12:28.954, 3, 0, 46896, 97887
2026/07/08 16:12:28.972, 4, 0, 74584, 97887
2026/07/08 16:12:28.989, 5, 0, 74584, 97887
2026/07/08 16:12:29.008, 6, 95, 74584, 97887
2026/07/08 16:12:29.023, 7, 95, 74584, 97887
2026/07/08 16:12:30.039, 0, 0, 46896, 97887
2026/07/08 16:12:30.058, 1, 0, 46896, 97887
2026/07/08 16:12:30.075, 2, 0, 46896, 97887
2026/07/08 16:12:30.093, 3, 0, 46896, 97887
2026/07/08 16:12:30.111, 4, 35, 74584, 97887
2026/07/08 16:12:30.135, 5, 96, 74584, 97887
2026/07/08 16:12:30.155, 6, 39, 74584, 97887
2026/07/08 16:12:30.180, 7, 96, 74586, 97887
2026/07/08 16:12:31.201, 0, 0, 46896, 97887
2026/07/08 16:12:31.213, 1, 0, 46896, 97887
2026/07/08 16:12:31.226, 2, 0, 46896, 97887
2026/07/08 16:12:31.242, 3, 0, 46896, 97887
2026/07/08 16:12:31.258, 4, 22, 74586, 97887
2026/07/08 16:12:31.274, 5, 95, 74586, 97887
2026/07/08 16:12:31.288, 6, 9, 74586, 97887
2026/07/08 16:12:31.304, 7, 97, 74586, 97887
2026/07/08 16:12:32.323, 0, 0, 46896, 97887
2026/07/08 16:12:32.338, 1, 0, 46896, 97887
2026/07/08 16:12:32.352, 2, 0, 46896, 97887
2026/07/08 16:12:32.365, 3, 0, 46896, 97887
2026/07/08 16:12:32.378, 4, 0, 74586, 97887
2026/07/08 16:12:32.390, 5, 0, 74586, 97887
2026/07/08 16:12:32.400, 6, 0, 75144, 97887
2026/07/08 16:12:32.412, 7, 0, 75144, 97887
2026/07/08 16:12:33.424, 0, 0, 46896, 97887
2026/07/08 16:12:33.435, 1, 0, 46896, 97887
2026/07/08 16:12:33.448, 2, 0, 46896, 97887
2026/07/08 16:12:33.460, 3, 0, 46896, 97887
2026/07/08 16:12:33.473, 4, 100, 75138, 97887
2026/07/08 16:12:33.486, 5, 100, 75138, 97887
2026/07/08 16:12:33.497, 6, 57, 75126, 97887
2026/07/08 16:12:33.513, 7, 56, 75126, 97887
2026/07/08 16:12:34.529, 0, 0, 46896, 97887
2026/07/08 16:12:34.541, 1, 0, 46896, 97887
2026/07/08 16:12:34.551, 2, 0, 46896, 97887
2026/07/08 16:12:34.565, 3, 0, 46896, 97887
2026/07/08 16:12:34.578, 4, 96, 74720, 97887
2026/07/08 16:12:34.590, 5, 92, 74722, 97887
2026/07/08 16:12:34.601, 6, 50, 75104, 97887
2026/07/08 16:12:34.612, 7, 49, 75104, 97887
2026/07/08 16:12:35.625, 0, 0, 46896, 97887
2026/07/08 16:12:35.646, 1, 0, 46896, 97887
2026/07/08 16:12:35.660, 2, 0, 46896, 97887
2026/07/08 16:12:35.680, 3, 0, 46896, 97887
2026/07/08 16:12:35.694, 4, 29, 75088, 97887
2026/07/08 16:12:35.722, 5, 35, 75046, 97887
2026/07/08 16:12:35.742, 6, 29, 75080, 97887
2026/07/08 16:12:35.757, 7, 29, 75080, 97887
2026/07/08 16:12:36.778, 0, 0, 46896, 97887
2026/07/08 16:12:36.793, 1, 0, 46896, 97887
2026/07/08 16:12:36.809, 2, 0, 46896, 97887
2026/07/08 16:12:36.822, 3, 0, 46896, 97887
2026/07/08 16:12:36.836, 4, 100, 75086, 97887
2026/07/08 16:12:36.846, 5, 100, 75086, 97887
2026/07/08 16:12:36.857, 6, 35, 75094, 97887
2026/07/08 16:12:36.868, 7, 56, 75094, 97887
2026/07/08 16:12:37.881, 0, 0, 46896, 97887
2026/07/08 16:12:37.897, 1, 0, 46896, 97887
2026/07/08 16:12:37.912, 2, 0, 46896, 97887
2026/07/08 16:12:37.927, 3, 0, 46896, 97887
2026/07/08 16:12:37.942, 4, 25, 75102, 97887
2026/07/08 16:12:37.956, 5, 29, 75102, 97887
2026/07/08 16:12:37.971, 6, 81, 75122, 97887
2026/07/08 16:12:37.984, 7, 99, 75122, 97887
2026/07/08 16:12:38.999, 0, 0, 46896, 97887
2026/07/08 16:12:39.012, 1, 0, 46896, 97887
2026/07/08 16:12:39.027, 2, 0, 46896, 97887
2026/07/08 16:12:39.040, 3, 0, 46896, 97887
2026/07/08 16:12:39.054, 4, 62, 75130, 97887
2026/07/08 16:12:39.069, 5, 75, 75130, 97887
2026/07/08 16:12:39.085, 6, 15, 75082, 97887
2026/07/08 16:12:39.101, 7, 39, 75028, 97887
2026/07/08 16:12:40.117, 0, 0, 46896, 97887
2026/07/08 16:12:40.130, 1, 0, 46896, 97887
2026/07/08 16:12:40.145, 2, 0, 46896, 97887
2026/07/08 16:12:40.161, 3, 0, 46896, 97887
2026/07/08 16:12:40.175, 4, 2, 75060, 97887
2026/07/08 16:12:40.189, 5, 6, 75060, 97887
2026/07/08 16:12:40.201, 6, 34, 75078, 97887
2026/07/08 16:12:40.215, 7, 41, 75080, 97887
2026/07/08 16:12:41.230, 0, 0, 46896, 97887
2026/07/08 16:12:41.246, 1, 0, 46896, 97887
2026/07/08 16:12:41.267, 2, 0, 46896, 97887
2026/07/08 16:12:41.293, 3, 0, 46896, 97887
2026/07/08 16:12:41.309, 4, 1, 75110, 97887
2026/07/08 16:12:41.324, 5, 1, 75110, 97887
2026/07/08 16:12:41.338, 6, 19, 75130, 97887
2026/07/08 16:12:41.353, 7, 11, 75132, 97887
2026/07/08 16:12:42.367, 0, 0, 46896, 97887
2026/07/08 16:12:42.384, 1, 0, 46896, 97887
2026/07/08 16:12:42.399, 2, 0, 46896, 97887
2026/07/08 16:12:42.414, 3, 0, 46896, 97887
2026/07/08 16:12:42.430, 4, 10, 75164, 97887
2026/07/08 16:12:42.446, 5, 38, 75166, 97887
2026/07/08 16:12:42.461, 6, 1, 75184, 97887
2026/07/08 16:12:42.476, 7, 27, 75184, 97887
2026/07/08 16:12:43.494, 0, 0, 46896, 97887
2026/07/08 16:12:43.513, 1, 0, 46896, 97887
2026/07/08 16:12:43.530, 2, 0, 46896, 97887
2026/07/08 16:12:43.548, 3, 0, 46896, 97887
2026/07/08 16:12:43.564, 4, 5, 75214, 97887
2026/07/08 16:12:43.580, 5, 15, 75214, 97887
2026/07/08 16:12:43.595, 6, 12, 75230, 97887
2026/07/08 16:12:43.609, 7, 26, 75230, 97887
2026/07/08 16:12:44.623, 0, 0, 46896, 97887
2026/07/08 16:12:44.642, 1, 0, 46896, 97887
2026/07/08 16:12:44.657, 2, 0, 46896, 97887
2026/07/08 16:12:44.673, 3, 0, 46896, 97887
2026/07/08 16:12:44.688, 4, 9, 75264, 97887
2026/07/08 16:12:44.705, 5, 50, 75264, 97887
2026/07/08 16:12:44.725, 6, 1, 75278, 97887
2026/07/08 16:12:44.742, 7, 4, 75278, 97887
2026/07/08 16:12:45.763, 0, 0, 46896, 97887
2026/07/08 16:12:45.779, 1, 0, 46896, 97887
2026/07/08 16:12:45.795, 2, 0, 46896, 97887
2026/07/08 16:12:45.809, 3, 0, 46896, 97887
2026/07/08 16:12:45.824, 4, 3, 75310, 97887
2026/07/08 16:12:45.840, 5, 18, 75310, 97887
2026/07/08 16:12:45.856, 6, 1, 75320, 97887
2026/07/08 16:12:45.869, 7, 1, 75320, 97887
2026/07/08 16:12:46.885, 0, 0, 46896, 97887
2026/07/08 16:12:46.902, 1, 0, 46896, 97887
2026/07/08 16:12:46.917, 2, 0, 46896, 97887
2026/07/08 16:12:46.935, 3, 0, 46896, 97887
2026/07/08 16:12:46.950, 4, 0, 75320, 97887
2026/07/08 16:12:46.963, 5, 0, 75320, 97887
2026/07/08 16:12:46.976, 6, 0, 75320, 97887
2026/07/08 16:12:46.988, 7, 0, 75320, 97887
2026/07/08 16:12:48.001, 0, 0, 46896, 97887
2026/07/08 16:12:48.015, 1, 0, 46896, 97887
2026/07/08 16:12:48.030, 2, 0, 46896, 97887
2026/07/08 16:12:48.051, 3, 0, 46896, 97887
2026/07/08 16:12:48.062, 4, 0, 75320, 97887
2026/07/08 16:12:48.074, 5, 0, 75320, 97887
2026/07/08 16:12:48.090, 6, 0, 75320, 97887
2026/07/08 16:12:48.106, 7, 0, 75320, 97887
2026/07/08 16:12:49.122, 0, 0, 46896, 97887
2026/07/08 16:12:49.138, 1, 0, 46896, 97887
2026/07/08 16:12:49.151, 2, 0, 46896, 97887
2026/07/08 16:12:49.167, 3, 0, 46896, 97887
2026/07/08 16:12:49.183, 4, 0, 75344, 97887
2026/07/08 16:12:49.199, 5, 0, 75344, 97887
2026/07/08 16:12:49.216, 6, 0, 75344, 97887
2026/07/08 16:12:49.233, 7, 7, 75344, 97887
2026/07/08 16:12:50.249, 0, 0, 46896, 97887
2026/07/08 16:12:50.264, 1, 0, 46896, 97887
2026/07/08 16:12:50.276, 2, 0, 46896, 97887
2026/07/08 16:12:50.287, 3, 0, 46896, 97887
2026/07/08 16:12:50.302, 4, 0, 75364, 97887
2026/07/08 16:12:50.316, 5, 0, 75364, 97887
2026/07/08 16:12:50.330, 6, 0, 75364, 97887
2026/07/08 16:12:50.343, 7, 0, 75364, 97887
2026/07/08 16:12:51.357, 0, 0, 48096, 97887
2026/07/08 16:12:51.374, 1, 100, 48096, 97887
2026/07/08 16:12:51.392, 2, 0, 48096, 97887
2026/07/08 16:12:51.411, 3, 0, 48096, 97887
2026/07/08 16:12:51.428, 4, 0, 75364, 97887
2026/07/08 16:12:51.444, 5, 0, 75364, 97887
2026/07/08 16:12:51.462, 6, 0, 75364, 97887
2026/07/08 16:12:51.481, 7, 0, 75364, 97887
2026/07/08 16:12:52.497, 0, 0, 48096, 97887
2026/07/08 16:12:52.514, 1, 100, 48096, 97887
2026/07/08 16:12:52.527, 2, 0, 48096, 97887
2026/07/08 16:12:52.541, 3, 0, 48096, 97887
2026/07/08 16:12:52.554, 4, 0, 75364, 97887
2026/07/08 16:12:52.565, 5, 0, 75364, 97887
2026/07/08 16:12:52.576, 6, 0, 75364, 97887
2026/07/08 16:12:52.595, 7, 0, 75364, 97887
2026/07/08 16:12:53.614, 0, 0, 48704, 97887
2026/07/08 16:12:53.627, 1, 85, 48104, 97887
2026/07/08 16:12:53.640, 2, 98, 48104, 97887
2026/07/08 16:12:53.652, 3, 98, 48104, 97887
2026/07/08 16:12:53.667, 4, 5, 75970, 97887
2026/07/08 16:12:53.678, 5, 64, 75970, 97887
2026/07/08 16:12:53.693, 6, 57, 75970, 97887
2026/07/08 16:12:53.709, 7, 64, 75970, 97887
2026/07/08 16:12:54.724, 0, 54, 48704, 97887
2026/07/08 16:12:54.739, 1, 98, 48104, 97887
2026/07/08 16:12:54.753, 2, 99, 48104, 97887
2026/07/08 16:12:54.768, 3, 99, 48104, 97887
2026/07/08 16:12:54.782, 4, 71, 75970, 97887
2026/07/08 16:12:54.796, 5, 46, 75970, 97887
2026/07/08 16:12:54.808, 6, 52, 75970, 97887
2026/07/08 16:12:54.819, 7, 52, 75970, 97887
2026/07/08 16:12:55.833, 0, 74, 48704, 97887
2026/07/08 16:12:55.850, 1, 99, 48104, 97887
2026/07/08 16:12:55.863, 2, 97, 48104, 97887
2026/07/08 16:12:55.874, 3, 98, 48104, 97887
2026/07/08 16:12:55.890, 4, 62, 75970, 97887
2026/07/08 16:12:55.904, 5, 58, 75970, 97887
2026/07/08 16:12:55.920, 6, 65, 75970, 97887
2026/07/08 16:12:55.932, 7, 42, 75970, 97887
2026/07/08 16:12:56.943, 0, 69, 48704, 97887
2026/07/08 16:12:56.957, 1, 98, 48104, 97887
2026/07/08 16:12:56.969, 2, 98, 48104, 97887
2026/07/08 16:12:56.977, 3, 98, 48104, 97887
2026/07/08 16:12:56.985, 4, 59, 75970, 97887
2026/07/08 16:12:56.995, 5, 68, 75970, 97887
2026/07/08 16:12:57.004, 6, 67, 75970, 97887
2026/07/08 16:12:57.017, 7, 51, 75970, 97887
2026/07/08 16:12:58.030, 0, 64, 48704, 97887
2026/07/08 16:12:58.042, 1, 98, 48104, 97887
2026/07/08 16:12:58.056, 2, 98, 48104, 97887
2026/07/08 16:12:58.072, 3, 97, 48104, 97887
2026/07/08 16:12:58.088, 4, 57, 75970, 97887
2026/07/08 16:12:58.102, 5, 66, 75970, 97887
2026/07/08 16:12:58.116, 6, 72, 75970, 97887
2026/07/08 16:12:58.129, 7, 47, 75970, 97887
2026/07/08 16:12:59.145, 0, 74, 48704, 97887
2026/07/08 16:12:59.161, 1, 97, 48104, 97887
2026/07/08 16:12:59.174, 2, 97, 48104, 97887
2026/07/08 16:12:59.188, 3, 97, 48104, 97887
2026/07/08 16:12:59.202, 4, 58, 75970, 97887
2026/07/08 16:12:59.216, 5, 62, 75970, 97887
2026/07/08 16:12:59.230, 6, 66, 75970, 97887
2026/07/08 16:12:59.246, 7, 42, 75970, 97887
2026/07/08 16:13:00.259, 0, 61, 48704, 97887
2026/07/08 16:13:00.275, 1, 98, 48104, 97887
2026/07/08 16:13:00.291, 2, 99, 48104, 97887
2026/07/08 16:13:00.303, 3, 98, 48104, 97887
2026/07/08 16:13:00.315, 4, 46, 75970, 97887
2026/07/08 16:13:00.326, 5, 69, 75970, 97887
2026/07/08 16:13:00.338, 6, 63, 75970, 97887
2026/07/08 16:13:00.352, 7, 64, 75970, 97887
2026/07/08 16:13:01.368, 0, 59, 48704, 97887
2026/07/08 16:13:01.384, 1, 97, 48104, 97887
2026/07/08 16:13:01.401, 2, 99, 48104, 97887
2026/07/08 16:13:01.417, 3, 3, 48104, 97887
2026/07/08 16:13:01.434, 4, 55, 75370, 97887
2026/07/08 16:13:01.451, 5, 7, 75370, 97887
2026/07/08 16:13:01.468, 6, 1, 75370, 97887
2026/07/08 16:13:01.487, 7, 25, 75370, 97887
2026/07/08 16:13:02.507, 0, 0, 48704, 97887
2026/07/08 16:13:02.521, 1, 0, 48104, 97887
2026/07/08 16:13:02.533, 2, 0, 48104, 97887
2026/07/08 16:13:02.548, 3, 0, 48104, 97887
2026/07/08 16:13:02.562, 4, 0, 75370, 97887
2026/07/08 16:13:02.578, 5, 0, 75370, 97887
2026/07/08 16:13:02.600, 6, 0, 75370, 97887
2026/07/08 16:13:02.619, 7, 0, 75370, 97887
2026/07/08 16:13:03.637, 0, 0, 48704, 97887
2026/07/08 16:13:03.653, 1, 0, 48104, 97887
2026/07/08 16:13:03.671, 2, 0, 48104, 97887
2026/07/08 16:13:03.689, 3, 0, 48104, 97887
2026/07/08 16:13:03.706, 4, 0, 75370, 97887
2026/07/08 16:13:03.726, 5, 0, 75370, 97887
2026/07/08 16:13:03.746, 6, 0, 75370, 97887
2026/07/08 16:13:03.765, 7, 0, 75370, 97887
2026/07/08 16:13:04.780, 0, 0, 48704, 97887
2026/07/08 16:13:04.801, 1, 0, 48104, 97887
2026/07/08 16:13:04.821, 2, 0, 48104, 97887
2026/07/08 16:13:04.843, 3, 0, 48104, 97887
2026/07/08 16:13:04.860, 4, 14, 75376, 97887
2026/07/08 16:13:04.875, 5, 74, 75376, 97887
2026/07/08 16:13:04.894, 6, 0, 75370, 97887
2026/07/08 16:13:04.909, 7, 0, 75370, 97887
2026/07/08 16:13:05.927, 0, 0, 48704, 97887
2026/07/08 16:13:05.942, 1, 0, 48104, 97887
2026/07/08 16:13:05.959, 2, 0, 48104, 97887
2026/07/08 16:13:05.975, 3, 0, 48104, 97887
2026/07/08 16:13:05.992, 4, 0, 75376, 97887
2026/07/08 16:13:06.010, 5, 0, 75376, 97887
2026/07/08 16:13:06.026, 6, 0, 75370, 97887
2026/07/08 16:13:06.041, 7, 0, 75370, 97887
2026/07/08 16:13:07.055, 0, 0, 48704, 97887
2026/07/08 16:13:07.070, 1, 0, 48104, 97887
2026/07/08 16:13:07.085, 2, 0, 48104, 97887
2026/07/08 16:13:07.102, 3, 0, 48104, 97887
2026/07/08 16:13:07.123, 4, 0, 75376, 97887
2026/07/08 16:13:07.138, 5, 0, 75376, 97887
2026/07/08 16:13:07.155, 6, 0, 75370, 97887
2026/07/08 16:13:07.175, 7, 0, 75370, 97887
2026/07/08 16:13:08.196, 0, 0, 48704, 97887
2026/07/08 16:13:08.210, 1, 0, 48104, 97887
2026/07/08 16:13:08.235, 2, 0, 48104, 97887
2026/07/08 16:13:08.258, 3, 0, 48104, 97887
2026/07/08 16:13:08.278, 4, 0, 75376, 97887
2026/07/08 16:13:08.299, 5, 0, 75376, 97887
2026/07/08 16:13:08.319, 6, 0, 75370, 97887
2026/07/08 16:13:08.339, 7, 0, 75370, 97887
2026/07/08 16:13:09.361, 0, 0, 48704, 97887
2026/07/08 16:13:09.379, 1, 0, 48104, 97887
2026/07/08 16:13:09.394, 2, 0, 48104, 97887
2026/07/08 16:13:09.409, 3, 0, 48104, 97887
2026/07/08 16:13:09.422, 4, 0, 75376, 97887
2026/07/08 16:13:09.445, 5, 0, 75376, 97887
2026/07/08 16:13:09.461, 6, 0, 75370, 97887
2026/07/08 16:13:09.473, 7, 0, 75370, 97887
2026/07/08 16:13:10.481, 0, 0, 48704, 97887
2026/07/08 16:13:10.498, 1, 0, 48104, 97887
2026/07/08 16:13:10.509, 2, 0, 48104, 97887
2026/07/08 16:13:10.523, 3, 0, 48104, 97887
2026/07/08 16:13:10.541, 4, 0, 75376, 97887
2026/07/08 16:13:10.559, 5, 0, 75376, 97887
2026/07/08 16:13:10.578, 6, 0, 75370, 97887
2026/07/08 16:13:10.593, 7, 0, 75370, 97887
2026/07/08 16:13:11.609, 0, 0, 48704, 97887
2026/07/08 16:13:11.623, 1, 0, 48104, 97887
2026/07/08 16:13:11.647, 2, 0, 48104, 97887
2026/07/08 16:13:11.666, 3, 0, 48104, 97887
2026/07/08 16:13:11.684, 4, 0, 75376, 97887
2026/07/08 16:13:11.702, 5, 0, 75376, 97887
2026/07/08 16:13:11.715, 6, 0, 75370, 97887
2026/07/08 16:13:11.731, 7, 0, 75370, 97887
2026/07/08 16:13:12.746, 0, 0, 48704, 97887
2026/07/08 16:13:12.765, 1, 0, 48104, 97887
2026/07/08 16:13:12.782, 2, 0, 48104, 97887
2026/07/08 16:13:12.799, 3, 0, 48104, 97887
2026/07/08 16:13:12.816, 4, 0, 75376, 97887
2026/07/08 16:13:12.839, 5, 0, 75376, 97887
2026/07/08 16:13:12.859, 6, 0, 75370, 97887
2026/07/08 16:13:12.879, 7, 0, 75370, 97887
2026/07/08 16:13:13.889, 0, 0, 48704, 97887
2026/07/08 16:13:13.905, 1, 0, 48104, 97887
2026/07/08 16:13:13.922, 2, 0, 48104, 97887
2026/07/08 16:13:13.940, 3, 0, 48104, 97887
2026/07/08 16:13:13.956, 4, 0, 75376, 97887
2026/07/08 16:13:13.969, 5, 0, 75376, 97887
2026/07/08 16:13:13.987, 6, 0, 75370, 97887
2026/07/08 16:13:14.007, 7, 0, 75370, 97887
2026/07/08 16:13:15.025, 0, 0, 48704, 97887
2026/07/08 16:13:15.041, 1, 0, 48104, 97887
2026/07/08 16:13:15.056, 2, 0, 48104, 97887
2026/07/08 16:13:15.073, 3, 0, 48104, 97887
2026/07/08 16:13:15.088, 4, 0, 75376, 97887
2026/07/08 16:13:15.103, 5, 0, 75376, 97887
2026/07/08 16:13:15.115, 6, 0, 75370, 97887
2026/07/08 16:13:15.127, 7, 0, 75370, 97887
2026/07/08 16:13:16.143, 0, 0, 48704, 97887
2026/07/08 16:13:16.159, 1, 0, 48104, 97887
2026/07/08 16:13:16.176, 2, 0, 48104, 97887
2026/07/08 16:13:16.192, 3, 0, 48104, 97887
2026/07/08 16:13:16.209, 4, 0, 75376, 97887
2026/07/08 16:13:16.225, 5, 0, 75376, 97887
2026/07/08 16:13:16.241, 6, 0, 75370, 97887
2026/07/08 16:13:16.258, 7, 0, 75370, 97887
2026/07/08 16:13:17.276, 0, 0, 48704, 97887
2026/07/08 16:13:17.293, 1, 0, 48104, 97887
2026/07/08 16:13:17.308, 2, 0, 48104, 97887
2026/07/08 16:13:17.324, 3, 0, 48104, 97887
2026/07/08 16:13:17.340, 4, 0, 75376, 97887
2026/07/08 16:13:17.355, 5, 0, 75376, 97887
2026/07/08 16:13:17.372, 6, 0, 75370, 97887
2026/07/08 16:13:17.391, 7, 0, 75370, 97887
2026/07/08 16:13:18.407, 0, 0, 48704, 97887
2026/07/08 16:13:18.426, 1, 0, 48104, 97887
2026/07/08 16:13:18.444, 2, 0, 48104, 97887
2026/07/08 16:13:18.458, 3, 0, 48104, 97887
2026/07/08 16:13:18.476, 4, 0, 75376, 97887
2026/07/08 16:13:18.495, 5, 0, 75376, 97887
2026/07/08 16:13:18.513, 6, 0, 75370, 97887
2026/07/08 16:13:18.529, 7, 0, 75370, 97887
2026/07/08 16:13:19.546, 0, 0, 48704, 97887
2026/07/08 16:13:19.559, 1, 0, 48104, 97887
2026/07/08 16:13:19.569, 2, 0, 48104, 97887
2026/07/08 16:13:19.578, 3, 0, 48104, 97887
2026/07/08 16:13:19.592, 4, 0, 75376, 97887
2026/07/08 16:13:19.607, 5, 0, 75376, 97887
2026/07/08 16:13:19.616, 6, 0, 75370, 97887
2026/07/08 16:13:19.627, 7, 0, 75370, 97887
2026/07/08 16:13:20.640, 0, 0, 48704, 97887
2026/07/08 16:13:20.656, 1, 0, 48104, 97887
2026/07/08 16:13:20.667, 2, 0, 48104, 97887
2026/07/08 16:13:20.681, 3, 0, 48104, 97887
2026/07/08 16:13:20.697, 4, 0, 75376, 97887
2026/07/08 16:13:20.712, 5, 0, 75376, 97887
2026/07/08 16:13:20.727, 6, 0, 75370, 97887
2026/07/08 16:13:20.747, 7, 0, 75370, 97887
2026/07/08 16:13:21.764, 0, 0, 48704, 97887
2026/07/08 16:13:21.776, 1, 0, 48104, 97887
2026/07/08 16:13:21.790, 2, 0, 48104, 97887
2026/07/08 16:13:21.803, 3, 0, 48104, 97887
2026/07/08 16:13:21.816, 4, 0, 75376, 97887
2026/07/08 16:13:21.831, 5, 0, 75376, 97887
2026/07/08 16:13:21.843, 6, 0, 75370, 97887
2026/07/08 16:13:21.858, 7, 0, 75370, 97887
2026/07/08 16:13:22.874, 0, 0, 48704, 97887
2026/07/08 16:13:22.886, 1, 0, 48104, 97887
2026/07/08 16:13:22.899, 2, 0, 48104, 97887
2026/07/08 16:13:22.911, 3, 0, 48104, 97887
2026/07/08 16:13:22.924, 4, 0, 75376, 97887
2026/07/08 16:13:22.936, 5, 0, 75376, 97887
2026/07/08 16:13:22.948, 6, 0, 75370, 97887
2026/07/08 16:13:22.964, 7, 0, 75370, 97887
2026/07/08 16:13:23.982, 0, 0, 48704, 97887
2026/07/08 16:13:23.996, 1, 0, 48104, 97887
2026/07/08 16:13:24.012, 2, 0, 48104, 97887
2026/07/08 16:13:24.027, 3, 0, 48104, 97887
2026/07/08 16:13:24.045, 4, 0, 75376, 97887
2026/07/08 16:13:24.059, 5, 0, 75376, 97887
2026/07/08 16:13:24.072, 6, 0, 75370, 97887
2026/07/08 16:13:24.085, 7, 0, 75370, 97887
2026/07/08 16:13:25.103, 0, 0, 48704, 97887
2026/07/08 16:13:25.120, 1, 0, 48104, 97887
2026/07/08 16:13:25.135, 2, 0, 48104, 97887
2026/07/08 16:13:25.150, 3, 0, 48104, 97887
2026/07/08 16:13:25.165, 4, 0, 75376, 97887
2026/07/08 16:13:25.178, 5, 0, 75376, 97887
2026/07/08 16:13:25.202, 6, 0, 75370, 97887
2026/07/08 16:13:25.218, 7, 0, 75370, 97887
2026/07/08 16:13:26.232, 0, 0, 48704, 97887
2026/07/08 16:13:26.245, 1, 0, 48104, 97887
2026/07/08 16:13:26.258, 2, 0, 48104, 97887
2026/07/08 16:13:26.269, 3, 0, 48104, 97887
2026/07/08 16:13:26.280, 4, 0, 75376, 97887
2026/07/08 16:13:26.291, 5, 0, 75376, 97887
2026/07/08 16:13:26.305, 6, 0, 75370, 97887
2026/07/08 16:13:26.322, 7, 0, 75370, 97887
2026/07/08 16:13:27.338, 0, 0, 48704, 97887
2026/07/08 16:13:27.348, 1, 0, 48104, 97887
2026/07/08 16:13:27.360, 2, 0, 48104, 97887
2026/07/08 16:13:27.369, 3, 0, 48104, 97887
2026/07/08 16:13:27.382, 4, 0, 75376, 97887
2026/07/08 16:13:27.393, 5, 0, 75376, 97887
2026/07/08 16:13:27.408, 6, 0, 75370, 97887
2026/07/08 16:13:27.422, 7, 0, 75370, 97887
2026/07/08 16:13:28.436, 0, 0, 48704, 97887
2026/07/08 16:13:28.451, 1, 0, 48104, 97887
2026/07/08 16:13:28.464, 2, 0, 48104, 97887
2026/07/08 16:13:28.479, 3, 0, 48104, 97887
2026/07/08 16:13:28.494, 4, 0, 75376, 97887
2026/07/08 16:13:28.508, 5, 0, 75376, 97887
2026/07/08 16:13:28.521, 6, 0, 75370, 97887
2026/07/08 16:13:28.532, 7, 0, 75370, 97887
2026/07/08 16:13:29.542, 0, 0, 48704, 97887
2026/07/08 16:13:29.558, 1, 0, 48104, 97887
2026/07/08 16:13:29.574, 2, 0, 48104, 97887
2026/07/08 16:13:29.588, 3, 0, 48104, 97887
2026/07/08 16:13:29.602, 4, 0, 75376, 97887
2026/07/08 16:13:29.617, 5, 0, 75376, 97887
2026/07/08 16:13:29.633, 6, 0, 75370, 97887
2026/07/08 16:13:29.647, 7, 0, 75370, 97887
2026/07/08 16:13:30.661, 0, 0, 48704, 97887
2026/07/08 16:13:30.680, 1, 0, 48104, 97887
2026/07/08 16:13:30.696, 2, 0, 48104, 97887
2026/07/08 16:13:30.710, 3, 0, 48104, 97887
2026/07/08 16:13:30.728, 4, 0, 75376, 97887
2026/07/08 16:13:30.742, 5, 0, 75376, 97887
2026/07/08 16:13:30.758, 6, 0, 75370, 97887
2026/07/08 16:13:30.769, 7, 0, 75370, 97887
2026/07/08 16:13:31.782, 0, 0, 48704, 97887
2026/07/08 16:13:31.796, 1, 0, 48104, 97887
2026/07/08 16:13:31.813, 2, 0, 48104, 97887
2026/07/08 16:13:31.829, 3, 0, 48104, 97887
2026/07/08 16:13:31.845, 4, 0, 75376, 97887
2026/07/08 16:13:31.860, 5, 0, 75376, 97887
2026/07/08 16:13:31.876, 6, 0, 75370, 97887
2026/07/08 16:13:31.890, 7, 0, 75370, 97887
2026/07/08 16:13:32.906, 0, 0, 48704, 97887
2026/07/08 16:13:32.924, 1, 0, 48104, 97887
2026/07/08 16:13:32.937, 2, 0, 48104, 97887
2026/07/08 16:13:32.951, 3, 0, 48104, 97887
2026/07/08 16:13:32.968, 4, 0, 75376, 97887
2026/07/08 16:13:32.986, 5, 0, 75376, 97887
2026/07/08 16:13:33.003, 6, 0, 75370, 97887
2026/07/08 16:13:33.022, 7, 0, 75370, 97887
2026/07/08 16:13:34.034, 0, 0, 48704, 97887
2026/07/08 16:13:34.047, 1, 0, 48104, 97887
2026/07/08 16:13:34.064, 2, 0, 48104, 97887
2026/07/08 16:13:34.075, 3, 0, 48104, 97887
2026/07/08 16:13:34.085, 4, 0, 75376, 97887
2026/07/08 16:13:34.101, 5, 0, 75376, 97887
2026/07/08 16:13:34.114, 6, 0, 75370, 97887
2026/07/08 16:13:34.127, 7, 0, 75370, 97887
2026/07/08 16:13:35.135, 0, 0, 48704, 97887
2026/07/08 16:13:35.153, 1, 0, 48104, 97887
2026/07/08 16:13:35.170, 2, 0, 48104, 97887
2026/07/08 16:13:35.189, 3, 0, 48104, 97887
2026/07/08 16:13:35.208, 4, 0, 75376, 97887
2026/07/08 16:13:35.225, 5, 0, 75376, 97887
2026/07/08 16:13:35.242, 6, 0, 75370, 97887
2026/07/08 16:13:35.264, 7, 0, 75370, 97887
2026/07/08 16:13:36.280, 0, 0, 48704, 97887
2026/07/08 16:13:36.295, 1, 0, 48104, 97887
2026/07/08 16:13:36.309, 2, 0, 48104, 97887
2026/07/08 16:13:36.324, 3, 0, 48104, 97887
2026/07/08 16:13:36.338, 4, 0, 75376, 97887
2026/07/08 16:13:36.351, 5, 0, 75376, 97887
2026/07/08 16:13:36.366, 6, 0, 75370, 97887
2026/07/08 16:13:36.383, 7, 0, 75370, 97887
2026/07/08 16:13:37.398, 0, 0, 48704, 97887
2026/07/08 16:13:37.418, 1, 0, 48104, 97887
2026/07/08 16:13:37.438, 2, 0, 48104, 97887
2026/07/08 16:13:37.454, 3, 0, 48104, 97887
2026/07/08 16:13:37.472, 4, 0, 75376, 97887
2026/07/08 16:13:37.489, 5, 0, 75376, 97887
2026/07/08 16:13:37.503, 6, 0, 75370, 97887
2026/07/08 16:13:37.519, 7, 0, 75370, 97887
2026/07/08 16:13:38.534, 0, 0, 48704, 97887
2026/07/08 16:13:38.552, 1, 0, 48104, 97887
2026/07/08 16:13:38.568, 2, 0, 48104, 97887
2026/07/08 16:13:38.583, 3, 0, 48104, 97887
2026/07/08 16:13:38.599, 4, 0, 75376, 97887
2026/07/08 16:13:38.617, 5, 0, 75376, 97887
2026/07/08 16:13:38.635, 6, 0, 75370, 97887
2026/07/08 16:13:38.650, 7, 0, 75370, 97887
2026/07/08 16:13:39.671, 0, 0, 48704, 97887
2026/07/08 16:13:39.690, 1, 0, 48104, 97887
2026/07/08 16:13:39.708, 2, 0, 48104, 97887
2026/07/08 16:13:39.726, 3, 0, 48104, 97887
2026/07/08 16:13:39.743, 4, 0, 75376, 97887
2026/07/08 16:13:39.759, 5, 0, 75376, 97887
2026/07/08 16:13:39.776, 6, 0, 75370, 97887
2026/07/08 16:13:39.793, 7, 0, 75370, 97887
2026/07/08 16:13:40.811, 0, 0, 48704, 97887
2026/07/08 16:13:40.828, 1, 0, 48104, 97887
2026/07/08 16:13:40.844, 2, 0, 48104, 97887
2026/07/08 16:13:40.856, 3, 0, 48104, 97887
2026/07/08 16:13:40.873, 4, 0, 75376, 97887
2026/07/08 16:13:40.888, 5, 0, 75376, 97887
2026/07/08 16:13:40.902, 6, 0, 75370, 97887
2026/07/08 16:13:40.915, 7, 0, 75370, 97887
2026/07/08 16:13:41.929, 0, 0, 48704, 97887
2026/07/08 16:13:41.946, 1, 0, 48104, 97887
2026/07/08 16:13:41.962, 2, 0, 48104, 97887
2026/07/08 16:13:41.978, 3, 0, 48104, 97887
2026/07/08 16:13:41.995, 4, 0, 75376, 97887
2026/07/08 16:13:42.014, 5, 0, 75376, 97887
2026/07/08 16:13:42.032, 6, 0, 75370, 97887
2026/07/08 16:13:42.046, 7, 0, 75370, 97887
2026/07/08 16:13:43.062, 0, 0, 48704, 97887
2026/07/08 16:13:43.080, 1, 0, 48104, 97887
2026/07/08 16:13:43.093, 2, 0, 48104, 97887
2026/07/08 16:13:43.106, 3, 0, 48104, 97887
2026/07/08 16:13:43.121, 4, 0, 75376, 97887
2026/07/08 16:13:43.138, 5, 0, 75376, 97887
2026/07/08 16:13:43.153, 6, 0, 75370, 97887
2026/07/08 16:13:43.165, 7, 0, 75370, 97887
2026/07/08 16:13:44.176, 0, 0, 48704, 97887
2026/07/08 16:13:44.191, 1, 0, 48104, 97887
2026/07/08 16:13:44.207, 2, 0, 48104, 97887
2026/07/08 16:13:44.222, 3, 0, 48104, 97887
2026/07/08 16:13:44.237, 4, 0, 75376, 97887
2026/07/08 16:13:44.253, 5, 0, 75376, 97887
2026/07/08 16:13:44.267, 6, 0, 75370, 97887
2026/07/08 16:13:44.279, 7, 0, 75370, 97887
2026/07/08 16:13:45.292, 0, 0, 48704, 97887
2026/07/08 16:13:45.307, 1, 0, 48104, 97887
2026/07/08 16:13:45.323, 2, 0, 48104, 97887
2026/07/08 16:13:45.342, 3, 0, 48104, 97887
2026/07/08 16:13:45.358, 4, 0, 75376, 97887
2026/07/08 16:13:45.373, 5, 0, 75376, 97887
2026/07/08 16:13:45.389, 6, 0, 75370, 97887
2026/07/08 16:13:45.404, 7, 0, 75370, 97887
2026/07/08 16:13:46.414, 0, 0, 48704, 97887
2026/07/08 16:13:46.429, 1, 0, 48104, 97887
2026/07/08 16:13:46.441, 2, 0, 48104, 97887
2026/07/08 16:13:46.453, 3, 0, 48104, 97887
2026/07/08 16:13:46.466, 4, 0, 75376, 97887
2026/07/08 16:13:46.480, 5, 0, 75376, 97887
2026/07/08 16:13:46.491, 6, 0, 75370, 97887
2026/07/08 16:13:46.503, 7, 0, 75370, 97887
2026/07/08 16:13:47.519, 0, 0, 48704, 97887
2026/07/08 16:13:47.537, 1, 0, 48104, 97887
2026/07/08 16:13:47.551, 2, 0, 48104, 97887
2026/07/08 16:13:47.568, 3, 0, 48104, 97887
2026/07/08 16:13:47.583, 4, 0, 75376, 97887
2026/07/08 16:13:47.598, 5, 0, 75376, 97887
2026/07/08 16:13:47.612, 6, 0, 75370, 97887
2026/07/08 16:13:47.628, 7, 0, 75370, 97887
2026/07/08 16:13:48.639, 0, 0, 48704, 97887
2026/07/08 16:13:48.658, 1, 0, 48104, 97887
2026/07/08 16:13:48.675, 2, 0, 48104, 97887
2026/07/08 16:13:48.693, 3, 0, 48104, 97887
2026/07/08 16:13:48.710, 4, 0, 75376, 97887
2026/07/08 16:13:48.727, 5, 0, 75376, 97887
2026/07/08 16:13:48.746, 6, 0, 75370, 97887
2026/07/08 16:13:48.762, 7, 0, 75370, 97887
2026/07/08 16:13:49.779, 0, 0, 48704, 97887
2026/07/08 16:13:49.794, 1, 0, 48104, 97887
2026/07/08 16:13:49.810, 2, 0, 48104, 97887
2026/07/08 16:13:49.828, 3, 0, 48104, 97887
2026/07/08 16:13:49.846, 4, 0, 75376, 97887
2026/07/08 16:13:49.863, 5, 0, 75376, 97887
2026/07/08 16:13:49.880, 6, 0, 75370, 97887
2026/07/08 16:13:49.895, 7, 0, 75370, 97887
2026/07/08 16:13:50.914, 0, 0, 48704, 97887
2026/07/08 16:13:50.933, 1, 0, 48104, 97887
2026/07/08 16:13:50.951, 2, 0, 48104, 97887
2026/07/08 16:13:50.968, 3, 0, 48104, 97887
2026/07/08 16:13:50.985, 4, 0, 75376, 97887
2026/07/08 16:13:51.000, 5, 0, 75376, 97887
2026/07/08 16:13:51.016, 6, 0, 75370, 97887
2026/07/08 16:13:51.032, 7, 0, 75370, 97887
2026/07/08 16:13:52.049, 0, 0, 48704, 97887
2026/07/08 16:13:52.064, 1, 0, 48104, 97887
2026/07/08 16:13:52.081, 2, 0, 48104, 97887
2026/07/08 16:13:52.097, 3, 0, 48104, 97887
2026/07/08 16:13:52.115, 4, 0, 75376, 97887
2026/07/08 16:13:52.138, 5, 0, 75376, 97887
2026/07/08 16:13:52.154, 6, 0, 75370, 97887
2026/07/08 16:13:52.179, 7, 0, 75370, 97887
2026/07/08 16:13:53.206, 0, 0, 48704, 97887
2026/07/08 16:13:53.223, 1, 0, 48104, 97887
2026/07/08 16:13:53.239, 2, 0, 48104, 97887
2026/07/08 16:13:53.255, 3, 0, 48104, 97887
2026/07/08 16:13:53.270, 4, 0, 75376, 97887
2026/07/08 16:13:53.287, 5, 0, 75376, 97887
2026/07/08 16:13:53.305, 6, 0, 75370, 97887
2026/07/08 16:13:53.323, 7, 0, 75370, 97887
2026/07/08 16:13:54.341, 0, 0, 48704, 97887
2026/07/08 16:13:54.359, 1, 0, 48104, 97887
2026/07/08 16:13:54.374, 2, 0, 48104, 97887
2026/07/08 16:13:54.391, 3, 0, 48104, 97887
2026/07/08 16:13:54.409, 4, 0, 75376, 97887
2026/07/08 16:13:54.427, 5, 0, 75376, 97887
2026/07/08 16:13:54.445, 6, 0, 75370, 97887
2026/07/08 16:13:54.459, 7, 0, 75370, 97887
2026/07/08 16:13:55.476, 0, 0, 48704, 97887
2026/07/08 16:13:55.491, 1, 0, 48104, 97887
2026/07/08 16:13:55.506, 2, 0, 48104, 97887
2026/07/08 16:13:55.525, 3, 0, 48104, 97887
2026/07/08 16:13:55.540, 4, 0, 75376, 97887
2026/07/08 16:13:55.557, 5, 0, 75376, 97887
2026/07/08 16:13:55.571, 6, 0, 75370, 97887
2026/07/08 16:13:55.586, 7, 0, 75370, 97887
2026/07/08 16:13:56.598, 0, 0, 48704, 97887
2026/07/08 16:13:56.612, 1, 0, 48104, 97887
2026/07/08 16:13:56.627, 2, 0, 48104, 97887
2026/07/08 16:13:56.644, 3, 0, 48104, 97887
2026/07/08 16:13:56.658, 4, 0, 75376, 97887
2026/07/08 16:13:56.674, 5, 0, 75376, 97887
2026/07/08 16:13:56.691, 6, 0, 75370, 97887
2026/07/08 16:13:56.704, 7, 0, 75370, 97887
2026/07/08 16:13:57.712, 0, 0, 48704, 97887
2026/07/08 16:13:57.727, 1, 0, 48104, 97887
2026/07/08 16:13:57.746, 2, 0, 48104, 97887
2026/07/08 16:13:57.762, 3, 0, 48104, 97887
2026/07/08 16:13:57.777, 4, 0, 75376, 97887
2026/07/08 16:13:57.791, 5, 0, 75376, 97887
2026/07/08 16:13:57.805, 6, 0, 75370, 97887
2026/07/08 16:13:57.819, 7, 0, 75370, 97887
2026/07/08 16:13:58.831, 0, 0, 48704, 97887
2026/07/08 16:13:58.845, 1, 0, 48104, 97887
2026/07/08 16:13:58.855, 2, 0, 48104, 97887
2026/07/08 16:13:58.870, 3, 0, 48104, 97887
2026/07/08 16:13:58.887, 4, 0, 75376, 97887
2026/07/08 16:13:58.902, 5, 0, 75376, 97887
2026/07/08 16:13:58.919, 6, 0, 75370, 97887
2026/07/08 16:13:58.934, 7, 0, 75370, 97887
2026/07/08 16:13:59.950, 0, 0, 48704, 97887
2026/07/08 16:13:59.967, 1, 0, 48104, 97887
2026/07/08 16:13:59.985, 2, 0, 48104, 97887
2026/07/08 16:14:00.002, 3, 0, 48104, 97887
2026/07/08 16:14:00.019, 4, 0, 75376, 97887
2026/07/08 16:14:00.036, 5, 0, 75376, 97887
2026/07/08 16:14:00.055, 6, 0, 75370, 97887
2026/07/08 16:14:00.074, 7, 0, 75370, 97887
2026/07/08 16:14:01.092, 0, 0, 48704, 97887
2026/07/08 16:14:01.109, 1, 0, 48104, 97887
2026/07/08 16:14:01.124, 2, 0, 48104, 97887
2026/07/08 16:14:01.139, 3, 0, 48104, 97887
2026/07/08 16:14:01.160, 4, 0, 75376, 97887
2026/07/08 16:14:01.172, 5, 0, 75376, 97887
2026/07/08 16:14:01.186, 6, 0, 75370, 97887
2026/07/08 16:14:01.201, 7, 0, 75370, 97887
2026/07/08 16:14:02.216, 0, 0, 48704, 97887
2026/07/08 16:14:02.230, 1, 0, 48104, 97887
2026/07/08 16:14:02.241, 2, 0, 48104, 97887
2026/07/08 16:14:02.256, 3, 0, 48104, 97887
2026/07/08 16:14:02.271, 4, 0, 75376, 97887
2026/07/08 16:14:02.286, 5, 0, 75376, 97887
2026/07/08 16:14:02.299, 6, 0, 75370, 97887
2026/07/08 16:14:02.312, 7, 0, 75370, 97887
2026/07/08 16:14:03.330, 0, 0, 48704, 97887
2026/07/08 16:14:03.346, 1, 0, 48104, 97887
2026/07/08 16:14:03.361, 2, 0, 48104, 97887
2026/07/08 16:14:03.375, 3, 0, 48104, 97887
2026/07/08 16:14:03.392, 4, 0, 75376, 97887
2026/07/08 16:14:03.409, 5, 0, 75376, 97887
2026/07/08 16:14:03.426, 6, 0, 75370, 97887
2026/07/08 16:14:03.444, 7, 0, 75370, 97887
2026/07/08 16:14:04.458, 0, 0, 48704, 97887
2026/07/08 16:14:04.475, 1, 0, 48104, 97887
2026/07/08 16:14:04.493, 2, 0, 48104, 97887
2026/07/08 16:14:04.509, 3, 0, 48104, 97887
2026/07/08 16:14:04.526, 4, 0, 75376, 97887
2026/07/08 16:14:04.541, 5, 0, 75376, 97887
2026/07/08 16:14:04.555, 6, 0, 75370, 97887
2026/07/08 16:14:04.575, 7, 0, 75370, 97887
2026/07/08 16:14:05.590, 0, 0, 48704, 97887
2026/07/08 16:14:05.608, 1, 0, 48104, 97887
2026/07/08 16:14:05.626, 2, 0, 48104, 97887
2026/07/08 16:14:05.644, 3, 0, 48104, 97887
2026/07/08 16:14:05.661, 4, 0, 75376, 97887
2026/07/08 16:14:05.678, 5, 0, 75376, 97887
2026/07/08 16:14:05.696, 6, 0, 75370, 97887
2026/07/08 16:14:05.713, 7, 0, 75370, 97887
2026/07/08 16:14:06.729, 0, 0, 48704, 97887
2026/07/08 16:14:06.747, 1, 0, 48104, 97887
2026/07/08 16:14:06.762, 2, 0, 48104, 97887
2026/07/08 16:14:06.777, 3, 0, 48104, 97887
2026/07/08 16:14:06.794, 4, 0, 75376, 97887
2026/07/08 16:14:06.810, 5, 0, 75376, 97887
2026/07/08 16:14:06.826, 6, 0, 75370, 97887
2026/07/08 16:14:06.841, 7, 0, 75370, 97887
2026/07/08 16:14:07.856, 0, 0, 48704, 97887
2026/07/08 16:14:07.872, 1, 0, 48104, 97887
2026/07/08 16:14:07.888, 2, 0, 48104, 97887
2026/07/08 16:14:07.904, 3, 0, 48104, 97887
2026/07/08 16:14:07.918, 4, 0, 75376, 97887
2026/07/08 16:14:07.933, 5, 0, 75376, 97887
2026/07/08 16:14:07.948, 6, 0, 75370, 97887
2026/07/08 16:14:07.964, 7, 0, 75370, 97887
2026/07/08 16:14:08.980, 0, 0, 48704, 97887
2026/07/08 16:14:08.997, 1, 0, 48104, 97887
2026/07/08 16:14:09.014, 2, 0, 48104, 97887
2026/07/08 16:14:09.029, 3, 0, 48104, 97887
2026/07/08 16:14:09.046, 4, 0, 75376, 97887
2026/07/08 16:14:09.062, 5, 0, 75376, 97887
2026/07/08 16:14:09.082, 6, 0, 75370, 97887
2026/07/08 16:14:09.100, 7, 0, 75370, 97887
2026/07/08 16:14:10.116, 0, 0, 48704, 97887
2026/07/08 16:14:10.135, 1, 0, 48104, 97887
2026/07/08 16:14:10.153, 2, 0, 48104, 97887
2026/07/08 16:14:10.170, 3, 0, 48104, 97887
2026/07/08 16:14:10.191, 4, 0, 75376, 97887
2026/07/08 16:14:10.207, 5, 0, 75376, 97887
2026/07/08 16:14:10.226, 6, 0, 75370, 97887
2026/07/08 16:14:10.241, 7, 0, 75370, 97887
2026/07/08 16:14:11.259, 0, 0, 48704, 97887
2026/07/08 16:14:11.274, 1, 0, 48104, 97887
2026/07/08 16:14:11.289, 2, 0, 48104, 97887
2026/07/08 16:14:11.301, 3, 0, 48104, 97887
2026/07/08 16:14:11.313, 4, 0, 75376, 97887
2026/07/08 16:14:11.330, 5, 0, 75376, 97887
2026/07/08 16:14:11.347, 6, 0, 75370, 97887
2026/07/08 16:14:11.361, 7, 0, 75370, 97887
2026/07/08 16:14:12.375, 0, 0, 48704, 97887
2026/07/08 16:14:12.391, 1, 0, 48104, 97887
2026/07/08 16:14:12.406, 2, 0, 48104, 97887
2026/07/08 16:14:12.420, 3, 0, 48104, 97887
2026/07/08 16:14:12.435, 4, 0, 75376, 97887
2026/07/08 16:14:12.450, 5, 0, 75376, 97887
2026/07/08 16:14:12.467, 6, 0, 75370, 97887
2026/07/08 16:14:12.484, 7, 0, 75370, 97887
2026/07/08 16:14:13.499, 0, 0, 48704, 97887
2026/07/08 16:14:13.517, 1, 0, 48104, 97887
2026/07/08 16:14:13.538, 2, 0, 48104, 97887
2026/07/08 16:14:13.558, 3, 0, 48104, 97887
2026/07/08 16:14:13.574, 4, 0, 75376, 97887
2026/07/08 16:14:13.592, 5, 0, 75376, 97887
2026/07/08 16:14:13.608, 6, 0, 75370, 97887
2026/07/08 16:14:13.626, 7, 0, 75370, 97887
2026/07/08 16:14:14.643, 0, 0, 48704, 97887
2026/07/08 16:14:14.666, 1, 0, 48104, 97887
2026/07/08 16:14:14.684, 2, 0, 48104, 97887
2026/07/08 16:14:14.698, 3, 0, 48104, 97887
2026/07/08 16:14:14.714, 4, 0, 75376, 97887
2026/07/08 16:14:14.730, 5, 0, 75376, 97887
2026/07/08 16:14:14.746, 6, 0, 75370, 97887
2026/07/08 16:14:14.762, 7, 0, 75370, 97887
2026/07/08 16:14:15.777, 0, 0, 48704, 97887
2026/07/08 16:14:15.794, 1, 0, 48104, 97887
2026/07/08 16:14:15.810, 2, 0, 48104, 97887
2026/07/08 16:14:15.826, 3, 0, 48104, 97887
2026/07/08 16:14:15.840, 4, 0, 75376, 97887
2026/07/08 16:14:15.853, 5, 0, 75376, 97887
2026/07/08 16:14:15.867, 6, 0, 75370, 97887
2026/07/08 16:14:15.881, 7, 0, 75370, 97887
2026/07/08 16:14:16.895, 0, 0, 48704, 97887
2026/07/08 16:14:16.912, 1, 0, 48104, 97887
2026/07/08 16:14:16.927, 2, 0, 48104, 97887
2026/07/08 16:14:16.943, 3, 0, 48104, 97887
2026/07/08 16:14:16.958, 4, 0, 75376, 97887
2026/07/08 16:14:16.973, 5, 0, 75376, 97887
2026/07/08 16:14:16.987, 6, 0, 75370, 97887
2026/07/08 16:14:17.002, 7, 0, 75370, 97887
2026/07/08 16:14:18.014, 0, 0, 48704, 97887
2026/07/08 16:14:18.031, 1, 0, 48104, 97887
2026/07/08 16:14:18.056, 2, 0, 48104, 97887
2026/07/08 16:14:18.070, 3, 0, 48104, 97887
2026/07/08 16:14:18.078, 4, 0, 75376, 97887
2026/07/08 16:14:18.088, 5, 0, 75376, 97887
2026/07/08 16:14:18.100, 6, 0, 75370, 97887
2026/07/08 16:14:18.107, 7, 0, 75370, 97887
2026/07/08 16:14:19.117, 0, 0, 48704, 97887
2026/07/08 16:14:19.133, 1, 0, 48104, 97887
2026/07/08 16:14:19.156, 2, 0, 48104, 97887
2026/07/08 16:14:19.170, 3, 0, 48104, 97887
2026/07/08 16:14:19.182, 4, 0, 75376, 97887
2026/07/08 16:14:19.195, 5, 0, 75376, 97887
2026/07/08 16:14:19.210, 6, 0, 75370, 97887
2026/07/08 16:14:19.224, 7, 0, 75370, 97887
2026/07/08 16:14:20.244, 0, 0, 48704, 97887
2026/07/08 16:14:20.260, 1, 0, 48104, 97887
2026/07/08 16:14:20.276, 2, 0, 48104, 97887
2026/07/08 16:14:20.292, 3, 0, 48104, 97887
2026/07/08 16:14:20.306, 4, 0, 75376, 97887
2026/07/08 16:14:20.324, 5, 0, 75376, 97887
2026/07/08 16:14:20.339, 6, 0, 75370, 97887
2026/07/08 16:14:20.355, 7, 0, 75370, 97887
2026/07/08 16:14:21.372, 0, 0, 48704, 97887
2026/07/08 16:14:21.388, 1, 0, 48104, 97887
2026/07/08 16:14:21.406, 2, 0, 48104, 97887
2026/07/08 16:14:21.423, 3, 0, 48104, 97887
2026/07/08 16:14:21.439, 4, 0, 75376, 97887
2026/07/08 16:14:21.458, 5, 0, 75376, 97887
2026/07/08 16:14:21.475, 6, 0, 75370, 97887
2026/07/08 16:14:21.491, 7, 0, 75370, 97887
2026/07/08 16:14:22.508, 0, 0, 48704, 97887
2026/07/08 16:14:22.525, 1, 0, 48104, 97887
2026/07/08 16:14:22.534, 2, 0, 48104, 97887
2026/07/08 16:14:22.546, 3, 0, 48104, 97887
2026/07/08 16:14:22.559, 4, 0, 75376, 97887
2026/07/08 16:14:22.571, 5, 0, 75376, 97887
2026/07/08 16:14:22.581, 6, 0, 75370, 97887
2026/07/08 16:14:22.597, 7, 0, 75370, 97887
2026/07/08 16:14:23.613, 0, 0, 48704, 97887
2026/07/08 16:14:23.630, 1, 0, 48104, 97887
2026/07/08 16:14:23.646, 2, 0, 48104, 97887
2026/07/08 16:14:23.663, 3, 0, 48104, 97887
2026/07/08 16:14:23.680, 4, 0, 75376, 97887
2026/07/08 16:14:23.697, 5, 0, 75376, 97887
2026/07/08 16:14:23.714, 6, 0, 75370, 97887
2026/07/08 16:14:23.731, 7, 0, 75370, 97887
2026/07/08 16:14:24.747, 0, 0, 48704, 97887
2026/07/08 16:14:24.763, 1, 0, 48104, 97887
2026/07/08 16:14:24.777, 2, 0, 48104, 97887
2026/07/08 16:14:24.794, 3, 0, 48104, 97887
2026/07/08 16:14:24.809, 4, 0, 75376, 97887
2026/07/08 16:14:24.825, 5, 0, 75376, 97887
2026/07/08 16:14:24.839, 6, 0, 75370, 97887
2026/07/08 16:14:24.853, 7, 0, 75370, 97887
2026/07/08 16:14:25.865, 0, 0, 48704, 97887
2026/07/08 16:14:25.879, 1, 0, 48104, 97887
2026/07/08 16:14:25.891, 2, 0, 48104, 97887
2026/07/08 16:14:25.905, 3, 0, 48104, 97887
2026/07/08 16:14:25.918, 4, 0, 75376, 97887
2026/07/08 16:14:25.932, 5, 0, 75376, 97887
2026/07/08 16:14:25.944, 6, 0, 75370, 97887
2026/07/08 16:14:25.959, 7, 0, 75370, 97887
2026/07/08 16:14:26.974, 0, 0, 48704, 97887
2026/07/08 16:14:26.990, 1, 0, 48104, 97887
2026/07/08 16:14:27.006, 2, 0, 48104, 97887
2026/07/08 16:14:27.018, 3, 0, 48104, 97887
2026/07/08 16:14:27.031, 4, 0, 75376, 97887
2026/07/08 16:14:27.046, 5, 0, 75376, 97887
2026/07/08 16:14:27.064, 6, 0, 75370, 97887
2026/07/08 16:14:27.078, 7, 0, 75370, 97887
2026/07/08 16:14:28.094, 0, 0, 48704, 97887
2026/07/08 16:14:28.110, 1, 0, 48104, 97887
2026/07/08 16:14:28.128, 2, 0, 48104, 97887
2026/07/08 16:14:28.147, 3, 0, 48104, 97887
2026/07/08 16:14:28.165, 4, 0, 75376, 97887
2026/07/08 16:14:28.181, 5, 0, 75376, 97887
2026/07/08 16:14:28.196, 6, 0, 75370, 97887
2026/07/08 16:14:28.212, 7, 0, 75370, 97887
2026/07/08 16:14:29.229, 0, 0, 48704, 97887
2026/07/08 16:14:29.244, 1, 0, 48104, 97887
2026/07/08 16:14:29.258, 2, 0, 48104, 97887
2026/07/08 16:14:29.275, 3, 0, 48104, 97887
2026/07/08 16:14:29.290, 4, 0, 75376, 97887
2026/07/08 16:14:29.307, 5, 0, 75376, 97887
2026/07/08 16:14:29.323, 6, 0, 75370, 97887
2026/07/08 16:14:29.339, 7, 0, 75370, 97887
2026/07/08 16:14:30.354, 0, 0, 48704, 97887
2026/07/08 16:14:30.370, 1, 0, 48104, 97887
2026/07/08 16:14:30.385, 2, 0, 48104, 97887
2026/07/08 16:14:30.399, 3, 0, 48104, 97887
2026/07/08 16:14:30.415, 4, 0, 75376, 97887
2026/07/08 16:14:30.432, 5, 0, 75376, 97887
2026/07/08 16:14:30.453, 6, 0, 75370, 97887
2026/07/08 16:14:30.463, 7, 0, 75370, 97887
2026/07/08 16:14:31.474, 0, 0, 48704, 97887
2026/07/08 16:14:31.488, 1, 0, 48104, 97887
2026/07/08 16:14:31.503, 2, 0, 48104, 97887
2026/07/08 16:14:31.518, 3, 0, 48104, 97887
2026/07/08 16:14:31.533, 4, 0, 75376, 97887
2026/07/08 16:14:31.548, 5, 0, 75376, 97887
2026/07/08 16:14:31.564, 6, 0, 75370, 97887
2026/07/08 16:14:31.579, 7, 0, 75370, 97887
2026/07/08 16:14:32.596, 0, 0, 48704, 97887
2026/07/08 16:14:32.610, 1, 0, 48104, 97887
2026/07/08 16:14:32.623, 2, 0, 48104, 97887
2026/07/08 16:14:32.638, 3, 0, 48104, 97887
2026/07/08 16:14:32.655, 4, 0, 75376, 97887
2026/07/08 16:14:32.669, 5, 0, 75376, 97887
2026/07/08 16:14:32.683, 6, 0, 75370, 97887
2026/07/08 16:14:32.698, 7, 0, 75370, 97887
2026/07/08 16:14:33.714, 0, 0, 48704, 97887
2026/07/08 16:14:33.730, 1, 0, 48104, 97887
2026/07/08 16:14:33.748, 2, 0, 48104, 97887
2026/07/08 16:14:33.767, 3, 0, 48104, 97887
2026/07/08 16:14:33.783, 4, 0, 75376, 97887
2026/07/08 16:14:33.798, 5, 0, 75376, 97887
2026/07/08 16:14:33.813, 6, 0, 75370, 97887
2026/07/08 16:14:33.826, 7, 0, 75370, 97887
2026/07/08 16:14:34.841, 0, 0, 48704, 97887
2026/07/08 16:14:34.858, 1, 0, 48104, 97887
2026/07/08 16:14:34.871, 2, 0, 48104, 97887
2026/07/08 16:14:34.886, 3, 0, 48104, 97887
2026/07/08 16:14:34.900, 4, 0, 75376, 97887
2026/07/08 16:14:34.915, 5, 0, 75376, 97887
2026/07/08 16:14:34.929, 6, 0, 75370, 97887
2026/07/08 16:14:34.942, 7, 0, 75370, 97887
2026/07/08 16:14:35.952, 0, 0, 48704, 97887
2026/07/08 16:14:35.967, 1, 0, 48104, 97887
2026/07/08 16:14:35.983, 2, 0, 48104, 97887
2026/07/08 16:14:35.999, 3, 0, 48104, 97887
2026/07/08 16:14:36.015, 4, 0, 75376, 97887
2026/07/08 16:14:36.031, 5, 0, 75376, 97887
2026/07/08 16:14:36.047, 6, 0, 75370, 97887
2026/07/08 16:14:36.063, 7, 0, 75370, 97887
2026/07/08 16:14:37.079, 0, 0, 48704, 97887
2026/07/08 16:14:37.093, 1, 0, 48104, 97887
2026/07/08 16:14:37.108, 2, 0, 48104, 97887
2026/07/08 16:14:37.119, 3, 0, 48104, 97887
2026/07/08 16:14:37.133, 4, 0, 75376, 97887
2026/07/08 16:14:37.145, 5, 0, 75376, 97887
2026/07/08 16:14:37.158, 6, 0, 75370, 97887
2026/07/08 16:14:37.173, 7, 0, 75370, 97887
2026/07/08 16:14:38.187, 0, 0, 48704, 97887
2026/07/08 16:14:38.200, 1, 0, 48104, 97887
2026/07/08 16:14:38.213, 2, 0, 48104, 97887
2026/07/08 16:14:38.228, 3, 0, 48104, 97887
2026/07/08 16:14:38.241, 4, 0, 75376, 97887
2026/07/08 16:14:38.253, 5, 0, 75376, 97887
2026/07/08 16:14:38.264, 6, 0, 75370, 97887
2026/07/08 16:14:38.278, 7, 0, 75370, 97887
2026/07/08 16:14:39.292, 0, 0, 48704, 97887
2026/07/08 16:14:39.313, 1, 0, 48104, 97887
2026/07/08 16:14:39.331, 2, 0, 48104, 97887
2026/07/08 16:14:39.345, 3, 0, 48104, 97887
2026/07/08 16:14:39.359, 4, 0, 75376, 97887
2026/07/08 16:14:39.374, 5, 0, 75376, 97887
2026/07/08 16:14:39.393, 6, 0, 75370, 97887
2026/07/08 16:14:39.412, 7, 0, 75370, 97887
2026/07/08 16:14:40.428, 0, 0, 48704, 97887
2026/07/08 16:14:40.442, 1, 0, 48104, 97887
2026/07/08 16:14:40.455, 2, 0, 48104, 97887
2026/07/08 16:14:40.470, 3, 0, 48104, 97887
2026/07/08 16:14:40.487, 4, 0, 75376, 97887
2026/07/08 16:14:40.503, 5, 0, 75376, 97887
2026/07/08 16:14:40.522, 6, 0, 75370, 97887
2026/07/08 16:14:40.538, 7, 0, 75370, 97887
2026/07/08 16:14:41.553, 0, 0, 48704, 97887
2026/07/08 16:14:41.569, 1, 0, 48104, 97887
2026/07/08 16:14:41.585, 2, 0, 48104, 97887
2026/07/08 16:14:41.602, 3, 0, 48104, 97887
2026/07/08 16:14:41.614, 4, 0, 75376, 97887
2026/07/08 16:14:41.630, 5, 0, 75376, 97887
2026/07/08 16:14:41.650, 6, 0, 75370, 97887
2026/07/08 16:14:41.667, 7, 0, 75370, 97887
2026/07/08 16:14:42.684, 0, 0, 48704, 97887
2026/07/08 16:14:42.701, 1, 0, 48104, 97887
2026/07/08 16:14:42.718, 2, 0, 48104, 97887
2026/07/08 16:14:42.731, 3, 0, 48104, 97887
2026/07/08 16:14:42.746, 4, 0, 75376, 97887
2026/07/08 16:14:42.763, 5, 0, 75376, 97887
2026/07/08 16:14:42.779, 6, 0, 75370, 97887
2026/07/08 16:14:42.796, 7, 0, 75370, 97887
2026/07/08 16:14:43.811, 0, 0, 48704, 97887
2026/07/08 16:14:43.828, 1, 0, 48104, 97887
2026/07/08 16:14:43.845, 2, 0, 48104, 97887
2026/07/08 16:14:43.860, 3, 0, 48104, 97887
2026/07/08 16:14:43.876, 4, 0, 75376, 97887
2026/07/08 16:14:43.891, 5, 0, 75376, 97887
2026/07/08 16:14:43.906, 6, 0, 75370, 97887
2026/07/08 16:14:43.923, 7, 0, 75370, 97887
2026/07/08 16:14:44.939, 0, 0, 48704, 97887
2026/07/08 16:14:44.954, 1, 0, 48104, 97887
2026/07/08 16:14:44.966, 2, 0, 48104, 97887
2026/07/08 16:14:44.981, 3, 0, 48104, 97887
2026/07/08 16:14:44.997, 4, 0, 75376, 97887
2026/07/08 16:14:45.007, 5, 0, 75376, 97887
2026/07/08 16:14:45.017, 6, 0, 75370, 97887
2026/07/08 16:14:45.028, 7, 0, 75370, 97887
2026/07/08 16:14:46.040, 0, 0, 48704, 97887
2026/07/08 16:14:46.056, 1, 0, 48104, 97887
2026/07/08 16:14:46.070, 2, 0, 48104, 97887
2026/07/08 16:14:46.085, 3, 0, 48104, 97887
2026/07/08 16:14:46.096, 4, 0, 75376, 97887
2026/07/08 16:14:46.111, 5, 0, 75376, 97887
2026/07/08 16:14:46.123, 6, 0, 75370, 97887
2026/07/08 16:14:46.139, 7, 0, 75370, 97887
2026/07/08 16:14:47.153, 0, 0, 48704, 97887
2026/07/08 16:14:47.167, 1, 0, 48104, 97887
2026/07/08 16:14:47.184, 2, 0, 48104, 97887
2026/07/08 16:14:47.201, 3, 0, 48104, 97887
2026/07/08 16:14:47.217, 4, 0, 75376, 97887
2026/07/08 16:14:47.233, 5, 0, 75376, 97887
2026/07/08 16:14:47.253, 6, 0, 75370, 97887
2026/07/08 16:14:47.269, 7, 0, 75370, 97887
2026/07/08 16:14:48.286, 0, 0, 48704, 97887
2026/07/08 16:14:48.304, 1, 0, 48104, 97887
2026/07/08 16:14:48.321, 2, 0, 48104, 97887
2026/07/08 16:14:48.337, 3, 0, 48104, 97887
2026/07/08 16:14:48.354, 4, 0, 75376, 97887
2026/07/08 16:14:48.370, 5, 0, 75376, 97887
2026/07/08 16:14:48.385, 6, 0, 75370, 97887
2026/07/08 16:14:48.401, 7, 0, 75370, 97887
2026/07/08 16:14:49.419, 0, 0, 48704, 97887
2026/07/08 16:14:49.436, 1, 0, 48104, 97887
2026/07/08 16:14:49.452, 2, 0, 48104, 97887
2026/07/08 16:14:49.471, 3, 0, 48104, 97887
2026/07/08 16:14:49.486, 4, 0, 75376, 97887
2026/07/08 16:14:49.500, 5, 0, 75376, 97887
2026/07/08 16:14:49.515, 6, 0, 75370, 97887
2026/07/08 16:14:49.531, 7, 0, 75370, 97887
2026/07/08 16:14:50.548, 0, 0, 48704, 97887
2026/07/08 16:14:50.565, 1, 0, 48104, 97887
2026/07/08 16:14:50.582, 2, 0, 48104, 97887
2026/07/08 16:14:50.599, 3, 0, 48104, 97887
2026/07/08 16:14:50.615, 4, 0, 75376, 97887
2026/07/08 16:14:50.633, 5, 0, 75376, 97887
2026/07/08 16:14:50.650, 6, 0, 75370, 97887
2026/07/08 16:14:50.667, 7, 0, 75370, 97887
2026/07/08 16:14:51.685, 0, 0, 48704, 97887
2026/07/08 16:14:51.698, 1, 0, 48104, 97887
2026/07/08 16:14:51.717, 2, 0, 48104, 97887
2026/07/08 16:14:51.735, 3, 0, 48104, 97887
2026/07/08 16:14:51.750, 4, 0, 75376, 97887
2026/07/08 16:14:51.764, 5, 0, 75376, 97887
2026/07/08 16:14:51.774, 6, 0, 75370, 97887
2026/07/08 16:14:51.788, 7, 0, 75370, 97887
2026/07/08 16:14:52.805, 0, 0, 48704, 97887
2026/07/08 16:14:52.824, 1, 0, 48104, 97887
2026/07/08 16:14:52.842, 2, 0, 48104, 97887
2026/07/08 16:14:52.857, 3, 0, 48104, 97887
2026/07/08 16:14:52.875, 4, 0, 75376, 97887
2026/07/08 16:14:52.893, 5, 0, 75376, 97887
2026/07/08 16:14:52.910, 6, 0, 75370, 97887
2026/07/08 16:14:52.926, 7, 0, 75370, 97887
2026/07/08 16:14:53.942, 0, 0, 48704, 97887
2026/07/08 16:14:53.960, 1, 0, 48104, 97887
2026/07/08 16:14:53.975, 2, 0, 48104, 97887
2026/07/08 16:14:53.995, 3, 0, 48104, 97887
2026/07/08 16:14:54.010, 4, 0, 75376, 97887
2026/07/08 16:14:54.024, 5, 0, 75376, 97887
2026/07/08 16:14:54.038, 6, 0, 75370, 97887
2026/07/08 16:14:54.051, 7, 0, 75370, 97887
2026/07/08 16:14:55.064, 0, 0, 48704, 97887
2026/07/08 16:14:55.079, 1, 0, 48104, 97887
2026/07/08 16:14:55.090, 2, 0, 48104, 97887
2026/07/08 16:14:55.102, 3, 0, 48104, 97887
2026/07/08 16:14:55.116, 4, 0, 75376, 97887
2026/07/08 16:14:55.128, 5, 0, 75376, 97887
2026/07/08 16:14:55.141, 6, 0, 75370, 97887
2026/07/08 16:14:55.158, 7, 0, 75370, 97887
2026/07/08 16:14:56.176, 0, 0, 48704, 97887
2026/07/08 16:14:56.191, 1, 0, 48104, 97887
2026/07/08 16:14:56.206, 2, 0, 48104, 97887
2026/07/08 16:14:56.221, 3, 0, 48104, 97887
2026/07/08 16:14:56.238, 4, 0, 75376, 97887
2026/07/08 16:14:56.255, 5, 0, 75376, 97887
2026/07/08 16:14:56.271, 6, 0, 75370, 97887
2026/07/08 16:14:56.287, 7, 0, 75370, 97887
2026/07/08 16:14:57.303, 0, 0, 48704, 97887
2026/07/08 16:14:57.321, 1, 0, 48104, 97887
2026/07/08 16:14:57.335, 2, 0, 48104, 97887
2026/07/08 16:14:57.352, 3, 0, 48104, 97887
2026/07/08 16:14:57.369, 4, 0, 75376, 97887
2026/07/08 16:14:57.386, 5, 0, 75376, 97887
2026/07/08 16:14:57.404, 6, 0, 75370, 97887
2026/07/08 16:14:57.420, 7, 0, 75370, 97887
2026/07/08 16:14:58.437, 0, 0, 48704, 97887
2026/07/08 16:14:58.452, 1, 0, 48104, 97887
2026/07/08 16:14:58.467, 2, 0, 48104, 97887
2026/07/08 16:14:58.484, 3, 0, 48104, 97887
2026/07/08 16:14:58.503, 4, 0, 75376, 97887
2026/07/08 16:14:58.519, 5, 0, 75376, 97887
2026/07/08 16:14:58.534, 6, 0, 75370, 97887
2026/07/08 16:14:58.548, 7, 0, 75370, 97887
2026/07/08 16:14:59.562, 0, 0, 48704, 97887
2026/07/08 16:14:59.585, 1, 0, 48104, 97887
2026/07/08 16:14:59.604, 2, 0, 48104, 97887
2026/07/08 16:14:59.622, 3, 0, 48104, 97887
2026/07/08 16:14:59.638, 4, 0, 75376, 97887
2026/07/08 16:14:59.652, 5, 0, 75376, 97887
2026/07/08 16:14:59.666, 6, 0, 75370, 97887
2026/07/08 16:14:59.680, 7, 0, 75370, 97887
2026/07/08 16:15:00.696, 0, 0, 48704, 97887
2026/07/08 16:15:00.710, 1, 0, 48104, 97887
2026/07/08 16:15:00.726, 2, 0, 48104, 97887
2026/07/08 16:15:00.741, 3, 0, 48104, 97887
2026/07/08 16:15:00.754, 4, 0, 75376, 97887
2026/07/08 16:15:00.768, 5, 0, 75376, 97887
2026/07/08 16:15:00.784, 6, 0, 75370, 97887
2026/07/08 16:15:00.801, 7, 0, 75370, 97887
2026/07/08 16:15:01.817, 0, 0, 48704, 97887
2026/07/08 16:15:01.827, 1, 0, 48104, 97887
2026/07/08 16:15:01.840, 2, 0, 48104, 97887
2026/07/08 16:15:01.854, 3, 0, 48104, 97887
2026/07/08 16:15:01.867, 4, 0, 75376, 97887
2026/07/08 16:15:01.885, 5, 0, 75376, 97887
2026/07/08 16:15:01.902, 6, 0, 75370, 97887
2026/07/08 16:15:01.917, 7, 0, 75370, 97887
2026/07/08 16:15:02.932, 0, 0, 48704, 97887
2026/07/08 16:15:02.946, 1, 0, 48104, 97887
2026/07/08 16:15:02.960, 2, 0, 48104, 97887
2026/07/08 16:15:02.975, 3, 0, 48104, 97887
2026/07/08 16:15:02.989, 4, 0, 75376, 97887
2026/07/08 16:15:03.004, 5, 0, 75376, 97887
2026/07/08 16:15:03.016, 6, 0, 75370, 97887
2026/07/08 16:15:03.028, 7, 0, 75370, 97887
2026/07/08 16:15:04.041, 0, 0, 48704, 97887
2026/07/08 16:15:04.055, 1, 0, 48104, 97887
2026/07/08 16:15:04.069, 2, 0, 48104, 97887
2026/07/08 16:15:04.080, 3, 0, 48104, 97887
2026/07/08 16:15:04.088, 4, 0, 75376, 97887
2026/07/08 16:15:04.097, 5, 0, 75376, 97887
2026/07/08 16:15:04.104, 6, 0, 75370, 97887
2026/07/08 16:15:04.111, 7, 0, 75370, 97887
2026/07/08 16:15:05.117, 0, 0, 48704, 97887
2026/07/08 16:15:05.131, 1, 0, 48104, 97887
2026/07/08 16:15:05.147, 2, 0, 48104, 97887
2026/07/08 16:15:05.165, 3, 0, 48104, 97887
2026/07/08 16:15:05.180, 4, 0, 75376, 97887
2026/07/08 16:15:05.194, 5, 0, 75376, 97887
2026/07/08 16:15:05.212, 6, 0, 75370, 97887
2026/07/08 16:15:05.227, 7, 0, 75370, 97887
2026/07/08 16:15:06.244, 0, 0, 48704, 97887
2026/07/08 16:15:06.264, 1, 0, 48104, 97887
2026/07/08 16:15:06.282, 2, 0, 48104, 97887
2026/07/08 16:15:06.298, 3, 0, 48104, 97887
2026/07/08 16:15:06.314, 4, 0, 75376, 97887
2026/07/08 16:15:06.331, 5, 0, 75376, 97887
2026/07/08 16:15:06.351, 6, 0, 75370, 97887
2026/07/08 16:15:06.369, 7, 0, 75370, 97887
2026/07/08 16:15:07.387, 0, 0, 48704, 97887
2026/07/08 16:15:07.402, 1, 0, 48104, 97887
2026/07/08 16:15:07.414, 2, 0, 48104, 97887
2026/07/08 16:15:07.430, 3, 0, 48104, 97887
2026/07/08 16:15:07.446, 4, 0, 75376, 97887
2026/07/08 16:15:07.462, 5, 0, 75376, 97887
2026/07/08 16:15:07.476, 6, 0, 75370, 97887
2026/07/08 16:15:07.492, 7, 0, 75370, 97887
2026/07/08 16:15:08.508, 0, 0, 48704, 97887
2026/07/08 16:15:08.523, 1, 0, 48104, 97887
2026/07/08 16:15:08.541, 2, 0, 48104, 97887
2026/07/08 16:15:08.559, 3, 0, 48104, 97887
2026/07/08 16:15:08.572, 4, 0, 75376, 97887
2026/07/08 16:15:08.589, 5, 0, 75376, 97887
2026/07/08 16:15:08.621, 6, 0, 75370, 97887
2026/07/08 16:15:08.646, 7, 0, 75370, 97887
2026/07/08 16:15:09.666, 0, 0, 48704, 97887
2026/07/08 16:15:09.681, 1, 0, 48104, 97887
2026/07/08 16:15:09.695, 2, 0, 48104, 97887
2026/07/08 16:15:09.709, 3, 0, 48104, 97887
2026/07/08 16:15:09.724, 4, 0, 75376, 97887
2026/07/08 16:15:09.739, 5, 0, 75376, 97887
2026/07/08 16:15:09.754, 6, 0, 75370, 97887
2026/07/08 16:15:09.770, 7, 0, 75370, 97887
2026/07/08 16:15:10.785, 0, 0, 48704, 97887
2026/07/08 16:15:10.805, 1, 0, 48104, 97887
2026/07/08 16:15:10.822, 2, 0, 48104, 97887
2026/07/08 16:15:10.842, 3, 0, 48104, 97887
2026/07/08 16:15:10.857, 4, 0, 75376, 97887
2026/07/08 16:15:10.873, 5, 0, 75376, 97887
2026/07/08 16:15:10.888, 6, 0, 75370, 97887
2026/07/08 16:15:10.902, 7, 0, 75370, 97887
2026/07/08 16:15:11.915, 0, 0, 48704, 97887
2026/07/08 16:15:11.933, 1, 0, 48104, 97887
2026/07/08 16:15:11.950, 2, 0, 48104, 97887
2026/07/08 16:15:11.967, 3, 0, 48104, 97887
2026/07/08 16:15:11.983, 4, 0, 75376, 97887
2026/07/08 16:15:12.000, 5, 0, 75376, 97887
2026/07/08 16:15:12.017, 6, 0, 75370, 97887
2026/07/08 16:15:12.031, 7, 0, 75370, 97887
2026/07/08 16:15:13.040, 0, 0, 48704, 97887
2026/07/08 16:15:13.055, 1, 0, 48104, 97887
2026/07/08 16:15:13.068, 2, 0, 48104, 97887
2026/07/08 16:15:13.082, 3, 0, 48104, 97887
2026/07/08 16:15:13.093, 4, 0, 75376, 97887
2026/07/08 16:15:13.105, 5, 0, 75376, 97887
2026/07/08 16:15:13.118, 6, 0, 75370, 97887
2026/07/08 16:15:13.133, 7, 0, 75370, 97887
2026/07/08 16:15:14.145, 0, 0, 48704, 97887
2026/07/08 16:15:14.157, 1, 0, 48104, 97887
2026/07/08 16:15:14.162, 2, 0, 48104, 97887
2026/07/08 16:15:14.180, 3, 0, 48104, 97887
2026/07/08 16:15:14.196, 4, 0, 75376, 97887
2026/07/08 16:15:14.208, 5, 0, 75376, 97887
2026/07/08 16:15:14.218, 6, 0, 75370, 97887
2026/07/08 16:15:14.230, 7, 0, 75370, 97887
2026/07/08 16:15:15.242, 0, 0, 48704, 97887
2026/07/08 16:15:15.253, 1, 0, 48104, 97887
2026/07/08 16:15:15.262, 2, 0, 48104, 97887
2026/07/08 16:15:15.271, 3, 0, 48104, 97887
2026/07/08 16:15:15.279, 4, 0, 75376, 97887
2026/07/08 16:15:15.286, 5, 0, 75376, 97887
2026/07/08 16:15:15.293, 6, 0, 75370, 97887
2026/07/08 16:15:15.305, 7, 0, 75370, 97887
2026/07/08 16:15:16.315, 0, 0, 48704, 97887
2026/07/08 16:15:16.327, 1, 0, 48104, 97887
2026/07/08 16:15:16.337, 2, 0, 48104, 97887
2026/07/08 16:15:16.348, 3, 0, 48104, 97887
2026/07/08 16:15:16.358, 4, 0, 75376, 97887
2026/07/08 16:15:16.368, 5, 0, 75376, 97887
2026/07/08 16:15:16.379, 6, 0, 75370, 97887
2026/07/08 16:15:16.393, 7, 0, 75370, 97887
2026/07/08 16:15:17.408, 0, 0, 48704, 97887
2026/07/08 16:15:17.422, 1, 0, 48104, 97887
2026/07/08 16:15:17.432, 2, 0, 48104, 97887
2026/07/08 16:15:17.444, 3, 0, 48104, 97887
2026/07/08 16:15:17.456, 4, 0, 75376, 97887
2026/07/08 16:15:17.468, 5, 0, 75376, 97887
2026/07/08 16:15:17.480, 6, 0, 75370, 97887
2026/07/08 16:15:17.490, 7, 0, 75370, 97887
2026/07/08 16:15:18.502, 0, 0, 48704, 97887
2026/07/08 16:15:18.517, 1, 0, 48104, 97887
2026/07/08 16:15:18.529, 2, 0, 48104, 97887
2026/07/08 16:15:18.543, 3, 0, 48104, 97887
2026/07/08 16:15:18.559, 4, 0, 75376, 97887
2026/07/08 16:15:18.575, 5, 0, 75376, 97887
2026/07/08 16:15:18.591, 6, 0, 75370, 97887
2026/07/08 16:15:18.607, 7, 0, 75370, 97887
2026/07/08 16:15:19.623, 0, 0, 48704, 97887
2026/07/08 16:15:19.639, 1, 0, 48104, 97887
2026/07/08 16:15:19.673, 2, 0, 48104, 97887
2026/07/08 16:15:19.699, 3, 0, 48104, 97887
2026/07/08 16:15:19.720, 4, 0, 75376, 97887
2026/07/08 16:15:19.733, 5, 0, 75376, 97887
2026/07/08 16:15:19.755, 6, 0, 75370, 97887
2026/07/08 16:15:19.767, 7, 0, 75370, 97887
2026/07/08 16:15:20.788, 0, 0, 48704, 97887
2026/07/08 16:15:20.805, 1, 0, 48104, 97887
2026/07/08 16:15:20.823, 2, 0, 48104, 97887
2026/07/08 16:15:20.841, 3, 0, 48104, 97887
2026/07/08 16:15:20.859, 4, 0, 75376, 97887
2026/07/08 16:15:20.877, 5, 0, 75376, 97887
2026/07/08 16:15:20.895, 6, 0, 75370, 97887
2026/07/08 16:15:20.914, 7, 0, 75370, 97887
2026/07/08 16:15:21.931, 0, 0, 48704, 97887
2026/07/08 16:15:21.947, 1, 0, 48104, 97887
2026/07/08 16:15:21.970, 2, 0, 48104, 97887
2026/07/08 16:15:21.984, 3, 0, 48104, 97887
2026/07/08 16:15:21.999, 4, 0, 75376, 97887
2026/07/08 16:15:22.011, 5, 0, 75376, 97887
2026/07/08 16:15:22.026, 6, 0, 75370, 97887
2026/07/08 16:15:22.038, 7, 0, 75370, 97887
2026/07/08 16:15:23.051, 0, 0, 48704, 97887
2026/07/08 16:15:23.067, 1, 0, 48104, 97887
2026/07/08 16:15:23.079, 2, 0, 48104, 97887
2026/07/08 16:15:23.090, 3, 0, 48104, 97887
2026/07/08 16:15:23.103, 4, 0, 75376, 97887
2026/07/08 16:15:23.117, 5, 0, 75376, 97887
2026/07/08 16:15:23.133, 6, 0, 75370, 97887
2026/07/08 16:15:23.149, 7, 0, 75370, 97887
2026/07/08 16:15:24.162, 0, 0, 48704, 97887
2026/07/08 16:15:24.180, 1, 0, 48104, 97887
2026/07/08 16:15:24.196, 2, 0, 48104, 97887
2026/07/08 16:15:24.209, 3, 0, 48104, 97887
2026/07/08 16:15:24.223, 4, 0, 75376, 97887
2026/07/08 16:15:24.238, 5, 0, 75376, 97887
2026/07/08 16:15:24.255, 6, 0, 75370, 97887
2026/07/08 16:15:24.269, 7, 0, 75370, 97887
2026/07/08 16:15:25.286, 0, 0, 48704, 97887
2026/07/08 16:15:25.306, 1, 0, 48104, 97887
2026/07/08 16:15:25.325, 2, 0, 48104, 97887
2026/07/08 16:15:25.340, 3, 0, 48104, 97887
2026/07/08 16:15:25.360, 4, 0, 75376, 97887
2026/07/08 16:15:25.382, 5, 0, 75376, 97887
2026/07/08 16:15:25.397, 6, 0, 75370, 97887
2026/07/08 16:15:25.411, 7, 0, 75370, 97887
2026/07/08 16:15:26.424, 0, 0, 48704, 97887
2026/07/08 16:15:26.439, 1, 0, 48104, 97887
2026/07/08 16:15:26.453, 2, 0, 48104, 97887
2026/07/08 16:15:26.469, 3, 0, 48104, 97887
2026/07/08 16:15:26.484, 4, 0, 75376, 97887
2026/07/08 16:15:26.498, 5, 0, 75376, 97887
2026/07/08 16:15:26.514, 6, 0, 75370, 97887
2026/07/08 16:15:26.532, 7, 0, 75370, 97887
2026/07/08 16:15:27.553, 0, 0, 48704, 97887
2026/07/08 16:15:27.573, 1, 0, 48104, 97887
2026/07/08 16:15:27.587, 2, 0, 48104, 97887
2026/07/08 16:15:27.602, 3, 0, 48104, 97887
2026/07/08 16:15:27.618, 4, 0, 75376, 97887
2026/07/08 16:15:27.635, 5, 0, 75376, 97887
2026/07/08 16:15:27.654, 6, 0, 75370, 97887
2026/07/08 16:15:27.670, 7, 0, 75370, 97887
2026/07/08 16:15:28.686, 0, 0, 48704, 97887
2026/07/08 16:15:28.702, 1, 0, 48104, 97887
2026/07/08 16:15:28.716, 2, 0, 48104, 97887
2026/07/08 16:15:28.727, 3, 0, 48104, 97887
2026/07/08 16:15:28.737, 4, 0, 75376, 97887
2026/07/08 16:15:28.751, 5, 0, 75376, 97887
2026/07/08 16:15:28.766, 6, 0, 75370, 97887
2026/07/08 16:15:28.781, 7, 0, 75370, 97887
2026/07/08 16:15:29.798, 0, 0, 48704, 97887
2026/07/08 16:15:29.812, 1, 0, 48104, 97887
2026/07/08 16:15:29.823, 2, 0, 48104, 97887
2026/07/08 16:15:29.836, 3, 0, 48104, 97887
2026/07/08 16:15:29.851, 4, 0, 75376, 97887
2026/07/08 16:15:29.867, 5, 0, 75376, 97887
2026/07/08 16:15:29.887, 6, 0, 75370, 97887
2026/07/08 16:15:29.903, 7, 0, 75370, 97887
2026/07/08 16:15:30.919, 0, 0, 48704, 97887
2026/07/08 16:15:30.937, 1, 0, 48104, 97887
2026/07/08 16:15:30.951, 2, 0, 48104, 97887
2026/07/08 16:15:30.966, 3, 0, 48104, 97887
2026/07/08 16:15:30.979, 4, 0, 75376, 97887
2026/07/08 16:15:30.994, 5, 0, 75376, 97887
2026/07/08 16:15:31.009, 6, 0, 75370, 97887
2026/07/08 16:15:31.023, 7, 0, 75370, 97887
2026/07/08 16:15:32.036, 0, 0, 48704, 97887
2026/07/08 16:15:32.051, 1, 0, 48104, 97887
2026/07/08 16:15:32.070, 2, 0, 48104, 97887
2026/07/08 16:15:32.081, 3, 0, 48104, 97887
2026/07/08 16:15:32.091, 4, 0, 75376, 97887
2026/07/08 16:15:32.106, 5, 0, 75376, 97887
2026/07/08 16:15:32.123, 6, 0, 75370, 97887
2026/07/08 16:15:32.139, 7, 0, 75370, 97887
2026/07/08 16:15:33.158, 0, 0, 48704, 97887
2026/07/08 16:15:33.174, 1, 0, 48104, 97887
2026/07/08 16:15:33.189, 2, 0, 48104, 97887
2026/07/08 16:15:33.203, 3, 0, 48104, 97887
2026/07/08 16:15:33.217, 4, 0, 75376, 97887
2026/07/08 16:15:33.231, 5, 0, 75376, 97887
2026/07/08 16:15:33.245, 6, 0, 75370, 97887
2026/07/08 16:15:33.262, 7, 0, 75370, 97887
2026/07/08 16:15:34.280, 0, 0, 48704, 97887
2026/07/08 16:15:34.297, 1, 0, 48104, 97887
2026/07/08 16:15:34.311, 2, 0, 48104, 97887
2026/07/08 16:15:34.327, 3, 0, 48104, 97887
2026/07/08 16:15:34.338, 4, 0, 75376, 97887
2026/07/08 16:15:34.350, 5, 0, 75376, 97887
2026/07/08 16:15:34.366, 6, 0, 75370, 97887
2026/07/08 16:15:34.379, 7, 0, 75370, 97887
2026/07/08 16:15:35.394, 0, 0, 48704, 97887
2026/07/08 16:15:35.413, 1, 0, 48104, 97887
2026/07/08 16:15:35.429, 2, 0, 48104, 97887
2026/07/08 16:15:35.447, 3, 0, 48104, 97887
2026/07/08 16:15:35.462, 4, 0, 75376, 97887
2026/07/08 16:15:35.478, 5, 0, 75376, 97887
2026/07/08 16:15:35.495, 6, 0, 75370, 97887
2026/07/08 16:15:35.510, 7, 0, 75370, 97887
2026/07/08 16:15:36.524, 0, 0, 48704, 97887
2026/07/08 16:15:36.541, 1, 0, 48104, 97887
2026/07/08 16:15:36.558, 2, 0, 48104, 97887
2026/07/08 16:15:36.575, 3, 0, 48104, 97887
2026/07/08 16:15:36.594, 4, 0, 75376, 97887
2026/07/08 16:15:36.612, 5, 0, 75376, 97887
2026/07/08 16:15:36.627, 6, 0, 75370, 97887
2026/07/08 16:15:36.642, 7, 0, 75370, 97887
2026/07/08 16:15:37.658, 0, 0, 48704, 97887
2026/07/08 16:15:37.675, 1, 0, 48104, 97887
2026/07/08 16:15:37.691, 2, 0, 48104, 97887
2026/07/08 16:15:37.706, 3, 0, 48104, 97887
2026/07/08 16:15:37.722, 4, 0, 75376, 97887
2026/07/08 16:15:37.738, 5, 0, 75376, 97887
2026/07/08 16:15:37.753, 6, 0, 75370, 97887
2026/07/08 16:15:37.768, 7, 0, 75370, 97887
2026/07/08 16:15:38.780, 0, 0, 48704, 97887
2026/07/08 16:15:38.794, 1, 0, 48104, 97887
2026/07/08 16:15:38.808, 2, 0, 48104, 97887
2026/07/08 16:15:38.823, 3, 0, 48104, 97887
2026/07/08 16:15:38.838, 4, 0, 75376, 97887
2026/07/08 16:15:38.854, 5, 0, 75376, 97887
2026/07/08 16:15:38.869, 6, 0, 75370, 97887
2026/07/08 16:15:38.886, 7, 0, 75370, 97887
2026/07/08 16:15:39.901, 0, 0, 48704, 97887
2026/07/08 16:15:39.916, 1, 0, 48104, 97887
2026/07/08 16:15:39.931, 2, 0, 48104, 97887
2026/07/08 16:15:39.946, 3, 0, 48104, 97887
2026/07/08 16:15:39.960, 4, 0, 75376, 97887
2026/07/08 16:15:39.974, 5, 0, 75376, 97887
2026/07/08 16:15:39.988, 6, 0, 75370, 97887
2026/07/08 16:15:40.006, 7, 0, 75370, 97887
2026/07/08 16:15:41.021, 0, 0, 48704, 97887
2026/07/08 16:15:41.039, 1, 0, 48104, 97887
2026/07/08 16:15:41.056, 2, 0, 48104, 97887
2026/07/08 16:15:41.073, 3, 0, 48104, 97887
2026/07/08 16:15:41.086, 4, 0, 75376, 97887
2026/07/08 16:15:41.102, 5, 0, 75376, 97887
2026/07/08 16:15:41.117, 6, 0, 75370, 97887
2026/07/08 16:15:41.133, 7, 0, 75370, 97887
2026/07/08 16:15:42.150, 0, 0, 48704, 97887
2026/07/08 16:15:42.161, 1, 0, 48104, 97887
2026/07/08 16:15:42.173, 2, 0, 48104, 97887
2026/07/08 16:15:42.187, 3, 0, 48104, 97887
2026/07/08 16:15:42.200, 4, 0, 75376, 97887
2026/07/08 16:15:42.212, 5, 0, 75376, 97887
2026/07/08 16:15:42.227, 6, 0, 75370, 97887
2026/07/08 16:15:42.244, 7, 0, 75370, 97887
2026/07/08 16:15:43.259, 0, 0, 48704, 97887
2026/07/08 16:15:43.273, 1, 0, 48104, 97887
2026/07/08 16:15:43.287, 2, 0, 48104, 97887
2026/07/08 16:15:43.302, 3, 0, 48104, 97887
2026/07/08 16:15:43.317, 4, 0, 75376, 97887
2026/07/08 16:15:43.330, 5, 0, 75376, 97887
2026/07/08 16:15:43.344, 6, 0, 75370, 97887
2026/07/08 16:15:43.357, 7, 0, 75370, 97887
2026/07/08 16:15:44.372, 0, 0, 48704, 97887
2026/07/08 16:15:44.390, 1, 0, 48104, 97887
2026/07/08 16:15:44.406, 2, 0, 48104, 97887
2026/07/08 16:15:44.423, 3, 0, 48104, 97887
2026/07/08 16:15:44.438, 4, 0, 75376, 97887
2026/07/08 16:15:44.454, 5, 0, 75376, 97887
2026/07/08 16:15:44.470, 6, 0, 75370, 97887
2026/07/08 16:15:44.487, 7, 0, 75370, 97887
2026/07/08 16:15:45.503, 0, 0, 48704, 97887
2026/07/08 16:15:45.519, 1, 0, 48104, 97887
2026/07/08 16:15:45.537, 2, 0, 48104, 97887
2026/07/08 16:15:45.550, 3, 0, 48104, 97887
2026/07/08 16:15:45.567, 4, 0, 75376, 97887
2026/07/08 16:15:45.582, 5, 0, 75376, 97887
2026/07/08 16:15:45.594, 6, 0, 75370, 97887
2026/07/08 16:15:45.608, 7, 0, 75370, 97887
2026/07/08 16:15:46.622, 0, 0, 48704, 97887
2026/07/08 16:15:46.638, 1, 0, 48104, 97887
2026/07/08 16:15:46.652, 2, 0, 48104, 97887
2026/07/08 16:15:46.667, 3, 0, 48104, 97887
2026/07/08 16:15:46.683, 4, 0, 75376, 97887
2026/07/08 16:15:46.699, 5, 0, 75376, 97887
2026/07/08 16:15:46.713, 6, 0, 75370, 97887
2026/07/08 16:15:46.728, 7, 0, 75370, 97887
2026/07/08 16:15:47.744, 0, 0, 48704, 97887
2026/07/08 16:15:47.760, 1, 0, 48104, 97887
2026/07/08 16:15:47.771, 2, 0, 48104, 97887
2026/07/08 16:15:47.789, 3, 0, 48104, 97887
2026/07/08 16:15:47.802, 4, 0, 75376, 97887
2026/07/08 16:15:47.817, 5, 0, 75376, 97887
2026/07/08 16:15:47.832, 6, 0, 75370, 97887
2026/07/08 16:15:47.845, 7, 0, 75370, 97887
2026/07/08 16:15:48.856, 0, 0, 48704, 97887
2026/07/08 16:15:48.872, 1, 0, 48104, 97887
2026/07/08 16:15:48.889, 2, 0, 48104, 97887
2026/07/08 16:15:48.903, 3, 0, 48104, 97887
2026/07/08 16:15:48.915, 4, 0, 75376, 97887
2026/07/08 16:15:48.929, 5, 0, 75376, 97887
2026/07/08 16:15:48.945, 6, 0, 75370, 97887
2026/07/08 16:15:48.961, 7, 0, 75370, 97887
2026/07/08 16:15:49.977, 0, 0, 48704, 97887
2026/07/08 16:15:49.991, 1, 0, 48104, 97887
2026/07/08 16:15:50.006, 2, 0, 48104, 97887
2026/07/08 16:15:50.023, 3, 0, 48104, 97887
2026/07/08 16:15:50.036, 4, 0, 75376, 97887
2026/07/08 16:15:50.047, 5, 0, 75376, 97887
2026/07/08 16:15:50.056, 6, 0, 75370, 97887
2026/07/08 16:15:50.070, 7, 0, 75370, 97887
2026/07/08 16:15:51.085, 0, 0, 48704, 97887
2026/07/08 16:15:51.099, 1, 0, 48104, 97887
2026/07/08 16:15:51.114, 2, 0, 48104, 97887
2026/07/08 16:15:51.129, 3, 0, 48104, 97887
2026/07/08 16:15:51.143, 4, 0, 75376, 97887
2026/07/08 16:15:51.156, 5, 0, 75376, 97887
2026/07/08 16:15:51.168, 6, 0, 75370, 97887
2026/07/08 16:15:51.180, 7, 0, 75370, 97887
2026/07/08 16:15:52.192, 0, 0, 48704, 97887
2026/07/08 16:15:52.208, 1, 0, 48104, 97887
2026/07/08 16:15:52.222, 2, 0, 48104, 97887
2026/07/08 16:15:52.235, 3, 0, 48104, 97887
2026/07/08 16:15:52.248, 4, 0, 75376, 97887
2026/07/08 16:15:52.261, 5, 0, 75376, 97887
2026/07/08 16:15:52.278, 6, 0, 75370, 97887
2026/07/08 16:15:52.289, 7, 0, 75370, 97887
2026/07/08 16:15:53.301, 0, 0, 48704, 97887
2026/07/08 16:15:53.318, 1, 0, 48104, 97887
2026/07/08 16:15:53.334, 2, 0, 48104, 97887
2026/07/08 16:15:53.348, 3, 0, 48104, 97887
2026/07/08 16:15:53.363, 4, 0, 75376, 97887
2026/07/08 16:15:53.378, 5, 0, 75376, 97887
2026/07/08 16:15:53.392, 6, 0, 75370, 97887
2026/07/08 16:15:53.407, 7, 0, 75370, 97887
2026/07/08 16:15:54.421, 0, 0, 48704, 97887
2026/07/08 16:15:54.435, 1, 0, 48104, 97887
2026/07/08 16:15:54.445, 2, 0, 48104, 97887
2026/07/08 16:15:54.457, 3, 0, 48104, 97887
2026/07/08 16:15:54.469, 4, 0, 75376, 97887
2026/07/08 16:15:54.480, 5, 0, 75376, 97887
2026/07/08 16:15:54.490, 6, 0, 75370, 97887
2026/07/08 16:15:54.503, 7, 0, 75370, 97887
2026/07/08 16:15:55.517, 0, 0, 48704, 97887
2026/07/08 16:15:55.528, 1, 0, 48104, 97887
2026/07/08 16:15:55.538, 2, 0, 48104, 97887
2026/07/08 16:15:55.547, 3, 0, 48104, 97887
2026/07/08 16:15:55.559, 4, 0, 75376, 97887
2026/07/08 16:15:55.574, 5, 0, 75376, 97887
2026/07/08 16:15:55.589, 6, 0, 75370, 97887
2026/07/08 16:15:55.602, 7, 0, 75370, 97887
2026/07/08 16:15:56.617, 0, 0, 48704, 97887
2026/07/08 16:15:56.630, 1, 0, 48104, 97887
2026/07/08 16:15:56.643, 2, 0, 48104, 97887
2026/07/08 16:15:56.656, 3, 0, 48104, 97887
2026/07/08 16:15:56.670, 4, 0, 75376, 97887
2026/07/08 16:15:56.684, 5, 0, 75376, 97887
2026/07/08 16:15:56.696, 6, 0, 75370, 97887
2026/07/08 16:15:56.709, 7, 0, 75370, 97887
2026/07/08 16:15:57.724, 0, 0, 48704, 97887
2026/07/08 16:15:57.739, 1, 0, 48104, 97887
2026/07/08 16:15:57.752, 2, 0, 48104, 97887
2026/07/08 16:15:57.767, 3, 0, 48104, 97887
2026/07/08 16:15:57.782, 4, 0, 75376, 97887
2026/07/08 16:15:57.797, 5, 0, 75376, 97887
2026/07/08 16:15:57.811, 6, 0, 75370, 97887
2026/07/08 16:15:57.828, 7, 0, 75370, 97887
2026/07/08 16:15:58.844, 0, 0, 48704, 97887
2026/07/08 16:15:58.854, 1, 0, 48104, 97887
2026/07/08 16:15:58.866, 2, 0, 48104, 97887
2026/07/08 16:15:58.879, 3, 0, 48104, 97887
2026/07/08 16:15:58.889, 4, 0, 75376, 97887
2026/07/08 16:15:58.901, 5, 0, 75376, 97887
2026/07/08 16:15:58.912, 6, 0, 75370, 97887
2026/07/08 16:15:58.924, 7, 0, 75370, 97887
2026/07/08 16:15:59.934, 0, 0, 48704, 97887
2026/07/08 16:15:59.945, 1, 0, 48104, 97887
2026/07/08 16:15:59.956, 2, 0, 48104, 97887
2026/07/08 16:15:59.967, 3, 0, 48104, 97887
2026/07/08 16:15:59.980, 4, 0, 75376, 97887
2026/07/08 16:15:59.996, 5, 0, 75376, 97887
2026/07/08 16:16:00.010, 6, 0, 75370, 97887
2026/07/08 16:16:00.026, 7, 0, 75370, 97887
2026/07/08 16:16:01.039, 0, 0, 48704, 97887
2026/07/08 16:16:01.054, 1, 0, 48104, 97887
2026/07/08 16:16:01.066, 2, 0, 48104, 97887
2026/07/08 16:16:01.081, 3, 0, 48104, 97887
2026/07/08 16:16:01.095, 4, 0, 75376, 97887
2026/07/08 16:16:01.108, 5, 0, 75376, 97887
2026/07/08 16:16:01.126, 6, 0, 75370, 97887
2026/07/08 16:16:01.144, 7, 0, 75370, 97887
2026/07/08 16:16:02.160, 0, 0, 48704, 97887
2026/07/08 16:16:02.171, 1, 0, 48104, 97887
2026/07/08 16:16:02.183, 2, 0, 48104, 97887
2026/07/08 16:16:02.195, 3, 0, 48104, 97887
2026/07/08 16:16:02.204, 4, 0, 75376, 97887
2026/07/08 16:16:02.214, 5, 0, 75376, 97887
2026/07/08 16:16:02.228, 6, 0, 75370, 97887
2026/07/08 16:16:02.246, 7, 0, 75370, 97887
2026/07/08 16:16:03.263, 0, 0, 48704, 97887
2026/07/08 16:16:03.281, 1, 0, 48104, 97887
2026/07/08 16:16:03.301, 2, 0, 48104, 97887
2026/07/08 16:16:03.319, 3, 0, 48104, 97887
2026/07/08 16:16:03.337, 4, 0, 75376, 97887
2026/07/08 16:16:03.354, 5, 0, 75376, 97887
2026/07/08 16:16:03.375, 6, 0, 75370, 97887
2026/07/08 16:16:03.394, 7, 0, 75370, 97887
2026/07/08 16:16:04.408, 0, 0, 48704, 97887
2026/07/08 16:16:04.423, 1, 0, 48104, 97887
2026/07/08 16:16:04.437, 2, 0, 48104, 97887
2026/07/08 16:16:04.449, 3, 0, 48104, 97887
2026/07/08 16:16:04.461, 4, 0, 75376, 97887
2026/07/08 16:16:04.475, 5, 0, 75376, 97887
2026/07/08 16:16:04.490, 6, 0, 75370, 97887
2026/07/08 16:16:04.506, 7, 0, 75370, 97887
2026/07/08 16:16:05.521, 0, 0, 48704, 97887
2026/07/08 16:16:05.534, 1, 0, 48104, 97887
2026/07/08 16:16:05.548, 2, 0, 48104, 97887
2026/07/08 16:16:05.561, 3, 0, 48104, 97887
2026/07/08 16:16:05.575, 4, 0, 75376, 97887
2026/07/08 16:16:05.590, 5, 0, 75376, 97887
2026/07/08 16:16:05.606, 6, 0, 75370, 97887
2026/07/08 16:16:05.621, 7, 0, 75370, 97887
2026/07/08 16:16:06.637, 0, 0, 48704, 97887
2026/07/08 16:16:06.649, 1, 0, 48104, 97887
2026/07/08 16:16:06.660, 2, 0, 48104, 97887
2026/07/08 16:16:06.676, 3, 0, 48104, 97887
2026/07/08 16:16:06.691, 4, 0, 75376, 97887
2026/07/08 16:16:06.705, 5, 0, 75376, 97887
2026/07/08 16:16:06.720, 6, 0, 75370, 97887
2026/07/08 16:16:06.735, 7, 0, 75370, 97887
2026/07/08 16:16:07.751, 0, 0, 48704, 97887
2026/07/08 16:16:07.766, 1, 0, 48104, 97887
2026/07/08 16:16:07.779, 2, 0, 48104, 97887
2026/07/08 16:16:07.792, 3, 0, 48104, 97887
2026/07/08 16:16:07.807, 4, 100, 75408, 97887
2026/07/08 16:16:07.819, 5, 66, 75408, 97887
2026/07/08 16:16:07.832, 6, 54, 75402, 97887
2026/07/08 16:16:07.845, 7, 89, 75402, 97887
2026/07/08 16:16:08.859, 0, 0, 48704, 97887
2026/07/08 16:16:08.875, 1, 0, 48104, 97887
2026/07/08 16:16:08.886, 2, 0, 48104, 97887
2026/07/08 16:16:08.902, 3, 0, 48104, 97887
2026/07/08 16:16:08.915, 4, 79, 75408, 97887
2026/07/08 16:16:08.928, 5, 100, 75408, 97887
2026/07/08 16:16:08.939, 6, 74, 75408, 97887
2026/07/08 16:16:08.953, 7, 100, 75408, 97887
2026/07/08 16:16:09.967, 0, 0, 48704, 97887
2026/07/08 16:16:09.983, 1, 0, 48104, 97887
2026/07/08 16:16:09.998, 2, 0, 48104, 97887
2026/07/08 16:16:10.013, 3, 0, 48104, 97887
2026/07/08 16:16:10.028, 4, 88, 75430, 97887
2026/07/08 16:16:10.042, 5, 25, 75430, 97887
2026/07/08 16:16:10.057, 6, 86, 75430, 97887
2026/07/08 16:16:10.072, 7, 27, 75430, 97887
2026/07/08 16:16:11.084, 0, 0, 48704, 97887
2026/07/08 16:16:11.095, 1, 0, 48104, 97887
2026/07/08 16:16:11.106, 2, 0, 48104, 97887
2026/07/08 16:16:11.121, 3, 0, 48104, 97887
2026/07/08 16:16:11.135, 4, 87, 75430, 97887
2026/07/08 16:16:11.149, 5, 21, 75430, 97887
2026/07/08 16:16:11.163, 6, 90, 75430, 97887
2026/07/08 16:16:11.181, 7, 25, 75430, 97887
2026/07/08 16:16:12.202, 0, 0, 48704, 97887
2026/07/08 16:16:12.217, 1, 0, 48104, 97887
2026/07/08 16:16:12.231, 2, 0, 48104, 97887
2026/07/08 16:16:12.244, 3, 0, 48104, 97887
2026/07/08 16:16:12.260, 4, 93, 75430, 97887
2026/07/08 16:16:12.278, 5, 20, 75430, 97887
2026/07/08 16:16:12.294, 6, 87, 75430, 97887
2026/07/08 16:16:12.311, 7, 29, 75430, 97887
2026/07/08 16:16:13.328, 0, 0, 48704, 97887
2026/07/08 16:16:13.344, 1, 0, 48104, 97887
2026/07/08 16:16:13.360, 2, 0, 48104, 97887
2026/07/08 16:16:13.373, 3, 0, 48104, 97887
2026/07/08 16:16:13.391, 4, 95, 75430, 97887
2026/07/08 16:16:13.409, 5, 22, 75430, 97887
2026/07/08 16:16:13.423, 6, 94, 75430, 97887
2026/07/08 16:16:13.439, 7, 26, 75430, 97887
2026/07/08 16:16:14.455, 0, 0, 48704, 97887
2026/07/08 16:16:14.469, 1, 0, 48104, 97887
2026/07/08 16:16:14.481, 2, 0, 48104, 97887
2026/07/08 16:16:14.494, 3, 0, 48104, 97887
2026/07/08 16:16:14.505, 4, 88, 75430, 97887
2026/07/08 16:16:14.516, 5, 25, 75430, 97887
2026/07/08 16:16:14.528, 6, 89, 75430, 97887
2026/07/08 16:16:14.539, 7, 29, 75430, 97887
2026/07/08 16:16:15.553, 0, 0, 48704, 97887
2026/07/08 16:16:15.571, 1, 0, 48104, 97887
2026/07/08 16:16:15.585, 2, 0, 48104, 97887
2026/07/08 16:16:15.600, 3, 0, 48104, 97887
2026/07/08 16:16:15.614, 4, 92, 75430, 97887
2026/07/08 16:16:15.628, 5, 28, 75430, 97887
2026/07/08 16:16:15.642, 6, 84, 75430, 97887
2026/07/08 16:16:15.659, 7, 30, 75430, 97887
2026/07/08 16:16:16.677, 0, 0, 48704, 97887
2026/07/08 16:16:16.693, 1, 0, 48104, 97887
2026/07/08 16:16:16.706, 2, 0, 48104, 97887
2026/07/08 16:16:16.721, 3, 0, 48104, 97887
2026/07/08 16:16:16.737, 4, 95, 75430, 97887
2026/07/08 16:16:16.753, 5, 22, 75430, 97887
2026/07/08 16:16:16.769, 6, 94, 75430, 97887
2026/07/08 16:16:16.783, 7, 32, 75430, 97887
2026/07/08 16:16:17.799, 0, 0, 48704, 97887
2026/07/08 16:16:17.816, 1, 0, 48104, 97887
2026/07/08 16:16:17.833, 2, 0, 48104, 97887
2026/07/08 16:16:17.847, 3, 0, 48104, 97887
2026/07/08 16:16:17.861, 4, 81, 75430, 97887
2026/07/08 16:16:17.878, 5, 27, 75430, 97887
2026/07/08 16:16:17.892, 6, 89, 75430, 97887
2026/07/08 16:16:17.906, 7, 23, 75430, 97887
2026/07/08 16:16:18.918, 0, 0, 48704, 97887
2026/07/08 16:16:18.929, 1, 0, 48104, 97887
2026/07/08 16:16:18.941, 2, 0, 48104, 97887
2026/07/08 16:16:18.956, 3, 0, 48104, 97887
2026/07/08 16:16:18.970, 4, 93, 75430, 97887
2026/07/08 16:16:18.982, 5, 25, 75430, 97887
2026/07/08 16:16:18.991, 6, 95, 75430, 97887
2026/07/08 16:16:18.998, 7, 24, 75430, 97887
2026/07/08 16:16:20.008, 0, 0, 48704, 97887
2026/07/08 16:16:20.024, 1, 0, 48104, 97887
2026/07/08 16:16:20.036, 2, 0, 48104, 97887
2026/07/08 16:16:20.049, 3, 0, 48104, 97887
2026/07/08 16:16:20.062, 4, 86, 75430, 97887
2026/07/08 16:16:20.074, 5, 29, 75430, 97887
2026/07/08 16:16:20.084, 6, 92, 75430, 97887
2026/07/08 16:16:20.091, 7, 27, 75430, 97887
2026/07/08 16:16:21.099, 0, 0, 48704, 97887
2026/07/08 16:16:21.112, 1, 0, 48104, 97887
2026/07/08 16:16:21.128, 2, 0, 48104, 97887
2026/07/08 16:16:21.137, 3, 0, 48104, 97887
2026/07/08 16:16:21.145, 4, 59, 75430, 97887
2026/07/08 16:16:21.163, 5, 26, 75430, 97887
2026/07/08 16:16:21.171, 6, 93, 75430, 97887
2026/07/08 16:16:21.180, 7, 24, 75430, 97887
2026/07/08 16:16:22.188, 0, 0, 48704, 97887
2026/07/08 16:16:22.200, 1, 0, 48104, 97887
2026/07/08 16:16:22.211, 2, 0, 48104, 97887
2026/07/08 16:16:22.226, 3, 0, 48104, 97887
2026/07/08 16:16:22.241, 4, 95, 75430, 97887
2026/07/08 16:16:22.253, 5, 72, 75430, 97887
2026/07/08 16:16:22.266, 6, 90, 75430, 97887
2026/07/08 16:16:22.279, 7, 28, 75430, 97887
2026/07/08 16:16:23.290, 0, 0, 48704, 97887
2026/07/08 16:16:23.301, 1, 0, 48104, 97887
2026/07/08 16:16:23.314, 2, 0, 48104, 97887
2026/07/08 16:16:23.323, 3, 0, 48104, 97887
2026/07/08 16:16:23.335, 4, 90, 75430, 97887
2026/07/08 16:16:23.348, 5, 27, 75430, 97887
2026/07/08 16:16:23.359, 6, 88, 75430, 97887
2026/07/08 16:16:23.372, 7, 26, 75430, 97887
2026/07/08 16:16:24.382, 0, 0, 48704, 97887
2026/07/08 16:16:24.399, 1, 0, 48104, 97887
2026/07/08 16:16:24.413, 2, 0, 48104, 97887
2026/07/08 16:16:24.429, 3, 0, 48104, 97887
2026/07/08 16:16:24.443, 4, 28, 75430, 97887
2026/07/08 16:16:24.455, 5, 72, 75430, 97887
2026/07/08 16:16:24.466, 6, 91, 75430, 97887
2026/07/08 16:16:24.477, 7, 28, 75430, 97887
2026/07/08 16:16:25.495, 0, 0, 48704, 97887
2026/07/08 16:16:25.506, 1, 0, 48104, 97887
2026/07/08 16:16:25.520, 2, 0, 48104, 97887
2026/07/08 16:16:25.531, 3, 0, 48104, 97887
2026/07/08 16:16:25.538, 4, 85, 75430, 97887
2026/07/08 16:16:25.547, 5, 25, 75430, 97887
2026/07/08 16:16:25.560, 6, 77, 75430, 97887
2026/07/08 16:16:25.571, 7, 22, 75430, 97887
2026/07/08 16:16:26.584, 0, 0, 48704, 97887
2026/07/08 16:16:26.596, 1, 0, 48104, 97887
2026/07/08 16:16:26.608, 2, 0, 48104, 97887
2026/07/08 16:16:26.621, 3, 0, 48104, 97887
2026/07/08 16:16:26.634, 4, 41, 75430, 97887
2026/07/08 16:16:26.647, 5, 27, 75430, 97887
2026/07/08 16:16:26.659, 6, 88, 75430, 97887
2026/07/08 16:16:26.671, 7, 25, 75430, 97887
2026/07/08 16:16:27.684, 0, 0, 48704, 97887
2026/07/08 16:16:27.700, 1, 0, 48104, 97887
2026/07/08 16:16:27.713, 2, 0, 48104, 97887
2026/07/08 16:16:27.730, 3, 0, 48104, 97887
2026/07/08 16:16:27.747, 4, 37, 75430, 97887
2026/07/08 16:16:27.763, 5, 75, 75430, 97887
2026/07/08 16:16:27.778, 6, 70, 75430, 97887
2026/07/08 16:16:27.793, 7, 25, 75430, 97887
2026/07/08 16:16:28.809, 0, 0, 48704, 97887
2026/07/08 16:16:28.821, 1, 0, 48104, 97887
2026/07/08 16:16:28.836, 2, 0, 48104, 97887
2026/07/08 16:16:28.848, 3, 0, 48104, 97887
2026/07/08 16:16:28.860, 4, 29, 75430, 97887
2026/07/08 16:16:28.874, 5, 51, 75430, 97887
2026/07/08 16:16:28.890, 6, 65, 75430, 97887
2026/07/08 16:16:28.904, 7, 26, 75430, 97887
2026/07/08 16:16:29.918, 0, 0, 48704, 97887
2026/07/08 16:16:29.932, 1, 0, 48104, 97887
2026/07/08 16:16:29.948, 2, 0, 48104, 97887
2026/07/08 16:16:29.959, 3, 0, 48104, 97887
2026/07/08 16:16:29.975, 4, 70, 75430, 97887
2026/07/08 16:16:29.989, 5, 22, 75430, 97887
2026/07/08 16:16:30.005, 6, 95, 75430, 97887
2026/07/08 16:16:30.019, 7, 24, 75430, 97887
2026/07/08 16:16:31.036, 0, 0, 48704, 97887
2026/07/08 16:16:31.055, 1, 0, 48104, 97887
2026/07/08 16:16:31.069, 2, 0, 48104, 97887
2026/07/08 16:16:31.081, 3, 0, 48104, 97887
2026/07/08 16:16:31.092, 4, 57, 75430, 97887
2026/07/08 16:16:31.107, 5, 54, 75430, 97887
2026/07/08 16:16:31.122, 6, 86, 75430, 97887
2026/07/08 16:16:31.135, 7, 30, 75430, 97887
2026/07/08 16:16:32.149, 0, 0, 48704, 97887
2026/07/08 16:16:32.165, 1, 0, 48104, 97887
2026/07/08 16:16:32.178, 2, 0, 48104, 97887
2026/07/08 16:16:32.190, 3, 0, 48104, 97887
2026/07/08 16:16:32.201, 4, 65, 75430, 97887
2026/07/08 16:16:32.209, 5, 22, 75430, 97887
2026/07/08 16:16:32.223, 6, 91, 75430, 97887
2026/07/08 16:16:32.238, 7, 40, 75430, 97887
2026/07/08 16:16:33.254, 0, 0, 48704, 97887
2026/07/08 16:16:33.272, 1, 0, 48104, 97887
2026/07/08 16:16:33.290, 2, 0, 48104, 97887
2026/07/08 16:16:33.305, 3, 0, 48104, 97887
2026/07/08 16:16:33.320, 4, 91, 75430, 97887
2026/07/08 16:16:33.335, 5, 27, 75430, 97887
2026/07/08 16:16:33.348, 6, 64, 75430, 97887
2026/07/08 16:16:33.364, 7, 26, 75430, 97887
2026/07/08 16:16:34.379, 0, 0, 48704, 97887
2026/07/08 16:16:34.393, 1, 0, 48104, 97887
2026/07/08 16:16:34.405, 2, 0, 48104, 97887
2026/07/08 16:16:34.418, 3, 0, 48104, 97887
2026/07/08 16:16:34.429, 4, 77, 75430, 97887
2026/07/08 16:16:34.440, 5, 53, 75430, 97887
2026/07/08 16:16:34.451, 6, 61, 75430, 97887
2026/07/08 16:16:34.463, 7, 40, 75430, 97887
2026/07/08 16:16:35.478, 0, 0, 48704, 97887
2026/07/08 16:16:35.493, 1, 0, 48104, 97887
2026/07/08 16:16:35.508, 2, 0, 48104, 97887
2026/07/08 16:16:35.524, 3, 0, 48104, 97887
2026/07/08 16:16:35.539, 4, 74, 75430, 97887
2026/07/08 16:16:35.554, 5, 29, 75430, 97887
2026/07/08 16:16:35.570, 6, 87, 75430, 97887
2026/07/08 16:16:35.581, 7, 31, 75430, 97887
2026/07/08 16:16:36.596, 0, 0, 48704, 97887
2026/07/08 16:16:36.615, 1, 0, 48104, 97887
2026/07/08 16:16:36.633, 2, 0, 48104, 97887
2026/07/08 16:16:36.649, 3, 0, 48104, 97887
2026/07/08 16:16:36.666, 4, 88, 75430, 97887
2026/07/08 16:16:36.679, 5, 30, 75430, 97887
2026/07/08 16:16:36.692, 6, 32, 75430, 97887
2026/07/08 16:16:36.727, 7, 32, 75430, 97887
2026/07/08 16:16:37.755, 0, 0, 48704, 97887
2026/07/08 16:16:37.775, 1, 0, 48104, 97887
2026/07/08 16:16:37.788, 2, 0, 48104, 97887
2026/07/08 16:16:37.800, 3, 0, 48104, 97887
2026/07/08 16:16:37.814, 4, 87, 75430, 97887
2026/07/08 16:16:37.828, 5, 23, 75430, 97887
2026/07/08 16:16:37.841, 6, 67, 75430, 97887
2026/07/08 16:16:37.858, 7, 48, 75430, 97887
2026/07/08 16:16:38.874, 0, 0, 48704, 97887
2026/07/08 16:16:38.890, 1, 0, 48104, 97887
2026/07/08 16:16:38.905, 2, 0, 48104, 97887
2026/07/08 16:16:38.922, 3, 0, 48104, 97887
2026/07/08 16:16:38.937, 4, 96, 75430, 97887
2026/07/08 16:16:38.951, 5, 28, 75430, 97887
2026/07/08 16:16:38.967, 6, 65, 75430, 97887
2026/07/08 16:16:38.986, 7, 28, 75430, 97887
2026/07/08 16:16:40.002, 0, 0, 48704, 97887
2026/07/08 16:16:40.017, 1, 0, 48104, 97887
2026/07/08 16:16:40.030, 2, 0, 48104, 97887
2026/07/08 16:16:40.046, 3, 0, 48104, 97887
2026/07/08 16:16:40.061, 4, 87, 75430, 97887
2026/07/08 16:16:40.077, 5, 30, 75430, 97887
2026/07/08 16:16:40.093, 6, 93, 75430, 97887
2026/07/08 16:16:40.109, 7, 31, 75430, 97887
2026/07/08 16:16:41.123, 0, 0, 48704, 97887
2026/07/08 16:16:41.142, 1, 0, 48104, 97887
2026/07/08 16:16:41.158, 2, 0, 48104, 97887
2026/07/08 16:16:41.172, 3, 0, 48104, 97887
2026/07/08 16:16:41.185, 4, 75, 75430, 97887
2026/07/08 16:16:41.198, 5, 29, 75430, 97887
2026/07/08 16:16:41.213, 6, 35, 75430, 97887
2026/07/08 16:16:41.230, 7, 95, 75430, 97887
2026/07/08 16:16:42.247, 0, 0, 48704, 97887
2026/07/08 16:16:42.266, 1, 0, 48104, 97887
2026/07/08 16:16:42.284, 2, 0, 48104, 97887
2026/07/08 16:16:42.302, 3, 0, 48104, 97887
2026/07/08 16:16:42.322, 4, 88, 75430, 97887
2026/07/08 16:16:42.337, 5, 25, 75430, 97887
2026/07/08 16:16:42.357, 6, 26, 75430, 97887
2026/07/08 16:16:42.368, 7, 78, 75430, 97887
2026/07/08 16:16:43.385, 0, 0, 48704, 97887
2026/07/08 16:16:43.399, 1, 0, 48104, 97887
2026/07/08 16:16:43.415, 2, 0, 48104, 97887
2026/07/08 16:16:43.432, 3, 0, 48104, 97887
2026/07/08 16:16:43.447, 4, 93, 75430, 97887
2026/07/08 16:16:43.460, 5, 37, 75430, 97887
2026/07/08 16:16:43.476, 6, 37, 75430, 97887
2026/07/08 16:16:43.491, 7, 78, 75430, 97887
2026/07/08 16:16:44.505, 0, 0, 48704, 97887
2026/07/08 16:16:44.518, 1, 0, 48104, 97887
2026/07/08 16:16:44.533, 2, 0, 48104, 97887
2026/07/08 16:16:44.545, 3, 0, 48104, 97887
2026/07/08 16:16:44.558, 4, 100, 75430, 97887
2026/07/08 16:16:44.571, 5, 100, 75430, 97887
2026/07/08 16:16:44.586, 6, 36, 75430, 97887
2026/07/08 16:16:44.600, 7, 86, 75430, 97887
2026/07/08 16:16:45.615, 0, 0, 48704, 97887
2026/07/08 16:16:45.628, 1, 0, 48104, 97887
2026/07/08 16:16:45.643, 2, 0, 48104, 97887
2026/07/08 16:16:45.657, 3, 0, 48104, 97887
2026/07/08 16:16:45.671, 4, 100, 75430, 97887
2026/07/08 16:16:45.685, 5, 100, 75430, 97887
2026/07/08 16:16:45.699, 6, 36, 75430, 97887
2026/07/08 16:16:45.715, 7, 90, 75430, 97887
2026/07/08 16:16:46.726, 0, 0, 48704, 97887
2026/07/08 16:16:46.740, 1, 0, 48104, 97887
2026/07/08 16:16:46.755, 2, 0, 48104, 97887
2026/07/08 16:16:46.772, 3, 0, 48104, 97887
2026/07/08 16:16:46.787, 4, 94, 75468, 97887
2026/07/08 16:16:46.803, 5, 27, 75468, 97887
2026/07/08 16:16:46.818, 6, 30, 75430, 97887
2026/07/08 16:16:46.832, 7, 72, 75430, 97887
2026/07/08 16:16:47.844, 0, 0, 48704, 97887
2026/07/08 16:16:47.861, 1, 0, 48104, 97887
2026/07/08 16:16:47.874, 2, 0, 48104, 97887
2026/07/08 16:16:47.891, 3, 0, 48104, 97887
2026/07/08 16:16:47.909, 4, 83, 75468, 97887
2026/07/08 16:16:47.926, 5, 39, 75468, 97887
2026/07/08 16:16:47.939, 6, 100, 75450, 97887
2026/07/08 16:16:47.952, 7, 100, 75450, 97887
2026/07/08 16:16:48.965, 0, 0, 48704, 97887
2026/07/08 16:16:48.980, 1, 0, 48104, 97887
2026/07/08 16:16:48.996, 2, 0, 48104, 97887
2026/07/08 16:16:49.013, 3, 0, 48104, 97887
2026/07/08 16:16:49.023, 4, 49, 75468, 97887
2026/07/08 16:16:49.036, 5, 39, 75468, 97887
2026/07/08 16:16:49.050, 6, 100, 75468, 97887
2026/07/08 16:16:49.064, 7, 100, 75468, 97887
2026/07/08 16:16:50.074, 0, 0, 48704, 97887
2026/07/08 16:16:50.093, 1, 0, 48104, 97887
2026/07/08 16:16:50.110, 2, 0, 48104, 97887
2026/07/08 16:16:50.127, 3, 0, 48104, 97887
2026/07/08 16:16:50.141, 4, 93, 75468, 97887
2026/07/08 16:16:50.156, 5, 27, 75468, 97887
2026/07/08 16:16:50.172, 6, 28, 75484, 97887
2026/07/08 16:16:50.191, 7, 89, 75484, 97887
2026/07/08 16:16:51.208, 0, 0, 48704, 97887
2026/07/08 16:16:51.223, 1, 0, 48104, 97887
2026/07/08 16:16:51.236, 2, 0, 48104, 97887
2026/07/08 16:16:51.253, 3, 0, 48104, 97887
2026/07/08 16:16:51.271, 4, 95, 75468, 97887
2026/07/08 16:16:51.285, 5, 37, 75468, 97887
2026/07/08 16:16:51.302, 6, 39, 75484, 97887
2026/07/08 16:16:51.320, 7, 87, 75484, 97887
2026/07/08 16:16:52.340, 0, 0, 48704, 97887
2026/07/08 16:16:52.360, 1, 0, 48104, 97887
2026/07/08 16:16:52.376, 2, 0, 48104, 97887
2026/07/08 16:16:52.394, 3, 0, 48104, 97887
2026/07/08 16:16:52.412, 4, 85, 75468, 97887
2026/07/08 16:16:52.428, 5, 35, 75468, 97887
2026/07/08 16:16:52.445, 6, 37, 75484, 97887
2026/07/08 16:16:52.457, 7, 93, 75484, 97887
2026/07/08 16:16:53.472, 0, 0, 48704, 97887
2026/07/08 16:16:53.487, 1, 0, 48104, 97887
2026/07/08 16:16:53.501, 2, 0, 48104, 97887
2026/07/08 16:16:53.513, 3, 0, 48104, 97887
2026/07/08 16:16:53.526, 4, 79, 75468, 97887
2026/07/08 16:16:53.537, 5, 36, 75468, 97887
2026/07/08 16:16:53.551, 6, 30, 75484, 97887
2026/07/08 16:16:53.563, 7, 91, 75484, 97887
2026/07/08 16:16:54.577, 0, 0, 48704, 97887
2026/07/08 16:16:54.594, 1, 0, 48104, 97887
2026/07/08 16:16:54.610, 2, 0, 48104, 97887
2026/07/08 16:16:54.626, 3, 0, 48104, 97887
2026/07/08 16:16:54.644, 4, 92, 75468, 97887
2026/07/08 16:16:54.660, 5, 29, 75468, 97887
2026/07/08 16:16:54.674, 6, 40, 75484, 97887
2026/07/08 16:16:54.693, 7, 69, 75484, 97887
2026/07/08 16:16:55.708, 0, 0, 48704, 97887
2026/07/08 16:16:55.726, 1, 0, 48104, 97887
2026/07/08 16:16:55.742, 2, 0, 48104, 97887
2026/07/08 16:16:55.759, 3, 0, 48104, 97887
2026/07/08 16:16:55.776, 4, 82, 75468, 97887
2026/07/08 16:16:55.793, 5, 33, 75468, 97887
2026/07/08 16:16:55.810, 6, 34, 75484, 97887
2026/07/08 16:16:55.826, 7, 92, 75484, 97887
2026/07/08 16:16:56.842, 0, 0, 48704, 97887
2026/07/08 16:16:56.857, 1, 0, 48104, 97887
2026/07/08 16:16:56.869, 2, 0, 48104, 97887
2026/07/08 16:16:56.881, 3, 0, 48104, 97887
2026/07/08 16:16:56.894, 4, 86, 75468, 97887
2026/07/08 16:16:56.909, 5, 25, 75468, 97887
2026/07/08 16:16:56.922, 6, 30, 75484, 97887
2026/07/08 16:16:56.938, 7, 87, 75484, 97887
2026/07/08 16:16:57.950, 0, 0, 48704, 97887
2026/07/08 16:16:57.966, 1, 0, 48104, 97887
2026/07/08 16:16:57.980, 2, 0, 48104, 97887
2026/07/08 16:16:57.994, 3, 0, 48104, 97887
2026/07/08 16:16:58.007, 4, 95, 75468, 97887
2026/07/08 16:16:58.021, 5, 46, 75468, 97887
2026/07/08 16:16:58.033, 6, 33, 75484, 97887
2026/07/08 16:16:58.045, 7, 82, 75484, 97887
2026/07/08 16:16:59.058, 0, 0, 48704, 97887
2026/07/08 16:16:59.071, 1, 0, 48104, 97887
2026/07/08 16:16:59.083, 2, 0, 48104, 97887
2026/07/08 16:16:59.094, 3, 0, 48104, 97887
2026/07/08 16:16:59.107, 4, 79, 75468, 97887
2026/07/08 16:16:59.119, 5, 80, 75468, 97887
2026/07/08 16:16:59.131, 6, 52, 75484, 97887
2026/07/08 16:16:59.144, 7, 81, 75484, 97887
2026/07/08 16:17:00.155, 0, 0, 48704, 97887
2026/07/08 16:17:00.176, 1, 0, 48104, 97887
2026/07/08 16:17:00.195, 2, 0, 48104, 97887
2026/07/08 16:17:00.214, 3, 0, 48104, 97887
2026/07/08 16:17:00.233, 4, 91, 75534, 97887
2026/07/08 16:17:00.248, 5, 35, 75534, 97887
2026/07/08 16:17:00.260, 6, 34, 75484, 97887
2026/07/08 16:17:00.281, 7, 78, 75484, 97887
2026/07/08 16:17:01.296, 0, 0, 48704, 97887
2026/07/08 16:17:01.314, 1, 0, 48104, 97887
2026/07/08 16:17:01.331, 2, 0, 48104, 97887
2026/07/08 16:17:01.348, 3, 0, 48104, 97887
2026/07/08 16:17:01.362, 4, 77, 75534, 97887
2026/07/08 16:17:01.377, 5, 34, 75534, 97887
2026/07/08 16:17:01.395, 6, 32, 75484, 97887
2026/07/08 16:17:01.411, 7, 89, 75484, 97887
2026/07/08 16:17:02.427, 0, 0, 48704, 97887
2026/07/08 16:17:02.437, 1, 0, 48104, 97887
2026/07/08 16:17:02.447, 2, 0, 48104, 97887
2026/07/08 16:17:02.459, 3, 0, 48104, 97887
2026/07/08 16:17:02.470, 4, 61, 75534, 97887
2026/07/08 16:17:02.481, 5, 22, 75534, 97887
2026/07/08 16:17:02.493, 6, 47, 75484, 97887
2026/07/08 16:17:02.506, 7, 84, 75484, 97887
2026/07/08 16:17:03.515, 0, 0, 48704, 97887
2026/07/08 16:17:03.533, 1, 0, 48104, 97887
2026/07/08 16:17:03.547, 2, 0, 48104, 97887
2026/07/08 16:17:03.562, 3, 0, 48104, 97887
2026/07/08 16:17:03.574, 4, 58, 75534, 97887
2026/07/08 16:17:03.585, 5, 82, 75534, 97887
2026/07/08 16:17:03.601, 6, 45, 75484, 97887
2026/07/08 16:17:03.614, 7, 69, 75484, 97887
2026/07/08 16:17:04.630, 0, 0, 48704, 97887
2026/07/08 16:17:04.650, 1, 0, 48104, 97887
2026/07/08 16:17:04.667, 2, 0, 48104, 97887
2026/07/08 16:17:04.686, 3, 0, 48104, 97887
2026/07/08 16:17:04.701, 4, 53, 75534, 97887
2026/07/08 16:17:04.714, 5, 67, 75534, 97887
2026/07/08 16:17:04.730, 6, 35, 75484, 97887
2026/07/08 16:17:04.745, 7, 74, 75484, 97887
2026/07/08 16:17:05.763, 0, 0, 48704, 97887
2026/07/08 16:17:05.782, 1, 0, 48104, 97887
2026/07/08 16:17:05.799, 2, 0, 48104, 97887
2026/07/08 16:17:05.810, 3, 0, 48104, 97887
2026/07/08 16:17:05.824, 4, 89, 75534, 97887
2026/07/08 16:17:05.837, 5, 40, 75534, 97887
2026/07/08 16:17:05.853, 6, 91, 75484, 97887
2026/07/08 16:17:05.869, 7, 33, 75484, 97887
2026/07/08 16:17:06.885, 0, 0, 48704, 97887
2026/07/08 16:17:06.899, 1, 0, 48104, 97887
2026/07/08 16:17:06.917, 2, 0, 48104, 97887
2026/07/08 16:17:06.932, 3, 0, 48104, 97887
2026/07/08 16:17:06.948, 4, 83, 75534, 97887
2026/07/08 16:17:06.961, 5, 56, 75534, 97887
2026/07/08 16:17:06.976, 6, 74, 75484, 97887
2026/07/08 16:17:06.992, 7, 46, 75484, 97887
2026/07/08 16:17:08.006, 0, 0, 48704, 97887
2026/07/08 16:17:08.023, 1, 0, 48104, 97887
2026/07/08 16:17:08.036, 2, 0, 48104, 97887
2026/07/08 16:17:08.051, 3, 0, 48104, 97887
2026/07/08 16:17:08.064, 4, 89, 75534, 97887
2026/07/08 16:17:08.078, 5, 36, 75534, 97887
2026/07/08 16:17:08.094, 6, 52, 75484, 97887
2026/07/08 16:17:08.109, 7, 61, 75484, 97887
2026/07/08 16:17:09.123, 0, 0, 48704, 97887
2026/07/08 16:17:09.139, 1, 0, 48104, 97887
2026/07/08 16:17:09.154, 2, 0, 48104, 97887
2026/07/08 16:17:09.171, 3, 0, 48104, 97887
2026/07/08 16:17:09.187, 4, 91, 75534, 97887
2026/07/08 16:17:09.202, 5, 34, 75534, 97887
2026/07/08 16:17:09.218, 6, 87, 75484, 97887
2026/07/08 16:17:09.233, 7, 33, 75484, 97887
2026/07/08 16:17:10.251, 0, 0, 48704, 97887
2026/07/08 16:17:10.267, 1, 0, 48104, 97887
2026/07/08 16:17:10.280, 2, 0, 48104, 97887
2026/07/08 16:17:10.295, 3, 0, 48104, 97887
2026/07/08 16:17:10.306, 4, 86, 75534, 97887
2026/07/08 16:17:10.318, 5, 42, 75534, 97887
2026/07/08 16:17:10.331, 6, 100, 75484, 97887
2026/07/08 16:17:10.345, 7, 100, 75484, 97887
2026/07/08 16:17:11.358, 0, 0, 48704, 97887
2026/07/08 16:17:11.372, 1, 0, 48104, 97887
2026/07/08 16:17:11.388, 2, 0, 48104, 97887
2026/07/08 16:17:11.403, 3, 0, 48104, 97887
2026/07/08 16:17:11.420, 4, 57, 75534, 97887
2026/07/08 16:17:11.436, 5, 38, 75534, 97887
2026/07/08 16:17:11.451, 6, 84, 75484, 97887
2026/07/08 16:17:11.467, 7, 40, 75484, 97887
2026/07/08 16:17:12.480, 0, 0, 48704, 97887
2026/07/08 16:17:12.497, 1, 0, 48104, 97887
2026/07/08 16:17:12.513, 2, 0, 48104, 97887
2026/07/08 16:17:12.525, 3, 0, 48104, 97887
2026/07/08 16:17:12.535, 4, 86, 75534, 97887
2026/07/08 16:17:12.549, 5, 36, 75534, 97887
2026/07/08 16:17:12.559, 6, 83, 75484, 97887
2026/07/08 16:17:12.566, 7, 38, 75484, 97887
2026/07/08 16:17:13.576, 0, 0, 48704, 97887
2026/07/08 16:17:13.585, 1, 0, 48104, 97887
2026/07/08 16:17:13.596, 2, 0, 48104, 97887
2026/07/08 16:17:13.608, 3, 0, 48104, 97887
2026/07/08 16:17:13.621, 4, 57, 75534, 97887
2026/07/08 16:17:13.635, 5, 25, 75534, 97887
2026/07/08 16:17:13.649, 6, 82, 75484, 97887
2026/07/08 16:17:13.662, 7, 33, 75484, 97887
2026/07/08 16:17:14.677, 0, 0, 48704, 97887
2026/07/08 16:17:14.692, 1, 0, 48104, 97887
2026/07/08 16:17:14.708, 2, 0, 48104, 97887
2026/07/08 16:17:14.725, 3, 0, 48104, 97887
2026/07/08 16:17:14.742, 4, 72, 75534, 97887
2026/07/08 16:17:14.758, 5, 35, 75534, 97887
2026/07/08 16:17:14.775, 6, 44, 75484, 97887
2026/07/08 16:17:14.790, 7, 65, 75484, 97887
2026/07/08 16:17:15.805, 0, 0, 48704, 97887
2026/07/08 16:17:15.820, 1, 0, 48104, 97887
2026/07/08 16:17:15.838, 2, 0, 48104, 97887
2026/07/08 16:17:15.853, 3, 0, 48104, 97887
2026/07/08 16:17:15.867, 4, 34, 75534, 97887
2026/07/08 16:17:15.882, 5, 52, 75534, 97887
2026/07/08 16:17:15.898, 6, 53, 75484, 97887
2026/07/08 16:17:15.912, 7, 60, 75484, 97887
2026/07/08 16:17:16.928, 0, 0, 48704, 97887
2026/07/08 16:17:16.945, 1, 0, 48104, 97887
2026/07/08 16:17:16.959, 2, 0, 48104, 97887
2026/07/08 16:17:16.973, 3, 0, 48104, 97887
2026/07/08 16:17:16.986, 4, 70, 75534, 97887
2026/07/08 16:17:16.997, 5, 53, 75534, 97887
2026/07/08 16:17:17.011, 6, 65, 75484, 97887
2026/07/08 16:17:17.026, 7, 53, 75484, 97887
2026/07/08 16:17:18.039, 0, 0, 48704, 97887
2026/07/08 16:17:18.052, 1, 0, 48104, 97887
2026/07/08 16:17:18.062, 2, 0, 48104, 97887
2026/07/08 16:17:18.075, 3, 0, 48104, 97887
2026/07/08 16:17:18.094, 4, 88, 75534, 97887
2026/07/08 16:17:18.113, 5, 35, 75534, 97887
2026/07/08 16:17:18.126, 6, 41, 75484, 97887
2026/07/08 16:17:18.143, 7, 85, 75484, 97887
2026/07/08 16:17:19.159, 0, 0, 48704, 97887
2026/07/08 16:17:19.173, 1, 0, 48104, 97887
2026/07/08 16:17:19.188, 2, 0, 48104, 97887
2026/07/08 16:17:19.203, 3, 0, 48104, 97887
2026/07/08 16:17:19.218, 4, 82, 75534, 97887
2026/07/08 16:17:19.235, 5, 39, 75534, 97887
2026/07/08 16:17:19.250, 6, 47, 75484, 97887
2026/07/08 16:17:19.264, 7, 48, 75484, 97887
2026/07/08 16:17:20.277, 0, 0, 48704, 97887
2026/07/08 16:17:20.294, 1, 0, 48104, 97887
2026/07/08 16:17:20.310, 2, 0, 48104, 97887
2026/07/08 16:17:20.326, 3, 0, 48104, 97887
2026/07/08 16:17:20.341, 4, 84, 75534, 97887
2026/07/08 16:17:20.358, 5, 81, 75534, 97887
2026/07/08 16:17:20.370, 6, 100, 75484, 97887
2026/07/08 16:17:20.384, 7, 100, 75484, 97887
2026/07/08 16:17:21.397, 0, 0, 48704, 97887
2026/07/08 16:17:21.411, 1, 0, 48104, 97887
2026/07/08 16:17:21.426, 2, 0, 48104, 97887
2026/07/08 16:17:21.441, 3, 0, 48104, 97887
2026/07/08 16:17:21.455, 4, 37, 75534, 97887
2026/07/08 16:17:21.463, 5, 38, 75534, 97887
2026/07/08 16:17:21.475, 6, 27, 75484, 97887
2026/07/08 16:17:21.488, 7, 17, 75484, 97887
2026/07/08 16:17:22.503, 0, 0, 48704, 97887
2026/07/08 16:17:22.515, 1, 0, 48104, 97887
2026/07/08 16:17:22.525, 2, 0, 48104, 97887
2026/07/08 16:17:22.531, 3, 0, 48104, 97887
2026/07/08 16:17:22.541, 4, 90, 75534, 97887
2026/07/08 16:17:22.551, 5, 31, 75534, 97887
2026/07/08 16:17:22.560, 6, 55, 75484, 97887
2026/07/08 16:17:22.568, 7, 92, 75484, 97887
2026/07/08 16:17:23.577, 0, 0, 48704, 97887
2026/07/08 16:17:23.594, 1, 0, 48104, 97887
2026/07/08 16:17:23.608, 2, 0, 48104, 97887
2026/07/08 16:17:23.619, 3, 0, 48104, 97887
2026/07/08 16:17:23.633, 4, 92, 75534, 97887
2026/07/08 16:17:23.651, 5, 49, 75534, 97887
2026/07/08 16:17:23.663, 6, 50, 75484, 97887
2026/07/08 16:17:23.674, 7, 84, 75484, 97887
2026/07/08 16:17:24.688, 0, 0, 48704, 97887
2026/07/08 16:17:24.698, 1, 0, 48104, 97887
2026/07/08 16:17:24.712, 2, 0, 48104, 97887
2026/07/08 16:17:24.726, 3, 0, 48104, 97887
2026/07/08 16:17:24.739, 4, 39, 75534, 97887
2026/07/08 16:17:24.753, 5, 30, 75534, 97887
2026/07/08 16:17:24.768, 6, 45, 75484, 97887
2026/07/08 16:17:24.783, 7, 74, 75484, 97887
2026/07/08 16:17:25.795, 0, 0, 48704, 97887
2026/07/08 16:17:25.811, 1, 0, 48104, 97887
2026/07/08 16:17:25.826, 2, 0, 48104, 97887
2026/07/08 16:17:25.840, 3, 0, 48104, 97887
2026/07/08 16:17:25.853, 4, 45, 75534, 97887
2026/07/08 16:17:25.862, 5, 37, 75534, 97887
2026/07/08 16:17:25.875, 6, 52, 75484, 97887
2026/07/08 16:17:25.886, 7, 76, 75484, 97887
2026/07/08 16:17:26.902, 0, 0, 48704, 97887
2026/07/08 16:17:26.921, 1, 0, 48104, 97887
2026/07/08 16:17:26.938, 2, 0, 48104, 97887
2026/07/08 16:17:26.951, 3, 0, 48104, 97887
2026/07/08 16:17:26.963, 4, 79, 75534, 97887
2026/07/08 16:17:26.976, 5, 35, 75534, 97887
2026/07/08 16:17:26.985, 6, 47, 75484, 97887
2026/07/08 16:17:26.997, 7, 84, 75484, 97887
2026/07/08 16:17:28.010, 0, 0, 48704, 97887
2026/07/08 16:17:28.021, 1, 0, 48104, 97887
2026/07/08 16:17:28.030, 2, 0, 48104, 97887
2026/07/08 16:17:28.041, 3, 0, 48104, 97887
2026/07/08 16:17:28.055, 4, 93, 75534, 97887
2026/07/08 16:17:28.072, 5, 41, 75534, 97887
2026/07/08 16:17:28.085, 6, 42, 75484, 97887
2026/07/08 16:17:28.099, 7, 94, 75484, 97887
2026/07/08 16:17:29.115, 0, 0, 48704, 97887
2026/07/08 16:17:29.125, 1, 0, 48104, 97887
2026/07/08 16:17:29.142, 2, 0, 48104, 97887
2026/07/08 16:17:29.159, 3, 0, 48104, 97887
2026/07/08 16:17:29.176, 4, 54, 75534, 97887
2026/07/08 16:17:29.193, 5, 43, 75534, 97887
2026/07/08 16:17:29.210, 6, 51, 75484, 97887
2026/07/08 16:17:29.226, 7, 83, 75484, 97887
2026/07/08 16:17:30.246, 0, 0, 48704, 97887
2026/07/08 16:17:30.265, 1, 0, 48104, 97887
2026/07/08 16:17:30.279, 2, 0, 48104, 97887
2026/07/08 16:17:30.294, 3, 0, 48104, 97887
2026/07/08 16:17:30.308, 4, 48, 75534, 97887
2026/07/08 16:17:30.324, 5, 82, 75534, 97887
2026/07/08 16:17:30.340, 6, 40, 75484, 97887
2026/07/08 16:17:30.356, 7, 90, 75484, 97887
2026/07/08 16:17:31.373, 0, 0, 48704, 97887
2026/07/08 16:17:31.389, 1, 0, 48104, 97887
2026/07/08 16:17:31.411, 2, 0, 48104, 97887
2026/07/08 16:17:31.426, 3, 0, 48104, 97887
2026/07/08 16:17:31.438, 4, 93, 75534, 97887
2026/07/08 16:17:31.462, 5, 27, 75534, 97887
2026/07/08 16:17:31.478, 6, 35, 75484, 97887
2026/07/08 16:17:31.494, 7, 84, 75484, 97887
2026/07/08 16:17:32.510, 0, 0, 48704, 97887
2026/07/08 16:17:32.522, 1, 0, 48104, 97887
2026/07/08 16:17:32.529, 2, 0, 48104, 97887
2026/07/08 16:17:32.535, 3, 0, 48104, 97887
2026/07/08 16:17:32.543, 4, 45, 75534, 97887
2026/07/08 16:17:32.553, 5, 63, 75534, 97887
2026/07/08 16:17:32.561, 6, 32, 75484, 97887
2026/07/08 16:17:32.567, 7, 86, 75484, 97887
2026/07/08 16:17:33.575, 0, 0, 48704, 97887
2026/07/08 16:17:33.584, 1, 0, 48104, 97887
2026/07/08 16:17:33.592, 2, 0, 48104, 97887
2026/07/08 16:17:33.604, 3, 0, 48104, 97887
2026/07/08 16:17:33.618, 4, 39, 75534, 97887
2026/07/08 16:17:33.633, 5, 46, 75534, 97887
2026/07/08 16:17:33.649, 6, 35, 75484, 97887
2026/07/08 16:17:33.659, 7, 85, 75484, 97887
2026/07/08 16:17:34.673, 0, 0, 48704, 97887
2026/07/08 16:17:34.689, 1, 0, 48104, 97887
2026/07/08 16:17:34.705, 2, 0, 48104, 97887
2026/07/08 16:17:34.720, 3, 0, 48104, 97887
2026/07/08 16:17:34.735, 4, 63, 75534, 97887
2026/07/08 16:17:34.749, 5, 62, 75534, 97887
2026/07/08 16:17:34.763, 6, 43, 75484, 97887
2026/07/08 16:17:34.777, 7, 75, 75484, 97887
2026/07/08 16:17:35.790, 0, 0, 48704, 97887
2026/07/08 16:17:35.805, 1, 0, 48104, 97887
2026/07/08 16:17:35.823, 2, 0, 48104, 97887
2026/07/08 16:17:35.839, 3, 0, 48104, 97887
2026/07/08 16:17:35.852, 4, 64, 75534, 97887
2026/07/08 16:17:35.867, 5, 46, 75534, 97887
2026/07/08 16:17:35.884, 6, 49, 75484, 97887
2026/07/08 16:17:35.900, 7, 83, 75484, 97887
2026/07/08 16:17:36.916, 0, 0, 48704, 97887
2026/07/08 16:17:36.932, 1, 0, 48104, 97887
2026/07/08 16:17:36.949, 2, 0, 48104, 97887
2026/07/08 16:17:36.962, 3, 0, 48104, 97887
2026/07/08 16:17:36.975, 4, 66, 75534, 97887
2026/07/08 16:17:36.991, 5, 67, 75534, 97887
2026/07/08 16:17:37.004, 6, 43, 75484, 97887
2026/07/08 16:17:37.026, 7, 89, 75484, 97887
2026/07/08 16:17:38.039, 0, 0, 48704, 97887
2026/07/08 16:17:38.059, 1, 0, 48104, 97887
2026/07/08 16:17:38.073, 2, 0, 48104, 97887
2026/07/08 16:17:38.083, 3, 0, 48104, 97887
2026/07/08 16:17:38.095, 4, 40, 75534, 97887
2026/07/08 16:17:38.109, 5, 81, 75534, 97887
2026/07/08 16:17:38.121, 6, 47, 75484, 97887
2026/07/08 16:17:38.136, 7, 91, 75484, 97887
2026/07/08 16:17:39.151, 0, 0, 48704, 97887
2026/07/08 16:17:39.164, 1, 0, 48104, 97887
2026/07/08 16:17:39.178, 2, 0, 48104, 97887
2026/07/08 16:17:39.190, 3, 0, 48104, 97887
2026/07/08 16:17:39.201, 4, 55, 75534, 97887
2026/07/08 16:17:39.215, 5, 50, 75534, 97887
2026/07/08 16:17:39.227, 6, 34, 75484, 97887
2026/07/08 16:17:39.241, 7, 90, 75484, 97887
2026/07/08 16:17:40.254, 0, 0, 48704, 97887
2026/07/08 16:17:40.269, 1, 0, 48104, 97887
2026/07/08 16:17:40.287, 2, 0, 48104, 97887
2026/07/08 16:17:40.303, 3, 0, 48104, 97887
2026/07/08 16:17:40.316, 4, 43, 75534, 97887
2026/07/08 16:17:40.331, 5, 69, 75534, 97887
2026/07/08 16:17:40.342, 6, 45, 75484, 97887
2026/07/08 16:17:40.348, 7, 83, 75484, 97887
2026/07/08 16:17:41.359, 0, 0, 48704, 97887
2026/07/08 16:17:41.376, 1, 0, 48104, 97887
2026/07/08 16:17:41.390, 2, 0, 48104, 97887
2026/07/08 16:17:41.407, 3, 0, 48104, 97887
2026/07/08 16:17:41.425, 4, 71, 75534, 97887
2026/07/08 16:17:41.440, 5, 41, 75534, 97887
2026/07/08 16:17:41.456, 6, 71, 75484, 97887
2026/07/08 16:17:41.472, 7, 45, 75484, 97887
2026/07/08 16:17:42.488, 0, 0, 48704, 97887
2026/07/08 16:17:42.505, 1, 0, 48104, 97887
2026/07/08 16:17:42.518, 2, 0, 48104, 97887
2026/07/08 16:17:42.526, 3, 0, 48104, 97887
2026/07/08 16:17:42.534, 4, 58, 75534, 97887
2026/07/08 16:17:42.542, 5, 51, 75534, 97887
2026/07/08 16:17:42.554, 6, 52, 75484, 97887
2026/07/08 16:17:42.561, 7, 86, 75484, 97887
2026/07/08 16:17:43.570, 0, 0, 48704, 97887
2026/07/08 16:17:43.584, 1, 0, 48104, 97887
2026/07/08 16:17:43.599, 2, 0, 48104, 97887
2026/07/08 16:17:43.612, 3, 0, 48104, 97887
2026/07/08 16:17:43.629, 4, 75, 75534, 97887
2026/07/08 16:17:43.644, 5, 44, 75534, 97887
2026/07/08 16:17:43.658, 6, 49, 75484, 97887
2026/07/08 16:17:43.672, 7, 89, 75484, 97887
2026/07/08 16:17:44.686, 0, 0, 48704, 97887
2026/07/08 16:17:44.703, 1, 0, 48104, 97887
2026/07/08 16:17:44.717, 2, 0, 48104, 97887
2026/07/08 16:17:44.731, 3, 0, 48104, 97887
2026/07/08 16:17:44.747, 4, 75, 75534, 97887
2026/07/08 16:17:44.764, 5, 36, 75534, 97887
2026/07/08 16:17:44.779, 6, 59, 75484, 97887
2026/07/08 16:17:44.795, 7, 76, 75484, 97887
2026/07/08 16:17:45.813, 0, 0, 48704, 97887
2026/07/08 16:17:45.820, 1, 0, 48104, 97887
2026/07/08 16:17:45.830, 2, 0, 48104, 97887
2026/07/08 16:17:45.841, 3, 0, 48104, 97887
2026/07/08 16:17:45.852, 4, 72, 75534, 97887
2026/07/08 16:17:45.863, 5, 35, 75534, 97887
2026/07/08 16:17:45.874, 6, 48, 75484, 97887
2026/07/08 16:17:45.883, 7, 84, 75484, 97887
2026/07/08 16:17:46.893, 0, 0, 48704, 97887
2026/07/08 16:17:46.911, 1, 0, 48104, 97887
2026/07/08 16:17:46.925, 2, 0, 48104, 97887
2026/07/08 16:17:46.943, 3, 0, 48104, 97887
2026/07/08 16:17:46.957, 4, 89, 75534, 97887
2026/07/08 16:17:46.972, 5, 34, 75534, 97887
2026/07/08 16:17:46.988, 6, 45, 75484, 97887
2026/07/08 16:17:47.001, 7, 84, 75484, 97887
2026/07/08 16:17:48.014, 0, 0, 48704, 97887
2026/07/08 16:17:48.028, 1, 0, 48104, 97887
2026/07/08 16:17:48.042, 2, 0, 48104, 97887
2026/07/08 16:17:48.059, 3, 0, 48104, 97887
2026/07/08 16:17:48.074, 4, 92, 75534, 97887
2026/07/08 16:17:48.088, 5, 23, 75534, 97887
2026/07/08 16:17:48.100, 6, 37, 75484, 97887
2026/07/08 16:17:48.114, 7, 88, 75484, 97887
2026/07/08 16:17:49.128, 0, 0, 48704, 97887
2026/07/08 16:17:49.136, 1, 0, 48104, 97887
2026/07/08 16:17:49.150, 2, 0, 48104, 97887
2026/07/08 16:17:49.168, 3, 0, 48104, 97887
2026/07/08 16:17:49.182, 4, 92, 75534, 97887
2026/07/08 16:17:49.193, 5, 42, 75534, 97887
2026/07/08 16:17:49.204, 6, 58, 75484, 97887
2026/07/08 16:17:49.215, 7, 72, 75484, 97887
2026/07/08 16:17:50.228, 0, 0, 48704, 97887
2026/07/08 16:17:50.240, 1, 0, 48104, 97887
2026/07/08 16:17:50.254, 2, 0, 48104, 97887
2026/07/08 16:17:50.266, 3, 0, 48104, 97887
2026/07/08 16:17:50.279, 4, 51, 75534, 97887
2026/07/08 16:17:50.294, 5, 49, 75534, 97887
2026/07/08 16:17:50.309, 6, 55, 75484, 97887
2026/07/08 16:17:50.325, 7, 61, 75484, 97887
2026/07/08 16:17:51.333, 0, 0, 48704, 97887
2026/07/08 16:17:51.350, 1, 0, 48104, 97887
2026/07/08 16:17:51.365, 2, 0, 48104, 97887
2026/07/08 16:17:51.380, 3, 0, 48104, 97887
2026/07/08 16:17:51.395, 4, 57, 75534, 97887
2026/07/08 16:17:51.409, 5, 20, 75534, 97887
2026/07/08 16:17:51.423, 6, 43, 75484, 97887
2026/07/08 16:17:51.437, 7, 75, 75484, 97887
2026/07/08 16:17:52.451, 0, 0, 48704, 97887
2026/07/08 16:17:52.471, 1, 0, 48104, 97887
2026/07/08 16:17:52.490, 2, 0, 48104, 97887
2026/07/08 16:17:52.506, 3, 0, 48104, 97887
2026/07/08 16:17:52.518, 4, 98, 75534, 97887
2026/07/08 16:17:52.532, 5, 100, 75534, 97887
2026/07/08 16:17:52.540, 6, 43, 75484, 97887
2026/07/08 16:17:52.547, 7, 93, 75484, 97887
2026/07/08 16:17:53.557, 0, 0, 48704, 97887
2026/07/08 16:17:53.571, 1, 0, 48104, 97887
2026/07/08 16:17:53.584, 2, 0, 48104, 97887
2026/07/08 16:17:53.594, 3, 0, 48104, 97887
2026/07/08 16:17:53.606, 4, 96, 75534, 97887
2026/07/08 16:17:53.619, 5, 38, 75534, 97887
2026/07/08 16:17:53.626, 6, 48, 75484, 97887
2026/07/08 16:17:53.641, 7, 88, 75484, 97887
2026/07/08 16:17:54.658, 0, 0, 48704, 97887
2026/07/08 16:17:54.673, 1, 0, 48104, 97887
2026/07/08 16:17:54.688, 2, 0, 48104, 97887
2026/07/08 16:17:54.705, 3, 0, 48104, 97887
2026/07/08 16:17:54.721, 4, 89, 75536, 97887
2026/07/08 16:17:54.742, 5, 72, 75536, 97887
2026/07/08 16:17:54.761, 6, 39, 75484, 97887
2026/07/08 16:17:54.777, 7, 87, 75484, 97887
2026/07/08 16:17:55.794, 0, 0, 48704, 97887
2026/07/08 16:17:55.811, 1, 0, 48104, 97887
2026/07/08 16:17:55.827, 2, 0, 48104, 97887
2026/07/08 16:17:55.840, 3, 0, 48104, 97887
2026/07/08 16:17:55.852, 4, 89, 75536, 97887
2026/07/08 16:17:55.865, 5, 36, 75536, 97887
2026/07/08 16:17:55.876, 6, 39, 75484, 97887
2026/07/08 16:17:55.888, 7, 94, 75484, 97887
2026/07/08 16:17:56.899, 0, 0, 48704, 97887
2026/07/08 16:17:56.916, 1, 0, 48104, 97887
2026/07/08 16:17:56.933, 2, 0, 48104, 97887
2026/07/08 16:17:56.948, 3, 0, 48104, 97887
2026/07/08 16:17:56.962, 4, 92, 75536, 97887
2026/07/08 16:17:56.973, 5, 37, 75536, 97887
2026/07/08 16:17:56.988, 6, 51, 75484, 97887
2026/07/08 16:17:57.005, 7, 92, 75484, 97887
2026/07/08 16:17:58.023, 0, 0, 48704, 97887
2026/07/08 16:17:58.039, 1, 0, 48104, 97887
2026/07/08 16:17:58.057, 2, 0, 48104, 97887
2026/07/08 16:17:58.074, 3, 0, 48104, 97887
2026/07/08 16:17:58.089, 4, 92, 75536, 97887
2026/07/08 16:17:58.104, 5, 13, 75536, 97887
2026/07/08 16:17:58.117, 6, 52, 75484, 97887
2026/07/08 16:17:58.131, 7, 85, 75484, 97887
2026/07/08 16:17:59.143, 0, 0, 48704, 97887
2026/07/08 16:17:59.165, 1, 0, 48104, 97887
2026/07/08 16:17:59.182, 2, 0, 48104, 97887
2026/07/08 16:17:59.197, 3, 0, 48104, 97887
2026/07/08 16:17:59.213, 4, 96, 75536, 97887
2026/07/08 16:17:59.230, 5, 30, 75536, 97887
2026/07/08 16:17:59.246, 6, 36, 75484, 97887
2026/07/08 16:17:59.261, 7, 86, 75484, 97887
2026/07/08 16:18:00.278, 0, 0, 48704, 97887
2026/07/08 16:18:00.293, 1, 0, 48104, 97887
2026/07/08 16:18:00.308, 2, 0, 48104, 97887
2026/07/08 16:18:00.324, 3, 0, 48104, 97887
2026/07/08 16:18:00.342, 4, 69, 75536, 97887
2026/07/08 16:18:00.357, 5, 74, 75536, 97887
2026/07/08 16:18:00.372, 6, 44, 75484, 97887
2026/07/08 16:18:00.389, 7, 81, 75484, 97887
2026/07/08 16:18:01.405, 0, 0, 48704, 97887
2026/07/08 16:18:01.422, 1, 0, 48104, 97887
2026/07/08 16:18:01.435, 2, 0, 48104, 97887
2026/07/08 16:18:01.453, 3, 0, 48104, 97887
2026/07/08 16:18:01.467, 4, 77, 75536, 97887
2026/07/08 16:18:01.483, 5, 40, 75536, 97887
2026/07/08 16:18:01.499, 6, 47, 75484, 97887
2026/07/08 16:18:01.514, 7, 82, 75484, 97887
2026/07/08 16:18:02.532, 0, 0, 48704, 97887
2026/07/08 16:18:02.549, 1, 0, 48104, 97887
2026/07/08 16:18:02.561, 2, 0, 48104, 97887
2026/07/08 16:18:02.570, 3, 0, 48104, 97887
2026/07/08 16:18:02.584, 4, 96, 75536, 97887
2026/07/08 16:18:02.603, 5, 43, 75536, 97887
2026/07/08 16:18:02.619, 6, 49, 75484, 97887
2026/07/08 16:18:02.634, 7, 86, 75484, 97887
2026/07/08 16:18:03.646, 0, 0, 48704, 97887
2026/07/08 16:18:03.663, 1, 0, 48104, 97887
2026/07/08 16:18:03.677, 2, 0, 48104, 97887
2026/07/08 16:18:03.689, 3, 0, 48104, 97887
2026/07/08 16:18:03.702, 4, 85, 75536, 97887
2026/07/08 16:18:03.717, 5, 71, 75536, 97887
2026/07/08 16:18:03.730, 6, 100, 75484, 97887
2026/07/08 16:18:03.745, 7, 100, 75484, 97887
2026/07/08 16:18:04.760, 0, 0, 48704, 97887
2026/07/08 16:18:04.775, 1, 0, 48104, 97887
2026/07/08 16:18:04.791, 2, 0, 48104, 97887
2026/07/08 16:18:04.807, 3, 0, 48104, 97887
2026/07/08 16:18:04.823, 4, 67, 75536, 97887
2026/07/08 16:18:04.838, 5, 35, 75536, 97887
2026/07/08 16:18:04.852, 6, 92, 75484, 97887
2026/07/08 16:18:04.867, 7, 36, 75484, 97887
2026/07/08 16:18:05.880, 0, 0, 48704, 97887
2026/07/08 16:18:05.894, 1, 0, 48104, 97887
2026/07/08 16:18:05.904, 2, 0, 48104, 97887
2026/07/08 16:18:05.919, 3, 0, 48104, 97887
2026/07/08 16:18:05.934, 4, 71, 75536, 97887
2026/07/08 16:18:05.951, 5, 62, 75536, 97887
2026/07/08 16:18:05.965, 6, 74, 75484, 97887
2026/07/08 16:18:05.978, 7, 54, 75484, 97887
2026/07/08 16:18:06.991, 0, 0, 48704, 97887
2026/07/08 16:18:07.009, 1, 0, 48104, 97887
2026/07/08 16:18:07.026, 2, 0, 48104, 97887
2026/07/08 16:18:07.043, 3, 0, 48104, 97887
2026/07/08 16:18:07.055, 4, 31, 75536, 97887
2026/07/08 16:18:07.067, 5, 50, 75536, 97887
2026/07/08 16:18:07.080, 6, 82, 75484, 97887
2026/07/08 16:18:07.094, 7, 41, 75484, 97887
2026/07/08 16:18:08.106, 0, 0, 48704, 97887
2026/07/08 16:18:08.121, 1, 0, 48104, 97887
2026/07/08 16:18:08.138, 2, 0, 48104, 97887
2026/07/08 16:18:08.155, 3, 0, 48104, 97887
2026/07/08 16:18:08.170, 4, 43, 75536, 97887
2026/07/08 16:18:08.182, 5, 90, 75536, 97887
2026/07/08 16:18:08.196, 6, 68, 75484, 97887
2026/07/08 16:18:08.210, 7, 85, 75484, 97887
2026/07/08 16:18:09.227, 0, 0, 48704, 97887
2026/07/08 16:18:09.243, 1, 0, 48104, 97887
2026/07/08 16:18:09.261, 2, 0, 48104, 97887
2026/07/08 16:18:09.277, 3, 0, 48104, 97887
2026/07/08 16:18:09.294, 4, 51, 75536, 97887
2026/07/08 16:18:09.308, 5, 69, 75536, 97887
2026/07/08 16:18:09.326, 6, 81, 75484, 97887
2026/07/08 16:18:09.344, 7, 47, 75484, 97887
2026/07/08 16:18:10.364, 0, 0, 48704, 97887
2026/07/08 16:18:10.381, 1, 0, 48104, 97887
2026/07/08 16:18:10.398, 2, 0, 48104, 97887
2026/07/08 16:18:10.416, 3, 0, 48104, 97887
2026/07/08 16:18:10.432, 4, 46, 75536, 97887
2026/07/08 16:18:10.449, 5, 60, 75536, 97887
2026/07/08 16:18:10.467, 6, 64, 75484, 97887
2026/07/08 16:18:10.484, 7, 43, 75484, 97887
2026/07/08 16:18:11.498, 0, 0, 48704, 97887
2026/07/08 16:18:11.510, 1, 0, 48104, 97887
2026/07/08 16:18:11.521, 2, 0, 48104, 97887
2026/07/08 16:18:11.534, 3, 0, 48104, 97887
2026/07/08 16:18:11.546, 4, 63, 75536, 97887
2026/07/08 16:18:11.560, 5, 81, 75536, 97887
2026/07/08 16:18:11.574, 6, 71, 75484, 97887
2026/07/08 16:18:11.587, 7, 54, 75484, 97887
2026/07/08 16:18:12.603, 0, 0, 48704, 97887
2026/07/08 16:18:12.616, 1, 0, 48104, 97887
2026/07/08 16:18:12.629, 2, 0, 48104, 97887
2026/07/08 16:18:12.644, 3, 0, 48104, 97887
2026/07/08 16:18:12.660, 4, 32, 75536, 97887
2026/07/08 16:18:12.674, 5, 77, 75536, 97887
2026/07/08 16:18:12.691, 6, 52, 75484, 97887
2026/07/08 16:18:12.707, 7, 58, 75484, 97887
2026/07/08 16:18:13.725, 0, 0, 48704, 97887
2026/07/08 16:18:13.743, 1, 0, 48104, 97887
2026/07/08 16:18:13.763, 2, 0, 48104, 97887
2026/07/08 16:18:13.781, 3, 0, 48104, 97887
2026/07/08 16:18:13.800, 4, 42, 75536, 97887
2026/07/08 16:18:13.817, 5, 73, 75536, 97887
2026/07/08 16:18:13.834, 6, 61, 75484, 97887
2026/07/08 16:18:13.849, 7, 49, 75484, 97887
2026/07/08 16:18:14.864, 0, 0, 48704, 97887
2026/07/08 16:18:14.875, 1, 0, 48104, 97887
2026/07/08 16:18:14.888, 2, 0, 48104, 97887
2026/07/08 16:18:14.897, 3, 0, 48104, 97887
2026/07/08 16:18:14.907, 4, 45, 75536, 97887
2026/07/08 16:18:14.918, 5, 76, 75536, 97887
2026/07/08 16:18:14.928, 6, 62, 75484, 97887
2026/07/08 16:18:14.937, 7, 68, 75484, 97887
2026/07/08 16:18:15.950, 0, 0, 48704, 97887
2026/07/08 16:18:15.964, 1, 0, 48104, 97887
2026/07/08 16:18:15.978, 2, 0, 48104, 97887
2026/07/08 16:18:15.990, 3, 0, 48104, 97887
2026/07/08 16:18:15.998, 4, 55, 75536, 97887
2026/07/08 16:18:16.008, 5, 75, 75536, 97887
2026/07/08 16:18:16.022, 6, 58, 75484, 97887
2026/07/08 16:18:16.037, 7, 69, 75484, 97887
2026/07/08 16:18:17.048, 0, 0, 48704, 97887
2026/07/08 16:18:17.065, 1, 0, 48104, 97887
2026/07/08 16:18:17.078, 2, 0, 48104, 97887
2026/07/08 16:18:17.092, 3, 0, 48104, 97887
2026/07/08 16:18:17.102, 4, 30, 75536, 97887
2026/07/08 16:18:17.112, 5, 29, 75536, 97887
2026/07/08 16:18:17.121, 6, 79, 75484, 97887
2026/07/08 16:18:17.132, 7, 36, 75484, 97887
2026/07/08 16:18:18.142, 0, 0, 48704, 97887
2026/07/08 16:18:18.157, 1, 0, 48104, 97887
2026/07/08 16:18:18.170, 2, 0, 48104, 97887
2026/07/08 16:18:18.181, 3, 0, 48104, 97887
2026/07/08 16:18:18.188, 4, 91, 75536, 97887
2026/07/08 16:18:18.201, 5, 89, 75536, 97887
2026/07/08 16:18:18.211, 6, 56, 75484, 97887
2026/07/08 16:18:18.223, 7, 62, 75484, 97887
2026/07/08 16:18:19.237, 0, 0, 48704, 97887
2026/07/08 16:18:19.251, 1, 0, 48104, 97887
2026/07/08 16:18:19.265, 2, 0, 48104, 97887
2026/07/08 16:18:19.281, 3, 0, 48104, 97887
2026/07/08 16:18:19.292, 4, 96, 75536, 97887
2026/07/08 16:18:19.302, 5, 37, 75536, 97887
2026/07/08 16:18:19.315, 6, 51, 75484, 97887
2026/07/08 16:18:19.325, 7, 53, 75484, 97887
2026/07/08 16:18:20.334, 0, 0, 48704, 97887
2026/07/08 16:18:20.343, 1, 0, 48104, 97887
2026/07/08 16:18:20.351, 2, 0, 48104, 97887
2026/07/08 16:18:20.361, 3, 0, 48104, 97887
2026/07/08 16:18:20.372, 4, 94, 75536, 97887
2026/07/08 16:18:20.383, 5, 49, 75536, 97887
2026/07/08 16:18:20.396, 6, 53, 75484, 97887
2026/07/08 16:18:20.408, 7, 76, 75484, 97887
2026/07/08 16:18:21.419, 0, 0, 48704, 97887
2026/07/08 16:18:21.437, 1, 0, 48104, 97887
2026/07/08 16:18:21.456, 2, 0, 48104, 97887
2026/07/08 16:18:21.475, 3, 0, 48104, 97887
2026/07/08 16:18:21.493, 4, 80, 75536, 97887
2026/07/08 16:18:21.509, 5, 46, 75536, 97887
2026/07/08 16:18:21.522, 6, 52, 75484, 97887
2026/07/08 16:18:21.535, 7, 53, 75484, 97887
2026/07/08 16:18:22.546, 0, 0, 48704, 97887
2026/07/08 16:18:22.559, 1, 0, 48104, 97887
2026/07/08 16:18:22.574, 2, 0, 48104, 97887
2026/07/08 16:18:22.592, 3, 0, 48104, 97887
2026/07/08 16:18:22.609, 4, 70, 75536, 97887
2026/07/08 16:18:22.623, 5, 58, 75536, 97887
2026/07/08 16:18:22.640, 6, 46, 75484, 97887
2026/07/08 16:18:22.657, 7, 89, 75484, 97887
2026/07/08 16:18:23.674, 0, 0, 48704, 97887
2026/07/08 16:18:23.691, 1, 0, 48104, 97887
2026/07/08 16:18:23.707, 2, 0, 48104, 97887
2026/07/08 16:18:23.727, 3, 0, 48104, 97887
2026/07/08 16:18:23.745, 4, 96, 75536, 97887
2026/07/08 16:18:23.761, 5, 32, 75536, 97887
2026/07/08 16:18:23.776, 6, 41, 75484, 97887
2026/07/08 16:18:23.793, 7, 42, 75484, 97887
2026/07/08 16:18:24.811, 0, 0, 48704, 97887
2026/07/08 16:18:24.820, 1, 0, 48104, 97887
2026/07/08 16:18:24.833, 2, 0, 48104, 97887
2026/07/08 16:18:24.848, 3, 0, 48104, 97887
2026/07/08 16:18:24.862, 4, 66, 75536, 97887
2026/07/08 16:18:24.876, 5, 41, 75536, 97887
2026/07/08 16:18:24.890, 6, 66, 75484, 97887
2026/07/08 16:18:24.906, 7, 83, 75484, 97887
2026/07/08 16:18:25.921, 0, 0, 48704, 97887
2026/07/08 16:18:25.935, 1, 0, 48104, 97887
2026/07/08 16:18:25.948, 2, 0, 48104, 97887
2026/07/08 16:18:25.964, 3, 0, 48104, 97887
2026/07/08 16:18:25.996, 4, 92, 75536, 97887
2026/07/08 16:18:26.012, 5, 34, 75536, 97887
2026/07/08 16:18:26.025, 6, 41, 75484, 97887
2026/07/08 16:18:26.042, 7, 77, 75484, 97887
2026/07/08 16:18:27.060, 0, 0, 48704, 97887
2026/07/08 16:18:27.079, 1, 0, 48104, 97887
2026/07/08 16:18:27.099, 2, 0, 48104, 97887
2026/07/08 16:18:27.116, 3, 0, 48104, 97887
2026/07/08 16:18:27.135, 4, 71, 75536, 97887
2026/07/08 16:18:27.151, 5, 45, 75536, 97887
2026/07/08 16:18:27.168, 6, 100, 75484, 97887
2026/07/08 16:18:27.182, 7, 100, 75484, 97887
2026/07/08 16:18:28.200, 0, 0, 48704, 97887
2026/07/08 16:18:28.214, 1, 0, 48104, 97887
2026/07/08 16:18:28.226, 2, 0, 48104, 97887
2026/07/08 16:18:28.239, 3, 0, 48104, 97887
2026/07/08 16:18:28.251, 4, 88, 75536, 97887
2026/07/08 16:18:28.263, 5, 28, 75536, 97887
2026/07/08 16:18:28.281, 6, 83, 75484, 97887
2026/07/08 16:18:28.296, 7, 69, 75484, 97887
2026/07/08 16:18:29.312, 0, 0, 48704, 97887
2026/07/08 16:18:29.326, 1, 0, 48104, 97887
2026/07/08 16:18:29.333, 2, 0, 48104, 97887
2026/07/08 16:18:29.343, 3, 0, 48104, 97887
2026/07/08 16:18:29.356, 4, 95, 75536, 97887
2026/07/08 16:18:29.370, 5, 37, 75536, 97887
2026/07/08 16:18:29.387, 6, 55, 75484, 97887
2026/07/08 16:18:29.406, 7, 59, 75484, 97887
2026/07/08 16:18:30.422, 0, 0, 48704, 97887
2026/07/08 16:18:30.430, 1, 0, 48104, 97887
2026/07/08 16:18:30.435, 2, 0, 48104, 97887
2026/07/08 16:18:30.441, 3, 0, 48104, 97887
2026/07/08 16:18:30.448, 4, 96, 75536, 97887
2026/07/08 16:18:30.465, 5, 29, 75536, 97887
2026/07/08 16:18:30.478, 6, 53, 75484, 97887
2026/07/08 16:18:30.492, 7, 91, 75484, 97887
2026/07/08 16:18:31.510, 0, 0, 48704, 97887
2026/07/08 16:18:31.521, 1, 0, 48104, 97887
2026/07/08 16:18:31.535, 2, 0, 48104, 97887
2026/07/08 16:18:31.543, 3, 0, 48104, 97887
2026/07/08 16:18:31.557, 4, 95, 75536, 97887
2026/07/08 16:18:31.577, 5, 31, 75536, 97887
2026/07/08 16:18:31.598, 6, 52, 75484, 97887
2026/07/08 16:18:31.612, 7, 82, 75484, 97887
2026/07/08 16:18:32.631, 0, 0, 48704, 97887
2026/07/08 16:18:32.640, 1, 0, 48104, 97887
2026/07/08 16:18:32.653, 2, 0, 48104, 97887
2026/07/08 16:18:32.670, 3, 0, 48104, 97887
2026/07/08 16:18:32.684, 4, 86, 75536, 97887
2026/07/08 16:18:32.700, 5, 30, 75536, 97887
2026/07/08 16:18:32.712, 6, 34, 75484, 97887
2026/07/08 16:18:32.726, 7, 66, 75484, 97887
2026/07/08 16:18:33.741, 0, 0, 48704, 97887
2026/07/08 16:18:33.761, 1, 0, 48104, 97887
2026/07/08 16:18:33.776, 2, 0, 48104, 97887
2026/07/08 16:18:33.789, 3, 0, 48104, 97887
2026/07/08 16:18:33.805, 4, 94, 75536, 97887
2026/07/08 16:18:33.818, 5, 36, 75538, 97887
2026/07/08 16:18:33.832, 6, 55, 75484, 97887
2026/07/08 16:18:33.843, 7, 48, 75484, 97887
2026/07/08 16:18:34.855, 0, 0, 48704, 97887
2026/07/08 16:18:34.874, 1, 0, 48104, 97887
2026/07/08 16:18:34.890, 2, 0, 48104, 97887
2026/07/08 16:18:34.899, 3, 0, 48104, 97887
2026/07/08 16:18:34.914, 4, 90, 75536, 97887
2026/07/08 16:18:34.928, 5, 65, 75538, 97887
2026/07/08 16:18:34.940, 6, 94, 75484, 97887
2026/07/08 16:18:34.953, 7, 100, 75484, 97887
2026/07/08 16:18:35.963, 0, 0, 48704, 97887
2026/07/08 16:18:35.978, 1, 0, 48104, 97887
2026/07/08 16:18:35.990, 2, 0, 48104, 97887
2026/07/08 16:18:36.004, 3, 0, 48104, 97887
2026/07/08 16:18:36.017, 4, 95, 75536, 97887
2026/07/08 16:18:36.033, 5, 35, 75538, 97887
2026/07/08 16:18:36.046, 6, 52, 75486, 97887
2026/07/08 16:18:36.057, 7, 59, 75484, 97887
2026/07/08 16:18:37.071, 0, 0, 48704, 97887
2026/07/08 16:18:37.095, 1, 0, 48104, 97887
2026/07/08 16:18:37.118, 2, 0, 48104, 97887
2026/07/08 16:18:37.133, 3, 0, 48104, 97887
2026/07/08 16:18:37.149, 4, 91, 75536, 97887
2026/07/08 16:18:37.161, 5, 29, 75538, 97887
2026/07/08 16:18:37.175, 6, 54, 75486, 97887
2026/07/08 16:18:37.187, 7, 65, 75486, 97887
2026/07/08 16:18:38.202, 0, 0, 48704, 97887
2026/07/08 16:18:38.216, 1, 0, 48104, 97887
2026/07/08 16:18:38.226, 2, 0, 48104, 97887
2026/07/08 16:18:38.236, 3, 0, 48104, 97887
2026/07/08 16:18:38.244, 4, 89, 75536, 97887
2026/07/08 16:18:38.252, 5, 39, 75538, 97887
2026/07/08 16:18:38.263, 6, 49, 75486, 97887
2026/07/08 16:18:38.275, 7, 81, 75486, 97887
2026/07/08 16:18:39.287, 0, 0, 48704, 97887
2026/07/08 16:18:39.300, 1, 0, 48104, 97887
2026/07/08 16:18:39.313, 2, 0, 48104, 97887
2026/07/08 16:18:39.328, 3, 0, 48104, 97887
2026/07/08 16:18:39.342, 4, 87, 75536, 97887
2026/07/08 16:18:39.356, 5, 40, 75538, 97887
2026/07/08 16:18:39.373, 6, 64, 75486, 97887
2026/07/08 16:18:39.386, 7, 72, 75486, 97887
2026/07/08 16:18:40.399, 0, 0, 48704, 97887
2026/07/08 16:18:40.417, 1, 0, 48104, 97887
2026/07/08 16:18:40.430, 2, 0, 48104, 97887
2026/07/08 16:18:40.440, 3, 0, 48104, 97887
2026/07/08 16:18:40.452, 4, 95, 75536, 97887
2026/07/08 16:18:40.461, 5, 44, 75538, 97887
2026/07/08 16:18:40.479, 6, 49, 75530, 97887
2026/07/08 16:18:40.495, 7, 70, 75530, 97887
2026/07/08 16:18:41.513, 0, 0, 48704, 97887
2026/07/08 16:18:41.530, 1, 0, 48104, 97887
2026/07/08 16:18:41.549, 2, 0, 48104, 97887
2026/07/08 16:18:41.567, 3, 0, 48104, 97887
2026/07/08 16:18:41.584, 4, 86, 75536, 97887
2026/07/08 16:18:41.602, 5, 34, 75538, 97887
2026/07/08 16:18:41.619, 6, 50, 75530, 97887
2026/07/08 16:18:41.638, 7, 83, 75530, 97887
2026/07/08 16:18:42.653, 0, 0, 48704, 97887
2026/07/08 16:18:42.671, 1, 0, 48104, 97887
2026/07/08 16:18:42.687, 2, 0, 48104, 97887
2026/07/08 16:18:42.703, 3, 0, 48104, 97887
2026/07/08 16:18:42.718, 4, 92, 75538, 97887
2026/07/08 16:18:42.735, 5, 41, 75538, 97887
2026/07/08 16:18:42.752, 6, 72, 75530, 97887
2026/07/08 16:18:42.772, 7, 72, 75530, 97887
2026/07/08 16:18:43.784, 0, 0, 48704, 97887
2026/07/08 16:18:43.805, 1, 0, 48104, 97887
2026/07/08 16:18:43.823, 2, 0, 48104, 97887
2026/07/08 16:18:43.842, 3, 0, 48104, 97887
2026/07/08 16:18:43.856, 4, 92, 75538, 97887
2026/07/08 16:18:43.876, 5, 36, 75538, 97887
2026/07/08 16:18:43.894, 6, 63, 75530, 97887
2026/07/08 16:18:43.911, 7, 59, 75530, 97887
2026/07/08 16:18:44.927, 0, 0, 48704, 97887
2026/07/08 16:18:44.941, 1, 0, 48104, 97887
2026/07/08 16:18:44.953, 2, 0, 48104, 97887
2026/07/08 16:18:44.968, 3, 0, 48104, 97887
2026/07/08 16:18:44.984, 4, 96, 75538, 97887
2026/07/08 16:18:45.004, 5, 38, 75538, 97887
2026/07/08 16:18:45.023, 6, 60, 75530, 97887
2026/07/08 16:18:45.046, 7, 83, 75530, 97887
2026/07/08 16:18:46.064, 0, 0, 48704, 97887
2026/07/08 16:18:46.080, 1, 0, 48104, 97887
2026/07/08 16:18:46.091, 2, 0, 48104, 97887
2026/07/08 16:18:46.105, 3, 0, 48104, 97887
2026/07/08 16:18:46.120, 4, 90, 75538, 97887
2026/07/08 16:18:46.134, 5, 31, 75538, 97887
2026/07/08 16:18:46.145, 6, 66, 75530, 97887
2026/07/08 16:18:46.153, 7, 91, 75530, 97887
2026/07/08 16:18:47.165, 0, 0, 48704, 97887
2026/07/08 16:18:47.180, 1, 0, 48104, 97887
2026/07/08 16:18:47.197, 2, 0, 48104, 97887
2026/07/08 16:18:47.210, 3, 0, 48104, 97887
2026/07/08 16:18:47.220, 4, 97, 75538, 97887
2026/07/08 16:18:47.233, 5, 96, 75538, 97887
2026/07/08 16:18:47.244, 6, 73, 75530, 97887
2026/07/08 16:18:47.260, 7, 82, 75530, 97887
2026/07/08 16:18:48.276, 0, 0, 48704, 97887
2026/07/08 16:18:48.294, 1, 0, 48104, 97887
2026/07/08 16:18:48.311, 2, 0, 48104, 97887
2026/07/08 16:18:48.326, 3, 0, 48104, 97887
2026/07/08 16:18:48.341, 4, 48, 75538, 97887
2026/07/08 16:18:48.353, 5, 42, 75538, 97887
2026/07/08 16:18:48.365, 6, 57, 75530, 97887
2026/07/08 16:18:48.378, 7, 77, 75530, 97887
2026/07/08 16:18:49.390, 0, 0, 48704, 97887
2026/07/08 16:18:49.402, 1, 0, 48104, 97887
2026/07/08 16:18:49.413, 2, 0, 48104, 97887
2026/07/08 16:18:49.424, 3, 0, 48104, 97887
2026/07/08 16:18:49.437, 4, 92, 75538, 97887
2026/07/08 16:18:49.451, 5, 36, 75538, 97887
2026/07/08 16:18:49.463, 6, 67, 75530, 97887
2026/07/08 16:18:49.476, 7, 75, 75530, 97887
2026/07/08 16:18:50.490, 0, 0, 48704, 97887
2026/07/08 16:18:50.503, 1, 0, 48104, 97887
2026/07/08 16:18:50.514, 2, 0, 48104, 97887
2026/07/08 16:18:50.529, 3, 0, 48104, 97887
2026/07/08 16:18:50.540, 4, 94, 75538, 97887
2026/07/08 16:18:50.554, 5, 38, 75538, 97887
2026/07/08 16:18:50.563, 6, 46, 75530, 97887
2026/07/08 16:18:50.570, 7, 87, 75530, 97887
2026/07/08 16:18:51.584, 0, 0, 48704, 97887
2026/07/08 16:18:51.595, 1, 0, 48104, 97887
2026/07/08 16:18:51.610, 2, 0, 48104, 97887
2026/07/08 16:18:51.625, 3, 0, 48104, 97887
2026/07/08 16:18:51.638, 4, 96, 75538, 97887
2026/07/08 16:18:51.650, 5, 44, 75538, 97887
2026/07/08 16:18:51.663, 6, 60, 75530, 97887
2026/07/08 16:18:51.678, 7, 80, 75530, 97887
2026/07/08 16:18:52.692, 0, 0, 48704, 97887
2026/07/08 16:18:52.710, 1, 0, 48104, 97887
2026/07/08 16:18:52.725, 2, 0, 48104, 97887
2026/07/08 16:18:52.742, 3, 0, 48104, 97887
2026/07/08 16:18:52.758, 4, 91, 75538, 97887
2026/07/08 16:18:52.773, 5, 32, 75538, 97887
2026/07/08 16:18:52.787, 6, 49, 75530, 97887
2026/07/08 16:18:52.802, 7, 87, 75530, 97887
2026/07/08 16:18:53.819, 0, 0, 48704, 97887
2026/07/08 16:18:53.829, 1, 0, 48104, 97887
2026/07/08 16:18:53.836, 2, 0, 48104, 97887
2026/07/08 16:18:53.845, 3, 0, 48104, 97887
2026/07/08 16:18:53.859, 4, 43, 75538, 97887
2026/07/08 16:18:53.874, 5, 72, 75538, 97887
2026/07/08 16:18:53.891, 6, 61, 75530, 97887
2026/07/08 16:18:53.907, 7, 77, 75530, 97887
2026/07/08 16:18:54.921, 0, 0, 48704, 97887
2026/07/08 16:18:54.933, 1, 0, 48104, 97887
2026/07/08 16:18:54.947, 2, 0, 48104, 97887
2026/07/08 16:18:54.960, 3, 0, 48104, 97887
2026/07/08 16:18:54.970, 4, 76, 75538, 97887
2026/07/08 16:18:54.980, 5, 49, 75538, 97887
2026/07/08 16:18:54.994, 6, 63, 75530, 97887
2026/07/08 16:18:55.004, 7, 74, 75530, 97887
2026/07/08 16:18:56.017, 0, 0, 48704, 97887
2026/07/08 16:18:56.028, 1, 0, 48104, 97887
2026/07/08 16:18:56.038, 2, 0, 48104, 97887
2026/07/08 16:18:56.052, 3, 0, 48104, 97887
2026/07/08 16:18:56.064, 4, 92, 75538, 97887
2026/07/08 16:18:56.072, 5, 70, 75538, 97887
2026/07/08 16:18:56.083, 6, 76, 75530, 97887
2026/07/08 16:18:56.089, 7, 76, 75530, 97887
2026/07/08 16:18:57.095, 0, 0, 48704, 97887
2026/07/08 16:18:57.112, 1, 0, 48104, 97887
2026/07/08 16:18:57.125, 2, 0, 48104, 97887
2026/07/08 16:18:57.138, 3, 0, 48104, 97887
2026/07/08 16:18:57.154, 4, 38, 75538, 97887
2026/07/08 16:18:57.169, 5, 35, 75538, 97887
2026/07/08 16:18:57.183, 6, 40, 75530, 97887
2026/07/08 16:18:57.200, 7, 73, 75530, 97887
2026/07/08 16:18:58.216, 0, 0, 48704, 97887
2026/07/08 16:18:58.230, 1, 0, 48104, 97887
2026/07/08 16:18:58.244, 2, 0, 48104, 97887
2026/07/08 16:18:58.261, 3, 0, 48104, 97887
2026/07/08 16:18:58.276, 4, 75, 75538, 97887
2026/07/08 16:18:58.291, 5, 38, 75538, 97887
2026/07/08 16:18:58.305, 6, 65, 75530, 97887
2026/07/08 16:18:58.321, 7, 72, 75530, 97887
2026/07/08 16:18:59.335, 0, 0, 48704, 97887
2026/07/08 16:18:59.346, 1, 0, 48104, 97887
2026/07/08 16:18:59.361, 2, 0, 48104, 97887
2026/07/08 16:18:59.374, 3, 0, 48104, 97887
2026/07/08 16:18:59.389, 4, 86, 75538, 97887
2026/07/08 16:18:59.406, 5, 35, 75538, 97887
2026/07/08 16:18:59.419, 6, 62, 75530, 97887
2026/07/08 16:18:59.431, 7, 54, 75530, 97887
2026/07/08 16:19:00.446, 0, 0, 48704, 97887
2026/07/08 16:19:00.459, 1, 0, 48104, 97887
2026/07/08 16:19:00.470, 2, 0, 48104, 97887
2026/07/08 16:19:00.482, 3, 0, 48104, 97887
2026/07/08 16:19:00.494, 4, 69, 75538, 97887
2026/07/08 16:19:00.508, 5, 29, 75538, 97887
2026/07/08 16:19:00.519, 6, 61, 75530, 97887
2026/07/08 16:19:00.532, 7, 36, 75530, 97887
2026/07/08 16:19:01.543, 0, 0, 48704, 97887
2026/07/08 16:19:01.562, 1, 0, 48104, 97887
2026/07/08 16:19:01.575, 2, 0, 48104, 97887
2026/07/08 16:19:01.588, 3, 0, 48104, 97887
2026/07/08 16:19:01.603, 4, 39, 75538, 97887
2026/07/08 16:19:01.617, 5, 85, 75538, 97887
2026/07/08 16:19:01.630, 6, 81, 75530, 97887
2026/07/08 16:19:01.646, 7, 52, 75530, 97887
2026/07/08 16:19:02.662, 0, 0, 48704, 97887
2026/07/08 16:19:02.675, 1, 0, 48104, 97887
2026/07/08 16:19:02.687, 2, 0, 48104, 97887
2026/07/08 16:19:02.704, 3, 0, 48104, 97887
2026/07/08 16:19:02.721, 4, 52, 75538, 97887
2026/07/08 16:19:02.737, 5, 61, 75538, 97887
2026/07/08 16:19:02.754, 6, 66, 75530, 97887
2026/07/08 16:19:02.768, 7, 78, 75530, 97887
2026/07/08 16:19:03.783, 0, 0, 48704, 97887
2026/07/08 16:19:03.803, 1, 0, 48104, 97887
2026/07/08 16:19:03.824, 2, 0, 48104, 97887
2026/07/08 16:19:03.839, 3, 0, 48104, 97887
2026/07/08 16:19:03.853, 4, 68, 75538, 97887
2026/07/08 16:19:03.865, 5, 75, 75538, 97887
2026/07/08 16:19:03.879, 6, 54, 75530, 97887
2026/07/08 16:19:03.890, 7, 48, 75530, 97887
2026/07/08 16:19:04.899, 0, 0, 48704, 97887
2026/07/08 16:19:04.917, 1, 0, 48104, 97887
2026/07/08 16:19:04.932, 2, 0, 48104, 97887
2026/07/08 16:19:04.946, 3, 0, 48104, 97887
2026/07/08 16:19:04.962, 4, 57, 75538, 97887
2026/07/08 16:19:04.978, 5, 68, 75538, 97887
2026/07/08 16:19:04.995, 6, 66, 75530, 97887
2026/07/08 16:19:05.009, 7, 85, 75530, 97887
2026/07/08 16:19:06.021, 0, 0, 48704, 97887
2026/07/08 16:19:06.040, 1, 0, 48104, 97887
2026/07/08 16:19:06.057, 2, 0, 48104, 97887
2026/07/08 16:19:06.076, 3, 0, 48104, 97887
2026/07/08 16:19:06.091, 4, 45, 75538, 97887
2026/07/08 16:19:06.107, 5, 78, 75538, 97887
2026/07/08 16:19:06.119, 6, 84, 75530, 97887
2026/07/08 16:19:06.133, 7, 52, 75530, 97887
2026/07/08 16:19:07.147, 0, 0, 48704, 97887
2026/07/08 16:19:07.154, 1, 0, 48104, 97887
2026/07/08 16:19:07.162, 2, 0, 48104, 97887
2026/07/08 16:19:07.174, 3, 0, 48104, 97887
2026/07/08 16:19:07.188, 4, 81, 75538, 97887
2026/07/08 16:19:07.198, 5, 66, 75538, 97887
2026/07/08 16:19:07.206, 6, 59, 75530, 97887
2026/07/08 16:19:07.214, 7, 67, 75530, 97887
2026/07/08 16:19:08.225, 0, 0, 48704, 97887
2026/07/08 16:19:08.240, 1, 0, 48104, 97887
2026/07/08 16:19:08.252, 2, 0, 48104, 97887
2026/07/08 16:19:08.267, 3, 0, 48104, 97887
2026/07/08 16:19:08.283, 4, 72, 75538, 97887
2026/07/08 16:19:08.299, 5, 60, 75538, 97887
2026/07/08 16:19:08.314, 6, 79, 75530, 97887
2026/07/08 16:19:08.329, 7, 52, 75530, 97887
2026/07/08 16:19:09.339, 0, 0, 48704, 97887
2026/07/08 16:19:09.357, 1, 0, 48104, 97887
2026/07/08 16:19:09.374, 2, 0, 48104, 97887
2026/07/08 16:19:09.392, 3, 0, 48104, 97887
2026/07/08 16:19:09.407, 4, 47, 75538, 97887
2026/07/08 16:19:09.427, 5, 51, 75538, 97887
2026/07/08 16:19:09.440, 6, 50, 75530, 97887
2026/07/08 16:19:09.454, 7, 69, 75530, 97887
2026/07/08 16:19:10.466, 0, 0, 48704, 97887
2026/07/08 16:19:10.482, 1, 0, 48104, 97887
2026/07/08 16:19:10.498, 2, 0, 48104, 97887
2026/07/08 16:19:10.514, 3, 0, 48104, 97887
2026/07/08 16:19:10.530, 4, 65, 75538, 97887
2026/07/08 16:19:10.546, 5, 76, 75538, 97887
2026/07/08 16:19:10.561, 6, 100, 75530, 97887
2026/07/08 16:19:10.581, 7, 100, 75530, 97887
2026/07/08 16:19:11.597, 0, 0, 48704, 97887
2026/07/08 16:19:11.616, 1, 0, 48104, 97887
2026/07/08 16:19:11.633, 2, 0, 48104, 97887
2026/07/08 16:19:11.648, 3, 0, 48104, 97887
2026/07/08 16:19:11.662, 4, 100, 75538, 97887
2026/07/08 16:19:11.677, 5, 100, 75538, 97887
2026/07/08 16:19:11.693, 6, 100, 75530, 97887
2026/07/08 16:19:11.708, 7, 100, 75530, 97887
2026/07/08 16:19:12.725, 0, 0, 48704, 97887
2026/07/08 16:19:12.740, 1, 0, 48104, 97887
2026/07/08 16:19:12.752, 2, 0, 48104, 97887
2026/07/08 16:19:12.766, 3, 0, 48104, 97887
2026/07/08 16:19:12.780, 4, 36, 75538, 97887
2026/07/08 16:19:12.793, 5, 78, 75538, 97887
2026/07/08 16:19:12.807, 6, 46, 75530, 97887
2026/07/08 16:19:12.822, 7, 57, 75530, 97887
2026/07/08 16:19:13.833, 0, 0, 48704, 97887
2026/07/08 16:19:13.849, 1, 0, 48104, 97887
2026/07/08 16:19:13.865, 2, 0, 48104, 97887
2026/07/08 16:19:13.880, 3, 0, 48104, 97887
2026/07/08 16:19:13.895, 4, 32, 75538, 97887
2026/07/08 16:19:13.909, 5, 51, 75538, 97887
2026/07/08 16:19:13.923, 6, 61, 75530, 97887
2026/07/08 16:19:13.934, 7, 61, 75530, 97887
2026/07/08 16:19:14.950, 0, 0, 48704, 97887
2026/07/08 16:19:14.966, 1, 0, 48104, 97887
2026/07/08 16:19:14.980, 2, 0, 48104, 97887
2026/07/08 16:19:14.995, 3, 0, 48104, 97887
2026/07/08 16:19:15.010, 4, 47, 75538, 97887
2026/07/08 16:19:15.022, 5, 72, 75538, 97887
2026/07/08 16:19:15.045, 6, 74, 75530, 97887
2026/07/08 16:19:15.062, 7, 52, 75530, 97887
2026/07/08 16:19:16.079, 0, 0, 48704, 97887
2026/07/08 16:19:16.092, 1, 0, 48104, 97887
2026/07/08 16:19:16.105, 2, 0, 48104, 97887
2026/07/08 16:19:16.116, 3, 0, 48104, 97887
2026/07/08 16:19:16.127, 4, 41, 75538, 97887
2026/07/08 16:19:16.143, 5, 48, 75538, 97887
2026/07/08 16:19:16.156, 6, 82, 75530, 97887
2026/07/08 16:19:16.169, 7, 57, 75530, 97887
2026/07/08 16:19:17.177, 0, 0, 48704, 97887
2026/07/08 16:19:17.193, 1, 0, 48104, 97887
2026/07/08 16:19:17.208, 2, 0, 48104, 97887
2026/07/08 16:19:17.221, 3, 0, 48104, 97887
2026/07/08 16:19:17.232, 4, 54, 75538, 97887
2026/07/08 16:19:17.248, 5, 77, 75538, 97887
2026/07/08 16:19:17.264, 6, 86, 75530, 97887
2026/07/08 16:19:17.277, 7, 48, 75530, 97887
2026/07/08 16:19:18.290, 0, 0, 48704, 97887
2026/07/08 16:19:18.308, 1, 0, 48104, 97887
2026/07/08 16:19:18.322, 2, 0, 48104, 97887
2026/07/08 16:19:18.336, 3, 0, 48104, 97887
2026/07/08 16:19:18.351, 4, 78, 75538, 97887
2026/07/08 16:19:18.366, 5, 77, 75540, 97887
2026/07/08 16:19:18.383, 6, 57, 75530, 97887
2026/07/08 16:19:18.399, 7, 62, 75530, 97887
2026/07/08 16:19:19.414, 0, 0, 48704, 97887
2026/07/08 16:19:19.429, 1, 0, 48104, 97887
2026/07/08 16:19:19.449, 2, 0, 48104, 97887
2026/07/08 16:19:19.466, 3, 0, 48104, 97887
2026/07/08 16:19:19.485, 4, 45, 75540, 97887
2026/07/08 16:19:19.503, 5, 73, 75540, 97887
2026/07/08 16:19:19.517, 6, 50, 75530, 97887
2026/07/08 16:19:19.530, 7, 92, 75530, 97887
2026/07/08 16:19:20.545, 0, 0, 48704, 97887
2026/07/08 16:19:20.558, 1, 0, 48104, 97887
2026/07/08 16:19:20.576, 2, 0, 48104, 97887
2026/07/08 16:19:20.591, 3, 0, 48104, 97887
2026/07/08 16:19:20.603, 4, 49, 75540, 97887
2026/07/08 16:19:20.619, 5, 65, 75540, 97887
2026/07/08 16:19:20.631, 6, 46, 75530, 97887
2026/07/08 16:19:20.649, 7, 92, 75530, 97887
2026/07/08 16:19:21.669, 0, 0, 48704, 97887
2026/07/08 16:19:21.679, 1, 0, 48104, 97887
2026/07/08 16:19:21.692, 2, 0, 48104, 97887
2026/07/08 16:19:21.703, 3, 0, 48104, 97887
2026/07/08 16:19:21.716, 4, 61, 75540, 97887
2026/07/08 16:19:21.725, 5, 73, 75540, 97887
2026/07/08 16:19:21.736, 6, 100, 75530, 97887
2026/07/08 16:19:21.745, 7, 100, 75530, 97887
2026/07/08 16:19:22.756, 0, 0, 48704, 97887
2026/07/08 16:19:22.771, 1, 0, 48104, 97887
2026/07/08 16:19:22.785, 2, 0, 48104, 97887
2026/07/08 16:19:22.797, 3, 0, 48104, 97887
2026/07/08 16:19:22.807, 4, 45, 75540, 97887
2026/07/08 16:19:22.819, 5, 88, 75540, 97887
2026/07/08 16:19:22.833, 6, 96, 75530, 97887
2026/07/08 16:19:22.848, 7, 37, 75530, 97887
2026/07/08 16:19:23.863, 0, 0, 48704, 97887
2026/07/08 16:19:23.882, 1, 0, 48104, 97887
2026/07/08 16:19:23.897, 2, 0, 48104, 97887
2026/07/08 16:19:23.913, 3, 0, 48104, 97887
2026/07/08 16:19:23.925, 4, 85, 75540, 97887
2026/07/08 16:19:23.937, 5, 87, 75540, 97887
2026/07/08 16:19:23.946, 6, 51, 75530, 97887
2026/07/08 16:19:23.955, 7, 85, 75530, 97887
2026/07/08 16:19:24.965, 0, 0, 48704, 97887
2026/07/08 16:19:24.980, 1, 0, 48104, 97887
2026/07/08 16:19:24.995, 2, 0, 48104, 97887
2026/07/08 16:19:25.005, 3, 0, 48104, 97887
2026/07/08 16:19:25.018, 4, 70, 75540, 97887
2026/07/08 16:19:25.032, 5, 89, 75540, 97887
2026/07/08 16:19:25.046, 6, 47, 75530, 97887
2026/07/08 16:19:25.061, 7, 90, 75530, 97887
2026/07/08 16:19:26.078, 0, 0, 48704, 97887
2026/07/08 16:19:26.090, 1, 0, 48104, 97887
2026/07/08 16:19:26.100, 2, 0, 48104, 97887
2026/07/08 16:19:26.109, 3, 0, 48104, 97887
2026/07/08 16:19:26.124, 4, 42, 75540, 97887
2026/07/08 16:19:26.142, 5, 79, 75540, 97887
2026/07/08 16:19:26.158, 6, 38, 75530, 97887
2026/07/08 16:19:26.178, 7, 81, 75530, 97887
2026/07/08 16:19:27.193, 0, 0, 48704, 97887
2026/07/08 16:19:27.209, 1, 0, 48104, 97887
2026/07/08 16:19:27.224, 2, 0, 48104, 97887
2026/07/08 16:19:27.239, 3, 0, 48104, 97887
2026/07/08 16:19:27.255, 4, 68, 75540, 97887
2026/07/08 16:19:27.273, 5, 82, 75540, 97887
2026/07/08 16:19:27.291, 6, 48, 75530, 97887
2026/07/08 16:19:27.305, 7, 88, 75530, 97887
2026/07/08 16:19:28.318, 0, 0, 48704, 97887
2026/07/08 16:19:28.334, 1, 0, 48104, 97887
2026/07/08 16:19:28.349, 2, 0, 48104, 97887
2026/07/08 16:19:28.359, 3, 0, 48104, 97887
2026/07/08 16:19:28.368, 4, 88, 75540, 97887
2026/07/08 16:19:28.379, 5, 38, 75540, 97887
2026/07/08 16:19:28.395, 6, 60, 75530, 97887
2026/07/08 16:19:28.410, 7, 60, 75530, 97887
2026/07/08 16:19:29.421, 0, 0, 48704, 97887
2026/07/08 16:19:29.437, 1, 0, 48104, 97887
2026/07/08 16:19:29.449, 2, 0, 48104, 97887
2026/07/08 16:19:29.461, 3, 0, 48104, 97887
2026/07/08 16:19:29.473, 4, 78, 75540, 97887
2026/07/08 16:19:29.490, 5, 38, 75540, 97887
2026/07/08 16:19:29.505, 6, 51, 75530, 97887
2026/07/08 16:19:29.517, 7, 83, 75530, 97887
2026/07/08 16:19:30.532, 0, 0, 48704, 97887
2026/07/08 16:19:30.547, 1, 0, 48104, 97887
2026/07/08 16:19:30.564, 2, 0, 48104, 97887
2026/07/08 16:19:30.582, 3, 0, 48104, 97887
2026/07/08 16:19:30.596, 4, 54, 75540, 97887
2026/07/08 16:19:30.610, 5, 59, 75540, 97887
2026/07/08 16:19:30.626, 6, 54, 75530, 97887
2026/07/08 16:19:30.641, 7, 89, 75530, 97887
2026/07/08 16:19:31.656, 0, 0, 48704, 97887
2026/07/08 16:19:31.672, 1, 0, 48104, 97887
2026/07/08 16:19:31.683, 2, 0, 48104, 97887
2026/07/08 16:19:31.694, 3, 0, 48104, 97887
2026/07/08 16:19:31.709, 4, 37, 75540, 97887
2026/07/08 16:19:31.725, 5, 72, 75540, 97887
2026/07/08 16:19:31.740, 6, 48, 75530, 97887
2026/07/08 16:19:31.754, 7, 89, 75530, 97887
2026/07/08 16:19:32.766, 0, 0, 48704, 97887
2026/07/08 16:19:32.781, 1, 0, 48104, 97887
2026/07/08 16:19:32.794, 2, 0, 48104, 97887
2026/07/08 16:19:32.807, 3, 0, 48104, 97887
2026/07/08 16:19:32.818, 4, 77, 75540, 97887
2026/07/08 16:19:32.832, 5, 33, 75540, 97887
2026/07/08 16:19:32.845, 6, 74, 75530, 97887
2026/07/08 16:19:32.860, 7, 88, 75530, 97887
2026/07/08 16:19:33.874, 0, 0, 48704, 97887
2026/07/08 16:19:33.894, 1, 0, 48104, 97887
2026/07/08 16:19:33.908, 2, 0, 48104, 97887
2026/07/08 16:19:33.924, 3, 0, 48104, 97887
2026/07/08 16:19:33.938, 4, 93, 75540, 97887
2026/07/08 16:19:33.956, 5, 32, 75540, 97887
2026/07/08 16:19:33.973, 6, 40, 75530, 97887
2026/07/08 16:19:33.991, 7, 84, 75530, 97887
2026/07/08 16:19:35.010, 0, 0, 48704, 97887
2026/07/08 16:19:35.021, 1, 0, 48104, 97887
2026/07/08 16:19:35.030, 2, 0, 48104, 97887
2026/07/08 16:19:35.040, 3, 0, 48104, 97887
2026/07/08 16:19:35.052, 4, 60, 75540, 97887
2026/07/08 16:19:35.065, 5, 57, 75540, 97887
2026/07/08 16:19:35.080, 6, 55, 75530, 97887
2026/07/08 16:19:35.096, 7, 89, 75530, 97887
2026/07/08 16:19:36.111, 0, 0, 48704, 97887
2026/07/08 16:19:36.127, 1, 0, 48104, 97887
2026/07/08 16:19:36.143, 2, 0, 48104, 97887
2026/07/08 16:19:36.155, 3, 0, 48104, 97887
2026/07/08 16:19:36.167, 4, 67, 75540, 97887
2026/07/08 16:19:36.183, 5, 50, 75540, 97887
2026/07/08 16:19:36.197, 6, 38, 75530, 97887
2026/07/08 16:19:36.215, 7, 85, 75530, 97887
2026/07/08 16:19:37.232, 0, 0, 48704, 97887
2026/07/08 16:19:37.249, 1, 0, 48104, 97887
2026/07/08 16:19:37.267, 2, 0, 48104, 97887
2026/07/08 16:19:37.285, 3, 0, 48104, 97887
2026/07/08 16:19:37.303, 4, 92, 75540, 97887
2026/07/08 16:19:37.321, 5, 37, 75540, 97887
2026/07/08 16:19:37.337, 6, 94, 75530, 97887
2026/07/08 16:19:37.352, 7, 35, 75530, 97887
2026/07/08 16:19:38.368, 0, 0, 48704, 97887
2026/07/08 16:19:38.383, 1, 0, 48104, 97887
2026/07/08 16:19:38.395, 2, 0, 48104, 97887
2026/07/08 16:19:38.407, 3, 0, 48104, 97887
2026/07/08 16:19:38.419, 4, 93, 75540, 97887
2026/07/08 16:19:38.434, 5, 62, 75540, 97887
2026/07/08 16:19:38.448, 6, 87, 75530, 97887
2026/07/08 16:19:38.462, 7, 49, 75530, 97887
2026/07/08 16:19:39.475, 0, 0, 48704, 97887
2026/07/08 16:19:39.495, 1, 0, 48104, 97887
2026/07/08 16:19:39.509, 2, 0, 48104, 97887
2026/07/08 16:19:39.524, 3, 0, 48104, 97887
2026/07/08 16:19:39.540, 4, 96, 75540, 97887
2026/07/08 16:19:39.553, 5, 41, 75540, 97887
2026/07/08 16:19:39.565, 6, 84, 75530, 97887
2026/07/08 16:19:39.581, 7, 46, 75530, 97887
2026/07/08 16:19:40.598, 0, 0, 48704, 97887
2026/07/08 16:19:40.610, 1, 0, 48104, 97887
2026/07/08 16:19:40.625, 2, 0, 48104, 97887
2026/07/08 16:19:40.638, 3, 0, 48104, 97887
2026/07/08 16:19:40.652, 4, 59, 75540, 97887
2026/07/08 16:19:40.667, 5, 46, 75540, 97887
2026/07/08 16:19:40.679, 6, 71, 75530, 97887
2026/07/08 16:19:40.693, 7, 47, 75530, 97887
2026/07/08 16:19:41.706, 0, 0, 48704, 97887
2026/07/08 16:19:41.718, 1, 0, 48104, 97887
2026/07/08 16:19:41.731, 2, 0, 48104, 97887
2026/07/08 16:19:41.744, 3, 0, 48104, 97887
2026/07/08 16:19:41.755, 4, 92, 75540, 97887
2026/07/08 16:19:41.765, 5, 59, 75540, 97887
2026/07/08 16:19:41.776, 6, 80, 75530, 97887
2026/07/08 16:19:41.788, 7, 52, 75530, 97887
2026/07/08 16:19:42.801, 0, 0, 48704, 97887
2026/07/08 16:19:42.813, 1, 0, 48104, 97887
2026/07/08 16:19:42.826, 2, 0, 48104, 97887
2026/07/08 16:19:42.844, 3, 0, 48104, 97887
2026/07/08 16:19:42.858, 4, 89, 75540, 97887
2026/07/08 16:19:42.873, 5, 47, 75540, 97887
2026/07/08 16:19:42.885, 6, 96, 75530, 97887
2026/07/08 16:19:42.896, 7, 47, 75530, 97887
2026/07/08 16:19:43.907, 0, 0, 48704, 97887
2026/07/08 16:19:43.923, 1, 0, 48104, 97887
2026/07/08 16:19:43.939, 2, 0, 48104, 97887
2026/07/08 16:19:43.953, 3, 0, 48104, 97887
2026/07/08 16:19:43.967, 4, 75, 75540, 97887
2026/07/08 16:19:43.986, 5, 7, 75542, 97887
2026/07/08 16:19:44.004, 6, 63, 75530, 97887
2026/07/08 16:19:44.020, 7, 63, 75530, 97887
2026/07/08 16:19:45.036, 0, 0, 48704, 97887
2026/07/08 16:19:45.051, 1, 0, 48104, 97887
2026/07/08 16:19:45.068, 2, 0, 48104, 97887
2026/07/08 16:19:45.082, 3, 0, 48104, 97887
2026/07/08 16:19:45.097, 4, 96, 75540, 97887
2026/07/08 16:19:45.113, 5, 27, 75542, 97887
2026/07/08 16:19:45.127, 6, 64, 75530, 97887
2026/07/08 16:19:45.141, 7, 67, 75530, 97887
2026/07/08 16:19:46.154, 0, 0, 48704, 97887
2026/07/08 16:19:46.167, 1, 0, 48104, 97887
2026/07/08 16:19:46.182, 2, 0, 48104, 97887
2026/07/08 16:19:46.198, 3, 0, 48104, 97887
2026/07/08 16:19:46.208, 4, 94, 75540, 97887
2026/07/08 16:19:46.218, 5, 33, 75542, 97887
2026/07/08 16:19:46.232, 6, 73, 75530, 97887
2026/07/08 16:19:46.245, 7, 47, 75530, 97887
2026/07/08 16:19:47.255, 0, 0, 48704, 97887
2026/07/08 16:19:47.273, 1, 0, 48104, 97887
2026/07/08 16:19:47.285, 2, 0, 48104, 97887
2026/07/08 16:19:47.302, 3, 0, 48104, 97887
2026/07/08 16:19:47.316, 4, 88, 75540, 97887
2026/07/08 16:19:47.328, 5, 45, 75542, 97887
2026/07/08 16:19:47.342, 6, 90, 75530, 97887
2026/07/08 16:19:47.356, 7, 47, 75530, 97887
2026/07/08 16:19:48.372, 0, 0, 48704, 97887
2026/07/08 16:19:48.383, 1, 0, 48104, 97887
2026/07/08 16:19:48.394, 2, 0, 48104, 97887
2026/07/08 16:19:48.409, 3, 0, 48104, 97887
2026/07/08 16:19:48.425, 4, 94, 75540, 97887
2026/07/08 16:19:48.438, 5, 45, 75542, 97887
2026/07/08 16:19:48.448, 6, 89, 75530, 97887
2026/07/08 16:19:48.462, 7, 38, 75530, 97887
2026/07/08 16:19:49.475, 0, 0, 48704, 97887
2026/07/08 16:19:49.485, 1, 0, 48104, 97887
2026/07/08 16:19:49.494, 2, 0, 48104, 97887
2026/07/08 16:19:49.503, 3, 0, 48104, 97887
2026/07/08 16:19:49.511, 4, 89, 75540, 97887
2026/07/08 16:19:49.520, 5, 34, 75542, 97887
2026/07/08 16:19:49.529, 6, 91, 75530, 97887
2026/07/08 16:19:49.538, 7, 38, 75530, 97887
2026/07/08 16:19:50.546, 0, 0, 48704, 97887
2026/07/08 16:19:50.561, 1, 0, 48104, 97887
2026/07/08 16:19:50.575, 2, 0, 48104, 97887
2026/07/08 16:19:50.592, 3, 0, 48104, 97887
2026/07/08 16:19:50.604, 4, 79, 75540, 97887
2026/07/08 16:19:50.620, 5, 60, 75542, 97887
2026/07/08 16:19:50.635, 6, 92, 75530, 97887
2026/07/08 16:19:50.648, 7, 48, 75530, 97887
2026/07/08 16:19:51.663, 0, 0, 48704, 97887
2026/07/08 16:19:51.676, 1, 0, 48104, 97887
2026/07/08 16:19:51.686, 2, 0, 48104, 97887
2026/07/08 16:19:51.697, 3, 0, 48104, 97887
2026/07/08 16:19:51.718, 4, 46, 75540, 97887
2026/07/08 16:19:51.737, 5, 42, 75542, 97887
2026/07/08 16:19:51.752, 6, 88, 75530, 97887
2026/07/08 16:19:51.769, 7, 41, 75530, 97887
2026/07/08 16:19:52.785, 0, 0, 48704, 97887
2026/07/08 16:19:52.802, 1, 0, 48104, 97887
2026/07/08 16:19:52.818, 2, 0, 48104, 97887
2026/07/08 16:19:52.834, 3, 0, 48104, 97887
2026/07/08 16:19:52.850, 4, 93, 75540, 97887
2026/07/08 16:19:52.865, 5, 37, 75542, 97887
2026/07/08 16:19:52.880, 6, 88, 75530, 97887
2026/07/08 16:19:52.895, 7, 40, 75530, 97887
2026/07/08 16:19:53.908, 0, 0, 48704, 97887
2026/07/08 16:19:53.919, 1, 0, 48104, 97887
2026/07/08 16:19:53.931, 2, 0, 48104, 97887
2026/07/08 16:19:53.945, 3, 0, 48104, 97887
2026/07/08 16:19:53.962, 4, 100, 75540, 97887
2026/07/08 16:19:53.976, 5, 100, 75542, 97887
2026/07/08 16:19:53.992, 6, 89, 75530, 97887
2026/07/08 16:19:54.006, 7, 54, 75530, 97887
2026/07/08 16:19:55.021, 0, 0, 48704, 97887
2026/07/08 16:19:55.032, 1, 0, 48104, 97887
2026/07/08 16:19:55.046, 2, 0, 48104, 97887
2026/07/08 16:19:55.063, 3, 0, 48104, 97887
2026/07/08 16:19:55.080, 4, 81, 75540, 97887
2026/07/08 16:19:55.099, 5, 94, 75542, 97887
2026/07/08 16:19:55.112, 6, 78, 75530, 97887
2026/07/08 16:19:55.126, 7, 58, 75530, 97887
2026/07/08 16:19:56.134, 0, 0, 48704, 97887
2026/07/08 16:19:56.149, 1, 0, 48104, 97887
2026/07/08 16:19:56.162, 2, 0, 48104, 97887
2026/07/08 16:19:56.174, 3, 0, 48104, 97887
2026/07/08 16:19:56.182, 4, 83, 75540, 97887
2026/07/08 16:19:56.195, 5, 58, 75542, 97887
2026/07/08 16:19:56.208, 6, 94, 75530, 97887
2026/07/08 16:19:56.219, 7, 67, 75530, 97887
2026/07/08 16:19:57.232, 0, 0, 48704, 97887
2026/07/08 16:19:57.244, 1, 0, 48104, 97887
2026/07/08 16:19:57.257, 2, 0, 48104, 97887
2026/07/08 16:19:57.265, 3, 0, 48104, 97887
2026/07/08 16:19:57.272, 4, 65, 75540, 97887
2026/07/08 16:19:57.281, 5, 51, 75542, 97887
2026/07/08 16:19:57.290, 6, 68, 75530, 97887
2026/07/08 16:19:57.301, 7, 74, 75530, 97887
2026/07/08 16:19:58.313, 0, 0, 48704, 97887
2026/07/08 16:19:58.328, 1, 0, 48104, 97887
2026/07/08 16:19:58.342, 2, 0, 48104, 97887
2026/07/08 16:19:58.356, 3, 0, 48104, 97887
2026/07/08 16:19:58.371, 4, 62, 75540, 97887
2026/07/08 16:19:58.387, 5, 63, 75542, 97887
2026/07/08 16:19:58.399, 6, 77, 75530, 97887
2026/07/08 16:19:58.412, 7, 45, 75530, 97887
2026/07/08 16:19:59.424, 0, 0, 48704, 97887
2026/07/08 16:19:59.436, 1, 0, 48104, 97887
2026/07/08 16:19:59.446, 2, 0, 48104, 97887
2026/07/08 16:19:59.459, 3, 0, 48104, 97887
2026/07/08 16:19:59.469, 4, 66, 75540, 97887
2026/07/08 16:19:59.483, 5, 48, 75542, 97887
2026/07/08 16:19:59.495, 6, 84, 75530, 97887
2026/07/08 16:19:59.511, 7, 40, 75530, 97887
2026/07/08 16:20:00.525, 0, 0, 48704, 97887
2026/07/08 16:20:00.537, 1, 0, 48104, 97887
2026/07/08 16:20:00.546, 2, 0, 48104, 97887
2026/07/08 16:20:00.554, 3, 0, 48104, 97887
2026/07/08 16:20:00.565, 4, 68, 75540, 97887
2026/07/08 16:20:00.577, 5, 39, 75542, 97887
2026/07/08 16:20:00.589, 6, 67, 75530, 97887
2026/07/08 16:20:00.601, 7, 58, 75530, 97887
2026/07/08 16:20:01.615, 0, 0, 48704, 97887
2026/07/08 16:20:01.626, 1, 0, 48104, 97887
2026/07/08 16:20:01.632, 2, 0, 48104, 97887
2026/07/08 16:20:01.640, 3, 0, 48104, 97887
2026/07/08 16:20:01.653, 4, 89, 75540, 97887
2026/07/08 16:20:01.665, 5, 43, 75542, 97887
2026/07/08 16:20:01.680, 6, 95, 75530, 97887
2026/07/08 16:20:01.695, 7, 46, 75530, 97887
2026/07/08 16:20:02.712, 0, 0, 48704, 97887
2026/07/08 16:20:02.731, 1, 0, 48104, 97887
2026/07/08 16:20:02.745, 2, 0, 48104, 97887
2026/07/08 16:20:02.765, 3, 0, 48104, 97887
2026/07/08 16:20:02.775, 4, 94, 75540, 97887
2026/07/08 16:20:02.787, 5, 46, 75542, 97887
2026/07/08 16:20:02.801, 6, 86, 75530, 97887
2026/07/08 16:20:02.817, 7, 50, 75530, 97887
2026/07/08 16:20:03.834, 0, 0, 48704, 97887
2026/07/08 16:20:03.844, 1, 0, 48104, 97887
2026/07/08 16:20:03.861, 2, 0, 48104, 97887
2026/07/08 16:20:03.876, 3, 0, 48104, 97887
2026/07/08 16:20:03.889, 4, 95, 75540, 97887
2026/07/08 16:20:03.903, 5, 34, 75542, 97887
2026/07/08 16:20:03.917, 6, 100, 75532, 97887
2026/07/08 16:20:03.932, 7, 84, 75532, 97887
2026/07/08 16:20:04.939, 0, 0, 48704, 97887
2026/07/08 16:20:04.955, 1, 0, 48104, 97887
2026/07/08 16:20:04.967, 2, 0, 48104, 97887
2026/07/08 16:20:04.978, 3, 0, 48104, 97887
2026/07/08 16:20:04.989, 4, 94, 75540, 97887
2026/07/08 16:20:04.998, 5, 42, 75542, 97887
2026/07/08 16:20:05.009, 6, 54, 75532, 97887
2026/07/08 16:20:05.018, 7, 29, 75532, 97887
2026/07/08 16:20:06.028, 0, 0, 48704, 97887
2026/07/08 16:20:06.038, 1, 0, 48104, 97887
2026/07/08 16:20:06.047, 2, 0, 48104, 97887
2026/07/08 16:20:06.056, 3, 0, 48104, 97887
2026/07/08 16:20:06.070, 4, 89, 75540, 97887
2026/07/08 16:20:06.079, 5, 36, 75542, 97887
2026/07/08 16:20:06.094, 6, 62, 75532, 97887
2026/07/08 16:20:06.109, 7, 39, 75532, 97887
2026/07/08 16:20:07.125, 0, 0, 48704, 97887
2026/07/08 16:20:07.138, 1, 0, 48104, 97887
2026/07/08 16:20:07.146, 2, 0, 48104, 97887
2026/07/08 16:20:07.156, 3, 0, 48104, 97887
2026/07/08 16:20:07.169, 4, 94, 75540, 97887
2026/07/08 16:20:07.182, 5, 43, 75542, 97887
2026/07/08 16:20:07.191, 6, 75, 75532, 97887
2026/07/08 16:20:07.204, 7, 47, 75532, 97887
2026/07/08 16:20:08.222, 0, 0, 48704, 97887
2026/07/08 16:20:08.233, 1, 0, 48104, 97887
2026/07/08 16:20:08.246, 2, 0, 48104, 97887
2026/07/08 16:20:08.258, 3, 0, 48104, 97887
2026/07/08 16:20:08.271, 4, 89, 75540, 97887
2026/07/08 16:20:08.279, 5, 37, 75542, 97887
2026/07/08 16:20:08.291, 6, 58, 75532, 97887
2026/07/08 16:20:08.302, 7, 68, 75532, 97887
2026/07/08 16:20:09.313, 0, 0, 48704, 97887
2026/07/08 16:20:09.324, 1, 0, 48104, 97887
2026/07/08 16:20:09.335, 2, 0, 48104, 97887
2026/07/08 16:20:09.345, 3, 0, 48104, 97887
2026/07/08 16:20:09.355, 4, 95, 75540, 97887
2026/07/08 16:20:09.363, 5, 31, 75542, 97887
2026/07/08 16:20:09.371, 6, 38, 75532, 97887
2026/07/08 16:20:09.378, 7, 67, 75532, 97887
2026/07/08 16:20:10.385, 0, 0, 48704, 97887
2026/07/08 16:20:10.393, 1, 0, 48104, 97887
2026/07/08 16:20:10.401, 2, 0, 48104, 97887
2026/07/08 16:20:10.409, 3, 0, 48104, 97887
2026/07/08 16:20:10.420, 4, 95, 75540, 97887
2026/07/08 16:20:10.434, 5, 34, 75542, 97887
2026/07/08 16:20:10.447, 6, 78, 75532, 97887
2026/07/08 16:20:10.464, 7, 55, 75532, 97887
2026/07/08 16:20:11.479, 0, 0, 48704, 97887
2026/07/08 16:20:11.495, 1, 0, 48104, 97887
2026/07/08 16:20:11.509, 2, 0, 48104, 97887
2026/07/08 16:20:11.520, 3, 0, 48104, 97887
2026/07/08 16:20:11.530, 4, 85, 75540, 97887
2026/07/08 16:20:11.539, 5, 35, 75542, 97887
2026/07/08 16:20:11.548, 6, 86, 75532, 97887
2026/07/08 16:20:11.562, 7, 43, 75532, 97887
2026/07/08 16:20:12.576, 0, 0, 48704, 97887
2026/07/08 16:20:12.588, 1, 0, 48104, 97887
2026/07/08 16:20:12.601, 2, 0, 48104, 97887
2026/07/08 16:20:12.615, 3, 0, 48104, 97887
2026/07/08 16:20:12.632, 4, 87, 75540, 97887
2026/07/08 16:20:12.646, 5, 42, 75542, 97887
2026/07/08 16:20:12.661, 6, 53, 75532, 97887
2026/07/08 16:20:12.676, 7, 73, 75532, 97887
2026/07/08 16:20:13.693, 0, 0, 48704, 97887
2026/07/08 16:20:13.709, 1, 0, 48104, 97887
2026/07/08 16:20:13.723, 2, 0, 48104, 97887
2026/07/08 16:20:13.739, 3, 0, 48104, 97887
2026/07/08 16:20:13.754, 4, 63, 75540, 97887
2026/07/08 16:20:13.770, 5, 48, 75542, 97887
2026/07/08 16:20:13.783, 6, 96, 75532, 97887
2026/07/08 16:20:13.802, 7, 48, 75532, 97887
2026/07/08 16:20:14.817, 0, 0, 48704, 97887
2026/07/08 16:20:14.830, 1, 0, 48104, 97887
2026/07/08 16:20:14.845, 2, 0, 48104, 97887
2026/07/08 16:20:14.862, 3, 0, 48104, 97887
2026/07/08 16:20:14.876, 4, 73, 75540, 97887
2026/07/08 16:20:14.890, 5, 71, 75542, 97887
2026/07/08 16:20:14.901, 6, 55, 75532, 97887
2026/07/08 16:20:14.911, 7, 81, 75532, 97887
2026/07/08 16:20:15.921, 0, 0, 48704, 97887
2026/07/08 16:20:15.938, 1, 0, 48104, 97887
2026/07/08 16:20:15.952, 2, 0, 48104, 97887
2026/07/08 16:20:15.967, 3, 0, 48104, 97887
2026/07/08 16:20:15.982, 4, 96, 75540, 97887
2026/07/08 16:20:15.996, 5, 44, 75542, 97887
2026/07/08 16:20:16.011, 6, 84, 75532, 97887
2026/07/08 16:20:16.024, 7, 46, 75532, 97887
2026/07/08 16:20:17.037, 0, 0, 48704, 97887
2026/07/08 16:20:17.050, 1, 0, 48104, 97887
2026/07/08 16:20:17.062, 2, 0, 48104, 97887
2026/07/08 16:20:17.075, 3, 0, 48104, 97887
2026/07/08 16:20:17.088, 4, 49, 75542, 97887
2026/07/08 16:20:17.106, 5, 80, 75542, 97887
2026/07/08 16:20:17.118, 6, 55, 75532, 97887
2026/07/08 16:20:17.133, 7, 64, 75532, 97887
2026/07/08 16:20:18.142, 0, 0, 48704, 97887
2026/07/08 16:20:18.159, 1, 0, 48104, 97887
2026/07/08 16:20:18.175, 2, 0, 48104, 97887
2026/07/08 16:20:18.189, 3, 0, 48104, 97887
2026/07/08 16:20:18.202, 4, 44, 75542, 97887
2026/07/08 16:20:18.212, 5, 72, 75542, 97887
2026/07/08 16:20:18.222, 6, 44, 75532, 97887
2026/07/08 16:20:18.232, 7, 87, 75532, 97887
2026/07/08 16:20:19.244, 0, 0, 48704, 97887
2026/07/08 16:20:19.259, 1, 0, 48104, 97887
2026/07/08 16:20:19.272, 2, 0, 48104, 97887
2026/07/08 16:20:19.283, 3, 0, 48104, 97887
2026/07/08 16:20:19.297, 4, 68, 75542, 97887
2026/07/08 16:20:19.314, 5, 32, 75542, 97887
2026/07/08 16:20:19.330, 6, 51, 75532, 97887
2026/07/08 16:20:19.345, 7, 75, 75532, 97887
2026/07/08 16:20:20.359, 0, 0, 48704, 97887
2026/07/08 16:20:20.374, 1, 0, 48104, 97887
2026/07/08 16:20:20.386, 2, 0, 48104, 97887
2026/07/08 16:20:20.402, 3, 0, 48104, 97887
2026/07/08 16:20:20.412, 4, 39, 75542, 97887
2026/07/08 16:20:20.423, 5, 65, 75542, 97887
2026/07/08 16:20:20.435, 6, 47, 75532, 97887
2026/07/08 16:20:20.446, 7, 74, 75532, 97887
2026/07/08 16:20:21.459, 0, 0, 48704, 97887
2026/07/08 16:20:21.475, 1, 0, 48104, 97887
2026/07/08 16:20:21.489, 2, 0, 48104, 97887
2026/07/08 16:20:21.504, 3, 0, 48104, 97887
2026/07/08 16:20:21.518, 4, 46, 75542, 97887
2026/07/08 16:20:21.533, 5, 94, 75542, 97887
2026/07/08 16:20:21.547, 6, 66, 75532, 97887
2026/07/08 16:20:21.559, 7, 61, 75532, 97887
2026/07/08 16:20:22.576, 0, 0, 48704, 97887
2026/07/08 16:20:22.588, 1, 0, 48104, 97887
2026/07/08 16:20:22.600, 2, 0, 48104, 97887
2026/07/08 16:20:22.613, 3, 0, 48104, 97887
2026/07/08 16:20:22.628, 4, 39, 75542, 97887
2026/07/08 16:20:22.642, 5, 77, 75542, 97887
2026/07/08 16:20:22.657, 6, 67, 75532, 97887
2026/07/08 16:20:22.666, 7, 63, 75532, 97887
2026/07/08 16:20:23.679, 0, 0, 48704, 97887
2026/07/08 16:20:23.694, 1, 0, 48104, 97887
2026/07/08 16:20:23.711, 2, 0, 48104, 97887
2026/07/08 16:20:23.727, 3, 0, 48104, 97887
2026/07/08 16:20:23.743, 4, 42, 75542, 97887
2026/07/08 16:20:23.754, 5, 41, 75542, 97887
2026/07/08 16:20:23.766, 6, 38, 75532, 97887
2026/07/08 16:20:23.778, 7, 79, 75532, 97887
2026/07/08 16:20:24.793, 0, 0, 48704, 97887
2026/07/08 16:20:24.807, 1, 0, 48104, 97887
2026/07/08 16:20:24.820, 2, 0, 48104, 97887
2026/07/08 16:20:24.834, 3, 0, 48104, 97887
2026/07/08 16:20:24.848, 4, 60, 75542, 97887
2026/07/08 16:20:24.860, 5, 37, 75542, 97887
2026/07/08 16:20:24.875, 6, 90, 75532, 97887
2026/07/08 16:20:24.888, 7, 42, 75532, 97887
2026/07/08 16:20:25.901, 0, 0, 48704, 97887
2026/07/08 16:20:25.912, 1, 0, 48104, 97887
2026/07/08 16:20:25.936, 2, 0, 48104, 97887
2026/07/08 16:20:25.956, 3, 0, 48104, 97887
2026/07/08 16:20:25.971, 4, 32, 75542, 97887
2026/07/08 16:20:25.985, 5, 71, 75542, 97887
2026/07/08 16:20:26.007, 6, 78, 75532, 97887
2026/07/08 16:20:26.030, 7, 33, 75532, 97887
2026/07/08 16:20:27.040, 0, 0, 48704, 97887
2026/07/08 16:20:27.051, 1, 0, 48104, 97887
2026/07/08 16:20:27.062, 2, 0, 48104, 97887
2026/07/08 16:20:27.073, 3, 0, 48104, 97887
2026/07/08 16:20:27.087, 4, 72, 75542, 97887
2026/07/08 16:20:27.101, 5, 83, 75542, 97887
2026/07/08 16:20:27.121, 6, 73, 75532, 97887
2026/07/08 16:20:27.139, 7, 58, 75532, 97887
2026/07/08 16:20:28.152, 0, 0, 48704, 97887
2026/07/08 16:20:28.167, 1, 0, 48104, 97887
2026/07/08 16:20:28.179, 2, 0, 48104, 97887
2026/07/08 16:20:28.194, 3, 0, 48104, 97887
2026/07/08 16:20:28.210, 4, 78, 75542, 97887
2026/07/08 16:20:28.227, 5, 94, 75542, 97887
2026/07/08 16:20:28.244, 6, 91, 75532, 97887
2026/07/08 16:20:28.261, 7, 46, 75532, 97887
2026/07/08 16:20:29.279, 0, 0, 48704, 97887
2026/07/08 16:20:29.297, 1, 0, 48104, 97887
2026/07/08 16:20:29.314, 2, 0, 48104, 97887
2026/07/08 16:20:29.330, 3, 0, 48104, 97887
2026/07/08 16:20:29.341, 4, 61, 75542, 97887
2026/07/08 16:20:29.356, 5, 73, 75542, 97887
2026/07/08 16:20:29.367, 6, 95, 75532, 97887
2026/07/08 16:20:29.378, 7, 45, 75532, 97887
2026/07/08 16:20:30.389, 0, 0, 48704, 97887
2026/07/08 16:20:30.408, 1, 0, 48104, 97887
2026/07/08 16:20:30.424, 2, 0, 48104, 97887
2026/07/08 16:20:30.445, 3, 0, 48104, 97887
2026/07/08 16:20:30.458, 4, 43, 75542, 97887
2026/07/08 16:20:30.470, 5, 60, 75542, 97887
2026/07/08 16:20:30.482, 6, 87, 75532, 97887
2026/07/08 16:20:30.497, 7, 40, 75532, 97887
2026/07/08 16:20:31.512, 0, 0, 48704, 97887
2026/07/08 16:20:31.533, 1, 0, 48104, 97887
2026/07/08 16:20:31.548, 2, 0, 48104, 97887
2026/07/08 16:20:31.568, 3, 0, 48104, 97887
2026/07/08 16:20:31.584, 4, 49, 75542, 97887
2026/07/08 16:20:31.598, 5, 88, 75542, 97887
2026/07/08 16:20:31.613, 6, 93, 75532, 97887
2026/07/08 16:20:31.628, 7, 50, 75532, 97887
2026/07/08 16:20:32.641, 0, 0, 48704, 97887
2026/07/08 16:20:32.658, 1, 0, 48104, 97887
2026/07/08 16:20:32.669, 2, 0, 48104, 97887
2026/07/08 16:20:32.686, 3, 0, 48104, 97887
2026/07/08 16:20:32.705, 4, 39, 75542, 97887
2026/07/08 16:20:32.720, 5, 84, 75542, 97887
2026/07/08 16:20:32.736, 6, 79, 75532, 97887
2026/07/08 16:20:32.748, 7, 45, 75532, 97887
2026/07/08 16:20:33.757, 0, 0, 48704, 97887
2026/07/08 16:20:33.771, 1, 0, 48104, 97887
2026/07/08 16:20:33.783, 2, 0, 48104, 97887
2026/07/08 16:20:33.799, 3, 0, 48104, 97887
2026/07/08 16:20:33.816, 4, 45, 75542, 97887
2026/07/08 16:20:33.833, 5, 87, 75542, 97887
2026/07/08 16:20:33.849, 6, 92, 75532, 97887
2026/07/08 16:20:33.865, 7, 43, 75532, 97887
2026/07/08 16:20:34.879, 0, 0, 48704, 97887
2026/07/08 16:20:34.892, 1, 0, 48104, 97887
2026/07/08 16:20:34.910, 2, 0, 48104, 97887
2026/07/08 16:20:34.923, 3, 0, 48104, 97887
2026/07/08 16:20:34.936, 4, 91, 75542, 97887
2026/07/08 16:20:34.950, 5, 76, 75542, 97887
2026/07/08 16:20:34.962, 6, 95, 75532, 97887
2026/07/08 16:20:34.974, 7, 34, 75532, 97887
2026/07/08 16:20:35.990, 0, 0, 48704, 97887
2026/07/08 16:20:36.010, 1, 0, 48104, 97887
2026/07/08 16:20:36.026, 2, 0, 48104, 97887
2026/07/08 16:20:36.043, 3, 0, 48104, 97887
2026/07/08 16:20:36.060, 4, 48, 75542, 97887
2026/07/08 16:20:36.076, 5, 86, 75542, 97887
2026/07/08 16:20:36.089, 6, 91, 75532, 97887
2026/07/08 16:20:36.107, 7, 40, 75532, 97887
2026/07/08 16:20:37.127, 0, 0, 48704, 97887
2026/07/08 16:20:37.145, 1, 0, 48104, 97887
2026/07/08 16:20:37.161, 2, 0, 48104, 97887
2026/07/08 16:20:37.177, 3, 0, 48104, 97887
2026/07/08 16:20:37.190, 4, 44, 75542, 97887
2026/07/08 16:20:37.205, 5, 83, 75542, 97887
2026/07/08 16:20:37.221, 6, 96, 75532, 97887
2026/07/08 16:20:37.237, 7, 42, 75532, 97887
2026/07/08 16:20:38.255, 0, 0, 48704, 97887
2026/07/08 16:20:38.271, 1, 0, 48104, 97887
2026/07/08 16:20:38.286, 2, 0, 48104, 97887
2026/07/08 16:20:38.299, 3, 0, 48104, 97887
2026/07/08 16:20:38.315, 4, 45, 75542, 97887
2026/07/08 16:20:38.333, 5, 91, 75544, 97887
2026/07/08 16:20:38.350, 6, 95, 75532, 97887
2026/07/08 16:20:38.370, 7, 50, 75532, 97887
2026/07/08 16:20:39.389, 0, 0, 48704, 97887
2026/07/08 16:20:39.406, 1, 0, 48104, 97887
2026/07/08 16:20:39.421, 2, 0, 48104, 97887
2026/07/08 16:20:39.437, 3, 0, 48104, 97887
2026/07/08 16:20:39.454, 4, 46, 75542, 97887
2026/07/08 16:20:39.471, 5, 75, 75544, 97887
2026/07/08 16:20:39.488, 6, 88, 75532, 97887
2026/07/08 16:20:39.505, 7, 44, 75532, 97887
2026/07/08 16:20:40.526, 0, 0, 48704, 97887
2026/07/08 16:20:40.544, 1, 0, 48104, 97887
2026/07/08 16:20:40.563, 2, 0, 48104, 97887
2026/07/08 16:20:40.582, 3, 0, 48104, 97887
2026/07/08 16:20:40.597, 4, 43, 75542, 97887
2026/07/08 16:20:40.614, 5, 94, 75544, 97887
2026/07/08 16:20:40.629, 6, 94, 75532, 97887
2026/07/08 16:20:40.645, 7, 44, 75532, 97887
2026/07/08 16:20:41.659, 0, 0, 48704, 97887
2026/07/08 16:20:41.678, 1, 0, 48104, 97887
2026/07/08 16:20:41.696, 2, 0, 48104, 97887
2026/07/08 16:20:41.715, 3, 0, 48104, 97887
2026/07/08 16:20:41.734, 4, 45, 75542, 97887
2026/07/08 16:20:41.753, 5, 89, 75544, 97887
2026/07/08 16:20:41.769, 6, 95, 75532, 97887
2026/07/08 16:20:41.784, 7, 38, 75532, 97887
2026/07/08 16:20:42.801, 0, 0, 48704, 97887
2026/07/08 16:20:42.819, 1, 0, 48104, 97887
2026/07/08 16:20:42.836, 2, 0, 48104, 97887
2026/07/08 16:20:42.852, 3, 0, 48104, 97887
2026/07/08 16:20:42.870, 4, 41, 75542, 97887
2026/07/08 16:20:42.885, 5, 83, 75544, 97887
2026/07/08 16:20:42.900, 6, 95, 75532, 97887
2026/07/08 16:20:42.920, 7, 34, 75532, 97887
2026/07/08 16:20:43.936, 0, 0, 48704, 97887
2026/07/08 16:20:43.952, 1, 0, 48104, 97887
2026/07/08 16:20:43.969, 2, 0, 48104, 97887
2026/07/08 16:20:43.986, 3, 0, 48104, 97887
2026/07/08 16:20:44.004, 4, 47, 75542, 97887
2026/07/08 16:20:44.021, 5, 83, 75544, 97887
2026/07/08 16:20:44.035, 6, 91, 75532, 97887
2026/07/08 16:20:44.052, 7, 44, 75532, 97887
2026/07/08 16:20:45.068, 0, 0, 48704, 97887
2026/07/08 16:20:45.085, 1, 0, 48104, 97887
2026/07/08 16:20:45.101, 2, 0, 48104, 97887
2026/07/08 16:20:45.121, 3, 0, 48104, 97887
2026/07/08 16:20:45.140, 4, 49, 75542, 97887
2026/07/08 16:20:45.156, 5, 82, 75544, 97887
2026/07/08 16:20:45.174, 6, 94, 75532, 97887
2026/07/08 16:20:45.192, 7, 38, 75532, 97887
2026/07/08 16:20:46.206, 0, 0, 48704, 97887
2026/07/08 16:20:46.226, 1, 0, 48104, 97887
2026/07/08 16:20:46.245, 2, 0, 48104, 97887
2026/07/08 16:20:46.260, 3, 0, 48104, 97887
2026/07/08 16:20:46.273, 4, 59, 75542, 97887
2026/07/08 16:20:46.286, 5, 91, 75544, 97887
2026/07/08 16:20:46.302, 6, 75, 75532, 97887
2026/07/08 16:20:46.317, 7, 35, 75532, 97887
2026/07/08 16:20:47.332, 0, 0, 48704, 97887
2026/07/08 16:20:47.346, 1, 0, 48104, 97887
2026/07/08 16:20:47.362, 2, 0, 48104, 97887
2026/07/08 16:20:47.378, 3, 0, 48104, 97887
2026/07/08 16:20:47.392, 4, 43, 75544, 97887
2026/07/08 16:20:47.409, 5, 89, 75544, 97887
2026/07/08 16:20:47.425, 6, 93, 75532, 97887
2026/07/08 16:20:47.438, 7, 35, 75532, 97887
2026/07/08 16:20:48.455, 0, 0, 48704, 97887
2026/07/08 16:20:48.470, 1, 0, 48104, 97887
2026/07/08 16:20:48.485, 2, 0, 48104, 97887
2026/07/08 16:20:48.498, 3, 0, 48104, 97887
2026/07/08 16:20:48.509, 4, 19, 75544, 97887
2026/07/08 16:20:48.519, 5, 17, 75544, 97887
2026/07/08 16:20:48.535, 6, 88, 75532, 97887
2026/07/08 16:20:48.547, 7, 46, 75532, 97887
2026/07/08 16:20:49.562, 0, 0, 48704, 97887
2026/07/08 16:20:49.575, 1, 0, 48104, 97887
2026/07/08 16:20:49.586, 2, 0, 48104, 97887
2026/07/08 16:20:49.597, 3, 0, 48104, 97887
2026/07/08 16:20:49.607, 4, 44, 75544, 97887
2026/07/08 16:20:49.619, 5, 81, 75544, 97887
2026/07/08 16:20:49.631, 6, 92, 75532, 97887
2026/07/08 16:20:49.643, 7, 48, 75532, 97887
2026/07/08 16:20:50.658, 0, 0, 48704, 97887
2026/07/08 16:20:50.670, 1, 0, 48104, 97887
2026/07/08 16:20:50.688, 2, 0, 48104, 97887
2026/07/08 16:20:50.699, 3, 0, 48104, 97887
2026/07/08 16:20:50.709, 4, 57, 75544, 97887
2026/07/08 16:20:50.720, 5, 82, 75544, 97887
2026/07/08 16:20:50.735, 6, 96, 75532, 97887
2026/07/08 16:20:50.747, 7, 45, 75532, 97887
2026/07/08 16:20:51.758, 0, 0, 48704, 97887
2026/07/08 16:20:51.774, 1, 0, 48104, 97887
2026/07/08 16:20:51.790, 2, 0, 48104, 97887
2026/07/08 16:20:51.804, 3, 0, 48104, 97887
2026/07/08 16:20:51.839, 4, 42, 75544, 97887
2026/07/08 16:20:51.853, 5, 79, 75544, 97887
2026/07/08 16:20:51.866, 6, 96, 75532, 97887
2026/07/08 16:20:51.881, 7, 46, 75532, 97887
2026/07/08 16:20:52.896, 0, 0, 48704, 97887
2026/07/08 16:20:52.914, 1, 0, 48104, 97887
2026/07/08 16:20:52.926, 2, 0, 48104, 97887
2026/07/08 16:20:52.942, 3, 0, 48104, 97887
2026/07/08 16:20:52.959, 4, 43, 75544, 97887
2026/07/08 16:20:52.976, 5, 79, 75544, 97887
2026/07/08 16:20:52.989, 6, 91, 75532, 97887
2026/07/08 16:20:53.001, 7, 46, 75532, 97887
2026/07/08 16:20:54.013, 0, 0, 48704, 97887
2026/07/08 16:20:54.030, 1, 0, 48104, 97887
2026/07/08 16:20:54.048, 2, 0, 48104, 97887
2026/07/08 16:20:54.059, 3, 0, 48104, 97887
2026/07/08 16:20:54.073, 4, 53, 75544, 97887
2026/07/08 16:20:54.089, 5, 79, 75544, 97887
2026/07/08 16:20:54.105, 6, 87, 75532, 97887
2026/07/08 16:20:54.119, 7, 43, 75532, 97887
2026/07/08 16:20:55.130, 0, 0, 48704, 97887
2026/07/08 16:20:55.143, 1, 0, 48104, 97887
2026/07/08 16:20:55.161, 2, 0, 48104, 97887
2026/07/08 16:20:55.174, 3, 0, 48104, 97887
2026/07/08 16:20:55.189, 4, 56, 75544, 97887
2026/07/08 16:20:55.204, 5, 91, 75544, 97887
2026/07/08 16:20:55.219, 6, 96, 75532, 97887
2026/07/08 16:20:55.232, 7, 50, 75532, 97887
2026/07/08 16:20:56.244, 0, 0, 48704, 97887
2026/07/08 16:20:56.258, 1, 0, 48104, 97887
2026/07/08 16:20:56.274, 2, 0, 48104, 97887
2026/07/08 16:20:56.286, 3, 0, 48104, 97887
2026/07/08 16:20:56.297, 4, 46, 75544, 97887
2026/07/08 16:20:56.311, 5, 77, 75544, 97887
2026/07/08 16:20:56.324, 6, 95, 75532, 97887
2026/07/08 16:20:56.337, 7, 43, 75532, 97887
2026/07/08 16:20:57.350, 0, 0, 48704, 97887
2026/07/08 16:20:57.365, 1, 0, 48104, 97887
2026/07/08 16:20:57.380, 2, 0, 48104, 97887
2026/07/08 16:20:57.398, 3, 0, 48104, 97887
2026/07/08 16:20:57.415, 4, 56, 75544, 97887
2026/07/08 16:20:57.432, 5, 45, 75544, 97887
2026/07/08 16:20:57.450, 6, 95, 75532, 97887
2026/07/08 16:20:57.465, 7, 46, 75532, 97887
2026/07/08 16:20:58.481, 0, 0, 48704, 97887
2026/07/08 16:20:58.495, 1, 0, 48104, 97887
2026/07/08 16:20:58.512, 2, 0, 48104, 97887
2026/07/08 16:20:58.527, 3, 0, 48104, 97887
2026/07/08 16:20:58.542, 4, 37, 75544, 97887
2026/07/08 16:20:58.556, 5, 81, 75544, 97887
2026/07/08 16:20:58.570, 6, 95, 75532, 97887
2026/07/08 16:20:58.581, 7, 43, 75532, 97887
2026/07/08 16:20:59.595, 0, 0, 48704, 97887
2026/07/08 16:20:59.611, 1, 0, 48104, 97887
2026/07/08 16:20:59.625, 2, 0, 48104, 97887
2026/07/08 16:20:59.639, 3, 0, 48104, 97887
2026/07/08 16:20:59.654, 4, 52, 75544, 97887
2026/07/08 16:20:59.668, 5, 33, 75544, 97887
2026/07/08 16:20:59.687, 6, 94, 75532, 97887
2026/07/08 16:20:59.707, 7, 28, 75532, 97887
2026/07/08 16:21:00.723, 0, 0, 48704, 97887
2026/07/08 16:21:00.739, 1, 0, 48104, 97887
2026/07/08 16:21:00.753, 2, 0, 48104, 97887
2026/07/08 16:21:00.763, 3, 0, 48104, 97887
2026/07/08 16:21:00.777, 4, 42, 75544, 97887
2026/07/08 16:21:00.793, 5, 71, 75544, 97887
2026/07/08 16:21:00.807, 6, 81, 75532, 97887
2026/07/08 16:21:00.822, 7, 28, 75532, 97887
2026/07/08 16:21:01.836, 0, 0, 48704, 97887
2026/07/08 16:21:01.848, 1, 0, 48104, 97887
2026/07/08 16:21:01.858, 2, 0, 48104, 97887
2026/07/08 16:21:01.869, 3, 0, 48104, 97887
2026/07/08 16:21:01.884, 4, 34, 75544, 97887
2026/07/08 16:21:01.897, 5, 92, 75544, 97887
2026/07/08 16:21:01.913, 6, 84, 75532, 97887
2026/07/08 16:21:01.928, 7, 26, 75532, 97887
2026/07/08 16:21:02.944, 0, 0, 48704, 97887
2026/07/08 16:21:02.960, 1, 0, 48104, 97887
2026/07/08 16:21:02.975, 2, 0, 48104, 97887
2026/07/08 16:21:02.990, 3, 0, 48104, 97887
2026/07/08 16:21:03.005, 4, 46, 75544, 97887
2026/07/08 16:21:03.020, 5, 84, 75544, 97887
2026/07/08 16:21:03.036, 6, 92, 75532, 97887
2026/07/08 16:21:03.057, 7, 31, 75532, 97887
2026/07/08 16:21:04.071, 0, 0, 48704, 97887
2026/07/08 16:21:04.087, 1, 0, 48104, 97887
2026/07/08 16:21:04.110, 2, 0, 48104, 97887
2026/07/08 16:21:04.124, 3, 0, 48104, 97887
2026/07/08 16:21:04.131, 4, 42, 75544, 97887
2026/07/08 16:21:04.144, 5, 94, 75544, 97887
2026/07/08 16:21:04.156, 6, 93, 75532, 97887
2026/07/08 16:21:04.172, 7, 27, 75532, 97887
2026/07/08 16:21:05.186, 0, 0, 48704, 97887
2026/07/08 16:21:05.199, 1, 0, 48104, 97887
2026/07/08 16:21:05.215, 2, 0, 48104, 97887
2026/07/08 16:21:05.233, 3, 0, 48104, 97887
2026/07/08 16:21:05.249, 4, 37, 75544, 97887
2026/07/08 16:21:05.264, 5, 84, 75544, 97887
2026/07/08 16:21:05.277, 6, 89, 75532, 97887
2026/07/08 16:21:05.289, 7, 26, 75532, 97887
2026/07/08 16:21:06.302, 0, 0, 48704, 97887
2026/07/08 16:21:06.315, 1, 0, 48104, 97887
2026/07/08 16:21:06.330, 2, 0, 48104, 97887
2026/07/08 16:21:06.349, 3, 0, 48104, 97887
2026/07/08 16:21:06.364, 4, 43, 75544, 97887
2026/07/08 16:21:06.380, 5, 88, 75544, 97887
2026/07/08 16:21:06.396, 6, 85, 75532, 97887
2026/07/08 16:21:06.409, 7, 27, 75532, 97887
2026/07/08 16:21:07.425, 0, 0, 48704, 97887
2026/07/08 16:21:07.438, 1, 0, 48104, 97887
2026/07/08 16:21:07.451, 2, 0, 48104, 97887
2026/07/08 16:21:07.462, 3, 0, 48104, 97887
2026/07/08 16:21:07.475, 4, 48, 75544, 97887
2026/07/08 16:21:07.488, 5, 84, 75544, 97887
2026/07/08 16:21:07.501, 6, 65, 75532, 97887
2026/07/08 16:21:07.512, 7, 32, 75532, 97887
2026/07/08 16:21:08.522, 0, 0, 48704, 97887
2026/07/08 16:21:08.531, 1, 0, 48104, 97887
2026/07/08 16:21:08.540, 2, 0, 48104, 97887
2026/07/08 16:21:08.552, 3, 0, 48104, 97887
2026/07/08 16:21:08.565, 4, 42, 75544, 97887
2026/07/08 16:21:08.575, 5, 76, 75544, 97887
2026/07/08 16:21:08.585, 6, 96, 75532, 97887
2026/07/08 16:21:08.594, 7, 33, 75532, 97887
2026/07/08 16:21:09.606, 0, 0, 48704, 97887
2026/07/08 16:21:09.628, 1, 0, 48104, 97887
2026/07/08 16:21:09.644, 2, 0, 48104, 97887
2026/07/08 16:21:09.660, 3, 0, 48104, 97887
2026/07/08 16:21:09.676, 4, 37, 75544, 97887
2026/07/08 16:21:09.692, 5, 88, 75544, 97887
2026/07/08 16:21:09.710, 6, 93, 75532, 97887
2026/07/08 16:21:09.727, 7, 31, 75532, 97887
2026/07/08 16:21:10.742, 0, 0, 48704, 97887
2026/07/08 16:21:10.758, 1, 0, 48104, 97887
2026/07/08 16:21:10.770, 2, 0, 48104, 97887
2026/07/08 16:21:10.784, 3, 0, 48104, 97887
2026/07/08 16:21:10.800, 4, 53, 75544, 97887
2026/07/08 16:21:10.813, 5, 99, 75546, 97887
2026/07/08 16:21:10.828, 6, 100, 75532, 97887
2026/07/08 16:21:10.843, 7, 100, 75532, 97887
2026/07/08 16:21:11.854, 0, 0, 48704, 97887
2026/07/08 16:21:11.872, 1, 0, 48104, 97887
2026/07/08 16:21:11.887, 2, 0, 48104, 97887
2026/07/08 16:21:11.900, 3, 0, 48104, 97887
2026/07/08 16:21:11.916, 4, 34, 75544, 97887
2026/07/08 16:21:11.931, 5, 50, 75546, 97887
2026/07/08 16:21:11.948, 6, 100, 75532, 97887
2026/07/08 16:21:11.962, 7, 100, 75532, 97887
2026/07/08 16:21:12.974, 0, 0, 48704, 97887
2026/07/08 16:21:12.988, 1, 0, 48104, 97887
2026/07/08 16:21:13.004, 2, 0, 48104, 97887
2026/07/08 16:21:13.020, 3, 0, 48104, 97887
2026/07/08 16:21:13.036, 4, 42, 75544, 97887
2026/07/08 16:21:13.051, 5, 91, 75546, 97887
2026/07/08 16:21:13.070, 6, 100, 75532, 97887
2026/07/08 16:21:13.083, 7, 86, 75532, 97887
2026/07/08 16:21:14.097, 0, 0, 48704, 97887
2026/07/08 16:21:14.106, 1, 0, 48104, 97887
2026/07/08 16:21:14.120, 2, 0, 48104, 97887
2026/07/08 16:21:14.133, 3, 0, 48104, 97887
2026/07/08 16:21:14.146, 4, 40, 75544, 97887
2026/07/08 16:21:14.161, 5, 85, 75546, 97887
2026/07/08 16:21:14.176, 6, 93, 75562, 97887
2026/07/08 16:21:14.189, 7, 28, 75562, 97887
2026/07/08 16:21:15.200, 0, 0, 48704, 97887
2026/07/08 16:21:15.218, 1, 0, 48104, 97887
2026/07/08 16:21:15.239, 2, 0, 48104, 97887
2026/07/08 16:21:15.258, 3, 0, 48104, 97887
2026/07/08 16:21:15.272, 4, 50, 75544, 97887
2026/07/08 16:21:15.286, 5, 89, 75546, 97887
2026/07/08 16:21:15.299, 6, 96, 75562, 97887
2026/07/08 16:21:15.315, 7, 31, 75562, 97887
2026/07/08 16:21:16.329, 0, 0, 48704, 97887
2026/07/08 16:21:16.344, 1, 0, 48104, 97887
2026/07/08 16:21:16.357, 2, 0, 48104, 97887
2026/07/08 16:21:16.365, 3, 0, 48104, 97887
2026/07/08 16:21:16.375, 4, 58, 75544, 97887
2026/07/08 16:21:16.386, 5, 77, 75546, 97887
2026/07/08 16:21:16.398, 6, 72, 75562, 97887
2026/07/08 16:21:16.408, 7, 36, 75562, 97887
2026/07/08 16:21:17.421, 0, 0, 48704, 97887
2026/07/08 16:21:17.436, 1, 0, 48104, 97887
2026/07/08 16:21:17.450, 2, 0, 48104, 97887
2026/07/08 16:21:17.465, 3, 0, 48104, 97887
2026/07/08 16:21:17.479, 4, 54, 75544, 97887
2026/07/08 16:21:17.496, 5, 87, 75546, 97887
2026/07/08 16:21:17.511, 6, 61, 75562, 97887
2026/07/08 16:21:17.529, 7, 58, 75562, 97887
2026/07/08 16:21:18.546, 0, 0, 48704, 97887
2026/07/08 16:21:18.558, 1, 0, 48104, 97887
2026/07/08 16:21:18.570, 2, 0, 48104, 97887
2026/07/08 16:21:18.581, 3, 0, 48104, 97887
2026/07/08 16:21:18.595, 4, 51, 75544, 97887
2026/07/08 16:21:18.608, 5, 87, 75546, 97887
2026/07/08 16:21:18.620, 6, 82, 75562, 97887
2026/07/08 16:21:18.638, 7, 35, 75562, 97887
2026/07/08 16:21:19.655, 0, 0, 48704, 97887
2026/07/08 16:21:19.668, 1, 0, 48104, 97887
2026/07/08 16:21:19.684, 2, 0, 48104, 97887
2026/07/08 16:21:19.700, 3, 0, 48104, 97887
2026/07/08 16:21:19.715, 4, 43, 75544, 97887
2026/07/08 16:21:19.729, 5, 77, 75546, 97887
2026/07/08 16:21:19.743, 6, 92, 75562, 97887
2026/07/08 16:21:19.758, 7, 28, 75562, 97887
2026/07/08 16:21:20.776, 0, 0, 48704, 97887
2026/07/08 16:21:20.794, 1, 0, 48104, 97887
2026/07/08 16:21:20.811, 2, 0, 48104, 97887
2026/07/08 16:21:20.831, 3, 0, 48104, 97887
2026/07/08 16:21:20.849, 4, 50, 75544, 97887
2026/07/08 16:21:20.868, 5, 46, 75546, 97887
2026/07/08 16:21:20.886, 6, 92, 75562, 97887
2026/07/08 16:21:20.907, 7, 37, 75562, 97887
2026/07/08 16:21:21.925, 0, 0, 48704, 97887
2026/07/08 16:21:21.938, 1, 0, 48104, 97887
2026/07/08 16:21:21.972, 2, 0, 48104, 97887
2026/07/08 16:21:21.988, 3, 0, 48104, 97887
2026/07/08 16:21:22.000, 4, 43, 75544, 97887
2026/07/08 16:21:22.015, 5, 78, 75546, 97887
2026/07/08 16:21:22.023, 6, 90, 75562, 97887
2026/07/08 16:21:22.030, 7, 26, 75562, 97887
2026/07/08 16:21:23.038, 0, 0, 48704, 97887
2026/07/08 16:21:23.055, 1, 0, 48104, 97887
2026/07/08 16:21:23.071, 2, 0, 48104, 97887
2026/07/08 16:21:23.082, 3, 0, 48104, 97887
2026/07/08 16:21:23.096, 4, 60, 75544, 97887
2026/07/08 16:21:23.114, 5, 91, 75546, 97887
2026/07/08 16:21:23.132, 6, 92, 75562, 97887
2026/07/08 16:21:23.152, 7, 41, 75562, 97887
2026/07/08 16:21:24.170, 0, 0, 48704, 97887
2026/07/08 16:21:24.188, 1, 0, 48104, 97887
2026/07/08 16:21:24.205, 2, 0, 48104, 97887
2026/07/08 16:21:24.224, 3, 0, 48104, 97887
2026/07/08 16:21:24.242, 4, 58, 75546, 97887
2026/07/08 16:21:24.259, 5, 76, 75546, 97887
2026/07/08 16:21:24.276, 6, 95, 75562, 97887
2026/07/08 16:21:24.293, 7, 33, 75562, 97887
2026/07/08 16:21:25.307, 0, 0, 48704, 97887
2026/07/08 16:21:25.321, 1, 0, 48104, 97887
2026/07/08 16:21:25.336, 2, 0, 48104, 97887
2026/07/08 16:21:25.351, 3, 0, 48104, 97887
2026/07/08 16:21:25.367, 4, 47, 75546, 97887
2026/07/08 16:21:25.381, 5, 60, 75546, 97887
2026/07/08 16:21:25.397, 6, 94, 75562, 97887
2026/07/08 16:21:25.412, 7, 28, 75562, 97887
2026/07/08 16:21:26.428, 0, 0, 48704, 97887
2026/07/08 16:21:26.441, 1, 0, 48104, 97887
2026/07/08 16:21:26.457, 2, 0, 48104, 97887
2026/07/08 16:21:26.472, 3, 0, 48104, 97887
2026/07/08 16:21:26.485, 4, 100, 75546, 97887
2026/07/08 16:21:26.498, 5, 100, 75546, 97887
2026/07/08 16:21:26.513, 6, 92, 75562, 97887
2026/07/08 16:21:26.529, 7, 43, 75562, 97887
2026/07/08 16:21:27.544, 0, 0, 48704, 97887
2026/07/08 16:21:27.560, 1, 0, 48104, 97887
2026/07/08 16:21:27.580, 2, 0, 48104, 97887
2026/07/08 16:21:27.597, 3, 0, 48104, 97887
2026/07/08 16:21:27.613, 4, 80, 75546, 97887
2026/07/08 16:21:27.630, 5, 56, 75546, 97887
2026/07/08 16:21:27.645, 6, 96, 75562, 97887
2026/07/08 16:21:27.662, 7, 34, 75562, 97887
2026/07/08 16:21:28.680, 0, 0, 48704, 97887
2026/07/08 16:21:28.695, 1, 0, 48104, 97887
2026/07/08 16:21:28.711, 2, 0, 48104, 97887
2026/07/08 16:21:28.728, 3, 0, 48104, 97887
2026/07/08 16:21:28.742, 4, 67, 75546, 97887
2026/07/08 16:21:28.757, 5, 78, 75546, 97887
2026/07/08 16:21:28.770, 6, 87, 75562, 97887
2026/07/08 16:21:28.782, 7, 25, 75562, 97887
2026/07/08 16:21:29.795, 0, 0, 48704, 97887
2026/07/08 16:21:29.811, 1, 0, 48104, 97887
2026/07/08 16:21:29.828, 2, 0, 48104, 97887
2026/07/08 16:21:29.844, 3, 0, 48104, 97887
2026/07/08 16:21:29.858, 4, 50, 75546, 97887
2026/07/08 16:21:29.872, 5, 76, 75546, 97887
2026/07/08 16:21:29.889, 6, 85, 75562, 97887
2026/07/08 16:21:29.907, 7, 33, 75562, 97887
2026/07/08 16:21:30.924, 0, 0, 48704, 97887
2026/07/08 16:21:30.938, 1, 0, 48104, 97887
2026/07/08 16:21:30.950, 2, 0, 48104, 97887
2026/07/08 16:21:30.961, 3, 0, 48104, 97887
2026/07/08 16:21:30.974, 4, 48, 75546, 97887
2026/07/08 16:21:30.988, 5, 83, 75546, 97887
2026/07/08 16:21:31.003, 6, 92, 75562, 97887
2026/07/08 16:21:31.015, 7, 32, 75562, 97887
2026/07/08 16:21:32.029, 0, 0, 48704, 97887
2026/07/08 16:21:32.047, 1, 0, 48104, 97887
2026/07/08 16:21:32.062, 2, 0, 48104, 97887
2026/07/08 16:21:32.083, 3, 0, 48104, 97887
2026/07/08 16:21:32.098, 4, 53, 75546, 97887
2026/07/08 16:21:32.113, 5, 66, 75546, 97887
2026/07/08 16:21:32.128, 6, 90, 75562, 97887
2026/07/08 16:21:32.143, 7, 43, 75562, 97887
2026/07/08 16:21:33.155, 0, 0, 48704, 97887
2026/07/08 16:21:33.175, 1, 0, 48104, 97887
2026/07/08 16:21:33.192, 2, 0, 48104, 97887
2026/07/08 16:21:33.209, 3, 0, 48104, 97887
2026/07/08 16:21:33.226, 4, 39, 75546, 97887
2026/07/08 16:21:33.244, 5, 37, 75546, 97887
2026/07/08 16:21:33.261, 6, 90, 75562, 97887
2026/07/08 16:21:33.275, 7, 32, 75562, 97887
2026/07/08 16:21:34.290, 0, 0, 48704, 97887
2026/07/08 16:21:34.308, 1, 0, 48104, 97887
2026/07/08 16:21:34.324, 2, 0, 48104, 97887
2026/07/08 16:21:34.341, 3, 0, 48104, 97887
2026/07/08 16:21:34.357, 4, 40, 75546, 97887
2026/07/08 16:21:34.371, 5, 82, 75546, 97887
2026/07/08 16:21:34.385, 6, 85, 75562, 97887
2026/07/08 16:21:34.400, 7, 30, 75562, 97887
2026/07/08 16:21:35.416, 0, 0, 48704, 97887
2026/07/08 16:21:35.436, 1, 0, 48104, 97887
2026/07/08 16:21:35.454, 2, 0, 48104, 97887
2026/07/08 16:21:35.470, 3, 0, 48104, 97887
2026/07/08 16:21:35.486, 4, 40, 75546, 97887
2026/07/08 16:21:35.503, 5, 92, 75546, 97887
2026/07/08 16:21:35.520, 6, 95, 75562, 97887
2026/07/08 16:21:35.536, 7, 35, 75562, 97887
2026/07/08 16:21:36.550, 0, 0, 48704, 97887
2026/07/08 16:21:36.567, 1, 0, 48104, 97887
2026/07/08 16:21:36.581, 2, 0, 48104, 97887
2026/07/08 16:21:36.595, 3, 0, 48104, 97887
2026/07/08 16:21:36.611, 4, 35, 75546, 97887
2026/07/08 16:21:36.624, 5, 54, 75546, 97887
2026/07/08 16:21:36.637, 6, 91, 75562, 97887
2026/07/08 16:21:36.651, 7, 27, 75562, 97887
2026/07/08 16:21:37.667, 0, 0, 48704, 97887
2026/07/08 16:21:37.679, 1, 0, 48104, 97887
2026/07/08 16:21:37.692, 2, 0, 48104, 97887
2026/07/08 16:21:37.703, 3, 0, 48104, 97887
2026/07/08 16:21:37.718, 4, 46, 75546, 97887
2026/07/08 16:21:37.737, 5, 70, 75546, 97887
2026/07/08 16:21:37.756, 6, 95, 75562, 97887
2026/07/08 16:21:37.772, 7, 33, 75562, 97887
2026/07/08 16:21:38.787, 0, 0, 48704, 97887
2026/07/08 16:21:38.804, 1, 0, 48104, 97887
2026/07/08 16:21:38.821, 2, 0, 48104, 97887
2026/07/08 16:21:38.836, 3, 0, 48104, 97887
2026/07/08 16:21:38.852, 4, 60, 75546, 97887
2026/07/08 16:21:38.867, 5, 61, 75546, 97887
2026/07/08 16:21:38.881, 6, 91, 75562, 97887
2026/07/08 16:21:38.897, 7, 33, 75562, 97887
2026/07/08 16:21:39.911, 0, 0, 48704, 97887
2026/07/08 16:21:39.925, 1, 0, 48104, 97887
2026/07/08 16:21:39.942, 2, 0, 48104, 97887
2026/07/08 16:21:39.954, 3, 0, 48104, 97887
2026/07/08 16:21:39.968, 4, 55, 75546, 97887
2026/07/08 16:21:39.983, 5, 60, 75546, 97887
2026/07/08 16:21:39.996, 6, 90, 75562, 97887
2026/07/08 16:21:40.006, 7, 26, 75562, 97887
2026/07/08 16:21:41.018, 0, 0, 48704, 97887
2026/07/08 16:21:41.033, 1, 0, 48104, 97887
2026/07/08 16:21:41.048, 2, 0, 48104, 97887
2026/07/08 16:21:41.063, 3, 0, 48104, 97887
2026/07/08 16:21:41.076, 4, 43, 75546, 97887
2026/07/08 16:21:41.090, 5, 72, 75546, 97887
2026/07/08 16:21:41.103, 6, 90, 75562, 97887
2026/07/08 16:21:41.121, 7, 33, 75562, 97887
2026/07/08 16:21:42.137, 0, 0, 48704, 97887
2026/07/08 16:21:42.170, 1, 0, 48104, 97887
2026/07/08 16:21:42.196, 2, 0, 48104, 97887
2026/07/08 16:21:42.215, 3, 0, 48104, 97887
2026/07/08 16:21:42.238, 4, 67, 75546, 97887
2026/07/08 16:21:42.255, 5, 29, 75546, 97887
2026/07/08 16:21:42.284, 6, 96, 75562, 97887
2026/07/08 16:21:42.301, 7, 28, 75562, 97887
2026/07/08 16:21:43.315, 0, 0, 48704, 97887
2026/07/08 16:21:43.332, 1, 0, 48104, 97887
2026/07/08 16:21:43.344, 2, 0, 48104, 97887
2026/07/08 16:21:43.358, 3, 0, 48104, 97887
2026/07/08 16:21:43.373, 4, 87, 75546, 97887
2026/07/08 16:21:43.390, 5, 87, 75546, 97887
2026/07/08 16:21:43.404, 6, 91, 75562, 97887
2026/07/08 16:21:43.417, 7, 33, 75562, 97887
2026/07/08 16:21:44.433, 0, 0, 48704, 97887
2026/07/08 16:21:44.451, 1, 0, 48104, 97887
2026/07/08 16:21:44.466, 2, 0, 48104, 97887
2026/07/08 16:21:44.481, 3, 0, 48104, 97887
2026/07/08 16:21:44.498, 4, 54, 75546, 97887
2026/07/08 16:21:44.514, 5, 70, 75546, 97887
2026/07/08 16:21:44.530, 6, 95, 75562, 97887
2026/07/08 16:21:44.544, 7, 32, 75562, 97887
2026/07/08 16:21:45.561, 0, 0, 48704, 97887
2026/07/08 16:21:45.577, 1, 0, 48104, 97887
2026/07/08 16:21:45.593, 2, 0, 48104, 97887
2026/07/08 16:21:45.607, 3, 0, 48104, 97887
2026/07/08 16:21:45.621, 4, 62, 75546, 97887
2026/07/08 16:21:45.635, 5, 63, 75546, 97887
2026/07/08 16:21:45.649, 6, 94, 75562, 97887
2026/07/08 16:21:45.662, 7, 34, 75562, 97887
2026/07/08 16:21:46.677, 0, 0, 48704, 97887
2026/07/08 16:21:46.689, 1, 0, 48104, 97887
2026/07/08 16:21:46.704, 2, 0, 48104, 97887
2026/07/08 16:21:46.723, 3, 0, 48104, 97887
2026/07/08 16:21:46.740, 4, 56, 75546, 97887
2026/07/08 16:21:46.753, 5, 87, 75546, 97887
2026/07/08 16:21:46.768, 6, 94, 75562, 97887
2026/07/08 16:21:46.784, 7, 36, 75562, 97887
2026/07/08 16:21:47.801, 0, 0, 48704, 97887
2026/07/08 16:21:47.816, 1, 0, 48104, 97887
2026/07/08 16:21:47.832, 2, 0, 48104, 97887
2026/07/08 16:21:47.853, 3, 0, 48104, 97887
2026/07/08 16:21:47.871, 4, 50, 75546, 97887
2026/07/08 16:21:47.886, 5, 88, 75546, 97887
2026/07/08 16:21:47.902, 6, 83, 75562, 97887
2026/07/08 16:21:47.915, 7, 34, 75562, 97887
2026/07/08 16:21:48.930, 0, 0, 48704, 97887
2026/07/08 16:21:48.948, 1, 0, 48104, 97887
2026/07/08 16:21:48.964, 2, 0, 48104, 97887
2026/07/08 16:21:48.979, 3, 0, 48104, 97887
2026/07/08 16:21:48.993, 4, 67, 75546, 97887
2026/07/08 16:21:49.006, 5, 40, 75546, 97887
2026/07/08 16:21:49.020, 6, 45, 75562, 97887
2026/07/08 16:21:49.034, 7, 79, 75562, 97887
2026/07/08 16:21:50.048, 0, 0, 48704, 97887
2026/07/08 16:21:50.067, 1, 0, 48104, 97887
2026/07/08 16:21:50.084, 2, 0, 48104, 97887
2026/07/08 16:21:50.102, 3, 0, 48104, 97887
2026/07/08 16:21:50.120, 4, 46, 75546, 97887
2026/07/08 16:21:50.130, 5, 65, 75546, 97887
2026/07/08 16:21:50.144, 6, 80, 75562, 97887
2026/07/08 16:21:50.160, 7, 29, 75562, 97887
2026/07/08 16:21:51.175, 0, 0, 48704, 97887
2026/07/08 16:21:51.188, 1, 0, 48104, 97887
2026/07/08 16:21:51.202, 2, 0, 48104, 97887
2026/07/08 16:21:51.215, 3, 0, 48104, 97887
2026/07/08 16:21:51.222, 4, 52, 75546, 97887
2026/07/08 16:21:51.231, 5, 68, 75546, 97887
2026/07/08 16:21:51.241, 6, 91, 75562, 97887
2026/07/08 16:21:51.247, 7, 33, 75562, 97887
2026/07/08 16:21:52.259, 0, 0, 48704, 97887
2026/07/08 16:21:52.270, 1, 0, 48104, 97887
2026/07/08 16:21:52.282, 2, 0, 48104, 97887
2026/07/08 16:21:52.300, 3, 0, 48104, 97887
2026/07/08 16:21:52.313, 4, 44, 75546, 97887
2026/07/08 16:21:52.326, 5, 78, 75546, 97887
2026/07/08 16:21:52.343, 6, 32, 75562, 97887
2026/07/08 16:21:52.359, 7, 69, 75562, 97887
2026/07/08 16:21:53.374, 0, 0, 48704, 97887
2026/07/08 16:21:53.391, 1, 0, 48104, 97887
2026/07/08 16:21:53.408, 2, 0, 48104, 97887
2026/07/08 16:21:53.426, 3, 0, 48104, 97887
2026/07/08 16:21:53.445, 4, 47, 75546, 97887
2026/07/08 16:21:53.464, 5, 79, 75546, 97887
2026/07/08 16:21:53.481, 6, 92, 75562, 97887
2026/07/08 16:21:53.500, 7, 37, 75562, 97887
2026/07/08 16:21:54.520, 0, 0, 48704, 97887
2026/07/08 16:21:54.534, 1, 0, 48104, 97887
2026/07/08 16:21:54.548, 2, 0, 48104, 97887
2026/07/08 16:21:54.565, 3, 0, 48104, 97887
2026/07/08 16:21:54.581, 4, 70, 75546, 97887
2026/07/08 16:21:54.595, 5, 76, 75546, 97887
2026/07/08 16:21:54.613, 6, 69, 75562, 97887
2026/07/08 16:21:54.629, 7, 56, 75562, 97887
2026/07/08 16:21:55.646, 0, 0, 48704, 97887
2026/07/08 16:21:55.662, 1, 0, 48104, 97887
2026/07/08 16:21:55.677, 2, 0, 48104, 97887
2026/07/08 16:21:55.693, 3, 0, 48104, 97887
2026/07/08 16:21:55.710, 4, 49, 75546, 97887
2026/07/08 16:21:55.727, 5, 67, 75546, 97887
2026/07/08 16:21:55.743, 6, 88, 75562, 97887
2026/07/08 16:21:55.760, 7, 33, 75562, 97887
2026/07/08 16:21:56.776, 0, 0, 48704, 97887
2026/07/08 16:21:56.791, 1, 0, 48104, 97887
2026/07/08 16:21:56.810, 2, 0, 48104, 97887
2026/07/08 16:21:56.825, 3, 0, 48104, 97887
2026/07/08 16:21:56.841, 4, 37, 75546, 97887
2026/07/08 16:21:56.854, 5, 80, 75546, 97887
2026/07/08 16:21:56.868, 6, 86, 75562, 97887
2026/07/08 16:21:56.882, 7, 36, 75562, 97887
2026/07/08 16:21:57.894, 0, 0, 48704, 97887
2026/07/08 16:21:57.910, 1, 0, 48104, 97887
2026/07/08 16:21:57.926, 2, 0, 48104, 97887
2026/07/08 16:21:57.942, 3, 0, 48104, 97887
2026/07/08 16:21:57.960, 4, 41, 75546, 97887
2026/07/08 16:21:57.975, 5, 61, 75546, 97887
2026/07/08 16:21:57.991, 6, 87, 75562, 97887
2026/07/08 16:21:58.007, 7, 31, 75562, 97887
2026/07/08 16:21:59.023, 0, 0, 48704, 97887
2026/07/08 16:21:59.039, 1, 0, 48104, 97887
2026/07/08 16:21:59.053, 2, 0, 48104, 97887
2026/07/08 16:21:59.062, 3, 0, 48104, 97887
2026/07/08 16:21:59.074, 4, 46, 75546, 97887
2026/07/08 16:21:59.084, 5, 82, 75546, 97887
2026/07/08 16:21:59.094, 6, 93, 75562, 97887
2026/07/08 16:21:59.107, 7, 30, 75564, 97887
2026/07/08 16:22:00.120, 0, 0, 48704, 97887
2026/07/08 16:22:00.132, 1, 0, 48104, 97887
2026/07/08 16:22:00.144, 2, 0, 48104, 97887
2026/07/08 16:22:00.157, 3, 0, 48104, 97887
2026/07/08 16:22:00.170, 4, 43, 75546, 97887
2026/07/08 16:22:00.180, 5, 69, 75546, 97887
2026/07/08 16:22:00.191, 6, 94, 75562, 97887
2026/07/08 16:22:00.204, 7, 25, 75564, 97887
2026/07/08 16:22:01.221, 0, 0, 48704, 97887
2026/07/08 16:22:01.235, 1, 0, 48104, 97887
2026/07/08 16:22:01.249, 2, 0, 48104, 97887
2026/07/08 16:22:01.264, 3, 0, 48104, 97887
2026/07/08 16:22:01.279, 4, 42, 75546, 97887
2026/07/08 16:22:01.295, 5, 80, 75546, 97887
2026/07/08 16:22:01.311, 6, 96, 75562, 97887
2026/07/08 16:22:01.327, 7, 26, 75564, 97887
2026/07/08 16:22:02.343, 0, 0, 48704, 97887
2026/07/08 16:22:02.362, 1, 0, 48104, 97887
2026/07/08 16:22:02.380, 2, 0, 48104, 97887
2026/07/08 16:22:02.396, 3, 0, 48104, 97887
2026/07/08 16:22:02.413, 4, 41, 75546, 97887
2026/07/08 16:22:02.430, 5, 82, 75546, 97887
2026/07/08 16:22:02.445, 6, 92, 75562, 97887
2026/07/08 16:22:02.461, 7, 32, 75564, 97887
2026/07/08 16:22:03.478, 0, 0, 48704, 97887
2026/07/08 16:22:03.495, 1, 0, 48104, 97887
2026/07/08 16:22:03.512, 2, 0, 48104, 97887
2026/07/08 16:22:03.527, 3, 0, 48104, 97887
2026/07/08 16:22:03.545, 4, 47, 75546, 97887
2026/07/08 16:22:03.560, 5, 84, 75546, 97887
2026/07/08 16:22:03.575, 6, 91, 75562, 97887
2026/07/08 16:22:03.589, 7, 32, 75564, 97887
2026/07/08 16:22:04.605, 0, 0, 48704, 97887
2026/07/08 16:22:04.624, 1, 0, 48104, 97887
2026/07/08 16:22:04.641, 2, 0, 48104, 97887
2026/07/08 16:22:04.658, 3, 0, 48104, 97887
2026/07/08 16:22:04.678, 4, 37, 75546, 97887
2026/07/08 16:22:04.694, 5, 84, 75546, 97887
2026/07/08 16:22:04.713, 6, 94, 75562, 97887
2026/07/08 16:22:04.730, 7, 30, 75564, 97887
2026/07/08 16:22:05.747, 0, 0, 48704, 97887
2026/07/08 16:22:05.762, 1, 0, 48104, 97887
2026/07/08 16:22:05.778, 2, 0, 48104, 97887
2026/07/08 16:22:05.793, 3, 0, 48104, 97887
2026/07/08 16:22:05.809, 4, 49, 75546, 97887
2026/07/08 16:22:05.828, 5, 69, 75546, 97887
2026/07/08 16:22:05.844, 6, 91, 75562, 97887
2026/07/08 16:22:05.859, 7, 36, 75564, 97887
2026/07/08 16:22:06.875, 0, 0, 48704, 97887
2026/07/08 16:22:06.892, 1, 0, 48104, 97887
2026/07/08 16:22:06.906, 2, 0, 48104, 97887
2026/07/08 16:22:06.919, 3, 0, 48104, 97887
2026/07/08 16:22:06.933, 4, 37, 75546, 97887
2026/07/08 16:22:06.946, 5, 74, 75546, 97887
2026/07/08 16:22:06.960, 6, 95, 75562, 97887
2026/07/08 16:22:06.976, 7, 32, 75564, 97887
2026/07/08 16:22:07.988, 0, 0, 48704, 97887
2026/07/08 16:22:08.006, 1, 0, 48104, 97887
2026/07/08 16:22:08.022, 2, 0, 48104, 97887
2026/07/08 16:22:08.036, 3, 0, 48104, 97887
2026/07/08 16:22:08.049, 4, 100, 75546, 97887
2026/07/08 16:22:08.065, 5, 100, 75546, 97887
2026/07/08 16:22:08.080, 6, 89, 75562, 97887
2026/07/08 16:22:08.097, 7, 40, 75564, 97887
2026/07/08 16:22:09.112, 0, 0, 48704, 97887
2026/07/08 16:22:09.130, 1, 0, 48104, 97887
2026/07/08 16:22:09.146, 2, 0, 48104, 97887
2026/07/08 16:22:09.165, 3, 0, 48104, 97887
2026/07/08 16:22:09.183, 4, 57, 75546, 97887
2026/07/08 16:22:09.200, 5, 70, 75546, 97887
2026/07/08 16:22:09.219, 6, 87, 75562, 97887
2026/07/08 16:22:09.237, 7, 36, 75564, 97887
2026/07/08 16:22:10.252, 0, 0, 48704, 97887
2026/07/08 16:22:10.270, 1, 0, 48104, 97887
2026/07/08 16:22:10.289, 2, 0, 48104, 97887
2026/07/08 16:22:10.307, 3, 0, 48104, 97887
2026/07/08 16:22:10.326, 4, 49, 75546, 97887
2026/07/08 16:22:10.343, 5, 67, 75546, 97887
2026/07/08 16:22:10.363, 6, 93, 75562, 97887
2026/07/08 16:22:10.380, 7, 38, 75564, 97887
2026/07/08 16:22:11.390, 0, 0, 48704, 97887
2026/07/08 16:22:11.406, 1, 0, 48104, 97887
2026/07/08 16:22:11.422, 2, 0, 48104, 97887
2026/07/08 16:22:11.437, 3, 0, 48104, 97887
2026/07/08 16:22:11.448, 4, 54, 75548, 97887
2026/07/08 16:22:11.461, 5, 62, 75548, 97887
2026/07/08 16:22:11.476, 6, 91, 75562, 97887
2026/07/08 16:22:11.490, 7, 35, 75564, 97887
2026/07/08 16:22:12.503, 0, 0, 48704, 97887
2026/07/08 16:22:12.518, 1, 0, 48104, 97887
2026/07/08 16:22:12.530, 2, 0, 48104, 97887
2026/07/08 16:22:12.545, 3, 0, 48104, 97887
2026/07/08 16:22:12.559, 4, 69, 75548, 97887
2026/07/08 16:22:12.566, 5, 79, 75548, 97887
2026/07/08 16:22:12.575, 6, 96, 75562, 97887
2026/07/08 16:22:12.586, 7, 35, 75564, 97887
2026/07/08 16:22:13.602, 0, 0, 48704, 97887
2026/07/08 16:22:13.623, 1, 0, 48104, 97887
2026/07/08 16:22:13.642, 2, 0, 48104, 97887
2026/07/08 16:22:13.659, 3, 0, 48104, 97887
2026/07/08 16:22:13.675, 4, 39, 75548, 97887
2026/07/08 16:22:13.693, 5, 60, 75548, 97887
2026/07/08 16:22:13.711, 6, 91, 75562, 97887
2026/07/08 16:22:13.724, 7, 35, 75564, 97887
2026/07/08 16:22:14.740, 0, 0, 48704, 97887
2026/07/08 16:22:14.757, 1, 0, 48104, 97887
2026/07/08 16:22:14.773, 2, 0, 48104, 97887
2026/07/08 16:22:14.790, 3, 0, 48104, 97887
2026/07/08 16:22:14.807, 4, 82, 75548, 97887
2026/07/08 16:22:14.822, 5, 69, 75548, 97887
2026/07/08 16:22:14.836, 6, 85, 75562, 97887
2026/07/08 16:22:14.866, 7, 34, 75564, 97887
2026/07/08 16:22:15.884, 0, 0, 48704, 97887
2026/07/08 16:22:15.902, 1, 0, 48104, 97887
2026/07/08 16:22:15.918, 2, 0, 48104, 97887
2026/07/08 16:22:15.931, 3, 0, 48104, 97887
2026/07/08 16:22:15.945, 4, 50, 75548, 97887
2026/07/08 16:22:15.960, 5, 87, 75548, 97887
2026/07/08 16:22:15.976, 6, 92, 75562, 97887
2026/07/08 16:22:15.994, 7, 28, 75564, 97887
2026/07/08 16:22:17.011, 0, 0, 48704, 97887
2026/07/08 16:22:17.027, 1, 0, 48104, 97887
2026/07/08 16:22:17.041, 2, 0, 48104, 97887
2026/07/08 16:22:17.058, 3, 0, 48104, 97887
2026/07/08 16:22:17.074, 4, 51, 75548, 97887
2026/07/08 16:22:17.092, 5, 88, 75548, 97887
2026/07/08 16:22:17.107, 6, 90, 75562, 97887
2026/07/08 16:22:17.124, 7, 37, 75564, 97887
2026/07/08 16:22:18.141, 0, 0, 48704, 97887
2026/07/08 16:22:18.155, 1, 0, 48104, 97887
2026/07/08 16:22:18.177, 2, 0, 48104, 97887
2026/07/08 16:22:18.193, 3, 0, 48104, 97887
2026/07/08 16:22:18.209, 4, 40, 75548, 97887
2026/07/08 16:22:18.225, 5, 87, 75548, 97887
2026/07/08 16:22:18.243, 6, 100, 75562, 97887
2026/07/08 16:22:18.260, 7, 100, 75564, 97887
2026/07/08 16:22:19.277, 0, 0, 48704, 97887
2026/07/08 16:22:19.296, 1, 0, 48104, 97887
2026/07/08 16:22:19.314, 2, 0, 48104, 97887
2026/07/08 16:22:19.334, 3, 0, 48104, 97887
2026/07/08 16:22:19.350, 4, 48, 75548, 97887
2026/07/08 16:22:19.369, 5, 87, 75548, 97887
2026/07/08 16:22:19.388, 6, 96, 75562, 97887
2026/07/08 16:22:19.403, 7, 32, 75564, 97887
2026/07/08 16:22:20.418, 0, 0, 48704, 97887
2026/07/08 16:22:20.436, 1, 0, 48104, 97887
2026/07/08 16:22:20.455, 2, 0, 48104, 97887
2026/07/08 16:22:20.471, 3, 0, 48104, 97887
2026/07/08 16:22:20.491, 4, 48, 75548, 97887
2026/07/08 16:22:20.511, 5, 87, 75548, 97887
2026/07/08 16:22:20.531, 6, 64, 75562, 97887
2026/07/08 16:22:20.543, 7, 38, 75564, 97887
2026/07/08 16:22:21.556, 0, 0, 48704, 97887
2026/07/08 16:22:21.573, 1, 0, 48104, 97887
2026/07/08 16:22:21.589, 2, 0, 48104, 97887
2026/07/08 16:22:21.608, 3, 0, 48104, 97887
2026/07/08 16:22:21.627, 4, 54, 75548, 97887
2026/07/08 16:22:21.643, 5, 84, 75548, 97887
2026/07/08 16:22:21.660, 6, 95, 75562, 97887
2026/07/08 16:22:21.676, 7, 31, 75564, 97887
2026/07/08 16:22:22.692, 0, 0, 48704, 97887
2026/07/08 16:22:22.712, 1, 0, 48104, 97887
2026/07/08 16:22:22.727, 2, 0, 48104, 97887
2026/07/08 16:22:22.747, 3, 0, 48104, 97887
2026/07/08 16:22:22.765, 4, 42, 75548, 97887
2026/07/08 16:22:22.782, 5, 80, 75548, 97887
2026/07/08 16:22:22.798, 6, 88, 75562, 97887
2026/07/08 16:22:22.815, 7, 31, 75564, 97887
2026/07/08 16:22:23.827, 0, 0, 48704, 97887
2026/07/08 16:22:23.840, 1, 0, 48104, 97887
2026/07/08 16:22:23.852, 2, 0, 48104, 97887
2026/07/08 16:22:23.865, 3, 0, 48104, 97887
2026/07/08 16:22:23.878, 4, 41, 75548, 97887
2026/07/08 16:22:23.892, 5, 89, 75548, 97887
2026/07/08 16:22:23.912, 6, 92, 75564, 97887
2026/07/08 16:22:23.923, 7, 36, 75564, 97887
2026/07/08 16:22:24.936, 0, 0, 48704, 97887
2026/07/08 16:22:24.954, 1, 0, 48104, 97887
2026/07/08 16:22:24.971, 2, 0, 48104, 97887
2026/07/08 16:22:24.989, 3, 0, 48104, 97887
2026/07/08 16:22:25.005, 4, 100, 75548, 97887
2026/07/08 16:22:25.020, 5, 100, 75548, 97887
2026/07/08 16:22:25.038, 6, 89, 75564, 97887
2026/07/08 16:22:25.055, 7, 44, 75564, 97887
2026/07/08 16:22:26.072, 0, 0, 48704, 97887
2026/07/08 16:22:26.088, 1, 0, 48104, 97887
2026/07/08 16:22:26.104, 2, 0, 48104, 97887
2026/07/08 16:22:26.120, 3, 0, 48104, 97887
2026/07/08 16:22:26.136, 4, 37, 75578, 97887
2026/07/08 16:22:26.153, 5, 87, 75578, 97887
2026/07/08 16:22:26.168, 6, 95, 75564, 97887
2026/07/08 16:22:26.184, 7, 38, 75564, 97887
2026/07/08 16:22:27.199, 0, 0, 48704, 97887
2026/07/08 16:22:27.212, 1, 0, 48104, 97887
2026/07/08 16:22:27.227, 2, 0, 48104, 97887
2026/07/08 16:22:27.239, 3, 0, 48104, 97887
2026/07/08 16:22:27.256, 4, 43, 75578, 97887
2026/07/08 16:22:27.273, 5, 89, 75578, 97887
2026/07/08 16:22:27.289, 6, 92, 75564, 97887
2026/07/08 16:22:27.307, 7, 35, 75564, 97887
2026/07/08 16:22:28.324, 0, 0, 48704, 97887
2026/07/08 16:22:28.343, 1, 0, 48104, 97887
2026/07/08 16:22:28.361, 2, 0, 48104, 97887
2026/07/08 16:22:28.379, 3, 0, 48104, 97887
2026/07/08 16:22:28.396, 4, 42, 75578, 97887
2026/07/08 16:22:28.414, 5, 87, 75578, 97887
2026/07/08 16:22:28.432, 6, 90, 75564, 97887
2026/07/08 16:22:28.451, 7, 37, 75564, 97887
2026/07/08 16:22:29.466, 0, 0, 48704, 97887
2026/07/08 16:22:29.485, 1, 0, 48104, 97887
2026/07/08 16:22:29.499, 2, 0, 48104, 97887
2026/07/08 16:22:29.517, 3, 0, 48104, 97887
2026/07/08 16:22:29.533, 4, 57, 75578, 97887
2026/07/08 16:22:29.547, 5, 86, 75578, 97887
2026/07/08 16:22:29.561, 6, 93, 75564, 97887
2026/07/08 16:22:29.578, 7, 32, 75564, 97887
2026/07/08 16:22:30.595, 0, 0, 48704, 97887
2026/07/08 16:22:30.609, 1, 0, 48104, 97887
2026/07/08 16:22:30.623, 2, 0, 48104, 97887
2026/07/08 16:22:30.637, 3, 0, 48104, 97887
2026/07/08 16:22:30.653, 4, 37, 75578, 97887
2026/07/08 16:22:30.665, 5, 94, 75578, 97887
2026/07/08 16:22:30.682, 6, 95, 75564, 97887
2026/07/08 16:22:30.697, 7, 34, 75564, 97887
2026/07/08 16:22:31.715, 0, 0, 48704, 97887
2026/07/08 16:22:31.735, 1, 0, 48104, 97887
2026/07/08 16:22:31.753, 2, 0, 48104, 97887
2026/07/08 16:22:31.771, 3, 0, 48104, 97887
2026/07/08 16:22:31.789, 4, 39, 75578, 97887
2026/07/08 16:22:31.807, 5, 86, 75578, 97887
2026/07/08 16:22:31.824, 6, 92, 75564, 97887
2026/07/08 16:22:31.840, 7, 29, 75564, 97887
2026/07/08 16:22:32.859, 0, 0, 48704, 97887
2026/07/08 16:22:32.876, 1, 0, 48104, 97887
2026/07/08 16:22:32.893, 2, 0, 48104, 97887
2026/07/08 16:22:32.909, 3, 0, 48104, 97887
2026/07/08 16:22:32.922, 4, 100, 75578, 97887
2026/07/08 16:22:32.937, 5, 100, 75578, 97887
2026/07/08 16:22:32.952, 6, 92, 75564, 97887
2026/07/08 16:22:32.965, 7, 41, 75564, 97887
2026/07/08 16:22:33.978, 0, 0, 48704, 97887
2026/07/08 16:22:33.995, 1, 0, 48104, 97887
2026/07/08 16:22:34.009, 2, 0, 48104, 97887
2026/07/08 16:22:34.023, 3, 0, 48104, 97887
2026/07/08 16:22:34.036, 4, 44, 75578, 97887
2026/07/08 16:22:34.048, 5, 85, 75578, 97887
2026/07/08 16:22:34.058, 6, 92, 75564, 97887
2026/07/08 16:22:34.070, 7, 33, 75564, 97887
2026/07/08 16:22:35.082, 0, 0, 48704, 97887
2026/07/08 16:22:35.100, 1, 0, 48104, 97887
2026/07/08 16:22:35.118, 2, 0, 48104, 97887
2026/07/08 16:22:35.131, 3, 0, 48104, 97887
2026/07/08 16:22:35.146, 4, 91, 75578, 97887
2026/07/08 16:22:35.161, 5, 51, 75578, 97887
2026/07/08 16:22:35.176, 6, 92, 75564, 97887
2026/07/08 16:22:35.193, 7, 37, 75564, 97887
2026/07/08 16:22:36.210, 0, 0, 48704, 97887
2026/07/08 16:22:36.224, 1, 0, 48104, 97887
2026/07/08 16:22:36.238, 2, 0, 48104, 97887
2026/07/08 16:22:36.251, 3, 0, 48104, 97887
2026/07/08 16:22:36.267, 4, 94, 75578, 97887
2026/07/08 16:22:36.279, 5, 39, 75578, 97887
2026/07/08 16:22:36.294, 6, 76, 75564, 97887
2026/07/08 16:22:36.310, 7, 33, 75564, 97887
2026/07/08 16:22:37.324, 0, 0, 48704, 97887
2026/07/08 16:22:37.342, 1, 0, 48104, 97887
2026/07/08 16:22:37.360, 2, 0, 48104, 97887
2026/07/08 16:22:37.377, 3, 0, 48104, 97887
2026/07/08 16:22:37.393, 4, 90, 75578, 97887
2026/07/08 16:22:37.407, 5, 32, 75578, 97887
2026/07/08 16:22:37.425, 6, 73, 75564, 97887
2026/07/08 16:22:37.444, 7, 46, 75564, 97887
2026/07/08 16:22:38.455, 0, 0, 48704, 97887
2026/07/08 16:22:38.471, 1, 0, 48104, 97887
2026/07/08 16:22:38.488, 2, 0, 48104, 97887
2026/07/08 16:22:38.506, 3, 0, 48104, 97887
2026/07/08 16:22:38.521, 4, 97, 75578, 97887
2026/07/08 16:22:38.540, 5, 100, 75578, 97887
2026/07/08 16:22:38.558, 6, 92, 75564, 97887
2026/07/08 16:22:38.573, 7, 40, 75564, 97887
2026/07/08 16:22:39.591, 0, 0, 48704, 97887
2026/07/08 16:22:39.608, 1, 0, 48104, 97887
2026/07/08 16:22:39.621, 2, 0, 48104, 97887
2026/07/08 16:22:39.637, 3, 0, 48104, 97887
2026/07/08 16:22:39.648, 4, 95, 75578, 97887
2026/07/08 16:22:39.661, 5, 40, 75578, 97887
2026/07/08 16:22:39.678, 6, 94, 75564, 97887
2026/07/08 16:22:39.691, 7, 32, 75564, 97887
2026/07/08 16:22:40.702, 0, 0, 48704, 97887
2026/07/08 16:22:40.721, 1, 0, 48104, 97887
2026/07/08 16:22:40.735, 2, 0, 48104, 97887
2026/07/08 16:22:40.751, 3, 0, 48104, 97887
2026/07/08 16:22:40.767, 4, 92, 75578, 97887
2026/07/08 16:22:40.781, 5, 40, 75578, 97887
2026/07/08 16:22:40.795, 6, 91, 75564, 97887
2026/07/08 16:22:40.813, 7, 34, 75564, 97887
2026/07/08 16:22:41.831, 0, 0, 48704, 97887
2026/07/08 16:22:41.848, 1, 0, 48104, 97887
2026/07/08 16:22:41.864, 2, 0, 48104, 97887
2026/07/08 16:22:41.879, 3, 0, 48104, 97887
2026/07/08 16:22:41.898, 4, 51, 75578, 97887
2026/07/08 16:22:41.912, 5, 20, 75578, 97887
2026/07/08 16:22:41.927, 6, 82, 75564, 97887
2026/07/08 16:22:41.941, 7, 40, 75564, 97887
2026/07/08 16:22:42.960, 0, 0, 48704, 97887
2026/07/08 16:22:42.978, 1, 0, 48104, 97887
2026/07/08 16:22:42.995, 2, 0, 48104, 97887
2026/07/08 16:22:43.012, 3, 0, 48104, 97887
2026/07/08 16:22:43.029, 4, 94, 75578, 97887
2026/07/08 16:22:43.047, 5, 42, 75578, 97887
2026/07/08 16:22:43.064, 6, 93, 75564, 97887
2026/07/08 16:22:43.082, 7, 37, 75564, 97887
2026/07/08 16:22:44.101, 0, 0, 48704, 97887
2026/07/08 16:22:44.114, 1, 0, 48104, 97887
2026/07/08 16:22:44.129, 2, 0, 48104, 97887
2026/07/08 16:22:44.145, 3, 0, 48104, 97887
2026/07/08 16:22:44.160, 4, 89, 75578, 97887
2026/07/08 16:22:44.179, 5, 41, 75578, 97887
2026/07/08 16:22:44.197, 6, 95, 75564, 97887
2026/07/08 16:22:44.213, 7, 35, 75564, 97887
2026/07/08 16:22:45.231, 0, 0, 48704, 97887
2026/07/08 16:22:45.252, 1, 0, 48104, 97887
2026/07/08 16:22:45.271, 2, 0, 48104, 97887
2026/07/08 16:22:45.288, 3, 0, 48104, 97887
2026/07/08 16:22:45.305, 4, 87, 75578, 97887
2026/07/08 16:22:45.323, 5, 100, 75578, 97887
2026/07/08 16:22:45.338, 6, 93, 75564, 97887
2026/07/08 16:22:45.354, 7, 42, 75564, 97887
2026/07/08 16:22:46.371, 0, 0, 48704, 97887
2026/07/08 16:22:46.388, 1, 0, 48104, 97887
2026/07/08 16:22:46.405, 2, 0, 48104, 97887
2026/07/08 16:22:46.424, 3, 0, 48104, 97887
2026/07/08 16:22:46.443, 4, 93, 75578, 97887
2026/07/08 16:22:46.461, 5, 51, 75578, 97887
2026/07/08 16:22:46.480, 6, 92, 75564, 97887
2026/07/08 16:22:46.497, 7, 38, 75564, 97887
2026/07/08 16:22:47.512, 0, 0, 48704, 97887
2026/07/08 16:22:47.528, 1, 0, 48104, 97887
2026/07/08 16:22:47.543, 2, 0, 48104, 97887
2026/07/08 16:22:47.560, 3, 0, 48104, 97887
2026/07/08 16:22:47.575, 4, 95, 75578, 97887
2026/07/08 16:22:47.593, 5, 40, 75578, 97887
2026/07/08 16:22:47.632, 6, 89, 75564, 97887
2026/07/08 16:22:47.651, 7, 33, 75564, 97887
2026/07/08 16:22:48.667, 0, 0, 48704, 97887
2026/07/08 16:22:48.683, 1, 0, 48104, 97887
2026/07/08 16:22:48.700, 2, 0, 48104, 97887
2026/07/08 16:22:48.717, 3, 0, 48104, 97887
2026/07/08 16:22:48.734, 4, 93, 75578, 97887
2026/07/08 16:22:48.751, 5, 42, 75578, 97887
2026/07/08 16:22:48.767, 6, 90, 75564, 97887
2026/07/08 16:22:48.783, 7, 35, 75564, 97887
2026/07/08 16:22:49.795, 0, 0, 48704, 97887
2026/07/08 16:22:49.815, 1, 0, 48104, 97887
2026/07/08 16:22:49.834, 2, 0, 48104, 97887
2026/07/08 16:22:49.853, 3, 0, 48104, 97887
2026/07/08 16:22:49.868, 4, 95, 75578, 97887
2026/07/08 16:22:49.881, 5, 36, 75578, 97887
2026/07/08 16:22:49.891, 6, 86, 75564, 97887
2026/07/08 16:22:49.905, 7, 28, 75564, 97887
2026/07/08 16:22:50.925, 0, 0, 48704, 97887
2026/07/08 16:22:50.940, 1, 0, 48104, 97887
2026/07/08 16:22:50.954, 2, 0, 48104, 97887
2026/07/08 16:22:50.969, 3, 0, 48104, 97887
2026/07/08 16:22:50.986, 4, 85, 75580, 97887
2026/07/08 16:22:51.004, 5, 98, 75578, 97887
2026/07/08 16:22:51.022, 6, 95, 75564, 97887
2026/07/08 16:22:51.037, 7, 41, 75564, 97887
2026/07/08 16:22:52.052, 0, 0, 48704, 97887
2026/07/08 16:22:52.066, 1, 0, 48104, 97887
2026/07/08 16:22:52.082, 2, 0, 48104, 97887
2026/07/08 16:22:52.095, 3, 0, 48104, 97887
2026/07/08 16:22:52.106, 4, 95, 75580, 97887
2026/07/08 16:22:52.118, 5, 46, 75578, 97887
2026/07/08 16:22:52.130, 6, 85, 75564, 97887
2026/07/08 16:22:52.141, 7, 49, 75564, 97887
2026/07/08 16:22:53.156, 0, 0, 48704, 97887
2026/07/08 16:22:53.171, 1, 0, 48104, 97887
2026/07/08 16:22:53.185, 2, 0, 48104, 97887
2026/07/08 16:22:53.203, 3, 0, 48104, 97887
2026/07/08 16:22:53.224, 4, 100, 75580, 97887
2026/07/08 16:22:53.243, 5, 77, 75578, 97887
2026/07/08 16:22:53.261, 6, 96, 75564, 97887
2026/07/08 16:22:53.283, 7, 36, 75564, 97887
2026/07/08 16:22:54.304, 0, 0, 48704, 97887
2026/07/08 16:22:54.319, 1, 0, 48104, 97887
2026/07/08 16:22:54.331, 2, 0, 48104, 97887
2026/07/08 16:22:54.343, 3, 0, 48104, 97887
2026/07/08 16:22:54.353, 4, 57, 75580, 97887
2026/07/08 16:22:54.364, 5, 65, 75578, 97887
2026/07/08 16:22:54.376, 6, 92, 75564, 97887
2026/07/08 16:22:54.392, 7, 38, 75564, 97887
2026/07/08 16:22:55.407, 0, 0, 48704, 97887
2026/07/08 16:22:55.423, 1, 0, 48104, 97887
2026/07/08 16:22:55.437, 2, 0, 48104, 97887
2026/07/08 16:22:55.452, 3, 0, 48104, 97887
2026/07/08 16:22:55.465, 4, 50, 75580, 97887
2026/07/08 16:22:55.480, 5, 80, 75578, 97887
2026/07/08 16:22:55.495, 6, 89, 75564, 97887
2026/07/08 16:22:55.510, 7, 39, 75566, 97887
2026/07/08 16:22:56.525, 0, 0, 48704, 97887
2026/07/08 16:22:56.536, 1, 0, 48104, 97887
2026/07/08 16:22:56.551, 2, 0, 48104, 97887
2026/07/08 16:22:56.564, 3, 0, 48104, 97887
2026/07/08 16:22:56.577, 4, 42, 75580, 97887
2026/07/08 16:22:56.592, 5, 86, 75578, 97887
2026/07/08 16:22:56.611, 6, 100, 75564, 97887
2026/07/08 16:22:56.629, 7, 85, 75566, 97887
2026/07/08 16:22:57.644, 0, 0, 48704, 97887
2026/07/08 16:22:57.658, 1, 0, 48104, 97887
2026/07/08 16:22:57.673, 2, 0, 48104, 97887
2026/07/08 16:22:57.688, 3, 0, 48104, 97887
2026/07/08 16:22:57.706, 4, 68, 75580, 97887
2026/07/08 16:22:57.719, 5, 76, 75578, 97887
2026/07/08 16:22:57.733, 6, 88, 75564, 97887
2026/07/08 16:22:57.745, 7, 73, 75566, 97887
2026/07/08 16:22:58.760, 0, 0, 48704, 97887
2026/07/08 16:22:58.779, 1, 0, 48104, 97887
2026/07/08 16:22:58.800, 2, 0, 48104, 97887
2026/07/08 16:22:58.818, 3, 0, 48104, 97887
2026/07/08 16:22:58.836, 4, 58, 75580, 97887
2026/07/08 16:22:58.854, 5, 76, 75578, 97887
2026/07/08 16:22:58.872, 6, 95, 75564, 97887
2026/07/08 16:22:58.888, 7, 37, 75566, 97887
2026/07/08 16:22:59.906, 0, 0, 48704, 97887
2026/07/08 16:22:59.923, 1, 0, 48104, 97887
2026/07/08 16:22:59.938, 2, 0, 48104, 97887
2026/07/08 16:22:59.953, 3, 0, 48104, 97887
2026/07/08 16:22:59.967, 4, 81, 75580, 97887
2026/07/08 16:22:59.980, 5, 64, 75578, 97887
2026/07/08 16:22:59.996, 6, 82, 75564, 97887
2026/07/08 16:23:00.014, 7, 40, 75566, 97887
2026/07/08 16:23:01.031, 0, 0, 48704, 97887
2026/07/08 16:23:01.047, 1, 0, 48104, 97887
2026/07/08 16:23:01.064, 2, 0, 48104, 97887
2026/07/08 16:23:01.083, 3, 0, 48104, 97887
2026/07/08 16:23:01.102, 4, 44, 75580, 97887
2026/07/08 16:23:01.120, 5, 79, 75578, 97887
2026/07/08 16:23:01.136, 6, 87, 75564, 97887
2026/07/08 16:23:01.154, 7, 34, 75566, 97887
2026/07/08 16:23:02.172, 0, 0, 48704, 97887
2026/07/08 16:23:02.191, 1, 0, 48104, 97887
2026/07/08 16:23:02.205, 2, 0, 48104, 97887
2026/07/08 16:23:02.220, 3, 0, 48104, 97887
2026/07/08 16:23:02.238, 4, 58, 75580, 97887
2026/07/08 16:23:02.256, 5, 86, 75578, 97887
2026/07/08 16:23:02.272, 6, 89, 75564, 97887
2026/07/08 16:23:02.290, 7, 34, 75566, 97887
2026/07/08 16:23:03.306, 0, 0, 48704, 97887
2026/07/08 16:23:03.323, 1, 0, 48104, 97887
2026/07/08 16:23:03.339, 2, 0, 48104, 97887
2026/07/08 16:23:03.356, 3, 0, 48104, 97887
2026/07/08 16:23:03.372, 4, 49, 75580, 97887
2026/07/08 16:23:03.389, 5, 80, 75578, 97887
2026/07/08 16:23:03.406, 6, 92, 75564, 97887
2026/07/08 16:23:03.423, 7, 35, 75566, 97887
2026/07/08 16:23:04.440, 0, 0, 48704, 97887
2026/07/08 16:23:04.454, 1, 0, 48104, 97887
2026/07/08 16:23:04.469, 2, 0, 48104, 97887
2026/07/08 16:23:04.485, 3, 0, 48104, 97887
2026/07/08 16:23:04.501, 4, 51, 75580, 97887
2026/07/08 16:23:04.518, 5, 90, 75578, 97887
2026/07/08 16:23:04.534, 6, 95, 75564, 97887
2026/07/08 16:23:04.548, 7, 37, 75566, 97887
2026/07/08 16:23:05.563, 0, 0, 48704, 97887
2026/07/08 16:23:05.579, 1, 0, 48104, 97887
2026/07/08 16:23:05.595, 2, 0, 48104, 97887
2026/07/08 16:23:05.611, 3, 0, 48104, 97887
2026/07/08 16:23:05.628, 4, 54, 75580, 97887
2026/07/08 16:23:05.643, 5, 65, 75578, 97887
2026/07/08 16:23:05.659, 6, 90, 75564, 97887
2026/07/08 16:23:05.673, 7, 37, 75566, 97887
2026/07/08 16:23:06.687, 0, 0, 48704, 97887
2026/07/08 16:23:06.704, 1, 0, 48104, 97887
2026/07/08 16:23:06.720, 2, 0, 48104, 97887
2026/07/08 16:23:06.735, 3, 0, 48104, 97887
2026/07/08 16:23:06.750, 4, 40, 75580, 97887
2026/07/08 16:23:06.763, 5, 82, 75578, 97887
2026/07/08 16:23:06.776, 6, 85, 75564, 97887
2026/07/08 16:23:06.790, 7, 33, 75566, 97887
2026/07/08 16:23:07.805, 0, 0, 48704, 97887
2026/07/08 16:23:07.826, 1, 0, 48104, 97887
2026/07/08 16:23:07.845, 2, 0, 48104, 97887
2026/07/08 16:23:07.863, 3, 0, 48104, 97887
2026/07/08 16:23:07.883, 4, 64, 75580, 97887
2026/07/08 16:23:07.903, 5, 80, 75578, 97887
2026/07/08 16:23:07.919, 6, 88, 75564, 97887
2026/07/08 16:23:07.936, 7, 37, 75566, 97887
2026/07/08 16:23:08.954, 0, 0, 48704, 97887
2026/07/08 16:23:08.973, 1, 0, 48104, 97887
2026/07/08 16:23:08.990, 2, 0, 48104, 97887
2026/07/08 16:23:09.009, 3, 0, 48104, 97887
2026/07/08 16:23:09.027, 4, 54, 75580, 97887
2026/07/08 16:23:09.044, 5, 82, 75578, 97887
2026/07/08 16:23:09.061, 6, 87, 75566, 97887
2026/07/08 16:23:09.078, 7, 34, 75566, 97887
2026/07/08 16:23:10.093, 0, 0, 48704, 97887
2026/07/08 16:23:10.109, 1, 0, 48104, 97887
2026/07/08 16:23:10.126, 2, 0, 48104, 97887
2026/07/08 16:23:10.143, 3, 0, 48104, 97887
2026/07/08 16:23:10.158, 4, 37, 75580, 97887
2026/07/08 16:23:10.176, 5, 59, 75578, 97887
2026/07/08 16:23:10.192, 6, 92, 75566, 97887
2026/07/08 16:23:10.206, 7, 37, 75566, 97887
2026/07/08 16:23:11.222, 0, 0, 48704, 97887
2026/07/08 16:23:11.241, 1, 0, 48104, 97887
2026/07/08 16:23:11.259, 2, 0, 48104, 97887
2026/07/08 16:23:11.278, 3, 0, 48104, 97887
2026/07/08 16:23:11.296, 4, 66, 75580, 97887
2026/07/08 16:23:11.314, 5, 77, 75578, 97887
2026/07/08 16:23:11.332, 6, 79, 75566, 97887
2026/07/08 16:23:11.349, 7, 35, 75566, 97887
2026/07/08 16:23:12.369, 0, 0, 48704, 97887
2026/07/08 16:23:12.388, 1, 0, 48104, 97887
2026/07/08 16:23:12.407, 2, 0, 48104, 97887
2026/07/08 16:23:12.426, 3, 0, 48104, 97887
2026/07/08 16:23:12.445, 4, 73, 75580, 97887
2026/07/08 16:23:12.464, 5, 94, 75578, 97887
2026/07/08 16:23:12.482, 6, 81, 75566, 97887
2026/07/08 16:23:12.501, 7, 28, 75566, 97887
2026/07/08 16:23:13.517, 0, 0, 48704, 97887
2026/07/08 16:23:13.532, 1, 0, 48104, 97887
2026/07/08 16:23:13.550, 2, 0, 48104, 97887
2026/07/08 16:23:13.565, 3, 0, 48104, 97887
2026/07/08 16:23:13.580, 4, 47, 75580, 97887
2026/07/08 16:23:13.597, 5, 80, 75578, 97887
2026/07/08 16:23:13.613, 6, 54, 75566, 97887
2026/07/08 16:23:13.629, 7, 36, 75566, 97887
2026/07/08 16:23:14.647, 0, 0, 48704, 97887
2026/07/08 16:23:14.664, 1, 0, 48104, 97887
2026/07/08 16:23:14.681, 2, 0, 48104, 97887
2026/07/08 16:23:14.696, 3, 0, 48104, 97887
2026/07/08 16:23:14.709, 4, 41, 75580, 97887
2026/07/08 16:23:14.722, 5, 80, 75578, 97887
2026/07/08 16:23:14.737, 6, 92, 75566, 97887
2026/07/08 16:23:14.757, 7, 99, 75566, 97887
2026/07/08 16:23:15.773, 0, 0, 48704, 97887
2026/07/08 16:23:15.789, 1, 0, 48104, 97887
2026/07/08 16:23:15.801, 2, 0, 48104, 97887
2026/07/08 16:23:15.818, 3, 0, 48104, 97887
2026/07/08 16:23:15.835, 4, 76, 75580, 97887
2026/07/08 16:23:15.853, 5, 67, 75578, 97887
2026/07/08 16:23:15.870, 6, 96, 75566, 97887
2026/07/08 16:23:15.887, 7, 33, 75566, 97887
2026/07/08 16:23:16.903, 0, 0, 48704, 97887
2026/07/08 16:23:16.918, 1, 0, 48104, 97887
2026/07/08 16:23:16.933, 2, 0, 48104, 97887
2026/07/08 16:23:16.946, 3, 0, 48104, 97887
2026/07/08 16:23:16.964, 4, 54, 75580, 97887
2026/07/08 16:23:16.977, 5, 83, 75578, 97887
2026/07/08 16:23:16.990, 6, 95, 75566, 97887
2026/07/08 16:23:17.003, 7, 31, 75566, 97887
2026/07/08 16:23:18.018, 0, 0, 48704, 97887
2026/07/08 16:23:18.033, 1, 0, 48104, 97887
2026/07/08 16:23:18.050, 2, 0, 48104, 97887
2026/07/08 16:23:18.059, 3, 0, 48104, 97887
2026/07/08 16:23:18.065, 4, 87, 75580, 97887
2026/07/08 16:23:18.077, 5, 61, 75578, 97887
2026/07/08 16:23:18.092, 6, 84, 75566, 97887
2026/07/08 16:23:18.105, 7, 39, 75566, 97887
2026/07/08 16:23:19.120, 0, 0, 48704, 97887
2026/07/08 16:23:19.129, 1, 0, 48104, 97887
2026/07/08 16:23:19.138, 2, 0, 48104, 97887
2026/07/08 16:23:19.152, 3, 0, 48104, 97887
2026/07/08 16:23:19.166, 4, 62, 75580, 97887
2026/07/08 16:23:19.181, 5, 91, 75578, 97887
2026/07/08 16:23:19.194, 6, 96, 75566, 97887
2026/07/08 16:23:19.205, 7, 33, 75566, 97887
2026/07/08 16:23:20.215, 0, 0, 48704, 97887
2026/07/08 16:23:20.224, 1, 0, 48104, 97887
2026/07/08 16:23:20.234, 2, 0, 48104, 97887
2026/07/08 16:23:20.251, 3, 0, 48104, 97887
2026/07/08 16:23:20.269, 4, 44, 75580, 97887
2026/07/08 16:23:20.285, 5, 94, 75578, 97887
2026/07/08 16:23:20.302, 6, 73, 75566, 97887
2026/07/08 16:23:20.319, 7, 35, 75566, 97887
2026/07/08 16:23:21.337, 0, 0, 48704, 97887
2026/07/08 16:23:21.356, 1, 0, 48104, 97887
2026/07/08 16:23:21.373, 2, 0, 48104, 97887
2026/07/08 16:23:21.390, 3, 0, 48104, 97887
2026/07/08 16:23:21.406, 4, 48, 75580, 97887
2026/07/08 16:23:21.423, 5, 70, 75580, 97887
2026/07/08 16:23:21.439, 6, 88, 75566, 97887
2026/07/08 16:23:21.455, 7, 25, 75566, 97887
2026/07/08 16:23:22.475, 0, 0, 48704, 97887
2026/07/08 16:23:22.491, 1, 0, 48104, 97887
2026/07/08 16:23:22.507, 2, 0, 48104, 97887
2026/07/08 16:23:22.520, 3, 0, 48104, 97887
2026/07/08 16:23:22.531, 4, 74, 75580, 97887
2026/07/08 16:23:22.547, 5, 44, 75580, 97887
2026/07/08 16:23:22.561, 6, 86, 75566, 97887
2026/07/08 16:23:22.573, 7, 34, 75566, 97887
2026/07/08 16:23:23.581, 0, 0, 48704, 97887
2026/07/08 16:23:23.593, 1, 0, 48104, 97887
2026/07/08 16:23:23.605, 2, 0, 48104, 97887
2026/07/08 16:23:23.620, 3, 0, 48104, 97887
2026/07/08 16:23:23.637, 4, 36, 75580, 97887
2026/07/08 16:23:23.653, 5, 55, 75580, 97887
2026/07/08 16:23:23.669, 6, 61, 75566, 97887
2026/07/08 16:23:23.685, 7, 60, 75566, 97887
2026/07/08 16:23:24.702, 0, 0, 48704, 97887
2026/07/08 16:23:24.718, 1, 0, 48104, 97887
2026/07/08 16:23:24.734, 2, 0, 48104, 97887
2026/07/08 16:23:24.749, 3, 0, 48104, 97887
2026/07/08 16:23:24.766, 4, 3, 75580, 97887
2026/07/08 16:23:24.780, 5, 3, 75580, 97887
2026/07/08 16:23:24.794, 6, 88, 75566, 97887
2026/07/08 16:23:24.809, 7, 26, 75566, 97887
2026/07/08 16:23:25.824, 0, 0, 48704, 97887
2026/07/08 16:23:25.840, 1, 0, 48104, 97887
2026/07/08 16:23:25.872, 2, 0, 48104, 97887
2026/07/08 16:23:25.888, 3, 0, 48104, 97887
2026/07/08 16:23:25.901, 4, 73, 75580, 97887
2026/07/08 16:23:25.922, 5, 67, 75580, 97887
2026/07/08 16:23:25.935, 6, 96, 75566, 97887
2026/07/08 16:23:25.952, 7, 31, 75566, 97887
2026/07/08 16:23:26.965, 0, 0, 48704, 97887
2026/07/08 16:23:26.980, 1, 0, 48104, 97887
2026/07/08 16:23:26.994, 2, 0, 48104, 97887
2026/07/08 16:23:27.007, 3, 0, 48104, 97887
2026/07/08 16:23:27.020, 4, 53, 75580, 97887
2026/07/08 16:23:27.032, 5, 79, 75580, 97887
2026/07/08 16:23:27.043, 6, 82, 75566, 97887
2026/07/08 16:23:27.055, 7, 30, 75566, 97887
2026/07/08 16:23:28.069, 0, 0, 48704, 97887
2026/07/08 16:23:28.082, 1, 0, 48104, 97887
2026/07/08 16:23:28.095, 2, 0, 48104, 97887
2026/07/08 16:23:28.109, 3, 0, 48104, 97887
2026/07/08 16:23:28.123, 4, 100, 75580, 97887
2026/07/08 16:23:28.136, 5, 34, 75580, 97887
2026/07/08 16:23:28.150, 6, 94, 75566, 97887
2026/07/08 16:23:28.168, 7, 33, 75566, 97887
2026/07/08 16:23:29.187, 0, 0, 48704, 97887
2026/07/08 16:23:29.198, 1, 0, 48104, 97887
2026/07/08 16:23:29.211, 2, 0, 48104, 97887
2026/07/08 16:23:29.223, 3, 0, 48104, 97887
2026/07/08 16:23:29.236, 4, 49, 75580, 97887
2026/07/08 16:23:29.249, 5, 63, 75580, 97887
2026/07/08 16:23:29.265, 6, 92, 75566, 97887
2026/07/08 16:23:29.278, 7, 32, 75566, 97887
2026/07/08 16:23:30.290, 0, 0, 48704, 97887
2026/07/08 16:23:30.305, 1, 0, 48104, 97887
2026/07/08 16:23:30.316, 2, 0, 48104, 97887
2026/07/08 16:23:30.330, 3, 0, 48104, 97887
2026/07/08 16:23:30.345, 4, 37, 75580, 97887
2026/07/08 16:23:30.360, 5, 83, 75580, 97887
2026/07/08 16:23:30.374, 6, 92, 75566, 97887
2026/07/08 16:23:30.390, 7, 34, 75566, 97887
2026/07/08 16:23:31.404, 0, 0, 48704, 97887
2026/07/08 16:23:31.419, 1, 0, 48104, 97887
2026/07/08 16:23:31.437, 2, 0, 48104, 97887
2026/07/08 16:23:31.454, 3, 0, 48104, 97887
2026/07/08 16:23:31.471, 4, 51, 75580, 97887
2026/07/08 16:23:31.490, 5, 76, 75580, 97887
2026/07/08 16:23:31.505, 6, 90, 75566, 97887
2026/07/08 16:23:31.515, 7, 38, 75566, 97887
2026/07/08 16:23:32.525, 0, 0, 48704, 97887
2026/07/08 16:23:32.534, 1, 0, 48104, 97887
2026/07/08 16:23:32.546, 2, 0, 48104, 97887
2026/07/08 16:23:32.555, 3, 0, 48104, 97887
2026/07/08 16:23:32.562, 4, 53, 75580, 97887
2026/07/08 16:23:32.567, 5, 63, 75580, 97887
2026/07/08 16:23:32.573, 6, 92, 75566, 97887
2026/07/08 16:23:32.582, 7, 20, 75566, 97887
2026/07/08 16:23:33.590, 0, 0, 48704, 97887
2026/07/08 16:23:33.602, 1, 0, 48104, 97887
2026/07/08 16:23:33.615, 2, 0, 48104, 97887
2026/07/08 16:23:33.629, 3, 0, 48104, 97887
2026/07/08 16:23:33.643, 4, 70, 75580, 97887
2026/07/08 16:23:33.655, 5, 63, 75580, 97887
2026/07/08 16:23:33.667, 6, 90, 75566, 97887
2026/07/08 16:23:33.679, 7, 40, 75566, 97887
2026/07/08 16:23:34.694, 0, 0, 48704, 97887
2026/07/08 16:23:34.713, 1, 0, 48104, 97887
2026/07/08 16:23:34.730, 2, 0, 48104, 97887
2026/07/08 16:23:34.744, 3, 0, 48104, 97887
2026/07/08 16:23:34.760, 4, 87, 75580, 97887
2026/07/08 16:23:34.777, 5, 35, 75580, 97887
2026/07/08 16:23:34.794, 6, 93, 75566, 97887
2026/07/08 16:23:34.811, 7, 26, 75566, 97887
2026/07/08 16:23:35.828, 0, 0, 48704, 97887
2026/07/08 16:23:35.843, 1, 0, 48104, 97887
2026/07/08 16:23:35.857, 2, 0, 48104, 97887
2026/07/08 16:23:35.874, 3, 0, 48104, 97887
2026/07/08 16:23:35.889, 4, 59, 75580, 97887
2026/07/08 16:23:35.902, 5, 85, 75580, 97887
2026/07/08 16:23:35.913, 6, 92, 75566, 97887
2026/07/08 16:23:35.925, 7, 32, 75566, 97887
2026/07/08 16:23:36.940, 0, 0, 48704, 97887
2026/07/08 16:23:36.956, 1, 0, 48104, 97887
2026/07/08 16:23:36.973, 2, 0, 48104, 97887
2026/07/08 16:23:36.986, 3, 0, 48104, 97887
2026/07/08 16:23:36.999, 4, 52, 75580, 97887
2026/07/08 16:23:37.011, 5, 79, 75580, 97887
2026/07/08 16:23:37.022, 6, 82, 75566, 97887
2026/07/08 16:23:37.036, 7, 35, 75566, 97887
2026/07/08 16:23:38.048, 0, 0, 48704, 97887
2026/07/08 16:23:38.058, 1, 0, 48104, 97887
2026/07/08 16:23:38.070, 2, 0, 48104, 97887
2026/07/08 16:23:38.079, 3, 0, 48104, 97887
2026/07/08 16:23:38.091, 4, 82, 75580, 97887
2026/07/08 16:23:38.103, 5, 40, 75580, 97887
2026/07/08 16:23:38.114, 6, 89, 75566, 97887
2026/07/08 16:23:38.129, 7, 70, 75566, 97887
2026/07/08 16:23:39.140, 0, 0, 48704, 97887
2026/07/08 16:23:39.156, 1, 0, 48104, 97887
2026/07/08 16:23:39.167, 2, 0, 48104, 97887
2026/07/08 16:23:39.180, 3, 0, 48104, 97887
2026/07/08 16:23:39.192, 4, 54, 75580, 97887
2026/07/08 16:23:39.205, 5, 65, 75580, 97887
2026/07/08 16:23:39.219, 6, 94, 75566, 97887
2026/07/08 16:23:39.232, 7, 30, 75566, 97887
2026/07/08 16:23:40.246, 0, 0, 48704, 97887
2026/07/08 16:23:40.260, 1, 0, 48104, 97887
2026/07/08 16:23:40.274, 2, 0, 48104, 97887
2026/07/08 16:23:40.286, 3, 0, 48104, 97887
2026/07/08 16:23:40.300, 4, 46, 75580, 97887
2026/07/08 16:23:40.311, 5, 73, 75580, 97887
2026/07/08 16:23:40.324, 6, 95, 75566, 97887
2026/07/08 16:23:40.335, 7, 34, 75566, 97887
2026/07/08 16:23:41.347, 0, 0, 48704, 97887
2026/07/08 16:23:41.365, 1, 0, 48104, 97887
2026/07/08 16:23:41.383, 2, 0, 48104, 97887
2026/07/08 16:23:41.401, 3, 0, 48104, 97887
2026/07/08 16:23:41.419, 4, 46, 75580, 97887
2026/07/08 16:23:41.434, 5, 82, 75580, 97887
2026/07/08 16:23:41.450, 6, 94, 75566, 97887
2026/07/08 16:23:41.467, 7, 27, 75566, 97887
2026/07/08 16:23:42.486, 0, 0, 48704, 97887
2026/07/08 16:23:42.502, 1, 0, 48104, 97887
2026/07/08 16:23:42.517, 2, 0, 48104, 97887
2026/07/08 16:23:42.530, 3, 0, 48104, 97887
2026/07/08 16:23:42.542, 4, 50, 75580, 97887
2026/07/08 16:23:42.554, 5, 89, 75580, 97887
2026/07/08 16:23:42.561, 6, 93, 75566, 97887
2026/07/08 16:23:42.570, 7, 26, 75566, 97887
2026/07/08 16:23:43.580, 0, 0, 48704, 97887
2026/07/08 16:23:43.594, 1, 0, 48104, 97887
2026/07/08 16:23:43.607, 2, 0, 48104, 97887
2026/07/08 16:23:43.622, 3, 0, 48104, 97887
2026/07/08 16:23:43.636, 4, 34, 75580, 97887
2026/07/08 16:23:43.651, 5, 86, 75580, 97887
2026/07/08 16:23:43.664, 6, 94, 75566, 97887
2026/07/08 16:23:43.674, 7, 28, 75566, 97887
2026/07/08 16:23:44.688, 0, 0, 48704, 97887
2026/07/08 16:23:44.705, 1, 0, 48104, 97887
2026/07/08 16:23:44.723, 2, 0, 48104, 97887
2026/07/08 16:23:44.739, 3, 0, 48104, 97887
2026/07/08 16:23:44.756, 4, 64, 75580, 97887
2026/07/08 16:23:44.771, 5, 88, 75580, 97887
2026/07/08 16:23:44.785, 6, 96, 75566, 97887
2026/07/08 16:23:44.802, 7, 36, 75566, 97887
2026/07/08 16:23:45.819, 0, 0, 48704, 97887
2026/07/08 16:23:45.838, 1, 0, 48104, 97887
2026/07/08 16:23:45.853, 2, 0, 48104, 97887
2026/07/08 16:23:45.869, 3, 0, 48104, 97887
2026/07/08 16:23:45.881, 4, 47, 75580, 97887
2026/07/08 16:23:45.894, 5, 91, 75580, 97887
2026/07/08 16:23:45.909, 6, 82, 75566, 97887
2026/07/08 16:23:45.928, 7, 38, 75566, 97887
2026/07/08 16:23:46.943, 0, 0, 48704, 97887
2026/07/08 16:23:46.956, 1, 0, 48104, 97887
2026/07/08 16:23:46.967, 2, 0, 48104, 97887
2026/07/08 16:23:46.979, 3, 0, 48104, 97887
2026/07/08 16:23:46.991, 4, 79, 75580, 97887
2026/07/08 16:23:47.006, 5, 66, 75580, 97887
2026/07/08 16:23:47.020, 6, 96, 75566, 97887
2026/07/08 16:23:47.034, 7, 40, 75566, 97887
2026/07/08 16:23:48.048, 0, 0, 48704, 97887
2026/07/08 16:23:48.057, 1, 0, 48104, 97887
2026/07/08 16:23:48.066, 2, 0, 48104, 97887
2026/07/08 16:23:48.077, 3, 0, 48104, 97887
2026/07/08 16:23:48.088, 4, 59, 75580, 97887
2026/07/08 16:23:48.098, 5, 77, 75580, 97887
2026/07/08 16:23:48.113, 6, 92, 75566, 97887
2026/07/08 16:23:48.125, 7, 40, 75566, 97887
2026/07/08 16:23:49.136, 0, 0, 48704, 97887
2026/07/08 16:23:49.149, 1, 0, 48104, 97887
2026/07/08 16:23:49.161, 2, 0, 48104, 97887
2026/07/08 16:23:49.174, 3, 0, 48104, 97887
2026/07/08 16:23:49.188, 4, 64, 75580, 97887
2026/07/08 16:23:49.202, 5, 75, 75580, 97887
2026/07/08 16:23:49.214, 6, 91, 75566, 97887
2026/07/08 16:23:49.223, 7, 36, 75566, 97887
2026/07/08 16:23:50.236, 0, 0, 48704, 97887
2026/07/08 16:23:50.251, 1, 0, 48104, 97887
2026/07/08 16:23:50.265, 2, 0, 48104, 97887
2026/07/08 16:23:50.280, 3, 0, 48104, 97887
2026/07/08 16:23:50.296, 4, 52, 75580, 97887
2026/07/08 16:23:50.311, 5, 75, 75580, 97887
2026/07/08 16:23:50.325, 6, 87, 75566, 97887
2026/07/08 16:23:50.338, 7, 31, 75566, 97887
2026/07/08 16:23:51.352, 0, 0, 48704, 97887
2026/07/08 16:23:51.371, 1, 0, 48104, 97887
2026/07/08 16:23:51.387, 2, 0, 48104, 97887
2026/07/08 16:23:51.405, 3, 0, 48104, 97887
2026/07/08 16:23:51.422, 4, 43, 75580, 97887
2026/07/08 16:23:51.441, 5, 55, 75580, 97887
2026/07/08 16:23:51.456, 6, 81, 75566, 97887
2026/07/08 16:23:51.474, 7, 32, 75566, 97887
2026/07/08 16:23:52.491, 0, 0, 48704, 97887
2026/07/08 16:23:52.508, 1, 0, 48104, 97887
2026/07/08 16:23:52.518, 2, 0, 48104, 97887
2026/07/08 16:23:52.527, 3, 0, 48104, 97887
2026/07/08 16:23:52.536, 4, 57, 75580, 97887
2026/07/08 16:23:52.545, 5, 68, 75580, 97887
2026/07/08 16:23:52.557, 6, 92, 75566, 97887
2026/07/08 16:23:52.566, 7, 26, 75566, 97887
2026/07/08 16:23:53.574, 0, 0, 48704, 97887
2026/07/08 16:23:53.587, 1, 0, 48104, 97887
2026/07/08 16:23:53.605, 2, 0, 48104, 97887
2026/07/08 16:23:53.621, 3, 0, 48104, 97887
2026/07/08 16:23:53.637, 4, 18, 75580, 97887
2026/07/08 16:23:53.653, 5, 21, 75580, 97887
2026/07/08 16:23:53.667, 6, 91, 75566, 97887
2026/07/08 16:23:53.687, 7, 27, 75566, 97887
2026/07/08 16:23:54.701, 0, 0, 48704, 97887
2026/07/08 16:23:54.713, 1, 0, 48104, 97887
2026/07/08 16:23:54.726, 2, 0, 48104, 97887
2026/07/08 16:23:54.737, 3, 0, 48104, 97887
2026/07/08 16:23:54.750, 4, 56, 75580, 97887
2026/07/08 16:23:54.763, 5, 70, 75580, 97887
2026/07/08 16:23:54.779, 6, 96, 75566, 97887
2026/07/08 16:23:54.791, 7, 40, 75566, 97887
2026/07/08 16:23:55.803, 0, 0, 48704, 97887
2026/07/08 16:23:55.823, 1, 0, 48104, 97887
2026/07/08 16:23:55.836, 2, 0, 48104, 97887
2026/07/08 16:23:55.850, 3, 0, 48104, 97887
2026/07/08 16:23:55.865, 4, 100, 75580, 97887
2026/07/08 16:23:55.878, 5, 100, 75580, 97887
2026/07/08 16:23:55.891, 6, 94, 75566, 97887
2026/07/08 16:23:55.899, 7, 42, 75566, 97887
2026/07/08 16:23:56.912, 0, 0, 48704, 97887
2026/07/08 16:23:56.929, 1, 0, 48104, 97887
2026/07/08 16:23:56.943, 2, 0, 48104, 97887
2026/07/08 16:23:56.959, 3, 0, 48104, 97887
2026/07/08 16:23:56.975, 4, 76, 75580, 97887
2026/07/08 16:23:56.989, 5, 37, 75580, 97887
2026/07/08 16:23:57.004, 6, 61, 75566, 97887
2026/07/08 16:23:57.016, 7, 34, 75566, 97887
2026/07/08 16:23:58.031, 0, 0, 48704, 97887
2026/07/08 16:23:58.045, 1, 0, 48104, 97887
2026/07/08 16:23:58.059, 2, 0, 48104, 97887
2026/07/08 16:23:58.075, 3, 0, 48104, 97887
2026/07/08 16:23:58.090, 4, 96, 75580, 97887
2026/07/08 16:23:58.105, 5, 56, 75580, 97887
2026/07/08 16:23:58.123, 6, 87, 75566, 97887
2026/07/08 16:23:58.139, 7, 31, 75566, 97887
2026/07/08 16:23:59.157, 0, 0, 48704, 97887
2026/07/08 16:23:59.176, 1, 0, 48104, 97887
2026/07/08 16:23:59.198, 2, 0, 48104, 97887
2026/07/08 16:23:59.217, 3, 0, 48104, 97887
2026/07/08 16:23:59.235, 4, 66, 75580, 97887
2026/07/08 16:23:59.253, 5, 46, 75580, 97887
2026/07/08 16:23:59.272, 6, 92, 75566, 97887
2026/07/08 16:23:59.290, 7, 32, 75566, 97887
2026/07/08 16:24:00.305, 0, 0, 48704, 97887
2026/07/08 16:24:00.324, 1, 0, 48104, 97887
2026/07/08 16:24:00.343, 2, 0, 48104, 97887
2026/07/08 16:24:00.362, 3, 0, 48104, 97887
2026/07/08 16:24:00.378, 4, 82, 75580, 97887
2026/07/08 16:24:00.394, 5, 44, 75580, 97887
2026/07/08 16:24:00.411, 6, 91, 75566, 97887
2026/07/08 16:24:00.429, 7, 75, 75566, 97887
2026/07/08 16:24:01.452, 0, 0, 48704, 97887
2026/07/08 16:24:01.469, 1, 0, 48104, 97887
2026/07/08 16:24:01.486, 2, 0, 48104, 97887
2026/07/08 16:24:01.503, 3, 0, 48104, 97887
2026/07/08 16:24:01.518, 4, 89, 75580, 97887
2026/07/08 16:24:01.532, 5, 59, 75580, 97887
2026/07/08 16:24:01.549, 6, 91, 75566, 97887
2026/07/08 16:24:01.569, 7, 34, 75566, 97887
2026/07/08 16:24:02.583, 0, 0, 48704, 97887
2026/07/08 16:24:02.599, 1, 0, 48104, 97887
2026/07/08 16:24:02.613, 2, 0, 48104, 97887
2026/07/08 16:24:02.629, 3, 0, 48104, 97887
2026/07/08 16:24:02.644, 4, 87, 75580, 97887
2026/07/08 16:24:02.655, 5, 55, 75580, 97887
2026/07/08 16:24:02.667, 6, 100, 75566, 97887
2026/07/08 16:24:02.680, 7, 100, 75566, 97887
2026/07/08 16:24:03.691, 0, 0, 48704, 97887
2026/07/08 16:24:03.704, 1, 0, 48104, 97887
2026/07/08 16:24:03.720, 2, 0, 48104, 97887
2026/07/08 16:24:03.734, 3, 0, 48104, 97887
2026/07/08 16:24:03.746, 4, 59, 75582, 97887
2026/07/08 16:24:03.762, 5, 86, 75580, 97887
2026/07/08 16:24:03.777, 6, 93, 75566, 97887
2026/07/08 16:24:03.793, 7, 29, 75566, 97887
2026/07/08 16:24:04.810, 0, 0, 48704, 97887
2026/07/08 16:24:04.826, 1, 0, 48104, 97887
2026/07/08 16:24:04.841, 2, 0, 48104, 97887
2026/07/08 16:24:04.857, 3, 0, 48104, 97887
2026/07/08 16:24:04.869, 4, 25, 75582, 97887
2026/07/08 16:24:04.883, 5, 59, 75580, 97887
2026/07/08 16:24:04.899, 6, 78, 75566, 97887
2026/07/08 16:24:04.915, 7, 47, 75566, 97887
2026/07/08 16:24:05.935, 0, 0, 48704, 97887
2026/07/08 16:24:05.950, 1, 0, 48104, 97887
2026/07/08 16:24:05.964, 2, 0, 48104, 97887
2026/07/08 16:24:05.977, 3, 0, 48104, 97887
2026/07/08 16:24:05.991, 4, 46, 75582, 97887
2026/07/08 16:24:06.004, 5, 48, 75580, 97887
2026/07/08 16:24:06.017, 6, 96, 75566, 97887
2026/07/08 16:24:06.030, 7, 38, 75566, 97887
2026/07/08 16:24:07.043, 0, 0, 48704, 97887
2026/07/08 16:24:07.059, 1, 0, 48104, 97887
2026/07/08 16:24:07.072, 2, 0, 48104, 97887
2026/07/08 16:24:07.090, 3, 0, 48104, 97887
2026/07/08 16:24:07.104, 4, 54, 75582, 97887
2026/07/08 16:24:07.121, 5, 85, 75580, 97887
2026/07/08 16:24:07.135, 6, 93, 75566, 97887
2026/07/08 16:24:07.152, 7, 34, 75566, 97887
2026/07/08 16:24:08.167, 0, 0, 48704, 97887
2026/07/08 16:24:08.182, 1, 0, 48104, 97887
2026/07/08 16:24:08.196, 2, 0, 48104, 97887
2026/07/08 16:24:08.212, 3, 0, 48104, 97887
2026/07/08 16:24:08.225, 4, 100, 75582, 97887
2026/07/08 16:24:08.238, 5, 100, 75580, 97887
2026/07/08 16:24:08.255, 6, 93, 75566, 97887
2026/07/08 16:24:08.270, 7, 44, 75566, 97887
2026/07/08 16:24:09.286, 0, 0, 48704, 97887
2026/07/08 16:24:09.304, 1, 0, 48104, 97887
2026/07/08 16:24:09.322, 2, 0, 48104, 97887
2026/07/08 16:24:09.339, 3, 0, 48104, 97887
2026/07/08 16:24:09.353, 4, 80, 75582, 97887
2026/07/08 16:24:09.365, 5, 48, 75580, 97887
2026/07/08 16:24:09.377, 6, 91, 75566, 97887
2026/07/08 16:24:09.389, 7, 34, 75566, 97887
2026/07/08 16:24:10.405, 0, 0, 48704, 97887
2026/07/08 16:24:10.422, 1, 0, 48104, 97887
2026/07/08 16:24:10.440, 2, 0, 48104, 97887
2026/07/08 16:24:10.456, 3, 0, 48104, 97887
2026/07/08 16:24:10.473, 4, 70, 75582, 97887
2026/07/08 16:24:10.491, 5, 35, 75580, 97887
2026/07/08 16:24:10.508, 6, 94, 75566, 97887
2026/07/08 16:24:10.524, 7, 28, 75566, 97887
2026/07/08 16:24:11.541, 0, 0, 48704, 97887
2026/07/08 16:24:11.559, 1, 0, 48104, 97887
2026/07/08 16:24:11.578, 2, 0, 48104, 97887
2026/07/08 16:24:11.596, 3, 0, 48104, 97887
2026/07/08 16:24:11.610, 4, 81, 75582, 97887
2026/07/08 16:24:11.625, 5, 78, 75580, 97887
2026/07/08 16:24:11.641, 6, 95, 75566, 97887
2026/07/08 16:24:11.657, 7, 32, 75566, 97887
2026/07/08 16:24:12.677, 0, 0, 48704, 97887
2026/07/08 16:24:12.694, 1, 0, 48104, 97887
2026/07/08 16:24:12.711, 2, 0, 48104, 97887
2026/07/08 16:24:12.729, 3, 0, 48104, 97887
2026/07/08 16:24:12.746, 4, 40, 75582, 97887
2026/07/08 16:24:12.762, 5, 83, 75580, 97887
2026/07/08 16:24:12.777, 6, 72, 75566, 97887
2026/07/08 16:24:12.793, 7, 34, 75566, 97887
2026/07/08 16:24:13.811, 0, 0, 48704, 97887
2026/07/08 16:24:13.832, 1, 0, 48104, 97887
2026/07/08 16:24:13.851, 2, 0, 48104, 97887
2026/07/08 16:24:13.870, 3, 0, 48104, 97887
2026/07/08 16:24:13.889, 4, 53, 75582, 97887
2026/07/08 16:24:13.911, 5, 94, 75580, 97887
2026/07/08 16:24:13.930, 6, 43, 75566, 97887
2026/07/08 16:24:13.950, 7, 86, 75566, 97887
2026/07/08 16:24:14.968, 0, 0, 48704, 97887
2026/07/08 16:24:14.981, 1, 0, 48104, 97887
2026/07/08 16:24:14.995, 2, 0, 48104, 97887
2026/07/08 16:24:15.010, 3, 0, 48104, 97887
2026/07/08 16:24:15.025, 4, 44, 75582, 97887
2026/07/08 16:24:15.040, 5, 90, 75580, 97887
2026/07/08 16:24:15.054, 6, 87, 75566, 97887
2026/07/08 16:24:15.069, 7, 41, 75566, 97887
2026/07/08 16:24:16.084, 0, 0, 48704, 97887
2026/07/08 16:24:16.098, 1, 0, 48104, 97887
2026/07/08 16:24:16.110, 2, 0, 48104, 97887
2026/07/08 16:24:16.128, 3, 0, 48104, 97887
2026/07/08 16:24:16.143, 4, 48, 75582, 97887
2026/07/08 16:24:16.160, 5, 86, 75580, 97887
2026/07/08 16:24:16.175, 6, 75, 75566, 97887
2026/07/08 16:24:16.190, 7, 28, 75566, 97887
2026/07/08 16:24:17.202, 0, 0, 48704, 97887
2026/07/08 16:24:17.218, 1, 0, 48104, 97887
2026/07/08 16:24:17.233, 2, 0, 48104, 97887
2026/07/08 16:24:17.247, 3, 0, 48104, 97887
2026/07/08 16:24:17.263, 4, 50, 75582, 97887
2026/07/08 16:24:17.280, 5, 83, 75580, 97887
2026/07/08 16:24:17.296, 6, 78, 75566, 97887
2026/07/08 16:24:17.312, 7, 42, 75566, 97887
2026/07/08 16:24:18.330, 0, 0, 48704, 97887
2026/07/08 16:24:18.343, 1, 0, 48104, 97887
2026/07/08 16:24:18.356, 2, 0, 48104, 97887
2026/07/08 16:24:18.375, 3, 0, 48104, 97887
2026/07/08 16:24:18.391, 4, 45, 75582, 97887
2026/07/08 16:24:18.408, 5, 87, 75580, 97887
2026/07/08 16:24:18.424, 6, 72, 75566, 97887
2026/07/08 16:24:18.441, 7, 36, 75566, 97887
2026/07/08 16:24:19.457, 0, 0, 48704, 97887
2026/07/08 16:24:19.474, 1, 0, 48104, 97887
2026/07/08 16:24:19.491, 2, 0, 48104, 97887
2026/07/08 16:24:19.508, 3, 0, 48104, 97887
2026/07/08 16:24:19.522, 4, 49, 75582, 97887
2026/07/08 16:24:19.537, 5, 91, 75580, 97887
2026/07/08 16:24:19.553, 6, 77, 75566, 97887
2026/07/08 16:24:19.571, 7, 41, 75566, 97887
2026/07/08 16:24:20.588, 0, 0, 48704, 97887
2026/07/08 16:24:20.604, 1, 0, 48104, 97887
2026/07/08 16:24:20.622, 2, 0, 48104, 97887
2026/07/08 16:24:20.642, 3, 0, 48104, 97887
2026/07/08 16:24:20.663, 4, 45, 75582, 97887
2026/07/08 16:24:20.679, 5, 79, 75580, 97887
2026/07/08 16:24:20.694, 6, 74, 75566, 97887
2026/07/08 16:24:20.713, 7, 35, 75566, 97887
2026/07/08 16:24:21.735, 0, 0, 48704, 97887
2026/07/08 16:24:21.749, 1, 0, 48104, 97887
2026/07/08 16:24:21.760, 2, 0, 48104, 97887
2026/07/08 16:24:21.775, 3, 0, 48104, 97887
2026/07/08 16:24:21.789, 4, 61, 75582, 97887
2026/07/08 16:24:21.801, 5, 89, 75580, 97887
2026/07/08 16:24:21.814, 6, 90, 75566, 97887
2026/07/08 16:24:21.828, 7, 56, 75566, 97887
2026/07/08 16:24:22.839, 0, 0, 48704, 97887
2026/07/08 16:24:22.858, 1, 0, 48104, 97887
2026/07/08 16:24:22.874, 2, 0, 48104, 97887
2026/07/08 16:24:22.890, 3, 0, 48104, 97887
2026/07/08 16:24:22.907, 4, 46, 75582, 97887
2026/07/08 16:24:22.924, 5, 93, 75580, 97887
2026/07/08 16:24:22.941, 6, 70, 75566, 97887
2026/07/08 16:24:22.957, 7, 74, 75566, 97887
2026/07/08 16:24:23.973, 0, 0, 48704, 97887
2026/07/08 16:24:23.987, 1, 0, 48104, 97887
2026/07/08 16:24:24.005, 2, 0, 48104, 97887
2026/07/08 16:24:24.024, 3, 0, 48104, 97887
2026/07/08 16:24:24.042, 4, 39, 75582, 97887
2026/07/08 16:24:24.055, 5, 85, 75580, 97887
2026/07/08 16:24:24.072, 6, 47, 75566, 97887
2026/07/08 16:24:24.090, 7, 63, 75566, 97887
2026/07/08 16:24:25.106, 0, 0, 48704, 97887
2026/07/08 16:24:25.120, 1, 0, 48104, 97887
2026/07/08 16:24:25.131, 2, 0, 48104, 97887
2026/07/08 16:24:25.145, 3, 0, 48104, 97887
2026/07/08 16:24:25.161, 4, 49, 75582, 97887
2026/07/08 16:24:25.182, 5, 92, 75580, 97887
2026/07/08 16:24:25.201, 6, 95, 75566, 97887
2026/07/08 16:24:25.219, 7, 37, 75566, 97887
2026/07/08 16:24:26.234, 0, 0, 48704, 97887
2026/07/08 16:24:26.247, 1, 0, 48104, 97887
2026/07/08 16:24:26.259, 2, 0, 48104, 97887
2026/07/08 16:24:26.273, 3, 0, 48104, 97887
2026/07/08 16:24:26.285, 4, 88, 75582, 97887
2026/07/08 16:24:26.297, 5, 12, 75580, 97887
2026/07/08 16:24:26.311, 6, 78, 75566, 97887
2026/07/08 16:24:26.325, 7, 39, 75566, 97887
2026/07/08 16:24:27.333, 0, 0, 48704, 97887
2026/07/08 16:24:27.349, 1, 0, 48104, 97887
2026/07/08 16:24:27.365, 2, 0, 48104, 97887
2026/07/08 16:24:27.381, 3, 0, 48104, 97887
2026/07/08 16:24:27.392, 4, 86, 75582, 97887
2026/07/08 16:24:27.407, 5, 40, 75580, 97887
2026/07/08 16:24:27.423, 6, 43, 75566, 97887
2026/07/08 16:24:27.437, 7, 39, 75568, 97887
2026/07/08 16:24:28.452, 0, 0, 48704, 97887
2026/07/08 16:24:28.467, 1, 0, 48104, 97887
2026/07/08 16:24:28.484, 2, 0, 48104, 97887
2026/07/08 16:24:28.499, 3, 0, 48104, 97887
2026/07/08 16:24:28.518, 4, 31, 75582, 97887
2026/07/08 16:24:28.533, 5, 54, 75580, 97887
2026/07/08 16:24:28.546, 6, 88, 75566, 97887
2026/07/08 16:24:28.565, 7, 39, 75568, 97887
2026/07/08 16:24:29.587, 0, 0, 48704, 97887
2026/07/08 16:24:29.599, 1, 0, 48104, 97887
2026/07/08 16:24:29.615, 2, 0, 48104, 97887
2026/07/08 16:24:29.630, 3, 0, 48104, 97887
2026/07/08 16:24:29.645, 4, 95, 75582, 97887
2026/07/08 16:24:29.657, 5, 45, 75580, 97887
2026/07/08 16:24:29.670, 6, 61, 75566, 97887
2026/07/08 16:24:29.683, 7, 63, 75568, 97887
2026/07/08 16:24:30.696, 0, 0, 48704, 97887
2026/07/08 16:24:30.712, 1, 0, 48104, 97887
2026/07/08 16:24:30.730, 2, 0, 48104, 97887
2026/07/08 16:24:30.748, 3, 0, 48104, 97887
2026/07/08 16:24:30.765, 4, 100, 75582, 97887
2026/07/08 16:24:30.782, 5, 95, 75580, 97887
2026/07/08 16:24:30.798, 6, 59, 75566, 97887
2026/07/08 16:24:30.811, 7, 75, 75568, 97887
2026/07/08 16:24:31.828, 0, 0, 48704, 97887
2026/07/08 16:24:31.848, 1, 0, 48104, 97887
2026/07/08 16:24:31.863, 2, 0, 48104, 97887
2026/07/08 16:24:31.878, 3, 0, 48104, 97887
2026/07/08 16:24:31.895, 4, 73, 75582, 97887
2026/07/08 16:24:31.913, 5, 59, 75582, 97887
2026/07/08 16:24:31.931, 6, 87, 75566, 97887
2026/07/08 16:24:31.947, 7, 36, 75568, 97887
2026/07/08 16:24:32.964, 0, 0, 48704, 97887
2026/07/08 16:24:32.982, 1, 0, 48104, 97887
2026/07/08 16:24:33.001, 2, 0, 48104, 97887
2026/07/08 16:24:33.020, 3, 0, 48104, 97887
2026/07/08 16:24:33.036, 4, 76, 75582, 97887
2026/07/08 16:24:33.054, 5, 65, 75582, 97887
2026/07/08 16:24:33.068, 6, 74, 75566, 97887
2026/07/08 16:24:33.081, 7, 40, 75568, 97887
2026/07/08 16:24:34.097, 0, 0, 48704, 97887
2026/07/08 16:24:34.105, 1, 0, 48104, 97887
2026/07/08 16:24:34.113, 2, 0, 48104, 97887
2026/07/08 16:24:34.131, 3, 0, 48104, 97887
2026/07/08 16:24:34.145, 4, 43, 75582, 97887
2026/07/08 16:24:34.161, 5, 83, 75582, 97887
2026/07/08 16:24:34.178, 6, 57, 75566, 97887
2026/07/08 16:24:34.192, 7, 69, 75568, 97887
2026/07/08 16:24:35.205, 0, 0, 48704, 97887
2026/07/08 16:24:35.222, 1, 0, 48104, 97887
2026/07/08 16:24:35.236, 2, 0, 48104, 97887
2026/07/08 16:24:35.255, 3, 0, 48104, 97887
2026/07/08 16:24:35.273, 4, 40, 75582, 97887
2026/07/08 16:24:35.291, 5, 85, 75582, 97887
2026/07/08 16:24:35.310, 6, 85, 75566, 97887
2026/07/08 16:24:35.328, 7, 38, 75568, 97887
2026/07/08 16:24:36.345, 0, 0, 48704, 97887
2026/07/08 16:24:36.362, 1, 0, 48104, 97887
2026/07/08 16:24:36.379, 2, 0, 48104, 97887
2026/07/08 16:24:36.392, 3, 0, 48104, 97887
2026/07/08 16:24:36.406, 4, 47, 75582, 97887
2026/07/08 16:24:36.424, 5, 88, 75582, 97887
2026/07/08 16:24:36.443, 6, 96, 75566, 97887
2026/07/08 16:24:36.460, 7, 41, 75568, 97887
2026/07/08 16:24:37.479, 0, 0, 48704, 97887
2026/07/08 16:24:37.494, 1, 0, 48104, 97887
2026/07/08 16:24:37.508, 2, 0, 48104, 97887
2026/07/08 16:24:37.523, 3, 0, 48104, 97887
2026/07/08 16:24:37.534, 4, 45, 75582, 97887
2026/07/08 16:24:37.546, 5, 86, 75582, 97887
2026/07/08 16:24:37.565, 6, 64, 75566, 97887
2026/07/08 16:24:37.581, 7, 42, 75568, 97887
2026/07/08 16:24:38.602, 0, 0, 48704, 97887
2026/07/08 16:24:38.620, 1, 0, 48104, 97887
2026/07/08 16:24:38.638, 2, 0, 48104, 97887
2026/07/08 16:24:38.655, 3, 0, 48104, 97887
2026/07/08 16:24:38.668, 4, 45, 75582, 97887
2026/07/08 16:24:38.683, 5, 88, 75582, 97887
2026/07/08 16:24:38.698, 6, 88, 75566, 97887
2026/07/08 16:24:38.717, 7, 34, 75568, 97887
2026/07/08 16:24:39.736, 0, 0, 48704, 97887
2026/07/08 16:24:39.754, 1, 0, 48104, 97887
2026/07/08 16:24:39.772, 2, 0, 48104, 97887
2026/07/08 16:24:39.788, 3, 0, 48104, 97887
2026/07/08 16:24:39.807, 4, 36, 75582, 97887
2026/07/08 16:24:39.824, 5, 94, 75582, 97887
2026/07/08 16:24:39.839, 6, 89, 75566, 97887
2026/07/08 16:24:39.855, 7, 37, 75568, 97887
2026/07/08 16:24:40.872, 0, 0, 48704, 97887
2026/07/08 16:24:40.890, 1, 0, 48104, 97887
2026/07/08 16:24:40.908, 2, 0, 48104, 97887
2026/07/08 16:24:40.925, 3, 0, 48104, 97887
2026/07/08 16:24:40.942, 4, 39, 75582, 97887
2026/07/08 16:24:40.960, 5, 78, 75582, 97887
2026/07/08 16:24:40.978, 6, 77, 75566, 97887
2026/07/08 16:24:40.998, 7, 31, 75568, 97887
2026/07/08 16:24:42.014, 0, 0, 48704, 97887
2026/07/08 16:24:42.031, 1, 0, 48104, 97887
2026/07/08 16:24:42.044, 2, 0, 48104, 97887
2026/07/08 16:24:42.058, 3, 0, 48104, 97887
2026/07/08 16:24:42.070, 4, 44, 75582, 97887
2026/07/08 16:24:42.084, 5, 85, 75582, 97887
2026/07/08 16:24:42.096, 6, 87, 75566, 97887
2026/07/08 16:24:42.112, 7, 36, 75568, 97887
2026/07/08 16:24:43.127, 0, 0, 48704, 97887
2026/07/08 16:24:43.143, 1, 0, 48104, 97887
2026/07/08 16:24:43.160, 2, 0, 48104, 97887
2026/07/08 16:24:43.176, 3, 0, 48104, 97887
2026/07/08 16:24:43.191, 4, 41, 75582, 97887
2026/07/08 16:24:43.212, 5, 74, 75582, 97887
2026/07/08 16:24:43.228, 6, 93, 75566, 97887
2026/07/08 16:24:43.242, 7, 38, 75568, 97887
2026/07/08 16:24:44.259, 0, 0, 48704, 97887
2026/07/08 16:24:44.273, 1, 0, 48104, 97887
2026/07/08 16:24:44.287, 2, 0, 48104, 97887
2026/07/08 16:24:44.298, 3, 0, 48104, 97887
2026/07/08 16:24:44.311, 4, 45, 75582, 97887
2026/07/08 16:24:44.324, 5, 81, 75582, 97887
2026/07/08 16:24:44.336, 6, 94, 75566, 97887
2026/07/08 16:24:44.346, 7, 42, 75568, 97887
2026/07/08 16:24:45.360, 0, 0, 48704, 97887
2026/07/08 16:24:45.379, 1, 0, 48104, 97887
2026/07/08 16:24:45.392, 2, 0, 48104, 97887
2026/07/08 16:24:45.406, 3, 0, 48104, 97887
2026/07/08 16:24:45.419, 4, 45, 75582, 97887
2026/07/08 16:24:45.432, 5, 84, 75582, 97887
2026/07/08 16:24:45.447, 6, 92, 75566, 97887
2026/07/08 16:24:45.459, 7, 41, 75568, 97887
2026/07/08 16:24:46.474, 0, 0, 48704, 97887
2026/07/08 16:24:46.492, 1, 0, 48104, 97887
2026/07/08 16:24:46.511, 2, 0, 48104, 97887
2026/07/08 16:24:46.531, 3, 0, 48104, 97887
2026/07/08 16:24:46.547, 4, 41, 75582, 97887
2026/07/08 16:24:46.565, 5, 81, 75582, 97887
2026/07/08 16:24:46.583, 6, 88, 75566, 97887
2026/07/08 16:24:46.603, 7, 37, 75568, 97887
2026/07/08 16:24:47.622, 0, 0, 48704, 97887
2026/07/08 16:24:47.638, 1, 0, 48104, 97887
2026/07/08 16:24:47.648, 2, 0, 48104, 97887
2026/07/08 16:24:47.662, 3, 0, 48104, 97887
2026/07/08 16:24:47.681, 4, 40, 75582, 97887
2026/07/08 16:24:47.702, 5, 90, 75582, 97887
2026/07/08 16:24:47.721, 6, 90, 75566, 97887
2026/07/08 16:24:47.737, 7, 35, 75568, 97887
2026/07/08 16:24:48.756, 0, 0, 48704, 97887
2026/07/08 16:24:48.775, 1, 0, 48104, 97887
2026/07/08 16:24:48.791, 2, 0, 48104, 97887
2026/07/08 16:24:48.809, 3, 0, 48104, 97887
2026/07/08 16:24:48.827, 4, 34, 75582, 97887
2026/07/08 16:24:48.845, 5, 78, 75582, 97887
2026/07/08 16:24:48.861, 6, 92, 75566, 97887
2026/07/08 16:24:48.879, 7, 34, 75568, 97887
2026/07/08 16:24:49.895, 0, 0, 48704, 97887
2026/07/08 16:24:49.913, 1, 0, 48104, 97887
2026/07/08 16:24:49.931, 2, 0, 48104, 97887
2026/07/08 16:24:49.942, 3, 0, 48104, 97887
2026/07/08 16:24:49.957, 4, 33, 75582, 97887
2026/07/08 16:24:49.969, 5, 76, 75582, 97887
2026/07/08 16:24:49.984, 6, 79, 75566, 97887
2026/07/08 16:24:50.002, 7, 28, 75568, 97887
2026/07/08 16:24:51.020, 0, 0, 48704, 97887
2026/07/08 16:24:51.040, 1, 0, 48104, 97887
2026/07/08 16:24:51.058, 2, 0, 48104, 97887
2026/07/08 16:24:51.074, 3, 0, 48104, 97887
2026/07/08 16:24:51.091, 4, 40, 75582, 97887
2026/07/08 16:24:51.107, 5, 76, 75582, 97887
2026/07/08 16:24:51.125, 6, 91, 75566, 97887
2026/07/08 16:24:51.140, 7, 35, 75568, 97887
2026/07/08 16:24:52.157, 0, 0, 48704, 97887
2026/07/08 16:24:52.174, 1, 0, 48104, 97887
2026/07/08 16:24:52.189, 2, 0, 48104, 97887
2026/07/08 16:24:52.206, 3, 0, 48104, 97887
2026/07/08 16:24:52.222, 4, 45, 75582, 97887
2026/07/08 16:24:52.239, 5, 85, 75582, 97887
2026/07/08 16:24:52.253, 6, 61, 75566, 97887
2026/07/08 16:24:52.269, 7, 71, 75568, 97887
2026/07/08 16:24:53.286, 0, 0, 48704, 97887
2026/07/08 16:24:53.304, 1, 0, 48104, 97887
2026/07/08 16:24:53.327, 2, 0, 48104, 97887
2026/07/08 16:24:53.351, 3, 0, 48104, 97887
2026/07/08 16:24:53.376, 4, 41, 75582, 97887
2026/07/08 16:24:53.396, 5, 90, 75582, 97887
2026/07/08 16:24:53.416, 6, 94, 75566, 97887
2026/07/08 16:24:53.439, 7, 32, 75568, 97887
2026/07/08 16:24:54.465, 0, 0, 48704, 97887
2026/07/08 16:24:54.482, 1, 0, 48104, 97887
2026/07/08 16:24:54.497, 2, 0, 48104, 97887
2026/07/08 16:24:54.512, 3, 0, 48104, 97887
2026/07/08 16:24:54.527, 4, 39, 75582, 97887
2026/07/08 16:24:54.542, 5, 85, 75582, 97887
2026/07/08 16:24:54.555, 6, 92, 75566, 97887
2026/07/08 16:24:54.570, 7, 43, 75568, 97887
2026/07/08 16:24:55.587, 0, 0, 48704, 97887
2026/07/08 16:24:55.608, 1, 0, 48104, 97887
2026/07/08 16:24:55.619, 2, 0, 48104, 97887
2026/07/08 16:24:55.636, 3, 0, 48104, 97887
2026/07/08 16:24:55.652, 4, 37, 75582, 97887
2026/07/08 16:24:55.668, 5, 93, 75582, 97887
2026/07/08 16:24:55.683, 6, 92, 75566, 97887
2026/07/08 16:24:55.700, 7, 64, 75568, 97887
2026/07/08 16:24:56.715, 0, 0, 48704, 97887
2026/07/08 16:24:56.731, 1, 0, 48104, 97887
2026/07/08 16:24:56.747, 2, 0, 48104, 97887
2026/07/08 16:24:56.764, 3, 0, 48104, 97887
2026/07/08 16:24:56.783, 4, 38, 75582, 97887
2026/07/08 16:24:56.799, 5, 82, 75582, 97887
2026/07/08 16:24:56.812, 6, 91, 75566, 97887
2026/07/08 16:24:56.831, 7, 32, 75568, 97887
2026/07/08 16:24:57.847, 0, 0, 48704, 97887
2026/07/08 16:24:57.864, 1, 0, 48104, 97887
2026/07/08 16:24:57.880, 2, 0, 48104, 97887
2026/07/08 16:24:57.900, 3, 0, 48104, 97887
2026/07/08 16:24:57.918, 4, 54, 75582, 97887
2026/07/08 16:24:57.932, 5, 93, 75582, 97887
2026/07/08 16:24:57.949, 6, 93, 75566, 97887
2026/07/08 16:24:57.966, 7, 38, 75568, 97887
2026/07/08 16:24:58.983, 0, 0, 48704, 97887
2026/07/08 16:24:59.000, 1, 0, 48104, 97887
2026/07/08 16:24:59.015, 2, 0, 48104, 97887
2026/07/08 16:24:59.031, 3, 0, 48104, 97887
2026/07/08 16:24:59.047, 4, 49, 75582, 97887
2026/07/08 16:24:59.066, 5, 83, 75582, 97887
2026/07/08 16:24:59.084, 6, 88, 75568, 97887
2026/07/08 16:24:59.102, 7, 43, 75568, 97887
2026/07/08 16:25:00.119, 0, 0, 48704, 97887
2026/07/08 16:25:00.135, 1, 0, 48104, 97887
2026/07/08 16:25:00.148, 2, 0, 48104, 97887
2026/07/08 16:25:00.162, 3, 0, 48104, 97887
2026/07/08 16:25:00.176, 4, 38, 75582, 97887
2026/07/08 16:25:00.191, 5, 91, 75582, 97887
2026/07/08 16:25:00.206, 6, 94, 75568, 97887
2026/07/08 16:25:00.222, 7, 30, 75568, 97887
2026/07/08 16:25:01.238, 0, 0, 48704, 97887
2026/07/08 16:25:01.253, 1, 0, 48104, 97887
2026/07/08 16:25:01.267, 2, 0, 48104, 97887
2026/07/08 16:25:01.281, 3, 0, 48104, 97887
2026/07/08 16:25:01.295, 4, 84, 75582, 97887
2026/07/08 16:25:01.310, 5, 81, 75582, 97887
2026/07/08 16:25:01.330, 6, 78, 75568, 97887
2026/07/08 16:25:01.347, 7, 33, 75568, 97887
2026/07/08 16:25:02.365, 0, 0, 48704, 97887
2026/07/08 16:25:02.383, 1, 0, 48104, 97887
2026/07/08 16:25:02.398, 2, 0, 48104, 97887
2026/07/08 16:25:02.415, 3, 0, 48104, 97887
2026/07/08 16:25:02.432, 4, 47, 75582, 97887
2026/07/08 16:25:02.447, 5, 92, 75582, 97887
2026/07/08 16:25:02.464, 6, 76, 75568, 97887
2026/07/08 16:25:02.482, 7, 45, 75568, 97887
2026/07/08 16:25:03.498, 0, 0, 48704, 97887
2026/07/08 16:25:03.516, 1, 0, 48104, 97887
2026/07/08 16:25:03.535, 2, 0, 48104, 97887
2026/07/08 16:25:03.554, 3, 0, 48104, 97887
2026/07/08 16:25:03.571, 4, 42, 75582, 97887
2026/07/08 16:25:03.591, 5, 93, 75582, 97887
2026/07/08 16:25:03.611, 6, 61, 75568, 97887
2026/07/08 16:25:03.630, 7, 73, 75568, 97887
2026/07/08 16:25:04.648, 0, 0, 48704, 97887
2026/07/08 16:25:04.667, 1, 0, 48104, 97887
2026/07/08 16:25:04.683, 2, 0, 48104, 97887
2026/07/08 16:25:04.703, 3, 0, 48104, 97887
2026/07/08 16:25:04.720, 4, 55, 75582, 97887
2026/07/08 16:25:04.737, 5, 91, 75582, 97887
2026/07/08 16:25:04.753, 6, 58, 75568, 97887
2026/07/08 16:25:04.767, 7, 72, 75568, 97887
2026/07/08 16:25:05.785, 0, 0, 48704, 97887
2026/07/08 16:25:05.801, 1, 0, 48104, 97887
2026/07/08 16:25:05.816, 2, 0, 48104, 97887
2026/07/08 16:25:05.835, 3, 0, 48104, 97887
2026/07/08 16:25:05.853, 4, 40, 75582, 97887
2026/07/08 16:25:05.871, 5, 49, 75582, 97887
2026/07/08 16:25:05.892, 6, 38, 75568, 97887
2026/07/08 16:25:05.911, 7, 77, 75568, 97887
2026/07/08 16:25:06.930, 0, 0, 48704, 97887
2026/07/08 16:25:06.947, 1, 0, 48104, 97887
2026/07/08 16:25:06.962, 2, 0, 48104, 97887
2026/07/08 16:25:06.974, 3, 0, 48104, 97887
2026/07/08 16:25:06.987, 4, 42, 75582, 97887
2026/07/08 16:25:07.001, 5, 88, 75582, 97887
2026/07/08 16:25:07.014, 6, 92, 75568, 97887
2026/07/08 16:25:07.028, 7, 42, 75568, 97887
2026/07/08 16:25:08.043, 0, 0, 48704, 97887
2026/07/08 16:25:08.058, 1, 0, 48104, 97887
2026/07/08 16:25:08.073, 2, 0, 48104, 97887
2026/07/08 16:25:08.088, 3, 0, 48104, 97887
2026/07/08 16:25:08.102, 4, 47, 75582, 97887
2026/07/08 16:25:08.114, 5, 84, 75582, 97887
2026/07/08 16:25:08.124, 6, 42, 75568, 97887
2026/07/08 16:25:08.141, 7, 82, 75568, 97887
2026/07/08 16:25:09.155, 0, 0, 48704, 97887
2026/07/08 16:25:09.174, 1, 0, 48104, 97887
2026/07/08 16:25:09.193, 2, 0, 48104, 97887
2026/07/08 16:25:09.212, 3, 0, 48104, 97887
2026/07/08 16:25:09.227, 4, 49, 75582, 97887
2026/07/08 16:25:09.246, 5, 53, 75582, 97887
2026/07/08 16:25:09.263, 6, 100, 75568, 97887
2026/07/08 16:25:09.282, 7, 89, 75568, 97887
2026/07/08 16:25:10.301, 0, 0, 48704, 97887
2026/07/08 16:25:10.315, 1, 0, 48104, 97887
2026/07/08 16:25:10.333, 2, 0, 48104, 97887
2026/07/08 16:25:10.349, 3, 0, 48104, 97887
2026/07/08 16:25:10.366, 4, 39, 75582, 97887
2026/07/08 16:25:10.383, 5, 72, 75582, 97887
2026/07/08 16:25:10.400, 6, 46, 75568, 97887
2026/07/08 16:25:10.416, 7, 89, 75568, 97887
2026/07/08 16:25:11.432, 0, 0, 48704, 97887
2026/07/08 16:25:11.447, 1, 0, 48104, 97887
2026/07/08 16:25:11.463, 2, 0, 48104, 97887
2026/07/08 16:25:11.480, 3, 0, 48104, 97887
2026/07/08 16:25:11.495, 4, 42, 75582, 97887
2026/07/08 16:25:11.508, 5, 85, 75582, 97887
2026/07/08 16:25:11.523, 6, 47, 75568, 97887
2026/07/08 16:25:11.539, 7, 68, 75568, 97887
2026/07/08 16:25:12.550, 0, 0, 48704, 97887
2026/07/08 16:25:12.568, 1, 0, 48104, 97887
2026/07/08 16:25:12.578, 2, 0, 48104, 97887
2026/07/08 16:25:12.589, 3, 0, 48104, 97887
2026/07/08 16:25:12.598, 4, 40, 75582, 97887
2026/07/08 16:25:12.610, 5, 94, 75582, 97887
2026/07/08 16:25:12.625, 6, 45, 75568, 97887
2026/07/08 16:25:12.644, 7, 71, 75568, 97887
2026/07/08 16:25:13.663, 0, 0, 48704, 97887
2026/07/08 16:25:13.682, 1, 0, 48104, 97887
2026/07/08 16:25:13.699, 2, 0, 48104, 97887
2026/07/08 16:25:13.716, 3, 0, 48104, 97887
2026/07/08 16:25:13.734, 4, 48, 75582, 97887
2026/07/08 16:25:13.749, 5, 82, 75582, 97887
2026/07/08 16:25:13.764, 6, 61, 75568, 97887
2026/07/08 16:25:13.781, 7, 92, 75568, 97887
2026/07/08 16:25:14.794, 0, 0, 48704, 97887
2026/07/08 16:25:14.813, 1, 0, 48104, 97887
2026/07/08 16:25:14.830, 2, 0, 48104, 97887
2026/07/08 16:25:14.846, 3, 0, 48104, 97887
2026/07/08 16:25:14.864, 4, 51, 75582, 97887
2026/07/08 16:25:14.884, 5, 47, 75582, 97887
2026/07/08 16:25:14.902, 6, 78, 75568, 97887
2026/07/08 16:25:14.920, 7, 35, 75568, 97887
2026/07/08 16:25:15.938, 0, 0, 48704, 97887
2026/07/08 16:25:15.955, 1, 0, 48104, 97887
2026/07/08 16:25:15.970, 2, 0, 48104, 97887
2026/07/08 16:25:15.984, 3, 0, 48104, 97887
2026/07/08 16:25:15.998, 4, 44, 75582, 97887
2026/07/08 16:25:16.011, 5, 94, 75582, 97887
2026/07/08 16:25:16.025, 6, 32, 75568, 97887
2026/07/08 16:25:16.043, 7, 80, 75568, 97887
2026/07/08 16:25:17.058, 0, 0, 48704, 97887
2026/07/08 16:25:17.075, 1, 0, 48104, 97887
2026/07/08 16:25:17.091, 2, 0, 48104, 97887
2026/07/08 16:25:17.108, 3, 0, 48104, 97887
2026/07/08 16:25:17.126, 4, 61, 75582, 97887
2026/07/08 16:25:17.144, 5, 78, 75582, 97887
2026/07/08 16:25:17.162, 6, 34, 75568, 97887
2026/07/08 16:25:17.178, 7, 68, 75568, 97887
2026/07/08 16:25:18.196, 0, 0, 48704, 97887
2026/07/08 16:25:18.211, 1, 0, 48104, 97887
2026/07/08 16:25:18.225, 2, 0, 48104, 97887
2026/07/08 16:25:18.242, 3, 0, 48104, 97887
2026/07/08 16:25:18.257, 4, 49, 75582, 97887
2026/07/08 16:25:18.271, 5, 58, 75582, 97887
2026/07/08 16:25:18.284, 6, 40, 75568, 97887
2026/07/08 16:25:18.300, 7, 74, 75568, 97887
2026/07/08 16:25:19.315, 0, 0, 48704, 97887
2026/07/08 16:25:19.331, 1, 0, 48104, 97887
2026/07/08 16:25:19.344, 2, 0, 48104, 97887
2026/07/08 16:25:19.357, 3, 0, 48104, 97887
2026/07/08 16:25:19.370, 4, 85, 75582, 97887
2026/07/08 16:25:19.386, 5, 54, 75582, 97887
2026/07/08 16:25:19.403, 6, 50, 75568, 97887
2026/07/08 16:25:19.418, 7, 72, 75568, 97887
2026/07/08 16:25:20.432, 0, 0, 48704, 97887
2026/07/08 16:25:20.465, 1, 0, 48104, 97887
2026/07/08 16:25:20.480, 2, 0, 48104, 97887
2026/07/08 16:25:20.499, 3, 0, 48104, 97887
2026/07/08 16:25:20.512, 4, 47, 75582, 97887
2026/07/08 16:25:20.525, 5, 85, 75582, 97887
2026/07/08 16:25:20.545, 6, 40, 75568, 97887
2026/07/08 16:25:20.568, 7, 86, 75568, 97887
2026/07/08 16:25:21.591, 0, 0, 48704, 97887
2026/07/08 16:25:21.608, 1, 0, 48104, 97887
2026/07/08 16:25:21.623, 2, 0, 48104, 97887
2026/07/08 16:25:21.639, 3, 0, 48104, 97887
2026/07/08 16:25:21.653, 4, 52, 75582, 97887
2026/07/08 16:25:21.671, 5, 62, 75582, 97887
2026/07/08 16:25:21.685, 6, 37, 75568, 97887
2026/07/08 16:25:21.699, 7, 86, 75568, 97887
2026/07/08 16:25:22.713, 0, 0, 48704, 97887
2026/07/08 16:25:22.728, 1, 0, 48104, 97887
2026/07/08 16:25:22.743, 2, 0, 48104, 97887
2026/07/08 16:25:22.759, 3, 0, 48104, 97887
2026/07/08 16:25:22.775, 4, 39, 75582, 97887
2026/07/08 16:25:22.792, 5, 13, 75582, 97887
2026/07/08 16:25:22.809, 6, 39, 75568, 97887
2026/07/08 16:25:22.825, 7, 68, 75568, 97887
2026/07/08 16:25:23.844, 0, 0, 48704, 97887
2026/07/08 16:25:23.863, 1, 0, 48104, 97887
2026/07/08 16:25:23.875, 2, 0, 48104, 97887
2026/07/08 16:25:23.888, 3, 0, 48104, 97887
2026/07/08 16:25:23.902, 4, 41, 75582, 97887
2026/07/08 16:25:23.914, 5, 70, 75582, 97887
2026/07/08 16:25:23.929, 6, 57, 75568, 97887
2026/07/08 16:25:23.944, 7, 75, 75568, 97887
2026/07/08 16:25:24.956, 0, 0, 48704, 97887
2026/07/08 16:25:24.974, 1, 0, 48104, 97887
2026/07/08 16:25:24.988, 2, 0, 48104, 97887
2026/07/08 16:25:25.005, 3, 0, 48104, 97887
2026/07/08 16:25:25.014, 4, 57, 75582, 97887
2026/07/08 16:25:25.027, 5, 72, 75582, 97887
2026/07/08 16:25:25.038, 6, 39, 75568, 97887
2026/07/08 16:25:25.054, 7, 79, 75568, 97887
2026/07/08 16:25:26.068, 0, 0, 48704, 97887
2026/07/08 16:25:26.091, 1, 0, 48104, 97887
2026/07/08 16:25:26.108, 2, 0, 48104, 97887
2026/07/08 16:25:26.121, 3, 0, 48104, 97887
2026/07/08 16:25:26.139, 4, 51, 75582, 97887
2026/07/08 16:25:26.158, 5, 77, 75582, 97887
2026/07/08 16:25:26.173, 6, 43, 75568, 97887
2026/07/08 16:25:26.188, 7, 79, 75568, 97887
2026/07/08 16:25:27.201, 0, 0, 48704, 97887
2026/07/08 16:25:27.220, 1, 0, 48104, 97887
2026/07/08 16:25:27.238, 2, 0, 48104, 97887
2026/07/08 16:25:27.255, 3, 0, 48104, 97887
2026/07/08 16:25:27.269, 4, 54, 75582, 97887
2026/07/08 16:25:27.283, 5, 87, 75582, 97887
2026/07/08 16:25:27.301, 6, 46, 75568, 97887
2026/07/08 16:25:27.323, 7, 68, 75568, 97887
2026/07/08 16:25:28.341, 0, 0, 48704, 97887
2026/07/08 16:25:28.357, 1, 0, 48104, 97887
2026/07/08 16:25:28.371, 2, 0, 48104, 97887
2026/07/08 16:25:28.387, 3, 0, 48104, 97887
2026/07/08 16:25:28.402, 4, 45, 75582, 97887
2026/07/08 16:25:28.415, 5, 80, 75582, 97887
2026/07/08 16:25:28.429, 6, 48, 75568, 97887
2026/07/08 16:25:28.443, 7, 79, 75568, 97887
2026/07/08 16:25:29.457, 0, 0, 48704, 97887
2026/07/08 16:25:29.474, 1, 0, 48104, 97887
2026/07/08 16:25:29.490, 2, 0, 48104, 97887
2026/07/08 16:25:29.506, 3, 0, 48104, 97887
2026/07/08 16:25:29.522, 4, 37, 75582, 97887
2026/07/08 16:25:29.538, 5, 92, 75582, 97887
2026/07/08 16:25:29.554, 6, 72, 75568, 97887
2026/07/08 16:25:29.571, 7, 64, 75568, 97887
2026/07/08 16:25:30.589, 0, 0, 48704, 97887
2026/07/08 16:25:30.604, 1, 0, 48104, 97887
2026/07/08 16:25:30.614, 2, 0, 48104, 97887
2026/07/08 16:25:30.627, 3, 0, 48104, 97887
2026/07/08 16:25:30.644, 4, 49, 75582, 97887
2026/07/08 16:25:30.657, 5, 87, 75582, 97887
2026/07/08 16:25:30.674, 6, 45, 75568, 97887
2026/07/08 16:25:30.692, 7, 44, 75568, 97887
2026/07/08 16:25:31.710, 0, 0, 48704, 97887
2026/07/08 16:25:31.725, 1, 0, 48104, 97887
2026/07/08 16:25:31.740, 2, 0, 48104, 97887
2026/07/08 16:25:31.753, 3, 0, 48104, 97887
2026/07/08 16:25:31.768, 4, 53, 75582, 97887
2026/07/08 16:25:31.784, 5, 85, 75582, 97887
2026/07/08 16:25:31.801, 6, 50, 75568, 97887
2026/07/08 16:25:31.819, 7, 45, 75568, 97887
2026/07/08 16:25:32.834, 0, 0, 48704, 97887
2026/07/08 16:25:32.852, 1, 0, 48104, 97887
2026/07/08 16:25:32.870, 2, 0, 48104, 97887
2026/07/08 16:25:32.885, 3, 0, 48104, 97887
2026/07/08 16:25:32.899, 4, 93, 75582, 97887
2026/07/08 16:25:32.911, 5, 51, 75582, 97887
2026/07/08 16:25:32.927, 6, 69, 75568, 97887
2026/07/08 16:25:32.940, 7, 63, 75568, 97887
2026/07/08 16:25:33.953, 0, 0, 48704, 97887
2026/07/08 16:25:33.970, 1, 0, 48104, 97887
2026/07/08 16:25:33.985, 2, 0, 48104, 97887
2026/07/08 16:25:34.002, 3, 0, 48104, 97887
2026/07/08 16:25:34.018, 4, 95, 75582, 97887
2026/07/08 16:25:34.032, 5, 28, 75582, 97887
2026/07/08 16:25:34.044, 6, 40, 75568, 97887
2026/07/08 16:25:34.050, 7, 72, 75568, 97887
2026/07/08 16:25:35.062, 0, 0, 48704, 97887
2026/07/08 16:25:35.081, 1, 0, 48104, 97887
2026/07/08 16:25:35.098, 2, 0, 48104, 97887
2026/07/08 16:25:35.114, 3, 0, 48104, 97887
2026/07/08 16:25:35.131, 4, 48, 75582, 97887
2026/07/08 16:25:35.148, 5, 58, 75582, 97887
2026/07/08 16:25:35.165, 6, 44, 75568, 97887
2026/07/08 16:25:35.181, 7, 70, 75568, 97887
2026/07/08 16:25:36.199, 0, 0, 48704, 97887
2026/07/08 16:25:36.214, 1, 0, 48104, 97887
2026/07/08 16:25:36.226, 2, 0, 48104, 97887
2026/07/08 16:25:36.237, 3, 0, 48104, 97887
2026/07/08 16:25:36.250, 4, 42, 75582, 97887
2026/07/08 16:25:36.263, 5, 83, 75582, 97887
2026/07/08 16:25:36.277, 6, 92, 75568, 97887
2026/07/08 16:25:36.291, 7, 54, 75568, 97887
2026/07/08 16:25:37.306, 0, 0, 48704, 97887
2026/07/08 16:25:37.321, 1, 0, 48104, 97887
2026/07/08 16:25:37.337, 2, 0, 48104, 97887
2026/07/08 16:25:37.352, 3, 0, 48104, 97887
2026/07/08 16:25:37.369, 4, 16, 75582, 97887
2026/07/08 16:25:37.383, 5, 84, 75582, 97887
2026/07/08 16:25:37.397, 6, 42, 75568, 97887
2026/07/08 16:25:37.411, 7, 74, 75568, 97887
2026/07/08 16:25:38.425, 0, 0, 48704, 97887
2026/07/08 16:25:38.443, 1, 0, 48104, 97887
2026/07/08 16:25:38.464, 2, 0, 48104, 97887
2026/07/08 16:25:38.481, 3, 0, 48104, 97887
2026/07/08 16:25:38.496, 4, 42, 75582, 97887
2026/07/08 16:25:38.511, 5, 48, 75582, 97887
2026/07/08 16:25:38.525, 6, 50, 75568, 97887
2026/07/08 16:25:38.539, 7, 73, 75568, 97887
2026/07/08 16:25:39.556, 0, 0, 48704, 97887
2026/07/08 16:25:39.572, 1, 0, 48104, 97887
2026/07/08 16:25:39.588, 2, 0, 48104, 97887
2026/07/08 16:25:39.604, 3, 0, 48104, 97887
2026/07/08 16:25:39.622, 4, 36, 75582, 97887
2026/07/08 16:25:39.639, 5, 94, 75582, 97887
2026/07/08 16:25:39.654, 6, 54, 75568, 97887
2026/07/08 16:25:39.669, 7, 43, 75568, 97887
2026/07/08 16:25:40.682, 0, 0, 48704, 97887
2026/07/08 16:25:40.697, 1, 0, 48104, 97887
2026/07/08 16:25:40.714, 2, 0, 48104, 97887
2026/07/08 16:25:40.729, 3, 0, 48104, 97887
2026/07/08 16:25:40.747, 4, 45, 75582, 97887
2026/07/08 16:25:40.762, 5, 94, 75582, 97887
2026/07/08 16:25:40.779, 6, 50, 75568, 97887
2026/07/08 16:25:40.796, 7, 71, 75568, 97887
2026/07/08 16:25:41.812, 0, 0, 48704, 97887
2026/07/08 16:25:41.825, 1, 0, 48104, 97887
2026/07/08 16:25:41.837, 2, 0, 48104, 97887
2026/07/08 16:25:41.848, 3, 0, 48104, 97887
2026/07/08 16:25:41.860, 4, 43, 75582, 97887
2026/07/08 16:25:41.873, 5, 91, 75582, 97887
2026/07/08 16:25:41.888, 6, 44, 75568, 97887
2026/07/08 16:25:41.904, 7, 74, 75568, 97887
2026/07/08 16:25:42.917, 0, 0, 48704, 97887
2026/07/08 16:25:42.933, 1, 0, 48104, 97887
2026/07/08 16:25:42.948, 2, 0, 48104, 97887
2026/07/08 16:25:42.963, 3, 0, 48104, 97887
2026/07/08 16:25:42.978, 4, 42, 75582, 97887
2026/07/08 16:25:42.993, 5, 82, 75582, 97887
2026/07/08 16:25:43.007, 6, 43, 75568, 97887
2026/07/08 16:25:43.020, 7, 80, 75568, 97887
2026/07/08 16:25:44.031, 0, 0, 48704, 97887
2026/07/08 16:25:44.045, 1, 0, 48104, 97887
2026/07/08 16:25:44.058, 2, 0, 48104, 97887
2026/07/08 16:25:44.067, 3, 0, 48104, 97887
2026/07/08 16:25:44.076, 4, 36, 75582, 97887
2026/07/08 16:25:44.083, 5, 92, 75582, 97887
2026/07/08 16:25:44.092, 6, 46, 75568, 97887
2026/07/08 16:25:44.101, 7, 75, 75568, 97887
2026/07/08 16:25:45.111, 0, 0, 48704, 97887
2026/07/08 16:25:45.127, 1, 0, 48104, 97887
2026/07/08 16:25:45.143, 2, 0, 48104, 97887
2026/07/08 16:25:45.158, 3, 0, 48104, 97887
2026/07/08 16:25:45.171, 4, 39, 75582, 97887
2026/07/08 16:25:45.186, 5, 89, 75582, 97887
2026/07/08 16:25:45.199, 6, 64, 75568, 97887
2026/07/08 16:25:45.214, 7, 45, 75568, 97887
2026/07/08 16:25:46.229, 0, 0, 48704, 97887
2026/07/08 16:25:46.242, 1, 0, 48104, 97887
2026/07/08 16:25:46.255, 2, 0, 48104, 97887
2026/07/08 16:25:46.263, 3, 0, 48104, 97887
2026/07/08 16:25:46.272, 4, 51, 75582, 97887
2026/07/08 16:25:46.283, 5, 82, 75582, 97887
2026/07/08 16:25:46.290, 6, 48, 75568, 97887
2026/07/08 16:25:46.299, 7, 89, 75568, 97887
2026/07/08 16:25:47.307, 0, 0, 48704, 97887
2026/07/08 16:25:47.322, 1, 0, 48104, 97887
2026/07/08 16:25:47.334, 2, 0, 48104, 97887
2026/07/08 16:25:47.346, 3, 0, 48104, 97887
2026/07/08 16:25:47.356, 4, 46, 75582, 97887
2026/07/08 16:25:47.369, 5, 90, 75582, 97887
2026/07/08 16:25:47.384, 6, 43, 75568, 97887
2026/07/08 16:25:47.399, 7, 93, 75568, 97887
2026/07/08 16:25:48.417, 0, 0, 48704, 97887
2026/07/08 16:25:48.434, 1, 0, 48104, 97887
2026/07/08 16:25:48.449, 2, 0, 48104, 97887
2026/07/08 16:25:48.465, 3, 0, 48104, 97887
2026/07/08 16:25:48.482, 4, 46, 75582, 97887
2026/07/08 16:25:48.498, 5, 85, 75582, 97887
2026/07/08 16:25:48.512, 6, 39, 75568, 97887
2026/07/08 16:25:48.527, 7, 95, 75568, 97887
2026/07/08 16:25:49.542, 0, 0, 48704, 97887
2026/07/08 16:25:49.556, 1, 0, 48104, 97887
2026/07/08 16:25:49.571, 2, 0, 48104, 97887
2026/07/08 16:25:49.589, 3, 0, 48104, 97887
2026/07/08 16:25:49.606, 4, 44, 75582, 97887
2026/07/08 16:25:49.621, 5, 78, 75582, 97887
2026/07/08 16:25:49.636, 6, 58, 75568, 97887
2026/07/08 16:25:49.654, 7, 81, 75568, 97887
2026/07/08 16:25:50.669, 0, 0, 48704, 97887
2026/07/08 16:25:50.681, 1, 0, 48104, 97887
2026/07/08 16:25:50.693, 2, 0, 48104, 97887
2026/07/08 16:25:50.706, 3, 0, 48104, 97887
2026/07/08 16:25:50.720, 4, 41, 75582, 97887
2026/07/08 16:25:50.729, 5, 90, 75582, 97887
2026/07/08 16:25:50.741, 6, 46, 75568, 97887
2026/07/08 16:25:50.754, 7, 85, 75568, 97887
2026/07/08 16:25:51.769, 0, 0, 48704, 97887
2026/07/08 16:25:51.786, 1, 0, 48104, 97887
2026/07/08 16:25:51.801, 2, 0, 48104, 97887
2026/07/08 16:25:51.814, 3, 0, 48104, 97887
2026/07/08 16:25:51.840, 4, 47, 75582, 97887
2026/07/08 16:25:51.848, 5, 73, 75582, 97887
2026/07/08 16:25:51.859, 6, 66, 75568, 97887
2026/07/08 16:25:51.869, 7, 85, 75570, 97887
2026/07/08 16:25:52.883, 0, 0, 48704, 97887
2026/07/08 16:25:52.900, 1, 0, 48104, 97887
2026/07/08 16:25:52.917, 2, 0, 48104, 97887
2026/07/08 16:25:52.932, 3, 0, 48104, 97887
2026/07/08 16:25:52.950, 4, 36, 75582, 97887
2026/07/08 16:25:52.968, 5, 84, 75582, 97887
2026/07/08 16:25:52.991, 6, 33, 75568, 97887
2026/07/08 16:25:53.006, 7, 84, 75570, 97887
2026/07/08 16:25:54.019, 0, 0, 48704, 97887
2026/07/08 16:25:54.035, 1, 0, 48104, 97887
2026/07/08 16:25:54.049, 2, 0, 48104, 97887
2026/07/08 16:25:54.063, 3, 0, 48104, 97887
2026/07/08 16:25:54.080, 4, 46, 75582, 97887
2026/07/08 16:25:54.099, 5, 95, 75582, 97887
2026/07/08 16:25:54.118, 6, 44, 75568, 97887
2026/07/08 16:25:54.131, 7, 94, 75570, 97887
2026/07/08 16:25:55.146, 0, 0, 48704, 97887
2026/07/08 16:25:55.164, 1, 0, 48104, 97887
2026/07/08 16:25:55.178, 2, 0, 48104, 97887
2026/07/08 16:25:55.196, 3, 0, 48104, 97887
2026/07/08 16:25:55.216, 4, 57, 75582, 97887
2026/07/08 16:25:55.231, 5, 77, 75582, 97887
2026/07/08 16:25:55.244, 6, 43, 75568, 97887
2026/07/08 16:25:55.257, 7, 83, 75570, 97887
2026/07/08 16:25:56.270, 0, 0, 48704, 97887
2026/07/08 16:25:56.289, 1, 0, 48104, 97887
2026/07/08 16:25:56.307, 2, 0, 48104, 97887
2026/07/08 16:25:56.326, 3, 0, 48104, 97887
2026/07/08 16:25:56.348, 4, 31, 75582, 97887
2026/07/08 16:25:56.365, 5, 87, 75582, 97887
2026/07/08 16:25:56.380, 6, 32, 75570, 97887
2026/07/08 16:25:56.397, 7, 61, 75570, 97887
2026/07/08 16:25:57.414, 0, 0, 48704, 97887
2026/07/08 16:25:57.430, 1, 0, 48104, 97887
2026/07/08 16:25:57.446, 2, 0, 48104, 97887
2026/07/08 16:25:57.462, 3, 0, 48104, 97887
2026/07/08 16:25:57.478, 4, 39, 75582, 97887
2026/07/08 16:25:57.492, 5, 80, 75582, 97887
2026/07/08 16:25:57.507, 6, 38, 75570, 97887
2026/07/08 16:25:57.522, 7, 82, 75570, 97887
2026/07/08 16:25:58.537, 0, 0, 48704, 97887
2026/07/08 16:25:58.551, 1, 0, 48104, 97887
2026/07/08 16:25:58.565, 2, 0, 48104, 97887
2026/07/08 16:25:58.579, 3, 0, 48104, 97887
2026/07/08 16:25:58.592, 4, 42, 75582, 97887
2026/07/08 16:25:58.605, 5, 95, 75582, 97887
2026/07/08 16:25:58.618, 6, 42, 75570, 97887
2026/07/08 16:25:58.634, 7, 86, 75570, 97887
2026/07/08 16:25:59.651, 0, 0, 48704, 97887
2026/07/08 16:25:59.667, 1, 0, 48104, 97887
2026/07/08 16:25:59.680, 2, 0, 48104, 97887
2026/07/08 16:25:59.694, 3, 0, 48104, 97887
2026/07/08 16:25:59.706, 4, 35, 75582, 97887
2026/07/08 16:25:59.729, 5, 86, 75582, 97887
2026/07/08 16:25:59.745, 6, 45, 75570, 97887
2026/07/08 16:25:59.760, 7, 82, 75570, 97887
2026/07/08 16:26:00.776, 0, 0, 48704, 97887
2026/07/08 16:26:00.789, 1, 0, 48104, 97887
2026/07/08 16:26:00.800, 2, 0, 48104, 97887
2026/07/08 16:26:00.811, 3, 0, 48104, 97887
2026/07/08 16:26:00.822, 4, 41, 75582, 97887
2026/07/08 16:26:00.834, 5, 86, 75582, 97887
2026/07/08 16:26:00.847, 6, 38, 75570, 97887
2026/07/08 16:26:00.859, 7, 77, 75570, 97887
2026/07/08 16:26:01.871, 0, 0, 48704, 97887
2026/07/08 16:26:01.887, 1, 0, 48104, 97887
2026/07/08 16:26:01.904, 2, 0, 48104, 97887
2026/07/08 16:26:01.918, 3, 0, 48104, 97887
2026/07/08 16:26:01.933, 4, 55, 75582, 97887
2026/07/08 16:26:01.948, 5, 79, 75582, 97887
2026/07/08 16:26:01.965, 6, 40, 75570, 97887
2026/07/08 16:26:01.984, 7, 80, 75570, 97887
2026/07/08 16:26:03.001, 0, 0, 48704, 97887
2026/07/08 16:26:03.017, 1, 0, 48104, 97887
2026/07/08 16:26:03.030, 2, 0, 48104, 97887
2026/07/08 16:26:03.047, 3, 0, 48104, 97887
2026/07/08 16:26:03.056, 4, 43, 75582, 97887
2026/07/08 16:26:03.065, 5, 77, 75582, 97887
2026/07/08 16:26:03.075, 6, 37, 75570, 97887
2026/07/08 16:26:03.083, 7, 91, 75570, 97887
2026/07/08 16:26:04.094, 0, 0, 48704, 97887
2026/07/08 16:26:04.111, 1, 0, 48104, 97887
2026/07/08 16:26:04.120, 2, 0, 48104, 97887
2026/07/08 16:26:04.127, 3, 0, 48104, 97887
2026/07/08 16:26:04.136, 4, 41, 75582, 97887
2026/07/08 16:26:04.172, 5, 95, 75582, 97887
2026/07/08 16:26:04.188, 6, 46, 75570, 97887
2026/07/08 16:26:04.204, 7, 84, 75570, 97887
2026/07/08 16:26:05.213, 0, 0, 48704, 97887
2026/07/08 16:26:05.229, 1, 0, 48104, 97887
2026/07/08 16:26:05.244, 2, 0, 48104, 97887
2026/07/08 16:26:05.258, 3, 0, 48104, 97887
2026/07/08 16:26:05.273, 4, 42, 75582, 97887
2026/07/08 16:26:05.289, 5, 85, 75582, 97887
2026/07/08 16:26:05.303, 6, 39, 75570, 97887
2026/07/08 16:26:05.318, 7, 91, 75570, 97887
2026/07/08 16:26:06.333, 0, 0, 48704, 97887
2026/07/08 16:26:06.347, 1, 0, 48104, 97887
2026/07/08 16:26:06.358, 2, 0, 48104, 97887
2026/07/08 16:26:06.370, 3, 0, 48104, 97887
2026/07/08 16:26:06.381, 4, 58, 75582, 97887
2026/07/08 16:26:06.398, 5, 75, 75582, 97887
2026/07/08 16:26:06.411, 6, 46, 75570, 97887
2026/07/08 16:26:06.426, 7, 86, 75570, 97887
2026/07/08 16:26:07.441, 0, 0, 48704, 97887
2026/07/08 16:26:07.454, 1, 0, 48104, 97887
2026/07/08 16:26:07.467, 2, 0, 48104, 97887
2026/07/08 16:26:07.481, 3, 0, 48104, 97887
2026/07/08 16:26:07.494, 4, 54, 75582, 97887
2026/07/08 16:26:07.509, 5, 74, 75582, 97887
2026/07/08 16:26:07.523, 6, 43, 75570, 97887
2026/07/08 16:26:07.539, 7, 93, 75570, 97887
2026/07/08 16:26:08.554, 0, 0, 48704, 97887
2026/07/08 16:26:08.567, 1, 0, 48104, 97887
2026/07/08 16:26:08.582, 2, 0, 48104, 97887
2026/07/08 16:26:08.596, 3, 0, 48104, 97887
2026/07/08 16:26:08.614, 4, 48, 75582, 97887
2026/07/08 16:26:08.633, 5, 60, 75582, 97887
2026/07/08 16:26:08.646, 6, 48, 75570, 97887
2026/07/08 16:26:08.660, 7, 81, 75570, 97887
2026/07/08 16:26:09.678, 0, 0, 48704, 97887
2026/07/08 16:26:09.691, 1, 0, 48104, 97887
2026/07/08 16:26:09.717, 2, 0, 48104, 97887
2026/07/08 16:26:09.732, 3, 0, 48104, 97887
2026/07/08 16:26:09.749, 4, 44, 75582, 97887
2026/07/08 16:26:09.767, 5, 93, 75582, 97887
2026/07/08 16:26:09.781, 6, 56, 75570, 97887
2026/07/08 16:26:09.798, 7, 76, 75570, 97887
2026/07/08 16:26:10.812, 0, 0, 48704, 97887
2026/07/08 16:26:10.830, 1, 0, 48104, 97887
2026/07/08 16:26:10.848, 2, 0, 48104, 97887
2026/07/08 16:26:10.866, 3, 0, 48104, 97887
2026/07/08 16:26:10.884, 4, 38, 75582, 97887
2026/07/08 16:26:10.907, 5, 92, 75582, 97887
2026/07/08 16:26:10.926, 6, 35, 75570, 97887
2026/07/08 16:26:10.943, 7, 77, 75570, 97887
2026/07/08 16:26:11.961, 0, 0, 48704, 97887
2026/07/08 16:26:11.981, 1, 0, 48104, 97887
2026/07/08 16:26:11.996, 2, 0, 48104, 97887
2026/07/08 16:26:12.011, 3, 0, 48104, 97887
2026/07/08 16:26:12.029, 4, 43, 75582, 97887
2026/07/08 16:26:12.043, 5, 77, 75582, 97887
2026/07/08 16:26:12.060, 6, 43, 75570, 97887
2026/07/08 16:26:12.079, 7, 89, 75570, 97887
2026/07/08 16:26:13.097, 0, 0, 48704, 97887
2026/07/08 16:26:13.112, 1, 0, 48104, 97887
2026/07/08 16:26:13.126, 2, 0, 48104, 97887
2026/07/08 16:26:13.139, 3, 0, 48104, 97887
2026/07/08 16:26:13.152, 4, 21, 75582, 97887
2026/07/08 16:26:13.168, 5, 58, 75582, 97887
2026/07/08 16:26:13.182, 6, 44, 75570, 97887
2026/07/08 16:26:13.194, 7, 65, 75570, 97887
2026/07/08 16:26:14.209, 0, 0, 48704, 97887
2026/07/08 16:26:14.229, 1, 0, 48104, 97887
2026/07/08 16:26:14.245, 2, 0, 48104, 97887
2026/07/08 16:26:14.261, 3, 0, 48104, 97887
2026/07/08 16:26:14.281, 4, 46, 75582, 97887
2026/07/08 16:26:14.298, 5, 75, 75582, 97887
2026/07/08 16:26:14.315, 6, 65, 75570, 97887
2026/07/08 16:26:14.329, 7, 69, 75570, 97887
2026/07/08 16:26:15.346, 0, 0, 48704, 97887
2026/07/08 16:26:15.362, 1, 0, 48104, 97887
2026/07/08 16:26:15.374, 2, 0, 48104, 97887
2026/07/08 16:26:15.388, 3, 0, 48104, 97887
2026/07/08 16:26:15.404, 4, 53, 75584, 97887
2026/07/08 16:26:15.419, 5, 85, 75582, 97887
2026/07/08 16:26:15.433, 6, 46, 75570, 97887
2026/07/08 16:26:15.454, 7, 93, 75570, 97887
2026/07/08 16:26:16.461, 0, 0, 48704, 97887
2026/07/08 16:26:16.476, 1, 0, 48104, 97887
2026/07/08 16:26:16.492, 2, 0, 48104, 97887
2026/07/08 16:26:16.508, 3, 0, 48104, 97887
2026/07/08 16:26:16.525, 4, 50, 75584, 97887
2026/07/08 16:26:16.541, 5, 66, 75582, 97887
2026/07/08 16:26:16.555, 6, 34, 75570, 97887
2026/07/08 16:26:16.570, 7, 90, 75570, 97887
2026/07/08 16:26:17.584, 0, 0, 48704, 97887
2026/07/08 16:26:17.600, 1, 0, 48104, 97887
2026/07/08 16:26:17.614, 2, 0, 48104, 97887
2026/07/08 16:26:17.627, 3, 0, 48104, 97887
2026/07/08 16:26:17.642, 4, 74, 75584, 97887
2026/07/08 16:26:17.657, 5, 60, 75582, 97887
2026/07/08 16:26:17.671, 6, 39, 75570, 97887
2026/07/08 16:26:17.686, 7, 80, 75570, 97887
2026/07/08 16:26:18.699, 0, 0, 48704, 97887
2026/07/08 16:26:18.715, 1, 0, 48104, 97887
2026/07/08 16:26:18.729, 2, 0, 48104, 97887
2026/07/08 16:26:18.743, 3, 0, 48104, 97887
2026/07/08 16:26:18.758, 4, 73, 75584, 97887
2026/07/08 16:26:18.773, 5, 61, 75582, 97887
2026/07/08 16:26:18.790, 6, 42, 75570, 97887
2026/07/08 16:26:18.804, 7, 83, 75570, 97887
2026/07/08 16:26:19.819, 0, 0, 48704, 97887
2026/07/08 16:26:19.834, 1, 0, 48104, 97887
2026/07/08 16:26:19.849, 2, 0, 48104, 97887
2026/07/08 16:26:19.861, 3, 0, 48104, 97887
2026/07/08 16:26:19.875, 4, 50, 75584, 97887
2026/07/08 16:26:19.888, 5, 60, 75582, 97887
2026/07/08 16:26:19.904, 6, 34, 75570, 97887
2026/07/08 16:26:19.918, 7, 91, 75570, 97887
2026/07/08 16:26:20.933, 0, 0, 48704, 97887
2026/07/08 16:26:20.948, 1, 0, 48104, 97887
2026/07/08 16:26:20.963, 2, 0, 48104, 97887
2026/07/08 16:26:20.980, 3, 0, 48104, 97887
2026/07/08 16:26:20.995, 4, 61, 75584, 97887
2026/07/08 16:26:21.009, 5, 54, 75582, 97887
2026/07/08 16:26:21.024, 6, 38, 75570, 97887
2026/07/08 16:26:21.040, 7, 84, 75570, 97887
2026/07/08 16:26:22.055, 0, 0, 48704, 97887
2026/07/08 16:26:22.070, 1, 0, 48104, 97887
2026/07/08 16:26:22.085, 2, 0, 48104, 97887
2026/07/08 16:26:22.100, 3, 0, 48104, 97887
2026/07/08 16:26:22.114, 4, 58, 75584, 97887
2026/07/08 16:26:22.130, 5, 67, 75582, 97887
2026/07/08 16:26:22.147, 6, 37, 75570, 97887
2026/07/08 16:26:22.166, 7, 89, 75570, 97887
2026/07/08 16:26:23.184, 0, 0, 48704, 97887
2026/07/08 16:26:23.200, 1, 0, 48104, 97887
2026/07/08 16:26:23.212, 2, 0, 48104, 97887
2026/07/08 16:26:23.226, 3, 0, 48104, 97887
2026/07/08 16:26:23.240, 4, 52, 75584, 97887
2026/07/08 16:26:23.252, 5, 68, 75582, 97887
2026/07/08 16:26:23.269, 6, 54, 75570, 97887
2026/07/08 16:26:23.286, 7, 71, 75570, 97887
2026/07/08 16:26:24.302, 0, 0, 48704, 97887
2026/07/08 16:26:24.319, 1, 0, 48104, 97887
2026/07/08 16:26:24.338, 2, 0, 48104, 97887
2026/07/08 16:26:24.353, 3, 0, 48104, 97887
2026/07/08 16:26:24.368, 4, 79, 75584, 97887
2026/07/08 16:26:24.385, 5, 75, 75582, 97887
2026/07/08 16:26:24.402, 6, 79, 75570, 97887
2026/07/08 16:26:24.422, 7, 82, 75570, 97887
2026/07/08 16:26:25.441, 0, 0, 48704, 97887
2026/07/08 16:26:25.456, 1, 0, 48104, 97887
2026/07/08 16:26:25.472, 2, 0, 48104, 97887
2026/07/08 16:26:25.486, 3, 0, 48104, 97887
2026/07/08 16:26:25.500, 4, 88, 75584, 97887
2026/07/08 16:26:25.514, 5, 69, 75582, 97887
2026/07/08 16:26:25.528, 6, 39, 75570, 97887
2026/07/08 16:26:25.544, 7, 59, 75570, 97887
2026/07/08 16:26:26.558, 0, 0, 48704, 97887
2026/07/08 16:26:26.575, 1, 0, 48104, 97887
2026/07/08 16:26:26.591, 2, 0, 48104, 97887
2026/07/08 16:26:26.607, 3, 0, 48104, 97887
2026/07/08 16:26:26.625, 4, 82, 75584, 97887
2026/07/08 16:26:26.640, 5, 59, 75582, 97887
2026/07/08 16:26:26.656, 6, 43, 75570, 97887
2026/07/08 16:26:26.673, 7, 58, 75570, 97887
2026/07/08 16:26:27.688, 0, 0, 48704, 97887
2026/07/08 16:26:27.705, 1, 0, 48104, 97887
2026/07/08 16:26:27.722, 2, 0, 48104, 97887
2026/07/08 16:26:27.738, 3, 0, 48104, 97887
2026/07/08 16:26:27.752, 4, 73, 75584, 97887
2026/07/08 16:26:27.765, 5, 71, 75582, 97887
2026/07/08 16:26:27.783, 6, 52, 75570, 97887
2026/07/08 16:26:27.804, 7, 81, 75570, 97887
2026/07/08 16:26:28.821, 0, 0, 48704, 97887
2026/07/08 16:26:28.837, 1, 0, 48104, 97887
2026/07/08 16:26:28.854, 2, 0, 48104, 97887
2026/07/08 16:26:28.870, 3, 0, 48104, 97887
2026/07/08 16:26:28.883, 4, 40, 75584, 97887
2026/07/08 16:26:28.895, 5, 77, 75582, 97887
2026/07/08 16:26:28.908, 6, 37, 75570, 97887
2026/07/08 16:26:28.919, 7, 56, 75570, 97887
2026/07/08 16:26:29.933, 0, 0, 48704, 97887
2026/07/08 16:26:29.948, 1, 0, 48104, 97887
2026/07/08 16:26:29.965, 2, 0, 48104, 97887
2026/07/08 16:26:29.981, 3, 0, 48104, 97887
2026/07/08 16:26:29.998, 4, 37, 75584, 97887
2026/07/08 16:26:30.014, 5, 89, 75582, 97887
2026/07/08 16:26:30.030, 6, 37, 75570, 97887
2026/07/08 16:26:30.048, 7, 86, 75570, 97887
2026/07/08 16:26:31.062, 0, 0, 48704, 97887
2026/07/08 16:26:31.085, 1, 0, 48104, 97887
2026/07/08 16:26:31.104, 2, 0, 48104, 97887
2026/07/08 16:26:31.120, 3, 0, 48104, 97887
2026/07/08 16:26:31.132, 4, 74, 75584, 97887
2026/07/08 16:26:31.142, 5, 67, 75582, 97887
2026/07/08 16:26:31.154, 6, 37, 75570, 97887
2026/07/08 16:26:31.168, 7, 81, 75570, 97887
2026/07/08 16:26:32.180, 0, 0, 48704, 97887
2026/07/08 16:26:32.195, 1, 0, 48104, 97887
2026/07/08 16:26:32.207, 2, 0, 48104, 97887
2026/07/08 16:26:32.219, 3, 0, 48104, 97887
2026/07/08 16:26:32.231, 4, 37, 75584, 97887
2026/07/08 16:26:32.244, 5, 87, 75582, 97887
2026/07/08 16:26:32.256, 6, 41, 75570, 97887
2026/07/08 16:26:32.270, 7, 94, 75570, 97887
2026/07/08 16:26:33.282, 0, 0, 48704, 97887
2026/07/08 16:26:33.299, 1, 0, 48104, 97887
2026/07/08 16:26:33.313, 2, 0, 48104, 97887
2026/07/08 16:26:33.327, 3, 0, 48104, 97887
2026/07/08 16:26:33.341, 4, 86, 75584, 97887
2026/07/08 16:26:33.353, 5, 65, 75582, 97887
2026/07/08 16:26:33.367, 6, 36, 75570, 97887
2026/07/08 16:26:33.381, 7, 81, 75570, 97887
2026/07/08 16:26:34.396, 0, 0, 48704, 97887
2026/07/08 16:26:34.414, 1, 0, 48104, 97887
2026/07/08 16:26:34.431, 2, 0, 48104, 97887
2026/07/08 16:26:34.448, 3, 0, 48104, 97887
2026/07/08 16:26:34.462, 4, 48, 75584, 97887
2026/07/08 16:26:34.477, 5, 77, 75582, 97887
2026/07/08 16:26:34.494, 6, 30, 75570, 97887
2026/07/08 16:26:34.511, 7, 79, 75570, 97887
2026/07/08 16:26:35.529, 0, 0, 48704, 97887
2026/07/08 16:26:35.544, 1, 0, 48104, 97887
2026/07/08 16:26:35.556, 2, 0, 48104, 97887
2026/07/08 16:26:35.569, 3, 0, 48104, 97887
2026/07/08 16:26:35.584, 4, 100, 75584, 97887
2026/07/08 16:26:35.598, 5, 68, 75582, 97887
2026/07/08 16:26:35.610, 6, 39, 75570, 97887
2026/07/08 16:26:35.622, 7, 76, 75570, 97887
2026/07/08 16:26:36.634, 0, 0, 48704, 97887
2026/07/08 16:26:36.646, 1, 0, 48104, 97887
2026/07/08 16:26:36.658, 2, 0, 48104, 97887
2026/07/08 16:26:36.671, 3, 0, 48104, 97887
2026/07/08 16:26:36.685, 4, 54, 75584, 97887
2026/07/08 16:26:36.700, 5, 87, 75582, 97887
2026/07/08 16:26:36.714, 6, 41, 75570, 97887
2026/07/08 16:26:36.728, 7, 82, 75570, 97887
2026/07/08 16:26:37.743, 0, 0, 48704, 97887
2026/07/08 16:26:37.760, 1, 0, 48104, 97887
2026/07/08 16:26:37.775, 2, 0, 48104, 97887
2026/07/08 16:26:37.791, 3, 0, 48104, 97887
2026/07/08 16:26:37.808, 4, 47, 75584, 97887
2026/07/08 16:26:37.824, 5, 71, 75582, 97887
2026/07/08 16:26:37.842, 6, 26, 75570, 97887
2026/07/08 16:26:37.859, 7, 79, 75570, 97887
2026/07/08 16:26:38.877, 0, 0, 48704, 97887
2026/07/08 16:26:38.889, 1, 0, 48104, 97887
2026/07/08 16:26:38.903, 2, 0, 48104, 97887
2026/07/08 16:26:38.914, 3, 0, 48104, 97887
2026/07/08 16:26:38.925, 4, 76, 75584, 97887
2026/07/08 16:26:38.938, 5, 80, 75582, 97887
2026/07/08 16:26:38.954, 6, 39, 75570, 97887
2026/07/08 16:26:38.967, 7, 77, 75570, 97887
2026/07/08 16:26:39.982, 0, 0, 48704, 97887
2026/07/08 16:26:39.997, 1, 0, 48104, 97887
2026/07/08 16:26:40.009, 2, 0, 48104, 97887
2026/07/08 16:26:40.024, 3, 0, 48104, 97887
2026/07/08 16:26:40.036, 4, 48, 75584, 97887
2026/07/08 16:26:40.048, 5, 75, 75582, 97887
2026/07/08 16:26:40.061, 6, 39, 75570, 97887
2026/07/08 16:26:40.074, 7, 96, 75570, 97887
2026/07/08 16:26:41.085, 0, 0, 48704, 97887
2026/07/08 16:26:41.096, 1, 0, 48104, 97887
2026/07/08 16:26:41.107, 2, 0, 48104, 97887
2026/07/08 16:26:41.120, 3, 0, 48104, 97887
2026/07/08 16:26:41.137, 4, 30, 75584, 97887
2026/07/08 16:26:41.151, 5, 79, 75582, 97887
2026/07/08 16:26:41.165, 6, 38, 75570, 97887
2026/07/08 16:26:41.178, 7, 82, 75570, 97887
2026/07/08 16:26:42.188, 0, 0, 48704, 97887
2026/07/08 16:26:42.204, 1, 0, 48104, 97887
2026/07/08 16:26:42.220, 2, 0, 48104, 97887
2026/07/08 16:26:42.232, 3, 0, 48104, 97887
2026/07/08 16:26:42.250, 4, 27, 75584, 97887
2026/07/08 16:26:42.262, 5, 89, 75582, 97887
2026/07/08 16:26:42.277, 6, 30, 75570, 97887
2026/07/08 16:26:42.292, 7, 85, 75570, 97887
2026/07/08 16:26:43.306, 0, 0, 48704, 97887
2026/07/08 16:26:43.316, 1, 0, 48104, 97887
2026/07/08 16:26:43.325, 2, 0, 48104, 97887
2026/07/08 16:26:43.341, 3, 0, 48104, 97887
2026/07/08 16:26:43.355, 4, 40, 75584, 97887
2026/07/08 16:26:43.369, 5, 87, 75582, 97887
2026/07/08 16:26:43.383, 6, 60, 75570, 97887
2026/07/08 16:26:43.400, 7, 39, 75570, 97887
2026/07/08 16:26:44.415, 0, 0, 48704, 97887
2026/07/08 16:26:44.431, 1, 0, 48104, 97887
2026/07/08 16:26:44.446, 2, 0, 48104, 97887
2026/07/08 16:26:44.461, 3, 0, 48104, 97887
2026/07/08 16:26:44.477, 4, 38, 75584, 97887
2026/07/08 16:26:44.495, 5, 80, 75582, 97887
2026/07/08 16:26:44.511, 6, 41, 75570, 97887
2026/07/08 16:26:44.522, 7, 44, 75570, 97887
2026/07/08 16:26:45.537, 0, 0, 48704, 97887
2026/07/08 16:26:45.553, 1, 0, 48104, 97887
2026/07/08 16:26:45.570, 2, 0, 48104, 97887
2026/07/08 16:26:45.588, 3, 0, 48104, 97887
2026/07/08 16:26:45.605, 4, 37, 75584, 97887
2026/07/08 16:26:45.620, 5, 73, 75582, 97887
2026/07/08 16:26:45.637, 6, 40, 75570, 97887
2026/07/08 16:26:45.654, 7, 88, 75570, 97887
2026/07/08 16:26:46.670, 0, 0, 48704, 97887
2026/07/08 16:26:46.685, 1, 0, 48104, 97887
2026/07/08 16:26:46.702, 2, 0, 48104, 97887
2026/07/08 16:26:46.720, 3, 0, 48104, 97887
2026/07/08 16:26:46.738, 4, 45, 75584, 97887
2026/07/08 16:26:46.755, 5, 54, 75582, 97887
2026/07/08 16:26:46.773, 6, 41, 75570, 97887
2026/07/08 16:26:46.786, 7, 91, 75570, 97887
2026/07/08 16:26:47.801, 0, 0, 48704, 97887
2026/07/08 16:26:47.815, 1, 0, 48104, 97887
2026/07/08 16:26:47.829, 2, 0, 48104, 97887
2026/07/08 16:26:47.844, 3, 0, 48104, 97887
2026/07/08 16:26:47.860, 4, 46, 75584, 97887
2026/07/08 16:26:47.878, 5, 57, 75582, 97887
2026/07/08 16:26:47.900, 6, 31, 75570, 97887
2026/07/08 16:26:47.914, 7, 67, 75570, 97887
2026/07/08 16:26:48.933, 0, 0, 48704, 97887
2026/07/08 16:26:48.948, 1, 0, 48104, 97887
2026/07/08 16:26:48.963, 2, 0, 48104, 97887
2026/07/08 16:26:48.979, 3, 0, 48104, 97887
2026/07/08 16:26:48.995, 4, 39, 75584, 97887
2026/07/08 16:26:49.010, 5, 92, 75582, 97887
2026/07/08 16:26:49.026, 6, 32, 75570, 97887
2026/07/08 16:26:49.040, 7, 70, 75570, 97887
2026/07/08 16:26:50.050, 0, 0, 48704, 97887
2026/07/08 16:26:50.068, 1, 0, 48104, 97887
2026/07/08 16:26:50.085, 2, 0, 48104, 97887
2026/07/08 16:26:50.105, 3, 0, 48104, 97887
2026/07/08 16:26:50.124, 4, 54, 75584, 97887
2026/07/08 16:26:50.143, 5, 79, 75582, 97887
2026/07/08 16:26:50.160, 6, 40, 75570, 97887
2026/07/08 16:26:50.177, 7, 57, 75570, 97887
2026/07/08 16:26:51.191, 0, 0, 48704, 97887
2026/07/08 16:26:51.207, 1, 0, 48104, 97887
2026/07/08 16:26:51.220, 2, 0, 48104, 97887
2026/07/08 16:26:51.233, 3, 0, 48104, 97887
2026/07/08 16:26:51.245, 4, 37, 75584, 97887
2026/07/08 16:26:51.264, 5, 64, 75582, 97887
2026/07/08 16:26:51.281, 6, 65, 75570, 97887
2026/07/08 16:26:51.298, 7, 39, 75570, 97887
2026/07/08 16:26:52.312, 0, 0, 48704, 97887
2026/07/08 16:26:52.330, 1, 0, 48104, 97887
2026/07/08 16:26:52.347, 2, 0, 48104, 97887
2026/07/08 16:26:52.365, 3, 0, 48104, 97887
2026/07/08 16:26:52.382, 4, 36, 75584, 97887
2026/07/08 16:26:52.401, 5, 66, 75582, 97887
2026/07/08 16:26:52.419, 6, 34, 75570, 97887
2026/07/08 16:26:52.439, 7, 76, 75570, 97887
2026/07/08 16:26:53.457, 0, 0, 48704, 97887
2026/07/08 16:26:53.478, 1, 0, 48104, 97887
2026/07/08 16:26:53.497, 2, 0, 48104, 97887
2026/07/08 16:26:53.514, 3, 0, 48104, 97887
2026/07/08 16:26:53.534, 4, 41, 75584, 97887
2026/07/08 16:26:53.557, 5, 78, 75582, 97887
2026/07/08 16:26:53.576, 6, 66, 75570, 97887
2026/07/08 16:26:53.594, 7, 55, 75570, 97887
2026/07/08 16:26:54.611, 0, 0, 48704, 97887
2026/07/08 16:26:54.630, 1, 0, 48104, 97887
2026/07/08 16:26:54.648, 2, 0, 48104, 97887
2026/07/08 16:26:54.667, 3, 0, 48104, 97887
2026/07/08 16:26:54.683, 4, 34, 75584, 97887
2026/07/08 16:26:54.701, 5, 57, 75582, 97887
2026/07/08 16:26:54.716, 6, 41, 75570, 97887
2026/07/08 16:26:54.732, 7, 80, 75570, 97887
2026/07/08 16:26:55.751, 0, 0, 48704, 97887
2026/07/08 16:26:55.762, 1, 0, 48104, 97887
2026/07/08 16:26:55.770, 2, 0, 48104, 97887
2026/07/08 16:26:55.780, 3, 0, 48104, 97887
2026/07/08 16:26:55.792, 4, 52, 75584, 97887
2026/07/08 16:26:55.809, 5, 86, 75582, 97887
2026/07/08 16:26:55.824, 6, 29, 75570, 97887
2026/07/08 16:26:55.834, 7, 67, 75570, 97887
2026/07/08 16:26:56.844, 0, 0, 48704, 97887
2026/07/08 16:26:56.858, 1, 0, 48104, 97887
2026/07/08 16:26:56.871, 2, 0, 48104, 97887
2026/07/08 16:26:56.884, 3, 0, 48104, 97887
2026/07/08 16:26:56.899, 4, 54, 75584, 97887
2026/07/08 16:26:56.911, 5, 91, 75582, 97887
2026/07/08 16:26:56.925, 6, 31, 75570, 97887
2026/07/08 16:26:56.940, 7, 78, 75570, 97887
2026/07/08 16:26:57.954, 0, 0, 48704, 97887
2026/07/08 16:26:57.967, 1, 0, 48104, 97887
2026/07/08 16:26:57.984, 2, 0, 48104, 97887
2026/07/08 16:26:57.997, 3, 0, 48104, 97887
2026/07/08 16:26:58.011, 4, 36, 75584, 97887
2026/07/08 16:26:58.026, 5, 71, 75582, 97887
2026/07/08 16:26:58.040, 6, 25, 75570, 97887
2026/07/08 16:26:58.056, 7, 70, 75570, 97887
2026/07/08 16:26:59.072, 0, 0, 48704, 97887
2026/07/08 16:26:59.086, 1, 0, 48104, 97887
2026/07/08 16:26:59.101, 2, 0, 48104, 97887
2026/07/08 16:26:59.118, 3, 0, 48104, 97887
2026/07/08 16:26:59.135, 4, 42, 75584, 97887
2026/07/08 16:26:59.149, 5, 76, 75582, 97887
2026/07/08 16:26:59.165, 6, 54, 75570, 97887
2026/07/08 16:26:59.180, 7, 43, 75570, 97887
2026/07/08 16:27:00.198, 0, 0, 48704, 97887
2026/07/08 16:27:00.215, 1, 0, 48104, 97887
2026/07/08 16:27:00.231, 2, 0, 48104, 97887
2026/07/08 16:27:00.247, 3, 0, 48104, 97887
2026/07/08 16:27:00.264, 4, 51, 75584, 97887
2026/07/08 16:27:00.280, 5, 83, 75582, 97887
2026/07/08 16:27:00.294, 6, 27, 75570, 97887
2026/07/08 16:27:00.310, 7, 60, 75570, 97887
2026/07/08 16:27:01.326, 0, 0, 48704, 97887
2026/07/08 16:27:01.346, 1, 0, 48104, 97887
2026/07/08 16:27:01.363, 2, 0, 48104, 97887
2026/07/08 16:27:01.380, 3, 0, 48104, 97887
2026/07/08 16:27:01.395, 4, 29, 75584, 97887
2026/07/08 16:27:01.411, 5, 54, 75582, 97887
2026/07/08 16:27:01.426, 6, 28, 75570, 97887
2026/07/08 16:27:01.442, 7, 88, 75570, 97887
2026/07/08 16:27:02.457, 0, 0, 48704, 97887
2026/07/08 16:27:02.481, 1, 0, 48104, 97887
2026/07/08 16:27:02.500, 2, 0, 48104, 97887
2026/07/08 16:27:02.519, 3, 0, 48104, 97887
2026/07/08 16:27:02.532, 4, 39, 75584, 97887
2026/07/08 16:27:02.548, 5, 71, 75582, 97887
2026/07/08 16:27:02.556, 6, 26, 75570, 97887
2026/07/08 16:27:02.562, 7, 82, 75570, 97887
2026/07/08 16:27:03.571, 0, 0, 48704, 97887
2026/07/08 16:27:03.584, 1, 0, 48104, 97887
2026/07/08 16:27:03.598, 2, 0, 48104, 97887
2026/07/08 16:27:03.612, 3, 0, 48104, 97887
2026/07/08 16:27:03.625, 4, 33, 75584, 97887
2026/07/08 16:27:03.639, 5, 72, 75582, 97887
2026/07/08 16:27:03.657, 6, 34, 75570, 97887
2026/07/08 16:27:03.676, 7, 68, 75570, 97887
2026/07/08 16:27:04.695, 0, 0, 48704, 97887
2026/07/08 16:27:04.711, 1, 0, 48104, 97887
2026/07/08 16:27:04.726, 2, 0, 48104, 97887
2026/07/08 16:27:04.741, 3, 0, 48104, 97887
2026/07/08 16:27:04.752, 4, 42, 75584, 97887
2026/07/08 16:27:04.764, 5, 81, 75582, 97887
2026/07/08 16:27:04.778, 6, 87, 75570, 97887
2026/07/08 16:27:04.793, 7, 32, 75570, 97887
2026/07/08 16:27:05.810, 0, 0, 48704, 97887
2026/07/08 16:27:05.823, 1, 0, 48104, 97887
2026/07/08 16:27:05.836, 2, 0, 48104, 97887
2026/07/08 16:27:05.849, 3, 0, 48104, 97887
2026/07/08 16:27:05.861, 4, 42, 75584, 97887
2026/07/08 16:27:05.874, 5, 90, 75582, 97887
2026/07/08 16:27:05.889, 6, 56, 75570, 97887
2026/07/08 16:27:05.902, 7, 29, 75570, 97887
2026/07/08 16:27:06.917, 0, 0, 48704, 97887
2026/07/08 16:27:06.932, 1, 0, 48104, 97887
2026/07/08 16:27:06.943, 2, 0, 48104, 97887
2026/07/08 16:27:06.956, 3, 0, 48104, 97887
2026/07/08 16:27:06.970, 4, 39, 75584, 97887
2026/07/08 16:27:06.982, 5, 58, 75582, 97887
2026/07/08 16:27:06.994, 6, 31, 75570, 97887
2026/07/08 16:27:07.005, 7, 43, 75570, 97887
2026/07/08 16:27:08.017, 0, 0, 48704, 97887
2026/07/08 16:27:08.030, 1, 0, 48104, 97887
2026/07/08 16:27:08.041, 2, 0, 48104, 97887
2026/07/08 16:27:08.052, 3, 0, 48104, 97887
2026/07/08 16:27:08.064, 4, 43, 75584, 97887
2026/07/08 16:27:08.071, 5, 76, 75582, 97887
2026/07/08 16:27:08.079, 6, 61, 75570, 97887
2026/07/08 16:27:08.089, 7, 55, 75570, 97887
2026/07/08 16:27:09.100, 0, 0, 48704, 97887
2026/07/08 16:27:09.115, 1, 0, 48104, 97887
2026/07/08 16:27:09.129, 2, 0, 48104, 97887
2026/07/08 16:27:09.143, 3, 0, 48104, 97887
2026/07/08 16:27:09.159, 4, 34, 75584, 97887
2026/07/08 16:27:09.175, 5, 56, 75582, 97887
2026/07/08 16:27:09.191, 6, 32, 75570, 97887
2026/07/08 16:27:09.207, 7, 70, 75570, 97887
2026/07/08 16:27:10.223, 0, 0, 48704, 97887
2026/07/08 16:27:10.233, 1, 0, 48104, 97887
2026/07/08 16:27:10.243, 2, 0, 48104, 97887
2026/07/08 16:27:10.251, 3, 0, 48104, 97887
2026/07/08 16:27:10.260, 4, 44, 75584, 97887
2026/07/08 16:27:10.274, 5, 62, 75582, 97887
2026/07/08 16:27:10.284, 6, 42, 75570, 97887
2026/07/08 16:27:10.296, 7, 70, 75570, 97887
2026/07/08 16:27:11.312, 0, 0, 48704, 97887
2026/07/08 16:27:11.329, 1, 0, 48104, 97887
2026/07/08 16:27:11.348, 2, 0, 48104, 97887
2026/07/08 16:27:11.364, 3, 0, 48104, 97887
2026/07/08 16:27:11.381, 4, 0, 75584, 97887
2026/07/08 16:27:11.399, 5, 49, 75582, 97887
2026/07/08 16:27:11.417, 6, 35, 75570, 97887
2026/07/08 16:27:11.434, 7, 84, 75570, 97887
2026/07/08 16:27:12.448, 0, 0, 48704, 97887
2026/07/08 16:27:12.464, 1, 0, 48104, 97887
2026/07/08 16:27:12.478, 2, 0, 48104, 97887
2026/07/08 16:27:12.493, 3, 0, 48104, 97887
2026/07/08 16:27:12.505, 4, 0, 75584, 97887
2026/07/08 16:27:12.513, 5, 0, 75582, 97887
2026/07/08 16:27:12.519, 6, 29, 75570, 97887
2026/07/08 16:27:12.525, 7, 73, 75570, 97887
2026/07/08 16:27:13.534, 0, 0, 48704, 97887
2026/07/08 16:27:13.547, 1, 0, 48104, 97887
2026/07/08 16:27:13.560, 2, 0, 48104, 97887
2026/07/08 16:27:13.573, 3, 0, 48104, 97887
2026/07/08 16:27:13.585, 4, 89, 75584, 97887
2026/07/08 16:27:13.599, 5, 30, 75582, 97887
2026/07/08 16:27:13.612, 6, 43, 75570, 97887
2026/07/08 16:27:13.625, 7, 60, 75570, 97887
2026/07/08 16:27:14.638, 0, 0, 48704, 97887
2026/07/08 16:27:14.652, 1, 0, 48104, 97887
2026/07/08 16:27:14.668, 2, 0, 48104, 97887
2026/07/08 16:27:14.685, 3, 0, 48104, 97887
2026/07/08 16:27:14.702, 4, 60, 75584, 97887
2026/07/08 16:27:14.717, 5, 67, 75582, 97887
2026/07/08 16:27:14.732, 6, 46, 75570, 97887
2026/07/08 16:27:14.748, 7, 47, 75570, 97887
2026/07/08 16:27:15.764, 0, 0, 48704, 97887
2026/07/08 16:27:15.779, 1, 0, 48104, 97887
2026/07/08 16:27:15.794, 2, 0, 48104, 97887
2026/07/08 16:27:15.804, 3, 0, 48104, 97887
2026/07/08 16:27:15.817, 4, 54, 75584, 97887
2026/07/08 16:27:15.832, 5, 52, 75582, 97887
2026/07/08 16:27:15.848, 6, 39, 75570, 97887
2026/07/08 16:27:15.864, 7, 81, 75570, 97887
2026/07/08 16:27:16.879, 0, 0, 48704, 97887
2026/07/08 16:27:16.893, 1, 0, 48104, 97887
2026/07/08 16:27:16.907, 2, 0, 48104, 97887
2026/07/08 16:27:16.922, 3, 0, 48104, 97887
2026/07/08 16:27:16.937, 4, 47, 75584, 97887
2026/07/08 16:27:16.952, 5, 74, 75582, 97887
2026/07/08 16:27:16.969, 6, 28, 75570, 97887
2026/07/08 16:27:16.987, 7, 86, 75570, 97887
2026/07/08 16:27:18.002, 0, 0, 48704, 97887
2026/07/08 16:27:18.018, 1, 0, 48104, 97887
2026/07/08 16:27:18.033, 2, 0, 48104, 97887
2026/07/08 16:27:18.051, 3, 0, 48104, 97887
2026/07/08 16:27:18.063, 4, 91, 75584, 97887
2026/07/08 16:27:18.079, 5, 73, 75582, 97887
2026/07/08 16:27:18.095, 6, 34, 75570, 97887
2026/07/08 16:27:18.109, 7, 59, 75570, 97887
2026/07/08 16:27:19.119, 0, 0, 48704, 97887
2026/07/08 16:27:19.133, 1, 0, 48104, 97887
2026/07/08 16:27:19.144, 2, 0, 48104, 97887
2026/07/08 16:27:19.153, 3, 0, 48104, 97887
2026/07/08 16:27:19.163, 4, 46, 75584, 97887
2026/07/08 16:27:19.175, 5, 51, 75582, 97887
2026/07/08 16:27:19.189, 6, 27, 75570, 97887
2026/07/08 16:27:19.204, 7, 64, 75570, 97887
2026/07/08 16:27:20.216, 0, 0, 48704, 97887
2026/07/08 16:27:20.237, 1, 0, 48104, 97887
2026/07/08 16:27:20.252, 2, 0, 48104, 97887
2026/07/08 16:27:20.265, 3, 0, 48104, 97887
2026/07/08 16:27:20.280, 4, 45, 75584, 97887
2026/07/08 16:27:20.293, 5, 25, 75582, 97887
2026/07/08 16:27:20.308, 6, 0, 75570, 97887
2026/07/08 16:27:20.322, 7, 0, 75570, 97887
2026/07/08 16:27:21.341, 0, 0, 48704, 97887
2026/07/08 16:27:21.357, 1, 0, 48104, 97887
2026/07/08 16:27:21.371, 2, 0, 48104, 97887
2026/07/08 16:27:21.385, 3, 0, 48104, 97887
2026/07/08 16:27:21.400, 4, 68, 75584, 97887
2026/07/08 16:27:21.413, 5, 39, 75582, 97887
2026/07/08 16:27:21.427, 6, 93, 75570, 97887
2026/07/08 16:27:21.441, 7, 92, 75570, 97887
2026/07/08 16:27:22.457, 0, 0, 48704, 97887
2026/07/08 16:27:22.471, 1, 0, 48104, 97887
2026/07/08 16:27:22.484, 2, 0, 48104, 97887
2026/07/08 16:27:22.497, 3, 0, 48104, 97887
2026/07/08 16:27:22.510, 4, 42, 75584, 97887
2026/07/08 16:27:22.520, 5, 56, 75582, 97887
2026/07/08 16:27:22.527, 6, 100, 75570, 97887
2026/07/08 16:27:22.534, 7, 100, 75570, 97887
2026/07/08 16:27:23.544, 0, 0, 48704, 97887
2026/07/08 16:27:23.558, 1, 0, 48104, 97887
2026/07/08 16:27:23.571, 2, 0, 48104, 97887
2026/07/08 16:27:23.583, 3, 0, 48104, 97887
2026/07/08 16:27:23.599, 4, 74, 75584, 97887
2026/07/08 16:27:23.614, 5, 76, 75582, 97887
2026/07/08 16:27:23.630, 6, 49, 75570, 97887
2026/07/08 16:27:23.647, 7, 56, 75570, 97887
2026/07/08 16:27:24.661, 0, 0, 48704, 97887
2026/07/08 16:27:24.676, 1, 0, 48104, 97887
2026/07/08 16:27:24.689, 2, 0, 48104, 97887
2026/07/08 16:27:24.702, 3, 0, 48104, 97887
2026/07/08 16:27:24.717, 4, 88, 75584, 97887
2026/07/08 16:27:24.733, 5, 58, 75582, 97887
2026/07/08 16:27:24.748, 6, 38, 75570, 97887
2026/07/08 16:27:24.761, 7, 92, 75570, 97887
2026/07/08 16:27:25.775, 0, 0, 48704, 97887
2026/07/08 16:27:25.791, 1, 0, 48104, 97887
2026/07/08 16:27:25.807, 2, 0, 48104, 97887
2026/07/08 16:27:25.824, 3, 0, 48104, 97887
2026/07/08 16:27:25.841, 4, 88, 75584, 97887
2026/07/08 16:27:25.858, 5, 28, 75582, 97887
2026/07/08 16:27:25.876, 6, 50, 75570, 97887
2026/07/08 16:27:25.893, 7, 85, 75570, 97887
2026/07/08 16:27:26.908, 0, 0, 48704, 97887
2026/07/08 16:27:26.921, 1, 0, 48104, 97887
2026/07/08 16:27:26.934, 2, 0, 48104, 97887
2026/07/08 16:27:26.947, 3, 0, 48104, 97887
2026/07/08 16:27:26.959, 4, 93, 75584, 97887
2026/07/08 16:27:26.974, 5, 30, 75582, 97887
2026/07/08 16:27:26.986, 6, 42, 75570, 97887
2026/07/08 16:27:27.001, 7, 83, 75570, 97887
2026/07/08 16:27:28.011, 0, 0, 48704, 97887
2026/07/08 16:27:28.024, 1, 0, 48104, 97887
2026/07/08 16:27:28.038, 2, 0, 48104, 97887
2026/07/08 16:27:28.051, 3, 0, 48104, 97887
2026/07/08 16:27:28.069, 4, 38, 75584, 97887
2026/07/08 16:27:28.085, 5, 62, 75582, 97887
2026/07/08 16:27:28.097, 6, 32, 75570, 97887
2026/07/08 16:27:28.111, 7, 81, 75570, 97887
2026/07/08 16:27:29.125, 0, 0, 48704, 97887
2026/07/08 16:27:29.136, 1, 0, 48104, 97887
2026/07/08 16:27:29.147, 2, 0, 48104, 97887
2026/07/08 16:27:29.156, 3, 0, 48104, 97887
2026/07/08 16:27:29.167, 4, 78, 75584, 97887
2026/07/08 16:27:29.183, 5, 22, 75582, 97887
2026/07/08 16:27:29.197, 6, 31, 75570, 97887
2026/07/08 16:27:29.211, 7, 90, 75570, 97887
2026/07/08 16:27:30.226, 0, 0, 48704, 97887
2026/07/08 16:27:30.243, 1, 0, 48104, 97887
2026/07/08 16:27:30.257, 2, 0, 48104, 97887
2026/07/08 16:27:30.269, 3, 0, 48104, 97887
2026/07/08 16:27:30.289, 4, 93, 75584, 97887
2026/07/08 16:27:30.303, 5, 28, 75582, 97887
2026/07/08 16:27:30.316, 6, 37, 75570, 97887
2026/07/08 16:27:30.328, 7, 91, 75570, 97887
2026/07/08 16:27:31.342, 0, 0, 48704, 97887
2026/07/08 16:27:31.361, 1, 0, 48104, 97887
2026/07/08 16:27:31.379, 2, 0, 48104, 97887
2026/07/08 16:27:31.397, 3, 0, 48104, 97887
2026/07/08 16:27:31.416, 4, 94, 75584, 97887
2026/07/08 16:27:31.433, 5, 31, 75582, 97887
2026/07/08 16:27:31.448, 6, 43, 75570, 97887
2026/07/08 16:27:31.461, 7, 88, 75570, 97887
2026/07/08 16:27:32.476, 0, 0, 48704, 97887
2026/07/08 16:27:32.493, 1, 0, 48104, 97887
2026/07/08 16:27:32.509, 2, 0, 48104, 97887
2026/07/08 16:27:32.521, 3, 0, 48104, 97887
2026/07/08 16:27:32.531, 4, 88, 75584, 97887
2026/07/08 16:27:32.540, 5, 30, 75582, 97887
2026/07/08 16:27:32.553, 6, 41, 75570, 97887
2026/07/08 16:27:32.563, 7, 86, 75570, 97887
2026/07/08 16:27:33.571, 0, 0, 48704, 97887
2026/07/08 16:27:33.585, 1, 0, 48104, 97887
2026/07/08 16:27:33.598, 2, 0, 48104, 97887
2026/07/08 16:27:33.613, 3, 0, 48104, 97887
2026/07/08 16:27:33.626, 4, 0, 75584, 97887
2026/07/08 16:27:33.640, 5, 0, 75582, 97887
2026/07/08 16:27:33.653, 6, 40, 75570, 97887
2026/07/08 16:27:33.665, 7, 76, 75570, 97887
2026/07/08 16:27:34.676, 0, 0, 48704, 97887
2026/07/08 16:27:34.693, 1, 0, 48104, 97887
2026/07/08 16:27:34.711, 2, 0, 48104, 97887
2026/07/08 16:27:34.730, 3, 0, 48104, 97887
2026/07/08 16:27:34.745, 4, 36, 75584, 97887
2026/07/08 16:27:34.759, 5, 79, 75582, 97887
2026/07/08 16:27:34.777, 6, 32, 75570, 97887
2026/07/08 16:27:34.795, 7, 73, 75570, 97887
2026/07/08 16:27:35.809, 0, 0, 48704, 97887
2026/07/08 16:27:35.825, 1, 0, 48104, 97887
2026/07/08 16:27:35.837, 2, 0, 48104, 97887
2026/07/08 16:27:35.850, 3, 0, 48104, 97887
2026/07/08 16:27:35.863, 4, 50, 75584, 97887
2026/07/08 16:27:35.876, 5, 55, 75582, 97887
2026/07/08 16:27:35.891, 6, 39, 75570, 97887
2026/07/08 16:27:35.906, 7, 87, 75570, 97887
2026/07/08 16:27:36.922, 0, 0, 48704, 97887
2026/07/08 16:27:36.939, 1, 0, 48104, 97887
2026/07/08 16:27:36.954, 2, 0, 48104, 97887
2026/07/08 16:27:36.970, 3, 0, 48104, 97887
2026/07/08 16:27:36.986, 4, 63, 75584, 97887
2026/07/08 16:27:37.003, 5, 67, 75582, 97887
2026/07/08 16:27:37.034, 6, 38, 75570, 97887
2026/07/08 16:27:37.048, 7, 87, 75570, 97887
2026/07/08 16:27:38.071, 0, 0, 48704, 97887
2026/07/08 16:27:38.088, 1, 0, 48104, 97887
2026/07/08 16:27:38.105, 2, 0, 48104, 97887
2026/07/08 16:27:38.119, 3, 0, 48104, 97887
2026/07/08 16:27:38.133, 4, 89, 75584, 97887
2026/07/08 16:27:38.148, 5, 29, 75582, 97887
2026/07/08 16:27:38.163, 6, 44, 75570, 97887
2026/07/08 16:27:38.179, 7, 79, 75570, 97887
2026/07/08 16:27:39.193, 0, 0, 48704, 97887
2026/07/08 16:27:39.210, 1, 0, 48104, 97887
2026/07/08 16:27:39.228, 2, 0, 48104, 97887
2026/07/08 16:27:39.245, 3, 0, 48104, 97887
2026/07/08 16:27:39.258, 4, 63, 75584, 97887
2026/07/08 16:27:39.270, 5, 43, 75582, 97887
2026/07/08 16:27:39.287, 6, 39, 75570, 97887
2026/07/08 16:27:39.305, 7, 85, 75570, 97887
2026/07/08 16:27:40.321, 0, 0, 48704, 97887
2026/07/08 16:27:40.340, 1, 0, 48104, 97887
2026/07/08 16:27:40.354, 2, 0, 48104, 97887
2026/07/08 16:27:40.368, 3, 0, 48104, 97887
2026/07/08 16:27:40.384, 4, 50, 75584, 97887
2026/07/08 16:27:40.402, 5, 77, 75582, 97887
2026/07/08 16:27:40.423, 6, 55, 75570, 97887
2026/07/08 16:27:40.441, 7, 78, 75570, 97887
2026/07/08 16:27:41.460, 0, 0, 48704, 97887
2026/07/08 16:27:41.477, 1, 0, 48104, 97887
2026/07/08 16:27:41.495, 2, 0, 48104, 97887
2026/07/08 16:27:41.514, 3, 0, 48104, 97887
2026/07/08 16:27:41.533, 4, 39, 75584, 97887
2026/07/08 16:27:41.551, 5, 46, 75582, 97887
2026/07/08 16:27:41.566, 6, 44, 75570, 97887
2026/07/08 16:27:41.582, 7, 78, 75570, 97887
2026/07/08 16:27:42.599, 0, 0, 48704, 97887
2026/07/08 16:27:42.628, 1, 0, 48104, 97887
2026/07/08 16:27:42.656, 2, 0, 48104, 97887
2026/07/08 16:27:42.688, 3, 0, 48104, 97887
2026/07/08 16:27:42.715, 4, 25, 75584, 97887
2026/07/08 16:27:42.741, 5, 62, 75582, 97887
2026/07/08 16:27:42.760, 6, 30, 75570, 97887
2026/07/08 16:27:42.776, 7, 88, 75570, 97887
2026/07/08 16:27:43.793, 0, 0, 48704, 97887
2026/07/08 16:27:43.810, 1, 0, 48104, 97887
2026/07/08 16:27:43.827, 2, 0, 48104, 97887
2026/07/08 16:27:43.842, 3, 0, 48104, 97887
2026/07/08 16:27:43.858, 4, 46, 75584, 97887
2026/07/08 16:27:43.874, 5, 41, 75582, 97887
2026/07/08 16:27:43.892, 6, 5, 75570, 97887
2026/07/08 16:27:43.910, 7, 39, 75570, 97887
2026/07/08 16:27:44.924, 0, 0, 48704, 97887
2026/07/08 16:27:44.942, 1, 0, 48104, 97887
2026/07/08 16:27:44.959, 2, 0, 48104, 97887
2026/07/08 16:27:44.975, 3, 0, 48104, 97887
2026/07/08 16:27:44.990, 4, 45, 75584, 97887
2026/07/08 16:27:45.003, 5, 59, 75582, 97887
2026/07/08 16:27:45.015, 6, 25, 75570, 97887
2026/07/08 16:27:45.032, 7, 84, 75570, 97887
2026/07/08 16:27:46.047, 0, 0, 48704, 97887
2026/07/08 16:27:46.063, 1, 0, 48104, 97887
2026/07/08 16:27:46.080, 2, 0, 48104, 97887
2026/07/08 16:27:46.096, 3, 0, 48104, 97887
2026/07/08 16:27:46.110, 4, 43, 75584, 97887
2026/07/08 16:27:46.123, 5, 48, 75582, 97887
2026/07/08 16:27:46.137, 6, 29, 75570, 97887
2026/07/08 16:27:46.154, 7, 85, 75570, 97887
2026/07/08 16:27:47.173, 0, 0, 48704, 97887
2026/07/08 16:27:47.191, 1, 0, 48104, 97887
2026/07/08 16:27:47.208, 2, 0, 48104, 97887
2026/07/08 16:27:47.224, 3, 0, 48104, 97887
2026/07/08 16:27:47.241, 4, 71, 75584, 97887
2026/07/08 16:27:47.259, 5, 75, 75582, 97887
2026/07/08 16:27:47.275, 6, 26, 75570, 97887
2026/07/08 16:27:47.288, 7, 78, 75570, 97887
2026/07/08 16:27:48.303, 0, 0, 48704, 97887
2026/07/08 16:27:48.322, 1, 0, 48104, 97887
2026/07/08 16:27:48.341, 2, 0, 48104, 97887
2026/07/08 16:27:48.359, 3, 0, 48104, 97887
2026/07/08 16:27:48.379, 4, 40, 75584, 97887
2026/07/08 16:27:48.396, 5, 74, 75582, 97887
2026/07/08 16:27:48.414, 6, 24, 75570, 97887
2026/07/08 16:27:48.431, 7, 94, 75570, 97887
2026/07/08 16:27:49.449, 0, 0, 48704, 97887
2026/07/08 16:27:49.470, 1, 0, 48104, 97887
2026/07/08 16:27:49.488, 2, 0, 48104, 97887
2026/07/08 16:27:49.506, 3, 0, 48104, 97887
2026/07/08 16:27:49.523, 4, 71, 75584, 97887
2026/07/08 16:27:49.538, 5, 42, 75582, 97887
2026/07/08 16:27:49.553, 6, 24, 75570, 97887
2026/07/08 16:27:49.568, 7, 81, 75570, 97887
2026/07/08 16:27:50.583, 0, 0, 48704, 97887
2026/07/08 16:27:50.600, 1, 0, 48104, 97887
2026/07/08 16:27:50.616, 2, 0, 48104, 97887
2026/07/08 16:27:50.631, 3, 0, 48104, 97887
2026/07/08 16:27:50.649, 4, 77, 75584, 97887
2026/07/08 16:27:50.667, 5, 61, 75582, 97887
2026/07/08 16:27:50.686, 6, 24, 75570, 97887
2026/07/08 16:27:50.700, 7, 71, 75570, 97887
2026/07/08 16:27:51.720, 0, 0, 48704, 97887
2026/07/08 16:27:51.741, 1, 0, 48104, 97887
2026/07/08 16:27:51.760, 2, 0, 48104, 97887
2026/07/08 16:27:51.779, 3, 0, 48104, 97887
2026/07/08 16:27:51.799, 4, 44, 75584, 97887
2026/07/08 16:27:51.818, 5, 25, 75582, 97887
2026/07/08 16:27:51.837, 6, 34, 75570, 97887
2026/07/08 16:27:51.868, 7, 76, 75570, 97887
2026/07/08 16:27:52.889, 0, 0, 48704, 97887
2026/07/08 16:27:52.906, 1, 0, 48104, 97887
2026/07/08 16:27:52.923, 2, 0, 48104, 97887
2026/07/08 16:27:52.940, 3, 0, 48104, 97887
2026/07/08 16:27:52.956, 4, 26, 75584, 97887
2026/07/08 16:27:52.975, 5, 60, 75582, 97887
2026/07/08 16:27:52.992, 6, 28, 75570, 97887
2026/07/08 16:27:53.008, 7, 85, 75570, 97887
2026/07/08 16:27:54.025, 0, 0, 48704, 97887
2026/07/08 16:27:54.042, 1, 0, 48104, 97887
2026/07/08 16:27:54.058, 2, 0, 48104, 97887
2026/07/08 16:27:54.072, 3, 0, 48104, 97887
2026/07/08 16:27:54.083, 4, 24, 75584, 97887
2026/07/08 16:27:54.096, 5, 73, 75582, 97887
2026/07/08 16:27:54.110, 6, 26, 75570, 97887
2026/07/08 16:27:54.127, 7, 80, 75570, 97887
2026/07/08 16:27:55.145, 0, 0, 48704, 97887
2026/07/08 16:27:55.163, 1, 0, 48104, 97887
2026/07/08 16:27:55.181, 2, 0, 48104, 97887
2026/07/08 16:27:55.196, 3, 0, 48104, 97887
2026/07/08 16:27:55.213, 4, 0, 75584, 97887
2026/07/08 16:27:55.231, 5, 0, 75582, 97887
2026/07/08 16:27:55.246, 6, 33, 75570, 97887
2026/07/08 16:27:55.264, 7, 82, 75570, 97887
2026/07/08 16:27:56.278, 0, 0, 48704, 97887
2026/07/08 16:27:56.293, 1, 0, 48104, 97887
2026/07/08 16:27:56.307, 2, 0, 48104, 97887
2026/07/08 16:27:56.320, 3, 0, 48104, 97887
2026/07/08 16:27:56.333, 4, 36, 75584, 97887
2026/07/08 16:27:56.350, 5, 60, 75582, 97887
2026/07/08 16:27:56.366, 6, 28, 75570, 97887
2026/07/08 16:27:56.381, 7, 77, 75570, 97887
2026/07/08 16:27:57.394, 0, 0, 48704, 97887
2026/07/08 16:27:57.406, 1, 0, 48104, 97887
2026/07/08 16:27:57.417, 2, 0, 48104, 97887
2026/07/08 16:27:57.428, 3, 0, 48104, 97887
2026/07/08 16:27:57.439, 4, 41, 75584, 97887
2026/07/08 16:27:57.449, 5, 36, 75582, 97887
2026/07/08 16:27:57.457, 6, 36, 75570, 97887
2026/07/08 16:27:57.466, 7, 68, 75570, 97887
2026/07/08 16:27:58.479, 0, 0, 48704, 97887
2026/07/08 16:27:58.494, 1, 0, 48104, 97887
2026/07/08 16:27:58.508, 2, 0, 48104, 97887
2026/07/08 16:27:58.524, 3, 0, 48104, 97887
2026/07/08 16:27:58.539, 4, 44, 75584, 97887
2026/07/08 16:27:58.553, 5, 52, 75582, 97887
2026/07/08 16:27:58.567, 6, 29, 75570, 97887
2026/07/08 16:27:58.581, 7, 79, 75570, 97887
2026/07/08 16:27:59.597, 0, 0, 48704, 97887
2026/07/08 16:27:59.610, 1, 0, 48104, 97887
2026/07/08 16:27:59.619, 2, 0, 48104, 97887
2026/07/08 16:27:59.634, 3, 0, 48104, 97887
2026/07/08 16:27:59.650, 4, 25, 75584, 97887
2026/07/08 16:27:59.667, 5, 71, 75582, 97887
2026/07/08 16:27:59.682, 6, 30, 75570, 97887
2026/07/08 16:27:59.696, 7, 87, 75570, 97887
2026/07/08 16:28:00.710, 0, 0, 48704, 97887
2026/07/08 16:28:00.726, 1, 0, 48104, 97887
2026/07/08 16:28:00.740, 2, 0, 48104, 97887
2026/07/08 16:28:00.754, 3, 0, 48104, 97887
2026/07/08 16:28:00.770, 4, 32, 75584, 97887
2026/07/08 16:28:00.786, 5, 71, 75582, 97887
2026/07/08 16:28:00.800, 6, 44, 75570, 97887
2026/07/08 16:28:00.813, 7, 53, 75570, 97887
2026/07/08 16:28:01.828, 0, 0, 48704, 97887
2026/07/08 16:28:01.842, 1, 0, 48104, 97887
2026/07/08 16:28:01.854, 2, 0, 48104, 97887
2026/07/08 16:28:01.866, 3, 0, 48104, 97887
2026/07/08 16:28:01.877, 4, 32, 75584, 97887
2026/07/08 16:28:01.889, 5, 94, 75582, 97887
2026/07/08 16:28:01.903, 6, 32, 75570, 97887
2026/07/08 16:28:01.918, 7, 74, 75570, 97887
2026/07/08 16:28:02.931, 0, 0, 48704, 97887
2026/07/08 16:28:02.947, 1, 0, 48104, 97887
2026/07/08 16:28:02.961, 2, 0, 48104, 97887
2026/07/08 16:28:02.976, 3, 0, 48104, 97887
2026/07/08 16:28:02.991, 4, 41, 75584, 97887
2026/07/08 16:28:03.006, 5, 71, 75582, 97887
2026/07/08 16:28:03.018, 6, 35, 75570, 97887
2026/07/08 16:28:03.032, 7, 48, 75570, 97887
2026/07/08 16:28:04.045, 0, 0, 48704, 97887
2026/07/08 16:28:04.057, 1, 0, 48104, 97887
2026/07/08 16:28:04.068, 2, 0, 48104, 97887
2026/07/08 16:28:04.083, 3, 0, 48104, 97887
2026/07/08 16:28:04.095, 4, 34, 75584, 97887
2026/07/08 16:28:04.107, 5, 88, 75582, 97887
2026/07/08 16:28:04.122, 6, 27, 75570, 97887
2026/07/08 16:28:04.133, 7, 82, 75570, 97887
2026/07/08 16:28:05.139, 0, 0, 48704, 97887
2026/07/08 16:28:05.152, 1, 0, 48104, 97887
2026/07/08 16:28:05.165, 2, 0, 48104, 97887
2026/07/08 16:28:05.179, 3, 0, 48104, 97887
2026/07/08 16:28:05.191, 4, 44, 75584, 97887
2026/07/08 16:28:05.203, 5, 92, 75582, 97887
2026/07/08 16:28:05.214, 6, 29, 75570, 97887
2026/07/08 16:28:05.229, 7, 77, 75570, 97887
2026/07/08 16:28:06.243, 0, 0, 48704, 97887
2026/07/08 16:28:06.252, 1, 0, 48104, 97887
2026/07/08 16:28:06.263, 2, 0, 48104, 97887
2026/07/08 16:28:06.271, 3, 0, 48104, 97887
2026/07/08 16:28:06.281, 4, 32, 75584, 97887
2026/07/08 16:28:06.299, 5, 80, 75582, 97887
2026/07/08 16:28:06.312, 6, 26, 75570, 97887
2026/07/08 16:28:06.323, 7, 69, 75570, 97887
2026/07/08 16:28:07.338, 0, 0, 48704, 97887
2026/07/08 16:28:07.350, 1, 0, 48104, 97887
2026/07/08 16:28:07.364, 2, 0, 48104, 97887
2026/07/08 16:28:07.377, 3, 0, 48104, 97887
2026/07/08 16:28:07.391, 4, 43, 75584, 97887
2026/07/08 16:28:07.406, 5, 92, 75582, 97887
2026/07/08 16:28:07.422, 6, 44, 75570, 97887
2026/07/08 16:28:07.437, 7, 70, 75570, 97887
2026/07/08 16:28:08.450, 0, 0, 48704, 97887
2026/07/08 16:28:08.462, 1, 0, 48104, 97887
2026/07/08 16:28:08.474, 2, 0, 48104, 97887
2026/07/08 16:28:08.485, 3, 0, 48104, 97887
2026/07/08 16:28:08.496, 4, 36, 75584, 97887
2026/07/08 16:28:08.511, 5, 51, 75582, 97887
2026/07/08 16:28:08.521, 6, 28, 75570, 97887
2026/07/08 16:28:08.533, 7, 95, 75570, 97887
2026/07/08 16:28:09.544, 0, 0, 48704, 97887
2026/07/08 16:28:09.562, 1, 0, 48104, 97887
2026/07/08 16:28:09.581, 2, 0, 48104, 97887
2026/07/08 16:28:09.601, 3, 0, 48104, 97887
2026/07/08 16:28:09.620, 4, 43, 75584, 97887
2026/07/08 16:28:09.638, 5, 75, 75582, 97887
2026/07/08 16:28:09.656, 6, 47, 75570, 97887
2026/07/08 16:28:09.671, 7, 56, 75570, 97887
2026/07/08 16:28:10.690, 0, 0, 48704, 97887
2026/07/08 16:28:10.703, 1, 0, 48104, 97887
2026/07/08 16:28:10.715, 2, 0, 48104, 97887
2026/07/08 16:28:10.728, 3, 0, 48104, 97887
2026/07/08 16:28:10.742, 4, 50, 75584, 97887
2026/07/08 16:28:10.756, 5, 27, 75582, 97887
2026/07/08 16:28:10.771, 6, 32, 75570, 97887
2026/07/08 16:28:10.782, 7, 82, 75570, 97887
2026/07/08 16:28:11.798, 0, 0, 48704, 97887
2026/07/08 16:28:11.815, 1, 0, 48104, 97887
2026/07/08 16:28:11.832, 2, 0, 48104, 97887
2026/07/08 16:28:11.847, 3, 0, 48104, 97887
2026/07/08 16:28:11.862, 4, 69, 75584, 97887
2026/07/08 16:28:11.876, 5, 33, 75582, 97887
2026/07/08 16:28:11.891, 6, 22, 75570, 97887
2026/07/08 16:28:11.904, 7, 74, 75570, 97887
2026/07/08 16:28:12.918, 0, 0, 48704, 97887
2026/07/08 16:28:12.929, 1, 0, 48104, 97887
2026/07/08 16:28:12.942, 2, 0, 48104, 97887
2026/07/08 16:28:12.953, 3, 0, 48104, 97887
2026/07/08 16:28:12.965, 4, 54, 75584, 97887
2026/07/08 16:28:12.976, 5, 26, 75582, 97887
2026/07/08 16:28:12.987, 6, 50, 75570, 97887
2026/07/08 16:28:12.998, 7, 57, 75570, 97887
2026/07/08 16:28:14.009, 0, 0, 48704, 97887
2026/07/08 16:28:14.025, 1, 0, 48104, 97887
2026/07/08 16:28:14.040, 2, 0, 48104, 97887
2026/07/08 16:28:14.056, 3, 0, 48104, 97887
2026/07/08 16:28:14.072, 4, 55, 75584, 97887
2026/07/08 16:28:14.085, 5, 30, 75582, 97887
2026/07/08 16:28:14.102, 6, 33, 75570, 97887
2026/07/08 16:28:14.113, 7, 87, 75570, 97887
2026/07/08 16:28:15.127, 0, 0, 48704, 97887
2026/07/08 16:28:15.144, 1, 0, 48104, 97887
2026/07/08 16:28:15.157, 2, 0, 48104, 97887
2026/07/08 16:28:15.170, 3, 0, 48104, 97887
2026/07/08 16:28:15.185, 4, 39, 75584, 97887
2026/07/08 16:28:15.201, 5, 57, 75582, 97887
2026/07/08 16:28:15.217, 6, 32, 75570, 97887
2026/07/08 16:28:15.230, 7, 80, 75570, 97887
2026/07/08 16:28:16.244, 0, 0, 48704, 97887
2026/07/08 16:28:16.257, 1, 0, 48104, 97887
2026/07/08 16:28:16.272, 2, 0, 48104, 97887
2026/07/08 16:28:16.287, 3, 0, 48104, 97887
2026/07/08 16:28:16.303, 4, 30, 75584, 97887
2026/07/08 16:28:16.316, 5, 43, 75582, 97887
2026/07/08 16:28:16.330, 6, 34, 75570, 97887
2026/07/08 16:28:16.348, 7, 68, 75570, 97887
2026/07/08 16:28:17.363, 0, 0, 48704, 97887
2026/07/08 16:28:17.378, 1, 0, 48104, 97887
2026/07/08 16:28:17.394, 2, 0, 48104, 97887
2026/07/08 16:28:17.411, 3, 0, 48104, 97887
2026/07/08 16:28:17.429, 4, 36, 75584, 97887
2026/07/08 16:28:17.443, 5, 46, 75582, 97887
2026/07/08 16:28:17.458, 6, 37, 75570, 97887
2026/07/08 16:28:17.476, 7, 68, 75570, 97887
2026/07/08 16:28:18.493, 0, 0, 48704, 97887
2026/07/08 16:28:18.507, 1, 0, 48104, 97887
2026/07/08 16:28:18.522, 2, 0, 48104, 97887
2026/07/08 16:28:18.539, 3, 0, 48104, 97887
2026/07/08 16:28:18.551, 4, 56, 75584, 97887
2026/07/08 16:28:18.561, 5, 80, 75582, 97887
2026/07/08 16:28:18.580, 6, 24, 75570, 97887
2026/07/08 16:28:18.592, 7, 82, 75570, 97887
2026/07/08 16:28:19.602, 0, 0, 48704, 97887
2026/07/08 16:28:19.617, 1, 0, 48104, 97887
2026/07/08 16:28:19.632, 2, 0, 48104, 97887
2026/07/08 16:28:19.648, 3, 0, 48104, 97887
2026/07/08 16:28:19.664, 4, 61, 75584, 97887
2026/07/08 16:28:19.679, 5, 63, 75582, 97887
2026/07/08 16:28:19.695, 6, 31, 75570, 97887
2026/07/08 16:28:19.712, 7, 89, 75570, 97887
2026/07/08 16:28:20.735, 0, 0, 48704, 97887
2026/07/08 16:28:20.751, 1, 0, 48104, 97887
2026/07/08 16:28:20.768, 2, 0, 48104, 97887
2026/07/08 16:28:20.784, 3, 0, 48104, 97887
2026/07/08 16:28:20.801, 4, 66, 75584, 97887
2026/07/08 16:28:20.817, 5, 26, 75582, 97887
2026/07/08 16:28:20.835, 6, 25, 75570, 97887
2026/07/08 16:28:20.851, 7, 72, 75570, 97887
2026/07/08 16:28:21.869, 0, 0, 48704, 97887
2026/07/08 16:28:21.890, 1, 0, 48104, 97887
2026/07/08 16:28:21.908, 2, 0, 48104, 97887
2026/07/08 16:28:21.936, 3, 0, 48104, 97887
2026/07/08 16:28:21.954, 4, 37, 75584, 97887
2026/07/08 16:28:21.971, 5, 54, 75582, 97887
2026/07/08 16:28:21.988, 6, 90, 75570, 97887
2026/07/08 16:28:22.006, 7, 49, 75570, 97887
2026/07/08 16:28:23.023, 0, 0, 48704, 97887
2026/07/08 16:28:23.038, 1, 0, 48104, 97887
2026/07/08 16:28:23.054, 2, 0, 48104, 97887
2026/07/08 16:28:23.071, 3, 0, 48104, 97887
2026/07/08 16:28:23.087, 4, 67, 75584, 97887
2026/07/08 16:28:23.104, 5, 29, 75582, 97887
2026/07/08 16:28:23.121, 6, 46, 75570, 97887
2026/07/08 16:28:23.137, 7, 20, 75570, 97887
2026/07/08 16:28:24.156, 0, 0, 48704, 97887
2026/07/08 16:28:24.170, 1, 0, 48104, 97887
2026/07/08 16:28:24.183, 2, 0, 48104, 97887
2026/07/08 16:28:24.198, 3, 0, 48104, 97887
2026/07/08 16:28:24.212, 4, 55, 75584, 97887
2026/07/08 16:28:24.230, 5, 44, 75582, 97887
2026/07/08 16:28:24.247, 6, 57, 75570, 97887
2026/07/08 16:28:24.264, 7, 27, 75570, 97887
2026/07/08 16:28:25.279, 0, 0, 48704, 97887
2026/07/08 16:28:25.298, 1, 0, 48104, 97887
2026/07/08 16:28:25.317, 2, 0, 48104, 97887
2026/07/08 16:28:25.336, 3, 0, 48104, 97887
2026/07/08 16:28:25.357, 4, 93, 75584, 97887
2026/07/08 16:28:25.373, 5, 25, 75582, 97887
2026/07/08 16:28:25.391, 6, 92, 75570, 97887
2026/07/08 16:28:25.409, 7, 36, 75570, 97887
2026/07/08 16:28:26.428, 0, 0, 48704, 97887
2026/07/08 16:28:26.444, 1, 0, 48104, 97887
2026/07/08 16:28:26.458, 2, 0, 48104, 97887
2026/07/08 16:28:26.476, 3, 0, 48104, 97887
2026/07/08 16:28:26.494, 4, 41, 75584, 97887
2026/07/08 16:28:26.517, 5, 38, 75582, 97887
2026/07/08 16:28:26.534, 6, 84, 75570, 97887
2026/07/08 16:28:26.553, 7, 26, 75570, 97887
2026/07/08 16:28:27.570, 0, 0, 48704, 97887
2026/07/08 16:28:27.590, 1, 0, 48104, 97887
2026/07/08 16:28:27.607, 2, 0, 48104, 97887
2026/07/08 16:28:27.627, 3, 0, 48104, 97887
2026/07/08 16:28:27.644, 4, 30, 75584, 97887
2026/07/08 16:28:27.662, 5, 82, 75582, 97887
2026/07/08 16:28:27.673, 6, 69, 75570, 97887
2026/07/08 16:28:27.691, 7, 44, 75570, 97887
2026/07/08 16:28:28.709, 0, 0, 48704, 97887
2026/07/08 16:28:28.725, 1, 0, 48104, 97887
2026/07/08 16:28:28.742, 2, 0, 48104, 97887
2026/07/08 16:28:28.757, 3, 0, 48104, 97887
2026/07/08 16:28:28.776, 4, 59, 75584, 97887
2026/07/08 16:28:28.787, 5, 31, 75582, 97887
2026/07/08 16:28:28.799, 6, 77, 75570, 97887
2026/07/08 16:28:28.816, 7, 30, 75570, 97887
2026/07/08 16:28:29.832, 0, 0, 48704, 97887
2026/07/08 16:28:29.850, 1, 0, 48104, 97887
2026/07/08 16:28:29.865, 2, 0, 48104, 97887
2026/07/08 16:28:29.884, 3, 0, 48104, 97887
2026/07/08 16:28:29.902, 4, 30, 75584, 97887
2026/07/08 16:28:29.922, 5, 52, 75582, 97887
2026/07/08 16:28:29.939, 6, 83, 75570, 97887
2026/07/08 16:28:29.958, 7, 60, 75570, 97887
2026/07/08 16:28:30.973, 0, 0, 48704, 97887
2026/07/08 16:28:30.992, 1, 0, 48104, 97887
2026/07/08 16:28:31.011, 2, 0, 48104, 97887
2026/07/08 16:28:31.030, 3, 0, 48104, 97887
2026/07/08 16:28:31.047, 4, 36, 75584, 97887
2026/07/08 16:28:31.063, 5, 68, 75582, 97887
2026/07/08 16:28:31.080, 6, 29, 75570, 97887
2026/07/08 16:28:31.097, 7, 85, 75570, 97887
2026/07/08 16:28:32.115, 0, 0, 48704, 97887
2026/07/08 16:28:32.130, 1, 0, 48104, 97887
2026/07/08 16:28:32.145, 2, 0, 48104, 97887
2026/07/08 16:28:32.161, 3, 0, 48104, 97887
2026/07/08 16:28:32.176, 4, 40, 75584, 97887
2026/07/08 16:28:32.190, 5, 65, 75582, 97887
2026/07/08 16:28:32.204, 6, 58, 75570, 97887
2026/07/08 16:28:32.219, 7, 56, 75570, 97887
2026/07/08 16:28:33.235, 0, 0, 48704, 97887
2026/07/08 16:28:33.256, 1, 0, 48104, 97887
2026/07/08 16:28:33.276, 2, 0, 48104, 97887
2026/07/08 16:28:33.294, 3, 0, 48104, 97887
2026/07/08 16:28:33.313, 4, 66, 75584, 97887
2026/07/08 16:28:33.330, 5, 53, 75582, 97887
2026/07/08 16:28:33.349, 6, 34, 75570, 97887
2026/07/08 16:28:33.367, 7, 73, 75570, 97887
2026/07/08 16:28:34.385, 0, 0, 48704, 97887
2026/07/08 16:28:34.405, 1, 0, 48104, 97887
2026/07/08 16:28:34.423, 2, 0, 48104, 97887
2026/07/08 16:28:34.441, 3, 0, 48104, 97887
2026/07/08 16:28:34.460, 4, 21, 75584, 97887
2026/07/08 16:28:34.476, 5, 49, 75582, 97887
2026/07/08 16:28:34.497, 6, 32, 75570, 97887
2026/07/08 16:28:34.517, 7, 65, 75570, 97887
2026/07/08 16:28:35.534, 0, 0, 48704, 97887
2026/07/08 16:28:35.549, 1, 0, 48104, 97887
2026/07/08 16:28:35.562, 2, 0, 48104, 97887
2026/07/08 16:28:35.578, 3, 0, 48104, 97887
2026/07/08 16:28:35.593, 4, 0, 75584, 97887
2026/07/08 16:28:35.610, 5, 0, 75582, 97887
2026/07/08 16:28:35.626, 6, 29, 75570, 97887
2026/07/08 16:28:35.641, 7, 77, 75570, 97887
2026/07/08 16:28:36.655, 0, 0, 48704, 97887
2026/07/08 16:28:36.673, 1, 0, 48104, 97887
2026/07/08 16:28:36.692, 2, 0, 48104, 97887
2026/07/08 16:28:36.712, 3, 0, 48104, 97887
2026/07/08 16:28:36.730, 4, 31, 75584, 97887
2026/07/08 16:28:36.749, 5, 85, 75582, 97887
2026/07/08 16:28:36.766, 6, 30, 75570, 97887
2026/07/08 16:28:36.784, 7, 84, 75570, 97887
2026/07/08 16:28:37.803, 0, 0, 48704, 97887
2026/07/08 16:28:37.820, 1, 0, 48104, 97887
2026/07/08 16:28:37.839, 2, 0, 48104, 97887
2026/07/08 16:28:37.858, 3, 0, 48104, 97887
2026/07/08 16:28:37.875, 4, 23, 75584, 97887
2026/07/08 16:28:37.896, 5, 84, 75582, 97887
2026/07/08 16:28:37.913, 6, 35, 75570, 97887
2026/07/08 16:28:37.928, 7, 52, 75570, 97887
2026/07/08 16:28:38.945, 0, 0, 48704, 97887
2026/07/08 16:28:38.961, 1, 0, 48104, 97887
2026/07/08 16:28:38.977, 2, 0, 48104, 97887
2026/07/08 16:28:38.992, 3, 0, 48104, 97887
2026/07/08 16:28:39.007, 4, 25, 75584, 97887
2026/07/08 16:28:39.026, 5, 86, 75582, 97887
2026/07/08 16:28:39.043, 6, 31, 75570, 97887
2026/07/08 16:28:39.059, 7, 90, 75570, 97887
2026/07/08 16:28:40.073, 0, 0, 48704, 97887
2026/07/08 16:28:40.090, 1, 0, 48104, 97887
2026/07/08 16:28:40.109, 2, 0, 48104, 97887
2026/07/08 16:28:40.130, 3, 0, 48104, 97887
2026/07/08 16:28:40.146, 4, 30, 75584, 97887
2026/07/08 16:28:40.163, 5, 81, 75582, 97887
2026/07/08 16:28:40.180, 6, 26, 75570, 97887
2026/07/08 16:28:40.198, 7, 85, 75570, 97887
2026/07/08 16:28:41.214, 0, 0, 48704, 97887
2026/07/08 16:28:41.229, 1, 0, 48104, 97887
2026/07/08 16:28:41.240, 2, 0, 48104, 97887
2026/07/08 16:28:41.251, 3, 0, 48104, 97887
2026/07/08 16:28:41.265, 4, 30, 75584, 97887
2026/07/08 16:28:41.281, 5, 71, 75582, 97887
2026/07/08 16:28:41.296, 6, 31, 75570, 97887
2026/07/08 16:28:41.314, 7, 86, 75570, 97887
2026/07/08 16:28:42.330, 0, 0, 48704, 97887
2026/07/08 16:28:42.350, 1, 0, 48104, 97887
2026/07/08 16:28:42.369, 2, 0, 48104, 97887
2026/07/08 16:28:42.388, 3, 0, 48104, 97887
2026/07/08 16:28:42.408, 4, 33, 75584, 97887
2026/07/08 16:28:42.427, 5, 74, 75582, 97887
2026/07/08 16:28:42.445, 6, 35, 75570, 97887
2026/07/08 16:28:42.463, 7, 86, 75570, 97887
2026/07/08 16:28:43.483, 0, 0, 48704, 97887
2026/07/08 16:28:43.499, 1, 0, 48104, 97887
2026/07/08 16:28:43.513, 2, 0, 48104, 97887
2026/07/08 16:28:43.528, 3, 0, 48104, 97887
2026/07/08 16:28:43.544, 4, 25, 75584, 97887
2026/07/08 16:28:43.562, 5, 72, 75582, 97887
2026/07/08 16:28:43.580, 6, 24, 75570, 97887
2026/07/08 16:28:43.597, 7, 85, 75570, 97887
2026/07/08 16:28:44.612, 0, 0, 48704, 97887
2026/07/08 16:28:44.630, 1, 0, 48104, 97887
2026/07/08 16:28:44.651, 2, 0, 48104, 97887
2026/07/08 16:28:44.669, 3, 0, 48104, 97887
2026/07/08 16:28:44.687, 4, 29, 75584, 97887
2026/07/08 16:28:44.705, 5, 77, 75582, 97887
2026/07/08 16:28:44.721, 6, 32, 75570, 97887
2026/07/08 16:28:44.740, 7, 73, 75570, 97887
2026/07/08 16:28:45.757, 0, 0, 48704, 97887
2026/07/08 16:28:45.772, 1, 0, 48104, 97887
2026/07/08 16:28:45.784, 2, 0, 48104, 97887
2026/07/08 16:28:45.797, 3, 0, 48104, 97887
2026/07/08 16:28:45.810, 4, 25, 75584, 97887
2026/07/08 16:28:45.823, 5, 72, 75582, 97887
2026/07/08 16:28:45.838, 6, 27, 75570, 97887
2026/07/08 16:28:45.851, 7, 93, 75570, 97887
2026/07/08 16:28:46.868, 0, 0, 48704, 97887
2026/07/08 16:28:46.884, 1, 0, 48104, 97887
2026/07/08 16:28:46.898, 2, 0, 48104, 97887
2026/07/08 16:28:46.913, 3, 0, 48104, 97887
2026/07/08 16:28:46.928, 4, 36, 75584, 97887
2026/07/08 16:28:46.943, 5, 79, 75582, 97887
2026/07/08 16:28:46.957, 6, 20, 75570, 97887
2026/07/08 16:28:46.972, 7, 82, 75570, 97887
2026/07/08 16:28:47.985, 0, 0, 48704, 97887
2026/07/08 16:28:48.003, 1, 0, 48104, 97887
2026/07/08 16:28:48.020, 2, 0, 48104, 97887
2026/07/08 16:28:48.058, 3, 0, 48104, 97887
2026/07/08 16:28:48.075, 4, 34, 75584, 97887
2026/07/08 16:28:48.092, 5, 67, 75582, 97887
2026/07/08 16:28:48.123, 6, 26, 75570, 97887
2026/07/08 16:28:48.142, 7, 75, 75570, 97887
2026/07/08 16:28:49.168, 0, 0, 48704, 97887
2026/07/08 16:28:49.184, 1, 0, 48104, 97887
2026/07/08 16:28:49.199, 2, 0, 48104, 97887
2026/07/08 16:28:49.214, 3, 0, 48104, 97887
2026/07/08 16:28:49.230, 4, 32, 75584, 97887
2026/07/08 16:28:49.245, 5, 71, 75582, 97887
2026/07/08 16:28:49.261, 6, 35, 75570, 97887
2026/07/08 16:28:49.278, 7, 89, 75570, 97887
2026/07/08 16:28:50.295, 0, 0, 48704, 97887
2026/07/08 16:28:50.310, 1, 0, 48104, 97887
2026/07/08 16:28:50.323, 2, 0, 48104, 97887
2026/07/08 16:28:50.339, 3, 0, 48104, 97887
2026/07/08 16:28:50.352, 4, 29, 75584, 97887
2026/07/08 16:28:50.366, 5, 65, 75582, 97887
2026/07/08 16:28:50.382, 6, 28, 75570, 97887
2026/07/08 16:28:50.396, 7, 80, 75570, 97887
2026/07/08 16:28:51.411, 0, 0, 48704, 97887
2026/07/08 16:28:51.426, 1, 0, 48104, 97887
2026/07/08 16:28:51.440, 2, 0, 48104, 97887
2026/07/08 16:28:51.453, 3, 0, 48104, 97887
2026/07/08 16:28:51.469, 4, 37, 75584, 97887
2026/07/08 16:28:51.482, 5, 67, 75582, 97887
2026/07/08 16:28:51.497, 6, 39, 75570, 97887
2026/07/08 16:28:51.513, 7, 71, 75570, 97887
2026/07/08 16:28:52.528, 0, 0, 48704, 97887
2026/07/08 16:28:52.543, 1, 0, 48104, 97887
2026/07/08 16:28:52.556, 2, 0, 48104, 97887
2026/07/08 16:28:52.566, 3, 0, 48104, 97887
2026/07/08 16:28:52.575, 4, 50, 75584, 97887
2026/07/08 16:28:52.592, 5, 84, 75582, 97887
2026/07/08 16:28:52.609, 6, 24, 75570, 97887
2026/07/08 16:28:52.624, 7, 88, 75570, 97887
2026/07/08 16:28:53.641, 0, 0, 48704, 97887
2026/07/08 16:28:53.662, 1, 0, 48104, 97887
2026/07/08 16:28:53.690, 2, 0, 48104, 97887
2026/07/08 16:28:53.706, 3, 0, 48104, 97887
2026/07/08 16:28:53.725, 4, 40, 75584, 97887
2026/07/08 16:28:53.743, 5, 79, 75582, 97887
2026/07/08 16:28:53.755, 6, 25, 75570, 97887
2026/07/08 16:28:53.771, 7, 80, 75570, 97887
2026/07/08 16:28:54.784, 0, 0, 48704, 97887
2026/07/08 16:28:54.805, 1, 0, 48104, 97887
2026/07/08 16:28:54.824, 2, 0, 48104, 97887
2026/07/08 16:28:54.841, 3, 0, 48104, 97887
2026/07/08 16:28:54.858, 4, 46, 75584, 97887
2026/07/08 16:28:54.874, 5, 56, 75582, 97887
2026/07/08 16:28:54.885, 6, 28, 75570, 97887
2026/07/08 16:28:54.898, 7, 75, 75570, 97887
2026/07/08 16:28:55.913, 0, 0, 48704, 97887
2026/07/08 16:28:55.930, 1, 0, 48104, 97887
2026/07/08 16:28:55.947, 2, 0, 48104, 97887
2026/07/08 16:28:55.965, 3, 0, 48104, 97887
2026/07/08 16:28:55.980, 4, 31, 75584, 97887
2026/07/08 16:28:55.998, 5, 75, 75582, 97887
2026/07/08 16:28:56.012, 6, 35, 75570, 97887
2026/07/08 16:28:56.026, 7, 54, 75570, 97887
2026/07/08 16:28:57.041, 0, 0, 48704, 97887
2026/07/08 16:28:57.059, 1, 0, 48104, 97887
2026/07/08 16:28:57.074, 2, 0, 48104, 97887
2026/07/08 16:28:57.091, 3, 0, 48104, 97887
2026/07/08 16:28:57.107, 4, 26, 75584, 97887
2026/07/08 16:28:57.127, 5, 86, 75582, 97887
2026/07/08 16:28:57.146, 6, 20, 75570, 97887
2026/07/08 16:28:57.165, 7, 80, 75570, 97887
2026/07/08 16:28:58.185, 0, 0, 48704, 97887
2026/07/08 16:28:58.201, 1, 0, 48104, 97887
2026/07/08 16:28:58.216, 2, 0, 48104, 97887
2026/07/08 16:28:58.233, 3, 0, 48104, 97887
2026/07/08 16:28:58.249, 4, 26, 75584, 97887
2026/07/08 16:28:58.265, 5, 88, 75582, 97887
2026/07/08 16:28:58.284, 6, 35, 75570, 97887
2026/07/08 16:28:58.300, 7, 55, 75570, 97887
2026/07/08 16:28:59.317, 0, 0, 48704, 97887
2026/07/08 16:28:59.333, 1, 0, 48104, 97887
2026/07/08 16:28:59.347, 2, 0, 48104, 97887
2026/07/08 16:28:59.361, 3, 0, 48104, 97887
2026/07/08 16:28:59.376, 4, 39, 75584, 97887
2026/07/08 16:28:59.395, 5, 88, 75582, 97887
2026/07/08 16:28:59.409, 6, 24, 75570, 97887
2026/07/08 16:28:59.424, 7, 82, 75570, 97887
2026/07/08 16:29:00.439, 0, 0, 48704, 97887
2026/07/08 16:29:00.457, 1, 0, 48104, 97887
2026/07/08 16:29:00.473, 2, 0, 48104, 97887
2026/07/08 16:29:00.496, 3, 0, 48104, 97887
2026/07/08 16:29:00.515, 4, 26, 75584, 97887
2026/07/08 16:29:00.531, 5, 88, 75582, 97887
2026/07/08 16:29:00.550, 6, 30, 75570, 97887
2026/07/08 16:29:00.565, 7, 70, 75570, 97887
2026/07/08 16:29:01.582, 0, 0, 48704, 97887
2026/07/08 16:29:01.600, 1, 0, 48104, 97887
2026/07/08 16:29:01.616, 2, 0, 48104, 97887
2026/07/08 16:29:01.631, 3, 0, 48104, 97887
2026/07/08 16:29:01.643, 4, 42, 75584, 97887
2026/07/08 16:29:01.659, 5, 65, 75582, 97887
2026/07/08 16:29:01.674, 6, 16, 75570, 97887
2026/07/08 16:29:01.691, 7, 89, 75570, 97887
2026/07/08 16:29:02.707, 0, 0, 48704, 97887
2026/07/08 16:29:02.724, 1, 0, 48104, 97887
2026/07/08 16:29:02.740, 2, 0, 48104, 97887
2026/07/08 16:29:02.753, 3, 0, 48104, 97887
2026/07/08 16:29:02.770, 4, 27, 75584, 97887
2026/07/08 16:29:02.786, 5, 81, 75582, 97887
2026/07/08 16:29:02.801, 6, 27, 75570, 97887
2026/07/08 16:29:02.815, 7, 91, 75570, 97887
2026/07/08 16:29:03.830, 0, 0, 48704, 97887
2026/07/08 16:29:03.848, 1, 0, 48104, 97887
2026/07/08 16:29:03.866, 2, 0, 48104, 97887
2026/07/08 16:29:03.885, 3, 0, 48104, 97887
2026/07/08 16:29:03.900, 4, 75, 75584, 97887
2026/07/08 16:29:03.911, 5, 60, 75582, 97887
2026/07/08 16:29:03.925, 6, 26, 75570, 97887
2026/07/08 16:29:03.943, 7, 71, 75570, 97887
2026/07/08 16:29:04.962, 0, 0, 48704, 97887
2026/07/08 16:29:04.977, 1, 0, 48104, 97887
2026/07/08 16:29:04.993, 2, 0, 48104, 97887
2026/07/08 16:29:05.010, 3, 0, 48104, 97887
2026/07/08 16:29:05.026, 4, 40, 75584, 97887
2026/07/08 16:29:05.040, 5, 76, 75582, 97887
2026/07/08 16:29:05.049, 6, 25, 75570, 97887
2026/07/08 16:29:05.066, 7, 72, 75570, 97887
2026/07/08 16:29:06.085, 0, 0, 48704, 97887
2026/07/08 16:29:06.101, 1, 0, 48104, 97887
2026/07/08 16:29:06.118, 2, 0, 48104, 97887
2026/07/08 16:29:06.137, 3, 0, 48104, 97887
2026/07/08 16:29:06.155, 4, 23, 75584, 97887
2026/07/08 16:29:06.174, 5, 76, 75582, 97887
2026/07/08 16:29:06.188, 6, 25, 75570, 97887
2026/07/08 16:29:06.204, 7, 82, 75570, 97887
2026/07/08 16:29:07.218, 0, 0, 48704, 97887
2026/07/08 16:29:07.238, 1, 0, 48104, 97887
2026/07/08 16:29:07.258, 2, 0, 48104, 97887
2026/07/08 16:29:07.274, 3, 0, 48104, 97887
2026/07/08 16:29:07.290, 4, 31, 75584, 97887
2026/07/08 16:29:07.307, 5, 57, 75582, 97887
2026/07/08 16:29:07.325, 6, 29, 75570, 97887
2026/07/08 16:29:07.343, 7, 67, 75570, 97887
2026/07/08 16:29:08.360, 0, 0, 48704, 97887
2026/07/08 16:29:08.373, 1, 0, 48104, 97887
2026/07/08 16:29:08.386, 2, 0, 48104, 97887
2026/07/08 16:29:08.403, 3, 0, 48104, 97887
2026/07/08 16:29:08.417, 4, 24, 75584, 97887
2026/07/08 16:29:08.432, 5, 52, 75582, 97887
2026/07/08 16:29:08.449, 6, 24, 75570, 97887
2026/07/08 16:29:08.466, 7, 80, 75570, 97887
2026/07/08 16:29:09.485, 0, 0, 48704, 97887
2026/07/08 16:29:09.501, 1, 0, 48104, 97887
2026/07/08 16:29:09.519, 2, 0, 48104, 97887
2026/07/08 16:29:09.537, 3, 0, 48104, 97887
2026/07/08 16:29:09.555, 4, 41, 75584, 97887
2026/07/08 16:29:09.574, 5, 80, 75582, 97887
2026/07/08 16:29:09.592, 6, 46, 75570, 97887
2026/07/08 16:29:09.610, 7, 76, 75570, 97887
2026/07/08 16:29:10.627, 0, 0, 48704, 97887
2026/07/08 16:29:10.645, 1, 0, 48104, 97887
2026/07/08 16:29:10.661, 2, 0, 48104, 97887
2026/07/08 16:29:10.677, 3, 0, 48104, 97887
2026/07/08 16:29:10.695, 4, 74, 75584, 97887
2026/07/08 16:29:10.713, 5, 77, 75582, 97887
2026/07/08 16:29:10.728, 6, 25, 75570, 97887
2026/07/08 16:29:10.746, 7, 66, 75570, 97887
2026/07/08 16:29:11.765, 0, 0, 48704, 97887
2026/07/08 16:29:11.785, 1, 0, 48104, 97887
2026/07/08 16:29:11.801, 2, 0, 48104, 97887
2026/07/08 16:29:11.817, 3, 0, 48104, 97887
2026/07/08 16:29:11.835, 4, 34, 75584, 97887
2026/07/08 16:29:11.846, 5, 0, 75582, 97887
2026/07/08 16:29:11.858, 6, 25, 75570, 97887
2026/07/08 16:29:11.874, 7, 65, 75570, 97887
2026/07/08 16:29:12.886, 0, 0, 48704, 97887
2026/07/08 16:29:12.902, 1, 0, 48104, 97887
2026/07/08 16:29:12.913, 2, 0, 48104, 97887
2026/07/08 16:29:12.933, 3, 0, 48104, 97887
2026/07/08 16:29:12.951, 4, 0, 75584, 97887
2026/07/08 16:29:12.968, 5, 0, 75582, 97887
2026/07/08 16:29:12.987, 6, 24, 75570, 97887
2026/07/08 16:29:13.004, 7, 66, 75570, 97887
2026/07/08 16:29:14.023, 0, 0, 48704, 97887
2026/07/08 16:29:14.039, 1, 0, 48104, 97887
2026/07/08 16:29:14.058, 2, 0, 48104, 97887
2026/07/08 16:29:14.073, 3, 0, 48104, 97887
2026/07/08 16:29:14.083, 4, 19, 75584, 97887
2026/07/08 16:29:14.096, 5, 94, 75582, 97887
2026/07/08 16:29:14.105, 6, 21, 75570, 97887
2026/07/08 16:29:14.117, 7, 76, 75570, 97887
2026/07/08 16:29:15.132, 0, 0, 48704, 97887
2026/07/08 16:29:15.148, 1, 0, 48104, 97887
2026/07/08 16:29:15.164, 2, 0, 48104, 97887
2026/07/08 16:29:15.181, 3, 0, 48104, 97887
2026/07/08 16:29:15.197, 4, 23, 75584, 97887
2026/07/08 16:29:15.212, 5, 69, 75582, 97887
2026/07/08 16:29:15.229, 6, 30, 75570, 97887
2026/07/08 16:29:15.245, 7, 73, 75570, 97887
2026/07/08 16:29:16.258, 0, 0, 48704, 97887
2026/07/08 16:29:16.274, 1, 0, 48104, 97887
2026/07/08 16:29:16.289, 2, 0, 48104, 97887
2026/07/08 16:29:16.304, 3, 0, 48104, 97887
2026/07/08 16:29:16.318, 4, 37, 75584, 97887
2026/07/08 16:29:16.331, 5, 82, 75582, 97887
2026/07/08 16:29:16.347, 6, 88, 75570, 97887
2026/07/08 16:29:16.361, 7, 21, 75570, 97887
2026/07/08 16:29:17.376, 0, 0, 48704, 97887
2026/07/08 16:29:17.392, 1, 0, 48104, 97887
2026/07/08 16:29:17.407, 2, 0, 48104, 97887
2026/07/08 16:29:17.423, 3, 0, 48104, 97887
2026/07/08 16:29:17.436, 4, 28, 75584, 97887
2026/07/08 16:29:17.451, 5, 59, 75582, 97887
2026/07/08 16:29:17.467, 6, 91, 75570, 97887
2026/07/08 16:29:17.484, 7, 24, 75570, 97887
2026/07/08 16:29:18.500, 0, 0, 48704, 97887
2026/07/08 16:29:18.515, 1, 0, 48104, 97887
2026/07/08 16:29:18.532, 2, 0, 48104, 97887
2026/07/08 16:29:18.550, 3, 0, 48104, 97887
2026/07/08 16:29:18.567, 4, 53, 75584, 97887
2026/07/08 16:29:18.586, 5, 76, 75582, 97887
2026/07/08 16:29:18.604, 6, 88, 75570, 97887
2026/07/08 16:29:18.621, 7, 22, 75570, 97887
2026/07/08 16:29:19.640, 0, 0, 48704, 97887
2026/07/08 16:29:19.659, 1, 0, 48104, 97887
2026/07/08 16:29:19.676, 2, 0, 48104, 97887
2026/07/08 16:29:19.690, 3, 0, 48104, 97887
2026/07/08 16:29:19.702, 4, 47, 75584, 97887
2026/07/08 16:29:19.717, 5, 81, 75582, 97887
2026/07/08 16:29:19.733, 6, 32, 75570, 97887
2026/07/08 16:29:19.751, 7, 69, 75570, 97887
2026/07/08 16:29:20.769, 0, 0, 48704, 97887
2026/07/08 16:29:20.788, 1, 0, 48104, 97887
2026/07/08 16:29:20.808, 2, 0, 48104, 97887
2026/07/08 16:29:20.827, 3, 0, 48104, 97887
2026/07/08 16:29:20.847, 4, 35, 75584, 97887
2026/07/08 16:29:20.865, 5, 87, 75582, 97887
2026/07/08 16:29:20.882, 6, 21, 75570, 97887
2026/07/08 16:29:20.898, 7, 86, 75570, 97887
2026/07/08 16:29:21.915, 0, 0, 48704, 97887
2026/07/08 16:29:21.932, 1, 0, 48104, 97887
2026/07/08 16:29:21.950, 2, 0, 48104, 97887
2026/07/08 16:29:21.967, 3, 0, 48104, 97887
2026/07/08 16:29:21.987, 4, 31, 75584, 97887
2026/07/08 16:29:22.019, 5, 16, 75582, 97887
2026/07/08 16:29:22.034, 6, 70, 75570, 97887
2026/07/08 16:29:22.052, 7, 31, 75570, 97887
2026/07/08 16:29:23.066, 0, 0, 48704, 97887
2026/07/08 16:29:23.080, 1, 0, 48104, 97887
2026/07/08 16:29:23.094, 2, 0, 48104, 97887
2026/07/08 16:29:23.110, 3, 0, 48104, 97887
2026/07/08 16:29:23.128, 4, 0, 75584, 97887
2026/07/08 16:29:23.139, 5, 0, 75582, 97887
2026/07/08 16:29:23.153, 6, 29, 75570, 97887
2026/07/08 16:29:23.166, 7, 60, 75570, 97887
2026/07/08 16:29:24.183, 0, 0, 48704, 97887
2026/07/08 16:29:24.198, 1, 0, 48104, 97887
2026/07/08 16:29:24.214, 2, 0, 48104, 97887
2026/07/08 16:29:24.231, 3, 0, 48104, 97887
2026/07/08 16:29:24.247, 4, 81, 75584, 97887
2026/07/08 16:29:24.264, 5, 25, 75582, 97887
2026/07/08 16:29:24.283, 6, 22, 75570, 97887
2026/07/08 16:29:24.303, 7, 83, 75570, 97887
2026/07/08 16:29:25.321, 0, 0, 48704, 97887
2026/07/08 16:29:25.340, 1, 0, 48104, 97887
2026/07/08 16:29:25.355, 2, 0, 48104, 97887
2026/07/08 16:29:25.371, 3, 0, 48104, 97887
2026/07/08 16:29:25.386, 4, 81, 75584, 97887
2026/07/08 16:29:25.401, 5, 28, 75582, 97887
2026/07/08 16:29:25.414, 6, 38, 75570, 97887
2026/07/08 16:29:25.427, 7, 62, 75570, 97887
2026/07/08 16:29:26.441, 0, 0, 48704, 97887
2026/07/08 16:29:26.454, 1, 0, 48104, 97887
2026/07/08 16:29:26.467, 2, 0, 48104, 97887
2026/07/08 16:29:26.487, 3, 0, 48104, 97887
2026/07/08 16:29:26.504, 4, 75, 75584, 97887
2026/07/08 16:29:26.519, 5, 30, 75582, 97887
2026/07/08 16:29:26.531, 6, 62, 75570, 97887
2026/07/08 16:29:26.551, 7, 47, 75570, 97887
2026/07/08 16:29:27.569, 0, 0, 48704, 97887
2026/07/08 16:29:27.589, 1, 0, 48104, 97887
2026/07/08 16:29:27.609, 2, 0, 48104, 97887
2026/07/08 16:29:27.627, 3, 0, 48104, 97887
2026/07/08 16:29:27.647, 4, 92, 75584, 97887
2026/07/08 16:29:27.666, 5, 25, 75582, 97887
2026/07/08 16:29:27.683, 6, 84, 75570, 97887
2026/07/08 16:29:27.700, 7, 19, 75570, 97887
2026/07/08 16:29:28.719, 0, 0, 48704, 97887
2026/07/08 16:29:28.735, 1, 0, 48104, 97887
2026/07/08 16:29:28.752, 2, 0, 48104, 97887
2026/07/08 16:29:28.766, 3, 0, 48104, 97887
2026/07/08 16:29:28.781, 4, 96, 75584, 97887
2026/07/08 16:29:28.799, 5, 26, 75582, 97887
2026/07/08 16:29:28.816, 6, 89, 75570, 97887
2026/07/08 16:29:28.835, 7, 23, 75570, 97887
2026/07/08 16:29:29.853, 0, 0, 48704, 97887
2026/07/08 16:29:29.869, 1, 0, 48104, 97887
2026/07/08 16:29:29.886, 2, 0, 48104, 97887
2026/07/08 16:29:29.907, 3, 0, 48104, 97887
2026/07/08 16:29:29.925, 4, 92, 75584, 97887
2026/07/08 16:29:29.941, 5, 31, 75582, 97887
2026/07/08 16:29:29.955, 6, 92, 75570, 97887
2026/07/08 16:29:29.967, 7, 24, 75570, 97887
2026/07/08 16:29:30.982, 0, 0, 48704, 97887
2026/07/08 16:29:31.005, 1, 0, 48104, 97887
2026/07/08 16:29:31.024, 2, 0, 48104, 97887
2026/07/08 16:29:31.043, 3, 0, 48104, 97887
2026/07/08 16:29:31.059, 4, 96, 75584, 97887
2026/07/08 16:29:31.080, 5, 25, 75582, 97887
2026/07/08 16:29:31.100, 6, 88, 75570, 97887
2026/07/08 16:29:31.117, 7, 21, 75570, 97887
2026/07/08 16:29:32.135, 0, 0, 48704, 97887
2026/07/08 16:29:32.155, 1, 0, 48104, 97887
2026/07/08 16:29:32.172, 2, 0, 48104, 97887
2026/07/08 16:29:32.189, 3, 0, 48104, 97887
2026/07/08 16:29:32.206, 4, 86, 75584, 97887
2026/07/08 16:29:32.224, 5, 30, 75582, 97887
2026/07/08 16:29:32.239, 6, 92, 75570, 97887
2026/07/08 16:29:32.255, 7, 24, 75570, 97887
2026/07/08 16:29:33.270, 0, 0, 48704, 97887
2026/07/08 16:29:33.286, 1, 0, 48104, 97887
2026/07/08 16:29:33.300, 2, 0, 48104, 97887
2026/07/08 16:29:33.312, 3, 0, 48104, 97887
2026/07/08 16:29:33.327, 4, 94, 75584, 97887
2026/07/08 16:29:33.343, 5, 25, 75582, 97887
2026/07/08 16:29:33.356, 6, 86, 75570, 97887
2026/07/08 16:29:33.371, 7, 20, 75570, 97887
2026/07/08 16:29:34.386, 0, 0, 48704, 97887
2026/07/08 16:29:34.401, 1, 0, 48104, 97887
2026/07/08 16:29:34.413, 2, 0, 48104, 97887
2026/07/08 16:29:34.426, 3, 0, 48104, 97887
2026/07/08 16:29:34.439, 4, 88, 75584, 97887
2026/07/08 16:29:34.452, 5, 22, 75582, 97887
2026/07/08 16:29:34.469, 6, 87, 75570, 97887
2026/07/08 16:29:34.484, 7, 17, 75570, 97887
2026/07/08 16:29:35.498, 0, 0, 48704, 97887
2026/07/08 16:29:35.513, 1, 0, 48104, 97887
2026/07/08 16:29:35.526, 2, 0, 48104, 97887
2026/07/08 16:29:35.539, 3, 0, 48104, 97887
2026/07/08 16:29:35.553, 4, 95, 75584, 97887
2026/07/08 16:29:35.569, 5, 20, 75582, 97887
2026/07/08 16:29:35.581, 6, 90, 75570, 97887
2026/07/08 16:29:35.591, 7, 17, 75570, 97887
2026/07/08 16:29:36.602, 0, 0, 48704, 97887
2026/07/08 16:29:36.618, 1, 0, 48104, 97887
2026/07/08 16:29:36.635, 2, 0, 48104, 97887
2026/07/08 16:29:36.654, 3, 0, 48104, 97887
2026/07/08 16:29:36.674, 4, 92, 75584, 97887
2026/07/08 16:29:36.692, 5, 29, 75582, 97887
2026/07/08 16:29:36.710, 6, 89, 75570, 97887
2026/07/08 16:29:36.731, 7, 24, 75570, 97887
2026/07/08 16:29:37.748, 0, 0, 48704, 97887
2026/07/08 16:29:37.767, 1, 0, 48104, 97887
2026/07/08 16:29:37.784, 2, 0, 48104, 97887
2026/07/08 16:29:37.802, 3, 0, 48104, 97887
2026/07/08 16:29:37.820, 4, 82, 75584, 97887
2026/07/08 16:29:37.835, 5, 24, 75582, 97887
2026/07/08 16:29:37.850, 6, 91, 75570, 97887
2026/07/08 16:29:37.867, 7, 21, 75570, 97887
2026/07/08 16:29:38.884, 0, 0, 48704, 97887
2026/07/08 16:29:38.903, 1, 0, 48104, 97887
2026/07/08 16:29:38.916, 2, 0, 48104, 97887
2026/07/08 16:29:38.932, 3, 0, 48104, 97887
2026/07/08 16:29:38.951, 4, 78, 75584, 97887
2026/07/08 16:29:38.970, 5, 29, 75582, 97887
2026/07/08 16:29:38.987, 6, 94, 75570, 97887
2026/07/08 16:29:39.005, 7, 24, 75570, 97887
2026/07/08 16:29:40.021, 0, 0, 48704, 97887
2026/07/08 16:29:40.040, 1, 0, 48104, 97887
2026/07/08 16:29:40.056, 2, 0, 48104, 97887
2026/07/08 16:29:40.073, 3, 0, 48104, 97887
2026/07/08 16:29:40.092, 4, 71, 75584, 97887
2026/07/08 16:29:40.107, 5, 21, 75582, 97887
2026/07/08 16:29:40.124, 6, 92, 75570, 97887
2026/07/08 16:29:40.138, 7, 18, 75570, 97887
2026/07/08 16:29:41.155, 0, 0, 48704, 97887
2026/07/08 16:29:41.170, 1, 0, 48104, 97887
2026/07/08 16:29:41.182, 2, 0, 48104, 97887
2026/07/08 16:29:41.193, 3, 0, 48104, 97887
2026/07/08 16:29:41.207, 4, 93, 75584, 97887
2026/07/08 16:29:41.221, 5, 28, 75582, 97887
2026/07/08 16:29:41.234, 6, 83, 75570, 97887
2026/07/08 16:29:41.246, 7, 21, 75570, 97887
2026/07/08 16:29:42.263, 0, 0, 48704, 97887
2026/07/08 16:29:42.280, 1, 0, 48104, 97887
2026/07/08 16:29:42.299, 2, 0, 48104, 97887
2026/07/08 16:29:42.318, 3, 0, 48104, 97887
2026/07/08 16:29:42.331, 4, 91, 75584, 97887
2026/07/08 16:29:42.346, 5, 25, 75582, 97887
2026/07/08 16:29:42.359, 6, 91, 75570, 97887
2026/07/08 16:29:42.371, 7, 19, 75570, 97887
2026/07/08 16:29:43.383, 0, 0, 48704, 97887
2026/07/08 16:29:43.398, 1, 0, 48104, 97887
2026/07/08 16:29:43.414, 2, 0, 48104, 97887
2026/07/08 16:29:43.431, 3, 0, 48104, 97887
2026/07/08 16:29:43.445, 4, 89, 75584, 97887
2026/07/08 16:29:43.464, 5, 27, 75582, 97887
2026/07/08 16:29:43.479, 6, 77, 75570, 97887
2026/07/08 16:29:43.496, 7, 21, 75570, 97887
2026/07/08 16:29:44.512, 0, 0, 48704, 97887
2026/07/08 16:29:44.531, 1, 0, 48104, 97887
2026/07/08 16:29:44.549, 2, 0, 48104, 97887
2026/07/08 16:29:44.567, 3, 0, 48104, 97887
2026/07/08 16:29:44.586, 4, 92, 75584, 97887
2026/07/08 16:29:44.605, 5, 27, 75582, 97887
2026/07/08 16:29:44.622, 6, 90, 75570, 97887
2026/07/08 16:29:44.638, 7, 24, 75570, 97887
2026/07/08 16:29:45.654, 0, 0, 48704, 97887
2026/07/08 16:29:45.672, 1, 0, 48104, 97887
2026/07/08 16:29:45.687, 2, 0, 48104, 97887
2026/07/08 16:29:45.705, 3, 0, 48104, 97887
2026/07/08 16:29:45.724, 4, 87, 75584, 97887
2026/07/08 16:29:45.741, 5, 26, 75582, 97887
2026/07/08 16:29:45.756, 6, 88, 75570, 97887
2026/07/08 16:29:45.768, 7, 21, 75570, 97887
2026/07/08 16:29:46.784, 0, 0, 48704, 97887
2026/07/08 16:29:46.802, 1, 0, 48104, 97887
2026/07/08 16:29:46.820, 2, 0, 48104, 97887
2026/07/08 16:29:46.838, 3, 0, 48104, 97887
2026/07/08 16:29:46.856, 4, 87, 75584, 97887
2026/07/08 16:29:46.872, 5, 26, 75582, 97887
2026/07/08 16:29:46.888, 6, 69, 75570, 97887
2026/07/08 16:29:46.906, 7, 25, 75570, 97887
2026/07/08 16:29:47.923, 0, 0, 48704, 97887
2026/07/08 16:29:47.936, 1, 0, 48104, 97887
2026/07/08 16:29:47.950, 2, 0, 48104, 97887
2026/07/08 16:29:47.967, 3, 0, 48104, 97887
2026/07/08 16:29:47.982, 4, 67, 75584, 97887
2026/07/08 16:29:47.998, 5, 23, 75582, 97887
2026/07/08 16:29:48.016, 6, 72, 75570, 97887
2026/07/08 16:29:48.035, 7, 26, 75570, 97887
2026/07/08 16:29:49.056, 0, 0, 48704, 97887
2026/07/08 16:29:49.071, 1, 0, 48104, 97887
2026/07/08 16:29:49.090, 2, 0, 48104, 97887
2026/07/08 16:29:49.102, 3, 0, 48104, 97887
2026/07/08 16:29:49.115, 4, 94, 75584, 97887
2026/07/08 16:29:49.130, 5, 32, 75582, 97887
2026/07/08 16:29:49.146, 6, 59, 75570, 97887
2026/07/08 16:29:49.163, 7, 34, 75570, 97887
2026/07/08 16:29:50.181, 0, 0, 48704, 97887
2026/07/08 16:29:50.200, 1, 0, 48104, 97887
2026/07/08 16:29:50.216, 2, 0, 48104, 97887
2026/07/08 16:29:50.231, 3, 0, 48104, 97887
2026/07/08 16:29:50.250, 4, 53, 75584, 97887
2026/07/08 16:29:50.269, 5, 25, 75582, 97887
2026/07/08 16:29:50.288, 6, 59, 75570, 97887
2026/07/08 16:29:50.308, 7, 20, 75570, 97887
2026/07/08 16:29:51.327, 0, 0, 48704, 97887
2026/07/08 16:29:51.347, 1, 0, 48104, 97887
2026/07/08 16:29:51.366, 2, 0, 48104, 97887
2026/07/08 16:29:51.385, 3, 0, 48104, 97887
2026/07/08 16:29:51.406, 4, 89, 75584, 97887
2026/07/08 16:29:51.424, 5, 37, 75582, 97887
2026/07/08 16:29:51.445, 6, 92, 75570, 97887
2026/07/08 16:29:51.462, 7, 23, 75570, 97887
2026/07/08 16:29:52.477, 0, 0, 48704, 97887
2026/07/08 16:29:52.498, 1, 0, 48104, 97887
2026/07/08 16:29:52.514, 2, 0, 48104, 97887
2026/07/08 16:29:52.526, 3, 0, 48104, 97887
2026/07/08 16:29:52.541, 4, 85, 75584, 97887
2026/07/08 16:29:52.557, 5, 27, 75582, 97887
2026/07/08 16:29:52.571, 6, 95, 75570, 97887
2026/07/08 16:29:52.587, 7, 20, 75570, 97887
2026/07/08 16:29:53.605, 0, 0, 48704, 97887
2026/07/08 16:29:53.620, 1, 0, 48104, 97887
2026/07/08 16:29:53.641, 2, 0, 48104, 97887
2026/07/08 16:29:53.659, 3, 0, 48104, 97887
2026/07/08 16:29:53.678, 4, 78, 75584, 97887
2026/07/08 16:29:53.696, 5, 17, 75582, 97887
2026/07/08 16:29:53.715, 6, 93, 75570, 97887
2026/07/08 16:29:53.735, 7, 19, 75570, 97887
2026/07/08 16:29:54.752, 0, 0, 48704, 97887
2026/07/08 16:29:54.767, 1, 0, 48104, 97887
2026/07/08 16:29:54.782, 2, 0, 48104, 97887
2026/07/08 16:29:54.796, 3, 0, 48104, 97887
2026/07/08 16:29:54.815, 4, 0, 75584, 97887
2026/07/08 16:29:54.831, 5, 0, 75582, 97887
2026/07/08 16:29:54.848, 6, 84, 75570, 97887
2026/07/08 16:29:54.867, 7, 31, 75570, 97887
2026/07/08 16:29:55.883, 0, 0, 48704, 97887
2026/07/08 16:29:55.902, 1, 0, 48104, 97887
2026/07/08 16:29:55.920, 2, 0, 48104, 97887
2026/07/08 16:29:55.938, 3, 0, 48104, 97887
2026/07/08 16:29:55.955, 4, 42, 75584, 97887
2026/07/08 16:29:55.972, 5, 25, 75582, 97887
2026/07/08 16:29:55.988, 6, 60, 75570, 97887
2026/07/08 16:29:56.003, 7, 53, 75570, 97887
2026/07/08 16:29:57.020, 0, 0, 48704, 97887
2026/07/08 16:29:57.037, 1, 0, 48104, 97887
2026/07/08 16:29:57.051, 2, 0, 48104, 97887
2026/07/08 16:29:57.068, 3, 0, 48104, 97887
2026/07/08 16:29:57.085, 4, 71, 75584, 97887
2026/07/08 16:29:57.099, 5, 26, 75582, 97887
2026/07/08 16:29:57.113, 6, 37, 75570, 97887
2026/07/08 16:29:57.129, 7, 44, 75570, 97887
2026/07/08 16:29:58.144, 0, 0, 48704, 97887
2026/07/08 16:29:58.159, 1, 0, 48104, 97887
2026/07/08 16:29:58.173, 2, 0, 48104, 97887
2026/07/08 16:29:58.189, 3, 0, 48104, 97887
2026/07/08 16:29:58.204, 4, 53, 75584, 97887
2026/07/08 16:29:58.222, 5, 54, 75582, 97887
2026/07/08 16:29:58.240, 6, 63, 75570, 97887
2026/07/08 16:29:58.258, 7, 20, 75570, 97887
2026/07/08 16:29:59.273, 0, 0, 48704, 97887
2026/07/08 16:29:59.292, 1, 0, 48104, 97887
2026/07/08 16:29:59.308, 2, 0, 48104, 97887
2026/07/08 16:29:59.335, 3, 0, 48104, 97887
2026/07/08 16:29:59.357, 4, 72, 75584, 97887
2026/07/08 16:29:59.386, 5, 40, 75582, 97887
2026/07/08 16:29:59.412, 6, 84, 75570, 97887
2026/07/08 16:29:59.438, 7, 21, 75570, 97887
2026/07/08 16:30:00.457, 0, 0, 48704, 97887
2026/07/08 16:30:00.469, 1, 0, 48104, 97887
2026/07/08 16:30:00.483, 2, 0, 48104, 97887
2026/07/08 16:30:00.499, 3, 0, 48104, 97887
2026/07/08 16:30:00.514, 4, 52, 75584, 97887
2026/07/08 16:30:00.530, 5, 74, 75582, 97887
2026/07/08 16:30:00.545, 6, 73, 75570, 97887
2026/07/08 16:30:00.561, 7, 22, 75570, 97887
2026/07/08 16:30:01.577, 0, 0, 48704, 97887
2026/07/08 16:30:01.595, 1, 0, 48104, 97887
2026/07/08 16:30:01.610, 2, 0, 48104, 97887
2026/07/08 16:30:01.625, 3, 0, 48104, 97887
2026/07/08 16:30:01.641, 4, 45, 75584, 97887
2026/07/08 16:30:01.659, 5, 45, 75582, 97887
2026/07/08 16:30:01.676, 6, 40, 75570, 97887
2026/07/08 16:30:01.695, 7, 28, 75570, 97887
2026/07/08 16:30:02.713, 0, 0, 48704, 97887
2026/07/08 16:30:02.729, 1, 0, 48104, 97887
2026/07/08 16:30:02.745, 2, 0, 48104, 97887
2026/07/08 16:30:02.752, 3, 0, 48104, 97887
2026/07/08 16:30:02.761, 4, 73, 75584, 97887
2026/07/08 16:30:02.770, 5, 24, 75582, 97887
2026/07/08 16:30:02.782, 6, 84, 75570, 97887
2026/07/08 16:30:02.798, 7, 18, 75570, 97887
2026/07/08 16:30:03.816, 0, 0, 48704, 97887
2026/07/08 16:30:03.832, 1, 0, 48104, 97887
2026/07/08 16:30:03.849, 2, 0, 48104, 97887
2026/07/08 16:30:03.863, 3, 0, 48104, 97887
2026/07/08 16:30:03.877, 4, 90, 75584, 97887
2026/07/08 16:30:03.885, 5, 29, 75582, 97887
2026/07/08 16:30:03.902, 6, 91, 75570, 97887
2026/07/08 16:30:03.911, 7, 21, 75570, 97887
2026/07/08 16:30:04.921, 0, 0, 48704, 97887
2026/07/08 16:30:04.941, 1, 0, 48104, 97887
2026/07/08 16:30:04.957, 2, 0, 48104, 97887
2026/07/08 16:30:04.970, 3, 0, 48104, 97887
2026/07/08 16:30:04.982, 4, 0, 75584, 97887
2026/07/08 16:30:04.994, 5, 0, 75582, 97887
2026/07/08 16:30:05.009, 6, 88, 75570, 97887
2026/07/08 16:30:05.031, 7, 19, 75570, 97887
2026/07/08 16:30:06.051, 0, 0, 48704, 97887
2026/07/08 16:30:06.066, 1, 0, 48104, 97887
2026/07/08 16:30:06.080, 2, 0, 48104, 97887
2026/07/08 16:30:06.093, 3, 0, 48104, 97887
2026/07/08 16:30:06.105, 4, 2, 75584, 97887
2026/07/08 16:30:06.121, 5, 100, 75582, 97887
2026/07/08 16:30:06.133, 6, 87, 75570, 97887
2026/07/08 16:30:06.146, 7, 25, 75570, 97887
2026/07/08 16:30:07.160, 0, 0, 48704, 97887
2026/07/08 16:30:07.174, 1, 0, 48104, 97887
2026/07/08 16:30:07.189, 2, 0, 48104, 97887
2026/07/08 16:30:07.202, 3, 0, 48104, 97887
2026/07/08 16:30:07.216, 4, 38, 75584, 97887
2026/07/08 16:30:07.230, 5, 67, 75582, 97887
2026/07/08 16:30:07.246, 6, 82, 75570, 97887
2026/07/08 16:30:07.260, 7, 22, 75570, 97887
2026/07/08 16:30:08.276, 0, 0, 48704, 97887
2026/07/08 16:30:08.292, 1, 0, 48104, 97887
2026/07/08 16:30:08.307, 2, 0, 48104, 97887
2026/07/08 16:30:08.320, 3, 0, 48104, 97887
2026/07/08 16:30:08.332, 4, 37, 75584, 97887
2026/07/08 16:30:08.346, 5, 67, 75582, 97887
2026/07/08 16:30:08.358, 6, 88, 75570, 97887
2026/07/08 16:30:08.370, 7, 18, 75570, 97887
2026/07/08 16:30:09.388, 0, 0, 48704, 97887
2026/07/08 16:30:09.404, 1, 0, 48104, 97887
2026/07/08 16:30:09.421, 2, 0, 48104, 97887
2026/07/08 16:30:09.438, 3, 0, 48104, 97887
2026/07/08 16:30:09.456, 4, 40, 75584, 97887
2026/07/08 16:30:09.475, 5, 42, 75582, 97887
2026/07/08 16:30:09.489, 6, 92, 75570, 97887
2026/07/08 16:30:09.505, 7, 15, 75570, 97887
2026/07/08 16:30:10.517, 0, 0, 48704, 97887
2026/07/08 16:30:10.535, 1, 0, 48104, 97887
2026/07/08 16:30:10.549, 2, 0, 48104, 97887
2026/07/08 16:30:10.563, 3, 0, 48104, 97887
2026/07/08 16:30:10.578, 4, 32, 75584, 97887
2026/07/08 16:30:10.595, 5, 80, 75582, 97887
2026/07/08 16:30:10.610, 6, 80, 75570, 97887
2026/07/08 16:30:10.628, 7, 25, 75570, 97887
2026/07/08 16:30:11.645, 0, 0, 48704, 97887
2026/07/08 16:30:11.663, 1, 0, 48104, 97887
2026/07/08 16:30:11.680, 2, 0, 48104, 97887
2026/07/08 16:30:11.699, 3, 0, 48104, 97887
2026/07/08 16:30:11.717, 4, 59, 75584, 97887
2026/07/08 16:30:11.737, 5, 78, 75582, 97887
2026/07/08 16:30:11.758, 6, 18, 75570, 97887
2026/07/08 16:30:11.776, 7, 65, 75570, 97887
2026/07/08 16:30:12.795, 0, 0, 48704, 97887
2026/07/08 16:30:12.812, 1, 0, 48104, 97887
2026/07/08 16:30:12.827, 2, 0, 48104, 97887
2026/07/08 16:30:12.839, 3, 0, 48104, 97887
2026/07/08 16:30:12.855, 4, 62, 75584, 97887
2026/07/08 16:30:12.869, 5, 24, 75582, 97887
2026/07/08 16:30:12.882, 6, 42, 75570, 97887
2026/07/08 16:30:12.895, 7, 17, 75570, 97887
2026/07/08 16:30:13.910, 0, 0, 48704, 97887
2026/07/08 16:30:13.922, 1, 0, 48104, 97887
2026/07/08 16:30:13.933, 2, 0, 48104, 97887
2026/07/08 16:30:13.948, 3, 0, 48104, 97887
2026/07/08 16:30:13.962, 4, 84, 75584, 97887
2026/07/08 16:30:13.979, 5, 32, 75582, 97887
2026/07/08 16:30:13.998, 6, 30, 75570, 97887
2026/07/08 16:30:14.009, 7, 25, 75570, 97887
2026/07/08 16:30:15.024, 0, 0, 48704, 97887
2026/07/08 16:30:15.039, 1, 0, 48104, 97887
2026/07/08 16:30:15.054, 2, 0, 48104, 97887
2026/07/08 16:30:15.067, 3, 0, 48104, 97887
2026/07/08 16:30:15.078, 4, 85, 75584, 97887
2026/07/08 16:30:15.091, 5, 28, 75582, 97887
2026/07/08 16:30:15.103, 6, 30, 75570, 97887
2026/07/08 16:30:15.115, 7, 32, 75570, 97887
2026/07/08 16:30:16.129, 0, 0, 48704, 97887
2026/07/08 16:30:16.142, 1, 0, 48104, 97887
2026/07/08 16:30:16.162, 2, 0, 48104, 97887
2026/07/08 16:30:16.177, 3, 0, 48104, 97887
2026/07/08 16:30:16.192, 4, 91, 75584, 97887
2026/07/08 16:30:16.207, 5, 28, 75582, 97887
2026/07/08 16:30:16.221, 6, 41, 75570, 97887
2026/07/08 16:30:16.237, 7, 24, 75570, 97887
2026/07/08 16:30:17.254, 0, 0, 48704, 97887
2026/07/08 16:30:17.270, 1, 0, 48104, 97887
2026/07/08 16:30:17.287, 2, 0, 48104, 97887
2026/07/08 16:30:17.303, 3, 0, 48104, 97887
2026/07/08 16:30:17.317, 4, 96, 75584, 97887
2026/07/08 16:30:17.333, 5, 28, 75582, 97887
2026/07/08 16:30:17.349, 6, 32, 75570, 97887
2026/07/08 16:30:17.365, 7, 23, 75570, 97887
2026/07/08 16:30:18.379, 0, 0, 48704, 97887
2026/07/08 16:30:18.394, 1, 0, 48104, 97887
2026/07/08 16:30:18.409, 2, 0, 48104, 97887
2026/07/08 16:30:18.425, 3, 0, 48104, 97887
2026/07/08 16:30:18.440, 4, 95, 75584, 97887
2026/07/08 16:30:18.457, 5, 30, 75582, 97887
2026/07/08 16:30:18.472, 6, 27, 75570, 97887
2026/07/08 16:30:18.487, 7, 33, 75570, 97887
2026/07/08 16:30:19.500, 0, 0, 48704, 97887
2026/07/08 16:30:19.516, 1, 0, 48104, 97887
2026/07/08 16:30:19.531, 2, 0, 48104, 97887
2026/07/08 16:30:19.544, 3, 0, 48104, 97887
2026/07/08 16:30:19.557, 4, 70, 75584, 97887
2026/07/08 16:30:19.571, 5, 35, 75582, 97887
2026/07/08 16:30:19.585, 6, 44, 75570, 97887
2026/07/08 16:30:19.600, 7, 28, 75570, 97887
2026/07/08 16:30:20.615, 0, 0, 48704, 97887
2026/07/08 16:30:20.629, 1, 0, 48104, 97887
2026/07/08 16:30:20.645, 2, 0, 48104, 97887
2026/07/08 16:30:20.662, 3, 0, 48104, 97887
2026/07/08 16:30:20.680, 4, 96, 75584, 97887
2026/07/08 16:30:20.696, 5, 32, 75582, 97887
2026/07/08 16:30:20.710, 6, 36, 75570, 97887
2026/07/08 16:30:20.725, 7, 37, 75570, 97887
2026/07/08 16:30:21.740, 0, 0, 48704, 97887
2026/07/08 16:30:21.753, 1, 0, 48104, 97887
2026/07/08 16:30:21.767, 2, 0, 48104, 97887
2026/07/08 16:30:21.779, 3, 0, 48104, 97887
2026/07/08 16:30:21.795, 4, 0, 75584, 97887
2026/07/08 16:30:21.809, 5, 0, 75582, 97887
2026/07/08 16:30:21.824, 6, 27, 75570, 97887
2026/07/08 16:30:21.837, 7, 20, 75570, 97887
2026/07/08 16:30:22.851, 0, 0, 48704, 97887
2026/07/08 16:30:22.871, 1, 0, 48104, 97887
2026/07/08 16:30:22.889, 2, 0, 48104, 97887
2026/07/08 16:30:22.902, 3, 0, 48104, 97887
2026/07/08 16:30:22.914, 4, 0, 75584, 97887
2026/07/08 16:30:22.928, 5, 93, 75584, 97887
2026/07/08 16:30:22.939, 6, 60, 75570, 97887
2026/07/08 16:30:22.953, 7, 23, 75570, 97887
2026/07/08 16:30:23.977, 0, 0, 48704, 97887
2026/07/08 16:30:23.992, 1, 0, 48104, 97887
2026/07/08 16:30:24.008, 2, 0, 48104, 97887
2026/07/08 16:30:24.022, 3, 0, 48104, 97887
2026/07/08 16:30:24.036, 4, 77, 75584, 97887
2026/07/08 16:30:24.050, 5, 61, 75584, 97887
2026/07/08 16:30:24.065, 6, 29, 75570, 97887
2026/07/08 16:30:24.079, 7, 53, 75570, 97887
2026/07/08 16:30:25.093, 0, 0, 48704, 97887
2026/07/08 16:30:25.109, 1, 0, 48104, 97887
2026/07/08 16:30:25.125, 2, 0, 48104, 97887
2026/07/08 16:30:25.140, 3, 0, 48104, 97887
2026/07/08 16:30:25.155, 4, 88, 75584, 97887
2026/07/08 16:30:25.171, 5, 33, 75584, 97887
2026/07/08 16:30:25.183, 6, 67, 75570, 97887
2026/07/08 16:30:25.198, 7, 23, 75570, 97887
2026/07/08 16:30:26.214, 0, 0, 48704, 97887
2026/07/08 16:30:26.231, 1, 0, 48104, 97887
2026/07/08 16:30:26.244, 2, 0, 48104, 97887
2026/07/08 16:30:26.257, 3, 0, 48104, 97887
2026/07/08 16:30:26.270, 4, 90, 75584, 97887
2026/07/08 16:30:26.285, 5, 28, 75584, 97887
2026/07/08 16:30:26.300, 6, 78, 75570, 97887
2026/07/08 16:30:26.317, 7, 20, 75570, 97887
2026/07/08 16:30:27.332, 0, 0, 48704, 97887
2026/07/08 16:30:27.345, 1, 0, 48104, 97887
2026/07/08 16:30:27.358, 2, 0, 48104, 97887
2026/07/08 16:30:27.372, 3, 0, 48104, 97887
2026/07/08 16:30:27.387, 4, 77, 75584, 97887
2026/07/08 16:30:27.403, 5, 26, 75584, 97887
2026/07/08 16:30:27.418, 6, 21, 75570, 97887
2026/07/08 16:30:27.431, 7, 27, 75570, 97887
2026/07/08 16:30:28.448, 0, 0, 48704, 97887
2026/07/08 16:30:28.462, 1, 0, 48104, 97887
2026/07/08 16:30:28.477, 2, 0, 48104, 97887
2026/07/08 16:30:28.494, 3, 0, 48104, 97887
2026/07/08 16:30:28.510, 4, 92, 75584, 97887
2026/07/08 16:30:28.529, 5, 29, 75584, 97887
2026/07/08 16:30:28.551, 6, 31, 75570, 97887
2026/07/08 16:30:28.573, 7, 30, 75570, 97887
2026/07/08 16:30:29.593, 0, 0, 48704, 97887
2026/07/08 16:30:29.613, 1, 0, 48104, 97887
2026/07/08 16:30:29.631, 2, 0, 48104, 97887
2026/07/08 16:30:29.650, 3, 0, 48104, 97887
2026/07/08 16:30:29.667, 4, 86, 75584, 97887
2026/07/08 16:30:29.686, 5, 29, 75584, 97887
2026/07/08 16:30:29.704, 6, 25, 75570, 97887
2026/07/08 16:30:29.723, 7, 70, 75570, 97887
2026/07/08 16:30:30.741, 0, 0, 48704, 97887
2026/07/08 16:30:30.753, 1, 0, 48104, 97887
2026/07/08 16:30:30.763, 2, 0, 48104, 97887
2026/07/08 16:30:30.773, 3, 0, 48104, 97887
2026/07/08 16:30:30.785, 4, 92, 75584, 97887
2026/07/08 16:30:30.798, 5, 27, 75584, 97887
2026/07/08 16:30:30.812, 6, 0, 75570, 97887
2026/07/08 16:30:30.832, 7, 0, 75570, 97887
2026/07/08 16:30:31.852, 0, 0, 48704, 97887
2026/07/08 16:30:31.871, 1, 0, 48104, 97887
2026/07/08 16:30:31.886, 2, 0, 48104, 97887
2026/07/08 16:30:31.902, 3, 0, 48104, 97887
2026/07/08 16:30:31.919, 4, 45, 75584, 97887
2026/07/08 16:30:31.936, 5, 54, 75584, 97887
2026/07/08 16:30:31.953, 6, 23, 75570, 97887
2026/07/08 16:30:31.970, 7, 64, 75570, 97887
2026/07/08 16:30:32.988, 0, 0, 48704, 97887
2026/07/08 16:30:33.005, 1, 0, 48104, 97887
2026/07/08 16:30:33.018, 2, 0, 48104, 97887
2026/07/08 16:30:33.031, 3, 0, 48104, 97887
2026/07/08 16:30:33.055, 4, 92, 75584, 97887
2026/07/08 16:30:33.069, 5, 25, 75584, 97887
2026/07/08 16:30:33.079, 6, 24, 75570, 97887
2026/07/08 16:30:33.092, 7, 36, 75570, 97887
2026/07/08 16:30:34.106, 0, 0, 48704, 97887
2026/07/08 16:30:34.118, 1, 0, 48104, 97887
2026/07/08 16:30:34.129, 2, 0, 48104, 97887
2026/07/08 16:30:34.139, 3, 0, 48104, 97887
2026/07/08 16:30:34.147, 4, 89, 75584, 97887
2026/07/08 16:30:34.156, 5, 28, 75584, 97887
2026/07/08 16:30:34.164, 6, 63, 75570, 97887
2026/07/08 16:30:34.178, 7, 50, 75570, 97887
2026/07/08 16:30:35.189, 0, 0, 48704, 97887
2026/07/08 16:30:35.205, 1, 0, 48104, 97887
2026/07/08 16:30:35.220, 2, 0, 48104, 97887
2026/07/08 16:30:35.236, 3, 0, 48104, 97887
2026/07/08 16:30:35.251, 4, 96, 75584, 97887
2026/07/08 16:30:35.265, 5, 27, 75584, 97887
2026/07/08 16:30:35.277, 6, 27, 75570, 97887
2026/07/08 16:30:35.290, 7, 26, 75570, 97887
2026/07/08 16:30:36.307, 0, 0, 48704, 97887
2026/07/08 16:30:36.322, 1, 0, 48104, 97887
2026/07/08 16:30:36.336, 2, 0, 48104, 97887
2026/07/08 16:30:36.350, 3, 0, 48104, 97887
2026/07/08 16:30:36.365, 4, 94, 75584, 97887
2026/07/08 16:30:36.380, 5, 23, 75584, 97887
2026/07/08 16:30:36.395, 6, 50, 75570, 97887
2026/07/08 16:30:36.410, 7, 32, 75570, 97887
2026/07/08 16:30:37.426, 0, 0, 48704, 97887
2026/07/08 16:30:37.444, 1, 0, 48104, 97887
2026/07/08 16:30:37.462, 2, 0, 48104, 97887
2026/07/08 16:30:37.480, 3, 0, 48104, 97887
2026/07/08 16:30:37.496, 4, 96, 75584, 97887
2026/07/08 16:30:37.514, 5, 34, 75584, 97887
2026/07/08 16:30:37.530, 6, 56, 75570, 97887
2026/07/08 16:30:37.546, 7, 35, 75570, 97887
2026/07/08 16:30:38.561, 0, 0, 48704, 97887
2026/07/08 16:30:38.580, 1, 0, 48104, 97887
2026/07/08 16:30:38.599, 2, 0, 48104, 97887
2026/07/08 16:30:38.614, 3, 0, 48104, 97887
2026/07/08 16:30:38.630, 4, 79, 75584, 97887
2026/07/08 16:30:38.647, 5, 35, 75584, 97887
2026/07/08 16:30:38.664, 6, 44, 75570, 97887
2026/07/08 16:30:38.680, 7, 22, 75570, 97887
2026/07/08 16:30:39.698, 0, 0, 48704, 97887
2026/07/08 16:30:39.715, 1, 0, 48104, 97887
2026/07/08 16:30:39.731, 2, 0, 48104, 97887
2026/07/08 16:30:39.747, 3, 0, 48104, 97887
2026/07/08 16:30:39.763, 4, 91, 75584, 97887
2026/07/08 16:30:39.779, 5, 31, 75584, 97887
2026/07/08 16:30:39.796, 6, 21, 75570, 97887
2026/07/08 16:30:39.813, 7, 76, 75570, 97887
2026/07/08 16:30:40.829, 0, 0, 48704, 97887
2026/07/08 16:30:40.846, 1, 0, 48104, 97887
2026/07/08 16:30:40.863, 2, 0, 48104, 97887
2026/07/08 16:30:40.879, 3, 0, 48104, 97887
2026/07/08 16:30:40.896, 4, 95, 75584, 97887
2026/07/08 16:30:40.913, 5, 29, 75584, 97887
2026/07/08 16:30:40.929, 6, 45, 75570, 97887
2026/07/08 16:30:40.947, 7, 29, 75570, 97887
2026/07/08 16:30:41.965, 0, 0, 48704, 97887
2026/07/08 16:30:41.984, 1, 0, 48104, 97887
2026/07/08 16:30:42.002, 2, 0, 48104, 97887
2026/07/08 16:30:42.018, 3, 0, 48104, 97887
2026/07/08 16:30:42.030, 4, 88, 75584, 97887
2026/07/08 16:30:42.046, 5, 28, 75584, 97887
2026/07/08 16:30:42.061, 6, 18, 75570, 97887
2026/07/08 16:30:42.079, 7, 56, 75570, 97887
2026/07/08 16:30:43.098, 0, 0, 48704, 97887
2026/07/08 16:30:43.114, 1, 0, 48104, 97887
2026/07/08 16:30:43.130, 2, 0, 48104, 97887
2026/07/08 16:30:43.148, 3, 0, 48104, 97887
2026/07/08 16:30:43.171, 4, 92, 75584, 97887
2026/07/08 16:30:43.188, 5, 26, 75584, 97887
2026/07/08 16:30:43.200, 6, 18, 75570, 97887
2026/07/08 16:30:43.221, 7, 67, 75570, 97887
2026/07/08 16:30:44.241, 0, 0, 48704, 97887
2026/07/08 16:30:44.257, 1, 0, 48104, 97887
2026/07/08 16:30:44.274, 2, 0, 48104, 97887
2026/07/08 16:30:44.289, 3, 0, 48104, 97887
2026/07/08 16:30:44.305, 4, 88, 75584, 97887
2026/07/08 16:30:44.321, 5, 30, 75584, 97887
2026/07/08 16:30:44.335, 6, 73, 75570, 97887
2026/07/08 16:30:44.348, 7, 23, 75570, 97887
2026/07/08 16:30:45.364, 0, 0, 48704, 97887
2026/07/08 16:30:45.381, 1, 0, 48104, 97887
2026/07/08 16:30:45.400, 2, 0, 48104, 97887
2026/07/08 16:30:45.418, 3, 0, 48104, 97887
2026/07/08 16:30:45.432, 4, 96, 75584, 97887
2026/07/08 16:30:45.454, 5, 30, 75584, 97887
2026/07/08 16:30:45.468, 6, 24, 75570, 97887
2026/07/08 16:30:45.483, 7, 72, 75570, 97887
2026/07/08 16:30:46.499, 0, 0, 48704, 97887
2026/07/08 16:30:46.514, 1, 0, 48104, 97887
2026/07/08 16:30:46.532, 2, 0, 48104, 97887
2026/07/08 16:30:46.548, 3, 0, 48104, 97887
2026/07/08 16:30:46.564, 4, 87, 75584, 97887
2026/07/08 16:30:46.580, 5, 32, 75584, 97887
2026/07/08 16:30:46.594, 6, 59, 75570, 97887
2026/07/08 16:30:46.607, 7, 20, 75570, 97887
2026/07/08 16:30:47.625, 0, 0, 48704, 97887
2026/07/08 16:30:47.639, 1, 0, 48104, 97887
2026/07/08 16:30:47.652, 2, 0, 48104, 97887
2026/07/08 16:30:47.669, 3, 0, 48104, 97887
2026/07/08 16:30:47.688, 4, 95, 75584, 97887
2026/07/08 16:30:47.703, 5, 31, 75584, 97887
2026/07/08 16:30:47.719, 6, 42, 75570, 97887
2026/07/08 16:30:47.735, 7, 48, 75570, 97887
2026/07/08 16:30:48.749, 0, 0, 48704, 97887
2026/07/08 16:30:48.765, 1, 0, 48104, 97887
2026/07/08 16:30:48.780, 2, 0, 48104, 97887
2026/07/08 16:30:48.795, 3, 0, 48104, 97887
2026/07/08 16:30:48.809, 4, 0, 75584, 97887
2026/07/08 16:30:48.823, 5, 0, 75584, 97887
2026/07/08 16:30:48.837, 6, 87, 75570, 97887
2026/07/08 16:30:48.857, 7, 18, 75570, 97887
2026/07/08 16:30:49.874, 0, 0, 48704, 97887
2026/07/08 16:30:49.895, 1, 0, 48104, 97887
2026/07/08 16:30:49.913, 2, 0, 48104, 97887
2026/07/08 16:30:49.932, 3, 0, 48104, 97887
2026/07/08 16:30:49.949, 4, 0, 75584, 97887
2026/07/08 16:30:49.965, 5, 0, 75584, 97887
2026/07/08 16:30:49.984, 6, 36, 75570, 97887
2026/07/08 16:30:50.001, 7, 70, 75570, 97887
2026/07/08 16:30:51.018, 0, 0, 48704, 97887
2026/07/08 16:30:51.032, 1, 0, 48104, 97887
2026/07/08 16:30:51.046, 2, 0, 48104, 97887
2026/07/08 16:30:51.060, 3, 0, 48104, 97887
2026/07/08 16:30:51.075, 4, 0, 75584, 97887
2026/07/08 16:30:51.089, 5, 0, 75584, 97887
2026/07/08 16:30:51.104, 6, 75, 75570, 97887
2026/07/08 16:30:51.119, 7, 40, 75570, 97887
2026/07/08 16:30:52.134, 0, 0, 48704, 97887
2026/07/08 16:30:52.152, 1, 0, 48104, 97887
2026/07/08 16:30:52.168, 2, 0, 48104, 97887
2026/07/08 16:30:52.185, 3, 0, 48104, 97887
2026/07/08 16:30:52.199, 4, 0, 75584, 97887
2026/07/08 16:30:52.213, 5, 0, 75584, 97887
2026/07/08 16:30:52.230, 6, 34, 75570, 97887
2026/07/08 16:30:52.246, 7, 52, 75570, 97887
2026/07/08 16:30:53.261, 0, 0, 48704, 97887
2026/07/08 16:30:53.277, 1, 0, 48104, 97887
2026/07/08 16:30:53.293, 2, 0, 48104, 97887
2026/07/08 16:30:53.309, 3, 0, 48104, 97887
2026/07/08 16:30:53.326, 4, 0, 75584, 97887
2026/07/08 16:30:53.340, 5, 0, 75584, 97887
2026/07/08 16:30:53.354, 6, 24, 75570, 97887
2026/07/08 16:30:53.367, 7, 27, 75570, 97887
2026/07/08 16:30:54.382, 0, 0, 48704, 97887
2026/07/08 16:30:54.401, 1, 0, 48104, 97887
2026/07/08 16:30:54.419, 2, 0, 48104, 97887
2026/07/08 16:30:54.434, 3, 0, 48104, 97887
2026/07/08 16:30:54.449, 4, 0, 75584, 97887
2026/07/08 16:30:54.464, 5, 0, 75584, 97887
2026/07/08 16:30:54.480, 6, 65, 75570, 97887
2026/07/08 16:30:54.495, 7, 62, 75570, 97887
2026/07/08 16:30:55.512, 0, 0, 48704, 97887
2026/07/08 16:30:55.523, 1, 0, 48104, 97887
2026/07/08 16:30:55.533, 2, 0, 48104, 97887
2026/07/08 16:30:55.541, 3, 0, 48104, 97887
2026/07/08 16:30:55.552, 4, 0, 75584, 97887
2026/07/08 16:30:55.562, 5, 0, 75584, 97887
2026/07/08 16:30:55.574, 6, 30, 75570, 97887
2026/07/08 16:30:55.585, 7, 46, 75570, 97887
2026/07/08 16:30:56.597, 0, 0, 48704, 97887
2026/07/08 16:30:56.606, 1, 0, 48104, 97887
2026/07/08 16:30:56.622, 2, 0, 48104, 97887
2026/07/08 16:30:56.639, 3, 0, 48104, 97887
2026/07/08 16:30:56.654, 4, 0, 75584, 97887
2026/07/08 16:30:56.665, 5, 0, 75584, 97887
2026/07/08 16:30:56.676, 6, 31, 75570, 97887
2026/07/08 16:30:56.688, 7, 75, 75570, 97887
2026/07/08 16:30:57.702, 0, 0, 48704, 97887
2026/07/08 16:30:57.720, 1, 0, 48104, 97887
2026/07/08 16:30:57.738, 2, 0, 48104, 97887
2026/07/08 16:30:57.756, 3, 0, 48104, 97887
2026/07/08 16:30:57.773, 4, 0, 75584, 97887
2026/07/08 16:30:57.790, 5, 0, 75584, 97887
2026/07/08 16:30:57.807, 6, 46, 75570, 97887
2026/07/08 16:30:57.824, 7, 70, 75570, 97887
2026/07/08 16:30:58.840, 0, 0, 48704, 97887
2026/07/08 16:30:58.856, 1, 0, 48104, 97887
2026/07/08 16:30:58.870, 2, 0, 48104, 97887
2026/07/08 16:30:58.884, 3, 0, 48104, 97887
2026/07/08 16:30:58.898, 4, 0, 75584, 97887
2026/07/08 16:30:58.911, 5, 0, 75584, 97887
2026/07/08 16:30:58.926, 6, 38, 75570, 97887
2026/07/08 16:30:58.941, 7, 57, 75570, 97887
2026/07/08 16:30:59.953, 0, 0, 48704, 97887
2026/07/08 16:30:59.971, 1, 0, 48104, 97887
2026/07/08 16:30:59.990, 2, 0, 48104, 97887
2026/07/08 16:31:00.009, 3, 0, 48104, 97887
2026/07/08 16:31:00.027, 4, 0, 75584, 97887
2026/07/08 16:31:00.044, 5, 0, 75584, 97887
2026/07/08 16:31:00.060, 6, 18, 75570, 97887
2026/07/08 16:31:00.077, 7, 68, 75570, 97887
2026/07/08 16:31:01.091, 0, 0, 48704, 97887
2026/07/08 16:31:01.108, 1, 0, 48104, 97887
2026/07/08 16:31:01.126, 2, 0, 48104, 97887
2026/07/08 16:31:01.141, 3, 0, 48104, 97887
2026/07/08 16:31:01.158, 4, 0, 75584, 97887
2026/07/08 16:31:01.175, 5, 0, 75584, 97887
2026/07/08 16:31:01.193, 6, 27, 75570, 97887
2026/07/08 16:31:01.208, 7, 63, 75570, 97887
2026/07/08 16:31:02.224, 0, 0, 48704, 97887
2026/07/08 16:31:02.240, 1, 0, 48104, 97887
2026/07/08 16:31:02.255, 2, 0, 48104, 97887
2026/07/08 16:31:02.271, 3, 0, 48104, 97887
2026/07/08 16:31:02.289, 4, 0, 75584, 97887
2026/07/08 16:31:02.304, 5, 0, 75584, 97887
2026/07/08 16:31:02.322, 6, 40, 75570, 97887
2026/07/08 16:31:02.342, 7, 31, 75570, 97887
2026/07/08 16:31:03.360, 0, 0, 48704, 97887
2026/07/08 16:31:03.379, 1, 0, 48104, 97887
2026/07/08 16:31:03.396, 2, 0, 48104, 97887
2026/07/08 16:31:03.412, 3, 0, 48104, 97887
2026/07/08 16:31:03.428, 4, 0, 75584, 97887
2026/07/08 16:31:03.442, 5, 0, 75584, 97887
2026/07/08 16:31:03.458, 6, 55, 75570, 97887
2026/07/08 16:31:03.476, 7, 66, 75570, 97887
2026/07/08 16:31:04.494, 0, 0, 48704, 97887
2026/07/08 16:31:04.509, 1, 0, 48104, 97887
2026/07/08 16:31:04.526, 2, 0, 48104, 97887
2026/07/08 16:31:04.538, 3, 0, 48104, 97887
2026/07/08 16:31:04.553, 4, 0, 75584, 97887
2026/07/08 16:31:04.570, 5, 0, 75584, 97887
2026/07/08 16:31:04.588, 6, 19, 75570, 97887
2026/07/08 16:31:04.604, 7, 71, 75570, 97887
2026/07/08 16:31:05.621, 0, 0, 48704, 97887
2026/07/08 16:31:05.640, 1, 0, 48104, 97887
2026/07/08 16:31:05.656, 2, 0, 48104, 97887
2026/07/08 16:31:05.672, 3, 0, 48104, 97887
2026/07/08 16:31:05.689, 4, 0, 75584, 97887
2026/07/08 16:31:05.707, 5, 0, 75584, 97887
2026/07/08 16:31:05.725, 6, 30, 75570, 97887
2026/07/08 16:31:05.744, 7, 25, 75570, 97887
2026/07/08 16:31:06.763, 0, 0, 48704, 97887
2026/07/08 16:31:06.781, 1, 0, 48104, 97887
2026/07/08 16:31:06.799, 2, 0, 48104, 97887
2026/07/08 16:31:06.816, 3, 0, 48104, 97887
2026/07/08 16:31:06.836, 4, 0, 75584, 97887
2026/07/08 16:31:06.853, 5, 0, 75584, 97887
2026/07/08 16:31:06.871, 6, 31, 75570, 97887
2026/07/08 16:31:06.890, 7, 70, 75570, 97887
2026/07/08 16:31:07.909, 0, 0, 48704, 97887
2026/07/08 16:31:07.927, 1, 0, 48104, 97887
2026/07/08 16:31:07.944, 2, 0, 48104, 97887
2026/07/08 16:31:07.962, 3, 0, 48104, 97887
2026/07/08 16:31:07.978, 4, 0, 75584, 97887
2026/07/08 16:31:07.993, 5, 0, 75584, 97887
2026/07/08 16:31:08.007, 6, 33, 75570, 97887
2026/07/08 16:31:08.023, 7, 47, 75570, 97887
2026/07/08 16:31:09.040, 0, 0, 48704, 97887
2026/07/08 16:31:09.054, 1, 0, 48104, 97887
2026/07/08 16:31:09.066, 2, 0, 48104, 97887
2026/07/08 16:31:09.078, 3, 0, 48104, 97887
2026/07/08 16:31:09.090, 4, 0, 75584, 97887
2026/07/08 16:31:09.102, 5, 0, 75584, 97887
2026/07/08 16:31:09.116, 6, 25, 75570, 97887
2026/07/08 16:31:09.134, 7, 64, 75570, 97887
2026/07/08 16:31:10.149, 0, 0, 48704, 97887
2026/07/08 16:31:10.160, 1, 0, 48104, 97887
2026/07/08 16:31:10.172, 2, 0, 48104, 97887
2026/07/08 16:31:10.181, 3, 0, 48104, 97887
2026/07/08 16:31:10.193, 4, 0, 75584, 97887
2026/07/08 16:31:10.207, 5, 0, 75584, 97887
2026/07/08 16:31:10.221, 6, 29, 75570, 97887
2026/07/08 16:31:10.234, 7, 48, 75570, 97887
2026/07/08 16:31:11.247, 0, 0, 48704, 97887
2026/07/08 16:31:11.262, 1, 0, 48104, 97887
2026/07/08 16:31:11.274, 2, 0, 48104, 97887
2026/07/08 16:31:11.286, 3, 0, 48104, 97887
2026/07/08 16:31:11.298, 4, 0, 75584, 97887
2026/07/08 16:31:11.309, 5, 0, 75584, 97887
2026/07/08 16:31:11.320, 6, 75, 75570, 97887
2026/07/08 16:31:11.332, 7, 25, 75570, 97887
2026/07/08 16:31:12.343, 0, 0, 48704, 97887
2026/07/08 16:31:12.354, 1, 0, 48104, 97887
2026/07/08 16:31:12.362, 2, 0, 48104, 97887
2026/07/08 16:31:12.375, 3, 0, 48104, 97887
2026/07/08 16:31:12.384, 4, 0, 75584, 97887
2026/07/08 16:31:12.394, 5, 0, 75584, 97887
2026/07/08 16:31:12.406, 6, 15, 75570, 97887
2026/07/08 16:31:12.420, 7, 53, 75570, 97887
2026/07/08 16:31:13.432, 0, 0, 48704, 97887
2026/07/08 16:31:13.450, 1, 0, 48104, 97887
2026/07/08 16:31:13.464, 2, 0, 48104, 97887
2026/07/08 16:31:13.479, 3, 0, 48104, 97887
2026/07/08 16:31:13.495, 4, 0, 75584, 97887
2026/07/08 16:31:13.512, 5, 0, 75584, 97887
2026/07/08 16:31:13.530, 6, 30, 75570, 97887
2026/07/08 16:31:13.548, 7, 62, 75570, 97887
2026/07/08 16:31:14.565, 0, 0, 48704, 97887
2026/07/08 16:31:14.580, 1, 0, 48104, 97887
2026/07/08 16:31:14.597, 2, 0, 48104, 97887
2026/07/08 16:31:14.612, 3, 0, 48104, 97887
2026/07/08 16:31:14.629, 4, 0, 75584, 97887
2026/07/08 16:31:14.645, 5, 0, 75584, 97887
2026/07/08 16:31:14.662, 6, 26, 75570, 97887
2026/07/08 16:31:14.680, 7, 34, 75570, 97887
2026/07/08 16:31:15.697, 0, 0, 48704, 97887
2026/07/08 16:31:15.712, 1, 0, 48104, 97887
2026/07/08 16:31:15.728, 2, 0, 48104, 97887
2026/07/08 16:31:15.743, 3, 0, 48104, 97887
2026/07/08 16:31:15.759, 4, 0, 75584, 97887
2026/07/08 16:31:15.772, 5, 0, 75584, 97887
2026/07/08 16:31:15.785, 6, 21, 75570, 97887
2026/07/08 16:31:15.798, 7, 65, 75570, 97887
2026/07/08 16:31:16.812, 0, 0, 48704, 97887
2026/07/08 16:31:16.828, 1, 0, 48104, 97887
2026/07/08 16:31:16.842, 2, 0, 48104, 97887
2026/07/08 16:31:16.857, 3, 0, 48104, 97887
2026/07/08 16:31:16.877, 4, 0, 75584, 97887
2026/07/08 16:31:16.890, 5, 0, 75584, 97887
2026/07/08 16:31:16.906, 6, 92, 75570, 97887
2026/07/08 16:31:16.924, 7, 17, 75570, 97887
2026/07/08 16:31:17.940, 0, 0, 48704, 97887
2026/07/08 16:31:17.956, 1, 0, 48104, 97887
2026/07/08 16:31:17.970, 2, 0, 48104, 97887
2026/07/08 16:31:17.985, 3, 0, 48104, 97887
2026/07/08 16:31:17.999, 4, 0, 75584, 97887
2026/07/08 16:31:18.012, 5, 0, 75584, 97887
2026/07/08 16:31:18.030, 6, 64, 75570, 97887
2026/07/08 16:31:18.054, 7, 76, 75570, 97887
2026/07/08 16:31:19.067, 0, 0, 48704, 97887
2026/07/08 16:31:19.080, 1, 0, 48104, 97887
2026/07/08 16:31:19.090, 2, 0, 48104, 97887
2026/07/08 16:31:19.103, 3, 0, 48104, 97887
2026/07/08 16:31:19.118, 4, 0, 75584, 97887
2026/07/08 16:31:19.133, 5, 0, 75584, 97887
2026/07/08 16:31:19.148, 6, 0, 75570, 97887
2026/07/08 16:31:19.167, 7, 0, 75570, 97887
2026/07/08 16:31:20.183, 0, 0, 48704, 97887
2026/07/08 16:31:20.194, 1, 0, 48104, 97887
2026/07/08 16:31:20.205, 2, 0, 48104, 97887
2026/07/08 16:31:20.217, 3, 0, 48104, 97887
2026/07/08 16:31:20.228, 4, 0, 75584, 97887
2026/07/08 16:31:20.241, 5, 0, 75584, 97887
2026/07/08 16:31:20.255, 6, 0, 75570, 97887
2026/07/08 16:31:20.270, 7, 0, 75570, 97887
2026/07/08 16:31:21.283, 0, 0, 48704, 97887
2026/07/08 16:31:21.302, 1, 0, 48104, 97887
2026/07/08 16:31:21.319, 2, 0, 48104, 97887
2026/07/08 16:31:21.331, 3, 0, 48104, 97887
2026/07/08 16:31:21.349, 4, 0, 75584, 97887
2026/07/08 16:31:21.373, 5, 0, 75584, 97887
2026/07/08 16:31:21.394, 6, 0, 75570, 97887
2026/07/08 16:31:21.411, 7, 0, 75570, 97887
2026/07/08 16:31:22.430, 0, 0, 48704, 97887
2026/07/08 16:31:22.446, 1, 0, 48104, 97887
2026/07/08 16:31:22.461, 2, 0, 48104, 97887
2026/07/08 16:31:22.478, 3, 0, 48104, 97887
2026/07/08 16:31:22.492, 4, 0, 75584, 97887
2026/07/08 16:31:22.506, 5, 0, 75584, 97887
2026/07/08 16:31:22.516, 6, 0, 75570, 97887
2026/07/08 16:31:22.524, 7, 0, 75570, 97887
2026/07/08 16:31:23.534, 0, 0, 48704, 97887
2026/07/08 16:31:23.549, 1, 0, 48104, 97887
2026/07/08 16:31:23.562, 2, 0, 48104, 97887
2026/07/08 16:31:23.574, 3, 0, 48104, 97887
2026/07/08 16:31:23.587, 4, 0, 75584, 97887
2026/07/08 16:31:23.601, 5, 0, 75584, 97887
2026/07/08 16:31:23.615, 6, 0, 75570, 97887
2026/07/08 16:31:23.629, 7, 0, 75570, 97887
2026/07/08 16:31:24.641, 0, 0, 48704, 97887
2026/07/08 16:31:24.656, 1, 0, 48104, 97887
2026/07/08 16:31:24.667, 2, 0, 48104, 97887
2026/07/08 16:31:24.681, 3, 0, 48104, 97887
2026/07/08 16:31:24.693, 4, 0, 75584, 97887
2026/07/08 16:31:24.701, 5, 0, 75584, 97887
2026/07/08 16:31:24.715, 6, 0, 75570, 97887
2026/07/08 16:31:24.727, 7, 0, 75570, 97887
2026/07/08 16:31:25.742, 0, 0, 48704, 97887
2026/07/08 16:31:25.756, 1, 0, 48104, 97887
2026/07/08 16:31:25.767, 2, 0, 48104, 97887
2026/07/08 16:31:25.780, 3, 0, 48104, 97887
2026/07/08 16:31:25.792, 4, 0, 75584, 97887
2026/07/08 16:31:25.803, 5, 0, 75584, 97887
2026/07/08 16:31:25.817, 6, 0, 75570, 97887
2026/07/08 16:31:25.832, 7, 0, 75570, 97887
2026/07/08 16:31:26.846, 0, 0, 48704, 97887
2026/07/08 16:31:26.861, 1, 0, 48104, 97887
2026/07/08 16:31:26.877, 2, 0, 48104, 97887
2026/07/08 16:31:26.890, 3, 0, 48104, 97887
2026/07/08 16:31:26.908, 4, 0, 75582, 97887
2026/07/08 16:31:26.934, 5, 0, 75582, 97887
2026/07/08 16:31:26.954, 6, 0, 75566, 97887
2026/07/08 16:31:26.969, 7, 0, 75566, 97887
2026/07/08 16:31:27.982, 0, 0, 48704, 97887
2026/07/08 16:31:28.180, 1, 0, 48104, 97887
2026/07/08 16:31:28.195, 2, 0, 48104, 97887
2026/07/08 16:31:28.210, 3, 0, 48104, 97887
2026/07/08 16:31:28.228, 4, 0, 4, 97887
2026/07/08 16:31:28.239, 5, 0, 4, 97887
2026/07/08 16:31:28.249, 6, 0, 4, 97887
2026/07/08 16:31:28.281, 7, 0, 4, 97887
2026/07/08 16:31:29.296, 0, 0, 48704, 97887
2026/07/08 16:31:29.311, 1, 0, 48104, 97887
2026/07/08 16:31:29.325, 2, 0, 48104, 97887
2026/07/08 16:31:29.339, 3, 0, 48104, 97887
2026/07/08 16:31:29.353, 4, 0, 4, 97887
2026/07/08 16:31:29.368, 5, 0, 4, 97887
2026/07/08 16:31:29.385, 6, 0, 4, 97887
2026/07/08 16:31:29.397, 7, 0, 4, 97887
2026/07/08 16:31:30.412, 0, 0, 48704, 97887
2026/07/08 16:31:30.432, 1, 0, 48104, 97887
2026/07/08 16:31:30.451, 2, 0, 48104, 97887
2026/07/08 16:31:30.461, 3, 0, 48104, 97887
2026/07/08 16:31:30.476, 4, 0, 4, 97887
2026/07/08 16:31:30.493, 5, 0, 4, 97887
2026/07/08 16:31:30.509, 6, 0, 4, 97887
2026/07/08 16:31:30.526, 7, 0, 4, 97887
2026/07/08 16:31:31.544, 0, 0, 48704, 97887
2026/07/08 16:31:31.555, 1, 0, 48104, 97887
2026/07/08 16:31:31.568, 2, 0, 48104, 97887
2026/07/08 16:31:31.580, 3, 0, 48104, 97887
2026/07/08 16:31:31.591, 4, 0, 3, 97887
2026/07/08 16:31:31.604, 5, 0, 3, 97887
2026/07/08 16:31:31.616, 6, 0, 3, 97887
2026/07/08 16:31:31.630, 7, 0, 3, 97887
2026/07/08 16:31:32.648, 0, 0, 48619, 97887
2026/07/08 16:31:32.664, 1, 0, 48019, 97887
2026/07/08 16:31:32.679, 2, 0, 48019, 97887
2026/07/08 16:31:32.691, 3, 0, 48019, 97887
2026/07/08 16:31:32.702, 4, 0, 1, 97887
2026/07/08 16:31:32.720, 5, 0, 1, 97887
2026/07/08 16:31:32.737, 6, 0, 3, 97887
2026/07/08 16:31:32.753, 7, 0, 3, 97887
2026/07/08 16:31:33.770, 0, 0, 48619, 97887
2026/07/08 16:31:33.786, 1, 0, 48019, 97887
2026/07/08 16:31:36.215, 2, 0, 0, 97887
2026/07/08 16:31:42.934, 3, 0, 0, 97887
2026/07/08 16:31:42.958, 4, 0, 0, 97887
2026/07/08 16:31:42.977, 5, 0, 0, 97887
2026/07/08 16:31:42.995, 6, 0, 1, 97887
2026/07/08 16:31:43.018, 7, 0, 1, 97887
