timestamp, index, utilization.gpu [%], memory.used [MiB], memory.total [MiB]
2026/07/08 12:39:31.170, 0, 0, 0, 97887
2026/07/08 12:39:31.182, 1, 0, 0, 97887
2026/07/08 12:39:31.194, 2, 0, 0, 97887
2026/07/08 12:39:31.205, 3, 0, 0, 97887
2026/07/08 12:39:31.216, 4, 0, 0, 97887
2026/07/08 12:39:31.226, 5, 0, 0, 97887
2026/07/08 12:39:31.235, 6, 0, 0, 97887
2026/07/08 12:39:31.246, 7, 0, 0, 97887
2026/07/08 12:39:32.258, 0, 0, 0, 97887
2026/07/08 12:39:32.272, 1, 0, 0, 97887
2026/07/08 12:39:32.284, 2, 0, 0, 97887
2026/07/08 12:39:32.299, 3, 0, 0, 97887
2026/07/08 12:39:32.315, 4, 0, 0, 97887
2026/07/08 12:39:32.333, 5, 0, 0, 97887
2026/07/08 12:39:32.351, 6, 0, 0, 97887
2026/07/08 12:39:32.370, 7, 0, 0, 97887
2026/07/08 12:39:33.388, 0, 0, 0, 97887
2026/07/08 12:39:33.410, 1, 0, 0, 97887
2026/07/08 12:39:33.428, 2, 0, 0, 97887
2026/07/08 12:39:33.446, 3, 0, 0, 97887
2026/07/08 12:39:33.462, 4, 0, 0, 97887
2026/07/08 12:39:33.475, 5, 0, 0, 97887
2026/07/08 12:39:33.487, 6, 0, 0, 97887
2026/07/08 12:39:33.500, 7, 0, 0, 97887
2026/07/08 12:39:34.512, 0, 0, 0, 97887
2026/07/08 12:39:34.528, 1, 0, 0, 97887
2026/07/08 12:39:34.542, 2, 0, 0, 97887
2026/07/08 12:39:34.557, 3, 0, 0, 97887
2026/07/08 12:39:34.571, 4, 0, 0, 97887
2026/07/08 12:39:34.585, 5, 0, 0, 97887
2026/07/08 12:39:34.600, 6, 0, 0, 97887
2026/07/08 12:39:34.614, 7, 0, 0, 97887
2026/07/08 12:39:35.627, 0, 0, 0, 97887
2026/07/08 12:39:35.645, 1, 0, 0, 97887
2026/07/08 12:39:35.661, 2, 0, 0, 97887
2026/07/08 12:39:35.678, 3, 0, 0, 97887
2026/07/08 12:39:35.693, 4, 0, 0, 97887
2026/07/08 12:39:35.708, 5, 0, 0, 97887
2026/07/08 12:39:35.724, 6, 0, 0, 97887
2026/07/08 12:39:35.740, 7, 0, 0, 97887
2026/07/08 12:39:36.757, 0, 0, 0, 97887
2026/07/08 12:39:36.775, 1, 0, 0, 97887
2026/07/08 12:39:36.791, 2, 0, 0, 97887
2026/07/08 12:39:36.808, 3, 0, 0, 97887
2026/07/08 12:39:36.822, 4, 0, 0, 97887
2026/07/08 12:39:36.839, 5, 0, 0, 97887
2026/07/08 12:39:36.853, 6, 0, 0, 97887
2026/07/08 12:39:36.867, 7, 0, 0, 97887
2026/07/08 12:39:37.884, 0, 0, 0, 97887
2026/07/08 12:39:37.902, 1, 0, 0, 97887
2026/07/08 12:39:37.919, 2, 0, 0, 97887
2026/07/08 12:39:37.935, 3, 0, 0, 97887
2026/07/08 12:39:37.953, 4, 0, 0, 97887
2026/07/08 12:39:37.970, 5, 0, 0, 97887
2026/07/08 12:39:37.985, 6, 0, 0, 97887
2026/07/08 12:39:38.000, 7, 0, 0, 97887
2026/07/08 12:39:39.017, 0, 0, 0, 97887
2026/07/08 12:39:39.039, 1, 0, 0, 97887
2026/07/08 12:39:39.059, 2, 0, 0, 97887
2026/07/08 12:39:39.078, 3, 0, 1, 97887
2026/07/08 12:39:39.094, 4, 0, 1, 97887
2026/07/08 12:39:39.115, 5, 0, 1, 97887
2026/07/08 12:39:39.134, 6, 0, 1, 97887
2026/07/08 12:39:39.154, 7, 0, 1, 97887
2026/07/08 12:39:40.221, 0, 0, 3, 97887
2026/07/08 12:39:40.245, 1, 0, 3, 97887
2026/07/08 12:39:40.264, 2, 0, 3, 97887
2026/07/08 12:39:40.281, 3, 0, 3, 97887
2026/07/08 12:39:40.299, 4, 0, 3, 97887
2026/07/08 12:39:40.316, 5, 0, 3, 97887
2026/07/08 12:39:40.335, 6, 0, 3, 97887
2026/07/08 12:39:40.353, 7, 0, 3, 97887
2026/07/08 12:39:41.371, 0, 0, 3, 97887
2026/07/08 12:39:41.389, 1, 0, 3, 97887
2026/07/08 12:39:41.405, 2, 0, 3, 97887
2026/07/08 12:39:41.422, 3, 0, 3, 97887
2026/07/08 12:39:41.438, 4, 0, 3, 97887
2026/07/08 12:39:41.456, 5, 0, 3, 97887
2026/07/08 12:39:41.473, 6, 0, 3, 97887
2026/07/08 12:39:41.489, 7, 0, 3, 97887
2026/07/08 12:39:42.505, 0, 0, 3, 97887
2026/07/08 12:39:42.520, 1, 0, 3, 97887
2026/07/08 12:39:42.536, 2, 0, 3, 97887
2026/07/08 12:39:42.554, 3, 0, 3, 97887
2026/07/08 12:39:42.562, 4, 0, 3, 97887
2026/07/08 12:39:42.571, 5, 0, 3, 97887
2026/07/08 12:39:42.582, 6, 0, 3, 97887
2026/07/08 12:39:42.600, 7, 0, 3, 97887
2026/07/08 12:39:43.618, 0, 0, 3, 97887
2026/07/08 12:39:43.636, 1, 0, 3, 97887
2026/07/08 12:39:43.655, 2, 0, 3, 97887
2026/07/08 12:39:43.673, 3, 0, 3, 97887
2026/07/08 12:39:43.691, 4, 0, 3, 97887
2026/07/08 12:39:43.709, 5, 0, 3, 97887
2026/07/08 12:39:43.727, 6, 0, 3, 97887
2026/07/08 12:39:43.746, 7, 0, 3, 97887
2026/07/08 12:39:44.763, 0, 0, 3, 97887
2026/07/08 12:39:44.779, 1, 0, 3, 97887
2026/07/08 12:39:44.792, 2, 0, 3, 97887
2026/07/08 12:39:44.806, 3, 0, 3, 97887
2026/07/08 12:39:44.819, 4, 0, 3, 97887
2026/07/08 12:39:44.834, 5, 0, 3, 97887
2026/07/08 12:39:44.847, 6, 0, 3, 97887
2026/07/08 12:39:44.860, 7, 0, 3, 97887
2026/07/08 12:39:45.873, 0, 0, 3, 97887
2026/07/08 12:39:45.891, 1, 0, 3, 97887
2026/07/08 12:39:45.909, 2, 0, 3, 97887
2026/07/08 12:39:45.928, 3, 0, 3, 97887
2026/07/08 12:39:45.947, 4, 0, 3, 97887
2026/07/08 12:39:45.966, 5, 0, 3, 97887
2026/07/08 12:39:45.984, 6, 0, 3, 97887
2026/07/08 12:39:46.004, 7, 0, 3, 97887
2026/07/08 12:39:47.024, 0, 0, 3, 97887
2026/07/08 12:39:47.048, 1, 0, 3, 97887
2026/07/08 12:39:47.067, 2, 0, 3, 97887
2026/07/08 12:39:47.087, 3, 0, 3, 97887
2026/07/08 12:39:47.103, 4, 0, 3, 97887
2026/07/08 12:39:47.120, 5, 0, 3, 97887
2026/07/08 12:39:47.137, 6, 0, 3, 97887
2026/07/08 12:39:47.152, 7, 0, 3, 97887
2026/07/08 12:39:48.172, 0, 0, 3, 97887
2026/07/08 12:39:48.190, 1, 0, 3, 97887
2026/07/08 12:39:48.209, 2, 0, 3, 97887
2026/07/08 12:39:48.226, 3, 0, 3, 97887
2026/07/08 12:39:48.244, 4, 0, 3, 97887
2026/07/08 12:39:48.263, 5, 0, 3, 97887
2026/07/08 12:39:48.279, 6, 0, 3, 97887
2026/07/08 12:39:48.294, 7, 0, 3, 97887
2026/07/08 12:39:49.309, 0, 0, 3, 97887
2026/07/08 12:39:49.327, 1, 0, 3, 97887
2026/07/08 12:39:49.342, 2, 0, 3, 97887
2026/07/08 12:39:49.360, 3, 0, 3, 97887
2026/07/08 12:39:49.376, 4, 0, 3, 97887
2026/07/08 12:39:49.394, 5, 0, 3, 97887
2026/07/08 12:39:49.412, 6, 0, 3, 97887
2026/07/08 12:39:49.427, 7, 0, 3, 97887
2026/07/08 12:39:50.441, 0, 0, 3, 97887
2026/07/08 12:39:50.456, 1, 0, 3, 97887
2026/07/08 12:39:50.470, 2, 0, 3, 97887
2026/07/08 12:39:50.483, 3, 0, 3, 97887
2026/07/08 12:39:50.496, 4, 0, 3, 97887
2026/07/08 12:39:50.511, 5, 0, 3, 97887
2026/07/08 12:39:50.525, 6, 0, 3, 97887
2026/07/08 12:39:50.541, 7, 0, 3, 97887
2026/07/08 12:39:51.555, 0, 0, 3, 97887
2026/07/08 12:39:51.567, 1, 0, 3, 97887
2026/07/08 12:39:51.582, 2, 0, 3, 97887
2026/07/08 12:39:51.596, 3, 0, 3, 97887
2026/07/08 12:39:51.613, 4, 0, 3, 97887
2026/07/08 12:39:51.629, 5, 0, 3, 97887
2026/07/08 12:39:51.646, 6, 0, 3, 97887
2026/07/08 12:39:51.662, 7, 0, 3, 97887
2026/07/08 12:39:52.680, 0, 0, 3, 97887
2026/07/08 12:39:52.699, 1, 0, 3, 97887
2026/07/08 12:39:52.717, 2, 0, 3, 97887
2026/07/08 12:39:52.737, 3, 0, 3, 97887
2026/07/08 12:39:52.756, 4, 0, 3, 97887
2026/07/08 12:39:52.775, 5, 0, 3, 97887
2026/07/08 12:39:52.794, 6, 0, 3, 97887
2026/07/08 12:39:52.817, 7, 0, 3, 97887
2026/07/08 12:39:53.836, 0, 0, 3, 97887
2026/07/08 12:39:53.855, 1, 0, 3, 97887
2026/07/08 12:39:53.875, 2, 0, 3, 97887
2026/07/08 12:39:53.894, 3, 0, 3, 97887
2026/07/08 12:39:53.913, 4, 0, 3, 97887
2026/07/08 12:39:53.929, 5, 0, 3, 97887
2026/07/08 12:39:53.947, 6, 0, 3, 97887
2026/07/08 12:39:53.965, 7, 0, 3, 97887
2026/07/08 12:39:54.983, 0, 0, 3, 97887
2026/07/08 12:39:55.003, 1, 0, 3, 97887
2026/07/08 12:39:55.022, 2, 0, 3, 97887
2026/07/08 12:39:55.040, 3, 0, 3, 97887
2026/07/08 12:39:55.059, 4, 0, 3, 97887
2026/07/08 12:39:55.079, 5, 0, 3, 97887
2026/07/08 12:39:55.097, 6, 0, 3, 97887
2026/07/08 12:39:55.117, 7, 0, 3, 97887
2026/07/08 12:39:56.134, 0, 0, 3, 97887
2026/07/08 12:39:56.155, 1, 0, 3, 97887
2026/07/08 12:39:56.173, 2, 0, 3, 97887
2026/07/08 12:39:56.193, 3, 0, 3, 97887
2026/07/08 12:39:56.212, 4, 0, 3, 97887
2026/07/08 12:39:56.228, 5, 0, 3, 97887
2026/07/08 12:39:56.245, 6, 0, 3, 97887
2026/07/08 12:39:56.264, 7, 0, 3, 97887
2026/07/08 12:39:57.283, 0, 0, 3, 97887
2026/07/08 12:39:57.301, 1, 0, 3, 97887
2026/07/08 12:39:57.315, 2, 0, 3, 97887
2026/07/08 12:39:57.330, 3, 0, 3, 97887
2026/07/08 12:39:57.344, 4, 0, 3, 97887
2026/07/08 12:39:57.361, 5, 0, 3, 97887
2026/07/08 12:39:57.379, 6, 0, 3, 97887
2026/07/08 12:39:57.397, 7, 0, 3, 97887
2026/07/08 12:39:58.414, 0, 0, 3, 97887
2026/07/08 12:39:58.435, 1, 0, 3, 97887
2026/07/08 12:39:58.452, 2, 0, 3, 97887
2026/07/08 12:39:58.466, 3, 0, 3, 97887
2026/07/08 12:39:58.483, 4, 0, 3, 97887
2026/07/08 12:39:58.500, 5, 0, 3, 97887
2026/07/08 12:39:58.517, 6, 0, 3, 97887
2026/07/08 12:39:58.534, 7, 0, 3, 97887
2026/07/08 12:39:59.550, 0, 0, 3, 97887
2026/07/08 12:39:59.566, 1, 0, 3, 97887
2026/07/08 12:39:59.582, 2, 0, 3, 97887
2026/07/08 12:39:59.599, 3, 0, 3, 97887
2026/07/08 12:39:59.615, 4, 0, 3, 97887
2026/07/08 12:39:59.633, 5, 0, 3, 97887
2026/07/08 12:39:59.651, 6, 0, 3, 97887
2026/07/08 12:39:59.667, 7, 0, 3, 97887
2026/07/08 12:40:00.689, 0, 0, 3, 97887
2026/07/08 12:40:00.707, 1, 0, 3, 97887
2026/07/08 12:40:00.726, 2, 0, 3, 97887
2026/07/08 12:40:00.743, 3, 0, 3, 97887
2026/07/08 12:40:00.761, 4, 0, 3, 97887
2026/07/08 12:40:00.780, 5, 0, 3, 97887
2026/07/08 12:40:00.797, 6, 0, 3, 97887
2026/07/08 12:40:00.812, 7, 0, 3, 97887
2026/07/08 12:40:01.830, 0, 0, 3, 97887
2026/07/08 12:40:01.849, 1, 0, 3, 97887
2026/07/08 12:40:01.867, 2, 0, 3, 97887
2026/07/08 12:40:01.887, 3, 0, 3, 97887
2026/07/08 12:40:01.907, 4, 0, 3, 97887
2026/07/08 12:40:01.926, 5, 0, 3, 97887
2026/07/08 12:40:01.944, 6, 0, 3, 97887
2026/07/08 12:40:01.963, 7, 0, 3, 97887
2026/07/08 12:40:02.983, 0, 0, 3, 97887
2026/07/08 12:40:03.001, 1, 0, 3, 97887
2026/07/08 12:40:03.020, 2, 0, 3, 97887
2026/07/08 12:40:03.044, 3, 0, 3, 97887
2026/07/08 12:40:03.062, 4, 0, 3, 97887
2026/07/08 12:40:03.074, 5, 0, 3, 97887
2026/07/08 12:40:03.091, 6, 0, 3, 97887
2026/07/08 12:40:03.112, 7, 0, 3, 97887
2026/07/08 12:40:04.129, 0, 0, 3, 97887
2026/07/08 12:40:04.146, 1, 0, 3, 97887
2026/07/08 12:40:04.166, 2, 0, 3, 97887
2026/07/08 12:40:04.181, 3, 0, 3, 97887
2026/07/08 12:40:04.196, 4, 0, 3, 97887
2026/07/08 12:40:04.213, 5, 0, 3, 97887
2026/07/08 12:40:04.232, 6, 0, 3, 97887
2026/07/08 12:40:04.251, 7, 0, 3, 97887
2026/07/08 12:40:05.269, 0, 0, 3, 97887
2026/07/08 12:40:05.290, 1, 0, 3, 97887
2026/07/08 12:40:05.311, 2, 0, 3, 97887
2026/07/08 12:40:05.331, 3, 0, 3, 97887
2026/07/08 12:40:05.350, 4, 0, 3, 97887
2026/07/08 12:40:05.369, 5, 0, 3, 97887
2026/07/08 12:40:05.389, 6, 0, 3, 97887
2026/07/08 12:40:05.407, 7, 0, 3, 97887
2026/07/08 12:40:06.427, 0, 0, 3, 97887
2026/07/08 12:40:06.446, 1, 0, 3, 97887
2026/07/08 12:40:06.464, 2, 0, 3, 97887
2026/07/08 12:40:06.482, 3, 0, 3, 97887
2026/07/08 12:40:06.498, 4, 0, 3, 97887
2026/07/08 12:40:06.515, 5, 0, 3, 97887
2026/07/08 12:40:06.532, 6, 0, 3, 97887
2026/07/08 12:40:06.549, 7, 0, 3, 97887
2026/07/08 12:40:07.568, 0, 0, 3, 97887
2026/07/08 12:40:07.592, 1, 0, 3, 97887
2026/07/08 12:40:07.612, 2, 0, 3, 97887
2026/07/08 12:40:07.630, 3, 0, 3, 97887
2026/07/08 12:40:07.649, 4, 0, 3, 97887
2026/07/08 12:40:07.668, 5, 0, 3, 97887
2026/07/08 12:40:07.686, 6, 0, 3, 97887
2026/07/08 12:40:07.702, 7, 0, 3, 97887
2026/07/08 12:40:08.719, 0, 0, 562, 97887
2026/07/08 12:40:08.738, 1, 0, 3, 97887
2026/07/08 12:40:08.755, 2, 0, 3, 97887
2026/07/08 12:40:08.775, 3, 0, 3, 97887
2026/07/08 12:40:08.793, 4, 0, 3, 97887
2026/07/08 12:40:08.811, 5, 0, 3, 97887
2026/07/08 12:40:08.830, 6, 0, 3, 97887
2026/07/08 12:40:08.848, 7, 0, 3, 97887
2026/07/08 12:40:09.867, 0, 0, 562, 97887
2026/07/08 12:40:09.884, 1, 0, 3, 97887
2026/07/08 12:40:09.902, 2, 0, 3, 97887
2026/07/08 12:40:09.920, 3, 0, 3, 97887
2026/07/08 12:40:09.938, 4, 0, 3, 97887
2026/07/08 12:40:09.957, 5, 0, 3, 97887
2026/07/08 12:40:09.974, 6, 0, 3, 97887
2026/07/08 12:40:09.993, 7, 0, 3, 97887
2026/07/08 12:40:11.012, 0, 0, 562, 97887
2026/07/08 12:40:11.031, 1, 0, 3, 97887
2026/07/08 12:40:11.049, 2, 0, 3, 97887
2026/07/08 12:40:11.068, 3, 0, 3, 97887
2026/07/08 12:40:11.088, 4, 0, 3, 97887
2026/07/08 12:40:11.107, 5, 0, 3, 97887
2026/07/08 12:40:11.127, 6, 0, 3, 97887
2026/07/08 12:40:11.149, 7, 0, 3, 97887
2026/07/08 12:40:12.167, 0, 0, 562, 97887
2026/07/08 12:40:12.190, 1, 0, 3, 97887
2026/07/08 12:40:12.211, 2, 0, 3, 97887
2026/07/08 12:40:12.232, 3, 0, 3, 97887
2026/07/08 12:40:12.253, 4, 0, 3, 97887
2026/07/08 12:40:12.273, 5, 0, 3, 97887
2026/07/08 12:40:12.291, 6, 0, 3, 97887
2026/07/08 12:40:12.308, 7, 0, 3, 97887
2026/07/08 12:40:13.327, 0, 0, 562, 97887
2026/07/08 12:40:13.347, 1, 0, 3, 97887
2026/07/08 12:40:13.367, 2, 0, 3, 97887
2026/07/08 12:40:13.386, 3, 0, 3, 97887
2026/07/08 12:40:13.405, 4, 0, 3, 97887
2026/07/08 12:40:13.426, 5, 0, 3, 97887
2026/07/08 12:40:13.445, 6, 0, 3, 97887
2026/07/08 12:40:13.463, 7, 0, 3, 97887
2026/07/08 12:40:14.481, 0, 0, 562, 97887
2026/07/08 12:40:14.500, 1, 0, 3, 97887
2026/07/08 12:40:14.516, 2, 0, 3, 97887
2026/07/08 12:40:14.536, 3, 0, 3, 97887
2026/07/08 12:40:14.552, 4, 0, 3, 97887
2026/07/08 12:40:14.568, 5, 0, 3, 97887
2026/07/08 12:40:14.585, 6, 0, 3, 97887
2026/07/08 12:40:14.601, 7, 0, 3, 97887
2026/07/08 12:40:15.620, 0, 0, 562, 97887
2026/07/08 12:40:15.641, 1, 0, 3, 97887
2026/07/08 12:40:15.662, 2, 0, 3, 97887
2026/07/08 12:40:15.680, 3, 0, 3, 97887
2026/07/08 12:40:15.698, 4, 0, 3, 97887
2026/07/08 12:40:15.716, 5, 0, 3, 97887
2026/07/08 12:40:15.734, 6, 0, 3, 97887
2026/07/08 12:40:15.752, 7, 0, 3, 97887
2026/07/08 12:40:16.771, 0, 0, 562, 97887
2026/07/08 12:40:16.792, 1, 0, 3, 97887
2026/07/08 12:40:16.812, 2, 0, 3, 97887
2026/07/08 12:40:16.831, 3, 0, 3, 97887
2026/07/08 12:40:16.849, 4, 0, 3, 97887
2026/07/08 12:40:16.866, 5, 0, 3, 97887
2026/07/08 12:40:16.884, 6, 0, 3, 97887
2026/07/08 12:40:16.903, 7, 0, 3, 97887
2026/07/08 12:40:17.924, 0, 0, 562, 97887
2026/07/08 12:40:17.940, 1, 0, 3, 97887
2026/07/08 12:40:17.954, 2, 0, 3, 97887
2026/07/08 12:40:17.968, 3, 0, 3, 97887
2026/07/08 12:40:17.982, 4, 0, 3, 97887
2026/07/08 12:40:17.998, 5, 0, 3, 97887
2026/07/08 12:40:18.013, 6, 0, 3, 97887
2026/07/08 12:40:18.029, 7, 0, 3, 97887
2026/07/08 12:40:19.054, 0, 0, 562, 97887
2026/07/08 12:40:19.070, 1, 0, 3, 97887
2026/07/08 12:40:19.086, 2, 0, 3, 97887
2026/07/08 12:40:19.103, 3, 0, 3, 97887
2026/07/08 12:40:19.119, 4, 0, 3, 97887
2026/07/08 12:40:19.137, 5, 0, 3, 97887
2026/07/08 12:40:19.149, 6, 0, 3, 97887
2026/07/08 12:40:19.161, 7, 0, 3, 97887
2026/07/08 12:40:20.176, 0, 0, 562, 97887
2026/07/08 12:40:20.193, 1, 0, 4, 97887
2026/07/08 12:40:20.207, 2, 0, 4, 97887
2026/07/08 12:40:20.225, 3, 0, 4, 97887
2026/07/08 12:40:20.240, 4, 0, 4, 97887
2026/07/08 12:40:20.256, 5, 0, 4, 97887
2026/07/08 12:40:20.273, 6, 0, 4, 97887
2026/07/08 12:40:20.285, 7, 0, 4, 97887
2026/07/08 12:40:21.298, 0, 0, 562, 97887
2026/07/08 12:40:21.318, 1, 0, 4, 97887
2026/07/08 12:40:21.337, 2, 0, 4, 97887
2026/07/08 12:40:21.357, 3, 0, 4, 97887
2026/07/08 12:40:21.375, 4, 0, 4, 97887
2026/07/08 12:40:21.394, 5, 0, 4, 97887
2026/07/08 12:40:21.413, 6, 0, 4, 97887
2026/07/08 12:40:21.432, 7, 0, 4, 97887
2026/07/08 12:40:22.449, 0, 0, 562, 97887
2026/07/08 12:40:22.469, 1, 0, 4, 97887
2026/07/08 12:40:22.487, 2, 0, 4, 97887
2026/07/08 12:40:22.503, 3, 0, 4, 97887
2026/07/08 12:40:22.517, 4, 0, 4, 97887
2026/07/08 12:40:22.528, 5, 0, 4, 97887
2026/07/08 12:40:22.542, 6, 0, 4, 97887
2026/07/08 12:40:22.555, 7, 0, 4, 97887
2026/07/08 12:40:23.562, 0, 0, 562, 97887
2026/07/08 12:40:23.580, 1, 0, 4, 97887
2026/07/08 12:40:23.598, 2, 1, 562, 97887
2026/07/08 12:40:23.618, 3, 0, 4, 97887
2026/07/08 12:40:23.638, 4, 0, 4, 97887
2026/07/08 12:40:23.654, 5, 0, 4, 97887
2026/07/08 12:40:23.670, 6, 0, 4, 97887
2026/07/08 12:40:23.688, 7, 0, 4, 97887
2026/07/08 12:40:24.705, 0, 0, 562, 97887
2026/07/08 12:40:24.724, 1, 0, 562, 97887
2026/07/08 12:40:24.740, 2, 0, 562, 97887
2026/07/08 12:40:24.757, 3, 0, 562, 97887
2026/07/08 12:40:24.774, 4, 0, 4, 97887
2026/07/08 12:40:24.791, 5, 0, 4, 97887
2026/07/08 12:40:24.807, 6, 0, 4, 97887
2026/07/08 12:40:24.826, 7, 0, 4, 97887
2026/07/08 12:40:25.844, 0, 0, 562, 97887
2026/07/08 12:40:25.860, 1, 0, 562, 97887
2026/07/08 12:40:25.876, 2, 0, 562, 97887
2026/07/08 12:40:25.893, 3, 0, 562, 97887
2026/07/08 12:40:25.910, 4, 0, 4, 97887
2026/07/08 12:40:25.926, 5, 0, 4, 97887
2026/07/08 12:40:25.941, 6, 0, 4, 97887
2026/07/08 12:40:25.961, 7, 0, 4, 97887
2026/07/08 12:40:26.979, 0, 0, 562, 97887
2026/07/08 12:40:26.998, 1, 0, 562, 97887
2026/07/08 12:40:27.017, 2, 0, 562, 97887
2026/07/08 12:40:27.036, 3, 0, 562, 97887
2026/07/08 12:40:27.055, 4, 0, 4, 97887
2026/07/08 12:40:27.072, 5, 0, 4, 97887
2026/07/08 12:40:27.087, 6, 0, 4, 97887
2026/07/08 12:40:27.103, 7, 0, 4, 97887
2026/07/08 12:40:28.118, 0, 0, 562, 97887
2026/07/08 12:40:28.135, 1, 0, 562, 97887
2026/07/08 12:40:28.153, 2, 0, 562, 97887
2026/07/08 12:40:28.173, 3, 0, 562, 97887
2026/07/08 12:40:28.190, 4, 0, 4, 97887
2026/07/08 12:40:28.207, 5, 0, 4, 97887
2026/07/08 12:40:28.226, 6, 0, 4, 97887
2026/07/08 12:40:28.248, 7, 0, 4, 97887
2026/07/08 12:40:29.266, 0, 0, 562, 97887
2026/07/08 12:40:29.282, 1, 0, 562, 97887
2026/07/08 12:40:29.300, 2, 0, 864, 97887
2026/07/08 12:40:29.318, 3, 0, 952, 97887
2026/07/08 12:40:29.336, 4, 0, 4, 97887
2026/07/08 12:40:29.354, 5, 0, 4, 97887
2026/07/08 12:40:29.374, 6, 0, 4, 97887
2026/07/08 12:40:29.395, 7, 0, 4, 97887
2026/07/08 12:40:30.421, 0, 1, 5122, 97887
2026/07/08 12:40:30.455, 1, 1, 4942, 97887
2026/07/08 12:40:30.477, 2, 1, 4702, 97887
2026/07/08 12:40:30.502, 3, 1, 5002, 97887
2026/07/08 12:40:30.521, 4, 0, 4, 97887
2026/07/08 12:40:30.543, 5, 0, 4, 97887
2026/07/08 12:40:30.562, 6, 0, 4, 97887
2026/07/08 12:40:30.581, 7, 0, 4, 97887
2026/07/08 12:40:31.598, 0, 2, 14542, 97887
2026/07/08 12:40:31.619, 1, 2, 14282, 97887
2026/07/08 12:40:31.638, 2, 2, 13002, 97887
2026/07/08 12:40:31.656, 3, 2, 13542, 97887
2026/07/08 12:40:31.674, 4, 0, 4, 97887
2026/07/08 12:40:31.692, 5, 0, 4, 97887
2026/07/08 12:40:31.713, 6, 0, 4, 97887
2026/07/08 12:40:31.731, 7, 0, 4, 97887
2026/07/08 12:40:32.745, 0, 5, 63712, 97887
2026/07/08 12:40:32.758, 1, 6, 63712, 97887
2026/07/08 12:40:32.772, 2, 0, 63712, 97887
2026/07/08 12:40:32.788, 3, 6, 63712, 97887
2026/07/08 12:40:32.802, 4, 0, 4, 97887
2026/07/08 12:40:32.817, 5, 0, 4, 97887
2026/07/08 12:40:32.834, 6, 0, 4, 97887
2026/07/08 12:40:32.851, 7, 0, 4, 97887
2026/07/08 12:40:33.868, 0, 2, 63714, 97887
2026/07/08 12:40:33.888, 1, 1, 63714, 97887
2026/07/08 12:40:33.903, 2, 2, 63714, 97887
2026/07/08 12:40:33.920, 3, 1, 63714, 97887
2026/07/08 12:40:33.938, 4, 0, 4, 97887
2026/07/08 12:40:33.955, 5, 0, 4, 97887
2026/07/08 12:40:33.972, 6, 0, 4, 97887
2026/07/08 12:40:33.990, 7, 0, 4, 97887
2026/07/08 12:40:35.007, 0, 2, 63714, 97887
2026/07/08 12:40:35.024, 1, 3, 63714, 97887
2026/07/08 12:40:35.038, 2, 3, 63714, 97887
2026/07/08 12:40:35.050, 3, 3, 63714, 97887
2026/07/08 12:40:35.063, 4, 0, 4, 97887
2026/07/08 12:40:35.076, 5, 0, 4, 97887
2026/07/08 12:40:35.092, 6, 0, 4, 97887
2026/07/08 12:40:35.107, 7, 0, 4, 97887
2026/07/08 12:40:36.122, 0, 2, 63714, 97887
2026/07/08 12:40:36.140, 1, 0, 63714, 97887
2026/07/08 12:40:36.156, 2, 2, 63714, 97887
2026/07/08 12:40:36.171, 3, 3, 63714, 97887
2026/07/08 12:40:36.186, 4, 0, 4, 97887
2026/07/08 12:40:36.202, 5, 0, 4, 97887
2026/07/08 12:40:36.218, 6, 0, 4, 97887
2026/07/08 12:40:36.235, 7, 0, 4, 97887
2026/07/08 12:40:37.252, 0, 3, 63714, 97887
2026/07/08 12:40:37.272, 1, 27, 63714, 97887
2026/07/08 12:40:37.289, 2, 14, 63714, 97887
2026/07/08 12:40:37.305, 3, 27, 63714, 97887
2026/07/08 12:40:37.322, 4, 0, 4, 97887
2026/07/08 12:40:37.341, 5, 0, 4, 97887
2026/07/08 12:40:37.360, 6, 0, 4, 97887
2026/07/08 12:40:37.378, 7, 0, 4, 97887
2026/07/08 12:40:38.392, 0, 2, 63714, 97887
2026/07/08 12:40:38.409, 1, 2, 63714, 97887
2026/07/08 12:40:38.424, 2, 2, 63714, 97887
2026/07/08 12:40:38.441, 3, 2, 63714, 97887
2026/07/08 12:40:38.457, 4, 0, 4, 97887
2026/07/08 12:40:38.473, 5, 0, 4, 97887
2026/07/08 12:40:38.487, 6, 0, 4, 97887
2026/07/08 12:40:38.502, 7, 0, 4, 97887
2026/07/08 12:40:39.517, 0, 2, 63714, 97887
2026/07/08 12:40:39.538, 1, 3, 63714, 97887
2026/07/08 12:40:39.557, 2, 3, 63714, 97887
2026/07/08 12:40:39.575, 3, 3, 63714, 97887
2026/07/08 12:40:39.591, 4, 0, 4, 97887
2026/07/08 12:40:39.607, 5, 0, 4, 97887
2026/07/08 12:40:39.625, 6, 0, 4, 97887
2026/07/08 12:40:39.642, 7, 0, 4, 97887
2026/07/08 12:40:40.657, 0, 3, 63714, 97887
2026/07/08 12:40:40.672, 1, 3, 63714, 97887
2026/07/08 12:40:40.687, 2, 3, 63714, 97887
2026/07/08 12:40:40.700, 3, 3, 63714, 97887
2026/07/08 12:40:40.714, 4, 0, 4, 97887
2026/07/08 12:40:40.729, 5, 0, 4, 97887
2026/07/08 12:40:40.745, 6, 0, 4, 97887
2026/07/08 12:40:40.761, 7, 0, 4, 97887
2026/07/08 12:40:41.776, 0, 3, 63714, 97887
2026/07/08 12:40:41.794, 1, 3, 63714, 97887
2026/07/08 12:40:41.811, 2, 3, 63714, 97887
2026/07/08 12:40:41.831, 3, 3, 63714, 97887
2026/07/08 12:40:41.847, 4, 1, 655, 97887
2026/07/08 12:40:41.864, 5, 2, 655, 97887
2026/07/08 12:40:41.879, 6, 0, 669, 97887
2026/07/08 12:40:41.893, 7, 3, 687, 97887
2026/07/08 12:40:42.912, 0, 3, 63714, 97887
2026/07/08 12:40:42.931, 1, 3, 63714, 97887
2026/07/08 12:40:42.950, 2, 3, 63714, 97887
2026/07/08 12:40:42.967, 3, 4, 63714, 97887
2026/07/08 12:40:42.985, 4, 0, 889, 97887
2026/07/08 12:40:43.003, 5, 0, 889, 97887
2026/07/08 12:40:43.021, 6, 0, 889, 97887
2026/07/08 12:40:43.039, 7, 0, 889, 97887
2026/07/08 12:40:44.055, 0, 3, 63714, 97887
2026/07/08 12:40:44.069, 1, 3, 63714, 97887
2026/07/08 12:40:44.080, 2, 3, 63714, 97887
2026/07/08 12:40:44.091, 3, 3, 63714, 97887
2026/07/08 12:40:44.104, 4, 1, 30147, 97887
2026/07/08 12:40:44.118, 5, 0, 19131, 97887
2026/07/08 12:40:44.130, 6, 1, 30147, 97887
2026/07/08 12:40:44.141, 7, 0, 30147, 97887
2026/07/08 12:40:45.156, 0, 2, 63714, 97887
2026/07/08 12:40:45.173, 1, 3, 63714, 97887
2026/07/08 12:40:45.187, 2, 3, 63714, 97887
2026/07/08 12:40:45.200, 3, 3, 63714, 97887
2026/07/08 12:40:45.218, 4, 0, 30147, 97887
2026/07/08 12:40:45.236, 5, 0, 30147, 97887
2026/07/08 12:40:45.253, 6, 0, 30147, 97887
2026/07/08 12:40:45.271, 7, 0, 30147, 97887
2026/07/08 12:40:46.288, 0, 3, 63714, 97887
2026/07/08 12:40:46.304, 1, 3, 63714, 97887
2026/07/08 12:40:46.323, 2, 3, 63714, 97887
2026/07/08 12:40:46.343, 3, 3, 63714, 97887
2026/07/08 12:40:46.362, 4, 0, 30147, 97887
2026/07/08 12:40:46.380, 5, 5, 30147, 97887
2026/07/08 12:40:46.397, 6, 0, 30147, 97887
2026/07/08 12:40:46.414, 7, 1, 30147, 97887
2026/07/08 12:40:47.430, 0, 3, 63714, 97887
2026/07/08 12:40:47.447, 1, 3, 63714, 97887
2026/07/08 12:40:47.463, 2, 3, 63714, 97887
2026/07/08 12:40:47.478, 3, 3, 63714, 97887
2026/07/08 12:40:47.494, 4, 7, 30147, 97887
2026/07/08 12:40:47.509, 5, 8, 30147, 97887
2026/07/08 12:40:47.523, 6, 8, 30147, 97887
2026/07/08 12:40:47.538, 7, 7, 30147, 97887
2026/07/08 12:40:48.553, 0, 3, 63714, 97887
2026/07/08 12:40:48.570, 1, 3, 63714, 97887
2026/07/08 12:40:48.584, 2, 3, 63714, 97887
2026/07/08 12:40:48.599, 3, 3, 63714, 97887
2026/07/08 12:40:48.614, 4, 6, 30147, 97887
2026/07/08 12:40:48.627, 5, 5, 30147, 97887
2026/07/08 12:40:48.642, 6, 7, 30147, 97887
2026/07/08 12:40:48.658, 7, 7, 30147, 97887
2026/07/08 12:40:49.673, 0, 3, 63714, 97887
2026/07/08 12:40:49.688, 1, 3, 63714, 97887
2026/07/08 12:40:49.702, 2, 3, 63714, 97887
2026/07/08 12:40:49.715, 3, 3, 63714, 97887
2026/07/08 12:40:49.728, 4, 6, 30147, 97887
2026/07/08 12:40:49.742, 5, 6, 30147, 97887
2026/07/08 12:40:49.756, 6, 6, 30147, 97887
2026/07/08 12:40:49.771, 7, 6, 30147, 97887
2026/07/08 12:40:50.787, 0, 3, 63714, 97887
2026/07/08 12:40:50.801, 1, 3, 63714, 97887
2026/07/08 12:40:50.813, 2, 3, 63714, 97887
2026/07/08 12:40:50.828, 3, 3, 63714, 97887
2026/07/08 12:40:50.841, 4, 5, 30147, 97887
2026/07/08 12:40:50.857, 5, 5, 30147, 97887
2026/07/08 12:40:50.869, 6, 5, 30147, 97887
2026/07/08 12:40:50.884, 7, 3, 30147, 97887
2026/07/08 12:40:51.900, 0, 3, 63714, 97887
2026/07/08 12:40:51.917, 1, 3, 63714, 97887
2026/07/08 12:40:51.933, 2, 3, 63714, 97887
2026/07/08 12:40:51.947, 3, 3, 63714, 97887
2026/07/08 12:40:51.964, 4, 6, 30147, 97887
2026/07/08 12:40:51.979, 5, 6, 30147, 97887
2026/07/08 12:40:51.996, 6, 6, 30147, 97887
2026/07/08 12:40:52.010, 7, 6, 30147, 97887
2026/07/08 12:40:53.025, 0, 3, 63714, 97887
2026/07/08 12:40:53.041, 1, 3, 63714, 97887
2026/07/08 12:40:53.056, 2, 3, 63714, 97887
2026/07/08 12:40:53.072, 3, 3, 63714, 97887
2026/07/08 12:40:53.088, 4, 7, 30147, 97887
2026/07/08 12:40:53.103, 5, 7, 30147, 97887
2026/07/08 12:40:53.118, 6, 7, 30147, 97887
2026/07/08 12:40:53.133, 7, 7, 30147, 97887
2026/07/08 12:40:54.149, 0, 2, 63714, 97887
2026/07/08 12:40:54.165, 1, 3, 63714, 97887
2026/07/08 12:40:54.180, 2, 3, 63714, 97887
2026/07/08 12:40:54.195, 3, 3, 63714, 97887
2026/07/08 12:40:54.210, 4, 7, 30147, 97887
2026/07/08 12:40:54.224, 5, 7, 30147, 97887
2026/07/08 12:40:54.239, 6, 7, 30147, 97887
2026/07/08 12:40:54.256, 7, 7, 30147, 97887
2026/07/08 12:40:55.270, 0, 2, 63714, 97887
2026/07/08 12:40:55.284, 1, 3, 63714, 97887
2026/07/08 12:40:55.298, 2, 3, 63714, 97887
2026/07/08 12:40:55.309, 3, 3, 63714, 97887
2026/07/08 12:40:55.321, 4, 6, 30147, 97887
2026/07/08 12:40:55.334, 5, 6, 30147, 97887
2026/07/08 12:40:55.349, 6, 6, 30147, 97887
2026/07/08 12:40:55.361, 7, 6, 30147, 97887
2026/07/08 12:40:56.376, 0, 3, 63714, 97887
2026/07/08 12:40:56.393, 1, 3, 63714, 97887
2026/07/08 12:40:56.405, 2, 3, 63714, 97887
2026/07/08 12:40:56.416, 3, 3, 63714, 97887
2026/07/08 12:40:56.430, 4, 6, 30147, 97887
2026/07/08 12:40:56.445, 5, 6, 30147, 97887
2026/07/08 12:40:56.460, 6, 2, 30147, 97887
2026/07/08 12:40:56.474, 7, 6, 30147, 97887
2026/07/08 12:40:57.489, 0, 3, 63714, 97887
2026/07/08 12:40:57.505, 1, 3, 63714, 97887
2026/07/08 12:40:57.522, 2, 3, 63714, 97887
2026/07/08 12:40:57.538, 3, 3, 63714, 97887
2026/07/08 12:40:57.552, 4, 6, 30147, 97887
2026/07/08 12:40:57.565, 5, 3, 30147, 97887
2026/07/08 12:40:57.579, 6, 5, 30147, 97887
2026/07/08 12:40:57.593, 7, 5, 30147, 97887
2026/07/08 12:40:58.609, 0, 2, 63714, 97887
2026/07/08 12:40:58.624, 1, 3, 63714, 97887
2026/07/08 12:40:58.639, 2, 3, 63714, 97887
2026/07/08 12:40:58.653, 3, 3, 63714, 97887
2026/07/08 12:40:58.666, 4, 0, 73991, 97887
2026/07/08 12:40:58.683, 5, 17, 73991, 97887
2026/07/08 12:40:58.699, 6, 11, 73991, 97887
2026/07/08 12:40:58.715, 7, 12, 73991, 97887
2026/07/08 12:40:59.732, 0, 3, 63714, 97887
2026/07/08 12:40:59.749, 1, 3, 63714, 97887
2026/07/08 12:40:59.764, 2, 3, 63714, 97887
2026/07/08 12:40:59.781, 3, 3, 63714, 97887
2026/07/08 12:40:59.795, 4, 3, 73995, 97887
2026/07/08 12:40:59.811, 5, 1, 73995, 97887
2026/07/08 12:40:59.826, 6, 0, 73995, 97887
2026/07/08 12:40:59.842, 7, 4, 73995, 97887
2026/07/08 12:41:00.858, 0, 3, 63714, 97887
2026/07/08 12:41:00.873, 1, 3, 63714, 97887
2026/07/08 12:41:00.886, 2, 3, 63714, 97887
2026/07/08 12:41:00.900, 3, 3, 63714, 97887
2026/07/08 12:41:00.912, 4, 0, 74035, 97887
2026/07/08 12:41:00.926, 5, 0, 74035, 97887
2026/07/08 12:41:00.938, 6, 0, 74035, 97887
2026/07/08 12:41:00.954, 7, 0, 74035, 97887
2026/07/08 12:41:01.969, 0, 3, 63714, 97887
2026/07/08 12:41:01.985, 1, 3, 63714, 97887
2026/07/08 12:41:02.001, 2, 3, 63714, 97887
2026/07/08 12:41:02.017, 3, 3, 63714, 97887
2026/07/08 12:41:02.032, 4, 0, 74045, 97887
2026/07/08 12:41:02.048, 5, 0, 74045, 97887
2026/07/08 12:41:02.065, 6, 0, 74045, 97887
2026/07/08 12:41:02.081, 7, 0, 74045, 97887
2026/07/08 12:41:03.097, 0, 3, 63714, 97887
2026/07/08 12:41:03.114, 1, 3, 63714, 97887
2026/07/08 12:41:03.130, 2, 3, 63714, 97887
2026/07/08 12:41:03.147, 3, 3, 63714, 97887
2026/07/08 12:41:03.165, 4, 0, 74045, 97887
2026/07/08 12:41:03.183, 5, 0, 74045, 97887
2026/07/08 12:41:03.199, 6, 0, 74046, 97887
2026/07/08 12:41:03.219, 7, 0, 74046, 97887
2026/07/08 12:41:04.238, 0, 3, 63714, 97887
2026/07/08 12:41:04.253, 1, 3, 63714, 97887
2026/07/08 12:41:04.268, 2, 3, 63714, 97887
2026/07/08 12:41:04.287, 3, 3, 63714, 97887
2026/07/08 12:41:04.302, 4, 0, 74046, 97887
2026/07/08 12:41:04.318, 5, 0, 74046, 97887
2026/07/08 12:41:04.335, 6, 0, 74046, 97887
2026/07/08 12:41:04.350, 7, 0, 74046, 97887
2026/07/08 12:41:05.367, 0, 3, 63714, 97887
2026/07/08 12:41:05.385, 1, 3, 63714, 97887
2026/07/08 12:41:05.401, 2, 3, 63714, 97887
2026/07/08 12:41:05.417, 3, 3, 63714, 97887
2026/07/08 12:41:05.434, 4, 0, 74046, 97887
2026/07/08 12:41:05.452, 5, 0, 74046, 97887
2026/07/08 12:41:05.469, 6, 0, 74046, 97887
2026/07/08 12:41:05.486, 7, 0, 74046, 97887
2026/07/08 12:41:06.501, 0, 3, 63714, 97887
2026/07/08 12:41:06.520, 1, 3, 63714, 97887
2026/07/08 12:41:06.535, 2, 3, 63714, 97887
2026/07/08 12:41:06.551, 3, 3, 63714, 97887
2026/07/08 12:41:06.566, 4, 0, 74046, 97887
2026/07/08 12:41:06.581, 5, 0, 74046, 97887
2026/07/08 12:41:06.595, 6, 0, 74046, 97887
2026/07/08 12:41:06.610, 7, 0, 74046, 97887
2026/07/08 12:41:07.626, 0, 3, 63714, 97887
2026/07/08 12:41:07.645, 1, 3, 63714, 97887
2026/07/08 12:41:07.658, 2, 3, 63714, 97887
2026/07/08 12:41:07.672, 3, 3, 63714, 97887
2026/07/08 12:41:07.688, 4, 0, 74046, 97887
2026/07/08 12:41:07.706, 5, 0, 74046, 97887
2026/07/08 12:41:07.722, 6, 0, 74046, 97887
2026/07/08 12:41:07.739, 7, 0, 74046, 97887
2026/07/08 12:41:08.756, 0, 2, 63714, 97887
2026/07/08 12:41:08.774, 1, 3, 63714, 97887
2026/07/08 12:41:08.791, 2, 3, 63714, 97887
2026/07/08 12:41:08.811, 3, 3, 63714, 97887
2026/07/08 12:41:08.829, 4, 0, 74046, 97887
2026/07/08 12:41:08.846, 5, 0, 74046, 97887
2026/07/08 12:41:08.863, 6, 0, 74046, 97887
2026/07/08 12:41:08.881, 7, 0, 74046, 97887
2026/07/08 12:41:09.898, 0, 3, 63714, 97887
2026/07/08 12:41:09.914, 1, 3, 63714, 97887
2026/07/08 12:41:09.931, 2, 3, 63714, 97887
2026/07/08 12:41:09.947, 3, 3, 63714, 97887
2026/07/08 12:41:09.963, 4, 0, 74046, 97887
2026/07/08 12:41:09.980, 5, 0, 74046, 97887
2026/07/08 12:41:09.997, 6, 0, 74046, 97887
2026/07/08 12:41:10.014, 7, 0, 74046, 97887
2026/07/08 12:41:11.030, 0, 3, 63714, 97887
2026/07/08 12:41:11.051, 1, 0, 46774, 97887
2026/07/08 12:41:11.072, 2, 100, 46774, 97887
2026/07/08 12:41:11.094, 3, 25, 46774, 97887
2026/07/08 12:41:11.111, 4, 0, 74046, 97887
2026/07/08 12:41:11.129, 5, 0, 74046, 97887
2026/07/08 12:41:11.148, 6, 0, 74046, 97887
2026/07/08 12:41:11.167, 7, 0, 74046, 97887
2026/07/08 12:41:12.182, 0, 0, 46796, 97887
2026/07/08 12:41:12.199, 1, 0, 46794, 97887
2026/07/08 12:41:12.219, 2, 0, 46796, 97887
2026/07/08 12:41:12.238, 3, 0, 46794, 97887
2026/07/08 12:41:12.255, 4, 0, 74046, 97887
2026/07/08 12:41:12.273, 5, 0, 74046, 97887
2026/07/08 12:41:12.291, 6, 0, 74046, 97887
2026/07/08 12:41:12.316, 7, 0, 74046, 97887
2026/07/08 12:41:13.335, 0, 0, 46804, 97887
2026/07/08 12:41:13.351, 1, 0, 46802, 97887
2026/07/08 12:41:13.365, 2, 0, 46804, 97887
2026/07/08 12:41:13.377, 3, 0, 46802, 97887
2026/07/08 12:41:13.391, 4, 0, 74046, 97887
2026/07/08 12:41:13.406, 5, 0, 74046, 97887
2026/07/08 12:41:13.420, 6, 0, 74046, 97887
2026/07/08 12:41:13.436, 7, 0, 74046, 97887
2026/07/08 12:41:14.451, 0, 0, 46840, 97887
2026/07/08 12:41:14.469, 1, 0, 46836, 97887
2026/07/08 12:41:14.488, 2, 19, 46838, 97887
2026/07/08 12:41:14.505, 3, 0, 46836, 97887
2026/07/08 12:41:14.524, 4, 100, 74582, 97887
2026/07/08 12:41:14.542, 5, 100, 74582, 97887
2026/07/08 12:41:14.559, 6, 25, 74582, 97887
2026/07/08 12:41:14.574, 7, 0, 74582, 97887
2026/07/08 12:41:15.590, 0, 3, 46840, 97887
2026/07/08 12:41:15.610, 1, 98, 46836, 97887
2026/07/08 12:41:15.629, 2, 100, 46838, 97887
2026/07/08 12:41:15.647, 3, 99, 46836, 97887
2026/07/08 12:41:15.665, 4, 0, 74582, 97887
2026/07/08 12:41:15.682, 5, 0, 74582, 97887
2026/07/08 12:41:15.698, 6, 0, 74582, 97887
2026/07/08 12:41:15.714, 7, 0, 74582, 97887
2026/07/08 12:41:16.730, 0, 5, 46840, 97887
2026/07/08 12:41:16.747, 1, 5, 46836, 97887
2026/07/08 12:41:16.764, 2, 5, 46838, 97887
2026/07/08 12:41:16.781, 3, 6, 46836, 97887
2026/07/08 12:41:16.799, 4, 0, 74582, 97887
2026/07/08 12:41:16.816, 5, 0, 74582, 97887
2026/07/08 12:41:16.833, 6, 0, 74582, 97887
2026/07/08 12:41:16.849, 7, 0, 74582, 97887
2026/07/08 12:41:17.866, 0, 5, 46840, 97887
2026/07/08 12:41:17.883, 1, 5, 46836, 97887
2026/07/08 12:41:17.899, 2, 5, 46838, 97887
2026/07/08 12:41:17.915, 3, 5, 46836, 97887
2026/07/08 12:41:17.932, 4, 0, 74582, 97887
2026/07/08 12:41:17.949, 5, 0, 74582, 97887
2026/07/08 12:41:17.963, 6, 0, 74582, 97887
2026/07/08 12:41:17.976, 7, 0, 74582, 97887
2026/07/08 12:41:18.992, 0, 5, 46840, 97887
2026/07/08 12:41:19.007, 1, 5, 46836, 97887
2026/07/08 12:41:19.022, 2, 5, 46838, 97887
2026/07/08 12:41:19.040, 3, 5, 46836, 97887
2026/07/08 12:41:19.056, 4, 0, 74582, 97887
2026/07/08 12:41:19.071, 5, 0, 74582, 97887
2026/07/08 12:41:19.081, 6, 0, 74582, 97887
2026/07/08 12:41:19.088, 7, 0, 74582, 97887
2026/07/08 12:41:20.094, 0, 5, 46840, 97887
2026/07/08 12:41:20.109, 1, 5, 46836, 97887
2026/07/08 12:41:20.122, 2, 5, 46838, 97887
2026/07/08 12:41:20.134, 3, 5, 46836, 97887
2026/07/08 12:41:20.146, 4, 0, 74582, 97887
2026/07/08 12:41:20.158, 5, 0, 74582, 97887
2026/07/08 12:41:20.174, 6, 0, 74582, 97887
2026/07/08 12:41:20.189, 7, 0, 74582, 97887
2026/07/08 12:41:21.205, 0, 5, 46840, 97887
2026/07/08 12:41:21.215, 1, 5, 46836, 97887
2026/07/08 12:41:21.222, 2, 5, 46838, 97887
2026/07/08 12:41:21.232, 3, 5, 46836, 97887
2026/07/08 12:41:21.243, 4, 0, 74582, 97887
2026/07/08 12:41:21.253, 5, 0, 74582, 97887
2026/07/08 12:41:21.260, 6, 0, 74582, 97887
2026/07/08 12:41:21.272, 7, 0, 74582, 97887
2026/07/08 12:41:22.284, 0, 61, 46840, 97887
2026/07/08 12:41:22.301, 1, 5, 46836, 97887
2026/07/08 12:41:22.315, 2, 89, 46838, 97887
2026/07/08 12:41:22.330, 3, 100, 46836, 97887
2026/07/08 12:41:22.346, 4, 0, 74582, 97887
2026/07/08 12:41:22.360, 5, 0, 74582, 97887
2026/07/08 12:41:22.375, 6, 0, 74582, 97887
2026/07/08 12:41:22.391, 7, 0, 74582, 97887
2026/07/08 12:41:23.408, 0, 4, 57060, 97887
2026/07/08 12:41:23.425, 1, 4, 57056, 97887
2026/07/08 12:41:23.442, 2, 4, 57058, 97887
2026/07/08 12:41:23.458, 3, 3, 57056, 97887
2026/07/08 12:41:23.473, 4, 0, 74582, 97887
2026/07/08 12:41:23.486, 5, 0, 74582, 97887
2026/07/08 12:41:23.501, 6, 0, 74582, 97887
2026/07/08 12:41:23.515, 7, 0, 74582, 97887
2026/07/08 12:41:24.530, 0, 10, 57060, 97887
2026/07/08 12:41:24.544, 1, 11, 57056, 97887
2026/07/08 12:41:24.559, 2, 10, 57058, 97887
2026/07/08 12:41:24.573, 3, 10, 57056, 97887
2026/07/08 12:41:24.590, 4, 0, 74582, 97887
2026/07/08 12:41:24.603, 5, 0, 74582, 97887
2026/07/08 12:41:24.617, 6, 0, 74582, 97887
2026/07/08 12:41:24.629, 7, 0, 74582, 97887
2026/07/08 12:41:25.642, 0, 10, 57060, 97887
2026/07/08 12:41:25.655, 1, 11, 57056, 97887
2026/07/08 12:41:25.666, 2, 10, 57058, 97887
2026/07/08 12:41:25.675, 3, 10, 57056, 97887
2026/07/08 12:41:25.688, 4, 1, 74582, 97887
2026/07/08 12:41:25.699, 5, 100, 74582, 97887
2026/07/08 12:41:25.710, 6, 100, 74582, 97887
2026/07/08 12:41:25.721, 7, 100, 74582, 97887
2026/07/08 12:41:26.732, 0, 10, 57060, 97887
2026/07/08 12:41:26.746, 1, 10, 57056, 97887
2026/07/08 12:41:26.755, 2, 10, 57058, 97887
2026/07/08 12:41:26.764, 3, 10, 57056, 97887
2026/07/08 12:41:26.775, 4, 100, 74582, 97887
2026/07/08 12:41:26.788, 5, 100, 74582, 97887
2026/07/08 12:41:26.801, 6, 100, 74582, 97887
2026/07/08 12:41:26.815, 7, 98, 74582, 97887
2026/07/08 12:41:27.829, 0, 10, 57060, 97887
2026/07/08 12:41:27.843, 1, 10, 57056, 97887
2026/07/08 12:41:27.855, 2, 10, 57058, 97887
2026/07/08 12:41:27.867, 3, 10, 57056, 97887
2026/07/08 12:41:27.879, 4, 98, 74584, 97887
2026/07/08 12:41:27.892, 5, 98, 74584, 97887
2026/07/08 12:41:27.904, 6, 98, 74584, 97887
2026/07/08 12:41:27.918, 7, 100, 74584, 97887
2026/07/08 12:41:28.928, 0, 10, 57060, 97887
2026/07/08 12:41:28.942, 1, 11, 57056, 97887
2026/07/08 12:41:28.955, 2, 6, 57058, 97887
2026/07/08 12:41:28.969, 3, 5, 57056, 97887
2026/07/08 12:41:28.984, 4, 98, 74584, 97887
2026/07/08 12:41:28.998, 5, 98, 74584, 97887
2026/07/08 12:41:29.014, 6, 0, 74584, 97887
2026/07/08 12:41:29.028, 7, 0, 74584, 97887
2026/07/08 12:41:30.044, 0, 4, 57060, 97887
2026/07/08 12:41:30.055, 1, 100, 57056, 97887
2026/07/08 12:41:30.062, 2, 5, 57058, 97887
2026/07/08 12:41:30.072, 3, 4, 57056, 97887
2026/07/08 12:41:30.085, 4, 0, 74584, 97887
2026/07/08 12:41:30.097, 5, 0, 74584, 97887
2026/07/08 12:41:30.110, 6, 0, 74584, 97887
2026/07/08 12:41:30.125, 7, 0, 74584, 97887
2026/07/08 12:41:31.139, 0, 18, 46816, 97887
2026/07/08 12:41:31.154, 1, 18, 46816, 97887
2026/07/08 12:41:31.169, 2, 23, 46816, 97887
2026/07/08 12:41:31.185, 3, 23, 46816, 97887
2026/07/08 12:41:31.200, 4, 0, 74584, 97887
2026/07/08 12:41:31.219, 5, 0, 74584, 97887
2026/07/08 12:41:31.235, 6, 0, 74584, 97887
2026/07/08 12:41:31.251, 7, 0, 74584, 97887
2026/07/08 12:41:32.266, 0, 4, 46822, 97887
2026/07/08 12:41:32.283, 1, 4, 46822, 97887
2026/07/08 12:41:32.296, 2, 4, 46822, 97887
2026/07/08 12:41:32.311, 3, 4, 46822, 97887
2026/07/08 12:41:32.326, 4, 0, 74584, 97887
2026/07/08 12:41:32.339, 5, 0, 74584, 97887
2026/07/08 12:41:32.354, 6, 0, 74584, 97887
2026/07/08 12:41:32.369, 7, 0, 74584, 97887
2026/07/08 12:41:33.384, 0, 4, 46828, 97887
2026/07/08 12:41:33.399, 1, 4, 46826, 97887
2026/07/08 12:41:33.412, 2, 4, 46828, 97887
2026/07/08 12:41:33.426, 3, 4, 46826, 97887
2026/07/08 12:41:33.439, 4, 0, 74584, 97887
2026/07/08 12:41:33.452, 5, 0, 74584, 97887
2026/07/08 12:41:33.463, 6, 0, 74584, 97887
2026/07/08 12:41:33.475, 7, 0, 74584, 97887
2026/07/08 12:41:34.490, 0, 4, 46832, 97887
2026/07/08 12:41:34.506, 1, 4, 46832, 97887
2026/07/08 12:41:34.523, 2, 4, 46834, 97887
2026/07/08 12:41:34.541, 3, 4, 46832, 97887
2026/07/08 12:41:34.556, 4, 0, 74584, 97887
2026/07/08 12:41:34.570, 5, 0, 74584, 97887
2026/07/08 12:41:34.585, 6, 0, 74584, 97887
2026/07/08 12:41:34.600, 7, 0, 74584, 97887
2026/07/08 12:41:35.615, 0, 4, 46838, 97887
2026/07/08 12:41:35.632, 1, 4, 46838, 97887
2026/07/08 12:41:35.647, 2, 4, 46840, 97887
2026/07/08 12:41:35.661, 3, 4, 46838, 97887
2026/07/08 12:41:35.677, 4, 0, 74584, 97887
2026/07/08 12:41:35.692, 5, 0, 74584, 97887
2026/07/08 12:41:35.708, 6, 0, 74584, 97887
2026/07/08 12:41:35.722, 7, 0, 74584, 97887
2026/07/08 12:41:36.737, 0, 4, 46844, 97887
2026/07/08 12:41:36.753, 1, 4, 46844, 97887
2026/07/08 12:41:36.768, 2, 4, 46844, 97887
2026/07/08 12:41:36.782, 3, 4, 46844, 97887
2026/07/08 12:41:36.796, 4, 0, 74584, 97887
2026/07/08 12:41:36.811, 5, 0, 74584, 97887
2026/07/08 12:41:36.829, 6, 0, 74584, 97887
2026/07/08 12:41:36.846, 7, 0, 74584, 97887
2026/07/08 12:41:37.863, 0, 4, 46850, 97887
2026/07/08 12:41:37.882, 1, 4, 46848, 97887
2026/07/08 12:41:37.899, 2, 4, 46850, 97887
2026/07/08 12:41:37.917, 3, 4, 46848, 97887
2026/07/08 12:41:37.933, 4, 0, 74584, 97887
2026/07/08 12:41:37.951, 5, 0, 74584, 97887
2026/07/08 12:41:37.971, 6, 0, 74584, 97887
2026/07/08 12:41:37.989, 7, 0, 74584, 97887
2026/07/08 12:41:39.009, 0, 4, 46854, 97887
2026/07/08 12:41:39.024, 1, 4, 46854, 97887
2026/07/08 12:41:39.037, 2, 0, 46854, 97887
2026/07/08 12:41:39.050, 3, 4, 46854, 97887
2026/07/08 12:41:39.065, 4, 0, 74584, 97887
2026/07/08 12:41:39.080, 5, 0, 74584, 97887
2026/07/08 12:41:39.094, 6, 0, 74584, 97887
2026/07/08 12:41:39.106, 7, 0, 74584, 97887
2026/07/08 12:41:40.118, 0, 0, 46876, 97887
2026/07/08 12:41:40.134, 1, 0, 46874, 97887
2026/07/08 12:41:40.148, 2, 30, 46876, 97887
2026/07/08 12:41:40.163, 3, 0, 46874, 97887
2026/07/08 12:41:40.177, 4, 1, 74584, 97887
2026/07/08 12:41:40.193, 5, 0, 74584, 97887
2026/07/08 12:41:40.208, 6, 84, 74584, 97887
2026/07/08 12:41:40.224, 7, 96, 74584, 97887
2026/07/08 12:41:41.240, 0, 0, 46878, 97887
2026/07/08 12:41:41.258, 1, 0, 46874, 97887
2026/07/08 12:41:41.274, 2, 0, 46876, 97887
2026/07/08 12:41:41.291, 3, 0, 46874, 97887
2026/07/08 12:41:41.308, 4, 57, 74586, 97887
2026/07/08 12:41:41.325, 5, 77, 74586, 97887
2026/07/08 12:41:41.342, 6, 22, 74586, 97887
2026/07/08 12:41:41.358, 7, 88, 74586, 97887
2026/07/08 12:41:42.375, 0, 0, 46878, 97887
2026/07/08 12:41:42.391, 1, 0, 46874, 97887
2026/07/08 12:41:42.407, 2, 0, 46876, 97887
2026/07/08 12:41:42.425, 3, 35, 46874, 97887
2026/07/08 12:41:42.443, 4, 60, 74586, 97887
2026/07/08 12:41:42.459, 5, 15, 74586, 97887
2026/07/08 12:41:42.475, 6, 0, 74586, 97887
2026/07/08 12:41:42.491, 7, 0, 74586, 97887
2026/07/08 12:41:43.508, 0, 5, 46878, 97887
2026/07/08 12:41:43.525, 1, 5, 46874, 97887
2026/07/08 12:41:43.538, 2, 5, 46876, 97887
2026/07/08 12:41:43.554, 3, 5, 46874, 97887
2026/07/08 12:41:43.569, 4, 80, 74652, 97887
2026/07/08 12:41:43.587, 5, 64, 74654, 97887
2026/07/08 12:41:43.603, 6, 100, 75138, 97887
2026/07/08 12:41:43.618, 7, 100, 75138, 97887
2026/07/08 12:41:44.632, 0, 5, 46878, 97887
2026/07/08 12:41:44.649, 1, 5, 46874, 97887
2026/07/08 12:41:44.662, 2, 5, 46876, 97887
2026/07/08 12:41:44.679, 3, 5, 46874, 97887
2026/07/08 12:41:44.695, 4, 53, 74704, 97887
2026/07/08 12:41:44.709, 5, 52, 75118, 97887
2026/07/08 12:41:44.725, 6, 100, 74714, 97887
2026/07/08 12:41:44.739, 7, 100, 74716, 97887
2026/07/08 12:41:45.754, 0, 5, 46878, 97887
2026/07/08 12:41:45.767, 1, 5, 46874, 97887
2026/07/08 12:41:45.782, 2, 5, 46876, 97887
2026/07/08 12:41:45.796, 3, 6, 46874, 97887
2026/07/08 12:41:45.808, 4, 50, 75098, 97887
2026/07/08 12:41:45.822, 5, 64, 75098, 97887
2026/07/08 12:41:45.836, 6, 41, 75088, 97887
2026/07/08 12:41:45.846, 7, 49, 75088, 97887
2026/07/08 12:41:46.858, 0, 5, 46878, 97887
2026/07/08 12:41:46.872, 1, 5, 46874, 97887
2026/07/08 12:41:46.884, 2, 5, 46876, 97887
2026/07/08 12:41:46.897, 3, 5, 46874, 97887
2026/07/08 12:41:46.910, 4, 83, 75068, 97887
2026/07/08 12:41:46.924, 5, 99, 75068, 97887
2026/07/08 12:41:46.937, 6, 83, 74844, 97887
2026/07/08 12:41:46.950, 7, 100, 74850, 97887
2026/07/08 12:41:47.963, 0, 5, 46878, 97887
2026/07/08 12:41:47.977, 1, 5, 46874, 97887
2026/07/08 12:41:48.005, 2, 5, 46876, 97887
2026/07/08 12:41:48.017, 3, 5, 46874, 97887
2026/07/08 12:41:48.030, 4, 42, 74906, 97887
2026/07/08 12:41:48.043, 5, 22, 74910, 97887
2026/07/08 12:41:48.051, 6, 24, 75102, 97887
2026/07/08 12:41:48.059, 7, 96, 75102, 97887
2026/07/08 12:41:49.071, 0, 100, 46878, 97887
2026/07/08 12:41:49.087, 1, 5, 46874, 97887
2026/07/08 12:41:49.098, 2, 100, 46876, 97887
2026/07/08 12:41:49.107, 3, 100, 46874, 97887
2026/07/08 12:41:49.115, 4, 16, 75006, 97887
2026/07/08 12:41:49.128, 5, 6, 75062, 97887
2026/07/08 12:41:49.142, 6, 63, 75090, 97887
2026/07/08 12:41:49.156, 7, 3, 75130, 97887
2026/07/08 12:41:50.170, 0, 0, 46878, 97887
2026/07/08 12:41:50.187, 1, 0, 46874, 97887
2026/07/08 12:41:50.204, 2, 67, 46876, 97887
2026/07/08 12:41:50.221, 3, 0, 46874, 97887
2026/07/08 12:41:50.238, 4, 3, 75090, 97887
2026/07/08 12:41:50.255, 5, 21, 75090, 97887
2026/07/08 12:41:50.273, 6, 12, 75060, 97887
2026/07/08 12:41:50.291, 7, 57, 75062, 97887
2026/07/08 12:41:51.311, 0, 0, 57096, 97887
2026/07/08 12:41:51.329, 1, 31, 57096, 97887
2026/07/08 12:41:51.345, 2, 0, 57096, 97887
2026/07/08 12:41:51.364, 3, 0, 57096, 97887
2026/07/08 12:41:51.380, 4, 21, 75118, 97887
2026/07/08 12:41:51.397, 5, 54, 75118, 97887
2026/07/08 12:41:51.414, 6, 22, 75118, 97887
2026/07/08 12:41:51.430, 7, 21, 75118, 97887
2026/07/08 12:41:52.444, 0, 4, 57102, 97887
2026/07/08 12:41:52.460, 1, 5, 57102, 97887
2026/07/08 12:41:52.474, 2, 4, 57102, 97887
2026/07/08 12:41:52.489, 3, 4, 57102, 97887
2026/07/08 12:41:52.504, 4, 52, 75156, 97887
2026/07/08 12:41:52.519, 5, 17, 75156, 97887
2026/07/08 12:41:52.535, 6, 12, 75176, 97887
2026/07/08 12:41:52.551, 7, 15, 75178, 97887
2026/07/08 12:41:53.564, 0, 4, 57106, 97887
2026/07/08 12:41:53.579, 1, 4, 57106, 97887
2026/07/08 12:41:53.593, 2, 4, 57108, 97887
2026/07/08 12:41:53.608, 3, 4, 57108, 97887
2026/07/08 12:41:53.622, 4, 50, 75208, 97887
2026/07/08 12:41:53.637, 5, 12, 75208, 97887
2026/07/08 12:41:53.651, 6, 3, 75230, 97887
2026/07/08 12:41:53.668, 7, 51, 75230, 97887
2026/07/08 12:41:54.681, 0, 2, 57110, 97887
2026/07/08 12:41:54.697, 1, 2, 57110, 97887
2026/07/08 12:41:54.710, 2, 2, 57112, 97887
2026/07/08 12:41:54.723, 3, 2, 57112, 97887
2026/07/08 12:41:54.737, 4, 38, 75258, 97887
2026/07/08 12:41:54.750, 5, 14, 75258, 97887
2026/07/08 12:41:54.766, 6, 7, 75278, 97887
2026/07/08 12:41:54.779, 7, 12, 75278, 97887
2026/07/08 12:41:55.794, 0, 4, 57116, 97887
2026/07/08 12:41:55.809, 1, 4, 57116, 97887
2026/07/08 12:41:55.824, 2, 4, 57116, 97887
2026/07/08 12:41:55.839, 3, 4, 57116, 97887
2026/07/08 12:41:55.853, 4, 61, 75300, 97887
2026/07/08 12:41:55.866, 5, 4, 75300, 97887
2026/07/08 12:41:55.878, 6, 1, 75320, 97887
2026/07/08 12:41:55.893, 7, 50, 75320, 97887
2026/07/08 12:41:56.906, 0, 4, 57122, 97887
2026/07/08 12:41:56.920, 1, 4, 57122, 97887
2026/07/08 12:41:56.933, 2, 4, 57122, 97887
2026/07/08 12:41:56.946, 3, 4, 57122, 97887
2026/07/08 12:41:56.961, 4, 0, 75320, 97887
2026/07/08 12:41:56.974, 5, 0, 75320, 97887
2026/07/08 12:41:56.987, 6, 0, 75320, 97887
2026/07/08 12:41:57.000, 7, 0, 75320, 97887
2026/07/08 12:41:58.013, 0, 4, 57128, 97887
2026/07/08 12:41:58.029, 1, 4, 57128, 97887
2026/07/08 12:41:58.044, 2, 4, 57128, 97887
2026/07/08 12:41:58.059, 3, 4, 57128, 97887
2026/07/08 12:41:58.073, 4, 0, 75320, 97887
2026/07/08 12:41:58.088, 5, 0, 75320, 97887
2026/07/08 12:41:58.103, 6, 0, 75320, 97887
2026/07/08 12:41:58.117, 7, 0, 75320, 97887
2026/07/08 12:41:59.128, 0, 4, 57132, 97887
2026/07/08 12:41:59.144, 1, 4, 57132, 97887
2026/07/08 12:41:59.158, 2, 4, 57134, 97887
2026/07/08 12:41:59.173, 3, 4, 57134, 97887
2026/07/08 12:41:59.187, 4, 0, 75344, 97887
2026/07/08 12:41:59.202, 5, 91, 75344, 97887
2026/07/08 12:41:59.218, 6, 0, 75344, 97887
2026/07/08 12:41:59.234, 7, 0, 75344, 97887
2026/07/08 12:42:00.249, 0, 0, 55836, 97887
2026/07/08 12:42:00.269, 1, 1, 54736, 97887
2026/07/08 12:42:00.288, 2, 1, 54196, 97887
2026/07/08 12:42:00.310, 3, 3, 52116, 97887
2026/07/08 12:42:00.332, 4, 0, 75344, 97887
2026/07/08 12:42:00.357, 5, 0, 75344, 97887
2026/07/08 12:42:00.374, 6, 0, 75344, 97887
2026/07/08 12:42:00.396, 7, 0, 75344, 97887
2026/07/08 12:42:01.418, 0, 0, 48096, 97887
2026/07/08 12:42:01.440, 1, 100, 48096, 97887
2026/07/08 12:42:01.460, 2, 0, 48096, 97887
2026/07/08 12:42:01.480, 3, 0, 48096, 97887
2026/07/08 12:42:01.495, 4, 0, 75364, 97887
2026/07/08 12:42:01.515, 5, 0, 75364, 97887
2026/07/08 12:42:01.533, 6, 0, 75364, 97887
2026/07/08 12:42:01.551, 7, 0, 75364, 97887
2026/07/08 12:42:02.572, 0, 0, 48100, 97887
2026/07/08 12:42:02.585, 1, 100, 48096, 97887
2026/07/08 12:42:02.597, 2, 0, 48096, 97887
2026/07/08 12:42:02.610, 3, 0, 48096, 97887
2026/07/08 12:42:02.620, 4, 0, 75970, 97887
2026/07/08 12:42:02.633, 5, 0, 75970, 97887
2026/07/08 12:42:02.644, 6, 0, 75970, 97887
2026/07/08 12:42:02.656, 7, 0, 75970, 97887
2026/07/08 12:42:03.666, 0, 57, 48704, 97887
2026/07/08 12:42:03.682, 1, 99, 48104, 97887
2026/07/08 12:42:03.696, 2, 98, 48104, 97887
2026/07/08 12:42:03.711, 3, 98, 48104, 97887
2026/07/08 12:42:03.730, 4, 70, 75970, 97887
2026/07/08 12:42:03.745, 5, 53, 75970, 97887
2026/07/08 12:42:03.761, 6, 57, 75970, 97887
2026/07/08 12:42:03.775, 7, 46, 75970, 97887
2026/07/08 12:42:04.787, 0, 64, 48704, 97887
2026/07/08 12:42:04.802, 1, 99, 48104, 97887
2026/07/08 12:42:04.814, 2, 98, 48104, 97887
2026/07/08 12:42:04.828, 3, 99, 48104, 97887
2026/07/08 12:42:04.843, 4, 59, 75970, 97887
2026/07/08 12:42:04.855, 5, 63, 75970, 97887
2026/07/08 12:42:04.868, 6, 72, 75970, 97887
2026/07/08 12:42:04.877, 7, 52, 75970, 97887
2026/07/08 12:42:05.886, 0, 7, 48704, 97887
2026/07/08 12:42:05.903, 1, 99, 48104, 97887
2026/07/08 12:42:05.917, 2, 99, 48104, 97887
2026/07/08 12:42:05.929, 3, 99, 48104, 97887
2026/07/08 12:42:05.944, 4, 45, 75970, 97887
2026/07/08 12:42:05.959, 5, 63, 75970, 97887
2026/07/08 12:42:05.971, 6, 60, 75970, 97887
2026/07/08 12:42:05.986, 7, 73, 75970, 97887
2026/07/08 12:42:07.000, 0, 49, 48704, 97887
2026/07/08 12:42:07.016, 1, 99, 48104, 97887
2026/07/08 12:42:07.029, 2, 98, 48104, 97887
2026/07/08 12:42:07.043, 3, 98, 48104, 97887
2026/07/08 12:42:07.057, 4, 74, 75970, 97887
2026/07/08 12:42:07.072, 5, 53, 75970, 97887
2026/07/08 12:42:07.085, 6, 65, 75970, 97887
2026/07/08 12:42:07.100, 7, 42, 75970, 97887
2026/07/08 12:42:08.113, 0, 71, 48704, 97887
2026/07/08 12:42:08.129, 1, 98, 48104, 97887
2026/07/08 12:42:08.143, 2, 99, 48104, 97887
2026/07/08 12:42:08.156, 3, 98, 48104, 97887
2026/07/08 12:42:08.170, 4, 50, 75970, 97887
2026/07/08 12:42:08.183, 5, 76, 75970, 97887
2026/07/08 12:42:08.199, 6, 67, 75970, 97887
2026/07/08 12:42:08.212, 7, 73, 75970, 97887
2026/07/08 12:42:09.224, 0, 59, 48704, 97887
2026/07/08 12:42:09.238, 1, 96, 48104, 97887
2026/07/08 12:42:09.251, 2, 99, 48104, 97887
2026/07/08 12:42:09.264, 3, 98, 48104, 97887
2026/07/08 12:42:09.277, 4, 58, 75970, 97887
2026/07/08 12:42:09.290, 5, 53, 75970, 97887
2026/07/08 12:42:09.302, 6, 44, 75970, 97887
2026/07/08 12:42:09.316, 7, 61, 75970, 97887
2026/07/08 12:42:10.328, 0, 54, 48704, 97887
2026/07/08 12:42:10.343, 1, 99, 48104, 97887
2026/07/08 12:42:10.358, 2, 98, 48104, 97887
2026/07/08 12:42:10.374, 3, 98, 48104, 97887
2026/07/08 12:42:10.389, 4, 72, 75970, 97887
2026/07/08 12:42:10.406, 5, 57, 75970, 97887
2026/07/08 12:42:10.420, 6, 58, 75970, 97887
2026/07/08 12:42:10.431, 7, 46, 75970, 97887
2026/07/08 12:42:11.445, 0, 0, 48704, 97887
2026/07/08 12:42:11.462, 1, 0, 48104, 97887
2026/07/08 12:42:11.481, 2, 0, 48104, 97887
2026/07/08 12:42:11.499, 3, 0, 48104, 97887
2026/07/08 12:42:11.516, 4, 0, 75370, 97887
2026/07/08 12:42:11.532, 5, 0, 75370, 97887
2026/07/08 12:42:11.547, 6, 0, 75370, 97887
2026/07/08 12:42:11.565, 7, 0, 75370, 97887
2026/07/08 12:42:12.582, 0, 0, 48704, 97887
2026/07/08 12:42:12.599, 1, 0, 48104, 97887
2026/07/08 12:42:12.619, 2, 0, 48104, 97887
2026/07/08 12:42:12.636, 3, 0, 48104, 97887
2026/07/08 12:42:12.652, 4, 0, 75370, 97887
2026/07/08 12:42:12.667, 5, 0, 75370, 97887
2026/07/08 12:42:12.686, 6, 0, 75370, 97887
2026/07/08 12:42:12.704, 7, 0, 75370, 97887
2026/07/08 12:42:13.726, 0, 0, 48704, 97887
2026/07/08 12:42:13.744, 1, 0, 48104, 97887
2026/07/08 12:42:13.760, 2, 0, 48104, 97887
2026/07/08 12:42:13.776, 3, 0, 48104, 97887
2026/07/08 12:42:13.791, 4, 89, 75376, 97887
2026/07/08 12:42:13.805, 5, 7, 75376, 97887
2026/07/08 12:42:13.821, 6, 0, 75370, 97887
2026/07/08 12:42:13.833, 7, 0, 75370, 97887
2026/07/08 12:42:14.846, 0, 0, 48704, 97887
2026/07/08 12:42:14.861, 1, 0, 48104, 97887
2026/07/08 12:42:14.877, 2, 0, 48104, 97887
2026/07/08 12:42:14.890, 3, 0, 48104, 97887
2026/07/08 12:42:14.905, 4, 0, 75376, 97887
2026/07/08 12:42:14.915, 5, 0, 75376, 97887
2026/07/08 12:42:14.930, 6, 0, 75370, 97887
2026/07/08 12:42:14.939, 7, 0, 75370, 97887
2026/07/08 12:42:15.953, 0, 0, 48704, 97887
2026/07/08 12:42:15.974, 1, 0, 48104, 97887
2026/07/08 12:42:15.986, 2, 0, 48104, 97887
2026/07/08 12:42:16.006, 3, 0, 48104, 97887
2026/07/08 12:42:16.027, 4, 0, 75376, 97887
2026/07/08 12:42:16.053, 5, 0, 75376, 97887
2026/07/08 12:42:16.068, 6, 0, 75370, 97887
2026/07/08 12:42:16.086, 7, 0, 75370, 97887
2026/07/08 12:42:17.105, 0, 0, 48704, 97887
2026/07/08 12:42:17.124, 1, 0, 48104, 97887
2026/07/08 12:42:17.143, 2, 0, 48104, 97887
2026/07/08 12:42:17.162, 3, 0, 48104, 97887
2026/07/08 12:42:17.178, 4, 0, 75376, 97887
2026/07/08 12:42:17.195, 5, 0, 75376, 97887
2026/07/08 12:42:17.211, 6, 0, 75370, 97887
2026/07/08 12:42:17.230, 7, 0, 75370, 97887
2026/07/08 12:42:18.251, 0, 0, 48704, 97887
2026/07/08 12:42:18.267, 1, 0, 48104, 97887
2026/07/08 12:42:18.282, 2, 0, 48104, 97887
2026/07/08 12:42:18.294, 3, 0, 48104, 97887
2026/07/08 12:42:18.310, 4, 0, 75376, 97887
2026/07/08 12:42:18.332, 5, 0, 75376, 97887
2026/07/08 12:42:18.348, 6, 0, 75370, 97887
2026/07/08 12:42:18.366, 7, 0, 75370, 97887
2026/07/08 12:42:19.385, 0, 0, 48704, 97887
2026/07/08 12:42:19.407, 1, 0, 48104, 97887
2026/07/08 12:42:19.427, 2, 0, 48104, 97887
2026/07/08 12:42:19.451, 3, 0, 48104, 97887
2026/07/08 12:42:19.471, 4, 0, 75376, 97887
2026/07/08 12:42:19.487, 5, 0, 75376, 97887
2026/07/08 12:42:19.502, 6, 0, 75370, 97887
2026/07/08 12:42:19.523, 7, 0, 75370, 97887
2026/07/08 12:42:20.544, 0, 0, 48704, 97887
2026/07/08 12:42:20.569, 1, 0, 48104, 97887
2026/07/08 12:42:20.588, 2, 0, 48104, 97887
2026/07/08 12:42:20.605, 3, 0, 48104, 97887
2026/07/08 12:42:20.622, 4, 0, 75376, 97887
2026/07/08 12:42:20.635, 5, 0, 75376, 97887
2026/07/08 12:42:20.650, 6, 0, 75370, 97887
2026/07/08 12:42:20.667, 7, 0, 75370, 97887
2026/07/08 12:42:21.685, 0, 0, 48704, 97887
2026/07/08 12:42:21.707, 1, 0, 48104, 97887
2026/07/08 12:42:21.727, 2, 0, 48104, 97887
2026/07/08 12:42:21.743, 3, 0, 48104, 97887
2026/07/08 12:42:21.756, 4, 0, 75376, 97887
2026/07/08 12:42:21.772, 5, 0, 75376, 97887
2026/07/08 12:42:21.790, 6, 0, 75370, 97887
2026/07/08 12:42:21.806, 7, 0, 75370, 97887
2026/07/08 12:42:22.825, 0, 0, 48704, 97887
2026/07/08 12:42:22.846, 1, 0, 48104, 97887
2026/07/08 12:42:22.864, 2, 0, 48104, 97887
2026/07/08 12:42:22.881, 3, 0, 48104, 97887
2026/07/08 12:42:22.896, 4, 0, 75376, 97887
2026/07/08 12:42:22.913, 5, 0, 75376, 97887
2026/07/08 12:42:22.929, 6, 0, 75370, 97887
2026/07/08 12:42:22.947, 7, 0, 75370, 97887
2026/07/08 12:42:23.966, 0, 0, 48704, 97887
2026/07/08 12:42:23.986, 1, 0, 48104, 97887
2026/07/08 12:42:24.022, 2, 0, 48104, 97887
2026/07/08 12:42:24.039, 3, 0, 48104, 97887
2026/07/08 12:42:24.057, 4, 0, 75376, 97887
2026/07/08 12:42:24.073, 5, 0, 75376, 97887
2026/07/08 12:42:24.090, 6, 0, 75370, 97887
2026/07/08 12:42:24.100, 7, 0, 75370, 97887
2026/07/08 12:42:25.113, 0, 0, 48704, 97887
2026/07/08 12:42:25.132, 1, 0, 48104, 97887
2026/07/08 12:42:25.149, 2, 0, 48104, 97887
2026/07/08 12:42:25.167, 3, 0, 48104, 97887
2026/07/08 12:42:25.188, 4, 0, 75376, 97887
2026/07/08 12:42:25.206, 5, 0, 75376, 97887
2026/07/08 12:42:25.224, 6, 0, 75370, 97887
2026/07/08 12:42:25.242, 7, 0, 75370, 97887
2026/07/08 12:42:26.261, 0, 0, 48704, 97887
2026/07/08 12:42:26.280, 1, 0, 48104, 97887
2026/07/08 12:42:26.301, 2, 0, 48104, 97887
2026/07/08 12:42:26.321, 3, 0, 48104, 97887
2026/07/08 12:42:26.340, 4, 0, 75376, 97887
2026/07/08 12:42:26.361, 5, 0, 75376, 97887
2026/07/08 12:42:26.380, 6, 0, 75370, 97887
2026/07/08 12:42:26.399, 7, 0, 75370, 97887
2026/07/08 12:42:27.418, 0, 0, 48704, 97887
2026/07/08 12:42:27.436, 1, 0, 48104, 97887
2026/07/08 12:42:27.455, 2, 0, 48104, 97887
2026/07/08 12:42:27.475, 3, 0, 48104, 97887
2026/07/08 12:42:27.493, 4, 0, 75376, 97887
2026/07/08 12:42:27.503, 5, 0, 75376, 97887
2026/07/08 12:42:27.517, 6, 0, 75370, 97887
2026/07/08 12:42:27.529, 7, 0, 75370, 97887
2026/07/08 12:42:28.544, 0, 0, 48704, 97887
2026/07/08 12:42:28.562, 1, 0, 48104, 97887
2026/07/08 12:42:28.579, 2, 0, 48104, 97887
2026/07/08 12:42:28.593, 3, 0, 48104, 97887
2026/07/08 12:42:28.605, 4, 0, 75376, 97887
2026/07/08 12:42:28.613, 5, 0, 75376, 97887
2026/07/08 12:42:28.627, 6, 0, 75370, 97887
2026/07/08 12:42:28.635, 7, 0, 75370, 97887
2026/07/08 12:42:29.645, 0, 0, 48704, 97887
2026/07/08 12:42:29.664, 1, 0, 48104, 97887
2026/07/08 12:42:29.683, 2, 0, 48104, 97887
2026/07/08 12:42:29.702, 3, 0, 48104, 97887
2026/07/08 12:42:29.721, 4, 0, 75376, 97887
2026/07/08 12:42:29.739, 5, 0, 75376, 97887
2026/07/08 12:42:29.756, 6, 0, 75370, 97887
2026/07/08 12:42:29.775, 7, 0, 75370, 97887
2026/07/08 12:42:30.794, 0, 0, 48704, 97887
2026/07/08 12:42:30.809, 1, 0, 48104, 97887
2026/07/08 12:42:30.826, 2, 0, 48104, 97887
2026/07/08 12:42:30.841, 3, 0, 48104, 97887
2026/07/08 12:42:30.854, 4, 0, 75376, 97887
2026/07/08 12:42:30.869, 5, 0, 75376, 97887
2026/07/08 12:42:30.886, 6, 0, 75370, 97887
2026/07/08 12:42:30.900, 7, 0, 75370, 97887
2026/07/08 12:42:31.912, 0, 0, 48704, 97887
2026/07/08 12:42:31.933, 1, 0, 48104, 97887
2026/07/08 12:42:31.951, 2, 0, 48104, 97887
2026/07/08 12:42:31.970, 3, 0, 48104, 97887
2026/07/08 12:42:31.989, 4, 0, 75376, 97887
2026/07/08 12:42:32.008, 5, 0, 75376, 97887
2026/07/08 12:42:32.025, 6, 0, 75370, 97887
2026/07/08 12:42:32.042, 7, 0, 75370, 97887
2026/07/08 12:42:33.058, 0, 0, 48704, 97887
2026/07/08 12:42:33.077, 1, 0, 48104, 97887
2026/07/08 12:42:33.093, 2, 0, 48104, 97887
2026/07/08 12:42:33.103, 3, 0, 48104, 97887
2026/07/08 12:42:33.121, 4, 0, 75376, 97887
2026/07/08 12:42:33.141, 5, 0, 75376, 97887
2026/07/08 12:42:33.171, 6, 0, 75370, 97887
2026/07/08 12:42:33.187, 7, 0, 75370, 97887
2026/07/08 12:42:34.203, 0, 0, 48704, 97887
2026/07/08 12:42:34.215, 1, 0, 48104, 97887
2026/07/08 12:42:34.229, 2, 0, 48104, 97887
2026/07/08 12:42:34.241, 3, 0, 48104, 97887
2026/07/08 12:42:34.258, 4, 0, 75376, 97887
2026/07/08 12:42:34.272, 5, 0, 75376, 97887
2026/07/08 12:42:34.287, 6, 0, 75370, 97887
2026/07/08 12:42:34.299, 7, 0, 75370, 97887
2026/07/08 12:42:35.316, 0, 0, 48704, 97887
2026/07/08 12:42:35.331, 1, 0, 48104, 97887
2026/07/08 12:42:35.346, 2, 0, 48104, 97887
2026/07/08 12:42:35.363, 3, 0, 48104, 97887
2026/07/08 12:42:35.381, 4, 0, 75376, 97887
2026/07/08 12:42:35.399, 5, 0, 75376, 97887
2026/07/08 12:42:35.418, 6, 0, 75370, 97887
2026/07/08 12:42:35.438, 7, 0, 75370, 97887
2026/07/08 12:42:36.458, 0, 0, 48704, 97887
2026/07/08 12:42:36.475, 1, 0, 48104, 97887
2026/07/08 12:42:36.493, 2, 0, 48104, 97887
2026/07/08 12:42:36.509, 3, 0, 48104, 97887
2026/07/08 12:42:36.527, 4, 0, 75376, 97887
2026/07/08 12:42:36.545, 5, 0, 75376, 97887
2026/07/08 12:42:36.566, 6, 0, 75370, 97887
2026/07/08 12:42:36.585, 7, 0, 75370, 97887
2026/07/08 12:42:37.604, 0, 0, 48704, 97887
2026/07/08 12:42:37.623, 1, 0, 48104, 97887
2026/07/08 12:42:37.640, 2, 0, 48104, 97887
2026/07/08 12:42:37.655, 3, 0, 48104, 97887
2026/07/08 12:42:37.672, 4, 0, 75376, 97887
2026/07/08 12:42:37.690, 5, 0, 75376, 97887
2026/07/08 12:42:37.705, 6, 0, 75370, 97887
2026/07/08 12:42:37.721, 7, 0, 75370, 97887
2026/07/08 12:42:38.737, 0, 0, 48704, 97887
2026/07/08 12:42:38.756, 1, 0, 48104, 97887
2026/07/08 12:42:38.774, 2, 0, 48104, 97887
2026/07/08 12:42:38.792, 3, 0, 48104, 97887
2026/07/08 12:42:38.809, 4, 0, 75376, 97887
2026/07/08 12:42:38.840, 5, 0, 75376, 97887
2026/07/08 12:42:38.865, 6, 0, 75370, 97887
2026/07/08 12:42:38.893, 7, 0, 75370, 97887
2026/07/08 12:42:39.911, 0, 0, 48704, 97887
2026/07/08 12:42:39.929, 1, 0, 48104, 97887
2026/07/08 12:42:39.945, 2, 0, 48104, 97887
2026/07/08 12:42:39.959, 3, 0, 48104, 97887
2026/07/08 12:42:39.971, 4, 0, 75376, 97887
2026/07/08 12:42:39.985, 5, 0, 75376, 97887
2026/07/08 12:42:39.999, 6, 0, 75370, 97887
2026/07/08 12:42:40.014, 7, 0, 75370, 97887
2026/07/08 12:42:41.029, 0, 0, 48704, 97887
2026/07/08 12:42:41.048, 1, 0, 48104, 97887
2026/07/08 12:42:41.065, 2, 0, 48104, 97887
2026/07/08 12:42:41.082, 3, 0, 48104, 97887
2026/07/08 12:42:41.097, 4, 0, 75376, 97887
2026/07/08 12:42:41.112, 5, 0, 75376, 97887
2026/07/08 12:42:41.130, 6, 0, 75370, 97887
2026/07/08 12:42:41.146, 7, 0, 75370, 97887
2026/07/08 12:42:42.158, 0, 0, 48704, 97887
2026/07/08 12:42:42.178, 1, 0, 48104, 97887
2026/07/08 12:42:42.198, 2, 0, 48104, 97887
2026/07/08 12:42:42.219, 3, 0, 48104, 97887
2026/07/08 12:42:42.240, 4, 0, 75376, 97887
2026/07/08 12:42:42.261, 5, 0, 75376, 97887
2026/07/08 12:42:42.281, 6, 0, 75370, 97887
2026/07/08 12:42:42.301, 7, 0, 75370, 97887
2026/07/08 12:42:43.317, 0, 0, 48704, 97887
2026/07/08 12:42:43.333, 1, 0, 48104, 97887
2026/07/08 12:42:43.352, 2, 0, 48104, 97887
2026/07/08 12:42:43.370, 3, 0, 48104, 97887
2026/07/08 12:42:43.386, 4, 0, 75376, 97887
2026/07/08 12:42:43.404, 5, 0, 75376, 97887
2026/07/08 12:42:43.421, 6, 0, 75370, 97887
2026/07/08 12:42:43.440, 7, 0, 75370, 97887
2026/07/08 12:42:44.461, 0, 0, 48704, 97887
2026/07/08 12:42:44.480, 1, 0, 48104, 97887
2026/07/08 12:42:44.501, 2, 0, 48104, 97887
2026/07/08 12:42:44.520, 3, 0, 48104, 97887
2026/07/08 12:42:44.534, 4, 0, 75376, 97887
2026/07/08 12:42:44.558, 5, 0, 75376, 97887
2026/07/08 12:42:44.576, 6, 0, 75370, 97887
2026/07/08 12:42:44.594, 7, 0, 75370, 97887
2026/07/08 12:42:45.609, 0, 0, 48704, 97887
2026/07/08 12:42:45.626, 1, 0, 48104, 97887
2026/07/08 12:42:45.642, 2, 0, 48104, 97887
2026/07/08 12:42:45.658, 3, 0, 48104, 97887
2026/07/08 12:42:45.673, 4, 0, 75376, 97887
2026/07/08 12:42:45.690, 5, 0, 75376, 97887
2026/07/08 12:42:45.703, 6, 0, 75370, 97887
2026/07/08 12:42:45.718, 7, 0, 75370, 97887
2026/07/08 12:42:46.735, 0, 0, 48704, 97887
2026/07/08 12:42:46.752, 1, 0, 48104, 97887
2026/07/08 12:42:46.768, 2, 0, 48104, 97887
2026/07/08 12:42:46.784, 3, 0, 48104, 97887
2026/07/08 12:42:46.799, 4, 0, 75376, 97887
2026/07/08 12:42:46.815, 5, 0, 75376, 97887
2026/07/08 12:42:46.831, 6, 0, 75370, 97887
2026/07/08 12:42:46.847, 7, 0, 75370, 97887
2026/07/08 12:42:47.863, 0, 0, 48704, 97887
2026/07/08 12:42:47.881, 1, 0, 48104, 97887
2026/07/08 12:42:47.901, 2, 0, 48104, 97887
2026/07/08 12:42:47.916, 3, 0, 48104, 97887
2026/07/08 12:42:47.929, 4, 0, 75376, 97887
2026/07/08 12:42:47.943, 5, 0, 75376, 97887
2026/07/08 12:42:47.960, 6, 0, 75370, 97887
2026/07/08 12:42:47.973, 7, 0, 75370, 97887
2026/07/08 12:42:48.987, 0, 0, 48704, 97887
2026/07/08 12:42:49.006, 1, 0, 48104, 97887
2026/07/08 12:42:49.024, 2, 0, 48104, 97887
2026/07/08 12:42:49.041, 3, 0, 48104, 97887
2026/07/08 12:42:49.056, 4, 0, 75376, 97887
2026/07/08 12:42:49.073, 5, 0, 75376, 97887
2026/07/08 12:42:49.086, 6, 0, 75370, 97887
2026/07/08 12:42:49.096, 7, 0, 75370, 97887
2026/07/08 12:42:50.109, 0, 0, 48704, 97887
2026/07/08 12:42:50.128, 1, 0, 48104, 97887
2026/07/08 12:42:50.146, 2, 0, 48104, 97887
2026/07/08 12:42:50.171, 3, 0, 48104, 97887
2026/07/08 12:42:50.196, 4, 0, 75376, 97887
2026/07/08 12:42:50.216, 5, 0, 75376, 97887
2026/07/08 12:42:50.244, 6, 0, 75370, 97887
2026/07/08 12:42:50.261, 7, 0, 75370, 97887
2026/07/08 12:42:51.280, 0, 0, 48704, 97887
2026/07/08 12:42:51.302, 1, 0, 48104, 97887
2026/07/08 12:42:51.323, 2, 0, 48104, 97887
2026/07/08 12:42:51.342, 3, 0, 48104, 97887
2026/07/08 12:42:51.359, 4, 0, 75376, 97887
2026/07/08 12:42:51.379, 5, 0, 75376, 97887
2026/07/08 12:42:51.396, 6, 0, 75370, 97887
2026/07/08 12:42:51.413, 7, 0, 75370, 97887
2026/07/08 12:42:52.428, 0, 0, 48704, 97887
2026/07/08 12:42:52.445, 1, 0, 48104, 97887
2026/07/08 12:42:52.463, 2, 0, 48104, 97887
2026/07/08 12:42:52.480, 3, 0, 48104, 97887
2026/07/08 12:42:52.499, 4, 0, 75376, 97887
2026/07/08 12:42:52.517, 5, 0, 75376, 97887
2026/07/08 12:42:52.529, 6, 0, 75370, 97887
2026/07/08 12:42:52.543, 7, 0, 75370, 97887
2026/07/08 12:42:53.557, 0, 0, 48704, 97887
2026/07/08 12:42:53.577, 1, 0, 48104, 97887
2026/07/08 12:42:53.595, 2, 0, 48104, 97887
2026/07/08 12:42:53.613, 3, 0, 48104, 97887
2026/07/08 12:42:53.631, 4, 0, 75376, 97887
2026/07/08 12:42:53.648, 5, 0, 75376, 97887
2026/07/08 12:42:53.663, 6, 0, 75370, 97887
2026/07/08 12:42:53.678, 7, 0, 75370, 97887
2026/07/08 12:42:54.694, 0, 0, 48704, 97887
2026/07/08 12:42:54.713, 1, 0, 48104, 97887
2026/07/08 12:42:54.729, 2, 0, 48104, 97887
2026/07/08 12:42:54.746, 3, 0, 48104, 97887
2026/07/08 12:42:54.760, 4, 0, 75376, 97887
2026/07/08 12:42:54.774, 5, 0, 75376, 97887
2026/07/08 12:42:54.792, 6, 0, 75370, 97887
2026/07/08 12:42:54.808, 7, 0, 75370, 97887
2026/07/08 12:42:55.822, 0, 0, 48704, 97887
2026/07/08 12:42:55.839, 1, 0, 48104, 97887
2026/07/08 12:42:55.856, 2, 0, 48104, 97887
2026/07/08 12:42:55.873, 3, 0, 48104, 97887
2026/07/08 12:42:55.891, 4, 0, 75376, 97887
2026/07/08 12:42:55.907, 5, 0, 75376, 97887
2026/07/08 12:42:55.925, 6, 0, 75370, 97887
2026/07/08 12:42:55.941, 7, 0, 75370, 97887
2026/07/08 12:42:56.957, 0, 0, 48704, 97887
2026/07/08 12:42:56.977, 1, 0, 48104, 97887
2026/07/08 12:42:56.993, 2, 0, 48104, 97887
2026/07/08 12:42:57.011, 3, 0, 48104, 97887
2026/07/08 12:42:57.028, 4, 0, 75376, 97887
2026/07/08 12:42:57.045, 5, 0, 75376, 97887
2026/07/08 12:42:57.062, 6, 0, 75370, 97887
2026/07/08 12:42:57.079, 7, 0, 75370, 97887
2026/07/08 12:42:58.096, 0, 0, 48704, 97887
2026/07/08 12:42:58.114, 1, 0, 48104, 97887
2026/07/08 12:42:58.132, 2, 0, 48104, 97887
2026/07/08 12:42:58.151, 3, 0, 48104, 97887
2026/07/08 12:42:58.169, 4, 0, 75376, 97887
2026/07/08 12:42:58.190, 5, 0, 75376, 97887
2026/07/08 12:42:58.208, 6, 0, 75370, 97887
2026/07/08 12:42:58.226, 7, 0, 75370, 97887
2026/07/08 12:42:59.244, 0, 0, 48704, 97887
2026/07/08 12:42:59.261, 1, 0, 48104, 97887
2026/07/08 12:42:59.278, 2, 0, 48104, 97887
2026/07/08 12:42:59.293, 3, 0, 48104, 97887
2026/07/08 12:42:59.308, 4, 0, 75376, 97887
2026/07/08 12:42:59.324, 5, 0, 75376, 97887
2026/07/08 12:42:59.339, 6, 0, 75370, 97887
2026/07/08 12:42:59.354, 7, 0, 75370, 97887
2026/07/08 12:43:00.370, 0, 0, 48704, 97887
2026/07/08 12:43:00.387, 1, 0, 48104, 97887
2026/07/08 12:43:00.403, 2, 0, 48104, 97887
2026/07/08 12:43:00.421, 3, 0, 48104, 97887
2026/07/08 12:43:00.444, 4, 0, 75376, 97887
2026/07/08 12:43:00.455, 5, 0, 75376, 97887
2026/07/08 12:43:00.471, 6, 0, 75370, 97887
2026/07/08 12:43:00.487, 7, 0, 75370, 97887
2026/07/08 12:43:01.507, 0, 0, 48704, 97887
2026/07/08 12:43:01.526, 1, 0, 48104, 97887
2026/07/08 12:43:01.543, 2, 0, 48104, 97887
2026/07/08 12:43:01.558, 3, 0, 48104, 97887
2026/07/08 12:43:01.574, 4, 0, 75376, 97887
2026/07/08 12:43:01.591, 5, 0, 75376, 97887
2026/07/08 12:43:01.608, 6, 0, 75370, 97887
2026/07/08 12:43:01.626, 7, 0, 75370, 97887
2026/07/08 12:43:02.647, 0, 0, 48704, 97887
2026/07/08 12:43:02.664, 1, 0, 48104, 97887
2026/07/08 12:43:02.681, 2, 0, 48104, 97887
2026/07/08 12:43:02.697, 3, 0, 48104, 97887
2026/07/08 12:43:02.713, 4, 0, 75376, 97887
2026/07/08 12:43:02.730, 5, 0, 75376, 97887
2026/07/08 12:43:02.747, 6, 0, 75370, 97887
2026/07/08 12:43:02.760, 7, 0, 75370, 97887
2026/07/08 12:43:03.776, 0, 0, 48704, 97887
2026/07/08 12:43:03.796, 1, 0, 48104, 97887
2026/07/08 12:43:03.815, 2, 0, 48104, 97887
2026/07/08 12:43:03.834, 3, 0, 48104, 97887
2026/07/08 12:43:03.850, 4, 0, 75376, 97887
2026/07/08 12:43:03.865, 5, 0, 75376, 97887
2026/07/08 12:43:03.878, 6, 0, 75370, 97887
2026/07/08 12:43:03.894, 7, 0, 75370, 97887
2026/07/08 12:43:04.911, 0, 0, 48704, 97887
2026/07/08 12:43:04.929, 1, 0, 48104, 97887
2026/07/08 12:43:04.948, 2, 0, 48104, 97887
2026/07/08 12:43:04.967, 3, 0, 48104, 97887
2026/07/08 12:43:04.986, 4, 0, 75376, 97887
2026/07/08 12:43:05.003, 5, 0, 75376, 97887
2026/07/08 12:43:05.022, 6, 0, 75370, 97887
2026/07/08 12:43:05.039, 7, 0, 75370, 97887
2026/07/08 12:43:06.053, 0, 0, 48704, 97887
2026/07/08 12:43:06.070, 1, 0, 48104, 97887
2026/07/08 12:43:06.086, 2, 0, 48104, 97887
2026/07/08 12:43:06.102, 3, 0, 48104, 97887
2026/07/08 12:43:06.119, 4, 0, 75376, 97887
2026/07/08 12:43:06.136, 5, 0, 75376, 97887
2026/07/08 12:43:06.154, 6, 0, 75370, 97887
2026/07/08 12:43:06.169, 7, 0, 75370, 97887
2026/07/08 12:43:07.186, 0, 0, 48704, 97887
2026/07/08 12:43:07.204, 1, 0, 48104, 97887
2026/07/08 12:43:07.220, 2, 0, 48104, 97887
2026/07/08 12:43:07.233, 3, 0, 48104, 97887
2026/07/08 12:43:07.249, 4, 0, 75376, 97887
2026/07/08 12:43:07.267, 5, 0, 75376, 97887
2026/07/08 12:43:07.286, 6, 0, 75370, 97887
2026/07/08 12:43:07.304, 7, 0, 75370, 97887
2026/07/08 12:43:08.324, 0, 0, 48704, 97887
2026/07/08 12:43:08.343, 1, 0, 48104, 97887
2026/07/08 12:43:08.364, 2, 0, 48104, 97887
2026/07/08 12:43:08.382, 3, 0, 48104, 97887
2026/07/08 12:43:08.397, 4, 0, 75376, 97887
2026/07/08 12:43:08.415, 5, 0, 75376, 97887
2026/07/08 12:43:08.433, 6, 0, 75370, 97887
2026/07/08 12:43:08.450, 7, 0, 75370, 97887
2026/07/08 12:43:09.467, 0, 0, 48704, 97887
2026/07/08 12:43:09.487, 1, 0, 48104, 97887
2026/07/08 12:43:09.504, 2, 0, 48104, 97887
2026/07/08 12:43:09.525, 3, 0, 48104, 97887
2026/07/08 12:43:09.542, 4, 0, 75376, 97887
2026/07/08 12:43:09.559, 5, 0, 75376, 97887
2026/07/08 12:43:09.572, 6, 0, 75370, 97887
2026/07/08 12:43:09.586, 7, 0, 75370, 97887
2026/07/08 12:43:10.599, 0, 0, 48704, 97887
2026/07/08 12:43:10.612, 1, 0, 48104, 97887
2026/07/08 12:43:10.627, 2, 0, 48104, 97887
2026/07/08 12:43:10.643, 3, 0, 48104, 97887
2026/07/08 12:43:10.660, 4, 0, 75376, 97887
2026/07/08 12:43:10.677, 5, 0, 75376, 97887
2026/07/08 12:43:10.694, 6, 0, 75370, 97887
2026/07/08 12:43:10.711, 7, 0, 75370, 97887
2026/07/08 12:43:11.726, 0, 0, 48704, 97887
2026/07/08 12:43:11.742, 1, 0, 48104, 97887
2026/07/08 12:43:11.759, 2, 0, 48104, 97887
2026/07/08 12:43:11.774, 3, 0, 48104, 97887
2026/07/08 12:43:11.790, 4, 0, 75376, 97887
2026/07/08 12:43:11.805, 5, 0, 75376, 97887
2026/07/08 12:43:11.820, 6, 0, 75370, 97887
2026/07/08 12:43:11.836, 7, 0, 75370, 97887
2026/07/08 12:43:12.851, 0, 0, 48704, 97887
2026/07/08 12:43:12.869, 1, 0, 48104, 97887
2026/07/08 12:43:12.887, 2, 0, 48104, 97887
2026/07/08 12:43:12.905, 3, 0, 48104, 97887
2026/07/08 12:43:12.919, 4, 0, 75376, 97887
2026/07/08 12:43:12.935, 5, 0, 75376, 97887
2026/07/08 12:43:12.952, 6, 0, 75370, 97887
2026/07/08 12:43:12.972, 7, 0, 75370, 97887
2026/07/08 12:43:13.990, 0, 0, 48704, 97887
2026/07/08 12:43:14.007, 1, 0, 48104, 97887
2026/07/08 12:43:14.022, 2, 0, 48104, 97887
2026/07/08 12:43:14.037, 3, 0, 48104, 97887
2026/07/08 12:43:14.051, 4, 0, 75376, 97887
2026/07/08 12:43:14.066, 5, 0, 75376, 97887
2026/07/08 12:43:14.078, 6, 0, 75370, 97887
2026/07/08 12:43:14.088, 7, 0, 75370, 97887
2026/07/08 12:43:15.100, 0, 0, 48704, 97887
2026/07/08 12:43:15.114, 1, 0, 48104, 97887
2026/07/08 12:43:15.127, 2, 0, 48104, 97887
2026/07/08 12:43:15.141, 3, 0, 48104, 97887
2026/07/08 12:43:15.155, 4, 0, 75376, 97887
2026/07/08 12:43:15.172, 5, 0, 75376, 97887
2026/07/08 12:43:15.186, 6, 0, 75370, 97887
2026/07/08 12:43:15.197, 7, 0, 75370, 97887
2026/07/08 12:43:16.214, 0, 0, 48704, 97887
2026/07/08 12:43:16.230, 1, 0, 48104, 97887
2026/07/08 12:43:16.249, 2, 0, 48104, 97887
2026/07/08 12:43:16.267, 3, 0, 48104, 97887
2026/07/08 12:43:16.282, 4, 0, 75376, 97887
2026/07/08 12:43:16.295, 5, 0, 75376, 97887
2026/07/08 12:43:16.310, 6, 0, 75370, 97887
2026/07/08 12:43:16.325, 7, 0, 75370, 97887
2026/07/08 12:43:17.338, 0, 0, 48704, 97887
2026/07/08 12:43:17.358, 1, 0, 48104, 97887
2026/07/08 12:43:17.377, 2, 0, 48104, 97887
2026/07/08 12:43:17.395, 3, 0, 48104, 97887
2026/07/08 12:43:17.410, 4, 0, 75376, 97887
2026/07/08 12:43:17.427, 5, 0, 75376, 97887
2026/07/08 12:43:17.442, 6, 0, 75370, 97887
2026/07/08 12:43:17.458, 7, 0, 75370, 97887
2026/07/08 12:43:18.475, 0, 0, 48704, 97887
2026/07/08 12:43:18.493, 1, 0, 48104, 97887
2026/07/08 12:43:18.513, 2, 0, 48104, 97887
2026/07/08 12:43:18.533, 3, 0, 48104, 97887
2026/07/08 12:43:18.552, 4, 0, 75376, 97887
2026/07/08 12:43:18.569, 5, 0, 75376, 97887
2026/07/08 12:43:18.588, 6, 0, 75370, 97887
2026/07/08 12:43:18.603, 7, 0, 75370, 97887
2026/07/08 12:43:19.620, 0, 0, 48704, 97887
2026/07/08 12:43:19.639, 1, 0, 48104, 97887
2026/07/08 12:43:19.655, 2, 0, 48104, 97887
2026/07/08 12:43:19.672, 3, 0, 48104, 97887
2026/07/08 12:43:19.687, 4, 0, 75376, 97887
2026/07/08 12:43:19.703, 5, 0, 75376, 97887
2026/07/08 12:43:19.718, 6, 0, 75370, 97887
2026/07/08 12:43:19.733, 7, 0, 75370, 97887
2026/07/08 12:43:20.750, 0, 0, 48704, 97887
2026/07/08 12:43:20.766, 1, 0, 48104, 97887
2026/07/08 12:43:20.782, 2, 0, 48104, 97887
2026/07/08 12:43:20.797, 3, 0, 48104, 97887
2026/07/08 12:43:20.814, 4, 0, 75376, 97887
2026/07/08 12:43:20.830, 5, 0, 75376, 97887
2026/07/08 12:43:20.847, 6, 0, 75370, 97887
2026/07/08 12:43:20.864, 7, 0, 75370, 97887
2026/07/08 12:43:21.881, 0, 0, 48704, 97887
2026/07/08 12:43:21.898, 1, 0, 48104, 97887
2026/07/08 12:43:21.918, 2, 0, 48104, 97887
2026/07/08 12:43:21.936, 3, 0, 48104, 97887
2026/07/08 12:43:21.955, 4, 0, 75376, 97887
2026/07/08 12:43:21.974, 5, 0, 75376, 97887
2026/07/08 12:43:21.992, 6, 0, 75370, 97887
2026/07/08 12:43:22.011, 7, 0, 75370, 97887
2026/07/08 12:43:23.031, 0, 0, 48704, 97887
2026/07/08 12:43:23.051, 1, 0, 48104, 97887
2026/07/08 12:43:23.075, 2, 0, 48104, 97887
2026/07/08 12:43:23.099, 3, 0, 48104, 97887
2026/07/08 12:43:23.121, 4, 0, 75376, 97887
2026/07/08 12:43:23.141, 5, 0, 75376, 97887
2026/07/08 12:43:23.164, 6, 0, 75370, 97887
2026/07/08 12:43:23.183, 7, 0, 75370, 97887
2026/07/08 12:43:24.208, 0, 0, 48704, 97887
2026/07/08 12:43:24.230, 1, 0, 48104, 97887
2026/07/08 12:43:24.249, 2, 0, 48104, 97887
2026/07/08 12:43:24.266, 3, 0, 48104, 97887
2026/07/08 12:43:24.285, 4, 0, 75376, 97887
2026/07/08 12:43:24.303, 5, 0, 75376, 97887
2026/07/08 12:43:24.321, 6, 0, 75370, 97887
2026/07/08 12:43:24.339, 7, 0, 75370, 97887
2026/07/08 12:43:25.356, 0, 0, 48704, 97887
2026/07/08 12:43:25.372, 1, 0, 48104, 97887
2026/07/08 12:43:25.390, 2, 0, 48104, 97887
2026/07/08 12:43:25.407, 3, 0, 48104, 97887
2026/07/08 12:43:25.424, 4, 0, 75376, 97887
2026/07/08 12:43:25.440, 5, 0, 75376, 97887
2026/07/08 12:43:25.459, 6, 0, 75370, 97887
2026/07/08 12:43:25.476, 7, 0, 75370, 97887
2026/07/08 12:43:26.491, 0, 0, 48704, 97887
2026/07/08 12:43:26.508, 1, 0, 48104, 97887
2026/07/08 12:43:26.526, 2, 0, 48104, 97887
2026/07/08 12:43:26.544, 3, 0, 48104, 97887
2026/07/08 12:43:26.562, 4, 0, 75376, 97887
2026/07/08 12:43:26.579, 5, 0, 75376, 97887
2026/07/08 12:43:26.597, 6, 0, 75370, 97887
2026/07/08 12:43:26.615, 7, 0, 75370, 97887
2026/07/08 12:43:27.633, 0, 0, 48704, 97887
2026/07/08 12:43:27.653, 1, 0, 48104, 97887
2026/07/08 12:43:27.670, 2, 0, 48104, 97887
2026/07/08 12:43:27.686, 3, 0, 48104, 97887
2026/07/08 12:43:27.700, 4, 0, 75376, 97887
2026/07/08 12:43:27.715, 5, 0, 75376, 97887
2026/07/08 12:43:27.730, 6, 0, 75370, 97887
2026/07/08 12:43:27.744, 7, 0, 75370, 97887
2026/07/08 12:43:28.760, 0, 0, 48704, 97887
2026/07/08 12:43:28.777, 1, 0, 48104, 97887
2026/07/08 12:43:28.809, 2, 0, 48104, 97887
2026/07/08 12:43:28.837, 3, 0, 48104, 97887
2026/07/08 12:43:28.855, 4, 0, 75376, 97887
2026/07/08 12:43:28.874, 5, 0, 75376, 97887
2026/07/08 12:43:28.895, 6, 0, 75370, 97887
2026/07/08 12:43:28.914, 7, 0, 75370, 97887
2026/07/08 12:43:29.933, 0, 0, 48704, 97887
2026/07/08 12:43:29.952, 1, 0, 48104, 97887
2026/07/08 12:43:29.972, 2, 0, 48104, 97887
2026/07/08 12:43:29.992, 3, 0, 48104, 97887
2026/07/08 12:43:30.011, 4, 0, 75376, 97887
2026/07/08 12:43:30.031, 5, 0, 75376, 97887
2026/07/08 12:43:30.051, 6, 0, 75370, 97887
2026/07/08 12:43:30.069, 7, 0, 75370, 97887
2026/07/08 12:43:31.086, 0, 0, 48704, 97887
2026/07/08 12:43:31.101, 1, 0, 48104, 97887
2026/07/08 12:43:31.117, 2, 0, 48104, 97887
2026/07/08 12:43:31.133, 3, 0, 48104, 97887
2026/07/08 12:43:31.151, 4, 0, 75376, 97887
2026/07/08 12:43:31.165, 5, 0, 75376, 97887
2026/07/08 12:43:31.181, 6, 0, 75370, 97887
2026/07/08 12:43:31.200, 7, 0, 75370, 97887
2026/07/08 12:43:32.220, 0, 0, 48704, 97887
2026/07/08 12:43:32.239, 1, 0, 48104, 97887
2026/07/08 12:43:32.255, 2, 0, 48104, 97887
2026/07/08 12:43:32.273, 3, 0, 48104, 97887
2026/07/08 12:43:32.291, 4, 0, 75376, 97887
2026/07/08 12:43:32.309, 5, 0, 75376, 97887
2026/07/08 12:43:32.329, 6, 0, 75370, 97887
2026/07/08 12:43:32.346, 7, 0, 75370, 97887
2026/07/08 12:43:33.363, 0, 0, 48704, 97887
2026/07/08 12:43:33.383, 1, 0, 48104, 97887
2026/07/08 12:43:33.401, 2, 0, 48104, 97887
2026/07/08 12:43:33.419, 3, 0, 48104, 97887
2026/07/08 12:43:33.435, 4, 0, 75376, 97887
2026/07/08 12:43:33.451, 5, 0, 75376, 97887
2026/07/08 12:43:33.469, 6, 0, 75370, 97887
2026/07/08 12:43:33.483, 7, 0, 75370, 97887
2026/07/08 12:43:34.497, 0, 0, 48704, 97887
2026/07/08 12:43:34.517, 1, 0, 48104, 97887
2026/07/08 12:43:34.536, 2, 0, 48104, 97887
2026/07/08 12:43:34.554, 3, 0, 48104, 97887
2026/07/08 12:43:34.575, 4, 0, 75376, 97887
2026/07/08 12:43:34.595, 5, 0, 75376, 97887
2026/07/08 12:43:34.615, 6, 0, 75370, 97887
2026/07/08 12:43:34.633, 7, 0, 75370, 97887
2026/07/08 12:43:35.653, 0, 0, 48704, 97887
2026/07/08 12:43:35.676, 1, 0, 48104, 97887
2026/07/08 12:43:35.696, 2, 0, 48104, 97887
2026/07/08 12:43:35.712, 3, 0, 48104, 97887
2026/07/08 12:43:35.729, 4, 0, 75376, 97887
2026/07/08 12:43:35.744, 5, 0, 75376, 97887
2026/07/08 12:43:35.755, 6, 0, 75370, 97887
2026/07/08 12:43:35.766, 7, 0, 75370, 97887
2026/07/08 12:43:36.777, 0, 0, 48704, 97887
2026/07/08 12:43:36.796, 1, 0, 48104, 97887
2026/07/08 12:43:36.814, 2, 0, 48104, 97887
2026/07/08 12:43:36.831, 3, 0, 48104, 97887
2026/07/08 12:43:36.847, 4, 0, 75376, 97887
2026/07/08 12:43:36.865, 5, 0, 75376, 97887
2026/07/08 12:43:36.885, 6, 0, 75370, 97887
2026/07/08 12:43:36.902, 7, 0, 75370, 97887
2026/07/08 12:43:37.918, 0, 0, 48704, 97887
2026/07/08 12:43:37.936, 1, 0, 48104, 97887
2026/07/08 12:43:37.954, 2, 0, 48104, 97887
2026/07/08 12:43:37.970, 3, 0, 48104, 97887
2026/07/08 12:43:37.987, 4, 0, 75376, 97887
2026/07/08 12:43:38.005, 5, 0, 75376, 97887
2026/07/08 12:43:38.022, 6, 0, 75370, 97887
2026/07/08 12:43:38.038, 7, 0, 75370, 97887
2026/07/08 12:43:39.055, 0, 0, 48704, 97887
2026/07/08 12:43:39.071, 1, 0, 48104, 97887
2026/07/08 12:43:39.085, 2, 0, 48104, 97887
2026/07/08 12:43:39.098, 3, 0, 48104, 97887
2026/07/08 12:43:39.116, 4, 0, 75376, 97887
2026/07/08 12:43:39.134, 5, 0, 75376, 97887
2026/07/08 12:43:39.154, 6, 0, 75370, 97887
2026/07/08 12:43:39.173, 7, 0, 75370, 97887
2026/07/08 12:43:40.189, 0, 0, 48704, 97887
2026/07/08 12:43:40.207, 1, 0, 48104, 97887
2026/07/08 12:43:40.222, 2, 0, 48104, 97887
2026/07/08 12:43:40.237, 3, 0, 48104, 97887
2026/07/08 12:43:40.256, 4, 0, 75376, 97887
2026/07/08 12:43:40.275, 5, 0, 75376, 97887
2026/07/08 12:43:40.293, 6, 0, 75370, 97887
2026/07/08 12:43:40.311, 7, 0, 75370, 97887
2026/07/08 12:43:41.328, 0, 0, 48704, 97887
2026/07/08 12:43:41.348, 1, 0, 48104, 97887
2026/07/08 12:43:41.365, 2, 0, 48104, 97887
2026/07/08 12:43:41.384, 3, 0, 48104, 97887
2026/07/08 12:43:41.404, 4, 0, 75376, 97887
2026/07/08 12:43:41.422, 5, 0, 75376, 97887
2026/07/08 12:43:41.439, 6, 0, 75370, 97887
2026/07/08 12:43:41.455, 7, 0, 75370, 97887
2026/07/08 12:43:42.472, 0, 0, 48704, 97887
2026/07/08 12:43:42.491, 1, 0, 48104, 97887
2026/07/08 12:43:42.507, 2, 0, 48104, 97887
2026/07/08 12:43:42.518, 3, 0, 48104, 97887
2026/07/08 12:43:42.533, 4, 0, 75376, 97887
2026/07/08 12:43:42.546, 5, 0, 75376, 97887
2026/07/08 12:43:42.553, 6, 0, 75370, 97887
2026/07/08 12:43:42.566, 7, 0, 75370, 97887
2026/07/08 12:43:43.580, 0, 0, 48704, 97887
2026/07/08 12:43:43.599, 1, 0, 48104, 97887
2026/07/08 12:43:43.616, 2, 0, 48104, 97887
2026/07/08 12:43:43.632, 3, 0, 48104, 97887
2026/07/08 12:43:43.647, 4, 0, 75376, 97887
2026/07/08 12:43:43.663, 5, 0, 75376, 97887
2026/07/08 12:43:43.679, 6, 0, 75370, 97887
2026/07/08 12:43:43.696, 7, 0, 75370, 97887
2026/07/08 12:43:44.712, 0, 0, 48704, 97887
2026/07/08 12:43:44.727, 1, 0, 48104, 97887
2026/07/08 12:43:44.734, 2, 0, 48104, 97887
2026/07/08 12:43:44.744, 3, 0, 48104, 97887
2026/07/08 12:43:44.758, 4, 0, 75376, 97887
2026/07/08 12:43:44.774, 5, 0, 75376, 97887
2026/07/08 12:43:44.792, 6, 0, 75370, 97887
2026/07/08 12:43:44.809, 7, 0, 75370, 97887
2026/07/08 12:43:45.827, 0, 0, 48704, 97887
2026/07/08 12:43:45.846, 1, 0, 48104, 97887
2026/07/08 12:43:45.863, 2, 0, 48104, 97887
2026/07/08 12:43:45.881, 3, 0, 48104, 97887
2026/07/08 12:43:45.898, 4, 0, 75376, 97887
2026/07/08 12:43:45.913, 5, 0, 75376, 97887
2026/07/08 12:43:45.932, 6, 0, 75370, 97887
2026/07/08 12:43:45.951, 7, 0, 75370, 97887
2026/07/08 12:43:46.969, 0, 0, 48704, 97887
2026/07/08 12:43:46.989, 1, 0, 48104, 97887
2026/07/08 12:43:47.008, 2, 0, 48104, 97887
2026/07/08 12:43:47.027, 3, 0, 48104, 97887
2026/07/08 12:43:47.045, 4, 0, 75376, 97887
2026/07/08 12:43:47.063, 5, 0, 75376, 97887
2026/07/08 12:43:47.081, 6, 0, 75370, 97887
2026/07/08 12:43:47.097, 7, 0, 75370, 97887
2026/07/08 12:43:48.114, 0, 0, 48704, 97887
2026/07/08 12:43:48.132, 1, 0, 48104, 97887
2026/07/08 12:43:48.149, 2, 0, 48104, 97887
2026/07/08 12:43:48.166, 3, 0, 48104, 97887
2026/07/08 12:43:48.181, 4, 0, 75376, 97887
2026/07/08 12:43:48.197, 5, 0, 75376, 97887
2026/07/08 12:43:48.215, 6, 0, 75370, 97887
2026/07/08 12:43:48.232, 7, 0, 75370, 97887
2026/07/08 12:43:49.248, 0, 0, 48704, 97887
2026/07/08 12:43:49.267, 1, 0, 48104, 97887
2026/07/08 12:43:49.285, 2, 0, 48104, 97887
2026/07/08 12:43:49.303, 3, 0, 48104, 97887
2026/07/08 12:43:49.321, 4, 0, 75376, 97887
2026/07/08 12:43:49.338, 5, 0, 75376, 97887
2026/07/08 12:43:49.356, 6, 0, 75370, 97887
2026/07/08 12:43:49.374, 7, 0, 75370, 97887
2026/07/08 12:43:50.390, 0, 0, 48704, 97887
2026/07/08 12:43:50.409, 1, 0, 48104, 97887
2026/07/08 12:43:50.427, 2, 0, 48104, 97887
2026/07/08 12:43:50.443, 3, 0, 48104, 97887
2026/07/08 12:43:50.461, 4, 0, 75376, 97887
2026/07/08 12:43:50.479, 5, 0, 75376, 97887
2026/07/08 12:43:50.497, 6, 0, 75370, 97887
2026/07/08 12:43:50.516, 7, 0, 75370, 97887
2026/07/08 12:43:51.535, 0, 0, 48704, 97887
2026/07/08 12:43:51.555, 1, 0, 48104, 97887
2026/07/08 12:43:51.573, 2, 0, 48104, 97887
2026/07/08 12:43:51.589, 3, 0, 48104, 97887
2026/07/08 12:43:51.605, 4, 0, 75376, 97887
2026/07/08 12:43:51.624, 5, 0, 75376, 97887
2026/07/08 12:43:51.643, 6, 0, 75370, 97887
2026/07/08 12:43:51.662, 7, 0, 75370, 97887
2026/07/08 12:43:52.682, 0, 0, 48704, 97887
2026/07/08 12:43:52.701, 1, 0, 48104, 97887
2026/07/08 12:43:52.718, 2, 0, 48104, 97887
2026/07/08 12:43:52.732, 3, 0, 48104, 97887
2026/07/08 12:43:52.748, 4, 0, 75376, 97887
2026/07/08 12:43:52.764, 5, 0, 75376, 97887
2026/07/08 12:43:52.781, 6, 0, 75370, 97887
2026/07/08 12:43:52.798, 7, 0, 75370, 97887
2026/07/08 12:43:53.816, 0, 0, 48704, 97887
2026/07/08 12:43:53.834, 1, 0, 48104, 97887
2026/07/08 12:43:53.851, 2, 0, 48104, 97887
2026/07/08 12:43:53.870, 3, 0, 48104, 97887
2026/07/08 12:43:53.889, 4, 0, 75376, 97887
2026/07/08 12:43:53.907, 5, 0, 75376, 97887
2026/07/08 12:43:53.923, 6, 0, 75370, 97887
2026/07/08 12:43:53.940, 7, 0, 75370, 97887
2026/07/08 12:43:54.958, 0, 0, 48704, 97887
2026/07/08 12:43:54.975, 1, 0, 48104, 97887
2026/07/08 12:43:54.990, 2, 0, 48104, 97887
2026/07/08 12:43:55.005, 3, 0, 48104, 97887
2026/07/08 12:43:55.021, 4, 0, 75376, 97887
2026/07/08 12:43:55.040, 5, 0, 75376, 97887
2026/07/08 12:43:55.059, 6, 0, 75370, 97887
2026/07/08 12:43:55.076, 7, 0, 75370, 97887
2026/07/08 12:43:56.094, 0, 0, 48704, 97887
2026/07/08 12:43:56.114, 1, 0, 48104, 97887
2026/07/08 12:43:56.133, 2, 0, 48104, 97887
2026/07/08 12:43:56.152, 3, 0, 48104, 97887
2026/07/08 12:43:56.170, 4, 0, 75376, 97887
2026/07/08 12:43:56.188, 5, 0, 75376, 97887
2026/07/08 12:43:56.205, 6, 0, 75370, 97887
2026/07/08 12:43:56.224, 7, 0, 75370, 97887
2026/07/08 12:43:57.241, 0, 0, 48704, 97887
2026/07/08 12:43:57.259, 1, 0, 48104, 97887
2026/07/08 12:43:57.276, 2, 0, 48104, 97887
2026/07/08 12:43:57.290, 3, 0, 48104, 97887
2026/07/08 12:43:57.304, 4, 0, 75376, 97887
2026/07/08 12:43:57.323, 5, 0, 75376, 97887
2026/07/08 12:43:57.341, 6, 0, 75370, 97887
2026/07/08 12:43:57.360, 7, 0, 75370, 97887
2026/07/08 12:43:58.378, 0, 0, 48704, 97887
2026/07/08 12:43:58.397, 1, 0, 48104, 97887
2026/07/08 12:43:58.418, 2, 0, 48104, 97887
2026/07/08 12:43:58.438, 3, 0, 48104, 97887
2026/07/08 12:43:58.455, 4, 0, 75376, 97887
2026/07/08 12:43:58.473, 5, 0, 75376, 97887
2026/07/08 12:43:58.488, 6, 0, 75370, 97887
2026/07/08 12:43:58.502, 7, 0, 75370, 97887
2026/07/08 12:43:59.514, 0, 0, 48704, 97887
2026/07/08 12:43:59.536, 1, 0, 48104, 97887
2026/07/08 12:43:59.553, 2, 0, 48104, 97887
2026/07/08 12:43:59.571, 3, 0, 48104, 97887
2026/07/08 12:43:59.588, 4, 0, 75376, 97887
2026/07/08 12:43:59.605, 5, 0, 75376, 97887
2026/07/08 12:43:59.623, 6, 0, 75370, 97887
2026/07/08 12:43:59.640, 7, 0, 75370, 97887
2026/07/08 12:44:00.658, 0, 0, 48704, 97887
2026/07/08 12:44:00.676, 1, 0, 48104, 97887
2026/07/08 12:44:00.694, 2, 0, 48104, 97887
2026/07/08 12:44:00.710, 3, 0, 48104, 97887
2026/07/08 12:44:00.725, 4, 0, 75376, 97887
2026/07/08 12:44:00.741, 5, 0, 75376, 97887
2026/07/08 12:44:00.758, 6, 0, 75370, 97887
2026/07/08 12:44:00.774, 7, 0, 75370, 97887
2026/07/08 12:44:01.792, 0, 0, 48704, 97887
2026/07/08 12:44:01.810, 1, 0, 48104, 97887
2026/07/08 12:44:01.827, 2, 0, 48104, 97887
2026/07/08 12:44:01.839, 3, 0, 48104, 97887
2026/07/08 12:44:01.851, 4, 0, 75376, 97887
2026/07/08 12:44:01.866, 5, 0, 75376, 97887
2026/07/08 12:44:01.880, 6, 0, 75370, 97887
2026/07/08 12:44:01.891, 7, 0, 75370, 97887
2026/07/08 12:44:02.907, 0, 0, 48704, 97887
2026/07/08 12:44:02.922, 1, 0, 48104, 97887
2026/07/08 12:44:02.939, 2, 0, 48104, 97887
2026/07/08 12:44:02.957, 3, 0, 48104, 97887
2026/07/08 12:44:02.974, 4, 0, 75376, 97887
2026/07/08 12:44:02.992, 5, 0, 75376, 97887
2026/07/08 12:44:03.011, 6, 0, 75370, 97887
2026/07/08 12:44:03.028, 7, 0, 75370, 97887
2026/07/08 12:44:04.050, 0, 0, 48704, 97887
2026/07/08 12:44:04.064, 1, 0, 48104, 97887
2026/07/08 12:44:04.077, 2, 0, 48104, 97887
2026/07/08 12:44:04.092, 3, 0, 48104, 97887
2026/07/08 12:44:04.104, 4, 0, 75376, 97887
2026/07/08 12:44:04.119, 5, 0, 75376, 97887
2026/07/08 12:44:04.131, 6, 0, 75370, 97887
2026/07/08 12:44:04.142, 7, 0, 75370, 97887
2026/07/08 12:44:05.157, 0, 0, 48704, 97887
2026/07/08 12:44:05.176, 1, 0, 48104, 97887
2026/07/08 12:44:05.194, 2, 0, 48104, 97887
2026/07/08 12:44:05.215, 3, 0, 48104, 97887
2026/07/08 12:44:05.232, 4, 0, 75376, 97887
2026/07/08 12:44:05.248, 5, 0, 75376, 97887
2026/07/08 12:44:05.265, 6, 0, 75370, 97887
2026/07/08 12:44:05.281, 7, 0, 75370, 97887
2026/07/08 12:44:06.298, 0, 0, 48704, 97887
2026/07/08 12:44:06.313, 1, 0, 48104, 97887
2026/07/08 12:44:06.331, 2, 0, 48104, 97887
2026/07/08 12:44:06.346, 3, 0, 48104, 97887
2026/07/08 12:44:06.360, 4, 0, 75376, 97887
2026/07/08 12:44:06.378, 5, 0, 75376, 97887
2026/07/08 12:44:06.391, 6, 0, 75370, 97887
2026/07/08 12:44:06.405, 7, 0, 75370, 97887
2026/07/08 12:44:07.421, 0, 0, 48704, 97887
2026/07/08 12:44:07.439, 1, 0, 48104, 97887
2026/07/08 12:44:07.454, 2, 0, 48104, 97887
2026/07/08 12:44:07.471, 3, 0, 48104, 97887
2026/07/08 12:44:07.488, 4, 0, 75376, 97887
2026/07/08 12:44:07.503, 5, 0, 75376, 97887
2026/07/08 12:44:07.537, 6, 0, 75370, 97887
2026/07/08 12:44:07.551, 7, 0, 75370, 97887
2026/07/08 12:44:08.570, 0, 0, 48704, 97887
2026/07/08 12:44:08.587, 1, 0, 48104, 97887
2026/07/08 12:44:08.601, 2, 0, 48104, 97887
2026/07/08 12:44:08.616, 3, 0, 48104, 97887
2026/07/08 12:44:08.630, 4, 0, 75376, 97887
2026/07/08 12:44:08.644, 5, 0, 75376, 97887
2026/07/08 12:44:08.659, 6, 0, 75370, 97887
2026/07/08 12:44:08.673, 7, 0, 75370, 97887
2026/07/08 12:44:09.687, 0, 0, 48704, 97887
2026/07/08 12:44:09.704, 1, 0, 48104, 97887
2026/07/08 12:44:09.719, 2, 0, 48104, 97887
2026/07/08 12:44:09.734, 3, 0, 48104, 97887
2026/07/08 12:44:09.750, 4, 0, 75376, 97887
2026/07/08 12:44:09.767, 5, 0, 75376, 97887
2026/07/08 12:44:09.783, 6, 0, 75370, 97887
2026/07/08 12:44:09.799, 7, 0, 75370, 97887
2026/07/08 12:44:10.815, 0, 0, 48704, 97887
2026/07/08 12:44:10.834, 1, 0, 48104, 97887
2026/07/08 12:44:10.849, 2, 0, 48104, 97887
2026/07/08 12:44:10.864, 3, 0, 48104, 97887
2026/07/08 12:44:10.881, 4, 0, 75376, 97887
2026/07/08 12:44:10.898, 5, 0, 75376, 97887
2026/07/08 12:44:10.915, 6, 0, 75370, 97887
2026/07/08 12:44:10.933, 7, 0, 75370, 97887
2026/07/08 12:44:11.951, 0, 0, 48704, 97887
2026/07/08 12:44:11.971, 1, 0, 48104, 97887
2026/07/08 12:44:11.989, 2, 0, 48104, 97887
2026/07/08 12:44:12.008, 3, 0, 48104, 97887
2026/07/08 12:44:12.029, 4, 0, 75376, 97887
2026/07/08 12:44:12.047, 5, 0, 75376, 97887
2026/07/08 12:44:12.065, 6, 0, 75370, 97887
2026/07/08 12:44:12.082, 7, 0, 75370, 97887
2026/07/08 12:44:13.099, 0, 0, 48704, 97887
2026/07/08 12:44:13.118, 1, 0, 48104, 97887
2026/07/08 12:44:13.145, 2, 0, 48104, 97887
2026/07/08 12:44:13.162, 3, 0, 48104, 97887
2026/07/08 12:44:13.180, 4, 0, 75376, 97887
2026/07/08 12:44:13.199, 5, 0, 75376, 97887
2026/07/08 12:44:13.216, 6, 0, 75370, 97887
2026/07/08 12:44:13.235, 7, 0, 75370, 97887
2026/07/08 12:44:14.252, 0, 0, 48704, 97887
2026/07/08 12:44:14.270, 1, 0, 48104, 97887
2026/07/08 12:44:14.286, 2, 0, 48104, 97887
2026/07/08 12:44:14.304, 3, 0, 48104, 97887
2026/07/08 12:44:14.320, 4, 0, 75376, 97887
2026/07/08 12:44:14.335, 5, 0, 75376, 97887
2026/07/08 12:44:14.351, 6, 0, 75370, 97887
2026/07/08 12:44:14.367, 7, 0, 75370, 97887
2026/07/08 12:44:15.383, 0, 0, 48704, 97887
2026/07/08 12:44:15.401, 1, 0, 48104, 97887
2026/07/08 12:44:15.420, 2, 0, 48104, 97887
2026/07/08 12:44:15.446, 3, 0, 48104, 97887
2026/07/08 12:44:15.457, 4, 0, 75376, 97887
2026/07/08 12:44:15.477, 5, 0, 75376, 97887
2026/07/08 12:44:15.494, 6, 0, 75370, 97887
2026/07/08 12:44:15.512, 7, 0, 75370, 97887
2026/07/08 12:44:16.531, 0, 0, 48704, 97887
2026/07/08 12:44:16.550, 1, 0, 48104, 97887
2026/07/08 12:44:16.565, 2, 0, 48104, 97887
2026/07/08 12:44:16.585, 3, 0, 48104, 97887
2026/07/08 12:44:16.602, 4, 0, 75376, 97887
2026/07/08 12:44:16.618, 5, 0, 75376, 97887
2026/07/08 12:44:16.637, 6, 0, 75370, 97887
2026/07/08 12:44:16.655, 7, 0, 75370, 97887
2026/07/08 12:44:17.673, 0, 0, 48704, 97887
2026/07/08 12:44:17.693, 1, 0, 48104, 97887
2026/07/08 12:44:17.712, 2, 0, 48104, 97887
2026/07/08 12:44:17.730, 3, 0, 48104, 97887
2026/07/08 12:44:17.744, 4, 0, 75376, 97887
2026/07/08 12:44:17.756, 5, 0, 75376, 97887
2026/07/08 12:44:17.769, 6, 0, 75370, 97887
2026/07/08 12:44:17.783, 7, 0, 75370, 97887
2026/07/08 12:44:18.797, 0, 0, 48704, 97887
2026/07/08 12:44:18.830, 1, 0, 48104, 97887
2026/07/08 12:44:18.843, 2, 0, 48104, 97887
2026/07/08 12:44:18.862, 3, 0, 48104, 97887
2026/07/08 12:44:18.875, 4, 0, 75376, 97887
2026/07/08 12:44:18.895, 5, 0, 75376, 97887
2026/07/08 12:44:18.923, 6, 0, 75370, 97887
2026/07/08 12:44:18.947, 7, 0, 75370, 97887
2026/07/08 12:44:19.965, 0, 0, 48704, 97887
2026/07/08 12:44:19.981, 1, 0, 48104, 97887
2026/07/08 12:44:19.994, 2, 0, 48104, 97887
2026/07/08 12:44:20.010, 3, 0, 48104, 97887
2026/07/08 12:44:20.028, 4, 0, 75376, 97887
2026/07/08 12:44:20.044, 5, 0, 75376, 97887
2026/07/08 12:44:20.061, 6, 0, 75370, 97887
2026/07/08 12:44:20.079, 7, 0, 75370, 97887
2026/07/08 12:44:21.096, 0, 0, 48704, 97887
2026/07/08 12:44:21.113, 1, 0, 48104, 97887
2026/07/08 12:44:21.130, 2, 0, 48104, 97887
2026/07/08 12:44:21.142, 3, 0, 48104, 97887
2026/07/08 12:44:21.155, 4, 0, 75376, 97887
2026/07/08 12:44:21.170, 5, 0, 75376, 97887
2026/07/08 12:44:21.188, 6, 0, 75370, 97887
2026/07/08 12:44:21.205, 7, 0, 75370, 97887
2026/07/08 12:44:22.221, 0, 0, 48704, 97887
2026/07/08 12:44:22.234, 1, 0, 48104, 97887
2026/07/08 12:44:22.250, 2, 0, 48104, 97887
2026/07/08 12:44:22.263, 3, 0, 48104, 97887
2026/07/08 12:44:22.276, 4, 0, 75376, 97887
2026/07/08 12:44:22.290, 5, 0, 75376, 97887
2026/07/08 12:44:22.308, 6, 0, 75370, 97887
2026/07/08 12:44:22.322, 7, 0, 75370, 97887
2026/07/08 12:44:23.336, 0, 0, 48704, 97887
2026/07/08 12:44:23.355, 1, 0, 48104, 97887
2026/07/08 12:44:23.373, 2, 0, 48104, 97887
2026/07/08 12:44:23.392, 3, 0, 48104, 97887
2026/07/08 12:44:23.412, 4, 0, 75376, 97887
2026/07/08 12:44:23.432, 5, 0, 75376, 97887
2026/07/08 12:44:23.451, 6, 0, 75370, 97887
2026/07/08 12:44:23.469, 7, 0, 75370, 97887
2026/07/08 12:44:24.487, 0, 0, 48704, 97887
2026/07/08 12:44:24.509, 1, 0, 48104, 97887
2026/07/08 12:44:24.529, 2, 0, 48104, 97887
2026/07/08 12:44:24.549, 3, 0, 48104, 97887
2026/07/08 12:44:24.568, 4, 0, 75376, 97887
2026/07/08 12:44:24.588, 5, 0, 75376, 97887
2026/07/08 12:44:24.605, 6, 0, 75370, 97887
2026/07/08 12:44:24.622, 7, 0, 75370, 97887
2026/07/08 12:44:25.639, 0, 0, 48704, 97887
2026/07/08 12:44:25.657, 1, 0, 48104, 97887
2026/07/08 12:44:25.675, 2, 0, 48104, 97887
2026/07/08 12:44:25.693, 3, 0, 48104, 97887
2026/07/08 12:44:25.711, 4, 0, 75376, 97887
2026/07/08 12:44:25.724, 5, 0, 75376, 97887
2026/07/08 12:44:25.739, 6, 0, 75370, 97887
2026/07/08 12:44:25.753, 7, 0, 75370, 97887
2026/07/08 12:44:26.770, 0, 0, 48704, 97887
2026/07/08 12:44:26.788, 1, 0, 48104, 97887
2026/07/08 12:44:26.804, 2, 0, 48104, 97887
2026/07/08 12:44:26.822, 3, 0, 48104, 97887
2026/07/08 12:44:26.840, 4, 0, 75376, 97887
2026/07/08 12:44:26.855, 5, 0, 75376, 97887
2026/07/08 12:44:26.871, 6, 0, 75370, 97887
2026/07/08 12:44:26.889, 7, 0, 75370, 97887
2026/07/08 12:44:27.909, 0, 0, 48704, 97887
2026/07/08 12:44:27.928, 1, 0, 48104, 97887
2026/07/08 12:44:27.945, 2, 0, 48104, 97887
2026/07/08 12:44:27.963, 3, 0, 48104, 97887
2026/07/08 12:44:27.981, 4, 0, 75376, 97887
2026/07/08 12:44:27.998, 5, 0, 75376, 97887
2026/07/08 12:44:28.018, 6, 0, 75370, 97887
2026/07/08 12:44:28.036, 7, 0, 75370, 97887
2026/07/08 12:44:29.053, 0, 0, 48704, 97887
2026/07/08 12:44:29.071, 1, 0, 48104, 97887
2026/07/08 12:44:29.084, 2, 0, 48104, 97887
2026/07/08 12:44:29.100, 3, 0, 48104, 97887
2026/07/08 12:44:29.115, 4, 0, 75376, 97887
2026/07/08 12:44:29.131, 5, 0, 75376, 97887
2026/07/08 12:44:29.147, 6, 0, 75370, 97887
2026/07/08 12:44:29.165, 7, 0, 75370, 97887
2026/07/08 12:44:30.183, 0, 0, 48704, 97887
2026/07/08 12:44:30.203, 1, 0, 48104, 97887
2026/07/08 12:44:30.222, 2, 0, 48104, 97887
2026/07/08 12:44:30.239, 3, 0, 48104, 97887
2026/07/08 12:44:30.255, 4, 0, 75376, 97887
2026/07/08 12:44:30.272, 5, 0, 75376, 97887
2026/07/08 12:44:30.292, 6, 0, 75370, 97887
2026/07/08 12:44:30.310, 7, 0, 75370, 97887
2026/07/08 12:44:31.327, 0, 0, 48704, 97887
2026/07/08 12:44:31.345, 1, 0, 48104, 97887
2026/07/08 12:44:31.364, 2, 0, 48104, 97887
2026/07/08 12:44:31.382, 3, 0, 48104, 97887
2026/07/08 12:44:31.397, 4, 0, 75376, 97887
2026/07/08 12:44:31.412, 5, 0, 75376, 97887
2026/07/08 12:44:31.428, 6, 0, 75370, 97887
2026/07/08 12:44:31.445, 7, 0, 75370, 97887
2026/07/08 12:44:32.462, 0, 0, 48704, 97887
2026/07/08 12:44:32.480, 1, 0, 48104, 97887
2026/07/08 12:44:32.499, 2, 0, 48104, 97887
2026/07/08 12:44:32.516, 3, 0, 48104, 97887
2026/07/08 12:44:32.530, 4, 0, 75376, 97887
2026/07/08 12:44:32.545, 5, 0, 75376, 97887
2026/07/08 12:44:32.559, 6, 0, 75370, 97887
2026/07/08 12:44:32.570, 7, 0, 75370, 97887
2026/07/08 12:44:33.586, 0, 0, 48704, 97887
2026/07/08 12:44:33.603, 1, 0, 48104, 97887
2026/07/08 12:44:33.617, 2, 0, 48104, 97887
2026/07/08 12:44:33.634, 3, 0, 48104, 97887
2026/07/08 12:44:33.651, 4, 0, 75376, 97887
2026/07/08 12:44:33.668, 5, 0, 75376, 97887
2026/07/08 12:44:33.685, 6, 0, 75370, 97887
2026/07/08 12:44:33.702, 7, 0, 75370, 97887
2026/07/08 12:44:34.720, 0, 0, 48704, 97887
2026/07/08 12:44:34.739, 1, 0, 48104, 97887
2026/07/08 12:44:34.757, 2, 0, 48104, 97887
2026/07/08 12:44:34.773, 3, 0, 48104, 97887
2026/07/08 12:44:34.794, 4, 0, 75376, 97887
2026/07/08 12:44:34.810, 5, 0, 75376, 97887
2026/07/08 12:44:34.829, 6, 0, 75370, 97887
2026/07/08 12:44:34.847, 7, 0, 75370, 97887
2026/07/08 12:44:35.868, 0, 0, 48704, 97887
2026/07/08 12:44:35.887, 1, 0, 48104, 97887
2026/07/08 12:44:35.905, 2, 0, 48104, 97887
2026/07/08 12:44:35.920, 3, 0, 48104, 97887
2026/07/08 12:44:35.936, 4, 0, 75376, 97887
2026/07/08 12:44:35.952, 5, 0, 75376, 97887
2026/07/08 12:44:35.969, 6, 0, 75370, 97887
2026/07/08 12:44:35.989, 7, 0, 75370, 97887
2026/07/08 12:44:37.008, 0, 0, 48704, 97887
2026/07/08 12:44:37.022, 1, 0, 48104, 97887
2026/07/08 12:44:37.037, 2, 0, 48104, 97887
2026/07/08 12:44:37.051, 3, 0, 48104, 97887
2026/07/08 12:44:37.064, 4, 0, 75376, 97887
2026/07/08 12:44:37.077, 5, 0, 75376, 97887
2026/07/08 12:44:37.090, 6, 0, 75370, 97887
2026/07/08 12:44:37.106, 7, 0, 75370, 97887
2026/07/08 12:44:38.121, 0, 0, 48704, 97887
2026/07/08 12:44:38.138, 1, 0, 48104, 97887
2026/07/08 12:44:38.153, 2, 0, 48104, 97887
2026/07/08 12:44:38.169, 3, 0, 48104, 97887
2026/07/08 12:44:38.184, 4, 0, 75376, 97887
2026/07/08 12:44:38.200, 5, 0, 75376, 97887
2026/07/08 12:44:38.216, 6, 0, 75370, 97887
2026/07/08 12:44:38.231, 7, 0, 75370, 97887
2026/07/08 12:44:39.248, 0, 0, 48704, 97887
2026/07/08 12:44:39.267, 1, 0, 48104, 97887
2026/07/08 12:44:39.286, 2, 0, 48104, 97887
2026/07/08 12:44:39.307, 3, 0, 48104, 97887
2026/07/08 12:44:39.325, 4, 0, 75376, 97887
2026/07/08 12:44:39.343, 5, 0, 75376, 97887
2026/07/08 12:44:39.360, 6, 0, 75370, 97887
2026/07/08 12:44:39.377, 7, 0, 75370, 97887
2026/07/08 12:44:40.395, 0, 0, 48704, 97887
2026/07/08 12:44:40.415, 1, 0, 48104, 97887
2026/07/08 12:44:40.432, 2, 0, 48104, 97887
2026/07/08 12:44:40.448, 3, 0, 48104, 97887
2026/07/08 12:44:40.466, 4, 0, 75376, 97887
2026/07/08 12:44:40.485, 5, 0, 75376, 97887
2026/07/08 12:44:40.501, 6, 0, 75370, 97887
2026/07/08 12:44:40.516, 7, 0, 75370, 97887
2026/07/08 12:44:41.528, 0, 0, 48704, 97887
2026/07/08 12:44:41.545, 1, 0, 48104, 97887
2026/07/08 12:44:41.560, 2, 0, 48104, 97887
2026/07/08 12:44:41.574, 3, 0, 48104, 97887
2026/07/08 12:44:41.590, 4, 0, 75376, 97887
2026/07/08 12:44:41.606, 5, 0, 75376, 97887
2026/07/08 12:44:41.621, 6, 0, 75370, 97887
2026/07/08 12:44:41.636, 7, 0, 75370, 97887
2026/07/08 12:44:42.649, 0, 0, 48704, 97887
2026/07/08 12:44:42.667, 1, 0, 48104, 97887
2026/07/08 12:44:42.683, 2, 0, 48104, 97887
2026/07/08 12:44:42.699, 3, 0, 48104, 97887
2026/07/08 12:44:42.716, 4, 0, 75376, 97887
2026/07/08 12:44:42.731, 5, 0, 75376, 97887
2026/07/08 12:44:42.746, 6, 0, 75370, 97887
2026/07/08 12:44:42.760, 7, 0, 75370, 97887
2026/07/08 12:44:43.775, 0, 0, 48704, 97887
2026/07/08 12:44:43.791, 1, 0, 48104, 97887
2026/07/08 12:44:43.806, 2, 0, 48104, 97887
2026/07/08 12:44:43.822, 3, 0, 48104, 97887
2026/07/08 12:44:43.839, 4, 0, 75376, 97887
2026/07/08 12:44:43.855, 5, 0, 75376, 97887
2026/07/08 12:44:43.871, 6, 0, 75370, 97887
2026/07/08 12:44:43.885, 7, 0, 75370, 97887
2026/07/08 12:44:44.902, 0, 0, 48704, 97887
2026/07/08 12:44:44.919, 1, 0, 48104, 97887
2026/07/08 12:44:44.933, 2, 0, 48104, 97887
2026/07/08 12:44:44.945, 3, 0, 48104, 97887
2026/07/08 12:44:44.959, 4, 0, 75376, 97887
2026/07/08 12:44:44.973, 5, 0, 75376, 97887
2026/07/08 12:44:44.989, 6, 0, 75370, 97887
2026/07/08 12:44:45.006, 7, 0, 75370, 97887
2026/07/08 12:44:46.023, 0, 0, 48704, 97887
2026/07/08 12:44:46.041, 1, 0, 48104, 97887
2026/07/08 12:44:46.058, 2, 0, 48104, 97887
2026/07/08 12:44:46.074, 3, 0, 48104, 97887
2026/07/08 12:44:46.084, 4, 0, 75376, 97887
2026/07/08 12:44:46.099, 5, 0, 75376, 97887
2026/07/08 12:44:46.113, 6, 0, 75370, 97887
2026/07/08 12:44:46.130, 7, 0, 75370, 97887
2026/07/08 12:44:47.147, 0, 0, 48704, 97887
2026/07/08 12:44:47.163, 1, 0, 48104, 97887
2026/07/08 12:44:47.180, 2, 0, 48104, 97887
2026/07/08 12:44:47.193, 3, 0, 48104, 97887
2026/07/08 12:44:47.209, 4, 0, 75376, 97887
2026/07/08 12:44:47.224, 5, 0, 75376, 97887
2026/07/08 12:44:47.239, 6, 0, 75370, 97887
2026/07/08 12:44:47.255, 7, 0, 75370, 97887
2026/07/08 12:44:48.268, 0, 0, 48704, 97887
2026/07/08 12:44:48.286, 1, 0, 48104, 97887
2026/07/08 12:44:48.302, 2, 0, 48104, 97887
2026/07/08 12:44:48.320, 3, 0, 48104, 97887
2026/07/08 12:44:48.334, 4, 0, 75376, 97887
2026/07/08 12:44:48.346, 5, 0, 75376, 97887
2026/07/08 12:44:48.358, 6, 0, 75370, 97887
2026/07/08 12:44:48.368, 7, 0, 75370, 97887
2026/07/08 12:44:49.379, 0, 0, 48704, 97887
2026/07/08 12:44:49.397, 1, 0, 48104, 97887
2026/07/08 12:44:49.414, 2, 0, 48104, 97887
2026/07/08 12:44:49.430, 3, 0, 48104, 97887
2026/07/08 12:44:49.445, 4, 0, 75376, 97887
2026/07/08 12:44:49.460, 5, 0, 75376, 97887
2026/07/08 12:44:49.476, 6, 0, 75370, 97887
2026/07/08 12:44:49.491, 7, 0, 75370, 97887
2026/07/08 12:44:50.507, 0, 0, 48704, 97887
2026/07/08 12:44:50.525, 1, 0, 48104, 97887
2026/07/08 12:44:50.543, 2, 0, 48104, 97887
2026/07/08 12:44:50.559, 3, 0, 48104, 97887
2026/07/08 12:44:50.575, 4, 0, 75376, 97887
2026/07/08 12:44:50.591, 5, 0, 75376, 97887
2026/07/08 12:44:50.609, 6, 0, 75370, 97887
2026/07/08 12:44:50.624, 7, 0, 75370, 97887
2026/07/08 12:44:51.638, 0, 0, 48704, 97887
2026/07/08 12:44:51.657, 1, 0, 48104, 97887
2026/07/08 12:44:51.673, 2, 0, 48104, 97887
2026/07/08 12:44:51.691, 3, 0, 48104, 97887
2026/07/08 12:44:51.709, 4, 0, 75376, 97887
2026/07/08 12:44:51.725, 5, 0, 75376, 97887
2026/07/08 12:44:51.739, 6, 0, 75370, 97887
2026/07/08 12:44:51.754, 7, 0, 75370, 97887
2026/07/08 12:44:52.772, 0, 0, 48704, 97887
2026/07/08 12:44:52.790, 1, 0, 48104, 97887
2026/07/08 12:44:52.808, 2, 0, 48104, 97887
2026/07/08 12:44:52.825, 3, 0, 48104, 97887
2026/07/08 12:44:52.841, 4, 0, 75376, 97887
2026/07/08 12:44:52.857, 5, 0, 75376, 97887
2026/07/08 12:44:52.873, 6, 0, 75370, 97887
2026/07/08 12:44:52.889, 7, 0, 75370, 97887
2026/07/08 12:44:53.905, 0, 0, 48704, 97887
2026/07/08 12:44:53.922, 1, 0, 48104, 97887
2026/07/08 12:44:53.937, 2, 0, 48104, 97887
2026/07/08 12:44:53.956, 3, 0, 48104, 97887
2026/07/08 12:44:53.972, 4, 0, 75376, 97887
2026/07/08 12:44:53.988, 5, 0, 75376, 97887
2026/07/08 12:44:54.004, 6, 0, 75370, 97887
2026/07/08 12:44:54.021, 7, 0, 75370, 97887
2026/07/08 12:44:55.037, 0, 0, 48704, 97887
2026/07/08 12:44:55.054, 1, 0, 48104, 97887
2026/07/08 12:44:55.068, 2, 0, 48104, 97887
2026/07/08 12:44:55.081, 3, 0, 48104, 97887
2026/07/08 12:44:55.095, 4, 0, 75376, 97887
2026/07/08 12:44:55.109, 5, 0, 75376, 97887
2026/07/08 12:44:55.122, 6, 0, 75370, 97887
2026/07/08 12:44:55.134, 7, 0, 75370, 97887
2026/07/08 12:44:56.148, 0, 0, 48704, 97887
2026/07/08 12:44:56.165, 1, 0, 48104, 97887
2026/07/08 12:44:56.180, 2, 0, 48104, 97887
2026/07/08 12:44:56.196, 3, 0, 48104, 97887
2026/07/08 12:44:56.212, 4, 0, 75376, 97887
2026/07/08 12:44:56.226, 5, 0, 75376, 97887
2026/07/08 12:44:56.240, 6, 0, 75370, 97887
2026/07/08 12:44:56.256, 7, 0, 75370, 97887
2026/07/08 12:44:57.273, 0, 0, 48704, 97887
2026/07/08 12:44:57.292, 1, 0, 48104, 97887
2026/07/08 12:44:57.310, 2, 0, 48104, 97887
2026/07/08 12:44:57.329, 3, 0, 48104, 97887
2026/07/08 12:44:57.345, 4, 0, 75376, 97887
2026/07/08 12:44:57.362, 5, 0, 75376, 97887
2026/07/08 12:44:57.378, 6, 0, 75370, 97887
2026/07/08 12:44:57.393, 7, 0, 75370, 97887
2026/07/08 12:44:58.406, 0, 0, 48704, 97887
2026/07/08 12:44:58.423, 1, 0, 48104, 97887
2026/07/08 12:44:58.439, 2, 0, 48104, 97887
2026/07/08 12:44:58.457, 3, 0, 48104, 97887
2026/07/08 12:44:58.470, 4, 0, 75376, 97887
2026/07/08 12:44:58.482, 5, 0, 75376, 97887
2026/07/08 12:44:58.494, 6, 0, 75370, 97887
2026/07/08 12:44:58.506, 7, 0, 75370, 97887
2026/07/08 12:44:59.521, 0, 0, 48704, 97887
2026/07/08 12:44:59.538, 1, 0, 48104, 97887
2026/07/08 12:44:59.554, 2, 0, 48104, 97887
2026/07/08 12:44:59.571, 3, 0, 48104, 97887
2026/07/08 12:44:59.588, 4, 0, 75376, 97887
2026/07/08 12:44:59.605, 5, 0, 75376, 97887
2026/07/08 12:44:59.622, 6, 0, 75370, 97887
2026/07/08 12:44:59.639, 7, 0, 75370, 97887
2026/07/08 12:45:00.655, 0, 0, 48704, 97887
2026/07/08 12:45:00.671, 1, 0, 48104, 97887
2026/07/08 12:45:00.687, 2, 0, 48104, 97887
2026/07/08 12:45:00.700, 3, 0, 48104, 97887
2026/07/08 12:45:00.714, 4, 0, 75376, 97887
2026/07/08 12:45:00.733, 5, 0, 75376, 97887
2026/07/08 12:45:00.749, 6, 0, 75370, 97887
2026/07/08 12:45:00.764, 7, 0, 75370, 97887
2026/07/08 12:45:01.781, 0, 0, 48704, 97887
2026/07/08 12:45:01.798, 1, 0, 48104, 97887
2026/07/08 12:45:01.812, 2, 0, 48104, 97887
2026/07/08 12:45:01.821, 3, 0, 48104, 97887
2026/07/08 12:45:01.829, 4, 0, 75376, 97887
2026/07/08 12:45:01.840, 5, 0, 75376, 97887
2026/07/08 12:45:01.851, 6, 0, 75370, 97887
2026/07/08 12:45:01.863, 7, 0, 75370, 97887
2026/07/08 12:45:02.875, 0, 0, 48704, 97887
2026/07/08 12:45:02.897, 1, 0, 48104, 97887
2026/07/08 12:45:02.913, 2, 0, 48104, 97887
2026/07/08 12:45:02.930, 3, 0, 48104, 97887
2026/07/08 12:45:02.945, 4, 0, 75376, 97887
2026/07/08 12:45:02.963, 5, 0, 75376, 97887
2026/07/08 12:45:02.980, 6, 0, 75370, 97887
2026/07/08 12:45:02.997, 7, 0, 75370, 97887
2026/07/08 12:45:04.013, 0, 0, 48704, 97887
2026/07/08 12:45:04.029, 1, 0, 48104, 97887
2026/07/08 12:45:04.042, 2, 0, 48104, 97887
2026/07/08 12:45:04.054, 3, 0, 48104, 97887
2026/07/08 12:45:04.060, 4, 0, 75376, 97887
2026/07/08 12:45:04.072, 5, 0, 75376, 97887
2026/07/08 12:45:04.085, 6, 0, 75370, 97887
2026/07/08 12:45:04.094, 7, 0, 75370, 97887
2026/07/08 12:45:05.104, 0, 0, 48704, 97887
2026/07/08 12:45:05.121, 1, 0, 48104, 97887
2026/07/08 12:45:05.140, 2, 0, 48104, 97887
2026/07/08 12:45:05.157, 3, 0, 48104, 97887
2026/07/08 12:45:05.172, 4, 0, 75376, 97887
2026/07/08 12:45:05.189, 5, 0, 75376, 97887
2026/07/08 12:45:05.204, 6, 0, 75370, 97887
2026/07/08 12:45:05.220, 7, 0, 75370, 97887
2026/07/08 12:45:06.238, 0, 0, 48704, 97887
2026/07/08 12:45:06.258, 1, 0, 48104, 97887
2026/07/08 12:45:06.277, 2, 0, 48104, 97887
2026/07/08 12:45:06.297, 3, 0, 48104, 97887
2026/07/08 12:45:06.316, 4, 0, 75376, 97887
2026/07/08 12:45:06.334, 5, 0, 75376, 97887
2026/07/08 12:45:06.351, 6, 0, 75370, 97887
2026/07/08 12:45:06.366, 7, 0, 75370, 97887
2026/07/08 12:45:07.382, 0, 0, 48704, 97887
2026/07/08 12:45:07.399, 1, 0, 48104, 97887
2026/07/08 12:45:07.413, 2, 0, 48104, 97887
2026/07/08 12:45:07.428, 3, 0, 48104, 97887
2026/07/08 12:45:07.442, 4, 0, 75376, 97887
2026/07/08 12:45:07.458, 5, 0, 75376, 97887
2026/07/08 12:45:07.473, 6, 0, 75370, 97887
2026/07/08 12:45:07.489, 7, 0, 75370, 97887
2026/07/08 12:45:08.503, 0, 0, 48704, 97887
2026/07/08 12:45:08.519, 1, 0, 48104, 97887
2026/07/08 12:45:08.534, 2, 0, 48104, 97887
2026/07/08 12:45:08.548, 3, 0, 48104, 97887
2026/07/08 12:45:08.564, 4, 0, 75376, 97887
2026/07/08 12:45:08.598, 5, 0, 75376, 97887
2026/07/08 12:45:08.621, 6, 0, 75370, 97887
2026/07/08 12:45:08.634, 7, 0, 75370, 97887
2026/07/08 12:45:09.649, 0, 0, 48704, 97887
2026/07/08 12:45:09.662, 1, 0, 48104, 97887
2026/07/08 12:45:09.675, 2, 0, 48104, 97887
2026/07/08 12:45:09.687, 3, 0, 48104, 97887
2026/07/08 12:45:09.699, 4, 0, 75376, 97887
2026/07/08 12:45:09.710, 5, 0, 75376, 97887
2026/07/08 12:45:09.720, 6, 0, 75370, 97887
2026/07/08 12:45:09.731, 7, 0, 75370, 97887
2026/07/08 12:45:10.742, 0, 0, 48704, 97887
2026/07/08 12:45:10.756, 1, 0, 48104, 97887
2026/07/08 12:45:10.771, 2, 0, 48104, 97887
2026/07/08 12:45:10.785, 3, 0, 48104, 97887
2026/07/08 12:45:10.802, 4, 0, 75376, 97887
2026/07/08 12:45:10.819, 5, 0, 75376, 97887
2026/07/08 12:45:10.835, 6, 0, 75370, 97887
2026/07/08 12:45:10.849, 7, 0, 75370, 97887
2026/07/08 12:45:11.865, 0, 0, 48704, 97887
2026/07/08 12:45:11.888, 1, 0, 48104, 97887
2026/07/08 12:45:11.908, 2, 0, 48104, 97887
2026/07/08 12:45:11.921, 3, 0, 48104, 97887
2026/07/08 12:45:11.935, 4, 0, 75376, 97887
2026/07/08 12:45:11.950, 5, 0, 75376, 97887
2026/07/08 12:45:11.967, 6, 0, 75370, 97887
2026/07/08 12:45:11.982, 7, 0, 75370, 97887
2026/07/08 12:45:12.996, 0, 0, 48704, 97887
2026/07/08 12:45:13.013, 1, 0, 48104, 97887
2026/07/08 12:45:13.028, 2, 0, 48104, 97887
2026/07/08 12:45:13.045, 3, 0, 48104, 97887
2026/07/08 12:45:13.060, 4, 0, 75376, 97887
2026/07/08 12:45:13.076, 5, 0, 75376, 97887
2026/07/08 12:45:13.092, 6, 0, 75370, 97887
2026/07/08 12:45:13.110, 7, 0, 75370, 97887
2026/07/08 12:45:14.128, 0, 0, 48704, 97887
2026/07/08 12:45:14.157, 1, 0, 48104, 97887
2026/07/08 12:45:14.181, 2, 0, 48104, 97887
2026/07/08 12:45:14.194, 3, 0, 48104, 97887
2026/07/08 12:45:14.226, 4, 0, 75376, 97887
2026/07/08 12:45:14.242, 5, 0, 75376, 97887
2026/07/08 12:45:14.261, 6, 0, 75370, 97887
2026/07/08 12:45:14.279, 7, 0, 75370, 97887
2026/07/08 12:45:15.301, 0, 0, 48704, 97887
2026/07/08 12:45:15.316, 1, 0, 48104, 97887
2026/07/08 12:45:15.331, 2, 0, 48104, 97887
2026/07/08 12:45:15.348, 3, 0, 48104, 97887
2026/07/08 12:45:15.366, 4, 0, 75376, 97887
2026/07/08 12:45:15.381, 5, 0, 75376, 97887
2026/07/08 12:45:15.398, 6, 0, 75370, 97887
2026/07/08 12:45:15.415, 7, 0, 75370, 97887
2026/07/08 12:45:16.441, 0, 0, 48704, 97887
2026/07/08 12:45:16.459, 1, 0, 48104, 97887
2026/07/08 12:45:16.474, 2, 0, 48104, 97887
2026/07/08 12:45:16.490, 3, 0, 48104, 97887
2026/07/08 12:45:16.506, 4, 0, 75376, 97887
2026/07/08 12:45:16.523, 5, 0, 75376, 97887
2026/07/08 12:45:16.536, 6, 0, 75370, 97887
2026/07/08 12:45:16.551, 7, 0, 75370, 97887
2026/07/08 12:45:17.564, 0, 0, 48704, 97887
2026/07/08 12:45:17.581, 1, 0, 48104, 97887
2026/07/08 12:45:17.598, 2, 0, 48104, 97887
2026/07/08 12:45:17.611, 3, 0, 48104, 97887
2026/07/08 12:45:17.622, 4, 0, 75376, 97887
2026/07/08 12:45:17.634, 5, 0, 75376, 97887
2026/07/08 12:45:17.646, 6, 0, 75370, 97887
2026/07/08 12:45:17.659, 7, 0, 75370, 97887
2026/07/08 12:45:18.674, 0, 0, 48704, 97887
2026/07/08 12:45:18.695, 1, 0, 48104, 97887
2026/07/08 12:45:18.712, 2, 0, 48104, 97887
2026/07/08 12:45:18.728, 3, 0, 48104, 97887
2026/07/08 12:45:18.743, 4, 0, 75376, 97887
2026/07/08 12:45:18.759, 5, 0, 75376, 97887
2026/07/08 12:45:18.776, 6, 0, 75370, 97887
2026/07/08 12:45:18.790, 7, 0, 75370, 97887
2026/07/08 12:45:19.805, 0, 0, 48704, 97887
2026/07/08 12:45:19.818, 1, 0, 48104, 97887
2026/07/08 12:45:19.833, 2, 0, 48104, 97887
2026/07/08 12:45:19.854, 3, 0, 48104, 97887
2026/07/08 12:45:19.872, 4, 0, 75376, 97887
2026/07/08 12:45:19.895, 5, 0, 75376, 97887
2026/07/08 12:45:19.915, 6, 0, 75370, 97887
2026/07/08 12:45:19.929, 7, 0, 75370, 97887
2026/07/08 12:45:20.946, 0, 0, 48704, 97887
2026/07/08 12:45:20.956, 1, 0, 48104, 97887
2026/07/08 12:45:20.964, 2, 0, 48104, 97887
2026/07/08 12:45:20.974, 3, 0, 48104, 97887
2026/07/08 12:45:20.982, 4, 0, 75376, 97887
2026/07/08 12:45:20.991, 5, 0, 75376, 97887
2026/07/08 12:45:20.997, 6, 100, 75402, 97887
2026/07/08 12:45:21.003, 7, 78, 75402, 97887
2026/07/08 12:45:22.014, 0, 0, 48704, 97887
2026/07/08 12:45:22.028, 1, 0, 48104, 97887
2026/07/08 12:45:22.039, 2, 0, 48104, 97887
2026/07/08 12:45:22.049, 3, 0, 48104, 97887
2026/07/08 12:45:22.061, 4, 0, 75376, 97887
2026/07/08 12:45:22.073, 5, 0, 75376, 97887
2026/07/08 12:45:22.087, 6, 83, 75408, 97887
2026/07/08 12:45:22.101, 7, 74, 75408, 97887
2026/07/08 12:45:23.109, 0, 0, 48704, 97887
2026/07/08 12:45:23.123, 1, 0, 48104, 97887
2026/07/08 12:45:23.138, 2, 0, 48104, 97887
2026/07/08 12:45:23.151, 3, 0, 48104, 97887
2026/07/08 12:45:23.166, 4, 100, 75408, 97887
2026/07/08 12:45:23.181, 5, 100, 75408, 97887
2026/07/08 12:45:23.194, 6, 36, 75430, 97887
2026/07/08 12:45:23.207, 7, 88, 75430, 97887
2026/07/08 12:45:24.221, 0, 0, 48704, 97887
2026/07/08 12:45:24.236, 1, 0, 48104, 97887
2026/07/08 12:45:24.252, 2, 0, 48104, 97887
2026/07/08 12:45:24.270, 3, 0, 48104, 97887
2026/07/08 12:45:24.285, 4, 100, 75430, 97887
2026/07/08 12:45:24.302, 5, 100, 75430, 97887
2026/07/08 12:45:24.320, 6, 24, 75430, 97887
2026/07/08 12:45:24.339, 7, 75, 75430, 97887
2026/07/08 12:45:25.356, 0, 0, 48704, 97887
2026/07/08 12:45:25.375, 1, 0, 48104, 97887
2026/07/08 12:45:25.398, 2, 0, 48104, 97887
2026/07/08 12:45:25.414, 3, 0, 48104, 97887
2026/07/08 12:45:25.431, 4, 76, 75430, 97887
2026/07/08 12:45:25.457, 5, 28, 75430, 97887
2026/07/08 12:45:25.473, 6, 28, 75430, 97887
2026/07/08 12:45:25.488, 7, 60, 75430, 97887
2026/07/08 12:45:26.502, 0, 0, 48704, 97887
2026/07/08 12:45:26.515, 1, 0, 48104, 97887
2026/07/08 12:45:26.529, 2, 0, 48104, 97887
2026/07/08 12:45:26.544, 3, 0, 48104, 97887
2026/07/08 12:45:26.562, 4, 76, 75430, 97887
2026/07/08 12:45:26.578, 5, 27, 75430, 97887
2026/07/08 12:45:26.591, 6, 33, 75430, 97887
2026/07/08 12:45:26.608, 7, 74, 75430, 97887
2026/07/08 12:45:27.624, 0, 0, 48704, 97887
2026/07/08 12:45:27.641, 1, 0, 48104, 97887
2026/07/08 12:45:27.654, 2, 0, 48104, 97887
2026/07/08 12:45:27.667, 3, 0, 48104, 97887
2026/07/08 12:45:27.680, 4, 64, 75430, 97887
2026/07/08 12:45:27.695, 5, 30, 75430, 97887
2026/07/08 12:45:27.709, 6, 29, 75430, 97887
2026/07/08 12:45:27.727, 7, 90, 75430, 97887
2026/07/08 12:45:28.741, 0, 0, 48704, 97887
2026/07/08 12:45:28.760, 1, 0, 48104, 97887
2026/07/08 12:45:28.776, 2, 0, 48104, 97887
2026/07/08 12:45:28.791, 3, 0, 48104, 97887
2026/07/08 12:45:28.805, 4, 91, 75430, 97887
2026/07/08 12:45:28.820, 5, 47, 75430, 97887
2026/07/08 12:45:28.836, 6, 39, 75430, 97887
2026/07/08 12:45:28.853, 7, 74, 75430, 97887
2026/07/08 12:45:29.867, 0, 0, 48704, 97887
2026/07/08 12:45:29.880, 1, 0, 48104, 97887
2026/07/08 12:45:29.893, 2, 0, 48104, 97887
2026/07/08 12:45:29.908, 3, 0, 48104, 97887
2026/07/08 12:45:29.922, 4, 88, 75430, 97887
2026/07/08 12:45:29.936, 5, 23, 75430, 97887
2026/07/08 12:45:29.949, 6, 28, 75430, 97887
2026/07/08 12:45:29.962, 7, 79, 75430, 97887
2026/07/08 12:45:30.976, 0, 0, 48704, 97887
2026/07/08 12:45:30.996, 1, 0, 48104, 97887
2026/07/08 12:45:31.011, 2, 0, 48104, 97887
2026/07/08 12:45:31.025, 3, 0, 48104, 97887
2026/07/08 12:45:31.042, 4, 56, 75430, 97887
2026/07/08 12:45:31.051, 5, 43, 75430, 97887
2026/07/08 12:45:31.066, 6, 50, 75430, 97887
2026/07/08 12:45:31.079, 7, 92, 75430, 97887
2026/07/08 12:45:32.092, 0, 0, 48704, 97887
2026/07/08 12:45:32.110, 1, 0, 48104, 97887
2026/07/08 12:45:32.126, 2, 0, 48104, 97887
2026/07/08 12:45:32.140, 3, 0, 48104, 97887
2026/07/08 12:45:32.155, 4, 95, 75430, 97887
2026/07/08 12:45:32.169, 5, 24, 75430, 97887
2026/07/08 12:45:32.184, 6, 42, 75430, 97887
2026/07/08 12:45:32.199, 7, 75, 75430, 97887
2026/07/08 12:45:33.209, 0, 0, 48704, 97887
2026/07/08 12:45:33.226, 1, 0, 48104, 97887
2026/07/08 12:45:33.239, 2, 0, 48104, 97887
2026/07/08 12:45:33.254, 3, 0, 48104, 97887
2026/07/08 12:45:33.268, 4, 79, 75430, 97887
2026/07/08 12:45:33.280, 5, 25, 75430, 97887
2026/07/08 12:45:33.291, 6, 30, 75430, 97887
2026/07/08 12:45:33.303, 7, 80, 75430, 97887
2026/07/08 12:45:34.314, 0, 0, 48704, 97887
2026/07/08 12:45:34.329, 1, 0, 48104, 97887
2026/07/08 12:45:34.345, 2, 0, 48104, 97887
2026/07/08 12:45:34.357, 3, 0, 48104, 97887
2026/07/08 12:45:34.373, 4, 87, 75430, 97887
2026/07/08 12:45:34.389, 5, 33, 75430, 97887
2026/07/08 12:45:34.402, 6, 34, 75430, 97887
2026/07/08 12:45:34.413, 7, 77, 75430, 97887
2026/07/08 12:45:35.422, 0, 0, 48704, 97887
2026/07/08 12:45:35.438, 1, 0, 48104, 97887
2026/07/08 12:45:35.454, 2, 0, 48104, 97887
2026/07/08 12:45:35.464, 3, 0, 48104, 97887
2026/07/08 12:45:35.480, 4, 94, 75430, 97887
2026/07/08 12:45:35.493, 5, 32, 75430, 97887
2026/07/08 12:45:35.507, 6, 38, 75430, 97887
2026/07/08 12:45:35.521, 7, 92, 75430, 97887
2026/07/08 12:45:36.536, 0, 0, 48704, 97887
2026/07/08 12:45:36.551, 1, 0, 48104, 97887
2026/07/08 12:45:36.566, 2, 0, 48104, 97887
2026/07/08 12:45:36.584, 3, 0, 48104, 97887
2026/07/08 12:45:36.598, 4, 89, 75430, 97887
2026/07/08 12:45:36.612, 5, 24, 75430, 97887
2026/07/08 12:45:36.627, 6, 34, 75430, 97887
2026/07/08 12:45:36.641, 7, 34, 75430, 97887
2026/07/08 12:45:37.656, 0, 0, 48704, 97887
2026/07/08 12:45:37.672, 1, 0, 48104, 97887
2026/07/08 12:45:37.685, 2, 0, 48104, 97887
2026/07/08 12:45:37.696, 3, 0, 48104, 97887
2026/07/08 12:45:37.709, 4, 83, 75430, 97887
2026/07/08 12:45:37.724, 5, 36, 75430, 97887
2026/07/08 12:45:37.741, 6, 47, 75430, 97887
2026/07/08 12:45:37.757, 7, 61, 75430, 97887
2026/07/08 12:45:38.774, 0, 0, 48704, 97887
2026/07/08 12:45:38.791, 1, 0, 48104, 97887
2026/07/08 12:45:38.805, 2, 0, 48104, 97887
2026/07/08 12:45:38.818, 3, 0, 48104, 97887
2026/07/08 12:45:38.831, 4, 92, 75430, 97887
2026/07/08 12:45:38.845, 5, 27, 75430, 97887
2026/07/08 12:45:38.859, 6, 28, 75430, 97887
2026/07/08 12:45:38.872, 7, 84, 75430, 97887
2026/07/08 12:45:39.886, 0, 0, 48704, 97887
2026/07/08 12:45:39.901, 1, 0, 48104, 97887
2026/07/08 12:45:39.915, 2, 0, 48104, 97887
2026/07/08 12:45:39.928, 3, 0, 48104, 97887
2026/07/08 12:45:39.942, 4, 91, 75430, 97887
2026/07/08 12:45:39.955, 5, 22, 75430, 97887
2026/07/08 12:45:39.971, 6, 27, 75430, 97887
2026/07/08 12:45:39.986, 7, 83, 75430, 97887
2026/07/08 12:45:41.002, 0, 0, 48704, 97887
2026/07/08 12:45:41.015, 1, 0, 48104, 97887
2026/07/08 12:45:41.025, 2, 0, 48104, 97887
2026/07/08 12:45:41.035, 3, 0, 48104, 97887
2026/07/08 12:45:41.044, 4, 58, 75430, 97887
2026/07/08 12:45:41.051, 5, 28, 75430, 97887
2026/07/08 12:45:41.059, 6, 32, 75430, 97887
2026/07/08 12:45:41.064, 7, 76, 75430, 97887
2026/07/08 12:45:42.077, 0, 0, 48704, 97887
2026/07/08 12:45:42.092, 1, 0, 48104, 97887
2026/07/08 12:45:42.105, 2, 0, 48104, 97887
2026/07/08 12:45:42.118, 3, 0, 48104, 97887
2026/07/08 12:45:42.131, 4, 28, 75430, 97887
2026/07/08 12:45:42.143, 5, 80, 75430, 97887
2026/07/08 12:45:42.152, 6, 23, 75430, 97887
2026/07/08 12:45:42.166, 7, 75, 75430, 97887
2026/07/08 12:45:43.180, 0, 0, 48704, 97887
2026/07/08 12:45:43.195, 1, 0, 48104, 97887
2026/07/08 12:45:43.208, 2, 0, 48104, 97887
2026/07/08 12:45:43.221, 3, 0, 48104, 97887
2026/07/08 12:45:43.235, 4, 38, 75430, 97887
2026/07/08 12:45:43.248, 5, 68, 75430, 97887
2026/07/08 12:45:43.261, 6, 53, 75430, 97887
2026/07/08 12:45:43.276, 7, 85, 75430, 97887
2026/07/08 12:45:44.292, 0, 0, 48704, 97887
2026/07/08 12:45:44.308, 1, 0, 48104, 97887
2026/07/08 12:45:44.322, 2, 0, 48104, 97887
2026/07/08 12:45:44.336, 3, 0, 48104, 97887
2026/07/08 12:45:44.348, 4, 22, 75430, 97887
2026/07/08 12:45:44.362, 5, 80, 75430, 97887
2026/07/08 12:45:44.375, 6, 26, 75430, 97887
2026/07/08 12:45:44.390, 7, 67, 75430, 97887
2026/07/08 12:45:45.402, 0, 0, 48704, 97887
2026/07/08 12:45:45.417, 1, 0, 48104, 97887
2026/07/08 12:45:45.443, 2, 0, 48104, 97887
2026/07/08 12:45:45.452, 3, 0, 48104, 97887
2026/07/08 12:45:45.467, 4, 78, 75430, 97887
2026/07/08 12:45:45.479, 5, 27, 75430, 97887
2026/07/08 12:45:45.489, 6, 28, 75430, 97887
2026/07/08 12:45:45.500, 7, 77, 75430, 97887
2026/07/08 12:45:46.511, 0, 0, 48704, 97887
2026/07/08 12:45:46.522, 1, 0, 48104, 97887
2026/07/08 12:45:46.529, 2, 0, 48104, 97887
2026/07/08 12:45:46.540, 3, 0, 48104, 97887
2026/07/08 12:45:46.553, 4, 60, 75430, 97887
2026/07/08 12:45:46.570, 5, 28, 75430, 97887
2026/07/08 12:45:46.587, 6, 45, 75430, 97887
2026/07/08 12:45:46.601, 7, 79, 75430, 97887
2026/07/08 12:45:47.612, 0, 0, 48704, 97887
2026/07/08 12:45:47.625, 1, 0, 48104, 97887
2026/07/08 12:45:47.637, 2, 0, 48104, 97887
2026/07/08 12:45:47.650, 3, 0, 48104, 97887
2026/07/08 12:45:47.661, 4, 28, 75430, 97887
2026/07/08 12:45:47.672, 5, 56, 75430, 97887
2026/07/08 12:45:47.688, 6, 34, 75430, 97887
2026/07/08 12:45:47.703, 7, 85, 75430, 97887
2026/07/08 12:45:48.717, 0, 0, 48704, 97887
2026/07/08 12:45:48.737, 1, 0, 48104, 97887
2026/07/08 12:45:48.758, 2, 0, 48104, 97887
2026/07/08 12:45:48.775, 3, 0, 48104, 97887
2026/07/08 12:45:48.790, 4, 31, 75430, 97887
2026/07/08 12:45:48.805, 5, 56, 75430, 97887
2026/07/08 12:45:48.823, 6, 46, 75430, 97887
2026/07/08 12:45:48.840, 7, 58, 75430, 97887
2026/07/08 12:45:49.856, 0, 0, 48704, 97887
2026/07/08 12:45:49.874, 1, 0, 48104, 97887
2026/07/08 12:45:49.887, 2, 0, 48104, 97887
2026/07/08 12:45:49.900, 3, 0, 48104, 97887
2026/07/08 12:45:49.913, 4, 43, 75430, 97887
2026/07/08 12:45:49.924, 5, 58, 75430, 97887
2026/07/08 12:45:49.936, 6, 26, 75430, 97887
2026/07/08 12:45:49.948, 7, 80, 75430, 97887
2026/07/08 12:45:50.961, 0, 0, 48704, 97887
2026/07/08 12:45:50.978, 1, 0, 48104, 97887
2026/07/08 12:45:50.993, 2, 0, 48104, 97887
2026/07/08 12:45:51.008, 3, 0, 48104, 97887
2026/07/08 12:45:51.023, 4, 31, 75430, 97887
2026/07/08 12:45:51.038, 5, 72, 75430, 97887
2026/07/08 12:45:51.053, 6, 65, 75430, 97887
2026/07/08 12:45:51.067, 7, 75, 75430, 97887
2026/07/08 12:45:52.082, 0, 0, 48704, 97887
2026/07/08 12:45:52.097, 1, 0, 48104, 97887
2026/07/08 12:45:52.112, 2, 0, 48104, 97887
2026/07/08 12:45:52.126, 3, 0, 48104, 97887
2026/07/08 12:45:52.142, 4, 60, 75430, 97887
2026/07/08 12:45:52.160, 5, 42, 75430, 97887
2026/07/08 12:45:52.174, 6, 29, 75430, 97887
2026/07/08 12:45:52.190, 7, 86, 75430, 97887
2026/07/08 12:45:53.205, 0, 0, 48704, 97887
2026/07/08 12:45:53.221, 1, 0, 48104, 97887
2026/07/08 12:45:53.236, 2, 0, 48104, 97887
2026/07/08 12:45:53.248, 3, 0, 48104, 97887
2026/07/08 12:45:53.262, 4, 37, 75430, 97887
2026/07/08 12:45:53.282, 5, 68, 75430, 97887
2026/07/08 12:45:53.296, 6, 32, 75430, 97887
2026/07/08 12:45:53.312, 7, 88, 75430, 97887
2026/07/08 12:45:54.328, 0, 0, 48704, 97887
2026/07/08 12:45:54.344, 1, 0, 48104, 97887
2026/07/08 12:45:54.361, 2, 0, 48104, 97887
2026/07/08 12:45:54.378, 3, 0, 48104, 97887
2026/07/08 12:45:54.391, 4, 93, 75430, 97887
2026/07/08 12:45:54.404, 5, 28, 75430, 97887
2026/07/08 12:45:54.419, 6, 41, 75430, 97887
2026/07/08 12:45:54.436, 7, 87, 75430, 97887
2026/07/08 12:45:55.450, 0, 0, 48704, 97887
2026/07/08 12:45:55.465, 1, 0, 48104, 97887
2026/07/08 12:45:55.479, 2, 0, 48104, 97887
2026/07/08 12:45:55.493, 3, 0, 48104, 97887
2026/07/08 12:45:55.508, 4, 89, 75430, 97887
2026/07/08 12:45:55.524, 5, 30, 75430, 97887
2026/07/08 12:45:55.539, 6, 28, 75430, 97887
2026/07/08 12:45:55.555, 7, 29, 75430, 97887
2026/07/08 12:45:56.570, 0, 0, 48704, 97887
2026/07/08 12:45:56.584, 1, 0, 48104, 97887
2026/07/08 12:45:56.598, 2, 0, 48104, 97887
2026/07/08 12:45:56.615, 3, 0, 48104, 97887
2026/07/08 12:45:56.627, 4, 96, 75430, 97887
2026/07/08 12:45:56.638, 5, 29, 75430, 97887
2026/07/08 12:45:56.651, 6, 39, 75430, 97887
2026/07/08 12:45:56.660, 7, 62, 75430, 97887
2026/07/08 12:45:57.672, 0, 0, 48704, 97887
2026/07/08 12:45:57.686, 1, 0, 48104, 97887
2026/07/08 12:45:57.694, 2, 0, 48104, 97887
2026/07/08 12:45:57.708, 3, 0, 48104, 97887
2026/07/08 12:45:57.720, 4, 96, 75430, 97887
2026/07/08 12:45:57.735, 5, 24, 75430, 97887
2026/07/08 12:45:57.747, 6, 56, 75430, 97887
2026/07/08 12:45:57.758, 7, 82, 75430, 97887
2026/07/08 12:45:58.771, 0, 0, 48704, 97887
2026/07/08 12:45:58.785, 1, 0, 48104, 97887
2026/07/08 12:45:58.800, 2, 0, 48104, 97887
2026/07/08 12:45:58.813, 3, 0, 48104, 97887
2026/07/08 12:45:58.826, 4, 95, 75430, 97887
2026/07/08 12:45:58.840, 5, 29, 75430, 97887
2026/07/08 12:45:58.854, 6, 87, 75430, 97887
2026/07/08 12:45:58.868, 7, 29, 75430, 97887
2026/07/08 12:45:59.882, 0, 0, 48704, 97887
2026/07/08 12:45:59.894, 1, 0, 48104, 97887
2026/07/08 12:45:59.905, 2, 0, 48104, 97887
2026/07/08 12:45:59.916, 3, 0, 48104, 97887
2026/07/08 12:45:59.929, 4, 94, 75430, 97887
2026/07/08 12:45:59.944, 5, 25, 75430, 97887
2026/07/08 12:45:59.957, 6, 68, 75430, 97887
2026/07/08 12:45:59.971, 7, 68, 75430, 97887
2026/07/08 12:46:00.985, 0, 0, 48704, 97887
2026/07/08 12:46:01.001, 1, 0, 48104, 97887
2026/07/08 12:46:01.015, 2, 0, 48104, 97887
2026/07/08 12:46:01.032, 3, 0, 48104, 97887
2026/07/08 12:46:01.046, 4, 94, 75430, 97887
2026/07/08 12:46:01.059, 5, 28, 75430, 97887
2026/07/08 12:46:01.071, 6, 57, 75430, 97887
2026/07/08 12:46:01.084, 7, 64, 75430, 97887
2026/07/08 12:46:02.100, 0, 0, 48704, 97887
2026/07/08 12:46:02.113, 1, 0, 48104, 97887
2026/07/08 12:46:02.129, 2, 0, 48104, 97887
2026/07/08 12:46:02.141, 3, 0, 48104, 97887
2026/07/08 12:46:02.153, 4, 100, 75430, 97887
2026/07/08 12:46:02.165, 5, 100, 75430, 97887
2026/07/08 12:46:02.181, 6, 90, 75430, 97887
2026/07/08 12:46:02.195, 7, 39, 75430, 97887
2026/07/08 12:46:03.211, 0, 0, 48704, 97887
2026/07/08 12:46:03.225, 1, 0, 48104, 97887
2026/07/08 12:46:03.240, 2, 0, 48104, 97887
2026/07/08 12:46:03.253, 3, 0, 48104, 97887
2026/07/08 12:46:03.266, 4, 100, 75452, 97887
2026/07/08 12:46:03.282, 5, 86, 75452, 97887
2026/07/08 12:46:03.299, 6, 77, 75430, 97887
2026/07/08 12:46:03.313, 7, 31, 75430, 97887
2026/07/08 12:46:04.328, 0, 0, 48704, 97887
2026/07/08 12:46:04.343, 1, 0, 48104, 97887
2026/07/08 12:46:04.357, 2, 0, 48104, 97887
2026/07/08 12:46:04.367, 3, 0, 48104, 97887
2026/07/08 12:46:04.376, 4, 90, 75468, 97887
2026/07/08 12:46:04.390, 5, 28, 75468, 97887
2026/07/08 12:46:04.404, 6, 54, 75430, 97887
2026/07/08 12:46:04.419, 7, 28, 75430, 97887
2026/07/08 12:46:05.433, 0, 0, 48704, 97887
2026/07/08 12:46:05.448, 1, 0, 48104, 97887
2026/07/08 12:46:05.463, 2, 0, 48104, 97887
2026/07/08 12:46:05.472, 3, 0, 48104, 97887
2026/07/08 12:46:05.477, 4, 91, 75468, 97887
2026/07/08 12:46:05.487, 5, 38, 75468, 97887
2026/07/08 12:46:05.495, 6, 100, 75450, 97887
2026/07/08 12:46:05.503, 7, 90, 75450, 97887
2026/07/08 12:46:06.510, 0, 0, 48704, 97887
2026/07/08 12:46:06.522, 1, 0, 48104, 97887
2026/07/08 12:46:06.535, 2, 0, 48104, 97887
2026/07/08 12:46:06.552, 3, 0, 48104, 97887
2026/07/08 12:46:06.571, 4, 92, 75468, 97887
2026/07/08 12:46:06.588, 5, 39, 75468, 97887
2026/07/08 12:46:06.605, 6, 93, 75468, 97887
2026/07/08 12:46:06.620, 7, 73, 75468, 97887
2026/07/08 12:46:07.636, 0, 0, 48704, 97887
2026/07/08 12:46:07.652, 1, 0, 48104, 97887
2026/07/08 12:46:07.668, 2, 0, 48104, 97887
2026/07/08 12:46:07.685, 3, 0, 48104, 97887
2026/07/08 12:46:07.695, 4, 94, 75468, 97887
2026/07/08 12:46:07.706, 5, 27, 75468, 97887
2026/07/08 12:46:07.719, 6, 89, 75484, 97887
2026/07/08 12:46:07.737, 7, 27, 75484, 97887
2026/07/08 12:46:08.751, 0, 0, 48704, 97887
2026/07/08 12:46:08.767, 1, 0, 48104, 97887
2026/07/08 12:46:08.783, 2, 0, 48104, 97887
2026/07/08 12:46:08.798, 3, 0, 48104, 97887
2026/07/08 12:46:08.814, 4, 93, 75468, 97887
2026/07/08 12:46:08.834, 5, 26, 75468, 97887
2026/07/08 12:46:08.853, 6, 49, 75484, 97887
2026/07/08 12:46:08.875, 7, 32, 75484, 97887
2026/07/08 12:46:09.891, 0, 0, 48704, 97887
2026/07/08 12:46:09.905, 1, 0, 48104, 97887
2026/07/08 12:46:09.920, 2, 0, 48104, 97887
2026/07/08 12:46:09.932, 3, 0, 48104, 97887
2026/07/08 12:46:09.944, 4, 91, 75468, 97887
2026/07/08 12:46:09.956, 5, 29, 75468, 97887
2026/07/08 12:46:09.969, 6, 95, 75484, 97887
2026/07/08 12:46:09.982, 7, 37, 75484, 97887
2026/07/08 12:46:10.996, 0, 0, 48704, 97887
2026/07/08 12:46:11.016, 1, 0, 48104, 97887
2026/07/08 12:46:11.036, 2, 0, 48104, 97887
2026/07/08 12:46:11.052, 3, 0, 48104, 97887
2026/07/08 12:46:11.070, 4, 92, 75468, 97887
2026/07/08 12:46:11.086, 5, 27, 75468, 97887
2026/07/08 12:46:11.100, 6, 44, 75484, 97887
2026/07/08 12:46:11.114, 7, 39, 75484, 97887
2026/07/08 12:46:12.133, 0, 0, 48704, 97887
2026/07/08 12:46:12.151, 1, 0, 48104, 97887
2026/07/08 12:46:12.171, 2, 0, 48104, 97887
2026/07/08 12:46:12.187, 3, 0, 48104, 97887
2026/07/08 12:46:12.205, 4, 90, 75468, 97887
2026/07/08 12:46:12.222, 5, 29, 75468, 97887
2026/07/08 12:46:12.238, 6, 96, 75484, 97887
2026/07/08 12:46:12.255, 7, 36, 75484, 97887
2026/07/08 12:46:13.270, 0, 0, 48704, 97887
2026/07/08 12:46:13.283, 1, 0, 48104, 97887
2026/07/08 12:46:13.297, 2, 0, 48104, 97887
2026/07/08 12:46:13.309, 3, 0, 48104, 97887
2026/07/08 12:46:13.325, 4, 91, 75468, 97887
2026/07/08 12:46:13.343, 5, 26, 75468, 97887
2026/07/08 12:46:13.362, 6, 30, 75484, 97887
2026/07/08 12:46:13.381, 7, 90, 75484, 97887
2026/07/08 12:46:14.397, 0, 0, 48704, 97887
2026/07/08 12:46:14.410, 1, 0, 48104, 97887
2026/07/08 12:46:14.426, 2, 0, 48104, 97887
2026/07/08 12:46:14.439, 3, 0, 48104, 97887
2026/07/08 12:46:14.464, 4, 71, 75468, 97887
2026/07/08 12:46:14.490, 5, 41, 75468, 97887
2026/07/08 12:46:14.507, 6, 33, 75484, 97887
2026/07/08 12:46:14.525, 7, 80, 75484, 97887
2026/07/08 12:46:15.546, 0, 0, 48704, 97887
2026/07/08 12:46:15.563, 1, 0, 48104, 97887
2026/07/08 12:46:15.580, 2, 0, 48104, 97887
2026/07/08 12:46:15.598, 3, 0, 48104, 97887
2026/07/08 12:46:15.615, 4, 100, 75468, 97887
2026/07/08 12:46:15.633, 5, 100, 75468, 97887
2026/07/08 12:46:15.648, 6, 41, 75484, 97887
2026/07/08 12:46:15.663, 7, 84, 75484, 97887
2026/07/08 12:46:16.680, 0, 0, 48704, 97887
2026/07/08 12:46:16.700, 1, 0, 48104, 97887
2026/07/08 12:46:16.717, 2, 0, 48104, 97887
2026/07/08 12:46:16.734, 3, 0, 48104, 97887
2026/07/08 12:46:16.751, 4, 100, 75512, 97887
2026/07/08 12:46:16.767, 5, 100, 75512, 97887
2026/07/08 12:46:16.782, 6, 27, 75484, 97887
2026/07/08 12:46:16.800, 7, 78, 75484, 97887
2026/07/08 12:46:17.818, 0, 0, 48704, 97887
2026/07/08 12:46:17.835, 1, 0, 48104, 97887
2026/07/08 12:46:17.847, 2, 0, 48104, 97887
2026/07/08 12:46:17.861, 3, 0, 48104, 97887
2026/07/08 12:46:17.875, 4, 78, 75534, 97887
2026/07/08 12:46:17.890, 5, 25, 75534, 97887
2026/07/08 12:46:17.907, 6, 30, 75484, 97887
2026/07/08 12:46:17.922, 7, 89, 75484, 97887
2026/07/08 12:46:18.937, 0, 0, 48704, 97887
2026/07/08 12:46:18.956, 1, 0, 48104, 97887
2026/07/08 12:46:18.975, 2, 0, 48104, 97887
2026/07/08 12:46:18.995, 3, 0, 48104, 97887
2026/07/08 12:46:19.012, 4, 94, 75534, 97887
2026/07/08 12:46:19.025, 5, 40, 75534, 97887
2026/07/08 12:46:19.038, 6, 33, 75484, 97887
2026/07/08 12:46:19.047, 7, 83, 75484, 97887
2026/07/08 12:46:20.059, 0, 0, 48704, 97887
2026/07/08 12:46:20.078, 1, 0, 48104, 97887
2026/07/08 12:46:20.102, 2, 0, 48104, 97887
2026/07/08 12:46:20.123, 3, 0, 48104, 97887
2026/07/08 12:46:20.141, 4, 95, 75534, 97887
2026/07/08 12:46:20.165, 5, 25, 75534, 97887
2026/07/08 12:46:20.180, 6, 33, 75484, 97887
2026/07/08 12:46:20.193, 7, 78, 75484, 97887
2026/07/08 12:46:21.222, 0, 0, 48704, 97887
2026/07/08 12:46:21.242, 1, 0, 48104, 97887
2026/07/08 12:46:21.261, 2, 0, 48104, 97887
2026/07/08 12:46:21.279, 3, 0, 48104, 97887
2026/07/08 12:46:21.298, 4, 94, 75534, 97887
2026/07/08 12:46:21.314, 5, 31, 75534, 97887
2026/07/08 12:46:21.333, 6, 33, 75484, 97887
2026/07/08 12:46:21.349, 7, 83, 75484, 97887
2026/07/08 12:46:22.366, 0, 0, 48704, 97887
2026/07/08 12:46:22.383, 1, 0, 48104, 97887
2026/07/08 12:46:22.399, 2, 0, 48104, 97887
2026/07/08 12:46:22.413, 3, 0, 48104, 97887
2026/07/08 12:46:22.425, 4, 53, 75534, 97887
2026/07/08 12:46:22.437, 5, 38, 75534, 97887
2026/07/08 12:46:22.448, 6, 62, 75484, 97887
2026/07/08 12:46:22.462, 7, 56, 75484, 97887
2026/07/08 12:46:23.474, 0, 0, 48704, 97887
2026/07/08 12:46:23.490, 1, 0, 48104, 97887
2026/07/08 12:46:23.506, 2, 0, 48104, 97887
2026/07/08 12:46:23.522, 3, 0, 48104, 97887
2026/07/08 12:46:23.538, 4, 96, 75534, 97887
2026/07/08 12:46:23.550, 5, 35, 75534, 97887
2026/07/08 12:46:23.562, 6, 28, 75484, 97887
2026/07/08 12:46:23.574, 7, 83, 75484, 97887
2026/07/08 12:46:24.590, 0, 0, 48704, 97887
2026/07/08 12:46:24.606, 1, 0, 48104, 97887
2026/07/08 12:46:24.620, 2, 0, 48104, 97887
2026/07/08 12:46:24.631, 3, 0, 48104, 97887
2026/07/08 12:46:24.645, 4, 71, 75534, 97887
2026/07/08 12:46:24.659, 5, 40, 75534, 97887
2026/07/08 12:46:24.671, 6, 35, 75484, 97887
2026/07/08 12:46:24.683, 7, 74, 75484, 97887
2026/07/08 12:46:25.697, 0, 0, 48704, 97887
2026/07/08 12:46:25.716, 1, 0, 48104, 97887
2026/07/08 12:46:25.732, 2, 0, 48104, 97887
2026/07/08 12:46:25.746, 3, 0, 48104, 97887
2026/07/08 12:46:25.761, 4, 89, 75534, 97887
2026/07/08 12:46:25.773, 5, 32, 75534, 97887
2026/07/08 12:46:25.787, 6, 42, 75484, 97887
2026/07/08 12:46:25.801, 7, 29, 75484, 97887
2026/07/08 12:46:26.815, 0, 0, 48704, 97887
2026/07/08 12:46:26.832, 1, 0, 48104, 97887
2026/07/08 12:46:26.849, 2, 0, 48104, 97887
2026/07/08 12:46:26.862, 3, 0, 48104, 97887
2026/07/08 12:46:26.878, 4, 92, 75534, 97887
2026/07/08 12:46:26.892, 5, 35, 75534, 97887
2026/07/08 12:46:26.905, 6, 45, 75484, 97887
2026/07/08 12:46:26.914, 7, 72, 75484, 97887
2026/07/08 12:46:27.925, 0, 0, 48704, 97887
2026/07/08 12:46:27.939, 1, 0, 48104, 97887
2026/07/08 12:46:27.952, 2, 0, 48104, 97887
2026/07/08 12:46:27.967, 3, 0, 48104, 97887
2026/07/08 12:46:27.983, 4, 89, 75534, 97887
2026/07/08 12:46:27.998, 5, 29, 75534, 97887
2026/07/08 12:46:28.012, 6, 69, 75484, 97887
2026/07/08 12:46:28.030, 7, 30, 75484, 97887
2026/07/08 12:46:29.044, 0, 0, 48704, 97887
2026/07/08 12:46:29.060, 1, 0, 48104, 97887
2026/07/08 12:46:29.071, 2, 0, 48104, 97887
2026/07/08 12:46:29.085, 3, 0, 48104, 97887
2026/07/08 12:46:29.099, 4, 92, 75534, 97887
2026/07/08 12:46:29.109, 5, 33, 75534, 97887
2026/07/08 12:46:29.124, 6, 31, 75484, 97887
2026/07/08 12:46:29.139, 7, 81, 75484, 97887
2026/07/08 12:46:30.152, 0, 0, 48704, 97887
2026/07/08 12:46:30.166, 1, 0, 48104, 97887
2026/07/08 12:46:30.181, 2, 0, 48104, 97887
2026/07/08 12:46:30.198, 3, 0, 48104, 97887
2026/07/08 12:46:30.215, 4, 91, 75534, 97887
2026/07/08 12:46:30.233, 5, 30, 75534, 97887
2026/07/08 12:46:30.248, 6, 56, 75484, 97887
2026/07/08 12:46:30.262, 7, 62, 75484, 97887
2026/07/08 12:46:31.277, 0, 0, 48704, 97887
2026/07/08 12:46:31.291, 1, 0, 48104, 97887
2026/07/08 12:46:31.302, 2, 0, 48104, 97887
2026/07/08 12:46:31.313, 3, 0, 48104, 97887
2026/07/08 12:46:31.323, 4, 90, 75534, 97887
2026/07/08 12:46:31.333, 5, 33, 75534, 97887
2026/07/08 12:46:31.343, 6, 34, 75484, 97887
2026/07/08 12:46:31.358, 7, 39, 75484, 97887
2026/07/08 12:46:32.374, 0, 0, 48704, 97887
2026/07/08 12:46:32.393, 1, 0, 48104, 97887
2026/07/08 12:46:32.410, 2, 0, 48104, 97887
2026/07/08 12:46:32.419, 3, 0, 48104, 97887
2026/07/08 12:46:32.429, 4, 84, 75534, 97887
2026/07/08 12:46:32.443, 5, 32, 75534, 97887
2026/07/08 12:46:32.460, 6, 67, 75484, 97887
2026/07/08 12:46:32.476, 7, 32, 75484, 97887
2026/07/08 12:46:33.495, 0, 0, 48704, 97887
2026/07/08 12:46:33.514, 1, 0, 48104, 97887
2026/07/08 12:46:33.533, 2, 0, 48104, 97887
2026/07/08 12:46:33.551, 3, 0, 48104, 97887
2026/07/08 12:46:33.569, 4, 92, 75534, 97887
2026/07/08 12:46:33.583, 5, 30, 75534, 97887
2026/07/08 12:46:33.593, 6, 36, 75484, 97887
2026/07/08 12:46:33.604, 7, 33, 75484, 97887
2026/07/08 12:46:34.620, 0, 0, 48704, 97887
2026/07/08 12:46:34.639, 1, 0, 48104, 97887
2026/07/08 12:46:34.654, 2, 0, 48104, 97887
2026/07/08 12:46:34.670, 3, 0, 48104, 97887
2026/07/08 12:46:34.688, 4, 88, 75534, 97887
2026/07/08 12:46:34.703, 5, 29, 75534, 97887
2026/07/08 12:46:34.721, 6, 65, 75484, 97887
2026/07/08 12:46:34.739, 7, 46, 75484, 97887
2026/07/08 12:46:35.757, 0, 0, 48704, 97887
2026/07/08 12:46:35.777, 1, 0, 48104, 97887
2026/07/08 12:46:35.793, 2, 0, 48104, 97887
2026/07/08 12:46:35.812, 3, 0, 48104, 97887
2026/07/08 12:46:35.831, 4, 83, 75534, 97887
2026/07/08 12:46:35.848, 5, 30, 75534, 97887
2026/07/08 12:46:35.865, 6, 40, 75484, 97887
2026/07/08 12:46:35.879, 7, 68, 75484, 97887
2026/07/08 12:46:36.894, 0, 0, 48704, 97887
2026/07/08 12:46:36.910, 1, 0, 48104, 97887
2026/07/08 12:46:36.927, 2, 0, 48104, 97887
2026/07/08 12:46:36.943, 3, 0, 48104, 97887
2026/07/08 12:46:36.961, 4, 88, 75534, 97887
2026/07/08 12:46:36.977, 5, 31, 75534, 97887
2026/07/08 12:46:36.994, 6, 61, 75484, 97887
2026/07/08 12:46:37.011, 7, 33, 75484, 97887
2026/07/08 12:46:38.029, 0, 0, 48704, 97887
2026/07/08 12:46:38.050, 1, 0, 48104, 97887
2026/07/08 12:46:38.068, 2, 0, 48104, 97887
2026/07/08 12:46:38.082, 3, 0, 48104, 97887
2026/07/08 12:46:38.099, 4, 95, 75534, 97887
2026/07/08 12:46:38.118, 5, 32, 75534, 97887
2026/07/08 12:46:38.133, 6, 85, 75484, 97887
2026/07/08 12:46:38.149, 7, 32, 75484, 97887
2026/07/08 12:46:39.168, 0, 0, 48704, 97887
2026/07/08 12:46:39.181, 1, 0, 48104, 97887
2026/07/08 12:46:39.193, 2, 0, 48104, 97887
2026/07/08 12:46:39.207, 3, 0, 48104, 97887
2026/07/08 12:46:39.222, 4, 95, 75534, 97887
2026/07/08 12:46:39.238, 5, 33, 75534, 97887
2026/07/08 12:46:39.253, 6, 96, 75484, 97887
2026/07/08 12:46:39.269, 7, 28, 75484, 97887
2026/07/08 12:46:40.286, 0, 0, 48704, 97887
2026/07/08 12:46:40.302, 1, 0, 48104, 97887
2026/07/08 12:46:40.321, 2, 0, 48104, 97887
2026/07/08 12:46:40.338, 3, 0, 48104, 97887
2026/07/08 12:46:40.358, 4, 96, 75534, 97887
2026/07/08 12:46:40.378, 5, 31, 75534, 97887
2026/07/08 12:46:40.396, 6, 87, 75484, 97887
2026/07/08 12:46:40.415, 7, 31, 75484, 97887
2026/07/08 12:46:41.433, 0, 0, 48704, 97887
2026/07/08 12:46:41.452, 1, 0, 48104, 97887
2026/07/08 12:46:41.467, 2, 0, 48104, 97887
2026/07/08 12:46:41.483, 3, 0, 48104, 97887
2026/07/08 12:46:41.500, 4, 93, 75534, 97887
2026/07/08 12:46:41.517, 5, 30, 75534, 97887
2026/07/08 12:46:41.533, 6, 94, 75484, 97887
2026/07/08 12:46:41.549, 7, 77, 75484, 97887
2026/07/08 12:46:42.564, 0, 0, 48704, 97887
2026/07/08 12:46:42.576, 1, 0, 48104, 97887
2026/07/08 12:46:42.589, 2, 0, 48104, 97887
2026/07/08 12:46:42.601, 3, 0, 48104, 97887
2026/07/08 12:46:42.615, 4, 91, 75534, 97887
2026/07/08 12:46:42.630, 5, 36, 75534, 97887
2026/07/08 12:46:42.644, 6, 39, 75484, 97887
2026/07/08 12:46:42.659, 7, 70, 75484, 97887
2026/07/08 12:46:43.675, 0, 0, 48704, 97887
2026/07/08 12:46:43.696, 1, 0, 48104, 97887
2026/07/08 12:46:43.712, 2, 0, 48104, 97887
2026/07/08 12:46:43.728, 3, 0, 48104, 97887
2026/07/08 12:46:43.744, 4, 95, 75534, 97887
2026/07/08 12:46:43.764, 5, 30, 75534, 97887
2026/07/08 12:46:43.784, 6, 29, 75484, 97887
2026/07/08 12:46:43.801, 7, 80, 75484, 97887
2026/07/08 12:46:44.817, 0, 0, 48704, 97887
2026/07/08 12:46:44.835, 1, 0, 48104, 97887
2026/07/08 12:46:44.853, 2, 0, 48104, 97887
2026/07/08 12:46:44.872, 3, 0, 48104, 97887
2026/07/08 12:46:44.889, 4, 91, 75534, 97887
2026/07/08 12:46:44.905, 5, 30, 75534, 97887
2026/07/08 12:46:44.924, 6, 34, 75484, 97887
2026/07/08 12:46:44.941, 7, 93, 75484, 97887
2026/07/08 12:46:45.958, 0, 0, 48704, 97887
2026/07/08 12:46:45.974, 1, 0, 48104, 97887
2026/07/08 12:46:45.992, 2, 0, 48104, 97887
2026/07/08 12:46:46.012, 3, 0, 48104, 97887
2026/07/08 12:46:46.028, 4, 95, 75534, 97887
2026/07/08 12:46:46.046, 5, 35, 75534, 97887
2026/07/08 12:46:46.062, 6, 54, 75484, 97887
2026/07/08 12:46:46.077, 7, 82, 75484, 97887
2026/07/08 12:46:47.091, 0, 0, 48704, 97887
2026/07/08 12:46:47.109, 1, 0, 48104, 97887
2026/07/08 12:46:47.127, 2, 0, 48104, 97887
2026/07/08 12:46:47.140, 3, 0, 48104, 97887
2026/07/08 12:46:47.151, 4, 95, 75534, 97887
2026/07/08 12:46:47.162, 5, 33, 75534, 97887
2026/07/08 12:46:47.178, 6, 31, 75484, 97887
2026/07/08 12:46:47.195, 7, 84, 75484, 97887
2026/07/08 12:46:48.212, 0, 0, 48704, 97887
2026/07/08 12:46:48.228, 1, 0, 48104, 97887
2026/07/08 12:46:48.245, 2, 0, 48104, 97887
2026/07/08 12:46:48.262, 3, 0, 48104, 97887
2026/07/08 12:46:48.276, 4, 90, 75534, 97887
2026/07/08 12:46:48.291, 5, 31, 75534, 97887
2026/07/08 12:46:48.304, 6, 58, 75484, 97887
2026/07/08 12:46:48.319, 7, 29, 75484, 97887
2026/07/08 12:46:49.335, 0, 0, 48704, 97887
2026/07/08 12:46:49.354, 1, 0, 48104, 97887
2026/07/08 12:46:49.375, 2, 0, 48104, 97887
2026/07/08 12:46:49.394, 3, 0, 48104, 97887
2026/07/08 12:46:49.412, 4, 93, 75534, 97887
2026/07/08 12:46:49.429, 5, 28, 75534, 97887
2026/07/08 12:46:49.447, 6, 34, 75484, 97887
2026/07/08 12:46:49.467, 7, 95, 75484, 97887
2026/07/08 12:46:50.487, 0, 0, 48704, 97887
2026/07/08 12:46:50.505, 1, 0, 48104, 97887
2026/07/08 12:46:50.523, 2, 0, 48104, 97887
2026/07/08 12:46:50.542, 3, 0, 48104, 97887
2026/07/08 12:46:50.560, 4, 85, 75534, 97887
2026/07/08 12:46:50.578, 5, 37, 75534, 97887
2026/07/08 12:46:50.595, 6, 38, 75484, 97887
2026/07/08 12:46:50.608, 7, 77, 75484, 97887
2026/07/08 12:46:51.622, 0, 0, 48704, 97887
2026/07/08 12:46:51.642, 1, 0, 48104, 97887
2026/07/08 12:46:51.660, 2, 0, 48104, 97887
2026/07/08 12:46:51.680, 3, 0, 48104, 97887
2026/07/08 12:46:51.699, 4, 95, 75534, 97887
2026/07/08 12:46:51.719, 5, 33, 75534, 97887
2026/07/08 12:46:51.739, 6, 49, 75484, 97887
2026/07/08 12:46:51.757, 7, 71, 75484, 97887
2026/07/08 12:46:52.777, 0, 0, 48704, 97887
2026/07/08 12:46:52.795, 1, 0, 48104, 97887
2026/07/08 12:46:52.809, 2, 0, 48104, 97887
2026/07/08 12:46:52.840, 3, 0, 48104, 97887
2026/07/08 12:46:52.863, 4, 84, 75534, 97887
2026/07/08 12:46:52.886, 5, 35, 75534, 97887
2026/07/08 12:46:52.905, 6, 43, 75484, 97887
2026/07/08 12:46:52.921, 7, 72, 75484, 97887
2026/07/08 12:46:53.939, 0, 0, 48704, 97887
2026/07/08 12:46:53.956, 1, 0, 48104, 97887
2026/07/08 12:46:53.972, 2, 0, 48104, 97887
2026/07/08 12:46:53.984, 3, 0, 48104, 97887
2026/07/08 12:46:53.999, 4, 88, 75534, 97887
2026/07/08 12:46:54.013, 5, 38, 75534, 97887
2026/07/08 12:46:54.028, 6, 34, 75484, 97887
2026/07/08 12:46:54.042, 7, 60, 75484, 97887
2026/07/08 12:46:55.074, 0, 0, 48704, 97887
2026/07/08 12:46:55.094, 1, 0, 48104, 97887
2026/07/08 12:46:55.114, 2, 0, 48104, 97887
2026/07/08 12:46:55.136, 3, 0, 48104, 97887
2026/07/08 12:46:55.155, 4, 87, 75534, 97887
2026/07/08 12:46:55.175, 5, 32, 75534, 97887
2026/07/08 12:46:55.193, 6, 87, 75484, 97887
2026/07/08 12:46:55.211, 7, 29, 75484, 97887
2026/07/08 12:46:56.229, 0, 0, 48704, 97887
2026/07/08 12:46:56.247, 1, 0, 48104, 97887
2026/07/08 12:46:56.262, 2, 0, 48104, 97887
2026/07/08 12:46:56.277, 3, 0, 48104, 97887
2026/07/08 12:46:56.290, 4, 92, 75534, 97887
2026/07/08 12:46:56.304, 5, 37, 75534, 97887
2026/07/08 12:46:56.318, 6, 61, 75484, 97887
2026/07/08 12:46:56.334, 7, 82, 75484, 97887
2026/07/08 12:46:57.350, 0, 0, 48704, 97887
2026/07/08 12:46:57.366, 1, 0, 48104, 97887
2026/07/08 12:46:57.383, 2, 0, 48104, 97887
2026/07/08 12:46:57.399, 3, 0, 48104, 97887
2026/07/08 12:46:57.415, 4, 93, 75534, 97887
2026/07/08 12:46:57.432, 5, 35, 75534, 97887
2026/07/08 12:46:57.449, 6, 88, 75484, 97887
2026/07/08 12:46:57.466, 7, 31, 75484, 97887
2026/07/08 12:46:58.484, 0, 0, 48704, 97887
2026/07/08 12:46:58.508, 1, 0, 48104, 97887
2026/07/08 12:46:58.528, 2, 0, 48104, 97887
2026/07/08 12:46:58.553, 3, 0, 48104, 97887
2026/07/08 12:46:58.573, 4, 95, 75534, 97887
2026/07/08 12:46:58.589, 5, 30, 75534, 97887
2026/07/08 12:46:58.607, 6, 92, 75484, 97887
2026/07/08 12:46:58.625, 7, 31, 75484, 97887
2026/07/08 12:46:59.646, 0, 0, 48704, 97887
2026/07/08 12:46:59.665, 1, 0, 48104, 97887
2026/07/08 12:46:59.681, 2, 0, 48104, 97887
2026/07/08 12:46:59.701, 3, 0, 48104, 97887
2026/07/08 12:46:59.719, 4, 91, 75534, 97887
2026/07/08 12:46:59.734, 5, 27, 75536, 97887
2026/07/08 12:46:59.748, 6, 93, 75484, 97887
2026/07/08 12:46:59.763, 7, 28, 75484, 97887
2026/07/08 12:47:00.779, 0, 0, 48704, 97887
2026/07/08 12:47:00.792, 1, 0, 48104, 97887
2026/07/08 12:47:00.804, 2, 0, 48104, 97887
2026/07/08 12:47:00.817, 3, 0, 48104, 97887
2026/07/08 12:47:00.831, 4, 90, 75534, 97887
2026/07/08 12:47:00.849, 5, 32, 75536, 97887
2026/07/08 12:47:00.862, 6, 90, 75484, 97887
2026/07/08 12:47:00.877, 7, 31, 75484, 97887
2026/07/08 12:47:01.895, 0, 0, 48704, 97887
2026/07/08 12:47:01.911, 1, 0, 48104, 97887
2026/07/08 12:47:01.929, 2, 0, 48104, 97887
2026/07/08 12:47:01.947, 3, 0, 48104, 97887
2026/07/08 12:47:01.964, 4, 89, 75536, 97887
2026/07/08 12:47:01.980, 5, 29, 75536, 97887
2026/07/08 12:47:01.999, 6, 90, 75484, 97887
2026/07/08 12:47:02.018, 7, 26, 75484, 97887
2026/07/08 12:47:03.036, 0, 0, 48704, 97887
2026/07/08 12:47:03.053, 1, 0, 48104, 97887
2026/07/08 12:47:03.071, 2, 0, 48104, 97887
2026/07/08 12:47:03.090, 3, 0, 48104, 97887
2026/07/08 12:47:03.108, 4, 96, 75536, 97887
2026/07/08 12:47:03.125, 5, 35, 75536, 97887
2026/07/08 12:47:03.141, 6, 90, 75484, 97887
2026/07/08 12:47:03.158, 7, 34, 75484, 97887
2026/07/08 12:47:04.172, 0, 0, 48704, 97887
2026/07/08 12:47:04.189, 1, 0, 48104, 97887
2026/07/08 12:47:04.205, 2, 0, 48104, 97887
2026/07/08 12:47:04.220, 3, 0, 48104, 97887
2026/07/08 12:47:04.237, 4, 90, 75536, 97887
2026/07/08 12:47:04.254, 5, 35, 75536, 97887
2026/07/08 12:47:04.275, 6, 62, 75484, 97887
2026/07/08 12:47:04.296, 7, 34, 75484, 97887
2026/07/08 12:47:05.320, 0, 0, 48704, 97887
2026/07/08 12:47:05.338, 1, 0, 48104, 97887
2026/07/08 12:47:05.357, 2, 0, 48104, 97887
2026/07/08 12:47:05.375, 3, 0, 48104, 97887
2026/07/08 12:47:05.393, 4, 93, 75536, 97887
2026/07/08 12:47:05.409, 5, 31, 75536, 97887
2026/07/08 12:47:05.426, 6, 41, 75484, 97887
2026/07/08 12:47:05.443, 7, 40, 75484, 97887
2026/07/08 12:47:06.461, 0, 0, 48704, 97887
2026/07/08 12:47:06.481, 1, 0, 48104, 97887
2026/07/08 12:47:06.496, 2, 0, 48104, 97887
2026/07/08 12:47:06.511, 3, 0, 48104, 97887
2026/07/08 12:47:06.528, 4, 74, 75536, 97887
2026/07/08 12:47:06.544, 5, 59, 75536, 97887
2026/07/08 12:47:06.559, 6, 90, 75484, 97887
2026/07/08 12:47:06.577, 7, 25, 75484, 97887
2026/07/08 12:47:07.595, 0, 0, 48704, 97887
2026/07/08 12:47:07.613, 1, 0, 48104, 97887
2026/07/08 12:47:07.629, 2, 0, 48104, 97887
2026/07/08 12:47:07.646, 3, 0, 48104, 97887
2026/07/08 12:47:07.663, 4, 54, 75536, 97887
2026/07/08 12:47:07.678, 5, 84, 75536, 97887
2026/07/08 12:47:07.691, 6, 68, 75484, 97887
2026/07/08 12:47:07.703, 7, 39, 75484, 97887
2026/07/08 12:47:08.716, 0, 0, 48704, 97887
2026/07/08 12:47:08.734, 1, 0, 48104, 97887
2026/07/08 12:47:08.752, 2, 0, 48104, 97887
2026/07/08 12:47:08.764, 3, 0, 48104, 97887
2026/07/08 12:47:08.777, 4, 32, 75536, 97887
2026/07/08 12:47:08.794, 5, 70, 75536, 97887
2026/07/08 12:47:08.813, 6, 89, 75484, 97887
2026/07/08 12:47:08.831, 7, 31, 75484, 97887
2026/07/08 12:47:09.850, 0, 0, 48704, 97887
2026/07/08 12:47:09.865, 1, 0, 48104, 97887
2026/07/08 12:47:09.880, 2, 0, 48104, 97887
2026/07/08 12:47:09.897, 3, 0, 48104, 97887
2026/07/08 12:47:09.917, 4, 96, 75536, 97887
2026/07/08 12:47:09.931, 5, 30, 75536, 97887
2026/07/08 12:47:09.946, 6, 49, 75484, 97887
2026/07/08 12:47:09.963, 7, 44, 75484, 97887
2026/07/08 12:47:10.981, 0, 0, 48704, 97887
2026/07/08 12:47:11.000, 1, 0, 48104, 97887
2026/07/08 12:47:11.018, 2, 0, 48104, 97887
2026/07/08 12:47:11.038, 3, 0, 48104, 97887
2026/07/08 12:47:11.055, 4, 93, 75536, 97887
2026/07/08 12:47:11.071, 5, 32, 75536, 97887
2026/07/08 12:47:11.088, 6, 80, 75484, 97887
2026/07/08 12:47:11.104, 7, 57, 75484, 97887
2026/07/08 12:47:12.119, 0, 0, 48704, 97887
2026/07/08 12:47:12.139, 1, 0, 48104, 97887
2026/07/08 12:47:12.160, 2, 0, 48104, 97887
2026/07/08 12:47:12.179, 3, 0, 48104, 97887
2026/07/08 12:47:12.200, 4, 86, 75536, 97887
2026/07/08 12:47:12.218, 5, 32, 75536, 97887
2026/07/08 12:47:12.235, 6, 72, 75484, 97887
2026/07/08 12:47:12.252, 7, 39, 75484, 97887
2026/07/08 12:47:13.269, 0, 0, 48704, 97887
2026/07/08 12:47:13.288, 1, 0, 48104, 97887
2026/07/08 12:47:13.307, 2, 0, 48104, 97887
2026/07/08 12:47:13.323, 3, 0, 48104, 97887
2026/07/08 12:47:13.337, 4, 36, 75536, 97887
2026/07/08 12:47:13.354, 5, 88, 75536, 97887
2026/07/08 12:47:13.367, 6, 83, 75484, 97887
2026/07/08 12:47:13.383, 7, 38, 75484, 97887
2026/07/08 12:47:14.398, 0, 0, 48704, 97887
2026/07/08 12:47:14.417, 1, 0, 48104, 97887
2026/07/08 12:47:14.434, 2, 0, 48104, 97887
2026/07/08 12:47:14.453, 3, 0, 48104, 97887
2026/07/08 12:47:14.468, 4, 67, 75536, 97887
2026/07/08 12:47:14.484, 5, 44, 75536, 97887
2026/07/08 12:47:14.502, 6, 69, 75484, 97887
2026/07/08 12:47:14.519, 7, 67, 75484, 97887
2026/07/08 12:47:15.534, 0, 0, 48704, 97887
2026/07/08 12:47:15.557, 1, 0, 48104, 97887
2026/07/08 12:47:15.576, 2, 0, 48104, 97887
2026/07/08 12:47:15.595, 3, 0, 48104, 97887
2026/07/08 12:47:15.613, 4, 49, 75536, 97887
2026/07/08 12:47:15.631, 5, 26, 75536, 97887
2026/07/08 12:47:15.648, 6, 36, 75484, 97887
2026/07/08 12:47:15.663, 7, 43, 75484, 97887
2026/07/08 12:47:16.678, 0, 0, 48704, 97887
2026/07/08 12:47:16.696, 1, 0, 48104, 97887
2026/07/08 12:47:16.713, 2, 0, 48104, 97887
2026/07/08 12:47:16.729, 3, 0, 48104, 97887
2026/07/08 12:47:16.748, 4, 62, 75536, 97887
2026/07/08 12:47:16.765, 5, 57, 75536, 97887
2026/07/08 12:47:16.780, 6, 90, 75484, 97887
2026/07/08 12:47:16.795, 7, 27, 75484, 97887
2026/07/08 12:47:17.809, 0, 0, 48704, 97887
2026/07/08 12:47:17.824, 1, 0, 48104, 97887
2026/07/08 12:47:17.840, 2, 0, 48104, 97887
2026/07/08 12:47:17.858, 3, 0, 48104, 97887
2026/07/08 12:47:17.873, 4, 82, 75536, 97887
2026/07/08 12:47:17.889, 5, 27, 75536, 97887
2026/07/08 12:47:17.905, 6, 42, 75484, 97887
2026/07/08 12:47:17.924, 7, 77, 75484, 97887
2026/07/08 12:47:18.943, 0, 0, 48704, 97887
2026/07/08 12:47:18.960, 1, 0, 48104, 97887
2026/07/08 12:47:18.977, 2, 0, 48104, 97887
2026/07/08 12:47:18.990, 3, 0, 48104, 97887
2026/07/08 12:47:19.001, 4, 86, 75536, 97887
2026/07/08 12:47:19.017, 5, 65, 75536, 97887
2026/07/08 12:47:19.030, 6, 31, 75484, 97887
2026/07/08 12:47:19.044, 7, 86, 75484, 97887
2026/07/08 12:47:20.057, 0, 0, 48704, 97887
2026/07/08 12:47:20.074, 1, 0, 48104, 97887
2026/07/08 12:47:20.086, 2, 0, 48104, 97887
2026/07/08 12:47:20.101, 3, 0, 48104, 97887
2026/07/08 12:47:20.113, 4, 53, 75536, 97887
2026/07/08 12:47:20.130, 5, 42, 75536, 97887
2026/07/08 12:47:20.146, 6, 29, 75484, 97887
2026/07/08 12:47:20.161, 7, 95, 75484, 97887
2026/07/08 12:47:21.178, 0, 0, 48704, 97887
2026/07/08 12:47:21.194, 1, 0, 48104, 97887
2026/07/08 12:47:21.211, 2, 0, 48104, 97887
2026/07/08 12:47:21.228, 3, 0, 48104, 97887
2026/07/08 12:47:21.243, 4, 45, 75536, 97887
2026/07/08 12:47:21.259, 5, 73, 75536, 97887
2026/07/08 12:47:21.275, 6, 26, 75484, 97887
2026/07/08 12:47:21.294, 7, 83, 75484, 97887
2026/07/08 12:47:22.312, 0, 0, 48704, 97887
2026/07/08 12:47:22.330, 1, 0, 48104, 97887
2026/07/08 12:47:22.348, 2, 0, 48104, 97887
2026/07/08 12:47:22.365, 3, 0, 48104, 97887
2026/07/08 12:47:22.381, 4, 48, 75536, 97887
2026/07/08 12:47:22.397, 5, 72, 75536, 97887
2026/07/08 12:47:22.413, 6, 31, 75484, 97887
2026/07/08 12:47:22.429, 7, 90, 75484, 97887
2026/07/08 12:47:23.445, 0, 0, 48704, 97887
2026/07/08 12:47:23.463, 1, 0, 48104, 97887
2026/07/08 12:47:23.483, 2, 0, 48104, 97887
2026/07/08 12:47:23.500, 3, 0, 48104, 97887
2026/07/08 12:47:23.517, 4, 33, 75536, 97887
2026/07/08 12:47:23.533, 5, 87, 75536, 97887
2026/07/08 12:47:23.546, 6, 33, 75484, 97887
2026/07/08 12:47:23.559, 7, 86, 75484, 97887
2026/07/08 12:47:24.570, 0, 0, 48704, 97887
2026/07/08 12:47:24.586, 1, 0, 48104, 97887
2026/07/08 12:47:24.604, 2, 0, 48104, 97887
2026/07/08 12:47:24.620, 3, 0, 48104, 97887
2026/07/08 12:47:24.638, 4, 50, 75536, 97887
2026/07/08 12:47:24.655, 5, 88, 75536, 97887
2026/07/08 12:47:24.671, 6, 30, 75484, 97887
2026/07/08 12:47:24.690, 7, 83, 75484, 97887
2026/07/08 12:47:25.707, 0, 0, 48704, 97887
2026/07/08 12:47:25.735, 1, 0, 48104, 97887
2026/07/08 12:47:25.754, 2, 0, 48104, 97887
2026/07/08 12:47:25.774, 3, 0, 48104, 97887
2026/07/08 12:47:25.795, 4, 52, 75536, 97887
2026/07/08 12:47:25.810, 5, 47, 75536, 97887
2026/07/08 12:47:25.821, 6, 48, 75484, 97887
2026/07/08 12:47:25.836, 7, 73, 75484, 97887
2026/07/08 12:47:26.851, 0, 0, 48704, 97887
2026/07/08 12:47:26.871, 1, 0, 48104, 97887
2026/07/08 12:47:26.887, 2, 0, 48104, 97887
2026/07/08 12:47:26.905, 3, 0, 48104, 97887
2026/07/08 12:47:26.923, 4, 77, 75536, 97887
2026/07/08 12:47:26.940, 5, 43, 75536, 97887
2026/07/08 12:47:26.956, 6, 37, 75484, 97887
2026/07/08 12:47:26.976, 7, 93, 75484, 97887
2026/07/08 12:47:27.997, 0, 0, 48704, 97887
2026/07/08 12:47:28.015, 1, 0, 48104, 97887
2026/07/08 12:47:28.030, 2, 0, 48104, 97887
2026/07/08 12:47:28.044, 3, 0, 48104, 97887
2026/07/08 12:47:28.061, 4, 63, 75536, 97887
2026/07/08 12:47:28.081, 5, 45, 75536, 97887
2026/07/08 12:47:28.098, 6, 39, 75484, 97887
2026/07/08 12:47:28.117, 7, 78, 75484, 97887
2026/07/08 12:47:29.136, 0, 0, 48704, 97887
2026/07/08 12:47:29.155, 1, 0, 48104, 97887
2026/07/08 12:47:29.176, 2, 0, 48104, 97887
2026/07/08 12:47:29.193, 3, 0, 48104, 97887
2026/07/08 12:47:29.209, 4, 87, 75536, 97887
2026/07/08 12:47:29.227, 5, 34, 75536, 97887
2026/07/08 12:47:29.243, 6, 36, 75484, 97887
2026/07/08 12:47:29.258, 7, 84, 75484, 97887
2026/07/08 12:47:30.275, 0, 0, 48704, 97887
2026/07/08 12:47:30.294, 1, 0, 48104, 97887
2026/07/08 12:47:30.312, 2, 0, 48104, 97887
2026/07/08 12:47:30.331, 3, 0, 48104, 97887
2026/07/08 12:47:30.348, 4, 86, 75536, 97887
2026/07/08 12:47:30.367, 5, 33, 75536, 97887
2026/07/08 12:47:30.388, 6, 35, 75484, 97887
2026/07/08 12:47:30.408, 7, 92, 75484, 97887
2026/07/08 12:47:31.426, 0, 0, 48704, 97887
2026/07/08 12:47:31.452, 1, 0, 48104, 97887
2026/07/08 12:47:31.472, 2, 0, 48104, 97887
2026/07/08 12:47:31.486, 3, 0, 48104, 97887
2026/07/08 12:47:31.501, 4, 91, 75536, 97887
2026/07/08 12:47:31.514, 5, 36, 75536, 97887
2026/07/08 12:47:31.528, 6, 33, 75484, 97887
2026/07/08 12:47:31.546, 7, 78, 75484, 97887
2026/07/08 12:47:32.564, 0, 0, 48704, 97887
2026/07/08 12:47:32.577, 1, 0, 48104, 97887
2026/07/08 12:47:32.589, 2, 0, 48104, 97887
2026/07/08 12:47:32.601, 3, 0, 48104, 97887
2026/07/08 12:47:32.616, 4, 92, 75536, 97887
2026/07/08 12:47:32.629, 5, 59, 75536, 97887
2026/07/08 12:47:32.644, 6, 31, 75484, 97887
2026/07/08 12:47:32.660, 7, 94, 75484, 97887
2026/07/08 12:47:33.679, 0, 0, 48704, 97887
2026/07/08 12:47:33.697, 1, 0, 48104, 97887
2026/07/08 12:47:33.715, 2, 0, 48104, 97887
2026/07/08 12:47:33.730, 3, 0, 48104, 97887
2026/07/08 12:47:33.747, 4, 70, 75536, 97887
2026/07/08 12:47:33.761, 5, 38, 75536, 97887
2026/07/08 12:47:33.778, 6, 37, 75484, 97887
2026/07/08 12:47:33.794, 7, 83, 75484, 97887
2026/07/08 12:47:34.811, 0, 0, 48704, 97887
2026/07/08 12:47:34.830, 1, 0, 48104, 97887
2026/07/08 12:47:34.850, 2, 0, 48104, 97887
2026/07/08 12:47:34.866, 3, 0, 48104, 97887
2026/07/08 12:47:34.883, 4, 95, 75536, 97887
2026/07/08 12:47:34.898, 5, 36, 75536, 97887
2026/07/08 12:47:34.913, 6, 47, 75484, 97887
2026/07/08 12:47:34.930, 7, 84, 75484, 97887
2026/07/08 12:47:35.945, 0, 0, 48704, 97887
2026/07/08 12:47:35.965, 1, 0, 48104, 97887
2026/07/08 12:47:35.981, 2, 0, 48104, 97887
2026/07/08 12:47:36.000, 3, 0, 48104, 97887
2026/07/08 12:47:36.020, 4, 51, 75536, 97887
2026/07/08 12:47:36.037, 5, 34, 75536, 97887
2026/07/08 12:47:36.056, 6, 40, 75484, 97887
2026/07/08 12:47:36.073, 7, 71, 75484, 97887
2026/07/08 12:47:37.091, 0, 0, 48704, 97887
2026/07/08 12:47:37.113, 1, 0, 48104, 97887
2026/07/08 12:47:37.131, 2, 0, 48104, 97887
2026/07/08 12:47:37.148, 3, 0, 48104, 97887
2026/07/08 12:47:37.166, 4, 81, 75536, 97887
2026/07/08 12:47:37.182, 5, 39, 75536, 97887
2026/07/08 12:47:37.199, 6, 52, 75484, 97887
2026/07/08 12:47:37.217, 7, 85, 75484, 97887
2026/07/08 12:47:38.234, 0, 0, 48704, 97887
2026/07/08 12:47:38.253, 1, 0, 48104, 97887
2026/07/08 12:47:38.270, 2, 0, 48104, 97887
2026/07/08 12:47:38.288, 3, 0, 48104, 97887
2026/07/08 12:47:38.306, 4, 75, 75536, 97887
2026/07/08 12:47:38.325, 5, 34, 75536, 97887
2026/07/08 12:47:38.344, 6, 57, 75484, 97887
2026/07/08 12:47:38.364, 7, 81, 75484, 97887
2026/07/08 12:47:39.382, 0, 0, 48704, 97887
2026/07/08 12:47:39.400, 1, 0, 48104, 97887
2026/07/08 12:47:39.417, 2, 0, 48104, 97887
2026/07/08 12:47:39.435, 3, 0, 48104, 97887
2026/07/08 12:47:39.451, 4, 92, 75538, 97887
2026/07/08 12:47:39.468, 5, 67, 75538, 97887
2026/07/08 12:47:39.485, 6, 26, 75484, 97887
2026/07/08 12:47:39.502, 7, 80, 75484, 97887
2026/07/08 12:47:40.521, 0, 0, 48704, 97887
2026/07/08 12:47:40.541, 1, 0, 48104, 97887
2026/07/08 12:47:40.559, 2, 0, 48104, 97887
2026/07/08 12:47:40.577, 3, 0, 48104, 97887
2026/07/08 12:47:40.598, 4, 32, 75538, 97887
2026/07/08 12:47:40.617, 5, 95, 75538, 97887
2026/07/08 12:47:40.634, 6, 31, 75484, 97887
2026/07/08 12:47:40.654, 7, 86, 75484, 97887
2026/07/08 12:47:41.672, 0, 0, 48704, 97887
2026/07/08 12:47:41.694, 1, 0, 48104, 97887
2026/07/08 12:47:41.711, 2, 0, 48104, 97887
2026/07/08 12:47:41.728, 3, 0, 48104, 97887
2026/07/08 12:47:41.746, 4, 74, 75538, 97887
2026/07/08 12:47:41.763, 5, 34, 75538, 97887
2026/07/08 12:47:41.782, 6, 31, 75484, 97887
2026/07/08 12:47:41.800, 7, 85, 75484, 97887
2026/07/08 12:47:42.820, 0, 0, 48704, 97887
2026/07/08 12:47:42.838, 1, 0, 48104, 97887
2026/07/08 12:47:42.854, 2, 0, 48104, 97887
2026/07/08 12:47:42.871, 3, 0, 48104, 97887
2026/07/08 12:47:42.887, 4, 88, 75538, 97887
2026/07/08 12:47:42.904, 5, 37, 75538, 97887
2026/07/08 12:47:42.922, 6, 37, 75484, 97887
2026/07/08 12:47:42.942, 7, 86, 75484, 97887
2026/07/08 12:47:43.964, 0, 0, 48704, 97887
2026/07/08 12:47:43.984, 1, 0, 48104, 97887
2026/07/08 12:47:43.999, 2, 0, 48104, 97887
2026/07/08 12:47:44.017, 3, 0, 48104, 97887
2026/07/08 12:47:44.033, 4, 84, 75538, 97887
2026/07/08 12:47:44.045, 5, 27, 75538, 97887
2026/07/08 12:47:44.058, 6, 36, 75484, 97887
2026/07/08 12:47:44.069, 7, 81, 75484, 97887
2026/07/08 12:47:45.077, 0, 0, 48704, 97887
2026/07/08 12:47:45.098, 1, 0, 48104, 97887
2026/07/08 12:47:45.114, 2, 0, 48104, 97887
2026/07/08 12:47:45.135, 3, 0, 48104, 97887
2026/07/08 12:47:45.151, 4, 48, 75538, 97887
2026/07/08 12:47:45.165, 5, 72, 75538, 97887
2026/07/08 12:47:45.181, 6, 33, 75484, 97887
2026/07/08 12:47:45.196, 7, 86, 75484, 97887
2026/07/08 12:47:46.211, 0, 0, 48704, 97887
2026/07/08 12:47:46.232, 1, 0, 48104, 97887
2026/07/08 12:47:46.249, 2, 0, 48104, 97887
2026/07/08 12:47:46.266, 3, 0, 48104, 97887
2026/07/08 12:47:46.280, 4, 93, 75538, 97887
2026/07/08 12:47:46.296, 5, 30, 75538, 97887
2026/07/08 12:47:46.314, 6, 73, 75484, 97887
2026/07/08 12:47:46.332, 7, 73, 75484, 97887
2026/07/08 12:47:47.350, 0, 0, 48704, 97887
2026/07/08 12:47:47.362, 1, 0, 48104, 97887
2026/07/08 12:47:47.373, 2, 0, 48104, 97887
2026/07/08 12:47:47.388, 3, 0, 48104, 97887
2026/07/08 12:47:47.406, 4, 63, 75538, 97887
2026/07/08 12:47:47.424, 5, 28, 75538, 97887
2026/07/08 12:47:47.440, 6, 39, 75484, 97887
2026/07/08 12:47:47.454, 7, 89, 75484, 97887
2026/07/08 12:47:48.471, 0, 0, 48704, 97887
2026/07/08 12:47:48.490, 1, 0, 48104, 97887
2026/07/08 12:47:48.507, 2, 0, 48104, 97887
2026/07/08 12:47:48.525, 3, 0, 48104, 97887
2026/07/08 12:47:48.543, 4, 61, 75538, 97887
2026/07/08 12:47:48.561, 5, 34, 75538, 97887
2026/07/08 12:47:48.578, 6, 34, 75484, 97887
2026/07/08 12:47:48.595, 7, 82, 75484, 97887
2026/07/08 12:47:49.610, 0, 0, 48704, 97887
2026/07/08 12:47:49.629, 1, 0, 48104, 97887
2026/07/08 12:47:49.647, 2, 0, 48104, 97887
2026/07/08 12:47:49.663, 3, 0, 48104, 97887
2026/07/08 12:47:49.679, 4, 96, 75538, 97887
2026/07/08 12:47:49.698, 5, 32, 75538, 97887
2026/07/08 12:47:49.714, 6, 66, 75484, 97887
2026/07/08 12:47:49.730, 7, 67, 75484, 97887
2026/07/08 12:47:50.748, 0, 0, 48704, 97887
2026/07/08 12:47:50.764, 1, 0, 48104, 97887
2026/07/08 12:47:50.779, 2, 0, 48104, 97887
2026/07/08 12:47:50.797, 3, 0, 48104, 97887
2026/07/08 12:47:50.812, 4, 91, 75538, 97887
2026/07/08 12:47:50.826, 5, 35, 75538, 97887
2026/07/08 12:47:50.843, 6, 41, 75484, 97887
2026/07/08 12:47:50.860, 7, 88, 75484, 97887
2026/07/08 12:47:51.879, 0, 0, 48704, 97887
2026/07/08 12:47:51.898, 1, 0, 48104, 97887
2026/07/08 12:47:51.914, 2, 0, 48104, 97887
2026/07/08 12:47:51.932, 3, 0, 48104, 97887
2026/07/08 12:47:51.948, 4, 48, 75538, 97887
2026/07/08 12:47:51.964, 5, 55, 75538, 97887
2026/07/08 12:47:51.978, 6, 35, 75484, 97887
2026/07/08 12:47:51.991, 7, 72, 75484, 97887
2026/07/08 12:47:53.008, 0, 0, 48704, 97887
2026/07/08 12:47:53.045, 1, 0, 48104, 97887
2026/07/08 12:47:53.065, 2, 0, 48104, 97887
2026/07/08 12:47:53.108, 3, 0, 48104, 97887
2026/07/08 12:47:53.128, 4, 18, 75538, 97887
2026/07/08 12:47:53.148, 5, 92, 75538, 97887
2026/07/08 12:47:53.168, 6, 60, 75484, 97887
2026/07/08 12:47:53.186, 7, 71, 75484, 97887
2026/07/08 12:47:54.200, 0, 0, 48704, 97887
2026/07/08 12:47:54.219, 1, 0, 48104, 97887
2026/07/08 12:47:54.237, 2, 0, 48104, 97887
2026/07/08 12:47:54.253, 3, 0, 48104, 97887
2026/07/08 12:47:54.272, 4, 47, 75538, 97887
2026/07/08 12:47:54.293, 5, 48, 75538, 97887
2026/07/08 12:47:54.313, 6, 33, 75484, 97887
2026/07/08 12:47:54.332, 7, 62, 75484, 97887
2026/07/08 12:47:55.348, 0, 0, 48704, 97887
2026/07/08 12:47:55.367, 1, 0, 48104, 97887
2026/07/08 12:47:55.384, 2, 0, 48104, 97887
2026/07/08 12:47:55.402, 3, 0, 48104, 97887
2026/07/08 12:47:55.422, 4, 85, 75538, 97887
2026/07/08 12:47:55.438, 5, 34, 75538, 97887
2026/07/08 12:47:55.457, 6, 96, 75484, 97887
2026/07/08 12:47:55.476, 7, 38, 75484, 97887
2026/07/08 12:47:56.495, 0, 0, 48704, 97887
2026/07/08 12:47:56.516, 1, 0, 48104, 97887
2026/07/08 12:47:56.536, 2, 0, 48104, 97887
2026/07/08 12:47:56.554, 3, 0, 48104, 97887
2026/07/08 12:47:56.570, 4, 34, 75538, 97887
2026/07/08 12:47:56.587, 5, 89, 75538, 97887
2026/07/08 12:47:56.605, 6, 44, 75484, 97887
2026/07/08 12:47:56.622, 7, 65, 75484, 97887
2026/07/08 12:47:57.638, 0, 0, 48704, 97887
2026/07/08 12:47:57.657, 1, 0, 48104, 97887
2026/07/08 12:47:57.674, 2, 0, 48104, 97887
2026/07/08 12:47:57.693, 3, 0, 48104, 97887
2026/07/08 12:47:57.707, 4, 96, 75538, 97887
2026/07/08 12:47:57.720, 5, 35, 75538, 97887
2026/07/08 12:47:57.731, 6, 52, 75484, 97887
2026/07/08 12:47:57.743, 7, 64, 75484, 97887
2026/07/08 12:47:58.757, 0, 0, 48704, 97887
2026/07/08 12:47:58.788, 1, 0, 48104, 97887
2026/07/08 12:47:58.808, 2, 0, 48104, 97887
2026/07/08 12:47:58.832, 3, 0, 48104, 97887
2026/07/08 12:47:58.854, 4, 37, 75538, 97887
2026/07/08 12:47:58.871, 5, 81, 75538, 97887
2026/07/08 12:47:58.889, 6, 51, 75484, 97887
2026/07/08 12:47:58.906, 7, 81, 75484, 97887
2026/07/08 12:47:59.923, 0, 0, 48704, 97887
2026/07/08 12:47:59.937, 1, 0, 48104, 97887
2026/07/08 12:47:59.953, 2, 0, 48104, 97887
2026/07/08 12:47:59.968, 3, 0, 48104, 97887
2026/07/08 12:47:59.984, 4, 67, 75538, 97887
2026/07/08 12:48:00.002, 5, 56, 75538, 97887
2026/07/08 12:48:00.017, 6, 88, 75484, 97887
2026/07/08 12:48:00.029, 7, 39, 75484, 97887
2026/07/08 12:48:01.047, 0, 0, 48704, 97887
2026/07/08 12:48:01.065, 1, 0, 48104, 97887
2026/07/08 12:48:01.083, 2, 0, 48104, 97887
2026/07/08 12:48:01.103, 3, 0, 48104, 97887
2026/07/08 12:48:01.122, 4, 19, 75538, 97887
2026/07/08 12:48:01.139, 5, 91, 75538, 97887
2026/07/08 12:48:01.158, 6, 50, 75484, 97887
2026/07/08 12:48:01.173, 7, 53, 75484, 97887
2026/07/08 12:48:02.190, 0, 0, 48704, 97887
2026/07/08 12:48:02.213, 1, 0, 48104, 97887
2026/07/08 12:48:02.231, 2, 0, 48104, 97887
2026/07/08 12:48:02.247, 3, 0, 48104, 97887
2026/07/08 12:48:02.265, 4, 25, 75538, 97887
2026/07/08 12:48:02.283, 5, 96, 75538, 97887
2026/07/08 12:48:02.302, 6, 74, 75484, 97887
2026/07/08 12:48:02.323, 7, 26, 75484, 97887
2026/07/08 12:48:03.343, 0, 0, 48704, 97887
2026/07/08 12:48:03.363, 1, 0, 48104, 97887
2026/07/08 12:48:03.382, 2, 0, 48104, 97887
2026/07/08 12:48:03.398, 3, 0, 48104, 97887
2026/07/08 12:48:03.416, 4, 25, 75538, 97887
2026/07/08 12:48:03.432, 5, 100, 75538, 97887
2026/07/08 12:48:03.450, 6, 84, 75484, 97887
2026/07/08 12:48:03.469, 7, 30, 75484, 97887
2026/07/08 12:48:04.487, 0, 0, 48704, 97887
2026/07/08 12:48:04.502, 1, 0, 48104, 97887
2026/07/08 12:48:04.519, 2, 0, 48104, 97887
2026/07/08 12:48:04.535, 3, 0, 48104, 97887
2026/07/08 12:48:04.551, 4, 28, 75538, 97887
2026/07/08 12:48:04.567, 5, 93, 75538, 97887
2026/07/08 12:48:04.584, 6, 55, 75484, 97887
2026/07/08 12:48:04.603, 7, 54, 75484, 97887
2026/07/08 12:48:05.621, 0, 0, 48704, 97887
2026/07/08 12:48:05.640, 1, 0, 48104, 97887
2026/07/08 12:48:05.658, 2, 0, 48104, 97887
2026/07/08 12:48:05.673, 3, 0, 48104, 97887
2026/07/08 12:48:05.688, 4, 79, 75538, 97887
2026/07/08 12:48:05.702, 5, 35, 75538, 97887
2026/07/08 12:48:05.713, 6, 86, 75484, 97887
2026/07/08 12:48:05.723, 7, 29, 75484, 97887
2026/07/08 12:48:06.736, 0, 0, 48704, 97887
2026/07/08 12:48:06.754, 1, 0, 48104, 97887
2026/07/08 12:48:06.771, 2, 0, 48104, 97887
2026/07/08 12:48:06.787, 3, 0, 48104, 97887
2026/07/08 12:48:06.803, 4, 57, 75538, 97887
2026/07/08 12:48:06.821, 5, 75, 75538, 97887
2026/07/08 12:48:06.838, 6, 100, 75484, 97887
2026/07/08 12:48:06.856, 7, 100, 75484, 97887
2026/07/08 12:48:07.874, 0, 0, 48704, 97887
2026/07/08 12:48:07.892, 1, 0, 48104, 97887
2026/07/08 12:48:07.911, 2, 0, 48104, 97887
2026/07/08 12:48:07.930, 3, 0, 48104, 97887
2026/07/08 12:48:07.946, 4, 63, 75538, 97887
2026/07/08 12:48:07.963, 5, 80, 75538, 97887
2026/07/08 12:48:07.983, 6, 62, 75484, 97887
2026/07/08 12:48:08.004, 7, 79, 75484, 97887
2026/07/08 12:48:09.021, 0, 0, 48704, 97887
2026/07/08 12:48:09.041, 1, 0, 48104, 97887
2026/07/08 12:48:09.061, 2, 0, 48104, 97887
2026/07/08 12:48:09.079, 3, 0, 48104, 97887
2026/07/08 12:48:09.095, 4, 77, 75538, 97887
2026/07/08 12:48:09.112, 5, 32, 75538, 97887
2026/07/08 12:48:09.130, 6, 37, 75484, 97887
2026/07/08 12:48:09.149, 7, 59, 75484, 97887
2026/07/08 12:48:10.170, 0, 0, 48704, 97887
2026/07/08 12:48:10.188, 1, 0, 48104, 97887
2026/07/08 12:48:10.204, 2, 0, 48104, 97887
2026/07/08 12:48:10.221, 3, 0, 48104, 97887
2026/07/08 12:48:10.238, 4, 25, 75538, 97887
2026/07/08 12:48:10.256, 5, 93, 75538, 97887
2026/07/08 12:48:10.273, 6, 47, 75484, 97887
2026/07/08 12:48:10.290, 7, 66, 75484, 97887
2026/07/08 12:48:11.309, 0, 0, 48704, 97887
2026/07/08 12:48:11.328, 1, 0, 48104, 97887
2026/07/08 12:48:11.343, 2, 0, 48104, 97887
2026/07/08 12:48:11.357, 3, 0, 48104, 97887
2026/07/08 12:48:11.371, 4, 26, 75538, 97887
2026/07/08 12:48:11.388, 5, 88, 75538, 97887
2026/07/08 12:48:11.407, 6, 54, 75484, 97887
2026/07/08 12:48:11.422, 7, 70, 75484, 97887
2026/07/08 12:48:12.436, 0, 0, 48704, 97887
2026/07/08 12:48:12.454, 1, 0, 48104, 97887
2026/07/08 12:48:12.470, 2, 0, 48104, 97887
2026/07/08 12:48:12.486, 3, 0, 48104, 97887
2026/07/08 12:48:12.502, 4, 47, 75538, 97887
2026/07/08 12:48:12.514, 5, 79, 75538, 97887
2026/07/08 12:48:12.521, 6, 39, 75484, 97887
2026/07/08 12:48:12.531, 7, 81, 75484, 97887
2026/07/08 12:48:13.542, 0, 0, 48704, 97887
2026/07/08 12:48:13.560, 1, 0, 48104, 97887
2026/07/08 12:48:13.580, 2, 0, 48104, 97887
2026/07/08 12:48:13.595, 3, 0, 48104, 97887
2026/07/08 12:48:13.610, 4, 64, 75538, 97887
2026/07/08 12:48:13.628, 5, 78, 75538, 97887
2026/07/08 12:48:13.646, 6, 43, 75484, 97887
2026/07/08 12:48:13.666, 7, 96, 75484, 97887
2026/07/08 12:48:14.684, 0, 0, 48704, 97887
2026/07/08 12:48:14.703, 1, 0, 48104, 97887
2026/07/08 12:48:14.720, 2, 0, 48104, 97887
2026/07/08 12:48:14.733, 3, 0, 48104, 97887
2026/07/08 12:48:14.749, 4, 27, 75538, 97887
2026/07/08 12:48:14.767, 5, 93, 75538, 97887
2026/07/08 12:48:14.782, 6, 44, 75484, 97887
2026/07/08 12:48:14.797, 7, 91, 75484, 97887
2026/07/08 12:48:15.812, 0, 0, 48704, 97887
2026/07/08 12:48:15.830, 1, 0, 48104, 97887
2026/07/08 12:48:15.847, 2, 0, 48104, 97887
2026/07/08 12:48:15.862, 3, 0, 48104, 97887
2026/07/08 12:48:15.878, 4, 32, 75538, 97887
2026/07/08 12:48:15.895, 5, 90, 75538, 97887
2026/07/08 12:48:15.908, 6, 49, 75484, 97887
2026/07/08 12:48:15.925, 7, 81, 75484, 97887
2026/07/08 12:48:16.941, 0, 0, 48704, 97887
2026/07/08 12:48:16.958, 1, 0, 48104, 97887
2026/07/08 12:48:16.977, 2, 0, 48104, 97887
2026/07/08 12:48:16.991, 3, 0, 48104, 97887
2026/07/08 12:48:17.004, 4, 20, 75538, 97887
2026/07/08 12:48:17.018, 5, 93, 75538, 97887
2026/07/08 12:48:17.035, 6, 91, 75484, 97887
2026/07/08 12:48:17.048, 7, 28, 75484, 97887
2026/07/08 12:48:18.062, 0, 0, 48704, 97887
2026/07/08 12:48:18.075, 1, 0, 48104, 97887
2026/07/08 12:48:18.084, 2, 0, 48104, 97887
2026/07/08 12:48:18.096, 3, 0, 48104, 97887
2026/07/08 12:48:18.109, 4, 23, 75538, 97887
2026/07/08 12:48:18.124, 5, 93, 75538, 97887
2026/07/08 12:48:18.137, 6, 87, 75484, 97887
2026/07/08 12:48:18.155, 7, 26, 75484, 97887
2026/07/08 12:48:19.173, 0, 0, 48704, 97887
2026/07/08 12:48:19.188, 1, 0, 48104, 97887
2026/07/08 12:48:19.200, 2, 0, 48104, 97887
2026/07/08 12:48:19.211, 3, 0, 48104, 97887
2026/07/08 12:48:19.221, 4, 60, 75538, 97887
2026/07/08 12:48:19.233, 5, 51, 75538, 97887
2026/07/08 12:48:19.248, 6, 87, 75484, 97887
2026/07/08 12:48:19.258, 7, 78, 75484, 97887
2026/07/08 12:48:20.274, 0, 0, 48704, 97887
2026/07/08 12:48:20.290, 1, 0, 48104, 97887
2026/07/08 12:48:20.306, 2, 0, 48104, 97887
2026/07/08 12:48:20.321, 3, 0, 48104, 97887
2026/07/08 12:48:20.337, 4, 34, 75538, 97887
2026/07/08 12:48:20.351, 5, 93, 75538, 97887
2026/07/08 12:48:20.366, 6, 47, 75484, 97887
2026/07/08 12:48:20.379, 7, 87, 75484, 97887
2026/07/08 12:48:21.391, 0, 0, 48704, 97887
2026/07/08 12:48:21.410, 1, 0, 48104, 97887
2026/07/08 12:48:21.425, 2, 0, 48104, 97887
2026/07/08 12:48:21.440, 3, 0, 48104, 97887
2026/07/08 12:48:21.456, 4, 70, 75538, 97887
2026/07/08 12:48:21.471, 5, 82, 75538, 97887
2026/07/08 12:48:21.488, 6, 41, 75484, 97887
2026/07/08 12:48:21.504, 7, 41, 75484, 97887
2026/07/08 12:48:22.519, 0, 0, 48704, 97887
2026/07/08 12:48:22.529, 1, 0, 48104, 97887
2026/07/08 12:48:22.541, 2, 0, 48104, 97887
2026/07/08 12:48:22.552, 3, 0, 48104, 97887
2026/07/08 12:48:22.558, 4, 55, 75538, 97887
2026/07/08 12:48:22.564, 5, 82, 75538, 97887
2026/07/08 12:48:22.569, 6, 35, 75484, 97887
2026/07/08 12:48:22.576, 7, 81, 75484, 97887
2026/07/08 12:48:23.583, 0, 0, 48704, 97887
2026/07/08 12:48:23.601, 1, 0, 48104, 97887
2026/07/08 12:48:23.615, 2, 0, 48104, 97887
2026/07/08 12:48:23.630, 3, 0, 48104, 97887
2026/07/08 12:48:23.647, 4, 36, 75538, 97887
2026/07/08 12:48:23.664, 5, 89, 75538, 97887
2026/07/08 12:48:23.681, 6, 88, 75484, 97887
2026/07/08 12:48:23.696, 7, 37, 75484, 97887
2026/07/08 12:48:24.712, 0, 0, 48704, 97887
2026/07/08 12:48:24.730, 1, 0, 48104, 97887
2026/07/08 12:48:24.743, 2, 0, 48104, 97887
2026/07/08 12:48:24.758, 3, 0, 48104, 97887
2026/07/08 12:48:24.772, 4, 24, 75538, 97887
2026/07/08 12:48:24.786, 5, 93, 75538, 97887
2026/07/08 12:48:24.799, 6, 93, 75484, 97887
2026/07/08 12:48:24.812, 7, 34, 75484, 97887
2026/07/08 12:48:25.828, 0, 0, 48704, 97887
2026/07/08 12:48:25.838, 1, 0, 48104, 97887
2026/07/08 12:48:25.847, 2, 0, 48104, 97887
2026/07/08 12:48:25.859, 3, 0, 48104, 97887
2026/07/08 12:48:25.875, 4, 33, 75538, 97887
2026/07/08 12:48:25.891, 5, 94, 75538, 97887
2026/07/08 12:48:25.907, 6, 91, 75484, 97887
2026/07/08 12:48:25.921, 7, 40, 75484, 97887
2026/07/08 12:48:26.936, 0, 0, 48704, 97887
2026/07/08 12:48:26.952, 1, 0, 48104, 97887
2026/07/08 12:48:26.967, 2, 0, 48104, 97887
2026/07/08 12:48:26.980, 3, 0, 48104, 97887
2026/07/08 12:48:26.996, 4, 68, 75538, 97887
2026/07/08 12:48:27.012, 5, 94, 75538, 97887
2026/07/08 12:48:27.026, 6, 82, 75484, 97887
2026/07/08 12:48:27.042, 7, 48, 75484, 97887
2026/07/08 12:48:28.056, 0, 0, 48704, 97887
2026/07/08 12:48:28.075, 1, 0, 48104, 97887
2026/07/08 12:48:28.090, 2, 0, 48104, 97887
2026/07/08 12:48:28.107, 3, 0, 48104, 97887
2026/07/08 12:48:28.120, 4, 60, 75538, 97887
2026/07/08 12:48:28.135, 5, 81, 75538, 97887
2026/07/08 12:48:28.150, 6, 94, 75484, 97887
2026/07/08 12:48:28.166, 7, 36, 75484, 97887
2026/07/08 12:48:29.181, 0, 0, 48704, 97887
2026/07/08 12:48:29.197, 1, 0, 48104, 97887
2026/07/08 12:48:29.213, 2, 0, 48104, 97887
2026/07/08 12:48:29.230, 3, 0, 48104, 97887
2026/07/08 12:48:29.247, 4, 40, 75538, 97887
2026/07/08 12:48:29.265, 5, 93, 75538, 97887
2026/07/08 12:48:29.286, 6, 40, 75484, 97887
2026/07/08 12:48:29.306, 7, 86, 75484, 97887
2026/07/08 12:48:30.324, 0, 0, 48704, 97887
2026/07/08 12:48:30.342, 1, 0, 48104, 97887
2026/07/08 12:48:30.358, 2, 0, 48104, 97887
2026/07/08 12:48:30.373, 3, 0, 48104, 97887
2026/07/08 12:48:30.389, 4, 29, 75538, 97887
2026/07/08 12:48:30.402, 5, 88, 75538, 97887
2026/07/08 12:48:30.413, 6, 39, 75484, 97887
2026/07/08 12:48:30.428, 7, 71, 75484, 97887
2026/07/08 12:48:31.448, 0, 0, 48704, 97887
2026/07/08 12:48:31.470, 1, 0, 48104, 97887
2026/07/08 12:48:31.489, 2, 0, 48104, 97887
2026/07/08 12:48:31.519, 3, 0, 48104, 97887
2026/07/08 12:48:31.543, 4, 49, 75538, 97887
2026/07/08 12:48:31.567, 5, 73, 75538, 97887
2026/07/08 12:48:31.588, 6, 43, 75484, 97887
2026/07/08 12:48:31.608, 7, 83, 75484, 97887
2026/07/08 12:48:32.629, 0, 0, 48704, 97887
2026/07/08 12:48:32.646, 1, 0, 48104, 97887
2026/07/08 12:48:32.659, 2, 0, 48104, 97887
2026/07/08 12:48:32.676, 3, 0, 48104, 97887
2026/07/08 12:48:32.694, 4, 92, 75538, 97887
2026/07/08 12:48:32.710, 5, 94, 75538, 97887
2026/07/08 12:48:32.726, 6, 35, 75484, 97887
2026/07/08 12:48:32.742, 7, 94, 75484, 97887
2026/07/08 12:48:33.759, 0, 0, 48704, 97887
2026/07/08 12:48:33.777, 1, 0, 48104, 97887
2026/07/08 12:48:33.793, 2, 0, 48104, 97887
2026/07/08 12:48:33.807, 3, 0, 48104, 97887
2026/07/08 12:48:33.824, 4, 90, 75538, 97887
2026/07/08 12:48:33.840, 5, 32, 75538, 97887
2026/07/08 12:48:33.856, 6, 28, 75484, 97887
2026/07/08 12:48:33.875, 7, 85, 75484, 97887
2026/07/08 12:48:34.892, 0, 0, 48704, 97887
2026/07/08 12:48:34.913, 1, 0, 48104, 97887
2026/07/08 12:48:34.931, 2, 0, 48104, 97887
2026/07/08 12:48:34.946, 3, 0, 48104, 97887
2026/07/08 12:48:34.962, 4, 27, 75538, 97887
2026/07/08 12:48:34.978, 5, 94, 75538, 97887
2026/07/08 12:48:34.994, 6, 37, 75484, 97887
2026/07/08 12:48:35.009, 7, 86, 75484, 97887
2026/07/08 12:48:36.024, 0, 0, 48704, 97887
2026/07/08 12:48:36.044, 1, 0, 48104, 97887
2026/07/08 12:48:36.059, 2, 0, 48104, 97887
2026/07/08 12:48:36.079, 3, 0, 48104, 97887
2026/07/08 12:48:36.094, 4, 30, 75538, 97887
2026/07/08 12:48:36.112, 5, 90, 75538, 97887
2026/07/08 12:48:36.131, 6, 42, 75484, 97887
2026/07/08 12:48:36.150, 7, 92, 75484, 97887
2026/07/08 12:48:37.169, 0, 0, 48704, 97887
2026/07/08 12:48:37.187, 1, 0, 48104, 97887
2026/07/08 12:48:37.211, 2, 0, 48104, 97887
2026/07/08 12:48:37.228, 3, 0, 48104, 97887
2026/07/08 12:48:37.252, 4, 92, 75538, 97887
2026/07/08 12:48:37.271, 5, 49, 75538, 97887
2026/07/08 12:48:37.290, 6, 34, 75484, 97887
2026/07/08 12:48:37.310, 7, 95, 75484, 97887
2026/07/08 12:48:38.331, 0, 0, 48704, 97887
2026/07/08 12:48:38.347, 1, 0, 48104, 97887
2026/07/08 12:48:38.363, 2, 0, 48104, 97887
2026/07/08 12:48:38.376, 3, 0, 48104, 97887
2026/07/08 12:48:38.390, 4, 32, 75538, 97887
2026/07/08 12:48:38.408, 5, 95, 75538, 97887
2026/07/08 12:48:38.427, 6, 40, 75484, 97887
2026/07/08 12:48:38.443, 7, 89, 75484, 97887
2026/07/08 12:48:39.460, 0, 0, 48704, 97887
2026/07/08 12:48:39.474, 1, 0, 48104, 97887
2026/07/08 12:48:39.489, 2, 0, 48104, 97887
2026/07/08 12:48:39.505, 3, 0, 48104, 97887
2026/07/08 12:48:39.522, 4, 50, 75540, 97887
2026/07/08 12:48:39.537, 5, 51, 75538, 97887
2026/07/08 12:48:39.551, 6, 36, 75484, 97887
2026/07/08 12:48:39.565, 7, 55, 75484, 97887
2026/07/08 12:48:40.583, 0, 0, 48704, 97887
2026/07/08 12:48:40.599, 1, 0, 48104, 97887
2026/07/08 12:48:40.614, 2, 0, 48104, 97887
2026/07/08 12:48:40.631, 3, 0, 48104, 97887
2026/07/08 12:48:40.650, 4, 28, 75540, 97887
2026/07/08 12:48:40.668, 5, 94, 75538, 97887
2026/07/08 12:48:40.688, 6, 40, 75484, 97887
2026/07/08 12:48:40.709, 7, 93, 75484, 97887
2026/07/08 12:48:41.728, 0, 0, 48704, 97887
2026/07/08 12:48:41.745, 1, 0, 48104, 97887
2026/07/08 12:48:41.762, 2, 0, 48104, 97887
2026/07/08 12:48:41.781, 3, 0, 48104, 97887
2026/07/08 12:48:41.800, 4, 54, 75540, 97887
2026/07/08 12:48:41.820, 5, 78, 75538, 97887
2026/07/08 12:48:41.838, 6, 36, 75484, 97887
2026/07/08 12:48:41.856, 7, 94, 75484, 97887
2026/07/08 12:48:42.871, 0, 0, 48704, 97887
2026/07/08 12:48:42.887, 1, 0, 48104, 97887
2026/07/08 12:48:42.903, 2, 0, 48104, 97887
2026/07/08 12:48:42.917, 3, 0, 48104, 97887
2026/07/08 12:48:42.933, 4, 37, 75540, 97887
2026/07/08 12:48:42.948, 5, 71, 75538, 97887
2026/07/08 12:48:42.963, 6, 35, 75486, 97887
2026/07/08 12:48:42.980, 7, 92, 75484, 97887
2026/07/08 12:48:43.998, 0, 0, 48704, 97887
2026/07/08 12:48:44.014, 1, 0, 48104, 97887
2026/07/08 12:48:44.029, 2, 0, 48104, 97887
2026/07/08 12:48:44.044, 3, 0, 48104, 97887
2026/07/08 12:48:44.059, 4, 59, 75540, 97887
2026/07/08 12:48:44.075, 5, 57, 75538, 97887
2026/07/08 12:48:44.083, 6, 39, 75486, 97887
2026/07/08 12:48:44.096, 7, 85, 75484, 97887
2026/07/08 12:48:45.110, 0, 0, 48704, 97887
2026/07/08 12:48:45.126, 1, 0, 48104, 97887
2026/07/08 12:48:45.138, 2, 0, 48104, 97887
2026/07/08 12:48:45.154, 3, 0, 48104, 97887
2026/07/08 12:48:45.170, 4, 27, 75540, 97887
2026/07/08 12:48:45.183, 5, 93, 75538, 97887
2026/07/08 12:48:45.195, 6, 40, 75486, 97887
2026/07/08 12:48:45.207, 7, 88, 75486, 97887
2026/07/08 12:48:46.222, 0, 0, 48704, 97887
2026/07/08 12:48:46.240, 1, 0, 48104, 97887
2026/07/08 12:48:46.256, 2, 0, 48104, 97887
2026/07/08 12:48:46.272, 3, 0, 48104, 97887
2026/07/08 12:48:46.289, 4, 32, 75540, 97887
2026/07/08 12:48:46.308, 5, 92, 75538, 97887
2026/07/08 12:48:46.324, 6, 37, 75486, 97887
2026/07/08 12:48:46.343, 7, 83, 75486, 97887
2026/07/08 12:48:47.361, 0, 0, 48704, 97887
2026/07/08 12:48:47.378, 1, 0, 48104, 97887
2026/07/08 12:48:47.395, 2, 0, 48104, 97887
2026/07/08 12:48:47.412, 3, 0, 48104, 97887
2026/07/08 12:48:47.426, 4, 29, 75540, 97887
2026/07/08 12:48:47.438, 5, 93, 75538, 97887
2026/07/08 12:48:47.452, 6, 37, 75486, 97887
2026/07/08 12:48:47.466, 7, 86, 75486, 97887
2026/07/08 12:48:48.483, 0, 0, 48704, 97887
2026/07/08 12:48:48.500, 1, 0, 48104, 97887
2026/07/08 12:48:48.517, 2, 0, 48104, 97887
2026/07/08 12:48:48.534, 3, 0, 48104, 97887
2026/07/08 12:48:48.570, 4, 31, 75540, 97887
2026/07/08 12:48:48.587, 5, 87, 75538, 97887
2026/07/08 12:48:48.602, 6, 31, 75486, 97887
2026/07/08 12:48:48.615, 7, 95, 75486, 97887
2026/07/08 12:48:49.632, 0, 0, 48704, 97887
2026/07/08 12:48:49.653, 1, 0, 48104, 97887
2026/07/08 12:48:49.670, 2, 0, 48104, 97887
2026/07/08 12:48:49.688, 3, 0, 48104, 97887
2026/07/08 12:48:49.706, 4, 30, 75540, 97887
2026/07/08 12:48:49.724, 5, 93, 75538, 97887
2026/07/08 12:48:49.741, 6, 37, 75486, 97887
2026/07/08 12:48:49.759, 7, 92, 75486, 97887
2026/07/08 12:48:50.778, 0, 0, 48704, 97887
2026/07/08 12:48:50.795, 1, 0, 48104, 97887
2026/07/08 12:48:50.811, 2, 0, 48104, 97887
2026/07/08 12:48:50.829, 3, 0, 48104, 97887
2026/07/08 12:48:50.845, 4, 30, 75540, 97887
2026/07/08 12:48:50.862, 5, 84, 75538, 97887
2026/07/08 12:48:50.879, 6, 38, 75486, 97887
2026/07/08 12:48:50.898, 7, 95, 75486, 97887
2026/07/08 12:48:51.916, 0, 0, 48704, 97887
2026/07/08 12:48:51.936, 1, 0, 48104, 97887
2026/07/08 12:48:51.953, 2, 0, 48104, 97887
2026/07/08 12:48:51.970, 3, 0, 48104, 97887
2026/07/08 12:48:51.987, 4, 65, 75540, 97887
2026/07/08 12:48:52.001, 5, 56, 75538, 97887
2026/07/08 12:48:52.016, 6, 41, 75486, 97887
2026/07/08 12:48:52.033, 7, 94, 75486, 97887
2026/07/08 12:48:53.050, 0, 0, 48704, 97887
2026/07/08 12:48:53.067, 1, 0, 48104, 97887
2026/07/08 12:48:53.082, 2, 0, 48104, 97887
2026/07/08 12:48:53.092, 3, 0, 48104, 97887
2026/07/08 12:48:53.107, 4, 27, 75540, 97887
2026/07/08 12:48:53.120, 5, 94, 75538, 97887
2026/07/08 12:48:53.135, 6, 40, 75486, 97887
2026/07/08 12:48:53.150, 7, 94, 75486, 97887
2026/07/08 12:48:54.165, 0, 0, 48704, 97887
2026/07/08 12:48:54.185, 1, 0, 48104, 97887
2026/07/08 12:48:54.203, 2, 0, 48104, 97887
2026/07/08 12:48:54.224, 3, 0, 48104, 97887
2026/07/08 12:48:54.244, 4, 28, 75540, 97887
2026/07/08 12:48:54.262, 5, 94, 75538, 97887
2026/07/08 12:48:54.283, 6, 32, 75486, 97887
2026/07/08 12:48:54.300, 7, 92, 75486, 97887
2026/07/08 12:48:55.316, 0, 0, 48704, 97887
2026/07/08 12:48:55.335, 1, 0, 48104, 97887
2026/07/08 12:48:55.350, 2, 0, 48104, 97887
2026/07/08 12:48:55.368, 3, 0, 48104, 97887
2026/07/08 12:48:55.384, 4, 50, 75540, 97887
2026/07/08 12:48:55.397, 5, 59, 75538, 97887
2026/07/08 12:48:55.412, 6, 36, 75486, 97887
2026/07/08 12:48:55.428, 7, 83, 75486, 97887
2026/07/08 12:48:56.446, 0, 0, 48704, 97887
2026/07/08 12:48:56.462, 1, 0, 48104, 97887
2026/07/08 12:48:56.478, 2, 0, 48104, 97887
2026/07/08 12:48:56.496, 3, 0, 48104, 97887
2026/07/08 12:48:56.509, 4, 70, 75540, 97887
2026/07/08 12:48:56.525, 5, 91, 75538, 97887
2026/07/08 12:48:56.542, 6, 35, 75486, 97887
2026/07/08 12:48:56.562, 7, 91, 75486, 97887
2026/07/08 12:48:57.579, 0, 0, 48704, 97887
2026/07/08 12:48:57.596, 1, 0, 48104, 97887
2026/07/08 12:48:57.614, 2, 0, 48104, 97887
2026/07/08 12:48:57.631, 3, 0, 48104, 97887
2026/07/08 12:48:57.650, 4, 59, 75540, 97887
2026/07/08 12:48:57.668, 5, 60, 75538, 97887
2026/07/08 12:48:57.686, 6, 39, 75486, 97887
2026/07/08 12:48:57.703, 7, 94, 75486, 97887
2026/07/08 12:48:58.721, 0, 0, 48704, 97887
2026/07/08 12:48:58.738, 1, 0, 48104, 97887
2026/07/08 12:48:58.757, 2, 0, 48104, 97887
2026/07/08 12:48:58.776, 3, 0, 48104, 97887
2026/07/08 12:48:58.797, 4, 35, 75540, 97887
2026/07/08 12:48:58.815, 5, 94, 75538, 97887
2026/07/08 12:48:58.832, 6, 40, 75486, 97887
2026/07/08 12:48:58.850, 7, 81, 75486, 97887
2026/07/08 12:48:59.871, 0, 0, 48704, 97887
2026/07/08 12:48:59.883, 1, 0, 48104, 97887
2026/07/08 12:48:59.890, 2, 0, 48104, 97887
2026/07/08 12:48:59.899, 3, 0, 48104, 97887
2026/07/08 12:48:59.910, 4, 28, 75540, 97887
2026/07/08 12:48:59.926, 5, 89, 75538, 97887
2026/07/08 12:48:59.938, 6, 48, 75486, 97887
2026/07/08 12:48:59.951, 7, 72, 75486, 97887
2026/07/08 12:49:00.962, 0, 0, 48704, 97887
2026/07/08 12:49:00.980, 1, 0, 48104, 97887
2026/07/08 12:49:00.998, 2, 0, 48104, 97887
2026/07/08 12:49:01.015, 3, 0, 48104, 97887
2026/07/08 12:49:01.031, 4, 85, 75540, 97887
2026/07/08 12:49:01.048, 5, 80, 75538, 97887
2026/07/08 12:49:01.066, 6, 56, 75486, 97887
2026/07/08 12:49:01.084, 7, 84, 75486, 97887
2026/07/08 12:49:02.100, 0, 0, 48704, 97887
2026/07/08 12:49:02.114, 1, 0, 48104, 97887
2026/07/08 12:49:02.133, 2, 0, 48104, 97887
2026/07/08 12:49:02.149, 3, 0, 48104, 97887
2026/07/08 12:49:02.162, 4, 30, 75540, 97887
2026/07/08 12:49:02.174, 5, 94, 75538, 97887
2026/07/08 12:49:02.187, 6, 33, 75486, 97887
2026/07/08 12:49:02.201, 7, 80, 75486, 97887
2026/07/08 12:49:03.216, 0, 0, 48704, 97887
2026/07/08 12:49:03.230, 1, 0, 48104, 97887
2026/07/08 12:49:03.242, 2, 0, 48104, 97887
2026/07/08 12:49:03.256, 3, 0, 48104, 97887
2026/07/08 12:49:03.271, 4, 32, 75540, 97887
2026/07/08 12:49:03.289, 5, 94, 75538, 97887
2026/07/08 12:49:03.306, 6, 42, 75486, 97887
2026/07/08 12:49:03.322, 7, 70, 75486, 97887
2026/07/08 12:49:04.337, 0, 0, 48704, 97887
2026/07/08 12:49:04.358, 1, 0, 48104, 97887
2026/07/08 12:49:04.377, 2, 0, 48104, 97887
2026/07/08 12:49:04.397, 3, 0, 48104, 97887
2026/07/08 12:49:04.415, 4, 28, 75540, 97887
2026/07/08 12:49:04.433, 5, 94, 75538, 97887
2026/07/08 12:49:04.461, 6, 38, 75486, 97887
2026/07/08 12:49:04.482, 7, 80, 75486, 97887
2026/07/08 12:49:05.513, 0, 0, 48704, 97887
2026/07/08 12:49:05.532, 1, 0, 48104, 97887
2026/07/08 12:49:05.550, 2, 0, 48104, 97887
2026/07/08 12:49:05.566, 3, 0, 48104, 97887
2026/07/08 12:49:05.583, 4, 26, 75540, 97887
2026/07/08 12:49:05.599, 5, 94, 75540, 97887
2026/07/08 12:49:05.618, 6, 100, 75486, 97887
2026/07/08 12:49:05.635, 7, 100, 75486, 97887
2026/07/08 12:49:06.653, 0, 0, 48704, 97887
2026/07/08 12:49:06.672, 1, 0, 48104, 97887
2026/07/08 12:49:06.690, 2, 0, 48104, 97887
2026/07/08 12:49:06.704, 3, 0, 48104, 97887
2026/07/08 12:49:06.721, 4, 82, 75540, 97887
2026/07/08 12:49:06.736, 5, 94, 75540, 97887
2026/07/08 12:49:06.752, 6, 30, 75486, 97887
2026/07/08 12:49:06.767, 7, 88, 75486, 97887
2026/07/08 12:49:07.783, 0, 0, 48704, 97887
2026/07/08 12:49:07.802, 1, 0, 48104, 97887
2026/07/08 12:49:07.818, 2, 0, 48104, 97887
2026/07/08 12:49:07.837, 3, 0, 48104, 97887
2026/07/08 12:49:07.857, 4, 27, 75540, 97887
2026/07/08 12:49:07.877, 5, 94, 75540, 97887
2026/07/08 12:49:07.892, 6, 55, 75486, 97887
2026/07/08 12:49:07.909, 7, 84, 75486, 97887
2026/07/08 12:49:08.926, 0, 0, 48704, 97887
2026/07/08 12:49:08.942, 1, 0, 48104, 97887
2026/07/08 12:49:08.957, 2, 0, 48104, 97887
2026/07/08 12:49:08.970, 3, 0, 48104, 97887
2026/07/08 12:49:08.984, 4, 25, 75540, 97887
2026/07/08 12:49:09.000, 5, 86, 75540, 97887
2026/07/08 12:49:09.018, 6, 40, 75486, 97887
2026/07/08 12:49:09.036, 7, 65, 75486, 97887
2026/07/08 12:49:10.055, 0, 0, 48704, 97887
2026/07/08 12:49:10.078, 1, 0, 48104, 97887
2026/07/08 12:49:10.093, 2, 0, 48104, 97887
2026/07/08 12:49:10.108, 3, 0, 48104, 97887
2026/07/08 12:49:10.129, 4, 94, 75540, 97887
2026/07/08 12:49:10.148, 5, 30, 75540, 97887
2026/07/08 12:49:10.170, 6, 37, 75486, 97887
2026/07/08 12:49:10.194, 7, 76, 75486, 97887
2026/07/08 12:49:11.220, 0, 0, 48704, 97887
2026/07/08 12:49:11.240, 1, 0, 48104, 97887
2026/07/08 12:49:11.260, 2, 0, 48104, 97887
2026/07/08 12:49:11.280, 3, 0, 48104, 97887
2026/07/08 12:49:11.299, 4, 36, 75540, 97887
2026/07/08 12:49:11.317, 5, 94, 75540, 97887
2026/07/08 12:49:11.336, 6, 35, 75486, 97887
2026/07/08 12:49:11.354, 7, 51, 75486, 97887
2026/07/08 12:49:12.376, 0, 0, 48704, 97887
2026/07/08 12:49:12.395, 1, 0, 48104, 97887
2026/07/08 12:49:12.413, 2, 0, 48104, 97887
2026/07/08 12:49:12.432, 3, 0, 48104, 97887
2026/07/08 12:49:12.447, 4, 27, 75540, 97887
2026/07/08 12:49:12.458, 5, 85, 75540, 97887
2026/07/08 12:49:12.477, 6, 49, 75486, 97887
2026/07/08 12:49:12.494, 7, 83, 75486, 97887
2026/07/08 12:49:13.511, 0, 0, 48704, 97887
2026/07/08 12:49:13.528, 1, 0, 48104, 97887
2026/07/08 12:49:13.544, 2, 0, 48104, 97887
2026/07/08 12:49:13.562, 3, 0, 48104, 97887
2026/07/08 12:49:13.578, 4, 33, 75540, 97887
2026/07/08 12:49:13.596, 5, 94, 75540, 97887
2026/07/08 12:49:13.614, 6, 72, 75486, 97887
2026/07/08 12:49:13.630, 7, 65, 75486, 97887
2026/07/08 12:49:14.648, 0, 0, 48704, 97887
2026/07/08 12:49:14.667, 1, 0, 48104, 97887
2026/07/08 12:49:14.686, 2, 0, 48104, 97887
2026/07/08 12:49:14.703, 3, 0, 48104, 97887
2026/07/08 12:49:14.718, 4, 28, 75540, 97887
2026/07/08 12:49:14.734, 5, 94, 75540, 97887
2026/07/08 12:49:14.748, 6, 54, 75486, 97887
2026/07/08 12:49:14.761, 7, 72, 75486, 97887
2026/07/08 12:49:15.776, 0, 0, 48704, 97887
2026/07/08 12:49:15.796, 1, 0, 48104, 97887
2026/07/08 12:49:15.811, 2, 0, 48104, 97887
2026/07/08 12:49:15.826, 3, 0, 48104, 97887
2026/07/08 12:49:15.840, 4, 27, 75540, 97887
2026/07/08 12:49:15.853, 5, 94, 75540, 97887
2026/07/08 12:49:15.867, 6, 36, 75486, 97887
2026/07/08 12:49:15.878, 7, 37, 75486, 97887
2026/07/08 12:49:16.891, 0, 0, 48704, 97887
2026/07/08 12:49:16.905, 1, 0, 48104, 97887
2026/07/08 12:49:16.921, 2, 0, 48104, 97887
2026/07/08 12:49:16.940, 3, 0, 48104, 97887
2026/07/08 12:49:16.956, 4, 63, 75540, 97887
2026/07/08 12:49:16.971, 5, 63, 75540, 97887
2026/07/08 12:49:16.988, 6, 42, 75486, 97887
2026/07/08 12:49:17.005, 7, 50, 75486, 97887
2026/07/08 12:49:18.020, 0, 0, 48704, 97887
2026/07/08 12:49:18.036, 1, 0, 48104, 97887
2026/07/08 12:49:18.054, 2, 0, 48104, 97887
2026/07/08 12:49:18.066, 3, 0, 48104, 97887
2026/07/08 12:49:18.075, 4, 43, 75540, 97887
2026/07/08 12:49:18.089, 5, 88, 75540, 97887
2026/07/08 12:49:18.104, 6, 37, 75486, 97887
2026/07/08 12:49:18.116, 7, 83, 75486, 97887
2026/07/08 12:49:19.132, 0, 0, 48704, 97887
2026/07/08 12:49:19.149, 1, 0, 48104, 97887
2026/07/08 12:49:19.164, 2, 0, 48104, 97887
2026/07/08 12:49:19.179, 3, 0, 48104, 97887
2026/07/08 12:49:19.198, 4, 28, 75540, 97887
2026/07/08 12:49:19.216, 5, 93, 75540, 97887
2026/07/08 12:49:19.235, 6, 71, 75486, 97887
2026/07/08 12:49:19.253, 7, 46, 75486, 97887
2026/07/08 12:49:20.271, 0, 0, 48704, 97887
2026/07/08 12:49:20.290, 1, 0, 48104, 97887
2026/07/08 12:49:20.309, 2, 0, 48104, 97887
2026/07/08 12:49:20.325, 3, 0, 48104, 97887
2026/07/08 12:49:20.340, 4, 76, 75540, 97887
2026/07/08 12:49:20.354, 5, 37, 75540, 97887
2026/07/08 12:49:20.371, 6, 74, 75486, 97887
2026/07/08 12:49:20.387, 7, 66, 75486, 97887
2026/07/08 12:49:21.402, 0, 0, 48704, 97887
2026/07/08 12:49:21.417, 1, 0, 48104, 97887
2026/07/08 12:49:21.433, 2, 0, 48104, 97887
2026/07/08 12:49:21.450, 3, 0, 48104, 97887
2026/07/08 12:49:21.466, 4, 24, 75540, 97887
2026/07/08 12:49:21.483, 5, 53, 75540, 97887
2026/07/08 12:49:21.500, 6, 87, 75486, 97887
2026/07/08 12:49:21.516, 7, 74, 75486, 97887
2026/07/08 12:49:22.531, 0, 0, 48704, 97887
2026/07/08 12:49:22.546, 1, 0, 48104, 97887
2026/07/08 12:49:22.558, 2, 0, 48104, 97887
2026/07/08 12:49:22.568, 3, 0, 48104, 97887
2026/07/08 12:49:22.582, 4, 31, 75540, 97887
2026/07/08 12:49:22.599, 5, 82, 75540, 97887
2026/07/08 12:49:22.615, 6, 47, 75486, 97887
2026/07/08 12:49:22.632, 7, 40, 75486, 97887
2026/07/08 12:49:23.645, 0, 0, 48704, 97887
2026/07/08 12:49:23.660, 1, 0, 48104, 97887
2026/07/08 12:49:23.675, 2, 0, 48104, 97887
2026/07/08 12:49:23.688, 3, 0, 48104, 97887
2026/07/08 12:49:23.702, 4, 100, 75540, 97887
2026/07/08 12:49:23.718, 5, 100, 75540, 97887
2026/07/08 12:49:23.731, 6, 50, 75486, 97887
2026/07/08 12:49:23.747, 7, 76, 75486, 97887
2026/07/08 12:49:24.763, 0, 0, 48704, 97887
2026/07/08 12:49:24.782, 1, 0, 48104, 97887
2026/07/08 12:49:24.798, 2, 0, 48104, 97887
2026/07/08 12:49:24.815, 3, 0, 48104, 97887
2026/07/08 12:49:24.833, 4, 32, 75540, 97887
2026/07/08 12:49:24.849, 5, 94, 75540, 97887
2026/07/08 12:49:24.865, 6, 41, 75486, 97887
2026/07/08 12:49:24.881, 7, 83, 75486, 97887
2026/07/08 12:49:25.897, 0, 0, 48704, 97887
2026/07/08 12:49:25.913, 1, 0, 48104, 97887
2026/07/08 12:49:25.932, 2, 0, 48104, 97887
2026/07/08 12:49:25.953, 3, 0, 48104, 97887
2026/07/08 12:49:25.970, 4, 39, 75540, 97887
2026/07/08 12:49:25.985, 5, 94, 75540, 97887
2026/07/08 12:49:26.000, 6, 73, 75486, 97887
2026/07/08 12:49:26.012, 7, 77, 75486, 97887
2026/07/08 12:49:27.024, 0, 0, 48704, 97887
2026/07/08 12:49:27.039, 1, 0, 48104, 97887
2026/07/08 12:49:27.054, 2, 0, 48104, 97887
2026/07/08 12:49:27.070, 3, 0, 48104, 97887
2026/07/08 12:49:27.084, 4, 39, 75540, 97887
2026/07/08 12:49:27.100, 5, 93, 75540, 97887
2026/07/08 12:49:27.113, 6, 63, 75486, 97887
2026/07/08 12:49:27.128, 7, 44, 75486, 97887
2026/07/08 12:49:28.144, 0, 0, 48704, 97887
2026/07/08 12:49:28.163, 1, 0, 48104, 97887
2026/07/08 12:49:28.179, 2, 0, 48104, 97887
2026/07/08 12:49:28.192, 3, 0, 48104, 97887
2026/07/08 12:49:28.208, 4, 59, 75540, 97887
2026/07/08 12:49:28.223, 5, 55, 75540, 97887
2026/07/08 12:49:28.239, 6, 91, 75486, 97887
2026/07/08 12:49:28.254, 7, 37, 75486, 97887
2026/07/08 12:49:29.270, 0, 0, 48704, 97887
2026/07/08 12:49:29.286, 1, 0, 48104, 97887
2026/07/08 12:49:29.300, 2, 0, 48104, 97887
2026/07/08 12:49:29.313, 3, 0, 48104, 97887
2026/07/08 12:49:29.327, 4, 40, 75540, 97887
2026/07/08 12:49:29.343, 5, 93, 75540, 97887
2026/07/08 12:49:29.361, 6, 78, 75486, 97887
2026/07/08 12:49:29.380, 7, 41, 75486, 97887
2026/07/08 12:49:30.398, 0, 0, 48704, 97887
2026/07/08 12:49:30.410, 1, 0, 48104, 97887
2026/07/08 12:49:30.421, 2, 0, 48104, 97887
2026/07/08 12:49:30.437, 3, 0, 48104, 97887
2026/07/08 12:49:30.450, 4, 30, 75540, 97887
2026/07/08 12:49:30.458, 5, 94, 75540, 97887
2026/07/08 12:49:30.469, 6, 60, 75486, 97887
2026/07/08 12:49:30.485, 7, 44, 75486, 97887
2026/07/08 12:49:31.501, 0, 0, 48704, 97887
2026/07/08 12:49:31.517, 1, 0, 48104, 97887
2026/07/08 12:49:31.533, 2, 0, 48104, 97887
2026/07/08 12:49:31.549, 3, 0, 48104, 97887
2026/07/08 12:49:31.562, 4, 33, 75540, 97887
2026/07/08 12:49:31.576, 5, 82, 75540, 97887
2026/07/08 12:49:31.591, 6, 71, 75486, 97887
2026/07/08 12:49:31.607, 7, 39, 75486, 97887
2026/07/08 12:49:32.622, 0, 0, 48704, 97887
2026/07/08 12:49:32.635, 1, 0, 48104, 97887
2026/07/08 12:49:32.646, 2, 0, 48104, 97887
2026/07/08 12:49:32.659, 3, 0, 48104, 97887
2026/07/08 12:49:32.669, 4, 27, 75540, 97887
2026/07/08 12:49:32.681, 5, 93, 75540, 97887
2026/07/08 12:49:32.696, 6, 57, 75486, 97887
2026/07/08 12:49:32.711, 7, 58, 75486, 97887
2026/07/08 12:49:33.727, 0, 0, 48704, 97887
2026/07/08 12:49:33.743, 1, 0, 48104, 97887
2026/07/08 12:49:33.758, 2, 0, 48104, 97887
2026/07/08 12:49:33.774, 3, 0, 48104, 97887
2026/07/08 12:49:33.792, 4, 29, 75540, 97887
2026/07/08 12:49:33.808, 5, 93, 75540, 97887
2026/07/08 12:49:33.822, 6, 68, 75486, 97887
2026/07/08 12:49:33.837, 7, 38, 75486, 97887
2026/07/08 12:49:34.855, 0, 0, 48704, 97887
2026/07/08 12:49:34.873, 1, 0, 48104, 97887
2026/07/08 12:49:34.894, 2, 0, 48104, 97887
2026/07/08 12:49:34.912, 3, 0, 48104, 97887
2026/07/08 12:49:34.929, 4, 99, 75540, 97887
2026/07/08 12:49:34.944, 5, 89, 75540, 97887
2026/07/08 12:49:34.959, 6, 93, 75486, 97887
2026/07/08 12:49:34.974, 7, 32, 75486, 97887
2026/07/08 12:49:35.990, 0, 0, 48704, 97887
2026/07/08 12:49:36.009, 1, 0, 48104, 97887
2026/07/08 12:49:36.028, 2, 0, 48104, 97887
2026/07/08 12:49:36.044, 3, 0, 48104, 97887
2026/07/08 12:49:36.063, 4, 31, 75540, 97887
2026/07/08 12:49:36.082, 5, 93, 75540, 97887
2026/07/08 12:49:36.097, 6, 95, 75486, 97887
2026/07/08 12:49:36.115, 7, 40, 75486, 97887
2026/07/08 12:49:37.131, 0, 0, 48704, 97887
2026/07/08 12:49:37.148, 1, 0, 48104, 97887
2026/07/08 12:49:37.167, 2, 0, 48104, 97887
2026/07/08 12:49:37.183, 3, 0, 48104, 97887
2026/07/08 12:49:37.200, 4, 30, 75540, 97887
2026/07/08 12:49:37.217, 5, 92, 75540, 97887
2026/07/08 12:49:37.233, 6, 64, 75486, 97887
2026/07/08 12:49:37.248, 7, 39, 75486, 97887
2026/07/08 12:49:38.263, 0, 0, 48704, 97887
2026/07/08 12:49:38.280, 1, 0, 48104, 97887
2026/07/08 12:49:38.296, 2, 0, 48104, 97887
2026/07/08 12:49:38.313, 3, 0, 48104, 97887
2026/07/08 12:49:38.328, 4, 41, 75540, 97887
2026/07/08 12:49:38.345, 5, 84, 75540, 97887
2026/07/08 12:49:38.362, 6, 74, 75486, 97887
2026/07/08 12:49:38.381, 7, 63, 75486, 97887
2026/07/08 12:49:39.399, 0, 0, 48704, 97887
2026/07/08 12:49:39.418, 1, 0, 48104, 97887
2026/07/08 12:49:39.436, 2, 0, 48104, 97887
2026/07/08 12:49:39.452, 3, 0, 48104, 97887
2026/07/08 12:49:39.465, 4, 29, 75540, 97887
2026/07/08 12:49:39.482, 5, 94, 75540, 97887
2026/07/08 12:49:39.499, 6, 76, 75486, 97887
2026/07/08 12:49:39.513, 7, 46, 75486, 97887
2026/07/08 12:49:40.527, 0, 0, 48704, 97887
2026/07/08 12:49:40.543, 1, 0, 48104, 97887
2026/07/08 12:49:40.557, 2, 0, 48104, 97887
2026/07/08 12:49:40.569, 3, 0, 48104, 97887
2026/07/08 12:49:40.585, 4, 54, 75542, 97887
2026/07/08 12:49:40.604, 5, 79, 75542, 97887
2026/07/08 12:49:40.624, 6, 95, 75486, 97887
2026/07/08 12:49:40.640, 7, 42, 75486, 97887
2026/07/08 12:49:41.659, 0, 0, 48704, 97887
2026/07/08 12:49:41.679, 1, 0, 48104, 97887
2026/07/08 12:49:41.697, 2, 0, 48104, 97887
2026/07/08 12:49:41.712, 3, 0, 48104, 97887
2026/07/08 12:49:41.727, 4, 79, 75542, 97887
2026/07/08 12:49:41.744, 5, 49, 75542, 97887
2026/07/08 12:49:41.761, 6, 78, 75486, 97887
2026/07/08 12:49:41.779, 7, 38, 75486, 97887
2026/07/08 12:49:42.797, 0, 0, 48704, 97887
2026/07/08 12:49:42.816, 1, 0, 48104, 97887
2026/07/08 12:49:42.834, 2, 0, 48104, 97887
2026/07/08 12:49:42.852, 3, 0, 48104, 97887
2026/07/08 12:49:42.869, 4, 36, 75542, 97887
2026/07/08 12:49:42.895, 5, 94, 75542, 97887
2026/07/08 12:49:42.918, 6, 92, 75486, 97887
2026/07/08 12:49:42.937, 7, 31, 75486, 97887
2026/07/08 12:49:43.956, 0, 0, 48704, 97887
2026/07/08 12:49:43.975, 1, 0, 48104, 97887
2026/07/08 12:49:43.996, 2, 0, 48104, 97887
2026/07/08 12:49:44.015, 3, 0, 48104, 97887
2026/07/08 12:49:44.032, 4, 57, 75542, 97887
2026/07/08 12:49:44.048, 5, 64, 75542, 97887
2026/07/08 12:49:44.062, 6, 63, 75486, 97887
2026/07/08 12:49:44.076, 7, 59, 75486, 97887
2026/07/08 12:49:45.089, 0, 0, 48704, 97887
2026/07/08 12:49:45.100, 1, 0, 48104, 97887
2026/07/08 12:49:45.108, 2, 0, 48104, 97887
2026/07/08 12:49:45.115, 3, 0, 48104, 97887
2026/07/08 12:49:45.126, 4, 28, 75542, 97887
2026/07/08 12:49:45.139, 5, 89, 75542, 97887
2026/07/08 12:49:45.152, 6, 76, 75486, 97887
2026/07/08 12:49:45.167, 7, 42, 75486, 97887
2026/07/08 12:49:46.183, 0, 0, 48704, 97887
2026/07/08 12:49:46.205, 1, 0, 48104, 97887
2026/07/08 12:49:46.226, 2, 0, 48104, 97887
2026/07/08 12:49:46.246, 3, 0, 48104, 97887
2026/07/08 12:49:46.264, 4, 28, 75542, 97887
2026/07/08 12:49:46.283, 5, 93, 75542, 97887
2026/07/08 12:49:46.303, 6, 41, 75486, 97887
2026/07/08 12:49:46.320, 7, 75, 75486, 97887
2026/07/08 12:49:47.337, 0, 0, 48704, 97887
2026/07/08 12:49:47.357, 1, 0, 48104, 97887
2026/07/08 12:49:47.376, 2, 0, 48104, 97887
2026/07/08 12:49:47.397, 3, 0, 48104, 97887
2026/07/08 12:49:47.415, 4, 35, 75542, 97887
2026/07/08 12:49:47.435, 5, 93, 75542, 97887
2026/07/08 12:49:47.452, 6, 48, 75486, 97887
2026/07/08 12:49:47.469, 7, 81, 75486, 97887
2026/07/08 12:49:48.484, 0, 0, 48704, 97887
2026/07/08 12:49:48.500, 1, 0, 48104, 97887
2026/07/08 12:49:48.514, 2, 0, 48104, 97887
2026/07/08 12:49:48.530, 3, 0, 48104, 97887
2026/07/08 12:49:48.591, 4, 29, 75542, 97887
2026/07/08 12:49:48.615, 5, 94, 75542, 97887
2026/07/08 12:49:48.631, 6, 52, 75486, 97887
2026/07/08 12:49:48.651, 7, 94, 75486, 97887
2026/07/08 12:49:49.669, 0, 0, 48704, 97887
2026/07/08 12:49:49.686, 1, 0, 48104, 97887
2026/07/08 12:49:49.701, 2, 0, 48104, 97887
2026/07/08 12:49:49.718, 3, 0, 48104, 97887
2026/07/08 12:49:49.737, 4, 28, 75542, 97887
2026/07/08 12:49:49.752, 5, 93, 75542, 97887
2026/07/08 12:49:49.766, 6, 37, 75486, 97887
2026/07/08 12:49:49.780, 7, 89, 75486, 97887
2026/07/08 12:49:50.795, 0, 0, 48704, 97887
2026/07/08 12:49:50.816, 1, 0, 48104, 97887
2026/07/08 12:49:50.835, 2, 0, 48104, 97887
2026/07/08 12:49:50.847, 3, 0, 48104, 97887
2026/07/08 12:49:50.866, 4, 58, 75542, 97887
2026/07/08 12:49:50.882, 5, 52, 75542, 97887
2026/07/08 12:49:50.899, 6, 32, 75486, 97887
2026/07/08 12:49:50.919, 7, 89, 75486, 97887
2026/07/08 12:49:51.938, 0, 0, 48704, 97887
2026/07/08 12:49:51.955, 1, 0, 48104, 97887
2026/07/08 12:49:51.969, 2, 0, 48104, 97887
2026/07/08 12:49:51.986, 3, 0, 48104, 97887
2026/07/08 12:49:52.004, 4, 32, 75542, 97887
2026/07/08 12:49:52.022, 5, 95, 75542, 97887
2026/07/08 12:49:52.039, 6, 82, 75486, 97887
2026/07/08 12:49:52.056, 7, 86, 75486, 97887
2026/07/08 12:49:53.075, 0, 0, 48704, 97887
2026/07/08 12:49:53.093, 1, 0, 48104, 97887
2026/07/08 12:49:53.111, 2, 0, 48104, 97887
2026/07/08 12:49:53.130, 3, 0, 48104, 97887
2026/07/08 12:49:53.149, 4, 30, 75542, 97887
2026/07/08 12:49:53.166, 5, 44, 75542, 97887
2026/07/08 12:49:53.180, 6, 29, 75486, 97887
2026/07/08 12:49:53.194, 7, 90, 75486, 97887
2026/07/08 12:49:54.213, 0, 0, 48704, 97887
2026/07/08 12:49:54.234, 1, 0, 48104, 97887
2026/07/08 12:49:54.248, 2, 0, 48104, 97887
2026/07/08 12:49:54.266, 3, 0, 48104, 97887
2026/07/08 12:49:54.282, 4, 80, 75542, 97887
2026/07/08 12:49:54.299, 5, 53, 75542, 97887
2026/07/08 12:49:54.314, 6, 34, 75486, 97887
2026/07/08 12:49:54.327, 7, 94, 75486, 97887
2026/07/08 12:49:55.341, 0, 0, 48704, 97887
2026/07/08 12:49:55.359, 1, 0, 48104, 97887
2026/07/08 12:49:55.375, 2, 0, 48104, 97887
2026/07/08 12:49:55.391, 3, 0, 48104, 97887
2026/07/08 12:49:55.406, 4, 33, 75542, 97887
2026/07/08 12:49:55.424, 5, 94, 75542, 97887
2026/07/08 12:49:55.443, 6, 39, 75486, 97887
2026/07/08 12:49:55.457, 7, 84, 75486, 97887
2026/07/08 12:49:56.472, 0, 0, 48704, 97887
2026/07/08 12:49:56.490, 1, 0, 48104, 97887
2026/07/08 12:49:56.506, 2, 0, 48104, 97887
2026/07/08 12:49:56.522, 3, 0, 48104, 97887
2026/07/08 12:49:56.535, 4, 61, 75542, 97887
2026/07/08 12:49:56.553, 5, 71, 75542, 97887
2026/07/08 12:49:56.570, 6, 40, 75486, 97887
2026/07/08 12:49:56.589, 7, 87, 75486, 97887
2026/07/08 12:49:57.605, 0, 0, 48704, 97887
2026/07/08 12:49:57.625, 1, 0, 48104, 97887
2026/07/08 12:49:57.645, 2, 0, 48104, 97887
2026/07/08 12:49:57.664, 3, 0, 48104, 97887
2026/07/08 12:49:57.681, 4, 31, 75542, 97887
2026/07/08 12:49:57.701, 5, 87, 75542, 97887
2026/07/08 12:49:57.719, 6, 40, 75486, 97887
2026/07/08 12:49:57.737, 7, 84, 75486, 97887
2026/07/08 12:49:58.754, 0, 0, 48704, 97887
2026/07/08 12:49:58.771, 1, 0, 48104, 97887
2026/07/08 12:49:58.787, 2, 0, 48104, 97887
2026/07/08 12:49:58.801, 3, 0, 48104, 97887
2026/07/08 12:49:58.816, 4, 37, 75542, 97887
2026/07/08 12:49:58.831, 5, 70, 75542, 97887
2026/07/08 12:49:58.846, 6, 100, 75486, 97887
2026/07/08 12:49:58.860, 7, 79, 75486, 97887
2026/07/08 12:49:59.875, 0, 0, 48704, 97887
2026/07/08 12:49:59.893, 1, 0, 48104, 97887
2026/07/08 12:49:59.910, 2, 0, 48104, 97887
2026/07/08 12:49:59.928, 3, 0, 48104, 97887
2026/07/08 12:49:59.945, 4, 35, 75542, 97887
2026/07/08 12:49:59.960, 5, 95, 75542, 97887
2026/07/08 12:49:59.977, 6, 43, 75486, 97887
2026/07/08 12:49:59.995, 7, 85, 75486, 97887
2026/07/08 12:50:01.012, 0, 0, 48704, 97887
2026/07/08 12:50:01.030, 1, 0, 48104, 97887
2026/07/08 12:50:01.049, 2, 0, 48104, 97887
2026/07/08 12:50:01.069, 3, 0, 48104, 97887
2026/07/08 12:50:01.089, 4, 100, 75542, 97887
2026/07/08 12:50:01.107, 5, 89, 75542, 97887
2026/07/08 12:50:01.126, 6, 37, 75486, 97887
2026/07/08 12:50:01.143, 7, 87, 75486, 97887
2026/07/08 12:50:02.160, 0, 0, 48704, 97887
2026/07/08 12:50:02.178, 1, 0, 48104, 97887
2026/07/08 12:50:02.192, 2, 0, 48104, 97887
2026/07/08 12:50:02.209, 3, 0, 48104, 97887
2026/07/08 12:50:02.224, 4, 33, 75542, 97887
2026/07/08 12:50:02.239, 5, 88, 75542, 97887
2026/07/08 12:50:02.255, 6, 35, 75486, 97887
2026/07/08 12:50:02.268, 7, 86, 75486, 97887
2026/07/08 12:50:03.283, 0, 0, 48704, 97887
2026/07/08 12:50:03.297, 1, 0, 48104, 97887
2026/07/08 12:50:03.312, 2, 0, 48104, 97887
2026/07/08 12:50:03.326, 3, 0, 48104, 97887
2026/07/08 12:50:03.340, 4, 30, 75542, 97887
2026/07/08 12:50:03.353, 5, 91, 75542, 97887
2026/07/08 12:50:03.369, 6, 37, 75486, 97887
2026/07/08 12:50:03.384, 7, 81, 75486, 97887
2026/07/08 12:50:04.400, 0, 0, 48704, 97887
2026/07/08 12:50:04.419, 1, 0, 48104, 97887
2026/07/08 12:50:04.434, 2, 0, 48104, 97887
2026/07/08 12:50:04.453, 3, 0, 48104, 97887
2026/07/08 12:50:04.470, 4, 30, 75542, 97887
2026/07/08 12:50:04.490, 5, 71, 75542, 97887
2026/07/08 12:50:04.507, 6, 53, 75486, 97887
2026/07/08 12:50:04.523, 7, 81, 75486, 97887
2026/07/08 12:50:05.538, 0, 0, 48704, 97887
2026/07/08 12:50:05.554, 1, 0, 48104, 97887
2026/07/08 12:50:05.572, 2, 0, 48104, 97887
2026/07/08 12:50:05.586, 3, 0, 48104, 97887
2026/07/08 12:50:05.601, 4, 35, 75542, 97887
2026/07/08 12:50:05.618, 5, 70, 75542, 97887
2026/07/08 12:50:05.635, 6, 36, 75486, 97887
2026/07/08 12:50:05.653, 7, 93, 75486, 97887
2026/07/08 12:50:06.671, 0, 0, 48704, 97887
2026/07/08 12:50:06.689, 1, 0, 48104, 97887
2026/07/08 12:50:06.704, 2, 0, 48104, 97887
2026/07/08 12:50:06.720, 3, 0, 48104, 97887
2026/07/08 12:50:06.736, 4, 30, 75542, 97887
2026/07/08 12:50:06.752, 5, 92, 75542, 97887
2026/07/08 12:50:06.768, 6, 45, 75486, 97887
2026/07/08 12:50:06.786, 7, 82, 75486, 97887
2026/07/08 12:50:07.802, 0, 0, 48704, 97887
2026/07/08 12:50:07.820, 1, 0, 48104, 97887
2026/07/08 12:50:07.837, 2, 0, 48104, 97887
2026/07/08 12:50:07.853, 3, 0, 48104, 97887
2026/07/08 12:50:07.869, 4, 38, 75542, 97887
2026/07/08 12:50:07.886, 5, 85, 75542, 97887
2026/07/08 12:50:07.903, 6, 43, 75486, 97887
2026/07/08 12:50:07.920, 7, 60, 75486, 97887
2026/07/08 12:50:08.937, 0, 0, 48704, 97887
2026/07/08 12:50:08.955, 1, 0, 48104, 97887
2026/07/08 12:50:08.974, 2, 0, 48104, 97887
2026/07/08 12:50:08.988, 3, 0, 48104, 97887
2026/07/08 12:50:09.006, 4, 31, 75542, 97887
2026/07/08 12:50:09.025, 5, 87, 75542, 97887
2026/07/08 12:50:09.043, 6, 40, 75486, 97887
2026/07/08 12:50:09.054, 7, 77, 75486, 97887
2026/07/08 12:50:10.067, 0, 0, 48704, 97887
2026/07/08 12:50:10.083, 1, 0, 48104, 97887
2026/07/08 12:50:10.098, 2, 0, 48104, 97887
2026/07/08 12:50:10.116, 3, 0, 48104, 97887
2026/07/08 12:50:10.132, 4, 81, 75542, 97887
2026/07/08 12:50:10.151, 5, 71, 75542, 97887
2026/07/08 12:50:10.170, 6, 49, 75486, 97887
2026/07/08 12:50:10.189, 7, 89, 75486, 97887
2026/07/08 12:50:11.208, 0, 0, 48704, 97887
2026/07/08 12:50:11.225, 1, 0, 48104, 97887
2026/07/08 12:50:11.241, 2, 0, 48104, 97887
2026/07/08 12:50:11.256, 3, 0, 48104, 97887
2026/07/08 12:50:11.270, 4, 28, 75542, 97887
2026/07/08 12:50:11.287, 5, 14, 75542, 97887
2026/07/08 12:50:11.306, 6, 47, 75486, 97887
2026/07/08 12:50:11.322, 7, 70, 75486, 97887
2026/07/08 12:50:12.338, 0, 0, 48704, 97887
2026/07/08 12:50:12.354, 1, 0, 48104, 97887
2026/07/08 12:50:12.372, 2, 0, 48104, 97887
2026/07/08 12:50:12.390, 3, 0, 48104, 97887
2026/07/08 12:50:12.407, 4, 30, 75542, 97887
2026/07/08 12:50:12.427, 5, 94, 75542, 97887
2026/07/08 12:50:12.445, 6, 39, 75486, 97887
2026/07/08 12:50:12.462, 7, 81, 75486, 97887
2026/07/08 12:50:13.479, 0, 0, 48704, 97887
2026/07/08 12:50:13.493, 1, 0, 48104, 97887
2026/07/08 12:50:13.509, 2, 0, 48104, 97887
2026/07/08 12:50:13.525, 3, 0, 48104, 97887
2026/07/08 12:50:13.542, 4, 32, 75542, 97887
2026/07/08 12:50:13.559, 5, 93, 75542, 97887
2026/07/08 12:50:13.574, 6, 43, 75486, 97887
2026/07/08 12:50:13.589, 7, 75, 75486, 97887
2026/07/08 12:50:14.603, 0, 0, 48704, 97887
2026/07/08 12:50:14.621, 1, 0, 48104, 97887
2026/07/08 12:50:14.636, 2, 0, 48104, 97887
2026/07/08 12:50:14.652, 3, 0, 48104, 97887
2026/07/08 12:50:14.668, 4, 73, 75542, 97887
2026/07/08 12:50:14.683, 5, 70, 75542, 97887
2026/07/08 12:50:14.700, 6, 40, 75486, 97887
2026/07/08 12:50:14.714, 7, 72, 75486, 97887
2026/07/08 12:50:15.729, 0, 0, 48704, 97887
2026/07/08 12:50:15.747, 1, 0, 48104, 97887
2026/07/08 12:50:15.761, 2, 0, 48104, 97887
2026/07/08 12:50:15.778, 3, 0, 48104, 97887
2026/07/08 12:50:15.794, 4, 59, 75542, 97887
2026/07/08 12:50:15.810, 5, 89, 75542, 97887
2026/07/08 12:50:15.829, 6, 35, 75486, 97887
2026/07/08 12:50:15.864, 7, 71, 75486, 97887
2026/07/08 12:50:16.879, 0, 0, 48704, 97887
2026/07/08 12:50:16.897, 1, 0, 48104, 97887
2026/07/08 12:50:16.917, 2, 0, 48104, 97887
2026/07/08 12:50:16.934, 3, 0, 48104, 97887
2026/07/08 12:50:16.953, 4, 59, 75542, 97887
2026/07/08 12:50:16.971, 5, 57, 75542, 97887
2026/07/08 12:50:16.987, 6, 62, 75486, 97887
2026/07/08 12:50:17.009, 7, 62, 75486, 97887
2026/07/08 12:50:18.028, 0, 0, 48704, 97887
2026/07/08 12:50:18.046, 1, 0, 48104, 97887
2026/07/08 12:50:18.058, 2, 0, 48104, 97887
2026/07/08 12:50:18.073, 3, 0, 48104, 97887
2026/07/08 12:50:18.091, 4, 72, 75542, 97887
2026/07/08 12:50:18.107, 5, 70, 75542, 97887
2026/07/08 12:50:18.125, 6, 40, 75486, 97887
2026/07/08 12:50:18.141, 7, 52, 75486, 97887
2026/07/08 12:50:19.155, 0, 0, 48704, 97887
2026/07/08 12:50:19.171, 1, 0, 48104, 97887
2026/07/08 12:50:19.185, 2, 0, 48104, 97887
2026/07/08 12:50:19.199, 3, 0, 48104, 97887
2026/07/08 12:50:19.213, 4, 31, 75542, 97887
2026/07/08 12:50:19.227, 5, 94, 75542, 97887
2026/07/08 12:50:19.242, 6, 51, 75486, 97887
2026/07/08 12:50:19.258, 7, 52, 75486, 97887
2026/07/08 12:50:20.275, 0, 0, 48704, 97887
2026/07/08 12:50:20.289, 1, 0, 48104, 97887
2026/07/08 12:50:20.305, 2, 0, 48104, 97887
2026/07/08 12:50:20.319, 3, 0, 48104, 97887
2026/07/08 12:50:20.334, 4, 34, 75542, 97887
2026/07/08 12:50:20.350, 5, 92, 75542, 97887
2026/07/08 12:50:20.364, 6, 69, 75486, 97887
2026/07/08 12:50:20.380, 7, 63, 75486, 97887
2026/07/08 12:50:21.396, 0, 0, 48704, 97887
2026/07/08 12:50:21.415, 1, 0, 48104, 97887
2026/07/08 12:50:21.435, 2, 0, 48104, 97887
2026/07/08 12:50:21.459, 3, 0, 48104, 97887
2026/07/08 12:50:21.479, 4, 36, 75542, 97887
2026/07/08 12:50:21.492, 5, 85, 75542, 97887
2026/07/08 12:50:21.507, 6, 45, 75486, 97887
2026/07/08 12:50:21.519, 7, 47, 75486, 97887
2026/07/08 12:50:22.540, 0, 0, 48704, 97887
2026/07/08 12:50:22.553, 1, 0, 48104, 97887
2026/07/08 12:50:22.562, 2, 0, 48104, 97887
2026/07/08 12:50:22.572, 3, 0, 48104, 97887
2026/07/08 12:50:22.585, 4, 76, 75542, 97887
2026/07/08 12:50:22.602, 5, 52, 75542, 97887
2026/07/08 12:50:22.621, 6, 48, 75486, 97887
2026/07/08 12:50:22.642, 7, 60, 75486, 97887
2026/07/08 12:50:23.661, 0, 0, 48704, 97887
2026/07/08 12:50:23.680, 1, 0, 48104, 97887
2026/07/08 12:50:23.700, 2, 0, 48104, 97887
2026/07/08 12:50:23.719, 3, 0, 48104, 97887
2026/07/08 12:50:23.736, 4, 39, 75542, 97887
2026/07/08 12:50:23.754, 5, 85, 75542, 97887
2026/07/08 12:50:23.771, 6, 53, 75486, 97887
2026/07/08 12:50:23.789, 7, 70, 75486, 97887
2026/07/08 12:50:24.807, 0, 0, 48704, 97887
2026/07/08 12:50:24.828, 1, 0, 48104, 97887
2026/07/08 12:50:24.847, 2, 0, 48104, 97887
2026/07/08 12:50:24.867, 3, 0, 48104, 97887
2026/07/08 12:50:24.888, 4, 51, 75542, 97887
2026/07/08 12:50:24.904, 5, 80, 75542, 97887
2026/07/08 12:50:24.919, 6, 47, 75486, 97887
2026/07/08 12:50:24.933, 7, 74, 75486, 97887
2026/07/08 12:50:25.948, 0, 0, 48704, 97887
2026/07/08 12:50:25.966, 1, 0, 48104, 97887
2026/07/08 12:50:25.982, 2, 0, 48104, 97887
2026/07/08 12:50:25.999, 3, 0, 48104, 97887
2026/07/08 12:50:26.016, 4, 73, 75542, 97887
2026/07/08 12:50:26.035, 5, 72, 75542, 97887
2026/07/08 12:50:26.051, 6, 38, 75486, 97887
2026/07/08 12:50:26.069, 7, 75, 75486, 97887
2026/07/08 12:50:27.085, 0, 0, 48704, 97887
2026/07/08 12:50:27.108, 1, 0, 48104, 97887
2026/07/08 12:50:27.125, 2, 0, 48104, 97887
2026/07/08 12:50:27.140, 3, 0, 48104, 97887
2026/07/08 12:50:27.157, 4, 40, 75542, 97887
2026/07/08 12:50:27.173, 5, 95, 75542, 97887
2026/07/08 12:50:27.187, 6, 34, 75486, 97887
2026/07/08 12:50:27.200, 7, 80, 75486, 97887
2026/07/08 12:50:28.212, 0, 0, 48704, 97887
2026/07/08 12:50:28.231, 1, 0, 48104, 97887
2026/07/08 12:50:28.248, 2, 0, 48104, 97887
2026/07/08 12:50:28.262, 3, 0, 48104, 97887
2026/07/08 12:50:28.277, 4, 29, 75542, 97887
2026/07/08 12:50:28.291, 5, 94, 75542, 97887
2026/07/08 12:50:28.305, 6, 36, 75486, 97887
2026/07/08 12:50:28.319, 7, 79, 75486, 97887
2026/07/08 12:50:29.334, 0, 0, 48704, 97887
2026/07/08 12:50:29.347, 1, 0, 48104, 97887
2026/07/08 12:50:29.360, 2, 0, 48104, 97887
2026/07/08 12:50:29.373, 3, 0, 48104, 97887
2026/07/08 12:50:29.391, 4, 27, 75542, 97887
2026/07/08 12:50:29.409, 5, 94, 75542, 97887
2026/07/08 12:50:29.427, 6, 48, 75486, 97887
2026/07/08 12:50:29.442, 7, 80, 75486, 97887
2026/07/08 12:50:30.459, 0, 0, 48704, 97887
2026/07/08 12:50:30.470, 1, 0, 48104, 97887
2026/07/08 12:50:30.483, 2, 0, 48104, 97887
2026/07/08 12:50:30.496, 3, 0, 48104, 97887
2026/07/08 12:50:30.508, 4, 28, 75542, 97887
2026/07/08 12:50:30.516, 5, 94, 75542, 97887
2026/07/08 12:50:30.528, 6, 100, 75486, 97887
2026/07/08 12:50:30.536, 7, 92, 75486, 97887
2026/07/08 12:50:31.550, 0, 0, 48704, 97887
2026/07/08 12:50:31.563, 1, 0, 48104, 97887
2026/07/08 12:50:31.575, 2, 0, 48104, 97887
2026/07/08 12:50:31.588, 3, 0, 48104, 97887
2026/07/08 12:50:31.601, 4, 38, 75542, 97887
2026/07/08 12:50:31.614, 5, 95, 75542, 97887
2026/07/08 12:50:31.628, 6, 92, 75486, 97887
2026/07/08 12:50:31.643, 7, 100, 75486, 97887
2026/07/08 12:50:32.655, 0, 0, 48704, 97887
2026/07/08 12:50:32.669, 1, 0, 48104, 97887
2026/07/08 12:50:32.685, 2, 0, 48104, 97887
2026/07/08 12:50:32.700, 3, 0, 48104, 97887
2026/07/08 12:50:32.715, 4, 70, 75542, 97887
2026/07/08 12:50:32.727, 5, 64, 75542, 97887
2026/07/08 12:50:32.742, 6, 41, 75488, 97887
2026/07/08 12:50:32.756, 7, 53, 75488, 97887
2026/07/08 12:50:33.773, 0, 0, 48704, 97887
2026/07/08 12:50:33.787, 1, 0, 48104, 97887
2026/07/08 12:50:33.804, 2, 0, 48104, 97887
2026/07/08 12:50:33.819, 3, 0, 48104, 97887
2026/07/08 12:50:33.834, 4, 46, 75542, 97887
2026/07/08 12:50:33.848, 5, 94, 75542, 97887
2026/07/08 12:50:33.864, 6, 75, 75488, 97887
2026/07/08 12:50:33.878, 7, 74, 75488, 97887
2026/07/08 12:50:34.893, 0, 0, 48704, 97887
2026/07/08 12:50:34.907, 1, 0, 48104, 97887
2026/07/08 12:50:34.915, 2, 0, 48104, 97887
2026/07/08 12:50:34.922, 3, 0, 48104, 97887
2026/07/08 12:50:34.929, 4, 62, 75542, 97887
2026/07/08 12:50:34.938, 5, 72, 75542, 97887
2026/07/08 12:50:34.949, 6, 56, 75488, 97887
2026/07/08 12:50:34.959, 7, 72, 75488, 97887
2026/07/08 12:50:35.970, 0, 0, 48704, 97887
2026/07/08 12:50:35.982, 1, 0, 48104, 97887
2026/07/08 12:50:35.994, 2, 0, 48104, 97887
2026/07/08 12:50:36.010, 3, 0, 48104, 97887
2026/07/08 12:50:36.026, 4, 41, 75544, 97887
2026/07/08 12:50:36.041, 5, 87, 75542, 97887
2026/07/08 12:50:36.054, 6, 100, 75488, 97887
2026/07/08 12:50:36.063, 7, 100, 75488, 97887
2026/07/08 12:50:37.078, 0, 0, 48704, 97887
2026/07/08 12:50:37.094, 1, 0, 48104, 97887
2026/07/08 12:50:37.111, 2, 0, 48104, 97887
2026/07/08 12:50:37.126, 3, 0, 48104, 97887
2026/07/08 12:50:37.140, 4, 81, 75544, 97887
2026/07/08 12:50:37.156, 5, 43, 75542, 97887
2026/07/08 12:50:37.171, 6, 100, 75488, 97887
2026/07/08 12:50:37.186, 7, 100, 75488, 97887
2026/07/08 12:50:38.200, 0, 0, 48704, 97887
2026/07/08 12:50:38.220, 1, 0, 48104, 97887
2026/07/08 12:50:38.239, 2, 0, 48104, 97887
2026/07/08 12:50:38.254, 3, 0, 48104, 97887
2026/07/08 12:50:38.271, 4, 32, 75544, 97887
2026/07/08 12:50:38.286, 5, 91, 75542, 97887
2026/07/08 12:50:38.302, 6, 48, 75528, 97887
2026/07/08 12:50:38.318, 7, 65, 75528, 97887
2026/07/08 12:50:39.334, 0, 0, 48704, 97887
2026/07/08 12:50:39.349, 1, 0, 48104, 97887
2026/07/08 12:50:39.360, 2, 0, 48104, 97887
2026/07/08 12:50:39.372, 3, 0, 48104, 97887
2026/07/08 12:50:39.387, 4, 47, 75544, 97887
2026/07/08 12:50:39.402, 5, 67, 75542, 97887
2026/07/08 12:50:39.415, 6, 42, 75528, 97887
2026/07/08 12:50:39.427, 7, 86, 75528, 97887
2026/07/08 12:50:40.443, 0, 0, 48704, 97887
2026/07/08 12:50:40.458, 1, 0, 48104, 97887
2026/07/08 12:50:40.473, 2, 0, 48104, 97887
2026/07/08 12:50:40.489, 3, 0, 48104, 97887
2026/07/08 12:50:40.506, 4, 29, 75544, 97887
2026/07/08 12:50:40.520, 5, 94, 75542, 97887
2026/07/08 12:50:40.534, 6, 36, 75528, 97887
2026/07/08 12:50:40.547, 7, 84, 75528, 97887
2026/07/08 12:50:41.561, 0, 0, 48704, 97887
2026/07/08 12:50:41.578, 1, 0, 48104, 97887
2026/07/08 12:50:41.594, 2, 0, 48104, 97887
2026/07/08 12:50:41.610, 3, 0, 48104, 97887
2026/07/08 12:50:41.627, 4, 35, 75544, 97887
2026/07/08 12:50:41.646, 5, 93, 75542, 97887
2026/07/08 12:50:41.661, 6, 52, 75528, 97887
2026/07/08 12:50:41.676, 7, 49, 75528, 97887
2026/07/08 12:50:42.689, 0, 0, 48704, 97887
2026/07/08 12:50:42.705, 1, 0, 48104, 97887
2026/07/08 12:50:42.722, 2, 0, 48104, 97887
2026/07/08 12:50:42.736, 3, 0, 48104, 97887
2026/07/08 12:50:42.754, 4, 49, 75544, 97887
2026/07/08 12:50:42.766, 5, 90, 75544, 97887
2026/07/08 12:50:42.780, 6, 38, 75528, 97887
2026/07/08 12:50:42.795, 7, 75, 75528, 97887
2026/07/08 12:50:43.807, 0, 0, 48704, 97887
2026/07/08 12:50:43.823, 1, 0, 48104, 97887
2026/07/08 12:50:43.835, 2, 0, 48104, 97887
2026/07/08 12:50:43.850, 3, 0, 48104, 97887
2026/07/08 12:50:43.863, 4, 29, 75544, 97887
2026/07/08 12:50:43.878, 5, 94, 75544, 97887
2026/07/08 12:50:43.888, 6, 36, 75528, 97887
2026/07/08 12:50:43.903, 7, 71, 75528, 97887
2026/07/08 12:50:44.920, 0, 0, 48704, 97887
2026/07/08 12:50:44.934, 1, 0, 48104, 97887
2026/07/08 12:50:44.948, 2, 0, 48104, 97887
2026/07/08 12:50:44.962, 3, 0, 48104, 97887
2026/07/08 12:50:44.977, 4, 100, 75544, 97887
2026/07/08 12:50:44.990, 5, 100, 75544, 97887
2026/07/08 12:50:45.002, 6, 53, 75528, 97887
2026/07/08 12:50:45.016, 7, 83, 75528, 97887
2026/07/08 12:50:46.030, 0, 0, 48704, 97887
2026/07/08 12:50:46.049, 1, 0, 48104, 97887
2026/07/08 12:50:46.064, 2, 0, 48104, 97887
2026/07/08 12:50:46.078, 3, 0, 48104, 97887
2026/07/08 12:50:46.090, 4, 100, 75544, 97887
2026/07/08 12:50:46.101, 5, 100, 75544, 97887
2026/07/08 12:50:46.117, 6, 79, 75528, 97887
2026/07/08 12:50:46.132, 7, 67, 75528, 97887
2026/07/08 12:50:47.146, 0, 0, 48704, 97887
2026/07/08 12:50:47.161, 1, 0, 48104, 97887
2026/07/08 12:50:47.175, 2, 0, 48104, 97887
2026/07/08 12:50:47.192, 3, 0, 48104, 97887
2026/07/08 12:50:47.207, 4, 60, 75544, 97887
2026/07/08 12:50:47.221, 5, 44, 75544, 97887
2026/07/08 12:50:47.238, 6, 77, 75528, 97887
2026/07/08 12:50:47.253, 7, 82, 75528, 97887
2026/07/08 12:50:48.269, 0, 0, 48704, 97887
2026/07/08 12:50:48.287, 1, 0, 48104, 97887
2026/07/08 12:50:48.304, 2, 0, 48104, 97887
2026/07/08 12:50:48.321, 3, 0, 48104, 97887
2026/07/08 12:50:48.337, 4, 28, 75544, 97887
2026/07/08 12:50:48.353, 5, 93, 75544, 97887
2026/07/08 12:50:48.371, 6, 56, 75528, 97887
2026/07/08 12:50:48.388, 7, 58, 75528, 97887
2026/07/08 12:50:49.409, 0, 0, 48704, 97887
2026/07/08 12:50:49.429, 1, 0, 48104, 97887
2026/07/08 12:50:49.448, 2, 0, 48104, 97887
2026/07/08 12:50:49.467, 3, 0, 48104, 97887
2026/07/08 12:50:49.486, 4, 30, 75544, 97887
2026/07/08 12:50:49.506, 5, 87, 75544, 97887
2026/07/08 12:50:49.527, 6, 65, 75528, 97887
2026/07/08 12:50:49.545, 7, 71, 75528, 97887
2026/07/08 12:50:50.562, 0, 0, 48704, 97887
2026/07/08 12:50:50.580, 1, 0, 48104, 97887
2026/07/08 12:50:50.594, 2, 0, 48104, 97887
2026/07/08 12:50:50.609, 3, 0, 48104, 97887
2026/07/08 12:50:50.627, 4, 34, 75544, 97887
2026/07/08 12:50:50.645, 5, 91, 75544, 97887
2026/07/08 12:50:50.664, 6, 41, 75528, 97887
2026/07/08 12:50:50.680, 7, 76, 75528, 97887
2026/07/08 12:50:51.695, 0, 0, 48704, 97887
2026/07/08 12:50:51.713, 1, 0, 48104, 97887
2026/07/08 12:50:51.731, 2, 0, 48104, 97887
2026/07/08 12:50:51.745, 3, 0, 48104, 97887
2026/07/08 12:50:51.761, 4, 31, 75544, 97887
2026/07/08 12:50:51.777, 5, 94, 75544, 97887
2026/07/08 12:50:51.793, 6, 61, 75528, 97887
2026/07/08 12:50:51.809, 7, 65, 75528, 97887
2026/07/08 12:50:52.827, 0, 0, 48704, 97887
2026/07/08 12:50:52.844, 1, 0, 48104, 97887
2026/07/08 12:50:52.858, 2, 0, 48104, 97887
2026/07/08 12:50:52.873, 3, 0, 48104, 97887
2026/07/08 12:50:52.888, 4, 31, 75544, 97887
2026/07/08 12:50:52.904, 5, 94, 75544, 97887
2026/07/08 12:50:52.922, 6, 73, 75528, 97887
2026/07/08 12:50:52.940, 7, 35, 75528, 97887
2026/07/08 12:50:53.955, 0, 0, 48704, 97887
2026/07/08 12:50:53.975, 1, 0, 48104, 97887
2026/07/08 12:50:53.993, 2, 0, 48104, 97887
2026/07/08 12:50:54.009, 3, 0, 48104, 97887
2026/07/08 12:50:54.028, 4, 31, 75544, 97887
2026/07/08 12:50:54.049, 5, 94, 75544, 97887
2026/07/08 12:50:54.065, 6, 35, 75528, 97887
2026/07/08 12:50:54.079, 7, 85, 75528, 97887
2026/07/08 12:50:55.096, 0, 0, 48704, 97887
2026/07/08 12:50:55.113, 1, 0, 48104, 97887
2026/07/08 12:50:55.128, 2, 0, 48104, 97887
2026/07/08 12:50:55.143, 3, 0, 48104, 97887
2026/07/08 12:50:55.157, 4, 31, 75544, 97887
2026/07/08 12:50:55.171, 5, 94, 75544, 97887
2026/07/08 12:50:55.187, 6, 51, 75528, 97887
2026/07/08 12:50:55.206, 7, 65, 75528, 97887
2026/07/08 12:50:56.229, 0, 0, 48704, 97887
2026/07/08 12:50:56.245, 1, 0, 48104, 97887
2026/07/08 12:50:56.261, 2, 0, 48104, 97887
2026/07/08 12:50:56.279, 3, 0, 48104, 97887
2026/07/08 12:50:56.297, 4, 32, 75544, 97887
2026/07/08 12:50:56.315, 5, 85, 75544, 97887
2026/07/08 12:50:56.331, 6, 64, 75528, 97887
2026/07/08 12:50:56.346, 7, 58, 75528, 97887
2026/07/08 12:50:57.363, 0, 0, 48704, 97887
2026/07/08 12:50:57.382, 1, 0, 48104, 97887
2026/07/08 12:50:57.402, 2, 0, 48104, 97887
2026/07/08 12:50:57.421, 3, 0, 48104, 97887
2026/07/08 12:50:57.439, 4, 31, 75544, 97887
2026/07/08 12:50:57.455, 5, 93, 75544, 97887
2026/07/08 12:50:57.473, 6, 51, 75528, 97887
2026/07/08 12:50:57.493, 7, 40, 75528, 97887
2026/07/08 12:50:58.512, 0, 0, 48704, 97887
2026/07/08 12:50:58.531, 1, 0, 48104, 97887
2026/07/08 12:50:58.549, 2, 0, 48104, 97887
2026/07/08 12:50:58.567, 3, 0, 48104, 97887
2026/07/08 12:50:58.586, 4, 31, 75544, 97887
2026/07/08 12:50:58.602, 5, 93, 75544, 97887
2026/07/08 12:50:58.620, 6, 36, 75528, 97887
2026/07/08 12:50:58.637, 7, 90, 75528, 97887
2026/07/08 12:50:59.655, 0, 0, 48704, 97887
2026/07/08 12:50:59.669, 1, 0, 48104, 97887
2026/07/08 12:50:59.684, 2, 0, 48104, 97887
2026/07/08 12:50:59.696, 3, 0, 48104, 97887
2026/07/08 12:50:59.710, 4, 31, 75544, 97887
2026/07/08 12:50:59.724, 5, 93, 75544, 97887
2026/07/08 12:50:59.739, 6, 44, 75528, 97887
2026/07/08 12:50:59.756, 7, 74, 75528, 97887
2026/07/08 12:51:00.795, 0, 0, 48704, 97887
2026/07/08 12:51:00.815, 1, 0, 48104, 97887
2026/07/08 12:51:00.833, 2, 0, 48104, 97887
2026/07/08 12:51:00.849, 3, 0, 48104, 97887
2026/07/08 12:51:00.866, 4, 31, 75544, 97887
2026/07/08 12:51:00.885, 5, 93, 75544, 97887
2026/07/08 12:51:00.904, 6, 38, 75528, 97887
2026/07/08 12:51:00.921, 7, 87, 75528, 97887
2026/07/08 12:51:01.937, 0, 0, 48704, 97887
2026/07/08 12:51:01.956, 1, 0, 48104, 97887
2026/07/08 12:51:01.974, 2, 0, 48104, 97887
2026/07/08 12:51:01.990, 3, 0, 48104, 97887
2026/07/08 12:51:02.005, 4, 32, 75544, 97887
2026/07/08 12:51:02.023, 5, 94, 75544, 97887
2026/07/08 12:51:02.040, 6, 39, 75528, 97887
2026/07/08 12:51:02.058, 7, 91, 75528, 97887
2026/07/08 12:51:03.074, 0, 0, 48704, 97887
2026/07/08 12:51:03.093, 1, 0, 48104, 97887
2026/07/08 12:51:03.108, 2, 0, 48104, 97887
2026/07/08 12:51:03.124, 3, 0, 48104, 97887
2026/07/08 12:51:03.140, 4, 34, 75544, 97887
2026/07/08 12:51:03.157, 5, 85, 75544, 97887
2026/07/08 12:51:03.171, 6, 46, 75528, 97887
2026/07/08 12:51:03.184, 7, 40, 75528, 97887
2026/07/08 12:51:04.198, 0, 0, 48704, 97887
2026/07/08 12:51:04.215, 1, 0, 48104, 97887
2026/07/08 12:51:04.227, 2, 0, 48104, 97887
2026/07/08 12:51:04.243, 3, 0, 48104, 97887
2026/07/08 12:51:04.261, 4, 32, 75544, 97887
2026/07/08 12:51:04.279, 5, 93, 75544, 97887
2026/07/08 12:51:04.297, 6, 44, 75528, 97887
2026/07/08 12:51:04.314, 7, 49, 75528, 97887
2026/07/08 12:51:05.327, 0, 0, 48704, 97887
2026/07/08 12:51:05.349, 1, 0, 48104, 97887
2026/07/08 12:51:05.375, 2, 0, 48104, 97887
2026/07/08 12:51:05.405, 3, 0, 48104, 97887
2026/07/08 12:51:05.419, 4, 31, 75544, 97887
2026/07/08 12:51:05.434, 5, 87, 75544, 97887
2026/07/08 12:51:05.448, 6, 92, 75528, 97887
2026/07/08 12:51:05.465, 7, 31, 75528, 97887
2026/07/08 12:51:06.492, 0, 0, 48704, 97887
2026/07/08 12:51:06.513, 1, 0, 48104, 97887
2026/07/08 12:51:06.531, 2, 0, 48104, 97887
2026/07/08 12:51:06.549, 3, 0, 48104, 97887
2026/07/08 12:51:06.566, 4, 31, 75544, 97887
2026/07/08 12:51:06.583, 5, 95, 75544, 97887
2026/07/08 12:51:06.602, 6, 48, 75528, 97887
2026/07/08 12:51:06.621, 7, 51, 75528, 97887
2026/07/08 12:51:07.636, 0, 0, 48704, 97887
2026/07/08 12:51:07.653, 1, 0, 48104, 97887
2026/07/08 12:51:07.670, 2, 0, 48104, 97887
2026/07/08 12:51:07.689, 3, 0, 48104, 97887
2026/07/08 12:51:07.706, 4, 31, 75544, 97887
2026/07/08 12:51:07.723, 5, 93, 75544, 97887
2026/07/08 12:51:07.741, 6, 51, 75528, 97887
2026/07/08 12:51:07.758, 7, 70, 75528, 97887
2026/07/08 12:51:08.776, 0, 0, 48704, 97887
2026/07/08 12:51:08.794, 1, 0, 48104, 97887
2026/07/08 12:51:08.810, 2, 0, 48104, 97887
2026/07/08 12:51:08.828, 3, 0, 48104, 97887
2026/07/08 12:51:08.850, 4, 30, 75544, 97887
2026/07/08 12:51:08.869, 5, 89, 75544, 97887
2026/07/08 12:51:08.888, 6, 35, 75528, 97887
2026/07/08 12:51:08.909, 7, 87, 75528, 97887
2026/07/08 12:51:09.929, 0, 0, 48704, 97887
2026/07/08 12:51:09.950, 1, 0, 48104, 97887
2026/07/08 12:51:09.970, 2, 0, 48104, 97887
2026/07/08 12:51:09.989, 3, 0, 48104, 97887
2026/07/08 12:51:10.006, 4, 33, 75544, 97887
2026/07/08 12:51:10.022, 5, 94, 75544, 97887
2026/07/08 12:51:10.040, 6, 36, 75528, 97887
2026/07/08 12:51:10.059, 7, 86, 75528, 97887
2026/07/08 12:51:11.081, 0, 0, 48704, 97887
2026/07/08 12:51:11.105, 1, 0, 48104, 97887
2026/07/08 12:51:11.130, 2, 0, 48104, 97887
2026/07/08 12:51:11.151, 3, 0, 48104, 97887
2026/07/08 12:51:11.171, 4, 31, 75544, 97887
2026/07/08 12:51:11.188, 5, 92, 75544, 97887
2026/07/08 12:51:11.205, 6, 35, 75528, 97887
2026/07/08 12:51:11.222, 7, 78, 75528, 97887
2026/07/08 12:51:12.240, 0, 0, 48704, 97887
2026/07/08 12:51:12.261, 1, 0, 48104, 97887
2026/07/08 12:51:12.278, 2, 0, 48104, 97887
2026/07/08 12:51:12.296, 3, 0, 48104, 97887
2026/07/08 12:51:12.315, 4, 30, 75544, 97887
2026/07/08 12:51:12.332, 5, 90, 75544, 97887
2026/07/08 12:51:12.350, 6, 74, 75528, 97887
2026/07/08 12:51:12.366, 7, 90, 75528, 97887
2026/07/08 12:51:13.386, 0, 0, 48704, 97887
2026/07/08 12:51:13.405, 1, 0, 48104, 97887
2026/07/08 12:51:13.423, 2, 0, 48104, 97887
2026/07/08 12:51:13.440, 3, 0, 48104, 97887
2026/07/08 12:51:13.458, 4, 31, 75544, 97887
2026/07/08 12:51:13.474, 5, 93, 75544, 97887
2026/07/08 12:51:13.491, 6, 46, 75528, 97887
2026/07/08 12:51:13.509, 7, 81, 75528, 97887
2026/07/08 12:51:14.527, 0, 0, 48704, 97887
2026/07/08 12:51:14.542, 1, 0, 48104, 97887
2026/07/08 12:51:14.557, 2, 0, 48104, 97887
2026/07/08 12:51:14.573, 3, 0, 48104, 97887
2026/07/08 12:51:14.588, 4, 31, 75544, 97887
2026/07/08 12:51:14.604, 5, 93, 75544, 97887
2026/07/08 12:51:14.620, 6, 62, 75528, 97887
2026/07/08 12:51:14.637, 7, 72, 75528, 97887
2026/07/08 12:51:15.655, 0, 0, 48704, 97887
2026/07/08 12:51:15.671, 1, 0, 48104, 97887
2026/07/08 12:51:15.686, 2, 0, 48104, 97887
2026/07/08 12:51:15.703, 3, 0, 48104, 97887
2026/07/08 12:51:15.723, 4, 26, 75544, 97887
2026/07/08 12:51:15.743, 5, 94, 75544, 97887
2026/07/08 12:51:15.761, 6, 49, 75528, 97887
2026/07/08 12:51:15.778, 7, 89, 75528, 97887
2026/07/08 12:51:16.795, 0, 0, 48704, 97887
2026/07/08 12:51:16.810, 1, 0, 48104, 97887
2026/07/08 12:51:16.826, 2, 0, 48104, 97887
2026/07/08 12:51:16.844, 3, 0, 48104, 97887
2026/07/08 12:51:16.862, 4, 56, 75544, 97887
2026/07/08 12:51:16.881, 5, 81, 75544, 97887
2026/07/08 12:51:16.900, 6, 48, 75528, 97887
2026/07/08 12:51:16.916, 7, 75, 75528, 97887
2026/07/08 12:51:17.933, 0, 0, 48704, 97887
2026/07/08 12:51:17.950, 1, 0, 48104, 97887
2026/07/08 12:51:17.965, 2, 0, 48104, 97887
2026/07/08 12:51:17.979, 3, 0, 48104, 97887
2026/07/08 12:51:17.996, 4, 30, 75544, 97887
2026/07/08 12:51:18.014, 5, 93, 75544, 97887
2026/07/08 12:51:18.029, 6, 60, 75528, 97887
2026/07/08 12:51:18.054, 7, 66, 75530, 97887
2026/07/08 12:51:19.065, 0, 0, 48704, 97887
2026/07/08 12:51:19.078, 1, 0, 48104, 97887
2026/07/08 12:51:19.095, 2, 0, 48104, 97887
2026/07/08 12:51:19.112, 3, 0, 48104, 97887
2026/07/08 12:51:19.128, 4, 30, 75544, 97887
2026/07/08 12:51:19.136, 5, 94, 75544, 97887
2026/07/08 12:51:19.148, 6, 37, 75528, 97887
2026/07/08 12:51:19.164, 7, 90, 75530, 97887
2026/07/08 12:51:20.185, 0, 0, 48704, 97887
2026/07/08 12:51:20.203, 1, 0, 48104, 97887
2026/07/08 12:51:20.219, 2, 0, 48104, 97887
2026/07/08 12:51:20.237, 3, 0, 48104, 97887
2026/07/08 12:51:20.253, 4, 30, 75544, 97887
2026/07/08 12:51:20.267, 5, 93, 75544, 97887
2026/07/08 12:51:20.283, 6, 40, 75528, 97887
2026/07/08 12:51:20.300, 7, 88, 75530, 97887
2026/07/08 12:51:21.318, 0, 0, 48704, 97887
2026/07/08 12:51:21.336, 1, 0, 48104, 97887
2026/07/08 12:51:21.356, 2, 0, 48104, 97887
2026/07/08 12:51:21.375, 3, 0, 48104, 97887
2026/07/08 12:51:21.393, 4, 30, 75544, 97887
2026/07/08 12:51:21.408, 5, 93, 75544, 97887
2026/07/08 12:51:21.422, 6, 32, 75528, 97887
2026/07/08 12:51:21.438, 7, 84, 75530, 97887
2026/07/08 12:51:22.454, 0, 0, 48704, 97887
2026/07/08 12:51:22.477, 1, 0, 48104, 97887
2026/07/08 12:51:22.493, 2, 0, 48104, 97887
2026/07/08 12:51:22.509, 3, 0, 48104, 97887
2026/07/08 12:51:22.519, 4, 72, 75544, 97887
2026/07/08 12:51:22.526, 5, 48, 75544, 97887
2026/07/08 12:51:22.531, 6, 38, 75530, 97887
2026/07/08 12:51:22.545, 7, 91, 75530, 97887
2026/07/08 12:51:23.554, 0, 0, 48704, 97887
2026/07/08 12:51:23.570, 1, 0, 48104, 97887
2026/07/08 12:51:23.585, 2, 0, 48104, 97887
2026/07/08 12:51:23.599, 3, 0, 48104, 97887
2026/07/08 12:51:23.614, 4, 30, 75544, 97887
2026/07/08 12:51:23.631, 5, 94, 75544, 97887
2026/07/08 12:51:23.645, 6, 49, 75530, 97887
2026/07/08 12:51:23.661, 7, 73, 75530, 97887
2026/07/08 12:51:24.675, 0, 0, 48704, 97887
2026/07/08 12:51:24.692, 1, 0, 48104, 97887
2026/07/08 12:51:24.709, 2, 0, 48104, 97887
2026/07/08 12:51:24.727, 3, 0, 48104, 97887
2026/07/08 12:51:24.740, 4, 37, 75544, 97887
2026/07/08 12:51:24.754, 5, 79, 75544, 97887
2026/07/08 12:51:24.768, 6, 91, 75530, 97887
2026/07/08 12:51:24.784, 7, 31, 75530, 97887
2026/07/08 12:51:25.801, 0, 0, 48704, 97887
2026/07/08 12:51:25.822, 1, 0, 48104, 97887
2026/07/08 12:51:25.836, 2, 0, 48104, 97887
2026/07/08 12:51:25.851, 3, 0, 48104, 97887
2026/07/08 12:51:25.866, 4, 30, 75544, 97887
2026/07/08 12:51:25.881, 5, 93, 75544, 97887
2026/07/08 12:51:25.896, 6, 78, 75530, 97887
2026/07/08 12:51:25.912, 7, 42, 75530, 97887
2026/07/08 12:51:26.928, 0, 0, 48704, 97887
2026/07/08 12:51:26.940, 1, 0, 48104, 97887
2026/07/08 12:51:26.953, 2, 0, 48104, 97887
2026/07/08 12:51:26.967, 3, 0, 48104, 97887
2026/07/08 12:51:26.979, 4, 31, 75544, 97887
2026/07/08 12:51:26.991, 5, 94, 75544, 97887
2026/07/08 12:51:27.003, 6, 80, 75530, 97887
2026/07/08 12:51:27.014, 7, 32, 75530, 97887
2026/07/08 12:51:28.025, 0, 0, 48704, 97887
2026/07/08 12:51:28.041, 1, 0, 48104, 97887
2026/07/08 12:51:28.055, 2, 0, 48104, 97887
2026/07/08 12:51:28.070, 3, 0, 48104, 97887
2026/07/08 12:51:28.084, 4, 72, 75544, 97887
2026/07/08 12:51:28.096, 5, 68, 75544, 97887
2026/07/08 12:51:28.110, 6, 89, 75530, 97887
2026/07/08 12:51:28.123, 7, 93, 75530, 97887
2026/07/08 12:51:29.137, 0, 0, 48704, 97887
2026/07/08 12:51:29.152, 1, 0, 48104, 97887
2026/07/08 12:51:29.165, 2, 0, 48104, 97887
2026/07/08 12:51:29.178, 3, 0, 48104, 97887
2026/07/08 12:51:29.192, 4, 46, 75544, 97887
2026/07/08 12:51:29.207, 5, 72, 75544, 97887
2026/07/08 12:51:29.223, 6, 84, 75530, 97887
2026/07/08 12:51:29.241, 7, 35, 75530, 97887
2026/07/08 12:51:30.257, 0, 0, 48704, 97887
2026/07/08 12:51:30.273, 1, 0, 48104, 97887
2026/07/08 12:51:30.289, 2, 0, 48104, 97887
2026/07/08 12:51:30.305, 3, 0, 48104, 97887
2026/07/08 12:51:30.322, 4, 30, 75544, 97887
2026/07/08 12:51:30.339, 5, 94, 75544, 97887
2026/07/08 12:51:30.356, 6, 92, 75530, 97887
2026/07/08 12:51:30.372, 7, 61, 75530, 97887
2026/07/08 12:51:31.390, 0, 0, 48704, 97887
2026/07/08 12:51:31.406, 1, 0, 48104, 97887
2026/07/08 12:51:31.421, 2, 0, 48104, 97887
2026/07/08 12:51:31.435, 3, 0, 48104, 97887
2026/07/08 12:51:31.448, 4, 38, 75544, 97887
2026/07/08 12:51:31.462, 5, 82, 75544, 97887
2026/07/08 12:51:31.478, 6, 90, 75530, 97887
2026/07/08 12:51:31.493, 7, 36, 75530, 97887
2026/07/08 12:51:32.510, 0, 0, 48704, 97887
2026/07/08 12:51:32.527, 1, 0, 48104, 97887
2026/07/08 12:51:32.539, 2, 0, 48104, 97887
2026/07/08 12:51:32.551, 3, 0, 48104, 97887
2026/07/08 12:51:32.560, 4, 31, 75544, 97887
2026/07/08 12:51:32.570, 5, 94, 75544, 97887
2026/07/08 12:51:32.583, 6, 81, 75530, 97887
2026/07/08 12:51:32.599, 7, 56, 75530, 97887
2026/07/08 12:51:33.613, 0, 0, 48704, 97887
2026/07/08 12:51:33.636, 1, 0, 48104, 97887
2026/07/08 12:51:33.654, 2, 0, 48104, 97887
2026/07/08 12:51:33.671, 3, 0, 48104, 97887
2026/07/08 12:51:33.692, 4, 32, 75544, 97887
2026/07/08 12:51:33.711, 5, 93, 75544, 97887
2026/07/08 12:51:33.731, 6, 71, 75530, 97887
2026/07/08 12:51:33.747, 7, 64, 75530, 97887
2026/07/08 12:51:34.763, 0, 0, 48704, 97887
2026/07/08 12:51:34.783, 1, 0, 48104, 97887
2026/07/08 12:51:34.800, 2, 0, 48104, 97887
2026/07/08 12:51:34.819, 3, 0, 48104, 97887
2026/07/08 12:51:34.841, 4, 33, 75544, 97887
2026/07/08 12:51:34.865, 5, 93, 75544, 97887
2026/07/08 12:51:34.884, 6, 78, 75530, 97887
2026/07/08 12:51:34.903, 7, 58, 75530, 97887
2026/07/08 12:51:35.919, 0, 0, 48704, 97887
2026/07/08 12:51:35.941, 1, 0, 48104, 97887
2026/07/08 12:51:35.959, 2, 0, 48104, 97887
2026/07/08 12:51:35.976, 3, 0, 48104, 97887
2026/07/08 12:51:35.993, 4, 100, 75544, 97887
2026/07/08 12:51:36.009, 5, 95, 75544, 97887
2026/07/08 12:51:36.028, 6, 79, 75530, 97887
2026/07/08 12:51:36.045, 7, 66, 75530, 97887
2026/07/08 12:51:37.063, 0, 0, 48704, 97887
2026/07/08 12:51:37.077, 1, 0, 48104, 97887
2026/07/08 12:51:37.094, 2, 0, 48104, 97887
2026/07/08 12:51:37.106, 3, 0, 48104, 97887
2026/07/08 12:51:37.124, 4, 30, 75544, 97887
2026/07/08 12:51:37.139, 5, 93, 75544, 97887
2026/07/08 12:51:37.152, 6, 88, 75530, 97887
2026/07/08 12:51:37.168, 7, 25, 75530, 97887
2026/07/08 12:51:38.185, 0, 0, 48704, 97887
2026/07/08 12:51:38.202, 1, 0, 48104, 97887
2026/07/08 12:51:38.217, 2, 0, 48104, 97887
2026/07/08 12:51:38.233, 3, 0, 48104, 97887
2026/07/08 12:51:38.250, 4, 30, 75544, 97887
2026/07/08 12:51:38.268, 5, 94, 75544, 97887
2026/07/08 12:51:38.294, 6, 77, 75530, 97887
2026/07/08 12:51:38.314, 7, 67, 75530, 97887
2026/07/08 12:51:39.341, 0, 0, 48704, 97887
2026/07/08 12:51:39.362, 1, 0, 48104, 97887
2026/07/08 12:51:39.381, 2, 0, 48104, 97887
2026/07/08 12:51:39.400, 3, 0, 48104, 97887
2026/07/08 12:51:39.418, 4, 30, 75544, 97887
2026/07/08 12:51:39.436, 5, 94, 75544, 97887
2026/07/08 12:51:39.455, 6, 77, 75530, 97887
2026/07/08 12:51:39.473, 7, 67, 75530, 97887
2026/07/08 12:51:40.495, 0, 0, 48704, 97887
2026/07/08 12:51:40.513, 1, 0, 48104, 97887
2026/07/08 12:51:40.530, 2, 0, 48104, 97887
2026/07/08 12:51:40.546, 3, 0, 48104, 97887
2026/07/08 12:51:40.558, 4, 35, 75544, 97887
2026/07/08 12:51:40.572, 5, 76, 75544, 97887
2026/07/08 12:51:40.586, 6, 33, 75530, 97887
2026/07/08 12:51:40.602, 7, 34, 75530, 97887
2026/07/08 12:51:41.619, 0, 0, 48704, 97887
2026/07/08 12:51:41.638, 1, 0, 48104, 97887
2026/07/08 12:51:41.658, 2, 0, 48104, 97887
2026/07/08 12:51:41.678, 3, 0, 48104, 97887
2026/07/08 12:51:41.697, 4, 30, 75544, 97887
2026/07/08 12:51:41.715, 5, 94, 75544, 97887
2026/07/08 12:51:41.732, 6, 81, 75530, 97887
2026/07/08 12:51:41.749, 7, 58, 75530, 97887
2026/07/08 12:51:42.764, 0, 0, 48704, 97887
2026/07/08 12:51:42.782, 1, 0, 48104, 97887
2026/07/08 12:51:42.800, 2, 0, 48104, 97887
2026/07/08 12:51:42.819, 3, 0, 48104, 97887
2026/07/08 12:51:42.838, 4, 36, 75544, 97887
2026/07/08 12:51:42.855, 5, 94, 75544, 97887
2026/07/08 12:51:42.871, 6, 25, 75530, 97887
2026/07/08 12:51:42.889, 7, 39, 75530, 97887
2026/07/08 12:51:43.906, 0, 0, 48704, 97887
2026/07/08 12:51:43.934, 1, 0, 48104, 97887
2026/07/08 12:51:43.954, 2, 0, 48104, 97887
2026/07/08 12:51:43.969, 3, 0, 48104, 97887
2026/07/08 12:51:43.995, 4, 31, 75544, 97887
2026/07/08 12:51:44.019, 5, 93, 75544, 97887
2026/07/08 12:51:44.046, 6, 61, 75530, 97887
2026/07/08 12:51:44.061, 7, 46, 75530, 97887
2026/07/08 12:51:45.078, 0, 0, 48704, 97887
2026/07/08 12:51:45.097, 1, 0, 48104, 97887
2026/07/08 12:51:45.117, 2, 0, 48104, 97887
2026/07/08 12:51:45.135, 3, 0, 48104, 97887
2026/07/08 12:51:45.153, 4, 29, 75544, 97887
2026/07/08 12:51:45.175, 5, 94, 75544, 97887
2026/07/08 12:51:45.194, 6, 68, 75530, 97887
2026/07/08 12:51:45.215, 7, 62, 75530, 97887
2026/07/08 12:51:46.234, 0, 0, 48704, 97887
2026/07/08 12:51:46.253, 1, 0, 48104, 97887
2026/07/08 12:51:46.271, 2, 0, 48104, 97887
2026/07/08 12:51:46.288, 3, 0, 48104, 97887
2026/07/08 12:51:46.305, 4, 64, 75544, 97887
2026/07/08 12:51:46.320, 5, 69, 75544, 97887
2026/07/08 12:51:46.335, 6, 77, 75530, 97887
2026/07/08 12:51:46.345, 7, 36, 75530, 97887
2026/07/08 12:51:47.358, 0, 0, 48704, 97887
2026/07/08 12:51:47.376, 1, 0, 48104, 97887
2026/07/08 12:51:47.392, 2, 0, 48104, 97887
2026/07/08 12:51:47.410, 3, 0, 48104, 97887
2026/07/08 12:51:47.430, 4, 31, 75544, 97887
2026/07/08 12:51:47.444, 5, 89, 75544, 97887
2026/07/08 12:51:47.458, 6, 59, 75530, 97887
2026/07/08 12:51:47.471, 7, 58, 75530, 97887
2026/07/08 12:51:48.489, 0, 0, 48704, 97887
2026/07/08 12:51:48.505, 1, 0, 48104, 97887
2026/07/08 12:51:48.522, 2, 0, 48104, 97887
2026/07/08 12:51:48.534, 3, 0, 48104, 97887
2026/07/08 12:51:48.570, 4, 62, 75544, 97887
2026/07/08 12:51:48.585, 5, 81, 75544, 97887
2026/07/08 12:51:48.599, 6, 72, 75530, 97887
2026/07/08 12:51:48.615, 7, 40, 75532, 97887
2026/07/08 12:51:49.627, 0, 0, 48704, 97887
2026/07/08 12:51:49.644, 1, 0, 48104, 97887
2026/07/08 12:51:49.660, 2, 0, 48104, 97887
2026/07/08 12:51:49.678, 3, 0, 48104, 97887
2026/07/08 12:51:49.693, 4, 57, 75544, 97887
2026/07/08 12:51:49.708, 5, 69, 75544, 97887
2026/07/08 12:51:49.725, 6, 87, 75530, 97887
2026/07/08 12:51:49.741, 7, 50, 75532, 97887
2026/07/08 12:51:50.757, 0, 0, 48704, 97887
2026/07/08 12:51:50.774, 1, 0, 48104, 97887
2026/07/08 12:51:50.794, 2, 0, 48104, 97887
2026/07/08 12:51:50.810, 3, 0, 48104, 97887
2026/07/08 12:51:50.827, 4, 6, 75544, 97887
2026/07/08 12:51:50.841, 5, 67, 75544, 97887
2026/07/08 12:51:50.851, 6, 58, 75530, 97887
2026/07/08 12:51:50.863, 7, 43, 75532, 97887
2026/07/08 12:51:51.877, 0, 0, 48704, 97887
2026/07/08 12:51:51.891, 1, 0, 48104, 97887
2026/07/08 12:51:51.908, 2, 0, 48104, 97887
2026/07/08 12:51:51.926, 3, 0, 48104, 97887
2026/07/08 12:51:51.943, 4, 47, 75544, 97887
2026/07/08 12:51:51.960, 5, 81, 75544, 97887
2026/07/08 12:51:51.976, 6, 53, 75530, 97887
2026/07/08 12:51:51.990, 7, 41, 75532, 97887
2026/07/08 12:51:53.008, 0, 0, 48704, 97887
2026/07/08 12:51:53.031, 1, 0, 48104, 97887
2026/07/08 12:51:53.049, 2, 0, 48104, 97887
2026/07/08 12:51:53.067, 3, 0, 48104, 97887
2026/07/08 12:51:53.087, 4, 30, 75544, 97887
2026/07/08 12:51:53.105, 5, 94, 75544, 97887
2026/07/08 12:51:53.120, 6, 54, 75530, 97887
2026/07/08 12:51:53.134, 7, 77, 75532, 97887
2026/07/08 12:51:54.151, 0, 0, 48704, 97887
2026/07/08 12:51:54.166, 1, 0, 48104, 97887
2026/07/08 12:51:54.181, 2, 0, 48104, 97887
2026/07/08 12:51:54.196, 3, 0, 48104, 97887
2026/07/08 12:51:54.212, 4, 37, 75544, 97887
2026/07/08 12:51:54.232, 5, 83, 75544, 97887
2026/07/08 12:51:54.246, 6, 49, 75530, 97887
2026/07/08 12:51:54.260, 7, 83, 75532, 97887
2026/07/08 12:51:55.276, 0, 0, 48704, 97887
2026/07/08 12:51:55.293, 1, 0, 48104, 97887
2026/07/08 12:51:55.309, 2, 0, 48104, 97887
2026/07/08 12:51:55.326, 3, 0, 48104, 97887
2026/07/08 12:51:55.343, 4, 29, 75544, 97887
2026/07/08 12:51:55.362, 5, 94, 75544, 97887
2026/07/08 12:51:55.379, 6, 64, 75530, 97887
2026/07/08 12:51:55.395, 7, 58, 75532, 97887
2026/07/08 12:51:56.410, 0, 0, 48704, 97887
2026/07/08 12:51:56.428, 1, 0, 48104, 97887
2026/07/08 12:51:56.446, 2, 0, 48104, 97887
2026/07/08 12:51:56.461, 3, 0, 48104, 97887
2026/07/08 12:51:56.477, 4, 50, 75544, 97887
2026/07/08 12:51:56.491, 5, 89, 75544, 97887
2026/07/08 12:51:56.504, 6, 43, 75530, 97887
2026/07/08 12:51:56.512, 7, 42, 75532, 97887
2026/07/08 12:51:57.521, 0, 0, 48704, 97887
2026/07/08 12:51:57.540, 1, 0, 48104, 97887
2026/07/08 12:51:57.553, 2, 0, 48104, 97887
2026/07/08 12:51:57.569, 3, 0, 48104, 97887
2026/07/08 12:51:57.588, 4, 60, 75544, 97887
2026/07/08 12:51:57.607, 5, 77, 75544, 97887
2026/07/08 12:51:57.625, 6, 49, 75532, 97887
2026/07/08 12:51:57.641, 7, 75, 75532, 97887
2026/07/08 12:51:58.657, 0, 0, 48704, 97887
2026/07/08 12:51:58.674, 1, 0, 48104, 97887
2026/07/08 12:51:58.693, 2, 0, 48104, 97887
2026/07/08 12:51:58.709, 3, 0, 48104, 97887
2026/07/08 12:51:58.723, 4, 29, 75544, 97887
2026/07/08 12:51:58.735, 5, 92, 75544, 97887
2026/07/08 12:51:58.748, 6, 40, 75532, 97887
2026/07/08 12:51:58.761, 7, 69, 75532, 97887
2026/07/08 12:51:59.779, 0, 0, 48704, 97887
2026/07/08 12:51:59.799, 1, 0, 48104, 97887
2026/07/08 12:51:59.816, 2, 0, 48104, 97887
2026/07/08 12:51:59.831, 3, 0, 48104, 97887
2026/07/08 12:51:59.848, 4, 30, 75544, 97887
2026/07/08 12:51:59.866, 5, 93, 75544, 97887
2026/07/08 12:51:59.880, 6, 88, 75532, 97887
2026/07/08 12:51:59.899, 7, 46, 75532, 97887
2026/07/08 12:52:00.919, 0, 0, 48704, 97887
2026/07/08 12:52:00.937, 1, 0, 48104, 97887
2026/07/08 12:52:00.954, 2, 0, 48104, 97887
2026/07/08 12:52:00.972, 3, 0, 48104, 97887
2026/07/08 12:52:00.994, 4, 59, 75544, 97887
2026/07/08 12:52:01.015, 5, 46, 75544, 97887
2026/07/08 12:52:01.034, 6, 87, 75532, 97887
2026/07/08 12:52:01.052, 7, 64, 75532, 97887
2026/07/08 12:52:02.069, 0, 0, 48704, 97887
2026/07/08 12:52:02.086, 1, 0, 48104, 97887
2026/07/08 12:52:02.101, 2, 0, 48104, 97887
2026/07/08 12:52:02.119, 3, 0, 48104, 97887
2026/07/08 12:52:02.133, 4, 35, 75544, 97887
2026/07/08 12:52:02.145, 5, 78, 75544, 97887
2026/07/08 12:52:02.157, 6, 88, 75532, 97887
2026/07/08 12:52:02.172, 7, 52, 75532, 97887
2026/07/08 12:52:03.188, 0, 0, 48704, 97887
2026/07/08 12:52:03.204, 1, 0, 48104, 97887
2026/07/08 12:52:03.219, 2, 0, 48104, 97887
2026/07/08 12:52:03.234, 3, 0, 48104, 97887
2026/07/08 12:52:03.249, 4, 32, 75544, 97887
2026/07/08 12:52:03.262, 5, 94, 75544, 97887
2026/07/08 12:52:03.275, 6, 94, 75532, 97887
2026/07/08 12:52:03.287, 7, 31, 75532, 97887
2026/07/08 12:52:04.300, 0, 0, 48704, 97887
2026/07/08 12:52:04.317, 1, 0, 48104, 97887
2026/07/08 12:52:04.333, 2, 0, 48104, 97887
2026/07/08 12:52:04.354, 3, 0, 48104, 97887
2026/07/08 12:52:04.372, 4, 32, 75544, 97887
2026/07/08 12:52:04.392, 5, 94, 75544, 97887
2026/07/08 12:52:04.412, 6, 52, 75532, 97887
2026/07/08 12:52:04.429, 7, 83, 75532, 97887
2026/07/08 12:52:05.448, 0, 0, 48704, 97887
2026/07/08 12:52:05.468, 1, 0, 48104, 97887
2026/07/08 12:52:05.483, 2, 0, 48104, 97887
2026/07/08 12:52:05.499, 3, 0, 48104, 97887
2026/07/08 12:52:05.518, 4, 30, 75544, 97887
2026/07/08 12:52:05.535, 5, 94, 75544, 97887
2026/07/08 12:52:05.552, 6, 67, 75532, 97887
2026/07/08 12:52:05.567, 7, 39, 75532, 97887
2026/07/08 12:52:06.584, 0, 0, 48704, 97887
2026/07/08 12:52:06.602, 1, 0, 48104, 97887
2026/07/08 12:52:06.619, 2, 0, 48104, 97887
2026/07/08 12:52:06.636, 3, 0, 48104, 97887
2026/07/08 12:52:06.655, 4, 64, 75544, 97887
2026/07/08 12:52:06.671, 5, 62, 75544, 97887
2026/07/08 12:52:06.685, 6, 87, 75532, 97887
2026/07/08 12:52:06.699, 7, 37, 75532, 97887
2026/07/08 12:52:07.715, 0, 0, 48704, 97887
2026/07/08 12:52:07.730, 1, 0, 48104, 97887
2026/07/08 12:52:07.744, 2, 0, 48104, 97887
2026/07/08 12:52:07.759, 3, 0, 48104, 97887
2026/07/08 12:52:07.773, 4, 29, 75544, 97887
2026/07/08 12:52:07.787, 5, 93, 75544, 97887
2026/07/08 12:52:07.800, 6, 96, 75532, 97887
2026/07/08 12:52:07.812, 7, 35, 75532, 97887
2026/07/08 12:52:08.825, 0, 0, 48704, 97887
2026/07/08 12:52:08.841, 1, 0, 48104, 97887
2026/07/08 12:52:08.857, 2, 0, 48104, 97887
2026/07/08 12:52:08.871, 3, 0, 48104, 97887
2026/07/08 12:52:08.885, 4, 30, 75544, 97887
2026/07/08 12:52:08.900, 5, 94, 75544, 97887
2026/07/08 12:52:08.916, 6, 88, 75532, 97887
2026/07/08 12:52:08.929, 7, 42, 75532, 97887
2026/07/08 12:52:09.943, 0, 0, 48704, 97887
2026/07/08 12:52:09.957, 1, 0, 48104, 97887
2026/07/08 12:52:09.970, 2, 0, 48104, 97887
2026/07/08 12:52:09.986, 3, 0, 48104, 97887
2026/07/08 12:52:10.002, 4, 31, 75544, 97887
2026/07/08 12:52:10.018, 5, 94, 75544, 97887
2026/07/08 12:52:10.034, 6, 56, 75532, 97887
2026/07/08 12:52:10.052, 7, 44, 75532, 97887
2026/07/08 12:52:11.071, 0, 0, 48704, 97887
2026/07/08 12:52:11.108, 1, 0, 48104, 97887
2026/07/08 12:52:11.126, 2, 0, 48104, 97887
2026/07/08 12:52:11.144, 3, 0, 48104, 97887
2026/07/08 12:52:11.160, 4, 31, 75544, 97887
2026/07/08 12:52:11.174, 5, 94, 75544, 97887
2026/07/08 12:52:11.190, 6, 69, 75532, 97887
2026/07/08 12:52:11.203, 7, 35, 75532, 97887
2026/07/08 12:52:12.221, 0, 0, 48704, 97887
2026/07/08 12:52:12.237, 1, 0, 48104, 97887
2026/07/08 12:52:12.252, 2, 0, 48104, 97887
2026/07/08 12:52:12.269, 3, 0, 48104, 97887
2026/07/08 12:52:12.284, 4, 33, 75544, 97887
2026/07/08 12:52:12.300, 5, 94, 75544, 97887
2026/07/08 12:52:12.313, 6, 85, 75532, 97887
2026/07/08 12:52:12.328, 7, 56, 75532, 97887
2026/07/08 12:52:13.343, 0, 0, 48704, 97887
2026/07/08 12:52:13.361, 1, 0, 48104, 97887
2026/07/08 12:52:13.376, 2, 0, 48104, 97887
2026/07/08 12:52:13.393, 3, 0, 48104, 97887
2026/07/08 12:52:13.411, 4, 32, 75544, 97887
2026/07/08 12:52:13.428, 5, 94, 75544, 97887
2026/07/08 12:52:13.447, 6, 92, 75532, 97887
2026/07/08 12:52:13.466, 7, 43, 75532, 97887
2026/07/08 12:52:14.485, 0, 0, 48704, 97887
2026/07/08 12:52:14.499, 1, 0, 48104, 97887
2026/07/08 12:52:14.515, 2, 0, 48104, 97887
2026/07/08 12:52:14.531, 3, 0, 48104, 97887
2026/07/08 12:52:14.549, 4, 32, 75544, 97887
2026/07/08 12:52:14.565, 5, 93, 75544, 97887
2026/07/08 12:52:14.582, 6, 75, 75532, 97887
2026/07/08 12:52:14.600, 7, 81, 75532, 97887
2026/07/08 12:52:15.617, 0, 0, 48704, 97887
2026/07/08 12:52:15.635, 1, 0, 48104, 97887
2026/07/08 12:52:15.652, 2, 0, 48104, 97887
2026/07/08 12:52:15.668, 3, 0, 48104, 97887
2026/07/08 12:52:15.682, 4, 32, 75544, 97887
2026/07/08 12:52:15.695, 5, 93, 75544, 97887
2026/07/08 12:52:15.710, 6, 77, 75532, 97887
2026/07/08 12:52:15.725, 7, 45, 75532, 97887
2026/07/08 12:52:16.741, 0, 0, 48704, 97887
2026/07/08 12:52:16.772, 1, 0, 48104, 97887
2026/07/08 12:52:16.793, 2, 0, 48104, 97887
2026/07/08 12:52:16.808, 3, 0, 48104, 97887
2026/07/08 12:52:16.827, 4, 31, 75544, 97887
2026/07/08 12:52:16.841, 5, 94, 75544, 97887
2026/07/08 12:52:16.856, 6, 68, 75532, 97887
2026/07/08 12:52:16.870, 7, 40, 75532, 97887
2026/07/08 12:52:17.885, 0, 0, 48704, 97887
2026/07/08 12:52:17.900, 1, 0, 48104, 97887
2026/07/08 12:52:17.917, 2, 0, 48104, 97887
2026/07/08 12:52:17.932, 3, 0, 48104, 97887
2026/07/08 12:52:17.946, 4, 32, 75544, 97887
2026/07/08 12:52:17.960, 5, 93, 75544, 97887
2026/07/08 12:52:17.971, 6, 54, 75532, 97887
2026/07/08 12:52:17.984, 7, 86, 75532, 97887
2026/07/08 12:52:18.996, 0, 0, 48704, 97887
2026/07/08 12:52:19.010, 1, 0, 48104, 97887
2026/07/08 12:52:19.028, 2, 0, 48104, 97887
2026/07/08 12:52:19.043, 3, 0, 48104, 97887
2026/07/08 12:52:19.054, 4, 30, 75544, 97887
2026/07/08 12:52:19.061, 5, 93, 75544, 97887
2026/07/08 12:52:19.072, 6, 85, 75532, 97887
2026/07/08 12:52:19.082, 7, 36, 75532, 97887
2026/07/08 12:52:20.093, 0, 0, 48704, 97887
2026/07/08 12:52:20.111, 1, 0, 48104, 97887
2026/07/08 12:52:20.127, 2, 0, 48104, 97887
2026/07/08 12:52:20.142, 3, 0, 48104, 97887
2026/07/08 12:52:20.156, 4, 31, 75544, 97887
2026/07/08 12:52:20.170, 5, 94, 75544, 97887
2026/07/08 12:52:20.184, 6, 74, 75532, 97887
2026/07/08 12:52:20.199, 7, 69, 75532, 97887
2026/07/08 12:52:21.215, 0, 0, 48704, 97887
2026/07/08 12:52:21.231, 1, 0, 48104, 97887
2026/07/08 12:52:21.247, 2, 0, 48104, 97887
2026/07/08 12:52:21.265, 3, 0, 48104, 97887
2026/07/08 12:52:21.276, 4, 31, 75544, 97887
2026/07/08 12:52:21.286, 5, 82, 75544, 97887
2026/07/08 12:52:21.293, 6, 76, 75532, 97887
2026/07/08 12:52:21.303, 7, 49, 75532, 97887
2026/07/08 12:52:22.315, 0, 0, 48704, 97887
2026/07/08 12:52:22.332, 1, 0, 48104, 97887
2026/07/08 12:52:22.347, 2, 0, 48104, 97887
2026/07/08 12:52:22.360, 3, 0, 48104, 97887
2026/07/08 12:52:22.376, 4, 31, 75544, 97887
2026/07/08 12:52:22.393, 5, 94, 75544, 97887
2026/07/08 12:52:22.408, 6, 67, 75532, 97887
2026/07/08 12:52:22.422, 7, 57, 75532, 97887
2026/07/08 12:52:23.440, 0, 0, 48704, 97887
2026/07/08 12:52:23.458, 1, 0, 48104, 97887
2026/07/08 12:52:23.473, 2, 0, 48104, 97887
2026/07/08 12:52:23.487, 3, 0, 48104, 97887
2026/07/08 12:52:23.503, 4, 50, 75544, 97887
2026/07/08 12:52:23.520, 5, 80, 75544, 97887
2026/07/08 12:52:23.538, 6, 43, 75532, 97887
2026/07/08 12:52:23.553, 7, 80, 75532, 97887
2026/07/08 12:52:24.569, 0, 0, 48704, 97887
2026/07/08 12:52:24.588, 1, 0, 48104, 97887
2026/07/08 12:52:24.605, 2, 0, 48104, 97887
2026/07/08 12:52:24.623, 3, 0, 48104, 97887
2026/07/08 12:52:24.638, 4, 30, 75544, 97887
2026/07/08 12:52:24.654, 5, 92, 75544, 97887
2026/07/08 12:52:24.667, 6, 33, 75532, 97887
2026/07/08 12:52:24.685, 7, 66, 75532, 97887
2026/07/08 12:52:25.701, 0, 0, 48704, 97887
2026/07/08 12:52:25.718, 1, 0, 48104, 97887
2026/07/08 12:52:25.732, 2, 0, 48104, 97887
2026/07/08 12:52:25.748, 3, 0, 48104, 97887
2026/07/08 12:52:25.764, 4, 31, 75544, 97887
2026/07/08 12:52:25.778, 5, 93, 75544, 97887
2026/07/08 12:52:25.794, 6, 50, 75532, 97887
2026/07/08 12:52:25.809, 7, 65, 75532, 97887
2026/07/08 12:52:26.824, 0, 0, 48704, 97887
2026/07/08 12:52:26.840, 1, 0, 48104, 97887
2026/07/08 12:52:26.855, 2, 0, 48104, 97887
2026/07/08 12:52:26.872, 3, 0, 48104, 97887
2026/07/08 12:52:26.889, 4, 29, 75544, 97887
2026/07/08 12:52:26.905, 5, 94, 75544, 97887
2026/07/08 12:52:26.921, 6, 49, 75532, 97887
2026/07/08 12:52:26.938, 7, 80, 75532, 97887
2026/07/08 12:52:27.957, 0, 0, 48704, 97887
2026/07/08 12:52:27.975, 1, 0, 48104, 97887
2026/07/08 12:52:27.991, 2, 0, 48104, 97887
2026/07/08 12:52:28.005, 3, 0, 48104, 97887
2026/07/08 12:52:28.022, 4, 29, 75544, 97887
2026/07/08 12:52:28.038, 5, 94, 75544, 97887
2026/07/08 12:52:28.057, 6, 47, 75532, 97887
2026/07/08 12:52:28.078, 7, 41, 75532, 97887
2026/07/08 12:52:29.093, 0, 0, 48704, 97887
2026/07/08 12:52:29.110, 1, 0, 48104, 97887
2026/07/08 12:52:29.128, 2, 0, 48104, 97887
2026/07/08 12:52:29.141, 3, 0, 48104, 97887
2026/07/08 12:52:29.157, 4, 29, 75544, 97887
2026/07/08 12:52:29.176, 5, 94, 75544, 97887
2026/07/08 12:52:29.193, 6, 47, 75532, 97887
2026/07/08 12:52:29.211, 7, 53, 75532, 97887
2026/07/08 12:52:30.227, 0, 0, 48704, 97887
2026/07/08 12:52:30.248, 1, 0, 48104, 97887
2026/07/08 12:52:30.267, 2, 0, 48104, 97887
2026/07/08 12:52:30.285, 3, 0, 48104, 97887
2026/07/08 12:52:30.305, 4, 30, 75544, 97887
2026/07/08 12:52:30.324, 5, 93, 75544, 97887
2026/07/08 12:52:30.344, 6, 49, 75532, 97887
2026/07/08 12:52:30.361, 7, 59, 75532, 97887
2026/07/08 12:52:31.377, 0, 0, 48704, 97887
2026/07/08 12:52:31.400, 1, 0, 48104, 97887
2026/07/08 12:52:31.422, 2, 0, 48104, 97887
2026/07/08 12:52:31.439, 3, 0, 48104, 97887
2026/07/08 12:52:31.459, 4, 38, 75544, 97887
2026/07/08 12:52:31.479, 5, 82, 75544, 97887
2026/07/08 12:52:31.500, 6, 70, 75532, 97887
2026/07/08 12:52:31.521, 7, 54, 75532, 97887
2026/07/08 12:52:32.541, 0, 0, 48704, 97887
2026/07/08 12:52:32.556, 1, 0, 48104, 97887
2026/07/08 12:52:32.561, 2, 0, 48104, 97887
2026/07/08 12:52:32.567, 3, 0, 48104, 97887
2026/07/08 12:52:32.572, 4, 30, 75544, 97887
2026/07/08 12:52:32.577, 5, 94, 75544, 97887
2026/07/08 12:52:32.581, 6, 70, 75532, 97887
2026/07/08 12:52:32.588, 7, 52, 75532, 97887
2026/07/08 12:52:33.601, 0, 0, 48704, 97887
2026/07/08 12:52:33.615, 1, 0, 48104, 97887
2026/07/08 12:52:33.630, 2, 0, 48104, 97887
2026/07/08 12:52:33.643, 3, 0, 48104, 97887
2026/07/08 12:52:33.662, 4, 38, 75544, 97887
2026/07/08 12:52:33.677, 5, 94, 75544, 97887
2026/07/08 12:52:33.697, 6, 77, 75532, 97887
2026/07/08 12:52:33.716, 7, 73, 75532, 97887
2026/07/08 12:52:34.733, 0, 0, 48704, 97887
2026/07/08 12:52:34.749, 1, 0, 48104, 97887
2026/07/08 12:52:34.767, 2, 0, 48104, 97887
2026/07/08 12:52:34.783, 3, 0, 48104, 97887
2026/07/08 12:52:34.799, 4, 39, 75544, 97887
2026/07/08 12:52:34.814, 5, 39, 75544, 97887
2026/07/08 12:52:34.828, 6, 86, 75532, 97887
2026/07/08 12:52:34.844, 7, 66, 75532, 97887
2026/07/08 12:52:35.863, 0, 0, 48704, 97887
2026/07/08 12:52:35.878, 1, 0, 48104, 97887
2026/07/08 12:52:35.893, 2, 0, 48104, 97887
2026/07/08 12:52:35.909, 3, 0, 48104, 97887
2026/07/08 12:52:35.923, 4, 30, 75544, 97887
2026/07/08 12:52:35.937, 5, 93, 75544, 97887
2026/07/08 12:52:35.953, 6, 48, 75532, 97887
2026/07/08 12:52:35.968, 7, 37, 75532, 97887
2026/07/08 12:52:36.983, 0, 0, 48704, 97887
2026/07/08 12:52:37.004, 1, 0, 48104, 97887
2026/07/08 12:52:37.021, 2, 0, 48104, 97887
2026/07/08 12:52:37.036, 3, 0, 48104, 97887
2026/07/08 12:52:37.049, 4, 43, 75544, 97887
2026/07/08 12:52:37.061, 5, 77, 75544, 97887
2026/07/08 12:52:37.074, 6, 69, 75532, 97887
2026/07/08 12:52:37.088, 7, 73, 75532, 97887
2026/07/08 12:52:38.105, 0, 0, 48704, 97887
2026/07/08 12:52:38.120, 1, 0, 48104, 97887
2026/07/08 12:52:38.136, 2, 0, 48104, 97887
2026/07/08 12:52:38.151, 3, 0, 48104, 97887
2026/07/08 12:52:38.165, 4, 100, 75544, 97887
2026/07/08 12:52:38.181, 5, 100, 75544, 97887
2026/07/08 12:52:38.195, 6, 54, 75532, 97887
2026/07/08 12:52:38.212, 7, 63, 75532, 97887
2026/07/08 12:52:39.228, 0, 0, 48704, 97887
2026/07/08 12:52:39.242, 1, 0, 48104, 97887
2026/07/08 12:52:39.255, 2, 0, 48104, 97887
2026/07/08 12:52:39.268, 3, 0, 48104, 97887
2026/07/08 12:52:39.285, 4, 55, 75544, 97887
2026/07/08 12:52:39.299, 5, 78, 75544, 97887
2026/07/08 12:52:39.310, 6, 70, 75532, 97887
2026/07/08 12:52:39.323, 7, 54, 75532, 97887
2026/07/08 12:52:40.339, 0, 0, 48704, 97887
2026/07/08 12:52:40.355, 1, 0, 48104, 97887
2026/07/08 12:52:40.373, 2, 0, 48104, 97887
2026/07/08 12:52:40.393, 3, 0, 48104, 97887
2026/07/08 12:52:40.414, 4, 81, 75544, 97887
2026/07/08 12:52:40.434, 5, 89, 75544, 97887
2026/07/08 12:52:40.453, 6, 65, 75532, 97887
2026/07/08 12:52:40.472, 7, 63, 75532, 97887
2026/07/08 12:52:41.490, 0, 0, 48704, 97887
2026/07/08 12:52:41.509, 1, 0, 48104, 97887
2026/07/08 12:52:41.526, 2, 0, 48104, 97887
2026/07/08 12:52:41.543, 3, 0, 48104, 97887
2026/07/08 12:52:41.556, 4, 100, 75544, 97887
2026/07/08 12:52:41.572, 5, 100, 75544, 97887
2026/07/08 12:52:41.587, 6, 67, 75532, 97887
2026/07/08 12:52:41.602, 7, 54, 75532, 97887
2026/07/08 12:52:42.616, 0, 0, 48704, 97887
2026/07/08 12:52:42.632, 1, 0, 48104, 97887
2026/07/08 12:52:42.644, 2, 0, 48104, 97887
2026/07/08 12:52:42.657, 3, 0, 48104, 97887
2026/07/08 12:52:42.673, 4, 64, 75546, 97887
2026/07/08 12:52:42.691, 5, 79, 75546, 97887
2026/07/08 12:52:42.708, 6, 34, 75532, 97887
2026/07/08 12:52:42.722, 7, 43, 75532, 97887
2026/07/08 12:52:43.736, 0, 0, 48704, 97887
2026/07/08 12:52:43.753, 1, 0, 48104, 97887
2026/07/08 12:52:43.772, 2, 0, 48104, 97887
2026/07/08 12:52:43.795, 3, 0, 48104, 97887
2026/07/08 12:52:43.819, 4, 45, 75546, 97887
2026/07/08 12:52:43.836, 5, 32, 75546, 97887
2026/07/08 12:52:43.851, 6, 66, 75532, 97887
2026/07/08 12:52:43.876, 7, 65, 75532, 97887
2026/07/08 12:52:44.902, 0, 0, 48704, 97887
2026/07/08 12:52:44.913, 1, 0, 48104, 97887
2026/07/08 12:52:44.924, 2, 0, 48104, 97887
2026/07/08 12:52:44.934, 3, 0, 48104, 97887
2026/07/08 12:52:44.945, 4, 78, 75546, 97887
2026/07/08 12:52:44.957, 5, 50, 75546, 97887
2026/07/08 12:52:44.971, 6, 46, 75532, 97887
2026/07/08 12:52:44.987, 7, 83, 75532, 97887
2026/07/08 12:52:46.000, 0, 0, 48704, 97887
2026/07/08 12:52:46.014, 1, 0, 48104, 97887
2026/07/08 12:52:46.027, 2, 0, 48104, 97887
2026/07/08 12:52:46.039, 3, 0, 48104, 97887
2026/07/08 12:52:46.052, 4, 50, 75546, 97887
2026/07/08 12:52:46.066, 5, 89, 75546, 97887
2026/07/08 12:52:46.077, 6, 71, 75532, 97887
2026/07/08 12:52:46.086, 7, 42, 75532, 97887
2026/07/08 12:52:47.094, 0, 0, 48704, 97887
2026/07/08 12:52:47.111, 1, 0, 48104, 97887
2026/07/08 12:52:47.127, 2, 0, 48104, 97887
2026/07/08 12:52:47.140, 3, 0, 48104, 97887
2026/07/08 12:52:47.152, 4, 100, 75546, 97887
2026/07/08 12:52:47.163, 5, 100, 75546, 97887
2026/07/08 12:52:47.177, 6, 67, 75532, 97887
2026/07/08 12:52:47.190, 7, 62, 75532, 97887
2026/07/08 12:52:48.201, 0, 0, 48704, 97887
2026/07/08 12:52:48.221, 1, 0, 48104, 97887
2026/07/08 12:52:48.237, 2, 0, 48104, 97887
2026/07/08 12:52:48.253, 3, 0, 48104, 97887
2026/07/08 12:52:48.266, 4, 59, 75546, 97887
2026/07/08 12:52:48.282, 5, 87, 75546, 97887
2026/07/08 12:52:48.298, 6, 83, 75532, 97887
2026/07/08 12:52:48.311, 7, 87, 75532, 97887
2026/07/08 12:52:49.325, 0, 0, 48704, 97887
2026/07/08 12:52:49.341, 1, 0, 48104, 97887
2026/07/08 12:52:49.358, 2, 0, 48104, 97887
2026/07/08 12:52:49.375, 3, 0, 48104, 97887
2026/07/08 12:52:49.398, 4, 34, 75546, 97887
2026/07/08 12:52:49.415, 5, 88, 75546, 97887
2026/07/08 12:52:49.435, 6, 70, 75532, 97887
2026/07/08 12:52:49.457, 7, 61, 75532, 97887
2026/07/08 12:52:50.471, 0, 0, 48704, 97887
2026/07/08 12:52:50.488, 1, 0, 48104, 97887
2026/07/08 12:52:50.503, 2, 0, 48104, 97887
2026/07/08 12:52:50.519, 3, 0, 48104, 97887
2026/07/08 12:52:50.533, 4, 62, 75546, 97887
2026/07/08 12:52:50.548, 5, 48, 75546, 97887
2026/07/08 12:52:50.562, 6, 68, 75532, 97887
2026/07/08 12:52:50.576, 7, 65, 75532, 97887
2026/07/08 12:52:51.590, 0, 0, 48704, 97887
2026/07/08 12:52:51.606, 1, 0, 48104, 97887
2026/07/08 12:52:51.621, 2, 0, 48104, 97887
2026/07/08 12:52:51.634, 3, 0, 48104, 97887
2026/07/08 12:52:51.649, 4, 28, 75546, 97887
2026/07/08 12:52:51.664, 5, 95, 75546, 97887
2026/07/08 12:52:51.679, 6, 100, 75532, 97887
2026/07/08 12:52:51.693, 7, 100, 75532, 97887
2026/07/08 12:52:52.708, 0, 0, 48704, 97887
2026/07/08 12:52:52.727, 1, 0, 48104, 97887
2026/07/08 12:52:52.745, 2, 0, 48104, 97887
2026/07/08 12:52:52.759, 3, 0, 48104, 97887
2026/07/08 12:52:52.774, 4, 86, 75546, 97887
2026/07/08 12:52:52.787, 5, 94, 75546, 97887
2026/07/08 12:52:52.802, 6, 100, 75534, 97887
2026/07/08 12:52:52.818, 7, 86, 75534, 97887
2026/07/08 12:52:53.834, 0, 0, 48704, 97887
2026/07/08 12:52:53.849, 1, 0, 48104, 97887
2026/07/08 12:52:53.862, 2, 0, 48104, 97887
2026/07/08 12:52:53.875, 3, 0, 48104, 97887
2026/07/08 12:52:53.894, 4, 53, 75546, 97887
2026/07/08 12:52:53.905, 5, 90, 75546, 97887
2026/07/08 12:52:53.930, 6, 61, 75534, 97887
2026/07/08 12:52:53.947, 7, 79, 75534, 97887
2026/07/08 12:52:54.960, 0, 0, 48704, 97887
2026/07/08 12:52:54.977, 1, 0, 48104, 97887
2026/07/08 12:52:54.992, 2, 0, 48104, 97887
2026/07/08 12:52:55.009, 3, 0, 48104, 97887
2026/07/08 12:52:55.025, 4, 28, 75546, 97887
2026/07/08 12:52:55.041, 5, 94, 75546, 97887
2026/07/08 12:52:55.057, 6, 47, 75534, 97887
2026/07/08 12:52:55.075, 7, 39, 75534, 97887
2026/07/08 12:52:56.094, 0, 0, 48704, 97887
2026/07/08 12:52:56.112, 1, 0, 48104, 97887
2026/07/08 12:52:56.129, 2, 0, 48104, 97887
2026/07/08 12:52:56.147, 3, 0, 48104, 97887
2026/07/08 12:52:56.165, 4, 29, 75546, 97887
2026/07/08 12:52:56.181, 5, 94, 75546, 97887
2026/07/08 12:52:56.200, 6, 57, 75534, 97887
2026/07/08 12:52:56.219, 7, 52, 75534, 97887
2026/07/08 12:52:57.239, 0, 0, 48704, 97887
2026/07/08 12:52:57.254, 1, 0, 48104, 97887
2026/07/08 12:52:57.270, 2, 0, 48104, 97887
2026/07/08 12:52:57.284, 3, 0, 48104, 97887
2026/07/08 12:52:57.298, 4, 41, 75546, 97887
2026/07/08 12:52:57.313, 5, 85, 75546, 97887
2026/07/08 12:52:57.328, 6, 46, 75534, 97887
2026/07/08 12:52:57.346, 7, 47, 75534, 97887
2026/07/08 12:52:58.365, 0, 0, 48704, 97887
2026/07/08 12:52:58.383, 1, 0, 48104, 97887
2026/07/08 12:52:58.402, 2, 0, 48104, 97887
2026/07/08 12:52:58.421, 3, 0, 48104, 97887
2026/07/08 12:52:58.438, 4, 28, 75546, 97887
2026/07/08 12:52:58.453, 5, 94, 75546, 97887
2026/07/08 12:52:58.467, 6, 77, 75534, 97887
2026/07/08 12:52:58.481, 7, 65, 75534, 97887
2026/07/08 12:52:59.498, 0, 0, 48704, 97887
2026/07/08 12:52:59.516, 1, 0, 48104, 97887
2026/07/08 12:52:59.531, 2, 0, 48104, 97887
2026/07/08 12:52:59.548, 3, 0, 48104, 97887
2026/07/08 12:52:59.561, 4, 100, 75546, 97887
2026/07/08 12:52:59.575, 5, 100, 75546, 97887
2026/07/08 12:52:59.591, 6, 67, 75534, 97887
2026/07/08 12:52:59.609, 7, 81, 75534, 97887
2026/07/08 12:53:00.625, 0, 0, 48704, 97887
2026/07/08 12:53:00.643, 1, 0, 48104, 97887
2026/07/08 12:53:00.658, 2, 0, 48104, 97887
2026/07/08 12:53:00.677, 3, 0, 48104, 97887
2026/07/08 12:53:00.694, 4, 27, 75546, 97887
2026/07/08 12:53:00.710, 5, 89, 75546, 97887
2026/07/08 12:53:00.728, 6, 56, 75534, 97887
2026/07/08 12:53:00.745, 7, 40, 75534, 97887
2026/07/08 12:53:01.762, 0, 0, 48704, 97887
2026/07/08 12:53:01.780, 1, 0, 48104, 97887
2026/07/08 12:53:01.797, 2, 0, 48104, 97887
2026/07/08 12:53:01.811, 3, 0, 48104, 97887
2026/07/08 12:53:01.826, 4, 28, 75546, 97887
2026/07/08 12:53:01.839, 5, 92, 75546, 97887
2026/07/08 12:53:01.854, 6, 86, 75534, 97887
2026/07/08 12:53:01.868, 7, 52, 75534, 97887
2026/07/08 12:53:02.882, 0, 0, 48704, 97887
2026/07/08 12:53:02.902, 1, 0, 48104, 97887
2026/07/08 12:53:02.920, 2, 0, 48104, 97887
2026/07/08 12:53:02.938, 3, 0, 48104, 97887
2026/07/08 12:53:02.955, 4, 29, 75546, 97887
2026/07/08 12:53:02.972, 5, 94, 75546, 97887
2026/07/08 12:53:02.990, 6, 97, 75534, 97887
2026/07/08 12:53:03.010, 7, 39, 75534, 97887
2026/07/08 12:53:04.027, 0, 0, 48704, 97887
2026/07/08 12:53:04.049, 1, 0, 48104, 97887
2026/07/08 12:53:04.066, 2, 0, 48104, 97887
2026/07/08 12:53:04.081, 3, 0, 48104, 97887
2026/07/08 12:53:04.092, 4, 28, 75546, 97887
2026/07/08 12:53:04.105, 5, 94, 75546, 97887
2026/07/08 12:53:04.120, 6, 88, 75534, 97887
2026/07/08 12:53:04.138, 7, 39, 75534, 97887
2026/07/08 12:53:05.153, 0, 0, 48704, 97887
2026/07/08 12:53:05.173, 1, 0, 48104, 97887
2026/07/08 12:53:05.191, 2, 0, 48104, 97887
2026/07/08 12:53:05.213, 3, 0, 48104, 97887
2026/07/08 12:53:05.232, 4, 27, 75546, 97887
2026/07/08 12:53:05.251, 5, 89, 75546, 97887
2026/07/08 12:53:05.272, 6, 95, 75534, 97887
2026/07/08 12:53:05.290, 7, 32, 75534, 97887
2026/07/08 12:53:06.309, 0, 0, 48704, 97887
2026/07/08 12:53:06.327, 1, 0, 48104, 97887
2026/07/08 12:53:06.344, 2, 0, 48104, 97887
2026/07/08 12:53:06.360, 3, 0, 48104, 97887
2026/07/08 12:53:06.378, 4, 31, 75546, 97887
2026/07/08 12:53:06.398, 5, 88, 75546, 97887
2026/07/08 12:53:06.417, 6, 59, 75534, 97887
2026/07/08 12:53:06.439, 7, 37, 75534, 97887
2026/07/08 12:53:07.460, 0, 0, 48704, 97887
2026/07/08 12:53:07.479, 1, 0, 48104, 97887
2026/07/08 12:53:07.497, 2, 0, 48104, 97887
2026/07/08 12:53:07.517, 3, 0, 48104, 97887
2026/07/08 12:53:07.535, 4, 41, 75546, 97887
2026/07/08 12:53:07.552, 5, 89, 75546, 97887
2026/07/08 12:53:07.569, 6, 85, 75534, 97887
2026/07/08 12:53:07.587, 7, 40, 75534, 97887
2026/07/08 12:53:08.606, 0, 0, 48704, 97887
2026/07/08 12:53:08.629, 1, 0, 48104, 97887
2026/07/08 12:53:08.647, 2, 0, 48104, 97887
2026/07/08 12:53:08.666, 3, 0, 48104, 97887
2026/07/08 12:53:08.687, 4, 28, 75546, 97887
2026/07/08 12:53:08.707, 5, 89, 75546, 97887
2026/07/08 12:53:08.725, 6, 73, 75534, 97887
2026/07/08 12:53:08.744, 7, 34, 75534, 97887
2026/07/08 12:53:09.761, 0, 0, 48704, 97887
2026/07/08 12:53:09.781, 1, 0, 48104, 97887
2026/07/08 12:53:09.799, 2, 0, 48104, 97887
2026/07/08 12:53:09.818, 3, 0, 48104, 97887
2026/07/08 12:53:09.836, 4, 23, 75546, 97887
2026/07/08 12:53:09.855, 5, 46, 75546, 97887
2026/07/08 12:53:09.873, 6, 72, 75534, 97887
2026/07/08 12:53:09.890, 7, 50, 75534, 97887
2026/07/08 12:53:10.909, 0, 0, 48704, 97887
2026/07/08 12:53:10.927, 1, 0, 48104, 97887
2026/07/08 12:53:10.943, 2, 0, 48104, 97887
2026/07/08 12:53:10.959, 3, 0, 48104, 97887
2026/07/08 12:53:10.976, 4, 28, 75546, 97887
2026/07/08 12:53:10.994, 5, 94, 75546, 97887
2026/07/08 12:53:11.011, 6, 96, 75534, 97887
2026/07/08 12:53:11.028, 7, 36, 75534, 97887
2026/07/08 12:53:12.060, 0, 0, 48704, 97887
2026/07/08 12:53:12.077, 1, 0, 48104, 97887
2026/07/08 12:53:12.095, 2, 0, 48104, 97887
2026/07/08 12:53:12.114, 3, 0, 48104, 97887
2026/07/08 12:53:12.131, 4, 28, 75546, 97887
2026/07/08 12:53:12.151, 5, 89, 75546, 97887
2026/07/08 12:53:12.171, 6, 90, 75534, 97887
2026/07/08 12:53:12.188, 7, 38, 75534, 97887
2026/07/08 12:53:13.205, 0, 0, 48704, 97887
2026/07/08 12:53:13.226, 1, 0, 48104, 97887
2026/07/08 12:53:13.242, 2, 0, 48104, 97887
2026/07/08 12:53:13.261, 3, 0, 48104, 97887
2026/07/08 12:53:13.276, 4, 29, 75546, 97887
2026/07/08 12:53:13.292, 5, 93, 75546, 97887
2026/07/08 12:53:13.309, 6, 60, 75534, 97887
2026/07/08 12:53:13.327, 7, 52, 75534, 97887
2026/07/08 12:53:14.345, 0, 0, 48704, 97887
2026/07/08 12:53:14.366, 1, 0, 48104, 97887
2026/07/08 12:53:14.385, 2, 0, 48104, 97887
2026/07/08 12:53:14.404, 3, 0, 48104, 97887
2026/07/08 12:53:14.425, 4, 27, 75546, 97887
2026/07/08 12:53:14.444, 5, 89, 75546, 97887
2026/07/08 12:53:14.461, 6, 56, 75534, 97887
2026/07/08 12:53:14.477, 7, 85, 75534, 97887
2026/07/08 12:53:15.496, 0, 0, 48704, 97887
2026/07/08 12:53:15.511, 1, 0, 48104, 97887
2026/07/08 12:53:15.526, 2, 0, 48104, 97887
2026/07/08 12:53:15.545, 3, 0, 48104, 97887
2026/07/08 12:53:15.563, 4, 28, 75546, 97887
2026/07/08 12:53:15.583, 5, 94, 75546, 97887
2026/07/08 12:53:15.601, 6, 60, 75534, 97887
2026/07/08 12:53:15.618, 7, 60, 75534, 97887
2026/07/08 12:53:16.635, 0, 0, 48704, 97887
2026/07/08 12:53:16.653, 1, 0, 48104, 97887
2026/07/08 12:53:16.672, 2, 0, 48104, 97887
2026/07/08 12:53:16.687, 3, 0, 48104, 97887
2026/07/08 12:53:16.701, 4, 29, 75546, 97887
2026/07/08 12:53:16.717, 5, 94, 75546, 97887
2026/07/08 12:53:16.736, 6, 60, 75534, 97887
2026/07/08 12:53:16.756, 7, 71, 75534, 97887
2026/07/08 12:53:17.773, 0, 0, 48704, 97887
2026/07/08 12:53:17.788, 1, 0, 48104, 97887
2026/07/08 12:53:17.800, 2, 0, 48104, 97887
2026/07/08 12:53:17.811, 3, 0, 48104, 97887
2026/07/08 12:53:17.824, 4, 28, 75546, 97887
2026/07/08 12:53:17.839, 5, 93, 75546, 97887
2026/07/08 12:53:17.852, 6, 84, 75534, 97887
2026/07/08 12:53:17.867, 7, 56, 75534, 97887
2026/07/08 12:53:18.882, 0, 0, 48704, 97887
2026/07/08 12:53:18.898, 1, 0, 48104, 97887
2026/07/08 12:53:18.915, 2, 0, 48104, 97887
2026/07/08 12:53:18.932, 3, 0, 48104, 97887
2026/07/08 12:53:18.951, 4, 28, 75546, 97887
2026/07/08 12:53:18.970, 5, 94, 75546, 97887
2026/07/08 12:53:18.990, 6, 96, 75534, 97887
2026/07/08 12:53:19.007, 7, 38, 75534, 97887
2026/07/08 12:53:20.025, 0, 0, 48704, 97887
2026/07/08 12:53:20.043, 1, 0, 48104, 97887
2026/07/08 12:53:20.060, 2, 0, 48104, 97887
2026/07/08 12:53:20.077, 3, 0, 48104, 97887
2026/07/08 12:53:20.094, 4, 29, 75546, 97887
2026/07/08 12:53:20.112, 5, 94, 75546, 97887
2026/07/08 12:53:20.125, 6, 96, 75534, 97887
2026/07/08 12:53:20.138, 7, 42, 75534, 97887
2026/07/08 12:53:21.151, 0, 0, 48704, 97887
2026/07/08 12:53:21.166, 1, 0, 48104, 97887
2026/07/08 12:53:21.181, 2, 0, 48104, 97887
2026/07/08 12:53:21.193, 3, 0, 48104, 97887
2026/07/08 12:53:21.201, 4, 28, 75546, 97887
2026/07/08 12:53:21.210, 5, 94, 75546, 97887
2026/07/08 12:53:21.219, 6, 95, 75534, 97887
2026/07/08 12:53:21.230, 7, 39, 75534, 97887
2026/07/08 12:53:22.242, 0, 0, 48704, 97887
2026/07/08 12:53:22.261, 1, 0, 48104, 97887
2026/07/08 12:53:22.281, 2, 0, 48104, 97887
2026/07/08 12:53:22.297, 3, 0, 48104, 97887
2026/07/08 12:53:22.311, 4, 28, 75546, 97887
2026/07/08 12:53:22.327, 5, 94, 75546, 97887
2026/07/08 12:53:22.342, 6, 54, 75534, 97887
2026/07/08 12:53:22.355, 7, 37, 75534, 97887
2026/07/08 12:53:23.368, 0, 0, 48704, 97887
2026/07/08 12:53:23.384, 1, 0, 48104, 97887
2026/07/08 12:53:23.399, 2, 0, 48104, 97887
2026/07/08 12:53:23.414, 3, 0, 48104, 97887
2026/07/08 12:53:23.428, 4, 26, 75546, 97887
2026/07/08 12:53:23.444, 5, 91, 75546, 97887
2026/07/08 12:53:23.458, 6, 65, 75534, 97887
2026/07/08 12:53:23.470, 7, 77, 75534, 97887
2026/07/08 12:53:24.482, 0, 0, 48704, 97887
2026/07/08 12:53:24.499, 1, 0, 48104, 97887
2026/07/08 12:53:24.516, 2, 0, 48104, 97887
2026/07/08 12:53:24.532, 3, 0, 48104, 97887
2026/07/08 12:53:24.546, 4, 32, 75546, 97887
2026/07/08 12:53:24.558, 5, 93, 75546, 97887
2026/07/08 12:53:24.571, 6, 88, 75534, 97887
2026/07/08 12:53:24.584, 7, 37, 75534, 97887
2026/07/08 12:53:25.595, 0, 0, 48704, 97887
2026/07/08 12:53:25.610, 1, 0, 48104, 97887
2026/07/08 12:53:25.625, 2, 0, 48104, 97887
2026/07/08 12:53:25.641, 3, 0, 48104, 97887
2026/07/08 12:53:25.658, 4, 28, 75546, 97887
2026/07/08 12:53:25.673, 5, 94, 75546, 97887
2026/07/08 12:53:25.687, 6, 87, 75534, 97887
2026/07/08 12:53:25.703, 7, 32, 75534, 97887
2026/07/08 12:53:26.720, 0, 0, 48704, 97887
2026/07/08 12:53:26.740, 1, 0, 48104, 97887
2026/07/08 12:53:26.758, 2, 0, 48104, 97887
2026/07/08 12:53:26.775, 3, 0, 48104, 97887
2026/07/08 12:53:26.791, 4, 28, 75546, 97887
2026/07/08 12:53:26.809, 5, 85, 75546, 97887
2026/07/08 12:53:26.824, 6, 46, 75534, 97887
2026/07/08 12:53:26.841, 7, 79, 75534, 97887
2026/07/08 12:53:27.863, 0, 0, 48704, 97887
2026/07/08 12:53:27.880, 1, 0, 48104, 97887
2026/07/08 12:53:27.896, 2, 0, 48104, 97887
2026/07/08 12:53:27.915, 3, 0, 48104, 97887
2026/07/08 12:53:27.932, 4, 28, 75546, 97887
2026/07/08 12:53:27.948, 5, 93, 75546, 97887
2026/07/08 12:53:27.965, 6, 30, 75534, 97887
2026/07/08 12:53:27.985, 7, 51, 75534, 97887
2026/07/08 12:53:29.003, 0, 0, 48704, 97887
2026/07/08 12:53:29.025, 1, 0, 48104, 97887
2026/07/08 12:53:29.043, 2, 0, 48104, 97887
2026/07/08 12:53:29.062, 3, 0, 48104, 97887
2026/07/08 12:53:29.077, 4, 29, 75546, 97887
2026/07/08 12:53:29.089, 5, 93, 75546, 97887
2026/07/08 12:53:29.105, 6, 44, 75534, 97887
2026/07/08 12:53:29.117, 7, 88, 75534, 97887
2026/07/08 12:53:30.130, 0, 0, 48704, 97887
2026/07/08 12:53:30.146, 1, 0, 48104, 97887
2026/07/08 12:53:30.163, 2, 0, 48104, 97887
2026/07/08 12:53:30.181, 3, 0, 48104, 97887
2026/07/08 12:53:30.198, 4, 28, 75546, 97887
2026/07/08 12:53:30.217, 5, 93, 75546, 97887
2026/07/08 12:53:30.236, 6, 18, 75534, 97887
2026/07/08 12:53:30.256, 7, 36, 75534, 97887
2026/07/08 12:53:31.275, 0, 0, 48704, 97887
2026/07/08 12:53:31.292, 1, 0, 48104, 97887
2026/07/08 12:53:31.305, 2, 0, 48104, 97887
2026/07/08 12:53:31.322, 3, 0, 48104, 97887
2026/07/08 12:53:31.339, 4, 30, 75546, 97887
2026/07/08 12:53:31.355, 5, 89, 75546, 97887
2026/07/08 12:53:31.373, 6, 41, 75534, 97887
2026/07/08 12:53:31.392, 7, 83, 75534, 97887
2026/07/08 12:53:32.412, 0, 0, 48704, 97887
2026/07/08 12:53:32.432, 1, 0, 48104, 97887
2026/07/08 12:53:32.452, 2, 0, 48104, 97887
2026/07/08 12:53:32.466, 3, 0, 48104, 97887
2026/07/08 12:53:32.480, 4, 28, 75546, 97887
2026/07/08 12:53:32.495, 5, 94, 75546, 97887
2026/07/08 12:53:32.512, 6, 39, 75534, 97887
2026/07/08 12:53:32.524, 7, 90, 75534, 97887
2026/07/08 12:53:33.540, 0, 0, 48704, 97887
2026/07/08 12:53:33.557, 1, 0, 48104, 97887
2026/07/08 12:53:33.574, 2, 0, 48104, 97887
2026/07/08 12:53:33.591, 3, 0, 48104, 97887
2026/07/08 12:53:33.611, 4, 29, 75546, 97887
2026/07/08 12:53:33.630, 5, 91, 75546, 97887
2026/07/08 12:53:33.648, 6, 47, 75534, 97887
2026/07/08 12:53:33.668, 7, 78, 75534, 97887
2026/07/08 12:53:34.687, 0, 0, 48704, 97887
2026/07/08 12:53:34.707, 1, 0, 48104, 97887
2026/07/08 12:53:34.725, 2, 0, 48104, 97887
2026/07/08 12:53:34.743, 3, 0, 48104, 97887
2026/07/08 12:53:34.761, 4, 28, 75546, 97887
2026/07/08 12:53:34.782, 5, 91, 75546, 97887
2026/07/08 12:53:34.802, 6, 95, 75534, 97887
2026/07/08 12:53:34.824, 7, 33, 75534, 97887
2026/07/08 12:53:35.842, 0, 0, 48704, 97887
2026/07/08 12:53:35.862, 1, 0, 48104, 97887
2026/07/08 12:53:35.880, 2, 0, 48104, 97887
2026/07/08 12:53:35.897, 3, 0, 48104, 97887
2026/07/08 12:53:35.916, 4, 45, 75548, 97887
2026/07/08 12:53:35.933, 5, 70, 75546, 97887
2026/07/08 12:53:35.949, 6, 56, 75534, 97887
2026/07/08 12:53:35.963, 7, 61, 75534, 97887
2026/07/08 12:53:36.981, 0, 0, 48704, 97887
2026/07/08 12:53:37.001, 1, 0, 48104, 97887
2026/07/08 12:53:37.022, 2, 0, 48104, 97887
2026/07/08 12:53:37.040, 3, 0, 48104, 97887
2026/07/08 12:53:37.058, 4, 37, 75548, 97887
2026/07/08 12:53:37.074, 5, 91, 75546, 97887
2026/07/08 12:53:37.090, 6, 67, 75534, 97887
2026/07/08 12:53:37.107, 7, 80, 75534, 97887
2026/07/08 12:53:38.125, 0, 0, 48704, 97887
2026/07/08 12:53:38.145, 1, 0, 48104, 97887
2026/07/08 12:53:38.164, 2, 0, 48104, 97887
2026/07/08 12:53:38.185, 3, 0, 48104, 97887
2026/07/08 12:53:38.206, 4, 55, 75548, 97887
2026/07/08 12:53:38.227, 5, 53, 75548, 97887
2026/07/08 12:53:38.247, 6, 79, 75534, 97887
2026/07/08 12:53:38.265, 7, 32, 75534, 97887
2026/07/08 12:53:39.280, 0, 0, 48704, 97887
2026/07/08 12:53:39.297, 1, 0, 48104, 97887
2026/07/08 12:53:39.310, 2, 0, 48104, 97887
2026/07/08 12:53:39.327, 3, 0, 48104, 97887
2026/07/08 12:53:39.342, 4, 30, 75548, 97887
2026/07/08 12:53:39.359, 5, 84, 75548, 97887
2026/07/08 12:53:39.376, 6, 69, 75534, 97887
2026/07/08 12:53:39.396, 7, 35, 75534, 97887
2026/07/08 12:53:40.414, 0, 0, 48704, 97887
2026/07/08 12:53:40.432, 1, 0, 48104, 97887
2026/07/08 12:53:40.450, 2, 0, 48104, 97887
2026/07/08 12:53:40.465, 3, 0, 48104, 97887
2026/07/08 12:53:40.480, 4, 34, 75548, 97887
2026/07/08 12:53:40.496, 5, 93, 75548, 97887
2026/07/08 12:53:40.511, 6, 85, 75534, 97887
2026/07/08 12:53:40.529, 7, 49, 75534, 97887
2026/07/08 12:53:41.547, 0, 0, 48704, 97887
2026/07/08 12:53:41.560, 1, 0, 48104, 97887
2026/07/08 12:53:41.573, 2, 0, 48104, 97887
2026/07/08 12:53:41.585, 3, 0, 48104, 97887
2026/07/08 12:53:41.597, 4, 35, 75548, 97887
2026/07/08 12:53:41.609, 5, 80, 75548, 97887
2026/07/08 12:53:41.624, 6, 47, 75534, 97887
2026/07/08 12:53:41.635, 7, 79, 75534, 97887
2026/07/08 12:53:42.648, 0, 0, 48704, 97887
2026/07/08 12:53:42.668, 1, 0, 48104, 97887
2026/07/08 12:53:42.683, 2, 0, 48104, 97887
2026/07/08 12:53:42.701, 3, 0, 48104, 97887
2026/07/08 12:53:42.716, 4, 31, 75548, 97887
2026/07/08 12:53:42.734, 5, 78, 75548, 97887
2026/07/08 12:53:42.751, 6, 96, 75534, 97887
2026/07/08 12:53:42.770, 7, 33, 75534, 97887
2026/07/08 12:53:43.785, 0, 0, 48704, 97887
2026/07/08 12:53:43.807, 1, 0, 48104, 97887
2026/07/08 12:53:43.825, 2, 0, 48104, 97887
2026/07/08 12:53:43.844, 3, 0, 48104, 97887
2026/07/08 12:53:43.864, 4, 30, 75548, 97887
2026/07/08 12:53:43.885, 5, 94, 75548, 97887
2026/07/08 12:53:43.903, 6, 48, 75534, 97887
2026/07/08 12:53:43.921, 7, 42, 75534, 97887
2026/07/08 12:53:44.951, 0, 0, 48704, 97887
2026/07/08 12:53:44.971, 1, 0, 48104, 97887
2026/07/08 12:53:44.992, 2, 0, 48104, 97887
2026/07/08 12:53:45.011, 3, 0, 48104, 97887
2026/07/08 12:53:45.033, 4, 73, 75548, 97887
2026/07/08 12:53:45.053, 5, 39, 75548, 97887
2026/07/08 12:53:45.072, 6, 41, 75534, 97887
2026/07/08 12:53:45.092, 7, 35, 75534, 97887
2026/07/08 12:53:46.113, 0, 0, 48704, 97887
2026/07/08 12:53:46.132, 1, 0, 48104, 97887
2026/07/08 12:53:46.151, 2, 0, 48104, 97887
2026/07/08 12:53:46.167, 3, 0, 48104, 97887
2026/07/08 12:53:46.184, 4, 30, 75548, 97887
2026/07/08 12:53:46.203, 5, 83, 75548, 97887
2026/07/08 12:53:46.222, 6, 67, 75534, 97887
2026/07/08 12:53:46.244, 7, 62, 75534, 97887
2026/07/08 12:53:47.259, 0, 0, 48704, 97887
2026/07/08 12:53:47.280, 1, 0, 48104, 97887
2026/07/08 12:53:47.299, 2, 0, 48104, 97887
2026/07/08 12:53:47.317, 3, 0, 48104, 97887
2026/07/08 12:53:47.335, 4, 29, 75548, 97887
2026/07/08 12:53:47.355, 5, 94, 75548, 97887
2026/07/08 12:53:47.373, 6, 54, 75534, 97887
2026/07/08 12:53:47.389, 7, 42, 75534, 97887
2026/07/08 12:53:48.404, 0, 0, 48704, 97887
2026/07/08 12:53:48.424, 1, 0, 48104, 97887
2026/07/08 12:53:48.441, 2, 0, 48104, 97887
2026/07/08 12:53:48.457, 3, 0, 48104, 97887
2026/07/08 12:53:48.472, 4, 30, 75548, 97887
2026/07/08 12:53:48.487, 5, 94, 75548, 97887
2026/07/08 12:53:48.500, 6, 85, 75534, 97887
2026/07/08 12:53:48.516, 7, 42, 75534, 97887
2026/07/08 12:53:49.532, 0, 0, 48704, 97887
2026/07/08 12:53:49.548, 1, 0, 48104, 97887
2026/07/08 12:53:49.565, 2, 0, 48104, 97887
2026/07/08 12:53:49.579, 3, 0, 48104, 97887
2026/07/08 12:53:49.594, 4, 41, 75548, 97887
2026/07/08 12:53:49.611, 5, 90, 75548, 97887
2026/07/08 12:53:49.624, 6, 84, 75534, 97887
2026/07/08 12:53:49.638, 7, 56, 75534, 97887
2026/07/08 12:53:50.654, 0, 0, 48704, 97887
2026/07/08 12:53:50.671, 1, 0, 48104, 97887
2026/07/08 12:53:50.685, 2, 0, 48104, 97887
2026/07/08 12:53:50.698, 3, 0, 48104, 97887
2026/07/08 12:53:50.712, 4, 32, 75548, 97887
2026/07/08 12:53:50.725, 5, 79, 75548, 97887
2026/07/08 12:53:50.740, 6, 50, 75534, 97887
2026/07/08 12:53:50.755, 7, 58, 75534, 97887
2026/07/08 12:53:51.771, 0, 0, 48704, 97887
2026/07/08 12:53:51.792, 1, 0, 48104, 97887
2026/07/08 12:53:51.807, 2, 0, 48104, 97887
2026/07/08 12:53:51.817, 3, 0, 48104, 97887
2026/07/08 12:53:51.828, 4, 74, 75548, 97887
2026/07/08 12:53:51.840, 5, 67, 75548, 97887
2026/07/08 12:53:51.852, 6, 32, 75534, 97887
2026/07/08 12:53:51.867, 7, 63, 75534, 97887
2026/07/08 12:53:52.882, 0, 0, 48704, 97887
2026/07/08 12:53:52.897, 1, 0, 48104, 97887
2026/07/08 12:53:52.913, 2, 0, 48104, 97887
2026/07/08 12:53:52.928, 3, 0, 48104, 97887
2026/07/08 12:53:52.944, 4, 27, 75548, 97887
2026/07/08 12:53:52.960, 5, 89, 75548, 97887
2026/07/08 12:53:52.976, 6, 71, 75534, 97887
2026/07/08 12:53:52.994, 7, 37, 75534, 97887
2026/07/08 12:53:54.011, 0, 0, 48704, 97887
2026/07/08 12:53:54.032, 1, 0, 48104, 97887
2026/07/08 12:53:54.053, 2, 0, 48104, 97887
2026/07/08 12:53:54.070, 3, 0, 48104, 97887
2026/07/08 12:53:54.086, 4, 100, 75548, 97887
2026/07/08 12:53:54.099, 5, 86, 75548, 97887
2026/07/08 12:53:54.110, 6, 49, 75534, 97887
2026/07/08 12:53:54.122, 7, 34, 75534, 97887
2026/07/08 12:53:55.137, 0, 0, 48704, 97887
2026/07/08 12:53:55.154, 1, 0, 48104, 97887
2026/07/08 12:53:55.172, 2, 0, 48104, 97887
2026/07/08 12:53:55.188, 3, 0, 48104, 97887
2026/07/08 12:53:55.202, 4, 30, 75548, 97887
2026/07/08 12:53:55.217, 5, 85, 75548, 97887
2026/07/08 12:53:55.233, 6, 59, 75534, 97887
2026/07/08 12:53:55.248, 7, 45, 75534, 97887
2026/07/08 12:53:56.262, 0, 0, 48704, 97887
2026/07/08 12:53:56.276, 1, 0, 48104, 97887
2026/07/08 12:53:56.295, 2, 0, 48104, 97887
2026/07/08 12:53:56.314, 3, 0, 48104, 97887
2026/07/08 12:53:56.333, 4, 29, 75548, 97887
2026/07/08 12:53:56.349, 5, 94, 75548, 97887
2026/07/08 12:53:56.365, 6, 61, 75534, 97887
2026/07/08 12:53:56.378, 7, 44, 75534, 97887
2026/07/08 12:53:57.392, 0, 0, 48704, 97887
2026/07/08 12:53:57.410, 1, 0, 48104, 97887
2026/07/08 12:53:57.426, 2, 0, 48104, 97887
2026/07/08 12:53:57.441, 3, 0, 48104, 97887
2026/07/08 12:53:57.460, 4, 28, 75548, 97887
2026/07/08 12:53:57.479, 5, 94, 75548, 97887
2026/07/08 12:53:57.497, 6, 94, 75534, 97887
2026/07/08 12:53:57.515, 7, 76, 75534, 97887
2026/07/08 12:53:58.535, 0, 0, 48704, 97887
2026/07/08 12:53:58.554, 1, 0, 48104, 97887
2026/07/08 12:53:58.571, 2, 0, 48104, 97887
2026/07/08 12:53:58.588, 3, 0, 48104, 97887
2026/07/08 12:53:58.606, 4, 10, 75548, 97887
2026/07/08 12:53:58.623, 5, 7, 75548, 97887
2026/07/08 12:53:58.639, 6, 72, 75534, 97887
2026/07/08 12:53:58.655, 7, 50, 75534, 97887
2026/07/08 12:53:59.675, 0, 0, 48704, 97887
2026/07/08 12:53:59.694, 1, 0, 48104, 97887
2026/07/08 12:53:59.708, 2, 0, 48104, 97887
2026/07/08 12:53:59.725, 3, 0, 48104, 97887
2026/07/08 12:53:59.743, 4, 29, 75548, 97887
2026/07/08 12:53:59.761, 5, 94, 75548, 97887
2026/07/08 12:53:59.779, 6, 46, 75534, 97887
2026/07/08 12:53:59.797, 7, 82, 75534, 97887
2026/07/08 12:54:00.816, 0, 0, 48704, 97887
2026/07/08 12:54:00.834, 1, 0, 48104, 97887
2026/07/08 12:54:00.855, 2, 0, 48104, 97887
2026/07/08 12:54:00.872, 3, 0, 48104, 97887
2026/07/08 12:54:00.890, 4, 28, 75548, 97887
2026/07/08 12:54:00.910, 5, 94, 75548, 97887
2026/07/08 12:54:00.931, 6, 71, 75534, 97887
2026/07/08 12:54:00.950, 7, 1, 75534, 97887
2026/07/08 12:54:01.965, 0, 0, 48704, 97887
2026/07/08 12:54:01.985, 1, 0, 48104, 97887
2026/07/08 12:54:02.003, 2, 0, 48104, 97887
2026/07/08 12:54:02.019, 3, 0, 48104, 97887
2026/07/08 12:54:02.036, 4, 28, 75548, 97887
2026/07/08 12:54:02.053, 5, 93, 75548, 97887
2026/07/08 12:54:02.072, 6, 82, 75534, 97887
2026/07/08 12:54:02.089, 7, 38, 75534, 97887
2026/07/08 12:54:03.104, 0, 0, 48704, 97887
2026/07/08 12:54:03.122, 1, 0, 48104, 97887
2026/07/08 12:54:03.142, 2, 0, 48104, 97887
2026/07/08 12:54:03.159, 3, 0, 48104, 97887
2026/07/08 12:54:03.176, 4, 28, 75548, 97887
2026/07/08 12:54:03.188, 5, 95, 75548, 97887
2026/07/08 12:54:03.203, 6, 58, 75534, 97887
2026/07/08 12:54:03.219, 7, 41, 75536, 97887
2026/07/08 12:54:04.235, 0, 0, 48704, 97887
2026/07/08 12:54:04.250, 1, 0, 48104, 97887
2026/07/08 12:54:04.261, 2, 0, 48104, 97887
2026/07/08 12:54:04.275, 3, 0, 48104, 97887
2026/07/08 12:54:04.290, 4, 29, 75548, 97887
2026/07/08 12:54:04.307, 5, 89, 75548, 97887
2026/07/08 12:54:04.324, 6, 66, 75534, 97887
2026/07/08 12:54:04.340, 7, 36, 75536, 97887
2026/07/08 12:54:05.360, 0, 0, 48704, 97887
2026/07/08 12:54:05.381, 1, 0, 48104, 97887
2026/07/08 12:54:05.401, 2, 0, 48104, 97887
2026/07/08 12:54:05.422, 3, 0, 48104, 97887
2026/07/08 12:54:05.441, 4, 28, 75548, 97887
2026/07/08 12:54:05.459, 5, 94, 75548, 97887
2026/07/08 12:54:05.477, 6, 65, 75534, 97887
2026/07/08 12:54:05.497, 7, 56, 75536, 97887
2026/07/08 12:54:06.517, 0, 0, 48704, 97887
2026/07/08 12:54:06.535, 1, 0, 48104, 97887
2026/07/08 12:54:06.555, 2, 0, 48104, 97887
2026/07/08 12:54:06.574, 3, 0, 48104, 97887
2026/07/08 12:54:06.594, 4, 29, 75548, 97887
2026/07/08 12:54:06.611, 5, 94, 75548, 97887
2026/07/08 12:54:06.628, 6, 94, 75534, 97887
2026/07/08 12:54:06.647, 7, 43, 75536, 97887
2026/07/08 12:54:07.667, 0, 0, 48704, 97887
2026/07/08 12:54:07.687, 1, 0, 48104, 97887
2026/07/08 12:54:07.706, 2, 0, 48104, 97887
2026/07/08 12:54:07.726, 3, 0, 48104, 97887
2026/07/08 12:54:07.746, 4, 28, 75548, 97887
2026/07/08 12:54:07.768, 5, 94, 75548, 97887
2026/07/08 12:54:07.787, 6, 92, 75534, 97887
2026/07/08 12:54:07.807, 7, 47, 75536, 97887
2026/07/08 12:54:08.828, 0, 0, 48704, 97887
2026/07/08 12:54:08.847, 1, 0, 48104, 97887
2026/07/08 12:54:08.864, 2, 0, 48104, 97887
2026/07/08 12:54:08.883, 3, 0, 48104, 97887
2026/07/08 12:54:08.900, 4, 44, 75548, 97887
2026/07/08 12:54:08.918, 5, 81, 75548, 97887
2026/07/08 12:54:08.937, 6, 87, 75534, 97887
2026/07/08 12:54:08.957, 7, 37, 75536, 97887
2026/07/08 12:54:09.975, 0, 0, 48704, 97887
2026/07/08 12:54:09.998, 1, 0, 48104, 97887
2026/07/08 12:54:10.017, 2, 0, 48104, 97887
2026/07/08 12:54:10.039, 3, 0, 48104, 97887
2026/07/08 12:54:10.060, 4, 29, 75548, 97887
2026/07/08 12:54:10.081, 5, 92, 75548, 97887
2026/07/08 12:54:10.102, 6, 88, 75534, 97887
2026/07/08 12:54:10.125, 7, 36, 75536, 97887
2026/07/08 12:54:11.146, 0, 0, 48704, 97887
2026/07/08 12:54:11.176, 1, 0, 48104, 97887
2026/07/08 12:54:11.197, 2, 0, 48104, 97887
2026/07/08 12:54:11.223, 3, 0, 48104, 97887
2026/07/08 12:54:11.244, 4, 29, 75548, 97887
2026/07/08 12:54:11.264, 5, 94, 75548, 97887
2026/07/08 12:54:11.284, 6, 78, 75534, 97887
2026/07/08 12:54:11.306, 7, 40, 75536, 97887
2026/07/08 12:54:12.323, 0, 0, 48704, 97887
2026/07/08 12:54:12.343, 1, 0, 48104, 97887
2026/07/08 12:54:12.366, 2, 0, 48104, 97887
2026/07/08 12:54:12.384, 3, 0, 48104, 97887
2026/07/08 12:54:12.401, 4, 30, 75548, 97887
2026/07/08 12:54:12.419, 5, 91, 75548, 97887
2026/07/08 12:54:12.440, 6, 87, 75534, 97887
2026/07/08 12:54:12.462, 7, 73, 75536, 97887
2026/07/08 12:54:13.486, 0, 0, 48704, 97887
2026/07/08 12:54:13.510, 1, 0, 48104, 97887
2026/07/08 12:54:13.534, 2, 0, 48104, 97887
2026/07/08 12:54:13.555, 3, 0, 48104, 97887
2026/07/08 12:54:13.577, 4, 32, 75548, 97887
2026/07/08 12:54:13.598, 5, 86, 75548, 97887
2026/07/08 12:54:13.616, 6, 88, 75534, 97887
2026/07/08 12:54:13.637, 7, 34, 75536, 97887
2026/07/08 12:54:14.658, 0, 0, 48704, 97887
2026/07/08 12:54:14.676, 1, 0, 48104, 97887
2026/07/08 12:54:14.694, 2, 0, 48104, 97887
2026/07/08 12:54:14.712, 3, 0, 48104, 97887
2026/07/08 12:54:14.730, 4, 32, 75548, 97887
2026/07/08 12:54:14.749, 5, 83, 75548, 97887
2026/07/08 12:54:14.766, 6, 76, 75534, 97887
2026/07/08 12:54:14.784, 7, 38, 75536, 97887
2026/07/08 12:54:15.803, 0, 0, 48704, 97887
2026/07/08 12:54:15.816, 1, 0, 48104, 97887
2026/07/08 12:54:15.828, 2, 0, 48104, 97887
2026/07/08 12:54:15.844, 3, 0, 48104, 97887
2026/07/08 12:54:15.857, 4, 29, 75548, 97887
2026/07/08 12:54:15.872, 5, 93, 75548, 97887
2026/07/08 12:54:15.887, 6, 80, 75534, 97887
2026/07/08 12:54:15.904, 7, 45, 75536, 97887
2026/07/08 12:54:16.920, 0, 0, 48704, 97887
2026/07/08 12:54:16.937, 1, 0, 48104, 97887
2026/07/08 12:54:16.954, 2, 0, 48104, 97887
2026/07/08 12:54:16.971, 3, 0, 48104, 97887
2026/07/08 12:54:16.985, 4, 29, 75548, 97887
2026/07/08 12:54:16.999, 5, 93, 75548, 97887
2026/07/08 12:54:17.014, 6, 93, 75534, 97887
2026/07/08 12:54:17.025, 7, 51, 75536, 97887
2026/07/08 12:54:18.040, 0, 0, 48704, 97887
2026/07/08 12:54:18.060, 1, 0, 48104, 97887
2026/07/08 12:54:18.078, 2, 0, 48104, 97887
2026/07/08 12:54:18.095, 3, 0, 48104, 97887
2026/07/08 12:54:18.112, 4, 29, 75548, 97887
2026/07/08 12:54:18.130, 5, 95, 75548, 97887
2026/07/08 12:54:18.147, 6, 80, 75534, 97887
2026/07/08 12:54:18.164, 7, 39, 75536, 97887
2026/07/08 12:54:19.182, 0, 0, 48704, 97887
2026/07/08 12:54:19.194, 1, 0, 48104, 97887
2026/07/08 12:54:19.206, 2, 0, 48104, 97887
2026/07/08 12:54:19.219, 3, 0, 48104, 97887
2026/07/08 12:54:19.233, 4, 50, 75548, 97887
2026/07/08 12:54:19.246, 5, 89, 75548, 97887
2026/07/08 12:54:19.260, 6, 51, 75534, 97887
2026/07/08 12:54:19.277, 7, 42, 75536, 97887
2026/07/08 12:54:20.294, 0, 0, 48704, 97887
2026/07/08 12:54:20.314, 1, 0, 48104, 97887
2026/07/08 12:54:20.334, 2, 0, 48104, 97887
2026/07/08 12:54:20.353, 3, 0, 48104, 97887
2026/07/08 12:54:20.373, 4, 31, 75548, 97887
2026/07/08 12:54:20.393, 5, 94, 75548, 97887
2026/07/08 12:54:20.412, 6, 35, 75534, 97887
2026/07/08 12:54:20.429, 7, 92, 75536, 97887
2026/07/08 12:54:21.444, 0, 0, 48704, 97887
2026/07/08 12:54:21.463, 1, 0, 48104, 97887
2026/07/08 12:54:21.481, 2, 0, 48104, 97887
2026/07/08 12:54:21.496, 3, 0, 48104, 97887
2026/07/08 12:54:21.510, 4, 28, 75548, 97887
2026/07/08 12:54:21.529, 5, 94, 75548, 97887
2026/07/08 12:54:21.549, 6, 59, 75536, 97887
2026/07/08 12:54:21.569, 7, 77, 75536, 97887
2026/07/08 12:54:22.586, 0, 0, 48704, 97887
2026/07/08 12:54:22.605, 1, 0, 48104, 97887
2026/07/08 12:54:22.625, 2, 0, 48104, 97887
2026/07/08 12:54:22.642, 3, 0, 48104, 97887
2026/07/08 12:54:22.662, 4, 27, 75548, 97887
2026/07/08 12:54:22.681, 5, 93, 75548, 97887
2026/07/08 12:54:22.701, 6, 38, 75536, 97887
2026/07/08 12:54:22.719, 7, 74, 75536, 97887
2026/07/08 12:54:23.736, 0, 0, 48704, 97887
2026/07/08 12:54:23.757, 1, 0, 48104, 97887
2026/07/08 12:54:23.774, 2, 0, 48104, 97887
2026/07/08 12:54:23.794, 3, 0, 48104, 97887
2026/07/08 12:54:23.813, 4, 27, 75548, 97887
2026/07/08 12:54:23.831, 5, 89, 75548, 97887
2026/07/08 12:54:23.849, 6, 66, 75536, 97887
2026/07/08 12:54:23.866, 7, 77, 75536, 97887
2026/07/08 12:54:24.887, 0, 0, 48704, 97887
2026/07/08 12:54:24.907, 1, 0, 48104, 97887
2026/07/08 12:54:24.926, 2, 0, 48104, 97887
2026/07/08 12:54:24.945, 3, 0, 48104, 97887
2026/07/08 12:54:24.962, 4, 34, 75548, 97887
2026/07/08 12:54:24.981, 5, 95, 75548, 97887
2026/07/08 12:54:25.000, 6, 73, 75536, 97887
2026/07/08 12:54:25.018, 7, 49, 75536, 97887
2026/07/08 12:54:26.032, 0, 0, 48704, 97887
2026/07/08 12:54:26.048, 1, 0, 48104, 97887
2026/07/08 12:54:26.066, 2, 0, 48104, 97887
2026/07/08 12:54:26.083, 3, 0, 48104, 97887
2026/07/08 12:54:26.097, 4, 28, 75548, 97887
2026/07/08 12:54:26.113, 5, 93, 75548, 97887
2026/07/08 12:54:26.132, 6, 92, 75536, 97887
2026/07/08 12:54:26.148, 7, 68, 75536, 97887
2026/07/08 12:54:27.167, 0, 0, 48704, 97887
2026/07/08 12:54:27.186, 1, 0, 48104, 97887
2026/07/08 12:54:27.202, 2, 0, 48104, 97887
2026/07/08 12:54:27.218, 3, 0, 48104, 97887
2026/07/08 12:54:27.235, 4, 31, 75548, 97887
2026/07/08 12:54:27.252, 5, 74, 75548, 97887
2026/07/08 12:54:27.270, 6, 58, 75536, 97887
2026/07/08 12:54:27.287, 7, 64, 75536, 97887
2026/07/08 12:54:28.305, 0, 0, 48704, 97887
2026/07/08 12:54:28.325, 1, 0, 48104, 97887
2026/07/08 12:54:28.344, 2, 0, 48104, 97887
2026/07/08 12:54:28.361, 3, 0, 48104, 97887
2026/07/08 12:54:28.376, 4, 27, 75548, 97887
2026/07/08 12:54:28.389, 5, 94, 75548, 97887
2026/07/08 12:54:28.401, 6, 47, 75536, 97887
2026/07/08 12:54:28.415, 7, 81, 75536, 97887
2026/07/08 12:54:29.427, 0, 0, 48704, 97887
2026/07/08 12:54:29.445, 1, 0, 48104, 97887
2026/07/08 12:54:29.461, 2, 0, 48104, 97887
2026/07/08 12:54:29.477, 3, 0, 48104, 97887
2026/07/08 12:54:29.493, 4, 92, 75548, 97887
2026/07/08 12:54:29.508, 5, 100, 75548, 97887
2026/07/08 12:54:29.525, 6, 38, 75536, 97887
2026/07/08 12:54:29.541, 7, 94, 75536, 97887
2026/07/08 12:54:30.559, 0, 0, 48704, 97887
2026/07/08 12:54:30.575, 1, 0, 48104, 97887
2026/07/08 12:54:30.591, 2, 0, 48104, 97887
2026/07/08 12:54:30.606, 3, 0, 48104, 97887
2026/07/08 12:54:30.622, 4, 75, 75548, 97887
2026/07/08 12:54:30.639, 5, 59, 75548, 97887
2026/07/08 12:54:30.658, 6, 53, 75536, 97887
2026/07/08 12:54:30.675, 7, 49, 75536, 97887
2026/07/08 12:54:31.690, 0, 0, 48704, 97887
2026/07/08 12:54:31.709, 1, 0, 48104, 97887
2026/07/08 12:54:31.727, 2, 0, 48104, 97887
2026/07/08 12:54:31.744, 3, 0, 48104, 97887
2026/07/08 12:54:31.760, 4, 28, 75548, 97887
2026/07/08 12:54:31.777, 5, 87, 75548, 97887
2026/07/08 12:54:31.792, 6, 77, 75536, 97887
2026/07/08 12:54:31.808, 7, 33, 75536, 97887
2026/07/08 12:54:32.824, 0, 0, 48704, 97887
2026/07/08 12:54:32.842, 1, 0, 48104, 97887
2026/07/08 12:54:32.857, 2, 0, 48104, 97887
2026/07/08 12:54:32.876, 3, 0, 48104, 97887
2026/07/08 12:54:32.893, 4, 29, 75548, 97887
2026/07/08 12:54:32.928, 5, 90, 75548, 97887
2026/07/08 12:54:32.950, 6, 65, 75536, 97887
2026/07/08 12:54:32.968, 7, 32, 75536, 97887
2026/07/08 12:54:33.986, 0, 0, 48704, 97887
2026/07/08 12:54:33.997, 1, 0, 48104, 97887
2026/07/08 12:54:34.011, 2, 0, 48104, 97887
2026/07/08 12:54:34.026, 3, 0, 48104, 97887
2026/07/08 12:54:34.040, 4, 29, 75548, 97887
2026/07/08 12:54:34.053, 5, 95, 75548, 97887
2026/07/08 12:54:34.062, 6, 87, 75536, 97887
2026/07/08 12:54:34.073, 7, 78, 75536, 97887
2026/07/08 12:54:35.086, 0, 0, 48704, 97887
2026/07/08 12:54:35.105, 1, 0, 48104, 97887
2026/07/08 12:54:35.123, 2, 0, 48104, 97887
2026/07/08 12:54:35.139, 3, 0, 48104, 97887
2026/07/08 12:54:35.151, 4, 15, 75548, 97887
2026/07/08 12:54:35.165, 5, 68, 75548, 97887
2026/07/08 12:54:35.179, 6, 43, 75536, 97887
2026/07/08 12:54:35.196, 7, 89, 75536, 97887
2026/07/08 12:54:36.211, 0, 0, 48704, 97887
2026/07/08 12:54:36.232, 1, 0, 48104, 97887
2026/07/08 12:54:36.253, 2, 0, 48104, 97887
2026/07/08 12:54:36.273, 3, 0, 48104, 97887
2026/07/08 12:54:36.290, 4, 27, 75548, 97887
2026/07/08 12:54:36.308, 5, 93, 75548, 97887
2026/07/08 12:54:36.326, 6, 39, 75536, 97887
2026/07/08 12:54:36.343, 7, 95, 75536, 97887
2026/07/08 12:54:37.362, 0, 0, 48704, 97887
2026/07/08 12:54:37.381, 1, 0, 48104, 97887
2026/07/08 12:54:37.398, 2, 0, 48104, 97887
2026/07/08 12:54:37.415, 3, 0, 48104, 97887
2026/07/08 12:54:37.435, 4, 27, 75548, 97887
2026/07/08 12:54:37.454, 5, 90, 75548, 97887
2026/07/08 12:54:37.472, 6, 39, 75536, 97887
2026/07/08 12:54:37.489, 7, 80, 75536, 97887
2026/07/08 12:54:38.508, 0, 0, 48704, 97887
2026/07/08 12:54:38.527, 1, 0, 48104, 97887
2026/07/08 12:54:38.544, 2, 0, 48104, 97887
2026/07/08 12:54:38.563, 3, 0, 48104, 97887
2026/07/08 12:54:38.579, 4, 27, 75548, 97887
2026/07/08 12:54:38.595, 5, 93, 75548, 97887
2026/07/08 12:54:38.615, 6, 55, 75536, 97887
2026/07/08 12:54:38.634, 7, 85, 75536, 97887
2026/07/08 12:54:39.649, 0, 0, 48704, 97887
2026/07/08 12:54:39.669, 1, 0, 48104, 97887
2026/07/08 12:54:39.684, 2, 0, 48104, 97887
2026/07/08 12:54:39.703, 3, 0, 48104, 97887
2026/07/08 12:54:39.719, 4, 25, 75548, 97887
2026/07/08 12:54:39.735, 5, 68, 75548, 97887
2026/07/08 12:54:39.754, 6, 38, 75536, 97887
2026/07/08 12:54:39.773, 7, 70, 75536, 97887
2026/07/08 12:54:40.792, 0, 0, 48704, 97887
2026/07/08 12:54:40.813, 1, 0, 48104, 97887
2026/07/08 12:54:40.833, 2, 0, 48104, 97887
2026/07/08 12:54:40.852, 3, 0, 48104, 97887
2026/07/08 12:54:40.870, 4, 26, 75548, 97887
2026/07/08 12:54:40.889, 5, 94, 75548, 97887
2026/07/08 12:54:40.908, 6, 41, 75536, 97887
2026/07/08 12:54:40.927, 7, 91, 75536, 97887
2026/07/08 12:54:41.946, 0, 0, 48704, 97887
2026/07/08 12:54:41.963, 1, 0, 48104, 97887
2026/07/08 12:54:41.978, 2, 0, 48104, 97887
2026/07/08 12:54:41.993, 3, 0, 48104, 97887
2026/07/08 12:54:42.009, 4, 100, 75548, 97887
2026/07/08 12:54:42.027, 5, 100, 75548, 97887
2026/07/08 12:54:42.042, 6, 58, 75536, 97887
2026/07/08 12:54:42.057, 7, 83, 75536, 97887
2026/07/08 12:54:43.074, 0, 0, 48704, 97887
2026/07/08 12:54:43.092, 1, 0, 48104, 97887
2026/07/08 12:54:43.110, 2, 0, 48104, 97887
2026/07/08 12:54:43.127, 3, 0, 48104, 97887
2026/07/08 12:54:43.144, 4, 26, 75548, 97887
2026/07/08 12:54:43.162, 5, 43, 75548, 97887
2026/07/08 12:54:43.182, 6, 52, 75536, 97887
2026/07/08 12:54:43.199, 7, 73, 75536, 97887
2026/07/08 12:54:44.217, 0, 0, 48704, 97887
2026/07/08 12:54:44.234, 1, 0, 48104, 97887
2026/07/08 12:54:44.254, 2, 0, 48104, 97887
2026/07/08 12:54:44.271, 3, 0, 48104, 97887
2026/07/08 12:54:44.288, 4, 27, 75548, 97887
2026/07/08 12:54:44.306, 5, 94, 75548, 97887
2026/07/08 12:54:44.323, 6, 74, 75536, 97887
2026/07/08 12:54:44.341, 7, 75, 75536, 97887
2026/07/08 12:54:45.358, 0, 0, 48704, 97887
2026/07/08 12:54:45.376, 1, 0, 48104, 97887
2026/07/08 12:54:45.390, 2, 0, 48104, 97887
2026/07/08 12:54:45.404, 3, 0, 48104, 97887
2026/07/08 12:54:45.420, 4, 27, 75548, 97887
2026/07/08 12:54:45.445, 5, 94, 75548, 97887
2026/07/08 12:54:45.452, 6, 49, 75536, 97887
2026/07/08 12:54:45.463, 7, 60, 75536, 97887
2026/07/08 12:54:46.476, 0, 0, 48704, 97887
2026/07/08 12:54:46.494, 1, 0, 48104, 97887
2026/07/08 12:54:46.512, 2, 0, 48104, 97887
2026/07/08 12:54:46.528, 3, 0, 48104, 97887
2026/07/08 12:54:46.543, 4, 27, 75548, 97887
2026/07/08 12:54:46.558, 5, 94, 75548, 97887
2026/07/08 12:54:46.576, 6, 59, 75536, 97887
2026/07/08 12:54:46.592, 7, 62, 75536, 97887
2026/07/08 12:54:47.610, 0, 0, 48704, 97887
2026/07/08 12:54:47.624, 1, 0, 48104, 97887
2026/07/08 12:54:47.633, 2, 0, 48104, 97887
2026/07/08 12:54:47.641, 3, 0, 48104, 97887
2026/07/08 12:54:47.652, 4, 26, 75548, 97887
2026/07/08 12:54:47.665, 5, 94, 75548, 97887
2026/07/08 12:54:47.677, 6, 44, 75536, 97887
2026/07/08 12:54:47.693, 7, 88, 75536, 97887
2026/07/08 12:54:48.707, 0, 0, 48704, 97887
2026/07/08 12:54:48.723, 1, 0, 48104, 97887
2026/07/08 12:54:48.737, 2, 0, 48104, 97887
2026/07/08 12:54:48.753, 3, 0, 48104, 97887
2026/07/08 12:54:48.771, 4, 26, 75548, 97887
2026/07/08 12:54:48.787, 5, 92, 75548, 97887
2026/07/08 12:54:48.804, 6, 52, 75536, 97887
2026/07/08 12:54:48.822, 7, 63, 75536, 97887
2026/07/08 12:54:49.840, 0, 0, 48704, 97887
2026/07/08 12:54:49.854, 1, 0, 48104, 97887
2026/07/08 12:54:49.867, 2, 0, 48104, 97887
2026/07/08 12:54:49.879, 3, 0, 48104, 97887
2026/07/08 12:54:49.892, 4, 33, 75548, 97887
2026/07/08 12:54:49.902, 5, 82, 75548, 97887
2026/07/08 12:54:49.912, 6, 58, 75536, 97887
2026/07/08 12:54:49.924, 7, 81, 75536, 97887
2026/07/08 12:54:50.939, 0, 0, 48704, 97887
2026/07/08 12:54:50.954, 1, 0, 48104, 97887
2026/07/08 12:54:50.965, 2, 0, 48104, 97887
2026/07/08 12:54:50.978, 3, 0, 48104, 97887
2026/07/08 12:54:50.992, 4, 32, 75548, 97887
2026/07/08 12:54:51.006, 5, 84, 75548, 97887
2026/07/08 12:54:51.022, 6, 52, 75536, 97887
2026/07/08 12:54:51.035, 7, 47, 75536, 97887
2026/07/08 12:54:52.050, 0, 0, 48704, 97887
2026/07/08 12:54:52.067, 1, 0, 48104, 97887
2026/07/08 12:54:52.085, 2, 0, 48104, 97887
2026/07/08 12:54:52.099, 3, 0, 48104, 97887
2026/07/08 12:54:52.112, 4, 28, 75548, 97887
2026/07/08 12:54:52.127, 5, 93, 75548, 97887
2026/07/08 12:54:52.139, 6, 35, 75536, 97887
2026/07/08 12:54:52.149, 7, 72, 75536, 97887
2026/07/08 12:54:53.162, 0, 0, 48704, 97887
2026/07/08 12:54:53.181, 1, 0, 48104, 97887
2026/07/08 12:54:53.197, 2, 0, 48104, 97887
2026/07/08 12:54:53.211, 3, 0, 48104, 97887
2026/07/08 12:54:53.227, 4, 27, 75548, 97887
2026/07/08 12:54:53.245, 5, 94, 75548, 97887
2026/07/08 12:54:53.263, 6, 38, 75536, 97887
2026/07/08 12:54:53.278, 7, 83, 75536, 97887
2026/07/08 12:54:54.295, 0, 0, 48704, 97887
2026/07/08 12:54:54.315, 1, 0, 48104, 97887
2026/07/08 12:54:54.332, 2, 0, 48104, 97887
2026/07/08 12:54:54.352, 3, 0, 48104, 97887
2026/07/08 12:54:54.372, 4, 27, 75548, 97887
2026/07/08 12:54:54.390, 5, 93, 75548, 97887
2026/07/08 12:54:54.409, 6, 45, 75536, 97887
2026/07/08 12:54:54.425, 7, 65, 75536, 97887
2026/07/08 12:54:55.439, 0, 0, 48704, 97887
2026/07/08 12:54:55.456, 1, 0, 48104, 97887
2026/07/08 12:54:55.475, 2, 0, 48104, 97887
2026/07/08 12:54:55.490, 3, 0, 48104, 97887
2026/07/08 12:54:55.503, 4, 28, 75548, 97887
2026/07/08 12:54:55.518, 5, 94, 75548, 97887
2026/07/08 12:54:55.530, 6, 65, 75536, 97887
2026/07/08 12:54:55.540, 7, 77, 75536, 97887
2026/07/08 12:54:56.555, 0, 0, 48704, 97887
2026/07/08 12:54:56.572, 1, 0, 48104, 97887
2026/07/08 12:54:56.587, 2, 0, 48104, 97887
2026/07/08 12:54:56.602, 3, 0, 48104, 97887
2026/07/08 12:54:56.616, 4, 30, 75548, 97887
2026/07/08 12:54:56.633, 5, 79, 75548, 97887
2026/07/08 12:54:56.648, 6, 38, 75536, 97887
2026/07/08 12:54:56.662, 7, 83, 75536, 97887
2026/07/08 12:54:57.680, 0, 0, 48704, 97887
2026/07/08 12:54:57.696, 1, 0, 48104, 97887
2026/07/08 12:54:57.711, 2, 0, 48104, 97887
2026/07/08 12:54:57.726, 3, 0, 48104, 97887
2026/07/08 12:54:57.740, 4, 27, 75548, 97887
2026/07/08 12:54:57.751, 5, 86, 75548, 97887
2026/07/08 12:54:57.765, 6, 45, 75536, 97887
2026/07/08 12:54:57.780, 7, 88, 75536, 97887
2026/07/08 12:54:58.797, 0, 0, 48704, 97887
2026/07/08 12:54:58.817, 1, 0, 48104, 97887
2026/07/08 12:54:58.836, 2, 0, 48104, 97887
2026/07/08 12:54:58.853, 3, 0, 48104, 97887
2026/07/08 12:54:58.875, 4, 27, 75548, 97887
2026/07/08 12:54:58.894, 5, 93, 75548, 97887
2026/07/08 12:54:58.914, 6, 48, 75536, 97887
2026/07/08 12:54:58.934, 7, 75, 75536, 97887
2026/07/08 12:54:59.954, 0, 0, 48704, 97887
2026/07/08 12:54:59.972, 1, 0, 48104, 97887
2026/07/08 12:54:59.990, 2, 0, 48104, 97887
2026/07/08 12:55:00.008, 3, 0, 48104, 97887
2026/07/08 12:55:00.025, 4, 39, 75548, 97887
2026/07/08 12:55:00.043, 5, 85, 75548, 97887
2026/07/08 12:55:00.063, 6, 41, 75536, 97887
2026/07/08 12:55:00.082, 7, 74, 75536, 97887
2026/07/08 12:55:01.101, 0, 0, 48704, 97887
2026/07/08 12:55:01.123, 1, 0, 48104, 97887
2026/07/08 12:55:01.142, 2, 0, 48104, 97887
2026/07/08 12:55:01.158, 3, 0, 48104, 97887
2026/07/08 12:55:01.177, 4, 33, 75548, 97887
2026/07/08 12:55:01.195, 5, 84, 75548, 97887
2026/07/08 12:55:01.210, 6, 43, 75536, 97887
2026/07/08 12:55:01.229, 7, 81, 75536, 97887
2026/07/08 12:55:02.244, 0, 0, 48704, 97887
2026/07/08 12:55:02.263, 1, 0, 48104, 97887
2026/07/08 12:55:02.284, 2, 0, 48104, 97887
2026/07/08 12:55:02.303, 3, 0, 48104, 97887
2026/07/08 12:55:02.319, 4, 33, 75548, 97887
2026/07/08 12:55:02.336, 5, 78, 75548, 97887
2026/07/08 12:55:02.352, 6, 48, 75536, 97887
2026/07/08 12:55:02.369, 7, 66, 75536, 97887
2026/07/08 12:55:03.386, 0, 0, 48704, 97887
2026/07/08 12:55:03.402, 1, 0, 48104, 97887
2026/07/08 12:55:03.414, 2, 0, 48104, 97887
2026/07/08 12:55:03.428, 3, 0, 48104, 97887
2026/07/08 12:55:03.443, 4, 27, 75548, 97887
2026/07/08 12:55:03.457, 5, 94, 75548, 97887
2026/07/08 12:55:03.472, 6, 47, 75536, 97887
2026/07/08 12:55:03.490, 7, 63, 75536, 97887
2026/07/08 12:55:04.506, 0, 0, 48704, 97887
2026/07/08 12:55:04.526, 1, 0, 48104, 97887
2026/07/08 12:55:04.543, 2, 0, 48104, 97887
2026/07/08 12:55:04.561, 3, 0, 48104, 97887
2026/07/08 12:55:04.580, 4, 28, 75548, 97887
2026/07/08 12:55:04.597, 5, 88, 75548, 97887
2026/07/08 12:55:04.613, 6, 49, 75536, 97887
2026/07/08 12:55:04.630, 7, 79, 75536, 97887
2026/07/08 12:55:05.646, 0, 0, 48704, 97887
2026/07/08 12:55:05.665, 1, 0, 48104, 97887
2026/07/08 12:55:05.681, 2, 0, 48104, 97887
2026/07/08 12:55:05.697, 3, 0, 48104, 97887
2026/07/08 12:55:05.713, 4, 36, 75548, 97887
2026/07/08 12:55:05.730, 5, 93, 75548, 97887
2026/07/08 12:55:05.759, 6, 49, 75536, 97887
2026/07/08 12:55:05.779, 7, 71, 75536, 97887
2026/07/08 12:55:06.803, 0, 0, 48704, 97887
2026/07/08 12:55:06.824, 1, 0, 48104, 97887
2026/07/08 12:55:06.841, 2, 0, 48104, 97887
2026/07/08 12:55:06.861, 3, 0, 48104, 97887
2026/07/08 12:55:06.880, 4, 29, 75548, 97887
2026/07/08 12:55:06.898, 5, 94, 75548, 97887
2026/07/08 12:55:06.917, 6, 63, 75536, 97887
2026/07/08 12:55:06.934, 7, 72, 75536, 97887
2026/07/08 12:55:07.954, 0, 0, 48704, 97887
2026/07/08 12:55:07.974, 1, 0, 48104, 97887
2026/07/08 12:55:07.994, 2, 0, 48104, 97887
2026/07/08 12:55:08.014, 3, 0, 48104, 97887
2026/07/08 12:55:08.034, 4, 28, 75548, 97887
2026/07/08 12:55:08.053, 5, 94, 75548, 97887
2026/07/08 12:55:08.072, 6, 50, 75536, 97887
2026/07/08 12:55:08.087, 7, 64, 75536, 97887
2026/07/08 12:55:09.107, 0, 0, 48704, 97887
2026/07/08 12:55:09.125, 1, 0, 48104, 97887
2026/07/08 12:55:09.141, 2, 0, 48104, 97887
2026/07/08 12:55:09.158, 3, 0, 48104, 97887
2026/07/08 12:55:09.172, 4, 33, 75548, 97887
2026/07/08 12:55:09.188, 5, 67, 75548, 97887
2026/07/08 12:55:09.207, 6, 12, 75536, 97887
2026/07/08 12:55:09.224, 7, 32, 75536, 97887
2026/07/08 12:55:10.239, 0, 0, 48704, 97887
2026/07/08 12:55:10.259, 1, 0, 48104, 97887
2026/07/08 12:55:10.277, 2, 0, 48104, 97887
2026/07/08 12:55:10.296, 3, 0, 48104, 97887
2026/07/08 12:55:10.316, 4, 28, 75548, 97887
2026/07/08 12:55:10.336, 5, 80, 75548, 97887
2026/07/08 12:55:10.356, 6, 85, 75536, 97887
2026/07/08 12:55:10.376, 7, 63, 75536, 97887
2026/07/08 12:55:11.393, 0, 0, 48704, 97887
2026/07/08 12:55:11.412, 1, 0, 48104, 97887
2026/07/08 12:55:11.430, 2, 0, 48104, 97887
2026/07/08 12:55:11.454, 3, 0, 48104, 97887
2026/07/08 12:55:11.478, 4, 14, 75548, 97887
2026/07/08 12:55:11.494, 5, 77, 75548, 97887
2026/07/08 12:55:11.510, 6, 70, 75536, 97887
2026/07/08 12:55:11.529, 7, 100, 75536, 97887
2026/07/08 12:55:12.546, 0, 0, 48704, 97887
2026/07/08 12:55:12.561, 1, 0, 48104, 97887
2026/07/08 12:55:12.573, 2, 0, 48104, 97887
2026/07/08 12:55:12.585, 3, 0, 48104, 97887
2026/07/08 12:55:12.600, 4, 32, 75548, 97887
2026/07/08 12:55:12.615, 5, 82, 75548, 97887
2026/07/08 12:55:12.633, 6, 38, 75536, 97887
2026/07/08 12:55:12.649, 7, 90, 75536, 97887
2026/07/08 12:55:13.663, 0, 0, 48704, 97887
2026/07/08 12:55:13.682, 1, 0, 48104, 97887
2026/07/08 12:55:13.699, 2, 0, 48104, 97887
2026/07/08 12:55:13.718, 3, 0, 48104, 97887
2026/07/08 12:55:13.736, 4, 27, 75548, 97887
2026/07/08 12:55:13.754, 5, 93, 75548, 97887
2026/07/08 12:55:13.771, 6, 66, 75536, 97887
2026/07/08 12:55:13.789, 7, 48, 75536, 97887
2026/07/08 12:55:14.810, 0, 0, 48704, 97887
2026/07/08 12:55:14.826, 1, 0, 48104, 97887
2026/07/08 12:55:14.842, 2, 0, 48104, 97887
2026/07/08 12:55:14.860, 3, 0, 48104, 97887
2026/07/08 12:55:14.877, 4, 28, 75548, 97887
2026/07/08 12:55:14.893, 5, 94, 75548, 97887
2026/07/08 12:55:14.911, 6, 65, 75536, 97887
2026/07/08 12:55:14.925, 7, 39, 75536, 97887
2026/07/08 12:55:15.939, 0, 0, 48704, 97887
2026/07/08 12:55:15.960, 1, 0, 48104, 97887
2026/07/08 12:55:15.978, 2, 0, 48104, 97887
2026/07/08 12:55:15.994, 3, 0, 48104, 97887
2026/07/08 12:55:16.010, 4, 9, 75548, 97887
2026/07/08 12:55:16.025, 5, 38, 75548, 97887
2026/07/08 12:55:16.038, 6, 58, 75536, 97887
2026/07/08 12:55:16.053, 7, 33, 75536, 97887
2026/07/08 12:55:17.068, 0, 0, 48704, 97887
2026/07/08 12:55:17.087, 1, 0, 48104, 97887
2026/07/08 12:55:17.103, 2, 0, 48104, 97887
2026/07/08 12:55:17.123, 3, 0, 48104, 97887
2026/07/08 12:55:17.139, 4, 28, 75548, 97887
2026/07/08 12:55:17.155, 5, 94, 75548, 97887
2026/07/08 12:55:17.173, 6, 90, 75536, 97887
2026/07/08 12:55:17.190, 7, 48, 75536, 97887
2026/07/08 12:55:18.206, 0, 0, 48704, 97887
2026/07/08 12:55:18.224, 1, 0, 48104, 97887
2026/07/08 12:55:18.240, 2, 0, 48104, 97887
2026/07/08 12:55:18.254, 3, 0, 48104, 97887
2026/07/08 12:55:18.269, 4, 28, 75548, 97887
2026/07/08 12:55:18.286, 5, 94, 75548, 97887
2026/07/08 12:55:18.302, 6, 84, 75536, 97887
2026/07/08 12:55:18.322, 7, 49, 75536, 97887
2026/07/08 12:55:19.337, 0, 0, 48704, 97887
2026/07/08 12:55:19.352, 1, 0, 48104, 97887
2026/07/08 12:55:19.370, 2, 0, 48104, 97887
2026/07/08 12:55:19.388, 3, 0, 48104, 97887
2026/07/08 12:55:19.408, 4, 29, 75548, 97887
2026/07/08 12:55:19.425, 5, 93, 75548, 97887
2026/07/08 12:55:19.442, 6, 81, 75536, 97887
2026/07/08 12:55:19.458, 7, 67, 75536, 97887
2026/07/08 12:55:20.475, 0, 0, 48704, 97887
2026/07/08 12:55:20.495, 1, 0, 48104, 97887
2026/07/08 12:55:20.514, 2, 0, 48104, 97887
2026/07/08 12:55:20.533, 3, 0, 48104, 97887
2026/07/08 12:55:20.551, 4, 28, 75548, 97887
2026/07/08 12:55:20.569, 5, 94, 75548, 97887
2026/07/08 12:55:20.585, 6, 43, 75536, 97887
2026/07/08 12:55:20.604, 7, 63, 75536, 97887
2026/07/08 12:55:21.622, 0, 0, 48704, 97887
2026/07/08 12:55:21.639, 1, 0, 48104, 97887
2026/07/08 12:55:21.657, 2, 0, 48104, 97887
2026/07/08 12:55:21.676, 3, 0, 48104, 97887
2026/07/08 12:55:21.693, 4, 28, 75548, 97887
2026/07/08 12:55:21.712, 5, 95, 75548, 97887
2026/07/08 12:55:21.731, 6, 7, 75536, 97887
2026/07/08 12:55:21.750, 7, 84, 75536, 97887
2026/07/08 12:55:22.770, 0, 0, 48704, 97887
2026/07/08 12:55:22.789, 1, 0, 48104, 97887
2026/07/08 12:55:22.807, 2, 0, 48104, 97887
2026/07/08 12:55:22.822, 3, 0, 48104, 97887
2026/07/08 12:55:22.840, 4, 27, 75548, 97887
2026/07/08 12:55:22.858, 5, 94, 75548, 97887
2026/07/08 12:55:22.876, 6, 48, 75536, 97887
2026/07/08 12:55:22.893, 7, 67, 75536, 97887
2026/07/08 12:55:23.913, 0, 0, 48704, 97887
2026/07/08 12:55:23.933, 1, 0, 48104, 97887
2026/07/08 12:55:23.947, 2, 0, 48104, 97887
2026/07/08 12:55:23.961, 3, 0, 48104, 97887
2026/07/08 12:55:23.976, 4, 27, 75548, 97887
2026/07/08 12:55:23.992, 5, 94, 75548, 97887
2026/07/08 12:55:24.008, 6, 59, 75536, 97887
2026/07/08 12:55:24.023, 7, 37, 75536, 97887
2026/07/08 12:55:25.035, 0, 0, 48704, 97887
2026/07/08 12:55:25.055, 1, 0, 48104, 97887
2026/07/08 12:55:25.072, 2, 0, 48104, 97887
2026/07/08 12:55:25.089, 3, 0, 48104, 97887
2026/07/08 12:55:25.107, 4, 35, 75548, 97887
2026/07/08 12:55:25.124, 5, 85, 75548, 97887
2026/07/08 12:55:25.143, 6, 96, 75536, 97887
2026/07/08 12:55:25.161, 7, 40, 75536, 97887
2026/07/08 12:55:26.180, 0, 0, 48704, 97887
2026/07/08 12:55:26.196, 1, 0, 48104, 97887
2026/07/08 12:55:26.210, 2, 0, 48104, 97887
2026/07/08 12:55:26.225, 3, 0, 48104, 97887
2026/07/08 12:55:26.243, 4, 27, 75548, 97887
2026/07/08 12:55:26.256, 5, 94, 75548, 97887
2026/07/08 12:55:26.268, 6, 91, 75536, 97887
2026/07/08 12:55:26.283, 7, 39, 75536, 97887
2026/07/08 12:55:27.300, 0, 0, 48704, 97887
2026/07/08 12:55:27.320, 1, 0, 48104, 97887
2026/07/08 12:55:27.339, 2, 0, 48104, 97887
2026/07/08 12:55:27.356, 3, 0, 48104, 97887
2026/07/08 12:55:27.374, 4, 28, 75548, 97887
2026/07/08 12:55:27.392, 5, 93, 75548, 97887
2026/07/08 12:55:27.409, 6, 44, 75536, 97887
2026/07/08 12:55:27.425, 7, 47, 75536, 97887
2026/07/08 12:55:28.441, 0, 0, 48704, 97887
2026/07/08 12:55:28.460, 1, 0, 48104, 97887
2026/07/08 12:55:28.477, 2, 0, 48104, 97887
2026/07/08 12:55:28.492, 3, 0, 48104, 97887
2026/07/08 12:55:28.509, 4, 27, 75548, 97887
2026/07/08 12:55:28.527, 5, 95, 75548, 97887
2026/07/08 12:55:28.546, 6, 67, 75536, 97887
2026/07/08 12:55:28.565, 7, 62, 75536, 97887
2026/07/08 12:55:29.584, 0, 0, 48704, 97887
2026/07/08 12:55:29.604, 1, 0, 48104, 97887
2026/07/08 12:55:29.622, 2, 0, 48104, 97887
2026/07/08 12:55:29.640, 3, 0, 48104, 97887
2026/07/08 12:55:29.659, 4, 27, 75548, 97887
2026/07/08 12:55:29.678, 5, 94, 75548, 97887
2026/07/08 12:55:29.694, 6, 41, 75536, 97887
2026/07/08 12:55:29.709, 7, 87, 75536, 97887
2026/07/08 12:55:30.727, 0, 0, 48704, 97887
2026/07/08 12:55:30.744, 1, 0, 48104, 97887
2026/07/08 12:55:30.761, 2, 0, 48104, 97887
2026/07/08 12:55:30.778, 3, 0, 48104, 97887
2026/07/08 12:55:30.791, 4, 28, 75548, 97887
2026/07/08 12:55:30.805, 5, 94, 75548, 97887
2026/07/08 12:55:30.822, 6, 39, 75536, 97887
2026/07/08 12:55:30.835, 7, 84, 75536, 97887
2026/07/08 12:55:31.849, 0, 0, 48704, 97887
2026/07/08 12:55:31.869, 1, 0, 48104, 97887
2026/07/08 12:55:31.889, 2, 0, 48104, 97887
2026/07/08 12:55:31.906, 3, 0, 48104, 97887
2026/07/08 12:55:31.924, 4, 27, 75548, 97887
2026/07/08 12:55:31.943, 5, 94, 75548, 97887
2026/07/08 12:55:31.963, 6, 52, 75536, 97887
2026/07/08 12:55:31.980, 7, 60, 75536, 97887
2026/07/08 12:55:32.998, 0, 0, 48704, 97887
2026/07/08 12:55:33.015, 1, 0, 48104, 97887
2026/07/08 12:55:33.032, 2, 0, 48104, 97887
2026/07/08 12:55:33.055, 3, 0, 48104, 97887
2026/07/08 12:55:33.069, 4, 26, 75548, 97887
2026/07/08 12:55:33.108, 5, 83, 75548, 97887
2026/07/08 12:55:33.127, 6, 54, 75536, 97887
2026/07/08 12:55:33.155, 7, 72, 75536, 97887
2026/07/08 12:55:34.177, 0, 0, 48704, 97887
2026/07/08 12:55:34.196, 1, 0, 48104, 97887
2026/07/08 12:55:34.213, 2, 0, 48104, 97887
2026/07/08 12:55:34.232, 3, 0, 48104, 97887
2026/07/08 12:55:34.251, 4, 25, 75548, 97887
2026/07/08 12:55:34.271, 5, 94, 75548, 97887
2026/07/08 12:55:34.289, 6, 44, 75536, 97887
2026/07/08 12:55:34.309, 7, 71, 75536, 97887
2026/07/08 12:55:35.328, 0, 0, 48704, 97887
2026/07/08 12:55:35.344, 1, 0, 48104, 97887
2026/07/08 12:55:35.361, 2, 0, 48104, 97887
2026/07/08 12:55:35.377, 3, 0, 48104, 97887
2026/07/08 12:55:35.392, 4, 65, 75548, 97887
2026/07/08 12:55:35.409, 5, 48, 75548, 97887
2026/07/08 12:55:35.426, 6, 50, 75536, 97887
2026/07/08 12:55:35.444, 7, 72, 75536, 97887
2026/07/08 12:55:36.462, 0, 0, 48704, 97887
2026/07/08 12:55:36.481, 1, 0, 48104, 97887
2026/07/08 12:55:36.499, 2, 0, 48104, 97887
2026/07/08 12:55:36.518, 3, 0, 48104, 97887
2026/07/08 12:55:36.537, 4, 57, 75548, 97887
2026/07/08 12:55:36.555, 5, 62, 75548, 97887
2026/07/08 12:55:36.573, 6, 37, 75536, 97887
2026/07/08 12:55:36.592, 7, 47, 75536, 97887
2026/07/08 12:55:37.609, 0, 0, 48704, 97887
2026/07/08 12:55:37.626, 1, 0, 48104, 97887
2026/07/08 12:55:37.643, 2, 0, 48104, 97887
2026/07/08 12:55:37.660, 3, 0, 48104, 97887
2026/07/08 12:55:37.679, 4, 26, 75548, 97887
2026/07/08 12:55:37.699, 5, 89, 75548, 97887
2026/07/08 12:55:37.717, 6, 38, 75536, 97887
2026/07/08 12:55:37.736, 7, 84, 75536, 97887
2026/07/08 12:55:38.755, 0, 0, 48704, 97887
2026/07/08 12:55:38.771, 1, 0, 48104, 97887
2026/07/08 12:55:38.794, 2, 0, 48104, 97887
2026/07/08 12:55:38.816, 3, 0, 48104, 97887
2026/07/08 12:55:38.833, 4, 26, 75548, 97887
2026/07/08 12:55:38.850, 5, 93, 75548, 97887
2026/07/08 12:55:38.869, 6, 63, 75536, 97887
2026/07/08 12:55:38.887, 7, 74, 75536, 97887
2026/07/08 12:55:39.904, 0, 0, 48704, 97887
2026/07/08 12:55:39.916, 1, 0, 48104, 97887
2026/07/08 12:55:39.930, 2, 0, 48104, 97887
2026/07/08 12:55:39.944, 3, 0, 48104, 97887
2026/07/08 12:55:39.956, 4, 25, 75548, 97887
2026/07/08 12:55:39.973, 5, 93, 75548, 97887
2026/07/08 12:55:39.988, 6, 48, 75536, 97887
2026/07/08 12:55:39.997, 7, 68, 75536, 97887
2026/07/08 12:55:41.009, 0, 0, 48704, 97887
2026/07/08 12:55:41.026, 1, 0, 48104, 97887
2026/07/08 12:55:41.043, 2, 0, 48104, 97887
2026/07/08 12:55:41.059, 3, 0, 48104, 97887
2026/07/08 12:55:41.077, 4, 26, 75548, 97887
2026/07/08 12:55:41.094, 5, 94, 75548, 97887
2026/07/08 12:55:41.112, 6, 77, 75536, 97887
2026/07/08 12:55:41.125, 7, 50, 75536, 97887
2026/07/08 12:55:42.137, 0, 0, 48704, 97887
2026/07/08 12:55:42.153, 1, 0, 48104, 97887
2026/07/08 12:55:42.170, 2, 0, 48104, 97887
2026/07/08 12:55:42.184, 3, 0, 48104, 97887
2026/07/08 12:55:42.198, 4, 26, 75548, 97887
2026/07/08 12:55:42.212, 5, 94, 75548, 97887
2026/07/08 12:55:42.226, 6, 39, 75536, 97887
2026/07/08 12:55:42.240, 7, 59, 75536, 97887
2026/07/08 12:55:43.255, 0, 0, 48704, 97887
2026/07/08 12:55:43.273, 1, 0, 48104, 97887
2026/07/08 12:55:43.290, 2, 0, 48104, 97887
2026/07/08 12:55:43.307, 3, 0, 48104, 97887
2026/07/08 12:55:43.322, 4, 26, 75548, 97887
2026/07/08 12:55:43.338, 5, 93, 75548, 97887
2026/07/08 12:55:43.352, 6, 41, 75536, 97887
2026/07/08 12:55:43.366, 7, 51, 75536, 97887
2026/07/08 12:55:44.378, 0, 0, 48704, 97887
2026/07/08 12:55:44.397, 1, 0, 48104, 97887
2026/07/08 12:55:44.416, 2, 0, 48104, 97887
2026/07/08 12:55:44.433, 3, 0, 48104, 97887
2026/07/08 12:55:44.451, 4, 25, 75548, 97887
2026/07/08 12:55:44.468, 5, 94, 75548, 97887
2026/07/08 12:55:44.485, 6, 42, 75536, 97887
2026/07/08 12:55:44.502, 7, 78, 75536, 97887
2026/07/08 12:55:45.518, 0, 0, 48704, 97887
2026/07/08 12:55:45.531, 1, 0, 48104, 97887
2026/07/08 12:55:45.548, 2, 0, 48104, 97887
2026/07/08 12:55:45.566, 3, 0, 48104, 97887
2026/07/08 12:55:45.583, 4, 56, 75548, 97887
2026/07/08 12:55:45.600, 5, 80, 75548, 97887
2026/07/08 12:55:45.616, 6, 37, 75536, 97887
2026/07/08 12:55:45.633, 7, 93, 75536, 97887
2026/07/08 12:55:46.655, 0, 0, 48704, 97887
2026/07/08 12:55:46.673, 1, 0, 48104, 97887
2026/07/08 12:55:46.690, 2, 0, 48104, 97887
2026/07/08 12:55:46.705, 3, 0, 48104, 97887
2026/07/08 12:55:46.718, 4, 32, 75548, 97887
2026/07/08 12:55:46.734, 5, 81, 75548, 97887
2026/07/08 12:55:46.751, 6, 29, 75536, 97887
2026/07/08 12:55:46.763, 7, 59, 75536, 97887
2026/07/08 12:55:47.775, 0, 0, 48704, 97887
2026/07/08 12:55:47.789, 1, 0, 48104, 97887
2026/07/08 12:55:47.801, 2, 0, 48104, 97887
2026/07/08 12:55:47.811, 3, 0, 48104, 97887
2026/07/08 12:55:47.826, 4, 26, 75548, 97887
2026/07/08 12:55:47.843, 5, 95, 75548, 97887
2026/07/08 12:55:47.855, 6, 39, 75536, 97887
2026/07/08 12:55:47.867, 7, 57, 75536, 97887
2026/07/08 12:55:48.878, 0, 0, 48704, 97887
2026/07/08 12:55:48.894, 1, 0, 48104, 97887
2026/07/08 12:55:48.911, 2, 0, 48104, 97887
2026/07/08 12:55:48.927, 3, 0, 48104, 97887
2026/07/08 12:55:48.943, 4, 26, 75548, 97887
2026/07/08 12:55:48.957, 5, 82, 75548, 97887
2026/07/08 12:55:48.969, 6, 74, 75536, 97887
2026/07/08 12:55:48.983, 7, 30, 75536, 97887
2026/07/08 12:55:50.000, 0, 0, 48704, 97887
2026/07/08 12:55:50.016, 1, 0, 48104, 97887
2026/07/08 12:55:50.032, 2, 0, 48104, 97887
2026/07/08 12:55:50.047, 3, 0, 48104, 97887
2026/07/08 12:55:50.063, 4, 26, 75548, 97887
2026/07/08 12:55:50.076, 5, 94, 75548, 97887
2026/07/08 12:55:50.090, 6, 58, 75536, 97887
2026/07/08 12:55:50.106, 7, 24, 75536, 97887
2026/07/08 12:55:51.123, 0, 0, 48704, 97887
2026/07/08 12:55:51.140, 1, 0, 48104, 97887
2026/07/08 12:55:51.157, 2, 0, 48104, 97887
2026/07/08 12:55:51.174, 3, 0, 48104, 97887
2026/07/08 12:55:51.191, 4, 26, 75548, 97887
2026/07/08 12:55:51.207, 5, 94, 75548, 97887
2026/07/08 12:55:51.219, 6, 67, 75536, 97887
2026/07/08 12:55:51.231, 7, 35, 75536, 97887
2026/07/08 12:55:52.244, 0, 0, 48704, 97887
2026/07/08 12:55:52.263, 1, 0, 48104, 97887
2026/07/08 12:55:52.277, 2, 0, 48104, 97887
2026/07/08 12:55:52.293, 3, 0, 48104, 97887
2026/07/08 12:55:52.308, 4, 32, 75548, 97887
2026/07/08 12:55:52.324, 5, 82, 75548, 97887
2026/07/08 12:55:52.339, 6, 59, 75538, 97887
2026/07/08 12:55:52.356, 7, 41, 75538, 97887
2026/07/08 12:55:53.373, 0, 0, 48704, 97887
2026/07/08 12:55:53.393, 1, 0, 48104, 97887
2026/07/08 12:55:53.412, 2, 0, 48104, 97887
2026/07/08 12:55:53.432, 3, 0, 48104, 97887
2026/07/08 12:55:53.451, 4, 44, 75548, 97887
2026/07/08 12:55:53.470, 5, 79, 75548, 97887
2026/07/08 12:55:53.490, 6, 89, 75538, 97887
2026/07/08 12:55:53.511, 7, 35, 75538, 97887
2026/07/08 12:55:54.530, 0, 0, 48704, 97887
2026/07/08 12:55:54.551, 1, 0, 48104, 97887
2026/07/08 12:55:54.572, 2, 0, 48104, 97887
2026/07/08 12:55:54.593, 3, 0, 48104, 97887
2026/07/08 12:55:54.615, 4, 73, 75548, 97887
2026/07/08 12:55:54.633, 5, 25, 75548, 97887
2026/07/08 12:55:54.652, 6, 84, 75538, 97887
2026/07/08 12:55:54.670, 7, 28, 75538, 97887
2026/07/08 12:55:55.690, 0, 0, 48704, 97887
2026/07/08 12:55:55.707, 1, 0, 48104, 97887
2026/07/08 12:55:55.726, 2, 0, 48104, 97887
2026/07/08 12:55:55.745, 3, 0, 48104, 97887
2026/07/08 12:55:55.763, 4, 27, 75548, 97887
2026/07/08 12:55:55.781, 5, 92, 75548, 97887
2026/07/08 12:55:55.795, 6, 62, 75538, 97887
2026/07/08 12:55:55.811, 7, 48, 75538, 97887
2026/07/08 12:55:56.829, 0, 0, 48704, 97887
2026/07/08 12:55:56.846, 1, 0, 48104, 97887
2026/07/08 12:55:56.863, 2, 0, 48104, 97887
2026/07/08 12:55:56.881, 3, 0, 48104, 97887
2026/07/08 12:55:56.899, 4, 27, 75548, 97887
2026/07/08 12:55:56.918, 5, 88, 75548, 97887
2026/07/08 12:55:56.930, 6, 72, 75538, 97887
2026/07/08 12:55:56.939, 7, 33, 75538, 97887
2026/07/08 12:55:57.956, 0, 0, 48704, 97887
2026/07/08 12:55:57.974, 1, 0, 48104, 97887
2026/07/08 12:55:57.994, 2, 0, 48104, 97887
2026/07/08 12:55:58.014, 3, 0, 48104, 97887
2026/07/08 12:55:58.033, 4, 25, 75548, 97887
2026/07/08 12:55:58.051, 5, 87, 75548, 97887
2026/07/08 12:55:58.070, 6, 82, 75538, 97887
2026/07/08 12:55:58.089, 7, 39, 75538, 97887
2026/07/08 12:55:59.109, 0, 0, 48704, 97887
2026/07/08 12:55:59.129, 1, 0, 48104, 97887
2026/07/08 12:55:59.148, 2, 0, 48104, 97887
2026/07/08 12:55:59.166, 3, 0, 48104, 97887
2026/07/08 12:55:59.184, 4, 22, 75548, 97887
2026/07/08 12:55:59.201, 5, 94, 75548, 97887
2026/07/08 12:55:59.218, 6, 74, 75538, 97887
2026/07/08 12:55:59.235, 7, 34, 75538, 97887
2026/07/08 12:56:00.253, 0, 0, 48704, 97887
2026/07/08 12:56:00.273, 1, 0, 48104, 97887
2026/07/08 12:56:00.291, 2, 0, 48104, 97887
2026/07/08 12:56:00.308, 3, 0, 48104, 97887
2026/07/08 12:56:00.326, 4, 25, 75548, 97887
2026/07/08 12:56:00.342, 5, 82, 75548, 97887
2026/07/08 12:56:00.361, 6, 92, 75538, 97887
2026/07/08 12:56:00.379, 7, 34, 75538, 97887
2026/07/08 12:56:01.398, 0, 0, 48704, 97887
2026/07/08 12:56:01.416, 1, 0, 48104, 97887
2026/07/08 12:56:01.436, 2, 0, 48104, 97887
2026/07/08 12:56:01.454, 3, 0, 48104, 97887
2026/07/08 12:56:01.474, 4, 23, 75548, 97887
2026/07/08 12:56:01.493, 5, 88, 75548, 97887
2026/07/08 12:56:01.511, 6, 78, 75538, 97887
2026/07/08 12:56:01.528, 7, 31, 75538, 97887
2026/07/08 12:56:02.546, 0, 0, 48704, 97887
2026/07/08 12:56:02.560, 1, 0, 48104, 97887
2026/07/08 12:56:02.571, 2, 0, 48104, 97887
2026/07/08 12:56:02.589, 3, 0, 48104, 97887
2026/07/08 12:56:02.607, 4, 24, 75548, 97887
2026/07/08 12:56:02.620, 5, 94, 75548, 97887
2026/07/08 12:56:02.636, 6, 63, 75538, 97887
2026/07/08 12:56:02.651, 7, 94, 75538, 97887
2026/07/08 12:56:03.667, 0, 0, 48704, 97887
2026/07/08 12:56:03.682, 1, 0, 48104, 97887
2026/07/08 12:56:03.694, 2, 0, 48104, 97887
2026/07/08 12:56:03.710, 3, 0, 48104, 97887
2026/07/08 12:56:03.725, 4, 23, 75548, 97887
2026/07/08 12:56:03.741, 5, 93, 75548, 97887
2026/07/08 12:56:03.759, 6, 93, 75538, 97887
2026/07/08 12:56:03.776, 7, 41, 75538, 97887
2026/07/08 12:56:04.791, 0, 0, 48704, 97887
2026/07/08 12:56:04.814, 1, 0, 48104, 97887
2026/07/08 12:56:04.832, 2, 0, 48104, 97887
2026/07/08 12:56:04.850, 3, 0, 48104, 97887
2026/07/08 12:56:04.870, 4, 22, 75548, 97887
2026/07/08 12:56:04.889, 5, 95, 75548, 97887
2026/07/08 12:56:04.910, 6, 91, 75538, 97887
2026/07/08 12:56:04.931, 7, 82, 75538, 97887
2026/07/08 12:56:05.951, 0, 0, 48704, 97887
2026/07/08 12:56:05.971, 1, 0, 48104, 97887
2026/07/08 12:56:05.989, 2, 0, 48104, 97887
2026/07/08 12:56:06.009, 3, 0, 48104, 97887
2026/07/08 12:56:06.044, 4, 23, 75548, 97887
2026/07/08 12:56:06.065, 5, 94, 75548, 97887
2026/07/08 12:56:06.086, 6, 96, 75538, 97887
2026/07/08 12:56:06.117, 7, 34, 75538, 97887
2026/07/08 12:56:07.135, 0, 0, 48704, 97887
2026/07/08 12:56:07.154, 1, 0, 48104, 97887
2026/07/08 12:56:07.171, 2, 0, 48104, 97887
2026/07/08 12:56:07.188, 3, 0, 48104, 97887
2026/07/08 12:56:07.205, 4, 0, 75548, 97887
2026/07/08 12:56:07.224, 5, 0, 75548, 97887
2026/07/08 12:56:07.242, 6, 90, 75538, 97887
2026/07/08 12:56:07.259, 7, 36, 75538, 97887
2026/07/08 12:56:08.278, 0, 0, 48704, 97887
2026/07/08 12:56:08.296, 1, 0, 48104, 97887
2026/07/08 12:56:08.312, 2, 0, 48104, 97887
2026/07/08 12:56:08.331, 3, 0, 48104, 97887
2026/07/08 12:56:08.348, 4, 0, 75548, 97887
2026/07/08 12:56:08.363, 5, 0, 75548, 97887
2026/07/08 12:56:08.381, 6, 94, 75538, 97887
2026/07/08 12:56:08.395, 7, 36, 75538, 97887
2026/07/08 12:56:09.412, 0, 0, 48704, 97887
2026/07/08 12:56:09.434, 1, 0, 48104, 97887
2026/07/08 12:56:09.452, 2, 0, 48104, 97887
2026/07/08 12:56:09.469, 3, 0, 48104, 97887
2026/07/08 12:56:09.485, 4, 0, 75548, 97887
2026/07/08 12:56:09.503, 5, 0, 75548, 97887
2026/07/08 12:56:09.521, 6, 82, 75538, 97887
2026/07/08 12:56:09.543, 7, 28, 75538, 97887
2026/07/08 12:56:10.561, 0, 0, 48704, 97887
2026/07/08 12:56:10.580, 1, 0, 48104, 97887
2026/07/08 12:56:10.596, 2, 0, 48104, 97887
2026/07/08 12:56:10.617, 3, 0, 48104, 97887
2026/07/08 12:56:10.633, 4, 0, 75548, 97887
2026/07/08 12:56:10.649, 5, 0, 75548, 97887
2026/07/08 12:56:10.666, 6, 91, 75538, 97887
2026/07/08 12:56:10.685, 7, 36, 75538, 97887
2026/07/08 12:56:11.706, 0, 0, 48704, 97887
2026/07/08 12:56:11.729, 1, 0, 48104, 97887
2026/07/08 12:56:11.747, 2, 0, 48104, 97887
2026/07/08 12:56:11.766, 3, 0, 48104, 97887
2026/07/08 12:56:11.785, 4, 0, 75548, 97887
2026/07/08 12:56:11.803, 5, 0, 75548, 97887
2026/07/08 12:56:11.823, 6, 92, 75538, 97887
2026/07/08 12:56:11.843, 7, 43, 75538, 97887
2026/07/08 12:56:12.862, 0, 0, 48704, 97887
2026/07/08 12:56:12.881, 1, 0, 48104, 97887
2026/07/08 12:56:12.899, 2, 0, 48104, 97887
2026/07/08 12:56:12.917, 3, 0, 48104, 97887
2026/07/08 12:56:12.935, 4, 0, 75548, 97887
2026/07/08 12:56:12.953, 5, 0, 75548, 97887
2026/07/08 12:56:12.969, 6, 85, 75538, 97887
2026/07/08 12:56:12.987, 7, 33, 75538, 97887
2026/07/08 12:56:14.001, 0, 0, 48704, 97887
2026/07/08 12:56:14.021, 1, 0, 48104, 97887
2026/07/08 12:56:14.040, 2, 0, 48104, 97887
2026/07/08 12:56:14.061, 3, 0, 48104, 97887
2026/07/08 12:56:14.075, 4, 0, 75548, 97887
2026/07/08 12:56:14.089, 5, 0, 75548, 97887
2026/07/08 12:56:14.104, 6, 82, 75538, 97887
2026/07/08 12:56:14.121, 7, 38, 75538, 97887
2026/07/08 12:56:15.139, 0, 0, 48704, 97887
2026/07/08 12:56:15.158, 1, 0, 48104, 97887
2026/07/08 12:56:15.178, 2, 0, 48104, 97887
2026/07/08 12:56:15.196, 3, 0, 48104, 97887
2026/07/08 12:56:15.212, 4, 0, 75548, 97887
2026/07/08 12:56:15.230, 5, 0, 75548, 97887
2026/07/08 12:56:15.248, 6, 79, 75538, 97887
2026/07/08 12:56:15.266, 7, 28, 75538, 97887
2026/07/08 12:56:16.286, 0, 0, 48704, 97887
2026/07/08 12:56:16.299, 1, 0, 48104, 97887
2026/07/08 12:56:16.314, 2, 0, 48104, 97887
2026/07/08 12:56:16.332, 3, 0, 48104, 97887
2026/07/08 12:56:16.344, 4, 0, 75548, 97887
2026/07/08 12:56:16.359, 5, 0, 75548, 97887
2026/07/08 12:56:16.380, 6, 95, 75538, 97887
2026/07/08 12:56:16.399, 7, 28, 75538, 97887
2026/07/08 12:56:17.414, 0, 0, 48704, 97887
2026/07/08 12:56:17.426, 1, 0, 48104, 97887
2026/07/08 12:56:17.438, 2, 0, 48104, 97887
2026/07/08 12:56:17.449, 3, 0, 48104, 97887
2026/07/08 12:56:17.461, 4, 0, 75548, 97887
2026/07/08 12:56:17.478, 5, 0, 75548, 97887
2026/07/08 12:56:17.494, 6, 94, 75538, 97887
2026/07/08 12:56:17.507, 7, 36, 75538, 97887
2026/07/08 12:56:18.521, 0, 0, 48704, 97887
2026/07/08 12:56:18.539, 1, 0, 48104, 97887
2026/07/08 12:56:18.557, 2, 0, 48104, 97887
2026/07/08 12:56:18.572, 3, 0, 48104, 97887
2026/07/08 12:56:18.590, 4, 0, 75548, 97887
2026/07/08 12:56:18.608, 5, 0, 75548, 97887
2026/07/08 12:56:18.624, 6, 85, 75538, 97887
2026/07/08 12:56:18.635, 7, 28, 75538, 97887
2026/07/08 12:56:19.649, 0, 0, 48704, 97887
2026/07/08 12:56:19.663, 1, 0, 48104, 97887
2026/07/08 12:56:19.679, 2, 0, 48104, 97887
2026/07/08 12:56:19.695, 3, 0, 48104, 97887
2026/07/08 12:56:19.712, 4, 0, 75548, 97887
2026/07/08 12:56:19.725, 5, 0, 75548, 97887
2026/07/08 12:56:19.743, 6, 90, 75538, 97887
2026/07/08 12:56:19.757, 7, 34, 75538, 97887
2026/07/08 12:56:20.774, 0, 0, 48704, 97887
2026/07/08 12:56:20.790, 1, 0, 48104, 97887
2026/07/08 12:56:20.809, 2, 0, 48104, 97887
2026/07/08 12:56:20.829, 3, 0, 48104, 97887
2026/07/08 12:56:20.847, 4, 0, 75548, 97887
2026/07/08 12:56:20.864, 5, 0, 75548, 97887
2026/07/08 12:56:20.882, 6, 94, 75538, 97887
2026/07/08 12:56:20.899, 7, 34, 75538, 97887
2026/07/08 12:56:21.918, 0, 0, 48704, 97887
2026/07/08 12:56:21.938, 1, 0, 48104, 97887
2026/07/08 12:56:21.956, 2, 0, 48104, 97887
2026/07/08 12:56:21.974, 3, 0, 48104, 97887
2026/07/08 12:56:21.992, 4, 0, 75548, 97887
2026/07/08 12:56:22.011, 5, 0, 75548, 97887
2026/07/08 12:56:22.032, 6, 88, 75538, 97887
2026/07/08 12:56:22.050, 7, 28, 75538, 97887
2026/07/08 12:56:23.067, 0, 0, 48704, 97887
2026/07/08 12:56:23.084, 1, 0, 48104, 97887
2026/07/08 12:56:23.099, 2, 0, 48104, 97887
2026/07/08 12:56:23.116, 3, 0, 48104, 97887
2026/07/08 12:56:23.131, 4, 0, 75548, 97887
2026/07/08 12:56:23.148, 5, 0, 75548, 97887
2026/07/08 12:56:23.164, 6, 92, 75538, 97887
2026/07/08 12:56:23.180, 7, 27, 75538, 97887
2026/07/08 12:56:24.197, 0, 0, 48704, 97887
2026/07/08 12:56:24.211, 1, 0, 48104, 97887
2026/07/08 12:56:24.225, 2, 0, 48104, 97887
2026/07/08 12:56:24.243, 3, 0, 48104, 97887
2026/07/08 12:56:24.258, 4, 0, 75548, 97887
2026/07/08 12:56:24.271, 5, 0, 75548, 97887
2026/07/08 12:56:24.286, 6, 58, 75538, 97887
2026/07/08 12:56:24.299, 7, 27, 75538, 97887
2026/07/08 12:56:25.308, 0, 0, 48704, 97887
2026/07/08 12:56:25.330, 1, 0, 48104, 97887
2026/07/08 12:56:25.349, 2, 0, 48104, 97887
2026/07/08 12:56:25.367, 3, 0, 48104, 97887
2026/07/08 12:56:25.381, 4, 0, 75548, 97887
2026/07/08 12:56:25.397, 5, 0, 75548, 97887
2026/07/08 12:56:25.413, 6, 89, 75538, 97887
2026/07/08 12:56:25.428, 7, 29, 75538, 97887
2026/07/08 12:56:26.444, 0, 0, 48704, 97887
2026/07/08 12:56:26.465, 1, 0, 48104, 97887
2026/07/08 12:56:26.485, 2, 0, 48104, 97887
2026/07/08 12:56:26.503, 3, 0, 48104, 97887
2026/07/08 12:56:26.521, 4, 0, 75548, 97887
2026/07/08 12:56:26.539, 5, 0, 75548, 97887
2026/07/08 12:56:26.557, 6, 95, 75538, 97887
2026/07/08 12:56:26.573, 7, 30, 75538, 97887
2026/07/08 12:56:27.589, 0, 0, 48704, 97887
2026/07/08 12:56:27.607, 1, 0, 48104, 97887
2026/07/08 12:56:27.626, 2, 0, 48104, 97887
2026/07/08 12:56:27.642, 3, 0, 48104, 97887
2026/07/08 12:56:27.661, 4, 0, 75548, 97887
2026/07/08 12:56:27.675, 5, 0, 75548, 97887
2026/07/08 12:56:27.691, 6, 87, 75538, 97887
2026/07/08 12:56:27.708, 7, 27, 75538, 97887
2026/07/08 12:56:28.727, 0, 0, 48704, 97887
2026/07/08 12:56:28.743, 1, 0, 48104, 97887
2026/07/08 12:56:28.762, 2, 0, 48104, 97887
2026/07/08 12:56:28.780, 3, 0, 48104, 97887
2026/07/08 12:56:28.797, 4, 0, 75548, 97887
2026/07/08 12:56:28.815, 5, 0, 75548, 97887
2026/07/08 12:56:28.834, 6, 95, 75538, 97887
2026/07/08 12:56:28.853, 7, 31, 75538, 97887
2026/07/08 12:56:29.871, 0, 0, 48704, 97887
2026/07/08 12:56:29.884, 1, 0, 48104, 97887
2026/07/08 12:56:29.898, 2, 0, 48104, 97887
2026/07/08 12:56:29.913, 3, 0, 48104, 97887
2026/07/08 12:56:29.927, 4, 0, 75548, 97887
2026/07/08 12:56:29.942, 5, 0, 75548, 97887
2026/07/08 12:56:29.959, 6, 79, 75538, 97887
2026/07/08 12:56:29.974, 7, 35, 75538, 97887
2026/07/08 12:56:30.987, 0, 0, 48704, 97887
2026/07/08 12:56:31.007, 1, 0, 48104, 97887
2026/07/08 12:56:31.026, 2, 0, 48104, 97887
2026/07/08 12:56:31.044, 3, 0, 48104, 97887
2026/07/08 12:56:31.063, 4, 0, 75548, 97887
2026/07/08 12:56:31.077, 5, 0, 75548, 97887
2026/07/08 12:56:31.097, 6, 96, 75538, 97887
2026/07/08 12:56:31.116, 7, 27, 75538, 97887
2026/07/08 12:56:32.134, 0, 0, 48704, 97887
2026/07/08 12:56:32.153, 1, 0, 48104, 97887
2026/07/08 12:56:32.173, 2, 0, 48104, 97887
2026/07/08 12:56:32.191, 3, 0, 48104, 97887
2026/07/08 12:56:32.211, 4, 0, 75548, 97887
2026/07/08 12:56:32.231, 5, 0, 75548, 97887
2026/07/08 12:56:32.253, 6, 91, 75538, 97887
2026/07/08 12:56:32.273, 7, 35, 75538, 97887
2026/07/08 12:56:33.295, 0, 0, 48704, 97887
2026/07/08 12:56:33.321, 1, 0, 48104, 97887
2026/07/08 12:56:33.338, 2, 0, 48104, 97887
2026/07/08 12:56:33.361, 3, 0, 48104, 97887
2026/07/08 12:56:33.387, 4, 0, 75548, 97887
2026/07/08 12:56:33.416, 5, 0, 75548, 97887
2026/07/08 12:56:33.438, 6, 90, 75538, 97887
2026/07/08 12:56:33.458, 7, 28, 75538, 97887
2026/07/08 12:56:34.476, 0, 0, 48704, 97887
2026/07/08 12:56:34.495, 1, 0, 48104, 97887
2026/07/08 12:56:34.513, 2, 0, 48104, 97887
2026/07/08 12:56:34.531, 3, 0, 48104, 97887
2026/07/08 12:56:34.550, 4, 0, 75548, 97887
2026/07/08 12:56:34.569, 5, 0, 75548, 97887
2026/07/08 12:56:34.589, 6, 90, 75538, 97887
2026/07/08 12:56:34.606, 7, 34, 75538, 97887
2026/07/08 12:56:35.623, 0, 0, 48704, 97887
2026/07/08 12:56:35.639, 1, 0, 48104, 97887
2026/07/08 12:56:35.657, 2, 0, 48104, 97887
2026/07/08 12:56:35.675, 3, 0, 48104, 97887
2026/07/08 12:56:35.691, 4, 0, 75548, 97887
2026/07/08 12:56:35.705, 5, 0, 75548, 97887
2026/07/08 12:56:35.721, 6, 93, 75538, 97887
2026/07/08 12:56:35.741, 7, 35, 75538, 97887
2026/07/08 12:56:36.760, 0, 0, 48704, 97887
2026/07/08 12:56:36.781, 1, 0, 48104, 97887
2026/07/08 12:56:36.796, 2, 0, 48104, 97887
2026/07/08 12:56:36.814, 3, 0, 48104, 97887
2026/07/08 12:56:36.833, 4, 0, 75548, 97887
2026/07/08 12:56:36.850, 5, 0, 75548, 97887
2026/07/08 12:56:36.868, 6, 93, 75538, 97887
2026/07/08 12:56:36.887, 7, 28, 75538, 97887
2026/07/08 12:56:37.907, 0, 0, 48704, 97887
2026/07/08 12:56:37.927, 1, 0, 48104, 97887
2026/07/08 12:56:37.944, 2, 0, 48104, 97887
2026/07/08 12:56:37.960, 3, 0, 48104, 97887
2026/07/08 12:56:37.974, 4, 0, 75548, 97887
2026/07/08 12:56:37.988, 5, 0, 75548, 97887
2026/07/08 12:56:38.003, 6, 79, 75538, 97887
2026/07/08 12:56:38.018, 7, 25, 75538, 97887
2026/07/08 12:56:39.034, 0, 0, 48704, 97887
2026/07/08 12:56:39.059, 1, 0, 48104, 97887
2026/07/08 12:56:39.076, 2, 0, 48104, 97887
2026/07/08 12:56:39.096, 3, 0, 48104, 97887
2026/07/08 12:56:39.116, 4, 0, 75548, 97887
2026/07/08 12:56:39.136, 5, 0, 75548, 97887
2026/07/08 12:56:39.156, 6, 91, 75538, 97887
2026/07/08 12:56:39.176, 7, 22, 75538, 97887
2026/07/08 12:56:40.196, 0, 0, 48704, 97887
2026/07/08 12:56:40.212, 1, 0, 48104, 97887
2026/07/08 12:56:40.232, 2, 0, 48104, 97887
2026/07/08 12:56:40.250, 3, 0, 48104, 97887
2026/07/08 12:56:40.269, 4, 0, 75548, 97887
2026/07/08 12:56:40.286, 5, 0, 75548, 97887
2026/07/08 12:56:40.304, 6, 100, 75538, 97887
2026/07/08 12:56:40.319, 7, 100, 75538, 97887
2026/07/08 12:56:41.338, 0, 0, 48704, 97887
2026/07/08 12:56:41.359, 1, 0, 48104, 97887
2026/07/08 12:56:41.376, 2, 0, 48104, 97887
2026/07/08 12:56:41.394, 3, 0, 48104, 97887
2026/07/08 12:56:41.412, 4, 0, 75548, 97887
2026/07/08 12:56:41.431, 5, 0, 75548, 97887
2026/07/08 12:56:41.450, 6, 92, 75538, 97887
2026/07/08 12:56:41.469, 7, 100, 75538, 97887
2026/07/08 12:56:42.487, 0, 0, 48704, 97887
2026/07/08 12:56:42.510, 1, 0, 48104, 97887
2026/07/08 12:56:42.524, 2, 0, 48104, 97887
2026/07/08 12:56:42.536, 3, 0, 48104, 97887
2026/07/08 12:56:42.550, 4, 0, 75548, 97887
2026/07/08 12:56:42.566, 5, 0, 75548, 97887
2026/07/08 12:56:42.581, 6, 92, 75538, 97887
2026/07/08 12:56:42.598, 7, 37, 75538, 97887
2026/07/08 12:56:43.615, 0, 0, 48704, 97887
2026/07/08 12:56:43.635, 1, 0, 48104, 97887
2026/07/08 12:56:43.653, 2, 0, 48104, 97887
2026/07/08 12:56:43.671, 3, 0, 48104, 97887
2026/07/08 12:56:43.689, 4, 0, 75548, 97887
2026/07/08 12:56:43.707, 5, 0, 75548, 97887
2026/07/08 12:56:43.725, 6, 93, 75538, 97887
2026/07/08 12:56:43.742, 7, 35, 75538, 97887
2026/07/08 12:56:44.759, 0, 0, 48704, 97887
2026/07/08 12:56:44.778, 1, 0, 48104, 97887
2026/07/08 12:56:44.796, 2, 0, 48104, 97887
2026/07/08 12:56:44.815, 3, 0, 48104, 97887
2026/07/08 12:56:44.833, 4, 0, 75548, 97887
2026/07/08 12:56:44.850, 5, 0, 75548, 97887
2026/07/08 12:56:44.868, 6, 41, 75538, 97887
2026/07/08 12:56:44.882, 7, 31, 75538, 97887
2026/07/08 12:56:45.900, 0, 0, 48704, 97887
2026/07/08 12:56:45.921, 1, 0, 48104, 97887
2026/07/08 12:56:45.936, 2, 0, 48104, 97887
2026/07/08 12:56:45.953, 3, 0, 48104, 97887
2026/07/08 12:56:45.970, 4, 0, 75548, 97887
2026/07/08 12:56:45.988, 5, 0, 75548, 97887
2026/07/08 12:56:46.002, 6, 91, 75538, 97887
2026/07/08 12:56:46.021, 7, 33, 75538, 97887
2026/07/08 12:56:47.038, 0, 0, 48704, 97887
2026/07/08 12:56:47.057, 1, 0, 48104, 97887
2026/07/08 12:56:47.077, 2, 0, 48104, 97887
2026/07/08 12:56:47.094, 3, 0, 48104, 97887
2026/07/08 12:56:47.113, 4, 0, 75548, 97887
2026/07/08 12:56:47.130, 5, 0, 75548, 97887
2026/07/08 12:56:47.149, 6, 93, 75538, 97887
2026/07/08 12:56:47.168, 7, 27, 75538, 97887
2026/07/08 12:56:48.188, 0, 0, 48704, 97887
2026/07/08 12:56:48.208, 1, 0, 48104, 97887
2026/07/08 12:56:48.225, 2, 0, 48104, 97887
2026/07/08 12:56:48.241, 3, 0, 48104, 97887
2026/07/08 12:56:48.260, 4, 0, 75548, 97887
2026/07/08 12:56:48.275, 5, 0, 75548, 97887
2026/07/08 12:56:48.294, 6, 94, 75538, 97887
2026/07/08 12:56:48.311, 7, 26, 75538, 97887
2026/07/08 12:56:49.329, 0, 0, 48704, 97887
2026/07/08 12:56:49.347, 1, 0, 48104, 97887
2026/07/08 12:56:49.365, 2, 0, 48104, 97887
2026/07/08 12:56:49.380, 3, 0, 48104, 97887
2026/07/08 12:56:49.394, 4, 0, 75548, 97887
2026/07/08 12:56:49.409, 5, 0, 75548, 97887
2026/07/08 12:56:49.427, 6, 89, 75538, 97887
2026/07/08 12:56:49.441, 7, 29, 75538, 97887
2026/07/08 12:56:50.460, 0, 0, 48704, 97887
2026/07/08 12:56:50.481, 1, 0, 48104, 97887
2026/07/08 12:56:50.503, 2, 0, 48104, 97887
2026/07/08 12:56:50.523, 3, 0, 48104, 97887
2026/07/08 12:56:50.542, 4, 0, 75548, 97887
2026/07/08 12:56:50.561, 5, 0, 75548, 97887
2026/07/08 12:56:50.579, 6, 89, 75538, 97887
2026/07/08 12:56:50.596, 7, 28, 75538, 97887
2026/07/08 12:56:51.615, 0, 0, 48704, 97887
2026/07/08 12:56:51.635, 1, 0, 48104, 97887
2026/07/08 12:56:51.655, 2, 0, 48104, 97887
2026/07/08 12:56:51.676, 3, 0, 48104, 97887
2026/07/08 12:56:51.697, 4, 0, 75548, 97887
2026/07/08 12:56:51.717, 5, 0, 75548, 97887
2026/07/08 12:56:51.737, 6, 96, 75538, 97887
2026/07/08 12:56:51.757, 7, 31, 75538, 97887
2026/07/08 12:56:52.778, 0, 0, 48704, 97887
2026/07/08 12:56:52.795, 1, 0, 48104, 97887
2026/07/08 12:56:52.812, 2, 0, 48104, 97887
2026/07/08 12:56:52.828, 3, 0, 48104, 97887
2026/07/08 12:56:52.846, 4, 0, 75548, 97887
2026/07/08 12:56:52.864, 5, 0, 75548, 97887
2026/07/08 12:56:52.884, 6, 93, 75538, 97887
2026/07/08 12:56:52.904, 7, 40, 75538, 97887
2026/07/08 12:56:53.923, 0, 0, 48704, 97887
2026/07/08 12:56:53.943, 1, 0, 48104, 97887
2026/07/08 12:56:53.962, 2, 0, 48104, 97887
2026/07/08 12:56:53.980, 3, 0, 48104, 97887
2026/07/08 12:56:53.997, 4, 0, 75548, 97887
2026/07/08 12:56:54.018, 5, 0, 75548, 97887
2026/07/08 12:56:54.035, 6, 92, 75538, 97887
2026/07/08 12:56:54.052, 7, 28, 75538, 97887
2026/07/08 12:56:55.085, 0, 0, 48704, 97887
2026/07/08 12:56:55.105, 1, 0, 48104, 97887
2026/07/08 12:56:55.126, 2, 0, 48104, 97887
2026/07/08 12:56:55.145, 3, 0, 48104, 97887
2026/07/08 12:56:55.165, 4, 0, 75548, 97887
2026/07/08 12:56:55.206, 5, 0, 75548, 97887
2026/07/08 12:56:55.222, 6, 92, 75538, 97887
2026/07/08 12:56:55.240, 7, 29, 75538, 97887
2026/07/08 12:56:56.260, 0, 0, 48704, 97887
2026/07/08 12:56:56.277, 1, 0, 48104, 97887
2026/07/08 12:56:56.295, 2, 0, 48104, 97887
2026/07/08 12:56:56.315, 3, 0, 48104, 97887
2026/07/08 12:56:56.334, 4, 0, 75548, 97887
2026/07/08 12:56:56.353, 5, 0, 75548, 97887
2026/07/08 12:56:56.374, 6, 88, 75538, 97887
2026/07/08 12:56:56.395, 7, 36, 75538, 97887
2026/07/08 12:56:57.416, 0, 0, 48704, 97887
2026/07/08 12:56:57.434, 1, 0, 48104, 97887
2026/07/08 12:56:57.451, 2, 0, 48104, 97887
2026/07/08 12:56:57.468, 3, 0, 48104, 97887
2026/07/08 12:56:57.488, 4, 0, 75548, 97887
2026/07/08 12:56:57.507, 5, 0, 75548, 97887
2026/07/08 12:56:57.527, 6, 95, 75538, 97887
2026/07/08 12:56:57.545, 7, 29, 75538, 97887
2026/07/08 12:56:58.566, 0, 0, 48704, 97887
2026/07/08 12:56:58.586, 1, 0, 48104, 97887
2026/07/08 12:56:58.607, 2, 0, 48104, 97887
2026/07/08 12:56:58.627, 3, 0, 48104, 97887
2026/07/08 12:56:58.647, 4, 0, 75548, 97887
2026/07/08 12:56:58.666, 5, 0, 75548, 97887
2026/07/08 12:56:58.685, 6, 81, 75538, 97887
2026/07/08 12:56:58.702, 7, 35, 75538, 97887
2026/07/08 12:56:59.720, 0, 0, 48704, 97887
2026/07/08 12:56:59.740, 1, 0, 48104, 97887
2026/07/08 12:56:59.760, 2, 0, 48104, 97887
2026/07/08 12:56:59.779, 3, 0, 48104, 97887
2026/07/08 12:56:59.798, 4, 0, 75548, 97887
2026/07/08 12:56:59.817, 5, 0, 75548, 97887
2026/07/08 12:56:59.836, 6, 93, 75538, 97887
2026/07/08 12:56:59.853, 7, 34, 75538, 97887
2026/07/08 12:57:00.869, 0, 0, 48704, 97887
2026/07/08 12:57:00.887, 1, 0, 48104, 97887
2026/07/08 12:57:00.909, 2, 0, 48104, 97887
2026/07/08 12:57:00.925, 3, 0, 48104, 97887
2026/07/08 12:57:00.942, 4, 0, 75548, 97887
2026/07/08 12:57:00.958, 5, 0, 75548, 97887
2026/07/08 12:57:00.973, 6, 94, 75538, 97887
2026/07/08 12:57:00.989, 7, 38, 75538, 97887
2026/07/08 12:57:02.003, 0, 0, 48704, 97887
2026/07/08 12:57:02.022, 1, 0, 48104, 97887
2026/07/08 12:57:02.042, 2, 0, 48104, 97887
2026/07/08 12:57:02.066, 3, 0, 48104, 97887
2026/07/08 12:57:02.083, 4, 0, 75548, 97887
2026/07/08 12:57:02.102, 5, 0, 75548, 97887
2026/07/08 12:57:02.121, 6, 95, 75538, 97887
2026/07/08 12:57:02.139, 7, 42, 75538, 97887
2026/07/08 12:57:03.156, 0, 0, 48704, 97887
2026/07/08 12:57:03.176, 1, 0, 48104, 97887
2026/07/08 12:57:03.195, 2, 0, 48104, 97887
2026/07/08 12:57:03.214, 3, 0, 48104, 97887
2026/07/08 12:57:03.230, 4, 0, 75548, 97887
2026/07/08 12:57:03.251, 5, 0, 75548, 97887
2026/07/08 12:57:03.267, 6, 94, 75538, 97887
2026/07/08 12:57:03.285, 7, 34, 75538, 97887
2026/07/08 12:57:04.302, 0, 0, 48704, 97887
2026/07/08 12:57:04.323, 1, 0, 48104, 97887
2026/07/08 12:57:04.340, 2, 0, 48104, 97887
2026/07/08 12:57:04.359, 3, 0, 48104, 97887
2026/07/08 12:57:04.376, 4, 0, 75548, 97887
2026/07/08 12:57:04.395, 5, 0, 75548, 97887
2026/07/08 12:57:04.412, 6, 92, 75538, 97887
2026/07/08 12:57:04.430, 7, 43, 75538, 97887
2026/07/08 12:57:05.449, 0, 0, 48704, 97887
2026/07/08 12:57:05.467, 1, 0, 48104, 97887
2026/07/08 12:57:05.484, 2, 0, 48104, 97887
2026/07/08 12:57:05.500, 3, 0, 48104, 97887
2026/07/08 12:57:05.516, 4, 0, 75548, 97887
2026/07/08 12:57:05.531, 5, 0, 75548, 97887
2026/07/08 12:57:05.547, 6, 93, 75538, 97887
2026/07/08 12:57:05.562, 7, 29, 75538, 97887
2026/07/08 12:57:06.578, 0, 0, 48704, 97887
2026/07/08 12:57:06.594, 1, 0, 48104, 97887
2026/07/08 12:57:06.612, 2, 0, 48104, 97887
2026/07/08 12:57:06.632, 3, 0, 48104, 97887
2026/07/08 12:57:06.651, 4, 0, 75548, 97887
2026/07/08 12:57:06.668, 5, 0, 75548, 97887
2026/07/08 12:57:06.686, 6, 94, 75538, 97887
2026/07/08 12:57:06.704, 7, 38, 75538, 97887
2026/07/08 12:57:07.722, 0, 0, 48704, 97887
2026/07/08 12:57:07.738, 1, 0, 48104, 97887
2026/07/08 12:57:07.753, 2, 0, 48104, 97887
2026/07/08 12:57:07.768, 3, 0, 48104, 97887
2026/07/08 12:57:07.785, 4, 0, 75548, 97887
2026/07/08 12:57:07.801, 5, 0, 75548, 97887
2026/07/08 12:57:07.818, 6, 82, 75538, 97887
2026/07/08 12:57:07.835, 7, 25, 75538, 97887
2026/07/08 12:57:08.851, 0, 0, 48704, 97887
2026/07/08 12:57:08.873, 1, 0, 48104, 97887
2026/07/08 12:57:08.892, 2, 0, 48104, 97887
2026/07/08 12:57:08.911, 3, 0, 48104, 97887
2026/07/08 12:57:08.929, 4, 0, 75548, 97887
2026/07/08 12:57:08.947, 5, 0, 75548, 97887
2026/07/08 12:57:08.969, 6, 92, 75538, 97887
2026/07/08 12:57:08.988, 7, 32, 75538, 97887
2026/07/08 12:57:10.008, 0, 0, 48704, 97887
2026/07/08 12:57:10.026, 1, 0, 48104, 97887
2026/07/08 12:57:10.044, 2, 0, 48104, 97887
2026/07/08 12:57:10.067, 3, 0, 48104, 97887
2026/07/08 12:57:10.086, 4, 0, 75548, 97887
2026/07/08 12:57:10.106, 5, 0, 75548, 97887
2026/07/08 12:57:10.125, 6, 96, 75538, 97887
2026/07/08 12:57:10.144, 7, 34, 75538, 97887
2026/07/08 12:57:11.165, 0, 0, 48704, 97887
2026/07/08 12:57:11.178, 1, 0, 48104, 97887
2026/07/08 12:57:11.193, 2, 0, 48104, 97887
2026/07/08 12:57:11.207, 3, 0, 48104, 97887
2026/07/08 12:57:11.224, 4, 0, 75548, 97887
2026/07/08 12:57:11.242, 5, 0, 75548, 97887
2026/07/08 12:57:11.260, 6, 93, 75538, 97887
2026/07/08 12:57:11.278, 7, 29, 75538, 97887
2026/07/08 12:57:12.297, 0, 0, 48704, 97887
2026/07/08 12:57:12.316, 1, 0, 48104, 97887
2026/07/08 12:57:12.336, 2, 0, 48104, 97887
2026/07/08 12:57:12.355, 3, 0, 48104, 97887
2026/07/08 12:57:12.375, 4, 0, 75548, 97887
2026/07/08 12:57:12.395, 5, 0, 75548, 97887
2026/07/08 12:57:12.414, 6, 94, 75538, 97887
2026/07/08 12:57:12.435, 7, 32, 75538, 97887
2026/07/08 12:57:13.453, 0, 0, 48704, 97887
2026/07/08 12:57:13.471, 1, 0, 48104, 97887
2026/07/08 12:57:13.489, 2, 0, 48104, 97887
2026/07/08 12:57:13.508, 3, 0, 48104, 97887
2026/07/08 12:57:13.527, 4, 0, 75548, 97887
2026/07/08 12:57:13.545, 5, 0, 75548, 97887
2026/07/08 12:57:13.563, 6, 95, 75538, 97887
2026/07/08 12:57:13.580, 7, 36, 75538, 97887
2026/07/08 12:57:14.595, 0, 0, 48704, 97887
2026/07/08 12:57:14.611, 1, 0, 48104, 97887
2026/07/08 12:57:14.627, 2, 0, 48104, 97887
2026/07/08 12:57:14.644, 3, 0, 48104, 97887
2026/07/08 12:57:14.662, 4, 0, 75548, 97887
2026/07/08 12:57:14.682, 5, 0, 75548, 97887
2026/07/08 12:57:14.701, 6, 93, 75538, 97887
2026/07/08 12:57:14.718, 7, 35, 75538, 97887
2026/07/08 12:57:15.738, 0, 0, 48704, 97887
2026/07/08 12:57:15.756, 1, 0, 48104, 97887
2026/07/08 12:57:15.774, 2, 0, 48104, 97887
2026/07/08 12:57:15.790, 3, 0, 48104, 97887
2026/07/08 12:57:15.807, 4, 0, 75548, 97887
2026/07/08 12:57:15.827, 5, 0, 75548, 97887
2026/07/08 12:57:15.845, 6, 92, 75538, 97887
2026/07/08 12:57:15.863, 7, 28, 75538, 97887
2026/07/08 12:57:16.880, 0, 0, 48704, 97887
2026/07/08 12:57:16.900, 1, 0, 48104, 97887
2026/07/08 12:57:16.923, 2, 0, 48104, 97887
2026/07/08 12:57:16.943, 3, 0, 48104, 97887
2026/07/08 12:57:16.961, 4, 0, 75548, 97887
2026/07/08 12:57:16.978, 5, 0, 75548, 97887
2026/07/08 12:57:16.997, 6, 90, 75538, 97887
2026/07/08 12:57:17.014, 7, 35, 75538, 97887
2026/07/08 12:57:18.032, 0, 0, 48704, 97887
2026/07/08 12:57:18.057, 1, 0, 48104, 97887
2026/07/08 12:57:18.075, 2, 0, 48104, 97887
2026/07/08 12:57:18.094, 3, 0, 48104, 97887
2026/07/08 12:57:18.113, 4, 0, 75548, 97887
2026/07/08 12:57:18.129, 5, 0, 75548, 97887
2026/07/08 12:57:18.146, 6, 87, 75538, 97887
2026/07/08 12:57:18.163, 7, 30, 75538, 97887
2026/07/08 12:57:19.182, 0, 0, 48704, 97887
2026/07/08 12:57:19.201, 1, 0, 48104, 97887
2026/07/08 12:57:19.221, 2, 0, 48104, 97887
2026/07/08 12:57:19.239, 3, 0, 48104, 97887
2026/07/08 12:57:19.257, 4, 0, 75548, 97887
2026/07/08 12:57:19.278, 5, 0, 75548, 97887
2026/07/08 12:57:19.298, 6, 90, 75538, 97887
2026/07/08 12:57:19.314, 7, 34, 75538, 97887
2026/07/08 12:57:20.331, 0, 0, 48704, 97887
2026/07/08 12:57:20.349, 1, 0, 48104, 97887
2026/07/08 12:57:20.363, 2, 0, 48104, 97887
2026/07/08 12:57:20.378, 3, 0, 48104, 97887
2026/07/08 12:57:20.393, 4, 0, 75548, 97887
2026/07/08 12:57:20.408, 5, 0, 75548, 97887
2026/07/08 12:57:20.422, 6, 93, 75538, 97887
2026/07/08 12:57:20.433, 7, 28, 75538, 97887
2026/07/08 12:57:21.447, 0, 0, 48704, 97887
2026/07/08 12:57:21.463, 1, 0, 48104, 97887
2026/07/08 12:57:21.479, 2, 0, 48104, 97887
2026/07/08 12:57:21.496, 3, 0, 48104, 97887
2026/07/08 12:57:21.516, 4, 0, 75548, 97887
2026/07/08 12:57:21.536, 5, 0, 75548, 97887
2026/07/08 12:57:21.553, 6, 89, 75538, 97887
2026/07/08 12:57:21.572, 7, 40, 75538, 97887
2026/07/08 12:57:22.591, 0, 0, 48704, 97887
2026/07/08 12:57:22.614, 1, 0, 48104, 97887
2026/07/08 12:57:22.633, 2, 0, 48104, 97887
2026/07/08 12:57:22.672, 3, 0, 48104, 97887
2026/07/08 12:57:22.691, 4, 0, 75548, 97887
2026/07/08 12:57:22.715, 5, 0, 75548, 97887
2026/07/08 12:57:22.738, 6, 95, 75538, 97887
2026/07/08 12:57:22.762, 7, 38, 75538, 97887
2026/07/08 12:57:23.784, 0, 0, 48704, 97887
2026/07/08 12:57:23.805, 1, 0, 48104, 97887
2026/07/08 12:57:23.823, 2, 0, 48104, 97887
2026/07/08 12:57:23.840, 3, 0, 48104, 97887
2026/07/08 12:57:23.857, 4, 0, 75548, 97887
2026/07/08 12:57:23.872, 5, 0, 75548, 97887
2026/07/08 12:57:23.890, 6, 71, 75538, 97887
2026/07/08 12:57:23.910, 7, 35, 75538, 97887
2026/07/08 12:57:24.928, 0, 0, 48704, 97887
2026/07/08 12:57:24.949, 1, 0, 48104, 97887
2026/07/08 12:57:24.969, 2, 0, 48104, 97887
2026/07/08 12:57:24.992, 3, 0, 48104, 97887
2026/07/08 12:57:25.011, 4, 0, 75548, 97887
2026/07/08 12:57:25.033, 5, 0, 75548, 97887
2026/07/08 12:57:25.053, 6, 85, 75538, 97887
2026/07/08 12:57:25.073, 7, 29, 75538, 97887
2026/07/08 12:57:26.093, 0, 0, 48704, 97887
2026/07/08 12:57:26.112, 1, 0, 48104, 97887
2026/07/08 12:57:26.131, 2, 0, 48104, 97887
2026/07/08 12:57:26.147, 3, 0, 48104, 97887
2026/07/08 12:57:26.162, 4, 0, 75548, 97887
2026/07/08 12:57:26.179, 5, 0, 75548, 97887
2026/07/08 12:57:26.194, 6, 81, 75538, 97887
2026/07/08 12:57:26.210, 7, 39, 75538, 97887
2026/07/08 12:57:27.228, 0, 0, 48704, 97887
2026/07/08 12:57:27.244, 1, 0, 48104, 97887
2026/07/08 12:57:27.258, 2, 0, 48104, 97887
2026/07/08 12:57:27.271, 3, 0, 48104, 97887
2026/07/08 12:57:27.286, 4, 0, 75548, 97887
2026/07/08 12:57:27.300, 5, 0, 75548, 97887
2026/07/08 12:57:27.311, 6, 90, 75538, 97887
2026/07/08 12:57:27.329, 7, 38, 75538, 97887
2026/07/08 12:57:28.344, 0, 0, 48704, 97887
2026/07/08 12:57:28.365, 1, 0, 48104, 97887
2026/07/08 12:57:28.385, 2, 0, 48104, 97887
2026/07/08 12:57:28.409, 3, 0, 48104, 97887
2026/07/08 12:57:28.432, 4, 0, 75548, 97887
2026/07/08 12:57:28.453, 5, 0, 75548, 97887
2026/07/08 12:57:28.471, 6, 85, 75538, 97887
2026/07/08 12:57:28.491, 7, 31, 75538, 97887
2026/07/08 12:57:29.509, 0, 0, 48704, 97887
2026/07/08 12:57:29.527, 1, 0, 48104, 97887
2026/07/08 12:57:29.545, 2, 0, 48104, 97887
2026/07/08 12:57:29.563, 3, 0, 48104, 97887
2026/07/08 12:57:29.582, 4, 0, 75548, 97887
2026/07/08 12:57:29.600, 5, 0, 75548, 97887
2026/07/08 12:57:29.618, 6, 90, 75538, 97887
2026/07/08 12:57:29.639, 7, 34, 75538, 97887
2026/07/08 12:57:30.657, 0, 0, 48704, 97887
2026/07/08 12:57:30.677, 1, 0, 48104, 97887
2026/07/08 12:57:30.697, 2, 0, 48104, 97887
2026/07/08 12:57:30.718, 3, 0, 48104, 97887
2026/07/08 12:57:30.737, 4, 0, 75548, 97887
2026/07/08 12:57:30.755, 5, 0, 75548, 97887
2026/07/08 12:57:30.773, 6, 90, 75538, 97887
2026/07/08 12:57:30.791, 7, 30, 75538, 97887
2026/07/08 12:57:31.808, 0, 0, 48704, 97887
2026/07/08 12:57:31.827, 1, 0, 48104, 97887
2026/07/08 12:57:31.844, 2, 0, 48104, 97887
2026/07/08 12:57:31.861, 3, 0, 48104, 97887
2026/07/08 12:57:31.880, 4, 0, 75548, 97887
2026/07/08 12:57:31.896, 5, 0, 75548, 97887
2026/07/08 12:57:31.914, 6, 58, 75538, 97887
2026/07/08 12:57:31.934, 7, 35, 75538, 97887
2026/07/08 12:57:32.952, 0, 0, 48704, 97887
2026/07/08 12:57:32.972, 1, 0, 48104, 97887
2026/07/08 12:57:32.988, 2, 0, 48104, 97887
2026/07/08 12:57:33.005, 3, 0, 48104, 97887
2026/07/08 12:57:33.022, 4, 0, 75548, 97887
2026/07/08 12:57:33.041, 5, 0, 75548, 97887
2026/07/08 12:57:33.066, 6, 96, 75538, 97887
2026/07/08 12:57:33.084, 7, 31, 75538, 97887
2026/07/08 12:57:34.102, 0, 0, 48704, 97887
2026/07/08 12:57:34.120, 1, 0, 48104, 97887
2026/07/08 12:57:34.137, 2, 0, 48104, 97887
2026/07/08 12:57:34.152, 3, 0, 48104, 97887
2026/07/08 12:57:34.164, 4, 0, 75548, 97887
2026/07/08 12:57:34.180, 5, 0, 75548, 97887
2026/07/08 12:57:34.195, 6, 94, 75538, 97887
2026/07/08 12:57:34.212, 7, 31, 75538, 97887
2026/07/08 12:57:35.229, 0, 0, 48704, 97887
2026/07/08 12:57:35.246, 1, 0, 48104, 97887
2026/07/08 12:57:35.261, 2, 0, 48104, 97887
2026/07/08 12:57:35.278, 3, 0, 48104, 97887
2026/07/08 12:57:35.295, 4, 0, 75548, 97887
2026/07/08 12:57:35.314, 5, 0, 75548, 97887
2026/07/08 12:57:35.333, 6, 91, 75538, 97887
2026/07/08 12:57:35.350, 7, 37, 75538, 97887
2026/07/08 12:57:36.366, 0, 0, 48704, 97887
2026/07/08 12:57:36.385, 1, 0, 48104, 97887
2026/07/08 12:57:36.402, 2, 0, 48104, 97887
2026/07/08 12:57:36.417, 3, 0, 48104, 97887
2026/07/08 12:57:36.435, 4, 0, 75548, 97887
2026/07/08 12:57:36.452, 5, 0, 75548, 97887
2026/07/08 12:57:36.470, 6, 95, 75538, 97887
2026/07/08 12:57:36.486, 7, 41, 75538, 97887
2026/07/08 12:57:37.505, 0, 0, 48704, 97887
2026/07/08 12:57:37.527, 1, 0, 48104, 97887
2026/07/08 12:57:37.545, 2, 0, 48104, 97887
2026/07/08 12:57:37.564, 3, 0, 48104, 97887
2026/07/08 12:57:37.582, 4, 0, 75548, 97887
2026/07/08 12:57:37.602, 5, 0, 75548, 97887
2026/07/08 12:57:37.620, 6, 91, 75538, 97887
2026/07/08 12:57:37.638, 7, 36, 75538, 97887
2026/07/08 12:57:38.656, 0, 0, 48704, 97887
2026/07/08 12:57:38.673, 1, 0, 48104, 97887
2026/07/08 12:57:38.691, 2, 0, 48104, 97887
2026/07/08 12:57:38.710, 3, 0, 48104, 97887
2026/07/08 12:57:38.728, 4, 0, 75548, 97887
2026/07/08 12:57:38.747, 5, 0, 75548, 97887
2026/07/08 12:57:38.765, 6, 92, 75538, 97887
2026/07/08 12:57:38.782, 7, 38, 75538, 97887
2026/07/08 12:57:39.797, 0, 0, 48704, 97887
2026/07/08 12:57:39.814, 1, 0, 48104, 97887
2026/07/08 12:57:39.830, 2, 0, 48104, 97887
2026/07/08 12:57:39.846, 3, 0, 48104, 97887
2026/07/08 12:57:39.862, 4, 0, 75548, 97887
2026/07/08 12:57:39.878, 5, 0, 75548, 97887
2026/07/08 12:57:39.897, 6, 78, 75538, 97887
2026/07/08 12:57:39.916, 7, 30, 75538, 97887
2026/07/08 12:57:40.934, 0, 0, 48704, 97887
2026/07/08 12:57:40.951, 1, 0, 48104, 97887
2026/07/08 12:57:40.968, 2, 0, 48104, 97887
2026/07/08 12:57:40.986, 3, 0, 48104, 97887
2026/07/08 12:57:41.004, 4, 0, 75548, 97887
2026/07/08 12:57:41.020, 5, 0, 75548, 97887
2026/07/08 12:57:41.037, 6, 94, 75538, 97887
2026/07/08 12:57:41.055, 7, 28, 75538, 97887
2026/07/08 12:57:42.070, 0, 0, 48704, 97887
2026/07/08 12:57:42.089, 1, 0, 48104, 97887
2026/07/08 12:57:42.102, 2, 0, 48104, 97887
2026/07/08 12:57:42.115, 3, 0, 48104, 97887
2026/07/08 12:57:42.128, 4, 0, 75548, 97887
2026/07/08 12:57:42.143, 5, 0, 75548, 97887
2026/07/08 12:57:42.158, 6, 97, 75538, 97887
2026/07/08 12:57:42.170, 7, 38, 75538, 97887
2026/07/08 12:57:43.185, 0, 0, 48704, 97887
2026/07/08 12:57:43.203, 1, 0, 48104, 97887
2026/07/08 12:57:43.222, 2, 0, 48104, 97887
2026/07/08 12:57:43.240, 3, 0, 48104, 97887
2026/07/08 12:57:43.258, 4, 0, 75548, 97887
2026/07/08 12:57:43.279, 5, 0, 75548, 97887
2026/07/08 12:57:43.297, 6, 87, 75538, 97887
2026/07/08 12:57:43.314, 7, 32, 75538, 97887
2026/07/08 12:57:44.330, 0, 0, 48704, 97887
2026/07/08 12:57:44.349, 1, 0, 48104, 97887
2026/07/08 12:57:44.368, 2, 0, 48104, 97887
2026/07/08 12:57:44.387, 3, 0, 48104, 97887
2026/07/08 12:57:44.404, 4, 0, 75548, 97887
2026/07/08 12:57:44.419, 5, 0, 75548, 97887
2026/07/08 12:57:44.438, 6, 68, 75538, 97887
2026/07/08 12:57:44.456, 7, 25, 75538, 97887
2026/07/08 12:57:45.474, 0, 0, 48704, 97887
2026/07/08 12:57:45.489, 1, 0, 48104, 97887
2026/07/08 12:57:45.508, 2, 0, 48104, 97887
2026/07/08 12:57:45.527, 3, 0, 48104, 97887
2026/07/08 12:57:45.548, 4, 0, 75548, 97887
2026/07/08 12:57:45.566, 5, 0, 75548, 97887
2026/07/08 12:57:45.584, 6, 81, 75538, 97887
2026/07/08 12:57:45.601, 7, 25, 75538, 97887
2026/07/08 12:57:46.623, 0, 0, 48704, 97887
2026/07/08 12:57:46.642, 1, 0, 48104, 97887
2026/07/08 12:57:46.663, 2, 0, 48104, 97887
2026/07/08 12:57:46.683, 3, 0, 48104, 97887
2026/07/08 12:57:46.702, 4, 0, 75548, 97887
2026/07/08 12:57:46.720, 5, 0, 75548, 97887
2026/07/08 12:57:46.736, 6, 91, 75538, 97887
2026/07/08 12:57:46.754, 7, 28, 75538, 97887
2026/07/08 12:57:47.771, 0, 0, 48704, 97887
2026/07/08 12:57:47.790, 1, 0, 48104, 97887
2026/07/08 12:57:47.809, 2, 0, 48104, 97887
2026/07/08 12:57:47.826, 3, 0, 48104, 97887
2026/07/08 12:57:47.844, 4, 0, 75548, 97887
2026/07/08 12:57:47.861, 5, 0, 75548, 97887
2026/07/08 12:57:47.880, 6, 89, 75538, 97887
2026/07/08 12:57:47.896, 7, 27, 75538, 97887
2026/07/08 12:57:48.913, 0, 0, 48704, 97887
2026/07/08 12:57:48.933, 1, 0, 48104, 97887
2026/07/08 12:57:48.952, 2, 0, 48104, 97887
2026/07/08 12:57:48.971, 3, 0, 48104, 97887
2026/07/08 12:57:48.990, 4, 0, 75548, 97887
2026/07/08 12:57:49.011, 5, 0, 75548, 97887
2026/07/08 12:57:49.029, 6, 92, 75538, 97887
2026/07/08 12:57:49.048, 7, 29, 75538, 97887
2026/07/08 12:57:50.063, 0, 0, 48704, 97887
2026/07/08 12:57:50.084, 1, 0, 48104, 97887
2026/07/08 12:57:50.104, 2, 0, 48104, 97887
2026/07/08 12:57:50.133, 3, 0, 48104, 97887
2026/07/08 12:57:50.162, 4, 0, 75548, 97887
2026/07/08 12:57:50.185, 5, 0, 75548, 97887
2026/07/08 12:57:50.211, 6, 88, 75538, 97887
2026/07/08 12:57:50.234, 7, 34, 75538, 97887
2026/07/08 12:57:51.259, 0, 0, 48704, 97887
2026/07/08 12:57:51.278, 1, 0, 48104, 97887
2026/07/08 12:57:51.297, 2, 0, 48104, 97887
2026/07/08 12:57:51.316, 3, 0, 48104, 97887
2026/07/08 12:57:51.334, 4, 0, 75548, 97887
2026/07/08 12:57:51.351, 5, 0, 75548, 97887
2026/07/08 12:57:51.370, 6, 94, 75538, 97887
2026/07/08 12:57:51.387, 7, 35, 75538, 97887
2026/07/08 12:57:52.408, 0, 0, 48704, 97887
2026/07/08 12:57:52.427, 1, 0, 48104, 97887
2026/07/08 12:57:52.447, 2, 0, 48104, 97887
2026/07/08 12:57:52.463, 3, 0, 48104, 97887
2026/07/08 12:57:52.481, 4, 0, 75548, 97887
2026/07/08 12:57:52.499, 5, 0, 75548, 97887
2026/07/08 12:57:52.515, 6, 94, 75538, 97887
2026/07/08 12:57:52.531, 7, 36, 75538, 97887
2026/07/08 12:57:53.548, 0, 0, 48704, 97887
2026/07/08 12:57:53.564, 1, 0, 48104, 97887
2026/07/08 12:57:53.582, 2, 0, 48104, 97887
2026/07/08 12:57:53.596, 3, 0, 48104, 97887
2026/07/08 12:57:53.613, 4, 0, 75548, 97887
2026/07/08 12:57:53.630, 5, 0, 75548, 97887
2026/07/08 12:57:53.646, 6, 94, 75538, 97887
2026/07/08 12:57:53.663, 7, 30, 75538, 97887
2026/07/08 12:57:54.680, 0, 0, 48704, 97887
2026/07/08 12:57:54.699, 1, 0, 48104, 97887
2026/07/08 12:57:54.717, 2, 0, 48104, 97887
2026/07/08 12:57:54.734, 3, 0, 48104, 97887
2026/07/08 12:57:54.753, 4, 0, 75548, 97887
2026/07/08 12:57:54.772, 5, 0, 75548, 97887
2026/07/08 12:57:54.791, 6, 87, 75538, 97887
2026/07/08 12:57:54.809, 7, 30, 75538, 97887
2026/07/08 12:57:55.827, 0, 0, 48704, 97887
2026/07/08 12:57:55.845, 1, 0, 48104, 97887
2026/07/08 12:57:55.862, 2, 0, 48104, 97887
2026/07/08 12:57:55.887, 3, 0, 48104, 97887
2026/07/08 12:57:55.913, 4, 0, 75548, 97887
2026/07/08 12:57:55.938, 5, 0, 75548, 97887
2026/07/08 12:57:55.960, 6, 51, 75538, 97887
2026/07/08 12:57:55.977, 7, 94, 75538, 97887
2026/07/08 12:57:56.995, 0, 0, 48704, 97887
2026/07/08 12:57:57.013, 1, 0, 48104, 97887
2026/07/08 12:57:57.033, 2, 0, 48104, 97887
2026/07/08 12:57:57.053, 3, 0, 48104, 97887
2026/07/08 12:57:57.070, 4, 0, 75548, 97887
2026/07/08 12:57:57.088, 5, 0, 75548, 97887
2026/07/08 12:57:57.102, 6, 96, 75538, 97887
2026/07/08 12:57:57.117, 7, 36, 75538, 97887
2026/07/08 12:57:58.130, 0, 0, 48704, 97887
2026/07/08 12:57:58.151, 1, 0, 48104, 97887
2026/07/08 12:57:58.170, 2, 0, 48104, 97887
2026/07/08 12:57:58.189, 3, 0, 48104, 97887
2026/07/08 12:57:58.209, 4, 0, 75548, 97887
2026/07/08 12:57:58.229, 5, 0, 75548, 97887
2026/07/08 12:57:58.246, 6, 92, 75538, 97887
2026/07/08 12:57:58.265, 7, 33, 75538, 97887
2026/07/08 12:57:59.283, 0, 0, 48704, 97887
2026/07/08 12:57:59.300, 1, 0, 48104, 97887
2026/07/08 12:57:59.316, 2, 0, 48104, 97887
2026/07/08 12:57:59.331, 3, 0, 48104, 97887
2026/07/08 12:57:59.347, 4, 0, 75548, 97887
2026/07/08 12:57:59.362, 5, 0, 75548, 97887
2026/07/08 12:57:59.380, 6, 91, 75538, 97887
2026/07/08 12:57:59.396, 7, 39, 75538, 97887
2026/07/08 12:58:00.415, 0, 0, 48704, 97887
2026/07/08 12:58:00.446, 1, 0, 48104, 97887
2026/07/08 12:58:00.465, 2, 0, 48104, 97887
2026/07/08 12:58:00.481, 3, 0, 48104, 97887
2026/07/08 12:58:00.499, 4, 0, 75548, 97887
2026/07/08 12:58:00.518, 5, 0, 75548, 97887
2026/07/08 12:58:00.536, 6, 93, 75538, 97887
2026/07/08 12:58:00.556, 7, 35, 75538, 97887
2026/07/08 12:58:01.572, 0, 0, 48704, 97887
2026/07/08 12:58:01.591, 1, 0, 48104, 97887
2026/07/08 12:58:01.610, 2, 0, 48104, 97887
2026/07/08 12:58:01.627, 3, 0, 48104, 97887
2026/07/08 12:58:01.641, 4, 0, 75548, 97887
2026/07/08 12:58:01.658, 5, 0, 75548, 97887
2026/07/08 12:58:01.675, 6, 91, 75538, 97887
2026/07/08 12:58:01.692, 7, 52, 75538, 97887
2026/07/08 12:58:02.710, 0, 0, 48704, 97887
2026/07/08 12:58:02.729, 1, 0, 48104, 97887
2026/07/08 12:58:02.747, 2, 0, 48104, 97887
2026/07/08 12:58:02.761, 3, 0, 48104, 97887
2026/07/08 12:58:02.773, 4, 0, 75548, 97887
2026/07/08 12:58:02.786, 5, 0, 75548, 97887
2026/07/08 12:58:02.800, 6, 91, 75538, 97887
2026/07/08 12:58:02.816, 7, 40, 75538, 97887
2026/07/08 12:58:03.828, 0, 0, 48704, 97887
2026/07/08 12:58:03.844, 1, 0, 48104, 97887
2026/07/08 12:58:03.862, 2, 0, 48104, 97887
2026/07/08 12:58:03.880, 3, 0, 48104, 97887
2026/07/08 12:58:03.897, 4, 0, 75548, 97887
2026/07/08 12:58:03.913, 5, 0, 75548, 97887
2026/07/08 12:58:03.929, 6, 72, 75538, 97887
2026/07/08 12:58:03.947, 7, 37, 75538, 97887
2026/07/08 12:58:04.964, 0, 0, 48704, 97887
2026/07/08 12:58:04.983, 1, 0, 48104, 97887
2026/07/08 12:58:05.001, 2, 0, 48104, 97887
2026/07/08 12:58:05.018, 3, 0, 48104, 97887
2026/07/08 12:58:05.035, 4, 0, 75548, 97887
2026/07/08 12:58:05.051, 5, 0, 75548, 97887
2026/07/08 12:58:05.070, 6, 92, 75538, 97887
2026/07/08 12:58:05.089, 7, 67, 75538, 97887
2026/07/08 12:58:06.109, 0, 0, 48704, 97887
2026/07/08 12:58:06.128, 1, 0, 48104, 97887
2026/07/08 12:58:06.147, 2, 0, 48104, 97887
2026/07/08 12:58:06.165, 3, 0, 48104, 97887
2026/07/08 12:58:06.182, 4, 0, 75548, 97887
2026/07/08 12:58:06.201, 5, 0, 75548, 97887
2026/07/08 12:58:06.221, 6, 69, 75538, 97887
2026/07/08 12:58:06.239, 7, 35, 75538, 97887
2026/07/08 12:58:07.258, 0, 0, 48704, 97887
2026/07/08 12:58:07.279, 1, 0, 48104, 97887
2026/07/08 12:58:07.299, 2, 0, 48104, 97887
2026/07/08 12:58:07.318, 3, 0, 48104, 97887
2026/07/08 12:58:07.339, 4, 0, 75548, 97887
2026/07/08 12:58:07.359, 5, 0, 75548, 97887
2026/07/08 12:58:07.378, 6, 92, 75538, 97887
2026/07/08 12:58:07.394, 7, 37, 75538, 97887
2026/07/08 12:58:08.410, 0, 0, 48704, 97887
2026/07/08 12:58:08.428, 1, 0, 48104, 97887
2026/07/08 12:58:08.449, 2, 0, 48104, 97887
2026/07/08 12:58:08.467, 3, 0, 48104, 97887
2026/07/08 12:58:08.482, 4, 0, 75548, 97887
2026/07/08 12:58:08.498, 5, 0, 75548, 97887
2026/07/08 12:58:08.514, 6, 91, 75538, 97887
2026/07/08 12:58:08.532, 7, 31, 75538, 97887
2026/07/08 12:58:09.547, 0, 0, 48704, 97887
2026/07/08 12:58:09.569, 1, 0, 48104, 97887
2026/07/08 12:58:09.590, 2, 0, 48104, 97887
2026/07/08 12:58:09.608, 3, 0, 48104, 97887
2026/07/08 12:58:09.625, 4, 0, 75548, 97887
2026/07/08 12:58:09.641, 5, 0, 75548, 97887
2026/07/08 12:58:09.656, 6, 67, 75538, 97887
2026/07/08 12:58:09.671, 7, 42, 75538, 97887
2026/07/08 12:58:10.687, 0, 0, 48704, 97887
2026/07/08 12:58:10.706, 1, 0, 48104, 97887
2026/07/08 12:58:10.721, 2, 0, 48104, 97887
2026/07/08 12:58:10.736, 3, 0, 48104, 97887
2026/07/08 12:58:10.754, 4, 0, 75548, 97887
2026/07/08 12:58:10.771, 5, 0, 75548, 97887
2026/07/08 12:58:10.788, 6, 62, 75538, 97887
2026/07/08 12:58:10.804, 7, 39, 75538, 97887
2026/07/08 12:58:11.823, 0, 0, 48704, 97887
2026/07/08 12:58:11.841, 1, 0, 48104, 97887
2026/07/08 12:58:11.859, 2, 0, 48104, 97887
2026/07/08 12:58:11.876, 3, 0, 48104, 97887
2026/07/08 12:58:11.894, 4, 0, 75548, 97887
2026/07/08 12:58:11.913, 5, 0, 75548, 97887
2026/07/08 12:58:11.932, 6, 87, 75538, 97887
2026/07/08 12:58:11.951, 7, 31, 75538, 97887
2026/07/08 12:58:12.970, 0, 0, 48704, 97887
2026/07/08 12:58:12.992, 1, 0, 48104, 97887
2026/07/08 12:58:13.012, 2, 0, 48104, 97887
2026/07/08 12:58:13.028, 3, 0, 48104, 97887
2026/07/08 12:58:13.045, 4, 0, 75548, 97887
2026/07/08 12:58:13.061, 5, 0, 75548, 97887
2026/07/08 12:58:13.078, 6, 39, 75538, 97887
2026/07/08 12:58:13.097, 7, 33, 75538, 97887
2026/07/08 12:58:14.114, 0, 0, 48704, 97887
2026/07/08 12:58:14.130, 1, 0, 48104, 97887
2026/07/08 12:58:14.140, 2, 0, 48104, 97887
2026/07/08 12:58:14.151, 3, 0, 48104, 97887
2026/07/08 12:58:14.163, 4, 0, 75548, 97887
2026/07/08 12:58:14.175, 5, 0, 75548, 97887
2026/07/08 12:58:14.192, 6, 94, 75538, 97887
2026/07/08 12:58:14.206, 7, 35, 75538, 97887
2026/07/08 12:58:15.219, 0, 0, 48704, 97887
2026/07/08 12:58:15.236, 1, 0, 48104, 97887
2026/07/08 12:58:15.251, 2, 0, 48104, 97887
2026/07/08 12:58:15.268, 3, 0, 48104, 97887
2026/07/08 12:58:15.284, 4, 0, 75548, 97887
2026/07/08 12:58:15.302, 5, 0, 75548, 97887
2026/07/08 12:58:15.317, 6, 78, 75538, 97887
2026/07/08 12:58:15.333, 7, 31, 75538, 97887
2026/07/08 12:58:16.349, 0, 0, 48704, 97887
2026/07/08 12:58:16.368, 1, 0, 48104, 97887
2026/07/08 12:58:16.385, 2, 0, 48104, 97887
2026/07/08 12:58:16.398, 3, 0, 48104, 97887
2026/07/08 12:58:16.411, 4, 0, 75548, 97887
2026/07/08 12:58:16.425, 5, 0, 75548, 97887
2026/07/08 12:58:16.441, 6, 87, 75538, 97887
2026/07/08 12:58:16.455, 7, 38, 75538, 97887
2026/07/08 12:58:17.469, 0, 0, 48704, 97887
2026/07/08 12:58:17.484, 1, 0, 48104, 97887
2026/07/08 12:58:17.498, 2, 0, 48104, 97887
2026/07/08 12:58:17.510, 3, 0, 48104, 97887
2026/07/08 12:58:17.522, 4, 0, 75548, 97887
2026/07/08 12:58:17.537, 5, 0, 75548, 97887
2026/07/08 12:58:17.550, 6, 81, 75538, 97887
2026/07/08 12:58:17.567, 7, 38, 75538, 97887
2026/07/08 12:58:18.583, 0, 0, 48704, 97887
2026/07/08 12:58:18.601, 1, 0, 48104, 97887
2026/07/08 12:58:18.617, 2, 0, 48104, 97887
2026/07/08 12:58:18.634, 3, 0, 48104, 97887
2026/07/08 12:58:18.650, 4, 0, 75548, 97887
2026/07/08 12:58:18.666, 5, 0, 75548, 97887
2026/07/08 12:58:18.684, 6, 70, 75538, 97887
2026/07/08 12:58:18.701, 7, 40, 75538, 97887
2026/07/08 12:58:19.718, 0, 0, 48704, 97887
2026/07/08 12:58:19.735, 1, 0, 48104, 97887
2026/07/08 12:58:19.751, 2, 0, 48104, 97887
2026/07/08 12:58:19.766, 3, 0, 48104, 97887
2026/07/08 12:58:19.782, 4, 0, 75548, 97887
2026/07/08 12:58:19.797, 5, 0, 75548, 97887
2026/07/08 12:58:19.812, 6, 29, 75538, 97887
2026/07/08 12:58:19.826, 7, 17, 75538, 97887
2026/07/08 12:58:20.841, 0, 0, 48704, 97887
2026/07/08 12:58:20.859, 1, 0, 48104, 97887
2026/07/08 12:58:20.877, 2, 0, 48104, 97887
2026/07/08 12:58:20.891, 3, 0, 48104, 97887
2026/07/08 12:58:20.907, 4, 0, 75548, 97887
2026/07/08 12:58:20.924, 5, 0, 75548, 97887
2026/07/08 12:58:20.942, 6, 83, 75538, 97887
2026/07/08 12:58:20.959, 7, 32, 75538, 97887
2026/07/08 12:58:21.978, 0, 0, 48704, 97887
2026/07/08 12:58:21.996, 1, 0, 48104, 97887
2026/07/08 12:58:22.013, 2, 0, 48104, 97887
2026/07/08 12:58:22.031, 3, 0, 48104, 97887
2026/07/08 12:58:22.049, 4, 0, 75548, 97887
2026/07/08 12:58:22.068, 5, 0, 75548, 97887
2026/07/08 12:58:22.086, 6, 90, 75538, 97887
2026/07/08 12:58:22.102, 7, 36, 75538, 97887
2026/07/08 12:58:23.120, 0, 0, 48704, 97887
2026/07/08 12:58:23.146, 1, 0, 48104, 97887
2026/07/08 12:58:23.165, 2, 0, 48104, 97887
2026/07/08 12:58:23.191, 3, 0, 48104, 97887
2026/07/08 12:58:23.210, 4, 0, 75548, 97887
2026/07/08 12:58:23.232, 5, 0, 75548, 97887
2026/07/08 12:58:23.249, 6, 66, 75538, 97887
2026/07/08 12:58:23.267, 7, 36, 75538, 97887
2026/07/08 12:58:24.291, 0, 0, 48704, 97887
2026/07/08 12:58:24.309, 1, 0, 48104, 97887
2026/07/08 12:58:24.327, 2, 0, 48104, 97887
2026/07/08 12:58:24.343, 3, 0, 48104, 97887
2026/07/08 12:58:24.359, 4, 0, 75548, 97887
2026/07/08 12:58:24.371, 5, 0, 75548, 97887
2026/07/08 12:58:24.386, 6, 71, 75538, 97887
2026/07/08 12:58:24.404, 7, 31, 75538, 97887
2026/07/08 12:58:25.423, 0, 0, 48704, 97887
2026/07/08 12:58:25.438, 1, 0, 48104, 97887
2026/07/08 12:58:25.451, 2, 0, 48104, 97887
2026/07/08 12:58:25.461, 3, 0, 48104, 97887
2026/07/08 12:58:25.472, 4, 0, 75548, 97887
2026/07/08 12:58:25.486, 5, 0, 75548, 97887
2026/07/08 12:58:25.502, 6, 75, 75538, 97887
2026/07/08 12:58:25.514, 7, 35, 75538, 97887
2026/07/08 12:58:26.527, 0, 0, 48704, 97887
2026/07/08 12:58:26.543, 1, 0, 48104, 97887
2026/07/08 12:58:26.561, 2, 0, 48104, 97887
2026/07/08 12:58:26.580, 3, 0, 48104, 97887
2026/07/08 12:58:26.597, 4, 0, 75548, 97887
2026/07/08 12:58:26.613, 5, 0, 75548, 97887
2026/07/08 12:58:26.628, 6, 93, 75538, 97887
2026/07/08 12:58:26.644, 7, 46, 75538, 97887
2026/07/08 12:58:27.663, 0, 0, 48704, 97887
2026/07/08 12:58:27.679, 1, 0, 48104, 97887
2026/07/08 12:58:27.692, 2, 0, 48104, 97887
2026/07/08 12:58:27.707, 3, 0, 48104, 97887
2026/07/08 12:58:27.719, 4, 0, 75548, 97887
2026/07/08 12:58:27.735, 5, 0, 75548, 97887
2026/07/08 12:58:27.747, 6, 96, 75538, 97887
2026/07/08 12:58:27.759, 7, 47, 75538, 97887
2026/07/08 12:58:28.775, 0, 0, 48704, 97887
2026/07/08 12:58:28.805, 1, 0, 48104, 97887
2026/07/08 12:58:28.826, 2, 0, 48104, 97887
2026/07/08 12:58:28.845, 3, 0, 48104, 97887
2026/07/08 12:58:28.861, 4, 0, 75548, 97887
2026/07/08 12:58:28.878, 5, 0, 75548, 97887
2026/07/08 12:58:28.895, 6, 74, 75538, 97887
2026/07/08 12:58:28.913, 7, 39, 75538, 97887
2026/07/08 12:58:29.933, 0, 0, 48704, 97887
2026/07/08 12:58:29.949, 1, 0, 48104, 97887
2026/07/08 12:58:29.966, 2, 0, 48104, 97887
2026/07/08 12:58:29.985, 3, 0, 48104, 97887
2026/07/08 12:58:29.999, 4, 0, 75548, 97887
2026/07/08 12:58:30.016, 5, 0, 75548, 97887
2026/07/08 12:58:30.034, 6, 94, 75538, 97887
2026/07/08 12:58:30.053, 7, 35, 75538, 97887
2026/07/08 12:58:31.072, 0, 0, 48704, 97887
2026/07/08 12:58:31.092, 1, 0, 48104, 97887
2026/07/08 12:58:31.112, 2, 0, 48104, 97887
2026/07/08 12:58:31.130, 3, 0, 48104, 97887
2026/07/08 12:58:31.148, 4, 0, 75548, 97887
2026/07/08 12:58:31.167, 5, 0, 75548, 97887
2026/07/08 12:58:31.179, 6, 68, 75538, 97887
2026/07/08 12:58:31.195, 7, 42, 75538, 97887
2026/07/08 12:58:32.207, 0, 0, 48704, 97887
2026/07/08 12:58:32.228, 1, 0, 48104, 97887
2026/07/08 12:58:32.249, 2, 0, 48104, 97887
2026/07/08 12:58:32.269, 3, 0, 48104, 97887
2026/07/08 12:58:32.288, 4, 0, 75548, 97887
2026/07/08 12:58:32.307, 5, 0, 75548, 97887
2026/07/08 12:58:32.327, 6, 75, 75538, 97887
2026/07/08 12:58:32.347, 7, 30, 75538, 97887
2026/07/08 12:58:33.366, 0, 0, 48704, 97887
2026/07/08 12:58:33.382, 1, 0, 48104, 97887
2026/07/08 12:58:33.397, 2, 0, 48104, 97887
2026/07/08 12:58:33.410, 3, 0, 48104, 97887
2026/07/08 12:58:33.428, 4, 0, 75548, 97887
2026/07/08 12:58:33.447, 5, 0, 75548, 97887
2026/07/08 12:58:33.465, 6, 85, 75538, 97887
2026/07/08 12:58:33.482, 7, 34, 75538, 97887
2026/07/08 12:58:34.499, 0, 0, 48704, 97887
2026/07/08 12:58:34.517, 1, 0, 48104, 97887
2026/07/08 12:58:34.535, 2, 0, 48104, 97887
2026/07/08 12:58:34.559, 3, 0, 48104, 97887
2026/07/08 12:58:34.572, 4, 0, 75548, 97887
2026/07/08 12:58:34.583, 5, 0, 75548, 97887
2026/07/08 12:58:34.596, 6, 88, 75538, 97887
2026/07/08 12:58:34.609, 7, 30, 75538, 97887
2026/07/08 12:58:35.621, 0, 0, 48704, 97887
2026/07/08 12:58:35.639, 1, 0, 48104, 97887
2026/07/08 12:58:35.657, 2, 0, 48104, 97887
2026/07/08 12:58:35.672, 3, 0, 48104, 97887
2026/07/08 12:58:35.690, 4, 0, 75548, 97887
2026/07/08 12:58:35.707, 5, 0, 75548, 97887
2026/07/08 12:58:35.723, 6, 87, 75538, 97887
2026/07/08 12:58:35.741, 7, 38, 75538, 97887
2026/07/08 12:58:36.757, 0, 0, 48704, 97887
2026/07/08 12:58:36.777, 1, 0, 48104, 97887
2026/07/08 12:58:36.794, 2, 0, 48104, 97887
2026/07/08 12:58:36.812, 3, 0, 48104, 97887
2026/07/08 12:58:36.827, 4, 0, 75548, 97887
2026/07/08 12:58:36.844, 5, 0, 75548, 97887
2026/07/08 12:58:36.863, 6, 92, 75538, 97887
2026/07/08 12:58:36.878, 7, 36, 75538, 97887
2026/07/08 12:58:37.896, 0, 0, 48704, 97887
2026/07/08 12:58:37.917, 1, 0, 48104, 97887
2026/07/08 12:58:37.935, 2, 0, 48104, 97887
2026/07/08 12:58:37.954, 3, 0, 48104, 97887
2026/07/08 12:58:37.973, 4, 0, 75548, 97887
2026/07/08 12:58:37.988, 5, 0, 75548, 97887
2026/07/08 12:58:38.006, 6, 61, 75538, 97887
2026/07/08 12:58:38.024, 7, 30, 75538, 97887
2026/07/08 12:58:39.044, 0, 0, 48704, 97887
2026/07/08 12:58:39.065, 1, 0, 48104, 97887
2026/07/08 12:58:39.084, 2, 0, 48104, 97887
2026/07/08 12:58:39.105, 3, 0, 48104, 97887
2026/07/08 12:58:39.124, 4, 0, 75548, 97887
2026/07/08 12:58:39.142, 5, 0, 75548, 97887
2026/07/08 12:58:39.159, 6, 75, 75538, 97887
2026/07/08 12:58:39.177, 7, 30, 75538, 97887
2026/07/08 12:58:40.196, 0, 0, 48704, 97887
2026/07/08 12:58:40.214, 1, 0, 48104, 97887
2026/07/08 12:58:40.233, 2, 0, 48104, 97887
2026/07/08 12:58:40.249, 3, 0, 48104, 97887
2026/07/08 12:58:40.267, 4, 0, 75548, 97887
2026/07/08 12:58:40.286, 5, 0, 75548, 97887
2026/07/08 12:58:40.306, 6, 47, 75538, 97887
2026/07/08 12:58:40.325, 7, 41, 75538, 97887
2026/07/08 12:58:41.341, 0, 0, 48704, 97887
2026/07/08 12:58:41.360, 1, 0, 48104, 97887
2026/07/08 12:58:41.380, 2, 0, 48104, 97887
2026/07/08 12:58:41.399, 3, 0, 48104, 97887
2026/07/08 12:58:41.418, 4, 0, 75548, 97887
2026/07/08 12:58:41.436, 5, 0, 75548, 97887
2026/07/08 12:58:41.453, 6, 59, 75538, 97887
2026/07/08 12:58:41.473, 7, 49, 75538, 97887
2026/07/08 12:58:42.492, 0, 0, 48704, 97887
2026/07/08 12:58:42.512, 1, 0, 48104, 97887
2026/07/08 12:58:42.527, 2, 0, 48104, 97887
2026/07/08 12:58:42.535, 3, 0, 48104, 97887
2026/07/08 12:58:42.548, 4, 0, 75548, 97887
2026/07/08 12:58:42.558, 5, 0, 75548, 97887
2026/07/08 12:58:42.565, 6, 50, 75538, 97887
2026/07/08 12:58:42.574, 7, 67, 75538, 97887
2026/07/08 12:58:43.584, 0, 0, 48704, 97887
2026/07/08 12:58:43.601, 1, 0, 48104, 97887
2026/07/08 12:58:43.617, 2, 0, 48104, 97887
2026/07/08 12:58:43.631, 3, 0, 48104, 97887
2026/07/08 12:58:43.647, 4, 0, 75548, 97887
2026/07/08 12:58:43.666, 5, 0, 75548, 97887
2026/07/08 12:58:43.682, 6, 37, 75538, 97887
2026/07/08 12:58:43.700, 7, 77, 75538, 97887
2026/07/08 12:58:44.716, 0, 0, 48704, 97887
2026/07/08 12:58:44.736, 1, 0, 48104, 97887
2026/07/08 12:58:44.757, 2, 0, 48104, 97887
2026/07/08 12:58:44.775, 3, 0, 48104, 97887
2026/07/08 12:58:44.794, 4, 0, 75548, 97887
2026/07/08 12:58:44.810, 5, 0, 75548, 97887
2026/07/08 12:58:44.826, 6, 27, 75538, 97887
2026/07/08 12:58:44.843, 7, 77, 75538, 97887
2026/07/08 12:58:45.861, 0, 0, 48704, 97887
2026/07/08 12:58:45.877, 1, 0, 48104, 97887
2026/07/08 12:58:45.897, 2, 0, 48104, 97887
2026/07/08 12:58:45.913, 3, 0, 48104, 97887
2026/07/08 12:58:45.931, 4, 0, 75548, 97887
2026/07/08 12:58:45.949, 5, 0, 75548, 97887
2026/07/08 12:58:45.968, 6, 49, 75538, 97887
2026/07/08 12:58:45.987, 7, 30, 75538, 97887
2026/07/08 12:58:47.006, 0, 0, 48704, 97887
2026/07/08 12:58:47.022, 1, 0, 48104, 97887
2026/07/08 12:58:47.040, 2, 0, 48104, 97887
2026/07/08 12:58:47.060, 3, 0, 48104, 97887
2026/07/08 12:58:47.077, 4, 0, 75548, 97887
2026/07/08 12:58:47.093, 5, 0, 75548, 97887
2026/07/08 12:58:47.111, 6, 42, 75538, 97887
2026/07/08 12:58:47.133, 7, 58, 75538, 97887
2026/07/08 12:58:48.148, 0, 0, 48704, 97887
2026/07/08 12:58:48.166, 1, 0, 48104, 97887
2026/07/08 12:58:48.185, 2, 0, 48104, 97887
2026/07/08 12:58:48.203, 3, 0, 48104, 97887
2026/07/08 12:58:48.221, 4, 0, 75548, 97887
2026/07/08 12:58:48.237, 5, 0, 75548, 97887
2026/07/08 12:58:48.253, 6, 80, 75538, 97887
2026/07/08 12:58:48.269, 7, 57, 75538, 97887
2026/07/08 12:58:49.288, 0, 0, 48704, 97887
2026/07/08 12:58:49.309, 1, 0, 48104, 97887
2026/07/08 12:58:49.328, 2, 0, 48104, 97887
2026/07/08 12:58:49.347, 3, 0, 48104, 97887
2026/07/08 12:58:49.366, 4, 0, 75548, 97887
2026/07/08 12:58:49.383, 5, 0, 75548, 97887
2026/07/08 12:58:49.403, 6, 47, 75538, 97887
2026/07/08 12:58:49.423, 7, 60, 75538, 97887
2026/07/08 12:58:50.444, 0, 0, 48704, 97887
2026/07/08 12:58:50.478, 1, 0, 48104, 97887
2026/07/08 12:58:50.498, 2, 0, 48104, 97887
2026/07/08 12:58:50.536, 3, 0, 48104, 97887
2026/07/08 12:58:50.563, 4, 0, 75548, 97887
2026/07/08 12:58:50.590, 5, 0, 75548, 97887
2026/07/08 12:58:50.610, 6, 38, 75538, 97887
2026/07/08 12:58:50.637, 7, 70, 75538, 97887
2026/07/08 12:58:51.662, 0, 0, 48704, 97887
2026/07/08 12:58:51.679, 1, 0, 48104, 97887
2026/07/08 12:58:51.696, 2, 0, 48104, 97887
2026/07/08 12:58:51.714, 3, 0, 48104, 97887
2026/07/08 12:58:51.731, 4, 0, 75548, 97887
2026/07/08 12:58:51.748, 5, 0, 75548, 97887
2026/07/08 12:58:51.766, 6, 30, 75538, 97887
2026/07/08 12:58:51.783, 7, 89, 75538, 97887
2026/07/08 12:58:52.799, 0, 0, 48704, 97887
2026/07/08 12:58:52.821, 1, 0, 48104, 97887
2026/07/08 12:58:52.839, 2, 0, 48104, 97887
2026/07/08 12:58:52.856, 3, 0, 48104, 97887
2026/07/08 12:58:52.874, 4, 0, 75548, 97887
2026/07/08 12:58:52.893, 5, 0, 75548, 97887
2026/07/08 12:58:52.911, 6, 31, 75538, 97887
2026/07/08 12:58:52.930, 7, 75, 75538, 97887
2026/07/08 12:58:53.950, 0, 0, 48704, 97887
2026/07/08 12:58:53.968, 1, 0, 48104, 97887
2026/07/08 12:58:53.987, 2, 0, 48104, 97887
2026/07/08 12:58:54.007, 3, 0, 48104, 97887
2026/07/08 12:58:54.024, 4, 0, 75548, 97887
2026/07/08 12:58:54.055, 5, 0, 75548, 97887
2026/07/08 12:58:54.072, 6, 54, 75538, 97887
2026/07/08 12:58:54.089, 7, 57, 75538, 97887
2026/07/08 12:58:55.106, 0, 0, 48704, 97887
2026/07/08 12:58:55.126, 1, 0, 48104, 97887
2026/07/08 12:58:55.143, 2, 0, 48104, 97887
2026/07/08 12:58:55.162, 3, 0, 48104, 97887
2026/07/08 12:58:55.180, 4, 0, 75548, 97887
2026/07/08 12:58:55.195, 5, 0, 75548, 97887
2026/07/08 12:58:55.211, 6, 37, 75538, 97887
2026/07/08 12:58:55.226, 7, 86, 75538, 97887
2026/07/08 12:58:56.242, 0, 0, 48704, 97887
2026/07/08 12:58:56.265, 1, 0, 48104, 97887
2026/07/08 12:58:56.293, 2, 0, 48104, 97887
2026/07/08 12:58:56.312, 3, 0, 48104, 97887
2026/07/08 12:58:56.331, 4, 0, 75548, 97887
2026/07/08 12:58:56.350, 5, 0, 75548, 97887
2026/07/08 12:58:56.369, 6, 51, 75538, 97887
2026/07/08 12:58:56.386, 7, 71, 75538, 97887
2026/07/08 12:58:57.407, 0, 0, 48704, 97887
2026/07/08 12:58:57.426, 1, 0, 48104, 97887
2026/07/08 12:58:57.445, 2, 0, 48104, 97887
2026/07/08 12:58:57.463, 3, 0, 48104, 97887
2026/07/08 12:58:57.482, 4, 0, 75548, 97887
2026/07/08 12:58:57.498, 5, 0, 75548, 97887
2026/07/08 12:58:57.516, 6, 37, 75538, 97887
2026/07/08 12:58:57.534, 7, 79, 75538, 97887
2026/07/08 12:58:58.552, 0, 0, 48704, 97887
2026/07/08 12:58:58.567, 1, 0, 48104, 97887
2026/07/08 12:58:58.583, 2, 0, 48104, 97887
2026/07/08 12:58:58.599, 3, 0, 48104, 97887
2026/07/08 12:58:58.614, 4, 0, 75548, 97887
2026/07/08 12:58:58.630, 5, 0, 75548, 97887
2026/07/08 12:58:58.648, 6, 39, 75538, 97887
2026/07/08 12:58:58.665, 7, 79, 75538, 97887
2026/07/08 12:58:59.682, 0, 0, 48704, 97887
2026/07/08 12:58:59.699, 1, 0, 48104, 97887
2026/07/08 12:58:59.713, 2, 0, 48104, 97887
2026/07/08 12:58:59.729, 3, 0, 48104, 97887
2026/07/08 12:58:59.744, 4, 0, 75548, 97887
2026/07/08 12:58:59.760, 5, 0, 75548, 97887
2026/07/08 12:58:59.776, 6, 47, 75538, 97887
2026/07/08 12:58:59.792, 7, 69, 75538, 97887
2026/07/08 12:59:00.808, 0, 0, 48704, 97887
2026/07/08 12:59:00.827, 1, 0, 48104, 97887
2026/07/08 12:59:00.844, 2, 0, 48104, 97887
2026/07/08 12:59:00.862, 3, 0, 48104, 97887
2026/07/08 12:59:00.884, 4, 0, 75548, 97887
2026/07/08 12:59:00.900, 5, 0, 75548, 97887
2026/07/08 12:59:00.911, 6, 37, 75538, 97887
2026/07/08 12:59:00.930, 7, 83, 75538, 97887
2026/07/08 12:59:01.947, 0, 0, 48704, 97887
2026/07/08 12:59:01.962, 1, 0, 48104, 97887
2026/07/08 12:59:01.977, 2, 0, 48104, 97887
2026/07/08 12:59:01.993, 3, 0, 48104, 97887
2026/07/08 12:59:02.008, 4, 0, 75548, 97887
2026/07/08 12:59:02.019, 5, 0, 75548, 97887
2026/07/08 12:59:02.033, 6, 46, 75538, 97887
2026/07/08 12:59:02.046, 7, 83, 75538, 97887
2026/07/08 12:59:03.054, 0, 0, 48704, 97887
2026/07/08 12:59:03.068, 1, 0, 48104, 97887
2026/07/08 12:59:03.082, 2, 0, 48104, 97887
2026/07/08 12:59:03.094, 3, 0, 48104, 97887
2026/07/08 12:59:03.110, 4, 0, 75548, 97887
2026/07/08 12:59:03.126, 5, 0, 75548, 97887
2026/07/08 12:59:03.144, 6, 37, 75538, 97887
2026/07/08 12:59:03.156, 7, 67, 75538, 97887
2026/07/08 12:59:04.171, 0, 0, 48704, 97887
2026/07/08 12:59:04.191, 1, 0, 48104, 97887
2026/07/08 12:59:04.208, 2, 0, 48104, 97887
2026/07/08 12:59:04.219, 3, 0, 48104, 97887
2026/07/08 12:59:04.232, 4, 0, 75548, 97887
2026/07/08 12:59:04.249, 5, 0, 75548, 97887
2026/07/08 12:59:04.265, 6, 66, 75538, 97887
2026/07/08 12:59:04.276, 7, 68, 75538, 97887
2026/07/08 12:59:05.289, 0, 0, 48704, 97887
2026/07/08 12:59:05.304, 1, 0, 48104, 97887
2026/07/08 12:59:05.321, 2, 0, 48104, 97887
2026/07/08 12:59:05.337, 3, 0, 48104, 97887
2026/07/08 12:59:05.352, 4, 0, 75548, 97887
2026/07/08 12:59:05.367, 5, 0, 75548, 97887
2026/07/08 12:59:05.383, 6, 38, 75538, 97887
2026/07/08 12:59:05.399, 7, 68, 75538, 97887
2026/07/08 12:59:06.414, 0, 0, 48704, 97887
2026/07/08 12:59:06.430, 1, 0, 48104, 97887
2026/07/08 12:59:06.445, 2, 0, 48104, 97887
2026/07/08 12:59:06.459, 3, 0, 48104, 97887
2026/07/08 12:59:06.474, 4, 0, 75548, 97887
2026/07/08 12:59:06.488, 5, 0, 75548, 97887
2026/07/08 12:59:06.504, 6, 44, 75538, 97887
2026/07/08 12:59:06.520, 7, 72, 75538, 97887
2026/07/08 12:59:07.537, 0, 0, 48704, 97887
2026/07/08 12:59:07.554, 1, 0, 48104, 97887
2026/07/08 12:59:07.571, 2, 0, 48104, 97887
2026/07/08 12:59:07.587, 3, 0, 48104, 97887
2026/07/08 12:59:07.604, 4, 0, 75548, 97887
2026/07/08 12:59:07.619, 5, 0, 75548, 97887
2026/07/08 12:59:07.632, 6, 32, 75538, 97887
2026/07/08 12:59:07.646, 7, 37, 75538, 97887
2026/07/08 12:59:08.659, 0, 0, 48704, 97887
2026/07/08 12:59:08.677, 1, 0, 48104, 97887
2026/07/08 12:59:08.693, 2, 0, 48104, 97887
2026/07/08 12:59:08.708, 3, 0, 48104, 97887
2026/07/08 12:59:08.723, 4, 0, 75548, 97887
2026/07/08 12:59:08.739, 5, 0, 75548, 97887
2026/07/08 12:59:08.755, 6, 32, 75538, 97887
2026/07/08 12:59:08.771, 7, 81, 75538, 97887
2026/07/08 12:59:09.787, 0, 0, 48704, 97887
2026/07/08 12:59:09.804, 1, 0, 48104, 97887
2026/07/08 12:59:09.819, 2, 0, 48104, 97887
2026/07/08 12:59:09.833, 3, 0, 48104, 97887
2026/07/08 12:59:09.847, 4, 0, 75548, 97887
2026/07/08 12:59:09.864, 5, 0, 75548, 97887
2026/07/08 12:59:09.878, 6, 49, 75538, 97887
2026/07/08 12:59:09.893, 7, 84, 75538, 97887
2026/07/08 12:59:10.908, 0, 0, 48704, 97887
2026/07/08 12:59:10.923, 1, 0, 48104, 97887
2026/07/08 12:59:10.937, 2, 0, 48104, 97887
2026/07/08 12:59:10.950, 3, 0, 48104, 97887
2026/07/08 12:59:10.964, 4, 0, 75548, 97887
2026/07/08 12:59:10.978, 5, 0, 75548, 97887
2026/07/08 12:59:10.994, 6, 51, 75538, 97887
2026/07/08 12:59:11.010, 7, 48, 75538, 97887
2026/07/08 12:59:12.027, 0, 0, 48704, 97887
2026/07/08 12:59:12.047, 1, 0, 48104, 97887
2026/07/08 12:59:12.066, 2, 0, 48104, 97887
2026/07/08 12:59:12.085, 3, 0, 48104, 97887
2026/07/08 12:59:12.102, 4, 0, 75548, 97887
2026/07/08 12:59:12.118, 5, 0, 75548, 97887
2026/07/08 12:59:12.135, 6, 49, 75538, 97887
2026/07/08 12:59:12.150, 7, 44, 75538, 97887
2026/07/08 12:59:13.165, 0, 0, 48704, 97887
2026/07/08 12:59:13.182, 1, 0, 48104, 97887
2026/07/08 12:59:13.199, 2, 0, 48104, 97887
2026/07/08 12:59:13.212, 3, 0, 48104, 97887
2026/07/08 12:59:13.227, 4, 0, 75548, 97887
2026/07/08 12:59:13.241, 5, 0, 75548, 97887
2026/07/08 12:59:13.255, 6, 38, 75538, 97887
2026/07/08 12:59:13.270, 7, 72, 75538, 97887
2026/07/08 12:59:14.287, 0, 0, 48704, 97887
2026/07/08 12:59:14.306, 1, 0, 48104, 97887
2026/07/08 12:59:14.322, 2, 0, 48104, 97887
2026/07/08 12:59:14.337, 3, 0, 48104, 97887
2026/07/08 12:59:14.352, 4, 0, 75548, 97887
2026/07/08 12:59:14.372, 5, 0, 75548, 97887
2026/07/08 12:59:14.386, 6, 31, 75538, 97887
2026/07/08 12:59:14.402, 7, 61, 75538, 97887
2026/07/08 12:59:15.419, 0, 0, 48704, 97887
2026/07/08 12:59:15.443, 1, 0, 48104, 97887
2026/07/08 12:59:15.454, 2, 0, 48104, 97887
2026/07/08 12:59:15.469, 3, 0, 48104, 97887
2026/07/08 12:59:15.487, 4, 0, 75548, 97887
2026/07/08 12:59:15.503, 5, 0, 75548, 97887
2026/07/08 12:59:15.517, 6, 43, 75538, 97887
2026/07/08 12:59:15.536, 7, 73, 75538, 97887
2026/07/08 12:59:16.554, 0, 0, 48704, 97887
2026/07/08 12:59:16.574, 1, 0, 48104, 97887
2026/07/08 12:59:16.594, 2, 0, 48104, 97887
2026/07/08 12:59:16.613, 3, 0, 48104, 97887
2026/07/08 12:59:16.630, 4, 0, 75548, 97887
2026/07/08 12:59:16.649, 5, 0, 75548, 97887
2026/07/08 12:59:16.666, 6, 42, 75538, 97887
2026/07/08 12:59:16.685, 7, 60, 75538, 97887
2026/07/08 12:59:17.701, 0, 0, 48704, 97887
2026/07/08 12:59:17.715, 1, 0, 48104, 97887
2026/07/08 12:59:17.731, 2, 0, 48104, 97887
2026/07/08 12:59:17.746, 3, 0, 48104, 97887
2026/07/08 12:59:17.762, 4, 0, 75548, 97887
2026/07/08 12:59:17.780, 5, 0, 75548, 97887
2026/07/08 12:59:17.797, 6, 52, 75538, 97887
2026/07/08 12:59:17.815, 7, 57, 75538, 97887
2026/07/08 12:59:18.833, 0, 0, 48704, 97887
2026/07/08 12:59:18.852, 1, 0, 48104, 97887
2026/07/08 12:59:18.872, 2, 0, 48104, 97887
2026/07/08 12:59:18.890, 3, 0, 48104, 97887
2026/07/08 12:59:18.906, 4, 0, 75548, 97887
2026/07/08 12:59:18.921, 5, 0, 75548, 97887
2026/07/08 12:59:18.937, 6, 78, 75538, 97887
2026/07/08 12:59:18.954, 7, 43, 75538, 97887
2026/07/08 12:59:19.969, 0, 0, 48704, 97887
2026/07/08 12:59:19.987, 1, 0, 48104, 97887
2026/07/08 12:59:20.004, 2, 0, 48104, 97887
2026/07/08 12:59:20.022, 3, 0, 48104, 97887
2026/07/08 12:59:20.041, 4, 0, 75548, 97887
2026/07/08 12:59:20.056, 5, 0, 75548, 97887
2026/07/08 12:59:20.073, 6, 53, 75538, 97887
2026/07/08 12:59:20.091, 7, 35, 75538, 97887
2026/07/08 12:59:21.108, 0, 0, 48704, 97887
2026/07/08 12:59:21.127, 1, 0, 48104, 97887
2026/07/08 12:59:21.144, 2, 0, 48104, 97887
2026/07/08 12:59:21.163, 3, 0, 48104, 97887
2026/07/08 12:59:21.175, 4, 0, 75548, 97887
2026/07/08 12:59:21.190, 5, 0, 75548, 97887
2026/07/08 12:59:21.202, 6, 53, 75538, 97887
2026/07/08 12:59:21.216, 7, 86, 75538, 97887
2026/07/08 12:59:22.230, 0, 0, 48704, 97887
2026/07/08 12:59:22.249, 1, 0, 48104, 97887
2026/07/08 12:59:22.266, 2, 0, 48104, 97887
2026/07/08 12:59:22.285, 3, 0, 48104, 97887
2026/07/08 12:59:22.304, 4, 0, 75548, 97887
2026/07/08 12:59:22.322, 5, 0, 75548, 97887
2026/07/08 12:59:22.341, 6, 51, 75538, 97887
2026/07/08 12:59:22.359, 7, 76, 75538, 97887
2026/07/08 12:59:23.378, 0, 0, 48704, 97887
2026/07/08 12:59:23.403, 1, 0, 48104, 97887
2026/07/08 12:59:23.425, 2, 0, 48104, 97887
2026/07/08 12:59:23.451, 3, 0, 48104, 97887
2026/07/08 12:59:23.471, 4, 0, 75548, 97887
2026/07/08 12:59:23.492, 5, 0, 75548, 97887
2026/07/08 12:59:23.508, 6, 49, 75538, 97887
2026/07/08 12:59:23.534, 7, 75, 75538, 97887
2026/07/08 12:59:24.559, 0, 0, 48704, 97887
2026/07/08 12:59:24.579, 1, 0, 48104, 97887
2026/07/08 12:59:24.600, 2, 0, 48104, 97887
2026/07/08 12:59:24.620, 3, 0, 48104, 97887
2026/07/08 12:59:24.638, 4, 0, 75548, 97887
2026/07/08 12:59:24.657, 5, 0, 75548, 97887
2026/07/08 12:59:24.676, 6, 61, 75538, 97887
2026/07/08 12:59:24.694, 7, 79, 75538, 97887
2026/07/08 12:59:25.712, 0, 0, 48704, 97887
2026/07/08 12:59:25.734, 1, 0, 48104, 97887
2026/07/08 12:59:25.753, 2, 0, 48104, 97887
2026/07/08 12:59:25.773, 3, 0, 48104, 97887
2026/07/08 12:59:25.792, 4, 0, 75548, 97887
2026/07/08 12:59:25.807, 5, 0, 75548, 97887
2026/07/08 12:59:25.823, 6, 35, 75538, 97887
2026/07/08 12:59:25.842, 7, 49, 75538, 97887
2026/07/08 12:59:26.863, 0, 0, 48704, 97887
2026/07/08 12:59:26.881, 1, 0, 48104, 97887
2026/07/08 12:59:26.899, 2, 0, 48104, 97887
2026/07/08 12:59:26.917, 3, 0, 48104, 97887
2026/07/08 12:59:26.935, 4, 0, 75548, 97887
2026/07/08 12:59:26.955, 5, 0, 75548, 97887
2026/07/08 12:59:26.971, 6, 51, 75538, 97887
2026/07/08 12:59:26.990, 7, 48, 75538, 97887
2026/07/08 12:59:28.008, 0, 0, 48704, 97887
2026/07/08 12:59:28.026, 1, 0, 48104, 97887
2026/07/08 12:59:28.046, 2, 0, 48104, 97887
2026/07/08 12:59:28.062, 3, 0, 48104, 97887
2026/07/08 12:59:28.077, 4, 0, 75548, 97887
2026/07/08 12:59:28.093, 5, 0, 75548, 97887
2026/07/08 12:59:28.104, 6, 87, 75538, 97887
2026/07/08 12:59:28.120, 7, 80, 75538, 97887
2026/07/08 12:59:29.137, 0, 0, 48704, 97887
2026/07/08 12:59:29.156, 1, 0, 48104, 97887
2026/07/08 12:59:29.170, 2, 0, 48104, 97887
2026/07/08 12:59:29.187, 3, 0, 48104, 97887
2026/07/08 12:59:29.204, 4, 0, 75548, 97887
2026/07/08 12:59:29.219, 5, 0, 75548, 97887
2026/07/08 12:59:29.238, 6, 59, 75538, 97887
2026/07/08 12:59:29.255, 7, 64, 75538, 97887
2026/07/08 12:59:30.271, 0, 0, 48704, 97887
2026/07/08 12:59:30.291, 1, 0, 48104, 97887
2026/07/08 12:59:30.308, 2, 0, 48104, 97887
2026/07/08 12:59:30.326, 3, 0, 48104, 97887
2026/07/08 12:59:30.343, 4, 0, 75548, 97887
2026/07/08 12:59:30.359, 5, 0, 75548, 97887
2026/07/08 12:59:30.374, 6, 16, 75538, 97887
2026/07/08 12:59:30.388, 7, 2, 75538, 97887
2026/07/08 12:59:31.404, 0, 0, 48704, 97887
2026/07/08 12:59:31.421, 1, 0, 48104, 97887
2026/07/08 12:59:31.436, 2, 0, 48104, 97887
2026/07/08 12:59:31.453, 3, 0, 48104, 97887
2026/07/08 12:59:31.468, 4, 0, 75548, 97887
2026/07/08 12:59:31.484, 5, 0, 75548, 97887
2026/07/08 12:59:31.501, 6, 31, 75538, 97887
2026/07/08 12:59:31.517, 7, 36, 75538, 97887
2026/07/08 12:59:32.533, 0, 0, 48704, 97887
2026/07/08 12:59:32.541, 1, 0, 48104, 97887
2026/07/08 12:59:32.551, 2, 0, 48104, 97887
2026/07/08 12:59:32.560, 3, 0, 48104, 97887
2026/07/08 12:59:32.570, 4, 0, 75548, 97887
2026/07/08 12:59:32.579, 5, 0, 75548, 97887
2026/07/08 12:59:32.588, 6, 30, 75538, 97887
2026/07/08 12:59:32.597, 7, 89, 75538, 97887
2026/07/08 12:59:33.608, 0, 0, 48704, 97887
2026/07/08 12:59:33.623, 1, 0, 48104, 97887
2026/07/08 12:59:33.637, 2, 0, 48104, 97887
2026/07/08 12:59:33.652, 3, 0, 48104, 97887
2026/07/08 12:59:33.666, 4, 0, 75548, 97887
2026/07/08 12:59:33.683, 5, 0, 75548, 97887
2026/07/08 12:59:33.699, 6, 39, 75538, 97887
2026/07/08 12:59:33.715, 7, 59, 75538, 97887
2026/07/08 12:59:34.732, 0, 0, 48704, 97887
2026/07/08 12:59:34.750, 1, 0, 48104, 97887
2026/07/08 12:59:34.768, 2, 0, 48104, 97887
2026/07/08 12:59:34.785, 3, 0, 48104, 97887
2026/07/08 12:59:34.802, 4, 0, 75548, 97887
2026/07/08 12:59:34.819, 5, 0, 75548, 97887
2026/07/08 12:59:34.836, 6, 60, 75538, 97887
2026/07/08 12:59:34.853, 7, 45, 75538, 97887
2026/07/08 12:59:35.870, 0, 0, 48704, 97887
2026/07/08 12:59:35.890, 1, 0, 48104, 97887
2026/07/08 12:59:35.907, 2, 0, 48104, 97887
2026/07/08 12:59:35.924, 3, 0, 48104, 97887
2026/07/08 12:59:35.941, 4, 0, 75548, 97887
2026/07/08 12:59:35.957, 5, 0, 75548, 97887
2026/07/08 12:59:35.975, 6, 76, 75538, 97887
2026/07/08 12:59:35.993, 7, 38, 75538, 97887
2026/07/08 12:59:37.011, 0, 0, 48704, 97887
2026/07/08 12:59:37.028, 1, 0, 48104, 97887
2026/07/08 12:59:37.043, 2, 0, 48104, 97887
2026/07/08 12:59:37.060, 3, 0, 48104, 97887
2026/07/08 12:59:37.076, 4, 0, 75548, 97887
2026/07/08 12:59:37.093, 5, 0, 75548, 97887
2026/07/08 12:59:37.109, 6, 77, 75538, 97887
2026/07/08 12:59:37.125, 7, 79, 75538, 97887
2026/07/08 12:59:38.143, 0, 0, 48704, 97887
2026/07/08 12:59:38.162, 1, 0, 48104, 97887
2026/07/08 12:59:38.180, 2, 0, 48104, 97887
2026/07/08 12:59:38.196, 3, 0, 48104, 97887
2026/07/08 12:59:38.213, 4, 0, 75548, 97887
2026/07/08 12:59:38.231, 5, 0, 75548, 97887
2026/07/08 12:59:38.248, 6, 71, 75538, 97887
2026/07/08 12:59:38.265, 7, 46, 75538, 97887
2026/07/08 12:59:39.284, 0, 0, 48704, 97887
2026/07/08 12:59:39.301, 1, 0, 48104, 97887
2026/07/08 12:59:39.317, 2, 0, 48104, 97887
2026/07/08 12:59:39.333, 3, 0, 48104, 97887
2026/07/08 12:59:39.350, 4, 0, 75548, 97887
2026/07/08 12:59:39.365, 5, 0, 75548, 97887
2026/07/08 12:59:39.381, 6, 66, 75538, 97887
2026/07/08 12:59:39.397, 7, 81, 75538, 97887
2026/07/08 12:59:40.412, 0, 0, 48704, 97887
2026/07/08 12:59:40.430, 1, 0, 48104, 97887
2026/07/08 12:59:40.451, 2, 0, 48104, 97887
2026/07/08 12:59:40.469, 3, 0, 48104, 97887
2026/07/08 12:59:40.488, 4, 0, 75548, 97887
2026/07/08 12:59:40.507, 5, 0, 75548, 97887
2026/07/08 12:59:40.527, 6, 33, 75538, 97887
2026/07/08 12:59:40.545, 7, 76, 75538, 97887
2026/07/08 12:59:41.565, 0, 0, 48704, 97887
2026/07/08 12:59:41.584, 1, 0, 48104, 97887
2026/07/08 12:59:41.603, 2, 0, 48104, 97887
2026/07/08 12:59:41.622, 3, 0, 48104, 97887
2026/07/08 12:59:41.640, 4, 0, 75548, 97887
2026/07/08 12:59:41.660, 5, 0, 75548, 97887
2026/07/08 12:59:41.678, 6, 43, 75538, 97887
2026/07/08 12:59:41.696, 7, 62, 75538, 97887
2026/07/08 12:59:42.715, 0, 0, 48704, 97887
2026/07/08 12:59:42.733, 1, 0, 48104, 97887
2026/07/08 12:59:42.750, 2, 0, 48104, 97887
2026/07/08 12:59:42.769, 3, 0, 48104, 97887
2026/07/08 12:59:42.787, 4, 0, 75548, 97887
2026/07/08 12:59:42.805, 5, 0, 75548, 97887
2026/07/08 12:59:42.823, 6, 52, 75538, 97887
2026/07/08 12:59:42.841, 7, 82, 75538, 97887
2026/07/08 12:59:43.861, 0, 0, 48704, 97887
2026/07/08 12:59:43.880, 1, 0, 48104, 97887
2026/07/08 12:59:43.899, 2, 0, 48104, 97887
2026/07/08 12:59:43.919, 3, 0, 48104, 97887
2026/07/08 12:59:43.935, 4, 0, 75548, 97887
2026/07/08 12:59:43.952, 5, 0, 75548, 97887
2026/07/08 12:59:43.970, 6, 30, 75538, 97887
2026/07/08 12:59:43.989, 7, 51, 75538, 97887
2026/07/08 12:59:45.008, 0, 0, 48704, 97887
2026/07/08 12:59:45.024, 1, 0, 48104, 97887
2026/07/08 12:59:45.042, 2, 0, 48104, 97887
2026/07/08 12:59:45.062, 3, 0, 48104, 97887
2026/07/08 12:59:45.081, 4, 0, 75548, 97887
2026/07/08 12:59:45.101, 5, 0, 75548, 97887
2026/07/08 12:59:45.122, 6, 82, 75538, 97887
2026/07/08 12:59:45.142, 7, 84, 75538, 97887
2026/07/08 12:59:46.161, 0, 0, 48704, 97887
2026/07/08 12:59:46.183, 1, 0, 48104, 97887
2026/07/08 12:59:46.202, 2, 0, 48104, 97887
2026/07/08 12:59:46.217, 3, 0, 48104, 97887
2026/07/08 12:59:46.233, 4, 0, 75548, 97887
2026/07/08 12:59:46.253, 5, 0, 75548, 97887
2026/07/08 12:59:46.267, 6, 91, 75538, 97887
2026/07/08 12:59:46.280, 7, 38, 75538, 97887
2026/07/08 12:59:47.292, 0, 0, 48704, 97887
2026/07/08 12:59:47.312, 1, 0, 48104, 97887
2026/07/08 12:59:47.327, 2, 0, 48104, 97887
2026/07/08 12:59:47.345, 3, 0, 48104, 97887
2026/07/08 12:59:47.361, 4, 0, 75548, 97887
2026/07/08 12:59:47.378, 5, 0, 75548, 97887
2026/07/08 12:59:47.396, 6, 67, 75538, 97887
2026/07/08 12:59:47.416, 7, 33, 75538, 97887
2026/07/08 12:59:48.433, 0, 0, 48704, 97887
2026/07/08 12:59:48.453, 1, 0, 48104, 97887
2026/07/08 12:59:48.471, 2, 0, 48104, 97887
2026/07/08 12:59:48.489, 3, 0, 48104, 97887
2026/07/08 12:59:48.503, 4, 0, 75548, 97887
2026/07/08 12:59:48.518, 5, 0, 75548, 97887
2026/07/08 12:59:48.531, 6, 77, 75538, 97887
2026/07/08 12:59:48.547, 7, 38, 75538, 97887
2026/07/08 12:59:49.562, 0, 0, 48704, 97887
2026/07/08 12:59:49.579, 1, 0, 48104, 97887
2026/07/08 12:59:49.595, 2, 0, 48104, 97887
2026/07/08 12:59:49.612, 3, 0, 48104, 97887
2026/07/08 12:59:49.628, 4, 0, 75548, 97887
2026/07/08 12:59:49.646, 5, 0, 75548, 97887
2026/07/08 12:59:49.664, 6, 51, 75538, 97887
2026/07/08 12:59:49.681, 7, 29, 75538, 97887
2026/07/08 12:59:50.694, 0, 0, 48704, 97887
2026/07/08 12:59:50.709, 1, 0, 48104, 97887
2026/07/08 12:59:50.724, 2, 0, 48104, 97887
2026/07/08 12:59:50.738, 3, 0, 48104, 97887
2026/07/08 12:59:50.753, 4, 0, 75548, 97887
2026/07/08 12:59:50.768, 5, 0, 75548, 97887
2026/07/08 12:59:50.784, 6, 79, 75538, 97887
2026/07/08 12:59:50.799, 7, 30, 75538, 97887
2026/07/08 12:59:51.818, 0, 0, 48704, 97887
2026/07/08 12:59:51.835, 1, 0, 48104, 97887
2026/07/08 12:59:51.851, 2, 0, 48104, 97887
2026/07/08 12:59:51.866, 3, 0, 48104, 97887
2026/07/08 12:59:51.882, 4, 0, 75548, 97887
2026/07/08 12:59:51.897, 5, 0, 75548, 97887
2026/07/08 12:59:51.910, 6, 89, 75538, 97887
2026/07/08 12:59:51.925, 7, 29, 75538, 97887
2026/07/08 12:59:52.937, 0, 0, 48704, 97887
2026/07/08 12:59:52.952, 1, 0, 48104, 97887
2026/07/08 12:59:52.963, 2, 0, 48104, 97887
2026/07/08 12:59:52.977, 3, 0, 48104, 97887
2026/07/08 12:59:52.991, 4, 0, 75548, 97887
2026/07/08 12:59:53.004, 5, 0, 75548, 97887
2026/07/08 12:59:53.019, 6, 96, 75538, 97887
2026/07/08 12:59:53.034, 7, 42, 75538, 97887
2026/07/08 12:59:54.050, 0, 0, 48704, 97887
2026/07/08 12:59:54.067, 1, 0, 48104, 97887
2026/07/08 12:59:54.084, 2, 0, 48104, 97887
2026/07/08 12:59:54.097, 3, 0, 48104, 97887
2026/07/08 12:59:54.110, 4, 0, 75548, 97887
2026/07/08 12:59:54.126, 5, 0, 75548, 97887
2026/07/08 12:59:54.144, 6, 92, 75538, 97887
2026/07/08 12:59:54.162, 7, 38, 75538, 97887
2026/07/08 12:59:55.178, 0, 0, 48704, 97887
2026/07/08 12:59:55.193, 1, 0, 48104, 97887
2026/07/08 12:59:55.209, 2, 0, 48104, 97887
2026/07/08 12:59:55.225, 3, 0, 48104, 97887
2026/07/08 12:59:55.237, 4, 0, 75548, 97887
2026/07/08 12:59:55.252, 5, 0, 75548, 97887
2026/07/08 12:59:55.267, 6, 95, 75538, 97887
2026/07/08 12:59:55.281, 7, 33, 75538, 97887
2026/07/08 12:59:56.297, 0, 0, 48704, 97887
2026/07/08 12:59:56.327, 1, 0, 48104, 97887
2026/07/08 12:59:56.347, 2, 0, 48104, 97887
2026/07/08 12:59:56.367, 3, 0, 48104, 97887
2026/07/08 12:59:56.383, 4, 0, 75548, 97887
2026/07/08 12:59:56.407, 5, 0, 75548, 97887
2026/07/08 12:59:56.423, 6, 94, 75538, 97887
2026/07/08 12:59:56.441, 7, 35, 75538, 97887
2026/07/08 12:59:57.458, 0, 0, 48704, 97887
2026/07/08 12:59:57.474, 1, 0, 48104, 97887
2026/07/08 12:59:57.489, 2, 0, 48104, 97887
2026/07/08 12:59:57.504, 3, 0, 48104, 97887
2026/07/08 12:59:57.519, 4, 0, 75548, 97887
2026/07/08 12:59:57.534, 5, 0, 75548, 97887
2026/07/08 12:59:57.550, 6, 91, 75538, 97887
2026/07/08 12:59:57.564, 7, 34, 75538, 97887
2026/07/08 12:59:58.578, 0, 0, 48704, 97887
2026/07/08 12:59:58.596, 1, 0, 48104, 97887
2026/07/08 12:59:58.615, 2, 0, 48104, 97887
2026/07/08 12:59:58.633, 3, 0, 48104, 97887
2026/07/08 12:59:58.650, 4, 0, 75548, 97887
2026/07/08 12:59:58.668, 5, 0, 75548, 97887
2026/07/08 12:59:58.686, 6, 96, 75538, 97887
2026/07/08 12:59:58.703, 7, 36, 75538, 97887
2026/07/08 12:59:59.720, 0, 0, 48704, 97887
2026/07/08 12:59:59.736, 1, 0, 48104, 97887
2026/07/08 12:59:59.752, 2, 0, 48104, 97887
2026/07/08 12:59:59.766, 3, 0, 48104, 97887
2026/07/08 12:59:59.779, 4, 0, 75548, 97887
2026/07/08 12:59:59.795, 5, 0, 75548, 97887
2026/07/08 12:59:59.810, 6, 85, 75538, 97887
2026/07/08 12:59:59.825, 7, 32, 75538, 97887
2026/07/08 13:00:00.843, 0, 0, 48704, 97887
2026/07/08 13:00:00.861, 1, 0, 48104, 97887
2026/07/08 13:00:00.879, 2, 0, 48104, 97887
2026/07/08 13:00:00.895, 3, 0, 48104, 97887
2026/07/08 13:00:00.911, 4, 0, 75548, 97887
2026/07/08 13:00:00.925, 5, 0, 75548, 97887
2026/07/08 13:00:00.941, 6, 88, 75538, 97887
2026/07/08 13:00:00.957, 7, 31, 75538, 97887
2026/07/08 13:00:01.972, 0, 0, 48704, 97887
2026/07/08 13:00:01.992, 1, 0, 48104, 97887
2026/07/08 13:00:02.011, 2, 0, 48104, 97887
2026/07/08 13:00:02.031, 3, 0, 48104, 97887
2026/07/08 13:00:02.048, 4, 0, 75548, 97887
2026/07/08 13:00:02.062, 5, 0, 75548, 97887
2026/07/08 13:00:02.077, 6, 72, 75538, 97887
2026/07/08 13:00:02.087, 7, 76, 75538, 97887
2026/07/08 13:00:03.100, 0, 0, 48704, 97887
2026/07/08 13:00:03.118, 1, 0, 48104, 97887
2026/07/08 13:00:03.135, 2, 0, 48104, 97887
2026/07/08 13:00:03.152, 3, 0, 48104, 97887
2026/07/08 13:00:03.164, 4, 0, 75548, 97887
2026/07/08 13:00:03.186, 5, 0, 75548, 97887
2026/07/08 13:00:03.205, 6, 73, 75538, 97887
2026/07/08 13:00:03.223, 7, 30, 75538, 97887
2026/07/08 13:00:04.240, 0, 0, 48704, 97887
2026/07/08 13:00:04.254, 1, 0, 48104, 97887
2026/07/08 13:00:04.269, 2, 0, 48104, 97887
2026/07/08 13:00:04.285, 3, 0, 48104, 97887
2026/07/08 13:00:04.301, 4, 0, 75548, 97887
2026/07/08 13:00:04.318, 5, 0, 75548, 97887
2026/07/08 13:00:04.336, 6, 87, 75538, 97887
2026/07/08 13:00:04.352, 7, 44, 75538, 97887
2026/07/08 13:00:05.368, 0, 0, 48704, 97887
2026/07/08 13:00:05.385, 1, 0, 48104, 97887
2026/07/08 13:00:05.402, 2, 0, 48104, 97887
2026/07/08 13:00:05.419, 3, 0, 48104, 97887
2026/07/08 13:00:05.433, 4, 0, 75548, 97887
2026/07/08 13:00:05.447, 5, 0, 75548, 97887
2026/07/08 13:00:05.460, 6, 90, 75538, 97887
2026/07/08 13:00:05.475, 7, 32, 75538, 97887
2026/07/08 13:00:06.489, 0, 0, 48704, 97887
2026/07/08 13:00:06.511, 1, 0, 48104, 97887
2026/07/08 13:00:06.531, 2, 0, 48104, 97887
2026/07/08 13:00:06.550, 3, 0, 48104, 97887
2026/07/08 13:00:06.567, 4, 0, 75548, 97887
2026/07/08 13:00:06.584, 5, 0, 75548, 97887
2026/07/08 13:00:06.604, 6, 89, 75538, 97887
2026/07/08 13:00:06.623, 7, 30, 75538, 97887
2026/07/08 13:00:07.640, 0, 0, 48704, 97887
2026/07/08 13:00:07.659, 1, 0, 48104, 97887
2026/07/08 13:00:07.673, 2, 0, 48104, 97887
2026/07/08 13:00:07.688, 3, 0, 48104, 97887
2026/07/08 13:00:07.703, 4, 0, 75548, 97887
2026/07/08 13:00:07.718, 5, 0, 75548, 97887
2026/07/08 13:00:07.731, 6, 74, 75538, 97887
2026/07/08 13:00:07.744, 7, 29, 75538, 97887
2026/07/08 13:00:08.759, 0, 0, 48704, 97887
2026/07/08 13:00:08.774, 1, 0, 48104, 97887
2026/07/08 13:00:08.787, 2, 0, 48104, 97887
2026/07/08 13:00:08.801, 3, 0, 48104, 97887
2026/07/08 13:00:08.818, 4, 0, 75548, 97887
2026/07/08 13:00:08.835, 5, 0, 75548, 97887
2026/07/08 13:00:08.852, 6, 90, 75538, 97887
2026/07/08 13:00:08.869, 7, 30, 75538, 97887
2026/07/08 13:00:09.886, 0, 0, 48704, 97887
2026/07/08 13:00:09.904, 1, 0, 48104, 97887
2026/07/08 13:00:09.919, 2, 0, 48104, 97887
2026/07/08 13:00:09.936, 3, 0, 48104, 97887
2026/07/08 13:00:09.950, 4, 0, 75548, 97887
2026/07/08 13:00:09.965, 5, 0, 75548, 97887
2026/07/08 13:00:09.980, 6, 94, 75538, 97887
2026/07/08 13:00:09.996, 7, 36, 75538, 97887
2026/07/08 13:00:11.012, 0, 0, 48704, 97887
2026/07/08 13:00:11.029, 1, 0, 48104, 97887
2026/07/08 13:00:11.046, 2, 0, 48104, 97887
2026/07/08 13:00:11.064, 3, 0, 48104, 97887
2026/07/08 13:00:11.082, 4, 0, 75548, 97887
2026/07/08 13:00:11.099, 5, 0, 75548, 97887
2026/07/08 13:00:11.116, 6, 89, 75538, 97887
2026/07/08 13:00:11.131, 7, 34, 75538, 97887
2026/07/08 13:00:12.148, 0, 0, 48704, 97887
2026/07/08 13:00:12.166, 1, 0, 48104, 97887
2026/07/08 13:00:12.181, 2, 0, 48104, 97887
2026/07/08 13:00:12.199, 3, 0, 48104, 97887
2026/07/08 13:00:12.218, 4, 0, 75548, 97887
2026/07/08 13:00:12.239, 5, 0, 75548, 97887
2026/07/08 13:00:12.259, 6, 47, 75538, 97887
2026/07/08 13:00:12.277, 7, 86, 75538, 97887
2026/07/08 13:00:13.295, 0, 0, 48704, 97887
2026/07/08 13:00:13.315, 1, 0, 48104, 97887
2026/07/08 13:00:13.332, 2, 0, 48104, 97887
2026/07/08 13:00:13.350, 3, 0, 48104, 97887
2026/07/08 13:00:13.367, 4, 0, 75548, 97887
2026/07/08 13:00:13.383, 5, 0, 75548, 97887
2026/07/08 13:00:13.398, 6, 43, 75538, 97887
2026/07/08 13:00:13.416, 7, 83, 75538, 97887
2026/07/08 13:00:14.433, 0, 0, 48704, 97887
2026/07/08 13:00:14.448, 1, 0, 48104, 97887
2026/07/08 13:00:14.468, 2, 0, 48104, 97887
2026/07/08 13:00:14.489, 3, 0, 48104, 97887
2026/07/08 13:00:14.509, 4, 0, 75548, 97887
2026/07/08 13:00:14.529, 5, 0, 75548, 97887
2026/07/08 13:00:14.548, 6, 31, 75538, 97887
2026/07/08 13:00:14.569, 7, 61, 75538, 97887
2026/07/08 13:00:15.587, 0, 0, 48704, 97887
2026/07/08 13:00:15.603, 1, 0, 48104, 97887
2026/07/08 13:00:15.618, 2, 0, 48104, 97887
2026/07/08 13:00:15.634, 3, 0, 48104, 97887
2026/07/08 13:00:15.649, 4, 0, 75548, 97887
2026/07/08 13:00:15.663, 5, 0, 75548, 97887
2026/07/08 13:00:15.678, 6, 65, 75538, 97887
2026/07/08 13:00:15.697, 7, 78, 75538, 97887
2026/07/08 13:00:16.715, 0, 0, 48704, 97887
2026/07/08 13:00:16.733, 1, 0, 48104, 97887
2026/07/08 13:00:16.748, 2, 0, 48104, 97887
2026/07/08 13:00:16.764, 3, 0, 48104, 97887
2026/07/08 13:00:16.778, 4, 0, 75548, 97887
2026/07/08 13:00:16.794, 5, 0, 75548, 97887
2026/07/08 13:00:16.809, 6, 38, 75538, 97887
2026/07/08 13:00:16.824, 7, 79, 75538, 97887
2026/07/08 13:00:17.836, 0, 0, 48704, 97887
2026/07/08 13:00:17.850, 1, 0, 48104, 97887
2026/07/08 13:00:17.862, 2, 0, 48104, 97887
2026/07/08 13:00:17.871, 3, 0, 48104, 97887
2026/07/08 13:00:17.884, 4, 0, 75548, 97887
2026/07/08 13:00:17.896, 5, 0, 75548, 97887
2026/07/08 13:00:17.909, 6, 24, 75538, 97887
2026/07/08 13:00:17.921, 7, 70, 75538, 97887
2026/07/08 13:00:18.931, 0, 0, 48704, 97887
2026/07/08 13:00:18.949, 1, 0, 48104, 97887
2026/07/08 13:00:18.966, 2, 0, 48104, 97887
2026/07/08 13:00:18.983, 3, 0, 48104, 97887
2026/07/08 13:00:19.000, 4, 0, 75548, 97887
2026/07/08 13:00:19.015, 5, 0, 75548, 97887
2026/07/08 13:00:19.028, 6, 20, 75538, 97887
2026/07/08 13:00:19.040, 7, 68, 75538, 97887
2026/07/08 13:00:20.053, 0, 0, 48704, 97887
2026/07/08 13:00:20.069, 1, 0, 48104, 97887
2026/07/08 13:00:20.084, 2, 0, 48104, 97887
2026/07/08 13:00:20.094, 3, 0, 48104, 97887
2026/07/08 13:00:20.109, 4, 0, 75548, 97887
2026/07/08 13:00:20.124, 5, 0, 75548, 97887
2026/07/08 13:00:20.135, 6, 74, 75538, 97887
2026/07/08 13:00:20.150, 7, 36, 75538, 97887
2026/07/08 13:00:21.163, 0, 0, 48704, 97887
2026/07/08 13:00:21.180, 1, 0, 48104, 97887
2026/07/08 13:00:21.195, 2, 0, 48104, 97887
2026/07/08 13:00:21.207, 3, 0, 48104, 97887
2026/07/08 13:00:21.217, 4, 0, 75548, 97887
2026/07/08 13:00:21.226, 5, 0, 75548, 97887
2026/07/08 13:00:21.243, 6, 75, 75538, 97887
2026/07/08 13:00:21.260, 7, 35, 75538, 97887
2026/07/08 13:00:22.275, 0, 0, 48704, 97887
2026/07/08 13:00:22.293, 1, 0, 48104, 97887
2026/07/08 13:00:22.310, 2, 0, 48104, 97887
2026/07/08 13:00:22.326, 3, 0, 48104, 97887
2026/07/08 13:00:22.342, 4, 0, 75548, 97887
2026/07/08 13:00:22.357, 5, 0, 75548, 97887
2026/07/08 13:00:22.373, 6, 93, 75538, 97887
2026/07/08 13:00:22.391, 7, 41, 75538, 97887
2026/07/08 13:00:23.407, 0, 0, 48704, 97887
2026/07/08 13:00:23.425, 1, 0, 48104, 97887
2026/07/08 13:00:23.446, 2, 0, 48104, 97887
2026/07/08 13:00:23.464, 3, 0, 48104, 97887
2026/07/08 13:00:23.481, 4, 0, 75548, 97887
2026/07/08 13:00:23.496, 5, 0, 75548, 97887
2026/07/08 13:00:23.513, 6, 63, 75538, 97887
2026/07/08 13:00:23.526, 7, 46, 75538, 97887
2026/07/08 13:00:24.543, 0, 0, 48704, 97887
2026/07/08 13:00:24.559, 1, 0, 48104, 97887
2026/07/08 13:00:24.575, 2, 0, 48104, 97887
2026/07/08 13:00:24.591, 3, 0, 48104, 97887
2026/07/08 13:00:24.605, 4, 0, 75548, 97887
2026/07/08 13:00:24.622, 5, 0, 75548, 97887
2026/07/08 13:00:24.639, 6, 85, 75538, 97887
2026/07/08 13:00:24.654, 7, 36, 75538, 97887
2026/07/08 13:00:25.674, 0, 0, 48704, 97887
2026/07/08 13:00:25.692, 1, 0, 48104, 97887
2026/07/08 13:00:25.709, 2, 0, 48104, 97887
2026/07/08 13:00:25.727, 3, 0, 48104, 97887
2026/07/08 13:00:25.746, 4, 0, 75548, 97887
2026/07/08 13:00:25.764, 5, 0, 75548, 97887
2026/07/08 13:00:25.782, 6, 96, 75538, 97887
2026/07/08 13:00:25.797, 7, 36, 75538, 97887
2026/07/08 13:00:26.816, 0, 0, 48704, 97887
2026/07/08 13:00:26.833, 1, 0, 48104, 97887
2026/07/08 13:00:26.850, 2, 0, 48104, 97887
2026/07/08 13:00:26.868, 3, 0, 48104, 97887
2026/07/08 13:00:26.884, 4, 0, 75548, 97887
2026/07/08 13:00:26.903, 5, 0, 75548, 97887
2026/07/08 13:00:26.920, 6, 96, 75538, 97887
2026/07/08 13:00:26.937, 7, 38, 75538, 97887
2026/07/08 13:00:27.956, 0, 0, 48704, 97887
2026/07/08 13:00:27.974, 1, 0, 48104, 97887
2026/07/08 13:00:27.993, 2, 0, 48104, 97887
2026/07/08 13:00:28.008, 3, 0, 48104, 97887
2026/07/08 13:00:28.024, 4, 0, 75548, 97887
2026/07/08 13:00:28.040, 5, 0, 75548, 97887
2026/07/08 13:00:28.058, 6, 79, 75538, 97887
2026/07/08 13:00:28.077, 7, 38, 75538, 97887
2026/07/08 13:00:29.095, 0, 0, 48704, 97887
2026/07/08 13:00:29.113, 1, 0, 48104, 97887
2026/07/08 13:00:29.126, 2, 0, 48104, 97887
2026/07/08 13:00:29.144, 3, 0, 48104, 97887
2026/07/08 13:00:29.174, 4, 0, 75548, 97887
2026/07/08 13:00:29.195, 5, 0, 75548, 97887
2026/07/08 13:00:29.223, 6, 91, 75538, 97887
2026/07/08 13:00:29.245, 7, 30, 75538, 97887
2026/07/08 13:00:30.263, 0, 0, 48704, 97887
2026/07/08 13:00:30.282, 1, 0, 48104, 97887
2026/07/08 13:00:30.297, 2, 0, 48104, 97887
2026/07/08 13:00:30.311, 3, 0, 48104, 97887
2026/07/08 13:00:30.326, 4, 0, 75548, 97887
2026/07/08 13:00:30.341, 5, 0, 75548, 97887
2026/07/08 13:00:30.352, 6, 91, 75538, 97887
2026/07/08 13:00:30.364, 7, 31, 75538, 97887
2026/07/08 13:00:31.378, 0, 0, 48704, 97887
2026/07/08 13:00:31.399, 1, 0, 48104, 97887
2026/07/08 13:00:31.415, 2, 0, 48104, 97887
2026/07/08 13:00:31.431, 3, 0, 48104, 97887
2026/07/08 13:00:31.445, 4, 0, 75548, 97887
2026/07/08 13:00:31.456, 5, 0, 75548, 97887
2026/07/08 13:00:31.468, 6, 79, 75538, 97887
2026/07/08 13:00:31.482, 7, 42, 75538, 97887
2026/07/08 13:00:32.494, 0, 0, 48704, 97887
2026/07/08 13:00:32.514, 1, 0, 48104, 97887
2026/07/08 13:00:32.525, 2, 0, 48104, 97887
2026/07/08 13:00:32.534, 3, 0, 48104, 97887
2026/07/08 13:00:32.550, 4, 0, 75548, 97887
2026/07/08 13:00:32.562, 5, 0, 75548, 97887
2026/07/08 13:00:32.570, 6, 36, 75538, 97887
2026/07/08 13:00:32.582, 7, 67, 75538, 97887
2026/07/08 13:00:33.595, 0, 0, 48704, 97887
2026/07/08 13:00:33.612, 1, 0, 48104, 97887
2026/07/08 13:00:33.628, 2, 0, 48104, 97887
2026/07/08 13:00:33.644, 3, 0, 48104, 97887
2026/07/08 13:00:33.658, 4, 0, 75548, 97887
2026/07/08 13:00:33.674, 5, 0, 75548, 97887
2026/07/08 13:00:33.689, 6, 46, 75538, 97887
2026/07/08 13:00:33.703, 7, 85, 75538, 97887
2026/07/08 13:00:34.719, 0, 0, 48704, 97887
2026/07/08 13:00:34.737, 1, 0, 48104, 97887
2026/07/08 13:00:34.756, 2, 0, 48104, 97887
2026/07/08 13:00:34.776, 3, 0, 48104, 97887
2026/07/08 13:00:34.802, 4, 0, 75548, 97887
2026/07/08 13:00:34.826, 5, 0, 75548, 97887
2026/07/08 13:00:34.847, 6, 32, 75538, 97887
2026/07/08 13:00:34.870, 7, 86, 75538, 97887
2026/07/08 13:00:35.886, 0, 0, 48704, 97887
2026/07/08 13:00:35.900, 1, 0, 48104, 97887
2026/07/08 13:00:35.915, 2, 0, 48104, 97887
2026/07/08 13:00:35.929, 3, 0, 48104, 97887
2026/07/08 13:00:35.941, 4, 0, 75548, 97887
2026/07/08 13:00:35.962, 5, 0, 75548, 97887
2026/07/08 13:00:35.980, 6, 31, 75538, 97887
2026/07/08 13:00:35.998, 7, 86, 75538, 97887
2026/07/08 13:00:37.015, 0, 0, 48704, 97887
2026/07/08 13:00:37.033, 1, 0, 48104, 97887
2026/07/08 13:00:37.050, 2, 0, 48104, 97887
2026/07/08 13:00:37.067, 3, 0, 48104, 97887
2026/07/08 13:00:37.085, 4, 0, 75548, 97887
2026/07/08 13:00:37.102, 5, 0, 75548, 97887
2026/07/08 13:00:37.119, 6, 30, 75538, 97887
2026/07/08 13:00:37.136, 7, 86, 75538, 97887
2026/07/08 13:00:38.155, 0, 0, 48704, 97887
2026/07/08 13:00:38.170, 1, 0, 48104, 97887
2026/07/08 13:00:38.184, 2, 0, 48104, 97887
2026/07/08 13:00:38.202, 3, 0, 48104, 97887
2026/07/08 13:00:38.216, 4, 0, 75548, 97887
2026/07/08 13:00:38.230, 5, 0, 75548, 97887
2026/07/08 13:00:38.244, 6, 61, 75538, 97887
2026/07/08 13:00:38.259, 7, 86, 75538, 97887
2026/07/08 13:00:39.273, 0, 0, 48704, 97887
2026/07/08 13:00:39.291, 1, 0, 48104, 97887
2026/07/08 13:00:39.308, 2, 0, 48104, 97887
2026/07/08 13:00:39.326, 3, 0, 48104, 97887
2026/07/08 13:00:39.343, 4, 0, 75548, 97887
2026/07/08 13:00:39.359, 5, 0, 75548, 97887
2026/07/08 13:00:39.376, 6, 32, 75538, 97887
2026/07/08 13:00:39.395, 7, 67, 75538, 97887
2026/07/08 13:00:40.412, 0, 0, 48704, 97887
2026/07/08 13:00:40.434, 1, 0, 48104, 97887
2026/07/08 13:00:40.453, 2, 0, 48104, 97887
2026/07/08 13:00:40.472, 3, 0, 48104, 97887
2026/07/08 13:00:40.492, 4, 0, 75548, 97887
2026/07/08 13:00:40.506, 5, 0, 75548, 97887
2026/07/08 13:00:40.515, 6, 30, 75538, 97887
2026/07/08 13:00:40.537, 7, 89, 75538, 97887
2026/07/08 13:00:41.554, 0, 0, 48704, 97887
2026/07/08 13:00:41.571, 1, 0, 48104, 97887
2026/07/08 13:00:41.588, 2, 0, 48104, 97887
2026/07/08 13:00:41.606, 3, 0, 48104, 97887
2026/07/08 13:00:41.624, 4, 0, 75548, 97887
2026/07/08 13:00:41.641, 5, 0, 75548, 97887
2026/07/08 13:00:41.658, 6, 29, 75538, 97887
2026/07/08 13:00:41.679, 7, 90, 75538, 97887
2026/07/08 13:00:42.699, 0, 0, 48704, 97887
2026/07/08 13:00:42.717, 1, 0, 48104, 97887
2026/07/08 13:00:42.734, 2, 0, 48104, 97887
2026/07/08 13:00:42.751, 3, 0, 48104, 97887
2026/07/08 13:00:42.765, 4, 0, 75548, 97887
2026/07/08 13:00:42.778, 5, 0, 75548, 97887
2026/07/08 13:00:42.793, 6, 42, 75538, 97887
2026/07/08 13:00:42.810, 7, 87, 75538, 97887
2026/07/08 13:00:43.828, 0, 0, 48704, 97887
2026/07/08 13:00:43.845, 1, 0, 48104, 97887
2026/07/08 13:00:43.864, 2, 0, 48104, 97887
2026/07/08 13:00:43.884, 3, 0, 48104, 97887
2026/07/08 13:00:43.903, 4, 0, 75548, 97887
2026/07/08 13:00:43.924, 5, 0, 75548, 97887
2026/07/08 13:00:43.946, 6, 0, 75538, 97887
2026/07/08 13:00:43.964, 7, 0, 75538, 97887
2026/07/08 13:00:44.978, 0, 0, 48704, 97887
2026/07/08 13:00:44.999, 1, 0, 48104, 97887
2026/07/08 13:00:45.016, 2, 0, 48104, 97887
2026/07/08 13:00:45.033, 3, 0, 48104, 97887
2026/07/08 13:00:45.053, 4, 0, 75548, 97887
2026/07/08 13:00:45.071, 5, 0, 75548, 97887
2026/07/08 13:00:45.086, 6, 0, 75538, 97887
2026/07/08 13:00:45.099, 7, 0, 75538, 97887
2026/07/08 13:00:46.118, 0, 0, 48704, 97887
2026/07/08 13:00:46.142, 1, 0, 48104, 97887
2026/07/08 13:00:46.162, 2, 0, 48104, 97887
2026/07/08 13:00:46.180, 3, 0, 48104, 97887
2026/07/08 13:00:46.200, 4, 0, 75548, 97887
2026/07/08 13:00:46.219, 5, 0, 75548, 97887
2026/07/08 13:00:46.238, 6, 0, 75538, 97887
2026/07/08 13:00:46.258, 7, 0, 75538, 97887
2026/07/08 13:00:47.278, 0, 0, 48704, 97887
2026/07/08 13:00:47.296, 1, 0, 48104, 97887
2026/07/08 13:00:47.316, 2, 0, 48104, 97887
2026/07/08 13:00:47.333, 3, 0, 48104, 97887
2026/07/08 13:00:47.351, 4, 0, 75548, 97887
2026/07/08 13:00:47.368, 5, 0, 75548, 97887
2026/07/08 13:00:47.385, 6, 0, 75538, 97887
2026/07/08 13:00:47.404, 7, 0, 75538, 97887
2026/07/08 13:00:48.424, 0, 0, 48704, 97887
2026/07/08 13:00:48.443, 1, 0, 48104, 97887
2026/07/08 13:00:48.460, 2, 0, 48104, 97887
2026/07/08 13:00:48.478, 3, 0, 48104, 97887
2026/07/08 13:00:48.493, 4, 0, 75548, 97887
2026/07/08 13:00:48.508, 5, 0, 75548, 97887
2026/07/08 13:00:48.524, 6, 0, 75538, 97887
2026/07/08 13:00:48.541, 7, 0, 75538, 97887
2026/07/08 13:00:49.558, 0, 0, 48704, 97887
2026/07/08 13:00:49.575, 1, 0, 48104, 97887
2026/07/08 13:00:49.591, 2, 0, 48104, 97887
2026/07/08 13:00:49.606, 3, 0, 48104, 97887
2026/07/08 13:00:49.621, 4, 0, 75548, 97887
2026/07/08 13:00:49.636, 5, 0, 75548, 97887
2026/07/08 13:00:49.651, 6, 0, 75538, 97887
2026/07/08 13:00:49.671, 7, 0, 75538, 97887
2026/07/08 13:00:50.689, 0, 0, 48704, 97887
2026/07/08 13:00:50.710, 1, 0, 48104, 97887
2026/07/08 13:00:50.731, 2, 0, 48104, 97887
2026/07/08 13:00:50.751, 3, 0, 48104, 97887
2026/07/08 13:00:50.770, 4, 0, 75548, 97887
2026/07/08 13:00:50.788, 5, 0, 75548, 97887
2026/07/08 13:00:50.807, 6, 0, 75538, 97887
2026/07/08 13:00:50.825, 7, 0, 75538, 97887
2026/07/08 13:00:51.840, 0, 0, 48704, 97887
2026/07/08 13:00:51.859, 1, 0, 48104, 97887
2026/07/08 13:00:51.877, 2, 0, 48104, 97887
2026/07/08 13:00:51.894, 3, 0, 48104, 97887
2026/07/08 13:00:51.910, 4, 0, 75548, 97887
2026/07/08 13:00:51.929, 5, 0, 75548, 97887
2026/07/08 13:00:51.949, 6, 0, 75538, 97887
2026/07/08 13:00:51.968, 7, 0, 75538, 97887
2026/07/08 13:00:52.988, 0, 0, 48704, 97887
2026/07/08 13:00:53.010, 1, 0, 48104, 97887
2026/07/08 13:00:53.030, 2, 0, 48104, 97887
2026/07/08 13:00:53.049, 3, 0, 48104, 97887
2026/07/08 13:00:53.066, 4, 0, 75548, 97887
2026/07/08 13:00:53.085, 5, 0, 75548, 97887
2026/07/08 13:00:53.107, 6, 0, 75538, 97887
2026/07/08 13:00:53.128, 7, 0, 75538, 97887
2026/07/08 13:00:54.150, 0, 0, 48704, 97887
2026/07/08 13:00:54.169, 1, 0, 48104, 97887
2026/07/08 13:00:54.186, 2, 0, 48104, 97887
2026/07/08 13:00:54.204, 3, 0, 48104, 97887
2026/07/08 13:00:54.222, 4, 0, 75548, 97887
2026/07/08 13:00:54.246, 5, 0, 75548, 97887
2026/07/08 13:00:54.264, 6, 0, 75538, 97887
2026/07/08 13:00:54.283, 7, 0, 75538, 97887
2026/07/08 13:00:55.303, 0, 0, 48704, 97887
2026/07/08 13:00:55.325, 1, 0, 48104, 97887
2026/07/08 13:00:55.345, 2, 0, 48104, 97887
2026/07/08 13:00:55.367, 3, 0, 48104, 97887
2026/07/08 13:00:55.387, 4, 0, 75548, 97887
2026/07/08 13:00:55.408, 5, 0, 75548, 97887
2026/07/08 13:00:55.427, 6, 0, 75538, 97887
2026/07/08 13:00:55.443, 7, 0, 75538, 97887
2026/07/08 13:00:56.481, 0, 0, 48704, 97887
2026/07/08 13:00:56.612, 1, 0, 48104, 97887
2026/07/08 13:00:57.205, 2, 0, 48104, 97887
2026/07/08 13:00:57.218, 3, 0, 48104, 97887
2026/07/08 13:00:57.245, 4, 0, 75543, 97887
2026/07/08 13:00:57.275, 5, 0, 22, 97887
2026/07/08 13:00:57.321, 6, 86, 4, 97887
2026/07/08 13:00:57.342, 7, 0, 4, 97887
2026/07/08 13:00:58.354, 0, 0, 48704, 97887
2026/07/08 13:00:58.368, 1, 0, 48104, 97887
2026/07/08 13:00:58.383, 2, 0, 48104, 97887
2026/07/08 13:00:58.397, 3, 0, 48104, 97887
2026/07/08 13:00:58.412, 4, 0, 3, 97887
2026/07/08 13:00:58.427, 5, 0, 3, 97887
2026/07/08 13:00:58.441, 6, 0, 3, 97887
2026/07/08 13:00:58.456, 7, 0, 3, 97887
2026/07/08 13:00:59.471, 0, 0, 48704, 97887
2026/07/08 13:00:59.489, 1, 0, 48104, 97887
2026/07/08 13:00:59.506, 2, 0, 48104, 97887
2026/07/08 13:00:59.521, 3, 0, 48104, 97887
2026/07/08 13:00:59.537, 4, 0, 3, 97887
2026/07/08 13:00:59.553, 5, 0, 3, 97887
2026/07/08 13:00:59.569, 6, 0, 3, 97887
2026/07/08 13:00:59.585, 7, 0, 3, 97887
2026/07/08 13:01:00.601, 0, 0, 48704, 97887
2026/07/08 13:01:00.617, 1, 0, 48104, 97887
2026/07/08 13:01:00.630, 2, 0, 48104, 97887
2026/07/08 13:01:00.642, 3, 0, 48104, 97887
2026/07/08 13:01:00.659, 4, 0, 3, 97887
2026/07/08 13:01:00.674, 5, 0, 3, 97887
2026/07/08 13:01:00.691, 6, 0, 3, 97887
2026/07/08 13:01:00.705, 7, 0, 3, 97887
