timestamp, index, utilization.gpu [%], memory.used [MiB], memory.total [MiB]
2026/07/08 15:06:14.853, 0, 0, 0, 97887
2026/07/08 15:06:14.868, 1, 0, 0, 97887
2026/07/08 15:06:14.885, 2, 0, 0, 97887
2026/07/08 15:06:14.902, 3, 0, 0, 97887
2026/07/08 15:06:14.918, 4, 0, 0, 97887
2026/07/08 15:06:14.934, 5, 100, 0, 97887
2026/07/08 15:06:14.949, 6, 0, 0, 97887
2026/07/08 15:06:14.965, 7, 0, 0, 97887
2026/07/08 15:06:15.980, 0, 0, 0, 97887
2026/07/08 15:06:15.996, 1, 0, 0, 97887
2026/07/08 15:06:16.012, 2, 0, 0, 97887
2026/07/08 15:06:16.028, 3, 0, 0, 97887
2026/07/08 15:06:16.042, 4, 0, 0, 97887
2026/07/08 15:06:16.055, 5, 100, 0, 97887
2026/07/08 15:06:16.066, 6, 0, 0, 97887
2026/07/08 15:06:16.080, 7, 0, 0, 97887
2026/07/08 15:06:17.093, 0, 0, 0, 97887
2026/07/08 15:06:17.112, 1, 0, 0, 97887
2026/07/08 15:06:17.125, 2, 0, 0, 97887
2026/07/08 15:06:17.147, 3, 0, 0, 97887
2026/07/08 15:06:17.162, 4, 0, 0, 97887
2026/07/08 15:06:17.174, 5, 100, 0, 97887
2026/07/08 15:06:17.190, 6, 0, 0, 97887
2026/07/08 15:06:17.204, 7, 0, 0, 97887
2026/07/08 15:06:18.220, 0, 0, 0, 97887
2026/07/08 15:06:18.235, 1, 0, 0, 97887
2026/07/08 15:06:18.251, 2, 0, 0, 97887
2026/07/08 15:06:18.269, 3, 0, 0, 97887
2026/07/08 15:06:18.285, 4, 0, 0, 97887
2026/07/08 15:06:18.301, 5, 100, 0, 97887
2026/07/08 15:06:18.316, 6, 0, 0, 97887
2026/07/08 15:06:18.328, 7, 0, 0, 97887
2026/07/08 15:06:19.341, 0, 0, 0, 97887
2026/07/08 15:06:19.362, 1, 0, 0, 97887
2026/07/08 15:06:19.381, 2, 0, 0, 97887
2026/07/08 15:06:19.400, 3, 0, 0, 97887
2026/07/08 15:06:19.420, 4, 0, 0, 97887
2026/07/08 15:06:19.440, 5, 100, 0, 97887
2026/07/08 15:06:19.459, 6, 0, 0, 97887
2026/07/08 15:06:19.477, 7, 0, 0, 97887
2026/07/08 15:06:20.495, 0, 0, 0, 97887
2026/07/08 15:06:20.516, 1, 0, 0, 97887
2026/07/08 15:06:20.535, 2, 0, 0, 97887
2026/07/08 15:06:20.554, 3, 0, 0, 97887
2026/07/08 15:06:20.572, 4, 0, 0, 97887
2026/07/08 15:06:20.592, 5, 100, 0, 97887
2026/07/08 15:06:20.612, 6, 0, 0, 97887
2026/07/08 15:06:20.630, 7, 0, 0, 97887
2026/07/08 15:06:21.649, 0, 0, 0, 97887
2026/07/08 15:06:21.665, 1, 0, 0, 97887
2026/07/08 15:06:21.680, 2, 0, 0, 97887
2026/07/08 15:06:21.694, 3, 0, 0, 97887
2026/07/08 15:06:21.707, 4, 0, 0, 97887
2026/07/08 15:06:21.721, 5, 100, 0, 97887
2026/07/08 15:06:21.736, 6, 0, 0, 97887
2026/07/08 15:06:21.749, 7, 0, 0, 97887
2026/07/08 15:06:22.761, 0, 0, 0, 97887
2026/07/08 15:06:22.781, 1, 0, 0, 97887
2026/07/08 15:06:22.798, 2, 0, 0, 97887
2026/07/08 15:06:22.815, 3, 0, 0, 97887
2026/07/08 15:06:22.831, 4, 0, 0, 97887
2026/07/08 15:06:22.848, 5, 100, 0, 97887
2026/07/08 15:06:22.864, 6, 0, 0, 97887
2026/07/08 15:06:22.879, 7, 0, 0, 97887
2026/07/08 15:06:23.894, 0, 0, 3, 97887
2026/07/08 15:06:23.938, 1, 0, 3, 97887
2026/07/08 15:06:23.956, 2, 0, 3, 97887
2026/07/08 15:06:23.973, 3, 0, 3, 97887
2026/07/08 15:06:23.991, 4, 0, 3, 97887
2026/07/08 15:06:24.055, 5, 100, 3, 97887
2026/07/08 15:06:24.072, 6, 0, 3, 97887
2026/07/08 15:06:24.089, 7, 0, 3, 97887
2026/07/08 15:06:25.104, 0, 0, 3, 97887
2026/07/08 15:06:25.120, 1, 0, 3, 97887
2026/07/08 15:06:25.135, 2, 0, 3, 97887
2026/07/08 15:06:25.149, 3, 0, 3, 97887
2026/07/08 15:06:25.163, 4, 0, 3, 97887
2026/07/08 15:06:25.177, 5, 100, 3, 97887
2026/07/08 15:06:25.191, 6, 0, 3, 97887
2026/07/08 15:06:25.205, 7, 0, 3, 97887
2026/07/08 15:06:26.220, 0, 0, 3, 97887
2026/07/08 15:06:26.239, 1, 0, 3, 97887
2026/07/08 15:06:26.253, 2, 0, 3, 97887
2026/07/08 15:06:26.268, 3, 0, 3, 97887
2026/07/08 15:06:26.282, 4, 0, 3, 97887
2026/07/08 15:06:26.297, 5, 100, 3, 97887
2026/07/08 15:06:26.310, 6, 0, 3, 97887
2026/07/08 15:06:26.325, 7, 0, 3, 97887
2026/07/08 15:06:27.341, 0, 0, 3, 97887
2026/07/08 15:06:27.360, 1, 0, 3, 97887
2026/07/08 15:06:27.377, 2, 0, 3, 97887
2026/07/08 15:06:27.396, 3, 0, 3, 97887
2026/07/08 15:06:27.412, 4, 0, 3, 97887
2026/07/08 15:06:27.430, 5, 100, 3, 97887
2026/07/08 15:06:27.445, 6, 0, 3, 97887
2026/07/08 15:06:27.462, 7, 0, 3, 97887
2026/07/08 15:06:28.480, 0, 0, 3, 97887
2026/07/08 15:06:28.501, 1, 0, 3, 97887
2026/07/08 15:06:28.521, 2, 0, 3, 97887
2026/07/08 15:06:28.541, 3, 0, 3, 97887
2026/07/08 15:06:28.565, 4, 0, 3, 97887
2026/07/08 15:06:28.585, 5, 100, 3, 97887
2026/07/08 15:06:28.604, 6, 0, 3, 97887
2026/07/08 15:06:28.623, 7, 0, 3, 97887
2026/07/08 15:06:29.639, 0, 0, 3, 97887
2026/07/08 15:06:29.659, 1, 0, 3, 97887
2026/07/08 15:06:29.678, 2, 0, 3, 97887
2026/07/08 15:06:29.698, 3, 0, 3, 97887
2026/07/08 15:06:29.716, 4, 0, 3, 97887
2026/07/08 15:06:29.733, 5, 100, 3, 97887
2026/07/08 15:06:29.751, 6, 0, 3, 97887
2026/07/08 15:06:29.769, 7, 0, 3, 97887
2026/07/08 15:06:30.789, 0, 0, 3, 97887
2026/07/08 15:06:30.806, 1, 0, 3, 97887
2026/07/08 15:06:30.821, 2, 0, 3, 97887
2026/07/08 15:06:30.838, 3, 0, 3, 97887
2026/07/08 15:06:30.855, 4, 0, 3, 97887
2026/07/08 15:06:30.871, 5, 100, 3, 97887
2026/07/08 15:06:30.888, 6, 0, 3, 97887
2026/07/08 15:06:30.907, 7, 0, 3, 97887
2026/07/08 15:06:31.924, 0, 0, 3, 97887
2026/07/08 15:06:31.941, 1, 0, 3, 97887
2026/07/08 15:06:31.958, 2, 0, 3, 97887
2026/07/08 15:06:31.976, 3, 0, 3, 97887
2026/07/08 15:06:31.993, 4, 0, 3, 97887
2026/07/08 15:06:32.008, 5, 100, 3, 97887
2026/07/08 15:06:32.023, 6, 0, 3, 97887
2026/07/08 15:06:32.038, 7, 0, 3, 97887
2026/07/08 15:06:33.056, 0, 0, 3, 97887
2026/07/08 15:06:33.073, 1, 0, 3, 97887
2026/07/08 15:06:33.093, 2, 0, 3, 97887
2026/07/08 15:06:33.112, 3, 0, 3, 97887
2026/07/08 15:06:33.133, 4, 0, 3, 97887
2026/07/08 15:06:33.149, 5, 100, 3, 97887
2026/07/08 15:06:33.163, 6, 0, 3, 97887
2026/07/08 15:06:33.178, 7, 0, 3, 97887
2026/07/08 15:06:34.195, 0, 0, 3, 97887
2026/07/08 15:06:34.211, 1, 0, 3, 97887
2026/07/08 15:06:34.227, 2, 0, 3, 97887
2026/07/08 15:06:34.245, 3, 0, 3, 97887
2026/07/08 15:06:34.262, 4, 0, 3, 97887
2026/07/08 15:06:34.277, 5, 100, 3, 97887
2026/07/08 15:06:34.293, 6, 0, 3, 97887
2026/07/08 15:06:34.309, 7, 0, 3, 97887
2026/07/08 15:06:35.325, 0, 0, 3, 97887
2026/07/08 15:06:35.341, 1, 0, 3, 97887
2026/07/08 15:06:35.356, 2, 0, 3, 97887
2026/07/08 15:06:35.371, 3, 0, 3, 97887
2026/07/08 15:06:35.386, 4, 0, 3, 97887
2026/07/08 15:06:35.401, 5, 100, 3, 97887
2026/07/08 15:06:35.415, 6, 0, 3, 97887
2026/07/08 15:06:35.427, 7, 0, 3, 97887
2026/07/08 15:06:36.441, 0, 0, 3, 97887
2026/07/08 15:06:36.458, 1, 0, 3, 97887
2026/07/08 15:06:36.471, 2, 0, 3, 97887
2026/07/08 15:06:36.487, 3, 0, 3, 97887
2026/07/08 15:06:36.503, 4, 0, 3, 97887
2026/07/08 15:06:36.519, 5, 100, 3, 97887
2026/07/08 15:06:36.534, 6, 0, 3, 97887
2026/07/08 15:06:36.550, 7, 0, 3, 97887
2026/07/08 15:06:37.566, 0, 0, 3, 97887
2026/07/08 15:06:37.580, 1, 0, 3, 97887
2026/07/08 15:06:37.591, 2, 0, 3, 97887
2026/07/08 15:06:37.602, 3, 0, 3, 97887
2026/07/08 15:06:37.614, 4, 0, 3, 97887
2026/07/08 15:06:37.630, 5, 100, 3, 97887
2026/07/08 15:06:37.647, 6, 0, 3, 97887
2026/07/08 15:06:37.660, 7, 0, 3, 97887
2026/07/08 15:06:38.677, 0, 0, 3, 97887
2026/07/08 15:06:38.692, 1, 0, 3, 97887
2026/07/08 15:06:38.707, 2, 0, 3, 97887
2026/07/08 15:06:38.720, 3, 0, 3, 97887
2026/07/08 15:06:38.733, 4, 0, 3, 97887
2026/07/08 15:06:38.746, 5, 100, 3, 97887
2026/07/08 15:06:38.762, 6, 0, 3, 97887
2026/07/08 15:06:38.781, 7, 0, 3, 97887
2026/07/08 15:06:39.798, 0, 0, 3, 97887
2026/07/08 15:06:39.811, 1, 0, 3, 97887
2026/07/08 15:06:39.824, 2, 0, 3, 97887
2026/07/08 15:06:39.840, 3, 0, 3, 97887
2026/07/08 15:06:39.858, 4, 0, 3, 97887
2026/07/08 15:06:39.875, 5, 100, 3, 97887
2026/07/08 15:06:39.888, 6, 0, 3, 97887
2026/07/08 15:06:39.901, 7, 0, 3, 97887
2026/07/08 15:06:40.921, 0, 0, 3, 97887
2026/07/08 15:06:40.939, 1, 0, 3, 97887
2026/07/08 15:06:40.961, 2, 0, 3, 97887
2026/07/08 15:06:40.982, 3, 0, 3, 97887
2026/07/08 15:06:40.996, 4, 0, 3, 97887
2026/07/08 15:06:41.041, 5, 100, 3, 97887
2026/07/08 15:06:41.063, 6, 0, 3, 97887
2026/07/08 15:06:41.080, 7, 0, 3, 97887
2026/07/08 15:06:42.101, 0, 0, 3, 97887
2026/07/08 15:06:42.116, 1, 0, 3, 97887
2026/07/08 15:06:42.130, 2, 0, 3, 97887
2026/07/08 15:06:42.146, 3, 0, 3, 97887
2026/07/08 15:06:42.164, 4, 0, 3, 97887
2026/07/08 15:06:42.179, 5, 100, 3, 97887
2026/07/08 15:06:42.196, 6, 0, 3, 97887
2026/07/08 15:06:42.213, 7, 0, 3, 97887
2026/07/08 15:06:43.226, 0, 0, 3, 97887
2026/07/08 15:06:43.242, 1, 0, 3, 97887
2026/07/08 15:06:43.261, 2, 0, 3, 97887
2026/07/08 15:06:43.278, 3, 0, 3, 97887
2026/07/08 15:06:43.293, 4, 0, 3, 97887
2026/07/08 15:06:43.308, 5, 100, 3, 97887
2026/07/08 15:06:43.323, 6, 0, 3, 97887
2026/07/08 15:06:43.337, 7, 0, 3, 97887
2026/07/08 15:06:44.352, 0, 0, 3, 97887
2026/07/08 15:06:44.372, 1, 0, 3, 97887
2026/07/08 15:06:44.390, 2, 0, 3, 97887
2026/07/08 15:06:44.407, 3, 0, 3, 97887
2026/07/08 15:06:44.422, 4, 0, 3, 97887
2026/07/08 15:06:44.437, 5, 100, 3, 97887
2026/07/08 15:06:44.453, 6, 0, 3, 97887
2026/07/08 15:06:44.469, 7, 0, 3, 97887
2026/07/08 15:06:45.485, 0, 0, 3, 97887
2026/07/08 15:06:45.502, 1, 0, 3, 97887
2026/07/08 15:06:45.519, 2, 0, 3, 97887
2026/07/08 15:06:45.533, 3, 0, 3, 97887
2026/07/08 15:06:45.550, 4, 0, 3, 97887
2026/07/08 15:06:45.565, 5, 100, 3, 97887
2026/07/08 15:06:45.579, 6, 0, 3, 97887
2026/07/08 15:06:45.594, 7, 0, 3, 97887
2026/07/08 15:06:46.613, 0, 0, 3, 97887
2026/07/08 15:06:46.630, 1, 0, 3, 97887
2026/07/08 15:06:46.648, 2, 0, 3, 97887
2026/07/08 15:06:46.665, 3, 0, 3, 97887
2026/07/08 15:06:46.680, 4, 0, 3, 97887
2026/07/08 15:06:46.698, 5, 100, 3, 97887
2026/07/08 15:06:46.715, 6, 0, 3, 97887
2026/07/08 15:06:46.732, 7, 0, 3, 97887
2026/07/08 15:06:47.749, 0, 0, 3, 97887
2026/07/08 15:06:47.765, 1, 0, 3, 97887
2026/07/08 15:06:47.780, 2, 0, 3, 97887
2026/07/08 15:06:47.794, 3, 0, 3, 97887
2026/07/08 15:06:47.807, 4, 0, 3, 97887
2026/07/08 15:06:47.822, 5, 100, 3, 97887
2026/07/08 15:06:47.838, 6, 0, 3, 97887
2026/07/08 15:06:47.853, 7, 0, 3, 97887
2026/07/08 15:06:48.867, 0, 0, 3, 97887
2026/07/08 15:06:48.885, 1, 0, 3, 97887
2026/07/08 15:06:48.898, 2, 0, 3, 97887
2026/07/08 15:06:48.913, 3, 0, 3, 97887
2026/07/08 15:06:48.925, 4, 0, 3, 97887
2026/07/08 15:06:48.942, 5, 100, 3, 97887
2026/07/08 15:06:48.955, 6, 0, 3, 97887
2026/07/08 15:06:48.972, 7, 0, 3, 97887
2026/07/08 15:06:49.988, 0, 0, 3, 97887
2026/07/08 15:06:50.006, 1, 0, 3, 97887
2026/07/08 15:06:50.022, 2, 0, 3, 97887
2026/07/08 15:06:50.037, 3, 0, 3, 97887
2026/07/08 15:06:50.052, 4, 0, 3, 97887
2026/07/08 15:06:50.069, 5, 100, 3, 97887
2026/07/08 15:06:50.087, 6, 0, 3, 97887
2026/07/08 15:06:50.105, 7, 0, 3, 97887
2026/07/08 15:06:51.122, 0, 0, 3, 97887
2026/07/08 15:06:51.144, 1, 0, 3, 97887
2026/07/08 15:06:51.164, 2, 0, 3, 97887
2026/07/08 15:06:51.183, 3, 0, 3, 97887
2026/07/08 15:06:51.202, 4, 0, 3, 97887
2026/07/08 15:06:51.217, 5, 100, 3, 97887
2026/07/08 15:06:51.229, 6, 0, 3, 97887
2026/07/08 15:06:51.241, 7, 0, 3, 97887
2026/07/08 15:06:52.253, 0, 0, 42, 97887
2026/07/08 15:06:52.273, 1, 0, 3, 97887
2026/07/08 15:06:52.292, 2, 0, 3, 97887
2026/07/08 15:06:52.310, 3, 0, 3, 97887
2026/07/08 15:06:52.329, 4, 0, 3, 97887
2026/07/08 15:06:52.349, 5, 100, 3, 97887
2026/07/08 15:06:52.369, 6, 0, 3, 97887
2026/07/08 15:06:52.390, 7, 0, 3, 97887
2026/07/08 15:06:53.410, 0, 0, 562, 97887
2026/07/08 15:06:53.432, 1, 0, 3, 97887
2026/07/08 15:06:53.452, 2, 0, 3, 97887
2026/07/08 15:06:53.472, 3, 0, 3, 97887
2026/07/08 15:06:53.490, 4, 0, 3, 97887
2026/07/08 15:06:53.513, 5, 100, 3, 97887
2026/07/08 15:06:53.534, 6, 0, 3, 97887
2026/07/08 15:06:53.558, 7, 0, 3, 97887
2026/07/08 15:06:54.580, 0, 0, 562, 97887
2026/07/08 15:06:54.596, 1, 0, 3, 97887
2026/07/08 15:06:54.614, 2, 0, 3, 97887
2026/07/08 15:06:54.632, 3, 0, 3, 97887
2026/07/08 15:06:54.648, 4, 0, 3, 97887
2026/07/08 15:06:54.663, 5, 100, 3, 97887
2026/07/08 15:06:54.679, 6, 0, 3, 97887
2026/07/08 15:06:54.694, 7, 0, 3, 97887
2026/07/08 15:06:55.710, 0, 0, 562, 97887
2026/07/08 15:06:55.728, 1, 0, 3, 97887
2026/07/08 15:06:55.747, 2, 0, 3, 97887
2026/07/08 15:06:55.764, 3, 0, 3, 97887
2026/07/08 15:06:55.778, 4, 0, 3, 97887
2026/07/08 15:06:55.790, 5, 100, 3, 97887
2026/07/08 15:06:55.804, 6, 0, 3, 97887
2026/07/08 15:06:55.814, 7, 0, 3, 97887
2026/07/08 15:06:56.825, 0, 0, 562, 97887
2026/07/08 15:06:56.849, 1, 0, 3, 97887
2026/07/08 15:06:56.866, 2, 0, 3, 97887
2026/07/08 15:06:56.885, 3, 0, 3, 97887
2026/07/08 15:06:56.903, 4, 0, 3, 97887
2026/07/08 15:06:56.922, 5, 100, 3, 97887
2026/07/08 15:06:56.946, 6, 0, 3, 97887
2026/07/08 15:06:56.967, 7, 0, 3, 97887
2026/07/08 15:06:57.992, 0, 0, 562, 97887
2026/07/08 15:06:58.011, 1, 0, 3, 97887
2026/07/08 15:06:58.028, 2, 0, 3, 97887
2026/07/08 15:06:58.045, 3, 0, 3, 97887
2026/07/08 15:06:58.064, 4, 0, 3, 97887
2026/07/08 15:06:58.083, 5, 100, 3, 97887
2026/07/08 15:06:58.101, 6, 0, 3, 97887
2026/07/08 15:06:58.120, 7, 0, 3, 97887
2026/07/08 15:06:59.136, 0, 0, 562, 97887
2026/07/08 15:06:59.154, 1, 0, 3, 97887
2026/07/08 15:06:59.169, 2, 0, 3, 97887
2026/07/08 15:06:59.184, 3, 0, 3, 97887
2026/07/08 15:06:59.200, 4, 0, 3, 97887
2026/07/08 15:06:59.216, 5, 100, 3, 97887
2026/07/08 15:06:59.232, 6, 0, 3, 97887
2026/07/08 15:06:59.248, 7, 0, 3, 97887
2026/07/08 15:07:00.264, 0, 0, 562, 97887
2026/07/08 15:07:00.282, 1, 0, 3, 97887
2026/07/08 15:07:00.302, 2, 0, 3, 97887
2026/07/08 15:07:00.321, 3, 0, 3, 97887
2026/07/08 15:07:00.338, 4, 0, 3, 97887
2026/07/08 15:07:00.354, 5, 100, 3, 97887
2026/07/08 15:07:00.370, 6, 0, 3, 97887
2026/07/08 15:07:00.391, 7, 0, 3, 97887
2026/07/08 15:07:01.410, 0, 0, 562, 97887
2026/07/08 15:07:01.429, 1, 0, 3, 97887
2026/07/08 15:07:01.447, 2, 0, 3, 97887
2026/07/08 15:07:01.463, 3, 0, 3, 97887
2026/07/08 15:07:01.480, 4, 0, 3, 97887
2026/07/08 15:07:01.493, 5, 100, 3, 97887
2026/07/08 15:07:01.504, 6, 0, 3, 97887
2026/07/08 15:07:01.516, 7, 0, 3, 97887
2026/07/08 15:07:02.526, 0, 0, 562, 97887
2026/07/08 15:07:02.537, 1, 0, 3, 97887
2026/07/08 15:07:02.550, 2, 0, 3, 97887
2026/07/08 15:07:02.561, 3, 0, 3, 97887
2026/07/08 15:07:02.572, 4, 0, 3, 97887
2026/07/08 15:07:02.580, 5, 100, 3, 97887
2026/07/08 15:07:02.590, 6, 0, 3, 97887
2026/07/08 15:07:02.601, 7, 0, 3, 97887
2026/07/08 15:07:03.615, 0, 0, 562, 97887
2026/07/08 15:07:03.633, 1, 0, 3, 97887
2026/07/08 15:07:03.649, 2, 0, 3, 97887
2026/07/08 15:07:03.665, 3, 0, 3, 97887
2026/07/08 15:07:03.682, 4, 0, 3, 97887
2026/07/08 15:07:03.700, 5, 100, 3, 97887
2026/07/08 15:07:03.719, 6, 0, 3, 97887
2026/07/08 15:07:03.737, 7, 0, 3, 97887
2026/07/08 15:07:04.754, 0, 0, 562, 97887
2026/07/08 15:07:04.772, 1, 0, 3, 97887
2026/07/08 15:07:04.788, 2, 0, 3, 97887
2026/07/08 15:07:04.803, 3, 0, 3, 97887
2026/07/08 15:07:04.821, 4, 0, 3, 97887
2026/07/08 15:07:04.839, 5, 100, 3, 97887
2026/07/08 15:07:04.856, 6, 0, 3, 97887
2026/07/08 15:07:04.871, 7, 0, 3, 97887
2026/07/08 15:07:05.886, 0, 0, 562, 97887
2026/07/08 15:07:05.903, 1, 0, 3, 97887
2026/07/08 15:07:05.921, 2, 0, 3, 97887
2026/07/08 15:07:05.935, 3, 0, 3, 97887
2026/07/08 15:07:05.953, 4, 0, 3, 97887
2026/07/08 15:07:05.975, 5, 100, 3, 97887
2026/07/08 15:07:05.993, 6, 0, 3, 97887
2026/07/08 15:07:06.013, 7, 0, 3, 97887
2026/07/08 15:07:07.031, 0, 0, 562, 97887
2026/07/08 15:07:07.049, 1, 0, 3, 97887
2026/07/08 15:07:07.066, 2, 0, 3, 97887
2026/07/08 15:07:07.083, 3, 0, 3, 97887
2026/07/08 15:07:07.099, 4, 0, 3, 97887
2026/07/08 15:07:07.116, 5, 100, 3, 97887
2026/07/08 15:07:07.132, 6, 0, 3, 97887
2026/07/08 15:07:07.148, 7, 0, 3, 97887
2026/07/08 15:07:08.166, 0, 0, 562, 97887
2026/07/08 15:07:08.183, 1, 0, 4, 97887
2026/07/08 15:07:08.197, 2, 0, 4, 97887
2026/07/08 15:07:08.210, 3, 0, 4, 97887
2026/07/08 15:07:08.224, 4, 0, 4, 97887
2026/07/08 15:07:08.240, 5, 100, 4, 97887
2026/07/08 15:07:08.254, 6, 0, 4, 97887
2026/07/08 15:07:08.270, 7, 0, 4, 97887
2026/07/08 15:07:09.284, 0, 0, 562, 97887
2026/07/08 15:07:09.305, 1, 0, 562, 97887
2026/07/08 15:07:09.325, 2, 0, 562, 97887
2026/07/08 15:07:09.474, 3, 0, 22, 97887
2026/07/08 15:07:09.493, 4, 0, 4, 97887
2026/07/08 15:07:09.514, 5, 100, 4, 97887
2026/07/08 15:07:09.530, 6, 0, 4, 97887
2026/07/08 15:07:09.550, 7, 0, 4, 97887
2026/07/08 15:07:10.567, 0, 0, 562, 97887
2026/07/08 15:07:10.585, 1, 0, 562, 97887
2026/07/08 15:07:10.601, 2, 0, 562, 97887
2026/07/08 15:07:10.618, 3, 0, 562, 97887
2026/07/08 15:07:10.636, 4, 0, 4, 97887
2026/07/08 15:07:10.653, 5, 100, 4, 97887
2026/07/08 15:07:10.668, 6, 0, 4, 97887
2026/07/08 15:07:10.684, 7, 0, 4, 97887
2026/07/08 15:07:11.700, 0, 0, 562, 97887
2026/07/08 15:07:11.718, 1, 0, 562, 97887
2026/07/08 15:07:11.736, 2, 0, 562, 97887
2026/07/08 15:07:11.750, 3, 0, 562, 97887
2026/07/08 15:07:11.771, 4, 0, 4, 97887
2026/07/08 15:07:11.789, 5, 100, 4, 97887
2026/07/08 15:07:11.806, 6, 0, 4, 97887
2026/07/08 15:07:11.821, 7, 0, 4, 97887
2026/07/08 15:07:12.837, 0, 0, 562, 97887
2026/07/08 15:07:12.853, 1, 0, 562, 97887
2026/07/08 15:07:12.867, 2, 0, 562, 97887
2026/07/08 15:07:12.883, 3, 0, 562, 97887
2026/07/08 15:07:12.897, 4, 0, 4, 97887
2026/07/08 15:07:12.911, 5, 100, 4, 97887
2026/07/08 15:07:12.926, 6, 0, 4, 97887
2026/07/08 15:07:12.941, 7, 0, 4, 97887
2026/07/08 15:07:13.955, 0, 0, 562, 97887
2026/07/08 15:07:13.967, 1, 0, 562, 97887
2026/07/08 15:07:13.981, 2, 0, 562, 97887
2026/07/08 15:07:13.994, 3, 0, 562, 97887
2026/07/08 15:07:14.007, 4, 0, 4, 97887
2026/07/08 15:07:14.021, 5, 100, 4, 97887
2026/07/08 15:07:14.033, 6, 0, 4, 97887
2026/07/08 15:07:14.044, 7, 0, 4, 97887
2026/07/08 15:07:15.054, 0, 4, 972, 97887
2026/07/08 15:07:15.071, 1, 0, 1036, 97887
2026/07/08 15:07:15.086, 2, 0, 1142, 97887
2026/07/08 15:07:15.098, 3, 0, 1602, 97887
2026/07/08 15:07:15.113, 4, 0, 4, 97887
2026/07/08 15:07:15.129, 5, 100, 4, 97887
2026/07/08 15:07:15.146, 6, 0, 4, 97887
2026/07/08 15:07:15.163, 7, 0, 4, 97887
2026/07/08 15:07:16.179, 0, 3, 63586, 97887
2026/07/08 15:07:16.197, 1, 23, 63586, 97887
2026/07/08 15:07:16.213, 2, 3, 63586, 97887
2026/07/08 15:07:16.232, 3, 42, 63586, 97887
2026/07/08 15:07:16.249, 4, 0, 4, 97887
2026/07/08 15:07:16.266, 5, 100, 4, 97887
2026/07/08 15:07:16.284, 6, 0, 4, 97887
2026/07/08 15:07:16.301, 7, 0, 4, 97887
2026/07/08 15:07:17.317, 0, 4, 63712, 97887
2026/07/08 15:07:17.335, 1, 6, 63712, 97887
2026/07/08 15:07:17.352, 2, 6, 63712, 97887
2026/07/08 15:07:17.371, 3, 5, 63712, 97887
2026/07/08 15:07:17.389, 4, 0, 4, 97887
2026/07/08 15:07:17.407, 5, 100, 4, 97887
2026/07/08 15:07:17.429, 6, 0, 4, 97887
2026/07/08 15:07:17.449, 7, 0, 4, 97887
2026/07/08 15:07:18.476, 0, 2, 63714, 97887
2026/07/08 15:07:18.495, 1, 0, 63714, 97887
2026/07/08 15:07:18.511, 2, 2, 63714, 97887
2026/07/08 15:07:18.528, 3, 2, 63714, 97887
2026/07/08 15:07:18.544, 4, 0, 4, 97887
2026/07/08 15:07:18.561, 5, 100, 4, 97887
2026/07/08 15:07:18.575, 6, 0, 4, 97887
2026/07/08 15:07:18.592, 7, 0, 4, 97887
2026/07/08 15:07:19.609, 0, 3, 63714, 97887
2026/07/08 15:07:19.627, 1, 3, 63714, 97887
2026/07/08 15:07:19.644, 2, 3, 63714, 97887
2026/07/08 15:07:19.662, 3, 2, 63714, 97887
2026/07/08 15:07:19.677, 4, 0, 4, 97887
2026/07/08 15:07:19.693, 5, 100, 4, 97887
2026/07/08 15:07:19.709, 6, 0, 4, 97887
2026/07/08 15:07:19.725, 7, 0, 4, 97887
2026/07/08 15:07:20.740, 0, 2, 63714, 97887
2026/07/08 15:07:20.755, 1, 0, 63714, 97887
2026/07/08 15:07:20.773, 2, 3, 63714, 97887
2026/07/08 15:07:20.788, 3, 2, 63714, 97887
2026/07/08 15:07:20.803, 4, 0, 4, 97887
2026/07/08 15:07:20.821, 5, 100, 4, 97887
2026/07/08 15:07:20.838, 6, 0, 4, 97887
2026/07/08 15:07:20.855, 7, 0, 4, 97887
2026/07/08 15:07:21.871, 0, 3, 63714, 97887
2026/07/08 15:07:21.887, 1, 58, 63714, 97887
2026/07/08 15:07:21.902, 2, 23, 63714, 97887
2026/07/08 15:07:21.915, 3, 3, 63714, 97887
2026/07/08 15:07:21.927, 4, 0, 4, 97887
2026/07/08 15:07:21.940, 5, 100, 4, 97887
2026/07/08 15:07:21.955, 6, 0, 4, 97887
2026/07/08 15:07:21.972, 7, 0, 4, 97887
2026/07/08 15:07:22.986, 0, 2, 63714, 97887
2026/07/08 15:07:23.004, 1, 2, 63714, 97887
2026/07/08 15:07:23.020, 2, 2, 63714, 97887
2026/07/08 15:07:23.039, 3, 2, 63714, 97887
2026/07/08 15:07:23.054, 4, 0, 4, 97887
2026/07/08 15:07:23.069, 5, 100, 4, 97887
2026/07/08 15:07:23.084, 6, 0, 4, 97887
2026/07/08 15:07:23.098, 7, 0, 4, 97887
2026/07/08 15:07:24.111, 0, 2, 63714, 97887
2026/07/08 15:07:24.128, 1, 3, 63714, 97887
2026/07/08 15:07:24.144, 2, 3, 63714, 97887
2026/07/08 15:07:24.161, 3, 3, 63714, 97887
2026/07/08 15:07:24.177, 4, 0, 4, 97887
2026/07/08 15:07:24.186, 5, 100, 4, 97887
2026/07/08 15:07:24.197, 6, 0, 4, 97887
2026/07/08 15:07:24.212, 7, 0, 4, 97887
2026/07/08 15:07:25.225, 0, 3, 63714, 97887
2026/07/08 15:07:25.243, 1, 2, 63714, 97887
2026/07/08 15:07:25.260, 2, 2, 63714, 97887
2026/07/08 15:07:25.277, 3, 2, 63714, 97887
2026/07/08 15:07:25.293, 4, 0, 4, 97887
2026/07/08 15:07:25.308, 5, 100, 4, 97887
2026/07/08 15:07:25.326, 6, 0, 4, 97887
2026/07/08 15:07:25.340, 7, 0, 4, 97887
2026/07/08 15:07:26.355, 0, 2, 63714, 97887
2026/07/08 15:07:26.368, 1, 3, 63714, 97887
2026/07/08 15:07:26.384, 2, 3, 63714, 97887
2026/07/08 15:07:26.398, 3, 3, 63714, 97887
2026/07/08 15:07:26.413, 4, 0, 4, 97887
2026/07/08 15:07:26.429, 5, 100, 4, 97887
2026/07/08 15:07:26.445, 6, 0, 4, 97887
2026/07/08 15:07:26.458, 7, 0, 4, 97887
2026/07/08 15:07:27.473, 0, 3, 63714, 97887
2026/07/08 15:07:27.491, 1, 3, 63714, 97887
2026/07/08 15:07:27.505, 2, 3, 63714, 97887
2026/07/08 15:07:27.521, 3, 3, 63714, 97887
2026/07/08 15:07:27.534, 4, 0, 4, 97887
2026/07/08 15:07:27.545, 5, 100, 4, 97887
2026/07/08 15:07:27.557, 6, 0, 563, 97887
2026/07/08 15:07:27.568, 7, 0, 4, 97887
2026/07/08 15:07:28.582, 0, 3, 63714, 97887
2026/07/08 15:07:28.598, 1, 3, 63714, 97887
2026/07/08 15:07:28.611, 2, 3, 63714, 97887
2026/07/08 15:07:28.627, 3, 3, 63714, 97887
2026/07/08 15:07:28.642, 4, 2, 655, 97887
2026/07/08 15:07:28.655, 5, 1, 655, 97887
2026/07/08 15:07:28.670, 6, 0, 563, 97887
2026/07/08 15:07:28.684, 7, 0, 4, 97887
2026/07/08 15:07:29.700, 0, 3, 63714, 97887
2026/07/08 15:07:29.718, 1, 3, 63714, 97887
2026/07/08 15:07:29.732, 2, 3, 63714, 97887
2026/07/08 15:07:29.747, 3, 2, 63714, 97887
2026/07/08 15:07:29.761, 4, 0, 889, 97887
2026/07/08 15:07:29.774, 5, 0, 889, 97887
2026/07/08 15:07:29.785, 6, 4, 889, 97887
2026/07/08 15:07:29.805, 7, 1, 889, 97887
2026/07/08 15:07:30.820, 0, 3, 63714, 97887
2026/07/08 15:07:30.834, 1, 3, 63714, 97887
2026/07/08 15:07:30.845, 2, 3, 63714, 97887
2026/07/08 15:07:30.856, 3, 3, 63714, 97887
2026/07/08 15:07:30.868, 4, 0, 1217, 97887
2026/07/08 15:07:30.880, 5, 0, 8375, 97887
2026/07/08 15:07:30.891, 6, 0, 889, 97887
2026/07/08 15:07:30.902, 7, 0, 889, 97887
2026/07/08 15:07:31.916, 0, 2, 63714, 97887
2026/07/08 15:07:31.933, 1, 3, 63714, 97887
2026/07/08 15:07:31.948, 2, 2, 63714, 97887
2026/07/08 15:07:31.967, 3, 3, 63714, 97887
2026/07/08 15:07:31.983, 4, 0, 30147, 97887
2026/07/08 15:07:31.998, 5, 0, 30147, 97887
2026/07/08 15:07:32.014, 6, 0, 30147, 97887
2026/07/08 15:07:32.030, 7, 0, 30147, 97887
2026/07/08 15:07:33.047, 0, 3, 63714, 97887
2026/07/08 15:07:33.055, 1, 3, 63714, 97887
2026/07/08 15:07:33.068, 2, 3, 63714, 97887
2026/07/08 15:07:33.078, 3, 3, 63714, 97887
2026/07/08 15:07:33.088, 4, 0, 30147, 97887
2026/07/08 15:07:33.098, 5, 0, 30147, 97887
2026/07/08 15:07:33.109, 6, 7, 30147, 97887
2026/07/08 15:07:33.122, 7, 0, 30147, 97887
2026/07/08 15:07:34.133, 0, 3, 63714, 97887
2026/07/08 15:07:34.145, 1, 3, 63714, 97887
2026/07/08 15:07:34.150, 2, 3, 63714, 97887
2026/07/08 15:07:34.163, 3, 3, 63714, 97887
2026/07/08 15:07:34.173, 4, 8, 30147, 97887
2026/07/08 15:07:34.187, 5, 8, 30147, 97887
2026/07/08 15:07:34.198, 6, 6, 30147, 97887
2026/07/08 15:07:34.209, 7, 7, 30147, 97887
2026/07/08 15:07:35.221, 0, 3, 63714, 97887
2026/07/08 15:07:35.236, 1, 2, 63714, 97887
2026/07/08 15:07:35.249, 2, 3, 63714, 97887
2026/07/08 15:07:35.258, 3, 3, 63714, 97887
2026/07/08 15:07:35.267, 4, 9, 30147, 97887
2026/07/08 15:07:35.280, 5, 5, 30147, 97887
2026/07/08 15:07:35.295, 6, 6, 30147, 97887
2026/07/08 15:07:35.308, 7, 7, 30147, 97887
2026/07/08 15:07:36.321, 0, 3, 63714, 97887
2026/07/08 15:07:36.335, 1, 3, 63714, 97887
2026/07/08 15:07:36.348, 2, 3, 63714, 97887
2026/07/08 15:07:36.360, 3, 3, 63714, 97887
2026/07/08 15:07:36.374, 4, 9, 30147, 97887
2026/07/08 15:07:36.387, 5, 9, 30147, 97887
2026/07/08 15:07:36.402, 6, 3, 30147, 97887
2026/07/08 15:07:36.417, 7, 2, 30147, 97887
2026/07/08 15:07:37.434, 0, 3, 63714, 97887
2026/07/08 15:07:37.448, 1, 3, 63714, 97887
2026/07/08 15:07:37.462, 2, 3, 63714, 97887
2026/07/08 15:07:37.476, 3, 2, 63714, 97887
2026/07/08 15:07:37.490, 4, 4, 30147, 97887
2026/07/08 15:07:37.505, 5, 8, 30147, 97887
2026/07/08 15:07:37.518, 6, 5, 30147, 97887
2026/07/08 15:07:37.531, 7, 7, 30147, 97887
2026/07/08 15:07:38.544, 0, 3, 63714, 97887
2026/07/08 15:07:38.557, 1, 3, 63714, 97887
2026/07/08 15:07:38.570, 2, 3, 63714, 97887
2026/07/08 15:07:38.584, 3, 3, 63714, 97887
2026/07/08 15:07:38.597, 4, 8, 30147, 97887
2026/07/08 15:07:38.609, 5, 8, 30147, 97887
2026/07/08 15:07:38.620, 6, 7, 30147, 97887
2026/07/08 15:07:38.632, 7, 2, 30147, 97887
2026/07/08 15:07:39.644, 0, 3, 63714, 97887
2026/07/08 15:07:39.659, 1, 3, 63714, 97887
2026/07/08 15:07:39.671, 2, 3, 63714, 97887
2026/07/08 15:07:39.684, 3, 3, 63714, 97887
2026/07/08 15:07:39.697, 4, 10, 30147, 97887
2026/07/08 15:07:39.711, 5, 7, 30147, 97887
2026/07/08 15:07:39.724, 6, 5, 30147, 97887
2026/07/08 15:07:39.736, 7, 7, 30147, 97887
2026/07/08 15:07:40.749, 0, 3, 63714, 97887
2026/07/08 15:07:40.762, 1, 3, 63714, 97887
2026/07/08 15:07:40.772, 2, 3, 63714, 97887
2026/07/08 15:07:40.785, 3, 3, 63714, 97887
2026/07/08 15:07:40.799, 4, 10, 30147, 97887
2026/07/08 15:07:40.812, 5, 10, 30147, 97887
2026/07/08 15:07:40.824, 6, 5, 30147, 97887
2026/07/08 15:07:40.837, 7, 7, 30147, 97887
2026/07/08 15:07:41.850, 0, 3, 63714, 97887
2026/07/08 15:07:41.865, 1, 3, 63714, 97887
2026/07/08 15:07:41.879, 2, 2, 63714, 97887
2026/07/08 15:07:41.892, 3, 2, 63714, 97887
2026/07/08 15:07:41.906, 4, 4, 30147, 97887
2026/07/08 15:07:41.920, 5, 6, 30147, 97887
2026/07/08 15:07:41.933, 6, 6, 30147, 97887
2026/07/08 15:07:41.945, 7, 6, 30147, 97887
2026/07/08 15:07:42.960, 0, 2, 63714, 97887
2026/07/08 15:07:42.972, 1, 3, 63714, 97887
2026/07/08 15:07:42.988, 2, 3, 63714, 97887
2026/07/08 15:07:43.000, 3, 3, 63714, 97887
2026/07/08 15:07:43.012, 4, 8, 30147, 97887
2026/07/08 15:07:43.023, 5, 8, 30147, 97887
2026/07/08 15:07:43.034, 6, 7, 30147, 97887
2026/07/08 15:07:43.047, 7, 3, 30147, 97887
2026/07/08 15:07:44.060, 0, 3, 63714, 97887
2026/07/08 15:07:44.071, 1, 3, 63714, 97887
2026/07/08 15:07:44.077, 2, 3, 63714, 97887
2026/07/08 15:07:44.085, 3, 3, 63714, 97887
2026/07/08 15:07:44.095, 4, 8, 30147, 97887
2026/07/08 15:07:44.105, 5, 8, 30147, 97887
2026/07/08 15:07:44.116, 6, 4, 30147, 97887
2026/07/08 15:07:44.126, 7, 5, 30147, 97887
2026/07/08 15:07:45.137, 0, 3, 63714, 97887
2026/07/08 15:07:45.155, 1, 3, 63714, 97887
2026/07/08 15:07:45.169, 2, 3, 63714, 97887
2026/07/08 15:07:45.184, 3, 3, 63714, 97887
2026/07/08 15:07:45.199, 4, 0, 73991, 97887
2026/07/08 15:07:45.214, 5, 0, 73991, 97887
2026/07/08 15:07:45.230, 6, 0, 73991, 97887
2026/07/08 15:07:45.243, 7, 0, 73991, 97887
2026/07/08 15:07:46.256, 0, 3, 63714, 97887
2026/07/08 15:07:46.268, 1, 3, 63714, 97887
2026/07/08 15:07:46.285, 2, 3, 63714, 97887
2026/07/08 15:07:46.299, 3, 3, 63714, 97887
2026/07/08 15:07:46.314, 4, 0, 74035, 97887
2026/07/08 15:07:46.330, 5, 0, 74035, 97887
2026/07/08 15:07:46.345, 6, 0, 74035, 97887
2026/07/08 15:07:46.357, 7, 0, 74035, 97887
2026/07/08 15:07:47.372, 0, 3, 63714, 97887
2026/07/08 15:07:47.389, 1, 3, 63714, 97887
2026/07/08 15:07:47.400, 2, 2, 63714, 97887
2026/07/08 15:07:47.411, 3, 3, 63714, 97887
2026/07/08 15:07:47.425, 4, 0, 74045, 97887
2026/07/08 15:07:47.438, 5, 0, 74045, 97887
2026/07/08 15:07:47.452, 6, 59, 74037, 97887
2026/07/08 15:07:47.468, 7, 0, 74037, 97887
2026/07/08 15:07:48.481, 0, 2, 63714, 97887
2026/07/08 15:07:48.499, 1, 2, 63714, 97887
2026/07/08 15:07:48.514, 2, 3, 63714, 97887
2026/07/08 15:07:48.526, 3, 2, 63714, 97887
2026/07/08 15:07:48.535, 4, 0, 74045, 97887
2026/07/08 15:07:48.546, 5, 0, 74045, 97887
2026/07/08 15:07:48.561, 6, 0, 74045, 97887
2026/07/08 15:07:48.575, 7, 0, 74045, 97887
2026/07/08 15:07:49.592, 0, 3, 63714, 97887
2026/07/08 15:07:49.604, 1, 3, 63714, 97887
2026/07/08 15:07:49.619, 2, 3, 63714, 97887
2026/07/08 15:07:49.635, 3, 3, 63714, 97887
2026/07/08 15:07:49.648, 4, 0, 74046, 97887
2026/07/08 15:07:49.661, 5, 0, 74046, 97887
2026/07/08 15:07:49.673, 6, 0, 74046, 97887
2026/07/08 15:07:49.682, 7, 0, 74046, 97887
2026/07/08 15:07:50.698, 0, 3, 63714, 97887
2026/07/08 15:07:50.714, 1, 3, 63714, 97887
2026/07/08 15:07:50.730, 2, 2, 63714, 97887
2026/07/08 15:07:50.746, 3, 3, 63714, 97887
2026/07/08 15:07:50.761, 4, 0, 74046, 97887
2026/07/08 15:07:50.776, 5, 0, 74046, 97887
2026/07/08 15:07:50.793, 6, 0, 74046, 97887
2026/07/08 15:07:50.809, 7, 0, 74046, 97887
2026/07/08 15:07:51.824, 0, 3, 63714, 97887
2026/07/08 15:07:51.843, 1, 3, 63714, 97887
2026/07/08 15:07:51.858, 2, 3, 63714, 97887
2026/07/08 15:07:51.872, 3, 3, 63714, 97887
2026/07/08 15:07:51.886, 4, 0, 74046, 97887
2026/07/08 15:07:51.895, 5, 0, 74046, 97887
2026/07/08 15:07:51.905, 6, 0, 74046, 97887
2026/07/08 15:07:51.916, 7, 0, 74046, 97887
2026/07/08 15:07:52.928, 0, 3, 63714, 97887
2026/07/08 15:07:52.946, 1, 3, 63714, 97887
2026/07/08 15:07:52.960, 2, 3, 63714, 97887
2026/07/08 15:07:52.976, 3, 3, 63714, 97887
2026/07/08 15:07:52.991, 4, 0, 74046, 97887
2026/07/08 15:07:53.007, 5, 0, 74046, 97887
2026/07/08 15:07:53.022, 6, 0, 74046, 97887
2026/07/08 15:07:53.037, 7, 0, 74046, 97887
2026/07/08 15:07:54.053, 0, 2, 63714, 97887
2026/07/08 15:07:54.070, 1, 3, 63714, 97887
2026/07/08 15:07:54.086, 2, 3, 63714, 97887
2026/07/08 15:07:54.101, 3, 3, 63714, 97887
2026/07/08 15:07:54.118, 4, 0, 74046, 97887
2026/07/08 15:07:54.133, 5, 0, 74046, 97887
2026/07/08 15:07:54.148, 6, 0, 74046, 97887
2026/07/08 15:07:54.157, 7, 0, 74046, 97887
2026/07/08 15:07:55.166, 0, 3, 63714, 97887
2026/07/08 15:07:55.180, 1, 3, 63714, 97887
2026/07/08 15:07:55.195, 2, 3, 63714, 97887
2026/07/08 15:07:55.210, 3, 2, 63714, 97887
2026/07/08 15:07:55.225, 4, 0, 74046, 97887
2026/07/08 15:07:55.237, 5, 0, 74046, 97887
2026/07/08 15:07:55.253, 6, 0, 74046, 97887
2026/07/08 15:07:55.265, 7, 0, 74046, 97887
2026/07/08 15:07:56.279, 0, 0, 63714, 97887
2026/07/08 15:07:56.295, 1, 0, 50154, 97887
2026/07/08 15:07:56.310, 2, 0, 63714, 97887
2026/07/08 15:07:56.344, 3, 100, 46774, 97887
2026/07/08 15:07:56.359, 4, 0, 74046, 97887
2026/07/08 15:07:56.374, 5, 0, 74046, 97887
2026/07/08 15:07:56.389, 6, 0, 74046, 97887
2026/07/08 15:07:56.404, 7, 0, 74046, 97887
2026/07/08 15:07:57.417, 0, 1, 46796, 97887
2026/07/08 15:07:57.434, 1, 0, 46802, 97887
2026/07/08 15:07:57.451, 2, 0, 46796, 97887
2026/07/08 15:07:57.469, 3, 0, 46802, 97887
2026/07/08 15:07:57.487, 4, 0, 74046, 97887
2026/07/08 15:07:57.505, 5, 0, 74046, 97887
2026/07/08 15:07:57.521, 6, 0, 74046, 97887
2026/07/08 15:07:57.538, 7, 0, 74046, 97887
2026/07/08 15:07:58.556, 0, 0, 46804, 97887
2026/07/08 15:07:58.574, 1, 0, 46802, 97887
2026/07/08 15:07:58.590, 2, 0, 46804, 97887
2026/07/08 15:07:58.605, 3, 100, 46802, 97887
2026/07/08 15:07:58.618, 4, 0, 74046, 97887
2026/07/08 15:07:58.634, 5, 0, 74046, 97887
2026/07/08 15:07:58.650, 6, 0, 74110, 97887
2026/07/08 15:07:58.667, 7, 0, 74046, 97887
2026/07/08 15:07:59.683, 0, 0, 46840, 97887
2026/07/08 15:07:59.699, 1, 0, 46836, 97887
2026/07/08 15:07:59.712, 2, 0, 46838, 97887
2026/07/08 15:07:59.728, 3, 0, 46836, 97887
2026/07/08 15:07:59.742, 4, 0, 74582, 97887
2026/07/08 15:07:59.752, 5, 100, 74582, 97887
2026/07/08 15:07:59.767, 6, 100, 74110, 97887
2026/07/08 15:07:59.781, 7, 0, 74046, 97887
2026/07/08 15:08:00.795, 0, 100, 46840, 97887
2026/07/08 15:08:00.811, 1, 99, 46836, 97887
2026/07/08 15:08:00.822, 2, 96, 46838, 97887
2026/07/08 15:08:00.833, 3, 100, 46836, 97887
2026/07/08 15:08:00.847, 4, 0, 74582, 97887
2026/07/08 15:08:00.861, 5, 0, 74582, 97887
2026/07/08 15:08:00.875, 6, 100, 74582, 97887
2026/07/08 15:08:00.890, 7, 100, 74582, 97887
2026/07/08 15:08:01.906, 0, 6, 46840, 97887
2026/07/08 15:08:01.922, 1, 6, 46836, 97887
2026/07/08 15:08:01.935, 2, 6, 46838, 97887
2026/07/08 15:08:01.949, 3, 5, 46836, 97887
2026/07/08 15:08:01.963, 4, 0, 74582, 97887
2026/07/08 15:08:01.978, 5, 0, 74582, 97887
2026/07/08 15:08:01.992, 6, 0, 74582, 97887
2026/07/08 15:08:02.007, 7, 0, 74582, 97887
2026/07/08 15:08:03.022, 0, 5, 46840, 97887
2026/07/08 15:08:03.036, 1, 5, 46836, 97887
2026/07/08 15:08:03.060, 2, 5, 46838, 97887
2026/07/08 15:08:03.075, 3, 6, 46836, 97887
2026/07/08 15:08:03.089, 4, 0, 74582, 97887
2026/07/08 15:08:03.103, 5, 0, 74582, 97887
2026/07/08 15:08:03.118, 6, 0, 74582, 97887
2026/07/08 15:08:03.133, 7, 0, 74582, 97887
2026/07/08 15:08:04.146, 0, 5, 46840, 97887
2026/07/08 15:08:04.161, 1, 5, 46836, 97887
2026/07/08 15:08:04.173, 2, 5, 46838, 97887
2026/07/08 15:08:04.181, 3, 5, 46836, 97887
2026/07/08 15:08:04.191, 4, 0, 74582, 97887
2026/07/08 15:08:04.203, 5, 0, 74582, 97887
2026/07/08 15:08:04.218, 6, 0, 74582, 97887
2026/07/08 15:08:04.233, 7, 0, 74582, 97887
2026/07/08 15:08:05.247, 0, 5, 46840, 97887
2026/07/08 15:08:05.262, 1, 5, 46836, 97887
2026/07/08 15:08:05.274, 2, 5, 46838, 97887
2026/07/08 15:08:05.287, 3, 5, 46836, 97887
2026/07/08 15:08:05.302, 4, 0, 74582, 97887
2026/07/08 15:08:05.316, 5, 0, 74582, 97887
2026/07/08 15:08:05.329, 6, 0, 74582, 97887
2026/07/08 15:08:05.343, 7, 0, 74582, 97887
2026/07/08 15:08:06.357, 0, 5, 46840, 97887
2026/07/08 15:08:06.373, 1, 6, 46836, 97887
2026/07/08 15:08:06.389, 2, 5, 46838, 97887
2026/07/08 15:08:06.406, 3, 5, 46836, 97887
2026/07/08 15:08:06.425, 4, 0, 74582, 97887
2026/07/08 15:08:06.441, 5, 0, 74582, 97887
2026/07/08 15:08:06.457, 6, 0, 74582, 97887
2026/07/08 15:08:06.473, 7, 0, 74582, 97887
2026/07/08 15:08:07.488, 0, 57, 46840, 97887
2026/07/08 15:08:07.506, 1, 21, 46836, 97887
2026/07/08 15:08:07.522, 2, 15, 46838, 97887
2026/07/08 15:08:07.537, 3, 100, 46836, 97887
2026/07/08 15:08:07.552, 4, 0, 74582, 97887
2026/07/08 15:08:07.568, 5, 0, 74582, 97887
2026/07/08 15:08:07.583, 6, 0, 74582, 97887
2026/07/08 15:08:07.597, 7, 0, 74582, 97887
2026/07/08 15:08:08.610, 0, 4, 57060, 97887
2026/07/08 15:08:08.626, 1, 4, 57056, 97887
2026/07/08 15:08:08.640, 2, 4, 57058, 97887
2026/07/08 15:08:08.657, 3, 4, 57056, 97887
2026/07/08 15:08:08.675, 4, 0, 74582, 97887
2026/07/08 15:08:08.694, 5, 0, 74582, 97887
2026/07/08 15:08:08.712, 6, 0, 74582, 97887
2026/07/08 15:08:08.730, 7, 0, 74582, 97887
2026/07/08 15:08:09.744, 0, 10, 57060, 97887
2026/07/08 15:08:09.761, 1, 10, 57056, 97887
2026/07/08 15:08:09.775, 2, 10, 57058, 97887
2026/07/08 15:08:09.784, 3, 10, 57056, 97887
2026/07/08 15:08:09.791, 4, 0, 74582, 97887
2026/07/08 15:08:09.803, 5, 0, 74582, 97887
2026/07/08 15:08:09.813, 6, 0, 74582, 97887
2026/07/08 15:08:09.826, 7, 0, 74582, 97887
2026/07/08 15:08:10.840, 0, 12, 57060, 97887
2026/07/08 15:08:10.855, 1, 10, 57056, 97887
2026/07/08 15:08:10.868, 2, 11, 57058, 97887
2026/07/08 15:08:10.881, 3, 10, 57056, 97887
2026/07/08 15:08:10.895, 4, 0, 74582, 97887
2026/07/08 15:08:10.909, 5, 0, 74582, 97887
2026/07/08 15:08:10.923, 6, 100, 74582, 97887
2026/07/08 15:08:10.937, 7, 0, 74582, 97887
2026/07/08 15:08:11.953, 0, 11, 57060, 97887
2026/07/08 15:08:11.965, 1, 11, 57056, 97887
2026/07/08 15:08:11.976, 2, 11, 57058, 97887
2026/07/08 15:08:11.987, 3, 4, 57056, 97887
2026/07/08 15:08:11.997, 4, 100, 74582, 97887
2026/07/08 15:08:12.007, 5, 100, 74582, 97887
2026/07/08 15:08:12.018, 6, 100, 74582, 97887
2026/07/08 15:08:12.029, 7, 0, 74582, 97887
2026/07/08 15:08:13.040, 0, 11, 57060, 97887
2026/07/08 15:08:13.054, 1, 11, 57056, 97887
2026/07/08 15:08:13.066, 2, 11, 57058, 97887
2026/07/08 15:08:13.078, 3, 5, 57056, 97887
2026/07/08 15:08:13.090, 4, 100, 74582, 97887
2026/07/08 15:08:13.106, 5, 98, 74582, 97887
2026/07/08 15:08:13.120, 6, 97, 74582, 97887
2026/07/08 15:08:13.134, 7, 100, 74582, 97887
2026/07/08 15:08:14.148, 0, 11, 57060, 97887
2026/07/08 15:08:14.161, 1, 5, 57056, 97887
2026/07/08 15:08:14.172, 2, 12, 57058, 97887
2026/07/08 15:08:14.186, 3, 11, 57056, 97887
2026/07/08 15:08:14.200, 4, 100, 74584, 97887
2026/07/08 15:08:14.212, 5, 98, 74584, 97887
2026/07/08 15:08:14.225, 6, 100, 74582, 97887
2026/07/08 15:08:14.239, 7, 100, 74584, 97887
2026/07/08 15:08:15.254, 0, 100, 57060, 97887
2026/07/08 15:08:15.266, 1, 6, 57056, 97887
2026/07/08 15:08:15.280, 2, 100, 57058, 97887
2026/07/08 15:08:15.293, 3, 5, 57056, 97887
2026/07/08 15:08:15.306, 4, 98, 74584, 97887
2026/07/08 15:08:15.317, 5, 73, 74584, 97887
2026/07/08 15:08:15.330, 6, 97, 74584, 97887
2026/07/08 15:08:15.345, 7, 98, 74584, 97887
2026/07/08 15:08:16.358, 0, 100, 57060, 97887
2026/07/08 15:08:16.367, 1, 100, 57056, 97887
2026/07/08 15:08:16.374, 2, 100, 57058, 97887
2026/07/08 15:08:16.382, 3, 5, 57056, 97887
2026/07/08 15:08:16.390, 4, 0, 74584, 97887
2026/07/08 15:08:16.398, 5, 0, 74584, 97887
2026/07/08 15:08:16.407, 6, 0, 74584, 97887
2026/07/08 15:08:16.416, 7, 0, 74584, 97887
2026/07/08 15:08:17.425, 0, 0, 57056, 97887
2026/07/08 15:08:17.438, 1, 0, 57056, 97887
2026/07/08 15:08:17.452, 2, 0, 57056, 97887
2026/07/08 15:08:17.464, 3, 0, 47636, 97887
2026/07/08 15:08:17.476, 4, 0, 74584, 97887
2026/07/08 15:08:17.488, 5, 0, 74584, 97887
2026/07/08 15:08:17.498, 6, 0, 74584, 97887
2026/07/08 15:08:17.509, 7, 0, 74584, 97887
2026/07/08 15:08:18.521, 0, 4, 46818, 97887
2026/07/08 15:08:18.537, 1, 4, 46818, 97887
2026/07/08 15:08:18.552, 2, 4, 46818, 97887
2026/07/08 15:08:18.567, 3, 4, 46820, 97887
2026/07/08 15:08:18.581, 4, 0, 74584, 97887
2026/07/08 15:08:18.595, 5, 0, 74584, 97887
2026/07/08 15:08:18.608, 6, 0, 74584, 97887
2026/07/08 15:08:18.624, 7, 0, 74584, 97887
2026/07/08 15:08:19.639, 0, 4, 46824, 97887
2026/07/08 15:08:19.655, 1, 4, 46824, 97887
2026/07/08 15:08:19.671, 2, 4, 46824, 97887
2026/07/08 15:08:19.687, 3, 4, 46826, 97887
2026/07/08 15:08:19.701, 4, 0, 74584, 97887
2026/07/08 15:08:19.717, 5, 0, 74584, 97887
2026/07/08 15:08:19.729, 6, 0, 74584, 97887
2026/07/08 15:08:19.740, 7, 0, 74584, 97887
2026/07/08 15:08:20.768, 0, 4, 46830, 97887
2026/07/08 15:08:20.783, 1, 4, 46830, 97887
2026/07/08 15:08:20.796, 2, 4, 46830, 97887
2026/07/08 15:08:20.811, 3, 5, 46832, 97887
2026/07/08 15:08:20.826, 4, 0, 74584, 97887
2026/07/08 15:08:20.841, 5, 0, 74584, 97887
2026/07/08 15:08:20.856, 6, 0, 74584, 97887
2026/07/08 15:08:20.870, 7, 0, 74584, 97887
2026/07/08 15:08:21.888, 0, 4, 46836, 97887
2026/07/08 15:08:21.905, 1, 4, 46834, 97887
2026/07/08 15:08:21.921, 2, 4, 46836, 97887
2026/07/08 15:08:21.935, 3, 4, 46838, 97887
2026/07/08 15:08:21.950, 4, 0, 74584, 97887
2026/07/08 15:08:21.965, 5, 0, 74584, 97887
2026/07/08 15:08:21.980, 6, 0, 74584, 97887
2026/07/08 15:08:21.995, 7, 0, 74584, 97887
2026/07/08 15:08:23.011, 0, 4, 46840, 97887
2026/07/08 15:08:23.028, 1, 4, 46840, 97887
2026/07/08 15:08:23.042, 2, 4, 46842, 97887
2026/07/08 15:08:23.057, 3, 4, 46842, 97887
2026/07/08 15:08:23.073, 4, 0, 74584, 97887
2026/07/08 15:08:23.090, 5, 0, 74584, 97887
2026/07/08 15:08:23.105, 6, 0, 74584, 97887
2026/07/08 15:08:23.120, 7, 0, 74584, 97887
2026/07/08 15:08:24.134, 0, 4, 46846, 97887
2026/07/08 15:08:24.150, 1, 4, 46846, 97887
2026/07/08 15:08:24.165, 2, 4, 46846, 97887
2026/07/08 15:08:24.180, 3, 4, 46848, 97887
2026/07/08 15:08:24.195, 4, 0, 74584, 97887
2026/07/08 15:08:24.206, 5, 0, 74584, 97887
2026/07/08 15:08:24.220, 6, 0, 74584, 97887
2026/07/08 15:08:24.231, 7, 0, 74584, 97887
2026/07/08 15:08:25.241, 0, 4, 46852, 97887
2026/07/08 15:08:25.258, 1, 4, 46852, 97887
2026/07/08 15:08:25.272, 2, 4, 46852, 97887
2026/07/08 15:08:25.283, 3, 4, 46854, 97887
2026/07/08 15:08:25.298, 4, 0, 74584, 97887
2026/07/08 15:08:25.313, 5, 0, 74584, 97887
2026/07/08 15:08:25.329, 6, 100, 74584, 97887
2026/07/08 15:08:25.343, 7, 0, 74584, 97887
2026/07/08 15:08:26.359, 0, 1, 46876, 97887
2026/07/08 15:08:26.378, 1, 2, 46874, 97887
2026/07/08 15:08:26.394, 2, 12, 46876, 97887
2026/07/08 15:08:26.410, 3, 2, 46874, 97887
2026/07/08 15:08:26.425, 4, 0, 74584, 97887
2026/07/08 15:08:26.441, 5, 0, 74584, 97887
2026/07/08 15:08:26.457, 6, 100, 74584, 97887
2026/07/08 15:08:26.473, 7, 0, 74584, 97887
2026/07/08 15:08:27.490, 0, 1, 46878, 97887
2026/07/08 15:08:27.507, 1, 99, 46874, 97887
2026/07/08 15:08:27.523, 2, 0, 46876, 97887
2026/07/08 15:08:27.541, 3, 100, 46874, 97887
2026/07/08 15:08:27.555, 4, 95, 74584, 97887
2026/07/08 15:08:27.568, 5, 95, 74584, 97887
2026/07/08 15:08:27.580, 6, 100, 74584, 97887
2026/07/08 15:08:27.591, 7, 98, 74584, 97887
2026/07/08 15:08:28.605, 0, 0, 46878, 97887
2026/07/08 15:08:28.620, 1, 0, 46874, 97887
2026/07/08 15:08:28.636, 2, 0, 46876, 97887
2026/07/08 15:08:28.649, 3, 0, 46874, 97887
2026/07/08 15:08:28.664, 4, 96, 74586, 97887
2026/07/08 15:08:28.677, 5, 33, 74586, 97887
2026/07/08 15:08:28.690, 6, 77, 74584, 97887
2026/07/08 15:08:28.702, 7, 39, 74584, 97887
2026/07/08 15:08:29.721, 0, 7, 46878, 97887
2026/07/08 15:08:29.736, 1, 10, 46874, 97887
2026/07/08 15:08:29.753, 2, 5, 46876, 97887
2026/07/08 15:08:29.767, 3, 5, 46874, 97887
2026/07/08 15:08:29.780, 4, 97, 74586, 97887
2026/07/08 15:08:29.792, 5, 63, 74586, 97887
2026/07/08 15:08:29.805, 6, 96, 74586, 97887
2026/07/08 15:08:29.817, 7, 33, 74586, 97887
2026/07/08 15:08:30.830, 0, 6, 46878, 97887
2026/07/08 15:08:30.844, 1, 5, 46874, 97887
2026/07/08 15:08:30.857, 2, 5, 46876, 97887
2026/07/08 15:08:30.870, 3, 5, 46874, 97887
2026/07/08 15:08:30.884, 4, 46, 75144, 97887
2026/07/08 15:08:30.899, 5, 100, 75144, 97887
2026/07/08 15:08:30.912, 6, 0, 75144, 97887
2026/07/08 15:08:30.927, 7, 12, 75144, 97887
2026/07/08 15:08:31.942, 0, 5, 46878, 97887
2026/07/08 15:08:31.954, 1, 5, 46874, 97887
2026/07/08 15:08:31.968, 2, 5, 46876, 97887
2026/07/08 15:08:31.981, 3, 5, 46874, 97887
2026/07/08 15:08:31.995, 4, 92, 75126, 97887
2026/07/08 15:08:32.009, 5, 55, 75126, 97887
2026/07/08 15:08:32.024, 6, 55, 75126, 97887
2026/07/08 15:08:32.043, 7, 71, 75126, 97887
2026/07/08 15:08:33.057, 0, 6, 46878, 97887
2026/07/08 15:08:33.069, 1, 5, 46874, 97887
2026/07/08 15:08:33.081, 2, 5, 46876, 97887
2026/07/08 15:08:33.093, 3, 5, 46874, 97887
2026/07/08 15:08:33.104, 4, 100, 74736, 97887
2026/07/08 15:08:33.117, 5, 100, 74736, 97887
2026/07/08 15:08:33.128, 6, 48, 75104, 97887
2026/07/08 15:08:33.141, 7, 79, 75104, 97887
2026/07/08 15:08:34.153, 0, 5, 46878, 97887
2026/07/08 15:08:34.165, 1, 6, 46874, 97887
2026/07/08 15:08:34.176, 2, 5, 46876, 97887
2026/07/08 15:08:34.189, 3, 5, 46874, 97887
2026/07/08 15:08:34.202, 4, 100, 74798, 97887
2026/07/08 15:08:34.214, 5, 100, 74802, 97887
2026/07/08 15:08:34.227, 6, 38, 75080, 97887
2026/07/08 15:08:34.239, 7, 77, 75080, 97887
2026/07/08 15:08:35.252, 0, 5, 46878, 97887
2026/07/08 15:08:35.263, 1, 5, 46874, 97887
2026/07/08 15:08:35.270, 2, 6, 46876, 97887
2026/07/08 15:08:35.279, 3, 5, 46874, 97887
2026/07/08 15:08:35.289, 4, 69, 75048, 97887
2026/07/08 15:08:35.301, 5, 27, 74886, 97887
2026/07/08 15:08:35.311, 6, 68, 74882, 97887
2026/07/08 15:08:35.322, 7, 100, 74884, 97887
2026/07/08 15:08:36.335, 0, 0, 46878, 97887
2026/07/08 15:08:36.355, 1, 100, 46874, 97887
2026/07/08 15:08:36.374, 2, 100, 46876, 97887
2026/07/08 15:08:36.390, 3, 100, 46874, 97887
2026/07/08 15:08:36.402, 4, 86, 75002, 97887
2026/07/08 15:08:36.415, 5, 14, 75186, 97887
2026/07/08 15:08:36.428, 6, 36, 75122, 97887
2026/07/08 15:08:36.442, 7, 23, 75122, 97887
2026/07/08 15:08:37.458, 0, 4, 57098, 97887
2026/07/08 15:08:37.479, 1, 1, 57094, 97887
2026/07/08 15:08:37.493, 2, 2, 57096, 97887
2026/07/08 15:08:37.505, 3, 3, 57094, 97887
2026/07/08 15:08:37.519, 4, 31, 75038, 97887
2026/07/08 15:08:37.538, 5, 3, 75040, 97887
2026/07/08 15:08:37.561, 6, 6, 75032, 97887
2026/07/08 15:08:37.575, 7, 12, 75034, 97887
2026/07/08 15:08:38.591, 0, 4, 57100, 97887
2026/07/08 15:08:38.604, 1, 4, 57100, 97887
2026/07/08 15:08:38.615, 2, 4, 57100, 97887
2026/07/08 15:08:38.623, 3, 4, 57100, 97887
2026/07/08 15:08:38.632, 4, 49, 75078, 97887
2026/07/08 15:08:38.641, 5, 12, 75078, 97887
2026/07/08 15:08:38.649, 6, 64, 75108, 97887
2026/07/08 15:08:38.658, 7, 11, 75108, 97887
2026/07/08 15:08:39.669, 0, 4, 57104, 97887
2026/07/08 15:08:39.683, 1, 4, 57104, 97887
2026/07/08 15:08:39.695, 2, 4, 57104, 97887
2026/07/08 15:08:39.704, 3, 4, 57104, 97887
2026/07/08 15:08:39.715, 4, 8, 75132, 97887
2026/07/08 15:08:39.726, 5, 20, 75132, 97887
2026/07/08 15:08:39.739, 6, 32, 75126, 97887
2026/07/08 15:08:39.751, 7, 13, 75126, 97887
2026/07/08 15:08:40.764, 0, 4, 57110, 97887
2026/07/08 15:08:40.780, 1, 4, 57110, 97887
2026/07/08 15:08:40.794, 2, 4, 57110, 97887
2026/07/08 15:08:40.807, 3, 4, 57110, 97887
2026/07/08 15:08:40.819, 4, 29, 75190, 97887
2026/07/08 15:08:40.832, 5, 11, 75190, 97887
2026/07/08 15:08:40.847, 6, 57, 75184, 97887
2026/07/08 15:08:40.861, 7, 23, 75186, 97887
2026/07/08 15:08:41.879, 0, 4, 57116, 97887
2026/07/08 15:08:41.895, 1, 4, 57116, 97887
2026/07/08 15:08:41.907, 2, 4, 57116, 97887
2026/07/08 15:08:41.922, 3, 4, 57116, 97887
2026/07/08 15:08:41.941, 4, 6, 75238, 97887
2026/07/08 15:08:41.956, 5, 17, 75238, 97887
2026/07/08 15:08:41.973, 6, 17, 75242, 97887
2026/07/08 15:08:41.991, 7, 7, 75238, 97887
2026/07/08 15:08:43.007, 0, 4, 57120, 97887
2026/07/08 15:08:43.033, 1, 2, 57120, 97887
2026/07/08 15:08:43.051, 2, 2, 57120, 97887
2026/07/08 15:08:43.066, 3, 2, 57120, 97887
2026/07/08 15:08:43.083, 4, 46, 75286, 97887
2026/07/08 15:08:43.100, 5, 1, 75286, 97887
2026/07/08 15:08:43.114, 6, 62, 75292, 97887
2026/07/08 15:08:43.127, 7, 14, 75292, 97887
2026/07/08 15:08:44.140, 0, 4, 57126, 97887
2026/07/08 15:08:44.157, 1, 4, 57126, 97887
2026/07/08 15:08:44.175, 2, 4, 57126, 97887
2026/07/08 15:08:44.192, 3, 4, 57126, 97887
2026/07/08 15:08:44.208, 4, 7, 75320, 97887
2026/07/08 15:08:44.224, 5, 0, 75320, 97887
2026/07/08 15:08:44.239, 6, 0, 75320, 97887
2026/07/08 15:08:44.255, 7, 0, 75320, 97887
2026/07/08 15:08:45.272, 0, 4, 57132, 97887
2026/07/08 15:08:45.288, 1, 4, 57132, 97887
2026/07/08 15:08:45.304, 2, 5, 57132, 97887
2026/07/08 15:08:45.319, 3, 4, 57132, 97887
2026/07/08 15:08:45.335, 4, 0, 75320, 97887
2026/07/08 15:08:45.351, 5, 0, 75320, 97887
2026/07/08 15:08:45.366, 6, 0, 75320, 97887
2026/07/08 15:08:45.382, 7, 0, 75320, 97887
2026/07/08 15:08:46.397, 0, 0, 57136, 97887
2026/07/08 15:08:46.413, 1, 0, 56676, 97887
2026/07/08 15:08:46.429, 2, 0, 49296, 97887
2026/07/08 15:08:46.446, 3, 0, 57136, 97887
2026/07/08 15:08:46.469, 4, 61, 75344, 97887
2026/07/08 15:08:46.487, 5, 0, 75344, 97887
2026/07/08 15:08:46.504, 6, 56, 75344, 97887
2026/07/08 15:08:46.523, 7, 5, 75344, 97887
2026/07/08 15:08:47.542, 0, 10, 48096, 97887
2026/07/08 15:08:47.559, 1, 0, 48096, 97887
2026/07/08 15:08:47.575, 2, 0, 48096, 97887
2026/07/08 15:08:47.590, 3, 87, 48096, 97887
2026/07/08 15:08:47.605, 4, 0, 75364, 97887
2026/07/08 15:08:47.617, 5, 0, 75364, 97887
2026/07/08 15:08:47.625, 6, 0, 75364, 97887
2026/07/08 15:08:47.634, 7, 0, 75364, 97887
2026/07/08 15:08:48.647, 0, 0, 48096, 97887
2026/07/08 15:08:48.662, 1, 100, 48096, 97887
2026/07/08 15:08:48.680, 2, 0, 48096, 97887
2026/07/08 15:08:48.696, 3, 0, 48096, 97887
2026/07/08 15:08:48.714, 4, 0, 75364, 97887
2026/07/08 15:08:48.733, 5, 0, 75364, 97887
2026/07/08 15:08:48.748, 6, 0, 75364, 97887
2026/07/08 15:08:48.766, 7, 0, 75364, 97887
2026/07/08 15:08:49.782, 0, 0, 48096, 97887
2026/07/08 15:08:49.801, 1, 100, 48096, 97887
2026/07/08 15:08:49.817, 2, 0, 48096, 97887
2026/07/08 15:08:49.834, 3, 0, 48096, 97887
2026/07/08 15:08:49.846, 4, 0, 75960, 97887
2026/07/08 15:08:49.862, 5, 0, 75960, 97887
2026/07/08 15:08:49.875, 6, 0, 75960, 97887
2026/07/08 15:08:49.888, 7, 0, 75960, 97887
2026/07/08 15:08:50.903, 0, 65, 48704, 97887
2026/07/08 15:08:50.919, 1, 99, 48104, 97887
2026/07/08 15:08:50.933, 2, 98, 48104, 97887
2026/07/08 15:08:50.947, 3, 98, 48104, 97887
2026/07/08 15:08:50.959, 4, 74, 75970, 97887
2026/07/08 15:08:50.971, 5, 63, 75970, 97887
2026/07/08 15:08:50.984, 6, 69, 75970, 97887
2026/07/08 15:08:50.998, 7, 61, 75970, 97887
2026/07/08 15:08:52.011, 0, 62, 48704, 97887
2026/07/08 15:08:52.026, 1, 98, 48104, 97887
2026/07/08 15:08:52.036, 2, 98, 48104, 97887
2026/07/08 15:08:52.046, 3, 99, 48104, 97887
2026/07/08 15:08:52.055, 4, 47, 75970, 97887
2026/07/08 15:08:52.065, 5, 53, 75970, 97887
2026/07/08 15:08:52.075, 6, 50, 75970, 97887
2026/07/08 15:08:52.088, 7, 58, 75970, 97887
2026/07/08 15:08:53.097, 0, 64, 48704, 97887
2026/07/08 15:08:53.109, 1, 99, 48104, 97887
2026/07/08 15:08:53.120, 2, 98, 48104, 97887
2026/07/08 15:08:53.132, 3, 98, 48104, 97887
2026/07/08 15:08:53.142, 4, 71, 75970, 97887
2026/07/08 15:08:53.153, 5, 71, 75970, 97887
2026/07/08 15:08:53.163, 6, 67, 75970, 97887
2026/07/08 15:08:53.172, 7, 61, 75970, 97887
2026/07/08 15:08:54.183, 0, 25, 48704, 97887
2026/07/08 15:08:54.197, 1, 97, 48104, 97887
2026/07/08 15:08:54.213, 2, 98, 48104, 97887
2026/07/08 15:08:54.227, 3, 99, 48104, 97887
2026/07/08 15:08:54.240, 4, 58, 75970, 97887
2026/07/08 15:08:54.254, 5, 53, 75970, 97887
2026/07/08 15:08:54.267, 6, 46, 75970, 97887
2026/07/08 15:08:54.280, 7, 52, 75970, 97887
2026/07/08 15:08:55.293, 0, 47, 48704, 97887
2026/07/08 15:08:55.311, 1, 98, 48104, 97887
2026/07/08 15:08:55.326, 2, 99, 48104, 97887
2026/07/08 15:08:55.339, 3, 98, 48104, 97887
2026/07/08 15:08:55.351, 4, 68, 75970, 97887
2026/07/08 15:08:55.364, 5, 46, 75970, 97887
2026/07/08 15:08:55.378, 6, 55, 75970, 97887
2026/07/08 15:08:55.392, 7, 46, 75970, 97887
2026/07/08 15:08:56.406, 0, 66, 48704, 97887
2026/07/08 15:08:56.417, 1, 98, 48104, 97887
2026/07/08 15:08:56.425, 2, 97, 48104, 97887
2026/07/08 15:08:56.433, 3, 98, 48104, 97887
2026/07/08 15:08:56.441, 4, 52, 75970, 97887
2026/07/08 15:08:56.447, 5, 41, 75970, 97887
2026/07/08 15:08:56.456, 6, 42, 75970, 97887
2026/07/08 15:08:56.465, 7, 41, 75970, 97887
2026/07/08 15:08:57.477, 0, 49, 48704, 97887
2026/07/08 15:08:57.493, 1, 98, 48104, 97887
2026/07/08 15:08:57.510, 2, 99, 48104, 97887
2026/07/08 15:08:57.525, 3, 98, 48104, 97887
2026/07/08 15:08:57.540, 4, 71, 75970, 97887
2026/07/08 15:08:57.554, 5, 52, 75970, 97887
2026/07/08 15:08:57.568, 6, 59, 75970, 97887
2026/07/08 15:08:57.582, 7, 49, 75970, 97887
2026/07/08 15:08:58.594, 0, 0, 48704, 97887
2026/07/08 15:08:58.611, 1, 0, 48104, 97887
2026/07/08 15:08:58.627, 2, 0, 48104, 97887
2026/07/08 15:08:58.641, 3, 0, 48104, 97887
2026/07/08 15:08:58.658, 4, 0, 75370, 97887
2026/07/08 15:08:58.678, 5, 0, 75370, 97887
2026/07/08 15:08:58.696, 6, 0, 75370, 97887
2026/07/08 15:08:58.715, 7, 0, 75370, 97887
2026/07/08 15:08:59.733, 0, 0, 48704, 97887
2026/07/08 15:08:59.753, 1, 0, 48104, 97887
2026/07/08 15:08:59.772, 2, 0, 48104, 97887
2026/07/08 15:08:59.792, 3, 0, 48104, 97887
2026/07/08 15:08:59.809, 4, 0, 75370, 97887
2026/07/08 15:08:59.827, 5, 0, 75370, 97887
2026/07/08 15:08:59.844, 6, 0, 75370, 97887
2026/07/08 15:08:59.862, 7, 0, 75370, 97887
2026/07/08 15:09:00.879, 0, 0, 48704, 97887
2026/07/08 15:09:00.901, 1, 0, 48104, 97887
2026/07/08 15:09:00.921, 2, 0, 48104, 97887
2026/07/08 15:09:00.942, 3, 0, 48104, 97887
2026/07/08 15:09:00.962, 4, 14, 75376, 97887
2026/07/08 15:09:00.983, 5, 34, 75376, 97887
2026/07/08 15:09:01.003, 6, 0, 75370, 97887
2026/07/08 15:09:01.025, 7, 0, 75370, 97887
2026/07/08 15:09:02.045, 0, 0, 48704, 97887
2026/07/08 15:09:02.062, 1, 0, 48104, 97887
2026/07/08 15:09:02.079, 2, 0, 48104, 97887
2026/07/08 15:09:02.094, 3, 0, 48104, 97887
2026/07/08 15:09:02.110, 4, 37, 75376, 97887
2026/07/08 15:09:02.124, 5, 14, 75376, 97887
2026/07/08 15:09:02.139, 6, 0, 75370, 97887
2026/07/08 15:09:02.155, 7, 0, 75370, 97887
2026/07/08 15:09:03.167, 0, 0, 48704, 97887
2026/07/08 15:09:03.186, 1, 0, 48104, 97887
2026/07/08 15:09:03.203, 2, 0, 48104, 97887
2026/07/08 15:09:03.226, 3, 0, 48104, 97887
2026/07/08 15:09:03.245, 4, 0, 75376, 97887
2026/07/08 15:09:03.265, 5, 0, 75376, 97887
2026/07/08 15:09:03.285, 6, 0, 75370, 97887
2026/07/08 15:09:03.309, 7, 0, 75370, 97887
2026/07/08 15:09:04.329, 0, 0, 48704, 97887
2026/07/08 15:09:04.346, 1, 0, 48104, 97887
2026/07/08 15:09:04.366, 2, 0, 48104, 97887
2026/07/08 15:09:04.385, 3, 0, 48104, 97887
2026/07/08 15:09:04.401, 4, 0, 75376, 97887
2026/07/08 15:09:04.417, 5, 0, 75376, 97887
2026/07/08 15:09:04.433, 6, 0, 75370, 97887
2026/07/08 15:09:04.450, 7, 0, 75370, 97887
2026/07/08 15:09:05.467, 0, 0, 48704, 97887
2026/07/08 15:09:05.485, 1, 0, 48104, 97887
2026/07/08 15:09:05.500, 2, 0, 48104, 97887
2026/07/08 15:09:05.518, 3, 0, 48104, 97887
2026/07/08 15:09:05.537, 4, 0, 75376, 97887
2026/07/08 15:09:05.557, 5, 0, 75376, 97887
2026/07/08 15:09:05.575, 6, 0, 75370, 97887
2026/07/08 15:09:05.593, 7, 0, 75370, 97887
2026/07/08 15:09:06.607, 0, 0, 48704, 97887
2026/07/08 15:09:06.627, 1, 0, 48104, 97887
2026/07/08 15:09:06.644, 2, 0, 48104, 97887
2026/07/08 15:09:06.661, 3, 0, 48104, 97887
2026/07/08 15:09:06.679, 4, 0, 75376, 97887
2026/07/08 15:09:06.694, 5, 0, 75376, 97887
2026/07/08 15:09:06.711, 6, 0, 75370, 97887
2026/07/08 15:09:06.728, 7, 0, 75370, 97887
2026/07/08 15:09:07.745, 0, 0, 48704, 97887
2026/07/08 15:09:07.766, 1, 0, 48104, 97887
2026/07/08 15:09:07.785, 2, 0, 48104, 97887
2026/07/08 15:09:07.806, 3, 0, 48104, 97887
2026/07/08 15:09:07.825, 4, 0, 75376, 97887
2026/07/08 15:09:07.842, 5, 0, 75376, 97887
2026/07/08 15:09:07.859, 6, 0, 75370, 97887
2026/07/08 15:09:07.878, 7, 0, 75370, 97887
2026/07/08 15:09:08.900, 0, 0, 48704, 97887
2026/07/08 15:09:08.916, 1, 0, 48104, 97887
2026/07/08 15:09:08.929, 2, 0, 48104, 97887
2026/07/08 15:09:08.947, 3, 0, 48104, 97887
2026/07/08 15:09:08.963, 4, 0, 75376, 97887
2026/07/08 15:09:08.976, 5, 0, 75376, 97887
2026/07/08 15:09:08.993, 6, 0, 75370, 97887
2026/07/08 15:09:09.010, 7, 0, 75370, 97887
2026/07/08 15:09:10.030, 0, 0, 48704, 97887
2026/07/08 15:09:10.047, 1, 0, 48104, 97887
2026/07/08 15:09:10.065, 2, 0, 48104, 97887
2026/07/08 15:09:10.083, 3, 0, 48104, 97887
2026/07/08 15:09:10.100, 4, 0, 75376, 97887
2026/07/08 15:09:10.120, 5, 0, 75376, 97887
2026/07/08 15:09:10.138, 6, 0, 75370, 97887
2026/07/08 15:09:10.156, 7, 0, 75370, 97887
2026/07/08 15:09:11.176, 0, 0, 48704, 97887
2026/07/08 15:09:11.195, 1, 0, 48104, 97887
2026/07/08 15:09:11.213, 2, 0, 48104, 97887
2026/07/08 15:09:11.230, 3, 0, 48104, 97887
2026/07/08 15:09:11.244, 4, 0, 75376, 97887
2026/07/08 15:09:11.260, 5, 0, 75376, 97887
2026/07/08 15:09:11.276, 6, 0, 75370, 97887
2026/07/08 15:09:11.293, 7, 0, 75370, 97887
2026/07/08 15:09:12.312, 0, 0, 48704, 97887
2026/07/08 15:09:12.332, 1, 0, 48104, 97887
2026/07/08 15:09:12.349, 2, 0, 48104, 97887
2026/07/08 15:09:12.369, 3, 0, 48104, 97887
2026/07/08 15:09:12.389, 4, 0, 75376, 97887
2026/07/08 15:09:12.406, 5, 0, 75376, 97887
2026/07/08 15:09:12.423, 6, 0, 75370, 97887
2026/07/08 15:09:12.441, 7, 0, 75370, 97887
2026/07/08 15:09:13.457, 0, 0, 48704, 97887
2026/07/08 15:09:13.475, 1, 0, 48104, 97887
2026/07/08 15:09:13.492, 2, 0, 48104, 97887
2026/07/08 15:09:13.508, 3, 0, 48104, 97887
2026/07/08 15:09:13.524, 4, 0, 75376, 97887
2026/07/08 15:09:13.540, 5, 0, 75376, 97887
2026/07/08 15:09:13.557, 6, 0, 75370, 97887
2026/07/08 15:09:13.576, 7, 0, 75370, 97887
2026/07/08 15:09:14.595, 0, 0, 48704, 97887
2026/07/08 15:09:14.615, 1, 0, 48104, 97887
2026/07/08 15:09:14.632, 2, 0, 48104, 97887
2026/07/08 15:09:14.647, 3, 0, 48104, 97887
2026/07/08 15:09:14.665, 4, 0, 75376, 97887
2026/07/08 15:09:14.684, 5, 0, 75376, 97887
2026/07/08 15:09:14.700, 6, 0, 75370, 97887
2026/07/08 15:09:14.717, 7, 0, 75370, 97887
2026/07/08 15:09:15.734, 0, 0, 48704, 97887
2026/07/08 15:09:15.754, 1, 0, 48104, 97887
2026/07/08 15:09:15.768, 2, 0, 48104, 97887
2026/07/08 15:09:15.787, 3, 0, 48104, 97887
2026/07/08 15:09:15.800, 4, 0, 75376, 97887
2026/07/08 15:09:15.821, 5, 0, 75376, 97887
2026/07/08 15:09:15.838, 6, 0, 75370, 97887
2026/07/08 15:09:15.860, 7, 0, 75370, 97887
2026/07/08 15:09:16.871, 0, 0, 48704, 97887
2026/07/08 15:09:16.888, 1, 0, 48104, 97887
2026/07/08 15:09:16.906, 2, 0, 48104, 97887
2026/07/08 15:09:16.925, 3, 0, 48104, 97887
2026/07/08 15:09:16.942, 4, 0, 75376, 97887
2026/07/08 15:09:16.960, 5, 0, 75376, 97887
2026/07/08 15:09:16.978, 6, 0, 75370, 97887
2026/07/08 15:09:16.997, 7, 0, 75370, 97887
2026/07/08 15:09:18.012, 0, 0, 48704, 97887
2026/07/08 15:09:18.030, 1, 0, 48104, 97887
2026/07/08 15:09:18.055, 2, 0, 48104, 97887
2026/07/08 15:09:18.067, 3, 0, 48104, 97887
2026/07/08 15:09:18.078, 4, 0, 75376, 97887
2026/07/08 15:09:18.085, 5, 0, 75376, 97887
2026/07/08 15:09:18.101, 6, 0, 75370, 97887
2026/07/08 15:09:18.116, 7, 0, 75370, 97887
2026/07/08 15:09:19.132, 0, 0, 48704, 97887
2026/07/08 15:09:19.139, 1, 0, 48104, 97887
2026/07/08 15:09:19.146, 2, 0, 48104, 97887
2026/07/08 15:09:19.160, 3, 0, 48104, 97887
2026/07/08 15:09:19.174, 4, 0, 75376, 97887
2026/07/08 15:09:19.190, 5, 0, 75376, 97887
2026/07/08 15:09:19.205, 6, 0, 75370, 97887
2026/07/08 15:09:19.221, 7, 0, 75370, 97887
2026/07/08 15:09:20.236, 0, 0, 48704, 97887
2026/07/08 15:09:20.253, 1, 0, 48104, 97887
2026/07/08 15:09:20.271, 2, 0, 48104, 97887
2026/07/08 15:09:20.291, 3, 0, 48104, 97887
2026/07/08 15:09:20.310, 4, 0, 75376, 97887
2026/07/08 15:09:20.328, 5, 0, 75376, 97887
2026/07/08 15:09:20.348, 6, 0, 75370, 97887
2026/07/08 15:09:20.364, 7, 0, 75370, 97887
2026/07/08 15:09:21.381, 0, 0, 48704, 97887
2026/07/08 15:09:21.405, 1, 0, 48104, 97887
2026/07/08 15:09:21.427, 2, 0, 48104, 97887
2026/07/08 15:09:21.443, 3, 0, 48104, 97887
2026/07/08 15:09:21.458, 4, 0, 75376, 97887
2026/07/08 15:09:21.471, 5, 0, 75376, 97887
2026/07/08 15:09:21.489, 6, 0, 75370, 97887
2026/07/08 15:09:21.505, 7, 0, 75370, 97887
2026/07/08 15:09:22.524, 0, 0, 48704, 97887
2026/07/08 15:09:22.535, 1, 0, 48104, 97887
2026/07/08 15:09:22.544, 2, 0, 48104, 97887
2026/07/08 15:09:22.556, 3, 0, 48104, 97887
2026/07/08 15:09:22.565, 4, 0, 75376, 97887
2026/07/08 15:09:22.576, 5, 0, 75376, 97887
2026/07/08 15:09:22.588, 6, 0, 75370, 97887
2026/07/08 15:09:22.603, 7, 0, 75370, 97887
2026/07/08 15:09:23.621, 0, 0, 48704, 97887
2026/07/08 15:09:23.641, 1, 0, 48104, 97887
2026/07/08 15:09:23.659, 2, 0, 48104, 97887
2026/07/08 15:09:23.674, 3, 0, 48104, 97887
2026/07/08 15:09:23.688, 4, 0, 75376, 97887
2026/07/08 15:09:23.703, 5, 0, 75376, 97887
2026/07/08 15:09:23.718, 6, 0, 75370, 97887
2026/07/08 15:09:23.734, 7, 0, 75370, 97887
2026/07/08 15:09:24.749, 0, 0, 48704, 97887
2026/07/08 15:09:24.764, 1, 0, 48104, 97887
2026/07/08 15:09:24.777, 2, 0, 48104, 97887
2026/07/08 15:09:24.791, 3, 0, 48104, 97887
2026/07/08 15:09:24.805, 4, 0, 75376, 97887
2026/07/08 15:09:24.818, 5, 0, 75376, 97887
2026/07/08 15:09:24.830, 6, 0, 75370, 97887
2026/07/08 15:09:24.842, 7, 0, 75370, 97887
2026/07/08 15:09:25.856, 0, 0, 48704, 97887
2026/07/08 15:09:25.871, 1, 0, 48104, 97887
2026/07/08 15:09:25.883, 2, 0, 48104, 97887
2026/07/08 15:09:25.897, 3, 0, 48104, 97887
2026/07/08 15:09:25.912, 4, 0, 75376, 97887
2026/07/08 15:09:25.924, 5, 0, 75376, 97887
2026/07/08 15:09:25.938, 6, 0, 75370, 97887
2026/07/08 15:09:25.952, 7, 0, 75370, 97887
2026/07/08 15:09:26.967, 0, 0, 48704, 97887
2026/07/08 15:09:27.002, 1, 0, 48104, 97887
2026/07/08 15:09:27.028, 2, 0, 48104, 97887
2026/07/08 15:09:27.048, 3, 0, 48104, 97887
2026/07/08 15:09:27.064, 4, 0, 75376, 97887
2026/07/08 15:09:27.085, 5, 0, 75376, 97887
2026/07/08 15:09:27.101, 6, 0, 75370, 97887
2026/07/08 15:09:27.117, 7, 0, 75370, 97887
2026/07/08 15:09:28.132, 0, 0, 48704, 97887
2026/07/08 15:09:28.149, 1, 0, 48104, 97887
2026/07/08 15:09:28.166, 2, 0, 48104, 97887
2026/07/08 15:09:28.184, 3, 0, 48104, 97887
2026/07/08 15:09:28.199, 4, 0, 75376, 97887
2026/07/08 15:09:28.216, 5, 0, 75376, 97887
2026/07/08 15:09:28.232, 6, 0, 75370, 97887
2026/07/08 15:09:28.249, 7, 0, 75370, 97887
2026/07/08 15:09:29.265, 0, 0, 48704, 97887
2026/07/08 15:09:29.282, 1, 0, 48104, 97887
2026/07/08 15:09:29.298, 2, 0, 48104, 97887
2026/07/08 15:09:29.314, 3, 0, 48104, 97887
2026/07/08 15:09:29.331, 4, 0, 75376, 97887
2026/07/08 15:09:29.348, 5, 0, 75376, 97887
2026/07/08 15:09:29.366, 6, 0, 75370, 97887
2026/07/08 15:09:29.384, 7, 0, 75370, 97887
2026/07/08 15:09:30.403, 0, 0, 48704, 97887
2026/07/08 15:09:30.422, 1, 0, 48104, 97887
2026/07/08 15:09:30.449, 2, 0, 48104, 97887
2026/07/08 15:09:30.465, 3, 0, 48104, 97887
2026/07/08 15:09:30.483, 4, 0, 75376, 97887
2026/07/08 15:09:30.499, 5, 0, 75376, 97887
2026/07/08 15:09:30.516, 6, 0, 75370, 97887
2026/07/08 15:09:30.533, 7, 0, 75370, 97887
2026/07/08 15:09:31.546, 0, 0, 48704, 97887
2026/07/08 15:09:31.567, 1, 0, 48104, 97887
2026/07/08 15:09:31.585, 2, 0, 48104, 97887
2026/07/08 15:09:31.604, 3, 0, 48104, 97887
2026/07/08 15:09:31.622, 4, 0, 75376, 97887
2026/07/08 15:09:31.640, 5, 0, 75376, 97887
2026/07/08 15:09:31.658, 6, 0, 75370, 97887
2026/07/08 15:09:31.676, 7, 0, 75370, 97887
2026/07/08 15:09:32.694, 0, 0, 48704, 97887
2026/07/08 15:09:32.713, 1, 0, 48104, 97887
2026/07/08 15:09:32.732, 2, 0, 48104, 97887
2026/07/08 15:09:32.752, 3, 0, 48104, 97887
2026/07/08 15:09:32.771, 4, 0, 75376, 97887
2026/07/08 15:09:32.790, 5, 0, 75376, 97887
2026/07/08 15:09:32.810, 6, 0, 75370, 97887
2026/07/08 15:09:32.828, 7, 0, 75370, 97887
2026/07/08 15:09:33.848, 0, 0, 48704, 97887
2026/07/08 15:09:33.866, 1, 0, 48104, 97887
2026/07/08 15:09:33.886, 2, 0, 48104, 97887
2026/07/08 15:09:33.902, 3, 0, 48104, 97887
2026/07/08 15:09:33.921, 4, 0, 75376, 97887
2026/07/08 15:09:33.937, 5, 0, 75376, 97887
2026/07/08 15:09:33.955, 6, 0, 75370, 97887
2026/07/08 15:09:33.973, 7, 0, 75370, 97887
2026/07/08 15:09:34.991, 0, 0, 48704, 97887
2026/07/08 15:09:35.011, 1, 0, 48104, 97887
2026/07/08 15:09:35.029, 2, 0, 48104, 97887
2026/07/08 15:09:35.048, 3, 0, 48104, 97887
2026/07/08 15:09:35.065, 4, 0, 75376, 97887
2026/07/08 15:09:35.086, 5, 0, 75376, 97887
2026/07/08 15:09:35.103, 6, 0, 75370, 97887
2026/07/08 15:09:35.117, 7, 0, 75370, 97887
2026/07/08 15:09:36.131, 0, 0, 48704, 97887
2026/07/08 15:09:36.149, 1, 0, 48104, 97887
2026/07/08 15:09:36.166, 2, 0, 48104, 97887
2026/07/08 15:09:36.184, 3, 0, 48104, 97887
2026/07/08 15:09:36.201, 4, 0, 75376, 97887
2026/07/08 15:09:36.218, 5, 0, 75376, 97887
2026/07/08 15:09:36.235, 6, 0, 75370, 97887
2026/07/08 15:09:36.253, 7, 0, 75370, 97887
2026/07/08 15:09:37.269, 0, 0, 48704, 97887
2026/07/08 15:09:37.283, 1, 0, 48104, 97887
2026/07/08 15:09:37.299, 2, 0, 48104, 97887
2026/07/08 15:09:37.315, 3, 0, 48104, 97887
2026/07/08 15:09:37.329, 4, 0, 75376, 97887
2026/07/08 15:09:37.348, 5, 0, 75376, 97887
2026/07/08 15:09:37.364, 6, 0, 75370, 97887
2026/07/08 15:09:37.385, 7, 0, 75370, 97887
2026/07/08 15:09:38.405, 0, 0, 48704, 97887
2026/07/08 15:09:38.425, 1, 0, 48104, 97887
2026/07/08 15:09:38.443, 2, 0, 48104, 97887
2026/07/08 15:09:38.461, 3, 0, 48104, 97887
2026/07/08 15:09:38.478, 4, 0, 75376, 97887
2026/07/08 15:09:38.496, 5, 0, 75376, 97887
2026/07/08 15:09:38.514, 6, 0, 75370, 97887
2026/07/08 15:09:38.533, 7, 0, 75370, 97887
2026/07/08 15:09:39.550, 0, 0, 48704, 97887
2026/07/08 15:09:39.570, 1, 0, 48104, 97887
2026/07/08 15:09:39.588, 2, 0, 48104, 97887
2026/07/08 15:09:39.607, 3, 0, 48104, 97887
2026/07/08 15:09:39.626, 4, 0, 75376, 97887
2026/07/08 15:09:39.645, 5, 0, 75376, 97887
2026/07/08 15:09:39.664, 6, 0, 75370, 97887
2026/07/08 15:09:39.684, 7, 0, 75370, 97887
2026/07/08 15:09:40.703, 0, 0, 48704, 97887
2026/07/08 15:09:40.721, 1, 0, 48104, 97887
2026/07/08 15:09:40.739, 2, 0, 48104, 97887
2026/07/08 15:09:40.757, 3, 0, 48104, 97887
2026/07/08 15:09:40.773, 4, 0, 75376, 97887
2026/07/08 15:09:40.790, 5, 0, 75376, 97887
2026/07/08 15:09:40.808, 6, 0, 75370, 97887
2026/07/08 15:09:40.825, 7, 0, 75370, 97887
2026/07/08 15:09:41.841, 0, 0, 48704, 97887
2026/07/08 15:09:41.862, 1, 0, 48104, 97887
2026/07/08 15:09:41.884, 2, 0, 48104, 97887
2026/07/08 15:09:41.901, 3, 0, 48104, 97887
2026/07/08 15:09:41.915, 4, 0, 75376, 97887
2026/07/08 15:09:41.927, 5, 0, 75376, 97887
2026/07/08 15:09:41.939, 6, 0, 75370, 97887
2026/07/08 15:09:41.949, 7, 0, 75370, 97887
2026/07/08 15:09:42.963, 0, 0, 48704, 97887
2026/07/08 15:09:42.982, 1, 0, 48104, 97887
2026/07/08 15:09:42.999, 2, 0, 48104, 97887
2026/07/08 15:09:43.017, 3, 0, 48104, 97887
2026/07/08 15:09:43.033, 4, 0, 75376, 97887
2026/07/08 15:09:43.048, 5, 0, 75376, 97887
2026/07/08 15:09:43.063, 6, 0, 75370, 97887
2026/07/08 15:09:43.081, 7, 0, 75370, 97887
2026/07/08 15:09:44.098, 0, 0, 48704, 97887
2026/07/08 15:09:44.115, 1, 0, 48104, 97887
2026/07/08 15:09:44.131, 2, 0, 48104, 97887
2026/07/08 15:09:44.148, 3, 0, 48104, 97887
2026/07/08 15:09:44.164, 4, 0, 75376, 97887
2026/07/08 15:09:44.183, 5, 0, 75376, 97887
2026/07/08 15:09:44.202, 6, 0, 75370, 97887
2026/07/08 15:09:44.222, 7, 0, 75370, 97887
2026/07/08 15:09:45.242, 0, 0, 48704, 97887
2026/07/08 15:09:45.259, 1, 0, 48104, 97887
2026/07/08 15:09:45.277, 2, 0, 48104, 97887
2026/07/08 15:09:45.293, 3, 0, 48104, 97887
2026/07/08 15:09:45.309, 4, 0, 75376, 97887
2026/07/08 15:09:45.326, 5, 0, 75376, 97887
2026/07/08 15:09:45.341, 6, 0, 75370, 97887
2026/07/08 15:09:45.356, 7, 0, 75370, 97887
2026/07/08 15:09:46.375, 0, 0, 48704, 97887
2026/07/08 15:09:46.392, 1, 0, 48104, 97887
2026/07/08 15:09:46.409, 2, 0, 48104, 97887
2026/07/08 15:09:46.425, 3, 0, 48104, 97887
2026/07/08 15:09:46.441, 4, 0, 75376, 97887
2026/07/08 15:09:46.456, 5, 0, 75376, 97887
2026/07/08 15:09:46.471, 6, 0, 75370, 97887
2026/07/08 15:09:46.487, 7, 0, 75370, 97887
2026/07/08 15:09:47.502, 0, 0, 48704, 97887
2026/07/08 15:09:47.519, 1, 0, 48104, 97887
2026/07/08 15:09:47.534, 2, 0, 48104, 97887
2026/07/08 15:09:47.547, 3, 0, 48104, 97887
2026/07/08 15:09:47.563, 4, 0, 75376, 97887
2026/07/08 15:09:47.582, 5, 0, 75376, 97887
2026/07/08 15:09:47.598, 6, 0, 75370, 97887
2026/07/08 15:09:47.612, 7, 0, 75370, 97887
2026/07/08 15:09:48.628, 0, 0, 48704, 97887
2026/07/08 15:09:48.649, 1, 0, 48104, 97887
2026/07/08 15:09:48.668, 2, 0, 48104, 97887
2026/07/08 15:09:48.690, 3, 0, 48104, 97887
2026/07/08 15:09:48.711, 4, 0, 75376, 97887
2026/07/08 15:09:48.729, 5, 0, 75376, 97887
2026/07/08 15:09:48.748, 6, 0, 75370, 97887
2026/07/08 15:09:48.771, 7, 0, 75370, 97887
2026/07/08 15:09:49.792, 0, 0, 48704, 97887
2026/07/08 15:09:49.812, 1, 0, 48104, 97887
2026/07/08 15:09:49.830, 2, 0, 48104, 97887
2026/07/08 15:09:49.847, 3, 0, 48104, 97887
2026/07/08 15:09:49.861, 4, 0, 75376, 97887
2026/07/08 15:09:49.875, 5, 0, 75376, 97887
2026/07/08 15:09:49.889, 6, 0, 75370, 97887
2026/07/08 15:09:49.902, 7, 0, 75370, 97887
2026/07/08 15:09:50.915, 0, 0, 48704, 97887
2026/07/08 15:09:50.934, 1, 0, 48104, 97887
2026/07/08 15:09:50.949, 2, 0, 48104, 97887
2026/07/08 15:09:50.966, 3, 0, 48104, 97887
2026/07/08 15:09:50.981, 4, 0, 75376, 97887
2026/07/08 15:09:50.998, 5, 0, 75376, 97887
2026/07/08 15:09:51.011, 6, 0, 75370, 97887
2026/07/08 15:09:51.025, 7, 0, 75370, 97887
2026/07/08 15:09:52.039, 0, 0, 48704, 97887
2026/07/08 15:09:52.056, 1, 0, 48104, 97887
2026/07/08 15:09:52.072, 2, 0, 48104, 97887
2026/07/08 15:09:52.085, 3, 0, 48104, 97887
2026/07/08 15:09:52.101, 4, 0, 75408, 97887
2026/07/08 15:09:52.115, 5, 0, 75408, 97887
2026/07/08 15:09:52.130, 6, 0, 75370, 97887
2026/07/08 15:09:52.143, 7, 0, 75370, 97887
2026/07/08 15:09:53.159, 0, 0, 48704, 97887
2026/07/08 15:09:53.174, 1, 0, 48104, 97887
2026/07/08 15:09:53.189, 2, 0, 48104, 97887
2026/07/08 15:09:53.203, 3, 0, 48104, 97887
2026/07/08 15:09:53.220, 4, 0, 75408, 97887
2026/07/08 15:09:53.237, 5, 100, 75408, 97887
2026/07/08 15:09:53.251, 6, 0, 75370, 97887
2026/07/08 15:09:53.267, 7, 0, 75370, 97887
2026/07/08 15:09:54.283, 0, 0, 48704, 97887
2026/07/08 15:09:54.297, 1, 0, 48104, 97887
2026/07/08 15:09:54.311, 2, 0, 48104, 97887
2026/07/08 15:09:54.326, 3, 0, 48104, 97887
2026/07/08 15:09:54.341, 4, 94, 75408, 97887
2026/07/08 15:09:54.356, 5, 20, 75408, 97887
2026/07/08 15:09:54.370, 6, 0, 75370, 97887
2026/07/08 15:09:54.384, 7, 0, 75370, 97887
2026/07/08 15:09:55.399, 0, 0, 48704, 97887
2026/07/08 15:09:55.412, 1, 0, 48104, 97887
2026/07/08 15:09:55.427, 2, 0, 48104, 97887
2026/07/08 15:09:55.442, 3, 0, 48104, 97887
2026/07/08 15:09:55.458, 4, 87, 75408, 97887
2026/07/08 15:09:55.472, 5, 21, 75408, 97887
2026/07/08 15:09:55.488, 6, 0, 75370, 97887
2026/07/08 15:09:55.504, 7, 0, 75370, 97887
2026/07/08 15:09:56.515, 0, 0, 48704, 97887
2026/07/08 15:09:56.531, 1, 0, 48104, 97887
2026/07/08 15:09:56.545, 2, 0, 48104, 97887
2026/07/08 15:09:56.560, 3, 0, 48104, 97887
2026/07/08 15:09:56.575, 4, 89, 75408, 97887
2026/07/08 15:09:56.591, 5, 21, 75408, 97887
2026/07/08 15:09:56.604, 6, 0, 75370, 97887
2026/07/08 15:09:56.617, 7, 0, 75370, 97887
2026/07/08 15:09:57.632, 0, 0, 48704, 97887
2026/07/08 15:09:57.651, 1, 0, 48104, 97887
2026/07/08 15:09:57.670, 2, 0, 48104, 97887
2026/07/08 15:09:57.687, 3, 0, 48104, 97887
2026/07/08 15:09:57.702, 4, 95, 75408, 97887
2026/07/08 15:09:57.719, 5, 21, 75408, 97887
2026/07/08 15:09:57.735, 6, 0, 75370, 97887
2026/07/08 15:09:57.751, 7, 0, 75370, 97887
2026/07/08 15:09:58.765, 0, 0, 48704, 97887
2026/07/08 15:09:58.781, 1, 0, 48104, 97887
2026/07/08 15:09:58.797, 2, 0, 48104, 97887
2026/07/08 15:09:58.813, 3, 0, 48104, 97887
2026/07/08 15:09:58.829, 4, 91, 75408, 97887
2026/07/08 15:09:58.847, 5, 16, 75408, 97887
2026/07/08 15:09:58.865, 6, 0, 75370, 97887
2026/07/08 15:09:58.882, 7, 0, 75370, 97887
2026/07/08 15:09:59.902, 0, 0, 48704, 97887
2026/07/08 15:09:59.919, 1, 0, 48104, 97887
2026/07/08 15:09:59.935, 2, 0, 48104, 97887
2026/07/08 15:09:59.949, 3, 0, 48104, 97887
2026/07/08 15:09:59.964, 4, 91, 75408, 97887
2026/07/08 15:09:59.977, 5, 20, 75408, 97887
2026/07/08 15:09:59.989, 6, 0, 75370, 97887
2026/07/08 15:10:00.005, 7, 0, 75370, 97887
2026/07/08 15:10:01.018, 0, 0, 48704, 97887
2026/07/08 15:10:01.036, 1, 0, 48104, 97887
2026/07/08 15:10:01.053, 2, 0, 48104, 97887
2026/07/08 15:10:01.071, 3, 0, 48104, 97887
2026/07/08 15:10:01.088, 4, 92, 75408, 97887
2026/07/08 15:10:01.103, 5, 20, 75408, 97887
2026/07/08 15:10:01.118, 6, 0, 75370, 97887
2026/07/08 15:10:01.135, 7, 0, 75370, 97887
2026/07/08 15:10:02.149, 0, 0, 48704, 97887
2026/07/08 15:10:02.162, 1, 0, 48104, 97887
2026/07/08 15:10:02.178, 2, 0, 48104, 97887
2026/07/08 15:10:02.193, 3, 0, 48104, 97887
2026/07/08 15:10:02.211, 4, 85, 75408, 97887
2026/07/08 15:10:02.227, 5, 20, 75408, 97887
2026/07/08 15:10:02.243, 6, 0, 75370, 97887
2026/07/08 15:10:02.258, 7, 0, 75370, 97887
2026/07/08 15:10:03.273, 0, 0, 48704, 97887
2026/07/08 15:10:03.293, 1, 0, 48104, 97887
2026/07/08 15:10:03.312, 2, 0, 48104, 97887
2026/07/08 15:10:03.328, 3, 0, 48104, 97887
2026/07/08 15:10:03.345, 4, 80, 75408, 97887
2026/07/08 15:10:03.359, 5, 16, 75408, 97887
2026/07/08 15:10:03.373, 6, 0, 75370, 97887
2026/07/08 15:10:03.387, 7, 0, 75370, 97887
2026/07/08 15:10:04.405, 0, 0, 48704, 97887
2026/07/08 15:10:04.422, 1, 0, 48104, 97887
2026/07/08 15:10:04.438, 2, 0, 48104, 97887
2026/07/08 15:10:04.453, 3, 0, 48104, 97887
2026/07/08 15:10:04.469, 4, 73, 75408, 97887
2026/07/08 15:10:04.486, 5, 74, 75408, 97887
2026/07/08 15:10:04.503, 6, 0, 75370, 97887
2026/07/08 15:10:04.519, 7, 0, 75370, 97887
2026/07/08 15:10:05.535, 0, 0, 48704, 97887
2026/07/08 15:10:05.554, 1, 0, 48104, 97887
2026/07/08 15:10:05.574, 2, 0, 48104, 97887
2026/07/08 15:10:05.596, 3, 0, 48104, 97887
2026/07/08 15:10:05.613, 4, 47, 75408, 97887
2026/07/08 15:10:05.630, 5, 37, 75408, 97887
2026/07/08 15:10:05.647, 6, 0, 75370, 97887
2026/07/08 15:10:05.662, 7, 0, 75370, 97887
2026/07/08 15:10:06.677, 0, 0, 48704, 97887
2026/07/08 15:10:06.694, 1, 0, 48104, 97887
2026/07/08 15:10:06.708, 2, 0, 48104, 97887
2026/07/08 15:10:06.722, 3, 0, 48104, 97887
2026/07/08 15:10:06.738, 4, 76, 75408, 97887
2026/07/08 15:10:06.754, 5, 27, 75408, 97887
2026/07/08 15:10:06.772, 6, 0, 75370, 97887
2026/07/08 15:10:06.789, 7, 0, 75370, 97887
2026/07/08 15:10:07.806, 0, 0, 48704, 97887
2026/07/08 15:10:07.822, 1, 0, 48104, 97887
2026/07/08 15:10:07.836, 2, 0, 48104, 97887
2026/07/08 15:10:07.852, 3, 0, 48104, 97887
2026/07/08 15:10:07.866, 4, 57, 75408, 97887
2026/07/08 15:10:07.878, 5, 24, 75408, 97887
2026/07/08 15:10:07.890, 6, 0, 75370, 97887
2026/07/08 15:10:07.903, 7, 0, 75370, 97887
2026/07/08 15:10:08.916, 0, 0, 48704, 97887
2026/07/08 15:10:08.935, 1, 0, 48104, 97887
2026/07/08 15:10:08.953, 2, 0, 48104, 97887
2026/07/08 15:10:08.971, 3, 0, 48104, 97887
2026/07/08 15:10:08.989, 4, 16, 75408, 97887
2026/07/08 15:10:09.006, 5, 68, 75408, 97887
2026/07/08 15:10:09.024, 6, 0, 75370, 97887
2026/07/08 15:10:09.042, 7, 0, 75370, 97887
2026/07/08 15:10:10.061, 0, 0, 48704, 97887
2026/07/08 15:10:10.078, 1, 0, 48104, 97887
2026/07/08 15:10:10.094, 2, 0, 48104, 97887
2026/07/08 15:10:10.111, 3, 0, 48104, 97887
2026/07/08 15:10:10.127, 4, 54, 75410, 97887
2026/07/08 15:10:10.139, 5, 49, 75410, 97887
2026/07/08 15:10:10.152, 6, 0, 75370, 97887
2026/07/08 15:10:10.168, 7, 0, 75370, 97887
2026/07/08 15:10:11.187, 0, 0, 48704, 97887
2026/07/08 15:10:11.200, 1, 0, 48104, 97887
2026/07/08 15:10:11.211, 2, 0, 48104, 97887
2026/07/08 15:10:11.221, 3, 0, 48104, 97887
2026/07/08 15:10:11.230, 4, 58, 75410, 97887
2026/07/08 15:10:11.240, 5, 60, 75410, 97887
2026/07/08 15:10:11.255, 6, 0, 75370, 97887
2026/07/08 15:10:11.272, 7, 0, 75370, 97887
2026/07/08 15:10:12.289, 0, 0, 48704, 97887
2026/07/08 15:10:12.306, 1, 0, 48104, 97887
2026/07/08 15:10:12.317, 2, 0, 48104, 97887
2026/07/08 15:10:12.326, 3, 0, 48104, 97887
2026/07/08 15:10:12.339, 4, 50, 75410, 97887
2026/07/08 15:10:12.352, 5, 25, 75410, 97887
2026/07/08 15:10:12.365, 6, 0, 75370, 97887
2026/07/08 15:10:12.378, 7, 0, 75370, 97887
2026/07/08 15:10:13.389, 0, 0, 48704, 97887
2026/07/08 15:10:13.401, 1, 0, 48104, 97887
2026/07/08 15:10:13.410, 2, 0, 48104, 97887
2026/07/08 15:10:13.422, 3, 0, 48104, 97887
2026/07/08 15:10:13.432, 4, 71, 75410, 97887
2026/07/08 15:10:13.442, 5, 27, 75410, 97887
2026/07/08 15:10:13.453, 6, 0, 75370, 97887
2026/07/08 15:10:13.461, 7, 0, 75370, 97887
2026/07/08 15:10:14.470, 0, 0, 48704, 97887
2026/07/08 15:10:14.482, 1, 0, 48104, 97887
2026/07/08 15:10:14.494, 2, 0, 48104, 97887
2026/07/08 15:10:14.508, 3, 0, 48104, 97887
2026/07/08 15:10:14.522, 4, 23, 75410, 97887
2026/07/08 15:10:14.532, 5, 67, 75410, 97887
2026/07/08 15:10:14.539, 6, 0, 75370, 97887
2026/07/08 15:10:14.546, 7, 0, 75370, 97887
2026/07/08 15:10:15.557, 0, 0, 48704, 97887
2026/07/08 15:10:15.568, 1, 0, 48104, 97887
2026/07/08 15:10:15.581, 2, 0, 48104, 97887
2026/07/08 15:10:15.593, 3, 0, 48104, 97887
2026/07/08 15:10:15.606, 4, 21, 75410, 97887
2026/07/08 15:10:15.613, 5, 81, 75410, 97887
2026/07/08 15:10:15.638, 6, 0, 75370, 97887
2026/07/08 15:10:15.661, 7, 0, 75370, 97887
2026/07/08 15:10:16.675, 0, 0, 48704, 97887
2026/07/08 15:10:16.689, 1, 0, 48104, 97887
2026/07/08 15:10:16.702, 2, 0, 48104, 97887
2026/07/08 15:10:16.715, 3, 0, 48104, 97887
2026/07/08 15:10:16.733, 4, 74, 75410, 97887
2026/07/08 15:10:16.751, 5, 43, 75410, 97887
2026/07/08 15:10:16.769, 6, 0, 75370, 97887
2026/07/08 15:10:16.787, 7, 0, 75370, 97887
2026/07/08 15:10:17.804, 0, 0, 48704, 97887
2026/07/08 15:10:17.825, 1, 0, 48104, 97887
2026/07/08 15:10:17.844, 2, 0, 48104, 97887
2026/07/08 15:10:17.862, 3, 0, 48104, 97887
2026/07/08 15:10:17.879, 4, 72, 75410, 97887
2026/07/08 15:10:17.895, 5, 22, 75410, 97887
2026/07/08 15:10:17.907, 6, 0, 75370, 97887
2026/07/08 15:10:17.922, 7, 0, 75370, 97887
2026/07/08 15:10:18.937, 0, 0, 48704, 97887
2026/07/08 15:10:18.955, 1, 0, 48104, 97887
2026/07/08 15:10:18.973, 2, 0, 48104, 97887
2026/07/08 15:10:18.991, 3, 0, 48104, 97887
2026/07/08 15:10:19.007, 4, 37, 75410, 97887
2026/07/08 15:10:19.022, 5, 21, 75410, 97887
2026/07/08 15:10:19.036, 6, 0, 75370, 97887
2026/07/08 15:10:19.048, 7, 0, 75370, 97887
2026/07/08 15:10:20.059, 0, 0, 48704, 97887
2026/07/08 15:10:20.075, 1, 0, 48104, 97887
2026/07/08 15:10:20.090, 2, 0, 48104, 97887
2026/07/08 15:10:20.107, 3, 0, 48104, 97887
2026/07/08 15:10:20.122, 4, 35, 75410, 97887
2026/07/08 15:10:20.138, 5, 29, 75410, 97887
2026/07/08 15:10:20.157, 6, 0, 75370, 97887
2026/07/08 15:10:20.173, 7, 0, 75370, 97887
2026/07/08 15:10:21.190, 0, 0, 48704, 97887
2026/07/08 15:10:21.204, 1, 0, 48104, 97887
2026/07/08 15:10:21.212, 2, 0, 48104, 97887
2026/07/08 15:10:21.225, 3, 0, 48104, 97887
2026/07/08 15:10:21.240, 4, 60, 75410, 97887
2026/07/08 15:10:21.255, 5, 24, 75410, 97887
2026/07/08 15:10:21.270, 6, 0, 75370, 97887
2026/07/08 15:10:21.294, 7, 0, 75370, 97887
2026/07/08 15:10:22.313, 0, 0, 48704, 97887
2026/07/08 15:10:22.335, 1, 0, 48104, 97887
2026/07/08 15:10:22.350, 2, 0, 48104, 97887
2026/07/08 15:10:22.371, 3, 0, 48104, 97887
2026/07/08 15:10:22.391, 4, 21, 75410, 97887
2026/07/08 15:10:22.410, 5, 81, 75410, 97887
2026/07/08 15:10:22.429, 6, 0, 75370, 97887
2026/07/08 15:10:22.449, 7, 0, 75370, 97887
2026/07/08 15:10:23.467, 0, 0, 48704, 97887
2026/07/08 15:10:23.482, 1, 0, 48104, 97887
2026/07/08 15:10:23.497, 2, 0, 48104, 97887
2026/07/08 15:10:23.513, 3, 0, 48104, 97887
2026/07/08 15:10:23.529, 4, 25, 75410, 97887
2026/07/08 15:10:23.545, 5, 86, 75410, 97887
2026/07/08 15:10:23.561, 6, 0, 75370, 97887
2026/07/08 15:10:23.577, 7, 0, 75370, 97887
2026/07/08 15:10:24.595, 0, 0, 48704, 97887
2026/07/08 15:10:24.613, 1, 0, 48104, 97887
2026/07/08 15:10:24.628, 2, 0, 48104, 97887
2026/07/08 15:10:24.644, 3, 0, 48104, 97887
2026/07/08 15:10:24.661, 4, 20, 75410, 97887
2026/07/08 15:10:24.679, 5, 89, 75410, 97887
2026/07/08 15:10:24.698, 6, 0, 75370, 97887
2026/07/08 15:10:24.715, 7, 0, 75370, 97887
2026/07/08 15:10:25.732, 0, 0, 48704, 97887
2026/07/08 15:10:25.751, 1, 0, 48104, 97887
2026/07/08 15:10:25.770, 2, 0, 48104, 97887
2026/07/08 15:10:25.787, 3, 0, 48104, 97887
2026/07/08 15:10:25.806, 4, 21, 75410, 97887
2026/07/08 15:10:25.826, 5, 87, 75410, 97887
2026/07/08 15:10:25.846, 6, 0, 75370, 97887
2026/07/08 15:10:25.864, 7, 0, 75370, 97887
2026/07/08 15:10:26.882, 0, 0, 48704, 97887
2026/07/08 15:10:26.907, 1, 0, 48104, 97887
2026/07/08 15:10:26.920, 2, 0, 48104, 97887
2026/07/08 15:10:26.932, 3, 0, 48104, 97887
2026/07/08 15:10:26.942, 4, 40, 75410, 97887
2026/07/08 15:10:26.954, 5, 47, 75410, 97887
2026/07/08 15:10:26.970, 6, 0, 75370, 97887
2026/07/08 15:10:26.985, 7, 0, 75370, 97887
2026/07/08 15:10:28.003, 0, 0, 48704, 97887
2026/07/08 15:10:28.021, 1, 0, 48104, 97887
2026/07/08 15:10:28.039, 2, 0, 48104, 97887
2026/07/08 15:10:28.056, 3, 0, 48104, 97887
2026/07/08 15:10:28.073, 4, 20, 75410, 97887
2026/07/08 15:10:28.090, 5, 79, 75410, 97887
2026/07/08 15:10:28.107, 6, 0, 75370, 97887
2026/07/08 15:10:28.124, 7, 0, 75370, 97887
2026/07/08 15:10:29.142, 0, 0, 48704, 97887
2026/07/08 15:10:29.159, 1, 0, 48104, 97887
2026/07/08 15:10:29.177, 2, 0, 48104, 97887
2026/07/08 15:10:29.195, 3, 0, 48104, 97887
2026/07/08 15:10:29.214, 4, 20, 75410, 97887
2026/07/08 15:10:29.229, 5, 35, 75410, 97887
2026/07/08 15:10:29.256, 6, 0, 75370, 97887
2026/07/08 15:10:29.280, 7, 0, 75370, 97887
2026/07/08 15:10:30.308, 0, 0, 48704, 97887
2026/07/08 15:10:30.323, 1, 0, 48104, 97887
2026/07/08 15:10:30.339, 2, 0, 48104, 97887
2026/07/08 15:10:30.355, 3, 0, 48104, 97887
2026/07/08 15:10:30.372, 4, 35, 75410, 97887
2026/07/08 15:10:30.391, 5, 45, 75410, 97887
2026/07/08 15:10:30.408, 6, 0, 75370, 97887
2026/07/08 15:10:30.425, 7, 0, 75370, 97887
2026/07/08 15:10:31.444, 0, 0, 48704, 97887
2026/07/08 15:10:31.462, 1, 0, 48104, 97887
2026/07/08 15:10:31.479, 2, 0, 48104, 97887
2026/07/08 15:10:31.498, 3, 0, 48104, 97887
2026/07/08 15:10:31.508, 4, 89, 75410, 97887
2026/07/08 15:10:31.520, 5, 23, 75410, 97887
2026/07/08 15:10:31.536, 6, 0, 75370, 97887
2026/07/08 15:10:31.552, 7, 0, 75370, 97887
2026/07/08 15:10:32.564, 0, 0, 48704, 97887
2026/07/08 15:10:32.575, 1, 0, 48104, 97887
2026/07/08 15:10:32.586, 2, 0, 48104, 97887
2026/07/08 15:10:32.595, 3, 0, 48104, 97887
2026/07/08 15:10:32.606, 4, 54, 75410, 97887
2026/07/08 15:10:32.618, 5, 21, 75410, 97887
2026/07/08 15:10:32.630, 6, 0, 75370, 97887
2026/07/08 15:10:32.644, 7, 0, 75370, 97887
2026/07/08 15:10:33.659, 0, 0, 48704, 97887
2026/07/08 15:10:33.677, 1, 0, 48104, 97887
2026/07/08 15:10:33.696, 2, 0, 48104, 97887
2026/07/08 15:10:33.715, 3, 0, 48104, 97887
2026/07/08 15:10:33.733, 4, 77, 75410, 97887
2026/07/08 15:10:33.750, 5, 23, 75410, 97887
2026/07/08 15:10:33.767, 6, 0, 75370, 97887
2026/07/08 15:10:33.778, 7, 0, 75370, 97887
2026/07/08 15:10:34.787, 0, 0, 48704, 97887
2026/07/08 15:10:34.800, 1, 0, 48104, 97887
2026/07/08 15:10:34.813, 2, 0, 48104, 97887
2026/07/08 15:10:34.827, 3, 0, 48104, 97887
2026/07/08 15:10:34.845, 4, 87, 75410, 97887
2026/07/08 15:10:34.860, 5, 18, 75410, 97887
2026/07/08 15:10:34.877, 6, 0, 75370, 97887
2026/07/08 15:10:34.892, 7, 0, 75370, 97887
2026/07/08 15:10:35.903, 0, 0, 48704, 97887
2026/07/08 15:10:35.920, 1, 0, 48104, 97887
2026/07/08 15:10:35.935, 2, 0, 48104, 97887
2026/07/08 15:10:35.950, 3, 0, 48104, 97887
2026/07/08 15:10:35.967, 4, 72, 75410, 97887
2026/07/08 15:10:35.983, 5, 18, 75410, 97887
2026/07/08 15:10:36.002, 6, 0, 75370, 97887
2026/07/08 15:10:36.020, 7, 0, 75370, 97887
2026/07/08 15:10:37.039, 0, 0, 48704, 97887
2026/07/08 15:10:37.054, 1, 0, 48104, 97887
2026/07/08 15:10:37.071, 2, 0, 48104, 97887
2026/07/08 15:10:37.087, 3, 0, 48104, 97887
2026/07/08 15:10:37.105, 4, 91, 75410, 97887
2026/07/08 15:10:37.122, 5, 20, 75410, 97887
2026/07/08 15:10:37.140, 6, 0, 75370, 97887
2026/07/08 15:10:37.158, 7, 0, 75370, 97887
2026/07/08 15:10:38.176, 0, 0, 48704, 97887
2026/07/08 15:10:38.196, 1, 0, 48104, 97887
2026/07/08 15:10:38.207, 2, 0, 48104, 97887
2026/07/08 15:10:38.220, 3, 0, 48104, 97887
2026/07/08 15:10:38.234, 4, 81, 75410, 97887
2026/07/08 15:10:38.249, 5, 100, 75410, 97887
2026/07/08 15:10:38.263, 6, 0, 75370, 97887
2026/07/08 15:10:38.277, 7, 0, 75370, 97887
2026/07/08 15:10:39.292, 0, 0, 48704, 97887
2026/07/08 15:10:39.310, 1, 0, 48104, 97887
2026/07/08 15:10:39.327, 2, 0, 48104, 97887
2026/07/08 15:10:39.347, 3, 0, 48104, 97887
2026/07/08 15:10:39.364, 4, 70, 75410, 97887
2026/07/08 15:10:39.383, 5, 19, 75410, 97887
2026/07/08 15:10:39.402, 6, 0, 75370, 97887
2026/07/08 15:10:39.419, 7, 0, 75370, 97887
2026/07/08 15:10:40.435, 0, 0, 48704, 97887
2026/07/08 15:10:40.457, 1, 0, 48104, 97887
2026/07/08 15:10:40.475, 2, 0, 48104, 97887
2026/07/08 15:10:40.492, 3, 0, 48104, 97887
2026/07/08 15:10:40.511, 4, 85, 75410, 97887
2026/07/08 15:10:40.532, 5, 18, 75410, 97887
2026/07/08 15:10:40.551, 6, 0, 75370, 97887
2026/07/08 15:10:40.569, 7, 0, 75370, 97887
2026/07/08 15:10:41.585, 0, 0, 48704, 97887
2026/07/08 15:10:41.600, 1, 0, 48104, 97887
2026/07/08 15:10:41.616, 2, 0, 48104, 97887
2026/07/08 15:10:41.628, 3, 0, 48104, 97887
2026/07/08 15:10:41.640, 4, 83, 75410, 97887
2026/07/08 15:10:41.652, 5, 18, 75410, 97887
2026/07/08 15:10:41.663, 6, 0, 75370, 97887
2026/07/08 15:10:41.680, 7, 0, 75370, 97887
2026/07/08 15:10:42.698, 0, 0, 48704, 97887
2026/07/08 15:10:42.712, 1, 0, 48104, 97887
2026/07/08 15:10:42.721, 2, 0, 48104, 97887
2026/07/08 15:10:42.732, 3, 0, 48104, 97887
2026/07/08 15:10:42.744, 4, 90, 75410, 97887
2026/07/08 15:10:42.757, 5, 23, 75410, 97887
2026/07/08 15:10:42.769, 6, 0, 75370, 97887
2026/07/08 15:10:42.787, 7, 0, 75370, 97887
2026/07/08 15:10:43.804, 0, 0, 48704, 97887
2026/07/08 15:10:43.820, 1, 0, 48104, 97887
2026/07/08 15:10:43.834, 2, 0, 48104, 97887
2026/07/08 15:10:43.851, 3, 0, 48104, 97887
2026/07/08 15:10:43.867, 4, 94, 75410, 97887
2026/07/08 15:10:43.883, 5, 17, 75410, 97887
2026/07/08 15:10:43.900, 6, 0, 75370, 97887
2026/07/08 15:10:43.916, 7, 0, 75370, 97887
2026/07/08 15:10:44.931, 0, 0, 48704, 97887
2026/07/08 15:10:44.946, 1, 0, 48104, 97887
2026/07/08 15:10:44.961, 2, 0, 48104, 97887
2026/07/08 15:10:44.977, 3, 0, 48104, 97887
2026/07/08 15:10:44.992, 4, 95, 75410, 97887
2026/07/08 15:10:45.007, 5, 23, 75410, 97887
2026/07/08 15:10:45.021, 6, 0, 75370, 97887
2026/07/08 15:10:45.036, 7, 0, 75370, 97887
2026/07/08 15:10:46.052, 0, 0, 48704, 97887
2026/07/08 15:10:46.067, 1, 0, 48104, 97887
2026/07/08 15:10:46.081, 2, 0, 48104, 97887
2026/07/08 15:10:46.096, 3, 0, 48104, 97887
2026/07/08 15:10:46.107, 4, 76, 75410, 97887
2026/07/08 15:10:46.119, 5, 24, 75410, 97887
2026/07/08 15:10:46.131, 6, 0, 75370, 97887
2026/07/08 15:10:46.146, 7, 0, 75370, 97887
2026/07/08 15:10:47.161, 0, 0, 48704, 97887
2026/07/08 15:10:47.178, 1, 0, 48104, 97887
2026/07/08 15:10:47.197, 2, 0, 48104, 97887
2026/07/08 15:10:47.211, 3, 0, 48104, 97887
2026/07/08 15:10:47.231, 4, 87, 75410, 97887
2026/07/08 15:10:47.248, 5, 18, 75410, 97887
2026/07/08 15:10:47.266, 6, 0, 75370, 97887
2026/07/08 15:10:47.284, 7, 0, 75370, 97887
2026/07/08 15:10:48.303, 0, 0, 48704, 97887
2026/07/08 15:10:48.317, 1, 0, 48104, 97887
2026/07/08 15:10:48.334, 2, 0, 48104, 97887
2026/07/08 15:10:48.348, 3, 0, 48104, 97887
2026/07/08 15:10:48.363, 4, 90, 75410, 97887
2026/07/08 15:10:48.382, 5, 17, 75410, 97887
2026/07/08 15:10:48.402, 6, 0, 75370, 97887
2026/07/08 15:10:48.418, 7, 0, 75370, 97887
2026/07/08 15:10:49.433, 0, 0, 48704, 97887
2026/07/08 15:10:49.449, 1, 0, 48104, 97887
2026/07/08 15:10:49.464, 2, 0, 48104, 97887
2026/07/08 15:10:49.483, 3, 0, 48104, 97887
2026/07/08 15:10:49.500, 4, 95, 75410, 97887
2026/07/08 15:10:49.519, 5, 18, 75410, 97887
2026/07/08 15:10:49.537, 6, 0, 75370, 97887
2026/07/08 15:10:49.555, 7, 0, 75370, 97887
2026/07/08 15:10:50.570, 0, 0, 48704, 97887
2026/07/08 15:10:50.582, 1, 0, 48104, 97887
2026/07/08 15:10:50.592, 2, 0, 48104, 97887
2026/07/08 15:10:50.601, 3, 0, 48104, 97887
2026/07/08 15:10:50.612, 4, 85, 75410, 97887
2026/07/08 15:10:50.625, 5, 17, 75410, 97887
2026/07/08 15:10:50.638, 6, 0, 75370, 97887
2026/07/08 15:10:50.650, 7, 0, 75370, 97887
2026/07/08 15:10:51.660, 0, 0, 48704, 97887
2026/07/08 15:10:51.677, 1, 0, 48104, 97887
2026/07/08 15:10:51.692, 2, 0, 48104, 97887
2026/07/08 15:10:51.708, 3, 0, 48104, 97887
2026/07/08 15:10:51.721, 4, 95, 75410, 97887
2026/07/08 15:10:51.735, 5, 19, 75410, 97887
2026/07/08 15:10:51.749, 6, 0, 75370, 97887
2026/07/08 15:10:51.767, 7, 0, 75370, 97887
2026/07/08 15:10:52.784, 0, 0, 48704, 97887
2026/07/08 15:10:52.805, 1, 0, 48104, 97887
2026/07/08 15:10:52.822, 2, 0, 48104, 97887
2026/07/08 15:10:52.836, 3, 0, 48104, 97887
2026/07/08 15:10:52.853, 4, 87, 75410, 97887
2026/07/08 15:10:52.870, 5, 18, 75410, 97887
2026/07/08 15:10:52.885, 6, 0, 75370, 97887
2026/07/08 15:10:52.903, 7, 0, 75370, 97887
2026/07/08 15:10:53.920, 0, 0, 48704, 97887
2026/07/08 15:10:53.938, 1, 0, 48104, 97887
2026/07/08 15:10:53.954, 2, 0, 48104, 97887
2026/07/08 15:10:53.969, 3, 0, 48104, 97887
2026/07/08 15:10:53.981, 4, 74, 75410, 97887
2026/07/08 15:10:53.994, 5, 18, 75410, 97887
2026/07/08 15:10:54.010, 6, 0, 75370, 97887
2026/07/08 15:10:54.030, 7, 0, 75370, 97887
2026/07/08 15:10:55.046, 0, 0, 48704, 97887
2026/07/08 15:10:55.063, 1, 0, 48104, 97887
2026/07/08 15:10:55.080, 2, 0, 48104, 97887
2026/07/08 15:10:55.096, 3, 0, 48104, 97887
2026/07/08 15:10:55.112, 4, 96, 75410, 97887
2026/07/08 15:10:55.131, 5, 20, 75410, 97887
2026/07/08 15:10:55.150, 6, 0, 75370, 97887
2026/07/08 15:10:55.169, 7, 0, 75370, 97887
2026/07/08 15:10:56.185, 0, 0, 48704, 97887
2026/07/08 15:10:56.205, 1, 0, 48104, 97887
2026/07/08 15:10:56.224, 2, 0, 48104, 97887
2026/07/08 15:10:56.242, 3, 0, 48104, 97887
2026/07/08 15:10:56.261, 4, 83, 75410, 97887
2026/07/08 15:10:56.279, 5, 12, 75410, 97887
2026/07/08 15:10:56.297, 6, 0, 75370, 97887
2026/07/08 15:10:56.336, 7, 0, 75370, 97887
2026/07/08 15:10:57.353, 0, 0, 48704, 97887
2026/07/08 15:10:57.370, 1, 0, 48104, 97887
2026/07/08 15:10:57.389, 2, 0, 48104, 97887
2026/07/08 15:10:57.404, 3, 0, 48104, 97887
2026/07/08 15:10:57.422, 4, 92, 75410, 97887
2026/07/08 15:10:57.437, 5, 17, 75410, 97887
2026/07/08 15:10:57.453, 6, 0, 75370, 97887
2026/07/08 15:10:57.471, 7, 0, 75370, 97887
2026/07/08 15:10:58.487, 0, 0, 48704, 97887
2026/07/08 15:10:58.504, 1, 0, 48104, 97887
2026/07/08 15:10:58.521, 2, 0, 48104, 97887
2026/07/08 15:10:58.539, 3, 0, 48104, 97887
2026/07/08 15:10:58.554, 4, 95, 75410, 97887
2026/07/08 15:10:58.570, 5, 24, 75410, 97887
2026/07/08 15:10:58.589, 6, 0, 75370, 97887
2026/07/08 15:10:58.607, 7, 0, 75370, 97887
2026/07/08 15:10:59.626, 0, 0, 48704, 97887
2026/07/08 15:10:59.657, 1, 0, 48104, 97887
2026/07/08 15:10:59.691, 2, 0, 48104, 97887
2026/07/08 15:10:59.728, 3, 0, 48104, 97887
2026/07/08 15:10:59.752, 4, 92, 75410, 97887
2026/07/08 15:10:59.779, 5, 18, 75410, 97887
2026/07/08 15:10:59.799, 6, 0, 75370, 97887
2026/07/08 15:10:59.817, 7, 0, 75370, 97887
2026/07/08 15:11:00.833, 0, 0, 48704, 97887
2026/07/08 15:11:00.849, 1, 0, 48104, 97887
2026/07/08 15:11:00.866, 2, 0, 48104, 97887
2026/07/08 15:11:00.882, 3, 0, 48104, 97887
2026/07/08 15:11:00.896, 4, 66, 75410, 97887
2026/07/08 15:11:00.912, 5, 22, 75410, 97887
2026/07/08 15:11:00.929, 6, 0, 75370, 97887
2026/07/08 15:11:00.946, 7, 0, 75370, 97887
2026/07/08 15:11:01.964, 0, 0, 48704, 97887
2026/07/08 15:11:01.982, 1, 0, 48104, 97887
2026/07/08 15:11:02.001, 2, 0, 48104, 97887
2026/07/08 15:11:02.019, 3, 0, 48104, 97887
2026/07/08 15:11:02.038, 4, 63, 75410, 97887
2026/07/08 15:11:02.052, 5, 18, 75410, 97887
2026/07/08 15:11:02.064, 6, 0, 75370, 97887
2026/07/08 15:11:02.080, 7, 0, 75370, 97887
2026/07/08 15:11:03.096, 0, 0, 48704, 97887
2026/07/08 15:11:03.108, 1, 0, 48104, 97887
2026/07/08 15:11:03.121, 2, 0, 48104, 97887
2026/07/08 15:11:03.138, 3, 0, 48104, 97887
2026/07/08 15:11:03.154, 4, 94, 75410, 97887
2026/07/08 15:11:03.170, 5, 22, 75410, 97887
2026/07/08 15:11:03.188, 6, 0, 75370, 97887
2026/07/08 15:11:03.205, 7, 0, 75370, 97887
2026/07/08 15:11:04.223, 0, 0, 48704, 97887
2026/07/08 15:11:04.241, 1, 0, 48104, 97887
2026/07/08 15:11:04.257, 2, 0, 48104, 97887
2026/07/08 15:11:04.271, 3, 0, 48104, 97887
2026/07/08 15:11:04.283, 4, 92, 75410, 97887
2026/07/08 15:11:04.294, 5, 20, 75410, 97887
2026/07/08 15:11:04.307, 6, 0, 75370, 97887
2026/07/08 15:11:04.321, 7, 0, 75370, 97887
2026/07/08 15:11:05.338, 0, 0, 48704, 97887
2026/07/08 15:11:05.361, 1, 0, 48104, 97887
2026/07/08 15:11:05.380, 2, 0, 48104, 97887
2026/07/08 15:11:05.396, 3, 0, 48104, 97887
2026/07/08 15:11:05.413, 4, 90, 75410, 97887
2026/07/08 15:11:05.429, 5, 18, 75410, 97887
2026/07/08 15:11:05.447, 6, 0, 75370, 97887
2026/07/08 15:11:05.463, 7, 0, 75370, 97887
2026/07/08 15:11:06.480, 0, 0, 48704, 97887
2026/07/08 15:11:06.496, 1, 0, 48104, 97887
2026/07/08 15:11:06.511, 2, 0, 48104, 97887
2026/07/08 15:11:06.524, 3, 0, 48104, 97887
2026/07/08 15:11:06.540, 4, 92, 75410, 97887
2026/07/08 15:11:06.559, 5, 36, 75410, 97887
2026/07/08 15:11:06.575, 6, 0, 75370, 97887
2026/07/08 15:11:06.591, 7, 0, 75370, 97887
2026/07/08 15:11:07.608, 0, 0, 48704, 97887
2026/07/08 15:11:07.623, 1, 0, 48104, 97887
2026/07/08 15:11:07.637, 2, 0, 48104, 97887
2026/07/08 15:11:07.652, 3, 0, 48104, 97887
2026/07/08 15:11:07.667, 4, 94, 75410, 97887
2026/07/08 15:11:07.681, 5, 21, 75410, 97887
2026/07/08 15:11:07.698, 6, 0, 75370, 97887
2026/07/08 15:11:07.715, 7, 0, 75370, 97887
2026/07/08 15:11:08.732, 0, 0, 48704, 97887
2026/07/08 15:11:08.749, 1, 0, 48104, 97887
2026/07/08 15:11:08.766, 2, 0, 48104, 97887
2026/07/08 15:11:08.782, 3, 0, 48104, 97887
2026/07/08 15:11:08.802, 4, 95, 75410, 97887
2026/07/08 15:11:08.819, 5, 19, 75410, 97887
2026/07/08 15:11:08.838, 6, 0, 75370, 97887
2026/07/08 15:11:08.856, 7, 0, 75370, 97887
2026/07/08 15:11:09.875, 0, 0, 48704, 97887
2026/07/08 15:11:09.893, 1, 0, 48104, 97887
2026/07/08 15:11:09.910, 2, 0, 48104, 97887
2026/07/08 15:11:09.926, 3, 0, 48104, 97887
2026/07/08 15:11:09.945, 4, 97, 75410, 97887
2026/07/08 15:11:09.961, 5, 25, 75410, 97887
2026/07/08 15:11:09.979, 6, 0, 75370, 97887
2026/07/08 15:11:09.997, 7, 0, 75370, 97887
2026/07/08 15:11:11.013, 0, 0, 48704, 97887
2026/07/08 15:11:11.028, 1, 0, 48104, 97887
2026/07/08 15:11:11.043, 2, 0, 48104, 97887
2026/07/08 15:11:11.057, 3, 0, 48104, 97887
2026/07/08 15:11:11.074, 4, 92, 75410, 97887
2026/07/08 15:11:11.087, 5, 22, 75410, 97887
2026/07/08 15:11:11.101, 6, 0, 75370, 97887
2026/07/08 15:11:11.116, 7, 0, 75370, 97887
2026/07/08 15:11:12.129, 0, 0, 48704, 97887
2026/07/08 15:11:12.146, 1, 0, 48104, 97887
2026/07/08 15:11:12.162, 2, 0, 48104, 97887
2026/07/08 15:11:12.177, 3, 0, 48104, 97887
2026/07/08 15:11:12.191, 4, 87, 75410, 97887
2026/07/08 15:11:12.204, 5, 22, 75410, 97887
2026/07/08 15:11:12.217, 6, 0, 75370, 97887
2026/07/08 15:11:12.231, 7, 0, 75370, 97887
2026/07/08 15:11:13.246, 0, 0, 48704, 97887
2026/07/08 15:11:13.264, 1, 0, 48104, 97887
2026/07/08 15:11:13.281, 2, 0, 48104, 97887
2026/07/08 15:11:13.299, 3, 0, 48104, 97887
2026/07/08 15:11:13.316, 4, 93, 75410, 97887
2026/07/08 15:11:13.334, 5, 21, 75410, 97887
2026/07/08 15:11:13.351, 6, 0, 75370, 97887
2026/07/08 15:11:13.370, 7, 0, 75370, 97887
2026/07/08 15:11:14.386, 0, 0, 48704, 97887
2026/07/08 15:11:14.404, 1, 0, 48104, 97887
2026/07/08 15:11:14.424, 2, 0, 48104, 97887
2026/07/08 15:11:14.441, 3, 0, 48104, 97887
2026/07/08 15:11:14.458, 4, 94, 75410, 97887
2026/07/08 15:11:14.475, 5, 21, 75410, 97887
2026/07/08 15:11:14.492, 6, 0, 75370, 97887
2026/07/08 15:11:14.512, 7, 0, 75370, 97887
2026/07/08 15:11:15.530, 0, 0, 48704, 97887
2026/07/08 15:11:15.547, 1, 0, 48104, 97887
2026/07/08 15:11:15.560, 2, 0, 48104, 97887
2026/07/08 15:11:15.578, 3, 0, 48104, 97887
2026/07/08 15:11:15.596, 4, 91, 75410, 97887
2026/07/08 15:11:15.611, 5, 18, 75410, 97887
2026/07/08 15:11:15.629, 6, 0, 75370, 97887
2026/07/08 15:11:15.646, 7, 0, 75370, 97887
2026/07/08 15:11:16.663, 0, 0, 48704, 97887
2026/07/08 15:11:16.680, 1, 0, 48104, 97887
2026/07/08 15:11:16.697, 2, 0, 48104, 97887
2026/07/08 15:11:16.713, 3, 0, 48104, 97887
2026/07/08 15:11:16.730, 4, 96, 75410, 97887
2026/07/08 15:11:16.746, 5, 18, 75410, 97887
2026/07/08 15:11:16.761, 6, 0, 75370, 97887
2026/07/08 15:11:16.777, 7, 0, 75370, 97887
2026/07/08 15:11:17.792, 0, 0, 48704, 97887
2026/07/08 15:11:17.810, 1, 0, 48104, 97887
2026/07/08 15:11:17.829, 2, 0, 48104, 97887
2026/07/08 15:11:17.845, 3, 0, 48104, 97887
2026/07/08 15:11:17.864, 4, 94, 75410, 97887
2026/07/08 15:11:17.880, 5, 23, 75410, 97887
2026/07/08 15:11:17.899, 6, 0, 75370, 97887
2026/07/08 15:11:17.915, 7, 0, 75370, 97887
2026/07/08 15:11:18.929, 0, 0, 48704, 97887
2026/07/08 15:11:18.948, 1, 0, 48104, 97887
2026/07/08 15:11:18.963, 2, 0, 48104, 97887
2026/07/08 15:11:18.978, 3, 0, 48104, 97887
2026/07/08 15:11:18.989, 4, 68, 75410, 97887
2026/07/08 15:11:19.003, 5, 18, 75410, 97887
2026/07/08 15:11:19.018, 6, 0, 75370, 97887
2026/07/08 15:11:19.033, 7, 0, 75370, 97887
2026/07/08 15:11:20.048, 0, 0, 48704, 97887
2026/07/08 15:11:20.066, 1, 0, 48104, 97887
2026/07/08 15:11:20.084, 2, 0, 48104, 97887
2026/07/08 15:11:20.103, 3, 0, 48104, 97887
2026/07/08 15:11:20.120, 4, 90, 75410, 97887
2026/07/08 15:11:20.139, 5, 23, 75410, 97887
2026/07/08 15:11:20.157, 6, 0, 75370, 97887
2026/07/08 15:11:20.177, 7, 0, 75370, 97887
2026/07/08 15:11:21.199, 0, 0, 48704, 97887
2026/07/08 15:11:21.215, 1, 0, 48104, 97887
2026/07/08 15:11:21.231, 2, 0, 48104, 97887
2026/07/08 15:11:21.247, 3, 0, 48104, 97887
2026/07/08 15:11:21.265, 4, 95, 75410, 97887
2026/07/08 15:11:21.281, 5, 24, 75410, 97887
2026/07/08 15:11:21.296, 6, 0, 75370, 97887
2026/07/08 15:11:21.312, 7, 0, 75370, 97887
2026/07/08 15:11:22.326, 0, 0, 48704, 97887
2026/07/08 15:11:22.344, 1, 0, 48104, 97887
2026/07/08 15:11:22.364, 2, 0, 48104, 97887
2026/07/08 15:11:22.382, 3, 0, 48104, 97887
2026/07/08 15:11:22.401, 4, 91, 75410, 97887
2026/07/08 15:11:22.419, 5, 19, 75410, 97887
2026/07/08 15:11:22.437, 6, 0, 75370, 97887
2026/07/08 15:11:22.453, 7, 0, 75370, 97887
2026/07/08 15:11:23.468, 0, 0, 48704, 97887
2026/07/08 15:11:23.486, 1, 0, 48104, 97887
2026/07/08 15:11:23.505, 2, 0, 48104, 97887
2026/07/08 15:11:23.522, 3, 0, 48104, 97887
2026/07/08 15:11:23.540, 4, 92, 75410, 97887
2026/07/08 15:11:23.558, 5, 18, 75410, 97887
2026/07/08 15:11:23.576, 6, 0, 75370, 97887
2026/07/08 15:11:23.594, 7, 0, 75370, 97887
2026/07/08 15:11:24.612, 0, 0, 48704, 97887
2026/07/08 15:11:24.630, 1, 0, 48104, 97887
2026/07/08 15:11:24.645, 2, 0, 48104, 97887
2026/07/08 15:11:24.662, 3, 0, 48104, 97887
2026/07/08 15:11:24.677, 4, 91, 75410, 97887
2026/07/08 15:11:24.690, 5, 20, 75410, 97887
2026/07/08 15:11:24.703, 6, 0, 75370, 97887
2026/07/08 15:11:24.720, 7, 0, 75370, 97887
2026/07/08 15:11:25.737, 0, 0, 48704, 97887
2026/07/08 15:11:25.758, 1, 0, 48104, 97887
2026/07/08 15:11:25.776, 2, 0, 48104, 97887
2026/07/08 15:11:25.789, 3, 0, 48104, 97887
2026/07/08 15:11:25.806, 4, 95, 75410, 97887
2026/07/08 15:11:25.824, 5, 22, 75410, 97887
2026/07/08 15:11:25.846, 6, 0, 75370, 97887
2026/07/08 15:11:25.865, 7, 0, 75370, 97887
2026/07/08 15:11:26.882, 0, 0, 48704, 97887
2026/07/08 15:11:26.899, 1, 0, 48104, 97887
2026/07/08 15:11:26.910, 2, 0, 48104, 97887
2026/07/08 15:11:26.926, 3, 0, 48104, 97887
2026/07/08 15:11:26.944, 4, 96, 75410, 97887
2026/07/08 15:11:26.962, 5, 22, 75410, 97887
2026/07/08 15:11:26.978, 6, 0, 75370, 97887
2026/07/08 15:11:26.995, 7, 0, 75370, 97887
2026/07/08 15:11:28.013, 0, 0, 48704, 97887
2026/07/08 15:11:28.030, 1, 0, 48104, 97887
2026/07/08 15:11:28.049, 2, 0, 48104, 97887
2026/07/08 15:11:28.069, 3, 0, 48104, 97887
2026/07/08 15:11:28.086, 4, 91, 75410, 97887
2026/07/08 15:11:28.104, 5, 22, 75410, 97887
2026/07/08 15:11:28.123, 6, 0, 75370, 97887
2026/07/08 15:11:28.143, 7, 0, 75370, 97887
2026/07/08 15:11:29.161, 0, 0, 48704, 97887
2026/07/08 15:11:29.179, 1, 0, 48104, 97887
2026/07/08 15:11:29.195, 2, 0, 48104, 97887
2026/07/08 15:11:29.210, 3, 0, 48104, 97887
2026/07/08 15:11:29.230, 4, 92, 75410, 97887
2026/07/08 15:11:29.248, 5, 18, 75410, 97887
2026/07/08 15:11:29.263, 6, 0, 75370, 97887
2026/07/08 15:11:29.279, 7, 0, 75370, 97887
2026/07/08 15:11:30.295, 0, 0, 48704, 97887
2026/07/08 15:11:30.316, 1, 0, 48104, 97887
2026/07/08 15:11:30.334, 2, 0, 48104, 97887
2026/07/08 15:11:30.351, 3, 0, 48104, 97887
2026/07/08 15:11:30.370, 4, 17, 75410, 97887
2026/07/08 15:11:30.390, 5, 54, 75410, 97887
2026/07/08 15:11:30.410, 6, 0, 75370, 97887
2026/07/08 15:11:30.430, 7, 0, 75370, 97887
2026/07/08 15:11:31.460, 0, 0, 48704, 97887
2026/07/08 15:11:31.476, 1, 0, 48104, 97887
2026/07/08 15:11:31.491, 2, 0, 48104, 97887
2026/07/08 15:11:31.507, 3, 0, 48104, 97887
2026/07/08 15:11:31.525, 4, 35, 75410, 97887
2026/07/08 15:11:31.541, 5, 28, 75410, 97887
2026/07/08 15:11:31.559, 6, 0, 75370, 97887
2026/07/08 15:11:31.574, 7, 0, 75370, 97887
2026/07/08 15:11:32.589, 0, 0, 48704, 97887
2026/07/08 15:11:32.602, 1, 0, 48104, 97887
2026/07/08 15:11:32.615, 2, 0, 48104, 97887
2026/07/08 15:11:32.634, 3, 0, 48104, 97887
2026/07/08 15:11:32.654, 4, 26, 75410, 97887
2026/07/08 15:11:32.669, 5, 51, 75410, 97887
2026/07/08 15:11:32.686, 6, 0, 75370, 97887
2026/07/08 15:11:32.713, 7, 0, 75370, 97887
2026/07/08 15:11:33.736, 0, 0, 48704, 97887
2026/07/08 15:11:33.756, 1, 0, 48104, 97887
2026/07/08 15:11:33.774, 2, 0, 48104, 97887
2026/07/08 15:11:33.792, 3, 0, 48104, 97887
2026/07/08 15:11:33.809, 4, 38, 75410, 97887
2026/07/08 15:11:33.826, 5, 33, 75410, 97887
2026/07/08 15:11:33.845, 6, 0, 75370, 97887
2026/07/08 15:11:33.863, 7, 0, 75370, 97887
2026/07/08 15:11:34.880, 0, 0, 48704, 97887
2026/07/08 15:11:34.897, 1, 0, 48104, 97887
2026/07/08 15:11:34.915, 2, 0, 48104, 97887
2026/07/08 15:11:34.931, 3, 0, 48104, 97887
2026/07/08 15:11:34.945, 4, 19, 75410, 97887
2026/07/08 15:11:34.956, 5, 87, 75410, 97887
2026/07/08 15:11:34.972, 6, 0, 75370, 97887
2026/07/08 15:11:34.990, 7, 0, 75370, 97887
2026/07/08 15:11:36.009, 0, 0, 48704, 97887
2026/07/08 15:11:36.027, 1, 0, 48104, 97887
2026/07/08 15:11:36.040, 2, 0, 48104, 97887
2026/07/08 15:11:36.055, 3, 0, 48104, 97887
2026/07/08 15:11:36.065, 4, 76, 75410, 97887
2026/07/08 15:11:36.078, 5, 49, 75410, 97887
2026/07/08 15:11:36.095, 6, 0, 75370, 97887
2026/07/08 15:11:36.111, 7, 0, 75370, 97887
2026/07/08 15:11:37.126, 0, 0, 48704, 97887
2026/07/08 15:11:37.143, 1, 0, 48104, 97887
2026/07/08 15:11:37.159, 2, 0, 48104, 97887
2026/07/08 15:11:37.175, 3, 0, 48104, 97887
2026/07/08 15:11:37.189, 4, 23, 75410, 97887
2026/07/08 15:11:37.204, 5, 61, 75410, 97887
2026/07/08 15:11:37.222, 6, 0, 75370, 97887
2026/07/08 15:11:37.241, 7, 0, 75370, 97887
2026/07/08 15:11:38.261, 0, 0, 48704, 97887
2026/07/08 15:11:38.280, 1, 0, 48104, 97887
2026/07/08 15:11:38.306, 2, 0, 48104, 97887
2026/07/08 15:11:38.330, 3, 0, 48104, 97887
2026/07/08 15:11:38.347, 4, 28, 75410, 97887
2026/07/08 15:11:38.363, 5, 33, 75410, 97887
2026/07/08 15:11:38.382, 6, 0, 75370, 97887
2026/07/08 15:11:38.401, 7, 0, 75370, 97887
2026/07/08 15:11:39.430, 0, 0, 48704, 97887
2026/07/08 15:11:39.446, 1, 0, 48104, 97887
2026/07/08 15:11:39.465, 2, 0, 48104, 97887
2026/07/08 15:11:39.482, 3, 0, 48104, 97887
2026/07/08 15:11:39.501, 4, 19, 75410, 97887
2026/07/08 15:11:39.519, 5, 64, 75410, 97887
2026/07/08 15:11:39.537, 6, 0, 75370, 97887
2026/07/08 15:11:39.556, 7, 0, 75370, 97887
2026/07/08 15:11:40.575, 0, 0, 48704, 97887
2026/07/08 15:11:40.591, 1, 0, 48104, 97887
2026/07/08 15:11:40.606, 2, 0, 48104, 97887
2026/07/08 15:11:40.624, 3, 0, 48104, 97887
2026/07/08 15:11:40.641, 4, 21, 75410, 97887
2026/07/08 15:11:40.656, 5, 82, 75410, 97887
2026/07/08 15:11:40.672, 6, 0, 75370, 97887
2026/07/08 15:11:40.689, 7, 0, 75370, 97887
2026/07/08 15:11:41.705, 0, 0, 48704, 97887
2026/07/08 15:11:41.724, 1, 0, 48104, 97887
2026/07/08 15:11:41.743, 2, 0, 48104, 97887
2026/07/08 15:11:41.762, 3, 0, 48104, 97887
2026/07/08 15:11:41.783, 4, 29, 75410, 97887
2026/07/08 15:11:41.803, 5, 64, 75410, 97887
2026/07/08 15:11:41.819, 6, 0, 75370, 97887
2026/07/08 15:11:41.834, 7, 0, 75370, 97887
2026/07/08 15:11:42.851, 0, 0, 48704, 97887
2026/07/08 15:11:42.871, 1, 0, 48104, 97887
2026/07/08 15:11:42.884, 2, 0, 48104, 97887
2026/07/08 15:11:42.903, 3, 0, 48104, 97887
2026/07/08 15:11:42.922, 4, 23, 75410, 97887
2026/07/08 15:11:42.939, 5, 71, 75410, 97887
2026/07/08 15:11:42.958, 6, 0, 75370, 97887
2026/07/08 15:11:42.977, 7, 0, 75370, 97887
2026/07/08 15:11:43.996, 0, 0, 48704, 97887
2026/07/08 15:11:44.012, 1, 0, 48104, 97887
2026/07/08 15:11:44.031, 2, 0, 48104, 97887
2026/07/08 15:11:44.048, 3, 0, 48104, 97887
2026/07/08 15:11:44.066, 4, 20, 75410, 97887
2026/07/08 15:11:44.081, 5, 58, 75410, 97887
2026/07/08 15:11:44.094, 6, 0, 75370, 97887
2026/07/08 15:11:44.104, 7, 0, 75370, 97887
2026/07/08 15:11:45.117, 0, 0, 48704, 97887
2026/07/08 15:11:45.135, 1, 0, 48104, 97887
2026/07/08 15:11:45.151, 2, 0, 48104, 97887
2026/07/08 15:11:45.168, 3, 0, 48104, 97887
2026/07/08 15:11:45.185, 4, 87, 75410, 97887
2026/07/08 15:11:45.202, 5, 18, 75410, 97887
2026/07/08 15:11:45.219, 6, 0, 75370, 97887
2026/07/08 15:11:45.237, 7, 0, 75370, 97887
2026/07/08 15:11:46.256, 0, 0, 48704, 97887
2026/07/08 15:11:46.276, 1, 0, 48104, 97887
2026/07/08 15:11:46.293, 2, 0, 48104, 97887
2026/07/08 15:11:46.314, 3, 0, 48104, 97887
2026/07/08 15:11:46.330, 4, 73, 75410, 97887
2026/07/08 15:11:46.346, 5, 48, 75410, 97887
2026/07/08 15:11:46.362, 6, 0, 75370, 97887
2026/07/08 15:11:46.379, 7, 0, 75370, 97887
2026/07/08 15:11:47.394, 0, 0, 48704, 97887
2026/07/08 15:11:47.412, 1, 0, 48104, 97887
2026/07/08 15:11:47.427, 2, 0, 48104, 97887
2026/07/08 15:11:47.445, 3, 0, 48104, 97887
2026/07/08 15:11:47.461, 4, 44, 75410, 97887
2026/07/08 15:11:47.479, 5, 27, 75410, 97887
2026/07/08 15:11:47.497, 6, 0, 75370, 97887
2026/07/08 15:11:47.514, 7, 0, 75370, 97887
2026/07/08 15:11:48.534, 0, 0, 48704, 97887
2026/07/08 15:11:48.549, 1, 0, 48104, 97887
2026/07/08 15:11:48.565, 2, 0, 48104, 97887
2026/07/08 15:11:48.583, 3, 0, 48104, 97887
2026/07/08 15:11:48.598, 4, 20, 75410, 97887
2026/07/08 15:11:48.615, 5, 41, 75410, 97887
2026/07/08 15:11:48.633, 6, 0, 75370, 97887
2026/07/08 15:11:48.651, 7, 0, 75370, 97887
2026/07/08 15:11:49.669, 0, 0, 48704, 97887
2026/07/08 15:11:49.688, 1, 0, 48104, 97887
2026/07/08 15:11:49.708, 2, 0, 48104, 97887
2026/07/08 15:11:49.723, 3, 0, 48104, 97887
2026/07/08 15:11:49.735, 4, 31, 75410, 97887
2026/07/08 15:11:49.750, 5, 81, 75410, 97887
2026/07/08 15:11:49.766, 6, 0, 75370, 97887
2026/07/08 15:11:49.783, 7, 0, 75370, 97887
2026/07/08 15:11:50.798, 0, 0, 48704, 97887
2026/07/08 15:11:50.815, 1, 0, 48104, 97887
2026/07/08 15:11:50.833, 2, 0, 48104, 97887
2026/07/08 15:11:50.848, 3, 0, 48104, 97887
2026/07/08 15:11:50.863, 4, 23, 75410, 97887
2026/07/08 15:11:50.880, 5, 84, 75410, 97887
2026/07/08 15:11:50.898, 6, 0, 75370, 97887
2026/07/08 15:11:50.916, 7, 0, 75370, 97887
2026/07/08 15:11:51.934, 0, 0, 48704, 97887
2026/07/08 15:11:51.953, 1, 0, 48104, 97887
2026/07/08 15:11:51.971, 2, 0, 48104, 97887
2026/07/08 15:11:51.989, 3, 0, 48104, 97887
2026/07/08 15:11:52.008, 4, 94, 75410, 97887
2026/07/08 15:11:52.026, 5, 22, 75410, 97887
2026/07/08 15:11:52.041, 6, 0, 75370, 97887
2026/07/08 15:11:52.060, 7, 0, 75370, 97887
2026/07/08 15:11:53.078, 0, 0, 48704, 97887
2026/07/08 15:11:53.093, 1, 0, 48104, 97887
2026/07/08 15:11:53.110, 2, 0, 48104, 97887
2026/07/08 15:11:53.127, 3, 0, 48104, 97887
2026/07/08 15:11:53.142, 4, 91, 75410, 97887
2026/07/08 15:11:53.161, 5, 23, 75410, 97887
2026/07/08 15:11:53.178, 6, 0, 75370, 97887
2026/07/08 15:11:53.195, 7, 0, 75370, 97887
2026/07/08 15:11:54.212, 0, 0, 48704, 97887
2026/07/08 15:11:54.231, 1, 0, 48104, 97887
2026/07/08 15:11:54.248, 2, 0, 48104, 97887
2026/07/08 15:11:54.265, 3, 0, 48104, 97887
2026/07/08 15:11:54.282, 4, 96, 75410, 97887
2026/07/08 15:11:54.297, 5, 18, 75410, 97887
2026/07/08 15:11:54.313, 6, 0, 75370, 97887
2026/07/08 15:11:54.328, 7, 0, 75370, 97887
2026/07/08 15:11:55.344, 0, 0, 48704, 97887
2026/07/08 15:11:55.363, 1, 0, 48104, 97887
2026/07/08 15:11:55.381, 2, 0, 48104, 97887
2026/07/08 15:11:55.400, 3, 0, 48104, 97887
2026/07/08 15:11:55.417, 4, 90, 75410, 97887
2026/07/08 15:11:55.433, 5, 17, 75410, 97887
2026/07/08 15:11:55.448, 6, 0, 75370, 97887
2026/07/08 15:11:55.463, 7, 0, 75370, 97887
2026/07/08 15:11:56.482, 0, 0, 48704, 97887
2026/07/08 15:11:56.499, 1, 0, 48104, 97887
2026/07/08 15:11:56.518, 2, 0, 48104, 97887
2026/07/08 15:11:56.533, 3, 0, 48104, 97887
2026/07/08 15:11:56.550, 4, 72, 75410, 97887
2026/07/08 15:11:56.568, 5, 33, 75410, 97887
2026/07/08 15:11:56.584, 6, 0, 75370, 97887
2026/07/08 15:11:56.601, 7, 0, 75370, 97887
2026/07/08 15:11:57.620, 0, 0, 48704, 97887
2026/07/08 15:11:57.637, 1, 0, 48104, 97887
2026/07/08 15:11:57.654, 2, 0, 48104, 97887
2026/07/08 15:11:57.672, 3, 0, 48104, 97887
2026/07/08 15:11:57.688, 4, 39, 75410, 97887
2026/07/08 15:11:57.702, 5, 45, 75410, 97887
2026/07/08 15:11:57.718, 6, 0, 75370, 97887
2026/07/08 15:11:57.736, 7, 0, 75370, 97887
2026/07/08 15:11:58.755, 0, 0, 48704, 97887
2026/07/08 15:11:58.777, 1, 0, 48104, 97887
2026/07/08 15:11:58.797, 2, 0, 48104, 97887
2026/07/08 15:11:58.815, 3, 0, 48104, 97887
2026/07/08 15:11:58.833, 4, 48, 75410, 97887
2026/07/08 15:11:58.849, 5, 42, 75410, 97887
2026/07/08 15:11:58.866, 6, 0, 75370, 97887
2026/07/08 15:11:58.882, 7, 0, 75370, 97887
2026/07/08 15:11:59.900, 0, 0, 48704, 97887
2026/07/08 15:11:59.916, 1, 0, 48104, 97887
2026/07/08 15:11:59.937, 2, 0, 48104, 97887
2026/07/08 15:11:59.955, 3, 0, 48104, 97887
2026/07/08 15:11:59.971, 4, 29, 75410, 97887
2026/07/08 15:11:59.986, 5, 23, 75410, 97887
2026/07/08 15:12:00.007, 6, 0, 75370, 97887
2026/07/08 15:12:00.024, 7, 0, 75370, 97887
2026/07/08 15:12:01.043, 0, 0, 48704, 97887
2026/07/08 15:12:01.061, 1, 0, 48104, 97887
2026/07/08 15:12:01.072, 2, 0, 48104, 97887
2026/07/08 15:12:01.085, 3, 0, 48104, 97887
2026/07/08 15:12:01.099, 4, 52, 75410, 97887
2026/07/08 15:12:01.110, 5, 28, 75410, 97887
2026/07/08 15:12:01.122, 6, 0, 75370, 97887
2026/07/08 15:12:01.132, 7, 0, 75370, 97887
2026/07/08 15:12:02.143, 0, 0, 48704, 97887
2026/07/08 15:12:02.161, 1, 0, 48104, 97887
2026/07/08 15:12:02.178, 2, 0, 48104, 97887
2026/07/08 15:12:02.196, 3, 0, 48104, 97887
2026/07/08 15:12:02.213, 4, 90, 75410, 97887
2026/07/08 15:12:02.228, 5, 28, 75410, 97887
2026/07/08 15:12:02.245, 6, 0, 75370, 97887
2026/07/08 15:12:02.262, 7, 0, 75370, 97887
2026/07/08 15:12:03.278, 0, 0, 48704, 97887
2026/07/08 15:12:03.299, 1, 0, 48104, 97887
2026/07/08 15:12:03.324, 2, 0, 48104, 97887
2026/07/08 15:12:03.345, 3, 0, 48104, 97887
2026/07/08 15:12:03.365, 4, 66, 75410, 97887
2026/07/08 15:12:03.384, 5, 19, 75410, 97887
2026/07/08 15:12:03.403, 6, 0, 75370, 97887
2026/07/08 15:12:03.423, 7, 0, 75370, 97887
2026/07/08 15:12:04.439, 0, 0, 48704, 97887
2026/07/08 15:12:04.456, 1, 0, 48104, 97887
2026/07/08 15:12:04.471, 2, 0, 48104, 97887
2026/07/08 15:12:04.487, 3, 0, 48104, 97887
2026/07/08 15:12:04.503, 4, 90, 75410, 97887
2026/07/08 15:12:04.518, 5, 18, 75410, 97887
2026/07/08 15:12:04.532, 6, 0, 75370, 97887
2026/07/08 15:12:04.549, 7, 0, 75370, 97887
2026/07/08 15:12:05.564, 0, 0, 48704, 97887
2026/07/08 15:12:05.581, 1, 0, 48104, 97887
2026/07/08 15:12:05.598, 2, 0, 48104, 97887
2026/07/08 15:12:05.614, 3, 0, 48104, 97887
2026/07/08 15:12:05.643, 4, 95, 75410, 97887
2026/07/08 15:12:05.671, 5, 21, 75410, 97887
2026/07/08 15:12:05.705, 6, 0, 75370, 97887
2026/07/08 15:12:05.722, 7, 0, 75370, 97887
2026/07/08 15:12:06.739, 0, 0, 48704, 97887
2026/07/08 15:12:06.760, 1, 0, 48104, 97887
2026/07/08 15:12:06.778, 2, 0, 48104, 97887
2026/07/08 15:12:06.798, 3, 0, 48104, 97887
2026/07/08 15:12:06.816, 4, 92, 75410, 97887
2026/07/08 15:12:06.834, 5, 18, 75410, 97887
2026/07/08 15:12:06.853, 6, 0, 75370, 97887
2026/07/08 15:12:06.871, 7, 0, 75370, 97887
2026/07/08 15:12:07.890, 0, 0, 48704, 97887
2026/07/08 15:12:07.908, 1, 0, 48104, 97887
2026/07/08 15:12:07.924, 2, 0, 48104, 97887
2026/07/08 15:12:07.941, 3, 0, 48104, 97887
2026/07/08 15:12:07.957, 4, 79, 75410, 97887
2026/07/08 15:12:07.970, 5, 17, 75410, 97887
2026/07/08 15:12:07.987, 6, 0, 75370, 97887
2026/07/08 15:12:08.002, 7, 0, 75370, 97887
2026/07/08 15:12:09.019, 0, 0, 48704, 97887
2026/07/08 15:12:09.038, 1, 0, 48104, 97887
2026/07/08 15:12:09.058, 2, 0, 48104, 97887
2026/07/08 15:12:09.073, 3, 0, 48104, 97887
2026/07/08 15:12:09.091, 4, 85, 75410, 97887
2026/07/08 15:12:09.109, 5, 20, 75410, 97887
2026/07/08 15:12:09.125, 6, 0, 75370, 97887
2026/07/08 15:12:09.142, 7, 0, 75370, 97887
2026/07/08 15:12:10.159, 0, 0, 48704, 97887
2026/07/08 15:12:10.176, 1, 0, 48104, 97887
2026/07/08 15:12:10.195, 2, 0, 48104, 97887
2026/07/08 15:12:10.210, 3, 0, 48104, 97887
2026/07/08 15:12:10.225, 4, 52, 75410, 97887
2026/07/08 15:12:10.242, 5, 18, 75410, 97887
2026/07/08 15:12:10.258, 6, 0, 75370, 97887
2026/07/08 15:12:10.275, 7, 0, 75370, 97887
2026/07/08 15:12:11.292, 0, 0, 48704, 97887
2026/07/08 15:12:11.311, 1, 0, 48104, 97887
2026/07/08 15:12:11.324, 2, 0, 48104, 97887
2026/07/08 15:12:11.345, 3, 0, 48104, 97887
2026/07/08 15:12:11.360, 4, 27, 75410, 97887
2026/07/08 15:12:11.378, 5, 59, 75410, 97887
2026/07/08 15:12:11.393, 6, 0, 75370, 97887
2026/07/08 15:12:11.405, 7, 0, 75370, 97887
2026/07/08 15:12:12.420, 0, 0, 48704, 97887
2026/07/08 15:12:12.438, 1, 0, 48104, 97887
2026/07/08 15:12:12.451, 2, 0, 48104, 97887
2026/07/08 15:12:12.464, 3, 0, 48104, 97887
2026/07/08 15:12:12.481, 4, 82, 75410, 97887
2026/07/08 15:12:12.496, 5, 69, 75410, 97887
2026/07/08 15:12:12.509, 6, 0, 75370, 97887
2026/07/08 15:12:12.520, 7, 0, 75370, 97887
2026/07/08 15:12:13.526, 0, 0, 48704, 97887
2026/07/08 15:12:13.542, 1, 0, 48104, 97887
2026/07/08 15:12:13.557, 2, 0, 48104, 97887
2026/07/08 15:12:13.571, 3, 0, 48104, 97887
2026/07/08 15:12:13.589, 4, 78, 75410, 97887
2026/07/08 15:12:13.608, 5, 18, 75410, 97887
2026/07/08 15:12:13.625, 6, 0, 75370, 97887
2026/07/08 15:12:13.642, 7, 0, 75370, 97887
2026/07/08 15:12:14.657, 0, 0, 48704, 97887
2026/07/08 15:12:14.673, 1, 0, 48104, 97887
2026/07/08 15:12:14.684, 2, 0, 48104, 97887
2026/07/08 15:12:14.700, 3, 0, 48104, 97887
2026/07/08 15:12:14.717, 4, 40, 75410, 97887
2026/07/08 15:12:14.733, 5, 20, 75410, 97887
2026/07/08 15:12:14.749, 6, 0, 75370, 97887
2026/07/08 15:12:14.761, 7, 0, 75370, 97887
2026/07/08 15:12:15.774, 0, 0, 48704, 97887
2026/07/08 15:12:15.791, 1, 0, 48104, 97887
2026/07/08 15:12:15.807, 2, 0, 48104, 97887
2026/07/08 15:12:15.825, 3, 0, 48104, 97887
2026/07/08 15:12:15.841, 4, 91, 75410, 97887
2026/07/08 15:12:15.861, 5, 23, 75410, 97887
2026/07/08 15:12:15.878, 6, 0, 75370, 97887
2026/07/08 15:12:15.891, 7, 0, 75370, 97887
2026/07/08 15:12:16.909, 0, 0, 48704, 97887
2026/07/08 15:12:16.923, 1, 0, 48104, 97887
2026/07/08 15:12:16.938, 2, 0, 48104, 97887
2026/07/08 15:12:16.950, 3, 0, 48104, 97887
2026/07/08 15:12:16.966, 4, 25, 75410, 97887
2026/07/08 15:12:16.981, 5, 64, 75410, 97887
2026/07/08 15:12:16.993, 6, 0, 75370, 97887
2026/07/08 15:12:17.004, 7, 0, 75370, 97887
2026/07/08 15:12:18.017, 0, 0, 48704, 97887
2026/07/08 15:12:18.035, 1, 0, 48104, 97887
2026/07/08 15:12:18.059, 2, 0, 48104, 97887
2026/07/08 15:12:18.069, 3, 0, 48104, 97887
2026/07/08 15:12:18.082, 4, 21, 75410, 97887
2026/07/08 15:12:18.098, 5, 24, 75410, 97887
2026/07/08 15:12:18.113, 6, 0, 75370, 97887
2026/07/08 15:12:18.131, 7, 0, 75370, 97887
2026/07/08 15:12:19.147, 0, 0, 48704, 97887
2026/07/08 15:12:19.166, 1, 0, 48104, 97887
2026/07/08 15:12:19.184, 2, 0, 48104, 97887
2026/07/08 15:12:19.200, 3, 0, 48104, 97887
2026/07/08 15:12:19.217, 4, 19, 75410, 97887
2026/07/08 15:12:19.235, 5, 74, 75410, 97887
2026/07/08 15:12:19.254, 6, 0, 75370, 97887
2026/07/08 15:12:19.272, 7, 0, 75370, 97887
2026/07/08 15:12:20.285, 0, 0, 48704, 97887
2026/07/08 15:12:20.303, 1, 0, 48104, 97887
2026/07/08 15:12:20.319, 2, 0, 48104, 97887
2026/07/08 15:12:20.334, 3, 0, 48104, 97887
2026/07/08 15:12:20.348, 4, 24, 75410, 97887
2026/07/08 15:12:20.365, 5, 88, 75410, 97887
2026/07/08 15:12:20.380, 6, 0, 75370, 97887
2026/07/08 15:12:20.398, 7, 0, 75370, 97887
2026/07/08 15:12:21.416, 0, 0, 48704, 97887
2026/07/08 15:12:21.436, 1, 0, 48104, 97887
2026/07/08 15:12:21.454, 2, 0, 48104, 97887
2026/07/08 15:12:21.476, 3, 0, 48104, 97887
2026/07/08 15:12:21.496, 4, 24, 75410, 97887
2026/07/08 15:12:21.518, 5, 90, 75410, 97887
2026/07/08 15:12:21.536, 6, 0, 75370, 97887
2026/07/08 15:12:21.556, 7, 0, 75370, 97887
2026/07/08 15:12:22.573, 0, 0, 48704, 97887
2026/07/08 15:12:22.592, 1, 0, 48104, 97887
2026/07/08 15:12:22.609, 2, 0, 48104, 97887
2026/07/08 15:12:22.628, 3, 0, 48104, 97887
2026/07/08 15:12:22.647, 4, 20, 75410, 97887
2026/07/08 15:12:22.667, 5, 73, 75410, 97887
2026/07/08 15:12:22.685, 6, 0, 75370, 97887
2026/07/08 15:12:22.702, 7, 0, 75370, 97887
2026/07/08 15:12:23.720, 0, 0, 48704, 97887
2026/07/08 15:12:23.741, 1, 0, 48104, 97887
2026/07/08 15:12:23.760, 2, 0, 48104, 97887
2026/07/08 15:12:23.779, 3, 0, 48104, 97887
2026/07/08 15:12:23.797, 4, 24, 75410, 97887
2026/07/08 15:12:23.816, 5, 79, 75410, 97887
2026/07/08 15:12:23.834, 6, 0, 75370, 97887
2026/07/08 15:12:23.853, 7, 0, 75370, 97887
2026/07/08 15:12:24.871, 0, 0, 48704, 97887
2026/07/08 15:12:24.890, 1, 0, 48104, 97887
2026/07/08 15:12:24.906, 2, 0, 48104, 97887
2026/07/08 15:12:24.925, 3, 0, 48104, 97887
2026/07/08 15:12:24.944, 4, 20, 75410, 97887
2026/07/08 15:12:24.961, 5, 76, 75410, 97887
2026/07/08 15:12:24.978, 6, 0, 75370, 97887
2026/07/08 15:12:24.995, 7, 0, 75370, 97887
2026/07/08 15:12:26.011, 0, 0, 48704, 97887
2026/07/08 15:12:26.028, 1, 0, 48104, 97887
2026/07/08 15:12:26.043, 2, 0, 48104, 97887
2026/07/08 15:12:26.059, 3, 0, 48104, 97887
2026/07/08 15:12:26.076, 4, 22, 75410, 97887
2026/07/08 15:12:26.090, 5, 64, 75410, 97887
2026/07/08 15:12:26.104, 6, 0, 75370, 97887
2026/07/08 15:12:26.119, 7, 0, 75370, 97887
2026/07/08 15:12:27.134, 0, 0, 48704, 97887
2026/07/08 15:12:27.153, 1, 0, 48104, 97887
2026/07/08 15:12:27.168, 2, 0, 48104, 97887
2026/07/08 15:12:27.183, 3, 0, 48104, 97887
2026/07/08 15:12:27.198, 4, 20, 75410, 97887
2026/07/08 15:12:27.215, 5, 84, 75410, 97887
2026/07/08 15:12:27.228, 6, 0, 75370, 97887
2026/07/08 15:12:27.243, 7, 0, 75370, 97887
2026/07/08 15:12:28.256, 0, 0, 48704, 97887
2026/07/08 15:12:28.270, 1, 0, 48104, 97887
2026/07/08 15:12:28.284, 2, 0, 48104, 97887
2026/07/08 15:12:28.300, 3, 0, 48104, 97887
2026/07/08 15:12:28.314, 4, 55, 75410, 97887
2026/07/08 15:12:28.327, 5, 67, 75410, 97887
2026/07/08 15:12:28.342, 6, 100, 75402, 97887
2026/07/08 15:12:28.357, 7, 64, 75402, 97887
2026/07/08 15:12:29.373, 0, 0, 48704, 97887
2026/07/08 15:12:29.388, 1, 0, 48104, 97887
2026/07/08 15:12:29.402, 2, 0, 48104, 97887
2026/07/08 15:12:29.417, 3, 0, 48104, 97887
2026/07/08 15:12:29.429, 4, 69, 75410, 97887
2026/07/08 15:12:29.444, 5, 31, 75410, 97887
2026/07/08 15:12:29.458, 6, 84, 75408, 97887
2026/07/08 15:12:29.472, 7, 100, 75408, 97887
2026/07/08 15:12:30.487, 0, 0, 48704, 97887
2026/07/08 15:12:30.506, 1, 0, 48104, 97887
2026/07/08 15:12:30.524, 2, 0, 48104, 97887
2026/07/08 15:12:30.540, 3, 0, 48104, 97887
2026/07/08 15:12:30.553, 4, 89, 75410, 97887
2026/07/08 15:12:30.569, 5, 27, 75410, 97887
2026/07/08 15:12:30.583, 6, 100, 75408, 97887
2026/07/08 15:12:30.597, 7, 90, 75408, 97887
2026/07/08 15:12:31.612, 0, 0, 48704, 97887
2026/07/08 15:12:31.629, 1, 0, 48104, 97887
2026/07/08 15:12:31.645, 2, 0, 48104, 97887
2026/07/08 15:12:31.659, 3, 0, 48104, 97887
2026/07/08 15:12:31.674, 4, 92, 75410, 97887
2026/07/08 15:12:31.689, 5, 26, 75410, 97887
2026/07/08 15:12:31.702, 6, 67, 75430, 97887
2026/07/08 15:12:31.717, 7, 21, 75430, 97887
2026/07/08 15:12:32.733, 0, 0, 48704, 97887
2026/07/08 15:12:32.749, 1, 0, 48104, 97887
2026/07/08 15:12:32.764, 2, 0, 48104, 97887
2026/07/08 15:12:32.778, 3, 0, 48104, 97887
2026/07/08 15:12:32.794, 4, 21, 75410, 97887
2026/07/08 15:12:32.808, 5, 77, 75410, 97887
2026/07/08 15:12:32.824, 6, 95, 75430, 97887
2026/07/08 15:12:32.838, 7, 14, 75430, 97887
2026/07/08 15:12:33.850, 0, 0, 48704, 97887
2026/07/08 15:12:33.866, 1, 0, 48104, 97887
2026/07/08 15:12:33.881, 2, 0, 48104, 97887
2026/07/08 15:12:33.896, 3, 0, 48104, 97887
2026/07/08 15:12:33.916, 4, 82, 75410, 97887
2026/07/08 15:12:33.933, 5, 18, 75410, 97887
2026/07/08 15:12:33.952, 6, 19, 75430, 97887
2026/07/08 15:12:33.968, 7, 91, 75430, 97887
2026/07/08 15:12:34.987, 0, 0, 48704, 97887
2026/07/08 15:12:35.007, 1, 0, 48104, 97887
2026/07/08 15:12:35.023, 2, 0, 48104, 97887
2026/07/08 15:12:35.040, 3, 0, 48104, 97887
2026/07/08 15:12:35.056, 4, 80, 75410, 97887
2026/07/08 15:12:35.077, 5, 21, 75410, 97887
2026/07/08 15:12:35.095, 6, 30, 75430, 97887
2026/07/08 15:12:35.113, 7, 80, 75430, 97887
2026/07/08 15:12:36.131, 0, 0, 48704, 97887
2026/07/08 15:12:36.150, 1, 0, 48104, 97887
2026/07/08 15:12:36.169, 2, 0, 48104, 97887
2026/07/08 15:12:36.188, 3, 0, 48104, 97887
2026/07/08 15:12:36.208, 4, 30, 75410, 97887
2026/07/08 15:12:36.227, 5, 78, 75410, 97887
2026/07/08 15:12:36.243, 6, 24, 75430, 97887
2026/07/08 15:12:36.257, 7, 94, 75430, 97887
2026/07/08 15:12:37.274, 0, 0, 48704, 97887
2026/07/08 15:12:37.289, 1, 0, 48104, 97887
2026/07/08 15:12:37.304, 2, 0, 48104, 97887
2026/07/08 15:12:37.321, 3, 0, 48104, 97887
2026/07/08 15:12:37.338, 4, 28, 75410, 97887
2026/07/08 15:12:37.353, 5, 55, 75410, 97887
2026/07/08 15:12:37.373, 6, 71, 75430, 97887
2026/07/08 15:12:37.389, 7, 37, 75430, 97887
2026/07/08 15:12:38.408, 0, 0, 48704, 97887
2026/07/08 15:12:38.425, 1, 0, 48104, 97887
2026/07/08 15:12:38.442, 2, 0, 48104, 97887
2026/07/08 15:12:38.461, 3, 0, 48104, 97887
2026/07/08 15:12:38.483, 4, 19, 75410, 97887
2026/07/08 15:12:38.503, 5, 86, 75410, 97887
2026/07/08 15:12:38.524, 6, 91, 75430, 97887
2026/07/08 15:12:38.542, 7, 95, 75430, 97887
2026/07/08 15:12:39.563, 0, 0, 48704, 97887
2026/07/08 15:12:39.580, 1, 0, 48104, 97887
2026/07/08 15:12:39.596, 2, 0, 48104, 97887
2026/07/08 15:12:39.611, 3, 0, 48104, 97887
2026/07/08 15:12:39.623, 4, 100, 75410, 97887
2026/07/08 15:12:39.636, 5, 100, 75410, 97887
2026/07/08 15:12:39.653, 6, 18, 75430, 97887
2026/07/08 15:12:39.673, 7, 94, 75430, 97887
2026/07/08 15:12:40.692, 0, 0, 48704, 97887
2026/07/08 15:12:40.712, 1, 0, 48104, 97887
2026/07/08 15:12:40.727, 2, 0, 48104, 97887
2026/07/08 15:12:40.744, 3, 0, 48104, 97887
2026/07/08 15:12:40.760, 4, 26, 75410, 97887
2026/07/08 15:12:40.779, 5, 85, 75412, 97887
2026/07/08 15:12:40.794, 6, 20, 75430, 97887
2026/07/08 15:12:40.812, 7, 95, 75430, 97887
2026/07/08 15:12:41.829, 0, 0, 48704, 97887
2026/07/08 15:12:41.845, 1, 0, 48104, 97887
2026/07/08 15:12:41.862, 2, 0, 48104, 97887
2026/07/08 15:12:41.877, 3, 0, 48104, 97887
2026/07/08 15:12:41.892, 4, 28, 75410, 97887
2026/07/08 15:12:41.907, 5, 83, 75412, 97887
2026/07/08 15:12:41.923, 6, 22, 75430, 97887
2026/07/08 15:12:41.939, 7, 95, 75430, 97887
2026/07/08 15:12:42.956, 0, 0, 48704, 97887
2026/07/08 15:12:42.976, 1, 0, 48104, 97887
2026/07/08 15:12:42.991, 2, 0, 48104, 97887
2026/07/08 15:12:43.009, 3, 0, 48104, 97887
2026/07/08 15:12:43.028, 4, 38, 75410, 97887
2026/07/08 15:12:43.047, 5, 56, 75412, 97887
2026/07/08 15:12:43.066, 6, 22, 75430, 97887
2026/07/08 15:12:43.084, 7, 87, 75430, 97887
2026/07/08 15:12:44.100, 0, 0, 48704, 97887
2026/07/08 15:12:44.119, 1, 0, 48104, 97887
2026/07/08 15:12:44.139, 2, 0, 48104, 97887
2026/07/08 15:12:44.164, 3, 0, 48104, 97887
2026/07/08 15:12:44.184, 4, 26, 75410, 97887
2026/07/08 15:12:44.201, 5, 75, 75412, 97887
2026/07/08 15:12:44.220, 6, 92, 75430, 97887
2026/07/08 15:12:44.240, 7, 16, 75430, 97887
2026/07/08 15:12:45.261, 0, 0, 48704, 97887
2026/07/08 15:12:45.280, 1, 0, 48104, 97887
2026/07/08 15:12:45.299, 2, 0, 48104, 97887
2026/07/08 15:12:45.318, 3, 0, 48104, 97887
2026/07/08 15:12:45.334, 4, 65, 75410, 97887
2026/07/08 15:12:45.351, 5, 34, 75412, 97887
2026/07/08 15:12:45.368, 6, 31, 75430, 97887
2026/07/08 15:12:45.387, 7, 76, 75430, 97887
2026/07/08 15:12:46.403, 0, 0, 48704, 97887
2026/07/08 15:12:46.420, 1, 0, 48104, 97887
2026/07/08 15:12:46.438, 2, 0, 48104, 97887
2026/07/08 15:12:46.456, 3, 0, 48104, 97887
2026/07/08 15:12:46.472, 4, 36, 75410, 97887
2026/07/08 15:12:46.488, 5, 76, 75412, 97887
2026/07/08 15:12:46.505, 6, 60, 75430, 97887
2026/07/08 15:12:46.521, 7, 63, 75430, 97887
2026/07/08 15:12:47.537, 0, 0, 48704, 97887
2026/07/08 15:12:47.556, 1, 0, 48104, 97887
2026/07/08 15:12:47.571, 2, 0, 48104, 97887
2026/07/08 15:12:47.589, 3, 0, 48104, 97887
2026/07/08 15:12:47.606, 4, 31, 75410, 97887
2026/07/08 15:12:47.621, 5, 84, 75412, 97887
2026/07/08 15:12:47.637, 6, 20, 75430, 97887
2026/07/08 15:12:47.652, 7, 94, 75430, 97887
2026/07/08 15:12:48.669, 0, 0, 48704, 97887
2026/07/08 15:12:48.684, 1, 0, 48104, 97887
2026/07/08 15:12:48.700, 2, 0, 48104, 97887
2026/07/08 15:12:48.713, 3, 0, 48104, 97887
2026/07/08 15:12:48.727, 4, 34, 75410, 97887
2026/07/08 15:12:48.742, 5, 86, 75412, 97887
2026/07/08 15:12:48.756, 6, 20, 75430, 97887
2026/07/08 15:12:48.772, 7, 95, 75430, 97887
2026/07/08 15:12:49.786, 0, 0, 48704, 97887
2026/07/08 15:12:49.806, 1, 0, 48104, 97887
2026/07/08 15:12:49.823, 2, 0, 48104, 97887
2026/07/08 15:12:49.843, 3, 0, 48104, 97887
2026/07/08 15:12:49.861, 4, 29, 75410, 97887
2026/07/08 15:12:49.880, 5, 85, 75412, 97887
2026/07/08 15:12:49.892, 6, 20, 75430, 97887
2026/07/08 15:12:49.903, 7, 95, 75430, 97887
2026/07/08 15:12:50.914, 0, 0, 48704, 97887
2026/07/08 15:12:50.931, 1, 0, 48104, 97887
2026/07/08 15:12:50.947, 2, 0, 48104, 97887
2026/07/08 15:12:50.962, 3, 0, 48104, 97887
2026/07/08 15:12:50.975, 4, 25, 75410, 97887
2026/07/08 15:12:50.988, 5, 84, 75412, 97887
2026/07/08 15:12:51.002, 6, 23, 75430, 97887
2026/07/08 15:12:51.015, 7, 92, 75430, 97887
2026/07/08 15:12:52.031, 0, 0, 48704, 97887
2026/07/08 15:12:52.049, 1, 0, 48104, 97887
2026/07/08 15:12:52.065, 2, 0, 48104, 97887
2026/07/08 15:12:52.083, 3, 0, 48104, 97887
2026/07/08 15:12:52.099, 4, 28, 75410, 97887
2026/07/08 15:12:52.118, 5, 88, 75412, 97887
2026/07/08 15:12:52.136, 6, 92, 75430, 97887
2026/07/08 15:12:52.154, 7, 44, 75430, 97887
2026/07/08 15:12:53.171, 0, 0, 48704, 97887
2026/07/08 15:12:53.186, 1, 0, 48104, 97887
2026/07/08 15:12:53.201, 2, 0, 48104, 97887
2026/07/08 15:12:53.218, 3, 0, 48104, 97887
2026/07/08 15:12:53.237, 4, 27, 75410, 97887
2026/07/08 15:12:53.252, 5, 82, 75412, 97887
2026/07/08 15:12:53.268, 6, 25, 75430, 97887
2026/07/08 15:12:53.282, 7, 60, 75430, 97887
2026/07/08 15:12:54.295, 0, 0, 48704, 97887
2026/07/08 15:12:54.310, 1, 0, 48104, 97887
2026/07/08 15:12:54.320, 2, 0, 48104, 97887
2026/07/08 15:12:54.334, 3, 0, 48104, 97887
2026/07/08 15:12:54.348, 4, 22, 75410, 97887
2026/07/08 15:12:54.360, 5, 93, 75412, 97887
2026/07/08 15:12:54.375, 6, 94, 75430, 97887
2026/07/08 15:12:54.393, 7, 19, 75430, 97887
2026/07/08 15:12:55.409, 0, 0, 48704, 97887
2026/07/08 15:12:55.429, 1, 0, 48104, 97887
2026/07/08 15:12:55.447, 2, 0, 48104, 97887
2026/07/08 15:12:55.465, 3, 0, 48104, 97887
2026/07/08 15:12:55.485, 4, 27, 75410, 97887
2026/07/08 15:12:55.502, 5, 89, 75412, 97887
2026/07/08 15:12:55.517, 6, 92, 75430, 97887
2026/07/08 15:12:55.532, 7, 15, 75430, 97887
2026/07/08 15:12:56.544, 0, 0, 48704, 97887
2026/07/08 15:12:56.564, 1, 0, 48104, 97887
2026/07/08 15:12:56.577, 2, 0, 48104, 97887
2026/07/08 15:12:56.591, 3, 0, 48104, 97887
2026/07/08 15:12:56.607, 4, 41, 75410, 97887
2026/07/08 15:12:56.621, 5, 77, 75412, 97887
2026/07/08 15:12:56.633, 6, 90, 75430, 97887
2026/07/08 15:12:56.649, 7, 16, 75430, 97887
2026/07/08 15:12:57.663, 0, 0, 48704, 97887
2026/07/08 15:12:57.681, 1, 0, 48104, 97887
2026/07/08 15:12:57.697, 2, 0, 48104, 97887
2026/07/08 15:12:57.712, 3, 0, 48104, 97887
2026/07/08 15:12:57.727, 4, 71, 75410, 97887
2026/07/08 15:12:57.745, 5, 72, 75412, 97887
2026/07/08 15:12:57.763, 6, 78, 75430, 97887
2026/07/08 15:12:57.781, 7, 20, 75430, 97887
2026/07/08 15:12:58.798, 0, 0, 48704, 97887
2026/07/08 15:12:58.816, 1, 0, 48104, 97887
2026/07/08 15:12:58.833, 2, 0, 48104, 97887
2026/07/08 15:12:58.851, 3, 0, 48104, 97887
2026/07/08 15:12:58.869, 4, 42, 75410, 97887
2026/07/08 15:12:58.887, 5, 35, 75412, 97887
2026/07/08 15:12:58.904, 6, 92, 75430, 97887
2026/07/08 15:12:58.919, 7, 16, 75430, 97887
2026/07/08 15:12:59.934, 0, 0, 48704, 97887
2026/07/08 15:12:59.953, 1, 0, 48104, 97887
2026/07/08 15:12:59.972, 2, 0, 48104, 97887
2026/07/08 15:12:59.989, 3, 0, 48104, 97887
2026/07/08 15:13:00.006, 4, 26, 75410, 97887
2026/07/08 15:13:00.024, 5, 77, 75412, 97887
2026/07/08 15:13:00.038, 6, 92, 75430, 97887
2026/07/08 15:13:00.051, 7, 15, 75430, 97887
2026/07/08 15:13:01.063, 0, 0, 48704, 97887
2026/07/08 15:13:01.082, 1, 0, 48104, 97887
2026/07/08 15:13:01.098, 2, 0, 48104, 97887
2026/07/08 15:13:01.113, 3, 0, 48104, 97887
2026/07/08 15:13:01.129, 4, 57, 75410, 97887
2026/07/08 15:13:01.146, 5, 38, 75412, 97887
2026/07/08 15:13:01.165, 6, 92, 75430, 97887
2026/07/08 15:13:01.182, 7, 15, 75430, 97887
2026/07/08 15:13:02.197, 0, 0, 48704, 97887
2026/07/08 15:13:02.214, 1, 0, 48104, 97887
2026/07/08 15:13:02.230, 2, 0, 48104, 97887
2026/07/08 15:13:02.249, 3, 0, 48104, 97887
2026/07/08 15:13:02.267, 4, 30, 75410, 97887
2026/07/08 15:13:02.285, 5, 87, 75412, 97887
2026/07/08 15:13:02.304, 6, 87, 75430, 97887
2026/07/08 15:13:02.318, 7, 20, 75430, 97887
2026/07/08 15:13:03.335, 0, 0, 48704, 97887
2026/07/08 15:13:03.353, 1, 0, 48104, 97887
2026/07/08 15:13:03.373, 2, 0, 48104, 97887
2026/07/08 15:13:03.391, 3, 0, 48104, 97887
2026/07/08 15:13:03.412, 4, 27, 75410, 97887
2026/07/08 15:13:03.429, 5, 45, 75412, 97887
2026/07/08 15:13:03.448, 6, 92, 75430, 97887
2026/07/08 15:13:03.468, 7, 15, 75430, 97887
2026/07/08 15:13:04.486, 0, 0, 48704, 97887
2026/07/08 15:13:04.501, 1, 0, 48104, 97887
2026/07/08 15:13:04.517, 2, 0, 48104, 97887
2026/07/08 15:13:04.532, 3, 0, 48104, 97887
2026/07/08 15:13:04.546, 4, 19, 75410, 97887
2026/07/08 15:13:04.564, 5, 92, 75412, 97887
2026/07/08 15:13:04.580, 6, 100, 75430, 97887
2026/07/08 15:13:04.598, 7, 15, 75430, 97887
2026/07/08 15:13:05.613, 0, 0, 48704, 97887
2026/07/08 15:13:05.631, 1, 0, 48104, 97887
2026/07/08 15:13:05.647, 2, 0, 48104, 97887
2026/07/08 15:13:05.665, 3, 0, 48104, 97887
2026/07/08 15:13:05.683, 4, 30, 75410, 97887
2026/07/08 15:13:05.702, 5, 43, 75412, 97887
2026/07/08 15:13:05.719, 6, 85, 75430, 97887
2026/07/08 15:13:05.736, 7, 19, 75430, 97887
2026/07/08 15:13:06.752, 0, 0, 48704, 97887
2026/07/08 15:13:06.772, 1, 0, 48104, 97887
2026/07/08 15:13:06.789, 2, 0, 48104, 97887
2026/07/08 15:13:06.805, 3, 0, 48104, 97887
2026/07/08 15:13:06.822, 4, 30, 75410, 97887
2026/07/08 15:13:06.840, 5, 82, 75412, 97887
2026/07/08 15:13:06.853, 6, 98, 75430, 97887
2026/07/08 15:13:06.864, 7, 15, 75430, 97887
2026/07/08 15:13:07.875, 0, 0, 48704, 97887
2026/07/08 15:13:07.894, 1, 0, 48104, 97887
2026/07/08 15:13:07.909, 2, 0, 48104, 97887
2026/07/08 15:13:07.922, 3, 0, 48104, 97887
2026/07/08 15:13:07.935, 4, 53, 75410, 97887
2026/07/08 15:13:07.951, 5, 43, 75412, 97887
2026/07/08 15:13:07.967, 6, 100, 75430, 97887
2026/07/08 15:13:07.982, 7, 16, 75430, 97887
2026/07/08 15:13:08.996, 0, 0, 48704, 97887
2026/07/08 15:13:09.008, 1, 0, 48104, 97887
2026/07/08 15:13:09.020, 2, 0, 48104, 97887
2026/07/08 15:13:09.029, 3, 0, 48104, 97887
2026/07/08 15:13:09.042, 4, 24, 75410, 97887
2026/07/08 15:13:09.054, 5, 92, 75412, 97887
2026/07/08 15:13:09.067, 6, 22, 75430, 97887
2026/07/08 15:13:09.081, 7, 83, 75430, 97887
2026/07/08 15:13:10.092, 0, 0, 48704, 97887
2026/07/08 15:13:10.107, 1, 0, 48104, 97887
2026/07/08 15:13:10.123, 2, 0, 48104, 97887
2026/07/08 15:13:10.140, 3, 0, 48104, 97887
2026/07/08 15:13:10.155, 4, 27, 75410, 97887
2026/07/08 15:13:10.171, 5, 80, 75412, 97887
2026/07/08 15:13:10.187, 6, 40, 75430, 97887
2026/07/08 15:13:10.204, 7, 41, 75430, 97887
2026/07/08 15:13:11.223, 0, 0, 48704, 97887
2026/07/08 15:13:11.240, 1, 0, 48104, 97887
2026/07/08 15:13:11.259, 2, 0, 48104, 97887
2026/07/08 15:13:11.276, 3, 0, 48104, 97887
2026/07/08 15:13:11.294, 4, 65, 75410, 97887
2026/07/08 15:13:11.311, 5, 44, 75412, 97887
2026/07/08 15:13:11.326, 6, 31, 75430, 97887
2026/07/08 15:13:11.339, 7, 20, 75430, 97887
2026/07/08 15:13:12.355, 0, 0, 48704, 97887
2026/07/08 15:13:12.374, 1, 0, 48104, 97887
2026/07/08 15:13:12.393, 2, 0, 48104, 97887
2026/07/08 15:13:12.410, 3, 0, 48104, 97887
2026/07/08 15:13:12.426, 4, 48, 75410, 97887
2026/07/08 15:13:12.446, 5, 35, 75412, 97887
2026/07/08 15:13:12.463, 6, 34, 75430, 97887
2026/07/08 15:13:12.481, 7, 73, 75430, 97887
2026/07/08 15:13:13.497, 0, 0, 48704, 97887
2026/07/08 15:13:13.512, 1, 0, 48104, 97887
2026/07/08 15:13:13.526, 2, 0, 48104, 97887
2026/07/08 15:13:13.537, 3, 0, 48104, 97887
2026/07/08 15:13:13.552, 4, 80, 75410, 97887
2026/07/08 15:13:13.567, 5, 52, 75412, 97887
2026/07/08 15:13:13.585, 6, 24, 75430, 97887
2026/07/08 15:13:13.603, 7, 48, 75430, 97887
2026/07/08 15:13:14.623, 0, 0, 48704, 97887
2026/07/08 15:13:14.641, 1, 0, 48104, 97887
2026/07/08 15:13:14.658, 2, 0, 48104, 97887
2026/07/08 15:13:14.677, 3, 0, 48104, 97887
2026/07/08 15:13:14.695, 4, 62, 75410, 97887
2026/07/08 15:13:14.710, 5, 40, 75412, 97887
2026/07/08 15:13:14.726, 6, 23, 75430, 97887
2026/07/08 15:13:14.740, 7, 43, 75430, 97887
2026/07/08 15:13:15.758, 0, 0, 48704, 97887
2026/07/08 15:13:15.777, 1, 0, 48104, 97887
2026/07/08 15:13:15.794, 2, 0, 48104, 97887
2026/07/08 15:13:15.813, 3, 0, 48104, 97887
2026/07/08 15:13:15.830, 4, 49, 75410, 97887
2026/07/08 15:13:15.845, 5, 18, 75412, 97887
2026/07/08 15:13:15.863, 6, 89, 75430, 97887
2026/07/08 15:13:15.881, 7, 31, 75430, 97887
2026/07/08 15:13:16.901, 0, 0, 48704, 97887
2026/07/08 15:13:16.920, 1, 0, 48104, 97887
2026/07/08 15:13:16.936, 2, 0, 48104, 97887
2026/07/08 15:13:16.952, 3, 0, 48104, 97887
2026/07/08 15:13:16.966, 4, 25, 75410, 97887
2026/07/08 15:13:16.976, 5, 79, 75412, 97887
2026/07/08 15:13:16.986, 6, 22, 75430, 97887
2026/07/08 15:13:16.996, 7, 77, 75430, 97887
2026/07/08 15:13:18.010, 0, 0, 48704, 97887
2026/07/08 15:13:18.031, 1, 0, 48104, 97887
2026/07/08 15:13:18.057, 2, 0, 48104, 97887
2026/07/08 15:13:18.068, 3, 0, 48104, 97887
2026/07/08 15:13:18.080, 4, 17, 75410, 97887
2026/07/08 15:13:18.092, 5, 90, 75412, 97887
2026/07/08 15:13:18.107, 6, 28, 75430, 97887
2026/07/08 15:13:18.121, 7, 53, 75430, 97887
2026/07/08 15:13:19.138, 0, 0, 48704, 97887
2026/07/08 15:13:19.154, 1, 0, 48104, 97887
2026/07/08 15:13:19.172, 2, 0, 48104, 97887
2026/07/08 15:13:19.190, 3, 0, 48104, 97887
2026/07/08 15:13:19.208, 4, 18, 75410, 97887
2026/07/08 15:13:19.226, 5, 90, 75412, 97887
2026/07/08 15:13:19.243, 6, 21, 75430, 97887
2026/07/08 15:13:19.258, 7, 62, 75430, 97887
2026/07/08 15:13:20.275, 0, 0, 48704, 97887
2026/07/08 15:13:20.293, 1, 0, 48104, 97887
2026/07/08 15:13:20.311, 2, 0, 48104, 97887
2026/07/08 15:13:20.329, 3, 0, 48104, 97887
2026/07/08 15:13:20.348, 4, 39, 75410, 97887
2026/07/08 15:13:20.365, 5, 75, 75412, 97887
2026/07/08 15:13:20.381, 6, 50, 75430, 97887
2026/07/08 15:13:20.396, 7, 32, 75430, 97887
2026/07/08 15:13:21.412, 0, 0, 48704, 97887
2026/07/08 15:13:21.429, 1, 0, 48104, 97887
2026/07/08 15:13:21.443, 2, 0, 48104, 97887
2026/07/08 15:13:21.456, 3, 0, 48104, 97887
2026/07/08 15:13:21.476, 4, 50, 75410, 97887
2026/07/08 15:13:21.494, 5, 62, 75412, 97887
2026/07/08 15:13:21.508, 6, 100, 75430, 97887
2026/07/08 15:13:21.521, 7, 16, 75430, 97887
2026/07/08 15:13:22.533, 0, 0, 48704, 97887
2026/07/08 15:13:22.548, 1, 0, 48104, 97887
2026/07/08 15:13:22.559, 2, 0, 48104, 97887
2026/07/08 15:13:22.572, 3, 0, 48104, 97887
2026/07/08 15:13:22.585, 4, 22, 75412, 97887
2026/07/08 15:13:22.598, 5, 95, 75412, 97887
2026/07/08 15:13:22.614, 6, 91, 75430, 97887
2026/07/08 15:13:22.631, 7, 16, 75430, 97887
2026/07/08 15:13:23.647, 0, 0, 48704, 97887
2026/07/08 15:13:23.666, 1, 0, 48104, 97887
2026/07/08 15:13:23.683, 2, 0, 48104, 97887
2026/07/08 15:13:23.698, 3, 0, 48104, 97887
2026/07/08 15:13:23.714, 4, 24, 75412, 97887
2026/07/08 15:13:23.730, 5, 86, 75412, 97887
2026/07/08 15:13:23.746, 6, 97, 75430, 97887
2026/07/08 15:13:23.761, 7, 16, 75430, 97887
2026/07/08 15:13:24.773, 0, 0, 48704, 97887
2026/07/08 15:13:24.795, 1, 0, 48104, 97887
2026/07/08 15:13:24.815, 2, 0, 48104, 97887
2026/07/08 15:13:24.835, 3, 0, 48104, 97887
2026/07/08 15:13:24.853, 4, 28, 75412, 97887
2026/07/08 15:13:24.869, 5, 85, 75412, 97887
2026/07/08 15:13:24.885, 6, 100, 75430, 97887
2026/07/08 15:13:24.901, 7, 16, 75430, 97887
2026/07/08 15:13:25.918, 0, 0, 48704, 97887
2026/07/08 15:13:25.941, 1, 0, 48104, 97887
2026/07/08 15:13:25.964, 2, 0, 48104, 97887
2026/07/08 15:13:25.982, 3, 0, 48104, 97887
2026/07/08 15:13:26.000, 4, 19, 75412, 97887
2026/07/08 15:13:26.020, 5, 75, 75412, 97887
2026/07/08 15:13:26.038, 6, 0, 75430, 97887
2026/07/08 15:13:26.058, 7, 0, 75430, 97887
2026/07/08 15:13:27.073, 0, 0, 48704, 97887
2026/07/08 15:13:27.092, 1, 0, 48104, 97887
2026/07/08 15:13:27.110, 2, 0, 48104, 97887
2026/07/08 15:13:27.127, 3, 0, 48104, 97887
2026/07/08 15:13:27.139, 4, 20, 75412, 97887
2026/07/08 15:13:27.153, 5, 75, 75412, 97887
2026/07/08 15:13:27.167, 6, 68, 75430, 97887
2026/07/08 15:13:27.182, 7, 31, 75430, 97887
2026/07/08 15:13:28.197, 0, 0, 48704, 97887
2026/07/08 15:13:28.213, 1, 0, 48104, 97887
2026/07/08 15:13:28.230, 2, 0, 48104, 97887
2026/07/08 15:13:28.246, 3, 0, 48104, 97887
2026/07/08 15:13:28.262, 4, 24, 75412, 97887
2026/07/08 15:13:28.276, 5, 72, 75412, 97887
2026/07/08 15:13:28.291, 6, 57, 75430, 97887
2026/07/08 15:13:28.305, 7, 27, 75430, 97887
2026/07/08 15:13:29.320, 0, 0, 48704, 97887
2026/07/08 15:13:29.339, 1, 0, 48104, 97887
2026/07/08 15:13:29.357, 2, 0, 48104, 97887
2026/07/08 15:13:29.377, 3, 0, 48104, 97887
2026/07/08 15:13:29.393, 4, 89, 75412, 97887
2026/07/08 15:13:29.410, 5, 21, 75412, 97887
2026/07/08 15:13:29.427, 6, 100, 75430, 97887
2026/07/08 15:13:29.448, 7, 100, 75430, 97887
2026/07/08 15:13:30.469, 0, 0, 48704, 97887
2026/07/08 15:13:30.484, 1, 0, 48104, 97887
2026/07/08 15:13:30.496, 2, 0, 48104, 97887
2026/07/08 15:13:30.508, 3, 0, 48104, 97887
2026/07/08 15:13:30.520, 4, 78, 75412, 97887
2026/07/08 15:13:30.534, 5, 26, 75412, 97887
2026/07/08 15:13:30.549, 6, 86, 75432, 97887
2026/07/08 15:13:30.563, 7, 20, 75432, 97887
2026/07/08 15:13:31.578, 0, 0, 48704, 97887
2026/07/08 15:13:31.593, 1, 0, 48104, 97887
2026/07/08 15:13:31.607, 2, 0, 48104, 97887
2026/07/08 15:13:31.623, 3, 0, 48104, 97887
2026/07/08 15:13:31.640, 4, 82, 75412, 97887
2026/07/08 15:13:31.654, 5, 18, 75412, 97887
2026/07/08 15:13:31.669, 6, 87, 75432, 97887
2026/07/08 15:13:31.687, 7, 19, 75432, 97887
2026/07/08 15:13:32.704, 0, 0, 48704, 97887
2026/07/08 15:13:32.721, 1, 0, 48104, 97887
2026/07/08 15:13:32.738, 2, 0, 48104, 97887
2026/07/08 15:13:32.754, 3, 0, 48104, 97887
2026/07/08 15:13:32.774, 4, 68, 75412, 97887
2026/07/08 15:13:32.792, 5, 22, 75412, 97887
2026/07/08 15:13:32.812, 6, 93, 75432, 97887
2026/07/08 15:13:32.830, 7, 20, 75432, 97887
2026/07/08 15:13:33.847, 0, 0, 48704, 97887
2026/07/08 15:13:33.866, 1, 0, 48104, 97887
2026/07/08 15:13:33.883, 2, 0, 48104, 97887
2026/07/08 15:13:33.898, 3, 0, 48104, 97887
2026/07/08 15:13:33.912, 4, 80, 75412, 97887
2026/07/08 15:13:33.930, 5, 25, 75412, 97887
2026/07/08 15:13:33.946, 6, 87, 75432, 97887
2026/07/08 15:13:33.963, 7, 20, 75432, 97887
2026/07/08 15:13:34.981, 0, 0, 48704, 97887
2026/07/08 15:13:34.997, 1, 0, 48104, 97887
2026/07/08 15:13:35.014, 2, 0, 48104, 97887
2026/07/08 15:13:35.032, 3, 0, 48104, 97887
2026/07/08 15:13:35.049, 4, 30, 75412, 97887
2026/07/08 15:13:35.067, 5, 78, 75412, 97887
2026/07/08 15:13:35.082, 6, 91, 75432, 97887
2026/07/08 15:13:35.097, 7, 20, 75432, 97887
2026/07/08 15:13:36.112, 0, 0, 48704, 97887
2026/07/08 15:13:36.129, 1, 0, 48104, 97887
2026/07/08 15:13:36.144, 2, 0, 48104, 97887
2026/07/08 15:13:36.158, 3, 0, 48104, 97887
2026/07/08 15:13:36.171, 4, 52, 75412, 97887
2026/07/08 15:13:36.183, 5, 37, 75412, 97887
2026/07/08 15:13:36.199, 6, 74, 75432, 97887
2026/07/08 15:13:36.212, 7, 20, 75432, 97887
2026/07/08 15:13:37.223, 0, 0, 48704, 97887
2026/07/08 15:13:37.240, 1, 0, 48104, 97887
2026/07/08 15:13:37.254, 2, 0, 48104, 97887
2026/07/08 15:13:37.271, 3, 0, 48104, 97887
2026/07/08 15:13:37.291, 4, 24, 75412, 97887
2026/07/08 15:13:37.309, 5, 63, 75412, 97887
2026/07/08 15:13:37.327, 6, 73, 75432, 97887
2026/07/08 15:13:37.346, 7, 19, 75432, 97887
2026/07/08 15:13:38.363, 0, 0, 48704, 97887
2026/07/08 15:13:38.381, 1, 0, 48104, 97887
2026/07/08 15:13:38.401, 2, 0, 48104, 97887
2026/07/08 15:13:38.417, 3, 0, 48104, 97887
2026/07/08 15:13:38.434, 4, 76, 75412, 97887
2026/07/08 15:13:38.449, 5, 26, 75412, 97887
2026/07/08 15:13:38.465, 6, 85, 75432, 97887
2026/07/08 15:13:38.480, 7, 21, 75432, 97887
2026/07/08 15:13:39.493, 0, 0, 48704, 97887
2026/07/08 15:13:39.512, 1, 0, 48104, 97887
2026/07/08 15:13:39.529, 2, 0, 48104, 97887
2026/07/08 15:13:39.560, 3, 0, 48104, 97887
2026/07/08 15:13:39.587, 4, 75, 75412, 97887
2026/07/08 15:13:39.610, 5, 85, 75412, 97887
2026/07/08 15:13:39.633, 6, 88, 75432, 97887
2026/07/08 15:13:39.653, 7, 20, 75432, 97887
2026/07/08 15:13:40.680, 0, 0, 48704, 97887
2026/07/08 15:13:40.694, 1, 0, 48104, 97887
2026/07/08 15:13:40.708, 2, 0, 48104, 97887
2026/07/08 15:13:40.724, 3, 0, 48104, 97887
2026/07/08 15:13:40.741, 4, 82, 75412, 97887
2026/07/08 15:13:40.757, 5, 58, 75412, 97887
2026/07/08 15:13:40.772, 6, 82, 75432, 97887
2026/07/08 15:13:40.783, 7, 20, 75432, 97887
2026/07/08 15:13:41.802, 0, 0, 48704, 97887
2026/07/08 15:13:41.822, 1, 0, 48104, 97887
2026/07/08 15:13:41.839, 2, 0, 48104, 97887
2026/07/08 15:13:41.857, 3, 0, 48104, 97887
2026/07/08 15:13:41.875, 4, 23, 75412, 97887
2026/07/08 15:13:41.891, 5, 49, 75412, 97887
2026/07/08 15:13:41.910, 6, 65, 75432, 97887
2026/07/08 15:13:41.929, 7, 26, 75432, 97887
2026/07/08 15:13:42.948, 0, 0, 48704, 97887
2026/07/08 15:13:42.966, 1, 0, 48104, 97887
2026/07/08 15:13:42.983, 2, 0, 48104, 97887
2026/07/08 15:13:43.000, 3, 0, 48104, 97887
2026/07/08 15:13:43.017, 4, 36, 75412, 97887
2026/07/08 15:13:43.034, 5, 36, 75412, 97887
2026/07/08 15:13:43.052, 6, 19, 75432, 97887
2026/07/08 15:13:43.070, 7, 91, 75432, 97887
2026/07/08 15:13:44.086, 0, 0, 48704, 97887
2026/07/08 15:13:44.107, 1, 0, 48104, 97887
2026/07/08 15:13:44.117, 2, 0, 48104, 97887
2026/07/08 15:13:44.129, 3, 0, 48104, 97887
2026/07/08 15:13:44.144, 4, 20, 75412, 97887
2026/07/08 15:13:44.162, 5, 38, 75412, 97887
2026/07/08 15:13:44.180, 6, 85, 75432, 97887
2026/07/08 15:13:44.199, 7, 20, 75432, 97887
2026/07/08 15:13:45.218, 0, 0, 48704, 97887
2026/07/08 15:13:45.235, 1, 0, 48104, 97887
2026/07/08 15:13:45.256, 2, 0, 48104, 97887
2026/07/08 15:13:45.273, 3, 0, 48104, 97887
2026/07/08 15:13:45.288, 4, 56, 75412, 97887
2026/07/08 15:13:45.303, 5, 24, 75412, 97887
2026/07/08 15:13:45.325, 6, 79, 75432, 97887
2026/07/08 15:13:45.342, 7, 21, 75432, 97887
2026/07/08 15:13:46.360, 0, 0, 48704, 97887
2026/07/08 15:13:46.380, 1, 0, 48104, 97887
2026/07/08 15:13:46.398, 2, 0, 48104, 97887
2026/07/08 15:13:46.419, 3, 0, 48104, 97887
2026/07/08 15:13:46.442, 4, 77, 75412, 97887
2026/07/08 15:13:46.462, 5, 23, 75412, 97887
2026/07/08 15:13:46.480, 6, 75, 75432, 97887
2026/07/08 15:13:46.498, 7, 20, 75432, 97887
2026/07/08 15:13:47.518, 0, 0, 48704, 97887
2026/07/08 15:13:47.535, 1, 0, 48104, 97887
2026/07/08 15:13:47.549, 2, 0, 48104, 97887
2026/07/08 15:13:47.567, 3, 0, 48104, 97887
2026/07/08 15:13:47.584, 4, 62, 75412, 97887
2026/07/08 15:13:47.603, 5, 62, 75412, 97887
2026/07/08 15:13:47.617, 6, 19, 75432, 97887
2026/07/08 15:13:47.633, 7, 82, 75432, 97887
2026/07/08 15:13:48.650, 0, 0, 48704, 97887
2026/07/08 15:13:48.669, 1, 0, 48104, 97887
2026/07/08 15:13:48.686, 2, 0, 48104, 97887
2026/07/08 15:13:48.704, 3, 0, 48104, 97887
2026/07/08 15:13:48.724, 4, 29, 75412, 97887
2026/07/08 15:13:48.740, 5, 87, 75412, 97887
2026/07/08 15:13:48.754, 6, 87, 75432, 97887
2026/07/08 15:13:48.769, 7, 23, 75432, 97887
2026/07/08 15:13:49.784, 0, 0, 48704, 97887
2026/07/08 15:13:49.801, 1, 0, 48104, 97887
2026/07/08 15:13:49.817, 2, 0, 48104, 97887
2026/07/08 15:13:49.833, 3, 0, 48104, 97887
2026/07/08 15:13:49.850, 4, 27, 75412, 97887
2026/07/08 15:13:49.868, 5, 69, 75412, 97887
2026/07/08 15:13:49.884, 6, 83, 75432, 97887
2026/07/08 15:13:49.901, 7, 24, 75432, 97887
2026/07/08 15:13:50.918, 0, 0, 48704, 97887
2026/07/08 15:13:50.938, 1, 0, 48104, 97887
2026/07/08 15:13:50.962, 2, 0, 48104, 97887
2026/07/08 15:13:50.979, 3, 0, 48104, 97887
2026/07/08 15:13:50.996, 4, 74, 75412, 97887
2026/07/08 15:13:51.014, 5, 28, 75412, 97887
2026/07/08 15:13:51.025, 6, 92, 75432, 97887
2026/07/08 15:13:51.039, 7, 22, 75432, 97887
2026/07/08 15:13:52.054, 0, 0, 48704, 97887
2026/07/08 15:13:52.073, 1, 0, 48104, 97887
2026/07/08 15:13:52.088, 2, 0, 48104, 97887
2026/07/08 15:13:52.105, 3, 0, 48104, 97887
2026/07/08 15:13:52.124, 4, 28, 75412, 97887
2026/07/08 15:13:52.141, 5, 42, 75412, 97887
2026/07/08 15:13:52.158, 6, 92, 75432, 97887
2026/07/08 15:13:52.174, 7, 20, 75432, 97887
2026/07/08 15:13:53.192, 0, 0, 48704, 97887
2026/07/08 15:13:53.205, 1, 0, 48104, 97887
2026/07/08 15:13:53.222, 2, 0, 48104, 97887
2026/07/08 15:13:53.242, 3, 0, 48104, 97887
2026/07/08 15:13:53.258, 4, 94, 75412, 97887
2026/07/08 15:13:53.273, 5, 23, 75412, 97887
2026/07/08 15:13:53.293, 6, 92, 75432, 97887
2026/07/08 15:13:53.311, 7, 21, 75432, 97887
2026/07/08 15:13:54.330, 0, 0, 48704, 97887
2026/07/08 15:13:54.348, 1, 0, 48104, 97887
2026/07/08 15:13:54.365, 2, 0, 48104, 97887
2026/07/08 15:13:54.381, 3, 0, 48104, 97887
2026/07/08 15:13:54.398, 4, 86, 75412, 97887
2026/07/08 15:13:54.415, 5, 23, 75412, 97887
2026/07/08 15:13:54.430, 6, 91, 75432, 97887
2026/07/08 15:13:54.447, 7, 20, 75432, 97887
2026/07/08 15:13:55.462, 0, 0, 48704, 97887
2026/07/08 15:13:55.480, 1, 0, 48104, 97887
2026/07/08 15:13:55.495, 2, 0, 48104, 97887
2026/07/08 15:13:55.512, 3, 0, 48104, 97887
2026/07/08 15:13:55.529, 4, 63, 75412, 97887
2026/07/08 15:13:55.543, 5, 58, 75412, 97887
2026/07/08 15:13:55.561, 6, 92, 75432, 97887
2026/07/08 15:13:55.577, 7, 25, 75432, 97887
2026/07/08 15:13:56.596, 0, 0, 48704, 97887
2026/07/08 15:13:56.606, 1, 0, 48104, 97887
2026/07/08 15:13:56.619, 2, 0, 48104, 97887
2026/07/08 15:13:56.636, 3, 0, 48104, 97887
2026/07/08 15:13:56.651, 4, 39, 75412, 97887
2026/07/08 15:13:56.669, 5, 27, 75412, 97887
2026/07/08 15:13:56.685, 6, 93, 75432, 97887
2026/07/08 15:13:56.702, 7, 27, 75432, 97887
2026/07/08 15:13:57.718, 0, 0, 48704, 97887
2026/07/08 15:13:57.737, 1, 0, 48104, 97887
2026/07/08 15:13:57.755, 2, 0, 48104, 97887
2026/07/08 15:13:57.771, 3, 0, 48104, 97887
2026/07/08 15:13:57.786, 4, 22, 75412, 97887
2026/07/08 15:13:57.802, 5, 90, 75412, 97887
2026/07/08 15:13:57.819, 6, 85, 75432, 97887
2026/07/08 15:13:57.838, 7, 21, 75432, 97887
2026/07/08 15:13:58.855, 0, 0, 48704, 97887
2026/07/08 15:13:58.874, 1, 0, 48104, 97887
2026/07/08 15:13:58.886, 2, 0, 48104, 97887
2026/07/08 15:13:58.898, 3, 0, 48104, 97887
2026/07/08 15:13:58.911, 4, 31, 75412, 97887
2026/07/08 15:13:58.927, 5, 83, 75412, 97887
2026/07/08 15:13:58.942, 6, 91, 75432, 97887
2026/07/08 15:13:58.959, 7, 21, 75432, 97887
2026/07/08 15:13:59.980, 0, 0, 48704, 97887
2026/07/08 15:13:59.998, 1, 0, 48104, 97887
2026/07/08 15:14:00.015, 2, 0, 48104, 97887
2026/07/08 15:14:00.032, 3, 0, 48104, 97887
2026/07/08 15:14:00.049, 4, 34, 75412, 97887
2026/07/08 15:14:00.065, 5, 78, 75412, 97887
2026/07/08 15:14:00.080, 6, 91, 75432, 97887
2026/07/08 15:14:00.094, 7, 20, 75432, 97887
2026/07/08 15:14:01.110, 0, 0, 48704, 97887
2026/07/08 15:14:01.120, 1, 0, 48104, 97887
2026/07/08 15:14:01.130, 2, 0, 48104, 97887
2026/07/08 15:14:01.139, 3, 0, 48104, 97887
2026/07/08 15:14:01.147, 4, 46, 75412, 97887
2026/07/08 15:14:01.152, 5, 88, 75412, 97887
2026/07/08 15:14:01.164, 6, 94, 75432, 97887
2026/07/08 15:14:01.173, 7, 24, 75432, 97887
2026/07/08 15:14:02.184, 0, 0, 48704, 97887
2026/07/08 15:14:02.205, 1, 0, 48104, 97887
2026/07/08 15:14:02.222, 2, 0, 48104, 97887
2026/07/08 15:14:02.241, 3, 0, 48104, 97887
2026/07/08 15:14:02.260, 4, 20, 75412, 97887
2026/07/08 15:14:02.282, 5, 66, 75412, 97887
2026/07/08 15:14:02.301, 6, 92, 75432, 97887
2026/07/08 15:14:02.319, 7, 21, 75432, 97887
2026/07/08 15:14:03.338, 0, 0, 48704, 97887
2026/07/08 15:14:03.359, 1, 0, 48104, 97887
2026/07/08 15:14:03.377, 2, 0, 48104, 97887
2026/07/08 15:14:03.391, 3, 0, 48104, 97887
2026/07/08 15:14:03.402, 4, 24, 75412, 97887
2026/07/08 15:14:03.414, 5, 58, 75412, 97887
2026/07/08 15:14:03.428, 6, 90, 75432, 97887
2026/07/08 15:14:03.445, 7, 21, 75432, 97887
2026/07/08 15:14:04.464, 0, 0, 48704, 97887
2026/07/08 15:14:04.479, 1, 0, 48104, 97887
2026/07/08 15:14:04.493, 2, 0, 48104, 97887
2026/07/08 15:14:04.507, 3, 0, 48104, 97887
2026/07/08 15:14:04.524, 4, 77, 75412, 97887
2026/07/08 15:14:04.541, 5, 46, 75412, 97887
2026/07/08 15:14:04.557, 6, 92, 75432, 97887
2026/07/08 15:14:04.570, 7, 20, 75432, 97887
2026/07/08 15:14:05.583, 0, 0, 48704, 97887
2026/07/08 15:14:05.597, 1, 0, 48104, 97887
2026/07/08 15:14:05.612, 2, 0, 48104, 97887
2026/07/08 15:14:05.627, 3, 0, 48104, 97887
2026/07/08 15:14:05.643, 4, 42, 75412, 97887
2026/07/08 15:14:05.659, 5, 80, 75412, 97887
2026/07/08 15:14:05.677, 6, 90, 75432, 97887
2026/07/08 15:14:05.694, 7, 20, 75432, 97887
2026/07/08 15:14:06.711, 0, 0, 48704, 97887
2026/07/08 15:14:06.728, 1, 0, 48104, 97887
2026/07/08 15:14:06.743, 2, 0, 48104, 97887
2026/07/08 15:14:06.756, 3, 0, 48104, 97887
2026/07/08 15:14:06.772, 4, 39, 75412, 97887
2026/07/08 15:14:06.788, 5, 81, 75412, 97887
2026/07/08 15:14:06.806, 6, 90, 75432, 97887
2026/07/08 15:14:06.824, 7, 20, 75432, 97887
2026/07/08 15:14:07.840, 0, 0, 48704, 97887
2026/07/08 15:14:07.859, 1, 0, 48104, 97887
2026/07/08 15:14:07.878, 2, 0, 48104, 97887
2026/07/08 15:14:07.897, 3, 0, 48104, 97887
2026/07/08 15:14:07.917, 4, 62, 75412, 97887
2026/07/08 15:14:07.935, 5, 86, 75412, 97887
2026/07/08 15:14:07.951, 6, 88, 75432, 97887
2026/07/08 15:14:07.969, 7, 20, 75432, 97887
2026/07/08 15:14:08.989, 0, 0, 48704, 97887
2026/07/08 15:14:09.006, 1, 0, 48104, 97887
2026/07/08 15:14:09.023, 2, 0, 48104, 97887
2026/07/08 15:14:09.041, 3, 0, 48104, 97887
2026/07/08 15:14:09.059, 4, 35, 75412, 97887
2026/07/08 15:14:09.077, 5, 20, 75412, 97887
2026/07/08 15:14:09.095, 6, 67, 75432, 97887
2026/07/08 15:14:09.112, 7, 53, 75432, 97887
2026/07/08 15:14:10.130, 0, 0, 48704, 97887
2026/07/08 15:14:10.151, 1, 0, 48104, 97887
2026/07/08 15:14:10.168, 2, 0, 48104, 97887
2026/07/08 15:14:10.183, 3, 0, 48104, 97887
2026/07/08 15:14:10.199, 4, 72, 75412, 97887
2026/07/08 15:14:10.215, 5, 20, 75412, 97887
2026/07/08 15:14:10.228, 6, 87, 75432, 97887
2026/07/08 15:14:10.243, 7, 20, 75432, 97887
2026/07/08 15:14:11.257, 0, 0, 48704, 97887
2026/07/08 15:14:11.272, 1, 0, 48104, 97887
2026/07/08 15:14:11.286, 2, 0, 48104, 97887
2026/07/08 15:14:11.301, 3, 0, 48104, 97887
2026/07/08 15:14:11.317, 4, 84, 75412, 97887
2026/07/08 15:14:11.335, 5, 23, 75412, 97887
2026/07/08 15:14:11.352, 6, 92, 75432, 97887
2026/07/08 15:14:11.370, 7, 20, 75432, 97887
2026/07/08 15:14:12.386, 0, 0, 48704, 97887
2026/07/08 15:14:12.403, 1, 0, 48104, 97887
2026/07/08 15:14:12.418, 2, 0, 48104, 97887
2026/07/08 15:14:12.434, 3, 0, 48104, 97887
2026/07/08 15:14:12.449, 4, 82, 75412, 97887
2026/07/08 15:14:12.471, 5, 23, 75412, 97887
2026/07/08 15:14:12.488, 6, 92, 75432, 97887
2026/07/08 15:14:12.506, 7, 21, 75432, 97887
2026/07/08 15:14:13.518, 0, 0, 48704, 97887
2026/07/08 15:14:13.536, 1, 0, 48104, 97887
2026/07/08 15:14:13.554, 2, 0, 48104, 97887
2026/07/08 15:14:13.571, 3, 0, 48104, 97887
2026/07/08 15:14:13.589, 4, 87, 75412, 97887
2026/07/08 15:14:13.606, 5, 24, 75412, 97887
2026/07/08 15:14:13.625, 6, 91, 75432, 97887
2026/07/08 15:14:13.645, 7, 21, 75432, 97887
2026/07/08 15:14:14.662, 0, 0, 48704, 97887
2026/07/08 15:14:14.680, 1, 0, 48104, 97887
2026/07/08 15:14:14.697, 2, 0, 48104, 97887
2026/07/08 15:14:14.712, 3, 0, 48104, 97887
2026/07/08 15:14:14.728, 4, 66, 75412, 97887
2026/07/08 15:14:14.744, 5, 22, 75412, 97887
2026/07/08 15:14:14.760, 6, 92, 75432, 97887
2026/07/08 15:14:14.776, 7, 21, 75432, 97887
2026/07/08 15:14:15.791, 0, 0, 48704, 97887
2026/07/08 15:14:15.809, 1, 0, 48104, 97887
2026/07/08 15:14:15.825, 2, 0, 48104, 97887
2026/07/08 15:14:15.839, 3, 0, 48104, 97887
2026/07/08 15:14:15.851, 4, 85, 75412, 97887
2026/07/08 15:14:15.868, 5, 20, 75412, 97887
2026/07/08 15:14:15.884, 6, 89, 75432, 97887
2026/07/08 15:14:15.900, 7, 20, 75432, 97887
2026/07/08 15:14:16.915, 0, 0, 48704, 97887
2026/07/08 15:14:16.931, 1, 0, 48104, 97887
2026/07/08 15:14:16.947, 2, 0, 48104, 97887
2026/07/08 15:14:16.962, 3, 0, 48104, 97887
2026/07/08 15:14:16.978, 4, 92, 75412, 97887
2026/07/08 15:14:16.991, 5, 20, 75412, 97887
2026/07/08 15:14:17.008, 6, 64, 75432, 97887
2026/07/08 15:14:17.026, 7, 21, 75432, 97887
2026/07/08 15:14:18.043, 0, 0, 48704, 97887
2026/07/08 15:14:18.064, 1, 0, 48104, 97887
2026/07/08 15:14:18.080, 2, 0, 48104, 97887
2026/07/08 15:14:18.096, 3, 0, 48104, 97887
2026/07/08 15:14:18.111, 4, 87, 75412, 97887
2026/07/08 15:14:18.125, 5, 24, 75412, 97887
2026/07/08 15:14:18.140, 6, 92, 75432, 97887
2026/07/08 15:14:18.155, 7, 20, 75432, 97887
2026/07/08 15:14:19.173, 0, 0, 48704, 97887
2026/07/08 15:14:19.190, 1, 0, 48104, 97887
2026/07/08 15:14:19.206, 2, 0, 48104, 97887
2026/07/08 15:14:19.222, 3, 0, 48104, 97887
2026/07/08 15:14:19.237, 4, 34, 75412, 97887
2026/07/08 15:14:19.251, 5, 68, 75412, 97887
2026/07/08 15:14:19.264, 6, 59, 75432, 97887
2026/07/08 15:14:19.278, 7, 14, 75432, 97887
2026/07/08 15:14:20.293, 0, 0, 48704, 97887
2026/07/08 15:14:20.309, 1, 0, 48104, 97887
2026/07/08 15:14:20.321, 2, 0, 48104, 97887
2026/07/08 15:14:20.336, 3, 0, 48104, 97887
2026/07/08 15:14:20.349, 4, 23, 75412, 97887
2026/07/08 15:14:20.363, 5, 67, 75412, 97887
2026/07/08 15:14:20.378, 6, 91, 75432, 97887
2026/07/08 15:14:20.393, 7, 77, 75432, 97887
2026/07/08 15:14:21.406, 0, 0, 48704, 97887
2026/07/08 15:14:21.423, 1, 0, 48104, 97887
2026/07/08 15:14:21.437, 2, 0, 48104, 97887
2026/07/08 15:14:21.454, 3, 0, 48104, 97887
2026/07/08 15:14:21.472, 4, 35, 75412, 97887
2026/07/08 15:14:21.488, 5, 86, 75412, 97887
2026/07/08 15:14:21.504, 6, 93, 75432, 97887
2026/07/08 15:14:21.520, 7, 20, 75432, 97887
2026/07/08 15:14:22.536, 0, 0, 48704, 97887
2026/07/08 15:14:22.552, 1, 0, 48104, 97887
2026/07/08 15:14:22.568, 2, 0, 48104, 97887
2026/07/08 15:14:22.579, 3, 0, 48104, 97887
2026/07/08 15:14:22.592, 4, 20, 75412, 97887
2026/07/08 15:14:22.607, 5, 77, 75412, 97887
2026/07/08 15:14:22.624, 6, 92, 75432, 97887
2026/07/08 15:14:22.642, 7, 20, 75432, 97887
2026/07/08 15:14:23.660, 0, 0, 48704, 97887
2026/07/08 15:14:23.679, 1, 0, 48104, 97887
2026/07/08 15:14:23.695, 2, 0, 48104, 97887
2026/07/08 15:14:23.710, 3, 0, 48104, 97887
2026/07/08 15:14:23.725, 4, 45, 75412, 97887
2026/07/08 15:14:23.742, 5, 88, 75412, 97887
2026/07/08 15:14:23.759, 6, 93, 75432, 97887
2026/07/08 15:14:23.774, 7, 21, 75432, 97887
2026/07/08 15:14:24.791, 0, 0, 48704, 97887
2026/07/08 15:14:24.807, 1, 0, 48104, 97887
2026/07/08 15:14:24.822, 2, 0, 48104, 97887
2026/07/08 15:14:24.837, 3, 0, 48104, 97887
2026/07/08 15:14:24.853, 4, 31, 75412, 97887
2026/07/08 15:14:24.870, 5, 45, 75412, 97887
2026/07/08 15:14:24.886, 6, 93, 75432, 97887
2026/07/08 15:14:24.902, 7, 20, 75432, 97887
2026/07/08 15:14:25.917, 0, 0, 48704, 97887
2026/07/08 15:14:25.932, 1, 0, 48104, 97887
2026/07/08 15:14:25.947, 2, 0, 48104, 97887
2026/07/08 15:14:25.963, 3, 0, 48104, 97887
2026/07/08 15:14:25.978, 4, 29, 75412, 97887
2026/07/08 15:14:25.992, 5, 76, 75412, 97887
2026/07/08 15:14:26.008, 6, 93, 75432, 97887
2026/07/08 15:14:26.024, 7, 19, 75432, 97887
2026/07/08 15:14:27.039, 0, 0, 48704, 97887
2026/07/08 15:14:27.058, 1, 0, 48104, 97887
2026/07/08 15:14:27.074, 2, 0, 48104, 97887
2026/07/08 15:14:27.092, 3, 0, 48104, 97887
2026/07/08 15:14:27.112, 4, 73, 75412, 97887
2026/07/08 15:14:27.129, 5, 24, 75412, 97887
2026/07/08 15:14:27.143, 6, 93, 75432, 97887
2026/07/08 15:14:27.158, 7, 20, 75432, 97887
2026/07/08 15:14:28.173, 0, 0, 48704, 97887
2026/07/08 15:14:28.191, 1, 0, 48104, 97887
2026/07/08 15:14:28.207, 2, 0, 48104, 97887
2026/07/08 15:14:28.222, 3, 0, 48104, 97887
2026/07/08 15:14:28.237, 4, 44, 75412, 97887
2026/07/08 15:14:28.252, 5, 27, 75412, 97887
2026/07/08 15:14:28.268, 6, 95, 75432, 97887
2026/07/08 15:14:28.284, 7, 20, 75432, 97887
2026/07/08 15:14:29.301, 0, 0, 48704, 97887
2026/07/08 15:14:29.321, 1, 0, 48104, 97887
2026/07/08 15:14:29.340, 2, 0, 48104, 97887
2026/07/08 15:14:29.358, 3, 0, 48104, 97887
2026/07/08 15:14:29.377, 4, 39, 75412, 97887
2026/07/08 15:14:29.402, 5, 81, 75412, 97887
2026/07/08 15:14:29.418, 6, 92, 75432, 97887
2026/07/08 15:14:29.433, 7, 22, 75432, 97887
2026/07/08 15:14:30.452, 0, 0, 48704, 97887
2026/07/08 15:14:30.463, 1, 0, 48104, 97887
2026/07/08 15:14:30.471, 2, 0, 48104, 97887
2026/07/08 15:14:30.486, 3, 0, 48104, 97887
2026/07/08 15:14:30.500, 4, 41, 75412, 97887
2026/07/08 15:14:30.517, 5, 71, 75412, 97887
2026/07/08 15:14:30.532, 6, 93, 75432, 97887
2026/07/08 15:14:30.547, 7, 21, 75432, 97887
2026/07/08 15:14:31.564, 0, 0, 48704, 97887
2026/07/08 15:14:31.584, 1, 0, 48104, 97887
2026/07/08 15:14:31.603, 2, 0, 48104, 97887
2026/07/08 15:14:31.622, 3, 0, 48104, 97887
2026/07/08 15:14:31.643, 4, 46, 75412, 97887
2026/07/08 15:14:31.660, 5, 36, 75412, 97887
2026/07/08 15:14:31.676, 6, 93, 75432, 97887
2026/07/08 15:14:31.693, 7, 21, 75432, 97887
2026/07/08 15:14:32.711, 0, 0, 48704, 97887
2026/07/08 15:14:32.730, 1, 0, 48104, 97887
2026/07/08 15:14:32.748, 2, 0, 48104, 97887
2026/07/08 15:14:32.766, 3, 0, 48104, 97887
2026/07/08 15:14:32.783, 4, 26, 75412, 97887
2026/07/08 15:14:32.801, 5, 80, 75412, 97887
2026/07/08 15:14:32.820, 6, 94, 75432, 97887
2026/07/08 15:14:32.839, 7, 20, 75432, 97887
2026/07/08 15:14:33.858, 0, 0, 48704, 97887
2026/07/08 15:14:33.875, 1, 0, 48104, 97887
2026/07/08 15:14:33.892, 2, 0, 48104, 97887
2026/07/08 15:14:33.910, 3, 0, 48104, 97887
2026/07/08 15:14:33.928, 4, 39, 75412, 97887
2026/07/08 15:14:33.944, 5, 61, 75412, 97887
2026/07/08 15:14:33.960, 6, 91, 75432, 97887
2026/07/08 15:14:33.977, 7, 21, 75432, 97887
2026/07/08 15:14:34.995, 0, 0, 48704, 97887
2026/07/08 15:14:35.013, 1, 0, 48104, 97887
2026/07/08 15:14:35.032, 2, 0, 48104, 97887
2026/07/08 15:14:35.048, 3, 0, 48104, 97887
2026/07/08 15:14:35.064, 4, 54, 75412, 97887
2026/07/08 15:14:35.080, 5, 30, 75412, 97887
2026/07/08 15:14:35.102, 6, 91, 75432, 97887
2026/07/08 15:14:35.121, 7, 21, 75432, 97887
2026/07/08 15:14:36.142, 0, 0, 48704, 97887
2026/07/08 15:14:36.165, 1, 0, 48104, 97887
2026/07/08 15:14:36.185, 2, 0, 48104, 97887
2026/07/08 15:14:36.205, 3, 0, 48104, 97887
2026/07/08 15:14:36.225, 4, 42, 75412, 97887
2026/07/08 15:14:36.244, 5, 24, 75412, 97887
2026/07/08 15:14:36.263, 6, 92, 75432, 97887
2026/07/08 15:14:36.283, 7, 20, 75432, 97887
2026/07/08 15:14:37.302, 0, 0, 48704, 97887
2026/07/08 15:14:37.323, 1, 0, 48104, 97887
2026/07/08 15:14:37.343, 2, 0, 48104, 97887
2026/07/08 15:14:37.361, 3, 0, 48104, 97887
2026/07/08 15:14:37.381, 4, 26, 75412, 97887
2026/07/08 15:14:37.401, 5, 74, 75412, 97887
2026/07/08 15:14:37.422, 6, 90, 75432, 97887
2026/07/08 15:14:37.440, 7, 20, 75432, 97887
2026/07/08 15:14:38.460, 0, 0, 48704, 97887
2026/07/08 15:14:38.481, 1, 0, 48104, 97887
2026/07/08 15:14:38.502, 2, 0, 48104, 97887
2026/07/08 15:14:38.523, 3, 0, 48104, 97887
2026/07/08 15:14:38.542, 4, 41, 75412, 97887
2026/07/08 15:14:38.560, 5, 79, 75412, 97887
2026/07/08 15:14:38.579, 6, 92, 75432, 97887
2026/07/08 15:14:38.597, 7, 21, 75432, 97887
2026/07/08 15:14:39.615, 0, 0, 48704, 97887
2026/07/08 15:14:39.632, 1, 0, 48104, 97887
2026/07/08 15:14:39.647, 2, 0, 48104, 97887
2026/07/08 15:14:39.663, 3, 0, 48104, 97887
2026/07/08 15:14:39.680, 4, 19, 75412, 97887
2026/07/08 15:14:39.699, 5, 21, 75412, 97887
2026/07/08 15:14:39.717, 6, 89, 75432, 97887
2026/07/08 15:14:39.736, 7, 21, 75432, 97887
2026/07/08 15:14:40.754, 0, 0, 48704, 97887
2026/07/08 15:14:40.773, 1, 0, 48104, 97887
2026/07/08 15:14:40.788, 2, 0, 48104, 97887
2026/07/08 15:14:40.801, 3, 0, 48104, 97887
2026/07/08 15:14:40.819, 4, 63, 75412, 97887
2026/07/08 15:14:40.839, 5, 72, 75412, 97887
2026/07/08 15:14:40.856, 6, 92, 75432, 97887
2026/07/08 15:14:40.873, 7, 20, 75432, 97887
2026/07/08 15:14:41.890, 0, 0, 48704, 97887
2026/07/08 15:14:41.909, 1, 0, 48104, 97887
2026/07/08 15:14:41.926, 2, 0, 48104, 97887
2026/07/08 15:14:41.944, 3, 0, 48104, 97887
2026/07/08 15:14:41.963, 4, 83, 75412, 97887
2026/07/08 15:14:41.981, 5, 27, 75412, 97887
2026/07/08 15:14:42.000, 6, 92, 75432, 97887
2026/07/08 15:14:42.019, 7, 20, 75432, 97887
2026/07/08 15:14:43.039, 0, 0, 48704, 97887
2026/07/08 15:14:43.058, 1, 0, 48104, 97887
2026/07/08 15:14:43.077, 2, 0, 48104, 97887
2026/07/08 15:14:43.098, 3, 0, 48104, 97887
2026/07/08 15:14:43.116, 4, 41, 75412, 97887
2026/07/08 15:14:43.135, 5, 84, 75412, 97887
2026/07/08 15:14:43.155, 6, 91, 75432, 97887
2026/07/08 15:14:43.173, 7, 20, 75432, 97887
2026/07/08 15:14:44.193, 0, 0, 48704, 97887
2026/07/08 15:14:44.209, 1, 0, 48104, 97887
2026/07/08 15:14:44.227, 2, 0, 48104, 97887
2026/07/08 15:14:44.244, 3, 0, 48104, 97887
2026/07/08 15:14:44.262, 4, 76, 75412, 97887
2026/07/08 15:14:44.281, 5, 51, 75412, 97887
2026/07/08 15:14:44.299, 6, 93, 75432, 97887
2026/07/08 15:14:44.320, 7, 21, 75432, 97887
2026/07/08 15:14:45.338, 0, 0, 48704, 97887
2026/07/08 15:14:45.356, 1, 0, 48104, 97887
2026/07/08 15:14:45.376, 2, 0, 48104, 97887
2026/07/08 15:14:45.395, 3, 0, 48104, 97887
2026/07/08 15:14:45.414, 4, 46, 75412, 97887
2026/07/08 15:14:45.433, 5, 82, 75412, 97887
2026/07/08 15:14:45.455, 6, 87, 75432, 97887
2026/07/08 15:14:45.473, 7, 22, 75432, 97887
2026/07/08 15:14:46.490, 0, 0, 48704, 97887
2026/07/08 15:14:46.512, 1, 0, 48104, 97887
2026/07/08 15:14:46.528, 2, 0, 48104, 97887
2026/07/08 15:14:46.545, 3, 0, 48104, 97887
2026/07/08 15:14:46.560, 4, 23, 75412, 97887
2026/07/08 15:14:46.580, 5, 83, 75412, 97887
2026/07/08 15:14:46.600, 6, 91, 75432, 97887
2026/07/08 15:14:46.618, 7, 21, 75432, 97887
2026/07/08 15:14:47.635, 0, 0, 48704, 97887
2026/07/08 15:14:47.653, 1, 0, 48104, 97887
2026/07/08 15:14:47.670, 2, 0, 48104, 97887
2026/07/08 15:14:47.692, 3, 0, 48104, 97887
2026/07/08 15:14:47.712, 4, 26, 75412, 97887
2026/07/08 15:14:47.731, 5, 56, 75412, 97887
2026/07/08 15:14:47.747, 6, 91, 75432, 97887
2026/07/08 15:14:47.760, 7, 21, 75432, 97887
2026/07/08 15:14:48.772, 0, 0, 48704, 97887
2026/07/08 15:14:48.792, 1, 0, 48104, 97887
2026/07/08 15:14:48.811, 2, 0, 48104, 97887
2026/07/08 15:14:48.830, 3, 0, 48104, 97887
2026/07/08 15:14:48.846, 4, 90, 75412, 97887
2026/07/08 15:14:48.865, 5, 24, 75412, 97887
2026/07/08 15:14:48.882, 6, 85, 75432, 97887
2026/07/08 15:14:48.902, 7, 22, 75432, 97887
2026/07/08 15:14:49.918, 0, 0, 48704, 97887
2026/07/08 15:14:49.937, 1, 0, 48104, 97887
2026/07/08 15:14:49.953, 2, 0, 48104, 97887
2026/07/08 15:14:49.970, 3, 0, 48104, 97887
2026/07/08 15:14:49.987, 4, 30, 75412, 97887
2026/07/08 15:14:50.005, 5, 59, 75412, 97887
2026/07/08 15:14:50.022, 6, 92, 75432, 97887
2026/07/08 15:14:50.038, 7, 22, 75432, 97887
2026/07/08 15:14:51.053, 0, 0, 48704, 97887
2026/07/08 15:14:51.071, 1, 0, 48104, 97887
2026/07/08 15:14:51.090, 2, 0, 48104, 97887
2026/07/08 15:14:51.108, 3, 0, 48104, 97887
2026/07/08 15:14:51.125, 4, 59, 75412, 97887
2026/07/08 15:14:51.142, 5, 38, 75412, 97887
2026/07/08 15:14:51.162, 6, 91, 75432, 97887
2026/07/08 15:14:51.180, 7, 21, 75432, 97887
2026/07/08 15:14:52.199, 0, 0, 48704, 97887
2026/07/08 15:14:52.218, 1, 0, 48104, 97887
2026/07/08 15:14:52.236, 2, 0, 48104, 97887
2026/07/08 15:14:52.256, 3, 0, 48104, 97887
2026/07/08 15:14:52.276, 4, 33, 75412, 97887
2026/07/08 15:14:52.297, 5, 68, 75412, 97887
2026/07/08 15:14:52.317, 6, 91, 75432, 97887
2026/07/08 15:14:52.334, 7, 21, 75432, 97887
2026/07/08 15:14:53.354, 0, 0, 48704, 97887
2026/07/08 15:14:53.373, 1, 0, 48104, 97887
2026/07/08 15:14:53.390, 2, 0, 48104, 97887
2026/07/08 15:14:53.405, 3, 0, 48104, 97887
2026/07/08 15:14:53.421, 4, 21, 75412, 97887
2026/07/08 15:14:53.436, 5, 91, 75412, 97887
2026/07/08 15:14:53.453, 6, 91, 75432, 97887
2026/07/08 15:14:53.471, 7, 21, 75432, 97887
2026/07/08 15:14:54.491, 0, 0, 48704, 97887
2026/07/08 15:14:54.508, 1, 0, 48104, 97887
2026/07/08 15:14:54.523, 2, 0, 48104, 97887
2026/07/08 15:14:54.540, 3, 0, 48104, 97887
2026/07/08 15:14:54.558, 4, 53, 75412, 97887
2026/07/08 15:14:54.576, 5, 55, 75412, 97887
2026/07/08 15:14:54.594, 6, 94, 75432, 97887
2026/07/08 15:14:54.610, 7, 81, 75432, 97887
2026/07/08 15:14:55.628, 0, 0, 48704, 97887
2026/07/08 15:14:55.646, 1, 0, 48104, 97887
2026/07/08 15:14:55.661, 2, 0, 48104, 97887
2026/07/08 15:14:55.677, 3, 0, 48104, 97887
2026/07/08 15:14:55.696, 4, 41, 75412, 97887
2026/07/08 15:14:55.716, 5, 66, 75412, 97887
2026/07/08 15:14:55.734, 6, 23, 75432, 97887
2026/07/08 15:14:55.751, 7, 80, 75432, 97887
2026/07/08 15:14:56.768, 0, 0, 48704, 97887
2026/07/08 15:14:56.788, 1, 0, 48104, 97887
2026/07/08 15:14:56.801, 2, 0, 48104, 97887
2026/07/08 15:14:56.819, 3, 0, 48104, 97887
2026/07/08 15:14:56.834, 4, 25, 75412, 97887
2026/07/08 15:14:56.852, 5, 75, 75412, 97887
2026/07/08 15:14:56.868, 6, 46, 75432, 97887
2026/07/08 15:14:56.885, 7, 42, 75432, 97887
2026/07/08 15:14:57.899, 0, 0, 48704, 97887
2026/07/08 15:14:57.916, 1, 0, 48104, 97887
2026/07/08 15:14:57.931, 2, 0, 48104, 97887
2026/07/08 15:14:57.945, 3, 0, 48104, 97887
2026/07/08 15:14:57.961, 4, 61, 75412, 97887
2026/07/08 15:14:57.977, 5, 83, 75412, 97887
2026/07/08 15:14:57.993, 6, 93, 75432, 97887
2026/07/08 15:14:58.008, 7, 26, 75432, 97887
2026/07/08 15:14:59.024, 0, 0, 48704, 97887
2026/07/08 15:14:59.042, 1, 0, 48104, 97887
2026/07/08 15:14:59.058, 2, 0, 48104, 97887
2026/07/08 15:14:59.073, 3, 0, 48104, 97887
2026/07/08 15:14:59.086, 4, 34, 75412, 97887
2026/07/08 15:14:59.099, 5, 85, 75412, 97887
2026/07/08 15:14:59.115, 6, 92, 75432, 97887
2026/07/08 15:14:59.128, 7, 20, 75432, 97887
2026/07/08 15:15:00.142, 0, 0, 48704, 97887
2026/07/08 15:15:00.158, 1, 0, 48104, 97887
2026/07/08 15:15:00.174, 2, 0, 48104, 97887
2026/07/08 15:15:00.190, 3, 0, 48104, 97887
2026/07/08 15:15:00.203, 4, 29, 75412, 97887
2026/07/08 15:15:00.219, 5, 63, 75412, 97887
2026/07/08 15:15:00.233, 6, 93, 75432, 97887
2026/07/08 15:15:00.248, 7, 27, 75432, 97887
2026/07/08 15:15:01.264, 0, 0, 48704, 97887
2026/07/08 15:15:01.278, 1, 0, 48104, 97887
2026/07/08 15:15:01.292, 2, 0, 48104, 97887
2026/07/08 15:15:01.311, 3, 0, 48104, 97887
2026/07/08 15:15:01.331, 4, 21, 75412, 97887
2026/07/08 15:15:01.351, 5, 86, 75412, 97887
2026/07/08 15:15:01.369, 6, 93, 75432, 97887
2026/07/08 15:15:01.387, 7, 21, 75432, 97887
2026/07/08 15:15:02.406, 0, 0, 48704, 97887
2026/07/08 15:15:02.422, 1, 0, 48104, 97887
2026/07/08 15:15:02.436, 2, 0, 48104, 97887
2026/07/08 15:15:02.450, 3, 0, 48104, 97887
2026/07/08 15:15:02.465, 4, 48, 75412, 97887
2026/07/08 15:15:02.479, 5, 71, 75412, 97887
2026/07/08 15:15:02.494, 6, 94, 75432, 97887
2026/07/08 15:15:02.515, 7, 27, 75432, 97887
2026/07/08 15:15:03.528, 0, 0, 48704, 97887
2026/07/08 15:15:03.546, 1, 0, 48104, 97887
2026/07/08 15:15:03.562, 2, 0, 48104, 97887
2026/07/08 15:15:03.576, 3, 0, 48104, 97887
2026/07/08 15:15:03.592, 4, 49, 75412, 97887
2026/07/08 15:15:03.608, 5, 55, 75412, 97887
2026/07/08 15:15:03.626, 6, 94, 75432, 97887
2026/07/08 15:15:03.641, 7, 3, 75432, 97887
2026/07/08 15:15:04.658, 0, 0, 48704, 97887
2026/07/08 15:15:04.677, 1, 0, 48104, 97887
2026/07/08 15:15:04.694, 2, 0, 48104, 97887
2026/07/08 15:15:04.711, 3, 0, 48104, 97887
2026/07/08 15:15:04.726, 4, 41, 75412, 97887
2026/07/08 15:15:04.743, 5, 76, 75412, 97887
2026/07/08 15:15:04.760, 6, 79, 75432, 97887
2026/07/08 15:15:04.777, 7, 18, 75432, 97887
2026/07/08 15:15:05.793, 0, 0, 48704, 97887
2026/07/08 15:15:05.811, 1, 0, 48104, 97887
2026/07/08 15:15:05.828, 2, 0, 48104, 97887
2026/07/08 15:15:05.847, 3, 0, 48104, 97887
2026/07/08 15:15:05.864, 4, 71, 75412, 97887
2026/07/08 15:15:05.879, 5, 66, 75412, 97887
2026/07/08 15:15:05.896, 6, 90, 75432, 97887
2026/07/08 15:15:05.914, 7, 20, 75432, 97887
2026/07/08 15:15:06.932, 0, 0, 48704, 97887
2026/07/08 15:15:06.950, 1, 0, 48104, 97887
2026/07/08 15:15:06.969, 2, 0, 48104, 97887
2026/07/08 15:15:06.985, 3, 0, 48104, 97887
2026/07/08 15:15:07.002, 4, 33, 75412, 97887
2026/07/08 15:15:07.019, 5, 51, 75412, 97887
2026/07/08 15:15:07.035, 6, 93, 75432, 97887
2026/07/08 15:15:07.050, 7, 21, 75432, 97887
2026/07/08 15:15:08.068, 0, 0, 48704, 97887
2026/07/08 15:15:08.086, 1, 0, 48104, 97887
2026/07/08 15:15:08.101, 2, 0, 48104, 97887
2026/07/08 15:15:08.114, 3, 0, 48104, 97887
2026/07/08 15:15:08.146, 4, 51, 75412, 97887
2026/07/08 15:15:08.168, 5, 77, 75412, 97887
2026/07/08 15:15:08.184, 6, 85, 75432, 97887
2026/07/08 15:15:08.205, 7, 22, 75432, 97887
2026/07/08 15:15:09.223, 0, 0, 48704, 97887
2026/07/08 15:15:09.242, 1, 0, 48104, 97887
2026/07/08 15:15:09.262, 2, 0, 48104, 97887
2026/07/08 15:15:09.282, 3, 0, 48104, 97887
2026/07/08 15:15:09.300, 4, 37, 75412, 97887
2026/07/08 15:15:09.318, 5, 82, 75412, 97887
2026/07/08 15:15:09.336, 6, 92, 75432, 97887
2026/07/08 15:15:09.355, 7, 21, 75432, 97887
2026/07/08 15:15:10.371, 0, 0, 48704, 97887
2026/07/08 15:15:10.386, 1, 0, 48104, 97887
2026/07/08 15:15:10.401, 2, 0, 48104, 97887
2026/07/08 15:15:10.415, 3, 0, 48104, 97887
2026/07/08 15:15:10.430, 4, 87, 75412, 97887
2026/07/08 15:15:10.442, 5, 30, 75412, 97887
2026/07/08 15:15:10.452, 6, 95, 75432, 97887
2026/07/08 15:15:10.463, 7, 18, 75432, 97887
2026/07/08 15:15:11.475, 0, 0, 48704, 97887
2026/07/08 15:15:11.494, 1, 0, 48104, 97887
2026/07/08 15:15:11.513, 2, 0, 48104, 97887
2026/07/08 15:15:11.532, 3, 0, 48104, 97887
2026/07/08 15:15:11.552, 4, 73, 75412, 97887
2026/07/08 15:15:11.571, 5, 27, 75412, 97887
2026/07/08 15:15:11.591, 6, 92, 75432, 97887
2026/07/08 15:15:11.611, 7, 81, 75432, 97887
2026/07/08 15:15:12.629, 0, 0, 48704, 97887
2026/07/08 15:15:12.647, 1, 0, 48104, 97887
2026/07/08 15:15:12.663, 2, 0, 48104, 97887
2026/07/08 15:15:12.681, 3, 0, 48104, 97887
2026/07/08 15:15:12.700, 4, 61, 75412, 97887
2026/07/08 15:15:12.719, 5, 27, 75412, 97887
2026/07/08 15:15:12.738, 6, 91, 75432, 97887
2026/07/08 15:15:12.754, 7, 20, 75432, 97887
2026/07/08 15:15:13.772, 0, 0, 48704, 97887
2026/07/08 15:15:13.783, 1, 0, 48104, 97887
2026/07/08 15:15:13.794, 2, 0, 48104, 97887
2026/07/08 15:15:13.812, 3, 0, 48104, 97887
2026/07/08 15:15:13.830, 4, 45, 75412, 97887
2026/07/08 15:15:13.850, 5, 65, 75412, 97887
2026/07/08 15:15:13.872, 6, 84, 75432, 97887
2026/07/08 15:15:13.890, 7, 23, 75432, 97887
2026/07/08 15:15:14.911, 0, 0, 48704, 97887
2026/07/08 15:15:14.928, 1, 0, 48104, 97887
2026/07/08 15:15:14.945, 2, 0, 48104, 97887
2026/07/08 15:15:14.961, 3, 0, 48104, 97887
2026/07/08 15:15:14.975, 4, 66, 75412, 97887
2026/07/08 15:15:14.989, 5, 42, 75412, 97887
2026/07/08 15:15:15.007, 6, 93, 75432, 97887
2026/07/08 15:15:15.018, 7, 20, 75432, 97887
2026/07/08 15:15:16.025, 0, 0, 48704, 97887
2026/07/08 15:15:16.044, 1, 0, 48104, 97887
2026/07/08 15:15:16.060, 2, 0, 48104, 97887
2026/07/08 15:15:16.076, 3, 0, 48104, 97887
2026/07/08 15:15:16.091, 4, 26, 75412, 97887
2026/07/08 15:15:16.104, 5, 1, 75412, 97887
2026/07/08 15:15:16.120, 6, 94, 75432, 97887
2026/07/08 15:15:16.137, 7, 30, 75432, 97887
2026/07/08 15:15:17.154, 0, 0, 48704, 97887
2026/07/08 15:15:17.171, 1, 0, 48104, 97887
2026/07/08 15:15:17.187, 2, 0, 48104, 97887
2026/07/08 15:15:17.202, 3, 0, 48104, 97887
2026/07/08 15:15:17.218, 4, 95, 75412, 97887
2026/07/08 15:15:17.233, 5, 24, 75412, 97887
2026/07/08 15:15:17.247, 6, 91, 75432, 97887
2026/07/08 15:15:17.261, 7, 24, 75432, 97887
2026/07/08 15:15:18.275, 0, 0, 48704, 97887
2026/07/08 15:15:18.290, 1, 0, 48104, 97887
2026/07/08 15:15:18.305, 2, 0, 48104, 97887
2026/07/08 15:15:18.324, 3, 0, 48104, 97887
2026/07/08 15:15:18.341, 4, 96, 75412, 97887
2026/07/08 15:15:18.357, 5, 28, 75412, 97887
2026/07/08 15:15:18.371, 6, 93, 75432, 97887
2026/07/08 15:15:18.386, 7, 21, 75432, 97887
2026/07/08 15:15:19.403, 0, 0, 48704, 97887
2026/07/08 15:15:19.420, 1, 0, 48104, 97887
2026/07/08 15:15:19.437, 2, 0, 48104, 97887
2026/07/08 15:15:19.453, 3, 0, 48104, 97887
2026/07/08 15:15:19.470, 4, 94, 75412, 97887
2026/07/08 15:15:19.485, 5, 25, 75412, 97887
2026/07/08 15:15:19.500, 6, 88, 75432, 97887
2026/07/08 15:15:19.515, 7, 26, 75432, 97887
2026/07/08 15:15:20.531, 0, 0, 48704, 97887
2026/07/08 15:15:20.547, 1, 0, 48104, 97887
2026/07/08 15:15:20.564, 2, 0, 48104, 97887
2026/07/08 15:15:20.580, 3, 0, 48104, 97887
2026/07/08 15:15:20.598, 4, 91, 75412, 97887
2026/07/08 15:15:20.614, 5, 26, 75412, 97887
2026/07/08 15:15:20.629, 6, 94, 75432, 97887
2026/07/08 15:15:20.646, 7, 21, 75432, 97887
2026/07/08 15:15:21.663, 0, 0, 48704, 97887
2026/07/08 15:15:21.681, 1, 0, 48104, 97887
2026/07/08 15:15:21.696, 2, 0, 48104, 97887
2026/07/08 15:15:21.710, 3, 0, 48104, 97887
2026/07/08 15:15:21.727, 4, 96, 75412, 97887
2026/07/08 15:15:21.745, 5, 26, 75412, 97887
2026/07/08 15:15:21.763, 6, 93, 75432, 97887
2026/07/08 15:15:21.780, 7, 21, 75432, 97887
2026/07/08 15:15:22.796, 0, 0, 48704, 97887
2026/07/08 15:15:22.813, 1, 0, 48104, 97887
2026/07/08 15:15:22.830, 2, 0, 48104, 97887
2026/07/08 15:15:22.843, 3, 0, 48104, 97887
2026/07/08 15:15:22.859, 4, 91, 75412, 97887
2026/07/08 15:15:22.876, 5, 23, 75412, 97887
2026/07/08 15:15:22.892, 6, 90, 75432, 97887
2026/07/08 15:15:22.909, 7, 21, 75432, 97887
2026/07/08 15:15:23.926, 0, 0, 48704, 97887
2026/07/08 15:15:23.943, 1, 0, 48104, 97887
2026/07/08 15:15:23.959, 2, 0, 48104, 97887
2026/07/08 15:15:23.976, 3, 0, 48104, 97887
2026/07/08 15:15:23.996, 4, 97, 75412, 97887
2026/07/08 15:15:24.014, 5, 29, 75412, 97887
2026/07/08 15:15:24.028, 6, 92, 75432, 97887
2026/07/08 15:15:24.041, 7, 20, 75432, 97887
2026/07/08 15:15:25.054, 0, 0, 48704, 97887
2026/07/08 15:15:25.068, 1, 0, 48104, 97887
2026/07/08 15:15:25.083, 2, 0, 48104, 97887
2026/07/08 15:15:25.098, 3, 0, 48104, 97887
2026/07/08 15:15:25.115, 4, 91, 75412, 97887
2026/07/08 15:15:25.132, 5, 22, 75412, 97887
2026/07/08 15:15:25.146, 6, 92, 75432, 97887
2026/07/08 15:15:25.160, 7, 20, 75432, 97887
2026/07/08 15:15:26.176, 0, 0, 48704, 97887
2026/07/08 15:15:26.196, 1, 0, 48104, 97887
2026/07/08 15:15:26.212, 2, 0, 48104, 97887
2026/07/08 15:15:26.227, 3, 0, 48104, 97887
2026/07/08 15:15:26.244, 4, 89, 75412, 97887
2026/07/08 15:15:26.262, 5, 23, 75412, 97887
2026/07/08 15:15:26.278, 6, 90, 75432, 97887
2026/07/08 15:15:26.298, 7, 21, 75432, 97887
2026/07/08 15:15:27.318, 0, 0, 48704, 97887
2026/07/08 15:15:27.336, 1, 0, 48104, 97887
2026/07/08 15:15:27.354, 2, 0, 48104, 97887
2026/07/08 15:15:27.371, 3, 0, 48104, 97887
2026/07/08 15:15:27.388, 4, 95, 75412, 97887
2026/07/08 15:15:27.403, 5, 24, 75412, 97887
2026/07/08 15:15:27.415, 6, 92, 75432, 97887
2026/07/08 15:15:27.427, 7, 25, 75432, 97887
2026/07/08 15:15:28.441, 0, 0, 48704, 97887
2026/07/08 15:15:28.461, 1, 0, 48104, 97887
2026/07/08 15:15:28.484, 2, 0, 48104, 97887
2026/07/08 15:15:28.503, 3, 0, 48104, 97887
2026/07/08 15:15:28.521, 4, 92, 75412, 97887
2026/07/08 15:15:28.539, 5, 21, 75412, 97887
2026/07/08 15:15:28.558, 6, 93, 75432, 97887
2026/07/08 15:15:28.576, 7, 21, 75432, 97887
2026/07/08 15:15:29.596, 0, 0, 48704, 97887
2026/07/08 15:15:29.616, 1, 0, 48104, 97887
2026/07/08 15:15:29.634, 2, 0, 48104, 97887
2026/07/08 15:15:29.653, 3, 0, 48104, 97887
2026/07/08 15:15:29.670, 4, 93, 75412, 97887
2026/07/08 15:15:29.686, 5, 22, 75412, 97887
2026/07/08 15:15:29.704, 6, 92, 75432, 97887
2026/07/08 15:15:29.723, 7, 21, 75432, 97887
2026/07/08 15:15:30.741, 0, 0, 48704, 97887
2026/07/08 15:15:30.761, 1, 0, 48104, 97887
2026/07/08 15:15:30.779, 2, 0, 48104, 97887
2026/07/08 15:15:30.797, 3, 0, 48104, 97887
2026/07/08 15:15:30.815, 4, 89, 75412, 97887
2026/07/08 15:15:30.833, 5, 27, 75412, 97887
2026/07/08 15:15:30.847, 6, 91, 75432, 97887
2026/07/08 15:15:30.865, 7, 22, 75432, 97887
2026/07/08 15:15:31.881, 0, 0, 48704, 97887
2026/07/08 15:15:31.900, 1, 0, 48104, 97887
2026/07/08 15:15:31.918, 2, 0, 48104, 97887
2026/07/08 15:15:31.935, 3, 0, 48104, 97887
2026/07/08 15:15:31.950, 4, 89, 75412, 97887
2026/07/08 15:15:31.968, 5, 29, 75412, 97887
2026/07/08 15:15:31.985, 6, 88, 75432, 97887
2026/07/08 15:15:32.005, 7, 21, 75432, 97887
2026/07/08 15:15:33.022, 0, 0, 48704, 97887
2026/07/08 15:15:33.049, 1, 0, 48104, 97887
2026/07/08 15:15:33.061, 2, 0, 48104, 97887
2026/07/08 15:15:33.076, 3, 0, 48104, 97887
2026/07/08 15:15:33.092, 4, 92, 75412, 97887
2026/07/08 15:15:33.110, 5, 27, 75412, 97887
2026/07/08 15:15:33.125, 6, 88, 75432, 97887
2026/07/08 15:15:33.141, 7, 20, 75432, 97887
2026/07/08 15:15:34.155, 0, 0, 48704, 97887
2026/07/08 15:15:34.175, 1, 0, 48104, 97887
2026/07/08 15:15:34.192, 2, 0, 48104, 97887
2026/07/08 15:15:34.209, 3, 0, 48104, 97887
2026/07/08 15:15:34.225, 4, 84, 75412, 97887
2026/07/08 15:15:34.243, 5, 26, 75412, 97887
2026/07/08 15:15:34.260, 6, 92, 75432, 97887
2026/07/08 15:15:34.278, 7, 21, 75432, 97887
2026/07/08 15:15:35.299, 0, 0, 48704, 97887
2026/07/08 15:15:35.316, 1, 0, 48104, 97887
2026/07/08 15:15:35.330, 2, 0, 48104, 97887
2026/07/08 15:15:35.348, 3, 0, 48104, 97887
2026/07/08 15:15:35.363, 4, 92, 75412, 97887
2026/07/08 15:15:35.380, 5, 21, 75412, 97887
2026/07/08 15:15:35.398, 6, 89, 75432, 97887
2026/07/08 15:15:35.411, 7, 20, 75432, 97887
2026/07/08 15:15:36.427, 0, 0, 48704, 97887
2026/07/08 15:15:36.447, 1, 0, 48104, 97887
2026/07/08 15:15:36.463, 2, 0, 48104, 97887
2026/07/08 15:15:36.476, 3, 0, 48104, 97887
2026/07/08 15:15:36.489, 4, 83, 75412, 97887
2026/07/08 15:15:36.503, 5, 21, 75412, 97887
2026/07/08 15:15:36.517, 6, 92, 75432, 97887
2026/07/08 15:15:36.534, 7, 19, 75432, 97887
2026/07/08 15:15:37.553, 0, 0, 48704, 97887
2026/07/08 15:15:37.573, 1, 0, 48104, 97887
2026/07/08 15:15:37.591, 2, 0, 48104, 97887
2026/07/08 15:15:37.605, 3, 0, 48104, 97887
2026/07/08 15:15:37.622, 4, 94, 75412, 97887
2026/07/08 15:15:37.639, 5, 26, 75412, 97887
2026/07/08 15:15:37.657, 6, 92, 75432, 97887
2026/07/08 15:15:37.675, 7, 20, 75432, 97887
2026/07/08 15:15:38.694, 0, 0, 48704, 97887
2026/07/08 15:15:38.715, 1, 0, 48104, 97887
2026/07/08 15:15:38.735, 2, 0, 48104, 97887
2026/07/08 15:15:38.752, 3, 0, 48104, 97887
2026/07/08 15:15:38.768, 4, 81, 75412, 97887
2026/07/08 15:15:38.787, 5, 24, 75412, 97887
2026/07/08 15:15:38.803, 6, 89, 75432, 97887
2026/07/08 15:15:38.820, 7, 19, 75432, 97887
2026/07/08 15:15:39.839, 0, 0, 48704, 97887
2026/07/08 15:15:39.856, 1, 0, 48104, 97887
2026/07/08 15:15:39.869, 2, 0, 48104, 97887
2026/07/08 15:15:39.889, 3, 0, 48104, 97887
2026/07/08 15:15:39.907, 4, 96, 75412, 97887
2026/07/08 15:15:39.925, 5, 26, 75412, 97887
2026/07/08 15:15:39.942, 6, 91, 75432, 97887
2026/07/08 15:15:39.959, 7, 20, 75432, 97887
2026/07/08 15:15:40.977, 0, 0, 48704, 97887
2026/07/08 15:15:40.993, 1, 0, 48104, 97887
2026/07/08 15:15:41.007, 2, 0, 48104, 97887
2026/07/08 15:15:41.039, 3, 0, 48104, 97887
2026/07/08 15:15:41.056, 4, 93, 75412, 97887
2026/07/08 15:15:41.071, 5, 28, 75412, 97887
2026/07/08 15:15:41.088, 6, 93, 75432, 97887
2026/07/08 15:15:41.105, 7, 17, 75432, 97887
2026/07/08 15:15:42.123, 0, 0, 48704, 97887
2026/07/08 15:15:42.144, 1, 0, 48104, 97887
2026/07/08 15:15:42.163, 2, 0, 48104, 97887
2026/07/08 15:15:42.181, 3, 0, 48104, 97887
2026/07/08 15:15:42.201, 4, 72, 75412, 97887
2026/07/08 15:15:42.222, 5, 26, 75412, 97887
2026/07/08 15:15:42.241, 6, 91, 75432, 97887
2026/07/08 15:15:42.261, 7, 16, 75432, 97887
2026/07/08 15:15:43.281, 0, 0, 48704, 97887
2026/07/08 15:15:43.299, 1, 0, 48104, 97887
2026/07/08 15:15:43.316, 2, 0, 48104, 97887
2026/07/08 15:15:43.334, 3, 0, 48104, 97887
2026/07/08 15:15:43.353, 4, 90, 75412, 97887
2026/07/08 15:15:43.369, 5, 24, 75412, 97887
2026/07/08 15:15:43.385, 6, 91, 75432, 97887
2026/07/08 15:15:43.401, 7, 18, 75432, 97887
2026/07/08 15:15:44.420, 0, 0, 48704, 97887
2026/07/08 15:15:44.438, 1, 0, 48104, 97887
2026/07/08 15:15:44.454, 2, 0, 48104, 97887
2026/07/08 15:15:44.470, 3, 0, 48104, 97887
2026/07/08 15:15:44.483, 4, 80, 75412, 97887
2026/07/08 15:15:44.498, 5, 28, 75412, 97887
2026/07/08 15:15:44.514, 6, 0, 75432, 97887
2026/07/08 15:15:44.530, 7, 0, 75432, 97887
2026/07/08 15:15:45.548, 0, 0, 48704, 97887
2026/07/08 15:15:45.569, 1, 0, 48104, 97887
2026/07/08 15:15:45.589, 2, 0, 48104, 97887
2026/07/08 15:15:45.605, 3, 0, 48104, 97887
2026/07/08 15:15:45.623, 4, 86, 75412, 97887
2026/07/08 15:15:45.642, 5, 26, 75412, 97887
2026/07/08 15:15:45.664, 6, 0, 75432, 97887
2026/07/08 15:15:45.680, 7, 0, 75432, 97887
2026/07/08 15:15:46.699, 0, 0, 48704, 97887
2026/07/08 15:15:46.717, 1, 0, 48104, 97887
2026/07/08 15:15:46.735, 2, 0, 48104, 97887
2026/07/08 15:15:46.750, 3, 0, 48104, 97887
2026/07/08 15:15:46.765, 4, 96, 75412, 97887
2026/07/08 15:15:46.782, 5, 23, 75412, 97887
2026/07/08 15:15:46.792, 6, 0, 75432, 97887
2026/07/08 15:15:46.803, 7, 0, 75432, 97887
2026/07/08 15:15:47.818, 0, 0, 48704, 97887
2026/07/08 15:15:47.835, 1, 0, 48104, 97887
2026/07/08 15:15:47.851, 2, 0, 48104, 97887
2026/07/08 15:15:47.865, 3, 0, 48104, 97887
2026/07/08 15:15:47.881, 4, 84, 75412, 97887
2026/07/08 15:15:47.897, 5, 17, 75412, 97887
2026/07/08 15:15:47.912, 6, 0, 75432, 97887
2026/07/08 15:15:47.925, 7, 0, 75432, 97887
2026/07/08 15:15:48.938, 0, 0, 48704, 97887
2026/07/08 15:15:48.956, 1, 0, 48104, 97887
2026/07/08 15:15:48.972, 2, 0, 48104, 97887
2026/07/08 15:15:48.990, 3, 0, 48104, 97887
2026/07/08 15:15:49.007, 4, 0, 75412, 97887
2026/07/08 15:15:49.023, 5, 0, 75412, 97887
2026/07/08 15:15:49.035, 6, 0, 75432, 97887
2026/07/08 15:15:49.050, 7, 0, 75432, 97887
2026/07/08 15:15:50.062, 0, 0, 48704, 97887
2026/07/08 15:15:50.084, 1, 0, 48104, 97887
2026/07/08 15:15:50.102, 2, 0, 48104, 97887
2026/07/08 15:15:50.120, 3, 0, 48104, 97887
2026/07/08 15:15:50.140, 4, 0, 75412, 97887
2026/07/08 15:15:50.160, 5, 0, 75412, 97887
2026/07/08 15:15:50.182, 6, 0, 75432, 97887
2026/07/08 15:15:50.203, 7, 0, 75432, 97887
2026/07/08 15:15:51.223, 0, 0, 48704, 97887
2026/07/08 15:15:51.242, 1, 0, 48104, 97887
2026/07/08 15:15:51.255, 2, 0, 48104, 97887
2026/07/08 15:15:51.269, 3, 0, 48104, 97887
2026/07/08 15:15:51.287, 4, 0, 75412, 97887
2026/07/08 15:15:51.304, 5, 0, 75412, 97887
2026/07/08 15:15:51.321, 6, 0, 75432, 97887
2026/07/08 15:15:51.338, 7, 0, 75432, 97887
2026/07/08 15:15:52.355, 0, 0, 48704, 97887
2026/07/08 15:15:52.375, 1, 0, 48104, 97887
2026/07/08 15:15:52.403, 2, 0, 48104, 97887
2026/07/08 15:15:52.423, 3, 0, 48104, 97887
2026/07/08 15:15:52.442, 4, 0, 75412, 97887
2026/07/08 15:15:52.469, 5, 0, 75412, 97887
2026/07/08 15:15:52.497, 6, 0, 75432, 97887
2026/07/08 15:15:52.521, 7, 0, 75432, 97887
2026/07/08 15:15:53.532, 0, 0, 48704, 97887
2026/07/08 15:15:53.553, 1, 0, 48104, 97887
2026/07/08 15:15:53.571, 2, 0, 48104, 97887
2026/07/08 15:15:53.590, 3, 0, 48104, 97887
2026/07/08 15:15:53.610, 4, 0, 75412, 97887
2026/07/08 15:15:53.627, 5, 0, 75412, 97887
2026/07/08 15:15:53.645, 6, 0, 75432, 97887
2026/07/08 15:15:53.664, 7, 0, 75432, 97887
2026/07/08 15:15:54.684, 0, 0, 48704, 97887
2026/07/08 15:15:54.705, 1, 0, 48104, 97887
2026/07/08 15:15:54.724, 2, 0, 48104, 97887
2026/07/08 15:15:54.744, 3, 0, 48104, 97887
2026/07/08 15:15:54.764, 4, 0, 75412, 97887
2026/07/08 15:15:54.786, 5, 0, 75412, 97887
2026/07/08 15:15:54.809, 6, 0, 75432, 97887
2026/07/08 15:15:54.832, 7, 0, 75432, 97887
2026/07/08 15:15:55.852, 0, 0, 48704, 97887
2026/07/08 15:15:55.873, 1, 0, 48104, 97887
2026/07/08 15:15:55.893, 2, 0, 48104, 97887
2026/07/08 15:15:55.914, 3, 0, 48104, 97887
2026/07/08 15:15:55.934, 4, 0, 75412, 97887
2026/07/08 15:15:55.952, 5, 0, 75412, 97887
2026/07/08 15:15:55.971, 6, 0, 75432, 97887
2026/07/08 15:15:55.991, 7, 0, 75432, 97887
2026/07/08 15:15:57.011, 0, 0, 48704, 97887
2026/07/08 15:15:57.029, 1, 0, 48104, 97887
2026/07/08 15:15:57.045, 2, 0, 48104, 97887
2026/07/08 15:15:57.061, 3, 0, 48104, 97887
2026/07/08 15:15:57.078, 4, 0, 75412, 97887
2026/07/08 15:15:57.091, 5, 0, 75412, 97887
2026/07/08 15:15:57.106, 6, 0, 75432, 97887
2026/07/08 15:15:57.124, 7, 0, 75432, 97887
2026/07/08 15:15:58.141, 0, 0, 48704, 97887
2026/07/08 15:15:58.160, 1, 0, 48104, 97887
2026/07/08 15:15:58.178, 2, 0, 48104, 97887
2026/07/08 15:15:58.196, 3, 0, 48104, 97887
2026/07/08 15:15:58.212, 4, 0, 75412, 97887
2026/07/08 15:15:58.220, 5, 0, 75412, 97887
2026/07/08 15:15:58.232, 6, 0, 75432, 97887
2026/07/08 15:15:58.251, 7, 0, 75432, 97887
2026/07/08 15:15:59.268, 0, 0, 48704, 97887
2026/07/08 15:15:59.287, 1, 0, 48104, 97887
2026/07/08 15:15:59.306, 2, 0, 48104, 97887
2026/07/08 15:15:59.322, 3, 0, 48104, 97887
2026/07/08 15:15:59.339, 4, 0, 75412, 97887
2026/07/08 15:15:59.357, 5, 0, 75412, 97887
2026/07/08 15:15:59.376, 6, 0, 75432, 97887
2026/07/08 15:15:59.395, 7, 0, 75432, 97887
2026/07/08 15:16:00.414, 0, 0, 48704, 97887
2026/07/08 15:16:00.440, 1, 0, 48104, 97887
2026/07/08 15:16:00.452, 2, 0, 48104, 97887
2026/07/08 15:16:00.464, 3, 0, 48104, 97887
2026/07/08 15:16:00.482, 4, 0, 75412, 97887
2026/07/08 15:16:00.504, 5, 0, 75412, 97887
2026/07/08 15:16:00.527, 6, 0, 75432, 97887
2026/07/08 15:16:00.544, 7, 0, 75432, 97887
2026/07/08 15:16:01.565, 0, 0, 48704, 97887
2026/07/08 15:16:01.585, 1, 0, 48104, 97887
2026/07/08 15:16:01.605, 2, 0, 48104, 97887
2026/07/08 15:16:01.625, 3, 0, 48104, 97887
2026/07/08 15:16:01.644, 4, 0, 75412, 97887
2026/07/08 15:16:01.664, 5, 0, 75412, 97887
2026/07/08 15:16:01.683, 6, 0, 75432, 97887
2026/07/08 15:16:01.703, 7, 0, 75432, 97887
2026/07/08 15:16:02.722, 0, 0, 48704, 97887
2026/07/08 15:16:02.740, 1, 0, 48104, 97887
2026/07/08 15:16:02.753, 2, 0, 48104, 97887
2026/07/08 15:16:02.768, 3, 0, 48104, 97887
2026/07/08 15:16:02.784, 4, 0, 75412, 97887
2026/07/08 15:16:02.799, 5, 0, 75412, 97887
2026/07/08 15:16:02.814, 6, 0, 75432, 97887
2026/07/08 15:16:02.829, 7, 0, 75432, 97887
2026/07/08 15:16:03.847, 0, 0, 48704, 97887
2026/07/08 15:16:03.868, 1, 0, 48104, 97887
2026/07/08 15:16:03.888, 2, 0, 48104, 97887
2026/07/08 15:16:03.905, 3, 0, 48104, 97887
2026/07/08 15:16:03.923, 4, 0, 75412, 97887
2026/07/08 15:16:03.942, 5, 0, 75412, 97887
2026/07/08 15:16:03.959, 6, 0, 75432, 97887
2026/07/08 15:16:03.976, 7, 0, 75432, 97887
2026/07/08 15:16:04.991, 0, 0, 48704, 97887
2026/07/08 15:16:05.010, 1, 0, 48104, 97887
2026/07/08 15:16:05.025, 2, 0, 48104, 97887
2026/07/08 15:16:05.043, 3, 0, 48104, 97887
2026/07/08 15:16:05.062, 4, 0, 75412, 97887
2026/07/08 15:16:05.082, 5, 0, 75412, 97887
2026/07/08 15:16:05.100, 6, 0, 75432, 97887
2026/07/08 15:16:05.118, 7, 0, 75432, 97887
2026/07/08 15:16:06.136, 0, 0, 48704, 97887
2026/07/08 15:16:06.154, 1, 0, 48104, 97887
2026/07/08 15:16:06.170, 2, 0, 48104, 97887
2026/07/08 15:16:06.188, 3, 0, 48104, 97887
2026/07/08 15:16:06.205, 4, 0, 75412, 97887
2026/07/08 15:16:06.223, 5, 0, 75412, 97887
2026/07/08 15:16:06.241, 6, 0, 75432, 97887
2026/07/08 15:16:06.257, 7, 0, 75432, 97887
2026/07/08 15:16:07.272, 0, 0, 48704, 97887
2026/07/08 15:16:07.294, 1, 0, 48104, 97887
2026/07/08 15:16:07.312, 2, 0, 48104, 97887
2026/07/08 15:16:07.331, 3, 0, 48104, 97887
2026/07/08 15:16:07.351, 4, 0, 75412, 97887
2026/07/08 15:16:07.369, 5, 0, 75412, 97887
2026/07/08 15:16:07.386, 6, 0, 75432, 97887
2026/07/08 15:16:07.404, 7, 0, 75432, 97887
2026/07/08 15:16:08.421, 0, 0, 48704, 97887
2026/07/08 15:16:08.441, 1, 0, 48104, 97887
2026/07/08 15:16:08.461, 2, 0, 48104, 97887
2026/07/08 15:16:08.481, 3, 0, 48104, 97887
2026/07/08 15:16:08.499, 4, 0, 75412, 97887
2026/07/08 15:16:08.519, 5, 0, 75412, 97887
2026/07/08 15:16:08.538, 6, 0, 75432, 97887
2026/07/08 15:16:08.558, 7, 0, 75432, 97887
2026/07/08 15:16:09.578, 0, 0, 48704, 97887
2026/07/08 15:16:09.596, 1, 0, 48104, 97887
2026/07/08 15:16:09.614, 2, 0, 48104, 97887
2026/07/08 15:16:09.629, 3, 0, 48104, 97887
2026/07/08 15:16:09.646, 4, 0, 75412, 97887
2026/07/08 15:16:09.657, 5, 0, 75412, 97887
2026/07/08 15:16:09.677, 6, 0, 75432, 97887
2026/07/08 15:16:09.695, 7, 0, 75432, 97887
2026/07/08 15:16:10.716, 0, 0, 48704, 97887
2026/07/08 15:16:10.736, 1, 0, 48104, 97887
2026/07/08 15:16:10.755, 2, 0, 48104, 97887
2026/07/08 15:16:10.772, 3, 0, 48104, 97887
2026/07/08 15:16:10.791, 4, 0, 75412, 97887
2026/07/08 15:16:10.809, 5, 0, 75412, 97887
2026/07/08 15:16:10.827, 6, 0, 75432, 97887
2026/07/08 15:16:10.843, 7, 0, 75432, 97887
2026/07/08 15:16:11.863, 0, 0, 48704, 97887
2026/07/08 15:16:11.880, 1, 0, 48104, 97887
2026/07/08 15:16:11.898, 2, 0, 48104, 97887
2026/07/08 15:16:11.919, 3, 0, 48104, 97887
2026/07/08 15:16:11.939, 4, 0, 75412, 97887
2026/07/08 15:16:11.958, 5, 0, 75412, 97887
2026/07/08 15:16:11.977, 6, 0, 75432, 97887
2026/07/08 15:16:11.997, 7, 0, 75432, 97887
2026/07/08 15:16:13.015, 0, 0, 48704, 97887
2026/07/08 15:16:13.037, 1, 0, 48104, 97887
2026/07/08 15:16:13.059, 2, 0, 48104, 97887
2026/07/08 15:16:13.079, 3, 0, 48104, 97887
2026/07/08 15:16:13.098, 4, 0, 75412, 97887
2026/07/08 15:16:13.119, 5, 0, 75412, 97887
2026/07/08 15:16:13.139, 6, 0, 75432, 97887
2026/07/08 15:16:13.156, 7, 0, 75432, 97887
2026/07/08 15:16:14.175, 0, 0, 48704, 97887
2026/07/08 15:16:14.195, 1, 0, 48104, 97887
2026/07/08 15:16:14.221, 2, 0, 48104, 97887
2026/07/08 15:16:14.248, 3, 0, 48104, 97887
2026/07/08 15:16:14.265, 4, 0, 75412, 97887
2026/07/08 15:16:14.285, 5, 0, 75412, 97887
2026/07/08 15:16:14.303, 6, 0, 75432, 97887
2026/07/08 15:16:14.320, 7, 0, 75432, 97887
2026/07/08 15:16:15.334, 0, 0, 48704, 97887
2026/07/08 15:16:15.351, 1, 0, 48104, 97887
2026/07/08 15:16:15.367, 2, 0, 48104, 97887
2026/07/08 15:16:15.386, 3, 0, 48104, 97887
2026/07/08 15:16:15.406, 4, 0, 75412, 97887
2026/07/08 15:16:15.426, 5, 0, 75412, 97887
2026/07/08 15:16:15.451, 6, 0, 75432, 97887
2026/07/08 15:16:15.466, 7, 0, 75432, 97887
2026/07/08 15:16:16.482, 0, 0, 48704, 97887
2026/07/08 15:16:16.502, 1, 0, 48104, 97887
2026/07/08 15:16:16.523, 2, 0, 48104, 97887
2026/07/08 15:16:16.543, 3, 0, 48104, 97887
2026/07/08 15:16:16.563, 4, 0, 75412, 97887
2026/07/08 15:16:16.583, 5, 0, 75412, 97887
2026/07/08 15:16:16.605, 6, 0, 75432, 97887
2026/07/08 15:16:16.626, 7, 0, 75432, 97887
2026/07/08 15:16:17.645, 0, 0, 48704, 97887
2026/07/08 15:16:17.665, 1, 0, 48104, 97887
2026/07/08 15:16:17.683, 2, 0, 48104, 97887
2026/07/08 15:16:17.697, 3, 0, 48104, 97887
2026/07/08 15:16:17.715, 4, 0, 75412, 97887
2026/07/08 15:16:17.733, 5, 0, 75412, 97887
2026/07/08 15:16:17.751, 6, 0, 75432, 97887
2026/07/08 15:16:17.771, 7, 0, 75432, 97887
2026/07/08 15:16:18.791, 0, 0, 48704, 97887
2026/07/08 15:16:18.806, 1, 0, 48104, 97887
2026/07/08 15:16:18.824, 2, 0, 48104, 97887
2026/07/08 15:16:18.844, 3, 0, 48104, 97887
2026/07/08 15:16:18.863, 4, 0, 75412, 97887
2026/07/08 15:16:18.882, 5, 0, 75412, 97887
2026/07/08 15:16:18.902, 6, 0, 75432, 97887
2026/07/08 15:16:18.921, 7, 0, 75432, 97887
2026/07/08 15:16:19.942, 0, 0, 48704, 97887
2026/07/08 15:16:19.964, 1, 0, 48104, 97887
2026/07/08 15:16:19.982, 2, 0, 48104, 97887
2026/07/08 15:16:20.002, 3, 0, 48104, 97887
2026/07/08 15:16:20.026, 4, 0, 75412, 97887
2026/07/08 15:16:20.041, 5, 0, 75412, 97887
2026/07/08 15:16:20.058, 6, 0, 75432, 97887
2026/07/08 15:16:20.082, 7, 0, 75432, 97887
2026/07/08 15:16:21.104, 0, 0, 48704, 97887
2026/07/08 15:16:21.126, 1, 0, 48104, 97887
2026/07/08 15:16:21.146, 2, 0, 48104, 97887
2026/07/08 15:16:21.165, 3, 0, 48104, 97887
2026/07/08 15:16:21.182, 4, 0, 75412, 97887
2026/07/08 15:16:21.199, 5, 0, 75412, 97887
2026/07/08 15:16:21.215, 6, 0, 75432, 97887
2026/07/08 15:16:21.234, 7, 0, 75432, 97887
2026/07/08 15:16:22.252, 0, 0, 48704, 97887
2026/07/08 15:16:22.272, 1, 0, 48104, 97887
2026/07/08 15:16:22.290, 2, 0, 48104, 97887
2026/07/08 15:16:22.310, 3, 0, 48104, 97887
2026/07/08 15:16:22.329, 4, 0, 75412, 97887
2026/07/08 15:16:22.348, 5, 0, 75412, 97887
2026/07/08 15:16:22.370, 6, 0, 75432, 97887
2026/07/08 15:16:22.389, 7, 0, 75432, 97887
2026/07/08 15:16:23.406, 0, 0, 48704, 97887
2026/07/08 15:16:23.423, 1, 0, 48104, 97887
2026/07/08 15:16:23.442, 2, 0, 48104, 97887
2026/07/08 15:16:23.461, 3, 0, 48104, 97887
2026/07/08 15:16:23.480, 4, 0, 75412, 97887
2026/07/08 15:16:23.499, 5, 0, 75412, 97887
2026/07/08 15:16:23.517, 6, 0, 75432, 97887
2026/07/08 15:16:23.534, 7, 0, 75432, 97887
2026/07/08 15:16:24.552, 0, 0, 48704, 97887
2026/07/08 15:16:24.571, 1, 0, 48104, 97887
2026/07/08 15:16:24.590, 2, 0, 48104, 97887
2026/07/08 15:16:24.607, 3, 0, 48104, 97887
2026/07/08 15:16:24.628, 4, 0, 75412, 97887
2026/07/08 15:16:24.647, 5, 0, 75412, 97887
2026/07/08 15:16:24.665, 6, 0, 75432, 97887
2026/07/08 15:16:24.682, 7, 0, 75432, 97887
2026/07/08 15:16:25.701, 0, 0, 48704, 97887
2026/07/08 15:16:25.719, 1, 0, 48104, 97887
2026/07/08 15:16:25.738, 2, 0, 48104, 97887
2026/07/08 15:16:25.755, 3, 0, 48104, 97887
2026/07/08 15:16:25.774, 4, 0, 75412, 97887
2026/07/08 15:16:25.790, 5, 0, 75412, 97887
2026/07/08 15:16:25.805, 6, 0, 75432, 97887
2026/07/08 15:16:25.819, 7, 0, 75432, 97887
2026/07/08 15:16:26.835, 0, 0, 48704, 97887
2026/07/08 15:16:26.856, 1, 0, 48104, 97887
2026/07/08 15:16:26.877, 2, 0, 48104, 97887
2026/07/08 15:16:26.896, 3, 0, 48104, 97887
2026/07/08 15:16:26.914, 4, 0, 75412, 97887
2026/07/08 15:16:26.930, 5, 0, 75412, 97887
2026/07/08 15:16:26.948, 6, 0, 75432, 97887
2026/07/08 15:16:26.968, 7, 0, 75432, 97887
2026/07/08 15:16:27.987, 0, 0, 48704, 97887
2026/07/08 15:16:28.004, 1, 0, 48104, 97887
2026/07/08 15:16:28.022, 2, 0, 48104, 97887
2026/07/08 15:16:28.037, 3, 0, 48104, 97887
2026/07/08 15:16:28.054, 4, 0, 75412, 97887
2026/07/08 15:16:28.073, 5, 0, 75412, 97887
2026/07/08 15:16:28.092, 6, 0, 75432, 97887
2026/07/08 15:16:28.113, 7, 0, 75432, 97887
2026/07/08 15:16:29.133, 0, 0, 48704, 97887
2026/07/08 15:16:29.154, 1, 0, 48104, 97887
2026/07/08 15:16:29.173, 2, 0, 48104, 97887
2026/07/08 15:16:29.190, 3, 0, 48104, 97887
2026/07/08 15:16:29.207, 4, 0, 75412, 97887
2026/07/08 15:16:29.227, 5, 0, 75412, 97887
2026/07/08 15:16:29.246, 6, 0, 75432, 97887
2026/07/08 15:16:29.264, 7, 0, 75432, 97887
2026/07/08 15:16:30.286, 0, 0, 48704, 97887
2026/07/08 15:16:30.307, 1, 0, 48104, 97887
2026/07/08 15:16:30.324, 2, 0, 48104, 97887
2026/07/08 15:16:30.342, 3, 0, 48104, 97887
2026/07/08 15:16:30.357, 4, 0, 75412, 97887
2026/07/08 15:16:30.372, 5, 0, 75412, 97887
2026/07/08 15:16:30.389, 6, 0, 75432, 97887
2026/07/08 15:16:30.406, 7, 0, 75432, 97887
2026/07/08 15:16:31.423, 0, 0, 48704, 97887
2026/07/08 15:16:31.443, 1, 0, 48104, 97887
2026/07/08 15:16:31.463, 2, 0, 48104, 97887
2026/07/08 15:16:31.484, 3, 0, 48104, 97887
2026/07/08 15:16:31.505, 4, 0, 75412, 97887
2026/07/08 15:16:31.524, 5, 0, 75412, 97887
2026/07/08 15:16:31.541, 6, 0, 75432, 97887
2026/07/08 15:16:31.556, 7, 0, 75432, 97887
2026/07/08 15:16:32.574, 0, 0, 48704, 97887
2026/07/08 15:16:32.587, 1, 0, 48104, 97887
2026/07/08 15:16:32.601, 2, 0, 48104, 97887
2026/07/08 15:16:32.611, 3, 0, 48104, 97887
2026/07/08 15:16:32.620, 4, 0, 75412, 97887
2026/07/08 15:16:32.632, 5, 0, 75412, 97887
2026/07/08 15:16:32.642, 6, 0, 75432, 97887
2026/07/08 15:16:32.659, 7, 0, 75432, 97887
2026/07/08 15:16:33.674, 0, 0, 48704, 97887
2026/07/08 15:16:33.692, 1, 0, 48104, 97887
2026/07/08 15:16:33.706, 2, 0, 48104, 97887
2026/07/08 15:16:33.723, 3, 0, 48104, 97887
2026/07/08 15:16:33.740, 4, 0, 75412, 97887
2026/07/08 15:16:33.759, 5, 0, 75412, 97887
2026/07/08 15:16:33.774, 6, 0, 75432, 97887
2026/07/08 15:16:33.787, 7, 0, 75432, 97887
2026/07/08 15:16:34.802, 0, 0, 48704, 97887
2026/07/08 15:16:34.818, 1, 0, 48104, 97887
2026/07/08 15:16:34.837, 2, 0, 48104, 97887
2026/07/08 15:16:34.853, 3, 0, 48104, 97887
2026/07/08 15:16:34.871, 4, 0, 75412, 97887
2026/07/08 15:16:34.888, 5, 0, 75412, 97887
2026/07/08 15:16:34.906, 6, 0, 75432, 97887
2026/07/08 15:16:34.922, 7, 0, 75432, 97887
2026/07/08 15:16:35.940, 0, 0, 48704, 97887
2026/07/08 15:16:35.956, 1, 0, 48104, 97887
2026/07/08 15:16:35.974, 2, 0, 48104, 97887
2026/07/08 15:16:35.990, 3, 0, 48104, 97887
2026/07/08 15:16:36.004, 4, 0, 75412, 97887
2026/07/08 15:16:36.014, 5, 0, 75412, 97887
2026/07/08 15:16:36.031, 6, 0, 75432, 97887
2026/07/08 15:16:36.049, 7, 0, 75432, 97887
2026/07/08 15:16:37.066, 0, 0, 48704, 97887
2026/07/08 15:16:37.084, 1, 0, 48104, 97887
2026/07/08 15:16:37.102, 2, 0, 48104, 97887
2026/07/08 15:16:37.120, 3, 0, 48104, 97887
2026/07/08 15:16:37.136, 4, 0, 75412, 97887
2026/07/08 15:16:37.152, 5, 0, 75412, 97887
2026/07/08 15:16:37.168, 6, 0, 75432, 97887
2026/07/08 15:16:37.185, 7, 0, 75432, 97887
2026/07/08 15:16:38.199, 0, 0, 48704, 97887
2026/07/08 15:16:38.215, 1, 0, 48104, 97887
2026/07/08 15:16:38.231, 2, 0, 48104, 97887
2026/07/08 15:16:38.246, 3, 0, 48104, 97887
2026/07/08 15:16:38.262, 4, 0, 75412, 97887
2026/07/08 15:16:38.277, 5, 0, 75412, 97887
2026/07/08 15:16:38.293, 6, 0, 75432, 97887
2026/07/08 15:16:38.308, 7, 0, 75432, 97887
2026/07/08 15:16:39.326, 0, 0, 48704, 97887
2026/07/08 15:16:39.344, 1, 0, 48104, 97887
2026/07/08 15:16:39.362, 2, 0, 48104, 97887
2026/07/08 15:16:39.377, 3, 0, 48104, 97887
2026/07/08 15:16:39.393, 4, 0, 75412, 97887
2026/07/08 15:16:39.409, 5, 0, 75412, 97887
2026/07/08 15:16:39.427, 6, 0, 75432, 97887
2026/07/08 15:16:39.442, 7, 0, 75432, 97887
2026/07/08 15:16:40.461, 0, 0, 48704, 97887
2026/07/08 15:16:40.475, 1, 0, 48104, 97887
2026/07/08 15:16:40.489, 2, 0, 48104, 97887
2026/07/08 15:16:40.503, 3, 0, 48104, 97887
2026/07/08 15:16:40.519, 4, 0, 75412, 97887
2026/07/08 15:16:40.533, 5, 0, 75412, 97887
2026/07/08 15:16:40.550, 6, 0, 75432, 97887
2026/07/08 15:16:40.564, 7, 0, 75432, 97887
2026/07/08 15:16:41.581, 0, 0, 48704, 97887
2026/07/08 15:16:41.599, 1, 0, 48104, 97887
2026/07/08 15:16:41.617, 2, 0, 48104, 97887
2026/07/08 15:16:41.633, 3, 0, 48104, 97887
2026/07/08 15:16:41.649, 4, 0, 75412, 97887
2026/07/08 15:16:41.666, 5, 0, 75412, 97887
2026/07/08 15:16:41.681, 6, 0, 75432, 97887
2026/07/08 15:16:41.699, 7, 0, 75432, 97887
2026/07/08 15:16:42.715, 0, 0, 48704, 97887
2026/07/08 15:16:43.223, 1, 0, 48104, 97887
2026/07/08 15:16:43.250, 2, 0, 48104, 97887
2026/07/08 15:16:43.266, 3, 0, 48104, 97887
2026/07/08 15:16:43.283, 4, 0, 4, 97887
2026/07/08 15:16:43.315, 5, 0, 4, 97887
2026/07/08 15:16:43.334, 6, 0, 75427, 97887
2026/07/08 15:16:43.353, 7, 0, 22, 97887
2026/07/08 15:16:44.375, 0, 0, 48704, 97887
2026/07/08 15:16:46.416, 1, 0, 48104, 97887
2026/07/08 15:16:46.428, 2, 0, 48104, 97887
2026/07/08 15:16:46.439, 3, 0, 48104, 97887
2026/07/08 15:16:46.450, 4, 0, 3, 97887
2026/07/08 15:16:46.462, 5, 0, 3, 97887
2026/07/08 15:16:46.476, 6, 0, 3, 97887
2026/07/08 15:16:46.492, 7, 0, 3, 97887
2026/07/08 15:16:47.507, 0, 0, 48704, 97887
2026/07/08 15:16:47.521, 1, 0, 48104, 97887
2026/07/08 15:16:47.534, 2, 0, 48104, 97887
2026/07/08 15:16:47.546, 3, 0, 48104, 97887
2026/07/08 15:16:47.561, 4, 0, 3, 97887
2026/07/08 15:16:47.574, 5, 0, 3, 97887
2026/07/08 15:16:47.589, 6, 0, 3, 97887
2026/07/08 15:16:47.604, 7, 0, 3, 97887
2026/07/08 15:16:48.614, 0, 0, 48704, 97887
2026/07/08 15:16:48.632, 1, 25, 48022, 97887
2026/07/08 15:16:48.653, 2, 10, 48022, 97887
2026/07/08 15:16:48.687, 3, 9, 48022, 97887
2026/07/08 15:16:48.711, 4, 0, 3, 97887
2026/07/08 15:16:48.735, 5, 0, 3, 97887
2026/07/08 15:16:48.752, 6, 0, 3, 97887
2026/07/08 15:16:48.773, 7, 0, 3, 97887
