timestamp, index, utilization.gpu [%], memory.used [MiB], memory.total [MiB]
2026/07/08 14:17:52.173, 0, 0, 0, 97887
2026/07/08 14:17:52.187, 1, 0, 0, 97887
2026/07/08 14:17:52.205, 2, 0, 0, 97887
2026/07/08 14:17:52.221, 3, 0, 0, 97887
2026/07/08 14:17:52.238, 4, 0, 0, 97887
2026/07/08 14:17:52.255, 5, 0, 0, 97887
2026/07/08 14:17:52.272, 6, 0, 0, 97887
2026/07/08 14:17:52.291, 7, 0, 0, 97887
2026/07/08 14:17:53.309, 0, 0, 0, 97887
2026/07/08 14:17:53.327, 1, 0, 0, 97887
2026/07/08 14:17:53.343, 2, 0, 0, 97887
2026/07/08 14:17:53.360, 3, 0, 0, 97887
2026/07/08 14:17:53.374, 4, 0, 0, 97887
2026/07/08 14:17:53.390, 5, 0, 0, 97887
2026/07/08 14:17:53.407, 6, 0, 0, 97887
2026/07/08 14:17:53.423, 7, 0, 0, 97887
2026/07/08 14:17:54.437, 0, 0, 0, 97887
2026/07/08 14:17:54.456, 1, 0, 0, 97887
2026/07/08 14:17:54.473, 2, 0, 0, 97887
2026/07/08 14:17:54.491, 3, 0, 0, 97887
2026/07/08 14:17:54.508, 4, 0, 0, 97887
2026/07/08 14:17:54.525, 5, 0, 0, 97887
2026/07/08 14:17:54.541, 6, 0, 0, 97887
2026/07/08 14:17:54.559, 7, 0, 0, 97887
2026/07/08 14:17:55.577, 0, 0, 0, 97887
2026/07/08 14:17:55.597, 1, 0, 0, 97887
2026/07/08 14:17:55.612, 2, 0, 0, 97887
2026/07/08 14:17:55.627, 3, 0, 0, 97887
2026/07/08 14:17:55.638, 4, 0, 0, 97887
2026/07/08 14:17:55.653, 5, 0, 0, 97887
2026/07/08 14:17:55.669, 6, 0, 0, 97887
2026/07/08 14:17:55.684, 7, 0, 0, 97887
2026/07/08 14:17:56.700, 0, 0, 0, 97887
2026/07/08 14:17:56.717, 1, 0, 0, 97887
2026/07/08 14:17:56.730, 2, 0, 0, 97887
2026/07/08 14:17:56.746, 3, 0, 0, 97887
2026/07/08 14:17:56.762, 4, 0, 0, 97887
2026/07/08 14:17:56.779, 5, 0, 0, 97887
2026/07/08 14:17:56.796, 6, 0, 0, 97887
2026/07/08 14:17:56.812, 7, 0, 0, 97887
2026/07/08 14:17:57.828, 0, 0, 0, 97887
2026/07/08 14:17:57.843, 1, 0, 0, 97887
2026/07/08 14:17:57.858, 2, 0, 0, 97887
2026/07/08 14:17:57.875, 3, 0, 0, 97887
2026/07/08 14:17:57.892, 4, 0, 0, 97887
2026/07/08 14:17:57.908, 5, 0, 0, 97887
2026/07/08 14:17:57.925, 6, 0, 0, 97887
2026/07/08 14:17:57.941, 7, 0, 0, 97887
2026/07/08 14:17:58.957, 0, 0, 0, 97887
2026/07/08 14:17:58.972, 1, 0, 0, 97887
2026/07/08 14:17:58.988, 2, 0, 0, 97887
2026/07/08 14:17:59.002, 3, 0, 0, 97887
2026/07/08 14:17:59.016, 4, 0, 0, 97887
2026/07/08 14:17:59.031, 5, 0, 0, 97887
2026/07/08 14:17:59.046, 6, 0, 0, 97887
2026/07/08 14:17:59.063, 7, 0, 0, 97887
2026/07/08 14:18:00.080, 0, 0, 0, 97887
2026/07/08 14:18:00.101, 1, 0, 1, 97887
2026/07/08 14:18:00.117, 2, 0, 1, 97887
2026/07/08 14:18:00.136, 3, 0, 1, 97887
2026/07/08 14:18:00.154, 4, 0, 1, 97887
2026/07/08 14:18:00.204, 5, 0, 1, 97887
2026/07/08 14:18:00.219, 6, 0, 1, 97887
2026/07/08 14:18:00.235, 7, 0, 1, 97887
2026/07/08 14:18:01.252, 0, 0, 3, 97887
2026/07/08 14:18:01.268, 1, 0, 3, 97887
2026/07/08 14:18:01.284, 2, 0, 3, 97887
2026/07/08 14:18:01.300, 3, 0, 3, 97887
2026/07/08 14:18:01.315, 4, 0, 3, 97887
2026/07/08 14:18:01.330, 5, 0, 3, 97887
2026/07/08 14:18:01.346, 6, 0, 3, 97887
2026/07/08 14:18:01.363, 7, 0, 3, 97887
2026/07/08 14:18:02.381, 0, 0, 3, 97887
2026/07/08 14:18:02.400, 1, 0, 3, 97887
2026/07/08 14:18:02.419, 2, 0, 3, 97887
2026/07/08 14:18:02.437, 3, 0, 3, 97887
2026/07/08 14:18:02.453, 4, 0, 3, 97887
2026/07/08 14:18:02.471, 5, 0, 3, 97887
2026/07/08 14:18:02.489, 6, 0, 3, 97887
2026/07/08 14:18:02.507, 7, 0, 3, 97887
2026/07/08 14:18:03.519, 0, 0, 3, 97887
2026/07/08 14:18:03.535, 1, 0, 3, 97887
2026/07/08 14:18:03.549, 2, 0, 3, 97887
2026/07/08 14:18:03.563, 3, 0, 3, 97887
2026/07/08 14:18:03.575, 4, 0, 3, 97887
2026/07/08 14:18:03.589, 5, 0, 3, 97887
2026/07/08 14:18:03.603, 6, 0, 3, 97887
2026/07/08 14:18:03.615, 7, 0, 3, 97887
2026/07/08 14:18:04.629, 0, 0, 3, 97887
2026/07/08 14:18:04.647, 1, 0, 3, 97887
2026/07/08 14:18:04.663, 2, 0, 3, 97887
2026/07/08 14:18:04.679, 3, 0, 3, 97887
2026/07/08 14:18:04.696, 4, 0, 3, 97887
2026/07/08 14:18:04.714, 5, 0, 3, 97887
2026/07/08 14:18:04.735, 6, 0, 3, 97887
2026/07/08 14:18:04.753, 7, 0, 3, 97887
2026/07/08 14:18:05.772, 0, 0, 3, 97887
2026/07/08 14:18:05.790, 1, 0, 3, 97887
2026/07/08 14:18:05.806, 2, 0, 3, 97887
2026/07/08 14:18:05.821, 3, 0, 3, 97887
2026/07/08 14:18:05.838, 4, 0, 3, 97887
2026/07/08 14:18:05.856, 5, 0, 3, 97887
2026/07/08 14:18:05.871, 6, 0, 3, 97887
2026/07/08 14:18:05.887, 7, 0, 3, 97887
2026/07/08 14:18:06.902, 0, 0, 3, 97887
2026/07/08 14:18:06.921, 1, 0, 3, 97887
2026/07/08 14:18:06.937, 2, 0, 3, 97887
2026/07/08 14:18:06.953, 3, 0, 3, 97887
2026/07/08 14:18:06.968, 4, 0, 3, 97887
2026/07/08 14:18:06.982, 5, 0, 3, 97887
2026/07/08 14:18:06.998, 6, 0, 3, 97887
2026/07/08 14:18:07.015, 7, 0, 3, 97887
2026/07/08 14:18:08.031, 0, 0, 3, 97887
2026/07/08 14:18:08.050, 1, 0, 3, 97887
2026/07/08 14:18:08.068, 2, 0, 3, 97887
2026/07/08 14:18:08.085, 3, 0, 3, 97887
2026/07/08 14:18:08.100, 4, 0, 3, 97887
2026/07/08 14:18:08.119, 5, 0, 3, 97887
2026/07/08 14:18:08.135, 6, 0, 3, 97887
2026/07/08 14:18:08.151, 7, 0, 3, 97887
2026/07/08 14:18:09.166, 0, 0, 3, 97887
2026/07/08 14:18:09.182, 1, 0, 3, 97887
2026/07/08 14:18:09.197, 2, 0, 3, 97887
2026/07/08 14:18:09.210, 3, 0, 3, 97887
2026/07/08 14:18:09.223, 4, 0, 3, 97887
2026/07/08 14:18:09.235, 5, 0, 3, 97887
2026/07/08 14:18:09.248, 6, 0, 3, 97887
2026/07/08 14:18:09.260, 7, 0, 3, 97887
2026/07/08 14:18:10.275, 0, 0, 3, 97887
2026/07/08 14:18:10.292, 1, 0, 3, 97887
2026/07/08 14:18:10.309, 2, 0, 3, 97887
2026/07/08 14:18:10.326, 3, 0, 3, 97887
2026/07/08 14:18:10.343, 4, 0, 3, 97887
2026/07/08 14:18:10.358, 5, 0, 3, 97887
2026/07/08 14:18:10.375, 6, 0, 3, 97887
2026/07/08 14:18:10.391, 7, 0, 3, 97887
2026/07/08 14:18:11.406, 0, 0, 3, 97887
2026/07/08 14:18:11.426, 1, 0, 3, 97887
2026/07/08 14:18:11.445, 2, 0, 3, 97887
2026/07/08 14:18:11.465, 3, 0, 3, 97887
2026/07/08 14:18:11.483, 4, 0, 3, 97887
2026/07/08 14:18:11.502, 5, 0, 3, 97887
2026/07/08 14:18:11.521, 6, 0, 3, 97887
2026/07/08 14:18:11.539, 7, 0, 3, 97887
2026/07/08 14:18:12.557, 0, 0, 3, 97887
2026/07/08 14:18:12.568, 1, 0, 3, 97887
2026/07/08 14:18:12.576, 2, 0, 3, 97887
2026/07/08 14:18:12.591, 3, 0, 3, 97887
2026/07/08 14:18:12.610, 4, 0, 3, 97887
2026/07/08 14:18:12.629, 5, 0, 3, 97887
2026/07/08 14:18:12.646, 6, 0, 3, 97887
2026/07/08 14:18:12.663, 7, 0, 3, 97887
2026/07/08 14:18:13.681, 0, 0, 3, 97887
2026/07/08 14:18:13.698, 1, 0, 3, 97887
2026/07/08 14:18:13.714, 2, 0, 3, 97887
2026/07/08 14:18:13.730, 3, 0, 3, 97887
2026/07/08 14:18:13.747, 4, 0, 3, 97887
2026/07/08 14:18:13.765, 5, 0, 3, 97887
2026/07/08 14:18:13.782, 6, 0, 3, 97887
2026/07/08 14:18:13.801, 7, 0, 3, 97887
2026/07/08 14:18:14.818, 0, 0, 3, 97887
2026/07/08 14:18:14.837, 1, 0, 3, 97887
2026/07/08 14:18:14.856, 2, 0, 3, 97887
2026/07/08 14:18:14.872, 3, 0, 3, 97887
2026/07/08 14:18:14.889, 4, 0, 3, 97887
2026/07/08 14:18:14.905, 5, 0, 3, 97887
2026/07/08 14:18:14.921, 6, 0, 3, 97887
2026/07/08 14:18:14.937, 7, 0, 3, 97887
2026/07/08 14:18:15.954, 0, 0, 3, 97887
2026/07/08 14:18:15.974, 1, 0, 3, 97887
2026/07/08 14:18:15.991, 2, 0, 3, 97887
2026/07/08 14:18:16.007, 3, 0, 3, 97887
2026/07/08 14:18:16.022, 4, 0, 3, 97887
2026/07/08 14:18:16.040, 5, 0, 3, 97887
2026/07/08 14:18:16.054, 6, 0, 3, 97887
2026/07/08 14:18:16.069, 7, 0, 3, 97887
2026/07/08 14:18:17.085, 0, 0, 3, 97887
2026/07/08 14:18:17.102, 1, 0, 3, 97887
2026/07/08 14:18:17.117, 2, 0, 3, 97887
2026/07/08 14:18:17.135, 3, 0, 3, 97887
2026/07/08 14:18:17.154, 4, 0, 3, 97887
2026/07/08 14:18:17.170, 5, 0, 3, 97887
2026/07/08 14:18:17.185, 6, 0, 3, 97887
2026/07/08 14:18:17.202, 7, 0, 3, 97887
2026/07/08 14:18:18.221, 0, 0, 3, 97887
2026/07/08 14:18:18.239, 1, 0, 3, 97887
2026/07/08 14:18:18.257, 2, 0, 3, 97887
2026/07/08 14:18:18.274, 3, 0, 3, 97887
2026/07/08 14:18:18.292, 4, 0, 3, 97887
2026/07/08 14:18:18.309, 5, 0, 3, 97887
2026/07/08 14:18:18.327, 6, 0, 3, 97887
2026/07/08 14:18:18.345, 7, 0, 3, 97887
2026/07/08 14:18:19.361, 0, 0, 3, 97887
2026/07/08 14:18:19.381, 1, 0, 3, 97887
2026/07/08 14:18:19.399, 2, 0, 3, 97887
2026/07/08 14:18:19.417, 3, 0, 3, 97887
2026/07/08 14:18:19.436, 4, 0, 3, 97887
2026/07/08 14:18:19.455, 5, 0, 3, 97887
2026/07/08 14:18:19.475, 6, 0, 3, 97887
2026/07/08 14:18:19.494, 7, 0, 3, 97887
2026/07/08 14:18:20.511, 0, 0, 3, 97887
2026/07/08 14:18:20.527, 1, 0, 3, 97887
2026/07/08 14:18:20.541, 2, 0, 3, 97887
2026/07/08 14:18:20.554, 3, 0, 3, 97887
2026/07/08 14:18:20.568, 4, 0, 3, 97887
2026/07/08 14:18:20.581, 5, 0, 3, 97887
2026/07/08 14:18:20.594, 6, 0, 3, 97887
2026/07/08 14:18:20.607, 7, 0, 3, 97887
2026/07/08 14:18:21.621, 0, 0, 3, 97887
2026/07/08 14:18:21.634, 1, 0, 3, 97887
2026/07/08 14:18:21.647, 2, 0, 3, 97887
2026/07/08 14:18:21.660, 3, 0, 3, 97887
2026/07/08 14:18:21.673, 4, 0, 3, 97887
2026/07/08 14:18:21.687, 5, 0, 3, 97887
2026/07/08 14:18:21.701, 6, 0, 3, 97887
2026/07/08 14:18:21.713, 7, 0, 3, 97887
2026/07/08 14:18:22.727, 0, 0, 3, 97887
2026/07/08 14:18:22.743, 1, 0, 3, 97887
2026/07/08 14:18:22.758, 2, 0, 3, 97887
2026/07/08 14:18:22.773, 3, 0, 3, 97887
2026/07/08 14:18:22.788, 4, 0, 3, 97887
2026/07/08 14:18:22.802, 5, 0, 3, 97887
2026/07/08 14:18:22.819, 6, 0, 3, 97887
2026/07/08 14:18:22.834, 7, 0, 3, 97887
2026/07/08 14:18:23.849, 0, 0, 3, 97887
2026/07/08 14:18:23.867, 1, 0, 3, 97887
2026/07/08 14:18:23.883, 2, 0, 3, 97887
2026/07/08 14:18:23.898, 3, 0, 3, 97887
2026/07/08 14:18:23.911, 4, 0, 3, 97887
2026/07/08 14:18:23.924, 5, 0, 3, 97887
2026/07/08 14:18:23.940, 6, 0, 3, 97887
2026/07/08 14:18:23.956, 7, 0, 3, 97887
2026/07/08 14:18:24.973, 0, 0, 3, 97887
2026/07/08 14:18:24.989, 1, 0, 3, 97887
2026/07/08 14:18:25.005, 2, 0, 3, 97887
2026/07/08 14:18:25.020, 3, 0, 3, 97887
2026/07/08 14:18:25.035, 4, 0, 3, 97887
2026/07/08 14:18:25.051, 5, 0, 3, 97887
2026/07/08 14:18:25.066, 6, 0, 3, 97887
2026/07/08 14:18:25.080, 7, 0, 3, 97887
2026/07/08 14:18:26.095, 0, 0, 3, 97887
2026/07/08 14:18:26.114, 1, 0, 3, 97887
2026/07/08 14:18:26.131, 2, 0, 3, 97887
2026/07/08 14:18:26.151, 3, 0, 3, 97887
2026/07/08 14:18:26.171, 4, 0, 3, 97887
2026/07/08 14:18:26.188, 5, 0, 3, 97887
2026/07/08 14:18:26.210, 6, 0, 3, 97887
2026/07/08 14:18:26.228, 7, 0, 3, 97887
2026/07/08 14:18:27.248, 0, 0, 3, 97887
2026/07/08 14:18:27.266, 1, 0, 3, 97887
2026/07/08 14:18:27.285, 2, 0, 3, 97887
2026/07/08 14:18:27.304, 3, 0, 3, 97887
2026/07/08 14:18:27.323, 4, 0, 3, 97887
2026/07/08 14:18:27.342, 5, 0, 3, 97887
2026/07/08 14:18:27.359, 6, 0, 3, 97887
2026/07/08 14:18:27.379, 7, 0, 3, 97887
2026/07/08 14:18:28.398, 0, 0, 3, 97887
2026/07/08 14:18:28.418, 1, 0, 3, 97887
2026/07/08 14:18:28.435, 2, 0, 3, 97887
2026/07/08 14:18:28.453, 3, 0, 3, 97887
2026/07/08 14:18:28.469, 4, 0, 3, 97887
2026/07/08 14:18:28.487, 5, 0, 3, 97887
2026/07/08 14:18:28.505, 6, 0, 3, 97887
2026/07/08 14:18:28.522, 7, 0, 3, 97887
2026/07/08 14:18:29.537, 0, 0, 562, 97887
2026/07/08 14:18:29.555, 1, 0, 3, 97887
2026/07/08 14:18:29.573, 2, 0, 3, 97887
2026/07/08 14:18:29.590, 3, 0, 3, 97887
2026/07/08 14:18:29.606, 4, 0, 3, 97887
2026/07/08 14:18:29.623, 5, 0, 3, 97887
2026/07/08 14:18:29.639, 6, 0, 3, 97887
2026/07/08 14:18:29.657, 7, 0, 3, 97887
2026/07/08 14:18:30.675, 0, 0, 562, 97887
2026/07/08 14:18:30.696, 1, 0, 3, 97887
2026/07/08 14:18:30.715, 2, 0, 3, 97887
2026/07/08 14:18:30.734, 3, 0, 3, 97887
2026/07/08 14:18:30.754, 4, 0, 3, 97887
2026/07/08 14:18:30.774, 5, 0, 3, 97887
2026/07/08 14:18:30.791, 6, 0, 3, 97887
2026/07/08 14:18:30.811, 7, 0, 3, 97887
2026/07/08 14:18:31.831, 0, 0, 562, 97887
2026/07/08 14:18:31.851, 1, 0, 3, 97887
2026/07/08 14:18:31.868, 2, 0, 3, 97887
2026/07/08 14:18:31.883, 3, 0, 3, 97887
2026/07/08 14:18:31.902, 4, 0, 3, 97887
2026/07/08 14:18:31.921, 5, 0, 3, 97887
2026/07/08 14:18:31.941, 6, 0, 3, 97887
2026/07/08 14:18:31.962, 7, 0, 3, 97887
2026/07/08 14:18:32.982, 0, 0, 562, 97887
2026/07/08 14:18:33.004, 1, 0, 3, 97887
2026/07/08 14:18:33.026, 2, 0, 3, 97887
2026/07/08 14:18:33.046, 3, 0, 3, 97887
2026/07/08 14:18:33.070, 4, 0, 3, 97887
2026/07/08 14:18:33.083, 5, 0, 3, 97887
2026/07/08 14:18:33.098, 6, 0, 3, 97887
2026/07/08 14:18:33.120, 7, 0, 3, 97887
2026/07/08 14:18:34.141, 0, 0, 562, 97887
2026/07/08 14:18:34.161, 1, 0, 3, 97887
2026/07/08 14:18:34.178, 2, 0, 3, 97887
2026/07/08 14:18:34.195, 3, 0, 3, 97887
2026/07/08 14:18:34.211, 4, 0, 3, 97887
2026/07/08 14:18:34.228, 5, 0, 3, 97887
2026/07/08 14:18:34.243, 6, 0, 3, 97887
2026/07/08 14:18:34.260, 7, 0, 3, 97887
2026/07/08 14:18:35.276, 0, 0, 562, 97887
2026/07/08 14:18:35.297, 1, 0, 3, 97887
2026/07/08 14:18:35.315, 2, 0, 3, 97887
2026/07/08 14:18:35.333, 3, 0, 3, 97887
2026/07/08 14:18:35.352, 4, 0, 3, 97887
2026/07/08 14:18:35.370, 5, 0, 3, 97887
2026/07/08 14:18:35.389, 6, 0, 3, 97887
2026/07/08 14:18:35.409, 7, 0, 3, 97887
2026/07/08 14:18:36.431, 0, 0, 562, 97887
2026/07/08 14:18:36.450, 1, 0, 3, 97887
2026/07/08 14:18:36.471, 2, 0, 3, 97887
2026/07/08 14:18:36.489, 3, 0, 3, 97887
2026/07/08 14:18:36.508, 4, 0, 3, 97887
2026/07/08 14:18:36.525, 5, 0, 3, 97887
2026/07/08 14:18:36.543, 6, 0, 3, 97887
2026/07/08 14:18:36.560, 7, 0, 3, 97887
2026/07/08 14:18:37.578, 0, 0, 562, 97887
2026/07/08 14:18:37.597, 1, 0, 3, 97887
2026/07/08 14:18:37.614, 2, 0, 3, 97887
2026/07/08 14:18:37.632, 3, 0, 3, 97887
2026/07/08 14:18:37.652, 4, 0, 3, 97887
2026/07/08 14:18:37.672, 5, 0, 3, 97887
2026/07/08 14:18:37.696, 6, 0, 3, 97887
2026/07/08 14:18:37.714, 7, 0, 3, 97887
2026/07/08 14:18:38.731, 0, 0, 562, 97887
2026/07/08 14:18:38.749, 1, 0, 3, 97887
2026/07/08 14:18:38.767, 2, 0, 3, 97887
2026/07/08 14:18:38.785, 3, 0, 3, 97887
2026/07/08 14:18:38.804, 4, 0, 3, 97887
2026/07/08 14:18:38.821, 5, 0, 3, 97887
2026/07/08 14:18:38.840, 6, 0, 3, 97887
2026/07/08 14:18:38.859, 7, 0, 3, 97887
2026/07/08 14:18:39.878, 0, 0, 562, 97887
2026/07/08 14:18:39.894, 1, 0, 3, 97887
2026/07/08 14:18:39.912, 2, 0, 3, 97887
2026/07/08 14:18:39.934, 3, 0, 3, 97887
2026/07/08 14:18:39.955, 4, 0, 3, 97887
2026/07/08 14:18:39.973, 5, 0, 3, 97887
2026/07/08 14:18:39.993, 6, 0, 3, 97887
2026/07/08 14:18:40.015, 7, 0, 3, 97887
2026/07/08 14:18:41.032, 0, 0, 562, 97887
2026/07/08 14:18:41.052, 1, 0, 3, 97887
2026/07/08 14:18:41.071, 2, 0, 3, 97887
2026/07/08 14:18:41.091, 3, 0, 3, 97887
2026/07/08 14:18:41.111, 4, 0, 3, 97887
2026/07/08 14:18:41.131, 5, 0, 3, 97887
2026/07/08 14:18:41.149, 6, 0, 3, 97887
2026/07/08 14:18:41.163, 7, 0, 3, 97887
2026/07/08 14:18:42.180, 0, 0, 562, 97887
2026/07/08 14:18:42.201, 1, 0, 3, 97887
2026/07/08 14:18:42.221, 2, 0, 3, 97887
2026/07/08 14:18:42.241, 3, 0, 3, 97887
2026/07/08 14:18:42.261, 4, 0, 3, 97887
2026/07/08 14:18:42.282, 5, 0, 3, 97887
2026/07/08 14:18:42.304, 6, 0, 3, 97887
2026/07/08 14:18:42.326, 7, 0, 3, 97887
2026/07/08 14:18:43.348, 0, 0, 562, 97887
2026/07/08 14:18:43.368, 1, 0, 4, 97887
2026/07/08 14:18:43.387, 2, 0, 4, 97887
2026/07/08 14:18:43.407, 3, 0, 4, 97887
2026/07/08 14:18:43.426, 4, 0, 4, 97887
2026/07/08 14:18:43.445, 5, 0, 4, 97887
2026/07/08 14:18:43.465, 6, 0, 4, 97887
2026/07/08 14:18:43.486, 7, 0, 4, 97887
2026/07/08 14:18:44.505, 0, 0, 562, 97887
2026/07/08 14:18:44.526, 1, 0, 4, 97887
2026/07/08 14:18:44.545, 2, 0, 4, 97887
2026/07/08 14:18:44.565, 3, 0, 4, 97887
2026/07/08 14:18:44.584, 4, 0, 4, 97887
2026/07/08 14:18:44.604, 5, 0, 4, 97887
2026/07/08 14:18:44.623, 6, 0, 4, 97887
2026/07/08 14:18:44.642, 7, 0, 4, 97887
2026/07/08 14:18:45.660, 0, 0, 562, 97887
2026/07/08 14:18:45.679, 1, 0, 562, 97887
2026/07/08 14:18:45.694, 2, 1, 562, 97887
2026/07/08 14:18:45.711, 3, 0, 562, 97887
2026/07/08 14:18:45.727, 4, 0, 4, 97887
2026/07/08 14:18:45.743, 5, 0, 4, 97887
2026/07/08 14:18:45.760, 6, 0, 4, 97887
2026/07/08 14:18:45.776, 7, 0, 4, 97887
2026/07/08 14:18:46.791, 0, 0, 562, 97887
2026/07/08 14:18:46.808, 1, 0, 562, 97887
2026/07/08 14:18:46.824, 2, 0, 562, 97887
2026/07/08 14:18:46.840, 3, 0, 562, 97887
2026/07/08 14:18:46.854, 4, 0, 4, 97887
2026/07/08 14:18:46.870, 5, 0, 4, 97887
2026/07/08 14:18:46.885, 6, 0, 4, 97887
2026/07/08 14:18:46.901, 7, 0, 4, 97887
2026/07/08 14:18:47.916, 0, 0, 562, 97887
2026/07/08 14:18:47.934, 1, 0, 562, 97887
2026/07/08 14:18:47.950, 2, 0, 562, 97887
2026/07/08 14:18:47.966, 3, 0, 562, 97887
2026/07/08 14:18:47.980, 4, 0, 4, 97887
2026/07/08 14:18:47.995, 5, 0, 4, 97887
2026/07/08 14:18:48.007, 6, 0, 4, 97887
2026/07/08 14:18:48.021, 7, 0, 4, 97887
2026/07/08 14:18:49.037, 0, 0, 562, 97887
2026/07/08 14:18:49.055, 1, 0, 562, 97887
2026/07/08 14:18:49.069, 2, 0, 562, 97887
2026/07/08 14:18:49.079, 3, 0, 562, 97887
2026/07/08 14:18:49.093, 4, 0, 4, 97887
2026/07/08 14:18:49.110, 5, 0, 4, 97887
2026/07/08 14:18:49.127, 6, 0, 4, 97887
2026/07/08 14:18:49.146, 7, 0, 4, 97887
2026/07/08 14:18:50.157, 0, 0, 562, 97887
2026/07/08 14:18:50.175, 1, 0, 562, 97887
2026/07/08 14:18:50.190, 2, 0, 562, 97887
2026/07/08 14:18:50.201, 3, 0, 562, 97887
2026/07/08 14:18:50.213, 4, 0, 4, 97887
2026/07/08 14:18:50.226, 5, 0, 4, 97887
2026/07/08 14:18:50.240, 6, 0, 4, 97887
2026/07/08 14:18:50.253, 7, 0, 4, 97887
2026/07/08 14:18:51.268, 0, 0, 562, 97887
2026/07/08 14:18:51.286, 1, 0, 562, 97887
2026/07/08 14:18:51.302, 2, 0, 562, 97887
2026/07/08 14:18:51.320, 3, 0, 562, 97887
2026/07/08 14:18:51.337, 4, 0, 4, 97887
2026/07/08 14:18:51.359, 5, 0, 4, 97887
2026/07/08 14:18:51.378, 6, 0, 4, 97887
2026/07/08 14:18:51.398, 7, 0, 4, 97887
2026/07/08 14:18:52.416, 0, 2, 13602, 97887
2026/07/08 14:18:52.439, 1, 2, 10762, 97887
2026/07/08 14:18:52.462, 2, 2, 13322, 97887
2026/07/08 14:18:52.485, 3, 2, 11882, 97887
2026/07/08 14:18:52.506, 4, 0, 4, 97887
2026/07/08 14:18:52.531, 5, 0, 4, 97887
2026/07/08 14:18:52.560, 6, 0, 4, 97887
2026/07/08 14:18:52.579, 7, 0, 4, 97887
2026/07/08 14:18:53.605, 0, 1, 63586, 97887
2026/07/08 14:18:53.628, 1, 1, 15102, 97887
2026/07/08 14:18:53.649, 2, 1, 17662, 97887
2026/07/08 14:18:53.674, 3, 0, 16082, 97887
2026/07/08 14:18:53.698, 4, 0, 4, 97887
2026/07/08 14:18:53.719, 5, 0, 4, 97887
2026/07/08 14:18:53.736, 6, 0, 4, 97887
2026/07/08 14:18:53.759, 7, 0, 4, 97887
2026/07/08 14:18:54.781, 0, 0, 63672, 97887
2026/07/08 14:18:54.794, 1, 0, 63646, 97887
2026/07/08 14:18:54.805, 2, 0, 63672, 97887
2026/07/08 14:18:54.818, 3, 1, 63672, 97887
2026/07/08 14:18:54.834, 4, 0, 4, 97887
2026/07/08 14:18:54.851, 5, 0, 4, 97887
2026/07/08 14:18:54.867, 6, 0, 4, 97887
2026/07/08 14:18:54.882, 7, 0, 4, 97887
2026/07/08 14:18:55.898, 0, 0, 63714, 97887
2026/07/08 14:18:55.914, 1, 0, 63714, 97887
2026/07/08 14:18:55.929, 2, 0, 63714, 97887
2026/07/08 14:18:55.947, 3, 0, 63714, 97887
2026/07/08 14:18:55.964, 4, 0, 4, 97887
2026/07/08 14:18:55.978, 5, 0, 4, 97887
2026/07/08 14:18:55.994, 6, 0, 4, 97887
2026/07/08 14:18:56.008, 7, 0, 4, 97887
2026/07/08 14:18:57.025, 0, 3, 63714, 97887
2026/07/08 14:18:57.040, 1, 2, 63714, 97887
2026/07/08 14:18:57.054, 2, 2, 63714, 97887
2026/07/08 14:18:57.069, 3, 3, 63714, 97887
2026/07/08 14:18:57.083, 4, 0, 4, 97887
2026/07/08 14:18:57.095, 5, 0, 4, 97887
2026/07/08 14:18:57.110, 6, 0, 4, 97887
2026/07/08 14:18:57.123, 7, 0, 4, 97887
2026/07/08 14:18:58.135, 0, 0, 63714, 97887
2026/07/08 14:18:58.152, 1, 0, 63714, 97887
2026/07/08 14:18:58.168, 2, 0, 63714, 97887
2026/07/08 14:18:58.186, 3, 1, 63714, 97887
2026/07/08 14:18:58.203, 4, 0, 4, 97887
2026/07/08 14:18:58.219, 5, 0, 4, 97887
2026/07/08 14:18:58.238, 6, 0, 4, 97887
2026/07/08 14:18:58.251, 7, 0, 4, 97887
2026/07/08 14:18:59.264, 0, 3, 63714, 97887
2026/07/08 14:18:59.280, 1, 3, 63714, 97887
2026/07/08 14:18:59.298, 2, 0, 63714, 97887
2026/07/08 14:18:59.315, 3, 0, 63714, 97887
2026/07/08 14:18:59.332, 4, 0, 4, 97887
2026/07/08 14:18:59.349, 5, 0, 4, 97887
2026/07/08 14:18:59.367, 6, 0, 4, 97887
2026/07/08 14:18:59.381, 7, 0, 4, 97887
2026/07/08 14:19:00.398, 0, 2, 63714, 97887
2026/07/08 14:19:00.417, 1, 2, 63714, 97887
2026/07/08 14:19:00.443, 2, 2, 63714, 97887
2026/07/08 14:19:00.457, 3, 2, 63714, 97887
2026/07/08 14:19:00.473, 4, 0, 4, 97887
2026/07/08 14:19:00.487, 5, 0, 4, 97887
2026/07/08 14:19:00.500, 6, 0, 4, 97887
2026/07/08 14:19:00.514, 7, 0, 4, 97887
2026/07/08 14:19:01.528, 0, 2, 63714, 97887
2026/07/08 14:19:01.549, 1, 2, 63714, 97887
2026/07/08 14:19:01.567, 2, 2, 63714, 97887
2026/07/08 14:19:01.585, 3, 2, 63714, 97887
2026/07/08 14:19:01.602, 4, 0, 4, 97887
2026/07/08 14:19:01.620, 5, 0, 4, 97887
2026/07/08 14:19:01.637, 6, 0, 4, 97887
2026/07/08 14:19:01.654, 7, 0, 4, 97887
2026/07/08 14:19:02.672, 0, 3, 63714, 97887
2026/07/08 14:19:02.692, 1, 3, 63714, 97887
2026/07/08 14:19:02.710, 2, 3, 63714, 97887
2026/07/08 14:19:02.729, 3, 2, 63714, 97887
2026/07/08 14:19:02.747, 4, 0, 4, 97887
2026/07/08 14:19:02.761, 5, 0, 4, 97887
2026/07/08 14:19:02.779, 6, 0, 4, 97887
2026/07/08 14:19:02.794, 7, 0, 4, 97887
2026/07/08 14:19:03.808, 0, 3, 63714, 97887
2026/07/08 14:19:03.829, 1, 3, 63714, 97887
2026/07/08 14:19:03.847, 2, 2, 63714, 97887
2026/07/08 14:19:03.863, 3, 3, 63714, 97887
2026/07/08 14:19:03.880, 4, 0, 4, 97887
2026/07/08 14:19:03.895, 5, 0, 4, 97887
2026/07/08 14:19:03.912, 6, 0, 4, 97887
2026/07/08 14:19:03.930, 7, 0, 4, 97887
2026/07/08 14:19:04.949, 0, 3, 63714, 97887
2026/07/08 14:19:04.969, 1, 3, 63714, 97887
2026/07/08 14:19:04.989, 2, 3, 63714, 97887
2026/07/08 14:19:05.015, 3, 2, 63714, 97887
2026/07/08 14:19:05.033, 4, 0, 22, 97887
2026/07/08 14:19:05.051, 5, 0, 23, 97887
2026/07/08 14:19:05.097, 6, 0, 23, 97887
2026/07/08 14:19:05.131, 7, 0, 22, 97887
2026/07/08 14:19:06.158, 0, 3, 63714, 97887
2026/07/08 14:19:06.176, 1, 2, 63714, 97887
2026/07/08 14:19:06.191, 2, 3, 63714, 97887
2026/07/08 14:19:06.206, 3, 3, 63714, 97887
2026/07/08 14:19:06.222, 4, 1, 655, 97887
2026/07/08 14:19:06.236, 5, 1, 677, 97887
2026/07/08 14:19:06.252, 6, 0, 889, 97887
2026/07/08 14:19:06.267, 7, 0, 889, 97887
2026/07/08 14:19:07.282, 0, 3, 63714, 97887
2026/07/08 14:19:07.302, 1, 3, 63714, 97887
2026/07/08 14:19:07.321, 2, 3, 63714, 97887
2026/07/08 14:19:07.341, 3, 3, 63714, 97887
2026/07/08 14:19:07.361, 4, 0, 889, 97887
2026/07/08 14:19:07.379, 5, 0, 889, 97887
2026/07/08 14:19:07.398, 6, 4, 889, 97887
2026/07/08 14:19:07.418, 7, 4, 1217, 97887
2026/07/08 14:19:08.440, 0, 3, 63714, 97887
2026/07/08 14:19:08.461, 1, 3, 63714, 97887
2026/07/08 14:19:08.479, 2, 2, 63714, 97887
2026/07/08 14:19:08.497, 3, 3, 63714, 97887
2026/07/08 14:19:08.513, 4, 1, 30147, 97887
2026/07/08 14:19:08.530, 5, 0, 21497, 97887
2026/07/08 14:19:08.546, 6, 0, 30147, 97887
2026/07/08 14:19:08.567, 7, 0, 30147, 97887
2026/07/08 14:19:09.589, 0, 3, 63714, 97887
2026/07/08 14:19:09.608, 1, 3, 63714, 97887
2026/07/08 14:19:09.626, 2, 3, 63714, 97887
2026/07/08 14:19:09.643, 3, 3, 63714, 97887
2026/07/08 14:19:09.664, 4, 0, 30147, 97887
2026/07/08 14:19:09.681, 5, 0, 30147, 97887
2026/07/08 14:19:09.701, 6, 0, 30147, 97887
2026/07/08 14:19:09.722, 7, 0, 30147, 97887
2026/07/08 14:19:10.743, 0, 3, 63714, 97887
2026/07/08 14:19:10.761, 1, 3, 63714, 97887
2026/07/08 14:19:10.776, 2, 3, 63714, 97887
2026/07/08 14:19:10.789, 3, 3, 63714, 97887
2026/07/08 14:19:10.803, 4, 11, 30147, 97887
2026/07/08 14:19:10.816, 5, 0, 30147, 97887
2026/07/08 14:19:10.831, 6, 7, 30147, 97887
2026/07/08 14:19:10.845, 7, 2, 30147, 97887
2026/07/08 14:19:11.859, 0, 3, 63714, 97887
2026/07/08 14:19:11.875, 1, 2, 63714, 97887
2026/07/08 14:19:11.888, 2, 3, 63714, 97887
2026/07/08 14:19:11.902, 3, 3, 63714, 97887
2026/07/08 14:19:11.912, 4, 8, 30147, 97887
2026/07/08 14:19:11.923, 5, 8, 30147, 97887
2026/07/08 14:19:11.937, 6, 7, 30147, 97887
2026/07/08 14:19:11.950, 7, 3, 30147, 97887
2026/07/08 14:19:12.963, 0, 3, 63714, 97887
2026/07/08 14:19:12.981, 1, 3, 63714, 97887
2026/07/08 14:19:12.996, 2, 3, 63714, 97887
2026/07/08 14:19:13.009, 3, 3, 63714, 97887
2026/07/08 14:19:13.022, 4, 8, 30147, 97887
2026/07/08 14:19:13.036, 5, 7, 30147, 97887
2026/07/08 14:19:13.049, 6, 7, 30147, 97887
2026/07/08 14:19:13.061, 7, 7, 30147, 97887
2026/07/08 14:19:14.074, 0, 3, 63714, 97887
2026/07/08 14:19:14.086, 1, 3, 63714, 97887
2026/07/08 14:19:14.099, 2, 3, 63714, 97887
2026/07/08 14:19:14.112, 3, 3, 63714, 97887
2026/07/08 14:19:14.123, 4, 7, 30147, 97887
2026/07/08 14:19:14.135, 5, 7, 30147, 97887
2026/07/08 14:19:14.150, 6, 7, 30147, 97887
2026/07/08 14:19:14.165, 7, 7, 30147, 97887
2026/07/08 14:19:15.180, 0, 3, 63714, 97887
2026/07/08 14:19:15.196, 1, 3, 63714, 97887
2026/07/08 14:19:15.211, 2, 3, 63714, 97887
2026/07/08 14:19:15.225, 3, 3, 63714, 97887
2026/07/08 14:19:15.241, 4, 5, 30147, 97887
2026/07/08 14:19:15.254, 5, 5, 30147, 97887
2026/07/08 14:19:15.269, 6, 5, 30147, 97887
2026/07/08 14:19:15.283, 7, 5, 30147, 97887
2026/07/08 14:19:16.298, 0, 3, 63714, 97887
2026/07/08 14:19:16.316, 1, 3, 63714, 97887
2026/07/08 14:19:16.331, 2, 2, 63714, 97887
2026/07/08 14:19:16.348, 3, 2, 63714, 97887
2026/07/08 14:19:16.363, 4, 7, 30147, 97887
2026/07/08 14:19:16.377, 5, 6, 30147, 97887
2026/07/08 14:19:16.393, 6, 8, 30147, 97887
2026/07/08 14:19:16.410, 7, 7, 30147, 97887
2026/07/08 14:19:17.421, 0, 3, 63714, 97887
2026/07/08 14:19:17.435, 1, 3, 63714, 97887
2026/07/08 14:19:17.448, 2, 3, 63714, 97887
2026/07/08 14:19:17.462, 3, 3, 63714, 97887
2026/07/08 14:19:17.476, 4, 7, 30147, 97887
2026/07/08 14:19:17.490, 5, 7, 30147, 97887
2026/07/08 14:19:17.503, 6, 8, 30147, 97887
2026/07/08 14:19:17.517, 7, 7, 30147, 97887
2026/07/08 14:19:18.530, 0, 3, 63714, 97887
2026/07/08 14:19:18.546, 1, 2, 63714, 97887
2026/07/08 14:19:18.561, 2, 3, 63714, 97887
2026/07/08 14:19:18.575, 3, 2, 63714, 97887
2026/07/08 14:19:18.590, 4, 6, 30147, 97887
2026/07/08 14:19:18.605, 5, 6, 30147, 97887
2026/07/08 14:19:18.620, 6, 4, 30147, 97887
2026/07/08 14:19:18.635, 7, 6, 30147, 97887
2026/07/08 14:19:19.651, 0, 3, 63714, 97887
2026/07/08 14:19:19.668, 1, 3, 63714, 97887
2026/07/08 14:19:19.682, 2, 3, 63714, 97887
2026/07/08 14:19:19.696, 3, 3, 63714, 97887
2026/07/08 14:19:19.712, 4, 6, 30147, 97887
2026/07/08 14:19:19.728, 5, 6, 30147, 97887
2026/07/08 14:19:19.743, 6, 5, 30147, 97887
2026/07/08 14:19:19.758, 7, 5, 30147, 97887
2026/07/08 14:19:20.773, 0, 3, 63714, 97887
2026/07/08 14:19:20.790, 1, 3, 63714, 97887
2026/07/08 14:19:20.806, 2, 2, 63714, 97887
2026/07/08 14:19:20.822, 3, 3, 63714, 97887
2026/07/08 14:19:20.838, 4, 5, 30147, 97887
2026/07/08 14:19:20.853, 5, 5, 30147, 97887
2026/07/08 14:19:20.868, 6, 5, 30147, 97887
2026/07/08 14:19:20.884, 7, 5, 30147, 97887
2026/07/08 14:19:21.898, 0, 3, 63714, 97887
2026/07/08 14:19:21.918, 1, 3, 63714, 97887
2026/07/08 14:19:21.936, 2, 3, 63714, 97887
2026/07/08 14:19:21.953, 3, 3, 63714, 97887
2026/07/08 14:19:21.970, 4, 0, 73991, 97887
2026/07/08 14:19:21.988, 5, 0, 73991, 97887
2026/07/08 14:19:22.004, 6, 0, 73991, 97887
2026/07/08 14:19:22.021, 7, 0, 73991, 97887
2026/07/08 14:19:23.039, 0, 3, 63714, 97887
2026/07/08 14:19:23.061, 1, 3, 63714, 97887
2026/07/08 14:19:23.079, 2, 3, 63714, 97887
2026/07/08 14:19:23.098, 3, 3, 63714, 97887
2026/07/08 14:19:23.117, 4, 0, 74035, 97887
2026/07/08 14:19:23.136, 5, 0, 74035, 97887
2026/07/08 14:19:23.154, 6, 0, 74035, 97887
2026/07/08 14:19:23.170, 7, 0, 74035, 97887
2026/07/08 14:19:24.189, 0, 3, 63714, 97887
2026/07/08 14:19:24.206, 1, 2, 63714, 97887
2026/07/08 14:19:24.222, 2, 3, 63714, 97887
2026/07/08 14:19:24.232, 3, 3, 63714, 97887
2026/07/08 14:19:24.246, 4, 0, 74037, 97887
2026/07/08 14:19:24.266, 5, 0, 74035, 97887
2026/07/08 14:19:24.286, 6, 0, 74035, 97887
2026/07/08 14:19:24.300, 7, 0, 74037, 97887
2026/07/08 14:19:25.310, 0, 3, 63714, 97887
2026/07/08 14:19:25.330, 1, 3, 63714, 97887
2026/07/08 14:19:25.350, 2, 3, 63714, 97887
2026/07/08 14:19:25.369, 3, 3, 63714, 97887
2026/07/08 14:19:25.389, 4, 0, 74045, 97887
2026/07/08 14:19:25.405, 5, 0, 74045, 97887
2026/07/08 14:19:25.422, 6, 0, 74045, 97887
2026/07/08 14:19:25.440, 7, 0, 74045, 97887
2026/07/08 14:19:26.460, 0, 3, 63714, 97887
2026/07/08 14:19:26.481, 1, 3, 63714, 97887
2026/07/08 14:19:26.501, 2, 3, 63714, 97887
2026/07/08 14:19:26.519, 3, 3, 63714, 97887
2026/07/08 14:19:26.538, 4, 0, 74046, 97887
2026/07/08 14:19:26.557, 5, 0, 74046, 97887
2026/07/08 14:19:26.575, 6, 0, 74046, 97887
2026/07/08 14:19:26.593, 7, 0, 74046, 97887
2026/07/08 14:19:27.611, 0, 3, 63714, 97887
2026/07/08 14:19:27.631, 1, 3, 63714, 97887
2026/07/08 14:19:27.649, 2, 2, 63714, 97887
2026/07/08 14:19:27.665, 3, 3, 63714, 97887
2026/07/08 14:19:27.681, 4, 0, 74046, 97887
2026/07/08 14:19:27.698, 5, 0, 74046, 97887
2026/07/08 14:19:27.713, 6, 0, 74046, 97887
2026/07/08 14:19:27.728, 7, 0, 74046, 97887
2026/07/08 14:19:28.744, 0, 3, 63714, 97887
2026/07/08 14:19:28.764, 1, 3, 63714, 97887
2026/07/08 14:19:28.781, 2, 3, 63714, 97887
2026/07/08 14:19:28.799, 3, 3, 63714, 97887
2026/07/08 14:19:28.819, 4, 0, 74046, 97887
2026/07/08 14:19:28.838, 5, 0, 74046, 97887
2026/07/08 14:19:28.855, 6, 0, 74046, 97887
2026/07/08 14:19:28.870, 7, 0, 74046, 97887
2026/07/08 14:19:29.888, 0, 3, 63714, 97887
2026/07/08 14:19:29.907, 1, 3, 63714, 97887
2026/07/08 14:19:29.927, 2, 3, 63714, 97887
2026/07/08 14:19:29.944, 3, 3, 63714, 97887
2026/07/08 14:19:29.965, 4, 0, 74046, 97887
2026/07/08 14:19:29.984, 5, 0, 74046, 97887
2026/07/08 14:19:30.002, 6, 0, 74046, 97887
2026/07/08 14:19:30.020, 7, 0, 74046, 97887
2026/07/08 14:19:31.039, 0, 3, 63714, 97887
2026/07/08 14:19:31.059, 1, 3, 63714, 97887
2026/07/08 14:19:31.078, 2, 3, 63714, 97887
2026/07/08 14:19:31.096, 3, 3, 63714, 97887
2026/07/08 14:19:31.113, 4, 0, 74046, 97887
2026/07/08 14:19:31.140, 5, 0, 74046, 97887
2026/07/08 14:19:31.158, 6, 0, 74046, 97887
2026/07/08 14:19:31.178, 7, 0, 74046, 97887
2026/07/08 14:19:32.198, 0, 3, 63714, 97887
2026/07/08 14:19:32.219, 1, 3, 63714, 97887
2026/07/08 14:19:32.238, 2, 2, 63714, 97887
2026/07/08 14:19:32.258, 3, 3, 63714, 97887
2026/07/08 14:19:32.277, 4, 0, 74046, 97887
2026/07/08 14:19:32.294, 5, 0, 74046, 97887
2026/07/08 14:19:32.313, 6, 0, 74046, 97887
2026/07/08 14:19:32.330, 7, 0, 74046, 97887
2026/07/08 14:19:33.350, 0, 3, 63714, 97887
2026/07/08 14:19:33.370, 1, 3, 63714, 97887
2026/07/08 14:19:33.390, 2, 3, 63714, 97887
2026/07/08 14:19:33.408, 3, 0, 55714, 97887
2026/07/08 14:19:33.429, 4, 0, 74046, 97887
2026/07/08 14:19:33.449, 5, 0, 74046, 97887
2026/07/08 14:19:33.467, 6, 0, 74046, 97887
2026/07/08 14:19:33.486, 7, 0, 74046, 97887
2026/07/08 14:19:34.503, 0, 100, 46774, 97887
2026/07/08 14:19:34.520, 1, 0, 63714, 97887
2026/07/08 14:19:34.536, 2, 0, 63714, 97887
2026/07/08 14:19:34.549, 3, 100, 46774, 97887
2026/07/08 14:19:34.567, 4, 0, 74046, 97887
2026/07/08 14:19:34.584, 5, 0, 74046, 97887
2026/07/08 14:19:34.602, 6, 0, 74046, 97887
2026/07/08 14:19:34.620, 7, 0, 74046, 97887
2026/07/08 14:19:35.634, 0, 0, 46796, 97887
2026/07/08 14:19:35.650, 1, 0, 46802, 97887
2026/07/08 14:19:35.669, 2, 0, 46804, 97887
2026/07/08 14:19:35.688, 3, 0, 46802, 97887
2026/07/08 14:19:35.705, 4, 0, 74046, 97887
2026/07/08 14:19:35.723, 5, 0, 74046, 97887
2026/07/08 14:19:35.742, 6, 0, 74046, 97887
2026/07/08 14:19:35.761, 7, 0, 74046, 97887
2026/07/08 14:19:36.780, 0, 100, 46804, 97887
2026/07/08 14:19:36.799, 1, 100, 46802, 97887
2026/07/08 14:19:36.818, 2, 6, 46804, 97887
2026/07/08 14:19:36.836, 3, 0, 46836, 97887
2026/07/08 14:19:36.854, 4, 0, 74046, 97887
2026/07/08 14:19:36.872, 5, 0, 74046, 97887
2026/07/08 14:19:36.889, 6, 0, 74046, 97887
2026/07/08 14:19:36.909, 7, 0, 74046, 97887
2026/07/08 14:19:37.928, 0, 0, 46840, 97887
2026/07/08 14:19:37.942, 1, 0, 46836, 97887
2026/07/08 14:19:37.953, 2, 0, 46838, 97887
2026/07/08 14:19:37.965, 3, 0, 46836, 97887
2026/07/08 14:19:37.977, 4, 100, 74582, 97887
2026/07/08 14:19:37.988, 5, 100, 74582, 97887
2026/07/08 14:19:37.998, 6, 100, 74582, 97887
2026/07/08 14:19:38.009, 7, 100, 74582, 97887
2026/07/08 14:19:39.019, 0, 0, 46840, 97887
2026/07/08 14:19:39.035, 1, 99, 46836, 97887
2026/07/08 14:19:39.051, 2, 99, 46838, 97887
2026/07/08 14:19:39.066, 3, 100, 46836, 97887
2026/07/08 14:19:39.085, 4, 0, 74582, 97887
2026/07/08 14:19:39.101, 5, 0, 74582, 97887
2026/07/08 14:19:39.117, 6, 0, 74582, 97887
2026/07/08 14:19:39.132, 7, 0, 74582, 97887
2026/07/08 14:19:40.147, 0, 5, 46840, 97887
2026/07/08 14:19:40.164, 1, 5, 46836, 97887
2026/07/08 14:19:40.180, 2, 5, 46838, 97887
2026/07/08 14:19:40.199, 3, 5, 46836, 97887
2026/07/08 14:19:40.216, 4, 0, 74582, 97887
2026/07/08 14:19:40.231, 5, 0, 74582, 97887
2026/07/08 14:19:40.246, 6, 0, 74582, 97887
2026/07/08 14:19:40.261, 7, 0, 74582, 97887
2026/07/08 14:19:41.277, 0, 5, 46840, 97887
2026/07/08 14:19:41.298, 1, 5, 46836, 97887
2026/07/08 14:19:41.317, 2, 5, 46838, 97887
2026/07/08 14:19:41.336, 3, 5, 46836, 97887
2026/07/08 14:19:41.352, 4, 0, 74582, 97887
2026/07/08 14:19:41.370, 5, 0, 74582, 97887
2026/07/08 14:19:41.390, 6, 0, 74582, 97887
2026/07/08 14:19:41.410, 7, 0, 74582, 97887
2026/07/08 14:19:42.430, 0, 5, 46840, 97887
2026/07/08 14:19:42.451, 1, 5, 46836, 97887
2026/07/08 14:19:42.469, 2, 5, 46838, 97887
2026/07/08 14:19:42.489, 3, 5, 46836, 97887
2026/07/08 14:19:42.506, 4, 0, 74582, 97887
2026/07/08 14:19:42.521, 5, 0, 74582, 97887
2026/07/08 14:19:42.534, 6, 0, 74582, 97887
2026/07/08 14:19:42.551, 7, 0, 74582, 97887
2026/07/08 14:19:43.565, 0, 5, 46840, 97887
2026/07/08 14:19:43.585, 1, 5, 46836, 97887
2026/07/08 14:19:43.602, 2, 5, 46838, 97887
2026/07/08 14:19:43.621, 3, 5, 46836, 97887
2026/07/08 14:19:43.641, 4, 0, 74582, 97887
2026/07/08 14:19:43.660, 5, 0, 74582, 97887
2026/07/08 14:19:43.679, 6, 0, 74582, 97887
2026/07/08 14:19:43.701, 7, 0, 74582, 97887
2026/07/08 14:19:44.719, 0, 5, 46840, 97887
2026/07/08 14:19:44.739, 1, 5, 46836, 97887
2026/07/08 14:19:44.758, 2, 5, 46838, 97887
2026/07/08 14:19:44.778, 3, 5, 46836, 97887
2026/07/08 14:19:44.798, 4, 0, 74582, 97887
2026/07/08 14:19:44.816, 5, 0, 74582, 97887
2026/07/08 14:19:44.835, 6, 0, 74582, 97887
2026/07/08 14:19:44.855, 7, 0, 74582, 97887
2026/07/08 14:19:45.874, 0, 12, 46840, 97887
2026/07/08 14:19:45.895, 1, 5, 46836, 97887
2026/07/08 14:19:45.912, 2, 73, 46838, 97887
2026/07/08 14:19:45.929, 3, 64, 46836, 97887
2026/07/08 14:19:45.947, 4, 0, 74582, 97887
2026/07/08 14:19:45.963, 5, 0, 74582, 97887
2026/07/08 14:19:45.982, 6, 0, 74582, 97887
2026/07/08 14:19:46.002, 7, 0, 74582, 97887
2026/07/08 14:19:47.023, 0, 4, 57060, 97887
2026/07/08 14:19:47.043, 1, 4, 57056, 97887
2026/07/08 14:19:47.060, 2, 4, 57058, 97887
2026/07/08 14:19:47.078, 3, 4, 57056, 97887
2026/07/08 14:19:47.096, 4, 0, 74582, 97887
2026/07/08 14:19:47.114, 5, 0, 74582, 97887
2026/07/08 14:19:47.131, 6, 0, 74582, 97887
2026/07/08 14:19:47.148, 7, 0, 74582, 97887
2026/07/08 14:19:48.166, 0, 10, 57060, 97887
2026/07/08 14:19:48.185, 1, 11, 57056, 97887
2026/07/08 14:19:48.202, 2, 6, 57058, 97887
2026/07/08 14:19:48.219, 3, 11, 57056, 97887
2026/07/08 14:19:48.236, 4, 0, 74582, 97887
2026/07/08 14:19:48.255, 5, 0, 74582, 97887
2026/07/08 14:19:48.273, 6, 0, 74582, 97887
2026/07/08 14:19:48.291, 7, 0, 74582, 97887
2026/07/08 14:19:49.309, 0, 10, 57060, 97887
2026/07/08 14:19:49.324, 1, 10, 57056, 97887
2026/07/08 14:19:49.341, 2, 11, 57058, 97887
2026/07/08 14:19:49.359, 3, 11, 57056, 97887
2026/07/08 14:19:49.376, 4, 0, 74582, 97887
2026/07/08 14:19:49.394, 5, 0, 74582, 97887
2026/07/08 14:19:49.412, 6, 0, 74582, 97887
2026/07/08 14:19:49.432, 7, 0, 74582, 97887
2026/07/08 14:19:50.452, 0, 9, 57060, 97887
2026/07/08 14:19:50.466, 1, 10, 57056, 97887
2026/07/08 14:19:50.479, 2, 12, 57058, 97887
2026/07/08 14:19:50.494, 3, 11, 57056, 97887
2026/07/08 14:19:50.508, 4, 100, 74582, 97887
2026/07/08 14:19:50.521, 5, 97, 74582, 97887
2026/07/08 14:19:50.535, 6, 100, 74582, 97887
2026/07/08 14:19:50.550, 7, 97, 74582, 97887
2026/07/08 14:19:51.565, 0, 11, 57060, 97887
2026/07/08 14:19:51.579, 1, 10, 57056, 97887
2026/07/08 14:19:51.593, 2, 11, 57058, 97887
2026/07/08 14:19:51.607, 3, 11, 57056, 97887
2026/07/08 14:19:51.622, 4, 100, 74582, 97887
2026/07/08 14:19:51.635, 5, 100, 74582, 97887
2026/07/08 14:19:51.649, 6, 98, 74582, 97887
2026/07/08 14:19:51.664, 7, 98, 74582, 97887
2026/07/08 14:19:52.680, 0, 10, 57060, 97887
2026/07/08 14:19:52.695, 1, 5, 57056, 97887
2026/07/08 14:19:52.710, 2, 10, 57058, 97887
2026/07/08 14:19:52.724, 3, 6, 57056, 97887
2026/07/08 14:19:52.740, 4, 100, 74584, 97887
2026/07/08 14:19:52.755, 5, 98, 74584, 97887
2026/07/08 14:19:52.770, 6, 100, 74584, 97887
2026/07/08 14:19:52.785, 7, 100, 74584, 97887
2026/07/08 14:19:53.800, 0, 100, 57060, 97887
2026/07/08 14:19:53.818, 1, 5, 57056, 97887
2026/07/08 14:19:53.837, 2, 6, 57058, 97887
2026/07/08 14:19:53.855, 3, 6, 57056, 97887
2026/07/08 14:19:53.871, 4, 0, 74584, 97887
2026/07/08 14:19:53.889, 5, 0, 74584, 97887
2026/07/08 14:19:53.905, 6, 0, 74584, 97887
2026/07/08 14:19:53.919, 7, 0, 74584, 97887
2026/07/08 14:19:54.932, 0, 100, 57056, 97887
2026/07/08 14:19:54.949, 1, 42, 57056, 97887
2026/07/08 14:19:54.962, 2, 5, 57056, 97887
2026/07/08 14:19:54.977, 3, 0, 57056, 97887
2026/07/08 14:19:54.991, 4, 0, 74584, 97887
2026/07/08 14:19:55.006, 5, 0, 74584, 97887
2026/07/08 14:19:55.021, 6, 0, 74584, 97887
2026/07/08 14:19:55.036, 7, 0, 74584, 97887
2026/07/08 14:19:56.054, 0, 4, 46818, 97887
2026/07/08 14:19:56.072, 1, 4, 46818, 97887
2026/07/08 14:19:56.085, 2, 4, 46820, 97887
2026/07/08 14:19:56.092, 3, 4, 46818, 97887
2026/07/08 14:19:56.103, 4, 0, 74584, 97887
2026/07/08 14:19:56.119, 5, 0, 74584, 97887
2026/07/08 14:19:56.132, 6, 0, 74584, 97887
2026/07/08 14:19:56.145, 7, 0, 74584, 97887
2026/07/08 14:19:57.159, 0, 4, 46824, 97887
2026/07/08 14:19:57.178, 1, 4, 46824, 97887
2026/07/08 14:19:57.194, 2, 4, 46824, 97887
2026/07/08 14:19:57.212, 3, 4, 46824, 97887
2026/07/08 14:19:57.227, 4, 0, 74584, 97887
2026/07/08 14:19:57.244, 5, 0, 74584, 97887
2026/07/08 14:19:57.262, 6, 0, 74584, 97887
2026/07/08 14:19:57.280, 7, 0, 74584, 97887
2026/07/08 14:19:58.296, 0, 4, 46830, 97887
2026/07/08 14:19:58.312, 1, 3, 46830, 97887
2026/07/08 14:19:58.329, 2, 3, 46830, 97887
2026/07/08 14:19:58.344, 3, 4, 46830, 97887
2026/07/08 14:19:58.360, 4, 0, 74584, 97887
2026/07/08 14:19:58.378, 5, 0, 74584, 97887
2026/07/08 14:19:58.397, 6, 0, 74584, 97887
2026/07/08 14:19:58.415, 7, 0, 74584, 97887
2026/07/08 14:19:59.433, 0, 4, 46834, 97887
2026/07/08 14:19:59.453, 1, 4, 46836, 97887
2026/07/08 14:19:59.472, 2, 4, 46836, 97887
2026/07/08 14:19:59.490, 3, 4, 46834, 97887
2026/07/08 14:19:59.509, 4, 0, 74584, 97887
2026/07/08 14:19:59.525, 5, 0, 74584, 97887
2026/07/08 14:19:59.543, 6, 0, 74584, 97887
2026/07/08 14:19:59.560, 7, 0, 74584, 97887
2026/07/08 14:20:00.575, 0, 4, 46840, 97887
2026/07/08 14:20:00.594, 1, 4, 46842, 97887
2026/07/08 14:20:00.612, 2, 4, 46842, 97887
2026/07/08 14:20:00.627, 3, 4, 46840, 97887
2026/07/08 14:20:00.643, 4, 0, 74584, 97887
2026/07/08 14:20:00.659, 5, 0, 74584, 97887
2026/07/08 14:20:00.674, 6, 0, 74584, 97887
2026/07/08 14:20:00.692, 7, 0, 74584, 97887
2026/07/08 14:20:01.707, 0, 4, 46846, 97887
2026/07/08 14:20:01.727, 1, 4, 46846, 97887
2026/07/08 14:20:01.745, 2, 4, 46846, 97887
2026/07/08 14:20:01.762, 3, 4, 46846, 97887
2026/07/08 14:20:01.779, 4, 0, 74584, 97887
2026/07/08 14:20:01.794, 5, 0, 74584, 97887
2026/07/08 14:20:01.811, 6, 0, 74584, 97887
2026/07/08 14:20:01.826, 7, 0, 74584, 97887
2026/07/08 14:20:02.842, 0, 4, 46850, 97887
2026/07/08 14:20:02.863, 1, 4, 46852, 97887
2026/07/08 14:20:02.881, 2, 4, 46852, 97887
2026/07/08 14:20:02.900, 3, 4, 46852, 97887
2026/07/08 14:20:02.918, 4, 0, 74584, 97887
2026/07/08 14:20:02.932, 5, 0, 74584, 97887
2026/07/08 14:20:02.942, 6, 0, 74584, 97887
2026/07/08 14:20:02.956, 7, 0, 74584, 97887
2026/07/08 14:20:03.973, 0, 0, 46854, 97887
2026/07/08 14:20:03.991, 1, 0, 46854, 97887
2026/07/08 14:20:04.005, 2, 42, 46854, 97887
2026/07/08 14:20:04.017, 3, 8, 46854, 97887
2026/07/08 14:20:04.031, 4, 0, 74584, 97887
2026/07/08 14:20:04.043, 5, 0, 74584, 97887
2026/07/08 14:20:04.054, 6, 0, 74584, 97887
2026/07/08 14:20:04.072, 7, 0, 74584, 97887
2026/07/08 14:20:05.092, 0, 0, 46876, 97887
2026/07/08 14:20:05.111, 1, 60, 46874, 97887
2026/07/08 14:20:05.127, 2, 0, 46876, 97887
2026/07/08 14:20:05.144, 3, 0, 46874, 97887
2026/07/08 14:20:05.164, 4, 95, 74584, 97887
2026/07/08 14:20:05.183, 5, 85, 74584, 97887
2026/07/08 14:20:05.202, 6, 0, 74584, 97887
2026/07/08 14:20:05.217, 7, 100, 74584, 97887
2026/07/08 14:20:06.233, 0, 0, 46878, 97887
2026/07/08 14:20:06.251, 1, 96, 46874, 97887
2026/07/08 14:20:06.266, 2, 68, 46876, 97887
2026/07/08 14:20:06.278, 3, 15, 46874, 97887
2026/07/08 14:20:06.292, 4, 22, 74586, 97887
2026/07/08 14:20:06.306, 5, 70, 74586, 97887
2026/07/08 14:20:06.321, 6, 51, 74584, 97887
2026/07/08 14:20:06.337, 7, 76, 74584, 97887
2026/07/08 14:20:07.351, 0, 0, 46878, 97887
2026/07/08 14:20:07.369, 1, 99, 46874, 97887
2026/07/08 14:20:07.385, 2, 99, 46876, 97887
2026/07/08 14:20:07.402, 3, 100, 46874, 97887
2026/07/08 14:20:07.419, 4, 24, 74586, 97887
2026/07/08 14:20:07.437, 5, 44, 74586, 97887
2026/07/08 14:20:07.453, 6, 15, 74586, 97887
2026/07/08 14:20:07.469, 7, 96, 74586, 97887
2026/07/08 14:20:08.485, 0, 5, 46878, 97887
2026/07/08 14:20:08.499, 1, 5, 46874, 97887
2026/07/08 14:20:08.511, 2, 5, 46876, 97887
2026/07/08 14:20:08.526, 3, 5, 46874, 97887
2026/07/08 14:20:08.539, 4, 100, 74642, 97887
2026/07/08 14:20:08.553, 5, 100, 74644, 97887
2026/07/08 14:20:08.565, 6, 6, 75144, 97887
2026/07/08 14:20:08.576, 7, 0, 75144, 97887
2026/07/08 14:20:09.588, 0, 4, 46878, 97887
2026/07/08 14:20:09.605, 1, 5, 46874, 97887
2026/07/08 14:20:09.618, 2, 5, 46876, 97887
2026/07/08 14:20:09.631, 3, 5, 46874, 97887
2026/07/08 14:20:09.648, 4, 100, 74690, 97887
2026/07/08 14:20:09.664, 5, 100, 74690, 97887
2026/07/08 14:20:09.680, 6, 98, 74682, 97887
2026/07/08 14:20:09.695, 7, 100, 74684, 97887
2026/07/08 14:20:10.711, 0, 5, 46878, 97887
2026/07/08 14:20:10.727, 1, 5, 46874, 97887
2026/07/08 14:20:10.742, 2, 6, 46876, 97887
2026/07/08 14:20:10.755, 3, 5, 46874, 97887
2026/07/08 14:20:10.766, 4, 36, 75098, 97887
2026/07/08 14:20:10.777, 5, 35, 75098, 97887
2026/07/08 14:20:10.790, 6, 34, 75104, 97887
2026/07/08 14:20:10.801, 7, 36, 75104, 97887
2026/07/08 14:20:11.813, 0, 5, 46878, 97887
2026/07/08 14:20:11.829, 1, 5, 46874, 97887
2026/07/08 14:20:11.842, 2, 5, 46876, 97887
2026/07/08 14:20:11.855, 3, 5, 46874, 97887
2026/07/08 14:20:11.868, 4, 100, 75068, 97887
2026/07/08 14:20:11.883, 5, 87, 75068, 97887
2026/07/08 14:20:11.896, 6, 88, 74774, 97887
2026/07/08 14:20:11.906, 7, 87, 74776, 97887
2026/07/08 14:20:12.916, 0, 5, 46878, 97887
2026/07/08 14:20:12.927, 1, 5, 46874, 97887
2026/07/08 14:20:12.938, 2, 6, 46876, 97887
2026/07/08 14:20:12.949, 3, 5, 46874, 97887
2026/07/08 14:20:12.961, 4, 84, 74908, 97887
2026/07/08 14:20:12.973, 5, 17, 75098, 97887
2026/07/08 14:20:12.985, 6, 21, 75086, 97887
2026/07/08 14:20:12.996, 7, 23, 75086, 97887
2026/07/08 14:20:14.005, 0, 5, 46878, 97887
2026/07/08 14:20:14.017, 1, 5, 46874, 97887
2026/07/08 14:20:14.027, 2, 100, 46876, 97887
2026/07/08 14:20:14.040, 3, 100, 46874, 97887
2026/07/08 14:20:14.054, 4, 70, 75002, 97887
2026/07/08 14:20:14.066, 5, 32, 75006, 97887
2026/07/08 14:20:14.074, 6, 77, 75102, 97887
2026/07/08 14:20:14.082, 7, 87, 75102, 97887
2026/07/08 14:20:15.094, 0, 0, 46878, 97887
2026/07/08 14:20:15.109, 1, 100, 46874, 97887
2026/07/08 14:20:15.122, 2, 100, 46876, 97887
2026/07/08 14:20:15.132, 3, 100, 46874, 97887
2026/07/08 14:20:15.143, 4, 14, 75040, 97887
2026/07/08 14:20:15.153, 5, 46, 75042, 97887
2026/07/08 14:20:15.163, 6, 30, 75130, 97887
2026/07/08 14:20:15.174, 7, 41, 75130, 97887
2026/07/08 14:20:16.186, 0, 3, 53778, 97887
2026/07/08 14:20:16.201, 1, 3, 56894, 97887
2026/07/08 14:20:16.216, 2, 3, 57096, 97887
2026/07/08 14:20:16.231, 3, 3, 57094, 97887
2026/07/08 14:20:16.246, 4, 2, 75090, 97887
2026/07/08 14:20:16.262, 5, 28, 75090, 97887
2026/07/08 14:20:16.277, 6, 41, 75060, 97887
2026/07/08 14:20:16.289, 7, 58, 75060, 97887
2026/07/08 14:20:17.302, 0, 4, 57098, 97887
2026/07/08 14:20:17.313, 1, 4, 57098, 97887
2026/07/08 14:20:17.324, 2, 5, 57098, 97887
2026/07/08 14:20:17.338, 3, 4, 57098, 97887
2026/07/08 14:20:17.351, 4, 42, 75158, 97887
2026/07/08 14:20:17.364, 5, 3, 75158, 97887
2026/07/08 14:20:17.377, 6, 21, 75110, 97887
2026/07/08 14:20:17.390, 7, 42, 75110, 97887
2026/07/08 14:20:18.403, 0, 4, 57104, 97887
2026/07/08 14:20:18.419, 1, 4, 57104, 97887
2026/07/08 14:20:18.433, 2, 4, 57104, 97887
2026/07/08 14:20:18.447, 3, 4, 57104, 97887
2026/07/08 14:20:18.458, 4, 42, 75198, 97887
2026/07/08 14:20:18.473, 5, 9, 75198, 97887
2026/07/08 14:20:18.489, 6, 16, 75166, 97887
2026/07/08 14:20:18.504, 7, 49, 75168, 97887
2026/07/08 14:20:19.519, 0, 4, 57110, 97887
2026/07/08 14:20:19.536, 1, 3, 57110, 97887
2026/07/08 14:20:19.558, 2, 2, 57110, 97887
2026/07/08 14:20:19.581, 3, 4, 57110, 97887
2026/07/08 14:20:19.605, 4, 48, 75246, 97887
2026/07/08 14:20:19.626, 5, 1, 75246, 97887
2026/07/08 14:20:19.648, 6, 19, 75216, 97887
2026/07/08 14:20:19.666, 7, 4, 75216, 97887
2026/07/08 14:20:20.684, 0, 4, 57114, 97887
2026/07/08 14:20:20.703, 1, 4, 57114, 97887
2026/07/08 14:20:20.718, 2, 4, 57114, 97887
2026/07/08 14:20:20.733, 3, 4, 57114, 97887
2026/07/08 14:20:20.748, 4, 41, 75288, 97887
2026/07/08 14:20:20.763, 5, 1, 75288, 97887
2026/07/08 14:20:20.779, 6, 2, 75268, 97887
2026/07/08 14:20:20.792, 7, 21, 75268, 97887
2026/07/08 14:20:21.806, 0, 4, 57120, 97887
2026/07/08 14:20:21.822, 1, 4, 57120, 97887
2026/07/08 14:20:21.839, 2, 4, 57120, 97887
2026/07/08 14:20:21.854, 3, 4, 57120, 97887
2026/07/08 14:20:21.871, 4, 1, 75320, 97887
2026/07/08 14:20:21.887, 5, 2, 75320, 97887
2026/07/08 14:20:21.900, 6, 5, 75306, 97887
2026/07/08 14:20:21.914, 7, 41, 75306, 97887
2026/07/08 14:20:22.927, 0, 4, 57124, 97887
2026/07/08 14:20:22.945, 1, 4, 57126, 97887
2026/07/08 14:20:22.962, 2, 4, 57126, 97887
2026/07/08 14:20:22.976, 3, 4, 57126, 97887
2026/07/08 14:20:22.991, 4, 0, 75320, 97887
2026/07/08 14:20:23.005, 5, 0, 75320, 97887
2026/07/08 14:20:23.020, 6, 0, 75320, 97887
2026/07/08 14:20:23.036, 7, 0, 75320, 97887
2026/07/08 14:20:24.052, 0, 4, 57130, 97887
2026/07/08 14:20:24.072, 1, 4, 57132, 97887
2026/07/08 14:20:24.091, 2, 3, 57132, 97887
2026/07/08 14:20:24.110, 3, 3, 57132, 97887
2026/07/08 14:20:24.126, 4, 36, 75344, 97887
2026/07/08 14:20:24.145, 5, 49, 75344, 97887
2026/07/08 14:20:24.163, 6, 0, 75320, 97887
2026/07/08 14:20:24.181, 7, 0, 75320, 97887
2026/07/08 14:20:25.199, 0, 0, 57136, 97887
2026/07/08 14:20:25.218, 1, 0, 57136, 97887
2026/07/08 14:20:25.234, 2, 0, 51796, 97887
2026/07/08 14:20:25.251, 3, 9, 47336, 97887
2026/07/08 14:20:25.267, 4, 0, 75344, 97887
2026/07/08 14:20:25.285, 5, 0, 75344, 97887
2026/07/08 14:20:25.301, 6, 0, 75320, 97887
2026/07/08 14:20:25.320, 7, 0, 75320, 97887
2026/07/08 14:20:26.338, 0, 0, 46896, 97887
2026/07/08 14:20:26.359, 1, 0, 46896, 97887
2026/07/08 14:20:26.378, 2, 0, 46896, 97887
2026/07/08 14:20:26.398, 3, 0, 46896, 97887
2026/07/08 14:20:26.416, 4, 0, 75344, 97887
2026/07/08 14:20:26.435, 5, 0, 75344, 97887
2026/07/08 14:20:26.456, 6, 0, 75344, 97887
2026/07/08 14:20:26.476, 7, 0, 75344, 97887
2026/07/08 14:20:27.497, 0, 0, 48096, 97887
2026/07/08 14:20:27.517, 1, 100, 48096, 97887
2026/07/08 14:20:27.538, 2, 0, 48096, 97887
2026/07/08 14:20:27.556, 3, 0, 48096, 97887
2026/07/08 14:20:27.577, 4, 0, 75364, 97887
2026/07/08 14:20:27.597, 5, 0, 75364, 97887
2026/07/08 14:20:27.616, 6, 0, 75364, 97887
2026/07/08 14:20:27.636, 7, 0, 75364, 97887
2026/07/08 14:20:28.656, 0, 0, 48096, 97887
2026/07/08 14:20:28.677, 1, 100, 48096, 97887
2026/07/08 14:20:28.698, 2, 0, 48096, 97887
2026/07/08 14:20:28.719, 3, 0, 48096, 97887
2026/07/08 14:20:28.739, 4, 0, 75364, 97887
2026/07/08 14:20:28.759, 5, 0, 75364, 97887
2026/07/08 14:20:28.779, 6, 0, 75364, 97887
2026/07/08 14:20:28.798, 7, 0, 75364, 97887
2026/07/08 14:20:29.819, 0, 1, 48704, 97887
2026/07/08 14:20:29.834, 1, 0, 48104, 97887
2026/07/08 14:20:29.849, 2, 0, 48104, 97887
2026/07/08 14:20:29.865, 3, 23, 48104, 97887
2026/07/08 14:20:29.876, 4, 28, 75970, 97887
2026/07/08 14:20:29.891, 5, 0, 75970, 97887
2026/07/08 14:20:29.907, 6, 0, 75970, 97887
2026/07/08 14:20:29.923, 7, 0, 75970, 97887
2026/07/08 14:20:30.937, 0, 50, 48704, 97887
2026/07/08 14:20:30.952, 1, 99, 48104, 97887
2026/07/08 14:20:30.966, 2, 98, 48104, 97887
2026/07/08 14:20:30.980, 3, 98, 48104, 97887
2026/07/08 14:20:30.993, 4, 67, 75970, 97887
2026/07/08 14:20:31.006, 5, 44, 75970, 97887
2026/07/08 14:20:31.022, 6, 67, 75970, 97887
2026/07/08 14:20:31.035, 7, 64, 75970, 97887
2026/07/08 14:20:32.049, 0, 65, 48704, 97887
2026/07/08 14:20:32.066, 1, 98, 48104, 97887
2026/07/08 14:20:32.082, 2, 99, 48104, 97887
2026/07/08 14:20:32.098, 3, 98, 48104, 97887
2026/07/08 14:20:32.113, 4, 74, 75970, 97887
2026/07/08 14:20:32.126, 5, 52, 75970, 97887
2026/07/08 14:20:32.139, 6, 70, 75970, 97887
2026/07/08 14:20:32.154, 7, 70, 75970, 97887
2026/07/08 14:20:33.168, 0, 70, 48704, 97887
2026/07/08 14:20:33.184, 1, 98, 48104, 97887
2026/07/08 14:20:33.199, 2, 98, 48104, 97887
2026/07/08 14:20:33.216, 3, 98, 48104, 97887
2026/07/08 14:20:33.234, 4, 71, 75970, 97887
2026/07/08 14:20:33.252, 5, 62, 75970, 97887
2026/07/08 14:20:33.269, 6, 59, 75970, 97887
2026/07/08 14:20:33.284, 7, 47, 75970, 97887
2026/07/08 14:20:34.301, 0, 55, 48704, 97887
2026/07/08 14:20:34.318, 1, 99, 48104, 97887
2026/07/08 14:20:34.335, 2, 98, 48104, 97887
2026/07/08 14:20:34.351, 3, 99, 48104, 97887
2026/07/08 14:20:34.365, 4, 60, 75970, 97887
2026/07/08 14:20:34.382, 5, 49, 75970, 97887
2026/07/08 14:20:34.397, 6, 68, 75970, 97887
2026/07/08 14:20:34.413, 7, 68, 75970, 97887
2026/07/08 14:20:35.428, 0, 61, 48704, 97887
2026/07/08 14:20:35.446, 1, 98, 48104, 97887
2026/07/08 14:20:35.462, 2, 98, 48104, 97887
2026/07/08 14:20:35.479, 3, 98, 48104, 97887
2026/07/08 14:20:35.497, 4, 68, 75970, 97887
2026/07/08 14:20:35.513, 5, 55, 75970, 97887
2026/07/08 14:20:35.527, 6, 63, 75970, 97887
2026/07/08 14:20:35.541, 7, 52, 75970, 97887
2026/07/08 14:20:36.557, 0, 52, 48704, 97887
2026/07/08 14:20:36.572, 1, 98, 48104, 97887
2026/07/08 14:20:36.587, 2, 98, 48104, 97887
2026/07/08 14:20:36.603, 3, 99, 48104, 97887
2026/07/08 14:20:36.615, 4, 51, 75970, 97887
2026/07/08 14:20:36.627, 5, 68, 75970, 97887
2026/07/08 14:20:36.641, 6, 53, 75970, 97887
2026/07/08 14:20:36.655, 7, 64, 75970, 97887
2026/07/08 14:20:37.669, 0, 61, 48704, 97887
2026/07/08 14:20:37.685, 1, 99, 48104, 97887
2026/07/08 14:20:37.701, 2, 97, 48104, 97887
2026/07/08 14:20:37.717, 3, 98, 48104, 97887
2026/07/08 14:20:37.732, 4, 64, 75970, 97887
2026/07/08 14:20:37.748, 5, 56, 75970, 97887
2026/07/08 14:20:37.763, 6, 48, 75970, 97887
2026/07/08 14:20:37.777, 7, 45, 75970, 97887
2026/07/08 14:20:38.792, 0, 0, 48704, 97887
2026/07/08 14:20:38.813, 1, 0, 48104, 97887
2026/07/08 14:20:38.831, 2, 0, 48104, 97887
2026/07/08 14:20:38.849, 3, 0, 48104, 97887
2026/07/08 14:20:38.867, 4, 0, 75370, 97887
2026/07/08 14:20:38.886, 5, 0, 75370, 97887
2026/07/08 14:20:38.905, 6, 0, 75370, 97887
2026/07/08 14:20:38.925, 7, 0, 75370, 97887
2026/07/08 14:20:39.946, 0, 0, 48704, 97887
2026/07/08 14:20:39.963, 1, 0, 48104, 97887
2026/07/08 14:20:39.979, 2, 0, 48104, 97887
2026/07/08 14:20:39.993, 3, 0, 48104, 97887
2026/07/08 14:20:40.013, 4, 0, 75370, 97887
2026/07/08 14:20:40.031, 5, 0, 75370, 97887
2026/07/08 14:20:40.050, 6, 0, 75370, 97887
2026/07/08 14:20:40.069, 7, 0, 75370, 97887
2026/07/08 14:20:41.089, 0, 0, 48704, 97887
2026/07/08 14:20:41.109, 1, 0, 48104, 97887
2026/07/08 14:20:41.135, 2, 0, 48104, 97887
2026/07/08 14:20:41.159, 3, 0, 48104, 97887
2026/07/08 14:20:41.177, 4, 0, 75370, 97887
2026/07/08 14:20:41.211, 5, 0, 75370, 97887
2026/07/08 14:20:41.230, 6, 50, 75376, 97887
2026/07/08 14:20:41.250, 7, 8, 75376, 97887
2026/07/08 14:20:42.271, 0, 0, 48704, 97887
2026/07/08 14:20:42.289, 1, 0, 48104, 97887
2026/07/08 14:20:42.306, 2, 0, 48104, 97887
2026/07/08 14:20:42.326, 3, 0, 48104, 97887
2026/07/08 14:20:42.343, 4, 0, 75370, 97887
2026/07/08 14:20:42.360, 5, 0, 75370, 97887
2026/07/08 14:20:42.379, 6, 0, 75376, 97887
2026/07/08 14:20:42.397, 7, 0, 75376, 97887
2026/07/08 14:20:43.415, 0, 0, 48704, 97887
2026/07/08 14:20:43.432, 1, 0, 48104, 97887
2026/07/08 14:20:43.453, 2, 0, 48104, 97887
2026/07/08 14:20:43.476, 3, 0, 48104, 97887
2026/07/08 14:20:43.500, 4, 0, 75370, 97887
2026/07/08 14:20:43.521, 5, 0, 75370, 97887
2026/07/08 14:20:43.541, 6, 0, 75376, 97887
2026/07/08 14:20:43.563, 7, 0, 75376, 97887
2026/07/08 14:20:44.581, 0, 0, 48704, 97887
2026/07/08 14:20:44.594, 1, 0, 48104, 97887
2026/07/08 14:20:44.609, 2, 0, 48104, 97887
2026/07/08 14:20:44.625, 3, 0, 48104, 97887
2026/07/08 14:20:44.644, 4, 0, 75370, 97887
2026/07/08 14:20:44.659, 5, 0, 75370, 97887
2026/07/08 14:20:44.685, 6, 0, 75376, 97887
2026/07/08 14:20:44.704, 7, 0, 75376, 97887
2026/07/08 14:20:45.723, 0, 0, 48704, 97887
2026/07/08 14:20:45.746, 1, 0, 48104, 97887
2026/07/08 14:20:45.770, 2, 0, 48104, 97887
2026/07/08 14:20:45.791, 3, 0, 48104, 97887
2026/07/08 14:20:45.808, 4, 0, 75370, 97887
2026/07/08 14:20:45.828, 5, 0, 75370, 97887
2026/07/08 14:20:45.857, 6, 0, 75376, 97887
2026/07/08 14:20:45.878, 7, 0, 75376, 97887
2026/07/08 14:20:46.898, 0, 0, 48704, 97887
2026/07/08 14:20:46.921, 1, 0, 48104, 97887
2026/07/08 14:20:46.940, 2, 0, 48104, 97887
2026/07/08 14:20:46.959, 3, 0, 48104, 97887
2026/07/08 14:20:46.983, 4, 0, 75370, 97887
2026/07/08 14:20:46.999, 5, 0, 75370, 97887
2026/07/08 14:20:47.022, 6, 0, 75376, 97887
2026/07/08 14:20:47.040, 7, 0, 75376, 97887
2026/07/08 14:20:48.057, 0, 0, 48704, 97887
2026/07/08 14:20:48.070, 1, 0, 48104, 97887
2026/07/08 14:20:48.087, 2, 0, 48104, 97887
2026/07/08 14:20:48.103, 3, 0, 48104, 97887
2026/07/08 14:20:48.121, 4, 0, 75370, 97887
2026/07/08 14:20:48.136, 5, 0, 75370, 97887
2026/07/08 14:20:48.155, 6, 0, 75376, 97887
2026/07/08 14:20:48.171, 7, 0, 75376, 97887
2026/07/08 14:20:49.188, 0, 0, 48704, 97887
2026/07/08 14:20:49.209, 1, 0, 48104, 97887
2026/07/08 14:20:49.233, 2, 0, 48104, 97887
2026/07/08 14:20:49.252, 3, 0, 48104, 97887
2026/07/08 14:20:49.269, 4, 0, 75370, 97887
2026/07/08 14:20:49.288, 5, 0, 75370, 97887
2026/07/08 14:20:49.307, 6, 0, 75376, 97887
2026/07/08 14:20:49.327, 7, 0, 75376, 97887
2026/07/08 14:20:50.340, 0, 0, 48704, 97887
2026/07/08 14:20:50.356, 1, 0, 48104, 97887
2026/07/08 14:20:50.368, 2, 0, 48104, 97887
2026/07/08 14:20:50.380, 3, 0, 48104, 97887
2026/07/08 14:20:50.396, 4, 0, 75370, 97887
2026/07/08 14:20:50.411, 5, 0, 75370, 97887
2026/07/08 14:20:50.426, 6, 0, 75376, 97887
2026/07/08 14:20:50.444, 7, 0, 75376, 97887
2026/07/08 14:20:51.464, 0, 0, 48704, 97887
2026/07/08 14:20:51.480, 1, 0, 48104, 97887
2026/07/08 14:20:51.495, 2, 0, 48104, 97887
2026/07/08 14:20:51.512, 3, 0, 48104, 97887
2026/07/08 14:20:51.527, 4, 0, 75370, 97887
2026/07/08 14:20:51.542, 5, 0, 75370, 97887
2026/07/08 14:20:51.560, 6, 0, 75376, 97887
2026/07/08 14:20:51.579, 7, 0, 75376, 97887
2026/07/08 14:20:52.597, 0, 0, 48704, 97887
2026/07/08 14:20:52.617, 1, 0, 48104, 97887
2026/07/08 14:20:52.639, 2, 0, 48104, 97887
2026/07/08 14:20:52.657, 3, 0, 48104, 97887
2026/07/08 14:20:52.677, 4, 0, 75370, 97887
2026/07/08 14:20:52.691, 5, 0, 75370, 97887
2026/07/08 14:20:52.706, 6, 0, 75376, 97887
2026/07/08 14:20:52.723, 7, 0, 75376, 97887
2026/07/08 14:20:53.742, 0, 0, 48704, 97887
2026/07/08 14:20:53.759, 1, 0, 48104, 97887
2026/07/08 14:20:53.780, 2, 0, 48104, 97887
2026/07/08 14:20:53.799, 3, 0, 48104, 97887
2026/07/08 14:20:53.818, 4, 0, 75370, 97887
2026/07/08 14:20:53.837, 5, 0, 75370, 97887
2026/07/08 14:20:53.858, 6, 0, 75376, 97887
2026/07/08 14:20:53.877, 7, 0, 75376, 97887
2026/07/08 14:20:54.898, 0, 0, 48704, 97887
2026/07/08 14:20:54.918, 1, 0, 48104, 97887
2026/07/08 14:20:54.934, 2, 0, 48104, 97887
2026/07/08 14:20:54.952, 3, 0, 48104, 97887
2026/07/08 14:20:54.966, 4, 0, 75370, 97887
2026/07/08 14:20:54.982, 5, 0, 75370, 97887
2026/07/08 14:20:54.996, 6, 0, 75376, 97887
2026/07/08 14:20:55.014, 7, 0, 75376, 97887
2026/07/08 14:20:56.031, 0, 0, 48704, 97887
2026/07/08 14:20:56.052, 1, 0, 48104, 97887
2026/07/08 14:20:56.069, 2, 0, 48104, 97887
2026/07/08 14:20:56.085, 3, 0, 48104, 97887
2026/07/08 14:20:56.100, 4, 0, 75370, 97887
2026/07/08 14:20:56.116, 5, 0, 75370, 97887
2026/07/08 14:20:56.132, 6, 0, 75376, 97887
2026/07/08 14:20:56.152, 7, 0, 75376, 97887
2026/07/08 14:20:57.170, 0, 0, 48704, 97887
2026/07/08 14:20:57.191, 1, 0, 48104, 97887
2026/07/08 14:20:57.211, 2, 0, 48104, 97887
2026/07/08 14:20:57.229, 3, 0, 48104, 97887
2026/07/08 14:20:57.251, 4, 0, 75370, 97887
2026/07/08 14:20:57.272, 5, 0, 75370, 97887
2026/07/08 14:20:57.291, 6, 0, 75376, 97887
2026/07/08 14:20:57.309, 7, 0, 75376, 97887
2026/07/08 14:20:58.328, 0, 0, 48704, 97887
2026/07/08 14:20:58.350, 1, 0, 48104, 97887
2026/07/08 14:20:58.395, 2, 0, 48104, 97887
2026/07/08 14:20:58.411, 3, 0, 48104, 97887
2026/07/08 14:20:58.429, 4, 0, 75370, 97887
2026/07/08 14:20:58.446, 5, 0, 75370, 97887
2026/07/08 14:20:58.466, 6, 0, 75376, 97887
2026/07/08 14:20:58.486, 7, 0, 75376, 97887
2026/07/08 14:20:59.506, 0, 0, 48704, 97887
2026/07/08 14:20:59.526, 1, 0, 48104, 97887
2026/07/08 14:20:59.544, 2, 0, 48104, 97887
2026/07/08 14:20:59.563, 3, 0, 48104, 97887
2026/07/08 14:20:59.583, 4, 0, 75370, 97887
2026/07/08 14:20:59.602, 5, 0, 75370, 97887
2026/07/08 14:20:59.620, 6, 0, 75376, 97887
2026/07/08 14:20:59.638, 7, 0, 75376, 97887
2026/07/08 14:21:00.658, 0, 0, 48704, 97887
2026/07/08 14:21:00.678, 1, 0, 48104, 97887
2026/07/08 14:21:00.697, 2, 0, 48104, 97887
2026/07/08 14:21:00.717, 3, 0, 48104, 97887
2026/07/08 14:21:00.737, 4, 0, 75370, 97887
2026/07/08 14:21:00.756, 5, 0, 75370, 97887
2026/07/08 14:21:00.775, 6, 0, 75376, 97887
2026/07/08 14:21:00.793, 7, 0, 75376, 97887
2026/07/08 14:21:01.814, 0, 0, 48704, 97887
2026/07/08 14:21:01.833, 1, 0, 48104, 97887
2026/07/08 14:21:01.853, 2, 0, 48104, 97887
2026/07/08 14:21:01.874, 3, 0, 48104, 97887
2026/07/08 14:21:01.890, 4, 0, 75370, 97887
2026/07/08 14:21:01.904, 5, 0, 75370, 97887
2026/07/08 14:21:01.920, 6, 0, 75376, 97887
2026/07/08 14:21:01.937, 7, 0, 75376, 97887
2026/07/08 14:21:02.953, 0, 0, 48704, 97887
2026/07/08 14:21:02.968, 1, 0, 48104, 97887
2026/07/08 14:21:02.979, 2, 0, 48104, 97887
2026/07/08 14:21:02.995, 3, 0, 48104, 97887
2026/07/08 14:21:03.012, 4, 0, 75370, 97887
2026/07/08 14:21:03.029, 5, 0, 75370, 97887
2026/07/08 14:21:03.055, 6, 0, 75376, 97887
2026/07/08 14:21:03.070, 7, 0, 75376, 97887
2026/07/08 14:21:04.083, 0, 0, 48704, 97887
2026/07/08 14:21:04.098, 1, 0, 48104, 97887
2026/07/08 14:21:04.112, 2, 0, 48104, 97887
2026/07/08 14:21:04.124, 3, 0, 48104, 97887
2026/07/08 14:21:04.138, 4, 0, 75370, 97887
2026/07/08 14:21:04.147, 5, 0, 75370, 97887
2026/07/08 14:21:04.155, 6, 0, 75376, 97887
2026/07/08 14:21:04.169, 7, 0, 75376, 97887
2026/07/08 14:21:05.185, 0, 0, 48704, 97887
2026/07/08 14:21:05.198, 1, 0, 48104, 97887
2026/07/08 14:21:05.212, 2, 0, 48104, 97887
2026/07/08 14:21:05.225, 3, 0, 48104, 97887
2026/07/08 14:21:05.240, 4, 0, 75370, 97887
2026/07/08 14:21:05.258, 5, 0, 75370, 97887
2026/07/08 14:21:05.273, 6, 0, 75376, 97887
2026/07/08 14:21:05.290, 7, 0, 75376, 97887
2026/07/08 14:21:06.306, 0, 0, 48704, 97887
2026/07/08 14:21:06.322, 1, 0, 48104, 97887
2026/07/08 14:21:06.338, 2, 0, 48104, 97887
2026/07/08 14:21:06.355, 3, 0, 48104, 97887
2026/07/08 14:21:06.372, 4, 0, 75370, 97887
2026/07/08 14:21:06.390, 5, 0, 75370, 97887
2026/07/08 14:21:06.409, 6, 0, 75376, 97887
2026/07/08 14:21:06.429, 7, 0, 75376, 97887
2026/07/08 14:21:07.448, 0, 0, 48704, 97887
2026/07/08 14:21:07.465, 1, 0, 48104, 97887
2026/07/08 14:21:07.480, 2, 0, 48104, 97887
2026/07/08 14:21:07.499, 3, 0, 48104, 97887
2026/07/08 14:21:07.516, 4, 0, 75370, 97887
2026/07/08 14:21:07.535, 5, 0, 75370, 97887
2026/07/08 14:21:07.546, 6, 0, 75376, 97887
2026/07/08 14:21:07.562, 7, 0, 75376, 97887
2026/07/08 14:21:08.581, 0, 0, 48704, 97887
2026/07/08 14:21:08.598, 1, 0, 48104, 97887
2026/07/08 14:21:08.616, 2, 0, 48104, 97887
2026/07/08 14:21:08.634, 3, 0, 48104, 97887
2026/07/08 14:21:08.651, 4, 0, 75370, 97887
2026/07/08 14:21:08.670, 5, 0, 75370, 97887
2026/07/08 14:21:08.697, 6, 0, 75376, 97887
2026/07/08 14:21:08.721, 7, 0, 75376, 97887
2026/07/08 14:21:09.743, 0, 0, 48704, 97887
2026/07/08 14:21:09.762, 1, 0, 48104, 97887
2026/07/08 14:21:09.782, 2, 0, 48104, 97887
2026/07/08 14:21:09.799, 3, 0, 48104, 97887
2026/07/08 14:21:09.816, 4, 0, 75370, 97887
2026/07/08 14:21:09.833, 5, 0, 75370, 97887
2026/07/08 14:21:09.849, 6, 0, 75376, 97887
2026/07/08 14:21:09.866, 7, 0, 75376, 97887
2026/07/08 14:21:10.882, 0, 0, 48704, 97887
2026/07/08 14:21:10.900, 1, 0, 48104, 97887
2026/07/08 14:21:10.917, 2, 0, 48104, 97887
2026/07/08 14:21:10.934, 3, 0, 48104, 97887
2026/07/08 14:21:10.949, 4, 0, 75370, 97887
2026/07/08 14:21:10.964, 5, 0, 75370, 97887
2026/07/08 14:21:10.982, 6, 0, 75376, 97887
2026/07/08 14:21:10.998, 7, 0, 75376, 97887
2026/07/08 14:21:12.014, 0, 0, 48704, 97887
2026/07/08 14:21:12.031, 1, 0, 48104, 97887
2026/07/08 14:21:12.047, 2, 0, 48104, 97887
2026/07/08 14:21:12.064, 3, 0, 48104, 97887
2026/07/08 14:21:12.079, 4, 0, 75370, 97887
2026/07/08 14:21:12.097, 5, 0, 75370, 97887
2026/07/08 14:21:12.117, 6, 0, 75376, 97887
2026/07/08 14:21:12.132, 7, 0, 75376, 97887
2026/07/08 14:21:13.143, 0, 0, 48704, 97887
2026/07/08 14:21:13.160, 1, 0, 48104, 97887
2026/07/08 14:21:13.175, 2, 0, 48104, 97887
2026/07/08 14:21:13.190, 3, 0, 48104, 97887
2026/07/08 14:21:13.207, 4, 0, 75370, 97887
2026/07/08 14:21:13.224, 5, 0, 75370, 97887
2026/07/08 14:21:13.242, 6, 0, 75376, 97887
2026/07/08 14:21:13.259, 7, 0, 75376, 97887
2026/07/08 14:21:14.272, 0, 0, 48704, 97887
2026/07/08 14:21:14.296, 1, 0, 48104, 97887
2026/07/08 14:21:14.317, 2, 0, 48104, 97887
2026/07/08 14:21:14.342, 3, 0, 48104, 97887
2026/07/08 14:21:14.355, 4, 0, 75370, 97887
2026/07/08 14:21:14.369, 5, 0, 75370, 97887
2026/07/08 14:21:14.384, 6, 0, 75376, 97887
2026/07/08 14:21:14.398, 7, 0, 75376, 97887
2026/07/08 14:21:15.415, 0, 0, 48704, 97887
2026/07/08 14:21:15.436, 1, 0, 48104, 97887
2026/07/08 14:21:15.444, 2, 0, 48104, 97887
2026/07/08 14:21:15.456, 3, 0, 48104, 97887
2026/07/08 14:21:15.471, 4, 0, 75370, 97887
2026/07/08 14:21:15.486, 5, 0, 75370, 97887
2026/07/08 14:21:15.502, 6, 0, 75376, 97887
2026/07/08 14:21:15.518, 7, 0, 75376, 97887
2026/07/08 14:21:16.532, 0, 0, 48704, 97887
2026/07/08 14:21:16.549, 1, 0, 48104, 97887
2026/07/08 14:21:16.564, 2, 0, 48104, 97887
2026/07/08 14:21:16.579, 3, 0, 48104, 97887
2026/07/08 14:21:16.593, 4, 0, 75370, 97887
2026/07/08 14:21:16.607, 5, 0, 75370, 97887
2026/07/08 14:21:16.623, 6, 0, 75376, 97887
2026/07/08 14:21:16.637, 7, 0, 75376, 97887
2026/07/08 14:21:17.653, 0, 0, 48704, 97887
2026/07/08 14:21:17.668, 1, 0, 48104, 97887
2026/07/08 14:21:17.684, 2, 0, 48104, 97887
2026/07/08 14:21:17.698, 3, 0, 48104, 97887
2026/07/08 14:21:17.712, 4, 0, 75370, 97887
2026/07/08 14:21:17.727, 5, 0, 75370, 97887
2026/07/08 14:21:17.742, 6, 0, 75376, 97887
2026/07/08 14:21:17.758, 7, 0, 75376, 97887
2026/07/08 14:21:18.773, 0, 0, 48704, 97887
2026/07/08 14:21:18.789, 1, 0, 48104, 97887
2026/07/08 14:21:18.805, 2, 0, 48104, 97887
2026/07/08 14:21:18.822, 3, 0, 48104, 97887
2026/07/08 14:21:18.840, 4, 0, 75370, 97887
2026/07/08 14:21:18.856, 5, 0, 75370, 97887
2026/07/08 14:21:18.873, 6, 0, 75376, 97887
2026/07/08 14:21:18.889, 7, 0, 75376, 97887
2026/07/08 14:21:19.904, 0, 0, 48704, 97887
2026/07/08 14:21:19.926, 1, 0, 48104, 97887
2026/07/08 14:21:19.943, 2, 0, 48104, 97887
2026/07/08 14:21:19.961, 3, 0, 48104, 97887
2026/07/08 14:21:19.980, 4, 0, 75370, 97887
2026/07/08 14:21:19.998, 5, 0, 75370, 97887
2026/07/08 14:21:20.017, 6, 0, 75376, 97887
2026/07/08 14:21:20.035, 7, 0, 75376, 97887
2026/07/08 14:21:21.052, 0, 0, 48704, 97887
2026/07/08 14:21:21.071, 1, 0, 48104, 97887
2026/07/08 14:21:21.090, 2, 0, 48104, 97887
2026/07/08 14:21:21.108, 3, 0, 48104, 97887
2026/07/08 14:21:21.127, 4, 0, 75370, 97887
2026/07/08 14:21:21.145, 5, 0, 75370, 97887
2026/07/08 14:21:21.165, 6, 0, 75376, 97887
2026/07/08 14:21:21.184, 7, 0, 75376, 97887
2026/07/08 14:21:22.200, 0, 0, 48704, 97887
2026/07/08 14:21:22.217, 1, 0, 48104, 97887
2026/07/08 14:21:22.235, 2, 0, 48104, 97887
2026/07/08 14:21:22.251, 3, 0, 48104, 97887
2026/07/08 14:21:22.268, 4, 0, 75370, 97887
2026/07/08 14:21:22.283, 5, 0, 75370, 97887
2026/07/08 14:21:22.298, 6, 0, 75376, 97887
2026/07/08 14:21:22.316, 7, 0, 75376, 97887
2026/07/08 14:21:23.334, 0, 0, 48704, 97887
2026/07/08 14:21:23.351, 1, 0, 48104, 97887
2026/07/08 14:21:23.366, 2, 0, 48104, 97887
2026/07/08 14:21:23.383, 3, 0, 48104, 97887
2026/07/08 14:21:23.400, 4, 0, 75370, 97887
2026/07/08 14:21:23.417, 5, 0, 75370, 97887
2026/07/08 14:21:23.432, 6, 0, 75376, 97887
2026/07/08 14:21:23.448, 7, 0, 75376, 97887
2026/07/08 14:21:24.464, 0, 0, 48704, 97887
2026/07/08 14:21:24.481, 1, 0, 48104, 97887
2026/07/08 14:21:24.496, 2, 0, 48104, 97887
2026/07/08 14:21:24.508, 3, 0, 48104, 97887
2026/07/08 14:21:24.526, 4, 0, 75370, 97887
2026/07/08 14:21:24.542, 5, 0, 75370, 97887
2026/07/08 14:21:24.560, 6, 0, 75376, 97887
2026/07/08 14:21:24.578, 7, 0, 75376, 97887
2026/07/08 14:21:25.594, 0, 0, 48704, 97887
2026/07/08 14:21:25.611, 1, 0, 48104, 97887
2026/07/08 14:21:25.626, 2, 0, 48104, 97887
2026/07/08 14:21:25.642, 3, 0, 48104, 97887
2026/07/08 14:21:25.658, 4, 0, 75370, 97887
2026/07/08 14:21:25.676, 5, 0, 75370, 97887
2026/07/08 14:21:25.691, 6, 0, 75376, 97887
2026/07/08 14:21:25.706, 7, 0, 75376, 97887
2026/07/08 14:21:26.722, 0, 0, 48704, 97887
2026/07/08 14:21:26.739, 1, 0, 48104, 97887
2026/07/08 14:21:26.756, 2, 0, 48104, 97887
2026/07/08 14:21:26.772, 3, 0, 48104, 97887
2026/07/08 14:21:26.787, 4, 0, 75370, 97887
2026/07/08 14:21:26.802, 5, 0, 75370, 97887
2026/07/08 14:21:26.818, 6, 0, 75376, 97887
2026/07/08 14:21:26.835, 7, 0, 75376, 97887
2026/07/08 14:21:27.853, 0, 0, 48704, 97887
2026/07/08 14:21:27.872, 1, 0, 48104, 97887
2026/07/08 14:21:27.892, 2, 0, 48104, 97887
2026/07/08 14:21:27.910, 3, 0, 48104, 97887
2026/07/08 14:21:27.926, 4, 0, 75370, 97887
2026/07/08 14:21:27.946, 5, 0, 75370, 97887
2026/07/08 14:21:27.962, 6, 0, 75376, 97887
2026/07/08 14:21:27.979, 7, 0, 75376, 97887
2026/07/08 14:21:28.996, 0, 0, 48704, 97887
2026/07/08 14:21:29.014, 1, 0, 48104, 97887
2026/07/08 14:21:29.030, 2, 0, 48104, 97887
2026/07/08 14:21:29.049, 3, 0, 48104, 97887
2026/07/08 14:21:29.067, 4, 0, 75370, 97887
2026/07/08 14:21:29.082, 5, 0, 75370, 97887
2026/07/08 14:21:29.097, 6, 0, 75376, 97887
2026/07/08 14:21:29.108, 7, 0, 75376, 97887
2026/07/08 14:21:30.118, 0, 0, 48704, 97887
2026/07/08 14:21:30.136, 1, 0, 48104, 97887
2026/07/08 14:21:30.152, 2, 0, 48104, 97887
2026/07/08 14:21:30.169, 3, 0, 48104, 97887
2026/07/08 14:21:30.187, 4, 0, 75370, 97887
2026/07/08 14:21:30.206, 5, 0, 75370, 97887
2026/07/08 14:21:30.226, 6, 0, 75376, 97887
2026/07/08 14:21:30.244, 7, 0, 75376, 97887
2026/07/08 14:21:31.261, 0, 0, 48704, 97887
2026/07/08 14:21:31.278, 1, 0, 48104, 97887
2026/07/08 14:21:31.294, 2, 0, 48104, 97887
2026/07/08 14:21:31.310, 3, 0, 48104, 97887
2026/07/08 14:21:31.326, 4, 0, 75370, 97887
2026/07/08 14:21:31.343, 5, 0, 75370, 97887
2026/07/08 14:21:31.358, 6, 0, 75376, 97887
2026/07/08 14:21:31.375, 7, 0, 75376, 97887
2026/07/08 14:21:32.394, 0, 0, 48704, 97887
2026/07/08 14:21:32.410, 1, 0, 48104, 97887
2026/07/08 14:21:32.427, 2, 0, 48104, 97887
2026/07/08 14:21:32.439, 3, 0, 48104, 97887
2026/07/08 14:21:32.455, 4, 0, 75370, 97887
2026/07/08 14:21:32.472, 5, 0, 75370, 97887
2026/07/08 14:21:32.489, 6, 0, 75376, 97887
2026/07/08 14:21:32.505, 7, 0, 75376, 97887
2026/07/08 14:21:33.520, 0, 0, 48704, 97887
2026/07/08 14:21:33.538, 1, 0, 48104, 97887
2026/07/08 14:21:33.556, 2, 0, 48104, 97887
2026/07/08 14:21:33.572, 3, 0, 48104, 97887
2026/07/08 14:21:33.588, 4, 0, 75370, 97887
2026/07/08 14:21:33.604, 5, 0, 75370, 97887
2026/07/08 14:21:33.618, 6, 0, 75376, 97887
2026/07/08 14:21:33.636, 7, 0, 75376, 97887
2026/07/08 14:21:34.655, 0, 0, 48704, 97887
2026/07/08 14:21:34.674, 1, 0, 48104, 97887
2026/07/08 14:21:34.690, 2, 0, 48104, 97887
2026/07/08 14:21:34.709, 3, 0, 48104, 97887
2026/07/08 14:21:34.731, 4, 0, 75370, 97887
2026/07/08 14:21:34.750, 5, 0, 75370, 97887
2026/07/08 14:21:34.768, 6, 0, 75376, 97887
2026/07/08 14:21:34.787, 7, 0, 75376, 97887
2026/07/08 14:21:35.806, 0, 0, 48704, 97887
2026/07/08 14:21:35.825, 1, 0, 48104, 97887
2026/07/08 14:21:35.848, 2, 0, 48104, 97887
2026/07/08 14:21:35.866, 3, 0, 48104, 97887
2026/07/08 14:21:35.882, 4, 0, 75370, 97887
2026/07/08 14:21:35.900, 5, 0, 75370, 97887
2026/07/08 14:21:35.920, 6, 0, 75376, 97887
2026/07/08 14:21:35.941, 7, 0, 75376, 97887
2026/07/08 14:21:36.957, 0, 0, 48704, 97887
2026/07/08 14:21:36.978, 1, 0, 48104, 97887
2026/07/08 14:21:36.995, 2, 0, 48104, 97887
2026/07/08 14:21:37.014, 3, 0, 48104, 97887
2026/07/08 14:21:37.033, 4, 0, 75370, 97887
2026/07/08 14:21:37.052, 5, 0, 75370, 97887
2026/07/08 14:21:37.071, 6, 0, 75376, 97887
2026/07/08 14:21:37.087, 7, 0, 75376, 97887
2026/07/08 14:21:38.106, 0, 0, 48704, 97887
2026/07/08 14:21:38.125, 1, 0, 48104, 97887
2026/07/08 14:21:38.142, 2, 0, 48104, 97887
2026/07/08 14:21:38.160, 3, 0, 48104, 97887
2026/07/08 14:21:38.176, 4, 0, 75370, 97887
2026/07/08 14:21:38.193, 5, 0, 75370, 97887
2026/07/08 14:21:38.209, 6, 0, 75376, 97887
2026/07/08 14:21:38.226, 7, 0, 75376, 97887
2026/07/08 14:21:39.241, 0, 0, 48704, 97887
2026/07/08 14:21:39.257, 1, 0, 48104, 97887
2026/07/08 14:21:39.271, 2, 0, 48104, 97887
2026/07/08 14:21:39.285, 3, 0, 48104, 97887
2026/07/08 14:21:39.299, 4, 0, 75370, 97887
2026/07/08 14:21:39.311, 5, 0, 75370, 97887
2026/07/08 14:21:39.325, 6, 0, 75376, 97887
2026/07/08 14:21:39.339, 7, 0, 75376, 97887
2026/07/08 14:21:40.354, 0, 0, 48704, 97887
2026/07/08 14:21:40.371, 1, 0, 48104, 97887
2026/07/08 14:21:40.387, 2, 0, 48104, 97887
2026/07/08 14:21:40.404, 3, 0, 48104, 97887
2026/07/08 14:21:40.421, 4, 0, 75370, 97887
2026/07/08 14:21:40.438, 5, 0, 75370, 97887
2026/07/08 14:21:40.452, 6, 0, 75376, 97887
2026/07/08 14:21:40.468, 7, 0, 75376, 97887
2026/07/08 14:21:41.483, 0, 0, 48704, 97887
2026/07/08 14:21:41.501, 1, 0, 48104, 97887
2026/07/08 14:21:41.521, 2, 0, 48104, 97887
2026/07/08 14:21:41.540, 3, 0, 48104, 97887
2026/07/08 14:21:41.556, 4, 0, 75370, 97887
2026/07/08 14:21:41.571, 5, 0, 75370, 97887
2026/07/08 14:21:41.588, 6, 0, 75376, 97887
2026/07/08 14:21:41.602, 7, 0, 75376, 97887
2026/07/08 14:21:42.620, 0, 0, 48704, 97887
2026/07/08 14:21:42.638, 1, 0, 48104, 97887
2026/07/08 14:21:42.656, 2, 0, 48104, 97887
2026/07/08 14:21:42.673, 3, 0, 48104, 97887
2026/07/08 14:21:42.690, 4, 0, 75370, 97887
2026/07/08 14:21:42.707, 5, 0, 75370, 97887
2026/07/08 14:21:42.725, 6, 0, 75376, 97887
2026/07/08 14:21:42.743, 7, 0, 75376, 97887
2026/07/08 14:21:43.759, 0, 0, 48704, 97887
2026/07/08 14:21:43.778, 1, 0, 48104, 97887
2026/07/08 14:21:43.796, 2, 0, 48104, 97887
2026/07/08 14:21:43.814, 3, 0, 48104, 97887
2026/07/08 14:21:43.830, 4, 0, 75370, 97887
2026/07/08 14:21:43.848, 5, 0, 75370, 97887
2026/07/08 14:21:43.865, 6, 0, 75376, 97887
2026/07/08 14:21:43.883, 7, 0, 75376, 97887
2026/07/08 14:21:44.900, 0, 0, 48704, 97887
2026/07/08 14:21:44.916, 1, 0, 48104, 97887
2026/07/08 14:21:44.933, 2, 0, 48104, 97887
2026/07/08 14:21:44.950, 3, 0, 48104, 97887
2026/07/08 14:21:44.967, 4, 0, 75370, 97887
2026/07/08 14:21:44.986, 5, 0, 75370, 97887
2026/07/08 14:21:45.005, 6, 0, 75376, 97887
2026/07/08 14:21:45.024, 7, 0, 75376, 97887
2026/07/08 14:21:46.040, 0, 0, 48704, 97887
2026/07/08 14:21:46.056, 1, 0, 48104, 97887
2026/07/08 14:21:46.072, 2, 0, 48104, 97887
2026/07/08 14:21:46.086, 3, 0, 48104, 97887
2026/07/08 14:21:46.104, 4, 0, 75370, 97887
2026/07/08 14:21:46.121, 5, 0, 75370, 97887
2026/07/08 14:21:46.137, 6, 0, 75376, 97887
2026/07/08 14:21:46.154, 7, 0, 75376, 97887
2026/07/08 14:21:47.174, 0, 0, 48704, 97887
2026/07/08 14:21:47.194, 1, 0, 48104, 97887
2026/07/08 14:21:47.213, 2, 0, 48104, 97887
2026/07/08 14:21:47.231, 3, 0, 48104, 97887
2026/07/08 14:21:47.248, 4, 0, 75370, 97887
2026/07/08 14:21:47.264, 5, 0, 75370, 97887
2026/07/08 14:21:47.280, 6, 0, 75376, 97887
2026/07/08 14:21:47.299, 7, 0, 75376, 97887
2026/07/08 14:21:48.318, 0, 0, 48704, 97887
2026/07/08 14:21:48.337, 1, 0, 48104, 97887
2026/07/08 14:21:48.355, 2, 0, 48104, 97887
2026/07/08 14:21:48.372, 3, 0, 48104, 97887
2026/07/08 14:21:48.389, 4, 0, 75370, 97887
2026/07/08 14:21:48.406, 5, 0, 75370, 97887
2026/07/08 14:21:48.422, 6, 0, 75376, 97887
2026/07/08 14:21:48.439, 7, 0, 75376, 97887
2026/07/08 14:21:49.457, 0, 0, 48704, 97887
2026/07/08 14:21:49.478, 1, 0, 48104, 97887
2026/07/08 14:21:49.499, 2, 0, 48104, 97887
2026/07/08 14:21:49.516, 3, 0, 48104, 97887
2026/07/08 14:21:49.534, 4, 0, 75370, 97887
2026/07/08 14:21:49.552, 5, 0, 75370, 97887
2026/07/08 14:21:49.570, 6, 0, 75376, 97887
2026/07/08 14:21:49.591, 7, 0, 75376, 97887
2026/07/08 14:21:50.611, 0, 0, 48704, 97887
2026/07/08 14:21:50.630, 1, 0, 48104, 97887
2026/07/08 14:21:50.648, 2, 0, 48104, 97887
2026/07/08 14:21:50.664, 3, 0, 48104, 97887
2026/07/08 14:21:50.680, 4, 0, 75370, 97887
2026/07/08 14:21:50.696, 5, 0, 75370, 97887
2026/07/08 14:21:50.713, 6, 0, 75376, 97887
2026/07/08 14:21:50.730, 7, 0, 75376, 97887
2026/07/08 14:21:51.748, 0, 0, 48704, 97887
2026/07/08 14:21:51.768, 1, 0, 48104, 97887
2026/07/08 14:21:51.786, 2, 0, 48104, 97887
2026/07/08 14:21:51.805, 3, 0, 48104, 97887
2026/07/08 14:21:51.822, 4, 0, 75370, 97887
2026/07/08 14:21:51.839, 5, 0, 75370, 97887
2026/07/08 14:21:51.856, 6, 0, 75376, 97887
2026/07/08 14:21:51.873, 7, 0, 75376, 97887
2026/07/08 14:21:52.896, 0, 0, 48704, 97887
2026/07/08 14:21:52.915, 1, 0, 48104, 97887
2026/07/08 14:21:52.933, 2, 0, 48104, 97887
2026/07/08 14:21:52.950, 3, 0, 48104, 97887
2026/07/08 14:21:52.968, 4, 0, 75370, 97887
2026/07/08 14:21:52.986, 5, 0, 75370, 97887
2026/07/08 14:21:53.003, 6, 0, 75376, 97887
2026/07/08 14:21:53.019, 7, 0, 75376, 97887
2026/07/08 14:21:54.035, 0, 0, 48704, 97887
2026/07/08 14:21:54.054, 1, 0, 48104, 97887
2026/07/08 14:21:54.071, 2, 0, 48104, 97887
2026/07/08 14:21:54.087, 3, 0, 48104, 97887
2026/07/08 14:21:54.097, 4, 0, 75370, 97887
2026/07/08 14:21:54.111, 5, 0, 75370, 97887
2026/07/08 14:21:54.127, 6, 0, 75376, 97887
2026/07/08 14:21:54.145, 7, 0, 75376, 97887
2026/07/08 14:21:55.161, 0, 0, 48704, 97887
2026/07/08 14:21:55.179, 1, 0, 48104, 97887
2026/07/08 14:21:55.197, 2, 0, 48104, 97887
2026/07/08 14:21:55.213, 3, 0, 48104, 97887
2026/07/08 14:21:55.230, 4, 0, 75370, 97887
2026/07/08 14:21:55.249, 5, 0, 75370, 97887
2026/07/08 14:21:55.267, 6, 0, 75376, 97887
2026/07/08 14:21:55.284, 7, 0, 75376, 97887
2026/07/08 14:21:56.301, 0, 0, 48704, 97887
2026/07/08 14:21:56.314, 1, 0, 48104, 97887
2026/07/08 14:21:56.325, 2, 0, 48104, 97887
2026/07/08 14:21:56.342, 3, 0, 48104, 97887
2026/07/08 14:21:56.358, 4, 0, 75370, 97887
2026/07/08 14:21:56.375, 5, 0, 75370, 97887
2026/07/08 14:21:56.391, 6, 0, 75376, 97887
2026/07/08 14:21:56.406, 7, 0, 75376, 97887
2026/07/08 14:21:57.421, 0, 0, 48704, 97887
2026/07/08 14:21:57.438, 1, 0, 48104, 97887
2026/07/08 14:21:57.457, 2, 0, 48104, 97887
2026/07/08 14:21:57.474, 3, 0, 48104, 97887
2026/07/08 14:21:57.495, 4, 0, 75370, 97887
2026/07/08 14:21:57.511, 5, 0, 75370, 97887
2026/07/08 14:21:57.524, 6, 0, 75376, 97887
2026/07/08 14:21:57.536, 7, 0, 75376, 97887
2026/07/08 14:21:58.545, 0, 0, 48704, 97887
2026/07/08 14:21:58.562, 1, 0, 48104, 97887
2026/07/08 14:21:58.582, 2, 0, 48104, 97887
2026/07/08 14:21:58.600, 3, 0, 48104, 97887
2026/07/08 14:21:58.615, 4, 0, 75370, 97887
2026/07/08 14:21:58.631, 5, 0, 75370, 97887
2026/07/08 14:21:58.647, 6, 0, 75376, 97887
2026/07/08 14:21:58.664, 7, 0, 75376, 97887
2026/07/08 14:21:59.681, 0, 0, 48704, 97887
2026/07/08 14:21:59.699, 1, 0, 48104, 97887
2026/07/08 14:21:59.716, 2, 0, 48104, 97887
2026/07/08 14:21:59.732, 3, 0, 48104, 97887
2026/07/08 14:21:59.750, 4, 0, 75370, 97887
2026/07/08 14:21:59.765, 5, 0, 75370, 97887
2026/07/08 14:21:59.782, 6, 0, 75376, 97887
2026/07/08 14:21:59.799, 7, 0, 75376, 97887
2026/07/08 14:22:00.812, 0, 0, 48704, 97887
2026/07/08 14:22:00.831, 1, 0, 48104, 97887
2026/07/08 14:22:00.850, 2, 0, 48104, 97887
2026/07/08 14:22:00.866, 3, 0, 48104, 97887
2026/07/08 14:22:00.883, 4, 0, 75370, 97887
2026/07/08 14:22:00.900, 5, 0, 75370, 97887
2026/07/08 14:22:00.916, 6, 0, 75376, 97887
2026/07/08 14:22:00.932, 7, 0, 75376, 97887
2026/07/08 14:22:01.948, 0, 0, 48704, 97887
2026/07/08 14:22:01.961, 1, 0, 48104, 97887
2026/07/08 14:22:01.973, 2, 0, 48104, 97887
2026/07/08 14:22:01.987, 3, 0, 48104, 97887
2026/07/08 14:22:02.003, 4, 0, 75370, 97887
2026/07/08 14:22:02.018, 5, 0, 75370, 97887
2026/07/08 14:22:02.034, 6, 0, 75376, 97887
2026/07/08 14:22:02.048, 7, 0, 75376, 97887
2026/07/08 14:22:03.062, 0, 0, 48704, 97887
2026/07/08 14:22:03.078, 1, 0, 48104, 97887
2026/07/08 14:22:03.093, 2, 0, 48104, 97887
2026/07/08 14:22:03.110, 3, 0, 48104, 97887
2026/07/08 14:22:03.129, 4, 0, 75370, 97887
2026/07/08 14:22:03.145, 5, 0, 75370, 97887
2026/07/08 14:22:03.161, 6, 0, 75376, 97887
2026/07/08 14:22:03.179, 7, 0, 75376, 97887
2026/07/08 14:22:04.197, 0, 0, 48704, 97887
2026/07/08 14:22:04.212, 1, 0, 48104, 97887
2026/07/08 14:22:04.231, 2, 0, 48104, 97887
2026/07/08 14:22:04.249, 3, 0, 48104, 97887
2026/07/08 14:22:04.264, 4, 0, 75370, 97887
2026/07/08 14:22:04.280, 5, 0, 75370, 97887
2026/07/08 14:22:04.295, 6, 0, 75376, 97887
2026/07/08 14:22:04.310, 7, 0, 75376, 97887
2026/07/08 14:22:05.325, 0, 0, 48704, 97887
2026/07/08 14:22:05.339, 1, 0, 48104, 97887
2026/07/08 14:22:05.355, 2, 0, 48104, 97887
2026/07/08 14:22:05.370, 3, 0, 48104, 97887
2026/07/08 14:22:05.383, 4, 0, 75370, 97887
2026/07/08 14:22:05.398, 5, 0, 75370, 97887
2026/07/08 14:22:05.413, 6, 0, 75376, 97887
2026/07/08 14:22:05.428, 7, 0, 75376, 97887
2026/07/08 14:22:06.443, 0, 0, 48704, 97887
2026/07/08 14:22:06.458, 1, 0, 48104, 97887
2026/07/08 14:22:06.473, 2, 0, 48104, 97887
2026/07/08 14:22:06.487, 3, 0, 48104, 97887
2026/07/08 14:22:06.502, 4, 0, 75370, 97887
2026/07/08 14:22:06.517, 5, 0, 75370, 97887
2026/07/08 14:22:06.531, 6, 0, 75376, 97887
2026/07/08 14:22:06.545, 7, 0, 75376, 97887
2026/07/08 14:22:07.561, 0, 0, 48704, 97887
2026/07/08 14:22:07.578, 1, 0, 48104, 97887
2026/07/08 14:22:07.596, 2, 0, 48104, 97887
2026/07/08 14:22:07.615, 3, 0, 48104, 97887
2026/07/08 14:22:07.636, 4, 0, 75370, 97887
2026/07/08 14:22:07.656, 5, 0, 75370, 97887
2026/07/08 14:22:07.676, 6, 0, 75376, 97887
2026/07/08 14:22:07.694, 7, 0, 75376, 97887
2026/07/08 14:22:08.710, 0, 0, 48704, 97887
2026/07/08 14:22:08.728, 1, 0, 48104, 97887
2026/07/08 14:22:08.744, 2, 0, 48104, 97887
2026/07/08 14:22:08.762, 3, 0, 48104, 97887
2026/07/08 14:22:08.778, 4, 0, 75370, 97887
2026/07/08 14:22:08.796, 5, 0, 75370, 97887
2026/07/08 14:22:08.813, 6, 0, 75376, 97887
2026/07/08 14:22:08.829, 7, 0, 75376, 97887
2026/07/08 14:22:09.847, 0, 0, 48704, 97887
2026/07/08 14:22:09.863, 1, 0, 48104, 97887
2026/07/08 14:22:09.879, 2, 0, 48104, 97887
2026/07/08 14:22:09.896, 3, 0, 48104, 97887
2026/07/08 14:22:09.913, 4, 0, 75370, 97887
2026/07/08 14:22:09.931, 5, 0, 75370, 97887
2026/07/08 14:22:09.948, 6, 0, 75376, 97887
2026/07/08 14:22:09.963, 7, 0, 75376, 97887
2026/07/08 14:22:10.976, 0, 0, 48704, 97887
2026/07/08 14:22:10.993, 1, 0, 48104, 97887
2026/07/08 14:22:11.011, 2, 0, 48104, 97887
2026/07/08 14:22:11.029, 3, 0, 48104, 97887
2026/07/08 14:22:11.046, 4, 0, 75370, 97887
2026/07/08 14:22:11.060, 5, 0, 75370, 97887
2026/07/08 14:22:11.075, 6, 0, 75376, 97887
2026/07/08 14:22:11.083, 7, 0, 75376, 97887
2026/07/08 14:22:12.098, 0, 0, 48704, 97887
2026/07/08 14:22:12.116, 1, 0, 48104, 97887
2026/07/08 14:22:12.133, 2, 0, 48104, 97887
2026/07/08 14:22:12.148, 3, 0, 48104, 97887
2026/07/08 14:22:12.163, 4, 0, 75370, 97887
2026/07/08 14:22:12.179, 5, 0, 75370, 97887
2026/07/08 14:22:12.195, 6, 0, 75376, 97887
2026/07/08 14:22:12.211, 7, 0, 75376, 97887
2026/07/08 14:22:13.226, 0, 0, 48704, 97887
2026/07/08 14:22:13.244, 1, 0, 48104, 97887
2026/07/08 14:22:13.260, 2, 0, 48104, 97887
2026/07/08 14:22:13.276, 3, 0, 48104, 97887
2026/07/08 14:22:13.290, 4, 0, 75370, 97887
2026/07/08 14:22:13.307, 5, 0, 75370, 97887
2026/07/08 14:22:13.324, 6, 0, 75376, 97887
2026/07/08 14:22:13.341, 7, 0, 75376, 97887
2026/07/08 14:22:14.360, 0, 0, 48704, 97887
2026/07/08 14:22:14.378, 1, 0, 48104, 97887
2026/07/08 14:22:14.393, 2, 0, 48104, 97887
2026/07/08 14:22:14.410, 3, 0, 48104, 97887
2026/07/08 14:22:14.426, 4, 0, 75370, 97887
2026/07/08 14:22:14.444, 5, 0, 75370, 97887
2026/07/08 14:22:14.462, 6, 0, 75376, 97887
2026/07/08 14:22:14.479, 7, 0, 75376, 97887
2026/07/08 14:22:15.500, 0, 0, 48704, 97887
2026/07/08 14:22:15.518, 1, 0, 48104, 97887
2026/07/08 14:22:15.534, 2, 0, 48104, 97887
2026/07/08 14:22:15.550, 3, 0, 48104, 97887
2026/07/08 14:22:15.564, 4, 0, 75370, 97887
2026/07/08 14:22:15.579, 5, 0, 75370, 97887
2026/07/08 14:22:15.597, 6, 0, 75376, 97887
2026/07/08 14:22:15.613, 7, 0, 75376, 97887
2026/07/08 14:22:16.632, 0, 0, 48704, 97887
2026/07/08 14:22:16.653, 1, 0, 48104, 97887
2026/07/08 14:22:16.672, 2, 0, 48104, 97887
2026/07/08 14:22:16.692, 3, 0, 48104, 97887
2026/07/08 14:22:16.712, 4, 0, 75370, 97887
2026/07/08 14:22:16.731, 5, 0, 75370, 97887
2026/07/08 14:22:16.750, 6, 0, 75376, 97887
2026/07/08 14:22:16.772, 7, 0, 75376, 97887
2026/07/08 14:22:17.791, 0, 0, 48704, 97887
2026/07/08 14:22:17.811, 1, 0, 48104, 97887
2026/07/08 14:22:17.828, 2, 0, 48104, 97887
2026/07/08 14:22:17.843, 3, 0, 48104, 97887
2026/07/08 14:22:17.861, 4, 0, 75370, 97887
2026/07/08 14:22:17.878, 5, 0, 75370, 97887
2026/07/08 14:22:17.894, 6, 0, 75376, 97887
2026/07/08 14:22:17.912, 7, 0, 75376, 97887
2026/07/08 14:22:18.928, 0, 0, 48704, 97887
2026/07/08 14:22:18.949, 1, 0, 48104, 97887
2026/07/08 14:22:18.966, 2, 0, 48104, 97887
2026/07/08 14:22:18.980, 3, 0, 48104, 97887
2026/07/08 14:22:19.002, 4, 0, 75370, 97887
2026/07/08 14:22:19.024, 5, 0, 75370, 97887
2026/07/08 14:22:19.037, 6, 0, 75376, 97887
2026/07/08 14:22:19.057, 7, 0, 75376, 97887
2026/07/08 14:22:20.073, 0, 0, 48704, 97887
2026/07/08 14:22:20.091, 1, 0, 48104, 97887
2026/07/08 14:22:20.108, 2, 0, 48104, 97887
2026/07/08 14:22:20.128, 3, 0, 48104, 97887
2026/07/08 14:22:20.146, 4, 0, 75370, 97887
2026/07/08 14:22:20.163, 5, 0, 75370, 97887
2026/07/08 14:22:20.179, 6, 0, 75376, 97887
2026/07/08 14:22:20.196, 7, 0, 75376, 97887
2026/07/08 14:22:21.214, 0, 0, 48704, 97887
2026/07/08 14:22:21.229, 1, 0, 48104, 97887
2026/07/08 14:22:21.248, 2, 0, 48104, 97887
2026/07/08 14:22:21.265, 3, 0, 48104, 97887
2026/07/08 14:22:21.283, 4, 0, 75370, 97887
2026/07/08 14:22:21.301, 5, 0, 75370, 97887
2026/07/08 14:22:21.320, 6, 0, 75376, 97887
2026/07/08 14:22:21.338, 7, 0, 75376, 97887
2026/07/08 14:22:22.355, 0, 0, 48704, 97887
2026/07/08 14:22:22.373, 1, 0, 48104, 97887
2026/07/08 14:22:22.392, 2, 0, 48104, 97887
2026/07/08 14:22:22.412, 3, 0, 48104, 97887
2026/07/08 14:22:22.430, 4, 0, 75370, 97887
2026/07/08 14:22:22.447, 5, 0, 75370, 97887
2026/07/08 14:22:22.463, 6, 0, 75376, 97887
2026/07/08 14:22:22.481, 7, 0, 75376, 97887
2026/07/08 14:22:23.496, 0, 0, 48704, 97887
2026/07/08 14:22:23.516, 1, 0, 48104, 97887
2026/07/08 14:22:23.534, 2, 0, 48104, 97887
2026/07/08 14:22:23.553, 3, 0, 48104, 97887
2026/07/08 14:22:23.571, 4, 0, 75370, 97887
2026/07/08 14:22:23.586, 5, 0, 75370, 97887
2026/07/08 14:22:23.601, 6, 0, 75376, 97887
2026/07/08 14:22:23.616, 7, 0, 75376, 97887
2026/07/08 14:22:24.634, 0, 0, 48704, 97887
2026/07/08 14:22:24.653, 1, 0, 48104, 97887
2026/07/08 14:22:24.672, 2, 0, 48104, 97887
2026/07/08 14:22:24.689, 3, 0, 48104, 97887
2026/07/08 14:22:24.706, 4, 0, 75370, 97887
2026/07/08 14:22:24.723, 5, 0, 75370, 97887
2026/07/08 14:22:24.740, 6, 0, 75376, 97887
2026/07/08 14:22:24.756, 7, 0, 75376, 97887
2026/07/08 14:22:25.773, 0, 0, 48704, 97887
2026/07/08 14:22:25.792, 1, 0, 48104, 97887
2026/07/08 14:22:25.809, 2, 0, 48104, 97887
2026/07/08 14:22:25.824, 3, 0, 48104, 97887
2026/07/08 14:22:25.841, 4, 0, 75370, 97887
2026/07/08 14:22:25.857, 5, 0, 75370, 97887
2026/07/08 14:22:25.873, 6, 0, 75376, 97887
2026/07/08 14:22:25.890, 7, 0, 75376, 97887
2026/07/08 14:22:26.906, 0, 0, 48704, 97887
2026/07/08 14:22:26.921, 1, 0, 48104, 97887
2026/07/08 14:22:26.934, 2, 0, 48104, 97887
2026/07/08 14:22:26.950, 3, 0, 48104, 97887
2026/07/08 14:22:26.964, 4, 0, 75370, 97887
2026/07/08 14:22:26.978, 5, 0, 75370, 97887
2026/07/08 14:22:26.994, 6, 0, 75376, 97887
2026/07/08 14:22:27.010, 7, 0, 75376, 97887
2026/07/08 14:22:28.026, 0, 0, 48704, 97887
2026/07/08 14:22:28.046, 1, 0, 48104, 97887
2026/07/08 14:22:28.064, 2, 0, 48104, 97887
2026/07/08 14:22:28.080, 3, 0, 48104, 97887
2026/07/08 14:22:28.094, 4, 0, 75370, 97887
2026/07/08 14:22:28.111, 5, 0, 75370, 97887
2026/07/08 14:22:28.127, 6, 0, 75376, 97887
2026/07/08 14:22:28.141, 7, 0, 75376, 97887
2026/07/08 14:22:29.156, 0, 0, 48704, 97887
2026/07/08 14:22:29.172, 1, 0, 48104, 97887
2026/07/08 14:22:29.188, 2, 0, 48104, 97887
2026/07/08 14:22:29.204, 3, 0, 48104, 97887
2026/07/08 14:22:29.220, 4, 0, 75370, 97887
2026/07/08 14:22:29.238, 5, 0, 75370, 97887
2026/07/08 14:22:29.256, 6, 0, 75376, 97887
2026/07/08 14:22:29.275, 7, 0, 75376, 97887
2026/07/08 14:22:30.294, 0, 0, 48704, 97887
2026/07/08 14:22:30.312, 1, 0, 48104, 97887
2026/07/08 14:22:30.329, 2, 0, 48104, 97887
2026/07/08 14:22:30.345, 3, 0, 48104, 97887
2026/07/08 14:22:30.362, 4, 0, 75370, 97887
2026/07/08 14:22:30.378, 5, 0, 75370, 97887
2026/07/08 14:22:30.396, 6, 0, 75376, 97887
2026/07/08 14:22:30.412, 7, 0, 75376, 97887
2026/07/08 14:22:31.435, 0, 0, 48704, 97887
2026/07/08 14:22:31.456, 1, 0, 48104, 97887
2026/07/08 14:22:31.473, 2, 0, 48104, 97887
2026/07/08 14:22:31.491, 3, 0, 48104, 97887
2026/07/08 14:22:31.508, 4, 0, 75370, 97887
2026/07/08 14:22:31.526, 5, 0, 75370, 97887
2026/07/08 14:22:31.542, 6, 0, 75376, 97887
2026/07/08 14:22:31.558, 7, 0, 75376, 97887
2026/07/08 14:22:32.577, 0, 0, 48704, 97887
2026/07/08 14:22:32.595, 1, 0, 48104, 97887
2026/07/08 14:22:32.612, 2, 0, 48104, 97887
2026/07/08 14:22:32.630, 3, 0, 48104, 97887
2026/07/08 14:22:32.645, 4, 0, 75370, 97887
2026/07/08 14:22:32.660, 5, 0, 75370, 97887
2026/07/08 14:22:32.676, 6, 0, 75376, 97887
2026/07/08 14:22:32.694, 7, 0, 75376, 97887
2026/07/08 14:22:33.712, 0, 0, 48704, 97887
2026/07/08 14:22:33.728, 1, 0, 48104, 97887
2026/07/08 14:22:33.745, 2, 0, 48104, 97887
2026/07/08 14:22:33.762, 3, 0, 48104, 97887
2026/07/08 14:22:33.777, 4, 0, 75370, 97887
2026/07/08 14:22:33.792, 5, 0, 75370, 97887
2026/07/08 14:22:33.811, 6, 0, 75376, 97887
2026/07/08 14:22:33.828, 7, 0, 75376, 97887
2026/07/08 14:22:34.842, 0, 0, 48704, 97887
2026/07/08 14:22:34.858, 1, 0, 48104, 97887
2026/07/08 14:22:34.873, 2, 0, 48104, 97887
2026/07/08 14:22:34.891, 3, 0, 48104, 97887
2026/07/08 14:22:34.910, 4, 0, 75370, 97887
2026/07/08 14:22:34.929, 5, 0, 75370, 97887
2026/07/08 14:22:34.946, 6, 0, 75376, 97887
2026/07/08 14:22:34.965, 7, 0, 75376, 97887
2026/07/08 14:22:35.982, 0, 0, 48704, 97887
2026/07/08 14:22:36.002, 1, 0, 48104, 97887
2026/07/08 14:22:36.020, 2, 0, 48104, 97887
2026/07/08 14:22:36.037, 3, 0, 48104, 97887
2026/07/08 14:22:36.055, 4, 0, 75370, 97887
2026/07/08 14:22:36.073, 5, 0, 75370, 97887
2026/07/08 14:22:36.089, 6, 0, 75376, 97887
2026/07/08 14:22:36.106, 7, 0, 75376, 97887
2026/07/08 14:22:37.123, 0, 0, 48704, 97887
2026/07/08 14:22:37.141, 1, 0, 48104, 97887
2026/07/08 14:22:37.156, 2, 0, 48104, 97887
2026/07/08 14:22:37.171, 3, 0, 48104, 97887
2026/07/08 14:22:37.187, 4, 0, 75370, 97887
2026/07/08 14:22:37.201, 5, 0, 75370, 97887
2026/07/08 14:22:37.216, 6, 0, 75376, 97887
2026/07/08 14:22:37.230, 7, 0, 75376, 97887
2026/07/08 14:22:38.245, 0, 0, 48704, 97887
2026/07/08 14:22:38.260, 1, 0, 48104, 97887
2026/07/08 14:22:38.276, 2, 0, 48104, 97887
2026/07/08 14:22:38.291, 3, 0, 48104, 97887
2026/07/08 14:22:38.307, 4, 0, 75370, 97887
2026/07/08 14:22:38.326, 5, 0, 75370, 97887
2026/07/08 14:22:38.343, 6, 0, 75376, 97887
2026/07/08 14:22:38.361, 7, 0, 75376, 97887
2026/07/08 14:22:39.379, 0, 0, 48704, 97887
2026/07/08 14:22:39.402, 1, 0, 48104, 97887
2026/07/08 14:22:39.418, 2, 0, 48104, 97887
2026/07/08 14:22:39.434, 3, 0, 48104, 97887
2026/07/08 14:22:39.450, 4, 0, 75370, 97887
2026/07/08 14:22:39.466, 5, 0, 75370, 97887
2026/07/08 14:22:39.482, 6, 0, 75376, 97887
2026/07/08 14:22:39.497, 7, 0, 75376, 97887
2026/07/08 14:22:40.514, 0, 0, 48704, 97887
2026/07/08 14:22:40.533, 1, 0, 48104, 97887
2026/07/08 14:22:40.549, 2, 0, 48104, 97887
2026/07/08 14:22:40.568, 3, 0, 48104, 97887
2026/07/08 14:22:40.588, 4, 0, 75370, 97887
2026/07/08 14:22:40.605, 5, 0, 75370, 97887
2026/07/08 14:22:40.623, 6, 0, 75376, 97887
2026/07/08 14:22:40.642, 7, 0, 75376, 97887
2026/07/08 14:22:41.660, 0, 0, 48704, 97887
2026/07/08 14:22:41.681, 1, 0, 48104, 97887
2026/07/08 14:22:41.700, 2, 0, 48104, 97887
2026/07/08 14:22:41.722, 3, 0, 48104, 97887
2026/07/08 14:22:41.744, 4, 0, 75370, 97887
2026/07/08 14:22:41.762, 5, 0, 75370, 97887
2026/07/08 14:22:41.782, 6, 0, 75376, 97887
2026/07/08 14:22:41.798, 7, 0, 75376, 97887
2026/07/08 14:22:42.816, 0, 0, 48704, 97887
2026/07/08 14:22:42.833, 1, 0, 48104, 97887
2026/07/08 14:22:42.850, 2, 0, 48104, 97887
2026/07/08 14:22:42.866, 3, 0, 48104, 97887
2026/07/08 14:22:42.883, 4, 0, 75370, 97887
2026/07/08 14:22:42.901, 5, 0, 75370, 97887
2026/07/08 14:22:42.916, 6, 0, 75376, 97887
2026/07/08 14:22:42.930, 7, 0, 75376, 97887
2026/07/08 14:22:43.948, 0, 0, 48704, 97887
2026/07/08 14:22:43.965, 1, 0, 48104, 97887
2026/07/08 14:22:43.980, 2, 0, 48104, 97887
2026/07/08 14:22:43.997, 3, 0, 48104, 97887
2026/07/08 14:22:44.014, 4, 0, 75370, 97887
2026/07/08 14:22:44.030, 5, 0, 75370, 97887
2026/07/08 14:22:44.048, 6, 0, 75376, 97887
2026/07/08 14:22:44.064, 7, 0, 75376, 97887
2026/07/08 14:22:45.081, 0, 0, 48704, 97887
2026/07/08 14:22:45.103, 1, 0, 48104, 97887
2026/07/08 14:22:45.120, 2, 0, 48104, 97887
2026/07/08 14:22:45.135, 3, 0, 48104, 97887
2026/07/08 14:22:45.150, 4, 0, 75370, 97887
2026/07/08 14:22:45.164, 5, 0, 75370, 97887
2026/07/08 14:22:45.178, 6, 0, 75376, 97887
2026/07/08 14:22:45.191, 7, 0, 75376, 97887
2026/07/08 14:22:46.203, 0, 0, 48704, 97887
2026/07/08 14:22:46.220, 1, 0, 48104, 97887
2026/07/08 14:22:46.237, 2, 0, 48104, 97887
2026/07/08 14:22:46.253, 3, 0, 48104, 97887
2026/07/08 14:22:46.269, 4, 0, 75370, 97887
2026/07/08 14:22:46.286, 5, 0, 75370, 97887
2026/07/08 14:22:46.302, 6, 0, 75376, 97887
2026/07/08 14:22:46.318, 7, 0, 75376, 97887
2026/07/08 14:22:47.334, 0, 0, 48704, 97887
2026/07/08 14:22:47.353, 1, 0, 48104, 97887
2026/07/08 14:22:47.368, 2, 0, 48104, 97887
2026/07/08 14:22:47.386, 3, 0, 48104, 97887
2026/07/08 14:22:47.404, 4, 0, 75370, 97887
2026/07/08 14:22:47.419, 5, 0, 75370, 97887
2026/07/08 14:22:47.429, 6, 0, 75376, 97887
2026/07/08 14:22:47.444, 7, 0, 75376, 97887
2026/07/08 14:22:48.461, 0, 0, 48704, 97887
2026/07/08 14:22:48.483, 1, 0, 48104, 97887
2026/07/08 14:22:48.501, 2, 0, 48104, 97887
2026/07/08 14:22:48.521, 3, 0, 48104, 97887
2026/07/08 14:22:48.538, 4, 0, 75370, 97887
2026/07/08 14:22:48.554, 5, 0, 75370, 97887
2026/07/08 14:22:48.570, 6, 0, 75376, 97887
2026/07/08 14:22:48.582, 7, 0, 75376, 97887
2026/07/08 14:22:49.596, 0, 0, 48704, 97887
2026/07/08 14:22:49.614, 1, 0, 48104, 97887
2026/07/08 14:22:49.629, 2, 0, 48104, 97887
2026/07/08 14:22:49.643, 3, 0, 48104, 97887
2026/07/08 14:22:49.654, 4, 0, 75370, 97887
2026/07/08 14:22:49.665, 5, 0, 75370, 97887
2026/07/08 14:22:49.677, 6, 0, 75376, 97887
2026/07/08 14:22:49.686, 7, 0, 75376, 97887
2026/07/08 14:22:50.699, 0, 0, 48704, 97887
2026/07/08 14:22:50.712, 1, 0, 48104, 97887
2026/07/08 14:22:50.725, 2, 0, 48104, 97887
2026/07/08 14:22:50.736, 3, 0, 48104, 97887
2026/07/08 14:22:50.744, 4, 0, 75370, 97887
2026/07/08 14:22:50.757, 5, 0, 75370, 97887
2026/07/08 14:22:50.769, 6, 0, 75376, 97887
2026/07/08 14:22:50.780, 7, 0, 75376, 97887
2026/07/08 14:22:51.794, 0, 0, 48704, 97887
2026/07/08 14:22:51.811, 1, 0, 48104, 97887
2026/07/08 14:22:51.828, 2, 0, 48104, 97887
2026/07/08 14:22:51.845, 3, 0, 48104, 97887
2026/07/08 14:22:51.860, 4, 0, 75370, 97887
2026/07/08 14:22:51.877, 5, 0, 75370, 97887
2026/07/08 14:22:51.892, 6, 0, 75376, 97887
2026/07/08 14:22:51.908, 7, 0, 75376, 97887
2026/07/08 14:22:52.924, 0, 0, 48704, 97887
2026/07/08 14:22:52.946, 1, 0, 48104, 97887
2026/07/08 14:22:52.965, 2, 0, 48104, 97887
2026/07/08 14:22:52.984, 3, 0, 48104, 97887
2026/07/08 14:22:53.005, 4, 0, 75370, 97887
2026/07/08 14:22:53.023, 5, 0, 75370, 97887
2026/07/08 14:22:53.041, 6, 0, 75376, 97887
2026/07/08 14:22:53.060, 7, 0, 75376, 97887
2026/07/08 14:22:54.080, 0, 0, 48704, 97887
2026/07/08 14:22:54.097, 1, 0, 48104, 97887
2026/07/08 14:22:54.114, 2, 0, 48104, 97887
2026/07/08 14:22:54.132, 3, 0, 48104, 97887
2026/07/08 14:22:54.152, 4, 0, 75370, 97887
2026/07/08 14:22:54.172, 5, 0, 75370, 97887
2026/07/08 14:22:54.190, 6, 0, 75376, 97887
2026/07/08 14:22:54.208, 7, 0, 75376, 97887
2026/07/08 14:22:55.227, 0, 0, 48704, 97887
2026/07/08 14:22:55.244, 1, 0, 48104, 97887
2026/07/08 14:22:55.260, 2, 0, 48104, 97887
2026/07/08 14:22:55.277, 3, 0, 48104, 97887
2026/07/08 14:22:55.290, 4, 0, 75370, 97887
2026/07/08 14:22:55.305, 5, 0, 75370, 97887
2026/07/08 14:22:55.321, 6, 0, 75376, 97887
2026/07/08 14:22:55.335, 7, 0, 75376, 97887
2026/07/08 14:22:56.350, 0, 0, 48704, 97887
2026/07/08 14:22:56.366, 1, 0, 48104, 97887
2026/07/08 14:22:56.381, 2, 0, 48104, 97887
2026/07/08 14:22:56.397, 3, 0, 48104, 97887
2026/07/08 14:22:56.411, 4, 0, 75370, 97887
2026/07/08 14:22:56.427, 5, 0, 75370, 97887
2026/07/08 14:22:56.441, 6, 0, 75376, 97887
2026/07/08 14:22:56.456, 7, 0, 75376, 97887
2026/07/08 14:22:57.468, 0, 0, 48704, 97887
2026/07/08 14:22:57.481, 1, 0, 48104, 97887
2026/07/08 14:22:57.493, 2, 0, 48104, 97887
2026/07/08 14:22:57.506, 3, 0, 48104, 97887
2026/07/08 14:22:57.519, 4, 0, 75370, 97887
2026/07/08 14:22:57.531, 5, 0, 75370, 97887
2026/07/08 14:22:57.543, 6, 0, 75376, 97887
2026/07/08 14:22:57.553, 7, 0, 75376, 97887
2026/07/08 14:22:58.568, 0, 0, 48704, 97887
2026/07/08 14:22:58.585, 1, 0, 48104, 97887
2026/07/08 14:22:58.602, 2, 0, 48104, 97887
2026/07/08 14:22:58.618, 3, 0, 48104, 97887
2026/07/08 14:22:58.634, 4, 0, 75370, 97887
2026/07/08 14:22:58.648, 5, 0, 75370, 97887
2026/07/08 14:22:58.663, 6, 0, 75376, 97887
2026/07/08 14:22:58.680, 7, 0, 75376, 97887
2026/07/08 14:22:59.695, 0, 0, 48704, 97887
2026/07/08 14:22:59.710, 1, 0, 48104, 97887
2026/07/08 14:22:59.727, 2, 0, 48104, 97887
2026/07/08 14:22:59.743, 3, 0, 48104, 97887
2026/07/08 14:22:59.759, 4, 0, 75370, 97887
2026/07/08 14:22:59.775, 5, 0, 75370, 97887
2026/07/08 14:22:59.791, 6, 0, 75376, 97887
2026/07/08 14:22:59.808, 7, 0, 75376, 97887
2026/07/08 14:23:00.823, 0, 0, 48704, 97887
2026/07/08 14:23:00.841, 1, 0, 48104, 97887
2026/07/08 14:23:00.858, 2, 0, 48104, 97887
2026/07/08 14:23:00.875, 3, 0, 48104, 97887
2026/07/08 14:23:00.890, 4, 0, 75370, 97887
2026/07/08 14:23:00.907, 5, 0, 75370, 97887
2026/07/08 14:23:00.925, 6, 0, 75376, 97887
2026/07/08 14:23:00.941, 7, 0, 75376, 97887
2026/07/08 14:23:01.956, 0, 0, 48704, 97887
2026/07/08 14:23:01.971, 1, 0, 48104, 97887
2026/07/08 14:23:01.983, 2, 0, 48104, 97887
2026/07/08 14:23:02.000, 3, 0, 48104, 97887
2026/07/08 14:23:02.016, 4, 0, 75370, 97887
2026/07/08 14:23:02.031, 5, 0, 75370, 97887
2026/07/08 14:23:02.045, 6, 0, 75376, 97887
2026/07/08 14:23:02.058, 7, 0, 75376, 97887
2026/07/08 14:23:03.072, 0, 0, 48704, 97887
2026/07/08 14:23:03.091, 1, 0, 48104, 97887
2026/07/08 14:23:03.108, 2, 0, 48104, 97887
2026/07/08 14:23:03.124, 3, 0, 48104, 97887
2026/07/08 14:23:03.139, 4, 0, 75370, 97887
2026/07/08 14:23:03.155, 5, 0, 75370, 97887
2026/07/08 14:23:03.170, 6, 0, 75376, 97887
2026/07/08 14:23:03.187, 7, 0, 75376, 97887
2026/07/08 14:23:04.204, 0, 0, 48704, 97887
2026/07/08 14:23:04.221, 1, 0, 48104, 97887
2026/07/08 14:23:04.239, 2, 0, 48104, 97887
2026/07/08 14:23:04.258, 3, 0, 48104, 97887
2026/07/08 14:23:04.275, 4, 0, 75370, 97887
2026/07/08 14:23:04.291, 5, 0, 75370, 97887
2026/07/08 14:23:04.310, 6, 0, 75376, 97887
2026/07/08 14:23:04.326, 7, 0, 75376, 97887
2026/07/08 14:23:05.343, 0, 0, 48704, 97887
2026/07/08 14:23:05.361, 1, 0, 48104, 97887
2026/07/08 14:23:05.376, 2, 0, 48104, 97887
2026/07/08 14:23:05.392, 3, 0, 48104, 97887
2026/07/08 14:23:05.410, 4, 0, 75370, 97887
2026/07/08 14:23:05.428, 5, 0, 75370, 97887
2026/07/08 14:23:05.446, 6, 0, 75376, 97887
2026/07/08 14:23:05.464, 7, 0, 75376, 97887
2026/07/08 14:23:06.483, 0, 0, 48704, 97887
2026/07/08 14:23:06.501, 1, 0, 48104, 97887
2026/07/08 14:23:06.519, 2, 0, 48104, 97887
2026/07/08 14:23:06.535, 3, 0, 48104, 97887
2026/07/08 14:23:06.552, 4, 0, 75370, 97887
2026/07/08 14:23:06.568, 5, 0, 75370, 97887
2026/07/08 14:23:06.584, 6, 0, 75376, 97887
2026/07/08 14:23:06.600, 7, 0, 75376, 97887
2026/07/08 14:23:07.616, 0, 0, 48704, 97887
2026/07/08 14:23:07.635, 1, 0, 48104, 97887
2026/07/08 14:23:07.650, 2, 0, 48104, 97887
2026/07/08 14:23:07.664, 3, 0, 48104, 97887
2026/07/08 14:23:07.678, 4, 0, 75370, 97887
2026/07/08 14:23:07.694, 5, 0, 75370, 97887
2026/07/08 14:23:07.711, 6, 0, 75376, 97887
2026/07/08 14:23:07.728, 7, 0, 75376, 97887
2026/07/08 14:23:08.741, 0, 0, 48704, 97887
2026/07/08 14:23:08.755, 1, 0, 48104, 97887
2026/07/08 14:23:08.769, 2, 0, 48104, 97887
2026/07/08 14:23:08.785, 3, 0, 48104, 97887
2026/07/08 14:23:08.798, 4, 0, 75370, 97887
2026/07/08 14:23:08.813, 5, 0, 75370, 97887
2026/07/08 14:23:08.828, 6, 0, 75376, 97887
2026/07/08 14:23:08.845, 7, 0, 75376, 97887
2026/07/08 14:23:09.862, 0, 0, 48704, 97887
2026/07/08 14:23:09.881, 1, 0, 48104, 97887
2026/07/08 14:23:09.898, 2, 0, 48104, 97887
2026/07/08 14:23:09.915, 3, 0, 48104, 97887
2026/07/08 14:23:09.933, 4, 0, 75370, 97887
2026/07/08 14:23:09.949, 5, 0, 75370, 97887
2026/07/08 14:23:09.965, 6, 0, 75376, 97887
2026/07/08 14:23:09.983, 7, 0, 75376, 97887
2026/07/08 14:23:11.000, 0, 0, 48704, 97887
2026/07/08 14:23:11.018, 1, 0, 48104, 97887
2026/07/08 14:23:11.032, 2, 0, 48104, 97887
2026/07/08 14:23:11.047, 3, 0, 48104, 97887
2026/07/08 14:23:11.061, 4, 0, 75370, 97887
2026/07/08 14:23:11.078, 5, 0, 75370, 97887
2026/07/08 14:23:11.093, 6, 0, 75376, 97887
2026/07/08 14:23:11.111, 7, 0, 75376, 97887
2026/07/08 14:23:12.127, 0, 0, 48704, 97887
2026/07/08 14:23:12.145, 1, 0, 48104, 97887
2026/07/08 14:23:12.163, 2, 0, 48104, 97887
2026/07/08 14:23:12.179, 3, 0, 48104, 97887
2026/07/08 14:23:12.195, 4, 0, 75370, 97887
2026/07/08 14:23:12.212, 5, 0, 75370, 97887
2026/07/08 14:23:12.228, 6, 0, 75376, 97887
2026/07/08 14:23:12.242, 7, 0, 75376, 97887
2026/07/08 14:23:13.256, 0, 0, 48704, 97887
2026/07/08 14:23:13.276, 1, 0, 48104, 97887
2026/07/08 14:23:13.296, 2, 0, 48104, 97887
2026/07/08 14:23:13.313, 3, 0, 48104, 97887
2026/07/08 14:23:13.332, 4, 0, 75370, 97887
2026/07/08 14:23:13.350, 5, 0, 75370, 97887
2026/07/08 14:23:13.372, 6, 0, 75376, 97887
2026/07/08 14:23:13.389, 7, 0, 75376, 97887
2026/07/08 14:23:14.406, 0, 0, 48704, 97887
2026/07/08 14:23:14.424, 1, 0, 48104, 97887
2026/07/08 14:23:14.447, 2, 0, 48104, 97887
2026/07/08 14:23:14.469, 3, 0, 48104, 97887
2026/07/08 14:23:14.492, 4, 0, 75370, 97887
2026/07/08 14:23:14.511, 5, 0, 75370, 97887
2026/07/08 14:23:14.528, 6, 0, 75376, 97887
2026/07/08 14:23:14.544, 7, 0, 75376, 97887
2026/07/08 14:23:15.567, 0, 0, 48704, 97887
2026/07/08 14:23:15.584, 1, 0, 48104, 97887
2026/07/08 14:23:15.602, 2, 0, 48104, 97887
2026/07/08 14:23:15.618, 3, 0, 48104, 97887
2026/07/08 14:23:15.634, 4, 0, 75370, 97887
2026/07/08 14:23:15.650, 5, 0, 75370, 97887
2026/07/08 14:23:15.667, 6, 0, 75376, 97887
2026/07/08 14:23:15.683, 7, 0, 75376, 97887
2026/07/08 14:23:16.696, 0, 0, 48704, 97887
2026/07/08 14:23:16.713, 1, 0, 48104, 97887
2026/07/08 14:23:16.729, 2, 0, 48104, 97887
2026/07/08 14:23:16.747, 3, 0, 48104, 97887
2026/07/08 14:23:16.764, 4, 0, 75370, 97887
2026/07/08 14:23:16.780, 5, 0, 75370, 97887
2026/07/08 14:23:16.796, 6, 0, 75376, 97887
2026/07/08 14:23:16.810, 7, 0, 75376, 97887
2026/07/08 14:23:17.826, 0, 0, 48704, 97887
2026/07/08 14:23:17.844, 1, 0, 48104, 97887
2026/07/08 14:23:17.859, 2, 0, 48104, 97887
2026/07/08 14:23:17.875, 3, 0, 48104, 97887
2026/07/08 14:23:17.887, 4, 0, 75370, 97887
2026/07/08 14:23:17.900, 5, 0, 75370, 97887
2026/07/08 14:23:17.912, 6, 0, 75376, 97887
2026/07/08 14:23:17.922, 7, 0, 75376, 97887
2026/07/08 14:23:18.937, 0, 0, 48704, 97887
2026/07/08 14:23:18.953, 1, 0, 48104, 97887
2026/07/08 14:23:18.969, 2, 0, 48104, 97887
2026/07/08 14:23:18.982, 3, 0, 48104, 97887
2026/07/08 14:23:18.996, 4, 0, 75370, 97887
2026/07/08 14:23:19.011, 5, 0, 75370, 97887
2026/07/08 14:23:19.028, 6, 0, 75376, 97887
2026/07/08 14:23:19.045, 7, 0, 75376, 97887
2026/07/08 14:23:20.060, 0, 0, 48704, 97887
2026/07/08 14:23:20.079, 1, 0, 48104, 97887
2026/07/08 14:23:20.096, 2, 0, 48104, 97887
2026/07/08 14:23:20.110, 3, 0, 48104, 97887
2026/07/08 14:23:20.126, 4, 0, 75370, 97887
2026/07/08 14:23:20.143, 5, 0, 75370, 97887
2026/07/08 14:23:20.160, 6, 0, 75376, 97887
2026/07/08 14:23:20.178, 7, 0, 75376, 97887
2026/07/08 14:23:21.196, 0, 0, 48704, 97887
2026/07/08 14:23:21.209, 1, 0, 48104, 97887
2026/07/08 14:23:21.218, 2, 0, 48104, 97887
2026/07/08 14:23:21.231, 3, 0, 48104, 97887
2026/07/08 14:23:21.248, 4, 0, 75370, 97887
2026/07/08 14:23:21.264, 5, 0, 75370, 97887
2026/07/08 14:23:21.281, 6, 0, 75376, 97887
2026/07/08 14:23:21.300, 7, 0, 75376, 97887
2026/07/08 14:23:22.317, 0, 0, 48704, 97887
2026/07/08 14:23:22.335, 1, 0, 48104, 97887
2026/07/08 14:23:22.350, 2, 0, 48104, 97887
2026/07/08 14:23:22.365, 3, 0, 48104, 97887
2026/07/08 14:23:22.383, 4, 0, 75370, 97887
2026/07/08 14:23:22.399, 5, 0, 75370, 97887
2026/07/08 14:23:22.415, 6, 0, 75376, 97887
2026/07/08 14:23:22.432, 7, 0, 75376, 97887
2026/07/08 14:23:23.450, 0, 0, 48704, 97887
2026/07/08 14:23:23.465, 1, 0, 48104, 97887
2026/07/08 14:23:23.481, 2, 0, 48104, 97887
2026/07/08 14:23:23.494, 3, 0, 48104, 97887
2026/07/08 14:23:23.510, 4, 0, 75370, 97887
2026/07/08 14:23:23.524, 5, 0, 75370, 97887
2026/07/08 14:23:23.542, 6, 0, 75376, 97887
2026/07/08 14:23:23.555, 7, 0, 75376, 97887
2026/07/08 14:23:24.568, 0, 0, 48704, 97887
2026/07/08 14:23:24.580, 1, 0, 48104, 97887
2026/07/08 14:23:24.592, 2, 0, 48104, 97887
2026/07/08 14:23:24.603, 3, 0, 48104, 97887
2026/07/08 14:23:24.616, 4, 0, 75370, 97887
2026/07/08 14:23:24.630, 5, 0, 75370, 97887
2026/07/08 14:23:24.644, 6, 0, 75376, 97887
2026/07/08 14:23:24.654, 7, 0, 75376, 97887
2026/07/08 14:23:25.666, 0, 0, 48704, 97887
2026/07/08 14:23:25.679, 1, 0, 48104, 97887
2026/07/08 14:23:25.689, 2, 0, 48104, 97887
2026/07/08 14:23:25.701, 3, 0, 48104, 97887
2026/07/08 14:23:25.716, 4, 0, 75370, 97887
2026/07/08 14:23:25.728, 5, 0, 75370, 97887
2026/07/08 14:23:25.743, 6, 0, 75376, 97887
2026/07/08 14:23:25.758, 7, 0, 75376, 97887
2026/07/08 14:23:26.773, 0, 0, 48704, 97887
2026/07/08 14:23:26.790, 1, 0, 48104, 97887
2026/07/08 14:23:26.807, 2, 0, 48104, 97887
2026/07/08 14:23:26.829, 3, 0, 48104, 97887
2026/07/08 14:23:26.846, 4, 0, 75370, 97887
2026/07/08 14:23:26.861, 5, 0, 75370, 97887
2026/07/08 14:23:26.875, 6, 0, 75376, 97887
2026/07/08 14:23:26.890, 7, 0, 75376, 97887
2026/07/08 14:23:27.902, 0, 0, 48704, 97887
2026/07/08 14:23:27.917, 1, 0, 48104, 97887
2026/07/08 14:23:27.933, 2, 0, 48104, 97887
2026/07/08 14:23:27.949, 3, 0, 48104, 97887
2026/07/08 14:23:27.963, 4, 0, 75370, 97887
2026/07/08 14:23:27.983, 5, 0, 75370, 97887
2026/07/08 14:23:28.000, 6, 0, 75376, 97887
2026/07/08 14:23:28.016, 7, 0, 75376, 97887
2026/07/08 14:23:29.030, 0, 0, 48704, 97887
2026/07/08 14:23:29.046, 1, 0, 48104, 97887
2026/07/08 14:23:29.061, 2, 0, 48104, 97887
2026/07/08 14:23:29.074, 3, 0, 48104, 97887
2026/07/08 14:23:29.087, 4, 0, 75370, 97887
2026/07/08 14:23:29.102, 5, 0, 75370, 97887
2026/07/08 14:23:29.113, 6, 0, 75376, 97887
2026/07/08 14:23:29.127, 7, 0, 75376, 97887
2026/07/08 14:23:30.144, 0, 0, 48704, 97887
2026/07/08 14:23:30.162, 1, 0, 48104, 97887
2026/07/08 14:23:30.179, 2, 0, 48104, 97887
2026/07/08 14:23:30.195, 3, 0, 48104, 97887
2026/07/08 14:23:30.211, 4, 0, 75370, 97887
2026/07/08 14:23:30.229, 5, 0, 75370, 97887
2026/07/08 14:23:30.245, 6, 0, 75376, 97887
2026/07/08 14:23:30.261, 7, 0, 75376, 97887
2026/07/08 14:23:31.277, 0, 0, 48704, 97887
2026/07/08 14:23:31.295, 1, 0, 48104, 97887
2026/07/08 14:23:31.307, 2, 0, 48104, 97887
2026/07/08 14:23:31.323, 3, 0, 48104, 97887
2026/07/08 14:23:31.341, 4, 0, 75370, 97887
2026/07/08 14:23:31.360, 5, 0, 75370, 97887
2026/07/08 14:23:31.378, 6, 0, 75376, 97887
2026/07/08 14:23:31.392, 7, 0, 75376, 97887
2026/07/08 14:23:32.404, 0, 0, 48704, 97887
2026/07/08 14:23:32.424, 1, 0, 48104, 97887
2026/07/08 14:23:32.442, 2, 0, 48104, 97887
2026/07/08 14:23:32.458, 3, 0, 48104, 97887
2026/07/08 14:23:32.476, 4, 0, 75370, 97887
2026/07/08 14:23:32.495, 5, 0, 75370, 97887
2026/07/08 14:23:32.511, 6, 0, 75376, 97887
2026/07/08 14:23:32.521, 7, 0, 75376, 97887
2026/07/08 14:23:33.532, 0, 0, 48704, 97887
2026/07/08 14:23:33.551, 1, 0, 48104, 97887
2026/07/08 14:23:33.569, 2, 0, 48104, 97887
2026/07/08 14:23:33.587, 3, 0, 48104, 97887
2026/07/08 14:23:33.601, 4, 0, 75370, 97887
2026/07/08 14:23:33.619, 5, 0, 75370, 97887
2026/07/08 14:23:33.636, 6, 0, 75376, 97887
2026/07/08 14:23:33.651, 7, 0, 75376, 97887
2026/07/08 14:23:34.666, 0, 0, 48704, 97887
2026/07/08 14:23:34.680, 1, 0, 48104, 97887
2026/07/08 14:23:34.691, 2, 0, 48104, 97887
2026/07/08 14:23:34.699, 3, 0, 48104, 97887
2026/07/08 14:23:34.704, 4, 0, 75370, 97887
2026/07/08 14:23:34.717, 5, 0, 75370, 97887
2026/07/08 14:23:34.732, 6, 0, 75376, 97887
2026/07/08 14:23:34.744, 7, 0, 75376, 97887
2026/07/08 14:23:35.755, 0, 0, 48704, 97887
2026/07/08 14:23:35.770, 1, 0, 48104, 97887
2026/07/08 14:23:35.784, 2, 0, 48104, 97887
2026/07/08 14:23:35.799, 3, 0, 48104, 97887
2026/07/08 14:23:35.814, 4, 0, 75370, 97887
2026/07/08 14:23:35.831, 5, 0, 75370, 97887
2026/07/08 14:23:35.846, 6, 0, 75376, 97887
2026/07/08 14:23:35.862, 7, 0, 75376, 97887
2026/07/08 14:23:36.878, 0, 0, 48704, 97887
2026/07/08 14:23:36.896, 1, 0, 48104, 97887
2026/07/08 14:23:36.912, 2, 0, 48104, 97887
2026/07/08 14:23:36.932, 3, 0, 48104, 97887
2026/07/08 14:23:36.950, 4, 0, 75370, 97887
2026/07/08 14:23:36.967, 5, 0, 75370, 97887
2026/07/08 14:23:36.983, 6, 0, 75376, 97887
2026/07/08 14:23:36.999, 7, 0, 75376, 97887
2026/07/08 14:23:38.017, 0, 0, 48704, 97887
2026/07/08 14:23:38.035, 1, 0, 48104, 97887
2026/07/08 14:23:38.049, 2, 0, 48104, 97887
2026/07/08 14:23:38.065, 3, 0, 48104, 97887
2026/07/08 14:23:38.079, 4, 0, 75370, 97887
2026/07/08 14:23:38.092, 5, 0, 75370, 97887
2026/07/08 14:23:38.104, 6, 0, 75376, 97887
2026/07/08 14:23:38.114, 7, 0, 75376, 97887
2026/07/08 14:23:39.127, 0, 0, 48704, 97887
2026/07/08 14:23:39.146, 1, 0, 48104, 97887
2026/07/08 14:23:39.164, 2, 0, 48104, 97887
2026/07/08 14:23:39.178, 3, 0, 48104, 97887
2026/07/08 14:23:39.191, 4, 0, 75370, 97887
2026/07/08 14:23:39.202, 5, 0, 75370, 97887
2026/07/08 14:23:39.215, 6, 0, 75376, 97887
2026/07/08 14:23:39.228, 7, 0, 75376, 97887
2026/07/08 14:23:40.244, 0, 0, 48704, 97887
2026/07/08 14:23:40.258, 1, 0, 48104, 97887
2026/07/08 14:23:40.271, 2, 0, 48104, 97887
2026/07/08 14:23:40.285, 3, 0, 48104, 97887
2026/07/08 14:23:40.297, 4, 0, 75370, 97887
2026/07/08 14:23:40.311, 5, 0, 75370, 97887
2026/07/08 14:23:40.325, 6, 0, 75376, 97887
2026/07/08 14:23:40.344, 7, 0, 75376, 97887
2026/07/08 14:23:41.360, 0, 0, 48704, 97887
2026/07/08 14:23:41.377, 1, 0, 48104, 97887
2026/07/08 14:23:41.392, 2, 0, 48104, 97887
2026/07/08 14:23:41.406, 3, 0, 48104, 97887
2026/07/08 14:23:41.421, 4, 0, 75370, 97887
2026/07/08 14:23:41.435, 5, 0, 75370, 97887
2026/07/08 14:23:41.449, 6, 0, 75376, 97887
2026/07/08 14:23:41.462, 7, 0, 75376, 97887
2026/07/08 14:23:42.475, 0, 0, 48704, 97887
2026/07/08 14:23:42.486, 1, 0, 48104, 97887
2026/07/08 14:23:42.498, 2, 0, 48104, 97887
2026/07/08 14:23:42.510, 3, 0, 48104, 97887
2026/07/08 14:23:42.521, 4, 0, 75370, 97887
2026/07/08 14:23:42.532, 5, 0, 75370, 97887
2026/07/08 14:23:42.541, 6, 0, 75376, 97887
2026/07/08 14:23:42.551, 7, 0, 75376, 97887
2026/07/08 14:23:43.560, 0, 0, 48704, 97887
2026/07/08 14:23:43.578, 1, 0, 48104, 97887
2026/07/08 14:23:43.591, 2, 0, 48104, 97887
2026/07/08 14:23:43.602, 3, 0, 48104, 97887
2026/07/08 14:23:43.617, 4, 0, 75370, 97887
2026/07/08 14:23:43.634, 5, 0, 75370, 97887
2026/07/08 14:23:43.649, 6, 0, 75376, 97887
2026/07/08 14:23:43.665, 7, 0, 75376, 97887
2026/07/08 14:23:44.677, 0, 0, 48704, 97887
2026/07/08 14:23:44.694, 1, 0, 48104, 97887
2026/07/08 14:23:44.709, 2, 0, 48104, 97887
2026/07/08 14:23:44.723, 3, 0, 48104, 97887
2026/07/08 14:23:44.737, 4, 0, 75370, 97887
2026/07/08 14:23:44.748, 5, 0, 75370, 97887
2026/07/08 14:23:44.756, 6, 0, 75376, 97887
2026/07/08 14:23:44.767, 7, 0, 75376, 97887
2026/07/08 14:23:45.781, 0, 0, 48704, 97887
2026/07/08 14:23:45.792, 1, 0, 48104, 97887
2026/07/08 14:23:45.804, 2, 0, 48104, 97887
2026/07/08 14:23:45.815, 3, 0, 48104, 97887
2026/07/08 14:23:45.829, 4, 0, 75370, 97887
2026/07/08 14:23:45.843, 5, 0, 75370, 97887
2026/07/08 14:23:45.856, 6, 100, 75408, 97887
2026/07/08 14:23:45.872, 7, 100, 75408, 97887
2026/07/08 14:23:46.887, 0, 0, 48704, 97887
2026/07/08 14:23:46.901, 1, 0, 48104, 97887
2026/07/08 14:23:46.916, 2, 0, 48104, 97887
2026/07/08 14:23:46.929, 3, 0, 48104, 97887
2026/07/08 14:23:46.953, 4, 100, 75406, 97887
2026/07/08 14:23:46.974, 5, 95, 75406, 97887
2026/07/08 14:23:46.990, 6, 100, 75410, 97887
2026/07/08 14:23:47.007, 7, 100, 75410, 97887
2026/07/08 14:23:48.024, 0, 0, 48704, 97887
2026/07/08 14:23:48.042, 1, 0, 48104, 97887
2026/07/08 14:23:48.059, 2, 0, 48104, 97887
2026/07/08 14:23:48.068, 3, 0, 48104, 97887
2026/07/08 14:23:48.077, 4, 82, 75410, 97887
2026/07/08 14:23:48.090, 5, 16, 75410, 97887
2026/07/08 14:23:48.102, 6, 30, 75410, 97887
2026/07/08 14:23:48.111, 7, 87, 75410, 97887
2026/07/08 14:23:49.117, 0, 0, 48704, 97887
2026/07/08 14:23:49.130, 1, 0, 48104, 97887
2026/07/08 14:23:49.142, 2, 0, 48104, 97887
2026/07/08 14:23:49.156, 3, 0, 48104, 97887
2026/07/08 14:23:49.173, 4, 89, 75410, 97887
2026/07/08 14:23:49.188, 5, 22, 75410, 97887
2026/07/08 14:23:49.204, 6, 23, 75410, 97887
2026/07/08 14:23:49.221, 7, 82, 75410, 97887
2026/07/08 14:23:50.238, 0, 0, 48704, 97887
2026/07/08 14:23:50.255, 1, 0, 48104, 97887
2026/07/08 14:23:50.271, 2, 0, 48104, 97887
2026/07/08 14:23:50.287, 3, 0, 48104, 97887
2026/07/08 14:23:50.305, 4, 93, 75410, 97887
2026/07/08 14:23:50.322, 5, 18, 75410, 97887
2026/07/08 14:23:50.335, 6, 24, 75410, 97887
2026/07/08 14:23:50.349, 7, 73, 75410, 97887
2026/07/08 14:23:51.363, 0, 0, 48704, 97887
2026/07/08 14:23:51.380, 1, 0, 48104, 97887
2026/07/08 14:23:51.396, 2, 0, 48104, 97887
2026/07/08 14:23:51.410, 3, 0, 48104, 97887
2026/07/08 14:23:51.428, 4, 90, 75410, 97887
2026/07/08 14:23:51.445, 5, 22, 75410, 97887
2026/07/08 14:23:51.463, 6, 28, 75410, 97887
2026/07/08 14:23:51.480, 7, 79, 75410, 97887
2026/07/08 14:23:52.495, 0, 0, 48704, 97887
2026/07/08 14:23:52.511, 1, 0, 48104, 97887
2026/07/08 14:23:52.525, 2, 0, 48104, 97887
2026/07/08 14:23:52.542, 3, 0, 48104, 97887
2026/07/08 14:23:52.559, 4, 91, 75410, 97887
2026/07/08 14:23:52.576, 5, 21, 75410, 97887
2026/07/08 14:23:52.596, 6, 25, 75410, 97887
2026/07/08 14:23:52.616, 7, 87, 75410, 97887
2026/07/08 14:23:53.634, 0, 0, 48704, 97887
2026/07/08 14:23:53.645, 1, 0, 48104, 97887
2026/07/08 14:23:53.657, 2, 0, 48104, 97887
2026/07/08 14:23:53.673, 3, 0, 48104, 97887
2026/07/08 14:23:53.687, 4, 79, 75410, 97887
2026/07/08 14:23:53.702, 5, 23, 75410, 97887
2026/07/08 14:23:53.715, 6, 58, 75410, 97887
2026/07/08 14:23:53.730, 7, 35, 75410, 97887
2026/07/08 14:23:54.744, 0, 0, 48704, 97887
2026/07/08 14:23:54.759, 1, 0, 48104, 97887
2026/07/08 14:23:54.776, 2, 0, 48104, 97887
2026/07/08 14:23:54.794, 3, 0, 48104, 97887
2026/07/08 14:23:54.810, 4, 86, 75410, 97887
2026/07/08 14:23:54.829, 5, 20, 75410, 97887
2026/07/08 14:23:54.846, 6, 38, 75410, 97887
2026/07/08 14:23:54.865, 7, 53, 75410, 97887
2026/07/08 14:23:55.881, 0, 0, 48704, 97887
2026/07/08 14:23:55.900, 1, 0, 48104, 97887
2026/07/08 14:23:55.917, 2, 0, 48104, 97887
2026/07/08 14:23:55.932, 3, 0, 48104, 97887
2026/07/08 14:23:55.947, 4, 66, 75410, 97887
2026/07/08 14:23:55.964, 5, 24, 75410, 97887
2026/07/08 14:23:55.977, 6, 34, 75410, 97887
2026/07/08 14:23:55.992, 7, 61, 75410, 97887
2026/07/08 14:23:57.001, 0, 0, 48704, 97887
2026/07/08 14:23:57.013, 1, 0, 48104, 97887
2026/07/08 14:23:57.026, 2, 0, 48104, 97887
2026/07/08 14:23:57.038, 3, 0, 48104, 97887
2026/07/08 14:23:57.050, 4, 64, 75410, 97887
2026/07/08 14:23:57.063, 5, 48, 75410, 97887
2026/07/08 14:23:57.075, 6, 73, 75410, 97887
2026/07/08 14:23:57.087, 7, 36, 75410, 97887
2026/07/08 14:23:58.102, 0, 0, 48704, 97887
2026/07/08 14:23:58.120, 1, 0, 48104, 97887
2026/07/08 14:23:58.132, 2, 0, 48104, 97887
2026/07/08 14:23:58.140, 3, 0, 48104, 97887
2026/07/08 14:23:58.163, 4, 32, 75410, 97887
2026/07/08 14:23:58.175, 5, 40, 75410, 97887
2026/07/08 14:23:58.193, 6, 32, 75410, 97887
2026/07/08 14:23:58.210, 7, 56, 75410, 97887
2026/07/08 14:23:59.226, 0, 0, 48704, 97887
2026/07/08 14:23:59.243, 1, 0, 48104, 97887
2026/07/08 14:23:59.255, 2, 0, 48104, 97887
2026/07/08 14:23:59.268, 3, 0, 48104, 97887
2026/07/08 14:23:59.282, 4, 52, 75410, 97887
2026/07/08 14:23:59.293, 5, 71, 75410, 97887
2026/07/08 14:23:59.305, 6, 32, 75410, 97887
2026/07/08 14:23:59.315, 7, 74, 75410, 97887
2026/07/08 14:24:00.325, 0, 0, 48704, 97887
2026/07/08 14:24:00.339, 1, 0, 48104, 97887
2026/07/08 14:24:00.352, 2, 0, 48104, 97887
2026/07/08 14:24:00.367, 3, 0, 48104, 97887
2026/07/08 14:24:00.382, 4, 52, 75410, 97887
2026/07/08 14:24:00.398, 5, 54, 75410, 97887
2026/07/08 14:24:00.412, 6, 47, 75410, 97887
2026/07/08 14:24:00.427, 7, 39, 75410, 97887
2026/07/08 14:24:01.446, 0, 0, 48704, 97887
2026/07/08 14:24:01.458, 1, 0, 48104, 97887
2026/07/08 14:24:01.472, 2, 0, 48104, 97887
2026/07/08 14:24:01.486, 3, 0, 48104, 97887
2026/07/08 14:24:01.496, 4, 79, 75410, 97887
2026/07/08 14:24:01.506, 5, 24, 75410, 97887
2026/07/08 14:24:01.513, 6, 33, 75410, 97887
2026/07/08 14:24:01.524, 7, 47, 75410, 97887
2026/07/08 14:24:02.534, 0, 0, 48704, 97887
2026/07/08 14:24:02.546, 1, 0, 48104, 97887
2026/07/08 14:24:02.557, 2, 0, 48104, 97887
2026/07/08 14:24:02.565, 3, 0, 48104, 97887
2026/07/08 14:24:02.569, 4, 43, 75410, 97887
2026/07/08 14:24:02.577, 5, 67, 75410, 97887
2026/07/08 14:24:02.586, 6, 26, 75410, 97887
2026/07/08 14:24:02.597, 7, 75, 75410, 97887
2026/07/08 14:24:03.606, 0, 0, 48704, 97887
2026/07/08 14:24:03.618, 1, 0, 48104, 97887
2026/07/08 14:24:03.635, 2, 0, 48104, 97887
2026/07/08 14:24:03.654, 3, 0, 48104, 97887
2026/07/08 14:24:03.669, 4, 34, 75410, 97887
2026/07/08 14:24:03.686, 5, 80, 75410, 97887
2026/07/08 14:24:03.703, 6, 44, 75410, 97887
2026/07/08 14:24:03.720, 7, 53, 75410, 97887
2026/07/08 14:24:04.738, 0, 0, 48704, 97887
2026/07/08 14:24:04.752, 1, 0, 48104, 97887
2026/07/08 14:24:04.766, 2, 0, 48104, 97887
2026/07/08 14:24:04.783, 3, 0, 48104, 97887
2026/07/08 14:24:04.800, 4, 29, 75410, 97887
2026/07/08 14:24:04.814, 5, 56, 75410, 97887
2026/07/08 14:24:04.830, 6, 86, 75410, 97887
2026/07/08 14:24:04.845, 7, 42, 75410, 97887
2026/07/08 14:24:05.864, 0, 0, 48704, 97887
2026/07/08 14:24:05.881, 1, 0, 48104, 97887
2026/07/08 14:24:05.896, 2, 0, 48104, 97887
2026/07/08 14:24:05.912, 3, 0, 48104, 97887
2026/07/08 14:24:05.929, 4, 93, 75410, 97887
2026/07/08 14:24:05.945, 5, 28, 75410, 97887
2026/07/08 14:24:05.960, 6, 76, 75410, 97887
2026/07/08 14:24:05.977, 7, 26, 75410, 97887
2026/07/08 14:24:06.990, 0, 0, 48704, 97887
2026/07/08 14:24:07.006, 1, 0, 48104, 97887
2026/07/08 14:24:07.017, 2, 0, 48104, 97887
2026/07/08 14:24:07.030, 3, 0, 48104, 97887
2026/07/08 14:24:07.043, 4, 49, 75410, 97887
2026/07/08 14:24:07.059, 5, 37, 75410, 97887
2026/07/08 14:24:07.075, 6, 26, 75410, 97887
2026/07/08 14:24:07.085, 7, 42, 75410, 97887
2026/07/08 14:24:08.096, 0, 0, 48704, 97887
2026/07/08 14:24:08.112, 1, 0, 48104, 97887
2026/07/08 14:24:08.128, 2, 0, 48104, 97887
2026/07/08 14:24:08.142, 3, 0, 48104, 97887
2026/07/08 14:24:08.154, 4, 57, 75410, 97887
2026/07/08 14:24:08.166, 5, 69, 75410, 97887
2026/07/08 14:24:08.175, 6, 38, 75410, 97887
2026/07/08 14:24:08.186, 7, 51, 75410, 97887
2026/07/08 14:24:09.199, 0, 0, 48704, 97887
2026/07/08 14:24:09.208, 1, 0, 48104, 97887
2026/07/08 14:24:09.218, 2, 0, 48104, 97887
2026/07/08 14:24:09.229, 3, 0, 48104, 97887
2026/07/08 14:24:09.240, 4, 26, 75410, 97887
2026/07/08 14:24:09.251, 5, 75, 75410, 97887
2026/07/08 14:24:09.265, 6, 37, 75410, 97887
2026/07/08 14:24:09.278, 7, 49, 75410, 97887
2026/07/08 14:24:10.295, 0, 0, 48704, 97887
2026/07/08 14:24:10.314, 1, 0, 48104, 97887
2026/07/08 14:24:10.329, 2, 0, 48104, 97887
2026/07/08 14:24:10.345, 3, 0, 48104, 97887
2026/07/08 14:24:10.360, 4, 49, 75410, 97887
2026/07/08 14:24:10.376, 5, 63, 75410, 97887
2026/07/08 14:24:10.391, 6, 93, 75410, 97887
2026/07/08 14:24:10.409, 7, 30, 75410, 97887
2026/07/08 14:24:11.426, 0, 0, 48704, 97887
2026/07/08 14:24:11.445, 1, 0, 48104, 97887
2026/07/08 14:24:11.463, 2, 0, 48104, 97887
2026/07/08 14:24:11.479, 3, 0, 48104, 97887
2026/07/08 14:24:11.494, 4, 24, 75410, 97887
2026/07/08 14:24:11.511, 5, 93, 75410, 97887
2026/07/08 14:24:11.527, 6, 63, 75410, 97887
2026/07/08 14:24:11.544, 7, 27, 75410, 97887
2026/07/08 14:24:12.559, 0, 0, 48704, 97887
2026/07/08 14:24:12.570, 1, 0, 48104, 97887
2026/07/08 14:24:12.575, 2, 0, 48104, 97887
2026/07/08 14:24:12.585, 3, 0, 48104, 97887
2026/07/08 14:24:12.598, 4, 27, 75410, 97887
2026/07/08 14:24:12.615, 5, 64, 75410, 97887
2026/07/08 14:24:12.631, 6, 45, 75410, 97887
2026/07/08 14:24:12.647, 7, 36, 75410, 97887
2026/07/08 14:24:13.660, 0, 0, 48704, 97887
2026/07/08 14:24:13.678, 1, 0, 48104, 97887
2026/07/08 14:24:13.695, 2, 0, 48104, 97887
2026/07/08 14:24:13.712, 3, 0, 48104, 97887
2026/07/08 14:24:13.727, 4, 33, 75410, 97887
2026/07/08 14:24:13.741, 5, 53, 75410, 97887
2026/07/08 14:24:13.753, 6, 34, 75410, 97887
2026/07/08 14:24:13.766, 7, 48, 75410, 97887
2026/07/08 14:24:14.781, 0, 0, 48704, 97887
2026/07/08 14:24:14.794, 1, 0, 48104, 97887
2026/07/08 14:24:14.806, 2, 0, 48104, 97887
2026/07/08 14:24:14.819, 3, 0, 48104, 97887
2026/07/08 14:24:14.833, 4, 51, 75410, 97887
2026/07/08 14:24:14.849, 5, 58, 75410, 97887
2026/07/08 14:24:14.863, 6, 32, 75410, 97887
2026/07/08 14:24:14.878, 7, 27, 75410, 97887
2026/07/08 14:24:15.894, 0, 0, 48704, 97887
2026/07/08 14:24:15.911, 1, 0, 48104, 97887
2026/07/08 14:24:15.931, 2, 0, 48104, 97887
2026/07/08 14:24:15.949, 3, 0, 48104, 97887
2026/07/08 14:24:15.965, 4, 32, 75410, 97887
2026/07/08 14:24:15.983, 5, 61, 75410, 97887
2026/07/08 14:24:15.999, 6, 72, 75410, 97887
2026/07/08 14:24:16.012, 7, 29, 75410, 97887
2026/07/08 14:24:17.026, 0, 0, 48704, 97887
2026/07/08 14:24:17.039, 1, 0, 48104, 97887
2026/07/08 14:24:17.051, 2, 0, 48104, 97887
2026/07/08 14:24:17.067, 3, 0, 48104, 97887
2026/07/08 14:24:17.082, 4, 20, 75410, 97887
2026/07/08 14:24:17.094, 5, 89, 75410, 97887
2026/07/08 14:24:17.109, 6, 40, 75410, 97887
2026/07/08 14:24:17.124, 7, 33, 75410, 97887
2026/07/08 14:24:18.139, 0, 0, 48704, 97887
2026/07/08 14:24:18.151, 1, 0, 48104, 97887
2026/07/08 14:24:18.163, 2, 0, 48104, 97887
2026/07/08 14:24:18.175, 3, 0, 48104, 97887
2026/07/08 14:24:18.188, 4, 29, 75410, 97887
2026/07/08 14:24:18.199, 5, 88, 75410, 97887
2026/07/08 14:24:18.212, 6, 36, 75410, 97887
2026/07/08 14:24:18.225, 7, 72, 75410, 97887
2026/07/08 14:24:19.238, 0, 0, 48704, 97887
2026/07/08 14:24:19.255, 1, 0, 48104, 97887
2026/07/08 14:24:19.272, 2, 0, 48104, 97887
2026/07/08 14:24:19.287, 3, 0, 48104, 97887
2026/07/08 14:24:19.301, 4, 29, 75410, 97887
2026/07/08 14:24:19.316, 5, 87, 75410, 97887
2026/07/08 14:24:19.331, 6, 85, 75410, 97887
2026/07/08 14:24:19.341, 7, 28, 75410, 97887
2026/07/08 14:24:20.352, 0, 0, 48704, 97887
2026/07/08 14:24:20.371, 1, 0, 48104, 97887
2026/07/08 14:24:20.385, 2, 0, 48104, 97887
2026/07/08 14:24:20.398, 3, 0, 48104, 97887
2026/07/08 14:24:20.414, 4, 26, 75410, 97887
2026/07/08 14:24:20.427, 5, 62, 75410, 97887
2026/07/08 14:24:20.439, 6, 55, 75410, 97887
2026/07/08 14:24:20.447, 7, 25, 75410, 97887
2026/07/08 14:24:21.457, 0, 0, 48704, 97887
2026/07/08 14:24:21.469, 1, 0, 48104, 97887
2026/07/08 14:24:21.482, 2, 0, 48104, 97887
2026/07/08 14:24:21.495, 3, 0, 48104, 97887
2026/07/08 14:24:21.511, 4, 20, 75410, 97887
2026/07/08 14:24:21.529, 5, 89, 75410, 97887
2026/07/08 14:24:21.539, 6, 37, 75410, 97887
2026/07/08 14:24:21.551, 7, 64, 75410, 97887
2026/07/08 14:24:22.567, 0, 0, 48704, 97887
2026/07/08 14:24:22.576, 1, 0, 48104, 97887
2026/07/08 14:24:22.584, 2, 0, 48104, 97887
2026/07/08 14:24:22.593, 3, 0, 48104, 97887
2026/07/08 14:24:22.606, 4, 36, 75410, 97887
2026/07/08 14:24:22.614, 5, 31, 75410, 97887
2026/07/08 14:24:22.621, 6, 24, 75410, 97887
2026/07/08 14:24:22.628, 7, 84, 75410, 97887
2026/07/08 14:24:23.636, 0, 0, 48704, 97887
2026/07/08 14:24:23.651, 1, 0, 48104, 97887
2026/07/08 14:24:23.665, 2, 0, 48104, 97887
2026/07/08 14:24:23.680, 3, 0, 48104, 97887
2026/07/08 14:24:23.695, 4, 33, 75410, 97887
2026/07/08 14:24:23.709, 5, 78, 75410, 97887
2026/07/08 14:24:23.720, 6, 29, 75410, 97887
2026/07/08 14:24:23.732, 7, 48, 75410, 97887
2026/07/08 14:24:24.742, 0, 0, 48704, 97887
2026/07/08 14:24:24.759, 1, 0, 48104, 97887
2026/07/08 14:24:24.773, 2, 0, 48104, 97887
2026/07/08 14:24:24.788, 3, 0, 48104, 97887
2026/07/08 14:24:24.803, 4, 36, 75410, 97887
2026/07/08 14:24:24.817, 5, 68, 75410, 97887
2026/07/08 14:24:24.834, 6, 94, 75410, 97887
2026/07/08 14:24:24.847, 7, 94, 75410, 97887
2026/07/08 14:24:25.862, 0, 0, 48704, 97887
2026/07/08 14:24:25.880, 1, 0, 48104, 97887
2026/07/08 14:24:25.897, 2, 0, 48104, 97887
2026/07/08 14:24:25.906, 3, 0, 48104, 97887
2026/07/08 14:24:25.912, 4, 35, 75410, 97887
2026/07/08 14:24:25.925, 5, 74, 75410, 97887
2026/07/08 14:24:25.938, 6, 66, 75422, 97887
2026/07/08 14:24:25.951, 7, 27, 75422, 97887
2026/07/08 14:24:26.965, 0, 0, 48704, 97887
2026/07/08 14:24:26.979, 1, 0, 48104, 97887
2026/07/08 14:24:26.995, 2, 0, 48104, 97887
2026/07/08 14:24:27.008, 3, 0, 48104, 97887
2026/07/08 14:24:27.020, 4, 100, 75410, 97887
2026/07/08 14:24:27.031, 5, 100, 75410, 97887
2026/07/08 14:24:27.043, 6, 79, 75476, 97887
2026/07/08 14:24:27.058, 7, 41, 75476, 97887
2026/07/08 14:24:28.076, 0, 0, 48704, 97887
2026/07/08 14:24:28.089, 1, 0, 48104, 97887
2026/07/08 14:24:28.106, 2, 0, 48104, 97887
2026/07/08 14:24:28.121, 3, 0, 48104, 97887
2026/07/08 14:24:28.138, 4, 100, 75410, 97887
2026/07/08 14:24:28.154, 5, 91, 75410, 97887
2026/07/08 14:24:28.169, 6, 36, 75476, 97887
2026/07/08 14:24:28.186, 7, 83, 75476, 97887
2026/07/08 14:24:29.202, 0, 0, 48704, 97887
2026/07/08 14:24:29.219, 1, 0, 48104, 97887
2026/07/08 14:24:29.235, 2, 0, 48104, 97887
2026/07/08 14:24:29.253, 3, 0, 48104, 97887
2026/07/08 14:24:29.272, 4, 32, 75468, 97887
2026/07/08 14:24:29.290, 5, 80, 75468, 97887
2026/07/08 14:24:29.309, 6, 45, 75476, 97887
2026/07/08 14:24:29.327, 7, 64, 75476, 97887
2026/07/08 14:24:30.344, 0, 0, 48704, 97887
2026/07/08 14:24:30.358, 1, 0, 48104, 97887
2026/07/08 14:24:30.369, 2, 0, 48104, 97887
2026/07/08 14:24:30.379, 3, 0, 48104, 97887
2026/07/08 14:24:30.388, 4, 44, 75468, 97887
2026/07/08 14:24:30.397, 5, 56, 75468, 97887
2026/07/08 14:24:30.413, 6, 81, 75476, 97887
2026/07/08 14:24:30.429, 7, 31, 75476, 97887
2026/07/08 14:24:31.450, 0, 0, 48704, 97887
2026/07/08 14:24:31.469, 1, 0, 48104, 97887
2026/07/08 14:24:31.486, 2, 0, 48104, 97887
2026/07/08 14:24:31.504, 3, 0, 48104, 97887
2026/07/08 14:24:31.521, 4, 38, 75468, 97887
2026/07/08 14:24:31.537, 5, 70, 75468, 97887
2026/07/08 14:24:31.555, 6, 42, 75476, 97887
2026/07/08 14:24:31.569, 7, 49, 75476, 97887
2026/07/08 14:24:32.583, 0, 0, 48704, 97887
2026/07/08 14:24:32.596, 1, 0, 48104, 97887
2026/07/08 14:24:32.607, 2, 0, 48104, 97887
2026/07/08 14:24:32.616, 3, 0, 48104, 97887
2026/07/08 14:24:32.630, 4, 67, 75468, 97887
2026/07/08 14:24:32.642, 5, 38, 75468, 97887
2026/07/08 14:24:32.653, 6, 29, 75476, 97887
2026/07/08 14:24:32.667, 7, 32, 75476, 97887
2026/07/08 14:24:33.683, 0, 0, 48704, 97887
2026/07/08 14:24:33.702, 1, 0, 48104, 97887
2026/07/08 14:24:33.717, 2, 0, 48104, 97887
2026/07/08 14:24:33.733, 3, 0, 48104, 97887
2026/07/08 14:24:33.751, 4, 90, 75468, 97887
2026/07/08 14:24:33.769, 5, 32, 75468, 97887
2026/07/08 14:24:33.785, 6, 32, 75476, 97887
2026/07/08 14:24:33.802, 7, 83, 75476, 97887
2026/07/08 14:24:34.817, 0, 0, 48704, 97887
2026/07/08 14:24:34.835, 1, 0, 48104, 97887
2026/07/08 14:24:34.852, 2, 0, 48104, 97887
2026/07/08 14:24:34.868, 3, 0, 48104, 97887
2026/07/08 14:24:34.884, 4, 93, 75468, 97887
2026/07/08 14:24:34.900, 5, 33, 75468, 97887
2026/07/08 14:24:34.918, 6, 37, 75476, 97887
2026/07/08 14:24:34.931, 7, 86, 75476, 97887
2026/07/08 14:24:35.947, 0, 0, 48704, 97887
2026/07/08 14:24:35.963, 1, 0, 48104, 97887
2026/07/08 14:24:35.979, 2, 0, 48104, 97887
2026/07/08 14:24:35.999, 3, 0, 48104, 97887
2026/07/08 14:24:36.014, 4, 87, 75468, 97887
2026/07/08 14:24:36.029, 5, 92, 75468, 97887
2026/07/08 14:24:36.046, 6, 100, 75476, 97887
2026/07/08 14:24:36.062, 7, 82, 75476, 97887
2026/07/08 14:24:37.075, 0, 0, 48704, 97887
2026/07/08 14:24:37.092, 1, 0, 48104, 97887
2026/07/08 14:24:37.110, 2, 0, 48104, 97887
2026/07/08 14:24:37.127, 3, 0, 48104, 97887
2026/07/08 14:24:37.141, 4, 43, 75468, 97887
2026/07/08 14:24:37.161, 5, 30, 75468, 97887
2026/07/08 14:24:37.180, 6, 35, 75494, 97887
2026/07/08 14:24:37.197, 7, 67, 75494, 97887
2026/07/08 14:24:38.216, 0, 0, 48704, 97887
2026/07/08 14:24:38.235, 1, 0, 48104, 97887
2026/07/08 14:24:38.252, 2, 0, 48104, 97887
2026/07/08 14:24:38.270, 3, 0, 48104, 97887
2026/07/08 14:24:38.286, 4, 92, 75468, 97887
2026/07/08 14:24:38.305, 5, 27, 75468, 97887
2026/07/08 14:24:38.321, 6, 32, 75516, 97887
2026/07/08 14:24:38.338, 7, 93, 75516, 97887
2026/07/08 14:24:39.355, 0, 0, 48704, 97887
2026/07/08 14:24:39.376, 1, 0, 48104, 97887
2026/07/08 14:24:39.393, 2, 0, 48104, 97887
2026/07/08 14:24:39.411, 3, 0, 48104, 97887
2026/07/08 14:24:39.430, 4, 90, 75468, 97887
2026/07/08 14:24:39.448, 5, 30, 75468, 97887
2026/07/08 14:24:39.465, 6, 27, 75516, 97887
2026/07/08 14:24:39.483, 7, 84, 75516, 97887
2026/07/08 14:24:40.498, 0, 0, 48704, 97887
2026/07/08 14:24:40.513, 1, 0, 48104, 97887
2026/07/08 14:24:40.527, 2, 0, 48104, 97887
2026/07/08 14:24:40.544, 3, 0, 48104, 97887
2026/07/08 14:24:40.561, 4, 77, 75468, 97887
2026/07/08 14:24:40.578, 5, 25, 75468, 97887
2026/07/08 14:24:40.595, 6, 66, 75516, 97887
2026/07/08 14:24:40.611, 7, 59, 75516, 97887
2026/07/08 14:24:41.626, 0, 0, 48704, 97887
2026/07/08 14:24:41.645, 1, 0, 48104, 97887
2026/07/08 14:24:41.662, 2, 0, 48104, 97887
2026/07/08 14:24:41.679, 3, 0, 48104, 97887
2026/07/08 14:24:41.697, 4, 91, 75468, 97887
2026/07/08 14:24:41.719, 5, 28, 75468, 97887
2026/07/08 14:24:41.736, 6, 30, 75516, 97887
2026/07/08 14:24:41.756, 7, 79, 75516, 97887
2026/07/08 14:24:42.775, 0, 0, 48704, 97887
2026/07/08 14:24:42.793, 1, 0, 48104, 97887
2026/07/08 14:24:42.813, 2, 0, 48104, 97887
2026/07/08 14:24:42.830, 3, 0, 48104, 97887
2026/07/08 14:24:42.850, 4, 86, 75468, 97887
2026/07/08 14:24:42.868, 5, 31, 75468, 97887
2026/07/08 14:24:42.887, 6, 43, 75516, 97887
2026/07/08 14:24:42.906, 7, 75, 75516, 97887
2026/07/08 14:24:43.924, 0, 0, 48704, 97887
2026/07/08 14:24:43.943, 1, 0, 48104, 97887
2026/07/08 14:24:43.961, 2, 0, 48104, 97887
2026/07/08 14:24:43.978, 3, 0, 48104, 97887
2026/07/08 14:24:43.999, 4, 82, 75468, 97887
2026/07/08 14:24:44.014, 5, 27, 75468, 97887
2026/07/08 14:24:44.026, 6, 30, 75516, 97887
2026/07/08 14:24:44.039, 7, 92, 75516, 97887
2026/07/08 14:24:45.053, 0, 0, 48704, 97887
2026/07/08 14:24:45.069, 1, 0, 48104, 97887
2026/07/08 14:24:45.083, 2, 0, 48104, 97887
2026/07/08 14:24:45.095, 3, 0, 48104, 97887
2026/07/08 14:24:45.109, 4, 69, 75468, 97887
2026/07/08 14:24:45.123, 5, 47, 75468, 97887
2026/07/08 14:24:45.139, 6, 37, 75516, 97887
2026/07/08 14:24:45.155, 7, 81, 75516, 97887
2026/07/08 14:24:46.172, 0, 0, 48704, 97887
2026/07/08 14:24:46.187, 1, 0, 48104, 97887
2026/07/08 14:24:46.202, 2, 0, 48104, 97887
2026/07/08 14:24:46.218, 3, 0, 48104, 97887
2026/07/08 14:24:46.233, 4, 95, 75468, 97887
2026/07/08 14:24:46.248, 5, 33, 75468, 97887
2026/07/08 14:24:46.261, 6, 29, 75516, 97887
2026/07/08 14:24:46.271, 7, 92, 75516, 97887
2026/07/08 14:24:47.283, 0, 0, 48704, 97887
2026/07/08 14:24:47.301, 1, 0, 48104, 97887
2026/07/08 14:24:47.326, 2, 0, 48104, 97887
2026/07/08 14:24:47.348, 3, 0, 48104, 97887
2026/07/08 14:24:47.365, 4, 93, 75468, 97887
2026/07/08 14:24:47.382, 5, 28, 75468, 97887
2026/07/08 14:24:47.398, 6, 39, 75516, 97887
2026/07/08 14:24:47.416, 7, 74, 75516, 97887
2026/07/08 14:24:48.433, 0, 0, 48704, 97887
2026/07/08 14:24:48.449, 1, 0, 48104, 97887
2026/07/08 14:24:48.468, 2, 0, 48104, 97887
2026/07/08 14:24:48.486, 3, 0, 48104, 97887
2026/07/08 14:24:48.505, 4, 93, 75468, 97887
2026/07/08 14:24:48.524, 5, 31, 75468, 97887
2026/07/08 14:24:48.543, 6, 42, 75516, 97887
2026/07/08 14:24:48.563, 7, 84, 75516, 97887
2026/07/08 14:24:49.582, 0, 0, 48704, 97887
2026/07/08 14:24:49.602, 1, 0, 48104, 97887
2026/07/08 14:24:49.618, 2, 0, 48104, 97887
2026/07/08 14:24:49.632, 3, 0, 48104, 97887
2026/07/08 14:24:49.647, 4, 65, 75468, 97887
2026/07/08 14:24:49.663, 5, 53, 75468, 97887
2026/07/08 14:24:49.677, 6, 40, 75516, 97887
2026/07/08 14:24:49.693, 7, 86, 75516, 97887
2026/07/08 14:24:50.710, 0, 0, 48704, 97887
2026/07/08 14:24:50.728, 1, 0, 48104, 97887
2026/07/08 14:24:50.748, 2, 0, 48104, 97887
2026/07/08 14:24:50.766, 3, 0, 48104, 97887
2026/07/08 14:24:50.784, 4, 95, 75468, 97887
2026/07/08 14:24:50.804, 5, 32, 75468, 97887
2026/07/08 14:24:50.822, 6, 35, 75516, 97887
2026/07/08 14:24:50.839, 7, 92, 75516, 97887
2026/07/08 14:24:51.858, 0, 0, 48704, 97887
2026/07/08 14:24:51.880, 1, 0, 48104, 97887
2026/07/08 14:24:51.898, 2, 0, 48104, 97887
2026/07/08 14:24:51.915, 3, 0, 48104, 97887
2026/07/08 14:24:51.934, 4, 45, 75468, 97887
2026/07/08 14:24:51.953, 5, 77, 75468, 97887
2026/07/08 14:24:51.970, 6, 33, 75516, 97887
2026/07/08 14:24:51.985, 7, 83, 75516, 97887
2026/07/08 14:24:52.999, 0, 0, 48704, 97887
2026/07/08 14:24:53.012, 1, 0, 48104, 97887
2026/07/08 14:24:53.028, 2, 0, 48104, 97887
2026/07/08 14:24:53.043, 3, 0, 48104, 97887
2026/07/08 14:24:53.058, 4, 49, 75468, 97887
2026/07/08 14:24:53.077, 5, 52, 75468, 97887
2026/07/08 14:24:53.093, 6, 39, 75516, 97887
2026/07/08 14:24:53.111, 7, 69, 75516, 97887
2026/07/08 14:24:54.129, 0, 0, 48704, 97887
2026/07/08 14:24:54.148, 1, 0, 48104, 97887
2026/07/08 14:24:54.166, 2, 0, 48104, 97887
2026/07/08 14:24:54.181, 3, 0, 48104, 97887
2026/07/08 14:24:54.199, 4, 87, 75468, 97887
2026/07/08 14:24:54.216, 5, 38, 75468, 97887
2026/07/08 14:24:54.234, 6, 35, 75516, 97887
2026/07/08 14:24:54.255, 7, 83, 75516, 97887
2026/07/08 14:24:55.271, 0, 0, 48704, 97887
2026/07/08 14:24:55.287, 1, 0, 48104, 97887
2026/07/08 14:24:55.302, 2, 0, 48104, 97887
2026/07/08 14:24:55.316, 3, 0, 48104, 97887
2026/07/08 14:24:55.330, 4, 69, 75468, 97887
2026/07/08 14:24:55.343, 5, 60, 75468, 97887
2026/07/08 14:24:55.355, 6, 46, 75516, 97887
2026/07/08 14:24:55.369, 7, 84, 75516, 97887
2026/07/08 14:24:56.384, 0, 0, 48704, 97887
2026/07/08 14:24:56.401, 1, 0, 48104, 97887
2026/07/08 14:24:56.418, 2, 0, 48104, 97887
2026/07/08 14:24:56.436, 3, 0, 48104, 97887
2026/07/08 14:24:56.450, 4, 95, 75468, 97887
2026/07/08 14:24:56.464, 5, 30, 75468, 97887
2026/07/08 14:24:56.479, 6, 37, 75516, 97887
2026/07/08 14:24:56.494, 7, 88, 75516, 97887
2026/07/08 14:24:57.512, 0, 0, 48704, 97887
2026/07/08 14:24:57.530, 1, 0, 48104, 97887
2026/07/08 14:24:57.547, 2, 0, 48104, 97887
2026/07/08 14:24:57.561, 3, 0, 48104, 97887
2026/07/08 14:24:57.573, 4, 90, 75468, 97887
2026/07/08 14:24:57.588, 5, 28, 75468, 97887
2026/07/08 14:24:57.604, 6, 31, 75516, 97887
2026/07/08 14:24:57.617, 7, 92, 75516, 97887
2026/07/08 14:24:58.631, 0, 0, 48704, 97887
2026/07/08 14:24:58.643, 1, 0, 48104, 97887
2026/07/08 14:24:58.656, 2, 0, 48104, 97887
2026/07/08 14:24:58.668, 3, 0, 48104, 97887
2026/07/08 14:24:58.681, 4, 94, 75468, 97887
2026/07/08 14:24:58.695, 5, 29, 75468, 97887
2026/07/08 14:24:58.710, 6, 28, 75516, 97887
2026/07/08 14:24:58.721, 7, 84, 75516, 97887
2026/07/08 14:24:59.731, 0, 0, 48704, 97887
2026/07/08 14:24:59.744, 1, 0, 48104, 97887
2026/07/08 14:24:59.753, 2, 0, 48104, 97887
2026/07/08 14:24:59.767, 3, 0, 48104, 97887
2026/07/08 14:24:59.781, 4, 90, 75468, 97887
2026/07/08 14:24:59.797, 5, 33, 75468, 97887
2026/07/08 14:24:59.811, 6, 30, 75516, 97887
2026/07/08 14:24:59.825, 7, 92, 75516, 97887
2026/07/08 14:25:00.838, 0, 0, 48704, 97887
2026/07/08 14:25:00.857, 1, 0, 48104, 97887
2026/07/08 14:25:00.873, 2, 0, 48104, 97887
2026/07/08 14:25:00.889, 3, 0, 48104, 97887
2026/07/08 14:25:00.903, 4, 95, 75468, 97887
2026/07/08 14:25:00.917, 5, 29, 75468, 97887
2026/07/08 14:25:00.934, 6, 37, 75516, 97887
2026/07/08 14:25:00.952, 7, 88, 75516, 97887
2026/07/08 14:25:01.968, 0, 0, 48704, 97887
2026/07/08 14:25:01.983, 1, 0, 48104, 97887
2026/07/08 14:25:01.997, 2, 0, 48104, 97887
2026/07/08 14:25:02.013, 3, 0, 48104, 97887
2026/07/08 14:25:02.032, 4, 89, 75468, 97887
2026/07/08 14:25:02.050, 5, 29, 75468, 97887
2026/07/08 14:25:02.066, 6, 32, 75516, 97887
2026/07/08 14:25:02.080, 7, 84, 75516, 97887
2026/07/08 14:25:03.097, 0, 0, 48704, 97887
2026/07/08 14:25:03.113, 1, 0, 48104, 97887
2026/07/08 14:25:03.133, 2, 0, 48104, 97887
2026/07/08 14:25:03.148, 3, 0, 48104, 97887
2026/07/08 14:25:03.165, 4, 91, 75468, 97887
2026/07/08 14:25:03.180, 5, 25, 75468, 97887
2026/07/08 14:25:03.193, 6, 31, 75516, 97887
2026/07/08 14:25:03.209, 7, 87, 75516, 97887
2026/07/08 14:25:04.225, 0, 0, 48704, 97887
2026/07/08 14:25:04.247, 1, 0, 48104, 97887
2026/07/08 14:25:04.266, 2, 0, 48104, 97887
2026/07/08 14:25:04.284, 3, 0, 48104, 97887
2026/07/08 14:25:04.302, 4, 88, 75468, 97887
2026/07/08 14:25:04.322, 5, 25, 75468, 97887
2026/07/08 14:25:04.340, 6, 30, 75516, 97887
2026/07/08 14:25:04.354, 7, 87, 75516, 97887
2026/07/08 14:25:05.368, 0, 0, 48704, 97887
2026/07/08 14:25:05.384, 1, 0, 48104, 97887
2026/07/08 14:25:05.399, 2, 0, 48104, 97887
2026/07/08 14:25:05.413, 3, 0, 48104, 97887
2026/07/08 14:25:05.427, 4, 80, 75468, 97887
2026/07/08 14:25:05.443, 5, 24, 75468, 97887
2026/07/08 14:25:05.457, 6, 30, 75516, 97887
2026/07/08 14:25:05.475, 7, 64, 75516, 97887
2026/07/08 14:25:06.490, 0, 0, 48704, 97887
2026/07/08 14:25:06.504, 1, 0, 48104, 97887
2026/07/08 14:25:06.520, 2, 0, 48104, 97887
2026/07/08 14:25:06.532, 3, 0, 48104, 97887
2026/07/08 14:25:06.543, 4, 94, 75468, 97887
2026/07/08 14:25:06.556, 5, 33, 75468, 97887
2026/07/08 14:25:06.570, 6, 37, 75516, 97887
2026/07/08 14:25:06.585, 7, 87, 75516, 97887
2026/07/08 14:25:07.600, 0, 0, 48704, 97887
2026/07/08 14:25:07.616, 1, 0, 48104, 97887
2026/07/08 14:25:07.629, 2, 0, 48104, 97887
2026/07/08 14:25:07.639, 3, 0, 48104, 97887
2026/07/08 14:25:07.652, 4, 96, 75468, 97887
2026/07/08 14:25:07.666, 5, 28, 75468, 97887
2026/07/08 14:25:07.680, 6, 37, 75516, 97887
2026/07/08 14:25:07.694, 7, 84, 75516, 97887
2026/07/08 14:25:08.710, 0, 0, 48704, 97887
2026/07/08 14:25:08.727, 1, 0, 48104, 97887
2026/07/08 14:25:08.742, 2, 0, 48104, 97887
2026/07/08 14:25:08.757, 3, 0, 48104, 97887
2026/07/08 14:25:08.770, 4, 92, 75468, 97887
2026/07/08 14:25:08.788, 5, 31, 75468, 97887
2026/07/08 14:25:08.803, 6, 31, 75516, 97887
2026/07/08 14:25:08.822, 7, 89, 75516, 97887
2026/07/08 14:25:09.838, 0, 0, 48704, 97887
2026/07/08 14:25:09.855, 1, 0, 48104, 97887
2026/07/08 14:25:09.871, 2, 0, 48104, 97887
2026/07/08 14:25:09.888, 3, 0, 48104, 97887
2026/07/08 14:25:09.902, 4, 90, 75468, 97887
2026/07/08 14:25:09.921, 5, 37, 75468, 97887
2026/07/08 14:25:09.938, 6, 35, 75516, 97887
2026/07/08 14:25:09.953, 7, 87, 75516, 97887
2026/07/08 14:25:10.970, 0, 0, 48704, 97887
2026/07/08 14:25:10.988, 1, 0, 48104, 97887
2026/07/08 14:25:11.005, 2, 0, 48104, 97887
2026/07/08 14:25:11.021, 3, 0, 48104, 97887
2026/07/08 14:25:11.039, 4, 95, 75468, 97887
2026/07/08 14:25:11.058, 5, 25, 75468, 97887
2026/07/08 14:25:11.076, 6, 32, 75516, 97887
2026/07/08 14:25:11.094, 7, 90, 75516, 97887
2026/07/08 14:25:12.111, 0, 0, 48704, 97887
2026/07/08 14:25:12.127, 1, 0, 48104, 97887
2026/07/08 14:25:12.140, 2, 0, 48104, 97887
2026/07/08 14:25:12.156, 3, 0, 48104, 97887
2026/07/08 14:25:12.174, 4, 94, 75468, 97887
2026/07/08 14:25:12.192, 5, 31, 75468, 97887
2026/07/08 14:25:12.212, 6, 41, 75516, 97887
2026/07/08 14:25:12.231, 7, 85, 75516, 97887
2026/07/08 14:25:13.248, 0, 0, 48704, 97887
2026/07/08 14:25:13.269, 1, 0, 48104, 97887
2026/07/08 14:25:13.289, 2, 0, 48104, 97887
2026/07/08 14:25:13.302, 3, 0, 48104, 97887
2026/07/08 14:25:13.317, 4, 85, 75468, 97887
2026/07/08 14:25:13.334, 5, 28, 75468, 97887
2026/07/08 14:25:13.351, 6, 31, 75516, 97887
2026/07/08 14:25:13.370, 7, 94, 75516, 97887
2026/07/08 14:25:14.386, 0, 0, 48704, 97887
2026/07/08 14:25:14.405, 1, 0, 48104, 97887
2026/07/08 14:25:14.422, 2, 0, 48104, 97887
2026/07/08 14:25:14.439, 3, 0, 48104, 97887
2026/07/08 14:25:14.457, 4, 84, 75468, 97887
2026/07/08 14:25:14.486, 5, 34, 75468, 97887
2026/07/08 14:25:14.513, 6, 42, 75516, 97887
2026/07/08 14:25:14.538, 7, 78, 75516, 97887
2026/07/08 14:25:15.563, 0, 0, 48704, 97887
2026/07/08 14:25:15.582, 1, 0, 48104, 97887
2026/07/08 14:25:15.599, 2, 0, 48104, 97887
2026/07/08 14:25:15.617, 3, 0, 48104, 97887
2026/07/08 14:25:15.633, 4, 83, 75468, 97887
2026/07/08 14:25:15.651, 5, 28, 75468, 97887
2026/07/08 14:25:15.666, 6, 26, 75516, 97887
2026/07/08 14:25:15.684, 7, 88, 75516, 97887
2026/07/08 14:25:16.699, 0, 0, 48704, 97887
2026/07/08 14:25:16.720, 1, 0, 48104, 97887
2026/07/08 14:25:16.740, 2, 0, 48104, 97887
2026/07/08 14:25:16.759, 3, 0, 48104, 97887
2026/07/08 14:25:16.778, 4, 92, 75468, 97887
2026/07/08 14:25:16.795, 5, 33, 75468, 97887
2026/07/08 14:25:16.812, 6, 58, 75516, 97887
2026/07/08 14:25:16.828, 7, 52, 75516, 97887
2026/07/08 14:25:17.841, 0, 0, 48704, 97887
2026/07/08 14:25:17.860, 1, 0, 48104, 97887
2026/07/08 14:25:17.877, 2, 0, 48104, 97887
2026/07/08 14:25:17.894, 3, 0, 48104, 97887
2026/07/08 14:25:17.913, 4, 93, 75468, 97887
2026/07/08 14:25:17.931, 5, 28, 75468, 97887
2026/07/08 14:25:17.945, 6, 33, 75516, 97887
2026/07/08 14:25:17.959, 7, 91, 75516, 97887
2026/07/08 14:25:18.975, 0, 0, 48704, 97887
2026/07/08 14:25:18.995, 1, 0, 48104, 97887
2026/07/08 14:25:19.011, 2, 0, 48104, 97887
2026/07/08 14:25:19.024, 3, 0, 48104, 97887
2026/07/08 14:25:19.039, 4, 91, 75468, 97887
2026/07/08 14:25:19.050, 5, 29, 75468, 97887
2026/07/08 14:25:19.066, 6, 29, 75516, 97887
2026/07/08 14:25:19.085, 7, 94, 75516, 97887
2026/07/08 14:25:20.105, 0, 0, 48704, 97887
2026/07/08 14:25:20.128, 1, 0, 48104, 97887
2026/07/08 14:25:20.143, 2, 0, 48104, 97887
2026/07/08 14:25:20.163, 3, 0, 48104, 97887
2026/07/08 14:25:20.181, 4, 96, 75468, 97887
2026/07/08 14:25:20.207, 5, 26, 75468, 97887
2026/07/08 14:25:20.227, 6, 42, 75516, 97887
2026/07/08 14:25:20.249, 7, 80, 75516, 97887
2026/07/08 14:25:21.267, 0, 0, 48704, 97887
2026/07/08 14:25:21.288, 1, 0, 48104, 97887
2026/07/08 14:25:21.306, 2, 0, 48104, 97887
2026/07/08 14:25:21.326, 3, 0, 48104, 97887
2026/07/08 14:25:21.341, 4, 91, 75468, 97887
2026/07/08 14:25:21.356, 5, 35, 75468, 97887
2026/07/08 14:25:21.370, 6, 37, 75516, 97887
2026/07/08 14:25:21.386, 7, 83, 75516, 97887
2026/07/08 14:25:22.401, 0, 0, 48704, 97887
2026/07/08 14:25:22.418, 1, 0, 48104, 97887
2026/07/08 14:25:22.437, 2, 0, 48104, 97887
2026/07/08 14:25:22.454, 3, 0, 48104, 97887
2026/07/08 14:25:22.472, 4, 95, 75468, 97887
2026/07/08 14:25:22.490, 5, 29, 75468, 97887
2026/07/08 14:25:22.505, 6, 40, 75516, 97887
2026/07/08 14:25:22.517, 7, 86, 75516, 97887
2026/07/08 14:25:23.525, 0, 0, 48704, 97887
2026/07/08 14:25:23.547, 1, 0, 48104, 97887
2026/07/08 14:25:23.563, 2, 0, 48104, 97887
2026/07/08 14:25:23.579, 3, 0, 48104, 97887
2026/07/08 14:25:23.594, 4, 93, 75468, 97887
2026/07/08 14:25:23.610, 5, 28, 75468, 97887
2026/07/08 14:25:23.626, 6, 30, 75516, 97887
2026/07/08 14:25:23.640, 7, 84, 75518, 97887
2026/07/08 14:25:24.655, 0, 0, 48704, 97887
2026/07/08 14:25:24.663, 1, 0, 48104, 97887
2026/07/08 14:25:24.673, 2, 0, 48104, 97887
2026/07/08 14:25:24.684, 3, 0, 48104, 97887
2026/07/08 14:25:24.697, 4, 87, 75468, 97887
2026/07/08 14:25:24.708, 5, 33, 75468, 97887
2026/07/08 14:25:24.723, 6, 37, 75516, 97887
2026/07/08 14:25:24.738, 7, 87, 75518, 97887
2026/07/08 14:25:25.756, 0, 0, 48704, 97887
2026/07/08 14:25:25.774, 1, 0, 48104, 97887
2026/07/08 14:25:25.798, 2, 0, 48104, 97887
2026/07/08 14:25:25.822, 3, 0, 48104, 97887
2026/07/08 14:25:25.836, 4, 93, 75468, 97887
2026/07/08 14:25:25.852, 5, 27, 75468, 97887
2026/07/08 14:25:25.866, 6, 35, 75516, 97887
2026/07/08 14:25:25.879, 7, 72, 75518, 97887
2026/07/08 14:25:26.892, 0, 0, 48704, 97887
2026/07/08 14:25:26.908, 1, 0, 48104, 97887
2026/07/08 14:25:26.921, 2, 0, 48104, 97887
2026/07/08 14:25:26.934, 3, 0, 48104, 97887
2026/07/08 14:25:26.950, 4, 93, 75468, 97887
2026/07/08 14:25:26.961, 5, 29, 75468, 97887
2026/07/08 14:25:26.974, 6, 33, 75516, 97887
2026/07/08 14:25:26.988, 7, 79, 75518, 97887
2026/07/08 14:25:28.001, 0, 0, 48704, 97887
2026/07/08 14:25:28.015, 1, 0, 48104, 97887
2026/07/08 14:25:28.029, 2, 0, 48104, 97887
2026/07/08 14:25:28.045, 3, 0, 48104, 97887
2026/07/08 14:25:28.061, 4, 94, 75468, 97887
2026/07/08 14:25:28.076, 5, 29, 75468, 97887
2026/07/08 14:25:28.092, 6, 81, 75518, 97887
2026/07/08 14:25:28.107, 7, 86, 75518, 97887
2026/07/08 14:25:29.123, 0, 0, 48704, 97887
2026/07/08 14:25:29.138, 1, 0, 48104, 97887
2026/07/08 14:25:29.157, 2, 0, 48104, 97887
2026/07/08 14:25:29.174, 3, 0, 48104, 97887
2026/07/08 14:25:29.191, 4, 91, 75468, 97887
2026/07/08 14:25:29.207, 5, 29, 75468, 97887
2026/07/08 14:25:29.225, 6, 35, 75518, 97887
2026/07/08 14:25:29.240, 7, 81, 75518, 97887
2026/07/08 14:25:30.258, 0, 0, 48704, 97887
2026/07/08 14:25:30.271, 1, 0, 48104, 97887
2026/07/08 14:25:30.285, 2, 0, 48104, 97887
2026/07/08 14:25:30.300, 3, 0, 48104, 97887
2026/07/08 14:25:30.315, 4, 90, 75468, 97887
2026/07/08 14:25:30.330, 5, 37, 75468, 97887
2026/07/08 14:25:30.344, 6, 30, 75518, 97887
2026/07/08 14:25:30.358, 7, 89, 75518, 97887
2026/07/08 14:25:31.372, 0, 0, 48704, 97887
2026/07/08 14:25:31.394, 1, 0, 48104, 97887
2026/07/08 14:25:31.414, 2, 0, 48104, 97887
2026/07/08 14:25:31.435, 3, 0, 48104, 97887
2026/07/08 14:25:31.451, 4, 95, 75468, 97887
2026/07/08 14:25:31.468, 5, 32, 75468, 97887
2026/07/08 14:25:31.483, 6, 38, 75518, 97887
2026/07/08 14:25:31.497, 7, 89, 75518, 97887
2026/07/08 14:25:32.514, 0, 0, 48704, 97887
2026/07/08 14:25:32.523, 1, 0, 48104, 97887
2026/07/08 14:25:32.533, 2, 0, 48104, 97887
2026/07/08 14:25:32.539, 3, 0, 48104, 97887
2026/07/08 14:25:32.550, 4, 90, 75468, 97887
2026/07/08 14:25:32.561, 5, 30, 75468, 97887
2026/07/08 14:25:32.569, 6, 34, 75518, 97887
2026/07/08 14:25:32.576, 7, 91, 75518, 97887
2026/07/08 14:25:33.583, 0, 0, 48704, 97887
2026/07/08 14:25:33.598, 1, 0, 48104, 97887
2026/07/08 14:25:33.612, 2, 0, 48104, 97887
2026/07/08 14:25:33.626, 3, 0, 48104, 97887
2026/07/08 14:25:33.642, 4, 94, 75468, 97887
2026/07/08 14:25:33.658, 5, 27, 75468, 97887
2026/07/08 14:25:33.676, 6, 30, 75518, 97887
2026/07/08 14:25:33.693, 7, 84, 75518, 97887
2026/07/08 14:25:34.703, 0, 0, 48704, 97887
2026/07/08 14:25:34.718, 1, 0, 48104, 97887
2026/07/08 14:25:34.734, 2, 0, 48104, 97887
2026/07/08 14:25:34.748, 3, 0, 48104, 97887
2026/07/08 14:25:34.765, 4, 91, 75468, 97887
2026/07/08 14:25:34.780, 5, 35, 75468, 97887
2026/07/08 14:25:34.795, 6, 34, 75518, 97887
2026/07/08 14:25:34.811, 7, 94, 75518, 97887
2026/07/08 14:25:35.829, 0, 0, 48704, 97887
2026/07/08 14:25:35.846, 1, 0, 48104, 97887
2026/07/08 14:25:35.863, 2, 0, 48104, 97887
2026/07/08 14:25:35.880, 3, 0, 48104, 97887
2026/07/08 14:25:35.897, 4, 81, 75468, 97887
2026/07/08 14:25:35.917, 5, 34, 75468, 97887
2026/07/08 14:25:35.934, 6, 34, 75518, 97887
2026/07/08 14:25:35.951, 7, 85, 75518, 97887
2026/07/08 14:25:36.969, 0, 0, 48704, 97887
2026/07/08 14:25:36.986, 1, 0, 48104, 97887
2026/07/08 14:25:37.002, 2, 0, 48104, 97887
2026/07/08 14:25:37.015, 3, 0, 48104, 97887
2026/07/08 14:25:37.031, 4, 90, 75468, 97887
2026/07/08 14:25:37.047, 5, 32, 75468, 97887
2026/07/08 14:25:37.061, 6, 37, 75518, 97887
2026/07/08 14:25:37.074, 7, 83, 75518, 97887
2026/07/08 14:25:38.087, 0, 0, 48704, 97887
2026/07/08 14:25:38.108, 1, 0, 48104, 97887
2026/07/08 14:25:38.125, 2, 0, 48104, 97887
2026/07/08 14:25:38.140, 3, 0, 48104, 97887
2026/07/08 14:25:38.157, 4, 88, 75468, 97887
2026/07/08 14:25:38.173, 5, 27, 75468, 97887
2026/07/08 14:25:38.190, 6, 34, 75518, 97887
2026/07/08 14:25:38.206, 7, 89, 75518, 97887
2026/07/08 14:25:39.220, 0, 0, 48704, 97887
2026/07/08 14:25:39.236, 1, 0, 48104, 97887
2026/07/08 14:25:39.252, 2, 0, 48104, 97887
2026/07/08 14:25:39.266, 3, 0, 48104, 97887
2026/07/08 14:25:39.285, 4, 93, 75468, 97887
2026/07/08 14:25:39.303, 5, 32, 75468, 97887
2026/07/08 14:25:39.320, 6, 34, 75518, 97887
2026/07/08 14:25:39.336, 7, 81, 75518, 97887
2026/07/08 14:25:40.351, 0, 0, 48704, 97887
2026/07/08 14:25:40.366, 1, 0, 48104, 97887
2026/07/08 14:25:40.380, 2, 0, 48104, 97887
2026/07/08 14:25:40.395, 3, 0, 48104, 97887
2026/07/08 14:25:40.410, 4, 96, 75468, 97887
2026/07/08 14:25:40.424, 5, 29, 75468, 97887
2026/07/08 14:25:40.436, 6, 33, 75518, 97887
2026/07/08 14:25:40.447, 7, 87, 75518, 97887
2026/07/08 14:25:41.461, 0, 0, 48704, 97887
2026/07/08 14:25:41.477, 1, 0, 48104, 97887
2026/07/08 14:25:41.493, 2, 0, 48104, 97887
2026/07/08 14:25:41.509, 3, 0, 48104, 97887
2026/07/08 14:25:41.523, 4, 95, 75468, 97887
2026/07/08 14:25:41.538, 5, 36, 75468, 97887
2026/07/08 14:25:41.554, 6, 35, 75518, 97887
2026/07/08 14:25:41.570, 7, 87, 75518, 97887
2026/07/08 14:25:42.590, 0, 0, 48704, 97887
2026/07/08 14:25:42.604, 1, 0, 48104, 97887
2026/07/08 14:25:42.620, 2, 0, 48104, 97887
2026/07/08 14:25:42.636, 3, 0, 48104, 97887
2026/07/08 14:25:42.647, 4, 96, 75468, 97887
2026/07/08 14:25:42.659, 5, 30, 75468, 97887
2026/07/08 14:25:42.671, 6, 64, 75518, 97887
2026/07/08 14:25:42.686, 7, 92, 75518, 97887
2026/07/08 14:25:43.702, 0, 0, 48704, 97887
2026/07/08 14:25:43.717, 1, 0, 48104, 97887
2026/07/08 14:25:43.732, 2, 0, 48104, 97887
2026/07/08 14:25:43.746, 3, 0, 48104, 97887
2026/07/08 14:25:43.761, 4, 95, 75468, 97887
2026/07/08 14:25:43.776, 5, 29, 75468, 97887
2026/07/08 14:25:43.791, 6, 56, 75518, 97887
2026/07/08 14:25:43.806, 7, 34, 75518, 97887
2026/07/08 14:25:44.821, 0, 0, 48704, 97887
2026/07/08 14:25:44.837, 1, 0, 48104, 97887
2026/07/08 14:25:44.849, 2, 0, 48104, 97887
2026/07/08 14:25:44.864, 3, 0, 48104, 97887
2026/07/08 14:25:44.880, 4, 89, 75468, 97887
2026/07/08 14:25:44.894, 5, 16, 75468, 97887
2026/07/08 14:25:44.912, 6, 92, 75518, 97887
2026/07/08 14:25:44.928, 7, 34, 75518, 97887
2026/07/08 14:25:45.943, 0, 0, 48704, 97887
2026/07/08 14:25:45.959, 1, 0, 48104, 97887
2026/07/08 14:25:45.971, 2, 0, 48104, 97887
2026/07/08 14:25:45.985, 3, 0, 48104, 97887
2026/07/08 14:25:45.998, 4, 89, 75468, 97887
2026/07/08 14:25:46.010, 5, 47, 75468, 97887
2026/07/08 14:25:46.022, 6, 37, 75518, 97887
2026/07/08 14:25:46.037, 7, 64, 75518, 97887
2026/07/08 14:25:47.052, 0, 0, 48704, 97887
2026/07/08 14:25:47.068, 1, 0, 48104, 97887
2026/07/08 14:25:47.082, 2, 0, 48104, 97887
2026/07/08 14:25:47.099, 3, 0, 48104, 97887
2026/07/08 14:25:47.115, 4, 93, 75468, 97887
2026/07/08 14:25:47.135, 5, 31, 75468, 97887
2026/07/08 14:25:47.152, 6, 92, 75518, 97887
2026/07/08 14:25:47.169, 7, 65, 75518, 97887
2026/07/08 14:25:48.184, 0, 0, 48704, 97887
2026/07/08 14:25:48.199, 1, 0, 48104, 97887
2026/07/08 14:25:48.216, 2, 0, 48104, 97887
2026/07/08 14:25:48.234, 3, 0, 48104, 97887
2026/07/08 14:25:48.249, 4, 94, 75468, 97887
2026/07/08 14:25:48.264, 5, 31, 75468, 97887
2026/07/08 14:25:48.280, 6, 95, 75518, 97887
2026/07/08 14:25:48.296, 7, 34, 75518, 97887
2026/07/08 14:25:49.311, 0, 0, 48704, 97887
2026/07/08 14:25:49.330, 1, 0, 48104, 97887
2026/07/08 14:25:49.342, 2, 0, 48104, 97887
2026/07/08 14:25:49.357, 3, 0, 48104, 97887
2026/07/08 14:25:49.370, 4, 77, 75468, 97887
2026/07/08 14:25:49.385, 5, 26, 75468, 97887
2026/07/08 14:25:49.402, 6, 41, 75518, 97887
2026/07/08 14:25:49.419, 7, 85, 75518, 97887
2026/07/08 14:25:50.436, 0, 0, 48704, 97887
2026/07/08 14:25:50.451, 1, 0, 48104, 97887
2026/07/08 14:25:50.468, 2, 0, 48104, 97887
2026/07/08 14:25:50.481, 3, 0, 48104, 97887
2026/07/08 14:25:50.494, 4, 86, 75468, 97887
2026/07/08 14:25:50.508, 5, 43, 75468, 97887
2026/07/08 14:25:50.522, 6, 46, 75518, 97887
2026/07/08 14:25:50.533, 7, 58, 75518, 97887
2026/07/08 14:25:51.547, 0, 0, 48704, 97887
2026/07/08 14:25:51.564, 1, 0, 48104, 97887
2026/07/08 14:25:51.581, 2, 0, 48104, 97887
2026/07/08 14:25:51.601, 3, 0, 48104, 97887
2026/07/08 14:25:51.620, 4, 93, 75468, 97887
2026/07/08 14:25:51.639, 5, 35, 75468, 97887
2026/07/08 14:25:51.659, 6, 47, 75518, 97887
2026/07/08 14:25:51.678, 7, 67, 75518, 97887
2026/07/08 14:25:52.695, 0, 0, 48704, 97887
2026/07/08 14:25:52.710, 1, 0, 48104, 97887
2026/07/08 14:25:52.721, 2, 0, 48104, 97887
2026/07/08 14:25:52.735, 3, 0, 48104, 97887
2026/07/08 14:25:52.749, 4, 78, 75468, 97887
2026/07/08 14:25:52.763, 5, 30, 75468, 97887
2026/07/08 14:25:52.779, 6, 83, 75518, 97887
2026/07/08 14:25:52.795, 7, 49, 75518, 97887
2026/07/08 14:25:53.813, 0, 0, 48704, 97887
2026/07/08 14:25:53.826, 1, 0, 48104, 97887
2026/07/08 14:25:53.840, 2, 0, 48104, 97887
2026/07/08 14:25:53.853, 3, 0, 48104, 97887
2026/07/08 14:25:53.865, 4, 57, 75468, 97887
2026/07/08 14:25:53.876, 5, 74, 75468, 97887
2026/07/08 14:25:53.889, 6, 92, 75518, 97887
2026/07/08 14:25:53.903, 7, 32, 75518, 97887
2026/07/08 14:25:54.917, 0, 0, 48704, 97887
2026/07/08 14:25:54.934, 1, 0, 48104, 97887
2026/07/08 14:25:54.951, 2, 0, 48104, 97887
2026/07/08 14:25:54.966, 3, 0, 48104, 97887
2026/07/08 14:25:54.982, 4, 70, 75468, 97887
2026/07/08 14:25:55.000, 5, 57, 75468, 97887
2026/07/08 14:25:55.015, 6, 86, 75518, 97887
2026/07/08 14:25:55.030, 7, 33, 75518, 97887
2026/07/08 14:25:56.046, 0, 0, 48704, 97887
2026/07/08 14:25:56.064, 1, 0, 48104, 97887
2026/07/08 14:25:56.081, 2, 0, 48104, 97887
2026/07/08 14:25:56.095, 3, 0, 48104, 97887
2026/07/08 14:25:56.104, 4, 74, 75468, 97887
2026/07/08 14:25:56.112, 5, 29, 75468, 97887
2026/07/08 14:25:56.120, 6, 80, 75518, 97887
2026/07/08 14:25:56.129, 7, 29, 75518, 97887
2026/07/08 14:25:57.140, 0, 0, 48704, 97887
2026/07/08 14:25:57.153, 1, 0, 48104, 97887
2026/07/08 14:25:57.170, 2, 0, 48104, 97887
2026/07/08 14:25:57.184, 3, 0, 48104, 97887
2026/07/08 14:25:57.196, 4, 92, 75468, 97887
2026/07/08 14:25:57.210, 5, 31, 75468, 97887
2026/07/08 14:25:57.225, 6, 58, 75518, 97887
2026/07/08 14:25:57.242, 7, 59, 75518, 97887
2026/07/08 14:25:58.259, 0, 0, 48704, 97887
2026/07/08 14:25:58.274, 1, 0, 48104, 97887
2026/07/08 14:25:58.289, 2, 0, 48104, 97887
2026/07/08 14:25:58.303, 3, 0, 48104, 97887
2026/07/08 14:25:58.318, 4, 95, 75468, 97887
2026/07/08 14:25:58.333, 5, 31, 75468, 97887
2026/07/08 14:25:58.347, 6, 95, 75518, 97887
2026/07/08 14:25:58.359, 7, 33, 75518, 97887
2026/07/08 14:25:59.374, 0, 0, 48704, 97887
2026/07/08 14:25:59.392, 1, 0, 48104, 97887
2026/07/08 14:25:59.410, 2, 0, 48104, 97887
2026/07/08 14:25:59.428, 3, 0, 48104, 97887
2026/07/08 14:25:59.447, 4, 86, 75468, 97887
2026/07/08 14:25:59.463, 5, 38, 75468, 97887
2026/07/08 14:25:59.480, 6, 81, 75518, 97887
2026/07/08 14:25:59.498, 7, 40, 75518, 97887
2026/07/08 14:26:00.516, 0, 0, 48704, 97887
2026/07/08 14:26:00.533, 1, 0, 48104, 97887
2026/07/08 14:26:00.548, 2, 0, 48104, 97887
2026/07/08 14:26:00.564, 3, 0, 48104, 97887
2026/07/08 14:26:00.580, 4, 95, 75468, 97887
2026/07/08 14:26:00.592, 5, 36, 75468, 97887
2026/07/08 14:26:00.605, 6, 36, 75518, 97887
2026/07/08 14:26:00.618, 7, 86, 75518, 97887
2026/07/08 14:26:01.631, 0, 0, 48704, 97887
2026/07/08 14:26:01.648, 1, 0, 48104, 97887
2026/07/08 14:26:01.662, 2, 0, 48104, 97887
2026/07/08 14:26:01.678, 3, 0, 48104, 97887
2026/07/08 14:26:01.693, 4, 94, 75468, 97887
2026/07/08 14:26:01.713, 5, 31, 75468, 97887
2026/07/08 14:26:01.731, 6, 89, 75518, 97887
2026/07/08 14:26:01.744, 7, 56, 75518, 97887
2026/07/08 14:26:02.761, 0, 0, 48704, 97887
2026/07/08 14:26:02.778, 1, 0, 48104, 97887
2026/07/08 14:26:02.788, 2, 0, 48104, 97887
2026/07/08 14:26:02.799, 3, 0, 48104, 97887
2026/07/08 14:26:02.807, 4, 93, 75468, 97887
2026/07/08 14:26:02.819, 5, 25, 75468, 97887
2026/07/08 14:26:02.831, 6, 33, 75518, 97887
2026/07/08 14:26:02.846, 7, 82, 75518, 97887
2026/07/08 14:26:03.861, 0, 0, 48704, 97887
2026/07/08 14:26:03.876, 1, 0, 48104, 97887
2026/07/08 14:26:03.888, 2, 0, 48104, 97887
2026/07/08 14:26:03.899, 3, 0, 48104, 97887
2026/07/08 14:26:03.909, 4, 93, 75468, 97887
2026/07/08 14:26:03.920, 5, 34, 75468, 97887
2026/07/08 14:26:03.931, 6, 30, 75518, 97887
2026/07/08 14:26:03.941, 7, 69, 75518, 97887
2026/07/08 14:26:04.951, 0, 0, 48704, 97887
2026/07/08 14:26:04.968, 1, 0, 48104, 97887
2026/07/08 14:26:04.983, 2, 0, 48104, 97887
2026/07/08 14:26:04.999, 3, 0, 48104, 97887
2026/07/08 14:26:05.016, 4, 95, 75468, 97887
2026/07/08 14:26:05.032, 5, 33, 75468, 97887
2026/07/08 14:26:05.044, 6, 33, 75518, 97887
2026/07/08 14:26:05.054, 7, 91, 75518, 97887
2026/07/08 14:26:06.069, 0, 0, 48704, 97887
2026/07/08 14:26:06.086, 1, 0, 48104, 97887
2026/07/08 14:26:06.101, 2, 0, 48104, 97887
2026/07/08 14:26:06.115, 3, 0, 48104, 97887
2026/07/08 14:26:06.128, 4, 93, 75468, 97887
2026/07/08 14:26:06.140, 5, 30, 75468, 97887
2026/07/08 14:26:06.155, 6, 64, 75518, 97887
2026/07/08 14:26:06.169, 7, 38, 75518, 97887
2026/07/08 14:26:07.182, 0, 0, 48704, 97887
2026/07/08 14:26:07.197, 1, 0, 48104, 97887
2026/07/08 14:26:07.211, 2, 0, 48104, 97887
2026/07/08 14:26:07.227, 3, 0, 48104, 97887
2026/07/08 14:26:07.245, 4, 94, 75468, 97887
2026/07/08 14:26:07.263, 5, 25, 75468, 97887
2026/07/08 14:26:07.281, 6, 74, 75518, 97887
2026/07/08 14:26:07.299, 7, 26, 75518, 97887
2026/07/08 14:26:08.313, 0, 0, 48704, 97887
2026/07/08 14:26:08.330, 1, 0, 48104, 97887
2026/07/08 14:26:08.344, 2, 0, 48104, 97887
2026/07/08 14:26:08.358, 3, 0, 48104, 97887
2026/07/08 14:26:08.371, 4, 96, 75468, 97887
2026/07/08 14:26:08.386, 5, 28, 75468, 97887
2026/07/08 14:26:08.400, 6, 96, 75518, 97887
2026/07/08 14:26:08.417, 7, 31, 75518, 97887
2026/07/08 14:26:09.433, 0, 0, 48704, 97887
2026/07/08 14:26:09.450, 1, 0, 48104, 97887
2026/07/08 14:26:09.466, 2, 0, 48104, 97887
2026/07/08 14:26:09.480, 3, 0, 48104, 97887
2026/07/08 14:26:09.497, 4, 95, 75468, 97887
2026/07/08 14:26:09.527, 5, 26, 75468, 97887
2026/07/08 14:26:09.545, 6, 94, 75518, 97887
2026/07/08 14:26:09.571, 7, 32, 75518, 97887
2026/07/08 14:26:10.590, 0, 0, 48704, 97887
2026/07/08 14:26:10.607, 1, 0, 48104, 97887
2026/07/08 14:26:10.623, 2, 0, 48104, 97887
2026/07/08 14:26:10.640, 3, 0, 48104, 97887
2026/07/08 14:26:10.658, 4, 94, 75468, 97887
2026/07/08 14:26:10.675, 5, 28, 75468, 97887
2026/07/08 14:26:10.692, 6, 91, 75518, 97887
2026/07/08 14:26:10.711, 7, 35, 75518, 97887
2026/07/08 14:26:11.726, 0, 0, 48704, 97887
2026/07/08 14:26:11.742, 1, 0, 48104, 97887
2026/07/08 14:26:11.754, 2, 0, 48104, 97887
2026/07/08 14:26:11.767, 3, 0, 48104, 97887
2026/07/08 14:26:11.779, 4, 96, 75468, 97887
2026/07/08 14:26:11.793, 5, 36, 75468, 97887
2026/07/08 14:26:11.807, 6, 95, 75518, 97887
2026/07/08 14:26:11.819, 7, 33, 75518, 97887
2026/07/08 14:26:12.829, 0, 0, 48704, 97887
2026/07/08 14:26:12.848, 1, 0, 48104, 97887
2026/07/08 14:26:12.866, 2, 0, 48104, 97887
2026/07/08 14:26:12.884, 3, 0, 48104, 97887
2026/07/08 14:26:12.903, 4, 95, 75468, 97887
2026/07/08 14:26:12.919, 5, 28, 75468, 97887
2026/07/08 14:26:12.936, 6, 96, 75518, 97887
2026/07/08 14:26:12.953, 7, 34, 75518, 97887
2026/07/08 14:26:13.970, 0, 0, 48704, 97887
2026/07/08 14:26:13.985, 1, 0, 48104, 97887
2026/07/08 14:26:13.998, 2, 0, 48104, 97887
2026/07/08 14:26:14.014, 3, 0, 48104, 97887
2026/07/08 14:26:14.032, 4, 96, 75468, 97887
2026/07/08 14:26:14.045, 5, 27, 75468, 97887
2026/07/08 14:26:14.060, 6, 95, 75518, 97887
2026/07/08 14:26:14.076, 7, 32, 75518, 97887
2026/07/08 14:26:15.087, 0, 0, 48704, 97887
2026/07/08 14:26:15.104, 1, 0, 48104, 97887
2026/07/08 14:26:15.116, 2, 0, 48104, 97887
2026/07/08 14:26:15.130, 3, 0, 48104, 97887
2026/07/08 14:26:15.146, 4, 94, 75468, 97887
2026/07/08 14:26:15.164, 5, 30, 75468, 97887
2026/07/08 14:26:15.178, 6, 95, 75518, 97887
2026/07/08 14:26:15.198, 7, 30, 75518, 97887
2026/07/08 14:26:16.215, 0, 0, 48704, 97887
2026/07/08 14:26:16.232, 1, 0, 48104, 97887
2026/07/08 14:26:16.248, 2, 0, 48104, 97887
2026/07/08 14:26:16.261, 3, 0, 48104, 97887
2026/07/08 14:26:16.273, 4, 91, 75468, 97887
2026/07/08 14:26:16.285, 5, 37, 75468, 97887
2026/07/08 14:26:16.298, 6, 100, 75518, 97887
2026/07/08 14:26:16.312, 7, 100, 75518, 97887
2026/07/08 14:26:17.324, 0, 0, 48704, 97887
2026/07/08 14:26:17.342, 1, 0, 48104, 97887
2026/07/08 14:26:17.360, 2, 0, 48104, 97887
2026/07/08 14:26:17.376, 3, 0, 48104, 97887
2026/07/08 14:26:17.394, 4, 96, 75468, 97887
2026/07/08 14:26:17.412, 5, 30, 75468, 97887
2026/07/08 14:26:17.427, 6, 95, 75520, 97887
2026/07/08 14:26:17.443, 7, 34, 75520, 97887
2026/07/08 14:26:18.460, 0, 0, 48704, 97887
2026/07/08 14:26:18.476, 1, 0, 48104, 97887
2026/07/08 14:26:18.491, 2, 0, 48104, 97887
2026/07/08 14:26:18.505, 3, 0, 48104, 97887
2026/07/08 14:26:18.521, 4, 86, 75468, 97887
2026/07/08 14:26:18.535, 5, 32, 75468, 97887
2026/07/08 14:26:18.552, 6, 90, 75520, 97887
2026/07/08 14:26:18.568, 7, 38, 75520, 97887
2026/07/08 14:26:19.585, 0, 0, 48704, 97887
2026/07/08 14:26:19.602, 1, 0, 48104, 97887
2026/07/08 14:26:19.618, 2, 0, 48104, 97887
2026/07/08 14:26:19.632, 3, 0, 48104, 97887
2026/07/08 14:26:19.645, 4, 93, 75468, 97887
2026/07/08 14:26:19.657, 5, 34, 75468, 97887
2026/07/08 14:26:19.673, 6, 85, 75520, 97887
2026/07/08 14:26:19.688, 7, 39, 75520, 97887
2026/07/08 14:26:20.703, 0, 0, 48704, 97887
2026/07/08 14:26:20.718, 1, 0, 48104, 97887
2026/07/08 14:26:20.738, 2, 0, 48104, 97887
2026/07/08 14:26:20.753, 3, 0, 48104, 97887
2026/07/08 14:26:20.765, 4, 95, 75468, 97887
2026/07/08 14:26:20.777, 5, 30, 75468, 97887
2026/07/08 14:26:20.797, 6, 92, 75520, 97887
2026/07/08 14:26:20.811, 7, 38, 75520, 97887
2026/07/08 14:26:21.831, 0, 0, 48704, 97887
2026/07/08 14:26:21.847, 1, 0, 48104, 97887
2026/07/08 14:26:21.861, 2, 0, 48104, 97887
2026/07/08 14:26:21.876, 3, 0, 48104, 97887
2026/07/08 14:26:21.890, 4, 91, 75468, 97887
2026/07/08 14:26:21.905, 5, 28, 75468, 97887
2026/07/08 14:26:21.920, 6, 81, 75520, 97887
2026/07/08 14:26:21.936, 7, 25, 75520, 97887
2026/07/08 14:26:22.954, 0, 0, 48704, 97887
2026/07/08 14:26:22.969, 1, 0, 48104, 97887
2026/07/08 14:26:22.983, 2, 0, 48104, 97887
2026/07/08 14:26:22.999, 3, 0, 48104, 97887
2026/07/08 14:26:23.015, 4, 86, 75468, 97887
2026/07/08 14:26:23.029, 5, 26, 75468, 97887
2026/07/08 14:26:23.043, 6, 93, 75520, 97887
2026/07/08 14:26:23.059, 7, 27, 75520, 97887
2026/07/08 14:26:24.077, 0, 0, 48704, 97887
2026/07/08 14:26:24.093, 1, 0, 48104, 97887
2026/07/08 14:26:24.110, 2, 0, 48104, 97887
2026/07/08 14:26:24.123, 3, 0, 48104, 97887
2026/07/08 14:26:24.138, 4, 90, 75468, 97887
2026/07/08 14:26:24.151, 5, 32, 75468, 97887
2026/07/08 14:26:24.164, 6, 91, 75520, 97887
2026/07/08 14:26:24.179, 7, 37, 75520, 97887
2026/07/08 14:26:25.194, 0, 0, 48704, 97887
2026/07/08 14:26:25.210, 1, 0, 48104, 97887
2026/07/08 14:26:25.225, 2, 0, 48104, 97887
2026/07/08 14:26:25.240, 3, 0, 48104, 97887
2026/07/08 14:26:25.254, 4, 95, 75468, 97887
2026/07/08 14:26:25.271, 5, 30, 75468, 97887
2026/07/08 14:26:25.286, 6, 67, 75520, 97887
2026/07/08 14:26:25.302, 7, 35, 75520, 97887
2026/07/08 14:26:26.317, 0, 0, 48704, 97887
2026/07/08 14:26:26.332, 1, 0, 48104, 97887
2026/07/08 14:26:26.346, 2, 0, 48104, 97887
2026/07/08 14:26:26.363, 3, 0, 48104, 97887
2026/07/08 14:26:26.381, 4, 97, 75468, 97887
2026/07/08 14:26:26.399, 5, 37, 75468, 97887
2026/07/08 14:26:26.417, 6, 96, 75520, 97887
2026/07/08 14:26:26.434, 7, 42, 75520, 97887
2026/07/08 14:26:27.452, 0, 0, 48704, 97887
2026/07/08 14:26:27.468, 1, 0, 48104, 97887
2026/07/08 14:26:27.484, 2, 0, 48104, 97887
2026/07/08 14:26:27.500, 3, 0, 48104, 97887
2026/07/08 14:26:27.517, 4, 96, 75468, 97887
2026/07/08 14:26:27.536, 5, 34, 75468, 97887
2026/07/08 14:26:27.553, 6, 94, 75520, 97887
2026/07/08 14:26:27.567, 7, 35, 75520, 97887
2026/07/08 14:26:28.585, 0, 0, 48704, 97887
2026/07/08 14:26:28.603, 1, 0, 48104, 97887
2026/07/08 14:26:28.621, 2, 0, 48104, 97887
2026/07/08 14:26:28.636, 3, 0, 48104, 97887
2026/07/08 14:26:28.652, 4, 87, 75468, 97887
2026/07/08 14:26:28.665, 5, 30, 75468, 97887
2026/07/08 14:26:28.679, 6, 89, 75520, 97887
2026/07/08 14:26:28.693, 7, 41, 75520, 97887
2026/07/08 14:26:29.708, 0, 0, 48704, 97887
2026/07/08 14:26:29.725, 1, 0, 48104, 97887
2026/07/08 14:26:29.740, 2, 0, 48104, 97887
2026/07/08 14:26:29.753, 3, 0, 48104, 97887
2026/07/08 14:26:29.766, 4, 96, 75468, 97887
2026/07/08 14:26:29.778, 5, 31, 75468, 97887
2026/07/08 14:26:29.790, 6, 51, 75520, 97887
2026/07/08 14:26:29.802, 7, 53, 75520, 97887
2026/07/08 14:26:30.815, 0, 0, 48704, 97887
2026/07/08 14:26:30.834, 1, 0, 48104, 97887
2026/07/08 14:26:30.847, 2, 0, 48104, 97887
2026/07/08 14:26:30.863, 3, 0, 48104, 97887
2026/07/08 14:26:30.877, 4, 91, 75468, 97887
2026/07/08 14:26:30.888, 5, 41, 75468, 97887
2026/07/08 14:26:30.901, 6, 100, 75520, 97887
2026/07/08 14:26:30.915, 7, 100, 75520, 97887
2026/07/08 14:26:31.930, 0, 0, 48704, 97887
2026/07/08 14:26:31.946, 1, 0, 48104, 97887
2026/07/08 14:26:31.962, 2, 0, 48104, 97887
2026/07/08 14:26:31.978, 3, 0, 48104, 97887
2026/07/08 14:26:31.993, 4, 92, 75468, 97887
2026/07/08 14:26:32.008, 5, 26, 75468, 97887
2026/07/08 14:26:32.025, 6, 80, 75520, 97887
2026/07/08 14:26:32.043, 7, 36, 75520, 97887
2026/07/08 14:26:33.061, 0, 0, 48704, 97887
2026/07/08 14:26:33.069, 1, 0, 48104, 97887
2026/07/08 14:26:33.082, 2, 0, 48104, 97887
2026/07/08 14:26:33.095, 3, 0, 48104, 97887
2026/07/08 14:26:33.111, 4, 88, 75468, 97887
2026/07/08 14:26:33.126, 5, 33, 75468, 97887
2026/07/08 14:26:33.142, 6, 44, 75520, 97887
2026/07/08 14:26:33.156, 7, 36, 75520, 97887
2026/07/08 14:26:34.172, 0, 0, 48704, 97887
2026/07/08 14:26:34.186, 1, 0, 48104, 97887
2026/07/08 14:26:34.200, 2, 0, 48104, 97887
2026/07/08 14:26:34.215, 3, 0, 48104, 97887
2026/07/08 14:26:34.230, 4, 95, 75468, 97887
2026/07/08 14:26:34.242, 5, 35, 75468, 97887
2026/07/08 14:26:34.255, 6, 93, 75520, 97887
2026/07/08 14:26:34.271, 7, 36, 75520, 97887
2026/07/08 14:26:35.288, 0, 0, 48704, 97887
2026/07/08 14:26:35.305, 1, 0, 48104, 97887
2026/07/08 14:26:35.323, 2, 0, 48104, 97887
2026/07/08 14:26:35.342, 3, 0, 48104, 97887
2026/07/08 14:26:35.356, 4, 39, 75468, 97887
2026/07/08 14:26:35.374, 5, 67, 75468, 97887
2026/07/08 14:26:35.393, 6, 57, 75520, 97887
2026/07/08 14:26:35.412, 7, 64, 75520, 97887
2026/07/08 14:26:36.429, 0, 0, 48704, 97887
2026/07/08 14:26:36.447, 1, 0, 48104, 97887
2026/07/08 14:26:36.464, 2, 0, 48104, 97887
2026/07/08 14:26:36.483, 3, 0, 48104, 97887
2026/07/08 14:26:36.501, 4, 88, 75468, 97887
2026/07/08 14:26:36.520, 5, 32, 75468, 97887
2026/07/08 14:26:36.537, 6, 81, 75520, 97887
2026/07/08 14:26:36.550, 7, 30, 75520, 97887
2026/07/08 14:26:37.563, 0, 0, 48704, 97887
2026/07/08 14:26:37.579, 1, 0, 48104, 97887
2026/07/08 14:26:37.595, 2, 0, 48104, 97887
2026/07/08 14:26:37.611, 3, 0, 48104, 97887
2026/07/08 14:26:37.625, 4, 69, 75468, 97887
2026/07/08 14:26:37.641, 5, 29, 75468, 97887
2026/07/08 14:26:37.655, 6, 91, 75520, 97887
2026/07/08 14:26:37.667, 7, 37, 75520, 97887
2026/07/08 14:26:38.679, 0, 0, 48704, 97887
2026/07/08 14:26:38.699, 1, 0, 48104, 97887
2026/07/08 14:26:38.717, 2, 0, 48104, 97887
2026/07/08 14:26:38.733, 3, 0, 48104, 97887
2026/07/08 14:26:38.745, 4, 63, 75468, 97887
2026/07/08 14:26:38.758, 5, 24, 75468, 97887
2026/07/08 14:26:38.774, 6, 75, 75520, 97887
2026/07/08 14:26:38.792, 7, 58, 75520, 97887
2026/07/08 14:26:39.811, 0, 0, 48704, 97887
2026/07/08 14:26:39.828, 1, 0, 48104, 97887
2026/07/08 14:26:39.845, 2, 0, 48104, 97887
2026/07/08 14:26:39.861, 3, 0, 48104, 97887
2026/07/08 14:26:39.878, 4, 59, 75470, 97887
2026/07/08 14:26:39.894, 5, 31, 75468, 97887
2026/07/08 14:26:39.911, 6, 40, 75520, 97887
2026/07/08 14:26:39.927, 7, 46, 75520, 97887
2026/07/08 14:26:40.944, 0, 0, 48704, 97887
2026/07/08 14:26:40.963, 1, 0, 48104, 97887
2026/07/08 14:26:40.977, 2, 0, 48104, 97887
2026/07/08 14:26:40.992, 3, 0, 48104, 97887
2026/07/08 14:26:41.008, 4, 90, 75470, 97887
2026/07/08 14:26:41.024, 5, 39, 75468, 97887
2026/07/08 14:26:41.040, 6, 61, 75520, 97887
2026/07/08 14:26:41.056, 7, 69, 75520, 97887
2026/07/08 14:26:42.069, 0, 0, 48704, 97887
2026/07/08 14:26:42.086, 1, 0, 48104, 97887
2026/07/08 14:26:42.104, 2, 0, 48104, 97887
2026/07/08 14:26:42.122, 3, 0, 48104, 97887
2026/07/08 14:26:42.141, 4, 51, 75470, 97887
2026/07/08 14:26:42.157, 5, 36, 75468, 97887
2026/07/08 14:26:42.174, 6, 81, 75520, 97887
2026/07/08 14:26:42.192, 7, 41, 75520, 97887
2026/07/08 14:26:43.206, 0, 0, 48704, 97887
2026/07/08 14:26:43.224, 1, 0, 48104, 97887
2026/07/08 14:26:43.239, 2, 0, 48104, 97887
2026/07/08 14:26:43.256, 3, 0, 48104, 97887
2026/07/08 14:26:43.274, 4, 54, 75470, 97887
2026/07/08 14:26:43.290, 5, 26, 75468, 97887
2026/07/08 14:26:43.311, 6, 92, 75520, 97887
2026/07/08 14:26:43.325, 7, 33, 75520, 97887
2026/07/08 14:26:44.340, 0, 0, 48704, 97887
2026/07/08 14:26:44.358, 1, 0, 48104, 97887
2026/07/08 14:26:44.375, 2, 0, 48104, 97887
2026/07/08 14:26:44.391, 3, 0, 48104, 97887
2026/07/08 14:26:44.407, 4, 74, 75470, 97887
2026/07/08 14:26:44.418, 5, 56, 75468, 97887
2026/07/08 14:26:44.427, 6, 84, 75520, 97887
2026/07/08 14:26:44.437, 7, 34, 75520, 97887
2026/07/08 14:26:45.446, 0, 0, 48704, 97887
2026/07/08 14:26:45.459, 1, 0, 48104, 97887
2026/07/08 14:26:45.469, 2, 0, 48104, 97887
2026/07/08 14:26:45.479, 3, 0, 48104, 97887
2026/07/08 14:26:45.497, 4, 90, 75470, 97887
2026/07/08 14:26:45.512, 5, 30, 75468, 97887
2026/07/08 14:26:45.529, 6, 79, 75520, 97887
2026/07/08 14:26:45.541, 7, 43, 75520, 97887
2026/07/08 14:26:46.555, 0, 0, 48704, 97887
2026/07/08 14:26:46.572, 1, 0, 48104, 97887
2026/07/08 14:26:46.590, 2, 0, 48104, 97887
2026/07/08 14:26:46.604, 3, 0, 48104, 97887
2026/07/08 14:26:46.620, 4, 79, 75470, 97887
2026/07/08 14:26:46.637, 5, 31, 75468, 97887
2026/07/08 14:26:46.653, 6, 65, 75520, 97887
2026/07/08 14:26:46.667, 7, 46, 75520, 97887
2026/07/08 14:26:47.685, 0, 0, 48704, 97887
2026/07/08 14:26:47.704, 1, 0, 48104, 97887
2026/07/08 14:26:47.724, 2, 0, 48104, 97887
2026/07/08 14:26:47.740, 3, 0, 48104, 97887
2026/07/08 14:26:47.755, 4, 74, 75470, 97887
2026/07/08 14:26:47.771, 5, 30, 75468, 97887
2026/07/08 14:26:47.787, 6, 94, 75520, 97887
2026/07/08 14:26:47.803, 7, 41, 75520, 97887
2026/07/08 14:26:48.821, 0, 0, 48704, 97887
2026/07/08 14:26:48.838, 1, 0, 48104, 97887
2026/07/08 14:26:48.854, 2, 0, 48104, 97887
2026/07/08 14:26:48.866, 3, 0, 48104, 97887
2026/07/08 14:26:48.883, 4, 50, 75470, 97887
2026/07/08 14:26:48.895, 5, 61, 75468, 97887
2026/07/08 14:26:48.910, 6, 74, 75520, 97887
2026/07/08 14:26:48.927, 7, 54, 75520, 97887
2026/07/08 14:26:49.945, 0, 0, 48704, 97887
2026/07/08 14:26:49.963, 1, 0, 48104, 97887
2026/07/08 14:26:49.982, 2, 0, 48104, 97887
2026/07/08 14:26:49.996, 3, 0, 48104, 97887
2026/07/08 14:26:50.012, 4, 82, 75470, 97887
2026/07/08 14:26:50.031, 5, 29, 75468, 97887
2026/07/08 14:26:50.047, 6, 75, 75520, 97887
2026/07/08 14:26:50.067, 7, 32, 75520, 97887
2026/07/08 14:26:51.087, 0, 0, 48704, 97887
2026/07/08 14:26:51.104, 1, 0, 48104, 97887
2026/07/08 14:26:51.123, 2, 0, 48104, 97887
2026/07/08 14:26:51.142, 3, 0, 48104, 97887
2026/07/08 14:26:51.160, 4, 89, 75470, 97887
2026/07/08 14:26:51.177, 5, 30, 75468, 97887
2026/07/08 14:26:51.193, 6, 67, 75520, 97887
2026/07/08 14:26:51.203, 7, 49, 75520, 97887
2026/07/08 14:26:52.214, 0, 0, 48704, 97887
2026/07/08 14:26:52.232, 1, 0, 48104, 97887
2026/07/08 14:26:52.251, 2, 0, 48104, 97887
2026/07/08 14:26:52.270, 3, 0, 48104, 97887
2026/07/08 14:26:52.288, 4, 96, 75470, 97887
2026/07/08 14:26:52.304, 5, 29, 75468, 97887
2026/07/08 14:26:52.318, 6, 90, 75520, 97887
2026/07/08 14:26:52.334, 7, 43, 75520, 97887
2026/07/08 14:26:53.349, 0, 0, 48704, 97887
2026/07/08 14:26:53.368, 1, 0, 48104, 97887
2026/07/08 14:26:53.390, 2, 0, 48104, 97887
2026/07/08 14:26:53.419, 3, 0, 48104, 97887
2026/07/08 14:26:53.437, 4, 95, 75470, 97887
2026/07/08 14:26:53.466, 5, 30, 75468, 97887
2026/07/08 14:26:53.487, 6, 91, 75520, 97887
2026/07/08 14:26:53.506, 7, 44, 75520, 97887
2026/07/08 14:26:54.533, 0, 0, 48704, 97887
2026/07/08 14:26:54.551, 1, 0, 48104, 97887
2026/07/08 14:26:54.567, 2, 0, 48104, 97887
2026/07/08 14:26:54.582, 3, 0, 48104, 97887
2026/07/08 14:26:54.597, 4, 86, 75470, 97887
2026/07/08 14:26:54.613, 5, 25, 75468, 97887
2026/07/08 14:26:54.627, 6, 83, 75520, 97887
2026/07/08 14:26:54.641, 7, 39, 75520, 97887
2026/07/08 14:26:55.654, 0, 0, 48704, 97887
2026/07/08 14:26:55.673, 1, 0, 48104, 97887
2026/07/08 14:26:55.692, 2, 0, 48104, 97887
2026/07/08 14:26:55.708, 3, 0, 48104, 97887
2026/07/08 14:26:55.725, 4, 82, 75470, 97887
2026/07/08 14:26:55.742, 5, 30, 75468, 97887
2026/07/08 14:26:55.757, 6, 79, 75520, 97887
2026/07/08 14:26:55.772, 7, 46, 75520, 97887
2026/07/08 14:26:56.787, 0, 0, 48704, 97887
2026/07/08 14:26:56.802, 1, 0, 48104, 97887
2026/07/08 14:26:56.817, 2, 0, 48104, 97887
2026/07/08 14:26:56.832, 3, 0, 48104, 97887
2026/07/08 14:26:56.848, 4, 56, 75470, 97887
2026/07/08 14:26:56.863, 5, 25, 75468, 97887
2026/07/08 14:26:56.878, 6, 46, 75520, 97887
2026/07/08 14:26:56.892, 7, 48, 75520, 97887
2026/07/08 14:26:57.904, 0, 0, 48704, 97887
2026/07/08 14:26:57.919, 1, 0, 48104, 97887
2026/07/08 14:26:57.936, 2, 0, 48104, 97887
2026/07/08 14:26:57.950, 3, 0, 48104, 97887
2026/07/08 14:26:57.962, 4, 73, 75470, 97887
2026/07/08 14:26:57.976, 5, 28, 75468, 97887
2026/07/08 14:26:57.992, 6, 88, 75520, 97887
2026/07/08 14:26:58.006, 7, 32, 75520, 97887
2026/07/08 14:26:59.023, 0, 0, 48704, 97887
2026/07/08 14:26:59.040, 1, 0, 48104, 97887
2026/07/08 14:26:59.060, 2, 0, 48104, 97887
2026/07/08 14:26:59.081, 3, 0, 48104, 97887
2026/07/08 14:26:59.096, 4, 96, 75470, 97887
2026/07/08 14:26:59.112, 5, 30, 75468, 97887
2026/07/08 14:26:59.131, 6, 53, 75520, 97887
2026/07/08 14:26:59.152, 7, 70, 75520, 97887
2026/07/08 14:27:00.168, 0, 0, 48704, 97887
2026/07/08 14:27:00.184, 1, 0, 48104, 97887
2026/07/08 14:27:00.199, 2, 0, 48104, 97887
2026/07/08 14:27:00.212, 3, 0, 48104, 97887
2026/07/08 14:27:00.225, 4, 58, 75470, 97887
2026/07/08 14:27:00.239, 5, 27, 75468, 97887
2026/07/08 14:27:00.253, 6, 54, 75520, 97887
2026/07/08 14:27:00.268, 7, 61, 75520, 97887
2026/07/08 14:27:01.283, 0, 0, 48704, 97887
2026/07/08 14:27:01.301, 1, 0, 48104, 97887
2026/07/08 14:27:01.319, 2, 0, 48104, 97887
2026/07/08 14:27:01.337, 3, 0, 48104, 97887
2026/07/08 14:27:01.351, 4, 34, 75470, 97887
2026/07/08 14:27:01.365, 5, 58, 75468, 97887
2026/07/08 14:27:01.379, 6, 83, 75520, 97887
2026/07/08 14:27:01.396, 7, 37, 75520, 97887
2026/07/08 14:27:02.412, 0, 0, 48704, 97887
2026/07/08 14:27:02.429, 1, 0, 48104, 97887
2026/07/08 14:27:02.442, 2, 0, 48104, 97887
2026/07/08 14:27:02.457, 3, 0, 48104, 97887
2026/07/08 14:27:02.473, 4, 24, 75470, 97887
2026/07/08 14:27:02.489, 5, 79, 75468, 97887
2026/07/08 14:27:02.505, 6, 46, 75520, 97887
2026/07/08 14:27:02.518, 7, 88, 75520, 97887
2026/07/08 14:27:03.528, 0, 0, 48704, 97887
2026/07/08 14:27:03.546, 1, 0, 48104, 97887
2026/07/08 14:27:03.563, 2, 0, 48104, 97887
2026/07/08 14:27:03.579, 3, 0, 48104, 97887
2026/07/08 14:27:03.593, 4, 76, 75470, 97887
2026/07/08 14:27:03.607, 5, 23, 75468, 97887
2026/07/08 14:27:03.618, 6, 95, 75520, 97887
2026/07/08 14:27:03.632, 7, 36, 75520, 97887
2026/07/08 14:27:04.645, 0, 0, 48704, 97887
2026/07/08 14:27:04.661, 1, 0, 48104, 97887
2026/07/08 14:27:04.677, 2, 0, 48104, 97887
2026/07/08 14:27:04.695, 3, 0, 48104, 97887
2026/07/08 14:27:04.713, 4, 32, 75470, 97887
2026/07/08 14:27:04.736, 5, 72, 75468, 97887
2026/07/08 14:27:04.752, 6, 96, 75520, 97887
2026/07/08 14:27:04.772, 7, 39, 75520, 97887
2026/07/08 14:27:05.791, 0, 0, 48704, 97887
2026/07/08 14:27:05.807, 1, 0, 48104, 97887
2026/07/08 14:27:05.822, 2, 0, 48104, 97887
2026/07/08 14:27:05.839, 3, 0, 48104, 97887
2026/07/08 14:27:05.854, 4, 40, 75470, 97887
2026/07/08 14:27:05.870, 5, 90, 75468, 97887
2026/07/08 14:27:05.887, 6, 93, 75520, 97887
2026/07/08 14:27:05.903, 7, 38, 75520, 97887
2026/07/08 14:27:06.922, 0, 0, 48704, 97887
2026/07/08 14:27:06.942, 1, 0, 48104, 97887
2026/07/08 14:27:06.955, 2, 0, 48104, 97887
2026/07/08 14:27:06.969, 3, 0, 48104, 97887
2026/07/08 14:27:06.984, 4, 35, 75470, 97887
2026/07/08 14:27:07.000, 5, 69, 75468, 97887
2026/07/08 14:27:07.014, 6, 73, 75520, 97887
2026/07/08 14:27:07.031, 7, 46, 75520, 97887
2026/07/08 14:27:08.048, 0, 0, 48704, 97887
2026/07/08 14:27:08.066, 1, 0, 48104, 97887
2026/07/08 14:27:08.084, 2, 0, 48104, 97887
2026/07/08 14:27:08.101, 3, 0, 48104, 97887
2026/07/08 14:27:08.116, 4, 43, 75470, 97887
2026/07/08 14:27:08.129, 5, 64, 75468, 97887
2026/07/08 14:27:08.145, 6, 86, 75520, 97887
2026/07/08 14:27:08.162, 7, 44, 75520, 97887
2026/07/08 14:27:09.180, 0, 0, 48704, 97887
2026/07/08 14:27:09.196, 1, 0, 48104, 97887
2026/07/08 14:27:09.213, 2, 0, 48104, 97887
2026/07/08 14:27:09.230, 3, 0, 48104, 97887
2026/07/08 14:27:09.243, 4, 23, 75470, 97887
2026/07/08 14:27:09.258, 5, 77, 75468, 97887
2026/07/08 14:27:09.272, 6, 27, 75520, 97887
2026/07/08 14:27:09.289, 7, 12, 75520, 97887
2026/07/08 14:27:10.304, 0, 0, 48704, 97887
2026/07/08 14:27:10.325, 1, 0, 48104, 97887
2026/07/08 14:27:10.344, 2, 0, 48104, 97887
2026/07/08 14:27:10.360, 3, 0, 48104, 97887
2026/07/08 14:27:10.377, 4, 33, 75470, 97887
2026/07/08 14:27:10.391, 5, 73, 75468, 97887
2026/07/08 14:27:10.404, 6, 48, 75520, 97887
2026/07/08 14:27:10.417, 7, 64, 75520, 97887
2026/07/08 14:27:11.431, 0, 0, 48704, 97887
2026/07/08 14:27:11.447, 1, 0, 48104, 97887
2026/07/08 14:27:11.462, 2, 0, 48104, 97887
2026/07/08 14:27:11.476, 3, 0, 48104, 97887
2026/07/08 14:27:11.491, 4, 27, 75470, 97887
2026/07/08 14:27:11.507, 5, 51, 75468, 97887
2026/07/08 14:27:11.524, 6, 96, 75520, 97887
2026/07/08 14:27:11.538, 7, 40, 75520, 97887
2026/07/08 14:27:12.550, 0, 0, 48704, 97887
2026/07/08 14:27:12.558, 1, 0, 48104, 97887
2026/07/08 14:27:12.566, 2, 0, 48104, 97887
2026/07/08 14:27:12.574, 3, 0, 48104, 97887
2026/07/08 14:27:12.584, 4, 39, 75470, 97887
2026/07/08 14:27:12.598, 5, 32, 75468, 97887
2026/07/08 14:27:12.614, 6, 89, 75520, 97887
2026/07/08 14:27:12.631, 7, 39, 75520, 97887
2026/07/08 14:27:13.648, 0, 0, 48704, 97887
2026/07/08 14:27:13.665, 1, 0, 48104, 97887
2026/07/08 14:27:13.679, 2, 0, 48104, 97887
2026/07/08 14:27:13.691, 3, 0, 48104, 97887
2026/07/08 14:27:13.705, 4, 29, 75470, 97887
2026/07/08 14:27:13.721, 5, 94, 75468, 97887
2026/07/08 14:27:13.737, 6, 77, 75520, 97887
2026/07/08 14:27:13.752, 7, 38, 75520, 97887
2026/07/08 14:27:14.766, 0, 0, 48704, 97887
2026/07/08 14:27:14.783, 1, 0, 48104, 97887
2026/07/08 14:27:14.799, 2, 0, 48104, 97887
2026/07/08 14:27:14.818, 3, 0, 48104, 97887
2026/07/08 14:27:14.834, 4, 25, 75470, 97887
2026/07/08 14:27:14.850, 5, 37, 75468, 97887
2026/07/08 14:27:14.869, 6, 84, 75520, 97887
2026/07/08 14:27:14.886, 7, 32, 75520, 97887
2026/07/08 14:27:15.900, 0, 0, 48704, 97887
2026/07/08 14:27:15.909, 1, 0, 48104, 97887
2026/07/08 14:27:15.917, 2, 0, 48104, 97887
2026/07/08 14:27:15.925, 3, 0, 48104, 97887
2026/07/08 14:27:15.934, 4, 44, 75470, 97887
2026/07/08 14:27:15.944, 5, 71, 75468, 97887
2026/07/08 14:27:15.957, 6, 94, 75520, 97887
2026/07/08 14:27:15.971, 7, 41, 75520, 97887
2026/07/08 14:27:16.986, 0, 0, 48704, 97887
2026/07/08 14:27:17.004, 1, 0, 48104, 97887
2026/07/08 14:27:17.024, 2, 0, 48104, 97887
2026/07/08 14:27:17.040, 3, 0, 48104, 97887
2026/07/08 14:27:17.057, 4, 40, 75470, 97887
2026/07/08 14:27:17.075, 5, 50, 75468, 97887
2026/07/08 14:27:17.093, 6, 93, 75520, 97887
2026/07/08 14:27:17.111, 7, 47, 75520, 97887
2026/07/08 14:27:18.125, 0, 0, 48704, 97887
2026/07/08 14:27:18.140, 1, 0, 48104, 97887
2026/07/08 14:27:18.156, 2, 0, 48104, 97887
2026/07/08 14:27:18.171, 3, 0, 48104, 97887
2026/07/08 14:27:18.187, 4, 18, 75470, 97887
2026/07/08 14:27:18.201, 5, 33, 75470, 97887
2026/07/08 14:27:18.216, 6, 96, 75520, 97887
2026/07/08 14:27:18.232, 7, 37, 75520, 97887
2026/07/08 14:27:19.248, 0, 0, 48704, 97887
2026/07/08 14:27:19.265, 1, 0, 48104, 97887
2026/07/08 14:27:19.279, 2, 0, 48104, 97887
2026/07/08 14:27:19.295, 3, 0, 48104, 97887
2026/07/08 14:27:19.309, 4, 71, 75470, 97887
2026/07/08 14:27:19.328, 5, 64, 75470, 97887
2026/07/08 14:27:19.339, 6, 70, 75520, 97887
2026/07/08 14:27:19.348, 7, 62, 75520, 97887
2026/07/08 14:27:20.360, 0, 0, 48704, 97887
2026/07/08 14:27:20.375, 1, 0, 48104, 97887
2026/07/08 14:27:20.392, 2, 0, 48104, 97887
2026/07/08 14:27:20.406, 3, 0, 48104, 97887
2026/07/08 14:27:20.419, 4, 35, 75470, 97887
2026/07/08 14:27:20.435, 5, 66, 75470, 97887
2026/07/08 14:27:20.452, 6, 70, 75520, 97887
2026/07/08 14:27:20.468, 7, 61, 75520, 97887
2026/07/08 14:27:21.483, 0, 0, 48704, 97887
2026/07/08 14:27:21.498, 1, 0, 48104, 97887
2026/07/08 14:27:21.511, 2, 0, 48104, 97887
2026/07/08 14:27:21.524, 3, 0, 48104, 97887
2026/07/08 14:27:21.537, 4, 50, 75470, 97887
2026/07/08 14:27:21.550, 5, 55, 75470, 97887
2026/07/08 14:27:21.565, 6, 61, 75520, 97887
2026/07/08 14:27:21.578, 7, 65, 75520, 97887
2026/07/08 14:27:22.593, 0, 0, 48704, 97887
2026/07/08 14:27:22.608, 1, 0, 48104, 97887
2026/07/08 14:27:22.626, 2, 0, 48104, 97887
2026/07/08 14:27:22.641, 3, 0, 48104, 97887
2026/07/08 14:27:22.659, 4, 47, 75470, 97887
2026/07/08 14:27:22.675, 5, 50, 75470, 97887
2026/07/08 14:27:22.692, 6, 80, 75520, 97887
2026/07/08 14:27:22.709, 7, 55, 75520, 97887
2026/07/08 14:27:23.724, 0, 0, 48704, 97887
2026/07/08 14:27:23.742, 1, 0, 48104, 97887
2026/07/08 14:27:23.759, 2, 0, 48104, 97887
2026/07/08 14:27:23.776, 3, 0, 48104, 97887
2026/07/08 14:27:23.793, 4, 37, 75470, 97887
2026/07/08 14:27:23.811, 5, 50, 75470, 97887
2026/07/08 14:27:23.829, 6, 54, 75520, 97887
2026/07/08 14:27:23.847, 7, 79, 75522, 97887
2026/07/08 14:27:24.864, 0, 0, 48704, 97887
2026/07/08 14:27:24.883, 1, 0, 48104, 97887
2026/07/08 14:27:24.900, 2, 0, 48104, 97887
2026/07/08 14:27:24.912, 3, 0, 48104, 97887
2026/07/08 14:27:24.926, 4, 42, 75470, 97887
2026/07/08 14:27:24.941, 5, 79, 75470, 97887
2026/07/08 14:27:24.956, 6, 35, 75520, 97887
2026/07/08 14:27:24.973, 7, 58, 75522, 97887
2026/07/08 14:27:25.991, 0, 0, 48704, 97887
2026/07/08 14:27:26.006, 1, 0, 48104, 97887
2026/07/08 14:27:26.023, 2, 0, 48104, 97887
2026/07/08 14:27:26.041, 3, 0, 48104, 97887
2026/07/08 14:27:26.057, 4, 29, 75470, 97887
2026/07/08 14:27:26.074, 5, 66, 75470, 97887
2026/07/08 14:27:26.091, 6, 93, 75520, 97887
2026/07/08 14:27:26.108, 7, 39, 75522, 97887
2026/07/08 14:27:27.124, 0, 0, 48704, 97887
2026/07/08 14:27:27.142, 1, 0, 48104, 97887
2026/07/08 14:27:27.156, 2, 0, 48104, 97887
2026/07/08 14:27:27.173, 3, 0, 48104, 97887
2026/07/08 14:27:27.191, 4, 38, 75470, 97887
2026/07/08 14:27:27.206, 5, 26, 75470, 97887
2026/07/08 14:27:27.225, 6, 94, 75522, 97887
2026/07/08 14:27:27.244, 7, 82, 75522, 97887
2026/07/08 14:27:28.263, 0, 0, 48704, 97887
2026/07/08 14:27:28.286, 1, 0, 48104, 97887
2026/07/08 14:27:28.304, 2, 0, 48104, 97887
2026/07/08 14:27:28.322, 3, 0, 48104, 97887
2026/07/08 14:27:28.339, 4, 68, 75470, 97887
2026/07/08 14:27:28.355, 5, 34, 75470, 97887
2026/07/08 14:27:28.368, 6, 84, 75522, 97887
2026/07/08 14:27:28.384, 7, 34, 75522, 97887
2026/07/08 14:27:29.402, 0, 0, 48704, 97887
2026/07/08 14:27:29.417, 1, 0, 48104, 97887
2026/07/08 14:27:29.434, 2, 0, 48104, 97887
2026/07/08 14:27:29.453, 3, 0, 48104, 97887
2026/07/08 14:27:29.471, 4, 36, 75470, 97887
2026/07/08 14:27:29.487, 5, 30, 75470, 97887
2026/07/08 14:27:29.505, 6, 0, 75522, 97887
2026/07/08 14:27:29.522, 7, 0, 75522, 97887
2026/07/08 14:27:30.540, 0, 0, 48704, 97887
2026/07/08 14:27:30.562, 1, 0, 48104, 97887
2026/07/08 14:27:30.581, 2, 0, 48104, 97887
2026/07/08 14:27:30.601, 3, 0, 48104, 97887
2026/07/08 14:27:30.620, 4, 63, 75470, 97887
2026/07/08 14:27:30.637, 5, 25, 75470, 97887
2026/07/08 14:27:30.653, 6, 52, 75522, 97887
2026/07/08 14:27:30.668, 7, 53, 75522, 97887
2026/07/08 14:27:31.684, 0, 0, 48704, 97887
2026/07/08 14:27:31.701, 1, 0, 48104, 97887
2026/07/08 14:27:31.715, 2, 0, 48104, 97887
2026/07/08 14:27:31.728, 3, 0, 48104, 97887
2026/07/08 14:27:31.742, 4, 38, 75470, 97887
2026/07/08 14:27:31.756, 5, 41, 75470, 97887
2026/07/08 14:27:31.768, 6, 75, 75522, 97887
2026/07/08 14:27:31.790, 7, 41, 75522, 97887
2026/07/08 14:27:32.817, 0, 0, 48704, 97887
2026/07/08 14:27:32.839, 1, 0, 48104, 97887
2026/07/08 14:27:32.859, 2, 0, 48104, 97887
2026/07/08 14:27:32.880, 3, 0, 48104, 97887
2026/07/08 14:27:32.898, 4, 88, 75470, 97887
2026/07/08 14:27:32.916, 5, 26, 75470, 97887
2026/07/08 14:27:32.932, 6, 91, 75522, 97887
2026/07/08 14:27:32.950, 7, 32, 75522, 97887
2026/07/08 14:27:33.966, 0, 0, 48704, 97887
2026/07/08 14:27:33.984, 1, 0, 48104, 97887
2026/07/08 14:27:33.998, 2, 0, 48104, 97887
2026/07/08 14:27:34.012, 3, 0, 48104, 97887
2026/07/08 14:27:34.023, 4, 43, 75470, 97887
2026/07/08 14:27:34.031, 5, 42, 75470, 97887
2026/07/08 14:27:34.039, 6, 94, 75522, 97887
2026/07/08 14:27:34.047, 7, 43, 75522, 97887
2026/07/08 14:27:35.059, 0, 0, 48704, 97887
2026/07/08 14:27:35.075, 1, 0, 48104, 97887
2026/07/08 14:27:35.090, 2, 0, 48104, 97887
2026/07/08 14:27:35.106, 3, 0, 48104, 97887
2026/07/08 14:27:35.122, 4, 23, 75470, 97887
2026/07/08 14:27:35.135, 5, 82, 75470, 97887
2026/07/08 14:27:35.148, 6, 62, 75522, 97887
2026/07/08 14:27:35.163, 7, 40, 75522, 97887
2026/07/08 14:27:36.176, 0, 0, 48704, 97887
2026/07/08 14:27:36.193, 1, 0, 48104, 97887
2026/07/08 14:27:36.208, 2, 0, 48104, 97887
2026/07/08 14:27:36.226, 3, 0, 48104, 97887
2026/07/08 14:27:36.241, 4, 27, 75470, 97887
2026/07/08 14:27:36.254, 5, 67, 75470, 97887
2026/07/08 14:27:36.268, 6, 68, 75522, 97887
2026/07/08 14:27:36.283, 7, 63, 75522, 97887
2026/07/08 14:27:37.300, 0, 0, 48704, 97887
2026/07/08 14:27:37.320, 1, 0, 48104, 97887
2026/07/08 14:27:37.338, 2, 0, 48104, 97887
2026/07/08 14:27:37.355, 3, 0, 48104, 97887
2026/07/08 14:27:37.371, 4, 50, 75470, 97887
2026/07/08 14:27:37.388, 5, 24, 75470, 97887
2026/07/08 14:27:37.404, 6, 96, 75522, 97887
2026/07/08 14:27:37.427, 7, 38, 75522, 97887
2026/07/08 14:27:38.454, 0, 0, 48704, 97887
2026/07/08 14:27:38.470, 1, 0, 48104, 97887
2026/07/08 14:27:38.486, 2, 0, 48104, 97887
2026/07/08 14:27:38.500, 3, 0, 48104, 97887
2026/07/08 14:27:38.514, 4, 62, 75470, 97887
2026/07/08 14:27:38.530, 5, 57, 75470, 97887
2026/07/08 14:27:38.545, 6, 53, 75522, 97887
2026/07/08 14:27:38.561, 7, 44, 75522, 97887
2026/07/08 14:27:39.576, 0, 0, 48704, 97887
2026/07/08 14:27:39.593, 1, 0, 48104, 97887
2026/07/08 14:27:39.607, 2, 0, 48104, 97887
2026/07/08 14:27:39.623, 3, 0, 48104, 97887
2026/07/08 14:27:39.640, 4, 34, 75470, 97887
2026/07/08 14:27:39.655, 5, 67, 75470, 97887
2026/07/08 14:27:39.670, 6, 78, 75522, 97887
2026/07/08 14:27:39.685, 7, 56, 75522, 97887
2026/07/08 14:27:40.698, 0, 0, 48704, 97887
2026/07/08 14:27:40.716, 1, 0, 48104, 97887
2026/07/08 14:27:40.731, 2, 0, 48104, 97887
2026/07/08 14:27:40.745, 3, 0, 48104, 97887
2026/07/08 14:27:40.759, 4, 33, 75470, 97887
2026/07/08 14:27:40.775, 5, 33, 75470, 97887
2026/07/08 14:27:40.791, 6, 33, 75522, 97887
2026/07/08 14:27:40.808, 7, 78, 75522, 97887
2026/07/08 14:27:41.825, 0, 0, 48704, 97887
2026/07/08 14:27:41.842, 1, 0, 48104, 97887
2026/07/08 14:27:41.858, 2, 0, 48104, 97887
2026/07/08 14:27:41.872, 3, 0, 48104, 97887
2026/07/08 14:27:41.887, 4, 44, 75470, 97887
2026/07/08 14:27:41.900, 5, 87, 75470, 97887
2026/07/08 14:27:41.916, 6, 81, 75522, 97887
2026/07/08 14:27:41.931, 7, 30, 75522, 97887
2026/07/08 14:27:42.947, 0, 0, 48704, 97887
2026/07/08 14:27:42.961, 1, 0, 48104, 97887
2026/07/08 14:27:42.980, 2, 0, 48104, 97887
2026/07/08 14:27:42.992, 3, 0, 48104, 97887
2026/07/08 14:27:43.007, 4, 45, 75470, 97887
2026/07/08 14:27:43.025, 5, 71, 75470, 97887
2026/07/08 14:27:43.043, 6, 61, 75522, 97887
2026/07/08 14:27:43.064, 7, 29, 75522, 97887
2026/07/08 14:27:44.086, 0, 0, 48704, 97887
2026/07/08 14:27:44.101, 1, 0, 48104, 97887
2026/07/08 14:27:44.117, 2, 0, 48104, 97887
2026/07/08 14:27:44.129, 3, 0, 48104, 97887
2026/07/08 14:27:44.142, 4, 51, 75470, 97887
2026/07/08 14:27:44.159, 5, 59, 75470, 97887
2026/07/08 14:27:44.175, 6, 92, 75522, 97887
2026/07/08 14:27:44.188, 7, 41, 75522, 97887
2026/07/08 14:27:45.206, 0, 0, 48704, 97887
2026/07/08 14:27:45.224, 1, 0, 48104, 97887
2026/07/08 14:27:45.241, 2, 0, 48104, 97887
2026/07/08 14:27:45.258, 3, 0, 48104, 97887
2026/07/08 14:27:45.275, 4, 25, 75470, 97887
2026/07/08 14:27:45.292, 5, 76, 75470, 97887
2026/07/08 14:27:45.308, 6, 86, 75522, 97887
2026/07/08 14:27:45.324, 7, 41, 75522, 97887
2026/07/08 14:27:46.340, 0, 0, 48704, 97887
2026/07/08 14:27:46.359, 1, 0, 48104, 97887
2026/07/08 14:27:46.377, 2, 0, 48104, 97887
2026/07/08 14:27:46.393, 3, 0, 48104, 97887
2026/07/08 14:27:46.409, 4, 38, 75470, 97887
2026/07/08 14:27:46.425, 5, 82, 75470, 97887
2026/07/08 14:27:46.443, 6, 94, 75522, 97887
2026/07/08 14:27:46.459, 7, 37, 75522, 97887
2026/07/08 14:27:47.474, 0, 0, 48704, 97887
2026/07/08 14:27:47.488, 1, 0, 48104, 97887
2026/07/08 14:27:47.504, 2, 0, 48104, 97887
2026/07/08 14:27:47.517, 3, 0, 48104, 97887
2026/07/08 14:27:47.531, 4, 61, 75470, 97887
2026/07/08 14:27:47.542, 5, 63, 75470, 97887
2026/07/08 14:27:47.554, 6, 93, 75522, 97887
2026/07/08 14:27:47.567, 7, 39, 75522, 97887
2026/07/08 14:27:48.581, 0, 0, 48704, 97887
2026/07/08 14:27:48.598, 1, 0, 48104, 97887
2026/07/08 14:27:48.615, 2, 0, 48104, 97887
2026/07/08 14:27:48.635, 3, 0, 48104, 97887
2026/07/08 14:27:48.650, 4, 24, 75470, 97887
2026/07/08 14:27:48.664, 5, 60, 75470, 97887
2026/07/08 14:27:48.680, 6, 60, 75522, 97887
2026/07/08 14:27:48.695, 7, 59, 75522, 97887
2026/07/08 14:27:49.709, 0, 0, 48704, 97887
2026/07/08 14:27:49.723, 1, 0, 48104, 97887
2026/07/08 14:27:49.739, 2, 0, 48104, 97887
2026/07/08 14:27:49.753, 3, 0, 48104, 97887
2026/07/08 14:27:49.767, 4, 73, 75470, 97887
2026/07/08 14:27:49.782, 5, 86, 75470, 97887
2026/07/08 14:27:49.795, 6, 91, 75522, 97887
2026/07/08 14:27:49.819, 7, 37, 75522, 97887
2026/07/08 14:27:50.833, 0, 0, 48704, 97887
2026/07/08 14:27:50.854, 1, 0, 48104, 97887
2026/07/08 14:27:50.872, 2, 0, 48104, 97887
2026/07/08 14:27:50.886, 3, 0, 48104, 97887
2026/07/08 14:27:50.896, 4, 37, 75470, 97887
2026/07/08 14:27:50.908, 5, 68, 75470, 97887
2026/07/08 14:27:50.917, 6, 59, 75522, 97887
2026/07/08 14:27:50.932, 7, 30, 75522, 97887
2026/07/08 14:27:51.943, 0, 0, 48704, 97887
2026/07/08 14:27:51.956, 1, 0, 48104, 97887
2026/07/08 14:27:51.972, 2, 0, 48104, 97887
2026/07/08 14:27:51.988, 3, 0, 48104, 97887
2026/07/08 14:27:52.002, 4, 43, 75470, 97887
2026/07/08 14:27:52.013, 5, 43, 75470, 97887
2026/07/08 14:27:52.026, 6, 93, 75522, 97887
2026/07/08 14:27:52.040, 7, 36, 75522, 97887
2026/07/08 14:27:53.052, 0, 0, 48704, 97887
2026/07/08 14:27:53.067, 1, 0, 48104, 97887
2026/07/08 14:27:53.082, 2, 0, 48104, 97887
2026/07/08 14:27:53.097, 3, 0, 48104, 97887
2026/07/08 14:27:53.112, 4, 30, 75470, 97887
2026/07/08 14:27:53.127, 5, 51, 75470, 97887
2026/07/08 14:27:53.139, 6, 92, 75522, 97887
2026/07/08 14:27:53.151, 7, 28, 75522, 97887
2026/07/08 14:27:54.164, 0, 0, 48704, 97887
2026/07/08 14:27:54.184, 1, 0, 48104, 97887
2026/07/08 14:27:54.198, 2, 0, 48104, 97887
2026/07/08 14:27:54.213, 3, 0, 48104, 97887
2026/07/08 14:27:54.225, 4, 36, 75470, 97887
2026/07/08 14:27:54.242, 5, 81, 75470, 97887
2026/07/08 14:27:54.259, 6, 86, 75522, 97887
2026/07/08 14:27:54.271, 7, 22, 75522, 97887
2026/07/08 14:27:55.283, 0, 0, 48704, 97887
2026/07/08 14:27:55.300, 1, 0, 48104, 97887
2026/07/08 14:27:55.311, 2, 0, 48104, 97887
2026/07/08 14:27:55.323, 3, 0, 48104, 97887
2026/07/08 14:27:55.335, 4, 32, 75470, 97887
2026/07/08 14:27:55.351, 5, 63, 75470, 97887
2026/07/08 14:27:55.367, 6, 92, 75522, 97887
2026/07/08 14:27:55.382, 7, 37, 75522, 97887
2026/07/08 14:27:56.397, 0, 0, 48704, 97887
2026/07/08 14:27:56.411, 1, 0, 48104, 97887
2026/07/08 14:27:56.425, 2, 0, 48104, 97887
2026/07/08 14:27:56.441, 3, 0, 48104, 97887
2026/07/08 14:27:56.458, 4, 36, 75470, 97887
2026/07/08 14:27:56.471, 5, 65, 75470, 97887
2026/07/08 14:27:56.484, 6, 85, 75522, 97887
2026/07/08 14:27:56.499, 7, 34, 75522, 97887
2026/07/08 14:27:57.515, 0, 0, 48704, 97887
2026/07/08 14:27:57.529, 1, 0, 48104, 97887
2026/07/08 14:27:57.544, 2, 0, 48104, 97887
2026/07/08 14:27:57.559, 3, 0, 48104, 97887
2026/07/08 14:27:57.572, 4, 35, 75470, 97887
2026/07/08 14:27:57.586, 5, 68, 75470, 97887
2026/07/08 14:27:57.601, 6, 62, 75522, 97887
2026/07/08 14:27:57.615, 7, 43, 75522, 97887
2026/07/08 14:27:58.628, 0, 0, 48704, 97887
2026/07/08 14:27:58.643, 1, 0, 48104, 97887
2026/07/08 14:27:58.654, 2, 0, 48104, 97887
2026/07/08 14:27:58.664, 3, 0, 48104, 97887
2026/07/08 14:27:58.676, 4, 34, 75470, 97887
2026/07/08 14:27:58.686, 5, 84, 75470, 97887
2026/07/08 14:27:58.698, 6, 86, 75522, 97887
2026/07/08 14:27:58.712, 7, 35, 75522, 97887
2026/07/08 14:27:59.725, 0, 0, 48704, 97887
2026/07/08 14:27:59.738, 1, 0, 48104, 97887
2026/07/08 14:27:59.750, 2, 0, 48104, 97887
2026/07/08 14:27:59.763, 3, 0, 48104, 97887
2026/07/08 14:27:59.777, 4, 29, 75470, 97887
2026/07/08 14:27:59.794, 5, 84, 75470, 97887
2026/07/08 14:27:59.810, 6, 93, 75522, 97887
2026/07/08 14:27:59.826, 7, 29, 75522, 97887
2026/07/08 14:28:00.843, 0, 0, 48704, 97887
2026/07/08 14:28:00.861, 1, 0, 48104, 97887
2026/07/08 14:28:00.874, 2, 0, 48104, 97887
2026/07/08 14:28:00.886, 3, 0, 48104, 97887
2026/07/08 14:28:00.901, 4, 63, 75470, 97887
2026/07/08 14:28:00.917, 5, 77, 75470, 97887
2026/07/08 14:28:00.934, 6, 92, 75522, 97887
2026/07/08 14:28:00.951, 7, 35, 75522, 97887
2026/07/08 14:28:01.969, 0, 0, 48704, 97887
2026/07/08 14:28:01.987, 1, 0, 48104, 97887
2026/07/08 14:28:02.000, 2, 0, 48104, 97887
2026/07/08 14:28:02.017, 3, 0, 48104, 97887
2026/07/08 14:28:02.033, 4, 27, 75470, 97887
2026/07/08 14:28:02.050, 5, 79, 75470, 97887
2026/07/08 14:28:02.066, 6, 90, 75522, 97887
2026/07/08 14:28:02.080, 7, 41, 75524, 97887
2026/07/08 14:28:03.096, 0, 0, 48704, 97887
2026/07/08 14:28:03.114, 1, 0, 48104, 97887
2026/07/08 14:28:03.129, 2, 0, 48104, 97887
2026/07/08 14:28:03.145, 3, 0, 48104, 97887
2026/07/08 14:28:03.160, 4, 30, 75470, 97887
2026/07/08 14:28:03.175, 5, 73, 75470, 97887
2026/07/08 14:28:03.191, 6, 82, 75522, 97887
2026/07/08 14:28:03.209, 7, 29, 75524, 97887
2026/07/08 14:28:04.227, 0, 0, 48704, 97887
2026/07/08 14:28:04.238, 1, 0, 48104, 97887
2026/07/08 14:28:04.249, 2, 0, 48104, 97887
2026/07/08 14:28:04.260, 3, 0, 48104, 97887
2026/07/08 14:28:04.273, 4, 39, 75470, 97887
2026/07/08 14:28:04.286, 5, 55, 75470, 97887
2026/07/08 14:28:04.299, 6, 89, 75522, 97887
2026/07/08 14:28:04.311, 7, 44, 75524, 97887
2026/07/08 14:28:05.325, 0, 0, 48704, 97887
2026/07/08 14:28:05.341, 1, 0, 48104, 97887
2026/07/08 14:28:05.355, 2, 0, 48104, 97887
2026/07/08 14:28:05.372, 3, 0, 48104, 97887
2026/07/08 14:28:05.388, 4, 28, 75470, 97887
2026/07/08 14:28:05.405, 5, 53, 75470, 97887
2026/07/08 14:28:05.424, 6, 96, 75522, 97887
2026/07/08 14:28:05.440, 7, 75, 75524, 97887
2026/07/08 14:28:06.457, 0, 0, 48704, 97887
2026/07/08 14:28:06.472, 1, 0, 48104, 97887
2026/07/08 14:28:06.489, 2, 0, 48104, 97887
2026/07/08 14:28:06.505, 3, 0, 48104, 97887
2026/07/08 14:28:06.523, 4, 50, 75470, 97887
2026/07/08 14:28:06.538, 5, 62, 75470, 97887
2026/07/08 14:28:06.555, 6, 95, 75522, 97887
2026/07/08 14:28:06.572, 7, 42, 75524, 97887
2026/07/08 14:28:07.589, 0, 0, 48704, 97887
2026/07/08 14:28:07.606, 1, 0, 48104, 97887
2026/07/08 14:28:07.620, 2, 0, 48104, 97887
2026/07/08 14:28:07.636, 3, 0, 48104, 97887
2026/07/08 14:28:07.652, 4, 50, 75470, 97887
2026/07/08 14:28:07.668, 5, 29, 75470, 97887
2026/07/08 14:28:07.685, 6, 62, 75522, 97887
2026/07/08 14:28:07.701, 7, 28, 75524, 97887
2026/07/08 14:28:08.719, 0, 0, 48704, 97887
2026/07/08 14:28:08.731, 1, 0, 48104, 97887
2026/07/08 14:28:08.742, 2, 0, 48104, 97887
2026/07/08 14:28:08.753, 3, 0, 48104, 97887
2026/07/08 14:28:08.766, 4, 61, 75470, 97887
2026/07/08 14:28:08.777, 5, 79, 75470, 97887
2026/07/08 14:28:08.790, 6, 100, 75522, 97887
2026/07/08 14:28:08.804, 7, 100, 75524, 97887
2026/07/08 14:28:09.820, 0, 0, 48704, 97887
2026/07/08 14:28:09.837, 1, 0, 48104, 97887
2026/07/08 14:28:09.850, 2, 0, 48104, 97887
2026/07/08 14:28:09.862, 3, 0, 48104, 97887
2026/07/08 14:28:09.875, 4, 41, 75470, 97887
2026/07/08 14:28:09.887, 5, 39, 75470, 97887
2026/07/08 14:28:09.900, 6, 91, 75522, 97887
2026/07/08 14:28:09.913, 7, 36, 75524, 97887
2026/07/08 14:28:10.925, 0, 0, 48704, 97887
2026/07/08 14:28:10.942, 1, 0, 48104, 97887
2026/07/08 14:28:10.957, 2, 0, 48104, 97887
2026/07/08 14:28:10.974, 3, 0, 48104, 97887
2026/07/08 14:28:10.992, 4, 77, 75470, 97887
2026/07/08 14:28:11.013, 5, 29, 75470, 97887
2026/07/08 14:28:11.032, 6, 96, 75522, 97887
2026/07/08 14:28:11.050, 7, 34, 75524, 97887
2026/07/08 14:28:12.070, 0, 0, 48704, 97887
2026/07/08 14:28:12.088, 1, 0, 48104, 97887
2026/07/08 14:28:12.105, 2, 0, 48104, 97887
2026/07/08 14:28:12.122, 3, 0, 48104, 97887
2026/07/08 14:28:12.140, 4, 83, 75470, 97887
2026/07/08 14:28:12.158, 5, 31, 75470, 97887
2026/07/08 14:28:12.175, 6, 88, 75522, 97887
2026/07/08 14:28:12.190, 7, 41, 75524, 97887
2026/07/08 14:28:13.209, 0, 0, 48704, 97887
2026/07/08 14:28:13.228, 1, 0, 48104, 97887
2026/07/08 14:28:13.242, 2, 0, 48104, 97887
2026/07/08 14:28:13.260, 3, 0, 48104, 97887
2026/07/08 14:28:13.278, 4, 76, 75470, 97887
2026/07/08 14:28:13.297, 5, 27, 75470, 97887
2026/07/08 14:28:13.314, 6, 77, 75522, 97887
2026/07/08 14:28:13.334, 7, 34, 75524, 97887
2026/07/08 14:28:14.353, 0, 0, 48704, 97887
2026/07/08 14:28:14.372, 1, 0, 48104, 97887
2026/07/08 14:28:14.389, 2, 0, 48104, 97887
2026/07/08 14:28:14.405, 3, 0, 48104, 97887
2026/07/08 14:28:14.421, 4, 89, 75470, 97887
2026/07/08 14:28:14.436, 5, 24, 75470, 97887
2026/07/08 14:28:14.455, 6, 39, 75522, 97887
2026/07/08 14:28:14.470, 7, 38, 75524, 97887
2026/07/08 14:28:15.487, 0, 0, 48704, 97887
2026/07/08 14:28:15.502, 1, 0, 48104, 97887
2026/07/08 14:28:15.515, 2, 0, 48104, 97887
2026/07/08 14:28:15.532, 3, 0, 48104, 97887
2026/07/08 14:28:15.547, 4, 88, 75470, 97887
2026/07/08 14:28:15.563, 5, 31, 75470, 97887
2026/07/08 14:28:15.580, 6, 95, 75522, 97887
2026/07/08 14:28:15.597, 7, 39, 75524, 97887
2026/07/08 14:28:16.613, 0, 0, 48704, 97887
2026/07/08 14:28:16.634, 1, 0, 48104, 97887
2026/07/08 14:28:16.651, 2, 0, 48104, 97887
2026/07/08 14:28:16.667, 3, 0, 48104, 97887
2026/07/08 14:28:16.685, 4, 93, 75470, 97887
2026/07/08 14:28:16.703, 5, 28, 75470, 97887
2026/07/08 14:28:16.722, 6, 84, 75522, 97887
2026/07/08 14:28:16.742, 7, 39, 75524, 97887
2026/07/08 14:28:17.760, 0, 0, 48704, 97887
2026/07/08 14:28:17.780, 1, 0, 48104, 97887
2026/07/08 14:28:17.799, 2, 0, 48104, 97887
2026/07/08 14:28:17.819, 3, 0, 48104, 97887
2026/07/08 14:28:17.839, 4, 95, 75470, 97887
2026/07/08 14:28:17.860, 5, 28, 75470, 97887
2026/07/08 14:28:17.878, 6, 90, 75522, 97887
2026/07/08 14:28:17.894, 7, 32, 75524, 97887
2026/07/08 14:28:18.910, 0, 0, 48704, 97887
2026/07/08 14:28:18.932, 1, 0, 48104, 97887
2026/07/08 14:28:18.954, 2, 0, 48104, 97887
2026/07/08 14:28:18.972, 3, 0, 48104, 97887
2026/07/08 14:28:18.990, 4, 94, 75470, 97887
2026/07/08 14:28:19.007, 5, 25, 75470, 97887
2026/07/08 14:28:19.022, 6, 75, 75522, 97887
2026/07/08 14:28:19.037, 7, 28, 75524, 97887
2026/07/08 14:28:20.050, 0, 0, 48704, 97887
2026/07/08 14:28:20.068, 1, 0, 48104, 97887
2026/07/08 14:28:20.087, 2, 0, 48104, 97887
2026/07/08 14:28:20.104, 3, 0, 48104, 97887
2026/07/08 14:28:20.122, 4, 94, 75470, 97887
2026/07/08 14:28:20.138, 5, 22, 75470, 97887
2026/07/08 14:28:20.155, 6, 93, 75522, 97887
2026/07/08 14:28:20.172, 7, 28, 75524, 97887
2026/07/08 14:28:21.190, 0, 0, 48704, 97887
2026/07/08 14:28:21.209, 1, 0, 48104, 97887
2026/07/08 14:28:21.226, 2, 0, 48104, 97887
2026/07/08 14:28:21.242, 3, 0, 48104, 97887
2026/07/08 14:28:21.272, 4, 94, 75470, 97887
2026/07/08 14:28:21.297, 5, 19, 75470, 97887
2026/07/08 14:28:21.321, 6, 93, 75522, 97887
2026/07/08 14:28:21.342, 7, 27, 75524, 97887
2026/07/08 14:28:22.370, 0, 0, 48704, 97887
2026/07/08 14:28:22.392, 1, 0, 48104, 97887
2026/07/08 14:28:22.412, 2, 0, 48104, 97887
2026/07/08 14:28:22.431, 3, 0, 48104, 97887
2026/07/08 14:28:22.450, 4, 88, 75470, 97887
2026/07/08 14:28:22.470, 5, 28, 75470, 97887
2026/07/08 14:28:22.491, 6, 50, 75522, 97887
2026/07/08 14:28:22.508, 7, 36, 75524, 97887
2026/07/08 14:28:23.524, 0, 0, 48704, 97887
2026/07/08 14:28:23.541, 1, 0, 48104, 97887
2026/07/08 14:28:23.559, 2, 0, 48104, 97887
2026/07/08 14:28:23.575, 3, 0, 48104, 97887
2026/07/08 14:28:23.592, 4, 91, 75470, 97887
2026/07/08 14:28:23.609, 5, 28, 75470, 97887
2026/07/08 14:28:23.628, 6, 64, 75522, 97887
2026/07/08 14:28:23.645, 7, 65, 75524, 97887
2026/07/08 14:28:24.663, 0, 0, 48704, 97887
2026/07/08 14:28:24.682, 1, 0, 48104, 97887
2026/07/08 14:28:24.698, 2, 0, 48104, 97887
2026/07/08 14:28:24.711, 3, 0, 48104, 97887
2026/07/08 14:28:24.724, 4, 95, 75470, 97887
2026/07/08 14:28:24.741, 5, 33, 75470, 97887
2026/07/08 14:28:24.755, 6, 91, 75522, 97887
2026/07/08 14:28:24.770, 7, 37, 75524, 97887
2026/07/08 14:28:25.787, 0, 0, 48704, 97887
2026/07/08 14:28:25.806, 1, 0, 48104, 97887
2026/07/08 14:28:25.821, 2, 0, 48104, 97887
2026/07/08 14:28:25.839, 3, 0, 48104, 97887
2026/07/08 14:28:25.854, 4, 94, 75470, 97887
2026/07/08 14:28:25.871, 5, 27, 75470, 97887
2026/07/08 14:28:25.887, 6, 90, 75522, 97887
2026/07/08 14:28:25.906, 7, 38, 75524, 97887
2026/07/08 14:28:26.924, 0, 0, 48704, 97887
2026/07/08 14:28:26.943, 1, 0, 48104, 97887
2026/07/08 14:28:26.958, 2, 0, 48104, 97887
2026/07/08 14:28:26.975, 3, 0, 48104, 97887
2026/07/08 14:28:26.991, 4, 85, 75470, 97887
2026/07/08 14:28:27.006, 5, 32, 75470, 97887
2026/07/08 14:28:27.023, 6, 95, 75522, 97887
2026/07/08 14:28:27.041, 7, 44, 75524, 97887
2026/07/08 14:28:28.059, 0, 0, 48704, 97887
2026/07/08 14:28:28.075, 1, 0, 48104, 97887
2026/07/08 14:28:28.088, 2, 0, 48104, 97887
2026/07/08 14:28:28.104, 3, 0, 48104, 97887
2026/07/08 14:28:28.120, 4, 95, 75470, 97887
2026/07/08 14:28:28.133, 5, 29, 75470, 97887
2026/07/08 14:28:28.148, 6, 92, 75522, 97887
2026/07/08 14:28:28.163, 7, 31, 75524, 97887
2026/07/08 14:28:29.180, 0, 0, 48704, 97887
2026/07/08 14:28:29.198, 1, 0, 48104, 97887
2026/07/08 14:28:29.214, 2, 0, 48104, 97887
2026/07/08 14:28:29.229, 3, 0, 48104, 97887
2026/07/08 14:28:29.245, 4, 50, 75470, 97887
2026/07/08 14:28:29.262, 5, 68, 75470, 97887
2026/07/08 14:28:29.281, 6, 88, 75522, 97887
2026/07/08 14:28:29.301, 7, 41, 75524, 97887
2026/07/08 14:28:30.321, 0, 0, 48704, 97887
2026/07/08 14:28:30.340, 1, 0, 48104, 97887
2026/07/08 14:28:30.359, 2, 0, 48104, 97887
2026/07/08 14:28:30.373, 3, 0, 48104, 97887
2026/07/08 14:28:30.388, 4, 89, 75470, 97887
2026/07/08 14:28:30.405, 5, 29, 75470, 97887
2026/07/08 14:28:30.421, 6, 86, 75522, 97887
2026/07/08 14:28:30.432, 7, 38, 75524, 97887
2026/07/08 14:28:31.438, 0, 0, 48704, 97887
2026/07/08 14:28:31.456, 1, 0, 48104, 97887
2026/07/08 14:28:31.473, 2, 0, 48104, 97887
2026/07/08 14:28:31.490, 3, 0, 48104, 97887
2026/07/08 14:28:31.507, 4, 89, 75470, 97887
2026/07/08 14:28:31.521, 5, 22, 75470, 97887
2026/07/08 14:28:31.538, 6, 87, 75522, 97887
2026/07/08 14:28:31.554, 7, 29, 75524, 97887
2026/07/08 14:28:32.569, 0, 0, 48704, 97887
2026/07/08 14:28:32.585, 1, 0, 48104, 97887
2026/07/08 14:28:32.599, 2, 0, 48104, 97887
2026/07/08 14:28:32.615, 3, 0, 48104, 97887
2026/07/08 14:28:32.629, 4, 87, 75470, 97887
2026/07/08 14:28:32.644, 5, 23, 75470, 97887
2026/07/08 14:28:32.658, 6, 93, 75522, 97887
2026/07/08 14:28:32.674, 7, 29, 75524, 97887
2026/07/08 14:28:33.689, 0, 0, 48704, 97887
2026/07/08 14:28:33.705, 1, 0, 48104, 97887
2026/07/08 14:28:33.721, 2, 0, 48104, 97887
2026/07/08 14:28:33.735, 3, 0, 48104, 97887
2026/07/08 14:28:33.750, 4, 91, 75470, 97887
2026/07/08 14:28:33.765, 5, 23, 75470, 97887
2026/07/08 14:28:33.778, 6, 94, 75522, 97887
2026/07/08 14:28:33.790, 7, 29, 75524, 97887
2026/07/08 14:28:34.804, 0, 0, 48704, 97887
2026/07/08 14:28:34.820, 1, 0, 48104, 97887
2026/07/08 14:28:34.835, 2, 0, 48104, 97887
2026/07/08 14:28:34.851, 3, 0, 48104, 97887
2026/07/08 14:28:34.864, 4, 96, 75470, 97887
2026/07/08 14:28:34.879, 5, 25, 75470, 97887
2026/07/08 14:28:34.894, 6, 94, 75522, 97887
2026/07/08 14:28:34.908, 7, 32, 75524, 97887
2026/07/08 14:28:35.921, 0, 0, 48704, 97887
2026/07/08 14:28:35.938, 1, 0, 48104, 97887
2026/07/08 14:28:35.954, 2, 0, 48104, 97887
2026/07/08 14:28:35.970, 3, 0, 48104, 97887
2026/07/08 14:28:35.986, 4, 91, 75470, 97887
2026/07/08 14:28:35.999, 5, 31, 75470, 97887
2026/07/08 14:28:36.012, 6, 54, 75522, 97887
2026/07/08 14:28:36.025, 7, 42, 75524, 97887
2026/07/08 14:28:37.040, 0, 0, 48704, 97887
2026/07/08 14:28:37.054, 1, 0, 48104, 97887
2026/07/08 14:28:37.071, 2, 0, 48104, 97887
2026/07/08 14:28:37.086, 3, 0, 48104, 97887
2026/07/08 14:28:37.101, 4, 94, 75470, 97887
2026/07/08 14:28:37.116, 5, 27, 75470, 97887
2026/07/08 14:28:37.130, 6, 84, 75522, 97887
2026/07/08 14:28:37.144, 7, 57, 75524, 97887
2026/07/08 14:28:38.160, 0, 0, 48704, 97887
2026/07/08 14:28:38.179, 1, 0, 48104, 97887
2026/07/08 14:28:38.195, 2, 0, 48104, 97887
2026/07/08 14:28:38.213, 3, 0, 48104, 97887
2026/07/08 14:28:38.227, 4, 94, 75470, 97887
2026/07/08 14:28:38.242, 5, 27, 75470, 97887
2026/07/08 14:28:38.256, 6, 7, 75522, 97887
2026/07/08 14:28:38.271, 7, 31, 75524, 97887
2026/07/08 14:28:39.285, 0, 0, 48704, 97887
2026/07/08 14:28:39.303, 1, 0, 48104, 97887
2026/07/08 14:28:39.318, 2, 0, 48104, 97887
2026/07/08 14:28:39.332, 3, 0, 48104, 97887
2026/07/08 14:28:39.348, 4, 93, 75470, 97887
2026/07/08 14:28:39.364, 5, 32, 75470, 97887
2026/07/08 14:28:39.380, 6, 49, 75522, 97887
2026/07/08 14:28:39.395, 7, 12, 75524, 97887
2026/07/08 14:28:40.414, 0, 0, 48704, 97887
2026/07/08 14:28:40.431, 1, 0, 48104, 97887
2026/07/08 14:28:40.447, 2, 0, 48104, 97887
2026/07/08 14:28:40.463, 3, 0, 48104, 97887
2026/07/08 14:28:40.478, 4, 30, 75470, 97887
2026/07/08 14:28:40.488, 5, 81, 75470, 97887
2026/07/08 14:28:40.498, 6, 95, 75524, 97887
2026/07/08 14:28:40.508, 7, 35, 75524, 97887
2026/07/08 14:28:41.518, 0, 0, 48704, 97887
2026/07/08 14:28:41.535, 1, 0, 48104, 97887
2026/07/08 14:28:41.553, 2, 0, 48104, 97887
2026/07/08 14:28:41.571, 3, 0, 48104, 97887
2026/07/08 14:28:41.589, 4, 36, 75470, 97887
2026/07/08 14:28:41.606, 5, 57, 75470, 97887
2026/07/08 14:28:41.622, 6, 90, 75524, 97887
2026/07/08 14:28:41.638, 7, 31, 75524, 97887
2026/07/08 14:28:42.652, 0, 0, 48704, 97887
2026/07/08 14:28:42.669, 1, 0, 48104, 97887
2026/07/08 14:28:42.684, 2, 0, 48104, 97887
2026/07/08 14:28:42.701, 3, 0, 48104, 97887
2026/07/08 14:28:42.717, 4, 28, 75470, 97887
2026/07/08 14:28:42.732, 5, 88, 75470, 97887
2026/07/08 14:28:42.747, 6, 94, 75524, 97887
2026/07/08 14:28:42.761, 7, 35, 75524, 97887
2026/07/08 14:28:43.774, 0, 0, 48704, 97887
2026/07/08 14:28:43.793, 1, 0, 48104, 97887
2026/07/08 14:28:43.807, 2, 0, 48104, 97887
2026/07/08 14:28:43.821, 3, 0, 48104, 97887
2026/07/08 14:28:43.837, 4, 35, 75470, 97887
2026/07/08 14:28:43.852, 5, 30, 75470, 97887
2026/07/08 14:28:43.866, 6, 96, 75524, 97887
2026/07/08 14:28:43.882, 7, 29, 75524, 97887
2026/07/08 14:28:44.898, 0, 0, 48704, 97887
2026/07/08 14:28:44.916, 1, 0, 48104, 97887
2026/07/08 14:28:44.932, 2, 0, 48104, 97887
2026/07/08 14:28:44.946, 3, 0, 48104, 97887
2026/07/08 14:28:44.960, 4, 100, 75470, 97887
2026/07/08 14:28:44.975, 5, 100, 75470, 97887
2026/07/08 14:28:44.989, 6, 96, 75524, 97887
2026/07/08 14:28:45.005, 7, 48, 75524, 97887
2026/07/08 14:28:46.020, 0, 0, 48704, 97887
2026/07/08 14:28:46.033, 1, 0, 48104, 97887
2026/07/08 14:28:46.047, 2, 0, 48104, 97887
2026/07/08 14:28:46.061, 3, 0, 48104, 97887
2026/07/08 14:28:46.074, 4, 100, 75470, 97887
2026/07/08 14:28:46.087, 5, 100, 75470, 97887
2026/07/08 14:28:46.101, 6, 38, 75524, 97887
2026/07/08 14:28:46.116, 7, 25, 75524, 97887
2026/07/08 14:28:47.132, 0, 0, 48704, 97887
2026/07/08 14:28:47.145, 1, 0, 48104, 97887
2026/07/08 14:28:47.156, 2, 0, 48104, 97887
2026/07/08 14:28:47.170, 3, 0, 48104, 97887
2026/07/08 14:28:47.185, 4, 87, 75470, 97887
2026/07/08 14:28:47.201, 5, 51, 75470, 97887
2026/07/08 14:28:47.216, 6, 64, 75524, 97887
2026/07/08 14:28:47.230, 7, 42, 75524, 97887
2026/07/08 14:28:48.248, 0, 0, 48704, 97887
2026/07/08 14:28:48.262, 1, 0, 48104, 97887
2026/07/08 14:28:48.278, 2, 0, 48104, 97887
2026/07/08 14:28:48.292, 3, 0, 48104, 97887
2026/07/08 14:28:48.306, 4, 94, 75470, 97887
2026/07/08 14:28:48.321, 5, 33, 75470, 97887
2026/07/08 14:28:48.336, 6, 87, 75524, 97887
2026/07/08 14:28:48.352, 7, 34, 75524, 97887
2026/07/08 14:28:49.368, 0, 0, 48704, 97887
2026/07/08 14:28:49.385, 1, 0, 48104, 97887
2026/07/08 14:28:49.403, 2, 0, 48104, 97887
2026/07/08 14:28:49.422, 3, 0, 48104, 97887
2026/07/08 14:28:49.438, 4, 95, 75470, 97887
2026/07/08 14:28:49.456, 5, 31, 75470, 97887
2026/07/08 14:28:49.474, 6, 66, 75524, 97887
2026/07/08 14:28:49.493, 7, 42, 75524, 97887
2026/07/08 14:28:50.508, 0, 0, 48704, 97887
2026/07/08 14:28:50.527, 1, 0, 48104, 97887
2026/07/08 14:28:50.544, 2, 0, 48104, 97887
2026/07/08 14:28:50.565, 3, 0, 48104, 97887
2026/07/08 14:28:50.585, 4, 79, 75510, 97887
2026/07/08 14:28:50.600, 5, 77, 75510, 97887
2026/07/08 14:28:50.618, 6, 80, 75524, 97887
2026/07/08 14:28:50.635, 7, 29, 75524, 97887
2026/07/08 14:28:51.654, 0, 0, 48704, 97887
2026/07/08 14:28:51.673, 1, 0, 48104, 97887
2026/07/08 14:28:51.692, 2, 0, 48104, 97887
2026/07/08 14:28:51.711, 3, 0, 48104, 97887
2026/07/08 14:28:51.726, 4, 93, 75510, 97887
2026/07/08 14:28:51.744, 5, 31, 75510, 97887
2026/07/08 14:28:51.763, 6, 89, 75524, 97887
2026/07/08 14:28:51.783, 7, 37, 75524, 97887
2026/07/08 14:28:52.803, 0, 0, 48704, 97887
2026/07/08 14:28:52.821, 1, 0, 48104, 97887
2026/07/08 14:28:52.840, 2, 0, 48104, 97887
2026/07/08 14:28:52.859, 3, 0, 48104, 97887
2026/07/08 14:28:52.877, 4, 96, 75510, 97887
2026/07/08 14:28:52.893, 5, 32, 75510, 97887
2026/07/08 14:28:52.909, 6, 83, 75524, 97887
2026/07/08 14:28:52.925, 7, 44, 75524, 97887
2026/07/08 14:28:53.943, 0, 0, 48704, 97887
2026/07/08 14:28:53.959, 1, 0, 48104, 97887
2026/07/08 14:28:53.974, 2, 0, 48104, 97887
2026/07/08 14:28:53.991, 3, 0, 48104, 97887
2026/07/08 14:28:54.008, 4, 90, 75510, 97887
2026/07/08 14:28:54.027, 5, 37, 75510, 97887
2026/07/08 14:28:54.052, 6, 42, 75524, 97887
2026/07/08 14:28:54.079, 7, 85, 75524, 97887
2026/07/08 14:28:55.092, 0, 0, 48704, 97887
2026/07/08 14:28:55.109, 1, 0, 48104, 97887
2026/07/08 14:28:55.126, 2, 0, 48104, 97887
2026/07/08 14:28:55.143, 3, 0, 48104, 97887
2026/07/08 14:28:55.159, 4, 95, 75510, 97887
2026/07/08 14:28:55.171, 5, 37, 75510, 97887
2026/07/08 14:28:55.185, 6, 45, 75524, 97887
2026/07/08 14:28:55.198, 7, 77, 75524, 97887
2026/07/08 14:28:56.214, 0, 0, 48704, 97887
2026/07/08 14:28:56.229, 1, 0, 48104, 97887
2026/07/08 14:28:56.245, 2, 0, 48104, 97887
2026/07/08 14:28:56.259, 3, 0, 48104, 97887
2026/07/08 14:28:56.274, 4, 94, 75510, 97887
2026/07/08 14:28:56.289, 5, 44, 75510, 97887
2026/07/08 14:28:56.303, 6, 100, 75524, 97887
2026/07/08 14:28:56.315, 7, 100, 75524, 97887
2026/07/08 14:28:57.327, 0, 0, 48704, 97887
2026/07/08 14:28:57.340, 1, 0, 48104, 97887
2026/07/08 14:28:57.351, 2, 0, 48104, 97887
2026/07/08 14:28:57.363, 3, 0, 48104, 97887
2026/07/08 14:28:57.375, 4, 95, 75510, 97887
2026/07/08 14:28:57.390, 5, 33, 75510, 97887
2026/07/08 14:28:57.402, 6, 51, 75524, 97887
2026/07/08 14:28:57.413, 7, 85, 75524, 97887
2026/07/08 14:28:58.424, 0, 0, 48704, 97887
2026/07/08 14:28:58.440, 1, 0, 48104, 97887
2026/07/08 14:28:58.455, 2, 0, 48104, 97887
2026/07/08 14:28:58.470, 3, 0, 48104, 97887
2026/07/08 14:28:58.485, 4, 93, 75510, 97887
2026/07/08 14:28:58.499, 5, 35, 75510, 97887
2026/07/08 14:28:58.516, 6, 41, 75524, 97887
2026/07/08 14:28:58.531, 7, 90, 75524, 97887
2026/07/08 14:28:59.545, 0, 0, 48704, 97887
2026/07/08 14:28:59.563, 1, 0, 48104, 97887
2026/07/08 14:28:59.581, 2, 0, 48104, 97887
2026/07/08 14:28:59.597, 3, 0, 48104, 97887
2026/07/08 14:28:59.622, 4, 92, 75510, 97887
2026/07/08 14:28:59.643, 5, 32, 75510, 97887
2026/07/08 14:28:59.662, 6, 40, 75524, 97887
2026/07/08 14:28:59.678, 7, 87, 75524, 97887
2026/07/08 14:29:00.702, 0, 0, 48704, 97887
2026/07/08 14:29:00.721, 1, 0, 48104, 97887
2026/07/08 14:29:00.739, 2, 0, 48104, 97887
2026/07/08 14:29:00.750, 3, 0, 48104, 97887
2026/07/08 14:29:00.761, 4, 89, 75510, 97887
2026/07/08 14:29:00.775, 5, 31, 75510, 97887
2026/07/08 14:29:00.789, 6, 43, 75524, 97887
2026/07/08 14:29:00.802, 7, 61, 75524, 97887
2026/07/08 14:29:01.816, 0, 0, 48704, 97887
2026/07/08 14:29:01.830, 1, 0, 48104, 97887
2026/07/08 14:29:01.864, 2, 0, 48104, 97887
2026/07/08 14:29:01.877, 3, 0, 48104, 97887
2026/07/08 14:29:01.889, 4, 90, 75510, 97887
2026/07/08 14:29:01.906, 5, 30, 75510, 97887
2026/07/08 14:29:01.918, 6, 41, 75524, 97887
2026/07/08 14:29:01.930, 7, 79, 75524, 97887
2026/07/08 14:29:02.943, 0, 0, 48704, 97887
2026/07/08 14:29:02.956, 1, 0, 48104, 97887
2026/07/08 14:29:02.967, 2, 0, 48104, 97887
2026/07/08 14:29:02.980, 3, 0, 48104, 97887
2026/07/08 14:29:02.996, 4, 90, 75510, 97887
2026/07/08 14:29:03.012, 5, 32, 75510, 97887
2026/07/08 14:29:03.024, 6, 32, 75524, 97887
2026/07/08 14:29:03.039, 7, 93, 75524, 97887
2026/07/08 14:29:04.054, 0, 0, 48704, 97887
2026/07/08 14:29:04.067, 1, 0, 48104, 97887
2026/07/08 14:29:04.080, 2, 0, 48104, 97887
2026/07/08 14:29:04.091, 3, 0, 48104, 97887
2026/07/08 14:29:04.102, 4, 90, 75510, 97887
2026/07/08 14:29:04.112, 5, 35, 75510, 97887
2026/07/08 14:29:04.122, 6, 50, 75524, 97887
2026/07/08 14:29:04.134, 7, 63, 75524, 97887
2026/07/08 14:29:05.149, 0, 0, 48704, 97887
2026/07/08 14:29:05.165, 1, 0, 48104, 97887
2026/07/08 14:29:05.185, 2, 0, 48104, 97887
2026/07/08 14:29:05.198, 3, 0, 48104, 97887
2026/07/08 14:29:05.208, 4, 95, 75510, 97887
2026/07/08 14:29:05.221, 5, 40, 75510, 97887
2026/07/08 14:29:05.239, 6, 69, 75524, 97887
2026/07/08 14:29:05.258, 7, 72, 75524, 97887
2026/07/08 14:29:06.277, 0, 0, 48704, 97887
2026/07/08 14:29:06.295, 1, 0, 48104, 97887
2026/07/08 14:29:06.313, 2, 0, 48104, 97887
2026/07/08 14:29:06.331, 3, 0, 48104, 97887
2026/07/08 14:29:06.346, 4, 86, 75510, 97887
2026/07/08 14:29:06.359, 5, 33, 75510, 97887
2026/07/08 14:29:06.371, 6, 43, 75524, 97887
2026/07/08 14:29:06.388, 7, 63, 75524, 97887
2026/07/08 14:29:07.403, 0, 0, 48704, 97887
2026/07/08 14:29:07.414, 1, 0, 48104, 97887
2026/07/08 14:29:07.427, 2, 0, 48104, 97887
2026/07/08 14:29:07.439, 3, 0, 48104, 97887
2026/07/08 14:29:07.453, 4, 87, 75510, 97887
2026/07/08 14:29:07.465, 5, 38, 75510, 97887
2026/07/08 14:29:07.480, 6, 48, 75524, 97887
2026/07/08 14:29:07.496, 7, 81, 75524, 97887
2026/07/08 14:29:08.514, 0, 0, 48704, 97887
2026/07/08 14:29:08.528, 1, 0, 48104, 97887
2026/07/08 14:29:08.541, 2, 0, 48104, 97887
2026/07/08 14:29:08.555, 3, 0, 48104, 97887
2026/07/08 14:29:08.572, 4, 94, 75510, 97887
2026/07/08 14:29:08.586, 5, 38, 75510, 97887
2026/07/08 14:29:08.600, 6, 43, 75524, 97887
2026/07/08 14:29:08.614, 7, 80, 75524, 97887
2026/07/08 14:29:09.632, 0, 0, 48704, 97887
2026/07/08 14:29:09.650, 1, 0, 48104, 97887
2026/07/08 14:29:09.665, 2, 0, 48104, 97887
2026/07/08 14:29:09.680, 3, 0, 48104, 97887
2026/07/08 14:29:09.695, 4, 69, 75510, 97887
2026/07/08 14:29:09.707, 5, 32, 75510, 97887
2026/07/08 14:29:09.720, 6, 35, 75524, 97887
2026/07/08 14:29:09.736, 7, 78, 75524, 97887
2026/07/08 14:29:10.751, 0, 0, 48704, 97887
2026/07/08 14:29:10.776, 1, 0, 48104, 97887
2026/07/08 14:29:10.800, 2, 0, 48104, 97887
2026/07/08 14:29:10.817, 3, 0, 48104, 97887
2026/07/08 14:29:10.832, 4, 48, 75510, 97887
2026/07/08 14:29:10.851, 5, 37, 75510, 97887
2026/07/08 14:29:10.873, 6, 39, 75524, 97887
2026/07/08 14:29:10.895, 7, 86, 75524, 97887
2026/07/08 14:29:11.920, 0, 0, 48704, 97887
2026/07/08 14:29:11.938, 1, 0, 48104, 97887
2026/07/08 14:29:11.955, 2, 0, 48104, 97887
2026/07/08 14:29:11.971, 3, 0, 48104, 97887
2026/07/08 14:29:11.986, 4, 85, 75510, 97887
2026/07/08 14:29:12.002, 5, 43, 75510, 97887
2026/07/08 14:29:12.018, 6, 41, 75524, 97887
2026/07/08 14:29:12.033, 7, 92, 75524, 97887
2026/07/08 14:29:13.048, 0, 0, 48704, 97887
2026/07/08 14:29:13.065, 1, 0, 48104, 97887
2026/07/08 14:29:13.080, 2, 0, 48104, 97887
2026/07/08 14:29:13.094, 3, 0, 48104, 97887
2026/07/08 14:29:13.110, 4, 77, 75510, 97887
2026/07/08 14:29:13.125, 5, 33, 75510, 97887
2026/07/08 14:29:13.140, 6, 66, 75524, 97887
2026/07/08 14:29:13.156, 7, 62, 75524, 97887
2026/07/08 14:29:14.173, 0, 0, 48704, 97887
2026/07/08 14:29:14.189, 1, 0, 48104, 97887
2026/07/08 14:29:14.205, 2, 0, 48104, 97887
2026/07/08 14:29:14.224, 3, 0, 48104, 97887
2026/07/08 14:29:14.239, 4, 39, 75510, 97887
2026/07/08 14:29:14.253, 5, 36, 75510, 97887
2026/07/08 14:29:14.266, 6, 39, 75524, 97887
2026/07/08 14:29:14.280, 7, 75, 75524, 97887
2026/07/08 14:29:15.296, 0, 0, 48704, 97887
2026/07/08 14:29:15.313, 1, 0, 48104, 97887
2026/07/08 14:29:15.330, 2, 0, 48104, 97887
2026/07/08 14:29:15.347, 3, 0, 48104, 97887
2026/07/08 14:29:15.367, 4, 76, 75510, 97887
2026/07/08 14:29:15.387, 5, 34, 75510, 97887
2026/07/08 14:29:15.405, 6, 45, 75524, 97887
2026/07/08 14:29:15.423, 7, 65, 75524, 97887
2026/07/08 14:29:16.451, 0, 0, 48704, 97887
2026/07/08 14:29:16.467, 1, 0, 48104, 97887
2026/07/08 14:29:16.482, 2, 0, 48104, 97887
2026/07/08 14:29:16.496, 3, 0, 48104, 97887
2026/07/08 14:29:16.510, 4, 49, 75510, 97887
2026/07/08 14:29:16.524, 5, 59, 75510, 97887
2026/07/08 14:29:16.543, 6, 100, 75524, 97887
2026/07/08 14:29:16.559, 7, 100, 75524, 97887
2026/07/08 14:29:17.576, 0, 0, 48704, 97887
2026/07/08 14:29:17.595, 1, 0, 48104, 97887
2026/07/08 14:29:17.609, 2, 0, 48104, 97887
2026/07/08 14:29:17.620, 3, 0, 48104, 97887
2026/07/08 14:29:17.637, 4, 90, 75510, 97887
2026/07/08 14:29:17.650, 5, 44, 75510, 97887
2026/07/08 14:29:17.666, 6, 93, 75524, 97887
2026/07/08 14:29:17.683, 7, 90, 75524, 97887
2026/07/08 14:29:18.699, 0, 0, 48704, 97887
2026/07/08 14:29:18.717, 1, 0, 48104, 97887
2026/07/08 14:29:18.732, 2, 0, 48104, 97887
2026/07/08 14:29:18.748, 3, 0, 48104, 97887
2026/07/08 14:29:18.763, 4, 68, 75512, 97887
2026/07/08 14:29:18.777, 5, 45, 75510, 97887
2026/07/08 14:29:18.796, 6, 41, 75524, 97887
2026/07/08 14:29:18.812, 7, 93, 75524, 97887
2026/07/08 14:29:19.828, 0, 0, 48704, 97887
2026/07/08 14:29:19.848, 1, 0, 48104, 97887
2026/07/08 14:29:19.866, 2, 0, 48104, 97887
2026/07/08 14:29:19.881, 3, 0, 48104, 97887
2026/07/08 14:29:19.897, 4, 85, 75512, 97887
2026/07/08 14:29:19.911, 5, 28, 75510, 97887
2026/07/08 14:29:19.926, 6, 46, 75524, 97887
2026/07/08 14:29:19.939, 7, 85, 75524, 97887
2026/07/08 14:29:20.955, 0, 0, 48704, 97887
2026/07/08 14:29:20.970, 1, 0, 48104, 97887
2026/07/08 14:29:20.986, 2, 0, 48104, 97887
2026/07/08 14:29:21.006, 3, 0, 48104, 97887
2026/07/08 14:29:21.021, 4, 90, 75512, 97887
2026/07/08 14:29:21.037, 5, 45, 75510, 97887
2026/07/08 14:29:21.054, 6, 47, 75524, 97887
2026/07/08 14:29:21.073, 7, 84, 75524, 97887
2026/07/08 14:29:22.088, 0, 0, 48704, 97887
2026/07/08 14:29:22.107, 1, 0, 48104, 97887
2026/07/08 14:29:22.124, 2, 0, 48104, 97887
2026/07/08 14:29:22.140, 3, 0, 48104, 97887
2026/07/08 14:29:22.158, 4, 82, 75512, 97887
2026/07/08 14:29:22.176, 5, 34, 75510, 97887
2026/07/08 14:29:22.195, 6, 36, 75524, 97887
2026/07/08 14:29:22.212, 7, 93, 75524, 97887
2026/07/08 14:29:23.227, 0, 0, 48704, 97887
2026/07/08 14:29:23.243, 1, 0, 48104, 97887
2026/07/08 14:29:23.259, 2, 0, 48104, 97887
2026/07/08 14:29:23.277, 3, 0, 48104, 97887
2026/07/08 14:29:23.294, 4, 67, 75512, 97887
2026/07/08 14:29:23.314, 5, 39, 75510, 97887
2026/07/08 14:29:23.334, 6, 53, 75524, 97887
2026/07/08 14:29:23.350, 7, 80, 75524, 97887
2026/07/08 14:29:24.365, 0, 0, 48704, 97887
2026/07/08 14:29:24.383, 1, 0, 48104, 97887
2026/07/08 14:29:24.400, 2, 0, 48104, 97887
2026/07/08 14:29:24.417, 3, 0, 48104, 97887
2026/07/08 14:29:24.436, 4, 47, 75512, 97887
2026/07/08 14:29:24.449, 5, 32, 75510, 97887
2026/07/08 14:29:24.461, 6, 44, 75524, 97887
2026/07/08 14:29:24.472, 7, 81, 75524, 97887
2026/07/08 14:29:25.484, 0, 0, 48704, 97887
2026/07/08 14:29:25.501, 1, 0, 48104, 97887
2026/07/08 14:29:25.516, 2, 0, 48104, 97887
2026/07/08 14:29:25.535, 3, 0, 48104, 97887
2026/07/08 14:29:25.550, 4, 63, 75512, 97887
2026/07/08 14:29:25.564, 5, 37, 75510, 97887
2026/07/08 14:29:25.579, 6, 45, 75524, 97887
2026/07/08 14:29:25.592, 7, 68, 75524, 97887
2026/07/08 14:29:26.606, 0, 0, 48704, 97887
2026/07/08 14:29:26.623, 1, 0, 48104, 97887
2026/07/08 14:29:26.639, 2, 0, 48104, 97887
2026/07/08 14:29:26.654, 3, 0, 48104, 97887
2026/07/08 14:29:26.669, 4, 75, 75512, 97887
2026/07/08 14:29:26.683, 5, 55, 75510, 97887
2026/07/08 14:29:26.698, 6, 67, 75524, 97887
2026/07/08 14:29:26.713, 7, 60, 75524, 97887
2026/07/08 14:29:27.727, 0, 0, 48704, 97887
2026/07/08 14:29:27.742, 1, 0, 48104, 97887
2026/07/08 14:29:27.755, 2, 0, 48104, 97887
2026/07/08 14:29:27.769, 3, 0, 48104, 97887
2026/07/08 14:29:27.781, 4, 81, 75512, 97887
2026/07/08 14:29:27.796, 5, 56, 75510, 97887
2026/07/08 14:29:27.813, 6, 36, 75524, 97887
2026/07/08 14:29:27.831, 7, 92, 75524, 97887
2026/07/08 14:29:28.848, 0, 0, 48704, 97887
2026/07/08 14:29:28.864, 1, 0, 48104, 97887
2026/07/08 14:29:28.881, 2, 0, 48104, 97887
2026/07/08 14:29:28.900, 3, 0, 48104, 97887
2026/07/08 14:29:28.919, 4, 59, 75512, 97887
2026/07/08 14:29:28.936, 5, 55, 75510, 97887
2026/07/08 14:29:28.953, 6, 39, 75524, 97887
2026/07/08 14:29:28.967, 7, 93, 75524, 97887
2026/07/08 14:29:29.983, 0, 0, 48704, 97887
2026/07/08 14:29:30.000, 1, 0, 48104, 97887
2026/07/08 14:29:30.015, 2, 0, 48104, 97887
2026/07/08 14:29:30.029, 3, 0, 48104, 97887
2026/07/08 14:29:30.044, 4, 19, 75512, 97887
2026/07/08 14:29:30.061, 5, 0, 75510, 97887
2026/07/08 14:29:30.077, 6, 55, 75524, 97887
2026/07/08 14:29:30.092, 7, 29, 75524, 97887
2026/07/08 14:29:31.108, 0, 0, 48704, 97887
2026/07/08 14:29:31.126, 1, 0, 48104, 97887
2026/07/08 14:29:31.144, 2, 0, 48104, 97887
2026/07/08 14:29:31.162, 3, 0, 48104, 97887
2026/07/08 14:29:31.178, 4, 95, 75512, 97887
2026/07/08 14:29:31.193, 5, 31, 75510, 97887
2026/07/08 14:29:31.208, 6, 46, 75524, 97887
2026/07/08 14:29:31.222, 7, 84, 75524, 97887
2026/07/08 14:29:32.239, 0, 0, 48704, 97887
2026/07/08 14:29:32.256, 1, 0, 48104, 97887
2026/07/08 14:29:32.272, 2, 0, 48104, 97887
2026/07/08 14:29:32.290, 3, 0, 48104, 97887
2026/07/08 14:29:32.307, 4, 95, 75512, 97887
2026/07/08 14:29:32.325, 5, 35, 75510, 97887
2026/07/08 14:29:32.341, 6, 74, 75524, 97887
2026/07/08 14:29:32.356, 7, 41, 75524, 97887
2026/07/08 14:29:33.374, 0, 0, 48704, 97887
2026/07/08 14:29:33.394, 1, 0, 48104, 97887
2026/07/08 14:29:33.410, 2, 0, 48104, 97887
2026/07/08 14:29:33.425, 3, 0, 48104, 97887
2026/07/08 14:29:33.438, 4, 93, 75512, 97887
2026/07/08 14:29:33.454, 5, 33, 75510, 97887
2026/07/08 14:29:33.470, 6, 64, 75524, 97887
2026/07/08 14:29:33.485, 7, 58, 75524, 97887
2026/07/08 14:29:34.498, 0, 0, 48704, 97887
2026/07/08 14:29:34.516, 1, 0, 48104, 97887
2026/07/08 14:29:34.533, 2, 0, 48104, 97887
2026/07/08 14:29:34.549, 3, 0, 48104, 97887
2026/07/08 14:29:34.567, 4, 94, 75512, 97887
2026/07/08 14:29:34.587, 5, 27, 75510, 97887
2026/07/08 14:29:34.602, 6, 51, 75524, 97887
2026/07/08 14:29:34.617, 7, 61, 75524, 97887
2026/07/08 14:29:35.635, 0, 0, 48704, 97887
2026/07/08 14:29:35.652, 1, 0, 48104, 97887
2026/07/08 14:29:35.671, 2, 0, 48104, 97887
2026/07/08 14:29:35.686, 3, 0, 48104, 97887
2026/07/08 14:29:35.701, 4, 92, 75512, 97887
2026/07/08 14:29:35.717, 5, 43, 75510, 97887
2026/07/08 14:29:35.734, 6, 45, 75524, 97887
2026/07/08 14:29:35.750, 7, 89, 75524, 97887
2026/07/08 14:29:36.769, 0, 0, 48704, 97887
2026/07/08 14:29:36.786, 1, 0, 48104, 97887
2026/07/08 14:29:36.803, 2, 0, 48104, 97887
2026/07/08 14:29:36.821, 3, 0, 48104, 97887
2026/07/08 14:29:36.839, 4, 70, 75512, 97887
2026/07/08 14:29:36.855, 5, 39, 75512, 97887
2026/07/08 14:29:36.870, 6, 41, 75524, 97887
2026/07/08 14:29:36.887, 7, 94, 75524, 97887
2026/07/08 14:29:37.903, 0, 0, 48704, 97887
2026/07/08 14:29:37.919, 1, 0, 48104, 97887
2026/07/08 14:29:37.931, 2, 0, 48104, 97887
2026/07/08 14:29:37.942, 3, 0, 48104, 97887
2026/07/08 14:29:37.953, 4, 72, 75512, 97887
2026/07/08 14:29:37.969, 5, 37, 75512, 97887
2026/07/08 14:29:37.987, 6, 41, 75524, 97887
2026/07/08 14:29:38.004, 7, 91, 75524, 97887
2026/07/08 14:29:39.019, 0, 0, 48704, 97887
2026/07/08 14:29:39.036, 1, 0, 48104, 97887
2026/07/08 14:29:39.054, 2, 0, 48104, 97887
2026/07/08 14:29:39.073, 3, 0, 48104, 97887
2026/07/08 14:29:39.089, 4, 86, 75512, 97887
2026/07/08 14:29:39.104, 5, 33, 75512, 97887
2026/07/08 14:29:39.121, 6, 36, 75524, 97887
2026/07/08 14:29:39.138, 7, 86, 75524, 97887
2026/07/08 14:29:40.155, 0, 0, 48704, 97887
2026/07/08 14:29:40.171, 1, 0, 48104, 97887
2026/07/08 14:29:40.189, 2, 0, 48104, 97887
2026/07/08 14:29:40.207, 3, 0, 48104, 97887
2026/07/08 14:29:40.223, 4, 96, 75512, 97887
2026/07/08 14:29:40.239, 5, 34, 75512, 97887
2026/07/08 14:29:40.257, 6, 42, 75524, 97887
2026/07/08 14:29:40.274, 7, 89, 75524, 97887
2026/07/08 14:29:41.289, 0, 0, 48704, 97887
2026/07/08 14:29:41.309, 1, 0, 48104, 97887
2026/07/08 14:29:41.329, 2, 0, 48104, 97887
2026/07/08 14:29:41.347, 3, 0, 48104, 97887
2026/07/08 14:29:41.362, 4, 90, 75512, 97887
2026/07/08 14:29:41.379, 5, 34, 75512, 97887
2026/07/08 14:29:41.397, 6, 65, 75524, 97887
2026/07/08 14:29:41.414, 7, 72, 75524, 97887
2026/07/08 14:29:42.429, 0, 0, 48704, 97887
2026/07/08 14:29:42.453, 1, 0, 48104, 97887
2026/07/08 14:29:42.469, 2, 0, 48104, 97887
2026/07/08 14:29:42.488, 3, 0, 48104, 97887
2026/07/08 14:29:42.507, 4, 94, 75512, 97887
2026/07/08 14:29:42.525, 5, 37, 75512, 97887
2026/07/08 14:29:42.542, 6, 40, 75524, 97887
2026/07/08 14:29:42.559, 7, 86, 75524, 97887
2026/07/08 14:29:43.575, 0, 0, 48704, 97887
2026/07/08 14:29:43.597, 1, 0, 48104, 97887
2026/07/08 14:29:43.618, 2, 0, 48104, 97887
2026/07/08 14:29:43.636, 3, 0, 48104, 97887
2026/07/08 14:29:43.654, 4, 94, 75512, 97887
2026/07/08 14:29:43.674, 5, 32, 75512, 97887
2026/07/08 14:29:43.694, 6, 38, 75524, 97887
2026/07/08 14:29:43.711, 7, 92, 75524, 97887
2026/07/08 14:29:44.729, 0, 0, 48704, 97887
2026/07/08 14:29:44.748, 1, 0, 48104, 97887
2026/07/08 14:29:44.765, 2, 0, 48104, 97887
2026/07/08 14:29:44.782, 3, 0, 48104, 97887
2026/07/08 14:29:44.801, 4, 95, 75512, 97887
2026/07/08 14:29:44.820, 5, 56, 75512, 97887
2026/07/08 14:29:44.837, 6, 37, 75524, 97887
2026/07/08 14:29:44.854, 7, 93, 75524, 97887
2026/07/08 14:29:45.875, 0, 0, 48704, 97887
2026/07/08 14:29:45.894, 1, 0, 48104, 97887
2026/07/08 14:29:45.914, 2, 0, 48104, 97887
2026/07/08 14:29:45.931, 3, 0, 48104, 97887
2026/07/08 14:29:45.947, 4, 92, 75512, 97887
2026/07/08 14:29:45.962, 5, 33, 75512, 97887
2026/07/08 14:29:45.977, 6, 38, 75524, 97887
2026/07/08 14:29:45.992, 7, 92, 75524, 97887
2026/07/08 14:29:47.008, 0, 0, 48704, 97887
2026/07/08 14:29:47.025, 1, 0, 48104, 97887
2026/07/08 14:29:47.030, 2, 0, 48104, 97887
2026/07/08 14:29:47.038, 3, 0, 48104, 97887
2026/07/08 14:29:47.047, 4, 95, 75512, 97887
2026/07/08 14:29:47.059, 5, 29, 75512, 97887
2026/07/08 14:29:47.071, 6, 10, 75524, 97887
2026/07/08 14:29:47.085, 7, 60, 75524, 97887
2026/07/08 14:29:48.102, 0, 0, 48704, 97887
2026/07/08 14:29:48.117, 1, 0, 48104, 97887
2026/07/08 14:29:48.131, 2, 0, 48104, 97887
2026/07/08 14:29:48.146, 3, 0, 48104, 97887
2026/07/08 14:29:48.162, 4, 96, 75512, 97887
2026/07/08 14:29:48.178, 5, 35, 75512, 97887
2026/07/08 14:29:48.194, 6, 46, 75524, 97887
2026/07/08 14:29:48.209, 7, 90, 75524, 97887
2026/07/08 14:29:49.223, 0, 0, 48704, 97887
2026/07/08 14:29:49.241, 1, 0, 48104, 97887
2026/07/08 14:29:49.258, 2, 0, 48104, 97887
2026/07/08 14:29:49.276, 3, 0, 48104, 97887
2026/07/08 14:29:49.291, 4, 95, 75512, 97887
2026/07/08 14:29:49.304, 5, 72, 75512, 97887
2026/07/08 14:29:49.319, 6, 64, 75524, 97887
2026/07/08 14:29:49.333, 7, 57, 75524, 97887
2026/07/08 14:29:50.349, 0, 0, 48704, 97887
2026/07/08 14:29:50.366, 1, 0, 48104, 97887
2026/07/08 14:29:50.382, 2, 0, 48104, 97887
2026/07/08 14:29:50.400, 3, 0, 48104, 97887
2026/07/08 14:29:50.416, 4, 87, 75512, 97887
2026/07/08 14:29:50.431, 5, 32, 75512, 97887
2026/07/08 14:29:50.447, 6, 36, 75524, 97887
2026/07/08 14:29:50.464, 7, 93, 75524, 97887
2026/07/08 14:29:51.481, 0, 0, 48704, 97887
2026/07/08 14:29:51.496, 1, 0, 48104, 97887
2026/07/08 14:29:51.511, 2, 0, 48104, 97887
2026/07/08 14:29:51.525, 3, 0, 48104, 97887
2026/07/08 14:29:51.540, 4, 96, 75512, 97887
2026/07/08 14:29:51.553, 5, 35, 75512, 97887
2026/07/08 14:29:51.564, 6, 43, 75524, 97887
2026/07/08 14:29:51.579, 7, 89, 75524, 97887
2026/07/08 14:29:52.593, 0, 0, 48704, 97887
2026/07/08 14:29:52.612, 1, 0, 48104, 97887
2026/07/08 14:29:52.630, 2, 0, 48104, 97887
2026/07/08 14:29:52.645, 3, 0, 48104, 97887
2026/07/08 14:29:52.661, 4, 96, 75512, 97887
2026/07/08 14:29:52.676, 5, 33, 75512, 97887
2026/07/08 14:29:52.692, 6, 49, 75524, 97887
2026/07/08 14:29:52.709, 7, 80, 75524, 97887
2026/07/08 14:29:53.725, 0, 0, 48704, 97887
2026/07/08 14:29:53.741, 1, 0, 48104, 97887
2026/07/08 14:29:53.755, 2, 0, 48104, 97887
2026/07/08 14:29:53.770, 3, 0, 48104, 97887
2026/07/08 14:29:53.785, 4, 86, 75512, 97887
2026/07/08 14:29:53.801, 5, 86, 75512, 97887
2026/07/08 14:29:53.816, 6, 42, 75524, 97887
2026/07/08 14:29:53.831, 7, 90, 75524, 97887
2026/07/08 14:29:54.847, 0, 0, 48704, 97887
2026/07/08 14:29:54.863, 1, 0, 48104, 97887
2026/07/08 14:29:54.878, 2, 0, 48104, 97887
2026/07/08 14:29:54.890, 3, 0, 48104, 97887
2026/07/08 14:29:54.907, 4, 92, 75512, 97887
2026/07/08 14:29:54.936, 5, 39, 75512, 97887
2026/07/08 14:29:54.950, 6, 43, 75524, 97887
2026/07/08 14:29:54.967, 7, 82, 75524, 97887
2026/07/08 14:29:55.985, 0, 0, 48704, 97887
2026/07/08 14:29:55.999, 1, 0, 48104, 97887
2026/07/08 14:29:56.009, 2, 0, 48104, 97887
2026/07/08 14:29:56.022, 3, 0, 48104, 97887
2026/07/08 14:29:56.037, 4, 94, 75512, 97887
2026/07/08 14:29:56.050, 5, 37, 75512, 97887
2026/07/08 14:29:56.066, 6, 45, 75524, 97887
2026/07/08 14:29:56.081, 7, 76, 75524, 97887
2026/07/08 14:29:57.094, 0, 0, 48704, 97887
2026/07/08 14:29:57.108, 1, 0, 48104, 97887
2026/07/08 14:29:57.120, 2, 0, 48104, 97887
2026/07/08 14:29:57.130, 3, 0, 48104, 97887
2026/07/08 14:29:57.141, 4, 89, 75512, 97887
2026/07/08 14:29:57.154, 5, 34, 75512, 97887
2026/07/08 14:29:57.169, 6, 71, 75524, 97887
2026/07/08 14:29:57.185, 7, 59, 75524, 97887
2026/07/08 14:29:58.199, 0, 0, 48704, 97887
2026/07/08 14:29:58.215, 1, 0, 48104, 97887
2026/07/08 14:29:58.227, 2, 0, 48104, 97887
2026/07/08 14:29:58.240, 3, 0, 48104, 97887
2026/07/08 14:29:58.254, 4, 95, 75512, 97887
2026/07/08 14:29:58.267, 5, 34, 75512, 97887
2026/07/08 14:29:58.280, 6, 55, 75524, 97887
2026/07/08 14:29:58.289, 7, 90, 75524, 97887
2026/07/08 14:29:59.301, 0, 0, 48704, 97887
2026/07/08 14:29:59.315, 1, 0, 48104, 97887
2026/07/08 14:29:59.331, 2, 0, 48104, 97887
2026/07/08 14:29:59.346, 3, 0, 48104, 97887
2026/07/08 14:29:59.364, 4, 93, 75512, 97887
2026/07/08 14:29:59.384, 5, 31, 75512, 97887
2026/07/08 14:29:59.404, 6, 43, 75524, 97887
2026/07/08 14:29:59.423, 7, 39, 75524, 97887
2026/07/08 14:30:00.440, 0, 0, 48704, 97887
2026/07/08 14:30:00.456, 1, 0, 48104, 97887
2026/07/08 14:30:00.472, 2, 0, 48104, 97887
2026/07/08 14:30:00.489, 3, 0, 48104, 97887
2026/07/08 14:30:00.526, 4, 96, 75512, 97887
2026/07/08 14:30:00.544, 5, 32, 75512, 97887
2026/07/08 14:30:00.569, 6, 37, 75524, 97887
2026/07/08 14:30:00.589, 7, 91, 75524, 97887
2026/07/08 14:30:01.611, 0, 0, 48704, 97887
2026/07/08 14:30:01.632, 1, 0, 48104, 97887
2026/07/08 14:30:01.652, 2, 0, 48104, 97887
2026/07/08 14:30:01.671, 3, 0, 48104, 97887
2026/07/08 14:30:01.692, 4, 91, 75512, 97887
2026/07/08 14:30:01.712, 5, 31, 75512, 97887
2026/07/08 14:30:01.733, 6, 51, 75524, 97887
2026/07/08 14:30:01.752, 7, 74, 75524, 97887
2026/07/08 14:30:02.769, 0, 0, 48704, 97887
2026/07/08 14:30:02.787, 1, 0, 48104, 97887
2026/07/08 14:30:02.802, 2, 0, 48104, 97887
2026/07/08 14:30:02.818, 3, 0, 48104, 97887
2026/07/08 14:30:02.834, 4, 96, 75512, 97887
2026/07/08 14:30:02.849, 5, 37, 75512, 97887
2026/07/08 14:30:02.865, 6, 64, 75524, 97887
2026/07/08 14:30:02.880, 7, 46, 75524, 97887
2026/07/08 14:30:03.894, 0, 0, 48704, 97887
2026/07/08 14:30:03.911, 1, 0, 48104, 97887
2026/07/08 14:30:03.928, 2, 0, 48104, 97887
2026/07/08 14:30:03.948, 3, 0, 48104, 97887
2026/07/08 14:30:03.966, 4, 90, 75512, 97887
2026/07/08 14:30:03.985, 5, 41, 75512, 97887
2026/07/08 14:30:04.003, 6, 45, 75524, 97887
2026/07/08 14:30:04.019, 7, 85, 75524, 97887
2026/07/08 14:30:05.037, 0, 0, 48704, 97887
2026/07/08 14:30:05.054, 1, 0, 48104, 97887
2026/07/08 14:30:05.073, 2, 0, 48104, 97887
2026/07/08 14:30:05.093, 3, 0, 48104, 97887
2026/07/08 14:30:05.114, 4, 91, 75512, 97887
2026/07/08 14:30:05.130, 5, 35, 75512, 97887
2026/07/08 14:30:05.146, 6, 30, 75524, 97887
2026/07/08 14:30:05.162, 7, 92, 75524, 97887
2026/07/08 14:30:06.179, 0, 0, 48704, 97887
2026/07/08 14:30:06.196, 1, 0, 48104, 97887
2026/07/08 14:30:06.220, 2, 0, 48104, 97887
2026/07/08 14:30:06.240, 3, 0, 48104, 97887
2026/07/08 14:30:06.267, 4, 92, 75512, 97887
2026/07/08 14:30:06.295, 5, 33, 75512, 97887
2026/07/08 14:30:06.313, 6, 62, 75524, 97887
2026/07/08 14:30:06.332, 7, 65, 75524, 97887
2026/07/08 14:30:07.347, 0, 0, 48704, 97887
2026/07/08 14:30:07.363, 1, 0, 48104, 97887
2026/07/08 14:30:07.379, 2, 0, 48104, 97887
2026/07/08 14:30:07.393, 3, 0, 48104, 97887
2026/07/08 14:30:07.409, 4, 92, 75512, 97887
2026/07/08 14:30:07.427, 5, 47, 75512, 97887
2026/07/08 14:30:07.444, 6, 76, 75524, 97887
2026/07/08 14:30:07.461, 7, 55, 75524, 97887
2026/07/08 14:30:08.480, 0, 0, 48704, 97887
2026/07/08 14:30:08.500, 1, 0, 48104, 97887
2026/07/08 14:30:08.517, 2, 0, 48104, 97887
2026/07/08 14:30:08.533, 3, 0, 48104, 97887
2026/07/08 14:30:08.549, 4, 90, 75512, 97887
2026/07/08 14:30:08.567, 5, 39, 75512, 97887
2026/07/08 14:30:08.584, 6, 43, 75524, 97887
2026/07/08 14:30:08.601, 7, 88, 75524, 97887
2026/07/08 14:30:09.618, 0, 0, 48704, 97887
2026/07/08 14:30:09.635, 1, 0, 48104, 97887
2026/07/08 14:30:09.648, 2, 0, 48104, 97887
2026/07/08 14:30:09.660, 3, 0, 48104, 97887
2026/07/08 14:30:09.674, 4, 95, 75512, 97887
2026/07/08 14:30:09.689, 5, 29, 75512, 97887
2026/07/08 14:30:09.706, 6, 63, 75524, 97887
2026/07/08 14:30:09.724, 7, 75, 75524, 97887
2026/07/08 14:30:10.742, 0, 0, 48704, 97887
2026/07/08 14:30:10.759, 1, 0, 48104, 97887
2026/07/08 14:30:10.773, 2, 0, 48104, 97887
2026/07/08 14:30:10.788, 3, 0, 48104, 97887
2026/07/08 14:30:10.803, 4, 91, 75512, 97887
2026/07/08 14:30:10.822, 5, 37, 75512, 97887
2026/07/08 14:30:10.840, 6, 65, 75524, 97887
2026/07/08 14:30:10.858, 7, 66, 75524, 97887
2026/07/08 14:30:11.876, 0, 0, 48704, 97887
2026/07/08 14:30:11.898, 1, 0, 48104, 97887
2026/07/08 14:30:11.912, 2, 0, 48104, 97887
2026/07/08 14:30:11.927, 3, 0, 48104, 97887
2026/07/08 14:30:11.941, 4, 96, 75512, 97887
2026/07/08 14:30:11.956, 5, 32, 75512, 97887
2026/07/08 14:30:11.970, 6, 44, 75524, 97887
2026/07/08 14:30:11.984, 7, 90, 75524, 97887
2026/07/08 14:30:13.000, 0, 0, 48704, 97887
2026/07/08 14:30:13.021, 1, 0, 48104, 97887
2026/07/08 14:30:13.036, 2, 0, 48104, 97887
2026/07/08 14:30:13.049, 3, 0, 48104, 97887
2026/07/08 14:30:13.061, 4, 96, 75512, 97887
2026/07/08 14:30:13.072, 5, 36, 75512, 97887
2026/07/08 14:30:13.078, 6, 47, 75524, 97887
2026/07/08 14:30:13.088, 7, 84, 75524, 97887
2026/07/08 14:30:14.098, 0, 0, 48704, 97887
2026/07/08 14:30:14.116, 1, 0, 48104, 97887
2026/07/08 14:30:14.133, 2, 0, 48104, 97887
2026/07/08 14:30:14.149, 3, 0, 48104, 97887
2026/07/08 14:30:14.161, 4, 94, 75512, 97887
2026/07/08 14:30:14.175, 5, 34, 75512, 97887
2026/07/08 14:30:14.190, 6, 37, 75524, 97887
2026/07/08 14:30:14.205, 7, 88, 75524, 97887
2026/07/08 14:30:15.222, 0, 0, 48704, 97887
2026/07/08 14:30:15.243, 1, 0, 48104, 97887
2026/07/08 14:30:15.259, 2, 0, 48104, 97887
2026/07/08 14:30:15.271, 3, 0, 48104, 97887
2026/07/08 14:30:15.285, 4, 95, 75512, 97887
2026/07/08 14:30:15.297, 5, 36, 75512, 97887
2026/07/08 14:30:15.309, 6, 85, 75524, 97887
2026/07/08 14:30:15.322, 7, 52, 75524, 97887
2026/07/08 14:30:16.333, 0, 0, 48704, 97887
2026/07/08 14:30:16.349, 1, 0, 48104, 97887
2026/07/08 14:30:16.364, 2, 0, 48104, 97887
2026/07/08 14:30:16.380, 3, 0, 48104, 97887
2026/07/08 14:30:16.397, 4, 95, 75512, 97887
2026/07/08 14:30:16.414, 5, 27, 75512, 97887
2026/07/08 14:30:16.429, 6, 57, 75524, 97887
2026/07/08 14:30:16.441, 7, 56, 75524, 97887
2026/07/08 14:30:17.453, 0, 0, 48704, 97887
2026/07/08 14:30:17.465, 1, 0, 48104, 97887
2026/07/08 14:30:17.475, 2, 0, 48104, 97887
2026/07/08 14:30:17.483, 3, 0, 48104, 97887
2026/07/08 14:30:17.494, 4, 92, 75512, 97887
2026/07/08 14:30:17.505, 5, 32, 75512, 97887
2026/07/08 14:30:17.514, 6, 38, 75524, 97887
2026/07/08 14:30:17.524, 7, 75, 75524, 97887
2026/07/08 14:30:18.534, 0, 0, 48704, 97887
2026/07/08 14:30:18.549, 1, 0, 48104, 97887
2026/07/08 14:30:18.563, 2, 0, 48104, 97887
2026/07/08 14:30:18.579, 3, 0, 48104, 97887
2026/07/08 14:30:18.597, 4, 94, 75512, 97887
2026/07/08 14:30:18.612, 5, 37, 75512, 97887
2026/07/08 14:30:18.627, 6, 53, 75524, 97887
2026/07/08 14:30:18.642, 7, 64, 75524, 97887
2026/07/08 14:30:19.659, 0, 0, 48704, 97887
2026/07/08 14:30:19.675, 1, 0, 48104, 97887
2026/07/08 14:30:19.691, 2, 0, 48104, 97887
2026/07/08 14:30:19.707, 3, 0, 48104, 97887
2026/07/08 14:30:19.720, 4, 92, 75512, 97887
2026/07/08 14:30:19.734, 5, 31, 75512, 97887
2026/07/08 14:30:19.747, 6, 53, 75524, 97887
2026/07/08 14:30:19.762, 7, 83, 75524, 97887
2026/07/08 14:30:20.775, 0, 0, 48704, 97887
2026/07/08 14:30:20.794, 1, 0, 48104, 97887
2026/07/08 14:30:20.810, 2, 0, 48104, 97887
2026/07/08 14:30:20.826, 3, 0, 48104, 97887
2026/07/08 14:30:20.840, 4, 94, 75512, 97887
2026/07/08 14:30:20.857, 5, 31, 75512, 97887
2026/07/08 14:30:20.873, 6, 38, 75524, 97887
2026/07/08 14:30:20.890, 7, 85, 75524, 97887
2026/07/08 14:30:21.907, 0, 0, 48704, 97887
2026/07/08 14:30:21.925, 1, 0, 48104, 97887
2026/07/08 14:30:21.942, 2, 0, 48104, 97887
2026/07/08 14:30:21.960, 3, 0, 48104, 97887
2026/07/08 14:30:21.978, 4, 94, 75512, 97887
2026/07/08 14:30:21.996, 5, 32, 75512, 97887
2026/07/08 14:30:22.015, 6, 36, 75524, 97887
2026/07/08 14:30:22.034, 7, 89, 75524, 97887
2026/07/08 14:30:23.052, 0, 0, 48704, 97887
2026/07/08 14:30:23.070, 1, 0, 48104, 97887
2026/07/08 14:30:23.089, 2, 0, 48104, 97887
2026/07/08 14:30:23.108, 3, 0, 48104, 97887
2026/07/08 14:30:23.124, 4, 93, 75512, 97887
2026/07/08 14:30:23.141, 5, 38, 75512, 97887
2026/07/08 14:30:23.157, 6, 75, 75524, 97887
2026/07/08 14:30:23.174, 7, 60, 75524, 97887
2026/07/08 14:30:24.191, 0, 0, 48704, 97887
2026/07/08 14:30:24.208, 1, 0, 48104, 97887
2026/07/08 14:30:24.222, 2, 0, 48104, 97887
2026/07/08 14:30:24.239, 3, 0, 48104, 97887
2026/07/08 14:30:24.255, 4, 90, 75512, 97887
2026/07/08 14:30:24.271, 5, 39, 75512, 97887
2026/07/08 14:30:24.287, 6, 49, 75524, 97887
2026/07/08 14:30:24.304, 7, 58, 75524, 97887
2026/07/08 14:30:25.322, 0, 0, 48704, 97887
2026/07/08 14:30:25.340, 1, 0, 48104, 97887
2026/07/08 14:30:25.358, 2, 0, 48104, 97887
2026/07/08 14:30:25.376, 3, 0, 48104, 97887
2026/07/08 14:30:25.391, 4, 90, 75512, 97887
2026/07/08 14:30:25.406, 5, 36, 75512, 97887
2026/07/08 14:30:25.424, 6, 49, 75524, 97887
2026/07/08 14:30:25.439, 7, 74, 75524, 97887
2026/07/08 14:30:26.457, 0, 0, 48704, 97887
2026/07/08 14:30:26.475, 1, 0, 48104, 97887
2026/07/08 14:30:26.491, 2, 0, 48104, 97887
2026/07/08 14:30:26.506, 3, 0, 48104, 97887
2026/07/08 14:30:26.522, 4, 95, 75512, 97887
2026/07/08 14:30:26.536, 5, 34, 75512, 97887
2026/07/08 14:30:26.551, 6, 73, 75524, 97887
2026/07/08 14:30:26.567, 7, 47, 75524, 97887
2026/07/08 14:30:27.584, 0, 0, 48704, 97887
2026/07/08 14:30:27.601, 1, 0, 48104, 97887
2026/07/08 14:30:27.617, 2, 0, 48104, 97887
2026/07/08 14:30:27.636, 3, 0, 48104, 97887
2026/07/08 14:30:27.655, 4, 96, 75512, 97887
2026/07/08 14:30:27.674, 5, 40, 75512, 97887
2026/07/08 14:30:27.694, 6, 54, 75524, 97887
2026/07/08 14:30:27.712, 7, 83, 75524, 97887
2026/07/08 14:30:28.732, 0, 0, 48704, 97887
2026/07/08 14:30:28.751, 1, 0, 48104, 97887
2026/07/08 14:30:28.766, 2, 0, 48104, 97887
2026/07/08 14:30:28.784, 3, 0, 48104, 97887
2026/07/08 14:30:28.802, 4, 96, 75512, 97887
2026/07/08 14:30:28.820, 5, 35, 75512, 97887
2026/07/08 14:30:28.839, 6, 57, 75524, 97887
2026/07/08 14:30:28.858, 7, 66, 75524, 97887
2026/07/08 14:30:29.876, 0, 0, 48704, 97887
2026/07/08 14:30:29.893, 1, 0, 48104, 97887
2026/07/08 14:30:29.910, 2, 0, 48104, 97887
2026/07/08 14:30:29.925, 3, 0, 48104, 97887
2026/07/08 14:30:29.940, 4, 96, 75512, 97887
2026/07/08 14:30:29.955, 5, 36, 75512, 97887
2026/07/08 14:30:29.969, 6, 45, 75524, 97887
2026/07/08 14:30:29.982, 7, 89, 75524, 97887
2026/07/08 14:30:30.992, 0, 0, 48704, 97887
2026/07/08 14:30:31.010, 1, 0, 48104, 97887
2026/07/08 14:30:31.025, 2, 0, 48104, 97887
2026/07/08 14:30:31.041, 3, 0, 48104, 97887
2026/07/08 14:30:31.058, 4, 95, 75512, 97887
2026/07/08 14:30:31.076, 5, 38, 75512, 97887
2026/07/08 14:30:31.093, 6, 48, 75524, 97887
2026/07/08 14:30:31.112, 7, 56, 75524, 97887
2026/07/08 14:30:32.128, 0, 0, 48704, 97887
2026/07/08 14:30:32.151, 1, 0, 48104, 97887
2026/07/08 14:30:32.169, 2, 0, 48104, 97887
2026/07/08 14:30:32.184, 3, 0, 48104, 97887
2026/07/08 14:30:32.201, 4, 91, 75512, 97887
2026/07/08 14:30:32.219, 5, 33, 75512, 97887
2026/07/08 14:30:32.236, 6, 35, 75524, 97887
2026/07/08 14:30:32.250, 7, 83, 75524, 97887
2026/07/08 14:30:33.266, 0, 0, 48704, 97887
2026/07/08 14:30:33.287, 1, 0, 48104, 97887
2026/07/08 14:30:33.306, 2, 0, 48104, 97887
2026/07/08 14:30:33.322, 3, 0, 48104, 97887
2026/07/08 14:30:33.339, 4, 91, 75512, 97887
2026/07/08 14:30:33.354, 5, 33, 75512, 97887
2026/07/08 14:30:33.371, 6, 45, 75524, 97887
2026/07/08 14:30:33.389, 7, 51, 75524, 97887
2026/07/08 14:30:34.408, 0, 0, 48704, 97887
2026/07/08 14:30:34.432, 1, 0, 48104, 97887
2026/07/08 14:30:34.454, 2, 0, 48104, 97887
2026/07/08 14:30:34.475, 3, 0, 48104, 97887
2026/07/08 14:30:34.495, 4, 89, 75512, 97887
2026/07/08 14:30:34.511, 5, 34, 75512, 97887
2026/07/08 14:30:34.527, 6, 38, 75524, 97887
2026/07/08 14:30:34.542, 7, 31, 75524, 97887
2026/07/08 14:30:35.559, 0, 0, 48704, 97887
2026/07/08 14:30:35.574, 1, 0, 48104, 97887
2026/07/08 14:30:35.589, 2, 0, 48104, 97887
2026/07/08 14:30:35.603, 3, 0, 48104, 97887
2026/07/08 14:30:35.617, 4, 96, 75512, 97887
2026/07/08 14:30:35.631, 5, 29, 75512, 97887
2026/07/08 14:30:35.645, 6, 80, 75524, 97887
2026/07/08 14:30:35.657, 7, 34, 75524, 97887
2026/07/08 14:30:36.669, 0, 0, 48704, 97887
2026/07/08 14:30:36.685, 1, 0, 48104, 97887
2026/07/08 14:30:36.702, 2, 0, 48104, 97887
2026/07/08 14:30:36.719, 3, 0, 48104, 97887
2026/07/08 14:30:36.737, 4, 90, 75512, 97887
2026/07/08 14:30:36.755, 5, 34, 75512, 97887
2026/07/08 14:30:36.772, 6, 53, 75524, 97887
2026/07/08 14:30:36.790, 7, 69, 75524, 97887
2026/07/08 14:30:37.807, 0, 0, 48704, 97887
2026/07/08 14:30:37.821, 1, 0, 48104, 97887
2026/07/08 14:30:37.834, 2, 0, 48104, 97887
2026/07/08 14:30:37.846, 3, 0, 48104, 97887
2026/07/08 14:30:37.857, 4, 95, 75512, 97887
2026/07/08 14:30:37.869, 5, 34, 75512, 97887
2026/07/08 14:30:37.885, 6, 54, 75524, 97887
2026/07/08 14:30:37.898, 7, 72, 75524, 97887
2026/07/08 14:30:38.912, 0, 0, 48704, 97887
2026/07/08 14:30:38.926, 1, 0, 48104, 97887
2026/07/08 14:30:38.937, 2, 0, 48104, 97887
2026/07/08 14:30:38.951, 3, 0, 48104, 97887
2026/07/08 14:30:38.965, 4, 91, 75512, 97887
2026/07/08 14:30:38.979, 5, 38, 75512, 97887
2026/07/08 14:30:38.994, 6, 90, 75524, 97887
2026/07/08 14:30:39.009, 7, 45, 75524, 97887
2026/07/08 14:30:40.021, 0, 0, 48704, 97887
2026/07/08 14:30:40.037, 1, 0, 48104, 97887
2026/07/08 14:30:40.051, 2, 0, 48104, 97887
2026/07/08 14:30:40.066, 3, 0, 48104, 97887
2026/07/08 14:30:40.081, 4, 79, 75512, 97887
2026/07/08 14:30:40.098, 5, 37, 75512, 97887
2026/07/08 14:30:40.115, 6, 54, 75524, 97887
2026/07/08 14:30:40.129, 7, 32, 75524, 97887
2026/07/08 14:30:41.144, 0, 0, 48704, 97887
2026/07/08 14:30:41.160, 1, 0, 48104, 97887
2026/07/08 14:30:41.173, 2, 0, 48104, 97887
2026/07/08 14:30:41.191, 3, 0, 48104, 97887
2026/07/08 14:30:41.206, 4, 91, 75512, 97887
2026/07/08 14:30:41.217, 5, 33, 75512, 97887
2026/07/08 14:30:41.226, 6, 77, 75524, 97887
2026/07/08 14:30:41.241, 7, 51, 75524, 97887
2026/07/08 14:30:42.251, 0, 0, 48704, 97887
2026/07/08 14:30:42.268, 1, 0, 48104, 97887
2026/07/08 14:30:42.286, 2, 0, 48104, 97887
2026/07/08 14:30:42.303, 3, 0, 48104, 97887
2026/07/08 14:30:42.318, 4, 90, 75512, 97887
2026/07/08 14:30:42.333, 5, 38, 75512, 97887
2026/07/08 14:30:42.346, 6, 60, 75524, 97887
2026/07/08 14:30:42.363, 7, 65, 75524, 97887
2026/07/08 14:30:43.380, 0, 0, 48704, 97887
2026/07/08 14:30:43.400, 1, 0, 48104, 97887
2026/07/08 14:30:43.416, 2, 0, 48104, 97887
2026/07/08 14:30:43.433, 3, 0, 48104, 97887
2026/07/08 14:30:43.448, 4, 96, 75512, 97887
2026/07/08 14:30:43.460, 5, 34, 75512, 97887
2026/07/08 14:30:43.476, 6, 47, 75524, 97887
2026/07/08 14:30:43.492, 7, 87, 75524, 97887
2026/07/08 14:30:44.508, 0, 0, 48704, 97887
2026/07/08 14:30:44.527, 1, 0, 48104, 97887
2026/07/08 14:30:44.546, 2, 0, 48104, 97887
2026/07/08 14:30:44.562, 3, 0, 48104, 97887
2026/07/08 14:30:44.574, 4, 95, 75512, 97887
2026/07/08 14:30:44.586, 5, 34, 75512, 97887
2026/07/08 14:30:44.598, 6, 59, 75524, 97887
2026/07/08 14:30:44.613, 7, 39, 75524, 97887
2026/07/08 14:30:45.623, 0, 0, 48704, 97887
2026/07/08 14:30:45.640, 1, 0, 48104, 97887
2026/07/08 14:30:45.655, 2, 0, 48104, 97887
2026/07/08 14:30:45.670, 3, 0, 48104, 97887
2026/07/08 14:30:45.684, 4, 89, 75512, 97887
2026/07/08 14:30:45.695, 5, 34, 75512, 97887
2026/07/08 14:30:45.705, 6, 95, 75524, 97887
2026/07/08 14:30:45.718, 7, 33, 75524, 97887
2026/07/08 14:30:46.735, 0, 0, 48704, 97887
2026/07/08 14:30:46.753, 1, 0, 48104, 97887
2026/07/08 14:30:46.771, 2, 0, 48104, 97887
2026/07/08 14:30:46.788, 3, 0, 48104, 97887
2026/07/08 14:30:46.808, 4, 92, 75512, 97887
2026/07/08 14:30:46.829, 5, 31, 75512, 97887
2026/07/08 14:30:46.847, 6, 85, 75524, 97887
2026/07/08 14:30:46.866, 7, 30, 75524, 97887
2026/07/08 14:30:47.885, 0, 0, 48704, 97887
2026/07/08 14:30:47.904, 1, 0, 48104, 97887
2026/07/08 14:30:47.918, 2, 0, 48104, 97887
2026/07/08 14:30:47.931, 3, 0, 48104, 97887
2026/07/08 14:30:47.945, 4, 95, 75512, 97887
2026/07/08 14:30:47.959, 5, 34, 75512, 97887
2026/07/08 14:30:47.976, 6, 39, 75524, 97887
2026/07/08 14:30:47.992, 7, 80, 75524, 97887
2026/07/08 14:30:49.006, 0, 0, 48704, 97887
2026/07/08 14:30:49.024, 1, 0, 48104, 97887
2026/07/08 14:30:49.037, 2, 0, 48104, 97887
2026/07/08 14:30:49.047, 3, 0, 48104, 97887
2026/07/08 14:30:49.061, 4, 91, 75512, 97887
2026/07/08 14:30:49.071, 5, 30, 75512, 97887
2026/07/08 14:30:49.083, 6, 45, 75524, 97887
2026/07/08 14:30:49.095, 7, 80, 75524, 97887
2026/07/08 14:30:50.107, 0, 0, 48704, 97887
2026/07/08 14:30:50.122, 1, 0, 48104, 97887
2026/07/08 14:30:50.137, 2, 0, 48104, 97887
2026/07/08 14:30:50.153, 3, 0, 48104, 97887
2026/07/08 14:30:50.167, 4, 100, 75514, 97887
2026/07/08 14:30:50.181, 5, 99, 75514, 97887
2026/07/08 14:30:50.197, 6, 88, 75524, 97887
2026/07/08 14:30:50.212, 7, 33, 75524, 97887
2026/07/08 14:30:51.229, 0, 0, 48704, 97887
2026/07/08 14:30:51.247, 1, 0, 48104, 97887
2026/07/08 14:30:51.261, 2, 0, 48104, 97887
2026/07/08 14:30:51.277, 3, 0, 48104, 97887
2026/07/08 14:30:51.293, 4, 90, 75514, 97887
2026/07/08 14:30:51.311, 5, 33, 75514, 97887
2026/07/08 14:30:51.327, 6, 36, 75524, 97887
2026/07/08 14:30:51.343, 7, 50, 75524, 97887
2026/07/08 14:30:52.358, 0, 0, 48704, 97887
2026/07/08 14:30:52.376, 1, 0, 48104, 97887
2026/07/08 14:30:52.394, 2, 0, 48104, 97887
2026/07/08 14:30:52.408, 3, 0, 48104, 97887
2026/07/08 14:30:52.423, 4, 96, 75514, 97887
2026/07/08 14:30:52.435, 5, 36, 75514, 97887
2026/07/08 14:30:52.446, 6, 45, 75524, 97887
2026/07/08 14:30:52.463, 7, 72, 75524, 97887
2026/07/08 14:30:53.477, 0, 0, 48704, 97887
2026/07/08 14:30:53.493, 1, 0, 48104, 97887
2026/07/08 14:30:53.509, 2, 0, 48104, 97887
2026/07/08 14:30:53.529, 3, 0, 48104, 97887
2026/07/08 14:30:53.548, 4, 82, 75514, 97887
2026/07/08 14:30:53.566, 5, 50, 75514, 97887
2026/07/08 14:30:53.581, 6, 45, 75524, 97887
2026/07/08 14:30:53.594, 7, 81, 75524, 97887
2026/07/08 14:30:54.608, 0, 0, 48704, 97887
2026/07/08 14:30:54.624, 1, 0, 48104, 97887
2026/07/08 14:30:54.639, 2, 0, 48104, 97887
2026/07/08 14:30:54.655, 3, 0, 48104, 97887
2026/07/08 14:30:54.670, 4, 85, 75514, 97887
2026/07/08 14:30:54.685, 5, 40, 75514, 97887
2026/07/08 14:30:54.699, 6, 41, 75524, 97887
2026/07/08 14:30:54.713, 7, 47, 75524, 97887
2026/07/08 14:30:55.725, 0, 0, 48704, 97887
2026/07/08 14:30:55.741, 1, 0, 48104, 97887
2026/07/08 14:30:55.757, 2, 0, 48104, 97887
2026/07/08 14:30:55.772, 3, 0, 48104, 97887
2026/07/08 14:30:55.789, 4, 96, 75514, 97887
2026/07/08 14:30:55.806, 5, 34, 75514, 97887
2026/07/08 14:30:55.828, 6, 44, 75524, 97887
2026/07/08 14:30:55.848, 7, 81, 75524, 97887
2026/07/08 14:30:56.863, 0, 0, 48704, 97887
2026/07/08 14:30:56.879, 1, 0, 48104, 97887
2026/07/08 14:30:56.894, 2, 0, 48104, 97887
2026/07/08 14:30:56.909, 3, 0, 48104, 97887
2026/07/08 14:30:56.923, 4, 94, 75514, 97887
2026/07/08 14:30:56.938, 5, 45, 75514, 97887
2026/07/08 14:30:56.952, 6, 100, 75524, 97887
2026/07/08 14:30:56.966, 7, 100, 75524, 97887
2026/07/08 14:30:57.981, 0, 0, 48704, 97887
2026/07/08 14:30:57.998, 1, 0, 48104, 97887
2026/07/08 14:30:58.014, 2, 0, 48104, 97887
2026/07/08 14:30:58.029, 3, 0, 48104, 97887
2026/07/08 14:30:58.041, 4, 95, 75514, 97887
2026/07/08 14:30:58.056, 5, 37, 75514, 97887
2026/07/08 14:30:58.072, 6, 36, 75524, 97887
2026/07/08 14:30:58.085, 7, 93, 75524, 97887
2026/07/08 14:30:59.099, 0, 0, 48704, 97887
2026/07/08 14:30:59.116, 1, 0, 48104, 97887
2026/07/08 14:30:59.132, 2, 0, 48104, 97887
2026/07/08 14:30:59.147, 3, 0, 48104, 97887
2026/07/08 14:30:59.162, 4, 93, 75514, 97887
2026/07/08 14:30:59.175, 5, 28, 75514, 97887
2026/07/08 14:30:59.190, 6, 56, 75524, 97887
2026/07/08 14:30:59.205, 7, 52, 75524, 97887
2026/07/08 14:31:00.222, 0, 0, 48704, 97887
2026/07/08 14:31:00.243, 1, 0, 48104, 97887
2026/07/08 14:31:00.256, 2, 0, 48104, 97887
2026/07/08 14:31:00.272, 3, 0, 48104, 97887
2026/07/08 14:31:00.287, 4, 92, 75514, 97887
2026/07/08 14:31:00.302, 5, 34, 75514, 97887
2026/07/08 14:31:00.320, 6, 34, 75524, 97887
2026/07/08 14:31:00.336, 7, 78, 75524, 97887
2026/07/08 14:31:01.353, 0, 0, 48704, 97887
2026/07/08 14:31:01.376, 1, 0, 48104, 97887
2026/07/08 14:31:01.399, 2, 0, 48104, 97887
2026/07/08 14:31:01.418, 3, 0, 48104, 97887
2026/07/08 14:31:01.436, 4, 83, 75514, 97887
2026/07/08 14:31:01.453, 5, 32, 75514, 97887
2026/07/08 14:31:01.470, 6, 33, 75524, 97887
2026/07/08 14:31:01.488, 7, 82, 75524, 97887
2026/07/08 14:31:02.507, 0, 0, 48704, 97887
2026/07/08 14:31:02.522, 1, 0, 48104, 97887
2026/07/08 14:31:02.538, 2, 0, 48104, 97887
2026/07/08 14:31:02.553, 3, 0, 48104, 97887
2026/07/08 14:31:02.561, 4, 92, 75514, 97887
2026/07/08 14:31:02.570, 5, 28, 75514, 97887
2026/07/08 14:31:02.580, 6, 39, 75524, 97887
2026/07/08 14:31:02.590, 7, 85, 75524, 97887
2026/07/08 14:31:03.606, 0, 0, 48704, 97887
2026/07/08 14:31:03.622, 1, 0, 48104, 97887
2026/07/08 14:31:03.638, 2, 0, 48104, 97887
2026/07/08 14:31:03.655, 3, 0, 48104, 97887
2026/07/08 14:31:03.670, 4, 96, 75514, 97887
2026/07/08 14:31:03.685, 5, 38, 75514, 97887
2026/07/08 14:31:03.701, 6, 54, 75524, 97887
2026/07/08 14:31:03.716, 7, 68, 75524, 97887
2026/07/08 14:31:04.732, 0, 0, 48704, 97887
2026/07/08 14:31:04.749, 1, 0, 48104, 97887
2026/07/08 14:31:04.767, 2, 0, 48104, 97887
2026/07/08 14:31:04.785, 3, 0, 48104, 97887
2026/07/08 14:31:04.802, 4, 80, 75514, 97887
2026/07/08 14:31:04.818, 5, 34, 75514, 97887
2026/07/08 14:31:04.833, 6, 63, 75524, 97887
2026/07/08 14:31:04.846, 7, 30, 75524, 97887
2026/07/08 14:31:05.860, 0, 0, 48704, 97887
2026/07/08 14:31:05.880, 1, 0, 48104, 97887
2026/07/08 14:31:05.898, 2, 0, 48104, 97887
2026/07/08 14:31:05.918, 3, 0, 48104, 97887
2026/07/08 14:31:05.935, 4, 79, 75514, 97887
2026/07/08 14:31:05.951, 5, 33, 75514, 97887
2026/07/08 14:31:05.967, 6, 74, 75524, 97887
2026/07/08 14:31:05.984, 7, 36, 75524, 97887
2026/07/08 14:31:07.001, 0, 0, 48704, 97887
2026/07/08 14:31:07.023, 1, 0, 48104, 97887
2026/07/08 14:31:07.040, 2, 0, 48104, 97887
2026/07/08 14:31:07.060, 3, 0, 48104, 97887
2026/07/08 14:31:07.083, 4, 45, 75514, 97887
2026/07/08 14:31:07.100, 5, 63, 75514, 97887
2026/07/08 14:31:07.119, 6, 91, 75524, 97887
2026/07/08 14:31:07.143, 7, 30, 75524, 97887
2026/07/08 14:31:08.166, 0, 0, 48704, 97887
2026/07/08 14:31:08.180, 1, 0, 48104, 97887
2026/07/08 14:31:08.191, 2, 0, 48104, 97887
2026/07/08 14:31:08.207, 3, 0, 48104, 97887
2026/07/08 14:31:08.224, 4, 77, 75514, 97887
2026/07/08 14:31:08.241, 5, 36, 75514, 97887
2026/07/08 14:31:08.261, 6, 90, 75524, 97887
2026/07/08 14:31:08.277, 7, 30, 75524, 97887
2026/07/08 14:31:09.294, 0, 0, 48704, 97887
2026/07/08 14:31:09.314, 1, 0, 48104, 97887
2026/07/08 14:31:09.332, 2, 0, 48104, 97887
2026/07/08 14:31:09.349, 3, 0, 48104, 97887
2026/07/08 14:31:09.365, 4, 74, 75514, 97887
2026/07/08 14:31:09.385, 5, 39, 75514, 97887
2026/07/08 14:31:09.402, 6, 94, 75524, 97887
2026/07/08 14:31:09.419, 7, 30, 75524, 97887
2026/07/08 14:31:10.436, 0, 0, 48704, 97887
2026/07/08 14:31:10.454, 1, 0, 48104, 97887
2026/07/08 14:31:10.471, 2, 0, 48104, 97887
2026/07/08 14:31:10.488, 3, 0, 48104, 97887
2026/07/08 14:31:10.505, 4, 85, 75514, 97887
2026/07/08 14:31:10.523, 5, 19, 75514, 97887
2026/07/08 14:31:10.540, 6, 14, 75524, 97887
2026/07/08 14:31:10.557, 7, 100, 75524, 97887
2026/07/08 14:31:11.574, 0, 0, 48704, 97887
2026/07/08 14:31:11.591, 1, 0, 48104, 97887
2026/07/08 14:31:11.607, 2, 0, 48104, 97887
2026/07/08 14:31:11.623, 3, 0, 48104, 97887
2026/07/08 14:31:11.638, 4, 43, 75514, 97887
2026/07/08 14:31:11.656, 5, 42, 75514, 97887
2026/07/08 14:31:11.673, 6, 50, 75524, 97887
2026/07/08 14:31:11.689, 7, 67, 75524, 97887
2026/07/08 14:31:12.703, 0, 0, 48704, 97887
2026/07/08 14:31:12.723, 1, 0, 48104, 97887
2026/07/08 14:31:12.742, 2, 0, 48104, 97887
2026/07/08 14:31:12.757, 3, 0, 48104, 97887
2026/07/08 14:31:12.770, 4, 91, 75514, 97887
2026/07/08 14:31:12.788, 5, 40, 75514, 97887
2026/07/08 14:31:12.805, 6, 41, 75524, 97887
2026/07/08 14:31:12.822, 7, 81, 75524, 97887
2026/07/08 14:31:13.837, 0, 0, 48704, 97887
2026/07/08 14:31:13.853, 1, 0, 48104, 97887
2026/07/08 14:31:13.866, 2, 0, 48104, 97887
2026/07/08 14:31:13.883, 3, 0, 48104, 97887
2026/07/08 14:31:13.899, 4, 57, 75514, 97887
2026/07/08 14:31:13.910, 5, 36, 75514, 97887
2026/07/08 14:31:13.925, 6, 24, 75524, 97887
2026/07/08 14:31:13.938, 7, 59, 75524, 97887
2026/07/08 14:31:14.955, 0, 0, 48704, 97887
2026/07/08 14:31:14.974, 1, 0, 48104, 97887
2026/07/08 14:31:14.989, 2, 0, 48104, 97887
2026/07/08 14:31:15.001, 3, 0, 48104, 97887
2026/07/08 14:31:15.013, 4, 70, 75514, 97887
2026/07/08 14:31:15.028, 5, 53, 75514, 97887
2026/07/08 14:31:15.046, 6, 38, 75524, 97887
2026/07/08 14:31:15.062, 7, 94, 75524, 97887
2026/07/08 14:31:16.080, 0, 0, 48704, 97887
2026/07/08 14:31:16.096, 1, 0, 48104, 97887
2026/07/08 14:31:16.110, 2, 0, 48104, 97887
2026/07/08 14:31:16.127, 3, 0, 48104, 97887
2026/07/08 14:31:16.140, 4, 57, 75514, 97887
2026/07/08 14:31:16.157, 5, 42, 75514, 97887
2026/07/08 14:31:16.171, 6, 37, 75524, 97887
2026/07/08 14:31:16.187, 7, 77, 75524, 97887
2026/07/08 14:31:17.200, 0, 0, 48704, 97887
2026/07/08 14:31:17.216, 1, 0, 48104, 97887
2026/07/08 14:31:17.232, 2, 0, 48104, 97887
2026/07/08 14:31:17.249, 3, 0, 48104, 97887
2026/07/08 14:31:17.267, 4, 94, 75514, 97887
2026/07/08 14:31:17.284, 5, 34, 75514, 97887
2026/07/08 14:31:17.300, 6, 39, 75524, 97887
2026/07/08 14:31:17.316, 7, 76, 75524, 97887
2026/07/08 14:31:18.336, 0, 0, 48704, 97887
2026/07/08 14:31:18.351, 1, 0, 48104, 97887
2026/07/08 14:31:18.368, 2, 0, 48104, 97887
2026/07/08 14:31:18.384, 3, 0, 48104, 97887
2026/07/08 14:31:18.402, 4, 96, 75514, 97887
2026/07/08 14:31:18.416, 5, 31, 75514, 97887
2026/07/08 14:31:18.433, 6, 45, 75524, 97887
2026/07/08 14:31:18.451, 7, 79, 75524, 97887
2026/07/08 14:31:19.470, 0, 0, 48704, 97887
2026/07/08 14:31:19.489, 1, 0, 48104, 97887
2026/07/08 14:31:19.506, 2, 0, 48104, 97887
2026/07/08 14:31:19.525, 3, 0, 48104, 97887
2026/07/08 14:31:19.540, 4, 100, 75514, 97887
2026/07/08 14:31:19.555, 5, 100, 75514, 97887
2026/07/08 14:31:19.569, 6, 42, 75524, 97887
2026/07/08 14:31:19.584, 7, 80, 75524, 97887
2026/07/08 14:31:20.601, 0, 0, 48704, 97887
2026/07/08 14:31:20.615, 1, 0, 48104, 97887
2026/07/08 14:31:20.629, 2, 0, 48104, 97887
2026/07/08 14:31:20.642, 3, 0, 48104, 97887
2026/07/08 14:31:20.656, 4, 95, 75514, 97887
2026/07/08 14:31:20.669, 5, 32, 75514, 97887
2026/07/08 14:31:20.682, 6, 43, 75524, 97887
2026/07/08 14:31:20.694, 7, 94, 75524, 97887
2026/07/08 14:31:21.707, 0, 0, 48704, 97887
2026/07/08 14:31:21.723, 1, 0, 48104, 97887
2026/07/08 14:31:21.737, 2, 0, 48104, 97887
2026/07/08 14:31:21.751, 3, 0, 48104, 97887
2026/07/08 14:31:21.765, 4, 91, 75514, 97887
2026/07/08 14:31:21.779, 5, 34, 75514, 97887
2026/07/08 14:31:21.795, 6, 47, 75524, 97887
2026/07/08 14:31:21.812, 7, 80, 75524, 97887
2026/07/08 14:31:22.829, 0, 0, 48704, 97887
2026/07/08 14:31:22.846, 1, 0, 48104, 97887
2026/07/08 14:31:22.862, 2, 0, 48104, 97887
2026/07/08 14:31:22.876, 3, 0, 48104, 97887
2026/07/08 14:31:22.890, 4, 75, 75514, 97887
2026/07/08 14:31:22.903, 5, 52, 75514, 97887
2026/07/08 14:31:22.916, 6, 39, 75524, 97887
2026/07/08 14:31:22.930, 7, 81, 75524, 97887
2026/07/08 14:31:23.944, 0, 0, 48704, 97887
2026/07/08 14:31:23.962, 1, 0, 48104, 97887
2026/07/08 14:31:23.976, 2, 0, 48104, 97887
2026/07/08 14:31:23.993, 3, 0, 48104, 97887
2026/07/08 14:31:24.009, 4, 89, 75514, 97887
2026/07/08 14:31:24.025, 5, 34, 75514, 97887
2026/07/08 14:31:24.041, 6, 38, 75524, 97887
2026/07/08 14:31:24.054, 7, 93, 75526, 97887
2026/07/08 14:31:25.069, 0, 0, 48704, 97887
2026/07/08 14:31:25.086, 1, 0, 48104, 97887
2026/07/08 14:31:25.103, 2, 0, 48104, 97887
2026/07/08 14:31:25.119, 3, 0, 48104, 97887
2026/07/08 14:31:25.136, 4, 94, 75514, 97887
2026/07/08 14:31:25.154, 5, 27, 75514, 97887
2026/07/08 14:31:25.172, 6, 34, 75524, 97887
2026/07/08 14:31:25.191, 7, 78, 75526, 97887
2026/07/08 14:31:26.207, 0, 0, 48704, 97887
2026/07/08 14:31:26.225, 1, 0, 48104, 97887
2026/07/08 14:31:26.241, 2, 0, 48104, 97887
2026/07/08 14:31:26.257, 3, 0, 48104, 97887
2026/07/08 14:31:26.271, 4, 95, 75514, 97887
2026/07/08 14:31:26.289, 5, 34, 75514, 97887
2026/07/08 14:31:26.303, 6, 92, 75524, 97887
2026/07/08 14:31:26.317, 7, 29, 75526, 97887
2026/07/08 14:31:27.333, 0, 0, 48704, 97887
2026/07/08 14:31:27.351, 1, 0, 48104, 97887
2026/07/08 14:31:27.366, 2, 0, 48104, 97887
2026/07/08 14:31:27.381, 3, 0, 48104, 97887
2026/07/08 14:31:27.398, 4, 96, 75514, 97887
2026/07/08 14:31:27.414, 5, 38, 75514, 97887
2026/07/08 14:31:27.434, 6, 95, 75524, 97887
2026/07/08 14:31:27.449, 7, 40, 75526, 97887
2026/07/08 14:31:28.464, 0, 0, 48704, 97887
2026/07/08 14:31:28.479, 1, 0, 48104, 97887
2026/07/08 14:31:28.491, 2, 0, 48104, 97887
2026/07/08 14:31:28.503, 3, 0, 48104, 97887
2026/07/08 14:31:28.515, 4, 96, 75514, 97887
2026/07/08 14:31:28.529, 5, 36, 75514, 97887
2026/07/08 14:31:28.542, 6, 95, 75524, 97887
2026/07/08 14:31:28.558, 7, 41, 75526, 97887
2026/07/08 14:31:29.574, 0, 0, 48704, 97887
2026/07/08 14:31:29.593, 1, 0, 48104, 97887
2026/07/08 14:31:29.611, 2, 0, 48104, 97887
2026/07/08 14:31:29.628, 3, 0, 48104, 97887
2026/07/08 14:31:29.643, 4, 89, 75514, 97887
2026/07/08 14:31:29.659, 5, 35, 75514, 97887
2026/07/08 14:31:29.674, 6, 93, 75524, 97887
2026/07/08 14:31:29.689, 7, 29, 75526, 97887
2026/07/08 14:31:30.704, 0, 0, 48704, 97887
2026/07/08 14:31:30.722, 1, 0, 48104, 97887
2026/07/08 14:31:30.738, 2, 0, 48104, 97887
2026/07/08 14:31:30.753, 3, 0, 48104, 97887
2026/07/08 14:31:30.768, 4, 93, 75514, 97887
2026/07/08 14:31:30.784, 5, 29, 75514, 97887
2026/07/08 14:31:30.800, 6, 95, 75524, 97887
2026/07/08 14:31:30.815, 7, 29, 75526, 97887
2026/07/08 14:31:31.830, 0, 0, 48704, 97887
2026/07/08 14:31:31.848, 1, 0, 48104, 97887
2026/07/08 14:31:31.870, 2, 0, 48104, 97887
2026/07/08 14:31:31.889, 3, 0, 48104, 97887
2026/07/08 14:31:31.906, 4, 96, 75514, 97887
2026/07/08 14:31:31.922, 5, 31, 75514, 97887
2026/07/08 14:31:31.940, 6, 96, 75524, 97887
2026/07/08 14:31:31.959, 7, 36, 75526, 97887
2026/07/08 14:31:32.977, 0, 0, 48704, 97887
2026/07/08 14:31:32.995, 1, 0, 48104, 97887
2026/07/08 14:31:33.010, 2, 0, 48104, 97887
2026/07/08 14:31:33.026, 3, 0, 48104, 97887
2026/07/08 14:31:33.046, 4, 89, 75514, 97887
2026/07/08 14:31:33.059, 5, 35, 75514, 97887
2026/07/08 14:31:33.068, 6, 94, 75524, 97887
2026/07/08 14:31:33.077, 7, 34, 75526, 97887
2026/07/08 14:31:34.090, 0, 0, 48704, 97887
2026/07/08 14:31:34.106, 1, 0, 48104, 97887
2026/07/08 14:31:34.121, 2, 0, 48104, 97887
2026/07/08 14:31:34.133, 3, 0, 48104, 97887
2026/07/08 14:31:34.142, 4, 90, 75514, 97887
2026/07/08 14:31:34.155, 5, 28, 75514, 97887
2026/07/08 14:31:34.173, 6, 90, 75524, 97887
2026/07/08 14:31:34.189, 7, 32, 75526, 97887
2026/07/08 14:31:35.207, 0, 0, 48704, 97887
2026/07/08 14:31:35.223, 1, 0, 48104, 97887
2026/07/08 14:31:35.241, 2, 0, 48104, 97887
2026/07/08 14:31:35.258, 3, 0, 48104, 97887
2026/07/08 14:31:35.277, 4, 78, 75514, 97887
2026/07/08 14:31:35.294, 5, 36, 75514, 97887
2026/07/08 14:31:35.309, 6, 90, 75524, 97887
2026/07/08 14:31:35.322, 7, 35, 75526, 97887
2026/07/08 14:31:36.338, 0, 0, 48704, 97887
2026/07/08 14:31:36.355, 1, 0, 48104, 97887
2026/07/08 14:31:36.376, 2, 0, 48104, 97887
2026/07/08 14:31:36.395, 3, 0, 48104, 97887
2026/07/08 14:31:36.414, 4, 94, 75514, 97887
2026/07/08 14:31:36.429, 5, 27, 75514, 97887
2026/07/08 14:31:36.447, 6, 88, 75524, 97887
2026/07/08 14:31:36.462, 7, 32, 75526, 97887
2026/07/08 14:31:37.478, 0, 0, 48704, 97887
2026/07/08 14:31:37.500, 1, 0, 48104, 97887
2026/07/08 14:31:37.519, 2, 0, 48104, 97887
2026/07/08 14:31:37.536, 3, 0, 48104, 97887
2026/07/08 14:31:37.553, 4, 89, 75514, 97887
2026/07/08 14:31:37.569, 5, 33, 75514, 97887
2026/07/08 14:31:37.584, 6, 94, 75524, 97887
2026/07/08 14:31:37.602, 7, 32, 75526, 97887
2026/07/08 14:31:38.624, 0, 0, 48704, 97887
2026/07/08 14:31:38.641, 1, 0, 48104, 97887
2026/07/08 14:31:38.660, 2, 0, 48104, 97887
2026/07/08 14:31:38.677, 3, 0, 48104, 97887
2026/07/08 14:31:38.695, 4, 57, 75514, 97887
2026/07/08 14:31:38.712, 5, 50, 75514, 97887
2026/07/08 14:31:38.730, 6, 86, 75524, 97887
2026/07/08 14:31:38.746, 7, 40, 75526, 97887
2026/07/08 14:31:39.767, 0, 0, 48704, 97887
2026/07/08 14:31:39.784, 1, 0, 48104, 97887
2026/07/08 14:31:39.799, 2, 0, 48104, 97887
2026/07/08 14:31:39.815, 3, 0, 48104, 97887
2026/07/08 14:31:39.829, 4, 39, 75514, 97887
2026/07/08 14:31:39.845, 5, 88, 75514, 97887
2026/07/08 14:31:39.860, 6, 93, 75524, 97887
2026/07/08 14:31:39.876, 7, 39, 75526, 97887
2026/07/08 14:31:40.893, 0, 0, 48704, 97887
2026/07/08 14:31:40.910, 1, 0, 48104, 97887
2026/07/08 14:31:40.925, 2, 0, 48104, 97887
2026/07/08 14:31:40.940, 3, 0, 48104, 97887
2026/07/08 14:31:40.956, 4, 61, 75514, 97887
2026/07/08 14:31:40.969, 5, 52, 75514, 97887
2026/07/08 14:31:40.984, 6, 91, 75524, 97887
2026/07/08 14:31:40.998, 7, 36, 75526, 97887
2026/07/08 14:31:42.013, 0, 0, 48704, 97887
2026/07/08 14:31:42.032, 1, 0, 48104, 97887
2026/07/08 14:31:42.049, 2, 0, 48104, 97887
2026/07/08 14:31:42.066, 3, 0, 48104, 97887
2026/07/08 14:31:42.085, 4, 52, 75514, 97887
2026/07/08 14:31:42.104, 5, 78, 75514, 97887
2026/07/08 14:31:42.124, 6, 100, 75524, 97887
2026/07/08 14:31:42.143, 7, 100, 75526, 97887
2026/07/08 14:31:43.160, 0, 0, 48704, 97887
2026/07/08 14:31:43.177, 1, 0, 48104, 97887
2026/07/08 14:31:43.192, 2, 0, 48104, 97887
2026/07/08 14:31:43.209, 3, 0, 48104, 97887
2026/07/08 14:31:43.225, 4, 100, 75514, 97887
2026/07/08 14:31:43.243, 5, 57, 75514, 97887
2026/07/08 14:31:43.262, 6, 80, 75524, 97887
2026/07/08 14:31:43.277, 7, 45, 75526, 97887
2026/07/08 14:31:44.295, 0, 0, 48704, 97887
2026/07/08 14:31:44.310, 1, 0, 48104, 97887
2026/07/08 14:31:44.322, 2, 0, 48104, 97887
2026/07/08 14:31:44.337, 3, 0, 48104, 97887
2026/07/08 14:31:44.351, 4, 86, 75514, 97887
2026/07/08 14:31:44.364, 5, 58, 75514, 97887
2026/07/08 14:31:44.378, 6, 39, 75524, 97887
2026/07/08 14:31:44.392, 7, 84, 75526, 97887
2026/07/08 14:31:45.405, 0, 0, 48704, 97887
2026/07/08 14:31:45.424, 1, 0, 48104, 97887
2026/07/08 14:31:45.443, 2, 0, 48104, 97887
2026/07/08 14:31:45.461, 3, 0, 48104, 97887
2026/07/08 14:31:45.476, 4, 46, 75514, 97887
2026/07/08 14:31:45.489, 5, 52, 75514, 97887
2026/07/08 14:31:45.500, 6, 74, 75524, 97887
2026/07/08 14:31:45.512, 7, 61, 75526, 97887
2026/07/08 14:31:46.527, 0, 0, 48704, 97887
2026/07/08 14:31:46.542, 1, 0, 48104, 97887
2026/07/08 14:31:46.555, 2, 0, 48104, 97887
2026/07/08 14:31:46.569, 3, 0, 48104, 97887
2026/07/08 14:31:46.582, 4, 52, 75514, 97887
2026/07/08 14:31:46.592, 5, 43, 75514, 97887
2026/07/08 14:31:46.604, 6, 100, 75524, 97887
2026/07/08 14:31:46.617, 7, 100, 75526, 97887
2026/07/08 14:31:47.632, 0, 0, 48704, 97887
2026/07/08 14:31:47.652, 1, 0, 48104, 97887
2026/07/08 14:31:47.668, 2, 0, 48104, 97887
2026/07/08 14:31:47.685, 3, 0, 48104, 97887
2026/07/08 14:31:47.701, 4, 41, 75514, 97887
2026/07/08 14:31:47.719, 5, 62, 75514, 97887
2026/07/08 14:31:47.736, 6, 95, 75524, 97887
2026/07/08 14:31:47.752, 7, 36, 75526, 97887
2026/07/08 14:31:48.766, 0, 0, 48704, 97887
2026/07/08 14:31:48.784, 1, 0, 48104, 97887
2026/07/08 14:31:48.801, 2, 0, 48104, 97887
2026/07/08 14:31:48.816, 3, 0, 48104, 97887
2026/07/08 14:31:48.833, 4, 47, 75514, 97887
2026/07/08 14:31:48.847, 5, 61, 75514, 97887
2026/07/08 14:31:48.863, 6, 91, 75524, 97887
2026/07/08 14:31:48.877, 7, 36, 75526, 97887
2026/07/08 14:31:49.890, 0, 0, 48704, 97887
2026/07/08 14:31:49.909, 1, 0, 48104, 97887
2026/07/08 14:31:49.925, 2, 0, 48104, 97887
2026/07/08 14:31:49.941, 3, 0, 48104, 97887
2026/07/08 14:31:49.957, 4, 32, 75514, 97887
2026/07/08 14:31:49.972, 5, 74, 75514, 97887
2026/07/08 14:31:49.985, 6, 93, 75524, 97887
2026/07/08 14:31:49.997, 7, 35, 75526, 97887
2026/07/08 14:31:51.009, 0, 0, 48704, 97887
2026/07/08 14:31:51.026, 1, 0, 48104, 97887
2026/07/08 14:31:51.041, 2, 0, 48104, 97887
2026/07/08 14:31:51.056, 3, 0, 48104, 97887
2026/07/08 14:31:51.072, 4, 33, 75514, 97887
2026/07/08 14:31:51.101, 5, 95, 75514, 97887
2026/07/08 14:31:51.115, 6, 90, 75524, 97887
2026/07/08 14:31:51.130, 7, 39, 75526, 97887
2026/07/08 14:31:52.148, 0, 0, 48704, 97887
2026/07/08 14:31:52.170, 1, 0, 48104, 97887
2026/07/08 14:31:52.187, 2, 0, 48104, 97887
2026/07/08 14:31:52.204, 3, 0, 48104, 97887
2026/07/08 14:31:52.221, 4, 91, 75514, 97887
2026/07/08 14:31:52.238, 5, 29, 75514, 97887
2026/07/08 14:31:52.255, 6, 63, 75524, 97887
2026/07/08 14:31:52.271, 7, 46, 75526, 97887
2026/07/08 14:31:53.286, 0, 0, 48704, 97887
2026/07/08 14:31:53.299, 1, 0, 48104, 97887
2026/07/08 14:31:53.313, 2, 0, 48104, 97887
2026/07/08 14:31:53.326, 3, 0, 48104, 97887
2026/07/08 14:31:53.339, 4, 86, 75514, 97887
2026/07/08 14:31:53.354, 5, 63, 75514, 97887
2026/07/08 14:31:53.369, 6, 75, 75526, 97887
2026/07/08 14:31:53.387, 7, 32, 75526, 97887
2026/07/08 14:31:54.406, 0, 0, 48704, 97887
2026/07/08 14:31:54.423, 1, 0, 48104, 97887
2026/07/08 14:31:54.440, 2, 0, 48104, 97887
2026/07/08 14:31:54.457, 3, 0, 48104, 97887
2026/07/08 14:31:54.478, 4, 55, 75514, 97887
2026/07/08 14:31:54.494, 5, 55, 75514, 97887
2026/07/08 14:31:54.512, 6, 65, 75526, 97887
2026/07/08 14:31:54.529, 7, 39, 75526, 97887
2026/07/08 14:31:55.544, 0, 0, 48704, 97887
2026/07/08 14:31:55.562, 1, 0, 48104, 97887
2026/07/08 14:31:55.577, 2, 0, 48104, 97887
2026/07/08 14:31:55.590, 3, 0, 48104, 97887
2026/07/08 14:31:55.603, 4, 83, 75514, 97887
2026/07/08 14:31:55.618, 5, 38, 75514, 97887
2026/07/08 14:31:55.633, 6, 72, 75526, 97887
2026/07/08 14:31:55.649, 7, 40, 75526, 97887
2026/07/08 14:31:56.664, 0, 0, 48704, 97887
2026/07/08 14:31:56.681, 1, 0, 48104, 97887
2026/07/08 14:31:56.697, 2, 0, 48104, 97887
2026/07/08 14:31:56.716, 3, 0, 48104, 97887
2026/07/08 14:31:56.733, 4, 40, 75514, 97887
2026/07/08 14:31:56.747, 5, 42, 75514, 97887
2026/07/08 14:31:56.764, 6, 96, 75526, 97887
2026/07/08 14:31:56.779, 7, 38, 75526, 97887
2026/07/08 14:31:57.799, 0, 0, 48704, 97887
2026/07/08 14:31:57.816, 1, 0, 48104, 97887
2026/07/08 14:31:57.831, 2, 0, 48104, 97887
2026/07/08 14:31:57.844, 3, 0, 48104, 97887
2026/07/08 14:31:57.853, 4, 53, 75514, 97887
2026/07/08 14:31:57.865, 5, 88, 75514, 97887
2026/07/08 14:31:57.875, 6, 85, 75526, 97887
2026/07/08 14:31:57.888, 7, 28, 75526, 97887
2026/07/08 14:31:58.902, 0, 0, 48704, 97887
2026/07/08 14:31:58.917, 1, 0, 48104, 97887
2026/07/08 14:31:58.933, 2, 0, 48104, 97887
2026/07/08 14:31:58.947, 3, 0, 48104, 97887
2026/07/08 14:31:58.959, 4, 45, 75514, 97887
2026/07/08 14:31:58.973, 5, 37, 75514, 97887
2026/07/08 14:31:58.988, 6, 96, 75526, 97887
2026/07/08 14:31:59.006, 7, 34, 75526, 97887
2026/07/08 14:32:00.021, 0, 0, 48704, 97887
2026/07/08 14:32:00.037, 1, 0, 48104, 97887
2026/07/08 14:32:00.052, 2, 0, 48104, 97887
2026/07/08 14:32:00.067, 3, 0, 48104, 97887
2026/07/08 14:32:00.077, 4, 62, 75514, 97887
2026/07/08 14:32:00.093, 5, 34, 75514, 97887
2026/07/08 14:32:00.108, 6, 96, 75526, 97887
2026/07/08 14:32:00.125, 7, 33, 75526, 97887
2026/07/08 14:32:01.140, 0, 0, 48704, 97887
2026/07/08 14:32:01.155, 1, 0, 48104, 97887
2026/07/08 14:32:01.171, 2, 0, 48104, 97887
2026/07/08 14:32:01.185, 3, 0, 48104, 97887
2026/07/08 14:32:01.201, 4, 29, 75514, 97887
2026/07/08 14:32:01.220, 5, 93, 75514, 97887
2026/07/08 14:32:01.238, 6, 90, 75526, 97887
2026/07/08 14:32:01.256, 7, 33, 75526, 97887
2026/07/08 14:32:02.271, 0, 0, 48704, 97887
2026/07/08 14:32:02.291, 1, 0, 48104, 97887
2026/07/08 14:32:02.309, 2, 0, 48104, 97887
2026/07/08 14:32:02.327, 3, 0, 48104, 97887
2026/07/08 14:32:02.344, 4, 36, 75514, 97887
2026/07/08 14:32:02.362, 5, 86, 75514, 97887
2026/07/08 14:32:02.383, 6, 89, 75526, 97887
2026/07/08 14:32:02.402, 7, 36, 75526, 97887
2026/07/08 14:32:03.416, 0, 0, 48704, 97887
2026/07/08 14:32:03.434, 1, 0, 48104, 97887
2026/07/08 14:32:03.455, 2, 0, 48104, 97887
2026/07/08 14:32:03.474, 3, 0, 48104, 97887
2026/07/08 14:32:03.494, 4, 34, 75514, 97887
2026/07/08 14:32:03.511, 5, 91, 75514, 97887
2026/07/08 14:32:03.526, 6, 95, 75526, 97887
2026/07/08 14:32:03.541, 7, 30, 75526, 97887
2026/07/08 14:32:04.556, 0, 0, 48704, 97887
2026/07/08 14:32:04.572, 1, 0, 48104, 97887
2026/07/08 14:32:04.588, 2, 0, 48104, 97887
2026/07/08 14:32:04.606, 3, 0, 48104, 97887
2026/07/08 14:32:04.624, 4, 36, 75514, 97887
2026/07/08 14:32:04.641, 5, 84, 75514, 97887
2026/07/08 14:32:04.656, 6, 92, 75526, 97887
2026/07/08 14:32:04.671, 7, 39, 75526, 97887
2026/07/08 14:32:05.688, 0, 0, 48704, 97887
2026/07/08 14:32:05.703, 1, 0, 48104, 97887
2026/07/08 14:32:05.717, 2, 0, 48104, 97887
2026/07/08 14:32:05.736, 3, 0, 48104, 97887
2026/07/08 14:32:05.754, 4, 56, 75514, 97887
2026/07/08 14:32:05.772, 5, 76, 75514, 97887
2026/07/08 14:32:05.789, 6, 90, 75526, 97887
2026/07/08 14:32:05.807, 7, 42, 75526, 97887
2026/07/08 14:32:06.826, 0, 0, 48704, 97887
2026/07/08 14:32:06.840, 1, 0, 48104, 97887
2026/07/08 14:32:06.850, 2, 0, 48104, 97887
2026/07/08 14:32:06.863, 3, 0, 48104, 97887
2026/07/08 14:32:06.876, 4, 37, 75514, 97887
2026/07/08 14:32:06.889, 5, 77, 75514, 97887
2026/07/08 14:32:06.902, 6, 82, 75526, 97887
2026/07/08 14:32:06.914, 7, 35, 75526, 97887
2026/07/08 14:32:07.927, 0, 0, 48704, 97887
2026/07/08 14:32:07.944, 1, 0, 48104, 97887
2026/07/08 14:32:07.960, 2, 0, 48104, 97887
2026/07/08 14:32:07.980, 3, 0, 48104, 97887
2026/07/08 14:32:08.000, 4, 50, 75514, 97887
2026/07/08 14:32:08.017, 5, 87, 75514, 97887
2026/07/08 14:32:08.036, 6, 89, 75526, 97887
2026/07/08 14:32:08.056, 7, 36, 75526, 97887
2026/07/08 14:32:09.079, 0, 0, 48704, 97887
2026/07/08 14:32:09.098, 1, 0, 48104, 97887
2026/07/08 14:32:09.112, 2, 0, 48104, 97887
2026/07/08 14:32:09.126, 3, 0, 48104, 97887
2026/07/08 14:32:09.141, 4, 39, 75514, 97887
2026/07/08 14:32:09.154, 5, 90, 75514, 97887
2026/07/08 14:32:09.170, 6, 91, 75526, 97887
2026/07/08 14:32:09.187, 7, 36, 75526, 97887
2026/07/08 14:32:10.202, 0, 0, 48704, 97887
2026/07/08 14:32:10.218, 1, 0, 48104, 97887
2026/07/08 14:32:10.236, 2, 0, 48104, 97887
2026/07/08 14:32:10.254, 3, 0, 48104, 97887
2026/07/08 14:32:10.272, 4, 35, 75514, 97887
2026/07/08 14:32:10.286, 5, 83, 75514, 97887
2026/07/08 14:32:10.301, 6, 86, 75526, 97887
2026/07/08 14:32:10.316, 7, 33, 75526, 97887
2026/07/08 14:32:11.334, 0, 0, 48704, 97887
2026/07/08 14:32:11.351, 1, 0, 48104, 97887
2026/07/08 14:32:11.368, 2, 0, 48104, 97887
2026/07/08 14:32:11.384, 3, 0, 48104, 97887
2026/07/08 14:32:11.399, 4, 2, 75514, 97887
2026/07/08 14:32:11.417, 5, 23, 75514, 97887
2026/07/08 14:32:11.434, 6, 87, 75526, 97887
2026/07/08 14:32:11.450, 7, 71, 75526, 97887
2026/07/08 14:32:12.466, 0, 0, 48704, 97887
2026/07/08 14:32:12.481, 1, 0, 48104, 97887
2026/07/08 14:32:12.494, 2, 0, 48104, 97887
2026/07/08 14:32:12.508, 3, 0, 48104, 97887
2026/07/08 14:32:12.519, 4, 50, 75514, 97887
2026/07/08 14:32:12.528, 5, 62, 75514, 97887
2026/07/08 14:32:12.536, 6, 96, 75526, 97887
2026/07/08 14:32:12.545, 7, 38, 75526, 97887
2026/07/08 14:32:13.554, 0, 0, 48704, 97887
2026/07/08 14:32:13.573, 1, 0, 48104, 97887
2026/07/08 14:32:13.591, 2, 0, 48104, 97887
2026/07/08 14:32:13.609, 3, 0, 48104, 97887
2026/07/08 14:32:13.636, 4, 38, 75514, 97887
2026/07/08 14:32:13.655, 5, 50, 75516, 97887
2026/07/08 14:32:13.671, 6, 77, 75526, 97887
2026/07/08 14:32:13.686, 7, 51, 75526, 97887
2026/07/08 14:32:14.701, 0, 0, 48704, 97887
2026/07/08 14:32:14.717, 1, 0, 48104, 97887
2026/07/08 14:32:14.730, 2, 0, 48104, 97887
2026/07/08 14:32:14.744, 3, 0, 48104, 97887
2026/07/08 14:32:14.760, 4, 36, 75514, 97887
2026/07/08 14:32:14.775, 5, 85, 75516, 97887
2026/07/08 14:32:14.793, 6, 49, 75526, 97887
2026/07/08 14:32:14.810, 7, 74, 75526, 97887
2026/07/08 14:32:15.827, 0, 0, 48704, 97887
2026/07/08 14:32:15.847, 1, 0, 48104, 97887
2026/07/08 14:32:15.863, 2, 0, 48104, 97887
2026/07/08 14:32:15.880, 3, 0, 48104, 97887
2026/07/08 14:32:15.898, 4, 47, 75514, 97887
2026/07/08 14:32:15.915, 5, 94, 75516, 97887
2026/07/08 14:32:15.932, 6, 55, 75526, 97887
2026/07/08 14:32:15.945, 7, 42, 75526, 97887
2026/07/08 14:32:16.959, 0, 0, 48704, 97887
2026/07/08 14:32:16.976, 1, 0, 48104, 97887
2026/07/08 14:32:16.994, 2, 0, 48104, 97887
2026/07/08 14:32:17.010, 3, 0, 48104, 97887
2026/07/08 14:32:17.028, 4, 37, 75514, 97887
2026/07/08 14:32:17.046, 5, 86, 75516, 97887
2026/07/08 14:32:17.063, 6, 75, 75526, 97887
2026/07/08 14:32:17.080, 7, 54, 75526, 97887
2026/07/08 14:32:18.099, 0, 0, 48704, 97887
2026/07/08 14:32:18.112, 1, 0, 48104, 97887
2026/07/08 14:32:18.128, 2, 0, 48104, 97887
2026/07/08 14:32:18.144, 3, 0, 48104, 97887
2026/07/08 14:32:18.158, 4, 46, 75514, 97887
2026/07/08 14:32:18.171, 5, 76, 75516, 97887
2026/07/08 14:32:18.188, 6, 52, 75526, 97887
2026/07/08 14:32:18.205, 7, 25, 75526, 97887
2026/07/08 14:32:19.224, 0, 0, 48704, 97887
2026/07/08 14:32:19.240, 1, 0, 48104, 97887
2026/07/08 14:32:19.254, 2, 0, 48104, 97887
2026/07/08 14:32:19.264, 3, 0, 48104, 97887
2026/07/08 14:32:19.275, 4, 30, 75514, 97887
2026/07/08 14:32:19.287, 5, 81, 75516, 97887
2026/07/08 14:32:19.300, 6, 31, 75526, 97887
2026/07/08 14:32:19.311, 7, 77, 75526, 97887
2026/07/08 14:32:20.326, 0, 0, 48704, 97887
2026/07/08 14:32:20.338, 1, 0, 48104, 97887
2026/07/08 14:32:20.348, 2, 0, 48104, 97887
2026/07/08 14:32:20.357, 3, 0, 48104, 97887
2026/07/08 14:32:20.362, 4, 68, 75514, 97887
2026/07/08 14:32:20.367, 5, 74, 75516, 97887
2026/07/08 14:32:20.373, 6, 36, 75526, 97887
2026/07/08 14:32:20.385, 7, 100, 75526, 97887
2026/07/08 14:32:21.398, 0, 0, 48704, 97887
2026/07/08 14:32:21.414, 1, 0, 48104, 97887
2026/07/08 14:32:21.430, 2, 0, 48104, 97887
2026/07/08 14:32:21.448, 3, 0, 48104, 97887
2026/07/08 14:32:21.463, 4, 50, 75514, 97887
2026/07/08 14:32:21.483, 5, 93, 75516, 97887
2026/07/08 14:32:21.502, 6, 62, 75526, 97887
2026/07/08 14:32:21.516, 7, 36, 75526, 97887
2026/07/08 14:32:22.531, 0, 0, 48704, 97887
2026/07/08 14:32:22.543, 1, 0, 48104, 97887
2026/07/08 14:32:22.549, 2, 0, 48104, 97887
2026/07/08 14:32:22.563, 3, 0, 48104, 97887
2026/07/08 14:32:22.573, 4, 35, 75514, 97887
2026/07/08 14:32:22.584, 5, 69, 75516, 97887
2026/07/08 14:32:22.594, 6, 63, 75526, 97887
2026/07/08 14:32:22.604, 7, 45, 75526, 97887
2026/07/08 14:32:23.616, 0, 0, 48704, 97887
2026/07/08 14:32:23.633, 1, 0, 48104, 97887
2026/07/08 14:32:23.648, 2, 0, 48104, 97887
2026/07/08 14:32:23.664, 3, 0, 48104, 97887
2026/07/08 14:32:23.677, 4, 39, 75514, 97887
2026/07/08 14:32:23.692, 5, 81, 75516, 97887
2026/07/08 14:32:23.707, 6, 44, 75526, 97887
2026/07/08 14:32:23.724, 7, 50, 75526, 97887
2026/07/08 14:32:24.743, 0, 0, 48704, 97887
2026/07/08 14:32:24.759, 1, 0, 48104, 97887
2026/07/08 14:32:24.773, 2, 0, 48104, 97887
2026/07/08 14:32:24.788, 3, 0, 48104, 97887
2026/07/08 14:32:24.800, 4, 40, 75514, 97887
2026/07/08 14:32:24.815, 5, 78, 75516, 97887
2026/07/08 14:32:24.833, 6, 59, 75526, 97887
2026/07/08 14:32:24.848, 7, 32, 75526, 97887
2026/07/08 14:32:25.863, 0, 0, 48704, 97887
2026/07/08 14:32:25.880, 1, 0, 48104, 97887
2026/07/08 14:32:25.896, 2, 0, 48104, 97887
2026/07/08 14:32:25.912, 3, 0, 48104, 97887
2026/07/08 14:32:25.926, 4, 36, 75514, 97887
2026/07/08 14:32:25.940, 5, 74, 75516, 97887
2026/07/08 14:32:25.956, 6, 71, 75526, 97887
2026/07/08 14:32:25.970, 7, 44, 75526, 97887
2026/07/08 14:32:26.984, 0, 0, 48704, 97887
2026/07/08 14:32:27.000, 1, 0, 48104, 97887
2026/07/08 14:32:27.015, 2, 0, 48104, 97887
2026/07/08 14:32:27.032, 3, 0, 48104, 97887
2026/07/08 14:32:27.048, 4, 35, 75514, 97887
2026/07/08 14:32:27.062, 5, 74, 75516, 97887
2026/07/08 14:32:27.079, 6, 100, 75526, 97887
2026/07/08 14:32:27.096, 7, 100, 75526, 97887
2026/07/08 14:32:28.112, 0, 0, 48704, 97887
2026/07/08 14:32:28.128, 1, 0, 48104, 97887
2026/07/08 14:32:28.141, 2, 0, 48104, 97887
2026/07/08 14:32:28.155, 3, 0, 48104, 97887
2026/07/08 14:32:28.168, 4, 45, 75514, 97887
2026/07/08 14:32:28.184, 5, 84, 75516, 97887
2026/07/08 14:32:28.198, 6, 48, 75526, 97887
2026/07/08 14:32:28.212, 7, 42, 75526, 97887
2026/07/08 14:32:29.227, 0, 0, 48704, 97887
2026/07/08 14:32:29.244, 1, 0, 48104, 97887
2026/07/08 14:32:29.260, 2, 0, 48104, 97887
2026/07/08 14:32:29.278, 3, 0, 48104, 97887
2026/07/08 14:32:29.295, 4, 41, 75514, 97887
2026/07/08 14:32:29.313, 5, 63, 75516, 97887
2026/07/08 14:32:29.331, 6, 32, 75526, 97887
2026/07/08 14:32:29.347, 7, 81, 75526, 97887
2026/07/08 14:32:30.366, 0, 0, 48704, 97887
2026/07/08 14:32:30.383, 1, 0, 48104, 97887
2026/07/08 14:32:30.399, 2, 0, 48104, 97887
2026/07/08 14:32:30.420, 3, 0, 48104, 97887
2026/07/08 14:32:30.441, 4, 34, 75514, 97887
2026/07/08 14:32:30.450, 5, 90, 75516, 97887
2026/07/08 14:32:30.464, 6, 47, 75526, 97887
2026/07/08 14:32:30.478, 7, 83, 75526, 97887
2026/07/08 14:32:31.490, 0, 0, 48704, 97887
2026/07/08 14:32:31.505, 1, 0, 48104, 97887
2026/07/08 14:32:31.517, 2, 0, 48104, 97887
2026/07/08 14:32:31.529, 3, 0, 48104, 97887
2026/07/08 14:32:31.541, 4, 37, 75514, 97887
2026/07/08 14:32:31.553, 5, 80, 75516, 97887
2026/07/08 14:32:31.563, 6, 54, 75526, 97887
2026/07/08 14:32:31.576, 7, 67, 75526, 97887
2026/07/08 14:32:32.588, 0, 0, 48704, 97887
2026/07/08 14:32:32.606, 1, 0, 48104, 97887
2026/07/08 14:32:32.620, 2, 0, 48104, 97887
2026/07/08 14:32:32.632, 3, 0, 48104, 97887
2026/07/08 14:32:32.644, 4, 36, 75514, 97887
2026/07/08 14:32:32.661, 5, 77, 75516, 97887
2026/07/08 14:32:32.675, 6, 44, 75526, 97887
2026/07/08 14:32:32.688, 7, 84, 75526, 97887
2026/07/08 14:32:33.700, 0, 0, 48704, 97887
2026/07/08 14:32:33.714, 1, 0, 48104, 97887
2026/07/08 14:32:33.728, 2, 0, 48104, 97887
2026/07/08 14:32:33.743, 3, 0, 48104, 97887
2026/07/08 14:32:33.757, 4, 29, 75516, 97887
2026/07/08 14:32:33.766, 5, 95, 75516, 97887
2026/07/08 14:32:33.777, 6, 44, 75526, 97887
2026/07/08 14:32:33.786, 7, 55, 75526, 97887
2026/07/08 14:32:34.796, 0, 0, 48704, 97887
2026/07/08 14:32:34.815, 1, 0, 48104, 97887
2026/07/08 14:32:34.834, 2, 0, 48104, 97887
2026/07/08 14:32:34.852, 3, 0, 48104, 97887
2026/07/08 14:32:34.868, 4, 31, 75516, 97887
2026/07/08 14:32:34.882, 5, 84, 75516, 97887
2026/07/08 14:32:34.897, 6, 54, 75526, 97887
2026/07/08 14:32:34.911, 7, 81, 75526, 97887
2026/07/08 14:32:35.928, 0, 0, 48704, 97887
2026/07/08 14:32:35.947, 1, 0, 48104, 97887
2026/07/08 14:32:35.964, 2, 0, 48104, 97887
2026/07/08 14:32:35.982, 3, 0, 48104, 97887
2026/07/08 14:32:36.000, 4, 38, 75516, 97887
2026/07/08 14:32:36.019, 5, 92, 75516, 97887
2026/07/08 14:32:36.038, 6, 55, 75526, 97887
2026/07/08 14:32:36.054, 7, 69, 75526, 97887
2026/07/08 14:32:37.070, 0, 0, 48704, 97887
2026/07/08 14:32:37.085, 1, 0, 48104, 97887
2026/07/08 14:32:37.099, 2, 0, 48104, 97887
2026/07/08 14:32:37.113, 3, 0, 48104, 97887
2026/07/08 14:32:37.125, 4, 55, 75516, 97887
2026/07/08 14:32:37.139, 5, 73, 75516, 97887
2026/07/08 14:32:37.149, 6, 47, 75526, 97887
2026/07/08 14:32:37.160, 7, 58, 75526, 97887
2026/07/08 14:32:38.171, 0, 0, 48704, 97887
2026/07/08 14:32:38.189, 1, 0, 48104, 97887
2026/07/08 14:32:38.208, 2, 0, 48104, 97887
2026/07/08 14:32:38.226, 3, 0, 48104, 97887
2026/07/08 14:32:38.242, 4, 44, 75516, 97887
2026/07/08 14:32:38.260, 5, 75, 75516, 97887
2026/07/08 14:32:38.278, 6, 69, 75526, 97887
2026/07/08 14:32:38.296, 7, 54, 75526, 97887
2026/07/08 14:32:39.311, 0, 0, 48704, 97887
2026/07/08 14:32:39.327, 1, 0, 48104, 97887
2026/07/08 14:32:39.343, 2, 0, 48104, 97887
2026/07/08 14:32:39.357, 3, 0, 48104, 97887
2026/07/08 14:32:39.371, 4, 34, 75516, 97887
2026/07/08 14:32:39.387, 5, 79, 75516, 97887
2026/07/08 14:32:39.405, 6, 53, 75526, 97887
2026/07/08 14:32:39.422, 7, 35, 75526, 97887
2026/07/08 14:32:40.438, 0, 0, 48704, 97887
2026/07/08 14:32:40.457, 1, 0, 48104, 97887
2026/07/08 14:32:40.472, 2, 0, 48104, 97887
2026/07/08 14:32:40.484, 3, 0, 48104, 97887
2026/07/08 14:32:40.495, 4, 33, 75516, 97887
2026/07/08 14:32:40.507, 5, 92, 75516, 97887
2026/07/08 14:32:40.521, 6, 94, 75526, 97887
2026/07/08 14:32:40.535, 7, 37, 75526, 97887
2026/07/08 14:32:41.552, 0, 0, 48704, 97887
2026/07/08 14:32:41.568, 1, 0, 48104, 97887
2026/07/08 14:32:41.583, 2, 0, 48104, 97887
2026/07/08 14:32:41.600, 3, 0, 48104, 97887
2026/07/08 14:32:41.616, 4, 51, 75516, 97887
2026/07/08 14:32:41.631, 5, 82, 75516, 97887
2026/07/08 14:32:41.648, 6, 15, 75526, 97887
2026/07/08 14:32:41.664, 7, 10, 75526, 97887
2026/07/08 14:32:42.681, 0, 0, 48704, 97887
2026/07/08 14:32:42.696, 1, 0, 48104, 97887
2026/07/08 14:32:42.712, 2, 0, 48104, 97887
2026/07/08 14:32:42.728, 3, 0, 48104, 97887
2026/07/08 14:32:42.742, 4, 49, 75516, 97887
2026/07/08 14:32:42.755, 5, 51, 75516, 97887
2026/07/08 14:32:42.772, 6, 55, 75526, 97887
2026/07/08 14:32:42.789, 7, 48, 75526, 97887
2026/07/08 14:32:43.805, 0, 0, 48704, 97887
2026/07/08 14:32:43.820, 1, 0, 48104, 97887
2026/07/08 14:32:43.835, 2, 0, 48104, 97887
2026/07/08 14:32:43.847, 3, 0, 48104, 97887
2026/07/08 14:32:43.860, 4, 35, 75516, 97887
2026/07/08 14:32:43.872, 5, 82, 75516, 97887
2026/07/08 14:32:43.886, 6, 63, 75526, 97887
2026/07/08 14:32:43.898, 7, 46, 75526, 97887
2026/07/08 14:32:44.911, 0, 0, 48704, 97887
2026/07/08 14:32:44.928, 1, 0, 48104, 97887
2026/07/08 14:32:44.941, 2, 0, 48104, 97887
2026/07/08 14:32:44.957, 3, 0, 48104, 97887
2026/07/08 14:32:44.975, 4, 37, 75516, 97887
2026/07/08 14:32:44.992, 5, 90, 75516, 97887
2026/07/08 14:32:45.006, 6, 88, 75526, 97887
2026/07/08 14:32:45.021, 7, 41, 75526, 97887
2026/07/08 14:32:46.038, 0, 0, 48704, 97887
2026/07/08 14:32:46.053, 1, 0, 48104, 97887
2026/07/08 14:32:46.064, 2, 0, 48104, 97887
2026/07/08 14:32:46.080, 3, 0, 48104, 97887
2026/07/08 14:32:46.094, 4, 40, 75516, 97887
2026/07/08 14:32:46.110, 5, 86, 75516, 97887
2026/07/08 14:32:46.127, 6, 82, 75526, 97887
2026/07/08 14:32:46.142, 7, 32, 75526, 97887
2026/07/08 14:32:47.159, 0, 0, 48704, 97887
2026/07/08 14:32:47.174, 1, 0, 48104, 97887
2026/07/08 14:32:47.190, 2, 0, 48104, 97887
2026/07/08 14:32:47.203, 3, 0, 48104, 97887
2026/07/08 14:32:47.216, 4, 30, 75516, 97887
2026/07/08 14:32:47.230, 5, 95, 75516, 97887
2026/07/08 14:32:47.244, 6, 90, 75526, 97887
2026/07/08 14:32:47.260, 7, 32, 75526, 97887
2026/07/08 14:32:48.275, 0, 0, 48704, 97887
2026/07/08 14:32:48.294, 1, 0, 48104, 97887
2026/07/08 14:32:48.313, 2, 0, 48104, 97887
2026/07/08 14:32:48.332, 3, 0, 48104, 97887
2026/07/08 14:32:48.349, 4, 36, 75516, 97887
2026/07/08 14:32:48.364, 5, 93, 75516, 97887
2026/07/08 14:32:48.380, 6, 36, 75526, 97887
2026/07/08 14:32:48.396, 7, 44, 75526, 97887
2026/07/08 14:32:49.413, 0, 0, 48704, 97887
2026/07/08 14:32:49.429, 1, 0, 48104, 97887
2026/07/08 14:32:49.444, 2, 0, 48104, 97887
2026/07/08 14:32:49.459, 3, 0, 48104, 97887
2026/07/08 14:32:49.474, 4, 40, 75516, 97887
2026/07/08 14:32:49.490, 5, 77, 75516, 97887
2026/07/08 14:32:49.505, 6, 91, 75526, 97887
2026/07/08 14:32:49.518, 7, 36, 75526, 97887
2026/07/08 14:32:50.529, 0, 0, 48704, 97887
2026/07/08 14:32:50.547, 1, 0, 48104, 97887
2026/07/08 14:32:50.563, 2, 0, 48104, 97887
2026/07/08 14:32:50.577, 3, 0, 48104, 97887
2026/07/08 14:32:50.591, 4, 50, 75516, 97887
2026/07/08 14:32:50.607, 5, 78, 75516, 97887
2026/07/08 14:32:50.621, 6, 83, 75526, 97887
2026/07/08 14:32:50.634, 7, 44, 75526, 97887
2026/07/08 14:32:51.651, 0, 0, 48704, 97887
2026/07/08 14:32:51.670, 1, 0, 48104, 97887
2026/07/08 14:32:51.686, 2, 0, 48104, 97887
2026/07/08 14:32:51.702, 3, 0, 48104, 97887
2026/07/08 14:32:51.718, 4, 31, 75516, 97887
2026/07/08 14:32:51.735, 5, 93, 75516, 97887
2026/07/08 14:32:51.751, 6, 57, 75526, 97887
2026/07/08 14:32:51.767, 7, 47, 75526, 97887
2026/07/08 14:32:52.785, 0, 0, 48704, 97887
2026/07/08 14:32:52.802, 1, 0, 48104, 97887
2026/07/08 14:32:52.819, 2, 0, 48104, 97887
2026/07/08 14:32:52.836, 3, 0, 48104, 97887
2026/07/08 14:32:52.852, 4, 36, 75516, 97887
2026/07/08 14:32:52.868, 5, 93, 75516, 97887
2026/07/08 14:32:52.884, 6, 93, 75526, 97887
2026/07/08 14:32:52.899, 7, 39, 75526, 97887
2026/07/08 14:32:53.914, 0, 0, 48704, 97887
2026/07/08 14:32:53.940, 1, 0, 48104, 97887
2026/07/08 14:32:53.958, 2, 0, 48104, 97887
2026/07/08 14:32:53.975, 3, 0, 48104, 97887
2026/07/08 14:32:53.993, 4, 44, 75516, 97887
2026/07/08 14:32:54.010, 5, 87, 75516, 97887
2026/07/08 14:32:54.027, 6, 65, 75526, 97887
2026/07/08 14:32:54.045, 7, 54, 75526, 97887
2026/07/08 14:32:55.058, 0, 0, 48704, 97887
2026/07/08 14:32:55.074, 1, 0, 48104, 97887
2026/07/08 14:32:55.086, 2, 0, 48104, 97887
2026/07/08 14:32:55.099, 3, 0, 48104, 97887
2026/07/08 14:32:55.112, 4, 36, 75516, 97887
2026/07/08 14:32:55.126, 5, 82, 75516, 97887
2026/07/08 14:32:55.140, 6, 66, 75526, 97887
2026/07/08 14:32:55.154, 7, 35, 75526, 97887
2026/07/08 14:32:56.170, 0, 0, 48704, 97887
2026/07/08 14:32:56.186, 1, 0, 48104, 97887
2026/07/08 14:32:56.202, 2, 0, 48104, 97887
2026/07/08 14:32:56.218, 3, 0, 48104, 97887
2026/07/08 14:32:56.231, 4, 26, 75516, 97887
2026/07/08 14:32:56.246, 5, 65, 75516, 97887
2026/07/08 14:32:56.261, 6, 96, 75526, 97887
2026/07/08 14:32:56.275, 7, 35, 75526, 97887
2026/07/08 14:32:57.288, 0, 0, 48704, 97887
2026/07/08 14:32:57.305, 1, 0, 48104, 97887
2026/07/08 14:32:57.320, 2, 0, 48104, 97887
2026/07/08 14:32:57.340, 3, 0, 48104, 97887
2026/07/08 14:32:57.357, 4, 36, 75516, 97887
2026/07/08 14:32:57.374, 5, 87, 75516, 97887
2026/07/08 14:32:57.390, 6, 77, 75526, 97887
2026/07/08 14:32:57.407, 7, 38, 75526, 97887
2026/07/08 14:32:58.422, 0, 0, 48704, 97887
2026/07/08 14:32:58.436, 1, 0, 48104, 97887
2026/07/08 14:32:58.451, 2, 0, 48104, 97887
2026/07/08 14:32:58.467, 3, 0, 48104, 97887
2026/07/08 14:32:58.483, 4, 51, 75516, 97887
2026/07/08 14:32:58.499, 5, 85, 75516, 97887
2026/07/08 14:32:58.514, 6, 95, 75526, 97887
2026/07/08 14:32:58.529, 7, 42, 75526, 97887
2026/07/08 14:32:59.546, 0, 0, 48704, 97887
2026/07/08 14:32:59.563, 1, 0, 48104, 97887
2026/07/08 14:32:59.581, 2, 0, 48104, 97887
2026/07/08 14:32:59.599, 3, 0, 48104, 97887
2026/07/08 14:32:59.617, 4, 35, 75516, 97887
2026/07/08 14:32:59.634, 5, 83, 75516, 97887
2026/07/08 14:32:59.650, 6, 65, 75526, 97887
2026/07/08 14:32:59.665, 7, 53, 75526, 97887
2026/07/08 14:33:00.680, 0, 0, 48704, 97887
2026/07/08 14:33:00.698, 1, 0, 48104, 97887
2026/07/08 14:33:00.714, 2, 0, 48104, 97887
2026/07/08 14:33:00.730, 3, 0, 48104, 97887
2026/07/08 14:33:00.747, 4, 35, 75516, 97887
2026/07/08 14:33:00.763, 5, 81, 75516, 97887
2026/07/08 14:33:00.781, 6, 52, 75526, 97887
2026/07/08 14:33:00.798, 7, 53, 75526, 97887
2026/07/08 14:33:01.816, 0, 0, 48704, 97887
2026/07/08 14:33:01.832, 1, 0, 48104, 97887
2026/07/08 14:33:01.867, 2, 0, 48104, 97887
2026/07/08 14:33:01.882, 3, 0, 48104, 97887
2026/07/08 14:33:01.898, 4, 52, 75516, 97887
2026/07/08 14:33:01.912, 5, 89, 75516, 97887
2026/07/08 14:33:01.927, 6, 61, 75526, 97887
2026/07/08 14:33:01.940, 7, 54, 75526, 97887
2026/07/08 14:33:02.953, 0, 0, 48704, 97887
2026/07/08 14:33:02.972, 1, 0, 48104, 97887
2026/07/08 14:33:02.986, 2, 0, 48104, 97887
2026/07/08 14:33:02.999, 3, 0, 48104, 97887
2026/07/08 14:33:03.015, 4, 38, 75516, 97887
2026/07/08 14:33:03.030, 5, 86, 75516, 97887
2026/07/08 14:33:03.044, 6, 41, 75526, 97887
2026/07/08 14:33:03.054, 7, 76, 75526, 97887
2026/07/08 14:33:04.068, 0, 0, 48704, 97887
2026/07/08 14:33:04.084, 1, 0, 48104, 97887
2026/07/08 14:33:04.100, 2, 0, 48104, 97887
2026/07/08 14:33:04.113, 3, 0, 48104, 97887
2026/07/08 14:33:04.120, 4, 32, 75516, 97887
2026/07/08 14:33:04.125, 5, 95, 75516, 97887
2026/07/08 14:33:04.132, 6, 57, 75526, 97887
2026/07/08 14:33:04.144, 7, 39, 75526, 97887
2026/07/08 14:33:05.153, 0, 0, 48704, 97887
2026/07/08 14:33:05.169, 1, 0, 48104, 97887
2026/07/08 14:33:05.183, 2, 0, 48104, 97887
2026/07/08 14:33:05.197, 3, 0, 48104, 97887
2026/07/08 14:33:05.212, 4, 57, 75516, 97887
2026/07/08 14:33:05.227, 5, 83, 75516, 97887
2026/07/08 14:33:05.242, 6, 68, 75526, 97887
2026/07/08 14:33:05.258, 7, 49, 75526, 97887
2026/07/08 14:33:06.274, 0, 0, 48704, 97887
2026/07/08 14:33:06.294, 1, 0, 48104, 97887
2026/07/08 14:33:06.310, 2, 0, 48104, 97887
2026/07/08 14:33:06.327, 3, 0, 48104, 97887
2026/07/08 14:33:06.343, 4, 31, 75516, 97887
2026/07/08 14:33:06.360, 5, 78, 75516, 97887
2026/07/08 14:33:06.377, 6, 79, 75526, 97887
2026/07/08 14:33:06.396, 7, 29, 75526, 97887
2026/07/08 14:33:07.413, 0, 0, 48704, 97887
2026/07/08 14:33:07.430, 1, 0, 48104, 97887
2026/07/08 14:33:07.447, 2, 0, 48104, 97887
2026/07/08 14:33:07.463, 3, 0, 48104, 97887
2026/07/08 14:33:07.476, 4, 31, 75516, 97887
2026/07/08 14:33:07.492, 5, 84, 75516, 97887
2026/07/08 14:33:07.508, 6, 91, 75526, 97887
2026/07/08 14:33:07.525, 7, 35, 75526, 97887
2026/07/08 14:33:08.542, 0, 0, 48704, 97887
2026/07/08 14:33:08.560, 1, 0, 48104, 97887
2026/07/08 14:33:08.574, 2, 0, 48104, 97887
2026/07/08 14:33:08.603, 3, 0, 48104, 97887
2026/07/08 14:33:08.623, 4, 39, 75516, 97887
2026/07/08 14:33:08.637, 5, 87, 75516, 97887
2026/07/08 14:33:08.654, 6, 77, 75526, 97887
2026/07/08 14:33:08.669, 7, 40, 75526, 97887
2026/07/08 14:33:09.687, 0, 0, 48704, 97887
2026/07/08 14:33:09.706, 1, 0, 48104, 97887
2026/07/08 14:33:09.726, 2, 0, 48104, 97887
2026/07/08 14:33:09.744, 3, 0, 48104, 97887
2026/07/08 14:33:09.761, 4, 39, 75516, 97887
2026/07/08 14:33:09.779, 5, 85, 75516, 97887
2026/07/08 14:33:09.796, 6, 65, 75526, 97887
2026/07/08 14:33:09.813, 7, 47, 75526, 97887
2026/07/08 14:33:10.827, 0, 0, 48704, 97887
2026/07/08 14:33:10.844, 1, 0, 48104, 97887
2026/07/08 14:33:10.858, 2, 0, 48104, 97887
2026/07/08 14:33:10.871, 3, 0, 48104, 97887
2026/07/08 14:33:10.886, 4, 48, 75516, 97887
2026/07/08 14:33:10.899, 5, 76, 75516, 97887
2026/07/08 14:33:10.917, 6, 37, 75526, 97887
2026/07/08 14:33:10.930, 7, 45, 75526, 97887
2026/07/08 14:33:11.945, 0, 0, 48704, 97887
2026/07/08 14:33:11.961, 1, 0, 48104, 97887
2026/07/08 14:33:11.975, 2, 0, 48104, 97887
2026/07/08 14:33:11.990, 3, 0, 48104, 97887
2026/07/08 14:33:12.005, 4, 44, 75516, 97887
2026/07/08 14:33:12.018, 5, 73, 75516, 97887
2026/07/08 14:33:12.032, 6, 96, 75526, 97887
2026/07/08 14:33:12.046, 7, 36, 75526, 97887
2026/07/08 14:33:13.059, 0, 0, 48704, 97887
2026/07/08 14:33:13.078, 1, 0, 48104, 97887
2026/07/08 14:33:13.094, 2, 0, 48104, 97887
2026/07/08 14:33:13.108, 3, 0, 48104, 97887
2026/07/08 14:33:13.125, 4, 38, 75516, 97887
2026/07/08 14:33:13.141, 5, 93, 75516, 97887
2026/07/08 14:33:13.157, 6, 89, 75526, 97887
2026/07/08 14:33:13.172, 7, 69, 75528, 97887
2026/07/08 14:33:14.193, 0, 0, 48704, 97887
2026/07/08 14:33:14.215, 1, 0, 48104, 97887
2026/07/08 14:33:14.237, 2, 0, 48104, 97887
2026/07/08 14:33:14.254, 3, 0, 48104, 97887
2026/07/08 14:33:14.273, 4, 45, 75516, 97887
2026/07/08 14:33:14.293, 5, 76, 75516, 97887
2026/07/08 14:33:14.308, 6, 90, 75526, 97887
2026/07/08 14:33:14.331, 7, 32, 75528, 97887
2026/07/08 14:33:15.351, 0, 0, 48704, 97887
2026/07/08 14:33:15.369, 1, 0, 48104, 97887
2026/07/08 14:33:15.386, 2, 0, 48104, 97887
2026/07/08 14:33:15.404, 3, 0, 48104, 97887
2026/07/08 14:33:15.420, 4, 46, 75516, 97887
2026/07/08 14:33:15.436, 5, 77, 75516, 97887
2026/07/08 14:33:15.448, 6, 78, 75526, 97887
2026/07/08 14:33:15.458, 7, 36, 75528, 97887
2026/07/08 14:33:16.471, 0, 0, 48704, 97887
2026/07/08 14:33:16.488, 1, 0, 48104, 97887
2026/07/08 14:33:16.505, 2, 0, 48104, 97887
2026/07/08 14:33:16.523, 3, 0, 48104, 97887
2026/07/08 14:33:16.538, 4, 41, 75516, 97887
2026/07/08 14:33:16.556, 5, 79, 75516, 97887
2026/07/08 14:33:16.571, 6, 93, 75526, 97887
2026/07/08 14:33:16.589, 7, 38, 75528, 97887
2026/07/08 14:33:17.604, 0, 0, 48704, 97887
2026/07/08 14:33:17.620, 1, 0, 48104, 97887
2026/07/08 14:33:17.632, 2, 0, 48104, 97887
2026/07/08 14:33:17.647, 3, 0, 48104, 97887
2026/07/08 14:33:17.662, 4, 50, 75516, 97887
2026/07/08 14:33:17.676, 5, 67, 75516, 97887
2026/07/08 14:33:17.689, 6, 66, 75526, 97887
2026/07/08 14:33:17.701, 7, 55, 75528, 97887
2026/07/08 14:33:18.715, 0, 0, 48704, 97887
2026/07/08 14:33:18.736, 1, 0, 48104, 97887
2026/07/08 14:33:18.754, 2, 0, 48104, 97887
2026/07/08 14:33:18.771, 3, 0, 48104, 97887
2026/07/08 14:33:18.788, 4, 37, 75516, 97887
2026/07/08 14:33:18.806, 5, 81, 75516, 97887
2026/07/08 14:33:18.823, 6, 51, 75526, 97887
2026/07/08 14:33:18.842, 7, 76, 75528, 97887
2026/07/08 14:33:19.858, 0, 0, 48704, 97887
2026/07/08 14:33:19.881, 1, 0, 48104, 97887
2026/07/08 14:33:19.897, 2, 0, 48104, 97887
2026/07/08 14:33:19.914, 3, 0, 48104, 97887
2026/07/08 14:33:19.935, 4, 35, 75516, 97887
2026/07/08 14:33:19.955, 5, 82, 75516, 97887
2026/07/08 14:33:19.975, 6, 42, 75526, 97887
2026/07/08 14:33:19.990, 7, 31, 75528, 97887
2026/07/08 14:33:21.005, 0, 0, 48704, 97887
2026/07/08 14:33:21.027, 1, 0, 48104, 97887
2026/07/08 14:33:21.046, 2, 0, 48104, 97887
2026/07/08 14:33:21.066, 3, 0, 48104, 97887
2026/07/08 14:33:21.085, 4, 29, 75516, 97887
2026/07/08 14:33:21.105, 5, 86, 75518, 97887
2026/07/08 14:33:21.123, 6, 92, 75526, 97887
2026/07/08 14:33:21.140, 7, 29, 75528, 97887
2026/07/08 14:33:22.154, 0, 0, 48704, 97887
2026/07/08 14:33:22.170, 1, 0, 48104, 97887
2026/07/08 14:33:22.187, 2, 0, 48104, 97887
2026/07/08 14:33:22.204, 3, 0, 48104, 97887
2026/07/08 14:33:22.223, 4, 40, 75516, 97887
2026/07/08 14:33:22.241, 5, 86, 75518, 97887
2026/07/08 14:33:22.262, 6, 60, 75526, 97887
2026/07/08 14:33:22.277, 7, 50, 75528, 97887
2026/07/08 14:33:23.294, 0, 0, 48704, 97887
2026/07/08 14:33:23.311, 1, 0, 48104, 97887
2026/07/08 14:33:23.324, 2, 0, 48104, 97887
2026/07/08 14:33:23.339, 3, 0, 48104, 97887
2026/07/08 14:33:23.355, 4, 32, 75516, 97887
2026/07/08 14:33:23.369, 5, 67, 75518, 97887
2026/07/08 14:33:23.384, 6, 79, 75526, 97887
2026/07/08 14:33:23.400, 7, 30, 75528, 97887
2026/07/08 14:33:24.418, 0, 0, 48704, 97887
2026/07/08 14:33:24.436, 1, 0, 48104, 97887
2026/07/08 14:33:24.452, 2, 0, 48104, 97887
2026/07/08 14:33:24.469, 3, 0, 48104, 97887
2026/07/08 14:33:24.487, 4, 34, 75516, 97887
2026/07/08 14:33:24.501, 5, 87, 75518, 97887
2026/07/08 14:33:24.515, 6, 96, 75526, 97887
2026/07/08 14:33:24.532, 7, 37, 75528, 97887
2026/07/08 14:33:25.550, 0, 0, 48704, 97887
2026/07/08 14:33:25.568, 1, 0, 48104, 97887
2026/07/08 14:33:25.583, 2, 0, 48104, 97887
2026/07/08 14:33:25.603, 3, 0, 48104, 97887
2026/07/08 14:33:25.621, 4, 30, 75516, 97887
2026/07/08 14:33:25.639, 5, 89, 75518, 97887
2026/07/08 14:33:25.656, 6, 91, 75526, 97887
2026/07/08 14:33:25.676, 7, 38, 75528, 97887
2026/07/08 14:33:26.693, 0, 0, 48704, 97887
2026/07/08 14:33:26.710, 1, 0, 48104, 97887
2026/07/08 14:33:26.725, 2, 0, 48104, 97887
2026/07/08 14:33:26.740, 3, 0, 48104, 97887
2026/07/08 14:33:26.756, 4, 35, 75516, 97887
2026/07/08 14:33:26.770, 5, 95, 75518, 97887
2026/07/08 14:33:26.789, 6, 68, 75526, 97887
2026/07/08 14:33:26.805, 7, 38, 75528, 97887
2026/07/08 14:33:27.817, 0, 0, 48704, 97887
2026/07/08 14:33:27.835, 1, 0, 48104, 97887
2026/07/08 14:33:27.850, 2, 0, 48104, 97887
2026/07/08 14:33:27.865, 3, 0, 48104, 97887
2026/07/08 14:33:27.880, 4, 34, 75516, 97887
2026/07/08 14:33:27.895, 5, 87, 75518, 97887
2026/07/08 14:33:27.911, 6, 85, 75526, 97887
2026/07/08 14:33:27.928, 7, 30, 75528, 97887
2026/07/08 14:33:28.946, 0, 0, 48704, 97887
2026/07/08 14:33:28.963, 1, 0, 48104, 97887
2026/07/08 14:33:28.980, 2, 0, 48104, 97887
2026/07/08 14:33:28.998, 3, 0, 48104, 97887
2026/07/08 14:33:29.017, 4, 42, 75516, 97887
2026/07/08 14:33:29.032, 5, 75, 75518, 97887
2026/07/08 14:33:29.049, 6, 88, 75526, 97887
2026/07/08 14:33:29.065, 7, 36, 75528, 97887
2026/07/08 14:33:30.079, 0, 0, 48704, 97887
2026/07/08 14:33:30.096, 1, 0, 48104, 97887
2026/07/08 14:33:30.112, 2, 0, 48104, 97887
2026/07/08 14:33:30.127, 3, 0, 48104, 97887
2026/07/08 14:33:30.143, 4, 38, 75516, 97887
2026/07/08 14:33:30.159, 5, 91, 75518, 97887
2026/07/08 14:33:30.174, 6, 79, 75526, 97887
2026/07/08 14:33:30.191, 7, 36, 75528, 97887
2026/07/08 14:33:31.205, 0, 0, 48704, 97887
2026/07/08 14:33:31.221, 1, 0, 48104, 97887
2026/07/08 14:33:31.236, 2, 0, 48104, 97887
2026/07/08 14:33:31.252, 3, 0, 48104, 97887
2026/07/08 14:33:31.266, 4, 31, 75516, 97887
2026/07/08 14:33:31.285, 5, 94, 75518, 97887
2026/07/08 14:33:31.299, 6, 82, 75526, 97887
2026/07/08 14:33:31.312, 7, 38, 75528, 97887
2026/07/08 14:33:32.326, 0, 0, 48704, 97887
2026/07/08 14:33:32.338, 1, 0, 48104, 97887
2026/07/08 14:33:32.349, 2, 0, 48104, 97887
2026/07/08 14:33:32.362, 3, 0, 48104, 97887
2026/07/08 14:33:32.372, 4, 28, 75516, 97887
2026/07/08 14:33:32.388, 5, 89, 75518, 97887
2026/07/08 14:33:32.408, 6, 77, 75526, 97887
2026/07/08 14:33:32.424, 7, 37, 75528, 97887
2026/07/08 14:33:33.441, 0, 0, 48704, 97887
2026/07/08 14:33:33.457, 1, 0, 48104, 97887
2026/07/08 14:33:33.471, 2, 0, 48104, 97887
2026/07/08 14:33:33.486, 3, 0, 48104, 97887
2026/07/08 14:33:33.500, 4, 33, 75516, 97887
2026/07/08 14:33:33.517, 5, 93, 75518, 97887
2026/07/08 14:33:33.533, 6, 35, 75526, 97887
2026/07/08 14:33:33.550, 7, 67, 75528, 97887
2026/07/08 14:33:34.567, 0, 0, 48704, 97887
2026/07/08 14:33:34.583, 1, 0, 48104, 97887
2026/07/08 14:33:34.598, 2, 0, 48104, 97887
2026/07/08 14:33:34.615, 3, 0, 48104, 97887
2026/07/08 14:33:34.628, 4, 43, 75516, 97887
2026/07/08 14:33:34.640, 5, 88, 75518, 97887
2026/07/08 14:33:34.652, 6, 40, 75526, 97887
2026/07/08 14:33:34.665, 7, 70, 75528, 97887
2026/07/08 14:33:35.680, 0, 0, 48704, 97887
2026/07/08 14:33:35.695, 1, 0, 48104, 97887
2026/07/08 14:33:35.715, 2, 0, 48104, 97887
2026/07/08 14:33:35.732, 3, 0, 48104, 97887
2026/07/08 14:33:35.749, 4, 29, 75516, 97887
2026/07/08 14:33:35.768, 5, 90, 75518, 97887
2026/07/08 14:33:35.788, 6, 39, 75526, 97887
2026/07/08 14:33:35.807, 7, 58, 75528, 97887
2026/07/08 14:33:36.825, 0, 0, 48704, 97887
2026/07/08 14:33:36.840, 1, 0, 48104, 97887
2026/07/08 14:33:36.853, 2, 0, 48104, 97887
2026/07/08 14:33:36.868, 3, 0, 48104, 97887
2026/07/08 14:33:36.883, 4, 37, 75516, 97887
2026/07/08 14:33:36.899, 5, 93, 75518, 97887
2026/07/08 14:33:36.915, 6, 59, 75526, 97887
2026/07/08 14:33:36.932, 7, 44, 75528, 97887
2026/07/08 14:33:37.951, 0, 0, 48704, 97887
2026/07/08 14:33:37.972, 1, 0, 48104, 97887
2026/07/08 14:33:37.989, 2, 0, 48104, 97887
2026/07/08 14:33:38.004, 3, 0, 48104, 97887
2026/07/08 14:33:38.022, 4, 36, 75516, 97887
2026/07/08 14:33:38.038, 5, 92, 75518, 97887
2026/07/08 14:33:38.056, 6, 74, 75526, 97887
2026/07/08 14:33:38.068, 7, 31, 75528, 97887
2026/07/08 14:33:39.083, 0, 0, 48704, 97887
2026/07/08 14:33:39.100, 1, 0, 48104, 97887
2026/07/08 14:33:39.114, 2, 0, 48104, 97887
2026/07/08 14:33:39.130, 3, 0, 48104, 97887
2026/07/08 14:33:39.145, 4, 32, 75516, 97887
2026/07/08 14:33:39.162, 5, 86, 75518, 97887
2026/07/08 14:33:39.179, 6, 31, 75526, 97887
2026/07/08 14:33:39.196, 7, 55, 75528, 97887
2026/07/08 14:33:40.211, 0, 0, 48704, 97887
2026/07/08 14:33:40.229, 1, 0, 48104, 97887
2026/07/08 14:33:40.246, 2, 0, 48104, 97887
2026/07/08 14:33:40.264, 3, 0, 48104, 97887
2026/07/08 14:33:40.284, 4, 46, 75516, 97887
2026/07/08 14:33:40.301, 5, 76, 75518, 97887
2026/07/08 14:33:40.317, 6, 44, 75528, 97887
2026/07/08 14:33:40.334, 7, 76, 75528, 97887
2026/07/08 14:33:41.352, 0, 0, 48704, 97887
2026/07/08 14:33:41.373, 1, 0, 48104, 97887
2026/07/08 14:33:41.392, 2, 0, 48104, 97887
2026/07/08 14:33:41.410, 3, 0, 48104, 97887
2026/07/08 14:33:41.429, 4, 44, 75516, 97887
2026/07/08 14:33:41.444, 5, 93, 75518, 97887
2026/07/08 14:33:41.463, 6, 40, 75528, 97887
2026/07/08 14:33:41.479, 7, 74, 75528, 97887
2026/07/08 14:33:42.496, 0, 0, 48704, 97887
2026/07/08 14:33:42.514, 1, 0, 48104, 97887
2026/07/08 14:33:42.527, 2, 0, 48104, 97887
2026/07/08 14:33:42.541, 3, 0, 48104, 97887
2026/07/08 14:33:42.555, 4, 77, 75516, 97887
2026/07/08 14:33:42.566, 5, 25, 75518, 97887
2026/07/08 14:33:42.579, 6, 80, 75528, 97887
2026/07/08 14:33:42.593, 7, 42, 75528, 97887
2026/07/08 14:33:43.606, 0, 0, 48704, 97887
2026/07/08 14:33:43.624, 1, 0, 48104, 97887
2026/07/08 14:33:43.640, 2, 0, 48104, 97887
2026/07/08 14:33:43.660, 3, 0, 48104, 97887
2026/07/08 14:33:43.677, 4, 39, 75516, 97887
2026/07/08 14:33:43.693, 5, 59, 75518, 97887
2026/07/08 14:33:43.710, 6, 35, 75528, 97887
2026/07/08 14:33:43.728, 7, 92, 75528, 97887
2026/07/08 14:33:44.745, 0, 0, 48704, 97887
2026/07/08 14:33:44.760, 1, 0, 48104, 97887
2026/07/08 14:33:44.776, 2, 0, 48104, 97887
2026/07/08 14:33:44.791, 3, 0, 48104, 97887
2026/07/08 14:33:44.808, 4, 31, 75516, 97887
2026/07/08 14:33:44.824, 5, 44, 75518, 97887
2026/07/08 14:33:44.839, 6, 92, 75528, 97887
2026/07/08 14:33:44.851, 7, 34, 75528, 97887
2026/07/08 14:33:45.870, 0, 0, 48704, 97887
2026/07/08 14:33:45.887, 1, 0, 48104, 97887
2026/07/08 14:33:45.901, 2, 0, 48104, 97887
2026/07/08 14:33:45.917, 3, 0, 48104, 97887
2026/07/08 14:33:45.931, 4, 69, 75516, 97887
2026/07/08 14:33:45.946, 5, 39, 75518, 97887
2026/07/08 14:33:45.960, 6, 43, 75528, 97887
2026/07/08 14:33:45.976, 7, 66, 75528, 97887
2026/07/08 14:33:46.992, 0, 0, 48704, 97887
2026/07/08 14:33:47.011, 1, 0, 48104, 97887
2026/07/08 14:33:47.028, 2, 0, 48104, 97887
2026/07/08 14:33:47.044, 3, 0, 48104, 97887
2026/07/08 14:33:47.059, 4, 68, 75516, 97887
2026/07/08 14:33:47.075, 5, 55, 75518, 97887
2026/07/08 14:33:47.088, 6, 30, 75528, 97887
2026/07/08 14:33:47.103, 7, 71, 75528, 97887
2026/07/08 14:33:48.118, 0, 0, 48704, 97887
2026/07/08 14:33:48.134, 1, 0, 48104, 97887
2026/07/08 14:33:48.152, 2, 0, 48104, 97887
2026/07/08 14:33:48.169, 3, 0, 48104, 97887
2026/07/08 14:33:48.185, 4, 88, 75516, 97887
2026/07/08 14:33:48.200, 5, 36, 75518, 97887
2026/07/08 14:33:48.215, 6, 67, 75528, 97887
2026/07/08 14:33:48.229, 7, 51, 75528, 97887
2026/07/08 14:33:49.242, 0, 0, 48704, 97887
2026/07/08 14:33:49.258, 1, 0, 48104, 97887
2026/07/08 14:33:49.271, 2, 0, 48104, 97887
2026/07/08 14:33:49.288, 3, 0, 48104, 97887
2026/07/08 14:33:49.305, 4, 48, 75516, 97887
2026/07/08 14:33:49.322, 5, 73, 75518, 97887
2026/07/08 14:33:49.335, 6, 74, 75528, 97887
2026/07/08 14:33:49.354, 7, 45, 75528, 97887
2026/07/08 14:33:50.374, 0, 0, 48704, 97887
2026/07/08 14:33:50.391, 1, 0, 48104, 97887
2026/07/08 14:33:50.408, 2, 0, 48104, 97887
2026/07/08 14:33:50.426, 3, 0, 48104, 97887
2026/07/08 14:33:50.441, 4, 41, 75516, 97887
2026/07/08 14:33:50.456, 5, 72, 75518, 97887
2026/07/08 14:33:50.471, 6, 62, 75528, 97887
2026/07/08 14:33:50.488, 7, 66, 75528, 97887
2026/07/08 14:33:51.504, 0, 0, 48704, 97887
2026/07/08 14:33:51.519, 1, 0, 48104, 97887
2026/07/08 14:33:51.534, 2, 0, 48104, 97887
2026/07/08 14:33:51.551, 3, 0, 48104, 97887
2026/07/08 14:33:51.568, 4, 44, 75516, 97887
2026/07/08 14:33:51.586, 5, 78, 75518, 97887
2026/07/08 14:33:51.602, 6, 35, 75528, 97887
2026/07/08 14:33:51.616, 7, 74, 75528, 97887
2026/07/08 14:33:52.632, 0, 0, 48704, 97887
2026/07/08 14:33:52.651, 1, 0, 48104, 97887
2026/07/08 14:33:52.668, 2, 0, 48104, 97887
2026/07/08 14:33:52.681, 3, 0, 48104, 97887
2026/07/08 14:33:52.694, 4, 45, 75516, 97887
2026/07/08 14:33:52.710, 5, 45, 75518, 97887
2026/07/08 14:33:52.724, 6, 63, 75528, 97887
2026/07/08 14:33:52.753, 7, 41, 75528, 97887
2026/07/08 14:33:53.774, 0, 0, 48704, 97887
2026/07/08 14:33:53.790, 1, 0, 48104, 97887
2026/07/08 14:33:53.803, 2, 0, 48104, 97887
2026/07/08 14:33:53.814, 3, 0, 48104, 97887
2026/07/08 14:33:53.827, 4, 39, 75516, 97887
2026/07/08 14:33:53.841, 5, 75, 75518, 97887
2026/07/08 14:33:53.856, 6, 55, 75528, 97887
2026/07/08 14:33:53.870, 7, 63, 75528, 97887
2026/07/08 14:33:54.887, 0, 0, 48704, 97887
2026/07/08 14:33:54.903, 1, 0, 48104, 97887
2026/07/08 14:33:54.919, 2, 0, 48104, 97887
2026/07/08 14:33:54.932, 3, 0, 48104, 97887
2026/07/08 14:33:54.945, 4, 88, 75516, 97887
2026/07/08 14:33:54.958, 5, 40, 75518, 97887
2026/07/08 14:33:54.970, 6, 43, 75528, 97887
2026/07/08 14:33:54.981, 7, 63, 75528, 97887
2026/07/08 14:33:55.993, 0, 0, 48704, 97887
2026/07/08 14:33:56.006, 1, 0, 48104, 97887
2026/07/08 14:33:56.022, 2, 0, 48104, 97887
2026/07/08 14:33:56.038, 3, 0, 48104, 97887
2026/07/08 14:33:56.055, 4, 66, 75516, 97887
2026/07/08 14:33:56.071, 5, 45, 75518, 97887
2026/07/08 14:33:56.088, 6, 38, 75528, 97887
2026/07/08 14:33:56.104, 7, 83, 75528, 97887
2026/07/08 14:33:57.116, 0, 0, 48704, 97887
2026/07/08 14:33:57.128, 1, 0, 48104, 97887
2026/07/08 14:33:57.140, 2, 0, 48104, 97887
2026/07/08 14:33:57.156, 3, 0, 48104, 97887
2026/07/08 14:33:57.171, 4, 36, 75516, 97887
2026/07/08 14:33:57.185, 5, 11, 75518, 97887
2026/07/08 14:33:57.199, 6, 41, 75528, 97887
2026/07/08 14:33:57.215, 7, 85, 75528, 97887
2026/07/08 14:33:58.231, 0, 0, 48704, 97887
2026/07/08 14:33:58.246, 1, 0, 48104, 97887
2026/07/08 14:33:58.272, 2, 0, 48104, 97887
2026/07/08 14:33:58.301, 3, 0, 48104, 97887
2026/07/08 14:33:58.324, 4, 41, 75516, 97887
2026/07/08 14:33:58.343, 5, 46, 75518, 97887
2026/07/08 14:33:58.361, 6, 30, 75528, 97887
2026/07/08 14:33:58.379, 7, 86, 75528, 97887
2026/07/08 14:33:59.396, 0, 0, 48704, 97887
2026/07/08 14:33:59.411, 1, 0, 48104, 97887
2026/07/08 14:33:59.423, 2, 0, 48104, 97887
2026/07/08 14:33:59.437, 3, 0, 48104, 97887
2026/07/08 14:33:59.452, 4, 41, 75516, 97887
2026/07/08 14:33:59.465, 5, 69, 75518, 97887
2026/07/08 14:33:59.479, 6, 70, 75528, 97887
2026/07/08 14:33:59.493, 7, 39, 75528, 97887
2026/07/08 14:34:00.508, 0, 0, 48704, 97887
2026/07/08 14:34:00.523, 1, 0, 48104, 97887
2026/07/08 14:34:00.539, 2, 0, 48104, 97887
2026/07/08 14:34:00.551, 3, 0, 48104, 97887
2026/07/08 14:34:00.565, 4, 48, 75518, 97887
2026/07/08 14:34:00.579, 5, 48, 75518, 97887
2026/07/08 14:34:00.595, 6, 23, 75528, 97887
2026/07/08 14:34:00.610, 7, 68, 75528, 97887
2026/07/08 14:34:01.624, 0, 0, 48704, 97887
2026/07/08 14:34:01.643, 1, 0, 48104, 97887
2026/07/08 14:34:01.657, 2, 0, 48104, 97887
2026/07/08 14:34:01.671, 3, 0, 48104, 97887
2026/07/08 14:34:01.688, 4, 43, 75518, 97887
2026/07/08 14:34:01.703, 5, 83, 75518, 97887
2026/07/08 14:34:01.714, 6, 70, 75528, 97887
2026/07/08 14:34:01.726, 7, 46, 75528, 97887
2026/07/08 14:34:02.743, 0, 0, 48704, 97887
2026/07/08 14:34:02.754, 1, 0, 48104, 97887
2026/07/08 14:34:02.770, 2, 0, 48104, 97887
2026/07/08 14:34:02.785, 3, 0, 48104, 97887
2026/07/08 14:34:02.802, 4, 41, 75518, 97887
2026/07/08 14:34:02.816, 5, 85, 75518, 97887
2026/07/08 14:34:02.832, 6, 45, 75528, 97887
2026/07/08 14:34:02.847, 7, 22, 75528, 97887
2026/07/08 14:34:03.863, 0, 0, 48704, 97887
2026/07/08 14:34:03.882, 1, 0, 48104, 97887
2026/07/08 14:34:03.895, 2, 0, 48104, 97887
2026/07/08 14:34:03.913, 3, 0, 48104, 97887
2026/07/08 14:34:03.929, 4, 32, 75518, 97887
2026/07/08 14:34:03.944, 5, 78, 75518, 97887
2026/07/08 14:34:03.965, 6, 29, 75528, 97887
2026/07/08 14:34:03.984, 7, 57, 75528, 97887
2026/07/08 14:34:05.007, 0, 0, 48704, 97887
2026/07/08 14:34:05.023, 1, 0, 48104, 97887
2026/07/08 14:34:05.036, 2, 0, 48104, 97887
2026/07/08 14:34:05.048, 3, 0, 48104, 97887
2026/07/08 14:34:05.061, 4, 53, 75518, 97887
2026/07/08 14:34:05.076, 5, 40, 75518, 97887
2026/07/08 14:34:05.091, 6, 29, 75528, 97887
2026/07/08 14:34:05.108, 7, 81, 75528, 97887
2026/07/08 14:34:06.124, 0, 0, 48704, 97887
2026/07/08 14:34:06.141, 1, 0, 48104, 97887
2026/07/08 14:34:06.158, 2, 0, 48104, 97887
2026/07/08 14:34:06.174, 3, 0, 48104, 97887
2026/07/08 14:34:06.190, 4, 54, 75518, 97887
2026/07/08 14:34:06.207, 5, 63, 75518, 97887
2026/07/08 14:34:06.223, 6, 25, 75528, 97887
2026/07/08 14:34:06.237, 7, 59, 75528, 97887
2026/07/08 14:34:07.253, 0, 0, 48704, 97887
2026/07/08 14:34:07.272, 1, 0, 48104, 97887
2026/07/08 14:34:07.288, 2, 0, 48104, 97887
2026/07/08 14:34:07.306, 3, 0, 48104, 97887
2026/07/08 14:34:07.326, 4, 56, 75518, 97887
2026/07/08 14:34:07.343, 5, 55, 75518, 97887
2026/07/08 14:34:07.361, 6, 29, 75528, 97887
2026/07/08 14:34:07.378, 7, 77, 75528, 97887
2026/07/08 14:34:08.395, 0, 0, 48704, 97887
2026/07/08 14:34:08.413, 1, 0, 48104, 97887
2026/07/08 14:34:08.430, 2, 0, 48104, 97887
2026/07/08 14:34:08.448, 3, 0, 48104, 97887
2026/07/08 14:34:08.467, 4, 41, 75518, 97887
2026/07/08 14:34:08.483, 5, 77, 75518, 97887
2026/07/08 14:34:08.501, 6, 32, 75528, 97887
2026/07/08 14:34:08.516, 7, 69, 75528, 97887
2026/07/08 14:34:09.532, 0, 0, 48704, 97887
2026/07/08 14:34:09.552, 1, 0, 48104, 97887
2026/07/08 14:34:09.568, 2, 0, 48104, 97887
2026/07/08 14:34:09.586, 3, 0, 48104, 97887
2026/07/08 14:34:09.604, 4, 80, 75518, 97887
2026/07/08 14:34:09.620, 5, 70, 75518, 97887
2026/07/08 14:34:09.635, 6, 38, 75528, 97887
2026/07/08 14:34:09.651, 7, 61, 75528, 97887
2026/07/08 14:34:10.665, 0, 0, 48704, 97887
2026/07/08 14:34:10.680, 1, 0, 48104, 97887
2026/07/08 14:34:10.696, 2, 0, 48104, 97887
2026/07/08 14:34:10.712, 3, 0, 48104, 97887
2026/07/08 14:34:10.727, 4, 39, 75518, 97887
2026/07/08 14:34:10.742, 5, 62, 75518, 97887
2026/07/08 14:34:10.758, 6, 36, 75528, 97887
2026/07/08 14:34:10.772, 7, 47, 75528, 97887
2026/07/08 14:34:11.788, 0, 0, 48704, 97887
2026/07/08 14:34:11.804, 1, 0, 48104, 97887
2026/07/08 14:34:11.819, 2, 0, 48104, 97887
2026/07/08 14:34:11.835, 3, 0, 48104, 97887
2026/07/08 14:34:11.849, 4, 40, 75518, 97887
2026/07/08 14:34:11.864, 5, 77, 75518, 97887
2026/07/08 14:34:11.878, 6, 45, 75528, 97887
2026/07/08 14:34:11.893, 7, 51, 75528, 97887
2026/07/08 14:34:12.910, 0, 0, 48704, 97887
2026/07/08 14:34:12.926, 1, 0, 48104, 97887
2026/07/08 14:34:12.941, 2, 0, 48104, 97887
2026/07/08 14:34:12.957, 3, 0, 48104, 97887
2026/07/08 14:34:12.972, 4, 63, 75518, 97887
2026/07/08 14:34:12.989, 5, 65, 75518, 97887
2026/07/08 14:34:13.003, 6, 29, 75528, 97887
2026/07/08 14:34:13.019, 7, 68, 75528, 97887
2026/07/08 14:34:14.035, 0, 0, 48704, 97887
2026/07/08 14:34:14.054, 1, 0, 48104, 97887
2026/07/08 14:34:14.069, 2, 0, 48104, 97887
2026/07/08 14:34:14.080, 3, 0, 48104, 97887
2026/07/08 14:34:14.092, 4, 0, 75518, 97887
2026/07/08 14:34:14.104, 5, 9, 75518, 97887
2026/07/08 14:34:14.118, 6, 6, 75528, 97887
2026/07/08 14:34:14.134, 7, 36, 75528, 97887
2026/07/08 14:34:15.148, 0, 0, 48704, 97887
2026/07/08 14:34:15.165, 1, 0, 48104, 97887
2026/07/08 14:34:15.180, 2, 0, 48104, 97887
2026/07/08 14:34:15.196, 3, 0, 48104, 97887
2026/07/08 14:34:15.213, 4, 29, 75518, 97887
2026/07/08 14:34:15.231, 5, 55, 75518, 97887
2026/07/08 14:34:15.250, 6, 0, 75528, 97887
2026/07/08 14:34:15.266, 7, 0, 75528, 97887
2026/07/08 14:34:16.283, 0, 0, 48704, 97887
2026/07/08 14:34:16.299, 1, 0, 48104, 97887
2026/07/08 14:34:16.316, 2, 0, 48104, 97887
2026/07/08 14:34:16.330, 3, 0, 48104, 97887
2026/07/08 14:34:16.343, 4, 43, 75518, 97887
2026/07/08 14:34:16.354, 5, 76, 75518, 97887
2026/07/08 14:34:16.368, 6, 41, 75528, 97887
2026/07/08 14:34:16.382, 7, 27, 75528, 97887
2026/07/08 14:34:17.397, 0, 0, 48704, 97887
2026/07/08 14:34:17.414, 1, 0, 48104, 97887
2026/07/08 14:34:17.430, 2, 0, 48104, 97887
2026/07/08 14:34:17.448, 3, 0, 48104, 97887
2026/07/08 14:34:17.463, 4, 52, 75518, 97887
2026/07/08 14:34:17.480, 5, 69, 75518, 97887
2026/07/08 14:34:17.496, 6, 36, 75528, 97887
2026/07/08 14:34:17.511, 7, 55, 75528, 97887
2026/07/08 14:34:18.526, 0, 0, 48704, 97887
2026/07/08 14:34:18.544, 1, 0, 48104, 97887
2026/07/08 14:34:18.562, 2, 0, 48104, 97887
2026/07/08 14:34:18.578, 3, 0, 48104, 97887
2026/07/08 14:34:18.595, 4, 46, 75518, 97887
2026/07/08 14:34:18.611, 5, 82, 75518, 97887
2026/07/08 14:34:18.628, 6, 28, 75528, 97887
2026/07/08 14:34:18.645, 7, 46, 75528, 97887
2026/07/08 14:34:19.661, 0, 0, 48704, 97887
2026/07/08 14:34:19.677, 1, 0, 48104, 97887
2026/07/08 14:34:19.691, 2, 0, 48104, 97887
2026/07/08 14:34:19.705, 3, 0, 48104, 97887
2026/07/08 14:34:19.720, 4, 42, 75518, 97887
2026/07/08 14:34:19.735, 5, 83, 75518, 97887
2026/07/08 14:34:19.750, 6, 50, 75528, 97887
2026/07/08 14:34:19.769, 7, 24, 75528, 97887
2026/07/08 14:34:20.785, 0, 0, 48704, 97887
2026/07/08 14:34:20.802, 1, 0, 48104, 97887
2026/07/08 14:34:20.815, 2, 0, 48104, 97887
2026/07/08 14:34:20.827, 3, 0, 48104, 97887
2026/07/08 14:34:20.839, 4, 36, 75518, 97887
2026/07/08 14:34:20.853, 5, 71, 75518, 97887
2026/07/08 14:34:20.869, 6, 75, 75528, 97887
2026/07/08 14:34:20.883, 7, 30, 75528, 97887
2026/07/08 14:34:21.902, 0, 0, 48704, 97887
2026/07/08 14:34:21.921, 1, 0, 48104, 97887
2026/07/08 14:34:21.937, 2, 0, 48104, 97887
2026/07/08 14:34:21.954, 3, 0, 48104, 97887
2026/07/08 14:34:21.970, 4, 38, 75518, 97887
2026/07/08 14:34:21.985, 5, 89, 75518, 97887
2026/07/08 14:34:22.001, 6, 62, 75528, 97887
2026/07/08 14:34:22.016, 7, 28, 75528, 97887
2026/07/08 14:34:23.032, 0, 0, 48704, 97887
2026/07/08 14:34:23.048, 1, 0, 48104, 97887
2026/07/08 14:34:23.061, 2, 0, 48104, 97887
2026/07/08 14:34:23.075, 3, 0, 48104, 97887
2026/07/08 14:34:23.089, 4, 68, 75518, 97887
2026/07/08 14:34:23.102, 5, 79, 75518, 97887
2026/07/08 14:34:23.115, 6, 60, 75528, 97887
2026/07/08 14:34:23.128, 7, 32, 75528, 97887
2026/07/08 14:34:24.141, 0, 0, 48704, 97887
2026/07/08 14:34:24.158, 1, 0, 48104, 97887
2026/07/08 14:34:24.173, 2, 0, 48104, 97887
2026/07/08 14:34:24.188, 3, 0, 48104, 97887
2026/07/08 14:34:24.202, 4, 77, 75518, 97887
2026/07/08 14:34:24.218, 5, 80, 75518, 97887
2026/07/08 14:34:24.233, 6, 31, 75528, 97887
2026/07/08 14:34:24.247, 7, 48, 75528, 97887
2026/07/08 14:34:25.262, 0, 0, 48704, 97887
2026/07/08 14:34:25.278, 1, 0, 48104, 97887
2026/07/08 14:34:25.291, 2, 0, 48104, 97887
2026/07/08 14:34:25.304, 3, 0, 48104, 97887
2026/07/08 14:34:25.316, 4, 18, 75518, 97887
2026/07/08 14:34:25.324, 5, 12, 75518, 97887
2026/07/08 14:34:25.334, 6, 59, 75528, 97887
2026/07/08 14:34:25.344, 7, 33, 75528, 97887
2026/07/08 14:34:26.356, 0, 0, 48704, 97887
2026/07/08 14:34:26.373, 1, 0, 48104, 97887
2026/07/08 14:34:26.389, 2, 0, 48104, 97887
2026/07/08 14:34:26.406, 3, 0, 48104, 97887
2026/07/08 14:34:26.421, 4, 49, 75518, 97887
2026/07/08 14:34:26.436, 5, 44, 75518, 97887
2026/07/08 14:34:26.453, 6, 48, 75528, 97887
2026/07/08 14:34:26.469, 7, 66, 75528, 97887
2026/07/08 14:34:27.485, 0, 0, 48704, 97887
2026/07/08 14:34:27.503, 1, 0, 48104, 97887
2026/07/08 14:34:27.517, 2, 0, 48104, 97887
2026/07/08 14:34:27.531, 3, 0, 48104, 97887
2026/07/08 14:34:27.545, 4, 35, 75518, 97887
2026/07/08 14:34:27.557, 5, 59, 75518, 97887
2026/07/08 14:34:27.569, 6, 35, 75528, 97887
2026/07/08 14:34:27.583, 7, 78, 75528, 97887
2026/07/08 14:34:28.599, 0, 0, 48704, 97887
2026/07/08 14:34:28.615, 1, 0, 48104, 97887
2026/07/08 14:34:28.632, 2, 0, 48104, 97887
2026/07/08 14:34:28.645, 3, 0, 48104, 97887
2026/07/08 14:34:28.661, 4, 74, 75518, 97887
2026/07/08 14:34:28.677, 5, 69, 75518, 97887
2026/07/08 14:34:28.695, 6, 59, 75528, 97887
2026/07/08 14:34:28.713, 7, 43, 75528, 97887
2026/07/08 14:34:29.728, 0, 0, 48704, 97887
2026/07/08 14:34:29.746, 1, 0, 48104, 97887
2026/07/08 14:34:29.762, 2, 0, 48104, 97887
2026/07/08 14:34:29.777, 3, 0, 48104, 97887
2026/07/08 14:34:29.791, 4, 35, 75518, 97887
2026/07/08 14:34:29.800, 5, 43, 75518, 97887
2026/07/08 14:34:29.809, 6, 34, 75528, 97887
2026/07/08 14:34:29.822, 7, 62, 75528, 97887
2026/07/08 14:34:30.837, 0, 0, 48704, 97887
2026/07/08 14:34:30.849, 1, 0, 48104, 97887
2026/07/08 14:34:30.861, 2, 0, 48104, 97887
2026/07/08 14:34:30.872, 3, 0, 48104, 97887
2026/07/08 14:34:30.882, 4, 74, 75518, 97887
2026/07/08 14:34:30.895, 5, 38, 75518, 97887
2026/07/08 14:34:30.908, 6, 68, 75528, 97887
2026/07/08 14:34:30.921, 7, 29, 75528, 97887
2026/07/08 14:34:31.934, 0, 0, 48704, 97887
2026/07/08 14:34:31.952, 1, 0, 48104, 97887
2026/07/08 14:34:31.967, 2, 0, 48104, 97887
2026/07/08 14:34:31.978, 3, 0, 48104, 97887
2026/07/08 14:34:31.991, 4, 77, 75518, 97887
2026/07/08 14:34:32.005, 5, 34, 75518, 97887
2026/07/08 14:34:32.020, 6, 95, 75528, 97887
2026/07/08 14:34:32.036, 7, 20, 75528, 97887
2026/07/08 14:34:33.049, 0, 0, 48704, 97887
2026/07/08 14:34:33.064, 1, 0, 48104, 97887
2026/07/08 14:34:33.078, 2, 0, 48104, 97887
2026/07/08 14:34:33.088, 3, 0, 48104, 97887
2026/07/08 14:34:33.097, 4, 69, 75518, 97887
2026/07/08 14:34:33.104, 5, 41, 75518, 97887
2026/07/08 14:34:33.113, 6, 55, 75528, 97887
2026/07/08 14:34:33.125, 7, 46, 75528, 97887
2026/07/08 14:34:34.141, 0, 0, 48704, 97887
2026/07/08 14:34:34.154, 1, 0, 48104, 97887
2026/07/08 14:34:34.170, 2, 0, 48104, 97887
2026/07/08 14:34:34.186, 3, 0, 48104, 97887
2026/07/08 14:34:34.202, 4, 69, 75518, 97887
2026/07/08 14:34:34.218, 5, 34, 75518, 97887
2026/07/08 14:34:34.235, 6, 50, 75528, 97887
2026/07/08 14:34:34.251, 7, 22, 75528, 97887
2026/07/08 14:34:35.266, 0, 0, 48704, 97887
2026/07/08 14:34:35.281, 1, 0, 48104, 97887
2026/07/08 14:34:35.294, 2, 0, 48104, 97887
2026/07/08 14:34:35.310, 3, 0, 48104, 97887
2026/07/08 14:34:35.326, 4, 62, 75518, 97887
2026/07/08 14:34:35.339, 5, 41, 75518, 97887
2026/07/08 14:34:35.354, 6, 76, 75528, 97887
2026/07/08 14:34:35.368, 7, 31, 75528, 97887
2026/07/08 14:34:36.380, 0, 0, 48704, 97887
2026/07/08 14:34:36.398, 1, 0, 48104, 97887
2026/07/08 14:34:36.413, 2, 0, 48104, 97887
2026/07/08 14:34:36.428, 3, 0, 48104, 97887
2026/07/08 14:34:36.445, 4, 45, 75518, 97887
2026/07/08 14:34:36.463, 5, 35, 75518, 97887
2026/07/08 14:34:36.480, 6, 41, 75528, 97887
2026/07/08 14:34:36.495, 7, 43, 75528, 97887
2026/07/08 14:34:37.511, 0, 0, 48704, 97887
2026/07/08 14:34:37.531, 1, 0, 48104, 97887
2026/07/08 14:34:37.548, 2, 0, 48104, 97887
2026/07/08 14:34:37.568, 3, 0, 48104, 97887
2026/07/08 14:34:37.586, 4, 92, 75518, 97887
2026/07/08 14:34:37.604, 5, 35, 75518, 97887
2026/07/08 14:34:37.623, 6, 77, 75528, 97887
2026/07/08 14:34:37.641, 7, 25, 75528, 97887
2026/07/08 14:34:38.659, 0, 0, 48704, 97887
2026/07/08 14:34:38.676, 1, 0, 48104, 97887
2026/07/08 14:34:38.690, 2, 0, 48104, 97887
2026/07/08 14:34:38.706, 3, 0, 48104, 97887
2026/07/08 14:34:38.721, 4, 88, 75518, 97887
2026/07/08 14:34:38.735, 5, 31, 75518, 97887
2026/07/08 14:34:38.749, 6, 61, 75528, 97887
2026/07/08 14:34:38.765, 7, 21, 75528, 97887
2026/07/08 14:34:39.780, 0, 0, 48704, 97887
2026/07/08 14:34:39.795, 1, 0, 48104, 97887
2026/07/08 14:34:39.812, 2, 0, 48104, 97887
2026/07/08 14:34:39.829, 3, 0, 48104, 97887
2026/07/08 14:34:39.846, 4, 94, 75518, 97887
2026/07/08 14:34:39.862, 5, 30, 75518, 97887
2026/07/08 14:34:39.879, 6, 71, 75528, 97887
2026/07/08 14:34:39.893, 7, 29, 75528, 97887
2026/07/08 14:34:40.909, 0, 0, 48704, 97887
2026/07/08 14:34:40.926, 1, 0, 48104, 97887
2026/07/08 14:34:40.942, 2, 0, 48104, 97887
2026/07/08 14:34:40.958, 3, 0, 48104, 97887
2026/07/08 14:34:40.975, 4, 92, 75518, 97887
2026/07/08 14:34:40.990, 5, 41, 75518, 97887
2026/07/08 14:34:41.007, 6, 70, 75528, 97887
2026/07/08 14:34:41.023, 7, 27, 75528, 97887
2026/07/08 14:34:42.042, 0, 0, 48704, 97887
2026/07/08 14:34:42.060, 1, 0, 48104, 97887
2026/07/08 14:34:42.076, 2, 0, 48104, 97887
2026/07/08 14:34:42.092, 3, 0, 48104, 97887
2026/07/08 14:34:42.107, 4, 85, 75518, 97887
2026/07/08 14:34:42.122, 5, 51, 75518, 97887
2026/07/08 14:34:42.138, 6, 43, 75528, 97887
2026/07/08 14:34:42.151, 7, 26, 75528, 97887
2026/07/08 14:34:43.166, 0, 0, 48704, 97887
2026/07/08 14:34:43.184, 1, 0, 48104, 97887
2026/07/08 14:34:43.201, 2, 0, 48104, 97887
2026/07/08 14:34:43.218, 3, 0, 48104, 97887
2026/07/08 14:34:43.235, 4, 100, 75518, 97887
2026/07/08 14:34:43.253, 5, 100, 75518, 97887
2026/07/08 14:34:43.270, 6, 85, 75528, 97887
2026/07/08 14:34:43.287, 7, 33, 75528, 97887
2026/07/08 14:34:44.304, 0, 0, 48704, 97887
2026/07/08 14:34:44.318, 1, 0, 48104, 97887
2026/07/08 14:34:44.329, 2, 0, 48104, 97887
2026/07/08 14:34:44.339, 3, 0, 48104, 97887
2026/07/08 14:34:44.350, 4, 62, 75518, 97887
2026/07/08 14:34:44.360, 5, 54, 75520, 97887
2026/07/08 14:34:44.369, 6, 45, 75528, 97887
2026/07/08 14:34:44.382, 7, 65, 75528, 97887
2026/07/08 14:34:45.396, 0, 0, 48704, 97887
2026/07/08 14:34:45.416, 1, 0, 48104, 97887
2026/07/08 14:34:45.431, 2, 0, 48104, 97887
2026/07/08 14:34:45.448, 3, 0, 48104, 97887
2026/07/08 14:34:45.462, 4, 84, 75518, 97887
2026/07/08 14:34:45.478, 5, 66, 75520, 97887
2026/07/08 14:34:45.496, 6, 51, 75528, 97887
2026/07/08 14:34:45.515, 7, 51, 75528, 97887
2026/07/08 14:34:46.530, 0, 0, 48704, 97887
2026/07/08 14:34:46.550, 1, 0, 48104, 97887
2026/07/08 14:34:46.570, 2, 0, 48104, 97887
2026/07/08 14:34:46.590, 3, 0, 48104, 97887
2026/07/08 14:34:46.610, 4, 79, 75518, 97887
2026/07/08 14:34:46.629, 5, 33, 75520, 97887
2026/07/08 14:34:46.648, 6, 0, 75528, 97887
2026/07/08 14:34:46.666, 7, 0, 75528, 97887
2026/07/08 14:34:47.683, 0, 0, 48704, 97887
2026/07/08 14:34:47.701, 1, 0, 48104, 97887
2026/07/08 14:34:47.720, 2, 0, 48104, 97887
2026/07/08 14:34:47.739, 3, 0, 48104, 97887
2026/07/08 14:34:47.755, 4, 87, 75518, 97887
2026/07/08 14:34:47.773, 5, 60, 75520, 97887
2026/07/08 14:34:47.792, 6, 0, 75528, 97887
2026/07/08 14:34:47.809, 7, 0, 75528, 97887
2026/07/08 14:34:48.827, 0, 0, 48704, 97887
2026/07/08 14:34:48.844, 1, 0, 48104, 97887
2026/07/08 14:34:48.862, 2, 0, 48104, 97887
2026/07/08 14:34:48.877, 3, 0, 48104, 97887
2026/07/08 14:34:48.893, 4, 82, 75518, 97887
2026/07/08 14:34:48.902, 5, 34, 75520, 97887
2026/07/08 14:34:48.911, 6, 95, 75528, 97887
2026/07/08 14:34:48.921, 7, 23, 75528, 97887
2026/07/08 14:34:49.938, 0, 0, 48704, 97887
2026/07/08 14:34:49.955, 1, 0, 48104, 97887
2026/07/08 14:34:49.970, 2, 0, 48104, 97887
2026/07/08 14:34:49.985, 3, 0, 48104, 97887
2026/07/08 14:34:50.001, 4, 85, 75518, 97887
2026/07/08 14:34:50.017, 5, 33, 75520, 97887
2026/07/08 14:34:50.033, 6, 88, 75528, 97887
2026/07/08 14:34:50.050, 7, 24, 75528, 97887
2026/07/08 14:34:51.066, 0, 0, 48704, 97887
2026/07/08 14:34:51.083, 1, 0, 48104, 97887
2026/07/08 14:34:51.100, 2, 0, 48104, 97887
2026/07/08 14:34:51.117, 3, 0, 48104, 97887
2026/07/08 14:34:51.135, 4, 95, 75518, 97887
2026/07/08 14:34:51.151, 5, 32, 75520, 97887
2026/07/08 14:34:51.167, 6, 63, 75528, 97887
2026/07/08 14:34:51.182, 7, 26, 75528, 97887
2026/07/08 14:34:52.198, 0, 0, 48704, 97887
2026/07/08 14:34:52.216, 1, 0, 48104, 97887
2026/07/08 14:34:52.235, 2, 0, 48104, 97887
2026/07/08 14:34:52.252, 3, 0, 48104, 97887
2026/07/08 14:34:52.271, 4, 95, 75518, 97887
2026/07/08 14:34:52.288, 5, 26, 75520, 97887
2026/07/08 14:34:52.302, 6, 71, 75528, 97887
2026/07/08 14:34:52.316, 7, 28, 75528, 97887
2026/07/08 14:34:53.329, 0, 0, 48704, 97887
2026/07/08 14:34:53.349, 1, 0, 48104, 97887
2026/07/08 14:34:53.367, 2, 0, 48104, 97887
2026/07/08 14:34:53.384, 3, 0, 48104, 97887
2026/07/08 14:34:53.402, 4, 78, 75518, 97887
2026/07/08 14:34:53.417, 5, 32, 75520, 97887
2026/07/08 14:34:53.437, 6, 38, 75528, 97887
2026/07/08 14:34:53.453, 7, 51, 75528, 97887
2026/07/08 14:34:54.468, 0, 0, 48704, 97887
2026/07/08 14:34:54.486, 1, 0, 48104, 97887
2026/07/08 14:34:54.499, 2, 0, 48104, 97887
2026/07/08 14:34:54.512, 3, 0, 48104, 97887
2026/07/08 14:34:54.527, 4, 48, 75518, 97887
2026/07/08 14:34:54.540, 5, 33, 75520, 97887
2026/07/08 14:34:54.555, 6, 72, 75528, 97887
2026/07/08 14:34:54.571, 7, 45, 75528, 97887
2026/07/08 14:34:55.587, 0, 0, 48704, 97887
2026/07/08 14:34:55.604, 1, 0, 48104, 97887
2026/07/08 14:34:55.623, 2, 0, 48104, 97887
2026/07/08 14:34:55.639, 3, 0, 48104, 97887
2026/07/08 14:34:55.657, 4, 86, 75518, 97887
2026/07/08 14:34:55.678, 5, 51, 75520, 97887
2026/07/08 14:34:55.696, 6, 31, 75528, 97887
2026/07/08 14:34:55.714, 7, 65, 75528, 97887
2026/07/08 14:34:56.728, 0, 0, 48704, 97887
2026/07/08 14:34:56.744, 1, 0, 48104, 97887
2026/07/08 14:34:56.762, 2, 0, 48104, 97887
2026/07/08 14:34:56.782, 3, 0, 48104, 97887
2026/07/08 14:34:56.798, 4, 79, 75518, 97887
2026/07/08 14:34:56.812, 5, 33, 75520, 97887
2026/07/08 14:34:56.829, 6, 27, 75528, 97887
2026/07/08 14:34:56.844, 7, 83, 75528, 97887
2026/07/08 14:34:57.858, 0, 0, 48704, 97887
2026/07/08 14:34:57.873, 1, 0, 48104, 97887
2026/07/08 14:34:57.887, 2, 0, 48104, 97887
2026/07/08 14:34:57.900, 3, 0, 48104, 97887
2026/07/08 14:34:57.915, 4, 64, 75518, 97887
2026/07/08 14:34:57.931, 5, 65, 75520, 97887
2026/07/08 14:34:57.946, 6, 36, 75528, 97887
2026/07/08 14:34:57.962, 7, 67, 75528, 97887
2026/07/08 14:34:58.979, 0, 0, 48704, 97887
2026/07/08 14:34:58.999, 1, 0, 48104, 97887
2026/07/08 14:34:59.020, 2, 0, 48104, 97887
2026/07/08 14:34:59.040, 3, 0, 48104, 97887
2026/07/08 14:34:59.059, 4, 87, 75518, 97887
2026/07/08 14:34:59.077, 5, 32, 75520, 97887
2026/07/08 14:34:59.098, 6, 32, 75528, 97887
2026/07/08 14:34:59.115, 7, 63, 75528, 97887
2026/07/08 14:35:00.137, 0, 0, 48704, 97887
2026/07/08 14:35:00.155, 1, 0, 48104, 97887
2026/07/08 14:35:00.172, 2, 0, 48104, 97887
2026/07/08 14:35:00.189, 3, 0, 48104, 97887
2026/07/08 14:35:00.208, 4, 64, 75518, 97887
2026/07/08 14:35:00.229, 5, 40, 75520, 97887
2026/07/08 14:35:00.248, 6, 51, 75528, 97887
2026/07/08 14:35:00.267, 7, 59, 75528, 97887
2026/07/08 14:35:01.287, 0, 0, 48704, 97887
2026/07/08 14:35:01.304, 1, 0, 48104, 97887
2026/07/08 14:35:01.319, 2, 0, 48104, 97887
2026/07/08 14:35:01.333, 3, 0, 48104, 97887
2026/07/08 14:35:01.346, 4, 36, 75518, 97887
2026/07/08 14:35:01.361, 5, 35, 75520, 97887
2026/07/08 14:35:01.376, 6, 28, 75528, 97887
2026/07/08 14:35:01.394, 7, 80, 75528, 97887
2026/07/08 14:35:02.414, 0, 0, 48704, 97887
2026/07/08 14:35:02.431, 1, 0, 48104, 97887
2026/07/08 14:35:02.447, 2, 0, 48104, 97887
2026/07/08 14:35:02.466, 3, 0, 48104, 97887
2026/07/08 14:35:02.485, 4, 72, 75518, 97887
2026/07/08 14:35:02.503, 5, 31, 75520, 97887
2026/07/08 14:35:02.517, 6, 54, 75528, 97887
2026/07/08 14:35:02.531, 7, 28, 75528, 97887
2026/07/08 14:35:03.547, 0, 0, 48704, 97887
2026/07/08 14:35:03.566, 1, 0, 48104, 97887
2026/07/08 14:35:03.579, 2, 0, 48104, 97887
2026/07/08 14:35:03.593, 3, 0, 48104, 97887
2026/07/08 14:35:03.608, 4, 95, 75518, 97887
2026/07/08 14:35:03.622, 5, 30, 75520, 97887
2026/07/08 14:35:03.637, 6, 48, 75528, 97887
2026/07/08 14:35:03.653, 7, 30, 75528, 97887
2026/07/08 14:35:04.668, 0, 0, 48704, 97887
2026/07/08 14:35:04.681, 1, 0, 48104, 97887
2026/07/08 14:35:04.694, 2, 0, 48104, 97887
2026/07/08 14:35:04.714, 3, 0, 48104, 97887
2026/07/08 14:35:04.726, 4, 79, 75518, 97887
2026/07/08 14:35:04.743, 5, 45, 75520, 97887
2026/07/08 14:35:04.756, 6, 26, 75528, 97887
2026/07/08 14:35:04.770, 7, 84, 75528, 97887
2026/07/08 14:35:05.782, 0, 0, 48704, 97887
2026/07/08 14:35:05.794, 1, 0, 48104, 97887
2026/07/08 14:35:05.807, 2, 0, 48104, 97887
2026/07/08 14:35:05.820, 3, 0, 48104, 97887
2026/07/08 14:35:05.831, 4, 86, 75518, 97887
2026/07/08 14:35:05.839, 5, 38, 75520, 97887
2026/07/08 14:35:05.851, 6, 38, 75528, 97887
2026/07/08 14:35:05.864, 7, 70, 75528, 97887
2026/07/08 14:35:06.876, 0, 0, 48704, 97887
2026/07/08 14:35:06.892, 1, 0, 48104, 97887
2026/07/08 14:35:06.904, 2, 0, 48104, 97887
2026/07/08 14:35:06.914, 3, 0, 48104, 97887
2026/07/08 14:35:06.926, 4, 56, 75518, 97887
2026/07/08 14:35:06.936, 5, 41, 75520, 97887
2026/07/08 14:35:06.943, 6, 29, 75528, 97887
2026/07/08 14:35:06.954, 7, 67, 75528, 97887
2026/07/08 14:35:07.967, 0, 0, 48704, 97887
2026/07/08 14:35:07.981, 1, 0, 48104, 97887
2026/07/08 14:35:07.995, 2, 0, 48104, 97887
2026/07/08 14:35:08.009, 3, 0, 48104, 97887
2026/07/08 14:35:08.022, 4, 71, 75518, 97887
2026/07/08 14:35:08.035, 5, 34, 75520, 97887
2026/07/08 14:35:08.049, 6, 73, 75528, 97887
2026/07/08 14:35:08.063, 7, 31, 75528, 97887
2026/07/08 14:35:09.077, 0, 0, 48704, 97887
2026/07/08 14:35:09.092, 1, 0, 48104, 97887
2026/07/08 14:35:09.107, 2, 0, 48104, 97887
2026/07/08 14:35:09.121, 3, 0, 48104, 97887
2026/07/08 14:35:09.136, 4, 58, 75518, 97887
2026/07/08 14:35:09.152, 5, 40, 75520, 97887
2026/07/08 14:35:09.167, 6, 25, 75528, 97887
2026/07/08 14:35:09.183, 7, 87, 75528, 97887
2026/07/08 14:35:10.200, 0, 0, 48704, 97887
2026/07/08 14:35:10.219, 1, 0, 48104, 97887
2026/07/08 14:35:10.240, 2, 0, 48104, 97887
2026/07/08 14:35:10.257, 3, 0, 48104, 97887
2026/07/08 14:35:10.275, 4, 94, 75518, 97887
2026/07/08 14:35:10.289, 5, 27, 75520, 97887
2026/07/08 14:35:10.302, 6, 31, 75528, 97887
2026/07/08 14:35:10.318, 7, 65, 75528, 97887
2026/07/08 14:35:11.333, 0, 0, 48704, 97887
2026/07/08 14:35:11.349, 1, 0, 48104, 97887
2026/07/08 14:35:11.364, 2, 0, 48104, 97887
2026/07/08 14:35:11.378, 3, 0, 48104, 97887
2026/07/08 14:35:11.394, 4, 47, 75518, 97887
2026/07/08 14:35:11.409, 5, 43, 75520, 97887
2026/07/08 14:35:11.425, 6, 75, 75528, 97887
2026/07/08 14:35:11.441, 7, 44, 75528, 97887
2026/07/08 14:35:12.459, 0, 0, 48704, 97887
2026/07/08 14:35:12.475, 1, 0, 48104, 97887
2026/07/08 14:35:12.490, 2, 0, 48104, 97887
2026/07/08 14:35:12.506, 3, 0, 48104, 97887
2026/07/08 14:35:12.520, 4, 92, 75518, 97887
2026/07/08 14:35:12.533, 5, 32, 75520, 97887
2026/07/08 14:35:12.546, 6, 39, 75528, 97887
2026/07/08 14:35:12.558, 7, 58, 75528, 97887
2026/07/08 14:35:13.567, 0, 0, 48704, 97887
2026/07/08 14:35:13.585, 1, 0, 48104, 97887
2026/07/08 14:35:13.600, 2, 0, 48104, 97887
2026/07/08 14:35:13.617, 3, 0, 48104, 97887
2026/07/08 14:35:13.635, 4, 94, 75518, 97887
2026/07/08 14:35:13.652, 5, 33, 75520, 97887
2026/07/08 14:35:13.669, 6, 33, 75528, 97887
2026/07/08 14:35:13.687, 7, 57, 75528, 97887
2026/07/08 14:35:14.703, 0, 0, 48704, 97887
2026/07/08 14:35:14.720, 1, 0, 48104, 97887
2026/07/08 14:35:14.735, 2, 0, 48104, 97887
2026/07/08 14:35:14.752, 3, 0, 48104, 97887
2026/07/08 14:35:14.768, 4, 92, 75518, 97887
2026/07/08 14:35:14.784, 5, 26, 75520, 97887
2026/07/08 14:35:14.799, 6, 22, 75528, 97887
2026/07/08 14:35:14.814, 7, 54, 75528, 97887
2026/07/08 14:35:15.828, 0, 0, 48704, 97887
2026/07/08 14:35:15.846, 1, 0, 48104, 97887
2026/07/08 14:35:15.863, 2, 0, 48104, 97887
2026/07/08 14:35:15.877, 3, 0, 48104, 97887
2026/07/08 14:35:15.890, 4, 87, 75518, 97887
2026/07/08 14:35:15.903, 5, 86, 75520, 97887
2026/07/08 14:35:15.916, 6, 25, 75528, 97887
2026/07/08 14:35:15.929, 7, 69, 75528, 97887
2026/07/08 14:35:16.941, 0, 0, 48704, 97887
2026/07/08 14:35:16.956, 1, 0, 48104, 97887
2026/07/08 14:35:16.966, 2, 0, 48104, 97887
2026/07/08 14:35:16.977, 3, 0, 48104, 97887
2026/07/08 14:35:16.986, 4, 55, 75518, 97887
2026/07/08 14:35:16.998, 5, 30, 75520, 97887
2026/07/08 14:35:17.009, 6, 44, 75528, 97887
2026/07/08 14:35:17.019, 7, 36, 75528, 97887
2026/07/08 14:35:18.031, 0, 0, 48704, 97887
2026/07/08 14:35:18.052, 1, 0, 48104, 97887
2026/07/08 14:35:18.061, 2, 0, 48104, 97887
2026/07/08 14:35:18.070, 3, 0, 48104, 97887
2026/07/08 14:35:18.079, 4, 39, 75518, 97887
2026/07/08 14:35:18.091, 5, 38, 75520, 97887
2026/07/08 14:35:18.105, 6, 94, 75528, 97887
2026/07/08 14:35:18.120, 7, 28, 75528, 97887
2026/07/08 14:35:19.136, 0, 0, 48704, 97887
2026/07/08 14:35:19.147, 1, 0, 48104, 97887
2026/07/08 14:35:19.162, 2, 0, 48104, 97887
2026/07/08 14:35:19.174, 3, 0, 48104, 97887
2026/07/08 14:35:19.187, 4, 93, 75518, 97887
2026/07/08 14:35:19.202, 5, 28, 75520, 97887
2026/07/08 14:35:19.216, 6, 51, 75528, 97887
2026/07/08 14:35:19.227, 7, 49, 75528, 97887
2026/07/08 14:35:20.240, 0, 0, 48704, 97887
2026/07/08 14:35:20.259, 1, 0, 48104, 97887
2026/07/08 14:35:20.276, 2, 0, 48104, 97887
2026/07/08 14:35:20.291, 3, 0, 48104, 97887
2026/07/08 14:35:20.307, 4, 82, 75518, 97887
2026/07/08 14:35:20.321, 5, 34, 75520, 97887
2026/07/08 14:35:20.335, 6, 71, 75528, 97887
2026/07/08 14:35:20.351, 7, 30, 75528, 97887
2026/07/08 14:35:21.367, 0, 0, 48704, 97887
2026/07/08 14:35:21.381, 1, 0, 48104, 97887
2026/07/08 14:35:21.412, 2, 0, 48104, 97887
2026/07/08 14:35:21.428, 3, 0, 48104, 97887
2026/07/08 14:35:21.449, 4, 96, 75518, 97887
2026/07/08 14:35:21.465, 5, 33, 75520, 97887
2026/07/08 14:35:21.481, 6, 29, 75528, 97887
2026/07/08 14:35:21.496, 7, 79, 75528, 97887
2026/07/08 14:35:22.513, 0, 0, 48704, 97887
2026/07/08 14:35:22.520, 1, 0, 48104, 97887
2026/07/08 14:35:22.527, 2, 0, 48104, 97887
2026/07/08 14:35:22.537, 3, 0, 48104, 97887
2026/07/08 14:35:22.547, 4, 93, 75518, 97887
2026/07/08 14:35:22.557, 5, 31, 75520, 97887
2026/07/08 14:35:22.566, 6, 40, 75528, 97887
2026/07/08 14:35:22.578, 7, 61, 75528, 97887
2026/07/08 14:35:23.596, 0, 0, 48704, 97887
2026/07/08 14:35:23.612, 1, 0, 48104, 97887
2026/07/08 14:35:23.629, 2, 0, 48104, 97887
2026/07/08 14:35:23.643, 3, 0, 48104, 97887
2026/07/08 14:35:23.657, 4, 93, 75518, 97887
2026/07/08 14:35:23.672, 5, 34, 75520, 97887
2026/07/08 14:35:23.687, 6, 0, 75528, 97887
2026/07/08 14:35:23.703, 7, 0, 75528, 97887
2026/07/08 14:35:24.719, 0, 0, 48704, 97887
2026/07/08 14:35:24.735, 1, 0, 48104, 97887
2026/07/08 14:35:24.752, 2, 0, 48104, 97887
2026/07/08 14:35:24.766, 3, 0, 48104, 97887
2026/07/08 14:35:24.782, 4, 96, 75518, 97887
2026/07/08 14:35:24.800, 5, 31, 75520, 97887
2026/07/08 14:35:24.818, 6, 93, 75528, 97887
2026/07/08 14:35:24.834, 7, 20, 75528, 97887
2026/07/08 14:35:25.848, 0, 0, 48704, 97887
2026/07/08 14:35:25.866, 1, 0, 48104, 97887
2026/07/08 14:35:25.884, 2, 0, 48104, 97887
2026/07/08 14:35:25.903, 3, 0, 48104, 97887
2026/07/08 14:35:25.921, 4, 96, 75518, 97887
2026/07/08 14:35:25.938, 5, 31, 75520, 97887
2026/07/08 14:35:25.951, 6, 96, 75528, 97887
2026/07/08 14:35:25.965, 7, 23, 75528, 97887
2026/07/08 14:35:26.979, 0, 0, 48704, 97887
2026/07/08 14:35:27.002, 1, 0, 48104, 97887
2026/07/08 14:35:27.019, 2, 0, 48104, 97887
2026/07/08 14:35:27.039, 3, 0, 48104, 97887
2026/07/08 14:35:27.052, 4, 95, 75518, 97887
2026/07/08 14:35:27.064, 5, 34, 75520, 97887
2026/07/08 14:35:27.079, 6, 90, 75528, 97887
2026/07/08 14:35:27.090, 7, 21, 75528, 97887
2026/07/08 14:35:28.102, 0, 0, 48704, 97887
2026/07/08 14:35:28.119, 1, 0, 48104, 97887
2026/07/08 14:35:28.135, 2, 0, 48104, 97887
2026/07/08 14:35:28.150, 3, 0, 48104, 97887
2026/07/08 14:35:28.167, 4, 88, 75518, 97887
2026/07/08 14:35:28.184, 5, 27, 75520, 97887
2026/07/08 14:35:28.198, 6, 89, 75528, 97887
2026/07/08 14:35:28.212, 7, 18, 75528, 97887
2026/07/08 14:35:29.226, 0, 0, 48704, 97887
2026/07/08 14:35:29.241, 1, 0, 48104, 97887
2026/07/08 14:35:29.254, 2, 0, 48104, 97887
2026/07/08 14:35:29.269, 3, 0, 48104, 97887
2026/07/08 14:35:29.284, 4, 86, 75518, 97887
2026/07/08 14:35:29.300, 5, 36, 75520, 97887
2026/07/08 14:35:29.318, 6, 95, 75528, 97887
2026/07/08 14:35:29.334, 7, 18, 75528, 97887
2026/07/08 14:35:30.351, 0, 0, 48704, 97887
2026/07/08 14:35:30.371, 1, 0, 48104, 97887
2026/07/08 14:35:30.386, 2, 0, 48104, 97887
2026/07/08 14:35:30.402, 3, 0, 48104, 97887
2026/07/08 14:35:30.419, 4, 95, 75518, 97887
2026/07/08 14:35:30.442, 5, 28, 75520, 97887
2026/07/08 14:35:30.450, 6, 87, 75528, 97887
2026/07/08 14:35:30.459, 7, 21, 75528, 97887
2026/07/08 14:35:31.474, 0, 0, 48704, 97887
2026/07/08 14:35:31.486, 1, 0, 48104, 97887
2026/07/08 14:35:31.497, 2, 0, 48104, 97887
2026/07/08 14:35:31.511, 3, 0, 48104, 97887
2026/07/08 14:35:31.524, 4, 68, 75518, 97887
2026/07/08 14:35:31.534, 5, 34, 75520, 97887
2026/07/08 14:35:31.549, 6, 88, 75528, 97887
2026/07/08 14:35:31.564, 7, 23, 75528, 97887
2026/07/08 14:35:32.577, 0, 0, 48704, 97887
2026/07/08 14:35:32.591, 1, 0, 48104, 97887
2026/07/08 14:35:32.608, 2, 0, 48104, 97887
2026/07/08 14:35:32.623, 3, 0, 48104, 97887
2026/07/08 14:35:32.636, 4, 91, 75518, 97887
2026/07/08 14:35:32.648, 5, 36, 75520, 97887
2026/07/08 14:35:32.660, 6, 81, 75528, 97887
2026/07/08 14:35:32.674, 7, 26, 75528, 97887
2026/07/08 14:35:33.686, 0, 0, 48704, 97887
2026/07/08 14:35:33.705, 1, 0, 48104, 97887
2026/07/08 14:35:33.722, 2, 0, 48104, 97887
2026/07/08 14:35:33.737, 3, 0, 48104, 97887
2026/07/08 14:35:33.756, 4, 88, 75518, 97887
2026/07/08 14:35:33.774, 5, 35, 75520, 97887
2026/07/08 14:35:33.790, 6, 95, 75528, 97887
2026/07/08 14:35:33.806, 7, 21, 75528, 97887
2026/07/08 14:35:34.824, 0, 0, 48704, 97887
2026/07/08 14:35:34.841, 1, 0, 48104, 97887
2026/07/08 14:35:34.857, 2, 0, 48104, 97887
2026/07/08 14:35:34.871, 3, 0, 48104, 97887
2026/07/08 14:35:34.884, 4, 90, 75518, 97887
2026/07/08 14:35:34.896, 5, 32, 75520, 97887
2026/07/08 14:35:34.912, 6, 96, 75528, 97887
2026/07/08 14:35:34.927, 7, 24, 75528, 97887
2026/07/08 14:35:35.942, 0, 0, 48704, 97887
2026/07/08 14:35:35.958, 1, 0, 48104, 97887
2026/07/08 14:35:35.973, 2, 0, 48104, 97887
2026/07/08 14:35:35.989, 3, 0, 48104, 97887
2026/07/08 14:35:36.005, 4, 71, 75518, 97887
2026/07/08 14:35:36.025, 5, 35, 75520, 97887
2026/07/08 14:35:36.043, 6, 31, 75528, 97887
2026/07/08 14:35:36.061, 7, 23, 75528, 97887
2026/07/08 14:35:37.080, 0, 0, 48704, 97887
2026/07/08 14:35:37.097, 1, 0, 48104, 97887
2026/07/08 14:35:37.112, 2, 0, 48104, 97887
2026/07/08 14:35:37.126, 3, 0, 48104, 97887
2026/07/08 14:35:37.142, 4, 96, 75518, 97887
2026/07/08 14:35:37.158, 5, 38, 75520, 97887
2026/07/08 14:35:37.176, 6, 96, 75528, 97887
2026/07/08 14:35:37.194, 7, 22, 75528, 97887
2026/07/08 14:35:38.212, 0, 0, 48704, 97887
2026/07/08 14:35:38.231, 1, 0, 48104, 97887
2026/07/08 14:35:38.249, 2, 0, 48104, 97887
2026/07/08 14:35:38.265, 3, 0, 48104, 97887
2026/07/08 14:35:38.279, 4, 85, 75518, 97887
2026/07/08 14:35:38.295, 5, 36, 75520, 97887
2026/07/08 14:35:38.312, 6, 87, 75528, 97887
2026/07/08 14:35:38.328, 7, 22, 75528, 97887
2026/07/08 14:35:39.344, 0, 0, 48704, 97887
2026/07/08 14:35:39.362, 1, 0, 48104, 97887
2026/07/08 14:35:39.378, 2, 0, 48104, 97887
2026/07/08 14:35:39.395, 3, 0, 48104, 97887
2026/07/08 14:35:39.411, 4, 95, 75518, 97887
2026/07/08 14:35:39.426, 5, 37, 75520, 97887
2026/07/08 14:35:39.440, 6, 85, 75528, 97887
2026/07/08 14:35:39.455, 7, 22, 75528, 97887
2026/07/08 14:35:40.472, 0, 0, 48704, 97887
2026/07/08 14:35:40.489, 1, 0, 48104, 97887
2026/07/08 14:35:40.506, 2, 0, 48104, 97887
2026/07/08 14:35:40.523, 3, 0, 48104, 97887
2026/07/08 14:35:40.540, 4, 86, 75518, 97887
2026/07/08 14:35:40.558, 5, 28, 75520, 97887
2026/07/08 14:35:40.577, 6, 94, 75528, 97887
2026/07/08 14:35:40.598, 7, 23, 75528, 97887
2026/07/08 14:35:41.614, 0, 0, 48704, 97887
2026/07/08 14:35:41.631, 1, 0, 48104, 97887
2026/07/08 14:35:41.650, 2, 0, 48104, 97887
2026/07/08 14:35:41.669, 3, 0, 48104, 97887
2026/07/08 14:35:41.687, 4, 85, 75518, 97887
2026/07/08 14:35:41.708, 5, 41, 75520, 97887
2026/07/08 14:35:41.728, 6, 92, 75528, 97887
2026/07/08 14:35:41.748, 7, 19, 75528, 97887
2026/07/08 14:35:42.768, 0, 0, 48704, 97887
2026/07/08 14:35:42.786, 1, 0, 48104, 97887
2026/07/08 14:35:42.801, 2, 0, 48104, 97887
2026/07/08 14:35:42.816, 3, 0, 48104, 97887
2026/07/08 14:35:42.830, 4, 92, 75518, 97887
2026/07/08 14:35:42.844, 5, 32, 75520, 97887
2026/07/08 14:35:42.861, 6, 92, 75528, 97887
2026/07/08 14:35:42.877, 7, 18, 75528, 97887
2026/07/08 14:35:43.893, 0, 0, 48704, 97887
2026/07/08 14:35:43.915, 1, 0, 48104, 97887
2026/07/08 14:35:43.934, 2, 0, 48104, 97887
2026/07/08 14:35:43.952, 3, 0, 48104, 97887
2026/07/08 14:35:43.972, 4, 94, 75518, 97887
2026/07/08 14:35:43.991, 5, 30, 75520, 97887
2026/07/08 14:35:44.009, 6, 90, 75528, 97887
2026/07/08 14:35:44.027, 7, 17, 75528, 97887
2026/07/08 14:35:45.047, 0, 0, 48704, 97887
2026/07/08 14:35:45.064, 1, 0, 48104, 97887
2026/07/08 14:35:45.082, 2, 0, 48104, 97887
2026/07/08 14:35:45.097, 3, 0, 48104, 97887
2026/07/08 14:35:45.112, 4, 97, 75518, 97887
2026/07/08 14:35:45.129, 5, 35, 75520, 97887
2026/07/08 14:35:45.144, 6, 88, 75528, 97887
2026/07/08 14:35:45.159, 7, 23, 75528, 97887
2026/07/08 14:35:46.172, 0, 0, 48704, 97887
2026/07/08 14:35:46.190, 1, 0, 48104, 97887
2026/07/08 14:35:46.206, 2, 0, 48104, 97887
2026/07/08 14:35:46.225, 3, 0, 48104, 97887
2026/07/08 14:35:46.243, 4, 95, 75518, 97887
2026/07/08 14:35:46.259, 5, 29, 75520, 97887
2026/07/08 14:35:46.276, 6, 92, 75528, 97887
2026/07/08 14:35:46.293, 7, 23, 75528, 97887
2026/07/08 14:35:47.309, 0, 0, 48704, 97887
2026/07/08 14:35:47.327, 1, 0, 48104, 97887
2026/07/08 14:35:47.345, 2, 0, 48104, 97887
2026/07/08 14:35:47.360, 3, 0, 48104, 97887
2026/07/08 14:35:47.375, 4, 88, 75518, 97887
2026/07/08 14:35:47.390, 5, 30, 75520, 97887
2026/07/08 14:35:47.404, 6, 90, 75528, 97887
2026/07/08 14:35:47.420, 7, 22, 75528, 97887
2026/07/08 14:35:48.436, 0, 0, 48704, 97887
2026/07/08 14:35:48.456, 1, 0, 48104, 97887
2026/07/08 14:35:48.477, 2, 0, 48104, 97887
2026/07/08 14:35:48.497, 3, 0, 48104, 97887
2026/07/08 14:35:48.517, 4, 93, 75518, 97887
2026/07/08 14:35:48.539, 5, 28, 75520, 97887
2026/07/08 14:35:48.561, 6, 94, 75528, 97887
2026/07/08 14:35:48.580, 7, 17, 75528, 97887
2026/07/08 14:35:49.597, 0, 0, 48704, 97887
2026/07/08 14:35:49.617, 1, 0, 48104, 97887
2026/07/08 14:35:49.635, 2, 0, 48104, 97887
2026/07/08 14:35:49.651, 3, 0, 48104, 97887
2026/07/08 14:35:49.665, 4, 94, 75518, 97887
2026/07/08 14:35:49.681, 5, 28, 75520, 97887
2026/07/08 14:35:49.696, 6, 93, 75528, 97887
2026/07/08 14:35:49.715, 7, 20, 75528, 97887
2026/07/08 14:35:50.730, 0, 0, 48704, 97887
2026/07/08 14:35:50.748, 1, 0, 48104, 97887
2026/07/08 14:35:50.766, 2, 0, 48104, 97887
2026/07/08 14:35:50.784, 3, 0, 48104, 97887
2026/07/08 14:35:50.804, 4, 92, 75518, 97887
2026/07/08 14:35:50.824, 5, 39, 75520, 97887
2026/07/08 14:35:50.843, 6, 89, 75528, 97887
2026/07/08 14:35:50.864, 7, 24, 75528, 97887
2026/07/08 14:35:51.882, 0, 0, 48704, 97887
2026/07/08 14:35:51.900, 1, 0, 48104, 97887
2026/07/08 14:35:51.919, 2, 0, 48104, 97887
2026/07/08 14:35:51.938, 3, 0, 48104, 97887
2026/07/08 14:35:51.956, 4, 92, 75518, 97887
2026/07/08 14:35:51.975, 5, 33, 75520, 97887
2026/07/08 14:35:51.992, 6, 95, 75528, 97887
2026/07/08 14:35:52.011, 7, 21, 75528, 97887
2026/07/08 14:35:53.028, 0, 0, 48704, 97887
2026/07/08 14:35:53.047, 1, 0, 48104, 97887
2026/07/08 14:35:53.062, 2, 0, 48104, 97887
2026/07/08 14:35:53.078, 3, 0, 48104, 97887
2026/07/08 14:35:53.094, 4, 95, 75518, 97887
2026/07/08 14:35:53.110, 5, 38, 75520, 97887
2026/07/08 14:35:53.127, 6, 92, 75528, 97887
2026/07/08 14:35:53.143, 7, 25, 75528, 97887
2026/07/08 14:35:54.160, 0, 0, 48704, 97887
2026/07/08 14:35:54.181, 1, 0, 48104, 97887
2026/07/08 14:35:54.199, 2, 0, 48104, 97887
2026/07/08 14:35:54.218, 3, 0, 48104, 97887
2026/07/08 14:35:54.236, 4, 83, 75518, 97887
2026/07/08 14:35:54.253, 5, 31, 75520, 97887
2026/07/08 14:35:54.268, 6, 90, 75528, 97887
2026/07/08 14:35:54.281, 7, 21, 75528, 97887
2026/07/08 14:35:55.296, 0, 0, 48704, 97887
2026/07/08 14:35:55.317, 1, 0, 48104, 97887
2026/07/08 14:35:55.337, 2, 0, 48104, 97887
2026/07/08 14:35:55.356, 3, 0, 48104, 97887
2026/07/08 14:35:55.378, 4, 42, 75518, 97887
2026/07/08 14:35:55.390, 5, 42, 75520, 97887
2026/07/08 14:35:55.402, 6, 94, 75528, 97887
2026/07/08 14:35:55.418, 7, 20, 75528, 97887
2026/07/08 14:35:56.436, 0, 0, 48704, 97887
2026/07/08 14:35:56.454, 1, 0, 48104, 97887
2026/07/08 14:35:56.472, 2, 0, 48104, 97887
2026/07/08 14:35:56.490, 3, 0, 48104, 97887
2026/07/08 14:35:56.505, 4, 94, 75518, 97887
2026/07/08 14:35:56.520, 5, 20, 75520, 97887
2026/07/08 14:35:56.538, 6, 89, 75528, 97887
2026/07/08 14:35:56.551, 7, 23, 75528, 97887
2026/07/08 14:35:57.565, 0, 0, 48704, 97887
2026/07/08 14:35:57.579, 1, 0, 48104, 97887
2026/07/08 14:35:57.594, 2, 0, 48104, 97887
2026/07/08 14:35:57.609, 3, 0, 48104, 97887
2026/07/08 14:35:57.626, 4, 93, 75518, 97887
2026/07/08 14:35:57.641, 5, 35, 75520, 97887
2026/07/08 14:35:57.658, 6, 89, 75528, 97887
2026/07/08 14:35:57.673, 7, 20, 75528, 97887
2026/07/08 14:35:58.687, 0, 0, 48704, 97887
2026/07/08 14:35:58.706, 1, 0, 48104, 97887
2026/07/08 14:35:58.723, 2, 0, 48104, 97887
2026/07/08 14:35:58.739, 3, 0, 48104, 97887
2026/07/08 14:35:58.755, 4, 96, 75518, 97887
2026/07/08 14:35:58.769, 5, 40, 75520, 97887
2026/07/08 14:35:58.785, 6, 91, 75528, 97887
2026/07/08 14:35:58.801, 7, 23, 75528, 97887
2026/07/08 14:35:59.815, 0, 0, 48704, 97887
2026/07/08 14:35:59.831, 1, 0, 48104, 97887
2026/07/08 14:35:59.844, 2, 0, 48104, 97887
2026/07/08 14:35:59.858, 3, 0, 48104, 97887
2026/07/08 14:35:59.872, 4, 74, 75518, 97887
2026/07/08 14:35:59.885, 5, 31, 75520, 97887
2026/07/08 14:35:59.895, 6, 90, 75528, 97887
2026/07/08 14:35:59.904, 7, 17, 75528, 97887
2026/07/08 14:36:00.913, 0, 0, 48704, 97887
2026/07/08 14:36:00.929, 1, 0, 48104, 97887
2026/07/08 14:36:00.945, 2, 0, 48104, 97887
2026/07/08 14:36:00.961, 3, 0, 48104, 97887
2026/07/08 14:36:00.977, 4, 44, 75518, 97887
2026/07/08 14:36:00.992, 5, 66, 75520, 97887
2026/07/08 14:36:01.006, 6, 93, 75528, 97887
2026/07/08 14:36:01.021, 7, 18, 75528, 97887
2026/07/08 14:36:02.037, 0, 0, 48704, 97887
2026/07/08 14:36:02.058, 1, 0, 48104, 97887
2026/07/08 14:36:02.077, 2, 0, 48104, 97887
2026/07/08 14:36:02.094, 3, 0, 48104, 97887
2026/07/08 14:36:02.113, 4, 51, 75518, 97887
2026/07/08 14:36:02.131, 5, 45, 75520, 97887
2026/07/08 14:36:02.151, 6, 90, 75528, 97887
2026/07/08 14:36:02.168, 7, 17, 75528, 97887
2026/07/08 14:36:03.185, 0, 0, 48704, 97887
2026/07/08 14:36:03.203, 1, 0, 48104, 97887
2026/07/08 14:36:03.219, 2, 0, 48104, 97887
2026/07/08 14:36:03.237, 3, 0, 48104, 97887
2026/07/08 14:36:03.257, 4, 49, 75518, 97887
2026/07/08 14:36:03.275, 5, 60, 75520, 97887
2026/07/08 14:36:03.293, 6, 92, 75528, 97887
2026/07/08 14:36:03.310, 7, 20, 75528, 97887
2026/07/08 14:36:04.327, 0, 0, 48704, 97887
2026/07/08 14:36:04.348, 1, 0, 48104, 97887
2026/07/08 14:36:04.368, 2, 0, 48104, 97887
2026/07/08 14:36:04.387, 3, 0, 48104, 97887
2026/07/08 14:36:04.407, 4, 90, 75518, 97887
2026/07/08 14:36:04.428, 5, 44, 75520, 97887
2026/07/08 14:36:04.447, 6, 93, 75528, 97887
2026/07/08 14:36:04.464, 7, 20, 75528, 97887
2026/07/08 14:36:05.482, 0, 0, 48704, 97887
2026/07/08 14:36:05.514, 1, 0, 48104, 97887
2026/07/08 14:36:05.539, 2, 0, 48104, 97887
2026/07/08 14:36:05.559, 3, 0, 48104, 97887
2026/07/08 14:36:05.577, 4, 94, 75518, 97887
2026/07/08 14:36:05.602, 5, 42, 75520, 97887
2026/07/08 14:36:05.624, 6, 87, 75528, 97887
2026/07/08 14:36:05.641, 7, 24, 75528, 97887
2026/07/08 14:36:06.657, 0, 0, 48704, 97887
2026/07/08 14:36:06.674, 1, 0, 48104, 97887
2026/07/08 14:36:06.694, 2, 0, 48104, 97887
2026/07/08 14:36:06.710, 3, 0, 48104, 97887
2026/07/08 14:36:06.727, 4, 52, 75518, 97887
2026/07/08 14:36:06.745, 5, 55, 75520, 97887
2026/07/08 14:36:06.765, 6, 84, 75528, 97887
2026/07/08 14:36:06.783, 7, 23, 75528, 97887
2026/07/08 14:36:07.799, 0, 0, 48704, 97887
2026/07/08 14:36:07.818, 1, 0, 48104, 97887
2026/07/08 14:36:07.834, 2, 0, 48104, 97887
2026/07/08 14:36:07.854, 3, 0, 48104, 97887
2026/07/08 14:36:07.874, 4, 39, 75518, 97887
2026/07/08 14:36:07.893, 5, 90, 75520, 97887
2026/07/08 14:36:07.913, 6, 85, 75528, 97887
2026/07/08 14:36:07.936, 7, 25, 75528, 97887
2026/07/08 14:36:08.956, 0, 0, 48704, 97887
2026/07/08 14:36:08.974, 1, 0, 48104, 97887
2026/07/08 14:36:08.992, 2, 0, 48104, 97887
2026/07/08 14:36:09.009, 3, 0, 48104, 97887
2026/07/08 14:36:09.026, 4, 81, 75518, 97887
2026/07/08 14:36:09.043, 5, 35, 75520, 97887
2026/07/08 14:36:09.061, 6, 94, 75528, 97887
2026/07/08 14:36:09.077, 7, 20, 75528, 97887
2026/07/08 14:36:10.096, 0, 0, 48704, 97887
2026/07/08 14:36:10.118, 1, 0, 48104, 97887
2026/07/08 14:36:10.134, 2, 0, 48104, 97887
2026/07/08 14:36:10.148, 3, 0, 48104, 97887
2026/07/08 14:36:10.165, 4, 75, 75518, 97887
2026/07/08 14:36:10.181, 5, 54, 75520, 97887
2026/07/08 14:36:10.197, 6, 93, 75528, 97887
2026/07/08 14:36:10.214, 7, 27, 75528, 97887
2026/07/08 14:36:11.233, 0, 0, 48704, 97887
2026/07/08 14:36:11.250, 1, 0, 48104, 97887
2026/07/08 14:36:11.267, 2, 0, 48104, 97887
2026/07/08 14:36:11.291, 3, 0, 48104, 97887
2026/07/08 14:36:11.301, 4, 42, 75518, 97887
2026/07/08 14:36:11.314, 5, 66, 75520, 97887
2026/07/08 14:36:11.328, 6, 80, 75528, 97887
2026/07/08 14:36:11.344, 7, 38, 75528, 97887
2026/07/08 14:36:12.353, 0, 0, 48704, 97887
2026/07/08 14:36:12.373, 1, 0, 48104, 97887
2026/07/08 14:36:12.390, 2, 0, 48104, 97887
2026/07/08 14:36:12.399, 3, 0, 48104, 97887
2026/07/08 14:36:12.416, 4, 61, 75518, 97887
2026/07/08 14:36:12.434, 5, 48, 75520, 97887
2026/07/08 14:36:12.452, 6, 87, 75528, 97887
2026/07/08 14:36:12.470, 7, 21, 75528, 97887
2026/07/08 14:36:13.489, 0, 0, 48704, 97887
2026/07/08 14:36:13.510, 1, 0, 48104, 97887
2026/07/08 14:36:13.529, 2, 0, 48104, 97887
2026/07/08 14:36:13.548, 3, 0, 48104, 97887
2026/07/08 14:36:13.566, 4, 76, 75518, 97887
2026/07/08 14:36:13.587, 5, 44, 75520, 97887
2026/07/08 14:36:13.605, 6, 84, 75528, 97887
2026/07/08 14:36:13.620, 7, 22, 75528, 97887
2026/07/08 14:36:14.635, 0, 0, 48704, 97887
2026/07/08 14:36:14.654, 1, 0, 48104, 97887
2026/07/08 14:36:14.670, 2, 0, 48104, 97887
2026/07/08 14:36:14.687, 3, 0, 48104, 97887
2026/07/08 14:36:14.706, 4, 27, 75518, 97887
2026/07/08 14:36:14.724, 5, 80, 75520, 97887
2026/07/08 14:36:14.740, 6, 0, 75528, 97887
2026/07/08 14:36:14.757, 7, 0, 75528, 97887
2026/07/08 14:36:15.774, 0, 0, 48704, 97887
2026/07/08 14:36:15.789, 1, 0, 48104, 97887
2026/07/08 14:36:15.801, 2, 0, 48104, 97887
2026/07/08 14:36:15.813, 3, 0, 48104, 97887
2026/07/08 14:36:15.824, 4, 94, 75518, 97887
2026/07/08 14:36:15.834, 5, 49, 75520, 97887
2026/07/08 14:36:15.846, 6, 100, 75528, 97887
2026/07/08 14:36:15.859, 7, 100, 75528, 97887
2026/07/08 14:36:16.874, 0, 0, 48704, 97887
2026/07/08 14:36:16.898, 1, 0, 48104, 97887
2026/07/08 14:36:16.917, 2, 0, 48104, 97887
2026/07/08 14:36:16.933, 3, 0, 48104, 97887
2026/07/08 14:36:16.948, 4, 78, 75518, 97887
2026/07/08 14:36:16.964, 5, 34, 75520, 97887
2026/07/08 14:36:16.981, 6, 90, 75528, 97887
2026/07/08 14:36:16.999, 7, 24, 75528, 97887
2026/07/08 14:36:18.018, 0, 0, 48704, 97887
2026/07/08 14:36:18.035, 1, 0, 48104, 97887
2026/07/08 14:36:18.053, 2, 0, 48104, 97887
2026/07/08 14:36:18.066, 3, 0, 48104, 97887
2026/07/08 14:36:18.080, 4, 86, 75518, 97887
2026/07/08 14:36:18.094, 5, 34, 75520, 97887
2026/07/08 14:36:18.109, 6, 58, 75528, 97887
2026/07/08 14:36:18.124, 7, 34, 75528, 97887
2026/07/08 14:36:19.135, 0, 0, 48704, 97887
2026/07/08 14:36:19.146, 1, 0, 48104, 97887
2026/07/08 14:36:19.153, 2, 0, 48104, 97887
2026/07/08 14:36:19.159, 3, 0, 48104, 97887
2026/07/08 14:36:19.169, 4, 56, 75518, 97887
2026/07/08 14:36:19.184, 5, 43, 75520, 97887
2026/07/08 14:36:19.201, 6, 88, 75528, 97887
2026/07/08 14:36:19.217, 7, 23, 75528, 97887
2026/07/08 14:36:20.235, 0, 0, 48704, 97887
2026/07/08 14:36:20.251, 1, 0, 48104, 97887
2026/07/08 14:36:20.267, 2, 0, 48104, 97887
2026/07/08 14:36:20.284, 3, 0, 48104, 97887
2026/07/08 14:36:20.305, 4, 39, 75518, 97887
2026/07/08 14:36:20.322, 5, 41, 75520, 97887
2026/07/08 14:36:20.337, 6, 88, 75528, 97887
2026/07/08 14:36:20.352, 7, 19, 75528, 97887
2026/07/08 14:36:21.369, 0, 0, 48704, 97887
2026/07/08 14:36:21.385, 1, 0, 48104, 97887
2026/07/08 14:36:21.406, 2, 0, 48104, 97887
2026/07/08 14:36:21.423, 3, 0, 48104, 97887
2026/07/08 14:36:21.438, 4, 46, 75518, 97887
2026/07/08 14:36:21.454, 5, 53, 75520, 97887
2026/07/08 14:36:21.468, 6, 90, 75528, 97887
2026/07/08 14:36:21.483, 7, 21, 75528, 97887
2026/07/08 14:36:22.500, 0, 0, 48704, 97887
2026/07/08 14:36:22.512, 1, 0, 48104, 97887
2026/07/08 14:36:22.523, 2, 0, 48104, 97887
2026/07/08 14:36:22.528, 3, 0, 48104, 97887
2026/07/08 14:36:22.532, 4, 81, 75518, 97887
2026/07/08 14:36:22.537, 5, 53, 75520, 97887
2026/07/08 14:36:22.542, 6, 95, 75528, 97887
2026/07/08 14:36:22.549, 7, 29, 75528, 97887
2026/07/08 14:36:23.553, 0, 0, 48704, 97887
2026/07/08 14:36:23.566, 1, 0, 48104, 97887
2026/07/08 14:36:23.577, 2, 0, 48104, 97887
2026/07/08 14:36:23.588, 3, 0, 48104, 97887
2026/07/08 14:36:23.602, 4, 39, 75518, 97887
2026/07/08 14:36:23.617, 5, 61, 75520, 97887
2026/07/08 14:36:23.632, 6, 88, 75528, 97887
2026/07/08 14:36:23.649, 7, 27, 75528, 97887
2026/07/08 14:36:24.664, 0, 0, 48704, 97887
2026/07/08 14:36:24.679, 1, 0, 48104, 97887
2026/07/08 14:36:24.693, 2, 0, 48104, 97887
2026/07/08 14:36:24.710, 3, 0, 48104, 97887
2026/07/08 14:36:24.725, 4, 59, 75518, 97887
2026/07/08 14:36:24.741, 5, 44, 75520, 97887
2026/07/08 14:36:24.760, 6, 91, 75528, 97887
2026/07/08 14:36:24.779, 7, 25, 75528, 97887
2026/07/08 14:36:25.799, 0, 0, 48704, 97887
2026/07/08 14:36:25.819, 1, 0, 48104, 97887
2026/07/08 14:36:25.836, 2, 0, 48104, 97887
2026/07/08 14:36:25.851, 3, 0, 48104, 97887
2026/07/08 14:36:25.866, 4, 87, 75518, 97887
2026/07/08 14:36:25.882, 5, 36, 75520, 97887
2026/07/08 14:36:25.897, 6, 81, 75528, 97887
2026/07/08 14:36:25.914, 7, 27, 75528, 97887
2026/07/08 14:36:26.932, 0, 0, 48704, 97887
2026/07/08 14:36:26.951, 1, 0, 48104, 97887
2026/07/08 14:36:26.970, 2, 0, 48104, 97887
2026/07/08 14:36:26.988, 3, 0, 48104, 97887
2026/07/08 14:36:27.008, 4, 85, 75518, 97887
2026/07/08 14:36:27.027, 5, 29, 75520, 97887
2026/07/08 14:36:27.048, 6, 86, 75528, 97887
2026/07/08 14:36:27.069, 7, 20, 75528, 97887
2026/07/08 14:36:28.088, 0, 0, 48704, 97887
2026/07/08 14:36:28.108, 1, 0, 48104, 97887
2026/07/08 14:36:28.127, 2, 0, 48104, 97887
2026/07/08 14:36:28.146, 3, 0, 48104, 97887
2026/07/08 14:36:28.165, 4, 60, 75518, 97887
2026/07/08 14:36:28.184, 5, 48, 75520, 97887
2026/07/08 14:36:28.200, 6, 83, 75528, 97887
2026/07/08 14:36:28.217, 7, 23, 75528, 97887
2026/07/08 14:36:29.234, 0, 0, 48704, 97887
2026/07/08 14:36:29.255, 1, 0, 48104, 97887
2026/07/08 14:36:29.272, 2, 0, 48104, 97887
2026/07/08 14:36:29.288, 3, 0, 48104, 97887
2026/07/08 14:36:29.306, 4, 96, 75518, 97887
2026/07/08 14:36:29.326, 5, 37, 75520, 97887
2026/07/08 14:36:29.346, 6, 69, 75528, 97887
2026/07/08 14:36:29.364, 7, 31, 75528, 97887
2026/07/08 14:36:30.383, 0, 0, 48704, 97887
2026/07/08 14:36:30.402, 1, 0, 48104, 97887
2026/07/08 14:36:30.418, 2, 0, 48104, 97887
2026/07/08 14:36:30.442, 3, 0, 48104, 97887
2026/07/08 14:36:30.451, 4, 82, 75518, 97887
2026/07/08 14:36:30.467, 5, 41, 75520, 97887
2026/07/08 14:36:30.484, 6, 89, 75528, 97887
2026/07/08 14:36:30.499, 7, 22, 75528, 97887
2026/07/08 14:36:31.515, 0, 0, 48704, 97887
2026/07/08 14:36:31.536, 1, 0, 48104, 97887
2026/07/08 14:36:31.556, 2, 0, 48104, 97887
2026/07/08 14:36:31.576, 3, 0, 48104, 97887
2026/07/08 14:36:31.595, 4, 94, 75518, 97887
2026/07/08 14:36:31.613, 5, 35, 75520, 97887
2026/07/08 14:36:31.631, 6, 92, 75528, 97887
2026/07/08 14:36:31.650, 7, 24, 75528, 97887
2026/07/08 14:36:32.669, 0, 0, 48704, 97887
2026/07/08 14:36:32.686, 1, 0, 48104, 97887
2026/07/08 14:36:32.704, 2, 0, 48104, 97887
2026/07/08 14:36:32.722, 3, 0, 48104, 97887
2026/07/08 14:36:32.740, 4, 67, 75518, 97887
2026/07/08 14:36:32.757, 5, 32, 75520, 97887
2026/07/08 14:36:32.774, 6, 89, 75528, 97887
2026/07/08 14:36:32.792, 7, 26, 75528, 97887
2026/07/08 14:36:33.808, 0, 0, 48704, 97887
2026/07/08 14:36:33.825, 1, 0, 48104, 97887
2026/07/08 14:36:33.844, 2, 0, 48104, 97887
2026/07/08 14:36:33.861, 3, 0, 48104, 97887
2026/07/08 14:36:33.879, 4, 92, 75518, 97887
2026/07/08 14:36:33.894, 5, 37, 75520, 97887
2026/07/08 14:36:33.911, 6, 93, 75528, 97887
2026/07/08 14:36:33.927, 7, 20, 75528, 97887
2026/07/08 14:36:34.940, 0, 0, 48704, 97887
2026/07/08 14:36:34.954, 1, 0, 48104, 97887
2026/07/08 14:36:34.970, 2, 0, 48104, 97887
2026/07/08 14:36:34.986, 3, 0, 48104, 97887
2026/07/08 14:36:35.006, 4, 58, 75518, 97887
2026/07/08 14:36:35.022, 5, 37, 75520, 97887
2026/07/08 14:36:35.038, 6, 77, 75528, 97887
2026/07/08 14:36:35.053, 7, 21, 75528, 97887
2026/07/08 14:36:36.069, 0, 0, 48704, 97887
2026/07/08 14:36:36.088, 1, 0, 48104, 97887
2026/07/08 14:36:36.105, 2, 0, 48104, 97887
2026/07/08 14:36:36.118, 3, 0, 48104, 97887
2026/07/08 14:36:36.134, 4, 91, 75518, 97887
2026/07/08 14:36:36.152, 5, 41, 75520, 97887
2026/07/08 14:36:36.170, 6, 87, 75528, 97887
2026/07/08 14:36:36.185, 7, 26, 75528, 97887
2026/07/08 14:36:37.200, 0, 0, 48704, 97887
2026/07/08 14:36:37.219, 1, 0, 48104, 97887
2026/07/08 14:36:37.238, 2, 0, 48104, 97887
2026/07/08 14:36:37.259, 3, 0, 48104, 97887
2026/07/08 14:36:37.276, 4, 89, 75518, 97887
2026/07/08 14:36:37.294, 5, 37, 75520, 97887
2026/07/08 14:36:37.314, 6, 92, 75528, 97887
2026/07/08 14:36:37.333, 7, 27, 75528, 97887
2026/07/08 14:36:38.348, 0, 0, 48704, 97887
2026/07/08 14:36:38.364, 1, 0, 48104, 97887
2026/07/08 14:36:38.379, 2, 0, 48104, 97887
2026/07/08 14:36:38.395, 3, 0, 48104, 97887
2026/07/08 14:36:38.409, 4, 61, 75518, 97887
2026/07/08 14:36:38.423, 5, 42, 75520, 97887
2026/07/08 14:36:38.438, 6, 83, 75528, 97887
2026/07/08 14:36:38.456, 7, 21, 75528, 97887
2026/07/08 14:36:39.468, 0, 0, 48704, 97887
2026/07/08 14:36:39.486, 1, 0, 48104, 97887
2026/07/08 14:36:39.504, 2, 0, 48104, 97887
2026/07/08 14:36:39.526, 3, 0, 48104, 97887
2026/07/08 14:36:39.546, 4, 30, 75518, 97887
2026/07/08 14:36:39.564, 5, 54, 75520, 97887
2026/07/08 14:36:39.582, 6, 61, 75528, 97887
2026/07/08 14:36:39.599, 7, 27, 75528, 97887
2026/07/08 14:36:40.617, 0, 0, 48704, 97887
2026/07/08 14:36:40.636, 1, 0, 48104, 97887
2026/07/08 14:36:40.655, 2, 0, 48104, 97887
2026/07/08 14:36:40.672, 3, 0, 48104, 97887
2026/07/08 14:36:40.688, 4, 66, 75518, 97887
2026/07/08 14:36:40.704, 5, 37, 75520, 97887
2026/07/08 14:36:40.721, 6, 89, 75528, 97887
2026/07/08 14:36:40.739, 7, 27, 75528, 97887
2026/07/08 14:36:41.758, 0, 0, 48704, 97887
2026/07/08 14:36:41.775, 1, 0, 48104, 97887
2026/07/08 14:36:41.790, 2, 0, 48104, 97887
2026/07/08 14:36:41.810, 3, 0, 48104, 97887
2026/07/08 14:36:41.829, 4, 72, 75518, 97887
2026/07/08 14:36:41.849, 5, 60, 75520, 97887
2026/07/08 14:36:41.866, 6, 81, 75528, 97887
2026/07/08 14:36:41.886, 7, 28, 75528, 97887
2026/07/08 14:36:42.906, 0, 0, 48704, 97887
2026/07/08 14:36:42.922, 1, 0, 48104, 97887
2026/07/08 14:36:42.938, 2, 0, 48104, 97887
2026/07/08 14:36:42.955, 3, 0, 48104, 97887
2026/07/08 14:36:42.973, 4, 46, 75518, 97887
2026/07/08 14:36:42.992, 5, 54, 75520, 97887
2026/07/08 14:36:43.012, 6, 89, 75528, 97887
2026/07/08 14:36:43.030, 7, 28, 75528, 97887
2026/07/08 14:36:44.049, 0, 0, 48704, 97887
2026/07/08 14:36:44.068, 1, 0, 48104, 97887
2026/07/08 14:36:44.083, 2, 0, 48104, 97887
2026/07/08 14:36:44.097, 3, 0, 48104, 97887
2026/07/08 14:36:44.110, 4, 37, 75518, 97887
2026/07/08 14:36:44.125, 5, 59, 75520, 97887
2026/07/08 14:36:44.139, 6, 95, 75528, 97887
2026/07/08 14:36:44.152, 7, 23, 75528, 97887
2026/07/08 14:36:45.164, 0, 0, 48704, 97887
2026/07/08 14:36:45.183, 1, 0, 48104, 97887
2026/07/08 14:36:45.201, 2, 0, 48104, 97887
2026/07/08 14:36:45.218, 3, 0, 48104, 97887
2026/07/08 14:36:45.235, 4, 90, 75518, 97887
2026/07/08 14:36:45.252, 5, 59, 75520, 97887
2026/07/08 14:36:45.270, 6, 88, 75528, 97887
2026/07/08 14:36:45.288, 7, 25, 75528, 97887
2026/07/08 14:36:46.304, 0, 0, 48704, 97887
2026/07/08 14:36:46.320, 1, 0, 48104, 97887
2026/07/08 14:36:46.335, 2, 0, 48104, 97887
2026/07/08 14:36:46.350, 3, 0, 48104, 97887
2026/07/08 14:36:46.368, 4, 72, 75518, 97887
2026/07/08 14:36:46.384, 5, 39, 75520, 97887
2026/07/08 14:36:46.401, 6, 87, 75528, 97887
2026/07/08 14:36:46.420, 7, 27, 75528, 97887
2026/07/08 14:36:47.441, 0, 0, 48704, 97887
2026/07/08 14:36:47.462, 1, 0, 48104, 97887
2026/07/08 14:36:47.481, 2, 0, 48104, 97887
2026/07/08 14:36:47.501, 3, 0, 48104, 97887
2026/07/08 14:36:47.519, 4, 9, 75518, 97887
2026/07/08 14:36:47.536, 5, 42, 75520, 97887
2026/07/08 14:36:47.550, 6, 96, 75528, 97887
2026/07/08 14:36:47.568, 7, 24, 75528, 97887
2026/07/08 14:36:48.586, 0, 0, 48704, 97887
2026/07/08 14:36:48.607, 1, 0, 48104, 97887
2026/07/08 14:36:48.627, 2, 0, 48104, 97887
2026/07/08 14:36:48.643, 3, 0, 48104, 97887
2026/07/08 14:36:48.659, 4, 52, 75518, 97887
2026/07/08 14:36:48.677, 5, 44, 75520, 97887
2026/07/08 14:36:48.695, 6, 96, 75528, 97887
2026/07/08 14:36:48.711, 7, 28, 75528, 97887
2026/07/08 14:36:49.729, 0, 0, 48704, 97887
2026/07/08 14:36:49.745, 1, 0, 48104, 97887
2026/07/08 14:36:49.759, 2, 0, 48104, 97887
2026/07/08 14:36:49.770, 3, 0, 48104, 97887
2026/07/08 14:36:49.782, 4, 44, 75518, 97887
2026/07/08 14:36:49.796, 5, 33, 75520, 97887
2026/07/08 14:36:49.811, 6, 91, 75528, 97887
2026/07/08 14:36:49.831, 7, 25, 75528, 97887
2026/07/08 14:36:50.850, 0, 0, 48704, 97887
2026/07/08 14:36:50.867, 1, 0, 48104, 97887
2026/07/08 14:36:50.883, 2, 0, 48104, 97887
2026/07/08 14:36:50.898, 3, 0, 48104, 97887
2026/07/08 14:36:50.911, 4, 24, 75518, 97887
2026/07/08 14:36:50.928, 5, 89, 75520, 97887
2026/07/08 14:36:50.944, 6, 0, 75528, 97887
2026/07/08 14:36:50.961, 7, 0, 75528, 97887
2026/07/08 14:36:51.977, 0, 0, 48704, 97887
2026/07/08 14:36:51.999, 1, 0, 48104, 97887
2026/07/08 14:36:52.018, 2, 0, 48104, 97887
2026/07/08 14:36:52.037, 3, 0, 48104, 97887
2026/07/08 14:36:52.055, 4, 61, 75518, 97887
2026/07/08 14:36:52.072, 5, 54, 75520, 97887
2026/07/08 14:36:52.091, 6, 23, 75528, 97887
2026/07/08 14:36:52.110, 7, 74, 75528, 97887
2026/07/08 14:36:53.129, 0, 0, 48704, 97887
2026/07/08 14:36:53.150, 1, 0, 48104, 97887
2026/07/08 14:36:53.171, 2, 0, 48104, 97887
2026/07/08 14:36:53.192, 3, 0, 48104, 97887
2026/07/08 14:36:53.213, 4, 23, 75518, 97887
2026/07/08 14:36:53.235, 5, 89, 75520, 97887
2026/07/08 14:36:53.254, 6, 0, 75528, 97887
2026/07/08 14:36:53.272, 7, 0, 75528, 97887
2026/07/08 14:36:54.290, 0, 0, 48704, 97887
2026/07/08 14:36:54.307, 1, 0, 48104, 97887
2026/07/08 14:36:54.322, 2, 0, 48104, 97887
2026/07/08 14:36:54.337, 3, 0, 48104, 97887
2026/07/08 14:36:54.355, 4, 50, 75518, 97887
2026/07/08 14:36:54.369, 5, 86, 75520, 97887
2026/07/08 14:36:54.384, 6, 33, 75528, 97887
2026/07/08 14:36:54.401, 7, 80, 75528, 97887
2026/07/08 14:36:55.420, 0, 0, 48704, 97887
2026/07/08 14:36:55.442, 1, 0, 48104, 97887
2026/07/08 14:36:55.467, 2, 0, 48104, 97887
2026/07/08 14:36:55.483, 3, 0, 48104, 97887
2026/07/08 14:36:55.499, 4, 44, 75518, 97887
2026/07/08 14:36:55.516, 5, 56, 75520, 97887
2026/07/08 14:36:55.534, 6, 23, 75528, 97887
2026/07/08 14:36:55.555, 7, 85, 75528, 97887
2026/07/08 14:36:56.572, 0, 0, 48704, 97887
2026/07/08 14:36:56.589, 1, 0, 48104, 97887
2026/07/08 14:36:56.604, 2, 0, 48104, 97887
2026/07/08 14:36:56.618, 3, 0, 48104, 97887
2026/07/08 14:36:56.631, 4, 30, 75518, 97887
2026/07/08 14:36:56.645, 5, 43, 75520, 97887
2026/07/08 14:36:56.659, 6, 71, 75528, 97887
2026/07/08 14:36:56.669, 7, 26, 75528, 97887
2026/07/08 14:36:57.684, 0, 0, 48704, 97887
2026/07/08 14:36:57.703, 1, 0, 48104, 97887
2026/07/08 14:36:57.723, 2, 0, 48104, 97887
2026/07/08 14:36:57.737, 3, 0, 48104, 97887
2026/07/08 14:36:57.752, 4, 88, 75518, 97887
2026/07/08 14:36:57.767, 5, 36, 75520, 97887
2026/07/08 14:36:57.782, 6, 83, 75528, 97887
2026/07/08 14:36:57.800, 7, 20, 75528, 97887
2026/07/08 14:36:58.818, 0, 0, 48704, 97887
2026/07/08 14:36:58.836, 1, 0, 48104, 97887
2026/07/08 14:36:58.857, 2, 0, 48104, 97887
2026/07/08 14:36:58.874, 3, 0, 48104, 97887
2026/07/08 14:36:58.894, 4, 95, 75518, 97887
2026/07/08 14:36:58.910, 5, 27, 75520, 97887
2026/07/08 14:36:58.928, 6, 84, 75528, 97887
2026/07/08 14:36:58.947, 7, 23, 75528, 97887
2026/07/08 14:36:59.966, 0, 0, 48704, 97887
2026/07/08 14:36:59.984, 1, 0, 48104, 97887
2026/07/08 14:36:59.999, 2, 0, 48104, 97887
2026/07/08 14:37:00.012, 3, 0, 48104, 97887
2026/07/08 14:37:00.028, 4, 90, 75518, 97887
2026/07/08 14:37:00.045, 5, 24, 75520, 97887
2026/07/08 14:37:00.061, 6, 49, 75528, 97887
2026/07/08 14:37:00.077, 7, 24, 75528, 97887
2026/07/08 14:37:01.095, 0, 0, 48704, 97887
2026/07/08 14:37:01.111, 1, 0, 48104, 97887
2026/07/08 14:37:01.128, 2, 0, 48104, 97887
2026/07/08 14:37:01.146, 3, 0, 48104, 97887
2026/07/08 14:37:01.158, 4, 96, 75518, 97887
2026/07/08 14:37:01.172, 5, 32, 75520, 97887
2026/07/08 14:37:01.186, 6, 74, 75528, 97887
2026/07/08 14:37:01.201, 7, 41, 75528, 97887
2026/07/08 14:37:02.216, 0, 0, 48704, 97887
2026/07/08 14:37:02.235, 1, 0, 48104, 97887
2026/07/08 14:37:02.249, 2, 0, 48104, 97887
2026/07/08 14:37:02.264, 3, 0, 48104, 97887
2026/07/08 14:37:02.281, 4, 93, 75518, 97887
2026/07/08 14:37:02.297, 5, 30, 75520, 97887
2026/07/08 14:37:02.312, 6, 89, 75528, 97887
2026/07/08 14:37:02.330, 7, 24, 75528, 97887
2026/07/08 14:37:03.348, 0, 0, 48704, 97887
2026/07/08 14:37:03.362, 1, 0, 48104, 97887
2026/07/08 14:37:03.376, 2, 0, 48104, 97887
2026/07/08 14:37:03.393, 3, 0, 48104, 97887
2026/07/08 14:37:03.406, 4, 94, 75518, 97887
2026/07/08 14:37:03.419, 5, 31, 75520, 97887
2026/07/08 14:37:03.434, 6, 88, 75528, 97887
2026/07/08 14:37:03.447, 7, 26, 75528, 97887
2026/07/08 14:37:04.462, 0, 0, 48704, 97887
2026/07/08 14:37:04.480, 1, 0, 48104, 97887
2026/07/08 14:37:04.499, 2, 0, 48104, 97887
2026/07/08 14:37:04.517, 3, 0, 48104, 97887
2026/07/08 14:37:04.531, 4, 95, 75518, 97887
2026/07/08 14:37:04.548, 5, 27, 75520, 97887
2026/07/08 14:37:04.564, 6, 55, 75528, 97887
2026/07/08 14:37:04.581, 7, 51, 75528, 97887
2026/07/08 14:37:05.597, 0, 0, 48704, 97887
2026/07/08 14:37:05.611, 1, 0, 48104, 97887
2026/07/08 14:37:05.624, 2, 0, 48104, 97887
2026/07/08 14:37:05.637, 3, 0, 48104, 97887
2026/07/08 14:37:05.650, 4, 93, 75518, 97887
2026/07/08 14:37:05.664, 5, 32, 75520, 97887
2026/07/08 14:37:05.679, 6, 96, 75528, 97887
2026/07/08 14:37:05.693, 7, 27, 75528, 97887
2026/07/08 14:37:06.706, 0, 0, 48704, 97887
2026/07/08 14:37:06.725, 1, 0, 48104, 97887
2026/07/08 14:37:06.740, 2, 0, 48104, 97887
2026/07/08 14:37:06.757, 3, 0, 48104, 97887
2026/07/08 14:37:06.773, 4, 91, 75518, 97887
2026/07/08 14:37:06.790, 5, 28, 75520, 97887
2026/07/08 14:37:06.806, 6, 92, 75528, 97887
2026/07/08 14:37:06.821, 7, 26, 75528, 97887
2026/07/08 14:37:07.837, 0, 0, 48704, 97887
2026/07/08 14:37:07.855, 1, 0, 48104, 97887
2026/07/08 14:37:07.874, 2, 0, 48104, 97887
2026/07/08 14:37:07.890, 3, 0, 48104, 97887
2026/07/08 14:37:07.906, 4, 79, 75518, 97887
2026/07/08 14:37:07.918, 5, 29, 75520, 97887
2026/07/08 14:37:07.933, 6, 93, 75528, 97887
2026/07/08 14:37:07.949, 7, 29, 75528, 97887
2026/07/08 14:37:08.967, 0, 0, 48704, 97887
2026/07/08 14:37:08.980, 1, 0, 48104, 97887
2026/07/08 14:37:08.995, 2, 0, 48104, 97887
2026/07/08 14:37:09.011, 3, 0, 48104, 97887
2026/07/08 14:37:09.027, 4, 92, 75518, 97887
2026/07/08 14:37:09.042, 5, 25, 75520, 97887
2026/07/08 14:37:09.057, 6, 73, 75528, 97887
2026/07/08 14:37:09.070, 7, 22, 75528, 97887
2026/07/08 14:37:10.086, 0, 0, 48704, 97887
2026/07/08 14:37:10.104, 1, 0, 48104, 97887
2026/07/08 14:37:10.119, 2, 0, 48104, 97887
2026/07/08 14:37:10.135, 3, 0, 48104, 97887
2026/07/08 14:37:10.150, 4, 94, 75518, 97887
2026/07/08 14:37:10.163, 5, 26, 75520, 97887
2026/07/08 14:37:10.181, 6, 92, 75528, 97887
2026/07/08 14:37:10.196, 7, 20, 75528, 97887
2026/07/08 14:37:11.209, 0, 0, 48704, 97887
2026/07/08 14:37:11.227, 1, 0, 48104, 97887
2026/07/08 14:37:11.242, 2, 0, 48104, 97887
2026/07/08 14:37:11.256, 3, 0, 48104, 97887
2026/07/08 14:37:11.273, 4, 94, 75518, 97887
2026/07/08 14:37:11.290, 5, 23, 75520, 97887
2026/07/08 14:37:11.307, 6, 93, 75528, 97887
2026/07/08 14:37:11.323, 7, 21, 75528, 97887
2026/07/08 14:37:12.339, 0, 0, 48704, 97887
2026/07/08 14:37:12.356, 1, 0, 48104, 97887
2026/07/08 14:37:12.371, 2, 0, 48104, 97887
2026/07/08 14:37:12.389, 3, 0, 48104, 97887
2026/07/08 14:37:12.409, 4, 93, 75518, 97887
2026/07/08 14:37:12.429, 5, 28, 75520, 97887
2026/07/08 14:37:12.448, 6, 93, 75528, 97887
2026/07/08 14:37:12.466, 7, 27, 75528, 97887
2026/07/08 14:37:13.484, 0, 0, 48704, 97887
2026/07/08 14:37:13.502, 1, 0, 48104, 97887
2026/07/08 14:37:13.518, 2, 0, 48104, 97887
2026/07/08 14:37:13.534, 3, 0, 48104, 97887
2026/07/08 14:37:13.549, 4, 93, 75518, 97887
2026/07/08 14:37:13.565, 5, 27, 75520, 97887
2026/07/08 14:37:13.580, 6, 96, 75528, 97887
2026/07/08 14:37:13.597, 7, 24, 75528, 97887
2026/07/08 14:37:14.616, 0, 0, 48704, 97887
2026/07/08 14:37:14.630, 1, 0, 48104, 97887
2026/07/08 14:37:14.646, 2, 0, 48104, 97887
2026/07/08 14:37:14.662, 3, 0, 48104, 97887
2026/07/08 14:37:14.679, 4, 94, 75518, 97887
2026/07/08 14:37:14.692, 5, 25, 75520, 97887
2026/07/08 14:37:14.708, 6, 90, 75528, 97887
2026/07/08 14:37:14.722, 7, 25, 75528, 97887
2026/07/08 14:37:15.735, 0, 0, 48704, 97887
2026/07/08 14:37:15.753, 1, 0, 48104, 97887
2026/07/08 14:37:15.770, 2, 0, 48104, 97887
2026/07/08 14:37:15.786, 3, 0, 48104, 97887
2026/07/08 14:37:15.802, 4, 93, 75518, 97887
2026/07/08 14:37:15.818, 5, 28, 75520, 97887
2026/07/08 14:37:15.834, 6, 48, 75528, 97887
2026/07/08 14:37:15.852, 7, 33, 75528, 97887
2026/07/08 14:37:16.868, 0, 0, 48704, 97887
2026/07/08 14:37:16.883, 1, 0, 48104, 97887
2026/07/08 14:37:16.896, 2, 0, 48104, 97887
2026/07/08 14:37:16.904, 3, 0, 48104, 97887
2026/07/08 14:37:16.914, 4, 89, 75518, 97887
2026/07/08 14:37:16.926, 5, 25, 75520, 97887
2026/07/08 14:37:16.937, 6, 83, 75528, 97887
2026/07/08 14:37:16.951, 7, 25, 75528, 97887
2026/07/08 14:37:17.964, 0, 0, 48704, 97887
2026/07/08 14:37:17.981, 1, 0, 48104, 97887
2026/07/08 14:37:17.999, 2, 0, 48104, 97887
2026/07/08 14:37:18.013, 3, 0, 48104, 97887
2026/07/08 14:37:18.029, 4, 76, 75518, 97887
2026/07/08 14:37:18.049, 5, 28, 75520, 97887
2026/07/08 14:37:18.057, 6, 37, 75528, 97887
2026/07/08 14:37:18.067, 7, 45, 75528, 97887
2026/07/08 14:37:19.078, 0, 0, 48704, 97887
2026/07/08 14:37:19.091, 1, 0, 48104, 97887
2026/07/08 14:37:19.105, 2, 0, 48104, 97887
2026/07/08 14:37:19.119, 3, 0, 48104, 97887
2026/07/08 14:37:19.136, 4, 88, 75518, 97887
2026/07/08 14:37:19.153, 5, 27, 75520, 97887
2026/07/08 14:37:19.163, 6, 40, 75528, 97887
2026/07/08 14:37:19.172, 7, 56, 75528, 97887
2026/07/08 14:37:20.182, 0, 0, 48704, 97887
2026/07/08 14:37:20.199, 1, 0, 48104, 97887
2026/07/08 14:37:20.212, 2, 0, 48104, 97887
2026/07/08 14:37:20.228, 3, 0, 48104, 97887
2026/07/08 14:37:20.244, 4, 90, 75518, 97887
2026/07/08 14:37:20.261, 5, 31, 75520, 97887
2026/07/08 14:37:20.279, 6, 94, 75528, 97887
2026/07/08 14:37:20.296, 7, 24, 75528, 97887
2026/07/08 14:37:21.311, 0, 0, 48704, 97887
2026/07/08 14:37:21.328, 1, 0, 48104, 97887
2026/07/08 14:37:21.346, 2, 0, 48104, 97887
2026/07/08 14:37:21.361, 3, 0, 48104, 97887
2026/07/08 14:37:21.375, 4, 95, 75518, 97887
2026/07/08 14:37:21.391, 5, 27, 75520, 97887
2026/07/08 14:37:21.406, 6, 94, 75528, 97887
2026/07/08 14:37:21.424, 7, 25, 75528, 97887
2026/07/08 14:37:22.433, 0, 0, 48704, 97887
2026/07/08 14:37:22.451, 1, 0, 48104, 97887
2026/07/08 14:37:22.465, 2, 0, 48104, 97887
2026/07/08 14:37:22.480, 3, 0, 48104, 97887
2026/07/08 14:37:22.495, 4, 94, 75518, 97887
2026/07/08 14:37:22.508, 5, 26, 75520, 97887
2026/07/08 14:37:22.521, 6, 93, 75528, 97887
2026/07/08 14:37:22.533, 7, 24, 75528, 97887
2026/07/08 14:37:23.548, 0, 0, 48704, 97887
2026/07/08 14:37:23.565, 1, 0, 48104, 97887
2026/07/08 14:37:23.580, 2, 0, 48104, 97887
2026/07/08 14:37:23.594, 3, 0, 48104, 97887
2026/07/08 14:37:23.611, 4, 96, 75518, 97887
2026/07/08 14:37:23.622, 5, 28, 75520, 97887
2026/07/08 14:37:23.632, 6, 95, 75528, 97887
2026/07/08 14:37:23.644, 7, 27, 75528, 97887
2026/07/08 14:37:24.658, 0, 0, 48704, 97887
2026/07/08 14:37:24.674, 1, 0, 48104, 97887
2026/07/08 14:37:24.689, 2, 0, 48104, 97887
2026/07/08 14:37:24.703, 3, 0, 48104, 97887
2026/07/08 14:37:24.718, 4, 96, 75518, 97887
2026/07/08 14:37:24.732, 5, 28, 75520, 97887
2026/07/08 14:37:24.745, 6, 80, 75528, 97887
2026/07/08 14:37:24.757, 7, 26, 75528, 97887
2026/07/08 14:37:25.768, 0, 0, 48704, 97887
2026/07/08 14:37:25.785, 1, 0, 48104, 97887
2026/07/08 14:37:25.801, 2, 0, 48104, 97887
2026/07/08 14:37:25.816, 3, 0, 48104, 97887
2026/07/08 14:37:25.831, 4, 96, 75518, 97887
2026/07/08 14:37:25.847, 5, 20, 75520, 97887
2026/07/08 14:37:25.863, 6, 90, 75528, 97887
2026/07/08 14:37:25.878, 7, 25, 75528, 97887
2026/07/08 14:37:26.894, 0, 0, 48704, 97887
2026/07/08 14:37:26.908, 1, 0, 48104, 97887
2026/07/08 14:37:26.921, 2, 0, 48104, 97887
2026/07/08 14:37:26.935, 3, 0, 48104, 97887
2026/07/08 14:37:26.952, 4, 93, 75518, 97887
2026/07/08 14:37:26.968, 5, 24, 75520, 97887
2026/07/08 14:37:26.984, 6, 51, 75528, 97887
2026/07/08 14:37:26.999, 7, 27, 75528, 97887
2026/07/08 14:37:28.014, 0, 0, 48704, 97887
2026/07/08 14:37:28.028, 1, 0, 48104, 97887
2026/07/08 14:37:28.043, 2, 0, 48104, 97887
2026/07/08 14:37:28.059, 3, 0, 48104, 97887
2026/07/08 14:37:28.074, 4, 91, 75518, 97887
2026/07/08 14:37:28.088, 5, 27, 75520, 97887
2026/07/08 14:37:28.099, 6, 89, 75528, 97887
2026/07/08 14:37:28.115, 7, 24, 75528, 97887
2026/07/08 14:37:29.129, 0, 0, 48704, 97887
2026/07/08 14:37:29.146, 1, 0, 48104, 97887
2026/07/08 14:37:29.164, 2, 0, 48104, 97887
2026/07/08 14:37:29.186, 3, 0, 48104, 97887
2026/07/08 14:37:29.201, 4, 96, 75518, 97887
2026/07/08 14:37:29.221, 5, 28, 75520, 97887
2026/07/08 14:37:29.240, 6, 89, 75528, 97887
2026/07/08 14:37:29.257, 7, 24, 75528, 97887
2026/07/08 14:37:30.276, 0, 0, 48704, 97887
2026/07/08 14:37:30.294, 1, 0, 48104, 97887
2026/07/08 14:37:30.312, 2, 0, 48104, 97887
2026/07/08 14:37:30.332, 3, 0, 48104, 97887
2026/07/08 14:37:30.351, 4, 94, 75518, 97887
2026/07/08 14:37:30.371, 5, 25, 75520, 97887
2026/07/08 14:37:30.391, 6, 68, 75528, 97887
2026/07/08 14:37:30.409, 7, 33, 75528, 97887
2026/07/08 14:37:31.429, 0, 0, 48704, 97887
2026/07/08 14:37:31.443, 1, 0, 48104, 97887
2026/07/08 14:37:31.458, 2, 0, 48104, 97887
2026/07/08 14:37:31.473, 3, 0, 48104, 97887
2026/07/08 14:37:31.491, 4, 93, 75518, 97887
2026/07/08 14:37:31.507, 5, 26, 75520, 97887
2026/07/08 14:37:31.523, 6, 57, 75528, 97887
2026/07/08 14:37:31.542, 7, 35, 75528, 97887
2026/07/08 14:37:32.561, 0, 0, 48704, 97887
2026/07/08 14:37:32.571, 1, 0, 48104, 97887
2026/07/08 14:37:32.585, 2, 0, 48104, 97887
2026/07/08 14:37:32.598, 3, 0, 48104, 97887
2026/07/08 14:37:32.613, 4, 94, 75518, 97887
2026/07/08 14:37:32.627, 5, 26, 75520, 97887
2026/07/08 14:37:32.640, 6, 81, 75528, 97887
2026/07/08 14:37:32.651, 7, 20, 75528, 97887
2026/07/08 14:37:33.665, 0, 0, 48704, 97887
2026/07/08 14:37:33.684, 1, 0, 48104, 97887
2026/07/08 14:37:33.702, 2, 0, 48104, 97887
2026/07/08 14:37:33.720, 3, 0, 48104, 97887
2026/07/08 14:37:33.740, 4, 93, 75518, 97887
2026/07/08 14:37:33.759, 5, 29, 75520, 97887
2026/07/08 14:37:33.776, 6, 65, 75528, 97887
2026/07/08 14:37:33.794, 7, 30, 75528, 97887
2026/07/08 14:37:34.809, 0, 0, 48704, 97887
2026/07/08 14:37:34.826, 1, 0, 48104, 97887
2026/07/08 14:37:34.841, 2, 0, 48104, 97887
2026/07/08 14:37:34.856, 3, 0, 48104, 97887
2026/07/08 14:37:34.872, 4, 95, 75518, 97887
2026/07/08 14:37:34.888, 5, 25, 75520, 97887
2026/07/08 14:37:34.904, 6, 58, 75528, 97887
2026/07/08 14:37:34.917, 7, 33, 75528, 97887
2026/07/08 14:37:35.931, 0, 0, 48704, 97887
2026/07/08 14:37:35.948, 1, 0, 48104, 97887
2026/07/08 14:37:35.965, 2, 0, 48104, 97887
2026/07/08 14:37:35.981, 3, 0, 48104, 97887
2026/07/08 14:37:35.997, 4, 96, 75518, 97887
2026/07/08 14:37:36.013, 5, 31, 75520, 97887
2026/07/08 14:37:36.028, 6, 81, 75528, 97887
2026/07/08 14:37:36.042, 7, 25, 75528, 97887
2026/07/08 14:37:37.056, 0, 0, 48704, 97887
2026/07/08 14:37:37.080, 1, 0, 48104, 97887
2026/07/08 14:37:37.096, 2, 0, 48104, 97887
2026/07/08 14:37:37.112, 3, 0, 48104, 97887
2026/07/08 14:37:37.129, 4, 96, 75518, 97887
2026/07/08 14:37:37.146, 5, 27, 75520, 97887
2026/07/08 14:37:37.168, 6, 71, 75528, 97887
2026/07/08 14:37:37.186, 7, 32, 75528, 97887
2026/07/08 14:37:38.202, 0, 0, 48704, 97887
2026/07/08 14:37:38.214, 1, 0, 48104, 97887
2026/07/08 14:37:38.224, 2, 0, 48104, 97887
2026/07/08 14:37:38.233, 3, 0, 48104, 97887
2026/07/08 14:37:38.248, 4, 95, 75518, 97887
2026/07/08 14:37:38.261, 5, 22, 75520, 97887
2026/07/08 14:37:38.274, 6, 93, 75528, 97887
2026/07/08 14:37:38.286, 7, 22, 75528, 97887
2026/07/08 14:37:39.303, 0, 0, 48704, 97887
2026/07/08 14:37:39.321, 1, 0, 48104, 97887
2026/07/08 14:37:39.334, 2, 0, 48104, 97887
2026/07/08 14:37:39.348, 3, 0, 48104, 97887
2026/07/08 14:37:39.364, 4, 93, 75518, 97887
2026/07/08 14:37:39.380, 5, 35, 75520, 97887
2026/07/08 14:37:39.394, 6, 95, 75528, 97887
2026/07/08 14:37:39.408, 7, 28, 75528, 97887
2026/07/08 14:37:40.423, 0, 0, 48704, 97887
2026/07/08 14:37:40.437, 1, 0, 48104, 97887
2026/07/08 14:37:40.449, 2, 0, 48104, 97887
2026/07/08 14:37:40.466, 3, 0, 48104, 97887
2026/07/08 14:37:40.484, 4, 90, 75518, 97887
2026/07/08 14:37:40.500, 5, 29, 75520, 97887
2026/07/08 14:37:40.515, 6, 95, 75528, 97887
2026/07/08 14:37:40.532, 7, 27, 75528, 97887
2026/07/08 14:37:41.548, 0, 0, 48704, 97887
2026/07/08 14:37:41.565, 1, 0, 48104, 97887
2026/07/08 14:37:41.578, 2, 0, 48104, 97887
2026/07/08 14:37:41.592, 3, 0, 48104, 97887
2026/07/08 14:37:41.608, 4, 95, 75518, 97887
2026/07/08 14:37:41.622, 5, 28, 75520, 97887
2026/07/08 14:37:41.637, 6, 89, 75528, 97887
2026/07/08 14:37:41.653, 7, 25, 75528, 97887
2026/07/08 14:37:42.668, 0, 0, 48704, 97887
2026/07/08 14:37:42.688, 1, 0, 48104, 97887
2026/07/08 14:37:42.705, 2, 0, 48104, 97887
2026/07/08 14:37:42.720, 3, 0, 48104, 97887
2026/07/08 14:37:42.737, 4, 96, 75518, 97887
2026/07/08 14:37:42.754, 5, 31, 75520, 97887
2026/07/08 14:37:42.769, 6, 93, 75528, 97887
2026/07/08 14:37:42.786, 7, 29, 75528, 97887
2026/07/08 14:37:43.800, 0, 0, 48704, 97887
2026/07/08 14:37:43.820, 1, 0, 48104, 97887
2026/07/08 14:37:43.838, 2, 0, 48104, 97887
2026/07/08 14:37:43.856, 3, 0, 48104, 97887
2026/07/08 14:37:43.875, 4, 93, 75518, 97887
2026/07/08 14:37:43.891, 5, 24, 75520, 97887
2026/07/08 14:37:43.908, 6, 93, 75528, 97887
2026/07/08 14:37:43.925, 7, 21, 75528, 97887
2026/07/08 14:37:44.940, 0, 0, 48704, 97887
2026/07/08 14:37:44.957, 1, 0, 48104, 97887
2026/07/08 14:37:44.975, 2, 0, 48104, 97887
2026/07/08 14:37:44.992, 3, 0, 48104, 97887
2026/07/08 14:37:45.012, 4, 96, 75518, 97887
2026/07/08 14:37:45.031, 5, 30, 75520, 97887
2026/07/08 14:37:45.048, 6, 89, 75528, 97887
2026/07/08 14:37:45.064, 7, 28, 75528, 97887
2026/07/08 14:37:46.081, 0, 0, 48704, 97887
2026/07/08 14:37:46.098, 1, 0, 48104, 97887
2026/07/08 14:37:46.114, 2, 0, 48104, 97887
2026/07/08 14:37:46.130, 3, 0, 48104, 97887
2026/07/08 14:37:46.144, 4, 92, 75518, 97887
2026/07/08 14:37:46.160, 5, 22, 75520, 97887
2026/07/08 14:37:46.177, 6, 94, 75528, 97887
2026/07/08 14:37:46.195, 7, 25, 75528, 97887
2026/07/08 14:37:47.213, 0, 0, 48704, 97887
2026/07/08 14:37:47.231, 1, 0, 48104, 97887
2026/07/08 14:37:47.249, 2, 0, 48104, 97887
2026/07/08 14:37:47.266, 3, 0, 48104, 97887
2026/07/08 14:37:47.283, 4, 92, 75518, 97887
2026/07/08 14:37:47.299, 5, 31, 75520, 97887
2026/07/08 14:37:47.318, 6, 92, 75528, 97887
2026/07/08 14:37:47.336, 7, 29, 75528, 97887
2026/07/08 14:37:48.351, 0, 0, 48704, 97887
2026/07/08 14:37:48.370, 1, 0, 48104, 97887
2026/07/08 14:37:48.388, 2, 0, 48104, 97887
2026/07/08 14:37:48.406, 3, 0, 48104, 97887
2026/07/08 14:37:48.423, 4, 76, 75518, 97887
2026/07/08 14:37:48.440, 5, 22, 75520, 97887
2026/07/08 14:37:48.457, 6, 89, 75528, 97887
2026/07/08 14:37:48.470, 7, 21, 75528, 97887
2026/07/08 14:37:49.486, 0, 0, 48704, 97887
2026/07/08 14:37:49.503, 1, 0, 48104, 97887
2026/07/08 14:37:49.520, 2, 0, 48104, 97887
2026/07/08 14:37:49.535, 3, 0, 48104, 97887
2026/07/08 14:37:49.553, 4, 89, 75518, 97887
2026/07/08 14:37:49.570, 5, 26, 75520, 97887
2026/07/08 14:37:49.588, 6, 92, 75528, 97887
2026/07/08 14:37:49.604, 7, 30, 75528, 97887
2026/07/08 14:37:50.622, 0, 0, 48704, 97887
2026/07/08 14:37:50.639, 1, 0, 48104, 97887
2026/07/08 14:37:50.655, 2, 0, 48104, 97887
2026/07/08 14:37:50.669, 3, 0, 48104, 97887
2026/07/08 14:37:50.683, 4, 83, 75518, 97887
2026/07/08 14:37:50.697, 5, 23, 75520, 97887
2026/07/08 14:37:50.710, 6, 84, 75528, 97887
2026/07/08 14:37:50.725, 7, 26, 75528, 97887
2026/07/08 14:37:51.737, 0, 0, 48704, 97887
2026/07/08 14:37:51.750, 1, 0, 48104, 97887
2026/07/08 14:37:51.762, 2, 0, 48104, 97887
2026/07/08 14:37:51.773, 3, 0, 48104, 97887
2026/07/08 14:37:51.787, 4, 94, 75518, 97887
2026/07/08 14:37:51.800, 5, 23, 75520, 97887
2026/07/08 14:37:51.814, 6, 91, 75528, 97887
2026/07/08 14:37:51.829, 7, 30, 75528, 97887
2026/07/08 14:37:52.847, 0, 0, 48704, 97887
2026/07/08 14:37:52.864, 1, 0, 48104, 97887
2026/07/08 14:37:52.881, 2, 0, 48104, 97887
2026/07/08 14:37:52.899, 3, 0, 48104, 97887
2026/07/08 14:37:52.917, 4, 96, 75518, 97887
2026/07/08 14:37:52.933, 5, 23, 75520, 97887
2026/07/08 14:37:52.946, 6, 93, 75528, 97887
2026/07/08 14:37:52.959, 7, 26, 75528, 97887
2026/07/08 14:37:53.973, 0, 0, 48704, 97887
2026/07/08 14:37:53.992, 1, 0, 48104, 97887
2026/07/08 14:37:54.007, 2, 0, 48104, 97887
2026/07/08 14:37:54.023, 3, 0, 48104, 97887
2026/07/08 14:37:54.035, 4, 93, 75518, 97887
2026/07/08 14:37:54.048, 5, 27, 75520, 97887
2026/07/08 14:37:54.060, 6, 91, 75528, 97887
2026/07/08 14:37:54.072, 7, 26, 75528, 97887
2026/07/08 14:37:55.084, 0, 0, 48704, 97887
2026/07/08 14:37:55.100, 1, 0, 48104, 97887
2026/07/08 14:37:55.115, 2, 0, 48104, 97887
2026/07/08 14:37:55.132, 3, 0, 48104, 97887
2026/07/08 14:37:55.146, 4, 90, 75518, 97887
2026/07/08 14:37:55.161, 5, 22, 75520, 97887
2026/07/08 14:37:55.178, 6, 85, 75528, 97887
2026/07/08 14:37:55.193, 7, 22, 75528, 97887
2026/07/08 14:37:56.205, 0, 0, 48704, 97887
2026/07/08 14:37:56.222, 1, 0, 48104, 97887
2026/07/08 14:37:56.240, 2, 0, 48104, 97887
2026/07/08 14:37:56.255, 3, 0, 48104, 97887
2026/07/08 14:37:56.270, 4, 95, 75518, 97887
2026/07/08 14:37:56.286, 5, 25, 75520, 97887
2026/07/08 14:37:56.302, 6, 89, 75528, 97887
2026/07/08 14:37:56.316, 7, 24, 75528, 97887
2026/07/08 14:37:57.332, 0, 0, 48704, 97887
2026/07/08 14:37:57.349, 1, 0, 48104, 97887
2026/07/08 14:37:57.365, 2, 0, 48104, 97887
2026/07/08 14:37:57.383, 3, 0, 48104, 97887
2026/07/08 14:37:57.397, 4, 96, 75518, 97887
2026/07/08 14:37:57.409, 5, 27, 75520, 97887
2026/07/08 14:37:57.424, 6, 91, 75528, 97887
2026/07/08 14:37:57.441, 7, 24, 75528, 97887
2026/07/08 14:37:58.460, 0, 0, 48704, 97887
2026/07/08 14:37:58.478, 1, 0, 48104, 97887
2026/07/08 14:37:58.496, 2, 0, 48104, 97887
2026/07/08 14:37:58.508, 3, 0, 48104, 97887
2026/07/08 14:37:58.525, 4, 79, 75518, 97887
2026/07/08 14:37:58.540, 5, 23, 75520, 97887
2026/07/08 14:37:58.557, 6, 85, 75528, 97887
2026/07/08 14:37:58.574, 7, 23, 75528, 97887
2026/07/08 14:37:59.591, 0, 0, 48704, 97887
2026/07/08 14:37:59.607, 1, 0, 48104, 97887
2026/07/08 14:37:59.622, 2, 0, 48104, 97887
2026/07/08 14:37:59.637, 3, 0, 48104, 97887
2026/07/08 14:37:59.651, 4, 97, 75518, 97887
2026/07/08 14:37:59.666, 5, 25, 75520, 97887
2026/07/08 14:37:59.682, 6, 95, 75528, 97887
2026/07/08 14:37:59.701, 7, 25, 75528, 97887
2026/07/08 14:38:00.716, 0, 0, 48704, 97887
2026/07/08 14:38:00.733, 1, 0, 48104, 97887
2026/07/08 14:38:00.749, 2, 0, 48104, 97887
2026/07/08 14:38:00.764, 3, 0, 48104, 97887
2026/07/08 14:38:00.780, 4, 68, 75518, 97887
2026/07/08 14:38:00.797, 5, 26, 75520, 97887
2026/07/08 14:38:00.815, 6, 92, 75528, 97887
2026/07/08 14:38:00.831, 7, 20, 75528, 97887
2026/07/08 14:38:01.847, 0, 0, 48704, 97887
2026/07/08 14:38:01.865, 1, 0, 48104, 97887
2026/07/08 14:38:01.882, 2, 0, 48104, 97887
2026/07/08 14:38:01.900, 3, 0, 48104, 97887
2026/07/08 14:38:01.918, 4, 86, 75518, 97887
2026/07/08 14:38:01.935, 5, 24, 75520, 97887
2026/07/08 14:38:01.956, 6, 94, 75528, 97887
2026/07/08 14:38:01.975, 7, 25, 75528, 97887
2026/07/08 14:38:03.000, 0, 0, 48704, 97887
2026/07/08 14:38:03.018, 1, 0, 48104, 97887
2026/07/08 14:38:03.034, 2, 0, 48104, 97887
2026/07/08 14:38:03.049, 3, 0, 48104, 97887
2026/07/08 14:38:03.059, 4, 58, 75518, 97887
2026/07/08 14:38:03.071, 5, 31, 75520, 97887
2026/07/08 14:38:03.081, 6, 93, 75528, 97887
2026/07/08 14:38:03.092, 7, 29, 75528, 97887
2026/07/08 14:38:04.102, 0, 0, 48704, 97887
2026/07/08 14:38:04.119, 1, 0, 48104, 97887
2026/07/08 14:38:04.130, 2, 0, 48104, 97887
2026/07/08 14:38:04.141, 3, 0, 48104, 97887
2026/07/08 14:38:04.151, 4, 71, 75518, 97887
2026/07/08 14:38:04.166, 5, 26, 75520, 97887
2026/07/08 14:38:04.181, 6, 94, 75528, 97887
2026/07/08 14:38:04.197, 7, 26, 75528, 97887
2026/07/08 14:38:05.213, 0, 0, 48704, 97887
2026/07/08 14:38:05.229, 1, 0, 48104, 97887
2026/07/08 14:38:05.243, 2, 0, 48104, 97887
2026/07/08 14:38:05.258, 3, 0, 48104, 97887
2026/07/08 14:38:05.272, 4, 68, 75518, 97887
2026/07/08 14:38:05.288, 5, 27, 75520, 97887
2026/07/08 14:38:05.306, 6, 92, 75528, 97887
2026/07/08 14:38:05.323, 7, 21, 75528, 97887
2026/07/08 14:38:06.337, 0, 0, 48704, 97887
2026/07/08 14:38:06.352, 1, 0, 48104, 97887
2026/07/08 14:38:06.367, 2, 0, 48104, 97887
2026/07/08 14:38:06.383, 3, 0, 48104, 97887
2026/07/08 14:38:06.401, 4, 81, 75518, 97887
2026/07/08 14:38:06.416, 5, 26, 75520, 97887
2026/07/08 14:38:06.431, 6, 88, 75528, 97887
2026/07/08 14:38:06.447, 7, 26, 75528, 97887
2026/07/08 14:38:07.465, 0, 0, 48704, 97887
2026/07/08 14:38:07.488, 1, 0, 48104, 97887
2026/07/08 14:38:07.504, 2, 0, 48104, 97887
2026/07/08 14:38:07.522, 3, 0, 48104, 97887
2026/07/08 14:38:07.539, 4, 83, 75518, 97887
2026/07/08 14:38:07.555, 5, 21, 75520, 97887
2026/07/08 14:38:07.580, 6, 0, 75528, 97887
2026/07/08 14:38:07.607, 7, 0, 75528, 97887
2026/07/08 14:38:08.624, 0, 0, 48704, 97887
2026/07/08 14:38:08.643, 1, 0, 48104, 97887
2026/07/08 14:38:08.660, 2, 0, 48104, 97887
2026/07/08 14:38:08.677, 3, 0, 48104, 97887
2026/07/08 14:38:08.693, 4, 90, 75518, 97887
2026/07/08 14:38:08.709, 5, 24, 75520, 97887
2026/07/08 14:38:08.725, 6, 0, 75528, 97887
2026/07/08 14:38:08.742, 7, 0, 75528, 97887
2026/07/08 14:38:09.753, 0, 0, 48704, 97887
2026/07/08 14:38:09.772, 1, 0, 48104, 97887
2026/07/08 14:38:09.790, 2, 0, 48104, 97887
2026/07/08 14:38:09.807, 3, 0, 48104, 97887
2026/07/08 14:38:09.822, 4, 61, 75518, 97887
2026/07/08 14:38:09.840, 5, 22, 75520, 97887
2026/07/08 14:38:09.857, 6, 0, 75528, 97887
2026/07/08 14:38:09.874, 7, 0, 75528, 97887
2026/07/08 14:38:10.892, 0, 0, 48704, 97887
2026/07/08 14:38:10.912, 1, 0, 48104, 97887
2026/07/08 14:38:10.929, 2, 0, 48104, 97887
2026/07/08 14:38:10.946, 3, 0, 48104, 97887
2026/07/08 14:38:10.957, 4, 46, 75518, 97887
2026/07/08 14:38:10.971, 5, 22, 75520, 97887
2026/07/08 14:38:10.985, 6, 0, 75528, 97887
2026/07/08 14:38:10.998, 7, 0, 75528, 97887
2026/07/08 14:38:12.015, 0, 0, 48704, 97887
2026/07/08 14:38:12.033, 1, 0, 48104, 97887
2026/07/08 14:38:12.049, 2, 0, 48104, 97887
2026/07/08 14:38:12.067, 3, 0, 48104, 97887
2026/07/08 14:38:12.086, 4, 57, 75518, 97887
2026/07/08 14:38:12.103, 5, 34, 75520, 97887
2026/07/08 14:38:12.121, 6, 0, 75528, 97887
2026/07/08 14:38:12.138, 7, 0, 75528, 97887
2026/07/08 14:38:13.152, 0, 0, 48704, 97887
2026/07/08 14:38:13.167, 1, 0, 48104, 97887
2026/07/08 14:38:13.189, 2, 0, 48104, 97887
2026/07/08 14:38:13.210, 3, 0, 48104, 97887
2026/07/08 14:38:13.227, 4, 30, 75518, 97887
2026/07/08 14:38:13.243, 5, 72, 75520, 97887
2026/07/08 14:38:13.262, 6, 0, 75528, 97887
2026/07/08 14:38:13.280, 7, 0, 75528, 97887
2026/07/08 14:38:14.302, 0, 0, 48704, 97887
2026/07/08 14:38:14.319, 1, 0, 48104, 97887
2026/07/08 14:38:14.338, 2, 0, 48104, 97887
2026/07/08 14:38:14.355, 3, 0, 48104, 97887
2026/07/08 14:38:14.370, 4, 81, 75518, 97887
2026/07/08 14:38:14.387, 5, 30, 75520, 97887
2026/07/08 14:38:14.404, 6, 0, 75528, 97887
2026/07/08 14:38:14.420, 7, 0, 75528, 97887
2026/07/08 14:38:15.435, 0, 0, 48704, 97887
2026/07/08 14:38:15.454, 1, 0, 48104, 97887
2026/07/08 14:38:15.472, 2, 0, 48104, 97887
2026/07/08 14:38:15.487, 3, 0, 48104, 97887
2026/07/08 14:38:15.502, 4, 89, 75518, 97887
2026/07/08 14:38:15.515, 5, 22, 75520, 97887
2026/07/08 14:38:15.531, 6, 0, 75528, 97887
2026/07/08 14:38:15.547, 7, 0, 75528, 97887
2026/07/08 14:38:16.563, 0, 0, 48704, 97887
2026/07/08 14:38:16.577, 1, 0, 48104, 97887
2026/07/08 14:38:16.592, 2, 0, 48104, 97887
2026/07/08 14:38:16.606, 3, 0, 48104, 97887
2026/07/08 14:38:16.618, 4, 86, 75518, 97887
2026/07/08 14:38:16.631, 5, 22, 75520, 97887
2026/07/08 14:38:16.643, 6, 0, 75528, 97887
2026/07/08 14:38:16.659, 7, 0, 75528, 97887
2026/07/08 14:38:17.675, 0, 0, 48704, 97887
2026/07/08 14:38:17.692, 1, 0, 48104, 97887
2026/07/08 14:38:17.707, 2, 0, 48104, 97887
2026/07/08 14:38:17.724, 3, 0, 48104, 97887
2026/07/08 14:38:17.742, 4, 87, 75518, 97887
2026/07/08 14:38:17.759, 5, 22, 75520, 97887
2026/07/08 14:38:17.777, 6, 0, 75528, 97887
2026/07/08 14:38:17.793, 7, 0, 75528, 97887
2026/07/08 14:38:18.811, 0, 0, 48704, 97887
2026/07/08 14:38:18.834, 1, 0, 48104, 97887
2026/07/08 14:38:18.857, 2, 0, 48104, 97887
2026/07/08 14:38:18.873, 3, 0, 48104, 97887
2026/07/08 14:38:18.890, 4, 91, 75518, 97887
2026/07/08 14:38:18.906, 5, 29, 75520, 97887
2026/07/08 14:38:18.921, 6, 0, 75528, 97887
2026/07/08 14:38:18.938, 7, 0, 75528, 97887
2026/07/08 14:38:19.955, 0, 0, 48704, 97887
2026/07/08 14:38:19.973, 1, 0, 48104, 97887
2026/07/08 14:38:19.990, 2, 0, 48104, 97887
2026/07/08 14:38:20.003, 3, 0, 48104, 97887
2026/07/08 14:38:20.018, 4, 32, 75518, 97887
2026/07/08 14:38:20.034, 5, 59, 75520, 97887
2026/07/08 14:38:20.051, 6, 0, 75528, 97887
2026/07/08 14:38:20.069, 7, 0, 75528, 97887
2026/07/08 14:38:21.085, 0, 0, 48704, 97887
2026/07/08 14:38:21.103, 1, 0, 48104, 97887
2026/07/08 14:38:21.120, 2, 0, 48104, 97887
2026/07/08 14:38:21.137, 3, 0, 48104, 97887
2026/07/08 14:38:21.154, 4, 28, 75518, 97887
2026/07/08 14:38:21.168, 5, 75, 75520, 97887
2026/07/08 14:38:21.182, 6, 0, 75528, 97887
2026/07/08 14:38:21.197, 7, 0, 75528, 97887
2026/07/08 14:38:22.212, 0, 0, 48704, 97887
2026/07/08 14:38:22.231, 1, 0, 48104, 97887
2026/07/08 14:38:22.250, 2, 0, 48104, 97887
2026/07/08 14:38:22.269, 3, 0, 48104, 97887
2026/07/08 14:38:22.290, 4, 31, 75518, 97887
2026/07/08 14:38:22.310, 5, 73, 75520, 97887
2026/07/08 14:38:22.322, 6, 0, 75528, 97887
2026/07/08 14:38:22.332, 7, 0, 75528, 97887
2026/07/08 14:38:23.347, 0, 0, 48704, 97887
2026/07/08 14:38:23.365, 1, 0, 48104, 97887
2026/07/08 14:38:23.383, 2, 0, 48104, 97887
2026/07/08 14:38:23.399, 3, 0, 48104, 97887
2026/07/08 14:38:23.418, 4, 30, 75518, 97887
2026/07/08 14:38:23.436, 5, 73, 75520, 97887
2026/07/08 14:38:23.453, 6, 0, 75528, 97887
2026/07/08 14:38:23.470, 7, 0, 75528, 97887
2026/07/08 14:38:24.489, 0, 0, 48704, 97887
2026/07/08 14:38:24.506, 1, 0, 48104, 97887
2026/07/08 14:38:24.522, 2, 0, 48104, 97887
2026/07/08 14:38:24.536, 3, 0, 48104, 97887
2026/07/08 14:38:24.552, 4, 31, 75518, 97887
2026/07/08 14:38:24.568, 5, 81, 75520, 97887
2026/07/08 14:38:24.583, 6, 0, 75528, 97887
2026/07/08 14:38:24.597, 7, 0, 75528, 97887
2026/07/08 14:38:25.613, 0, 0, 48704, 97887
2026/07/08 14:38:25.631, 1, 0, 48104, 97887
2026/07/08 14:38:25.648, 2, 0, 48104, 97887
2026/07/08 14:38:25.666, 3, 0, 48104, 97887
2026/07/08 14:38:25.684, 4, 45, 75518, 97887
2026/07/08 14:38:25.701, 5, 81, 75520, 97887
2026/07/08 14:38:25.717, 6, 0, 75528, 97887
2026/07/08 14:38:25.735, 7, 0, 75528, 97887
2026/07/08 14:38:26.752, 0, 0, 48704, 97887
2026/07/08 14:38:26.771, 1, 0, 48104, 97887
2026/07/08 14:38:26.789, 2, 0, 48104, 97887
2026/07/08 14:38:26.806, 3, 0, 48104, 97887
2026/07/08 14:38:26.824, 4, 32, 75518, 97887
2026/07/08 14:38:26.841, 5, 61, 75520, 97887
2026/07/08 14:38:26.857, 6, 0, 75528, 97887
2026/07/08 14:38:26.872, 7, 0, 75528, 97887
2026/07/08 14:38:27.889, 0, 0, 48704, 97887
2026/07/08 14:38:27.906, 1, 0, 48104, 97887
2026/07/08 14:38:27.923, 2, 0, 48104, 97887
2026/07/08 14:38:27.938, 3, 0, 48104, 97887
2026/07/08 14:38:27.954, 4, 41, 75518, 97887
2026/07/08 14:38:27.970, 5, 25, 75520, 97887
2026/07/08 14:38:27.986, 6, 0, 75528, 97887
2026/07/08 14:38:28.000, 7, 0, 75528, 97887
2026/07/08 14:38:29.015, 0, 0, 48704, 97887
2026/07/08 14:38:29.035, 1, 0, 48104, 97887
2026/07/08 14:38:29.050, 2, 0, 48104, 97887
2026/07/08 14:38:29.067, 3, 0, 48104, 97887
2026/07/08 14:38:29.081, 4, 33, 75520, 97887
2026/07/08 14:38:29.094, 5, 39, 75520, 97887
2026/07/08 14:38:29.110, 6, 0, 75528, 97887
2026/07/08 14:38:29.125, 7, 0, 75528, 97887
2026/07/08 14:38:30.139, 0, 0, 48704, 97887
2026/07/08 14:38:30.154, 1, 0, 48104, 97887
2026/07/08 14:38:30.169, 2, 0, 48104, 97887
2026/07/08 14:38:30.183, 3, 0, 48104, 97887
2026/07/08 14:38:30.197, 4, 96, 75520, 97887
2026/07/08 14:38:30.211, 5, 23, 75520, 97887
2026/07/08 14:38:30.226, 6, 0, 75528, 97887
2026/07/08 14:38:30.240, 7, 0, 75528, 97887
2026/07/08 14:38:31.254, 0, 0, 48704, 97887
2026/07/08 14:38:31.270, 1, 0, 48104, 97887
2026/07/08 14:38:31.285, 2, 0, 48104, 97887
2026/07/08 14:38:31.301, 3, 0, 48104, 97887
2026/07/08 14:38:31.316, 4, 46, 75520, 97887
2026/07/08 14:38:31.332, 5, 46, 75520, 97887
2026/07/08 14:38:31.350, 6, 0, 75528, 97887
2026/07/08 14:38:31.369, 7, 0, 75528, 97887
2026/07/08 14:38:32.386, 0, 0, 48704, 97887
2026/07/08 14:38:32.404, 1, 0, 48104, 97887
2026/07/08 14:38:32.419, 2, 0, 48104, 97887
2026/07/08 14:38:32.437, 3, 0, 48104, 97887
2026/07/08 14:38:32.454, 4, 38, 75520, 97887
2026/07/08 14:38:32.472, 5, 34, 75520, 97887
2026/07/08 14:38:32.490, 6, 0, 75528, 97887
2026/07/08 14:38:32.509, 7, 0, 75528, 97887
2026/07/08 14:38:33.524, 0, 0, 48704, 97887
2026/07/08 14:38:33.541, 1, 0, 48104, 97887
2026/07/08 14:38:33.556, 2, 0, 48104, 97887
2026/07/08 14:38:33.571, 3, 0, 48104, 97887
2026/07/08 14:38:33.587, 4, 38, 75520, 97887
2026/07/08 14:38:33.604, 5, 48, 75520, 97887
2026/07/08 14:38:33.620, 6, 0, 75528, 97887
2026/07/08 14:38:33.637, 7, 0, 75528, 97887
2026/07/08 14:38:34.658, 0, 0, 48704, 97887
2026/07/08 14:38:34.676, 1, 0, 48104, 97887
2026/07/08 14:38:34.696, 2, 0, 48104, 97887
2026/07/08 14:38:34.716, 3, 0, 48104, 97887
2026/07/08 14:38:34.736, 4, 34, 75520, 97887
2026/07/08 14:38:34.755, 5, 69, 75520, 97887
2026/07/08 14:38:34.772, 6, 0, 75528, 97887
2026/07/08 14:38:34.790, 7, 0, 75528, 97887
2026/07/08 14:38:35.806, 0, 0, 48704, 97887
2026/07/08 14:38:35.825, 1, 0, 48104, 97887
2026/07/08 14:38:35.842, 2, 0, 48104, 97887
2026/07/08 14:38:35.861, 3, 0, 48104, 97887
2026/07/08 14:38:35.878, 4, 52, 75520, 97887
2026/07/08 14:38:35.894, 5, 34, 75520, 97887
2026/07/08 14:38:35.910, 6, 0, 75528, 97887
2026/07/08 14:38:35.926, 7, 0, 75528, 97887
2026/07/08 14:38:36.942, 0, 0, 48704, 97887
2026/07/08 14:38:36.958, 1, 0, 48104, 97887
2026/07/08 14:38:36.974, 2, 0, 48104, 97887
2026/07/08 14:38:36.990, 3, 0, 48104, 97887
2026/07/08 14:38:37.005, 4, 50, 75520, 97887
2026/07/08 14:38:37.019, 5, 48, 75520, 97887
2026/07/08 14:38:37.034, 6, 0, 75528, 97887
2026/07/08 14:38:37.047, 7, 0, 75528, 97887
2026/07/08 14:38:38.062, 0, 0, 48704, 97887
2026/07/08 14:38:38.081, 1, 0, 48104, 97887
2026/07/08 14:38:38.098, 2, 0, 48104, 97887
2026/07/08 14:38:38.117, 3, 0, 48104, 97887
2026/07/08 14:38:38.131, 4, 45, 75520, 97887
2026/07/08 14:38:38.148, 5, 41, 75520, 97887
2026/07/08 14:38:38.163, 6, 0, 75528, 97887
2026/07/08 14:38:38.180, 7, 0, 75528, 97887
2026/07/08 14:38:39.196, 0, 0, 48704, 97887
2026/07/08 14:38:39.214, 1, 0, 48104, 97887
2026/07/08 14:38:39.228, 2, 0, 48104, 97887
2026/07/08 14:38:39.243, 3, 0, 48104, 97887
2026/07/08 14:38:39.258, 4, 42, 75520, 97887
2026/07/08 14:38:39.273, 5, 23, 75520, 97887
2026/07/08 14:38:39.288, 6, 0, 75528, 97887
2026/07/08 14:38:39.305, 7, 0, 75528, 97887
2026/07/08 14:38:40.321, 0, 0, 48704, 97887
2026/07/08 14:38:40.339, 1, 0, 48104, 97887
2026/07/08 14:38:40.357, 2, 0, 48104, 97887
2026/07/08 14:38:40.374, 3, 0, 48104, 97887
2026/07/08 14:38:40.390, 4, 35, 75520, 97887
2026/07/08 14:38:40.404, 5, 58, 75520, 97887
2026/07/08 14:38:40.420, 6, 0, 75528, 97887
2026/07/08 14:38:40.437, 7, 0, 75528, 97887
2026/07/08 14:38:41.455, 0, 0, 48704, 97887
2026/07/08 14:38:41.469, 1, 0, 48104, 97887
2026/07/08 14:38:41.483, 2, 0, 48104, 97887
2026/07/08 14:38:41.497, 3, 0, 48104, 97887
2026/07/08 14:38:41.511, 4, 31, 75520, 97887
2026/07/08 14:38:41.525, 5, 60, 75520, 97887
2026/07/08 14:38:41.539, 6, 0, 75528, 97887
2026/07/08 14:38:41.557, 7, 0, 75528, 97887
2026/07/08 14:38:42.575, 0, 0, 48704, 97887
2026/07/08 14:38:42.585, 1, 0, 48104, 97887
2026/07/08 14:38:42.597, 2, 0, 48104, 97887
2026/07/08 14:38:42.614, 3, 0, 48104, 97887
2026/07/08 14:38:42.630, 4, 41, 75520, 97887
2026/07/08 14:38:42.646, 5, 49, 75520, 97887
2026/07/08 14:38:42.661, 6, 0, 75528, 97887
2026/07/08 14:38:42.676, 7, 0, 75528, 97887
2026/07/08 14:38:43.691, 0, 0, 48704, 97887
2026/07/08 14:38:43.709, 1, 0, 48104, 97887
2026/07/08 14:38:43.726, 2, 0, 48104, 97887
2026/07/08 14:38:43.743, 3, 0, 48104, 97887
2026/07/08 14:38:43.762, 4, 43, 75520, 97887
2026/07/08 14:38:43.781, 5, 50, 75520, 97887
2026/07/08 14:38:43.798, 6, 0, 75528, 97887
2026/07/08 14:38:43.816, 7, 0, 75528, 97887
2026/07/08 14:38:44.833, 0, 0, 48704, 97887
2026/07/08 14:38:44.852, 1, 0, 48104, 97887
2026/07/08 14:38:44.870, 2, 0, 48104, 97887
2026/07/08 14:38:44.885, 3, 0, 48104, 97887
2026/07/08 14:38:44.903, 4, 92, 75520, 97887
2026/07/08 14:38:44.919, 5, 20, 75520, 97887
2026/07/08 14:38:44.937, 6, 0, 75528, 97887
2026/07/08 14:38:44.954, 7, 0, 75528, 97887
2026/07/08 14:38:45.973, 0, 0, 48704, 97887
2026/07/08 14:38:45.991, 1, 0, 48104, 97887
2026/07/08 14:38:46.009, 2, 0, 48104, 97887
2026/07/08 14:38:46.026, 3, 0, 48104, 97887
2026/07/08 14:38:46.043, 4, 93, 75520, 97887
2026/07/08 14:38:46.061, 5, 20, 75520, 97887
2026/07/08 14:38:46.080, 6, 0, 75528, 97887
2026/07/08 14:38:46.095, 7, 0, 75528, 97887
2026/07/08 14:38:47.112, 0, 0, 48704, 97887
2026/07/08 14:38:47.130, 1, 0, 48104, 97887
2026/07/08 14:38:47.146, 2, 0, 48104, 97887
2026/07/08 14:38:47.164, 3, 0, 48104, 97887
2026/07/08 14:38:47.176, 4, 93, 75520, 97887
2026/07/08 14:38:47.192, 5, 20, 75520, 97887
2026/07/08 14:38:47.209, 6, 0, 75528, 97887
2026/07/08 14:38:47.225, 7, 0, 75528, 97887
2026/07/08 14:38:48.243, 0, 0, 48704, 97887
2026/07/08 14:38:48.261, 1, 0, 48104, 97887
2026/07/08 14:38:48.278, 2, 0, 48104, 97887
2026/07/08 14:38:48.296, 3, 0, 48104, 97887
2026/07/08 14:38:48.313, 4, 95, 75520, 97887
2026/07/08 14:38:48.331, 5, 24, 75520, 97887
2026/07/08 14:38:48.347, 6, 0, 75528, 97887
2026/07/08 14:38:48.362, 7, 0, 75528, 97887
2026/07/08 14:38:49.381, 0, 0, 48704, 97887
2026/07/08 14:38:49.399, 1, 0, 48104, 97887
2026/07/08 14:38:49.417, 2, 0, 48104, 97887
2026/07/08 14:38:49.436, 3, 0, 48104, 97887
2026/07/08 14:38:49.452, 4, 88, 75520, 97887
2026/07/08 14:38:49.469, 5, 24, 75520, 97887
2026/07/08 14:38:49.488, 6, 0, 75528, 97887
2026/07/08 14:38:49.505, 7, 0, 75528, 97887
2026/07/08 14:38:50.522, 0, 0, 48704, 97887
2026/07/08 14:38:50.540, 1, 0, 48104, 97887
2026/07/08 14:38:50.557, 2, 0, 48104, 97887
2026/07/08 14:38:50.574, 3, 0, 48104, 97887
2026/07/08 14:38:50.591, 4, 92, 75520, 97887
2026/07/08 14:38:50.609, 5, 19, 75520, 97887
2026/07/08 14:38:50.624, 6, 0, 75528, 97887
2026/07/08 14:38:50.650, 7, 0, 75528, 97887
2026/07/08 14:38:51.667, 0, 0, 48704, 97887
2026/07/08 14:38:51.685, 1, 0, 48104, 97887
2026/07/08 14:38:51.698, 2, 0, 48104, 97887
2026/07/08 14:38:51.715, 3, 0, 48104, 97887
2026/07/08 14:38:51.730, 4, 96, 75520, 97887
2026/07/08 14:38:51.748, 5, 24, 75520, 97887
2026/07/08 14:38:51.761, 6, 0, 75528, 97887
2026/07/08 14:38:51.778, 7, 0, 75528, 97887
2026/07/08 14:38:52.793, 0, 0, 48704, 97887
2026/07/08 14:38:52.811, 1, 0, 48104, 97887
2026/07/08 14:38:52.826, 2, 0, 48104, 97887
2026/07/08 14:38:52.840, 3, 0, 48104, 97887
2026/07/08 14:38:52.854, 4, 91, 75520, 97887
2026/07/08 14:38:52.869, 5, 21, 75520, 97887
2026/07/08 14:38:52.884, 6, 0, 75528, 97887
2026/07/08 14:38:52.900, 7, 0, 75528, 97887
2026/07/08 14:38:53.917, 0, 0, 48704, 97887
2026/07/08 14:38:53.943, 1, 0, 48104, 97887
2026/07/08 14:38:53.963, 2, 0, 48104, 97887
2026/07/08 14:38:53.981, 3, 0, 48104, 97887
2026/07/08 14:38:53.999, 4, 92, 75520, 97887
2026/07/08 14:38:54.017, 5, 19, 75520, 97887
2026/07/08 14:38:54.035, 6, 0, 75528, 97887
2026/07/08 14:38:54.052, 7, 0, 75528, 97887
2026/07/08 14:38:55.067, 0, 0, 48704, 97887
2026/07/08 14:38:55.084, 1, 0, 48104, 97887
2026/07/08 14:38:55.101, 2, 0, 48104, 97887
2026/07/08 14:38:55.114, 3, 0, 48104, 97887
2026/07/08 14:38:55.125, 4, 94, 75520, 97887
2026/07/08 14:38:55.141, 5, 22, 75520, 97887
2026/07/08 14:38:55.156, 6, 0, 75528, 97887
2026/07/08 14:38:55.174, 7, 0, 75528, 97887
2026/07/08 14:38:56.192, 0, 0, 48704, 97887
2026/07/08 14:38:56.210, 1, 0, 48104, 97887
2026/07/08 14:38:56.226, 2, 0, 48104, 97887
2026/07/08 14:38:56.243, 3, 0, 48104, 97887
2026/07/08 14:38:56.260, 4, 95, 75520, 97887
2026/07/08 14:38:56.276, 5, 23, 75520, 97887
2026/07/08 14:38:56.290, 6, 0, 75528, 97887
2026/07/08 14:38:56.305, 7, 0, 75528, 97887
2026/07/08 14:38:57.319, 0, 0, 48704, 97887
2026/07/08 14:38:57.334, 1, 0, 48104, 97887
2026/07/08 14:38:57.365, 2, 0, 48104, 97887
2026/07/08 14:38:57.383, 3, 0, 48104, 97887
2026/07/08 14:38:57.398, 4, 94, 75520, 97887
2026/07/08 14:38:57.418, 5, 24, 75520, 97887
2026/07/08 14:38:57.441, 6, 0, 75528, 97887
2026/07/08 14:38:57.458, 7, 0, 75528, 97887
2026/07/08 14:38:58.473, 0, 0, 48704, 97887
2026/07/08 14:38:58.490, 1, 0, 48104, 97887
2026/07/08 14:38:58.506, 2, 0, 48104, 97887
2026/07/08 14:38:58.521, 3, 0, 48104, 97887
2026/07/08 14:38:58.536, 4, 0, 75520, 97887
2026/07/08 14:38:58.550, 5, 0, 75520, 97887
2026/07/08 14:38:58.565, 6, 0, 75528, 97887
2026/07/08 14:38:58.581, 7, 0, 75528, 97887
2026/07/08 14:38:59.598, 0, 0, 48704, 97887
2026/07/08 14:38:59.616, 1, 0, 48104, 97887
2026/07/08 14:38:59.633, 2, 0, 48104, 97887
2026/07/08 14:38:59.652, 3, 0, 48104, 97887
2026/07/08 14:38:59.667, 4, 0, 75520, 97887
2026/07/08 14:38:59.683, 5, 0, 75520, 97887
2026/07/08 14:38:59.700, 6, 0, 75528, 97887
2026/07/08 14:38:59.717, 7, 0, 75528, 97887
2026/07/08 14:39:00.734, 0, 0, 48704, 97887
2026/07/08 14:39:00.751, 1, 0, 48104, 97887
2026/07/08 14:39:00.763, 2, 0, 48104, 97887
2026/07/08 14:39:00.779, 3, 0, 48104, 97887
2026/07/08 14:39:00.794, 4, 0, 75520, 97887
2026/07/08 14:39:00.808, 5, 0, 75520, 97887
2026/07/08 14:39:00.819, 6, 0, 75528, 97887
2026/07/08 14:39:00.832, 7, 0, 75528, 97887
2026/07/08 14:39:01.845, 0, 0, 48704, 97887
2026/07/08 14:39:01.861, 1, 0, 48104, 97887
2026/07/08 14:39:01.876, 2, 0, 48104, 97887
2026/07/08 14:39:01.891, 3, 0, 48104, 97887
2026/07/08 14:39:01.907, 4, 0, 75520, 97887
2026/07/08 14:39:01.923, 5, 0, 75520, 97887
2026/07/08 14:39:01.938, 6, 0, 75528, 97887
2026/07/08 14:39:01.954, 7, 0, 75528, 97887
2026/07/08 14:39:02.969, 0, 0, 48704, 97887
2026/07/08 14:39:02.989, 1, 0, 48104, 97887
2026/07/08 14:39:03.009, 2, 0, 48104, 97887
2026/07/08 14:39:03.029, 3, 0, 48104, 97887
2026/07/08 14:39:03.051, 4, 0, 75520, 97887
2026/07/08 14:39:03.063, 5, 0, 75520, 97887
2026/07/08 14:39:03.078, 6, 0, 75528, 97887
2026/07/08 14:39:03.099, 7, 0, 75528, 97887
2026/07/08 14:39:04.122, 0, 0, 48704, 97887
2026/07/08 14:39:04.136, 1, 0, 48104, 97887
2026/07/08 14:39:04.146, 2, 0, 48104, 97887
2026/07/08 14:39:04.156, 3, 0, 48104, 97887
2026/07/08 14:39:04.172, 4, 0, 75520, 97887
2026/07/08 14:39:04.187, 5, 0, 75520, 97887
2026/07/08 14:39:04.203, 6, 0, 75528, 97887
2026/07/08 14:39:04.220, 7, 0, 75528, 97887
2026/07/08 14:39:05.239, 0, 0, 48704, 97887
2026/07/08 14:39:05.258, 1, 0, 48104, 97887
2026/07/08 14:39:05.274, 2, 0, 48104, 97887
2026/07/08 14:39:05.289, 3, 0, 48104, 97887
2026/07/08 14:39:05.307, 4, 0, 75520, 97887
2026/07/08 14:39:05.327, 5, 0, 75520, 97887
2026/07/08 14:39:05.344, 6, 0, 75528, 97887
2026/07/08 14:39:05.361, 7, 0, 75528, 97887
2026/07/08 14:39:06.378, 0, 0, 48704, 97887
2026/07/08 14:39:06.397, 1, 0, 48104, 97887
2026/07/08 14:39:06.414, 2, 0, 48104, 97887
2026/07/08 14:39:06.432, 3, 0, 48104, 97887
2026/07/08 14:39:06.450, 4, 0, 75520, 97887
2026/07/08 14:39:06.468, 5, 0, 75520, 97887
2026/07/08 14:39:06.486, 6, 0, 75528, 97887
2026/07/08 14:39:06.504, 7, 0, 75528, 97887
2026/07/08 14:39:07.521, 0, 0, 48704, 97887
2026/07/08 14:39:07.540, 1, 0, 48104, 97887
2026/07/08 14:39:07.555, 2, 0, 48104, 97887
2026/07/08 14:39:07.572, 3, 0, 48104, 97887
2026/07/08 14:39:07.589, 4, 0, 75520, 97887
2026/07/08 14:39:07.606, 5, 0, 75520, 97887
2026/07/08 14:39:07.622, 6, 0, 75528, 97887
2026/07/08 14:39:07.640, 7, 0, 75528, 97887
2026/07/08 14:39:08.658, 0, 0, 48704, 97887
2026/07/08 14:39:08.678, 1, 0, 48104, 97887
2026/07/08 14:39:08.697, 2, 0, 48104, 97887
2026/07/08 14:39:08.717, 3, 0, 48104, 97887
2026/07/08 14:39:08.737, 4, 0, 75520, 97887
2026/07/08 14:39:08.756, 5, 0, 75520, 97887
2026/07/08 14:39:08.774, 6, 0, 75528, 97887
2026/07/08 14:39:08.791, 7, 0, 75528, 97887
2026/07/08 14:39:09.809, 0, 0, 48704, 97887
2026/07/08 14:39:09.828, 1, 0, 48104, 97887
2026/07/08 14:39:09.845, 2, 0, 48104, 97887
2026/07/08 14:39:09.865, 3, 0, 48104, 97887
2026/07/08 14:39:09.883, 4, 0, 75520, 97887
2026/07/08 14:39:09.902, 5, 0, 75520, 97887
2026/07/08 14:39:09.922, 6, 0, 75528, 97887
2026/07/08 14:39:09.942, 7, 0, 75528, 97887
2026/07/08 14:39:10.963, 0, 0, 48704, 97887
2026/07/08 14:39:10.982, 1, 0, 48104, 97887
2026/07/08 14:39:10.999, 2, 0, 48104, 97887
2026/07/08 14:39:11.016, 3, 0, 48104, 97887
2026/07/08 14:39:11.035, 4, 0, 75520, 97887
2026/07/08 14:39:11.054, 5, 0, 75520, 97887
2026/07/08 14:39:11.071, 6, 0, 75528, 97887
2026/07/08 14:39:11.089, 7, 0, 75528, 97887
2026/07/08 14:39:12.105, 0, 0, 48704, 97887
2026/07/08 14:39:12.124, 1, 0, 48104, 97887
2026/07/08 14:39:12.145, 2, 0, 48104, 97887
2026/07/08 14:39:12.163, 3, 0, 48104, 97887
2026/07/08 14:39:12.179, 4, 0, 75520, 97887
2026/07/08 14:39:12.195, 5, 0, 75520, 97887
2026/07/08 14:39:12.209, 6, 0, 75528, 97887
2026/07/08 14:39:12.224, 7, 0, 75528, 97887
2026/07/08 14:39:13.242, 0, 0, 48704, 97887
2026/07/08 14:39:13.261, 1, 0, 48104, 97887
2026/07/08 14:39:13.279, 2, 0, 48104, 97887
2026/07/08 14:39:13.298, 3, 0, 48104, 97887
2026/07/08 14:39:13.313, 4, 0, 75520, 97887
2026/07/08 14:39:13.331, 5, 0, 75520, 97887
2026/07/08 14:39:13.350, 6, 0, 75528, 97887
2026/07/08 14:39:13.368, 7, 0, 75528, 97887
2026/07/08 14:39:14.387, 0, 0, 48704, 97887
2026/07/08 14:39:14.406, 1, 0, 48104, 97887
2026/07/08 14:39:14.426, 2, 0, 48104, 97887
2026/07/08 14:39:14.444, 3, 0, 48104, 97887
2026/07/08 14:39:14.461, 4, 0, 75520, 97887
2026/07/08 14:39:14.479, 5, 0, 75520, 97887
2026/07/08 14:39:14.496, 6, 0, 75528, 97887
2026/07/08 14:39:14.513, 7, 0, 75528, 97887
2026/07/08 14:39:15.530, 0, 0, 48704, 97887
2026/07/08 14:39:15.550, 1, 0, 48104, 97887
2026/07/08 14:39:15.570, 2, 0, 48104, 97887
2026/07/08 14:39:15.590, 3, 0, 48104, 97887
2026/07/08 14:39:15.609, 4, 0, 75520, 97887
2026/07/08 14:39:15.627, 5, 0, 75520, 97887
2026/07/08 14:39:15.647, 6, 0, 75528, 97887
2026/07/08 14:39:15.667, 7, 0, 75528, 97887
2026/07/08 14:39:16.686, 0, 0, 48704, 97887
2026/07/08 14:39:16.702, 1, 0, 48104, 97887
2026/07/08 14:39:16.720, 2, 0, 48104, 97887
2026/07/08 14:39:16.736, 3, 0, 48104, 97887
2026/07/08 14:39:16.754, 4, 0, 75520, 97887
2026/07/08 14:39:16.773, 5, 0, 75520, 97887
2026/07/08 14:39:16.792, 6, 0, 75528, 97887
2026/07/08 14:39:16.810, 7, 0, 75528, 97887
2026/07/08 14:39:17.829, 0, 0, 48704, 97887
2026/07/08 14:39:17.849, 1, 0, 48104, 97887
2026/07/08 14:39:17.868, 2, 0, 48104, 97887
2026/07/08 14:39:17.887, 3, 0, 48104, 97887
2026/07/08 14:39:17.904, 4, 0, 75520, 97887
2026/07/08 14:39:17.921, 5, 0, 75520, 97887
2026/07/08 14:39:17.937, 6, 0, 75528, 97887
2026/07/08 14:39:17.954, 7, 0, 75528, 97887
2026/07/08 14:39:18.971, 0, 0, 48704, 97887
2026/07/08 14:39:18.990, 1, 0, 48104, 97887
2026/07/08 14:39:19.009, 2, 0, 48104, 97887
2026/07/08 14:39:19.030, 3, 0, 48104, 97887
2026/07/08 14:39:19.044, 4, 0, 75520, 97887
2026/07/08 14:39:19.059, 5, 0, 75520, 97887
2026/07/08 14:39:19.074, 6, 0, 75528, 97887
2026/07/08 14:39:19.094, 7, 0, 75528, 97887
2026/07/08 14:39:20.112, 0, 0, 48704, 97887
2026/07/08 14:39:20.131, 1, 0, 48104, 97887
2026/07/08 14:39:20.147, 2, 0, 48104, 97887
2026/07/08 14:39:20.164, 3, 0, 48104, 97887
2026/07/08 14:39:20.181, 4, 0, 75520, 97887
2026/07/08 14:39:20.198, 5, 0, 75520, 97887
2026/07/08 14:39:20.216, 6, 0, 75528, 97887
2026/07/08 14:39:20.232, 7, 0, 75528, 97887
2026/07/08 14:39:21.249, 0, 0, 48704, 97887
2026/07/08 14:39:21.267, 1, 0, 48104, 97887
2026/07/08 14:39:21.287, 2, 0, 48104, 97887
2026/07/08 14:39:21.305, 3, 0, 48104, 97887
2026/07/08 14:39:21.325, 4, 0, 75520, 97887
2026/07/08 14:39:21.344, 5, 0, 75520, 97887
2026/07/08 14:39:21.366, 6, 0, 75528, 97887
2026/07/08 14:39:21.387, 7, 0, 75528, 97887
2026/07/08 14:39:22.407, 0, 0, 48704, 97887
2026/07/08 14:39:22.426, 1, 0, 48104, 97887
2026/07/08 14:39:22.444, 2, 0, 48104, 97887
2026/07/08 14:39:22.466, 3, 0, 48104, 97887
2026/07/08 14:39:22.484, 4, 0, 75520, 97887
2026/07/08 14:39:22.503, 5, 0, 75520, 97887
2026/07/08 14:39:22.519, 6, 0, 75528, 97887
2026/07/08 14:39:22.533, 7, 0, 75528, 97887
2026/07/08 14:39:23.550, 0, 0, 48704, 97887
2026/07/08 14:39:23.566, 1, 0, 48104, 97887
2026/07/08 14:39:23.583, 2, 0, 48104, 97887
2026/07/08 14:39:23.598, 3, 0, 48104, 97887
2026/07/08 14:39:23.612, 4, 0, 75519, 97887
2026/07/08 14:39:23.627, 5, 0, 75519, 97887
2026/07/08 14:39:23.643, 6, 2, 75525, 97887
2026/07/08 14:39:23.663, 7, 0, 75527, 97887
2026/07/08 14:39:24.685, 0, 0, 48704, 97887
2026/07/08 14:39:24.700, 1, 0, 48104, 97887
2026/07/08 14:39:24.718, 2, 0, 48104, 97887
2026/07/08 14:39:24.733, 3, 0, 48104, 97887
2026/07/08 14:39:24.750, 4, 0, 4, 97887
2026/07/08 14:39:24.765, 5, 82, 4, 97887
2026/07/08 14:39:24.782, 6, 0, 22, 97887
2026/07/08 14:39:24.798, 7, 0, 3, 97887
2026/07/08 14:39:26.110, 0, 0, 48704, 97887
2026/07/08 14:39:26.129, 1, 0, 48104, 97887
2026/07/08 14:39:26.146, 2, 0, 48104, 97887
2026/07/08 14:39:26.180, 3, 0, 48104, 97887
2026/07/08 14:39:26.197, 4, 0, 3, 97887
2026/07/08 14:39:26.213, 5, 0, 3, 97887
2026/07/08 14:39:26.228, 6, 0, 3, 97887
2026/07/08 14:39:26.243, 7, 0, 3, 97887
2026/07/08 14:39:27.259, 0, 0, 48704, 97887
2026/07/08 14:39:27.277, 1, 0, 48104, 97887
2026/07/08 14:39:27.293, 2, 0, 48104, 97887
2026/07/08 14:39:27.310, 3, 0, 48104, 97887
2026/07/08 14:39:27.328, 4, 0, 3, 97887
2026/07/08 14:39:27.345, 5, 0, 3, 97887
2026/07/08 14:39:27.361, 6, 0, 3, 97887
2026/07/08 14:39:27.378, 7, 0, 3, 97887
2026/07/08 14:39:28.394, 0, 0, 48704, 97887
2026/07/08 14:39:28.413, 1, 0, 48104, 97887
2026/07/08 14:39:28.430, 2, 0, 48104, 97887
2026/07/08 14:39:28.448, 3, 0, 48104, 97887
2026/07/08 14:39:28.467, 4, 0, 3, 97887
2026/07/08 14:39:28.484, 5, 0, 3, 97887
2026/07/08 14:39:28.502, 6, 0, 3, 97887
2026/07/08 14:39:28.519, 7, 0, 3, 97887
2026/07/08 14:39:29.536, 0, 0, 48704, 97887
2026/07/08 14:39:29.555, 1, 0, 48072, 97887
2026/07/08 14:39:29.570, 2, 0, 48104, 97887
2026/07/08 14:39:29.587, 3, 0, 48104, 97887
2026/07/08 14:39:29.604, 4, 0, 3, 97887
2026/07/08 14:39:29.623, 5, 0, 3, 97887
2026/07/08 14:39:29.639, 6, 0, 3, 97887
2026/07/08 14:39:29.655, 7, 0, 3, 97887
