timestamp, index, utilization.gpu [%], memory.used [MiB], memory.total [MiB]
2026/07/08 13:40:03.919, 0, 0, 0, 97887
2026/07/08 13:40:03.934, 1, 0, 0, 97887
2026/07/08 13:40:03.950, 2, 0, 0, 97887
2026/07/08 13:40:03.964, 3, 0, 0, 97887
2026/07/08 13:40:03.976, 4, 0, 0, 97887
2026/07/08 13:40:03.988, 5, 0, 0, 97887
2026/07/08 13:40:03.999, 6, 0, 0, 97887
2026/07/08 13:40:04.011, 7, 0, 0, 97887
2026/07/08 13:40:05.022, 0, 0, 0, 97887
2026/07/08 13:40:05.038, 1, 0, 0, 97887
2026/07/08 13:40:05.053, 2, 0, 0, 97887
2026/07/08 13:40:05.069, 3, 0, 0, 97887
2026/07/08 13:40:05.086, 4, 0, 0, 97887
2026/07/08 13:40:05.103, 5, 0, 0, 97887
2026/07/08 13:40:05.119, 6, 0, 0, 97887
2026/07/08 13:40:05.136, 7, 0, 0, 97887
2026/07/08 13:40:06.153, 0, 0, 0, 97887
2026/07/08 13:40:06.174, 1, 0, 0, 97887
2026/07/08 13:40:06.189, 2, 0, 0, 97887
2026/07/08 13:40:06.206, 3, 0, 0, 97887
2026/07/08 13:40:06.226, 4, 0, 0, 97887
2026/07/08 13:40:06.242, 5, 0, 0, 97887
2026/07/08 13:40:06.259, 6, 0, 0, 97887
2026/07/08 13:40:06.277, 7, 0, 0, 97887
2026/07/08 13:40:07.294, 0, 0, 0, 97887
2026/07/08 13:40:07.315, 1, 0, 0, 97887
2026/07/08 13:40:07.331, 2, 0, 0, 97887
2026/07/08 13:40:07.347, 3, 0, 0, 97887
2026/07/08 13:40:07.363, 4, 0, 0, 97887
2026/07/08 13:40:07.379, 5, 0, 0, 97887
2026/07/08 13:40:07.396, 6, 0, 0, 97887
2026/07/08 13:40:07.409, 7, 0, 0, 97887
2026/07/08 13:40:08.422, 0, 0, 0, 97887
2026/07/08 13:40:08.439, 1, 0, 0, 97887
2026/07/08 13:40:08.455, 2, 0, 0, 97887
2026/07/08 13:40:08.468, 3, 0, 0, 97887
2026/07/08 13:40:08.483, 4, 0, 0, 97887
2026/07/08 13:40:08.497, 5, 0, 0, 97887
2026/07/08 13:40:08.513, 6, 0, 0, 97887
2026/07/08 13:40:08.528, 7, 0, 0, 97887
2026/07/08 13:40:09.542, 0, 0, 0, 97887
2026/07/08 13:40:09.557, 1, 0, 0, 97887
2026/07/08 13:40:09.573, 2, 0, 0, 97887
2026/07/08 13:40:09.587, 3, 0, 0, 97887
2026/07/08 13:40:09.601, 4, 0, 0, 97887
2026/07/08 13:40:09.613, 5, 0, 0, 97887
2026/07/08 13:40:09.624, 6, 0, 0, 97887
2026/07/08 13:40:09.637, 7, 0, 0, 97887
2026/07/08 13:40:10.652, 0, 0, 0, 97887
2026/07/08 13:40:10.670, 1, 0, 0, 97887
2026/07/08 13:40:10.685, 2, 0, 0, 97887
2026/07/08 13:40:10.699, 3, 0, 0, 97887
2026/07/08 13:40:10.711, 4, 0, 0, 97887
2026/07/08 13:40:10.728, 5, 0, 0, 97887
2026/07/08 13:40:10.743, 6, 0, 0, 97887
2026/07/08 13:40:10.757, 7, 0, 0, 97887
2026/07/08 13:40:11.771, 0, 0, 1, 97887
2026/07/08 13:40:11.789, 1, 0, 1, 97887
2026/07/08 13:40:11.805, 2, 0, 1, 97887
2026/07/08 13:40:11.821, 3, 0, 1, 97887
2026/07/08 13:40:11.885, 4, 0, 1, 97887
2026/07/08 13:40:11.902, 5, 0, 1, 97887
2026/07/08 13:40:11.916, 6, 0, 1, 97887
2026/07/08 13:40:11.931, 7, 0, 1, 97887
2026/07/08 13:40:12.955, 0, 0, 3, 97887
2026/07/08 13:40:12.973, 1, 0, 3, 97887
2026/07/08 13:40:12.988, 2, 0, 3, 97887
2026/07/08 13:40:13.004, 3, 0, 3, 97887
2026/07/08 13:40:13.017, 4, 0, 3, 97887
2026/07/08 13:40:13.031, 5, 0, 3, 97887
2026/07/08 13:40:13.047, 6, 0, 3, 97887
2026/07/08 13:40:13.060, 7, 0, 3, 97887
2026/07/08 13:40:14.076, 0, 0, 3, 97887
2026/07/08 13:40:14.093, 1, 0, 3, 97887
2026/07/08 13:40:14.112, 2, 0, 3, 97887
2026/07/08 13:40:14.132, 3, 0, 3, 97887
2026/07/08 13:40:14.148, 4, 0, 3, 97887
2026/07/08 13:40:14.160, 5, 0, 3, 97887
2026/07/08 13:40:14.178, 6, 0, 3, 97887
2026/07/08 13:40:14.199, 7, 0, 3, 97887
2026/07/08 13:40:15.219, 0, 0, 3, 97887
2026/07/08 13:40:15.236, 1, 0, 3, 97887
2026/07/08 13:40:15.252, 2, 0, 3, 97887
2026/07/08 13:40:15.269, 3, 0, 3, 97887
2026/07/08 13:40:15.286, 4, 0, 3, 97887
2026/07/08 13:40:15.304, 5, 0, 3, 97887
2026/07/08 13:40:15.323, 6, 0, 3, 97887
2026/07/08 13:40:15.342, 7, 0, 3, 97887
2026/07/08 13:40:16.361, 0, 0, 3, 97887
2026/07/08 13:40:16.382, 1, 0, 3, 97887
2026/07/08 13:40:16.398, 2, 0, 3, 97887
2026/07/08 13:40:16.412, 3, 0, 3, 97887
2026/07/08 13:40:16.426, 4, 0, 3, 97887
2026/07/08 13:40:16.438, 5, 0, 3, 97887
2026/07/08 13:40:16.453, 6, 0, 3, 97887
2026/07/08 13:40:16.467, 7, 0, 3, 97887
2026/07/08 13:40:17.481, 0, 0, 3, 97887
2026/07/08 13:40:17.501, 1, 0, 3, 97887
2026/07/08 13:40:17.521, 2, 0, 3, 97887
2026/07/08 13:40:17.539, 3, 0, 3, 97887
2026/07/08 13:40:17.558, 4, 0, 3, 97887
2026/07/08 13:40:17.577, 5, 0, 3, 97887
2026/07/08 13:40:17.597, 6, 0, 3, 97887
2026/07/08 13:40:17.617, 7, 0, 3, 97887
2026/07/08 13:40:18.635, 0, 0, 3, 97887
2026/07/08 13:40:18.656, 1, 0, 3, 97887
2026/07/08 13:40:18.674, 2, 0, 3, 97887
2026/07/08 13:40:18.695, 3, 0, 3, 97887
2026/07/08 13:40:18.714, 4, 0, 3, 97887
2026/07/08 13:40:18.733, 5, 0, 3, 97887
2026/07/08 13:40:18.751, 6, 0, 3, 97887
2026/07/08 13:40:18.771, 7, 0, 3, 97887
2026/07/08 13:40:19.790, 0, 0, 3, 97887
2026/07/08 13:40:19.810, 1, 0, 3, 97887
2026/07/08 13:40:19.828, 2, 0, 3, 97887
2026/07/08 13:40:19.846, 3, 0, 3, 97887
2026/07/08 13:40:19.861, 4, 0, 3, 97887
2026/07/08 13:40:19.878, 5, 0, 3, 97887
2026/07/08 13:40:19.896, 6, 0, 3, 97887
2026/07/08 13:40:19.916, 7, 0, 3, 97887
2026/07/08 13:40:20.935, 0, 0, 3, 97887
2026/07/08 13:40:20.952, 1, 0, 3, 97887
2026/07/08 13:40:20.969, 2, 0, 3, 97887
2026/07/08 13:40:20.988, 3, 0, 3, 97887
2026/07/08 13:40:21.004, 4, 0, 3, 97887
2026/07/08 13:40:21.021, 5, 0, 3, 97887
2026/07/08 13:40:21.040, 6, 0, 3, 97887
2026/07/08 13:40:21.058, 7, 0, 3, 97887
2026/07/08 13:40:22.078, 0, 0, 3, 97887
2026/07/08 13:40:22.097, 1, 0, 3, 97887
2026/07/08 13:40:22.115, 2, 0, 3, 97887
2026/07/08 13:40:22.132, 3, 0, 3, 97887
2026/07/08 13:40:22.150, 4, 0, 3, 97887
2026/07/08 13:40:22.172, 5, 0, 3, 97887
2026/07/08 13:40:22.191, 6, 0, 3, 97887
2026/07/08 13:40:22.210, 7, 0, 3, 97887
2026/07/08 13:40:23.229, 0, 0, 3, 97887
2026/07/08 13:40:23.250, 1, 0, 3, 97887
2026/07/08 13:40:23.269, 2, 0, 3, 97887
2026/07/08 13:40:23.285, 3, 0, 3, 97887
2026/07/08 13:40:23.301, 4, 0, 3, 97887
2026/07/08 13:40:23.317, 5, 0, 3, 97887
2026/07/08 13:40:23.334, 6, 0, 3, 97887
2026/07/08 13:40:23.350, 7, 0, 3, 97887
2026/07/08 13:40:24.367, 0, 0, 3, 97887
2026/07/08 13:40:24.388, 1, 0, 3, 97887
2026/07/08 13:40:24.406, 2, 0, 3, 97887
2026/07/08 13:40:24.424, 3, 0, 3, 97887
2026/07/08 13:40:24.442, 4, 0, 3, 97887
2026/07/08 13:40:24.457, 5, 0, 3, 97887
2026/07/08 13:40:24.476, 6, 0, 3, 97887
2026/07/08 13:40:24.495, 7, 0, 3, 97887
2026/07/08 13:40:25.514, 0, 0, 3, 97887
2026/07/08 13:40:25.533, 1, 0, 3, 97887
2026/07/08 13:40:25.551, 2, 0, 3, 97887
2026/07/08 13:40:25.570, 3, 0, 3, 97887
2026/07/08 13:40:25.589, 4, 0, 3, 97887
2026/07/08 13:40:25.607, 5, 0, 3, 97887
2026/07/08 13:40:25.627, 6, 0, 3, 97887
2026/07/08 13:40:25.647, 7, 0, 3, 97887
2026/07/08 13:40:26.665, 0, 0, 3, 97887
2026/07/08 13:40:26.687, 1, 0, 3, 97887
2026/07/08 13:40:26.706, 2, 0, 3, 97887
2026/07/08 13:40:26.726, 3, 0, 3, 97887
2026/07/08 13:40:26.747, 4, 0, 3, 97887
2026/07/08 13:40:26.767, 5, 0, 3, 97887
2026/07/08 13:40:26.788, 6, 0, 3, 97887
2026/07/08 13:40:26.808, 7, 0, 3, 97887
2026/07/08 13:40:27.828, 0, 0, 3, 97887
2026/07/08 13:40:27.846, 1, 0, 3, 97887
2026/07/08 13:40:27.864, 2, 0, 3, 97887
2026/07/08 13:40:27.881, 3, 0, 3, 97887
2026/07/08 13:40:27.899, 4, 0, 3, 97887
2026/07/08 13:40:27.917, 5, 0, 3, 97887
2026/07/08 13:40:27.935, 6, 0, 3, 97887
2026/07/08 13:40:27.953, 7, 0, 3, 97887
2026/07/08 13:40:28.973, 0, 0, 3, 97887
2026/07/08 13:40:28.992, 1, 0, 3, 97887
2026/07/08 13:40:29.011, 2, 0, 3, 97887
2026/07/08 13:40:29.025, 3, 0, 3, 97887
2026/07/08 13:40:29.044, 4, 0, 3, 97887
2026/07/08 13:40:29.063, 5, 0, 3, 97887
2026/07/08 13:40:29.081, 6, 0, 3, 97887
2026/07/08 13:40:29.098, 7, 0, 3, 97887
2026/07/08 13:40:30.113, 0, 0, 3, 97887
2026/07/08 13:40:30.132, 1, 0, 3, 97887
2026/07/08 13:40:30.148, 2, 0, 3, 97887
2026/07/08 13:40:30.168, 3, 0, 3, 97887
2026/07/08 13:40:30.187, 4, 0, 3, 97887
2026/07/08 13:40:30.209, 5, 0, 3, 97887
2026/07/08 13:40:30.230, 6, 0, 3, 97887
2026/07/08 13:40:30.248, 7, 0, 3, 97887
2026/07/08 13:40:31.268, 0, 0, 3, 97887
2026/07/08 13:40:31.286, 1, 0, 3, 97887
2026/07/08 13:40:31.302, 2, 0, 3, 97887
2026/07/08 13:40:31.319, 3, 0, 3, 97887
2026/07/08 13:40:31.336, 4, 0, 3, 97887
2026/07/08 13:40:31.353, 5, 0, 3, 97887
2026/07/08 13:40:31.370, 6, 0, 3, 97887
2026/07/08 13:40:31.387, 7, 0, 3, 97887
2026/07/08 13:40:32.403, 0, 0, 3, 97887
2026/07/08 13:40:32.419, 1, 0, 3, 97887
2026/07/08 13:40:32.433, 2, 0, 3, 97887
2026/07/08 13:40:32.450, 3, 0, 3, 97887
2026/07/08 13:40:32.465, 4, 0, 3, 97887
2026/07/08 13:40:32.479, 5, 0, 3, 97887
2026/07/08 13:40:32.493, 6, 0, 3, 97887
2026/07/08 13:40:32.508, 7, 0, 3, 97887
2026/07/08 13:40:33.522, 0, 0, 3, 97887
2026/07/08 13:40:33.540, 1, 0, 3, 97887
2026/07/08 13:40:33.558, 2, 0, 3, 97887
2026/07/08 13:40:33.575, 3, 0, 3, 97887
2026/07/08 13:40:33.592, 4, 0, 3, 97887
2026/07/08 13:40:33.610, 5, 0, 3, 97887
2026/07/08 13:40:33.628, 6, 0, 3, 97887
2026/07/08 13:40:33.645, 7, 0, 3, 97887
2026/07/08 13:40:34.663, 0, 0, 3, 97887
2026/07/08 13:40:34.683, 1, 0, 3, 97887
2026/07/08 13:40:34.701, 2, 0, 3, 97887
2026/07/08 13:40:34.720, 3, 0, 3, 97887
2026/07/08 13:40:34.737, 4, 0, 3, 97887
2026/07/08 13:40:34.755, 5, 0, 3, 97887
2026/07/08 13:40:34.774, 6, 0, 3, 97887
2026/07/08 13:40:34.793, 7, 0, 3, 97887
2026/07/08 13:40:35.812, 0, 0, 3, 97887
2026/07/08 13:40:35.828, 1, 0, 3, 97887
2026/07/08 13:40:35.844, 2, 0, 3, 97887
2026/07/08 13:40:35.861, 3, 0, 3, 97887
2026/07/08 13:40:35.875, 4, 0, 3, 97887
2026/07/08 13:40:35.891, 5, 0, 3, 97887
2026/07/08 13:40:35.911, 6, 0, 3, 97887
2026/07/08 13:40:35.927, 7, 0, 3, 97887
2026/07/08 13:40:36.942, 0, 0, 3, 97887
2026/07/08 13:40:36.957, 1, 0, 3, 97887
2026/07/08 13:40:36.975, 2, 0, 3, 97887
2026/07/08 13:40:36.992, 3, 0, 3, 97887
2026/07/08 13:40:37.010, 4, 0, 3, 97887
2026/07/08 13:40:37.029, 5, 0, 3, 97887
2026/07/08 13:40:37.049, 6, 0, 3, 97887
2026/07/08 13:40:37.069, 7, 0, 3, 97887
2026/07/08 13:40:38.088, 0, 0, 3, 97887
2026/07/08 13:40:38.107, 1, 0, 3, 97887
2026/07/08 13:40:38.123, 2, 0, 3, 97887
2026/07/08 13:40:38.141, 3, 0, 3, 97887
2026/07/08 13:40:38.159, 4, 0, 3, 97887
2026/07/08 13:40:38.175, 5, 0, 3, 97887
2026/07/08 13:40:38.192, 6, 0, 3, 97887
2026/07/08 13:40:38.209, 7, 0, 3, 97887
2026/07/08 13:40:39.228, 0, 0, 3, 97887
2026/07/08 13:40:39.247, 1, 0, 3, 97887
2026/07/08 13:40:39.263, 2, 0, 3, 97887
2026/07/08 13:40:39.278, 3, 0, 3, 97887
2026/07/08 13:40:39.296, 4, 0, 3, 97887
2026/07/08 13:40:39.312, 5, 0, 3, 97887
2026/07/08 13:40:39.328, 6, 0, 3, 97887
2026/07/08 13:40:39.343, 7, 0, 3, 97887
2026/07/08 13:40:40.358, 0, 0, 3, 97887
2026/07/08 13:40:40.380, 1, 0, 3, 97887
2026/07/08 13:40:40.399, 2, 0, 3, 97887
2026/07/08 13:40:40.417, 3, 0, 3, 97887
2026/07/08 13:40:40.435, 4, 0, 3, 97887
2026/07/08 13:40:40.454, 5, 0, 3, 97887
2026/07/08 13:40:40.473, 6, 0, 3, 97887
2026/07/08 13:40:40.491, 7, 0, 3, 97887
2026/07/08 13:40:41.507, 0, 0, 562, 97887
2026/07/08 13:40:41.526, 1, 0, 3, 97887
2026/07/08 13:40:41.544, 2, 0, 3, 97887
2026/07/08 13:40:41.563, 3, 0, 3, 97887
2026/07/08 13:40:41.581, 4, 0, 3, 97887
2026/07/08 13:40:41.602, 5, 0, 3, 97887
2026/07/08 13:40:41.621, 6, 0, 3, 97887
2026/07/08 13:40:41.638, 7, 0, 3, 97887
2026/07/08 13:40:42.655, 0, 0, 562, 97887
2026/07/08 13:40:42.676, 1, 0, 3, 97887
2026/07/08 13:40:42.698, 2, 0, 3, 97887
2026/07/08 13:40:42.717, 3, 0, 3, 97887
2026/07/08 13:40:42.738, 4, 0, 3, 97887
2026/07/08 13:40:42.757, 5, 0, 3, 97887
2026/07/08 13:40:42.777, 6, 0, 3, 97887
2026/07/08 13:40:42.796, 7, 0, 3, 97887
2026/07/08 13:40:43.815, 0, 0, 562, 97887
2026/07/08 13:40:43.837, 1, 0, 3, 97887
2026/07/08 13:40:43.858, 2, 0, 3, 97887
2026/07/08 13:40:43.878, 3, 0, 3, 97887
2026/07/08 13:40:43.900, 4, 0, 3, 97887
2026/07/08 13:40:43.919, 5, 0, 3, 97887
2026/07/08 13:40:43.936, 6, 0, 3, 97887
2026/07/08 13:40:43.956, 7, 0, 3, 97887
2026/07/08 13:40:44.976, 0, 0, 562, 97887
2026/07/08 13:40:45.002, 1, 0, 3, 97887
2026/07/08 13:40:45.023, 2, 0, 3, 97887
2026/07/08 13:40:45.044, 3, 0, 3, 97887
2026/07/08 13:40:45.065, 4, 0, 3, 97887
2026/07/08 13:40:45.094, 5, 0, 3, 97887
2026/07/08 13:40:45.122, 6, 0, 3, 97887
2026/07/08 13:40:45.153, 7, 0, 3, 97887
2026/07/08 13:40:46.182, 0, 0, 562, 97887
2026/07/08 13:40:46.201, 1, 0, 3, 97887
2026/07/08 13:40:46.219, 2, 0, 3, 97887
2026/07/08 13:40:46.236, 3, 0, 3, 97887
2026/07/08 13:40:46.250, 4, 0, 3, 97887
2026/07/08 13:40:46.270, 5, 0, 3, 97887
2026/07/08 13:40:46.288, 6, 0, 3, 97887
2026/07/08 13:40:46.307, 7, 0, 3, 97887
2026/07/08 13:40:47.328, 0, 0, 562, 97887
2026/07/08 13:40:47.347, 1, 0, 3, 97887
2026/07/08 13:40:47.364, 2, 0, 3, 97887
2026/07/08 13:40:47.380, 3, 0, 3, 97887
2026/07/08 13:40:47.397, 4, 0, 3, 97887
2026/07/08 13:40:47.414, 5, 0, 3, 97887
2026/07/08 13:40:47.427, 6, 0, 3, 97887
2026/07/08 13:40:47.443, 7, 0, 3, 97887
2026/07/08 13:40:48.459, 0, 0, 562, 97887
2026/07/08 13:40:48.480, 1, 0, 3, 97887
2026/07/08 13:40:48.499, 2, 0, 3, 97887
2026/07/08 13:40:48.518, 3, 0, 3, 97887
2026/07/08 13:40:48.534, 4, 0, 3, 97887
2026/07/08 13:40:48.552, 5, 0, 3, 97887
2026/07/08 13:40:48.571, 6, 0, 3, 97887
2026/07/08 13:40:48.591, 7, 0, 3, 97887
2026/07/08 13:40:49.611, 0, 0, 562, 97887
2026/07/08 13:40:49.633, 1, 0, 3, 97887
2026/07/08 13:40:49.652, 2, 0, 3, 97887
2026/07/08 13:40:49.669, 3, 0, 3, 97887
2026/07/08 13:40:49.687, 4, 0, 3, 97887
2026/07/08 13:40:49.707, 5, 0, 3, 97887
2026/07/08 13:40:49.729, 6, 0, 3, 97887
2026/07/08 13:40:49.752, 7, 0, 3, 97887
2026/07/08 13:40:50.773, 0, 0, 562, 97887
2026/07/08 13:40:50.794, 1, 0, 3, 97887
2026/07/08 13:40:50.817, 2, 0, 3, 97887
2026/07/08 13:40:50.838, 3, 0, 3, 97887
2026/07/08 13:40:50.859, 4, 0, 3, 97887
2026/07/08 13:40:50.879, 5, 0, 3, 97887
2026/07/08 13:40:50.899, 6, 0, 3, 97887
2026/07/08 13:40:50.920, 7, 0, 3, 97887
2026/07/08 13:40:51.940, 0, 0, 562, 97887
2026/07/08 13:40:51.961, 1, 0, 3, 97887
2026/07/08 13:40:51.982, 2, 0, 3, 97887
2026/07/08 13:40:52.001, 3, 0, 3, 97887
2026/07/08 13:40:52.019, 4, 0, 3, 97887
2026/07/08 13:40:52.039, 5, 0, 3, 97887
2026/07/08 13:40:52.058, 6, 0, 3, 97887
2026/07/08 13:40:52.078, 7, 0, 3, 97887
2026/07/08 13:40:53.100, 0, 0, 562, 97887
2026/07/08 13:40:53.119, 1, 0, 3, 97887
2026/07/08 13:40:53.137, 2, 0, 3, 97887
2026/07/08 13:40:53.156, 3, 0, 3, 97887
2026/07/08 13:40:53.173, 4, 0, 3, 97887
2026/07/08 13:40:53.191, 5, 0, 3, 97887
2026/07/08 13:40:53.207, 6, 0, 3, 97887
2026/07/08 13:40:53.221, 7, 0, 3, 97887
2026/07/08 13:40:54.234, 0, 0, 562, 97887
2026/07/08 13:40:54.252, 1, 0, 3, 97887
2026/07/08 13:40:54.268, 2, 0, 3, 97887
2026/07/08 13:40:54.285, 3, 0, 3, 97887
2026/07/08 13:40:54.303, 4, 0, 3, 97887
2026/07/08 13:40:54.321, 5, 0, 3, 97887
2026/07/08 13:40:54.341, 6, 0, 3, 97887
2026/07/08 13:40:54.362, 7, 0, 3, 97887
2026/07/08 13:40:55.381, 0, 0, 562, 97887
2026/07/08 13:40:55.399, 1, 0, 3, 97887
2026/07/08 13:40:55.417, 2, 0, 3, 97887
2026/07/08 13:40:55.435, 3, 0, 3, 97887
2026/07/08 13:40:55.452, 4, 0, 3, 97887
2026/07/08 13:40:55.469, 5, 0, 3, 97887
2026/07/08 13:40:55.487, 6, 0, 3, 97887
2026/07/08 13:40:55.505, 7, 0, 3, 97887
2026/07/08 13:40:56.526, 0, 0, 562, 97887
2026/07/08 13:40:56.545, 1, 0, 3, 97887
2026/07/08 13:40:56.561, 2, 0, 3, 97887
2026/07/08 13:40:56.578, 3, 0, 3, 97887
2026/07/08 13:40:56.594, 4, 0, 3, 97887
2026/07/08 13:40:56.612, 5, 0, 3, 97887
2026/07/08 13:40:56.636, 6, 0, 3, 97887
2026/07/08 13:40:56.667, 7, 0, 3, 97887
2026/07/08 13:40:57.687, 0, 0, 562, 97887
2026/07/08 13:40:57.708, 1, 0, 562, 97887
2026/07/08 13:40:57.726, 2, 0, 562, 97887
2026/07/08 13:40:57.744, 3, 1, 562, 97887
2026/07/08 13:40:57.762, 4, 0, 4, 97887
2026/07/08 13:40:57.780, 5, 0, 4, 97887
2026/07/08 13:40:57.793, 6, 0, 4, 97887
2026/07/08 13:40:57.810, 7, 0, 4, 97887
2026/07/08 13:40:58.830, 0, 0, 562, 97887
2026/07/08 13:40:58.849, 1, 0, 562, 97887
2026/07/08 13:40:58.865, 2, 0, 562, 97887
2026/07/08 13:40:58.883, 3, 0, 562, 97887
2026/07/08 13:40:58.900, 4, 0, 4, 97887
2026/07/08 13:40:58.915, 5, 0, 4, 97887
2026/07/08 13:40:58.932, 6, 0, 4, 97887
2026/07/08 13:40:58.950, 7, 0, 4, 97887
2026/07/08 13:40:59.967, 0, 0, 562, 97887
2026/07/08 13:40:59.983, 1, 0, 562, 97887
2026/07/08 13:40:59.999, 2, 0, 562, 97887
2026/07/08 13:41:00.015, 3, 0, 562, 97887
2026/07/08 13:41:00.030, 4, 0, 4, 97887
2026/07/08 13:41:00.045, 5, 0, 4, 97887
2026/07/08 13:41:00.062, 6, 0, 4, 97887
2026/07/08 13:41:00.077, 7, 0, 4, 97887
2026/07/08 13:41:01.091, 0, 0, 562, 97887
2026/07/08 13:41:01.107, 1, 0, 562, 97887
2026/07/08 13:41:01.123, 2, 0, 562, 97887
2026/07/08 13:41:01.136, 3, 0, 562, 97887
2026/07/08 13:41:01.151, 4, 0, 4, 97887
2026/07/08 13:41:01.166, 5, 0, 4, 97887
2026/07/08 13:41:01.183, 6, 0, 4, 97887
2026/07/08 13:41:01.201, 7, 0, 4, 97887
2026/07/08 13:41:02.216, 0, 0, 562, 97887
2026/07/08 13:41:02.234, 1, 0, 562, 97887
2026/07/08 13:41:02.251, 2, 0, 562, 97887
2026/07/08 13:41:02.268, 3, 0, 562, 97887
2026/07/08 13:41:02.284, 4, 0, 4, 97887
2026/07/08 13:41:02.301, 5, 0, 4, 97887
2026/07/08 13:41:02.317, 6, 0, 4, 97887
2026/07/08 13:41:02.331, 7, 0, 4, 97887
2026/07/08 13:41:03.344, 0, 0, 562, 97887
2026/07/08 13:41:03.358, 1, 0, 562, 97887
2026/07/08 13:41:03.371, 2, 0, 562, 97887
2026/07/08 13:41:03.385, 3, 0, 562, 97887
2026/07/08 13:41:03.402, 4, 0, 4, 97887
2026/07/08 13:41:03.416, 5, 0, 4, 97887
2026/07/08 13:41:03.431, 6, 0, 4, 97887
2026/07/08 13:41:03.443, 7, 0, 4, 97887
2026/07/08 13:41:04.459, 0, 2, 13202, 97887
2026/07/08 13:41:04.475, 1, 2, 14942, 97887
2026/07/08 13:41:04.494, 2, 2, 14962, 97887
2026/07/08 13:41:04.511, 3, 2, 16242, 97887
2026/07/08 13:41:04.530, 4, 0, 4, 97887
2026/07/08 13:41:04.549, 5, 0, 4, 97887
2026/07/08 13:41:04.566, 6, 0, 4, 97887
2026/07/08 13:41:04.583, 7, 0, 4, 97887
2026/07/08 13:41:05.602, 0, 0, 63712, 97887
2026/07/08 13:41:05.619, 1, 4, 63712, 97887
2026/07/08 13:41:05.634, 2, 7, 63712, 97887
2026/07/08 13:41:05.648, 3, 5, 63712, 97887
2026/07/08 13:41:05.663, 4, 0, 4, 97887
2026/07/08 13:41:05.676, 5, 0, 4, 97887
2026/07/08 13:41:05.690, 6, 0, 4, 97887
2026/07/08 13:41:05.703, 7, 0, 4, 97887
2026/07/08 13:41:06.717, 0, 2, 63714, 97887
2026/07/08 13:41:06.742, 1, 2, 63714, 97887
2026/07/08 13:41:06.766, 2, 3, 63714, 97887
2026/07/08 13:41:06.786, 3, 2, 63714, 97887
2026/07/08 13:41:06.803, 4, 0, 4, 97887
2026/07/08 13:41:06.825, 5, 0, 4, 97887
2026/07/08 13:41:06.845, 6, 0, 4, 97887
2026/07/08 13:41:06.865, 7, 0, 4, 97887
2026/07/08 13:41:07.882, 0, 2, 63714, 97887
2026/07/08 13:41:07.902, 1, 2, 63714, 97887
2026/07/08 13:41:07.922, 2, 3, 63714, 97887
2026/07/08 13:41:07.941, 3, 5, 63714, 97887
2026/07/08 13:41:07.960, 4, 0, 4, 97887
2026/07/08 13:41:07.979, 5, 0, 4, 97887
2026/07/08 13:41:07.999, 6, 0, 4, 97887
2026/07/08 13:41:08.017, 7, 0, 4, 97887
2026/07/08 13:41:09.037, 0, 0, 63714, 97887
2026/07/08 13:41:09.057, 1, 0, 63714, 97887
2026/07/08 13:41:09.074, 2, 2, 63714, 97887
2026/07/08 13:41:09.087, 3, 3, 63714, 97887
2026/07/08 13:41:09.102, 4, 0, 4, 97887
2026/07/08 13:41:09.116, 5, 0, 4, 97887
2026/07/08 13:41:09.130, 6, 0, 4, 97887
2026/07/08 13:41:09.144, 7, 0, 4, 97887
2026/07/08 13:41:10.160, 0, 3, 63714, 97887
2026/07/08 13:41:10.180, 1, 24, 63714, 97887
2026/07/08 13:41:10.200, 2, 3, 63714, 97887
2026/07/08 13:41:10.218, 3, 100, 63714, 97887
2026/07/08 13:41:10.234, 4, 0, 4, 97887
2026/07/08 13:41:10.247, 5, 0, 4, 97887
2026/07/08 13:41:10.262, 6, 0, 4, 97887
2026/07/08 13:41:10.273, 7, 0, 4, 97887
2026/07/08 13:41:11.287, 0, 2, 63714, 97887
2026/07/08 13:41:11.308, 1, 2, 63714, 97887
2026/07/08 13:41:11.327, 2, 2, 63714, 97887
2026/07/08 13:41:11.346, 3, 2, 63714, 97887
2026/07/08 13:41:11.364, 4, 0, 4, 97887
2026/07/08 13:41:11.381, 5, 0, 4, 97887
2026/07/08 13:41:11.398, 6, 0, 4, 97887
2026/07/08 13:41:11.416, 7, 0, 4, 97887
2026/07/08 13:41:12.436, 0, 2, 63714, 97887
2026/07/08 13:41:12.455, 1, 2, 63714, 97887
2026/07/08 13:41:12.471, 2, 2, 63714, 97887
2026/07/08 13:41:12.487, 3, 3, 63714, 97887
2026/07/08 13:41:12.503, 4, 0, 4, 97887
2026/07/08 13:41:12.516, 5, 0, 4, 97887
2026/07/08 13:41:12.528, 6, 0, 4, 97887
2026/07/08 13:41:12.543, 7, 0, 4, 97887
2026/07/08 13:41:13.555, 0, 3, 63714, 97887
2026/07/08 13:41:13.570, 1, 3, 63714, 97887
2026/07/08 13:41:13.586, 2, 3, 63714, 97887
2026/07/08 13:41:13.605, 3, 3, 63714, 97887
2026/07/08 13:41:13.623, 4, 0, 4, 97887
2026/07/08 13:41:13.644, 5, 0, 4, 97887
2026/07/08 13:41:13.662, 6, 0, 4, 97887
2026/07/08 13:41:13.680, 7, 0, 4, 97887
2026/07/08 13:41:14.696, 0, 3, 63714, 97887
2026/07/08 13:41:14.714, 1, 3, 63714, 97887
2026/07/08 13:41:14.731, 2, 3, 63714, 97887
2026/07/08 13:41:14.743, 3, 3, 63714, 97887
2026/07/08 13:41:14.756, 4, 0, 4, 97887
2026/07/08 13:41:14.771, 5, 0, 4, 97887
2026/07/08 13:41:14.788, 6, 0, 4, 97887
2026/07/08 13:41:14.808, 7, 0, 4, 97887
2026/07/08 13:41:15.827, 0, 3, 63714, 97887
2026/07/08 13:41:15.849, 1, 3, 63714, 97887
2026/07/08 13:41:15.866, 2, 3, 63714, 97887
2026/07/08 13:41:15.886, 3, 3, 63714, 97887
2026/07/08 13:41:15.906, 4, 0, 4, 97887
2026/07/08 13:41:15.925, 5, 0, 4, 97887
2026/07/08 13:41:15.943, 6, 0, 4, 97887
2026/07/08 13:41:15.962, 7, 0, 4, 97887
2026/07/08 13:41:16.982, 0, 3, 63714, 97887
2026/07/08 13:41:17.000, 1, 3, 63714, 97887
2026/07/08 13:41:17.017, 2, 3, 63714, 97887
2026/07/08 13:41:17.035, 3, 3, 63714, 97887
2026/07/08 13:41:17.052, 4, 0, 4, 97887
2026/07/08 13:41:17.070, 5, 0, 4, 97887
2026/07/08 13:41:17.091, 6, 2, 563, 97887
2026/07/08 13:41:17.108, 7, 0, 4, 97887
2026/07/08 13:41:18.126, 0, 3, 63714, 97887
2026/07/08 13:41:18.149, 1, 3, 63714, 97887
2026/07/08 13:41:18.165, 2, 3, 63714, 97887
2026/07/08 13:41:18.183, 3, 3, 63714, 97887
2026/07/08 13:41:18.202, 4, 0, 563, 97887
2026/07/08 13:41:18.218, 5, 0, 563, 97887
2026/07/08 13:41:18.233, 6, 0, 563, 97887
2026/07/08 13:41:18.251, 7, 0, 4, 97887
2026/07/08 13:41:19.268, 0, 3, 63714, 97887
2026/07/08 13:41:19.288, 1, 3, 63714, 97887
2026/07/08 13:41:19.306, 2, 3, 63714, 97887
2026/07/08 13:41:19.322, 3, 3, 63714, 97887
2026/07/08 13:41:19.339, 4, 0, 889, 97887
2026/07/08 13:41:19.358, 5, 0, 889, 97887
2026/07/08 13:41:19.375, 6, 1, 889, 97887
2026/07/08 13:41:19.391, 7, 1, 889, 97887
2026/07/08 13:41:20.410, 0, 3, 63714, 97887
2026/07/08 13:41:20.428, 1, 3, 63714, 97887
2026/07/08 13:41:20.447, 2, 3, 63714, 97887
2026/07/08 13:41:20.464, 3, 3, 63714, 97887
2026/07/08 13:41:20.479, 4, 4, 889, 97887
2026/07/08 13:41:20.495, 5, 0, 8375, 97887
2026/07/08 13:41:20.511, 6, 0, 889, 97887
2026/07/08 13:41:20.524, 7, 0, 889, 97887
2026/07/08 13:41:21.536, 0, 3, 63714, 97887
2026/07/08 13:41:21.554, 1, 3, 63714, 97887
2026/07/08 13:41:21.574, 2, 3, 63714, 97887
2026/07/08 13:41:21.594, 3, 3, 63714, 97887
2026/07/08 13:41:21.614, 4, 0, 30147, 97887
2026/07/08 13:41:21.632, 5, 0, 30147, 97887
2026/07/08 13:41:21.654, 6, 0, 30147, 97887
2026/07/08 13:41:21.675, 7, 0, 30147, 97887
2026/07/08 13:41:22.697, 0, 2, 63714, 97887
2026/07/08 13:41:22.709, 1, 3, 63714, 97887
2026/07/08 13:41:22.726, 2, 3, 63714, 97887
2026/07/08 13:41:22.742, 3, 3, 63714, 97887
2026/07/08 13:41:22.758, 4, 0, 30147, 97887
2026/07/08 13:41:22.776, 5, 8, 30147, 97887
2026/07/08 13:41:22.795, 6, 5, 30147, 97887
2026/07/08 13:41:22.812, 7, 0, 30147, 97887
2026/07/08 13:41:23.829, 0, 3, 63714, 97887
2026/07/08 13:41:23.845, 1, 3, 63714, 97887
2026/07/08 13:41:23.860, 2, 3, 63714, 97887
2026/07/08 13:41:23.874, 3, 3, 63714, 97887
2026/07/08 13:41:23.889, 4, 8, 30147, 97887
2026/07/08 13:41:23.904, 5, 8, 30147, 97887
2026/07/08 13:41:23.918, 6, 6, 30147, 97887
2026/07/08 13:41:23.930, 7, 7, 30147, 97887
2026/07/08 13:41:24.942, 0, 2, 63714, 97887
2026/07/08 13:41:24.957, 1, 2, 63714, 97887
2026/07/08 13:41:24.971, 2, 3, 63714, 97887
2026/07/08 13:41:24.986, 3, 3, 63714, 97887
2026/07/08 13:41:25.001, 4, 3, 30147, 97887
2026/07/08 13:41:25.016, 5, 7, 30147, 97887
2026/07/08 13:41:25.031, 6, 3, 30147, 97887
2026/07/08 13:41:25.046, 7, 7, 30147, 97887
2026/07/08 13:41:26.060, 0, 3, 63714, 97887
2026/07/08 13:41:26.073, 1, 3, 63714, 97887
2026/07/08 13:41:26.086, 2, 3, 63714, 97887
2026/07/08 13:41:26.100, 3, 3, 63714, 97887
2026/07/08 13:41:26.113, 4, 5, 30147, 97887
2026/07/08 13:41:26.127, 5, 2, 30147, 97887
2026/07/08 13:41:26.142, 6, 5, 30147, 97887
2026/07/08 13:41:26.157, 7, 7, 30147, 97887
2026/07/08 13:41:27.173, 0, 2, 63714, 97887
2026/07/08 13:41:27.188, 1, 2, 63714, 97887
2026/07/08 13:41:27.202, 2, 2, 63714, 97887
2026/07/08 13:41:27.218, 3, 3, 63714, 97887
2026/07/08 13:41:27.233, 4, 6, 30147, 97887
2026/07/08 13:41:27.247, 5, 6, 30147, 97887
2026/07/08 13:41:27.263, 6, 5, 30147, 97887
2026/07/08 13:41:27.275, 7, 3, 30147, 97887
2026/07/08 13:41:28.288, 0, 1, 63714, 97887
2026/07/08 13:41:28.305, 1, 3, 63714, 97887
2026/07/08 13:41:28.321, 2, 3, 63714, 97887
2026/07/08 13:41:28.337, 3, 3, 63714, 97887
2026/07/08 13:41:28.353, 4, 7, 30147, 97887
2026/07/08 13:41:28.368, 5, 7, 30147, 97887
2026/07/08 13:41:28.383, 6, 8, 30147, 97887
2026/07/08 13:41:28.402, 7, 6, 30147, 97887
2026/07/08 13:41:29.417, 0, 3, 63714, 97887
2026/07/08 13:41:29.432, 1, 3, 63714, 97887
2026/07/08 13:41:29.446, 2, 3, 63714, 97887
2026/07/08 13:41:29.459, 3, 3, 63714, 97887
2026/07/08 13:41:29.473, 4, 7, 30147, 97887
2026/07/08 13:41:29.489, 5, 7, 30147, 97887
2026/07/08 13:41:29.503, 6, 6, 30147, 97887
2026/07/08 13:41:29.517, 7, 7, 30147, 97887
2026/07/08 13:41:30.532, 0, 2, 63714, 97887
2026/07/08 13:41:30.547, 1, 3, 63714, 97887
2026/07/08 13:41:30.561, 2, 3, 63714, 97887
2026/07/08 13:41:30.576, 3, 3, 63714, 97887
2026/07/08 13:41:30.591, 4, 7, 30147, 97887
2026/07/08 13:41:30.606, 5, 6, 30147, 97887
2026/07/08 13:41:30.621, 6, 3, 30147, 97887
2026/07/08 13:41:30.632, 7, 7, 30147, 97887
2026/07/08 13:41:31.643, 0, 3, 63714, 97887
2026/07/08 13:41:31.659, 1, 3, 63714, 97887
2026/07/08 13:41:31.674, 2, 2, 63714, 97887
2026/07/08 13:41:31.688, 3, 3, 63714, 97887
2026/07/08 13:41:31.703, 4, 6, 30147, 97887
2026/07/08 13:41:31.718, 5, 6, 30147, 97887
2026/07/08 13:41:31.735, 6, 8, 30147, 97887
2026/07/08 13:41:31.750, 7, 6, 30147, 97887
2026/07/08 13:41:32.766, 0, 2, 63714, 97887
2026/07/08 13:41:32.784, 1, 3, 63714, 97887
2026/07/08 13:41:32.801, 2, 3, 63714, 97887
2026/07/08 13:41:32.815, 3, 3, 63714, 97887
2026/07/08 13:41:32.832, 4, 2, 30147, 97887
2026/07/08 13:41:32.847, 5, 5, 30147, 97887
2026/07/08 13:41:32.862, 6, 7, 30147, 97887
2026/07/08 13:41:32.878, 7, 5, 30147, 97887
2026/07/08 13:41:33.892, 0, 3, 63714, 97887
2026/07/08 13:41:33.907, 1, 3, 63714, 97887
2026/07/08 13:41:33.923, 2, 3, 63714, 97887
2026/07/08 13:41:33.939, 3, 3, 63714, 97887
2026/07/08 13:41:33.953, 4, 0, 73991, 97887
2026/07/08 13:41:33.968, 5, 0, 73991, 97887
2026/07/08 13:41:33.984, 6, 8, 30147, 97887
2026/07/08 13:41:33.999, 7, 4, 30147, 97887
2026/07/08 13:41:35.016, 0, 3, 63714, 97887
2026/07/08 13:41:35.031, 1, 3, 63714, 97887
2026/07/08 13:41:35.045, 2, 3, 63714, 97887
2026/07/08 13:41:35.061, 3, 3, 63714, 97887
2026/07/08 13:41:35.074, 4, 0, 74035, 97887
2026/07/08 13:41:35.088, 5, 0, 74035, 97887
2026/07/08 13:41:35.101, 6, 6, 74035, 97887
2026/07/08 13:41:35.114, 7, 0, 73995, 97887
2026/07/08 13:41:36.128, 0, 3, 63714, 97887
2026/07/08 13:41:36.147, 1, 3, 63714, 97887
2026/07/08 13:41:36.165, 2, 2, 63714, 97887
2026/07/08 13:41:36.182, 3, 2, 63714, 97887
2026/07/08 13:41:36.200, 4, 0, 74037, 97887
2026/07/08 13:41:36.219, 5, 53, 74037, 97887
2026/07/08 13:41:36.238, 6, 100, 74035, 97887
2026/07/08 13:41:36.257, 7, 0, 74035, 97887
2026/07/08 13:41:37.275, 0, 3, 63714, 97887
2026/07/08 13:41:37.293, 1, 3, 63714, 97887
2026/07/08 13:41:37.311, 2, 3, 63714, 97887
2026/07/08 13:41:37.330, 3, 3, 63714, 97887
2026/07/08 13:41:37.347, 4, 0, 74045, 97887
2026/07/08 13:41:37.363, 5, 0, 74045, 97887
2026/07/08 13:41:37.382, 6, 0, 74045, 97887
2026/07/08 13:41:37.400, 7, 0, 74045, 97887
2026/07/08 13:41:38.417, 0, 3, 63714, 97887
2026/07/08 13:41:38.436, 1, 3, 63714, 97887
2026/07/08 13:41:38.452, 2, 3, 63714, 97887
2026/07/08 13:41:38.470, 3, 2, 63714, 97887
2026/07/08 13:41:38.487, 4, 0, 74046, 97887
2026/07/08 13:41:38.504, 5, 0, 74046, 97887
2026/07/08 13:41:38.519, 6, 0, 74046, 97887
2026/07/08 13:41:38.536, 7, 0, 74046, 97887
2026/07/08 13:41:39.555, 0, 3, 63714, 97887
2026/07/08 13:41:39.574, 1, 3, 63714, 97887
2026/07/08 13:41:39.590, 2, 3, 63714, 97887
2026/07/08 13:41:39.605, 3, 2, 63714, 97887
2026/07/08 13:41:39.620, 4, 0, 74046, 97887
2026/07/08 13:41:39.639, 5, 0, 74046, 97887
2026/07/08 13:41:39.656, 6, 0, 74046, 97887
2026/07/08 13:41:39.671, 7, 0, 74046, 97887
2026/07/08 13:41:40.689, 0, 2, 63714, 97887
2026/07/08 13:41:40.710, 1, 3, 63714, 97887
2026/07/08 13:41:40.729, 2, 3, 63714, 97887
2026/07/08 13:41:40.750, 3, 3, 63714, 97887
2026/07/08 13:41:40.770, 4, 0, 74046, 97887
2026/07/08 13:41:40.788, 5, 0, 74046, 97887
2026/07/08 13:41:40.806, 6, 0, 74046, 97887
2026/07/08 13:41:40.823, 7, 0, 74046, 97887
2026/07/08 13:41:41.844, 0, 3, 63714, 97887
2026/07/08 13:41:41.864, 1, 3, 63714, 97887
2026/07/08 13:41:41.884, 2, 3, 63714, 97887
2026/07/08 13:41:41.902, 3, 3, 63714, 97887
2026/07/08 13:41:41.923, 4, 0, 74046, 97887
2026/07/08 13:41:41.941, 5, 0, 74046, 97887
2026/07/08 13:41:41.959, 6, 0, 74046, 97887
2026/07/08 13:41:41.977, 7, 0, 74046, 97887
2026/07/08 13:41:42.996, 0, 2, 63714, 97887
2026/07/08 13:41:43.014, 1, 3, 63714, 97887
2026/07/08 13:41:43.031, 2, 3, 63714, 97887
2026/07/08 13:41:43.050, 3, 2, 63714, 97887
2026/07/08 13:41:43.068, 4, 0, 74046, 97887
2026/07/08 13:41:43.088, 5, 0, 74046, 97887
2026/07/08 13:41:43.107, 6, 0, 74046, 97887
2026/07/08 13:41:43.125, 7, 0, 74046, 97887
2026/07/08 13:41:44.143, 0, 3, 63714, 97887
2026/07/08 13:41:44.161, 1, 0, 63714, 97887
2026/07/08 13:41:44.179, 2, 3, 63714, 97887
2026/07/08 13:41:44.193, 3, 100, 46774, 97887
2026/07/08 13:41:44.207, 4, 0, 74046, 97887
2026/07/08 13:41:44.225, 5, 0, 74046, 97887
2026/07/08 13:41:44.243, 6, 0, 74046, 97887
2026/07/08 13:41:44.261, 7, 0, 74046, 97887
2026/07/08 13:41:45.279, 0, 3, 63714, 97887
2026/07/08 13:41:45.300, 1, 100, 46774, 97887
2026/07/08 13:41:45.318, 2, 100, 46774, 97887
2026/07/08 13:41:45.338, 3, 100, 46774, 97887
2026/07/08 13:41:45.356, 4, 0, 74046, 97887
2026/07/08 13:41:45.375, 5, 0, 74046, 97887
2026/07/08 13:41:45.393, 6, 0, 74046, 97887
2026/07/08 13:41:45.409, 7, 0, 74046, 97887
2026/07/08 13:41:46.424, 0, 0, 63714, 97887
2026/07/08 13:41:46.449, 1, 100, 46774, 97887
2026/07/08 13:41:46.467, 2, 100, 46774, 97887
2026/07/08 13:41:46.487, 3, 100, 46774, 97887
2026/07/08 13:41:46.505, 4, 0, 74046, 97887
2026/07/08 13:41:46.524, 5, 0, 74046, 97887
2026/07/08 13:41:46.543, 6, 0, 74046, 97887
2026/07/08 13:41:46.563, 7, 0, 74046, 97887
2026/07/08 13:41:47.583, 0, 0, 46804, 97887
2026/07/08 13:41:47.603, 1, 0, 46802, 97887
2026/07/08 13:41:47.622, 2, 0, 46804, 97887
2026/07/08 13:41:47.641, 3, 0, 46802, 97887
2026/07/08 13:41:47.659, 4, 0, 74046, 97887
2026/07/08 13:41:47.675, 5, 0, 74046, 97887
2026/07/08 13:41:47.692, 6, 100, 74110, 97887
2026/07/08 13:41:47.710, 7, 0, 74046, 97887
2026/07/08 13:41:48.728, 0, 0, 46804, 97887
2026/07/08 13:41:48.741, 1, 0, 46836, 97887
2026/07/08 13:41:48.752, 2, 47, 46838, 97887
2026/07/08 13:41:48.764, 3, 100, 46836, 97887
2026/07/08 13:41:48.772, 4, 100, 74582, 97887
2026/07/08 13:41:48.784, 5, 100, 74582, 97887
2026/07/08 13:41:48.794, 6, 100, 74110, 97887
2026/07/08 13:41:48.802, 7, 0, 74046, 97887
2026/07/08 13:41:49.813, 0, 0, 46840, 97887
2026/07/08 13:41:49.828, 1, 0, 46836, 97887
2026/07/08 13:41:49.845, 2, 0, 46838, 97887
2026/07/08 13:41:49.858, 3, 0, 46836, 97887
2026/07/08 13:41:49.874, 4, 0, 74582, 97887
2026/07/08 13:41:49.891, 5, 0, 74582, 97887
2026/07/08 13:41:49.906, 6, 100, 74582, 97887
2026/07/08 13:41:49.920, 7, 100, 74582, 97887
2026/07/08 13:41:50.932, 0, 0, 46840, 97887
2026/07/08 13:41:50.951, 1, 42, 46836, 97887
2026/07/08 13:41:50.967, 2, 3, 46838, 97887
2026/07/08 13:41:50.984, 3, 100, 46836, 97887
2026/07/08 13:41:51.000, 4, 0, 74582, 97887
2026/07/08 13:41:51.017, 5, 0, 74582, 97887
2026/07/08 13:41:51.034, 6, 0, 74582, 97887
2026/07/08 13:41:51.051, 7, 0, 74582, 97887
2026/07/08 13:41:52.068, 0, 4, 46840, 97887
2026/07/08 13:41:52.086, 1, 5, 46836, 97887
2026/07/08 13:41:52.104, 2, 5, 46838, 97887
2026/07/08 13:41:52.121, 3, 5, 46836, 97887
2026/07/08 13:41:52.137, 4, 0, 74582, 97887
2026/07/08 13:41:52.153, 5, 0, 74582, 97887
2026/07/08 13:41:52.168, 6, 0, 74582, 97887
2026/07/08 13:41:52.186, 7, 0, 74582, 97887
2026/07/08 13:41:53.204, 0, 5, 46840, 97887
2026/07/08 13:41:53.222, 1, 5, 46836, 97887
2026/07/08 13:41:53.236, 2, 5, 46838, 97887
2026/07/08 13:41:53.253, 3, 5, 46836, 97887
2026/07/08 13:41:53.269, 4, 0, 74582, 97887
2026/07/08 13:41:53.285, 5, 0, 74582, 97887
2026/07/08 13:41:53.303, 6, 0, 74582, 97887
2026/07/08 13:41:53.322, 7, 0, 74582, 97887
2026/07/08 13:41:54.339, 0, 5, 46840, 97887
2026/07/08 13:41:54.357, 1, 5, 46836, 97887
2026/07/08 13:41:54.373, 2, 6, 46838, 97887
2026/07/08 13:41:54.389, 3, 5, 46836, 97887
2026/07/08 13:41:54.404, 4, 0, 74582, 97887
2026/07/08 13:41:54.419, 5, 0, 74582, 97887
2026/07/08 13:41:54.431, 6, 0, 74582, 97887
2026/07/08 13:41:54.442, 7, 0, 74582, 97887
2026/07/08 13:41:55.456, 0, 5, 46840, 97887
2026/07/08 13:41:55.473, 1, 5, 46836, 97887
2026/07/08 13:41:55.490, 2, 5, 46838, 97887
2026/07/08 13:41:55.506, 3, 5, 46836, 97887
2026/07/08 13:41:55.521, 4, 0, 74582, 97887
2026/07/08 13:41:55.538, 5, 0, 74582, 97887
2026/07/08 13:41:55.555, 6, 0, 74582, 97887
2026/07/08 13:41:55.573, 7, 0, 74582, 97887
2026/07/08 13:41:56.591, 0, 5, 46840, 97887
2026/07/08 13:41:56.609, 1, 5, 46836, 97887
2026/07/08 13:41:56.627, 2, 6, 46838, 97887
2026/07/08 13:41:56.644, 3, 5, 46836, 97887
2026/07/08 13:41:56.663, 4, 0, 74582, 97887
2026/07/08 13:41:56.682, 5, 0, 74582, 97887
2026/07/08 13:41:56.701, 6, 0, 74582, 97887
2026/07/08 13:41:56.720, 7, 0, 74582, 97887
2026/07/08 13:41:57.739, 0, 0, 46840, 97887
2026/07/08 13:41:57.759, 1, 22, 46836, 97887
2026/07/08 13:41:57.773, 2, 0, 46838, 97887
2026/07/08 13:41:57.784, 3, 7, 46836, 97887
2026/07/08 13:41:57.796, 4, 0, 74582, 97887
2026/07/08 13:41:57.811, 5, 0, 74582, 97887
2026/07/08 13:41:57.828, 6, 0, 74582, 97887
2026/07/08 13:41:57.842, 7, 0, 74582, 97887
2026/07/08 13:41:58.858, 0, 14, 57060, 97887
2026/07/08 13:41:58.877, 1, 7, 57056, 97887
2026/07/08 13:41:58.892, 2, 16, 57058, 97887
2026/07/08 13:41:58.909, 3, 7, 57056, 97887
2026/07/08 13:41:58.926, 4, 0, 74582, 97887
2026/07/08 13:41:58.944, 5, 0, 74582, 97887
2026/07/08 13:41:58.964, 6, 0, 74582, 97887
2026/07/08 13:41:58.981, 7, 0, 74582, 97887
2026/07/08 13:41:59.997, 0, 11, 57060, 97887
2026/07/08 13:42:00.015, 1, 11, 57056, 97887
2026/07/08 13:42:00.033, 2, 11, 57058, 97887
2026/07/08 13:42:00.049, 3, 12, 57056, 97887
2026/07/08 13:42:00.066, 4, 0, 74582, 97887
2026/07/08 13:42:00.083, 5, 0, 74582, 97887
2026/07/08 13:42:00.100, 6, 100, 74582, 97887
2026/07/08 13:42:00.118, 7, 0, 74582, 97887
2026/07/08 13:42:01.136, 0, 11, 57060, 97887
2026/07/08 13:42:01.152, 1, 11, 57056, 97887
2026/07/08 13:42:01.164, 2, 11, 57058, 97887
2026/07/08 13:42:01.178, 3, 11, 57056, 97887
2026/07/08 13:42:01.191, 4, 98, 74582, 97887
2026/07/08 13:42:01.201, 5, 98, 74582, 97887
2026/07/08 13:42:01.211, 6, 100, 74582, 97887
2026/07/08 13:42:01.223, 7, 100, 74582, 97887
2026/07/08 13:42:02.236, 0, 10, 57060, 97887
2026/07/08 13:42:02.251, 1, 11, 57056, 97887
2026/07/08 13:42:02.266, 2, 10, 57058, 97887
2026/07/08 13:42:02.280, 3, 12, 57056, 97887
2026/07/08 13:42:02.293, 4, 100, 74582, 97887
2026/07/08 13:42:02.309, 5, 100, 74582, 97887
2026/07/08 13:42:02.321, 6, 100, 74582, 97887
2026/07/08 13:42:02.334, 7, 100, 74582, 97887
2026/07/08 13:42:03.345, 0, 11, 57060, 97887
2026/07/08 13:42:03.362, 1, 11, 57056, 97887
2026/07/08 13:42:03.379, 2, 11, 57058, 97887
2026/07/08 13:42:03.395, 3, 9, 57056, 97887
2026/07/08 13:42:03.410, 4, 98, 74584, 97887
2026/07/08 13:42:03.425, 5, 98, 74584, 97887
2026/07/08 13:42:03.440, 6, 100, 74584, 97887
2026/07/08 13:42:03.453, 7, 100, 74584, 97887
2026/07/08 13:42:04.466, 0, 6, 57060, 97887
2026/07/08 13:42:04.483, 1, 10, 57056, 97887
2026/07/08 13:42:04.498, 2, 6, 57058, 97887
2026/07/08 13:42:04.513, 3, 6, 57056, 97887
2026/07/08 13:42:04.528, 4, 0, 74584, 97887
2026/07/08 13:42:04.542, 5, 0, 74584, 97887
2026/07/08 13:42:04.557, 6, 0, 74584, 97887
2026/07/08 13:42:04.570, 7, 0, 74584, 97887
2026/07/08 13:42:05.585, 0, 6, 57060, 97887
2026/07/08 13:42:05.604, 1, 100, 57056, 97887
2026/07/08 13:42:05.620, 2, 100, 57058, 97887
2026/07/08 13:42:05.637, 3, 4, 57056, 97887
2026/07/08 13:42:05.655, 4, 0, 74584, 97887
2026/07/08 13:42:05.671, 5, 0, 74584, 97887
2026/07/08 13:42:05.688, 6, 0, 74584, 97887
2026/07/08 13:42:05.706, 7, 0, 74584, 97887
2026/07/08 13:42:06.726, 0, 0, 46816, 97887
2026/07/08 13:42:06.747, 1, 0, 57056, 97887
2026/07/08 13:42:06.768, 2, 22, 46816, 97887
2026/07/08 13:42:06.787, 3, 4, 46818, 97887
2026/07/08 13:42:06.804, 4, 0, 74584, 97887
2026/07/08 13:42:06.821, 5, 0, 74584, 97887
2026/07/08 13:42:06.841, 6, 0, 74584, 97887
2026/07/08 13:42:06.860, 7, 0, 74584, 97887
2026/07/08 13:42:07.877, 0, 4, 46822, 97887
2026/07/08 13:42:07.895, 1, 4, 46820, 97887
2026/07/08 13:42:07.912, 2, 4, 46822, 97887
2026/07/08 13:42:07.929, 3, 4, 46824, 97887
2026/07/08 13:42:07.947, 4, 0, 74584, 97887
2026/07/08 13:42:07.963, 5, 0, 74584, 97887
2026/07/08 13:42:07.977, 6, 0, 74584, 97887
2026/07/08 13:42:07.993, 7, 0, 74584, 97887
2026/07/08 13:42:09.013, 0, 4, 46826, 97887
2026/07/08 13:42:09.032, 1, 4, 46826, 97887
2026/07/08 13:42:09.050, 2, 4, 46826, 97887
2026/07/08 13:42:09.067, 3, 4, 46828, 97887
2026/07/08 13:42:09.085, 4, 0, 74584, 97887
2026/07/08 13:42:09.103, 5, 0, 74584, 97887
2026/07/08 13:42:09.123, 6, 0, 74584, 97887
2026/07/08 13:42:09.139, 7, 0, 74584, 97887
2026/07/08 13:42:10.159, 0, 4, 46832, 97887
2026/07/08 13:42:10.181, 1, 4, 46832, 97887
2026/07/08 13:42:10.199, 2, 3, 46832, 97887
2026/07/08 13:42:10.221, 3, 4, 46834, 97887
2026/07/08 13:42:10.241, 4, 0, 74584, 97887
2026/07/08 13:42:10.260, 5, 0, 74584, 97887
2026/07/08 13:42:10.277, 6, 0, 74584, 97887
2026/07/08 13:42:10.297, 7, 0, 74584, 97887
2026/07/08 13:42:11.318, 0, 4, 46838, 97887
2026/07/08 13:42:11.337, 1, 4, 46838, 97887
2026/07/08 13:42:11.356, 2, 4, 46838, 97887
2026/07/08 13:42:11.374, 3, 4, 46840, 97887
2026/07/08 13:42:11.394, 4, 0, 74584, 97887
2026/07/08 13:42:11.413, 5, 0, 74584, 97887
2026/07/08 13:42:11.432, 6, 0, 74584, 97887
2026/07/08 13:42:11.450, 7, 0, 74584, 97887
2026/07/08 13:42:12.469, 0, 4, 46844, 97887
2026/07/08 13:42:12.490, 1, 4, 46842, 97887
2026/07/08 13:42:12.510, 2, 4, 46844, 97887
2026/07/08 13:42:12.523, 3, 4, 46846, 97887
2026/07/08 13:42:12.534, 4, 0, 74584, 97887
2026/07/08 13:42:12.551, 5, 0, 74584, 97887
2026/07/08 13:42:12.565, 6, 0, 74584, 97887
2026/07/08 13:42:12.583, 7, 0, 74584, 97887
2026/07/08 13:42:13.602, 0, 4, 46850, 97887
2026/07/08 13:42:13.621, 1, 4, 46848, 97887
2026/07/08 13:42:13.638, 2, 4, 46850, 97887
2026/07/08 13:42:13.655, 3, 5, 46852, 97887
2026/07/08 13:42:13.672, 4, 0, 74584, 97887
2026/07/08 13:42:13.692, 5, 0, 74584, 97887
2026/07/08 13:42:13.712, 6, 100, 74584, 97887
2026/07/08 13:42:13.731, 7, 0, 74584, 97887
2026/07/08 13:42:14.750, 0, 0, 46854, 97887
2026/07/08 13:42:14.768, 1, 1, 46854, 97887
2026/07/08 13:42:14.785, 2, 40, 46854, 97887
2026/07/08 13:42:14.802, 3, 100, 46854, 97887
2026/07/08 13:42:14.820, 4, 0, 74584, 97887
2026/07/08 13:42:14.835, 5, 0, 74584, 97887
2026/07/08 13:42:14.851, 6, 100, 74584, 97887
2026/07/08 13:42:14.868, 7, 0, 74584, 97887
2026/07/08 13:42:15.886, 0, 0, 46876, 97887
2026/07/08 13:42:15.903, 1, 0, 46874, 97887
2026/07/08 13:42:15.916, 2, 0, 46876, 97887
2026/07/08 13:42:15.928, 3, 0, 46874, 97887
2026/07/08 13:42:15.942, 4, 97, 74584, 97887
2026/07/08 13:42:15.960, 5, 39, 74584, 97887
2026/07/08 13:42:15.974, 6, 94, 74584, 97887
2026/07/08 13:42:15.990, 7, 95, 74584, 97887
2026/07/08 13:42:17.007, 0, 0, 46878, 97887
2026/07/08 13:42:17.024, 1, 26, 46874, 97887
2026/07/08 13:42:17.040, 2, 0, 46876, 97887
2026/07/08 13:42:17.057, 3, 0, 46874, 97887
2026/07/08 13:42:17.074, 4, 94, 74586, 97887
2026/07/08 13:42:17.092, 5, 16, 74586, 97887
2026/07/08 13:42:17.110, 6, 26, 74584, 97887
2026/07/08 13:42:17.128, 7, 97, 74586, 97887
2026/07/08 13:42:18.146, 0, 17, 46878, 97887
2026/07/08 13:42:18.164, 1, 100, 46874, 97887
2026/07/08 13:42:18.178, 2, 100, 46876, 97887
2026/07/08 13:42:18.194, 3, 100, 46874, 97887
2026/07/08 13:42:18.208, 4, 0, 75144, 97887
2026/07/08 13:42:18.223, 5, 0, 75144, 97887
2026/07/08 13:42:18.238, 6, 5, 74586, 97887
2026/07/08 13:42:18.253, 7, 56, 74586, 97887
2026/07/08 13:42:19.268, 0, 5, 46878, 97887
2026/07/08 13:42:19.285, 1, 5, 46874, 97887
2026/07/08 13:42:19.297, 2, 5, 46876, 97887
2026/07/08 13:42:19.308, 3, 5, 46874, 97887
2026/07/08 13:42:19.318, 4, 55, 75126, 97887
2026/07/08 13:42:19.331, 5, 55, 75126, 97887
2026/07/08 13:42:19.342, 6, 22, 75144, 97887
2026/07/08 13:42:19.354, 7, 100, 75144, 97887
2026/07/08 13:42:20.365, 0, 5, 46878, 97887
2026/07/08 13:42:20.378, 1, 5, 46874, 97887
2026/07/08 13:42:20.392, 2, 5, 46876, 97887
2026/07/08 13:42:20.403, 3, 5, 46874, 97887
2026/07/08 13:42:20.416, 4, 40, 75104, 97887
2026/07/08 13:42:20.431, 5, 39, 75104, 97887
2026/07/08 13:42:20.446, 6, 77, 75126, 97887
2026/07/08 13:42:20.461, 7, 56, 75126, 97887
2026/07/08 13:42:21.476, 0, 5, 46878, 97887
2026/07/08 13:42:21.493, 1, 5, 46874, 97887
2026/07/08 13:42:21.506, 2, 5, 46876, 97887
2026/07/08 13:42:21.519, 3, 5, 46874, 97887
2026/07/08 13:42:21.532, 4, 41, 75080, 97887
2026/07/08 13:42:21.543, 5, 37, 75080, 97887
2026/07/08 13:42:21.553, 6, 67, 75104, 97887
2026/07/08 13:42:21.564, 7, 100, 75104, 97887
2026/07/08 13:42:22.575, 0, 5, 46878, 97887
2026/07/08 13:42:22.588, 1, 5, 46874, 97887
2026/07/08 13:42:22.597, 2, 5, 46876, 97887
2026/07/08 13:42:22.608, 3, 5, 46874, 97887
2026/07/08 13:42:22.618, 4, 61, 74870, 97887
2026/07/08 13:42:22.629, 5, 61, 74872, 97887
2026/07/08 13:42:22.641, 6, 50, 75080, 97887
2026/07/08 13:42:22.653, 7, 38, 75080, 97887
2026/07/08 13:42:23.666, 0, 5, 46878, 97887
2026/07/08 13:42:23.680, 1, 6, 46874, 97887
2026/07/08 13:42:23.694, 2, 5, 46876, 97887
2026/07/08 13:42:23.705, 3, 5, 46874, 97887
2026/07/08 13:42:23.719, 4, 22, 75122, 97887
2026/07/08 13:42:23.734, 5, 22, 75122, 97887
2026/07/08 13:42:23.747, 6, 96, 75094, 97887
2026/07/08 13:42:23.759, 7, 22, 75094, 97887
2026/07/08 13:42:24.773, 0, 45, 46878, 97887
2026/07/08 13:42:24.793, 1, 36, 46874, 97887
2026/07/08 13:42:24.811, 2, 30, 46876, 97887
2026/07/08 13:42:24.828, 3, 53, 46874, 97887
2026/07/08 13:42:24.841, 4, 55, 75034, 97887
2026/07/08 13:42:24.854, 5, 49, 75034, 97887
2026/07/08 13:42:24.868, 6, 67, 75122, 97887
2026/07/08 13:42:24.884, 7, 78, 75122, 97887
2026/07/08 13:42:25.900, 0, 0, 46878, 97887
2026/07/08 13:42:25.920, 1, 0, 46874, 97887
2026/07/08 13:42:25.935, 2, 0, 47356, 97887
2026/07/08 13:42:25.949, 3, 0, 47514, 97887
2026/07/08 13:42:25.965, 4, 47, 75102, 97887
2026/07/08 13:42:25.980, 5, 28, 75102, 97887
2026/07/08 13:42:25.997, 6, 25, 75112, 97887
2026/07/08 13:42:26.013, 7, 37, 75112, 97887
2026/07/08 13:42:27.029, 0, 16, 57094, 97887
2026/07/08 13:42:27.042, 1, 0, 57094, 97887
2026/07/08 13:42:27.060, 2, 0, 57094, 97887
2026/07/08 13:42:27.082, 3, 0, 57096, 97887
2026/07/08 13:42:27.096, 4, 2, 75142, 97887
2026/07/08 13:42:27.109, 5, 1, 75142, 97887
2026/07/08 13:42:27.122, 6, 9, 75100, 97887
2026/07/08 13:42:27.135, 7, 20, 75100, 97887
2026/07/08 13:42:28.145, 0, 4, 57102, 97887
2026/07/08 13:42:28.159, 1, 4, 57102, 97887
2026/07/08 13:42:28.173, 2, 4, 57102, 97887
2026/07/08 13:42:28.188, 3, 4, 57102, 97887
2026/07/08 13:42:28.205, 4, 1, 75186, 97887
2026/07/08 13:42:28.218, 5, 1, 75188, 97887
2026/07/08 13:42:28.232, 6, 76, 75112, 97887
2026/07/08 13:42:28.245, 7, 13, 75132, 97887
2026/07/08 13:42:29.260, 0, 4, 57106, 97887
2026/07/08 13:42:29.277, 1, 4, 57106, 97887
2026/07/08 13:42:29.292, 2, 4, 57106, 97887
2026/07/08 13:42:29.307, 3, 4, 57106, 97887
2026/07/08 13:42:29.324, 4, 49, 75238, 97887
2026/07/08 13:42:29.338, 5, 11, 75240, 97887
2026/07/08 13:42:29.351, 6, 69, 75176, 97887
2026/07/08 13:42:29.365, 7, 15, 75176, 97887
2026/07/08 13:42:30.377, 0, 4, 57112, 97887
2026/07/08 13:42:30.395, 1, 4, 57112, 97887
2026/07/08 13:42:30.414, 2, 4, 57112, 97887
2026/07/08 13:42:30.427, 3, 4, 57112, 97887
2026/07/08 13:42:30.438, 4, 23, 75292, 97887
2026/07/08 13:42:30.446, 5, 4, 75292, 97887
2026/07/08 13:42:30.460, 6, 42, 75232, 97887
2026/07/08 13:42:30.475, 7, 12, 75232, 97887
2026/07/08 13:42:31.491, 0, 4, 57118, 97887
2026/07/08 13:42:31.511, 1, 4, 57118, 97887
2026/07/08 13:42:31.530, 2, 4, 57118, 97887
2026/07/08 13:42:31.545, 3, 4, 57118, 97887
2026/07/08 13:42:31.559, 4, 0, 75320, 97887
2026/07/08 13:42:31.573, 5, 0, 75320, 97887
2026/07/08 13:42:31.588, 6, 63, 75278, 97887
2026/07/08 13:42:31.603, 7, 5, 75278, 97887
2026/07/08 13:42:32.615, 0, 4, 57122, 97887
2026/07/08 13:42:32.626, 1, 4, 57122, 97887
2026/07/08 13:42:32.640, 2, 4, 57122, 97887
2026/07/08 13:42:32.654, 3, 4, 57124, 97887
2026/07/08 13:42:32.669, 4, 0, 75320, 97887
2026/07/08 13:42:32.681, 5, 0, 75320, 97887
2026/07/08 13:42:32.695, 6, 80, 75320, 97887
2026/07/08 13:42:32.711, 7, 8, 75320, 97887
2026/07/08 13:42:33.729, 0, 4, 57128, 97887
2026/07/08 13:42:33.747, 1, 4, 57128, 97887
2026/07/08 13:42:33.762, 2, 4, 57128, 97887
2026/07/08 13:42:33.776, 3, 4, 57128, 97887
2026/07/08 13:42:33.792, 4, 23, 75344, 97887
2026/07/08 13:42:33.812, 5, 0, 75344, 97887
2026/07/08 13:42:33.826, 6, 0, 75320, 97887
2026/07/08 13:42:33.840, 7, 0, 75320, 97887
2026/07/08 13:42:34.853, 0, 4, 57134, 97887
2026/07/08 13:42:34.869, 1, 4, 57134, 97887
2026/07/08 13:42:34.884, 2, 4, 57134, 97887
2026/07/08 13:42:34.899, 3, 4, 57134, 97887
2026/07/08 13:42:34.917, 4, 0, 75344, 97887
2026/07/08 13:42:34.930, 5, 0, 75344, 97887
2026/07/08 13:42:34.940, 6, 0, 75320, 97887
2026/07/08 13:42:34.951, 7, 0, 75320, 97887
2026/07/08 13:42:35.963, 0, 0, 46896, 97887
2026/07/08 13:42:35.983, 1, 0, 46896, 97887
2026/07/08 13:42:36.001, 2, 0, 46896, 97887
2026/07/08 13:42:36.019, 3, 0, 46896, 97887
2026/07/08 13:42:36.037, 4, 0, 75344, 97887
2026/07/08 13:42:36.055, 5, 0, 75344, 97887
2026/07/08 13:42:36.074, 6, 10, 75344, 97887
2026/07/08 13:42:36.092, 7, 11, 75344, 97887
2026/07/08 13:42:37.111, 0, 0, 48096, 97887
2026/07/08 13:42:37.127, 1, 0, 48096, 97887
2026/07/08 13:42:37.142, 2, 0, 48096, 97887
2026/07/08 13:42:37.158, 3, 0, 48096, 97887
2026/07/08 13:42:37.176, 4, 0, 75364, 97887
2026/07/08 13:42:37.197, 5, 0, 75364, 97887
2026/07/08 13:42:37.221, 6, 0, 75364, 97887
2026/07/08 13:42:37.240, 7, 0, 75364, 97887
2026/07/08 13:42:38.257, 0, 0, 48096, 97887
2026/07/08 13:42:38.275, 1, 100, 48096, 97887
2026/07/08 13:42:38.289, 2, 0, 48096, 97887
2026/07/08 13:42:38.302, 3, 0, 48096, 97887
2026/07/08 13:42:38.317, 4, 0, 75364, 97887
2026/07/08 13:42:38.330, 5, 0, 75364, 97887
2026/07/08 13:42:38.346, 6, 0, 75364, 97887
2026/07/08 13:42:38.360, 7, 0, 75364, 97887
2026/07/08 13:42:39.379, 0, 0, 48096, 97887
2026/07/08 13:42:39.392, 1, 100, 48096, 97887
2026/07/08 13:42:39.405, 2, 0, 48096, 97887
2026/07/08 13:42:39.424, 3, 0, 48096, 97887
2026/07/08 13:42:39.443, 4, 0, 75960, 97887
2026/07/08 13:42:39.455, 5, 0, 75960, 97887
2026/07/08 13:42:39.466, 6, 0, 75960, 97887
2026/07/08 13:42:39.477, 7, 0, 75960, 97887
2026/07/08 13:42:40.489, 0, 59, 48704, 97887
2026/07/08 13:42:40.503, 1, 98, 48104, 97887
2026/07/08 13:42:40.518, 2, 98, 48104, 97887
2026/07/08 13:42:40.534, 3, 98, 48104, 97887
2026/07/08 13:42:40.552, 4, 56, 75970, 97887
2026/07/08 13:42:40.564, 5, 50, 75970, 97887
2026/07/08 13:42:40.578, 6, 63, 75970, 97887
2026/07/08 13:42:40.592, 7, 69, 75970, 97887
2026/07/08 13:42:41.606, 0, 75, 48704, 97887
2026/07/08 13:42:41.623, 1, 98, 48104, 97887
2026/07/08 13:42:41.638, 2, 98, 48104, 97887
2026/07/08 13:42:41.656, 3, 99, 48104, 97887
2026/07/08 13:42:41.671, 4, 56, 75970, 97887
2026/07/08 13:42:41.688, 5, 62, 75970, 97887
2026/07/08 13:42:41.705, 6, 49, 75970, 97887
2026/07/08 13:42:41.721, 7, 62, 75970, 97887
2026/07/08 13:42:42.738, 0, 65, 48704, 97887
2026/07/08 13:42:42.754, 1, 99, 48104, 97887
2026/07/08 13:42:42.768, 2, 98, 48104, 97887
2026/07/08 13:42:42.784, 3, 99, 48104, 97887
2026/07/08 13:42:42.809, 4, 47, 75970, 97887
2026/07/08 13:42:42.831, 5, 53, 75970, 97887
2026/07/08 13:42:42.846, 6, 69, 75970, 97887
2026/07/08 13:42:42.866, 7, 69, 75970, 97887
2026/07/08 13:42:43.885, 0, 49, 48704, 97887
2026/07/08 13:42:43.904, 1, 98, 48104, 97887
2026/07/08 13:42:43.922, 2, 99, 48104, 97887
2026/07/08 13:42:43.939, 3, 98, 48104, 97887
2026/07/08 13:42:43.953, 4, 69, 75970, 97887
2026/07/08 13:42:43.969, 5, 67, 75970, 97887
2026/07/08 13:42:43.984, 6, 66, 75970, 97887
2026/07/08 13:42:43.997, 7, 53, 75970, 97887
2026/07/08 13:42:45.011, 0, 52, 48704, 97887
2026/07/08 13:42:45.029, 1, 97, 48104, 97887
2026/07/08 13:42:45.045, 2, 98, 48104, 97887
2026/07/08 13:42:45.063, 3, 99, 48104, 97887
2026/07/08 13:42:45.079, 4, 71, 75970, 97887
2026/07/08 13:42:45.095, 5, 71, 75970, 97887
2026/07/08 13:42:45.112, 6, 54, 75970, 97887
2026/07/08 13:42:45.128, 7, 43, 75970, 97887
2026/07/08 13:42:46.144, 0, 61, 48704, 97887
2026/07/08 13:42:46.160, 1, 99, 48104, 97887
2026/07/08 13:42:46.175, 2, 98, 48104, 97887
2026/07/08 13:42:46.193, 3, 98, 48104, 97887
2026/07/08 13:42:46.209, 4, 48, 75970, 97887
2026/07/08 13:42:46.226, 5, 47, 75970, 97887
2026/07/08 13:42:46.244, 6, 66, 75970, 97887
2026/07/08 13:42:46.262, 7, 72, 75970, 97887
2026/07/08 13:42:47.279, 0, 48, 48704, 97887
2026/07/08 13:42:47.298, 1, 97, 48104, 97887
2026/07/08 13:42:47.316, 2, 99, 48104, 97887
2026/07/08 13:42:47.331, 3, 98, 48104, 97887
2026/07/08 13:42:47.346, 4, 74, 75970, 97887
2026/07/08 13:42:47.362, 5, 74, 75970, 97887
2026/07/08 13:42:47.378, 6, 70, 75970, 97887
2026/07/08 13:42:47.393, 7, 45, 75970, 97887
2026/07/08 13:42:48.410, 0, 0, 48704, 97887
2026/07/08 13:42:48.428, 1, 0, 48104, 97887
2026/07/08 13:42:48.446, 2, 0, 48104, 97887
2026/07/08 13:42:48.464, 3, 0, 48104, 97887
2026/07/08 13:42:48.481, 4, 0, 75370, 97887
2026/07/08 13:42:48.499, 5, 0, 75370, 97887
2026/07/08 13:42:48.517, 6, 0, 75370, 97887
2026/07/08 13:42:48.534, 7, 0, 75370, 97887
2026/07/08 13:42:49.552, 0, 0, 48704, 97887
2026/07/08 13:42:49.574, 1, 0, 48104, 97887
2026/07/08 13:42:49.592, 2, 0, 48104, 97887
2026/07/08 13:42:49.609, 3, 0, 48104, 97887
2026/07/08 13:42:49.624, 4, 0, 75370, 97887
2026/07/08 13:42:49.640, 5, 0, 75370, 97887
2026/07/08 13:42:49.657, 6, 0, 75370, 97887
2026/07/08 13:42:49.674, 7, 0, 75370, 97887
2026/07/08 13:42:50.689, 0, 0, 48704, 97887
2026/07/08 13:42:50.708, 1, 0, 48104, 97887
2026/07/08 13:42:50.725, 2, 0, 48104, 97887
2026/07/08 13:42:50.741, 3, 0, 48104, 97887
2026/07/08 13:42:50.759, 4, 11, 75376, 97887
2026/07/08 13:42:50.777, 5, 64, 75376, 97887
2026/07/08 13:42:50.793, 6, 0, 75370, 97887
2026/07/08 13:42:50.811, 7, 0, 75370, 97887
2026/07/08 13:42:51.830, 0, 0, 48704, 97887
2026/07/08 13:42:51.847, 1, 0, 48104, 97887
2026/07/08 13:42:51.864, 2, 0, 48104, 97887
2026/07/08 13:42:51.881, 3, 0, 48104, 97887
2026/07/08 13:42:51.899, 4, 3, 75376, 97887
2026/07/08 13:42:51.919, 5, 29, 75376, 97887
2026/07/08 13:42:51.939, 6, 0, 75370, 97887
2026/07/08 13:42:51.958, 7, 0, 75370, 97887
2026/07/08 13:42:52.980, 0, 0, 48704, 97887
2026/07/08 13:42:53.000, 1, 0, 48104, 97887
2026/07/08 13:42:53.017, 2, 0, 48104, 97887
2026/07/08 13:42:53.038, 3, 0, 48104, 97887
2026/07/08 13:42:53.055, 4, 0, 75376, 97887
2026/07/08 13:42:53.066, 5, 0, 75376, 97887
2026/07/08 13:42:53.085, 6, 0, 75370, 97887
2026/07/08 13:42:53.105, 7, 0, 75370, 97887
2026/07/08 13:42:54.123, 0, 0, 48704, 97887
2026/07/08 13:42:54.139, 1, 0, 48104, 97887
2026/07/08 13:42:54.157, 2, 0, 48104, 97887
2026/07/08 13:42:54.171, 3, 0, 48104, 97887
2026/07/08 13:42:54.188, 4, 0, 75376, 97887
2026/07/08 13:42:54.207, 5, 0, 75376, 97887
2026/07/08 13:42:54.233, 6, 0, 75370, 97887
2026/07/08 13:42:54.259, 7, 0, 75370, 97887
2026/07/08 13:42:55.281, 0, 0, 48704, 97887
2026/07/08 13:42:55.298, 1, 0, 48104, 97887
2026/07/08 13:42:55.319, 2, 0, 48104, 97887
2026/07/08 13:42:55.340, 3, 0, 48104, 97887
2026/07/08 13:42:55.362, 4, 0, 75376, 97887
2026/07/08 13:42:55.385, 5, 0, 75376, 97887
2026/07/08 13:42:55.402, 6, 0, 75370, 97887
2026/07/08 13:42:55.415, 7, 0, 75370, 97887
2026/07/08 13:42:56.432, 0, 0, 48704, 97887
2026/07/08 13:42:56.450, 1, 0, 48104, 97887
2026/07/08 13:42:56.469, 2, 0, 48104, 97887
2026/07/08 13:42:56.492, 3, 0, 48104, 97887
2026/07/08 13:42:56.513, 4, 0, 75376, 97887
2026/07/08 13:42:56.533, 5, 0, 75376, 97887
2026/07/08 13:42:56.556, 6, 0, 75370, 97887
2026/07/08 13:42:56.575, 7, 0, 75370, 97887
2026/07/08 13:42:57.597, 0, 0, 48704, 97887
2026/07/08 13:42:57.614, 1, 0, 48104, 97887
2026/07/08 13:42:57.632, 2, 0, 48104, 97887
2026/07/08 13:42:57.649, 3, 0, 48104, 97887
2026/07/08 13:42:57.666, 4, 0, 75376, 97887
2026/07/08 13:42:57.681, 5, 0, 75376, 97887
2026/07/08 13:42:57.696, 6, 0, 75370, 97887
2026/07/08 13:42:57.713, 7, 0, 75370, 97887
2026/07/08 13:42:58.732, 0, 0, 48704, 97887
2026/07/08 13:42:58.750, 1, 0, 48104, 97887
2026/07/08 13:42:58.770, 2, 0, 48104, 97887
2026/07/08 13:42:58.788, 3, 0, 48104, 97887
2026/07/08 13:42:58.804, 4, 0, 75376, 97887
2026/07/08 13:42:58.819, 5, 0, 75376, 97887
2026/07/08 13:42:58.836, 6, 0, 75370, 97887
2026/07/08 13:42:58.854, 7, 0, 75370, 97887
2026/07/08 13:42:59.872, 0, 0, 48704, 97887
2026/07/08 13:42:59.888, 1, 0, 48104, 97887
2026/07/08 13:42:59.905, 2, 0, 48104, 97887
2026/07/08 13:42:59.927, 3, 0, 48104, 97887
2026/07/08 13:42:59.945, 4, 0, 75376, 97887
2026/07/08 13:42:59.965, 5, 0, 75376, 97887
2026/07/08 13:42:59.985, 6, 0, 75370, 97887
2026/07/08 13:43:00.002, 7, 0, 75370, 97887
2026/07/08 13:43:01.023, 0, 0, 48704, 97887
2026/07/08 13:43:01.041, 1, 0, 48104, 97887
2026/07/08 13:43:01.058, 2, 0, 48104, 97887
2026/07/08 13:43:01.076, 3, 0, 48104, 97887
2026/07/08 13:43:01.092, 4, 0, 75376, 97887
2026/07/08 13:43:01.109, 5, 0, 75376, 97887
2026/07/08 13:43:01.122, 6, 0, 75370, 97887
2026/07/08 13:43:01.136, 7, 0, 75370, 97887
2026/07/08 13:43:02.154, 0, 0, 48704, 97887
2026/07/08 13:43:02.170, 1, 0, 48104, 97887
2026/07/08 13:43:02.186, 2, 0, 48104, 97887
2026/07/08 13:43:02.205, 3, 0, 48104, 97887
2026/07/08 13:43:02.225, 4, 0, 75376, 97887
2026/07/08 13:43:02.244, 5, 0, 75376, 97887
2026/07/08 13:43:02.261, 6, 0, 75370, 97887
2026/07/08 13:43:02.278, 7, 0, 75370, 97887
2026/07/08 13:43:03.295, 0, 0, 48704, 97887
2026/07/08 13:43:03.315, 1, 0, 48104, 97887
2026/07/08 13:43:03.337, 2, 0, 48104, 97887
2026/07/08 13:43:03.358, 3, 0, 48104, 97887
2026/07/08 13:43:03.376, 4, 0, 75376, 97887
2026/07/08 13:43:03.394, 5, 0, 75376, 97887
2026/07/08 13:43:03.413, 6, 0, 75370, 97887
2026/07/08 13:43:03.431, 7, 0, 75370, 97887
2026/07/08 13:43:04.450, 0, 0, 48704, 97887
2026/07/08 13:43:04.470, 1, 0, 48104, 97887
2026/07/08 13:43:04.490, 2, 0, 48104, 97887
2026/07/08 13:43:04.511, 3, 0, 48104, 97887
2026/07/08 13:43:04.529, 4, 0, 75376, 97887
2026/07/08 13:43:04.549, 5, 0, 75376, 97887
2026/07/08 13:43:04.567, 6, 0, 75370, 97887
2026/07/08 13:43:04.588, 7, 0, 75370, 97887
2026/07/08 13:43:05.607, 0, 0, 48704, 97887
2026/07/08 13:43:05.625, 1, 0, 48104, 97887
2026/07/08 13:43:05.641, 2, 0, 48104, 97887
2026/07/08 13:43:05.658, 3, 0, 48104, 97887
2026/07/08 13:43:05.675, 4, 0, 75376, 97887
2026/07/08 13:43:05.690, 5, 0, 75376, 97887
2026/07/08 13:43:05.705, 6, 0, 75370, 97887
2026/07/08 13:43:05.717, 7, 0, 75370, 97887
2026/07/08 13:43:06.738, 0, 0, 48704, 97887
2026/07/08 13:43:06.756, 1, 0, 48104, 97887
2026/07/08 13:43:06.771, 2, 0, 48104, 97887
2026/07/08 13:43:06.788, 3, 0, 48104, 97887
2026/07/08 13:43:06.804, 4, 0, 75376, 97887
2026/07/08 13:43:06.822, 5, 0, 75376, 97887
2026/07/08 13:43:06.837, 6, 0, 75370, 97887
2026/07/08 13:43:06.851, 7, 0, 75370, 97887
2026/07/08 13:43:07.863, 0, 0, 48704, 97887
2026/07/08 13:43:07.879, 1, 0, 48104, 97887
2026/07/08 13:43:07.896, 2, 0, 48104, 97887
2026/07/08 13:43:07.913, 3, 0, 48104, 97887
2026/07/08 13:43:07.928, 4, 0, 75376, 97887
2026/07/08 13:43:07.944, 5, 0, 75376, 97887
2026/07/08 13:43:07.959, 6, 0, 75370, 97887
2026/07/08 13:43:07.974, 7, 0, 75370, 97887
2026/07/08 13:43:08.988, 0, 0, 48704, 97887
2026/07/08 13:43:09.007, 1, 0, 48104, 97887
2026/07/08 13:43:09.024, 2, 0, 48104, 97887
2026/07/08 13:43:09.042, 3, 0, 48104, 97887
2026/07/08 13:43:09.061, 4, 0, 75376, 97887
2026/07/08 13:43:09.076, 5, 0, 75376, 97887
2026/07/08 13:43:09.093, 6, 0, 75370, 97887
2026/07/08 13:43:09.108, 7, 0, 75370, 97887
2026/07/08 13:43:10.123, 0, 0, 48704, 97887
2026/07/08 13:43:10.136, 1, 0, 48104, 97887
2026/07/08 13:43:10.149, 2, 0, 48104, 97887
2026/07/08 13:43:10.163, 3, 0, 48104, 97887
2026/07/08 13:43:10.177, 4, 0, 75376, 97887
2026/07/08 13:43:10.191, 5, 0, 75376, 97887
2026/07/08 13:43:10.206, 6, 0, 75370, 97887
2026/07/08 13:43:10.223, 7, 0, 75370, 97887
2026/07/08 13:43:11.238, 0, 0, 48704, 97887
2026/07/08 13:43:11.246, 1, 0, 48104, 97887
2026/07/08 13:43:11.253, 2, 0, 48104, 97887
2026/07/08 13:43:11.265, 3, 0, 48104, 97887
2026/07/08 13:43:11.278, 4, 0, 75376, 97887
2026/07/08 13:43:11.291, 5, 0, 75376, 97887
2026/07/08 13:43:11.302, 6, 0, 75370, 97887
2026/07/08 13:43:11.315, 7, 0, 75370, 97887
2026/07/08 13:43:12.329, 0, 0, 48704, 97887
2026/07/08 13:43:12.349, 1, 0, 48104, 97887
2026/07/08 13:43:12.365, 2, 0, 48104, 97887
2026/07/08 13:43:12.384, 3, 0, 48104, 97887
2026/07/08 13:43:12.403, 4, 0, 75376, 97887
2026/07/08 13:43:12.422, 5, 0, 75376, 97887
2026/07/08 13:43:12.443, 6, 0, 75370, 97887
2026/07/08 13:43:12.474, 7, 0, 75370, 97887
2026/07/08 13:43:13.497, 0, 0, 48704, 97887
2026/07/08 13:43:13.511, 1, 0, 48104, 97887
2026/07/08 13:43:13.527, 2, 0, 48104, 97887
2026/07/08 13:43:13.549, 3, 0, 48104, 97887
2026/07/08 13:43:13.568, 4, 0, 75376, 97887
2026/07/08 13:43:13.585, 5, 0, 75376, 97887
2026/07/08 13:43:13.600, 6, 0, 75370, 97887
2026/07/08 13:43:13.614, 7, 0, 75370, 97887
2026/07/08 13:43:14.628, 0, 0, 48704, 97887
2026/07/08 13:43:14.643, 1, 0, 48104, 97887
2026/07/08 13:43:14.658, 2, 0, 48104, 97887
2026/07/08 13:43:14.674, 3, 0, 48104, 97887
2026/07/08 13:43:14.690, 4, 0, 75376, 97887
2026/07/08 13:43:14.704, 5, 0, 75376, 97887
2026/07/08 13:43:14.722, 6, 0, 75370, 97887
2026/07/08 13:43:14.739, 7, 0, 75370, 97887
2026/07/08 13:43:15.755, 0, 0, 48704, 97887
2026/07/08 13:43:15.772, 1, 0, 48104, 97887
2026/07/08 13:43:15.789, 2, 0, 48104, 97887
2026/07/08 13:43:15.805, 3, 0, 48104, 97887
2026/07/08 13:43:15.822, 4, 0, 75376, 97887
2026/07/08 13:43:15.843, 5, 0, 75376, 97887
2026/07/08 13:43:15.859, 6, 0, 75370, 97887
2026/07/08 13:43:15.873, 7, 0, 75370, 97887
2026/07/08 13:43:16.888, 0, 0, 48704, 97887
2026/07/08 13:43:16.904, 1, 0, 48104, 97887
2026/07/08 13:43:16.920, 2, 0, 48104, 97887
2026/07/08 13:43:16.936, 3, 0, 48104, 97887
2026/07/08 13:43:16.951, 4, 0, 75376, 97887
2026/07/08 13:43:16.967, 5, 0, 75376, 97887
2026/07/08 13:43:16.985, 6, 0, 75370, 97887
2026/07/08 13:43:17.001, 7, 0, 75370, 97887
2026/07/08 13:43:18.018, 0, 0, 48704, 97887
2026/07/08 13:43:18.036, 1, 0, 48104, 97887
2026/07/08 13:43:18.060, 2, 0, 48104, 97887
2026/07/08 13:43:18.075, 3, 0, 48104, 97887
2026/07/08 13:43:18.091, 4, 0, 75376, 97887
2026/07/08 13:43:18.108, 5, 0, 75376, 97887
2026/07/08 13:43:18.123, 6, 0, 75370, 97887
2026/07/08 13:43:18.140, 7, 0, 75370, 97887
2026/07/08 13:43:19.158, 0, 0, 48704, 97887
2026/07/08 13:43:19.172, 1, 0, 48104, 97887
2026/07/08 13:43:19.184, 2, 0, 48104, 97887
2026/07/08 13:43:19.195, 3, 0, 48104, 97887
2026/07/08 13:43:19.208, 4, 0, 75376, 97887
2026/07/08 13:43:19.224, 5, 0, 75376, 97887
2026/07/08 13:43:19.237, 6, 0, 75370, 97887
2026/07/08 13:43:19.254, 7, 0, 75370, 97887
2026/07/08 13:43:20.270, 0, 0, 48704, 97887
2026/07/08 13:43:20.284, 1, 0, 48104, 97887
2026/07/08 13:43:20.299, 2, 0, 48104, 97887
2026/07/08 13:43:20.318, 3, 0, 48104, 97887
2026/07/08 13:43:20.332, 4, 0, 75376, 97887
2026/07/08 13:43:20.347, 5, 0, 75376, 97887
2026/07/08 13:43:20.360, 6, 0, 75370, 97887
2026/07/08 13:43:20.374, 7, 0, 75370, 97887
2026/07/08 13:43:21.389, 0, 0, 48704, 97887
2026/07/08 13:43:21.410, 1, 0, 48104, 97887
2026/07/08 13:43:21.425, 2, 0, 48104, 97887
2026/07/08 13:43:21.451, 3, 0, 48104, 97887
2026/07/08 13:43:21.469, 4, 0, 75376, 97887
2026/07/08 13:43:21.485, 5, 0, 75376, 97887
2026/07/08 13:43:21.498, 6, 0, 75370, 97887
2026/07/08 13:43:21.517, 7, 0, 75370, 97887
2026/07/08 13:43:22.539, 0, 0, 48704, 97887
2026/07/08 13:43:22.557, 1, 0, 48104, 97887
2026/07/08 13:43:22.573, 2, 0, 48104, 97887
2026/07/08 13:43:22.586, 3, 0, 48104, 97887
2026/07/08 13:43:22.600, 4, 0, 75376, 97887
2026/07/08 13:43:22.617, 5, 0, 75376, 97887
2026/07/08 13:43:22.636, 6, 0, 75370, 97887
2026/07/08 13:43:22.650, 7, 0, 75370, 97887
2026/07/08 13:43:23.666, 0, 0, 48704, 97887
2026/07/08 13:43:23.685, 1, 0, 48104, 97887
2026/07/08 13:43:23.702, 2, 0, 48104, 97887
2026/07/08 13:43:23.718, 3, 0, 48104, 97887
2026/07/08 13:43:23.733, 4, 0, 75376, 97887
2026/07/08 13:43:23.748, 5, 0, 75376, 97887
2026/07/08 13:43:23.764, 6, 0, 75370, 97887
2026/07/08 13:43:23.779, 7, 0, 75370, 97887
2026/07/08 13:43:24.797, 0, 0, 48704, 97887
2026/07/08 13:43:24.815, 1, 0, 48104, 97887
2026/07/08 13:43:24.832, 2, 0, 48104, 97887
2026/07/08 13:43:24.848, 3, 0, 48104, 97887
2026/07/08 13:43:24.866, 4, 0, 75376, 97887
2026/07/08 13:43:24.884, 5, 0, 75376, 97887
2026/07/08 13:43:24.903, 6, 0, 75370, 97887
2026/07/08 13:43:24.919, 7, 0, 75370, 97887
2026/07/08 13:43:25.935, 0, 0, 48704, 97887
2026/07/08 13:43:25.953, 1, 0, 48104, 97887
2026/07/08 13:43:25.970, 2, 0, 48104, 97887
2026/07/08 13:43:25.988, 3, 0, 48104, 97887
2026/07/08 13:43:26.004, 4, 0, 75376, 97887
2026/07/08 13:43:26.020, 5, 0, 75376, 97887
2026/07/08 13:43:26.035, 6, 0, 75370, 97887
2026/07/08 13:43:26.050, 7, 0, 75370, 97887
2026/07/08 13:43:27.068, 0, 0, 48704, 97887
2026/07/08 13:43:27.085, 1, 0, 48104, 97887
2026/07/08 13:43:27.099, 2, 0, 48104, 97887
2026/07/08 13:43:27.115, 3, 0, 48104, 97887
2026/07/08 13:43:27.131, 4, 0, 75376, 97887
2026/07/08 13:43:27.148, 5, 0, 75376, 97887
2026/07/08 13:43:27.164, 6, 0, 75370, 97887
2026/07/08 13:43:27.181, 7, 0, 75370, 97887
2026/07/08 13:43:28.196, 0, 0, 48704, 97887
2026/07/08 13:43:28.210, 1, 0, 48104, 97887
2026/07/08 13:43:28.226, 2, 0, 48104, 97887
2026/07/08 13:43:28.240, 3, 0, 48104, 97887
2026/07/08 13:43:28.257, 4, 0, 75376, 97887
2026/07/08 13:43:28.272, 5, 0, 75376, 97887
2026/07/08 13:43:28.288, 6, 0, 75370, 97887
2026/07/08 13:43:28.303, 7, 0, 75370, 97887
2026/07/08 13:43:29.319, 0, 0, 48704, 97887
2026/07/08 13:43:29.338, 1, 0, 48104, 97887
2026/07/08 13:43:29.356, 2, 0, 48104, 97887
2026/07/08 13:43:29.374, 3, 0, 48104, 97887
2026/07/08 13:43:29.391, 4, 0, 75376, 97887
2026/07/08 13:43:29.403, 5, 0, 75376, 97887
2026/07/08 13:43:29.418, 6, 0, 75370, 97887
2026/07/08 13:43:29.435, 7, 0, 75370, 97887
2026/07/08 13:43:30.456, 0, 0, 48704, 97887
2026/07/08 13:43:30.469, 1, 0, 48104, 97887
2026/07/08 13:43:30.486, 2, 0, 48104, 97887
2026/07/08 13:43:30.503, 3, 0, 48104, 97887
2026/07/08 13:43:30.519, 4, 0, 75376, 97887
2026/07/08 13:43:30.536, 5, 0, 75376, 97887
2026/07/08 13:43:30.554, 6, 0, 75370, 97887
2026/07/08 13:43:30.570, 7, 0, 75370, 97887
2026/07/08 13:43:31.586, 0, 0, 48704, 97887
2026/07/08 13:43:31.605, 1, 0, 48104, 97887
2026/07/08 13:43:31.620, 2, 0, 48104, 97887
2026/07/08 13:43:31.636, 3, 0, 48104, 97887
2026/07/08 13:43:31.648, 4, 0, 75376, 97887
2026/07/08 13:43:31.662, 5, 0, 75376, 97887
2026/07/08 13:43:31.678, 6, 0, 75370, 97887
2026/07/08 13:43:31.696, 7, 0, 75370, 97887
2026/07/08 13:43:32.709, 0, 0, 48704, 97887
2026/07/08 13:43:32.729, 1, 0, 48104, 97887
2026/07/08 13:43:32.748, 2, 0, 48104, 97887
2026/07/08 13:43:32.764, 3, 0, 48104, 97887
2026/07/08 13:43:32.780, 4, 0, 75376, 97887
2026/07/08 13:43:32.795, 5, 0, 75376, 97887
2026/07/08 13:43:32.810, 6, 0, 75370, 97887
2026/07/08 13:43:32.826, 7, 0, 75370, 97887
2026/07/08 13:43:33.840, 0, 0, 48704, 97887
2026/07/08 13:43:33.859, 1, 0, 48104, 97887
2026/07/08 13:43:33.877, 2, 0, 48104, 97887
2026/07/08 13:43:33.896, 3, 0, 48104, 97887
2026/07/08 13:43:33.912, 4, 0, 75376, 97887
2026/07/08 13:43:33.931, 5, 0, 75376, 97887
2026/07/08 13:43:33.948, 6, 0, 75370, 97887
2026/07/08 13:43:33.964, 7, 0, 75370, 97887
2026/07/08 13:43:34.983, 0, 0, 48704, 97887
2026/07/08 13:43:35.002, 1, 0, 48104, 97887
2026/07/08 13:43:35.019, 2, 0, 48104, 97887
2026/07/08 13:43:35.035, 3, 0, 48104, 97887
2026/07/08 13:43:35.049, 4, 0, 75376, 97887
2026/07/08 13:43:35.065, 5, 0, 75376, 97887
2026/07/08 13:43:35.081, 6, 0, 75370, 97887
2026/07/08 13:43:35.097, 7, 0, 75370, 97887
2026/07/08 13:43:36.112, 0, 0, 48704, 97887
2026/07/08 13:43:36.130, 1, 0, 48104, 97887
2026/07/08 13:43:36.147, 2, 0, 48104, 97887
2026/07/08 13:43:36.163, 3, 0, 48104, 97887
2026/07/08 13:43:36.176, 4, 0, 75376, 97887
2026/07/08 13:43:36.194, 5, 0, 75376, 97887
2026/07/08 13:43:36.212, 6, 0, 75370, 97887
2026/07/08 13:43:36.230, 7, 0, 75370, 97887
2026/07/08 13:43:37.247, 0, 0, 48704, 97887
2026/07/08 13:43:37.267, 1, 0, 48104, 97887
2026/07/08 13:43:37.283, 2, 0, 48104, 97887
2026/07/08 13:43:37.300, 3, 0, 48104, 97887
2026/07/08 13:43:37.314, 4, 0, 75376, 97887
2026/07/08 13:43:37.331, 5, 0, 75376, 97887
2026/07/08 13:43:37.347, 6, 0, 75370, 97887
2026/07/08 13:43:37.364, 7, 0, 75370, 97887
2026/07/08 13:43:38.379, 0, 0, 48704, 97887
2026/07/08 13:43:38.395, 1, 0, 48104, 97887
2026/07/08 13:43:38.410, 2, 0, 48104, 97887
2026/07/08 13:43:38.426, 3, 0, 48104, 97887
2026/07/08 13:43:38.444, 4, 0, 75376, 97887
2026/07/08 13:43:38.460, 5, 0, 75376, 97887
2026/07/08 13:43:38.476, 6, 0, 75370, 97887
2026/07/08 13:43:38.490, 7, 0, 75370, 97887
2026/07/08 13:43:39.505, 0, 0, 48704, 97887
2026/07/08 13:43:39.522, 1, 0, 48104, 97887
2026/07/08 13:43:39.536, 2, 0, 48104, 97887
2026/07/08 13:43:39.551, 3, 0, 48104, 97887
2026/07/08 13:43:39.564, 4, 0, 75376, 97887
2026/07/08 13:43:39.579, 5, 0, 75376, 97887
2026/07/08 13:43:39.592, 6, 0, 75370, 97887
2026/07/08 13:43:39.606, 7, 0, 75370, 97887
2026/07/08 13:43:40.621, 0, 0, 48704, 97887
2026/07/08 13:43:40.636, 1, 0, 48104, 97887
2026/07/08 13:43:40.653, 2, 0, 48104, 97887
2026/07/08 13:43:40.668, 3, 0, 48104, 97887
2026/07/08 13:43:40.682, 4, 0, 75376, 97887
2026/07/08 13:43:40.694, 5, 0, 75376, 97887
2026/07/08 13:43:40.703, 6, 0, 75370, 97887
2026/07/08 13:43:40.717, 7, 0, 75370, 97887
2026/07/08 13:43:41.726, 0, 0, 48704, 97887
2026/07/08 13:43:41.744, 1, 0, 48104, 97887
2026/07/08 13:43:41.761, 2, 0, 48104, 97887
2026/07/08 13:43:41.778, 3, 0, 48104, 97887
2026/07/08 13:43:41.794, 4, 0, 75376, 97887
2026/07/08 13:43:41.811, 5, 0, 75376, 97887
2026/07/08 13:43:41.826, 6, 0, 75370, 97887
2026/07/08 13:43:41.841, 7, 0, 75370, 97887
2026/07/08 13:43:42.858, 0, 0, 48704, 97887
2026/07/08 13:43:42.876, 1, 0, 48104, 97887
2026/07/08 13:43:42.895, 2, 0, 48104, 97887
2026/07/08 13:43:42.913, 3, 0, 48104, 97887
2026/07/08 13:43:42.932, 4, 0, 75376, 97887
2026/07/08 13:43:42.949, 5, 0, 75376, 97887
2026/07/08 13:43:42.968, 6, 0, 75370, 97887
2026/07/08 13:43:42.984, 7, 0, 75370, 97887
2026/07/08 13:43:43.998, 0, 0, 48704, 97887
2026/07/08 13:43:44.015, 1, 0, 48104, 97887
2026/07/08 13:43:44.035, 2, 0, 48104, 97887
2026/07/08 13:43:44.051, 3, 0, 48104, 97887
2026/07/08 13:43:44.067, 4, 0, 75376, 97887
2026/07/08 13:43:44.082, 5, 0, 75376, 97887
2026/07/08 13:43:44.094, 6, 0, 75370, 97887
2026/07/08 13:43:44.109, 7, 0, 75370, 97887
2026/07/08 13:43:45.125, 0, 0, 48704, 97887
2026/07/08 13:43:45.141, 1, 0, 48104, 97887
2026/07/08 13:43:45.156, 2, 0, 48104, 97887
2026/07/08 13:43:45.171, 3, 0, 48104, 97887
2026/07/08 13:43:45.185, 4, 0, 75376, 97887
2026/07/08 13:43:45.200, 5, 0, 75376, 97887
2026/07/08 13:43:45.214, 6, 0, 75370, 97887
2026/07/08 13:43:45.228, 7, 0, 75370, 97887
2026/07/08 13:43:46.244, 0, 0, 48704, 97887
2026/07/08 13:43:46.263, 1, 0, 48104, 97887
2026/07/08 13:43:46.281, 2, 0, 48104, 97887
2026/07/08 13:43:46.298, 3, 0, 48104, 97887
2026/07/08 13:43:46.315, 4, 0, 75376, 97887
2026/07/08 13:43:46.332, 5, 0, 75376, 97887
2026/07/08 13:43:46.350, 6, 0, 75370, 97887
2026/07/08 13:43:46.367, 7, 0, 75370, 97887
2026/07/08 13:43:47.385, 0, 0, 48704, 97887
2026/07/08 13:43:47.400, 1, 0, 48104, 97887
2026/07/08 13:43:47.415, 2, 0, 48104, 97887
2026/07/08 13:43:47.428, 3, 0, 48104, 97887
2026/07/08 13:43:47.442, 4, 0, 75376, 97887
2026/07/08 13:43:47.458, 5, 0, 75376, 97887
2026/07/08 13:43:47.475, 6, 0, 75370, 97887
2026/07/08 13:43:47.493, 7, 0, 75370, 97887
2026/07/08 13:43:48.510, 0, 0, 48704, 97887
2026/07/08 13:43:48.532, 1, 0, 48104, 97887
2026/07/08 13:43:48.551, 2, 0, 48104, 97887
2026/07/08 13:43:48.576, 3, 0, 48104, 97887
2026/07/08 13:43:48.597, 4, 0, 75376, 97887
2026/07/08 13:43:48.615, 5, 0, 75376, 97887
2026/07/08 13:43:48.629, 6, 0, 75370, 97887
2026/07/08 13:43:48.641, 7, 0, 75370, 97887
2026/07/08 13:43:49.656, 0, 0, 48704, 97887
2026/07/08 13:43:49.674, 1, 0, 48104, 97887
2026/07/08 13:43:49.692, 2, 0, 48104, 97887
2026/07/08 13:43:49.707, 3, 0, 48104, 97887
2026/07/08 13:43:49.726, 4, 0, 75376, 97887
2026/07/08 13:43:49.744, 5, 0, 75376, 97887
2026/07/08 13:43:49.762, 6, 0, 75370, 97887
2026/07/08 13:43:49.779, 7, 0, 75370, 97887
2026/07/08 13:43:50.797, 0, 0, 48704, 97887
2026/07/08 13:43:50.814, 1, 0, 48104, 97887
2026/07/08 13:43:50.829, 2, 0, 48104, 97887
2026/07/08 13:43:50.844, 3, 0, 48104, 97887
2026/07/08 13:43:50.864, 4, 0, 75376, 97887
2026/07/08 13:43:50.883, 5, 0, 75376, 97887
2026/07/08 13:43:50.903, 6, 0, 75370, 97887
2026/07/08 13:43:50.923, 7, 0, 75370, 97887
2026/07/08 13:43:51.939, 0, 0, 48704, 97887
2026/07/08 13:43:51.954, 1, 0, 48104, 97887
2026/07/08 13:43:51.970, 2, 0, 48104, 97887
2026/07/08 13:43:51.986, 3, 0, 48104, 97887
2026/07/08 13:43:51.998, 4, 0, 75376, 97887
2026/07/08 13:43:52.012, 5, 0, 75376, 97887
2026/07/08 13:43:52.026, 6, 0, 75370, 97887
2026/07/08 13:43:52.040, 7, 0, 75370, 97887
2026/07/08 13:43:53.056, 0, 0, 48704, 97887
2026/07/08 13:43:53.074, 1, 0, 48104, 97887
2026/07/08 13:43:53.091, 2, 0, 48104, 97887
2026/07/08 13:43:53.109, 3, 0, 48104, 97887
2026/07/08 13:43:53.127, 4, 0, 75376, 97887
2026/07/08 13:43:53.144, 5, 0, 75376, 97887
2026/07/08 13:43:53.163, 6, 0, 75370, 97887
2026/07/08 13:43:53.179, 7, 0, 75370, 97887
2026/07/08 13:43:54.198, 0, 0, 48704, 97887
2026/07/08 13:43:54.219, 1, 0, 48104, 97887
2026/07/08 13:43:54.239, 2, 0, 48104, 97887
2026/07/08 13:43:54.254, 3, 0, 48104, 97887
2026/07/08 13:43:54.270, 4, 0, 75376, 97887
2026/07/08 13:43:54.287, 5, 0, 75376, 97887
2026/07/08 13:43:54.304, 6, 0, 75370, 97887
2026/07/08 13:43:54.320, 7, 0, 75370, 97887
2026/07/08 13:43:55.339, 0, 0, 48704, 97887
2026/07/08 13:43:55.357, 1, 0, 48104, 97887
2026/07/08 13:43:55.375, 2, 0, 48104, 97887
2026/07/08 13:43:55.392, 3, 0, 48104, 97887
2026/07/08 13:43:55.408, 4, 0, 75376, 97887
2026/07/08 13:43:55.422, 5, 0, 75376, 97887
2026/07/08 13:43:55.438, 6, 0, 75370, 97887
2026/07/08 13:43:55.454, 7, 0, 75370, 97887
2026/07/08 13:43:56.471, 0, 0, 48704, 97887
2026/07/08 13:43:56.489, 1, 0, 48104, 97887
2026/07/08 13:43:56.505, 2, 0, 48104, 97887
2026/07/08 13:43:56.521, 3, 0, 48104, 97887
2026/07/08 13:43:56.537, 4, 0, 75376, 97887
2026/07/08 13:43:56.551, 5, 0, 75376, 97887
2026/07/08 13:43:56.567, 6, 0, 75370, 97887
2026/07/08 13:43:56.583, 7, 0, 75370, 97887
2026/07/08 13:43:57.599, 0, 0, 48704, 97887
2026/07/08 13:43:57.615, 1, 0, 48104, 97887
2026/07/08 13:43:57.631, 2, 0, 48104, 97887
2026/07/08 13:43:57.647, 3, 0, 48104, 97887
2026/07/08 13:43:57.664, 4, 0, 75376, 97887
2026/07/08 13:43:57.685, 5, 0, 75376, 97887
2026/07/08 13:43:57.704, 6, 0, 75370, 97887
2026/07/08 13:43:57.720, 7, 0, 75370, 97887
2026/07/08 13:43:58.739, 0, 0, 48704, 97887
2026/07/08 13:43:58.759, 1, 0, 48104, 97887
2026/07/08 13:43:58.777, 2, 0, 48104, 97887
2026/07/08 13:43:58.794, 3, 0, 48104, 97887
2026/07/08 13:43:58.809, 4, 0, 75376, 97887
2026/07/08 13:43:58.824, 5, 0, 75376, 97887
2026/07/08 13:43:58.838, 6, 0, 75370, 97887
2026/07/08 13:43:58.854, 7, 0, 75370, 97887
2026/07/08 13:43:59.865, 0, 0, 48704, 97887
2026/07/08 13:43:59.884, 1, 0, 48104, 97887
2026/07/08 13:43:59.902, 2, 0, 48104, 97887
2026/07/08 13:43:59.919, 3, 0, 48104, 97887
2026/07/08 13:43:59.935, 4, 0, 75376, 97887
2026/07/08 13:43:59.951, 5, 0, 75376, 97887
2026/07/08 13:43:59.968, 6, 0, 75370, 97887
2026/07/08 13:43:59.986, 7, 0, 75370, 97887
2026/07/08 13:44:01.003, 0, 0, 48704, 97887
2026/07/08 13:44:01.021, 1, 0, 48104, 97887
2026/07/08 13:44:01.035, 2, 0, 48104, 97887
2026/07/08 13:44:01.046, 3, 0, 48104, 97887
2026/07/08 13:44:01.056, 4, 0, 75376, 97887
2026/07/08 13:44:01.070, 5, 0, 75376, 97887
2026/07/08 13:44:01.087, 6, 0, 75370, 97887
2026/07/08 13:44:01.103, 7, 0, 75370, 97887
2026/07/08 13:44:02.121, 0, 0, 48704, 97887
2026/07/08 13:44:02.139, 1, 0, 48104, 97887
2026/07/08 13:44:02.157, 2, 0, 48104, 97887
2026/07/08 13:44:02.172, 3, 0, 48104, 97887
2026/07/08 13:44:02.192, 4, 0, 75376, 97887
2026/07/08 13:44:02.209, 5, 0, 75376, 97887
2026/07/08 13:44:02.226, 6, 0, 75370, 97887
2026/07/08 13:44:02.245, 7, 0, 75370, 97887
2026/07/08 13:44:03.262, 0, 0, 48704, 97887
2026/07/08 13:44:03.279, 1, 0, 48104, 97887
2026/07/08 13:44:03.293, 2, 0, 48104, 97887
2026/07/08 13:44:03.311, 3, 0, 48104, 97887
2026/07/08 13:44:03.328, 4, 0, 75376, 97887
2026/07/08 13:44:03.345, 5, 0, 75376, 97887
2026/07/08 13:44:03.362, 6, 0, 75370, 97887
2026/07/08 13:44:03.380, 7, 0, 75370, 97887
2026/07/08 13:44:04.398, 0, 0, 48704, 97887
2026/07/08 13:44:04.413, 1, 0, 48104, 97887
2026/07/08 13:44:04.426, 2, 0, 48104, 97887
2026/07/08 13:44:04.436, 3, 0, 48104, 97887
2026/07/08 13:44:04.449, 4, 0, 75376, 97887
2026/07/08 13:44:04.460, 5, 0, 75376, 97887
2026/07/08 13:44:04.474, 6, 0, 75370, 97887
2026/07/08 13:44:04.489, 7, 0, 75370, 97887
2026/07/08 13:44:05.503, 0, 0, 48704, 97887
2026/07/08 13:44:05.521, 1, 0, 48104, 97887
2026/07/08 13:44:05.536, 2, 0, 48104, 97887
2026/07/08 13:44:05.553, 3, 0, 48104, 97887
2026/07/08 13:44:05.572, 4, 0, 75376, 97887
2026/07/08 13:44:05.589, 5, 0, 75376, 97887
2026/07/08 13:44:05.606, 6, 0, 75370, 97887
2026/07/08 13:44:05.623, 7, 0, 75370, 97887
2026/07/08 13:44:06.640, 0, 0, 48704, 97887
2026/07/08 13:44:06.657, 1, 0, 48104, 97887
2026/07/08 13:44:06.671, 2, 0, 48104, 97887
2026/07/08 13:44:06.688, 3, 0, 48104, 97887
2026/07/08 13:44:06.704, 4, 0, 75376, 97887
2026/07/08 13:44:06.717, 5, 0, 75376, 97887
2026/07/08 13:44:06.728, 6, 0, 75370, 97887
2026/07/08 13:44:06.738, 7, 0, 75370, 97887
2026/07/08 13:44:07.748, 0, 0, 48704, 97887
2026/07/08 13:44:07.766, 1, 0, 48104, 97887
2026/07/08 13:44:07.780, 2, 0, 48104, 97887
2026/07/08 13:44:07.798, 3, 0, 48104, 97887
2026/07/08 13:44:07.816, 4, 0, 75376, 97887
2026/07/08 13:44:07.830, 5, 0, 75376, 97887
2026/07/08 13:44:07.846, 6, 0, 75370, 97887
2026/07/08 13:44:07.862, 7, 0, 75370, 97887
2026/07/08 13:44:08.880, 0, 0, 48704, 97887
2026/07/08 13:44:08.898, 1, 0, 48104, 97887
2026/07/08 13:44:08.912, 2, 0, 48104, 97887
2026/07/08 13:44:08.923, 3, 0, 48104, 97887
2026/07/08 13:44:08.939, 4, 0, 75376, 97887
2026/07/08 13:44:08.954, 5, 0, 75376, 97887
2026/07/08 13:44:08.970, 6, 0, 75370, 97887
2026/07/08 13:44:08.987, 7, 0, 75370, 97887
2026/07/08 13:44:10.004, 0, 0, 48704, 97887
2026/07/08 13:44:10.020, 1, 0, 48104, 97887
2026/07/08 13:44:10.035, 2, 0, 48104, 97887
2026/07/08 13:44:10.051, 3, 0, 48104, 97887
2026/07/08 13:44:10.066, 4, 0, 75376, 97887
2026/07/08 13:44:10.082, 5, 0, 75376, 97887
2026/07/08 13:44:10.098, 6, 0, 75370, 97887
2026/07/08 13:44:10.117, 7, 0, 75370, 97887
2026/07/08 13:44:11.132, 0, 0, 48704, 97887
2026/07/08 13:44:11.148, 1, 0, 48104, 97887
2026/07/08 13:44:11.160, 2, 0, 48104, 97887
2026/07/08 13:44:11.172, 3, 0, 48104, 97887
2026/07/08 13:44:11.183, 4, 0, 75376, 97887
2026/07/08 13:44:11.197, 5, 0, 75376, 97887
2026/07/08 13:44:11.208, 6, 0, 75370, 97887
2026/07/08 13:44:11.219, 7, 0, 75370, 97887
2026/07/08 13:44:12.237, 0, 0, 48704, 97887
2026/07/08 13:44:12.254, 1, 0, 48104, 97887
2026/07/08 13:44:12.272, 2, 0, 48104, 97887
2026/07/08 13:44:12.287, 3, 0, 48104, 97887
2026/07/08 13:44:12.304, 4, 0, 75376, 97887
2026/07/08 13:44:12.321, 5, 0, 75376, 97887
2026/07/08 13:44:12.337, 6, 0, 75370, 97887
2026/07/08 13:44:12.352, 7, 0, 75370, 97887
2026/07/08 13:44:13.369, 0, 0, 48704, 97887
2026/07/08 13:44:13.384, 1, 0, 48104, 97887
2026/07/08 13:44:13.395, 2, 0, 48104, 97887
2026/07/08 13:44:13.408, 3, 0, 48104, 97887
2026/07/08 13:44:13.420, 4, 0, 75376, 97887
2026/07/08 13:44:13.431, 5, 0, 75376, 97887
2026/07/08 13:44:13.444, 6, 0, 75370, 97887
2026/07/08 13:44:13.457, 7, 0, 75370, 97887
2026/07/08 13:44:14.468, 0, 0, 48704, 97887
2026/07/08 13:44:14.485, 1, 0, 48104, 97887
2026/07/08 13:44:14.500, 2, 0, 48104, 97887
2026/07/08 13:44:14.514, 3, 0, 48104, 97887
2026/07/08 13:44:14.528, 4, 0, 75376, 97887
2026/07/08 13:44:14.541, 5, 0, 75376, 97887
2026/07/08 13:44:14.556, 6, 0, 75370, 97887
2026/07/08 13:44:14.571, 7, 0, 75370, 97887
2026/07/08 13:44:15.587, 0, 0, 48704, 97887
2026/07/08 13:44:15.604, 1, 0, 48104, 97887
2026/07/08 13:44:15.620, 2, 0, 48104, 97887
2026/07/08 13:44:15.638, 3, 0, 48104, 97887
2026/07/08 13:44:15.655, 4, 0, 75376, 97887
2026/07/08 13:44:15.671, 5, 0, 75376, 97887
2026/07/08 13:44:15.697, 6, 0, 75370, 97887
2026/07/08 13:44:15.719, 7, 0, 75370, 97887
2026/07/08 13:44:16.736, 0, 0, 48704, 97887
2026/07/08 13:44:16.753, 1, 0, 48104, 97887
2026/07/08 13:44:16.768, 2, 0, 48104, 97887
2026/07/08 13:44:16.785, 3, 0, 48104, 97887
2026/07/08 13:44:16.800, 4, 0, 75376, 97887
2026/07/08 13:44:16.818, 5, 0, 75376, 97887
2026/07/08 13:44:16.835, 6, 0, 75370, 97887
2026/07/08 13:44:16.853, 7, 0, 75370, 97887
2026/07/08 13:44:17.865, 0, 0, 48704, 97887
2026/07/08 13:44:17.884, 1, 0, 48104, 97887
2026/07/08 13:44:17.901, 2, 0, 48104, 97887
2026/07/08 13:44:17.917, 3, 0, 48104, 97887
2026/07/08 13:44:17.932, 4, 0, 75376, 97887
2026/07/08 13:44:17.949, 5, 0, 75376, 97887
2026/07/08 13:44:17.964, 6, 0, 75370, 97887
2026/07/08 13:44:17.977, 7, 0, 75370, 97887
2026/07/08 13:44:18.992, 0, 0, 48704, 97887
2026/07/08 13:44:19.014, 1, 0, 48104, 97887
2026/07/08 13:44:19.030, 2, 0, 48104, 97887
2026/07/08 13:44:19.046, 3, 0, 48104, 97887
2026/07/08 13:44:19.058, 4, 0, 75376, 97887
2026/07/08 13:44:19.068, 5, 0, 75376, 97887
2026/07/08 13:44:19.082, 6, 0, 75370, 97887
2026/07/08 13:44:19.094, 7, 0, 75370, 97887
2026/07/08 13:44:20.107, 0, 0, 48704, 97887
2026/07/08 13:44:20.126, 1, 0, 48104, 97887
2026/07/08 13:44:20.142, 2, 0, 48104, 97887
2026/07/08 13:44:20.161, 3, 0, 48104, 97887
2026/07/08 13:44:20.175, 4, 0, 75376, 97887
2026/07/08 13:44:20.189, 5, 0, 75376, 97887
2026/07/08 13:44:20.204, 6, 0, 75370, 97887
2026/07/08 13:44:20.219, 7, 0, 75370, 97887
2026/07/08 13:44:21.233, 0, 0, 48704, 97887
2026/07/08 13:44:21.251, 1, 0, 48104, 97887
2026/07/08 13:44:21.272, 2, 0, 48104, 97887
2026/07/08 13:44:21.294, 3, 0, 48104, 97887
2026/07/08 13:44:21.320, 4, 0, 75376, 97887
2026/07/08 13:44:21.342, 5, 0, 75376, 97887
2026/07/08 13:44:21.358, 6, 0, 75370, 97887
2026/07/08 13:44:21.373, 7, 0, 75370, 97887
2026/07/08 13:44:22.389, 0, 0, 48704, 97887
2026/07/08 13:44:22.407, 1, 0, 48104, 97887
2026/07/08 13:44:22.422, 2, 0, 48104, 97887
2026/07/08 13:44:22.440, 3, 0, 48104, 97887
2026/07/08 13:44:22.455, 4, 0, 75376, 97887
2026/07/08 13:44:22.471, 5, 0, 75376, 97887
2026/07/08 13:44:22.488, 6, 0, 75370, 97887
2026/07/08 13:44:22.504, 7, 0, 75370, 97887
2026/07/08 13:44:23.514, 0, 0, 48704, 97887
2026/07/08 13:44:23.532, 1, 0, 48104, 97887
2026/07/08 13:44:23.550, 2, 0, 48104, 97887
2026/07/08 13:44:23.566, 3, 0, 48104, 97887
2026/07/08 13:44:23.582, 4, 0, 75376, 97887
2026/07/08 13:44:23.599, 5, 0, 75376, 97887
2026/07/08 13:44:23.615, 6, 0, 75370, 97887
2026/07/08 13:44:23.630, 7, 0, 75370, 97887
2026/07/08 13:44:24.648, 0, 0, 48704, 97887
2026/07/08 13:44:24.664, 1, 0, 48104, 97887
2026/07/08 13:44:24.680, 2, 0, 48104, 97887
2026/07/08 13:44:24.695, 3, 0, 48104, 97887
2026/07/08 13:44:24.711, 4, 0, 75376, 97887
2026/07/08 13:44:24.726, 5, 0, 75376, 97887
2026/07/08 13:44:24.744, 6, 0, 75370, 97887
2026/07/08 13:44:24.759, 7, 0, 75370, 97887
2026/07/08 13:44:25.773, 0, 0, 48704, 97887
2026/07/08 13:44:25.790, 1, 0, 48104, 97887
2026/07/08 13:44:25.806, 2, 0, 48104, 97887
2026/07/08 13:44:25.826, 3, 0, 48104, 97887
2026/07/08 13:44:25.844, 4, 0, 75376, 97887
2026/07/08 13:44:25.861, 5, 0, 75376, 97887
2026/07/08 13:44:25.878, 6, 0, 75370, 97887
2026/07/08 13:44:25.897, 7, 0, 75370, 97887
2026/07/08 13:44:26.915, 0, 0, 48704, 97887
2026/07/08 13:44:26.932, 1, 0, 48104, 97887
2026/07/08 13:44:26.947, 2, 0, 48104, 97887
2026/07/08 13:44:26.961, 3, 0, 48104, 97887
2026/07/08 13:44:26.978, 4, 0, 75376, 97887
2026/07/08 13:44:26.996, 5, 0, 75376, 97887
2026/07/08 13:44:27.014, 6, 0, 75370, 97887
2026/07/08 13:44:27.030, 7, 0, 75370, 97887
2026/07/08 13:44:28.049, 0, 0, 48704, 97887
2026/07/08 13:44:28.069, 1, 0, 48104, 97887
2026/07/08 13:44:28.084, 2, 0, 48104, 97887
2026/07/08 13:44:28.100, 3, 0, 48104, 97887
2026/07/08 13:44:28.119, 4, 0, 75376, 97887
2026/07/08 13:44:28.139, 5, 0, 75376, 97887
2026/07/08 13:44:28.160, 6, 0, 75370, 97887
2026/07/08 13:44:28.176, 7, 0, 75370, 97887
2026/07/08 13:44:29.195, 0, 0, 48704, 97887
2026/07/08 13:44:29.212, 1, 0, 48104, 97887
2026/07/08 13:44:29.229, 2, 0, 48104, 97887
2026/07/08 13:44:29.249, 3, 0, 48104, 97887
2026/07/08 13:44:29.268, 4, 0, 75376, 97887
2026/07/08 13:44:29.288, 5, 0, 75376, 97887
2026/07/08 13:44:29.309, 6, 0, 75370, 97887
2026/07/08 13:44:29.329, 7, 0, 75370, 97887
2026/07/08 13:44:30.348, 0, 0, 48704, 97887
2026/07/08 13:44:30.365, 1, 0, 48104, 97887
2026/07/08 13:44:30.380, 2, 0, 48104, 97887
2026/07/08 13:44:30.399, 3, 0, 48104, 97887
2026/07/08 13:44:30.415, 4, 0, 75376, 97887
2026/07/08 13:44:30.431, 5, 0, 75376, 97887
2026/07/08 13:44:30.450, 6, 0, 75370, 97887
2026/07/08 13:44:30.468, 7, 0, 75370, 97887
2026/07/08 13:44:31.485, 0, 0, 48704, 97887
2026/07/08 13:44:31.506, 1, 0, 48104, 97887
2026/07/08 13:44:31.523, 2, 0, 48104, 97887
2026/07/08 13:44:31.540, 3, 0, 48104, 97887
2026/07/08 13:44:31.555, 4, 0, 75376, 97887
2026/07/08 13:44:31.571, 5, 0, 75376, 97887
2026/07/08 13:44:31.590, 6, 0, 75370, 97887
2026/07/08 13:44:31.607, 7, 0, 75370, 97887
2026/07/08 13:44:32.626, 0, 0, 48704, 97887
2026/07/08 13:44:32.643, 1, 0, 48104, 97887
2026/07/08 13:44:32.656, 2, 0, 48104, 97887
2026/07/08 13:44:32.673, 3, 0, 48104, 97887
2026/07/08 13:44:32.683, 4, 0, 75376, 97887
2026/07/08 13:44:32.697, 5, 0, 75376, 97887
2026/07/08 13:44:32.711, 6, 0, 75370, 97887
2026/07/08 13:44:32.726, 7, 0, 75370, 97887
2026/07/08 13:44:33.741, 0, 0, 48704, 97887
2026/07/08 13:44:33.759, 1, 0, 48104, 97887
2026/07/08 13:44:33.774, 2, 0, 48104, 97887
2026/07/08 13:44:33.788, 3, 0, 48104, 97887
2026/07/08 13:44:33.804, 4, 0, 75376, 97887
2026/07/08 13:44:33.819, 5, 0, 75376, 97887
2026/07/08 13:44:33.832, 6, 0, 75370, 97887
2026/07/08 13:44:33.846, 7, 0, 75370, 97887
2026/07/08 13:44:34.861, 0, 0, 48704, 97887
2026/07/08 13:44:34.880, 1, 0, 48104, 97887
2026/07/08 13:44:34.897, 2, 0, 48104, 97887
2026/07/08 13:44:34.911, 3, 0, 48104, 97887
2026/07/08 13:44:34.925, 4, 0, 75376, 97887
2026/07/08 13:44:34.940, 5, 0, 75376, 97887
2026/07/08 13:44:34.957, 6, 0, 75370, 97887
2026/07/08 13:44:34.971, 7, 0, 75370, 97887
2026/07/08 13:44:35.985, 0, 0, 48704, 97887
2026/07/08 13:44:36.004, 1, 0, 48104, 97887
2026/07/08 13:44:36.023, 2, 0, 48104, 97887
2026/07/08 13:44:36.039, 3, 0, 48104, 97887
2026/07/08 13:44:36.053, 4, 0, 75376, 97887
2026/07/08 13:44:36.072, 5, 0, 75376, 97887
2026/07/08 13:44:36.092, 6, 0, 75370, 97887
2026/07/08 13:44:36.107, 7, 0, 75370, 97887
2026/07/08 13:44:37.125, 0, 0, 48704, 97887
2026/07/08 13:44:37.143, 1, 0, 48104, 97887
2026/07/08 13:44:37.162, 2, 0, 48104, 97887
2026/07/08 13:44:37.181, 3, 0, 48104, 97887
2026/07/08 13:44:37.200, 4, 0, 75376, 97887
2026/07/08 13:44:37.214, 5, 0, 75376, 97887
2026/07/08 13:44:37.232, 6, 0, 75370, 97887
2026/07/08 13:44:37.247, 7, 0, 75370, 97887
2026/07/08 13:44:38.264, 0, 0, 48704, 97887
2026/07/08 13:44:38.281, 1, 0, 48104, 97887
2026/07/08 13:44:38.295, 2, 0, 48104, 97887
2026/07/08 13:44:38.309, 3, 0, 48104, 97887
2026/07/08 13:44:38.326, 4, 0, 75376, 97887
2026/07/08 13:44:38.341, 5, 0, 75376, 97887
2026/07/08 13:44:38.356, 6, 0, 75370, 97887
2026/07/08 13:44:38.373, 7, 0, 75370, 97887
2026/07/08 13:44:39.388, 0, 0, 48704, 97887
2026/07/08 13:44:39.405, 1, 0, 48104, 97887
2026/07/08 13:44:39.423, 2, 0, 48104, 97887
2026/07/08 13:44:39.440, 3, 0, 48104, 97887
2026/07/08 13:44:39.454, 4, 0, 75376, 97887
2026/07/08 13:44:39.473, 5, 0, 75376, 97887
2026/07/08 13:44:39.489, 6, 0, 75370, 97887
2026/07/08 13:44:39.505, 7, 0, 75370, 97887
2026/07/08 13:44:40.519, 0, 0, 48704, 97887
2026/07/08 13:44:40.538, 1, 0, 48104, 97887
2026/07/08 13:44:40.553, 2, 0, 48104, 97887
2026/07/08 13:44:40.565, 3, 0, 48104, 97887
2026/07/08 13:44:40.579, 4, 0, 75376, 97887
2026/07/08 13:44:40.590, 5, 0, 75376, 97887
2026/07/08 13:44:40.604, 6, 0, 75370, 97887
2026/07/08 13:44:40.622, 7, 0, 75370, 97887
2026/07/08 13:44:41.638, 0, 0, 48704, 97887
2026/07/08 13:44:41.656, 1, 0, 48104, 97887
2026/07/08 13:44:41.672, 2, 0, 48104, 97887
2026/07/08 13:44:41.691, 3, 0, 48104, 97887
2026/07/08 13:44:41.708, 4, 0, 75376, 97887
2026/07/08 13:44:41.726, 5, 0, 75376, 97887
2026/07/08 13:44:41.743, 6, 0, 75370, 97887
2026/07/08 13:44:41.763, 7, 0, 75370, 97887
2026/07/08 13:44:42.784, 0, 0, 48704, 97887
2026/07/08 13:44:42.802, 1, 0, 48104, 97887
2026/07/08 13:44:42.818, 2, 0, 48104, 97887
2026/07/08 13:44:42.835, 3, 0, 48104, 97887
2026/07/08 13:44:42.851, 4, 0, 75376, 97887
2026/07/08 13:44:42.871, 5, 0, 75376, 97887
2026/07/08 13:44:42.891, 6, 0, 75370, 97887
2026/07/08 13:44:42.913, 7, 0, 75370, 97887
2026/07/08 13:44:43.935, 0, 0, 48704, 97887
2026/07/08 13:44:43.950, 1, 0, 48104, 97887
2026/07/08 13:44:43.966, 2, 0, 48104, 97887
2026/07/08 13:44:43.982, 3, 0, 48104, 97887
2026/07/08 13:44:43.997, 4, 0, 75376, 97887
2026/07/08 13:44:44.010, 5, 0, 75376, 97887
2026/07/08 13:44:44.027, 6, 0, 75370, 97887
2026/07/08 13:44:44.041, 7, 0, 75370, 97887
2026/07/08 13:44:45.057, 0, 0, 48704, 97887
2026/07/08 13:44:45.077, 1, 0, 48104, 97887
2026/07/08 13:44:45.091, 2, 0, 48104, 97887
2026/07/08 13:44:45.105, 3, 0, 48104, 97887
2026/07/08 13:44:45.118, 4, 0, 75376, 97887
2026/07/08 13:44:45.134, 5, 0, 75376, 97887
2026/07/08 13:44:45.151, 6, 0, 75370, 97887
2026/07/08 13:44:45.166, 7, 0, 75370, 97887
2026/07/08 13:44:46.180, 0, 0, 48704, 97887
2026/07/08 13:44:46.195, 1, 0, 48104, 97887
2026/07/08 13:44:46.210, 2, 0, 48104, 97887
2026/07/08 13:44:46.223, 3, 0, 48104, 97887
2026/07/08 13:44:46.238, 4, 0, 75376, 97887
2026/07/08 13:44:46.252, 5, 0, 75376, 97887
2026/07/08 13:44:46.269, 6, 0, 75370, 97887
2026/07/08 13:44:46.283, 7, 0, 75370, 97887
2026/07/08 13:44:47.297, 0, 0, 48704, 97887
2026/07/08 13:44:47.314, 1, 0, 48104, 97887
2026/07/08 13:44:47.329, 2, 0, 48104, 97887
2026/07/08 13:44:47.344, 3, 0, 48104, 97887
2026/07/08 13:44:47.358, 4, 0, 75376, 97887
2026/07/08 13:44:47.375, 5, 0, 75376, 97887
2026/07/08 13:44:47.389, 6, 0, 75370, 97887
2026/07/08 13:44:47.405, 7, 0, 75370, 97887
2026/07/08 13:44:48.422, 0, 0, 48704, 97887
2026/07/08 13:44:48.443, 1, 0, 48104, 97887
2026/07/08 13:44:48.461, 2, 0, 48104, 97887
2026/07/08 13:44:48.478, 3, 0, 48104, 97887
2026/07/08 13:44:48.497, 4, 0, 75376, 97887
2026/07/08 13:44:48.516, 5, 0, 75376, 97887
2026/07/08 13:44:48.531, 6, 0, 75370, 97887
2026/07/08 13:44:48.546, 7, 0, 75370, 97887
2026/07/08 13:44:49.560, 0, 0, 48704, 97887
2026/07/08 13:44:49.572, 1, 0, 48104, 97887
2026/07/08 13:44:49.584, 2, 0, 48104, 97887
2026/07/08 13:44:49.595, 3, 0, 48104, 97887
2026/07/08 13:44:49.610, 4, 0, 75376, 97887
2026/07/08 13:44:49.621, 5, 0, 75376, 97887
2026/07/08 13:44:49.634, 6, 0, 75370, 97887
2026/07/08 13:44:49.646, 7, 0, 75370, 97887
2026/07/08 13:44:50.659, 0, 0, 48704, 97887
2026/07/08 13:44:50.673, 1, 0, 48104, 97887
2026/07/08 13:44:50.685, 2, 0, 48104, 97887
2026/07/08 13:44:50.697, 3, 0, 48104, 97887
2026/07/08 13:44:50.707, 4, 0, 75376, 97887
2026/07/08 13:44:50.719, 5, 0, 75376, 97887
2026/07/08 13:44:50.732, 6, 0, 75370, 97887
2026/07/08 13:44:50.742, 7, 0, 75370, 97887
2026/07/08 13:44:51.753, 0, 0, 48704, 97887
2026/07/08 13:44:51.770, 1, 0, 48104, 97887
2026/07/08 13:44:51.785, 2, 0, 48104, 97887
2026/07/08 13:44:51.800, 3, 0, 48104, 97887
2026/07/08 13:44:51.817, 4, 0, 75376, 97887
2026/07/08 13:44:51.833, 5, 0, 75376, 97887
2026/07/08 13:44:51.848, 6, 0, 75370, 97887
2026/07/08 13:44:51.865, 7, 0, 75370, 97887
2026/07/08 13:44:52.880, 0, 0, 48704, 97887
2026/07/08 13:44:52.895, 1, 0, 48104, 97887
2026/07/08 13:44:52.912, 2, 0, 48104, 97887
2026/07/08 13:44:52.928, 3, 0, 48104, 97887
2026/07/08 13:44:52.945, 4, 0, 75376, 97887
2026/07/08 13:44:52.961, 5, 0, 75376, 97887
2026/07/08 13:44:52.977, 6, 0, 75370, 97887
2026/07/08 13:44:52.997, 7, 0, 75370, 97887
2026/07/08 13:44:54.014, 0, 0, 48704, 97887
2026/07/08 13:44:54.030, 1, 0, 48104, 97887
2026/07/08 13:44:54.041, 2, 0, 48104, 97887
2026/07/08 13:44:54.054, 3, 0, 48104, 97887
2026/07/08 13:44:54.059, 4, 0, 75376, 97887
2026/07/08 13:44:54.068, 5, 0, 75376, 97887
2026/07/08 13:44:54.084, 6, 0, 75370, 97887
2026/07/08 13:44:54.099, 7, 0, 75370, 97887
2026/07/08 13:44:55.114, 0, 0, 48704, 97887
2026/07/08 13:44:55.129, 1, 0, 48104, 97887
2026/07/08 13:44:55.145, 2, 0, 48104, 97887
2026/07/08 13:44:55.160, 3, 0, 48104, 97887
2026/07/08 13:44:55.174, 4, 0, 75376, 97887
2026/07/08 13:44:55.189, 5, 0, 75376, 97887
2026/07/08 13:44:55.203, 6, 0, 75370, 97887
2026/07/08 13:44:55.217, 7, 0, 75370, 97887
2026/07/08 13:44:56.231, 0, 0, 48704, 97887
2026/07/08 13:44:56.249, 1, 0, 48104, 97887
2026/07/08 13:44:56.266, 2, 0, 48104, 97887
2026/07/08 13:44:56.279, 3, 0, 48104, 97887
2026/07/08 13:44:56.291, 4, 0, 75376, 97887
2026/07/08 13:44:56.301, 5, 0, 75376, 97887
2026/07/08 13:44:56.311, 6, 0, 75370, 97887
2026/07/08 13:44:56.328, 7, 0, 75370, 97887
2026/07/08 13:44:57.348, 0, 0, 48704, 97887
2026/07/08 13:44:57.366, 1, 0, 48104, 97887
2026/07/08 13:44:57.383, 2, 0, 48104, 97887
2026/07/08 13:44:57.401, 3, 0, 48104, 97887
2026/07/08 13:44:57.416, 4, 0, 75376, 97887
2026/07/08 13:44:57.431, 5, 0, 75376, 97887
2026/07/08 13:44:57.450, 6, 0, 75370, 97887
2026/07/08 13:44:57.471, 7, 0, 75370, 97887
2026/07/08 13:44:58.490, 0, 0, 48704, 97887
2026/07/08 13:44:58.512, 1, 0, 48104, 97887
2026/07/08 13:44:58.531, 2, 0, 48104, 97887
2026/07/08 13:44:58.553, 3, 0, 48104, 97887
2026/07/08 13:44:58.574, 4, 0, 75376, 97887
2026/07/08 13:44:58.594, 5, 0, 75376, 97887
2026/07/08 13:44:58.612, 6, 0, 75370, 97887
2026/07/08 13:44:58.630, 7, 0, 75370, 97887
2026/07/08 13:44:59.648, 0, 0, 48704, 97887
2026/07/08 13:44:59.668, 1, 0, 48104, 97887
2026/07/08 13:44:59.686, 2, 0, 48104, 97887
2026/07/08 13:44:59.705, 3, 0, 48104, 97887
2026/07/08 13:44:59.723, 4, 0, 75376, 97887
2026/07/08 13:44:59.739, 5, 0, 75376, 97887
2026/07/08 13:44:59.756, 6, 0, 75370, 97887
2026/07/08 13:44:59.772, 7, 0, 75370, 97887
2026/07/08 13:45:00.788, 0, 0, 48704, 97887
2026/07/08 13:45:00.808, 1, 0, 48104, 97887
2026/07/08 13:45:00.825, 2, 0, 48104, 97887
2026/07/08 13:45:00.839, 3, 0, 48104, 97887
2026/07/08 13:45:00.856, 4, 0, 75376, 97887
2026/07/08 13:45:00.873, 5, 0, 75376, 97887
2026/07/08 13:45:00.891, 6, 0, 75370, 97887
2026/07/08 13:45:00.909, 7, 0, 75370, 97887
2026/07/08 13:45:01.928, 0, 0, 48704, 97887
2026/07/08 13:45:01.948, 1, 0, 48104, 97887
2026/07/08 13:45:01.966, 2, 0, 48104, 97887
2026/07/08 13:45:01.983, 3, 0, 48104, 97887
2026/07/08 13:45:02.000, 4, 0, 75376, 97887
2026/07/08 13:45:02.016, 5, 0, 75376, 97887
2026/07/08 13:45:02.032, 6, 0, 75370, 97887
2026/07/08 13:45:02.047, 7, 0, 75370, 97887
2026/07/08 13:45:03.064, 0, 0, 48704, 97887
2026/07/08 13:45:03.077, 1, 0, 48104, 97887
2026/07/08 13:45:03.092, 2, 0, 48104, 97887
2026/07/08 13:45:03.106, 3, 0, 48104, 97887
2026/07/08 13:45:03.119, 4, 0, 75376, 97887
2026/07/08 13:45:03.132, 5, 0, 75376, 97887
2026/07/08 13:45:03.148, 6, 0, 75370, 97887
2026/07/08 13:45:03.165, 7, 0, 75370, 97887
2026/07/08 13:45:04.182, 0, 0, 48704, 97887
2026/07/08 13:45:04.200, 1, 0, 48104, 97887
2026/07/08 13:45:04.219, 2, 0, 48104, 97887
2026/07/08 13:45:04.237, 3, 0, 48104, 97887
2026/07/08 13:45:04.255, 4, 0, 75376, 97887
2026/07/08 13:45:04.271, 5, 0, 75376, 97887
2026/07/08 13:45:04.289, 6, 0, 75370, 97887
2026/07/08 13:45:04.307, 7, 0, 75370, 97887
2026/07/08 13:45:05.324, 0, 0, 48704, 97887
2026/07/08 13:45:05.343, 1, 0, 48104, 97887
2026/07/08 13:45:05.360, 2, 0, 48104, 97887
2026/07/08 13:45:05.379, 3, 0, 48104, 97887
2026/07/08 13:45:05.396, 4, 0, 75376, 97887
2026/07/08 13:45:05.415, 5, 0, 75376, 97887
2026/07/08 13:45:05.432, 6, 0, 75370, 97887
2026/07/08 13:45:05.451, 7, 0, 75370, 97887
2026/07/08 13:45:06.470, 0, 0, 48704, 97887
2026/07/08 13:45:06.488, 1, 0, 48104, 97887
2026/07/08 13:45:06.505, 2, 0, 48104, 97887
2026/07/08 13:45:06.524, 3, 0, 48104, 97887
2026/07/08 13:45:06.538, 4, 0, 75376, 97887
2026/07/08 13:45:06.553, 5, 0, 75376, 97887
2026/07/08 13:45:06.571, 6, 0, 75370, 97887
2026/07/08 13:45:06.586, 7, 0, 75370, 97887
2026/07/08 13:45:07.603, 0, 0, 48704, 97887
2026/07/08 13:45:07.622, 1, 0, 48104, 97887
2026/07/08 13:45:07.643, 2, 0, 48104, 97887
2026/07/08 13:45:07.658, 3, 0, 48104, 97887
2026/07/08 13:45:07.677, 4, 0, 75376, 97887
2026/07/08 13:45:07.694, 5, 0, 75376, 97887
2026/07/08 13:45:07.712, 6, 0, 75370, 97887
2026/07/08 13:45:07.729, 7, 0, 75370, 97887
2026/07/08 13:45:08.744, 0, 0, 48704, 97887
2026/07/08 13:45:08.761, 1, 0, 48104, 97887
2026/07/08 13:45:08.776, 2, 0, 48104, 97887
2026/07/08 13:45:08.793, 3, 0, 48104, 97887
2026/07/08 13:45:08.811, 4, 0, 75376, 97887
2026/07/08 13:45:08.826, 5, 0, 75376, 97887
2026/07/08 13:45:08.843, 6, 0, 75370, 97887
2026/07/08 13:45:08.857, 7, 0, 75370, 97887
2026/07/08 13:45:09.875, 0, 0, 48704, 97887
2026/07/08 13:45:09.891, 1, 0, 48104, 97887
2026/07/08 13:45:09.908, 2, 0, 48104, 97887
2026/07/08 13:45:09.925, 3, 0, 48104, 97887
2026/07/08 13:45:09.942, 4, 0, 75376, 97887
2026/07/08 13:45:09.960, 5, 0, 75376, 97887
2026/07/08 13:45:09.979, 6, 0, 75370, 97887
2026/07/08 13:45:10.001, 7, 0, 75370, 97887
2026/07/08 13:45:11.023, 0, 0, 48704, 97887
2026/07/08 13:45:11.041, 1, 0, 48104, 97887
2026/07/08 13:45:11.060, 2, 0, 48104, 97887
2026/07/08 13:45:11.078, 3, 0, 48104, 97887
2026/07/08 13:45:11.093, 4, 0, 75376, 97887
2026/07/08 13:45:11.105, 5, 0, 75376, 97887
2026/07/08 13:45:11.125, 6, 0, 75370, 97887
2026/07/08 13:45:11.143, 7, 0, 75370, 97887
2026/07/08 13:45:12.164, 0, 0, 48704, 97887
2026/07/08 13:45:12.185, 1, 0, 48104, 97887
2026/07/08 13:45:12.202, 2, 0, 48104, 97887
2026/07/08 13:45:12.219, 3, 0, 48104, 97887
2026/07/08 13:45:12.231, 4, 0, 75376, 97887
2026/07/08 13:45:12.247, 5, 0, 75376, 97887
2026/07/08 13:45:12.263, 6, 0, 75370, 97887
2026/07/08 13:45:12.278, 7, 0, 75370, 97887
2026/07/08 13:45:13.294, 0, 0, 48704, 97887
2026/07/08 13:45:13.311, 1, 0, 48104, 97887
2026/07/08 13:45:13.328, 2, 0, 48104, 97887
2026/07/08 13:45:13.345, 3, 0, 48104, 97887
2026/07/08 13:45:13.361, 4, 0, 75376, 97887
2026/07/08 13:45:13.377, 5, 0, 75376, 97887
2026/07/08 13:45:13.394, 6, 0, 75370, 97887
2026/07/08 13:45:13.410, 7, 0, 75370, 97887
2026/07/08 13:45:14.427, 0, 0, 48704, 97887
2026/07/08 13:45:14.442, 1, 0, 48104, 97887
2026/07/08 13:45:14.457, 2, 0, 48104, 97887
2026/07/08 13:45:14.471, 3, 0, 48104, 97887
2026/07/08 13:45:14.487, 4, 0, 75376, 97887
2026/07/08 13:45:14.503, 5, 0, 75376, 97887
2026/07/08 13:45:14.518, 6, 0, 75370, 97887
2026/07/08 13:45:14.532, 7, 0, 75370, 97887
2026/07/08 13:45:15.545, 0, 0, 48704, 97887
2026/07/08 13:45:15.564, 1, 0, 48104, 97887
2026/07/08 13:45:15.584, 2, 0, 48104, 97887
2026/07/08 13:45:15.603, 3, 0, 48104, 97887
2026/07/08 13:45:15.620, 4, 0, 75376, 97887
2026/07/08 13:45:15.637, 5, 0, 75376, 97887
2026/07/08 13:45:15.654, 6, 0, 75370, 97887
2026/07/08 13:45:15.666, 7, 0, 75370, 97887
2026/07/08 13:45:16.679, 0, 0, 48704, 97887
2026/07/08 13:45:16.696, 1, 0, 48104, 97887
2026/07/08 13:45:16.711, 2, 0, 48104, 97887
2026/07/08 13:45:16.726, 3, 0, 48104, 97887
2026/07/08 13:45:16.734, 4, 0, 75376, 97887
2026/07/08 13:45:16.747, 5, 0, 75376, 97887
2026/07/08 13:45:16.763, 6, 0, 75370, 97887
2026/07/08 13:45:16.778, 7, 0, 75370, 97887
2026/07/08 13:45:17.792, 0, 0, 48704, 97887
2026/07/08 13:45:17.809, 1, 0, 48104, 97887
2026/07/08 13:45:17.824, 2, 0, 48104, 97887
2026/07/08 13:45:17.841, 3, 0, 48104, 97887
2026/07/08 13:45:17.855, 4, 0, 75376, 97887
2026/07/08 13:45:17.869, 5, 0, 75376, 97887
2026/07/08 13:45:17.884, 6, 0, 75370, 97887
2026/07/08 13:45:17.899, 7, 0, 75370, 97887
2026/07/08 13:45:18.914, 0, 0, 48704, 97887
2026/07/08 13:45:18.932, 1, 0, 48104, 97887
2026/07/08 13:45:18.948, 2, 0, 48104, 97887
2026/07/08 13:45:18.963, 3, 0, 48104, 97887
2026/07/08 13:45:18.980, 4, 0, 75376, 97887
2026/07/08 13:45:18.996, 5, 0, 75376, 97887
2026/07/08 13:45:19.011, 6, 0, 75370, 97887
2026/07/08 13:45:19.023, 7, 0, 75370, 97887
2026/07/08 13:45:20.036, 0, 0, 48704, 97887
2026/07/08 13:45:20.051, 1, 0, 48104, 97887
2026/07/08 13:45:20.063, 2, 0, 48104, 97887
2026/07/08 13:45:20.078, 3, 0, 48104, 97887
2026/07/08 13:45:20.094, 4, 0, 75376, 97887
2026/07/08 13:45:20.110, 5, 0, 75376, 97887
2026/07/08 13:45:20.126, 6, 0, 75370, 97887
2026/07/08 13:45:20.143, 7, 0, 75370, 97887
2026/07/08 13:45:21.159, 0, 0, 48704, 97887
2026/07/08 13:45:21.173, 1, 0, 48104, 97887
2026/07/08 13:45:21.183, 2, 0, 48104, 97887
2026/07/08 13:45:21.198, 3, 0, 48104, 97887
2026/07/08 13:45:21.211, 4, 0, 75376, 97887
2026/07/08 13:45:21.226, 5, 0, 75376, 97887
2026/07/08 13:45:21.244, 6, 0, 75370, 97887
2026/07/08 13:45:21.262, 7, 0, 75370, 97887
2026/07/08 13:45:22.278, 0, 0, 48704, 97887
2026/07/08 13:45:22.295, 1, 0, 48104, 97887
2026/07/08 13:45:22.310, 2, 0, 48104, 97887
2026/07/08 13:45:22.322, 3, 0, 48104, 97887
2026/07/08 13:45:22.331, 4, 0, 75376, 97887
2026/07/08 13:45:22.343, 5, 0, 75376, 97887
2026/07/08 13:45:22.359, 6, 0, 75370, 97887
2026/07/08 13:45:22.373, 7, 0, 75370, 97887
2026/07/08 13:45:23.390, 0, 0, 48704, 97887
2026/07/08 13:45:23.407, 1, 0, 48104, 97887
2026/07/08 13:45:23.425, 2, 0, 48104, 97887
2026/07/08 13:45:23.439, 3, 0, 48104, 97887
2026/07/08 13:45:23.457, 4, 0, 75376, 97887
2026/07/08 13:45:23.473, 5, 0, 75376, 97887
2026/07/08 13:45:23.491, 6, 0, 75370, 97887
2026/07/08 13:45:23.511, 7, 0, 75370, 97887
2026/07/08 13:45:24.530, 0, 0, 48704, 97887
2026/07/08 13:45:24.549, 1, 0, 48104, 97887
2026/07/08 13:45:24.568, 2, 0, 48104, 97887
2026/07/08 13:45:24.583, 3, 0, 48104, 97887
2026/07/08 13:45:24.601, 4, 0, 75376, 97887
2026/07/08 13:45:24.619, 5, 0, 75376, 97887
2026/07/08 13:45:24.634, 6, 0, 75370, 97887
2026/07/08 13:45:24.651, 7, 0, 75370, 97887
2026/07/08 13:45:25.666, 0, 0, 48704, 97887
2026/07/08 13:45:25.683, 1, 0, 48104, 97887
2026/07/08 13:45:25.702, 2, 0, 48104, 97887
2026/07/08 13:45:25.720, 3, 0, 48104, 97887
2026/07/08 13:45:25.737, 4, 0, 75376, 97887
2026/07/08 13:45:25.752, 5, 0, 75376, 97887
2026/07/08 13:45:25.770, 6, 0, 75370, 97887
2026/07/08 13:45:25.784, 7, 0, 75370, 97887
2026/07/08 13:45:26.797, 0, 0, 48704, 97887
2026/07/08 13:45:26.815, 1, 0, 48104, 97887
2026/07/08 13:45:26.832, 2, 0, 48104, 97887
2026/07/08 13:45:26.848, 3, 0, 48104, 97887
2026/07/08 13:45:26.865, 4, 0, 75376, 97887
2026/07/08 13:45:26.883, 5, 0, 75376, 97887
2026/07/08 13:45:26.901, 6, 0, 75370, 97887
2026/07/08 13:45:26.917, 7, 0, 75370, 97887
2026/07/08 13:45:27.936, 0, 0, 48704, 97887
2026/07/08 13:45:27.955, 1, 0, 48104, 97887
2026/07/08 13:45:27.970, 2, 0, 48104, 97887
2026/07/08 13:45:27.988, 3, 0, 48104, 97887
2026/07/08 13:45:28.006, 4, 0, 75376, 97887
2026/07/08 13:45:28.021, 5, 0, 75376, 97887
2026/07/08 13:45:28.040, 6, 0, 75370, 97887
2026/07/08 13:45:28.056, 7, 0, 75370, 97887
2026/07/08 13:45:29.073, 0, 0, 48704, 97887
2026/07/08 13:45:29.089, 1, 0, 48104, 97887
2026/07/08 13:45:29.105, 2, 0, 48104, 97887
2026/07/08 13:45:29.122, 3, 0, 48104, 97887
2026/07/08 13:45:29.132, 4, 0, 75376, 97887
2026/07/08 13:45:29.150, 5, 0, 75376, 97887
2026/07/08 13:45:29.169, 6, 0, 75370, 97887
2026/07/08 13:45:29.189, 7, 0, 75370, 97887
2026/07/08 13:45:30.209, 0, 0, 48704, 97887
2026/07/08 13:45:30.228, 1, 0, 48104, 97887
2026/07/08 13:45:30.247, 2, 0, 48104, 97887
2026/07/08 13:45:30.266, 3, 0, 48104, 97887
2026/07/08 13:45:30.281, 4, 0, 75376, 97887
2026/07/08 13:45:30.296, 5, 0, 75376, 97887
2026/07/08 13:45:30.309, 6, 0, 75370, 97887
2026/07/08 13:45:30.329, 7, 0, 75370, 97887
2026/07/08 13:45:31.346, 0, 0, 48704, 97887
2026/07/08 13:45:31.362, 1, 0, 48104, 97887
2026/07/08 13:45:31.377, 2, 0, 48104, 97887
2026/07/08 13:45:31.391, 3, 0, 48104, 97887
2026/07/08 13:45:31.407, 4, 0, 75376, 97887
2026/07/08 13:45:31.419, 5, 0, 75376, 97887
2026/07/08 13:45:31.431, 6, 0, 75370, 97887
2026/07/08 13:45:31.444, 7, 0, 75370, 97887
2026/07/08 13:45:32.460, 0, 0, 48704, 97887
2026/07/08 13:45:32.477, 1, 0, 48104, 97887
2026/07/08 13:45:32.494, 2, 0, 48104, 97887
2026/07/08 13:45:32.510, 3, 0, 48104, 97887
2026/07/08 13:45:32.520, 4, 0, 75376, 97887
2026/07/08 13:45:32.528, 5, 0, 75376, 97887
2026/07/08 13:45:32.541, 6, 0, 75370, 97887
2026/07/08 13:45:32.554, 7, 0, 75370, 97887
2026/07/08 13:45:33.565, 0, 0, 48704, 97887
2026/07/08 13:45:33.579, 1, 0, 48104, 97887
2026/07/08 13:45:33.591, 2, 0, 48104, 97887
2026/07/08 13:45:33.604, 3, 0, 48104, 97887
2026/07/08 13:45:33.616, 4, 0, 75376, 97887
2026/07/08 13:45:33.627, 5, 0, 75376, 97887
2026/07/08 13:45:33.640, 6, 0, 75370, 97887
2026/07/08 13:45:33.653, 7, 0, 75370, 97887
2026/07/08 13:45:34.665, 0, 0, 48704, 97887
2026/07/08 13:45:34.683, 1, 0, 48104, 97887
2026/07/08 13:45:34.698, 2, 0, 48104, 97887
2026/07/08 13:45:34.714, 3, 0, 48104, 97887
2026/07/08 13:45:34.730, 4, 0, 75376, 97887
2026/07/08 13:45:34.747, 5, 0, 75376, 97887
2026/07/08 13:45:34.763, 6, 0, 75370, 97887
2026/07/08 13:45:34.779, 7, 0, 75370, 97887
2026/07/08 13:45:35.799, 0, 0, 48704, 97887
2026/07/08 13:45:35.815, 1, 0, 48104, 97887
2026/07/08 13:45:35.829, 2, 0, 48104, 97887
2026/07/08 13:45:35.843, 3, 0, 48104, 97887
2026/07/08 13:45:35.854, 4, 0, 75376, 97887
2026/07/08 13:45:35.865, 5, 0, 75376, 97887
2026/07/08 13:45:35.877, 6, 0, 75370, 97887
2026/07/08 13:45:35.888, 7, 0, 75370, 97887
2026/07/08 13:45:36.898, 0, 0, 48704, 97887
2026/07/08 13:45:36.918, 1, 0, 48104, 97887
2026/07/08 13:45:36.938, 2, 0, 48104, 97887
2026/07/08 13:45:36.952, 3, 0, 48104, 97887
2026/07/08 13:45:36.973, 4, 0, 75376, 97887
2026/07/08 13:45:36.996, 5, 0, 75376, 97887
2026/07/08 13:45:37.018, 6, 0, 75370, 97887
2026/07/08 13:45:37.042, 7, 0, 75370, 97887
2026/07/08 13:45:38.062, 0, 0, 48704, 97887
2026/07/08 13:45:38.079, 1, 0, 48104, 97887
2026/07/08 13:45:38.095, 2, 0, 48104, 97887
2026/07/08 13:45:38.112, 3, 0, 48104, 97887
2026/07/08 13:45:38.128, 4, 0, 75376, 97887
2026/07/08 13:45:38.144, 5, 0, 75376, 97887
2026/07/08 13:45:38.162, 6, 0, 75370, 97887
2026/07/08 13:45:38.179, 7, 0, 75370, 97887
2026/07/08 13:45:39.193, 0, 0, 48704, 97887
2026/07/08 13:45:39.211, 1, 0, 48104, 97887
2026/07/08 13:45:39.226, 2, 0, 48104, 97887
2026/07/08 13:45:39.243, 3, 0, 48104, 97887
2026/07/08 13:45:39.258, 4, 0, 75376, 97887
2026/07/08 13:45:39.274, 5, 0, 75376, 97887
2026/07/08 13:45:39.291, 6, 0, 75370, 97887
2026/07/08 13:45:39.308, 7, 0, 75370, 97887
2026/07/08 13:45:40.321, 0, 0, 48704, 97887
2026/07/08 13:45:40.340, 1, 0, 48104, 97887
2026/07/08 13:45:40.357, 2, 0, 48104, 97887
2026/07/08 13:45:40.374, 3, 0, 48104, 97887
2026/07/08 13:45:40.393, 4, 0, 75376, 97887
2026/07/08 13:45:40.411, 5, 0, 75376, 97887
2026/07/08 13:45:40.429, 6, 0, 75370, 97887
2026/07/08 13:45:40.444, 7, 0, 75370, 97887
2026/07/08 13:45:41.459, 0, 0, 48704, 97887
2026/07/08 13:45:41.476, 1, 0, 48104, 97887
2026/07/08 13:45:41.493, 2, 0, 48104, 97887
2026/07/08 13:45:41.509, 3, 0, 48104, 97887
2026/07/08 13:45:41.522, 4, 0, 75376, 97887
2026/07/08 13:45:41.537, 5, 0, 75376, 97887
2026/07/08 13:45:41.551, 6, 0, 75370, 97887
2026/07/08 13:45:41.568, 7, 0, 75370, 97887
2026/07/08 13:45:42.586, 0, 0, 48704, 97887
2026/07/08 13:45:42.603, 1, 0, 48104, 97887
2026/07/08 13:45:42.618, 2, 0, 48104, 97887
2026/07/08 13:45:42.633, 3, 0, 48104, 97887
2026/07/08 13:45:42.649, 4, 0, 75376, 97887
2026/07/08 13:45:42.665, 5, 0, 75376, 97887
2026/07/08 13:45:42.681, 6, 0, 75370, 97887
2026/07/08 13:45:42.696, 7, 0, 75370, 97887
2026/07/08 13:45:43.714, 0, 0, 48704, 97887
2026/07/08 13:45:43.733, 1, 0, 48104, 97887
2026/07/08 13:45:43.751, 2, 0, 48104, 97887
2026/07/08 13:45:43.768, 3, 0, 48104, 97887
2026/07/08 13:45:43.786, 4, 0, 75376, 97887
2026/07/08 13:45:43.803, 5, 0, 75376, 97887
2026/07/08 13:45:43.820, 6, 0, 75370, 97887
2026/07/08 13:45:43.837, 7, 0, 75370, 97887
2026/07/08 13:45:44.855, 0, 0, 48704, 97887
2026/07/08 13:45:44.872, 1, 0, 48104, 97887
2026/07/08 13:45:44.890, 2, 0, 48104, 97887
2026/07/08 13:45:44.906, 3, 0, 48104, 97887
2026/07/08 13:45:44.923, 4, 0, 75376, 97887
2026/07/08 13:45:44.941, 5, 0, 75376, 97887
2026/07/08 13:45:44.956, 6, 0, 75370, 97887
2026/07/08 13:45:44.974, 7, 0, 75370, 97887
2026/07/08 13:45:45.991, 0, 0, 48704, 97887
2026/07/08 13:45:46.009, 1, 0, 48104, 97887
2026/07/08 13:45:46.027, 2, 0, 48104, 97887
2026/07/08 13:45:46.044, 3, 0, 48104, 97887
2026/07/08 13:45:46.059, 4, 0, 75376, 97887
2026/07/08 13:45:46.077, 5, 0, 75376, 97887
2026/07/08 13:45:46.094, 6, 0, 75370, 97887
2026/07/08 13:45:46.112, 7, 0, 75370, 97887
2026/07/08 13:45:47.133, 0, 0, 48704, 97887
2026/07/08 13:45:47.149, 1, 0, 48104, 97887
2026/07/08 13:45:47.167, 2, 0, 48104, 97887
2026/07/08 13:45:47.186, 3, 0, 48104, 97887
2026/07/08 13:45:47.204, 4, 0, 75376, 97887
2026/07/08 13:45:47.220, 5, 0, 75376, 97887
2026/07/08 13:45:47.239, 6, 0, 75370, 97887
2026/07/08 13:45:47.255, 7, 0, 75370, 97887
2026/07/08 13:45:48.275, 0, 0, 48704, 97887
2026/07/08 13:45:48.291, 1, 0, 48104, 97887
2026/07/08 13:45:48.306, 2, 0, 48104, 97887
2026/07/08 13:45:48.326, 3, 0, 48104, 97887
2026/07/08 13:45:48.344, 4, 0, 75376, 97887
2026/07/08 13:45:48.363, 5, 0, 75376, 97887
2026/07/08 13:45:48.382, 6, 0, 75370, 97887
2026/07/08 13:45:48.400, 7, 0, 75370, 97887
2026/07/08 13:45:49.419, 0, 0, 48704, 97887
2026/07/08 13:45:49.439, 1, 0, 48104, 97887
2026/07/08 13:45:49.458, 2, 0, 48104, 97887
2026/07/08 13:45:49.476, 3, 0, 48104, 97887
2026/07/08 13:45:49.492, 4, 0, 75376, 97887
2026/07/08 13:45:49.510, 5, 0, 75376, 97887
2026/07/08 13:45:49.525, 6, 0, 75370, 97887
2026/07/08 13:45:49.540, 7, 0, 75370, 97887
2026/07/08 13:45:50.556, 0, 0, 48704, 97887
2026/07/08 13:45:50.575, 1, 0, 48104, 97887
2026/07/08 13:45:50.591, 2, 0, 48104, 97887
2026/07/08 13:45:50.608, 3, 0, 48104, 97887
2026/07/08 13:45:50.625, 4, 0, 75376, 97887
2026/07/08 13:45:50.643, 5, 0, 75376, 97887
2026/07/08 13:45:50.660, 6, 0, 75370, 97887
2026/07/08 13:45:50.676, 7, 0, 75370, 97887
2026/07/08 13:45:51.697, 0, 0, 48704, 97887
2026/07/08 13:45:51.715, 1, 0, 48104, 97887
2026/07/08 13:45:51.733, 2, 0, 48104, 97887
2026/07/08 13:45:51.749, 3, 0, 48104, 97887
2026/07/08 13:45:51.767, 4, 0, 75376, 97887
2026/07/08 13:45:51.783, 5, 0, 75376, 97887
2026/07/08 13:45:51.796, 6, 0, 75370, 97887
2026/07/08 13:45:51.812, 7, 0, 75370, 97887
2026/07/08 13:45:52.829, 0, 0, 48704, 97887
2026/07/08 13:45:52.845, 1, 0, 48104, 97887
2026/07/08 13:45:52.861, 2, 0, 48104, 97887
2026/07/08 13:45:52.877, 3, 0, 48104, 97887
2026/07/08 13:45:52.894, 4, 0, 75376, 97887
2026/07/08 13:45:52.912, 5, 0, 75376, 97887
2026/07/08 13:45:52.932, 6, 0, 75370, 97887
2026/07/08 13:45:52.951, 7, 0, 75370, 97887
2026/07/08 13:45:53.969, 0, 0, 48704, 97887
2026/07/08 13:45:53.985, 1, 0, 48104, 97887
2026/07/08 13:45:54.000, 2, 0, 48104, 97887
2026/07/08 13:45:54.015, 3, 0, 48104, 97887
2026/07/08 13:45:54.029, 4, 0, 75376, 97887
2026/07/08 13:45:54.058, 5, 0, 75376, 97887
2026/07/08 13:45:54.074, 6, 0, 75370, 97887
2026/07/08 13:45:54.086, 7, 0, 75370, 97887
2026/07/08 13:45:55.096, 0, 0, 48704, 97887
2026/07/08 13:45:55.115, 1, 0, 48104, 97887
2026/07/08 13:45:55.137, 2, 0, 48104, 97887
2026/07/08 13:45:55.153, 3, 0, 48104, 97887
2026/07/08 13:45:55.167, 4, 0, 75376, 97887
2026/07/08 13:45:55.185, 5, 0, 75376, 97887
2026/07/08 13:45:55.206, 6, 0, 75370, 97887
2026/07/08 13:45:55.225, 7, 0, 75370, 97887
2026/07/08 13:45:56.244, 0, 0, 48704, 97887
2026/07/08 13:45:56.259, 1, 0, 48104, 97887
2026/07/08 13:45:56.272, 2, 0, 48104, 97887
2026/07/08 13:45:56.286, 3, 0, 48104, 97887
2026/07/08 13:45:56.301, 4, 100, 75408, 97887
2026/07/08 13:45:56.315, 5, 100, 75408, 97887
2026/07/08 13:45:56.329, 6, 0, 75402, 97887
2026/07/08 13:45:56.342, 7, 0, 75402, 97887
2026/07/08 13:45:57.356, 0, 0, 48704, 97887
2026/07/08 13:45:57.374, 1, 0, 48104, 97887
2026/07/08 13:45:57.388, 2, 0, 48104, 97887
2026/07/08 13:45:57.403, 3, 0, 48104, 97887
2026/07/08 13:45:57.415, 4, 73, 75430, 97887
2026/07/08 13:45:57.428, 5, 25, 75430, 97887
2026/07/08 13:45:57.438, 6, 100, 75408, 97887
2026/07/08 13:45:57.449, 7, 100, 75408, 97887
2026/07/08 13:45:58.461, 0, 0, 48704, 97887
2026/07/08 13:45:58.474, 1, 0, 48104, 97887
2026/07/08 13:45:58.486, 2, 0, 48104, 97887
2026/07/08 13:45:58.497, 3, 0, 48104, 97887
2026/07/08 13:45:58.508, 4, 30, 75430, 97887
2026/07/08 13:45:58.519, 5, 89, 75430, 97887
2026/07/08 13:45:58.533, 6, 93, 75430, 97887
2026/07/08 13:45:58.547, 7, 23, 75430, 97887
2026/07/08 13:45:59.562, 0, 0, 48704, 97887
2026/07/08 13:45:59.577, 1, 0, 48104, 97887
2026/07/08 13:45:59.596, 2, 0, 48104, 97887
2026/07/08 13:45:59.609, 3, 0, 48104, 97887
2026/07/08 13:45:59.622, 4, 22, 75430, 97887
2026/07/08 13:45:59.634, 5, 92, 75430, 97887
2026/07/08 13:45:59.647, 6, 65, 75430, 97887
2026/07/08 13:45:59.660, 7, 59, 75430, 97887
2026/07/08 13:46:00.676, 0, 0, 48704, 97887
2026/07/08 13:46:00.696, 1, 0, 48104, 97887
2026/07/08 13:46:00.714, 2, 0, 48104, 97887
2026/07/08 13:46:00.733, 3, 0, 48104, 97887
2026/07/08 13:46:00.748, 4, 33, 75430, 97887
2026/07/08 13:46:00.762, 5, 60, 75430, 97887
2026/07/08 13:46:00.777, 6, 77, 75430, 97887
2026/07/08 13:46:00.794, 7, 37, 75430, 97887
2026/07/08 13:46:01.810, 0, 0, 48704, 97887
2026/07/08 13:46:01.824, 1, 0, 48104, 97887
2026/07/08 13:46:01.840, 2, 0, 48104, 97887
2026/07/08 13:46:01.853, 3, 0, 48104, 97887
2026/07/08 13:46:01.868, 4, 55, 75430, 97887
2026/07/08 13:46:01.883, 5, 52, 75430, 97887
2026/07/08 13:46:01.899, 6, 79, 75430, 97887
2026/07/08 13:46:01.917, 7, 23, 75430, 97887
2026/07/08 13:46:02.935, 0, 0, 48704, 97887
2026/07/08 13:46:02.952, 1, 0, 48104, 97887
2026/07/08 13:46:02.967, 2, 0, 48104, 97887
2026/07/08 13:46:02.984, 3, 0, 48104, 97887
2026/07/08 13:46:03.000, 4, 27, 75430, 97887
2026/07/08 13:46:03.016, 5, 80, 75430, 97887
2026/07/08 13:46:03.031, 6, 39, 75430, 97887
2026/07/08 13:46:03.057, 7, 51, 75430, 97887
2026/07/08 13:46:04.069, 0, 0, 48704, 97887
2026/07/08 13:46:04.085, 1, 0, 48104, 97887
2026/07/08 13:46:04.097, 2, 0, 48104, 97887
2026/07/08 13:46:04.104, 3, 0, 48104, 97887
2026/07/08 13:46:04.116, 4, 37, 75430, 97887
2026/07/08 13:46:04.127, 5, 72, 75430, 97887
2026/07/08 13:46:04.139, 6, 73, 75430, 97887
2026/07/08 13:46:04.148, 7, 54, 75430, 97887
2026/07/08 13:46:05.161, 0, 0, 48704, 97887
2026/07/08 13:46:05.176, 1, 0, 48104, 97887
2026/07/08 13:46:05.192, 2, 0, 48104, 97887
2026/07/08 13:46:05.207, 3, 0, 48104, 97887
2026/07/08 13:46:05.223, 4, 28, 75430, 97887
2026/07/08 13:46:05.244, 5, 83, 75430, 97887
2026/07/08 13:46:05.261, 6, 61, 75430, 97887
2026/07/08 13:46:05.277, 7, 49, 75430, 97887
2026/07/08 13:46:06.294, 0, 0, 48704, 97887
2026/07/08 13:46:06.313, 1, 0, 48104, 97887
2026/07/08 13:46:06.327, 2, 0, 48104, 97887
2026/07/08 13:46:06.339, 3, 0, 48104, 97887
2026/07/08 13:46:06.353, 4, 40, 75430, 97887
2026/07/08 13:46:06.367, 5, 55, 75430, 97887
2026/07/08 13:46:06.382, 6, 47, 75430, 97887
2026/07/08 13:46:06.397, 7, 40, 75430, 97887
2026/07/08 13:46:07.409, 0, 0, 48704, 97887
2026/07/08 13:46:07.430, 1, 0, 48104, 97887
2026/07/08 13:46:07.451, 2, 0, 48104, 97887
2026/07/08 13:46:07.470, 3, 0, 48104, 97887
2026/07/08 13:46:07.489, 4, 25, 75430, 97887
2026/07/08 13:46:07.505, 5, 84, 75430, 97887
2026/07/08 13:46:07.522, 6, 92, 75430, 97887
2026/07/08 13:46:07.539, 7, 21, 75430, 97887
2026/07/08 13:46:08.556, 0, 0, 48704, 97887
2026/07/08 13:46:08.577, 1, 0, 48104, 97887
2026/07/08 13:46:08.592, 2, 0, 48104, 97887
2026/07/08 13:46:08.609, 3, 0, 48104, 97887
2026/07/08 13:46:08.626, 4, 42, 75430, 97887
2026/07/08 13:46:08.642, 5, 54, 75430, 97887
2026/07/08 13:46:08.660, 6, 29, 75430, 97887
2026/07/08 13:46:08.678, 7, 83, 75430, 97887
2026/07/08 13:46:09.696, 0, 0, 48704, 97887
2026/07/08 13:46:09.718, 1, 0, 48104, 97887
2026/07/08 13:46:09.736, 2, 0, 48104, 97887
2026/07/08 13:46:09.753, 3, 0, 48104, 97887
2026/07/08 13:46:09.779, 4, 25, 75430, 97887
2026/07/08 13:46:09.802, 5, 62, 75430, 97887
2026/07/08 13:46:09.827, 6, 95, 75430, 97887
2026/07/08 13:46:09.845, 7, 85, 75430, 97887
2026/07/08 13:46:10.860, 0, 0, 48704, 97887
2026/07/08 13:46:10.878, 1, 0, 48104, 97887
2026/07/08 13:46:10.897, 2, 0, 48104, 97887
2026/07/08 13:46:10.916, 3, 0, 48104, 97887
2026/07/08 13:46:10.933, 4, 44, 75430, 97887
2026/07/08 13:46:10.948, 5, 34, 75430, 97887
2026/07/08 13:46:10.962, 6, 42, 75430, 97887
2026/07/08 13:46:10.975, 7, 67, 75430, 97887
2026/07/08 13:46:11.993, 0, 0, 48704, 97887
2026/07/08 13:46:12.008, 1, 0, 48104, 97887
2026/07/08 13:46:12.024, 2, 0, 48104, 97887
2026/07/08 13:46:12.041, 3, 0, 48104, 97887
2026/07/08 13:46:12.054, 4, 23, 75430, 97887
2026/07/08 13:46:12.068, 5, 53, 75430, 97887
2026/07/08 13:46:12.084, 6, 27, 75430, 97887
2026/07/08 13:46:12.099, 7, 59, 75430, 97887
2026/07/08 13:46:13.116, 0, 0, 48704, 97887
2026/07/08 13:46:13.133, 1, 0, 48104, 97887
2026/07/08 13:46:13.149, 2, 0, 48104, 97887
2026/07/08 13:46:13.165, 3, 0, 48104, 97887
2026/07/08 13:46:13.183, 4, 26, 75430, 97887
2026/07/08 13:46:13.201, 5, 93, 75430, 97887
2026/07/08 13:46:13.219, 6, 82, 75430, 97887
2026/07/08 13:46:13.237, 7, 21, 75430, 97887
2026/07/08 13:46:14.255, 0, 0, 48704, 97887
2026/07/08 13:46:14.269, 1, 0, 48104, 97887
2026/07/08 13:46:14.282, 2, 0, 48104, 97887
2026/07/08 13:46:14.297, 3, 0, 48104, 97887
2026/07/08 13:46:14.315, 4, 30, 75430, 97887
2026/07/08 13:46:14.332, 5, 62, 75430, 97887
2026/07/08 13:46:14.347, 6, 92, 75430, 97887
2026/07/08 13:46:14.364, 7, 28, 75430, 97887
2026/07/08 13:46:15.380, 0, 0, 48704, 97887
2026/07/08 13:46:15.401, 1, 0, 48104, 97887
2026/07/08 13:46:15.420, 2, 0, 48104, 97887
2026/07/08 13:46:15.441, 3, 0, 48104, 97887
2026/07/08 13:46:15.451, 4, 31, 75430, 97887
2026/07/08 13:46:15.468, 5, 80, 75430, 97887
2026/07/08 13:46:15.484, 6, 94, 75430, 97887
2026/07/08 13:46:15.500, 7, 24, 75430, 97887
2026/07/08 13:46:16.517, 0, 0, 48704, 97887
2026/07/08 13:46:16.535, 1, 0, 48104, 97887
2026/07/08 13:46:16.554, 2, 0, 48104, 97887
2026/07/08 13:46:16.574, 3, 0, 48104, 97887
2026/07/08 13:46:16.593, 4, 39, 75430, 97887
2026/07/08 13:46:16.613, 5, 83, 75430, 97887
2026/07/08 13:46:16.628, 6, 49, 75430, 97887
2026/07/08 13:46:16.645, 7, 72, 75430, 97887
2026/07/08 13:46:17.664, 0, 0, 48704, 97887
2026/07/08 13:46:17.676, 1, 0, 48104, 97887
2026/07/08 13:46:17.688, 2, 0, 48104, 97887
2026/07/08 13:46:17.700, 3, 0, 48104, 97887
2026/07/08 13:46:17.712, 4, 47, 75430, 97887
2026/07/08 13:46:17.725, 5, 44, 75430, 97887
2026/07/08 13:46:17.734, 6, 86, 75430, 97887
2026/07/08 13:46:17.749, 7, 23, 75430, 97887
2026/07/08 13:46:18.762, 0, 0, 48704, 97887
2026/07/08 13:46:18.774, 1, 0, 48104, 97887
2026/07/08 13:46:18.785, 2, 0, 48104, 97887
2026/07/08 13:46:18.797, 3, 0, 48104, 97887
2026/07/08 13:46:18.813, 4, 89, 75430, 97887
2026/07/08 13:46:18.829, 5, 27, 75430, 97887
2026/07/08 13:46:18.843, 6, 94, 75430, 97887
2026/07/08 13:46:18.856, 7, 27, 75430, 97887
2026/07/08 13:46:19.871, 0, 0, 48704, 97887
2026/07/08 13:46:19.889, 1, 0, 48104, 97887
2026/07/08 13:46:19.903, 2, 0, 48104, 97887
2026/07/08 13:46:19.916, 3, 0, 48104, 97887
2026/07/08 13:46:19.929, 4, 33, 75430, 97887
2026/07/08 13:46:19.948, 5, 85, 75430, 97887
2026/07/08 13:46:19.962, 6, 93, 75430, 97887
2026/07/08 13:46:19.975, 7, 21, 75430, 97887
2026/07/08 13:46:20.987, 0, 0, 48704, 97887
2026/07/08 13:46:21.003, 1, 0, 48104, 97887
2026/07/08 13:46:21.020, 2, 0, 48104, 97887
2026/07/08 13:46:21.035, 3, 0, 48104, 97887
2026/07/08 13:46:21.053, 4, 22, 75430, 97887
2026/07/08 13:46:21.070, 5, 83, 75430, 97887
2026/07/08 13:46:21.086, 6, 90, 75430, 97887
2026/07/08 13:46:21.101, 7, 21, 75430, 97887
2026/07/08 13:46:22.116, 0, 0, 48704, 97887
2026/07/08 13:46:22.139, 1, 0, 48104, 97887
2026/07/08 13:46:22.156, 2, 0, 48104, 97887
2026/07/08 13:46:22.170, 3, 0, 48104, 97887
2026/07/08 13:46:22.184, 4, 35, 75430, 97887
2026/07/08 13:46:22.200, 5, 32, 75430, 97887
2026/07/08 13:46:22.215, 6, 85, 75430, 97887
2026/07/08 13:46:22.231, 7, 21, 75430, 97887
2026/07/08 13:46:23.248, 0, 0, 48704, 97887
2026/07/08 13:46:23.264, 1, 0, 48104, 97887
2026/07/08 13:46:23.273, 2, 0, 48104, 97887
2026/07/08 13:46:23.281, 3, 0, 48104, 97887
2026/07/08 13:46:23.292, 4, 93, 75430, 97887
2026/07/08 13:46:23.309, 5, 25, 75430, 97887
2026/07/08 13:46:23.320, 6, 87, 75430, 97887
2026/07/08 13:46:23.335, 7, 21, 75430, 97887
2026/07/08 13:46:24.351, 0, 0, 48704, 97887
2026/07/08 13:46:24.370, 1, 0, 48104, 97887
2026/07/08 13:46:24.387, 2, 0, 48104, 97887
2026/07/08 13:46:24.403, 3, 0, 48104, 97887
2026/07/08 13:46:24.419, 4, 21, 75430, 97887
2026/07/08 13:46:24.435, 5, 68, 75430, 97887
2026/07/08 13:46:24.448, 6, 93, 75430, 97887
2026/07/08 13:46:24.461, 7, 23, 75430, 97887
2026/07/08 13:46:25.478, 0, 0, 48704, 97887
2026/07/08 13:46:25.492, 1, 0, 48104, 97887
2026/07/08 13:46:25.512, 2, 0, 48104, 97887
2026/07/08 13:46:25.524, 3, 0, 48104, 97887
2026/07/08 13:46:25.537, 4, 43, 75430, 97887
2026/07/08 13:46:25.553, 5, 58, 75430, 97887
2026/07/08 13:46:25.570, 6, 83, 75430, 97887
2026/07/08 13:46:25.587, 7, 21, 75430, 97887
2026/07/08 13:46:26.603, 0, 0, 48704, 97887
2026/07/08 13:46:26.618, 1, 0, 48104, 97887
2026/07/08 13:46:26.634, 2, 0, 48104, 97887
2026/07/08 13:46:26.646, 3, 0, 48104, 97887
2026/07/08 13:46:26.660, 4, 47, 75430, 97887
2026/07/08 13:46:26.674, 5, 67, 75430, 97887
2026/07/08 13:46:26.688, 6, 92, 75430, 97887
2026/07/08 13:46:26.703, 7, 22, 75430, 97887
2026/07/08 13:46:27.715, 0, 0, 48704, 97887
2026/07/08 13:46:27.734, 1, 0, 48104, 97887
2026/07/08 13:46:27.751, 2, 0, 48104, 97887
2026/07/08 13:46:27.766, 3, 0, 48104, 97887
2026/07/08 13:46:27.783, 4, 92, 75430, 97887
2026/07/08 13:46:27.800, 5, 25, 75430, 97887
2026/07/08 13:46:27.819, 6, 93, 75430, 97887
2026/07/08 13:46:27.834, 7, 15, 75430, 97887
2026/07/08 13:46:28.849, 0, 0, 48704, 97887
2026/07/08 13:46:28.865, 1, 0, 48104, 97887
2026/07/08 13:46:28.881, 2, 0, 48104, 97887
2026/07/08 13:46:28.898, 3, 0, 48104, 97887
2026/07/08 13:46:28.915, 4, 33, 75430, 97887
2026/07/08 13:46:28.929, 5, 61, 75430, 97887
2026/07/08 13:46:28.945, 6, 92, 75430, 97887
2026/07/08 13:46:28.961, 7, 16, 75430, 97887
2026/07/08 13:46:29.979, 0, 0, 48704, 97887
2026/07/08 13:46:29.999, 1, 0, 48104, 97887
2026/07/08 13:46:30.018, 2, 0, 48104, 97887
2026/07/08 13:46:30.034, 3, 0, 48104, 97887
2026/07/08 13:46:30.053, 4, 27, 75430, 97887
2026/07/08 13:46:30.065, 5, 79, 75430, 97887
2026/07/08 13:46:30.080, 6, 93, 75430, 97887
2026/07/08 13:46:30.093, 7, 22, 75430, 97887
2026/07/08 13:46:31.103, 0, 0, 48704, 97887
2026/07/08 13:46:31.121, 1, 0, 48104, 97887
2026/07/08 13:46:31.140, 2, 0, 48104, 97887
2026/07/08 13:46:31.158, 3, 0, 48104, 97887
2026/07/08 13:46:31.175, 4, 28, 75430, 97887
2026/07/08 13:46:31.193, 5, 61, 75430, 97887
2026/07/08 13:46:31.209, 6, 95, 75430, 97887
2026/07/08 13:46:31.222, 7, 22, 75430, 97887
2026/07/08 13:46:32.236, 0, 0, 48704, 97887
2026/07/08 13:46:32.255, 1, 0, 48104, 97887
2026/07/08 13:46:32.273, 2, 0, 48104, 97887
2026/07/08 13:46:32.287, 3, 0, 48104, 97887
2026/07/08 13:46:32.302, 4, 31, 75430, 97887
2026/07/08 13:46:32.322, 5, 65, 75430, 97887
2026/07/08 13:46:32.338, 6, 92, 75430, 97887
2026/07/08 13:46:32.354, 7, 24, 75430, 97887
2026/07/08 13:46:33.366, 0, 0, 48704, 97887
2026/07/08 13:46:33.383, 1, 0, 48104, 97887
2026/07/08 13:46:33.397, 2, 0, 48104, 97887
2026/07/08 13:46:33.414, 3, 0, 48104, 97887
2026/07/08 13:46:33.430, 4, 29, 75430, 97887
2026/07/08 13:46:33.446, 5, 52, 75430, 97887
2026/07/08 13:46:33.465, 6, 89, 75430, 97887
2026/07/08 13:46:33.483, 7, 25, 75430, 97887
2026/07/08 13:46:34.502, 0, 0, 48704, 97887
2026/07/08 13:46:34.518, 1, 0, 48104, 97887
2026/07/08 13:46:34.534, 2, 0, 48104, 97887
2026/07/08 13:46:34.550, 3, 0, 48104, 97887
2026/07/08 13:46:34.566, 4, 32, 75430, 97887
2026/07/08 13:46:34.582, 5, 76, 75430, 97887
2026/07/08 13:46:34.597, 6, 95, 75430, 97887
2026/07/08 13:46:34.612, 7, 26, 75430, 97887
2026/07/08 13:46:35.629, 0, 0, 48704, 97887
2026/07/08 13:46:35.649, 1, 0, 48104, 97887
2026/07/08 13:46:35.667, 2, 0, 48104, 97887
2026/07/08 13:46:35.687, 3, 0, 48104, 97887
2026/07/08 13:46:35.708, 4, 31, 75430, 97887
2026/07/08 13:46:35.727, 5, 54, 75430, 97887
2026/07/08 13:46:35.743, 6, 95, 75430, 97887
2026/07/08 13:46:35.759, 7, 27, 75430, 97887
2026/07/08 13:46:36.775, 0, 0, 48704, 97887
2026/07/08 13:46:36.791, 1, 0, 48104, 97887
2026/07/08 13:46:36.805, 2, 0, 48104, 97887
2026/07/08 13:46:36.820, 3, 0, 48104, 97887
2026/07/08 13:46:36.835, 4, 29, 75430, 97887
2026/07/08 13:46:36.849, 5, 74, 75430, 97887
2026/07/08 13:46:36.865, 6, 90, 75430, 97887
2026/07/08 13:46:36.883, 7, 26, 75430, 97887
2026/07/08 13:46:37.900, 0, 0, 48704, 97887
2026/07/08 13:46:37.914, 1, 0, 48104, 97887
2026/07/08 13:46:37.927, 2, 0, 48104, 97887
2026/07/08 13:46:37.937, 3, 0, 48104, 97887
2026/07/08 13:46:37.949, 4, 33, 75450, 97887
2026/07/08 13:46:37.963, 5, 86, 75450, 97887
2026/07/08 13:46:37.977, 6, 88, 75430, 97887
2026/07/08 13:46:37.991, 7, 23, 75430, 97887
2026/07/08 13:46:39.004, 0, 0, 48704, 97887
2026/07/08 13:46:39.019, 1, 0, 48104, 97887
2026/07/08 13:46:39.032, 2, 0, 48104, 97887
2026/07/08 13:46:39.049, 3, 0, 48104, 97887
2026/07/08 13:46:39.067, 4, 100, 75450, 97887
2026/07/08 13:46:39.083, 5, 100, 75450, 97887
2026/07/08 13:46:39.097, 6, 100, 75430, 97887
2026/07/08 13:46:39.111, 7, 100, 75430, 97887
2026/07/08 13:46:40.130, 0, 0, 48704, 97887
2026/07/08 13:46:40.146, 1, 0, 48104, 97887
2026/07/08 13:46:40.163, 2, 0, 48104, 97887
2026/07/08 13:46:40.178, 3, 0, 48104, 97887
2026/07/08 13:46:40.193, 4, 66, 75468, 97887
2026/07/08 13:46:40.207, 5, 58, 75468, 97887
2026/07/08 13:46:40.224, 6, 76, 75430, 97887
2026/07/08 13:46:40.240, 7, 75, 75430, 97887
2026/07/08 13:46:41.256, 0, 0, 48704, 97887
2026/07/08 13:46:41.272, 1, 0, 48104, 97887
2026/07/08 13:46:41.289, 2, 0, 48104, 97887
2026/07/08 13:46:41.307, 3, 0, 48104, 97887
2026/07/08 13:46:41.319, 4, 34, 75468, 97887
2026/07/08 13:46:41.332, 5, 78, 75468, 97887
2026/07/08 13:46:41.344, 6, 71, 75460, 97887
2026/07/08 13:46:41.359, 7, 90, 75460, 97887
2026/07/08 13:46:42.373, 0, 0, 48704, 97887
2026/07/08 13:46:42.387, 1, 0, 48104, 97887
2026/07/08 13:46:42.399, 2, 0, 48104, 97887
2026/07/08 13:46:42.410, 3, 0, 48104, 97887
2026/07/08 13:46:42.424, 4, 29, 75468, 97887
2026/07/08 13:46:42.436, 5, 87, 75468, 97887
2026/07/08 13:46:42.449, 6, 42, 75476, 97887
2026/07/08 13:46:42.461, 7, 38, 75476, 97887
2026/07/08 13:46:43.473, 0, 0, 48704, 97887
2026/07/08 13:46:43.488, 1, 0, 48104, 97887
2026/07/08 13:46:43.501, 2, 0, 48104, 97887
2026/07/08 13:46:43.515, 3, 0, 48104, 97887
2026/07/08 13:46:43.531, 4, 33, 75468, 97887
2026/07/08 13:46:43.546, 5, 85, 75468, 97887
2026/07/08 13:46:43.564, 6, 89, 75476, 97887
2026/07/08 13:46:43.586, 7, 27, 75476, 97887
2026/07/08 13:46:44.602, 0, 0, 48704, 97887
2026/07/08 13:46:44.618, 1, 0, 48104, 97887
2026/07/08 13:46:44.633, 2, 0, 48104, 97887
2026/07/08 13:46:44.647, 3, 0, 48104, 97887
2026/07/08 13:46:44.660, 4, 53, 75468, 97887
2026/07/08 13:46:44.672, 5, 56, 75468, 97887
2026/07/08 13:46:44.686, 6, 94, 75476, 97887
2026/07/08 13:46:44.699, 7, 28, 75476, 97887
2026/07/08 13:46:45.710, 0, 0, 48704, 97887
2026/07/08 13:46:45.727, 1, 0, 48104, 97887
2026/07/08 13:46:45.740, 2, 0, 48104, 97887
2026/07/08 13:46:45.755, 3, 0, 48104, 97887
2026/07/08 13:46:45.770, 4, 24, 75468, 97887
2026/07/08 13:46:45.783, 5, 79, 75468, 97887
2026/07/08 13:46:45.795, 6, 92, 75476, 97887
2026/07/08 13:46:45.808, 7, 28, 75476, 97887
2026/07/08 13:46:46.823, 0, 0, 48704, 97887
2026/07/08 13:46:46.834, 1, 0, 48104, 97887
2026/07/08 13:46:46.850, 2, 0, 48104, 97887
2026/07/08 13:46:46.866, 3, 0, 48104, 97887
2026/07/08 13:46:46.880, 4, 40, 75468, 97887
2026/07/08 13:46:46.895, 5, 68, 75468, 97887
2026/07/08 13:46:46.911, 6, 93, 75476, 97887
2026/07/08 13:46:46.927, 7, 19, 75476, 97887
2026/07/08 13:46:47.941, 0, 0, 48704, 97887
2026/07/08 13:46:47.959, 1, 0, 48104, 97887
2026/07/08 13:46:47.976, 2, 0, 48104, 97887
2026/07/08 13:46:47.994, 3, 0, 48104, 97887
2026/07/08 13:46:48.014, 4, 33, 75468, 97887
2026/07/08 13:46:48.049, 5, 85, 75468, 97887
2026/07/08 13:46:48.058, 6, 95, 75476, 97887
2026/07/08 13:46:48.072, 7, 20, 75476, 97887
2026/07/08 13:46:49.084, 0, 0, 48704, 97887
2026/07/08 13:46:49.095, 1, 0, 48104, 97887
2026/07/08 13:46:49.101, 2, 0, 48104, 97887
2026/07/08 13:46:49.110, 3, 0, 48104, 97887
2026/07/08 13:46:49.123, 4, 61, 75468, 97887
2026/07/08 13:46:49.137, 5, 60, 75468, 97887
2026/07/08 13:46:49.149, 6, 90, 75476, 97887
2026/07/08 13:46:49.165, 7, 30, 75476, 97887
2026/07/08 13:46:50.177, 0, 0, 48704, 97887
2026/07/08 13:46:50.192, 1, 0, 48104, 97887
2026/07/08 13:46:50.204, 2, 0, 48104, 97887
2026/07/08 13:46:50.217, 3, 0, 48104, 97887
2026/07/08 13:46:50.230, 4, 100, 75468, 97887
2026/07/08 13:46:50.243, 5, 100, 75468, 97887
2026/07/08 13:46:50.257, 6, 94, 75476, 97887
2026/07/08 13:46:50.270, 7, 20, 75476, 97887
2026/07/08 13:46:51.284, 0, 0, 48704, 97887
2026/07/08 13:46:51.299, 1, 0, 48104, 97887
2026/07/08 13:46:51.313, 2, 0, 48104, 97887
2026/07/08 13:46:51.328, 3, 0, 48104, 97887
2026/07/08 13:46:51.343, 4, 26, 75506, 97887
2026/07/08 13:46:51.360, 5, 87, 75506, 97887
2026/07/08 13:46:51.375, 6, 86, 75476, 97887
2026/07/08 13:46:51.389, 7, 22, 75476, 97887
2026/07/08 13:46:52.402, 0, 0, 48704, 97887
2026/07/08 13:46:52.417, 1, 0, 48104, 97887
2026/07/08 13:46:52.431, 2, 0, 48104, 97887
2026/07/08 13:46:52.445, 3, 0, 48104, 97887
2026/07/08 13:46:52.460, 4, 47, 75528, 97887
2026/07/08 13:46:52.475, 5, 69, 75528, 97887
2026/07/08 13:46:52.489, 6, 91, 75476, 97887
2026/07/08 13:46:52.503, 7, 23, 75476, 97887
2026/07/08 13:46:53.516, 0, 0, 48704, 97887
2026/07/08 13:46:53.532, 1, 0, 48104, 97887
2026/07/08 13:46:53.543, 2, 0, 48104, 97887
2026/07/08 13:46:53.555, 3, 0, 48104, 97887
2026/07/08 13:46:53.573, 4, 38, 75528, 97887
2026/07/08 13:46:53.592, 5, 81, 75528, 97887
2026/07/08 13:46:53.611, 6, 85, 75476, 97887
2026/07/08 13:46:53.633, 7, 23, 75476, 97887
2026/07/08 13:46:54.658, 0, 0, 48704, 97887
2026/07/08 13:46:54.675, 1, 0, 48104, 97887
2026/07/08 13:46:54.688, 2, 0, 48104, 97887
2026/07/08 13:46:54.702, 3, 0, 48104, 97887
2026/07/08 13:46:54.716, 4, 32, 75528, 97887
2026/07/08 13:46:54.731, 5, 56, 75528, 97887
2026/07/08 13:46:54.748, 6, 89, 75476, 97887
2026/07/08 13:46:54.764, 7, 33, 75476, 97887
2026/07/08 13:46:55.778, 0, 0, 48704, 97887
2026/07/08 13:46:55.792, 1, 0, 48104, 97887
2026/07/08 13:46:55.804, 2, 0, 48104, 97887
2026/07/08 13:46:55.819, 3, 0, 48104, 97887
2026/07/08 13:46:55.834, 4, 75, 75528, 97887
2026/07/08 13:46:55.844, 5, 38, 75528, 97887
2026/07/08 13:46:55.855, 6, 95, 75476, 97887
2026/07/08 13:46:55.867, 7, 29, 75476, 97887
2026/07/08 13:46:56.878, 0, 0, 48704, 97887
2026/07/08 13:46:56.895, 1, 0, 48104, 97887
2026/07/08 13:46:56.910, 2, 0, 48104, 97887
2026/07/08 13:46:56.927, 3, 0, 48104, 97887
2026/07/08 13:46:56.945, 4, 56, 75528, 97887
2026/07/08 13:46:56.958, 5, 47, 75528, 97887
2026/07/08 13:46:56.972, 6, 95, 75476, 97887
2026/07/08 13:46:56.985, 7, 31, 75476, 97887
2026/07/08 13:46:57.999, 0, 0, 48704, 97887
2026/07/08 13:46:58.016, 1, 0, 48104, 97887
2026/07/08 13:46:58.030, 2, 0, 48104, 97887
2026/07/08 13:46:58.043, 3, 0, 48104, 97887
2026/07/08 13:46:58.057, 4, 56, 75528, 97887
2026/07/08 13:46:58.073, 5, 66, 75528, 97887
2026/07/08 13:46:58.088, 6, 93, 75476, 97887
2026/07/08 13:46:58.103, 7, 23, 75476, 97887
2026/07/08 13:46:59.118, 0, 0, 48704, 97887
2026/07/08 13:46:59.131, 1, 0, 48104, 97887
2026/07/08 13:46:59.151, 2, 0, 48104, 97887
2026/07/08 13:46:59.170, 3, 0, 48104, 97887
2026/07/08 13:46:59.194, 4, 32, 75528, 97887
2026/07/08 13:46:59.209, 5, 84, 75528, 97887
2026/07/08 13:46:59.222, 6, 93, 75476, 97887
2026/07/08 13:46:59.236, 7, 33, 75476, 97887
2026/07/08 13:47:00.248, 0, 0, 48704, 97887
2026/07/08 13:47:00.262, 1, 0, 48104, 97887
2026/07/08 13:47:00.276, 2, 0, 48104, 97887
2026/07/08 13:47:00.293, 3, 0, 48104, 97887
2026/07/08 13:47:00.310, 4, 46, 75528, 97887
2026/07/08 13:47:00.328, 5, 63, 75528, 97887
2026/07/08 13:47:00.343, 6, 96, 75476, 97887
2026/07/08 13:47:00.361, 7, 28, 75476, 97887
2026/07/08 13:47:01.379, 0, 0, 48704, 97887
2026/07/08 13:47:01.391, 1, 0, 48104, 97887
2026/07/08 13:47:01.403, 2, 0, 48104, 97887
2026/07/08 13:47:01.415, 3, 0, 48104, 97887
2026/07/08 13:47:01.428, 4, 31, 75528, 97887
2026/07/08 13:47:01.441, 5, 41, 75528, 97887
2026/07/08 13:47:01.454, 6, 91, 75476, 97887
2026/07/08 13:47:01.465, 7, 25, 75476, 97887
2026/07/08 13:47:02.479, 0, 0, 48704, 97887
2026/07/08 13:47:02.496, 1, 0, 48104, 97887
2026/07/08 13:47:02.510, 2, 0, 48104, 97887
2026/07/08 13:47:02.521, 3, 0, 48104, 97887
2026/07/08 13:47:02.530, 4, 76, 75528, 97887
2026/07/08 13:47:02.539, 5, 45, 75528, 97887
2026/07/08 13:47:02.548, 6, 95, 75476, 97887
2026/07/08 13:47:02.556, 7, 25, 75476, 97887
2026/07/08 13:47:03.563, 0, 0, 48704, 97887
2026/07/08 13:47:03.573, 1, 0, 48104, 97887
2026/07/08 13:47:03.582, 2, 0, 48104, 97887
2026/07/08 13:47:03.591, 3, 0, 48104, 97887
2026/07/08 13:47:03.600, 4, 31, 75528, 97887
2026/07/08 13:47:03.608, 5, 69, 75528, 97887
2026/07/08 13:47:03.617, 6, 93, 75476, 97887
2026/07/08 13:47:03.627, 7, 30, 75476, 97887
2026/07/08 13:47:04.638, 0, 0, 48704, 97887
2026/07/08 13:47:04.662, 1, 0, 48104, 97887
2026/07/08 13:47:04.683, 2, 0, 48104, 97887
2026/07/08 13:47:04.699, 3, 0, 48104, 97887
2026/07/08 13:47:04.717, 4, 34, 75528, 97887
2026/07/08 13:47:04.737, 5, 82, 75528, 97887
2026/07/08 13:47:04.763, 6, 94, 75476, 97887
2026/07/08 13:47:04.791, 7, 25, 75476, 97887
2026/07/08 13:47:05.816, 0, 0, 48704, 97887
2026/07/08 13:47:05.835, 1, 0, 48104, 97887
2026/07/08 13:47:05.851, 2, 0, 48104, 97887
2026/07/08 13:47:05.867, 3, 0, 48104, 97887
2026/07/08 13:47:05.881, 4, 33, 75528, 97887
2026/07/08 13:47:05.895, 5, 87, 75528, 97887
2026/07/08 13:47:05.909, 6, 92, 75476, 97887
2026/07/08 13:47:05.923, 7, 26, 75476, 97887
2026/07/08 13:47:06.936, 0, 0, 48704, 97887
2026/07/08 13:47:06.953, 1, 0, 48104, 97887
2026/07/08 13:47:06.967, 2, 0, 48104, 97887
2026/07/08 13:47:06.981, 3, 0, 48104, 97887
2026/07/08 13:47:06.996, 4, 33, 75528, 97887
2026/07/08 13:47:07.012, 5, 90, 75528, 97887
2026/07/08 13:47:07.027, 6, 89, 75476, 97887
2026/07/08 13:47:07.038, 7, 34, 75476, 97887
2026/07/08 13:47:08.049, 0, 0, 48704, 97887
2026/07/08 13:47:08.067, 1, 0, 48104, 97887
2026/07/08 13:47:08.085, 2, 0, 48104, 97887
2026/07/08 13:47:08.104, 3, 0, 48104, 97887
2026/07/08 13:47:08.122, 4, 34, 75528, 97887
2026/07/08 13:47:08.143, 5, 82, 75528, 97887
2026/07/08 13:47:08.157, 6, 93, 75476, 97887
2026/07/08 13:47:08.173, 7, 32, 75476, 97887
2026/07/08 13:47:09.191, 0, 0, 48704, 97887
2026/07/08 13:47:09.208, 1, 0, 48104, 97887
2026/07/08 13:47:09.223, 2, 0, 48104, 97887
2026/07/08 13:47:09.237, 3, 0, 48104, 97887
2026/07/08 13:47:09.252, 4, 35, 75528, 97887
2026/07/08 13:47:09.270, 5, 90, 75528, 97887
2026/07/08 13:47:09.286, 6, 95, 75476, 97887
2026/07/08 13:47:09.302, 7, 26, 75476, 97887
2026/07/08 13:47:10.318, 0, 0, 48704, 97887
2026/07/08 13:47:10.334, 1, 0, 48104, 97887
2026/07/08 13:47:10.347, 2, 0, 48104, 97887
2026/07/08 13:47:10.363, 3, 0, 48104, 97887
2026/07/08 13:47:10.381, 4, 38, 75528, 97887
2026/07/08 13:47:10.396, 5, 82, 75528, 97887
2026/07/08 13:47:10.411, 6, 87, 75476, 97887
2026/07/08 13:47:10.426, 7, 38, 75476, 97887
2026/07/08 13:47:11.438, 0, 0, 48704, 97887
2026/07/08 13:47:11.455, 1, 0, 48104, 97887
2026/07/08 13:47:11.475, 2, 0, 48104, 97887
2026/07/08 13:47:11.495, 3, 0, 48104, 97887
2026/07/08 13:47:11.513, 4, 40, 75528, 97887
2026/07/08 13:47:11.528, 5, 63, 75528, 97887
2026/07/08 13:47:11.542, 6, 81, 75476, 97887
2026/07/08 13:47:11.555, 7, 32, 75476, 97887
2026/07/08 13:47:12.571, 0, 0, 48704, 97887
2026/07/08 13:47:12.586, 1, 0, 48104, 97887
2026/07/08 13:47:12.601, 2, 0, 48104, 97887
2026/07/08 13:47:12.620, 3, 0, 48104, 97887
2026/07/08 13:47:12.636, 4, 25, 75528, 97887
2026/07/08 13:47:12.652, 5, 86, 75528, 97887
2026/07/08 13:47:12.667, 6, 94, 75476, 97887
2026/07/08 13:47:12.682, 7, 24, 75476, 97887
2026/07/08 13:47:13.697, 0, 0, 48704, 97887
2026/07/08 13:47:13.716, 1, 0, 48104, 97887
2026/07/08 13:47:13.738, 2, 0, 48104, 97887
2026/07/08 13:47:13.757, 3, 0, 48104, 97887
2026/07/08 13:47:13.774, 4, 48, 75528, 97887
2026/07/08 13:47:13.789, 5, 75, 75528, 97887
2026/07/08 13:47:13.805, 6, 78, 75476, 97887
2026/07/08 13:47:13.820, 7, 54, 75476, 97887
2026/07/08 13:47:14.837, 0, 0, 48704, 97887
2026/07/08 13:47:14.856, 1, 0, 48104, 97887
2026/07/08 13:47:14.875, 2, 0, 48104, 97887
2026/07/08 13:47:14.895, 3, 0, 48104, 97887
2026/07/08 13:47:14.912, 4, 57, 75528, 97887
2026/07/08 13:47:14.927, 5, 79, 75528, 97887
2026/07/08 13:47:14.943, 6, 94, 75476, 97887
2026/07/08 13:47:14.962, 7, 29, 75476, 97887
2026/07/08 13:47:15.980, 0, 0, 48704, 97887
2026/07/08 13:47:15.993, 1, 0, 48104, 97887
2026/07/08 13:47:16.004, 2, 0, 48104, 97887
2026/07/08 13:47:16.016, 3, 0, 48104, 97887
2026/07/08 13:47:16.026, 4, 41, 75528, 97887
2026/07/08 13:47:16.036, 5, 83, 75528, 97887
2026/07/08 13:47:16.047, 6, 96, 75476, 97887
2026/07/08 13:47:16.058, 7, 24, 75476, 97887
2026/07/08 13:47:17.072, 0, 0, 48704, 97887
2026/07/08 13:47:17.082, 1, 0, 48104, 97887
2026/07/08 13:47:17.094, 2, 0, 48104, 97887
2026/07/08 13:47:17.108, 3, 0, 48104, 97887
2026/07/08 13:47:17.116, 4, 33, 75528, 97887
2026/07/08 13:47:17.128, 5, 84, 75528, 97887
2026/07/08 13:47:17.145, 6, 92, 75476, 97887
2026/07/08 13:47:17.157, 7, 28, 75476, 97887
2026/07/08 13:47:18.173, 0, 0, 48704, 97887
2026/07/08 13:47:18.189, 1, 0, 48104, 97887
2026/07/08 13:47:18.204, 2, 0, 48104, 97887
2026/07/08 13:47:18.221, 3, 0, 48104, 97887
2026/07/08 13:47:18.239, 4, 49, 75528, 97887
2026/07/08 13:47:18.257, 5, 58, 75528, 97887
2026/07/08 13:47:18.273, 6, 92, 75476, 97887
2026/07/08 13:47:18.290, 7, 23, 75476, 97887
2026/07/08 13:47:19.305, 0, 0, 48704, 97887
2026/07/08 13:47:19.322, 1, 0, 48104, 97887
2026/07/08 13:47:19.337, 2, 0, 48104, 97887
2026/07/08 13:47:19.351, 3, 0, 48104, 97887
2026/07/08 13:47:19.364, 4, 31, 75528, 97887
2026/07/08 13:47:19.378, 5, 81, 75528, 97887
2026/07/08 13:47:19.392, 6, 99, 75476, 97887
2026/07/08 13:47:19.407, 7, 18, 75476, 97887
2026/07/08 13:47:20.423, 0, 0, 48704, 97887
2026/07/08 13:47:20.439, 1, 0, 48104, 97887
2026/07/08 13:47:20.455, 2, 0, 48104, 97887
2026/07/08 13:47:20.472, 3, 0, 48104, 97887
2026/07/08 13:47:20.489, 4, 36, 75528, 97887
2026/07/08 13:47:20.505, 5, 77, 75528, 97887
2026/07/08 13:47:20.520, 6, 93, 75476, 97887
2026/07/08 13:47:20.533, 7, 23, 75476, 97887
2026/07/08 13:47:21.543, 0, 0, 48704, 97887
2026/07/08 13:47:21.558, 1, 0, 48104, 97887
2026/07/08 13:47:21.573, 2, 0, 48104, 97887
2026/07/08 13:47:21.587, 3, 0, 48104, 97887
2026/07/08 13:47:21.608, 4, 23, 75528, 97887
2026/07/08 13:47:21.625, 5, 92, 75528, 97887
2026/07/08 13:47:21.643, 6, 92, 75476, 97887
2026/07/08 13:47:21.662, 7, 22, 75476, 97887
2026/07/08 13:47:22.681, 0, 0, 48704, 97887
2026/07/08 13:47:22.698, 1, 0, 48104, 97887
2026/07/08 13:47:22.714, 2, 0, 48104, 97887
2026/07/08 13:47:22.727, 3, 0, 48104, 97887
2026/07/08 13:47:22.741, 4, 31, 75528, 97887
2026/07/08 13:47:22.757, 5, 86, 75528, 97887
2026/07/08 13:47:22.776, 6, 94, 75476, 97887
2026/07/08 13:47:22.793, 7, 32, 75476, 97887
2026/07/08 13:47:23.810, 0, 0, 48704, 97887
2026/07/08 13:47:23.830, 1, 0, 48104, 97887
2026/07/08 13:47:23.851, 2, 0, 48104, 97887
2026/07/08 13:47:23.869, 3, 0, 48104, 97887
2026/07/08 13:47:23.887, 4, 34, 75528, 97887
2026/07/08 13:47:23.908, 5, 92, 75528, 97887
2026/07/08 13:47:23.928, 6, 93, 75476, 97887
2026/07/08 13:47:23.949, 7, 21, 75476, 97887
2026/07/08 13:47:24.971, 0, 0, 48704, 97887
2026/07/08 13:47:24.992, 1, 0, 48104, 97887
2026/07/08 13:47:25.010, 2, 0, 48104, 97887
2026/07/08 13:47:25.026, 3, 0, 48104, 97887
2026/07/08 13:47:25.041, 4, 34, 75528, 97887
2026/07/08 13:47:25.057, 5, 89, 75528, 97887
2026/07/08 13:47:25.078, 6, 93, 75476, 97887
2026/07/08 13:47:25.095, 7, 22, 75476, 97887
2026/07/08 13:47:26.113, 0, 0, 48704, 97887
2026/07/08 13:47:26.127, 1, 0, 48104, 97887
2026/07/08 13:47:26.144, 2, 0, 48104, 97887
2026/07/08 13:47:26.159, 3, 0, 48104, 97887
2026/07/08 13:47:26.173, 4, 32, 75528, 97887
2026/07/08 13:47:26.185, 5, 93, 75528, 97887
2026/07/08 13:47:26.203, 6, 95, 75476, 97887
2026/07/08 13:47:26.219, 7, 23, 75476, 97887
2026/07/08 13:47:27.231, 0, 0, 48704, 97887
2026/07/08 13:47:27.249, 1, 0, 48104, 97887
2026/07/08 13:47:27.264, 2, 0, 48104, 97887
2026/07/08 13:47:27.278, 3, 0, 48104, 97887
2026/07/08 13:47:27.294, 4, 32, 75528, 97887
2026/07/08 13:47:27.308, 5, 83, 75528, 97887
2026/07/08 13:47:27.322, 6, 93, 75476, 97887
2026/07/08 13:47:27.336, 7, 22, 75476, 97887
2026/07/08 13:47:28.350, 0, 0, 48704, 97887
2026/07/08 13:47:28.363, 1, 0, 48104, 97887
2026/07/08 13:47:28.378, 2, 0, 48104, 97887
2026/07/08 13:47:28.393, 3, 0, 48104, 97887
2026/07/08 13:47:28.409, 4, 35, 75528, 97887
2026/07/08 13:47:28.428, 5, 51, 75528, 97887
2026/07/08 13:47:28.445, 6, 93, 75476, 97887
2026/07/08 13:47:28.462, 7, 22, 75476, 97887
2026/07/08 13:47:29.481, 0, 0, 48704, 97887
2026/07/08 13:47:29.497, 1, 0, 48104, 97887
2026/07/08 13:47:29.511, 2, 0, 48104, 97887
2026/07/08 13:47:29.527, 3, 0, 48104, 97887
2026/07/08 13:47:29.542, 4, 35, 75528, 97887
2026/07/08 13:47:29.557, 5, 68, 75528, 97887
2026/07/08 13:47:29.569, 6, 91, 75476, 97887
2026/07/08 13:47:29.580, 7, 27, 75476, 97887
2026/07/08 13:47:30.592, 0, 0, 48704, 97887
2026/07/08 13:47:30.608, 1, 0, 48104, 97887
2026/07/08 13:47:30.627, 2, 0, 48104, 97887
2026/07/08 13:47:30.644, 3, 0, 48104, 97887
2026/07/08 13:47:30.663, 4, 33, 75528, 97887
2026/07/08 13:47:30.680, 5, 84, 75528, 97887
2026/07/08 13:47:30.702, 6, 93, 75476, 97887
2026/07/08 13:47:30.720, 7, 23, 75476, 97887
2026/07/08 13:47:31.739, 0, 0, 48704, 97887
2026/07/08 13:47:31.753, 1, 0, 48104, 97887
2026/07/08 13:47:31.765, 2, 0, 48104, 97887
2026/07/08 13:47:31.779, 3, 0, 48104, 97887
2026/07/08 13:47:31.794, 4, 24, 75528, 97887
2026/07/08 13:47:31.808, 5, 89, 75528, 97887
2026/07/08 13:47:31.826, 6, 93, 75476, 97887
2026/07/08 13:47:31.842, 7, 23, 75476, 97887
2026/07/08 13:47:32.858, 0, 0, 48704, 97887
2026/07/08 13:47:32.880, 1, 0, 48104, 97887
2026/07/08 13:47:32.898, 2, 0, 48104, 97887
2026/07/08 13:47:32.917, 3, 0, 48104, 97887
2026/07/08 13:47:32.933, 4, 41, 75528, 97887
2026/07/08 13:47:32.951, 5, 28, 75528, 97887
2026/07/08 13:47:32.969, 6, 93, 75476, 97887
2026/07/08 13:47:32.985, 7, 23, 75476, 97887
2026/07/08 13:47:33.998, 0, 0, 48704, 97887
2026/07/08 13:47:34.013, 1, 0, 48104, 97887
2026/07/08 13:47:34.028, 2, 0, 48104, 97887
2026/07/08 13:47:34.040, 3, 0, 48104, 97887
2026/07/08 13:47:34.050, 4, 34, 75528, 97887
2026/07/08 13:47:34.067, 5, 81, 75528, 97887
2026/07/08 13:47:34.082, 6, 93, 75476, 97887
2026/07/08 13:47:34.094, 7, 23, 75476, 97887
2026/07/08 13:47:35.103, 0, 0, 48704, 97887
2026/07/08 13:47:35.120, 1, 0, 48104, 97887
2026/07/08 13:47:35.136, 2, 0, 48104, 97887
2026/07/08 13:47:35.150, 3, 0, 48104, 97887
2026/07/08 13:47:35.165, 4, 31, 75528, 97887
2026/07/08 13:47:35.181, 5, 41, 75528, 97887
2026/07/08 13:47:35.197, 6, 94, 75476, 97887
2026/07/08 13:47:35.210, 7, 23, 75476, 97887
2026/07/08 13:47:36.226, 0, 0, 48704, 97887
2026/07/08 13:47:36.239, 1, 0, 48104, 97887
2026/07/08 13:47:36.251, 2, 0, 48104, 97887
2026/07/08 13:47:36.261, 3, 0, 48104, 97887
2026/07/08 13:47:36.275, 4, 54, 75528, 97887
2026/07/08 13:47:36.290, 5, 47, 75528, 97887
2026/07/08 13:47:36.305, 6, 94, 75476, 97887
2026/07/08 13:47:36.316, 7, 24, 75476, 97887
2026/07/08 13:47:37.324, 0, 0, 48704, 97887
2026/07/08 13:47:37.341, 1, 0, 48104, 97887
2026/07/08 13:47:37.359, 2, 0, 48104, 97887
2026/07/08 13:47:37.373, 3, 0, 48104, 97887
2026/07/08 13:47:37.388, 4, 68, 75528, 97887
2026/07/08 13:47:37.401, 5, 52, 75528, 97887
2026/07/08 13:47:37.416, 6, 94, 75476, 97887
2026/07/08 13:47:37.432, 7, 22, 75476, 97887
2026/07/08 13:47:38.458, 0, 0, 48704, 97887
2026/07/08 13:47:38.476, 1, 0, 48104, 97887
2026/07/08 13:47:38.492, 2, 0, 48104, 97887
2026/07/08 13:47:38.507, 3, 0, 48104, 97887
2026/07/08 13:47:38.524, 4, 74, 75528, 97887
2026/07/08 13:47:38.537, 5, 43, 75528, 97887
2026/07/08 13:47:38.550, 6, 92, 75476, 97887
2026/07/08 13:47:38.566, 7, 23, 75476, 97887
2026/07/08 13:47:39.579, 0, 0, 48704, 97887
2026/07/08 13:47:39.597, 1, 0, 48104, 97887
2026/07/08 13:47:39.611, 2, 0, 48104, 97887
2026/07/08 13:47:39.625, 3, 0, 48104, 97887
2026/07/08 13:47:39.639, 4, 10, 75528, 97887
2026/07/08 13:47:39.654, 5, 10, 75528, 97887
2026/07/08 13:47:39.669, 6, 93, 75476, 97887
2026/07/08 13:47:39.684, 7, 22, 75476, 97887
2026/07/08 13:47:40.697, 0, 0, 48704, 97887
2026/07/08 13:47:40.712, 1, 0, 48104, 97887
2026/07/08 13:47:40.724, 2, 0, 48104, 97887
2026/07/08 13:47:40.736, 3, 0, 48104, 97887
2026/07/08 13:47:40.749, 4, 36, 75528, 97887
2026/07/08 13:47:40.765, 5, 78, 75528, 97887
2026/07/08 13:47:40.776, 6, 95, 75476, 97887
2026/07/08 13:47:40.790, 7, 30, 75476, 97887
2026/07/08 13:47:41.806, 0, 0, 48704, 97887
2026/07/08 13:47:41.827, 1, 0, 48104, 97887
2026/07/08 13:47:41.844, 2, 0, 48104, 97887
2026/07/08 13:47:41.860, 3, 0, 48104, 97887
2026/07/08 13:47:41.873, 4, 47, 75528, 97887
2026/07/08 13:47:41.890, 5, 86, 75528, 97887
2026/07/08 13:47:41.906, 6, 95, 75476, 97887
2026/07/08 13:47:41.919, 7, 29, 75476, 97887
2026/07/08 13:47:42.928, 0, 0, 48704, 97887
2026/07/08 13:47:42.962, 1, 0, 48104, 97887
2026/07/08 13:47:42.983, 2, 0, 48104, 97887
2026/07/08 13:47:43.004, 3, 0, 48104, 97887
2026/07/08 13:47:43.020, 4, 54, 75528, 97887
2026/07/08 13:47:43.035, 5, 68, 75528, 97887
2026/07/08 13:47:43.059, 6, 93, 75476, 97887
2026/07/08 13:47:43.077, 7, 24, 75476, 97887
2026/07/08 13:47:44.091, 0, 0, 48704, 97887
2026/07/08 13:47:44.104, 1, 0, 48104, 97887
2026/07/08 13:47:44.118, 2, 0, 48104, 97887
2026/07/08 13:47:44.133, 3, 0, 48104, 97887
2026/07/08 13:47:44.150, 4, 78, 75528, 97887
2026/07/08 13:47:44.164, 5, 32, 75528, 97887
2026/07/08 13:47:44.176, 6, 93, 75476, 97887
2026/07/08 13:47:44.188, 7, 22, 75476, 97887
2026/07/08 13:47:45.197, 0, 0, 48704, 97887
2026/07/08 13:47:45.214, 1, 0, 48104, 97887
2026/07/08 13:47:45.232, 2, 0, 48104, 97887
2026/07/08 13:47:45.250, 3, 0, 48104, 97887
2026/07/08 13:47:45.266, 4, 70, 75528, 97887
2026/07/08 13:47:45.283, 5, 36, 75528, 97887
2026/07/08 13:47:45.298, 6, 93, 75476, 97887
2026/07/08 13:47:45.314, 7, 26, 75476, 97887
2026/07/08 13:47:46.331, 0, 0, 48704, 97887
2026/07/08 13:47:46.348, 1, 0, 48104, 97887
2026/07/08 13:47:46.365, 2, 0, 48104, 97887
2026/07/08 13:47:46.384, 3, 0, 48104, 97887
2026/07/08 13:47:46.402, 4, 23, 75528, 97887
2026/07/08 13:47:46.418, 5, 95, 75528, 97887
2026/07/08 13:47:46.434, 6, 93, 75476, 97887
2026/07/08 13:47:46.449, 7, 21, 75476, 97887
2026/07/08 13:47:47.463, 0, 0, 48704, 97887
2026/07/08 13:47:47.481, 1, 0, 48104, 97887
2026/07/08 13:47:47.501, 2, 0, 48104, 97887
2026/07/08 13:47:47.518, 3, 0, 48104, 97887
2026/07/08 13:47:47.536, 4, 24, 75528, 97887
2026/07/08 13:47:47.552, 5, 89, 75528, 97887
2026/07/08 13:47:47.563, 6, 95, 75476, 97887
2026/07/08 13:47:47.574, 7, 31, 75476, 97887
2026/07/08 13:47:48.590, 0, 0, 48704, 97887
2026/07/08 13:47:48.613, 1, 0, 48104, 97887
2026/07/08 13:47:48.636, 2, 0, 48104, 97887
2026/07/08 13:47:48.658, 3, 0, 48104, 97887
2026/07/08 13:47:48.676, 4, 68, 75528, 97887
2026/07/08 13:47:48.695, 5, 72, 75528, 97887
2026/07/08 13:47:48.714, 6, 95, 75476, 97887
2026/07/08 13:47:48.736, 7, 28, 75476, 97887
2026/07/08 13:47:49.751, 0, 0, 48704, 97887
2026/07/08 13:47:49.770, 1, 0, 48104, 97887
2026/07/08 13:47:49.787, 2, 0, 48104, 97887
2026/07/08 13:47:49.801, 3, 0, 48104, 97887
2026/07/08 13:47:49.817, 4, 49, 75528, 97887
2026/07/08 13:47:49.833, 5, 70, 75528, 97887
2026/07/08 13:47:49.851, 6, 91, 75476, 97887
2026/07/08 13:47:49.864, 7, 26, 75476, 97887
2026/07/08 13:47:50.877, 0, 0, 48704, 97887
2026/07/08 13:47:50.895, 1, 0, 48104, 97887
2026/07/08 13:47:50.913, 2, 0, 48104, 97887
2026/07/08 13:47:50.932, 3, 0, 48104, 97887
2026/07/08 13:47:50.949, 4, 53, 75528, 97887
2026/07/08 13:47:50.968, 5, 41, 75528, 97887
2026/07/08 13:47:50.989, 6, 95, 75476, 97887
2026/07/08 13:47:51.005, 7, 29, 75476, 97887
2026/07/08 13:47:52.021, 0, 0, 48704, 97887
2026/07/08 13:47:52.039, 1, 0, 48104, 97887
2026/07/08 13:47:52.056, 2, 0, 48104, 97887
2026/07/08 13:47:52.075, 3, 0, 48104, 97887
2026/07/08 13:47:52.090, 4, 68, 75528, 97887
2026/07/08 13:47:52.105, 5, 34, 75528, 97887
2026/07/08 13:47:52.119, 6, 94, 75476, 97887
2026/07/08 13:47:52.135, 7, 30, 75476, 97887
2026/07/08 13:47:53.152, 0, 0, 48704, 97887
2026/07/08 13:47:53.170, 1, 0, 48104, 97887
2026/07/08 13:47:53.186, 2, 0, 48104, 97887
2026/07/08 13:47:53.202, 3, 0, 48104, 97887
2026/07/08 13:47:53.218, 4, 41, 75528, 97887
2026/07/08 13:47:53.234, 5, 71, 75528, 97887
2026/07/08 13:47:53.248, 6, 95, 75476, 97887
2026/07/08 13:47:53.265, 7, 29, 75476, 97887
2026/07/08 13:47:54.284, 0, 0, 48704, 97887
2026/07/08 13:47:54.309, 1, 0, 48104, 97887
2026/07/08 13:47:54.326, 2, 0, 48104, 97887
2026/07/08 13:47:54.350, 3, 0, 48104, 97887
2026/07/08 13:47:54.371, 4, 71, 75528, 97887
2026/07/08 13:47:54.392, 5, 30, 75530, 97887
2026/07/08 13:47:54.408, 6, 88, 75476, 97887
2026/07/08 13:47:54.425, 7, 24, 75476, 97887
2026/07/08 13:47:55.443, 0, 0, 48704, 97887
2026/07/08 13:47:55.461, 1, 0, 48104, 97887
2026/07/08 13:47:55.477, 2, 0, 48104, 97887
2026/07/08 13:47:55.493, 3, 0, 48104, 97887
2026/07/08 13:47:55.511, 4, 38, 75530, 97887
2026/07/08 13:47:55.529, 5, 73, 75530, 97887
2026/07/08 13:47:55.545, 6, 96, 75476, 97887
2026/07/08 13:47:55.559, 7, 27, 75476, 97887
2026/07/08 13:47:56.571, 0, 0, 48704, 97887
2026/07/08 13:47:56.591, 1, 0, 48104, 97887
2026/07/08 13:47:56.606, 2, 0, 48104, 97887
2026/07/08 13:47:56.621, 3, 0, 48104, 97887
2026/07/08 13:47:56.632, 4, 52, 75530, 97887
2026/07/08 13:47:56.648, 5, 71, 75530, 97887
2026/07/08 13:47:56.664, 6, 94, 75476, 97887
2026/07/08 13:47:56.683, 7, 25, 75476, 97887
2026/07/08 13:47:57.701, 0, 0, 48704, 97887
2026/07/08 13:47:57.718, 1, 0, 48104, 97887
2026/07/08 13:47:57.732, 2, 0, 48104, 97887
2026/07/08 13:47:57.746, 3, 0, 48104, 97887
2026/07/08 13:47:57.762, 4, 45, 75530, 97887
2026/07/08 13:47:57.778, 5, 62, 75530, 97887
2026/07/08 13:47:57.796, 6, 95, 75476, 97887
2026/07/08 13:47:57.814, 7, 30, 75476, 97887
2026/07/08 13:47:58.830, 0, 0, 48704, 97887
2026/07/08 13:47:58.844, 1, 0, 48104, 97887
2026/07/08 13:47:58.860, 2, 0, 48104, 97887
2026/07/08 13:47:58.876, 3, 0, 48104, 97887
2026/07/08 13:47:58.891, 4, 44, 75530, 97887
2026/07/08 13:47:58.905, 5, 63, 75530, 97887
2026/07/08 13:47:58.921, 6, 90, 75476, 97887
2026/07/08 13:47:58.935, 7, 32, 75476, 97887
2026/07/08 13:47:59.948, 0, 0, 48704, 97887
2026/07/08 13:47:59.966, 1, 0, 48104, 97887
2026/07/08 13:47:59.977, 2, 0, 48104, 97887
2026/07/08 13:47:59.987, 3, 0, 48104, 97887
2026/07/08 13:47:59.998, 4, 96, 75530, 97887
2026/07/08 13:48:00.009, 5, 30, 75530, 97887
2026/07/08 13:48:00.023, 6, 92, 75476, 97887
2026/07/08 13:48:00.038, 7, 28, 75476, 97887
2026/07/08 13:48:01.053, 0, 0, 48704, 97887
2026/07/08 13:48:01.072, 1, 0, 48104, 97887
2026/07/08 13:48:01.088, 2, 0, 48104, 97887
2026/07/08 13:48:01.105, 3, 0, 48104, 97887
2026/07/08 13:48:01.119, 4, 93, 75530, 97887
2026/07/08 13:48:01.135, 5, 23, 75530, 97887
2026/07/08 13:48:01.146, 6, 93, 75476, 97887
2026/07/08 13:48:01.159, 7, 22, 75476, 97887
2026/07/08 13:48:02.171, 0, 0, 48704, 97887
2026/07/08 13:48:02.181, 1, 0, 48104, 97887
2026/07/08 13:48:02.190, 2, 0, 48104, 97887
2026/07/08 13:48:02.199, 3, 0, 48104, 97887
2026/07/08 13:48:02.214, 4, 48, 75530, 97887
2026/07/08 13:48:02.231, 5, 60, 75530, 97887
2026/07/08 13:48:02.250, 6, 93, 75476, 97887
2026/07/08 13:48:02.266, 7, 23, 75476, 97887
2026/07/08 13:48:03.281, 0, 0, 48704, 97887
2026/07/08 13:48:03.291, 1, 0, 48104, 97887
2026/07/08 13:48:03.300, 2, 0, 48104, 97887
2026/07/08 13:48:03.311, 3, 0, 48104, 97887
2026/07/08 13:48:03.323, 4, 34, 75530, 97887
2026/07/08 13:48:03.331, 5, 81, 75530, 97887
2026/07/08 13:48:03.343, 6, 91, 75476, 97887
2026/07/08 13:48:03.356, 7, 24, 75476, 97887
2026/07/08 13:48:04.369, 0, 0, 48704, 97887
2026/07/08 13:48:04.381, 1, 0, 48104, 97887
2026/07/08 13:48:04.390, 2, 0, 48104, 97887
2026/07/08 13:48:04.400, 3, 0, 48104, 97887
2026/07/08 13:48:04.414, 4, 90, 75530, 97887
2026/07/08 13:48:04.432, 5, 29, 75530, 97887
2026/07/08 13:48:04.449, 6, 90, 75476, 97887
2026/07/08 13:48:04.465, 7, 29, 75476, 97887
2026/07/08 13:48:05.482, 0, 0, 48704, 97887
2026/07/08 13:48:05.497, 1, 0, 48104, 97887
2026/07/08 13:48:05.512, 2, 0, 48104, 97887
2026/07/08 13:48:05.526, 3, 0, 48104, 97887
2026/07/08 13:48:05.538, 4, 52, 75530, 97887
2026/07/08 13:48:05.552, 5, 67, 75530, 97887
2026/07/08 13:48:05.564, 6, 92, 75476, 97887
2026/07/08 13:48:05.575, 7, 22, 75476, 97887
2026/07/08 13:48:06.590, 0, 0, 48704, 97887
2026/07/08 13:48:06.610, 1, 0, 48104, 97887
2026/07/08 13:48:06.627, 2, 0, 48104, 97887
2026/07/08 13:48:06.645, 3, 0, 48104, 97887
2026/07/08 13:48:06.662, 4, 94, 75530, 97887
2026/07/08 13:48:06.682, 5, 29, 75530, 97887
2026/07/08 13:48:06.699, 6, 94, 75476, 97887
2026/07/08 13:48:06.716, 7, 25, 75476, 97887
2026/07/08 13:48:07.733, 0, 0, 48704, 97887
2026/07/08 13:48:07.749, 1, 0, 48104, 97887
2026/07/08 13:48:07.763, 2, 0, 48104, 97887
2026/07/08 13:48:07.778, 3, 0, 48104, 97887
2026/07/08 13:48:07.793, 4, 96, 75530, 97887
2026/07/08 13:48:07.806, 5, 26, 75530, 97887
2026/07/08 13:48:07.823, 6, 94, 75476, 97887
2026/07/08 13:48:07.838, 7, 28, 75476, 97887
2026/07/08 13:48:08.853, 0, 0, 48704, 97887
2026/07/08 13:48:08.870, 1, 0, 48104, 97887
2026/07/08 13:48:08.886, 2, 0, 48104, 97887
2026/07/08 13:48:08.902, 3, 0, 48104, 97887
2026/07/08 13:48:08.916, 4, 95, 75530, 97887
2026/07/08 13:48:08.929, 5, 31, 75530, 97887
2026/07/08 13:48:08.942, 6, 92, 75476, 97887
2026/07/08 13:48:08.957, 7, 23, 75476, 97887
2026/07/08 13:48:09.971, 0, 0, 48704, 97887
2026/07/08 13:48:09.982, 1, 0, 48104, 97887
2026/07/08 13:48:09.991, 2, 0, 48104, 97887
2026/07/08 13:48:10.006, 3, 0, 48104, 97887
2026/07/08 13:48:10.022, 4, 92, 75530, 97887
2026/07/08 13:48:10.038, 5, 31, 75530, 97887
2026/07/08 13:48:10.056, 6, 93, 75476, 97887
2026/07/08 13:48:10.071, 7, 25, 75476, 97887
2026/07/08 13:48:11.086, 0, 0, 48704, 97887
2026/07/08 13:48:11.103, 1, 0, 48104, 97887
2026/07/08 13:48:11.121, 2, 0, 48104, 97887
2026/07/08 13:48:11.138, 3, 0, 48104, 97887
2026/07/08 13:48:11.159, 4, 89, 75530, 97887
2026/07/08 13:48:11.179, 5, 30, 75530, 97887
2026/07/08 13:48:11.199, 6, 93, 75476, 97887
2026/07/08 13:48:11.217, 7, 23, 75476, 97887
2026/07/08 13:48:12.236, 0, 0, 48704, 97887
2026/07/08 13:48:12.257, 1, 0, 48104, 97887
2026/07/08 13:48:12.274, 2, 0, 48104, 97887
2026/07/08 13:48:12.290, 3, 0, 48104, 97887
2026/07/08 13:48:12.307, 4, 88, 75530, 97887
2026/07/08 13:48:12.324, 5, 29, 75530, 97887
2026/07/08 13:48:12.341, 6, 91, 75476, 97887
2026/07/08 13:48:12.357, 7, 23, 75476, 97887
2026/07/08 13:48:13.375, 0, 0, 48704, 97887
2026/07/08 13:48:13.395, 1, 0, 48104, 97887
2026/07/08 13:48:13.414, 2, 0, 48104, 97887
2026/07/08 13:48:13.429, 3, 0, 48104, 97887
2026/07/08 13:48:13.445, 4, 33, 75530, 97887
2026/07/08 13:48:13.460, 5, 86, 75530, 97887
2026/07/08 13:48:13.475, 6, 95, 75476, 97887
2026/07/08 13:48:13.491, 7, 32, 75476, 97887
2026/07/08 13:48:14.509, 0, 0, 48704, 97887
2026/07/08 13:48:14.530, 1, 0, 48104, 97887
2026/07/08 13:48:14.548, 2, 0, 48104, 97887
2026/07/08 13:48:14.564, 3, 0, 48104, 97887
2026/07/08 13:48:14.581, 4, 27, 75530, 97887
2026/07/08 13:48:14.599, 5, 89, 75530, 97887
2026/07/08 13:48:14.616, 6, 94, 75476, 97887
2026/07/08 13:48:14.633, 7, 24, 75476, 97887
2026/07/08 13:48:15.651, 0, 0, 48704, 97887
2026/07/08 13:48:15.669, 1, 0, 48104, 97887
2026/07/08 13:48:15.683, 2, 0, 48104, 97887
2026/07/08 13:48:15.697, 3, 0, 48104, 97887
2026/07/08 13:48:15.714, 4, 28, 75530, 97887
2026/07/08 13:48:15.728, 5, 74, 75530, 97887
2026/07/08 13:48:15.742, 6, 92, 75476, 97887
2026/07/08 13:48:15.760, 7, 28, 75476, 97887
2026/07/08 13:48:16.777, 0, 0, 48704, 97887
2026/07/08 13:48:16.795, 1, 0, 48104, 97887
2026/07/08 13:48:16.810, 2, 0, 48104, 97887
2026/07/08 13:48:16.824, 3, 0, 48104, 97887
2026/07/08 13:48:16.839, 4, 45, 75530, 97887
2026/07/08 13:48:16.856, 5, 60, 75530, 97887
2026/07/08 13:48:16.873, 6, 95, 75476, 97887
2026/07/08 13:48:16.891, 7, 26, 75476, 97887
2026/07/08 13:48:17.907, 0, 0, 48704, 97887
2026/07/08 13:48:17.924, 1, 0, 48104, 97887
2026/07/08 13:48:17.938, 2, 0, 48104, 97887
2026/07/08 13:48:17.955, 3, 0, 48104, 97887
2026/07/08 13:48:17.969, 4, 90, 75530, 97887
2026/07/08 13:48:17.983, 5, 25, 75530, 97887
2026/07/08 13:48:18.000, 6, 93, 75476, 97887
2026/07/08 13:48:18.016, 7, 24, 75476, 97887
2026/07/08 13:48:19.031, 0, 0, 48704, 97887
2026/07/08 13:48:19.050, 1, 0, 48104, 97887
2026/07/08 13:48:19.066, 2, 0, 48104, 97887
2026/07/08 13:48:19.077, 3, 0, 48104, 97887
2026/07/08 13:48:19.091, 4, 94, 75530, 97887
2026/07/08 13:48:19.107, 5, 32, 75530, 97887
2026/07/08 13:48:19.127, 6, 93, 75476, 97887
2026/07/08 13:48:19.147, 7, 23, 75476, 97887
2026/07/08 13:48:20.157, 0, 0, 48704, 97887
2026/07/08 13:48:20.174, 1, 0, 48104, 97887
2026/07/08 13:48:20.188, 2, 0, 48104, 97887
2026/07/08 13:48:20.207, 3, 0, 48104, 97887
2026/07/08 13:48:20.220, 4, 13, 75530, 97887
2026/07/08 13:48:20.236, 5, 5, 75530, 97887
2026/07/08 13:48:20.250, 6, 93, 75476, 97887
2026/07/08 13:48:20.264, 7, 27, 75476, 97887
2026/07/08 13:48:21.279, 0, 0, 48704, 97887
2026/07/08 13:48:21.300, 1, 0, 48104, 97887
2026/07/08 13:48:21.319, 2, 0, 48104, 97887
2026/07/08 13:48:21.336, 3, 0, 48104, 97887
2026/07/08 13:48:21.354, 4, 93, 75530, 97887
2026/07/08 13:48:21.393, 5, 79, 75530, 97887
2026/07/08 13:48:21.414, 6, 95, 75476, 97887
2026/07/08 13:48:21.432, 7, 26, 75476, 97887
2026/07/08 13:48:22.447, 0, 0, 48704, 97887
2026/07/08 13:48:22.468, 1, 0, 48104, 97887
2026/07/08 13:48:22.490, 2, 0, 48104, 97887
2026/07/08 13:48:22.510, 3, 0, 48104, 97887
2026/07/08 13:48:22.524, 4, 95, 75530, 97887
2026/07/08 13:48:22.531, 5, 59, 75530, 97887
2026/07/08 13:48:22.542, 6, 92, 75476, 97887
2026/07/08 13:48:22.556, 7, 23, 75476, 97887
2026/07/08 13:48:23.566, 0, 0, 48704, 97887
2026/07/08 13:48:23.583, 1, 0, 48104, 97887
2026/07/08 13:48:23.599, 2, 0, 48104, 97887
2026/07/08 13:48:23.615, 3, 0, 48104, 97887
2026/07/08 13:48:23.631, 4, 32, 75530, 97887
2026/07/08 13:48:23.647, 5, 83, 75530, 97887
2026/07/08 13:48:23.662, 6, 93, 75476, 97887
2026/07/08 13:48:23.679, 7, 24, 75476, 97887
2026/07/08 13:48:24.697, 0, 0, 48704, 97887
2026/07/08 13:48:24.712, 1, 0, 48104, 97887
2026/07/08 13:48:24.728, 2, 0, 48104, 97887
2026/07/08 13:48:24.744, 3, 0, 48104, 97887
2026/07/08 13:48:24.761, 4, 44, 75530, 97887
2026/07/08 13:48:24.779, 5, 59, 75530, 97887
2026/07/08 13:48:24.798, 6, 94, 75476, 97887
2026/07/08 13:48:24.817, 7, 26, 75476, 97887
2026/07/08 13:48:25.835, 0, 0, 48704, 97887
2026/07/08 13:48:25.853, 1, 0, 48104, 97887
2026/07/08 13:48:25.867, 2, 0, 48104, 97887
2026/07/08 13:48:25.882, 3, 0, 48104, 97887
2026/07/08 13:48:25.899, 4, 45, 75530, 97887
2026/07/08 13:48:25.912, 5, 82, 75530, 97887
2026/07/08 13:48:25.923, 6, 95, 75476, 97887
2026/07/08 13:48:25.932, 7, 28, 75476, 97887
2026/07/08 13:48:26.948, 0, 0, 48704, 97887
2026/07/08 13:48:26.966, 1, 0, 48104, 97887
2026/07/08 13:48:26.986, 2, 0, 48104, 97887
2026/07/08 13:48:26.998, 3, 0, 48104, 97887
2026/07/08 13:48:27.020, 4, 31, 75530, 97887
2026/07/08 13:48:27.033, 5, 90, 75530, 97887
2026/07/08 13:48:27.052, 6, 93, 75476, 97887
2026/07/08 13:48:27.067, 7, 22, 75476, 97887
2026/07/08 13:48:28.082, 0, 0, 48704, 97887
2026/07/08 13:48:28.100, 1, 0, 48104, 97887
2026/07/08 13:48:28.120, 2, 0, 48104, 97887
2026/07/08 13:48:28.139, 3, 0, 48104, 97887
2026/07/08 13:48:28.158, 4, 90, 75530, 97887
2026/07/08 13:48:28.176, 5, 26, 75530, 97887
2026/07/08 13:48:28.191, 6, 87, 75476, 97887
2026/07/08 13:48:28.204, 7, 24, 75476, 97887
2026/07/08 13:48:29.220, 0, 0, 48704, 97887
2026/07/08 13:48:29.241, 1, 0, 48104, 97887
2026/07/08 13:48:29.261, 2, 0, 48104, 97887
2026/07/08 13:48:29.281, 3, 0, 48104, 97887
2026/07/08 13:48:29.300, 4, 93, 75530, 97887
2026/07/08 13:48:29.317, 5, 30, 75530, 97887
2026/07/08 13:48:29.333, 6, 95, 75476, 97887
2026/07/08 13:48:29.350, 7, 24, 75476, 97887
2026/07/08 13:48:30.368, 0, 0, 48704, 97887
2026/07/08 13:48:30.384, 1, 0, 48104, 97887
2026/07/08 13:48:30.399, 2, 0, 48104, 97887
2026/07/08 13:48:30.418, 3, 0, 48104, 97887
2026/07/08 13:48:30.439, 4, 91, 75530, 97887
2026/07/08 13:48:30.452, 5, 31, 75530, 97887
2026/07/08 13:48:30.469, 6, 95, 75476, 97887
2026/07/08 13:48:30.487, 7, 32, 75476, 97887
2026/07/08 13:48:31.505, 0, 0, 48704, 97887
2026/07/08 13:48:31.524, 1, 0, 48104, 97887
2026/07/08 13:48:31.542, 2, 0, 48104, 97887
2026/07/08 13:48:31.561, 3, 0, 48104, 97887
2026/07/08 13:48:31.578, 4, 96, 75530, 97887
2026/07/08 13:48:31.594, 5, 31, 75530, 97887
2026/07/08 13:48:31.610, 6, 94, 75476, 97887
2026/07/08 13:48:31.628, 7, 31, 75476, 97887
2026/07/08 13:48:32.647, 0, 0, 48704, 97887
2026/07/08 13:48:32.666, 1, 0, 48104, 97887
2026/07/08 13:48:32.681, 2, 0, 48104, 97887
2026/07/08 13:48:32.695, 3, 0, 48104, 97887
2026/07/08 13:48:32.710, 4, 91, 75530, 97887
2026/07/08 13:48:32.724, 5, 26, 75530, 97887
2026/07/08 13:48:32.741, 6, 89, 75476, 97887
2026/07/08 13:48:32.757, 7, 33, 75476, 97887
2026/07/08 13:48:33.774, 0, 0, 48704, 97887
2026/07/08 13:48:33.788, 1, 0, 48104, 97887
2026/07/08 13:48:33.808, 2, 0, 48104, 97887
2026/07/08 13:48:33.827, 3, 0, 48104, 97887
2026/07/08 13:48:33.847, 4, 85, 75530, 97887
2026/07/08 13:48:33.863, 5, 35, 75530, 97887
2026/07/08 13:48:33.880, 6, 93, 75476, 97887
2026/07/08 13:48:33.899, 7, 25, 75476, 97887
2026/07/08 13:48:34.917, 0, 0, 48704, 97887
2026/07/08 13:48:34.933, 1, 0, 48104, 97887
2026/07/08 13:48:34.947, 2, 0, 48104, 97887
2026/07/08 13:48:34.961, 3, 0, 48104, 97887
2026/07/08 13:48:34.980, 4, 89, 75530, 97887
2026/07/08 13:48:34.996, 5, 32, 75530, 97887
2026/07/08 13:48:35.014, 6, 95, 75476, 97887
2026/07/08 13:48:35.031, 7, 35, 75476, 97887
2026/07/08 13:48:36.044, 0, 0, 48704, 97887
2026/07/08 13:48:36.061, 1, 0, 48104, 97887
2026/07/08 13:48:36.078, 2, 0, 48104, 97887
2026/07/08 13:48:36.095, 3, 0, 48104, 97887
2026/07/08 13:48:36.113, 4, 94, 75530, 97887
2026/07/08 13:48:36.134, 5, 37, 75530, 97887
2026/07/08 13:48:36.155, 6, 95, 75476, 97887
2026/07/08 13:48:36.175, 7, 28, 75476, 97887
2026/07/08 13:48:37.195, 0, 0, 48704, 97887
2026/07/08 13:48:37.214, 1, 0, 48104, 97887
2026/07/08 13:48:37.233, 2, 0, 48104, 97887
2026/07/08 13:48:37.252, 3, 0, 48104, 97887
2026/07/08 13:48:37.269, 4, 95, 75530, 97887
2026/07/08 13:48:37.289, 5, 29, 75530, 97887
2026/07/08 13:48:37.305, 6, 95, 75476, 97887
2026/07/08 13:48:37.323, 7, 33, 75476, 97887
2026/07/08 13:48:38.343, 0, 0, 48704, 97887
2026/07/08 13:48:38.362, 1, 0, 48104, 97887
2026/07/08 13:48:38.382, 2, 0, 48104, 97887
2026/07/08 13:48:38.400, 3, 0, 48104, 97887
2026/07/08 13:48:38.419, 4, 92, 75530, 97887
2026/07/08 13:48:38.436, 5, 31, 75530, 97887
2026/07/08 13:48:38.452, 6, 92, 75476, 97887
2026/07/08 13:48:38.472, 7, 25, 75476, 97887
2026/07/08 13:48:39.492, 0, 0, 48704, 97887
2026/07/08 13:48:39.511, 1, 0, 48104, 97887
2026/07/08 13:48:39.528, 2, 0, 48104, 97887
2026/07/08 13:48:39.546, 3, 0, 48104, 97887
2026/07/08 13:48:39.564, 4, 95, 75530, 97887
2026/07/08 13:48:39.584, 5, 32, 75530, 97887
2026/07/08 13:48:39.600, 6, 94, 75476, 97887
2026/07/08 13:48:39.616, 7, 25, 75476, 97887
2026/07/08 13:48:40.633, 0, 0, 48704, 97887
2026/07/08 13:48:40.645, 1, 0, 48104, 97887
2026/07/08 13:48:40.658, 2, 0, 48104, 97887
2026/07/08 13:48:40.674, 3, 0, 48104, 97887
2026/07/08 13:48:40.687, 4, 87, 75530, 97887
2026/07/08 13:48:40.702, 5, 34, 75530, 97887
2026/07/08 13:48:40.721, 6, 93, 75476, 97887
2026/07/08 13:48:40.742, 7, 24, 75476, 97887
2026/07/08 13:48:41.761, 0, 0, 48704, 97887
2026/07/08 13:48:41.781, 1, 0, 48104, 97887
2026/07/08 13:48:41.799, 2, 0, 48104, 97887
2026/07/08 13:48:41.817, 3, 0, 48104, 97887
2026/07/08 13:48:41.832, 4, 53, 75530, 97887
2026/07/08 13:48:41.848, 5, 61, 75530, 97887
2026/07/08 13:48:41.865, 6, 92, 75476, 97887
2026/07/08 13:48:41.884, 7, 25, 75476, 97887
2026/07/08 13:48:42.903, 0, 0, 48704, 97887
2026/07/08 13:48:42.919, 1, 0, 48104, 97887
2026/07/08 13:48:42.935, 2, 0, 48104, 97887
2026/07/08 13:48:42.953, 3, 0, 48104, 97887
2026/07/08 13:48:42.968, 4, 54, 75530, 97887
2026/07/08 13:48:42.983, 5, 71, 75530, 97887
2026/07/08 13:48:43.001, 6, 92, 75476, 97887
2026/07/08 13:48:43.018, 7, 24, 75476, 97887
2026/07/08 13:48:44.038, 0, 0, 48704, 97887
2026/07/08 13:48:44.055, 1, 0, 48104, 97887
2026/07/08 13:48:44.064, 2, 0, 48104, 97887
2026/07/08 13:48:44.075, 3, 0, 48104, 97887
2026/07/08 13:48:44.092, 4, 93, 75530, 97887
2026/07/08 13:48:44.108, 5, 34, 75530, 97887
2026/07/08 13:48:44.124, 6, 95, 75476, 97887
2026/07/08 13:48:44.138, 7, 31, 75476, 97887
2026/07/08 13:48:45.155, 0, 0, 48704, 97887
2026/07/08 13:48:45.172, 1, 0, 48104, 97887
2026/07/08 13:48:45.186, 2, 0, 48104, 97887
2026/07/08 13:48:45.200, 3, 0, 48104, 97887
2026/07/08 13:48:45.212, 4, 92, 75530, 97887
2026/07/08 13:48:45.228, 5, 25, 75530, 97887
2026/07/08 13:48:45.245, 6, 95, 75476, 97887
2026/07/08 13:48:45.263, 7, 79, 75476, 97887
2026/07/08 13:48:46.279, 0, 0, 48704, 97887
2026/07/08 13:48:46.293, 1, 0, 48104, 97887
2026/07/08 13:48:46.306, 2, 0, 48104, 97887
2026/07/08 13:48:46.318, 3, 0, 48104, 97887
2026/07/08 13:48:46.333, 4, 76, 75530, 97887
2026/07/08 13:48:46.349, 5, 32, 75530, 97887
2026/07/08 13:48:46.363, 6, 91, 75476, 97887
2026/07/08 13:48:46.376, 7, 33, 75476, 97887
2026/07/08 13:48:47.392, 0, 0, 48704, 97887
2026/07/08 13:48:47.409, 1, 0, 48104, 97887
2026/07/08 13:48:47.424, 2, 0, 48104, 97887
2026/07/08 13:48:47.441, 3, 0, 48104, 97887
2026/07/08 13:48:47.460, 4, 68, 75530, 97887
2026/07/08 13:48:47.479, 5, 37, 75530, 97887
2026/07/08 13:48:47.495, 6, 92, 75476, 97887
2026/07/08 13:48:47.512, 7, 29, 75476, 97887
2026/07/08 13:48:48.528, 0, 0, 48704, 97887
2026/07/08 13:48:48.546, 1, 0, 48104, 97887
2026/07/08 13:48:48.564, 2, 0, 48104, 97887
2026/07/08 13:48:48.584, 3, 0, 48104, 97887
2026/07/08 13:48:48.602, 4, 52, 75530, 97887
2026/07/08 13:48:48.621, 5, 34, 75530, 97887
2026/07/08 13:48:48.638, 6, 93, 75476, 97887
2026/07/08 13:48:48.655, 7, 24, 75476, 97887
2026/07/08 13:48:49.674, 0, 0, 48704, 97887
2026/07/08 13:48:49.693, 1, 0, 48104, 97887
2026/07/08 13:48:49.711, 2, 0, 48104, 97887
2026/07/08 13:48:49.727, 3, 0, 48104, 97887
2026/07/08 13:48:49.751, 4, 65, 75530, 97887
2026/07/08 13:48:49.767, 5, 55, 75530, 97887
2026/07/08 13:48:49.783, 6, 94, 75476, 97887
2026/07/08 13:48:49.799, 7, 24, 75476, 97887
2026/07/08 13:48:50.813, 0, 0, 48704, 97887
2026/07/08 13:48:50.830, 1, 0, 48104, 97887
2026/07/08 13:48:50.846, 2, 0, 48104, 97887
2026/07/08 13:48:50.856, 3, 0, 48104, 97887
2026/07/08 13:48:50.867, 4, 76, 75530, 97887
2026/07/08 13:48:50.878, 5, 45, 75530, 97887
2026/07/08 13:48:50.890, 6, 91, 75476, 97887
2026/07/08 13:48:50.908, 7, 24, 75476, 97887
2026/07/08 13:48:51.925, 0, 0, 48704, 97887
2026/07/08 13:48:51.945, 1, 0, 48104, 97887
2026/07/08 13:48:51.961, 2, 0, 48104, 97887
2026/07/08 13:48:51.978, 3, 0, 48104, 97887
2026/07/08 13:48:51.993, 4, 46, 75530, 97887
2026/07/08 13:48:52.007, 5, 47, 75530, 97887
2026/07/08 13:48:52.020, 6, 94, 75476, 97887
2026/07/08 13:48:52.030, 7, 23, 75476, 97887
2026/07/08 13:48:53.043, 0, 0, 48704, 97887
2026/07/08 13:48:53.064, 1, 0, 48104, 97887
2026/07/08 13:48:53.084, 2, 0, 48104, 97887
2026/07/08 13:48:53.106, 3, 0, 48104, 97887
2026/07/08 13:48:53.127, 4, 79, 75530, 97887
2026/07/08 13:48:53.148, 5, 48, 75530, 97887
2026/07/08 13:48:53.168, 6, 94, 75476, 97887
2026/07/08 13:48:53.189, 7, 26, 75476, 97887
2026/07/08 13:48:54.210, 0, 0, 48704, 97887
2026/07/08 13:48:54.225, 1, 0, 48104, 97887
2026/07/08 13:48:54.262, 2, 0, 48104, 97887
2026/07/08 13:48:54.277, 3, 0, 48104, 97887
2026/07/08 13:48:54.292, 4, 92, 75530, 97887
2026/07/08 13:48:54.307, 5, 33, 75530, 97887
2026/07/08 13:48:54.329, 6, 93, 75476, 97887
2026/07/08 13:48:54.349, 7, 35, 75476, 97887
2026/07/08 13:48:55.364, 0, 0, 48704, 97887
2026/07/08 13:48:55.384, 1, 0, 48104, 97887
2026/07/08 13:48:55.403, 2, 0, 48104, 97887
2026/07/08 13:48:55.421, 3, 0, 48104, 97887
2026/07/08 13:48:55.437, 4, 92, 75530, 97887
2026/07/08 13:48:55.457, 5, 29, 75530, 97887
2026/07/08 13:48:55.475, 6, 94, 75476, 97887
2026/07/08 13:48:55.495, 7, 31, 75476, 97887
2026/07/08 13:48:56.513, 0, 0, 48704, 97887
2026/07/08 13:48:56.530, 1, 0, 48104, 97887
2026/07/08 13:48:56.550, 2, 0, 48104, 97887
2026/07/08 13:48:56.568, 3, 0, 48104, 97887
2026/07/08 13:48:56.586, 4, 63, 75530, 97887
2026/07/08 13:48:56.602, 5, 53, 75530, 97887
2026/07/08 13:48:56.613, 6, 93, 75476, 97887
2026/07/08 13:48:56.627, 7, 30, 75476, 97887
2026/07/08 13:48:57.644, 0, 0, 48704, 97887
2026/07/08 13:48:57.665, 1, 0, 48104, 97887
2026/07/08 13:48:57.686, 2, 0, 48104, 97887
2026/07/08 13:48:57.704, 3, 0, 48104, 97887
2026/07/08 13:48:57.721, 4, 93, 75530, 97887
2026/07/08 13:48:57.738, 5, 26, 75530, 97887
2026/07/08 13:48:57.751, 6, 90, 75476, 97887
2026/07/08 13:48:57.766, 7, 24, 75476, 97887
2026/07/08 13:48:58.778, 0, 0, 48704, 97887
2026/07/08 13:48:58.795, 1, 0, 48104, 97887
2026/07/08 13:48:58.812, 2, 0, 48104, 97887
2026/07/08 13:48:58.829, 3, 0, 48104, 97887
2026/07/08 13:48:58.843, 4, 80, 75530, 97887
2026/07/08 13:48:58.857, 5, 37, 75530, 97887
2026/07/08 13:48:58.874, 6, 95, 75476, 97887
2026/07/08 13:48:58.889, 7, 32, 75476, 97887
2026/07/08 13:48:59.907, 0, 0, 48704, 97887
2026/07/08 13:48:59.926, 1, 0, 48104, 97887
2026/07/08 13:48:59.943, 2, 0, 48104, 97887
2026/07/08 13:48:59.965, 3, 0, 48104, 97887
2026/07/08 13:48:59.982, 4, 68, 75530, 97887
2026/07/08 13:49:00.001, 5, 51, 75530, 97887
2026/07/08 13:49:00.015, 6, 92, 75476, 97887
2026/07/08 13:49:00.026, 7, 33, 75476, 97887
2026/07/08 13:49:01.044, 0, 0, 48704, 97887
2026/07/08 13:49:01.060, 1, 0, 48104, 97887
2026/07/08 13:49:01.075, 2, 0, 48104, 97887
2026/07/08 13:49:01.088, 3, 0, 48104, 97887
2026/07/08 13:49:01.103, 4, 88, 75530, 97887
2026/07/08 13:49:01.117, 5, 25, 75530, 97887
2026/07/08 13:49:01.133, 6, 92, 75476, 97887
2026/07/08 13:49:01.146, 7, 24, 75476, 97887
2026/07/08 13:49:02.162, 0, 0, 48704, 97887
2026/07/08 13:49:02.183, 1, 0, 48104, 97887
2026/07/08 13:49:02.201, 2, 0, 48104, 97887
2026/07/08 13:49:02.219, 3, 0, 48104, 97887
2026/07/08 13:49:02.240, 4, 32, 75530, 97887
2026/07/08 13:49:02.261, 5, 67, 75530, 97887
2026/07/08 13:49:02.282, 6, 95, 75476, 97887
2026/07/08 13:49:02.298, 7, 33, 75476, 97887
2026/07/08 13:49:03.314, 0, 0, 48704, 97887
2026/07/08 13:49:03.331, 1, 0, 48104, 97887
2026/07/08 13:49:03.348, 2, 0, 48104, 97887
2026/07/08 13:49:03.364, 3, 0, 48104, 97887
2026/07/08 13:49:03.380, 4, 31, 75530, 97887
2026/07/08 13:49:03.400, 5, 66, 75530, 97887
2026/07/08 13:49:03.420, 6, 95, 75476, 97887
2026/07/08 13:49:03.437, 7, 30, 75476, 97887
2026/07/08 13:49:04.453, 0, 0, 48704, 97887
2026/07/08 13:49:04.472, 1, 0, 48104, 97887
2026/07/08 13:49:04.491, 2, 0, 48104, 97887
2026/07/08 13:49:04.509, 3, 0, 48104, 97887
2026/07/08 13:49:04.527, 4, 48, 75530, 97887
2026/07/08 13:49:04.546, 5, 35, 75530, 97887
2026/07/08 13:49:04.567, 6, 95, 75476, 97887
2026/07/08 13:49:04.586, 7, 24, 75476, 97887
2026/07/08 13:49:05.607, 0, 0, 48704, 97887
2026/07/08 13:49:05.626, 1, 0, 48104, 97887
2026/07/08 13:49:05.641, 2, 0, 48104, 97887
2026/07/08 13:49:05.658, 3, 0, 48104, 97887
2026/07/08 13:49:05.673, 4, 49, 75530, 97887
2026/07/08 13:49:05.691, 5, 45, 75530, 97887
2026/07/08 13:49:05.705, 6, 94, 75476, 97887
2026/07/08 13:49:05.720, 7, 25, 75476, 97887
2026/07/08 13:49:06.732, 0, 0, 48704, 97887
2026/07/08 13:49:06.751, 1, 0, 48104, 97887
2026/07/08 13:49:06.768, 2, 0, 48104, 97887
2026/07/08 13:49:06.788, 3, 0, 48104, 97887
2026/07/08 13:49:06.805, 4, 68, 75530, 97887
2026/07/08 13:49:06.822, 5, 38, 75530, 97887
2026/07/08 13:49:06.840, 6, 91, 75476, 97887
2026/07/08 13:49:06.857, 7, 27, 75476, 97887
2026/07/08 13:49:07.874, 0, 0, 48704, 97887
2026/07/08 13:49:07.893, 1, 0, 48104, 97887
2026/07/08 13:49:07.909, 2, 0, 48104, 97887
2026/07/08 13:49:07.927, 3, 0, 48104, 97887
2026/07/08 13:49:07.943, 4, 33, 75530, 97887
2026/07/08 13:49:07.961, 5, 88, 75530, 97887
2026/07/08 13:49:07.979, 6, 92, 75476, 97887
2026/07/08 13:49:07.995, 7, 36, 75476, 97887
2026/07/08 13:49:09.012, 0, 0, 48704, 97887
2026/07/08 13:49:09.031, 1, 0, 48104, 97887
2026/07/08 13:49:09.049, 2, 0, 48104, 97887
2026/07/08 13:49:09.067, 3, 0, 48104, 97887
2026/07/08 13:49:09.084, 4, 45, 75530, 97887
2026/07/08 13:49:09.099, 5, 58, 75530, 97887
2026/07/08 13:49:09.116, 6, 94, 75476, 97887
2026/07/08 13:49:09.133, 7, 35, 75476, 97887
2026/07/08 13:49:10.151, 0, 0, 48704, 97887
2026/07/08 13:49:10.171, 1, 0, 48104, 97887
2026/07/08 13:49:10.187, 2, 0, 48104, 97887
2026/07/08 13:49:10.202, 3, 0, 48104, 97887
2026/07/08 13:49:10.215, 4, 26, 75530, 97887
2026/07/08 13:49:10.229, 5, 87, 75530, 97887
2026/07/08 13:49:10.245, 6, 94, 75476, 97887
2026/07/08 13:49:10.260, 7, 25, 75476, 97887
2026/07/08 13:49:11.275, 0, 0, 48704, 97887
2026/07/08 13:49:11.291, 1, 0, 48104, 97887
2026/07/08 13:49:11.302, 2, 0, 48104, 97887
2026/07/08 13:49:11.317, 3, 0, 48104, 97887
2026/07/08 13:49:11.329, 4, 33, 75530, 97887
2026/07/08 13:49:11.344, 5, 52, 75530, 97887
2026/07/08 13:49:11.362, 6, 93, 75476, 97887
2026/07/08 13:49:11.380, 7, 30, 75476, 97887
2026/07/08 13:49:12.396, 0, 0, 48704, 97887
2026/07/08 13:49:12.419, 1, 0, 48104, 97887
2026/07/08 13:49:12.436, 2, 0, 48104, 97887
2026/07/08 13:49:12.453, 3, 0, 48104, 97887
2026/07/08 13:49:12.468, 4, 67, 75532, 97887
2026/07/08 13:49:12.481, 5, 42, 75532, 97887
2026/07/08 13:49:12.495, 6, 93, 75476, 97887
2026/07/08 13:49:12.510, 7, 24, 75476, 97887
2026/07/08 13:49:13.518, 0, 0, 48704, 97887
2026/07/08 13:49:13.538, 1, 0, 48104, 97887
2026/07/08 13:49:13.556, 2, 0, 48104, 97887
2026/07/08 13:49:13.574, 3, 0, 48104, 97887
2026/07/08 13:49:13.593, 4, 63, 75532, 97887
2026/07/08 13:49:13.609, 5, 30, 75532, 97887
2026/07/08 13:49:13.626, 6, 91, 75478, 97887
2026/07/08 13:49:13.644, 7, 25, 75478, 97887
2026/07/08 13:49:14.662, 0, 0, 48704, 97887
2026/07/08 13:49:14.678, 1, 0, 48104, 97887
2026/07/08 13:49:14.692, 2, 0, 48104, 97887
2026/07/08 13:49:14.709, 3, 0, 48104, 97887
2026/07/08 13:49:14.725, 4, 82, 75532, 97887
2026/07/08 13:49:14.743, 5, 29, 75532, 97887
2026/07/08 13:49:14.760, 6, 88, 75478, 97887
2026/07/08 13:49:14.779, 7, 40, 75478, 97887
2026/07/08 13:49:15.795, 0, 0, 48704, 97887
2026/07/08 13:49:15.815, 1, 0, 48104, 97887
2026/07/08 13:49:15.829, 2, 0, 48104, 97887
2026/07/08 13:49:15.844, 3, 0, 48104, 97887
2026/07/08 13:49:15.859, 4, 64, 75532, 97887
2026/07/08 13:49:15.874, 5, 37, 75532, 97887
2026/07/08 13:49:15.890, 6, 93, 75478, 97887
2026/07/08 13:49:15.904, 7, 26, 75478, 97887
2026/07/08 13:49:16.917, 0, 0, 48704, 97887
2026/07/08 13:49:16.939, 1, 0, 48104, 97887
2026/07/08 13:49:16.957, 2, 0, 48104, 97887
2026/07/08 13:49:16.974, 3, 0, 48104, 97887
2026/07/08 13:49:16.992, 4, 83, 75532, 97887
2026/07/08 13:49:17.012, 5, 26, 75532, 97887
2026/07/08 13:49:17.029, 6, 93, 75478, 97887
2026/07/08 13:49:17.047, 7, 26, 75478, 97887
2026/07/08 13:49:18.069, 0, 0, 48704, 97887
2026/07/08 13:49:18.083, 1, 0, 48104, 97887
2026/07/08 13:49:18.101, 2, 0, 48104, 97887
2026/07/08 13:49:18.117, 3, 0, 48104, 97887
2026/07/08 13:49:18.133, 4, 76, 75532, 97887
2026/07/08 13:49:18.151, 5, 45, 75532, 97887
2026/07/08 13:49:18.167, 6, 94, 75478, 97887
2026/07/08 13:49:18.185, 7, 26, 75478, 97887
2026/07/08 13:49:19.203, 0, 0, 48704, 97887
2026/07/08 13:49:19.222, 1, 0, 48104, 97887
2026/07/08 13:49:19.243, 2, 0, 48104, 97887
2026/07/08 13:49:19.259, 3, 0, 48104, 97887
2026/07/08 13:49:19.274, 4, 46, 75532, 97887
2026/07/08 13:49:19.290, 5, 55, 75532, 97887
2026/07/08 13:49:19.307, 6, 93, 75478, 97887
2026/07/08 13:49:19.325, 7, 28, 75478, 97887
2026/07/08 13:49:20.345, 0, 0, 48704, 97887
2026/07/08 13:49:20.362, 1, 0, 48104, 97887
2026/07/08 13:49:20.378, 2, 0, 48104, 97887
2026/07/08 13:49:20.391, 3, 0, 48104, 97887
2026/07/08 13:49:20.410, 4, 46, 75532, 97887
2026/07/08 13:49:20.428, 5, 64, 75532, 97887
2026/07/08 13:49:20.450, 6, 94, 75478, 97887
2026/07/08 13:49:20.468, 7, 31, 75478, 97887
2026/07/08 13:49:21.480, 0, 0, 48704, 97887
2026/07/08 13:49:21.500, 1, 0, 48104, 97887
2026/07/08 13:49:21.517, 2, 0, 48104, 97887
2026/07/08 13:49:21.532, 3, 0, 48104, 97887
2026/07/08 13:49:21.572, 4, 63, 75532, 97887
2026/07/08 13:49:21.590, 5, 51, 75532, 97887
2026/07/08 13:49:21.612, 6, 93, 75478, 97887
2026/07/08 13:49:21.634, 7, 26, 75478, 97887
2026/07/08 13:49:22.652, 0, 0, 48704, 97887
2026/07/08 13:49:22.667, 1, 0, 48104, 97887
2026/07/08 13:49:22.682, 2, 0, 48104, 97887
2026/07/08 13:49:22.696, 3, 0, 48104, 97887
2026/07/08 13:49:22.707, 4, 44, 75532, 97887
2026/07/08 13:49:22.721, 5, 36, 75532, 97887
2026/07/08 13:49:22.738, 6, 93, 75478, 97887
2026/07/08 13:49:22.753, 7, 25, 75478, 97887
2026/07/08 13:49:23.769, 0, 0, 48704, 97887
2026/07/08 13:49:23.787, 1, 0, 48104, 97887
2026/07/08 13:49:23.802, 2, 0, 48104, 97887
2026/07/08 13:49:23.818, 3, 0, 48104, 97887
2026/07/08 13:49:23.833, 4, 23, 75532, 97887
2026/07/08 13:49:23.847, 5, 16, 75532, 97887
2026/07/08 13:49:23.859, 6, 92, 75478, 97887
2026/07/08 13:49:23.873, 7, 26, 75478, 97887
2026/07/08 13:49:24.890, 0, 0, 48704, 97887
2026/07/08 13:49:24.907, 1, 0, 48104, 97887
2026/07/08 13:49:24.923, 2, 0, 48104, 97887
2026/07/08 13:49:24.938, 3, 0, 48104, 97887
2026/07/08 13:49:24.952, 4, 50, 75532, 97887
2026/07/08 13:49:24.967, 5, 44, 75532, 97887
2026/07/08 13:49:24.985, 6, 91, 75478, 97887
2026/07/08 13:49:25.003, 7, 26, 75478, 97887
2026/07/08 13:49:26.029, 0, 0, 48704, 97887
2026/07/08 13:49:26.045, 1, 0, 48104, 97887
2026/07/08 13:49:26.059, 2, 0, 48104, 97887
2026/07/08 13:49:26.075, 3, 0, 48104, 97887
2026/07/08 13:49:26.091, 4, 96, 75532, 97887
2026/07/08 13:49:26.105, 5, 36, 75532, 97887
2026/07/08 13:49:26.118, 6, 93, 75478, 97887
2026/07/08 13:49:26.130, 7, 28, 75478, 97887
2026/07/08 13:49:27.144, 0, 0, 48704, 97887
2026/07/08 13:49:27.157, 1, 0, 48104, 97887
2026/07/08 13:49:27.172, 2, 0, 48104, 97887
2026/07/08 13:49:27.192, 3, 0, 48104, 97887
2026/07/08 13:49:27.215, 4, 35, 75532, 97887
2026/07/08 13:49:27.247, 5, 73, 75532, 97887
2026/07/08 13:49:27.264, 6, 87, 75478, 97887
2026/07/08 13:49:27.284, 7, 33, 75478, 97887
2026/07/08 13:49:28.305, 0, 0, 48704, 97887
2026/07/08 13:49:28.323, 1, 0, 48104, 97887
2026/07/08 13:49:28.340, 2, 0, 48104, 97887
2026/07/08 13:49:28.354, 3, 0, 48104, 97887
2026/07/08 13:49:28.370, 4, 8, 75532, 97887
2026/07/08 13:49:28.387, 5, 4, 75532, 97887
2026/07/08 13:49:28.404, 6, 94, 75478, 97887
2026/07/08 13:49:28.421, 7, 29, 75478, 97887
2026/07/08 13:49:29.439, 0, 0, 48704, 97887
2026/07/08 13:49:29.457, 1, 0, 48104, 97887
2026/07/08 13:49:29.472, 2, 0, 48104, 97887
2026/07/08 13:49:29.486, 3, 0, 48104, 97887
2026/07/08 13:49:29.501, 4, 41, 75532, 97887
2026/07/08 13:49:29.517, 5, 61, 75532, 97887
2026/07/08 13:49:29.533, 6, 93, 75478, 97887
2026/07/08 13:49:29.548, 7, 25, 75478, 97887
2026/07/08 13:49:30.563, 0, 0, 48704, 97887
2026/07/08 13:49:30.585, 1, 0, 48104, 97887
2026/07/08 13:49:30.604, 2, 0, 48104, 97887
2026/07/08 13:49:30.621, 3, 0, 48104, 97887
2026/07/08 13:49:30.636, 4, 88, 75532, 97887
2026/07/08 13:49:30.652, 5, 40, 75532, 97887
2026/07/08 13:49:30.670, 6, 94, 75478, 97887
2026/07/08 13:49:30.686, 7, 30, 75478, 97887
2026/07/08 13:49:31.703, 0, 0, 48704, 97887
2026/07/08 13:49:31.720, 1, 0, 48104, 97887
2026/07/08 13:49:31.740, 2, 0, 48104, 97887
2026/07/08 13:49:31.755, 3, 0, 48104, 97887
2026/07/08 13:49:31.769, 4, 37, 75532, 97887
2026/07/08 13:49:31.787, 5, 84, 75532, 97887
2026/07/08 13:49:31.805, 6, 93, 75478, 97887
2026/07/08 13:49:31.822, 7, 25, 75478, 97887
2026/07/08 13:49:32.835, 0, 0, 48704, 97887
2026/07/08 13:49:32.853, 1, 0, 48104, 97887
2026/07/08 13:49:32.867, 2, 0, 48104, 97887
2026/07/08 13:49:32.882, 3, 0, 48104, 97887
2026/07/08 13:49:32.905, 4, 31, 75532, 97887
2026/07/08 13:49:32.924, 5, 93, 75532, 97887
2026/07/08 13:49:32.941, 6, 90, 75478, 97887
2026/07/08 13:49:32.956, 7, 27, 75478, 97887
2026/07/08 13:49:33.971, 0, 0, 48704, 97887
2026/07/08 13:49:33.989, 1, 0, 48104, 97887
2026/07/08 13:49:34.007, 2, 0, 48104, 97887
2026/07/08 13:49:34.021, 3, 0, 48104, 97887
2026/07/08 13:49:34.035, 4, 54, 75532, 97887
2026/07/08 13:49:34.051, 5, 34, 75532, 97887
2026/07/08 13:49:34.064, 6, 92, 75478, 97887
2026/07/08 13:49:34.076, 7, 26, 75478, 97887
2026/07/08 13:49:35.087, 0, 0, 48704, 97887
2026/07/08 13:49:35.102, 1, 0, 48104, 97887
2026/07/08 13:49:35.120, 2, 0, 48104, 97887
2026/07/08 13:49:35.138, 3, 0, 48104, 97887
2026/07/08 13:49:35.158, 4, 30, 75532, 97887
2026/07/08 13:49:35.176, 5, 85, 75532, 97887
2026/07/08 13:49:35.193, 6, 91, 75478, 97887
2026/07/08 13:49:35.215, 7, 26, 75478, 97887
2026/07/08 13:49:36.233, 0, 0, 48704, 97887
2026/07/08 13:49:36.251, 1, 0, 48104, 97887
2026/07/08 13:49:36.266, 2, 0, 48104, 97887
2026/07/08 13:49:36.281, 3, 0, 48104, 97887
2026/07/08 13:49:36.294, 4, 41, 75532, 97887
2026/07/08 13:49:36.308, 5, 56, 75532, 97887
2026/07/08 13:49:36.325, 6, 92, 75478, 97887
2026/07/08 13:49:36.338, 7, 26, 75478, 97887
2026/07/08 13:49:37.354, 0, 0, 48704, 97887
2026/07/08 13:49:37.370, 1, 0, 48104, 97887
2026/07/08 13:49:37.385, 2, 0, 48104, 97887
2026/07/08 13:49:37.402, 3, 0, 48104, 97887
2026/07/08 13:49:37.417, 4, 93, 75532, 97887
2026/07/08 13:49:37.433, 5, 34, 75532, 97887
2026/07/08 13:49:37.451, 6, 88, 75478, 97887
2026/07/08 13:49:37.466, 7, 32, 75478, 97887
2026/07/08 13:49:38.483, 0, 0, 48704, 97887
2026/07/08 13:49:38.500, 1, 0, 48104, 97887
2026/07/08 13:49:38.514, 2, 0, 48104, 97887
2026/07/08 13:49:38.528, 3, 0, 48104, 97887
2026/07/08 13:49:38.544, 4, 88, 75532, 97887
2026/07/08 13:49:38.559, 5, 26, 75532, 97887
2026/07/08 13:49:38.572, 6, 95, 75478, 97887
2026/07/08 13:49:38.589, 7, 26, 75478, 97887
2026/07/08 13:49:39.603, 0, 0, 48704, 97887
2026/07/08 13:49:39.621, 1, 0, 48104, 97887
2026/07/08 13:49:39.637, 2, 0, 48104, 97887
2026/07/08 13:49:39.652, 3, 0, 48104, 97887
2026/07/08 13:49:39.669, 4, 91, 75532, 97887
2026/07/08 13:49:39.689, 5, 31, 75532, 97887
2026/07/08 13:49:39.708, 6, 88, 75478, 97887
2026/07/08 13:49:39.727, 7, 29, 75478, 97887
2026/07/08 13:49:40.744, 0, 0, 48704, 97887
2026/07/08 13:49:40.760, 1, 0, 48104, 97887
2026/07/08 13:49:40.774, 2, 0, 48104, 97887
2026/07/08 13:49:40.791, 3, 0, 48104, 97887
2026/07/08 13:49:40.809, 4, 91, 75532, 97887
2026/07/08 13:49:40.826, 5, 32, 75532, 97887
2026/07/08 13:49:40.847, 6, 92, 75478, 97887
2026/07/08 13:49:40.865, 7, 25, 75478, 97887
2026/07/08 13:49:41.881, 0, 0, 48704, 97887
2026/07/08 13:49:41.895, 1, 0, 48104, 97887
2026/07/08 13:49:41.909, 2, 0, 48104, 97887
2026/07/08 13:49:41.924, 3, 0, 48104, 97887
2026/07/08 13:49:41.938, 4, 68, 75532, 97887
2026/07/08 13:49:41.953, 5, 34, 75532, 97887
2026/07/08 13:49:41.967, 6, 91, 75478, 97887
2026/07/08 13:49:41.980, 7, 88, 75478, 97887
2026/07/08 13:49:42.994, 0, 0, 48704, 97887
2026/07/08 13:49:43.009, 1, 0, 48104, 97887
2026/07/08 13:49:43.023, 2, 0, 48104, 97887
2026/07/08 13:49:43.037, 3, 0, 48104, 97887
2026/07/08 13:49:43.054, 4, 82, 75532, 97887
2026/07/08 13:49:43.068, 5, 41, 75532, 97887
2026/07/08 13:49:43.081, 6, 100, 75478, 97887
2026/07/08 13:49:43.090, 7, 100, 75478, 97887
2026/07/08 13:49:44.107, 0, 0, 48704, 97887
2026/07/08 13:49:44.124, 1, 0, 48104, 97887
2026/07/08 13:49:44.134, 2, 0, 48104, 97887
2026/07/08 13:49:44.143, 3, 0, 48104, 97887
2026/07/08 13:49:44.155, 4, 85, 75532, 97887
2026/07/08 13:49:44.168, 5, 32, 75532, 97887
2026/07/08 13:49:44.184, 6, 88, 75522, 97887
2026/07/08 13:49:44.201, 7, 24, 75522, 97887
2026/07/08 13:49:45.216, 0, 0, 48704, 97887
2026/07/08 13:49:45.238, 1, 0, 48104, 97887
2026/07/08 13:49:45.254, 2, 0, 48104, 97887
2026/07/08 13:49:45.270, 3, 0, 48104, 97887
2026/07/08 13:49:45.283, 4, 81, 75532, 97887
2026/07/08 13:49:45.295, 5, 30, 75532, 97887
2026/07/08 13:49:45.309, 6, 91, 75522, 97887
2026/07/08 13:49:45.324, 7, 31, 75522, 97887
2026/07/08 13:49:46.338, 0, 0, 48704, 97887
2026/07/08 13:49:46.356, 1, 0, 48104, 97887
2026/07/08 13:49:46.373, 2, 0, 48104, 97887
2026/07/08 13:49:46.390, 3, 0, 48104, 97887
2026/07/08 13:49:46.409, 4, 75, 75532, 97887
2026/07/08 13:49:46.426, 5, 48, 75532, 97887
2026/07/08 13:49:46.443, 6, 97, 75522, 97887
2026/07/08 13:49:46.460, 7, 25, 75522, 97887
2026/07/08 13:49:47.475, 0, 0, 48704, 97887
2026/07/08 13:49:47.490, 1, 0, 48104, 97887
2026/07/08 13:49:47.505, 2, 0, 48104, 97887
2026/07/08 13:49:47.522, 3, 0, 48104, 97887
2026/07/08 13:49:47.538, 4, 43, 75532, 97887
2026/07/08 13:49:47.555, 5, 56, 75532, 97887
2026/07/08 13:49:47.569, 6, 93, 75522, 97887
2026/07/08 13:49:47.585, 7, 25, 75522, 97887
2026/07/08 13:49:48.598, 0, 0, 48704, 97887
2026/07/08 13:49:48.615, 1, 0, 48104, 97887
2026/07/08 13:49:48.630, 2, 0, 48104, 97887
2026/07/08 13:49:48.647, 3, 0, 48104, 97887
2026/07/08 13:49:48.665, 4, 56, 75532, 97887
2026/07/08 13:49:48.682, 5, 61, 75532, 97887
2026/07/08 13:49:48.698, 6, 77, 75522, 97887
2026/07/08 13:49:48.711, 7, 20, 75522, 97887
2026/07/08 13:49:49.728, 0, 0, 48704, 97887
2026/07/08 13:49:49.749, 1, 0, 48104, 97887
2026/07/08 13:49:49.766, 2, 0, 48104, 97887
2026/07/08 13:49:49.780, 3, 0, 48104, 97887
2026/07/08 13:49:49.795, 4, 41, 75532, 97887
2026/07/08 13:49:49.811, 5, 52, 75532, 97887
2026/07/08 13:49:49.828, 6, 94, 75522, 97887
2026/07/08 13:49:49.845, 7, 29, 75522, 97887
2026/07/08 13:49:50.861, 0, 0, 48704, 97887
2026/07/08 13:49:50.879, 1, 0, 48104, 97887
2026/07/08 13:49:50.895, 2, 0, 48104, 97887
2026/07/08 13:49:50.913, 3, 0, 48104, 97887
2026/07/08 13:49:50.928, 4, 59, 75532, 97887
2026/07/08 13:49:50.941, 5, 54, 75532, 97887
2026/07/08 13:49:50.954, 6, 100, 75522, 97887
2026/07/08 13:49:50.970, 7, 100, 75522, 97887
2026/07/08 13:49:51.989, 0, 0, 48704, 97887
2026/07/08 13:49:52.007, 1, 0, 48104, 97887
2026/07/08 13:49:52.020, 2, 0, 48104, 97887
2026/07/08 13:49:52.037, 3, 0, 48104, 97887
2026/07/08 13:49:52.052, 4, 45, 75532, 97887
2026/07/08 13:49:52.073, 5, 71, 75532, 97887
2026/07/08 13:49:52.092, 6, 91, 75522, 97887
2026/07/08 13:49:52.111, 7, 27, 75522, 97887
2026/07/08 13:49:53.132, 0, 0, 48704, 97887
2026/07/08 13:49:53.146, 1, 0, 48104, 97887
2026/07/08 13:49:53.161, 2, 0, 48104, 97887
2026/07/08 13:49:53.176, 3, 0, 48104, 97887
2026/07/08 13:49:53.193, 4, 82, 75532, 97887
2026/07/08 13:49:53.205, 5, 32, 75532, 97887
2026/07/08 13:49:53.223, 6, 90, 75522, 97887
2026/07/08 13:49:53.238, 7, 36, 75522, 97887
2026/07/08 13:49:54.253, 0, 0, 48704, 97887
2026/07/08 13:49:54.269, 1, 0, 48104, 97887
2026/07/08 13:49:54.286, 2, 0, 48104, 97887
2026/07/08 13:49:54.304, 3, 0, 48104, 97887
2026/07/08 13:49:54.321, 4, 76, 75532, 97887
2026/07/08 13:49:54.338, 5, 45, 75532, 97887
2026/07/08 13:49:54.354, 6, 90, 75522, 97887
2026/07/08 13:49:54.373, 7, 28, 75522, 97887
2026/07/08 13:49:55.392, 0, 0, 48704, 97887
2026/07/08 13:49:55.410, 1, 0, 48104, 97887
2026/07/08 13:49:55.429, 2, 0, 48104, 97887
2026/07/08 13:49:55.446, 3, 0, 48104, 97887
2026/07/08 13:49:55.462, 4, 35, 75532, 97887
2026/07/08 13:49:55.478, 5, 74, 75532, 97887
2026/07/08 13:49:55.494, 6, 68, 75522, 97887
2026/07/08 13:49:55.511, 7, 16, 75522, 97887
2026/07/08 13:49:56.523, 0, 0, 48704, 97887
2026/07/08 13:49:56.542, 1, 0, 48104, 97887
2026/07/08 13:49:56.558, 2, 0, 48104, 97887
2026/07/08 13:49:56.570, 3, 0, 48104, 97887
2026/07/08 13:49:56.587, 4, 31, 75532, 97887
2026/07/08 13:49:56.603, 5, 68, 75532, 97887
2026/07/08 13:49:56.620, 6, 93, 75522, 97887
2026/07/08 13:49:56.637, 7, 38, 75522, 97887
2026/07/08 13:49:57.653, 0, 0, 48704, 97887
2026/07/08 13:49:57.666, 1, 0, 48104, 97887
2026/07/08 13:49:57.682, 2, 0, 48104, 97887
2026/07/08 13:49:57.698, 3, 0, 48104, 97887
2026/07/08 13:49:57.713, 4, 47, 75532, 97887
2026/07/08 13:49:57.729, 5, 64, 75532, 97887
2026/07/08 13:49:57.739, 6, 68, 75522, 97887
2026/07/08 13:49:57.750, 7, 18, 75522, 97887
2026/07/08 13:49:58.765, 0, 0, 48704, 97887
2026/07/08 13:49:58.783, 1, 0, 48104, 97887
2026/07/08 13:49:58.799, 2, 0, 48104, 97887
2026/07/08 13:49:58.816, 3, 0, 48104, 97887
2026/07/08 13:49:58.831, 4, 34, 75532, 97887
2026/07/08 13:49:58.848, 5, 75, 75532, 97887
2026/07/08 13:49:58.864, 6, 87, 75522, 97887
2026/07/08 13:49:58.879, 7, 25, 75522, 97887
2026/07/08 13:49:59.895, 0, 0, 48704, 97887
2026/07/08 13:49:59.910, 1, 0, 48104, 97887
2026/07/08 13:49:59.925, 2, 0, 48104, 97887
2026/07/08 13:49:59.940, 3, 0, 48104, 97887
2026/07/08 13:49:59.954, 4, 48, 75532, 97887
2026/07/08 13:49:59.969, 5, 77, 75532, 97887
2026/07/08 13:49:59.985, 6, 93, 75522, 97887
2026/07/08 13:49:59.999, 7, 28, 75522, 97887
2026/07/08 13:50:01.013, 0, 0, 48704, 97887
2026/07/08 13:50:01.031, 1, 0, 48104, 97887
2026/07/08 13:50:01.046, 2, 0, 48104, 97887
2026/07/08 13:50:01.061, 3, 0, 48104, 97887
2026/07/08 13:50:01.076, 4, 77, 75532, 97887
2026/07/08 13:50:01.091, 5, 33, 75532, 97887
2026/07/08 13:50:01.107, 6, 93, 75522, 97887
2026/07/08 13:50:01.122, 7, 30, 75522, 97887
2026/07/08 13:50:02.137, 0, 0, 48704, 97887
2026/07/08 13:50:02.154, 1, 0, 48104, 97887
2026/07/08 13:50:02.171, 2, 0, 48104, 97887
2026/07/08 13:50:02.185, 3, 0, 48104, 97887
2026/07/08 13:50:02.195, 4, 86, 75532, 97887
2026/07/08 13:50:02.207, 5, 29, 75532, 97887
2026/07/08 13:50:02.217, 6, 93, 75522, 97887
2026/07/08 13:50:02.231, 7, 29, 75522, 97887
2026/07/08 13:50:03.243, 0, 0, 48704, 97887
2026/07/08 13:50:03.255, 1, 0, 48104, 97887
2026/07/08 13:50:03.272, 2, 0, 48104, 97887
2026/07/08 13:50:03.287, 3, 0, 48104, 97887
2026/07/08 13:50:03.300, 4, 80, 75532, 97887
2026/07/08 13:50:03.314, 5, 43, 75532, 97887
2026/07/08 13:50:03.328, 6, 93, 75522, 97887
2026/07/08 13:50:03.349, 7, 25, 75522, 97887
2026/07/08 13:50:04.368, 0, 0, 48704, 97887
2026/07/08 13:50:04.387, 1, 0, 48104, 97887
2026/07/08 13:50:04.406, 2, 0, 48104, 97887
2026/07/08 13:50:04.422, 3, 0, 48104, 97887
2026/07/08 13:50:04.439, 4, 48, 75532, 97887
2026/07/08 13:50:04.457, 5, 71, 75532, 97887
2026/07/08 13:50:04.475, 6, 93, 75524, 97887
2026/07/08 13:50:04.492, 7, 29, 75522, 97887
2026/07/08 13:50:05.511, 0, 0, 48704, 97887
2026/07/08 13:50:05.553, 1, 0, 48104, 97887
2026/07/08 13:50:05.569, 2, 0, 48104, 97887
2026/07/08 13:50:05.584, 3, 0, 48104, 97887
2026/07/08 13:50:05.604, 4, 43, 75532, 97887
2026/07/08 13:50:05.619, 5, 61, 75532, 97887
2026/07/08 13:50:05.634, 6, 93, 75524, 97887
2026/07/08 13:50:05.656, 7, 27, 75522, 97887
2026/07/08 13:50:06.670, 0, 0, 48704, 97887
2026/07/08 13:50:06.688, 1, 0, 48104, 97887
2026/07/08 13:50:06.704, 2, 0, 48104, 97887
2026/07/08 13:50:06.720, 3, 0, 48104, 97887
2026/07/08 13:50:06.735, 4, 49, 75532, 97887
2026/07/08 13:50:06.750, 5, 65, 75532, 97887
2026/07/08 13:50:06.762, 6, 95, 75524, 97887
2026/07/08 13:50:06.776, 7, 40, 75522, 97887
2026/07/08 13:50:07.790, 0, 0, 48704, 97887
2026/07/08 13:50:07.808, 1, 0, 48104, 97887
2026/07/08 13:50:07.821, 2, 0, 48104, 97887
2026/07/08 13:50:07.838, 3, 0, 48104, 97887
2026/07/08 13:50:07.853, 4, 66, 75532, 97887
2026/07/08 13:50:07.869, 5, 61, 75532, 97887
2026/07/08 13:50:07.884, 6, 93, 75524, 97887
2026/07/08 13:50:07.899, 7, 28, 75522, 97887
2026/07/08 13:50:08.908, 0, 0, 48704, 97887
2026/07/08 13:50:08.925, 1, 0, 48104, 97887
2026/07/08 13:50:08.939, 2, 0, 48104, 97887
2026/07/08 13:50:08.955, 3, 0, 48104, 97887
2026/07/08 13:50:08.972, 4, 31, 75532, 97887
2026/07/08 13:50:08.988, 5, 55, 75532, 97887
2026/07/08 13:50:09.005, 6, 94, 75524, 97887
2026/07/08 13:50:09.022, 7, 28, 75522, 97887
2026/07/08 13:50:10.034, 0, 0, 48704, 97887
2026/07/08 13:50:10.049, 1, 0, 48104, 97887
2026/07/08 13:50:10.063, 2, 0, 48104, 97887
2026/07/08 13:50:10.078, 3, 0, 48104, 97887
2026/07/08 13:50:10.094, 4, 35, 75532, 97887
2026/07/08 13:50:10.110, 5, 91, 75532, 97887
2026/07/08 13:50:10.126, 6, 92, 75524, 97887
2026/07/08 13:50:10.139, 7, 28, 75522, 97887
2026/07/08 13:50:11.153, 0, 0, 48704, 97887
2026/07/08 13:50:11.168, 1, 0, 48104, 97887
2026/07/08 13:50:11.176, 2, 0, 48104, 97887
2026/07/08 13:50:11.191, 3, 0, 48104, 97887
2026/07/08 13:50:11.205, 4, 100, 75532, 97887
2026/07/08 13:50:11.224, 5, 100, 75532, 97887
2026/07/08 13:50:11.233, 6, 95, 75524, 97887
2026/07/08 13:50:11.246, 7, 40, 75522, 97887
2026/07/08 13:50:12.260, 0, 0, 48704, 97887
2026/07/08 13:50:12.277, 1, 0, 48104, 97887
2026/07/08 13:50:12.292, 2, 0, 48104, 97887
2026/07/08 13:50:12.308, 3, 0, 48104, 97887
2026/07/08 13:50:12.322, 4, 100, 75532, 97887
2026/07/08 13:50:12.333, 5, 100, 75532, 97887
2026/07/08 13:50:12.343, 6, 91, 75524, 97887
2026/07/08 13:50:12.353, 7, 31, 75522, 97887
2026/07/08 13:50:13.361, 0, 0, 48704, 97887
2026/07/08 13:50:13.373, 1, 0, 48104, 97887
2026/07/08 13:50:13.383, 2, 0, 48104, 97887
2026/07/08 13:50:13.396, 3, 0, 48104, 97887
2026/07/08 13:50:13.408, 4, 93, 75562, 97887
2026/07/08 13:50:13.419, 5, 36, 75562, 97887
2026/07/08 13:50:13.429, 6, 92, 75524, 97887
2026/07/08 13:50:13.442, 7, 28, 75522, 97887
2026/07/08 13:50:14.459, 0, 0, 48704, 97887
2026/07/08 13:50:14.475, 1, 0, 48104, 97887
2026/07/08 13:50:14.488, 2, 0, 48104, 97887
2026/07/08 13:50:14.501, 3, 0, 48104, 97887
2026/07/08 13:50:14.513, 4, 35, 75562, 97887
2026/07/08 13:50:14.526, 5, 95, 75562, 97887
2026/07/08 13:50:14.541, 6, 90, 75524, 97887
2026/07/08 13:50:14.556, 7, 35, 75522, 97887
2026/07/08 13:50:15.571, 0, 0, 48704, 97887
2026/07/08 13:50:15.583, 1, 0, 48104, 97887
2026/07/08 13:50:15.592, 2, 0, 48104, 97887
2026/07/08 13:50:15.604, 3, 0, 48104, 97887
2026/07/08 13:50:15.615, 4, 90, 75564, 97887
2026/07/08 13:50:15.630, 5, 37, 75562, 97887
2026/07/08 13:50:15.642, 6, 95, 75524, 97887
2026/07/08 13:50:15.654, 7, 36, 75522, 97887
2026/07/08 13:50:16.668, 0, 0, 48704, 97887
2026/07/08 13:50:16.684, 1, 0, 48104, 97887
2026/07/08 13:50:16.699, 2, 0, 48104, 97887
2026/07/08 13:50:16.710, 3, 0, 48104, 97887
2026/07/08 13:50:16.719, 4, 91, 75564, 97887
2026/07/08 13:50:16.729, 5, 38, 75562, 97887
2026/07/08 13:50:16.738, 6, 95, 75524, 97887
2026/07/08 13:50:16.747, 7, 36, 75522, 97887
2026/07/08 13:50:17.759, 0, 0, 48704, 97887
2026/07/08 13:50:17.776, 1, 0, 48104, 97887
2026/07/08 13:50:17.792, 2, 0, 48104, 97887
2026/07/08 13:50:17.803, 3, 0, 48104, 97887
2026/07/08 13:50:17.815, 4, 68, 75564, 97887
2026/07/08 13:50:17.828, 5, 38, 75562, 97887
2026/07/08 13:50:17.842, 6, 92, 75524, 97887
2026/07/08 13:50:17.855, 7, 30, 75522, 97887
2026/07/08 13:50:18.868, 0, 0, 48704, 97887
2026/07/08 13:50:18.886, 1, 0, 48104, 97887
2026/07/08 13:50:18.902, 2, 0, 48104, 97887
2026/07/08 13:50:18.918, 3, 0, 48104, 97887
2026/07/08 13:50:18.935, 4, 86, 75564, 97887
2026/07/08 13:50:18.953, 5, 38, 75562, 97887
2026/07/08 13:50:18.966, 6, 93, 75524, 97887
2026/07/08 13:50:18.982, 7, 27, 75522, 97887
2026/07/08 13:50:19.997, 0, 0, 48704, 97887
2026/07/08 13:50:20.011, 1, 0, 48104, 97887
2026/07/08 13:50:20.027, 2, 0, 48104, 97887
2026/07/08 13:50:20.042, 3, 0, 48104, 97887
2026/07/08 13:50:20.054, 4, 69, 75564, 97887
2026/07/08 13:50:20.069, 5, 29, 75562, 97887
2026/07/08 13:50:20.085, 6, 93, 75524, 97887
2026/07/08 13:50:20.100, 7, 27, 75522, 97887
2026/07/08 13:50:21.114, 0, 0, 48704, 97887
2026/07/08 13:50:21.131, 1, 0, 48104, 97887
2026/07/08 13:50:21.148, 2, 0, 48104, 97887
2026/07/08 13:50:21.162, 3, 0, 48104, 97887
2026/07/08 13:50:21.180, 4, 80, 75564, 97887
2026/07/08 13:50:21.196, 5, 35, 75562, 97887
2026/07/08 13:50:21.211, 6, 88, 75524, 97887
2026/07/08 13:50:21.226, 7, 34, 75522, 97887
2026/07/08 13:50:22.243, 0, 0, 48704, 97887
2026/07/08 13:50:22.258, 1, 0, 48104, 97887
2026/07/08 13:50:22.266, 2, 0, 48104, 97887
2026/07/08 13:50:22.275, 3, 0, 48104, 97887
2026/07/08 13:50:22.283, 4, 83, 75564, 97887
2026/07/08 13:50:22.295, 5, 38, 75562, 97887
2026/07/08 13:50:22.309, 6, 93, 75524, 97887
2026/07/08 13:50:22.324, 7, 35, 75522, 97887
2026/07/08 13:50:23.337, 0, 0, 48704, 97887
2026/07/08 13:50:23.352, 1, 0, 48104, 97887
2026/07/08 13:50:23.364, 2, 0, 48104, 97887
2026/07/08 13:50:23.375, 3, 0, 48104, 97887
2026/07/08 13:50:23.385, 4, 77, 75564, 97887
2026/07/08 13:50:23.403, 5, 44, 75562, 97887
2026/07/08 13:50:23.415, 6, 95, 75524, 97887
2026/07/08 13:50:23.429, 7, 36, 75522, 97887
2026/07/08 13:50:24.444, 0, 0, 48704, 97887
2026/07/08 13:50:24.462, 1, 0, 48104, 97887
2026/07/08 13:50:24.477, 2, 0, 48104, 97887
2026/07/08 13:50:24.492, 3, 0, 48104, 97887
2026/07/08 13:50:24.507, 4, 89, 75564, 97887
2026/07/08 13:50:24.517, 5, 37, 75562, 97887
2026/07/08 13:50:24.527, 6, 91, 75524, 97887
2026/07/08 13:50:24.539, 7, 27, 75522, 97887
2026/07/08 13:50:25.549, 0, 0, 48704, 97887
2026/07/08 13:50:25.563, 1, 0, 48104, 97887
2026/07/08 13:50:25.576, 2, 0, 48104, 97887
2026/07/08 13:50:25.587, 3, 0, 48104, 97887
2026/07/08 13:50:25.599, 4, 94, 75564, 97887
2026/07/08 13:50:25.614, 5, 31, 75562, 97887
2026/07/08 13:50:25.627, 6, 93, 75524, 97887
2026/07/08 13:50:25.641, 7, 34, 75522, 97887
2026/07/08 13:50:26.654, 0, 0, 48704, 97887
2026/07/08 13:50:26.669, 1, 0, 48104, 97887
2026/07/08 13:50:26.686, 2, 0, 48104, 97887
2026/07/08 13:50:26.702, 3, 0, 48104, 97887
2026/07/08 13:50:26.715, 4, 48, 75564, 97887
2026/07/08 13:50:26.729, 5, 81, 75562, 97887
2026/07/08 13:50:26.743, 6, 90, 75524, 97887
2026/07/08 13:50:26.759, 7, 41, 75522, 97887
2026/07/08 13:50:27.773, 0, 0, 48704, 97887
2026/07/08 13:50:27.789, 1, 0, 48104, 97887
2026/07/08 13:50:27.805, 2, 0, 48104, 97887
2026/07/08 13:50:27.823, 3, 0, 48104, 97887
2026/07/08 13:50:27.839, 4, 74, 75564, 97887
2026/07/08 13:50:27.854, 5, 46, 75562, 97887
2026/07/08 13:50:27.871, 6, 96, 75524, 97887
2026/07/08 13:50:27.884, 7, 32, 75522, 97887
2026/07/08 13:50:28.899, 0, 0, 48704, 97887
2026/07/08 13:50:28.916, 1, 0, 48104, 97887
2026/07/08 13:50:28.931, 2, 0, 48104, 97887
2026/07/08 13:50:28.946, 3, 0, 48104, 97887
2026/07/08 13:50:28.963, 4, 93, 75564, 97887
2026/07/08 13:50:28.979, 5, 41, 75562, 97887
2026/07/08 13:50:28.996, 6, 94, 75524, 97887
2026/07/08 13:50:29.015, 7, 31, 75522, 97887
2026/07/08 13:50:30.032, 0, 0, 48704, 97887
2026/07/08 13:50:30.051, 1, 0, 48104, 97887
2026/07/08 13:50:30.068, 2, 0, 48104, 97887
2026/07/08 13:50:30.086, 3, 0, 48104, 97887
2026/07/08 13:50:30.107, 4, 69, 75564, 97887
2026/07/08 13:50:30.124, 5, 46, 75562, 97887
2026/07/08 13:50:30.141, 6, 94, 75524, 97887
2026/07/08 13:50:30.159, 7, 35, 75522, 97887
2026/07/08 13:50:31.175, 0, 0, 48704, 97887
2026/07/08 13:50:31.190, 1, 0, 48104, 97887
2026/07/08 13:50:31.203, 2, 0, 48104, 97887
2026/07/08 13:50:31.217, 3, 0, 48104, 97887
2026/07/08 13:50:31.232, 4, 85, 75564, 97887
2026/07/08 13:50:31.249, 5, 37, 75562, 97887
2026/07/08 13:50:31.267, 6, 95, 75524, 97887
2026/07/08 13:50:31.284, 7, 33, 75522, 97887
2026/07/08 13:50:32.300, 0, 0, 48704, 97887
2026/07/08 13:50:32.318, 1, 0, 48104, 97887
2026/07/08 13:50:32.335, 2, 0, 48104, 97887
2026/07/08 13:50:32.351, 3, 0, 48104, 97887
2026/07/08 13:50:32.365, 4, 93, 75564, 97887
2026/07/08 13:50:32.379, 5, 28, 75562, 97887
2026/07/08 13:50:32.394, 6, 92, 75524, 97887
2026/07/08 13:50:32.409, 7, 33, 75522, 97887
2026/07/08 13:50:33.424, 0, 0, 48704, 97887
2026/07/08 13:50:33.438, 1, 0, 48104, 97887
2026/07/08 13:50:33.454, 2, 0, 48104, 97887
2026/07/08 13:50:33.469, 3, 0, 48104, 97887
2026/07/08 13:50:33.484, 4, 54, 75564, 97887
2026/07/08 13:50:33.501, 5, 56, 75562, 97887
2026/07/08 13:50:33.517, 6, 89, 75524, 97887
2026/07/08 13:50:33.527, 7, 37, 75522, 97887
2026/07/08 13:50:34.535, 0, 0, 48704, 97887
2026/07/08 13:50:34.552, 1, 0, 48104, 97887
2026/07/08 13:50:34.567, 2, 0, 48104, 97887
2026/07/08 13:50:34.584, 3, 0, 48104, 97887
2026/07/08 13:50:34.600, 4, 37, 75564, 97887
2026/07/08 13:50:34.619, 5, 54, 75562, 97887
2026/07/08 13:50:34.639, 6, 95, 75524, 97887
2026/07/08 13:50:34.658, 7, 35, 75522, 97887
2026/07/08 13:50:35.676, 0, 0, 48704, 97887
2026/07/08 13:50:35.697, 1, 0, 48104, 97887
2026/07/08 13:50:35.718, 2, 0, 48104, 97887
2026/07/08 13:50:35.740, 3, 0, 48104, 97887
2026/07/08 13:50:35.759, 4, 45, 75564, 97887
2026/07/08 13:50:35.778, 5, 63, 75562, 97887
2026/07/08 13:50:35.797, 6, 93, 75524, 97887
2026/07/08 13:50:35.814, 7, 30, 75522, 97887
2026/07/08 13:50:36.833, 0, 0, 48704, 97887
2026/07/08 13:50:36.848, 1, 0, 48104, 97887
2026/07/08 13:50:36.863, 2, 0, 48104, 97887
2026/07/08 13:50:36.880, 3, 0, 48104, 97887
2026/07/08 13:50:36.891, 4, 74, 75564, 97887
2026/07/08 13:50:36.901, 5, 34, 75562, 97887
2026/07/08 13:50:36.916, 6, 92, 75524, 97887
2026/07/08 13:50:36.932, 7, 29, 75522, 97887
2026/07/08 13:50:37.947, 0, 0, 48704, 97887
2026/07/08 13:50:37.965, 1, 0, 48104, 97887
2026/07/08 13:50:37.984, 2, 0, 48104, 97887
2026/07/08 13:50:38.001, 3, 0, 48104, 97887
2026/07/08 13:50:38.020, 4, 77, 75564, 97887
2026/07/08 13:50:38.040, 5, 44, 75562, 97887
2026/07/08 13:50:38.058, 6, 91, 75524, 97887
2026/07/08 13:50:38.074, 7, 28, 75522, 97887
2026/07/08 13:50:39.090, 0, 0, 48704, 97887
2026/07/08 13:50:39.108, 1, 0, 48104, 97887
2026/07/08 13:50:39.123, 2, 0, 48104, 97887
2026/07/08 13:50:39.140, 3, 0, 48104, 97887
2026/07/08 13:50:39.157, 4, 76, 75564, 97887
2026/07/08 13:50:39.169, 5, 44, 75564, 97887
2026/07/08 13:50:39.184, 6, 93, 75524, 97887
2026/07/08 13:50:39.201, 7, 32, 75522, 97887
2026/07/08 13:50:40.217, 0, 0, 48704, 97887
2026/07/08 13:50:40.236, 1, 0, 48104, 97887
2026/07/08 13:50:40.253, 2, 0, 48104, 97887
2026/07/08 13:50:40.268, 3, 0, 48104, 97887
2026/07/08 13:50:40.285, 4, 45, 75564, 97887
2026/07/08 13:50:40.301, 5, 76, 75564, 97887
2026/07/08 13:50:40.320, 6, 93, 75524, 97887
2026/07/08 13:50:40.338, 7, 25, 75522, 97887
2026/07/08 13:50:41.358, 0, 0, 48704, 97887
2026/07/08 13:50:41.374, 1, 0, 48104, 97887
2026/07/08 13:50:41.388, 2, 0, 48104, 97887
2026/07/08 13:50:41.405, 3, 0, 48104, 97887
2026/07/08 13:50:41.420, 4, 64, 75564, 97887
2026/07/08 13:50:41.434, 5, 57, 75564, 97887
2026/07/08 13:50:41.448, 6, 100, 75524, 97887
2026/07/08 13:50:41.463, 7, 100, 75522, 97887
2026/07/08 13:50:42.477, 0, 0, 48704, 97887
2026/07/08 13:50:42.495, 1, 0, 48104, 97887
2026/07/08 13:50:42.510, 2, 0, 48104, 97887
2026/07/08 13:50:42.520, 3, 0, 48104, 97887
2026/07/08 13:50:42.533, 4, 57, 75564, 97887
2026/07/08 13:50:42.543, 5, 42, 75564, 97887
2026/07/08 13:50:42.552, 6, 95, 75524, 97887
2026/07/08 13:50:42.563, 7, 36, 75522, 97887
2026/07/08 13:50:43.576, 0, 0, 48704, 97887
2026/07/08 13:50:43.591, 1, 0, 48104, 97887
2026/07/08 13:50:43.605, 2, 0, 48104, 97887
2026/07/08 13:50:43.620, 3, 0, 48104, 97887
2026/07/08 13:50:43.637, 4, 65, 75564, 97887
2026/07/08 13:50:43.652, 5, 59, 75564, 97887
2026/07/08 13:50:43.669, 6, 93, 75524, 97887
2026/07/08 13:50:43.685, 7, 27, 75522, 97887
2026/07/08 13:50:44.702, 0, 0, 48704, 97887
2026/07/08 13:50:44.720, 1, 0, 48104, 97887
2026/07/08 13:50:44.735, 2, 0, 48104, 97887
2026/07/08 13:50:44.751, 3, 0, 48104, 97887
2026/07/08 13:50:44.768, 4, 46, 75564, 97887
2026/07/08 13:50:44.784, 5, 55, 75564, 97887
2026/07/08 13:50:44.799, 6, 92, 75524, 97887
2026/07/08 13:50:44.813, 7, 28, 75522, 97887
2026/07/08 13:50:45.832, 0, 0, 48704, 97887
2026/07/08 13:50:45.850, 1, 0, 48104, 97887
2026/07/08 13:50:45.868, 2, 0, 48104, 97887
2026/07/08 13:50:45.888, 3, 0, 48104, 97887
2026/07/08 13:50:45.907, 4, 67, 75564, 97887
2026/07/08 13:50:45.924, 5, 40, 75564, 97887
2026/07/08 13:50:45.944, 6, 85, 75524, 97887
2026/07/08 13:50:45.963, 7, 33, 75522, 97887
2026/07/08 13:50:46.979, 0, 0, 48704, 97887
2026/07/08 13:50:46.998, 1, 0, 48104, 97887
2026/07/08 13:50:47.017, 2, 0, 48104, 97887
2026/07/08 13:50:47.035, 3, 0, 48104, 97887
2026/07/08 13:50:47.052, 4, 76, 75564, 97887
2026/07/08 13:50:47.069, 5, 35, 75564, 97887
2026/07/08 13:50:47.083, 6, 93, 75524, 97887
2026/07/08 13:50:47.097, 7, 31, 75522, 97887
2026/07/08 13:50:48.113, 0, 0, 48704, 97887
2026/07/08 13:50:48.133, 1, 0, 48104, 97887
2026/07/08 13:50:48.153, 2, 0, 48104, 97887
2026/07/08 13:50:48.171, 3, 0, 48104, 97887
2026/07/08 13:50:48.186, 4, 82, 75564, 97887
2026/07/08 13:50:48.200, 5, 32, 75564, 97887
2026/07/08 13:50:48.213, 6, 93, 75524, 97887
2026/07/08 13:50:48.230, 7, 32, 75522, 97887
2026/07/08 13:50:49.245, 0, 0, 48704, 97887
2026/07/08 13:50:49.258, 1, 0, 48104, 97887
2026/07/08 13:50:49.280, 2, 0, 48104, 97887
2026/07/08 13:50:49.295, 3, 0, 48104, 97887
2026/07/08 13:50:49.309, 4, 96, 75564, 97887
2026/07/08 13:50:49.327, 5, 34, 75564, 97887
2026/07/08 13:50:49.340, 6, 94, 75524, 97887
2026/07/08 13:50:49.358, 7, 35, 75522, 97887
2026/07/08 13:50:50.373, 0, 0, 48704, 97887
2026/07/08 13:50:50.392, 1, 0, 48104, 97887
2026/07/08 13:50:50.411, 2, 0, 48104, 97887
2026/07/08 13:50:50.428, 3, 0, 48104, 97887
2026/07/08 13:50:50.445, 4, 41, 75564, 97887
2026/07/08 13:50:50.462, 5, 62, 75564, 97887
2026/07/08 13:50:50.481, 6, 92, 75524, 97887
2026/07/08 13:50:50.498, 7, 27, 75522, 97887
2026/07/08 13:50:51.515, 0, 0, 48704, 97887
2026/07/08 13:50:51.534, 1, 0, 48104, 97887
2026/07/08 13:50:51.546, 2, 0, 48104, 97887
2026/07/08 13:50:51.560, 3, 0, 48104, 97887
2026/07/08 13:50:51.574, 4, 54, 75564, 97887
2026/07/08 13:50:51.586, 5, 67, 75564, 97887
2026/07/08 13:50:51.598, 6, 94, 75524, 97887
2026/07/08 13:50:51.611, 7, 34, 75522, 97887
2026/07/08 13:50:52.626, 0, 0, 48704, 97887
2026/07/08 13:50:52.642, 1, 0, 48104, 97887
2026/07/08 13:50:52.657, 2, 0, 48104, 97887
2026/07/08 13:50:52.672, 3, 0, 48104, 97887
2026/07/08 13:50:52.687, 4, 66, 75564, 97887
2026/07/08 13:50:52.704, 5, 42, 75564, 97887
2026/07/08 13:50:52.721, 6, 93, 75524, 97887
2026/07/08 13:50:52.741, 7, 29, 75522, 97887
2026/07/08 13:50:53.762, 0, 0, 48704, 97887
2026/07/08 13:50:53.782, 1, 0, 48104, 97887
2026/07/08 13:50:53.803, 2, 0, 48104, 97887
2026/07/08 13:50:53.821, 3, 0, 48104, 97887
2026/07/08 13:50:53.839, 4, 71, 75564, 97887
2026/07/08 13:50:53.858, 5, 37, 75564, 97887
2026/07/08 13:50:53.876, 6, 92, 75524, 97887
2026/07/08 13:50:53.893, 7, 28, 75522, 97887
2026/07/08 13:50:54.908, 0, 0, 48704, 97887
2026/07/08 13:50:54.928, 1, 0, 48104, 97887
2026/07/08 13:50:54.952, 2, 0, 48104, 97887
2026/07/08 13:50:54.968, 3, 0, 48104, 97887
2026/07/08 13:50:54.986, 4, 48, 75564, 97887
2026/07/08 13:50:55.003, 5, 46, 75564, 97887
2026/07/08 13:50:55.021, 6, 94, 75524, 97887
2026/07/08 13:50:55.036, 7, 31, 75522, 97887
2026/07/08 13:50:56.053, 0, 0, 48704, 97887
2026/07/08 13:50:56.075, 1, 0, 48104, 97887
2026/07/08 13:50:56.094, 2, 0, 48104, 97887
2026/07/08 13:50:56.105, 3, 0, 48104, 97887
2026/07/08 13:50:56.116, 4, 43, 75564, 97887
2026/07/08 13:50:56.129, 5, 63, 75564, 97887
2026/07/08 13:50:56.143, 6, 83, 75524, 97887
2026/07/08 13:50:56.157, 7, 38, 75522, 97887
2026/07/08 13:50:57.175, 0, 0, 48704, 97887
2026/07/08 13:50:57.193, 1, 0, 48104, 97887
2026/07/08 13:50:57.210, 2, 0, 48104, 97887
2026/07/08 13:50:57.231, 3, 0, 48104, 97887
2026/07/08 13:50:57.247, 4, 65, 75564, 97887
2026/07/08 13:50:57.265, 5, 91, 75564, 97887
2026/07/08 13:50:57.283, 6, 94, 75524, 97887
2026/07/08 13:50:57.299, 7, 27, 75522, 97887
2026/07/08 13:50:58.314, 0, 0, 48704, 97887
2026/07/08 13:50:58.330, 1, 0, 48104, 97887
2026/07/08 13:50:58.347, 2, 0, 48104, 97887
2026/07/08 13:50:58.364, 3, 0, 48104, 97887
2026/07/08 13:50:58.380, 4, 68, 75564, 97887
2026/07/08 13:50:58.397, 5, 53, 75564, 97887
2026/07/08 13:50:58.413, 6, 94, 75524, 97887
2026/07/08 13:50:58.427, 7, 35, 75522, 97887
2026/07/08 13:50:59.444, 0, 0, 48704, 97887
2026/07/08 13:50:59.460, 1, 0, 48104, 97887
2026/07/08 13:50:59.476, 2, 0, 48104, 97887
2026/07/08 13:50:59.493, 3, 0, 48104, 97887
2026/07/08 13:50:59.511, 4, 57, 75564, 97887
2026/07/08 13:50:59.529, 5, 95, 75564, 97887
2026/07/08 13:50:59.545, 6, 90, 75524, 97887
2026/07/08 13:50:59.563, 7, 28, 75522, 97887
2026/07/08 13:51:00.579, 0, 0, 48704, 97887
2026/07/08 13:51:00.595, 1, 0, 48104, 97887
2026/07/08 13:51:00.609, 2, 0, 48104, 97887
2026/07/08 13:51:00.622, 3, 0, 48104, 97887
2026/07/08 13:51:00.634, 4, 48, 75564, 97887
2026/07/08 13:51:00.648, 5, 70, 75564, 97887
2026/07/08 13:51:00.666, 6, 90, 75524, 97887
2026/07/08 13:51:00.682, 7, 37, 75522, 97887
2026/07/08 13:51:01.701, 0, 0, 48704, 97887
2026/07/08 13:51:01.721, 1, 0, 48104, 97887
2026/07/08 13:51:01.741, 2, 0, 48104, 97887
2026/07/08 13:51:01.760, 3, 0, 48104, 97887
2026/07/08 13:51:01.779, 4, 87, 75564, 97887
2026/07/08 13:51:01.794, 5, 28, 75564, 97887
2026/07/08 13:51:01.811, 6, 94, 75524, 97887
2026/07/08 13:51:01.827, 7, 35, 75522, 97887
2026/07/08 13:51:02.838, 0, 0, 48704, 97887
2026/07/08 13:51:02.854, 1, 0, 48104, 97887
2026/07/08 13:51:02.867, 2, 0, 48104, 97887
2026/07/08 13:51:02.881, 3, 0, 48104, 97887
2026/07/08 13:51:02.896, 4, 27, 75564, 97887
2026/07/08 13:51:02.914, 5, 68, 75564, 97887
2026/07/08 13:51:02.932, 6, 79, 75524, 97887
2026/07/08 13:51:02.948, 7, 28, 75522, 97887
2026/07/08 13:51:03.965, 0, 0, 48704, 97887
2026/07/08 13:51:03.983, 1, 0, 48104, 97887
2026/07/08 13:51:03.998, 2, 0, 48104, 97887
2026/07/08 13:51:04.012, 3, 0, 48104, 97887
2026/07/08 13:51:04.025, 4, 37, 75564, 97887
2026/07/08 13:51:04.039, 5, 90, 75564, 97887
2026/07/08 13:51:04.053, 6, 96, 75524, 97887
2026/07/08 13:51:04.066, 7, 37, 75522, 97887
2026/07/08 13:51:05.075, 0, 0, 48704, 97887
2026/07/08 13:51:05.090, 1, 0, 48104, 97887
2026/07/08 13:51:05.106, 2, 0, 48104, 97887
2026/07/08 13:51:05.118, 3, 0, 48104, 97887
2026/07/08 13:51:05.136, 4, 57, 75564, 97887
2026/07/08 13:51:05.151, 5, 78, 75564, 97887
2026/07/08 13:51:05.164, 6, 100, 75524, 97887
2026/07/08 13:51:05.181, 7, 100, 75522, 97887
2026/07/08 13:51:06.197, 0, 0, 48704, 97887
2026/07/08 13:51:06.216, 1, 0, 48104, 97887
2026/07/08 13:51:06.235, 2, 0, 48104, 97887
2026/07/08 13:51:06.254, 3, 0, 48104, 97887
2026/07/08 13:51:06.270, 4, 37, 75564, 97887
2026/07/08 13:51:06.287, 5, 93, 75564, 97887
2026/07/08 13:51:06.303, 6, 92, 75524, 97887
2026/07/08 13:51:06.320, 7, 36, 75524, 97887
2026/07/08 13:51:07.336, 0, 0, 48704, 97887
2026/07/08 13:51:07.352, 1, 0, 48104, 97887
2026/07/08 13:51:07.367, 2, 0, 48104, 97887
2026/07/08 13:51:07.381, 3, 0, 48104, 97887
2026/07/08 13:51:07.394, 4, 100, 75564, 97887
2026/07/08 13:51:07.404, 5, 100, 75564, 97887
2026/07/08 13:51:07.417, 6, 93, 75524, 97887
2026/07/08 13:51:07.435, 7, 38, 75524, 97887
2026/07/08 13:51:08.453, 0, 0, 48704, 97887
2026/07/08 13:51:08.470, 1, 0, 48104, 97887
2026/07/08 13:51:08.487, 2, 0, 48104, 97887
2026/07/08 13:51:08.502, 3, 0, 48104, 97887
2026/07/08 13:51:08.519, 4, 74, 75564, 97887
2026/07/08 13:51:08.536, 5, 56, 75564, 97887
2026/07/08 13:51:08.550, 6, 89, 75524, 97887
2026/07/08 13:51:08.567, 7, 43, 75524, 97887
2026/07/08 13:51:09.583, 0, 0, 48704, 97887
2026/07/08 13:51:09.600, 1, 0, 48104, 97887
2026/07/08 13:51:09.614, 2, 0, 48104, 97887
2026/07/08 13:51:09.630, 3, 0, 48104, 97887
2026/07/08 13:51:09.644, 4, 38, 75564, 97887
2026/07/08 13:51:09.661, 5, 62, 75564, 97887
2026/07/08 13:51:09.678, 6, 91, 75524, 97887
2026/07/08 13:51:09.695, 7, 43, 75524, 97887
2026/07/08 13:51:10.713, 0, 0, 48704, 97887
2026/07/08 13:51:10.731, 1, 0, 48104, 97887
2026/07/08 13:51:10.746, 2, 0, 48104, 97887
2026/07/08 13:51:10.763, 3, 0, 48104, 97887
2026/07/08 13:51:10.779, 4, 92, 75566, 97887
2026/07/08 13:51:10.795, 5, 39, 75564, 97887
2026/07/08 13:51:10.810, 6, 22, 75550, 97887
2026/07/08 13:51:10.821, 7, 15, 75550, 97887
2026/07/08 13:51:11.836, 0, 0, 48704, 97887
2026/07/08 13:51:11.850, 1, 0, 48104, 97887
2026/07/08 13:51:11.862, 2, 0, 48104, 97887
2026/07/08 13:51:11.875, 3, 0, 48104, 97887
2026/07/08 13:51:11.889, 4, 95, 75566, 97887
2026/07/08 13:51:11.906, 5, 30, 75564, 97887
2026/07/08 13:51:11.920, 6, 95, 75550, 97887
2026/07/08 13:51:11.934, 7, 36, 75550, 97887
2026/07/08 13:51:12.947, 0, 0, 48704, 97887
2026/07/08 13:51:12.959, 1, 0, 48104, 97887
2026/07/08 13:51:12.970, 2, 0, 48104, 97887
2026/07/08 13:51:12.985, 3, 0, 48104, 97887
2026/07/08 13:51:13.003, 4, 71, 75566, 97887
2026/07/08 13:51:13.021, 5, 42, 75566, 97887
2026/07/08 13:51:13.038, 6, 94, 75550, 97887
2026/07/08 13:51:13.055, 7, 36, 75550, 97887
2026/07/08 13:51:14.071, 0, 0, 48704, 97887
2026/07/08 13:51:14.086, 1, 0, 48104, 97887
2026/07/08 13:51:14.100, 2, 0, 48104, 97887
2026/07/08 13:51:14.114, 3, 0, 48104, 97887
2026/07/08 13:51:14.130, 4, 63, 75566, 97887
2026/07/08 13:51:14.147, 5, 48, 75566, 97887
2026/07/08 13:51:14.161, 6, 93, 75550, 97887
2026/07/08 13:51:14.175, 7, 30, 75550, 97887
2026/07/08 13:51:15.190, 0, 0, 48704, 97887
2026/07/08 13:51:15.210, 1, 0, 48104, 97887
2026/07/08 13:51:15.227, 2, 0, 48104, 97887
2026/07/08 13:51:15.243, 3, 0, 48104, 97887
2026/07/08 13:51:15.261, 4, 84, 75566, 97887
2026/07/08 13:51:15.280, 5, 40, 75566, 97887
2026/07/08 13:51:15.299, 6, 70, 75550, 97887
2026/07/08 13:51:15.316, 7, 22, 75550, 97887
2026/07/08 13:51:16.333, 0, 0, 48704, 97887
2026/07/08 13:51:16.352, 1, 0, 48104, 97887
2026/07/08 13:51:16.367, 2, 0, 48104, 97887
2026/07/08 13:51:16.384, 3, 0, 48104, 97887
2026/07/08 13:51:16.402, 4, 33, 75566, 97887
2026/07/08 13:51:16.416, 5, 62, 75566, 97887
2026/07/08 13:51:16.431, 6, 26, 75550, 97887
2026/07/08 13:51:16.464, 7, 94, 75550, 97887
2026/07/08 13:51:17.484, 0, 0, 48704, 97887
2026/07/08 13:51:17.503, 1, 0, 48104, 97887
2026/07/08 13:51:17.519, 2, 0, 48104, 97887
2026/07/08 13:51:17.536, 3, 0, 48104, 97887
2026/07/08 13:51:17.554, 4, 44, 75566, 97887
2026/07/08 13:51:17.569, 5, 75, 75566, 97887
2026/07/08 13:51:17.585, 6, 33, 75550, 97887
2026/07/08 13:51:17.603, 7, 91, 75550, 97887
2026/07/08 13:51:18.616, 0, 0, 48704, 97887
2026/07/08 13:51:18.637, 1, 0, 48104, 97887
2026/07/08 13:51:18.655, 2, 0, 48104, 97887
2026/07/08 13:51:18.671, 3, 0, 48104, 97887
2026/07/08 13:51:18.684, 4, 80, 75566, 97887
2026/07/08 13:51:18.697, 5, 86, 75566, 97887
2026/07/08 13:51:18.709, 6, 91, 75550, 97887
2026/07/08 13:51:18.724, 7, 28, 75550, 97887
2026/07/08 13:51:19.736, 0, 0, 48704, 97887
2026/07/08 13:51:19.753, 1, 0, 48104, 97887
2026/07/08 13:51:19.767, 2, 0, 48104, 97887
2026/07/08 13:51:19.783, 3, 0, 48104, 97887
2026/07/08 13:51:19.802, 4, 40, 75566, 97887
2026/07/08 13:51:19.819, 5, 80, 75566, 97887
2026/07/08 13:51:19.836, 6, 85, 75550, 97887
2026/07/08 13:51:19.852, 7, 28, 75550, 97887
2026/07/08 13:51:20.864, 0, 0, 48704, 97887
2026/07/08 13:51:20.885, 1, 0, 48104, 97887
2026/07/08 13:51:20.904, 2, 0, 48104, 97887
2026/07/08 13:51:20.922, 3, 0, 48104, 97887
2026/07/08 13:51:20.940, 4, 82, 75566, 97887
2026/07/08 13:51:20.957, 5, 48, 75566, 97887
2026/07/08 13:51:20.975, 6, 65, 75550, 97887
2026/07/08 13:51:20.996, 7, 35, 75550, 97887
2026/07/08 13:51:22.017, 0, 0, 48704, 97887
2026/07/08 13:51:22.037, 1, 0, 48104, 97887
2026/07/08 13:51:22.056, 2, 0, 48104, 97887
2026/07/08 13:51:22.068, 3, 0, 48104, 97887
2026/07/08 13:51:22.096, 4, 76, 75566, 97887
2026/07/08 13:51:22.113, 5, 49, 75566, 97887
2026/07/08 13:51:22.134, 6, 100, 75550, 97887
2026/07/08 13:51:22.148, 7, 100, 75550, 97887
2026/07/08 13:51:23.176, 0, 0, 48704, 97887
2026/07/08 13:51:23.195, 1, 0, 48104, 97887
2026/07/08 13:51:23.206, 2, 0, 48104, 97887
2026/07/08 13:51:23.221, 3, 0, 48104, 97887
2026/07/08 13:51:23.237, 4, 92, 75566, 97887
2026/07/08 13:51:23.253, 5, 43, 75566, 97887
2026/07/08 13:51:23.270, 6, 100, 75550, 97887
2026/07/08 13:51:23.286, 7, 100, 75550, 97887
2026/07/08 13:51:24.299, 0, 0, 48704, 97887
2026/07/08 13:51:24.317, 1, 0, 48104, 97887
2026/07/08 13:51:24.336, 2, 0, 48104, 97887
2026/07/08 13:51:24.353, 3, 0, 48104, 97887
2026/07/08 13:51:24.372, 4, 85, 75566, 97887
2026/07/08 13:51:24.393, 5, 27, 75566, 97887
2026/07/08 13:51:24.414, 6, 91, 75608, 97887
2026/07/08 13:51:24.433, 7, 27, 75608, 97887
2026/07/08 13:51:25.452, 0, 0, 48704, 97887
2026/07/08 13:51:25.469, 1, 0, 48104, 97887
2026/07/08 13:51:25.485, 2, 0, 48104, 97887
2026/07/08 13:51:25.501, 3, 0, 48104, 97887
2026/07/08 13:51:25.518, 4, 35, 75566, 97887
2026/07/08 13:51:25.535, 5, 86, 75566, 97887
2026/07/08 13:51:25.551, 6, 87, 75608, 97887
2026/07/08 13:51:25.567, 7, 28, 75608, 97887
2026/07/08 13:51:26.586, 0, 0, 48704, 97887
2026/07/08 13:51:26.607, 1, 0, 48104, 97887
2026/07/08 13:51:26.625, 2, 0, 48104, 97887
2026/07/08 13:51:26.639, 3, 0, 48104, 97887
2026/07/08 13:51:26.653, 4, 32, 75566, 97887
2026/07/08 13:51:26.669, 5, 63, 75566, 97887
2026/07/08 13:51:26.683, 6, 80, 75608, 97887
2026/07/08 13:51:26.700, 7, 30, 75608, 97887
2026/07/08 13:51:27.715, 0, 0, 48704, 97887
2026/07/08 13:51:27.743, 1, 0, 48104, 97887
2026/07/08 13:51:27.762, 2, 0, 48104, 97887
2026/07/08 13:51:27.779, 3, 0, 48104, 97887
2026/07/08 13:51:27.796, 4, 41, 75566, 97887
2026/07/08 13:51:27.813, 5, 76, 75566, 97887
2026/07/08 13:51:27.830, 6, 92, 75608, 97887
2026/07/08 13:51:27.850, 7, 34, 75608, 97887
2026/07/08 13:51:28.871, 0, 0, 48704, 97887
2026/07/08 13:51:28.893, 1, 0, 48104, 97887
2026/07/08 13:51:28.912, 2, 0, 48104, 97887
2026/07/08 13:51:28.932, 3, 0, 48104, 97887
2026/07/08 13:51:28.951, 4, 73, 75566, 97887
2026/07/08 13:51:28.971, 5, 46, 75566, 97887
2026/07/08 13:51:28.991, 6, 89, 75608, 97887
2026/07/08 13:51:29.011, 7, 28, 75608, 97887
2026/07/08 13:51:30.030, 0, 0, 48704, 97887
2026/07/08 13:51:30.049, 1, 0, 48104, 97887
2026/07/08 13:51:30.067, 2, 0, 48104, 97887
2026/07/08 13:51:30.086, 3, 0, 48104, 97887
2026/07/08 13:51:30.103, 4, 63, 75566, 97887
2026/07/08 13:51:30.122, 5, 44, 75566, 97887
2026/07/08 13:51:30.139, 6, 96, 75608, 97887
2026/07/08 13:51:30.157, 7, 28, 75608, 97887
2026/07/08 13:51:31.176, 0, 0, 48704, 97887
2026/07/08 13:51:31.194, 1, 0, 48104, 97887
2026/07/08 13:51:31.204, 2, 0, 48104, 97887
2026/07/08 13:51:31.215, 3, 0, 48104, 97887
2026/07/08 13:51:31.226, 4, 29, 75566, 97887
2026/07/08 13:51:31.240, 5, 86, 75566, 97887
2026/07/08 13:51:31.255, 6, 90, 75608, 97887
2026/07/08 13:51:31.270, 7, 28, 75608, 97887
2026/07/08 13:51:32.282, 0, 0, 48704, 97887
2026/07/08 13:51:32.300, 1, 0, 48104, 97887
2026/07/08 13:51:32.315, 2, 0, 48104, 97887
2026/07/08 13:51:32.335, 3, 0, 48104, 97887
2026/07/08 13:51:32.354, 4, 100, 75566, 97887
2026/07/08 13:51:32.373, 5, 100, 75566, 97887
2026/07/08 13:51:32.391, 6, 95, 75608, 97887
2026/07/08 13:51:32.409, 7, 28, 75608, 97887
2026/07/08 13:51:33.427, 0, 0, 48704, 97887
2026/07/08 13:51:33.447, 1, 0, 48104, 97887
2026/07/08 13:51:33.468, 2, 0, 48104, 97887
2026/07/08 13:51:33.487, 3, 0, 48104, 97887
2026/07/08 13:51:33.505, 4, 47, 75566, 97887
2026/07/08 13:51:33.519, 5, 90, 75566, 97887
2026/07/08 13:51:33.531, 6, 89, 75608, 97887
2026/07/08 13:51:33.549, 7, 28, 75608, 97887
2026/07/08 13:51:34.565, 0, 0, 48704, 97887
2026/07/08 13:51:34.580, 1, 0, 48104, 97887
2026/07/08 13:51:34.595, 2, 0, 48104, 97887
2026/07/08 13:51:34.612, 3, 0, 48104, 97887
2026/07/08 13:51:34.630, 4, 44, 75566, 97887
2026/07/08 13:51:34.646, 5, 90, 75566, 97887
2026/07/08 13:51:34.662, 6, 89, 75608, 97887
2026/07/08 13:51:34.677, 7, 28, 75608, 97887
2026/07/08 13:51:35.696, 0, 0, 48704, 97887
2026/07/08 13:51:35.717, 1, 0, 48104, 97887
2026/07/08 13:51:35.736, 2, 0, 48104, 97887
2026/07/08 13:51:35.757, 3, 0, 48104, 97887
2026/07/08 13:51:35.774, 4, 38, 75566, 97887
2026/07/08 13:51:35.789, 5, 85, 75566, 97887
2026/07/08 13:51:35.808, 6, 91, 75608, 97887
2026/07/08 13:51:35.826, 7, 28, 75608, 97887
2026/07/08 13:51:36.845, 0, 0, 48704, 97887
2026/07/08 13:51:36.864, 1, 0, 48104, 97887
2026/07/08 13:51:36.879, 2, 0, 48104, 97887
2026/07/08 13:51:36.896, 3, 0, 48104, 97887
2026/07/08 13:51:36.915, 4, 48, 75566, 97887
2026/07/08 13:51:36.936, 5, 80, 75566, 97887
2026/07/08 13:51:36.954, 6, 91, 75608, 97887
2026/07/08 13:51:36.971, 7, 28, 75608, 97887
2026/07/08 13:51:37.990, 0, 0, 48704, 97887
2026/07/08 13:51:38.007, 1, 0, 48104, 97887
2026/07/08 13:51:38.020, 2, 0, 48104, 97887
2026/07/08 13:51:38.037, 3, 0, 48104, 97887
2026/07/08 13:51:38.053, 4, 41, 75566, 97887
2026/07/08 13:51:38.069, 5, 87, 75566, 97887
2026/07/08 13:51:38.086, 6, 92, 75608, 97887
2026/07/08 13:51:38.106, 7, 28, 75608, 97887
2026/07/08 13:51:39.125, 0, 0, 48704, 97887
2026/07/08 13:51:39.144, 1, 0, 48104, 97887
2026/07/08 13:51:39.162, 2, 0, 48104, 97887
2026/07/08 13:51:39.179, 3, 0, 48104, 97887
2026/07/08 13:51:39.196, 4, 75, 75566, 97887
2026/07/08 13:51:39.213, 5, 33, 75566, 97887
2026/07/08 13:51:39.232, 6, 92, 75608, 97887
2026/07/08 13:51:39.250, 7, 28, 75608, 97887
2026/07/08 13:51:40.269, 0, 0, 48704, 97887
2026/07/08 13:51:40.286, 1, 0, 48104, 97887
2026/07/08 13:51:40.300, 2, 0, 48104, 97887
2026/07/08 13:51:40.317, 3, 0, 48104, 97887
2026/07/08 13:51:40.333, 4, 71, 75566, 97887
2026/07/08 13:51:40.346, 5, 59, 75566, 97887
2026/07/08 13:51:40.360, 6, 88, 75608, 97887
2026/07/08 13:51:40.376, 7, 29, 75608, 97887
2026/07/08 13:51:41.393, 0, 0, 48704, 97887
2026/07/08 13:51:41.415, 1, 0, 48104, 97887
2026/07/08 13:51:41.430, 2, 0, 48104, 97887
2026/07/08 13:51:41.448, 3, 0, 48104, 97887
2026/07/08 13:51:41.464, 4, 34, 75566, 97887
2026/07/08 13:51:41.481, 5, 71, 75566, 97887
2026/07/08 13:51:41.498, 6, 92, 75608, 97887
2026/07/08 13:51:41.516, 7, 27, 75608, 97887
2026/07/08 13:51:42.533, 0, 0, 48704, 97887
2026/07/08 13:51:42.550, 1, 0, 48104, 97887
2026/07/08 13:51:42.562, 2, 0, 48104, 97887
2026/07/08 13:51:42.574, 3, 0, 48104, 97887
2026/07/08 13:51:42.586, 4, 39, 75566, 97887
2026/07/08 13:51:42.598, 5, 92, 75566, 97887
2026/07/08 13:51:42.614, 6, 90, 75608, 97887
2026/07/08 13:51:42.632, 7, 29, 75608, 97887
2026/07/08 13:51:43.649, 0, 0, 48704, 97887
2026/07/08 13:51:43.668, 1, 0, 48104, 97887
2026/07/08 13:51:43.685, 2, 0, 48104, 97887
2026/07/08 13:51:43.701, 3, 0, 48104, 97887
2026/07/08 13:51:43.717, 4, 42, 75566, 97887
2026/07/08 13:51:43.731, 5, 70, 75566, 97887
2026/07/08 13:51:43.747, 6, 92, 75608, 97887
2026/07/08 13:51:43.762, 7, 28, 75608, 97887
2026/07/08 13:51:44.777, 0, 0, 48704, 97887
2026/07/08 13:51:44.795, 1, 0, 48104, 97887
2026/07/08 13:51:44.811, 2, 0, 48104, 97887
2026/07/08 13:51:44.830, 3, 0, 48104, 97887
2026/07/08 13:51:44.841, 4, 53, 75566, 97887
2026/07/08 13:51:44.854, 5, 76, 75566, 97887
2026/07/08 13:51:44.869, 6, 91, 75608, 97887
2026/07/08 13:51:44.882, 7, 29, 75608, 97887
2026/07/08 13:51:45.898, 0, 0, 48704, 97887
2026/07/08 13:51:45.914, 1, 0, 48104, 97887
2026/07/08 13:51:45.929, 2, 0, 48104, 97887
2026/07/08 13:51:45.942, 3, 0, 48104, 97887
2026/07/08 13:51:45.957, 4, 76, 75566, 97887
2026/07/08 13:51:45.972, 5, 33, 75566, 97887
2026/07/08 13:51:45.988, 6, 94, 75608, 97887
2026/07/08 13:51:46.001, 7, 33, 75608, 97887
2026/07/08 13:51:47.015, 0, 0, 48704, 97887
2026/07/08 13:51:47.035, 1, 0, 48104, 97887
2026/07/08 13:51:47.051, 2, 0, 48104, 97887
2026/07/08 13:51:47.068, 3, 0, 48104, 97887
2026/07/08 13:51:47.084, 4, 67, 75566, 97887
2026/07/08 13:51:47.097, 5, 41, 75566, 97887
2026/07/08 13:51:47.113, 6, 91, 75608, 97887
2026/07/08 13:51:47.127, 7, 27, 75608, 97887
2026/07/08 13:51:48.145, 0, 0, 48704, 97887
2026/07/08 13:51:48.165, 1, 0, 48104, 97887
2026/07/08 13:51:48.185, 2, 0, 48104, 97887
2026/07/08 13:51:48.204, 3, 0, 48104, 97887
2026/07/08 13:51:48.223, 4, 79, 75566, 97887
2026/07/08 13:51:48.243, 5, 45, 75566, 97887
2026/07/08 13:51:48.262, 6, 92, 75608, 97887
2026/07/08 13:51:48.283, 7, 28, 75608, 97887
2026/07/08 13:51:49.303, 0, 0, 48704, 97887
2026/07/08 13:51:49.319, 1, 0, 48104, 97887
2026/07/08 13:51:49.338, 2, 0, 48104, 97887
2026/07/08 13:51:49.356, 3, 0, 48104, 97887
2026/07/08 13:51:49.374, 4, 77, 75566, 97887
2026/07/08 13:51:49.392, 5, 45, 75566, 97887
2026/07/08 13:51:49.404, 6, 90, 75608, 97887
2026/07/08 13:51:49.414, 7, 29, 75608, 97887
2026/07/08 13:51:50.432, 0, 0, 48704, 97887
2026/07/08 13:51:50.450, 1, 0, 48104, 97887
2026/07/08 13:51:50.467, 2, 0, 48104, 97887
2026/07/08 13:51:50.481, 3, 0, 48104, 97887
2026/07/08 13:51:50.498, 4, 45, 75566, 97887
2026/07/08 13:51:50.514, 5, 83, 75566, 97887
2026/07/08 13:51:50.529, 6, 90, 75608, 97887
2026/07/08 13:51:50.542, 7, 29, 75608, 97887
2026/07/08 13:51:51.557, 0, 0, 48704, 97887
2026/07/08 13:51:51.574, 1, 0, 48104, 97887
2026/07/08 13:51:51.590, 2, 0, 48104, 97887
2026/07/08 13:51:51.605, 3, 0, 48104, 97887
2026/07/08 13:51:51.623, 4, 87, 75566, 97887
2026/07/08 13:51:51.642, 5, 32, 75566, 97887
2026/07/08 13:51:51.658, 6, 92, 75610, 97887
2026/07/08 13:51:51.677, 7, 29, 75608, 97887
2026/07/08 13:51:52.695, 0, 0, 48704, 97887
2026/07/08 13:51:52.712, 1, 0, 48104, 97887
2026/07/08 13:51:52.727, 2, 0, 48104, 97887
2026/07/08 13:51:52.742, 3, 0, 48104, 97887
2026/07/08 13:51:52.759, 4, 59, 75566, 97887
2026/07/08 13:51:52.774, 5, 39, 75566, 97887
2026/07/08 13:51:52.788, 6, 92, 75610, 97887
2026/07/08 13:51:52.805, 7, 29, 75608, 97887
2026/07/08 13:51:53.823, 0, 0, 48704, 97887
2026/07/08 13:51:53.842, 1, 0, 48104, 97887
2026/07/08 13:51:53.858, 2, 0, 48104, 97887
2026/07/08 13:51:53.874, 3, 0, 48104, 97887
2026/07/08 13:51:53.889, 4, 62, 75566, 97887
2026/07/08 13:51:53.904, 5, 52, 75566, 97887
2026/07/08 13:51:53.921, 6, 90, 75610, 97887
2026/07/08 13:51:53.934, 7, 28, 75610, 97887
2026/07/08 13:51:54.951, 0, 0, 48704, 97887
2026/07/08 13:51:54.972, 1, 0, 48104, 97887
2026/07/08 13:51:54.990, 2, 0, 48104, 97887
2026/07/08 13:51:55.005, 3, 0, 48104, 97887
2026/07/08 13:51:55.021, 4, 88, 75566, 97887
2026/07/08 13:51:55.038, 5, 39, 75566, 97887
2026/07/08 13:51:55.053, 6, 89, 75610, 97887
2026/07/08 13:51:55.067, 7, 28, 75610, 97887
2026/07/08 13:51:56.082, 0, 0, 48704, 97887
2026/07/08 13:51:56.100, 1, 0, 48104, 97887
2026/07/08 13:51:56.119, 2, 0, 48104, 97887
2026/07/08 13:51:56.135, 3, 0, 48104, 97887
2026/07/08 13:51:56.150, 4, 95, 75566, 97887
2026/07/08 13:51:56.168, 5, 39, 75566, 97887
2026/07/08 13:51:56.187, 6, 87, 75610, 97887
2026/07/08 13:51:56.203, 7, 29, 75610, 97887
2026/07/08 13:51:57.221, 0, 0, 48704, 97887
2026/07/08 13:51:57.237, 1, 0, 48104, 97887
2026/07/08 13:51:57.252, 2, 0, 48104, 97887
2026/07/08 13:51:57.267, 3, 0, 48104, 97887
2026/07/08 13:51:57.284, 4, 87, 75566, 97887
2026/07/08 13:51:57.302, 5, 42, 75566, 97887
2026/07/08 13:51:57.319, 6, 89, 75610, 97887
2026/07/08 13:51:57.335, 7, 28, 75610, 97887
2026/07/08 13:51:58.349, 0, 0, 48704, 97887
2026/07/08 13:51:58.367, 1, 0, 48104, 97887
2026/07/08 13:51:58.384, 2, 0, 48104, 97887
2026/07/08 13:51:58.402, 3, 0, 48104, 97887
2026/07/08 13:51:58.419, 4, 89, 75566, 97887
2026/07/08 13:51:58.438, 5, 37, 75566, 97887
2026/07/08 13:51:58.457, 6, 88, 75610, 97887
2026/07/08 13:51:58.478, 7, 28, 75610, 97887
2026/07/08 13:51:59.498, 0, 0, 48704, 97887
2026/07/08 13:51:59.518, 1, 0, 48104, 97887
2026/07/08 13:51:59.537, 2, 0, 48104, 97887
2026/07/08 13:51:59.556, 3, 0, 48104, 97887
2026/07/08 13:51:59.572, 4, 88, 75566, 97887
2026/07/08 13:51:59.589, 5, 40, 75566, 97887
2026/07/08 13:51:59.604, 6, 92, 75610, 97887
2026/07/08 13:51:59.620, 7, 29, 75610, 97887
2026/07/08 13:52:00.637, 0, 0, 48704, 97887
2026/07/08 13:52:00.656, 1, 0, 48104, 97887
2026/07/08 13:52:00.673, 2, 0, 48104, 97887
2026/07/08 13:52:00.690, 3, 0, 48104, 97887
2026/07/08 13:52:00.710, 4, 42, 75566, 97887
2026/07/08 13:52:00.727, 5, 91, 75566, 97887
2026/07/08 13:52:00.738, 6, 87, 75610, 97887
2026/07/08 13:52:00.750, 7, 59, 75610, 97887
2026/07/08 13:52:01.763, 0, 0, 48704, 97887
2026/07/08 13:52:01.780, 1, 0, 48104, 97887
2026/07/08 13:52:01.792, 2, 0, 48104, 97887
2026/07/08 13:52:01.808, 3, 0, 48104, 97887
2026/07/08 13:52:01.825, 4, 95, 75566, 97887
2026/07/08 13:52:01.841, 5, 35, 75566, 97887
2026/07/08 13:52:01.859, 6, 92, 75610, 97887
2026/07/08 13:52:01.876, 7, 29, 75610, 97887
2026/07/08 13:52:02.892, 0, 0, 48704, 97887
2026/07/08 13:52:02.910, 1, 0, 48104, 97887
2026/07/08 13:52:02.926, 2, 0, 48104, 97887
2026/07/08 13:52:02.945, 3, 0, 48104, 97887
2026/07/08 13:52:02.961, 4, 68, 75566, 97887
2026/07/08 13:52:02.976, 5, 55, 75566, 97887
2026/07/08 13:52:02.991, 6, 91, 75610, 97887
2026/07/08 13:52:03.007, 7, 29, 75610, 97887
2026/07/08 13:52:04.023, 0, 0, 48704, 97887
2026/07/08 13:52:04.042, 1, 0, 48104, 97887
2026/07/08 13:52:04.061, 2, 0, 48104, 97887
2026/07/08 13:52:04.074, 3, 0, 48104, 97887
2026/07/08 13:52:04.090, 4, 38, 75566, 97887
2026/07/08 13:52:04.106, 5, 83, 75566, 97887
2026/07/08 13:52:04.122, 6, 91, 75610, 97887
2026/07/08 13:52:04.138, 7, 28, 75610, 97887
2026/07/08 13:52:05.149, 0, 0, 48704, 97887
2026/07/08 13:52:05.167, 1, 0, 48104, 97887
2026/07/08 13:52:05.182, 2, 0, 48104, 97887
2026/07/08 13:52:05.199, 3, 0, 48104, 97887
2026/07/08 13:52:05.213, 4, 40, 75566, 97887
2026/07/08 13:52:05.229, 5, 73, 75566, 97887
2026/07/08 13:52:05.242, 6, 91, 75610, 97887
2026/07/08 13:52:05.255, 7, 30, 75610, 97887
2026/07/08 13:52:06.271, 0, 0, 48704, 97887
2026/07/08 13:52:06.289, 1, 0, 48104, 97887
2026/07/08 13:52:06.305, 2, 0, 48104, 97887
2026/07/08 13:52:06.322, 3, 0, 48104, 97887
2026/07/08 13:52:06.358, 4, 31, 75566, 97887
2026/07/08 13:52:06.380, 5, 47, 75566, 97887
2026/07/08 13:52:06.394, 6, 26, 75610, 97887
2026/07/08 13:52:06.414, 7, 83, 75610, 97887
2026/07/08 13:52:07.432, 0, 0, 48704, 97887
2026/07/08 13:52:07.448, 1, 0, 48104, 97887
2026/07/08 13:52:07.462, 2, 0, 48104, 97887
2026/07/08 13:52:07.477, 3, 0, 48104, 97887
2026/07/08 13:52:07.490, 4, 95, 75566, 97887
2026/07/08 13:52:07.507, 5, 39, 75566, 97887
2026/07/08 13:52:07.522, 6, 43, 75610, 97887
2026/07/08 13:52:07.537, 7, 61, 75610, 97887
2026/07/08 13:52:08.550, 0, 0, 48704, 97887
2026/07/08 13:52:08.569, 1, 0, 48104, 97887
2026/07/08 13:52:08.588, 2, 0, 48104, 97887
2026/07/08 13:52:08.608, 3, 0, 48104, 97887
2026/07/08 13:52:08.626, 4, 93, 75566, 97887
2026/07/08 13:52:08.641, 5, 35, 75566, 97887
2026/07/08 13:52:08.658, 6, 34, 75610, 97887
2026/07/08 13:52:08.674, 7, 70, 75610, 97887
2026/07/08 13:52:09.690, 0, 0, 48704, 97887
2026/07/08 13:52:09.707, 1, 0, 48104, 97887
2026/07/08 13:52:09.723, 2, 0, 48104, 97887
2026/07/08 13:52:09.738, 3, 0, 48104, 97887
2026/07/08 13:52:09.755, 4, 90, 75566, 97887
2026/07/08 13:52:09.772, 5, 37, 75566, 97887
2026/07/08 13:52:09.788, 6, 43, 75610, 97887
2026/07/08 13:52:09.801, 7, 50, 75610, 97887
2026/07/08 13:52:10.815, 0, 0, 48704, 97887
2026/07/08 13:52:10.831, 1, 0, 48104, 97887
2026/07/08 13:52:10.846, 2, 0, 48104, 97887
2026/07/08 13:52:10.863, 3, 0, 48104, 97887
2026/07/08 13:52:10.879, 4, 70, 75566, 97887
2026/07/08 13:52:10.894, 5, 35, 75566, 97887
2026/07/08 13:52:10.907, 6, 35, 75610, 97887
2026/07/08 13:52:10.919, 7, 96, 75610, 97887
2026/07/08 13:52:11.932, 0, 0, 48704, 97887
2026/07/08 13:52:11.959, 1, 0, 48104, 97887
2026/07/08 13:52:11.976, 2, 0, 48104, 97887
2026/07/08 13:52:11.993, 3, 0, 48104, 97887
2026/07/08 13:52:12.011, 4, 89, 75566, 97887
2026/07/08 13:52:12.042, 5, 42, 75566, 97887
2026/07/08 13:52:12.063, 6, 92, 75610, 97887
2026/07/08 13:52:12.082, 7, 27, 75610, 97887
2026/07/08 13:52:13.100, 0, 0, 48704, 97887
2026/07/08 13:52:13.117, 1, 0, 48104, 97887
2026/07/08 13:52:13.133, 2, 0, 48104, 97887
2026/07/08 13:52:13.149, 3, 0, 48104, 97887
2026/07/08 13:52:13.163, 4, 94, 75566, 97887
2026/07/08 13:52:13.178, 5, 39, 75566, 97887
2026/07/08 13:52:13.193, 6, 92, 75610, 97887
2026/07/08 13:52:13.208, 7, 29, 75610, 97887
2026/07/08 13:52:14.224, 0, 0, 48704, 97887
2026/07/08 13:52:14.237, 1, 0, 48104, 97887
2026/07/08 13:52:14.248, 2, 0, 48104, 97887
2026/07/08 13:52:14.260, 3, 0, 48104, 97887
2026/07/08 13:52:14.273, 4, 40, 75566, 97887
2026/07/08 13:52:14.286, 5, 90, 75566, 97887
2026/07/08 13:52:14.298, 6, 83, 75610, 97887
2026/07/08 13:52:14.311, 7, 28, 75610, 97887
2026/07/08 13:52:15.324, 0, 0, 48704, 97887
2026/07/08 13:52:15.338, 1, 0, 48104, 97887
2026/07/08 13:52:15.352, 2, 0, 48104, 97887
2026/07/08 13:52:15.366, 3, 0, 48104, 97887
2026/07/08 13:52:15.383, 4, 68, 75568, 97887
2026/07/08 13:52:15.398, 5, 39, 75566, 97887
2026/07/08 13:52:15.415, 6, 20, 75610, 97887
2026/07/08 13:52:15.432, 7, 74, 75610, 97887
2026/07/08 13:52:16.441, 0, 0, 48704, 97887
2026/07/08 13:52:16.457, 1, 0, 48104, 97887
2026/07/08 13:52:16.471, 2, 0, 48104, 97887
2026/07/08 13:52:16.485, 3, 0, 48104, 97887
2026/07/08 13:52:16.503, 4, 90, 75568, 97887
2026/07/08 13:52:16.518, 5, 37, 75568, 97887
2026/07/08 13:52:16.535, 6, 71, 75610, 97887
2026/07/08 13:52:16.552, 7, 63, 75610, 97887
2026/07/08 13:52:17.568, 0, 0, 48704, 97887
2026/07/08 13:52:17.584, 1, 0, 48104, 97887
2026/07/08 13:52:17.603, 2, 0, 48104, 97887
2026/07/08 13:52:17.630, 3, 0, 48104, 97887
2026/07/08 13:52:17.648, 4, 93, 75568, 97887
2026/07/08 13:52:17.668, 5, 43, 75568, 97887
2026/07/08 13:52:17.691, 6, 54, 75610, 97887
2026/07/08 13:52:17.709, 7, 31, 75610, 97887
2026/07/08 13:52:18.727, 0, 0, 48704, 97887
2026/07/08 13:52:18.744, 1, 0, 48104, 97887
2026/07/08 13:52:18.759, 2, 0, 48104, 97887
2026/07/08 13:52:18.773, 3, 0, 48104, 97887
2026/07/08 13:52:18.789, 4, 92, 75568, 97887
2026/07/08 13:52:18.802, 5, 42, 75568, 97887
2026/07/08 13:52:18.814, 6, 91, 75610, 97887
2026/07/08 13:52:18.828, 7, 29, 75610, 97887
2026/07/08 13:52:19.846, 0, 0, 48704, 97887
2026/07/08 13:52:19.865, 1, 0, 48104, 97887
2026/07/08 13:52:19.880, 2, 0, 48104, 97887
2026/07/08 13:52:19.897, 3, 0, 48104, 97887
2026/07/08 13:52:19.913, 4, 90, 75568, 97887
2026/07/08 13:52:19.930, 5, 37, 75568, 97887
2026/07/08 13:52:19.938, 6, 92, 75610, 97887
2026/07/08 13:52:19.950, 7, 31, 75610, 97887
2026/07/08 13:52:20.963, 0, 0, 48704, 97887
2026/07/08 13:52:20.985, 1, 0, 48104, 97887
2026/07/08 13:52:21.005, 2, 0, 48104, 97887
2026/07/08 13:52:21.024, 3, 0, 48104, 97887
2026/07/08 13:52:21.043, 4, 57, 75568, 97887
2026/07/08 13:52:21.061, 5, 43, 75568, 97887
2026/07/08 13:52:21.079, 6, 91, 75610, 97887
2026/07/08 13:52:21.096, 7, 32, 75610, 97887
2026/07/08 13:52:22.112, 0, 0, 48704, 97887
2026/07/08 13:52:22.131, 1, 0, 48104, 97887
2026/07/08 13:52:22.147, 2, 0, 48104, 97887
2026/07/08 13:52:22.165, 3, 0, 48104, 97887
2026/07/08 13:52:22.183, 4, 87, 75568, 97887
2026/07/08 13:52:22.201, 5, 37, 75568, 97887
2026/07/08 13:52:22.219, 6, 81, 75610, 97887
2026/07/08 13:52:22.237, 7, 60, 75610, 97887
2026/07/08 13:52:23.255, 0, 0, 48704, 97887
2026/07/08 13:52:23.277, 1, 0, 48104, 97887
2026/07/08 13:52:23.296, 2, 0, 48104, 97887
2026/07/08 13:52:23.316, 3, 0, 48104, 97887
2026/07/08 13:52:23.338, 4, 91, 75568, 97887
2026/07/08 13:52:23.365, 5, 39, 75568, 97887
2026/07/08 13:52:23.386, 6, 83, 75610, 97887
2026/07/08 13:52:23.398, 7, 31, 75610, 97887
2026/07/08 13:52:24.411, 0, 0, 48704, 97887
2026/07/08 13:52:24.427, 1, 0, 48104, 97887
2026/07/08 13:52:24.445, 2, 0, 48104, 97887
2026/07/08 13:52:24.460, 3, 0, 48104, 97887
2026/07/08 13:52:24.478, 4, 89, 75568, 97887
2026/07/08 13:52:24.493, 5, 35, 75568, 97887
2026/07/08 13:52:24.509, 6, 89, 75610, 97887
2026/07/08 13:52:24.524, 7, 30, 75610, 97887
2026/07/08 13:52:25.542, 0, 0, 48704, 97887
2026/07/08 13:52:25.560, 1, 0, 48104, 97887
2026/07/08 13:52:25.580, 2, 0, 48104, 97887
2026/07/08 13:52:25.596, 3, 0, 48104, 97887
2026/07/08 13:52:25.610, 4, 76, 75568, 97887
2026/07/08 13:52:25.626, 5, 30, 75568, 97887
2026/07/08 13:52:25.642, 6, 87, 75610, 97887
2026/07/08 13:52:25.656, 7, 29, 75610, 97887
2026/07/08 13:52:26.671, 0, 0, 48704, 97887
2026/07/08 13:52:26.689, 1, 0, 48104, 97887
2026/07/08 13:52:26.707, 2, 0, 48104, 97887
2026/07/08 13:52:26.723, 3, 0, 48104, 97887
2026/07/08 13:52:26.738, 4, 81, 75568, 97887
2026/07/08 13:52:26.756, 5, 49, 75568, 97887
2026/07/08 13:52:26.770, 6, 86, 75610, 97887
2026/07/08 13:52:26.788, 7, 30, 75610, 97887
2026/07/08 13:52:27.806, 0, 0, 48704, 97887
2026/07/08 13:52:27.825, 1, 0, 48104, 97887
2026/07/08 13:52:27.843, 2, 0, 48104, 97887
2026/07/08 13:52:27.859, 3, 0, 48104, 97887
2026/07/08 13:52:27.873, 4, 95, 75568, 97887
2026/07/08 13:52:27.887, 5, 85, 75568, 97887
2026/07/08 13:52:27.905, 6, 89, 75610, 97887
2026/07/08 13:52:27.920, 7, 31, 75610, 97887
2026/07/08 13:52:28.935, 0, 0, 48704, 97887
2026/07/08 13:52:28.952, 1, 0, 48104, 97887
2026/07/08 13:52:28.970, 2, 0, 48104, 97887
2026/07/08 13:52:28.988, 3, 0, 48104, 97887
2026/07/08 13:52:29.007, 4, 86, 75568, 97887
2026/07/08 13:52:29.026, 5, 46, 75568, 97887
2026/07/08 13:52:29.046, 6, 41, 75610, 97887
2026/07/08 13:52:29.064, 7, 17, 75610, 97887
2026/07/08 13:52:30.081, 0, 0, 48704, 97887
2026/07/08 13:52:30.097, 1, 0, 48104, 97887
2026/07/08 13:52:30.115, 2, 0, 48104, 97887
2026/07/08 13:52:30.132, 3, 0, 48104, 97887
2026/07/08 13:52:30.147, 4, 91, 75568, 97887
2026/07/08 13:52:30.162, 5, 84, 75568, 97887
2026/07/08 13:52:30.178, 6, 92, 75610, 97887
2026/07/08 13:52:30.194, 7, 30, 75610, 97887
2026/07/08 13:52:31.213, 0, 0, 48704, 97887
2026/07/08 13:52:31.228, 1, 0, 48104, 97887
2026/07/08 13:52:31.246, 2, 0, 48104, 97887
2026/07/08 13:52:31.265, 3, 0, 48104, 97887
2026/07/08 13:52:31.284, 4, 87, 75568, 97887
2026/07/08 13:52:31.302, 5, 38, 75568, 97887
2026/07/08 13:52:31.321, 6, 87, 75610, 97887
2026/07/08 13:52:31.339, 7, 30, 75610, 97887
2026/07/08 13:52:32.358, 0, 0, 48704, 97887
2026/07/08 13:52:32.375, 1, 0, 48104, 97887
2026/07/08 13:52:32.391, 2, 0, 48104, 97887
2026/07/08 13:52:32.409, 3, 0, 48104, 97887
2026/07/08 13:52:32.426, 4, 95, 75568, 97887
2026/07/08 13:52:32.441, 5, 37, 75568, 97887
2026/07/08 13:52:32.454, 6, 81, 75610, 97887
2026/07/08 13:52:32.471, 7, 34, 75610, 97887
2026/07/08 13:52:33.490, 0, 0, 48704, 97887
2026/07/08 13:52:33.511, 1, 0, 48104, 97887
2026/07/08 13:52:33.530, 2, 0, 48104, 97887
2026/07/08 13:52:33.550, 3, 0, 48104, 97887
2026/07/08 13:52:33.567, 4, 96, 75568, 97887
2026/07/08 13:52:33.588, 5, 36, 75568, 97887
2026/07/08 13:52:33.606, 6, 92, 75610, 97887
2026/07/08 13:52:33.624, 7, 28, 75610, 97887
2026/07/08 13:52:34.645, 0, 0, 48704, 97887
2026/07/08 13:52:34.663, 1, 0, 48104, 97887
2026/07/08 13:52:34.679, 2, 0, 48104, 97887
2026/07/08 13:52:34.695, 3, 0, 48104, 97887
2026/07/08 13:52:34.711, 4, 95, 75568, 97887
2026/07/08 13:52:34.728, 5, 39, 75568, 97887
2026/07/08 13:52:34.745, 6, 92, 75610, 97887
2026/07/08 13:52:34.763, 7, 27, 75610, 97887
2026/07/08 13:52:35.781, 0, 0, 48704, 97887
2026/07/08 13:52:35.801, 1, 0, 48104, 97887
2026/07/08 13:52:35.819, 2, 0, 48104, 97887
2026/07/08 13:52:35.840, 3, 0, 48104, 97887
2026/07/08 13:52:35.858, 4, 86, 75568, 97887
2026/07/08 13:52:35.875, 5, 37, 75568, 97887
2026/07/08 13:52:35.893, 6, 92, 75610, 97887
2026/07/08 13:52:35.912, 7, 29, 75610, 97887
2026/07/08 13:52:36.929, 0, 0, 48704, 97887
2026/07/08 13:52:36.950, 1, 0, 48104, 97887
2026/07/08 13:52:36.970, 2, 0, 48104, 97887
2026/07/08 13:52:36.988, 3, 0, 48104, 97887
2026/07/08 13:52:37.000, 4, 94, 75568, 97887
2026/07/08 13:52:37.016, 5, 39, 75568, 97887
2026/07/08 13:52:37.028, 6, 40, 75610, 97887
2026/07/08 13:52:37.044, 7, 15, 75610, 97887
2026/07/08 13:52:38.059, 0, 0, 48704, 97887
2026/07/08 13:52:38.079, 1, 0, 48104, 97887
2026/07/08 13:52:38.096, 2, 0, 48104, 97887
2026/07/08 13:52:38.114, 3, 0, 48104, 97887
2026/07/08 13:52:38.132, 4, 93, 75568, 97887
2026/07/08 13:52:38.151, 5, 34, 75568, 97887
2026/07/08 13:52:38.169, 6, 86, 75610, 97887
2026/07/08 13:52:38.185, 7, 34, 75610, 97887
2026/07/08 13:52:39.202, 0, 0, 48704, 97887
2026/07/08 13:52:39.220, 1, 0, 48104, 97887
2026/07/08 13:52:39.237, 2, 0, 48104, 97887
2026/07/08 13:52:39.252, 3, 0, 48104, 97887
2026/07/08 13:52:39.268, 4, 95, 75568, 97887
2026/07/08 13:52:39.285, 5, 33, 75568, 97887
2026/07/08 13:52:39.302, 6, 90, 75610, 97887
2026/07/08 13:52:39.319, 7, 28, 75610, 97887
2026/07/08 13:52:40.335, 0, 0, 48704, 97887
2026/07/08 13:52:40.353, 1, 0, 48104, 97887
2026/07/08 13:52:40.368, 2, 0, 48104, 97887
2026/07/08 13:52:40.385, 3, 0, 48104, 97887
2026/07/08 13:52:40.401, 4, 93, 75568, 97887
2026/07/08 13:52:40.416, 5, 37, 75568, 97887
2026/07/08 13:52:40.430, 6, 92, 75610, 97887
2026/07/08 13:52:40.445, 7, 28, 75610, 97887
2026/07/08 13:52:41.461, 0, 0, 48704, 97887
2026/07/08 13:52:41.480, 1, 0, 48104, 97887
2026/07/08 13:52:41.498, 2, 0, 48104, 97887
2026/07/08 13:52:41.513, 3, 0, 48104, 97887
2026/07/08 13:52:41.530, 4, 96, 75568, 97887
2026/07/08 13:52:41.546, 5, 39, 75568, 97887
2026/07/08 13:52:41.564, 6, 91, 75610, 97887
2026/07/08 13:52:41.581, 7, 34, 75610, 97887
2026/07/08 13:52:42.601, 0, 0, 48704, 97887
2026/07/08 13:52:42.620, 1, 0, 48104, 97887
2026/07/08 13:52:42.640, 2, 0, 48104, 97887
2026/07/08 13:52:42.656, 3, 0, 48104, 97887
2026/07/08 13:52:42.674, 4, 76, 75568, 97887
2026/07/08 13:52:42.692, 5, 40, 75568, 97887
2026/07/08 13:52:42.710, 6, 89, 75610, 97887
2026/07/08 13:52:42.728, 7, 54, 75610, 97887
2026/07/08 13:52:43.747, 0, 0, 48704, 97887
2026/07/08 13:52:43.766, 1, 0, 48104, 97887
2026/07/08 13:52:43.783, 2, 0, 48104, 97887
2026/07/08 13:52:43.798, 3, 0, 48104, 97887
2026/07/08 13:52:43.814, 4, 86, 75568, 97887
2026/07/08 13:52:43.832, 5, 41, 75568, 97887
2026/07/08 13:52:43.850, 6, 93, 75612, 97887
2026/07/08 13:52:43.869, 7, 45, 75612, 97887
2026/07/08 13:52:44.888, 0, 0, 48704, 97887
2026/07/08 13:52:44.909, 1, 0, 48104, 97887
2026/07/08 13:52:44.924, 2, 0, 48104, 97887
2026/07/08 13:52:44.939, 3, 0, 48104, 97887
2026/07/08 13:52:44.961, 4, 58, 75568, 97887
2026/07/08 13:52:44.980, 5, 57, 75568, 97887
2026/07/08 13:52:45.000, 6, 92, 75612, 97887
2026/07/08 13:52:45.017, 7, 30, 75612, 97887
2026/07/08 13:52:46.032, 0, 0, 48704, 97887
2026/07/08 13:52:46.049, 1, 0, 48104, 97887
2026/07/08 13:52:46.067, 2, 0, 48104, 97887
2026/07/08 13:52:46.083, 3, 0, 48104, 97887
2026/07/08 13:52:46.098, 4, 94, 75568, 97887
2026/07/08 13:52:46.114, 5, 36, 75568, 97887
2026/07/08 13:52:46.132, 6, 45, 75612, 97887
2026/07/08 13:52:46.150, 7, 65, 75612, 97887
2026/07/08 13:52:47.169, 0, 0, 48704, 97887
2026/07/08 13:52:47.187, 1, 0, 48104, 97887
2026/07/08 13:52:47.202, 2, 0, 48104, 97887
2026/07/08 13:52:47.218, 3, 0, 48104, 97887
2026/07/08 13:52:47.234, 4, 93, 75568, 97887
2026/07/08 13:52:47.250, 5, 30, 75568, 97887
2026/07/08 13:52:47.268, 6, 92, 75612, 97887
2026/07/08 13:52:47.284, 7, 29, 75612, 97887
2026/07/08 13:52:48.298, 0, 0, 48704, 97887
2026/07/08 13:52:48.313, 1, 0, 48104, 97887
2026/07/08 13:52:48.326, 2, 0, 48104, 97887
2026/07/08 13:52:48.343, 3, 0, 48104, 97887
2026/07/08 13:52:48.358, 4, 96, 75568, 97887
2026/07/08 13:52:48.370, 5, 39, 75568, 97887
2026/07/08 13:52:48.384, 6, 91, 75612, 97887
2026/07/08 13:52:48.397, 7, 46, 75612, 97887
2026/07/08 13:52:49.414, 0, 0, 48704, 97887
2026/07/08 13:52:49.431, 1, 0, 48104, 97887
2026/07/08 13:52:49.446, 2, 0, 48104, 97887
2026/07/08 13:52:49.460, 3, 0, 48104, 97887
2026/07/08 13:52:49.475, 4, 85, 75568, 97887
2026/07/08 13:52:49.493, 5, 36, 75568, 97887
2026/07/08 13:52:49.507, 6, 91, 75612, 97887
2026/07/08 13:52:49.522, 7, 40, 75612, 97887
2026/07/08 13:52:50.535, 0, 0, 48704, 97887
2026/07/08 13:52:50.552, 1, 0, 48104, 97887
2026/07/08 13:52:50.572, 2, 0, 48104, 97887
2026/07/08 13:52:50.591, 3, 0, 48104, 97887
2026/07/08 13:52:50.608, 4, 93, 75568, 97887
2026/07/08 13:52:50.626, 5, 35, 75568, 97887
2026/07/08 13:52:50.645, 6, 92, 75612, 97887
2026/07/08 13:52:50.662, 7, 30, 75612, 97887
2026/07/08 13:52:51.680, 0, 0, 48704, 97887
2026/07/08 13:52:51.701, 1, 0, 48104, 97887
2026/07/08 13:52:51.721, 2, 0, 48104, 97887
2026/07/08 13:52:51.738, 3, 0, 48104, 97887
2026/07/08 13:52:51.758, 4, 91, 75568, 97887
2026/07/08 13:52:51.777, 5, 39, 75568, 97887
2026/07/08 13:52:51.799, 6, 93, 75612, 97887
2026/07/08 13:52:51.821, 7, 30, 75612, 97887
2026/07/08 13:52:52.839, 0, 0, 48704, 97887
2026/07/08 13:52:52.854, 1, 0, 48104, 97887
2026/07/08 13:52:52.867, 2, 0, 48104, 97887
2026/07/08 13:52:52.880, 3, 0, 48104, 97887
2026/07/08 13:52:52.894, 4, 94, 75568, 97887
2026/07/08 13:52:52.911, 5, 33, 75568, 97887
2026/07/08 13:52:52.928, 6, 95, 75612, 97887
2026/07/08 13:52:52.946, 7, 37, 75612, 97887
2026/07/08 13:52:53.964, 0, 0, 48704, 97887
2026/07/08 13:52:53.979, 1, 0, 48104, 97887
2026/07/08 13:52:53.994, 2, 0, 48104, 97887
2026/07/08 13:52:54.009, 3, 0, 48104, 97887
2026/07/08 13:52:54.026, 4, 94, 75568, 97887
2026/07/08 13:52:54.045, 5, 40, 75568, 97887
2026/07/08 13:52:54.064, 6, 92, 75612, 97887
2026/07/08 13:52:54.082, 7, 31, 75612, 97887
2026/07/08 13:52:55.098, 0, 0, 48704, 97887
2026/07/08 13:52:55.111, 1, 0, 48104, 97887
2026/07/08 13:52:55.125, 2, 0, 48104, 97887
2026/07/08 13:52:55.139, 3, 0, 48104, 97887
2026/07/08 13:52:55.149, 4, 92, 75568, 97887
2026/07/08 13:52:55.158, 5, 38, 75568, 97887
2026/07/08 13:52:55.170, 6, 91, 75612, 97887
2026/07/08 13:52:55.185, 7, 44, 75612, 97887
2026/07/08 13:52:56.199, 0, 0, 48704, 97887
2026/07/08 13:52:56.216, 1, 0, 48104, 97887
2026/07/08 13:52:56.231, 2, 0, 48104, 97887
2026/07/08 13:52:56.247, 3, 0, 48104, 97887
2026/07/08 13:52:56.262, 4, 89, 75568, 97887
2026/07/08 13:52:56.279, 5, 39, 75568, 97887
2026/07/08 13:52:56.300, 6, 95, 75612, 97887
2026/07/08 13:52:56.318, 7, 28, 75612, 97887
2026/07/08 13:52:57.334, 0, 0, 48704, 97887
2026/07/08 13:52:57.349, 1, 0, 48104, 97887
2026/07/08 13:52:57.362, 2, 0, 48104, 97887
2026/07/08 13:52:57.378, 3, 0, 48104, 97887
2026/07/08 13:52:57.394, 4, 77, 75568, 97887
2026/07/08 13:52:57.409, 5, 39, 75568, 97887
2026/07/08 13:52:57.423, 6, 79, 75612, 97887
2026/07/08 13:52:57.439, 7, 29, 75612, 97887
2026/07/08 13:52:58.453, 0, 0, 48704, 97887
2026/07/08 13:52:58.475, 1, 0, 48104, 97887
2026/07/08 13:52:58.493, 2, 0, 48104, 97887
2026/07/08 13:52:58.510, 3, 0, 48104, 97887
2026/07/08 13:52:58.528, 4, 94, 75570, 97887
2026/07/08 13:52:58.547, 5, 33, 75568, 97887
2026/07/08 13:52:58.568, 6, 92, 75612, 97887
2026/07/08 13:52:58.588, 7, 30, 75612, 97887
2026/07/08 13:52:59.608, 0, 0, 48704, 97887
2026/07/08 13:52:59.626, 1, 0, 48104, 97887
2026/07/08 13:52:59.644, 2, 0, 48104, 97887
2026/07/08 13:52:59.661, 3, 0, 48104, 97887
2026/07/08 13:52:59.677, 4, 93, 75570, 97887
2026/07/08 13:52:59.698, 5, 41, 75568, 97887
2026/07/08 13:52:59.714, 6, 91, 75612, 97887
2026/07/08 13:52:59.733, 7, 26, 75612, 97887
2026/07/08 13:53:00.752, 0, 0, 48704, 97887
2026/07/08 13:53:00.770, 1, 0, 48104, 97887
2026/07/08 13:53:00.786, 2, 0, 48104, 97887
2026/07/08 13:53:00.801, 3, 0, 48104, 97887
2026/07/08 13:53:00.815, 4, 79, 75570, 97887
2026/07/08 13:53:00.828, 5, 36, 75568, 97887
2026/07/08 13:53:00.844, 6, 99, 75612, 97887
2026/07/08 13:53:00.860, 7, 28, 75612, 97887
2026/07/08 13:53:01.877, 0, 0, 48704, 97887
2026/07/08 13:53:01.899, 1, 0, 48104, 97887
2026/07/08 13:53:01.914, 2, 0, 48104, 97887
2026/07/08 13:53:01.946, 3, 0, 48104, 97887
2026/07/08 13:53:01.976, 4, 39, 75570, 97887
2026/07/08 13:53:01.995, 5, 91, 75568, 97887
2026/07/08 13:53:02.020, 6, 93, 75612, 97887
2026/07/08 13:53:02.039, 7, 27, 75612, 97887
2026/07/08 13:53:03.061, 0, 0, 48704, 97887
2026/07/08 13:53:03.074, 1, 0, 48104, 97887
2026/07/08 13:53:03.088, 2, 0, 48104, 97887
2026/07/08 13:53:03.100, 3, 0, 48104, 97887
2026/07/08 13:53:03.112, 4, 42, 75570, 97887
2026/07/08 13:53:03.128, 5, 95, 75568, 97887
2026/07/08 13:53:03.140, 6, 92, 75612, 97887
2026/07/08 13:53:03.157, 7, 31, 75612, 97887
2026/07/08 13:53:04.173, 0, 0, 48704, 97887
2026/07/08 13:53:04.191, 1, 0, 48104, 97887
2026/07/08 13:53:04.207, 2, 0, 48104, 97887
2026/07/08 13:53:04.224, 3, 0, 48104, 97887
2026/07/08 13:53:04.242, 4, 51, 75570, 97887
2026/07/08 13:53:04.259, 5, 81, 75568, 97887
2026/07/08 13:53:04.275, 6, 99, 75612, 97887
2026/07/08 13:53:04.291, 7, 85, 75612, 97887
2026/07/08 13:53:05.307, 0, 0, 48704, 97887
2026/07/08 13:53:05.326, 1, 0, 48104, 97887
2026/07/08 13:53:05.346, 2, 0, 48104, 97887
2026/07/08 13:53:05.358, 3, 0, 48104, 97887
2026/07/08 13:53:05.370, 4, 60, 75570, 97887
2026/07/08 13:53:05.382, 5, 76, 75568, 97887
2026/07/08 13:53:05.401, 6, 92, 75612, 97887
2026/07/08 13:53:05.415, 7, 28, 75612, 97887
2026/07/08 13:53:06.431, 0, 0, 48704, 97887
2026/07/08 13:53:06.452, 1, 0, 48104, 97887
2026/07/08 13:53:06.472, 2, 0, 48104, 97887
2026/07/08 13:53:06.492, 3, 0, 48104, 97887
2026/07/08 13:53:06.512, 4, 56, 75570, 97887
2026/07/08 13:53:06.532, 5, 67, 75568, 97887
2026/07/08 13:53:06.554, 6, 92, 75612, 97887
2026/07/08 13:53:06.574, 7, 26, 75612, 97887
2026/07/08 13:53:07.594, 0, 0, 48704, 97887
2026/07/08 13:53:07.614, 1, 0, 48104, 97887
2026/07/08 13:53:07.639, 2, 0, 48104, 97887
2026/07/08 13:53:07.661, 3, 0, 48104, 97887
2026/07/08 13:53:07.681, 4, 50, 75570, 97887
2026/07/08 13:53:07.700, 5, 72, 75568, 97887
2026/07/08 13:53:07.719, 6, 62, 75612, 97887
2026/07/08 13:53:07.740, 7, 27, 75612, 97887
2026/07/08 13:53:08.755, 0, 0, 48704, 97887
2026/07/08 13:53:08.772, 1, 0, 48104, 97887
2026/07/08 13:53:08.787, 2, 0, 48104, 97887
2026/07/08 13:53:08.797, 3, 0, 48104, 97887
2026/07/08 13:53:08.810, 4, 45, 75570, 97887
2026/07/08 13:53:08.826, 5, 54, 75568, 97887
2026/07/08 13:53:08.842, 6, 57, 75614, 97887
2026/07/08 13:53:08.858, 7, 80, 75614, 97887
2026/07/08 13:53:09.872, 0, 0, 48704, 97887
2026/07/08 13:53:09.888, 1, 0, 48104, 97887
2026/07/08 13:53:09.903, 2, 0, 48104, 97887
2026/07/08 13:53:09.916, 3, 0, 48104, 97887
2026/07/08 13:53:09.931, 4, 52, 75570, 97887
2026/07/08 13:53:09.945, 5, 89, 75568, 97887
2026/07/08 13:53:09.957, 6, 100, 75614, 97887
2026/07/08 13:53:09.971, 7, 100, 75614, 97887
2026/07/08 13:53:10.985, 0, 0, 48704, 97887
2026/07/08 13:53:11.007, 1, 0, 48104, 97887
2026/07/08 13:53:11.026, 2, 0, 48104, 97887
2026/07/08 13:53:11.046, 3, 0, 48104, 97887
2026/07/08 13:53:11.066, 4, 36, 75570, 97887
2026/07/08 13:53:11.084, 5, 91, 75568, 97887
2026/07/08 13:53:11.100, 6, 90, 75614, 97887
2026/07/08 13:53:11.118, 7, 30, 75614, 97887
2026/07/08 13:53:12.137, 0, 0, 48704, 97887
2026/07/08 13:53:12.156, 1, 0, 48104, 97887
2026/07/08 13:53:12.175, 2, 0, 48104, 97887
2026/07/08 13:53:12.191, 3, 0, 48104, 97887
2026/07/08 13:53:12.207, 4, 64, 75570, 97887
2026/07/08 13:53:12.221, 5, 65, 75568, 97887
2026/07/08 13:53:12.237, 6, 93, 75614, 97887
2026/07/08 13:53:12.257, 7, 31, 75614, 97887
2026/07/08 13:53:13.278, 0, 0, 48704, 97887
2026/07/08 13:53:13.300, 1, 0, 48104, 97887
2026/07/08 13:53:13.317, 2, 0, 48104, 97887
2026/07/08 13:53:13.334, 3, 0, 48104, 97887
2026/07/08 13:53:13.349, 4, 86, 75570, 97887
2026/07/08 13:53:13.364, 5, 42, 75568, 97887
2026/07/08 13:53:13.378, 6, 95, 75614, 97887
2026/07/08 13:53:13.393, 7, 37, 75614, 97887
2026/07/08 13:53:14.408, 0, 0, 48704, 97887
2026/07/08 13:53:14.429, 1, 0, 48104, 97887
2026/07/08 13:53:14.448, 2, 0, 48104, 97887
2026/07/08 13:53:14.468, 3, 0, 48104, 97887
2026/07/08 13:53:14.488, 4, 88, 75570, 97887
2026/07/08 13:53:14.506, 5, 42, 75568, 97887
2026/07/08 13:53:14.523, 6, 93, 75614, 97887
2026/07/08 13:53:14.536, 7, 28, 75614, 97887
2026/07/08 13:53:15.550, 0, 0, 48704, 97887
2026/07/08 13:53:15.567, 1, 0, 48104, 97887
2026/07/08 13:53:15.584, 2, 0, 48104, 97887
2026/07/08 13:53:15.602, 3, 0, 48104, 97887
2026/07/08 13:53:15.618, 4, 46, 75570, 97887
2026/07/08 13:53:15.635, 5, 71, 75568, 97887
2026/07/08 13:53:15.654, 6, 90, 75614, 97887
2026/07/08 13:53:15.672, 7, 29, 75614, 97887
2026/07/08 13:53:16.693, 0, 0, 48704, 97887
2026/07/08 13:53:16.706, 1, 0, 48104, 97887
2026/07/08 13:53:16.721, 2, 0, 48104, 97887
2026/07/08 13:53:16.738, 3, 0, 48104, 97887
2026/07/08 13:53:16.753, 4, 89, 75570, 97887
2026/07/08 13:53:16.769, 5, 42, 75568, 97887
2026/07/08 13:53:16.786, 6, 91, 75614, 97887
2026/07/08 13:53:16.802, 7, 28, 75614, 97887
2026/07/08 13:53:17.817, 0, 0, 48704, 97887
2026/07/08 13:53:17.837, 1, 0, 48104, 97887
2026/07/08 13:53:17.854, 2, 0, 48104, 97887
2026/07/08 13:53:17.868, 3, 0, 48104, 97887
2026/07/08 13:53:17.885, 4, 85, 75570, 97887
2026/07/08 13:53:17.900, 5, 40, 75568, 97887
2026/07/08 13:53:17.917, 6, 93, 75614, 97887
2026/07/08 13:53:17.934, 7, 28, 75614, 97887
2026/07/08 13:53:18.951, 0, 0, 48704, 97887
2026/07/08 13:53:18.967, 1, 0, 48104, 97887
2026/07/08 13:53:18.983, 2, 0, 48104, 97887
2026/07/08 13:53:18.997, 3, 0, 48104, 97887
2026/07/08 13:53:19.011, 4, 64, 75570, 97887
2026/07/08 13:53:19.025, 5, 55, 75568, 97887
2026/07/08 13:53:19.040, 6, 92, 75614, 97887
2026/07/08 13:53:19.054, 7, 32, 75614, 97887
2026/07/08 13:53:20.071, 0, 0, 48704, 97887
2026/07/08 13:53:20.081, 1, 0, 48104, 97887
2026/07/08 13:53:20.091, 2, 0, 48104, 97887
2026/07/08 13:53:20.100, 3, 0, 48104, 97887
2026/07/08 13:53:20.112, 4, 85, 75570, 97887
2026/07/08 13:53:20.122, 5, 48, 75568, 97887
2026/07/08 13:53:20.132, 6, 88, 75614, 97887
2026/07/08 13:53:20.143, 7, 45, 75614, 97887
2026/07/08 13:53:21.153, 0, 0, 48704, 97887
2026/07/08 13:53:21.166, 1, 0, 48104, 97887
2026/07/08 13:53:21.181, 2, 0, 48104, 97887
2026/07/08 13:53:21.195, 3, 0, 48104, 97887
2026/07/08 13:53:21.205, 4, 79, 75570, 97887
2026/07/08 13:53:21.217, 5, 45, 75568, 97887
2026/07/08 13:53:21.229, 6, 87, 75614, 97887
2026/07/08 13:53:21.244, 7, 32, 75614, 97887
2026/07/08 13:53:22.262, 0, 0, 48704, 97887
2026/07/08 13:53:22.281, 1, 0, 48104, 97887
2026/07/08 13:53:22.299, 2, 0, 48104, 97887
2026/07/08 13:53:22.316, 3, 0, 48104, 97887
2026/07/08 13:53:22.334, 4, 68, 75570, 97887
2026/07/08 13:53:22.351, 5, 46, 75568, 97887
2026/07/08 13:53:22.368, 6, 93, 75614, 97887
2026/07/08 13:53:22.385, 7, 29, 75614, 97887
2026/07/08 13:53:23.399, 0, 0, 48704, 97887
2026/07/08 13:53:23.415, 1, 0, 48104, 97887
2026/07/08 13:53:23.432, 2, 0, 48104, 97887
2026/07/08 13:53:23.444, 3, 0, 48104, 97887
2026/07/08 13:53:23.452, 4, 68, 75570, 97887
2026/07/08 13:53:23.470, 5, 58, 75568, 97887
2026/07/08 13:53:23.484, 6, 72, 75614, 97887
2026/07/08 13:53:23.498, 7, 45, 75614, 97887
2026/07/08 13:53:24.512, 0, 0, 48704, 97887
2026/07/08 13:53:24.530, 1, 0, 48104, 97887
2026/07/08 13:53:24.547, 2, 0, 48104, 97887
2026/07/08 13:53:24.564, 3, 0, 48104, 97887
2026/07/08 13:53:24.580, 4, 84, 75570, 97887
2026/07/08 13:53:24.597, 5, 39, 75568, 97887
2026/07/08 13:53:24.614, 6, 91, 75614, 97887
2026/07/08 13:53:24.627, 7, 32, 75614, 97887
2026/07/08 13:53:25.645, 0, 0, 48704, 97887
2026/07/08 13:53:25.663, 1, 0, 48104, 97887
2026/07/08 13:53:25.680, 2, 0, 48104, 97887
2026/07/08 13:53:25.695, 3, 0, 48104, 97887
2026/07/08 13:53:25.710, 4, 70, 75570, 97887
2026/07/08 13:53:25.720, 5, 53, 75568, 97887
2026/07/08 13:53:25.732, 6, 68, 75614, 97887
2026/07/08 13:53:25.749, 7, 30, 75614, 97887
2026/07/08 13:53:26.766, 0, 0, 48704, 97887
2026/07/08 13:53:26.782, 1, 0, 48104, 97887
2026/07/08 13:53:26.797, 2, 0, 48104, 97887
2026/07/08 13:53:26.809, 3, 0, 48104, 97887
2026/07/08 13:53:26.824, 4, 73, 75570, 97887
2026/07/08 13:53:26.838, 5, 45, 75568, 97887
2026/07/08 13:53:26.850, 6, 93, 75614, 97887
2026/07/08 13:53:26.864, 7, 28, 75614, 97887
2026/07/08 13:53:27.880, 0, 0, 48704, 97887
2026/07/08 13:53:27.896, 1, 0, 48104, 97887
2026/07/08 13:53:27.912, 2, 0, 48104, 97887
2026/07/08 13:53:27.926, 3, 0, 48104, 97887
2026/07/08 13:53:27.942, 4, 80, 75570, 97887
2026/07/08 13:53:27.957, 5, 40, 75568, 97887
2026/07/08 13:53:27.972, 6, 92, 75614, 97887
2026/07/08 13:53:27.987, 7, 31, 75614, 97887
2026/07/08 13:53:29.004, 0, 0, 48704, 97887
2026/07/08 13:53:29.020, 1, 0, 48104, 97887
2026/07/08 13:53:29.035, 2, 0, 48104, 97887
2026/07/08 13:53:29.051, 3, 0, 48104, 97887
2026/07/08 13:53:29.066, 4, 64, 75570, 97887
2026/07/08 13:53:29.081, 5, 70, 75568, 97887
2026/07/08 13:53:29.092, 6, 91, 75614, 97887
2026/07/08 13:53:29.106, 7, 29, 75614, 97887
2026/07/08 13:53:30.121, 0, 0, 48704, 97887
2026/07/08 13:53:30.134, 1, 0, 48104, 97887
2026/07/08 13:53:30.152, 2, 0, 48104, 97887
2026/07/08 13:53:30.169, 3, 0, 48104, 97887
2026/07/08 13:53:30.189, 4, 82, 75570, 97887
2026/07/08 13:53:30.208, 5, 43, 75568, 97887
2026/07/08 13:53:30.228, 6, 76, 75614, 97887
2026/07/08 13:53:30.247, 7, 37, 75614, 97887
2026/07/08 13:53:31.265, 0, 0, 48704, 97887
2026/07/08 13:53:31.283, 1, 0, 48104, 97887
2026/07/08 13:53:31.302, 2, 0, 48104, 97887
2026/07/08 13:53:31.319, 3, 0, 48104, 97887
2026/07/08 13:53:31.336, 4, 44, 75570, 97887
2026/07/08 13:53:31.351, 5, 73, 75568, 97887
2026/07/08 13:53:31.364, 6, 92, 75614, 97887
2026/07/08 13:53:31.378, 7, 30, 75614, 97887
2026/07/08 13:53:32.393, 0, 0, 48704, 97887
2026/07/08 13:53:32.408, 1, 0, 48104, 97887
2026/07/08 13:53:32.423, 2, 0, 48104, 97887
2026/07/08 13:53:32.439, 3, 0, 48104, 97887
2026/07/08 13:53:32.456, 4, 49, 75570, 97887
2026/07/08 13:53:32.469, 5, 84, 75568, 97887
2026/07/08 13:53:32.482, 6, 63, 75614, 97887
2026/07/08 13:53:32.496, 7, 21, 75614, 97887
2026/07/08 13:53:33.510, 0, 0, 48704, 97887
2026/07/08 13:53:33.527, 1, 0, 48104, 97887
2026/07/08 13:53:33.541, 2, 0, 48104, 97887
2026/07/08 13:53:33.555, 3, 0, 48104, 97887
2026/07/08 13:53:33.569, 4, 58, 75570, 97887
2026/07/08 13:53:33.584, 5, 40, 75568, 97887
2026/07/08 13:53:33.598, 6, 86, 75614, 97887
2026/07/08 13:53:33.613, 7, 29, 75614, 97887
2026/07/08 13:53:34.628, 0, 0, 48704, 97887
2026/07/08 13:53:34.643, 1, 0, 48104, 97887
2026/07/08 13:53:34.654, 2, 0, 48104, 97887
2026/07/08 13:53:34.667, 3, 0, 48104, 97887
2026/07/08 13:53:34.686, 4, 81, 75570, 97887
2026/07/08 13:53:34.702, 5, 38, 75568, 97887
2026/07/08 13:53:34.718, 6, 90, 75614, 97887
2026/07/08 13:53:34.730, 7, 29, 75614, 97887
2026/07/08 13:53:35.745, 0, 0, 48704, 97887
2026/07/08 13:53:35.762, 1, 0, 48104, 97887
2026/07/08 13:53:35.781, 2, 0, 48104, 97887
2026/07/08 13:53:35.800, 3, 0, 48104, 97887
2026/07/08 13:53:35.818, 4, 83, 75570, 97887
2026/07/08 13:53:35.834, 5, 49, 75570, 97887
2026/07/08 13:53:35.851, 6, 95, 75614, 97887
2026/07/08 13:53:35.869, 7, 30, 75614, 97887
2026/07/08 13:53:36.886, 0, 0, 48704, 97887
2026/07/08 13:53:36.899, 1, 0, 48104, 97887
2026/07/08 13:53:36.909, 2, 0, 48104, 97887
2026/07/08 13:53:36.921, 3, 0, 48104, 97887
2026/07/08 13:53:36.931, 4, 45, 75570, 97887
2026/07/08 13:53:36.946, 5, 43, 75570, 97887
2026/07/08 13:53:36.962, 6, 90, 75614, 97887
2026/07/08 13:53:36.979, 7, 30, 75614, 97887
2026/07/08 13:53:37.997, 0, 0, 48704, 97887
2026/07/08 13:53:38.013, 1, 0, 48104, 97887
2026/07/08 13:53:38.027, 2, 0, 48104, 97887
2026/07/08 13:53:38.043, 3, 0, 48104, 97887
2026/07/08 13:53:38.061, 4, 75, 75570, 97887
2026/07/08 13:53:38.080, 5, 47, 75570, 97887
2026/07/08 13:53:38.097, 6, 92, 75614, 97887
2026/07/08 13:53:38.113, 7, 31, 75614, 97887
2026/07/08 13:53:39.128, 0, 0, 48704, 97887
2026/07/08 13:53:39.149, 1, 0, 48104, 97887
2026/07/08 13:53:39.168, 2, 0, 48104, 97887
2026/07/08 13:53:39.182, 3, 0, 48104, 97887
2026/07/08 13:53:39.199, 4, 83, 75570, 97887
2026/07/08 13:53:39.215, 5, 40, 75570, 97887
2026/07/08 13:53:39.229, 6, 83, 75614, 97887
2026/07/08 13:53:39.245, 7, 31, 75614, 97887
2026/07/08 13:53:40.264, 0, 0, 48704, 97887
2026/07/08 13:53:40.281, 1, 0, 48104, 97887
2026/07/08 13:53:40.296, 2, 0, 48104, 97887
2026/07/08 13:53:40.311, 3, 0, 48104, 97887
2026/07/08 13:53:40.327, 4, 93, 75570, 97887
2026/07/08 13:53:40.344, 5, 43, 75570, 97887
2026/07/08 13:53:40.361, 6, 85, 75614, 97887
2026/07/08 13:53:40.380, 7, 43, 75614, 97887
2026/07/08 13:53:41.395, 0, 0, 48704, 97887
2026/07/08 13:53:41.412, 1, 0, 48104, 97887
2026/07/08 13:53:41.425, 2, 0, 48104, 97887
2026/07/08 13:53:41.434, 3, 0, 48104, 97887
2026/07/08 13:53:41.443, 4, 96, 75570, 97887
2026/07/08 13:53:41.454, 5, 41, 75570, 97887
2026/07/08 13:53:41.466, 6, 90, 75614, 97887
2026/07/08 13:53:41.473, 7, 30, 75614, 97887
2026/07/08 13:53:42.482, 0, 0, 48704, 97887
2026/07/08 13:53:42.497, 1, 0, 48104, 97887
2026/07/08 13:53:42.511, 2, 0, 48104, 97887
2026/07/08 13:53:42.520, 3, 0, 48104, 97887
2026/07/08 13:53:42.528, 4, 96, 75570, 97887
2026/07/08 13:53:42.539, 5, 42, 75570, 97887
2026/07/08 13:53:42.548, 6, 90, 75614, 97887
2026/07/08 13:53:42.554, 7, 32, 75614, 97887
2026/07/08 13:53:43.559, 0, 0, 48704, 97887
2026/07/08 13:53:43.578, 1, 0, 48104, 97887
2026/07/08 13:53:43.594, 2, 0, 48104, 97887
2026/07/08 13:53:43.610, 3, 0, 48104, 97887
2026/07/08 13:53:43.626, 4, 96, 75570, 97887
2026/07/08 13:53:43.643, 5, 39, 75570, 97887
2026/07/08 13:53:43.658, 6, 76, 75614, 97887
2026/07/08 13:53:43.673, 7, 30, 75614, 97887
2026/07/08 13:53:44.689, 0, 0, 48704, 97887
2026/07/08 13:53:44.703, 1, 0, 48104, 97887
2026/07/08 13:53:44.720, 2, 0, 48104, 97887
2026/07/08 13:53:44.739, 3, 0, 48104, 97887
2026/07/08 13:53:44.756, 4, 100, 75570, 97887
2026/07/08 13:53:44.774, 5, 100, 75570, 97887
2026/07/08 13:53:44.791, 6, 84, 75614, 97887
2026/07/08 13:53:44.807, 7, 31, 75614, 97887
2026/07/08 13:53:45.823, 0, 0, 48704, 97887
2026/07/08 13:53:45.839, 1, 0, 48104, 97887
2026/07/08 13:53:45.852, 2, 0, 48104, 97887
2026/07/08 13:53:45.867, 3, 0, 48104, 97887
2026/07/08 13:53:45.880, 4, 13, 75570, 97887
2026/07/08 13:53:45.894, 5, 4, 75570, 97887
2026/07/08 13:53:45.908, 6, 86, 75614, 97887
2026/07/08 13:53:45.919, 7, 29, 75614, 97887
2026/07/08 13:53:46.932, 0, 0, 48704, 97887
2026/07/08 13:53:46.946, 1, 0, 48104, 97887
2026/07/08 13:53:46.962, 2, 0, 48104, 97887
2026/07/08 13:53:46.981, 3, 0, 48104, 97887
2026/07/08 13:53:46.997, 4, 84, 75570, 97887
2026/07/08 13:53:47.012, 5, 39, 75570, 97887
2026/07/08 13:53:47.026, 6, 88, 75614, 97887
2026/07/08 13:53:47.040, 7, 30, 75614, 97887
2026/07/08 13:53:48.053, 0, 0, 48704, 97887
2026/07/08 13:53:48.065, 1, 0, 48104, 97887
2026/07/08 13:53:48.077, 2, 0, 48104, 97887
2026/07/08 13:53:48.093, 3, 0, 48104, 97887
2026/07/08 13:53:48.109, 4, 94, 75570, 97887
2026/07/08 13:53:48.126, 5, 46, 75570, 97887
2026/07/08 13:53:48.140, 6, 94, 75614, 97887
2026/07/08 13:53:48.156, 7, 30, 75614, 97887
2026/07/08 13:53:49.172, 0, 0, 48704, 97887
2026/07/08 13:53:49.190, 1, 0, 48104, 97887
2026/07/08 13:53:49.205, 2, 0, 48104, 97887
2026/07/08 13:53:49.217, 3, 0, 48104, 97887
2026/07/08 13:53:49.235, 4, 91, 75570, 97887
2026/07/08 13:53:49.250, 5, 43, 75570, 97887
2026/07/08 13:53:49.268, 6, 47, 75614, 97887
2026/07/08 13:53:49.289, 7, 55, 75614, 97887
2026/07/08 13:53:50.307, 0, 0, 48704, 97887
2026/07/08 13:53:50.326, 1, 0, 48104, 97887
2026/07/08 13:53:50.340, 2, 0, 48104, 97887
2026/07/08 13:53:50.355, 3, 0, 48104, 97887
2026/07/08 13:53:50.370, 4, 56, 75570, 97887
2026/07/08 13:53:50.382, 5, 92, 75570, 97887
2026/07/08 13:53:50.398, 6, 30, 75614, 97887
2026/07/08 13:53:50.416, 7, 84, 75614, 97887
2026/07/08 13:53:51.437, 0, 0, 48704, 97887
2026/07/08 13:53:51.452, 1, 0, 48104, 97887
2026/07/08 13:53:51.468, 2, 0, 48104, 97887
2026/07/08 13:53:51.482, 3, 0, 48104, 97887
2026/07/08 13:53:51.497, 4, 46, 75570, 97887
2026/07/08 13:53:51.511, 5, 82, 75570, 97887
2026/07/08 13:53:51.524, 6, 29, 75614, 97887
2026/07/08 13:53:51.538, 7, 87, 75614, 97887
2026/07/08 13:53:52.550, 0, 0, 48704, 97887
2026/07/08 13:53:52.564, 1, 0, 48104, 97887
2026/07/08 13:53:52.570, 2, 0, 48104, 97887
2026/07/08 13:53:52.579, 3, 0, 48104, 97887
2026/07/08 13:53:52.585, 4, 49, 75570, 97887
2026/07/08 13:53:52.592, 5, 92, 75570, 97887
2026/07/08 13:53:52.598, 6, 90, 75614, 97887
2026/07/08 13:53:52.605, 7, 42, 75614, 97887
2026/07/08 13:53:53.615, 0, 0, 48704, 97887
2026/07/08 13:53:53.629, 1, 0, 48104, 97887
2026/07/08 13:53:53.639, 2, 0, 48104, 97887
2026/07/08 13:53:53.655, 3, 0, 48104, 97887
2026/07/08 13:53:53.669, 4, 46, 75570, 97887
2026/07/08 13:53:53.684, 5, 90, 75570, 97887
2026/07/08 13:53:53.700, 6, 91, 75614, 97887
2026/07/08 13:53:53.715, 7, 41, 75614, 97887
2026/07/08 13:53:54.733, 0, 0, 48704, 97887
2026/07/08 13:53:54.754, 1, 0, 48104, 97887
2026/07/08 13:53:54.774, 2, 0, 48104, 97887
2026/07/08 13:53:54.790, 3, 0, 48104, 97887
2026/07/08 13:53:54.804, 4, 41, 75570, 97887
2026/07/08 13:53:54.820, 5, 91, 75570, 97887
2026/07/08 13:53:54.835, 6, 85, 75614, 97887
2026/07/08 13:53:54.852, 7, 32, 75614, 97887
2026/07/08 13:53:55.869, 0, 0, 48704, 97887
2026/07/08 13:53:55.888, 1, 0, 48104, 97887
2026/07/08 13:53:55.905, 2, 0, 48104, 97887
2026/07/08 13:53:55.927, 3, 0, 48104, 97887
2026/07/08 13:53:55.943, 4, 52, 75570, 97887
2026/07/08 13:53:55.958, 5, 73, 75570, 97887
2026/07/08 13:53:55.974, 6, 59, 75614, 97887
2026/07/08 13:53:55.992, 7, 32, 75614, 97887
2026/07/08 13:53:57.009, 0, 0, 48704, 97887
2026/07/08 13:53:57.027, 1, 0, 48104, 97887
2026/07/08 13:53:57.045, 2, 0, 48104, 97887
2026/07/08 13:53:57.060, 3, 0, 48104, 97887
2026/07/08 13:53:57.075, 4, 70, 75570, 97887
2026/07/08 13:53:57.091, 5, 48, 75570, 97887
2026/07/08 13:53:57.109, 6, 47, 75614, 97887
2026/07/08 13:53:57.128, 7, 52, 75614, 97887
2026/07/08 13:53:58.146, 0, 0, 48704, 97887
2026/07/08 13:53:58.165, 1, 0, 48104, 97887
2026/07/08 13:53:58.183, 2, 0, 48104, 97887
2026/07/08 13:53:58.197, 3, 0, 48104, 97887
2026/07/08 13:53:58.208, 4, 47, 75570, 97887
2026/07/08 13:53:58.220, 5, 58, 75570, 97887
2026/07/08 13:53:58.231, 6, 84, 75614, 97887
2026/07/08 13:53:58.245, 7, 28, 75614, 97887
2026/07/08 13:53:59.260, 0, 0, 48704, 97887
2026/07/08 13:53:59.280, 1, 0, 48104, 97887
2026/07/08 13:53:59.296, 2, 0, 48104, 97887
2026/07/08 13:53:59.310, 3, 0, 48104, 97887
2026/07/08 13:53:59.324, 4, 50, 75570, 97887
2026/07/08 13:53:59.339, 5, 71, 75570, 97887
2026/07/08 13:53:59.356, 6, 85, 75614, 97887
2026/07/08 13:53:59.373, 7, 29, 75614, 97887
2026/07/08 13:54:00.391, 0, 0, 48704, 97887
2026/07/08 13:54:00.409, 1, 0, 48104, 97887
2026/07/08 13:54:00.427, 2, 0, 48104, 97887
2026/07/08 13:54:00.447, 3, 0, 48104, 97887
2026/07/08 13:54:00.457, 4, 91, 75570, 97887
2026/07/08 13:54:00.472, 5, 34, 75570, 97887
2026/07/08 13:54:00.488, 6, 88, 75614, 97887
2026/07/08 13:54:00.507, 7, 29, 75614, 97887
2026/07/08 13:54:01.526, 0, 0, 48704, 97887
2026/07/08 13:54:01.545, 1, 0, 48104, 97887
2026/07/08 13:54:01.561, 2, 0, 48104, 97887
2026/07/08 13:54:01.575, 3, 0, 48104, 97887
2026/07/08 13:54:01.588, 4, 77, 75570, 97887
2026/07/08 13:54:01.606, 5, 55, 75570, 97887
2026/07/08 13:54:01.624, 6, 95, 75614, 97887
2026/07/08 13:54:01.640, 7, 36, 75614, 97887
2026/07/08 13:54:02.657, 0, 0, 48704, 97887
2026/07/08 13:54:02.676, 1, 0, 48104, 97887
2026/07/08 13:54:02.691, 2, 0, 48104, 97887
2026/07/08 13:54:02.705, 3, 0, 48104, 97887
2026/07/08 13:54:02.720, 4, 83, 75570, 97887
2026/07/08 13:54:02.733, 5, 48, 75570, 97887
2026/07/08 13:54:02.741, 6, 89, 75614, 97887
2026/07/08 13:54:02.754, 7, 29, 75614, 97887
2026/07/08 13:54:03.772, 0, 0, 48704, 97887
2026/07/08 13:54:03.790, 1, 0, 48104, 97887
2026/07/08 13:54:03.807, 2, 0, 48104, 97887
2026/07/08 13:54:03.824, 3, 0, 48104, 97887
2026/07/08 13:54:03.842, 4, 45, 75570, 97887
2026/07/08 13:54:03.858, 5, 85, 75570, 97887
2026/07/08 13:54:03.874, 6, 86, 75614, 97887
2026/07/08 13:54:03.892, 7, 29, 75614, 97887
2026/07/08 13:54:04.909, 0, 0, 48704, 97887
2026/07/08 13:54:04.926, 1, 0, 48104, 97887
2026/07/08 13:54:04.936, 2, 0, 48104, 97887
2026/07/08 13:54:04.949, 3, 0, 48104, 97887
2026/07/08 13:54:04.965, 4, 53, 75570, 97887
2026/07/08 13:54:04.982, 5, 74, 75570, 97887
2026/07/08 13:54:05.000, 6, 92, 75614, 97887
2026/07/08 13:54:05.017, 7, 29, 75614, 97887
2026/07/08 13:54:06.032, 0, 0, 48704, 97887
2026/07/08 13:54:06.051, 1, 0, 48104, 97887
2026/07/08 13:54:06.071, 2, 0, 48104, 97887
2026/07/08 13:54:06.089, 3, 0, 48104, 97887
2026/07/08 13:54:06.107, 4, 72, 75570, 97887
2026/07/08 13:54:06.126, 5, 49, 75570, 97887
2026/07/08 13:54:06.144, 6, 91, 75614, 97887
2026/07/08 13:54:06.160, 7, 29, 75614, 97887
2026/07/08 13:54:07.174, 0, 0, 48704, 97887
2026/07/08 13:54:07.195, 1, 0, 48104, 97887
2026/07/08 13:54:07.218, 2, 0, 48104, 97887
2026/07/08 13:54:07.239, 3, 0, 48104, 97887
2026/07/08 13:54:07.259, 4, 43, 75570, 97887
2026/07/08 13:54:07.282, 5, 92, 75570, 97887
2026/07/08 13:54:07.299, 6, 90, 75614, 97887
2026/07/08 13:54:07.316, 7, 29, 75614, 97887
2026/07/08 13:54:08.333, 0, 0, 48704, 97887
2026/07/08 13:54:08.352, 1, 0, 48104, 97887
2026/07/08 13:54:08.367, 2, 0, 48104, 97887
2026/07/08 13:54:08.380, 3, 0, 48104, 97887
2026/07/08 13:54:08.397, 4, 86, 75570, 97887
2026/07/08 13:54:08.414, 5, 40, 75570, 97887
2026/07/08 13:54:08.427, 6, 97, 75614, 97887
2026/07/08 13:54:08.439, 7, 28, 75614, 97887
2026/07/08 13:54:09.449, 0, 0, 48704, 97887
2026/07/08 13:54:09.468, 1, 0, 48104, 97887
2026/07/08 13:54:09.486, 2, 0, 48104, 97887
2026/07/08 13:54:09.503, 3, 0, 48104, 97887
2026/07/08 13:54:09.521, 4, 82, 75570, 97887
2026/07/08 13:54:09.537, 5, 52, 75570, 97887
2026/07/08 13:54:09.552, 6, 86, 75614, 97887
2026/07/08 13:54:09.567, 7, 23, 75614, 97887
2026/07/08 13:54:10.583, 0, 0, 48704, 97887
2026/07/08 13:54:10.600, 1, 0, 48104, 97887
2026/07/08 13:54:10.617, 2, 0, 48104, 97887
2026/07/08 13:54:10.634, 3, 0, 48104, 97887
2026/07/08 13:54:10.650, 4, 36, 75570, 97887
2026/07/08 13:54:10.667, 5, 87, 75570, 97887
2026/07/08 13:54:10.684, 6, 87, 75614, 97887
2026/07/08 13:54:10.701, 7, 30, 75614, 97887
2026/07/08 13:54:11.716, 0, 0, 48704, 97887
2026/07/08 13:54:11.733, 1, 0, 48104, 97887
2026/07/08 13:54:11.748, 2, 0, 48104, 97887
2026/07/08 13:54:11.765, 3, 0, 48104, 97887
2026/07/08 13:54:11.781, 4, 87, 75570, 97887
2026/07/08 13:54:11.796, 5, 42, 75570, 97887
2026/07/08 13:54:11.812, 6, 90, 75614, 97887
2026/07/08 13:54:11.826, 7, 34, 75614, 97887
2026/07/08 13:54:12.841, 0, 0, 48704, 97887
2026/07/08 13:54:12.854, 1, 0, 48104, 97887
2026/07/08 13:54:12.866, 2, 0, 48104, 97887
2026/07/08 13:54:12.876, 3, 0, 48104, 97887
2026/07/08 13:54:12.889, 4, 52, 75570, 97887
2026/07/08 13:54:12.906, 5, 73, 75570, 97887
2026/07/08 13:54:12.919, 6, 87, 75614, 97887
2026/07/08 13:54:12.931, 7, 30, 75614, 97887
2026/07/08 13:54:13.939, 0, 0, 48704, 97887
2026/07/08 13:54:13.960, 1, 0, 48104, 97887
2026/07/08 13:54:13.973, 2, 0, 48104, 97887
2026/07/08 13:54:13.997, 3, 0, 48104, 97887
2026/07/08 13:54:14.024, 4, 53, 75570, 97887
2026/07/08 13:54:14.037, 5, 83, 75570, 97887
2026/07/08 13:54:14.054, 6, 93, 75614, 97887
2026/07/08 13:54:14.071, 7, 31, 75614, 97887
2026/07/08 13:54:15.082, 0, 0, 48704, 97887
2026/07/08 13:54:15.097, 1, 0, 48104, 97887
2026/07/08 13:54:15.111, 2, 0, 48104, 97887
2026/07/08 13:54:15.125, 3, 0, 48104, 97887
2026/07/08 13:54:15.134, 4, 49, 75570, 97887
2026/07/08 13:54:15.140, 5, 80, 75570, 97887
2026/07/08 13:54:15.146, 6, 93, 75614, 97887
2026/07/08 13:54:15.158, 7, 30, 75614, 97887
2026/07/08 13:54:16.173, 0, 0, 48704, 97887
2026/07/08 13:54:16.189, 1, 0, 48104, 97887
2026/07/08 13:54:16.204, 2, 0, 48104, 97887
2026/07/08 13:54:16.220, 3, 0, 48104, 97887
2026/07/08 13:54:16.232, 4, 46, 75570, 97887
2026/07/08 13:54:16.243, 5, 83, 75570, 97887
2026/07/08 13:54:16.252, 6, 60, 75614, 97887
2026/07/08 13:54:16.264, 7, 24, 75614, 97887
2026/07/08 13:54:17.275, 0, 0, 48704, 97887
2026/07/08 13:54:17.296, 1, 0, 48104, 97887
2026/07/08 13:54:17.314, 2, 0, 48104, 97887
2026/07/08 13:54:17.330, 3, 0, 48104, 97887
2026/07/08 13:54:17.345, 4, 57, 75570, 97887
2026/07/08 13:54:17.362, 5, 66, 75570, 97887
2026/07/08 13:54:17.377, 6, 75, 75614, 97887
2026/07/08 13:54:17.394, 7, 28, 75614, 97887
2026/07/08 13:54:18.414, 0, 0, 48704, 97887
2026/07/08 13:54:18.431, 1, 0, 48104, 97887
2026/07/08 13:54:18.448, 2, 0, 48104, 97887
2026/07/08 13:54:18.468, 3, 0, 48104, 97887
2026/07/08 13:54:18.484, 4, 81, 75570, 97887
2026/07/08 13:54:18.500, 5, 49, 75570, 97887
2026/07/08 13:54:18.512, 6, 82, 75614, 97887
2026/07/08 13:54:18.523, 7, 30, 75614, 97887
2026/07/08 13:54:19.536, 0, 0, 48704, 97887
2026/07/08 13:54:19.553, 1, 0, 48104, 97887
2026/07/08 13:54:19.569, 2, 0, 48104, 97887
2026/07/08 13:54:19.585, 3, 0, 48104, 97887
2026/07/08 13:54:19.601, 4, 38, 75570, 97887
2026/07/08 13:54:19.618, 5, 73, 75570, 97887
2026/07/08 13:54:19.635, 6, 94, 75614, 97887
2026/07/08 13:54:19.652, 7, 42, 75614, 97887
2026/07/08 13:54:20.671, 0, 0, 48704, 97887
2026/07/08 13:54:20.688, 1, 0, 48104, 97887
2026/07/08 13:54:20.705, 2, 0, 48104, 97887
2026/07/08 13:54:20.721, 3, 0, 48104, 97887
2026/07/08 13:54:20.735, 4, 55, 75572, 97887
2026/07/08 13:54:20.746, 5, 86, 75572, 97887
2026/07/08 13:54:20.759, 6, 90, 75614, 97887
2026/07/08 13:54:20.771, 7, 100, 75614, 97887
2026/07/08 13:54:21.782, 0, 0, 48704, 97887
2026/07/08 13:54:21.799, 1, 0, 48104, 97887
2026/07/08 13:54:21.814, 2, 0, 48104, 97887
2026/07/08 13:54:21.830, 3, 0, 48104, 97887
2026/07/08 13:54:21.845, 4, 53, 75572, 97887
2026/07/08 13:54:21.860, 5, 65, 75572, 97887
2026/07/08 13:54:21.879, 6, 92, 75614, 97887
2026/07/08 13:54:21.896, 7, 29, 75614, 97887
2026/07/08 13:54:22.915, 0, 0, 48704, 97887
2026/07/08 13:54:22.934, 1, 0, 48104, 97887
2026/07/08 13:54:22.948, 2, 0, 48104, 97887
2026/07/08 13:54:22.966, 3, 0, 48104, 97887
2026/07/08 13:54:22.984, 4, 49, 75572, 97887
2026/07/08 13:54:23.003, 5, 79, 75572, 97887
2026/07/08 13:54:23.023, 6, 92, 75614, 97887
2026/07/08 13:54:23.040, 7, 28, 75614, 97887
2026/07/08 13:54:24.059, 0, 0, 48704, 97887
2026/07/08 13:54:24.075, 1, 0, 48104, 97887
2026/07/08 13:54:24.092, 2, 0, 48104, 97887
2026/07/08 13:54:24.105, 3, 0, 48104, 97887
2026/07/08 13:54:24.120, 4, 100, 75572, 97887
2026/07/08 13:54:24.137, 5, 100, 75572, 97887
2026/07/08 13:54:24.154, 6, 89, 75614, 97887
2026/07/08 13:54:24.171, 7, 28, 75614, 97887
2026/07/08 13:54:25.187, 0, 0, 48704, 97887
2026/07/08 13:54:25.204, 1, 0, 48104, 97887
2026/07/08 13:54:25.221, 2, 0, 48104, 97887
2026/07/08 13:54:25.237, 3, 0, 48104, 97887
2026/07/08 13:54:25.253, 4, 66, 75572, 97887
2026/07/08 13:54:25.270, 5, 51, 75572, 97887
2026/07/08 13:54:25.287, 6, 90, 75614, 97887
2026/07/08 13:54:25.303, 7, 29, 75614, 97887
2026/07/08 13:54:26.320, 0, 0, 48704, 97887
2026/07/08 13:54:26.339, 1, 0, 48104, 97887
2026/07/08 13:54:26.357, 2, 0, 48104, 97887
2026/07/08 13:54:26.379, 3, 0, 48104, 97887
2026/07/08 13:54:26.400, 4, 61, 75572, 97887
2026/07/08 13:54:26.418, 5, 43, 75572, 97887
2026/07/08 13:54:26.435, 6, 90, 75614, 97887
2026/07/08 13:54:26.452, 7, 25, 75614, 97887
2026/07/08 13:54:27.468, 0, 0, 48704, 97887
2026/07/08 13:54:27.484, 1, 0, 48104, 97887
2026/07/08 13:54:27.499, 2, 0, 48104, 97887
2026/07/08 13:54:27.510, 3, 0, 48104, 97887
2026/07/08 13:54:27.523, 4, 42, 75572, 97887
2026/07/08 13:54:27.538, 5, 62, 75572, 97887
2026/07/08 13:54:27.556, 6, 92, 75614, 97887
2026/07/08 13:54:27.573, 7, 27, 75614, 97887
2026/07/08 13:54:28.589, 0, 0, 48704, 97887
2026/07/08 13:54:28.606, 1, 0, 48104, 97887
2026/07/08 13:54:28.622, 2, 0, 48104, 97887
2026/07/08 13:54:28.636, 3, 0, 48104, 97887
2026/07/08 13:54:28.650, 4, 75, 75572, 97887
2026/07/08 13:54:28.665, 5, 30, 75572, 97887
2026/07/08 13:54:28.680, 6, 94, 75614, 97887
2026/07/08 13:54:28.694, 7, 36, 75614, 97887
2026/07/08 13:54:29.708, 0, 0, 48704, 97887
2026/07/08 13:54:29.719, 1, 0, 48104, 97887
2026/07/08 13:54:29.735, 2, 0, 48104, 97887
2026/07/08 13:54:29.748, 3, 0, 48104, 97887
2026/07/08 13:54:29.762, 4, 36, 75572, 97887
2026/07/08 13:54:29.775, 5, 65, 75572, 97887
2026/07/08 13:54:29.786, 6, 95, 75614, 97887
2026/07/08 13:54:29.799, 7, 30, 75614, 97887
2026/07/08 13:54:30.813, 0, 0, 48704, 97887
2026/07/08 13:54:30.833, 1, 0, 48104, 97887
2026/07/08 13:54:30.852, 2, 0, 48104, 97887
2026/07/08 13:54:30.868, 3, 0, 48104, 97887
2026/07/08 13:54:30.885, 4, 100, 75572, 97887
2026/07/08 13:54:30.902, 5, 100, 75572, 97887
2026/07/08 13:54:30.919, 6, 90, 75614, 97887
2026/07/08 13:54:30.936, 7, 29, 75614, 97887
2026/07/08 13:54:31.953, 0, 0, 48704, 97887
2026/07/08 13:54:31.971, 1, 0, 48104, 97887
2026/07/08 13:54:31.991, 2, 0, 48104, 97887
2026/07/08 13:54:32.011, 3, 0, 48104, 97887
2026/07/08 13:54:32.029, 4, 83, 75572, 97887
2026/07/08 13:54:32.045, 5, 42, 75572, 97887
2026/07/08 13:54:32.061, 6, 89, 75614, 97887
2026/07/08 13:54:32.073, 7, 26, 75614, 97887
2026/07/08 13:54:33.090, 0, 0, 48704, 97887
2026/07/08 13:54:33.110, 1, 0, 48104, 97887
2026/07/08 13:54:33.127, 2, 0, 48104, 97887
2026/07/08 13:54:33.145, 3, 0, 48104, 97887
2026/07/08 13:54:33.163, 4, 43, 75572, 97887
2026/07/08 13:54:33.180, 5, 83, 75572, 97887
2026/07/08 13:54:33.198, 6, 92, 75614, 97887
2026/07/08 13:54:33.212, 7, 26, 75614, 97887
2026/07/08 13:54:34.230, 0, 0, 48704, 97887
2026/07/08 13:54:34.248, 1, 0, 48104, 97887
2026/07/08 13:54:34.265, 2, 0, 48104, 97887
2026/07/08 13:54:34.283, 3, 0, 48104, 97887
2026/07/08 13:54:34.304, 4, 40, 75572, 97887
2026/07/08 13:54:34.324, 5, 63, 75572, 97887
2026/07/08 13:54:34.342, 6, 93, 75614, 97887
2026/07/08 13:54:34.355, 7, 27, 75614, 97887
2026/07/08 13:54:35.370, 0, 0, 48704, 97887
2026/07/08 13:54:35.381, 1, 0, 48104, 97887
2026/07/08 13:54:35.394, 2, 0, 48104, 97887
2026/07/08 13:54:35.410, 3, 0, 48104, 97887
2026/07/08 13:54:35.422, 4, 60, 75572, 97887
2026/07/08 13:54:35.438, 5, 40, 75572, 97887
2026/07/08 13:54:35.455, 6, 81, 75614, 97887
2026/07/08 13:54:35.472, 7, 27, 75614, 97887
2026/07/08 13:54:36.486, 0, 0, 48704, 97887
2026/07/08 13:54:36.504, 1, 0, 48104, 97887
2026/07/08 13:54:36.521, 2, 0, 48104, 97887
2026/07/08 13:54:36.542, 3, 0, 48104, 97887
2026/07/08 13:54:36.560, 4, 65, 75572, 97887
2026/07/08 13:54:36.579, 5, 62, 75572, 97887
2026/07/08 13:54:36.592, 6, 95, 75614, 97887
2026/07/08 13:54:36.606, 7, 35, 75614, 97887
2026/07/08 13:54:37.623, 0, 0, 48704, 97887
2026/07/08 13:54:37.639, 1, 0, 48104, 97887
2026/07/08 13:54:37.655, 2, 0, 48104, 97887
2026/07/08 13:54:37.671, 3, 0, 48104, 97887
2026/07/08 13:54:37.688, 4, 88, 75572, 97887
2026/07/08 13:54:37.704, 5, 28, 75572, 97887
2026/07/08 13:54:37.720, 6, 93, 75614, 97887
2026/07/08 13:54:37.735, 7, 29, 75614, 97887
2026/07/08 13:54:38.751, 0, 0, 48704, 97887
2026/07/08 13:54:38.771, 1, 0, 48104, 97887
2026/07/08 13:54:38.788, 2, 0, 48104, 97887
2026/07/08 13:54:38.804, 3, 0, 48104, 97887
2026/07/08 13:54:38.822, 4, 48, 75572, 97887
2026/07/08 13:54:38.837, 5, 80, 75572, 97887
2026/07/08 13:54:38.853, 6, 93, 75614, 97887
2026/07/08 13:54:38.869, 7, 26, 75614, 97887
2026/07/08 13:54:39.885, 0, 0, 48704, 97887
2026/07/08 13:54:39.903, 1, 0, 48104, 97887
2026/07/08 13:54:39.917, 2, 0, 48104, 97887
2026/07/08 13:54:39.931, 3, 0, 48104, 97887
2026/07/08 13:54:39.946, 4, 46, 75572, 97887
2026/07/08 13:54:39.960, 5, 74, 75572, 97887
2026/07/08 13:54:39.974, 6, 90, 75614, 97887
2026/07/08 13:54:39.988, 7, 28, 75614, 97887
2026/07/08 13:54:41.002, 0, 0, 48704, 97887
2026/07/08 13:54:41.018, 1, 0, 48104, 97887
2026/07/08 13:54:41.032, 2, 0, 48104, 97887
2026/07/08 13:54:41.047, 3, 0, 48104, 97887
2026/07/08 13:54:41.064, 4, 79, 75572, 97887
2026/07/08 13:54:41.082, 5, 43, 75572, 97887
2026/07/08 13:54:41.097, 6, 93, 75614, 97887
2026/07/08 13:54:41.111, 7, 27, 75614, 97887
2026/07/08 13:54:42.126, 0, 0, 48704, 97887
2026/07/08 13:54:42.141, 1, 0, 48104, 97887
2026/07/08 13:54:42.153, 2, 0, 48104, 97887
2026/07/08 13:54:42.168, 3, 0, 48104, 97887
2026/07/08 13:54:42.183, 4, 77, 75572, 97887
2026/07/08 13:54:42.200, 5, 43, 75572, 97887
2026/07/08 13:54:42.217, 6, 93, 75614, 97887
2026/07/08 13:54:42.232, 7, 27, 75614, 97887
2026/07/08 13:54:43.249, 0, 0, 48704, 97887
2026/07/08 13:54:43.266, 1, 0, 48104, 97887
2026/07/08 13:54:43.276, 2, 0, 48104, 97887
2026/07/08 13:54:43.288, 3, 0, 48104, 97887
2026/07/08 13:54:43.301, 4, 75, 75572, 97887
2026/07/08 13:54:43.315, 5, 52, 75572, 97887
2026/07/08 13:54:43.327, 6, 92, 75614, 97887
2026/07/08 13:54:43.339, 7, 27, 75614, 97887
2026/07/08 13:54:44.351, 0, 0, 48704, 97887
2026/07/08 13:54:44.370, 1, 0, 48104, 97887
2026/07/08 13:54:44.382, 2, 0, 48104, 97887
2026/07/08 13:54:44.393, 3, 0, 48104, 97887
2026/07/08 13:54:44.411, 4, 45, 75572, 97887
2026/07/08 13:54:44.428, 5, 61, 75572, 97887
2026/07/08 13:54:44.447, 6, 93, 75614, 97887
2026/07/08 13:54:44.468, 7, 26, 75614, 97887
2026/07/08 13:54:45.483, 0, 0, 48704, 97887
2026/07/08 13:54:45.497, 1, 0, 48104, 97887
2026/07/08 13:54:45.515, 2, 0, 48104, 97887
2026/07/08 13:54:45.532, 3, 0, 48104, 97887
2026/07/08 13:54:45.547, 4, 47, 75572, 97887
2026/07/08 13:54:45.561, 5, 89, 75572, 97887
2026/07/08 13:54:45.574, 6, 93, 75614, 97887
2026/07/08 13:54:45.583, 7, 27, 75614, 97887
2026/07/08 13:54:46.596, 0, 0, 48704, 97887
2026/07/08 13:54:46.615, 1, 0, 48104, 97887
2026/07/08 13:54:46.635, 2, 0, 48104, 97887
2026/07/08 13:54:46.652, 3, 0, 48104, 97887
2026/07/08 13:54:46.670, 4, 89, 75572, 97887
2026/07/08 13:54:46.687, 5, 40, 75572, 97887
2026/07/08 13:54:46.702, 6, 92, 75614, 97887
2026/07/08 13:54:46.716, 7, 26, 75614, 97887
2026/07/08 13:54:47.727, 0, 0, 48704, 97887
2026/07/08 13:54:47.741, 1, 0, 48104, 97887
2026/07/08 13:54:47.748, 2, 0, 48104, 97887
2026/07/08 13:54:47.752, 3, 0, 48104, 97887
2026/07/08 13:54:47.757, 4, 57, 75572, 97887
2026/07/08 13:54:47.762, 5, 71, 75572, 97887
2026/07/08 13:54:47.774, 6, 96, 75614, 97887
2026/07/08 13:54:47.788, 7, 32, 75614, 97887
2026/07/08 13:54:48.806, 0, 0, 48704, 97887
2026/07/08 13:54:48.828, 1, 0, 48104, 97887
2026/07/08 13:54:48.845, 2, 0, 48104, 97887
2026/07/08 13:54:48.861, 3, 0, 48104, 97887
2026/07/08 13:54:48.879, 4, 46, 75572, 97887
2026/07/08 13:54:48.897, 5, 72, 75572, 97887
2026/07/08 13:54:48.911, 6, 93, 75614, 97887
2026/07/08 13:54:48.924, 7, 27, 75614, 97887
2026/07/08 13:54:49.939, 0, 0, 48704, 97887
2026/07/08 13:54:49.956, 1, 0, 48104, 97887
2026/07/08 13:54:49.971, 2, 0, 48104, 97887
2026/07/08 13:54:49.985, 3, 0, 48104, 97887
2026/07/08 13:54:49.998, 4, 46, 75572, 97887
2026/07/08 13:54:50.009, 5, 86, 75572, 97887
2026/07/08 13:54:50.021, 6, 91, 75614, 97887
2026/07/08 13:54:50.033, 7, 38, 75614, 97887
2026/07/08 13:54:51.049, 0, 0, 48704, 97887
2026/07/08 13:54:51.068, 1, 0, 48104, 97887
2026/07/08 13:54:51.085, 2, 0, 48104, 97887
2026/07/08 13:54:51.102, 3, 0, 48104, 97887
2026/07/08 13:54:51.119, 4, 48, 75572, 97887
2026/07/08 13:54:51.135, 5, 69, 75572, 97887
2026/07/08 13:54:51.151, 6, 93, 75614, 97887
2026/07/08 13:54:51.169, 7, 27, 75614, 97887
2026/07/08 13:54:52.185, 0, 0, 48704, 97887
2026/07/08 13:54:52.219, 1, 0, 48104, 97887
2026/07/08 13:54:52.237, 2, 0, 48104, 97887
2026/07/08 13:54:52.260, 3, 0, 48104, 97887
2026/07/08 13:54:52.281, 4, 42, 75572, 97887
2026/07/08 13:54:52.299, 5, 85, 75572, 97887
2026/07/08 13:54:52.311, 6, 92, 75614, 97887
2026/07/08 13:54:52.328, 7, 27, 75614, 97887
2026/07/08 13:54:53.347, 0, 0, 48704, 97887
2026/07/08 13:54:53.367, 1, 0, 48104, 97887
2026/07/08 13:54:53.386, 2, 0, 48104, 97887
2026/07/08 13:54:53.403, 3, 0, 48104, 97887
2026/07/08 13:54:53.423, 4, 57, 75572, 97887
2026/07/08 13:54:53.444, 5, 72, 75572, 97887
2026/07/08 13:54:53.463, 6, 93, 75614, 97887
2026/07/08 13:54:53.483, 7, 33, 75614, 97887
2026/07/08 13:54:54.503, 0, 0, 48704, 97887
2026/07/08 13:54:54.520, 1, 0, 48104, 97887
2026/07/08 13:54:54.537, 2, 0, 48104, 97887
2026/07/08 13:54:54.555, 3, 0, 48104, 97887
2026/07/08 13:54:54.574, 4, 50, 75572, 97887
2026/07/08 13:54:54.593, 5, 72, 75572, 97887
2026/07/08 13:54:54.610, 6, 96, 75614, 97887
2026/07/08 13:54:54.624, 7, 34, 75614, 97887
2026/07/08 13:54:55.640, 0, 0, 48704, 97887
2026/07/08 13:54:55.657, 1, 0, 48104, 97887
2026/07/08 13:54:55.673, 2, 0, 48104, 97887
2026/07/08 13:54:55.688, 3, 0, 48104, 97887
2026/07/08 13:54:55.701, 4, 47, 75572, 97887
2026/07/08 13:54:55.712, 5, 88, 75572, 97887
2026/07/08 13:54:55.720, 6, 93, 75614, 97887
2026/07/08 13:54:55.737, 7, 26, 75614, 97887
2026/07/08 13:54:56.754, 0, 0, 48704, 97887
2026/07/08 13:54:56.772, 1, 0, 48104, 97887
2026/07/08 13:54:56.792, 2, 0, 48104, 97887
2026/07/08 13:54:56.809, 3, 0, 48104, 97887
2026/07/08 13:54:56.826, 4, 32, 75572, 97887
2026/07/08 13:54:56.841, 5, 89, 75572, 97887
2026/07/08 13:54:56.858, 6, 92, 75614, 97887
2026/07/08 13:54:56.872, 7, 26, 75614, 97887
2026/07/08 13:54:57.880, 0, 0, 48704, 97887
2026/07/08 13:54:57.898, 1, 0, 48104, 97887
2026/07/08 13:54:57.920, 2, 0, 48104, 97887
2026/07/08 13:54:57.934, 3, 0, 48104, 97887
2026/07/08 13:54:57.951, 4, 51, 75572, 97887
2026/07/08 13:54:57.965, 5, 66, 75572, 97887
2026/07/08 13:54:57.984, 6, 94, 75614, 97887
2026/07/08 13:54:58.002, 7, 26, 75614, 97887
2026/07/08 13:54:59.017, 0, 0, 48704, 97887
2026/07/08 13:54:59.033, 1, 0, 48104, 97887
2026/07/08 13:54:59.047, 2, 0, 48104, 97887
2026/07/08 13:54:59.062, 3, 0, 48104, 97887
2026/07/08 13:54:59.077, 4, 52, 75572, 97887
2026/07/08 13:54:59.090, 5, 68, 75572, 97887
2026/07/08 13:54:59.105, 6, 95, 75614, 97887
2026/07/08 13:54:59.113, 7, 27, 75614, 97887
2026/07/08 13:55:00.125, 0, 0, 48704, 97887
2026/07/08 13:55:00.142, 1, 0, 48104, 97887
2026/07/08 13:55:00.163, 2, 0, 48104, 97887
2026/07/08 13:55:00.181, 3, 0, 48104, 97887
2026/07/08 13:55:00.199, 4, 71, 75572, 97887
2026/07/08 13:55:00.217, 5, 41, 75572, 97887
2026/07/08 13:55:00.234, 6, 88, 75614, 97887
2026/07/08 13:55:00.252, 7, 25, 75614, 97887
2026/07/08 13:55:01.268, 0, 0, 48704, 97887
2026/07/08 13:55:01.286, 1, 0, 48104, 97887
2026/07/08 13:55:01.304, 2, 0, 48104, 97887
2026/07/08 13:55:01.322, 3, 0, 48104, 97887
2026/07/08 13:55:01.338, 4, 83, 75572, 97887
2026/07/08 13:55:01.353, 5, 36, 75572, 97887
2026/07/08 13:55:01.370, 6, 91, 75614, 97887
2026/07/08 13:55:01.388, 7, 25, 75614, 97887
2026/07/08 13:55:02.408, 0, 0, 48704, 97887
2026/07/08 13:55:02.426, 1, 0, 48104, 97887
2026/07/08 13:55:02.440, 2, 0, 48104, 97887
2026/07/08 13:55:02.456, 3, 0, 48104, 97887
2026/07/08 13:55:02.472, 4, 78, 75572, 97887
2026/07/08 13:55:02.492, 5, 37, 75572, 97887
2026/07/08 13:55:02.509, 6, 92, 75614, 97887
2026/07/08 13:55:02.519, 7, 25, 75614, 97887
2026/07/08 13:55:03.527, 0, 0, 48704, 97887
2026/07/08 13:55:03.545, 1, 0, 48104, 97887
2026/07/08 13:55:03.560, 2, 0, 48104, 97887
2026/07/08 13:55:03.571, 3, 0, 48104, 97887
2026/07/08 13:55:03.582, 4, 51, 75572, 97887
2026/07/08 13:55:03.597, 5, 40, 75572, 97887
2026/07/08 13:55:03.614, 6, 91, 75614, 97887
2026/07/08 13:55:03.631, 7, 24, 75614, 97887
2026/07/08 13:55:04.653, 0, 0, 48704, 97887
2026/07/08 13:55:04.674, 1, 0, 48104, 97887
2026/07/08 13:55:04.696, 2, 0, 48104, 97887
2026/07/08 13:55:04.714, 3, 0, 48104, 97887
2026/07/08 13:55:04.730, 4, 88, 75572, 97887
2026/07/08 13:55:04.743, 5, 35, 75572, 97887
2026/07/08 13:55:04.761, 6, 93, 75614, 97887
2026/07/08 13:55:04.781, 7, 25, 75614, 97887
2026/07/08 13:55:05.800, 0, 0, 48704, 97887
2026/07/08 13:55:05.821, 1, 0, 48104, 97887
2026/07/08 13:55:05.843, 2, 0, 48104, 97887
2026/07/08 13:55:05.862, 3, 0, 48104, 97887
2026/07/08 13:55:05.884, 4, 76, 75572, 97887
2026/07/08 13:55:05.904, 5, 50, 75572, 97887
2026/07/08 13:55:05.922, 6, 92, 75614, 97887
2026/07/08 13:55:05.941, 7, 25, 75614, 97887
2026/07/08 13:55:06.962, 0, 0, 48704, 97887
2026/07/08 13:55:06.979, 1, 0, 48104, 97887
2026/07/08 13:55:06.995, 2, 0, 48104, 97887
2026/07/08 13:55:07.018, 3, 0, 48104, 97887
2026/07/08 13:55:07.036, 4, 65, 75572, 97887
2026/07/08 13:55:07.052, 5, 52, 75572, 97887
2026/07/08 13:55:07.073, 6, 93, 75614, 97887
2026/07/08 13:55:07.092, 7, 25, 75614, 97887
2026/07/08 13:55:08.114, 0, 0, 48704, 97887
2026/07/08 13:55:08.133, 1, 0, 48104, 97887
2026/07/08 13:55:08.150, 2, 0, 48104, 97887
2026/07/08 13:55:08.160, 3, 0, 48104, 97887
2026/07/08 13:55:08.175, 4, 51, 75572, 97887
2026/07/08 13:55:08.190, 5, 82, 75572, 97887
2026/07/08 13:55:08.206, 6, 90, 75614, 97887
2026/07/08 13:55:08.222, 7, 32, 75614, 97887
2026/07/08 13:55:09.240, 0, 0, 48704, 97887
2026/07/08 13:55:09.263, 1, 0, 48104, 97887
2026/07/08 13:55:09.285, 2, 0, 48104, 97887
2026/07/08 13:55:09.304, 3, 0, 48104, 97887
2026/07/08 13:55:09.322, 4, 48, 75572, 97887
2026/07/08 13:55:09.345, 5, 72, 75572, 97887
2026/07/08 13:55:09.365, 6, 90, 75614, 97887
2026/07/08 13:55:09.385, 7, 26, 75614, 97887
2026/07/08 13:55:10.403, 0, 0, 48704, 97887
2026/07/08 13:55:10.424, 1, 0, 48104, 97887
2026/07/08 13:55:10.444, 2, 0, 48104, 97887
2026/07/08 13:55:10.463, 3, 0, 48104, 97887
2026/07/08 13:55:10.483, 4, 52, 75572, 97887
2026/07/08 13:55:10.500, 5, 81, 75572, 97887
2026/07/08 13:55:10.516, 6, 95, 75614, 97887
2026/07/08 13:55:10.533, 7, 39, 75614, 97887
2026/07/08 13:55:11.552, 0, 0, 48704, 97887
2026/07/08 13:55:11.569, 1, 0, 48104, 97887
2026/07/08 13:55:11.583, 2, 0, 48104, 97887
2026/07/08 13:55:11.599, 3, 0, 48104, 97887
2026/07/08 13:55:11.615, 4, 58, 75574, 97887
2026/07/08 13:55:11.630, 5, 51, 75572, 97887
2026/07/08 13:55:11.643, 6, 77, 75614, 97887
2026/07/08 13:55:11.658, 7, 26, 75614, 97887
2026/07/08 13:55:12.670, 0, 0, 48704, 97887
2026/07/08 13:55:12.687, 1, 0, 48104, 97887
2026/07/08 13:55:12.703, 2, 0, 48104, 97887
2026/07/08 13:55:12.718, 3, 0, 48104, 97887
2026/07/08 13:55:12.735, 4, 58, 75574, 97887
2026/07/08 13:55:12.749, 5, 64, 75572, 97887
2026/07/08 13:55:12.764, 6, 60, 75614, 97887
2026/07/08 13:55:12.780, 7, 28, 75614, 97887
2026/07/08 13:55:13.798, 0, 0, 48704, 97887
2026/07/08 13:55:13.811, 1, 0, 48104, 97887
2026/07/08 13:55:13.825, 2, 0, 48104, 97887
2026/07/08 13:55:13.840, 3, 0, 48104, 97887
2026/07/08 13:55:13.854, 4, 47, 75574, 97887
2026/07/08 13:55:13.871, 5, 83, 75572, 97887
2026/07/08 13:55:13.885, 6, 95, 75614, 97887
2026/07/08 13:55:13.898, 7, 34, 75614, 97887
2026/07/08 13:55:14.915, 0, 0, 48704, 97887
2026/07/08 13:55:14.931, 1, 0, 48104, 97887
2026/07/08 13:55:14.947, 2, 0, 48104, 97887
2026/07/08 13:55:14.964, 3, 0, 48104, 97887
2026/07/08 13:55:14.977, 4, 41, 75574, 97887
2026/07/08 13:55:14.993, 5, 50, 75572, 97887
2026/07/08 13:55:15.009, 6, 88, 75614, 97887
2026/07/08 13:55:15.026, 7, 23, 75614, 97887
2026/07/08 13:55:16.042, 0, 0, 48704, 97887
2026/07/08 13:55:16.057, 1, 0, 48104, 97887
2026/07/08 13:55:16.073, 2, 0, 48104, 97887
2026/07/08 13:55:16.088, 3, 0, 48104, 97887
2026/07/08 13:55:16.104, 4, 71, 75574, 97887
2026/07/08 13:55:16.120, 5, 45, 75572, 97887
2026/07/08 13:55:16.140, 6, 92, 75614, 97887
2026/07/08 13:55:16.156, 7, 24, 75614, 97887
2026/07/08 13:55:17.172, 0, 0, 48704, 97887
2026/07/08 13:55:17.188, 1, 0, 48104, 97887
2026/07/08 13:55:17.202, 2, 0, 48104, 97887
2026/07/08 13:55:17.215, 3, 0, 48104, 97887
2026/07/08 13:55:17.229, 4, 64, 75574, 97887
2026/07/08 13:55:17.244, 5, 61, 75572, 97887
2026/07/08 13:55:17.258, 6, 92, 75614, 97887
2026/07/08 13:55:17.271, 7, 23, 75614, 97887
2026/07/08 13:55:18.287, 0, 0, 48704, 97887
2026/07/08 13:55:18.298, 1, 0, 48104, 97887
2026/07/08 13:55:18.309, 2, 0, 48104, 97887
2026/07/08 13:55:18.323, 3, 0, 48104, 97887
2026/07/08 13:55:18.336, 4, 49, 75574, 97887
2026/07/08 13:55:18.348, 5, 77, 75572, 97887
2026/07/08 13:55:18.362, 6, 90, 75614, 97887
2026/07/08 13:55:18.377, 7, 24, 75614, 97887
2026/07/08 13:55:19.394, 0, 0, 48704, 97887
2026/07/08 13:55:19.409, 1, 0, 48104, 97887
2026/07/08 13:55:19.424, 2, 0, 48104, 97887
2026/07/08 13:55:19.437, 3, 0, 48104, 97887
2026/07/08 13:55:19.451, 4, 64, 75574, 97887
2026/07/08 13:55:19.467, 5, 66, 75572, 97887
2026/07/08 13:55:19.481, 6, 88, 75614, 97887
2026/07/08 13:55:19.494, 7, 24, 75614, 97887
2026/07/08 13:55:20.509, 0, 0, 48704, 97887
2026/07/08 13:55:20.524, 1, 0, 48104, 97887
2026/07/08 13:55:20.535, 2, 0, 48104, 97887
2026/07/08 13:55:20.546, 3, 0, 48104, 97887
2026/07/08 13:55:20.558, 4, 62, 75574, 97887
2026/07/08 13:55:20.570, 5, 53, 75572, 97887
2026/07/08 13:55:20.582, 6, 82, 75614, 97887
2026/07/08 13:55:20.595, 7, 31, 75614, 97887
2026/07/08 13:55:21.609, 0, 0, 48704, 97887
2026/07/08 13:55:21.628, 1, 0, 48104, 97887
2026/07/08 13:55:21.645, 2, 0, 48104, 97887
2026/07/08 13:55:21.663, 3, 0, 48104, 97887
2026/07/08 13:55:21.681, 4, 64, 75574, 97887
2026/07/08 13:55:21.697, 5, 53, 75572, 97887
2026/07/08 13:55:21.708, 6, 80, 75614, 97887
2026/07/08 13:55:21.723, 7, 24, 75614, 97887
2026/07/08 13:55:22.738, 0, 0, 48704, 97887
2026/07/08 13:55:22.754, 1, 0, 48104, 97887
2026/07/08 13:55:22.765, 2, 0, 48104, 97887
2026/07/08 13:55:22.778, 3, 0, 48104, 97887
2026/07/08 13:55:22.792, 4, 83, 75574, 97887
2026/07/08 13:55:22.805, 5, 45, 75572, 97887
2026/07/08 13:55:22.821, 6, 88, 75614, 97887
2026/07/08 13:55:22.834, 7, 24, 75614, 97887
2026/07/08 13:55:23.845, 0, 0, 48704, 97887
2026/07/08 13:55:23.863, 1, 0, 48104, 97887
2026/07/08 13:55:23.881, 2, 0, 48104, 97887
2026/07/08 13:55:23.899, 3, 0, 48104, 97887
2026/07/08 13:55:23.918, 4, 94, 75574, 97887
2026/07/08 13:55:23.936, 5, 40, 75572, 97887
2026/07/08 13:55:23.954, 6, 89, 75614, 97887
2026/07/08 13:55:23.972, 7, 29, 75614, 97887
2026/07/08 13:55:24.990, 0, 0, 48704, 97887
2026/07/08 13:55:25.009, 1, 0, 48104, 97887
2026/07/08 13:55:25.026, 2, 0, 48104, 97887
2026/07/08 13:55:25.043, 3, 0, 48104, 97887
2026/07/08 13:55:25.061, 4, 85, 75574, 97887
2026/07/08 13:55:25.077, 5, 43, 75572, 97887
2026/07/08 13:55:25.091, 6, 86, 75614, 97887
2026/07/08 13:55:25.108, 7, 26, 75614, 97887
2026/07/08 13:55:26.124, 0, 0, 48704, 97887
2026/07/08 13:55:26.143, 1, 0, 48104, 97887
2026/07/08 13:55:26.160, 2, 0, 48104, 97887
2026/07/08 13:55:26.177, 3, 0, 48104, 97887
2026/07/08 13:55:26.193, 4, 72, 75574, 97887
2026/07/08 13:55:26.210, 5, 62, 75572, 97887
2026/07/08 13:55:26.226, 6, 80, 75614, 97887
2026/07/08 13:55:26.243, 7, 26, 75614, 97887
2026/07/08 13:55:27.253, 0, 0, 48704, 97887
2026/07/08 13:55:27.275, 1, 0, 48104, 97887
2026/07/08 13:55:27.292, 2, 0, 48104, 97887
2026/07/08 13:55:27.308, 3, 0, 48104, 97887
2026/07/08 13:55:27.323, 4, 83, 75574, 97887
2026/07/08 13:55:27.339, 5, 31, 75574, 97887
2026/07/08 13:55:27.355, 6, 94, 75614, 97887
2026/07/08 13:55:27.371, 7, 25, 75614, 97887
2026/07/08 13:55:28.388, 0, 0, 48704, 97887
2026/07/08 13:55:28.405, 1, 0, 48104, 97887
2026/07/08 13:55:28.419, 2, 0, 48104, 97887
2026/07/08 13:55:28.436, 3, 0, 48104, 97887
2026/07/08 13:55:28.448, 4, 68, 75574, 97887
2026/07/08 13:55:28.463, 5, 38, 75574, 97887
2026/07/08 13:55:28.477, 6, 96, 75614, 97887
2026/07/08 13:55:28.492, 7, 24, 75614, 97887
2026/07/08 13:55:29.506, 0, 0, 48704, 97887
2026/07/08 13:55:29.525, 1, 0, 48104, 97887
2026/07/08 13:55:29.540, 2, 0, 48104, 97887
2026/07/08 13:55:29.555, 3, 0, 48104, 97887
2026/07/08 13:55:29.571, 4, 48, 75574, 97887
2026/07/08 13:55:29.589, 5, 82, 75574, 97887
2026/07/08 13:55:29.603, 6, 90, 75614, 97887
2026/07/08 13:55:29.619, 7, 20, 75614, 97887
2026/07/08 13:55:30.633, 0, 0, 48704, 97887
2026/07/08 13:55:30.650, 1, 0, 48104, 97887
2026/07/08 13:55:30.666, 2, 0, 48104, 97887
2026/07/08 13:55:30.681, 3, 0, 48104, 97887
2026/07/08 13:55:30.695, 4, 94, 75574, 97887
2026/07/08 13:55:30.710, 5, 40, 75574, 97887
2026/07/08 13:55:30.726, 6, 92, 75614, 97887
2026/07/08 13:55:30.741, 7, 21, 75614, 97887
2026/07/08 13:55:31.755, 0, 0, 48704, 97887
2026/07/08 13:55:31.772, 1, 0, 48104, 97887
2026/07/08 13:55:31.786, 2, 0, 48104, 97887
2026/07/08 13:55:31.800, 3, 0, 48104, 97887
2026/07/08 13:55:31.813, 4, 0, 75574, 97887
2026/07/08 13:55:31.827, 5, 0, 75574, 97887
2026/07/08 13:55:31.840, 6, 0, 75614, 97887
2026/07/08 13:55:31.853, 7, 0, 75614, 97887
2026/07/08 13:55:32.866, 0, 0, 48704, 97887
2026/07/08 13:55:32.882, 1, 0, 48104, 97887
2026/07/08 13:55:32.894, 2, 0, 48104, 97887
2026/07/08 13:55:32.902, 3, 0, 48104, 97887
2026/07/08 13:55:32.911, 4, 37, 75574, 97887
2026/07/08 13:55:32.924, 5, 50, 75574, 97887
2026/07/08 13:55:32.936, 6, 89, 75614, 97887
2026/07/08 13:55:32.950, 7, 21, 75614, 97887
2026/07/08 13:55:33.963, 0, 0, 48704, 97887
2026/07/08 13:55:33.979, 1, 0, 48104, 97887
2026/07/08 13:55:33.995, 2, 0, 48104, 97887
2026/07/08 13:55:34.013, 3, 0, 48104, 97887
2026/07/08 13:55:34.026, 4, 51, 75574, 97887
2026/07/08 13:55:34.038, 5, 26, 75574, 97887
2026/07/08 13:55:34.051, 6, 93, 75614, 97887
2026/07/08 13:55:34.059, 7, 22, 75614, 97887
2026/07/08 13:55:35.066, 0, 0, 48704, 97887
2026/07/08 13:55:35.079, 1, 0, 48104, 97887
2026/07/08 13:55:35.090, 2, 0, 48104, 97887
2026/07/08 13:55:35.100, 3, 0, 48104, 97887
2026/07/08 13:55:35.109, 4, 91, 75574, 97887
2026/07/08 13:55:35.114, 5, 39, 75574, 97887
2026/07/08 13:55:35.125, 6, 92, 75614, 97887
2026/07/08 13:55:35.134, 7, 21, 75614, 97887
2026/07/08 13:55:36.144, 0, 0, 48704, 97887
2026/07/08 13:55:36.157, 1, 0, 48104, 97887
2026/07/08 13:55:36.171, 2, 0, 48104, 97887
2026/07/08 13:55:36.185, 3, 0, 48104, 97887
2026/07/08 13:55:36.201, 4, 96, 75574, 97887
2026/07/08 13:55:36.213, 5, 37, 75574, 97887
2026/07/08 13:55:36.223, 6, 91, 75614, 97887
2026/07/08 13:55:36.234, 7, 20, 75614, 97887
2026/07/08 13:55:37.246, 0, 0, 48704, 97887
2026/07/08 13:55:37.265, 1, 0, 48104, 97887
2026/07/08 13:55:37.279, 2, 0, 48104, 97887
2026/07/08 13:55:37.292, 3, 0, 48104, 97887
2026/07/08 13:55:37.307, 4, 85, 75574, 97887
2026/07/08 13:55:37.321, 5, 42, 75574, 97887
2026/07/08 13:55:37.337, 6, 88, 75614, 97887
2026/07/08 13:55:37.355, 7, 21, 75614, 97887
2026/07/08 13:55:38.373, 0, 0, 48704, 97887
2026/07/08 13:55:38.391, 1, 0, 48104, 97887
2026/07/08 13:55:38.409, 2, 0, 48104, 97887
2026/07/08 13:55:38.426, 3, 0, 48104, 97887
2026/07/08 13:55:38.443, 4, 86, 75574, 97887
2026/07/08 13:55:38.459, 5, 35, 75574, 97887
2026/07/08 13:55:38.475, 6, 82, 75614, 97887
2026/07/08 13:55:38.493, 7, 22, 75614, 97887
2026/07/08 13:55:39.508, 0, 0, 48704, 97887
2026/07/08 13:55:39.522, 1, 0, 48104, 97887
2026/07/08 13:55:39.537, 2, 0, 48104, 97887
2026/07/08 13:55:39.550, 3, 0, 48104, 97887
2026/07/08 13:55:39.565, 4, 93, 75574, 97887
2026/07/08 13:55:39.581, 5, 39, 75574, 97887
2026/07/08 13:55:39.595, 6, 92, 75614, 97887
2026/07/08 13:55:39.611, 7, 23, 75614, 97887
2026/07/08 13:55:40.629, 0, 0, 48704, 97887
2026/07/08 13:55:40.646, 1, 0, 48104, 97887
2026/07/08 13:55:40.665, 2, 0, 48104, 97887
2026/07/08 13:55:40.685, 3, 0, 48104, 97887
2026/07/08 13:55:40.704, 4, 90, 75574, 97887
2026/07/08 13:55:40.723, 5, 32, 75574, 97887
2026/07/08 13:55:40.740, 6, 87, 75614, 97887
2026/07/08 13:55:40.756, 7, 21, 75614, 97887
2026/07/08 13:55:41.774, 0, 0, 48704, 97887
2026/07/08 13:55:41.792, 1, 0, 48104, 97887
2026/07/08 13:55:41.810, 2, 0, 48104, 97887
2026/07/08 13:55:41.826, 3, 0, 48104, 97887
2026/07/08 13:55:41.844, 4, 83, 75574, 97887
2026/07/08 13:55:41.860, 5, 50, 75574, 97887
2026/07/08 13:55:41.875, 6, 87, 75614, 97887
2026/07/08 13:55:41.889, 7, 21, 75614, 97887
2026/07/08 13:55:42.903, 0, 0, 48704, 97887
2026/07/08 13:55:42.919, 1, 0, 48104, 97887
2026/07/08 13:55:42.932, 2, 0, 48104, 97887
2026/07/08 13:55:42.946, 3, 0, 48104, 97887
2026/07/08 13:55:42.961, 4, 95, 75574, 97887
2026/07/08 13:55:42.976, 5, 41, 75574, 97887
2026/07/08 13:55:42.991, 6, 91, 75614, 97887
2026/07/08 13:55:43.003, 7, 21, 75614, 97887
2026/07/08 13:55:44.015, 0, 0, 48704, 97887
2026/07/08 13:55:44.035, 1, 0, 48104, 97887
2026/07/08 13:55:44.051, 2, 0, 48104, 97887
2026/07/08 13:55:44.069, 3, 0, 48104, 97887
2026/07/08 13:55:44.086, 4, 89, 75574, 97887
2026/07/08 13:55:44.102, 5, 36, 75574, 97887
2026/07/08 13:55:44.119, 6, 86, 75614, 97887
2026/07/08 13:55:44.135, 7, 22, 75614, 97887
2026/07/08 13:55:45.152, 0, 0, 48704, 97887
2026/07/08 13:55:45.173, 1, 0, 48104, 97887
2026/07/08 13:55:45.190, 2, 0, 48104, 97887
2026/07/08 13:55:45.210, 3, 0, 48104, 97887
2026/07/08 13:55:45.230, 4, 39, 75574, 97887
2026/07/08 13:55:45.250, 5, 90, 75574, 97887
2026/07/08 13:55:45.270, 6, 88, 75614, 97887
2026/07/08 13:55:45.284, 7, 22, 75614, 97887
2026/07/08 13:55:46.303, 0, 0, 48704, 97887
2026/07/08 13:55:46.322, 1, 0, 48104, 97887
2026/07/08 13:55:46.344, 2, 0, 48104, 97887
2026/07/08 13:55:46.364, 3, 0, 48104, 97887
2026/07/08 13:55:46.383, 4, 34, 75574, 97887
2026/07/08 13:55:46.401, 5, 54, 75574, 97887
2026/07/08 13:55:46.421, 6, 92, 75614, 97887
2026/07/08 13:55:46.440, 7, 21, 75614, 97887
2026/07/08 13:55:47.459, 0, 0, 48704, 97887
2026/07/08 13:55:47.485, 1, 0, 48104, 97887
2026/07/08 13:55:47.500, 2, 0, 48104, 97887
2026/07/08 13:55:47.525, 3, 0, 48104, 97887
2026/07/08 13:55:47.541, 4, 94, 75574, 97887
2026/07/08 13:55:47.555, 5, 41, 75574, 97887
2026/07/08 13:55:47.578, 6, 91, 75614, 97887
2026/07/08 13:55:47.601, 7, 26, 75614, 97887
2026/07/08 13:55:48.620, 0, 0, 48704, 97887
2026/07/08 13:55:48.636, 1, 0, 48104, 97887
2026/07/08 13:55:48.652, 2, 0, 48104, 97887
2026/07/08 13:55:48.663, 3, 0, 48104, 97887
2026/07/08 13:55:48.678, 4, 65, 75574, 97887
2026/07/08 13:55:48.694, 5, 63, 75574, 97887
2026/07/08 13:55:48.711, 6, 95, 75614, 97887
2026/07/08 13:55:48.723, 7, 33, 75614, 97887
2026/07/08 13:55:49.737, 0, 0, 48704, 97887
2026/07/08 13:55:49.754, 1, 0, 48104, 97887
2026/07/08 13:55:49.768, 2, 0, 48104, 97887
2026/07/08 13:55:49.781, 3, 0, 48104, 97887
2026/07/08 13:55:49.793, 4, 67, 75574, 97887
2026/07/08 13:55:49.806, 5, 39, 75574, 97887
2026/07/08 13:55:49.822, 6, 89, 75614, 97887
2026/07/08 13:55:49.839, 7, 22, 75614, 97887
2026/07/08 13:55:50.857, 0, 0, 48704, 97887
2026/07/08 13:55:50.877, 1, 0, 48104, 97887
2026/07/08 13:55:50.896, 2, 0, 48104, 97887
2026/07/08 13:55:50.917, 3, 0, 48104, 97887
2026/07/08 13:55:50.935, 4, 55, 75574, 97887
2026/07/08 13:55:50.952, 5, 63, 75574, 97887
2026/07/08 13:55:50.969, 6, 87, 75614, 97887
2026/07/08 13:55:50.984, 7, 20, 75614, 97887
2026/07/08 13:55:52.001, 0, 0, 48704, 97887
2026/07/08 13:55:52.019, 1, 0, 48104, 97887
2026/07/08 13:55:52.036, 2, 0, 48104, 97887
2026/07/08 13:55:52.054, 3, 0, 48104, 97887
2026/07/08 13:55:52.070, 4, 43, 75574, 97887
2026/07/08 13:55:52.088, 5, 71, 75574, 97887
2026/07/08 13:55:52.107, 6, 89, 75614, 97887
2026/07/08 13:55:52.128, 7, 22, 75614, 97887
2026/07/08 13:55:53.146, 0, 0, 48704, 97887
2026/07/08 13:55:53.171, 1, 0, 48104, 97887
2026/07/08 13:55:53.192, 2, 0, 48104, 97887
2026/07/08 13:55:53.222, 3, 0, 48104, 97887
2026/07/08 13:55:53.238, 4, 52, 75574, 97887
2026/07/08 13:55:53.253, 5, 69, 75574, 97887
2026/07/08 13:55:53.269, 6, 90, 75614, 97887
2026/07/08 13:55:53.287, 7, 21, 75614, 97887
2026/07/08 13:55:54.304, 0, 0, 48704, 97887
2026/07/08 13:55:54.319, 1, 0, 48104, 97887
2026/07/08 13:55:54.333, 2, 0, 48104, 97887
2026/07/08 13:55:54.346, 3, 0, 48104, 97887
2026/07/08 13:55:54.357, 4, 92, 75574, 97887
2026/07/08 13:55:54.370, 5, 39, 75574, 97887
2026/07/08 13:55:54.384, 6, 94, 75614, 97887
2026/07/08 13:55:54.396, 7, 27, 75614, 97887
2026/07/08 13:55:55.411, 0, 0, 48704, 97887
2026/07/08 13:55:55.431, 1, 0, 48104, 97887
2026/07/08 13:55:55.448, 2, 0, 48104, 97887
2026/07/08 13:55:55.466, 3, 0, 48104, 97887
2026/07/08 13:55:55.485, 4, 40, 75574, 97887
2026/07/08 13:55:55.501, 5, 42, 75574, 97887
2026/07/08 13:55:55.518, 6, 89, 75614, 97887
2026/07/08 13:55:55.535, 7, 21, 75614, 97887
2026/07/08 13:55:56.552, 0, 0, 48704, 97887
2026/07/08 13:55:56.569, 1, 0, 48104, 97887
2026/07/08 13:55:56.587, 2, 0, 48104, 97887
2026/07/08 13:55:56.605, 3, 0, 48104, 97887
2026/07/08 13:55:56.625, 4, 81, 75574, 97887
2026/07/08 13:55:56.644, 5, 44, 75574, 97887
2026/07/08 13:55:56.662, 6, 90, 75614, 97887
2026/07/08 13:55:56.682, 7, 22, 75614, 97887
2026/07/08 13:55:57.701, 0, 0, 48704, 97887
2026/07/08 13:55:57.721, 1, 0, 48104, 97887
2026/07/08 13:55:57.736, 2, 0, 48104, 97887
2026/07/08 13:55:57.751, 3, 0, 48104, 97887
2026/07/08 13:55:57.765, 4, 54, 75574, 97887
2026/07/08 13:55:57.782, 5, 48, 75574, 97887
2026/07/08 13:55:57.798, 6, 69, 75614, 97887
2026/07/08 13:55:57.814, 7, 23, 75614, 97887
2026/07/08 13:55:58.832, 0, 0, 48704, 97887
2026/07/08 13:55:58.849, 1, 0, 48104, 97887
2026/07/08 13:55:58.864, 2, 0, 48104, 97887
2026/07/08 13:55:58.878, 3, 0, 48104, 97887
2026/07/08 13:55:58.894, 4, 76, 75574, 97887
2026/07/08 13:55:58.912, 5, 47, 75574, 97887
2026/07/08 13:55:58.931, 6, 81, 75614, 97887
2026/07/08 13:55:58.951, 7, 25, 75614, 97887
2026/07/08 13:55:59.968, 0, 0, 48704, 97887
2026/07/08 13:55:59.984, 1, 0, 48104, 97887
2026/07/08 13:55:59.997, 2, 0, 48104, 97887
2026/07/08 13:56:00.009, 3, 0, 48104, 97887
2026/07/08 13:56:00.024, 4, 43, 75574, 97887
2026/07/08 13:56:00.040, 5, 74, 75574, 97887
2026/07/08 13:56:00.057, 6, 92, 75614, 97887
2026/07/08 13:56:00.074, 7, 31, 75614, 97887
2026/07/08 13:56:01.091, 0, 0, 48704, 97887
2026/07/08 13:56:01.109, 1, 0, 48104, 97887
2026/07/08 13:56:01.126, 2, 0, 48104, 97887
2026/07/08 13:56:01.143, 3, 0, 48104, 97887
2026/07/08 13:56:01.163, 4, 46, 75574, 97887
2026/07/08 13:56:01.184, 5, 74, 75574, 97887
2026/07/08 13:56:01.205, 6, 86, 75614, 97887
2026/07/08 13:56:01.223, 7, 22, 75614, 97887
2026/07/08 13:56:02.240, 0, 0, 48704, 97887
2026/07/08 13:56:02.259, 1, 0, 48104, 97887
2026/07/08 13:56:02.280, 2, 0, 48104, 97887
2026/07/08 13:56:02.296, 3, 0, 48104, 97887
2026/07/08 13:56:02.313, 4, 45, 75574, 97887
2026/07/08 13:56:02.332, 5, 89, 75574, 97887
2026/07/08 13:56:02.350, 6, 89, 75614, 97887
2026/07/08 13:56:02.367, 7, 21, 75614, 97887
2026/07/08 13:56:03.387, 0, 0, 48704, 97887
2026/07/08 13:56:03.405, 1, 0, 48104, 97887
2026/07/08 13:56:03.422, 2, 0, 48104, 97887
2026/07/08 13:56:03.442, 3, 0, 48104, 97887
2026/07/08 13:56:03.460, 4, 44, 75574, 97887
2026/07/08 13:56:03.479, 5, 77, 75574, 97887
2026/07/08 13:56:03.497, 6, 92, 75614, 97887
2026/07/08 13:56:03.516, 7, 21, 75614, 97887
2026/07/08 13:56:04.536, 0, 0, 48704, 97887
2026/07/08 13:56:04.554, 1, 0, 48104, 97887
2026/07/08 13:56:04.570, 2, 0, 48104, 97887
2026/07/08 13:56:04.585, 3, 0, 48104, 97887
2026/07/08 13:56:04.602, 4, 89, 75574, 97887
2026/07/08 13:56:04.618, 5, 38, 75574, 97887
2026/07/08 13:56:04.634, 6, 81, 75614, 97887
2026/07/08 13:56:04.651, 7, 21, 75614, 97887
2026/07/08 13:56:05.667, 0, 0, 48704, 97887
2026/07/08 13:56:05.685, 1, 0, 48104, 97887
2026/07/08 13:56:05.701, 2, 0, 48104, 97887
2026/07/08 13:56:05.718, 3, 0, 48104, 97887
2026/07/08 13:56:05.735, 4, 59, 75574, 97887
2026/07/08 13:56:05.752, 5, 41, 75574, 97887
2026/07/08 13:56:05.770, 6, 93, 75614, 97887
2026/07/08 13:56:05.789, 7, 21, 75614, 97887
2026/07/08 13:56:06.807, 0, 0, 48704, 97887
2026/07/08 13:56:06.827, 1, 0, 48104, 97887
2026/07/08 13:56:06.844, 2, 0, 48104, 97887
2026/07/08 13:56:06.862, 3, 0, 48104, 97887
2026/07/08 13:56:06.878, 4, 35, 75574, 97887
2026/07/08 13:56:06.896, 5, 92, 75574, 97887
2026/07/08 13:56:06.911, 6, 88, 75614, 97887
2026/07/08 13:56:06.928, 7, 22, 75614, 97887
2026/07/08 13:56:07.947, 0, 0, 48704, 97887
2026/07/08 13:56:07.963, 1, 0, 48104, 97887
2026/07/08 13:56:07.977, 2, 0, 48104, 97887
2026/07/08 13:56:07.989, 3, 0, 48104, 97887
2026/07/08 13:56:08.006, 4, 55, 75574, 97887
2026/07/08 13:56:08.020, 5, 20, 75574, 97887
2026/07/08 13:56:08.034, 6, 87, 75614, 97887
2026/07/08 13:56:08.049, 7, 21, 75614, 97887
2026/07/08 13:56:09.064, 0, 0, 48704, 97887
2026/07/08 13:56:09.081, 1, 0, 48104, 97887
2026/07/08 13:56:09.097, 2, 0, 48104, 97887
2026/07/08 13:56:09.115, 3, 0, 48104, 97887
2026/07/08 13:56:09.129, 4, 54, 75574, 97887
2026/07/08 13:56:09.146, 5, 71, 75574, 97887
2026/07/08 13:56:09.165, 6, 91, 75614, 97887
2026/07/08 13:56:09.183, 7, 22, 75614, 97887
2026/07/08 13:56:10.202, 0, 0, 48704, 97887
2026/07/08 13:56:10.219, 1, 0, 48104, 97887
2026/07/08 13:56:10.235, 2, 0, 48104, 97887
2026/07/08 13:56:10.253, 3, 0, 48104, 97887
2026/07/08 13:56:10.270, 4, 39, 75574, 97887
2026/07/08 13:56:10.286, 5, 55, 75574, 97887
2026/07/08 13:56:10.303, 6, 72, 75614, 97887
2026/07/08 13:56:10.320, 7, 26, 75614, 97887
2026/07/08 13:56:11.338, 0, 0, 48704, 97887
2026/07/08 13:56:11.358, 1, 0, 48104, 97887
2026/07/08 13:56:11.375, 2, 0, 48104, 97887
2026/07/08 13:56:11.391, 3, 0, 48104, 97887
2026/07/08 13:56:11.408, 4, 43, 75574, 97887
2026/07/08 13:56:11.425, 5, 40, 75574, 97887
2026/07/08 13:56:11.443, 6, 93, 75614, 97887
2026/07/08 13:56:11.459, 7, 20, 75614, 97887
2026/07/08 13:56:12.479, 0, 0, 48704, 97887
2026/07/08 13:56:12.495, 1, 0, 48104, 97887
2026/07/08 13:56:12.512, 2, 0, 48104, 97887
2026/07/08 13:56:12.526, 3, 0, 48104, 97887
2026/07/08 13:56:12.540, 4, 56, 75574, 97887
2026/07/08 13:56:12.553, 5, 33, 75574, 97887
2026/07/08 13:56:12.567, 6, 91, 75614, 97887
2026/07/08 13:56:12.581, 7, 20, 75614, 97887
2026/07/08 13:56:13.597, 0, 0, 48704, 97887
2026/07/08 13:56:13.617, 1, 0, 48104, 97887
2026/07/08 13:56:13.633, 2, 0, 48104, 97887
2026/07/08 13:56:13.647, 3, 0, 48104, 97887
2026/07/08 13:56:13.662, 4, 47, 75574, 97887
2026/07/08 13:56:13.678, 5, 73, 75574, 97887
2026/07/08 13:56:13.693, 6, 93, 75614, 97887
2026/07/08 13:56:13.709, 7, 20, 75614, 97887
2026/07/08 13:56:14.726, 0, 0, 48704, 97887
2026/07/08 13:56:14.745, 1, 0, 48104, 97887
2026/07/08 13:56:14.763, 2, 0, 48104, 97887
2026/07/08 13:56:14.778, 3, 0, 48104, 97887
2026/07/08 13:56:14.795, 4, 81, 75574, 97887
2026/07/08 13:56:14.812, 5, 32, 75574, 97887
2026/07/08 13:56:14.829, 6, 90, 75614, 97887
2026/07/08 13:56:14.847, 7, 20, 75614, 97887
2026/07/08 13:56:15.862, 0, 0, 48704, 97887
2026/07/08 13:56:15.881, 1, 0, 48104, 97887
2026/07/08 13:56:15.899, 2, 0, 48104, 97887
2026/07/08 13:56:15.914, 3, 0, 48104, 97887
2026/07/08 13:56:15.932, 4, 44, 75574, 97887
2026/07/08 13:56:15.948, 5, 68, 75574, 97887
2026/07/08 13:56:15.965, 6, 93, 75614, 97887
2026/07/08 13:56:15.983, 7, 19, 75614, 97887
2026/07/08 13:56:17.000, 0, 0, 48704, 97887
2026/07/08 13:56:17.017, 1, 0, 48104, 97887
2026/07/08 13:56:17.033, 2, 0, 48104, 97887
2026/07/08 13:56:17.049, 3, 0, 48104, 97887
2026/07/08 13:56:17.064, 4, 51, 75574, 97887
2026/07/08 13:56:17.079, 5, 53, 75574, 97887
2026/07/08 13:56:17.092, 6, 90, 75614, 97887
2026/07/08 13:56:17.107, 7, 20, 75614, 97887
2026/07/08 13:56:18.120, 0, 0, 48704, 97887
2026/07/08 13:56:18.138, 1, 0, 48104, 97887
2026/07/08 13:56:18.154, 2, 0, 48104, 97887
2026/07/08 13:56:18.172, 3, 0, 48104, 97887
2026/07/08 13:56:18.190, 4, 41, 75574, 97887
2026/07/08 13:56:18.207, 5, 47, 75574, 97887
2026/07/08 13:56:18.226, 6, 91, 75614, 97887
2026/07/08 13:56:18.243, 7, 21, 75614, 97887
2026/07/08 13:56:19.257, 0, 0, 48704, 97887
2026/07/08 13:56:19.275, 1, 0, 48104, 97887
2026/07/08 13:56:19.292, 2, 0, 48104, 97887
2026/07/08 13:56:19.312, 3, 0, 48104, 97887
2026/07/08 13:56:19.331, 4, 30, 75574, 97887
2026/07/08 13:56:19.350, 5, 80, 75574, 97887
2026/07/08 13:56:19.370, 6, 93, 75614, 97887
2026/07/08 13:56:19.390, 7, 20, 75614, 97887
2026/07/08 13:56:20.408, 0, 0, 48704, 97887
2026/07/08 13:56:20.427, 1, 0, 48104, 97887
2026/07/08 13:56:20.444, 2, 0, 48104, 97887
2026/07/08 13:56:20.464, 3, 0, 48104, 97887
2026/07/08 13:56:20.481, 4, 54, 75574, 97887
2026/07/08 13:56:20.499, 5, 65, 75574, 97887
2026/07/08 13:56:20.528, 6, 90, 75614, 97887
2026/07/08 13:56:20.554, 7, 20, 75614, 97887
2026/07/08 13:56:21.574, 0, 0, 48704, 97887
2026/07/08 13:56:21.592, 1, 0, 48104, 97887
2026/07/08 13:56:21.610, 2, 0, 48104, 97887
2026/07/08 13:56:21.629, 3, 0, 48104, 97887
2026/07/08 13:56:21.648, 4, 44, 75574, 97887
2026/07/08 13:56:21.666, 5, 55, 75574, 97887
2026/07/08 13:56:21.686, 6, 92, 75614, 97887
2026/07/08 13:56:21.706, 7, 19, 75614, 97887
2026/07/08 13:56:22.728, 0, 0, 48704, 97887
2026/07/08 13:56:22.748, 1, 0, 48104, 97887
2026/07/08 13:56:22.767, 2, 0, 48104, 97887
2026/07/08 13:56:22.787, 3, 0, 48104, 97887
2026/07/08 13:56:22.806, 4, 91, 75574, 97887
2026/07/08 13:56:22.825, 5, 37, 75574, 97887
2026/07/08 13:56:22.844, 6, 92, 75614, 97887
2026/07/08 13:56:22.863, 7, 20, 75614, 97887
2026/07/08 13:56:23.882, 0, 0, 48704, 97887
2026/07/08 13:56:23.901, 1, 0, 48104, 97887
2026/07/08 13:56:23.918, 2, 0, 48104, 97887
2026/07/08 13:56:23.937, 3, 0, 48104, 97887
2026/07/08 13:56:23.954, 4, 43, 75574, 97887
2026/07/08 13:56:23.970, 5, 40, 75574, 97887
2026/07/08 13:56:23.986, 6, 93, 75614, 97887
2026/07/08 13:56:24.008, 7, 20, 75614, 97887
2026/07/08 13:56:25.028, 0, 0, 48704, 97887
2026/07/08 13:56:25.046, 1, 0, 48104, 97887
2026/07/08 13:56:25.063, 2, 0, 48104, 97887
2026/07/08 13:56:25.081, 3, 0, 48104, 97887
2026/07/08 13:56:25.095, 4, 45, 75574, 97887
2026/07/08 13:56:25.111, 5, 79, 75574, 97887
2026/07/08 13:56:25.126, 6, 96, 75614, 97887
2026/07/08 13:56:25.143, 7, 27, 75614, 97887
2026/07/08 13:56:26.159, 0, 0, 48704, 97887
2026/07/08 13:56:26.185, 1, 0, 48104, 97887
2026/07/08 13:56:26.207, 2, 0, 48104, 97887
2026/07/08 13:56:26.226, 3, 0, 48104, 97887
2026/07/08 13:56:26.245, 4, 39, 75574, 97887
2026/07/08 13:56:26.274, 5, 82, 75574, 97887
2026/07/08 13:56:26.296, 6, 93, 75614, 97887
2026/07/08 13:56:26.318, 7, 20, 75614, 97887
2026/07/08 13:56:27.347, 0, 0, 48704, 97887
2026/07/08 13:56:27.367, 1, 0, 48104, 97887
2026/07/08 13:56:27.385, 2, 0, 48104, 97887
2026/07/08 13:56:27.402, 3, 0, 48104, 97887
2026/07/08 13:56:27.421, 4, 56, 75574, 97887
2026/07/08 13:56:27.440, 5, 93, 75574, 97887
2026/07/08 13:56:27.460, 6, 80, 75614, 97887
2026/07/08 13:56:27.479, 7, 20, 75614, 97887
2026/07/08 13:56:28.497, 0, 0, 48704, 97887
2026/07/08 13:56:28.515, 1, 0, 48104, 97887
2026/07/08 13:56:28.533, 2, 0, 48104, 97887
2026/07/08 13:56:28.551, 3, 0, 48104, 97887
2026/07/08 13:56:28.569, 4, 38, 75574, 97887
2026/07/08 13:56:28.588, 5, 72, 75574, 97887
2026/07/08 13:56:28.605, 6, 90, 75614, 97887
2026/07/08 13:56:28.625, 7, 29, 75614, 97887
2026/07/08 13:56:29.644, 0, 0, 48704, 97887
2026/07/08 13:56:29.661, 1, 0, 48104, 97887
2026/07/08 13:56:29.677, 2, 0, 48104, 97887
2026/07/08 13:56:29.693, 3, 0, 48104, 97887
2026/07/08 13:56:29.710, 4, 47, 75574, 97887
2026/07/08 13:56:29.728, 5, 64, 75574, 97887
2026/07/08 13:56:29.746, 6, 93, 75614, 97887
2026/07/08 13:56:29.766, 7, 20, 75614, 97887
2026/07/08 13:56:30.783, 0, 0, 48704, 97887
2026/07/08 13:56:30.800, 1, 0, 48104, 97887
2026/07/08 13:56:30.813, 2, 0, 48104, 97887
2026/07/08 13:56:30.830, 3, 0, 48104, 97887
2026/07/08 13:56:30.845, 4, 34, 75574, 97887
2026/07/08 13:56:30.861, 5, 79, 75574, 97887
2026/07/08 13:56:30.877, 6, 92, 75614, 97887
2026/07/08 13:56:30.893, 7, 22, 75614, 97887
2026/07/08 13:56:31.909, 0, 0, 48704, 97887
2026/07/08 13:56:31.933, 1, 0, 48104, 97887
2026/07/08 13:56:31.957, 2, 0, 48104, 97887
2026/07/08 13:56:31.975, 3, 0, 48104, 97887
2026/07/08 13:56:31.992, 4, 36, 75574, 97887
2026/07/08 13:56:32.008, 5, 90, 75574, 97887
2026/07/08 13:56:32.025, 6, 94, 75614, 97887
2026/07/08 13:56:32.041, 7, 21, 75614, 97887
2026/07/08 13:56:33.055, 0, 0, 48704, 97887
2026/07/08 13:56:33.071, 1, 0, 48104, 97887
2026/07/08 13:56:33.089, 2, 0, 48104, 97887
2026/07/08 13:56:33.106, 3, 0, 48104, 97887
2026/07/08 13:56:33.124, 4, 42, 75574, 97887
2026/07/08 13:56:33.145, 5, 75, 75574, 97887
2026/07/08 13:56:33.164, 6, 92, 75614, 97887
2026/07/08 13:56:33.185, 7, 21, 75614, 97887
2026/07/08 13:56:34.203, 0, 0, 48704, 97887
2026/07/08 13:56:34.217, 1, 0, 48104, 97887
2026/07/08 13:56:34.230, 2, 0, 48104, 97887
2026/07/08 13:56:34.244, 3, 0, 48104, 97887
2026/07/08 13:56:34.255, 4, 35, 75574, 97887
2026/07/08 13:56:34.269, 5, 78, 75574, 97887
2026/07/08 13:56:34.283, 6, 93, 75614, 97887
2026/07/08 13:56:34.295, 7, 13, 75614, 97887
2026/07/08 13:56:35.309, 0, 0, 48704, 97887
2026/07/08 13:56:35.328, 1, 0, 48104, 97887
2026/07/08 13:56:35.347, 2, 0, 48104, 97887
2026/07/08 13:56:35.365, 3, 0, 48104, 97887
2026/07/08 13:56:35.383, 4, 41, 75574, 97887
2026/07/08 13:56:35.401, 5, 73, 75574, 97887
2026/07/08 13:56:35.417, 6, 93, 75614, 97887
2026/07/08 13:56:35.435, 7, 13, 75614, 97887
2026/07/08 13:56:36.452, 0, 0, 48704, 97887
2026/07/08 13:56:36.472, 1, 0, 48104, 97887
2026/07/08 13:56:36.491, 2, 0, 48104, 97887
2026/07/08 13:56:36.511, 3, 0, 48104, 97887
2026/07/08 13:56:36.530, 4, 41, 75574, 97887
2026/07/08 13:56:36.549, 5, 62, 75574, 97887
2026/07/08 13:56:36.569, 6, 93, 75614, 97887
2026/07/08 13:56:36.589, 7, 20, 75614, 97887
2026/07/08 13:56:37.608, 0, 0, 48704, 97887
2026/07/08 13:56:37.629, 1, 0, 48104, 97887
2026/07/08 13:56:37.648, 2, 0, 48104, 97887
2026/07/08 13:56:37.666, 3, 0, 48104, 97887
2026/07/08 13:56:37.685, 4, 60, 75574, 97887
2026/07/08 13:56:37.704, 5, 56, 75574, 97887
2026/07/08 13:56:37.721, 6, 83, 75614, 97887
2026/07/08 13:56:37.739, 7, 20, 75614, 97887
2026/07/08 13:56:38.757, 0, 0, 48704, 97887
2026/07/08 13:56:38.773, 1, 0, 48104, 97887
2026/07/08 13:56:38.785, 2, 0, 48104, 97887
2026/07/08 13:56:38.800, 3, 0, 48104, 97887
2026/07/08 13:56:38.817, 4, 36, 75574, 97887
2026/07/08 13:56:38.834, 5, 73, 75574, 97887
2026/07/08 13:56:38.850, 6, 93, 75614, 97887
2026/07/08 13:56:38.868, 7, 20, 75614, 97887
2026/07/08 13:56:39.885, 0, 0, 48704, 97887
2026/07/08 13:56:39.906, 1, 0, 48104, 97887
2026/07/08 13:56:39.927, 2, 0, 48104, 97887
2026/07/08 13:56:39.947, 3, 0, 48104, 97887
2026/07/08 13:56:39.969, 4, 44, 75574, 97887
2026/07/08 13:56:39.985, 5, 80, 75574, 97887
2026/07/08 13:56:40.001, 6, 93, 75614, 97887
2026/07/08 13:56:40.020, 7, 20, 75614, 97887
2026/07/08 13:56:41.039, 0, 0, 48704, 97887
2026/07/08 13:56:41.057, 1, 0, 48104, 97887
2026/07/08 13:56:41.073, 2, 0, 48104, 97887
2026/07/08 13:56:41.089, 3, 0, 48104, 97887
2026/07/08 13:56:41.102, 4, 39, 75574, 97887
2026/07/08 13:56:41.114, 5, 91, 75574, 97887
2026/07/08 13:56:41.130, 6, 93, 75614, 97887
2026/07/08 13:56:41.145, 7, 20, 75614, 97887
2026/07/08 13:56:42.160, 0, 0, 48704, 97887
2026/07/08 13:56:42.179, 1, 0, 48104, 97887
2026/07/08 13:56:42.196, 2, 0, 48104, 97887
2026/07/08 13:56:42.211, 3, 0, 48104, 97887
2026/07/08 13:56:42.229, 4, 51, 75574, 97887
2026/07/08 13:56:42.246, 5, 68, 75574, 97887
2026/07/08 13:56:42.264, 6, 90, 75614, 97887
2026/07/08 13:56:42.282, 7, 20, 75614, 97887
2026/07/08 13:56:43.301, 0, 0, 48704, 97887
2026/07/08 13:56:43.316, 1, 0, 48104, 97887
2026/07/08 13:56:43.332, 2, 0, 48104, 97887
2026/07/08 13:56:43.347, 3, 0, 48104, 97887
2026/07/08 13:56:43.364, 4, 32, 75574, 97887
2026/07/08 13:56:43.382, 5, 82, 75574, 97887
2026/07/08 13:56:43.398, 6, 84, 75614, 97887
2026/07/08 13:56:43.414, 7, 22, 75614, 97887
2026/07/08 13:56:44.431, 0, 0, 48704, 97887
2026/07/08 13:56:44.450, 1, 0, 48104, 97887
2026/07/08 13:56:44.465, 2, 0, 48104, 97887
2026/07/08 13:56:44.480, 3, 0, 48104, 97887
2026/07/08 13:56:44.495, 4, 37, 75574, 97887
2026/07/08 13:56:44.511, 5, 92, 75574, 97887
2026/07/08 13:56:44.529, 6, 94, 75614, 97887
2026/07/08 13:56:44.546, 7, 22, 75614, 97887
2026/07/08 13:56:45.561, 0, 0, 48704, 97887
2026/07/08 13:56:45.579, 1, 0, 48104, 97887
2026/07/08 13:56:45.595, 2, 0, 48104, 97887
2026/07/08 13:56:45.611, 3, 0, 48104, 97887
2026/07/08 13:56:45.630, 4, 45, 75574, 97887
2026/07/08 13:56:45.646, 5, 76, 75574, 97887
2026/07/08 13:56:45.665, 6, 90, 75614, 97887
2026/07/08 13:56:45.684, 7, 17, 75614, 97887
2026/07/08 13:56:46.703, 0, 0, 48704, 97887
2026/07/08 13:56:46.720, 1, 0, 48104, 97887
2026/07/08 13:56:46.735, 2, 0, 48104, 97887
2026/07/08 13:56:46.752, 3, 0, 48104, 97887
2026/07/08 13:56:46.769, 4, 42, 75574, 97887
2026/07/08 13:56:46.788, 5, 91, 75574, 97887
2026/07/08 13:56:46.805, 6, 90, 75614, 97887
2026/07/08 13:56:46.822, 7, 30, 75614, 97887
2026/07/08 13:56:47.838, 0, 0, 48704, 97887
2026/07/08 13:56:47.859, 1, 0, 48104, 97887
2026/07/08 13:56:47.874, 2, 0, 48104, 97887
2026/07/08 13:56:47.888, 3, 0, 48104, 97887
2026/07/08 13:56:47.902, 4, 31, 75574, 97887
2026/07/08 13:56:47.914, 5, 79, 75574, 97887
2026/07/08 13:56:47.929, 6, 89, 75614, 97887
2026/07/08 13:56:47.946, 7, 16, 75614, 97887
2026/07/08 13:56:48.964, 0, 0, 48704, 97887
2026/07/08 13:56:48.983, 1, 0, 48104, 97887
2026/07/08 13:56:49.001, 2, 0, 48104, 97887
2026/07/08 13:56:49.017, 3, 0, 48104, 97887
2026/07/08 13:56:49.031, 4, 40, 75574, 97887
2026/07/08 13:56:49.045, 5, 83, 75574, 97887
2026/07/08 13:56:49.067, 6, 92, 75614, 97887
2026/07/08 13:56:49.083, 7, 13, 75614, 97887
2026/07/08 13:56:50.099, 0, 0, 48704, 97887
2026/07/08 13:56:50.118, 1, 0, 48104, 97887
2026/07/08 13:56:50.137, 2, 0, 48104, 97887
2026/07/08 13:56:50.156, 3, 0, 48104, 97887
2026/07/08 13:56:50.174, 4, 36, 75574, 97887
2026/07/08 13:56:50.193, 5, 78, 75574, 97887
2026/07/08 13:56:50.212, 6, 93, 75614, 97887
2026/07/08 13:56:50.228, 7, 13, 75614, 97887
2026/07/08 13:56:51.249, 0, 0, 48704, 97887
2026/07/08 13:56:51.268, 1, 0, 48104, 97887
2026/07/08 13:56:51.289, 2, 0, 48104, 97887
2026/07/08 13:56:51.308, 3, 0, 48104, 97887
2026/07/08 13:56:51.326, 4, 31, 75574, 97887
2026/07/08 13:56:51.347, 5, 84, 75574, 97887
2026/07/08 13:56:51.366, 6, 93, 75614, 97887
2026/07/08 13:56:51.384, 7, 13, 75614, 97887
2026/07/08 13:56:52.403, 0, 0, 48704, 97887
2026/07/08 13:56:52.421, 1, 0, 48104, 97887
2026/07/08 13:56:52.438, 2, 0, 48104, 97887
2026/07/08 13:56:52.456, 3, 0, 48104, 97887
2026/07/08 13:56:52.475, 4, 47, 75574, 97887
2026/07/08 13:56:52.494, 5, 62, 75574, 97887
2026/07/08 13:56:52.512, 6, 88, 75614, 97887
2026/07/08 13:56:52.521, 7, 14, 75614, 97887
2026/07/08 13:56:53.532, 0, 0, 48704, 97887
2026/07/08 13:56:53.549, 1, 0, 48104, 97887
2026/07/08 13:56:53.566, 2, 0, 48104, 97887
2026/07/08 13:56:53.583, 3, 0, 48104, 97887
2026/07/08 13:56:53.600, 4, 35, 75574, 97887
2026/07/08 13:56:53.616, 5, 75, 75574, 97887
2026/07/08 13:56:53.628, 6, 88, 75614, 97887
2026/07/08 13:56:53.643, 7, 17, 75614, 97887
2026/07/08 13:56:54.660, 0, 0, 48704, 97887
2026/07/08 13:56:54.679, 1, 0, 48104, 97887
2026/07/08 13:56:54.695, 2, 0, 48104, 97887
2026/07/08 13:56:54.712, 3, 0, 48104, 97887
2026/07/08 13:56:54.731, 4, 43, 75574, 97887
2026/07/08 13:56:54.750, 5, 69, 75574, 97887
2026/07/08 13:56:54.767, 6, 90, 75614, 97887
2026/07/08 13:56:54.785, 7, 13, 75614, 97887
2026/07/08 13:56:55.804, 0, 0, 48704, 97887
2026/07/08 13:56:55.826, 1, 0, 48104, 97887
2026/07/08 13:56:55.846, 2, 0, 48104, 97887
2026/07/08 13:56:55.861, 3, 0, 48104, 97887
2026/07/08 13:56:55.873, 4, 52, 75574, 97887
2026/07/08 13:56:55.883, 5, 70, 75574, 97887
2026/07/08 13:56:55.898, 6, 93, 75614, 97887
2026/07/08 13:56:55.913, 7, 13, 75614, 97887
2026/07/08 13:56:56.925, 0, 0, 48704, 97887
2026/07/08 13:56:56.941, 1, 0, 48104, 97887
2026/07/08 13:56:56.959, 2, 0, 48104, 97887
2026/07/08 13:56:56.977, 3, 0, 48104, 97887
2026/07/08 13:56:56.996, 4, 28, 75574, 97887
2026/07/08 13:56:57.015, 5, 85, 75574, 97887
2026/07/08 13:56:57.030, 6, 92, 75614, 97887
2026/07/08 13:56:57.049, 7, 14, 75614, 97887
2026/07/08 13:56:58.066, 0, 0, 48704, 97887
2026/07/08 13:56:58.082, 1, 0, 48104, 97887
2026/07/08 13:56:58.097, 2, 0, 48104, 97887
2026/07/08 13:56:58.115, 3, 0, 48104, 97887
2026/07/08 13:56:58.132, 4, 31, 75574, 97887
2026/07/08 13:56:58.150, 5, 82, 75574, 97887
2026/07/08 13:56:58.167, 6, 91, 75614, 97887
2026/07/08 13:56:58.183, 7, 13, 75614, 97887
2026/07/08 13:56:59.198, 0, 0, 48704, 97887
2026/07/08 13:56:59.220, 1, 0, 48104, 97887
2026/07/08 13:56:59.240, 2, 0, 48104, 97887
2026/07/08 13:56:59.258, 3, 0, 48104, 97887
2026/07/08 13:56:59.276, 4, 29, 75574, 97887
2026/07/08 13:56:59.293, 5, 83, 75574, 97887
2026/07/08 13:56:59.307, 6, 92, 75614, 97887
2026/07/08 13:56:59.326, 7, 14, 75614, 97887
2026/07/08 13:57:00.345, 0, 0, 48704, 97887
2026/07/08 13:57:00.364, 1, 0, 48104, 97887
2026/07/08 13:57:00.381, 2, 0, 48104, 97887
2026/07/08 13:57:00.398, 3, 0, 48104, 97887
2026/07/08 13:57:00.415, 4, 45, 75574, 97887
2026/07/08 13:57:00.441, 5, 57, 75574, 97887
2026/07/08 13:57:00.454, 6, 92, 75614, 97887
2026/07/08 13:57:00.469, 7, 14, 75614, 97887
2026/07/08 13:57:01.480, 0, 0, 48704, 97887
2026/07/08 13:57:01.497, 1, 0, 48104, 97887
2026/07/08 13:57:01.513, 2, 0, 48104, 97887
2026/07/08 13:57:01.529, 3, 0, 48104, 97887
2026/07/08 13:57:01.544, 4, 31, 75574, 97887
2026/07/08 13:57:01.561, 5, 67, 75574, 97887
2026/07/08 13:57:01.580, 6, 90, 75614, 97887
2026/07/08 13:57:01.600, 7, 19, 75614, 97887
2026/07/08 13:57:02.621, 0, 0, 48704, 97887
2026/07/08 13:57:02.637, 1, 0, 48104, 97887
2026/07/08 13:57:02.652, 2, 0, 48104, 97887
2026/07/08 13:57:02.665, 3, 0, 48104, 97887
2026/07/08 13:57:02.679, 4, 31, 75574, 97887
2026/07/08 13:57:02.691, 5, 56, 75574, 97887
2026/07/08 13:57:02.709, 6, 87, 75614, 97887
2026/07/08 13:57:02.726, 7, 13, 75614, 97887
2026/07/08 13:57:03.744, 0, 0, 48704, 97887
2026/07/08 13:57:03.762, 1, 0, 48104, 97887
2026/07/08 13:57:03.777, 2, 0, 48104, 97887
2026/07/08 13:57:03.791, 3, 0, 48104, 97887
2026/07/08 13:57:03.809, 4, 26, 75574, 97887
2026/07/08 13:57:03.830, 5, 74, 75574, 97887
2026/07/08 13:57:03.846, 6, 92, 75614, 97887
2026/07/08 13:57:03.864, 7, 13, 75614, 97887
2026/07/08 13:57:04.882, 0, 0, 48704, 97887
2026/07/08 13:57:04.901, 1, 0, 48104, 97887
2026/07/08 13:57:04.921, 2, 0, 48104, 97887
2026/07/08 13:57:04.942, 3, 0, 48104, 97887
2026/07/08 13:57:04.961, 4, 28, 75574, 97887
2026/07/08 13:57:04.982, 5, 81, 75574, 97887
2026/07/08 13:57:05.001, 6, 87, 75614, 97887
2026/07/08 13:57:05.025, 7, 14, 75614, 97887
2026/07/08 13:57:06.049, 0, 0, 48704, 97887
2026/07/08 13:57:06.066, 1, 0, 48104, 97887
2026/07/08 13:57:06.084, 2, 0, 48104, 97887
2026/07/08 13:57:06.102, 3, 0, 48104, 97887
2026/07/08 13:57:06.119, 4, 25, 75574, 97887
2026/07/08 13:57:06.136, 5, 81, 75574, 97887
2026/07/08 13:57:06.153, 6, 89, 75614, 97887
2026/07/08 13:57:06.173, 7, 14, 75614, 97887
2026/07/08 13:57:07.192, 0, 0, 48704, 97887
2026/07/08 13:57:07.211, 1, 0, 48104, 97887
2026/07/08 13:57:07.233, 2, 0, 48104, 97887
2026/07/08 13:57:07.248, 3, 0, 48104, 97887
2026/07/08 13:57:07.263, 4, 77, 75574, 97887
2026/07/08 13:57:07.278, 5, 27, 75574, 97887
2026/07/08 13:57:07.294, 6, 93, 75614, 97887
2026/07/08 13:57:07.311, 7, 14, 75614, 97887
2026/07/08 13:57:08.327, 0, 0, 48704, 97887
2026/07/08 13:57:08.346, 1, 0, 48104, 97887
2026/07/08 13:57:08.361, 2, 0, 48104, 97887
2026/07/08 13:57:08.379, 3, 0, 48104, 97887
2026/07/08 13:57:08.399, 4, 67, 75574, 97887
2026/07/08 13:57:08.419, 5, 23, 75574, 97887
2026/07/08 13:57:08.436, 6, 89, 75614, 97887
2026/07/08 13:57:08.450, 7, 14, 75614, 97887
2026/07/08 13:57:09.464, 0, 0, 48704, 97887
2026/07/08 13:57:09.481, 1, 0, 48104, 97887
2026/07/08 13:57:09.497, 2, 0, 48104, 97887
2026/07/08 13:57:09.512, 3, 0, 48104, 97887
2026/07/08 13:57:09.526, 4, 40, 75574, 97887
2026/07/08 13:57:09.541, 5, 42, 75574, 97887
2026/07/08 13:57:09.552, 6, 91, 75614, 97887
2026/07/08 13:57:09.569, 7, 20, 75614, 97887
2026/07/08 13:57:10.584, 0, 0, 48704, 97887
2026/07/08 13:57:10.607, 1, 0, 48104, 97887
2026/07/08 13:57:10.625, 2, 0, 48104, 97887
2026/07/08 13:57:10.648, 3, 0, 48104, 97887
2026/07/08 13:57:10.676, 4, 62, 75574, 97887
2026/07/08 13:57:10.692, 5, 54, 75574, 97887
2026/07/08 13:57:10.706, 6, 92, 75614, 97887
2026/07/08 13:57:10.721, 7, 13, 75614, 97887
2026/07/08 13:57:11.737, 0, 0, 48704, 97887
2026/07/08 13:57:11.751, 1, 0, 48104, 97887
2026/07/08 13:57:11.762, 2, 0, 48104, 97887
2026/07/08 13:57:11.776, 3, 0, 48104, 97887
2026/07/08 13:57:11.789, 4, 81, 75574, 97887
2026/07/08 13:57:11.801, 5, 22, 75574, 97887
2026/07/08 13:57:11.815, 6, 81, 75614, 97887
2026/07/08 13:57:11.830, 7, 13, 75614, 97887
2026/07/08 13:57:12.846, 0, 0, 48704, 97887
2026/07/08 13:57:12.860, 1, 0, 48104, 97887
2026/07/08 13:57:12.872, 2, 0, 48104, 97887
2026/07/08 13:57:12.885, 3, 0, 48104, 97887
2026/07/08 13:57:12.899, 4, 85, 75574, 97887
2026/07/08 13:57:12.914, 5, 24, 75574, 97887
2026/07/08 13:57:12.927, 6, 82, 75614, 97887
2026/07/08 13:57:12.938, 7, 16, 75614, 97887
2026/07/08 13:57:13.952, 0, 0, 48704, 97887
2026/07/08 13:57:13.967, 1, 0, 48104, 97887
2026/07/08 13:57:13.982, 2, 0, 48104, 97887
2026/07/08 13:57:13.997, 3, 0, 48104, 97887
2026/07/08 13:57:14.011, 4, 3, 75574, 97887
2026/07/08 13:57:14.024, 5, 1, 75574, 97887
2026/07/08 13:57:14.036, 6, 50, 75614, 97887
2026/07/08 13:57:14.048, 7, 12, 75614, 97887
2026/07/08 13:57:15.060, 0, 0, 48704, 97887
2026/07/08 13:57:15.078, 1, 0, 48104, 97887
2026/07/08 13:57:15.095, 2, 0, 48104, 97887
2026/07/08 13:57:15.111, 3, 0, 48104, 97887
2026/07/08 13:57:15.129, 4, 82, 75574, 97887
2026/07/08 13:57:15.147, 5, 27, 75574, 97887
2026/07/08 13:57:15.166, 6, 92, 75614, 97887
2026/07/08 13:57:15.179, 7, 14, 75614, 97887
2026/07/08 13:57:16.195, 0, 0, 48704, 97887
2026/07/08 13:57:16.220, 1, 0, 48104, 97887
2026/07/08 13:57:16.241, 2, 0, 48104, 97887
2026/07/08 13:57:16.260, 3, 0, 48104, 97887
2026/07/08 13:57:16.279, 4, 70, 75574, 97887
2026/07/08 13:57:16.295, 5, 28, 75574, 97887
2026/07/08 13:57:16.311, 6, 91, 75614, 97887
2026/07/08 13:57:16.326, 7, 14, 75614, 97887
2026/07/08 13:57:17.344, 0, 0, 48704, 97887
2026/07/08 13:57:17.365, 1, 0, 48104, 97887
2026/07/08 13:57:17.383, 2, 0, 48104, 97887
2026/07/08 13:57:17.401, 3, 0, 48104, 97887
2026/07/08 13:57:17.419, 4, 90, 75574, 97887
2026/07/08 13:57:17.436, 5, 25, 75574, 97887
2026/07/08 13:57:17.452, 6, 91, 75614, 97887
2026/07/08 13:57:17.469, 7, 14, 75614, 97887
2026/07/08 13:57:18.486, 0, 0, 48704, 97887
2026/07/08 13:57:18.507, 1, 0, 48104, 97887
2026/07/08 13:57:18.527, 2, 0, 48104, 97887
2026/07/08 13:57:18.545, 3, 0, 48104, 97887
2026/07/08 13:57:18.565, 4, 79, 75574, 97887
2026/07/08 13:57:18.583, 5, 22, 75574, 97887
2026/07/08 13:57:18.601, 6, 92, 75614, 97887
2026/07/08 13:57:18.620, 7, 14, 75614, 97887
2026/07/08 13:57:19.639, 0, 0, 48704, 97887
2026/07/08 13:57:19.657, 1, 0, 48104, 97887
2026/07/08 13:57:19.676, 2, 0, 48104, 97887
2026/07/08 13:57:19.693, 3, 0, 48104, 97887
2026/07/08 13:57:19.709, 4, 47, 75574, 97887
2026/07/08 13:57:19.723, 5, 39, 75574, 97887
2026/07/08 13:57:19.740, 6, 62, 75614, 97887
2026/07/08 13:57:19.778, 7, 14, 75614, 97887
2026/07/08 13:57:20.795, 0, 0, 48704, 97887
2026/07/08 13:57:20.810, 1, 0, 48104, 97887
2026/07/08 13:57:20.824, 2, 0, 48104, 97887
2026/07/08 13:57:20.839, 3, 0, 48104, 97887
2026/07/08 13:57:20.855, 4, 57, 75574, 97887
2026/07/08 13:57:20.870, 5, 71, 75574, 97887
2026/07/08 13:57:20.885, 6, 93, 75614, 97887
2026/07/08 13:57:20.900, 7, 14, 75614, 97887
2026/07/08 13:57:21.916, 0, 0, 48704, 97887
2026/07/08 13:57:21.933, 1, 0, 48104, 97887
2026/07/08 13:57:21.950, 2, 0, 48104, 97887
2026/07/08 13:57:21.967, 3, 0, 48104, 97887
2026/07/08 13:57:21.984, 4, 21, 75574, 97887
2026/07/08 13:57:22.002, 5, 71, 75574, 97887
2026/07/08 13:57:22.020, 6, 90, 75614, 97887
2026/07/08 13:57:22.042, 7, 14, 75614, 97887
2026/07/08 13:57:23.065, 0, 0, 48704, 97887
2026/07/08 13:57:23.081, 1, 0, 48104, 97887
2026/07/08 13:57:23.094, 2, 0, 48104, 97887
2026/07/08 13:57:23.109, 3, 0, 48104, 97887
2026/07/08 13:57:23.123, 4, 74, 75574, 97887
2026/07/08 13:57:23.138, 5, 28, 75574, 97887
2026/07/08 13:57:23.153, 6, 92, 75614, 97887
2026/07/08 13:57:23.166, 7, 14, 75614, 97887
2026/07/08 13:57:24.180, 0, 0, 48704, 97887
2026/07/08 13:57:24.195, 1, 0, 48104, 97887
2026/07/08 13:57:24.214, 2, 0, 48104, 97887
2026/07/08 13:57:24.232, 3, 0, 48104, 97887
2026/07/08 13:57:24.247, 4, 68, 75574, 97887
2026/07/08 13:57:24.262, 5, 36, 75574, 97887
2026/07/08 13:57:24.277, 6, 0, 75614, 97887
2026/07/08 13:57:24.290, 7, 0, 75614, 97887
2026/07/08 13:57:25.303, 0, 0, 48704, 97887
2026/07/08 13:57:25.321, 1, 0, 48104, 97887
2026/07/08 13:57:25.336, 2, 0, 48104, 97887
2026/07/08 13:57:25.351, 3, 0, 48104, 97887
2026/07/08 13:57:25.368, 4, 88, 75574, 97887
2026/07/08 13:57:25.387, 5, 26, 75574, 97887
2026/07/08 13:57:25.405, 6, 93, 75614, 97887
2026/07/08 13:57:25.426, 7, 13, 75614, 97887
2026/07/08 13:57:26.444, 0, 0, 48704, 97887
2026/07/08 13:57:26.462, 1, 0, 48104, 97887
2026/07/08 13:57:26.480, 2, 0, 48104, 97887
2026/07/08 13:57:26.497, 3, 0, 48104, 97887
2026/07/08 13:57:26.514, 4, 55, 75574, 97887
2026/07/08 13:57:26.530, 5, 43, 75574, 97887
2026/07/08 13:57:26.545, 6, 92, 75614, 97887
2026/07/08 13:57:26.564, 7, 13, 75614, 97887
2026/07/08 13:57:27.582, 0, 0, 48704, 97887
2026/07/08 13:57:27.603, 1, 0, 48104, 97887
2026/07/08 13:57:27.627, 2, 0, 48104, 97887
2026/07/08 13:57:27.645, 3, 0, 48104, 97887
2026/07/08 13:57:27.662, 4, 73, 75574, 97887
2026/07/08 13:57:27.678, 5, 28, 75574, 97887
2026/07/08 13:57:27.695, 6, 86, 75614, 97887
2026/07/08 13:57:27.714, 7, 14, 75614, 97887
2026/07/08 13:57:28.733, 0, 0, 48704, 97887
2026/07/08 13:57:28.751, 1, 0, 48104, 97887
2026/07/08 13:57:28.769, 2, 0, 48104, 97887
2026/07/08 13:57:28.788, 3, 0, 48104, 97887
2026/07/08 13:57:28.807, 4, 91, 75574, 97887
2026/07/08 13:57:28.824, 5, 24, 75574, 97887
2026/07/08 13:57:28.845, 6, 93, 75614, 97887
2026/07/08 13:57:28.864, 7, 13, 75614, 97887
2026/07/08 13:57:29.884, 0, 0, 48704, 97887
2026/07/08 13:57:29.902, 1, 0, 48104, 97887
2026/07/08 13:57:29.918, 2, 0, 48104, 97887
2026/07/08 13:57:29.934, 3, 0, 48104, 97887
2026/07/08 13:57:29.950, 4, 55, 75574, 97887
2026/07/08 13:57:29.967, 5, 35, 75574, 97887
2026/07/08 13:57:29.984, 6, 93, 75614, 97887
2026/07/08 13:57:30.002, 7, 12, 75614, 97887
2026/07/08 13:57:31.021, 0, 0, 48704, 97887
2026/07/08 13:57:31.042, 1, 0, 48104, 97887
2026/07/08 13:57:31.062, 2, 0, 48104, 97887
2026/07/08 13:57:31.081, 3, 0, 48104, 97887
2026/07/08 13:57:31.098, 4, 0, 75574, 97887
2026/07/08 13:57:31.116, 5, 0, 75574, 97887
2026/07/08 13:57:31.134, 6, 94, 75614, 97887
2026/07/08 13:57:31.154, 7, 13, 75614, 97887
2026/07/08 13:57:32.170, 0, 0, 48704, 97887
2026/07/08 13:57:32.185, 1, 0, 48104, 97887
2026/07/08 13:57:32.199, 2, 0, 48104, 97887
2026/07/08 13:57:32.214, 3, 0, 48104, 97887
2026/07/08 13:57:32.226, 4, 27, 75574, 97887
2026/07/08 13:57:32.239, 5, 29, 75574, 97887
2026/07/08 13:57:32.247, 6, 92, 75614, 97887
2026/07/08 13:57:32.259, 7, 13, 75614, 97887
2026/07/08 13:57:33.271, 0, 0, 48704, 97887
2026/07/08 13:57:33.290, 1, 0, 48104, 97887
2026/07/08 13:57:33.307, 2, 0, 48104, 97887
2026/07/08 13:57:33.324, 3, 0, 48104, 97887
2026/07/08 13:57:33.338, 4, 62, 75574, 97887
2026/07/08 13:57:33.354, 5, 22, 75574, 97887
2026/07/08 13:57:33.370, 6, 89, 75614, 97887
2026/07/08 13:57:33.386, 7, 14, 75614, 97887
2026/07/08 13:57:34.400, 0, 0, 48704, 97887
2026/07/08 13:57:34.416, 1, 0, 48104, 97887
2026/07/08 13:57:34.432, 2, 0, 48104, 97887
2026/07/08 13:57:34.448, 3, 0, 48104, 97887
2026/07/08 13:57:34.465, 4, 65, 75574, 97887
2026/07/08 13:57:34.503, 5, 26, 75574, 97887
2026/07/08 13:57:34.517, 6, 94, 75614, 97887
2026/07/08 13:57:34.537, 7, 13, 75614, 97887
2026/07/08 13:57:35.558, 0, 0, 48704, 97887
2026/07/08 13:57:35.576, 1, 0, 48104, 97887
2026/07/08 13:57:35.592, 2, 0, 48104, 97887
2026/07/08 13:57:35.610, 3, 0, 48104, 97887
2026/07/08 13:57:35.628, 4, 39, 75574, 97887
2026/07/08 13:57:35.646, 5, 35, 75574, 97887
2026/07/08 13:57:35.660, 6, 92, 75614, 97887
2026/07/08 13:57:35.678, 7, 13, 75614, 97887
2026/07/08 13:57:36.698, 0, 0, 48704, 97887
2026/07/08 13:57:36.718, 1, 0, 48104, 97887
2026/07/08 13:57:36.738, 2, 0, 48104, 97887
2026/07/08 13:57:36.755, 3, 0, 48104, 97887
2026/07/08 13:57:36.772, 4, 42, 75574, 97887
2026/07/08 13:57:36.789, 5, 24, 75574, 97887
2026/07/08 13:57:36.804, 6, 92, 75614, 97887
2026/07/08 13:57:36.818, 7, 13, 75614, 97887
2026/07/08 13:57:37.834, 0, 0, 48704, 97887
2026/07/08 13:57:37.855, 1, 0, 48104, 97887
2026/07/08 13:57:37.874, 2, 0, 48104, 97887
2026/07/08 13:57:37.893, 3, 0, 48104, 97887
2026/07/08 13:57:37.912, 4, 33, 75574, 97887
2026/07/08 13:57:37.930, 5, 62, 75574, 97887
2026/07/08 13:57:37.947, 6, 91, 75614, 97887
2026/07/08 13:57:37.967, 7, 13, 75614, 97887
2026/07/08 13:57:38.985, 0, 0, 48704, 97887
2026/07/08 13:57:39.003, 1, 0, 48104, 97887
2026/07/08 13:57:39.022, 2, 0, 48104, 97887
2026/07/08 13:57:39.041, 3, 0, 48104, 97887
2026/07/08 13:57:39.060, 4, 76, 75574, 97887
2026/07/08 13:57:39.080, 5, 47, 75574, 97887
2026/07/08 13:57:39.102, 6, 88, 75614, 97887
2026/07/08 13:57:39.123, 7, 13, 75614, 97887
2026/07/08 13:57:40.144, 0, 0, 48704, 97887
2026/07/08 13:57:40.164, 1, 0, 48104, 97887
2026/07/08 13:57:40.182, 2, 0, 48104, 97887
2026/07/08 13:57:40.199, 3, 0, 48104, 97887
2026/07/08 13:57:40.218, 4, 37, 75574, 97887
2026/07/08 13:57:40.238, 5, 79, 75574, 97887
2026/07/08 13:57:40.256, 6, 90, 75614, 97887
2026/07/08 13:57:40.275, 7, 13, 75614, 97887
2026/07/08 13:57:41.294, 0, 0, 48704, 97887
2026/07/08 13:57:41.314, 1, 0, 48104, 97887
2026/07/08 13:57:41.333, 2, 0, 48104, 97887
2026/07/08 13:57:41.354, 3, 0, 48104, 97887
2026/07/08 13:57:41.372, 4, 71, 75574, 97887
2026/07/08 13:57:41.389, 5, 34, 75574, 97887
2026/07/08 13:57:41.409, 6, 93, 75614, 97887
2026/07/08 13:57:41.426, 7, 14, 75614, 97887
2026/07/08 13:57:42.444, 0, 0, 48704, 97887
2026/07/08 13:57:42.465, 1, 0, 48104, 97887
2026/07/08 13:57:42.484, 2, 0, 48104, 97887
2026/07/08 13:57:42.504, 3, 0, 48104, 97887
2026/07/08 13:57:42.519, 4, 43, 75574, 97887
2026/07/08 13:57:42.531, 5, 46, 75574, 97887
2026/07/08 13:57:42.547, 6, 90, 75614, 97887
2026/07/08 13:57:42.565, 7, 13, 75614, 97887
2026/07/08 13:57:43.579, 0, 0, 48704, 97887
2026/07/08 13:57:43.599, 1, 0, 48104, 97887
2026/07/08 13:57:43.620, 2, 0, 48104, 97887
2026/07/08 13:57:43.638, 3, 0, 48104, 97887
2026/07/08 13:57:43.655, 4, 36, 75574, 97887
2026/07/08 13:57:43.672, 5, 58, 75574, 97887
2026/07/08 13:57:43.691, 6, 93, 75614, 97887
2026/07/08 13:57:43.711, 7, 14, 75614, 97887
2026/07/08 13:57:44.733, 0, 0, 48704, 97887
2026/07/08 13:57:44.753, 1, 0, 48104, 97887
2026/07/08 13:57:44.771, 2, 0, 48104, 97887
2026/07/08 13:57:44.787, 3, 0, 48104, 97887
2026/07/08 13:57:44.803, 4, 48, 75574, 97887
2026/07/08 13:57:44.822, 5, 43, 75574, 97887
2026/07/08 13:57:44.840, 6, 95, 75614, 97887
2026/07/08 13:57:44.856, 7, 18, 75614, 97887
2026/07/08 13:57:45.872, 0, 0, 48704, 97887
2026/07/08 13:57:45.892, 1, 0, 48104, 97887
2026/07/08 13:57:45.910, 2, 0, 48104, 97887
2026/07/08 13:57:45.930, 3, 0, 48104, 97887
2026/07/08 13:57:45.950, 4, 45, 75574, 97887
2026/07/08 13:57:45.971, 5, 55, 75574, 97887
2026/07/08 13:57:45.995, 6, 83, 75614, 97887
2026/07/08 13:57:46.012, 7, 16, 75614, 97887
2026/07/08 13:57:47.031, 0, 0, 48704, 97887
2026/07/08 13:57:47.051, 1, 0, 48104, 97887
2026/07/08 13:57:47.068, 2, 0, 48104, 97887
2026/07/08 13:57:47.084, 3, 0, 48104, 97887
2026/07/08 13:57:47.103, 4, 30, 75574, 97887
2026/07/08 13:57:47.120, 5, 69, 75574, 97887
2026/07/08 13:57:47.137, 6, 93, 75614, 97887
2026/07/08 13:57:47.154, 7, 14, 75614, 97887
2026/07/08 13:57:48.169, 0, 0, 48704, 97887
2026/07/08 13:57:48.186, 1, 0, 48104, 97887
2026/07/08 13:57:48.202, 2, 0, 48104, 97887
2026/07/08 13:57:48.217, 3, 0, 48104, 97887
2026/07/08 13:57:48.230, 4, 45, 75574, 97887
2026/07/08 13:57:48.244, 5, 41, 75574, 97887
2026/07/08 13:57:48.258, 6, 91, 75614, 97887
2026/07/08 13:57:48.272, 7, 14, 75614, 97887
2026/07/08 13:57:49.286, 0, 0, 48704, 97887
2026/07/08 13:57:49.306, 1, 0, 48104, 97887
2026/07/08 13:57:49.326, 2, 0, 48104, 97887
2026/07/08 13:57:49.344, 3, 0, 48104, 97887
2026/07/08 13:57:49.364, 4, 50, 75574, 97887
2026/07/08 13:57:49.385, 5, 47, 75574, 97887
2026/07/08 13:57:49.402, 6, 93, 75614, 97887
2026/07/08 13:57:49.426, 7, 14, 75614, 97887
2026/07/08 13:57:50.451, 0, 0, 48704, 97887
2026/07/08 13:57:50.471, 1, 0, 48104, 97887
2026/07/08 13:57:50.489, 2, 0, 48104, 97887
2026/07/08 13:57:50.507, 3, 0, 48104, 97887
2026/07/08 13:57:50.526, 4, 33, 75574, 97887
2026/07/08 13:57:50.541, 5, 33, 75574, 97887
2026/07/08 13:57:50.555, 6, 90, 75614, 97887
2026/07/08 13:57:50.573, 7, 14, 75614, 97887
2026/07/08 13:57:51.592, 0, 0, 48704, 97887
2026/07/08 13:57:51.607, 1, 0, 48104, 97887
2026/07/08 13:57:51.621, 2, 0, 48104, 97887
2026/07/08 13:57:51.636, 3, 0, 48104, 97887
2026/07/08 13:57:51.654, 4, 57, 75574, 97887
2026/07/08 13:57:51.671, 5, 28, 75574, 97887
2026/07/08 13:57:51.687, 6, 89, 75614, 97887
2026/07/08 13:57:51.701, 7, 14, 75614, 97887
2026/07/08 13:57:52.716, 0, 0, 48704, 97887
2026/07/08 13:57:52.735, 1, 0, 48104, 97887
2026/07/08 13:57:52.753, 2, 0, 48104, 97887
2026/07/08 13:57:52.771, 3, 0, 48104, 97887
2026/07/08 13:57:52.790, 4, 48, 75574, 97887
2026/07/08 13:57:52.810, 5, 60, 75574, 97887
2026/07/08 13:57:52.831, 6, 89, 75614, 97887
2026/07/08 13:57:52.850, 7, 14, 75614, 97887
2026/07/08 13:57:53.870, 0, 0, 48704, 97887
2026/07/08 13:57:53.889, 1, 0, 48104, 97887
2026/07/08 13:57:53.907, 2, 0, 48104, 97887
2026/07/08 13:57:53.925, 3, 0, 48104, 97887
2026/07/08 13:57:53.944, 4, 38, 75574, 97887
2026/07/08 13:57:53.964, 5, 67, 75574, 97887
2026/07/08 13:57:53.985, 6, 92, 75614, 97887
2026/07/08 13:57:54.006, 7, 14, 75614, 97887
2026/07/08 13:57:55.027, 0, 0, 48704, 97887
2026/07/08 13:57:55.051, 1, 0, 48104, 97887
2026/07/08 13:57:55.079, 2, 0, 48104, 97887
2026/07/08 13:57:55.109, 3, 0, 48104, 97887
2026/07/08 13:57:55.135, 4, 43, 75574, 97887
2026/07/08 13:57:55.159, 5, 36, 75574, 97887
2026/07/08 13:57:55.177, 6, 90, 75614, 97887
2026/07/08 13:57:55.194, 7, 14, 75614, 97887
2026/07/08 13:57:56.212, 0, 0, 48704, 97887
2026/07/08 13:57:56.232, 1, 0, 48104, 97887
2026/07/08 13:57:56.251, 2, 0, 48104, 97887
2026/07/08 13:57:56.271, 3, 0, 48104, 97887
2026/07/08 13:57:56.291, 4, 0, 75574, 97887
2026/07/08 13:57:56.312, 5, 0, 75574, 97887
2026/07/08 13:57:56.332, 6, 85, 75614, 97887
2026/07/08 13:57:56.351, 7, 14, 75614, 97887
2026/07/08 13:57:57.371, 0, 0, 48704, 97887
2026/07/08 13:57:57.390, 1, 0, 48104, 97887
2026/07/08 13:57:57.409, 2, 0, 48104, 97887
2026/07/08 13:57:57.427, 3, 0, 48104, 97887
2026/07/08 13:57:57.445, 4, 25, 75576, 97887
2026/07/08 13:57:57.464, 5, 84, 75576, 97887
2026/07/08 13:57:57.484, 6, 91, 75614, 97887
2026/07/08 13:57:57.503, 7, 14, 75614, 97887
2026/07/08 13:57:58.523, 0, 0, 48704, 97887
2026/07/08 13:57:58.538, 1, 0, 48104, 97887
2026/07/08 13:57:58.556, 2, 0, 48104, 97887
2026/07/08 13:57:58.574, 3, 0, 48104, 97887
2026/07/08 13:57:58.591, 4, 33, 75576, 97887
2026/07/08 13:57:58.608, 5, 63, 75576, 97887
2026/07/08 13:57:58.626, 6, 87, 75614, 97887
2026/07/08 13:57:58.644, 7, 14, 75614, 97887
2026/07/08 13:57:59.663, 0, 0, 48704, 97887
2026/07/08 13:57:59.681, 1, 0, 48104, 97887
2026/07/08 13:57:59.696, 2, 0, 48104, 97887
2026/07/08 13:57:59.709, 3, 0, 48104, 97887
2026/07/08 13:57:59.721, 4, 36, 75576, 97887
2026/07/08 13:57:59.734, 5, 70, 75576, 97887
2026/07/08 13:57:59.748, 6, 92, 75614, 97887
2026/07/08 13:57:59.762, 7, 14, 75614, 97887
2026/07/08 13:58:00.777, 0, 0, 48704, 97887
2026/07/08 13:58:00.803, 1, 0, 48104, 97887
2026/07/08 13:58:00.821, 2, 0, 48104, 97887
2026/07/08 13:58:00.844, 3, 0, 48104, 97887
2026/07/08 13:58:00.861, 4, 34, 75576, 97887
2026/07/08 13:58:00.878, 5, 66, 75576, 97887
2026/07/08 13:58:00.893, 6, 93, 75614, 97887
2026/07/08 13:58:00.909, 7, 15, 75614, 97887
2026/07/08 13:58:01.926, 0, 0, 48704, 97887
2026/07/08 13:58:01.943, 1, 0, 48104, 97887
2026/07/08 13:58:01.958, 2, 0, 48104, 97887
2026/07/08 13:58:01.974, 3, 0, 48104, 97887
2026/07/08 13:58:01.988, 4, 21, 75576, 97887
2026/07/08 13:58:02.003, 5, 82, 75576, 97887
2026/07/08 13:58:02.019, 6, 0, 75614, 97887
2026/07/08 13:58:02.036, 7, 12, 75614, 97887
2026/07/08 13:58:03.052, 0, 0, 48704, 97887
2026/07/08 13:58:03.070, 1, 0, 48104, 97887
2026/07/08 13:58:03.087, 2, 0, 48104, 97887
2026/07/08 13:58:03.105, 3, 0, 48104, 97887
2026/07/08 13:58:03.123, 4, 100, 75576, 97887
2026/07/08 13:58:03.140, 5, 100, 75576, 97887
2026/07/08 13:58:03.157, 6, 0, 75614, 97887
2026/07/08 13:58:03.175, 7, 0, 75614, 97887
2026/07/08 13:58:04.192, 0, 0, 48704, 97887
2026/07/08 13:58:04.207, 1, 0, 48104, 97887
2026/07/08 13:58:04.218, 2, 0, 48104, 97887
2026/07/08 13:58:04.230, 3, 0, 48104, 97887
2026/07/08 13:58:04.242, 4, 81, 75576, 97887
2026/07/08 13:58:04.258, 5, 25, 75576, 97887
2026/07/08 13:58:04.276, 6, 0, 75614, 97887
2026/07/08 13:58:04.292, 7, 0, 75614, 97887
2026/07/08 13:58:05.310, 0, 0, 48704, 97887
2026/07/08 13:58:05.328, 1, 0, 48104, 97887
2026/07/08 13:58:05.345, 2, 0, 48104, 97887
2026/07/08 13:58:05.357, 3, 0, 48104, 97887
2026/07/08 13:58:05.370, 4, 29, 75576, 97887
2026/07/08 13:58:05.380, 5, 32, 75576, 97887
2026/07/08 13:58:05.392, 6, 0, 75614, 97887
2026/07/08 13:58:05.403, 7, 0, 75614, 97887
2026/07/08 13:58:06.416, 0, 0, 48704, 97887
2026/07/08 13:58:06.431, 1, 0, 48104, 97887
2026/07/08 13:58:06.445, 2, 0, 48104, 97887
2026/07/08 13:58:06.462, 3, 0, 48104, 97887
2026/07/08 13:58:06.477, 4, 28, 75576, 97887
2026/07/08 13:58:06.493, 5, 40, 75576, 97887
2026/07/08 13:58:06.512, 6, 0, 75614, 97887
2026/07/08 13:58:06.529, 7, 0, 75614, 97887
2026/07/08 13:58:07.545, 0, 0, 48704, 97887
2026/07/08 13:58:07.562, 1, 0, 48104, 97887
2026/07/08 13:58:07.580, 2, 0, 48104, 97887
2026/07/08 13:58:07.600, 3, 0, 48104, 97887
2026/07/08 13:58:07.618, 4, 21, 75576, 97887
2026/07/08 13:58:07.638, 5, 62, 75576, 97887
2026/07/08 13:58:07.657, 6, 0, 75614, 97887
2026/07/08 13:58:07.676, 7, 0, 75614, 97887
2026/07/08 13:58:08.692, 0, 0, 48704, 97887
2026/07/08 13:58:08.709, 1, 0, 48104, 97887
2026/07/08 13:58:08.726, 2, 0, 48104, 97887
2026/07/08 13:58:08.743, 3, 0, 48104, 97887
2026/07/08 13:58:08.759, 4, 64, 75576, 97887
2026/07/08 13:58:08.778, 5, 30, 75576, 97887
2026/07/08 13:58:08.795, 6, 0, 75614, 97887
2026/07/08 13:58:08.812, 7, 0, 75614, 97887
2026/07/08 13:58:09.820, 0, 0, 48704, 97887
2026/07/08 13:58:09.836, 1, 0, 48104, 97887
2026/07/08 13:58:09.850, 2, 0, 48104, 97887
2026/07/08 13:58:09.866, 3, 0, 48104, 97887
2026/07/08 13:58:09.883, 4, 27, 75576, 97887
2026/07/08 13:58:09.901, 5, 83, 75576, 97887
2026/07/08 13:58:09.918, 6, 0, 75614, 97887
2026/07/08 13:58:09.936, 7, 0, 75614, 97887
2026/07/08 13:58:10.955, 0, 0, 48704, 97887
2026/07/08 13:58:10.973, 1, 0, 48104, 97887
2026/07/08 13:58:10.989, 2, 0, 48104, 97887
2026/07/08 13:58:11.006, 3, 0, 48104, 97887
2026/07/08 13:58:11.022, 4, 50, 75576, 97887
2026/07/08 13:58:11.039, 5, 26, 75576, 97887
2026/07/08 13:58:11.054, 6, 0, 75614, 97887
2026/07/08 13:58:11.070, 7, 0, 75614, 97887
2026/07/08 13:58:12.087, 0, 0, 48704, 97887
2026/07/08 13:58:12.107, 1, 0, 48104, 97887
2026/07/08 13:58:12.125, 2, 0, 48104, 97887
2026/07/08 13:58:12.144, 3, 0, 48104, 97887
2026/07/08 13:58:12.164, 4, 34, 75576, 97887
2026/07/08 13:58:12.182, 5, 44, 75576, 97887
2026/07/08 13:58:12.202, 6, 0, 75614, 97887
2026/07/08 13:58:12.224, 7, 0, 75614, 97887
2026/07/08 13:58:13.243, 0, 0, 48704, 97887
2026/07/08 13:58:13.260, 1, 0, 48104, 97887
2026/07/08 13:58:13.278, 2, 0, 48104, 97887
2026/07/08 13:58:13.294, 3, 0, 48104, 97887
2026/07/08 13:58:13.309, 4, 27, 75576, 97887
2026/07/08 13:58:13.325, 5, 73, 75576, 97887
2026/07/08 13:58:13.341, 6, 0, 75614, 97887
2026/07/08 13:58:13.360, 7, 0, 75614, 97887
2026/07/08 13:58:14.379, 0, 0, 48704, 97887
2026/07/08 13:58:14.398, 1, 0, 48104, 97887
2026/07/08 13:58:14.412, 2, 0, 48104, 97887
2026/07/08 13:58:14.428, 3, 0, 48104, 97887
2026/07/08 13:58:14.443, 4, 50, 75576, 97887
2026/07/08 13:58:14.457, 5, 60, 75576, 97887
2026/07/08 13:58:14.471, 6, 0, 75614, 97887
2026/07/08 13:58:14.489, 7, 0, 75614, 97887
2026/07/08 13:58:15.501, 0, 0, 48704, 97887
2026/07/08 13:58:15.517, 1, 0, 48104, 97887
2026/07/08 13:58:15.534, 2, 0, 48104, 97887
2026/07/08 13:58:15.550, 3, 0, 48104, 97887
2026/07/08 13:58:15.567, 4, 33, 75576, 97887
2026/07/08 13:58:15.586, 5, 79, 75576, 97887
2026/07/08 13:58:15.602, 6, 0, 75614, 97887
2026/07/08 13:58:15.619, 7, 0, 75614, 97887
2026/07/08 13:58:16.634, 0, 0, 48704, 97887
2026/07/08 13:58:16.656, 1, 0, 48104, 97887
2026/07/08 13:58:16.675, 2, 0, 48104, 97887
2026/07/08 13:58:16.694, 3, 0, 48104, 97887
2026/07/08 13:58:16.711, 4, 26, 75576, 97887
2026/07/08 13:58:16.729, 5, 85, 75576, 97887
2026/07/08 13:58:16.748, 6, 0, 75614, 97887
2026/07/08 13:58:16.766, 7, 0, 75614, 97887
2026/07/08 13:58:17.785, 0, 0, 48704, 97887
2026/07/08 13:58:17.805, 1, 0, 48104, 97887
2026/07/08 13:58:17.824, 2, 0, 48104, 97887
2026/07/08 13:58:17.837, 3, 0, 48104, 97887
2026/07/08 13:58:17.853, 4, 22, 75576, 97887
2026/07/08 13:58:17.866, 5, 87, 75576, 97887
2026/07/08 13:58:17.884, 6, 0, 75614, 97887
2026/07/08 13:58:17.902, 7, 0, 75614, 97887
2026/07/08 13:58:18.918, 0, 0, 48704, 97887
2026/07/08 13:58:18.939, 1, 0, 48104, 97887
2026/07/08 13:58:18.959, 2, 0, 48104, 97887
2026/07/08 13:58:18.979, 3, 0, 48104, 97887
2026/07/08 13:58:19.000, 4, 27, 75576, 97887
2026/07/08 13:58:19.021, 5, 86, 75576, 97887
2026/07/08 13:58:19.039, 6, 0, 75614, 97887
2026/07/08 13:58:19.053, 7, 0, 75614, 97887
2026/07/08 13:58:20.065, 0, 0, 48704, 97887
2026/07/08 13:58:20.086, 1, 0, 48104, 97887
2026/07/08 13:58:20.105, 2, 0, 48104, 97887
2026/07/08 13:58:20.126, 3, 0, 48104, 97887
2026/07/08 13:58:20.146, 4, 30, 75576, 97887
2026/07/08 13:58:20.166, 5, 90, 75576, 97887
2026/07/08 13:58:20.186, 6, 0, 75614, 97887
2026/07/08 13:58:20.205, 7, 0, 75614, 97887
2026/07/08 13:58:21.226, 0, 0, 48704, 97887
2026/07/08 13:58:21.246, 1, 0, 48104, 97887
2026/07/08 13:58:21.264, 2, 0, 48104, 97887
2026/07/08 13:58:21.285, 3, 0, 48104, 97887
2026/07/08 13:58:21.304, 4, 28, 75576, 97887
2026/07/08 13:58:21.324, 5, 65, 75576, 97887
2026/07/08 13:58:21.344, 6, 0, 75614, 97887
2026/07/08 13:58:21.365, 7, 0, 75614, 97887
2026/07/08 13:58:22.386, 0, 0, 48704, 97887
2026/07/08 13:58:22.405, 1, 0, 48104, 97887
2026/07/08 13:58:22.425, 2, 0, 48104, 97887
2026/07/08 13:58:22.444, 3, 0, 48104, 97887
2026/07/08 13:58:22.462, 4, 24, 75576, 97887
2026/07/08 13:58:22.481, 5, 82, 75576, 97887
2026/07/08 13:58:22.499, 6, 0, 75614, 97887
2026/07/08 13:58:22.516, 7, 0, 75614, 97887
2026/07/08 13:58:23.530, 0, 0, 48704, 97887
2026/07/08 13:58:23.546, 1, 0, 48104, 97887
2026/07/08 13:58:23.563, 2, 0, 48104, 97887
2026/07/08 13:58:23.580, 3, 0, 48104, 97887
2026/07/08 13:58:23.599, 4, 32, 75576, 97887
2026/07/08 13:58:23.614, 5, 75, 75576, 97887
2026/07/08 13:58:23.631, 6, 0, 75614, 97887
2026/07/08 13:58:23.646, 7, 0, 75614, 97887
2026/07/08 13:58:24.664, 0, 0, 48704, 97887
2026/07/08 13:58:24.682, 1, 0, 48104, 97887
2026/07/08 13:58:24.699, 2, 0, 48104, 97887
2026/07/08 13:58:24.716, 3, 0, 48104, 97887
2026/07/08 13:58:24.733, 4, 57, 75576, 97887
2026/07/08 13:58:24.754, 5, 37, 75576, 97887
2026/07/08 13:58:24.770, 6, 0, 75614, 97887
2026/07/08 13:58:24.788, 7, 0, 75614, 97887
2026/07/08 13:58:25.805, 0, 0, 48704, 97887
2026/07/08 13:58:25.822, 1, 0, 48104, 97887
2026/07/08 13:58:25.840, 2, 0, 48104, 97887
2026/07/08 13:58:25.861, 3, 0, 48104, 97887
2026/07/08 13:58:25.879, 4, 32, 75576, 97887
2026/07/08 13:58:25.895, 5, 55, 75576, 97887
2026/07/08 13:58:25.909, 6, 0, 75614, 97887
2026/07/08 13:58:25.924, 7, 0, 75614, 97887
2026/07/08 13:58:26.941, 0, 0, 48704, 97887
2026/07/08 13:58:26.961, 1, 0, 48104, 97887
2026/07/08 13:58:26.979, 2, 0, 48104, 97887
2026/07/08 13:58:26.998, 3, 0, 48104, 97887
2026/07/08 13:58:27.014, 4, 37, 75576, 97887
2026/07/08 13:58:27.033, 5, 78, 75576, 97887
2026/07/08 13:58:27.053, 6, 0, 75614, 97887
2026/07/08 13:58:27.071, 7, 0, 75614, 97887
2026/07/08 13:58:28.088, 0, 0, 48704, 97887
2026/07/08 13:58:28.109, 1, 0, 48104, 97887
2026/07/08 13:58:28.130, 2, 0, 48104, 97887
2026/07/08 13:58:28.149, 3, 0, 48104, 97887
2026/07/08 13:58:28.166, 4, 34, 75576, 97887
2026/07/08 13:58:28.184, 5, 67, 75576, 97887
2026/07/08 13:58:28.203, 6, 0, 75614, 97887
2026/07/08 13:58:28.226, 7, 0, 75614, 97887
2026/07/08 13:58:29.252, 0, 0, 48704, 97887
2026/07/08 13:58:29.272, 1, 0, 48104, 97887
2026/07/08 13:58:29.290, 2, 0, 48104, 97887
2026/07/08 13:58:29.309, 3, 0, 48104, 97887
2026/07/08 13:58:29.327, 4, 32, 75576, 97887
2026/07/08 13:58:29.346, 5, 49, 75576, 97887
2026/07/08 13:58:29.364, 6, 0, 75614, 97887
2026/07/08 13:58:29.382, 7, 0, 75614, 97887
2026/07/08 13:58:30.401, 0, 0, 48704, 97887
2026/07/08 13:58:30.420, 1, 0, 48104, 97887
2026/07/08 13:58:30.441, 2, 0, 48104, 97887
2026/07/08 13:58:30.455, 3, 0, 48104, 97887
2026/07/08 13:58:30.474, 4, 25, 75576, 97887
2026/07/08 13:58:30.493, 5, 78, 75576, 97887
2026/07/08 13:58:30.513, 6, 0, 75614, 97887
2026/07/08 13:58:30.532, 7, 0, 75614, 97887
2026/07/08 13:58:31.552, 0, 0, 48704, 97887
2026/07/08 13:58:31.573, 1, 0, 48104, 97887
2026/07/08 13:58:31.590, 2, 0, 48104, 97887
2026/07/08 13:58:31.611, 3, 0, 48104, 97887
2026/07/08 13:58:31.629, 4, 37, 75576, 97887
2026/07/08 13:58:31.649, 5, 69, 75576, 97887
2026/07/08 13:58:31.666, 6, 0, 75614, 97887
2026/07/08 13:58:31.684, 7, 0, 75614, 97887
2026/07/08 13:58:32.702, 0, 0, 48704, 97887
2026/07/08 13:58:32.720, 1, 0, 48104, 97887
2026/07/08 13:58:32.737, 2, 0, 48104, 97887
2026/07/08 13:58:32.750, 3, 0, 48104, 97887
2026/07/08 13:58:32.766, 4, 55, 75576, 97887
2026/07/08 13:58:32.784, 5, 50, 75576, 97887
2026/07/08 13:58:32.801, 6, 0, 75614, 97887
2026/07/08 13:58:32.817, 7, 0, 75614, 97887
2026/07/08 13:58:33.832, 0, 0, 48704, 97887
2026/07/08 13:58:33.862, 1, 0, 48104, 97887
2026/07/08 13:58:33.885, 2, 0, 48104, 97887
2026/07/08 13:58:33.905, 3, 0, 48104, 97887
2026/07/08 13:58:33.922, 4, 38, 75576, 97887
2026/07/08 13:58:33.939, 5, 27, 75576, 97887
2026/07/08 13:58:33.958, 6, 0, 75614, 97887
2026/07/08 13:58:33.991, 7, 0, 75614, 97887
2026/07/08 13:58:35.016, 0, 0, 48704, 97887
2026/07/08 13:58:35.034, 1, 0, 48104, 97887
2026/07/08 13:58:35.053, 2, 0, 48104, 97887
2026/07/08 13:58:35.072, 3, 0, 48104, 97887
2026/07/08 13:58:35.092, 4, 79, 75576, 97887
2026/07/08 13:58:35.112, 5, 83, 75576, 97887
2026/07/08 13:58:35.132, 6, 0, 75614, 97887
2026/07/08 13:58:35.152, 7, 0, 75614, 97887
2026/07/08 13:58:36.171, 0, 0, 48704, 97887
2026/07/08 13:58:36.192, 1, 0, 48104, 97887
2026/07/08 13:58:36.210, 2, 0, 48104, 97887
2026/07/08 13:58:36.231, 3, 0, 48104, 97887
2026/07/08 13:58:36.250, 4, 78, 75576, 97887
2026/07/08 13:58:36.268, 5, 30, 75576, 97887
2026/07/08 13:58:36.288, 6, 0, 75614, 97887
2026/07/08 13:58:36.308, 7, 0, 75614, 97887
2026/07/08 13:58:37.330, 0, 0, 48704, 97887
2026/07/08 13:58:37.351, 1, 0, 48104, 97887
2026/07/08 13:58:37.371, 2, 0, 48104, 97887
2026/07/08 13:58:37.389, 3, 0, 48104, 97887
2026/07/08 13:58:37.407, 4, 32, 75576, 97887
2026/07/08 13:58:37.428, 5, 62, 75576, 97887
2026/07/08 13:58:37.446, 6, 0, 75614, 97887
2026/07/08 13:58:37.463, 7, 0, 75614, 97887
2026/07/08 13:58:38.484, 0, 0, 48704, 97887
2026/07/08 13:58:38.505, 1, 0, 48104, 97887
2026/07/08 13:58:38.525, 2, 0, 48104, 97887
2026/07/08 13:58:38.545, 3, 0, 48104, 97887
2026/07/08 13:58:38.566, 4, 47, 75576, 97887
2026/07/08 13:58:38.582, 5, 28, 75576, 97887
2026/07/08 13:58:38.601, 6, 0, 75614, 97887
2026/07/08 13:58:38.621, 7, 0, 75614, 97887
2026/07/08 13:58:39.644, 0, 0, 48704, 97887
2026/07/08 13:58:39.663, 1, 0, 48104, 97887
2026/07/08 13:58:39.676, 2, 0, 48104, 97887
2026/07/08 13:58:39.692, 3, 0, 48104, 97887
2026/07/08 13:58:39.709, 4, 33, 75576, 97887
2026/07/08 13:58:39.728, 5, 55, 75576, 97887
2026/07/08 13:58:39.746, 6, 0, 75614, 97887
2026/07/08 13:58:39.766, 7, 0, 75614, 97887
2026/07/08 13:58:40.785, 0, 0, 48704, 97887
2026/07/08 13:58:40.805, 1, 0, 48104, 97887
2026/07/08 13:58:40.823, 2, 0, 48104, 97887
2026/07/08 13:58:40.843, 3, 0, 48104, 97887
2026/07/08 13:58:40.864, 4, 67, 75576, 97887
2026/07/08 13:58:40.884, 5, 25, 75576, 97887
2026/07/08 13:58:40.903, 6, 0, 75614, 97887
2026/07/08 13:58:40.923, 7, 0, 75614, 97887
2026/07/08 13:58:41.941, 0, 0, 48704, 97887
2026/07/08 13:58:41.960, 1, 0, 48104, 97887
2026/07/08 13:58:41.979, 2, 0, 48104, 97887
2026/07/08 13:58:41.997, 3, 0, 48104, 97887
2026/07/08 13:58:42.014, 4, 32, 75576, 97887
2026/07/08 13:58:42.030, 5, 69, 75576, 97887
2026/07/08 13:58:42.050, 6, 0, 75614, 97887
2026/07/08 13:58:42.071, 7, 0, 75614, 97887
2026/07/08 13:58:43.090, 0, 0, 48704, 97887
2026/07/08 13:58:43.109, 1, 0, 48104, 97887
2026/07/08 13:58:43.127, 2, 0, 48104, 97887
2026/07/08 13:58:43.147, 3, 0, 48104, 97887
2026/07/08 13:58:43.164, 4, 31, 75576, 97887
2026/07/08 13:58:43.182, 5, 64, 75576, 97887
2026/07/08 13:58:43.199, 6, 0, 75614, 97887
2026/07/08 13:58:43.218, 7, 0, 75614, 97887
2026/07/08 13:58:44.237, 0, 0, 48704, 97887
2026/07/08 13:58:44.254, 1, 0, 48104, 97887
2026/07/08 13:58:44.272, 2, 0, 48104, 97887
2026/07/08 13:58:44.289, 3, 0, 48104, 97887
2026/07/08 13:58:44.307, 4, 54, 75576, 97887
2026/07/08 13:58:44.326, 5, 51, 75576, 97887
2026/07/08 13:58:44.344, 6, 0, 75614, 97887
2026/07/08 13:58:44.360, 7, 0, 75614, 97887
2026/07/08 13:58:45.377, 0, 0, 48704, 97887
2026/07/08 13:58:45.398, 1, 0, 48104, 97887
2026/07/08 13:58:45.417, 2, 0, 48104, 97887
2026/07/08 13:58:45.446, 3, 0, 48104, 97887
2026/07/08 13:58:45.464, 4, 34, 75576, 97887
2026/07/08 13:58:45.481, 5, 35, 75576, 97887
2026/07/08 13:58:45.501, 6, 0, 75614, 97887
2026/07/08 13:58:45.519, 7, 0, 75614, 97887
2026/07/08 13:58:46.539, 0, 0, 48704, 97887
2026/07/08 13:58:46.559, 1, 0, 48104, 97887
2026/07/08 13:58:46.577, 2, 0, 48104, 97887
2026/07/08 13:58:46.598, 3, 0, 48104, 97887
2026/07/08 13:58:46.619, 4, 21, 75576, 97887
2026/07/08 13:58:46.638, 5, 75, 75576, 97887
2026/07/08 13:58:46.657, 6, 0, 75614, 97887
2026/07/08 13:58:46.677, 7, 0, 75614, 97887
2026/07/08 13:58:47.697, 0, 0, 48704, 97887
2026/07/08 13:58:47.712, 1, 0, 48104, 97887
2026/07/08 13:58:47.732, 2, 0, 48104, 97887
2026/07/08 13:58:47.750, 3, 0, 48104, 97887
2026/07/08 13:58:47.770, 4, 40, 75576, 97887
2026/07/08 13:58:47.788, 5, 29, 75576, 97887
2026/07/08 13:58:47.807, 6, 0, 75614, 97887
2026/07/08 13:58:47.827, 7, 0, 75614, 97887
2026/07/08 13:58:48.848, 0, 0, 48704, 97887
2026/07/08 13:58:48.867, 1, 0, 48104, 97887
2026/07/08 13:58:48.885, 2, 0, 48104, 97887
2026/07/08 13:58:48.906, 3, 0, 48104, 97887
2026/07/08 13:58:48.926, 4, 24, 75576, 97887
2026/07/08 13:58:48.944, 5, 70, 75576, 97887
2026/07/08 13:58:48.964, 6, 0, 75614, 97887
2026/07/08 13:58:48.983, 7, 0, 75614, 97887
2026/07/08 13:58:50.004, 0, 0, 48704, 97887
2026/07/08 13:58:50.025, 1, 0, 48104, 97887
2026/07/08 13:58:50.043, 2, 0, 48104, 97887
2026/07/08 13:58:50.061, 3, 0, 48104, 97887
2026/07/08 13:58:50.078, 4, 41, 75576, 97887
2026/07/08 13:58:50.097, 5, 71, 75576, 97887
2026/07/08 13:58:50.115, 6, 0, 75614, 97887
2026/07/08 13:58:50.129, 7, 0, 75614, 97887
2026/07/08 13:58:51.143, 0, 0, 48704, 97887
2026/07/08 13:58:51.160, 1, 0, 48104, 97887
2026/07/08 13:58:51.179, 2, 0, 48104, 97887
2026/07/08 13:58:51.198, 3, 0, 48104, 97887
2026/07/08 13:58:51.211, 4, 25, 75576, 97887
2026/07/08 13:58:51.224, 5, 79, 75576, 97887
2026/07/08 13:58:51.237, 6, 0, 75614, 97887
2026/07/08 13:58:51.255, 7, 0, 75614, 97887
2026/07/08 13:58:52.275, 0, 0, 48704, 97887
2026/07/08 13:58:52.295, 1, 0, 48104, 97887
2026/07/08 13:58:52.313, 2, 0, 48104, 97887
2026/07/08 13:58:52.332, 3, 0, 48104, 97887
2026/07/08 13:58:52.353, 4, 30, 75576, 97887
2026/07/08 13:58:52.368, 5, 85, 75576, 97887
2026/07/08 13:58:52.383, 6, 0, 75614, 97887
2026/07/08 13:58:52.398, 7, 0, 75614, 97887
2026/07/08 13:58:53.411, 0, 0, 48704, 97887
2026/07/08 13:58:53.429, 1, 0, 48104, 97887
2026/07/08 13:58:53.444, 2, 0, 48104, 97887
2026/07/08 13:58:53.463, 3, 0, 48104, 97887
2026/07/08 13:58:53.481, 4, 34, 75576, 97887
2026/07/08 13:58:53.500, 5, 59, 75576, 97887
2026/07/08 13:58:53.519, 6, 0, 75614, 97887
2026/07/08 13:58:53.537, 7, 0, 75614, 97887
2026/07/08 13:58:54.556, 0, 0, 48704, 97887
2026/07/08 13:58:54.577, 1, 0, 48104, 97887
2026/07/08 13:58:54.595, 2, 0, 48104, 97887
2026/07/08 13:58:54.614, 3, 0, 48104, 97887
2026/07/08 13:58:54.632, 4, 28, 75576, 97887
2026/07/08 13:58:54.651, 5, 78, 75576, 97887
2026/07/08 13:58:54.668, 6, 0, 75614, 97887
2026/07/08 13:58:54.686, 7, 0, 75614, 97887
2026/07/08 13:58:55.704, 0, 0, 48704, 97887
2026/07/08 13:58:55.724, 1, 0, 48104, 97887
2026/07/08 13:58:55.741, 2, 0, 48104, 97887
2026/07/08 13:58:55.761, 3, 0, 48104, 97887
2026/07/08 13:58:55.780, 4, 42, 75576, 97887
2026/07/08 13:58:55.797, 5, 60, 75576, 97887
2026/07/08 13:58:55.809, 6, 0, 75614, 97887
2026/07/08 13:58:55.824, 7, 0, 75614, 97887
2026/07/08 13:58:56.837, 0, 0, 48704, 97887
2026/07/08 13:58:56.854, 1, 0, 48104, 97887
2026/07/08 13:58:56.873, 2, 0, 48104, 97887
2026/07/08 13:58:56.890, 3, 0, 48104, 97887
2026/07/08 13:58:56.908, 4, 31, 75576, 97887
2026/07/08 13:58:56.926, 5, 69, 75576, 97887
2026/07/08 13:58:56.943, 6, 0, 75614, 97887
2026/07/08 13:58:56.959, 7, 0, 75614, 97887
2026/07/08 13:58:57.976, 0, 0, 48704, 97887
2026/07/08 13:58:57.992, 1, 0, 48104, 97887
2026/07/08 13:58:58.009, 2, 0, 48104, 97887
2026/07/08 13:58:58.026, 3, 0, 48104, 97887
2026/07/08 13:58:58.042, 4, 28, 75576, 97887
2026/07/08 13:58:58.057, 5, 77, 75576, 97887
2026/07/08 13:58:58.071, 6, 0, 75614, 97887
2026/07/08 13:58:58.087, 7, 0, 75614, 97887
2026/07/08 13:58:59.097, 0, 0, 48704, 97887
2026/07/08 13:58:59.111, 1, 0, 48104, 97887
2026/07/08 13:58:59.126, 2, 0, 48104, 97887
2026/07/08 13:58:59.143, 3, 0, 48104, 97887
2026/07/08 13:58:59.159, 4, 28, 75576, 97887
2026/07/08 13:58:59.173, 5, 71, 75576, 97887
2026/07/08 13:58:59.191, 6, 0, 75614, 97887
2026/07/08 13:58:59.208, 7, 0, 75614, 97887
2026/07/08 13:59:00.223, 0, 0, 48704, 97887
2026/07/08 13:59:00.236, 1, 0, 48104, 97887
2026/07/08 13:59:00.251, 2, 0, 48104, 97887
2026/07/08 13:59:00.261, 3, 0, 48104, 97887
2026/07/08 13:59:00.274, 4, 60, 75576, 97887
2026/07/08 13:59:00.288, 5, 21, 75576, 97887
2026/07/08 13:59:00.301, 6, 0, 75614, 97887
2026/07/08 13:59:00.312, 7, 0, 75614, 97887
2026/07/08 13:59:01.329, 0, 0, 48704, 97887
2026/07/08 13:59:01.347, 1, 0, 48104, 97887
2026/07/08 13:59:01.363, 2, 0, 48104, 97887
2026/07/08 13:59:01.377, 3, 0, 48104, 97887
2026/07/08 13:59:01.392, 4, 69, 75576, 97887
2026/07/08 13:59:01.407, 5, 47, 75576, 97887
2026/07/08 13:59:01.425, 6, 0, 75614, 97887
2026/07/08 13:59:01.444, 7, 0, 75614, 97887
2026/07/08 13:59:02.459, 0, 0, 48704, 97887
2026/07/08 13:59:02.477, 1, 0, 48104, 97887
2026/07/08 13:59:02.497, 2, 0, 48104, 97887
2026/07/08 13:59:02.512, 3, 0, 48104, 97887
2026/07/08 13:59:02.520, 4, 32, 75576, 97887
2026/07/08 13:59:02.527, 5, 69, 75576, 97887
2026/07/08 13:59:02.533, 6, 0, 75614, 97887
2026/07/08 13:59:02.545, 7, 0, 75614, 97887
2026/07/08 13:59:03.557, 0, 0, 48704, 97887
2026/07/08 13:59:03.575, 1, 0, 48104, 97887
2026/07/08 13:59:03.590, 2, 0, 48104, 97887
2026/07/08 13:59:03.606, 3, 0, 48104, 97887
2026/07/08 13:59:03.622, 4, 36, 75576, 97887
2026/07/08 13:59:03.637, 5, 79, 75576, 97887
2026/07/08 13:59:03.655, 6, 0, 75614, 97887
2026/07/08 13:59:03.670, 7, 0, 75614, 97887
2026/07/08 13:59:04.689, 0, 0, 48704, 97887
2026/07/08 13:59:04.707, 1, 0, 48104, 97887
2026/07/08 13:59:04.725, 2, 0, 48104, 97887
2026/07/08 13:59:04.743, 3, 0, 48104, 97887
2026/07/08 13:59:04.759, 4, 26, 75576, 97887
2026/07/08 13:59:04.777, 5, 84, 75576, 97887
2026/07/08 13:59:04.795, 6, 0, 75614, 97887
2026/07/08 13:59:04.810, 7, 0, 75614, 97887
2026/07/08 13:59:05.825, 0, 0, 48704, 97887
2026/07/08 13:59:05.844, 1, 0, 48104, 97887
2026/07/08 13:59:05.863, 2, 0, 48104, 97887
2026/07/08 13:59:05.878, 3, 0, 48104, 97887
2026/07/08 13:59:05.899, 4, 68, 75576, 97887
2026/07/08 13:59:05.916, 5, 32, 75576, 97887
2026/07/08 13:59:05.936, 6, 0, 75614, 97887
2026/07/08 13:59:05.955, 7, 0, 75614, 97887
2026/07/08 13:59:06.975, 0, 0, 48704, 97887
2026/07/08 13:59:06.997, 1, 0, 48104, 97887
2026/07/08 13:59:07.018, 2, 0, 48104, 97887
2026/07/08 13:59:07.040, 3, 0, 48104, 97887
2026/07/08 13:59:07.063, 4, 33, 75576, 97887
2026/07/08 13:59:07.098, 5, 42, 75576, 97887
2026/07/08 13:59:07.129, 6, 0, 75614, 97887
2026/07/08 13:59:07.153, 7, 0, 75614, 97887
2026/07/08 13:59:08.181, 0, 0, 48704, 97887
2026/07/08 13:59:08.199, 1, 0, 48104, 97887
2026/07/08 13:59:08.217, 2, 0, 48104, 97887
2026/07/08 13:59:08.236, 3, 0, 48104, 97887
2026/07/08 13:59:08.254, 4, 67, 75576, 97887
2026/07/08 13:59:08.272, 5, 24, 75576, 97887
2026/07/08 13:59:08.291, 6, 0, 75614, 97887
2026/07/08 13:59:08.310, 7, 0, 75614, 97887
2026/07/08 13:59:09.331, 0, 0, 48704, 97887
2026/07/08 13:59:09.351, 1, 0, 48104, 97887
2026/07/08 13:59:09.369, 2, 0, 48104, 97887
2026/07/08 13:59:09.388, 3, 0, 48104, 97887
2026/07/08 13:59:09.407, 4, 59, 75576, 97887
2026/07/08 13:59:09.426, 5, 59, 75576, 97887
2026/07/08 13:59:09.444, 6, 0, 75614, 97887
2026/07/08 13:59:09.464, 7, 0, 75614, 97887
2026/07/08 13:59:10.484, 0, 0, 48704, 97887
2026/07/08 13:59:10.502, 1, 0, 48104, 97887
2026/07/08 13:59:10.519, 2, 0, 48104, 97887
2026/07/08 13:59:10.537, 3, 0, 48104, 97887
2026/07/08 13:59:10.554, 4, 56, 75576, 97887
2026/07/08 13:59:10.573, 5, 24, 75576, 97887
2026/07/08 13:59:10.592, 6, 0, 75614, 97887
2026/07/08 13:59:10.612, 7, 0, 75614, 97887
2026/07/08 13:59:11.630, 0, 0, 48704, 97887
2026/07/08 13:59:11.648, 1, 0, 48104, 97887
2026/07/08 13:59:11.661, 2, 0, 48104, 97887
2026/07/08 13:59:11.674, 3, 0, 48104, 97887
2026/07/08 13:59:11.691, 4, 86, 75576, 97887
2026/07/08 13:59:11.710, 5, 26, 75576, 97887
2026/07/08 13:59:11.727, 6, 0, 75614, 97887
2026/07/08 13:59:11.747, 7, 0, 75614, 97887
2026/07/08 13:59:12.767, 0, 0, 48704, 97887
2026/07/08 13:59:12.792, 1, 0, 48104, 97887
2026/07/08 13:59:12.811, 2, 0, 48104, 97887
2026/07/08 13:59:12.828, 3, 0, 48104, 97887
2026/07/08 13:59:12.849, 4, 62, 75576, 97887
2026/07/08 13:59:12.876, 5, 46, 75576, 97887
2026/07/08 13:59:12.901, 6, 0, 75614, 97887
2026/07/08 13:59:12.922, 7, 0, 75614, 97887
2026/07/08 13:59:13.943, 0, 0, 48704, 97887
2026/07/08 13:59:13.962, 1, 0, 48104, 97887
2026/07/08 13:59:13.976, 2, 0, 48104, 97887
2026/07/08 13:59:13.991, 3, 0, 48104, 97887
2026/07/08 13:59:14.008, 4, 51, 75576, 97887
2026/07/08 13:59:14.027, 5, 44, 75576, 97887
2026/07/08 13:59:14.046, 6, 0, 75614, 97887
2026/07/08 13:59:14.064, 7, 0, 75614, 97887
2026/07/08 13:59:15.079, 0, 0, 48704, 97887
2026/07/08 13:59:15.100, 1, 0, 48104, 97887
2026/07/08 13:59:15.120, 2, 0, 48104, 97887
2026/07/08 13:59:15.140, 3, 0, 48104, 97887
2026/07/08 13:59:15.159, 4, 21, 75576, 97887
2026/07/08 13:59:15.178, 5, 91, 75576, 97887
2026/07/08 13:59:15.197, 6, 0, 75614, 97887
2026/07/08 13:59:15.214, 7, 0, 75614, 97887
2026/07/08 13:59:16.234, 0, 0, 48704, 97887
2026/07/08 13:59:16.248, 1, 0, 48104, 97887
2026/07/08 13:59:16.265, 2, 0, 48104, 97887
2026/07/08 13:59:16.281, 3, 0, 48104, 97887
2026/07/08 13:59:16.299, 4, 41, 75576, 97887
2026/07/08 13:59:16.319, 5, 42, 75576, 97887
2026/07/08 13:59:16.335, 6, 0, 75614, 97887
2026/07/08 13:59:16.352, 7, 0, 75614, 97887
2026/07/08 13:59:17.368, 0, 0, 48704, 97887
2026/07/08 13:59:17.386, 1, 0, 48104, 97887
2026/07/08 13:59:17.405, 2, 0, 48104, 97887
2026/07/08 13:59:17.420, 3, 0, 48104, 97887
2026/07/08 13:59:17.435, 4, 24, 75576, 97887
2026/07/08 13:59:17.450, 5, 85, 75576, 97887
2026/07/08 13:59:17.463, 6, 0, 75614, 97887
2026/07/08 13:59:17.476, 7, 0, 75614, 97887
2026/07/08 13:59:18.490, 0, 0, 48704, 97887
2026/07/08 13:59:18.513, 1, 0, 48104, 97887
2026/07/08 13:59:18.533, 2, 0, 48104, 97887
2026/07/08 13:59:18.547, 3, 0, 48104, 97887
2026/07/08 13:59:18.563, 4, 32, 75576, 97887
2026/07/08 13:59:18.581, 5, 44, 75576, 97887
2026/07/08 13:59:18.598, 6, 0, 75614, 97887
2026/07/08 13:59:18.616, 7, 0, 75614, 97887
2026/07/08 13:59:19.635, 0, 0, 48704, 97887
2026/07/08 13:59:19.653, 1, 0, 48104, 97887
2026/07/08 13:59:19.674, 2, 0, 48104, 97887
2026/07/08 13:59:19.692, 3, 0, 48104, 97887
2026/07/08 13:59:19.712, 4, 41, 75576, 97887
2026/07/08 13:59:19.730, 5, 34, 75576, 97887
2026/07/08 13:59:19.748, 6, 0, 75614, 97887
2026/07/08 13:59:19.782, 7, 0, 75614, 97887
2026/07/08 13:59:20.801, 0, 0, 48704, 97887
2026/07/08 13:59:20.819, 1, 0, 48104, 97887
2026/07/08 13:59:20.837, 2, 0, 48104, 97887
2026/07/08 13:59:20.853, 3, 0, 48104, 97887
2026/07/08 13:59:20.870, 4, 56, 75576, 97887
2026/07/08 13:59:20.886, 5, 32, 75576, 97887
2026/07/08 13:59:20.902, 6, 0, 75614, 97887
2026/07/08 13:59:20.916, 7, 0, 75614, 97887
2026/07/08 13:59:21.931, 0, 0, 48704, 97887
2026/07/08 13:59:21.950, 1, 0, 48104, 97887
2026/07/08 13:59:21.968, 2, 0, 48104, 97887
2026/07/08 13:59:21.986, 3, 0, 48104, 97887
2026/07/08 13:59:22.005, 4, 33, 75576, 97887
2026/07/08 13:59:22.025, 5, 50, 75576, 97887
2026/07/08 13:59:22.044, 6, 0, 75614, 97887
2026/07/08 13:59:22.061, 7, 0, 75614, 97887
2026/07/08 13:59:23.081, 0, 0, 48704, 97887
2026/07/08 13:59:23.101, 1, 0, 48104, 97887
2026/07/08 13:59:23.119, 2, 0, 48104, 97887
2026/07/08 13:59:23.134, 3, 0, 48104, 97887
2026/07/08 13:59:23.152, 4, 66, 75576, 97887
2026/07/08 13:59:23.172, 5, 22, 75576, 97887
2026/07/08 13:59:23.188, 6, 0, 75614, 97887
2026/07/08 13:59:23.207, 7, 0, 75614, 97887
2026/07/08 13:59:24.225, 0, 0, 48704, 97887
2026/07/08 13:59:24.244, 1, 0, 48104, 97887
2026/07/08 13:59:24.263, 2, 0, 48104, 97887
2026/07/08 13:59:24.280, 3, 0, 48104, 97887
2026/07/08 13:59:24.298, 4, 41, 75576, 97887
2026/07/08 13:59:24.317, 5, 67, 75576, 97887
2026/07/08 13:59:24.335, 6, 0, 75614, 97887
2026/07/08 13:59:24.352, 7, 0, 75614, 97887
2026/07/08 13:59:25.370, 0, 0, 48704, 97887
2026/07/08 13:59:25.389, 1, 0, 48104, 97887
2026/07/08 13:59:25.407, 2, 0, 48104, 97887
2026/07/08 13:59:25.425, 3, 0, 48104, 97887
2026/07/08 13:59:25.442, 4, 42, 75576, 97887
2026/07/08 13:59:25.459, 5, 68, 75576, 97887
2026/07/08 13:59:25.477, 6, 0, 75614, 97887
2026/07/08 13:59:25.493, 7, 0, 75614, 97887
2026/07/08 13:59:26.515, 0, 0, 48704, 97887
2026/07/08 13:59:26.532, 1, 0, 48104, 97887
2026/07/08 13:59:26.543, 2, 0, 48104, 97887
2026/07/08 13:59:26.555, 3, 0, 48104, 97887
2026/07/08 13:59:26.567, 4, 91, 75576, 97887
2026/07/08 13:59:26.579, 5, 73, 75576, 97887
2026/07/08 13:59:26.592, 6, 94, 75614, 97887
2026/07/08 13:59:26.605, 7, 10, 75614, 97887
2026/07/08 13:59:27.621, 0, 0, 48704, 97887
2026/07/08 13:59:27.637, 1, 0, 48104, 97887
2026/07/08 13:59:27.653, 2, 0, 48104, 97887
2026/07/08 13:59:27.671, 3, 0, 48104, 97887
2026/07/08 13:59:27.687, 4, 24, 75576, 97887
2026/07/08 13:59:27.706, 5, 84, 75576, 97887
2026/07/08 13:59:27.723, 6, 91, 75614, 97887
2026/07/08 13:59:27.741, 7, 12, 75614, 97887
2026/07/08 13:59:28.758, 0, 0, 48704, 97887
2026/07/08 13:59:28.773, 1, 0, 48104, 97887
2026/07/08 13:59:28.785, 2, 0, 48104, 97887
2026/07/08 13:59:28.801, 3, 0, 48104, 97887
2026/07/08 13:59:28.820, 4, 41, 75576, 97887
2026/07/08 13:59:28.837, 5, 53, 75576, 97887
2026/07/08 13:59:28.853, 6, 93, 75614, 97887
2026/07/08 13:59:28.866, 7, 12, 75614, 97887
2026/07/08 13:59:29.881, 0, 0, 48704, 97887
2026/07/08 13:59:29.899, 1, 0, 48104, 97887
2026/07/08 13:59:29.918, 2, 0, 48104, 97887
2026/07/08 13:59:29.938, 3, 0, 48104, 97887
2026/07/08 13:59:29.957, 4, 87, 75576, 97887
2026/07/08 13:59:29.976, 5, 27, 75576, 97887
2026/07/08 13:59:29.997, 6, 93, 75614, 97887
2026/07/08 13:59:30.016, 7, 11, 75614, 97887
2026/07/08 13:59:31.032, 0, 0, 48704, 97887
2026/07/08 13:59:31.052, 1, 0, 48104, 97887
2026/07/08 13:59:31.070, 2, 0, 48104, 97887
2026/07/08 13:59:31.087, 3, 0, 48104, 97887
2026/07/08 13:59:31.106, 4, 73, 75576, 97887
2026/07/08 13:59:31.126, 5, 29, 75576, 97887
2026/07/08 13:59:31.145, 6, 91, 75614, 97887
2026/07/08 13:59:31.162, 7, 11, 75614, 97887
2026/07/08 13:59:32.177, 0, 0, 48704, 97887
2026/07/08 13:59:32.199, 1, 0, 48104, 97887
2026/07/08 13:59:32.218, 2, 0, 48104, 97887
2026/07/08 13:59:32.238, 3, 0, 48104, 97887
2026/07/08 13:59:32.256, 4, 38, 75576, 97887
2026/07/08 13:59:32.274, 5, 61, 75576, 97887
2026/07/08 13:59:32.290, 6, 91, 75614, 97887
2026/07/08 13:59:32.307, 7, 11, 75614, 97887
2026/07/08 13:59:33.324, 0, 0, 48704, 97887
2026/07/08 13:59:33.347, 1, 0, 48104, 97887
2026/07/08 13:59:33.366, 2, 0, 48104, 97887
2026/07/08 13:59:33.385, 3, 0, 48104, 97887
2026/07/08 13:59:33.402, 4, 59, 75576, 97887
2026/07/08 13:59:33.417, 5, 45, 75576, 97887
2026/07/08 13:59:33.435, 6, 92, 75614, 97887
2026/07/08 13:59:33.455, 7, 11, 75614, 97887
2026/07/08 13:59:34.475, 0, 0, 48704, 97887
2026/07/08 13:59:34.495, 1, 0, 48104, 97887
2026/07/08 13:59:34.514, 2, 0, 48104, 97887
2026/07/08 13:59:34.532, 3, 0, 48104, 97887
2026/07/08 13:59:34.550, 4, 23, 75576, 97887
2026/07/08 13:59:34.569, 5, 80, 75576, 97887
2026/07/08 13:59:34.587, 6, 93, 75614, 97887
2026/07/08 13:59:34.606, 7, 11, 75614, 97887
2026/07/08 13:59:35.626, 0, 0, 48704, 97887
2026/07/08 13:59:35.645, 1, 0, 48104, 97887
2026/07/08 13:59:35.662, 2, 0, 48104, 97887
2026/07/08 13:59:35.681, 3, 0, 48104, 97887
2026/07/08 13:59:35.701, 4, 82, 75576, 97887
2026/07/08 13:59:35.721, 5, 33, 75576, 97887
2026/07/08 13:59:35.739, 6, 98, 75614, 97887
2026/07/08 13:59:35.754, 7, 11, 75614, 97887
2026/07/08 13:59:36.771, 0, 0, 48704, 97887
2026/07/08 13:59:36.789, 1, 0, 48104, 97887
2026/07/08 13:59:36.807, 2, 0, 48104, 97887
2026/07/08 13:59:36.823, 3, 0, 48104, 97887
2026/07/08 13:59:36.839, 4, 89, 75576, 97887
2026/07/08 13:59:36.850, 5, 21, 75576, 97887
2026/07/08 13:59:36.862, 6, 92, 75614, 97887
2026/07/08 13:59:36.877, 7, 11, 75614, 97887
2026/07/08 13:59:37.893, 0, 0, 48704, 97887
2026/07/08 13:59:37.912, 1, 0, 48104, 97887
2026/07/08 13:59:37.930, 2, 0, 48104, 97887
2026/07/08 13:59:37.947, 3, 0, 48104, 97887
2026/07/08 13:59:37.964, 4, 88, 75576, 97887
2026/07/08 13:59:37.983, 5, 28, 75576, 97887
2026/07/08 13:59:38.003, 6, 93, 75614, 97887
2026/07/08 13:59:38.020, 7, 11, 75614, 97887
2026/07/08 13:59:39.041, 0, 0, 48704, 97887
2026/07/08 13:59:39.061, 1, 0, 48104, 97887
2026/07/08 13:59:39.080, 2, 0, 48104, 97887
2026/07/08 13:59:39.098, 3, 0, 48104, 97887
2026/07/08 13:59:39.117, 4, 90, 75576, 97887
2026/07/08 13:59:39.136, 5, 26, 75576, 97887
2026/07/08 13:59:39.155, 6, 92, 75614, 97887
2026/07/08 13:59:39.175, 7, 12, 75614, 97887
2026/07/08 13:59:40.197, 0, 0, 48704, 97887
2026/07/08 13:59:40.220, 1, 0, 48104, 97887
2026/07/08 13:59:40.239, 2, 0, 48104, 97887
2026/07/08 13:59:40.259, 3, 0, 48104, 97887
2026/07/08 13:59:40.278, 4, 66, 75576, 97887
2026/07/08 13:59:40.298, 5, 51, 75576, 97887
2026/07/08 13:59:40.318, 6, 93, 75614, 97887
2026/07/08 13:59:40.338, 7, 11, 75614, 97887
2026/07/08 13:59:41.360, 0, 0, 48704, 97887
2026/07/08 13:59:41.375, 1, 0, 48104, 97887
2026/07/08 13:59:41.391, 2, 0, 48104, 97887
2026/07/08 13:59:41.409, 3, 0, 48104, 97887
2026/07/08 13:59:41.426, 4, 74, 75576, 97887
2026/07/08 13:59:41.443, 5, 30, 75576, 97887
2026/07/08 13:59:41.457, 6, 88, 75614, 97887
2026/07/08 13:59:41.475, 7, 11, 75614, 97887
2026/07/08 13:59:42.492, 0, 0, 48704, 97887
2026/07/08 13:59:42.510, 1, 0, 48104, 97887
2026/07/08 13:59:42.525, 2, 0, 48104, 97887
2026/07/08 13:59:42.544, 3, 0, 48104, 97887
2026/07/08 13:59:42.558, 4, 87, 75576, 97887
2026/07/08 13:59:42.567, 5, 24, 75576, 97887
2026/07/08 13:59:42.578, 6, 93, 75614, 97887
2026/07/08 13:59:42.595, 7, 11, 75614, 97887
2026/07/08 13:59:43.614, 0, 0, 48704, 97887
2026/07/08 13:59:43.633, 1, 0, 48104, 97887
2026/07/08 13:59:43.651, 2, 0, 48104, 97887
2026/07/08 13:59:43.668, 3, 0, 48104, 97887
2026/07/08 13:59:43.685, 4, 66, 75576, 97887
2026/07/08 13:59:43.701, 5, 47, 75576, 97887
2026/07/08 13:59:43.719, 6, 94, 75614, 97887
2026/07/08 13:59:43.738, 7, 11, 75614, 97887
2026/07/08 13:59:44.757, 0, 0, 48704, 97887
2026/07/08 13:59:44.775, 1, 0, 48104, 97887
2026/07/08 13:59:44.794, 2, 0, 48104, 97887
2026/07/08 13:59:44.811, 3, 0, 48104, 97887
2026/07/08 13:59:44.829, 4, 89, 75576, 97887
2026/07/08 13:59:44.848, 5, 31, 75576, 97887
2026/07/08 13:59:44.868, 6, 92, 75614, 97887
2026/07/08 13:59:44.888, 7, 11, 75614, 97887
2026/07/08 13:59:45.908, 0, 0, 48704, 97887
2026/07/08 13:59:45.928, 1, 0, 48104, 97887
2026/07/08 13:59:45.944, 2, 0, 48104, 97887
2026/07/08 13:59:45.963, 3, 0, 48104, 97887
2026/07/08 13:59:45.980, 4, 91, 75576, 97887
2026/07/08 13:59:46.000, 5, 22, 75576, 97887
2026/07/08 13:59:46.034, 6, 93, 75614, 97887
2026/07/08 13:59:46.059, 7, 11, 75614, 97887
2026/07/08 13:59:47.084, 0, 0, 48704, 97887
2026/07/08 13:59:47.107, 1, 0, 48104, 97887
2026/07/08 13:59:47.126, 2, 0, 48104, 97887
2026/07/08 13:59:47.145, 3, 0, 48104, 97887
2026/07/08 13:59:47.165, 4, 81, 75576, 97887
2026/07/08 13:59:47.186, 5, 22, 75576, 97887
2026/07/08 13:59:47.205, 6, 93, 75614, 97887
2026/07/08 13:59:47.226, 7, 11, 75614, 97887
2026/07/08 13:59:48.244, 0, 0, 48704, 97887
2026/07/08 13:59:48.264, 1, 0, 48104, 97887
2026/07/08 13:59:48.283, 2, 0, 48104, 97887
2026/07/08 13:59:48.299, 3, 0, 48104, 97887
2026/07/08 13:59:48.315, 4, 89, 75576, 97887
2026/07/08 13:59:48.334, 5, 22, 75576, 97887
2026/07/08 13:59:48.353, 6, 88, 75614, 97887
2026/07/08 13:59:48.370, 7, 12, 75614, 97887
2026/07/08 13:59:49.388, 0, 0, 48704, 97887
2026/07/08 13:59:49.408, 1, 0, 48104, 97887
2026/07/08 13:59:49.428, 2, 0, 48104, 97887
2026/07/08 13:59:49.449, 3, 0, 48104, 97887
2026/07/08 13:59:49.467, 4, 72, 75576, 97887
2026/07/08 13:59:49.485, 5, 32, 75576, 97887
2026/07/08 13:59:49.504, 6, 92, 75614, 97887
2026/07/08 13:59:49.522, 7, 11, 75614, 97887
2026/07/08 13:59:50.542, 0, 0, 48704, 97887
2026/07/08 13:59:50.559, 1, 0, 48104, 97887
2026/07/08 13:59:50.575, 2, 0, 48104, 97887
2026/07/08 13:59:50.592, 3, 0, 48104, 97887
2026/07/08 13:59:50.609, 4, 44, 75576, 97887
2026/07/08 13:59:50.624, 5, 58, 75576, 97887
2026/07/08 13:59:50.640, 6, 90, 75614, 97887
2026/07/08 13:59:50.657, 7, 11, 75614, 97887
2026/07/08 13:59:51.674, 0, 0, 48704, 97887
2026/07/08 13:59:51.696, 1, 0, 48104, 97887
2026/07/08 13:59:51.716, 2, 0, 48104, 97887
2026/07/08 13:59:51.734, 3, 0, 48104, 97887
2026/07/08 13:59:51.750, 4, 27, 75576, 97887
2026/07/08 13:59:51.768, 5, 66, 75576, 97887
2026/07/08 13:59:51.786, 6, 93, 75614, 97887
2026/07/08 13:59:51.805, 7, 13, 75614, 97887
2026/07/08 13:59:52.823, 0, 0, 48704, 97887
2026/07/08 13:59:52.841, 1, 0, 48104, 97887
2026/07/08 13:59:52.860, 2, 0, 48104, 97887
2026/07/08 13:59:52.879, 3, 0, 48104, 97887
2026/07/08 13:59:52.896, 4, 25, 75576, 97887
2026/07/08 13:59:52.914, 5, 71, 75576, 97887
2026/07/08 13:59:52.932, 6, 93, 75614, 97887
2026/07/08 13:59:52.954, 7, 11, 75614, 97887
2026/07/08 13:59:53.971, 0, 0, 48704, 97887
2026/07/08 13:59:53.990, 1, 0, 48104, 97887
2026/07/08 13:59:54.005, 2, 0, 48104, 97887
2026/07/08 13:59:54.021, 3, 0, 48104, 97887
2026/07/08 13:59:54.036, 4, 43, 75576, 97887
2026/07/08 13:59:54.067, 5, 74, 75576, 97887
2026/07/08 13:59:54.082, 6, 92, 75614, 97887
2026/07/08 13:59:54.097, 7, 11, 75614, 97887
2026/07/08 13:59:55.115, 0, 0, 48704, 97887
2026/07/08 13:59:55.133, 1, 0, 48104, 97887
2026/07/08 13:59:55.149, 2, 0, 48104, 97887
2026/07/08 13:59:55.167, 3, 0, 48104, 97887
2026/07/08 13:59:55.185, 4, 34, 75576, 97887
2026/07/08 13:59:55.202, 5, 40, 75576, 97887
2026/07/08 13:59:55.220, 6, 92, 75614, 97887
2026/07/08 13:59:55.237, 7, 11, 75614, 97887
2026/07/08 13:59:56.257, 0, 0, 48704, 97887
2026/07/08 13:59:56.278, 1, 0, 48104, 97887
2026/07/08 13:59:56.298, 2, 0, 48104, 97887
2026/07/08 13:59:56.316, 3, 0, 48104, 97887
2026/07/08 13:59:56.336, 4, 84, 75576, 97887
2026/07/08 13:59:56.355, 5, 58, 75576, 97887
2026/07/08 13:59:56.374, 6, 91, 75614, 97887
2026/07/08 13:59:56.393, 7, 11, 75614, 97887
2026/07/08 13:59:57.412, 0, 0, 48704, 97887
2026/07/08 13:59:57.431, 1, 0, 48104, 97887
2026/07/08 13:59:57.452, 2, 0, 48104, 97887
2026/07/08 13:59:57.474, 3, 0, 48104, 97887
2026/07/08 13:59:57.494, 4, 43, 75576, 97887
2026/07/08 13:59:57.513, 5, 75, 75576, 97887
2026/07/08 13:59:57.527, 6, 93, 75614, 97887
2026/07/08 13:59:57.546, 7, 12, 75614, 97887
2026/07/08 13:59:58.563, 0, 0, 48704, 97887
2026/07/08 13:59:58.583, 1, 0, 48104, 97887
2026/07/08 13:59:58.605, 2, 0, 48104, 97887
2026/07/08 13:59:58.624, 3, 0, 48104, 97887
2026/07/08 13:59:58.645, 4, 30, 75576, 97887
2026/07/08 13:59:58.666, 5, 86, 75576, 97887
2026/07/08 13:59:58.686, 6, 91, 75614, 97887
2026/07/08 13:59:58.707, 7, 11, 75614, 97887
2026/07/08 13:59:59.727, 0, 0, 48704, 97887
2026/07/08 13:59:59.744, 1, 0, 48104, 97887
2026/07/08 13:59:59.761, 2, 0, 48104, 97887
2026/07/08 13:59:59.779, 3, 0, 48104, 97887
2026/07/08 13:59:59.797, 4, 26, 75576, 97887
2026/07/08 13:59:59.817, 5, 87, 75576, 97887
2026/07/08 13:59:59.838, 6, 92, 75614, 97887
2026/07/08 13:59:59.857, 7, 12, 75614, 97887
2026/07/08 14:00:00.876, 0, 0, 48704, 97887
2026/07/08 14:00:00.895, 1, 0, 48104, 97887
2026/07/08 14:00:00.913, 2, 0, 48104, 97887
2026/07/08 14:00:00.934, 3, 0, 48104, 97887
2026/07/08 14:00:00.954, 4, 27, 75576, 97887
2026/07/08 14:00:00.975, 5, 87, 75576, 97887
2026/07/08 14:00:00.995, 6, 89, 75614, 97887
2026/07/08 14:00:01.015, 7, 11, 75614, 97887
2026/07/08 14:00:02.034, 0, 0, 48704, 97887
2026/07/08 14:00:02.055, 1, 0, 48104, 97887
2026/07/08 14:00:02.074, 2, 0, 48104, 97887
2026/07/08 14:00:02.094, 3, 0, 48104, 97887
2026/07/08 14:00:02.111, 4, 31, 75576, 97887
2026/07/08 14:00:02.132, 5, 87, 75576, 97887
2026/07/08 14:00:02.149, 6, 83, 75614, 97887
2026/07/08 14:00:02.168, 7, 12, 75614, 97887
2026/07/08 14:00:03.187, 0, 0, 48704, 97887
2026/07/08 14:00:03.207, 1, 0, 48104, 97887
2026/07/08 14:00:03.226, 2, 0, 48104, 97887
2026/07/08 14:00:03.242, 3, 0, 48104, 97887
2026/07/08 14:00:03.258, 4, 36, 75576, 97887
2026/07/08 14:00:03.275, 5, 44, 75576, 97887
2026/07/08 14:00:03.291, 6, 89, 75614, 97887
2026/07/08 14:00:03.309, 7, 14, 75614, 97887
2026/07/08 14:00:04.329, 0, 0, 48704, 97887
2026/07/08 14:00:04.348, 1, 0, 48104, 97887
2026/07/08 14:00:04.365, 2, 0, 48104, 97887
2026/07/08 14:00:04.383, 3, 0, 48104, 97887
2026/07/08 14:00:04.402, 4, 49, 75576, 97887
2026/07/08 14:00:04.424, 5, 74, 75576, 97887
2026/07/08 14:00:04.443, 6, 85, 75614, 97887
2026/07/08 14:00:04.463, 7, 12, 75614, 97887
2026/07/08 14:00:05.484, 0, 0, 48704, 97887
2026/07/08 14:00:05.503, 1, 0, 48104, 97887
2026/07/08 14:00:05.520, 2, 0, 48104, 97887
2026/07/08 14:00:05.538, 3, 0, 48104, 97887
2026/07/08 14:00:05.554, 4, 28, 75576, 97887
2026/07/08 14:00:05.574, 5, 53, 75576, 97887
2026/07/08 14:00:05.594, 6, 93, 75614, 97887
2026/07/08 14:00:05.610, 7, 12, 75614, 97887
2026/07/08 14:00:06.627, 0, 0, 48704, 97887
2026/07/08 14:00:06.648, 1, 0, 48104, 97887
2026/07/08 14:00:06.668, 2, 0, 48104, 97887
2026/07/08 14:00:06.689, 3, 0, 48104, 97887
2026/07/08 14:00:06.709, 4, 49, 75576, 97887
2026/07/08 14:00:06.728, 5, 34, 75576, 97887
2026/07/08 14:00:06.750, 6, 93, 75614, 97887
2026/07/08 14:00:06.768, 7, 12, 75614, 97887
2026/07/08 14:00:07.787, 0, 0, 48704, 97887
2026/07/08 14:00:07.803, 1, 0, 48104, 97887
2026/07/08 14:00:07.819, 2, 0, 48104, 97887
2026/07/08 14:00:07.835, 3, 0, 48104, 97887
2026/07/08 14:00:07.852, 4, 31, 75576, 97887
2026/07/08 14:00:07.870, 5, 81, 75576, 97887
2026/07/08 14:00:07.887, 6, 92, 75614, 97887
2026/07/08 14:00:07.907, 7, 12, 75614, 97887
2026/07/08 14:00:08.926, 0, 0, 48704, 97887
2026/07/08 14:00:08.947, 1, 0, 48104, 97887
2026/07/08 14:00:08.966, 2, 0, 48104, 97887
2026/07/08 14:00:08.986, 3, 0, 48104, 97887
2026/07/08 14:00:09.006, 4, 27, 75576, 97887
2026/07/08 14:00:09.027, 5, 85, 75576, 97887
2026/07/08 14:00:09.047, 6, 93, 75614, 97887
2026/07/08 14:00:09.068, 7, 11, 75614, 97887
2026/07/08 14:00:10.087, 0, 0, 48704, 97887
2026/07/08 14:00:10.106, 1, 0, 48104, 97887
2026/07/08 14:00:10.125, 2, 0, 48104, 97887
2026/07/08 14:00:10.144, 3, 0, 48104, 97887
2026/07/08 14:00:10.163, 4, 78, 75576, 97887
2026/07/08 14:00:10.183, 5, 68, 75576, 97887
2026/07/08 14:00:10.204, 6, 93, 75614, 97887
2026/07/08 14:00:10.222, 7, 12, 75614, 97887
2026/07/08 14:00:11.238, 0, 0, 48704, 97887
2026/07/08 14:00:11.259, 1, 0, 48104, 97887
2026/07/08 14:00:11.279, 2, 0, 48104, 97887
2026/07/08 14:00:11.299, 3, 0, 48104, 97887
2026/07/08 14:00:11.319, 4, 25, 75576, 97887
2026/07/08 14:00:11.337, 5, 77, 75576, 97887
2026/07/08 14:00:11.358, 6, 93, 75614, 97887
2026/07/08 14:00:11.378, 7, 12, 75614, 97887
2026/07/08 14:00:12.397, 0, 0, 48704, 97887
2026/07/08 14:00:12.417, 1, 0, 48104, 97887
2026/07/08 14:00:12.436, 2, 0, 48104, 97887
2026/07/08 14:00:12.456, 3, 0, 48104, 97887
2026/07/08 14:00:12.476, 4, 40, 75576, 97887
2026/07/08 14:00:12.495, 5, 54, 75576, 97887
2026/07/08 14:00:12.514, 6, 93, 75614, 97887
2026/07/08 14:00:12.532, 7, 12, 75614, 97887
2026/07/08 14:00:13.549, 0, 0, 48704, 97887
2026/07/08 14:00:13.567, 1, 0, 48104, 97887
2026/07/08 14:00:13.585, 2, 0, 48104, 97887
2026/07/08 14:00:13.603, 3, 0, 48104, 97887
2026/07/08 14:00:13.623, 4, 54, 75576, 97887
2026/07/08 14:00:13.644, 5, 50, 75576, 97887
2026/07/08 14:00:13.662, 6, 92, 75614, 97887
2026/07/08 14:00:13.679, 7, 12, 75614, 97887
2026/07/08 14:00:14.697, 0, 0, 48704, 97887
2026/07/08 14:00:14.718, 1, 0, 48104, 97887
2026/07/08 14:00:14.740, 2, 0, 48104, 97887
2026/07/08 14:00:14.758, 3, 0, 48104, 97887
2026/07/08 14:00:14.777, 4, 37, 75576, 97887
2026/07/08 14:00:14.797, 5, 71, 75576, 97887
2026/07/08 14:00:14.815, 6, 94, 75614, 97887
2026/07/08 14:00:14.834, 7, 11, 75614, 97887
2026/07/08 14:00:15.854, 0, 0, 48704, 97887
2026/07/08 14:00:15.873, 1, 0, 48104, 97887
2026/07/08 14:00:15.892, 2, 0, 48104, 97887
2026/07/08 14:00:15.911, 3, 0, 48104, 97887
2026/07/08 14:00:15.931, 4, 29, 75576, 97887
2026/07/08 14:00:15.951, 5, 86, 75576, 97887
2026/07/08 14:00:15.971, 6, 92, 75614, 97887
2026/07/08 14:00:15.990, 7, 12, 75614, 97887
2026/07/08 14:00:17.009, 0, 0, 48704, 97887
2026/07/08 14:00:17.028, 1, 0, 48104, 97887
2026/07/08 14:00:17.046, 2, 0, 48104, 97887
2026/07/08 14:00:17.066, 3, 0, 48104, 97887
2026/07/08 14:00:17.085, 4, 33, 75576, 97887
2026/07/08 14:00:17.103, 5, 78, 75576, 97887
2026/07/08 14:00:17.121, 6, 93, 75614, 97887
2026/07/08 14:00:17.140, 7, 12, 75614, 97887
2026/07/08 14:00:18.158, 0, 0, 48704, 97887
2026/07/08 14:00:18.179, 1, 0, 48104, 97887
2026/07/08 14:00:18.199, 2, 0, 48104, 97887
2026/07/08 14:00:18.219, 3, 0, 48104, 97887
2026/07/08 14:00:18.246, 4, 31, 75576, 97887
2026/07/08 14:00:18.264, 5, 59, 75576, 97887
2026/07/08 14:00:18.284, 6, 92, 75614, 97887
2026/07/08 14:00:18.304, 7, 12, 75614, 97887
2026/07/08 14:00:19.321, 0, 0, 48704, 97887
2026/07/08 14:00:19.339, 1, 0, 48104, 97887
2026/07/08 14:00:19.356, 2, 0, 48104, 97887
2026/07/08 14:00:19.376, 3, 0, 48104, 97887
2026/07/08 14:00:19.394, 4, 32, 75576, 97887
2026/07/08 14:00:19.412, 5, 80, 75576, 97887
2026/07/08 14:00:19.428, 6, 93, 75614, 97887
2026/07/08 14:00:19.447, 7, 12, 75614, 97887
2026/07/08 14:00:20.466, 0, 0, 48704, 97887
2026/07/08 14:00:20.479, 1, 0, 48104, 97887
2026/07/08 14:00:20.493, 2, 0, 48104, 97887
2026/07/08 14:00:20.508, 3, 0, 48104, 97887
2026/07/08 14:00:20.523, 4, 25, 75576, 97887
2026/07/08 14:00:20.536, 5, 71, 75576, 97887
2026/07/08 14:00:20.553, 6, 93, 75614, 97887
2026/07/08 14:00:20.567, 7, 12, 75614, 97887
2026/07/08 14:00:21.581, 0, 0, 48704, 97887
2026/07/08 14:00:21.602, 1, 0, 48104, 97887
2026/07/08 14:00:21.620, 2, 0, 48104, 97887
2026/07/08 14:00:21.637, 3, 0, 48104, 97887
2026/07/08 14:00:21.656, 4, 47, 75576, 97887
2026/07/08 14:00:21.675, 5, 66, 75576, 97887
2026/07/08 14:00:21.695, 6, 92, 75614, 97887
2026/07/08 14:00:21.711, 7, 12, 75614, 97887
2026/07/08 14:00:22.728, 0, 0, 48704, 97887
2026/07/08 14:00:22.747, 1, 0, 48104, 97887
2026/07/08 14:00:22.767, 2, 0, 48104, 97887
2026/07/08 14:00:22.785, 3, 0, 48104, 97887
2026/07/08 14:00:22.804, 4, 39, 75576, 97887
2026/07/08 14:00:22.825, 5, 37, 75576, 97887
2026/07/08 14:00:22.843, 6, 95, 75614, 97887
2026/07/08 14:00:22.861, 7, 12, 75614, 97887
2026/07/08 14:00:23.879, 0, 0, 48704, 97887
2026/07/08 14:00:23.897, 1, 0, 48104, 97887
2026/07/08 14:00:23.914, 2, 0, 48104, 97887
2026/07/08 14:00:23.932, 3, 0, 48104, 97887
2026/07/08 14:00:23.948, 4, 83, 75576, 97887
2026/07/08 14:00:23.965, 5, 23, 75576, 97887
2026/07/08 14:00:23.981, 6, 93, 75614, 97887
2026/07/08 14:00:23.998, 7, 11, 75614, 97887
2026/07/08 14:00:25.018, 0, 0, 48704, 97887
2026/07/08 14:00:25.037, 1, 0, 48104, 97887
2026/07/08 14:00:25.060, 2, 0, 48104, 97887
2026/07/08 14:00:25.079, 3, 0, 48104, 97887
2026/07/08 14:00:25.097, 4, 56, 75576, 97887
2026/07/08 14:00:25.135, 5, 58, 75576, 97887
2026/07/08 14:00:25.155, 6, 93, 75614, 97887
2026/07/08 14:00:25.180, 7, 12, 75614, 97887
2026/07/08 14:00:26.194, 0, 0, 48704, 97887
2026/07/08 14:00:26.211, 1, 0, 48104, 97887
2026/07/08 14:00:26.231, 2, 0, 48104, 97887
2026/07/08 14:00:26.248, 3, 0, 48104, 97887
2026/07/08 14:00:26.268, 4, 94, 75576, 97887
2026/07/08 14:00:26.287, 5, 93, 75576, 97887
2026/07/08 14:00:26.306, 6, 76, 75614, 97887
2026/07/08 14:00:26.324, 7, 42, 75614, 97887
2026/07/08 14:00:27.342, 0, 0, 48704, 97887
2026/07/08 14:00:27.362, 1, 0, 48104, 97887
2026/07/08 14:00:27.380, 2, 0, 48104, 97887
2026/07/08 14:00:27.400, 3, 0, 48104, 97887
2026/07/08 14:00:27.420, 4, 40, 75576, 97887
2026/07/08 14:00:27.438, 5, 43, 75576, 97887
2026/07/08 14:00:27.455, 6, 92, 75614, 97887
2026/07/08 14:00:27.471, 7, 13, 75614, 97887
2026/07/08 14:00:28.488, 0, 0, 48704, 97887
2026/07/08 14:00:28.507, 1, 0, 48104, 97887
2026/07/08 14:00:28.526, 2, 0, 48104, 97887
2026/07/08 14:00:28.545, 3, 0, 48104, 97887
2026/07/08 14:00:28.564, 4, 31, 75576, 97887
2026/07/08 14:00:28.584, 5, 72, 75576, 97887
2026/07/08 14:00:28.605, 6, 93, 75614, 97887
2026/07/08 14:00:28.624, 7, 13, 75614, 97887
2026/07/08 14:00:29.644, 0, 0, 48704, 97887
2026/07/08 14:00:29.659, 1, 0, 48104, 97887
2026/07/08 14:00:29.670, 2, 0, 48104, 97887
2026/07/08 14:00:29.684, 3, 0, 48104, 97887
2026/07/08 14:00:29.698, 4, 82, 75576, 97887
2026/07/08 14:00:29.714, 5, 29, 75576, 97887
2026/07/08 14:00:29.731, 6, 93, 75614, 97887
2026/07/08 14:00:29.749, 7, 13, 75614, 97887
2026/07/08 14:00:30.768, 0, 0, 48704, 97887
2026/07/08 14:00:30.787, 1, 0, 48104, 97887
2026/07/08 14:00:30.802, 2, 0, 48104, 97887
2026/07/08 14:00:30.839, 3, 0, 48104, 97887
2026/07/08 14:00:30.866, 4, 38, 75576, 97887
2026/07/08 14:00:30.891, 5, 59, 75576, 97887
2026/07/08 14:00:30.912, 6, 94, 75614, 97887
2026/07/08 14:00:30.932, 7, 13, 75614, 97887
2026/07/08 14:00:31.948, 0, 0, 48704, 97887
2026/07/08 14:00:31.967, 1, 0, 48104, 97887
2026/07/08 14:00:31.984, 2, 0, 48104, 97887
2026/07/08 14:00:32.002, 3, 0, 48104, 97887
2026/07/08 14:00:32.021, 4, 27, 75576, 97887
2026/07/08 14:00:32.041, 5, 87, 75576, 97887
2026/07/08 14:00:32.059, 6, 93, 75614, 97887
2026/07/08 14:00:32.078, 7, 14, 75614, 97887
2026/07/08 14:00:33.096, 0, 0, 48704, 97887
2026/07/08 14:00:33.112, 1, 0, 48104, 97887
2026/07/08 14:00:33.129, 2, 0, 48104, 97887
2026/07/08 14:00:33.144, 3, 0, 48104, 97887
2026/07/08 14:00:33.163, 4, 38, 75576, 97887
2026/07/08 14:00:33.183, 5, 62, 75576, 97887
2026/07/08 14:00:33.201, 6, 92, 75614, 97887
2026/07/08 14:00:33.220, 7, 14, 75614, 97887
2026/07/08 14:00:34.236, 0, 0, 48704, 97887
2026/07/08 14:00:34.257, 1, 0, 48104, 97887
2026/07/08 14:00:34.275, 2, 0, 48104, 97887
2026/07/08 14:00:34.293, 3, 0, 48104, 97887
2026/07/08 14:00:34.310, 4, 47, 75576, 97887
2026/07/08 14:00:34.328, 5, 64, 75576, 97887
2026/07/08 14:00:34.345, 6, 93, 75614, 97887
2026/07/08 14:00:34.361, 7, 14, 75614, 97887
2026/07/08 14:00:35.380, 0, 0, 48704, 97887
2026/07/08 14:00:35.398, 1, 0, 48104, 97887
2026/07/08 14:00:35.413, 2, 0, 48104, 97887
2026/07/08 14:00:35.429, 3, 0, 48104, 97887
2026/07/08 14:00:35.444, 4, 23, 75576, 97887
2026/07/08 14:00:35.459, 5, 66, 75576, 97887
2026/07/08 14:00:35.474, 6, 93, 75614, 97887
2026/07/08 14:00:35.486, 7, 14, 75614, 97887
2026/07/08 14:00:36.500, 0, 0, 48704, 97887
2026/07/08 14:00:36.528, 1, 0, 48104, 97887
2026/07/08 14:00:36.548, 2, 0, 48104, 97887
2026/07/08 14:00:36.567, 3, 0, 48104, 97887
2026/07/08 14:00:36.587, 4, 91, 75576, 97887
2026/07/08 14:00:36.606, 5, 92, 75576, 97887
2026/07/08 14:00:36.623, 6, 93, 75614, 97887
2026/07/08 14:00:36.642, 7, 15, 75614, 97887
2026/07/08 14:00:37.661, 0, 0, 48704, 97887
2026/07/08 14:00:37.679, 1, 0, 48104, 97887
2026/07/08 14:00:37.695, 2, 0, 48104, 97887
2026/07/08 14:00:37.712, 3, 0, 48104, 97887
2026/07/08 14:00:37.730, 4, 65, 75576, 97887
2026/07/08 14:00:37.747, 5, 50, 75576, 97887
2026/07/08 14:00:37.767, 6, 92, 75614, 97887
2026/07/08 14:00:37.785, 7, 14, 75614, 97887
2026/07/08 14:00:38.802, 0, 0, 48704, 97887
2026/07/08 14:00:38.820, 1, 0, 48104, 97887
2026/07/08 14:00:38.837, 2, 0, 48104, 97887
2026/07/08 14:00:38.854, 3, 0, 48104, 97887
2026/07/08 14:00:38.873, 4, 33, 75576, 97887
2026/07/08 14:00:38.891, 5, 74, 75576, 97887
2026/07/08 14:00:38.911, 6, 92, 75614, 97887
2026/07/08 14:00:38.928, 7, 14, 75614, 97887
2026/07/08 14:00:39.947, 0, 0, 48704, 97887
2026/07/08 14:00:39.966, 1, 0, 48104, 97887
2026/07/08 14:00:39.984, 2, 0, 48104, 97887
2026/07/08 14:00:40.002, 3, 0, 48104, 97887
2026/07/08 14:00:40.018, 4, 38, 75576, 97887
2026/07/08 14:00:40.037, 5, 72, 75576, 97887
2026/07/08 14:00:40.056, 6, 93, 75614, 97887
2026/07/08 14:00:40.074, 7, 14, 75614, 97887
2026/07/08 14:00:41.093, 0, 0, 48704, 97887
2026/07/08 14:00:41.112, 1, 0, 48104, 97887
2026/07/08 14:00:41.131, 2, 0, 48104, 97887
2026/07/08 14:00:41.150, 3, 0, 48104, 97887
2026/07/08 14:00:41.173, 4, 61, 75576, 97887
2026/07/08 14:00:41.192, 5, 59, 75576, 97887
2026/07/08 14:00:41.211, 6, 92, 75614, 97887
2026/07/08 14:00:41.230, 7, 14, 75614, 97887
2026/07/08 14:00:42.246, 0, 0, 48704, 97887
2026/07/08 14:00:42.263, 1, 0, 48104, 97887
2026/07/08 14:00:42.274, 2, 0, 48104, 97887
2026/07/08 14:00:42.289, 3, 0, 48104, 97887
2026/07/08 14:00:42.305, 4, 31, 75576, 97887
2026/07/08 14:00:42.325, 5, 66, 75576, 97887
2026/07/08 14:00:42.344, 6, 92, 75614, 97887
2026/07/08 14:00:42.363, 7, 15, 75614, 97887
2026/07/08 14:00:43.380, 0, 0, 48704, 97887
2026/07/08 14:00:43.400, 1, 0, 48104, 97887
2026/07/08 14:00:43.417, 2, 0, 48104, 97887
2026/07/08 14:00:43.435, 3, 0, 48104, 97887
2026/07/08 14:00:43.454, 4, 33, 75576, 97887
2026/07/08 14:00:43.471, 5, 56, 75576, 97887
2026/07/08 14:00:43.486, 6, 93, 75614, 97887
2026/07/08 14:00:43.504, 7, 15, 75614, 97887
2026/07/08 14:00:44.522, 0, 0, 48704, 97887
2026/07/08 14:00:44.542, 1, 0, 48104, 97887
2026/07/08 14:00:44.560, 2, 0, 48104, 97887
2026/07/08 14:00:44.577, 3, 0, 48104, 97887
2026/07/08 14:00:44.595, 4, 37, 75576, 97887
2026/07/08 14:00:44.612, 5, 63, 75576, 97887
2026/07/08 14:00:44.629, 6, 93, 75614, 97887
2026/07/08 14:00:44.646, 7, 15, 75614, 97887
2026/07/08 14:00:45.666, 0, 0, 48704, 97887
2026/07/08 14:00:45.685, 1, 0, 48104, 97887
2026/07/08 14:00:45.707, 2, 0, 48104, 97887
2026/07/08 14:00:45.727, 3, 0, 48104, 97887
2026/07/08 14:00:45.746, 4, 27, 75576, 97887
2026/07/08 14:00:45.764, 5, 92, 75576, 97887
2026/07/08 14:00:45.781, 6, 92, 75614, 97887
2026/07/08 14:00:45.799, 7, 15, 75614, 97887
2026/07/08 14:00:46.819, 0, 0, 48704, 97887
2026/07/08 14:00:46.836, 1, 0, 48104, 97887
2026/07/08 14:00:46.852, 2, 0, 48104, 97887
2026/07/08 14:00:46.868, 3, 0, 48104, 97887
2026/07/08 14:00:46.884, 4, 29, 75576, 97887
2026/07/08 14:00:46.902, 5, 73, 75576, 97887
2026/07/08 14:00:46.919, 6, 93, 75614, 97887
2026/07/08 14:00:46.933, 7, 14, 75614, 97887
2026/07/08 14:00:47.950, 0, 0, 48704, 97887
2026/07/08 14:00:47.969, 1, 0, 48104, 97887
2026/07/08 14:00:47.988, 2, 0, 48104, 97887
2026/07/08 14:00:48.009, 3, 0, 48104, 97887
2026/07/08 14:00:48.029, 4, 37, 75576, 97887
2026/07/08 14:00:48.056, 5, 58, 75576, 97887
2026/07/08 14:00:48.074, 6, 93, 75614, 97887
2026/07/08 14:00:48.091, 7, 14, 75614, 97887
2026/07/08 14:00:49.110, 0, 0, 48704, 97887
2026/07/08 14:00:49.128, 1, 0, 48104, 97887
2026/07/08 14:00:49.139, 2, 0, 48104, 97887
2026/07/08 14:00:49.149, 3, 0, 48104, 97887
2026/07/08 14:00:49.163, 4, 32, 75576, 97887
2026/07/08 14:00:49.179, 5, 80, 75576, 97887
2026/07/08 14:00:49.197, 6, 94, 75614, 97887
2026/07/08 14:00:49.216, 7, 14, 75614, 97887
2026/07/08 14:00:50.233, 0, 0, 48704, 97887
2026/07/08 14:00:50.253, 1, 0, 48104, 97887
2026/07/08 14:00:50.273, 2, 0, 48104, 97887
2026/07/08 14:00:50.290, 3, 0, 48104, 97887
2026/07/08 14:00:50.305, 4, 31, 75576, 97887
2026/07/08 14:00:50.324, 5, 68, 75576, 97887
2026/07/08 14:00:50.341, 6, 92, 75614, 97887
2026/07/08 14:00:50.358, 7, 14, 75614, 97887
2026/07/08 14:00:51.376, 0, 0, 48704, 97887
2026/07/08 14:00:51.397, 1, 0, 48104, 97887
2026/07/08 14:00:51.420, 2, 0, 48104, 97887
2026/07/08 14:00:51.438, 3, 0, 48104, 97887
2026/07/08 14:00:51.455, 4, 30, 75576, 97887
2026/07/08 14:00:51.471, 5, 76, 75576, 97887
2026/07/08 14:00:51.489, 6, 92, 75614, 97887
2026/07/08 14:00:51.508, 7, 15, 75614, 97887
2026/07/08 14:00:52.530, 0, 0, 48704, 97887
2026/07/08 14:00:52.550, 1, 0, 48104, 97887
2026/07/08 14:00:52.560, 2, 0, 48104, 97887
2026/07/08 14:00:52.570, 3, 0, 48104, 97887
2026/07/08 14:00:52.588, 4, 38, 75576, 97887
2026/07/08 14:00:52.607, 5, 67, 75576, 97887
2026/07/08 14:00:52.629, 6, 92, 75614, 97887
2026/07/08 14:00:52.649, 7, 14, 75614, 97887
2026/07/08 14:00:53.671, 0, 0, 48704, 97887
2026/07/08 14:00:53.693, 1, 0, 48104, 97887
2026/07/08 14:00:53.714, 2, 0, 48104, 97887
2026/07/08 14:00:53.732, 3, 0, 48104, 97887
2026/07/08 14:00:53.751, 4, 30, 75576, 97887
2026/07/08 14:00:53.771, 5, 84, 75576, 97887
2026/07/08 14:00:53.791, 6, 92, 75614, 97887
2026/07/08 14:00:53.809, 7, 15, 75614, 97887
2026/07/08 14:00:54.828, 0, 0, 48704, 97887
2026/07/08 14:00:54.847, 1, 0, 48104, 97887
2026/07/08 14:00:54.868, 2, 0, 48104, 97887
2026/07/08 14:00:54.889, 3, 0, 48104, 97887
2026/07/08 14:00:54.905, 4, 31, 75576, 97887
2026/07/08 14:00:54.924, 5, 59, 75576, 97887
2026/07/08 14:00:54.941, 6, 90, 75614, 97887
2026/07/08 14:00:54.961, 7, 15, 75614, 97887
2026/07/08 14:00:55.981, 0, 0, 48704, 97887
2026/07/08 14:00:56.004, 1, 0, 48104, 97887
2026/07/08 14:00:56.023, 2, 0, 48104, 97887
2026/07/08 14:00:56.042, 3, 0, 48104, 97887
2026/07/08 14:00:56.063, 4, 28, 75576, 97887
2026/07/08 14:00:56.082, 5, 90, 75576, 97887
2026/07/08 14:00:56.096, 6, 91, 75614, 97887
2026/07/08 14:00:56.115, 7, 14, 75614, 97887
2026/07/08 14:00:57.134, 0, 0, 48704, 97887
2026/07/08 14:00:57.153, 1, 0, 48104, 97887
2026/07/08 14:00:57.172, 2, 0, 48104, 97887
2026/07/08 14:00:57.192, 3, 0, 48104, 97887
2026/07/08 14:00:57.213, 4, 46, 75576, 97887
2026/07/08 14:00:57.234, 5, 47, 75576, 97887
2026/07/08 14:00:57.252, 6, 92, 75614, 97887
2026/07/08 14:00:57.268, 7, 15, 75614, 97887
2026/07/08 14:00:58.286, 0, 0, 48704, 97887
2026/07/08 14:00:58.306, 1, 0, 48104, 97887
2026/07/08 14:00:58.326, 2, 0, 48104, 97887
2026/07/08 14:00:58.347, 3, 0, 48104, 97887
2026/07/08 14:00:58.366, 4, 34, 75576, 97887
2026/07/08 14:00:58.387, 5, 78, 75576, 97887
2026/07/08 14:00:58.406, 6, 93, 75614, 97887
2026/07/08 14:00:58.445, 7, 15, 75614, 97887
2026/07/08 14:00:59.468, 0, 0, 48704, 97887
2026/07/08 14:00:59.486, 1, 0, 48104, 97887
2026/07/08 14:00:59.501, 2, 0, 48104, 97887
2026/07/08 14:00:59.515, 3, 0, 48104, 97887
2026/07/08 14:00:59.532, 4, 75, 75576, 97887
2026/07/08 14:00:59.547, 5, 34, 75576, 97887
2026/07/08 14:00:59.562, 6, 93, 75614, 97887
2026/07/08 14:00:59.576, 7, 15, 75614, 97887
2026/07/08 14:01:00.592, 0, 0, 48704, 97887
2026/07/08 14:01:00.611, 1, 0, 48104, 97887
2026/07/08 14:01:00.630, 2, 0, 48104, 97887
2026/07/08 14:01:00.650, 3, 0, 48104, 97887
2026/07/08 14:01:00.668, 4, 30, 75576, 97887
2026/07/08 14:01:00.689, 5, 77, 75576, 97887
2026/07/08 14:01:00.708, 6, 91, 75614, 97887
2026/07/08 14:01:00.726, 7, 15, 75614, 97887
2026/07/08 14:01:01.744, 0, 0, 48704, 97887
2026/07/08 14:01:01.764, 1, 0, 48104, 97887
2026/07/08 14:01:01.784, 2, 0, 48104, 97887
2026/07/08 14:01:01.805, 3, 0, 48104, 97887
2026/07/08 14:01:01.822, 4, 22, 75576, 97887
2026/07/08 14:01:01.841, 5, 94, 75576, 97887
2026/07/08 14:01:01.859, 6, 91, 75614, 97887
2026/07/08 14:01:01.878, 7, 15, 75614, 97887
2026/07/08 14:01:02.898, 0, 0, 48704, 97887
2026/07/08 14:01:02.915, 1, 0, 48104, 97887
2026/07/08 14:01:02.933, 2, 0, 48104, 97887
2026/07/08 14:01:02.950, 3, 0, 48104, 97887
2026/07/08 14:01:02.967, 4, 23, 75576, 97887
2026/07/08 14:01:02.985, 5, 81, 75576, 97887
2026/07/08 14:01:03.005, 6, 93, 75614, 97887
2026/07/08 14:01:03.023, 7, 14, 75614, 97887
2026/07/08 14:01:04.044, 0, 0, 48704, 97887
2026/07/08 14:01:04.066, 1, 0, 48104, 97887
2026/07/08 14:01:04.087, 2, 0, 48104, 97887
2026/07/08 14:01:04.100, 3, 0, 48104, 97887
2026/07/08 14:01:04.119, 4, 34, 75576, 97887
2026/07/08 14:01:04.134, 5, 78, 75576, 97887
2026/07/08 14:01:04.155, 6, 91, 75614, 97887
2026/07/08 14:01:04.180, 7, 15, 75614, 97887
2026/07/08 14:01:05.204, 0, 0, 48704, 97887
2026/07/08 14:01:05.226, 1, 0, 48104, 97887
2026/07/08 14:01:05.245, 2, 0, 48104, 97887
2026/07/08 14:01:05.262, 3, 0, 48104, 97887
2026/07/08 14:01:05.282, 4, 43, 75576, 97887
2026/07/08 14:01:05.301, 5, 37, 75576, 97887
2026/07/08 14:01:05.315, 6, 92, 75614, 97887
2026/07/08 14:01:05.332, 7, 15, 75614, 97887
2026/07/08 14:01:06.351, 0, 0, 48704, 97887
2026/07/08 14:01:06.368, 1, 0, 48104, 97887
2026/07/08 14:01:06.386, 2, 0, 48104, 97887
2026/07/08 14:01:06.402, 3, 0, 48104, 97887
2026/07/08 14:01:06.420, 4, 72, 75576, 97887
2026/07/08 14:01:06.438, 5, 50, 75576, 97887
2026/07/08 14:01:06.455, 6, 94, 75614, 97887
2026/07/08 14:01:06.473, 7, 14, 75614, 97887
2026/07/08 14:01:07.492, 0, 0, 48704, 97887
2026/07/08 14:01:07.509, 1, 0, 48104, 97887
2026/07/08 14:01:07.525, 2, 0, 48104, 97887
2026/07/08 14:01:07.541, 3, 0, 48104, 97887
2026/07/08 14:01:07.558, 4, 36, 75576, 97887
2026/07/08 14:01:07.573, 5, 71, 75576, 97887
2026/07/08 14:01:07.592, 6, 93, 75614, 97887
2026/07/08 14:01:07.610, 7, 14, 75614, 97887
2026/07/08 14:01:08.626, 0, 0, 48704, 97887
2026/07/08 14:01:08.647, 1, 0, 48104, 97887
2026/07/08 14:01:08.666, 2, 0, 48104, 97887
2026/07/08 14:01:08.686, 3, 0, 48104, 97887
2026/07/08 14:01:08.703, 4, 33, 75576, 97887
2026/07/08 14:01:08.723, 5, 86, 75576, 97887
2026/07/08 14:01:08.742, 6, 93, 75614, 97887
2026/07/08 14:01:08.761, 7, 15, 75614, 97887
2026/07/08 14:01:09.780, 0, 0, 48704, 97887
2026/07/08 14:01:09.799, 1, 0, 48104, 97887
2026/07/08 14:01:09.826, 2, 0, 48104, 97887
2026/07/08 14:01:09.844, 3, 0, 48104, 97887
2026/07/08 14:01:09.864, 4, 28, 75576, 97887
2026/07/08 14:01:09.882, 5, 92, 75576, 97887
2026/07/08 14:01:09.901, 6, 92, 75614, 97887
2026/07/08 14:01:09.919, 7, 18, 75614, 97887
2026/07/08 14:01:10.939, 0, 0, 48704, 97887
2026/07/08 14:01:10.959, 1, 0, 48104, 97887
2026/07/08 14:01:10.979, 2, 0, 48104, 97887
2026/07/08 14:01:10.999, 3, 0, 48104, 97887
2026/07/08 14:01:11.020, 4, 24, 75576, 97887
2026/07/08 14:01:11.039, 5, 88, 75576, 97887
2026/07/08 14:01:11.058, 6, 93, 75614, 97887
2026/07/08 14:01:11.077, 7, 14, 75614, 97887
2026/07/08 14:01:12.098, 0, 0, 48704, 97887
2026/07/08 14:01:12.117, 1, 0, 48104, 97887
2026/07/08 14:01:12.131, 2, 0, 48104, 97887
2026/07/08 14:01:12.146, 3, 0, 48104, 97887
2026/07/08 14:01:12.162, 4, 43, 75576, 97887
2026/07/08 14:01:12.177, 5, 71, 75576, 97887
2026/07/08 14:01:12.192, 6, 90, 75614, 97887
2026/07/08 14:01:12.207, 7, 15, 75614, 97887
2026/07/08 14:01:13.223, 0, 0, 48704, 97887
2026/07/08 14:01:13.244, 1, 0, 48104, 97887
2026/07/08 14:01:13.263, 2, 0, 48104, 97887
2026/07/08 14:01:13.283, 3, 0, 48104, 97887
2026/07/08 14:01:13.302, 4, 22, 75576, 97887
2026/07/08 14:01:13.320, 5, 79, 75576, 97887
2026/07/08 14:01:13.334, 6, 92, 75614, 97887
2026/07/08 14:01:13.351, 7, 14, 75614, 97887
2026/07/08 14:01:14.373, 0, 0, 48704, 97887
2026/07/08 14:01:14.391, 1, 0, 48104, 97887
2026/07/08 14:01:14.405, 2, 0, 48104, 97887
2026/07/08 14:01:14.419, 3, 0, 48104, 97887
2026/07/08 14:01:14.431, 4, 20, 75576, 97887
2026/07/08 14:01:14.446, 5, 65, 75576, 97887
2026/07/08 14:01:14.464, 6, 93, 75614, 97887
2026/07/08 14:01:14.481, 7, 14, 75614, 97887
2026/07/08 14:01:15.502, 0, 0, 48704, 97887
2026/07/08 14:01:15.520, 1, 0, 48104, 97887
2026/07/08 14:01:15.538, 2, 0, 48104, 97887
2026/07/08 14:01:15.555, 3, 0, 48104, 97887
2026/07/08 14:01:15.574, 4, 23, 75576, 97887
2026/07/08 14:01:15.593, 5, 85, 75576, 97887
2026/07/08 14:01:15.612, 6, 0, 75614, 97887
2026/07/08 14:01:15.630, 7, 0, 75614, 97887
2026/07/08 14:01:16.648, 0, 0, 48704, 97887
2026/07/08 14:01:16.670, 1, 0, 48104, 97887
2026/07/08 14:01:16.692, 2, 0, 48104, 97887
2026/07/08 14:01:16.712, 3, 0, 48104, 97887
2026/07/08 14:01:16.731, 4, 21, 75576, 97887
2026/07/08 14:01:16.748, 5, 89, 75576, 97887
2026/07/08 14:01:16.763, 6, 0, 75614, 97887
2026/07/08 14:01:16.781, 7, 0, 75614, 97887
2026/07/08 14:01:17.799, 0, 0, 48704, 97887
2026/07/08 14:01:17.818, 1, 0, 48104, 97887
2026/07/08 14:01:17.839, 2, 0, 48104, 97887
2026/07/08 14:01:17.852, 3, 0, 48104, 97887
2026/07/08 14:01:17.863, 4, 25, 75576, 97887
2026/07/08 14:01:17.876, 5, 88, 75576, 97887
2026/07/08 14:01:17.895, 6, 0, 75614, 97887
2026/07/08 14:01:17.913, 7, 0, 75614, 97887
2026/07/08 14:01:18.930, 0, 0, 48704, 97887
2026/07/08 14:01:18.945, 1, 0, 48104, 97887
2026/07/08 14:01:18.957, 2, 0, 48104, 97887
2026/07/08 14:01:18.971, 3, 0, 48104, 97887
2026/07/08 14:01:18.985, 4, 35, 75576, 97887
2026/07/08 14:01:19.000, 5, 73, 75576, 97887
2026/07/08 14:01:19.014, 6, 0, 75614, 97887
2026/07/08 14:01:19.031, 7, 0, 75614, 97887
2026/07/08 14:01:20.045, 0, 0, 48704, 97887
2026/07/08 14:01:20.064, 1, 0, 48104, 97887
2026/07/08 14:01:20.084, 2, 0, 48104, 97887
2026/07/08 14:01:20.099, 3, 0, 48104, 97887
2026/07/08 14:01:20.114, 4, 0, 75576, 97887
2026/07/08 14:01:20.132, 5, 0, 75576, 97887
2026/07/08 14:01:20.151, 6, 0, 75614, 97887
2026/07/08 14:01:20.170, 7, 0, 75614, 97887
2026/07/08 14:01:21.189, 0, 0, 48704, 97887
2026/07/08 14:01:21.204, 1, 0, 48104, 97887
2026/07/08 14:01:21.215, 2, 0, 48104, 97887
2026/07/08 14:01:21.232, 3, 0, 48104, 97887
2026/07/08 14:01:21.249, 4, 0, 75576, 97887
2026/07/08 14:01:21.268, 5, 0, 75576, 97887
2026/07/08 14:01:21.289, 6, 0, 75614, 97887
2026/07/08 14:01:21.308, 7, 0, 75614, 97887
2026/07/08 14:01:22.326, 0, 0, 48704, 97887
2026/07/08 14:01:22.349, 1, 0, 48104, 97887
2026/07/08 14:01:22.367, 2, 0, 48104, 97887
2026/07/08 14:01:22.386, 3, 0, 48104, 97887
2026/07/08 14:01:22.406, 4, 0, 75576, 97887
2026/07/08 14:01:22.424, 5, 0, 75576, 97887
2026/07/08 14:01:22.443, 6, 0, 75614, 97887
2026/07/08 14:01:22.462, 7, 0, 75614, 97887
2026/07/08 14:01:23.480, 0, 0, 48704, 97887
2026/07/08 14:01:23.498, 1, 0, 48104, 97887
2026/07/08 14:01:23.517, 2, 0, 48104, 97887
2026/07/08 14:01:23.533, 3, 0, 48104, 97887
2026/07/08 14:01:23.551, 4, 0, 75576, 97887
2026/07/08 14:01:23.567, 5, 0, 75576, 97887
2026/07/08 14:01:23.581, 6, 0, 75614, 97887
2026/07/08 14:01:23.594, 7, 0, 75614, 97887
2026/07/08 14:01:24.607, 0, 0, 48704, 97887
2026/07/08 14:01:24.625, 1, 0, 48104, 97887
2026/07/08 14:01:24.642, 2, 0, 48104, 97887
2026/07/08 14:01:24.657, 3, 0, 48104, 97887
2026/07/08 14:01:24.675, 4, 0, 75576, 97887
2026/07/08 14:01:24.694, 5, 0, 75576, 97887
2026/07/08 14:01:24.711, 6, 0, 75614, 97887
2026/07/08 14:01:24.730, 7, 0, 75614, 97887
2026/07/08 14:01:25.749, 0, 0, 48704, 97887
2026/07/08 14:01:25.767, 1, 0, 48104, 97887
2026/07/08 14:01:25.787, 2, 0, 48104, 97887
2026/07/08 14:01:25.805, 3, 0, 48104, 97887
2026/07/08 14:01:25.822, 4, 0, 75576, 97887
2026/07/08 14:01:25.842, 5, 0, 75576, 97887
2026/07/08 14:01:25.859, 6, 0, 75614, 97887
2026/07/08 14:01:25.876, 7, 0, 75614, 97887
2026/07/08 14:01:26.894, 0, 0, 48704, 97887
2026/07/08 14:01:26.915, 1, 0, 48104, 97887
2026/07/08 14:01:26.933, 2, 0, 48104, 97887
2026/07/08 14:01:26.951, 3, 0, 48104, 97887
2026/07/08 14:01:26.965, 4, 0, 75576, 97887
2026/07/08 14:01:26.980, 5, 0, 75576, 97887
2026/07/08 14:01:26.995, 6, 0, 75614, 97887
2026/07/08 14:01:27.009, 7, 0, 75614, 97887
2026/07/08 14:01:28.025, 0, 0, 48704, 97887
2026/07/08 14:01:28.042, 1, 0, 48104, 97887
2026/07/08 14:01:28.059, 2, 0, 48104, 97887
2026/07/08 14:01:28.076, 3, 0, 48104, 97887
2026/07/08 14:01:28.090, 4, 0, 75576, 97887
2026/07/08 14:01:28.103, 5, 0, 75576, 97887
2026/07/08 14:01:28.119, 6, 0, 75614, 97887
2026/07/08 14:01:28.134, 7, 0, 75614, 97887
2026/07/08 14:01:29.153, 0, 0, 48704, 97887
2026/07/08 14:01:29.173, 1, 0, 48104, 97887
2026/07/08 14:01:29.192, 2, 0, 48104, 97887
2026/07/08 14:01:29.209, 3, 0, 48104, 97887
2026/07/08 14:01:29.230, 4, 0, 75576, 97887
2026/07/08 14:01:29.248, 5, 0, 75576, 97887
2026/07/08 14:01:29.267, 6, 0, 75614, 97887
2026/07/08 14:01:29.286, 7, 0, 75614, 97887
2026/07/08 14:01:30.306, 0, 0, 48704, 97887
2026/07/08 14:01:30.326, 1, 0, 48104, 97887
2026/07/08 14:01:30.347, 2, 0, 48104, 97887
2026/07/08 14:01:30.364, 3, 0, 48104, 97887
2026/07/08 14:01:30.380, 4, 0, 75576, 97887
2026/07/08 14:01:30.400, 5, 0, 75576, 97887
2026/07/08 14:01:30.420, 6, 0, 75614, 97887
2026/07/08 14:01:30.453, 7, 0, 75614, 97887
2026/07/08 14:01:31.470, 0, 0, 48704, 97887
2026/07/08 14:01:31.490, 1, 0, 48104, 97887
2026/07/08 14:01:31.510, 2, 0, 48104, 97887
2026/07/08 14:01:31.529, 3, 0, 48104, 97887
2026/07/08 14:01:31.548, 4, 0, 75576, 97887
2026/07/08 14:01:31.567, 5, 0, 75576, 97887
2026/07/08 14:01:31.587, 6, 0, 75614, 97887
2026/07/08 14:01:31.607, 7, 0, 75614, 97887
2026/07/08 14:01:32.625, 0, 0, 48704, 97887
2026/07/08 14:01:32.645, 1, 0, 48104, 97887
2026/07/08 14:01:32.663, 2, 0, 48104, 97887
2026/07/08 14:01:32.682, 3, 0, 48104, 97887
2026/07/08 14:01:32.700, 4, 0, 75576, 97887
2026/07/08 14:01:32.720, 5, 0, 75576, 97887
2026/07/08 14:01:32.741, 6, 0, 75614, 97887
2026/07/08 14:01:32.760, 7, 0, 75614, 97887
2026/07/08 14:01:33.780, 0, 0, 48704, 97887
2026/07/08 14:01:33.797, 1, 0, 48104, 97887
2026/07/08 14:01:33.816, 2, 0, 48104, 97887
2026/07/08 14:01:33.835, 3, 0, 48104, 97887
2026/07/08 14:01:33.855, 4, 0, 75576, 97887
2026/07/08 14:01:33.876, 5, 0, 75576, 97887
2026/07/08 14:01:33.898, 6, 0, 75614, 97887
2026/07/08 14:01:33.919, 7, 0, 75614, 97887
2026/07/08 14:01:34.939, 0, 0, 48704, 97887
2026/07/08 14:01:34.958, 1, 0, 48104, 97887
2026/07/08 14:01:34.977, 2, 0, 48104, 97887
2026/07/08 14:01:34.999, 3, 0, 48104, 97887
2026/07/08 14:01:35.016, 4, 0, 75576, 97887
2026/07/08 14:01:35.034, 5, 0, 75576, 97887
2026/07/08 14:01:35.054, 6, 0, 75614, 97887
2026/07/08 14:01:35.072, 7, 0, 75614, 97887
2026/07/08 14:01:36.091, 0, 0, 48704, 97887
2026/07/08 14:01:36.110, 1, 0, 48104, 97887
2026/07/08 14:01:36.131, 2, 0, 48104, 97887
2026/07/08 14:01:36.155, 3, 0, 48104, 97887
2026/07/08 14:01:36.176, 4, 0, 75576, 97887
2026/07/08 14:01:36.196, 5, 0, 75576, 97887
2026/07/08 14:01:36.216, 6, 0, 75614, 97887
2026/07/08 14:01:36.234, 7, 0, 75614, 97887
2026/07/08 14:01:37.252, 0, 0, 48704, 97887
2026/07/08 14:01:37.289, 1, 0, 48104, 97887
2026/07/08 14:01:37.308, 2, 0, 48104, 97887
2026/07/08 14:01:37.332, 3, 0, 48104, 97887
2026/07/08 14:01:37.365, 4, 0, 75576, 97887
2026/07/08 14:01:37.391, 5, 0, 75576, 97887
2026/07/08 14:01:37.415, 6, 0, 75614, 97887
2026/07/08 14:01:37.435, 7, 0, 75614, 97887
2026/07/08 14:01:38.470, 0, 0, 48704, 97887
2026/07/08 14:01:38.491, 1, 0, 48104, 97887
2026/07/08 14:01:38.509, 2, 0, 48104, 97887
2026/07/08 14:01:38.527, 3, 0, 48104, 97887
2026/07/08 14:01:38.549, 4, 0, 75576, 97887
2026/07/08 14:01:38.568, 5, 0, 75576, 97887
2026/07/08 14:01:38.588, 6, 0, 75614, 97887
2026/07/08 14:01:38.604, 7, 0, 75614, 97887
2026/07/08 14:01:39.622, 0, 0, 48704, 97887
2026/07/08 14:01:39.643, 1, 0, 48104, 97887
2026/07/08 14:01:39.665, 2, 0, 48104, 97887
2026/07/08 14:01:39.683, 3, 0, 48104, 97887
2026/07/08 14:01:39.703, 4, 0, 75576, 97887
2026/07/08 14:01:39.723, 5, 0, 75576, 97887
2026/07/08 14:01:39.744, 6, 0, 75614, 97887
2026/07/08 14:01:39.763, 7, 0, 75614, 97887
2026/07/08 14:01:40.783, 0, 0, 48704, 97887
2026/07/08 14:01:40.804, 1, 0, 48104, 97887
2026/07/08 14:01:40.823, 2, 0, 48104, 97887
2026/07/08 14:01:40.843, 3, 0, 48104, 97887
2026/07/08 14:01:40.864, 4, 0, 75576, 97887
2026/07/08 14:01:40.883, 5, 0, 75576, 97887
2026/07/08 14:01:40.902, 6, 0, 75614, 97887
2026/07/08 14:01:40.921, 7, 0, 75614, 97887
2026/07/08 14:01:41.940, 0, 0, 48704, 97887
2026/07/08 14:01:41.961, 1, 0, 48104, 97887
2026/07/08 14:01:41.982, 2, 0, 48104, 97887
2026/07/08 14:01:42.003, 3, 0, 48104, 97887
2026/07/08 14:01:42.019, 4, 0, 75576, 97887
2026/07/08 14:01:42.037, 5, 0, 75576, 97887
2026/07/08 14:01:42.057, 6, 0, 75614, 97887
2026/07/08 14:01:42.077, 7, 0, 75614, 97887
2026/07/08 14:01:43.097, 0, 0, 48704, 97887
2026/07/08 14:01:43.126, 1, 0, 48104, 97887
2026/07/08 14:01:43.153, 2, 0, 48104, 97887
2026/07/08 14:01:43.172, 3, 0, 48104, 97887
2026/07/08 14:01:43.194, 4, 0, 75576, 97887
2026/07/08 14:01:43.218, 5, 0, 75576, 97887
2026/07/08 14:01:43.235, 6, 0, 75614, 97887
2026/07/08 14:01:43.256, 7, 0, 75614, 97887
2026/07/08 14:01:44.270, 0, 0, 48704, 97887
2026/07/08 14:01:44.290, 1, 0, 48104, 97887
2026/07/08 14:01:44.307, 2, 0, 48104, 97887
2026/07/08 14:01:44.325, 3, 0, 48104, 97887
2026/07/08 14:01:44.344, 4, 0, 75576, 97887
2026/07/08 14:01:44.361, 5, 0, 75576, 97887
2026/07/08 14:01:44.377, 6, 0, 75614, 97887
2026/07/08 14:01:44.394, 7, 0, 75614, 97887
2026/07/08 14:01:45.410, 0, 0, 48704, 97887
2026/07/08 14:01:45.426, 1, 0, 48104, 97887
2026/07/08 14:01:45.452, 2, 0, 48104, 97887
2026/07/08 14:01:45.468, 3, 0, 48104, 97887
2026/07/08 14:01:45.486, 4, 0, 75576, 97887
2026/07/08 14:01:45.501, 5, 0, 75576, 97887
2026/07/08 14:01:45.513, 6, 0, 75614, 97887
2026/07/08 14:01:45.526, 7, 0, 75614, 97887
2026/07/08 14:01:46.541, 0, 0, 48704, 97887
2026/07/08 14:01:46.559, 1, 0, 48104, 97887
2026/07/08 14:01:46.573, 2, 0, 48104, 97887
2026/07/08 14:01:46.590, 3, 0, 48104, 97887
2026/07/08 14:01:46.607, 4, 0, 75576, 97887
2026/07/08 14:01:46.622, 5, 0, 75576, 97887
2026/07/08 14:01:46.638, 6, 0, 75614, 97887
2026/07/08 14:01:46.653, 7, 0, 75614, 97887
2026/07/08 14:01:47.669, 0, 0, 48704, 97887
2026/07/08 14:01:47.690, 1, 0, 48104, 97887
2026/07/08 14:01:47.708, 2, 0, 48104, 97887
2026/07/08 14:01:47.731, 3, 0, 48104, 97887
2026/07/08 14:01:47.779, 4, 0, 75576, 97887
2026/07/08 14:01:47.800, 5, 0, 75576, 97887
2026/07/08 14:01:47.822, 6, 0, 75614, 97887
2026/07/08 14:01:47.841, 7, 0, 75614, 97887
2026/07/08 14:01:48.877, 0, 0, 48704, 97887
2026/07/08 14:01:49.299, 1, 0, 48104, 97887
2026/07/08 14:01:49.799, 2, 0, 48104, 97887
2026/07/08 14:01:49.880, 3, 0, 48104, 97887
2026/07/08 14:01:49.908, 4, 0, 4, 97887
2026/07/08 14:01:49.927, 5, 0, 4, 97887
2026/07/08 14:01:49.942, 6, 0, 75609, 97887
2026/07/08 14:01:49.958, 7, 0, 75609, 97887
2026/07/08 14:01:50.976, 0, 0, 48704, 97887
2026/07/08 14:01:55.877, 1, 0, 48104, 97887
2026/07/08 14:01:55.895, 2, 0, 48104, 97887
2026/07/08 14:01:55.926, 3, 0, 48104, 97887
2026/07/08 14:01:55.952, 4, 0, 3, 97887
2026/07/08 14:01:55.975, 5, 0, 3, 97887
2026/07/08 14:01:56.002, 6, 0, 3, 97887
2026/07/08 14:01:56.096, 7, 0, 3, 97887
2026/07/08 14:01:57.141, 0, 0, 48704, 97887
2026/07/08 14:01:57.162, 1, 0, 48022, 97887
2026/07/08 14:01:57.182, 2, 0, 48022, 97887
2026/07/08 14:01:57.202, 3, 0, 48022, 97887
2026/07/08 14:01:57.223, 4, 0, 3, 97887
2026/07/08 14:01:57.243, 5, 0, 3, 97887
2026/07/08 14:01:57.260, 6, 0, 3, 97887
2026/07/08 14:01:57.279, 7, 0, 3, 97887
2026/07/08 14:01:58.298, 0, 0, 48619, 97887
2026/07/08 14:02:00.558, 1, 0, 0, 97887
2026/07/08 14:02:07.898, 2, 0, 0, 97887
2026/07/08 14:02:07.952, 3, 0, 0, 97887
2026/07/08 14:02:07.972, 4, 0, 0, 97887
2026/07/08 14:02:07.989, 5, 0, 0, 97887
2026/07/08 14:02:08.007, 6, 0, 0, 97887
2026/07/08 14:02:08.024, 7, 0, 0, 97887
