timestamp, index, utilization.gpu [%], memory.used [MiB], memory.total [MiB]
2026/07/08 14:55:08.192, 0, 0, 0, 97887
2026/07/08 14:55:08.209, 1, 0, 0, 97887
2026/07/08 14:55:08.224, 2, 0, 0, 97887
2026/07/08 14:55:08.240, 3, 0, 0, 97887
2026/07/08 14:55:08.255, 4, 0, 0, 97887
2026/07/08 14:55:08.269, 5, 0, 0, 97887
2026/07/08 14:55:08.283, 6, 0, 0, 97887
2026/07/08 14:55:08.295, 7, 0, 0, 97887
2026/07/08 14:55:09.306, 0, 0, 0, 97887
2026/07/08 14:55:09.316, 1, 0, 0, 97887
2026/07/08 14:55:09.330, 2, 0, 0, 97887
2026/07/08 14:55:09.343, 3, 0, 0, 97887
2026/07/08 14:55:09.356, 4, 0, 0, 97887
2026/07/08 14:55:09.367, 5, 0, 0, 97887
2026/07/08 14:55:09.380, 6, 0, 0, 97887
2026/07/08 14:55:09.393, 7, 0, 0, 97887
2026/07/08 14:55:10.406, 0, 0, 0, 97887
2026/07/08 14:55:10.423, 1, 0, 0, 97887
2026/07/08 14:55:10.446, 2, 0, 0, 97887
2026/07/08 14:55:10.462, 3, 0, 0, 97887
2026/07/08 14:55:10.480, 4, 0, 0, 97887
2026/07/08 14:55:10.493, 5, 0, 0, 97887
2026/07/08 14:55:10.507, 6, 0, 0, 97887
2026/07/08 14:55:10.523, 7, 0, 0, 97887
2026/07/08 14:55:11.537, 0, 0, 0, 97887
2026/07/08 14:55:11.552, 1, 0, 0, 97887
2026/07/08 14:55:11.567, 2, 0, 0, 97887
2026/07/08 14:55:11.584, 3, 0, 0, 97887
2026/07/08 14:55:11.599, 4, 0, 0, 97887
2026/07/08 14:55:11.610, 5, 0, 0, 97887
2026/07/08 14:55:11.621, 6, 0, 0, 97887
2026/07/08 14:55:11.634, 7, 0, 0, 97887
2026/07/08 14:55:12.645, 0, 0, 0, 97887
2026/07/08 14:55:12.664, 1, 0, 0, 97887
2026/07/08 14:55:12.682, 2, 0, 0, 97887
2026/07/08 14:55:12.700, 3, 0, 0, 97887
2026/07/08 14:55:12.715, 4, 0, 0, 97887
2026/07/08 14:55:12.733, 5, 0, 0, 97887
2026/07/08 14:55:12.752, 6, 0, 0, 97887
2026/07/08 14:55:12.769, 7, 0, 0, 97887
2026/07/08 14:55:13.785, 0, 0, 0, 97887
2026/07/08 14:55:13.802, 1, 0, 0, 97887
2026/07/08 14:55:13.822, 2, 0, 0, 97887
2026/07/08 14:55:13.839, 3, 0, 0, 97887
2026/07/08 14:55:13.854, 4, 0, 0, 97887
2026/07/08 14:55:13.871, 5, 0, 0, 97887
2026/07/08 14:55:13.887, 6, 0, 0, 97887
2026/07/08 14:55:13.903, 7, 0, 0, 97887
2026/07/08 14:55:14.920, 0, 0, 0, 97887
2026/07/08 14:55:14.935, 1, 0, 0, 97887
2026/07/08 14:55:14.948, 2, 0, 0, 97887
2026/07/08 14:55:14.961, 3, 0, 0, 97887
2026/07/08 14:55:14.972, 4, 0, 0, 97887
2026/07/08 14:55:14.986, 5, 0, 0, 97887
2026/07/08 14:55:15.000, 6, 0, 0, 97887
2026/07/08 14:55:15.013, 7, 0, 0, 97887
2026/07/08 14:55:16.028, 0, 0, 1, 97887
2026/07/08 14:55:16.054, 1, 0, 1, 97887
2026/07/08 14:55:16.101, 2, 0, 1, 97887
2026/07/08 14:55:16.121, 3, 0, 1, 97887
2026/07/08 14:55:16.139, 4, 0, 1, 97887
2026/07/08 14:55:16.171, 5, 0, 1, 97887
2026/07/08 14:55:16.218, 6, 0, 1, 97887
2026/07/08 14:55:16.232, 7, 0, 1, 97887
2026/07/08 14:55:17.251, 0, 0, 3, 97887
2026/07/08 14:55:17.269, 1, 0, 3, 97887
2026/07/08 14:55:17.284, 2, 0, 3, 97887
2026/07/08 14:55:17.302, 3, 0, 3, 97887
2026/07/08 14:55:17.318, 4, 0, 3, 97887
2026/07/08 14:55:17.334, 5, 0, 3, 97887
2026/07/08 14:55:17.351, 6, 0, 3, 97887
2026/07/08 14:55:17.369, 7, 0, 3, 97887
2026/07/08 14:55:18.387, 0, 0, 3, 97887
2026/07/08 14:55:18.407, 1, 0, 3, 97887
2026/07/08 14:55:18.425, 2, 0, 3, 97887
2026/07/08 14:55:18.444, 3, 0, 3, 97887
2026/07/08 14:55:18.461, 4, 0, 3, 97887
2026/07/08 14:55:18.478, 5, 0, 3, 97887
2026/07/08 14:55:18.495, 6, 0, 3, 97887
2026/07/08 14:55:18.514, 7, 0, 3, 97887
2026/07/08 14:55:19.531, 0, 0, 3, 97887
2026/07/08 14:55:19.548, 1, 0, 3, 97887
2026/07/08 14:55:19.568, 2, 0, 3, 97887
2026/07/08 14:55:19.585, 3, 0, 3, 97887
2026/07/08 14:55:19.604, 4, 0, 3, 97887
2026/07/08 14:55:19.620, 5, 0, 3, 97887
2026/07/08 14:55:19.638, 6, 0, 3, 97887
2026/07/08 14:55:19.654, 7, 0, 3, 97887
2026/07/08 14:55:20.672, 0, 0, 3, 97887
2026/07/08 14:55:20.690, 1, 0, 3, 97887
2026/07/08 14:55:20.708, 2, 0, 3, 97887
2026/07/08 14:55:20.727, 3, 0, 3, 97887
2026/07/08 14:55:20.744, 4, 0, 3, 97887
2026/07/08 14:55:20.762, 5, 0, 3, 97887
2026/07/08 14:55:20.779, 6, 0, 3, 97887
2026/07/08 14:55:20.796, 7, 0, 3, 97887
2026/07/08 14:55:21.815, 0, 0, 3, 97887
2026/07/08 14:55:21.833, 1, 0, 3, 97887
2026/07/08 14:55:21.850, 2, 0, 3, 97887
2026/07/08 14:55:21.867, 3, 0, 3, 97887
2026/07/08 14:55:21.883, 4, 0, 3, 97887
2026/07/08 14:55:21.904, 5, 0, 3, 97887
2026/07/08 14:55:21.922, 6, 0, 3, 97887
2026/07/08 14:55:21.941, 7, 0, 3, 97887
2026/07/08 14:55:22.961, 0, 0, 3, 97887
2026/07/08 14:55:22.979, 1, 0, 3, 97887
2026/07/08 14:55:22.994, 2, 0, 3, 97887
2026/07/08 14:55:23.007, 3, 0, 3, 97887
2026/07/08 14:55:23.021, 4, 0, 3, 97887
2026/07/08 14:55:23.033, 5, 0, 3, 97887
2026/07/08 14:55:23.046, 6, 0, 3, 97887
2026/07/08 14:55:23.059, 7, 0, 3, 97887
2026/07/08 14:55:24.073, 0, 0, 3, 97887
2026/07/08 14:55:24.091, 1, 0, 3, 97887
2026/07/08 14:55:24.108, 2, 0, 3, 97887
2026/07/08 14:55:24.125, 3, 0, 3, 97887
2026/07/08 14:55:24.138, 4, 0, 3, 97887
2026/07/08 14:55:24.154, 5, 0, 3, 97887
2026/07/08 14:55:24.170, 6, 0, 3, 97887
2026/07/08 14:55:24.186, 7, 0, 3, 97887
2026/07/08 14:55:25.200, 0, 0, 3, 97887
2026/07/08 14:55:25.217, 1, 0, 3, 97887
2026/07/08 14:55:25.234, 2, 0, 3, 97887
2026/07/08 14:55:25.249, 3, 0, 3, 97887
2026/07/08 14:55:25.264, 4, 0, 3, 97887
2026/07/08 14:55:25.278, 5, 0, 3, 97887
2026/07/08 14:55:25.293, 6, 0, 3, 97887
2026/07/08 14:55:25.307, 7, 0, 3, 97887
2026/07/08 14:55:26.323, 0, 0, 3, 97887
2026/07/08 14:55:26.341, 1, 0, 3, 97887
2026/07/08 14:55:26.358, 2, 0, 3, 97887
2026/07/08 14:55:26.375, 3, 0, 3, 97887
2026/07/08 14:55:26.391, 4, 0, 3, 97887
2026/07/08 14:55:26.407, 5, 0, 3, 97887
2026/07/08 14:55:26.424, 6, 0, 3, 97887
2026/07/08 14:55:26.439, 7, 0, 3, 97887
2026/07/08 14:55:27.455, 0, 0, 3, 97887
2026/07/08 14:55:27.470, 1, 0, 3, 97887
2026/07/08 14:55:27.486, 2, 0, 3, 97887
2026/07/08 14:55:27.501, 3, 0, 3, 97887
2026/07/08 14:55:27.518, 4, 0, 3, 97887
2026/07/08 14:55:27.535, 5, 0, 3, 97887
2026/07/08 14:55:27.550, 6, 0, 3, 97887
2026/07/08 14:55:27.564, 7, 0, 3, 97887
2026/07/08 14:55:28.578, 0, 0, 3, 97887
2026/07/08 14:55:28.597, 1, 0, 3, 97887
2026/07/08 14:55:28.617, 2, 0, 3, 97887
2026/07/08 14:55:28.636, 3, 0, 3, 97887
2026/07/08 14:55:28.656, 4, 0, 3, 97887
2026/07/08 14:55:28.674, 5, 0, 3, 97887
2026/07/08 14:55:28.691, 6, 0, 3, 97887
2026/07/08 14:55:28.710, 7, 0, 3, 97887
2026/07/08 14:55:29.728, 0, 0, 3, 97887
2026/07/08 14:55:29.747, 1, 0, 3, 97887
2026/07/08 14:55:29.766, 2, 0, 3, 97887
2026/07/08 14:55:29.783, 3, 0, 3, 97887
2026/07/08 14:55:29.800, 4, 0, 3, 97887
2026/07/08 14:55:29.818, 5, 0, 3, 97887
2026/07/08 14:55:29.836, 6, 0, 3, 97887
2026/07/08 14:55:29.852, 7, 0, 3, 97887
2026/07/08 14:55:30.868, 0, 0, 3, 97887
2026/07/08 14:55:30.884, 1, 0, 3, 97887
2026/07/08 14:55:30.900, 2, 0, 3, 97887
2026/07/08 14:55:30.918, 3, 0, 3, 97887
2026/07/08 14:55:30.936, 4, 0, 3, 97887
2026/07/08 14:55:30.952, 5, 0, 3, 97887
2026/07/08 14:55:30.964, 6, 0, 3, 97887
2026/07/08 14:55:30.982, 7, 0, 3, 97887
2026/07/08 14:55:31.999, 0, 0, 3, 97887
2026/07/08 14:55:32.013, 1, 0, 3, 97887
2026/07/08 14:55:32.027, 2, 0, 3, 97887
2026/07/08 14:55:32.041, 3, 0, 3, 97887
2026/07/08 14:55:32.055, 4, 0, 3, 97887
2026/07/08 14:55:32.070, 5, 0, 3, 97887
2026/07/08 14:55:32.086, 6, 0, 3, 97887
2026/07/08 14:55:32.104, 7, 0, 3, 97887
2026/07/08 14:55:33.121, 0, 0, 3, 97887
2026/07/08 14:55:33.142, 1, 0, 3, 97887
2026/07/08 14:55:33.160, 2, 0, 3, 97887
2026/07/08 14:55:33.178, 3, 0, 3, 97887
2026/07/08 14:55:33.196, 4, 0, 3, 97887
2026/07/08 14:55:33.215, 5, 0, 3, 97887
2026/07/08 14:55:33.234, 6, 0, 3, 97887
2026/07/08 14:55:33.251, 7, 0, 3, 97887
2026/07/08 14:55:34.267, 0, 0, 3, 97887
2026/07/08 14:55:34.287, 1, 0, 3, 97887
2026/07/08 14:55:34.303, 2, 0, 3, 97887
2026/07/08 14:55:34.317, 3, 0, 3, 97887
2026/07/08 14:55:34.333, 4, 0, 3, 97887
2026/07/08 14:55:34.348, 5, 0, 3, 97887
2026/07/08 14:55:34.364, 6, 0, 3, 97887
2026/07/08 14:55:34.381, 7, 0, 3, 97887
2026/07/08 14:55:35.398, 0, 0, 3, 97887
2026/07/08 14:55:35.416, 1, 0, 3, 97887
2026/07/08 14:55:35.433, 2, 0, 3, 97887
2026/07/08 14:55:35.451, 3, 0, 3, 97887
2026/07/08 14:55:35.466, 4, 0, 3, 97887
2026/07/08 14:55:35.481, 5, 0, 3, 97887
2026/07/08 14:55:35.496, 6, 0, 3, 97887
2026/07/08 14:55:35.513, 7, 0, 3, 97887
2026/07/08 14:55:36.530, 0, 0, 3, 97887
2026/07/08 14:55:36.547, 1, 0, 3, 97887
2026/07/08 14:55:36.561, 2, 0, 3, 97887
2026/07/08 14:55:36.578, 3, 0, 3, 97887
2026/07/08 14:55:36.594, 4, 0, 3, 97887
2026/07/08 14:55:36.608, 5, 0, 3, 97887
2026/07/08 14:55:36.624, 6, 0, 3, 97887
2026/07/08 14:55:36.638, 7, 0, 3, 97887
2026/07/08 14:55:37.654, 0, 0, 3, 97887
2026/07/08 14:55:37.672, 1, 0, 3, 97887
2026/07/08 14:55:37.689, 2, 0, 3, 97887
2026/07/08 14:55:37.704, 3, 0, 3, 97887
2026/07/08 14:55:37.720, 4, 0, 3, 97887
2026/07/08 14:55:37.736, 5, 0, 3, 97887
2026/07/08 14:55:37.753, 6, 0, 3, 97887
2026/07/08 14:55:37.771, 7, 0, 3, 97887
2026/07/08 14:55:38.788, 0, 0, 3, 97887
2026/07/08 14:55:38.806, 1, 0, 3, 97887
2026/07/08 14:55:38.824, 2, 0, 3, 97887
2026/07/08 14:55:38.844, 3, 0, 3, 97887
2026/07/08 14:55:38.862, 4, 0, 3, 97887
2026/07/08 14:55:38.881, 5, 0, 3, 97887
2026/07/08 14:55:38.902, 6, 0, 3, 97887
2026/07/08 14:55:38.919, 7, 0, 3, 97887
2026/07/08 14:55:39.935, 0, 0, 3, 97887
2026/07/08 14:55:39.955, 1, 0, 3, 97887
2026/07/08 14:55:39.972, 2, 0, 3, 97887
2026/07/08 14:55:39.987, 3, 0, 3, 97887
2026/07/08 14:55:40.000, 4, 0, 3, 97887
2026/07/08 14:55:40.014, 5, 0, 3, 97887
2026/07/08 14:55:40.031, 6, 0, 3, 97887
2026/07/08 14:55:40.047, 7, 0, 3, 97887
2026/07/08 14:55:41.061, 0, 0, 3, 97887
2026/07/08 14:55:41.079, 1, 0, 3, 97887
2026/07/08 14:55:41.095, 2, 0, 3, 97887
2026/07/08 14:55:41.114, 3, 0, 3, 97887
2026/07/08 14:55:41.131, 4, 0, 3, 97887
2026/07/08 14:55:41.148, 5, 0, 3, 97887
2026/07/08 14:55:41.166, 6, 0, 3, 97887
2026/07/08 14:55:41.179, 7, 0, 3, 97887
2026/07/08 14:55:42.194, 0, 0, 3, 97887
2026/07/08 14:55:42.213, 1, 0, 3, 97887
2026/07/08 14:55:42.229, 2, 0, 3, 97887
2026/07/08 14:55:42.245, 3, 0, 3, 97887
2026/07/08 14:55:42.262, 4, 0, 3, 97887
2026/07/08 14:55:42.277, 5, 0, 3, 97887
2026/07/08 14:55:42.293, 6, 0, 3, 97887
2026/07/08 14:55:42.308, 7, 0, 3, 97887
2026/07/08 14:55:43.321, 0, 1, 562, 97887
2026/07/08 14:55:43.340, 1, 0, 3, 97887
2026/07/08 14:55:43.358, 2, 0, 3, 97887
2026/07/08 14:55:43.374, 3, 0, 3, 97887
2026/07/08 14:55:43.391, 4, 0, 3, 97887
2026/07/08 14:55:43.407, 5, 0, 3, 97887
2026/07/08 14:55:43.423, 6, 0, 3, 97887
2026/07/08 14:55:43.440, 7, 0, 3, 97887
2026/07/08 14:55:44.458, 0, 0, 562, 97887
2026/07/08 14:55:44.476, 1, 0, 3, 97887
2026/07/08 14:55:44.491, 2, 0, 3, 97887
2026/07/08 14:55:44.507, 3, 0, 3, 97887
2026/07/08 14:55:44.524, 4, 0, 3, 97887
2026/07/08 14:55:44.538, 5, 0, 3, 97887
2026/07/08 14:55:44.554, 6, 0, 3, 97887
2026/07/08 14:55:44.569, 7, 0, 3, 97887
2026/07/08 14:55:45.584, 0, 0, 562, 97887
2026/07/08 14:55:45.604, 1, 0, 3, 97887
2026/07/08 14:55:45.622, 2, 0, 3, 97887
2026/07/08 14:55:45.639, 3, 0, 3, 97887
2026/07/08 14:55:45.658, 4, 0, 3, 97887
2026/07/08 14:55:45.677, 5, 0, 3, 97887
2026/07/08 14:55:45.698, 6, 0, 3, 97887
2026/07/08 14:55:45.716, 7, 0, 3, 97887
2026/07/08 14:55:46.732, 0, 0, 562, 97887
2026/07/08 14:55:46.751, 1, 0, 3, 97887
2026/07/08 14:55:46.767, 2, 0, 3, 97887
2026/07/08 14:55:46.784, 3, 0, 3, 97887
2026/07/08 14:55:46.802, 4, 0, 3, 97887
2026/07/08 14:55:46.817, 5, 0, 3, 97887
2026/07/08 14:55:46.834, 6, 0, 3, 97887
2026/07/08 14:55:46.851, 7, 0, 3, 97887
2026/07/08 14:55:47.868, 0, 0, 562, 97887
2026/07/08 14:55:47.888, 1, 0, 3, 97887
2026/07/08 14:55:47.910, 2, 0, 3, 97887
2026/07/08 14:55:47.928, 3, 0, 3, 97887
2026/07/08 14:55:47.946, 4, 0, 3, 97887
2026/07/08 14:55:47.965, 5, 0, 3, 97887
2026/07/08 14:55:47.982, 6, 0, 3, 97887
2026/07/08 14:55:47.998, 7, 0, 3, 97887
2026/07/08 14:55:49.014, 0, 0, 562, 97887
2026/07/08 14:55:49.034, 1, 0, 3, 97887
2026/07/08 14:55:49.047, 2, 0, 3, 97887
2026/07/08 14:55:49.063, 3, 0, 3, 97887
2026/07/08 14:55:49.082, 4, 0, 3, 97887
2026/07/08 14:55:49.096, 5, 0, 3, 97887
2026/07/08 14:55:49.109, 6, 0, 3, 97887
2026/07/08 14:55:49.127, 7, 0, 3, 97887
2026/07/08 14:55:50.144, 0, 0, 562, 97887
2026/07/08 14:55:50.163, 1, 0, 3, 97887
2026/07/08 14:55:50.181, 2, 0, 3, 97887
2026/07/08 14:55:50.198, 3, 0, 3, 97887
2026/07/08 14:55:50.214, 4, 0, 3, 97887
2026/07/08 14:55:50.232, 5, 0, 3, 97887
2026/07/08 14:55:50.247, 6, 0, 3, 97887
2026/07/08 14:55:50.261, 7, 0, 3, 97887
2026/07/08 14:55:51.276, 0, 0, 562, 97887
2026/07/08 14:55:51.298, 1, 0, 3, 97887
2026/07/08 14:55:51.318, 2, 0, 3, 97887
2026/07/08 14:55:51.338, 3, 0, 3, 97887
2026/07/08 14:55:51.357, 4, 0, 3, 97887
2026/07/08 14:55:51.377, 5, 0, 3, 97887
2026/07/08 14:55:51.396, 6, 0, 3, 97887
2026/07/08 14:55:51.415, 7, 0, 3, 97887
2026/07/08 14:55:52.435, 0, 0, 562, 97887
2026/07/08 14:55:52.454, 1, 0, 3, 97887
2026/07/08 14:55:52.472, 2, 0, 3, 97887
2026/07/08 14:55:52.492, 3, 0, 3, 97887
2026/07/08 14:55:52.511, 4, 0, 3, 97887
2026/07/08 14:55:52.525, 5, 0, 3, 97887
2026/07/08 14:55:52.537, 6, 0, 3, 97887
2026/07/08 14:55:52.553, 7, 0, 3, 97887
2026/07/08 14:55:53.564, 0, 0, 562, 97887
2026/07/08 14:55:53.580, 1, 0, 3, 97887
2026/07/08 14:55:53.594, 2, 0, 3, 97887
2026/07/08 14:55:53.609, 3, 0, 3, 97887
2026/07/08 14:55:53.625, 4, 0, 3, 97887
2026/07/08 14:55:53.642, 5, 0, 3, 97887
2026/07/08 14:55:53.660, 6, 0, 3, 97887
2026/07/08 14:55:53.679, 7, 0, 3, 97887
2026/07/08 14:55:54.697, 0, 0, 562, 97887
2026/07/08 14:55:54.718, 1, 0, 3, 97887
2026/07/08 14:55:54.737, 2, 0, 3, 97887
2026/07/08 14:55:54.756, 3, 0, 3, 97887
2026/07/08 14:55:54.775, 4, 0, 3, 97887
2026/07/08 14:55:54.793, 5, 0, 3, 97887
2026/07/08 14:55:54.811, 6, 0, 3, 97887
2026/07/08 14:55:54.829, 7, 0, 3, 97887
2026/07/08 14:55:55.848, 0, 0, 562, 97887
2026/07/08 14:55:55.866, 1, 0, 3, 97887
2026/07/08 14:55:55.884, 2, 0, 3, 97887
2026/07/08 14:55:55.903, 3, 0, 3, 97887
2026/07/08 14:55:55.920, 4, 0, 3, 97887
2026/07/08 14:55:55.939, 5, 0, 3, 97887
2026/07/08 14:55:55.958, 6, 0, 3, 97887
2026/07/08 14:55:55.980, 7, 0, 3, 97887
2026/07/08 14:55:56.999, 0, 0, 562, 97887
2026/07/08 14:55:57.018, 1, 0, 3, 97887
2026/07/08 14:55:57.035, 2, 0, 3, 97887
2026/07/08 14:55:57.052, 3, 0, 3, 97887
2026/07/08 14:55:57.070, 4, 0, 3, 97887
2026/07/08 14:55:57.090, 5, 0, 3, 97887
2026/07/08 14:55:57.110, 6, 0, 3, 97887
2026/07/08 14:55:57.128, 7, 0, 3, 97887
2026/07/08 14:55:58.146, 0, 0, 562, 97887
2026/07/08 14:55:58.166, 1, 0, 4, 97887
2026/07/08 14:55:58.183, 2, 0, 4, 97887
2026/07/08 14:55:58.198, 3, 0, 4, 97887
2026/07/08 14:55:58.218, 4, 0, 4, 97887
2026/07/08 14:55:58.236, 5, 0, 4, 97887
2026/07/08 14:55:58.254, 6, 0, 4, 97887
2026/07/08 14:55:58.271, 7, 0, 4, 97887
2026/07/08 14:55:59.289, 0, 0, 562, 97887
2026/07/08 14:55:59.305, 1, 1, 562, 97887
2026/07/08 14:55:59.321, 2, 0, 4, 97887
2026/07/08 14:55:59.338, 3, 1, 562, 97887
2026/07/08 14:55:59.355, 4, 0, 4, 97887
2026/07/08 14:55:59.403, 5, 0, 4, 97887
2026/07/08 14:55:59.422, 6, 0, 4, 97887
2026/07/08 14:55:59.440, 7, 0, 4, 97887
2026/07/08 14:56:00.458, 0, 0, 562, 97887
2026/07/08 14:56:00.475, 1, 0, 562, 97887
2026/07/08 14:56:00.495, 2, 0, 562, 97887
2026/07/08 14:56:00.515, 3, 0, 562, 97887
2026/07/08 14:56:00.533, 4, 0, 4, 97887
2026/07/08 14:56:00.553, 5, 0, 4, 97887
2026/07/08 14:56:00.572, 6, 0, 4, 97887
2026/07/08 14:56:00.592, 7, 0, 4, 97887
2026/07/08 14:56:01.612, 0, 0, 562, 97887
2026/07/08 14:56:01.631, 1, 0, 562, 97887
2026/07/08 14:56:01.646, 2, 0, 562, 97887
2026/07/08 14:56:01.662, 3, 0, 562, 97887
2026/07/08 14:56:01.679, 4, 0, 4, 97887
2026/07/08 14:56:01.696, 5, 0, 4, 97887
2026/07/08 14:56:01.712, 6, 0, 4, 97887
2026/07/08 14:56:01.728, 7, 0, 4, 97887
2026/07/08 14:56:02.746, 0, 0, 562, 97887
2026/07/08 14:56:02.758, 1, 0, 562, 97887
2026/07/08 14:56:02.769, 2, 0, 562, 97887
2026/07/08 14:56:02.783, 3, 0, 562, 97887
2026/07/08 14:56:02.797, 4, 0, 4, 97887
2026/07/08 14:56:02.811, 5, 0, 4, 97887
2026/07/08 14:56:02.823, 6, 0, 4, 97887
2026/07/08 14:56:02.836, 7, 0, 4, 97887
2026/07/08 14:56:03.850, 0, 0, 562, 97887
2026/07/08 14:56:03.867, 1, 0, 562, 97887
2026/07/08 14:56:03.881, 2, 0, 562, 97887
2026/07/08 14:56:03.896, 3, 0, 562, 97887
2026/07/08 14:56:03.911, 4, 0, 4, 97887
2026/07/08 14:56:03.925, 5, 0, 4, 97887
2026/07/08 14:56:03.942, 6, 0, 4, 97887
2026/07/08 14:56:03.956, 7, 0, 4, 97887
2026/07/08 14:56:04.970, 0, 0, 562, 97887
2026/07/08 14:56:04.988, 1, 0, 562, 97887
2026/07/08 14:56:05.005, 2, 0, 562, 97887
2026/07/08 14:56:05.021, 3, 0, 562, 97887
2026/07/08 14:56:05.034, 4, 0, 4, 97887
2026/07/08 14:56:05.050, 5, 0, 4, 97887
2026/07/08 14:56:05.065, 6, 0, 4, 97887
2026/07/08 14:56:05.081, 7, 0, 4, 97887
2026/07/08 14:56:06.097, 0, 2, 6142, 97887
2026/07/08 14:56:06.116, 1, 3, 7382, 97887
2026/07/08 14:56:06.131, 2, 3, 7482, 97887
2026/07/08 14:56:06.148, 3, 2, 7842, 97887
2026/07/08 14:56:06.166, 4, 0, 4, 97887
2026/07/08 14:56:06.183, 5, 0, 4, 97887
2026/07/08 14:56:06.201, 6, 0, 4, 97887
2026/07/08 14:56:06.220, 7, 0, 4, 97887
2026/07/08 14:56:07.239, 0, 53, 63586, 97887
2026/07/08 14:56:07.257, 1, 0, 63586, 97887
2026/07/08 14:56:07.273, 2, 0, 63586, 97887
2026/07/08 14:56:07.286, 3, 0, 63600, 97887
2026/07/08 14:56:07.299, 4, 0, 4, 97887
2026/07/08 14:56:07.315, 5, 0, 4, 97887
2026/07/08 14:56:07.329, 6, 0, 4, 97887
2026/07/08 14:56:07.344, 7, 0, 4, 97887
2026/07/08 14:56:08.357, 0, 0, 63714, 97887
2026/07/08 14:56:08.375, 1, 1, 63714, 97887
2026/07/08 14:56:08.392, 2, 1, 63714, 97887
2026/07/08 14:56:08.407, 3, 0, 63714, 97887
2026/07/08 14:56:08.423, 4, 0, 4, 97887
2026/07/08 14:56:08.443, 5, 0, 4, 97887
2026/07/08 14:56:08.467, 6, 0, 4, 97887
2026/07/08 14:56:08.484, 7, 0, 4, 97887
2026/07/08 14:56:09.498, 0, 2, 63714, 97887
2026/07/08 14:56:09.516, 1, 3, 63714, 97887
2026/07/08 14:56:09.532, 2, 2, 63714, 97887
2026/07/08 14:56:09.547, 3, 2, 63714, 97887
2026/07/08 14:56:09.563, 4, 0, 4, 97887
2026/07/08 14:56:09.577, 5, 0, 4, 97887
2026/07/08 14:56:09.590, 6, 0, 4, 97887
2026/07/08 14:56:09.603, 7, 0, 4, 97887
2026/07/08 14:56:10.617, 0, 4, 63714, 97887
2026/07/08 14:56:10.633, 1, 0, 63714, 97887
2026/07/08 14:56:10.649, 2, 1, 63714, 97887
2026/07/08 14:56:10.665, 3, 3, 63714, 97887
2026/07/08 14:56:10.683, 4, 0, 4, 97887
2026/07/08 14:56:10.697, 5, 0, 4, 97887
2026/07/08 14:56:10.712, 6, 0, 4, 97887
2026/07/08 14:56:10.727, 7, 0, 4, 97887
2026/07/08 14:56:11.744, 0, 0, 63714, 97887
2026/07/08 14:56:11.760, 1, 0, 63714, 97887
2026/07/08 14:56:11.776, 2, 5, 63714, 97887
2026/07/08 14:56:11.791, 3, 4, 63714, 97887
2026/07/08 14:56:11.804, 4, 0, 4, 97887
2026/07/08 14:56:11.819, 5, 0, 4, 97887
2026/07/08 14:56:11.832, 6, 0, 4, 97887
2026/07/08 14:56:11.846, 7, 0, 4, 97887
2026/07/08 14:56:12.858, 0, 4, 63714, 97887
2026/07/08 14:56:12.872, 1, 4, 63714, 97887
2026/07/08 14:56:12.887, 2, 3, 63714, 97887
2026/07/08 14:56:12.902, 3, 3, 63714, 97887
2026/07/08 14:56:12.916, 4, 0, 4, 97887
2026/07/08 14:56:12.932, 5, 0, 4, 97887
2026/07/08 14:56:12.946, 6, 0, 4, 97887
2026/07/08 14:56:12.960, 7, 0, 4, 97887
2026/07/08 14:56:13.975, 0, 2, 63714, 97887
2026/07/08 14:56:13.994, 1, 2, 63714, 97887
2026/07/08 14:56:14.010, 2, 2, 63714, 97887
2026/07/08 14:56:14.025, 3, 2, 63714, 97887
2026/07/08 14:56:14.042, 4, 0, 4, 97887
2026/07/08 14:56:14.055, 5, 0, 4, 97887
2026/07/08 14:56:14.069, 6, 0, 4, 97887
2026/07/08 14:56:14.081, 7, 0, 4, 97887
2026/07/08 14:56:15.093, 0, 2, 63714, 97887
2026/07/08 14:56:15.110, 1, 3, 63714, 97887
2026/07/08 14:56:15.127, 2, 3, 63714, 97887
2026/07/08 14:56:15.143, 3, 3, 63714, 97887
2026/07/08 14:56:15.157, 4, 0, 4, 97887
2026/07/08 14:56:15.172, 5, 0, 4, 97887
2026/07/08 14:56:15.188, 6, 0, 4, 97887
2026/07/08 14:56:15.201, 7, 0, 4, 97887
2026/07/08 14:56:16.215, 0, 3, 63714, 97887
2026/07/08 14:56:16.231, 1, 3, 63714, 97887
2026/07/08 14:56:16.244, 2, 3, 63714, 97887
2026/07/08 14:56:16.260, 3, 3, 63714, 97887
2026/07/08 14:56:16.274, 4, 0, 4, 97887
2026/07/08 14:56:16.288, 5, 0, 4, 97887
2026/07/08 14:56:16.301, 6, 0, 4, 97887
2026/07/08 14:56:16.316, 7, 0, 4, 97887
2026/07/08 14:56:17.331, 0, 2, 63714, 97887
2026/07/08 14:56:17.347, 1, 3, 63714, 97887
2026/07/08 14:56:17.360, 2, 3, 63714, 97887
2026/07/08 14:56:17.374, 3, 2, 63714, 97887
2026/07/08 14:56:17.391, 4, 0, 4, 97887
2026/07/08 14:56:17.407, 5, 0, 4, 97887
2026/07/08 14:56:17.424, 6, 0, 4, 97887
2026/07/08 14:56:17.440, 7, 0, 4, 97887
2026/07/08 14:56:18.456, 0, 3, 63714, 97887
2026/07/08 14:56:18.473, 1, 3, 63714, 97887
2026/07/08 14:56:18.486, 2, 3, 63714, 97887
2026/07/08 14:56:18.500, 3, 3, 63714, 97887
2026/07/08 14:56:18.515, 4, 0, 4, 97887
2026/07/08 14:56:18.528, 5, 0, 4, 97887
2026/07/08 14:56:18.540, 6, 0, 4, 97887
2026/07/08 14:56:18.554, 7, 0, 4, 97887
2026/07/08 14:56:19.571, 0, 2, 63714, 97887
2026/07/08 14:56:19.595, 1, 3, 63714, 97887
2026/07/08 14:56:19.626, 2, 3, 63714, 97887
2026/07/08 14:56:19.645, 3, 3, 63714, 97887
2026/07/08 14:56:19.674, 4, 0, 23, 97887
2026/07/08 14:56:19.694, 5, 0, 22, 97887
2026/07/08 14:56:19.716, 6, 0, 23, 97887
2026/07/08 14:56:19.734, 7, 0, 23, 97887
2026/07/08 14:56:20.786, 0, 3, 63714, 97887
2026/07/08 14:56:20.800, 1, 3, 63714, 97887
2026/07/08 14:56:20.812, 2, 2, 63714, 97887
2026/07/08 14:56:20.825, 3, 3, 63714, 97887
2026/07/08 14:56:20.838, 4, 0, 889, 97887
2026/07/08 14:56:20.850, 5, 0, 889, 97887
2026/07/08 14:56:20.864, 6, 0, 743, 97887
2026/07/08 14:56:20.879, 7, 0, 743, 97887
2026/07/08 14:56:21.893, 0, 3, 63714, 97887
2026/07/08 14:56:21.910, 1, 3, 63714, 97887
2026/07/08 14:56:21.924, 2, 3, 63714, 97887
2026/07/08 14:56:21.938, 3, 3, 63714, 97887
2026/07/08 14:56:21.953, 4, 3, 889, 97887
2026/07/08 14:56:21.967, 5, 4, 1217, 97887
2026/07/08 14:56:21.979, 6, 0, 889, 97887
2026/07/08 14:56:21.995, 7, 0, 889, 97887
2026/07/08 14:56:23.011, 0, 3, 63714, 97887
2026/07/08 14:56:23.026, 1, 3, 63714, 97887
2026/07/08 14:56:23.042, 2, 3, 63714, 97887
2026/07/08 14:56:23.057, 3, 3, 63714, 97887
2026/07/08 14:56:23.072, 4, 0, 30147, 97887
2026/07/08 14:56:23.086, 5, 0, 30147, 97887
2026/07/08 14:56:23.100, 6, 1, 30147, 97887
2026/07/08 14:56:23.113, 7, 0, 30147, 97887
2026/07/08 14:56:24.126, 0, 3, 63714, 97887
2026/07/08 14:56:24.138, 1, 3, 63714, 97887
2026/07/08 14:56:24.153, 2, 3, 63714, 97887
2026/07/08 14:56:24.167, 3, 3, 63714, 97887
2026/07/08 14:56:24.182, 4, 0, 30147, 97887
2026/07/08 14:56:24.196, 5, 0, 30147, 97887
2026/07/08 14:56:24.209, 6, 0, 30147, 97887
2026/07/08 14:56:24.223, 7, 0, 30147, 97887
2026/07/08 14:56:25.238, 0, 3, 63714, 97887
2026/07/08 14:56:25.253, 1, 3, 63714, 97887
2026/07/08 14:56:25.265, 2, 3, 63714, 97887
2026/07/08 14:56:25.279, 3, 3, 63714, 97887
2026/07/08 14:56:25.290, 4, 7, 30147, 97887
2026/07/08 14:56:25.302, 5, 0, 30147, 97887
2026/07/08 14:56:25.314, 6, 2, 30147, 97887
2026/07/08 14:56:25.324, 7, 0, 30147, 97887
2026/07/08 14:56:26.335, 0, 3, 63714, 97887
2026/07/08 14:56:26.350, 1, 3, 63714, 97887
2026/07/08 14:56:26.364, 2, 3, 63714, 97887
2026/07/08 14:56:26.377, 3, 3, 63714, 97887
2026/07/08 14:56:26.388, 4, 7, 30147, 97887
2026/07/08 14:56:26.398, 5, 8, 30147, 97887
2026/07/08 14:56:26.407, 6, 8, 30147, 97887
2026/07/08 14:56:26.420, 7, 8, 30147, 97887
2026/07/08 14:56:27.433, 0, 3, 63714, 97887
2026/07/08 14:56:27.448, 1, 3, 63714, 97887
2026/07/08 14:56:27.461, 2, 3, 63714, 97887
2026/07/08 14:56:27.474, 3, 2, 63714, 97887
2026/07/08 14:56:27.486, 4, 7, 30147, 97887
2026/07/08 14:56:27.497, 5, 7, 30147, 97887
2026/07/08 14:56:27.510, 6, 5, 30147, 97887
2026/07/08 14:56:27.520, 7, 6, 30147, 97887
2026/07/08 14:56:28.531, 0, 3, 63714, 97887
2026/07/08 14:56:28.544, 1, 3, 63714, 97887
2026/07/08 14:56:28.557, 2, 3, 63714, 97887
2026/07/08 14:56:28.570, 3, 4, 63714, 97887
2026/07/08 14:56:28.583, 4, 6, 30147, 97887
2026/07/08 14:56:28.595, 5, 6, 30147, 97887
2026/07/08 14:56:28.608, 6, 3, 30147, 97887
2026/07/08 14:56:28.621, 7, 4, 30147, 97887
2026/07/08 14:56:29.634, 0, 3, 63714, 97887
2026/07/08 14:56:29.649, 1, 3, 63714, 97887
2026/07/08 14:56:29.664, 2, 3, 63714, 97887
2026/07/08 14:56:29.678, 3, 2, 63714, 97887
2026/07/08 14:56:29.692, 4, 5, 30147, 97887
2026/07/08 14:56:29.705, 5, 6, 30147, 97887
2026/07/08 14:56:29.719, 6, 6, 30147, 97887
2026/07/08 14:56:29.732, 7, 6, 30147, 97887
2026/07/08 14:56:30.746, 0, 3, 63714, 97887
2026/07/08 14:56:30.758, 1, 3, 63714, 97887
2026/07/08 14:56:30.775, 2, 3, 63714, 97887
2026/07/08 14:56:30.791, 3, 3, 63714, 97887
2026/07/08 14:56:30.803, 4, 4, 30147, 97887
2026/07/08 14:56:30.813, 5, 4, 30147, 97887
2026/07/08 14:56:30.823, 6, 4, 30147, 97887
2026/07/08 14:56:30.831, 7, 6, 30147, 97887
2026/07/08 14:56:31.841, 0, 2, 63714, 97887
2026/07/08 14:56:31.857, 1, 3, 63714, 97887
2026/07/08 14:56:31.872, 2, 3, 63714, 97887
2026/07/08 14:56:31.887, 3, 3, 63714, 97887
2026/07/08 14:56:31.903, 4, 6, 30147, 97887
2026/07/08 14:56:31.919, 5, 7, 30147, 97887
2026/07/08 14:56:31.935, 6, 6, 30147, 97887
2026/07/08 14:56:31.949, 7, 8, 30147, 97887
2026/07/08 14:56:32.964, 0, 3, 63714, 97887
2026/07/08 14:56:32.979, 1, 3, 63714, 97887
2026/07/08 14:56:32.994, 2, 2, 63714, 97887
2026/07/08 14:56:33.007, 3, 3, 63714, 97887
2026/07/08 14:56:33.021, 4, 7, 30147, 97887
2026/07/08 14:56:33.036, 5, 6, 30147, 97887
2026/07/08 14:56:33.052, 6, 6, 30147, 97887
2026/07/08 14:56:33.060, 7, 5, 30147, 97887
2026/07/08 14:56:34.074, 0, 3, 63714, 97887
2026/07/08 14:56:34.089, 1, 3, 63714, 97887
2026/07/08 14:56:34.100, 2, 3, 63714, 97887
2026/07/08 14:56:34.110, 3, 3, 63714, 97887
2026/07/08 14:56:34.122, 4, 6, 30147, 97887
2026/07/08 14:56:34.136, 5, 7, 30147, 97887
2026/07/08 14:56:34.149, 6, 7, 30147, 97887
2026/07/08 14:56:34.164, 7, 7, 30147, 97887
2026/07/08 14:56:35.178, 0, 3, 63714, 97887
2026/07/08 14:56:35.199, 1, 3, 63714, 97887
2026/07/08 14:56:35.214, 2, 3, 63714, 97887
2026/07/08 14:56:35.230, 3, 3, 63714, 97887
2026/07/08 14:56:35.245, 4, 6, 30147, 97887
2026/07/08 14:56:35.259, 5, 6, 30147, 97887
2026/07/08 14:56:35.270, 6, 6, 30147, 97887
2026/07/08 14:56:35.279, 7, 6, 30147, 97887
2026/07/08 14:56:36.289, 0, 2, 63714, 97887
2026/07/08 14:56:36.305, 1, 3, 63714, 97887
2026/07/08 14:56:36.322, 2, 3, 63714, 97887
2026/07/08 14:56:36.336, 3, 3, 63714, 97887
2026/07/08 14:56:36.352, 4, 7, 30149, 97887
2026/07/08 14:56:36.367, 5, 7, 40691, 97887
2026/07/08 14:56:36.384, 6, 6, 55091, 97887
2026/07/08 14:56:36.402, 7, 6, 62741, 97887
2026/07/08 14:56:37.420, 0, 3, 63714, 97887
2026/07/08 14:56:37.438, 1, 3, 63714, 97887
2026/07/08 14:56:37.453, 2, 3, 63714, 97887
2026/07/08 14:56:37.491, 3, 3, 63714, 97887
2026/07/08 14:56:37.506, 4, 0, 73993, 97887
2026/07/08 14:56:37.521, 5, 0, 73995, 97887
2026/07/08 14:56:37.536, 6, 0, 73995, 97887
2026/07/08 14:56:37.551, 7, 0, 73995, 97887
2026/07/08 14:56:38.567, 0, 2, 63714, 97887
2026/07/08 14:56:38.584, 1, 3, 63714, 97887
2026/07/08 14:56:38.600, 2, 3, 63714, 97887
2026/07/08 14:56:38.618, 3, 3, 63714, 97887
2026/07/08 14:56:38.633, 4, 0, 74035, 97887
2026/07/08 14:56:38.647, 5, 0, 74035, 97887
2026/07/08 14:56:38.660, 6, 0, 74035, 97887
2026/07/08 14:56:38.673, 7, 0, 74035, 97887
2026/07/08 14:56:39.686, 0, 3, 63714, 97887
2026/07/08 14:56:39.703, 1, 3, 63714, 97887
2026/07/08 14:56:39.718, 2, 3, 63714, 97887
2026/07/08 14:56:39.732, 3, 3, 63714, 97887
2026/07/08 14:56:39.745, 4, 1, 74045, 97887
2026/07/08 14:56:39.757, 5, 24, 74045, 97887
2026/07/08 14:56:39.769, 6, 0, 74045, 97887
2026/07/08 14:56:39.784, 7, 0, 74045, 97887
2026/07/08 14:56:40.797, 0, 2, 63714, 97887
2026/07/08 14:56:40.814, 1, 3, 63714, 97887
2026/07/08 14:56:40.829, 2, 3, 63714, 97887
2026/07/08 14:56:40.842, 3, 3, 63714, 97887
2026/07/08 14:56:40.854, 4, 0, 74045, 97887
2026/07/08 14:56:40.866, 5, 0, 74045, 97887
2026/07/08 14:56:40.879, 6, 0, 74045, 97887
2026/07/08 14:56:40.893, 7, 0, 74045, 97887
2026/07/08 14:56:41.906, 0, 3, 63714, 97887
2026/07/08 14:56:41.919, 1, 3, 63714, 97887
2026/07/08 14:56:41.929, 2, 3, 63714, 97887
2026/07/08 14:56:41.941, 3, 2, 63714, 97887
2026/07/08 14:56:41.951, 4, 0, 74046, 97887
2026/07/08 14:56:41.963, 5, 0, 74046, 97887
2026/07/08 14:56:41.974, 6, 0, 74046, 97887
2026/07/08 14:56:41.984, 7, 0, 74046, 97887
2026/07/08 14:56:42.997, 0, 2, 63714, 97887
2026/07/08 14:56:43.012, 1, 3, 63714, 97887
2026/07/08 14:56:43.025, 2, 2, 63714, 97887
2026/07/08 14:56:43.038, 3, 3, 63714, 97887
2026/07/08 14:56:43.051, 4, 0, 74046, 97887
2026/07/08 14:56:43.065, 5, 0, 74046, 97887
2026/07/08 14:56:43.077, 6, 0, 74046, 97887
2026/07/08 14:56:43.088, 7, 0, 74046, 97887
2026/07/08 14:56:44.100, 0, 3, 63714, 97887
2026/07/08 14:56:44.115, 1, 2, 63714, 97887
2026/07/08 14:56:44.125, 2, 3, 63714, 97887
2026/07/08 14:56:44.134, 3, 3, 63714, 97887
2026/07/08 14:56:44.144, 4, 0, 74046, 97887
2026/07/08 14:56:44.158, 5, 0, 74046, 97887
2026/07/08 14:56:44.174, 6, 0, 74046, 97887
2026/07/08 14:56:44.189, 7, 0, 74046, 97887
2026/07/08 14:56:45.205, 0, 3, 63714, 97887
2026/07/08 14:56:45.221, 1, 3, 63714, 97887
2026/07/08 14:56:45.237, 2, 3, 63714, 97887
2026/07/08 14:56:45.254, 3, 3, 63714, 97887
2026/07/08 14:56:45.268, 4, 0, 74046, 97887
2026/07/08 14:56:45.283, 5, 0, 74046, 97887
2026/07/08 14:56:45.298, 6, 0, 74046, 97887
2026/07/08 14:56:45.314, 7, 0, 74046, 97887
2026/07/08 14:56:46.328, 0, 3, 63714, 97887
2026/07/08 14:56:46.345, 1, 0, 63714, 97887
2026/07/08 14:56:46.361, 2, 0, 63714, 97887
2026/07/08 14:56:46.374, 3, 0, 63714, 97887
2026/07/08 14:56:46.383, 4, 0, 74046, 97887
2026/07/08 14:56:46.393, 5, 0, 74046, 97887
2026/07/08 14:56:46.404, 6, 0, 74046, 97887
2026/07/08 14:56:46.414, 7, 0, 74046, 97887
2026/07/08 14:56:47.424, 0, 2, 63714, 97887
2026/07/08 14:56:47.439, 1, 100, 46774, 97887
2026/07/08 14:56:47.454, 2, 100, 46774, 97887
2026/07/08 14:56:47.469, 3, 100, 46774, 97887
2026/07/08 14:56:47.483, 4, 0, 74046, 97887
2026/07/08 14:56:47.497, 5, 0, 74046, 97887
2026/07/08 14:56:47.511, 6, 0, 74046, 97887
2026/07/08 14:56:47.525, 7, 0, 74046, 97887
2026/07/08 14:56:48.538, 0, 0, 63714, 97887
2026/07/08 14:56:48.553, 1, 100, 46774, 97887
2026/07/08 14:56:48.568, 2, 100, 46774, 97887
2026/07/08 14:56:48.581, 3, 100, 46774, 97887
2026/07/08 14:56:48.596, 4, 0, 74046, 97887
2026/07/08 14:56:48.609, 5, 0, 74046, 97887
2026/07/08 14:56:48.622, 6, 0, 74046, 97887
2026/07/08 14:56:48.634, 7, 0, 74046, 97887
2026/07/08 14:56:49.646, 0, 0, 46796, 97887
2026/07/08 14:56:49.664, 1, 0, 46802, 97887
2026/07/08 14:56:49.681, 2, 0, 46804, 97887
2026/07/08 14:56:49.696, 3, 0, 46802, 97887
2026/07/08 14:56:49.714, 4, 0, 74046, 97887
2026/07/08 14:56:49.731, 5, 0, 74046, 97887
2026/07/08 14:56:49.747, 6, 0, 74046, 97887
2026/07/08 14:56:49.762, 7, 0, 74046, 97887
2026/07/08 14:56:50.778, 0, 0, 46804, 97887
2026/07/08 14:56:50.796, 1, 0, 46802, 97887
2026/07/08 14:56:50.814, 2, 0, 46804, 97887
2026/07/08 14:56:50.834, 3, 0, 46802, 97887
2026/07/08 14:56:50.851, 4, 0, 74046, 97887
2026/07/08 14:56:50.870, 5, 0, 74046, 97887
2026/07/08 14:56:50.886, 6, 0, 74046, 97887
2026/07/08 14:56:50.901, 7, 0, 74046, 97887
2026/07/08 14:56:51.916, 0, 15, 46840, 97887
2026/07/08 14:56:51.932, 1, 47, 46836, 97887
2026/07/08 14:56:51.943, 2, 0, 46838, 97887
2026/07/08 14:56:51.954, 3, 100, 46836, 97887
2026/07/08 14:56:51.964, 4, 0, 74046, 97887
2026/07/08 14:56:51.977, 5, 0, 74046, 97887
2026/07/08 14:56:51.992, 6, 0, 74046, 97887
2026/07/08 14:56:52.007, 7, 0, 74046, 97887
2026/07/08 14:56:53.022, 0, 0, 46840, 97887
2026/07/08 14:56:53.038, 1, 0, 46836, 97887
2026/07/08 14:56:53.052, 2, 0, 46838, 97887
2026/07/08 14:56:53.067, 3, 0, 46836, 97887
2026/07/08 14:56:53.077, 4, 100, 74582, 97887
2026/07/08 14:56:53.091, 5, 90, 74582, 97887
2026/07/08 14:56:53.105, 6, 100, 74582, 97887
2026/07/08 14:56:53.120, 7, 100, 74582, 97887
2026/07/08 14:56:54.134, 0, 0, 46840, 97887
2026/07/08 14:56:54.148, 1, 0, 46836, 97887
2026/07/08 14:56:54.162, 2, 5, 46838, 97887
2026/07/08 14:56:54.174, 3, 5, 46836, 97887
2026/07/08 14:56:54.185, 4, 0, 74582, 97887
2026/07/08 14:56:54.196, 5, 0, 74582, 97887
2026/07/08 14:56:54.208, 6, 0, 74582, 97887
2026/07/08 14:56:54.219, 7, 0, 74582, 97887
2026/07/08 14:56:55.231, 0, 5, 46840, 97887
2026/07/08 14:56:55.248, 1, 5, 46836, 97887
2026/07/08 14:56:55.264, 2, 6, 46838, 97887
2026/07/08 14:56:55.278, 3, 6, 46836, 97887
2026/07/08 14:56:55.293, 4, 0, 74582, 97887
2026/07/08 14:56:55.306, 5, 0, 74582, 97887
2026/07/08 14:56:55.320, 6, 0, 74582, 97887
2026/07/08 14:56:55.333, 7, 0, 74582, 97887
2026/07/08 14:56:56.344, 0, 5, 46840, 97887
2026/07/08 14:56:56.360, 1, 6, 46836, 97887
2026/07/08 14:56:56.376, 2, 5, 46838, 97887
2026/07/08 14:56:56.392, 3, 6, 46836, 97887
2026/07/08 14:56:56.407, 4, 0, 74582, 97887
2026/07/08 14:56:56.424, 5, 0, 74582, 97887
2026/07/08 14:56:56.439, 6, 0, 74582, 97887
2026/07/08 14:56:56.453, 7, 0, 74582, 97887
2026/07/08 14:56:57.464, 0, 5, 46840, 97887
2026/07/08 14:56:57.480, 1, 6, 46836, 97887
2026/07/08 14:56:57.493, 2, 6, 46838, 97887
2026/07/08 14:56:57.508, 3, 5, 46836, 97887
2026/07/08 14:56:57.522, 4, 0, 74582, 97887
2026/07/08 14:56:57.535, 5, 0, 74582, 97887
2026/07/08 14:56:57.548, 6, 0, 74582, 97887
2026/07/08 14:56:57.561, 7, 0, 74582, 97887
2026/07/08 14:56:58.577, 0, 6, 46840, 97887
2026/07/08 14:56:58.594, 1, 5, 46836, 97887
2026/07/08 14:56:58.610, 2, 6, 46838, 97887
2026/07/08 14:56:58.624, 3, 6, 46836, 97887
2026/07/08 14:56:58.637, 4, 0, 74582, 97887
2026/07/08 14:56:58.651, 5, 0, 74582, 97887
2026/07/08 14:56:58.666, 6, 0, 74582, 97887
2026/07/08 14:56:58.679, 7, 0, 74582, 97887
2026/07/08 14:56:59.695, 0, 5, 46840, 97887
2026/07/08 14:56:59.711, 1, 5, 46836, 97887
2026/07/08 14:56:59.728, 2, 5, 46838, 97887
2026/07/08 14:56:59.739, 3, 6, 46836, 97887
2026/07/08 14:56:59.752, 4, 0, 74582, 97887
2026/07/08 14:56:59.766, 5, 0, 74582, 97887
2026/07/08 14:56:59.781, 6, 0, 74582, 97887
2026/07/08 14:56:59.794, 7, 0, 74582, 97887
2026/07/08 14:57:00.810, 0, 0, 46840, 97887
2026/07/08 14:57:00.826, 1, 0, 46836, 97887
2026/07/08 14:57:00.843, 2, 0, 46838, 97887
2026/07/08 14:57:00.860, 3, 19, 46836, 97887
2026/07/08 14:57:00.875, 4, 0, 74582, 97887
2026/07/08 14:57:00.891, 5, 0, 74582, 97887
2026/07/08 14:57:00.904, 6, 0, 74582, 97887
2026/07/08 14:57:00.920, 7, 0, 74582, 97887
2026/07/08 14:57:01.937, 0, 10, 57060, 97887
2026/07/08 14:57:01.954, 1, 3, 57056, 97887
2026/07/08 14:57:01.970, 2, 3, 57058, 97887
2026/07/08 14:57:01.987, 3, 14, 57056, 97887
2026/07/08 14:57:02.002, 4, 0, 74582, 97887
2026/07/08 14:57:02.014, 5, 0, 74582, 97887
2026/07/08 14:57:02.027, 6, 0, 74582, 97887
2026/07/08 14:57:02.040, 7, 0, 74582, 97887
2026/07/08 14:57:03.053, 0, 11, 57060, 97887
2026/07/08 14:57:03.069, 1, 10, 57056, 97887
2026/07/08 14:57:03.083, 2, 11, 57058, 97887
2026/07/08 14:57:03.099, 3, 10, 57056, 97887
2026/07/08 14:57:03.114, 4, 0, 74582, 97887
2026/07/08 14:57:03.129, 5, 0, 74582, 97887
2026/07/08 14:57:03.144, 6, 0, 74582, 97887
2026/07/08 14:57:03.160, 7, 0, 74582, 97887
2026/07/08 14:57:04.175, 0, 11, 57060, 97887
2026/07/08 14:57:04.192, 1, 10, 57056, 97887
2026/07/08 14:57:04.205, 2, 11, 57058, 97887
2026/07/08 14:57:04.220, 3, 6, 57056, 97887
2026/07/08 14:57:04.234, 4, 0, 74582, 97887
2026/07/08 14:57:04.249, 5, 0, 74582, 97887
2026/07/08 14:57:04.265, 6, 0, 74582, 97887
2026/07/08 14:57:04.280, 7, 0, 74582, 97887
2026/07/08 14:57:05.293, 0, 11, 57060, 97887
2026/07/08 14:57:05.308, 1, 5, 57056, 97887
2026/07/08 14:57:05.322, 2, 10, 57058, 97887
2026/07/08 14:57:05.336, 3, 6, 57056, 97887
2026/07/08 14:57:05.348, 4, 100, 74582, 97887
2026/07/08 14:57:05.360, 5, 100, 74582, 97887
2026/07/08 14:57:05.368, 6, 97, 74582, 97887
2026/07/08 14:57:05.379, 7, 98, 74582, 97887
2026/07/08 14:57:06.390, 0, 10, 57060, 97887
2026/07/08 14:57:06.404, 1, 10, 57056, 97887
2026/07/08 14:57:06.416, 2, 6, 57058, 97887
2026/07/08 14:57:06.429, 3, 11, 57056, 97887
2026/07/08 14:57:06.441, 4, 100, 74582, 97887
2026/07/08 14:57:06.455, 5, 100, 74582, 97887
2026/07/08 14:57:06.467, 6, 98, 74582, 97887
2026/07/08 14:57:06.480, 7, 98, 74582, 97887
2026/07/08 14:57:07.493, 0, 6, 57060, 97887
2026/07/08 14:57:07.510, 1, 8, 57056, 97887
2026/07/08 14:57:07.524, 2, 5, 57058, 97887
2026/07/08 14:57:07.537, 3, 6, 57056, 97887
2026/07/08 14:57:07.552, 4, 100, 74584, 97887
2026/07/08 14:57:07.568, 5, 98, 74584, 97887
2026/07/08 14:57:07.581, 6, 98, 74584, 97887
2026/07/08 14:57:07.597, 7, 100, 74584, 97887
2026/07/08 14:57:08.612, 0, 5, 57060, 97887
2026/07/08 14:57:08.631, 1, 5, 57056, 97887
2026/07/08 14:57:08.648, 2, 6, 57058, 97887
2026/07/08 14:57:08.663, 3, 5, 57056, 97887
2026/07/08 14:57:08.679, 4, 0, 74584, 97887
2026/07/08 14:57:08.695, 5, 0, 74584, 97887
2026/07/08 14:57:08.711, 6, 0, 74584, 97887
2026/07/08 14:57:08.726, 7, 0, 74584, 97887
2026/07/08 14:57:09.744, 0, 100, 57060, 97887
2026/07/08 14:57:09.762, 1, 4, 57056, 97887
2026/07/08 14:57:09.778, 2, 5, 57058, 97887
2026/07/08 14:57:09.793, 3, 4, 57056, 97887
2026/07/08 14:57:09.807, 4, 0, 74584, 97887
2026/07/08 14:57:09.820, 5, 0, 74584, 97887
2026/07/08 14:57:09.829, 6, 0, 74584, 97887
2026/07/08 14:57:09.843, 7, 0, 74584, 97887
2026/07/08 14:57:10.859, 0, 0, 57056, 97887
2026/07/08 14:57:10.879, 1, 0, 52796, 97887
2026/07/08 14:57:10.903, 2, 0, 52476, 97887
2026/07/08 14:57:10.925, 3, 8, 51616, 97887
2026/07/08 14:57:10.945, 4, 0, 74584, 97887
2026/07/08 14:57:10.987, 5, 0, 74584, 97887
2026/07/08 14:57:11.018, 6, 0, 74584, 97887
2026/07/08 14:57:11.035, 7, 0, 74584, 97887
2026/07/08 14:57:12.055, 0, 4, 46820, 97887
2026/07/08 14:57:12.072, 1, 4, 46820, 97887
2026/07/08 14:57:12.088, 2, 4, 46820, 97887
2026/07/08 14:57:12.103, 3, 4, 46820, 97887
2026/07/08 14:57:12.118, 4, 0, 74584, 97887
2026/07/08 14:57:12.136, 5, 0, 74584, 97887
2026/07/08 14:57:12.154, 6, 0, 74584, 97887
2026/07/08 14:57:12.169, 7, 0, 74584, 97887
2026/07/08 14:57:13.186, 0, 4, 46826, 97887
2026/07/08 14:57:13.204, 1, 4, 46826, 97887
2026/07/08 14:57:13.221, 2, 4, 46826, 97887
2026/07/08 14:57:13.238, 3, 4, 46826, 97887
2026/07/08 14:57:13.253, 4, 0, 74584, 97887
2026/07/08 14:57:13.270, 5, 0, 74584, 97887
2026/07/08 14:57:13.286, 6, 0, 74584, 97887
2026/07/08 14:57:13.302, 7, 0, 74584, 97887
2026/07/08 14:57:14.319, 0, 4, 46830, 97887
2026/07/08 14:57:14.336, 1, 4, 46830, 97887
2026/07/08 14:57:14.352, 2, 4, 46830, 97887
2026/07/08 14:57:14.370, 3, 4, 46830, 97887
2026/07/08 14:57:14.388, 4, 0, 74584, 97887
2026/07/08 14:57:14.404, 5, 0, 74584, 97887
2026/07/08 14:57:14.422, 6, 0, 74584, 97887
2026/07/08 14:57:14.437, 7, 0, 74584, 97887
2026/07/08 14:57:15.453, 0, 4, 46836, 97887
2026/07/08 14:57:15.465, 1, 5, 46836, 97887
2026/07/08 14:57:15.477, 2, 4, 46836, 97887
2026/07/08 14:57:15.489, 3, 4, 46836, 97887
2026/07/08 14:57:15.503, 4, 0, 74584, 97887
2026/07/08 14:57:15.518, 5, 0, 74584, 97887
2026/07/08 14:57:15.532, 6, 0, 74584, 97887
2026/07/08 14:57:15.546, 7, 0, 74584, 97887
2026/07/08 14:57:16.561, 0, 4, 46842, 97887
2026/07/08 14:57:16.579, 1, 4, 46842, 97887
2026/07/08 14:57:16.597, 2, 4, 46842, 97887
2026/07/08 14:57:16.613, 3, 4, 46842, 97887
2026/07/08 14:57:16.629, 4, 0, 74584, 97887
2026/07/08 14:57:16.645, 5, 0, 74584, 97887
2026/07/08 14:57:16.660, 6, 0, 74584, 97887
2026/07/08 14:57:16.675, 7, 0, 74584, 97887
2026/07/08 14:57:17.692, 0, 4, 46848, 97887
2026/07/08 14:57:17.705, 1, 4, 46848, 97887
2026/07/08 14:57:17.719, 2, 4, 46848, 97887
2026/07/08 14:57:17.733, 3, 4, 46848, 97887
2026/07/08 14:57:17.745, 4, 0, 74584, 97887
2026/07/08 14:57:17.757, 5, 0, 74584, 97887
2026/07/08 14:57:17.765, 6, 0, 74584, 97887
2026/07/08 14:57:17.772, 7, 0, 74584, 97887
2026/07/08 14:57:18.781, 0, 4, 46852, 97887
2026/07/08 14:57:18.799, 1, 4, 46852, 97887
2026/07/08 14:57:18.816, 2, 4, 46852, 97887
2026/07/08 14:57:18.832, 3, 4, 46854, 97887
2026/07/08 14:57:18.848, 4, 0, 74584, 97887
2026/07/08 14:57:18.863, 5, 0, 74584, 97887
2026/07/08 14:57:18.878, 6, 0, 74584, 97887
2026/07/08 14:57:18.893, 7, 0, 74584, 97887
2026/07/08 14:57:19.907, 0, 0, 46876, 97887
2026/07/08 14:57:19.925, 1, 5, 46874, 97887
2026/07/08 14:57:19.943, 2, 8, 46876, 97887
2026/07/08 14:57:19.962, 3, 3, 46874, 97887
2026/07/08 14:57:19.980, 4, 100, 74584, 97887
2026/07/08 14:57:20.000, 5, 0, 74584, 97887
2026/07/08 14:57:20.018, 6, 96, 74584, 97887
2026/07/08 14:57:20.038, 7, 96, 74584, 97887
2026/07/08 14:57:21.053, 0, 0, 46878, 97887
2026/07/08 14:57:21.073, 1, 99, 46874, 97887
2026/07/08 14:57:21.092, 2, 42, 46876, 97887
2026/07/08 14:57:21.110, 3, 100, 46874, 97887
2026/07/08 14:57:21.126, 4, 91, 74584, 97887
2026/07/08 14:57:21.143, 5, 44, 74584, 97887
2026/07/08 14:57:21.159, 6, 93, 74586, 97887
2026/07/08 14:57:21.176, 7, 25, 74586, 97887
2026/07/08 14:57:22.195, 0, 0, 46878, 97887
2026/07/08 14:57:22.210, 1, 0, 46874, 97887
2026/07/08 14:57:22.227, 2, 0, 46876, 97887
2026/07/08 14:57:22.243, 3, 0, 46874, 97887
2026/07/08 14:57:22.259, 4, 7, 74586, 97887
2026/07/08 14:57:22.274, 5, 1, 74586, 97887
2026/07/08 14:57:22.289, 6, 94, 74586, 97887
2026/07/08 14:57:22.304, 7, 8, 74586, 97887
2026/07/08 14:57:23.320, 0, 6, 46878, 97887
2026/07/08 14:57:23.333, 1, 5, 46874, 97887
2026/07/08 14:57:23.344, 2, 5, 46876, 97887
2026/07/08 14:57:23.356, 3, 5, 46874, 97887
2026/07/08 14:57:23.368, 4, 2, 75144, 97887
2026/07/08 14:57:23.380, 5, 0, 75144, 97887
2026/07/08 14:57:23.391, 6, 100, 75144, 97887
2026/07/08 14:57:23.403, 7, 100, 74208, 97887
2026/07/08 14:57:24.417, 0, 5, 46878, 97887
2026/07/08 14:57:24.431, 1, 6, 46874, 97887
2026/07/08 14:57:24.444, 2, 4, 46876, 97887
2026/07/08 14:57:24.459, 3, 4, 46874, 97887
2026/07/08 14:57:24.469, 4, 87, 75126, 97887
2026/07/08 14:57:24.487, 5, 94, 75126, 97887
2026/07/08 14:57:24.500, 6, 100, 75032, 97887
2026/07/08 14:57:24.514, 7, 100, 74682, 97887
2026/07/08 14:57:25.528, 0, 6, 46878, 97887
2026/07/08 14:57:25.537, 1, 5, 46874, 97887
2026/07/08 14:57:25.546, 2, 5, 46876, 97887
2026/07/08 14:57:25.555, 3, 5, 46874, 97887
2026/07/08 14:57:25.568, 4, 92, 75104, 97887
2026/07/08 14:57:25.579, 5, 80, 75104, 97887
2026/07/08 14:57:25.588, 6, 47, 75098, 97887
2026/07/08 14:57:25.600, 7, 51, 75098, 97887
2026/07/08 14:57:26.613, 0, 5, 46878, 97887
2026/07/08 14:57:26.625, 1, 5, 46874, 97887
2026/07/08 14:57:26.635, 2, 5, 46876, 97887
2026/07/08 14:57:26.643, 3, 6, 46874, 97887
2026/07/08 14:57:26.656, 4, 89, 75080, 97887
2026/07/08 14:57:26.670, 5, 100, 75080, 97887
2026/07/08 14:57:26.682, 6, 100, 75068, 97887
2026/07/08 14:57:26.696, 7, 100, 75068, 97887
2026/07/08 14:57:27.710, 0, 5, 46878, 97887
2026/07/08 14:57:27.726, 1, 5, 46874, 97887
2026/07/08 14:57:27.740, 2, 5, 46876, 97887
2026/07/08 14:57:27.755, 3, 5, 46874, 97887
2026/07/08 14:57:27.769, 4, 100, 74874, 97887
2026/07/08 14:57:27.783, 5, 66, 74878, 97887
2026/07/08 14:57:27.796, 6, 95, 74900, 97887
2026/07/08 14:57:27.810, 7, 100, 74902, 97887
2026/07/08 14:57:28.824, 0, 5, 46878, 97887
2026/07/08 14:57:28.832, 1, 5, 46874, 97887
2026/07/08 14:57:28.841, 2, 5, 46876, 97887
2026/07/08 14:57:28.850, 3, 6, 46874, 97887
2026/07/08 14:57:28.857, 4, 40, 74974, 97887
2026/07/08 14:57:28.864, 5, 99, 74974, 97887
2026/07/08 14:57:28.870, 6, 88, 75186, 97887
2026/07/08 14:57:28.881, 7, 96, 75186, 97887
2026/07/08 14:57:29.892, 0, 0, 46878, 97887
2026/07/08 14:57:29.909, 1, 100, 46874, 97887
2026/07/08 14:57:29.922, 2, 100, 46876, 97887
2026/07/08 14:57:29.937, 3, 100, 46874, 97887
2026/07/08 14:57:29.955, 4, 86, 75034, 97887
2026/07/08 14:57:29.970, 5, 22, 75034, 97887
2026/07/08 14:57:29.986, 6, 49, 75034, 97887
2026/07/08 14:57:30.002, 7, 39, 75034, 97887
2026/07/08 14:57:31.013, 0, 4, 57094, 97887
2026/07/08 14:57:31.032, 1, 7, 57094, 97887
2026/07/08 14:57:31.048, 2, 4, 57094, 97887
2026/07/08 14:57:31.065, 3, 3, 57094, 97887
2026/07/08 14:57:31.080, 4, 15, 75064, 97887
2026/07/08 14:57:31.097, 5, 16, 75066, 97887
2026/07/08 14:57:31.113, 6, 11, 75102, 97887
2026/07/08 14:57:31.129, 7, 3, 75102, 97887
2026/07/08 14:57:32.147, 0, 4, 57100, 97887
2026/07/08 14:57:32.165, 1, 4, 57100, 97887
2026/07/08 14:57:32.178, 2, 4, 57100, 97887
2026/07/08 14:57:32.189, 3, 4, 57100, 97887
2026/07/08 14:57:32.204, 4, 63, 75116, 97887
2026/07/08 14:57:32.218, 5, 2, 75116, 97887
2026/07/08 14:57:32.233, 6, 30, 75138, 97887
2026/07/08 14:57:32.249, 7, 8, 75138, 97887
2026/07/08 14:57:33.264, 0, 4, 57106, 97887
2026/07/08 14:57:33.278, 1, 5, 57106, 97887
2026/07/08 14:57:33.290, 2, 4, 57106, 97887
2026/07/08 14:57:33.302, 3, 4, 57106, 97887
2026/07/08 14:57:33.314, 4, 42, 75168, 97887
2026/07/08 14:57:33.324, 5, 10, 75168, 97887
2026/07/08 14:57:33.334, 6, 1, 75190, 97887
2026/07/08 14:57:33.347, 7, 3, 75190, 97887
2026/07/08 14:57:34.359, 0, 4, 57110, 97887
2026/07/08 14:57:34.372, 1, 4, 57112, 97887
2026/07/08 14:57:34.383, 2, 4, 57112, 97887
2026/07/08 14:57:34.396, 3, 4, 57110, 97887
2026/07/08 14:57:34.408, 4, 47, 75220, 97887
2026/07/08 14:57:34.422, 5, 5, 75220, 97887
2026/07/08 14:57:34.437, 6, 5, 75238, 97887
2026/07/08 14:57:34.450, 7, 1, 75240, 97887
2026/07/08 14:57:35.465, 0, 2, 57116, 97887
2026/07/08 14:57:35.481, 1, 2, 57116, 97887
2026/07/08 14:57:35.496, 2, 2, 57116, 97887
2026/07/08 14:57:35.505, 3, 2, 57116, 97887
2026/07/08 14:57:35.513, 4, 1, 75268, 97887
2026/07/08 14:57:35.522, 5, 8, 75268, 97887
2026/07/08 14:57:35.535, 6, 43, 75286, 97887
2026/07/08 14:57:35.548, 7, 9, 75286, 97887
2026/07/08 14:57:36.561, 0, 4, 57122, 97887
2026/07/08 14:57:36.580, 1, 4, 57122, 97887
2026/07/08 14:57:36.596, 2, 4, 57122, 97887
2026/07/08 14:57:36.610, 3, 4, 57120, 97887
2026/07/08 14:57:36.625, 4, 21, 75316, 97887
2026/07/08 14:57:36.638, 5, 6, 75316, 97887
2026/07/08 14:57:36.650, 6, 0, 75320, 97887
2026/07/08 14:57:36.665, 7, 0, 75320, 97887
2026/07/08 14:57:37.679, 0, 4, 57126, 97887
2026/07/08 14:57:37.693, 1, 4, 57126, 97887
2026/07/08 14:57:37.706, 2, 4, 57126, 97887
2026/07/08 14:57:37.720, 3, 4, 57126, 97887
2026/07/08 14:57:37.734, 4, 0, 75320, 97887
2026/07/08 14:57:37.746, 5, 0, 75320, 97887
2026/07/08 14:57:37.757, 6, 0, 75320, 97887
2026/07/08 14:57:37.770, 7, 0, 75320, 97887
2026/07/08 14:57:38.785, 0, 4, 57132, 97887
2026/07/08 14:57:38.800, 1, 4, 57132, 97887
2026/07/08 14:57:38.814, 2, 4, 57132, 97887
2026/07/08 14:57:38.830, 3, 4, 57132, 97887
2026/07/08 14:57:38.846, 4, 0, 75320, 97887
2026/07/08 14:57:38.860, 5, 0, 75320, 97887
2026/07/08 14:57:38.875, 6, 0, 75320, 97887
2026/07/08 14:57:38.890, 7, 0, 75320, 97887
2026/07/08 14:57:39.903, 0, 6, 51456, 97887
2026/07/08 14:57:39.923, 1, 0, 52796, 97887
2026/07/08 14:57:39.944, 2, 7, 50856, 97887
2026/07/08 14:57:39.961, 3, 0, 57136, 97887
2026/07/08 14:57:39.980, 4, 0, 75344, 97887
2026/07/08 14:57:39.998, 5, 0, 75344, 97887
2026/07/08 14:57:40.017, 6, 0, 75344, 97887
2026/07/08 14:57:40.036, 7, 0, 75344, 97887
2026/07/08 14:57:41.054, 0, 0, 48096, 97887
2026/07/08 14:57:41.071, 1, 100, 48096, 97887
2026/07/08 14:57:41.087, 2, 0, 48096, 97887
2026/07/08 14:57:41.103, 3, 0, 48096, 97887
2026/07/08 14:57:41.119, 4, 0, 75364, 97887
2026/07/08 14:57:41.136, 5, 0, 75364, 97887
2026/07/08 14:57:41.152, 6, 0, 75364, 97887
2026/07/08 14:57:41.167, 7, 0, 75364, 97887
2026/07/08 14:57:42.183, 0, 0, 48096, 97887
2026/07/08 14:57:42.200, 1, 100, 48096, 97887
2026/07/08 14:57:42.217, 2, 0, 48096, 97887
2026/07/08 14:57:42.235, 3, 0, 48096, 97887
2026/07/08 14:57:42.251, 4, 0, 75364, 97887
2026/07/08 14:57:42.268, 5, 0, 75364, 97887
2026/07/08 14:57:42.284, 6, 0, 75364, 97887
2026/07/08 14:57:42.301, 7, 0, 75364, 97887
2026/07/08 14:57:43.318, 0, 63, 48704, 97887
2026/07/08 14:57:43.332, 1, 53, 48104, 97887
2026/07/08 14:57:43.345, 2, 98, 48104, 97887
2026/07/08 14:57:43.358, 3, 98, 48104, 97887
2026/07/08 14:57:43.372, 4, 42, 75970, 97887
2026/07/08 14:57:43.387, 5, 51, 75970, 97887
2026/07/08 14:57:43.404, 6, 62, 75970, 97887
2026/07/08 14:57:43.420, 7, 71, 75970, 97887
2026/07/08 14:57:44.435, 0, 71, 48704, 97887
2026/07/08 14:57:44.450, 1, 99, 48104, 97887
2026/07/08 14:57:44.465, 2, 97, 48104, 97887
2026/07/08 14:57:44.484, 3, 98, 48104, 97887
2026/07/08 14:57:44.498, 4, 47, 75970, 97887
2026/07/08 14:57:44.513, 5, 47, 75970, 97887
2026/07/08 14:57:44.527, 6, 65, 75970, 97887
2026/07/08 14:57:44.542, 7, 73, 75970, 97887
2026/07/08 14:57:45.556, 0, 69, 48704, 97887
2026/07/08 14:57:45.571, 1, 98, 48104, 97887
2026/07/08 14:57:45.585, 2, 98, 48104, 97887
2026/07/08 14:57:45.601, 3, 98, 48104, 97887
2026/07/08 14:57:45.616, 4, 45, 75970, 97887
2026/07/08 14:57:45.629, 5, 45, 75970, 97887
2026/07/08 14:57:45.642, 6, 61, 75970, 97887
2026/07/08 14:57:45.655, 7, 69, 75970, 97887
2026/07/08 14:57:46.668, 0, 53, 48704, 97887
2026/07/08 14:57:46.681, 1, 98, 48104, 97887
2026/07/08 14:57:46.693, 2, 98, 48104, 97887
2026/07/08 14:57:46.705, 3, 98, 48104, 97887
2026/07/08 14:57:46.720, 4, 62, 75970, 97887
2026/07/08 14:57:46.735, 5, 68, 75970, 97887
2026/07/08 14:57:46.750, 6, 40, 75970, 97887
2026/07/08 14:57:46.764, 7, 49, 75970, 97887
2026/07/08 14:57:47.780, 0, 66, 48704, 97887
2026/07/08 14:57:47.794, 1, 98, 48104, 97887
2026/07/08 14:57:47.807, 2, 98, 48104, 97887
2026/07/08 14:57:47.820, 3, 97, 48104, 97887
2026/07/08 14:57:47.834, 4, 44, 75970, 97887
2026/07/08 14:57:47.849, 5, 54, 75970, 97887
2026/07/08 14:57:47.864, 6, 58, 75970, 97887
2026/07/08 14:57:47.879, 7, 67, 75970, 97887
2026/07/08 14:57:48.894, 0, 64, 48704, 97887
2026/07/08 14:57:48.911, 1, 99, 48104, 97887
2026/07/08 14:57:48.928, 2, 97, 48104, 97887
2026/07/08 14:57:48.944, 3, 97, 48104, 97887
2026/07/08 14:57:48.959, 4, 58, 75970, 97887
2026/07/08 14:57:48.974, 5, 55, 75970, 97887
2026/07/08 14:57:48.988, 6, 75, 75970, 97887
2026/07/08 14:57:49.004, 7, 74, 75970, 97887
2026/07/08 14:57:50.020, 0, 64, 48704, 97887
2026/07/08 14:57:50.039, 1, 97, 48104, 97887
2026/07/08 14:57:50.049, 2, 98, 48104, 97887
2026/07/08 14:57:50.063, 3, 98, 48104, 97887
2026/07/08 14:57:50.076, 4, 65, 75970, 97887
2026/07/08 14:57:50.088, 5, 61, 75970, 97887
2026/07/08 14:57:50.102, 6, 75, 75970, 97887
2026/07/08 14:57:50.116, 7, 66, 75970, 97887
2026/07/08 14:57:51.132, 0, 51, 48704, 97887
2026/07/08 14:57:51.148, 1, 98, 48104, 97887
2026/07/08 14:57:51.158, 2, 98, 48104, 97887
2026/07/08 14:57:51.170, 3, 98, 48104, 97887
2026/07/08 14:57:51.182, 4, 65, 75370, 97887
2026/07/08 14:57:51.192, 5, 67, 75370, 97887
2026/07/08 14:57:51.204, 6, 47, 75370, 97887
2026/07/08 14:57:51.221, 7, 47, 75370, 97887
2026/07/08 14:57:52.237, 0, 0, 48704, 97887
2026/07/08 14:57:52.255, 1, 0, 48104, 97887
2026/07/08 14:57:52.272, 2, 0, 48104, 97887
2026/07/08 14:57:52.290, 3, 0, 48104, 97887
2026/07/08 14:57:52.309, 4, 0, 75370, 97887
2026/07/08 14:57:52.328, 5, 0, 75370, 97887
2026/07/08 14:57:52.346, 6, 0, 75370, 97887
2026/07/08 14:57:52.365, 7, 0, 75370, 97887
2026/07/08 14:57:53.384, 0, 0, 48704, 97887
2026/07/08 14:57:53.406, 1, 0, 48104, 97887
2026/07/08 14:57:53.426, 2, 0, 48104, 97887
2026/07/08 14:57:53.444, 3, 0, 48104, 97887
2026/07/08 14:57:53.460, 4, 0, 75370, 97887
2026/07/08 14:57:53.478, 5, 0, 75370, 97887
2026/07/08 14:57:53.497, 6, 0, 75370, 97887
2026/07/08 14:57:53.514, 7, 0, 75370, 97887
2026/07/08 14:57:54.532, 0, 0, 48704, 97887
2026/07/08 14:57:54.548, 1, 0, 48104, 97887
2026/07/08 14:57:54.561, 2, 0, 48104, 97887
2026/07/08 14:57:54.576, 3, 0, 48104, 97887
2026/07/08 14:57:54.588, 4, 0, 75370, 97887
2026/07/08 14:57:54.602, 5, 0, 75370, 97887
2026/07/08 14:57:54.615, 6, 87, 75376, 97887
2026/07/08 14:57:54.628, 7, 8, 75376, 97887
2026/07/08 14:57:55.641, 0, 0, 48704, 97887
2026/07/08 14:57:55.659, 1, 0, 48104, 97887
2026/07/08 14:57:55.675, 2, 0, 48104, 97887
2026/07/08 14:57:55.693, 3, 0, 48104, 97887
2026/07/08 14:57:55.710, 4, 0, 75370, 97887
2026/07/08 14:57:55.726, 5, 0, 75370, 97887
2026/07/08 14:57:55.740, 6, 0, 75376, 97887
2026/07/08 14:57:55.755, 7, 0, 75376, 97887
2026/07/08 14:57:56.771, 0, 0, 48704, 97887
2026/07/08 14:57:56.791, 1, 0, 48104, 97887
2026/07/08 14:57:56.810, 2, 0, 48104, 97887
2026/07/08 14:57:56.835, 3, 0, 48104, 97887
2026/07/08 14:57:56.855, 4, 0, 75370, 97887
2026/07/08 14:57:56.872, 5, 0, 75370, 97887
2026/07/08 14:57:56.886, 6, 0, 75376, 97887
2026/07/08 14:57:56.901, 7, 0, 75376, 97887
2026/07/08 14:57:57.912, 0, 0, 48704, 97887
2026/07/08 14:57:57.924, 1, 0, 48104, 97887
2026/07/08 14:57:57.940, 2, 0, 48104, 97887
2026/07/08 14:57:57.955, 3, 0, 48104, 97887
2026/07/08 14:57:57.966, 4, 0, 75370, 97887
2026/07/08 14:57:57.978, 5, 0, 75370, 97887
2026/07/08 14:57:57.990, 6, 0, 75376, 97887
2026/07/08 14:57:58.002, 7, 0, 75376, 97887
2026/07/08 14:57:59.013, 0, 0, 48704, 97887
2026/07/08 14:57:59.031, 1, 0, 48104, 97887
2026/07/08 14:57:59.048, 2, 0, 48104, 97887
2026/07/08 14:57:59.065, 3, 0, 48104, 97887
2026/07/08 14:57:59.083, 4, 0, 75370, 97887
2026/07/08 14:57:59.100, 5, 0, 75370, 97887
2026/07/08 14:57:59.118, 6, 0, 75376, 97887
2026/07/08 14:57:59.137, 7, 0, 75376, 97887
2026/07/08 14:58:00.155, 0, 0, 48704, 97887
2026/07/08 14:58:00.177, 1, 0, 48104, 97887
2026/07/08 14:58:00.198, 2, 0, 48104, 97887
2026/07/08 14:58:00.218, 3, 0, 48104, 97887
2026/07/08 14:58:00.237, 4, 0, 75370, 97887
2026/07/08 14:58:00.257, 5, 0, 75370, 97887
2026/07/08 14:58:00.277, 6, 0, 75376, 97887
2026/07/08 14:58:00.294, 7, 0, 75376, 97887
2026/07/08 14:58:01.312, 0, 0, 48704, 97887
2026/07/08 14:58:01.329, 1, 0, 48104, 97887
2026/07/08 14:58:01.349, 2, 0, 48104, 97887
2026/07/08 14:58:01.381, 3, 0, 48104, 97887
2026/07/08 14:58:01.393, 4, 0, 75370, 97887
2026/07/08 14:58:01.407, 5, 0, 75370, 97887
2026/07/08 14:58:01.425, 6, 0, 75376, 97887
2026/07/08 14:58:01.444, 7, 0, 75376, 97887
2026/07/08 14:58:02.462, 0, 0, 48704, 97887
2026/07/08 14:58:02.480, 1, 0, 48104, 97887
2026/07/08 14:58:02.497, 2, 0, 48104, 97887
2026/07/08 14:58:02.513, 3, 0, 48104, 97887
2026/07/08 14:58:02.524, 4, 0, 75370, 97887
2026/07/08 14:58:02.538, 5, 0, 75370, 97887
2026/07/08 14:58:02.548, 6, 0, 75376, 97887
2026/07/08 14:58:02.555, 7, 0, 75376, 97887
2026/07/08 14:58:03.562, 0, 0, 48704, 97887
2026/07/08 14:58:03.577, 1, 0, 48104, 97887
2026/07/08 14:58:03.593, 2, 0, 48104, 97887
2026/07/08 14:58:03.608, 3, 0, 48104, 97887
2026/07/08 14:58:03.627, 4, 0, 75370, 97887
2026/07/08 14:58:03.645, 5, 0, 75370, 97887
2026/07/08 14:58:03.663, 6, 0, 75376, 97887
2026/07/08 14:58:03.681, 7, 0, 75376, 97887
2026/07/08 14:58:04.696, 0, 0, 48704, 97887
2026/07/08 14:58:04.711, 1, 0, 48104, 97887
2026/07/08 14:58:04.724, 2, 0, 48104, 97887
2026/07/08 14:58:04.738, 3, 0, 48104, 97887
2026/07/08 14:58:04.752, 4, 0, 75370, 97887
2026/07/08 14:58:04.765, 5, 0, 75370, 97887
2026/07/08 14:58:04.780, 6, 0, 75376, 97887
2026/07/08 14:58:04.796, 7, 0, 75376, 97887
2026/07/08 14:58:05.811, 0, 0, 48704, 97887
2026/07/08 14:58:05.828, 1, 0, 48104, 97887
2026/07/08 14:58:05.845, 2, 0, 48104, 97887
2026/07/08 14:58:05.860, 3, 0, 48104, 97887
2026/07/08 14:58:05.876, 4, 0, 75370, 97887
2026/07/08 14:58:05.892, 5, 0, 75370, 97887
2026/07/08 14:58:05.907, 6, 0, 75376, 97887
2026/07/08 14:58:05.923, 7, 0, 75376, 97887
2026/07/08 14:58:06.934, 0, 0, 48704, 97887
2026/07/08 14:58:06.951, 1, 0, 48104, 97887
2026/07/08 14:58:06.968, 2, 0, 48104, 97887
2026/07/08 14:58:06.985, 3, 0, 48104, 97887
2026/07/08 14:58:07.000, 4, 0, 75370, 97887
2026/07/08 14:58:07.016, 5, 0, 75370, 97887
2026/07/08 14:58:07.028, 6, 0, 75376, 97887
2026/07/08 14:58:07.041, 7, 0, 75376, 97887
2026/07/08 14:58:08.057, 0, 0, 48704, 97887
2026/07/08 14:58:08.083, 1, 0, 48104, 97887
2026/07/08 14:58:08.097, 2, 0, 48104, 97887
2026/07/08 14:58:08.116, 3, 0, 48104, 97887
2026/07/08 14:58:08.133, 4, 0, 75370, 97887
2026/07/08 14:58:08.149, 5, 0, 75370, 97887
2026/07/08 14:58:08.165, 6, 0, 75376, 97887
2026/07/08 14:58:08.179, 7, 0, 75376, 97887
2026/07/08 14:58:09.203, 0, 0, 48704, 97887
2026/07/08 14:58:09.223, 1, 0, 48104, 97887
2026/07/08 14:58:09.241, 2, 0, 48104, 97887
2026/07/08 14:58:09.258, 3, 0, 48104, 97887
2026/07/08 14:58:09.273, 4, 0, 75370, 97887
2026/07/08 14:58:09.288, 5, 0, 75370, 97887
2026/07/08 14:58:09.306, 6, 0, 75376, 97887
2026/07/08 14:58:09.322, 7, 0, 75376, 97887
2026/07/08 14:58:10.339, 0, 0, 48704, 97887
2026/07/08 14:58:10.355, 1, 0, 48104, 97887
2026/07/08 14:58:10.371, 2, 0, 48104, 97887
2026/07/08 14:58:10.388, 3, 0, 48104, 97887
2026/07/08 14:58:10.405, 4, 0, 75370, 97887
2026/07/08 14:58:10.422, 5, 0, 75370, 97887
2026/07/08 14:58:10.438, 6, 0, 75376, 97887
2026/07/08 14:58:10.455, 7, 0, 75376, 97887
2026/07/08 14:58:11.471, 0, 0, 48704, 97887
2026/07/08 14:58:11.490, 1, 0, 48104, 97887
2026/07/08 14:58:11.506, 2, 0, 48104, 97887
2026/07/08 14:58:11.525, 3, 0, 48104, 97887
2026/07/08 14:58:11.540, 4, 0, 75370, 97887
2026/07/08 14:58:11.554, 5, 0, 75370, 97887
2026/07/08 14:58:11.572, 6, 0, 75376, 97887
2026/07/08 14:58:11.592, 7, 0, 75376, 97887
2026/07/08 14:58:12.610, 0, 0, 48704, 97887
2026/07/08 14:58:12.629, 1, 0, 48104, 97887
2026/07/08 14:58:12.647, 2, 0, 48104, 97887
2026/07/08 14:58:12.665, 3, 0, 48104, 97887
2026/07/08 14:58:12.682, 4, 0, 75370, 97887
2026/07/08 14:58:12.699, 5, 0, 75370, 97887
2026/07/08 14:58:12.714, 6, 0, 75376, 97887
2026/07/08 14:58:12.731, 7, 0, 75376, 97887
2026/07/08 14:58:13.745, 0, 0, 48704, 97887
2026/07/08 14:58:13.759, 1, 0, 48104, 97887
2026/07/08 14:58:13.776, 2, 0, 48104, 97887
2026/07/08 14:58:13.792, 3, 0, 48104, 97887
2026/07/08 14:58:13.808, 4, 0, 75370, 97887
2026/07/08 14:58:13.825, 5, 0, 75370, 97887
2026/07/08 14:58:13.843, 6, 0, 75376, 97887
2026/07/08 14:58:13.861, 7, 0, 75376, 97887
2026/07/08 14:58:14.880, 0, 0, 48704, 97887
2026/07/08 14:58:14.897, 1, 0, 48104, 97887
2026/07/08 14:58:14.915, 2, 0, 48104, 97887
2026/07/08 14:58:14.933, 3, 0, 48104, 97887
2026/07/08 14:58:14.951, 4, 0, 75370, 97887
2026/07/08 14:58:14.968, 5, 0, 75370, 97887
2026/07/08 14:58:14.984, 6, 0, 75376, 97887
2026/07/08 14:58:15.001, 7, 0, 75376, 97887
2026/07/08 14:58:16.017, 0, 0, 48704, 97887
2026/07/08 14:58:16.034, 1, 0, 48104, 97887
2026/07/08 14:58:16.054, 2, 0, 48104, 97887
2026/07/08 14:58:16.072, 3, 0, 48104, 97887
2026/07/08 14:58:16.089, 4, 0, 75370, 97887
2026/07/08 14:58:16.106, 5, 0, 75370, 97887
2026/07/08 14:58:16.123, 6, 0, 75376, 97887
2026/07/08 14:58:16.140, 7, 0, 75376, 97887
2026/07/08 14:58:17.158, 0, 0, 48704, 97887
2026/07/08 14:58:17.177, 1, 0, 48104, 97887
2026/07/08 14:58:17.195, 2, 0, 48104, 97887
2026/07/08 14:58:17.206, 3, 0, 48104, 97887
2026/07/08 14:58:17.221, 4, 0, 75370, 97887
2026/07/08 14:58:17.237, 5, 0, 75370, 97887
2026/07/08 14:58:17.252, 6, 0, 75376, 97887
2026/07/08 14:58:17.267, 7, 0, 75376, 97887
2026/07/08 14:58:18.280, 0, 0, 48704, 97887
2026/07/08 14:58:18.293, 1, 0, 48104, 97887
2026/07/08 14:58:18.305, 2, 0, 48104, 97887
2026/07/08 14:58:18.319, 3, 0, 48104, 97887
2026/07/08 14:58:18.335, 4, 0, 75370, 97887
2026/07/08 14:58:18.346, 5, 0, 75370, 97887
2026/07/08 14:58:18.359, 6, 0, 75376, 97887
2026/07/08 14:58:18.371, 7, 0, 75376, 97887
2026/07/08 14:58:19.382, 0, 0, 48704, 97887
2026/07/08 14:58:19.397, 1, 0, 48104, 97887
2026/07/08 14:58:19.413, 2, 0, 48104, 97887
2026/07/08 14:58:19.430, 3, 0, 48104, 97887
2026/07/08 14:58:19.442, 4, 0, 75370, 97887
2026/07/08 14:58:19.453, 5, 0, 75370, 97887
2026/07/08 14:58:19.466, 6, 0, 75376, 97887
2026/07/08 14:58:19.485, 7, 0, 75376, 97887
2026/07/08 14:58:20.504, 0, 0, 48704, 97887
2026/07/08 14:58:20.521, 1, 0, 48104, 97887
2026/07/08 14:58:20.542, 2, 0, 48104, 97887
2026/07/08 14:58:20.562, 3, 0, 48104, 97887
2026/07/08 14:58:20.582, 4, 0, 75370, 97887
2026/07/08 14:58:20.603, 5, 0, 75370, 97887
2026/07/08 14:58:20.621, 6, 0, 75376, 97887
2026/07/08 14:58:20.638, 7, 0, 75376, 97887
2026/07/08 14:58:21.655, 0, 0, 48704, 97887
2026/07/08 14:58:21.671, 1, 0, 48104, 97887
2026/07/08 14:58:21.684, 2, 0, 48104, 97887
2026/07/08 14:58:21.699, 3, 0, 48104, 97887
2026/07/08 14:58:21.713, 4, 0, 75370, 97887
2026/07/08 14:58:21.727, 5, 0, 75370, 97887
2026/07/08 14:58:21.741, 6, 0, 75376, 97887
2026/07/08 14:58:21.753, 7, 0, 75376, 97887
2026/07/08 14:58:22.766, 0, 0, 48704, 97887
2026/07/08 14:58:22.781, 1, 0, 48104, 97887
2026/07/08 14:58:22.796, 2, 0, 48104, 97887
2026/07/08 14:58:22.811, 3, 0, 48104, 97887
2026/07/08 14:58:22.826, 4, 0, 75370, 97887
2026/07/08 14:58:22.837, 5, 0, 75370, 97887
2026/07/08 14:58:22.850, 6, 0, 75376, 97887
2026/07/08 14:58:22.864, 7, 0, 75376, 97887
2026/07/08 14:58:23.879, 0, 0, 48704, 97887
2026/07/08 14:58:23.899, 1, 0, 48104, 97887
2026/07/08 14:58:23.916, 2, 0, 48104, 97887
2026/07/08 14:58:23.930, 3, 0, 48104, 97887
2026/07/08 14:58:23.945, 4, 0, 75370, 97887
2026/07/08 14:58:23.960, 5, 0, 75370, 97887
2026/07/08 14:58:23.976, 6, 0, 75376, 97887
2026/07/08 14:58:23.991, 7, 0, 75376, 97887
2026/07/08 14:58:25.008, 0, 0, 48704, 97887
2026/07/08 14:58:25.024, 1, 0, 48104, 97887
2026/07/08 14:58:25.040, 2, 0, 48104, 97887
2026/07/08 14:58:25.053, 3, 0, 48104, 97887
2026/07/08 14:58:25.069, 4, 0, 75370, 97887
2026/07/08 14:58:25.086, 5, 0, 75370, 97887
2026/07/08 14:58:25.100, 6, 0, 75376, 97887
2026/07/08 14:58:25.115, 7, 0, 75376, 97887
2026/07/08 14:58:26.129, 0, 0, 48704, 97887
2026/07/08 14:58:26.145, 1, 0, 48104, 97887
2026/07/08 14:58:26.156, 2, 0, 48104, 97887
2026/07/08 14:58:26.167, 3, 0, 48104, 97887
2026/07/08 14:58:26.182, 4, 0, 75370, 97887
2026/07/08 14:58:26.197, 5, 0, 75370, 97887
2026/07/08 14:58:26.207, 6, 0, 75376, 97887
2026/07/08 14:58:26.215, 7, 0, 75376, 97887
2026/07/08 14:58:27.226, 0, 0, 48704, 97887
2026/07/08 14:58:27.245, 1, 0, 48104, 97887
2026/07/08 14:58:27.258, 2, 0, 48104, 97887
2026/07/08 14:58:27.273, 3, 0, 48104, 97887
2026/07/08 14:58:27.286, 4, 0, 75370, 97887
2026/07/08 14:58:27.302, 5, 0, 75370, 97887
2026/07/08 14:58:27.316, 6, 0, 75376, 97887
2026/07/08 14:58:27.330, 7, 0, 75376, 97887
2026/07/08 14:58:28.344, 0, 0, 48704, 97887
2026/07/08 14:58:28.360, 1, 0, 48104, 97887
2026/07/08 14:58:28.376, 2, 0, 48104, 97887
2026/07/08 14:58:28.393, 3, 0, 48104, 97887
2026/07/08 14:58:28.409, 4, 0, 75370, 97887
2026/07/08 14:58:28.425, 5, 0, 75370, 97887
2026/07/08 14:58:28.440, 6, 0, 75376, 97887
2026/07/08 14:58:28.459, 7, 0, 75376, 97887
2026/07/08 14:58:29.476, 0, 0, 48704, 97887
2026/07/08 14:58:29.495, 1, 0, 48104, 97887
2026/07/08 14:58:29.514, 2, 0, 48104, 97887
2026/07/08 14:58:29.532, 3, 0, 48104, 97887
2026/07/08 14:58:29.546, 4, 0, 75370, 97887
2026/07/08 14:58:29.566, 5, 0, 75370, 97887
2026/07/08 14:58:29.585, 6, 0, 75376, 97887
2026/07/08 14:58:29.604, 7, 0, 75376, 97887
2026/07/08 14:58:30.624, 0, 0, 48704, 97887
2026/07/08 14:58:30.638, 1, 0, 48104, 97887
2026/07/08 14:58:30.653, 2, 0, 48104, 97887
2026/07/08 14:58:30.669, 3, 0, 48104, 97887
2026/07/08 14:58:30.687, 4, 0, 75370, 97887
2026/07/08 14:58:30.706, 5, 0, 75370, 97887
2026/07/08 14:58:30.724, 6, 0, 75376, 97887
2026/07/08 14:58:30.742, 7, 0, 75376, 97887
2026/07/08 14:58:31.758, 0, 0, 48704, 97887
2026/07/08 14:58:31.776, 1, 0, 48104, 97887
2026/07/08 14:58:31.794, 2, 0, 48104, 97887
2026/07/08 14:58:31.812, 3, 0, 48104, 97887
2026/07/08 14:58:31.830, 4, 0, 75370, 97887
2026/07/08 14:58:31.845, 5, 0, 75370, 97887
2026/07/08 14:58:31.861, 6, 0, 75376, 97887
2026/07/08 14:58:31.878, 7, 0, 75376, 97887
2026/07/08 14:58:32.896, 0, 0, 48704, 97887
2026/07/08 14:58:32.912, 1, 0, 48104, 97887
2026/07/08 14:58:32.927, 2, 0, 48104, 97887
2026/07/08 14:58:32.941, 3, 0, 48104, 97887
2026/07/08 14:58:32.949, 4, 0, 75370, 97887
2026/07/08 14:58:32.955, 5, 0, 75370, 97887
2026/07/08 14:58:32.960, 6, 0, 75376, 97887
2026/07/08 14:58:32.972, 7, 0, 75376, 97887
2026/07/08 14:58:33.983, 0, 0, 48704, 97887
2026/07/08 14:58:34.004, 1, 0, 48104, 97887
2026/07/08 14:58:34.019, 2, 0, 48104, 97887
2026/07/08 14:58:34.035, 3, 0, 48104, 97887
2026/07/08 14:58:34.051, 4, 0, 75370, 97887
2026/07/08 14:58:34.064, 5, 0, 75370, 97887
2026/07/08 14:58:34.073, 6, 0, 75376, 97887
2026/07/08 14:58:34.083, 7, 0, 75376, 97887
2026/07/08 14:58:35.098, 0, 0, 48704, 97887
2026/07/08 14:58:35.118, 1, 0, 48104, 97887
2026/07/08 14:58:35.135, 2, 0, 48104, 97887
2026/07/08 14:58:35.154, 3, 0, 48104, 97887
2026/07/08 14:58:35.172, 4, 0, 75370, 97887
2026/07/08 14:58:35.190, 5, 0, 75370, 97887
2026/07/08 14:58:35.209, 6, 0, 75376, 97887
2026/07/08 14:58:35.231, 7, 0, 75376, 97887
2026/07/08 14:58:36.249, 0, 0, 48704, 97887
2026/07/08 14:58:36.269, 1, 0, 48104, 97887
2026/07/08 14:58:36.286, 2, 0, 48104, 97887
2026/07/08 14:58:36.304, 3, 0, 48104, 97887
2026/07/08 14:58:36.320, 4, 0, 75370, 97887
2026/07/08 14:58:36.333, 5, 0, 75370, 97887
2026/07/08 14:58:36.348, 6, 0, 75376, 97887
2026/07/08 14:58:36.361, 7, 0, 75376, 97887
2026/07/08 14:58:37.376, 0, 0, 48704, 97887
2026/07/08 14:58:37.396, 1, 0, 48104, 97887
2026/07/08 14:58:37.413, 2, 0, 48104, 97887
2026/07/08 14:58:37.431, 3, 0, 48104, 97887
2026/07/08 14:58:37.446, 4, 0, 75370, 97887
2026/07/08 14:58:37.462, 5, 0, 75370, 97887
2026/07/08 14:58:37.475, 6, 0, 75376, 97887
2026/07/08 14:58:37.489, 7, 0, 75376, 97887
2026/07/08 14:58:38.505, 0, 0, 48704, 97887
2026/07/08 14:58:38.526, 1, 0, 48104, 97887
2026/07/08 14:58:38.542, 2, 0, 48104, 97887
2026/07/08 14:58:38.562, 3, 0, 48104, 97887
2026/07/08 14:58:38.580, 4, 0, 75370, 97887
2026/07/08 14:58:38.596, 5, 0, 75370, 97887
2026/07/08 14:58:38.615, 6, 0, 75376, 97887
2026/07/08 14:58:38.635, 7, 0, 75376, 97887
2026/07/08 14:58:39.653, 0, 0, 48704, 97887
2026/07/08 14:58:39.672, 1, 0, 48104, 97887
2026/07/08 14:58:39.690, 2, 0, 48104, 97887
2026/07/08 14:58:39.708, 3, 0, 48104, 97887
2026/07/08 14:58:39.725, 4, 0, 75370, 97887
2026/07/08 14:58:39.742, 5, 0, 75370, 97887
2026/07/08 14:58:39.760, 6, 0, 75376, 97887
2026/07/08 14:58:39.777, 7, 0, 75376, 97887
2026/07/08 14:58:40.795, 0, 0, 48704, 97887
2026/07/08 14:58:40.814, 1, 0, 48104, 97887
2026/07/08 14:58:40.834, 2, 0, 48104, 97887
2026/07/08 14:58:40.856, 3, 0, 48104, 97887
2026/07/08 14:58:40.876, 4, 0, 75370, 97887
2026/07/08 14:58:40.894, 5, 0, 75370, 97887
2026/07/08 14:58:40.916, 6, 0, 75376, 97887
2026/07/08 14:58:40.941, 7, 0, 75376, 97887
2026/07/08 14:58:41.961, 0, 0, 48704, 97887
2026/07/08 14:58:41.976, 1, 0, 48104, 97887
2026/07/08 14:58:41.995, 2, 0, 48104, 97887
2026/07/08 14:58:42.013, 3, 0, 48104, 97887
2026/07/08 14:58:42.032, 4, 0, 75370, 97887
2026/07/08 14:58:42.048, 5, 0, 75370, 97887
2026/07/08 14:58:42.065, 6, 0, 75376, 97887
2026/07/08 14:58:42.084, 7, 0, 75376, 97887
2026/07/08 14:58:43.102, 0, 0, 48704, 97887
2026/07/08 14:58:43.123, 1, 0, 48104, 97887
2026/07/08 14:58:43.143, 2, 0, 48104, 97887
2026/07/08 14:58:43.162, 3, 0, 48104, 97887
2026/07/08 14:58:43.180, 4, 0, 75370, 97887
2026/07/08 14:58:43.199, 5, 0, 75370, 97887
2026/07/08 14:58:43.215, 6, 0, 75376, 97887
2026/07/08 14:58:43.234, 7, 0, 75376, 97887
2026/07/08 14:58:44.254, 0, 0, 48704, 97887
2026/07/08 14:58:44.269, 1, 0, 48104, 97887
2026/07/08 14:58:44.285, 2, 0, 48104, 97887
2026/07/08 14:58:44.302, 3, 0, 48104, 97887
2026/07/08 14:58:44.318, 4, 0, 75370, 97887
2026/07/08 14:58:44.332, 5, 0, 75370, 97887
2026/07/08 14:58:44.343, 6, 100, 75408, 97887
2026/07/08 14:58:44.353, 7, 87, 75408, 97887
2026/07/08 14:58:45.369, 0, 0, 48704, 97887
2026/07/08 14:58:45.384, 1, 0, 48104, 97887
2026/07/08 14:58:45.400, 2, 0, 48104, 97887
2026/07/08 14:58:45.413, 3, 0, 48104, 97887
2026/07/08 14:58:45.428, 4, 0, 75370, 97887
2026/07/08 14:58:45.445, 5, 0, 75370, 97887
2026/07/08 14:58:45.456, 6, 34, 75408, 97887
2026/07/08 14:58:45.472, 7, 22, 75408, 97887
2026/07/08 14:58:46.487, 0, 0, 48704, 97887
2026/07/08 14:58:46.506, 1, 0, 48104, 97887
2026/07/08 14:58:46.523, 2, 0, 48104, 97887
2026/07/08 14:58:46.539, 3, 0, 48104, 97887
2026/07/08 14:58:46.556, 4, 0, 75370, 97887
2026/07/08 14:58:46.575, 5, 0, 75370, 97887
2026/07/08 14:58:46.594, 6, 67, 75408, 97887
2026/07/08 14:58:46.611, 7, 20, 75408, 97887
2026/07/08 14:58:47.627, 0, 0, 48704, 97887
2026/07/08 14:58:47.646, 1, 0, 48104, 97887
2026/07/08 14:58:47.660, 2, 0, 48104, 97887
2026/07/08 14:58:47.675, 3, 0, 48104, 97887
2026/07/08 14:58:47.694, 4, 0, 75370, 97887
2026/07/08 14:58:47.712, 5, 0, 75370, 97887
2026/07/08 14:58:47.728, 6, 64, 75410, 97887
2026/07/08 14:58:47.745, 7, 31, 75410, 97887
2026/07/08 14:58:48.762, 0, 0, 48704, 97887
2026/07/08 14:58:48.781, 1, 0, 48104, 97887
2026/07/08 14:58:48.799, 2, 0, 48104, 97887
2026/07/08 14:58:48.817, 3, 0, 48104, 97887
2026/07/08 14:58:48.835, 4, 0, 75370, 97887
2026/07/08 14:58:48.852, 5, 0, 75370, 97887
2026/07/08 14:58:48.872, 6, 18, 75410, 97887
2026/07/08 14:58:48.889, 7, 0, 75410, 97887
2026/07/08 14:58:49.907, 0, 0, 48704, 97887
2026/07/08 14:58:49.924, 1, 0, 48104, 97887
2026/07/08 14:58:49.942, 2, 0, 48104, 97887
2026/07/08 14:58:49.958, 3, 0, 48104, 97887
2026/07/08 14:58:49.974, 4, 0, 75370, 97887
2026/07/08 14:58:49.989, 5, 0, 75370, 97887
2026/07/08 14:58:50.004, 6, 90, 75410, 97887
2026/07/08 14:58:50.020, 7, 22, 75410, 97887
2026/07/08 14:58:51.038, 0, 0, 48704, 97887
2026/07/08 14:58:51.058, 1, 0, 48104, 97887
2026/07/08 14:58:51.077, 2, 0, 48104, 97887
2026/07/08 14:58:51.094, 3, 0, 48104, 97887
2026/07/08 14:58:51.110, 4, 0, 75370, 97887
2026/07/08 14:58:51.128, 5, 0, 75370, 97887
2026/07/08 14:58:51.146, 6, 93, 75410, 97887
2026/07/08 14:58:51.165, 7, 18, 75410, 97887
2026/07/08 14:58:52.182, 0, 0, 48704, 97887
2026/07/08 14:58:52.202, 1, 0, 48104, 97887
2026/07/08 14:58:52.221, 2, 0, 48104, 97887
2026/07/08 14:58:52.241, 3, 0, 48104, 97887
2026/07/08 14:58:52.258, 4, 0, 75370, 97887
2026/07/08 14:58:52.276, 5, 0, 75370, 97887
2026/07/08 14:58:52.293, 6, 90, 75410, 97887
2026/07/08 14:58:52.309, 7, 18, 75410, 97887
2026/07/08 14:58:53.326, 0, 0, 48704, 97887
2026/07/08 14:58:53.345, 1, 0, 48104, 97887
2026/07/08 14:58:53.363, 2, 0, 48104, 97887
2026/07/08 14:58:53.381, 3, 0, 48104, 97887
2026/07/08 14:58:53.400, 4, 0, 75370, 97887
2026/07/08 14:58:53.419, 5, 0, 75370, 97887
2026/07/08 14:58:53.436, 6, 81, 75410, 97887
2026/07/08 14:58:53.452, 7, 18, 75410, 97887
2026/07/08 14:58:54.468, 0, 0, 48704, 97887
2026/07/08 14:58:54.486, 1, 0, 48104, 97887
2026/07/08 14:58:54.502, 2, 0, 48104, 97887
2026/07/08 14:58:54.517, 3, 0, 48104, 97887
2026/07/08 14:58:54.533, 4, 0, 75370, 97887
2026/07/08 14:58:54.551, 5, 0, 75370, 97887
2026/07/08 14:58:54.567, 6, 92, 75410, 97887
2026/07/08 14:58:54.585, 7, 7, 75410, 97887
2026/07/08 14:58:55.602, 0, 0, 48704, 97887
2026/07/08 14:58:55.617, 1, 0, 48104, 97887
2026/07/08 14:58:55.631, 2, 0, 48104, 97887
2026/07/08 14:58:55.644, 3, 0, 48104, 97887
2026/07/08 14:58:55.657, 4, 0, 75370, 97887
2026/07/08 14:58:55.669, 5, 0, 75370, 97887
2026/07/08 14:58:55.683, 6, 0, 75410, 97887
2026/07/08 14:58:55.690, 7, 0, 75410, 97887
2026/07/08 14:58:56.701, 0, 0, 48704, 97887
2026/07/08 14:58:56.718, 1, 0, 48104, 97887
2026/07/08 14:58:56.735, 2, 0, 48104, 97887
2026/07/08 14:58:56.754, 3, 0, 48104, 97887
2026/07/08 14:58:56.769, 4, 0, 75370, 97887
2026/07/08 14:58:56.785, 5, 0, 75370, 97887
2026/07/08 14:58:56.803, 6, 96, 75410, 97887
2026/07/08 14:58:56.822, 7, 20, 75410, 97887
2026/07/08 14:58:57.841, 0, 0, 48704, 97887
2026/07/08 14:58:57.858, 1, 0, 48104, 97887
2026/07/08 14:58:57.873, 2, 0, 48104, 97887
2026/07/08 14:58:57.888, 3, 0, 48104, 97887
2026/07/08 14:58:57.901, 4, 0, 75370, 97887
2026/07/08 14:58:57.916, 5, 0, 75370, 97887
2026/07/08 14:58:57.931, 6, 94, 75410, 97887
2026/07/08 14:58:57.945, 7, 24, 75410, 97887
2026/07/08 14:58:58.961, 0, 0, 48704, 97887
2026/07/08 14:58:58.977, 1, 0, 48104, 97887
2026/07/08 14:58:58.993, 2, 0, 48104, 97887
2026/07/08 14:58:59.006, 3, 0, 48104, 97887
2026/07/08 14:58:59.023, 4, 0, 75370, 97887
2026/07/08 14:58:59.037, 5, 0, 75370, 97887
2026/07/08 14:58:59.052, 6, 95, 75410, 97887
2026/07/08 14:58:59.067, 7, 23, 75410, 97887
2026/07/08 14:59:00.082, 0, 0, 48704, 97887
2026/07/08 14:59:00.100, 1, 0, 48104, 97887
2026/07/08 14:59:00.116, 2, 0, 48104, 97887
2026/07/08 14:59:00.131, 3, 0, 48104, 97887
2026/07/08 14:59:00.146, 4, 0, 75370, 97887
2026/07/08 14:59:00.162, 5, 0, 75370, 97887
2026/07/08 14:59:00.178, 6, 84, 75410, 97887
2026/07/08 14:59:00.192, 7, 21, 75410, 97887
2026/07/08 14:59:01.208, 0, 0, 48704, 97887
2026/07/08 14:59:01.222, 1, 0, 48104, 97887
2026/07/08 14:59:01.235, 2, 0, 48104, 97887
2026/07/08 14:59:01.250, 3, 0, 48104, 97887
2026/07/08 14:59:01.266, 4, 0, 75370, 97887
2026/07/08 14:59:01.280, 5, 0, 75370, 97887
2026/07/08 14:59:01.294, 6, 90, 75410, 97887
2026/07/08 14:59:01.309, 7, 19, 75410, 97887
2026/07/08 14:59:02.325, 0, 0, 48704, 97887
2026/07/08 14:59:02.343, 1, 0, 48104, 97887
2026/07/08 14:59:02.361, 2, 0, 48104, 97887
2026/07/08 14:59:02.378, 3, 0, 48104, 97887
2026/07/08 14:59:02.396, 4, 0, 75370, 97887
2026/07/08 14:59:02.413, 5, 0, 75370, 97887
2026/07/08 14:59:02.431, 6, 86, 75410, 97887
2026/07/08 14:59:02.447, 7, 18, 75410, 97887
2026/07/08 14:59:03.464, 0, 0, 48704, 97887
2026/07/08 14:59:03.481, 1, 0, 48104, 97887
2026/07/08 14:59:03.498, 2, 0, 48104, 97887
2026/07/08 14:59:03.515, 3, 0, 48104, 97887
2026/07/08 14:59:03.531, 4, 0, 75370, 97887
2026/07/08 14:59:03.547, 5, 0, 75370, 97887
2026/07/08 14:59:03.565, 6, 80, 75410, 97887
2026/07/08 14:59:03.584, 7, 19, 75410, 97887
2026/07/08 14:59:04.601, 0, 0, 48704, 97887
2026/07/08 14:59:04.619, 1, 0, 48104, 97887
2026/07/08 14:59:04.634, 2, 0, 48104, 97887
2026/07/08 14:59:04.650, 3, 0, 48104, 97887
2026/07/08 14:59:04.667, 4, 0, 75370, 97887
2026/07/08 14:59:04.685, 5, 0, 75370, 97887
2026/07/08 14:59:04.700, 6, 95, 75410, 97887
2026/07/08 14:59:04.712, 7, 25, 75410, 97887
2026/07/08 14:59:05.730, 0, 0, 48704, 97887
2026/07/08 14:59:05.747, 1, 0, 48104, 97887
2026/07/08 14:59:05.764, 2, 0, 48104, 97887
2026/07/08 14:59:05.782, 3, 0, 48104, 97887
2026/07/08 14:59:05.795, 4, 0, 75370, 97887
2026/07/08 14:59:05.813, 5, 0, 75370, 97887
2026/07/08 14:59:05.830, 6, 89, 75410, 97887
2026/07/08 14:59:05.846, 7, 18, 75410, 97887
2026/07/08 14:59:06.864, 0, 0, 48704, 97887
2026/07/08 14:59:06.879, 1, 0, 48104, 97887
2026/07/08 14:59:06.894, 2, 0, 48104, 97887
2026/07/08 14:59:06.912, 3, 0, 48104, 97887
2026/07/08 14:59:06.928, 4, 0, 75370, 97887
2026/07/08 14:59:06.944, 5, 0, 75370, 97887
2026/07/08 14:59:06.961, 6, 91, 75410, 97887
2026/07/08 14:59:06.978, 7, 25, 75410, 97887
2026/07/08 14:59:07.995, 0, 0, 48704, 97887
2026/07/08 14:59:08.011, 1, 0, 48104, 97887
2026/07/08 14:59:08.041, 2, 0, 48104, 97887
2026/07/08 14:59:08.062, 3, 0, 48104, 97887
2026/07/08 14:59:08.076, 4, 0, 75370, 97887
2026/07/08 14:59:08.096, 5, 0, 75370, 97887
2026/07/08 14:59:08.113, 6, 96, 75410, 97887
2026/07/08 14:59:08.130, 7, 18, 75410, 97887
2026/07/08 14:59:09.147, 0, 0, 48704, 97887
2026/07/08 14:59:09.166, 1, 0, 48104, 97887
2026/07/08 14:59:09.181, 2, 0, 48104, 97887
2026/07/08 14:59:09.198, 3, 0, 48104, 97887
2026/07/08 14:59:09.214, 4, 0, 75370, 97887
2026/07/08 14:59:09.233, 5, 0, 75370, 97887
2026/07/08 14:59:09.253, 6, 93, 75410, 97887
2026/07/08 14:59:09.271, 7, 18, 75410, 97887
2026/07/08 14:59:10.290, 0, 0, 48704, 97887
2026/07/08 14:59:10.309, 1, 0, 48104, 97887
2026/07/08 14:59:10.324, 2, 0, 48104, 97887
2026/07/08 14:59:10.341, 3, 0, 48104, 97887
2026/07/08 14:59:10.356, 4, 0, 75370, 97887
2026/07/08 14:59:10.374, 5, 0, 75370, 97887
2026/07/08 14:59:10.389, 6, 93, 75410, 97887
2026/07/08 14:59:10.401, 7, 18, 75410, 97887
2026/07/08 14:59:11.417, 0, 0, 48704, 97887
2026/07/08 14:59:11.437, 1, 0, 48104, 97887
2026/07/08 14:59:11.470, 2, 0, 48104, 97887
2026/07/08 14:59:11.486, 3, 0, 48104, 97887
2026/07/08 14:59:11.502, 4, 0, 75370, 97887
2026/07/08 14:59:11.523, 5, 0, 75370, 97887
2026/07/08 14:59:11.539, 6, 92, 75410, 97887
2026/07/08 14:59:11.555, 7, 16, 75410, 97887
2026/07/08 14:59:12.572, 0, 0, 48704, 97887
2026/07/08 14:59:12.582, 1, 0, 48104, 97887
2026/07/08 14:59:12.591, 2, 0, 48104, 97887
2026/07/08 14:59:12.607, 3, 0, 48104, 97887
2026/07/08 14:59:12.623, 4, 0, 75370, 97887
2026/07/08 14:59:12.639, 5, 0, 75370, 97887
2026/07/08 14:59:12.654, 6, 91, 75410, 97887
2026/07/08 14:59:12.671, 7, 16, 75410, 97887
2026/07/08 14:59:13.687, 0, 0, 48704, 97887
2026/07/08 14:59:13.706, 1, 0, 48104, 97887
2026/07/08 14:59:13.720, 2, 0, 48104, 97887
2026/07/08 14:59:13.741, 3, 0, 48104, 97887
2026/07/08 14:59:13.763, 4, 0, 75370, 97887
2026/07/08 14:59:13.784, 5, 0, 75370, 97887
2026/07/08 14:59:13.803, 6, 81, 75410, 97887
2026/07/08 14:59:13.827, 7, 18, 75410, 97887
2026/07/08 14:59:14.846, 0, 0, 48704, 97887
2026/07/08 14:59:14.861, 1, 0, 48104, 97887
2026/07/08 14:59:14.875, 2, 0, 48104, 97887
2026/07/08 14:59:14.890, 3, 0, 48104, 97887
2026/07/08 14:59:14.905, 4, 0, 75370, 97887
2026/07/08 14:59:14.918, 5, 0, 75370, 97887
2026/07/08 14:59:14.928, 6, 87, 75410, 97887
2026/07/08 14:59:14.938, 7, 19, 75410, 97887
2026/07/08 14:59:15.952, 0, 0, 48704, 97887
2026/07/08 14:59:15.969, 1, 0, 48104, 97887
2026/07/08 14:59:15.983, 2, 0, 48104, 97887
2026/07/08 14:59:16.000, 3, 0, 48104, 97887
2026/07/08 14:59:16.015, 4, 0, 75370, 97887
2026/07/08 14:59:16.032, 5, 0, 75370, 97887
2026/07/08 14:59:16.049, 6, 45, 75410, 97887
2026/07/08 14:59:16.066, 7, 20, 75410, 97887
2026/07/08 14:59:17.082, 0, 0, 48704, 97887
2026/07/08 14:59:17.096, 1, 0, 48104, 97887
2026/07/08 14:59:17.111, 2, 0, 48104, 97887
2026/07/08 14:59:17.126, 3, 0, 48104, 97887
2026/07/08 14:59:17.140, 4, 0, 75370, 97887
2026/07/08 14:59:17.154, 5, 0, 75370, 97887
2026/07/08 14:59:17.167, 6, 74, 75410, 97887
2026/07/08 14:59:17.183, 7, 23, 75410, 97887
2026/07/08 14:59:18.200, 0, 0, 48704, 97887
2026/07/08 14:59:18.218, 1, 0, 48104, 97887
2026/07/08 14:59:18.236, 2, 0, 48104, 97887
2026/07/08 14:59:18.253, 3, 0, 48104, 97887
2026/07/08 14:59:18.268, 4, 0, 75370, 97887
2026/07/08 14:59:18.281, 5, 0, 75370, 97887
2026/07/08 14:59:18.296, 6, 84, 75410, 97887
2026/07/08 14:59:18.311, 7, 22, 75410, 97887
2026/07/08 14:59:19.324, 0, 0, 48704, 97887
2026/07/08 14:59:19.344, 1, 0, 48104, 97887
2026/07/08 14:59:19.359, 2, 0, 48104, 97887
2026/07/08 14:59:19.372, 3, 0, 48104, 97887
2026/07/08 14:59:19.386, 4, 0, 75370, 97887
2026/07/08 14:59:19.400, 5, 0, 75370, 97887
2026/07/08 14:59:19.413, 6, 58, 75410, 97887
2026/07/08 14:59:19.425, 7, 19, 75410, 97887
2026/07/08 14:59:20.439, 0, 0, 48704, 97887
2026/07/08 14:59:20.457, 1, 0, 48104, 97887
2026/07/08 14:59:20.471, 2, 0, 48104, 97887
2026/07/08 14:59:20.485, 3, 0, 48104, 97887
2026/07/08 14:59:20.501, 4, 0, 75370, 97887
2026/07/08 14:59:20.518, 5, 0, 75370, 97887
2026/07/08 14:59:20.534, 6, 92, 75410, 97887
2026/07/08 14:59:20.551, 7, 18, 75410, 97887
2026/07/08 14:59:21.568, 0, 0, 48704, 97887
2026/07/08 14:59:21.589, 1, 0, 48104, 97887
2026/07/08 14:59:21.608, 2, 0, 48104, 97887
2026/07/08 14:59:21.627, 3, 0, 48104, 97887
2026/07/08 14:59:21.643, 4, 0, 75370, 97887
2026/07/08 14:59:21.660, 5, 0, 75370, 97887
2026/07/08 14:59:21.676, 6, 93, 75410, 97887
2026/07/08 14:59:21.693, 7, 18, 75410, 97887
2026/07/08 14:59:22.710, 0, 0, 48704, 97887
2026/07/08 14:59:22.727, 1, 0, 48104, 97887
2026/07/08 14:59:22.743, 2, 0, 48104, 97887
2026/07/08 14:59:22.763, 3, 0, 48104, 97887
2026/07/08 14:59:22.781, 4, 0, 75370, 97887
2026/07/08 14:59:22.799, 5, 0, 75370, 97887
2026/07/08 14:59:22.816, 6, 29, 75410, 97887
2026/07/08 14:59:22.831, 7, 68, 75410, 97887
2026/07/08 14:59:23.847, 0, 0, 48704, 97887
2026/07/08 14:59:23.868, 1, 0, 48104, 97887
2026/07/08 14:59:23.884, 2, 0, 48104, 97887
2026/07/08 14:59:23.901, 3, 0, 48104, 97887
2026/07/08 14:59:23.920, 4, 0, 75370, 97887
2026/07/08 14:59:23.938, 5, 0, 75370, 97887
2026/07/08 14:59:23.954, 6, 92, 75410, 97887
2026/07/08 14:59:23.970, 7, 22, 75410, 97887
2026/07/08 14:59:24.986, 0, 0, 48704, 97887
2026/07/08 14:59:25.004, 1, 0, 48104, 97887
2026/07/08 14:59:25.020, 2, 0, 48104, 97887
2026/07/08 14:59:25.036, 3, 0, 48104, 97887
2026/07/08 14:59:25.052, 4, 0, 75370, 97887
2026/07/08 14:59:25.067, 5, 0, 75370, 97887
2026/07/08 14:59:25.084, 6, 71, 75410, 97887
2026/07/08 14:59:25.102, 7, 23, 75410, 97887
2026/07/08 14:59:26.120, 0, 0, 48704, 97887
2026/07/08 14:59:26.135, 1, 0, 48104, 97887
2026/07/08 14:59:26.153, 2, 0, 48104, 97887
2026/07/08 14:59:26.169, 3, 0, 48104, 97887
2026/07/08 14:59:26.185, 4, 0, 75370, 97887
2026/07/08 14:59:26.200, 5, 0, 75370, 97887
2026/07/08 14:59:26.216, 6, 73, 75410, 97887
2026/07/08 14:59:26.232, 7, 19, 75410, 97887
2026/07/08 14:59:27.248, 0, 0, 48704, 97887
2026/07/08 14:59:27.259, 1, 0, 48104, 97887
2026/07/08 14:59:27.272, 2, 0, 48104, 97887
2026/07/08 14:59:27.283, 3, 0, 48104, 97887
2026/07/08 14:59:27.300, 4, 0, 75370, 97887
2026/07/08 14:59:27.316, 5, 0, 75370, 97887
2026/07/08 14:59:27.331, 6, 93, 75410, 97887
2026/07/08 14:59:27.346, 7, 18, 75410, 97887
2026/07/08 14:59:28.363, 0, 0, 48704, 97887
2026/07/08 14:59:28.375, 1, 0, 48104, 97887
2026/07/08 14:59:28.389, 2, 0, 48104, 97887
2026/07/08 14:59:28.406, 3, 0, 48104, 97887
2026/07/08 14:59:28.423, 4, 0, 75370, 97887
2026/07/08 14:59:28.440, 5, 0, 75370, 97887
2026/07/08 14:59:28.458, 6, 67, 75410, 97887
2026/07/08 14:59:28.475, 7, 23, 75410, 97887
2026/07/08 14:59:29.491, 0, 0, 48704, 97887
2026/07/08 14:59:29.508, 1, 0, 48104, 97887
2026/07/08 14:59:29.524, 2, 0, 48104, 97887
2026/07/08 14:59:29.542, 3, 0, 48104, 97887
2026/07/08 14:59:29.562, 4, 0, 75370, 97887
2026/07/08 14:59:29.581, 5, 0, 75370, 97887
2026/07/08 14:59:29.601, 6, 86, 75410, 97887
2026/07/08 14:59:29.621, 7, 19, 75410, 97887
2026/07/08 14:59:30.642, 0, 0, 48704, 97887
2026/07/08 14:59:30.663, 1, 0, 48104, 97887
2026/07/08 14:59:30.683, 2, 0, 48104, 97887
2026/07/08 14:59:30.702, 3, 0, 48104, 97887
2026/07/08 14:59:30.721, 4, 0, 75370, 97887
2026/07/08 14:59:30.741, 5, 0, 75370, 97887
2026/07/08 14:59:30.760, 6, 67, 75410, 97887
2026/07/08 14:59:30.779, 7, 22, 75410, 97887
2026/07/08 14:59:31.799, 0, 0, 48704, 97887
2026/07/08 14:59:31.817, 1, 0, 48104, 97887
2026/07/08 14:59:31.831, 2, 0, 48104, 97887
2026/07/08 14:59:31.845, 3, 0, 48104, 97887
2026/07/08 14:59:31.859, 4, 0, 75370, 97887
2026/07/08 14:59:31.878, 5, 0, 75370, 97887
2026/07/08 14:59:31.896, 6, 27, 75410, 97887
2026/07/08 14:59:31.911, 7, 54, 75410, 97887
2026/07/08 14:59:32.928, 0, 0, 48704, 97887
2026/07/08 14:59:32.944, 1, 0, 48104, 97887
2026/07/08 14:59:32.960, 2, 0, 48104, 97887
2026/07/08 14:59:32.975, 3, 0, 48104, 97887
2026/07/08 14:59:32.993, 4, 0, 75370, 97887
2026/07/08 14:59:33.011, 5, 0, 75370, 97887
2026/07/08 14:59:33.030, 6, 8, 75410, 97887
2026/07/08 14:59:33.053, 7, 51, 75410, 97887
2026/07/08 14:59:34.069, 0, 0, 48704, 97887
2026/07/08 14:59:34.081, 1, 0, 48104, 97887
2026/07/08 14:59:34.096, 2, 0, 48104, 97887
2026/07/08 14:59:34.111, 3, 0, 48104, 97887
2026/07/08 14:59:34.125, 4, 0, 75370, 97887
2026/07/08 14:59:34.137, 5, 0, 75370, 97887
2026/07/08 14:59:34.146, 6, 90, 75410, 97887
2026/07/08 14:59:34.167, 7, 81, 75410, 97887
2026/07/08 14:59:35.180, 0, 0, 48704, 97887
2026/07/08 14:59:35.200, 1, 0, 48104, 97887
2026/07/08 14:59:35.219, 2, 0, 48104, 97887
2026/07/08 14:59:35.238, 3, 0, 48104, 97887
2026/07/08 14:59:35.255, 4, 0, 75370, 97887
2026/07/08 14:59:35.273, 5, 0, 75370, 97887
2026/07/08 14:59:35.289, 6, 90, 75410, 97887
2026/07/08 14:59:35.306, 7, 22, 75410, 97887
2026/07/08 14:59:36.320, 0, 0, 48704, 97887
2026/07/08 14:59:36.332, 1, 0, 48104, 97887
2026/07/08 14:59:36.339, 2, 0, 48104, 97887
2026/07/08 14:59:36.353, 3, 0, 48104, 97887
2026/07/08 14:59:36.371, 4, 0, 75370, 97887
2026/07/08 14:59:36.387, 5, 0, 75370, 97887
2026/07/08 14:59:36.401, 6, 70, 75410, 97887
2026/07/08 14:59:36.415, 7, 17, 75410, 97887
2026/07/08 14:59:37.431, 0, 0, 48704, 97887
2026/07/08 14:59:37.440, 1, 0, 48104, 97887
2026/07/08 14:59:37.449, 2, 0, 48104, 97887
2026/07/08 14:59:37.459, 3, 0, 48104, 97887
2026/07/08 14:59:37.473, 4, 0, 75370, 97887
2026/07/08 14:59:37.485, 5, 0, 75370, 97887
2026/07/08 14:59:37.491, 6, 74, 75410, 97887
2026/07/08 14:59:37.499, 7, 19, 75410, 97887
2026/07/08 14:59:38.509, 0, 0, 48704, 97887
2026/07/08 14:59:38.519, 1, 0, 48104, 97887
2026/07/08 14:59:38.530, 2, 0, 48104, 97887
2026/07/08 14:59:38.542, 3, 0, 48104, 97887
2026/07/08 14:59:38.555, 4, 0, 75370, 97887
2026/07/08 14:59:38.570, 5, 0, 75370, 97887
2026/07/08 14:59:38.587, 6, 94, 75410, 97887
2026/07/08 14:59:38.606, 7, 25, 75410, 97887
2026/07/08 14:59:39.623, 0, 0, 48704, 97887
2026/07/08 14:59:39.642, 1, 0, 48104, 97887
2026/07/08 14:59:39.661, 2, 0, 48104, 97887
2026/07/08 14:59:39.679, 3, 0, 48104, 97887
2026/07/08 14:59:39.696, 4, 0, 75370, 97887
2026/07/08 14:59:39.712, 5, 0, 75370, 97887
2026/07/08 14:59:39.730, 6, 88, 75410, 97887
2026/07/08 14:59:39.747, 7, 19, 75410, 97887
2026/07/08 14:59:40.767, 0, 0, 48704, 97887
2026/07/08 14:59:40.783, 1, 0, 48104, 97887
2026/07/08 14:59:40.799, 2, 0, 48104, 97887
2026/07/08 14:59:40.815, 3, 0, 48104, 97887
2026/07/08 14:59:40.831, 4, 0, 75370, 97887
2026/07/08 14:59:40.848, 5, 0, 75370, 97887
2026/07/08 14:59:40.864, 6, 77, 75410, 97887
2026/07/08 14:59:40.882, 7, 24, 75410, 97887
2026/07/08 14:59:41.898, 0, 0, 48704, 97887
2026/07/08 14:59:41.917, 1, 0, 48104, 97887
2026/07/08 14:59:41.931, 2, 0, 48104, 97887
2026/07/08 14:59:41.946, 3, 0, 48104, 97887
2026/07/08 14:59:41.961, 4, 0, 75370, 97887
2026/07/08 14:59:41.976, 5, 0, 75370, 97887
2026/07/08 14:59:41.994, 6, 86, 75410, 97887
2026/07/08 14:59:42.013, 7, 23, 75410, 97887
2026/07/08 14:59:43.030, 0, 0, 48704, 97887
2026/07/08 14:59:43.045, 1, 0, 48104, 97887
2026/07/08 14:59:43.064, 2, 0, 48104, 97887
2026/07/08 14:59:43.083, 3, 0, 48104, 97887
2026/07/08 14:59:43.103, 4, 0, 75370, 97887
2026/07/08 14:59:43.121, 5, 0, 75370, 97887
2026/07/08 14:59:43.137, 6, 58, 75410, 97887
2026/07/08 14:59:43.151, 7, 20, 75410, 97887
2026/07/08 14:59:44.166, 0, 0, 48704, 97887
2026/07/08 14:59:44.187, 1, 0, 48104, 97887
2026/07/08 14:59:44.208, 2, 0, 48104, 97887
2026/07/08 14:59:44.226, 3, 0, 48104, 97887
2026/07/08 14:59:44.247, 4, 0, 75370, 97887
2026/07/08 14:59:44.267, 5, 0, 75370, 97887
2026/07/08 14:59:44.283, 6, 84, 75410, 97887
2026/07/08 14:59:44.298, 7, 19, 75410, 97887
2026/07/08 14:59:45.315, 0, 0, 48704, 97887
2026/07/08 14:59:45.332, 1, 0, 48104, 97887
2026/07/08 14:59:45.348, 2, 0, 48104, 97887
2026/07/08 14:59:45.364, 3, 0, 48104, 97887
2026/07/08 14:59:45.383, 4, 0, 75370, 97887
2026/07/08 14:59:45.401, 5, 0, 75370, 97887
2026/07/08 14:59:45.419, 6, 52, 75410, 97887
2026/07/08 14:59:45.447, 7, 20, 75410, 97887
2026/07/08 14:59:46.464, 0, 0, 48704, 97887
2026/07/08 14:59:46.486, 1, 0, 48104, 97887
2026/07/08 14:59:46.504, 2, 0, 48104, 97887
2026/07/08 14:59:46.524, 3, 0, 48104, 97887
2026/07/08 14:59:46.544, 4, 0, 75370, 97887
2026/07/08 14:59:46.562, 5, 0, 75370, 97887
2026/07/08 14:59:46.581, 6, 86, 75410, 97887
2026/07/08 14:59:46.600, 7, 23, 75410, 97887
2026/07/08 14:59:47.621, 0, 0, 48704, 97887
2026/07/08 14:59:47.639, 1, 0, 48104, 97887
2026/07/08 14:59:47.659, 2, 0, 48104, 97887
2026/07/08 14:59:47.680, 3, 0, 48104, 97887
2026/07/08 14:59:47.697, 4, 0, 75370, 97887
2026/07/08 14:59:47.713, 5, 0, 75370, 97887
2026/07/08 14:59:47.729, 6, 89, 75410, 97887
2026/07/08 14:59:47.745, 7, 24, 75410, 97887
2026/07/08 14:59:48.758, 0, 0, 48704, 97887
2026/07/08 14:59:48.777, 1, 0, 48104, 97887
2026/07/08 14:59:48.797, 2, 0, 48104, 97887
2026/07/08 14:59:48.814, 3, 0, 48104, 97887
2026/07/08 14:59:48.827, 4, 0, 75370, 97887
2026/07/08 14:59:48.839, 5, 0, 75370, 97887
2026/07/08 14:59:48.851, 6, 71, 75410, 97887
2026/07/08 14:59:48.863, 7, 19, 75410, 97887
2026/07/08 14:59:49.876, 0, 0, 48704, 97887
2026/07/08 14:59:49.897, 1, 0, 48104, 97887
2026/07/08 14:59:49.920, 2, 0, 48104, 97887
2026/07/08 14:59:49.939, 3, 0, 48104, 97887
2026/07/08 14:59:49.957, 4, 0, 75370, 97887
2026/07/08 14:59:49.974, 5, 0, 75370, 97887
2026/07/08 14:59:49.992, 6, 76, 75410, 97887
2026/07/08 14:59:50.013, 7, 19, 75410, 97887
2026/07/08 14:59:51.032, 0, 0, 48704, 97887
2026/07/08 14:59:51.052, 1, 0, 48104, 97887
2026/07/08 14:59:51.072, 2, 0, 48104, 97887
2026/07/08 14:59:51.091, 3, 0, 48104, 97887
2026/07/08 14:59:51.110, 4, 0, 75370, 97887
2026/07/08 14:59:51.128, 5, 0, 75370, 97887
2026/07/08 14:59:51.145, 6, 36, 75410, 97887
2026/07/08 14:59:51.161, 7, 30, 75410, 97887
2026/07/08 14:59:52.178, 0, 0, 48704, 97887
2026/07/08 14:59:52.207, 1, 0, 48104, 97887
2026/07/08 14:59:52.234, 2, 0, 48104, 97887
2026/07/08 14:59:52.255, 3, 0, 48104, 97887
2026/07/08 14:59:52.278, 4, 0, 75370, 97887
2026/07/08 14:59:52.296, 5, 0, 75370, 97887
2026/07/08 14:59:52.322, 6, 20, 75410, 97887
2026/07/08 14:59:52.344, 7, 89, 75410, 97887
2026/07/08 14:59:53.366, 0, 0, 48704, 97887
2026/07/08 14:59:53.387, 1, 0, 48104, 97887
2026/07/08 14:59:53.407, 2, 0, 48104, 97887
2026/07/08 14:59:53.425, 3, 0, 48104, 97887
2026/07/08 14:59:53.443, 4, 0, 75370, 97887
2026/07/08 14:59:53.461, 5, 0, 75370, 97887
2026/07/08 14:59:53.481, 6, 89, 75410, 97887
2026/07/08 14:59:53.499, 7, 19, 75410, 97887
2026/07/08 14:59:54.517, 0, 0, 48704, 97887
2026/07/08 14:59:54.531, 1, 0, 48104, 97887
2026/07/08 14:59:54.547, 2, 0, 48104, 97887
2026/07/08 14:59:54.566, 3, 0, 48104, 97887
2026/07/08 14:59:54.584, 4, 0, 75370, 97887
2026/07/08 14:59:54.603, 5, 0, 75370, 97887
2026/07/08 14:59:54.622, 6, 20, 75410, 97887
2026/07/08 14:59:54.640, 7, 68, 75410, 97887
2026/07/08 14:59:55.656, 0, 0, 48704, 97887
2026/07/08 14:59:55.672, 1, 0, 48104, 97887
2026/07/08 14:59:55.688, 2, 0, 48104, 97887
2026/07/08 14:59:55.707, 3, 0, 48104, 97887
2026/07/08 14:59:55.725, 4, 0, 75370, 97887
2026/07/08 14:59:55.745, 5, 0, 75370, 97887
2026/07/08 14:59:55.763, 6, 90, 75410, 97887
2026/07/08 14:59:55.783, 7, 19, 75410, 97887
2026/07/08 14:59:56.802, 0, 0, 48704, 97887
2026/07/08 14:59:56.819, 1, 0, 48104, 97887
2026/07/08 14:59:56.834, 2, 0, 48104, 97887
2026/07/08 14:59:56.850, 3, 0, 48104, 97887
2026/07/08 14:59:56.862, 4, 0, 75370, 97887
2026/07/08 14:59:56.879, 5, 0, 75370, 97887
2026/07/08 14:59:56.893, 6, 77, 75410, 97887
2026/07/08 14:59:56.911, 7, 19, 75410, 97887
2026/07/08 14:59:57.923, 0, 0, 48704, 97887
2026/07/08 14:59:57.940, 1, 0, 48104, 97887
2026/07/08 14:59:57.957, 2, 0, 48104, 97887
2026/07/08 14:59:57.973, 3, 0, 48104, 97887
2026/07/08 14:59:57.990, 4, 0, 75370, 97887
2026/07/08 14:59:58.008, 5, 0, 75370, 97887
2026/07/08 14:59:58.025, 6, 91, 75410, 97887
2026/07/08 14:59:58.043, 7, 22, 75410, 97887
2026/07/08 14:59:59.058, 0, 0, 48704, 97887
2026/07/08 14:59:59.073, 1, 0, 48104, 97887
2026/07/08 14:59:59.087, 2, 0, 48104, 97887
2026/07/08 14:59:59.102, 3, 0, 48104, 97887
2026/07/08 14:59:59.117, 4, 0, 75370, 97887
2026/07/08 14:59:59.136, 5, 0, 75370, 97887
2026/07/08 14:59:59.154, 6, 69, 75410, 97887
2026/07/08 14:59:59.172, 7, 43, 75410, 97887
2026/07/08 15:00:00.191, 0, 0, 48704, 97887
2026/07/08 15:00:00.209, 1, 0, 48104, 97887
2026/07/08 15:00:00.224, 2, 0, 48104, 97887
2026/07/08 15:00:00.241, 3, 0, 48104, 97887
2026/07/08 15:00:00.257, 4, 0, 75370, 97887
2026/07/08 15:00:00.273, 5, 0, 75370, 97887
2026/07/08 15:00:00.288, 6, 40, 75410, 97887
2026/07/08 15:00:00.303, 7, 63, 75410, 97887
2026/07/08 15:00:01.321, 0, 0, 48704, 97887
2026/07/08 15:00:01.340, 1, 0, 48104, 97887
2026/07/08 15:00:01.359, 2, 0, 48104, 97887
2026/07/08 15:00:01.377, 3, 0, 48104, 97887
2026/07/08 15:00:01.393, 4, 0, 75370, 97887
2026/07/08 15:00:01.411, 5, 0, 75370, 97887
2026/07/08 15:00:01.428, 6, 62, 75410, 97887
2026/07/08 15:00:01.446, 7, 24, 75410, 97887
2026/07/08 15:00:02.463, 0, 0, 48704, 97887
2026/07/08 15:00:02.484, 1, 0, 48104, 97887
2026/07/08 15:00:02.506, 2, 0, 48104, 97887
2026/07/08 15:00:02.523, 3, 0, 48104, 97887
2026/07/08 15:00:02.538, 4, 0, 75370, 97887
2026/07/08 15:00:02.555, 5, 0, 75370, 97887
2026/07/08 15:00:02.567, 6, 37, 75410, 97887
2026/07/08 15:00:02.581, 7, 25, 75410, 97887
2026/07/08 15:00:03.597, 0, 0, 48704, 97887
2026/07/08 15:00:03.618, 1, 0, 48104, 97887
2026/07/08 15:00:03.636, 2, 0, 48104, 97887
2026/07/08 15:00:03.652, 3, 0, 48104, 97887
2026/07/08 15:00:03.667, 4, 0, 75370, 97887
2026/07/08 15:00:03.682, 5, 0, 75370, 97887
2026/07/08 15:00:03.697, 6, 78, 75410, 97887
2026/07/08 15:00:03.713, 7, 23, 75410, 97887
2026/07/08 15:00:04.728, 0, 0, 48704, 97887
2026/07/08 15:00:04.744, 1, 0, 48104, 97887
2026/07/08 15:00:04.759, 2, 0, 48104, 97887
2026/07/08 15:00:04.774, 3, 0, 48104, 97887
2026/07/08 15:00:04.791, 4, 0, 75370, 97887
2026/07/08 15:00:04.808, 5, 0, 75370, 97887
2026/07/08 15:00:04.821, 6, 85, 75410, 97887
2026/07/08 15:00:04.834, 7, 20, 75410, 97887
2026/07/08 15:00:05.845, 0, 0, 48704, 97887
2026/07/08 15:00:05.861, 1, 0, 48104, 97887
2026/07/08 15:00:05.876, 2, 0, 48104, 97887
2026/07/08 15:00:05.892, 3, 0, 48104, 97887
2026/07/08 15:00:05.908, 4, 0, 75370, 97887
2026/07/08 15:00:05.924, 5, 0, 75370, 97887
2026/07/08 15:00:05.940, 6, 86, 75410, 97887
2026/07/08 15:00:05.957, 7, 27, 75410, 97887
2026/07/08 15:00:06.974, 0, 0, 48704, 97887
2026/07/08 15:00:06.989, 1, 0, 48104, 97887
2026/07/08 15:00:07.003, 2, 0, 48104, 97887
2026/07/08 15:00:07.018, 3, 0, 48104, 97887
2026/07/08 15:00:07.033, 4, 0, 75370, 97887
2026/07/08 15:00:07.048, 5, 0, 75370, 97887
2026/07/08 15:00:07.063, 6, 56, 75410, 97887
2026/07/08 15:00:07.079, 7, 58, 75410, 97887
2026/07/08 15:00:08.096, 0, 0, 48704, 97887
2026/07/08 15:00:08.117, 1, 0, 48104, 97887
2026/07/08 15:00:08.135, 2, 0, 48104, 97887
2026/07/08 15:00:08.155, 3, 0, 48104, 97887
2026/07/08 15:00:08.170, 4, 0, 75370, 97887
2026/07/08 15:00:08.189, 5, 0, 75370, 97887
2026/07/08 15:00:08.205, 6, 86, 75410, 97887
2026/07/08 15:00:08.222, 7, 23, 75410, 97887
2026/07/08 15:00:09.239, 0, 0, 48704, 97887
2026/07/08 15:00:09.254, 1, 0, 48104, 97887
2026/07/08 15:00:09.269, 2, 0, 48104, 97887
2026/07/08 15:00:09.283, 3, 0, 48104, 97887
2026/07/08 15:00:09.297, 4, 0, 75370, 97887
2026/07/08 15:00:09.315, 5, 0, 75370, 97887
2026/07/08 15:00:09.331, 6, 89, 75410, 97887
2026/07/08 15:00:09.346, 7, 26, 75410, 97887
2026/07/08 15:00:10.362, 0, 0, 48704, 97887
2026/07/08 15:00:10.385, 1, 0, 48104, 97887
2026/07/08 15:00:10.406, 2, 0, 48104, 97887
2026/07/08 15:00:10.422, 3, 0, 48104, 97887
2026/07/08 15:00:10.442, 4, 0, 75370, 97887
2026/07/08 15:00:10.461, 5, 0, 75370, 97887
2026/07/08 15:00:10.482, 6, 93, 75410, 97887
2026/07/08 15:00:10.501, 7, 21, 75410, 97887
2026/07/08 15:00:11.518, 0, 0, 48704, 97887
2026/07/08 15:00:11.536, 1, 0, 48104, 97887
2026/07/08 15:00:11.556, 2, 0, 48104, 97887
2026/07/08 15:00:11.574, 3, 0, 48104, 97887
2026/07/08 15:00:11.593, 4, 0, 75370, 97887
2026/07/08 15:00:11.611, 5, 0, 75370, 97887
2026/07/08 15:00:11.630, 6, 76, 75410, 97887
2026/07/08 15:00:11.650, 7, 21, 75410, 97887
2026/07/08 15:00:12.669, 0, 0, 48704, 97887
2026/07/08 15:00:12.688, 1, 0, 48104, 97887
2026/07/08 15:00:12.708, 2, 0, 48104, 97887
2026/07/08 15:00:12.729, 3, 0, 48104, 97887
2026/07/08 15:00:12.747, 4, 0, 75370, 97887
2026/07/08 15:00:12.764, 5, 0, 75370, 97887
2026/07/08 15:00:12.783, 6, 29, 75410, 97887
2026/07/08 15:00:12.802, 7, 76, 75410, 97887
2026/07/08 15:00:13.820, 0, 0, 48704, 97887
2026/07/08 15:00:13.838, 1, 0, 48104, 97887
2026/07/08 15:00:13.857, 2, 0, 48104, 97887
2026/07/08 15:00:13.873, 3, 0, 48104, 97887
2026/07/08 15:00:13.891, 4, 0, 75370, 97887
2026/07/08 15:00:13.906, 5, 0, 75370, 97887
2026/07/08 15:00:13.921, 6, 66, 75410, 97887
2026/07/08 15:00:13.940, 7, 19, 75410, 97887
2026/07/08 15:00:14.958, 0, 0, 48704, 97887
2026/07/08 15:00:14.975, 1, 0, 48104, 97887
2026/07/08 15:00:14.993, 2, 0, 48104, 97887
2026/07/08 15:00:15.009, 3, 0, 48104, 97887
2026/07/08 15:00:15.021, 4, 0, 75370, 97887
2026/07/08 15:00:15.033, 5, 0, 75370, 97887
2026/07/08 15:00:15.050, 6, 59, 75410, 97887
2026/07/08 15:00:15.067, 7, 35, 75410, 97887
2026/07/08 15:00:16.081, 0, 0, 48704, 97887
2026/07/08 15:00:16.098, 1, 0, 48104, 97887
2026/07/08 15:00:16.115, 2, 0, 48104, 97887
2026/07/08 15:00:16.132, 3, 0, 48104, 97887
2026/07/08 15:00:16.144, 4, 0, 75370, 97887
2026/07/08 15:00:16.157, 5, 0, 75370, 97887
2026/07/08 15:00:16.173, 6, 66, 75410, 97887
2026/07/08 15:00:16.188, 7, 22, 75410, 97887
2026/07/08 15:00:17.206, 0, 0, 48704, 97887
2026/07/08 15:00:17.222, 1, 0, 48104, 97887
2026/07/08 15:00:17.238, 2, 0, 48104, 97887
2026/07/08 15:00:17.254, 3, 0, 48104, 97887
2026/07/08 15:00:17.269, 4, 0, 75370, 97887
2026/07/08 15:00:17.284, 5, 0, 75370, 97887
2026/07/08 15:00:17.300, 6, 47, 75410, 97887
2026/07/08 15:00:17.316, 7, 24, 75410, 97887
2026/07/08 15:00:18.332, 0, 0, 48704, 97887
2026/07/08 15:00:18.347, 1, 0, 48104, 97887
2026/07/08 15:00:18.362, 2, 0, 48104, 97887
2026/07/08 15:00:18.376, 3, 0, 48104, 97887
2026/07/08 15:00:18.393, 4, 0, 75370, 97887
2026/07/08 15:00:18.410, 5, 0, 75370, 97887
2026/07/08 15:00:18.427, 6, 75, 75410, 97887
2026/07/08 15:00:18.443, 7, 22, 75410, 97887
2026/07/08 15:00:19.459, 0, 0, 48704, 97887
2026/07/08 15:00:19.476, 1, 0, 48104, 97887
2026/07/08 15:00:19.494, 2, 0, 48104, 97887
2026/07/08 15:00:19.510, 3, 0, 48104, 97887
2026/07/08 15:00:19.527, 4, 0, 75370, 97887
2026/07/08 15:00:19.543, 5, 0, 75370, 97887
2026/07/08 15:00:19.561, 6, 80, 75410, 97887
2026/07/08 15:00:19.578, 7, 21, 75410, 97887
2026/07/08 15:00:20.595, 0, 0, 48704, 97887
2026/07/08 15:00:20.609, 1, 0, 48104, 97887
2026/07/08 15:00:20.621, 2, 0, 48104, 97887
2026/07/08 15:00:20.631, 3, 0, 48104, 97887
2026/07/08 15:00:20.645, 4, 0, 75370, 97887
2026/07/08 15:00:20.660, 5, 0, 75370, 97887
2026/07/08 15:00:20.677, 6, 44, 75410, 97887
2026/07/08 15:00:20.692, 7, 35, 75410, 97887
2026/07/08 15:00:21.708, 0, 0, 48704, 97887
2026/07/08 15:00:21.724, 1, 0, 48104, 97887
2026/07/08 15:00:21.738, 2, 0, 48104, 97887
2026/07/08 15:00:21.753, 3, 0, 48104, 97887
2026/07/08 15:00:21.768, 4, 0, 75370, 97887
2026/07/08 15:00:21.783, 5, 0, 75370, 97887
2026/07/08 15:00:21.799, 6, 72, 75410, 97887
2026/07/08 15:00:21.817, 7, 21, 75410, 97887
2026/07/08 15:00:22.835, 0, 0, 48704, 97887
2026/07/08 15:00:22.852, 1, 0, 48104, 97887
2026/07/08 15:00:22.866, 2, 0, 48104, 97887
2026/07/08 15:00:22.883, 3, 0, 48104, 97887
2026/07/08 15:00:22.899, 4, 0, 75370, 97887
2026/07/08 15:00:22.917, 5, 0, 75370, 97887
2026/07/08 15:00:22.932, 6, 65, 75410, 97887
2026/07/08 15:00:22.949, 7, 81, 75410, 97887
2026/07/08 15:00:23.965, 0, 0, 48704, 97887
2026/07/08 15:00:23.982, 1, 0, 48104, 97887
2026/07/08 15:00:24.000, 2, 0, 48104, 97887
2026/07/08 15:00:24.018, 3, 0, 48104, 97887
2026/07/08 15:00:24.036, 4, 0, 75370, 97887
2026/07/08 15:00:24.054, 5, 0, 75370, 97887
2026/07/08 15:00:24.073, 6, 49, 75410, 97887
2026/07/08 15:00:24.090, 7, 25, 75410, 97887
2026/07/08 15:00:25.107, 0, 0, 48704, 97887
2026/07/08 15:00:25.125, 1, 0, 48104, 97887
2026/07/08 15:00:25.140, 2, 0, 48104, 97887
2026/07/08 15:00:25.157, 3, 0, 48104, 97887
2026/07/08 15:00:25.172, 4, 0, 75370, 97887
2026/07/08 15:00:25.187, 5, 0, 75370, 97887
2026/07/08 15:00:25.202, 6, 26, 75410, 97887
2026/07/08 15:00:25.217, 7, 69, 75410, 97887
2026/07/08 15:00:26.233, 0, 0, 48704, 97887
2026/07/08 15:00:26.248, 1, 0, 48104, 97887
2026/07/08 15:00:26.263, 2, 0, 48104, 97887
2026/07/08 15:00:26.278, 3, 0, 48104, 97887
2026/07/08 15:00:26.294, 4, 0, 75370, 97887
2026/07/08 15:00:26.311, 5, 0, 75370, 97887
2026/07/08 15:00:26.327, 6, 76, 75410, 97887
2026/07/08 15:00:26.344, 7, 34, 75410, 97887
2026/07/08 15:00:27.360, 0, 0, 48704, 97887
2026/07/08 15:00:27.379, 1, 0, 48104, 97887
2026/07/08 15:00:27.395, 2, 0, 48104, 97887
2026/07/08 15:00:27.412, 3, 0, 48104, 97887
2026/07/08 15:00:27.431, 4, 0, 75370, 97887
2026/07/08 15:00:27.448, 5, 0, 75370, 97887
2026/07/08 15:00:27.463, 6, 67, 75410, 97887
2026/07/08 15:00:27.481, 7, 27, 75410, 97887
2026/07/08 15:00:28.495, 0, 0, 48704, 97887
2026/07/08 15:00:28.512, 1, 0, 48104, 97887
2026/07/08 15:00:28.529, 2, 0, 48104, 97887
2026/07/08 15:00:28.544, 3, 0, 48104, 97887
2026/07/08 15:00:28.561, 4, 0, 75370, 97887
2026/07/08 15:00:28.579, 5, 0, 75370, 97887
2026/07/08 15:00:28.598, 6, 33, 75410, 97887
2026/07/08 15:00:28.617, 7, 42, 75410, 97887
2026/07/08 15:00:29.633, 0, 0, 48704, 97887
2026/07/08 15:00:29.650, 1, 0, 48104, 97887
2026/07/08 15:00:29.666, 2, 0, 48104, 97887
2026/07/08 15:00:29.684, 3, 0, 48104, 97887
2026/07/08 15:00:29.703, 4, 0, 75370, 97887
2026/07/08 15:00:29.721, 5, 0, 75370, 97887
2026/07/08 15:00:29.737, 6, 75, 75410, 97887
2026/07/08 15:00:29.754, 7, 44, 75410, 97887
2026/07/08 15:00:30.770, 0, 0, 48704, 97887
2026/07/08 15:00:30.784, 1, 0, 48104, 97887
2026/07/08 15:00:30.800, 2, 0, 48104, 97887
2026/07/08 15:00:30.814, 3, 0, 48104, 97887
2026/07/08 15:00:30.830, 4, 0, 75370, 97887
2026/07/08 15:00:30.845, 5, 0, 75370, 97887
2026/07/08 15:00:30.861, 6, 94, 75410, 97887
2026/07/08 15:00:30.879, 7, 19, 75410, 97887
2026/07/08 15:00:31.897, 0, 0, 48704, 97887
2026/07/08 15:00:31.913, 1, 0, 48104, 97887
2026/07/08 15:00:31.927, 2, 0, 48104, 97887
2026/07/08 15:00:31.942, 3, 0, 48104, 97887
2026/07/08 15:00:31.957, 4, 0, 75370, 97887
2026/07/08 15:00:31.970, 5, 0, 75370, 97887
2026/07/08 15:00:31.984, 6, 18, 75410, 97887
2026/07/08 15:00:32.003, 7, 82, 75410, 97887
2026/07/08 15:00:33.019, 0, 0, 48704, 97887
2026/07/08 15:00:33.032, 1, 0, 48104, 97887
2026/07/08 15:00:33.053, 2, 0, 48104, 97887
2026/07/08 15:00:33.065, 3, 0, 48104, 97887
2026/07/08 15:00:33.079, 4, 0, 75370, 97887
2026/07/08 15:00:33.091, 5, 0, 75370, 97887
2026/07/08 15:00:33.107, 6, 20, 75410, 97887
2026/07/08 15:00:33.124, 7, 85, 75410, 97887
2026/07/08 15:00:34.141, 0, 0, 48704, 97887
2026/07/08 15:00:34.157, 1, 0, 48104, 97887
2026/07/08 15:00:34.169, 2, 0, 48104, 97887
2026/07/08 15:00:34.183, 3, 0, 48104, 97887
2026/07/08 15:00:34.198, 4, 0, 75370, 97887
2026/07/08 15:00:34.207, 5, 0, 75370, 97887
2026/07/08 15:00:34.215, 6, 22, 75410, 97887
2026/07/08 15:00:34.225, 7, 78, 75410, 97887
2026/07/08 15:00:35.237, 0, 0, 48704, 97887
2026/07/08 15:00:35.254, 1, 0, 48104, 97887
2026/07/08 15:00:35.269, 2, 0, 48104, 97887
2026/07/08 15:00:35.286, 3, 0, 48104, 97887
2026/07/08 15:00:35.301, 4, 0, 75370, 97887
2026/07/08 15:00:35.316, 5, 0, 75370, 97887
2026/07/08 15:00:35.334, 6, 28, 75410, 97887
2026/07/08 15:00:35.351, 7, 45, 75410, 97887
2026/07/08 15:00:36.367, 0, 0, 48704, 97887
2026/07/08 15:00:36.386, 1, 0, 48104, 97887
2026/07/08 15:00:36.406, 2, 0, 48104, 97887
2026/07/08 15:00:36.425, 3, 0, 48104, 97887
2026/07/08 15:00:36.442, 4, 0, 75370, 97887
2026/07/08 15:00:36.459, 5, 0, 75370, 97887
2026/07/08 15:00:36.477, 6, 39, 75410, 97887
2026/07/08 15:00:36.493, 7, 59, 75410, 97887
2026/07/08 15:00:37.507, 0, 0, 48704, 97887
2026/07/08 15:00:37.526, 1, 0, 48104, 97887
2026/07/08 15:00:37.543, 2, 0, 48104, 97887
2026/07/08 15:00:37.563, 3, 0, 48104, 97887
2026/07/08 15:00:37.579, 4, 0, 75370, 97887
2026/07/08 15:00:37.590, 5, 0, 75370, 97887
2026/07/08 15:00:37.605, 6, 60, 75410, 97887
2026/07/08 15:00:37.622, 7, 19, 75410, 97887
2026/07/08 15:00:38.636, 0, 0, 48704, 97887
2026/07/08 15:00:38.655, 1, 0, 48104, 97887
2026/07/08 15:00:38.669, 2, 0, 48104, 97887
2026/07/08 15:00:38.684, 3, 0, 48104, 97887
2026/07/08 15:00:38.702, 4, 0, 75370, 97887
2026/07/08 15:00:38.716, 5, 0, 75370, 97887
2026/07/08 15:00:38.729, 6, 23, 75410, 97887
2026/07/08 15:00:38.741, 7, 63, 75410, 97887
2026/07/08 15:00:39.751, 0, 0, 48704, 97887
2026/07/08 15:00:39.768, 1, 0, 48104, 97887
2026/07/08 15:00:39.783, 2, 0, 48104, 97887
2026/07/08 15:00:39.798, 3, 0, 48104, 97887
2026/07/08 15:00:39.812, 4, 0, 75370, 97887
2026/07/08 15:00:39.828, 5, 0, 75370, 97887
2026/07/08 15:00:39.850, 6, 44, 75410, 97887
2026/07/08 15:00:39.869, 7, 48, 75410, 97887
2026/07/08 15:00:40.887, 0, 0, 48704, 97887
2026/07/08 15:00:40.902, 1, 0, 48104, 97887
2026/07/08 15:00:40.918, 2, 0, 48104, 97887
2026/07/08 15:00:40.931, 3, 0, 48104, 97887
2026/07/08 15:00:40.950, 4, 0, 75370, 97887
2026/07/08 15:00:40.969, 5, 0, 75370, 97887
2026/07/08 15:00:41.007, 6, 20, 75410, 97887
2026/07/08 15:00:41.025, 7, 78, 75410, 97887
2026/07/08 15:00:42.042, 0, 0, 48704, 97887
2026/07/08 15:00:42.065, 1, 0, 48104, 97887
2026/07/08 15:00:42.084, 2, 0, 48104, 97887
2026/07/08 15:00:42.104, 3, 0, 48104, 97887
2026/07/08 15:00:42.128, 4, 0, 75370, 97887
2026/07/08 15:00:42.145, 5, 0, 75370, 97887
2026/07/08 15:00:42.162, 6, 90, 75410, 97887
2026/07/08 15:00:42.180, 7, 31, 75410, 97887
2026/07/08 15:00:43.200, 0, 0, 48704, 97887
2026/07/08 15:00:43.215, 1, 0, 48104, 97887
2026/07/08 15:00:43.228, 2, 0, 48104, 97887
2026/07/08 15:00:43.243, 3, 0, 48104, 97887
2026/07/08 15:00:43.255, 4, 0, 75370, 97887
2026/07/08 15:00:43.268, 5, 0, 75370, 97887
2026/07/08 15:00:43.284, 6, 64, 75410, 97887
2026/07/08 15:00:43.296, 7, 25, 75410, 97887
2026/07/08 15:00:44.308, 0, 0, 48704, 97887
2026/07/08 15:00:44.325, 1, 0, 48104, 97887
2026/07/08 15:00:44.341, 2, 0, 48104, 97887
2026/07/08 15:00:44.358, 3, 0, 48104, 97887
2026/07/08 15:00:44.376, 4, 0, 75370, 97887
2026/07/08 15:00:44.391, 5, 0, 75370, 97887
2026/07/08 15:00:44.408, 6, 86, 75410, 97887
2026/07/08 15:00:44.423, 7, 24, 75410, 97887
2026/07/08 15:00:45.439, 0, 0, 48704, 97887
2026/07/08 15:00:45.460, 1, 0, 48104, 97887
2026/07/08 15:00:45.477, 2, 0, 48104, 97887
2026/07/08 15:00:45.494, 3, 0, 48104, 97887
2026/07/08 15:00:45.512, 4, 0, 75370, 97887
2026/07/08 15:00:45.527, 5, 0, 75370, 97887
2026/07/08 15:00:45.543, 6, 33, 75410, 97887
2026/07/08 15:00:45.557, 7, 21, 75410, 97887
2026/07/08 15:00:46.570, 0, 0, 48704, 97887
2026/07/08 15:00:46.590, 1, 0, 48104, 97887
2026/07/08 15:00:46.607, 2, 0, 48104, 97887
2026/07/08 15:00:46.626, 3, 0, 48104, 97887
2026/07/08 15:00:46.643, 4, 0, 75370, 97887
2026/07/08 15:00:46.659, 5, 0, 75370, 97887
2026/07/08 15:00:46.669, 6, 93, 75410, 97887
2026/07/08 15:00:46.680, 7, 22, 75410, 97887
2026/07/08 15:00:47.691, 0, 0, 48704, 97887
2026/07/08 15:00:47.707, 1, 0, 48104, 97887
2026/07/08 15:00:47.725, 2, 0, 48104, 97887
2026/07/08 15:00:47.742, 3, 0, 48104, 97887
2026/07/08 15:00:47.760, 4, 0, 75370, 97887
2026/07/08 15:00:47.777, 5, 0, 75370, 97887
2026/07/08 15:00:47.794, 6, 91, 75410, 97887
2026/07/08 15:00:47.813, 7, 19, 75410, 97887
2026/07/08 15:00:48.829, 0, 0, 48704, 97887
2026/07/08 15:00:48.845, 1, 0, 48104, 97887
2026/07/08 15:00:48.860, 2, 0, 48104, 97887
2026/07/08 15:00:48.874, 3, 0, 48104, 97887
2026/07/08 15:00:48.886, 4, 0, 75370, 97887
2026/07/08 15:00:48.903, 5, 0, 75370, 97887
2026/07/08 15:00:48.917, 6, 88, 75410, 97887
2026/07/08 15:00:48.928, 7, 18, 75410, 97887
2026/07/08 15:00:49.938, 0, 0, 48704, 97887
2026/07/08 15:00:49.957, 1, 0, 48104, 97887
2026/07/08 15:00:49.977, 2, 0, 48104, 97887
2026/07/08 15:00:49.994, 3, 0, 48104, 97887
2026/07/08 15:00:50.013, 4, 0, 75370, 97887
2026/07/08 15:00:50.032, 5, 0, 75370, 97887
2026/07/08 15:00:50.048, 6, 88, 75410, 97887
2026/07/08 15:00:50.064, 7, 23, 75410, 97887
2026/07/08 15:00:51.078, 0, 0, 48704, 97887
2026/07/08 15:00:51.097, 1, 0, 48104, 97887
2026/07/08 15:00:51.112, 2, 0, 48104, 97887
2026/07/08 15:00:51.125, 3, 0, 48104, 97887
2026/07/08 15:00:51.135, 4, 0, 75370, 97887
2026/07/08 15:00:51.148, 5, 0, 75370, 97887
2026/07/08 15:00:51.160, 6, 94, 75410, 97887
2026/07/08 15:00:51.172, 7, 22, 75410, 97887
2026/07/08 15:00:52.178, 0, 0, 48704, 97887
2026/07/08 15:00:52.192, 1, 0, 48104, 97887
2026/07/08 15:00:52.205, 2, 0, 48104, 97887
2026/07/08 15:00:52.217, 3, 0, 48104, 97887
2026/07/08 15:00:52.232, 4, 0, 75370, 97887
2026/07/08 15:00:52.246, 5, 0, 75370, 97887
2026/07/08 15:00:52.259, 6, 94, 75410, 97887
2026/07/08 15:00:52.277, 7, 18, 75410, 97887
2026/07/08 15:00:53.291, 0, 0, 48704, 97887
2026/07/08 15:00:53.311, 1, 0, 48104, 97887
2026/07/08 15:00:53.330, 2, 0, 48104, 97887
2026/07/08 15:00:53.346, 3, 0, 48104, 97887
2026/07/08 15:00:53.363, 4, 0, 75370, 97887
2026/07/08 15:00:53.380, 5, 0, 75370, 97887
2026/07/08 15:00:53.397, 6, 79, 75410, 97887
2026/07/08 15:00:53.416, 7, 19, 75410, 97887
2026/07/08 15:00:54.431, 0, 0, 48704, 97887
2026/07/08 15:00:54.446, 1, 0, 48104, 97887
2026/07/08 15:00:54.462, 2, 0, 48104, 97887
2026/07/08 15:00:54.474, 3, 0, 48104, 97887
2026/07/08 15:00:54.490, 4, 0, 75370, 97887
2026/07/08 15:00:54.505, 5, 0, 75370, 97887
2026/07/08 15:00:54.522, 6, 90, 75410, 97887
2026/07/08 15:00:54.540, 7, 19, 75410, 97887
2026/07/08 15:00:55.556, 0, 0, 48704, 97887
2026/07/08 15:00:55.573, 1, 0, 48104, 97887
2026/07/08 15:00:55.590, 2, 0, 48104, 97887
2026/07/08 15:00:55.606, 3, 0, 48104, 97887
2026/07/08 15:00:55.623, 4, 0, 75370, 97887
2026/07/08 15:00:55.639, 5, 0, 75370, 97887
2026/07/08 15:00:55.655, 6, 92, 75410, 97887
2026/07/08 15:00:55.672, 7, 23, 75410, 97887
2026/07/08 15:00:56.687, 0, 0, 48704, 97887
2026/07/08 15:00:56.709, 1, 0, 48104, 97887
2026/07/08 15:00:56.727, 2, 0, 48104, 97887
2026/07/08 15:00:56.746, 3, 0, 48104, 97887
2026/07/08 15:00:56.765, 4, 0, 75370, 97887
2026/07/08 15:00:56.783, 5, 0, 75370, 97887
2026/07/08 15:00:56.803, 6, 87, 75410, 97887
2026/07/08 15:00:56.821, 7, 19, 75410, 97887
2026/07/08 15:00:57.839, 0, 0, 48704, 97887
2026/07/08 15:00:57.856, 1, 0, 48104, 97887
2026/07/08 15:00:57.874, 2, 0, 48104, 97887
2026/07/08 15:00:57.890, 3, 0, 48104, 97887
2026/07/08 15:00:57.907, 4, 0, 75370, 97887
2026/07/08 15:00:57.926, 5, 0, 75370, 97887
2026/07/08 15:00:57.944, 6, 86, 75410, 97887
2026/07/08 15:00:57.960, 7, 19, 75410, 97887
2026/07/08 15:00:58.976, 0, 0, 48704, 97887
2026/07/08 15:00:58.994, 1, 0, 48104, 97887
2026/07/08 15:00:59.013, 2, 0, 48104, 97887
2026/07/08 15:00:59.031, 3, 0, 48104, 97887
2026/07/08 15:00:59.050, 4, 0, 75370, 97887
2026/07/08 15:00:59.070, 5, 0, 75370, 97887
2026/07/08 15:00:59.086, 6, 90, 75410, 97887
2026/07/08 15:00:59.103, 7, 19, 75410, 97887
2026/07/08 15:01:00.120, 0, 0, 48704, 97887
2026/07/08 15:01:00.137, 1, 0, 48104, 97887
2026/07/08 15:01:00.155, 2, 0, 48104, 97887
2026/07/08 15:01:00.173, 3, 0, 48104, 97887
2026/07/08 15:01:00.187, 4, 0, 75370, 97887
2026/07/08 15:01:00.202, 5, 0, 75370, 97887
2026/07/08 15:01:00.218, 6, 82, 75410, 97887
2026/07/08 15:01:00.234, 7, 23, 75410, 97887
2026/07/08 15:01:01.253, 0, 0, 48704, 97887
2026/07/08 15:01:01.272, 1, 0, 48104, 97887
2026/07/08 15:01:01.291, 2, 0, 48104, 97887
2026/07/08 15:01:01.310, 3, 0, 48104, 97887
2026/07/08 15:01:01.328, 4, 0, 75370, 97887
2026/07/08 15:01:01.344, 5, 0, 75370, 97887
2026/07/08 15:01:01.362, 6, 92, 75410, 97887
2026/07/08 15:01:01.380, 7, 18, 75410, 97887
2026/07/08 15:01:02.398, 0, 0, 48704, 97887
2026/07/08 15:01:02.415, 1, 0, 48104, 97887
2026/07/08 15:01:02.432, 2, 0, 48104, 97887
2026/07/08 15:01:02.447, 3, 0, 48104, 97887
2026/07/08 15:01:02.464, 4, 0, 75370, 97887
2026/07/08 15:01:02.482, 5, 0, 75370, 97887
2026/07/08 15:01:02.498, 6, 93, 75410, 97887
2026/07/08 15:01:02.513, 7, 19, 75410, 97887
2026/07/08 15:01:03.526, 0, 0, 48704, 97887
2026/07/08 15:01:03.541, 1, 0, 48104, 97887
2026/07/08 15:01:03.552, 2, 0, 48104, 97887
2026/07/08 15:01:03.562, 3, 0, 48104, 97887
2026/07/08 15:01:03.573, 4, 0, 75370, 97887
2026/07/08 15:01:03.588, 5, 0, 75370, 97887
2026/07/08 15:01:03.605, 6, 94, 75410, 97887
2026/07/08 15:01:03.623, 7, 19, 75410, 97887
2026/07/08 15:01:04.638, 0, 0, 48704, 97887
2026/07/08 15:01:04.657, 1, 0, 48104, 97887
2026/07/08 15:01:04.674, 2, 0, 48104, 97887
2026/07/08 15:01:04.692, 3, 0, 48104, 97887
2026/07/08 15:01:04.710, 4, 0, 75370, 97887
2026/07/08 15:01:04.727, 5, 0, 75370, 97887
2026/07/08 15:01:04.746, 6, 96, 75410, 97887
2026/07/08 15:01:04.763, 7, 21, 75410, 97887
2026/07/08 15:01:05.778, 0, 0, 48704, 97887
2026/07/08 15:01:05.795, 1, 0, 48104, 97887
2026/07/08 15:01:05.813, 2, 0, 48104, 97887
2026/07/08 15:01:05.833, 3, 0, 48104, 97887
2026/07/08 15:01:05.851, 4, 0, 75370, 97887
2026/07/08 15:01:05.869, 5, 0, 75370, 97887
2026/07/08 15:01:05.886, 6, 90, 75410, 97887
2026/07/08 15:01:05.905, 7, 17, 75410, 97887
2026/07/08 15:01:06.922, 0, 0, 48704, 97887
2026/07/08 15:01:06.938, 1, 0, 48104, 97887
2026/07/08 15:01:06.955, 2, 0, 48104, 97887
2026/07/08 15:01:06.971, 3, 0, 48104, 97887
2026/07/08 15:01:06.986, 4, 0, 75370, 97887
2026/07/08 15:01:06.996, 5, 0, 75370, 97887
2026/07/08 15:01:07.007, 6, 92, 75410, 97887
2026/07/08 15:01:07.019, 7, 19, 75410, 97887
2026/07/08 15:01:08.035, 0, 0, 48704, 97887
2026/07/08 15:01:08.052, 1, 0, 48104, 97887
2026/07/08 15:01:08.067, 2, 0, 48104, 97887
2026/07/08 15:01:08.081, 3, 0, 48104, 97887
2026/07/08 15:01:08.097, 4, 0, 75370, 97887
2026/07/08 15:01:08.113, 5, 0, 75370, 97887
2026/07/08 15:01:08.131, 6, 61, 75410, 97887
2026/07/08 15:01:08.148, 7, 14, 75410, 97887
2026/07/08 15:01:09.167, 0, 0, 48704, 97887
2026/07/08 15:01:09.185, 1, 0, 48104, 97887
2026/07/08 15:01:09.201, 2, 0, 48104, 97887
2026/07/08 15:01:09.217, 3, 0, 48104, 97887
2026/07/08 15:01:09.235, 4, 0, 75370, 97887
2026/07/08 15:01:09.253, 5, 0, 75370, 97887
2026/07/08 15:01:09.271, 6, 95, 75410, 97887
2026/07/08 15:01:09.289, 7, 20, 75410, 97887
2026/07/08 15:01:10.308, 0, 0, 48704, 97887
2026/07/08 15:01:10.324, 1, 0, 48104, 97887
2026/07/08 15:01:10.339, 2, 0, 48104, 97887
2026/07/08 15:01:10.357, 3, 0, 48104, 97887
2026/07/08 15:01:10.378, 4, 0, 75370, 97887
2026/07/08 15:01:10.397, 5, 0, 75370, 97887
2026/07/08 15:01:10.416, 6, 70, 75410, 97887
2026/07/08 15:01:10.434, 7, 19, 75412, 97887
2026/07/08 15:01:11.450, 0, 0, 48704, 97887
2026/07/08 15:01:11.465, 1, 0, 48104, 97887
2026/07/08 15:01:11.481, 2, 0, 48104, 97887
2026/07/08 15:01:11.498, 3, 0, 48104, 97887
2026/07/08 15:01:11.513, 4, 0, 75370, 97887
2026/07/08 15:01:11.529, 5, 0, 75370, 97887
2026/07/08 15:01:11.547, 6, 96, 75410, 97887
2026/07/08 15:01:11.566, 7, 21, 75412, 97887
2026/07/08 15:01:12.585, 0, 0, 48704, 97887
2026/07/08 15:01:12.599, 1, 0, 48104, 97887
2026/07/08 15:01:12.611, 2, 0, 48104, 97887
2026/07/08 15:01:12.626, 3, 0, 48104, 97887
2026/07/08 15:01:12.642, 4, 0, 75370, 97887
2026/07/08 15:01:12.657, 5, 0, 75370, 97887
2026/07/08 15:01:12.672, 6, 94, 75410, 97887
2026/07/08 15:01:12.690, 7, 19, 75412, 97887
2026/07/08 15:01:13.709, 0, 0, 48704, 97887
2026/07/08 15:01:13.723, 1, 0, 48104, 97887
2026/07/08 15:01:13.739, 2, 0, 48104, 97887
2026/07/08 15:01:13.756, 3, 0, 48104, 97887
2026/07/08 15:01:13.771, 4, 0, 75370, 97887
2026/07/08 15:01:13.789, 5, 0, 75370, 97887
2026/07/08 15:01:13.804, 6, 93, 75410, 97887
2026/07/08 15:01:13.820, 7, 19, 75412, 97887
2026/07/08 15:01:14.838, 0, 0, 48704, 97887
2026/07/08 15:01:14.854, 1, 0, 48104, 97887
2026/07/08 15:01:14.867, 2, 0, 48104, 97887
2026/07/08 15:01:14.883, 3, 0, 48104, 97887
2026/07/08 15:01:14.900, 4, 100, 75404, 97887
2026/07/08 15:01:14.914, 5, 100, 75404, 97887
2026/07/08 15:01:14.927, 6, 83, 75410, 97887
2026/07/08 15:01:14.935, 7, 33, 75412, 97887
2026/07/08 15:01:15.948, 0, 0, 48704, 97887
2026/07/08 15:01:15.963, 1, 0, 48104, 97887
2026/07/08 15:01:15.977, 2, 0, 48104, 97887
2026/07/08 15:01:15.994, 3, 0, 48104, 97887
2026/07/08 15:01:16.008, 4, 100, 75410, 97887
2026/07/08 15:01:16.022, 5, 100, 75408, 97887
2026/07/08 15:01:16.037, 6, 95, 75410, 97887
2026/07/08 15:01:16.049, 7, 28, 75412, 97887
2026/07/08 15:01:17.063, 0, 0, 48704, 97887
2026/07/08 15:01:17.080, 1, 0, 48104, 97887
2026/07/08 15:01:17.099, 2, 0, 48104, 97887
2026/07/08 15:01:17.114, 3, 0, 48104, 97887
2026/07/08 15:01:17.131, 4, 100, 75410, 97887
2026/07/08 15:01:17.146, 5, 100, 75410, 97887
2026/07/08 15:01:17.161, 6, 84, 75410, 97887
2026/07/08 15:01:17.177, 7, 32, 75412, 97887
2026/07/08 15:01:18.193, 0, 0, 48704, 97887
2026/07/08 15:01:18.212, 1, 0, 48104, 97887
2026/07/08 15:01:18.228, 2, 0, 48104, 97887
2026/07/08 15:01:18.246, 3, 0, 48104, 97887
2026/07/08 15:01:18.263, 4, 17, 75430, 97887
2026/07/08 15:01:18.279, 5, 95, 75430, 97887
2026/07/08 15:01:18.295, 6, 92, 75410, 97887
2026/07/08 15:01:18.310, 7, 17, 75412, 97887
2026/07/08 15:01:19.328, 0, 0, 48704, 97887
2026/07/08 15:01:19.347, 1, 0, 48104, 97887
2026/07/08 15:01:19.365, 2, 0, 48104, 97887
2026/07/08 15:01:19.384, 3, 0, 48104, 97887
2026/07/08 15:01:19.400, 4, 88, 75430, 97887
2026/07/08 15:01:19.415, 5, 18, 75430, 97887
2026/07/08 15:01:19.433, 6, 91, 75410, 97887
2026/07/08 15:01:19.450, 7, 17, 75412, 97887
2026/07/08 15:01:20.468, 0, 0, 48704, 97887
2026/07/08 15:01:20.492, 1, 0, 48104, 97887
2026/07/08 15:01:20.512, 2, 0, 48104, 97887
2026/07/08 15:01:20.530, 3, 0, 48104, 97887
2026/07/08 15:01:20.551, 4, 19, 75430, 97887
2026/07/08 15:01:20.572, 5, 85, 75430, 97887
2026/07/08 15:01:20.588, 6, 91, 75410, 97887
2026/07/08 15:01:20.604, 7, 17, 75412, 97887
2026/07/08 15:01:21.623, 0, 0, 48704, 97887
2026/07/08 15:01:21.641, 1, 0, 48104, 97887
2026/07/08 15:01:21.657, 2, 0, 48104, 97887
2026/07/08 15:01:21.674, 3, 0, 48104, 97887
2026/07/08 15:01:21.691, 4, 63, 75430, 97887
2026/07/08 15:01:21.705, 5, 28, 75430, 97887
2026/07/08 15:01:21.719, 6, 92, 75410, 97887
2026/07/08 15:01:21.733, 7, 22, 75412, 97887
2026/07/08 15:01:22.746, 0, 0, 48704, 97887
2026/07/08 15:01:22.763, 1, 0, 48104, 97887
2026/07/08 15:01:22.778, 2, 0, 48104, 97887
2026/07/08 15:01:22.792, 3, 0, 48104, 97887
2026/07/08 15:01:22.806, 4, 94, 75430, 97887
2026/07/08 15:01:22.820, 5, 19, 75430, 97887
2026/07/08 15:01:22.835, 6, 100, 75410, 97887
2026/07/08 15:01:22.849, 7, 100, 75412, 97887
2026/07/08 15:01:23.863, 0, 0, 48704, 97887
2026/07/08 15:01:23.876, 1, 0, 48104, 97887
2026/07/08 15:01:23.889, 2, 0, 48104, 97887
2026/07/08 15:01:23.900, 3, 0, 48104, 97887
2026/07/08 15:01:23.910, 4, 95, 75430, 97887
2026/07/08 15:01:23.941, 5, 19, 75430, 97887
2026/07/08 15:01:23.955, 6, 100, 75412, 97887
2026/07/08 15:01:23.968, 7, 100, 75412, 97887
2026/07/08 15:01:24.983, 0, 0, 48704, 97887
2026/07/08 15:01:25.004, 1, 0, 48104, 97887
2026/07/08 15:01:25.023, 2, 0, 48104, 97887
2026/07/08 15:01:25.041, 3, 0, 48104, 97887
2026/07/08 15:01:25.059, 4, 94, 75430, 97887
2026/07/08 15:01:25.078, 5, 19, 75430, 97887
2026/07/08 15:01:25.096, 6, 94, 75412, 97887
2026/07/08 15:01:25.116, 7, 22, 75412, 97887
2026/07/08 15:01:26.136, 0, 0, 48704, 97887
2026/07/08 15:01:26.159, 1, 0, 48104, 97887
2026/07/08 15:01:26.178, 2, 0, 48104, 97887
2026/07/08 15:01:26.193, 3, 0, 48104, 97887
2026/07/08 15:01:26.211, 4, 92, 75430, 97887
2026/07/08 15:01:26.228, 5, 20, 75430, 97887
2026/07/08 15:01:26.242, 6, 89, 75412, 97887
2026/07/08 15:01:26.257, 7, 21, 75412, 97887
2026/07/08 15:01:27.271, 0, 0, 48704, 97887
2026/07/08 15:01:27.293, 1, 0, 48104, 97887
2026/07/08 15:01:27.311, 2, 0, 48104, 97887
2026/07/08 15:01:27.328, 3, 0, 48104, 97887
2026/07/08 15:01:27.345, 4, 90, 75430, 97887
2026/07/08 15:01:27.364, 5, 20, 75430, 97887
2026/07/08 15:01:27.383, 6, 89, 75412, 97887
2026/07/08 15:01:27.403, 7, 25, 75412, 97887
2026/07/08 15:01:28.420, 0, 0, 48704, 97887
2026/07/08 15:01:28.434, 1, 0, 48104, 97887
2026/07/08 15:01:28.449, 2, 0, 48104, 97887
2026/07/08 15:01:28.469, 3, 0, 48104, 97887
2026/07/08 15:01:28.488, 4, 94, 75430, 97887
2026/07/08 15:01:28.505, 5, 20, 75430, 97887
2026/07/08 15:01:28.522, 6, 92, 75412, 97887
2026/07/08 15:01:28.538, 7, 27, 75412, 97887
2026/07/08 15:01:29.556, 0, 0, 48704, 97887
2026/07/08 15:01:29.577, 1, 0, 48104, 97887
2026/07/08 15:01:29.596, 2, 0, 48104, 97887
2026/07/08 15:01:29.615, 3, 0, 48104, 97887
2026/07/08 15:01:29.634, 4, 94, 75430, 97887
2026/07/08 15:01:29.653, 5, 21, 75430, 97887
2026/07/08 15:01:29.670, 6, 94, 75412, 97887
2026/07/08 15:01:29.687, 7, 24, 75412, 97887
2026/07/08 15:01:30.705, 0, 0, 48704, 97887
2026/07/08 15:01:30.723, 1, 0, 48104, 97887
2026/07/08 15:01:30.740, 2, 0, 48104, 97887
2026/07/08 15:01:30.756, 3, 0, 48104, 97887
2026/07/08 15:01:30.775, 4, 94, 75430, 97887
2026/07/08 15:01:30.793, 5, 21, 75430, 97887
2026/07/08 15:01:30.812, 6, 95, 75412, 97887
2026/07/08 15:01:30.832, 7, 22, 75412, 97887
2026/07/08 15:01:31.852, 0, 0, 48704, 97887
2026/07/08 15:01:31.872, 1, 0, 48104, 97887
2026/07/08 15:01:31.890, 2, 0, 48104, 97887
2026/07/08 15:01:31.906, 3, 0, 48104, 97887
2026/07/08 15:01:31.925, 4, 74, 75430, 97887
2026/07/08 15:01:31.945, 5, 22, 75430, 97887
2026/07/08 15:01:31.964, 6, 94, 75412, 97887
2026/07/08 15:01:31.986, 7, 26, 75412, 97887
2026/07/08 15:01:33.005, 0, 0, 48704, 97887
2026/07/08 15:01:33.024, 1, 0, 48104, 97887
2026/07/08 15:01:33.051, 2, 0, 48104, 97887
2026/07/08 15:01:33.065, 3, 0, 48104, 97887
2026/07/08 15:01:33.082, 4, 95, 75430, 97887
2026/07/08 15:01:33.097, 5, 21, 75430, 97887
2026/07/08 15:01:33.115, 6, 93, 75412, 97887
2026/07/08 15:01:33.134, 7, 25, 75412, 97887
2026/07/08 15:01:34.154, 0, 0, 48704, 97887
2026/07/08 15:01:34.171, 1, 0, 48104, 97887
2026/07/08 15:01:34.188, 2, 0, 48104, 97887
2026/07/08 15:01:34.201, 3, 0, 48104, 97887
2026/07/08 15:01:34.217, 4, 91, 75430, 97887
2026/07/08 15:01:34.234, 5, 21, 75430, 97887
2026/07/08 15:01:34.250, 6, 90, 75412, 97887
2026/07/08 15:01:34.268, 7, 26, 75412, 97887
2026/07/08 15:01:35.284, 0, 0, 48704, 97887
2026/07/08 15:01:35.300, 1, 0, 48104, 97887
2026/07/08 15:01:35.316, 2, 0, 48104, 97887
2026/07/08 15:01:35.332, 3, 0, 48104, 97887
2026/07/08 15:01:35.348, 4, 94, 75430, 97887
2026/07/08 15:01:35.364, 5, 19, 75430, 97887
2026/07/08 15:01:35.381, 6, 87, 75412, 97887
2026/07/08 15:01:35.396, 7, 28, 75412, 97887
2026/07/08 15:01:36.414, 0, 0, 48704, 97887
2026/07/08 15:01:36.433, 1, 0, 48104, 97887
2026/07/08 15:01:36.450, 2, 0, 48104, 97887
2026/07/08 15:01:36.465, 3, 0, 48104, 97887
2026/07/08 15:01:36.484, 4, 94, 75430, 97887
2026/07/08 15:01:36.501, 5, 20, 75430, 97887
2026/07/08 15:01:36.517, 6, 96, 75412, 97887
2026/07/08 15:01:36.532, 7, 27, 75412, 97887
2026/07/08 15:01:37.547, 0, 0, 48704, 97887
2026/07/08 15:01:37.565, 1, 0, 48104, 97887
2026/07/08 15:01:37.583, 2, 0, 48104, 97887
2026/07/08 15:01:37.600, 3, 0, 48104, 97887
2026/07/08 15:01:37.615, 4, 28, 75430, 97887
2026/07/08 15:01:37.631, 5, 72, 75430, 97887
2026/07/08 15:01:37.649, 6, 92, 75412, 97887
2026/07/08 15:01:37.665, 7, 26, 75412, 97887
2026/07/08 15:01:38.682, 0, 0, 48704, 97887
2026/07/08 15:01:38.701, 1, 0, 48104, 97887
2026/07/08 15:01:38.719, 2, 0, 48104, 97887
2026/07/08 15:01:38.738, 3, 0, 48104, 97887
2026/07/08 15:01:38.755, 4, 94, 75430, 97887
2026/07/08 15:01:38.772, 5, 21, 75430, 97887
2026/07/08 15:01:38.791, 6, 93, 75412, 97887
2026/07/08 15:01:38.812, 7, 29, 75412, 97887
2026/07/08 15:01:39.828, 0, 0, 48704, 97887
2026/07/08 15:01:39.839, 1, 0, 48104, 97887
2026/07/08 15:01:39.850, 2, 0, 48104, 97887
2026/07/08 15:01:39.862, 3, 0, 48104, 97887
2026/07/08 15:01:39.874, 4, 94, 75430, 97887
2026/07/08 15:01:39.887, 5, 52, 75430, 97887
2026/07/08 15:01:39.900, 6, 90, 75412, 97887
2026/07/08 15:01:39.915, 7, 22, 75412, 97887
2026/07/08 15:01:40.926, 0, 0, 48704, 97887
2026/07/08 15:01:40.944, 1, 0, 48104, 97887
2026/07/08 15:01:40.959, 2, 0, 48104, 97887
2026/07/08 15:01:40.974, 3, 0, 48104, 97887
2026/07/08 15:01:40.987, 4, 80, 75430, 97887
2026/07/08 15:01:41.003, 5, 20, 75430, 97887
2026/07/08 15:01:41.019, 6, 95, 75412, 97887
2026/07/08 15:01:41.037, 7, 26, 75412, 97887
2026/07/08 15:01:42.056, 0, 0, 48704, 97887
2026/07/08 15:01:42.070, 1, 0, 48104, 97887
2026/07/08 15:01:42.084, 2, 0, 48104, 97887
2026/07/08 15:01:42.103, 3, 0, 48104, 97887
2026/07/08 15:01:42.120, 4, 92, 75430, 97887
2026/07/08 15:01:42.138, 5, 20, 75430, 97887
2026/07/08 15:01:42.155, 6, 91, 75412, 97887
2026/07/08 15:01:42.173, 7, 24, 75412, 97887
2026/07/08 15:01:43.191, 0, 0, 48704, 97887
2026/07/08 15:01:43.212, 1, 0, 48104, 97887
2026/07/08 15:01:43.230, 2, 0, 48104, 97887
2026/07/08 15:01:43.248, 3, 0, 48104, 97887
2026/07/08 15:01:43.265, 4, 94, 75430, 97887
2026/07/08 15:01:43.282, 5, 21, 75430, 97887
2026/07/08 15:01:43.302, 6, 94, 75412, 97887
2026/07/08 15:01:43.318, 7, 18, 75412, 97887
2026/07/08 15:01:44.335, 0, 0, 48704, 97887
2026/07/08 15:01:44.353, 1, 0, 48104, 97887
2026/07/08 15:01:44.370, 2, 0, 48104, 97887
2026/07/08 15:01:44.385, 3, 0, 48104, 97887
2026/07/08 15:01:44.398, 4, 94, 75430, 97887
2026/07/08 15:01:44.413, 5, 21, 75430, 97887
2026/07/08 15:01:44.426, 6, 96, 75412, 97887
2026/07/08 15:01:44.443, 7, 19, 75412, 97887
2026/07/08 15:01:45.461, 0, 0, 48704, 97887
2026/07/08 15:01:45.478, 1, 0, 48104, 97887
2026/07/08 15:01:45.494, 2, 0, 48104, 97887
2026/07/08 15:01:45.515, 3, 0, 48104, 97887
2026/07/08 15:01:45.534, 4, 84, 75430, 97887
2026/07/08 15:01:45.553, 5, 21, 75430, 97887
2026/07/08 15:01:45.570, 6, 92, 75412, 97887
2026/07/08 15:01:45.586, 7, 19, 75412, 97887
2026/07/08 15:01:46.603, 0, 0, 48704, 97887
2026/07/08 15:01:46.624, 1, 0, 48104, 97887
2026/07/08 15:01:46.644, 2, 0, 48104, 97887
2026/07/08 15:01:46.660, 3, 0, 48104, 97887
2026/07/08 15:01:46.678, 4, 95, 75430, 97887
2026/07/08 15:01:46.694, 5, 21, 75430, 97887
2026/07/08 15:01:46.712, 6, 97, 75412, 97887
2026/07/08 15:01:46.726, 7, 23, 75412, 97887
2026/07/08 15:01:47.738, 0, 0, 48704, 97887
2026/07/08 15:01:47.754, 1, 0, 48104, 97887
2026/07/08 15:01:47.767, 2, 0, 48104, 97887
2026/07/08 15:01:47.779, 3, 0, 48104, 97887
2026/07/08 15:01:47.793, 4, 86, 75430, 97887
2026/07/08 15:01:47.807, 5, 21, 75430, 97887
2026/07/08 15:01:47.821, 6, 92, 75412, 97887
2026/07/08 15:01:47.834, 7, 19, 75412, 97887
2026/07/08 15:01:48.843, 0, 0, 48704, 97887
2026/07/08 15:01:48.859, 1, 0, 48104, 97887
2026/07/08 15:01:48.874, 2, 0, 48104, 97887
2026/07/08 15:01:48.890, 3, 0, 48104, 97887
2026/07/08 15:01:48.904, 4, 80, 75430, 97887
2026/07/08 15:01:48.919, 5, 21, 75430, 97887
2026/07/08 15:01:48.934, 6, 91, 75412, 97887
2026/07/08 15:01:48.951, 7, 24, 75412, 97887
2026/07/08 15:01:49.967, 0, 0, 48704, 97887
2026/07/08 15:01:49.983, 1, 0, 48104, 97887
2026/07/08 15:01:49.998, 2, 0, 48104, 97887
2026/07/08 15:01:50.013, 3, 0, 48104, 97887
2026/07/08 15:01:50.028, 4, 94, 75430, 97887
2026/07/08 15:01:50.041, 5, 21, 75430, 97887
2026/07/08 15:01:50.053, 6, 94, 75412, 97887
2026/07/08 15:01:50.067, 7, 22, 75412, 97887
2026/07/08 15:01:51.083, 0, 0, 48704, 97887
2026/07/08 15:01:51.096, 1, 0, 48104, 97887
2026/07/08 15:01:51.105, 2, 0, 48104, 97887
2026/07/08 15:01:51.116, 3, 0, 48104, 97887
2026/07/08 15:01:51.132, 4, 94, 75430, 97887
2026/07/08 15:01:51.147, 5, 21, 75430, 97887
2026/07/08 15:01:51.166, 6, 94, 75412, 97887
2026/07/08 15:01:51.174, 7, 18, 75412, 97887
2026/07/08 15:01:52.183, 0, 0, 48704, 97887
2026/07/08 15:01:52.198, 1, 0, 48104, 97887
2026/07/08 15:01:52.213, 2, 0, 48104, 97887
2026/07/08 15:01:52.227, 3, 0, 48104, 97887
2026/07/08 15:01:52.242, 4, 78, 75430, 97887
2026/07/08 15:01:52.256, 5, 21, 75430, 97887
2026/07/08 15:01:52.271, 6, 92, 75412, 97887
2026/07/08 15:01:52.287, 7, 19, 75412, 97887
2026/07/08 15:01:53.304, 0, 0, 48704, 97887
2026/07/08 15:01:53.325, 1, 0, 48104, 97887
2026/07/08 15:01:53.345, 2, 0, 48104, 97887
2026/07/08 15:01:53.363, 3, 0, 48104, 97887
2026/07/08 15:01:53.382, 4, 82, 75430, 97887
2026/07/08 15:01:53.400, 5, 21, 75430, 97887
2026/07/08 15:01:53.419, 6, 88, 75412, 97887
2026/07/08 15:01:53.438, 7, 20, 75412, 97887
2026/07/08 15:01:54.456, 0, 0, 48704, 97887
2026/07/08 15:01:54.474, 1, 0, 48104, 97887
2026/07/08 15:01:54.492, 2, 0, 48104, 97887
2026/07/08 15:01:54.511, 3, 0, 48104, 97887
2026/07/08 15:01:54.530, 4, 69, 75430, 97887
2026/07/08 15:01:54.548, 5, 21, 75430, 97887
2026/07/08 15:01:54.567, 6, 88, 75412, 97887
2026/07/08 15:01:54.582, 7, 23, 75412, 97887
2026/07/08 15:01:55.596, 0, 0, 48704, 97887
2026/07/08 15:01:55.613, 1, 0, 48104, 97887
2026/07/08 15:01:55.626, 2, 0, 48104, 97887
2026/07/08 15:01:55.640, 3, 0, 48104, 97887
2026/07/08 15:01:55.657, 4, 94, 75430, 97887
2026/07/08 15:01:55.674, 5, 21, 75430, 97887
2026/07/08 15:01:55.689, 6, 89, 75412, 97887
2026/07/08 15:01:55.706, 7, 24, 75412, 97887
2026/07/08 15:01:56.723, 0, 0, 48704, 97887
2026/07/08 15:01:56.741, 1, 0, 48104, 97887
2026/07/08 15:01:56.760, 2, 0, 48104, 97887
2026/07/08 15:01:56.775, 3, 0, 48104, 97887
2026/07/08 15:01:56.791, 4, 91, 75430, 97887
2026/07/08 15:01:56.809, 5, 26, 75430, 97887
2026/07/08 15:01:56.825, 6, 95, 75412, 97887
2026/07/08 15:01:56.840, 7, 22, 75412, 97887
2026/07/08 15:01:57.857, 0, 0, 48704, 97887
2026/07/08 15:01:57.875, 1, 0, 48104, 97887
2026/07/08 15:01:57.894, 2, 0, 48104, 97887
2026/07/08 15:01:57.911, 3, 0, 48104, 97887
2026/07/08 15:01:57.927, 4, 84, 75430, 97887
2026/07/08 15:01:57.942, 5, 21, 75430, 97887
2026/07/08 15:01:57.958, 6, 82, 75412, 97887
2026/07/08 15:01:57.977, 7, 20, 75412, 97887
2026/07/08 15:01:58.993, 0, 0, 48704, 97887
2026/07/08 15:01:59.012, 1, 0, 48104, 97887
2026/07/08 15:01:59.029, 2, 0, 48104, 97887
2026/07/08 15:01:59.047, 3, 0, 48104, 97887
2026/07/08 15:01:59.065, 4, 94, 75430, 97887
2026/07/08 15:01:59.080, 5, 23, 75430, 97887
2026/07/08 15:01:59.095, 6, 92, 75412, 97887
2026/07/08 15:01:59.111, 7, 25, 75412, 97887
2026/07/08 15:02:00.127, 0, 0, 48704, 97887
2026/07/08 15:02:00.141, 1, 0, 48104, 97887
2026/07/08 15:02:00.151, 2, 0, 48104, 97887
2026/07/08 15:02:00.161, 3, 0, 48104, 97887
2026/07/08 15:02:00.171, 4, 71, 75430, 97887
2026/07/08 15:02:00.182, 5, 21, 75430, 97887
2026/07/08 15:02:00.193, 6, 95, 75412, 97887
2026/07/08 15:02:00.207, 7, 22, 75412, 97887
2026/07/08 15:02:01.219, 0, 0, 48704, 97887
2026/07/08 15:02:01.239, 1, 0, 48104, 97887
2026/07/08 15:02:01.255, 2, 0, 48104, 97887
2026/07/08 15:02:01.269, 3, 0, 48104, 97887
2026/07/08 15:02:01.284, 4, 95, 75430, 97887
2026/07/08 15:02:01.299, 5, 22, 75430, 97887
2026/07/08 15:02:01.318, 6, 93, 75412, 97887
2026/07/08 15:02:01.337, 7, 22, 75412, 97887
2026/07/08 15:02:02.357, 0, 0, 48704, 97887
2026/07/08 15:02:02.374, 1, 0, 48104, 97887
2026/07/08 15:02:02.391, 2, 0, 48104, 97887
2026/07/08 15:02:02.407, 3, 0, 48104, 97887
2026/07/08 15:02:02.424, 4, 61, 75430, 97887
2026/07/08 15:02:02.444, 5, 22, 75430, 97887
2026/07/08 15:02:02.462, 6, 87, 75412, 97887
2026/07/08 15:02:02.481, 7, 22, 75412, 97887
2026/07/08 15:02:03.499, 0, 0, 48704, 97887
2026/07/08 15:02:03.516, 1, 0, 48104, 97887
2026/07/08 15:02:03.530, 2, 0, 48104, 97887
2026/07/08 15:02:03.547, 3, 0, 48104, 97887
2026/07/08 15:02:03.561, 4, 94, 75430, 97887
2026/07/08 15:02:03.575, 5, 21, 75430, 97887
2026/07/08 15:02:03.591, 6, 96, 75412, 97887
2026/07/08 15:02:03.608, 7, 24, 75412, 97887
2026/07/08 15:02:04.623, 0, 0, 48704, 97887
2026/07/08 15:02:04.640, 1, 0, 48104, 97887
2026/07/08 15:02:04.657, 2, 0, 48104, 97887
2026/07/08 15:02:04.675, 3, 0, 48104, 97887
2026/07/08 15:02:04.694, 4, 81, 75430, 97887
2026/07/08 15:02:04.713, 5, 21, 75430, 97887
2026/07/08 15:02:04.729, 6, 96, 75412, 97887
2026/07/08 15:02:04.745, 7, 25, 75412, 97887
2026/07/08 15:02:05.762, 0, 0, 48704, 97887
2026/07/08 15:02:05.779, 1, 0, 48104, 97887
2026/07/08 15:02:05.793, 2, 0, 48104, 97887
2026/07/08 15:02:05.809, 3, 0, 48104, 97887
2026/07/08 15:02:05.825, 4, 87, 75430, 97887
2026/07/08 15:02:05.842, 5, 9, 75430, 97887
2026/07/08 15:02:05.857, 6, 96, 75412, 97887
2026/07/08 15:02:05.871, 7, 25, 75412, 97887
2026/07/08 15:02:06.886, 0, 0, 48704, 97887
2026/07/08 15:02:06.903, 1, 0, 48104, 97887
2026/07/08 15:02:06.920, 2, 0, 48104, 97887
2026/07/08 15:02:06.937, 3, 0, 48104, 97887
2026/07/08 15:02:06.953, 4, 49, 75430, 97887
2026/07/08 15:02:06.969, 5, 21, 75430, 97887
2026/07/08 15:02:06.986, 6, 0, 75412, 97887
2026/07/08 15:02:07.001, 7, 0, 75412, 97887
2026/07/08 15:02:08.017, 0, 0, 48704, 97887
2026/07/08 15:02:08.032, 1, 0, 48104, 97887
2026/07/08 15:02:08.049, 2, 0, 48104, 97887
2026/07/08 15:02:08.065, 3, 0, 48104, 97887
2026/07/08 15:02:08.079, 4, 74, 75430, 97887
2026/07/08 15:02:08.096, 5, 17, 75430, 97887
2026/07/08 15:02:08.111, 6, 0, 75412, 97887
2026/07/08 15:02:08.127, 7, 0, 75412, 97887
2026/07/08 15:02:09.145, 0, 0, 48704, 97887
2026/07/08 15:02:09.166, 1, 0, 48104, 97887
2026/07/08 15:02:09.185, 2, 0, 48104, 97887
2026/07/08 15:02:09.203, 3, 0, 48104, 97887
2026/07/08 15:02:09.222, 4, 81, 75430, 97887
2026/07/08 15:02:09.241, 5, 16, 75430, 97887
2026/07/08 15:02:09.261, 6, 31, 75412, 97887
2026/07/08 15:02:09.275, 7, 78, 75412, 97887
2026/07/08 15:02:10.292, 0, 0, 48704, 97887
2026/07/08 15:02:10.307, 1, 0, 48104, 97887
2026/07/08 15:02:10.321, 2, 0, 48104, 97887
2026/07/08 15:02:10.340, 3, 0, 48104, 97887
2026/07/08 15:02:10.359, 4, 95, 75430, 97887
2026/07/08 15:02:10.376, 5, 51, 75430, 97887
2026/07/08 15:02:10.391, 6, 28, 75412, 97887
2026/07/08 15:02:10.405, 7, 52, 75412, 97887
2026/07/08 15:02:11.419, 0, 0, 48704, 97887
2026/07/08 15:02:11.436, 1, 0, 48104, 97887
2026/07/08 15:02:11.468, 2, 0, 48104, 97887
2026/07/08 15:02:11.483, 3, 0, 48104, 97887
2026/07/08 15:02:11.498, 4, 100, 75430, 97887
2026/07/08 15:02:11.514, 5, 100, 75430, 97887
2026/07/08 15:02:11.531, 6, 33, 75412, 97887
2026/07/08 15:02:11.545, 7, 83, 75412, 97887
2026/07/08 15:02:12.559, 0, 0, 48704, 97887
2026/07/08 15:02:12.571, 1, 0, 48104, 97887
2026/07/08 15:02:12.580, 2, 0, 48104, 97887
2026/07/08 15:02:12.591, 3, 0, 48104, 97887
2026/07/08 15:02:12.604, 4, 95, 75432, 97887
2026/07/08 15:02:12.622, 5, 21, 75432, 97887
2026/07/08 15:02:12.640, 6, 19, 75412, 97887
2026/07/08 15:02:12.658, 7, 90, 75412, 97887
2026/07/08 15:02:13.676, 0, 0, 48704, 97887
2026/07/08 15:02:13.694, 1, 0, 48104, 97887
2026/07/08 15:02:13.711, 2, 0, 48104, 97887
2026/07/08 15:02:13.727, 3, 0, 48104, 97887
2026/07/08 15:02:13.744, 4, 94, 75432, 97887
2026/07/08 15:02:13.762, 5, 23, 75432, 97887
2026/07/08 15:02:13.782, 6, 30, 75412, 97887
2026/07/08 15:02:13.799, 7, 69, 75412, 97887
2026/07/08 15:02:14.813, 0, 0, 48704, 97887
2026/07/08 15:02:14.828, 1, 0, 48104, 97887
2026/07/08 15:02:14.845, 2, 0, 48104, 97887
2026/07/08 15:02:14.862, 3, 0, 48104, 97887
2026/07/08 15:02:14.879, 4, 95, 75432, 97887
2026/07/08 15:02:14.895, 5, 21, 75432, 97887
2026/07/08 15:02:14.910, 6, 23, 75412, 97887
2026/07/08 15:02:14.927, 7, 85, 75412, 97887
2026/07/08 15:02:15.944, 0, 0, 48704, 97887
2026/07/08 15:02:15.978, 1, 0, 48104, 97887
2026/07/08 15:02:15.993, 2, 0, 48104, 97887
2026/07/08 15:02:16.014, 3, 0, 48104, 97887
2026/07/08 15:02:16.030, 4, 94, 75432, 97887
2026/07/08 15:02:16.049, 5, 22, 75432, 97887
2026/07/08 15:02:16.064, 6, 34, 75412, 97887
2026/07/08 15:02:16.089, 7, 81, 75412, 97887
2026/07/08 15:02:17.106, 0, 0, 48704, 97887
2026/07/08 15:02:17.124, 1, 0, 48104, 97887
2026/07/08 15:02:17.139, 2, 0, 48104, 97887
2026/07/08 15:02:17.159, 3, 0, 48104, 97887
2026/07/08 15:02:17.175, 4, 64, 75432, 97887
2026/07/08 15:02:17.189, 5, 23, 75432, 97887
2026/07/08 15:02:17.204, 6, 27, 75412, 97887
2026/07/08 15:02:17.220, 7, 83, 75412, 97887
2026/07/08 15:02:18.240, 0, 0, 48704, 97887
2026/07/08 15:02:18.254, 1, 0, 48104, 97887
2026/07/08 15:02:18.271, 2, 0, 48104, 97887
2026/07/08 15:02:18.289, 3, 0, 48104, 97887
2026/07/08 15:02:18.307, 4, 94, 75432, 97887
2026/07/08 15:02:18.323, 5, 21, 75432, 97887
2026/07/08 15:02:18.338, 6, 35, 75412, 97887
2026/07/08 15:02:18.354, 7, 70, 75412, 97887
2026/07/08 15:02:19.369, 0, 0, 48704, 97887
2026/07/08 15:02:19.390, 1, 0, 48104, 97887
2026/07/08 15:02:19.407, 2, 0, 48104, 97887
2026/07/08 15:02:19.421, 3, 0, 48104, 97887
2026/07/08 15:02:19.444, 4, 76, 75432, 97887
2026/07/08 15:02:19.470, 5, 22, 75432, 97887
2026/07/08 15:02:19.487, 6, 27, 75412, 97887
2026/07/08 15:02:19.506, 7, 85, 75412, 97887
2026/07/08 15:02:20.527, 0, 0, 48704, 97887
2026/07/08 15:02:20.550, 1, 0, 48104, 97887
2026/07/08 15:02:20.566, 2, 0, 48104, 97887
2026/07/08 15:02:20.582, 3, 0, 48104, 97887
2026/07/08 15:02:20.598, 4, 87, 75432, 97887
2026/07/08 15:02:20.616, 5, 20, 75432, 97887
2026/07/08 15:02:20.635, 6, 22, 75412, 97887
2026/07/08 15:02:20.650, 7, 87, 75412, 97887
2026/07/08 15:02:21.665, 0, 0, 48704, 97887
2026/07/08 15:02:21.686, 1, 0, 48104, 97887
2026/07/08 15:02:21.705, 2, 0, 48104, 97887
2026/07/08 15:02:21.725, 3, 0, 48104, 97887
2026/07/08 15:02:21.744, 4, 83, 75432, 97887
2026/07/08 15:02:21.763, 5, 24, 75432, 97887
2026/07/08 15:02:21.783, 6, 18, 75412, 97887
2026/07/08 15:02:21.802, 7, 91, 75412, 97887
2026/07/08 15:02:22.828, 0, 0, 48704, 97887
2026/07/08 15:02:22.847, 1, 0, 48104, 97887
2026/07/08 15:02:22.866, 2, 0, 48104, 97887
2026/07/08 15:02:22.882, 3, 0, 48104, 97887
2026/07/08 15:02:22.901, 4, 91, 75432, 97887
2026/07/08 15:02:22.919, 5, 22, 75432, 97887
2026/07/08 15:02:22.939, 6, 22, 75412, 97887
2026/07/08 15:02:22.955, 7, 90, 75412, 97887
2026/07/08 15:02:23.972, 0, 0, 48704, 97887
2026/07/08 15:02:23.992, 1, 0, 48104, 97887
2026/07/08 15:02:24.011, 2, 0, 48104, 97887
2026/07/08 15:02:24.030, 3, 0, 48104, 97887
2026/07/08 15:02:24.048, 4, 95, 75432, 97887
2026/07/08 15:02:24.068, 5, 21, 75432, 97887
2026/07/08 15:02:24.086, 6, 25, 75412, 97887
2026/07/08 15:02:24.108, 7, 48, 75412, 97887
2026/07/08 15:02:25.127, 0, 0, 48704, 97887
2026/07/08 15:02:25.146, 1, 0, 48104, 97887
2026/07/08 15:02:25.163, 2, 0, 48104, 97887
2026/07/08 15:02:25.182, 3, 0, 48104, 97887
2026/07/08 15:02:25.199, 4, 83, 75432, 97887
2026/07/08 15:02:25.217, 5, 21, 75432, 97887
2026/07/08 15:02:25.234, 6, 22, 75412, 97887
2026/07/08 15:02:25.252, 7, 93, 75412, 97887
2026/07/08 15:02:26.267, 0, 0, 48704, 97887
2026/07/08 15:02:26.287, 1, 0, 48104, 97887
2026/07/08 15:02:26.304, 2, 0, 48104, 97887
2026/07/08 15:02:26.323, 3, 0, 48104, 97887
2026/07/08 15:02:26.341, 4, 88, 75432, 97887
2026/07/08 15:02:26.358, 5, 21, 75432, 97887
2026/07/08 15:02:26.376, 6, 21, 75412, 97887
2026/07/08 15:02:26.395, 7, 82, 75412, 97887
2026/07/08 15:02:27.413, 0, 0, 48704, 97887
2026/07/08 15:02:27.438, 1, 0, 48104, 97887
2026/07/08 15:02:27.462, 2, 0, 48104, 97887
2026/07/08 15:02:27.481, 3, 0, 48104, 97887
2026/07/08 15:02:27.499, 4, 57, 75432, 97887
2026/07/08 15:02:27.518, 5, 41, 75432, 97887
2026/07/08 15:02:27.533, 6, 20, 75412, 97887
2026/07/08 15:02:27.553, 7, 85, 75412, 97887
2026/07/08 15:02:28.571, 0, 0, 48704, 97887
2026/07/08 15:02:28.591, 1, 0, 48104, 97887
2026/07/08 15:02:28.609, 2, 0, 48104, 97887
2026/07/08 15:02:28.626, 3, 0, 48104, 97887
2026/07/08 15:02:28.646, 4, 95, 75432, 97887
2026/07/08 15:02:28.665, 5, 21, 75432, 97887
2026/07/08 15:02:28.685, 6, 38, 75412, 97887
2026/07/08 15:02:28.705, 7, 66, 75412, 97887
2026/07/08 15:02:29.724, 0, 0, 48704, 97887
2026/07/08 15:02:29.743, 1, 0, 48104, 97887
2026/07/08 15:02:29.761, 2, 0, 48104, 97887
2026/07/08 15:02:29.779, 3, 0, 48104, 97887
2026/07/08 15:02:29.797, 4, 90, 75432, 97887
2026/07/08 15:02:29.817, 5, 21, 75432, 97887
2026/07/08 15:02:29.837, 6, 19, 75412, 97887
2026/07/08 15:02:29.854, 7, 89, 75412, 97887
2026/07/08 15:02:30.870, 0, 0, 48704, 97887
2026/07/08 15:02:30.888, 1, 0, 48104, 97887
2026/07/08 15:02:30.907, 2, 0, 48104, 97887
2026/07/08 15:02:30.926, 3, 0, 48104, 97887
2026/07/08 15:02:30.945, 4, 95, 75432, 97887
2026/07/08 15:02:30.965, 5, 21, 75432, 97887
2026/07/08 15:02:30.987, 6, 23, 75412, 97887
2026/07/08 15:02:31.002, 7, 69, 75412, 97887
2026/07/08 15:02:32.019, 0, 0, 48704, 97887
2026/07/08 15:02:32.038, 1, 0, 48104, 97887
2026/07/08 15:02:32.056, 2, 0, 48104, 97887
2026/07/08 15:02:32.074, 3, 0, 48104, 97887
2026/07/08 15:02:32.093, 4, 94, 75432, 97887
2026/07/08 15:02:32.114, 5, 21, 75432, 97887
2026/07/08 15:02:32.132, 6, 34, 75412, 97887
2026/07/08 15:02:32.152, 7, 86, 75412, 97887
2026/07/08 15:02:33.170, 0, 0, 48704, 97887
2026/07/08 15:02:33.183, 1, 0, 48104, 97887
2026/07/08 15:02:33.197, 2, 0, 48104, 97887
2026/07/08 15:02:33.211, 3, 0, 48104, 97887
2026/07/08 15:02:33.226, 4, 94, 75432, 97887
2026/07/08 15:02:33.243, 5, 20, 75432, 97887
2026/07/08 15:02:33.260, 6, 28, 75412, 97887
2026/07/08 15:02:33.276, 7, 78, 75412, 97887
2026/07/08 15:02:34.290, 0, 0, 48704, 97887
2026/07/08 15:02:34.307, 1, 0, 48104, 97887
2026/07/08 15:02:34.325, 2, 0, 48104, 97887
2026/07/08 15:02:34.344, 3, 0, 48104, 97887
2026/07/08 15:02:34.363, 4, 94, 75432, 97887
2026/07/08 15:02:34.382, 5, 21, 75432, 97887
2026/07/08 15:02:34.400, 6, 25, 75412, 97887
2026/07/08 15:02:34.417, 7, 88, 75412, 97887
2026/07/08 15:02:35.434, 0, 0, 48704, 97887
2026/07/08 15:02:35.448, 1, 0, 48104, 97887
2026/07/08 15:02:35.460, 2, 0, 48104, 97887
2026/07/08 15:02:35.478, 3, 0, 48104, 97887
2026/07/08 15:02:35.499, 4, 95, 75432, 97887
2026/07/08 15:02:35.518, 5, 21, 75432, 97887
2026/07/08 15:02:35.534, 6, 21, 75412, 97887
2026/07/08 15:02:35.552, 7, 88, 75412, 97887
2026/07/08 15:02:36.566, 0, 0, 48704, 97887
2026/07/08 15:02:36.584, 1, 0, 48104, 97887
2026/07/08 15:02:36.601, 2, 0, 48104, 97887
2026/07/08 15:02:36.620, 3, 0, 48104, 97887
2026/07/08 15:02:36.638, 4, 94, 75432, 97887
2026/07/08 15:02:36.655, 5, 20, 75432, 97887
2026/07/08 15:02:36.672, 6, 21, 75412, 97887
2026/07/08 15:02:36.690, 7, 87, 75412, 97887
2026/07/08 15:02:37.708, 0, 0, 48704, 97887
2026/07/08 15:02:37.725, 1, 0, 48104, 97887
2026/07/08 15:02:37.742, 2, 0, 48104, 97887
2026/07/08 15:02:37.763, 3, 0, 48104, 97887
2026/07/08 15:02:37.782, 4, 93, 75432, 97887
2026/07/08 15:02:37.800, 5, 19, 75432, 97887
2026/07/08 15:02:37.817, 6, 65, 75412, 97887
2026/07/08 15:02:37.833, 7, 21, 75412, 97887
2026/07/08 15:02:38.850, 0, 0, 48704, 97887
2026/07/08 15:02:38.869, 1, 0, 48104, 97887
2026/07/08 15:02:38.887, 2, 0, 48104, 97887
2026/07/08 15:02:38.906, 3, 0, 48104, 97887
2026/07/08 15:02:38.925, 4, 94, 75432, 97887
2026/07/08 15:02:38.946, 5, 21, 75432, 97887
2026/07/08 15:02:38.965, 6, 88, 75412, 97887
2026/07/08 15:02:38.986, 7, 23, 75412, 97887
2026/07/08 15:02:40.003, 0, 0, 48704, 97887
2026/07/08 15:02:40.025, 1, 0, 48104, 97887
2026/07/08 15:02:40.043, 2, 0, 48104, 97887
2026/07/08 15:02:40.060, 3, 0, 48104, 97887
2026/07/08 15:02:40.078, 4, 88, 75432, 97887
2026/07/08 15:02:40.096, 5, 21, 75432, 97887
2026/07/08 15:02:40.114, 6, 84, 75412, 97887
2026/07/08 15:02:40.134, 7, 19, 75412, 97887
2026/07/08 15:02:41.151, 0, 0, 48704, 97887
2026/07/08 15:02:41.170, 1, 0, 48104, 97887
2026/07/08 15:02:41.190, 2, 0, 48104, 97887
2026/07/08 15:02:41.209, 3, 0, 48104, 97887
2026/07/08 15:02:41.226, 4, 94, 75432, 97887
2026/07/08 15:02:41.244, 5, 21, 75432, 97887
2026/07/08 15:02:41.264, 6, 85, 75412, 97887
2026/07/08 15:02:41.282, 7, 22, 75412, 97887
2026/07/08 15:02:42.301, 0, 0, 48704, 97887
2026/07/08 15:02:42.322, 1, 0, 48104, 97887
2026/07/08 15:02:42.342, 2, 0, 48104, 97887
2026/07/08 15:02:42.360, 3, 0, 48104, 97887
2026/07/08 15:02:42.380, 4, 85, 75432, 97887
2026/07/08 15:02:42.398, 5, 21, 75432, 97887
2026/07/08 15:02:42.416, 6, 81, 75412, 97887
2026/07/08 15:02:42.429, 7, 18, 75412, 97887
2026/07/08 15:02:43.443, 0, 0, 48704, 97887
2026/07/08 15:02:43.462, 1, 0, 48104, 97887
2026/07/08 15:02:43.482, 2, 0, 48104, 97887
2026/07/08 15:02:43.498, 3, 0, 48104, 97887
2026/07/08 15:02:43.514, 4, 95, 75432, 97887
2026/07/08 15:02:43.530, 5, 21, 75432, 97887
2026/07/08 15:02:43.550, 6, 92, 75412, 97887
2026/07/08 15:02:43.568, 7, 24, 75412, 97887
2026/07/08 15:02:44.585, 0, 0, 48704, 97887
2026/07/08 15:02:44.602, 1, 0, 48104, 97887
2026/07/08 15:02:44.618, 2, 0, 48104, 97887
2026/07/08 15:02:44.634, 3, 0, 48104, 97887
2026/07/08 15:02:44.649, 4, 87, 75432, 97887
2026/07/08 15:02:44.662, 5, 21, 75432, 97887
2026/07/08 15:02:44.674, 6, 31, 75412, 97887
2026/07/08 15:02:44.688, 7, 44, 75412, 97887
2026/07/08 15:02:45.704, 0, 0, 48704, 97887
2026/07/08 15:02:45.724, 1, 0, 48104, 97887
2026/07/08 15:02:45.742, 2, 0, 48104, 97887
2026/07/08 15:02:45.759, 3, 0, 48104, 97887
2026/07/08 15:02:45.781, 4, 88, 75432, 97887
2026/07/08 15:02:45.801, 5, 45, 75432, 97887
2026/07/08 15:02:45.819, 6, 96, 75412, 97887
2026/07/08 15:02:45.839, 7, 23, 75412, 97887
2026/07/08 15:02:46.858, 0, 0, 48704, 97887
2026/07/08 15:02:46.879, 1, 0, 48104, 97887
2026/07/08 15:02:46.901, 2, 0, 48104, 97887
2026/07/08 15:02:46.921, 3, 0, 48104, 97887
2026/07/08 15:02:46.941, 4, 95, 75432, 97887
2026/07/08 15:02:46.960, 5, 21, 75432, 97887
2026/07/08 15:02:46.980, 6, 89, 75412, 97887
2026/07/08 15:02:46.998, 7, 21, 75412, 97887
2026/07/08 15:02:48.015, 0, 0, 48704, 97887
2026/07/08 15:02:48.035, 1, 0, 48104, 97887
2026/07/08 15:02:48.050, 2, 0, 48104, 97887
2026/07/08 15:02:48.071, 3, 0, 48104, 97887
2026/07/08 15:02:48.080, 4, 95, 75432, 97887
2026/07/08 15:02:48.091, 5, 21, 75432, 97887
2026/07/08 15:02:48.105, 6, 82, 75412, 97887
2026/07/08 15:02:48.119, 7, 23, 75412, 97887
2026/07/08 15:02:49.135, 0, 0, 48704, 97887
2026/07/08 15:02:49.152, 1, 0, 48104, 97887
2026/07/08 15:02:49.170, 2, 0, 48104, 97887
2026/07/08 15:02:49.188, 3, 0, 48104, 97887
2026/07/08 15:02:49.203, 4, 94, 75432, 97887
2026/07/08 15:02:49.219, 5, 21, 75432, 97887
2026/07/08 15:02:49.235, 6, 94, 75412, 97887
2026/07/08 15:02:49.252, 7, 23, 75412, 97887
2026/07/08 15:02:50.271, 0, 0, 48704, 97887
2026/07/08 15:02:50.290, 1, 0, 48104, 97887
2026/07/08 15:02:50.311, 2, 0, 48104, 97887
2026/07/08 15:02:50.331, 3, 0, 48104, 97887
2026/07/08 15:02:50.350, 4, 91, 75432, 97887
2026/07/08 15:02:50.368, 5, 36, 75432, 97887
2026/07/08 15:02:50.382, 6, 93, 75412, 97887
2026/07/08 15:02:50.399, 7, 21, 75412, 97887
2026/07/08 15:02:51.415, 0, 0, 48704, 97887
2026/07/08 15:02:51.436, 1, 0, 48104, 97887
2026/07/08 15:02:51.455, 2, 0, 48104, 97887
2026/07/08 15:02:51.478, 3, 0, 48104, 97887
2026/07/08 15:02:51.497, 4, 94, 75432, 97887
2026/07/08 15:02:51.515, 5, 23, 75432, 97887
2026/07/08 15:02:51.532, 6, 0, 75412, 97887
2026/07/08 15:02:51.551, 7, 0, 75412, 97887
2026/07/08 15:02:52.571, 0, 0, 48704, 97887
2026/07/08 15:02:52.588, 1, 0, 48104, 97887
2026/07/08 15:02:52.601, 2, 0, 48104, 97887
2026/07/08 15:02:52.618, 3, 0, 48104, 97887
2026/07/08 15:02:52.635, 4, 88, 75432, 97887
2026/07/08 15:02:52.653, 5, 21, 75432, 97887
2026/07/08 15:02:52.670, 6, 95, 75412, 97887
2026/07/08 15:02:52.687, 7, 67, 75412, 97887
2026/07/08 15:02:53.706, 0, 0, 48704, 97887
2026/07/08 15:02:53.724, 1, 0, 48104, 97887
2026/07/08 15:02:53.741, 2, 0, 48104, 97887
2026/07/08 15:02:53.759, 3, 0, 48104, 97887
2026/07/08 15:02:53.775, 4, 94, 75432, 97887
2026/07/08 15:02:53.795, 5, 21, 75432, 97887
2026/07/08 15:02:53.811, 6, 91, 75412, 97887
2026/07/08 15:02:53.826, 7, 21, 75412, 97887
2026/07/08 15:02:54.843, 0, 0, 48704, 97887
2026/07/08 15:02:54.862, 1, 0, 48104, 97887
2026/07/08 15:02:54.880, 2, 0, 48104, 97887
2026/07/08 15:02:54.900, 3, 0, 48104, 97887
2026/07/08 15:02:54.919, 4, 95, 75432, 97887
2026/07/08 15:02:54.950, 5, 20, 75432, 97887
2026/07/08 15:02:54.973, 6, 78, 75412, 97887
2026/07/08 15:02:55.008, 7, 21, 75412, 97887
2026/07/08 15:02:56.043, 0, 0, 48704, 97887
2026/07/08 15:02:56.061, 1, 0, 48104, 97887
2026/07/08 15:02:56.081, 2, 0, 48104, 97887
2026/07/08 15:02:56.097, 3, 0, 48104, 97887
2026/07/08 15:02:56.112, 4, 57, 75432, 97887
2026/07/08 15:02:56.127, 5, 29, 75432, 97887
2026/07/08 15:02:56.144, 6, 87, 75412, 97887
2026/07/08 15:02:56.162, 7, 21, 75412, 97887
2026/07/08 15:02:57.179, 0, 0, 48704, 97887
2026/07/08 15:02:57.199, 1, 0, 48104, 97887
2026/07/08 15:02:57.217, 2, 0, 48104, 97887
2026/07/08 15:02:57.234, 3, 0, 48104, 97887
2026/07/08 15:02:57.251, 4, 83, 75432, 97887
2026/07/08 15:02:57.265, 5, 21, 75432, 97887
2026/07/08 15:02:57.281, 6, 91, 75412, 97887
2026/07/08 15:02:57.300, 7, 21, 75412, 97887
2026/07/08 15:02:58.319, 0, 0, 48704, 97887
2026/07/08 15:02:58.335, 1, 0, 48104, 97887
2026/07/08 15:02:58.351, 2, 0, 48104, 97887
2026/07/08 15:02:58.369, 3, 0, 48104, 97887
2026/07/08 15:02:58.387, 4, 94, 75432, 97887
2026/07/08 15:02:58.403, 5, 21, 75432, 97887
2026/07/08 15:02:58.421, 6, 94, 75412, 97887
2026/07/08 15:02:58.439, 7, 25, 75412, 97887
2026/07/08 15:02:59.459, 0, 0, 48704, 97887
2026/07/08 15:02:59.475, 1, 0, 48104, 97887
2026/07/08 15:02:59.494, 2, 0, 48104, 97887
2026/07/08 15:02:59.513, 3, 0, 48104, 97887
2026/07/08 15:02:59.527, 4, 80, 75432, 97887
2026/07/08 15:02:59.541, 5, 22, 75432, 97887
2026/07/08 15:02:59.556, 6, 90, 75412, 97887
2026/07/08 15:02:59.571, 7, 22, 75412, 97887
2026/07/08 15:03:00.588, 0, 0, 48704, 97887
2026/07/08 15:03:00.602, 1, 0, 48104, 97887
2026/07/08 15:03:00.628, 2, 0, 48104, 97887
2026/07/08 15:03:00.653, 3, 0, 48104, 97887
2026/07/08 15:03:00.671, 4, 94, 75432, 97887
2026/07/08 15:03:00.687, 5, 21, 75432, 97887
2026/07/08 15:03:00.712, 6, 27, 75412, 97887
2026/07/08 15:03:00.748, 7, 80, 75412, 97887
2026/07/08 15:03:01.781, 0, 0, 48704, 97887
2026/07/08 15:03:01.795, 1, 0, 48104, 97887
2026/07/08 15:03:01.808, 2, 0, 48104, 97887
2026/07/08 15:03:01.824, 3, 0, 48104, 97887
2026/07/08 15:03:01.841, 4, 82, 75432, 97887
2026/07/08 15:03:01.857, 5, 19, 75432, 97887
2026/07/08 15:03:01.874, 6, 93, 75412, 97887
2026/07/08 15:03:01.888, 7, 19, 75412, 97887
2026/07/08 15:03:02.901, 0, 0, 48704, 97887
2026/07/08 15:03:02.919, 1, 0, 48104, 97887
2026/07/08 15:03:02.936, 2, 0, 48104, 97887
2026/07/08 15:03:02.955, 3, 0, 48104, 97887
2026/07/08 15:03:02.972, 4, 92, 75432, 97887
2026/07/08 15:03:02.990, 5, 17, 75432, 97887
2026/07/08 15:03:03.008, 6, 37, 75412, 97887
2026/07/08 15:03:03.022, 7, 49, 75412, 97887
2026/07/08 15:03:04.040, 0, 0, 48704, 97887
2026/07/08 15:03:04.051, 1, 0, 48104, 97887
2026/07/08 15:03:04.059, 2, 0, 48104, 97887
2026/07/08 15:03:04.072, 3, 0, 48104, 97887
2026/07/08 15:03:04.080, 4, 94, 75432, 97887
2026/07/08 15:03:04.093, 5, 19, 75432, 97887
2026/07/08 15:03:04.103, 6, 45, 75412, 97887
2026/07/08 15:03:04.112, 7, 32, 75412, 97887
2026/07/08 15:03:05.120, 0, 0, 48704, 97887
2026/07/08 15:03:05.139, 1, 0, 48104, 97887
2026/07/08 15:03:05.154, 2, 0, 48104, 97887
2026/07/08 15:03:05.171, 3, 0, 48104, 97887
2026/07/08 15:03:05.190, 4, 92, 75432, 97887
2026/07/08 15:03:05.207, 5, 21, 75432, 97887
2026/07/08 15:03:05.226, 6, 34, 75412, 97887
2026/07/08 15:03:05.242, 7, 39, 75412, 97887
2026/07/08 15:03:06.253, 0, 0, 48704, 97887
2026/07/08 15:03:06.272, 1, 0, 48104, 97887
2026/07/08 15:03:06.300, 2, 0, 48104, 97887
2026/07/08 15:03:06.316, 3, 0, 48104, 97887
2026/07/08 15:03:06.337, 4, 95, 75432, 97887
2026/07/08 15:03:06.357, 5, 21, 75432, 97887
2026/07/08 15:03:06.381, 6, 84, 75412, 97887
2026/07/08 15:03:06.405, 7, 23, 75412, 97887
2026/07/08 15:03:07.419, 0, 0, 48704, 97887
2026/07/08 15:03:07.435, 1, 0, 48104, 97887
2026/07/08 15:03:07.450, 2, 0, 48104, 97887
2026/07/08 15:03:07.469, 3, 0, 48104, 97887
2026/07/08 15:03:07.516, 4, 0, 75432, 97887
2026/07/08 15:03:07.547, 5, 100, 75432, 97887
2026/07/08 15:03:07.563, 6, 0, 75410, 97887
2026/07/08 15:03:07.580, 7, 0, 75410, 97887
2026/07/08 15:03:08.601, 0, 0, 48704, 97887
2026/07/08 15:03:08.623, 1, 0, 48104, 97887
2026/07/08 15:03:08.641, 2, 0, 48104, 97887
2026/07/08 15:03:08.659, 3, 0, 48104, 97887
2026/07/08 15:03:08.676, 4, 62, 22, 97887
2026/07/08 15:03:08.693, 5, 100, 75427, 97887
2026/07/08 15:03:08.708, 6, 0, 3, 97887
2026/07/08 15:03:08.970, 7, 0, 3, 97887
2026/07/08 15:03:09.985, 0, 0, 48692, 97887
2026/07/08 15:03:10.004, 1, 0, 48096, 97887
2026/07/08 15:03:10.029, 2, 0, 48096, 97887
2026/07/08 15:03:10.044, 3, 0, 48096, 97887
2026/07/08 15:03:10.061, 4, 0, 3, 97887
2026/07/08 15:03:10.085, 5, 100, 3, 97887
2026/07/08 15:03:10.101, 6, 0, 3, 97887
2026/07/08 15:03:10.115, 7, 0, 3, 97887
2026/07/08 15:03:11.129, 0, 0, 48692, 97887
2026/07/08 15:03:11.145, 1, 0, 48096, 97887
2026/07/08 15:03:11.162, 2, 0, 48096, 97887
2026/07/08 15:03:11.174, 3, 0, 48096, 97887
2026/07/08 15:03:11.190, 4, 0, 3, 97887
2026/07/08 15:03:11.205, 5, 100, 3, 97887
2026/07/08 15:03:11.218, 6, 0, 3, 97887
2026/07/08 15:03:11.234, 7, 0, 3, 97887
