timestamp, index, utilization.gpu [%], memory.used [MiB], memory.total [MiB]
2026/07/08 16:52:53.569, 0, 0, 0, 97887
2026/07/08 16:52:53.585, 1, 0, 0, 97887
2026/07/08 16:52:53.600, 2, 0, 0, 97887
2026/07/08 16:52:53.615, 3, 0, 0, 97887
2026/07/08 16:52:53.629, 4, 0, 0, 97887
2026/07/08 16:52:53.643, 5, 0, 0, 97887
2026/07/08 16:52:53.657, 6, 0, 0, 97887
2026/07/08 16:52:53.672, 7, 0, 0, 97887
2026/07/08 16:52:54.687, 0, 0, 0, 97887
2026/07/08 16:52:54.701, 1, 0, 0, 97887
2026/07/08 16:52:54.715, 2, 0, 0, 97887
2026/07/08 16:52:54.729, 3, 0, 0, 97887
2026/07/08 16:52:54.744, 4, 0, 0, 97887
2026/07/08 16:52:54.760, 5, 0, 0, 97887
2026/07/08 16:52:54.773, 6, 0, 0, 97887
2026/07/08 16:52:54.789, 7, 0, 0, 97887
2026/07/08 16:52:55.803, 0, 0, 0, 97887
2026/07/08 16:52:55.817, 1, 0, 0, 97887
2026/07/08 16:52:55.830, 2, 0, 0, 97887
2026/07/08 16:52:55.843, 3, 0, 0, 97887
2026/07/08 16:52:55.857, 4, 0, 0, 97887
2026/07/08 16:52:55.873, 5, 0, 0, 97887
2026/07/08 16:52:55.885, 6, 0, 0, 97887
2026/07/08 16:52:55.897, 7, 0, 0, 97887
2026/07/08 16:52:56.911, 0, 0, 0, 97887
2026/07/08 16:52:56.922, 1, 0, 0, 97887
2026/07/08 16:52:56.931, 2, 0, 0, 97887
2026/07/08 16:52:56.941, 3, 0, 0, 97887
2026/07/08 16:52:56.949, 4, 0, 0, 97887
2026/07/08 16:52:56.957, 5, 0, 0, 97887
2026/07/08 16:52:56.967, 6, 0, 0, 97887
2026/07/08 16:52:56.977, 7, 0, 0, 97887
2026/07/08 16:52:57.987, 0, 0, 0, 97887
2026/07/08 16:52:58.002, 1, 0, 0, 97887
2026/07/08 16:52:58.015, 2, 0, 0, 97887
2026/07/08 16:52:58.032, 3, 0, 0, 97887
2026/07/08 16:52:58.046, 4, 0, 0, 97887
2026/07/08 16:52:58.059, 5, 0, 0, 97887
2026/07/08 16:52:58.075, 6, 0, 0, 97887
2026/07/08 16:52:58.089, 7, 0, 0, 97887
2026/07/08 16:52:59.108, 0, 0, 0, 97887
2026/07/08 16:52:59.126, 1, 0, 0, 97887
2026/07/08 16:52:59.139, 2, 0, 0, 97887
2026/07/08 16:52:59.154, 3, 0, 0, 97887
2026/07/08 16:52:59.171, 4, 0, 0, 97887
2026/07/08 16:52:59.188, 5, 0, 0, 97887
2026/07/08 16:52:59.205, 6, 0, 0, 97887
2026/07/08 16:52:59.219, 7, 0, 0, 97887
2026/07/08 16:53:00.229, 0, 0, 0, 97887
2026/07/08 16:53:00.247, 1, 0, 0, 97887
2026/07/08 16:53:00.261, 2, 0, 0, 97887
2026/07/08 16:53:00.278, 3, 0, 0, 97887
2026/07/08 16:53:00.295, 4, 0, 0, 97887
2026/07/08 16:53:00.314, 5, 0, 0, 97887
2026/07/08 16:53:00.334, 6, 0, 0, 97887
2026/07/08 16:53:00.352, 7, 0, 0, 97887
2026/07/08 16:53:01.370, 0, 0, 0, 97887
2026/07/08 16:53:01.384, 1, 0, 0, 97887
2026/07/08 16:53:01.400, 2, 0, 0, 97887
2026/07/08 16:53:01.414, 3, 0, 0, 97887
2026/07/08 16:53:01.426, 4, 0, 0, 97887
2026/07/08 16:53:01.439, 5, 0, 0, 97887
2026/07/08 16:53:01.453, 6, 0, 0, 97887
2026/07/08 16:53:01.468, 7, 0, 0, 97887
2026/07/08 16:53:02.482, 0, 0, 0, 97887
2026/07/08 16:53:02.496, 1, 0, 0, 97887
2026/07/08 16:53:02.510, 2, 0, 0, 97887
2026/07/08 16:53:02.521, 3, 0, 0, 97887
2026/07/08 16:53:02.530, 4, 0, 0, 97887
2026/07/08 16:53:02.539, 5, 0, 0, 97887
2026/07/08 16:53:02.551, 6, 0, 0, 97887
2026/07/08 16:53:02.561, 7, 0, 0, 97887
2026/07/08 16:53:03.574, 0, 0, 1, 97887
2026/07/08 16:53:03.593, 1, 0, 1, 97887
2026/07/08 16:53:03.612, 2, 0, 1, 97887
2026/07/08 16:53:03.632, 3, 0, 1, 97887
2026/07/08 16:53:03.680, 4, 0, 1, 97887
2026/07/08 16:53:03.701, 5, 0, 1, 97887
2026/07/08 16:53:03.717, 6, 0, 1, 97887
2026/07/08 16:53:03.734, 7, 0, 1, 97887
2026/07/08 16:53:04.760, 0, 0, 3, 97887
2026/07/08 16:53:04.778, 1, 0, 3, 97887
2026/07/08 16:53:04.795, 2, 0, 3, 97887
2026/07/08 16:53:04.810, 3, 0, 3, 97887
2026/07/08 16:53:04.826, 4, 0, 3, 97887
2026/07/08 16:53:04.843, 5, 0, 3, 97887
2026/07/08 16:53:04.860, 6, 0, 3, 97887
2026/07/08 16:53:04.878, 7, 0, 3, 97887
2026/07/08 16:53:05.896, 0, 0, 3, 97887
2026/07/08 16:53:05.914, 1, 0, 3, 97887
2026/07/08 16:53:05.927, 2, 0, 3, 97887
2026/07/08 16:53:05.942, 3, 0, 3, 97887
2026/07/08 16:53:05.959, 4, 0, 3, 97887
2026/07/08 16:53:05.976, 5, 0, 3, 97887
2026/07/08 16:53:05.990, 6, 0, 3, 97887
2026/07/08 16:53:06.004, 7, 0, 3, 97887
2026/07/08 16:53:07.020, 0, 0, 3, 97887
2026/07/08 16:53:07.038, 1, 0, 3, 97887
2026/07/08 16:53:07.054, 2, 0, 3, 97887
2026/07/08 16:53:07.070, 3, 0, 3, 97887
2026/07/08 16:53:07.083, 4, 0, 3, 97887
2026/07/08 16:53:07.099, 5, 0, 3, 97887
2026/07/08 16:53:07.116, 6, 0, 3, 97887
2026/07/08 16:53:07.134, 7, 0, 3, 97887
2026/07/08 16:53:08.152, 0, 0, 3, 97887
2026/07/08 16:53:08.170, 1, 0, 3, 97887
2026/07/08 16:53:08.187, 2, 0, 3, 97887
2026/07/08 16:53:08.203, 3, 0, 3, 97887
2026/07/08 16:53:08.219, 4, 0, 3, 97887
2026/07/08 16:53:08.236, 5, 0, 3, 97887
2026/07/08 16:53:08.253, 6, 0, 3, 97887
2026/07/08 16:53:08.268, 7, 0, 3, 97887
2026/07/08 16:53:09.284, 0, 0, 3, 97887
2026/07/08 16:53:09.301, 1, 0, 3, 97887
2026/07/08 16:53:09.317, 2, 0, 3, 97887
2026/07/08 16:53:09.331, 3, 0, 3, 97887
2026/07/08 16:53:09.347, 4, 0, 3, 97887
2026/07/08 16:53:09.364, 5, 0, 3, 97887
2026/07/08 16:53:09.380, 6, 0, 3, 97887
2026/07/08 16:53:09.398, 7, 0, 3, 97887
2026/07/08 16:53:10.416, 0, 0, 3, 97887
2026/07/08 16:53:10.434, 1, 0, 3, 97887
2026/07/08 16:53:10.450, 2, 0, 3, 97887
2026/07/08 16:53:10.465, 3, 0, 3, 97887
2026/07/08 16:53:10.480, 4, 0, 3, 97887
2026/07/08 16:53:10.493, 5, 0, 3, 97887
2026/07/08 16:53:10.511, 6, 0, 3, 97887
2026/07/08 16:53:10.528, 7, 0, 3, 97887
2026/07/08 16:53:11.544, 0, 0, 3, 97887
2026/07/08 16:53:11.559, 1, 0, 3, 97887
2026/07/08 16:53:11.574, 2, 0, 3, 97887
2026/07/08 16:53:11.589, 3, 0, 3, 97887
2026/07/08 16:53:11.604, 4, 0, 3, 97887
2026/07/08 16:53:11.621, 5, 0, 3, 97887
2026/07/08 16:53:11.634, 6, 0, 3, 97887
2026/07/08 16:53:11.646, 7, 0, 3, 97887
2026/07/08 16:53:12.659, 0, 0, 3, 97887
2026/07/08 16:53:12.676, 1, 0, 3, 97887
2026/07/08 16:53:12.691, 2, 0, 3, 97887
2026/07/08 16:53:12.705, 3, 0, 3, 97887
2026/07/08 16:53:12.721, 4, 0, 3, 97887
2026/07/08 16:53:12.736, 5, 0, 3, 97887
2026/07/08 16:53:12.751, 6, 0, 3, 97887
2026/07/08 16:53:12.765, 7, 0, 3, 97887
2026/07/08 16:53:13.781, 0, 0, 3, 97887
2026/07/08 16:53:13.797, 1, 0, 3, 97887
2026/07/08 16:53:13.811, 2, 0, 3, 97887
2026/07/08 16:53:13.823, 3, 0, 3, 97887
2026/07/08 16:53:13.837, 4, 0, 3, 97887
2026/07/08 16:53:13.847, 5, 0, 3, 97887
2026/07/08 16:53:13.855, 6, 0, 3, 97887
2026/07/08 16:53:13.866, 7, 0, 3, 97887
2026/07/08 16:53:14.880, 0, 0, 3, 97887
2026/07/08 16:53:14.895, 1, 0, 3, 97887
2026/07/08 16:53:14.908, 2, 0, 3, 97887
2026/07/08 16:53:14.921, 3, 0, 3, 97887
2026/07/08 16:53:14.933, 4, 0, 3, 97887
2026/07/08 16:53:14.943, 5, 0, 3, 97887
2026/07/08 16:53:14.955, 6, 0, 3, 97887
2026/07/08 16:53:14.965, 7, 0, 3, 97887
2026/07/08 16:53:15.978, 0, 0, 3, 97887
2026/07/08 16:53:15.990, 1, 0, 3, 97887
2026/07/08 16:53:16.003, 2, 0, 3, 97887
2026/07/08 16:53:16.016, 3, 0, 3, 97887
2026/07/08 16:53:16.029, 4, 0, 3, 97887
2026/07/08 16:53:16.042, 5, 0, 3, 97887
2026/07/08 16:53:16.054, 6, 0, 3, 97887
2026/07/08 16:53:16.067, 7, 0, 3, 97887
2026/07/08 16:53:17.081, 0, 0, 3, 97887
2026/07/08 16:53:17.096, 1, 0, 3, 97887
2026/07/08 16:53:17.110, 2, 0, 3, 97887
2026/07/08 16:53:17.123, 3, 0, 3, 97887
2026/07/08 16:53:17.137, 4, 0, 3, 97887
2026/07/08 16:53:17.151, 5, 0, 3, 97887
2026/07/08 16:53:17.165, 6, 0, 3, 97887
2026/07/08 16:53:17.179, 7, 0, 3, 97887
2026/07/08 16:53:18.192, 0, 0, 3, 97887
2026/07/08 16:53:18.210, 1, 0, 3, 97887
2026/07/08 16:53:18.226, 2, 0, 3, 97887
2026/07/08 16:53:18.240, 3, 0, 3, 97887
2026/07/08 16:53:18.257, 4, 0, 3, 97887
2026/07/08 16:53:18.268, 5, 0, 3, 97887
2026/07/08 16:53:18.280, 6, 0, 3, 97887
2026/07/08 16:53:18.296, 7, 0, 3, 97887
2026/07/08 16:53:19.310, 0, 0, 3, 97887
2026/07/08 16:53:19.324, 1, 0, 3, 97887
2026/07/08 16:53:19.339, 2, 0, 3, 97887
2026/07/08 16:53:19.353, 3, 0, 3, 97887
2026/07/08 16:53:19.367, 4, 0, 3, 97887
2026/07/08 16:53:19.380, 5, 0, 3, 97887
2026/07/08 16:53:19.397, 6, 0, 3, 97887
2026/07/08 16:53:19.413, 7, 0, 3, 97887
2026/07/08 16:53:20.431, 0, 0, 3, 97887
2026/07/08 16:53:20.451, 1, 0, 3, 97887
2026/07/08 16:53:20.469, 2, 0, 3, 97887
2026/07/08 16:53:20.485, 3, 0, 3, 97887
2026/07/08 16:53:20.502, 4, 0, 3, 97887
2026/07/08 16:53:20.520, 5, 0, 3, 97887
2026/07/08 16:53:20.537, 6, 0, 3, 97887
2026/07/08 16:53:20.556, 7, 0, 3, 97887
2026/07/08 16:53:21.574, 0, 0, 3, 97887
2026/07/08 16:53:21.589, 1, 0, 3, 97887
2026/07/08 16:53:21.603, 2, 0, 3, 97887
2026/07/08 16:53:21.622, 3, 0, 3, 97887
2026/07/08 16:53:21.637, 4, 0, 3, 97887
2026/07/08 16:53:21.651, 5, 0, 3, 97887
2026/07/08 16:53:21.666, 6, 0, 3, 97887
2026/07/08 16:53:21.681, 7, 0, 3, 97887
2026/07/08 16:53:22.694, 0, 0, 3, 97887
2026/07/08 16:53:22.710, 1, 0, 3, 97887
2026/07/08 16:53:22.727, 2, 0, 3, 97887
2026/07/08 16:53:22.743, 3, 0, 3, 97887
2026/07/08 16:53:22.759, 4, 0, 3, 97887
2026/07/08 16:53:22.775, 5, 0, 3, 97887
2026/07/08 16:53:22.793, 6, 0, 3, 97887
2026/07/08 16:53:22.809, 7, 0, 3, 97887
2026/07/08 16:53:23.823, 0, 0, 3, 97887
2026/07/08 16:53:23.840, 1, 0, 3, 97887
2026/07/08 16:53:23.857, 2, 0, 3, 97887
2026/07/08 16:53:23.872, 3, 0, 3, 97887
2026/07/08 16:53:23.888, 4, 0, 3, 97887
2026/07/08 16:53:23.904, 5, 0, 3, 97887
2026/07/08 16:53:23.918, 6, 0, 3, 97887
2026/07/08 16:53:23.931, 7, 0, 3, 97887
2026/07/08 16:53:24.948, 0, 0, 3, 97887
2026/07/08 16:53:24.961, 1, 0, 3, 97887
2026/07/08 16:53:24.975, 2, 0, 3, 97887
2026/07/08 16:53:24.991, 3, 0, 3, 97887
2026/07/08 16:53:25.006, 4, 0, 3, 97887
2026/07/08 16:53:25.018, 5, 0, 3, 97887
2026/07/08 16:53:25.029, 6, 0, 3, 97887
2026/07/08 16:53:25.042, 7, 0, 3, 97887
2026/07/08 16:53:26.054, 0, 0, 3, 97887
2026/07/08 16:53:26.070, 1, 0, 3, 97887
2026/07/08 16:53:26.081, 2, 0, 3, 97887
2026/07/08 16:53:26.096, 3, 0, 3, 97887
2026/07/08 16:53:26.108, 4, 0, 3, 97887
2026/07/08 16:53:26.121, 5, 0, 3, 97887
2026/07/08 16:53:26.135, 6, 0, 3, 97887
2026/07/08 16:53:26.149, 7, 0, 3, 97887
2026/07/08 16:53:27.163, 0, 0, 3, 97887
2026/07/08 16:53:27.184, 1, 0, 3, 97887
2026/07/08 16:53:27.201, 2, 0, 3, 97887
2026/07/08 16:53:27.223, 3, 0, 3, 97887
2026/07/08 16:53:27.242, 4, 0, 3, 97887
2026/07/08 16:53:27.259, 5, 0, 3, 97887
2026/07/08 16:53:27.282, 6, 0, 3, 97887
2026/07/08 16:53:27.305, 7, 0, 3, 97887
2026/07/08 16:53:28.324, 0, 0, 3, 97887
2026/07/08 16:53:28.343, 1, 0, 3, 97887
2026/07/08 16:53:28.361, 2, 0, 3, 97887
2026/07/08 16:53:28.379, 3, 0, 3, 97887
2026/07/08 16:53:28.397, 4, 0, 3, 97887
2026/07/08 16:53:28.415, 5, 0, 3, 97887
2026/07/08 16:53:28.433, 6, 0, 3, 97887
2026/07/08 16:53:28.449, 7, 0, 3, 97887
2026/07/08 16:53:29.464, 0, 0, 3, 97887
2026/07/08 16:53:29.479, 1, 0, 3, 97887
2026/07/08 16:53:29.492, 2, 0, 3, 97887
2026/07/08 16:53:29.511, 3, 0, 3, 97887
2026/07/08 16:53:29.527, 4, 0, 3, 97887
2026/07/08 16:53:29.543, 5, 0, 3, 97887
2026/07/08 16:53:29.558, 6, 0, 3, 97887
2026/07/08 16:53:29.573, 7, 0, 3, 97887
2026/07/08 16:53:30.591, 0, 0, 3, 97887
2026/07/08 16:53:30.611, 1, 0, 3, 97887
2026/07/08 16:53:30.629, 2, 0, 3, 97887
2026/07/08 16:53:30.645, 3, 0, 3, 97887
2026/07/08 16:53:30.662, 4, 0, 3, 97887
2026/07/08 16:53:30.676, 5, 0, 3, 97887
2026/07/08 16:53:30.690, 6, 0, 3, 97887
2026/07/08 16:53:30.704, 7, 0, 3, 97887
2026/07/08 16:53:31.719, 0, 0, 3, 97887
2026/07/08 16:53:31.734, 1, 0, 3, 97887
2026/07/08 16:53:31.749, 2, 0, 3, 97887
2026/07/08 16:53:31.763, 3, 0, 3, 97887
2026/07/08 16:53:31.778, 4, 0, 3, 97887
2026/07/08 16:53:31.792, 5, 0, 3, 97887
2026/07/08 16:53:31.806, 6, 0, 3, 97887
2026/07/08 16:53:31.822, 7, 0, 3, 97887
2026/07/08 16:53:32.837, 0, 0, 3, 97887
2026/07/08 16:53:32.851, 1, 0, 3, 97887
2026/07/08 16:53:32.865, 2, 0, 3, 97887
2026/07/08 16:53:32.878, 3, 0, 3, 97887
2026/07/08 16:53:32.892, 4, 0, 3, 97887
2026/07/08 16:53:32.908, 5, 0, 3, 97887
2026/07/08 16:53:32.922, 6, 0, 3, 97887
2026/07/08 16:53:32.938, 7, 0, 3, 97887
2026/07/08 16:53:33.956, 0, 0, 3, 97887
2026/07/08 16:53:33.972, 1, 0, 3, 97887
2026/07/08 16:53:33.986, 2, 0, 3, 97887
2026/07/08 16:53:34.001, 3, 0, 3, 97887
2026/07/08 16:53:34.014, 4, 0, 3, 97887
2026/07/08 16:53:34.031, 5, 0, 3, 97887
2026/07/08 16:53:34.046, 6, 0, 3, 97887
2026/07/08 16:53:34.056, 7, 0, 3, 97887
2026/07/08 16:53:35.066, 0, 0, 3, 97887
2026/07/08 16:53:35.077, 1, 0, 3, 97887
2026/07/08 16:53:35.090, 2, 0, 3, 97887
2026/07/08 16:53:35.105, 3, 0, 3, 97887
2026/07/08 16:53:35.116, 4, 0, 3, 97887
2026/07/08 16:53:35.126, 5, 0, 3, 97887
2026/07/08 16:53:35.136, 6, 0, 3, 97887
2026/07/08 16:53:35.149, 7, 0, 3, 97887
2026/07/08 16:53:36.162, 0, 0, 3, 97887
2026/07/08 16:53:36.179, 1, 0, 3, 97887
2026/07/08 16:53:36.195, 2, 0, 3, 97887
2026/07/08 16:53:36.211, 3, 0, 3, 97887
2026/07/08 16:53:36.225, 4, 0, 3, 97887
2026/07/08 16:53:36.240, 5, 0, 3, 97887
2026/07/08 16:53:36.256, 6, 0, 3, 97887
2026/07/08 16:53:36.270, 7, 0, 3, 97887
2026/07/08 16:53:37.287, 0, 0, 3, 97887
2026/07/08 16:53:37.302, 1, 0, 3, 97887
2026/07/08 16:53:37.318, 2, 0, 3, 97887
2026/07/08 16:53:37.332, 3, 0, 3, 97887
2026/07/08 16:53:37.347, 4, 0, 3, 97887
2026/07/08 16:53:37.362, 5, 0, 3, 97887
2026/07/08 16:53:37.376, 6, 0, 3, 97887
2026/07/08 16:53:37.390, 7, 0, 3, 97887
2026/07/08 16:53:38.407, 0, 0, 3, 97887
2026/07/08 16:53:38.424, 1, 0, 3, 97887
2026/07/08 16:53:38.437, 2, 0, 3, 97887
2026/07/08 16:53:38.453, 3, 0, 3, 97887
2026/07/08 16:53:38.470, 4, 0, 3, 97887
2026/07/08 16:53:38.484, 5, 0, 3, 97887
2026/07/08 16:53:38.501, 6, 0, 3, 97887
2026/07/08 16:53:38.515, 7, 0, 3, 97887
2026/07/08 16:53:39.531, 0, 0, 3, 97887
2026/07/08 16:53:39.545, 1, 0, 3, 97887
2026/07/08 16:53:39.562, 2, 0, 3, 97887
2026/07/08 16:53:39.580, 3, 0, 3, 97887
2026/07/08 16:53:39.597, 4, 0, 3, 97887
2026/07/08 16:53:39.614, 5, 0, 3, 97887
2026/07/08 16:53:39.628, 6, 0, 3, 97887
2026/07/08 16:53:39.644, 7, 0, 3, 97887
2026/07/08 16:53:40.660, 0, 0, 3, 97887
2026/07/08 16:53:40.676, 1, 0, 3, 97887
2026/07/08 16:53:40.690, 2, 0, 3, 97887
2026/07/08 16:53:40.705, 3, 0, 3, 97887
2026/07/08 16:53:40.720, 4, 0, 3, 97887
2026/07/08 16:53:40.735, 5, 0, 3, 97887
2026/07/08 16:53:40.746, 6, 0, 3, 97887
2026/07/08 16:53:40.758, 7, 0, 3, 97887
2026/07/08 16:53:41.772, 0, 0, 562, 97887
2026/07/08 16:53:41.786, 1, 0, 3, 97887
2026/07/08 16:53:41.798, 2, 0, 3, 97887
2026/07/08 16:53:41.814, 3, 0, 3, 97887
2026/07/08 16:53:41.828, 4, 0, 3, 97887
2026/07/08 16:53:41.843, 5, 0, 3, 97887
2026/07/08 16:53:41.857, 6, 0, 3, 97887
2026/07/08 16:53:41.871, 7, 0, 3, 97887
2026/07/08 16:53:42.886, 0, 0, 562, 97887
2026/07/08 16:53:42.902, 1, 0, 3, 97887
2026/07/08 16:53:42.921, 2, 0, 3, 97887
2026/07/08 16:53:42.938, 3, 0, 3, 97887
2026/07/08 16:53:42.955, 4, 0, 3, 97887
2026/07/08 16:53:42.973, 5, 0, 3, 97887
2026/07/08 16:53:42.990, 6, 0, 3, 97887
2026/07/08 16:53:43.009, 7, 0, 3, 97887
2026/07/08 16:53:44.023, 0, 0, 562, 97887
2026/07/08 16:53:44.038, 1, 0, 3, 97887
2026/07/08 16:53:44.052, 2, 0, 3, 97887
2026/07/08 16:53:44.062, 3, 0, 3, 97887
2026/07/08 16:53:44.075, 4, 0, 3, 97887
2026/07/08 16:53:44.088, 5, 0, 3, 97887
2026/07/08 16:53:44.103, 6, 0, 3, 97887
2026/07/08 16:53:44.115, 7, 0, 3, 97887
2026/07/08 16:53:45.124, 0, 0, 562, 97887
2026/07/08 16:53:45.136, 1, 0, 3, 97887
2026/07/08 16:53:45.147, 2, 0, 3, 97887
2026/07/08 16:53:45.159, 3, 0, 3, 97887
2026/07/08 16:53:45.175, 4, 0, 3, 97887
2026/07/08 16:53:45.191, 5, 0, 3, 97887
2026/07/08 16:53:45.207, 6, 0, 3, 97887
2026/07/08 16:53:45.223, 7, 0, 3, 97887
2026/07/08 16:53:46.240, 0, 0, 562, 97887
2026/07/08 16:53:46.255, 1, 0, 3, 97887
2026/07/08 16:53:46.267, 2, 0, 3, 97887
2026/07/08 16:53:46.280, 3, 0, 3, 97887
2026/07/08 16:53:46.293, 4, 0, 3, 97887
2026/07/08 16:53:46.308, 5, 0, 3, 97887
2026/07/08 16:53:46.323, 6, 0, 3, 97887
2026/07/08 16:53:46.337, 7, 0, 3, 97887
2026/07/08 16:53:47.351, 0, 0, 562, 97887
2026/07/08 16:53:47.369, 1, 0, 3, 97887
2026/07/08 16:53:47.388, 2, 0, 3, 97887
2026/07/08 16:53:47.402, 3, 0, 3, 97887
2026/07/08 16:53:47.417, 4, 0, 3, 97887
2026/07/08 16:53:47.435, 5, 0, 3, 97887
2026/07/08 16:53:47.451, 6, 0, 3, 97887
2026/07/08 16:53:47.466, 7, 0, 3, 97887
2026/07/08 16:53:48.483, 0, 0, 562, 97887
2026/07/08 16:53:48.494, 1, 0, 3, 97887
2026/07/08 16:53:48.507, 2, 0, 3, 97887
2026/07/08 16:53:48.520, 3, 0, 3, 97887
2026/07/08 16:53:48.533, 4, 0, 3, 97887
2026/07/08 16:53:48.544, 5, 0, 3, 97887
2026/07/08 16:53:48.562, 6, 0, 3, 97887
2026/07/08 16:53:48.576, 7, 0, 3, 97887
2026/07/08 16:53:49.590, 0, 0, 562, 97887
2026/07/08 16:53:49.605, 1, 0, 3, 97887
2026/07/08 16:53:49.621, 2, 0, 3, 97887
2026/07/08 16:53:49.635, 3, 0, 3, 97887
2026/07/08 16:53:49.650, 4, 0, 3, 97887
2026/07/08 16:53:49.665, 5, 0, 3, 97887
2026/07/08 16:53:49.680, 6, 0, 3, 97887
2026/07/08 16:53:49.696, 7, 0, 3, 97887
2026/07/08 16:53:50.712, 0, 0, 562, 97887
2026/07/08 16:53:50.728, 1, 0, 3, 97887
2026/07/08 16:53:50.743, 2, 0, 3, 97887
2026/07/08 16:53:50.757, 3, 0, 3, 97887
2026/07/08 16:53:50.773, 4, 0, 3, 97887
2026/07/08 16:53:50.785, 5, 0, 3, 97887
2026/07/08 16:53:50.801, 6, 0, 3, 97887
2026/07/08 16:53:50.813, 7, 0, 3, 97887
2026/07/08 16:53:51.825, 0, 0, 562, 97887
2026/07/08 16:53:51.836, 1, 0, 3, 97887
2026/07/08 16:53:51.846, 2, 0, 3, 97887
2026/07/08 16:53:51.854, 3, 0, 3, 97887
2026/07/08 16:53:51.864, 4, 0, 3, 97887
2026/07/08 16:53:51.878, 5, 0, 3, 97887
2026/07/08 16:53:51.889, 6, 0, 3, 97887
2026/07/08 16:53:51.902, 7, 0, 3, 97887
2026/07/08 16:53:52.916, 0, 0, 562, 97887
2026/07/08 16:53:52.933, 1, 0, 3, 97887
2026/07/08 16:53:52.950, 2, 0, 3, 97887
2026/07/08 16:53:52.965, 3, 0, 3, 97887
2026/07/08 16:53:52.982, 4, 0, 3, 97887
2026/07/08 16:53:52.997, 5, 0, 3, 97887
2026/07/08 16:53:53.015, 6, 0, 3, 97887
2026/07/08 16:53:53.034, 7, 0, 3, 97887
2026/07/08 16:53:54.054, 0, 0, 562, 97887
2026/07/08 16:53:54.068, 1, 0, 3, 97887
2026/07/08 16:53:54.077, 2, 0, 3, 97887
2026/07/08 16:53:54.092, 3, 0, 3, 97887
2026/07/08 16:53:54.103, 4, 0, 3, 97887
2026/07/08 16:53:54.114, 5, 0, 3, 97887
2026/07/08 16:53:54.126, 6, 0, 3, 97887
2026/07/08 16:53:54.137, 7, 0, 3, 97887
2026/07/08 16:53:55.151, 0, 0, 562, 97887
2026/07/08 16:53:55.167, 1, 0, 3, 97887
2026/07/08 16:53:55.179, 2, 0, 3, 97887
2026/07/08 16:53:55.195, 3, 0, 3, 97887
2026/07/08 16:53:55.208, 4, 0, 3, 97887
2026/07/08 16:53:55.223, 5, 0, 3, 97887
2026/07/08 16:53:55.240, 6, 0, 3, 97887
2026/07/08 16:53:55.257, 7, 0, 3, 97887
2026/07/08 16:53:56.275, 0, 0, 562, 97887
2026/07/08 16:53:56.290, 1, 0, 3, 97887
2026/07/08 16:53:56.304, 2, 2, 562, 97887
2026/07/08 16:53:56.318, 3, 0, 3, 97887
2026/07/08 16:53:56.331, 4, 0, 3, 97887
2026/07/08 16:53:56.345, 5, 0, 3, 97887
2026/07/08 16:53:56.359, 6, 0, 3, 97887
2026/07/08 16:53:56.374, 7, 0, 3, 97887
2026/07/08 16:53:57.389, 0, 0, 562, 97887
2026/07/08 16:53:57.404, 1, 0, 562, 97887
2026/07/08 16:53:57.416, 2, 0, 562, 97887
2026/07/08 16:53:57.426, 3, 0, 4, 97887
2026/07/08 16:53:57.440, 4, 0, 4, 97887
2026/07/08 16:53:57.455, 5, 0, 4, 97887
2026/07/08 16:53:57.470, 6, 0, 4, 97887
2026/07/08 16:53:57.484, 7, 0, 4, 97887
2026/07/08 16:53:58.496, 0, 0, 562, 97887
2026/07/08 16:53:58.514, 1, 0, 562, 97887
2026/07/08 16:53:58.533, 2, 0, 562, 97887
2026/07/08 16:53:58.547, 3, 0, 562, 97887
2026/07/08 16:53:58.562, 4, 0, 4, 97887
2026/07/08 16:53:58.576, 5, 0, 4, 97887
2026/07/08 16:53:58.590, 6, 0, 4, 97887
2026/07/08 16:53:58.608, 7, 0, 4, 97887
2026/07/08 16:53:59.623, 0, 0, 562, 97887
2026/07/08 16:53:59.637, 1, 0, 562, 97887
2026/07/08 16:53:59.651, 2, 0, 562, 97887
2026/07/08 16:53:59.663, 3, 0, 562, 97887
2026/07/08 16:53:59.678, 4, 0, 4, 97887
2026/07/08 16:53:59.695, 5, 0, 4, 97887
2026/07/08 16:53:59.711, 6, 0, 4, 97887
2026/07/08 16:53:59.728, 7, 0, 4, 97887
2026/07/08 16:54:00.742, 0, 0, 562, 97887
2026/07/08 16:54:00.760, 1, 0, 562, 97887
2026/07/08 16:54:00.779, 2, 0, 562, 97887
2026/07/08 16:54:00.798, 3, 0, 562, 97887
2026/07/08 16:54:00.812, 4, 0, 4, 97887
2026/07/08 16:54:00.826, 5, 0, 4, 97887
2026/07/08 16:54:00.840, 6, 0, 4, 97887
2026/07/08 16:54:00.854, 7, 0, 4, 97887
2026/07/08 16:54:01.870, 0, 0, 562, 97887
2026/07/08 16:54:01.885, 1, 0, 562, 97887
2026/07/08 16:54:01.900, 2, 0, 562, 97887
2026/07/08 16:54:01.915, 3, 0, 562, 97887
2026/07/08 16:54:01.931, 4, 0, 4, 97887
2026/07/08 16:54:01.945, 5, 0, 4, 97887
2026/07/08 16:54:01.961, 6, 0, 4, 97887
2026/07/08 16:54:01.974, 7, 0, 4, 97887
2026/07/08 16:54:02.989, 0, 0, 562, 97887
2026/07/08 16:54:03.001, 1, 0, 562, 97887
2026/07/08 16:54:03.012, 2, 0, 562, 97887
2026/07/08 16:54:03.023, 3, 0, 562, 97887
2026/07/08 16:54:03.036, 4, 0, 4, 97887
2026/07/08 16:54:03.056, 5, 0, 4, 97887
2026/07/08 16:54:03.064, 6, 0, 4, 97887
2026/07/08 16:54:03.075, 7, 0, 4, 97887
2026/07/08 16:54:04.085, 0, 0, 562, 97887
2026/07/08 16:54:04.095, 1, 0, 562, 97887
2026/07/08 16:54:04.102, 2, 0, 562, 97887
2026/07/08 16:54:04.107, 3, 0, 562, 97887
2026/07/08 16:54:04.115, 4, 0, 4, 97887
2026/07/08 16:54:04.122, 5, 0, 4, 97887
2026/07/08 16:54:04.131, 6, 0, 4, 97887
2026/07/08 16:54:04.138, 7, 0, 4, 97887
2026/07/08 16:54:05.147, 0, 3, 13262, 97887
2026/07/08 16:54:05.164, 1, 3, 13162, 97887
2026/07/08 16:54:05.179, 2, 2, 13662, 97887
2026/07/08 16:54:05.196, 3, 3, 14522, 97887
2026/07/08 16:54:05.209, 4, 0, 4, 97887
2026/07/08 16:54:05.225, 5, 0, 4, 97887
2026/07/08 16:54:05.235, 6, 0, 4, 97887
2026/07/08 16:54:05.251, 7, 0, 4, 97887
2026/07/08 16:54:06.267, 0, 0, 63682, 97887
2026/07/08 16:54:06.279, 1, 1, 63712, 97887
2026/07/08 16:54:06.291, 2, 0, 63712, 97887
2026/07/08 16:54:06.301, 3, 0, 63712, 97887
2026/07/08 16:54:06.312, 4, 0, 4, 97887
2026/07/08 16:54:06.325, 5, 0, 4, 97887
2026/07/08 16:54:06.337, 6, 0, 4, 97887
2026/07/08 16:54:06.347, 7, 0, 4, 97887
2026/07/08 16:54:07.358, 0, 0, 63714, 97887
2026/07/08 16:54:07.372, 1, 0, 63714, 97887
2026/07/08 16:54:07.389, 2, 0, 63714, 97887
2026/07/08 16:54:07.408, 3, 0, 63714, 97887
2026/07/08 16:54:07.422, 4, 0, 4, 97887
2026/07/08 16:54:07.434, 5, 0, 4, 97887
2026/07/08 16:54:07.456, 6, 0, 4, 97887
2026/07/08 16:54:07.475, 7, 0, 4, 97887
2026/07/08 16:54:08.489, 0, 3, 63714, 97887
2026/07/08 16:54:08.503, 1, 3, 63714, 97887
2026/07/08 16:54:08.517, 2, 2, 63714, 97887
2026/07/08 16:54:08.533, 3, 2, 63714, 97887
2026/07/08 16:54:08.544, 4, 0, 4, 97887
2026/07/08 16:54:08.557, 5, 0, 4, 97887
2026/07/08 16:54:08.570, 6, 0, 4, 97887
2026/07/08 16:54:08.584, 7, 0, 4, 97887
2026/07/08 16:54:09.599, 0, 5, 63714, 97887
2026/07/08 16:54:09.613, 1, 2, 63714, 97887
2026/07/08 16:54:09.628, 2, 3, 63714, 97887
2026/07/08 16:54:09.643, 3, 0, 63714, 97887
2026/07/08 16:54:09.656, 4, 0, 4, 97887
2026/07/08 16:54:09.668, 5, 0, 4, 97887
2026/07/08 16:54:09.680, 6, 0, 4, 97887
2026/07/08 16:54:09.691, 7, 0, 4, 97887
2026/07/08 16:54:10.704, 0, 2, 63714, 97887
2026/07/08 16:54:10.715, 1, 2, 63714, 97887
2026/07/08 16:54:10.726, 2, 0, 63714, 97887
2026/07/08 16:54:10.740, 3, 0, 63714, 97887
2026/07/08 16:54:10.753, 4, 0, 4, 97887
2026/07/08 16:54:10.765, 5, 0, 4, 97887
2026/07/08 16:54:10.776, 6, 0, 4, 97887
2026/07/08 16:54:10.784, 7, 0, 4, 97887
2026/07/08 16:54:11.796, 0, 2, 63714, 97887
2026/07/08 16:54:11.807, 1, 2, 63714, 97887
2026/07/08 16:54:11.818, 2, 2, 63714, 97887
2026/07/08 16:54:11.828, 3, 2, 63714, 97887
2026/07/08 16:54:11.835, 4, 0, 4, 97887
2026/07/08 16:54:11.841, 5, 0, 4, 97887
2026/07/08 16:54:11.847, 6, 0, 4, 97887
2026/07/08 16:54:11.855, 7, 0, 4, 97887
2026/07/08 16:54:12.861, 0, 2, 63714, 97887
2026/07/08 16:54:12.876, 1, 2, 63714, 97887
2026/07/08 16:54:12.890, 2, 2, 63714, 97887
2026/07/08 16:54:12.903, 3, 2, 63714, 97887
2026/07/08 16:54:12.919, 4, 0, 4, 97887
2026/07/08 16:54:12.933, 5, 0, 4, 97887
2026/07/08 16:54:12.945, 6, 0, 4, 97887
2026/07/08 16:54:12.958, 7, 0, 4, 97887
2026/07/08 16:54:13.973, 0, 3, 63714, 97887
2026/07/08 16:54:13.988, 1, 3, 63714, 97887
2026/07/08 16:54:14.002, 2, 3, 63714, 97887
2026/07/08 16:54:14.017, 3, 2, 63714, 97887
2026/07/08 16:54:14.033, 4, 0, 4, 97887
2026/07/08 16:54:14.048, 5, 0, 4, 97887
2026/07/08 16:54:14.066, 6, 0, 4, 97887
2026/07/08 16:54:14.077, 7, 0, 4, 97887
2026/07/08 16:54:15.088, 0, 3, 63714, 97887
2026/07/08 16:54:15.103, 1, 3, 63714, 97887
2026/07/08 16:54:15.118, 2, 3, 63714, 97887
2026/07/08 16:54:15.131, 3, 3, 63714, 97887
2026/07/08 16:54:15.142, 4, 0, 4, 97887
2026/07/08 16:54:15.155, 5, 0, 4, 97887
2026/07/08 16:54:15.168, 6, 0, 4, 97887
2026/07/08 16:54:15.181, 7, 0, 4, 97887
2026/07/08 16:54:16.192, 0, 3, 63714, 97887
2026/07/08 16:54:16.201, 1, 3, 63714, 97887
2026/07/08 16:54:16.211, 2, 2, 63714, 97887
2026/07/08 16:54:16.224, 3, 3, 63714, 97887
2026/07/08 16:54:16.239, 4, 0, 4, 97887
2026/07/08 16:54:16.252, 5, 0, 4, 97887
2026/07/08 16:54:16.266, 6, 0, 4, 97887
2026/07/08 16:54:16.279, 7, 0, 4, 97887
2026/07/08 16:54:17.290, 0, 3, 63714, 97887
2026/07/08 16:54:17.302, 1, 3, 63714, 97887
2026/07/08 16:54:17.312, 2, 3, 63714, 97887
2026/07/08 16:54:17.324, 3, 3, 63714, 97887
2026/07/08 16:54:17.337, 4, 0, 563, 97887
2026/07/08 16:54:17.352, 5, 0, 4, 97887
2026/07/08 16:54:17.365, 6, 0, 4, 97887
2026/07/08 16:54:17.378, 7, 0, 4, 97887
2026/07/08 16:54:18.391, 0, 3, 63714, 97887
2026/07/08 16:54:18.402, 1, 2, 63714, 97887
2026/07/08 16:54:18.413, 2, 3, 63714, 97887
2026/07/08 16:54:18.423, 3, 3, 63714, 97887
2026/07/08 16:54:18.434, 4, 0, 655, 97887
2026/07/08 16:54:18.446, 5, 0, 655, 97887
2026/07/08 16:54:18.453, 6, 0, 563, 97887
2026/07/08 16:54:18.461, 7, 0, 563, 97887
2026/07/08 16:54:19.472, 0, 3, 63714, 97887
2026/07/08 16:54:19.488, 1, 3, 63714, 97887
2026/07/08 16:54:19.504, 2, 3, 63714, 97887
2026/07/08 16:54:19.520, 3, 3, 63714, 97887
2026/07/08 16:54:19.537, 4, 0, 889, 97887
2026/07/08 16:54:19.553, 5, 0, 889, 97887
2026/07/08 16:54:19.569, 6, 0, 889, 97887
2026/07/08 16:54:19.584, 7, 0, 889, 97887
2026/07/08 16:54:20.601, 0, 3, 63714, 97887
2026/07/08 16:54:20.617, 1, 3, 63714, 97887
2026/07/08 16:54:20.633, 2, 3, 63714, 97887
2026/07/08 16:54:20.647, 3, 3, 63714, 97887
2026/07/08 16:54:20.660, 4, 1, 30147, 97887
2026/07/08 16:54:20.673, 5, 0, 8375, 97887
2026/07/08 16:54:20.686, 6, 1, 889, 97887
2026/07/08 16:54:20.703, 7, 1, 8375, 97887
2026/07/08 16:54:21.718, 0, 3, 63714, 97887
2026/07/08 16:54:21.733, 1, 3, 63714, 97887
2026/07/08 16:54:21.747, 2, 3, 63714, 97887
2026/07/08 16:54:21.763, 3, 3, 63714, 97887
2026/07/08 16:54:21.777, 4, 0, 30147, 97887
2026/07/08 16:54:21.787, 5, 0, 30147, 97887
2026/07/08 16:54:21.801, 6, 0, 30147, 97887
2026/07/08 16:54:21.814, 7, 0, 30147, 97887
2026/07/08 16:54:22.831, 0, 3, 63714, 97887
2026/07/08 16:54:22.843, 1, 3, 63714, 97887
2026/07/08 16:54:22.854, 2, 3, 63714, 97887
2026/07/08 16:54:22.865, 3, 3, 63714, 97887
2026/07/08 16:54:22.876, 4, 1, 30147, 97887
2026/07/08 16:54:22.886, 5, 8, 30147, 97887
2026/07/08 16:54:22.897, 6, 7, 30147, 97887
2026/07/08 16:54:22.909, 7, 1, 30147, 97887
2026/07/08 16:54:23.921, 0, 3, 63714, 97887
2026/07/08 16:54:23.933, 1, 3, 63714, 97887
2026/07/08 16:54:23.945, 2, 3, 63714, 97887
2026/07/08 16:54:23.959, 3, 3, 63714, 97887
2026/07/08 16:54:23.972, 4, 6, 30147, 97887
2026/07/08 16:54:23.985, 5, 8, 30147, 97887
2026/07/08 16:54:23.998, 6, 8, 30147, 97887
2026/07/08 16:54:24.012, 7, 8, 30147, 97887
2026/07/08 16:54:25.025, 0, 3, 63714, 97887
2026/07/08 16:54:25.040, 1, 3, 63714, 97887
2026/07/08 16:54:25.055, 2, 2, 63714, 97887
2026/07/08 16:54:25.069, 3, 3, 63714, 97887
2026/07/08 16:54:25.082, 4, 6, 30147, 97887
2026/07/08 16:54:25.093, 5, 8, 30147, 97887
2026/07/08 16:54:25.104, 6, 8, 30147, 97887
2026/07/08 16:54:25.115, 7, 8, 30147, 97887
2026/07/08 16:54:26.130, 0, 3, 63714, 97887
2026/07/08 16:54:26.146, 1, 3, 63714, 97887
2026/07/08 16:54:26.159, 2, 3, 63714, 97887
2026/07/08 16:54:26.171, 3, 2, 63714, 97887
2026/07/08 16:54:26.181, 4, 6, 30147, 97887
2026/07/08 16:54:26.194, 5, 8, 30147, 97887
2026/07/08 16:54:26.205, 6, 8, 30147, 97887
2026/07/08 16:54:26.220, 7, 8, 30147, 97887
2026/07/08 16:54:27.235, 0, 3, 63714, 97887
2026/07/08 16:54:27.249, 1, 3, 63714, 97887
2026/07/08 16:54:27.263, 2, 3, 63714, 97887
2026/07/08 16:54:27.272, 3, 3, 63714, 97887
2026/07/08 16:54:27.283, 4, 6, 30147, 97887
2026/07/08 16:54:27.294, 5, 7, 30147, 97887
2026/07/08 16:54:27.308, 6, 8, 30147, 97887
2026/07/08 16:54:27.321, 7, 8, 30147, 97887
2026/07/08 16:54:28.331, 0, 3, 63714, 97887
2026/07/08 16:54:28.345, 1, 3, 63714, 97887
2026/07/08 16:54:28.358, 2, 3, 63714, 97887
2026/07/08 16:54:28.370, 3, 3, 63714, 97887
2026/07/08 16:54:28.381, 4, 6, 30147, 97887
2026/07/08 16:54:28.392, 5, 8, 30147, 97887
2026/07/08 16:54:28.406, 6, 8, 30147, 97887
2026/07/08 16:54:28.421, 7, 6, 30147, 97887
2026/07/08 16:54:29.433, 0, 3, 63714, 97887
2026/07/08 16:54:29.443, 1, 3, 63714, 97887
2026/07/08 16:54:29.456, 2, 3, 63714, 97887
2026/07/08 16:54:29.468, 3, 3, 63714, 97887
2026/07/08 16:54:29.476, 4, 6, 30147, 97887
2026/07/08 16:54:29.488, 5, 8, 30147, 97887
2026/07/08 16:54:29.501, 6, 8, 30147, 97887
2026/07/08 16:54:29.515, 7, 6, 30147, 97887
2026/07/08 16:54:30.529, 0, 3, 63714, 97887
2026/07/08 16:54:30.542, 1, 3, 63714, 97887
2026/07/08 16:54:30.551, 2, 3, 63714, 97887
2026/07/08 16:54:30.560, 3, 2, 63714, 97887
2026/07/08 16:54:30.572, 4, 3, 30147, 97887
2026/07/08 16:54:30.585, 5, 8, 30147, 97887
2026/07/08 16:54:30.599, 6, 7, 30147, 97887
2026/07/08 16:54:30.612, 7, 8, 30147, 97887
2026/07/08 16:54:31.625, 0, 3, 63714, 97887
2026/07/08 16:54:31.638, 1, 3, 63714, 97887
2026/07/08 16:54:31.649, 2, 3, 63714, 97887
2026/07/08 16:54:31.660, 3, 2, 63714, 97887
2026/07/08 16:54:31.673, 4, 5, 30147, 97887
2026/07/08 16:54:31.686, 5, 0, 30169, 97887
2026/07/08 16:54:31.697, 6, 8, 30147, 97887
2026/07/08 16:54:31.710, 7, 8, 30147, 97887
2026/07/08 16:54:32.723, 0, 3, 63714, 97887
2026/07/08 16:54:32.731, 1, 3, 63714, 97887
2026/07/08 16:54:32.739, 2, 3, 63714, 97887
2026/07/08 16:54:32.748, 3, 3, 63714, 97887
2026/07/08 16:54:32.759, 4, 5, 30147, 97887
2026/07/08 16:54:32.772, 5, 0, 30169, 97887
2026/07/08 16:54:32.784, 6, 0, 73995, 97887
2026/07/08 16:54:32.795, 7, 0, 73995, 97887
2026/07/08 16:54:33.801, 0, 3, 63714, 97887
2026/07/08 16:54:33.812, 1, 3, 63714, 97887
2026/07/08 16:54:33.822, 2, 3, 63714, 97887
2026/07/08 16:54:33.834, 3, 3, 63714, 97887
2026/07/08 16:54:33.847, 4, 5, 30147, 97887
2026/07/08 16:54:33.859, 5, 0, 30169, 97887
2026/07/08 16:54:33.870, 6, 0, 74035, 97887
2026/07/08 16:54:33.883, 7, 0, 74035, 97887
2026/07/08 16:54:34.895, 0, 3, 63714, 97887
2026/07/08 16:54:34.906, 1, 3, 63714, 97887
2026/07/08 16:54:34.918, 2, 3, 63714, 97887
2026/07/08 16:54:34.931, 3, 3, 63714, 97887
2026/07/08 16:54:34.940, 4, 8, 73991, 97887
2026/07/08 16:54:34.953, 5, 20, 73991, 97887
2026/07/08 16:54:34.965, 6, 0, 74045, 97887
2026/07/08 16:54:34.978, 7, 0, 74045, 97887
2026/07/08 16:54:35.992, 0, 2, 63714, 97887
2026/07/08 16:54:36.008, 1, 3, 63714, 97887
2026/07/08 16:54:36.024, 2, 3, 63714, 97887
2026/07/08 16:54:36.036, 3, 3, 63714, 97887
2026/07/08 16:54:36.048, 4, 0, 74035, 97887
2026/07/08 16:54:36.059, 5, 4, 74007, 97887
2026/07/08 16:54:36.071, 6, 0, 74045, 97887
2026/07/08 16:54:36.085, 7, 0, 74045, 97887
2026/07/08 16:54:37.101, 0, 4, 63714, 97887
2026/07/08 16:54:37.110, 1, 3, 63714, 97887
2026/07/08 16:54:37.119, 2, 3, 63714, 97887
2026/07/08 16:54:37.128, 3, 3, 63714, 97887
2026/07/08 16:54:37.136, 4, 100, 74035, 97887
2026/07/08 16:54:37.143, 5, 0, 74035, 97887
2026/07/08 16:54:37.153, 6, 0, 74045, 97887
2026/07/08 16:54:37.165, 7, 0, 74045, 97887
2026/07/08 16:54:38.176, 0, 3, 63714, 97887
2026/07/08 16:54:38.190, 1, 3, 63714, 97887
2026/07/08 16:54:38.204, 2, 3, 63714, 97887
2026/07/08 16:54:38.217, 3, 3, 63714, 97887
2026/07/08 16:54:38.228, 4, 0, 74045, 97887
2026/07/08 16:54:38.241, 5, 0, 74045, 97887
2026/07/08 16:54:38.253, 6, 0, 74045, 97887
2026/07/08 16:54:38.265, 7, 0, 74045, 97887
2026/07/08 16:54:39.273, 0, 3, 63714, 97887
2026/07/08 16:54:39.290, 1, 3, 63714, 97887
2026/07/08 16:54:39.307, 2, 3, 63714, 97887
2026/07/08 16:54:39.320, 3, 2, 63714, 97887
2026/07/08 16:54:39.334, 4, 0, 74046, 97887
2026/07/08 16:54:39.343, 5, 0, 74046, 97887
2026/07/08 16:54:39.353, 6, 0, 74046, 97887
2026/07/08 16:54:39.364, 7, 0, 74046, 97887
2026/07/08 16:54:40.375, 0, 3, 63714, 97887
2026/07/08 16:54:40.390, 1, 3, 63714, 97887
2026/07/08 16:54:40.404, 2, 3, 63714, 97887
2026/07/08 16:54:40.418, 3, 3, 63714, 97887
2026/07/08 16:54:40.429, 4, 0, 74046, 97887
2026/07/08 16:54:40.441, 5, 0, 74046, 97887
2026/07/08 16:54:40.458, 6, 0, 74046, 97887
2026/07/08 16:54:40.471, 7, 0, 74046, 97887
2026/07/08 16:54:41.487, 0, 3, 63714, 97887
2026/07/08 16:54:41.503, 1, 3, 63714, 97887
2026/07/08 16:54:41.517, 2, 3, 63714, 97887
2026/07/08 16:54:41.532, 3, 3, 63714, 97887
2026/07/08 16:54:41.548, 4, 0, 74046, 97887
2026/07/08 16:54:41.564, 5, 0, 74046, 97887
2026/07/08 16:54:41.580, 6, 0, 74046, 97887
2026/07/08 16:54:41.594, 7, 0, 74046, 97887
2026/07/08 16:54:42.613, 0, 3, 63714, 97887
2026/07/08 16:54:42.629, 1, 3, 63714, 97887
2026/07/08 16:54:42.643, 2, 3, 63714, 97887
2026/07/08 16:54:42.659, 3, 3, 63714, 97887
2026/07/08 16:54:42.673, 4, 0, 74046, 97887
2026/07/08 16:54:42.686, 5, 0, 74046, 97887
2026/07/08 16:54:42.701, 6, 0, 74046, 97887
2026/07/08 16:54:42.716, 7, 0, 74046, 97887
2026/07/08 16:54:43.730, 0, 3, 63714, 97887
2026/07/08 16:54:43.745, 1, 3, 63714, 97887
2026/07/08 16:54:43.759, 2, 3, 63714, 97887
2026/07/08 16:54:43.777, 3, 3, 63714, 97887
2026/07/08 16:54:43.790, 4, 0, 74046, 97887
2026/07/08 16:54:43.806, 5, 0, 74046, 97887
2026/07/08 16:54:43.819, 6, 0, 74046, 97887
2026/07/08 16:54:43.834, 7, 0, 74046, 97887
2026/07/08 16:54:44.847, 0, 0, 63714, 97887
2026/07/08 16:54:44.856, 1, 100, 46774, 97887
2026/07/08 16:54:44.864, 2, 0, 46774, 97887
2026/07/08 16:54:44.879, 3, 3, 63714, 97887
2026/07/08 16:54:44.894, 4, 0, 74046, 97887
2026/07/08 16:54:44.907, 5, 0, 74046, 97887
2026/07/08 16:54:44.922, 6, 0, 74046, 97887
2026/07/08 16:54:44.938, 7, 0, 74046, 97887
2026/07/08 16:54:45.952, 0, 100, 46774, 97887
2026/07/08 16:54:45.969, 1, 100, 46774, 97887
2026/07/08 16:54:45.988, 2, 100, 46774, 97887
2026/07/08 16:54:46.006, 3, 0, 55114, 97887
2026/07/08 16:54:46.024, 4, 0, 74046, 97887
2026/07/08 16:54:46.043, 5, 0, 74046, 97887
2026/07/08 16:54:46.060, 6, 0, 74046, 97887
2026/07/08 16:54:46.078, 7, 0, 74110, 97887
2026/07/08 16:54:47.093, 0, 0, 46804, 97887
2026/07/08 16:54:47.107, 1, 0, 46802, 97887
2026/07/08 16:54:47.121, 2, 0, 46804, 97887
2026/07/08 16:54:47.133, 3, 0, 46802, 97887
2026/07/08 16:54:47.145, 4, 0, 74046, 97887
2026/07/08 16:54:47.159, 5, 0, 74046, 97887
2026/07/08 16:54:47.174, 6, 100, 74582, 97887
2026/07/08 16:54:47.188, 7, 100, 74582, 97887
2026/07/08 16:54:48.204, 0, 0, 46840, 97887
2026/07/08 16:54:48.218, 1, 50, 46836, 97887
2026/07/08 16:54:48.229, 2, 58, 46838, 97887
2026/07/08 16:54:48.242, 3, 68, 46836, 97887
2026/07/08 16:54:48.255, 4, 0, 74046, 97887
2026/07/08 16:54:48.267, 5, 0, 74046, 97887
2026/07/08 16:54:48.279, 6, 0, 74582, 97887
2026/07/08 16:54:48.292, 7, 0, 74582, 97887
2026/07/08 16:54:49.304, 0, 0, 46840, 97887
2026/07/08 16:54:49.316, 1, 0, 46836, 97887
2026/07/08 16:54:49.332, 2, 0, 46838, 97887
2026/07/08 16:54:49.346, 3, 0, 46836, 97887
2026/07/08 16:54:49.359, 4, 100, 74582, 97887
2026/07/08 16:54:49.373, 5, 0, 74582, 97887
2026/07/08 16:54:49.388, 6, 0, 74582, 97887
2026/07/08 16:54:49.402, 7, 0, 74582, 97887
2026/07/08 16:54:50.412, 0, 6, 46840, 97887
2026/07/08 16:54:50.426, 1, 6, 46836, 97887
2026/07/08 16:54:50.439, 2, 2, 46838, 97887
2026/07/08 16:54:50.451, 3, 2, 46836, 97887
2026/07/08 16:54:50.460, 4, 0, 74582, 97887
2026/07/08 16:54:50.471, 5, 0, 74582, 97887
2026/07/08 16:54:50.483, 6, 0, 74582, 97887
2026/07/08 16:54:50.498, 7, 0, 74582, 97887
2026/07/08 16:54:51.508, 0, 3, 46840, 97887
2026/07/08 16:54:51.524, 1, 3, 46836, 97887
2026/07/08 16:54:51.534, 2, 3, 46838, 97887
2026/07/08 16:54:51.545, 3, 3, 46836, 97887
2026/07/08 16:54:51.554, 4, 0, 74582, 97887
2026/07/08 16:54:51.563, 5, 0, 74582, 97887
2026/07/08 16:54:51.571, 6, 0, 74582, 97887
2026/07/08 16:54:51.580, 7, 0, 74582, 97887
2026/07/08 16:54:52.591, 0, 3, 46840, 97887
2026/07/08 16:54:52.601, 1, 3, 46836, 97887
2026/07/08 16:54:52.610, 2, 3, 46838, 97887
2026/07/08 16:54:52.617, 3, 3, 46836, 97887
2026/07/08 16:54:52.625, 4, 0, 74582, 97887
2026/07/08 16:54:52.637, 5, 0, 74582, 97887
2026/07/08 16:54:52.646, 6, 0, 74582, 97887
2026/07/08 16:54:52.653, 7, 0, 74582, 97887
2026/07/08 16:54:53.663, 0, 3, 46840, 97887
2026/07/08 16:54:53.677, 1, 3, 46836, 97887
2026/07/08 16:54:53.689, 2, 3, 46838, 97887
2026/07/08 16:54:53.701, 3, 3, 46836, 97887
2026/07/08 16:54:53.710, 4, 0, 74582, 97887
2026/07/08 16:54:53.721, 5, 0, 74582, 97887
2026/07/08 16:54:53.732, 6, 0, 74582, 97887
2026/07/08 16:54:53.739, 7, 0, 74582, 97887
2026/07/08 16:54:54.750, 0, 3, 46840, 97887
2026/07/08 16:54:54.764, 1, 3, 46836, 97887
2026/07/08 16:54:54.773, 2, 3, 46838, 97887
2026/07/08 16:54:54.786, 3, 3, 46836, 97887
2026/07/08 16:54:54.797, 4, 0, 74582, 97887
2026/07/08 16:54:54.805, 5, 0, 74582, 97887
2026/07/08 16:54:54.812, 6, 0, 74582, 97887
2026/07/08 16:54:54.822, 7, 0, 74582, 97887
2026/07/08 16:54:55.832, 0, 5, 46840, 97887
2026/07/08 16:54:55.848, 1, 5, 46836, 97887
2026/07/08 16:54:55.861, 2, 6, 46838, 97887
2026/07/08 16:54:55.881, 3, 5, 46836, 97887
2026/07/08 16:54:55.895, 4, 0, 74582, 97887
2026/07/08 16:54:55.912, 5, 0, 74582, 97887
2026/07/08 16:54:55.933, 6, 0, 74582, 97887
2026/07/08 16:54:55.952, 7, 0, 74582, 97887
2026/07/08 16:54:56.970, 0, 5, 46840, 97887
2026/07/08 16:54:56.983, 1, 5, 46836, 97887
2026/07/08 16:54:56.995, 2, 6, 46838, 97887
2026/07/08 16:54:57.012, 3, 5, 46836, 97887
2026/07/08 16:54:57.025, 4, 0, 74582, 97887
2026/07/08 16:54:57.039, 5, 0, 74582, 97887
2026/07/08 16:54:57.054, 6, 0, 74582, 97887
2026/07/08 16:54:57.069, 7, 0, 74582, 97887
2026/07/08 16:54:58.083, 0, 5, 46840, 97887
2026/07/08 16:54:58.097, 1, 5, 46836, 97887
2026/07/08 16:54:58.111, 2, 5, 46838, 97887
2026/07/08 16:54:58.125, 3, 5, 46836, 97887
2026/07/08 16:54:58.135, 4, 0, 74582, 97887
2026/07/08 16:54:58.152, 5, 0, 74582, 97887
2026/07/08 16:54:58.164, 6, 100, 74582, 97887
2026/07/08 16:54:58.177, 7, 100, 74582, 97887
2026/07/08 16:54:59.188, 0, 100, 46840, 97887
2026/07/08 16:54:59.200, 1, 11, 46836, 97887
2026/07/08 16:54:59.211, 2, 63, 46838, 97887
2026/07/08 16:54:59.223, 3, 93, 46836, 97887
2026/07/08 16:54:59.236, 4, 0, 74582, 97887
2026/07/08 16:54:59.250, 5, 0, 74582, 97887
2026/07/08 16:54:59.261, 6, 98, 74582, 97887
2026/07/08 16:54:59.272, 7, 98, 74582, 97887
2026/07/08 16:55:00.284, 0, 4, 56360, 97887
2026/07/08 16:55:00.299, 1, 4, 53676, 97887
2026/07/08 16:55:00.310, 2, 4, 57058, 97887
2026/07/08 16:55:00.323, 3, 4, 57056, 97887
2026/07/08 16:55:00.334, 4, 100, 74582, 97887
2026/07/08 16:55:00.344, 5, 100, 74582, 97887
2026/07/08 16:55:00.355, 6, 98, 74584, 97887
2026/07/08 16:55:00.366, 7, 98, 74584, 97887
2026/07/08 16:55:01.376, 0, 11, 57060, 97887
2026/07/08 16:55:01.389, 1, 10, 57056, 97887
2026/07/08 16:55:01.404, 2, 11, 57058, 97887
2026/07/08 16:55:01.420, 3, 11, 57056, 97887
2026/07/08 16:55:01.434, 4, 97, 74582, 97887
2026/07/08 16:55:01.447, 5, 100, 74582, 97887
2026/07/08 16:55:01.462, 6, 0, 74584, 97887
2026/07/08 16:55:01.476, 7, 0, 74584, 97887
2026/07/08 16:55:02.494, 0, 11, 57060, 97887
2026/07/08 16:55:02.509, 1, 10, 57056, 97887
2026/07/08 16:55:02.517, 2, 11, 57058, 97887
2026/07/08 16:55:02.524, 3, 10, 57056, 97887
2026/07/08 16:55:02.529, 4, 100, 74584, 97887
2026/07/08 16:55:02.534, 5, 100, 74584, 97887
2026/07/08 16:55:02.540, 6, 0, 74584, 97887
2026/07/08 16:55:02.550, 7, 0, 74584, 97887
2026/07/08 16:55:03.557, 0, 11, 57060, 97887
2026/07/08 16:55:03.570, 1, 10, 57056, 97887
2026/07/08 16:55:03.582, 2, 11, 57058, 97887
2026/07/08 16:55:03.596, 3, 11, 57056, 97887
2026/07/08 16:55:03.609, 4, 0, 74584, 97887
2026/07/08 16:55:03.623, 5, 0, 74584, 97887
2026/07/08 16:55:03.634, 6, 0, 74584, 97887
2026/07/08 16:55:03.648, 7, 0, 74584, 97887
2026/07/08 16:55:04.665, 0, 11, 57060, 97887
2026/07/08 16:55:04.676, 1, 10, 57056, 97887
2026/07/08 16:55:04.687, 2, 10, 57058, 97887
2026/07/08 16:55:04.698, 3, 10, 57056, 97887
2026/07/08 16:55:04.709, 4, 0, 74584, 97887
2026/07/08 16:55:04.720, 5, 0, 74584, 97887
2026/07/08 16:55:04.730, 6, 0, 74584, 97887
2026/07/08 16:55:04.739, 7, 0, 74584, 97887
2026/07/08 16:55:05.749, 0, 6, 57060, 97887
2026/07/08 16:55:05.764, 1, 10, 57056, 97887
2026/07/08 16:55:05.780, 2, 6, 57058, 97887
2026/07/08 16:55:05.796, 3, 5, 57056, 97887
2026/07/08 16:55:05.812, 4, 0, 74584, 97887
2026/07/08 16:55:05.826, 5, 0, 74584, 97887
2026/07/08 16:55:05.843, 6, 0, 74584, 97887
2026/07/08 16:55:05.858, 7, 0, 74584, 97887
2026/07/08 16:55:06.870, 0, 5, 57060, 97887
2026/07/08 16:55:06.887, 1, 5, 57056, 97887
2026/07/08 16:55:06.906, 2, 6, 57058, 97887
2026/07/08 16:55:06.922, 3, 5, 57056, 97887
2026/07/08 16:55:06.937, 4, 0, 74584, 97887
2026/07/08 16:55:06.954, 5, 0, 74584, 97887
2026/07/08 16:55:06.972, 6, 0, 74584, 97887
2026/07/08 16:55:06.989, 7, 0, 74584, 97887
2026/07/08 16:55:08.005, 0, 6, 57060, 97887
2026/07/08 16:55:08.022, 1, 100, 57056, 97887
2026/07/08 16:55:08.038, 2, 100, 57056, 97887
2026/07/08 16:55:08.055, 3, 100, 57056, 97887
2026/07/08 16:55:08.068, 4, 0, 74584, 97887
2026/07/08 16:55:08.076, 5, 0, 74584, 97887
2026/07/08 16:55:08.091, 6, 0, 74584, 97887
2026/07/08 16:55:08.105, 7, 0, 74584, 97887
2026/07/08 16:55:09.118, 0, 4, 46818, 97887
2026/07/08 16:55:09.137, 1, 4, 46818, 97887
2026/07/08 16:55:09.157, 2, 4, 46818, 97887
2026/07/08 16:55:09.175, 3, 4, 46818, 97887
2026/07/08 16:55:09.190, 4, 0, 74584, 97887
2026/07/08 16:55:09.208, 5, 0, 74584, 97887
2026/07/08 16:55:09.228, 6, 0, 74584, 97887
2026/07/08 16:55:09.246, 7, 0, 74584, 97887
2026/07/08 16:55:10.264, 0, 4, 46824, 97887
2026/07/08 16:55:10.281, 1, 4, 46822, 97887
2026/07/08 16:55:10.296, 2, 4, 46822, 97887
2026/07/08 16:55:10.311, 3, 4, 46824, 97887
2026/07/08 16:55:10.326, 4, 0, 74584, 97887
2026/07/08 16:55:10.342, 5, 0, 74584, 97887
2026/07/08 16:55:10.361, 6, 0, 74584, 97887
2026/07/08 16:55:10.381, 7, 0, 74584, 97887
2026/07/08 16:55:11.398, 0, 4, 46830, 97887
2026/07/08 16:55:11.416, 1, 4, 46828, 97887
2026/07/08 16:55:11.437, 2, 4, 46828, 97887
2026/07/08 16:55:11.455, 3, 4, 46828, 97887
2026/07/08 16:55:11.471, 4, 0, 74584, 97887
2026/07/08 16:55:11.492, 5, 0, 74584, 97887
2026/07/08 16:55:11.510, 6, 98, 74584, 97887
2026/07/08 16:55:11.529, 7, 96, 74584, 97887
2026/07/08 16:55:12.545, 0, 4, 46836, 97887
2026/07/08 16:55:12.556, 1, 4, 46834, 97887
2026/07/08 16:55:12.569, 2, 4, 46834, 97887
2026/07/08 16:55:12.580, 3, 2, 46834, 97887
2026/07/08 16:55:12.593, 4, 100, 74584, 97887
2026/07/08 16:55:12.607, 5, 0, 74584, 97887
2026/07/08 16:55:12.620, 6, 35, 74584, 97887
2026/07/08 16:55:12.635, 7, 95, 74584, 97887
2026/07/08 16:55:13.649, 0, 4, 46842, 97887
2026/07/08 16:55:13.667, 1, 4, 46840, 97887
2026/07/08 16:55:13.683, 2, 4, 46840, 97887
2026/07/08 16:55:13.700, 3, 4, 46840, 97887
2026/07/08 16:55:13.716, 4, 100, 74584, 97887
2026/07/08 16:55:13.732, 5, 0, 74584, 97887
2026/07/08 16:55:13.752, 6, 10, 74586, 97887
2026/07/08 16:55:13.771, 7, 19, 74586, 97887
2026/07/08 16:55:14.787, 0, 4, 46848, 97887
2026/07/08 16:55:14.802, 1, 4, 46846, 97887
2026/07/08 16:55:14.816, 2, 4, 46846, 97887
2026/07/08 16:55:14.832, 3, 4, 46846, 97887
2026/07/08 16:55:14.848, 4, 63, 74584, 97887
2026/07/08 16:55:14.864, 5, 95, 74584, 97887
2026/07/08 16:55:14.879, 6, 0, 74586, 97887
2026/07/08 16:55:14.893, 7, 0, 74588, 97887
2026/07/08 16:55:15.911, 0, 4, 46852, 97887
2026/07/08 16:55:15.925, 1, 5, 46852, 97887
2026/07/08 16:55:15.938, 2, 4, 46850, 97887
2026/07/08 16:55:15.951, 3, 4, 46850, 97887
2026/07/08 16:55:15.964, 4, 8, 74586, 97887
2026/07/08 16:55:15.975, 5, 45, 74586, 97887
2026/07/08 16:55:15.988, 6, 100, 74662, 97887
2026/07/08 16:55:16.001, 7, 100, 74662, 97887
2026/07/08 16:55:17.014, 0, 97, 46876, 97887
2026/07/08 16:55:17.030, 1, 10, 46874, 97887
2026/07/08 16:55:17.045, 2, 1, 46876, 97887
2026/07/08 16:55:17.059, 3, 0, 46874, 97887
2026/07/08 16:55:17.074, 4, 78, 75144, 97887
2026/07/08 16:55:17.091, 5, 74, 75144, 97887
2026/07/08 16:55:17.105, 6, 100, 74716, 97887
2026/07/08 16:55:17.117, 7, 71, 74716, 97887
2026/07/08 16:55:18.132, 0, 0, 46876, 97887
2026/07/08 16:55:18.146, 1, 0, 46874, 97887
2026/07/08 16:55:18.159, 2, 0, 46876, 97887
2026/07/08 16:55:18.172, 3, 96, 46874, 97887
2026/07/08 16:55:18.184, 4, 72, 75126, 97887
2026/07/08 16:55:18.198, 5, 76, 75126, 97887
2026/07/08 16:55:18.211, 6, 39, 75088, 97887
2026/07/08 16:55:18.222, 7, 73, 75088, 97887
2026/07/08 16:55:19.233, 0, 0, 46878, 97887
2026/07/08 16:55:19.248, 1, 0, 46874, 97887
2026/07/08 16:55:19.263, 2, 0, 46876, 97887
2026/07/08 16:55:19.276, 3, 0, 46874, 97887
2026/07/08 16:55:19.291, 4, 67, 75104, 97887
2026/07/08 16:55:19.305, 5, 68, 75104, 97887
2026/07/08 16:55:19.316, 6, 89, 75086, 97887
2026/07/08 16:55:19.332, 7, 31, 75086, 97887
2026/07/08 16:55:20.344, 0, 7, 46878, 97887
2026/07/08 16:55:20.356, 1, 0, 46874, 97887
2026/07/08 16:55:20.369, 2, 5, 46876, 97887
2026/07/08 16:55:20.382, 3, 5, 46874, 97887
2026/07/08 16:55:20.395, 4, 100, 74794, 97887
2026/07/08 16:55:20.407, 5, 100, 75080, 97887
2026/07/08 16:55:20.420, 6, 100, 75102, 97887
2026/07/08 16:55:20.432, 7, 52, 75102, 97887
2026/07/08 16:55:21.445, 0, 6, 46878, 97887
2026/07/08 16:55:21.455, 1, 6, 46874, 97887
2026/07/08 16:55:21.472, 2, 6, 46876, 97887
2026/07/08 16:55:21.484, 3, 5, 46874, 97887
2026/07/08 16:55:21.495, 4, 83, 74862, 97887
2026/07/08 16:55:21.507, 5, 70, 74866, 97887
2026/07/08 16:55:21.523, 6, 37, 75036, 97887
2026/07/08 16:55:21.535, 7, 51, 75038, 97887
2026/07/08 16:55:22.549, 0, 6, 46878, 97887
2026/07/08 16:55:22.555, 1, 6, 46874, 97887
2026/07/08 16:55:22.561, 2, 5, 46876, 97887
2026/07/08 16:55:22.567, 3, 5, 46874, 97887
2026/07/08 16:55:22.574, 4, 64, 75122, 97887
2026/07/08 16:55:22.581, 5, 48, 75122, 97887
2026/07/08 16:55:22.590, 6, 10, 75102, 97887
2026/07/08 16:55:22.597, 7, 42, 75082, 97887
2026/07/08 16:55:23.609, 0, 6, 46878, 97887
2026/07/08 16:55:23.621, 1, 6, 46874, 97887
2026/07/08 16:55:23.634, 2, 6, 46876, 97887
2026/07/08 16:55:23.648, 3, 6, 46874, 97887
2026/07/08 16:55:23.660, 4, 66, 75038, 97887
2026/07/08 16:55:23.673, 5, 6, 75036, 97887
2026/07/08 16:55:23.686, 6, 19, 75138, 97887
2026/07/08 16:55:23.697, 7, 4, 75158, 97887
2026/07/08 16:55:24.709, 0, 6, 46878, 97887
2026/07/08 16:55:24.721, 1, 6, 46874, 97887
2026/07/08 16:55:24.732, 2, 5, 46876, 97887
2026/07/08 16:55:24.749, 3, 5, 46874, 97887
2026/07/08 16:55:24.762, 4, 39, 75102, 97887
2026/07/08 16:55:24.776, 5, 3, 75084, 97887
2026/07/08 16:55:24.792, 6, 10, 75198, 97887
2026/07/08 16:55:24.806, 7, 38, 75198, 97887
2026/07/08 16:55:25.817, 0, 5, 46878, 97887
2026/07/08 16:55:25.832, 1, 5, 46874, 97887
2026/07/08 16:55:25.845, 2, 5, 46876, 97887
2026/07/08 16:55:25.855, 3, 6, 46874, 97887
2026/07/08 16:55:25.864, 4, 44, 75148, 97887
2026/07/08 16:55:25.871, 5, 5, 75146, 97887
2026/07/08 16:55:25.876, 6, 6, 75248, 97887
2026/07/08 16:55:25.885, 7, 41, 75252, 97887
2026/07/08 16:55:26.893, 0, 0, 46878, 97887
2026/07/08 16:55:26.905, 1, 100, 46874, 97887
2026/07/08 16:55:26.921, 2, 100, 46876, 97887
2026/07/08 16:55:26.938, 3, 100, 46874, 97887
2026/07/08 16:55:26.952, 4, 4, 75200, 97887
2026/07/08 16:55:26.967, 5, 14, 75202, 97887
2026/07/08 16:55:26.985, 6, 5, 75300, 97887
2026/07/08 16:55:27.000, 7, 38, 75300, 97887
2026/07/08 16:55:28.016, 0, 5, 55918, 97887
2026/07/08 16:55:28.028, 1, 4, 56334, 97887
2026/07/08 16:55:28.041, 2, 4, 56976, 97887
2026/07/08 16:55:28.052, 3, 4, 55594, 97887
2026/07/08 16:55:28.063, 4, 2, 75246, 97887
2026/07/08 16:55:28.075, 5, 15, 75246, 97887
2026/07/08 16:55:28.087, 6, 0, 75320, 97887
2026/07/08 16:55:28.102, 7, 0, 75320, 97887
2026/07/08 16:55:29.113, 0, 4, 57098, 97887
2026/07/08 16:55:29.123, 1, 4, 57098, 97887
2026/07/08 16:55:29.132, 2, 4, 57098, 97887
2026/07/08 16:55:29.145, 3, 4, 57098, 97887
2026/07/08 16:55:29.158, 4, 23, 75292, 97887
2026/07/08 16:55:29.173, 5, 5, 75292, 97887
2026/07/08 16:55:29.187, 6, 0, 75320, 97887
2026/07/08 16:55:29.200, 7, 0, 75320, 97887
2026/07/08 16:55:30.215, 0, 5, 57104, 97887
2026/07/08 16:55:30.232, 1, 4, 57104, 97887
2026/07/08 16:55:30.252, 2, 4, 57104, 97887
2026/07/08 16:55:30.264, 3, 4, 57104, 97887
2026/07/08 16:55:30.282, 4, 0, 75320, 97887
2026/07/08 16:55:30.299, 5, 0, 75320, 97887
2026/07/08 16:55:30.317, 6, 0, 75344, 97887
2026/07/08 16:55:30.336, 7, 0, 75344, 97887
2026/07/08 16:55:31.345, 0, 4, 57110, 97887
2026/07/08 16:55:31.361, 1, 4, 57110, 97887
2026/07/08 16:55:31.380, 2, 4, 57110, 97887
2026/07/08 16:55:31.398, 3, 4, 57110, 97887
2026/07/08 16:55:31.415, 4, 0, 75320, 97887
2026/07/08 16:55:31.432, 5, 0, 75320, 97887
2026/07/08 16:55:31.451, 6, 0, 75344, 97887
2026/07/08 16:55:31.471, 7, 0, 75344, 97887
2026/07/08 16:55:32.489, 0, 4, 57116, 97887
2026/07/08 16:55:32.504, 1, 4, 57116, 97887
2026/07/08 16:55:32.517, 2, 4, 57116, 97887
2026/07/08 16:55:32.525, 3, 4, 57114, 97887
2026/07/08 16:55:32.535, 4, 0, 75344, 97887
2026/07/08 16:55:32.551, 5, 0, 75344, 97887
2026/07/08 16:55:32.563, 6, 0, 75344, 97887
2026/07/08 16:55:32.574, 7, 0, 75344, 97887
2026/07/08 16:55:33.584, 0, 4, 57120, 97887
2026/07/08 16:55:33.599, 1, 4, 57120, 97887
2026/07/08 16:55:33.619, 2, 4, 57120, 97887
2026/07/08 16:55:33.638, 3, 4, 57120, 97887
2026/07/08 16:55:33.653, 4, 0, 75344, 97887
2026/07/08 16:55:33.670, 5, 0, 75344, 97887
2026/07/08 16:55:33.685, 6, 0, 75344, 97887
2026/07/08 16:55:33.700, 7, 0, 75344, 97887
2026/07/08 16:55:34.715, 0, 4, 57126, 97887
2026/07/08 16:55:34.732, 1, 4, 57124, 97887
2026/07/08 16:55:34.751, 2, 4, 57126, 97887
2026/07/08 16:55:34.770, 3, 4, 57124, 97887
2026/07/08 16:55:34.790, 4, 0, 75344, 97887
2026/07/08 16:55:34.809, 5, 0, 75344, 97887
2026/07/08 16:55:34.828, 6, 0, 75344, 97887
2026/07/08 16:55:34.842, 7, 0, 75344, 97887
2026/07/08 16:55:35.859, 0, 3, 57130, 97887
2026/07/08 16:55:35.898, 1, 2, 57130, 97887
2026/07/08 16:55:35.915, 2, 3, 57130, 97887
2026/07/08 16:55:35.954, 3, 1, 57130, 97887
2026/07/08 16:55:35.974, 4, 0, 75344, 97887
2026/07/08 16:55:35.991, 5, 0, 75344, 97887
2026/07/08 16:55:36.007, 6, 0, 75344, 97887
2026/07/08 16:55:36.021, 7, 0, 75344, 97887
2026/07/08 16:55:37.040, 0, 0, 57136, 97887
2026/07/08 16:55:37.052, 1, 2, 57134, 97887
2026/07/08 16:55:37.069, 2, 0, 57136, 97887
2026/07/08 16:55:37.084, 3, 4, 57136, 97887
2026/07/08 16:55:37.095, 4, 0, 75344, 97887
2026/07/08 16:55:37.110, 5, 0, 75344, 97887
2026/07/08 16:55:37.124, 6, 0, 75344, 97887
2026/07/08 16:55:37.140, 7, 0, 75344, 97887
2026/07/08 16:55:38.157, 0, 22, 48096, 97887
2026/07/08 16:55:38.177, 1, 100, 48096, 97887
2026/07/08 16:55:38.197, 2, 23, 48096, 97887
2026/07/08 16:55:38.214, 3, 70, 48096, 97887
2026/07/08 16:55:38.229, 4, 0, 75964, 97887
2026/07/08 16:55:38.246, 5, 0, 75964, 97887
2026/07/08 16:55:38.262, 6, 0, 75970, 97887
2026/07/08 16:55:38.278, 7, 0, 75970, 97887
2026/07/08 16:55:39.294, 0, 59, 48704, 97887
2026/07/08 16:55:39.310, 1, 98, 48104, 97887
2026/07/08 16:55:39.325, 2, 98, 48104, 97887
2026/07/08 16:55:39.340, 3, 99, 48104, 97887
2026/07/08 16:55:39.355, 4, 75, 75970, 97887
2026/07/08 16:55:39.369, 5, 51, 75970, 97887
2026/07/08 16:55:39.382, 6, 63, 75970, 97887
2026/07/08 16:55:39.396, 7, 50, 75970, 97887
2026/07/08 16:55:40.411, 0, 62, 48704, 97887
2026/07/08 16:55:40.427, 1, 99, 48104, 97887
2026/07/08 16:55:40.441, 2, 98, 48104, 97887
2026/07/08 16:55:40.455, 3, 98, 48104, 97887
2026/07/08 16:55:40.471, 4, 57, 75970, 97887
2026/07/08 16:55:40.486, 5, 53, 75970, 97887
2026/07/08 16:55:40.499, 6, 57, 75970, 97887
2026/07/08 16:55:40.509, 7, 51, 75970, 97887
2026/07/08 16:55:41.521, 0, 69, 48704, 97887
2026/07/08 16:55:41.535, 1, 97, 48104, 97887
2026/07/08 16:55:41.549, 2, 97, 48104, 97887
2026/07/08 16:55:41.565, 3, 98, 48104, 97887
2026/07/08 16:55:41.583, 4, 62, 75970, 97887
2026/07/08 16:55:41.596, 5, 48, 75970, 97887
2026/07/08 16:55:41.612, 6, 44, 75970, 97887
2026/07/08 16:55:41.626, 7, 48, 75970, 97887
2026/07/08 16:55:42.642, 0, 63, 48704, 97887
2026/07/08 16:55:42.658, 1, 97, 48104, 97887
2026/07/08 16:55:42.675, 2, 97, 48104, 97887
2026/07/08 16:55:42.693, 3, 97, 48104, 97887
2026/07/08 16:55:42.708, 4, 67, 75970, 97887
2026/07/08 16:55:42.722, 5, 54, 75970, 97887
2026/07/08 16:55:42.736, 6, 56, 75970, 97887
2026/07/08 16:55:42.748, 7, 53, 75970, 97887
2026/07/08 16:55:43.760, 0, 53, 48704, 97887
2026/07/08 16:55:43.774, 1, 99, 48104, 97887
2026/07/08 16:55:43.786, 2, 98, 48104, 97887
2026/07/08 16:55:43.797, 3, 98, 48104, 97887
2026/07/08 16:55:43.810, 4, 69, 75970, 97887
2026/07/08 16:55:43.823, 5, 57, 75970, 97887
2026/07/08 16:55:43.835, 6, 59, 75970, 97887
2026/07/08 16:55:43.848, 7, 57, 75970, 97887
2026/07/08 16:55:44.861, 0, 50, 48704, 97887
2026/07/08 16:55:44.888, 1, 99, 48104, 97887
2026/07/08 16:55:44.905, 2, 99, 48104, 97887
2026/07/08 16:55:44.920, 3, 98, 48104, 97887
2026/07/08 16:55:44.931, 4, 49, 75970, 97887
2026/07/08 16:55:44.947, 5, 66, 75970, 97887
2026/07/08 16:55:44.963, 6, 66, 75970, 97887
2026/07/08 16:55:44.980, 7, 67, 75970, 97887
2026/07/08 16:55:45.996, 0, 58, 48704, 97887
2026/07/08 16:55:46.009, 1, 98, 48104, 97887
2026/07/08 16:55:46.021, 2, 99, 48104, 97887
2026/07/08 16:55:46.034, 3, 99, 48104, 97887
2026/07/08 16:55:46.042, 4, 73, 75970, 97887
2026/07/08 16:55:46.051, 5, 48, 75970, 97887
2026/07/08 16:55:46.059, 6, 58, 75970, 97887
2026/07/08 16:55:46.066, 7, 51, 75970, 97887
2026/07/08 16:55:47.076, 0, 4, 48704, 97887
2026/07/08 16:55:47.094, 1, 0, 48104, 97887
2026/07/08 16:55:47.108, 2, 0, 48104, 97887
2026/07/08 16:55:47.125, 3, 0, 48104, 97887
2026/07/08 16:55:47.138, 4, 0, 75370, 97887
2026/07/08 16:55:47.149, 5, 0, 75370, 97887
2026/07/08 16:55:47.163, 6, 0, 75370, 97887
2026/07/08 16:55:47.174, 7, 0, 75370, 97887
2026/07/08 16:55:48.185, 0, 0, 48704, 97887
2026/07/08 16:55:48.202, 1, 0, 48104, 97887
2026/07/08 16:55:48.219, 2, 0, 48104, 97887
2026/07/08 16:55:48.239, 3, 0, 48104, 97887
2026/07/08 16:55:48.256, 4, 0, 75370, 97887
2026/07/08 16:55:48.274, 5, 0, 75370, 97887
2026/07/08 16:55:48.291, 6, 0, 75370, 97887
2026/07/08 16:55:48.308, 7, 0, 75370, 97887
2026/07/08 16:55:49.326, 0, 0, 48704, 97887
2026/07/08 16:55:49.345, 1, 0, 48104, 97887
2026/07/08 16:55:49.363, 2, 0, 48104, 97887
2026/07/08 16:55:49.381, 3, 0, 48104, 97887
2026/07/08 16:55:49.397, 4, 12, 75376, 97887
2026/07/08 16:55:49.416, 5, 31, 75376, 97887
2026/07/08 16:55:49.434, 6, 0, 75370, 97887
2026/07/08 16:55:49.452, 7, 0, 75370, 97887
2026/07/08 16:55:50.470, 0, 0, 48704, 97887
2026/07/08 16:55:50.491, 1, 0, 48104, 97887
2026/07/08 16:55:50.510, 2, 0, 48104, 97887
2026/07/08 16:55:50.529, 3, 0, 48104, 97887
2026/07/08 16:55:50.542, 4, 7, 75376, 97887
2026/07/08 16:55:50.557, 5, 94, 75376, 97887
2026/07/08 16:55:50.572, 6, 0, 75370, 97887
2026/07/08 16:55:50.588, 7, 0, 75370, 97887
2026/07/08 16:55:51.603, 0, 0, 48704, 97887
2026/07/08 16:55:51.614, 1, 0, 48104, 97887
2026/07/08 16:55:51.629, 2, 0, 48104, 97887
2026/07/08 16:55:51.641, 3, 0, 48104, 97887
2026/07/08 16:55:51.655, 4, 0, 75376, 97887
2026/07/08 16:55:51.669, 5, 0, 75376, 97887
2026/07/08 16:55:51.684, 6, 0, 75370, 97887
2026/07/08 16:55:51.695, 7, 0, 75370, 97887
2026/07/08 16:55:52.710, 0, 0, 48704, 97887
2026/07/08 16:55:52.728, 1, 0, 48104, 97887
2026/07/08 16:55:52.752, 2, 0, 48104, 97887
2026/07/08 16:55:52.773, 3, 0, 48104, 97887
2026/07/08 16:55:52.789, 4, 0, 75376, 97887
2026/07/08 16:55:52.804, 5, 0, 75376, 97887
2026/07/08 16:55:52.821, 6, 0, 75370, 97887
2026/07/08 16:55:52.841, 7, 0, 75370, 97887
2026/07/08 16:55:53.861, 0, 0, 48704, 97887
2026/07/08 16:55:53.881, 1, 0, 48104, 97887
2026/07/08 16:55:53.902, 2, 0, 48104, 97887
2026/07/08 16:55:53.919, 3, 0, 48104, 97887
2026/07/08 16:55:53.927, 4, 0, 75376, 97887
2026/07/08 16:55:53.938, 5, 0, 75376, 97887
2026/07/08 16:55:53.950, 6, 0, 75370, 97887
2026/07/08 16:55:53.963, 7, 0, 75370, 97887
2026/07/08 16:55:54.979, 0, 0, 48704, 97887
2026/07/08 16:55:54.998, 1, 0, 48104, 97887
2026/07/08 16:55:55.018, 2, 0, 48104, 97887
2026/07/08 16:55:55.032, 3, 0, 48104, 97887
2026/07/08 16:55:55.054, 4, 0, 75376, 97887
2026/07/08 16:55:55.072, 5, 0, 75376, 97887
2026/07/08 16:55:55.090, 6, 0, 75370, 97887
2026/07/08 16:55:55.103, 7, 0, 75370, 97887
2026/07/08 16:55:56.111, 0, 0, 48704, 97887
2026/07/08 16:55:56.138, 1, 0, 48104, 97887
2026/07/08 16:55:56.157, 2, 0, 48104, 97887
2026/07/08 16:55:56.168, 3, 0, 48104, 97887
2026/07/08 16:55:56.182, 4, 0, 75376, 97887
2026/07/08 16:55:56.201, 5, 0, 75376, 97887
2026/07/08 16:55:56.223, 6, 0, 75370, 97887
2026/07/08 16:55:56.236, 7, 0, 75370, 97887
2026/07/08 16:55:57.250, 0, 0, 48704, 97887
2026/07/08 16:55:57.266, 1, 0, 48104, 97887
2026/07/08 16:55:57.279, 2, 0, 48104, 97887
2026/07/08 16:55:57.294, 3, 0, 48104, 97887
2026/07/08 16:55:57.312, 4, 0, 75376, 97887
2026/07/08 16:55:57.326, 5, 0, 75376, 97887
2026/07/08 16:55:57.347, 6, 0, 75370, 97887
2026/07/08 16:55:57.369, 7, 0, 75370, 97887
2026/07/08 16:55:58.388, 0, 0, 48704, 97887
2026/07/08 16:55:58.400, 1, 0, 48104, 97887
2026/07/08 16:55:58.410, 2, 0, 48104, 97887
2026/07/08 16:55:58.418, 3, 0, 48104, 97887
2026/07/08 16:55:58.432, 4, 0, 75376, 97887
2026/07/08 16:55:58.446, 5, 0, 75376, 97887
2026/07/08 16:55:58.461, 6, 0, 75370, 97887
2026/07/08 16:55:58.476, 7, 0, 75370, 97887
2026/07/08 16:55:59.487, 0, 0, 48704, 97887
2026/07/08 16:55:59.503, 1, 0, 48104, 97887
2026/07/08 16:55:59.515, 2, 0, 48104, 97887
2026/07/08 16:55:59.527, 3, 0, 48104, 97887
2026/07/08 16:55:59.541, 4, 0, 75376, 97887
2026/07/08 16:55:59.552, 5, 0, 75376, 97887
2026/07/08 16:55:59.565, 6, 0, 75370, 97887
2026/07/08 16:55:59.579, 7, 0, 75370, 97887
2026/07/08 16:56:00.593, 0, 0, 48704, 97887
2026/07/08 16:56:00.608, 1, 0, 48104, 97887
2026/07/08 16:56:00.623, 2, 0, 48104, 97887
2026/07/08 16:56:00.642, 3, 0, 48104, 97887
2026/07/08 16:56:00.661, 4, 0, 75376, 97887
2026/07/08 16:56:00.678, 5, 0, 75376, 97887
2026/07/08 16:56:00.696, 6, 0, 75370, 97887
2026/07/08 16:56:00.712, 7, 0, 75370, 97887
2026/07/08 16:56:01.729, 0, 0, 48704, 97887
2026/07/08 16:56:01.746, 1, 0, 48104, 97887
2026/07/08 16:56:01.762, 2, 0, 48104, 97887
2026/07/08 16:56:01.774, 3, 0, 48104, 97887
2026/07/08 16:56:01.785, 4, 0, 75376, 97887
2026/07/08 16:56:01.797, 5, 0, 75376, 97887
2026/07/08 16:56:01.808, 6, 0, 75370, 97887
2026/07/08 16:56:01.820, 7, 0, 75370, 97887
2026/07/08 16:56:02.833, 0, 0, 48704, 97887
2026/07/08 16:56:02.850, 1, 0, 48104, 97887
2026/07/08 16:56:02.865, 2, 0, 48104, 97887
2026/07/08 16:56:02.880, 3, 0, 48104, 97887
2026/07/08 16:56:02.897, 4, 0, 75376, 97887
2026/07/08 16:56:02.914, 5, 0, 75376, 97887
2026/07/08 16:56:02.929, 6, 0, 75370, 97887
2026/07/08 16:56:02.946, 7, 0, 75370, 97887
2026/07/08 16:56:03.962, 0, 0, 48704, 97887
2026/07/08 16:56:03.980, 1, 0, 48104, 97887
2026/07/08 16:56:03.998, 2, 0, 48104, 97887
2026/07/08 16:56:04.016, 3, 0, 48104, 97887
2026/07/08 16:56:04.035, 4, 0, 75376, 97887
2026/07/08 16:56:04.054, 5, 0, 75376, 97887
2026/07/08 16:56:04.065, 6, 0, 75370, 97887
2026/07/08 16:56:04.081, 7, 0, 75370, 97887
2026/07/08 16:56:05.096, 0, 0, 48704, 97887
2026/07/08 16:56:05.112, 1, 0, 48104, 97887
2026/07/08 16:56:05.130, 2, 0, 48104, 97887
2026/07/08 16:56:05.146, 3, 0, 48104, 97887
2026/07/08 16:56:05.163, 4, 0, 75376, 97887
2026/07/08 16:56:05.183, 5, 0, 75376, 97887
2026/07/08 16:56:05.202, 6, 0, 75370, 97887
2026/07/08 16:56:05.220, 7, 0, 75370, 97887
2026/07/08 16:56:06.239, 0, 0, 48704, 97887
2026/07/08 16:56:06.258, 1, 0, 48104, 97887
2026/07/08 16:56:06.276, 2, 0, 48104, 97887
2026/07/08 16:56:06.293, 3, 0, 48104, 97887
2026/07/08 16:56:06.310, 4, 0, 75376, 97887
2026/07/08 16:56:06.327, 5, 0, 75376, 97887
2026/07/08 16:56:06.345, 6, 0, 75370, 97887
2026/07/08 16:56:06.363, 7, 0, 75370, 97887
2026/07/08 16:56:07.381, 0, 0, 48704, 97887
2026/07/08 16:56:07.399, 1, 0, 48104, 97887
2026/07/08 16:56:07.415, 2, 0, 48104, 97887
2026/07/08 16:56:07.428, 3, 0, 48104, 97887
2026/07/08 16:56:07.441, 4, 0, 75376, 97887
2026/07/08 16:56:07.453, 5, 0, 75376, 97887
2026/07/08 16:56:07.468, 6, 0, 75370, 97887
2026/07/08 16:56:07.484, 7, 0, 75370, 97887
2026/07/08 16:56:08.500, 0, 0, 48704, 97887
2026/07/08 16:56:08.520, 1, 0, 48104, 97887
2026/07/08 16:56:08.539, 2, 0, 48104, 97887
2026/07/08 16:56:08.558, 3, 0, 48104, 97887
2026/07/08 16:56:08.575, 4, 0, 75376, 97887
2026/07/08 16:56:08.591, 5, 0, 75376, 97887
2026/07/08 16:56:08.608, 6, 0, 75370, 97887
2026/07/08 16:56:08.626, 7, 0, 75370, 97887
2026/07/08 16:56:09.641, 0, 0, 48704, 97887
2026/07/08 16:56:09.657, 1, 0, 48104, 97887
2026/07/08 16:56:09.674, 2, 0, 48104, 97887
2026/07/08 16:56:09.691, 3, 0, 48104, 97887
2026/07/08 16:56:09.709, 4, 0, 75376, 97887
2026/07/08 16:56:09.728, 5, 0, 75376, 97887
2026/07/08 16:56:09.746, 6, 0, 75370, 97887
2026/07/08 16:56:09.765, 7, 0, 75370, 97887
2026/07/08 16:56:10.787, 0, 0, 48704, 97887
2026/07/08 16:56:10.803, 1, 0, 48104, 97887
2026/07/08 16:56:10.821, 2, 0, 48104, 97887
2026/07/08 16:56:10.836, 3, 0, 48104, 97887
2026/07/08 16:56:10.853, 4, 0, 75376, 97887
2026/07/08 16:56:10.869, 5, 0, 75376, 97887
2026/07/08 16:56:10.885, 6, 0, 75370, 97887
2026/07/08 16:56:10.901, 7, 0, 75370, 97887
2026/07/08 16:56:11.915, 0, 0, 48704, 97887
2026/07/08 16:56:11.932, 1, 0, 48104, 97887
2026/07/08 16:56:11.948, 2, 0, 48104, 97887
2026/07/08 16:56:11.962, 3, 0, 48104, 97887
2026/07/08 16:56:11.981, 4, 0, 75376, 97887
2026/07/08 16:56:11.996, 5, 0, 75376, 97887
2026/07/08 16:56:12.012, 6, 0, 75370, 97887
2026/07/08 16:56:12.029, 7, 0, 75370, 97887
2026/07/08 16:56:13.044, 0, 0, 48704, 97887
2026/07/08 16:56:13.055, 1, 0, 48104, 97887
2026/07/08 16:56:13.066, 2, 0, 48104, 97887
2026/07/08 16:56:13.073, 3, 0, 48104, 97887
2026/07/08 16:56:13.083, 4, 0, 75376, 97887
2026/07/08 16:56:13.094, 5, 0, 75376, 97887
2026/07/08 16:56:13.111, 6, 0, 75370, 97887
2026/07/08 16:56:13.127, 7, 0, 75370, 97887
2026/07/08 16:56:14.145, 0, 0, 48704, 97887
2026/07/08 16:56:14.164, 1, 0, 48104, 97887
2026/07/08 16:56:14.181, 2, 0, 48104, 97887
2026/07/08 16:56:14.196, 3, 0, 48104, 97887
2026/07/08 16:56:14.207, 4, 0, 75376, 97887
2026/07/08 16:56:14.220, 5, 0, 75376, 97887
2026/07/08 16:56:14.233, 6, 0, 75370, 97887
2026/07/08 16:56:14.247, 7, 0, 75370, 97887
2026/07/08 16:56:15.266, 0, 0, 48704, 97887
2026/07/08 16:56:15.284, 1, 0, 48104, 97887
2026/07/08 16:56:15.298, 2, 0, 48104, 97887
2026/07/08 16:56:15.316, 3, 0, 48104, 97887
2026/07/08 16:56:15.337, 4, 0, 75376, 97887
2026/07/08 16:56:15.356, 5, 0, 75376, 97887
2026/07/08 16:56:15.373, 6, 0, 75370, 97887
2026/07/08 16:56:15.389, 7, 0, 75370, 97887
2026/07/08 16:56:16.403, 0, 0, 48704, 97887
2026/07/08 16:56:16.422, 1, 0, 48104, 97887
2026/07/08 16:56:16.439, 2, 0, 48104, 97887
2026/07/08 16:56:16.456, 3, 0, 48104, 97887
2026/07/08 16:56:16.476, 4, 0, 75376, 97887
2026/07/08 16:56:16.494, 5, 0, 75376, 97887
2026/07/08 16:56:16.510, 6, 0, 75370, 97887
2026/07/08 16:56:16.529, 7, 0, 75370, 97887
2026/07/08 16:56:17.547, 0, 0, 48704, 97887
2026/07/08 16:56:17.564, 1, 0, 48104, 97887
2026/07/08 16:56:17.582, 2, 0, 48104, 97887
2026/07/08 16:56:17.600, 3, 0, 48104, 97887
2026/07/08 16:56:17.619, 4, 0, 75376, 97887
2026/07/08 16:56:17.638, 5, 0, 75376, 97887
2026/07/08 16:56:17.652, 6, 0, 75370, 97887
2026/07/08 16:56:17.669, 7, 0, 75370, 97887
2026/07/08 16:56:18.686, 0, 0, 48704, 97887
2026/07/08 16:56:18.706, 1, 0, 48104, 97887
2026/07/08 16:56:18.725, 2, 0, 48104, 97887
2026/07/08 16:56:18.744, 3, 0, 48104, 97887
2026/07/08 16:56:18.763, 4, 0, 75376, 97887
2026/07/08 16:56:18.779, 5, 0, 75376, 97887
2026/07/08 16:56:18.795, 6, 0, 75370, 97887
2026/07/08 16:56:18.815, 7, 0, 75370, 97887
2026/07/08 16:56:19.831, 0, 0, 48704, 97887
2026/07/08 16:56:19.849, 1, 0, 48104, 97887
2026/07/08 16:56:19.866, 2, 0, 48104, 97887
2026/07/08 16:56:19.882, 3, 0, 48104, 97887
2026/07/08 16:56:19.896, 4, 0, 75376, 97887
2026/07/08 16:56:19.911, 5, 0, 75376, 97887
2026/07/08 16:56:19.925, 6, 0, 75370, 97887
2026/07/08 16:56:19.937, 7, 0, 75370, 97887
2026/07/08 16:56:20.950, 0, 0, 48704, 97887
2026/07/08 16:56:20.964, 1, 0, 48104, 97887
2026/07/08 16:56:20.979, 2, 0, 48104, 97887
2026/07/08 16:56:20.994, 3, 0, 48104, 97887
2026/07/08 16:56:21.007, 4, 0, 75376, 97887
2026/07/08 16:56:21.024, 5, 0, 75376, 97887
2026/07/08 16:56:21.040, 6, 0, 75370, 97887
2026/07/08 16:56:21.054, 7, 0, 75370, 97887
2026/07/08 16:56:22.067, 0, 0, 48704, 97887
2026/07/08 16:56:22.085, 1, 0, 48104, 97887
2026/07/08 16:56:22.098, 2, 0, 48104, 97887
2026/07/08 16:56:22.114, 3, 0, 48104, 97887
2026/07/08 16:56:22.127, 4, 0, 75376, 97887
2026/07/08 16:56:22.141, 5, 0, 75376, 97887
2026/07/08 16:56:22.157, 6, 0, 75370, 97887
2026/07/08 16:56:22.172, 7, 0, 75370, 97887
2026/07/08 16:56:23.188, 0, 0, 48704, 97887
2026/07/08 16:56:23.207, 1, 0, 48104, 97887
2026/07/08 16:56:23.226, 2, 0, 48104, 97887
2026/07/08 16:56:23.246, 3, 0, 48104, 97887
2026/07/08 16:56:23.263, 4, 0, 75376, 97887
2026/07/08 16:56:23.282, 5, 0, 75376, 97887
2026/07/08 16:56:23.301, 6, 0, 75370, 97887
2026/07/08 16:56:23.320, 7, 0, 75370, 97887
2026/07/08 16:56:24.340, 0, 0, 48704, 97887
2026/07/08 16:56:24.359, 1, 0, 48104, 97887
2026/07/08 16:56:24.376, 2, 0, 48104, 97887
2026/07/08 16:56:24.394, 3, 0, 48104, 97887
2026/07/08 16:56:24.409, 4, 0, 75376, 97887
2026/07/08 16:56:24.427, 5, 0, 75376, 97887
2026/07/08 16:56:24.444, 6, 0, 75370, 97887
2026/07/08 16:56:24.462, 7, 0, 75370, 97887
2026/07/08 16:56:25.480, 0, 0, 48704, 97887
2026/07/08 16:56:25.498, 1, 0, 48104, 97887
2026/07/08 16:56:25.511, 2, 0, 48104, 97887
2026/07/08 16:56:25.527, 3, 0, 48104, 97887
2026/07/08 16:56:25.541, 4, 0, 75376, 97887
2026/07/08 16:56:25.552, 5, 0, 75376, 97887
2026/07/08 16:56:25.570, 6, 0, 75370, 97887
2026/07/08 16:56:25.587, 7, 0, 75370, 97887
2026/07/08 16:56:26.602, 0, 0, 48704, 97887
2026/07/08 16:56:26.619, 1, 0, 48104, 97887
2026/07/08 16:56:26.637, 2, 0, 48104, 97887
2026/07/08 16:56:26.654, 3, 0, 48104, 97887
2026/07/08 16:56:26.669, 4, 0, 75376, 97887
2026/07/08 16:56:26.683, 5, 0, 75376, 97887
2026/07/08 16:56:26.695, 6, 0, 75370, 97887
2026/07/08 16:56:26.707, 7, 0, 75370, 97887
2026/07/08 16:56:27.725, 0, 0, 48704, 97887
2026/07/08 16:56:27.743, 1, 0, 48104, 97887
2026/07/08 16:56:27.759, 2, 0, 48104, 97887
2026/07/08 16:56:27.776, 3, 0, 48104, 97887
2026/07/08 16:56:27.791, 4, 0, 75376, 97887
2026/07/08 16:56:27.811, 5, 0, 75376, 97887
2026/07/08 16:56:27.827, 6, 0, 75370, 97887
2026/07/08 16:56:27.846, 7, 0, 75370, 97887
2026/07/08 16:56:28.864, 0, 0, 48704, 97887
2026/07/08 16:56:28.882, 1, 0, 48104, 97887
2026/07/08 16:56:28.896, 2, 0, 48104, 97887
2026/07/08 16:56:28.915, 3, 0, 48104, 97887
2026/07/08 16:56:28.932, 4, 0, 75376, 97887
2026/07/08 16:56:28.971, 5, 0, 75376, 97887
2026/07/08 16:56:28.993, 6, 0, 75370, 97887
2026/07/08 16:56:29.009, 7, 0, 75370, 97887
2026/07/08 16:56:30.026, 0, 0, 48704, 97887
2026/07/08 16:56:30.041, 1, 0, 48104, 97887
2026/07/08 16:56:30.059, 2, 0, 48104, 97887
2026/07/08 16:56:30.073, 3, 0, 48104, 97887
2026/07/08 16:56:30.090, 4, 0, 75376, 97887
2026/07/08 16:56:30.106, 5, 0, 75376, 97887
2026/07/08 16:56:30.119, 6, 0, 75370, 97887
2026/07/08 16:56:30.132, 7, 0, 75370, 97887
2026/07/08 16:56:31.145, 0, 0, 48704, 97887
2026/07/08 16:56:31.163, 1, 0, 48104, 97887
2026/07/08 16:56:31.178, 2, 0, 48104, 97887
2026/07/08 16:56:31.195, 3, 0, 48104, 97887
2026/07/08 16:56:31.211, 4, 0, 75376, 97887
2026/07/08 16:56:31.225, 5, 0, 75376, 97887
2026/07/08 16:56:31.242, 6, 0, 75370, 97887
2026/07/08 16:56:31.256, 7, 0, 75370, 97887
2026/07/08 16:56:32.270, 0, 0, 48704, 97887
2026/07/08 16:56:32.288, 1, 0, 48104, 97887
2026/07/08 16:56:32.305, 2, 0, 48104, 97887
2026/07/08 16:56:32.319, 3, 0, 48104, 97887
2026/07/08 16:56:32.336, 4, 0, 75376, 97887
2026/07/08 16:56:32.351, 5, 0, 75376, 97887
2026/07/08 16:56:32.367, 6, 0, 75370, 97887
2026/07/08 16:56:32.384, 7, 0, 75370, 97887
2026/07/08 16:56:33.399, 0, 0, 48704, 97887
2026/07/08 16:56:33.415, 1, 0, 48104, 97887
2026/07/08 16:56:33.431, 2, 0, 48104, 97887
2026/07/08 16:56:33.446, 3, 0, 48104, 97887
2026/07/08 16:56:33.460, 4, 0, 75376, 97887
2026/07/08 16:56:33.475, 5, 0, 75376, 97887
2026/07/08 16:56:33.490, 6, 0, 75370, 97887
2026/07/08 16:56:33.506, 7, 0, 75370, 97887
2026/07/08 16:56:34.521, 0, 0, 48704, 97887
2026/07/08 16:56:34.541, 1, 0, 48104, 97887
2026/07/08 16:56:34.557, 2, 0, 48104, 97887
2026/07/08 16:56:34.574, 3, 0, 48104, 97887
2026/07/08 16:56:34.591, 4, 0, 75376, 97887
2026/07/08 16:56:34.607, 5, 0, 75376, 97887
2026/07/08 16:56:34.626, 6, 0, 75370, 97887
2026/07/08 16:56:34.647, 7, 0, 75370, 97887
2026/07/08 16:56:35.666, 0, 0, 48704, 97887
2026/07/08 16:56:35.681, 1, 0, 48104, 97887
2026/07/08 16:56:35.694, 2, 0, 48104, 97887
2026/07/08 16:56:35.711, 3, 0, 48104, 97887
2026/07/08 16:56:35.724, 4, 0, 75376, 97887
2026/07/08 16:56:35.740, 5, 0, 75376, 97887
2026/07/08 16:56:35.755, 6, 0, 75370, 97887
2026/07/08 16:56:35.769, 7, 0, 75370, 97887
2026/07/08 16:56:36.784, 0, 0, 48704, 97887
2026/07/08 16:56:36.801, 1, 0, 48104, 97887
2026/07/08 16:56:36.819, 2, 0, 48104, 97887
2026/07/08 16:56:36.834, 3, 0, 48104, 97887
2026/07/08 16:56:36.850, 4, 0, 75376, 97887
2026/07/08 16:56:36.864, 5, 0, 75376, 97887
2026/07/08 16:56:36.878, 6, 0, 75370, 97887
2026/07/08 16:56:36.891, 7, 0, 75370, 97887
2026/07/08 16:56:37.908, 0, 0, 48704, 97887
2026/07/08 16:56:37.926, 1, 0, 48104, 97887
2026/07/08 16:56:37.941, 2, 0, 48104, 97887
2026/07/08 16:56:37.955, 3, 0, 48104, 97887
2026/07/08 16:56:37.967, 4, 0, 75376, 97887
2026/07/08 16:56:37.980, 5, 0, 75376, 97887
2026/07/08 16:56:37.994, 6, 0, 75370, 97887
2026/07/08 16:56:38.009, 7, 0, 75370, 97887
2026/07/08 16:56:39.024, 0, 0, 48704, 97887
2026/07/08 16:56:39.038, 1, 0, 48104, 97887
2026/07/08 16:56:39.055, 2, 0, 48104, 97887
2026/07/08 16:56:39.072, 3, 0, 48104, 97887
2026/07/08 16:56:39.089, 4, 0, 75376, 97887
2026/07/08 16:56:39.107, 5, 0, 75376, 97887
2026/07/08 16:56:39.125, 6, 0, 75370, 97887
2026/07/08 16:56:39.142, 7, 0, 75370, 97887
2026/07/08 16:56:40.158, 0, 0, 48704, 97887
2026/07/08 16:56:40.181, 1, 0, 48104, 97887
2026/07/08 16:56:40.202, 2, 0, 48104, 97887
2026/07/08 16:56:40.222, 3, 0, 48104, 97887
2026/07/08 16:56:40.243, 4, 0, 75376, 97887
2026/07/08 16:56:40.263, 5, 0, 75376, 97887
2026/07/08 16:56:40.278, 6, 0, 75370, 97887
2026/07/08 16:56:40.296, 7, 0, 75370, 97887
2026/07/08 16:56:41.313, 0, 0, 48704, 97887
2026/07/08 16:56:41.334, 1, 0, 48104, 97887
2026/07/08 16:56:41.350, 2, 0, 48104, 97887
2026/07/08 16:56:41.367, 3, 0, 48104, 97887
2026/07/08 16:56:41.383, 4, 0, 75376, 97887
2026/07/08 16:56:41.398, 5, 0, 75376, 97887
2026/07/08 16:56:41.415, 6, 0, 75370, 97887
2026/07/08 16:56:41.432, 7, 0, 75370, 97887
2026/07/08 16:56:42.448, 0, 0, 48704, 97887
2026/07/08 16:56:42.464, 1, 0, 48104, 97887
2026/07/08 16:56:42.480, 2, 0, 48104, 97887
2026/07/08 16:56:42.497, 3, 0, 48104, 97887
2026/07/08 16:56:42.515, 4, 0, 75376, 97887
2026/07/08 16:56:42.528, 5, 0, 75376, 97887
2026/07/08 16:56:42.540, 6, 0, 75370, 97887
2026/07/08 16:56:42.552, 7, 0, 75370, 97887
2026/07/08 16:56:43.562, 0, 0, 48704, 97887
2026/07/08 16:56:43.578, 1, 0, 48104, 97887
2026/07/08 16:56:43.595, 2, 0, 48104, 97887
2026/07/08 16:56:43.613, 3, 0, 48104, 97887
2026/07/08 16:56:43.631, 4, 0, 75376, 97887
2026/07/08 16:56:43.646, 5, 0, 75376, 97887
2026/07/08 16:56:43.662, 6, 0, 75370, 97887
2026/07/08 16:56:43.679, 7, 0, 75370, 97887
2026/07/08 16:56:44.695, 0, 0, 48704, 97887
2026/07/08 16:56:44.707, 1, 0, 48104, 97887
2026/07/08 16:56:44.721, 2, 0, 48104, 97887
2026/07/08 16:56:44.738, 3, 0, 48104, 97887
2026/07/08 16:56:44.753, 4, 0, 75376, 97887
2026/07/08 16:56:44.767, 5, 0, 75376, 97887
2026/07/08 16:56:44.783, 6, 0, 75370, 97887
2026/07/08 16:56:44.800, 7, 0, 75370, 97887
2026/07/08 16:56:45.815, 0, 0, 48704, 97887
2026/07/08 16:56:45.839, 1, 0, 48104, 97887
2026/07/08 16:56:45.863, 2, 0, 48104, 97887
2026/07/08 16:56:45.881, 3, 0, 48104, 97887
2026/07/08 16:56:45.893, 4, 0, 75376, 97887
2026/07/08 16:56:45.907, 5, 0, 75376, 97887
2026/07/08 16:56:45.925, 6, 0, 75370, 97887
2026/07/08 16:56:45.940, 7, 0, 75370, 97887
2026/07/08 16:56:46.956, 0, 0, 48704, 97887
2026/07/08 16:56:46.972, 1, 0, 48104, 97887
2026/07/08 16:56:46.988, 2, 0, 48104, 97887
2026/07/08 16:56:47.004, 3, 0, 48104, 97887
2026/07/08 16:56:47.019, 4, 0, 75376, 97887
2026/07/08 16:56:47.035, 5, 0, 75376, 97887
2026/07/08 16:56:47.049, 6, 0, 75370, 97887
2026/07/08 16:56:47.067, 7, 0, 75370, 97887
2026/07/08 16:56:48.083, 0, 0, 48704, 97887
2026/07/08 16:56:48.097, 1, 0, 48104, 97887
2026/07/08 16:56:48.112, 2, 0, 48104, 97887
2026/07/08 16:56:48.126, 3, 0, 48104, 97887
2026/07/08 16:56:48.142, 4, 0, 75376, 97887
2026/07/08 16:56:48.159, 5, 0, 75376, 97887
2026/07/08 16:56:48.173, 6, 0, 75370, 97887
2026/07/08 16:56:48.189, 7, 0, 75370, 97887
2026/07/08 16:56:49.204, 0, 0, 48704, 97887
2026/07/08 16:56:49.218, 1, 0, 48104, 97887
2026/07/08 16:56:49.231, 2, 0, 48104, 97887
2026/07/08 16:56:49.245, 3, 0, 48104, 97887
2026/07/08 16:56:49.261, 4, 0, 75376, 97887
2026/07/08 16:56:49.275, 5, 0, 75376, 97887
2026/07/08 16:56:49.288, 6, 0, 75370, 97887
2026/07/08 16:56:49.303, 7, 0, 75370, 97887
2026/07/08 16:56:50.320, 0, 0, 48704, 97887
2026/07/08 16:56:50.336, 1, 0, 48104, 97887
2026/07/08 16:56:50.353, 2, 0, 48104, 97887
2026/07/08 16:56:50.372, 3, 0, 48104, 97887
2026/07/08 16:56:50.388, 4, 0, 75376, 97887
2026/07/08 16:56:50.403, 5, 0, 75376, 97887
2026/07/08 16:56:50.421, 6, 0, 75370, 97887
2026/07/08 16:56:50.438, 7, 0, 75370, 97887
2026/07/08 16:56:51.451, 0, 0, 48704, 97887
2026/07/08 16:56:51.467, 1, 0, 48104, 97887
2026/07/08 16:56:51.484, 2, 0, 48104, 97887
2026/07/08 16:56:51.498, 3, 0, 48104, 97887
2026/07/08 16:56:51.513, 4, 0, 75376, 97887
2026/07/08 16:56:51.532, 5, 0, 75376, 97887
2026/07/08 16:56:51.549, 6, 0, 75370, 97887
2026/07/08 16:56:51.562, 7, 0, 75370, 97887
2026/07/08 16:56:52.578, 0, 0, 48704, 97887
2026/07/08 16:56:52.592, 1, 0, 48104, 97887
2026/07/08 16:56:52.605, 2, 0, 48104, 97887
2026/07/08 16:56:52.620, 3, 0, 48104, 97887
2026/07/08 16:56:52.635, 4, 0, 75376, 97887
2026/07/08 16:56:52.651, 5, 0, 75376, 97887
2026/07/08 16:56:52.668, 6, 0, 75370, 97887
2026/07/08 16:56:52.687, 7, 0, 75370, 97887
2026/07/08 16:56:53.702, 0, 0, 48704, 97887
2026/07/08 16:56:53.715, 1, 0, 48104, 97887
2026/07/08 16:56:53.728, 2, 0, 48104, 97887
2026/07/08 16:56:53.742, 3, 0, 48104, 97887
2026/07/08 16:56:53.753, 4, 0, 75376, 97887
2026/07/08 16:56:53.765, 5, 0, 75376, 97887
2026/07/08 16:56:53.781, 6, 0, 75370, 97887
2026/07/08 16:56:53.798, 7, 0, 75370, 97887
2026/07/08 16:56:54.815, 0, 0, 48704, 97887
2026/07/08 16:56:54.828, 1, 0, 48104, 97887
2026/07/08 16:56:54.842, 2, 0, 48104, 97887
2026/07/08 16:56:54.854, 3, 0, 48104, 97887
2026/07/08 16:56:54.867, 4, 0, 75376, 97887
2026/07/08 16:56:54.880, 5, 0, 75376, 97887
2026/07/08 16:56:54.889, 6, 0, 75370, 97887
2026/07/08 16:56:54.896, 7, 0, 75370, 97887
2026/07/08 16:56:55.905, 0, 0, 48704, 97887
2026/07/08 16:56:55.922, 1, 0, 48104, 97887
2026/07/08 16:56:55.936, 2, 0, 48104, 97887
2026/07/08 16:56:55.956, 3, 0, 48104, 97887
2026/07/08 16:56:55.971, 4, 0, 75376, 97887
2026/07/08 16:56:55.985, 5, 0, 75376, 97887
2026/07/08 16:56:55.999, 6, 0, 75370, 97887
2026/07/08 16:56:56.011, 7, 0, 75370, 97887
2026/07/08 16:56:57.024, 0, 0, 48704, 97887
2026/07/08 16:56:57.045, 1, 0, 48104, 97887
2026/07/08 16:56:57.063, 2, 0, 48104, 97887
2026/07/08 16:56:57.083, 3, 0, 48104, 97887
2026/07/08 16:56:57.104, 4, 0, 75376, 97887
2026/07/08 16:56:57.124, 5, 0, 75376, 97887
2026/07/08 16:56:57.136, 6, 0, 75370, 97887
2026/07/08 16:56:57.150, 7, 0, 75370, 97887
2026/07/08 16:56:58.166, 0, 0, 48704, 97887
2026/07/08 16:56:58.179, 1, 0, 48104, 97887
2026/07/08 16:56:58.191, 2, 0, 48104, 97887
2026/07/08 16:56:58.202, 3, 0, 48104, 97887
2026/07/08 16:56:58.221, 4, 0, 75376, 97887
2026/07/08 16:56:58.235, 5, 0, 75376, 97887
2026/07/08 16:56:58.249, 6, 0, 75370, 97887
2026/07/08 16:56:58.263, 7, 0, 75370, 97887
2026/07/08 16:56:59.276, 0, 0, 48704, 97887
2026/07/08 16:56:59.294, 1, 0, 48104, 97887
2026/07/08 16:56:59.309, 2, 0, 48104, 97887
2026/07/08 16:56:59.320, 3, 0, 48104, 97887
2026/07/08 16:56:59.336, 4, 0, 75376, 97887
2026/07/08 16:56:59.352, 5, 0, 75376, 97887
2026/07/08 16:56:59.369, 6, 0, 75370, 97887
2026/07/08 16:56:59.388, 7, 0, 75370, 97887
2026/07/08 16:57:00.407, 0, 0, 48704, 97887
2026/07/08 16:57:00.425, 1, 0, 48104, 97887
2026/07/08 16:57:00.447, 2, 0, 48104, 97887
2026/07/08 16:57:00.459, 3, 0, 48104, 97887
2026/07/08 16:57:00.468, 4, 0, 75376, 97887
2026/07/08 16:57:00.482, 5, 0, 75376, 97887
2026/07/08 16:57:00.499, 6, 0, 75370, 97887
2026/07/08 16:57:00.513, 7, 0, 75370, 97887
2026/07/08 16:57:01.527, 0, 0, 48704, 97887
2026/07/08 16:57:01.543, 1, 0, 48104, 97887
2026/07/08 16:57:01.562, 2, 0, 48104, 97887
2026/07/08 16:57:01.577, 3, 0, 48104, 97887
2026/07/08 16:57:01.593, 4, 0, 75376, 97887
2026/07/08 16:57:01.610, 5, 0, 75376, 97887
2026/07/08 16:57:01.629, 6, 0, 75370, 97887
2026/07/08 16:57:01.646, 7, 0, 75370, 97887
2026/07/08 16:57:02.663, 0, 0, 48704, 97887
2026/07/08 16:57:02.679, 1, 0, 48104, 97887
2026/07/08 16:57:02.696, 2, 0, 48104, 97887
2026/07/08 16:57:02.712, 3, 0, 48104, 97887
2026/07/08 16:57:02.726, 4, 0, 75376, 97887
2026/07/08 16:57:02.743, 5, 0, 75376, 97887
2026/07/08 16:57:02.761, 6, 0, 75370, 97887
2026/07/08 16:57:02.780, 7, 0, 75370, 97887
2026/07/08 16:57:03.797, 0, 0, 48704, 97887
2026/07/08 16:57:03.817, 1, 0, 48104, 97887
2026/07/08 16:57:03.836, 2, 0, 48104, 97887
2026/07/08 16:57:03.855, 3, 0, 48104, 97887
2026/07/08 16:57:03.873, 4, 0, 75376, 97887
2026/07/08 16:57:03.890, 5, 0, 75376, 97887
2026/07/08 16:57:03.906, 6, 0, 75370, 97887
2026/07/08 16:57:03.920, 7, 0, 75370, 97887
2026/07/08 16:57:04.939, 0, 0, 48704, 97887
2026/07/08 16:57:04.951, 1, 0, 48104, 97887
2026/07/08 16:57:04.967, 2, 0, 48104, 97887
2026/07/08 16:57:04.980, 3, 0, 48104, 97887
2026/07/08 16:57:04.988, 4, 0, 75376, 97887
2026/07/08 16:57:05.002, 5, 0, 75376, 97887
2026/07/08 16:57:05.014, 6, 0, 75370, 97887
2026/07/08 16:57:05.029, 7, 0, 75370, 97887
2026/07/08 16:57:06.042, 0, 0, 48704, 97887
2026/07/08 16:57:06.060, 1, 0, 48104, 97887
2026/07/08 16:57:06.077, 2, 0, 48104, 97887
2026/07/08 16:57:06.093, 3, 0, 48104, 97887
2026/07/08 16:57:06.110, 4, 0, 75376, 97887
2026/07/08 16:57:06.128, 5, 0, 75376, 97887
2026/07/08 16:57:06.143, 6, 0, 75370, 97887
2026/07/08 16:57:06.173, 7, 0, 75370, 97887
2026/07/08 16:57:07.189, 0, 0, 48704, 97887
2026/07/08 16:57:07.207, 1, 0, 48104, 97887
2026/07/08 16:57:07.221, 2, 0, 48104, 97887
2026/07/08 16:57:07.236, 3, 0, 48104, 97887
2026/07/08 16:57:07.251, 4, 0, 75376, 97887
2026/07/08 16:57:07.264, 5, 0, 75376, 97887
2026/07/08 16:57:07.281, 6, 0, 75370, 97887
2026/07/08 16:57:07.298, 7, 0, 75370, 97887
2026/07/08 16:57:08.311, 0, 0, 48704, 97887
2026/07/08 16:57:08.329, 1, 0, 48104, 97887
2026/07/08 16:57:08.346, 2, 0, 48104, 97887
2026/07/08 16:57:08.362, 3, 0, 48104, 97887
2026/07/08 16:57:08.383, 4, 0, 75376, 97887
2026/07/08 16:57:08.402, 5, 0, 75376, 97887
2026/07/08 16:57:08.420, 6, 0, 75370, 97887
2026/07/08 16:57:08.437, 7, 0, 75370, 97887
2026/07/08 16:57:09.453, 0, 0, 48704, 97887
2026/07/08 16:57:09.469, 1, 0, 48104, 97887
2026/07/08 16:57:09.484, 2, 0, 48104, 97887
2026/07/08 16:57:09.497, 3, 0, 48104, 97887
2026/07/08 16:57:09.512, 4, 0, 75376, 97887
2026/07/08 16:57:09.527, 5, 0, 75376, 97887
2026/07/08 16:57:09.541, 6, 0, 75370, 97887
2026/07/08 16:57:09.557, 7, 0, 75370, 97887
2026/07/08 16:57:10.574, 0, 0, 48704, 97887
2026/07/08 16:57:10.593, 1, 0, 48104, 97887
2026/07/08 16:57:10.611, 2, 0, 48104, 97887
2026/07/08 16:57:10.628, 3, 0, 48104, 97887
2026/07/08 16:57:10.646, 4, 0, 75376, 97887
2026/07/08 16:57:10.661, 5, 0, 75376, 97887
2026/07/08 16:57:10.677, 6, 0, 75370, 97887
2026/07/08 16:57:10.693, 7, 0, 75370, 97887
2026/07/08 16:57:11.710, 0, 0, 48704, 97887
2026/07/08 16:57:11.730, 1, 0, 48104, 97887
2026/07/08 16:57:11.746, 2, 0, 48104, 97887
2026/07/08 16:57:11.763, 3, 0, 48104, 97887
2026/07/08 16:57:11.778, 4, 0, 75376, 97887
2026/07/08 16:57:11.796, 5, 0, 75376, 97887
2026/07/08 16:57:11.811, 6, 0, 75370, 97887
2026/07/08 16:57:11.827, 7, 0, 75370, 97887
2026/07/08 16:57:12.843, 0, 0, 48704, 97887
2026/07/08 16:57:12.864, 1, 0, 48104, 97887
2026/07/08 16:57:12.881, 2, 0, 48104, 97887
2026/07/08 16:57:12.901, 3, 0, 48104, 97887
2026/07/08 16:57:12.919, 4, 0, 75376, 97887
2026/07/08 16:57:12.936, 5, 0, 75376, 97887
2026/07/08 16:57:12.954, 6, 0, 75370, 97887
2026/07/08 16:57:12.970, 7, 0, 75370, 97887
2026/07/08 16:57:13.985, 0, 0, 48704, 97887
2026/07/08 16:57:14.001, 1, 0, 48104, 97887
2026/07/08 16:57:14.018, 2, 0, 48104, 97887
2026/07/08 16:57:14.033, 3, 0, 48104, 97887
2026/07/08 16:57:14.050, 4, 0, 75376, 97887
2026/07/08 16:57:14.065, 5, 0, 75376, 97887
2026/07/08 16:57:14.078, 6, 0, 75370, 97887
2026/07/08 16:57:14.091, 7, 0, 75370, 97887
2026/07/08 16:57:15.107, 0, 0, 48704, 97887
2026/07/08 16:57:15.123, 1, 0, 48104, 97887
2026/07/08 16:57:15.138, 2, 0, 48104, 97887
2026/07/08 16:57:15.149, 3, 0, 48104, 97887
2026/07/08 16:57:15.161, 4, 0, 75376, 97887
2026/07/08 16:57:15.175, 5, 0, 75376, 97887
2026/07/08 16:57:15.189, 6, 0, 75370, 97887
2026/07/08 16:57:15.202, 7, 0, 75370, 97887
2026/07/08 16:57:16.214, 0, 0, 48704, 97887
2026/07/08 16:57:16.228, 1, 0, 48104, 97887
2026/07/08 16:57:16.244, 2, 0, 48104, 97887
2026/07/08 16:57:16.260, 3, 0, 48104, 97887
2026/07/08 16:57:16.279, 4, 0, 75376, 97887
2026/07/08 16:57:16.292, 5, 0, 75376, 97887
2026/07/08 16:57:16.308, 6, 0, 75370, 97887
2026/07/08 16:57:16.323, 7, 0, 75370, 97887
2026/07/08 16:57:17.341, 0, 0, 48704, 97887
2026/07/08 16:57:17.362, 1, 0, 48104, 97887
2026/07/08 16:57:17.378, 2, 0, 48104, 97887
2026/07/08 16:57:17.395, 3, 0, 48104, 97887
2026/07/08 16:57:17.412, 4, 0, 75376, 97887
2026/07/08 16:57:17.427, 5, 0, 75376, 97887
2026/07/08 16:57:17.441, 6, 0, 75370, 97887
2026/07/08 16:57:17.454, 7, 0, 75370, 97887
2026/07/08 16:57:18.469, 0, 0, 48704, 97887
2026/07/08 16:57:18.485, 1, 0, 48104, 97887
2026/07/08 16:57:18.504, 2, 0, 48104, 97887
2026/07/08 16:57:18.521, 3, 0, 48104, 97887
2026/07/08 16:57:18.540, 4, 0, 75376, 97887
2026/07/08 16:57:18.559, 5, 0, 75376, 97887
2026/07/08 16:57:18.574, 6, 0, 75370, 97887
2026/07/08 16:57:18.593, 7, 0, 75370, 97887
2026/07/08 16:57:19.610, 0, 0, 48704, 97887
2026/07/08 16:57:19.624, 1, 0, 48104, 97887
2026/07/08 16:57:19.641, 2, 0, 48104, 97887
2026/07/08 16:57:19.653, 3, 0, 48104, 97887
2026/07/08 16:57:19.667, 4, 0, 75376, 97887
2026/07/08 16:57:19.681, 5, 0, 75376, 97887
2026/07/08 16:57:19.694, 6, 0, 75370, 97887
2026/07/08 16:57:19.710, 7, 0, 75370, 97887
2026/07/08 16:57:20.725, 0, 0, 48704, 97887
2026/07/08 16:57:20.749, 1, 0, 48104, 97887
2026/07/08 16:57:20.772, 2, 0, 48104, 97887
2026/07/08 16:57:20.791, 3, 0, 48104, 97887
2026/07/08 16:57:20.806, 4, 0, 75376, 97887
2026/07/08 16:57:20.820, 5, 0, 75376, 97887
2026/07/08 16:57:20.836, 6, 0, 75370, 97887
2026/07/08 16:57:20.852, 7, 0, 75370, 97887
2026/07/08 16:57:21.869, 0, 0, 48704, 97887
2026/07/08 16:57:21.883, 1, 0, 48104, 97887
2026/07/08 16:57:21.899, 2, 0, 48104, 97887
2026/07/08 16:57:21.914, 3, 0, 48104, 97887
2026/07/08 16:57:21.930, 4, 0, 75376, 97887
2026/07/08 16:57:21.943, 5, 0, 75376, 97887
2026/07/08 16:57:21.960, 6, 0, 75370, 97887
2026/07/08 16:57:21.974, 7, 0, 75370, 97887
2026/07/08 16:57:22.987, 0, 0, 48704, 97887
2026/07/08 16:57:23.004, 1, 0, 48104, 97887
2026/07/08 16:57:23.021, 2, 0, 48104, 97887
2026/07/08 16:57:23.037, 3, 0, 48104, 97887
2026/07/08 16:57:23.052, 4, 0, 75376, 97887
2026/07/08 16:57:23.067, 5, 0, 75376, 97887
2026/07/08 16:57:23.084, 6, 0, 75370, 97887
2026/07/08 16:57:23.100, 7, 0, 75370, 97887
2026/07/08 16:57:24.115, 0, 0, 48704, 97887
2026/07/08 16:57:24.129, 1, 0, 48104, 97887
2026/07/08 16:57:24.146, 2, 0, 48104, 97887
2026/07/08 16:57:24.162, 3, 0, 48104, 97887
2026/07/08 16:57:24.176, 4, 0, 75376, 97887
2026/07/08 16:57:24.202, 5, 0, 75376, 97887
2026/07/08 16:57:24.224, 6, 0, 75370, 97887
2026/07/08 16:57:24.245, 7, 0, 75370, 97887
2026/07/08 16:57:25.265, 0, 0, 48704, 97887
2026/07/08 16:57:25.280, 1, 0, 48104, 97887
2026/07/08 16:57:25.297, 2, 0, 48104, 97887
2026/07/08 16:57:25.314, 3, 0, 48104, 97887
2026/07/08 16:57:25.330, 4, 0, 75376, 97887
2026/07/08 16:57:25.345, 5, 0, 75376, 97887
2026/07/08 16:57:25.362, 6, 0, 75370, 97887
2026/07/08 16:57:25.376, 7, 0, 75370, 97887
2026/07/08 16:57:26.391, 0, 0, 48704, 97887
2026/07/08 16:57:26.409, 1, 0, 48104, 97887
2026/07/08 16:57:26.426, 2, 0, 48104, 97887
2026/07/08 16:57:26.444, 3, 0, 48104, 97887
2026/07/08 16:57:26.462, 4, 0, 75376, 97887
2026/07/08 16:57:26.481, 5, 0, 75376, 97887
2026/07/08 16:57:26.498, 6, 0, 75370, 97887
2026/07/08 16:57:26.514, 7, 0, 75370, 97887
2026/07/08 16:57:27.528, 0, 0, 48704, 97887
2026/07/08 16:57:27.548, 1, 0, 48104, 97887
2026/07/08 16:57:27.559, 2, 0, 48104, 97887
2026/07/08 16:57:27.572, 3, 0, 48104, 97887
2026/07/08 16:57:27.590, 4, 0, 75376, 97887
2026/07/08 16:57:27.610, 5, 0, 75376, 97887
2026/07/08 16:57:27.628, 6, 0, 75370, 97887
2026/07/08 16:57:27.646, 7, 0, 75370, 97887
2026/07/08 16:57:28.664, 0, 0, 48704, 97887
2026/07/08 16:57:28.674, 1, 0, 48104, 97887
2026/07/08 16:57:28.687, 2, 0, 48104, 97887
2026/07/08 16:57:28.696, 3, 0, 48104, 97887
2026/07/08 16:57:28.707, 4, 0, 75376, 97887
2026/07/08 16:57:28.722, 5, 0, 75376, 97887
2026/07/08 16:57:28.733, 6, 0, 75370, 97887
2026/07/08 16:57:28.744, 7, 0, 75370, 97887
2026/07/08 16:57:29.757, 0, 0, 48704, 97887
2026/07/08 16:57:29.773, 1, 0, 48104, 97887
2026/07/08 16:57:29.786, 2, 0, 48104, 97887
2026/07/08 16:57:29.808, 3, 0, 48104, 97887
2026/07/08 16:57:29.829, 4, 0, 75376, 97887
2026/07/08 16:57:29.851, 5, 0, 75376, 97887
2026/07/08 16:57:29.874, 6, 0, 75370, 97887
2026/07/08 16:57:29.903, 7, 0, 75370, 97887
2026/07/08 16:57:30.919, 0, 0, 48704, 97887
2026/07/08 16:57:30.936, 1, 0, 48104, 97887
2026/07/08 16:57:30.947, 2, 0, 48104, 97887
2026/07/08 16:57:30.960, 3, 0, 48104, 97887
2026/07/08 16:57:30.973, 4, 0, 75376, 97887
2026/07/08 16:57:30.988, 5, 0, 75376, 97887
2026/07/08 16:57:31.002, 6, 0, 75370, 97887
2026/07/08 16:57:31.014, 7, 0, 75370, 97887
2026/07/08 16:57:32.029, 0, 0, 48704, 97887
2026/07/08 16:57:32.044, 1, 0, 48104, 97887
2026/07/08 16:57:32.055, 2, 0, 48104, 97887
2026/07/08 16:57:32.068, 3, 0, 48104, 97887
2026/07/08 16:57:32.082, 4, 0, 75376, 97887
2026/07/08 16:57:32.095, 5, 0, 75376, 97887
2026/07/08 16:57:32.108, 6, 0, 75370, 97887
2026/07/08 16:57:32.124, 7, 0, 75370, 97887
2026/07/08 16:57:33.132, 0, 0, 48704, 97887
2026/07/08 16:57:33.145, 1, 0, 48104, 97887
2026/07/08 16:57:33.162, 2, 0, 48104, 97887
2026/07/08 16:57:33.179, 3, 0, 48104, 97887
2026/07/08 16:57:33.195, 4, 0, 75376, 97887
2026/07/08 16:57:33.212, 5, 0, 75376, 97887
2026/07/08 16:57:33.233, 6, 0, 75370, 97887
2026/07/08 16:57:33.250, 7, 0, 75370, 97887
2026/07/08 16:57:34.265, 0, 0, 48704, 97887
2026/07/08 16:57:34.283, 1, 0, 48104, 97887
2026/07/08 16:57:34.298, 2, 0, 48104, 97887
2026/07/08 16:57:34.315, 3, 0, 48104, 97887
2026/07/08 16:57:34.327, 4, 0, 75376, 97887
2026/07/08 16:57:34.340, 5, 0, 75376, 97887
2026/07/08 16:57:34.352, 6, 0, 75370, 97887
2026/07/08 16:57:34.365, 7, 0, 75370, 97887
2026/07/08 16:57:35.379, 0, 0, 48704, 97887
2026/07/08 16:57:35.402, 1, 0, 48104, 97887
2026/07/08 16:57:35.414, 2, 0, 48104, 97887
2026/07/08 16:57:35.427, 3, 0, 48104, 97887
2026/07/08 16:57:35.438, 4, 0, 75376, 97887
2026/07/08 16:57:35.453, 5, 0, 75376, 97887
2026/07/08 16:57:35.471, 6, 0, 75370, 97887
2026/07/08 16:57:35.491, 7, 0, 75370, 97887
2026/07/08 16:57:36.509, 0, 0, 48704, 97887
2026/07/08 16:57:36.525, 1, 0, 48104, 97887
2026/07/08 16:57:36.540, 2, 0, 48104, 97887
2026/07/08 16:57:36.556, 3, 0, 48104, 97887
2026/07/08 16:57:36.570, 4, 0, 75376, 97887
2026/07/08 16:57:36.584, 5, 0, 75376, 97887
2026/07/08 16:57:36.599, 6, 0, 75370, 97887
2026/07/08 16:57:36.615, 7, 0, 75370, 97887
2026/07/08 16:57:37.632, 0, 0, 48704, 97887
2026/07/08 16:57:37.648, 1, 0, 48104, 97887
2026/07/08 16:57:37.665, 2, 0, 48104, 97887
2026/07/08 16:57:37.681, 3, 0, 48104, 97887
2026/07/08 16:57:37.695, 4, 0, 75376, 97887
2026/07/08 16:57:37.709, 5, 0, 75376, 97887
2026/07/08 16:57:37.724, 6, 0, 75370, 97887
2026/07/08 16:57:37.739, 7, 0, 75370, 97887
2026/07/08 16:57:38.752, 0, 0, 48704, 97887
2026/07/08 16:57:38.766, 1, 0, 48104, 97887
2026/07/08 16:57:38.782, 2, 0, 48104, 97887
2026/07/08 16:57:38.798, 3, 0, 48104, 97887
2026/07/08 16:57:38.814, 4, 0, 75376, 97887
2026/07/08 16:57:38.831, 5, 0, 75376, 97887
2026/07/08 16:57:38.849, 6, 0, 75370, 97887
2026/07/08 16:57:38.865, 7, 0, 75370, 97887
2026/07/08 16:57:39.880, 0, 0, 48704, 97887
2026/07/08 16:57:39.897, 1, 0, 48104, 97887
2026/07/08 16:57:39.914, 2, 0, 48104, 97887
2026/07/08 16:57:39.929, 3, 0, 48104, 97887
2026/07/08 16:57:39.944, 4, 0, 75376, 97887
2026/07/08 16:57:39.959, 5, 0, 75376, 97887
2026/07/08 16:57:39.976, 6, 0, 75370, 97887
2026/07/08 16:57:39.990, 7, 0, 75370, 97887
2026/07/08 16:57:41.007, 0, 0, 48704, 97887
2026/07/08 16:57:41.020, 1, 0, 48104, 97887
2026/07/08 16:57:41.032, 2, 0, 48104, 97887
2026/07/08 16:57:41.046, 3, 0, 48104, 97887
2026/07/08 16:57:41.064, 4, 0, 75376, 97887
2026/07/08 16:57:41.078, 5, 0, 75376, 97887
2026/07/08 16:57:41.094, 6, 0, 75370, 97887
2026/07/08 16:57:41.107, 7, 0, 75370, 97887
2026/07/08 16:57:42.120, 0, 0, 48704, 97887
2026/07/08 16:57:42.136, 1, 0, 48104, 97887
2026/07/08 16:57:42.152, 2, 0, 48104, 97887
2026/07/08 16:57:42.169, 3, 0, 48104, 97887
2026/07/08 16:57:42.183, 4, 0, 75376, 97887
2026/07/08 16:57:42.198, 5, 0, 75376, 97887
2026/07/08 16:57:42.215, 6, 0, 75370, 97887
2026/07/08 16:57:42.230, 7, 0, 75370, 97887
2026/07/08 16:57:43.249, 0, 0, 48704, 97887
2026/07/08 16:57:43.261, 1, 0, 48104, 97887
2026/07/08 16:57:43.275, 2, 0, 48104, 97887
2026/07/08 16:57:43.288, 3, 0, 48104, 97887
2026/07/08 16:57:43.301, 4, 0, 75376, 97887
2026/07/08 16:57:43.315, 5, 0, 75376, 97887
2026/07/08 16:57:43.329, 6, 0, 75370, 97887
2026/07/08 16:57:43.343, 7, 0, 75370, 97887
2026/07/08 16:57:44.357, 0, 0, 48704, 97887
2026/07/08 16:57:44.373, 1, 0, 48104, 97887
2026/07/08 16:57:44.388, 2, 0, 48104, 97887
2026/07/08 16:57:44.404, 3, 0, 48104, 97887
2026/07/08 16:57:44.421, 4, 0, 75376, 97887
2026/07/08 16:57:44.434, 5, 0, 75376, 97887
2026/07/08 16:57:44.446, 6, 0, 75370, 97887
2026/07/08 16:57:44.464, 7, 0, 75370, 97887
2026/07/08 16:57:45.479, 0, 0, 48704, 97887
2026/07/08 16:57:45.496, 1, 0, 48104, 97887
2026/07/08 16:57:45.513, 2, 0, 48104, 97887
2026/07/08 16:57:45.532, 3, 0, 48104, 97887
2026/07/08 16:57:45.550, 4, 0, 75376, 97887
2026/07/08 16:57:45.565, 5, 0, 75376, 97887
2026/07/08 16:57:45.585, 6, 0, 75370, 97887
2026/07/08 16:57:45.602, 7, 0, 75370, 97887
2026/07/08 16:57:46.618, 0, 0, 48704, 97887
2026/07/08 16:57:46.634, 1, 0, 48104, 97887
2026/07/08 16:57:46.648, 2, 0, 48104, 97887
2026/07/08 16:57:46.664, 3, 0, 48104, 97887
2026/07/08 16:57:46.681, 4, 0, 75376, 97887
2026/07/08 16:57:46.699, 5, 0, 75376, 97887
2026/07/08 16:57:46.715, 6, 0, 75370, 97887
2026/07/08 16:57:46.733, 7, 0, 75370, 97887
2026/07/08 16:57:47.750, 0, 0, 48704, 97887
2026/07/08 16:57:47.766, 1, 0, 48104, 97887
2026/07/08 16:57:47.781, 2, 0, 48104, 97887
2026/07/08 16:57:47.796, 3, 0, 48104, 97887
2026/07/08 16:57:47.808, 4, 0, 75376, 97887
2026/07/08 16:57:47.820, 5, 0, 75376, 97887
2026/07/08 16:57:47.832, 6, 0, 75370, 97887
2026/07/08 16:57:47.848, 7, 0, 75370, 97887
2026/07/08 16:57:48.860, 0, 0, 48704, 97887
2026/07/08 16:57:48.878, 1, 0, 48104, 97887
2026/07/08 16:57:48.894, 2, 0, 48104, 97887
2026/07/08 16:57:48.911, 3, 0, 48104, 97887
2026/07/08 16:57:48.927, 4, 0, 75376, 97887
2026/07/08 16:57:48.944, 5, 0, 75376, 97887
2026/07/08 16:57:48.961, 6, 0, 75370, 97887
2026/07/08 16:57:48.974, 7, 0, 75370, 97887
2026/07/08 16:57:49.986, 0, 0, 48704, 97887
2026/07/08 16:57:50.002, 1, 0, 48104, 97887
2026/07/08 16:57:50.016, 2, 0, 48104, 97887
2026/07/08 16:57:50.032, 3, 0, 48104, 97887
2026/07/08 16:57:50.046, 4, 0, 75376, 97887
2026/07/08 16:57:50.063, 5, 0, 75376, 97887
2026/07/08 16:57:50.081, 6, 0, 75370, 97887
2026/07/08 16:57:50.095, 7, 0, 75370, 97887
2026/07/08 16:57:51.110, 0, 0, 48704, 97887
2026/07/08 16:57:51.124, 1, 0, 48104, 97887
2026/07/08 16:57:51.142, 2, 0, 48104, 97887
2026/07/08 16:57:51.159, 3, 0, 48104, 97887
2026/07/08 16:57:51.172, 4, 0, 75376, 97887
2026/07/08 16:57:51.187, 5, 0, 75376, 97887
2026/07/08 16:57:51.198, 6, 0, 75370, 97887
2026/07/08 16:57:51.209, 7, 0, 75370, 97887
2026/07/08 16:57:52.218, 0, 0, 48704, 97887
2026/07/08 16:57:52.234, 1, 0, 48104, 97887
2026/07/08 16:57:52.249, 2, 0, 48104, 97887
2026/07/08 16:57:52.261, 3, 0, 48104, 97887
2026/07/08 16:57:52.273, 4, 0, 75376, 97887
2026/07/08 16:57:52.290, 5, 0, 75376, 97887
2026/07/08 16:57:52.306, 6, 0, 75370, 97887
2026/07/08 16:57:52.321, 7, 0, 75370, 97887
2026/07/08 16:57:53.337, 0, 0, 48704, 97887
2026/07/08 16:57:53.354, 1, 0, 48104, 97887
2026/07/08 16:57:53.371, 2, 0, 48104, 97887
2026/07/08 16:57:53.387, 3, 0, 48104, 97887
2026/07/08 16:57:53.403, 4, 0, 75376, 97887
2026/07/08 16:57:53.420, 5, 0, 75376, 97887
2026/07/08 16:57:53.436, 6, 0, 75370, 97887
2026/07/08 16:57:53.452, 7, 0, 75370, 97887
2026/07/08 16:57:54.467, 0, 0, 48704, 97887
2026/07/08 16:57:54.485, 1, 0, 48104, 97887
2026/07/08 16:57:54.501, 2, 0, 48104, 97887
2026/07/08 16:57:54.519, 3, 0, 48104, 97887
2026/07/08 16:57:54.535, 4, 0, 75376, 97887
2026/07/08 16:57:54.552, 5, 0, 75376, 97887
2026/07/08 16:57:54.568, 6, 0, 75370, 97887
2026/07/08 16:57:54.585, 7, 0, 75370, 97887
2026/07/08 16:57:55.602, 0, 0, 48704, 97887
2026/07/08 16:57:55.616, 1, 0, 48104, 97887
2026/07/08 16:57:55.630, 2, 0, 48104, 97887
2026/07/08 16:57:55.643, 3, 0, 48104, 97887
2026/07/08 16:57:55.657, 4, 0, 75376, 97887
2026/07/08 16:57:55.672, 5, 0, 75376, 97887
2026/07/08 16:57:55.688, 6, 0, 75370, 97887
2026/07/08 16:57:55.703, 7, 0, 75370, 97887
2026/07/08 16:57:56.719, 0, 0, 48704, 97887
2026/07/08 16:57:56.736, 1, 0, 48104, 97887
2026/07/08 16:57:56.751, 2, 0, 48104, 97887
2026/07/08 16:57:56.768, 3, 0, 48104, 97887
2026/07/08 16:57:56.783, 4, 0, 75376, 97887
2026/07/08 16:57:56.795, 5, 0, 75376, 97887
2026/07/08 16:57:56.811, 6, 0, 75370, 97887
2026/07/08 16:57:56.821, 7, 0, 75370, 97887
2026/07/08 16:57:57.832, 0, 0, 48704, 97887
2026/07/08 16:57:57.849, 1, 0, 48104, 97887
2026/07/08 16:57:57.870, 2, 0, 48104, 97887
2026/07/08 16:57:57.886, 3, 0, 48104, 97887
2026/07/08 16:57:57.903, 4, 0, 75376, 97887
2026/07/08 16:57:57.918, 5, 0, 75376, 97887
2026/07/08 16:57:57.931, 6, 0, 75370, 97887
2026/07/08 16:57:57.943, 7, 0, 75370, 97887
2026/07/08 16:57:58.960, 0, 0, 48704, 97887
2026/07/08 16:57:58.979, 1, 0, 48104, 97887
2026/07/08 16:57:58.997, 2, 0, 48104, 97887
2026/07/08 16:57:59.012, 3, 0, 48104, 97887
2026/07/08 16:57:59.029, 4, 0, 75376, 97887
2026/07/08 16:57:59.044, 5, 0, 75376, 97887
2026/07/08 16:57:59.060, 6, 0, 75370, 97887
2026/07/08 16:57:59.073, 7, 0, 75370, 97887
2026/07/08 16:58:00.085, 0, 0, 48704, 97887
2026/07/08 16:58:00.099, 1, 0, 48104, 97887
2026/07/08 16:58:00.118, 2, 0, 48104, 97887
2026/07/08 16:58:00.133, 3, 0, 48104, 97887
2026/07/08 16:58:00.148, 4, 0, 75376, 97887
2026/07/08 16:58:00.163, 5, 0, 75376, 97887
2026/07/08 16:58:00.177, 6, 0, 75370, 97887
2026/07/08 16:58:00.190, 7, 0, 75370, 97887
2026/07/08 16:58:01.205, 0, 0, 48704, 97887
2026/07/08 16:58:01.217, 1, 0, 48104, 97887
2026/07/08 16:58:01.228, 2, 0, 48104, 97887
2026/07/08 16:58:01.236, 3, 0, 48104, 97887
2026/07/08 16:58:01.246, 4, 0, 75376, 97887
2026/07/08 16:58:01.255, 5, 0, 75376, 97887
2026/07/08 16:58:01.266, 6, 0, 75370, 97887
2026/07/08 16:58:01.274, 7, 0, 75370, 97887
2026/07/08 16:58:02.282, 0, 0, 48704, 97887
2026/07/08 16:58:02.298, 1, 0, 48104, 97887
2026/07/08 16:58:02.312, 2, 0, 48104, 97887
2026/07/08 16:58:02.326, 3, 0, 48104, 97887
2026/07/08 16:58:02.339, 4, 0, 75376, 97887
2026/07/08 16:58:02.352, 5, 0, 75376, 97887
2026/07/08 16:58:02.371, 6, 0, 75370, 97887
2026/07/08 16:58:02.387, 7, 0, 75370, 97887
2026/07/08 16:58:03.403, 0, 0, 48704, 97887
2026/07/08 16:58:03.419, 1, 0, 48104, 97887
2026/07/08 16:58:03.439, 2, 0, 48104, 97887
2026/07/08 16:58:03.457, 3, 0, 48104, 97887
2026/07/08 16:58:03.471, 4, 0, 75376, 97887
2026/07/08 16:58:03.486, 5, 0, 75376, 97887
2026/07/08 16:58:03.500, 6, 0, 75370, 97887
2026/07/08 16:58:03.516, 7, 0, 75370, 97887
2026/07/08 16:58:04.533, 0, 0, 48704, 97887
2026/07/08 16:58:04.549, 1, 0, 48104, 97887
2026/07/08 16:58:04.567, 2, 0, 48104, 97887
2026/07/08 16:58:04.582, 3, 0, 48104, 97887
2026/07/08 16:58:04.599, 4, 0, 75376, 97887
2026/07/08 16:58:04.615, 5, 0, 75376, 97887
2026/07/08 16:58:04.628, 6, 0, 75370, 97887
2026/07/08 16:58:04.642, 7, 0, 75370, 97887
2026/07/08 16:58:05.659, 0, 0, 48704, 97887
2026/07/08 16:58:05.678, 1, 0, 48104, 97887
2026/07/08 16:58:05.695, 2, 0, 48104, 97887
2026/07/08 16:58:05.712, 3, 0, 48104, 97887
2026/07/08 16:58:05.727, 4, 0, 75376, 97887
2026/07/08 16:58:05.743, 5, 0, 75376, 97887
2026/07/08 16:58:05.760, 6, 0, 75370, 97887
2026/07/08 16:58:05.773, 7, 0, 75370, 97887
2026/07/08 16:58:06.785, 0, 0, 48704, 97887
2026/07/08 16:58:06.799, 1, 0, 48104, 97887
2026/07/08 16:58:06.810, 2, 0, 48104, 97887
2026/07/08 16:58:06.823, 3, 0, 48104, 97887
2026/07/08 16:58:06.839, 4, 0, 75376, 97887
2026/07/08 16:58:06.853, 5, 0, 75376, 97887
2026/07/08 16:58:06.865, 6, 0, 75370, 97887
2026/07/08 16:58:06.880, 7, 0, 75370, 97887
2026/07/08 16:58:07.895, 0, 0, 48704, 97887
2026/07/08 16:58:07.908, 1, 0, 48104, 97887
2026/07/08 16:58:07.939, 2, 0, 48104, 97887
2026/07/08 16:58:07.950, 3, 0, 48104, 97887
2026/07/08 16:58:07.959, 4, 0, 75376, 97887
2026/07/08 16:58:07.971, 5, 0, 75376, 97887
2026/07/08 16:58:07.986, 6, 0, 75370, 97887
2026/07/08 16:58:08.000, 7, 0, 75370, 97887
2026/07/08 16:58:09.016, 0, 0, 48704, 97887
2026/07/08 16:58:09.034, 1, 0, 48104, 97887
2026/07/08 16:58:09.051, 2, 0, 48104, 97887
2026/07/08 16:58:09.067, 3, 0, 48104, 97887
2026/07/08 16:58:09.085, 4, 0, 75376, 97887
2026/07/08 16:58:09.102, 5, 0, 75376, 97887
2026/07/08 16:58:09.117, 6, 0, 75370, 97887
2026/07/08 16:58:09.132, 7, 0, 75370, 97887
2026/07/08 16:58:10.148, 0, 0, 48704, 97887
2026/07/08 16:58:10.162, 1, 0, 48104, 97887
2026/07/08 16:58:10.174, 2, 0, 48104, 97887
2026/07/08 16:58:10.189, 3, 0, 48104, 97887
2026/07/08 16:58:10.203, 4, 0, 75376, 97887
2026/07/08 16:58:10.218, 5, 0, 75376, 97887
2026/07/08 16:58:10.233, 6, 0, 75370, 97887
2026/07/08 16:58:10.247, 7, 0, 75370, 97887
2026/07/08 16:58:11.265, 0, 0, 48704, 97887
2026/07/08 16:58:11.280, 1, 0, 48104, 97887
2026/07/08 16:58:11.294, 2, 0, 48104, 97887
2026/07/08 16:58:11.310, 3, 0, 48104, 97887
2026/07/08 16:58:11.328, 4, 0, 75376, 97887
2026/07/08 16:58:11.343, 5, 0, 75376, 97887
2026/07/08 16:58:11.361, 6, 0, 75370, 97887
2026/07/08 16:58:11.375, 7, 0, 75370, 97887
2026/07/08 16:58:12.393, 0, 0, 48704, 97887
2026/07/08 16:58:12.411, 1, 0, 48104, 97887
2026/07/08 16:58:12.423, 2, 0, 48104, 97887
2026/07/08 16:58:12.439, 3, 0, 48104, 97887
2026/07/08 16:58:12.455, 4, 0, 75376, 97887
2026/07/08 16:58:12.472, 5, 0, 75376, 97887
2026/07/08 16:58:12.492, 6, 0, 75370, 97887
2026/07/08 16:58:12.509, 7, 0, 75370, 97887
2026/07/08 16:58:13.518, 0, 0, 48704, 97887
2026/07/08 16:58:13.532, 1, 0, 48104, 97887
2026/07/08 16:58:13.547, 2, 0, 48104, 97887
2026/07/08 16:58:13.564, 3, 0, 48104, 97887
2026/07/08 16:58:13.579, 4, 0, 75376, 97887
2026/07/08 16:58:13.593, 5, 0, 75376, 97887
2026/07/08 16:58:13.608, 6, 0, 75370, 97887
2026/07/08 16:58:13.623, 7, 0, 75370, 97887
2026/07/08 16:58:14.638, 0, 0, 48704, 97887
2026/07/08 16:58:14.655, 1, 0, 48104, 97887
2026/07/08 16:58:14.667, 2, 0, 48104, 97887
2026/07/08 16:58:14.681, 3, 0, 48104, 97887
2026/07/08 16:58:14.694, 4, 0, 75376, 97887
2026/07/08 16:58:14.707, 5, 0, 75376, 97887
2026/07/08 16:58:14.721, 6, 0, 75370, 97887
2026/07/08 16:58:14.739, 7, 0, 75370, 97887
2026/07/08 16:58:15.755, 0, 0, 48704, 97887
2026/07/08 16:58:15.771, 1, 0, 48104, 97887
2026/07/08 16:58:15.789, 2, 0, 48104, 97887
2026/07/08 16:58:15.807, 3, 0, 48104, 97887
2026/07/08 16:58:15.821, 4, 0, 75376, 97887
2026/07/08 16:58:15.834, 5, 0, 75376, 97887
2026/07/08 16:58:15.847, 6, 0, 75370, 97887
2026/07/08 16:58:15.859, 7, 0, 75370, 97887
2026/07/08 16:58:16.873, 0, 0, 48704, 97887
2026/07/08 16:58:16.890, 1, 0, 48104, 97887
2026/07/08 16:58:16.905, 2, 0, 48104, 97887
2026/07/08 16:58:16.920, 3, 0, 48104, 97887
2026/07/08 16:58:16.935, 4, 0, 75376, 97887
2026/07/08 16:58:16.952, 5, 0, 75376, 97887
2026/07/08 16:58:16.968, 6, 0, 75370, 97887
2026/07/08 16:58:16.984, 7, 0, 75370, 97887
2026/07/08 16:58:17.998, 0, 0, 48704, 97887
2026/07/08 16:58:18.013, 1, 0, 48104, 97887
2026/07/08 16:58:18.026, 2, 0, 48104, 97887
2026/07/08 16:58:18.049, 3, 0, 48104, 97887
2026/07/08 16:58:18.057, 4, 0, 75376, 97887
2026/07/08 16:58:18.071, 5, 0, 75376, 97887
2026/07/08 16:58:18.084, 6, 0, 75370, 97887
2026/07/08 16:58:18.096, 7, 0, 75370, 97887
2026/07/08 16:58:19.109, 0, 0, 48704, 97887
2026/07/08 16:58:19.121, 1, 0, 48104, 97887
2026/07/08 16:58:19.128, 2, 0, 48104, 97887
2026/07/08 16:58:19.135, 3, 0, 48104, 97887
2026/07/08 16:58:19.143, 4, 0, 75376, 97887
2026/07/08 16:58:19.154, 5, 0, 75376, 97887
2026/07/08 16:58:19.165, 6, 0, 75370, 97887
2026/07/08 16:58:19.177, 7, 0, 75370, 97887
2026/07/08 16:58:20.189, 0, 0, 48704, 97887
2026/07/08 16:58:20.200, 1, 0, 48104, 97887
2026/07/08 16:58:20.213, 2, 0, 48104, 97887
2026/07/08 16:58:20.227, 3, 0, 48104, 97887
2026/07/08 16:58:20.239, 4, 0, 75376, 97887
2026/07/08 16:58:20.249, 5, 0, 75376, 97887
2026/07/08 16:58:20.265, 6, 0, 75370, 97887
2026/07/08 16:58:20.277, 7, 0, 75370, 97887
2026/07/08 16:58:21.290, 0, 0, 48704, 97887
2026/07/08 16:58:21.303, 1, 0, 48104, 97887
2026/07/08 16:58:21.315, 2, 0, 48104, 97887
2026/07/08 16:58:21.330, 3, 0, 48104, 97887
2026/07/08 16:58:21.343, 4, 0, 75376, 97887
2026/07/08 16:58:21.354, 5, 0, 75376, 97887
2026/07/08 16:58:21.367, 6, 0, 75370, 97887
2026/07/08 16:58:21.379, 7, 0, 75370, 97887
2026/07/08 16:58:22.392, 0, 0, 48704, 97887
2026/07/08 16:58:22.405, 1, 0, 48104, 97887
2026/07/08 16:58:22.420, 2, 0, 48104, 97887
2026/07/08 16:58:22.433, 3, 0, 48104, 97887
2026/07/08 16:58:22.447, 4, 0, 75376, 97887
2026/07/08 16:58:22.460, 5, 0, 75376, 97887
2026/07/08 16:58:22.473, 6, 0, 75370, 97887
2026/07/08 16:58:22.486, 7, 0, 75370, 97887
2026/07/08 16:58:23.502, 0, 0, 48704, 97887
2026/07/08 16:58:23.516, 1, 0, 48104, 97887
2026/07/08 16:58:23.528, 2, 0, 48104, 97887
2026/07/08 16:58:23.543, 3, 0, 48104, 97887
2026/07/08 16:58:23.558, 4, 0, 75376, 97887
2026/07/08 16:58:23.569, 5, 0, 75376, 97887
2026/07/08 16:58:23.582, 6, 0, 75370, 97887
2026/07/08 16:58:23.593, 7, 0, 75370, 97887
2026/07/08 16:58:24.604, 0, 0, 48704, 97887
2026/07/08 16:58:24.617, 1, 0, 48104, 97887
2026/07/08 16:58:24.631, 2, 0, 48104, 97887
2026/07/08 16:58:24.646, 3, 0, 48104, 97887
2026/07/08 16:58:24.658, 4, 0, 75376, 97887
2026/07/08 16:58:24.671, 5, 0, 75376, 97887
2026/07/08 16:58:24.684, 6, 0, 75370, 97887
2026/07/08 16:58:24.700, 7, 0, 75370, 97887
2026/07/08 16:58:25.710, 0, 0, 48704, 97887
2026/07/08 16:58:25.724, 1, 0, 48104, 97887
2026/07/08 16:58:25.738, 2, 0, 48104, 97887
2026/07/08 16:58:25.751, 3, 0, 48104, 97887
2026/07/08 16:58:25.765, 4, 0, 75376, 97887
2026/07/08 16:58:25.781, 5, 0, 75376, 97887
2026/07/08 16:58:25.795, 6, 0, 75370, 97887
2026/07/08 16:58:25.810, 7, 0, 75370, 97887
2026/07/08 16:58:26.825, 0, 0, 48704, 97887
2026/07/08 16:58:26.840, 1, 0, 48104, 97887
2026/07/08 16:58:26.855, 2, 0, 48104, 97887
2026/07/08 16:58:26.871, 3, 0, 48104, 97887
2026/07/08 16:58:26.886, 4, 0, 75376, 97887
2026/07/08 16:58:26.900, 5, 0, 75376, 97887
2026/07/08 16:58:26.914, 6, 0, 75370, 97887
2026/07/08 16:58:26.923, 7, 0, 75370, 97887
2026/07/08 16:58:27.933, 0, 0, 48704, 97887
2026/07/08 16:58:27.948, 1, 0, 48104, 97887
2026/07/08 16:58:27.965, 2, 0, 48104, 97887
2026/07/08 16:58:27.980, 3, 0, 48104, 97887
2026/07/08 16:58:27.993, 4, 0, 75376, 97887
2026/07/08 16:58:28.007, 5, 0, 75376, 97887
2026/07/08 16:58:28.022, 6, 0, 75370, 97887
2026/07/08 16:58:28.036, 7, 0, 75370, 97887
2026/07/08 16:58:29.047, 0, 0, 48704, 97887
2026/07/08 16:58:29.065, 1, 0, 48104, 97887
2026/07/08 16:58:29.081, 2, 0, 48104, 97887
2026/07/08 16:58:29.096, 3, 0, 48104, 97887
2026/07/08 16:58:29.109, 4, 0, 75376, 97887
2026/07/08 16:58:29.120, 5, 0, 75376, 97887
2026/07/08 16:58:29.135, 6, 0, 75370, 97887
2026/07/08 16:58:29.149, 7, 0, 75370, 97887
2026/07/08 16:58:30.163, 0, 0, 48704, 97887
2026/07/08 16:58:30.172, 1, 0, 48104, 97887
2026/07/08 16:58:30.183, 2, 0, 48104, 97887
2026/07/08 16:58:30.197, 3, 0, 48104, 97887
2026/07/08 16:58:30.206, 4, 0, 75376, 97887
2026/07/08 16:58:30.216, 5, 0, 75376, 97887
2026/07/08 16:58:30.226, 6, 0, 75370, 97887
2026/07/08 16:58:30.237, 7, 0, 75370, 97887
2026/07/08 16:58:31.251, 0, 0, 48704, 97887
2026/07/08 16:58:31.262, 1, 0, 48104, 97887
2026/07/08 16:58:31.276, 2, 0, 48104, 97887
2026/07/08 16:58:31.290, 3, 0, 48104, 97887
2026/07/08 16:58:31.301, 4, 0, 75376, 97887
2026/07/08 16:58:31.310, 5, 0, 75376, 97887
2026/07/08 16:58:31.322, 6, 0, 75370, 97887
2026/07/08 16:58:31.335, 7, 0, 75370, 97887
2026/07/08 16:58:32.347, 0, 0, 48704, 97887
2026/07/08 16:58:32.365, 1, 0, 48104, 97887
2026/07/08 16:58:32.381, 2, 0, 48104, 97887
2026/07/08 16:58:32.394, 3, 0, 48104, 97887
2026/07/08 16:58:32.406, 4, 0, 75376, 97887
2026/07/08 16:58:32.420, 5, 0, 75376, 97887
2026/07/08 16:58:32.431, 6, 0, 75370, 97887
2026/07/08 16:58:32.446, 7, 0, 75370, 97887
2026/07/08 16:58:33.460, 0, 0, 48704, 97887
2026/07/08 16:58:33.476, 1, 0, 48104, 97887
2026/07/08 16:58:33.489, 2, 0, 48104, 97887
2026/07/08 16:58:33.502, 3, 0, 48104, 97887
2026/07/08 16:58:33.516, 4, 0, 75376, 97887
2026/07/08 16:58:33.529, 5, 0, 75376, 97887
2026/07/08 16:58:33.543, 6, 0, 75370, 97887
2026/07/08 16:58:33.558, 7, 0, 75370, 97887
2026/07/08 16:58:34.573, 0, 0, 48704, 97887
2026/07/08 16:58:34.586, 1, 0, 48104, 97887
2026/07/08 16:58:34.597, 2, 0, 48104, 97887
2026/07/08 16:58:34.610, 3, 0, 48104, 97887
2026/07/08 16:58:34.620, 4, 0, 75376, 97887
2026/07/08 16:58:34.627, 5, 0, 75376, 97887
2026/07/08 16:58:34.634, 6, 0, 75370, 97887
2026/07/08 16:58:34.640, 7, 0, 75370, 97887
2026/07/08 16:58:35.649, 0, 0, 48704, 97887
2026/07/08 16:58:35.664, 1, 0, 48104, 97887
2026/07/08 16:58:35.682, 2, 0, 48104, 97887
2026/07/08 16:58:35.702, 3, 0, 48104, 97887
2026/07/08 16:58:35.718, 4, 0, 75376, 97887
2026/07/08 16:58:35.731, 5, 0, 75376, 97887
2026/07/08 16:58:35.747, 6, 0, 75370, 97887
2026/07/08 16:58:35.760, 7, 0, 75370, 97887
2026/07/08 16:58:36.771, 0, 0, 48704, 97887
2026/07/08 16:58:36.785, 1, 0, 48104, 97887
2026/07/08 16:58:36.797, 2, 0, 48104, 97887
2026/07/08 16:58:36.811, 3, 0, 48104, 97887
2026/07/08 16:58:36.827, 4, 0, 75376, 97887
2026/07/08 16:58:36.840, 5, 0, 75376, 97887
2026/07/08 16:58:36.853, 6, 0, 75370, 97887
2026/07/08 16:58:36.865, 7, 0, 75370, 97887
2026/07/08 16:58:37.877, 0, 0, 48704, 97887
2026/07/08 16:58:37.894, 1, 0, 48104, 97887
2026/07/08 16:58:37.909, 2, 0, 48104, 97887
2026/07/08 16:58:37.924, 3, 0, 48104, 97887
2026/07/08 16:58:37.938, 4, 0, 75376, 97887
2026/07/08 16:58:37.949, 5, 0, 75376, 97887
2026/07/08 16:58:37.964, 6, 0, 75370, 97887
2026/07/08 16:58:37.980, 7, 0, 75370, 97887
2026/07/08 16:58:38.994, 0, 0, 48704, 97887
2026/07/08 16:58:39.007, 1, 0, 48104, 97887
2026/07/08 16:58:39.020, 2, 0, 48104, 97887
2026/07/08 16:58:39.035, 3, 0, 48104, 97887
2026/07/08 16:58:39.047, 4, 0, 75376, 97887
2026/07/08 16:58:39.061, 5, 0, 75376, 97887
2026/07/08 16:58:39.076, 6, 0, 75370, 97887
2026/07/08 16:58:39.091, 7, 0, 75370, 97887
2026/07/08 16:58:40.105, 0, 0, 48704, 97887
2026/07/08 16:58:40.119, 1, 0, 48104, 97887
2026/07/08 16:58:40.134, 2, 0, 48104, 97887
2026/07/08 16:58:40.146, 3, 0, 48104, 97887
2026/07/08 16:58:40.160, 4, 0, 75376, 97887
2026/07/08 16:58:40.175, 5, 0, 75376, 97887
2026/07/08 16:58:40.190, 6, 0, 75370, 97887
2026/07/08 16:58:40.204, 7, 0, 75370, 97887
2026/07/08 16:58:41.220, 0, 0, 48704, 97887
2026/07/08 16:58:41.236, 1, 0, 48104, 97887
2026/07/08 16:58:41.254, 2, 0, 48104, 97887
2026/07/08 16:58:41.270, 3, 0, 48104, 97887
2026/07/08 16:58:41.285, 4, 0, 75376, 97887
2026/07/08 16:58:41.302, 5, 0, 75376, 97887
2026/07/08 16:58:41.318, 6, 0, 75370, 97887
2026/07/08 16:58:41.336, 7, 0, 75370, 97887
2026/07/08 16:58:42.353, 0, 0, 48704, 97887
2026/07/08 16:58:42.368, 1, 0, 48104, 97887
2026/07/08 16:58:42.383, 2, 0, 48104, 97887
2026/07/08 16:58:42.392, 3, 0, 48104, 97887
2026/07/08 16:58:42.404, 4, 0, 75376, 97887
2026/07/08 16:58:42.419, 5, 0, 75376, 97887
2026/07/08 16:58:42.434, 6, 0, 75370, 97887
2026/07/08 16:58:42.444, 7, 0, 75370, 97887
2026/07/08 16:58:43.454, 0, 0, 48704, 97887
2026/07/08 16:58:43.471, 1, 0, 48104, 97887
2026/07/08 16:58:43.490, 2, 0, 48104, 97887
2026/07/08 16:58:43.509, 3, 0, 48104, 97887
2026/07/08 16:58:43.526, 4, 0, 75376, 97887
2026/07/08 16:58:43.545, 5, 0, 75376, 97887
2026/07/08 16:58:43.562, 6, 0, 75370, 97887
2026/07/08 16:58:43.582, 7, 0, 75370, 97887
2026/07/08 16:58:44.602, 0, 0, 48704, 97887
2026/07/08 16:58:44.616, 1, 0, 48104, 97887
2026/07/08 16:58:44.629, 2, 0, 48104, 97887
2026/07/08 16:58:44.642, 3, 0, 48104, 97887
2026/07/08 16:58:44.654, 4, 0, 75376, 97887
2026/07/08 16:58:44.670, 5, 0, 75376, 97887
2026/07/08 16:58:44.684, 6, 0, 75370, 97887
2026/07/08 16:58:44.697, 7, 0, 75370, 97887
2026/07/08 16:58:45.710, 0, 0, 48704, 97887
2026/07/08 16:58:45.728, 1, 0, 48104, 97887
2026/07/08 16:58:45.746, 2, 0, 48104, 97887
2026/07/08 16:58:45.762, 3, 0, 48104, 97887
2026/07/08 16:58:45.777, 4, 0, 75376, 97887
2026/07/08 16:58:45.792, 5, 0, 75376, 97887
2026/07/08 16:58:45.809, 6, 0, 75370, 97887
2026/07/08 16:58:45.826, 7, 0, 75370, 97887
2026/07/08 16:58:46.845, 0, 0, 48704, 97887
2026/07/08 16:58:46.862, 1, 0, 48104, 97887
2026/07/08 16:58:46.877, 2, 0, 48104, 97887
2026/07/08 16:58:46.892, 3, 0, 48104, 97887
2026/07/08 16:58:46.907, 4, 0, 75376, 97887
2026/07/08 16:58:46.919, 5, 0, 75376, 97887
2026/07/08 16:58:46.931, 6, 0, 75370, 97887
2026/07/08 16:58:46.944, 7, 0, 75370, 97887
2026/07/08 16:58:47.960, 0, 0, 48704, 97887
2026/07/08 16:58:47.978, 1, 0, 48104, 97887
2026/07/08 16:58:47.993, 2, 0, 48104, 97887
2026/07/08 16:58:48.006, 3, 0, 48104, 97887
2026/07/08 16:58:48.022, 4, 0, 75376, 97887
2026/07/08 16:58:48.046, 5, 0, 75376, 97887
2026/07/08 16:58:48.065, 6, 0, 75370, 97887
2026/07/08 16:58:48.083, 7, 0, 75370, 97887
2026/07/08 16:58:49.098, 0, 0, 48704, 97887
2026/07/08 16:58:49.112, 1, 0, 48104, 97887
2026/07/08 16:58:49.127, 2, 0, 48104, 97887
2026/07/08 16:58:49.142, 3, 0, 48104, 97887
2026/07/08 16:58:49.157, 4, 0, 75376, 97887
2026/07/08 16:58:49.170, 5, 0, 75376, 97887
2026/07/08 16:58:49.178, 6, 0, 75370, 97887
2026/07/08 16:58:49.188, 7, 0, 75370, 97887
2026/07/08 16:58:50.204, 0, 0, 48704, 97887
2026/07/08 16:58:50.223, 1, 0, 48104, 97887
2026/07/08 16:58:50.235, 2, 0, 48104, 97887
2026/07/08 16:58:50.246, 3, 0, 48104, 97887
2026/07/08 16:58:50.260, 4, 0, 75376, 97887
2026/07/08 16:58:50.271, 5, 0, 75376, 97887
2026/07/08 16:58:50.280, 6, 0, 75370, 97887
2026/07/08 16:58:50.294, 7, 0, 75370, 97887
2026/07/08 16:58:51.306, 0, 0, 48704, 97887
2026/07/08 16:58:51.319, 1, 0, 48104, 97887
2026/07/08 16:58:51.335, 2, 0, 48104, 97887
2026/07/08 16:58:51.348, 3, 0, 48104, 97887
2026/07/08 16:58:51.361, 4, 0, 75376, 97887
2026/07/08 16:58:51.374, 5, 0, 75376, 97887
2026/07/08 16:58:51.387, 6, 0, 75370, 97887
2026/07/08 16:58:51.402, 7, 0, 75370, 97887
2026/07/08 16:58:52.416, 0, 0, 48704, 97887
2026/07/08 16:58:52.433, 1, 0, 48104, 97887
2026/07/08 16:58:52.448, 2, 0, 48104, 97887
2026/07/08 16:58:52.466, 3, 0, 48104, 97887
2026/07/08 16:58:52.482, 4, 0, 75376, 97887
2026/07/08 16:58:52.499, 5, 0, 75376, 97887
2026/07/08 16:58:52.512, 6, 0, 75370, 97887
2026/07/08 16:58:52.525, 7, 0, 75370, 97887
2026/07/08 16:58:53.535, 0, 0, 48704, 97887
2026/07/08 16:58:53.552, 1, 0, 48104, 97887
2026/07/08 16:58:53.566, 2, 0, 48104, 97887
2026/07/08 16:58:53.581, 3, 0, 48104, 97887
2026/07/08 16:58:53.595, 4, 0, 75376, 97887
2026/07/08 16:58:53.610, 5, 0, 75376, 97887
2026/07/08 16:58:53.623, 6, 0, 75370, 97887
2026/07/08 16:58:53.640, 7, 0, 75370, 97887
2026/07/08 16:58:54.657, 0, 0, 48704, 97887
2026/07/08 16:58:54.670, 1, 0, 48104, 97887
2026/07/08 16:58:54.680, 2, 0, 48104, 97887
2026/07/08 16:58:54.693, 3, 0, 48104, 97887
2026/07/08 16:58:54.708, 4, 0, 75376, 97887
2026/07/08 16:58:54.723, 5, 0, 75376, 97887
2026/07/08 16:58:54.740, 6, 0, 75370, 97887
2026/07/08 16:58:54.756, 7, 0, 75370, 97887
2026/07/08 16:58:55.771, 0, 0, 48704, 97887
2026/07/08 16:58:55.784, 1, 0, 48104, 97887
2026/07/08 16:58:55.795, 2, 0, 48104, 97887
2026/07/08 16:58:55.814, 3, 0, 48104, 97887
2026/07/08 16:58:55.832, 4, 0, 75376, 97887
2026/07/08 16:58:55.847, 5, 0, 75376, 97887
2026/07/08 16:58:55.859, 6, 0, 75370, 97887
2026/07/08 16:58:55.867, 7, 0, 75370, 97887
2026/07/08 16:58:56.880, 0, 0, 48704, 97887
2026/07/08 16:58:56.895, 1, 0, 48104, 97887
2026/07/08 16:58:56.908, 2, 0, 48104, 97887
2026/07/08 16:58:56.919, 3, 0, 48104, 97887
2026/07/08 16:58:56.931, 4, 0, 75376, 97887
2026/07/08 16:58:56.941, 5, 0, 75376, 97887
2026/07/08 16:58:56.954, 6, 0, 75370, 97887
2026/07/08 16:58:56.966, 7, 0, 75370, 97887
2026/07/08 16:58:57.978, 0, 0, 48704, 97887
2026/07/08 16:58:57.992, 1, 0, 48104, 97887
2026/07/08 16:58:58.003, 2, 0, 48104, 97887
2026/07/08 16:58:58.015, 3, 0, 48104, 97887
2026/07/08 16:58:58.028, 4, 82, 75408, 97887
2026/07/08 16:58:58.041, 5, 73, 75408, 97887
2026/07/08 16:58:58.056, 6, 52, 75406, 97887
2026/07/08 16:58:58.071, 7, 75, 75406, 97887
2026/07/08 16:58:59.083, 0, 0, 48704, 97887
2026/07/08 16:58:59.092, 1, 0, 48104, 97887
2026/07/08 16:58:59.101, 2, 0, 48104, 97887
2026/07/08 16:58:59.111, 3, 0, 48104, 97887
2026/07/08 16:58:59.126, 4, 74, 75410, 97887
2026/07/08 16:58:59.140, 5, 100, 75410, 97887
2026/07/08 16:58:59.157, 6, 100, 75410, 97887
2026/07/08 16:58:59.173, 7, 72, 75410, 97887
2026/07/08 16:59:00.185, 0, 0, 48704, 97887
2026/07/08 16:59:00.199, 1, 0, 48104, 97887
2026/07/08 16:59:00.212, 2, 0, 48104, 97887
2026/07/08 16:59:00.226, 3, 0, 48104, 97887
2026/07/08 16:59:00.237, 4, 92, 75430, 97887
2026/07/08 16:59:00.250, 5, 22, 75430, 97887
2026/07/08 16:59:00.266, 6, 94, 75430, 97887
2026/07/08 16:59:00.280, 7, 64, 75430, 97887
2026/07/08 16:59:01.294, 0, 0, 48704, 97887
2026/07/08 16:59:01.309, 1, 0, 48104, 97887
2026/07/08 16:59:01.324, 2, 0, 48104, 97887
2026/07/08 16:59:01.339, 3, 0, 48104, 97887
2026/07/08 16:59:01.354, 4, 30, 75430, 97887
2026/07/08 16:59:01.365, 5, 88, 75430, 97887
2026/07/08 16:59:01.377, 6, 67, 75430, 97887
2026/07/08 16:59:01.392, 7, 33, 75430, 97887
2026/07/08 16:59:02.407, 0, 0, 48704, 97887
2026/07/08 16:59:02.420, 1, 0, 48104, 97887
2026/07/08 16:59:02.433, 2, 0, 48104, 97887
2026/07/08 16:59:02.446, 3, 0, 48104, 97887
2026/07/08 16:59:02.458, 4, 22, 75430, 97887
2026/07/08 16:59:02.473, 5, 93, 75430, 97887
2026/07/08 16:59:02.489, 6, 96, 75430, 97887
2026/07/08 16:59:02.505, 7, 27, 75430, 97887
2026/07/08 16:59:03.514, 0, 0, 48704, 97887
2026/07/08 16:59:03.534, 1, 0, 48104, 97887
2026/07/08 16:59:03.548, 2, 0, 48104, 97887
2026/07/08 16:59:03.560, 3, 0, 48104, 97887
2026/07/08 16:59:03.581, 4, 90, 75430, 97887
2026/07/08 16:59:03.602, 5, 26, 75430, 97887
2026/07/08 16:59:03.614, 6, 64, 75430, 97887
2026/07/08 16:59:03.628, 7, 27, 75430, 97887
2026/07/08 16:59:04.646, 0, 0, 48704, 97887
2026/07/08 16:59:04.662, 1, 0, 48104, 97887
2026/07/08 16:59:04.677, 2, 0, 48104, 97887
2026/07/08 16:59:04.690, 3, 0, 48104, 97887
2026/07/08 16:59:04.703, 4, 93, 75430, 97887
2026/07/08 16:59:04.717, 5, 27, 75430, 97887
2026/07/08 16:59:04.728, 6, 84, 75430, 97887
2026/07/08 16:59:04.742, 7, 30, 75430, 97887
2026/07/08 16:59:05.757, 0, 0, 48704, 97887
2026/07/08 16:59:05.771, 1, 0, 48104, 97887
2026/07/08 16:59:05.786, 2, 0, 48104, 97887
2026/07/08 16:59:05.802, 3, 0, 48104, 97887
2026/07/08 16:59:05.819, 4, 86, 75430, 97887
2026/07/08 16:59:05.838, 5, 24, 75430, 97887
2026/07/08 16:59:05.857, 6, 45, 75430, 97887
2026/07/08 16:59:05.874, 7, 26, 75430, 97887
2026/07/08 16:59:06.890, 0, 0, 48704, 97887
2026/07/08 16:59:06.906, 1, 0, 48104, 97887
2026/07/08 16:59:06.921, 2, 0, 48104, 97887
2026/07/08 16:59:06.937, 3, 0, 48104, 97887
2026/07/08 16:59:06.952, 4, 96, 75430, 97887
2026/07/08 16:59:06.969, 5, 27, 75430, 97887
2026/07/08 16:59:06.984, 6, 39, 75430, 97887
2026/07/08 16:59:07.005, 7, 34, 75430, 97887
2026/07/08 16:59:08.022, 0, 0, 48704, 97887
2026/07/08 16:59:08.037, 1, 0, 48104, 97887
2026/07/08 16:59:08.052, 2, 0, 48104, 97887
2026/07/08 16:59:08.067, 3, 0, 48104, 97887
2026/07/08 16:59:08.081, 4, 23, 75430, 97887
2026/07/08 16:59:08.097, 5, 93, 75430, 97887
2026/07/08 16:59:08.112, 6, 65, 75430, 97887
2026/07/08 16:59:08.124, 7, 26, 75430, 97887
2026/07/08 16:59:09.141, 0, 0, 48704, 97887
2026/07/08 16:59:09.160, 1, 0, 48104, 97887
2026/07/08 16:59:09.178, 2, 0, 48104, 97887
2026/07/08 16:59:09.193, 3, 0, 48104, 97887
2026/07/08 16:59:09.205, 4, 46, 75430, 97887
2026/07/08 16:59:09.222, 5, 68, 75430, 97887
2026/07/08 16:59:09.241, 6, 81, 75430, 97887
2026/07/08 16:59:09.266, 7, 28, 75430, 97887
2026/07/08 16:59:10.281, 0, 0, 48704, 97887
2026/07/08 16:59:10.297, 1, 0, 48104, 97887
2026/07/08 16:59:10.313, 2, 0, 48104, 97887
2026/07/08 16:59:10.327, 3, 0, 48104, 97887
2026/07/08 16:59:10.339, 4, 16, 75430, 97887
2026/07/08 16:59:10.354, 5, 99, 75430, 97887
2026/07/08 16:59:10.369, 6, 37, 75430, 97887
2026/07/08 16:59:10.384, 7, 65, 75430, 97887
2026/07/08 16:59:11.396, 0, 0, 48704, 97887
2026/07/08 16:59:11.414, 1, 0, 48104, 97887
2026/07/08 16:59:11.430, 2, 0, 48104, 97887
2026/07/08 16:59:11.445, 3, 0, 48104, 97887
2026/07/08 16:59:11.461, 4, 15, 75430, 97887
2026/07/08 16:59:11.477, 5, 88, 75430, 97887
2026/07/08 16:59:11.495, 6, 69, 75430, 97887
2026/07/08 16:59:11.511, 7, 34, 75430, 97887
2026/07/08 16:59:12.525, 0, 0, 48704, 97887
2026/07/08 16:59:12.536, 1, 0, 48104, 97887
2026/07/08 16:59:12.548, 2, 0, 48104, 97887
2026/07/08 16:59:12.559, 3, 0, 48104, 97887
2026/07/08 16:59:12.570, 4, 16, 75430, 97887
2026/07/08 16:59:12.583, 5, 96, 75430, 97887
2026/07/08 16:59:12.599, 6, 40, 75430, 97887
2026/07/08 16:59:12.613, 7, 59, 75430, 97887
2026/07/08 16:59:13.630, 0, 0, 48704, 97887
2026/07/08 16:59:13.644, 1, 0, 48104, 97887
2026/07/08 16:59:13.660, 2, 0, 48104, 97887
2026/07/08 16:59:13.675, 3, 0, 48104, 97887
2026/07/08 16:59:13.691, 4, 22, 75430, 97887
2026/07/08 16:59:13.707, 5, 94, 75430, 97887
2026/07/08 16:59:13.721, 6, 84, 75430, 97887
2026/07/08 16:59:13.736, 7, 47, 75430, 97887
2026/07/08 16:59:14.750, 0, 0, 48704, 97887
2026/07/08 16:59:14.776, 1, 0, 48104, 97887
2026/07/08 16:59:14.794, 2, 0, 48104, 97887
2026/07/08 16:59:14.812, 3, 0, 48104, 97887
2026/07/08 16:59:14.828, 4, 56, 75430, 97887
2026/07/08 16:59:14.844, 5, 66, 75430, 97887
2026/07/08 16:59:14.863, 6, 58, 75430, 97887
2026/07/08 16:59:14.881, 7, 24, 75430, 97887
2026/07/08 16:59:15.899, 0, 0, 48704, 97887
2026/07/08 16:59:15.910, 1, 0, 48104, 97887
2026/07/08 16:59:15.923, 2, 0, 48104, 97887
2026/07/08 16:59:15.936, 3, 0, 48104, 97887
2026/07/08 16:59:15.947, 4, 19, 75430, 97887
2026/07/08 16:59:15.960, 5, 95, 75430, 97887
2026/07/08 16:59:15.977, 6, 45, 75430, 97887
2026/07/08 16:59:15.990, 7, 52, 75430, 97887
2026/07/08 16:59:17.000, 0, 0, 48704, 97887
2026/07/08 16:59:17.015, 1, 0, 48104, 97887
2026/07/08 16:59:17.029, 2, 0, 48104, 97887
2026/07/08 16:59:17.045, 3, 0, 48104, 97887
2026/07/08 16:59:17.061, 4, 48, 75430, 97887
2026/07/08 16:59:17.078, 5, 60, 75430, 97887
2026/07/08 16:59:17.096, 6, 45, 75430, 97887
2026/07/08 16:59:17.110, 7, 52, 75430, 97887
2026/07/08 16:59:18.123, 0, 0, 48704, 97887
2026/07/08 16:59:18.138, 1, 0, 48104, 97887
2026/07/08 16:59:18.149, 2, 0, 48104, 97887
2026/07/08 16:59:18.160, 3, 0, 48104, 97887
2026/07/08 16:59:18.173, 4, 29, 75430, 97887
2026/07/08 16:59:18.189, 5, 94, 75430, 97887
2026/07/08 16:59:18.208, 6, 66, 75430, 97887
2026/07/08 16:59:18.225, 7, 36, 75430, 97887
2026/07/08 16:59:19.240, 0, 0, 48704, 97887
2026/07/08 16:59:19.255, 1, 0, 48104, 97887
2026/07/08 16:59:19.267, 2, 0, 48104, 97887
2026/07/08 16:59:19.285, 3, 0, 48104, 97887
2026/07/08 16:59:19.302, 4, 52, 75430, 97887
2026/07/08 16:59:19.315, 5, 72, 75430, 97887
2026/07/08 16:59:19.330, 6, 91, 75430, 97887
2026/07/08 16:59:19.344, 7, 27, 75430, 97887
2026/07/08 16:59:20.359, 0, 0, 48704, 97887
2026/07/08 16:59:20.372, 1, 0, 48104, 97887
2026/07/08 16:59:20.385, 2, 0, 48104, 97887
2026/07/08 16:59:20.397, 3, 0, 48104, 97887
2026/07/08 16:59:20.412, 4, 22, 75430, 97887
2026/07/08 16:59:20.426, 5, 95, 75430, 97887
2026/07/08 16:59:20.440, 6, 54, 75430, 97887
2026/07/08 16:59:20.453, 7, 31, 75430, 97887
2026/07/08 16:59:21.467, 0, 0, 48704, 97887
2026/07/08 16:59:21.482, 1, 0, 48104, 97887
2026/07/08 16:59:21.496, 2, 0, 48104, 97887
2026/07/08 16:59:21.512, 3, 0, 48104, 97887
2026/07/08 16:59:21.527, 4, 91, 75430, 97887
2026/07/08 16:59:21.538, 5, 20, 75430, 97887
2026/07/08 16:59:21.549, 6, 89, 75430, 97887
2026/07/08 16:59:21.561, 7, 22, 75430, 97887
2026/07/08 16:59:22.572, 0, 0, 48704, 97887
2026/07/08 16:59:22.585, 1, 0, 48104, 97887
2026/07/08 16:59:22.600, 2, 0, 48104, 97887
2026/07/08 16:59:22.612, 3, 0, 48104, 97887
2026/07/08 16:59:22.627, 4, 26, 75430, 97887
2026/07/08 16:59:22.639, 5, 85, 75430, 97887
2026/07/08 16:59:22.654, 6, 83, 75430, 97887
2026/07/08 16:59:22.666, 7, 26, 75430, 97887
2026/07/08 16:59:23.681, 0, 0, 48704, 97887
2026/07/08 16:59:23.697, 1, 0, 48104, 97887
2026/07/08 16:59:23.710, 2, 0, 48104, 97887
2026/07/08 16:59:23.726, 3, 0, 48104, 97887
2026/07/08 16:59:23.743, 4, 91, 75430, 97887
2026/07/08 16:59:23.755, 5, 61, 75430, 97887
2026/07/08 16:59:23.769, 6, 88, 75430, 97887
2026/07/08 16:59:23.783, 7, 30, 75430, 97887
2026/07/08 16:59:24.798, 0, 0, 48704, 97887
2026/07/08 16:59:24.815, 1, 0, 48104, 97887
2026/07/08 16:59:24.830, 2, 0, 48104, 97887
2026/07/08 16:59:24.844, 3, 0, 48104, 97887
2026/07/08 16:59:24.863, 4, 50, 75430, 97887
2026/07/08 16:59:24.881, 5, 64, 75430, 97887
2026/07/08 16:59:24.897, 6, 58, 75430, 97887
2026/07/08 16:59:24.910, 7, 30, 75430, 97887
2026/07/08 16:59:25.925, 0, 0, 48704, 97887
2026/07/08 16:59:25.943, 1, 0, 48104, 97887
2026/07/08 16:59:25.961, 2, 0, 48104, 97887
2026/07/08 16:59:25.975, 3, 0, 48104, 97887
2026/07/08 16:59:25.993, 4, 53, 75430, 97887
2026/07/08 16:59:26.009, 5, 69, 75430, 97887
2026/07/08 16:59:26.027, 6, 79, 75430, 97887
2026/07/08 16:59:26.047, 7, 27, 75430, 97887
2026/07/08 16:59:27.065, 0, 0, 48704, 97887
2026/07/08 16:59:27.078, 1, 0, 48104, 97887
2026/07/08 16:59:27.089, 2, 0, 48104, 97887
2026/07/08 16:59:27.102, 3, 0, 48104, 97887
2026/07/08 16:59:27.110, 4, 41, 75430, 97887
2026/07/08 16:59:27.117, 5, 73, 75430, 97887
2026/07/08 16:59:27.128, 6, 79, 75430, 97887
2026/07/08 16:59:27.142, 7, 28, 75430, 97887
2026/07/08 16:59:28.154, 0, 0, 48704, 97887
2026/07/08 16:59:28.170, 1, 0, 48104, 97887
2026/07/08 16:59:28.185, 2, 0, 48104, 97887
2026/07/08 16:59:28.200, 3, 0, 48104, 97887
2026/07/08 16:59:28.212, 4, 91, 75430, 97887
2026/07/08 16:59:28.222, 5, 26, 75430, 97887
2026/07/08 16:59:28.234, 6, 33, 75430, 97887
2026/07/08 16:59:28.250, 7, 57, 75430, 97887
2026/07/08 16:59:29.262, 0, 0, 48704, 97887
2026/07/08 16:59:29.284, 1, 0, 48104, 97887
2026/07/08 16:59:29.305, 2, 0, 48104, 97887
2026/07/08 16:59:29.323, 3, 0, 48104, 97887
2026/07/08 16:59:29.339, 4, 25, 75430, 97887
2026/07/08 16:59:29.355, 5, 70, 75430, 97887
2026/07/08 16:59:29.372, 6, 63, 75430, 97887
2026/07/08 16:59:29.393, 7, 31, 75430, 97887
2026/07/08 16:59:30.410, 0, 0, 48704, 97887
2026/07/08 16:59:30.427, 1, 0, 48104, 97887
2026/07/08 16:59:30.446, 2, 0, 48104, 97887
2026/07/08 16:59:30.463, 3, 0, 48104, 97887
2026/07/08 16:59:30.474, 4, 24, 75430, 97887
2026/07/08 16:59:30.488, 5, 93, 75430, 97887
2026/07/08 16:59:30.500, 6, 55, 75430, 97887
2026/07/08 16:59:30.515, 7, 53, 75430, 97887
2026/07/08 16:59:31.529, 0, 0, 48704, 97887
2026/07/08 16:59:31.545, 1, 0, 48104, 97887
2026/07/08 16:59:31.562, 2, 0, 48104, 97887
2026/07/08 16:59:31.580, 3, 0, 48104, 97887
2026/07/08 16:59:31.597, 4, 22, 75430, 97887
2026/07/08 16:59:31.610, 5, 89, 75430, 97887
2026/07/08 16:59:31.624, 6, 34, 75430, 97887
2026/07/08 16:59:31.643, 7, 73, 75430, 97887
2026/07/08 16:59:32.660, 0, 0, 48704, 97887
2026/07/08 16:59:32.676, 1, 0, 48104, 97887
2026/07/08 16:59:32.692, 2, 0, 48104, 97887
2026/07/08 16:59:32.708, 3, 0, 48104, 97887
2026/07/08 16:59:32.725, 4, 61, 75430, 97887
2026/07/08 16:59:32.741, 5, 65, 75430, 97887
2026/07/08 16:59:32.754, 6, 57, 75430, 97887
2026/07/08 16:59:32.766, 7, 29, 75430, 97887
2026/07/08 16:59:33.779, 0, 0, 48704, 97887
2026/07/08 16:59:33.793, 1, 0, 48104, 97887
2026/07/08 16:59:33.807, 2, 0, 48104, 97887
2026/07/08 16:59:33.823, 3, 0, 48104, 97887
2026/07/08 16:59:33.839, 4, 70, 75430, 97887
2026/07/08 16:59:33.853, 5, 53, 75430, 97887
2026/07/08 16:59:33.866, 6, 32, 75430, 97887
2026/07/08 16:59:33.878, 7, 77, 75430, 97887
2026/07/08 16:59:34.890, 0, 0, 48704, 97887
2026/07/08 16:59:34.906, 1, 0, 48104, 97887
2026/07/08 16:59:34.922, 2, 0, 48104, 97887
2026/07/08 16:59:34.938, 3, 0, 48104, 97887
2026/07/08 16:59:34.953, 4, 100, 75450, 97887
2026/07/08 16:59:34.969, 5, 100, 75450, 97887
2026/07/08 16:59:34.986, 6, 56, 75430, 97887
2026/07/08 16:59:35.001, 7, 52, 75430, 97887
2026/07/08 16:59:36.015, 0, 0, 48704, 97887
2026/07/08 16:59:36.031, 1, 0, 48104, 97887
2026/07/08 16:59:36.045, 2, 0, 48104, 97887
2026/07/08 16:59:36.059, 3, 0, 48104, 97887
2026/07/08 16:59:36.075, 4, 36, 75450, 97887
2026/07/08 16:59:36.089, 5, 90, 75450, 97887
2026/07/08 16:59:36.101, 6, 75, 75430, 97887
2026/07/08 16:59:36.113, 7, 46, 75430, 97887
2026/07/08 16:59:37.125, 0, 0, 48704, 97887
2026/07/08 16:59:37.142, 1, 0, 48104, 97887
2026/07/08 16:59:37.161, 2, 0, 48104, 97887
2026/07/08 16:59:37.176, 3, 0, 48104, 97887
2026/07/08 16:59:37.190, 4, 87, 75450, 97887
2026/07/08 16:59:37.202, 5, 26, 75450, 97887
2026/07/08 16:59:37.213, 6, 29, 75430, 97887
2026/07/08 16:59:37.228, 7, 73, 75430, 97887
2026/07/08 16:59:38.244, 0, 0, 48704, 97887
2026/07/08 16:59:38.260, 1, 0, 48104, 97887
2026/07/08 16:59:38.277, 2, 0, 48104, 97887
2026/07/08 16:59:38.292, 3, 0, 48104, 97887
2026/07/08 16:59:38.306, 4, 34, 75468, 97887
2026/07/08 16:59:38.319, 5, 84, 75468, 97887
2026/07/08 16:59:38.330, 6, 100, 75450, 97887
2026/07/08 16:59:38.339, 7, 100, 75450, 97887
2026/07/08 16:59:39.348, 0, 0, 48704, 97887
2026/07/08 16:59:39.364, 1, 0, 48104, 97887
2026/07/08 16:59:39.381, 2, 0, 48104, 97887
2026/07/08 16:59:39.399, 3, 0, 48104, 97887
2026/07/08 16:59:39.414, 4, 29, 75468, 97887
2026/07/08 16:59:39.429, 5, 93, 75468, 97887
2026/07/08 16:59:39.444, 6, 35, 75468, 97887
2026/07/08 16:59:39.460, 7, 77, 75468, 97887
2026/07/08 16:59:40.478, 0, 0, 48704, 97887
2026/07/08 16:59:40.495, 1, 0, 48104, 97887
2026/07/08 16:59:40.511, 2, 0, 48104, 97887
2026/07/08 16:59:40.526, 3, 0, 48104, 97887
2026/07/08 16:59:40.543, 4, 94, 75468, 97887
2026/07/08 16:59:40.560, 5, 22, 75468, 97887
2026/07/08 16:59:40.574, 6, 45, 75468, 97887
2026/07/08 16:59:40.588, 7, 49, 75468, 97887
2026/07/08 16:59:41.605, 0, 0, 48704, 97887
2026/07/08 16:59:41.619, 1, 0, 48104, 97887
2026/07/08 16:59:41.635, 2, 0, 48104, 97887
2026/07/08 16:59:41.649, 3, 0, 48104, 97887
2026/07/08 16:59:41.666, 4, 62, 75468, 97887
2026/07/08 16:59:41.681, 5, 66, 75468, 97887
2026/07/08 16:59:41.702, 6, 78, 75468, 97887
2026/07/08 16:59:41.717, 7, 62, 75468, 97887
2026/07/08 16:59:42.733, 0, 0, 48704, 97887
2026/07/08 16:59:42.749, 1, 0, 48104, 97887
2026/07/08 16:59:42.764, 2, 0, 48104, 97887
2026/07/08 16:59:42.783, 3, 0, 48104, 97887
2026/07/08 16:59:42.799, 4, 72, 75468, 97887
2026/07/08 16:59:42.816, 5, 52, 75468, 97887
2026/07/08 16:59:42.831, 6, 62, 75468, 97887
2026/07/08 16:59:42.847, 7, 60, 75468, 97887
2026/07/08 16:59:43.865, 0, 0, 48704, 97887
2026/07/08 16:59:43.882, 1, 0, 48104, 97887
2026/07/08 16:59:43.898, 2, 0, 48104, 97887
2026/07/08 16:59:43.912, 3, 0, 48104, 97887
2026/07/08 16:59:43.922, 4, 55, 75468, 97887
2026/07/08 16:59:43.937, 5, 63, 75468, 97887
2026/07/08 16:59:43.954, 6, 67, 75468, 97887
2026/07/08 16:59:43.969, 7, 48, 75468, 97887
2026/07/08 16:59:44.985, 0, 0, 48704, 97887
2026/07/08 16:59:45.001, 1, 0, 48104, 97887
2026/07/08 16:59:45.013, 2, 0, 48104, 97887
2026/07/08 16:59:45.027, 3, 0, 48104, 97887
2026/07/08 16:59:45.041, 4, 66, 75468, 97887
2026/07/08 16:59:45.057, 5, 51, 75468, 97887
2026/07/08 16:59:45.069, 6, 40, 75468, 97887
2026/07/08 16:59:45.083, 7, 70, 75468, 97887
2026/07/08 16:59:46.096, 0, 0, 48704, 97887
2026/07/08 16:59:46.113, 1, 0, 48104, 97887
2026/07/08 16:59:46.130, 2, 0, 48104, 97887
2026/07/08 16:59:46.143, 3, 0, 48104, 97887
2026/07/08 16:59:46.158, 4, 24, 75468, 97887
2026/07/08 16:59:46.174, 5, 94, 75468, 97887
2026/07/08 16:59:46.189, 6, 34, 75468, 97887
2026/07/08 16:59:46.204, 7, 88, 75468, 97887
2026/07/08 16:59:47.219, 0, 0, 48704, 97887
2026/07/08 16:59:47.234, 1, 0, 48104, 97887
2026/07/08 16:59:47.247, 2, 0, 48104, 97887
2026/07/08 16:59:47.259, 3, 0, 48104, 97887
2026/07/08 16:59:47.273, 4, 46, 75468, 97887
2026/07/08 16:59:47.287, 5, 59, 75468, 97887
2026/07/08 16:59:47.299, 6, 35, 75468, 97887
2026/07/08 16:59:47.310, 7, 85, 75468, 97887
2026/07/08 16:59:48.341, 0, 0, 48704, 97887
2026/07/08 16:59:48.355, 1, 0, 48104, 97887
2026/07/08 16:59:48.369, 2, 0, 48104, 97887
2026/07/08 16:59:48.383, 3, 0, 48104, 97887
2026/07/08 16:59:48.395, 4, 100, 75468, 97887
2026/07/08 16:59:48.411, 5, 100, 75468, 97887
2026/07/08 16:59:48.427, 6, 47, 75468, 97887
2026/07/08 16:59:48.442, 7, 77, 75468, 97887
2026/07/08 16:59:49.459, 0, 0, 48704, 97887
2026/07/08 16:59:49.475, 1, 0, 48104, 97887
2026/07/08 16:59:49.491, 2, 0, 48104, 97887
2026/07/08 16:59:49.507, 3, 0, 48104, 97887
2026/07/08 16:59:49.524, 4, 18, 75484, 97887
2026/07/08 16:59:49.543, 5, 72, 75484, 97887
2026/07/08 16:59:49.559, 6, 34, 75468, 97887
2026/07/08 16:59:49.574, 7, 86, 75468, 97887
2026/07/08 16:59:50.592, 0, 0, 48704, 97887
2026/07/08 16:59:50.607, 1, 0, 48104, 97887
2026/07/08 16:59:50.620, 2, 0, 48104, 97887
2026/07/08 16:59:50.629, 3, 0, 48104, 97887
2026/07/08 16:59:50.638, 4, 56, 75524, 97887
2026/07/08 16:59:50.652, 5, 93, 75524, 97887
2026/07/08 16:59:50.665, 6, 36, 75468, 97887
2026/07/08 16:59:50.679, 7, 64, 75468, 97887
2026/07/08 16:59:51.693, 0, 0, 48704, 97887
2026/07/08 16:59:51.708, 1, 0, 48104, 97887
2026/07/08 16:59:51.723, 2, 0, 48104, 97887
2026/07/08 16:59:51.738, 3, 0, 48104, 97887
2026/07/08 16:59:51.751, 4, 25, 75524, 97887
2026/07/08 16:59:51.764, 5, 95, 75524, 97887
2026/07/08 16:59:51.777, 6, 61, 75468, 97887
2026/07/08 16:59:51.791, 7, 63, 75468, 97887
2026/07/08 16:59:52.801, 0, 0, 48704, 97887
2026/07/08 16:59:52.815, 1, 0, 48104, 97887
2026/07/08 16:59:52.833, 2, 0, 48104, 97887
2026/07/08 16:59:52.849, 3, 0, 48104, 97887
2026/07/08 16:59:52.875, 4, 25, 75524, 97887
2026/07/08 16:59:52.890, 5, 94, 75524, 97887
2026/07/08 16:59:52.907, 6, 54, 75468, 97887
2026/07/08 16:59:52.932, 7, 66, 75468, 97887
2026/07/08 16:59:53.951, 0, 0, 48704, 97887
2026/07/08 16:59:53.967, 1, 0, 48104, 97887
2026/07/08 16:59:53.983, 2, 0, 48104, 97887
2026/07/08 16:59:53.998, 3, 0, 48104, 97887
2026/07/08 16:59:54.016, 4, 37, 75524, 97887
2026/07/08 16:59:54.033, 5, 83, 75524, 97887
2026/07/08 16:59:54.046, 6, 51, 75468, 97887
2026/07/08 16:59:54.060, 7, 73, 75468, 97887
2026/07/08 16:59:55.077, 0, 0, 48704, 97887
2026/07/08 16:59:55.094, 1, 0, 48104, 97887
2026/07/08 16:59:55.107, 2, 0, 48104, 97887
2026/07/08 16:59:55.121, 3, 0, 48104, 97887
2026/07/08 16:59:55.134, 4, 45, 75524, 97887
2026/07/08 16:59:55.149, 5, 83, 75524, 97887
2026/07/08 16:59:55.163, 6, 44, 75468, 97887
2026/07/08 16:59:55.181, 7, 69, 75468, 97887
2026/07/08 16:59:56.199, 0, 0, 48704, 97887
2026/07/08 16:59:56.213, 1, 0, 48104, 97887
2026/07/08 16:59:56.227, 2, 0, 48104, 97887
2026/07/08 16:59:56.241, 3, 0, 48104, 97887
2026/07/08 16:59:56.255, 4, 27, 75524, 97887
2026/07/08 16:59:56.270, 5, 95, 75524, 97887
2026/07/08 16:59:56.285, 6, 80, 75468, 97887
2026/07/08 16:59:56.300, 7, 33, 75468, 97887
2026/07/08 16:59:57.313, 0, 0, 48704, 97887
2026/07/08 16:59:57.329, 1, 0, 48104, 97887
2026/07/08 16:59:57.341, 2, 0, 48104, 97887
2026/07/08 16:59:57.352, 3, 0, 48104, 97887
2026/07/08 16:59:57.364, 4, 33, 75524, 97887
2026/07/08 16:59:57.378, 5, 85, 75524, 97887
2026/07/08 16:59:57.391, 6, 78, 75468, 97887
2026/07/08 16:59:57.406, 7, 35, 75468, 97887
2026/07/08 16:59:58.421, 0, 0, 48704, 97887
2026/07/08 16:59:58.437, 1, 0, 48104, 97887
2026/07/08 16:59:58.454, 2, 0, 48104, 97887
2026/07/08 16:59:58.468, 3, 0, 48104, 97887
2026/07/08 16:59:58.491, 4, 40, 75524, 97887
2026/07/08 16:59:58.515, 5, 75, 75524, 97887
2026/07/08 16:59:58.534, 6, 90, 75468, 97887
2026/07/08 16:59:58.551, 7, 31, 75468, 97887
2026/07/08 16:59:59.563, 0, 0, 48704, 97887
2026/07/08 16:59:59.579, 1, 0, 48104, 97887
2026/07/08 16:59:59.595, 2, 0, 48104, 97887
2026/07/08 16:59:59.609, 3, 0, 48104, 97887
2026/07/08 16:59:59.629, 4, 79, 75524, 97887
2026/07/08 16:59:59.644, 5, 36, 75524, 97887
2026/07/08 16:59:59.657, 6, 57, 75468, 97887
2026/07/08 16:59:59.674, 7, 57, 75468, 97887
2026/07/08 17:00:00.692, 0, 0, 48704, 97887
2026/07/08 17:00:00.710, 1, 0, 48104, 97887
2026/07/08 17:00:00.727, 2, 0, 48104, 97887
2026/07/08 17:00:00.743, 3, 0, 48104, 97887
2026/07/08 17:00:00.755, 4, 93, 75524, 97887
2026/07/08 17:00:00.765, 5, 27, 75524, 97887
2026/07/08 17:00:00.781, 6, 64, 75468, 97887
2026/07/08 17:00:00.793, 7, 70, 75468, 97887
2026/07/08 17:00:01.807, 0, 0, 48704, 97887
2026/07/08 17:00:01.821, 1, 0, 48104, 97887
2026/07/08 17:00:01.836, 2, 0, 48104, 97887
2026/07/08 17:00:01.852, 3, 0, 48104, 97887
2026/07/08 17:00:01.871, 4, 77, 75524, 97887
2026/07/08 17:00:01.888, 5, 35, 75524, 97887
2026/07/08 17:00:01.903, 6, 54, 75468, 97887
2026/07/08 17:00:01.920, 7, 58, 75468, 97887
2026/07/08 17:00:02.939, 0, 0, 48704, 97887
2026/07/08 17:00:02.956, 1, 0, 48104, 97887
2026/07/08 17:00:02.975, 2, 0, 48104, 97887
2026/07/08 17:00:02.991, 3, 0, 48104, 97887
2026/07/08 17:00:03.003, 4, 95, 75524, 97887
2026/07/08 17:00:03.016, 5, 30, 75524, 97887
2026/07/08 17:00:03.026, 6, 62, 75468, 97887
2026/07/08 17:00:03.033, 7, 56, 75468, 97887
2026/07/08 17:00:04.052, 0, 0, 48704, 97887
2026/07/08 17:00:04.064, 1, 0, 48104, 97887
2026/07/08 17:00:04.070, 2, 0, 48104, 97887
2026/07/08 17:00:04.077, 3, 0, 48104, 97887
2026/07/08 17:00:04.084, 4, 80, 75524, 97887
2026/07/08 17:00:04.097, 5, 95, 75524, 97887
2026/07/08 17:00:04.106, 6, 32, 75468, 97887
2026/07/08 17:00:04.117, 7, 92, 75468, 97887
2026/07/08 17:00:05.127, 0, 0, 48704, 97887
2026/07/08 17:00:05.143, 1, 0, 48104, 97887
2026/07/08 17:00:05.161, 2, 0, 48104, 97887
2026/07/08 17:00:05.177, 3, 0, 48104, 97887
2026/07/08 17:00:05.192, 4, 32, 75524, 97887
2026/07/08 17:00:05.210, 5, 88, 75524, 97887
2026/07/08 17:00:05.225, 6, 37, 75468, 97887
2026/07/08 17:00:05.241, 7, 41, 75468, 97887
2026/07/08 17:00:06.259, 0, 0, 48704, 97887
2026/07/08 17:00:06.276, 1, 0, 48104, 97887
2026/07/08 17:00:06.293, 2, 0, 48104, 97887
2026/07/08 17:00:06.309, 3, 0, 48104, 97887
2026/07/08 17:00:06.322, 4, 76, 75524, 97887
2026/07/08 17:00:06.336, 5, 68, 75524, 97887
2026/07/08 17:00:06.346, 6, 42, 75468, 97887
2026/07/08 17:00:06.360, 7, 78, 75468, 97887
2026/07/08 17:00:07.373, 0, 0, 48704, 97887
2026/07/08 17:00:07.388, 1, 0, 48104, 97887
2026/07/08 17:00:07.402, 2, 0, 48104, 97887
2026/07/08 17:00:07.416, 3, 0, 48104, 97887
2026/07/08 17:00:07.428, 4, 23, 75524, 97887
2026/07/08 17:00:07.442, 5, 94, 75524, 97887
2026/07/08 17:00:07.462, 6, 39, 75468, 97887
2026/07/08 17:00:07.476, 7, 71, 75468, 97887
2026/07/08 17:00:08.487, 0, 0, 48704, 97887
2026/07/08 17:00:08.495, 1, 0, 48104, 97887
2026/07/08 17:00:08.501, 2, 0, 48104, 97887
2026/07/08 17:00:08.512, 3, 0, 48104, 97887
2026/07/08 17:00:08.518, 4, 87, 75524, 97887
2026/07/08 17:00:08.525, 5, 76, 75524, 97887
2026/07/08 17:00:08.533, 6, 37, 75468, 97887
2026/07/08 17:00:08.542, 7, 63, 75468, 97887
2026/07/08 17:00:09.551, 0, 0, 48704, 97887
2026/07/08 17:00:09.566, 1, 0, 48104, 97887
2026/07/08 17:00:09.580, 2, 0, 48104, 97887
2026/07/08 17:00:09.596, 3, 0, 48104, 97887
2026/07/08 17:00:09.610, 4, 28, 75524, 97887
2026/07/08 17:00:09.626, 5, 78, 75524, 97887
2026/07/08 17:00:09.644, 6, 48, 75468, 97887
2026/07/08 17:00:09.658, 7, 59, 75468, 97887
2026/07/08 17:00:10.671, 0, 0, 48704, 97887
2026/07/08 17:00:10.683, 1, 0, 48104, 97887
2026/07/08 17:00:10.699, 2, 0, 48104, 97887
2026/07/08 17:00:10.716, 3, 0, 48104, 97887
2026/07/08 17:00:10.728, 4, 54, 75524, 97887
2026/07/08 17:00:10.741, 5, 43, 75524, 97887
2026/07/08 17:00:10.753, 6, 51, 75468, 97887
2026/07/08 17:00:10.768, 7, 80, 75468, 97887
2026/07/08 17:00:11.777, 0, 0, 48704, 97887
2026/07/08 17:00:11.787, 1, 0, 48104, 97887
2026/07/08 17:00:11.796, 2, 0, 48104, 97887
2026/07/08 17:00:11.803, 3, 0, 48104, 97887
2026/07/08 17:00:11.811, 4, 62, 75524, 97887
2026/07/08 17:00:11.821, 5, 47, 75524, 97887
2026/07/08 17:00:11.829, 6, 49, 75468, 97887
2026/07/08 17:00:11.837, 7, 67, 75468, 97887
2026/07/08 17:00:12.852, 0, 0, 48704, 97887
2026/07/08 17:00:12.871, 1, 0, 48104, 97887
2026/07/08 17:00:12.888, 2, 0, 48104, 97887
2026/07/08 17:00:12.906, 3, 0, 48104, 97887
2026/07/08 17:00:12.925, 4, 44, 75524, 97887
2026/07/08 17:00:12.943, 5, 51, 75524, 97887
2026/07/08 17:00:12.959, 6, 42, 75468, 97887
2026/07/08 17:00:12.974, 7, 60, 75468, 97887
2026/07/08 17:00:13.992, 0, 0, 48704, 97887
2026/07/08 17:00:14.012, 1, 0, 48104, 97887
2026/07/08 17:00:14.027, 2, 0, 48104, 97887
2026/07/08 17:00:14.043, 3, 0, 48104, 97887
2026/07/08 17:00:14.058, 4, 94, 75524, 97887
2026/07/08 17:00:14.072, 5, 37, 75524, 97887
2026/07/08 17:00:14.085, 6, 35, 75468, 97887
2026/07/08 17:00:14.097, 7, 58, 75468, 97887
2026/07/08 17:00:15.112, 0, 0, 48704, 97887
2026/07/08 17:00:15.128, 1, 0, 48104, 97887
2026/07/08 17:00:15.142, 2, 0, 48104, 97887
2026/07/08 17:00:15.154, 3, 0, 48104, 97887
2026/07/08 17:00:15.169, 4, 34, 75524, 97887
2026/07/08 17:00:15.183, 5, 87, 75524, 97887
2026/07/08 17:00:15.200, 6, 28, 75468, 97887
2026/07/08 17:00:15.216, 7, 73, 75468, 97887
2026/07/08 17:00:16.233, 0, 0, 48704, 97887
2026/07/08 17:00:16.251, 1, 0, 48104, 97887
2026/07/08 17:00:16.267, 2, 0, 48104, 97887
2026/07/08 17:00:16.280, 3, 0, 48104, 97887
2026/07/08 17:00:16.292, 4, 24, 75524, 97887
2026/07/08 17:00:16.306, 5, 88, 75524, 97887
2026/07/08 17:00:16.318, 6, 46, 75468, 97887
2026/07/08 17:00:16.332, 7, 79, 75468, 97887
2026/07/08 17:00:17.350, 0, 0, 48704, 97887
2026/07/08 17:00:17.365, 1, 0, 48104, 97887
2026/07/08 17:00:17.377, 2, 0, 48104, 97887
2026/07/08 17:00:17.394, 3, 0, 48104, 97887
2026/07/08 17:00:17.406, 4, 25, 75524, 97887
2026/07/08 17:00:17.416, 5, 94, 75524, 97887
2026/07/08 17:00:17.430, 6, 38, 75468, 97887
2026/07/08 17:00:17.447, 7, 80, 75468, 97887
2026/07/08 17:00:18.464, 0, 0, 48704, 97887
2026/07/08 17:00:18.479, 1, 0, 48104, 97887
2026/07/08 17:00:18.495, 2, 0, 48104, 97887
2026/07/08 17:00:18.510, 3, 0, 48104, 97887
2026/07/08 17:00:18.525, 4, 37, 75524, 97887
2026/07/08 17:00:18.539, 5, 87, 75524, 97887
2026/07/08 17:00:18.556, 6, 39, 75468, 97887
2026/07/08 17:00:18.570, 7, 81, 75468, 97887
2026/07/08 17:00:19.586, 0, 0, 48704, 97887
2026/07/08 17:00:19.602, 1, 0, 48104, 97887
2026/07/08 17:00:19.619, 2, 0, 48104, 97887
2026/07/08 17:00:19.635, 3, 0, 48104, 97887
2026/07/08 17:00:19.650, 4, 31, 75524, 97887
2026/07/08 17:00:19.664, 5, 89, 75524, 97887
2026/07/08 17:00:19.679, 6, 36, 75468, 97887
2026/07/08 17:00:19.693, 7, 79, 75468, 97887
2026/07/08 17:00:20.710, 0, 0, 48704, 97887
2026/07/08 17:00:20.725, 1, 0, 48104, 97887
2026/07/08 17:00:20.738, 2, 0, 48104, 97887
2026/07/08 17:00:20.749, 3, 0, 48104, 97887
2026/07/08 17:00:20.761, 4, 26, 75524, 97887
2026/07/08 17:00:20.773, 5, 49, 75524, 97887
2026/07/08 17:00:20.787, 6, 36, 75468, 97887
2026/07/08 17:00:20.801, 7, 65, 75468, 97887
2026/07/08 17:00:21.813, 0, 0, 48704, 97887
2026/07/08 17:00:21.829, 1, 0, 48104, 97887
2026/07/08 17:00:21.845, 2, 0, 48104, 97887
2026/07/08 17:00:21.860, 3, 0, 48104, 97887
2026/07/08 17:00:21.871, 4, 38, 75524, 97887
2026/07/08 17:00:21.897, 5, 94, 75524, 97887
2026/07/08 17:00:21.915, 6, 49, 75468, 97887
2026/07/08 17:00:21.928, 7, 55, 75468, 97887
2026/07/08 17:00:22.945, 0, 0, 48704, 97887
2026/07/08 17:00:22.956, 1, 0, 48104, 97887
2026/07/08 17:00:22.968, 2, 0, 48104, 97887
2026/07/08 17:00:22.982, 3, 0, 48104, 97887
2026/07/08 17:00:22.997, 4, 27, 75524, 97887
2026/07/08 17:00:23.012, 5, 94, 75524, 97887
2026/07/08 17:00:23.026, 6, 43, 75468, 97887
2026/07/08 17:00:23.040, 7, 63, 75468, 97887
2026/07/08 17:00:24.055, 0, 0, 48704, 97887
2026/07/08 17:00:24.072, 1, 0, 48104, 97887
2026/07/08 17:00:24.088, 2, 0, 48104, 97887
2026/07/08 17:00:24.102, 3, 0, 48104, 97887
2026/07/08 17:00:24.113, 4, 24, 75524, 97887
2026/07/08 17:00:24.122, 5, 58, 75524, 97887
2026/07/08 17:00:24.133, 6, 42, 75468, 97887
2026/07/08 17:00:24.149, 7, 57, 75468, 97887
2026/07/08 17:00:25.162, 0, 0, 48704, 97887
2026/07/08 17:00:25.178, 1, 0, 48104, 97887
2026/07/08 17:00:25.195, 2, 0, 48104, 97887
2026/07/08 17:00:25.210, 3, 0, 48104, 97887
2026/07/08 17:00:25.227, 4, 39, 75524, 97887
2026/07/08 17:00:25.243, 5, 68, 75524, 97887
2026/07/08 17:00:25.261, 6, 49, 75468, 97887
2026/07/08 17:00:25.277, 7, 46, 75468, 97887
2026/07/08 17:00:26.294, 0, 0, 48704, 97887
2026/07/08 17:00:26.308, 1, 0, 48104, 97887
2026/07/08 17:00:26.322, 2, 0, 48104, 97887
2026/07/08 17:00:26.335, 3, 0, 48104, 97887
2026/07/08 17:00:26.348, 4, 40, 75524, 97887
2026/07/08 17:00:26.360, 5, 94, 75524, 97887
2026/07/08 17:00:26.375, 6, 60, 75468, 97887
2026/07/08 17:00:26.389, 7, 78, 75468, 97887
2026/07/08 17:00:27.402, 0, 0, 48704, 97887
2026/07/08 17:00:27.417, 1, 0, 48104, 97887
2026/07/08 17:00:27.430, 2, 0, 48104, 97887
2026/07/08 17:00:27.442, 3, 0, 48104, 97887
2026/07/08 17:00:27.455, 4, 69, 75524, 97887
2026/07/08 17:00:27.469, 5, 68, 75524, 97887
2026/07/08 17:00:27.483, 6, 35, 75468, 97887
2026/07/08 17:00:27.494, 7, 66, 75468, 97887
2026/07/08 17:00:28.507, 0, 0, 48704, 97887
2026/07/08 17:00:28.523, 1, 0, 48104, 97887
2026/07/08 17:00:28.533, 2, 0, 48104, 97887
2026/07/08 17:00:28.546, 3, 0, 48104, 97887
2026/07/08 17:00:28.561, 4, 12, 75524, 97887
2026/07/08 17:00:28.571, 5, 19, 75524, 97887
2026/07/08 17:00:28.585, 6, 38, 75468, 97887
2026/07/08 17:00:28.598, 7, 65, 75468, 97887
2026/07/08 17:00:29.610, 0, 0, 48704, 97887
2026/07/08 17:00:29.624, 1, 0, 48104, 97887
2026/07/08 17:00:29.641, 2, 0, 48104, 97887
2026/07/08 17:00:29.659, 3, 0, 48104, 97887
2026/07/08 17:00:29.678, 4, 36, 75524, 97887
2026/07/08 17:00:29.697, 5, 100, 75524, 97887
2026/07/08 17:00:29.713, 6, 54, 75468, 97887
2026/07/08 17:00:29.730, 7, 49, 75468, 97887
2026/07/08 17:00:30.743, 0, 0, 48704, 97887
2026/07/08 17:00:30.759, 1, 0, 48104, 97887
2026/07/08 17:00:30.774, 2, 0, 48104, 97887
2026/07/08 17:00:30.791, 3, 0, 48104, 97887
2026/07/08 17:00:30.802, 4, 53, 75524, 97887
2026/07/08 17:00:30.817, 5, 90, 75524, 97887
2026/07/08 17:00:30.833, 6, 80, 75468, 97887
2026/07/08 17:00:30.850, 7, 56, 75468, 97887
2026/07/08 17:00:31.865, 0, 0, 48704, 97887
2026/07/08 17:00:31.881, 1, 0, 48104, 97887
2026/07/08 17:00:31.896, 2, 0, 48104, 97887
2026/07/08 17:00:31.911, 3, 0, 48104, 97887
2026/07/08 17:00:31.929, 4, 27, 75524, 97887
2026/07/08 17:00:31.950, 5, 92, 75524, 97887
2026/07/08 17:00:31.965, 6, 32, 75468, 97887
2026/07/08 17:00:31.980, 7, 88, 75468, 97887
2026/07/08 17:00:32.994, 0, 0, 48704, 97887
2026/07/08 17:00:33.010, 1, 0, 48104, 97887
2026/07/08 17:00:33.027, 2, 0, 48104, 97887
2026/07/08 17:00:33.042, 3, 0, 48104, 97887
2026/07/08 17:00:33.068, 4, 26, 75524, 97887
2026/07/08 17:00:33.083, 5, 45, 75524, 97887
2026/07/08 17:00:33.098, 6, 66, 75468, 97887
2026/07/08 17:00:33.114, 7, 55, 75468, 97887
2026/07/08 17:00:34.132, 0, 0, 48704, 97887
2026/07/08 17:00:34.147, 1, 0, 48104, 97887
2026/07/08 17:00:34.160, 2, 0, 48104, 97887
2026/07/08 17:00:34.174, 3, 0, 48104, 97887
2026/07/08 17:00:34.188, 4, 40, 75524, 97887
2026/07/08 17:00:34.203, 5, 36, 75524, 97887
2026/07/08 17:00:34.214, 6, 25, 75468, 97887
2026/07/08 17:00:34.226, 7, 86, 75468, 97887
2026/07/08 17:00:35.240, 0, 0, 48704, 97887
2026/07/08 17:00:35.261, 1, 0, 48104, 97887
2026/07/08 17:00:35.280, 2, 0, 48104, 97887
2026/07/08 17:00:35.300, 3, 0, 48104, 97887
2026/07/08 17:00:35.317, 4, 29, 75524, 97887
2026/07/08 17:00:35.332, 5, 29, 75524, 97887
2026/07/08 17:00:35.346, 6, 26, 75468, 97887
2026/07/08 17:00:35.358, 7, 82, 75468, 97887
2026/07/08 17:00:36.371, 0, 0, 48704, 97887
2026/07/08 17:00:36.386, 1, 0, 48104, 97887
2026/07/08 17:00:36.402, 2, 0, 48104, 97887
2026/07/08 17:00:36.416, 3, 0, 48104, 97887
2026/07/08 17:00:36.432, 4, 50, 75524, 97887
2026/07/08 17:00:36.448, 5, 37, 75524, 97887
2026/07/08 17:00:36.464, 6, 41, 75468, 97887
2026/07/08 17:00:36.478, 7, 79, 75468, 97887
2026/07/08 17:00:37.497, 0, 0, 48704, 97887
2026/07/08 17:00:37.518, 1, 0, 48104, 97887
2026/07/08 17:00:37.534, 2, 0, 48104, 97887
2026/07/08 17:00:37.549, 3, 0, 48104, 97887
2026/07/08 17:00:37.567, 4, 95, 75524, 97887
2026/07/08 17:00:37.585, 5, 34, 75524, 97887
2026/07/08 17:00:37.602, 6, 32, 75468, 97887
2026/07/08 17:00:37.620, 7, 86, 75468, 97887
2026/07/08 17:00:38.638, 0, 0, 48704, 97887
2026/07/08 17:00:38.654, 1, 0, 48104, 97887
2026/07/08 17:00:38.667, 2, 0, 48104, 97887
2026/07/08 17:00:38.681, 3, 0, 48104, 97887
2026/07/08 17:00:38.696, 4, 83, 75524, 97887
2026/07/08 17:00:38.710, 5, 41, 75524, 97887
2026/07/08 17:00:38.727, 6, 40, 75468, 97887
2026/07/08 17:00:38.740, 7, 79, 75468, 97887
2026/07/08 17:00:39.753, 0, 0, 48704, 97887
2026/07/08 17:00:39.766, 1, 0, 48104, 97887
2026/07/08 17:00:39.777, 2, 0, 48104, 97887
2026/07/08 17:00:39.790, 3, 0, 48104, 97887
2026/07/08 17:00:39.802, 4, 95, 75524, 97887
2026/07/08 17:00:39.815, 5, 85, 75524, 97887
2026/07/08 17:00:39.829, 6, 60, 75468, 97887
2026/07/08 17:00:39.847, 7, 66, 75468, 97887
2026/07/08 17:00:40.862, 0, 0, 48704, 97887
2026/07/08 17:00:40.876, 1, 0, 48104, 97887
2026/07/08 17:00:40.890, 2, 0, 48104, 97887
2026/07/08 17:00:40.903, 3, 0, 48104, 97887
2026/07/08 17:00:40.917, 4, 40, 75524, 97887
2026/07/08 17:00:40.932, 5, 50, 75524, 97887
2026/07/08 17:00:40.946, 6, 36, 75468, 97887
2026/07/08 17:00:40.959, 7, 80, 75468, 97887
2026/07/08 17:00:41.974, 0, 0, 48704, 97887
2026/07/08 17:00:41.992, 1, 0, 48104, 97887
2026/07/08 17:00:42.008, 2, 0, 48104, 97887
2026/07/08 17:00:42.023, 3, 0, 48104, 97887
2026/07/08 17:00:42.042, 4, 94, 75524, 97887
2026/07/08 17:00:42.057, 5, 77, 75524, 97887
2026/07/08 17:00:42.072, 6, 50, 75468, 97887
2026/07/08 17:00:42.085, 7, 82, 75468, 97887
2026/07/08 17:00:43.098, 0, 0, 48704, 97887
2026/07/08 17:00:43.114, 1, 0, 48104, 97887
2026/07/08 17:00:43.132, 2, 0, 48104, 97887
2026/07/08 17:00:43.145, 3, 0, 48104, 97887
2026/07/08 17:00:43.160, 4, 89, 75524, 97887
2026/07/08 17:00:43.174, 5, 76, 75524, 97887
2026/07/08 17:00:43.187, 6, 31, 75468, 97887
2026/07/08 17:00:43.198, 7, 72, 75468, 97887
2026/07/08 17:00:44.212, 0, 0, 48704, 97887
2026/07/08 17:00:44.227, 1, 0, 48104, 97887
2026/07/08 17:00:44.241, 2, 0, 48104, 97887
2026/07/08 17:00:44.255, 3, 0, 48104, 97887
2026/07/08 17:00:44.269, 4, 57, 75524, 97887
2026/07/08 17:00:44.284, 5, 57, 75524, 97887
2026/07/08 17:00:44.296, 6, 40, 75468, 97887
2026/07/08 17:00:44.310, 7, 70, 75468, 97887
2026/07/08 17:00:45.324, 0, 0, 48704, 97887
2026/07/08 17:00:45.342, 1, 0, 48104, 97887
2026/07/08 17:00:45.357, 2, 0, 48104, 97887
2026/07/08 17:00:45.372, 3, 0, 48104, 97887
2026/07/08 17:00:45.387, 4, 26, 75524, 97887
2026/07/08 17:00:45.401, 5, 93, 75524, 97887
2026/07/08 17:00:45.419, 6, 37, 75468, 97887
2026/07/08 17:00:45.437, 7, 71, 75468, 97887
2026/07/08 17:00:46.449, 0, 0, 48704, 97887
2026/07/08 17:00:46.462, 1, 0, 48104, 97887
2026/07/08 17:00:46.479, 2, 0, 48104, 97887
2026/07/08 17:00:46.490, 3, 0, 48104, 97887
2026/07/08 17:00:46.504, 4, 38, 75524, 97887
2026/07/08 17:00:46.518, 5, 91, 75524, 97887
2026/07/08 17:00:46.535, 6, 38, 75468, 97887
2026/07/08 17:00:46.548, 7, 82, 75468, 97887
2026/07/08 17:00:47.559, 0, 0, 48704, 97887
2026/07/08 17:00:47.576, 1, 0, 48104, 97887
2026/07/08 17:00:47.592, 2, 0, 48104, 97887
2026/07/08 17:00:47.607, 3, 0, 48104, 97887
2026/07/08 17:00:47.621, 4, 77, 75524, 97887
2026/07/08 17:00:47.633, 5, 86, 75524, 97887
2026/07/08 17:00:47.656, 6, 42, 75468, 97887
2026/07/08 17:00:47.674, 7, 57, 75468, 97887
2026/07/08 17:00:48.698, 0, 0, 48704, 97887
2026/07/08 17:00:48.718, 1, 0, 48104, 97887
2026/07/08 17:00:48.736, 2, 0, 48104, 97887
2026/07/08 17:00:48.754, 3, 0, 48104, 97887
2026/07/08 17:00:48.771, 4, 77, 75524, 97887
2026/07/08 17:00:48.789, 5, 74, 75524, 97887
2026/07/08 17:00:48.807, 6, 39, 75468, 97887
2026/07/08 17:00:48.824, 7, 82, 75468, 97887
2026/07/08 17:00:49.842, 0, 0, 48704, 97887
2026/07/08 17:00:49.857, 1, 0, 48104, 97887
2026/07/08 17:00:49.869, 2, 0, 48104, 97887
2026/07/08 17:00:49.881, 3, 0, 48104, 97887
2026/07/08 17:00:49.890, 4, 33, 75524, 97887
2026/07/08 17:00:49.900, 5, 94, 75524, 97887
2026/07/08 17:00:49.909, 6, 26, 75468, 97887
2026/07/08 17:00:49.919, 7, 21, 75468, 97887
2026/07/08 17:00:50.927, 0, 0, 48704, 97887
2026/07/08 17:00:50.943, 1, 0, 48104, 97887
2026/07/08 17:00:50.962, 2, 0, 48104, 97887
2026/07/08 17:00:50.980, 3, 0, 48104, 97887
2026/07/08 17:00:50.997, 4, 56, 75524, 97887
2026/07/08 17:00:51.014, 5, 35, 75524, 97887
2026/07/08 17:00:51.036, 6, 46, 75468, 97887
2026/07/08 17:00:51.053, 7, 76, 75468, 97887
2026/07/08 17:00:52.070, 0, 0, 48704, 97887
2026/07/08 17:00:52.087, 1, 0, 48104, 97887
2026/07/08 17:00:52.104, 2, 0, 48104, 97887
2026/07/08 17:00:52.122, 3, 0, 48104, 97887
2026/07/08 17:00:52.140, 4, 25, 75524, 97887
2026/07/08 17:00:52.159, 5, 94, 75524, 97887
2026/07/08 17:00:52.177, 6, 35, 75468, 97887
2026/07/08 17:00:52.193, 7, 83, 75468, 97887
2026/07/08 17:00:53.210, 0, 0, 48704, 97887
2026/07/08 17:00:53.239, 1, 0, 48104, 97887
2026/07/08 17:00:53.253, 2, 0, 48104, 97887
2026/07/08 17:00:53.269, 3, 0, 48104, 97887
2026/07/08 17:00:53.283, 4, 26, 75524, 97887
2026/07/08 17:00:53.301, 5, 89, 75524, 97887
2026/07/08 17:00:53.318, 6, 37, 75468, 97887
2026/07/08 17:00:53.339, 7, 85, 75468, 97887
2026/07/08 17:00:54.352, 0, 0, 48704, 97887
2026/07/08 17:00:54.367, 1, 0, 48104, 97887
2026/07/08 17:00:54.382, 2, 0, 48104, 97887
2026/07/08 17:00:54.398, 3, 0, 48104, 97887
2026/07/08 17:00:54.413, 4, 45, 75524, 97887
2026/07/08 17:00:54.429, 5, 82, 75524, 97887
2026/07/08 17:00:54.445, 6, 34, 75468, 97887
2026/07/08 17:00:54.463, 7, 68, 75468, 97887
2026/07/08 17:00:55.478, 0, 0, 48704, 97887
2026/07/08 17:00:55.494, 1, 0, 48104, 97887
2026/07/08 17:00:55.507, 2, 0, 48104, 97887
2026/07/08 17:00:55.524, 3, 0, 48104, 97887
2026/07/08 17:00:55.541, 4, 48, 75524, 97887
2026/07/08 17:00:55.558, 5, 81, 75524, 97887
2026/07/08 17:00:55.576, 6, 33, 75468, 97887
2026/07/08 17:00:55.593, 7, 77, 75468, 97887
2026/07/08 17:00:56.611, 0, 0, 48704, 97887
2026/07/08 17:00:56.628, 1, 0, 48104, 97887
2026/07/08 17:00:56.641, 2, 0, 48104, 97887
2026/07/08 17:00:56.656, 3, 0, 48104, 97887
2026/07/08 17:00:56.670, 4, 33, 75524, 97887
2026/07/08 17:00:56.683, 5, 84, 75524, 97887
2026/07/08 17:00:56.698, 6, 37, 75468, 97887
2026/07/08 17:00:56.714, 7, 54, 75468, 97887
2026/07/08 17:00:57.729, 0, 0, 48704, 97887
2026/07/08 17:00:57.743, 1, 0, 48104, 97887
2026/07/08 17:00:57.756, 2, 0, 48104, 97887
2026/07/08 17:00:57.769, 3, 0, 48104, 97887
2026/07/08 17:00:57.785, 4, 26, 75524, 97887
2026/07/08 17:00:57.801, 5, 94, 75524, 97887
2026/07/08 17:00:57.816, 6, 54, 75468, 97887
2026/07/08 17:00:57.831, 7, 42, 75468, 97887
2026/07/08 17:00:58.849, 0, 0, 48704, 97887
2026/07/08 17:00:58.870, 1, 0, 48104, 97887
2026/07/08 17:00:58.886, 2, 0, 48104, 97887
2026/07/08 17:00:58.908, 3, 0, 48104, 97887
2026/07/08 17:00:58.925, 4, 38, 75524, 97887
2026/07/08 17:00:58.938, 5, 84, 75524, 97887
2026/07/08 17:00:58.955, 6, 83, 75468, 97887
2026/07/08 17:00:58.971, 7, 45, 75468, 97887
2026/07/08 17:00:59.987, 0, 0, 48704, 97887
2026/07/08 17:01:00.003, 1, 0, 48104, 97887
2026/07/08 17:01:00.023, 2, 0, 48104, 97887
2026/07/08 17:01:00.044, 3, 0, 48104, 97887
2026/07/08 17:01:00.064, 4, 94, 75524, 97887
2026/07/08 17:01:00.081, 5, 27, 75524, 97887
2026/07/08 17:01:00.098, 6, 26, 75468, 97887
2026/07/08 17:01:00.115, 7, 92, 75468, 97887
2026/07/08 17:01:01.134, 0, 0, 48704, 97887
2026/07/08 17:01:01.152, 1, 0, 48104, 97887
2026/07/08 17:01:01.168, 2, 0, 48104, 97887
2026/07/08 17:01:01.187, 3, 0, 48104, 97887
2026/07/08 17:01:01.202, 4, 44, 75524, 97887
2026/07/08 17:01:01.215, 5, 70, 75524, 97887
2026/07/08 17:01:01.229, 6, 51, 75468, 97887
2026/07/08 17:01:01.238, 7, 63, 75468, 97887
2026/07/08 17:01:02.244, 0, 0, 48704, 97887
2026/07/08 17:01:02.258, 1, 0, 48104, 97887
2026/07/08 17:01:02.272, 2, 0, 48104, 97887
2026/07/08 17:01:02.288, 3, 0, 48104, 97887
2026/07/08 17:01:02.302, 4, 88, 75524, 97887
2026/07/08 17:01:02.317, 5, 31, 75524, 97887
2026/07/08 17:01:02.333, 6, 68, 75468, 97887
2026/07/08 17:01:02.351, 7, 41, 75468, 97887
2026/07/08 17:01:03.367, 0, 0, 48704, 97887
2026/07/08 17:01:03.385, 1, 0, 48104, 97887
2026/07/08 17:01:03.401, 2, 0, 48104, 97887
2026/07/08 17:01:03.416, 3, 0, 48104, 97887
2026/07/08 17:01:03.429, 4, 25, 75526, 97887
2026/07/08 17:01:03.440, 5, 90, 75524, 97887
2026/07/08 17:01:03.453, 6, 50, 75468, 97887
2026/07/08 17:01:03.470, 7, 77, 75468, 97887
2026/07/08 17:01:04.487, 0, 0, 48704, 97887
2026/07/08 17:01:04.504, 1, 0, 48104, 97887
2026/07/08 17:01:04.522, 2, 0, 48104, 97887
2026/07/08 17:01:04.538, 3, 0, 48104, 97887
2026/07/08 17:01:04.556, 4, 85, 75526, 97887
2026/07/08 17:01:04.569, 5, 46, 75524, 97887
2026/07/08 17:01:04.583, 6, 44, 75468, 97887
2026/07/08 17:01:04.596, 7, 72, 75468, 97887
2026/07/08 17:01:05.615, 0, 0, 48704, 97887
2026/07/08 17:01:05.633, 1, 0, 48104, 97887
2026/07/08 17:01:05.649, 2, 0, 48104, 97887
2026/07/08 17:01:05.665, 3, 0, 48104, 97887
2026/07/08 17:01:05.680, 4, 26, 75526, 97887
2026/07/08 17:01:05.693, 5, 94, 75526, 97887
2026/07/08 17:01:05.709, 6, 58, 75468, 97887
2026/07/08 17:01:05.725, 7, 62, 75468, 97887
2026/07/08 17:01:06.739, 0, 0, 48704, 97887
2026/07/08 17:01:06.757, 1, 0, 48104, 97887
2026/07/08 17:01:06.773, 2, 0, 48104, 97887
2026/07/08 17:01:06.788, 3, 0, 48104, 97887
2026/07/08 17:01:06.803, 4, 39, 75526, 97887
2026/07/08 17:01:06.821, 5, 95, 75526, 97887
2026/07/08 17:01:06.841, 6, 34, 75468, 97887
2026/07/08 17:01:06.858, 7, 90, 75468, 97887
2026/07/08 17:01:07.872, 0, 0, 48704, 97887
2026/07/08 17:01:07.886, 1, 0, 48104, 97887
2026/07/08 17:01:07.901, 2, 0, 48104, 97887
2026/07/08 17:01:07.917, 3, 0, 48104, 97887
2026/07/08 17:01:07.932, 4, 59, 75526, 97887
2026/07/08 17:01:07.948, 5, 57, 75526, 97887
2026/07/08 17:01:07.965, 6, 43, 75468, 97887
2026/07/08 17:01:07.981, 7, 89, 75468, 97887
2026/07/08 17:01:09.000, 0, 0, 48704, 97887
2026/07/08 17:01:09.017, 1, 0, 48104, 97887
2026/07/08 17:01:09.031, 2, 0, 48104, 97887
2026/07/08 17:01:09.047, 3, 0, 48104, 97887
2026/07/08 17:01:09.063, 4, 71, 75526, 97887
2026/07/08 17:01:09.080, 5, 64, 75526, 97887
2026/07/08 17:01:09.096, 6, 34, 75468, 97887
2026/07/08 17:01:09.113, 7, 94, 75468, 97887
2026/07/08 17:01:10.130, 0, 0, 48704, 97887
2026/07/08 17:01:10.145, 1, 0, 48104, 97887
2026/07/08 17:01:10.160, 2, 0, 48104, 97887
2026/07/08 17:01:10.173, 3, 0, 48104, 97887
2026/07/08 17:01:10.190, 4, 70, 75526, 97887
2026/07/08 17:01:10.202, 5, 46, 75526, 97887
2026/07/08 17:01:10.220, 6, 39, 75468, 97887
2026/07/08 17:01:10.234, 7, 80, 75468, 97887
2026/07/08 17:01:11.249, 0, 0, 48704, 97887
2026/07/08 17:01:11.265, 1, 0, 48104, 97887
2026/07/08 17:01:11.282, 2, 0, 48104, 97887
2026/07/08 17:01:11.297, 3, 0, 48104, 97887
2026/07/08 17:01:11.314, 4, 29, 75526, 97887
2026/07/08 17:01:11.331, 5, 93, 75526, 97887
2026/07/08 17:01:11.349, 6, 42, 75468, 97887
2026/07/08 17:01:11.365, 7, 93, 75468, 97887
2026/07/08 17:01:12.383, 0, 0, 48704, 97887
2026/07/08 17:01:12.399, 1, 0, 48104, 97887
2026/07/08 17:01:12.416, 2, 0, 48104, 97887
2026/07/08 17:01:12.429, 3, 0, 48104, 97887
2026/07/08 17:01:12.440, 4, 93, 75526, 97887
2026/07/08 17:01:12.454, 5, 33, 75526, 97887
2026/07/08 17:01:12.468, 6, 36, 75468, 97887
2026/07/08 17:01:12.482, 7, 92, 75468, 97887
2026/07/08 17:01:13.494, 0, 0, 48704, 97887
2026/07/08 17:01:13.509, 1, 0, 48104, 97887
2026/07/08 17:01:13.523, 2, 0, 48104, 97887
2026/07/08 17:01:13.540, 3, 0, 48104, 97887
2026/07/08 17:01:13.553, 4, 85, 75526, 97887
2026/07/08 17:01:13.568, 5, 38, 75526, 97887
2026/07/08 17:01:13.582, 6, 39, 75468, 97887
2026/07/08 17:01:13.599, 7, 82, 75468, 97887
2026/07/08 17:01:14.618, 0, 0, 48704, 97887
2026/07/08 17:01:14.633, 1, 0, 48104, 97887
2026/07/08 17:01:14.648, 2, 0, 48104, 97887
2026/07/08 17:01:14.663, 3, 0, 48104, 97887
2026/07/08 17:01:14.678, 4, 56, 75526, 97887
2026/07/08 17:01:14.694, 5, 71, 75526, 97887
2026/07/08 17:01:14.711, 6, 33, 75468, 97887
2026/07/08 17:01:14.729, 7, 89, 75468, 97887
2026/07/08 17:01:15.747, 0, 0, 48704, 97887
2026/07/08 17:01:15.761, 1, 0, 48104, 97887
2026/07/08 17:01:15.776, 2, 0, 48104, 97887
2026/07/08 17:01:15.789, 3, 0, 48104, 97887
2026/07/08 17:01:15.802, 4, 70, 75526, 97887
2026/07/08 17:01:15.819, 5, 33, 75526, 97887
2026/07/08 17:01:15.835, 6, 28, 75468, 97887
2026/07/08 17:01:15.849, 7, 77, 75468, 97887
2026/07/08 17:01:16.866, 0, 0, 48704, 97887
2026/07/08 17:01:16.883, 1, 0, 48104, 97887
2026/07/08 17:01:16.899, 2, 0, 48104, 97887
2026/07/08 17:01:16.916, 3, 0, 48104, 97887
2026/07/08 17:01:16.928, 4, 85, 75526, 97887
2026/07/08 17:01:16.945, 5, 36, 75526, 97887
2026/07/08 17:01:16.960, 6, 21, 75468, 97887
2026/07/08 17:01:16.978, 7, 39, 75468, 97887
2026/07/08 17:01:17.992, 0, 0, 48704, 97887
2026/07/08 17:01:18.012, 1, 0, 48104, 97887
2026/07/08 17:01:18.031, 2, 0, 48104, 97887
2026/07/08 17:01:18.057, 3, 0, 48104, 97887
2026/07/08 17:01:18.068, 4, 71, 75526, 97887
2026/07/08 17:01:18.083, 5, 57, 75526, 97887
2026/07/08 17:01:18.099, 6, 25, 75468, 97887
2026/07/08 17:01:18.113, 7, 90, 75468, 97887
2026/07/08 17:01:19.129, 0, 0, 48704, 97887
2026/07/08 17:01:19.145, 1, 0, 48104, 97887
2026/07/08 17:01:19.162, 2, 0, 48104, 97887
2026/07/08 17:01:19.179, 3, 0, 48104, 97887
2026/07/08 17:01:19.194, 4, 56, 75526, 97887
2026/07/08 17:01:19.209, 5, 64, 75526, 97887
2026/07/08 17:01:19.224, 6, 57, 75468, 97887
2026/07/08 17:01:19.242, 7, 63, 75468, 97887
2026/07/08 17:01:20.256, 0, 0, 48704, 97887
2026/07/08 17:01:20.271, 1, 0, 48104, 97887
2026/07/08 17:01:20.286, 2, 0, 48104, 97887
2026/07/08 17:01:20.304, 3, 0, 48104, 97887
2026/07/08 17:01:20.322, 4, 47, 75526, 97887
2026/07/08 17:01:20.339, 5, 81, 75526, 97887
2026/07/08 17:01:20.355, 6, 38, 75468, 97887
2026/07/08 17:01:20.371, 7, 85, 75468, 97887
2026/07/08 17:01:21.388, 0, 0, 48704, 97887
2026/07/08 17:01:21.408, 1, 0, 48104, 97887
2026/07/08 17:01:21.426, 2, 0, 48104, 97887
2026/07/08 17:01:21.443, 3, 0, 48104, 97887
2026/07/08 17:01:21.455, 4, 65, 75526, 97887
2026/07/08 17:01:21.470, 5, 43, 75526, 97887
2026/07/08 17:01:21.484, 6, 33, 75468, 97887
2026/07/08 17:01:21.497, 7, 79, 75468, 97887
2026/07/08 17:01:22.513, 0, 0, 48704, 97887
2026/07/08 17:01:22.522, 1, 0, 48104, 97887
2026/07/08 17:01:22.531, 2, 0, 48104, 97887
2026/07/08 17:01:22.543, 3, 0, 48104, 97887
2026/07/08 17:01:22.553, 4, 87, 75526, 97887
2026/07/08 17:01:22.560, 5, 27, 75526, 97887
2026/07/08 17:01:22.570, 6, 36, 75468, 97887
2026/07/08 17:01:22.582, 7, 77, 75468, 97887
2026/07/08 17:01:23.595, 0, 0, 48704, 97887
2026/07/08 17:01:23.608, 1, 0, 48104, 97887
2026/07/08 17:01:23.622, 2, 0, 48104, 97887
2026/07/08 17:01:23.641, 3, 0, 48104, 97887
2026/07/08 17:01:23.660, 4, 31, 75526, 97887
2026/07/08 17:01:23.677, 5, 83, 75526, 97887
2026/07/08 17:01:23.695, 6, 24, 75468, 97887
2026/07/08 17:01:23.713, 7, 85, 75468, 97887
2026/07/08 17:01:24.728, 0, 0, 48704, 97887
2026/07/08 17:01:24.745, 1, 0, 48104, 97887
2026/07/08 17:01:24.759, 2, 0, 48104, 97887
2026/07/08 17:01:24.772, 3, 0, 48104, 97887
2026/07/08 17:01:24.785, 4, 33, 75526, 97887
2026/07/08 17:01:24.798, 5, 89, 75526, 97887
2026/07/08 17:01:24.815, 6, 41, 75468, 97887
2026/07/08 17:01:24.831, 7, 88, 75468, 97887
2026/07/08 17:01:25.842, 0, 0, 48704, 97887
2026/07/08 17:01:25.857, 1, 0, 48104, 97887
2026/07/08 17:01:25.868, 2, 0, 48104, 97887
2026/07/08 17:01:25.878, 3, 0, 48104, 97887
2026/07/08 17:01:25.890, 4, 28, 75526, 97887
2026/07/08 17:01:25.904, 5, 88, 75526, 97887
2026/07/08 17:01:25.918, 6, 28, 75468, 97887
2026/07/08 17:01:25.931, 7, 91, 75468, 97887
2026/07/08 17:01:26.942, 0, 0, 48704, 97887
2026/07/08 17:01:26.957, 1, 0, 48104, 97887
2026/07/08 17:01:26.967, 2, 0, 48104, 97887
2026/07/08 17:01:26.977, 3, 0, 48104, 97887
2026/07/08 17:01:26.988, 4, 27, 75526, 97887
2026/07/08 17:01:27.005, 5, 93, 75526, 97887
2026/07/08 17:01:27.016, 6, 100, 75468, 97887
2026/07/08 17:01:27.029, 7, 100, 75468, 97887
2026/07/08 17:01:28.042, 0, 0, 48704, 97887
2026/07/08 17:01:28.058, 1, 0, 48104, 97887
2026/07/08 17:01:28.075, 2, 0, 48104, 97887
2026/07/08 17:01:28.089, 3, 0, 48104, 97887
2026/07/08 17:01:28.103, 4, 89, 75526, 97887
2026/07/08 17:01:28.120, 5, 28, 75526, 97887
2026/07/08 17:01:28.135, 6, 30, 75468, 97887
2026/07/08 17:01:28.150, 7, 90, 75468, 97887
2026/07/08 17:01:29.163, 0, 0, 48704, 97887
2026/07/08 17:01:29.182, 1, 0, 48104, 97887
2026/07/08 17:01:29.201, 2, 0, 48104, 97887
2026/07/08 17:01:29.215, 3, 0, 48104, 97887
2026/07/08 17:01:29.229, 4, 53, 75526, 97887
2026/07/08 17:01:29.244, 5, 56, 75526, 97887
2026/07/08 17:01:29.260, 6, 28, 75468, 97887
2026/07/08 17:01:29.275, 7, 84, 75468, 97887
2026/07/08 17:01:30.291, 0, 0, 48704, 97887
2026/07/08 17:01:30.300, 1, 0, 48104, 97887
2026/07/08 17:01:30.310, 2, 0, 48104, 97887
2026/07/08 17:01:30.324, 3, 0, 48104, 97887
2026/07/08 17:01:30.339, 4, 35, 75526, 97887
2026/07/08 17:01:30.345, 5, 56, 75526, 97887
2026/07/08 17:01:30.354, 6, 36, 75468, 97887
2026/07/08 17:01:30.362, 7, 71, 75468, 97887
2026/07/08 17:01:31.373, 0, 0, 48704, 97887
2026/07/08 17:01:31.390, 1, 0, 48104, 97887
2026/07/08 17:01:31.405, 2, 0, 48104, 97887
2026/07/08 17:01:31.422, 3, 0, 48104, 97887
2026/07/08 17:01:31.435, 4, 82, 75526, 97887
2026/07/08 17:01:31.445, 5, 44, 75526, 97887
2026/07/08 17:01:31.458, 6, 38, 75468, 97887
2026/07/08 17:01:31.477, 7, 78, 75468, 97887
2026/07/08 17:01:32.489, 0, 0, 48704, 97887
2026/07/08 17:01:32.499, 1, 0, 48104, 97887
2026/07/08 17:01:32.506, 2, 0, 48104, 97887
2026/07/08 17:01:32.511, 3, 0, 48104, 97887
2026/07/08 17:01:32.516, 4, 96, 75526, 97887
2026/07/08 17:01:32.525, 5, 34, 75526, 97887
2026/07/08 17:01:32.531, 6, 34, 75468, 97887
2026/07/08 17:01:32.539, 7, 90, 75468, 97887
2026/07/08 17:01:33.547, 0, 0, 48704, 97887
2026/07/08 17:01:33.559, 1, 0, 48104, 97887
2026/07/08 17:01:33.572, 2, 0, 48104, 97887
2026/07/08 17:01:33.586, 3, 0, 48104, 97887
2026/07/08 17:01:33.602, 4, 95, 75526, 97887
2026/07/08 17:01:33.618, 5, 31, 75526, 97887
2026/07/08 17:01:33.636, 6, 29, 75468, 97887
2026/07/08 17:01:33.651, 7, 87, 75468, 97887
2026/07/08 17:01:34.668, 0, 0, 48704, 97887
2026/07/08 17:01:34.682, 1, 0, 48104, 97887
2026/07/08 17:01:34.697, 2, 0, 48104, 97887
2026/07/08 17:01:34.708, 3, 0, 48104, 97887
2026/07/08 17:01:34.718, 4, 60, 75526, 97887
2026/07/08 17:01:34.733, 5, 48, 75526, 97887
2026/07/08 17:01:34.744, 6, 72, 75468, 97887
2026/07/08 17:01:34.755, 7, 47, 75468, 97887
2026/07/08 17:01:35.768, 0, 0, 48704, 97887
2026/07/08 17:01:35.785, 1, 0, 48104, 97887
2026/07/08 17:01:35.799, 2, 0, 48104, 97887
2026/07/08 17:01:35.816, 3, 0, 48104, 97887
2026/07/08 17:01:35.830, 4, 83, 75526, 97887
2026/07/08 17:01:35.844, 5, 28, 75526, 97887
2026/07/08 17:01:35.857, 6, 48, 75468, 97887
2026/07/08 17:01:35.871, 7, 56, 75468, 97887
2026/07/08 17:01:36.886, 0, 0, 48704, 97887
2026/07/08 17:01:36.903, 1, 0, 48104, 97887
2026/07/08 17:01:36.923, 2, 0, 48104, 97887
2026/07/08 17:01:36.945, 3, 0, 48104, 97887
2026/07/08 17:01:36.990, 4, 92, 75526, 97887
2026/07/08 17:01:37.018, 5, 37, 75526, 97887
2026/07/08 17:01:37.044, 6, 46, 75468, 97887
2026/07/08 17:01:37.058, 7, 74, 75468, 97887
2026/07/08 17:01:38.074, 0, 0, 48704, 97887
2026/07/08 17:01:38.089, 1, 0, 48104, 97887
2026/07/08 17:01:38.109, 2, 0, 48104, 97887
2026/07/08 17:01:38.125, 3, 0, 48104, 97887
2026/07/08 17:01:38.137, 4, 90, 75526, 97887
2026/07/08 17:01:38.149, 5, 42, 75526, 97887
2026/07/08 17:01:38.164, 6, 34, 75468, 97887
2026/07/08 17:01:38.179, 7, 91, 75468, 97887
2026/07/08 17:01:39.194, 0, 0, 48704, 97887
2026/07/08 17:01:39.207, 1, 0, 48104, 97887
2026/07/08 17:01:39.223, 2, 0, 48104, 97887
2026/07/08 17:01:39.243, 3, 0, 48104, 97887
2026/07/08 17:01:39.257, 4, 28, 75526, 97887
2026/07/08 17:01:39.267, 5, 87, 75526, 97887
2026/07/08 17:01:39.279, 6, 35, 75468, 97887
2026/07/08 17:01:39.292, 7, 42, 75468, 97887
2026/07/08 17:01:40.308, 0, 0, 48704, 97887
2026/07/08 17:01:40.323, 1, 0, 48104, 97887
2026/07/08 17:01:40.339, 2, 0, 48104, 97887
2026/07/08 17:01:40.351, 3, 0, 48104, 97887
2026/07/08 17:01:40.365, 4, 77, 75526, 97887
2026/07/08 17:01:40.383, 5, 48, 75526, 97887
2026/07/08 17:01:40.396, 6, 27, 75468, 97887
2026/07/08 17:01:40.408, 7, 86, 75468, 97887
2026/07/08 17:01:41.423, 0, 0, 48704, 97887
2026/07/08 17:01:41.441, 1, 0, 48104, 97887
2026/07/08 17:01:41.460, 2, 0, 48104, 97887
2026/07/08 17:01:41.478, 3, 0, 48104, 97887
2026/07/08 17:01:41.501, 4, 94, 75526, 97887
2026/07/08 17:01:41.520, 5, 28, 75526, 97887
2026/07/08 17:01:41.537, 6, 35, 75468, 97887
2026/07/08 17:01:41.551, 7, 51, 75468, 97887
2026/07/08 17:01:42.561, 0, 0, 48704, 97887
2026/07/08 17:01:42.578, 1, 0, 48104, 97887
2026/07/08 17:01:42.604, 2, 0, 48104, 97887
2026/07/08 17:01:42.623, 3, 0, 48104, 97887
2026/07/08 17:01:42.642, 4, 96, 75526, 97887
2026/07/08 17:01:42.662, 5, 31, 75526, 97887
2026/07/08 17:01:42.680, 6, 35, 75468, 97887
2026/07/08 17:01:42.702, 7, 62, 75468, 97887
2026/07/08 17:01:43.719, 0, 0, 48704, 97887
2026/07/08 17:01:43.732, 1, 0, 48104, 97887
2026/07/08 17:01:43.746, 2, 0, 48104, 97887
2026/07/08 17:01:43.765, 3, 0, 48104, 97887
2026/07/08 17:01:43.780, 4, 60, 75526, 97887
2026/07/08 17:01:43.793, 5, 61, 75526, 97887
2026/07/08 17:01:43.804, 6, 46, 75468, 97887
2026/07/08 17:01:43.817, 7, 74, 75468, 97887
2026/07/08 17:01:44.829, 0, 0, 48704, 97887
2026/07/08 17:01:44.845, 1, 0, 48104, 97887
2026/07/08 17:01:44.858, 2, 0, 48104, 97887
2026/07/08 17:01:44.871, 3, 0, 48104, 97887
2026/07/08 17:01:44.883, 4, 95, 75526, 97887
2026/07/08 17:01:44.899, 5, 27, 75526, 97887
2026/07/08 17:01:44.914, 6, 43, 75468, 97887
2026/07/08 17:01:44.930, 7, 73, 75468, 97887
2026/07/08 17:01:45.948, 0, 0, 48704, 97887
2026/07/08 17:01:45.963, 1, 0, 48104, 97887
2026/07/08 17:01:45.978, 2, 0, 48104, 97887
2026/07/08 17:01:45.992, 3, 0, 48104, 97887
2026/07/08 17:01:46.002, 4, 39, 75526, 97887
2026/07/08 17:01:46.012, 5, 85, 75526, 97887
2026/07/08 17:01:46.023, 6, 40, 75468, 97887
2026/07/08 17:01:46.040, 7, 83, 75468, 97887
2026/07/08 17:01:47.057, 0, 0, 48704, 97887
2026/07/08 17:01:47.072, 1, 0, 48104, 97887
2026/07/08 17:01:47.083, 2, 0, 48104, 97887
2026/07/08 17:01:47.092, 3, 0, 48104, 97887
2026/07/08 17:01:47.103, 4, 59, 75526, 97887
2026/07/08 17:01:47.116, 5, 62, 75526, 97887
2026/07/08 17:01:47.131, 6, 35, 75468, 97887
2026/07/08 17:01:47.143, 7, 66, 75468, 97887
2026/07/08 17:01:48.156, 0, 0, 48704, 97887
2026/07/08 17:01:48.173, 1, 0, 48104, 97887
2026/07/08 17:01:48.192, 2, 0, 48104, 97887
2026/07/08 17:01:48.210, 3, 0, 48104, 97887
2026/07/08 17:01:48.227, 4, 82, 75526, 97887
2026/07/08 17:01:48.243, 5, 44, 75526, 97887
2026/07/08 17:01:48.259, 6, 61, 75470, 97887
2026/07/08 17:01:48.277, 7, 24, 75468, 97887
2026/07/08 17:01:49.291, 0, 0, 48704, 97887
2026/07/08 17:01:49.304, 1, 0, 48104, 97887
2026/07/08 17:01:49.317, 2, 0, 48104, 97887
2026/07/08 17:01:49.331, 3, 0, 48104, 97887
2026/07/08 17:01:49.341, 4, 34, 75526, 97887
2026/07/08 17:01:49.351, 5, 64, 75526, 97887
2026/07/08 17:01:49.364, 6, 46, 75470, 97887
2026/07/08 17:01:49.375, 7, 41, 75468, 97887
2026/07/08 17:01:50.388, 0, 0, 48704, 97887
2026/07/08 17:01:50.397, 1, 0, 48104, 97887
2026/07/08 17:01:50.407, 2, 0, 48104, 97887
2026/07/08 17:01:50.416, 3, 0, 48104, 97887
2026/07/08 17:01:50.426, 4, 44, 75526, 97887
2026/07/08 17:01:50.436, 5, 73, 75526, 97887
2026/07/08 17:01:50.449, 6, 29, 75470, 97887
2026/07/08 17:01:50.462, 7, 65, 75468, 97887
2026/07/08 17:01:51.476, 0, 0, 48704, 97887
2026/07/08 17:01:51.491, 1, 0, 48104, 97887
2026/07/08 17:01:51.506, 2, 0, 48104, 97887
2026/07/08 17:01:51.521, 3, 0, 48104, 97887
2026/07/08 17:01:51.537, 4, 44, 75526, 97887
2026/07/08 17:01:51.551, 5, 81, 75526, 97887
2026/07/08 17:01:51.566, 6, 61, 75470, 97887
2026/07/08 17:01:51.576, 7, 31, 75468, 97887
2026/07/08 17:01:52.584, 0, 0, 48704, 97887
2026/07/08 17:01:52.594, 1, 0, 48104, 97887
2026/07/08 17:01:52.604, 2, 0, 48104, 97887
2026/07/08 17:01:52.615, 3, 0, 48104, 97887
2026/07/08 17:01:52.630, 4, 59, 75526, 97887
2026/07/08 17:01:52.645, 5, 76, 75526, 97887
2026/07/08 17:01:52.658, 6, 41, 75470, 97887
2026/07/08 17:01:52.669, 7, 50, 75468, 97887
2026/07/08 17:01:53.682, 0, 0, 48704, 97887
2026/07/08 17:01:53.698, 1, 0, 48104, 97887
2026/07/08 17:01:53.713, 2, 0, 48104, 97887
2026/07/08 17:01:53.731, 3, 0, 48104, 97887
2026/07/08 17:01:53.747, 4, 28, 75526, 97887
2026/07/08 17:01:53.759, 5, 94, 75526, 97887
2026/07/08 17:01:53.773, 6, 50, 75470, 97887
2026/07/08 17:01:53.789, 7, 36, 75468, 97887
2026/07/08 17:01:54.805, 0, 0, 48704, 97887
2026/07/08 17:01:54.823, 1, 0, 48104, 97887
2026/07/08 17:01:54.839, 2, 0, 48104, 97887
2026/07/08 17:01:54.856, 3, 0, 48104, 97887
2026/07/08 17:01:54.873, 4, 94, 75526, 97887
2026/07/08 17:01:54.888, 5, 28, 75526, 97887
2026/07/08 17:01:54.899, 6, 42, 75470, 97887
2026/07/08 17:01:54.913, 7, 61, 75468, 97887
2026/07/08 17:01:55.927, 0, 0, 48704, 97887
2026/07/08 17:01:55.945, 1, 0, 48104, 97887
2026/07/08 17:01:55.961, 2, 0, 48104, 97887
2026/07/08 17:01:55.975, 3, 0, 48104, 97887
2026/07/08 17:01:55.992, 4, 41, 75526, 97887
2026/07/08 17:01:56.005, 5, 90, 75526, 97887
2026/07/08 17:01:56.015, 6, 50, 75470, 97887
2026/07/08 17:01:56.029, 7, 43, 75468, 97887
2026/07/08 17:01:57.043, 0, 0, 48704, 97887
2026/07/08 17:01:57.058, 1, 0, 48104, 97887
2026/07/08 17:01:57.073, 2, 0, 48104, 97887
2026/07/08 17:01:57.086, 3, 0, 48104, 97887
2026/07/08 17:01:57.096, 4, 26, 75526, 97887
2026/07/08 17:01:57.110, 5, 91, 75526, 97887
2026/07/08 17:01:57.123, 6, 92, 75470, 97887
2026/07/08 17:01:57.136, 7, 28, 75468, 97887
2026/07/08 17:01:58.150, 0, 0, 48704, 97887
2026/07/08 17:01:58.166, 1, 0, 48104, 97887
2026/07/08 17:01:58.180, 2, 0, 48104, 97887
2026/07/08 17:01:58.196, 3, 0, 48104, 97887
2026/07/08 17:01:58.210, 4, 95, 75526, 97887
2026/07/08 17:01:58.225, 5, 28, 75526, 97887
2026/07/08 17:01:58.240, 6, 79, 75470, 97887
2026/07/08 17:01:58.251, 7, 32, 75468, 97887
2026/07/08 17:01:59.265, 0, 0, 48704, 97887
2026/07/08 17:01:59.279, 1, 0, 48104, 97887
2026/07/08 17:01:59.294, 2, 0, 48104, 97887
2026/07/08 17:01:59.308, 3, 0, 48104, 97887
2026/07/08 17:01:59.321, 4, 41, 75526, 97887
2026/07/08 17:01:59.336, 5, 76, 75526, 97887
2026/07/08 17:01:59.350, 6, 81, 75470, 97887
2026/07/08 17:01:59.365, 7, 33, 75468, 97887
2026/07/08 17:02:00.381, 0, 0, 48704, 97887
2026/07/08 17:02:00.395, 1, 0, 48104, 97887
2026/07/08 17:02:00.407, 2, 0, 48104, 97887
2026/07/08 17:02:00.420, 3, 0, 48104, 97887
2026/07/08 17:02:00.431, 4, 57, 75526, 97887
2026/07/08 17:02:00.451, 5, 67, 75526, 97887
2026/07/08 17:02:00.464, 6, 90, 75470, 97887
2026/07/08 17:02:00.477, 7, 28, 75468, 97887
2026/07/08 17:02:01.494, 0, 0, 48704, 97887
2026/07/08 17:02:01.509, 1, 0, 48104, 97887
2026/07/08 17:02:01.526, 2, 0, 48104, 97887
2026/07/08 17:02:01.539, 3, 0, 48104, 97887
2026/07/08 17:02:01.556, 4, 28, 75526, 97887
2026/07/08 17:02:01.572, 5, 87, 75526, 97887
2026/07/08 17:02:01.587, 6, 90, 75470, 97887
2026/07/08 17:02:01.595, 7, 34, 75468, 97887
2026/07/08 17:02:02.610, 0, 0, 48704, 97887
2026/07/08 17:02:02.621, 1, 0, 48104, 97887
2026/07/08 17:02:02.631, 2, 0, 48104, 97887
2026/07/08 17:02:02.644, 3, 0, 48104, 97887
2026/07/08 17:02:02.656, 4, 27, 75526, 97887
2026/07/08 17:02:02.668, 5, 91, 75526, 97887
2026/07/08 17:02:02.678, 6, 60, 75470, 97887
2026/07/08 17:02:02.691, 7, 54, 75468, 97887
2026/07/08 17:02:03.706, 0, 0, 48704, 97887
2026/07/08 17:02:03.721, 1, 0, 48104, 97887
2026/07/08 17:02:03.735, 2, 0, 48104, 97887
2026/07/08 17:02:03.748, 3, 0, 48104, 97887
2026/07/08 17:02:03.762, 4, 39, 75526, 97887
2026/07/08 17:02:03.771, 5, 83, 75526, 97887
2026/07/08 17:02:03.779, 6, 34, 75470, 97887
2026/07/08 17:02:03.791, 7, 68, 75468, 97887
2026/07/08 17:02:04.804, 0, 0, 48704, 97887
2026/07/08 17:02:04.817, 1, 0, 48104, 97887
2026/07/08 17:02:04.829, 2, 0, 48104, 97887
2026/07/08 17:02:04.846, 3, 0, 48104, 97887
2026/07/08 17:02:04.861, 4, 74, 75528, 97887
2026/07/08 17:02:04.876, 5, 48, 75526, 97887
2026/07/08 17:02:04.891, 6, 30, 75470, 97887
2026/07/08 17:02:04.904, 7, 41, 75468, 97887
2026/07/08 17:02:05.925, 0, 0, 48704, 97887
2026/07/08 17:02:05.943, 1, 0, 48104, 97887
2026/07/08 17:02:05.959, 2, 0, 48104, 97887
2026/07/08 17:02:05.977, 3, 0, 48104, 97887
2026/07/08 17:02:05.994, 4, 45, 75528, 97887
2026/07/08 17:02:06.009, 5, 70, 75526, 97887
2026/07/08 17:02:06.024, 6, 39, 75470, 97887
2026/07/08 17:02:06.036, 7, 44, 75468, 97887
2026/07/08 17:02:07.048, 0, 0, 48704, 97887
2026/07/08 17:02:07.063, 1, 0, 48104, 97887
2026/07/08 17:02:07.077, 2, 0, 48104, 97887
2026/07/08 17:02:07.091, 3, 0, 48104, 97887
2026/07/08 17:02:07.104, 4, 39, 75528, 97887
2026/07/08 17:02:07.115, 5, 76, 75526, 97887
2026/07/08 17:02:07.124, 6, 52, 75470, 97887
2026/07/08 17:02:07.138, 7, 46, 75468, 97887
2026/07/08 17:02:08.150, 0, 0, 48704, 97887
2026/07/08 17:02:08.166, 1, 0, 48104, 97887
2026/07/08 17:02:08.182, 2, 0, 48104, 97887
2026/07/08 17:02:08.197, 3, 0, 48104, 97887
2026/07/08 17:02:08.211, 4, 26, 75528, 97887
2026/07/08 17:02:08.227, 5, 94, 75526, 97887
2026/07/08 17:02:08.241, 6, 84, 75470, 97887
2026/07/08 17:02:08.254, 7, 45, 75468, 97887
2026/07/08 17:02:09.268, 0, 0, 48704, 97887
2026/07/08 17:02:09.284, 1, 0, 48104, 97887
2026/07/08 17:02:09.300, 2, 0, 48104, 97887
2026/07/08 17:02:09.318, 3, 0, 48104, 97887
2026/07/08 17:02:09.337, 4, 29, 75528, 97887
2026/07/08 17:02:09.354, 5, 94, 75526, 97887
2026/07/08 17:02:09.373, 6, 61, 75470, 97887
2026/07/08 17:02:09.389, 7, 49, 75468, 97887
2026/07/08 17:02:10.407, 0, 0, 48704, 97887
2026/07/08 17:02:10.427, 1, 0, 48104, 97887
2026/07/08 17:02:10.443, 2, 0, 48104, 97887
2026/07/08 17:02:10.460, 3, 0, 48104, 97887
2026/07/08 17:02:10.476, 4, 28, 75528, 97887
2026/07/08 17:02:10.490, 5, 94, 75526, 97887
2026/07/08 17:02:10.507, 6, 48, 75470, 97887
2026/07/08 17:02:10.523, 7, 88, 75468, 97887
2026/07/08 17:02:11.539, 0, 0, 48704, 97887
2026/07/08 17:02:11.553, 1, 0, 48104, 97887
2026/07/08 17:02:11.570, 2, 0, 48104, 97887
2026/07/08 17:02:11.589, 3, 0, 48104, 97887
2026/07/08 17:02:11.608, 4, 28, 75528, 97887
2026/07/08 17:02:11.626, 5, 94, 75526, 97887
2026/07/08 17:02:11.644, 6, 54, 75470, 97887
2026/07/08 17:02:11.662, 7, 25, 75468, 97887
2026/07/08 17:02:12.679, 0, 0, 48704, 97887
2026/07/08 17:02:12.693, 1, 0, 48104, 97887
2026/07/08 17:02:12.710, 2, 0, 48104, 97887
2026/07/08 17:02:12.726, 3, 0, 48104, 97887
2026/07/08 17:02:12.742, 4, 27, 75528, 97887
2026/07/08 17:02:12.759, 5, 94, 75528, 97887
2026/07/08 17:02:12.775, 6, 95, 75470, 97887
2026/07/08 17:02:12.790, 7, 34, 75468, 97887
2026/07/08 17:02:13.805, 0, 0, 48704, 97887
2026/07/08 17:02:13.824, 1, 0, 48104, 97887
2026/07/08 17:02:13.840, 2, 0, 48104, 97887
2026/07/08 17:02:13.857, 3, 0, 48104, 97887
2026/07/08 17:02:13.872, 4, 31, 75528, 97887
2026/07/08 17:02:13.886, 5, 94, 75528, 97887
2026/07/08 17:02:13.901, 6, 83, 75470, 97887
2026/07/08 17:02:13.915, 7, 29, 75468, 97887
2026/07/08 17:02:14.929, 0, 0, 48704, 97887
2026/07/08 17:02:14.943, 1, 0, 48104, 97887
2026/07/08 17:02:14.961, 2, 0, 48104, 97887
2026/07/08 17:02:14.976, 3, 0, 48104, 97887
2026/07/08 17:02:14.989, 4, 70, 75528, 97887
2026/07/08 17:02:15.000, 5, 49, 75528, 97887
2026/07/08 17:02:15.017, 6, 95, 75470, 97887
2026/07/08 17:02:15.030, 7, 27, 75468, 97887
2026/07/08 17:02:16.044, 0, 0, 48704, 97887
2026/07/08 17:02:16.060, 1, 0, 48104, 97887
2026/07/08 17:02:16.072, 2, 0, 48104, 97887
2026/07/08 17:02:16.085, 3, 0, 48104, 97887
2026/07/08 17:02:16.096, 4, 46, 75528, 97887
2026/07/08 17:02:16.108, 5, 84, 75528, 97887
2026/07/08 17:02:16.122, 6, 92, 75470, 97887
2026/07/08 17:02:16.133, 7, 35, 75468, 97887
2026/07/08 17:02:17.144, 0, 0, 48704, 97887
2026/07/08 17:02:17.162, 1, 0, 48104, 97887
2026/07/08 17:02:17.176, 2, 0, 48104, 97887
2026/07/08 17:02:17.186, 3, 0, 48104, 97887
2026/07/08 17:02:17.198, 4, 28, 75528, 97887
2026/07/08 17:02:17.211, 5, 94, 75528, 97887
2026/07/08 17:02:17.224, 6, 93, 75470, 97887
2026/07/08 17:02:17.240, 7, 30, 75468, 97887
2026/07/08 17:02:18.255, 0, 0, 48704, 97887
2026/07/08 17:02:18.269, 1, 0, 48104, 97887
2026/07/08 17:02:18.286, 2, 0, 48104, 97887
2026/07/08 17:02:18.303, 3, 0, 48104, 97887
2026/07/08 17:02:18.319, 4, 44, 75528, 97887
2026/07/08 17:02:18.336, 5, 89, 75528, 97887
2026/07/08 17:02:18.352, 6, 33, 75486, 97887
2026/07/08 17:02:18.371, 7, 57, 75486, 97887
2026/07/08 17:02:19.390, 0, 0, 48704, 97887
2026/07/08 17:02:19.405, 1, 0, 48104, 97887
2026/07/08 17:02:19.421, 2, 0, 48104, 97887
2026/07/08 17:02:19.436, 3, 0, 48104, 97887
2026/07/08 17:02:19.451, 4, 18, 75528, 97887
2026/07/08 17:02:19.464, 5, 82, 75528, 97887
2026/07/08 17:02:19.479, 6, 64, 75486, 97887
2026/07/08 17:02:19.494, 7, 28, 75486, 97887
2026/07/08 17:02:20.507, 0, 0, 48704, 97887
2026/07/08 17:02:20.525, 1, 0, 48104, 97887
2026/07/08 17:02:20.545, 2, 0, 48104, 97887
2026/07/08 17:02:20.562, 3, 0, 48104, 97887
2026/07/08 17:02:20.578, 4, 28, 75528, 97887
2026/07/08 17:02:20.597, 5, 92, 75528, 97887
2026/07/08 17:02:20.612, 6, 88, 75486, 97887
2026/07/08 17:02:20.631, 7, 35, 75486, 97887
2026/07/08 17:02:21.650, 0, 0, 48704, 97887
2026/07/08 17:02:21.671, 1, 0, 48104, 97887
2026/07/08 17:02:21.691, 2, 0, 48104, 97887
2026/07/08 17:02:21.709, 3, 0, 48104, 97887
2026/07/08 17:02:21.728, 4, 70, 75528, 97887
2026/07/08 17:02:21.744, 5, 48, 75528, 97887
2026/07/08 17:02:21.759, 6, 59, 75486, 97887
2026/07/08 17:02:21.775, 7, 28, 75486, 97887
2026/07/08 17:02:22.790, 0, 0, 48704, 97887
2026/07/08 17:02:22.805, 1, 0, 48104, 97887
2026/07/08 17:02:22.823, 2, 0, 48104, 97887
2026/07/08 17:02:22.840, 3, 0, 48104, 97887
2026/07/08 17:02:22.859, 4, 27, 75528, 97887
2026/07/08 17:02:22.874, 5, 75, 75528, 97887
2026/07/08 17:02:22.890, 6, 56, 75486, 97887
2026/07/08 17:02:22.905, 7, 45, 75486, 97887
2026/07/08 17:02:23.922, 0, 0, 48704, 97887
2026/07/08 17:02:23.940, 1, 0, 48104, 97887
2026/07/08 17:02:23.957, 2, 0, 48104, 97887
2026/07/08 17:02:23.975, 3, 0, 48104, 97887
2026/07/08 17:02:23.997, 4, 27, 75528, 97887
2026/07/08 17:02:24.014, 5, 94, 75528, 97887
2026/07/08 17:02:24.031, 6, 44, 75486, 97887
2026/07/08 17:02:24.047, 7, 82, 75486, 97887
2026/07/08 17:02:25.065, 0, 0, 48704, 97887
2026/07/08 17:02:25.079, 1, 0, 48104, 97887
2026/07/08 17:02:25.090, 2, 0, 48104, 97887
2026/07/08 17:02:25.104, 3, 0, 48104, 97887
2026/07/08 17:02:25.120, 4, 31, 75528, 97887
2026/07/08 17:02:25.136, 5, 85, 75528, 97887
2026/07/08 17:02:25.155, 6, 42, 75486, 97887
2026/07/08 17:02:25.175, 7, 78, 75486, 97887
2026/07/08 17:02:26.192, 0, 0, 48704, 97887
2026/07/08 17:02:26.205, 1, 0, 48104, 97887
2026/07/08 17:02:26.220, 2, 0, 48104, 97887
2026/07/08 17:02:26.235, 3, 0, 48104, 97887
2026/07/08 17:02:26.251, 4, 35, 75528, 97887
2026/07/08 17:02:26.278, 5, 81, 75528, 97887
2026/07/08 17:02:26.294, 6, 36, 75486, 97887
2026/07/08 17:02:26.319, 7, 65, 75486, 97887
2026/07/08 17:02:27.339, 0, 0, 48704, 97887
2026/07/08 17:02:27.353, 1, 0, 48104, 97887
2026/07/08 17:02:27.367, 2, 0, 48104, 97887
2026/07/08 17:02:27.382, 3, 0, 48104, 97887
2026/07/08 17:02:27.399, 4, 29, 75528, 97887
2026/07/08 17:02:27.417, 5, 91, 75528, 97887
2026/07/08 17:02:27.436, 6, 29, 75486, 97887
2026/07/08 17:02:27.456, 7, 52, 75486, 97887
2026/07/08 17:02:28.474, 0, 0, 48704, 97887
2026/07/08 17:02:28.489, 1, 0, 48104, 97887
2026/07/08 17:02:28.503, 2, 0, 48104, 97887
2026/07/08 17:02:28.519, 3, 0, 48104, 97887
2026/07/08 17:02:28.531, 4, 30, 75528, 97887
2026/07/08 17:02:28.548, 5, 94, 75528, 97887
2026/07/08 17:02:28.565, 6, 42, 75486, 97887
2026/07/08 17:02:28.583, 7, 75, 75486, 97887
2026/07/08 17:02:29.602, 0, 0, 48704, 97887
2026/07/08 17:02:29.625, 1, 0, 48104, 97887
2026/07/08 17:02:29.645, 2, 0, 48104, 97887
2026/07/08 17:02:29.660, 3, 0, 48104, 97887
2026/07/08 17:02:29.678, 4, 29, 75528, 97887
2026/07/08 17:02:29.693, 5, 94, 75528, 97887
2026/07/08 17:02:29.711, 6, 65, 75486, 97887
2026/07/08 17:02:29.726, 7, 47, 75486, 97887
2026/07/08 17:02:30.741, 0, 0, 48704, 97887
2026/07/08 17:02:30.757, 1, 0, 48104, 97887
2026/07/08 17:02:30.774, 2, 0, 48104, 97887
2026/07/08 17:02:30.786, 3, 0, 48104, 97887
2026/07/08 17:02:30.800, 4, 66, 75528, 97887
2026/07/08 17:02:30.815, 5, 51, 75528, 97887
2026/07/08 17:02:30.829, 6, 51, 75486, 97887
2026/07/08 17:02:30.844, 7, 73, 75486, 97887
2026/07/08 17:02:31.857, 0, 0, 48704, 97887
2026/07/08 17:02:31.875, 1, 0, 48104, 97887
2026/07/08 17:02:31.891, 2, 0, 48104, 97887
2026/07/08 17:02:31.903, 3, 0, 48104, 97887
2026/07/08 17:02:31.923, 4, 96, 75528, 97887
2026/07/08 17:02:31.938, 5, 32, 75528, 97887
2026/07/08 17:02:31.951, 6, 83, 75486, 97887
2026/07/08 17:02:31.965, 7, 33, 75486, 97887
2026/07/08 17:02:32.978, 0, 0, 48704, 97887
2026/07/08 17:02:32.993, 1, 0, 48104, 97887
2026/07/08 17:02:33.006, 2, 0, 48104, 97887
2026/07/08 17:02:33.020, 3, 0, 48104, 97887
2026/07/08 17:02:33.032, 4, 50, 75528, 97887
2026/07/08 17:02:33.053, 5, 94, 75528, 97887
2026/07/08 17:02:33.063, 6, 71, 75486, 97887
2026/07/08 17:02:33.076, 7, 55, 75486, 97887
2026/07/08 17:02:34.089, 0, 0, 48704, 97887
2026/07/08 17:02:34.102, 1, 0, 48104, 97887
2026/07/08 17:02:34.119, 2, 0, 48104, 97887
2026/07/08 17:02:34.134, 3, 0, 48104, 97887
2026/07/08 17:02:34.145, 4, 34, 75528, 97887
2026/07/08 17:02:34.157, 5, 90, 75528, 97887
2026/07/08 17:02:34.172, 6, 43, 75486, 97887
2026/07/08 17:02:34.189, 7, 66, 75486, 97887
2026/07/08 17:02:35.202, 0, 0, 48704, 97887
2026/07/08 17:02:35.218, 1, 0, 48104, 97887
2026/07/08 17:02:35.236, 2, 0, 48104, 97887
2026/07/08 17:02:35.256, 3, 0, 48104, 97887
2026/07/08 17:02:35.273, 4, 43, 75528, 97887
2026/07/08 17:02:35.292, 5, 92, 75528, 97887
2026/07/08 17:02:35.309, 6, 53, 75486, 97887
2026/07/08 17:02:35.326, 7, 29, 75486, 97887
2026/07/08 17:02:36.341, 0, 0, 48704, 97887
2026/07/08 17:02:36.357, 1, 0, 48104, 97887
2026/07/08 17:02:36.371, 2, 0, 48104, 97887
2026/07/08 17:02:36.387, 3, 0, 48104, 97887
2026/07/08 17:02:36.407, 4, 74, 75528, 97887
2026/07/08 17:02:36.421, 5, 45, 75528, 97887
2026/07/08 17:02:36.436, 6, 75, 75486, 97887
2026/07/08 17:02:36.448, 7, 27, 75486, 97887
2026/07/08 17:02:37.461, 0, 0, 48704, 97887
2026/07/08 17:02:37.475, 1, 0, 48104, 97887
2026/07/08 17:02:37.483, 2, 0, 48104, 97887
2026/07/08 17:02:37.491, 3, 0, 48104, 97887
2026/07/08 17:02:37.499, 4, 27, 75528, 97887
2026/07/08 17:02:37.512, 5, 80, 75528, 97887
2026/07/08 17:02:37.526, 6, 61, 75486, 97887
2026/07/08 17:02:37.540, 7, 87, 75486, 97887
2026/07/08 17:02:38.556, 0, 0, 48704, 97887
2026/07/08 17:02:38.571, 1, 0, 48104, 97887
2026/07/08 17:02:38.588, 2, 0, 48104, 97887
2026/07/08 17:02:38.605, 3, 0, 48104, 97887
2026/07/08 17:02:38.622, 4, 76, 75528, 97887
2026/07/08 17:02:38.637, 5, 89, 75528, 97887
2026/07/08 17:02:38.654, 6, 48, 75486, 97887
2026/07/08 17:02:38.672, 7, 72, 75486, 97887
2026/07/08 17:02:39.690, 0, 0, 48704, 97887
2026/07/08 17:02:39.706, 1, 0, 48104, 97887
2026/07/08 17:02:39.722, 2, 0, 48104, 97887
2026/07/08 17:02:39.738, 3, 0, 48104, 97887
2026/07/08 17:02:39.751, 4, 29, 75528, 97887
2026/07/08 17:02:39.765, 5, 88, 75528, 97887
2026/07/08 17:02:39.782, 6, 64, 75486, 97887
2026/07/08 17:02:39.800, 7, 68, 75486, 97887
2026/07/08 17:02:40.817, 0, 0, 48704, 97887
2026/07/08 17:02:40.833, 1, 0, 48104, 97887
2026/07/08 17:02:40.845, 2, 0, 48104, 97887
2026/07/08 17:02:40.858, 3, 0, 48104, 97887
2026/07/08 17:02:40.872, 4, 41, 75528, 97887
2026/07/08 17:02:40.889, 5, 95, 75528, 97887
2026/07/08 17:02:40.905, 6, 54, 75486, 97887
2026/07/08 17:02:40.920, 7, 44, 75486, 97887
2026/07/08 17:02:41.935, 0, 0, 48704, 97887
2026/07/08 17:02:41.951, 1, 0, 48104, 97887
2026/07/08 17:02:41.966, 2, 0, 48104, 97887
2026/07/08 17:02:41.976, 3, 0, 48104, 97887
2026/07/08 17:02:41.987, 4, 53, 75528, 97887
2026/07/08 17:02:42.004, 5, 79, 75528, 97887
2026/07/08 17:02:42.020, 6, 44, 75486, 97887
2026/07/08 17:02:42.031, 7, 77, 75486, 97887
2026/07/08 17:02:43.046, 0, 0, 48704, 97887
2026/07/08 17:02:43.065, 1, 0, 48104, 97887
2026/07/08 17:02:43.081, 2, 0, 48104, 97887
2026/07/08 17:02:43.093, 3, 0, 48104, 97887
2026/07/08 17:02:43.106, 4, 28, 75528, 97887
2026/07/08 17:02:43.120, 5, 67, 75528, 97887
2026/07/08 17:02:43.135, 6, 86, 75486, 97887
2026/07/08 17:02:43.150, 7, 33, 75486, 97887
2026/07/08 17:02:44.165, 0, 0, 48704, 97887
2026/07/08 17:02:44.180, 1, 0, 48104, 97887
2026/07/08 17:02:44.194, 2, 0, 48104, 97887
2026/07/08 17:02:44.210, 3, 0, 48104, 97887
2026/07/08 17:02:44.224, 4, 95, 75528, 97887
2026/07/08 17:02:44.237, 5, 74, 75528, 97887
2026/07/08 17:02:44.253, 6, 94, 75486, 97887
2026/07/08 17:02:44.270, 7, 35, 75486, 97887
2026/07/08 17:02:45.288, 0, 0, 48704, 97887
2026/07/08 17:02:45.304, 1, 0, 48104, 97887
2026/07/08 17:02:45.323, 2, 0, 48104, 97887
2026/07/08 17:02:45.339, 3, 0, 48104, 97887
2026/07/08 17:02:45.353, 4, 80, 75528, 97887
2026/07/08 17:02:45.368, 5, 80, 75528, 97887
2026/07/08 17:02:45.382, 6, 93, 75486, 97887
2026/07/08 17:02:45.398, 7, 36, 75486, 97887
2026/07/08 17:02:46.414, 0, 0, 48704, 97887
2026/07/08 17:02:46.433, 1, 0, 48104, 97887
2026/07/08 17:02:46.451, 2, 0, 48104, 97887
2026/07/08 17:02:46.472, 3, 0, 48104, 97887
2026/07/08 17:02:46.487, 4, 45, 75528, 97887
2026/07/08 17:02:46.503, 5, 71, 75528, 97887
2026/07/08 17:02:46.515, 6, 77, 75486, 97887
2026/07/08 17:02:46.531, 7, 32, 75486, 97887
2026/07/08 17:02:47.546, 0, 0, 48704, 97887
2026/07/08 17:02:47.559, 1, 0, 48104, 97887
2026/07/08 17:02:47.575, 2, 0, 48104, 97887
2026/07/08 17:02:47.591, 3, 0, 48104, 97887
2026/07/08 17:02:47.602, 4, 83, 75528, 97887
2026/07/08 17:02:47.613, 5, 27, 75528, 97887
2026/07/08 17:02:47.627, 6, 68, 75486, 97887
2026/07/08 17:02:47.639, 7, 53, 75486, 97887
2026/07/08 17:02:48.650, 0, 0, 48704, 97887
2026/07/08 17:02:48.668, 1, 0, 48104, 97887
2026/07/08 17:02:48.682, 2, 0, 48104, 97887
2026/07/08 17:02:48.699, 3, 0, 48104, 97887
2026/07/08 17:02:48.713, 4, 84, 75528, 97887
2026/07/08 17:02:48.728, 5, 88, 75528, 97887
2026/07/08 17:02:48.744, 6, 79, 75486, 97887
2026/07/08 17:02:48.758, 7, 36, 75486, 97887
2026/07/08 17:02:49.771, 0, 0, 48704, 97887
2026/07/08 17:02:49.788, 1, 0, 48104, 97887
2026/07/08 17:02:49.804, 2, 0, 48104, 97887
2026/07/08 17:02:49.819, 3, 0, 48104, 97887
2026/07/08 17:02:49.831, 4, 83, 75528, 97887
2026/07/08 17:02:49.846, 5, 61, 75528, 97887
2026/07/08 17:02:49.861, 6, 62, 75486, 97887
2026/07/08 17:02:49.874, 7, 38, 75486, 97887
2026/07/08 17:02:50.886, 0, 0, 48704, 97887
2026/07/08 17:02:50.903, 1, 0, 48104, 97887
2026/07/08 17:02:50.918, 2, 0, 48104, 97887
2026/07/08 17:02:50.936, 3, 0, 48104, 97887
2026/07/08 17:02:50.954, 4, 36, 75528, 97887
2026/07/08 17:02:50.977, 5, 57, 75528, 97887
2026/07/08 17:02:50.993, 6, 28, 75486, 97887
2026/07/08 17:02:51.006, 7, 92, 75486, 97887
2026/07/08 17:02:52.024, 0, 0, 48704, 97887
2026/07/08 17:02:52.040, 1, 0, 48104, 97887
2026/07/08 17:02:52.055, 2, 0, 48104, 97887
2026/07/08 17:02:52.070, 3, 0, 48104, 97887
2026/07/08 17:02:52.086, 4, 66, 75528, 97887
2026/07/08 17:02:52.102, 5, 43, 75528, 97887
2026/07/08 17:02:52.115, 6, 39, 75486, 97887
2026/07/08 17:02:52.131, 7, 89, 75486, 97887
2026/07/08 17:02:53.147, 0, 0, 48704, 97887
2026/07/08 17:02:53.162, 1, 0, 48104, 97887
2026/07/08 17:02:53.176, 2, 0, 48104, 97887
2026/07/08 17:02:53.190, 3, 0, 48104, 97887
2026/07/08 17:02:53.203, 4, 79, 75528, 97887
2026/07/08 17:02:53.215, 5, 73, 75528, 97887
2026/07/08 17:02:53.228, 6, 37, 75486, 97887
2026/07/08 17:02:53.240, 7, 85, 75486, 97887
2026/07/08 17:02:54.254, 0, 0, 48704, 97887
2026/07/08 17:02:54.270, 1, 0, 48104, 97887
2026/07/08 17:02:54.283, 2, 0, 48104, 97887
2026/07/08 17:02:54.294, 3, 0, 48104, 97887
2026/07/08 17:02:54.310, 4, 68, 75528, 97887
2026/07/08 17:02:54.323, 5, 28, 75528, 97887
2026/07/08 17:02:54.337, 6, 43, 75486, 97887
2026/07/08 17:02:54.349, 7, 80, 75486, 97887
2026/07/08 17:02:55.363, 0, 0, 48704, 97887
2026/07/08 17:02:55.379, 1, 0, 48104, 97887
2026/07/08 17:02:55.396, 2, 0, 48104, 97887
2026/07/08 17:02:55.411, 3, 0, 48104, 97887
2026/07/08 17:02:55.426, 4, 28, 75528, 97887
2026/07/08 17:02:55.442, 5, 77, 75528, 97887
2026/07/08 17:02:55.458, 6, 30, 75486, 97887
2026/07/08 17:02:55.471, 7, 81, 75486, 97887
2026/07/08 17:02:56.485, 0, 0, 48704, 97887
2026/07/08 17:02:56.500, 1, 0, 48104, 97887
2026/07/08 17:02:56.515, 2, 0, 48104, 97887
2026/07/08 17:02:56.531, 3, 0, 48104, 97887
2026/07/08 17:02:56.546, 4, 84, 75528, 97887
2026/07/08 17:02:56.561, 5, 45, 75528, 97887
2026/07/08 17:02:56.578, 6, 34, 75486, 97887
2026/07/08 17:02:56.593, 7, 75, 75486, 97887
2026/07/08 17:02:57.609, 0, 0, 48704, 97887
2026/07/08 17:02:57.626, 1, 0, 48104, 97887
2026/07/08 17:02:57.641, 2, 0, 48104, 97887
2026/07/08 17:02:57.657, 3, 0, 48104, 97887
2026/07/08 17:02:57.671, 4, 27, 75528, 97887
2026/07/08 17:02:57.685, 5, 94, 75528, 97887
2026/07/08 17:02:57.696, 6, 64, 75486, 97887
2026/07/08 17:02:57.711, 7, 61, 75486, 97887
2026/07/08 17:02:58.724, 0, 0, 48704, 97887
2026/07/08 17:02:58.736, 1, 0, 48104, 97887
2026/07/08 17:02:58.750, 2, 0, 48104, 97887
2026/07/08 17:02:58.764, 3, 0, 48104, 97887
2026/07/08 17:02:58.778, 4, 55, 75528, 97887
2026/07/08 17:02:58.791, 5, 49, 75528, 97887
2026/07/08 17:02:58.805, 6, 44, 75486, 97887
2026/07/08 17:02:58.821, 7, 43, 75486, 97887
2026/07/08 17:02:59.836, 0, 0, 48704, 97887
2026/07/08 17:02:59.851, 1, 0, 48104, 97887
2026/07/08 17:02:59.865, 2, 0, 48104, 97887
2026/07/08 17:02:59.878, 3, 0, 48104, 97887
2026/07/08 17:02:59.895, 4, 50, 75528, 97887
2026/07/08 17:02:59.911, 5, 70, 75528, 97887
2026/07/08 17:02:59.927, 6, 40, 75486, 97887
2026/07/08 17:02:59.943, 7, 81, 75486, 97887
2026/07/08 17:03:00.960, 0, 0, 48704, 97887
2026/07/08 17:03:00.977, 1, 0, 48104, 97887
2026/07/08 17:03:00.990, 2, 0, 48104, 97887
2026/07/08 17:03:01.005, 3, 0, 48104, 97887
2026/07/08 17:03:01.018, 4, 52, 75528, 97887
2026/07/08 17:03:01.027, 5, 92, 75528, 97887
2026/07/08 17:03:01.043, 6, 36, 75486, 97887
2026/07/08 17:03:01.057, 7, 86, 75486, 97887
2026/07/08 17:03:02.073, 0, 0, 48704, 97887
2026/07/08 17:03:02.089, 1, 0, 48104, 97887
2026/07/08 17:03:02.100, 2, 0, 48104, 97887
2026/07/08 17:03:02.113, 3, 0, 48104, 97887
2026/07/08 17:03:02.128, 4, 100, 75528, 97887
2026/07/08 17:03:02.141, 5, 100, 75528, 97887
2026/07/08 17:03:02.155, 6, 51, 75486, 97887
2026/07/08 17:03:02.172, 7, 63, 75486, 97887
2026/07/08 17:03:03.188, 0, 0, 48704, 97887
2026/07/08 17:03:03.203, 1, 0, 48104, 97887
2026/07/08 17:03:03.218, 2, 0, 48104, 97887
2026/07/08 17:03:03.230, 3, 0, 48104, 97887
2026/07/08 17:03:03.243, 4, 35, 75530, 97887
2026/07/08 17:03:03.260, 5, 38, 75530, 97887
2026/07/08 17:03:03.277, 6, 66, 75486, 97887
2026/07/08 17:03:03.294, 7, 28, 75486, 97887
2026/07/08 17:03:04.308, 0, 0, 48704, 97887
2026/07/08 17:03:04.326, 1, 0, 48104, 97887
2026/07/08 17:03:04.339, 2, 0, 48104, 97887
2026/07/08 17:03:04.353, 3, 0, 48104, 97887
2026/07/08 17:03:04.365, 4, 38, 75530, 97887
2026/07/08 17:03:04.376, 5, 92, 75530, 97887
2026/07/08 17:03:04.387, 6, 64, 75486, 97887
2026/07/08 17:03:04.412, 7, 74, 75486, 97887
2026/07/08 17:03:05.424, 0, 0, 48704, 97887
2026/07/08 17:03:05.439, 1, 0, 48104, 97887
2026/07/08 17:03:05.452, 2, 0, 48104, 97887
2026/07/08 17:03:05.465, 3, 0, 48104, 97887
2026/07/08 17:03:05.478, 4, 76, 75530, 97887
2026/07/08 17:03:05.491, 5, 71, 75530, 97887
2026/07/08 17:03:05.505, 6, 49, 75486, 97887
2026/07/08 17:03:05.518, 7, 61, 75486, 97887
2026/07/08 17:03:06.532, 0, 0, 48704, 97887
2026/07/08 17:03:06.544, 1, 0, 48104, 97887
2026/07/08 17:03:06.560, 2, 0, 48104, 97887
2026/07/08 17:03:06.577, 3, 0, 48104, 97887
2026/07/08 17:03:06.593, 4, 29, 75530, 97887
2026/07/08 17:03:06.606, 5, 90, 75530, 97887
2026/07/08 17:03:06.622, 6, 44, 75486, 97887
2026/07/08 17:03:06.636, 7, 62, 75486, 97887
2026/07/08 17:03:07.648, 0, 0, 48704, 97887
2026/07/08 17:03:07.664, 1, 0, 48104, 97887
2026/07/08 17:03:07.677, 2, 0, 48104, 97887
2026/07/08 17:03:07.692, 3, 0, 48104, 97887
2026/07/08 17:03:07.708, 4, 95, 75530, 97887
2026/07/08 17:03:07.725, 5, 41, 75530, 97887
2026/07/08 17:03:07.745, 6, 38, 75486, 97887
2026/07/08 17:03:07.759, 7, 46, 75486, 97887
2026/07/08 17:03:08.775, 0, 0, 48704, 97887
2026/07/08 17:03:08.790, 1, 0, 48104, 97887
2026/07/08 17:03:08.805, 2, 0, 48104, 97887
2026/07/08 17:03:08.820, 3, 0, 48104, 97887
2026/07/08 17:03:08.836, 4, 64, 75530, 97887
2026/07/08 17:03:08.850, 5, 25, 75530, 97887
2026/07/08 17:03:08.863, 6, 31, 75486, 97887
2026/07/08 17:03:08.876, 7, 80, 75486, 97887
2026/07/08 17:03:09.888, 0, 0, 48704, 97887
2026/07/08 17:03:09.904, 1, 0, 48104, 97887
2026/07/08 17:03:09.920, 2, 0, 48104, 97887
2026/07/08 17:03:09.948, 3, 0, 48104, 97887
2026/07/08 17:03:09.965, 4, 36, 75530, 97887
2026/07/08 17:03:09.978, 5, 37, 75530, 97887
2026/07/08 17:03:09.992, 6, 38, 75486, 97887
2026/07/08 17:03:10.007, 7, 85, 75486, 97887
2026/07/08 17:03:11.021, 0, 0, 48704, 97887
2026/07/08 17:03:11.034, 1, 0, 48104, 97887
2026/07/08 17:03:11.047, 2, 0, 48104, 97887
2026/07/08 17:03:11.061, 3, 0, 48104, 97887
2026/07/08 17:03:11.076, 4, 100, 75530, 97887
2026/07/08 17:03:11.089, 5, 100, 75530, 97887
2026/07/08 17:03:11.101, 6, 49, 75486, 97887
2026/07/08 17:03:11.112, 7, 66, 75486, 97887
2026/07/08 17:03:12.123, 0, 0, 48704, 97887
2026/07/08 17:03:12.138, 1, 0, 48104, 97887
2026/07/08 17:03:12.149, 2, 0, 48104, 97887
2026/07/08 17:03:12.161, 3, 0, 48104, 97887
2026/07/08 17:03:12.171, 4, 51, 75530, 97887
2026/07/08 17:03:12.182, 5, 44, 75530, 97887
2026/07/08 17:03:12.194, 6, 40, 75486, 97887
2026/07/08 17:03:12.207, 7, 48, 75486, 97887
2026/07/08 17:03:13.218, 0, 0, 48704, 97887
2026/07/08 17:03:13.232, 1, 0, 48104, 97887
2026/07/08 17:03:13.244, 2, 0, 48104, 97887
2026/07/08 17:03:13.259, 3, 0, 48104, 97887
2026/07/08 17:03:13.272, 4, 40, 75530, 97887
2026/07/08 17:03:13.284, 5, 70, 75530, 97887
2026/07/08 17:03:13.295, 6, 51, 75486, 97887
2026/07/08 17:03:13.308, 7, 67, 75486, 97887
2026/07/08 17:03:14.322, 0, 0, 48704, 97887
2026/07/08 17:03:14.340, 1, 0, 48104, 97887
2026/07/08 17:03:14.353, 2, 0, 48104, 97887
2026/07/08 17:03:14.367, 3, 0, 48104, 97887
2026/07/08 17:03:14.381, 4, 34, 75530, 97887
2026/07/08 17:03:14.393, 5, 52, 75530, 97887
2026/07/08 17:03:14.403, 6, 55, 75486, 97887
2026/07/08 17:03:14.411, 7, 71, 75486, 97887
2026/07/08 17:03:15.422, 0, 0, 48704, 97887
2026/07/08 17:03:15.441, 1, 0, 48104, 97887
2026/07/08 17:03:15.458, 2, 0, 48104, 97887
2026/07/08 17:03:15.470, 3, 0, 48104, 97887
2026/07/08 17:03:15.493, 4, 53, 75530, 97887
2026/07/08 17:03:15.521, 5, 56, 75530, 97887
2026/07/08 17:03:15.536, 6, 42, 75486, 97887
2026/07/08 17:03:15.547, 7, 59, 75486, 97887
2026/07/08 17:03:16.572, 0, 0, 48704, 97887
2026/07/08 17:03:16.589, 1, 0, 48104, 97887
2026/07/08 17:03:16.605, 2, 0, 48104, 97887
2026/07/08 17:03:16.622, 3, 0, 48104, 97887
2026/07/08 17:03:16.636, 4, 31, 75530, 97887
2026/07/08 17:03:16.655, 5, 50, 75530, 97887
2026/07/08 17:03:16.671, 6, 40, 75486, 97887
2026/07/08 17:03:16.689, 7, 36, 75486, 97887
2026/07/08 17:03:17.708, 0, 0, 48704, 97887
2026/07/08 17:03:17.720, 1, 0, 48104, 97887
2026/07/08 17:03:17.734, 2, 0, 48104, 97887
2026/07/08 17:03:17.750, 3, 0, 48104, 97887
2026/07/08 17:03:17.759, 4, 45, 75530, 97887
2026/07/08 17:03:17.770, 5, 94, 75530, 97887
2026/07/08 17:03:17.782, 6, 53, 75486, 97887
2026/07/08 17:03:17.799, 7, 68, 75486, 97887
2026/07/08 17:03:18.814, 0, 0, 48704, 97887
2026/07/08 17:03:18.832, 1, 0, 48104, 97887
2026/07/08 17:03:18.849, 2, 0, 48104, 97887
2026/07/08 17:03:18.866, 3, 0, 48104, 97887
2026/07/08 17:03:18.884, 4, 93, 75530, 97887
2026/07/08 17:03:18.900, 5, 91, 75530, 97887
2026/07/08 17:03:18.909, 6, 36, 75486, 97887
2026/07/08 17:03:18.917, 7, 76, 75486, 97887
2026/07/08 17:03:19.932, 0, 0, 48704, 97887
2026/07/08 17:03:19.947, 1, 0, 48104, 97887
2026/07/08 17:03:19.957, 2, 0, 48104, 97887
2026/07/08 17:03:19.965, 3, 0, 48104, 97887
2026/07/08 17:03:19.978, 4, 67, 75530, 97887
2026/07/08 17:03:19.992, 5, 56, 75530, 97887
2026/07/08 17:03:20.011, 6, 42, 75486, 97887
2026/07/08 17:03:20.024, 7, 78, 75486, 97887
2026/07/08 17:03:21.035, 0, 0, 48704, 97887
2026/07/08 17:03:21.048, 1, 0, 48104, 97887
2026/07/08 17:03:21.062, 2, 0, 48104, 97887
2026/07/08 17:03:21.076, 3, 0, 48104, 97887
2026/07/08 17:03:21.086, 4, 69, 75530, 97887
2026/07/08 17:03:21.095, 5, 33, 75530, 97887
2026/07/08 17:03:21.108, 6, 33, 75486, 97887
2026/07/08 17:03:21.124, 7, 82, 75486, 97887
2026/07/08 17:03:22.139, 0, 0, 48704, 97887
2026/07/08 17:03:22.158, 1, 0, 48104, 97887
2026/07/08 17:03:22.176, 2, 0, 48104, 97887
2026/07/08 17:03:22.196, 3, 0, 48104, 97887
2026/07/08 17:03:22.210, 4, 35, 75530, 97887
2026/07/08 17:03:22.222, 5, 95, 75530, 97887
2026/07/08 17:03:22.235, 6, 43, 75486, 97887
2026/07/08 17:03:22.247, 7, 84, 75486, 97887
2026/07/08 17:03:23.262, 0, 0, 48704, 97887
2026/07/08 17:03:23.275, 1, 0, 48104, 97887
2026/07/08 17:03:23.291, 2, 0, 48104, 97887
2026/07/08 17:03:23.309, 3, 0, 48104, 97887
2026/07/08 17:03:23.325, 4, 29, 75530, 97887
2026/07/08 17:03:23.341, 5, 81, 75530, 97887
2026/07/08 17:03:23.357, 6, 44, 75486, 97887
2026/07/08 17:03:23.374, 7, 93, 75486, 97887
2026/07/08 17:03:24.388, 0, 0, 48704, 97887
2026/07/08 17:03:24.405, 1, 0, 48104, 97887
2026/07/08 17:03:24.418, 2, 0, 48104, 97887
2026/07/08 17:03:24.434, 3, 0, 48104, 97887
2026/07/08 17:03:24.452, 4, 33, 75530, 97887
2026/07/08 17:03:24.466, 5, 72, 75530, 97887
2026/07/08 17:03:24.483, 6, 35, 75486, 97887
2026/07/08 17:03:24.502, 7, 69, 75486, 97887
2026/07/08 17:03:25.517, 0, 0, 48704, 97887
2026/07/08 17:03:25.533, 1, 0, 48104, 97887
2026/07/08 17:03:25.548, 2, 0, 48104, 97887
2026/07/08 17:03:25.564, 3, 0, 48104, 97887
2026/07/08 17:03:25.577, 4, 41, 75530, 97887
2026/07/08 17:03:25.594, 5, 36, 75530, 97887
2026/07/08 17:03:25.609, 6, 32, 75486, 97887
2026/07/08 17:03:25.625, 7, 84, 75486, 97887
2026/07/08 17:03:26.641, 0, 0, 48704, 97887
2026/07/08 17:03:26.663, 1, 0, 48104, 97887
2026/07/08 17:03:26.679, 2, 0, 48104, 97887
2026/07/08 17:03:26.694, 3, 0, 48104, 97887
2026/07/08 17:03:26.710, 4, 33, 75530, 97887
2026/07/08 17:03:26.725, 5, 34, 75530, 97887
2026/07/08 17:03:26.741, 6, 34, 75486, 97887
2026/07/08 17:03:26.753, 7, 79, 75486, 97887
2026/07/08 17:03:27.768, 0, 0, 48704, 97887
2026/07/08 17:03:27.785, 1, 0, 48104, 97887
2026/07/08 17:03:27.805, 2, 0, 48104, 97887
2026/07/08 17:03:27.824, 3, 0, 48104, 97887
2026/07/08 17:03:27.842, 4, 36, 75530, 97887
2026/07/08 17:03:27.862, 5, 86, 75530, 97887
2026/07/08 17:03:27.880, 6, 48, 75486, 97887
2026/07/08 17:03:27.894, 7, 80, 75486, 97887
2026/07/08 17:03:28.911, 0, 0, 48704, 97887
2026/07/08 17:03:28.929, 1, 0, 48104, 97887
2026/07/08 17:03:28.945, 2, 0, 48104, 97887
2026/07/08 17:03:28.962, 3, 0, 48104, 97887
2026/07/08 17:03:28.978, 4, 35, 75530, 97887
2026/07/08 17:03:29.001, 5, 89, 75530, 97887
2026/07/08 17:03:29.020, 6, 37, 75486, 97887
2026/07/08 17:03:29.036, 7, 87, 75486, 97887
2026/07/08 17:03:30.050, 0, 0, 48704, 97887
2026/07/08 17:03:30.062, 1, 0, 48104, 97887
2026/07/08 17:03:30.076, 2, 0, 48104, 97887
2026/07/08 17:03:30.097, 3, 0, 48104, 97887
2026/07/08 17:03:30.113, 4, 31, 75530, 97887
2026/07/08 17:03:30.129, 5, 95, 75530, 97887
2026/07/08 17:03:30.146, 6, 40, 75486, 97887
2026/07/08 17:03:30.164, 7, 43, 75486, 97887
2026/07/08 17:03:31.180, 0, 0, 48704, 97887
2026/07/08 17:03:31.197, 1, 0, 48104, 97887
2026/07/08 17:03:31.215, 2, 0, 48104, 97887
2026/07/08 17:03:31.231, 3, 0, 48104, 97887
2026/07/08 17:03:31.249, 4, 35, 75530, 97887
2026/07/08 17:03:31.263, 5, 94, 75530, 97887
2026/07/08 17:03:31.278, 6, 81, 75486, 97887
2026/07/08 17:03:31.292, 7, 33, 75486, 97887
2026/07/08 17:03:32.309, 0, 0, 48704, 97887
2026/07/08 17:03:32.324, 1, 0, 48104, 97887
2026/07/08 17:03:32.339, 2, 0, 48104, 97887
2026/07/08 17:03:32.354, 3, 0, 48104, 97887
2026/07/08 17:03:32.374, 4, 56, 75530, 97887
2026/07/08 17:03:32.392, 5, 73, 75530, 97887
2026/07/08 17:03:32.407, 6, 63, 75486, 97887
2026/07/08 17:03:32.421, 7, 67, 75486, 97887
2026/07/08 17:03:33.437, 0, 0, 48704, 97887
2026/07/08 17:03:33.451, 1, 0, 48104, 97887
2026/07/08 17:03:33.465, 2, 0, 48104, 97887
2026/07/08 17:03:33.479, 3, 0, 48104, 97887
2026/07/08 17:03:33.493, 4, 55, 75530, 97887
2026/07/08 17:03:33.506, 5, 42, 75530, 97887
2026/07/08 17:03:33.521, 6, 84, 75486, 97887
2026/07/08 17:03:33.533, 7, 35, 75486, 97887
2026/07/08 17:03:34.547, 0, 0, 48704, 97887
2026/07/08 17:03:34.563, 1, 0, 48104, 97887
2026/07/08 17:03:34.575, 2, 0, 48104, 97887
2026/07/08 17:03:34.588, 3, 0, 48104, 97887
2026/07/08 17:03:34.604, 4, 68, 75530, 97887
2026/07/08 17:03:34.619, 5, 65, 75530, 97887
2026/07/08 17:03:34.634, 6, 62, 75486, 97887
2026/07/08 17:03:34.647, 7, 60, 75486, 97887
2026/07/08 17:03:35.661, 0, 0, 48704, 97887
2026/07/08 17:03:35.679, 1, 0, 48104, 97887
2026/07/08 17:03:35.691, 2, 0, 48104, 97887
2026/07/08 17:03:35.704, 3, 0, 48104, 97887
2026/07/08 17:03:35.720, 4, 34, 75530, 97887
2026/07/08 17:03:35.735, 5, 93, 75530, 97887
2026/07/08 17:03:35.751, 6, 72, 75486, 97887
2026/07/08 17:03:35.767, 7, 41, 75486, 97887
2026/07/08 17:03:36.783, 0, 0, 48704, 97887
2026/07/08 17:03:36.797, 1, 0, 48104, 97887
2026/07/08 17:03:36.810, 2, 0, 48104, 97887
2026/07/08 17:03:36.826, 3, 0, 48104, 97887
2026/07/08 17:03:36.840, 4, 30, 75530, 97887
2026/07/08 17:03:36.857, 5, 94, 75530, 97887
2026/07/08 17:03:36.874, 6, 83, 75486, 97887
2026/07/08 17:03:36.890, 7, 38, 75486, 97887
2026/07/08 17:03:37.904, 0, 0, 48704, 97887
2026/07/08 17:03:37.921, 1, 0, 48104, 97887
2026/07/08 17:03:37.949, 2, 0, 48104, 97887
2026/07/08 17:03:37.964, 3, 0, 48104, 97887
2026/07/08 17:03:37.979, 4, 45, 75530, 97887
2026/07/08 17:03:37.997, 5, 83, 75530, 97887
2026/07/08 17:03:38.012, 6, 87, 75488, 97887
2026/07/08 17:03:38.027, 7, 88, 75486, 97887
2026/07/08 17:03:39.040, 0, 0, 48704, 97887
2026/07/08 17:03:39.057, 1, 0, 48104, 97887
2026/07/08 17:03:39.070, 2, 0, 48104, 97887
2026/07/08 17:03:39.080, 3, 0, 48104, 97887
2026/07/08 17:03:39.091, 4, 68, 75530, 97887
2026/07/08 17:03:39.104, 5, 43, 75530, 97887
2026/07/08 17:03:39.120, 6, 95, 75488, 97887
2026/07/08 17:03:39.134, 7, 29, 75486, 97887
2026/07/08 17:03:40.149, 0, 0, 48704, 97887
2026/07/08 17:03:40.171, 1, 0, 48104, 97887
2026/07/08 17:03:40.189, 2, 0, 48104, 97887
2026/07/08 17:03:40.202, 3, 0, 48104, 97887
2026/07/08 17:03:40.218, 4, 77, 75530, 97887
2026/07/08 17:03:40.231, 5, 51, 75530, 97887
2026/07/08 17:03:40.245, 6, 94, 75488, 97887
2026/07/08 17:03:40.259, 7, 28, 75486, 97887
2026/07/08 17:03:41.271, 0, 0, 48704, 97887
2026/07/08 17:03:41.288, 1, 0, 48104, 97887
2026/07/08 17:03:41.308, 2, 0, 48104, 97887
2026/07/08 17:03:41.324, 3, 0, 48104, 97887
2026/07/08 17:03:41.340, 4, 95, 75530, 97887
2026/07/08 17:03:41.355, 5, 31, 75530, 97887
2026/07/08 17:03:41.373, 6, 87, 75488, 97887
2026/07/08 17:03:41.390, 7, 26, 75486, 97887
2026/07/08 17:03:42.405, 0, 0, 48704, 97887
2026/07/08 17:03:42.418, 1, 0, 48104, 97887
2026/07/08 17:03:42.429, 2, 0, 48104, 97887
2026/07/08 17:03:42.443, 3, 0, 48104, 97887
2026/07/08 17:03:42.454, 4, 70, 75530, 97887
2026/07/08 17:03:42.467, 5, 64, 75530, 97887
2026/07/08 17:03:42.479, 6, 68, 75488, 97887
2026/07/08 17:03:42.489, 7, 33, 75486, 97887
2026/07/08 17:03:43.503, 0, 0, 48704, 97887
2026/07/08 17:03:43.518, 1, 0, 48104, 97887
2026/07/08 17:03:43.536, 2, 0, 48104, 97887
2026/07/08 17:03:43.553, 3, 0, 48104, 97887
2026/07/08 17:03:43.571, 4, 35, 75530, 97887
2026/07/08 17:03:43.588, 5, 90, 75530, 97887
2026/07/08 17:03:43.605, 6, 48, 75488, 97887
2026/07/08 17:03:43.622, 7, 74, 75486, 97887
2026/07/08 17:03:44.641, 0, 0, 48704, 97887
2026/07/08 17:03:44.655, 1, 0, 48104, 97887
2026/07/08 17:03:44.669, 2, 0, 48104, 97887
2026/07/08 17:03:44.683, 3, 0, 48104, 97887
2026/07/08 17:03:44.698, 4, 82, 75530, 97887
2026/07/08 17:03:44.715, 5, 50, 75530, 97887
2026/07/08 17:03:44.730, 6, 57, 75488, 97887
2026/07/08 17:03:44.748, 7, 61, 75486, 97887
2026/07/08 17:03:45.763, 0, 0, 48704, 97887
2026/07/08 17:03:45.776, 1, 0, 48104, 97887
2026/07/08 17:03:45.790, 2, 0, 48104, 97887
2026/07/08 17:03:45.802, 3, 0, 48104, 97887
2026/07/08 17:03:45.814, 4, 36, 75530, 97887
2026/07/08 17:03:45.829, 5, 91, 75530, 97887
2026/07/08 17:03:45.842, 6, 100, 75488, 97887
2026/07/08 17:03:45.856, 7, 100, 75486, 97887
2026/07/08 17:03:46.875, 0, 0, 48704, 97887
2026/07/08 17:03:46.892, 1, 0, 48104, 97887
2026/07/08 17:03:46.909, 2, 0, 48104, 97887
2026/07/08 17:03:46.923, 3, 0, 48104, 97887
2026/07/08 17:03:46.939, 4, 95, 75530, 97887
2026/07/08 17:03:46.958, 5, 32, 75530, 97887
2026/07/08 17:03:46.975, 6, 100, 75508, 97887
2026/07/08 17:03:46.989, 7, 82, 75506, 97887
2026/07/08 17:03:48.004, 0, 0, 48704, 97887
2026/07/08 17:03:48.015, 1, 0, 48104, 97887
2026/07/08 17:03:48.026, 2, 0, 48104, 97887
2026/07/08 17:03:48.036, 3, 0, 48104, 97887
2026/07/08 17:03:48.055, 4, 43, 75530, 97887
2026/07/08 17:03:48.066, 5, 85, 75530, 97887
2026/07/08 17:03:48.078, 6, 24, 75528, 97887
2026/07/08 17:03:48.090, 7, 16, 75526, 97887
2026/07/08 17:03:49.102, 0, 0, 48704, 97887
2026/07/08 17:03:49.120, 1, 0, 48104, 97887
2026/07/08 17:03:49.135, 2, 0, 48104, 97887
2026/07/08 17:03:49.147, 3, 0, 48104, 97887
2026/07/08 17:03:49.161, 4, 100, 75530, 97887
2026/07/08 17:03:49.175, 5, 100, 75530, 97887
2026/07/08 17:03:49.189, 6, 65, 75528, 97887
2026/07/08 17:03:49.203, 7, 84, 75528, 97887
2026/07/08 17:03:50.219, 0, 0, 48704, 97887
2026/07/08 17:03:50.236, 1, 0, 48104, 97887
2026/07/08 17:03:50.252, 2, 0, 48104, 97887
2026/07/08 17:03:50.269, 3, 0, 48104, 97887
2026/07/08 17:03:50.287, 4, 30, 75556, 97887
2026/07/08 17:03:50.302, 5, 94, 75556, 97887
2026/07/08 17:03:50.316, 6, 100, 75528, 97887
2026/07/08 17:03:50.332, 7, 100, 75528, 97887
2026/07/08 17:03:51.347, 0, 0, 48704, 97887
2026/07/08 17:03:51.359, 1, 0, 48104, 97887
2026/07/08 17:03:51.370, 2, 0, 48104, 97887
2026/07/08 17:03:51.381, 3, 0, 48104, 97887
2026/07/08 17:03:51.399, 4, 34, 75556, 97887
2026/07/08 17:03:51.413, 5, 86, 75556, 97887
2026/07/08 17:03:51.424, 6, 38, 75610, 97887
2026/07/08 17:03:51.435, 7, 86, 75610, 97887
2026/07/08 17:03:52.447, 0, 0, 48704, 97887
2026/07/08 17:03:52.467, 1, 0, 48104, 97887
2026/07/08 17:03:52.484, 2, 0, 48104, 97887
2026/07/08 17:03:52.503, 3, 0, 48104, 97887
2026/07/08 17:03:52.517, 4, 88, 75556, 97887
2026/07/08 17:03:52.527, 5, 60, 75556, 97887
2026/07/08 17:03:52.536, 6, 32, 75610, 97887
2026/07/08 17:03:52.546, 7, 83, 75610, 97887
2026/07/08 17:03:53.558, 0, 0, 48704, 97887
2026/07/08 17:03:53.571, 1, 0, 48104, 97887
2026/07/08 17:03:53.586, 2, 0, 48104, 97887
2026/07/08 17:03:53.602, 3, 0, 48104, 97887
2026/07/08 17:03:53.637, 4, 32, 75556, 97887
2026/07/08 17:03:53.654, 5, 94, 75556, 97887
2026/07/08 17:03:53.671, 6, 42, 75610, 97887
2026/07/08 17:03:53.685, 7, 74, 75610, 97887
2026/07/08 17:03:54.702, 0, 0, 48704, 97887
2026/07/08 17:03:54.721, 1, 0, 48104, 97887
2026/07/08 17:03:54.739, 2, 0, 48104, 97887
2026/07/08 17:03:54.757, 3, 0, 48104, 97887
2026/07/08 17:03:54.774, 4, 62, 75556, 97887
2026/07/08 17:03:54.790, 5, 77, 75556, 97887
2026/07/08 17:03:54.807, 6, 31, 75610, 97887
2026/07/08 17:03:54.824, 7, 79, 75610, 97887
2026/07/08 17:03:55.840, 0, 0, 48704, 97887
2026/07/08 17:03:55.854, 1, 0, 48104, 97887
2026/07/08 17:03:55.869, 2, 0, 48104, 97887
2026/07/08 17:03:55.883, 3, 0, 48104, 97887
2026/07/08 17:03:55.898, 4, 64, 75556, 97887
2026/07/08 17:03:55.915, 5, 72, 75556, 97887
2026/07/08 17:03:55.932, 6, 62, 75610, 97887
2026/07/08 17:03:55.950, 7, 49, 75610, 97887
2026/07/08 17:03:56.970, 0, 0, 48704, 97887
2026/07/08 17:03:56.984, 1, 0, 48104, 97887
2026/07/08 17:03:56.997, 2, 0, 48104, 97887
2026/07/08 17:03:57.010, 3, 0, 48104, 97887
2026/07/08 17:03:57.028, 4, 34, 75556, 97887
2026/07/08 17:03:57.044, 5, 94, 75556, 97887
2026/07/08 17:03:57.060, 6, 51, 75610, 97887
2026/07/08 17:03:57.078, 7, 71, 75610, 97887
2026/07/08 17:03:58.096, 0, 0, 48704, 97887
2026/07/08 17:03:58.110, 1, 0, 48104, 97887
2026/07/08 17:03:58.123, 2, 0, 48104, 97887
2026/07/08 17:03:58.138, 3, 0, 48104, 97887
2026/07/08 17:03:58.152, 4, 84, 75556, 97887
2026/07/08 17:03:58.168, 5, 48, 75556, 97887
2026/07/08 17:03:58.181, 6, 46, 75610, 97887
2026/07/08 17:03:58.196, 7, 42, 75610, 97887
2026/07/08 17:03:59.209, 0, 0, 48704, 97887
2026/07/08 17:03:59.220, 1, 0, 48104, 97887
2026/07/08 17:03:59.238, 2, 0, 48104, 97887
2026/07/08 17:03:59.252, 3, 0, 48104, 97887
2026/07/08 17:03:59.269, 4, 65, 75556, 97887
2026/07/08 17:03:59.280, 5, 69, 75556, 97887
2026/07/08 17:03:59.297, 6, 47, 75610, 97887
2026/07/08 17:03:59.314, 7, 75, 75610, 97887
2026/07/08 17:04:00.325, 0, 0, 48704, 97887
2026/07/08 17:04:00.339, 1, 0, 48104, 97887
2026/07/08 17:04:00.352, 2, 0, 48104, 97887
2026/07/08 17:04:00.364, 3, 0, 48104, 97887
2026/07/08 17:04:00.376, 4, 82, 75556, 97887
2026/07/08 17:04:00.388, 5, 46, 75556, 97887
2026/07/08 17:04:00.401, 6, 61, 75610, 97887
2026/07/08 17:04:00.414, 7, 79, 75610, 97887
2026/07/08 17:04:01.426, 0, 0, 48704, 97887
2026/07/08 17:04:01.441, 1, 0, 48104, 97887
2026/07/08 17:04:01.455, 2, 0, 48104, 97887
2026/07/08 17:04:01.470, 3, 0, 48104, 97887
2026/07/08 17:04:01.485, 4, 100, 75556, 97887
2026/07/08 17:04:01.504, 5, 100, 75556, 97887
2026/07/08 17:04:01.518, 6, 53, 75610, 97887
2026/07/08 17:04:01.532, 7, 88, 75610, 97887
2026/07/08 17:04:02.546, 0, 0, 48704, 97887
2026/07/08 17:04:02.556, 1, 0, 48104, 97887
2026/07/08 17:04:02.563, 2, 0, 48104, 97887
2026/07/08 17:04:02.570, 3, 0, 48104, 97887
2026/07/08 17:04:02.579, 4, 33, 75612, 97887
2026/07/08 17:04:02.592, 5, 89, 75610, 97887
2026/07/08 17:04:02.607, 6, 56, 75610, 97887
2026/07/08 17:04:02.621, 7, 60, 75610, 97887
2026/07/08 17:04:03.635, 0, 0, 48704, 97887
2026/07/08 17:04:03.650, 1, 0, 48104, 97887
2026/07/08 17:04:03.660, 2, 0, 48104, 97887
2026/07/08 17:04:03.673, 3, 0, 48104, 97887
2026/07/08 17:04:03.687, 4, 33, 75612, 97887
2026/07/08 17:04:03.701, 5, 84, 75610, 97887
2026/07/08 17:04:03.719, 6, 59, 75610, 97887
2026/07/08 17:04:03.739, 7, 41, 75610, 97887
2026/07/08 17:04:04.759, 0, 0, 48704, 97887
2026/07/08 17:04:04.776, 1, 0, 48104, 97887
2026/07/08 17:04:04.796, 2, 0, 48104, 97887
2026/07/08 17:04:04.814, 3, 0, 48104, 97887
2026/07/08 17:04:04.835, 4, 89, 75612, 97887
2026/07/08 17:04:04.852, 5, 39, 75612, 97887
2026/07/08 17:04:04.866, 6, 35, 75610, 97887
2026/07/08 17:04:04.881, 7, 78, 75610, 97887
2026/07/08 17:04:05.896, 0, 0, 48704, 97887
2026/07/08 17:04:05.915, 1, 0, 48104, 97887
2026/07/08 17:04:05.933, 2, 0, 48104, 97887
2026/07/08 17:04:05.946, 3, 0, 48104, 97887
2026/07/08 17:04:05.962, 4, 35, 75612, 97887
2026/07/08 17:04:05.977, 5, 94, 75612, 97887
2026/07/08 17:04:05.994, 6, 96, 75610, 97887
2026/07/08 17:04:06.010, 7, 37, 75610, 97887
2026/07/08 17:04:07.026, 0, 0, 48704, 97887
2026/07/08 17:04:07.046, 1, 0, 48104, 97887
2026/07/08 17:04:07.065, 2, 0, 48104, 97887
2026/07/08 17:04:07.083, 3, 0, 48104, 97887
2026/07/08 17:04:07.101, 4, 35, 75612, 97887
2026/07/08 17:04:07.119, 5, 93, 75612, 97887
2026/07/08 17:04:07.137, 6, 42, 75610, 97887
2026/07/08 17:04:07.154, 7, 81, 75610, 97887
2026/07/08 17:04:08.170, 0, 0, 48704, 97887
2026/07/08 17:04:08.188, 1, 0, 48104, 97887
2026/07/08 17:04:08.205, 2, 0, 48104, 97887
2026/07/08 17:04:08.223, 3, 0, 48104, 97887
2026/07/08 17:04:08.239, 4, 35, 75612, 97887
2026/07/08 17:04:08.256, 5, 93, 75612, 97887
2026/07/08 17:04:08.274, 6, 89, 75610, 97887
2026/07/08 17:04:08.293, 7, 40, 75610, 97887
2026/07/08 17:04:09.310, 0, 0, 48704, 97887
2026/07/08 17:04:09.326, 1, 0, 48104, 97887
2026/07/08 17:04:09.340, 2, 0, 48104, 97887
2026/07/08 17:04:09.354, 3, 0, 48104, 97887
2026/07/08 17:04:09.370, 4, 35, 75612, 97887
2026/07/08 17:04:09.383, 5, 90, 75612, 97887
2026/07/08 17:04:09.397, 6, 76, 75610, 97887
2026/07/08 17:04:09.411, 7, 31, 75610, 97887
2026/07/08 17:04:10.426, 0, 0, 48704, 97887
2026/07/08 17:04:10.444, 1, 0, 48104, 97887
2026/07/08 17:04:10.460, 2, 0, 48104, 97887
2026/07/08 17:04:10.475, 3, 0, 48104, 97887
2026/07/08 17:04:10.491, 4, 39, 75612, 97887
2026/07/08 17:04:10.509, 5, 93, 75612, 97887
2026/07/08 17:04:10.527, 6, 35, 75610, 97887
2026/07/08 17:04:10.544, 7, 60, 75610, 97887
2026/07/08 17:04:11.560, 0, 0, 48704, 97887
2026/07/08 17:04:11.573, 1, 0, 48104, 97887
2026/07/08 17:04:11.587, 2, 0, 48104, 97887
2026/07/08 17:04:11.600, 3, 0, 48104, 97887
2026/07/08 17:04:11.614, 4, 35, 75612, 97887
2026/07/08 17:04:11.627, 5, 91, 75612, 97887
2026/07/08 17:04:11.637, 6, 48, 75610, 97887
2026/07/08 17:04:11.648, 7, 95, 75610, 97887
2026/07/08 17:04:12.660, 0, 0, 48704, 97887
2026/07/08 17:04:12.674, 1, 0, 48104, 97887
2026/07/08 17:04:12.687, 2, 0, 48104, 97887
2026/07/08 17:04:12.705, 3, 0, 48104, 97887
2026/07/08 17:04:12.722, 4, 35, 75612, 97887
2026/07/08 17:04:12.738, 5, 93, 75612, 97887
2026/07/08 17:04:12.754, 6, 49, 75610, 97887
2026/07/08 17:04:12.770, 7, 91, 75610, 97887
2026/07/08 17:04:13.789, 0, 0, 48704, 97887
2026/07/08 17:04:13.800, 1, 0, 48104, 97887
2026/07/08 17:04:13.813, 2, 0, 48104, 97887
2026/07/08 17:04:13.828, 3, 0, 48104, 97887
2026/07/08 17:04:13.841, 4, 36, 75612, 97887
2026/07/08 17:04:13.855, 5, 94, 75612, 97887
2026/07/08 17:04:13.872, 6, 66, 75610, 97887
2026/07/08 17:04:13.887, 7, 92, 75610, 97887
2026/07/08 17:04:14.906, 0, 0, 48704, 97887
2026/07/08 17:04:14.922, 1, 0, 48104, 97887
2026/07/08 17:04:14.942, 2, 0, 48104, 97887
2026/07/08 17:04:14.958, 3, 0, 48104, 97887
2026/07/08 17:04:14.973, 4, 35, 75612, 97887
2026/07/08 17:04:14.990, 5, 93, 75612, 97887
2026/07/08 17:04:15.008, 6, 38, 75610, 97887
2026/07/08 17:04:15.026, 7, 71, 75610, 97887
2026/07/08 17:04:16.039, 0, 0, 48704, 97887
2026/07/08 17:04:16.055, 1, 0, 48104, 97887
2026/07/08 17:04:16.073, 2, 0, 48104, 97887
2026/07/08 17:04:16.094, 3, 0, 48104, 97887
2026/07/08 17:04:16.113, 4, 96, 75612, 97887
2026/07/08 17:04:16.130, 5, 93, 75612, 97887
2026/07/08 17:04:16.146, 6, 28, 75610, 97887
2026/07/08 17:04:16.160, 7, 80, 75610, 97887
2026/07/08 17:04:17.172, 0, 0, 48704, 97887
2026/07/08 17:04:17.190, 1, 0, 48104, 97887
2026/07/08 17:04:17.208, 2, 0, 48104, 97887
2026/07/08 17:04:17.226, 3, 0, 48104, 97887
2026/07/08 17:04:17.242, 4, 33, 75612, 97887
2026/07/08 17:04:17.256, 5, 94, 75612, 97887
2026/07/08 17:04:17.269, 6, 30, 75610, 97887
2026/07/08 17:04:17.284, 7, 74, 75610, 97887
2026/07/08 17:04:18.299, 0, 0, 48704, 97887
2026/07/08 17:04:18.318, 1, 0, 48104, 97887
2026/07/08 17:04:18.333, 2, 0, 48104, 97887
2026/07/08 17:04:18.347, 3, 0, 48104, 97887
2026/07/08 17:04:18.357, 4, 35, 75612, 97887
2026/07/08 17:04:18.372, 5, 94, 75612, 97887
2026/07/08 17:04:18.388, 6, 50, 75610, 97887
2026/07/08 17:04:18.403, 7, 79, 75610, 97887
2026/07/08 17:04:19.419, 0, 0, 48704, 97887
2026/07/08 17:04:19.437, 1, 0, 48104, 97887
2026/07/08 17:04:19.451, 2, 0, 48104, 97887
2026/07/08 17:04:19.464, 3, 0, 48104, 97887
2026/07/08 17:04:19.478, 4, 45, 75612, 97887
2026/07/08 17:04:19.490, 5, 63, 75612, 97887
2026/07/08 17:04:19.502, 6, 68, 75610, 97887
2026/07/08 17:04:19.516, 7, 43, 75610, 97887
2026/07/08 17:04:20.529, 0, 0, 48704, 97887
2026/07/08 17:04:20.545, 1, 0, 48104, 97887
2026/07/08 17:04:20.563, 2, 0, 48104, 97887
2026/07/08 17:04:20.580, 3, 0, 48104, 97887
2026/07/08 17:04:20.594, 4, 35, 75612, 97887
2026/07/08 17:04:20.611, 5, 94, 75612, 97887
2026/07/08 17:04:20.625, 6, 36, 75610, 97887
2026/07/08 17:04:20.638, 7, 54, 75610, 97887
2026/07/08 17:04:21.651, 0, 0, 48704, 97887
2026/07/08 17:04:21.666, 1, 0, 48104, 97887
2026/07/08 17:04:21.682, 2, 0, 48104, 97887
2026/07/08 17:04:21.697, 3, 0, 48104, 97887
2026/07/08 17:04:21.713, 4, 35, 75612, 97887
2026/07/08 17:04:21.734, 5, 94, 75612, 97887
2026/07/08 17:04:21.753, 6, 64, 75610, 97887
2026/07/08 17:04:21.772, 7, 34, 75610, 97887
2026/07/08 17:04:22.792, 0, 0, 48704, 97887
2026/07/08 17:04:22.811, 1, 0, 48104, 97887
2026/07/08 17:04:22.830, 2, 0, 48104, 97887
2026/07/08 17:04:22.851, 3, 0, 48104, 97887
2026/07/08 17:04:22.872, 4, 36, 75612, 97887
2026/07/08 17:04:22.889, 5, 93, 75612, 97887
2026/07/08 17:04:22.909, 6, 86, 75610, 97887
2026/07/08 17:04:22.927, 7, 36, 75610, 97887
2026/07/08 17:04:23.944, 0, 0, 48704, 97887
2026/07/08 17:04:23.958, 1, 0, 48104, 97887
2026/07/08 17:04:23.974, 2, 0, 48104, 97887
2026/07/08 17:04:23.989, 3, 0, 48104, 97887
2026/07/08 17:04:24.005, 4, 60, 75612, 97887
2026/07/08 17:04:24.022, 5, 75, 75612, 97887
2026/07/08 17:04:24.037, 6, 77, 75610, 97887
2026/07/08 17:04:24.052, 7, 48, 75610, 97887
2026/07/08 17:04:25.068, 0, 0, 48704, 97887
2026/07/08 17:04:25.084, 1, 0, 48104, 97887
2026/07/08 17:04:25.098, 2, 0, 48104, 97887
2026/07/08 17:04:25.115, 3, 0, 48104, 97887
2026/07/08 17:04:25.132, 4, 36, 75612, 97887
2026/07/08 17:04:25.151, 5, 94, 75612, 97887
2026/07/08 17:04:25.171, 6, 29, 75610, 97887
2026/07/08 17:04:25.186, 7, 94, 75610, 97887
2026/07/08 17:04:26.201, 0, 0, 48704, 97887
2026/07/08 17:04:26.213, 1, 0, 48104, 97887
2026/07/08 17:04:26.229, 2, 0, 48104, 97887
2026/07/08 17:04:26.241, 3, 0, 48104, 97887
2026/07/08 17:04:26.254, 4, 41, 75612, 97887
2026/07/08 17:04:26.266, 5, 85, 75612, 97887
2026/07/08 17:04:26.281, 6, 88, 75610, 97887
2026/07/08 17:04:26.294, 7, 35, 75610, 97887
2026/07/08 17:04:27.309, 0, 0, 48704, 97887
2026/07/08 17:04:27.330, 1, 0, 48104, 97887
2026/07/08 17:04:27.348, 2, 0, 48104, 97887
2026/07/08 17:04:27.363, 3, 0, 48104, 97887
2026/07/08 17:04:27.381, 4, 36, 75612, 97887
2026/07/08 17:04:27.400, 5, 94, 75612, 97887
2026/07/08 17:04:27.413, 6, 95, 75610, 97887
2026/07/08 17:04:27.429, 7, 30, 75610, 97887
2026/07/08 17:04:28.444, 0, 0, 48704, 97887
2026/07/08 17:04:28.461, 1, 0, 48104, 97887
2026/07/08 17:04:28.476, 2, 0, 48104, 97887
2026/07/08 17:04:28.490, 3, 0, 48104, 97887
2026/07/08 17:04:28.503, 4, 37, 75612, 97887
2026/07/08 17:04:28.520, 5, 94, 75612, 97887
2026/07/08 17:04:28.535, 6, 35, 75610, 97887
2026/07/08 17:04:28.550, 7, 75, 75610, 97887
2026/07/08 17:04:29.564, 0, 0, 48704, 97887
2026/07/08 17:04:29.581, 1, 0, 48104, 97887
2026/07/08 17:04:29.596, 2, 0, 48104, 97887
2026/07/08 17:04:29.615, 3, 0, 48104, 97887
2026/07/08 17:04:29.634, 4, 36, 75612, 97887
2026/07/08 17:04:29.654, 5, 94, 75612, 97887
2026/07/08 17:04:29.673, 6, 39, 75610, 97887
2026/07/08 17:04:29.692, 7, 86, 75610, 97887
2026/07/08 17:04:30.707, 0, 0, 48704, 97887
2026/07/08 17:04:30.718, 1, 0, 48104, 97887
2026/07/08 17:04:30.728, 2, 0, 48104, 97887
2026/07/08 17:04:30.742, 3, 0, 48104, 97887
2026/07/08 17:04:30.754, 4, 35, 75612, 97887
2026/07/08 17:04:30.763, 5, 94, 75612, 97887
2026/07/08 17:04:30.774, 6, 50, 75610, 97887
2026/07/08 17:04:30.787, 7, 81, 75610, 97887
2026/07/08 17:04:31.804, 0, 0, 48704, 97887
2026/07/08 17:04:31.819, 1, 0, 48104, 97887
2026/07/08 17:04:31.834, 2, 0, 48104, 97887
2026/07/08 17:04:31.847, 3, 0, 48104, 97887
2026/07/08 17:04:31.859, 4, 36, 75612, 97887
2026/07/08 17:04:31.873, 5, 94, 75612, 97887
2026/07/08 17:04:31.885, 6, 60, 75610, 97887
2026/07/08 17:04:31.897, 7, 45, 75610, 97887
2026/07/08 17:04:32.913, 0, 0, 48704, 97887
2026/07/08 17:04:32.926, 1, 0, 48104, 97887
2026/07/08 17:04:32.940, 2, 0, 48104, 97887
2026/07/08 17:04:32.957, 3, 0, 48104, 97887
2026/07/08 17:04:32.975, 4, 35, 75612, 97887
2026/07/08 17:04:32.996, 5, 83, 75612, 97887
2026/07/08 17:04:33.011, 6, 73, 75610, 97887
2026/07/08 17:04:33.023, 7, 30, 75610, 97887
2026/07/08 17:04:34.043, 0, 0, 48704, 97887
2026/07/08 17:04:34.056, 1, 0, 48104, 97887
2026/07/08 17:04:34.065, 2, 0, 48104, 97887
2026/07/08 17:04:34.075, 3, 0, 48104, 97887
2026/07/08 17:04:34.085, 4, 43, 75612, 97887
2026/07/08 17:04:34.093, 5, 69, 75612, 97887
2026/07/08 17:04:34.105, 6, 92, 75610, 97887
2026/07/08 17:04:34.115, 7, 46, 75610, 97887
2026/07/08 17:04:35.127, 0, 0, 48704, 97887
2026/07/08 17:04:35.143, 1, 0, 48104, 97887
2026/07/08 17:04:35.156, 2, 0, 48104, 97887
2026/07/08 17:04:35.173, 3, 0, 48104, 97887
2026/07/08 17:04:35.190, 4, 48, 75612, 97887
2026/07/08 17:04:35.206, 5, 53, 75612, 97887
2026/07/08 17:04:35.226, 6, 28, 75610, 97887
2026/07/08 17:04:35.245, 7, 47, 75610, 97887
2026/07/08 17:04:36.260, 0, 0, 48704, 97887
2026/07/08 17:04:36.279, 1, 0, 48104, 97887
2026/07/08 17:04:36.293, 2, 0, 48104, 97887
2026/07/08 17:04:36.307, 3, 0, 48104, 97887
2026/07/08 17:04:36.321, 4, 36, 75612, 97887
2026/07/08 17:04:36.337, 5, 93, 75612, 97887
2026/07/08 17:04:36.353, 6, 62, 75610, 97887
2026/07/08 17:04:36.371, 7, 37, 75610, 97887
2026/07/08 17:04:37.388, 0, 0, 48704, 97887
2026/07/08 17:04:37.403, 1, 0, 48104, 97887
2026/07/08 17:04:37.421, 2, 0, 48104, 97887
2026/07/08 17:04:37.439, 3, 0, 48104, 97887
2026/07/08 17:04:37.453, 4, 74, 75612, 97887
2026/07/08 17:04:37.469, 5, 49, 75612, 97887
2026/07/08 17:04:37.484, 6, 59, 75610, 97887
2026/07/08 17:04:37.497, 7, 11, 75610, 97887
2026/07/08 17:04:38.514, 0, 0, 48704, 97887
2026/07/08 17:04:38.526, 1, 0, 48104, 97887
2026/07/08 17:04:38.538, 2, 0, 48104, 97887
2026/07/08 17:04:38.553, 3, 0, 48104, 97887
2026/07/08 17:04:38.570, 4, 44, 75612, 97887
2026/07/08 17:04:38.587, 5, 88, 75612, 97887
2026/07/08 17:04:38.604, 6, 72, 75610, 97887
2026/07/08 17:04:38.620, 7, 45, 75610, 97887
2026/07/08 17:04:39.637, 0, 0, 48704, 97887
2026/07/08 17:04:39.656, 1, 0, 48104, 97887
2026/07/08 17:04:39.675, 2, 0, 48104, 97887
2026/07/08 17:04:39.691, 3, 0, 48104, 97887
2026/07/08 17:04:39.708, 4, 39, 75612, 97887
2026/07/08 17:04:39.724, 5, 94, 75612, 97887
2026/07/08 17:04:39.743, 6, 84, 75612, 97887
2026/07/08 17:04:39.761, 7, 54, 75612, 97887
2026/07/08 17:04:40.776, 0, 0, 48704, 97887
2026/07/08 17:04:40.790, 1, 0, 48104, 97887
2026/07/08 17:04:40.802, 2, 0, 48104, 97887
2026/07/08 17:04:40.817, 3, 0, 48104, 97887
2026/07/08 17:04:40.830, 4, 38, 75612, 97887
2026/07/08 17:04:40.847, 5, 86, 75612, 97887
2026/07/08 17:04:40.864, 6, 87, 75612, 97887
2026/07/08 17:04:40.881, 7, 47, 75612, 97887
2026/07/08 17:04:41.899, 0, 0, 48704, 97887
2026/07/08 17:04:41.916, 1, 0, 48104, 97887
2026/07/08 17:04:41.930, 2, 0, 48104, 97887
2026/07/08 17:04:41.946, 3, 0, 48104, 97887
2026/07/08 17:04:41.962, 4, 35, 75612, 97887
2026/07/08 17:04:41.978, 5, 89, 75612, 97887
2026/07/08 17:04:41.993, 6, 79, 75612, 97887
2026/07/08 17:04:42.007, 7, 3, 75612, 97887
2026/07/08 17:04:43.019, 0, 0, 48704, 97887
2026/07/08 17:04:43.035, 1, 0, 48104, 97887
2026/07/08 17:04:43.064, 2, 0, 48104, 97887
2026/07/08 17:04:43.087, 3, 0, 48104, 97887
2026/07/08 17:04:43.100, 4, 42, 75612, 97887
2026/07/08 17:04:43.119, 5, 82, 75612, 97887
2026/07/08 17:04:43.134, 6, 64, 75612, 97887
2026/07/08 17:04:43.154, 7, 55, 75612, 97887
2026/07/08 17:04:44.176, 0, 0, 48704, 97887
2026/07/08 17:04:44.191, 1, 0, 48104, 97887
2026/07/08 17:04:44.204, 2, 0, 48104, 97887
2026/07/08 17:04:44.220, 3, 0, 48104, 97887
2026/07/08 17:04:44.231, 4, 69, 75612, 97887
2026/07/08 17:04:44.243, 5, 55, 75612, 97887
2026/07/08 17:04:44.257, 6, 62, 75612, 97887
2026/07/08 17:04:44.270, 7, 54, 75612, 97887
2026/07/08 17:04:45.287, 0, 0, 48704, 97887
2026/07/08 17:04:45.308, 1, 0, 48104, 97887
2026/07/08 17:04:45.321, 2, 0, 48104, 97887
2026/07/08 17:04:45.331, 3, 0, 48104, 97887
2026/07/08 17:04:45.347, 4, 36, 75612, 97887
2026/07/08 17:04:45.364, 5, 94, 75612, 97887
2026/07/08 17:04:45.379, 6, 83, 75612, 97887
2026/07/08 17:04:45.394, 7, 39, 75612, 97887
2026/07/08 17:04:46.406, 0, 0, 48704, 97887
2026/07/08 17:04:46.428, 1, 0, 48104, 97887
2026/07/08 17:04:46.444, 2, 0, 48104, 97887
2026/07/08 17:04:46.459, 3, 0, 48104, 97887
2026/07/08 17:04:46.477, 4, 74, 75612, 97887
2026/07/08 17:04:46.492, 5, 60, 75612, 97887
2026/07/08 17:04:46.505, 6, 53, 75612, 97887
2026/07/08 17:04:46.519, 7, 44, 75612, 97887
2026/07/08 17:04:47.533, 0, 0, 48704, 97887
2026/07/08 17:04:47.547, 1, 0, 48104, 97887
2026/07/08 17:04:47.560, 2, 0, 48104, 97887
2026/07/08 17:04:47.571, 3, 0, 48104, 97887
2026/07/08 17:04:47.583, 4, 33, 75612, 97887
2026/07/08 17:04:47.596, 5, 94, 75612, 97887
2026/07/08 17:04:47.610, 6, 66, 75612, 97887
2026/07/08 17:04:47.621, 7, 43, 75612, 97887
2026/07/08 17:04:48.628, 0, 0, 48704, 97887
2026/07/08 17:04:48.650, 1, 0, 48104, 97887
2026/07/08 17:04:48.669, 2, 0, 48104, 97887
2026/07/08 17:04:48.695, 3, 0, 48104, 97887
2026/07/08 17:04:48.721, 4, 32, 75612, 97887
2026/07/08 17:04:48.741, 5, 94, 75612, 97887
2026/07/08 17:04:48.760, 6, 83, 75612, 97887
2026/07/08 17:04:48.772, 7, 42, 75612, 97887
2026/07/08 17:04:49.786, 0, 0, 48704, 97887
2026/07/08 17:04:49.802, 1, 0, 48104, 97887
2026/07/08 17:04:49.816, 2, 0, 48104, 97887
2026/07/08 17:04:49.830, 3, 0, 48104, 97887
2026/07/08 17:04:49.845, 4, 32, 75612, 97887
2026/07/08 17:04:49.861, 5, 93, 75612, 97887
2026/07/08 17:04:49.875, 6, 83, 75612, 97887
2026/07/08 17:04:49.891, 7, 48, 75612, 97887
2026/07/08 17:04:50.906, 0, 0, 48704, 97887
2026/07/08 17:04:50.925, 1, 0, 48104, 97887
2026/07/08 17:04:50.941, 2, 0, 48104, 97887
2026/07/08 17:04:50.962, 3, 0, 48104, 97887
2026/07/08 17:04:50.980, 4, 47, 75612, 97887
2026/07/08 17:04:50.998, 5, 71, 75612, 97887
2026/07/08 17:04:51.017, 6, 90, 75612, 97887
2026/07/08 17:04:51.036, 7, 66, 75612, 97887
2026/07/08 17:04:52.053, 0, 0, 48704, 97887
2026/07/08 17:04:52.069, 1, 0, 48104, 97887
2026/07/08 17:04:52.081, 2, 0, 48104, 97887
2026/07/08 17:04:52.092, 3, 0, 48104, 97887
2026/07/08 17:04:52.107, 4, 40, 75612, 97887
2026/07/08 17:04:52.121, 5, 83, 75612, 97887
2026/07/08 17:04:52.136, 6, 73, 75612, 97887
2026/07/08 17:04:52.150, 7, 42, 75612, 97887
2026/07/08 17:04:53.162, 0, 0, 48704, 97887
2026/07/08 17:04:53.176, 1, 0, 48104, 97887
2026/07/08 17:04:53.188, 2, 0, 48104, 97887
2026/07/08 17:04:53.200, 3, 0, 48104, 97887
2026/07/08 17:04:53.212, 4, 33, 75612, 97887
2026/07/08 17:04:53.224, 5, 94, 75612, 97887
2026/07/08 17:04:53.236, 6, 72, 75612, 97887
2026/07/08 17:04:53.249, 7, 50, 75612, 97887
2026/07/08 17:04:54.264, 0, 0, 48704, 97887
2026/07/08 17:04:54.278, 1, 0, 48104, 97887
2026/07/08 17:04:54.293, 2, 0, 48104, 97887
2026/07/08 17:04:54.311, 3, 0, 48104, 97887
2026/07/08 17:04:54.324, 4, 34, 75612, 97887
2026/07/08 17:04:54.338, 5, 89, 75612, 97887
2026/07/08 17:04:54.352, 6, 83, 75612, 97887
2026/07/08 17:04:54.364, 7, 39, 75612, 97887
2026/07/08 17:04:55.377, 0, 0, 48704, 97887
2026/07/08 17:04:55.390, 1, 0, 48104, 97887
2026/07/08 17:04:55.404, 2, 0, 48104, 97887
2026/07/08 17:04:55.416, 3, 0, 48104, 97887
2026/07/08 17:04:55.429, 4, 32, 75612, 97887
2026/07/08 17:04:55.439, 5, 94, 75612, 97887
2026/07/08 17:04:55.455, 6, 63, 75612, 97887
2026/07/08 17:04:55.470, 7, 51, 75612, 97887
2026/07/08 17:04:56.483, 0, 0, 48704, 97887
2026/07/08 17:04:56.498, 1, 0, 48104, 97887
2026/07/08 17:04:56.514, 2, 0, 48104, 97887
2026/07/08 17:04:56.528, 3, 0, 48104, 97887
2026/07/08 17:04:56.541, 4, 43, 75612, 97887
2026/07/08 17:04:56.555, 5, 94, 75612, 97887
2026/07/08 17:04:56.568, 6, 78, 75612, 97887
2026/07/08 17:04:56.583, 7, 42, 75612, 97887
2026/07/08 17:04:57.602, 0, 0, 48704, 97887
2026/07/08 17:04:57.611, 1, 0, 48104, 97887
2026/07/08 17:04:57.618, 2, 0, 48104, 97887
2026/07/08 17:04:57.625, 3, 0, 48104, 97887
2026/07/08 17:04:57.632, 4, 100, 75612, 97887
2026/07/08 17:04:57.639, 5, 100, 75612, 97887
2026/07/08 17:04:57.650, 6, 85, 75612, 97887
2026/07/08 17:04:57.661, 7, 50, 75612, 97887
2026/07/08 17:04:58.673, 0, 0, 48704, 97887
2026/07/08 17:04:58.682, 1, 0, 48104, 97887
2026/07/08 17:04:58.695, 2, 0, 48104, 97887
2026/07/08 17:04:58.709, 3, 0, 48104, 97887
2026/07/08 17:04:58.721, 4, 100, 75612, 97887
2026/07/08 17:04:58.730, 5, 100, 75612, 97887
2026/07/08 17:04:58.742, 6, 76, 75612, 97887
2026/07/08 17:04:58.755, 7, 59, 75612, 97887
2026/07/08 17:04:59.763, 0, 0, 48704, 97887
2026/07/08 17:04:59.777, 1, 0, 48104, 97887
2026/07/08 17:04:59.793, 2, 0, 48104, 97887
2026/07/08 17:04:59.815, 3, 0, 48104, 97887
2026/07/08 17:04:59.830, 4, 33, 75614, 97887
2026/07/08 17:04:59.847, 5, 95, 75614, 97887
2026/07/08 17:04:59.863, 6, 96, 75612, 97887
2026/07/08 17:04:59.879, 7, 46, 75612, 97887
2026/07/08 17:05:00.897, 0, 0, 48704, 97887
2026/07/08 17:05:00.911, 1, 0, 48104, 97887
2026/07/08 17:05:00.922, 2, 0, 48104, 97887
2026/07/08 17:05:00.934, 3, 0, 48104, 97887
2026/07/08 17:05:00.947, 4, 58, 75614, 97887
2026/07/08 17:05:00.961, 5, 60, 75614, 97887
2026/07/08 17:05:00.976, 6, 92, 75612, 97887
2026/07/08 17:05:00.991, 7, 38, 75612, 97887
2026/07/08 17:05:02.006, 0, 0, 48704, 97887
2026/07/08 17:05:02.022, 1, 0, 48104, 97887
2026/07/08 17:05:02.037, 2, 0, 48104, 97887
2026/07/08 17:05:02.052, 3, 0, 48104, 97887
2026/07/08 17:05:02.069, 4, 32, 75614, 97887
2026/07/08 17:05:02.084, 5, 94, 75614, 97887
2026/07/08 17:05:02.099, 6, 96, 75612, 97887
2026/07/08 17:05:02.111, 7, 43, 75612, 97887
2026/07/08 17:05:03.122, 0, 0, 48704, 97887
2026/07/08 17:05:03.140, 1, 0, 48104, 97887
2026/07/08 17:05:03.156, 2, 0, 48104, 97887
2026/07/08 17:05:03.173, 3, 0, 48104, 97887
2026/07/08 17:05:03.190, 4, 32, 75614, 97887
2026/07/08 17:05:03.206, 5, 92, 75614, 97887
2026/07/08 17:05:03.223, 6, 59, 75612, 97887
2026/07/08 17:05:03.239, 7, 46, 75612, 97887
2026/07/08 17:05:04.258, 0, 0, 48704, 97887
2026/07/08 17:05:04.272, 1, 0, 48104, 97887
2026/07/08 17:05:04.286, 2, 0, 48104, 97887
2026/07/08 17:05:04.301, 3, 0, 48104, 97887
2026/07/08 17:05:04.316, 4, 34, 75614, 97887
2026/07/08 17:05:04.330, 5, 80, 75614, 97887
2026/07/08 17:05:04.344, 6, 61, 75612, 97887
2026/07/08 17:05:04.358, 7, 40, 75612, 97887
2026/07/08 17:05:05.370, 0, 0, 48704, 97887
2026/07/08 17:05:05.382, 1, 0, 48104, 97887
2026/07/08 17:05:05.393, 2, 0, 48104, 97887
2026/07/08 17:05:05.408, 3, 0, 48104, 97887
2026/07/08 17:05:05.421, 4, 64, 75614, 97887
2026/07/08 17:05:05.431, 5, 45, 75614, 97887
2026/07/08 17:05:05.444, 6, 65, 75612, 97887
2026/07/08 17:05:05.458, 7, 38, 75612, 97887
2026/07/08 17:05:06.471, 0, 0, 48704, 97887
2026/07/08 17:05:06.483, 1, 0, 48104, 97887
2026/07/08 17:05:06.499, 2, 0, 48104, 97887
2026/07/08 17:05:06.509, 3, 0, 48104, 97887
2026/07/08 17:05:06.519, 4, 67, 75614, 97887
2026/07/08 17:05:06.529, 5, 70, 75614, 97887
2026/07/08 17:05:06.542, 6, 75, 75612, 97887
2026/07/08 17:05:06.552, 7, 51, 75612, 97887
2026/07/08 17:05:07.563, 0, 0, 48704, 97887
2026/07/08 17:05:07.582, 1, 0, 48104, 97887
2026/07/08 17:05:07.598, 2, 0, 48104, 97887
2026/07/08 17:05:07.614, 3, 0, 48104, 97887
2026/07/08 17:05:07.631, 4, 78, 75614, 97887
2026/07/08 17:05:07.645, 5, 83, 75614, 97887
2026/07/08 17:05:07.658, 6, 39, 75612, 97887
2026/07/08 17:05:07.679, 7, 87, 75612, 97887
2026/07/08 17:05:08.694, 0, 0, 48704, 97887
2026/07/08 17:05:08.710, 1, 0, 48104, 97887
2026/07/08 17:05:08.724, 2, 0, 48104, 97887
2026/07/08 17:05:08.740, 3, 0, 48104, 97887
2026/07/08 17:05:08.756, 4, 55, 75614, 97887
2026/07/08 17:05:08.767, 5, 90, 75614, 97887
2026/07/08 17:05:08.783, 6, 96, 75612, 97887
2026/07/08 17:05:08.798, 7, 44, 75612, 97887
2026/07/08 17:05:09.815, 0, 0, 48704, 97887
2026/07/08 17:05:09.830, 1, 0, 48104, 97887
2026/07/08 17:05:09.844, 2, 0, 48104, 97887
2026/07/08 17:05:09.860, 3, 0, 48104, 97887
2026/07/08 17:05:09.877, 4, 25, 75614, 97887
2026/07/08 17:05:09.899, 5, 97, 75614, 97887
2026/07/08 17:05:09.913, 6, 92, 75612, 97887
2026/07/08 17:05:09.928, 7, 30, 75612, 97887
2026/07/08 17:05:10.942, 0, 0, 48704, 97887
2026/07/08 17:05:10.958, 1, 0, 48104, 97887
2026/07/08 17:05:10.974, 2, 0, 48104, 97887
2026/07/08 17:05:10.989, 3, 0, 48104, 97887
2026/07/08 17:05:11.004, 4, 63, 75614, 97887
2026/07/08 17:05:11.017, 5, 94, 75614, 97887
2026/07/08 17:05:11.035, 6, 87, 75612, 97887
2026/07/08 17:05:11.055, 7, 35, 75612, 97887
2026/07/08 17:05:12.070, 0, 0, 48704, 97887
2026/07/08 17:05:12.084, 1, 0, 48104, 97887
2026/07/08 17:05:12.098, 2, 0, 48104, 97887
2026/07/08 17:05:12.115, 3, 0, 48104, 97887
2026/07/08 17:05:12.129, 4, 35, 75614, 97887
2026/07/08 17:05:12.147, 5, 93, 75614, 97887
2026/07/08 17:05:12.162, 6, 72, 75612, 97887
2026/07/08 17:05:12.177, 7, 51, 75612, 97887
2026/07/08 17:05:13.192, 0, 0, 48704, 97887
2026/07/08 17:05:13.209, 1, 0, 48104, 97887
2026/07/08 17:05:13.225, 2, 0, 48104, 97887
2026/07/08 17:05:13.240, 3, 0, 48104, 97887
2026/07/08 17:05:13.256, 4, 89, 75614, 97887
2026/07/08 17:05:13.275, 5, 76, 75614, 97887
2026/07/08 17:05:13.292, 6, 90, 75612, 97887
2026/07/08 17:05:13.308, 7, 40, 75612, 97887
2026/07/08 17:05:14.322, 0, 0, 48704, 97887
2026/07/08 17:05:14.338, 1, 0, 48104, 97887
2026/07/08 17:05:14.352, 2, 0, 48104, 97887
2026/07/08 17:05:14.363, 3, 0, 48104, 97887
2026/07/08 17:05:14.374, 4, 81, 75614, 97887
2026/07/08 17:05:14.384, 5, 42, 75614, 97887
2026/07/08 17:05:14.399, 6, 96, 75612, 97887
2026/07/08 17:05:14.415, 7, 36, 75612, 97887
2026/07/08 17:05:15.429, 0, 0, 48704, 97887
2026/07/08 17:05:15.450, 1, 0, 48104, 97887
2026/07/08 17:05:15.461, 2, 0, 48104, 97887
2026/07/08 17:05:15.472, 3, 0, 48104, 97887
2026/07/08 17:05:15.483, 4, 39, 75614, 97887
2026/07/08 17:05:15.494, 5, 68, 75614, 97887
2026/07/08 17:05:15.507, 6, 68, 75612, 97887
2026/07/08 17:05:15.522, 7, 63, 75612, 97887
2026/07/08 17:05:16.538, 0, 0, 48704, 97887
2026/07/08 17:05:16.558, 1, 0, 48104, 97887
2026/07/08 17:05:16.573, 2, 0, 48104, 97887
2026/07/08 17:05:16.591, 3, 0, 48104, 97887
2026/07/08 17:05:16.610, 4, 82, 75614, 97887
2026/07/08 17:05:16.629, 5, 94, 75614, 97887
2026/07/08 17:05:16.647, 6, 84, 75612, 97887
2026/07/08 17:05:16.662, 7, 35, 75612, 97887
2026/07/08 17:05:17.678, 0, 0, 48704, 97887
2026/07/08 17:05:17.693, 1, 0, 48104, 97887
2026/07/08 17:05:17.707, 2, 0, 48104, 97887
2026/07/08 17:05:17.722, 3, 0, 48104, 97887
2026/07/08 17:05:17.737, 4, 38, 75614, 97887
2026/07/08 17:05:17.748, 5, 89, 75614, 97887
2026/07/08 17:05:17.759, 6, 82, 75612, 97887
2026/07/08 17:05:17.770, 7, 40, 75612, 97887
2026/07/08 17:05:18.783, 0, 0, 48704, 97887
2026/07/08 17:05:18.798, 1, 0, 48104, 97887
2026/07/08 17:05:18.810, 2, 0, 48104, 97887
2026/07/08 17:05:18.824, 3, 0, 48104, 97887
2026/07/08 17:05:18.840, 4, 53, 75614, 97887
2026/07/08 17:05:18.856, 5, 53, 75614, 97887
2026/07/08 17:05:18.871, 6, 89, 75612, 97887
2026/07/08 17:05:18.885, 7, 41, 75612, 97887
2026/07/08 17:05:19.898, 0, 0, 48704, 97887
2026/07/08 17:05:19.917, 1, 0, 48104, 97887
2026/07/08 17:05:19.933, 2, 0, 48104, 97887
2026/07/08 17:05:19.950, 3, 0, 48104, 97887
2026/07/08 17:05:19.963, 4, 32, 75614, 97887
2026/07/08 17:05:19.978, 5, 94, 75614, 97887
2026/07/08 17:05:19.994, 6, 93, 75612, 97887
2026/07/08 17:05:20.009, 7, 40, 75612, 97887
2026/07/08 17:05:21.027, 0, 0, 48704, 97887
2026/07/08 17:05:21.047, 1, 0, 48104, 97887
2026/07/08 17:05:21.065, 2, 0, 48104, 97887
2026/07/08 17:05:21.081, 3, 0, 48104, 97887
2026/07/08 17:05:21.097, 4, 50, 75614, 97887
2026/07/08 17:05:21.112, 5, 75, 75614, 97887
2026/07/08 17:05:21.126, 6, 49, 75612, 97887
2026/07/08 17:05:21.142, 7, 64, 75612, 97887
2026/07/08 17:05:22.155, 0, 0, 48704, 97887
2026/07/08 17:05:22.176, 1, 0, 48104, 97887
2026/07/08 17:05:22.194, 2, 0, 48104, 97887
2026/07/08 17:05:22.214, 3, 0, 48104, 97887
2026/07/08 17:05:22.232, 4, 44, 75614, 97887
2026/07/08 17:05:22.248, 5, 65, 75614, 97887
2026/07/08 17:05:22.264, 6, 48, 75612, 97887
2026/07/08 17:05:22.280, 7, 90, 75612, 97887
2026/07/08 17:05:23.296, 0, 0, 48704, 97887
2026/07/08 17:05:23.312, 1, 0, 48104, 97887
2026/07/08 17:05:23.327, 2, 0, 48104, 97887
2026/07/08 17:05:23.344, 3, 0, 48104, 97887
2026/07/08 17:05:23.360, 4, 33, 75614, 97887
2026/07/08 17:05:23.374, 5, 36, 75614, 97887
2026/07/08 17:05:23.385, 6, 50, 75612, 97887
2026/07/08 17:05:23.394, 7, 82, 75612, 97887
2026/07/08 17:05:24.405, 0, 0, 48704, 97887
2026/07/08 17:05:24.419, 1, 0, 48104, 97887
2026/07/08 17:05:24.430, 2, 0, 48104, 97887
2026/07/08 17:05:24.443, 3, 0, 48104, 97887
2026/07/08 17:05:24.460, 4, 36, 75614, 97887
2026/07/08 17:05:24.470, 5, 91, 75614, 97887
2026/07/08 17:05:24.478, 6, 95, 75612, 97887
2026/07/08 17:05:24.487, 7, 43, 75612, 97887
2026/07/08 17:05:25.499, 0, 0, 48704, 97887
2026/07/08 17:05:25.513, 1, 0, 48104, 97887
2026/07/08 17:05:25.526, 2, 0, 48104, 97887
2026/07/08 17:05:25.538, 3, 0, 48104, 97887
2026/07/08 17:05:25.552, 4, 47, 75614, 97887
2026/07/08 17:05:25.566, 5, 89, 75614, 97887
2026/07/08 17:05:25.578, 6, 92, 75612, 97887
2026/07/08 17:05:25.591, 7, 38, 75612, 97887
2026/07/08 17:05:26.605, 0, 0, 48704, 97887
2026/07/08 17:05:26.618, 1, 0, 48104, 97887
2026/07/08 17:05:26.632, 2, 0, 48104, 97887
2026/07/08 17:05:26.646, 3, 0, 48104, 97887
2026/07/08 17:05:26.660, 4, 82, 75614, 97887
2026/07/08 17:05:26.670, 5, 42, 75614, 97887
2026/07/08 17:05:26.678, 6, 90, 75612, 97887
2026/07/08 17:05:26.689, 7, 27, 75612, 97887
2026/07/08 17:05:27.699, 0, 0, 48704, 97887
2026/07/08 17:05:27.717, 1, 0, 48104, 97887
2026/07/08 17:05:27.733, 2, 0, 48104, 97887
2026/07/08 17:05:27.750, 3, 0, 48104, 97887
2026/07/08 17:05:27.766, 4, 53, 75614, 97887
2026/07/08 17:05:27.780, 5, 25, 75614, 97887
2026/07/08 17:05:27.796, 6, 94, 75612, 97887
2026/07/08 17:05:27.807, 7, 29, 75612, 97887
2026/07/08 17:05:28.814, 0, 0, 48704, 97887
2026/07/08 17:05:28.826, 1, 0, 48104, 97887
2026/07/08 17:05:28.839, 2, 0, 48104, 97887
2026/07/08 17:05:28.852, 3, 0, 48104, 97887
2026/07/08 17:05:28.865, 4, 37, 75614, 97887
2026/07/08 17:05:28.878, 5, 94, 75614, 97887
2026/07/08 17:05:28.891, 6, 89, 75612, 97887
2026/07/08 17:05:28.906, 7, 46, 75612, 97887
2026/07/08 17:05:29.917, 0, 0, 48704, 97887
2026/07/08 17:05:29.928, 1, 0, 48104, 97887
2026/07/08 17:05:29.939, 2, 0, 48104, 97887
2026/07/08 17:05:29.955, 3, 0, 48104, 97887
2026/07/08 17:05:29.965, 4, 37, 75614, 97887
2026/07/08 17:05:29.976, 5, 93, 75614, 97887
2026/07/08 17:05:29.988, 6, 87, 75612, 97887
2026/07/08 17:05:30.000, 7, 100, 75612, 97887
2026/07/08 17:05:31.018, 0, 0, 48704, 97887
2026/07/08 17:05:31.036, 1, 0, 48104, 97887
2026/07/08 17:05:31.050, 2, 0, 48104, 97887
2026/07/08 17:05:31.064, 3, 0, 48104, 97887
2026/07/08 17:05:31.076, 4, 37, 75614, 97887
2026/07/08 17:05:31.090, 5, 89, 75614, 97887
2026/07/08 17:05:31.103, 6, 85, 75612, 97887
2026/07/08 17:05:31.117, 7, 36, 75612, 97887
2026/07/08 17:05:32.130, 0, 0, 48704, 97887
2026/07/08 17:05:32.142, 1, 0, 48104, 97887
2026/07/08 17:05:32.156, 2, 0, 48104, 97887
2026/07/08 17:05:32.166, 3, 0, 48104, 97887
2026/07/08 17:05:32.180, 4, 42, 75614, 97887
2026/07/08 17:05:32.194, 5, 71, 75614, 97887
2026/07/08 17:05:32.209, 6, 81, 75612, 97887
2026/07/08 17:05:32.223, 7, 30, 75612, 97887
2026/07/08 17:05:33.239, 0, 0, 48704, 97887
2026/07/08 17:05:33.253, 1, 0, 48104, 97887
2026/07/08 17:05:33.270, 2, 0, 48104, 97887
2026/07/08 17:05:33.289, 3, 0, 48104, 97887
2026/07/08 17:05:33.303, 4, 41, 75614, 97887
2026/07/08 17:05:33.317, 5, 92, 75614, 97887
2026/07/08 17:05:33.328, 6, 92, 75612, 97887
2026/07/08 17:05:33.340, 7, 35, 75612, 97887
2026/07/08 17:05:34.358, 0, 0, 48704, 97887
2026/07/08 17:05:34.373, 1, 0, 48104, 97887
2026/07/08 17:05:34.390, 2, 0, 48104, 97887
2026/07/08 17:05:34.405, 3, 0, 48104, 97887
2026/07/08 17:05:34.418, 4, 53, 75614, 97887
2026/07/08 17:05:34.431, 5, 94, 75614, 97887
2026/07/08 17:05:34.447, 6, 91, 75612, 97887
2026/07/08 17:05:34.464, 7, 34, 75612, 97887
2026/07/08 17:05:35.481, 0, 0, 48704, 97887
2026/07/08 17:05:35.496, 1, 0, 48104, 97887
2026/07/08 17:05:35.509, 2, 0, 48104, 97887
2026/07/08 17:05:35.524, 3, 0, 48104, 97887
2026/07/08 17:05:35.538, 4, 66, 75614, 97887
2026/07/08 17:05:35.555, 5, 19, 75614, 97887
2026/07/08 17:05:35.569, 6, 92, 75612, 97887
2026/07/08 17:05:35.584, 7, 28, 75612, 97887
2026/07/08 17:05:36.597, 0, 0, 48704, 97887
2026/07/08 17:05:36.613, 1, 0, 48104, 97887
2026/07/08 17:05:36.630, 2, 0, 48104, 97887
2026/07/08 17:05:36.644, 3, 0, 48104, 97887
2026/07/08 17:05:36.659, 4, 67, 75614, 97887
2026/07/08 17:05:36.677, 5, 36, 75614, 97887
2026/07/08 17:05:36.691, 6, 93, 75612, 97887
2026/07/08 17:05:36.706, 7, 29, 75612, 97887
2026/07/08 17:05:37.723, 0, 0, 48704, 97887
2026/07/08 17:05:37.739, 1, 0, 48104, 97887
2026/07/08 17:05:37.753, 2, 0, 48104, 97887
2026/07/08 17:05:37.767, 3, 0, 48104, 97887
2026/07/08 17:05:37.782, 4, 69, 75614, 97887
2026/07/08 17:05:37.795, 5, 94, 75614, 97887
2026/07/08 17:05:37.813, 6, 84, 75612, 97887
2026/07/08 17:05:37.829, 7, 36, 75612, 97887
2026/07/08 17:05:38.840, 0, 0, 48704, 97887
2026/07/08 17:05:38.854, 1, 0, 48104, 97887
2026/07/08 17:05:38.869, 2, 0, 48104, 97887
2026/07/08 17:05:38.887, 3, 0, 48104, 97887
2026/07/08 17:05:38.902, 4, 54, 75614, 97887
2026/07/08 17:05:38.916, 5, 89, 75614, 97887
2026/07/08 17:05:38.929, 6, 94, 75612, 97887
2026/07/08 17:05:38.942, 7, 40, 75612, 97887
2026/07/08 17:05:39.955, 0, 0, 48704, 97887
2026/07/08 17:05:39.974, 1, 0, 48104, 97887
2026/07/08 17:05:39.987, 2, 0, 48104, 97887
2026/07/08 17:05:39.999, 3, 0, 48104, 97887
2026/07/08 17:05:40.013, 4, 43, 75614, 97887
2026/07/08 17:05:40.028, 5, 95, 75614, 97887
2026/07/08 17:05:40.044, 6, 77, 75612, 97887
2026/07/08 17:05:40.058, 7, 55, 75612, 97887
2026/07/08 17:05:41.075, 0, 0, 48704, 97887
2026/07/08 17:05:41.093, 1, 0, 48104, 97887
2026/07/08 17:05:41.109, 2, 0, 48104, 97887
2026/07/08 17:05:41.126, 3, 0, 48104, 97887
2026/07/08 17:05:41.144, 4, 35, 75614, 97887
2026/07/08 17:05:41.163, 5, 37, 75614, 97887
2026/07/08 17:05:41.178, 6, 93, 75612, 97887
2026/07/08 17:05:41.193, 7, 31, 75612, 97887
2026/07/08 17:05:42.207, 0, 0, 48704, 97887
2026/07/08 17:05:42.218, 1, 0, 48104, 97887
2026/07/08 17:05:42.232, 2, 0, 48104, 97887
2026/07/08 17:05:42.249, 3, 0, 48104, 97887
2026/07/08 17:05:42.266, 4, 48, 75614, 97887
2026/07/08 17:05:42.287, 5, 84, 75614, 97887
2026/07/08 17:05:42.304, 6, 62, 75612, 97887
2026/07/08 17:05:42.323, 7, 59, 75612, 97887
2026/07/08 17:05:43.342, 0, 0, 48704, 97887
2026/07/08 17:05:43.356, 1, 0, 48104, 97887
2026/07/08 17:05:43.371, 2, 0, 48104, 97887
2026/07/08 17:05:43.384, 3, 0, 48104, 97887
2026/07/08 17:05:43.417, 4, 37, 75614, 97887
2026/07/08 17:05:43.435, 5, 34, 75614, 97887
2026/07/08 17:05:43.459, 6, 85, 75612, 97887
2026/07/08 17:05:43.474, 7, 39, 75612, 97887
2026/07/08 17:05:44.488, 0, 0, 48704, 97887
2026/07/08 17:05:44.502, 1, 0, 48104, 97887
2026/07/08 17:05:44.517, 2, 0, 48104, 97887
2026/07/08 17:05:44.532, 3, 0, 48104, 97887
2026/07/08 17:05:44.547, 4, 36, 75614, 97887
2026/07/08 17:05:44.562, 5, 94, 75614, 97887
2026/07/08 17:05:44.576, 6, 84, 75612, 97887
2026/07/08 17:05:44.591, 7, 91, 75612, 97887
2026/07/08 17:05:45.608, 0, 0, 48704, 97887
2026/07/08 17:05:45.620, 1, 0, 48104, 97887
2026/07/08 17:05:45.634, 2, 0, 48104, 97887
2026/07/08 17:05:45.647, 3, 0, 48104, 97887
2026/07/08 17:05:45.661, 4, 35, 75614, 97887
2026/07/08 17:05:45.674, 5, 94, 75614, 97887
2026/07/08 17:05:45.688, 6, 50, 75612, 97887
2026/07/08 17:05:45.704, 7, 84, 75612, 97887
2026/07/08 17:05:46.721, 0, 0, 48704, 97887
2026/07/08 17:05:46.735, 1, 0, 48104, 97887
2026/07/08 17:05:46.751, 2, 0, 48104, 97887
2026/07/08 17:05:46.766, 3, 0, 48104, 97887
2026/07/08 17:05:46.781, 4, 35, 75614, 97887
2026/07/08 17:05:46.794, 5, 94, 75614, 97887
2026/07/08 17:05:46.807, 6, 46, 75612, 97887
2026/07/08 17:05:46.818, 7, 88, 75612, 97887
2026/07/08 17:05:47.835, 0, 0, 48704, 97887
2026/07/08 17:05:47.849, 1, 0, 48104, 97887
2026/07/08 17:05:47.863, 2, 0, 48104, 97887
2026/07/08 17:05:47.875, 3, 0, 48104, 97887
2026/07/08 17:05:47.887, 4, 33, 75614, 97887
2026/07/08 17:05:47.899, 5, 90, 75614, 97887
2026/07/08 17:05:47.915, 6, 50, 75612, 97887
2026/07/08 17:05:47.930, 7, 76, 75612, 97887
2026/07/08 17:05:48.942, 0, 0, 48704, 97887
2026/07/08 17:05:48.969, 1, 0, 48104, 97887
2026/07/08 17:05:48.984, 2, 0, 48104, 97887
2026/07/08 17:05:48.998, 3, 0, 48104, 97887
2026/07/08 17:05:49.020, 4, 35, 75614, 97887
2026/07/08 17:05:49.035, 5, 93, 75614, 97887
2026/07/08 17:05:49.047, 6, 94, 75612, 97887
2026/07/08 17:05:49.061, 7, 42, 75612, 97887
2026/07/08 17:05:50.068, 0, 0, 48704, 97887
2026/07/08 17:05:50.086, 1, 0, 48104, 97887
2026/07/08 17:05:50.102, 2, 0, 48104, 97887
2026/07/08 17:05:50.116, 3, 0, 48104, 97887
2026/07/08 17:05:50.133, 4, 38, 75614, 97887
2026/07/08 17:05:50.151, 5, 95, 75614, 97887
2026/07/08 17:05:50.171, 6, 96, 75612, 97887
2026/07/08 17:05:50.186, 7, 35, 75612, 97887
2026/07/08 17:05:51.200, 0, 0, 48704, 97887
2026/07/08 17:05:51.214, 1, 0, 48104, 97887
2026/07/08 17:05:51.228, 2, 0, 48104, 97887
2026/07/08 17:05:51.244, 3, 0, 48104, 97887
2026/07/08 17:05:51.263, 4, 33, 75614, 97887
2026/07/08 17:05:51.281, 5, 89, 75614, 97887
2026/07/08 17:05:51.293, 6, 72, 75612, 97887
2026/07/08 17:05:51.310, 7, 65, 75612, 97887
2026/07/08 17:05:52.327, 0, 0, 48704, 97887
2026/07/08 17:05:52.340, 1, 0, 48104, 97887
2026/07/08 17:05:52.353, 2, 0, 48104, 97887
2026/07/08 17:05:52.370, 3, 0, 48104, 97887
2026/07/08 17:05:52.386, 4, 34, 75614, 97887
2026/07/08 17:05:52.405, 5, 84, 75614, 97887
2026/07/08 17:05:52.420, 6, 91, 75612, 97887
2026/07/08 17:05:52.435, 7, 33, 75612, 97887
2026/07/08 17:05:53.451, 0, 0, 48704, 97887
2026/07/08 17:05:53.463, 1, 0, 48104, 97887
2026/07/08 17:05:53.475, 2, 0, 48104, 97887
2026/07/08 17:05:53.488, 3, 0, 48104, 97887
2026/07/08 17:05:53.502, 4, 37, 75614, 97887
2026/07/08 17:05:53.514, 5, 94, 75614, 97887
2026/07/08 17:05:53.526, 6, 77, 75612, 97887
2026/07/08 17:05:53.538, 7, 31, 75612, 97887
2026/07/08 17:05:54.550, 0, 0, 48704, 97887
2026/07/08 17:05:54.573, 1, 0, 48104, 97887
2026/07/08 17:05:54.588, 2, 0, 48104, 97887
2026/07/08 17:05:54.607, 3, 0, 48104, 97887
2026/07/08 17:05:54.637, 4, 37, 75614, 97887
2026/07/08 17:05:54.658, 5, 93, 75614, 97887
2026/07/08 17:05:54.679, 6, 62, 75612, 97887
2026/07/08 17:05:54.697, 7, 43, 75612, 97887
2026/07/08 17:05:55.723, 0, 0, 48704, 97887
2026/07/08 17:05:55.741, 1, 0, 48104, 97887
2026/07/08 17:05:55.759, 2, 0, 48104, 97887
2026/07/08 17:05:55.773, 3, 0, 48104, 97887
2026/07/08 17:05:55.785, 4, 34, 75614, 97887
2026/07/08 17:05:55.799, 5, 94, 75614, 97887
2026/07/08 17:05:55.814, 6, 83, 75614, 97887
2026/07/08 17:05:55.828, 7, 44, 75614, 97887
2026/07/08 17:05:56.840, 0, 0, 48704, 97887
2026/07/08 17:05:56.854, 1, 0, 48104, 97887
2026/07/08 17:05:56.867, 2, 0, 48104, 97887
2026/07/08 17:05:56.879, 3, 0, 48104, 97887
2026/07/08 17:05:56.893, 4, 100, 75614, 97887
2026/07/08 17:05:56.907, 5, 100, 75614, 97887
2026/07/08 17:05:56.921, 6, 70, 75614, 97887
2026/07/08 17:05:56.937, 7, 65, 75614, 97887
2026/07/08 17:05:57.954, 0, 0, 48704, 97887
2026/07/08 17:05:57.972, 1, 0, 48104, 97887
2026/07/08 17:05:57.991, 2, 0, 48104, 97887
2026/07/08 17:05:58.009, 3, 0, 48104, 97887
2026/07/08 17:05:58.028, 4, 34, 75616, 97887
2026/07/08 17:05:58.048, 5, 94, 75614, 97887
2026/07/08 17:05:58.067, 6, 51, 75614, 97887
2026/07/08 17:05:58.085, 7, 50, 75614, 97887
2026/07/08 17:05:59.102, 0, 0, 48704, 97887
2026/07/08 17:05:59.119, 1, 0, 48104, 97887
2026/07/08 17:05:59.135, 2, 0, 48104, 97887
2026/07/08 17:05:59.151, 3, 0, 48104, 97887
2026/07/08 17:05:59.170, 4, 33, 75616, 97887
2026/07/08 17:05:59.185, 5, 94, 75614, 97887
2026/07/08 17:05:59.198, 6, 93, 75614, 97887
2026/07/08 17:05:59.215, 7, 44, 75614, 97887
2026/07/08 17:06:00.232, 0, 0, 48704, 97887
2026/07/08 17:06:00.249, 1, 0, 48104, 97887
2026/07/08 17:06:00.266, 2, 0, 48104, 97887
2026/07/08 17:06:00.280, 3, 0, 48104, 97887
2026/07/08 17:06:00.293, 4, 92, 75616, 97887
2026/07/08 17:06:00.308, 5, 36, 75614, 97887
2026/07/08 17:06:00.321, 6, 46, 75614, 97887
2026/07/08 17:06:00.334, 7, 72, 75614, 97887
2026/07/08 17:06:01.347, 0, 0, 48704, 97887
2026/07/08 17:06:01.364, 1, 0, 48104, 97887
2026/07/08 17:06:01.378, 2, 0, 48104, 97887
2026/07/08 17:06:01.392, 3, 0, 48104, 97887
2026/07/08 17:06:01.411, 4, 33, 75616, 97887
2026/07/08 17:06:01.419, 5, 38, 75614, 97887
2026/07/08 17:06:01.425, 6, 59, 75614, 97887
2026/07/08 17:06:01.434, 7, 63, 75614, 97887
2026/07/08 17:06:02.443, 0, 0, 48704, 97887
2026/07/08 17:06:02.463, 1, 0, 48104, 97887
2026/07/08 17:06:02.479, 2, 0, 48104, 97887
2026/07/08 17:06:02.496, 3, 0, 48104, 97887
2026/07/08 17:06:02.512, 4, 77, 75616, 97887
2026/07/08 17:06:02.523, 5, 60, 75614, 97887
2026/07/08 17:06:02.529, 6, 41, 75614, 97887
2026/07/08 17:06:02.543, 7, 83, 75614, 97887
2026/07/08 17:06:03.555, 0, 0, 48704, 97887
2026/07/08 17:06:03.574, 1, 0, 48104, 97887
2026/07/08 17:06:03.593, 2, 0, 48104, 97887
2026/07/08 17:06:03.610, 3, 0, 48104, 97887
2026/07/08 17:06:03.628, 4, 66, 75616, 97887
2026/07/08 17:06:03.643, 5, 50, 75616, 97887
2026/07/08 17:06:03.658, 6, 60, 75614, 97887
2026/07/08 17:06:03.673, 7, 70, 75614, 97887
2026/07/08 17:06:04.687, 0, 0, 48704, 97887
2026/07/08 17:06:04.704, 1, 0, 48104, 97887
2026/07/08 17:06:04.724, 2, 0, 48104, 97887
2026/07/08 17:06:04.739, 3, 0, 48104, 97887
2026/07/08 17:06:04.754, 4, 32, 75616, 97887
2026/07/08 17:06:04.768, 5, 90, 75616, 97887
2026/07/08 17:06:04.783, 6, 47, 75614, 97887
2026/07/08 17:06:04.797, 7, 71, 75614, 97887
2026/07/08 17:06:05.815, 0, 0, 48704, 97887
2026/07/08 17:06:05.833, 1, 0, 48104, 97887
2026/07/08 17:06:05.849, 2, 0, 48104, 97887
2026/07/08 17:06:05.865, 3, 0, 48104, 97887
2026/07/08 17:06:05.881, 4, 54, 75616, 97887
2026/07/08 17:06:05.894, 5, 79, 75616, 97887
2026/07/08 17:06:05.908, 6, 39, 75614, 97887
2026/07/08 17:06:05.919, 7, 86, 75614, 97887
2026/07/08 17:06:06.930, 0, 0, 48704, 97887
2026/07/08 17:06:06.945, 1, 0, 48104, 97887
2026/07/08 17:06:06.962, 2, 0, 48104, 97887
2026/07/08 17:06:06.979, 3, 0, 48104, 97887
2026/07/08 17:06:06.998, 4, 49, 75616, 97887
2026/07/08 17:06:07.016, 5, 51, 75616, 97887
2026/07/08 17:06:07.033, 6, 41, 75614, 97887
2026/07/08 17:06:07.051, 7, 72, 75614, 97887
2026/07/08 17:06:08.064, 0, 0, 48704, 97887
2026/07/08 17:06:08.076, 1, 0, 48104, 97887
2026/07/08 17:06:08.087, 2, 0, 48104, 97887
2026/07/08 17:06:08.097, 3, 0, 48104, 97887
2026/07/08 17:06:08.109, 4, 62, 75616, 97887
2026/07/08 17:06:08.120, 5, 62, 75616, 97887
2026/07/08 17:06:08.132, 6, 43, 75614, 97887
2026/07/08 17:06:08.144, 7, 92, 75614, 97887
2026/07/08 17:06:09.157, 0, 0, 48704, 97887
2026/07/08 17:06:09.174, 1, 0, 48104, 97887
2026/07/08 17:06:09.190, 2, 0, 48104, 97887
2026/07/08 17:06:09.204, 3, 0, 48104, 97887
2026/07/08 17:06:09.218, 4, 34, 75616, 97887
2026/07/08 17:06:09.230, 5, 88, 75616, 97887
2026/07/08 17:06:09.246, 6, 56, 75614, 97887
2026/07/08 17:06:09.261, 7, 58, 75614, 97887
2026/07/08 17:06:10.279, 0, 0, 48704, 97887
2026/07/08 17:06:10.292, 1, 0, 48104, 97887
2026/07/08 17:06:10.305, 2, 0, 48104, 97887
2026/07/08 17:06:10.316, 3, 0, 48104, 97887
2026/07/08 17:06:10.330, 4, 35, 75616, 97887
2026/07/08 17:06:10.342, 5, 91, 75616, 97887
2026/07/08 17:06:10.355, 6, 34, 75614, 97887
2026/07/08 17:06:10.369, 7, 83, 75614, 97887
2026/07/08 17:06:11.384, 0, 0, 48704, 97887
2026/07/08 17:06:11.398, 1, 0, 48104, 97887
2026/07/08 17:06:11.410, 2, 0, 48104, 97887
2026/07/08 17:06:11.425, 3, 0, 48104, 97887
2026/07/08 17:06:11.440, 4, 34, 75616, 97887
2026/07/08 17:06:11.452, 5, 94, 75616, 97887
2026/07/08 17:06:11.464, 6, 47, 75614, 97887
2026/07/08 17:06:11.474, 7, 81, 75614, 97887
2026/07/08 17:06:12.486, 0, 0, 48704, 97887
2026/07/08 17:06:12.502, 1, 0, 48104, 97887
2026/07/08 17:06:12.515, 2, 0, 48104, 97887
2026/07/08 17:06:12.530, 3, 0, 48104, 97887
2026/07/08 17:06:12.544, 4, 35, 75616, 97887
2026/07/08 17:06:12.551, 5, 94, 75616, 97887
2026/07/08 17:06:12.557, 6, 41, 75614, 97887
2026/07/08 17:06:12.568, 7, 88, 75614, 97887
2026/07/08 17:06:13.578, 0, 0, 48704, 97887
2026/07/08 17:06:13.591, 1, 0, 48104, 97887
2026/07/08 17:06:13.603, 2, 0, 48104, 97887
2026/07/08 17:06:13.617, 3, 0, 48104, 97887
2026/07/08 17:06:13.631, 4, 33, 75616, 97887
2026/07/08 17:06:13.644, 5, 91, 75616, 97887
2026/07/08 17:06:13.656, 6, 59, 75614, 97887
2026/07/08 17:06:13.670, 7, 89, 75614, 97887
2026/07/08 17:06:14.685, 0, 0, 48704, 97887
2026/07/08 17:06:14.697, 1, 0, 48104, 97887
2026/07/08 17:06:14.708, 2, 0, 48104, 97887
2026/07/08 17:06:14.717, 3, 0, 48104, 97887
2026/07/08 17:06:14.731, 4, 32, 75616, 97887
2026/07/08 17:06:14.743, 5, 86, 75616, 97887
2026/07/08 17:06:14.754, 6, 39, 75614, 97887
2026/07/08 17:06:14.768, 7, 87, 75614, 97887
2026/07/08 17:06:15.785, 0, 0, 48704, 97887
2026/07/08 17:06:15.799, 1, 0, 48104, 97887
2026/07/08 17:06:15.813, 2, 0, 48104, 97887
2026/07/08 17:06:15.827, 3, 0, 48104, 97887
2026/07/08 17:06:15.841, 4, 100, 75616, 97887
2026/07/08 17:06:15.855, 5, 100, 75616, 97887
2026/07/08 17:06:15.871, 6, 52, 75614, 97887
2026/07/08 17:06:15.887, 7, 92, 75614, 97887
2026/07/08 17:06:16.903, 0, 0, 48704, 97887
2026/07/08 17:06:16.920, 1, 0, 48104, 97887
2026/07/08 17:06:16.940, 2, 0, 48104, 97887
2026/07/08 17:06:16.957, 3, 0, 48104, 97887
2026/07/08 17:06:16.975, 4, 92, 75616, 97887
2026/07/08 17:06:16.994, 5, 34, 75616, 97887
2026/07/08 17:06:17.008, 6, 31, 75614, 97887
2026/07/08 17:06:17.026, 7, 84, 75614, 97887
2026/07/08 17:06:18.043, 0, 0, 48704, 97887
2026/07/08 17:06:18.053, 1, 0, 48104, 97887
2026/07/08 17:06:18.063, 2, 0, 48104, 97887
2026/07/08 17:06:18.073, 3, 0, 48104, 97887
2026/07/08 17:06:18.084, 4, 45, 75616, 97887
2026/07/08 17:06:18.096, 5, 78, 75616, 97887
2026/07/08 17:06:18.111, 6, 46, 75614, 97887
2026/07/08 17:06:18.127, 7, 86, 75614, 97887
2026/07/08 17:06:19.144, 0, 0, 48704, 97887
2026/07/08 17:06:19.154, 1, 0, 48104, 97887
2026/07/08 17:06:19.161, 2, 0, 48104, 97887
2026/07/08 17:06:19.173, 3, 0, 48104, 97887
2026/07/08 17:06:19.187, 4, 35, 75616, 97887
2026/07/08 17:06:19.202, 5, 87, 75616, 97887
2026/07/08 17:06:19.217, 6, 47, 75614, 97887
2026/07/08 17:06:19.235, 7, 57, 75614, 97887
2026/07/08 17:06:20.251, 0, 0, 48704, 97887
2026/07/08 17:06:20.264, 1, 0, 48104, 97887
2026/07/08 17:06:20.281, 2, 0, 48104, 97887
2026/07/08 17:06:20.295, 3, 0, 48104, 97887
2026/07/08 17:06:20.310, 4, 53, 75616, 97887
2026/07/08 17:06:20.322, 5, 86, 75616, 97887
2026/07/08 17:06:20.335, 6, 100, 75614, 97887
2026/07/08 17:06:20.348, 7, 100, 75614, 97887
2026/07/08 17:06:21.361, 0, 0, 48704, 97887
2026/07/08 17:06:21.378, 1, 0, 48104, 97887
2026/07/08 17:06:21.392, 2, 0, 48104, 97887
2026/07/08 17:06:21.407, 3, 0, 48104, 97887
2026/07/08 17:06:21.420, 4, 35, 75616, 97887
2026/07/08 17:06:21.435, 5, 95, 75616, 97887
2026/07/08 17:06:21.451, 6, 51, 75614, 97887
2026/07/08 17:06:21.463, 7, 89, 75614, 97887
2026/07/08 17:06:22.477, 0, 0, 48704, 97887
2026/07/08 17:06:22.490, 1, 0, 48104, 97887
2026/07/08 17:06:22.503, 2, 0, 48104, 97887
2026/07/08 17:06:22.514, 3, 0, 48104, 97887
2026/07/08 17:06:22.526, 4, 21, 75616, 97887
2026/07/08 17:06:22.535, 5, 45, 75616, 97887
2026/07/08 17:06:22.543, 6, 37, 75614, 97887
2026/07/08 17:06:22.556, 7, 94, 75614, 97887
2026/07/08 17:06:23.567, 0, 0, 48704, 97887
2026/07/08 17:06:23.579, 1, 0, 48104, 97887
2026/07/08 17:06:23.591, 2, 0, 48104, 97887
2026/07/08 17:06:23.602, 3, 0, 48104, 97887
2026/07/08 17:06:23.615, 4, 100, 75616, 97887
2026/07/08 17:06:23.628, 5, 100, 75616, 97887
2026/07/08 17:06:23.640, 6, 54, 75614, 97887
2026/07/08 17:06:23.654, 7, 94, 75614, 97887
2026/07/08 17:06:24.664, 0, 0, 48704, 97887
2026/07/08 17:06:24.682, 1, 0, 48104, 97887
2026/07/08 17:06:24.694, 2, 0, 48104, 97887
2026/07/08 17:06:24.708, 3, 0, 48104, 97887
2026/07/08 17:06:24.727, 4, 47, 75618, 97887
2026/07/08 17:06:24.744, 5, 90, 75616, 97887
2026/07/08 17:06:24.758, 6, 39, 75614, 97887
2026/07/08 17:06:24.772, 7, 89, 75614, 97887
2026/07/08 17:06:25.788, 0, 0, 48704, 97887
2026/07/08 17:06:25.802, 1, 0, 48104, 97887
2026/07/08 17:06:25.818, 2, 0, 48104, 97887
2026/07/08 17:06:25.834, 3, 0, 48104, 97887
2026/07/08 17:06:25.851, 4, 42, 75618, 97887
2026/07/08 17:06:25.868, 5, 95, 75616, 97887
2026/07/08 17:06:25.881, 6, 35, 75614, 97887
2026/07/08 17:06:25.897, 7, 84, 75614, 97887
2026/07/08 17:06:26.911, 0, 0, 48704, 97887
2026/07/08 17:06:26.921, 1, 0, 48104, 97887
2026/07/08 17:06:26.933, 2, 0, 48104, 97887
2026/07/08 17:06:26.949, 3, 0, 48104, 97887
2026/07/08 17:06:26.964, 4, 43, 75618, 97887
2026/07/08 17:06:26.980, 5, 85, 75616, 97887
2026/07/08 17:06:26.995, 6, 41, 75614, 97887
2026/07/08 17:06:27.011, 7, 87, 75614, 97887
2026/07/08 17:06:28.025, 0, 0, 48704, 97887
2026/07/08 17:06:28.041, 1, 0, 48104, 97887
2026/07/08 17:06:28.055, 2, 0, 48104, 97887
2026/07/08 17:06:28.070, 3, 0, 48104, 97887
2026/07/08 17:06:28.086, 4, 75, 75618, 97887
2026/07/08 17:06:28.104, 5, 49, 75616, 97887
2026/07/08 17:06:28.123, 6, 36, 75614, 97887
2026/07/08 17:06:28.142, 7, 95, 75614, 97887
2026/07/08 17:06:29.161, 0, 0, 48704, 97887
2026/07/08 17:06:29.177, 1, 0, 48104, 97887
2026/07/08 17:06:29.195, 2, 0, 48104, 97887
2026/07/08 17:06:29.209, 3, 0, 48104, 97887
2026/07/08 17:06:29.222, 4, 43, 75618, 97887
2026/07/08 17:06:29.236, 5, 93, 75616, 97887
2026/07/08 17:06:29.251, 6, 46, 75614, 97887
2026/07/08 17:06:29.270, 7, 87, 75614, 97887
2026/07/08 17:06:30.286, 0, 0, 48704, 97887
2026/07/08 17:06:30.303, 1, 0, 48104, 97887
2026/07/08 17:06:30.321, 2, 0, 48104, 97887
2026/07/08 17:06:30.341, 3, 0, 48104, 97887
2026/07/08 17:06:30.355, 4, 34, 75618, 97887
2026/07/08 17:06:30.374, 5, 94, 75616, 97887
2026/07/08 17:06:30.390, 6, 39, 75614, 97887
2026/07/08 17:06:30.408, 7, 93, 75614, 97887
2026/07/08 17:06:31.422, 0, 0, 48704, 97887
2026/07/08 17:06:31.435, 1, 0, 48104, 97887
2026/07/08 17:06:31.447, 2, 0, 48104, 97887
2026/07/08 17:06:31.461, 3, 0, 48104, 97887
2026/07/08 17:06:31.477, 4, 33, 75618, 97887
2026/07/08 17:06:31.494, 5, 77, 75616, 97887
2026/07/08 17:06:31.505, 6, 32, 75614, 97887
2026/07/08 17:06:31.518, 7, 95, 75614, 97887
2026/07/08 17:06:32.530, 0, 0, 48704, 97887
2026/07/08 17:06:32.544, 1, 0, 48104, 97887
2026/07/08 17:06:32.559, 2, 0, 48104, 97887
2026/07/08 17:06:32.569, 3, 0, 48104, 97887
2026/07/08 17:06:32.587, 4, 32, 75618, 97887
2026/07/08 17:06:32.604, 5, 95, 75616, 97887
2026/07/08 17:06:32.614, 6, 40, 75614, 97887
2026/07/08 17:06:32.623, 7, 75, 75614, 97887
2026/07/08 17:06:33.636, 0, 0, 48704, 97887
2026/07/08 17:06:33.657, 1, 0, 48104, 97887
2026/07/08 17:06:33.673, 2, 0, 48104, 97887
2026/07/08 17:06:33.686, 3, 0, 48104, 97887
2026/07/08 17:06:33.702, 4, 32, 75618, 97887
2026/07/08 17:06:33.717, 5, 95, 75616, 97887
2026/07/08 17:06:33.733, 6, 37, 75614, 97887
2026/07/08 17:06:33.750, 7, 45, 75614, 97887
2026/07/08 17:06:34.765, 0, 0, 48704, 97887
2026/07/08 17:06:34.779, 1, 0, 48104, 97887
2026/07/08 17:06:34.791, 2, 0, 48104, 97887
2026/07/08 17:06:34.806, 3, 0, 48104, 97887
2026/07/08 17:06:34.822, 4, 31, 75618, 97887
2026/07/08 17:06:34.837, 5, 93, 75616, 97887
2026/07/08 17:06:34.852, 6, 46, 75614, 97887
2026/07/08 17:06:34.864, 7, 76, 75614, 97887
2026/07/08 17:06:35.879, 0, 0, 48704, 97887
2026/07/08 17:06:35.893, 1, 0, 48104, 97887
2026/07/08 17:06:35.906, 2, 0, 48104, 97887
2026/07/08 17:06:35.923, 3, 0, 48104, 97887
2026/07/08 17:06:35.937, 4, 39, 75618, 97887
2026/07/08 17:06:35.953, 5, 88, 75616, 97887
2026/07/08 17:06:35.968, 6, 100, 75614, 97887
2026/07/08 17:06:35.983, 7, 100, 75614, 97887
2026/07/08 17:06:36.998, 0, 0, 48704, 97887
2026/07/08 17:06:37.014, 1, 0, 48104, 97887
2026/07/08 17:06:37.029, 2, 0, 48104, 97887
2026/07/08 17:06:37.042, 3, 0, 48104, 97887
2026/07/08 17:06:37.056, 4, 34, 75618, 97887
2026/07/08 17:06:37.074, 5, 94, 75616, 97887
2026/07/08 17:06:37.087, 6, 100, 75616, 97887
2026/07/08 17:06:37.100, 7, 100, 75614, 97887
2026/07/08 17:06:38.113, 0, 0, 48704, 97887
2026/07/08 17:06:38.126, 1, 0, 48104, 97887
2026/07/08 17:06:38.138, 2, 0, 48104, 97887
2026/07/08 17:06:38.153, 3, 0, 48104, 97887
2026/07/08 17:06:38.171, 4, 91, 75618, 97887
2026/07/08 17:06:38.187, 5, 33, 75616, 97887
2026/07/08 17:06:38.203, 6, 33, 75616, 97887
2026/07/08 17:06:38.219, 7, 80, 75614, 97887
2026/07/08 17:06:39.233, 0, 0, 48704, 97887
2026/07/08 17:06:39.248, 1, 0, 48104, 97887
2026/07/08 17:06:39.263, 2, 0, 48104, 97887
2026/07/08 17:06:39.276, 3, 0, 48104, 97887
2026/07/08 17:06:39.292, 4, 88, 75618, 97887
2026/07/08 17:06:39.308, 5, 61, 75616, 97887
2026/07/08 17:06:39.321, 6, 47, 75616, 97887
2026/07/08 17:06:39.334, 7, 92, 75614, 97887
2026/07/08 17:06:40.348, 0, 0, 48704, 97887
2026/07/08 17:06:40.361, 1, 0, 48104, 97887
2026/07/08 17:06:40.371, 2, 0, 48104, 97887
2026/07/08 17:06:40.379, 3, 0, 48104, 97887
2026/07/08 17:06:40.388, 4, 34, 75618, 97887
2026/07/08 17:06:40.398, 5, 95, 75616, 97887
2026/07/08 17:06:40.410, 6, 88, 75616, 97887
2026/07/08 17:06:40.423, 7, 72, 75614, 97887
2026/07/08 17:06:41.436, 0, 0, 48704, 97887
2026/07/08 17:06:41.451, 1, 0, 48104, 97887
2026/07/08 17:06:41.467, 2, 0, 48104, 97887
2026/07/08 17:06:41.487, 3, 0, 48104, 97887
2026/07/08 17:06:41.502, 4, 43, 75618, 97887
2026/07/08 17:06:41.519, 5, 69, 75616, 97887
2026/07/08 17:06:41.529, 6, 75, 75616, 97887
2026/07/08 17:06:41.545, 7, 53, 75614, 97887
2026/07/08 17:06:42.560, 0, 0, 48704, 97887
2026/07/08 17:06:42.572, 1, 0, 48104, 97887
2026/07/08 17:06:42.582, 2, 0, 48104, 97887
2026/07/08 17:06:42.591, 3, 0, 48104, 97887
2026/07/08 17:06:42.602, 4, 41, 75618, 97887
2026/07/08 17:06:42.614, 5, 91, 75616, 97887
2026/07/08 17:06:42.630, 6, 43, 75616, 97887
2026/07/08 17:06:42.645, 7, 84, 75614, 97887
2026/07/08 17:06:43.659, 0, 0, 48704, 97887
2026/07/08 17:06:43.677, 1, 0, 48104, 97887
2026/07/08 17:06:43.697, 2, 0, 48104, 97887
2026/07/08 17:06:43.714, 3, 0, 48104, 97887
2026/07/08 17:06:43.728, 4, 94, 75618, 97887
2026/07/08 17:06:43.744, 5, 34, 75616, 97887
2026/07/08 17:06:43.759, 6, 31, 75616, 97887
2026/07/08 17:06:43.774, 7, 88, 75614, 97887
2026/07/08 17:06:44.791, 0, 0, 48704, 97887
2026/07/08 17:06:44.804, 1, 0, 48104, 97887
2026/07/08 17:06:44.817, 2, 0, 48104, 97887
2026/07/08 17:06:44.835, 3, 0, 48104, 97887
2026/07/08 17:06:44.854, 4, 34, 75618, 97887
2026/07/08 17:06:44.867, 5, 94, 75616, 97887
2026/07/08 17:06:44.881, 6, 37, 75616, 97887
2026/07/08 17:06:44.896, 7, 91, 75614, 97887
2026/07/08 17:06:45.911, 0, 0, 48704, 97887
2026/07/08 17:06:45.928, 1, 0, 48104, 97887
2026/07/08 17:06:45.942, 2, 0, 48104, 97887
2026/07/08 17:06:45.955, 3, 0, 48104, 97887
2026/07/08 17:06:45.964, 4, 33, 75618, 97887
2026/07/08 17:06:45.974, 5, 95, 75616, 97887
2026/07/08 17:06:45.984, 6, 40, 75616, 97887
2026/07/08 17:06:45.996, 7, 85, 75614, 97887
2026/07/08 17:06:47.007, 0, 0, 48704, 97887
2026/07/08 17:06:47.020, 1, 0, 48104, 97887
2026/07/08 17:06:47.036, 2, 0, 48104, 97887
2026/07/08 17:06:47.052, 3, 0, 48104, 97887
2026/07/08 17:06:47.063, 4, 46, 75618, 97887
2026/07/08 17:06:47.075, 5, 21, 75616, 97887
2026/07/08 17:06:47.087, 6, 38, 75616, 97887
2026/07/08 17:06:47.099, 7, 96, 75614, 97887
2026/07/08 17:06:48.112, 0, 0, 48704, 97887
2026/07/08 17:06:48.129, 1, 0, 48104, 97887
2026/07/08 17:06:48.144, 2, 0, 48104, 97887
2026/07/08 17:06:48.157, 3, 0, 48104, 97887
2026/07/08 17:06:48.171, 4, 50, 75618, 97887
2026/07/08 17:06:48.181, 5, 90, 75616, 97887
2026/07/08 17:06:48.192, 6, 35, 75616, 97887
2026/07/08 17:06:48.203, 7, 53, 75614, 97887
2026/07/08 17:06:49.215, 0, 0, 48704, 97887
2026/07/08 17:06:49.232, 1, 0, 48104, 97887
2026/07/08 17:06:49.246, 2, 0, 48104, 97887
2026/07/08 17:06:49.259, 3, 0, 48104, 97887
2026/07/08 17:06:49.275, 4, 37, 75618, 97887
2026/07/08 17:06:49.292, 5, 86, 75616, 97887
2026/07/08 17:06:49.309, 6, 44, 75616, 97887
2026/07/08 17:06:49.327, 7, 74, 75614, 97887
2026/07/08 17:06:50.346, 0, 0, 48704, 97887
2026/07/08 17:06:50.359, 1, 0, 48104, 97887
2026/07/08 17:06:50.373, 2, 0, 48104, 97887
2026/07/08 17:06:50.386, 3, 0, 48104, 97887
2026/07/08 17:06:50.397, 4, 41, 75618, 97887
2026/07/08 17:06:50.410, 5, 78, 75616, 97887
2026/07/08 17:06:50.423, 6, 67, 75616, 97887
2026/07/08 17:06:50.439, 7, 75, 75614, 97887
2026/07/08 17:06:51.452, 0, 0, 48704, 97887
2026/07/08 17:06:51.469, 1, 0, 48104, 97887
2026/07/08 17:06:51.484, 2, 0, 48104, 97887
2026/07/08 17:06:51.498, 3, 0, 48104, 97887
2026/07/08 17:06:51.515, 4, 40, 75618, 97887
2026/07/08 17:06:51.530, 5, 70, 75616, 97887
2026/07/08 17:06:51.547, 6, 36, 75616, 97887
2026/07/08 17:06:51.559, 7, 82, 75614, 97887
2026/07/08 17:06:52.573, 0, 0, 48704, 97887
2026/07/08 17:06:52.591, 1, 0, 48104, 97887
2026/07/08 17:06:52.611, 2, 0, 48104, 97887
2026/07/08 17:06:52.626, 3, 0, 48104, 97887
2026/07/08 17:06:52.644, 4, 71, 75618, 97887
2026/07/08 17:06:52.659, 5, 95, 75616, 97887
2026/07/08 17:06:52.687, 6, 48, 75616, 97887
2026/07/08 17:06:52.708, 7, 71, 75614, 97887
2026/07/08 17:06:53.727, 0, 0, 48704, 97887
2026/07/08 17:06:53.745, 1, 0, 48104, 97887
2026/07/08 17:06:53.763, 2, 0, 48104, 97887
2026/07/08 17:06:53.789, 3, 0, 48104, 97887
2026/07/08 17:06:53.809, 4, 38, 75618, 97887
2026/07/08 17:06:53.825, 5, 87, 75616, 97887
2026/07/08 17:06:53.845, 6, 45, 75616, 97887
2026/07/08 17:06:53.861, 7, 95, 75614, 97887
2026/07/08 17:06:54.874, 0, 0, 48704, 97887
2026/07/08 17:06:54.892, 1, 0, 48104, 97887
2026/07/08 17:06:54.913, 2, 0, 48104, 97887
2026/07/08 17:06:54.929, 3, 0, 48104, 97887
2026/07/08 17:06:54.951, 4, 52, 75618, 97887
2026/07/08 17:06:54.967, 5, 93, 75616, 97887
2026/07/08 17:06:54.984, 6, 44, 75616, 97887
2026/07/08 17:06:55.005, 7, 91, 75614, 97887
2026/07/08 17:06:56.026, 0, 0, 48704, 97887
2026/07/08 17:06:56.045, 1, 0, 48104, 97887
2026/07/08 17:06:56.063, 2, 0, 48104, 97887
2026/07/08 17:06:56.080, 3, 0, 48104, 97887
2026/07/08 17:06:56.099, 4, 29, 75618, 97887
2026/07/08 17:06:56.118, 5, 94, 75616, 97887
2026/07/08 17:06:56.136, 6, 39, 75616, 97887
2026/07/08 17:06:56.154, 7, 86, 75614, 97887
2026/07/08 17:06:57.166, 0, 0, 48704, 97887
2026/07/08 17:06:57.186, 1, 0, 48104, 97887
2026/07/08 17:06:57.207, 2, 0, 48104, 97887
2026/07/08 17:06:57.231, 3, 0, 48104, 97887
2026/07/08 17:06:57.251, 4, 95, 75618, 97887
2026/07/08 17:06:57.268, 5, 34, 75616, 97887
2026/07/08 17:06:57.287, 6, 33, 75616, 97887
2026/07/08 17:06:57.308, 7, 80, 75614, 97887
2026/07/08 17:06:58.331, 0, 0, 48704, 97887
2026/07/08 17:06:58.348, 1, 0, 48104, 97887
2026/07/08 17:06:58.364, 2, 0, 48104, 97887
2026/07/08 17:06:58.387, 3, 0, 48104, 97887
2026/07/08 17:06:58.407, 4, 33, 75618, 97887
2026/07/08 17:06:58.427, 5, 82, 75616, 97887
2026/07/08 17:06:58.447, 6, 51, 75616, 97887
2026/07/08 17:06:58.461, 7, 70, 75614, 97887
2026/07/08 17:06:59.478, 0, 0, 48704, 97887
2026/07/08 17:06:59.497, 1, 0, 48104, 97887
2026/07/08 17:06:59.516, 2, 0, 48104, 97887
2026/07/08 17:06:59.534, 3, 0, 48104, 97887
2026/07/08 17:06:59.554, 4, 31, 75618, 97887
2026/07/08 17:06:59.574, 5, 89, 75618, 97887
2026/07/08 17:06:59.591, 6, 39, 75616, 97887
2026/07/08 17:06:59.615, 7, 90, 75614, 97887
2026/07/08 17:07:00.632, 0, 0, 48704, 97887
2026/07/08 17:07:00.648, 1, 0, 48104, 97887
2026/07/08 17:07:00.662, 2, 0, 48104, 97887
2026/07/08 17:07:00.678, 3, 0, 48104, 97887
2026/07/08 17:07:00.696, 4, 29, 75618, 97887
2026/07/08 17:07:00.713, 5, 94, 75618, 97887
2026/07/08 17:07:00.729, 6, 45, 75616, 97887
2026/07/08 17:07:00.746, 7, 82, 75614, 97887
2026/07/08 17:07:01.761, 0, 0, 48704, 97887
2026/07/08 17:07:01.781, 1, 0, 48104, 97887
2026/07/08 17:07:01.801, 2, 0, 48104, 97887
2026/07/08 17:07:01.820, 3, 0, 48104, 97887
2026/07/08 17:07:01.838, 4, 32, 75618, 97887
2026/07/08 17:07:01.853, 5, 90, 75618, 97887
2026/07/08 17:07:01.872, 6, 39, 75616, 97887
2026/07/08 17:07:01.890, 7, 72, 75614, 97887
2026/07/08 17:07:02.910, 0, 0, 48704, 97887
2026/07/08 17:07:02.928, 1, 0, 48104, 97887
2026/07/08 17:07:02.943, 2, 0, 48104, 97887
2026/07/08 17:07:02.960, 3, 0, 48104, 97887
2026/07/08 17:07:02.975, 4, 31, 75618, 97887
2026/07/08 17:07:02.992, 5, 94, 75618, 97887
2026/07/08 17:07:03.010, 6, 44, 75616, 97887
2026/07/08 17:07:03.030, 7, 89, 75614, 97887
2026/07/08 17:07:04.060, 0, 0, 48704, 97887
2026/07/08 17:07:04.075, 1, 0, 48104, 97887
2026/07/08 17:07:04.086, 2, 0, 48104, 97887
2026/07/08 17:07:04.101, 3, 0, 48104, 97887
2026/07/08 17:07:04.115, 4, 95, 75618, 97887
2026/07/08 17:07:04.129, 5, 33, 75618, 97887
2026/07/08 17:07:04.145, 6, 33, 75616, 97887
2026/07/08 17:07:04.161, 7, 89, 75614, 97887
2026/07/08 17:07:05.181, 0, 0, 48704, 97887
2026/07/08 17:07:05.197, 1, 0, 48104, 97887
2026/07/08 17:07:05.212, 2, 0, 48104, 97887
2026/07/08 17:07:05.225, 3, 0, 48104, 97887
2026/07/08 17:07:05.239, 4, 29, 75618, 97887
2026/07/08 17:07:05.256, 5, 94, 75618, 97887
2026/07/08 17:07:05.274, 6, 43, 75616, 97887
2026/07/08 17:07:05.289, 7, 91, 75614, 97887
2026/07/08 17:07:06.306, 0, 0, 48704, 97887
2026/07/08 17:07:06.320, 1, 0, 48104, 97887
2026/07/08 17:07:06.332, 2, 0, 48104, 97887
2026/07/08 17:07:06.346, 3, 0, 48104, 97887
2026/07/08 17:07:06.359, 4, 34, 75618, 97887
2026/07/08 17:07:06.390, 5, 95, 75618, 97887
2026/07/08 17:07:06.415, 6, 45, 75616, 97887
2026/07/08 17:07:06.432, 7, 84, 75614, 97887
2026/07/08 17:07:07.447, 0, 0, 48704, 97887
2026/07/08 17:07:07.463, 1, 0, 48104, 97887
2026/07/08 17:07:07.478, 2, 0, 48104, 97887
2026/07/08 17:07:07.493, 3, 0, 48104, 97887
2026/07/08 17:07:07.508, 4, 46, 75618, 97887
2026/07/08 17:07:07.522, 5, 86, 75618, 97887
2026/07/08 17:07:07.538, 6, 42, 75616, 97887
2026/07/08 17:07:07.552, 7, 88, 75614, 97887
2026/07/08 17:07:08.563, 0, 0, 48704, 97887
2026/07/08 17:07:08.574, 1, 0, 48104, 97887
2026/07/08 17:07:08.585, 2, 0, 48104, 97887
2026/07/08 17:07:08.596, 3, 0, 48104, 97887
2026/07/08 17:07:08.611, 4, 34, 75618, 97887
2026/07/08 17:07:08.626, 5, 91, 75618, 97887
2026/07/08 17:07:08.642, 6, 45, 75616, 97887
2026/07/08 17:07:08.659, 7, 87, 75614, 97887
2026/07/08 17:07:09.676, 0, 0, 48704, 97887
2026/07/08 17:07:09.692, 1, 0, 48104, 97887
2026/07/08 17:07:09.708, 2, 0, 48104, 97887
2026/07/08 17:07:09.724, 3, 0, 48104, 97887
2026/07/08 17:07:09.738, 4, 33, 75618, 97887
2026/07/08 17:07:09.753, 5, 94, 75618, 97887
2026/07/08 17:07:09.768, 6, 43, 75616, 97887
2026/07/08 17:07:09.784, 7, 51, 75614, 97887
2026/07/08 17:07:10.797, 0, 0, 48704, 97887
2026/07/08 17:07:10.813, 1, 0, 48104, 97887
2026/07/08 17:07:10.827, 2, 0, 48104, 97887
2026/07/08 17:07:10.840, 3, 0, 48104, 97887
2026/07/08 17:07:10.852, 4, 73, 75618, 97887
2026/07/08 17:07:10.866, 5, 94, 75618, 97887
2026/07/08 17:07:10.880, 6, 53, 75616, 97887
2026/07/08 17:07:10.896, 7, 86, 75614, 97887
2026/07/08 17:07:11.911, 0, 0, 48704, 97887
2026/07/08 17:07:11.926, 1, 0, 48104, 97887
2026/07/08 17:07:11.945, 2, 0, 48104, 97887
2026/07/08 17:07:11.957, 3, 0, 48104, 97887
2026/07/08 17:07:11.968, 4, 32, 75618, 97887
2026/07/08 17:07:11.985, 5, 94, 75618, 97887
2026/07/08 17:07:12.003, 6, 36, 75616, 97887
2026/07/08 17:07:12.021, 7, 94, 75614, 97887
2026/07/08 17:07:13.038, 0, 0, 48704, 97887
2026/07/08 17:07:13.053, 1, 0, 48104, 97887
2026/07/08 17:07:13.067, 2, 0, 48104, 97887
2026/07/08 17:07:13.078, 3, 0, 48104, 97887
2026/07/08 17:07:13.087, 4, 48, 75618, 97887
2026/07/08 17:07:13.096, 5, 75, 75618, 97887
2026/07/08 17:07:13.108, 6, 99, 75616, 97887
2026/07/08 17:07:13.121, 7, 80, 75614, 97887
2026/07/08 17:07:14.135, 0, 0, 48704, 97887
2026/07/08 17:07:14.150, 1, 0, 48104, 97887
2026/07/08 17:07:14.168, 2, 0, 48104, 97887
2026/07/08 17:07:14.184, 3, 0, 48104, 97887
2026/07/08 17:07:14.199, 4, 81, 75618, 97887
2026/07/08 17:07:14.211, 5, 48, 75618, 97887
2026/07/08 17:07:14.228, 6, 50, 75616, 97887
2026/07/08 17:07:14.241, 7, 78, 75614, 97887
2026/07/08 17:07:15.257, 0, 0, 48704, 97887
2026/07/08 17:07:15.270, 1, 0, 48104, 97887
2026/07/08 17:07:15.282, 2, 0, 48104, 97887
2026/07/08 17:07:15.295, 3, 0, 48104, 97887
2026/07/08 17:07:15.309, 4, 58, 75618, 97887
2026/07/08 17:07:15.323, 5, 60, 75618, 97887
2026/07/08 17:07:15.336, 6, 48, 75616, 97887
2026/07/08 17:07:15.346, 7, 82, 75614, 97887
2026/07/08 17:07:16.360, 0, 0, 48704, 97887
2026/07/08 17:07:16.379, 1, 0, 48104, 97887
2026/07/08 17:07:16.396, 2, 0, 48104, 97887
2026/07/08 17:07:16.413, 3, 0, 48104, 97887
2026/07/08 17:07:16.430, 4, 34, 75618, 97887
2026/07/08 17:07:16.447, 5, 94, 75618, 97887
2026/07/08 17:07:16.463, 6, 37, 75616, 97887
2026/07/08 17:07:16.480, 7, 94, 75614, 97887
2026/07/08 17:07:17.496, 0, 0, 48704, 97887
2026/07/08 17:07:17.513, 1, 0, 48104, 97887
2026/07/08 17:07:17.530, 2, 0, 48104, 97887
2026/07/08 17:07:17.543, 3, 0, 48104, 97887
2026/07/08 17:07:17.557, 4, 94, 75618, 97887
2026/07/08 17:07:17.573, 5, 32, 75618, 97887
2026/07/08 17:07:17.588, 6, 42, 75616, 97887
2026/07/08 17:07:17.605, 7, 77, 75614, 97887
2026/07/08 17:07:18.619, 0, 0, 48704, 97887
2026/07/08 17:07:18.635, 1, 0, 48104, 97887
2026/07/08 17:07:18.650, 2, 0, 48104, 97887
2026/07/08 17:07:18.665, 3, 0, 48104, 97887
2026/07/08 17:07:18.681, 4, 33, 75618, 97887
2026/07/08 17:07:18.694, 5, 64, 75618, 97887
2026/07/08 17:07:18.708, 6, 40, 75616, 97887
2026/07/08 17:07:18.723, 7, 84, 75614, 97887
2026/07/08 17:07:19.736, 0, 0, 48704, 97887
2026/07/08 17:07:19.750, 1, 0, 48104, 97887
2026/07/08 17:07:19.766, 2, 0, 48104, 97887
2026/07/08 17:07:19.783, 3, 0, 48104, 97887
2026/07/08 17:07:19.802, 4, 70, 75618, 97887
2026/07/08 17:07:19.818, 5, 34, 75618, 97887
2026/07/08 17:07:19.831, 6, 51, 75616, 97887
2026/07/08 17:07:19.844, 7, 87, 75614, 97887
2026/07/08 17:07:20.856, 0, 0, 48704, 97887
2026/07/08 17:07:20.874, 1, 0, 48104, 97887
2026/07/08 17:07:20.891, 2, 0, 48104, 97887
2026/07/08 17:07:20.912, 3, 0, 48104, 97887
2026/07/08 17:07:20.928, 4, 38, 75618, 97887
2026/07/08 17:07:20.942, 5, 79, 75618, 97887
2026/07/08 17:07:20.956, 6, 41, 75616, 97887
2026/07/08 17:07:20.972, 7, 82, 75614, 97887
2026/07/08 17:07:21.990, 0, 0, 48704, 97887
2026/07/08 17:07:22.005, 1, 0, 48104, 97887
2026/07/08 17:07:22.022, 2, 0, 48104, 97887
2026/07/08 17:07:22.041, 3, 0, 48104, 97887
2026/07/08 17:07:22.058, 4, 53, 75618, 97887
2026/07/08 17:07:22.072, 5, 95, 75618, 97887
2026/07/08 17:07:22.086, 6, 49, 75616, 97887
2026/07/08 17:07:22.106, 7, 64, 75614, 97887
2026/07/08 17:07:23.124, 0, 0, 48704, 97887
2026/07/08 17:07:23.145, 1, 0, 48104, 97887
2026/07/08 17:07:23.160, 2, 0, 48104, 97887
2026/07/08 17:07:23.177, 3, 0, 48104, 97887
2026/07/08 17:07:23.194, 4, 44, 75618, 97887
2026/07/08 17:07:23.207, 5, 81, 75618, 97887
2026/07/08 17:07:23.219, 6, 37, 75616, 97887
2026/07/08 17:07:23.232, 7, 93, 75614, 97887
2026/07/08 17:07:24.250, 0, 0, 48704, 97887
2026/07/08 17:07:24.265, 1, 0, 48104, 97887
2026/07/08 17:07:24.280, 2, 0, 48104, 97887
2026/07/08 17:07:24.296, 3, 0, 48104, 97887
2026/07/08 17:07:24.314, 4, 43, 75618, 97887
2026/07/08 17:07:24.329, 5, 79, 75618, 97887
2026/07/08 17:07:24.345, 6, 30, 75616, 97887
2026/07/08 17:07:24.360, 7, 77, 75614, 97887
2026/07/08 17:07:25.375, 0, 0, 48704, 97887
2026/07/08 17:07:25.393, 1, 0, 48104, 97887
2026/07/08 17:07:25.410, 2, 0, 48104, 97887
2026/07/08 17:07:25.428, 3, 0, 48104, 97887
2026/07/08 17:07:25.445, 4, 79, 75618, 97887
2026/07/08 17:07:25.463, 5, 86, 75618, 97887
2026/07/08 17:07:25.480, 6, 40, 75616, 97887
2026/07/08 17:07:25.499, 7, 77, 75614, 97887
2026/07/08 17:07:26.513, 0, 0, 48704, 97887
2026/07/08 17:07:26.525, 1, 0, 48104, 97887
2026/07/08 17:07:26.539, 2, 0, 48104, 97887
2026/07/08 17:07:26.552, 3, 0, 48104, 97887
2026/07/08 17:07:26.572, 4, 33, 75618, 97887
2026/07/08 17:07:26.589, 5, 95, 75618, 97887
2026/07/08 17:07:26.604, 6, 68, 75616, 97887
2026/07/08 17:07:26.620, 7, 52, 75614, 97887
2026/07/08 17:07:27.635, 0, 0, 48704, 97887
2026/07/08 17:07:27.652, 1, 0, 48104, 97887
2026/07/08 17:07:27.669, 2, 0, 48104, 97887
2026/07/08 17:07:27.687, 3, 0, 48104, 97887
2026/07/08 17:07:27.700, 4, 67, 75618, 97887
2026/07/08 17:07:27.713, 5, 94, 75618, 97887
2026/07/08 17:07:27.731, 6, 39, 75616, 97887
2026/07/08 17:07:27.750, 7, 84, 75614, 97887
2026/07/08 17:07:28.766, 0, 0, 48704, 97887
2026/07/08 17:07:28.783, 1, 0, 48104, 97887
2026/07/08 17:07:28.801, 2, 0, 48104, 97887
2026/07/08 17:07:28.815, 3, 0, 48104, 97887
2026/07/08 17:07:28.829, 4, 72, 75618, 97887
2026/07/08 17:07:28.844, 5, 91, 75618, 97887
2026/07/08 17:07:28.856, 6, 45, 75616, 97887
2026/07/08 17:07:28.868, 7, 92, 75614, 97887
2026/07/08 17:07:29.878, 0, 0, 48704, 97887
2026/07/08 17:07:29.894, 1, 0, 48104, 97887
2026/07/08 17:07:29.912, 2, 0, 48104, 97887
2026/07/08 17:07:29.929, 3, 0, 48104, 97887
2026/07/08 17:07:29.948, 4, 44, 75618, 97887
2026/07/08 17:07:29.965, 5, 66, 75618, 97887
2026/07/08 17:07:29.980, 6, 44, 75616, 97887
2026/07/08 17:07:29.995, 7, 88, 75614, 97887
2026/07/08 17:07:31.013, 0, 0, 48704, 97887
2026/07/08 17:07:31.028, 1, 0, 48104, 97887
2026/07/08 17:07:31.045, 2, 0, 48104, 97887
2026/07/08 17:07:31.063, 3, 0, 48104, 97887
2026/07/08 17:07:31.079, 4, 34, 75618, 97887
2026/07/08 17:07:31.094, 5, 86, 75618, 97887
2026/07/08 17:07:31.111, 6, 49, 75616, 97887
2026/07/08 17:07:31.125, 7, 48, 75614, 97887
2026/07/08 17:07:32.141, 0, 0, 48704, 97887
2026/07/08 17:07:32.158, 1, 0, 48104, 97887
2026/07/08 17:07:32.175, 2, 0, 48104, 97887
2026/07/08 17:07:32.194, 3, 0, 48104, 97887
2026/07/08 17:07:32.212, 4, 49, 75618, 97887
2026/07/08 17:07:32.226, 5, 91, 75618, 97887
2026/07/08 17:07:32.244, 6, 46, 75616, 97887
2026/07/08 17:07:32.261, 7, 86, 75614, 97887
2026/07/08 17:07:33.276, 0, 0, 48704, 97887
2026/07/08 17:07:33.294, 1, 0, 48104, 97887
2026/07/08 17:07:33.309, 2, 0, 48104, 97887
2026/07/08 17:07:33.323, 3, 0, 48104, 97887
2026/07/08 17:07:33.337, 4, 83, 75618, 97887
2026/07/08 17:07:33.351, 5, 31, 75618, 97887
2026/07/08 17:07:33.366, 6, 65, 75616, 97887
2026/07/08 17:07:33.378, 7, 61, 75616, 97887
2026/07/08 17:07:34.391, 0, 0, 48704, 97887
2026/07/08 17:07:34.409, 1, 0, 48104, 97887
2026/07/08 17:07:34.427, 2, 0, 48104, 97887
2026/07/08 17:07:34.445, 3, 0, 48104, 97887
2026/07/08 17:07:34.463, 4, 45, 75618, 97887
2026/07/08 17:07:34.483, 5, 61, 75618, 97887
2026/07/08 17:07:34.497, 6, 39, 75616, 97887
2026/07/08 17:07:34.511, 7, 90, 75616, 97887
2026/07/08 17:07:35.524, 0, 0, 48704, 97887
2026/07/08 17:07:35.539, 1, 0, 48104, 97887
2026/07/08 17:07:35.554, 2, 0, 48104, 97887
2026/07/08 17:07:35.568, 3, 0, 48104, 97887
2026/07/08 17:07:35.581, 4, 91, 75618, 97887
2026/07/08 17:07:35.599, 5, 76, 75618, 97887
2026/07/08 17:07:35.609, 6, 41, 75616, 97887
2026/07/08 17:07:35.622, 7, 75, 75616, 97887
2026/07/08 17:07:36.636, 0, 0, 48704, 97887
2026/07/08 17:07:36.650, 1, 0, 48104, 97887
2026/07/08 17:07:36.668, 2, 0, 48104, 97887
2026/07/08 17:07:36.685, 3, 0, 48104, 97887
2026/07/08 17:07:36.701, 4, 92, 75618, 97887
2026/07/08 17:07:36.718, 5, 37, 75618, 97887
2026/07/08 17:07:36.734, 6, 90, 75616, 97887
2026/07/08 17:07:36.749, 7, 84, 75616, 97887
2026/07/08 17:07:37.762, 0, 0, 48704, 97887
2026/07/08 17:07:37.778, 1, 0, 48104, 97887
2026/07/08 17:07:37.794, 2, 0, 48104, 97887
2026/07/08 17:07:37.809, 3, 0, 48104, 97887
2026/07/08 17:07:37.825, 4, 95, 75618, 97887
2026/07/08 17:07:37.842, 5, 47, 75618, 97887
2026/07/08 17:07:37.859, 6, 43, 75616, 97887
2026/07/08 17:07:37.874, 7, 69, 75616, 97887
2026/07/08 17:07:38.892, 0, 0, 48704, 97887
2026/07/08 17:07:38.912, 1, 0, 48104, 97887
2026/07/08 17:07:38.930, 2, 0, 48104, 97887
2026/07/08 17:07:38.949, 3, 0, 48104, 97887
2026/07/08 17:07:38.969, 4, 32, 75618, 97887
2026/07/08 17:07:38.987, 5, 95, 75618, 97887
2026/07/08 17:07:39.001, 6, 42, 75616, 97887
2026/07/08 17:07:39.017, 7, 69, 75616, 97887
2026/07/08 17:07:40.031, 0, 0, 48704, 97887
2026/07/08 17:07:40.045, 1, 0, 48104, 97887
2026/07/08 17:07:40.059, 2, 0, 48104, 97887
2026/07/08 17:07:40.073, 3, 0, 48104, 97887
2026/07/08 17:07:40.087, 4, 91, 75618, 97887
2026/07/08 17:07:40.100, 5, 47, 75618, 97887
2026/07/08 17:07:40.113, 6, 47, 75616, 97887
2026/07/08 17:07:40.126, 7, 80, 75616, 97887
2026/07/08 17:07:41.140, 0, 0, 48704, 97887
2026/07/08 17:07:41.156, 1, 0, 48104, 97887
2026/07/08 17:07:41.174, 2, 0, 48104, 97887
2026/07/08 17:07:41.191, 3, 0, 48104, 97887
2026/07/08 17:07:41.206, 4, 85, 75618, 97887
2026/07/08 17:07:41.218, 5, 76, 75618, 97887
2026/07/08 17:07:41.232, 6, 48, 75616, 97887
2026/07/08 17:07:41.248, 7, 80, 75616, 97887
2026/07/08 17:07:42.264, 0, 0, 48704, 97887
2026/07/08 17:07:42.279, 1, 0, 48104, 97887
2026/07/08 17:07:42.293, 2, 0, 48104, 97887
2026/07/08 17:07:42.311, 3, 0, 48104, 97887
2026/07/08 17:07:42.326, 4, 63, 75618, 97887
2026/07/08 17:07:42.340, 5, 94, 75618, 97887
2026/07/08 17:07:42.354, 6, 45, 75616, 97887
2026/07/08 17:07:42.369, 7, 80, 75616, 97887
2026/07/08 17:07:43.384, 0, 0, 48704, 97887
2026/07/08 17:07:43.396, 1, 0, 48104, 97887
2026/07/08 17:07:43.408, 2, 0, 48104, 97887
2026/07/08 17:07:43.422, 3, 0, 48104, 97887
2026/07/08 17:07:43.436, 4, 84, 75618, 97887
2026/07/08 17:07:43.451, 5, 91, 75618, 97887
2026/07/08 17:07:43.466, 6, 44, 75616, 97887
2026/07/08 17:07:43.482, 7, 89, 75616, 97887
2026/07/08 17:07:44.496, 0, 0, 48704, 97887
2026/07/08 17:07:44.514, 1, 0, 48104, 97887
2026/07/08 17:07:44.531, 2, 0, 48104, 97887
2026/07/08 17:07:44.546, 3, 0, 48104, 97887
2026/07/08 17:07:44.563, 4, 31, 75618, 97887
2026/07/08 17:07:44.580, 5, 85, 75618, 97887
2026/07/08 17:07:44.599, 6, 82, 75616, 97887
2026/07/08 17:07:44.618, 7, 37, 75616, 97887
2026/07/08 17:07:45.632, 0, 0, 48704, 97887
2026/07/08 17:07:45.647, 1, 0, 48104, 97887
2026/07/08 17:07:45.662, 2, 0, 48104, 97887
2026/07/08 17:07:45.676, 3, 0, 48104, 97887
2026/07/08 17:07:45.690, 4, 88, 75618, 97887
2026/07/08 17:07:45.705, 5, 44, 75618, 97887
2026/07/08 17:07:45.718, 6, 18, 75616, 97887
2026/07/08 17:07:45.732, 7, 90, 75616, 97887
2026/07/08 17:07:46.747, 0, 0, 48704, 97887
2026/07/08 17:07:46.761, 1, 0, 48104, 97887
2026/07/08 17:07:46.775, 2, 0, 48104, 97887
2026/07/08 17:07:46.789, 3, 0, 48104, 97887
2026/07/08 17:07:46.803, 4, 77, 75618, 97887
2026/07/08 17:07:46.817, 5, 31, 75618, 97887
2026/07/08 17:07:46.829, 6, 61, 75616, 97887
2026/07/08 17:07:46.838, 7, 86, 75616, 97887
2026/07/08 17:07:47.849, 0, 0, 48704, 97887
2026/07/08 17:07:47.864, 1, 0, 48104, 97887
2026/07/08 17:07:47.880, 2, 0, 48104, 97887
2026/07/08 17:07:47.894, 3, 0, 48104, 97887
2026/07/08 17:07:47.907, 4, 66, 75618, 97887
2026/07/08 17:07:47.918, 5, 94, 75618, 97887
2026/07/08 17:07:47.931, 6, 42, 75616, 97887
2026/07/08 17:07:47.946, 7, 87, 75616, 97887
2026/07/08 17:07:48.961, 0, 0, 48704, 97887
2026/07/08 17:07:48.976, 1, 0, 48104, 97887
2026/07/08 17:07:48.991, 2, 0, 48104, 97887
2026/07/08 17:07:49.008, 3, 0, 48104, 97887
2026/07/08 17:07:49.024, 4, 41, 75620, 97887
2026/07/08 17:07:49.043, 5, 55, 75618, 97887
2026/07/08 17:07:49.058, 6, 46, 75616, 97887
2026/07/08 17:07:49.074, 7, 87, 75616, 97887
2026/07/08 17:07:50.083, 0, 0, 48704, 97887
2026/07/08 17:07:50.098, 1, 0, 48104, 97887
2026/07/08 17:07:50.110, 2, 0, 48104, 97887
2026/07/08 17:07:50.125, 3, 0, 48104, 97887
2026/07/08 17:07:50.141, 4, 77, 75620, 97887
2026/07/08 17:07:50.157, 5, 32, 75618, 97887
2026/07/08 17:07:50.171, 6, 39, 75616, 97887
2026/07/08 17:07:50.186, 7, 81, 75616, 97887
2026/07/08 17:07:51.200, 0, 0, 48704, 97887
2026/07/08 17:07:51.210, 1, 0, 48104, 97887
2026/07/08 17:07:51.224, 2, 0, 48104, 97887
2026/07/08 17:07:51.240, 3, 0, 48104, 97887
2026/07/08 17:07:51.257, 4, 32, 75620, 97887
2026/07/08 17:07:51.274, 5, 80, 75618, 97887
2026/07/08 17:07:51.290, 6, 42, 75616, 97887
2026/07/08 17:07:51.309, 7, 73, 75616, 97887
2026/07/08 17:07:52.323, 0, 0, 48704, 97887
2026/07/08 17:07:52.341, 1, 0, 48104, 97887
2026/07/08 17:07:52.357, 2, 0, 48104, 97887
2026/07/08 17:07:52.376, 3, 0, 48104, 97887
2026/07/08 17:07:52.389, 4, 31, 75620, 97887
2026/07/08 17:07:52.402, 5, 89, 75618, 97887
2026/07/08 17:07:52.417, 6, 44, 75616, 97887
2026/07/08 17:07:52.435, 7, 90, 75616, 97887
2026/07/08 17:07:53.453, 0, 0, 48704, 97887
2026/07/08 17:07:53.470, 1, 0, 48104, 97887
2026/07/08 17:07:53.486, 2, 0, 48104, 97887
2026/07/08 17:07:53.498, 3, 0, 48104, 97887
2026/07/08 17:07:53.512, 4, 43, 75620, 97887
2026/07/08 17:07:53.529, 5, 44, 75618, 97887
2026/07/08 17:07:53.546, 6, 41, 75616, 97887
2026/07/08 17:07:53.563, 7, 90, 75616, 97887
2026/07/08 17:07:54.580, 0, 0, 48704, 97887
2026/07/08 17:07:54.595, 1, 0, 48104, 97887
2026/07/08 17:07:54.615, 2, 0, 48104, 97887
2026/07/08 17:07:54.633, 3, 0, 48104, 97887
2026/07/08 17:07:54.646, 4, 91, 75620, 97887
2026/07/08 17:07:54.656, 5, 30, 75618, 97887
2026/07/08 17:07:54.665, 6, 9, 75616, 97887
2026/07/08 17:07:54.680, 7, 47, 75616, 97887
2026/07/08 17:07:55.696, 0, 0, 48704, 97887
2026/07/08 17:07:55.713, 1, 0, 48104, 97887
2026/07/08 17:07:55.727, 2, 0, 48104, 97887
2026/07/08 17:07:55.741, 3, 0, 48104, 97887
2026/07/08 17:07:55.758, 4, 86, 75620, 97887
2026/07/08 17:07:55.773, 5, 40, 75618, 97887
2026/07/08 17:07:55.804, 6, 25, 75616, 97887
2026/07/08 17:07:55.820, 7, 73, 75616, 97887
2026/07/08 17:07:56.838, 0, 0, 48704, 97887
2026/07/08 17:07:56.855, 1, 0, 48104, 97887
2026/07/08 17:07:56.870, 2, 0, 48104, 97887
2026/07/08 17:07:56.884, 3, 0, 48104, 97887
2026/07/08 17:07:56.899, 4, 29, 75620, 97887
2026/07/08 17:07:56.913, 5, 93, 75618, 97887
2026/07/08 17:07:56.925, 6, 33, 75616, 97887
2026/07/08 17:07:56.940, 7, 88, 75616, 97887
2026/07/08 17:07:57.957, 0, 0, 48704, 97887
2026/07/08 17:07:57.972, 1, 0, 48104, 97887
2026/07/08 17:07:57.987, 2, 0, 48104, 97887
2026/07/08 17:07:58.002, 3, 0, 48104, 97887
2026/07/08 17:07:58.017, 4, 57, 75620, 97887
2026/07/08 17:07:58.029, 5, 95, 75618, 97887
2026/07/08 17:07:58.040, 6, 100, 75616, 97887
2026/07/08 17:07:58.051, 7, 89, 75616, 97887
2026/07/08 17:07:59.064, 0, 0, 48704, 97887
2026/07/08 17:07:59.079, 1, 0, 48104, 97887
2026/07/08 17:07:59.088, 2, 0, 48104, 97887
2026/07/08 17:07:59.101, 3, 0, 48104, 97887
2026/07/08 17:07:59.118, 4, 11, 75620, 97887
2026/07/08 17:07:59.132, 5, 7, 75618, 97887
2026/07/08 17:07:59.146, 6, 46, 75616, 97887
2026/07/08 17:07:59.160, 7, 90, 75616, 97887
2026/07/08 17:08:00.174, 0, 0, 48704, 97887
2026/07/08 17:08:00.191, 1, 0, 48104, 97887
2026/07/08 17:08:00.209, 2, 0, 48104, 97887
2026/07/08 17:08:00.223, 3, 0, 48104, 97887
2026/07/08 17:08:00.243, 4, 28, 75620, 97887
2026/07/08 17:08:00.260, 5, 90, 75618, 97887
2026/07/08 17:08:00.275, 6, 39, 75616, 97887
2026/07/08 17:08:00.290, 7, 94, 75616, 97887
2026/07/08 17:08:01.305, 0, 0, 48704, 97887
2026/07/08 17:08:01.322, 1, 0, 48104, 97887
2026/07/08 17:08:01.344, 2, 0, 48104, 97887
2026/07/08 17:08:01.367, 3, 0, 48104, 97887
2026/07/08 17:08:01.385, 4, 53, 75620, 97887
2026/07/08 17:08:01.403, 5, 100, 75618, 97887
2026/07/08 17:08:01.421, 6, 38, 75616, 97887
2026/07/08 17:08:01.440, 7, 79, 75616, 97887
2026/07/08 17:08:02.454, 0, 0, 48704, 97887
2026/07/08 17:08:02.470, 1, 0, 48104, 97887
2026/07/08 17:08:02.483, 2, 0, 48104, 97887
2026/07/08 17:08:02.495, 3, 0, 48104, 97887
2026/07/08 17:08:02.507, 4, 30, 75620, 97887
2026/07/08 17:08:02.517, 5, 95, 75618, 97887
2026/07/08 17:08:02.529, 6, 48, 75616, 97887
2026/07/08 17:08:02.539, 7, 88, 75616, 97887
2026/07/08 17:08:03.554, 0, 0, 48704, 97887
2026/07/08 17:08:03.570, 1, 0, 48104, 97887
2026/07/08 17:08:03.584, 2, 0, 48104, 97887
2026/07/08 17:08:03.598, 3, 0, 48104, 97887
2026/07/08 17:08:03.613, 4, 35, 75620, 97887
2026/07/08 17:08:03.630, 5, 81, 75618, 97887
2026/07/08 17:08:03.645, 6, 40, 75616, 97887
2026/07/08 17:08:03.659, 7, 79, 75616, 97887
2026/07/08 17:08:04.670, 0, 0, 48704, 97887
2026/07/08 17:08:04.689, 1, 0, 48104, 97887
2026/07/08 17:08:04.706, 2, 0, 48104, 97887
2026/07/08 17:08:04.723, 3, 0, 48104, 97887
2026/07/08 17:08:04.739, 4, 30, 75620, 97887
2026/07/08 17:08:04.753, 5, 73, 75618, 97887
2026/07/08 17:08:04.767, 6, 32, 75616, 97887
2026/07/08 17:08:04.785, 7, 90, 75616, 97887
2026/07/08 17:08:05.804, 0, 0, 48704, 97887
2026/07/08 17:08:05.820, 1, 0, 48104, 97887
2026/07/08 17:08:05.837, 2, 0, 48104, 97887
2026/07/08 17:08:05.854, 3, 0, 48104, 97887
2026/07/08 17:08:05.869, 4, 68, 75620, 97887
2026/07/08 17:08:05.884, 5, 94, 75618, 97887
2026/07/08 17:08:05.898, 6, 6, 75616, 97887
2026/07/08 17:08:05.915, 7, 35, 75616, 97887
2026/07/08 17:08:06.931, 0, 0, 48704, 97887
2026/07/08 17:08:06.952, 1, 0, 48104, 97887
2026/07/08 17:08:06.968, 2, 0, 48104, 97887
2026/07/08 17:08:06.997, 3, 0, 48104, 97887
2026/07/08 17:08:07.026, 4, 27, 75620, 97887
2026/07/08 17:08:07.041, 5, 94, 75618, 97887
2026/07/08 17:08:07.054, 6, 46, 75616, 97887
2026/07/08 17:08:07.076, 7, 85, 75616, 97887
2026/07/08 17:08:08.092, 0, 0, 48704, 97887
2026/07/08 17:08:08.110, 1, 0, 48104, 97887
2026/07/08 17:08:08.125, 2, 0, 48104, 97887
2026/07/08 17:08:08.140, 3, 0, 48104, 97887
2026/07/08 17:08:08.154, 4, 31, 75620, 97887
2026/07/08 17:08:08.172, 5, 95, 75618, 97887
2026/07/08 17:08:08.189, 6, 41, 75616, 97887
2026/07/08 17:08:08.205, 7, 81, 75616, 97887
2026/07/08 17:08:09.223, 0, 0, 48704, 97887
2026/07/08 17:08:09.240, 1, 0, 48104, 97887
2026/07/08 17:08:09.257, 2, 0, 48104, 97887
2026/07/08 17:08:09.274, 3, 0, 48104, 97887
2026/07/08 17:08:09.288, 4, 95, 75620, 97887
2026/07/08 17:08:09.306, 5, 87, 75618, 97887
2026/07/08 17:08:09.324, 6, 39, 75616, 97887
2026/07/08 17:08:09.341, 7, 85, 75616, 97887
2026/07/08 17:08:10.357, 0, 0, 48704, 97887
2026/07/08 17:08:10.375, 1, 0, 48104, 97887
2026/07/08 17:08:10.394, 2, 0, 48104, 97887
2026/07/08 17:08:10.410, 3, 0, 48104, 97887
2026/07/08 17:08:10.423, 4, 30, 75620, 97887
2026/07/08 17:08:10.439, 5, 87, 75618, 97887
2026/07/08 17:08:10.457, 6, 49, 75616, 97887
2026/07/08 17:08:10.474, 7, 86, 75616, 97887
2026/07/08 17:08:11.489, 0, 0, 48704, 97887
2026/07/08 17:08:11.507, 1, 0, 48104, 97887
2026/07/08 17:08:11.523, 2, 0, 48104, 97887
2026/07/08 17:08:11.540, 3, 0, 48104, 97887
2026/07/08 17:08:11.558, 4, 30, 75620, 97887
2026/07/08 17:08:11.577, 5, 76, 75618, 97887
2026/07/08 17:08:11.596, 6, 41, 75616, 97887
2026/07/08 17:08:11.614, 7, 89, 75616, 97887
2026/07/08 17:08:12.628, 0, 0, 48704, 97887
2026/07/08 17:08:12.640, 1, 0, 48104, 97887
2026/07/08 17:08:12.656, 2, 0, 48104, 97887
2026/07/08 17:08:12.671, 3, 0, 48104, 97887
2026/07/08 17:08:12.679, 4, 66, 75620, 97887
2026/07/08 17:08:12.691, 5, 32, 75618, 97887
2026/07/08 17:08:12.704, 6, 42, 75616, 97887
2026/07/08 17:08:12.715, 7, 80, 75616, 97887
2026/07/08 17:08:13.727, 0, 0, 48704, 97887
2026/07/08 17:08:13.742, 1, 0, 48104, 97887
2026/07/08 17:08:13.755, 2, 0, 48104, 97887
2026/07/08 17:08:13.770, 3, 0, 48104, 97887
2026/07/08 17:08:13.783, 4, 53, 75620, 97887
2026/07/08 17:08:13.795, 5, 60, 75618, 97887
2026/07/08 17:08:13.810, 6, 46, 75616, 97887
2026/07/08 17:08:13.826, 7, 84, 75616, 97887
2026/07/08 17:08:14.842, 0, 0, 48704, 97887
2026/07/08 17:08:14.858, 1, 0, 48104, 97887
2026/07/08 17:08:14.881, 2, 0, 48104, 97887
2026/07/08 17:08:14.894, 3, 0, 48104, 97887
2026/07/08 17:08:14.905, 4, 60, 75620, 97887
2026/07/08 17:08:14.919, 5, 95, 75618, 97887
2026/07/08 17:08:14.933, 6, 48, 75616, 97887
2026/07/08 17:08:14.945, 7, 93, 75616, 97887
2026/07/08 17:08:15.957, 0, 0, 48704, 97887
2026/07/08 17:08:15.974, 1, 0, 48104, 97887
2026/07/08 17:08:15.992, 2, 0, 48104, 97887
2026/07/08 17:08:16.009, 3, 0, 48104, 97887
2026/07/08 17:08:16.021, 4, 57, 75620, 97887
2026/07/08 17:08:16.034, 5, 95, 75618, 97887
2026/07/08 17:08:16.049, 6, 62, 75616, 97887
2026/07/08 17:08:16.063, 7, 71, 75616, 97887
2026/07/08 17:08:17.079, 0, 0, 48704, 97887
2026/07/08 17:08:17.093, 1, 0, 48104, 97887
2026/07/08 17:08:17.107, 2, 0, 48104, 97887
2026/07/08 17:08:17.122, 3, 0, 48104, 97887
2026/07/08 17:08:17.134, 4, 39, 75620, 97887
2026/07/08 17:08:17.147, 5, 94, 75618, 97887
2026/07/08 17:08:17.160, 6, 46, 75616, 97887
2026/07/08 17:08:17.176, 7, 82, 75616, 97887
2026/07/08 17:08:18.188, 0, 0, 48704, 97887
2026/07/08 17:08:18.201, 1, 0, 48104, 97887
2026/07/08 17:08:18.211, 2, 0, 48104, 97887
2026/07/08 17:08:18.221, 3, 0, 48104, 97887
2026/07/08 17:08:18.234, 4, 66, 75620, 97887
2026/07/08 17:08:18.248, 5, 32, 75618, 97887
2026/07/08 17:08:18.261, 6, 39, 75616, 97887
2026/07/08 17:08:18.275, 7, 83, 75616, 97887
2026/07/08 17:08:19.287, 0, 0, 48704, 97887
2026/07/08 17:08:19.301, 1, 0, 48104, 97887
2026/07/08 17:08:19.316, 2, 0, 48104, 97887
2026/07/08 17:08:19.332, 3, 0, 48104, 97887
2026/07/08 17:08:19.344, 4, 86, 75620, 97887
2026/07/08 17:08:19.355, 5, 90, 75618, 97887
2026/07/08 17:08:19.368, 6, 40, 75616, 97887
2026/07/08 17:08:19.381, 7, 80, 75616, 97887
2026/07/08 17:08:20.394, 0, 0, 48704, 97887
2026/07/08 17:08:20.412, 1, 0, 48104, 97887
2026/07/08 17:08:20.429, 2, 0, 48104, 97887
2026/07/08 17:08:20.442, 3, 0, 48104, 97887
2026/07/08 17:08:20.451, 4, 28, 75620, 97887
2026/07/08 17:08:20.466, 5, 73, 75618, 97887
2026/07/08 17:08:20.479, 6, 36, 75616, 97887
2026/07/08 17:08:20.493, 7, 81, 75616, 97887
2026/07/08 17:08:21.506, 0, 0, 48704, 97887
2026/07/08 17:08:21.521, 1, 0, 48104, 97887
2026/07/08 17:08:21.534, 2, 0, 48104, 97887
2026/07/08 17:08:21.547, 3, 0, 48104, 97887
2026/07/08 17:08:21.560, 4, 33, 75620, 97887
2026/07/08 17:08:21.577, 5, 76, 75618, 97887
2026/07/08 17:08:21.592, 6, 32, 75616, 97887
2026/07/08 17:08:21.607, 7, 86, 75616, 97887
2026/07/08 17:08:22.624, 0, 0, 48704, 97887
2026/07/08 17:08:22.643, 1, 0, 48104, 97887
2026/07/08 17:08:22.662, 2, 0, 48104, 97887
2026/07/08 17:08:22.679, 3, 0, 48104, 97887
2026/07/08 17:08:22.692, 4, 30, 75620, 97887
2026/07/08 17:08:22.705, 5, 69, 75618, 97887
2026/07/08 17:08:22.720, 6, 42, 75616, 97887
2026/07/08 17:08:22.735, 7, 83, 75616, 97887
2026/07/08 17:08:23.750, 0, 0, 48704, 97887
2026/07/08 17:08:23.763, 1, 0, 48104, 97887
2026/07/08 17:08:23.772, 2, 0, 48104, 97887
2026/07/08 17:08:23.783, 3, 0, 48104, 97887
2026/07/08 17:08:23.796, 4, 83, 75620, 97887
2026/07/08 17:08:23.807, 5, 94, 75618, 97887
2026/07/08 17:08:23.820, 6, 47, 75616, 97887
2026/07/08 17:08:23.832, 7, 88, 75616, 97887
2026/07/08 17:08:24.843, 0, 0, 48704, 97887
2026/07/08 17:08:24.858, 1, 0, 48104, 97887
2026/07/08 17:08:24.874, 2, 0, 48104, 97887
2026/07/08 17:08:24.892, 3, 0, 48104, 97887
2026/07/08 17:08:24.910, 4, 30, 75620, 97887
2026/07/08 17:08:24.928, 5, 95, 75618, 97887
2026/07/08 17:08:24.946, 6, 36, 75616, 97887
2026/07/08 17:08:24.961, 7, 87, 75616, 97887
2026/07/08 17:08:25.975, 0, 0, 48704, 97887
2026/07/08 17:08:25.995, 1, 0, 48104, 97887
2026/07/08 17:08:26.008, 2, 0, 48104, 97887
2026/07/08 17:08:26.022, 3, 0, 48104, 97887
2026/07/08 17:08:26.034, 4, 37, 75620, 97887
2026/07/08 17:08:26.045, 5, 69, 75618, 97887
2026/07/08 17:08:26.055, 6, 65, 75616, 97887
2026/07/08 17:08:26.067, 7, 89, 75616, 97887
2026/07/08 17:08:27.079, 0, 0, 48704, 97887
2026/07/08 17:08:27.094, 1, 0, 48104, 97887
2026/07/08 17:08:27.108, 2, 0, 48104, 97887
2026/07/08 17:08:27.119, 3, 0, 48104, 97887
2026/07/08 17:08:27.131, 4, 30, 75620, 97887
2026/07/08 17:08:27.145, 5, 90, 75618, 97887
2026/07/08 17:08:27.156, 6, 40, 75616, 97887
2026/07/08 17:08:27.168, 7, 84, 75616, 97887
2026/07/08 17:08:28.179, 0, 0, 48704, 97887
2026/07/08 17:08:28.196, 1, 0, 48104, 97887
2026/07/08 17:08:28.213, 2, 0, 48104, 97887
2026/07/08 17:08:28.230, 3, 0, 48104, 97887
2026/07/08 17:08:28.245, 4, 30, 75620, 97887
2026/07/08 17:08:28.260, 5, 95, 75618, 97887
2026/07/08 17:08:28.278, 6, 39, 75616, 97887
2026/07/08 17:08:28.294, 7, 84, 75616, 97887
2026/07/08 17:08:29.309, 0, 0, 48704, 97887
2026/07/08 17:08:29.325, 1, 0, 48104, 97887
2026/07/08 17:08:29.338, 2, 0, 48104, 97887
2026/07/08 17:08:29.352, 3, 0, 48104, 97887
2026/07/08 17:08:29.368, 4, 82, 75620, 97887
2026/07/08 17:08:29.382, 5, 30, 75618, 97887
2026/07/08 17:08:29.396, 6, 33, 75616, 97887
2026/07/08 17:08:29.408, 7, 85, 75616, 97887
2026/07/08 17:08:30.422, 0, 0, 48704, 97887
2026/07/08 17:08:30.447, 1, 0, 48104, 97887
2026/07/08 17:08:30.460, 2, 0, 48104, 97887
2026/07/08 17:08:30.484, 3, 0, 48104, 97887
2026/07/08 17:08:30.495, 4, 91, 75620, 97887
2026/07/08 17:08:30.505, 5, 90, 75618, 97887
2026/07/08 17:08:30.515, 6, 44, 75616, 97887
2026/07/08 17:08:30.525, 7, 79, 75616, 97887
2026/07/08 17:08:31.536, 0, 0, 48704, 97887
2026/07/08 17:08:31.551, 1, 0, 48104, 97887
2026/07/08 17:08:31.566, 2, 0, 48104, 97887
2026/07/08 17:08:31.583, 3, 0, 48104, 97887
2026/07/08 17:08:31.601, 4, 29, 75620, 97887
2026/07/08 17:08:31.618, 5, 95, 75618, 97887
2026/07/08 17:08:31.633, 6, 37, 75616, 97887
2026/07/08 17:08:31.647, 7, 92, 75616, 97887
2026/07/08 17:08:32.661, 0, 0, 48704, 97887
2026/07/08 17:08:32.675, 1, 0, 48104, 97887
2026/07/08 17:08:32.689, 2, 0, 48104, 97887
2026/07/08 17:08:32.705, 3, 0, 48104, 97887
2026/07/08 17:08:32.723, 4, 31, 75620, 97887
2026/07/08 17:08:32.738, 5, 63, 75618, 97887
2026/07/08 17:08:32.755, 6, 35, 75616, 97887
2026/07/08 17:08:32.766, 7, 83, 75616, 97887
2026/07/08 17:08:33.781, 0, 0, 48704, 97887
2026/07/08 17:08:33.795, 1, 0, 48104, 97887
2026/07/08 17:08:33.810, 2, 0, 48104, 97887
2026/07/08 17:08:33.827, 3, 0, 48104, 97887
2026/07/08 17:08:33.847, 4, 30, 75620, 97887
2026/07/08 17:08:33.867, 5, 95, 75618, 97887
2026/07/08 17:08:33.887, 6, 46, 75616, 97887
2026/07/08 17:08:33.910, 7, 84, 75616, 97887
2026/07/08 17:08:34.929, 0, 0, 48704, 97887
2026/07/08 17:08:34.942, 1, 0, 48104, 97887
2026/07/08 17:08:34.953, 2, 0, 48104, 97887
2026/07/08 17:08:34.969, 3, 0, 48104, 97887
2026/07/08 17:08:34.981, 4, 62, 75620, 97887
2026/07/08 17:08:34.993, 5, 71, 75618, 97887
2026/07/08 17:08:35.006, 6, 37, 75616, 97887
2026/07/08 17:08:35.019, 7, 83, 75616, 97887
2026/07/08 17:08:36.032, 0, 0, 48704, 97887
2026/07/08 17:08:36.048, 1, 0, 48104, 97887
2026/07/08 17:08:36.061, 2, 0, 48104, 97887
2026/07/08 17:08:36.076, 3, 0, 48104, 97887
2026/07/08 17:08:36.090, 4, 40, 75620, 97887
2026/07/08 17:08:36.105, 5, 83, 75618, 97887
2026/07/08 17:08:36.120, 6, 40, 75616, 97887
2026/07/08 17:08:36.135, 7, 81, 75616, 97887
2026/07/08 17:08:37.148, 0, 0, 48704, 97887
2026/07/08 17:08:37.169, 1, 0, 48104, 97887
2026/07/08 17:08:37.185, 2, 0, 48104, 97887
2026/07/08 17:08:37.204, 3, 0, 48104, 97887
2026/07/08 17:08:37.222, 4, 76, 75620, 97887
2026/07/08 17:08:37.240, 5, 41, 75618, 97887
2026/07/08 17:08:37.256, 6, 31, 75616, 97887
2026/07/08 17:08:37.271, 7, 77, 75616, 97887
2026/07/08 17:08:38.286, 0, 0, 48704, 97887
2026/07/08 17:08:38.300, 1, 0, 48104, 97887
2026/07/08 17:08:38.313, 2, 0, 48104, 97887
2026/07/08 17:08:38.327, 3, 0, 48104, 97887
2026/07/08 17:08:38.342, 4, 94, 75620, 97887
2026/07/08 17:08:38.355, 5, 28, 75618, 97887
2026/07/08 17:08:38.368, 6, 38, 75616, 97887
2026/07/08 17:08:38.384, 7, 88, 75616, 97887
2026/07/08 17:08:39.401, 0, 0, 48704, 97887
2026/07/08 17:08:39.418, 1, 0, 48104, 97887
2026/07/08 17:08:39.437, 2, 0, 48104, 97887
2026/07/08 17:08:39.454, 3, 0, 48104, 97887
2026/07/08 17:08:39.472, 4, 45, 75620, 97887
2026/07/08 17:08:39.489, 5, 79, 75618, 97887
2026/07/08 17:08:39.505, 6, 38, 75616, 97887
2026/07/08 17:08:39.521, 7, 74, 75616, 97887
2026/07/08 17:08:40.537, 0, 0, 48704, 97887
2026/07/08 17:08:40.554, 1, 0, 48104, 97887
2026/07/08 17:08:40.565, 2, 0, 48104, 97887
2026/07/08 17:08:40.579, 3, 0, 48104, 97887
2026/07/08 17:08:40.593, 4, 49, 75620, 97887
2026/07/08 17:08:40.605, 5, 59, 75618, 97887
2026/07/08 17:08:40.618, 6, 38, 75616, 97887
2026/07/08 17:08:40.633, 7, 89, 75616, 97887
2026/07/08 17:08:41.651, 0, 0, 48704, 97887
2026/07/08 17:08:41.666, 1, 0, 48104, 97887
2026/07/08 17:08:41.682, 2, 0, 48104, 97887
2026/07/08 17:08:41.700, 3, 0, 48104, 97887
2026/07/08 17:08:41.718, 4, 40, 75620, 97887
2026/07/08 17:08:41.733, 5, 29, 75618, 97887
2026/07/08 17:08:41.748, 6, 34, 75616, 97887
2026/07/08 17:08:41.764, 7, 87, 75616, 97887
2026/07/08 17:08:42.782, 0, 0, 48704, 97887
2026/07/08 17:08:42.797, 1, 0, 48104, 97887
2026/07/08 17:08:42.812, 2, 0, 48104, 97887
2026/07/08 17:08:42.829, 3, 0, 48104, 97887
2026/07/08 17:08:42.845, 4, 28, 75620, 97887
2026/07/08 17:08:42.862, 5, 90, 75618, 97887
2026/07/08 17:08:42.878, 6, 44, 75616, 97887
2026/07/08 17:08:42.899, 7, 80, 75616, 97887
2026/07/08 17:08:43.915, 0, 0, 48704, 97887
2026/07/08 17:08:43.927, 1, 0, 48104, 97887
2026/07/08 17:08:43.942, 2, 0, 48104, 97887
2026/07/08 17:08:43.956, 3, 0, 48104, 97887
2026/07/08 17:08:43.972, 4, 29, 75620, 97887
2026/07/08 17:08:43.985, 5, 95, 75618, 97887
2026/07/08 17:08:43.999, 6, 44, 75616, 97887
2026/07/08 17:08:44.013, 7, 77, 75616, 97887
2026/07/08 17:08:45.030, 0, 0, 48704, 97887
2026/07/08 17:08:45.046, 1, 0, 48104, 97887
2026/07/08 17:08:45.061, 2, 0, 48104, 97887
2026/07/08 17:08:45.075, 3, 0, 48104, 97887
2026/07/08 17:08:45.088, 4, 89, 75620, 97887
2026/07/08 17:08:45.104, 5, 39, 75618, 97887
2026/07/08 17:08:45.119, 6, 34, 75616, 97887
2026/07/08 17:08:45.143, 7, 73, 75616, 97887
2026/07/08 17:08:46.159, 0, 0, 48704, 97887
2026/07/08 17:08:46.180, 1, 0, 48104, 97887
2026/07/08 17:08:46.199, 2, 0, 48104, 97887
2026/07/08 17:08:46.219, 3, 0, 48104, 97887
2026/07/08 17:08:46.236, 4, 49, 75620, 97887
2026/07/08 17:08:46.252, 5, 76, 75618, 97887
2026/07/08 17:08:46.269, 6, 48, 75616, 97887
2026/07/08 17:08:46.286, 7, 45, 75616, 97887
2026/07/08 17:08:47.308, 0, 0, 48704, 97887
2026/07/08 17:08:47.327, 1, 0, 48104, 97887
2026/07/08 17:08:47.347, 2, 0, 48104, 97887
2026/07/08 17:08:47.366, 3, 0, 48104, 97887
2026/07/08 17:08:47.386, 4, 58, 75620, 97887
2026/07/08 17:08:47.406, 5, 59, 75618, 97887
2026/07/08 17:08:47.424, 6, 37, 75616, 97887
2026/07/08 17:08:47.439, 7, 90, 75616, 97887
2026/07/08 17:08:48.454, 0, 0, 48704, 97887
2026/07/08 17:08:48.467, 1, 0, 48104, 97887
2026/07/08 17:08:48.480, 2, 0, 48104, 97887
2026/07/08 17:08:48.490, 3, 0, 48104, 97887
2026/07/08 17:08:48.498, 4, 34, 75620, 97887
2026/07/08 17:08:48.510, 5, 86, 75618, 97887
2026/07/08 17:08:48.525, 6, 32, 75616, 97887
2026/07/08 17:08:48.537, 7, 89, 75616, 97887
2026/07/08 17:08:49.552, 0, 0, 48704, 97887
2026/07/08 17:08:49.568, 1, 0, 48104, 97887
2026/07/08 17:08:49.578, 2, 0, 48104, 97887
2026/07/08 17:08:49.591, 3, 0, 48104, 97887
2026/07/08 17:08:49.607, 4, 28, 75620, 97887
2026/07/08 17:08:49.626, 5, 95, 75618, 97887
2026/07/08 17:08:49.644, 6, 36, 75616, 97887
2026/07/08 17:08:49.661, 7, 78, 75616, 97887
2026/07/08 17:08:50.677, 0, 0, 48704, 97887
2026/07/08 17:08:50.695, 1, 0, 48104, 97887
2026/07/08 17:08:50.710, 2, 0, 48104, 97887
2026/07/08 17:08:50.729, 3, 0, 48104, 97887
2026/07/08 17:08:50.742, 4, 43, 75620, 97887
2026/07/08 17:08:50.756, 5, 69, 75618, 97887
2026/07/08 17:08:50.774, 6, 45, 75616, 97887
2026/07/08 17:08:50.791, 7, 79, 75616, 97887
2026/07/08 17:08:51.811, 0, 0, 48704, 97887
2026/07/08 17:08:51.828, 1, 0, 48104, 97887
2026/07/08 17:08:51.842, 2, 0, 48104, 97887
2026/07/08 17:08:51.858, 3, 0, 48104, 97887
2026/07/08 17:08:51.875, 4, 39, 75620, 97887
2026/07/08 17:08:51.889, 5, 81, 75618, 97887
2026/07/08 17:08:51.903, 6, 41, 75616, 97887
2026/07/08 17:08:51.915, 7, 70, 75616, 97887
2026/07/08 17:08:52.927, 0, 0, 48704, 97887
2026/07/08 17:08:52.946, 1, 0, 48104, 97887
2026/07/08 17:08:52.963, 2, 0, 48104, 97887
2026/07/08 17:08:52.977, 3, 0, 48104, 97887
2026/07/08 17:08:52.992, 4, 34, 75620, 97887
2026/07/08 17:08:53.008, 5, 82, 75618, 97887
2026/07/08 17:08:53.023, 6, 27, 75616, 97887
2026/07/08 17:08:53.038, 7, 84, 75616, 97887
2026/07/08 17:08:54.055, 0, 0, 48704, 97887
2026/07/08 17:08:54.071, 1, 0, 48104, 97887
2026/07/08 17:08:54.080, 2, 0, 48104, 97887
2026/07/08 17:08:54.087, 3, 0, 48104, 97887
2026/07/08 17:08:54.092, 4, 95, 75620, 97887
2026/07/08 17:08:54.100, 5, 28, 75618, 97887
2026/07/08 17:08:54.110, 6, 31, 75616, 97887
2026/07/08 17:08:54.125, 7, 78, 75616, 97887
2026/07/08 17:08:55.141, 0, 0, 48704, 97887
2026/07/08 17:08:55.159, 1, 0, 48104, 97887
2026/07/08 17:08:55.174, 2, 0, 48104, 97887
2026/07/08 17:08:55.192, 3, 0, 48104, 97887
2026/07/08 17:08:55.207, 4, 91, 75620, 97887
2026/07/08 17:08:55.224, 5, 27, 75618, 97887
2026/07/08 17:08:55.240, 6, 74, 75616, 97887
2026/07/08 17:08:55.255, 7, 30, 75616, 97887
2026/07/08 17:08:56.270, 0, 0, 48704, 97887
2026/07/08 17:08:56.284, 1, 0, 48104, 97887
2026/07/08 17:08:56.295, 2, 0, 48104, 97887
2026/07/08 17:08:56.312, 3, 0, 48104, 97887
2026/07/08 17:08:56.327, 4, 51, 75620, 97887
2026/07/08 17:08:56.342, 5, 75, 75618, 97887
2026/07/08 17:08:56.360, 6, 67, 75616, 97887
2026/07/08 17:08:56.375, 7, 74, 75616, 97887
2026/07/08 17:08:57.389, 0, 0, 48704, 97887
2026/07/08 17:08:57.403, 1, 0, 48104, 97887
2026/07/08 17:08:57.418, 2, 0, 48104, 97887
2026/07/08 17:08:57.434, 3, 0, 48104, 97887
2026/07/08 17:08:57.450, 4, 47, 75620, 97887
2026/07/08 17:08:57.466, 5, 86, 75618, 97887
2026/07/08 17:08:57.483, 6, 44, 75616, 97887
2026/07/08 17:08:57.499, 7, 72, 75616, 97887
2026/07/08 17:08:58.514, 0, 0, 48704, 97887
2026/07/08 17:08:58.532, 1, 0, 48104, 97887
2026/07/08 17:08:58.551, 2, 0, 48104, 97887
2026/07/08 17:08:58.571, 3, 0, 48104, 97887
2026/07/08 17:08:58.590, 4, 32, 75620, 97887
2026/07/08 17:08:58.607, 5, 86, 75618, 97887
2026/07/08 17:08:58.626, 6, 71, 75616, 97887
2026/07/08 17:08:58.642, 7, 37, 75616, 97887
2026/07/08 17:08:59.656, 0, 0, 48704, 97887
2026/07/08 17:08:59.672, 1, 0, 48104, 97887
2026/07/08 17:08:59.690, 2, 0, 48104, 97887
2026/07/08 17:08:59.705, 3, 0, 48104, 97887
2026/07/08 17:08:59.720, 4, 63, 75620, 97887
2026/07/08 17:08:59.735, 5, 75, 75618, 97887
2026/07/08 17:08:59.753, 6, 47, 75616, 97887
2026/07/08 17:08:59.768, 7, 60, 75616, 97887
2026/07/08 17:09:00.782, 0, 0, 48704, 97887
2026/07/08 17:09:00.800, 1, 0, 48104, 97887
2026/07/08 17:09:00.817, 2, 0, 48104, 97887
2026/07/08 17:09:00.834, 3, 0, 48104, 97887
2026/07/08 17:09:00.852, 4, 27, 75620, 97887
2026/07/08 17:09:00.870, 5, 95, 75618, 97887
2026/07/08 17:09:00.887, 6, 77, 75616, 97887
2026/07/08 17:09:00.899, 7, 44, 75616, 97887
2026/07/08 17:09:01.911, 0, 0, 48704, 97887
2026/07/08 17:09:01.928, 1, 0, 48104, 97887
2026/07/08 17:09:01.941, 2, 0, 48104, 97887
2026/07/08 17:09:01.956, 3, 0, 48104, 97887
2026/07/08 17:09:01.969, 4, 73, 75620, 97887
2026/07/08 17:09:01.984, 5, 39, 75618, 97887
2026/07/08 17:09:02.000, 6, 57, 75616, 97887
2026/07/08 17:09:02.016, 7, 54, 75616, 97887
2026/07/08 17:09:03.032, 0, 0, 48704, 97887
2026/07/08 17:09:03.052, 1, 0, 48104, 97887
2026/07/08 17:09:03.065, 2, 0, 48104, 97887
2026/07/08 17:09:03.077, 3, 0, 48104, 97887
2026/07/08 17:09:03.089, 4, 75, 75620, 97887
2026/07/08 17:09:03.099, 5, 60, 75618, 97887
2026/07/08 17:09:03.111, 6, 44, 75616, 97887
2026/07/08 17:09:03.123, 7, 71, 75616, 97887
2026/07/08 17:09:04.136, 0, 0, 48704, 97887
2026/07/08 17:09:04.146, 1, 0, 48104, 97887
2026/07/08 17:09:04.159, 2, 0, 48104, 97887
2026/07/08 17:09:04.173, 3, 0, 48104, 97887
2026/07/08 17:09:04.185, 4, 29, 75620, 97887
2026/07/08 17:09:04.197, 5, 95, 75618, 97887
2026/07/08 17:09:04.211, 6, 44, 75616, 97887
2026/07/08 17:09:04.224, 7, 83, 75616, 97887
2026/07/08 17:09:05.242, 0, 0, 48704, 97887
2026/07/08 17:09:05.260, 1, 0, 48104, 97887
2026/07/08 17:09:05.276, 2, 0, 48104, 97887
2026/07/08 17:09:05.292, 3, 0, 48104, 97887
2026/07/08 17:09:05.305, 4, 60, 75620, 97887
2026/07/08 17:09:05.316, 5, 67, 75618, 97887
2026/07/08 17:09:05.330, 6, 53, 75616, 97887
2026/07/08 17:09:05.345, 7, 62, 75616, 97887
2026/07/08 17:09:06.358, 0, 0, 48704, 97887
2026/07/08 17:09:06.373, 1, 0, 48104, 97887
2026/07/08 17:09:06.388, 2, 0, 48104, 97887
2026/07/08 17:09:06.402, 3, 0, 48104, 97887
2026/07/08 17:09:06.414, 4, 41, 75620, 97887
2026/07/08 17:09:06.431, 5, 56, 75618, 97887
2026/07/08 17:09:06.447, 6, 52, 75616, 97887
2026/07/08 17:09:06.461, 7, 65, 75616, 97887
2026/07/08 17:09:07.477, 0, 0, 48704, 97887
2026/07/08 17:09:07.499, 1, 0, 48104, 97887
2026/07/08 17:09:07.511, 2, 0, 48104, 97887
2026/07/08 17:09:07.524, 3, 0, 48104, 97887
2026/07/08 17:09:07.535, 4, 32, 75620, 97887
2026/07/08 17:09:07.546, 5, 93, 75618, 97887
2026/07/08 17:09:07.559, 6, 53, 75616, 97887
2026/07/08 17:09:07.573, 7, 75, 75616, 97887
2026/07/08 17:09:08.588, 0, 0, 48704, 97887
2026/07/08 17:09:08.602, 1, 0, 48104, 97887
2026/07/08 17:09:08.619, 2, 0, 48104, 97887
2026/07/08 17:09:08.634, 3, 0, 48104, 97887
2026/07/08 17:09:08.649, 4, 93, 75620, 97887
2026/07/08 17:09:08.662, 5, 36, 75618, 97887
2026/07/08 17:09:08.674, 6, 92, 75616, 97887
2026/07/08 17:09:08.689, 7, 42, 75616, 97887
2026/07/08 17:09:09.703, 0, 0, 48704, 97887
2026/07/08 17:09:09.714, 1, 0, 48104, 97887
2026/07/08 17:09:09.727, 2, 0, 48104, 97887
2026/07/08 17:09:09.740, 3, 0, 48104, 97887
2026/07/08 17:09:09.753, 4, 59, 75620, 97887
2026/07/08 17:09:09.764, 5, 68, 75618, 97887
2026/07/08 17:09:09.777, 6, 38, 75616, 97887
2026/07/08 17:09:09.790, 7, 76, 75616, 97887
2026/07/08 17:09:10.804, 0, 0, 48704, 97887
2026/07/08 17:09:10.821, 1, 0, 48104, 97887
2026/07/08 17:09:10.840, 2, 0, 48104, 97887
2026/07/08 17:09:10.859, 3, 0, 48104, 97887
2026/07/08 17:09:10.876, 4, 76, 75620, 97887
2026/07/08 17:09:10.892, 5, 49, 75618, 97887
2026/07/08 17:09:10.907, 6, 47, 75616, 97887
2026/07/08 17:09:10.923, 7, 79, 75616, 97887
2026/07/08 17:09:11.938, 0, 0, 48704, 97887
2026/07/08 17:09:11.955, 1, 0, 48104, 97887
2026/07/08 17:09:11.971, 2, 0, 48104, 97887
2026/07/08 17:09:11.987, 3, 0, 48104, 97887
2026/07/08 17:09:12.005, 4, 28, 75620, 97887
2026/07/08 17:09:12.022, 5, 87, 75618, 97887
2026/07/08 17:09:12.036, 6, 90, 75616, 97887
2026/07/08 17:09:12.052, 7, 36, 75616, 97887
2026/07/08 17:09:13.069, 0, 0, 48704, 97887
2026/07/08 17:09:13.086, 1, 0, 48104, 97887
2026/07/08 17:09:13.104, 2, 0, 48104, 97887
2026/07/08 17:09:13.122, 3, 0, 48104, 97887
2026/07/08 17:09:13.140, 4, 96, 75620, 97887
2026/07/08 17:09:13.158, 5, 27, 75618, 97887
2026/07/08 17:09:13.175, 6, 47, 75616, 97887
2026/07/08 17:09:13.193, 7, 30, 75616, 97887
2026/07/08 17:09:14.211, 0, 0, 48704, 97887
2026/07/08 17:09:14.232, 1, 0, 48104, 97887
2026/07/08 17:09:14.249, 2, 0, 48104, 97887
2026/07/08 17:09:14.266, 3, 0, 48104, 97887
2026/07/08 17:09:14.285, 4, 34, 75620, 97887
2026/07/08 17:09:14.305, 5, 80, 75618, 97887
2026/07/08 17:09:14.323, 6, 71, 75616, 97887
2026/07/08 17:09:14.343, 7, 43, 75616, 97887
2026/07/08 17:09:15.362, 0, 0, 48704, 97887
2026/07/08 17:09:15.377, 1, 0, 48104, 97887
2026/07/08 17:09:15.395, 2, 0, 48104, 97887
2026/07/08 17:09:15.413, 3, 0, 48104, 97887
2026/07/08 17:09:15.429, 4, 47, 75620, 97887
2026/07/08 17:09:15.452, 5, 40, 75618, 97887
2026/07/08 17:09:15.463, 6, 61, 75616, 97887
2026/07/08 17:09:15.479, 7, 23, 75616, 97887
2026/07/08 17:09:16.498, 0, 0, 48704, 97887
2026/07/08 17:09:16.513, 1, 0, 48104, 97887
2026/07/08 17:09:16.529, 2, 0, 48104, 97887
2026/07/08 17:09:16.549, 3, 0, 48104, 97887
2026/07/08 17:09:16.564, 4, 44, 75620, 97887
2026/07/08 17:09:16.581, 5, 65, 75618, 97887
2026/07/08 17:09:16.600, 6, 62, 75616, 97887
2026/07/08 17:09:16.617, 7, 30, 75616, 97887
2026/07/08 17:09:17.632, 0, 0, 48704, 97887
2026/07/08 17:09:17.646, 1, 0, 48104, 97887
2026/07/08 17:09:17.658, 2, 0, 48104, 97887
2026/07/08 17:09:17.670, 3, 0, 48104, 97887
2026/07/08 17:09:17.683, 4, 25, 75620, 97887
2026/07/08 17:09:17.699, 5, 95, 75618, 97887
2026/07/08 17:09:17.714, 6, 55, 75616, 97887
2026/07/08 17:09:17.731, 7, 72, 75616, 97887
2026/07/08 17:09:18.747, 0, 0, 48704, 97887
2026/07/08 17:09:18.761, 1, 0, 48104, 97887
2026/07/08 17:09:18.774, 2, 0, 48104, 97887
2026/07/08 17:09:18.787, 3, 0, 48104, 97887
2026/07/08 17:09:18.798, 4, 18, 75620, 97887
2026/07/08 17:09:18.811, 5, 94, 75618, 97887
2026/07/08 17:09:18.825, 6, 31, 75616, 97887
2026/07/08 17:09:18.845, 7, 64, 75616, 97887
2026/07/08 17:09:19.860, 0, 0, 48704, 97887
2026/07/08 17:09:19.878, 1, 0, 48104, 97887
2026/07/08 17:09:19.896, 2, 0, 48104, 97887
2026/07/08 17:09:19.910, 3, 0, 48104, 97887
2026/07/08 17:09:19.927, 4, 18, 75620, 97887
2026/07/08 17:09:19.946, 5, 95, 75618, 97887
2026/07/08 17:09:19.964, 6, 50, 75616, 97887
2026/07/08 17:09:19.983, 7, 49, 75616, 97887
2026/07/08 17:09:21.000, 0, 0, 48704, 97887
2026/07/08 17:09:21.018, 1, 0, 48104, 97887
2026/07/08 17:09:21.032, 2, 0, 48104, 97887
2026/07/08 17:09:21.049, 3, 0, 48104, 97887
2026/07/08 17:09:21.064, 4, 18, 75620, 97887
2026/07/08 17:09:21.081, 5, 95, 75618, 97887
2026/07/08 17:09:21.095, 6, 42, 75616, 97887
2026/07/08 17:09:21.111, 7, 42, 75616, 97887
2026/07/08 17:09:22.127, 0, 0, 48704, 97887
2026/07/08 17:09:22.139, 1, 0, 48104, 97887
2026/07/08 17:09:22.152, 2, 0, 48104, 97887
2026/07/08 17:09:22.166, 3, 0, 48104, 97887
2026/07/08 17:09:22.176, 4, 19, 75620, 97887
2026/07/08 17:09:22.187, 5, 94, 75618, 97887
2026/07/08 17:09:22.200, 6, 34, 75616, 97887
2026/07/08 17:09:22.212, 7, 47, 75616, 97887
2026/07/08 17:09:23.224, 0, 0, 48704, 97887
2026/07/08 17:09:23.242, 1, 0, 48104, 97887
2026/07/08 17:09:23.258, 2, 0, 48104, 97887
2026/07/08 17:09:23.273, 3, 0, 48104, 97887
2026/07/08 17:09:23.289, 4, 42, 75620, 97887
2026/07/08 17:09:23.304, 5, 95, 75618, 97887
2026/07/08 17:09:23.320, 6, 53, 75616, 97887
2026/07/08 17:09:23.336, 7, 45, 75616, 97887
2026/07/08 17:09:24.352, 0, 0, 48704, 97887
2026/07/08 17:09:24.371, 1, 0, 48104, 97887
2026/07/08 17:09:24.390, 2, 0, 48104, 97887
2026/07/08 17:09:24.404, 3, 0, 48104, 97887
2026/07/08 17:09:24.421, 4, 23, 75620, 97887
2026/07/08 17:09:24.442, 5, 91, 75618, 97887
2026/07/08 17:09:24.461, 6, 62, 75616, 97887
2026/07/08 17:09:24.476, 7, 22, 75616, 97887
2026/07/08 17:09:25.493, 0, 0, 48704, 97887
2026/07/08 17:09:25.512, 1, 0, 48104, 97887
2026/07/08 17:09:25.531, 2, 0, 48104, 97887
2026/07/08 17:09:25.548, 3, 0, 48104, 97887
2026/07/08 17:09:25.566, 4, 31, 75620, 97887
2026/07/08 17:09:25.583, 5, 73, 75618, 97887
2026/07/08 17:09:25.603, 6, 65, 75616, 97887
2026/07/08 17:09:25.618, 7, 42, 75616, 97887
2026/07/08 17:09:26.632, 0, 0, 48704, 97887
2026/07/08 17:09:26.648, 1, 0, 48104, 97887
2026/07/08 17:09:26.667, 2, 0, 48104, 97887
2026/07/08 17:09:26.687, 3, 0, 48104, 97887
2026/07/08 17:09:26.705, 4, 47, 75620, 97887
2026/07/08 17:09:26.723, 5, 40, 75618, 97887
2026/07/08 17:09:26.741, 6, 54, 75616, 97887
2026/07/08 17:09:26.758, 7, 36, 75616, 97887
2026/07/08 17:09:27.777, 0, 0, 48704, 97887
2026/07/08 17:09:27.792, 1, 0, 48104, 97887
2026/07/08 17:09:27.805, 2, 0, 48104, 97887
2026/07/08 17:09:27.819, 3, 0, 48104, 97887
2026/07/08 17:09:27.838, 4, 50, 75620, 97887
2026/07/08 17:09:27.855, 5, 63, 75618, 97887
2026/07/08 17:09:27.871, 6, 61, 75616, 97887
2026/07/08 17:09:27.890, 7, 40, 75616, 97887
2026/07/08 17:09:28.907, 0, 0, 48704, 97887
2026/07/08 17:09:28.942, 1, 0, 48104, 97887
2026/07/08 17:09:28.970, 2, 0, 48104, 97887
2026/07/08 17:09:28.999, 3, 0, 48104, 97887
2026/07/08 17:09:29.019, 4, 26, 75620, 97887
2026/07/08 17:09:29.044, 5, 95, 75618, 97887
2026/07/08 17:09:29.062, 6, 70, 75616, 97887
2026/07/08 17:09:29.080, 7, 53, 75616, 97887
2026/07/08 17:09:30.100, 0, 0, 48704, 97887
2026/07/08 17:09:30.116, 1, 0, 48104, 97887
2026/07/08 17:09:30.134, 2, 0, 48104, 97887
2026/07/08 17:09:30.150, 3, 0, 48104, 97887
2026/07/08 17:09:30.166, 4, 27, 75620, 97887
2026/07/08 17:09:30.182, 5, 95, 75618, 97887
2026/07/08 17:09:30.199, 6, 68, 75616, 97887
2026/07/08 17:09:30.219, 7, 24, 75616, 97887
2026/07/08 17:09:31.236, 0, 0, 48704, 97887
2026/07/08 17:09:31.253, 1, 0, 48104, 97887
2026/07/08 17:09:31.271, 2, 0, 48104, 97887
2026/07/08 17:09:31.287, 3, 0, 48104, 97887
2026/07/08 17:09:31.302, 4, 50, 75620, 97887
2026/07/08 17:09:31.316, 5, 60, 75618, 97887
2026/07/08 17:09:31.334, 6, 94, 75616, 97887
2026/07/08 17:09:31.351, 7, 27, 75616, 97887
2026/07/08 17:09:32.366, 0, 0, 48704, 97887
2026/07/08 17:09:32.378, 1, 0, 48104, 97887
2026/07/08 17:09:32.393, 2, 0, 48104, 97887
2026/07/08 17:09:32.411, 3, 0, 48104, 97887
2026/07/08 17:09:32.430, 4, 43, 75620, 97887
2026/07/08 17:09:32.449, 5, 36, 75618, 97887
2026/07/08 17:09:32.468, 6, 66, 75616, 97887
2026/07/08 17:09:32.483, 7, 27, 75616, 97887
2026/07/08 17:09:33.496, 0, 0, 48704, 97887
2026/07/08 17:09:33.511, 1, 0, 48104, 97887
2026/07/08 17:09:33.527, 2, 0, 48104, 97887
2026/07/08 17:09:33.543, 3, 0, 48104, 97887
2026/07/08 17:09:33.558, 4, 27, 75620, 97887
2026/07/08 17:09:33.572, 5, 95, 75618, 97887
2026/07/08 17:09:33.583, 6, 58, 75616, 97887
2026/07/08 17:09:33.597, 7, 32, 75616, 97887
2026/07/08 17:09:34.612, 0, 0, 48704, 97887
2026/07/08 17:09:34.629, 1, 0, 48104, 97887
2026/07/08 17:09:34.654, 2, 0, 48104, 97887
2026/07/08 17:09:34.670, 3, 0, 48104, 97887
2026/07/08 17:09:34.691, 4, 33, 75620, 97887
2026/07/08 17:09:34.707, 5, 47, 75618, 97887
2026/07/08 17:09:34.724, 6, 45, 75616, 97887
2026/07/08 17:09:34.745, 7, 32, 75616, 97887
2026/07/08 17:09:35.761, 0, 0, 48704, 97887
2026/07/08 17:09:35.778, 1, 0, 48104, 97887
2026/07/08 17:09:35.797, 2, 0, 48104, 97887
2026/07/08 17:09:35.815, 3, 0, 48104, 97887
2026/07/08 17:09:35.833, 4, 26, 75620, 97887
2026/07/08 17:09:35.848, 5, 94, 75618, 97887
2026/07/08 17:09:35.867, 6, 83, 75616, 97887
2026/07/08 17:09:35.884, 7, 24, 75616, 97887
2026/07/08 17:09:36.900, 0, 0, 48704, 97887
2026/07/08 17:09:36.914, 1, 0, 48104, 97887
2026/07/08 17:09:36.928, 2, 0, 48104, 97887
2026/07/08 17:09:36.944, 3, 0, 48104, 97887
2026/07/08 17:09:36.962, 4, 41, 75620, 97887
2026/07/08 17:09:36.977, 5, 69, 75618, 97887
2026/07/08 17:09:36.991, 6, 58, 75616, 97887
2026/07/08 17:09:37.022, 7, 67, 75616, 97887
2026/07/08 17:09:38.037, 0, 0, 48704, 97887
2026/07/08 17:09:38.055, 1, 0, 48104, 97887
2026/07/08 17:09:38.071, 2, 0, 48104, 97887
2026/07/08 17:09:38.087, 3, 0, 48104, 97887
2026/07/08 17:09:38.103, 4, 25, 75620, 97887
2026/07/08 17:09:38.120, 5, 94, 75618, 97887
2026/07/08 17:09:38.138, 6, 32, 75616, 97887
2026/07/08 17:09:38.156, 7, 67, 75616, 97887
2026/07/08 17:09:39.170, 0, 0, 48704, 97887
2026/07/08 17:09:39.185, 1, 0, 48104, 97887
2026/07/08 17:09:39.200, 2, 0, 48104, 97887
2026/07/08 17:09:39.214, 3, 0, 48104, 97887
2026/07/08 17:09:39.231, 4, 48, 75620, 97887
2026/07/08 17:09:39.249, 5, 61, 75618, 97887
2026/07/08 17:09:39.261, 6, 30, 75616, 97887
2026/07/08 17:09:39.273, 7, 68, 75616, 97887
2026/07/08 17:09:40.286, 0, 0, 48704, 97887
2026/07/08 17:09:40.302, 1, 0, 48104, 97887
2026/07/08 17:09:40.319, 2, 0, 48104, 97887
2026/07/08 17:09:40.335, 3, 0, 48104, 97887
2026/07/08 17:09:40.356, 4, 35, 75620, 97887
2026/07/08 17:09:40.373, 5, 85, 75618, 97887
2026/07/08 17:09:40.391, 6, 42, 75616, 97887
2026/07/08 17:09:40.407, 7, 54, 75616, 97887
2026/07/08 17:09:41.426, 0, 0, 48704, 97887
2026/07/08 17:09:41.443, 1, 0, 48104, 97887
2026/07/08 17:09:41.459, 2, 0, 48104, 97887
2026/07/08 17:09:41.477, 3, 0, 48104, 97887
2026/07/08 17:09:41.496, 4, 44, 75620, 97887
2026/07/08 17:09:41.515, 5, 71, 75618, 97887
2026/07/08 17:09:41.534, 6, 46, 75616, 97887
2026/07/08 17:09:41.552, 7, 38, 75616, 97887
2026/07/08 17:09:42.568, 0, 0, 48704, 97887
2026/07/08 17:09:42.578, 1, 0, 48104, 97887
2026/07/08 17:09:42.588, 2, 0, 48104, 97887
2026/07/08 17:09:42.599, 3, 0, 48104, 97887
2026/07/08 17:09:42.615, 4, 77, 75620, 97887
2026/07/08 17:09:42.628, 5, 26, 75618, 97887
2026/07/08 17:09:42.642, 6, 31, 75616, 97887
2026/07/08 17:09:42.658, 7, 66, 75616, 97887
2026/07/08 17:09:43.676, 0, 0, 48704, 97887
2026/07/08 17:09:43.692, 1, 0, 48104, 97887
2026/07/08 17:09:43.708, 2, 0, 48104, 97887
2026/07/08 17:09:43.726, 3, 0, 48104, 97887
2026/07/08 17:09:43.743, 4, 27, 75620, 97887
2026/07/08 17:09:43.760, 5, 95, 75618, 97887
2026/07/08 17:09:43.774, 6, 61, 75616, 97887
2026/07/08 17:09:43.787, 7, 42, 75616, 97887
2026/07/08 17:09:44.803, 0, 0, 48704, 97887
2026/07/08 17:09:44.822, 1, 0, 48104, 97887
2026/07/08 17:09:44.838, 2, 0, 48104, 97887
2026/07/08 17:09:44.852, 3, 0, 48104, 97887
2026/07/08 17:09:44.868, 4, 93, 75620, 97887
2026/07/08 17:09:44.885, 5, 27, 75618, 97887
2026/07/08 17:09:44.904, 6, 64, 75616, 97887
2026/07/08 17:09:44.923, 7, 24, 75616, 97887
2026/07/08 17:09:45.941, 0, 0, 48704, 97887
2026/07/08 17:09:45.958, 1, 0, 48104, 97887
2026/07/08 17:09:45.969, 2, 0, 48104, 97887
2026/07/08 17:09:45.982, 3, 0, 48104, 97887
2026/07/08 17:09:45.994, 4, 95, 75620, 97887
2026/07/08 17:09:46.007, 5, 26, 75618, 97887
2026/07/08 17:09:46.020, 6, 53, 75616, 97887
2026/07/08 17:09:46.031, 7, 24, 75616, 97887
2026/07/08 17:09:47.044, 0, 0, 48704, 97887
2026/07/08 17:09:47.060, 1, 0, 48104, 97887
2026/07/08 17:09:47.074, 2, 0, 48104, 97887
2026/07/08 17:09:47.087, 3, 0, 48104, 97887
2026/07/08 17:09:47.103, 4, 79, 75620, 97887
2026/07/08 17:09:47.120, 5, 39, 75618, 97887
2026/07/08 17:09:47.134, 6, 27, 75616, 97887
2026/07/08 17:09:47.147, 7, 68, 75616, 97887
2026/07/08 17:09:48.164, 0, 0, 48704, 97887
2026/07/08 17:09:48.179, 1, 0, 48104, 97887
2026/07/08 17:09:48.195, 2, 0, 48104, 97887
2026/07/08 17:09:48.215, 3, 0, 48104, 97887
2026/07/08 17:09:48.234, 4, 65, 75620, 97887
2026/07/08 17:09:48.255, 5, 29, 75618, 97887
2026/07/08 17:09:48.274, 6, 76, 75616, 97887
2026/07/08 17:09:48.293, 7, 28, 75616, 97887
2026/07/08 17:09:49.311, 0, 0, 48704, 97887
2026/07/08 17:09:49.327, 1, 0, 48104, 97887
2026/07/08 17:09:49.345, 2, 0, 48104, 97887
2026/07/08 17:09:49.363, 3, 0, 48104, 97887
2026/07/08 17:09:49.379, 4, 20, 75620, 97887
2026/07/08 17:09:49.396, 5, 94, 75618, 97887
2026/07/08 17:09:49.413, 6, 52, 75616, 97887
2026/07/08 17:09:49.429, 7, 52, 75616, 97887
2026/07/08 17:09:50.446, 0, 0, 48704, 97887
2026/07/08 17:09:50.461, 1, 0, 48104, 97887
2026/07/08 17:09:50.474, 2, 0, 48104, 97887
2026/07/08 17:09:50.488, 3, 0, 48104, 97887
2026/07/08 17:09:50.502, 4, 20, 75620, 97887
2026/07/08 17:09:50.516, 5, 95, 75618, 97887
2026/07/08 17:09:50.531, 6, 53, 75616, 97887
2026/07/08 17:09:50.548, 7, 36, 75616, 97887
2026/07/08 17:09:51.564, 0, 0, 48704, 97887
2026/07/08 17:09:51.579, 1, 0, 48104, 97887
2026/07/08 17:09:51.594, 2, 0, 48104, 97887
2026/07/08 17:09:51.610, 3, 0, 48104, 97887
2026/07/08 17:09:51.623, 4, 19, 75620, 97887
2026/07/08 17:09:51.639, 5, 95, 75618, 97887
2026/07/08 17:09:51.653, 6, 51, 75616, 97887
2026/07/08 17:09:51.669, 7, 42, 75616, 97887
2026/07/08 17:09:52.688, 0, 0, 48704, 97887
2026/07/08 17:09:52.707, 1, 0, 48104, 97887
2026/07/08 17:09:52.723, 2, 0, 48104, 97887
2026/07/08 17:09:52.739, 3, 0, 48104, 97887
2026/07/08 17:09:52.755, 4, 21, 75620, 97887
2026/07/08 17:09:52.773, 5, 86, 75618, 97887
2026/07/08 17:09:52.787, 6, 30, 75616, 97887
2026/07/08 17:09:52.801, 7, 61, 75616, 97887
2026/07/08 17:09:53.818, 0, 0, 48704, 97887
2026/07/08 17:09:53.839, 1, 0, 48104, 97887
2026/07/08 17:09:53.864, 2, 0, 48104, 97887
2026/07/08 17:09:53.889, 3, 0, 48104, 97887
2026/07/08 17:09:53.905, 4, 20, 75620, 97887
2026/07/08 17:09:53.922, 5, 95, 75618, 97887
2026/07/08 17:09:53.941, 6, 42, 75616, 97887
2026/07/08 17:09:53.961, 7, 73, 75616, 97887
2026/07/08 17:09:54.980, 0, 0, 48704, 97887
2026/07/08 17:09:55.001, 1, 0, 48104, 97887
2026/07/08 17:09:55.019, 2, 0, 48104, 97887
2026/07/08 17:09:55.036, 3, 0, 48104, 97887
2026/07/08 17:09:55.054, 4, 20, 75620, 97887
2026/07/08 17:09:55.069, 5, 95, 75618, 97887
2026/07/08 17:09:55.084, 6, 67, 75616, 97887
2026/07/08 17:09:55.103, 7, 60, 75616, 97887
2026/07/08 17:09:56.118, 0, 0, 48704, 97887
2026/07/08 17:09:56.132, 1, 0, 48104, 97887
2026/07/08 17:09:56.150, 2, 0, 48104, 97887
2026/07/08 17:09:56.165, 3, 0, 48104, 97887
2026/07/08 17:09:56.183, 4, 26, 75620, 97887
2026/07/08 17:09:56.197, 5, 80, 75618, 97887
2026/07/08 17:09:56.210, 6, 31, 75616, 97887
2026/07/08 17:09:56.223, 7, 60, 75616, 97887
2026/07/08 17:09:57.236, 0, 0, 48704, 97887
2026/07/08 17:09:57.253, 1, 0, 48104, 97887
2026/07/08 17:09:57.271, 2, 0, 48104, 97887
2026/07/08 17:09:57.288, 3, 0, 48104, 97887
2026/07/08 17:09:57.304, 4, 20, 75620, 97887
2026/07/08 17:09:57.322, 5, 90, 75618, 97887
2026/07/08 17:09:57.336, 6, 30, 75616, 97887
2026/07/08 17:09:57.352, 7, 89, 75616, 97887
2026/07/08 17:09:58.368, 0, 0, 48704, 97887
2026/07/08 17:09:58.383, 1, 0, 48104, 97887
2026/07/08 17:09:58.398, 2, 0, 48104, 97887
2026/07/08 17:09:58.413, 3, 0, 48104, 97887
2026/07/08 17:09:58.429, 4, 52, 75620, 97887
2026/07/08 17:09:58.444, 5, 51, 75618, 97887
2026/07/08 17:09:58.459, 6, 56, 75616, 97887
2026/07/08 17:09:58.475, 7, 53, 75616, 97887
2026/07/08 17:09:59.491, 0, 0, 48704, 97887
2026/07/08 17:09:59.509, 1, 0, 48104, 97887
2026/07/08 17:09:59.527, 2, 0, 48104, 97887
2026/07/08 17:09:59.541, 3, 0, 48104, 97887
2026/07/08 17:09:59.555, 4, 20, 75620, 97887
2026/07/08 17:09:59.569, 5, 50, 75618, 97887
2026/07/08 17:09:59.583, 6, 92, 75616, 97887
2026/07/08 17:09:59.600, 7, 27, 75616, 97887
2026/07/08 17:10:00.618, 0, 0, 48704, 97887
2026/07/08 17:10:00.634, 1, 0, 48104, 97887
2026/07/08 17:10:00.649, 2, 0, 48104, 97887
2026/07/08 17:10:00.666, 3, 0, 48104, 97887
2026/07/08 17:10:00.682, 4, 49, 75620, 97887
2026/07/08 17:10:00.696, 5, 73, 75618, 97887
2026/07/08 17:10:00.712, 6, 31, 75616, 97887
2026/07/08 17:10:00.730, 7, 67, 75616, 97887
2026/07/08 17:10:01.749, 0, 0, 48704, 97887
2026/07/08 17:10:01.769, 1, 0, 48104, 97887
2026/07/08 17:10:01.798, 2, 0, 48104, 97887
2026/07/08 17:10:01.811, 3, 0, 48104, 97887
2026/07/08 17:10:01.831, 4, 81, 75620, 97887
2026/07/08 17:10:01.847, 5, 32, 75618, 97887
2026/07/08 17:10:01.869, 6, 28, 75616, 97887
2026/07/08 17:10:01.892, 7, 75, 75616, 97887
2026/07/08 17:10:02.913, 0, 0, 48704, 97887
2026/07/08 17:10:02.931, 1, 0, 48104, 97887
2026/07/08 17:10:02.948, 2, 0, 48104, 97887
2026/07/08 17:10:02.966, 3, 0, 48104, 97887
2026/07/08 17:10:02.981, 4, 40, 75620, 97887
2026/07/08 17:10:03.001, 5, 67, 75618, 97887
2026/07/08 17:10:03.018, 6, 37, 75616, 97887
2026/07/08 17:10:03.035, 7, 74, 75616, 97887
2026/07/08 17:10:04.055, 0, 0, 48704, 97887
2026/07/08 17:10:04.070, 1, 0, 48104, 97887
2026/07/08 17:10:04.086, 2, 0, 48104, 97887
2026/07/08 17:10:04.098, 3, 0, 48104, 97887
2026/07/08 17:10:04.112, 4, 67, 75620, 97887
2026/07/08 17:10:04.121, 5, 47, 75618, 97887
2026/07/08 17:10:04.132, 6, 40, 75616, 97887
2026/07/08 17:10:04.146, 7, 75, 75616, 97887
2026/07/08 17:10:05.159, 0, 0, 48704, 97887
2026/07/08 17:10:05.178, 1, 0, 48104, 97887
2026/07/08 17:10:05.194, 2, 0, 48104, 97887
2026/07/08 17:10:05.208, 3, 0, 48104, 97887
2026/07/08 17:10:05.221, 4, 20, 75620, 97887
2026/07/08 17:10:05.237, 5, 95, 75618, 97887
2026/07/08 17:10:05.254, 6, 33, 75616, 97887
2026/07/08 17:10:05.271, 7, 75, 75616, 97887
2026/07/08 17:10:06.288, 0, 0, 48704, 97887
2026/07/08 17:10:06.305, 1, 0, 48104, 97887
2026/07/08 17:10:06.323, 2, 0, 48104, 97887
2026/07/08 17:10:06.338, 3, 0, 48104, 97887
2026/07/08 17:10:06.354, 4, 0, 75620, 97887
2026/07/08 17:10:06.368, 5, 4, 75618, 97887
2026/07/08 17:10:06.382, 6, 23, 75616, 97887
2026/07/08 17:10:06.398, 7, 77, 75616, 97887
2026/07/08 17:10:07.418, 0, 0, 48704, 97887
2026/07/08 17:10:07.435, 1, 0, 48104, 97887
2026/07/08 17:10:07.457, 2, 0, 48104, 97887
2026/07/08 17:10:07.480, 3, 0, 48104, 97887
2026/07/08 17:10:07.543, 4, 0, 75620, 97887
2026/07/08 17:10:07.561, 5, 0, 75618, 97887
2026/07/08 17:10:07.576, 6, 28, 75618, 97887
2026/07/08 17:10:07.588, 7, 91, 75616, 97887
2026/07/08 17:10:08.603, 0, 0, 48704, 97887
2026/07/08 17:10:08.622, 1, 0, 48104, 97887
2026/07/08 17:10:08.638, 2, 0, 48104, 97887
2026/07/08 17:10:08.655, 3, 0, 48104, 97887
2026/07/08 17:10:08.671, 4, 54, 75620, 97887
2026/07/08 17:10:08.686, 5, 66, 75618, 97887
2026/07/08 17:10:08.699, 6, 92, 75618, 97887
2026/07/08 17:10:08.711, 7, 86, 75616, 97887
2026/07/08 17:10:09.726, 0, 0, 48704, 97887
2026/07/08 17:10:09.741, 1, 0, 48104, 97887
2026/07/08 17:10:09.759, 2, 0, 48104, 97887
2026/07/08 17:10:09.776, 3, 0, 48104, 97887
2026/07/08 17:10:09.793, 4, 20, 75620, 97887
2026/07/08 17:10:09.807, 5, 95, 75618, 97887
2026/07/08 17:10:09.821, 6, 35, 75618, 97887
2026/07/08 17:10:09.835, 7, 64, 75616, 97887
2026/07/08 17:10:10.847, 0, 0, 48704, 97887
2026/07/08 17:10:10.865, 1, 0, 48104, 97887
2026/07/08 17:10:10.884, 2, 0, 48104, 97887
2026/07/08 17:10:10.902, 3, 0, 48104, 97887
2026/07/08 17:10:10.917, 4, 67, 75620, 97887
2026/07/08 17:10:10.933, 5, 88, 75618, 97887
2026/07/08 17:10:10.950, 6, 48, 75618, 97887
2026/07/08 17:10:10.965, 7, 45, 75616, 97887
2026/07/08 17:10:11.979, 0, 0, 48704, 97887
2026/07/08 17:10:11.994, 1, 0, 48104, 97887
2026/07/08 17:10:12.009, 2, 0, 48104, 97887
2026/07/08 17:10:12.024, 3, 0, 48104, 97887
2026/07/08 17:10:12.038, 4, 20, 75620, 97887
2026/07/08 17:10:12.053, 5, 94, 75618, 97887
2026/07/08 17:10:12.070, 6, 40, 75618, 97887
2026/07/08 17:10:12.087, 7, 60, 75616, 97887
2026/07/08 17:10:13.104, 0, 0, 48704, 97887
2026/07/08 17:10:13.119, 1, 0, 48104, 97887
2026/07/08 17:10:13.135, 2, 0, 48104, 97887
2026/07/08 17:10:13.150, 3, 0, 48104, 97887
2026/07/08 17:10:13.166, 4, 19, 75620, 97887
2026/07/08 17:10:13.181, 5, 84, 75618, 97887
2026/07/08 17:10:13.199, 6, 31, 75618, 97887
2026/07/08 17:10:13.217, 7, 64, 75616, 97887
2026/07/08 17:10:14.231, 0, 0, 48704, 97887
2026/07/08 17:10:14.244, 1, 0, 48104, 97887
2026/07/08 17:10:14.262, 2, 0, 48104, 97887
2026/07/08 17:10:14.281, 3, 0, 48104, 97887
2026/07/08 17:10:14.301, 4, 32, 75620, 97887
2026/07/08 17:10:14.320, 5, 50, 75618, 97887
2026/07/08 17:10:14.339, 6, 26, 75618, 97887
2026/07/08 17:10:14.359, 7, 86, 75616, 97887
2026/07/08 17:10:15.378, 0, 0, 48704, 97887
2026/07/08 17:10:15.393, 1, 0, 48104, 97887
2026/07/08 17:10:15.410, 2, 0, 48104, 97887
2026/07/08 17:10:15.428, 3, 0, 48104, 97887
2026/07/08 17:10:15.452, 4, 20, 75620, 97887
2026/07/08 17:10:15.465, 5, 95, 75618, 97887
2026/07/08 17:10:15.476, 6, 49, 75618, 97887
2026/07/08 17:10:15.490, 7, 81, 75616, 97887
2026/07/08 17:10:16.502, 0, 0, 48704, 97887
2026/07/08 17:10:16.517, 1, 0, 48104, 97887
2026/07/08 17:10:16.533, 2, 0, 48104, 97887
2026/07/08 17:10:16.549, 3, 0, 48104, 97887
2026/07/08 17:10:16.567, 4, 18, 75620, 97887
2026/07/08 17:10:16.582, 5, 94, 75618, 97887
2026/07/08 17:10:16.598, 6, 29, 75618, 97887
2026/07/08 17:10:16.613, 7, 64, 75616, 97887
2026/07/08 17:10:17.628, 0, 0, 48704, 97887
2026/07/08 17:10:17.644, 1, 0, 48104, 97887
2026/07/08 17:10:17.660, 2, 0, 48104, 97887
2026/07/08 17:10:17.676, 3, 0, 48104, 97887
2026/07/08 17:10:17.691, 4, 20, 75620, 97887
2026/07/08 17:10:17.707, 5, 95, 75618, 97887
2026/07/08 17:10:17.722, 6, 50, 75618, 97887
2026/07/08 17:10:17.736, 7, 30, 75616, 97887
2026/07/08 17:10:18.753, 0, 0, 48704, 97887
2026/07/08 17:10:18.771, 1, 0, 48104, 97887
2026/07/08 17:10:18.787, 2, 0, 48104, 97887
2026/07/08 17:10:18.804, 3, 0, 48104, 97887
2026/07/08 17:10:18.818, 4, 19, 75620, 97887
2026/07/08 17:10:18.836, 5, 81, 75618, 97887
2026/07/08 17:10:18.850, 6, 88, 75618, 97887
2026/07/08 17:10:18.867, 7, 39, 75616, 97887
2026/07/08 17:10:19.884, 0, 0, 48704, 97887
2026/07/08 17:10:19.902, 1, 0, 48104, 97887
2026/07/08 17:10:19.920, 2, 0, 48104, 97887
2026/07/08 17:10:19.939, 3, 0, 48104, 97887
2026/07/08 17:10:19.957, 4, 0, 75620, 97887
2026/07/08 17:10:19.972, 5, 0, 75618, 97887
2026/07/08 17:10:19.989, 6, 32, 75618, 97887
2026/07/08 17:10:20.007, 7, 28, 75616, 97887
2026/07/08 17:10:21.026, 0, 0, 48704, 97887
2026/07/08 17:10:21.043, 1, 0, 48104, 97887
2026/07/08 17:10:21.056, 2, 0, 48104, 97887
2026/07/08 17:10:21.070, 3, 0, 48104, 97887
2026/07/08 17:10:21.083, 4, 2, 75620, 97887
2026/07/08 17:10:21.098, 5, 93, 75618, 97887
2026/07/08 17:10:21.115, 6, 87, 75618, 97887
2026/07/08 17:10:21.130, 7, 23, 75616, 97887
2026/07/08 17:10:22.146, 0, 0, 48704, 97887
2026/07/08 17:10:22.167, 1, 0, 48104, 97887
2026/07/08 17:10:22.182, 2, 0, 48104, 97887
2026/07/08 17:10:22.194, 3, 0, 48104, 97887
2026/07/08 17:10:22.208, 4, 18, 75620, 97887
2026/07/08 17:10:22.222, 5, 94, 75618, 97887
2026/07/08 17:10:22.233, 6, 86, 75618, 97887
2026/07/08 17:10:22.247, 7, 28, 75616, 97887
2026/07/08 17:10:23.260, 0, 0, 48704, 97887
2026/07/08 17:10:23.276, 1, 0, 48104, 97887
2026/07/08 17:10:23.293, 2, 0, 48104, 97887
2026/07/08 17:10:23.309, 3, 0, 48104, 97887
2026/07/08 17:10:23.329, 4, 16, 75620, 97887
2026/07/08 17:10:23.344, 5, 94, 75618, 97887
2026/07/08 17:10:23.360, 6, 54, 75618, 97887
2026/07/08 17:10:23.379, 7, 37, 75616, 97887
2026/07/08 17:10:24.402, 0, 0, 48704, 97887
2026/07/08 17:10:24.418, 1, 0, 48104, 97887
2026/07/08 17:10:24.433, 2, 0, 48104, 97887
2026/07/08 17:10:24.448, 3, 0, 48104, 97887
2026/07/08 17:10:24.464, 4, 14, 75620, 97887
2026/07/08 17:10:24.478, 5, 94, 75618, 97887
2026/07/08 17:10:24.495, 6, 47, 75618, 97887
2026/07/08 17:10:24.511, 7, 38, 75616, 97887
2026/07/08 17:10:25.527, 0, 0, 48704, 97887
2026/07/08 17:10:25.549, 1, 0, 48104, 97887
2026/07/08 17:10:25.564, 2, 0, 48104, 97887
2026/07/08 17:10:25.580, 3, 0, 48104, 97887
2026/07/08 17:10:25.596, 4, 16, 75620, 97887
2026/07/08 17:10:25.611, 5, 94, 75618, 97887
2026/07/08 17:10:25.627, 6, 92, 75618, 97887
2026/07/08 17:10:25.641, 7, 45, 75616, 97887
2026/07/08 17:10:26.652, 0, 0, 48704, 97887
2026/07/08 17:10:26.665, 1, 0, 48104, 97887
2026/07/08 17:10:26.682, 2, 0, 48104, 97887
2026/07/08 17:10:26.697, 3, 0, 48104, 97887
2026/07/08 17:10:26.714, 4, 19, 75620, 97887
2026/07/08 17:10:26.731, 5, 95, 75618, 97887
2026/07/08 17:10:26.746, 6, 92, 75618, 97887
2026/07/08 17:10:26.764, 7, 30, 75616, 97887
2026/07/08 17:10:27.781, 0, 0, 48704, 97887
2026/07/08 17:10:27.796, 1, 0, 48104, 97887
2026/07/08 17:10:27.811, 2, 0, 48104, 97887
2026/07/08 17:10:27.822, 3, 0, 48104, 97887
2026/07/08 17:10:27.833, 4, 76, 75620, 97887
2026/07/08 17:10:27.849, 5, 83, 75618, 97887
2026/07/08 17:10:27.865, 6, 70, 75618, 97887
2026/07/08 17:10:27.884, 7, 33, 75616, 97887
2026/07/08 17:10:28.899, 0, 0, 48704, 97887
2026/07/08 17:10:28.913, 1, 0, 48104, 97887
2026/07/08 17:10:28.927, 2, 0, 48104, 97887
2026/07/08 17:10:28.943, 3, 0, 48104, 97887
2026/07/08 17:10:28.960, 4, 20, 75620, 97887
2026/07/08 17:10:28.977, 5, 26, 75618, 97887
2026/07/08 17:10:28.992, 6, 54, 75618, 97887
2026/07/08 17:10:29.004, 7, 27, 75616, 97887
2026/07/08 17:10:30.016, 0, 0, 48704, 97887
2026/07/08 17:10:30.032, 1, 0, 48104, 97887
2026/07/08 17:10:30.045, 2, 0, 48104, 97887
2026/07/08 17:10:30.060, 3, 0, 48104, 97887
2026/07/08 17:10:30.077, 4, 68, 75620, 97887
2026/07/08 17:10:30.094, 5, 93, 75618, 97887
2026/07/08 17:10:30.111, 6, 40, 75618, 97887
2026/07/08 17:10:30.129, 7, 46, 75616, 97887
2026/07/08 17:10:31.148, 0, 0, 48704, 97887
2026/07/08 17:10:31.162, 1, 0, 48104, 97887
2026/07/08 17:10:31.173, 2, 0, 48104, 97887
2026/07/08 17:10:31.186, 3, 0, 48104, 97887
2026/07/08 17:10:31.199, 4, 31, 75620, 97887
2026/07/08 17:10:31.214, 5, 42, 75618, 97887
2026/07/08 17:10:31.229, 6, 33, 75618, 97887
2026/07/08 17:10:31.245, 7, 30, 75616, 97887
2026/07/08 17:10:32.257, 0, 0, 48704, 97887
2026/07/08 17:10:32.275, 1, 0, 48104, 97887
2026/07/08 17:10:32.289, 2, 0, 48104, 97887
2026/07/08 17:10:32.301, 3, 0, 48104, 97887
2026/07/08 17:10:32.314, 4, 26, 75620, 97887
2026/07/08 17:10:32.328, 5, 39, 75618, 97887
2026/07/08 17:10:32.344, 6, 92, 75618, 97887
2026/07/08 17:10:32.362, 7, 24, 75616, 97887
2026/07/08 17:10:33.382, 0, 0, 48704, 97887
2026/07/08 17:10:33.397, 1, 0, 48104, 97887
2026/07/08 17:10:33.409, 2, 0, 48104, 97887
2026/07/08 17:10:33.428, 3, 0, 48104, 97887
2026/07/08 17:10:33.446, 4, 20, 75620, 97887
2026/07/08 17:10:33.461, 5, 91, 75618, 97887
2026/07/08 17:10:33.473, 6, 85, 75618, 97887
2026/07/08 17:10:33.489, 7, 32, 75616, 97887
2026/07/08 17:10:34.500, 0, 0, 48704, 97887
2026/07/08 17:10:34.515, 1, 0, 48104, 97887
2026/07/08 17:10:34.531, 2, 0, 48104, 97887
2026/07/08 17:10:34.544, 3, 0, 48104, 97887
2026/07/08 17:10:34.561, 4, 19, 75620, 97887
2026/07/08 17:10:34.576, 5, 73, 75618, 97887
2026/07/08 17:10:34.595, 6, 58, 75618, 97887
2026/07/08 17:10:34.611, 7, 27, 75616, 97887
2026/07/08 17:10:35.625, 0, 0, 48704, 97887
2026/07/08 17:10:35.637, 1, 0, 48104, 97887
2026/07/08 17:10:35.653, 2, 0, 48104, 97887
2026/07/08 17:10:35.667, 3, 0, 48104, 97887
2026/07/08 17:10:35.681, 4, 20, 75620, 97887
2026/07/08 17:10:35.699, 5, 90, 75618, 97887
2026/07/08 17:10:35.716, 6, 95, 75618, 97887
2026/07/08 17:10:35.734, 7, 36, 75616, 97887
2026/07/08 17:10:36.753, 0, 0, 48704, 97887
2026/07/08 17:10:36.767, 1, 0, 48104, 97887
2026/07/08 17:10:36.784, 2, 0, 48104, 97887
2026/07/08 17:10:36.803, 3, 0, 48104, 97887
2026/07/08 17:10:36.817, 4, 20, 75620, 97887
2026/07/08 17:10:36.834, 5, 71, 75618, 97887
2026/07/08 17:10:36.850, 6, 83, 75618, 97887
2026/07/08 17:10:36.863, 7, 73, 75616, 97887
2026/07/08 17:10:37.881, 0, 0, 48704, 97887
2026/07/08 17:10:37.897, 1, 0, 48104, 97887
2026/07/08 17:10:37.913, 2, 0, 48104, 97887
2026/07/08 17:10:37.929, 3, 0, 48104, 97887
2026/07/08 17:10:37.946, 4, 20, 75620, 97887
2026/07/08 17:10:37.960, 5, 74, 75618, 97887
2026/07/08 17:10:37.977, 6, 46, 75618, 97887
2026/07/08 17:10:37.994, 7, 69, 75616, 97887
2026/07/08 17:10:39.012, 0, 0, 48704, 97887
2026/07/08 17:10:39.028, 1, 0, 48104, 97887
2026/07/08 17:10:39.046, 2, 0, 48104, 97887
2026/07/08 17:10:39.064, 3, 0, 48104, 97887
2026/07/08 17:10:39.079, 4, 19, 75620, 97887
2026/07/08 17:10:39.091, 5, 77, 75618, 97887
2026/07/08 17:10:39.106, 6, 61, 75618, 97887
2026/07/08 17:10:39.121, 7, 42, 75616, 97887
2026/07/08 17:10:40.133, 0, 0, 48704, 97887
2026/07/08 17:10:40.152, 1, 0, 48104, 97887
2026/07/08 17:10:40.178, 2, 0, 48104, 97887
2026/07/08 17:10:40.202, 3, 0, 48104, 97887
2026/07/08 17:10:40.228, 4, 55, 75620, 97887
2026/07/08 17:10:40.248, 5, 67, 75618, 97887
2026/07/08 17:10:40.269, 6, 58, 75618, 97887
2026/07/08 17:10:40.289, 7, 41, 75616, 97887
2026/07/08 17:10:41.305, 0, 0, 48704, 97887
2026/07/08 17:10:41.323, 1, 0, 48104, 97887
2026/07/08 17:10:41.343, 2, 0, 48104, 97887
2026/07/08 17:10:41.361, 3, 0, 48104, 97887
2026/07/08 17:10:41.381, 4, 20, 75620, 97887
2026/07/08 17:10:41.399, 5, 78, 75618, 97887
2026/07/08 17:10:41.416, 6, 71, 75618, 97887
2026/07/08 17:10:41.435, 7, 45, 75616, 97887
2026/07/08 17:10:42.451, 0, 0, 48704, 97887
2026/07/08 17:10:42.469, 1, 0, 48104, 97887
2026/07/08 17:10:42.484, 2, 0, 48104, 97887
2026/07/08 17:10:42.501, 3, 0, 48104, 97887
2026/07/08 17:10:42.516, 4, 18, 75620, 97887
2026/07/08 17:10:42.530, 5, 20, 75618, 97887
2026/07/08 17:10:42.544, 6, 66, 75618, 97887
2026/07/08 17:10:42.554, 7, 25, 75616, 97887
2026/07/08 17:10:43.565, 0, 0, 48704, 97887
2026/07/08 17:10:43.583, 1, 0, 48104, 97887
2026/07/08 17:10:43.599, 2, 0, 48104, 97887
2026/07/08 17:10:43.617, 3, 0, 48104, 97887
2026/07/08 17:10:43.632, 4, 34, 75620, 97887
2026/07/08 17:10:43.646, 5, 60, 75618, 97887
2026/07/08 17:10:43.664, 6, 25, 75618, 97887
2026/07/08 17:10:43.678, 7, 88, 75616, 97887
2026/07/08 17:10:44.692, 0, 0, 48704, 97887
2026/07/08 17:10:44.708, 1, 0, 48104, 97887
2026/07/08 17:10:44.724, 2, 0, 48104, 97887
2026/07/08 17:10:44.740, 3, 0, 48104, 97887
2026/07/08 17:10:44.756, 4, 20, 75620, 97887
2026/07/08 17:10:44.768, 5, 93, 75618, 97887
2026/07/08 17:10:44.784, 6, 30, 75618, 97887
2026/07/08 17:10:44.798, 7, 86, 75616, 97887
2026/07/08 17:10:45.814, 0, 0, 48704, 97887
2026/07/08 17:10:45.834, 1, 0, 48104, 97887
2026/07/08 17:10:45.854, 2, 0, 48104, 97887
2026/07/08 17:10:45.877, 3, 0, 48104, 97887
2026/07/08 17:10:45.889, 4, 20, 75620, 97887
2026/07/08 17:10:45.904, 5, 94, 75618, 97887
2026/07/08 17:10:45.920, 6, 36, 75618, 97887
2026/07/08 17:10:45.937, 7, 82, 75616, 97887
2026/07/08 17:10:46.952, 0, 0, 48704, 97887
2026/07/08 17:10:46.969, 1, 0, 48104, 97887
2026/07/08 17:10:46.987, 2, 0, 48104, 97887
2026/07/08 17:10:46.995, 3, 0, 48104, 97887
2026/07/08 17:10:47.006, 4, 20, 75620, 97887
2026/07/08 17:10:47.018, 5, 92, 75618, 97887
2026/07/08 17:10:47.033, 6, 32, 75618, 97887
2026/07/08 17:10:47.046, 7, 78, 75616, 97887
2026/07/08 17:10:48.059, 0, 0, 48704, 97887
2026/07/08 17:10:48.074, 1, 0, 48104, 97887
2026/07/08 17:10:48.091, 2, 0, 48104, 97887
2026/07/08 17:10:48.104, 3, 0, 48104, 97887
2026/07/08 17:10:48.121, 4, 22, 75620, 97887
2026/07/08 17:10:48.137, 5, 95, 75618, 97887
2026/07/08 17:10:48.155, 6, 37, 75618, 97887
2026/07/08 17:10:48.172, 7, 63, 75616, 97887
2026/07/08 17:10:49.190, 0, 0, 48704, 97887
2026/07/08 17:10:49.207, 1, 0, 48104, 97887
2026/07/08 17:10:49.223, 2, 0, 48104, 97887
2026/07/08 17:10:49.240, 3, 0, 48104, 97887
2026/07/08 17:10:49.254, 4, 20, 75620, 97887
2026/07/08 17:10:49.270, 5, 95, 75618, 97887
2026/07/08 17:10:49.283, 6, 35, 75618, 97887
2026/07/08 17:10:49.296, 7, 86, 75616, 97887
2026/07/08 17:10:50.313, 0, 0, 48704, 97887
2026/07/08 17:10:50.333, 1, 0, 48104, 97887
2026/07/08 17:10:50.348, 2, 0, 48104, 97887
2026/07/08 17:10:50.365, 3, 0, 48104, 97887
2026/07/08 17:10:50.380, 4, 20, 75620, 97887
2026/07/08 17:10:50.397, 5, 84, 75618, 97887
2026/07/08 17:10:50.415, 6, 32, 75618, 97887
2026/07/08 17:10:50.432, 7, 88, 75616, 97887
2026/07/08 17:10:51.451, 0, 0, 48704, 97887
2026/07/08 17:10:51.469, 1, 0, 48104, 97887
2026/07/08 17:10:51.485, 2, 0, 48104, 97887
2026/07/08 17:10:51.497, 3, 0, 48104, 97887
2026/07/08 17:10:51.509, 4, 20, 75620, 97887
2026/07/08 17:10:51.529, 5, 95, 75618, 97887
2026/07/08 17:10:51.546, 6, 44, 75618, 97887
2026/07/08 17:10:51.564, 7, 71, 75616, 97887
2026/07/08 17:10:52.583, 0, 0, 48704, 97887
2026/07/08 17:10:52.596, 1, 0, 48104, 97887
2026/07/08 17:10:52.613, 2, 0, 48104, 97887
2026/07/08 17:10:52.630, 3, 0, 48104, 97887
2026/07/08 17:10:52.646, 4, 20, 75620, 97887
2026/07/08 17:10:52.661, 5, 72, 75618, 97887
2026/07/08 17:10:52.677, 6, 44, 75618, 97887
2026/07/08 17:10:52.694, 7, 82, 75616, 97887
2026/07/08 17:10:53.711, 0, 0, 48704, 97887
2026/07/08 17:10:53.731, 1, 0, 48104, 97887
2026/07/08 17:10:53.750, 2, 0, 48104, 97887
2026/07/08 17:10:53.768, 3, 0, 48104, 97887
2026/07/08 17:10:53.780, 4, 19, 75620, 97887
2026/07/08 17:10:53.795, 5, 95, 75618, 97887
2026/07/08 17:10:53.810, 6, 91, 75618, 97887
2026/07/08 17:10:53.827, 7, 31, 75616, 97887
2026/07/08 17:10:54.841, 0, 0, 48704, 97887
2026/07/08 17:10:54.861, 1, 0, 48104, 97887
2026/07/08 17:10:54.879, 2, 0, 48104, 97887
2026/07/08 17:10:54.894, 3, 0, 48104, 97887
2026/07/08 17:10:54.910, 4, 19, 75620, 97887
2026/07/08 17:10:54.923, 5, 57, 75618, 97887
2026/07/08 17:10:54.939, 6, 71, 75618, 97887
2026/07/08 17:10:54.951, 7, 30, 75616, 97887
2026/07/08 17:10:55.963, 0, 0, 48704, 97887
2026/07/08 17:10:55.979, 1, 0, 48104, 97887
2026/07/08 17:10:55.994, 2, 0, 48104, 97887
2026/07/08 17:10:56.009, 3, 0, 48104, 97887
2026/07/08 17:10:56.024, 4, 19, 75620, 97887
2026/07/08 17:10:56.043, 5, 80, 75618, 97887
2026/07/08 17:10:56.058, 6, 53, 75618, 97887
2026/07/08 17:10:56.074, 7, 25, 75616, 97887
2026/07/08 17:10:57.089, 0, 0, 48704, 97887
2026/07/08 17:10:57.106, 1, 0, 48104, 97887
2026/07/08 17:10:57.122, 2, 0, 48104, 97887
2026/07/08 17:10:57.136, 3, 0, 48104, 97887
2026/07/08 17:10:57.153, 4, 20, 75620, 97887
2026/07/08 17:10:57.165, 5, 85, 75618, 97887
2026/07/08 17:10:57.174, 6, 49, 75618, 97887
2026/07/08 17:10:57.185, 7, 73, 75616, 97887
2026/07/08 17:10:58.199, 0, 0, 48704, 97887
2026/07/08 17:10:58.211, 1, 0, 48104, 97887
2026/07/08 17:10:58.224, 2, 0, 48104, 97887
2026/07/08 17:10:58.236, 3, 0, 48104, 97887
2026/07/08 17:10:58.253, 4, 100, 75620, 97887
2026/07/08 17:10:58.268, 5, 100, 75618, 97887
2026/07/08 17:10:58.283, 6, 40, 75618, 97887
2026/07/08 17:10:58.301, 7, 88, 75616, 97887
2026/07/08 17:10:59.318, 0, 0, 48704, 97887
2026/07/08 17:10:59.334, 1, 0, 48104, 97887
2026/07/08 17:10:59.352, 2, 0, 48104, 97887
2026/07/08 17:10:59.371, 3, 0, 48104, 97887
2026/07/08 17:10:59.387, 4, 50, 75620, 97887
2026/07/08 17:10:59.404, 5, 95, 75618, 97887
2026/07/08 17:10:59.420, 6, 32, 75618, 97887
2026/07/08 17:10:59.438, 7, 76, 75616, 97887
2026/07/08 17:11:00.454, 0, 0, 48704, 97887
2026/07/08 17:11:00.466, 1, 0, 48104, 97887
2026/07/08 17:11:00.484, 2, 0, 48104, 97887
2026/07/08 17:11:00.503, 3, 0, 48104, 97887
2026/07/08 17:11:00.519, 4, 37, 75620, 97887
2026/07/08 17:11:00.535, 5, 73, 75618, 97887
2026/07/08 17:11:00.551, 6, 65, 75618, 97887
2026/07/08 17:11:00.567, 7, 31, 75616, 97887
2026/07/08 17:11:01.581, 0, 0, 48704, 97887
2026/07/08 17:11:01.596, 1, 0, 48104, 97887
2026/07/08 17:11:01.613, 2, 0, 48104, 97887
2026/07/08 17:11:01.628, 3, 0, 48104, 97887
2026/07/08 17:11:01.648, 4, 28, 75620, 97887
2026/07/08 17:11:01.662, 5, 94, 75618, 97887
2026/07/08 17:11:01.678, 6, 55, 75618, 97887
2026/07/08 17:11:01.693, 7, 69, 75616, 97887
2026/07/08 17:11:02.708, 0, 0, 48704, 97887
2026/07/08 17:11:02.730, 1, 0, 48104, 97887
2026/07/08 17:11:02.747, 2, 0, 48104, 97887
2026/07/08 17:11:02.765, 3, 0, 48104, 97887
2026/07/08 17:11:02.782, 4, 25, 75620, 97887
2026/07/08 17:11:02.798, 5, 94, 75618, 97887
2026/07/08 17:11:02.816, 6, 48, 75618, 97887
2026/07/08 17:11:02.831, 7, 54, 75616, 97887
2026/07/08 17:11:03.848, 0, 0, 48704, 97887
2026/07/08 17:11:03.866, 1, 0, 48104, 97887
2026/07/08 17:11:03.884, 2, 0, 48104, 97887
2026/07/08 17:11:03.902, 3, 0, 48104, 97887
2026/07/08 17:11:03.918, 4, 22, 75620, 97887
2026/07/08 17:11:03.934, 5, 95, 75618, 97887
2026/07/08 17:11:03.951, 6, 34, 75618, 97887
2026/07/08 17:11:03.967, 7, 56, 75616, 97887
2026/07/08 17:11:04.985, 0, 0, 48704, 97887
2026/07/08 17:11:04.998, 1, 0, 48104, 97887
2026/07/08 17:11:05.014, 2, 0, 48104, 97887
2026/07/08 17:11:05.026, 3, 0, 48104, 97887
2026/07/08 17:11:05.039, 4, 21, 75620, 97887
2026/07/08 17:11:05.052, 5, 89, 75618, 97887
2026/07/08 17:11:05.071, 6, 55, 75618, 97887
2026/07/08 17:11:05.085, 7, 27, 75616, 97887
2026/07/08 17:11:06.099, 0, 0, 48704, 97887
2026/07/08 17:11:06.115, 1, 0, 48104, 97887
2026/07/08 17:11:06.128, 2, 0, 48104, 97887
2026/07/08 17:11:06.144, 3, 0, 48104, 97887
2026/07/08 17:11:06.163, 4, 28, 75620, 97887
2026/07/08 17:11:06.179, 5, 94, 75618, 97887
2026/07/08 17:11:06.194, 6, 45, 75618, 97887
2026/07/08 17:11:06.209, 7, 35, 75616, 97887
2026/07/08 17:11:07.225, 0, 0, 48704, 97887
2026/07/08 17:11:07.242, 1, 0, 48104, 97887
2026/07/08 17:11:07.259, 2, 0, 48104, 97887
2026/07/08 17:11:07.274, 3, 0, 48104, 97887
2026/07/08 17:11:07.289, 4, 23, 75620, 97887
2026/07/08 17:11:07.308, 5, 83, 75618, 97887
2026/07/08 17:11:07.324, 6, 86, 75618, 97887
2026/07/08 17:11:07.340, 7, 37, 75616, 97887
2026/07/08 17:11:08.358, 0, 0, 48704, 97887
2026/07/08 17:11:08.374, 1, 0, 48104, 97887
2026/07/08 17:11:08.390, 2, 0, 48104, 97887
2026/07/08 17:11:08.404, 3, 0, 48104, 97887
2026/07/08 17:11:08.419, 4, 15, 75620, 97887
2026/07/08 17:11:08.437, 5, 94, 75618, 97887
2026/07/08 17:11:08.455, 6, 67, 75618, 97887
2026/07/08 17:11:08.473, 7, 52, 75616, 97887
2026/07/08 17:11:09.490, 0, 0, 48704, 97887
2026/07/08 17:11:09.509, 1, 0, 48104, 97887
2026/07/08 17:11:09.526, 2, 0, 48104, 97887
2026/07/08 17:11:09.543, 3, 0, 48104, 97887
2026/07/08 17:11:09.559, 4, 22, 75620, 97887
2026/07/08 17:11:09.574, 5, 94, 75618, 97887
2026/07/08 17:11:09.590, 6, 73, 75618, 97887
2026/07/08 17:11:09.607, 7, 30, 75616, 97887
2026/07/08 17:11:10.623, 0, 0, 48704, 97887
2026/07/08 17:11:10.641, 1, 0, 48104, 97887
2026/07/08 17:11:10.659, 2, 0, 48104, 97887
2026/07/08 17:11:10.677, 3, 0, 48104, 97887
2026/07/08 17:11:10.692, 4, 32, 75620, 97887
2026/07/08 17:11:10.711, 5, 78, 75618, 97887
2026/07/08 17:11:10.730, 6, 26, 75618, 97887
2026/07/08 17:11:10.753, 7, 84, 75616, 97887
2026/07/08 17:11:11.774, 0, 0, 48704, 97887
2026/07/08 17:11:11.794, 1, 0, 48104, 97887
2026/07/08 17:11:11.811, 2, 0, 48104, 97887
2026/07/08 17:11:11.824, 3, 0, 48104, 97887
2026/07/08 17:11:11.837, 4, 41, 75620, 97887
2026/07/08 17:11:11.851, 5, 67, 75618, 97887
2026/07/08 17:11:11.868, 6, 35, 75618, 97887
2026/07/08 17:11:11.883, 7, 18, 75616, 97887
2026/07/08 17:11:12.896, 0, 0, 48704, 97887
2026/07/08 17:11:12.915, 1, 0, 48104, 97887
2026/07/08 17:11:12.934, 2, 0, 48104, 97887
2026/07/08 17:11:12.956, 3, 0, 48104, 97887
2026/07/08 17:11:12.974, 4, 29, 75620, 97887
2026/07/08 17:11:12.993, 5, 84, 75618, 97887
2026/07/08 17:11:13.008, 6, 35, 75618, 97887
2026/07/08 17:11:13.035, 7, 73, 75616, 97887
2026/07/08 17:11:14.055, 0, 0, 48704, 97887
2026/07/08 17:11:14.071, 1, 0, 48104, 97887
2026/07/08 17:11:14.084, 2, 0, 48104, 97887
2026/07/08 17:11:14.099, 3, 0, 48104, 97887
2026/07/08 17:11:14.118, 4, 60, 75620, 97887
2026/07/08 17:11:14.139, 5, 53, 75618, 97887
2026/07/08 17:11:14.158, 6, 24, 75618, 97887
2026/07/08 17:11:14.173, 7, 80, 75616, 97887
2026/07/08 17:11:15.190, 0, 0, 48704, 97887
2026/07/08 17:11:15.212, 1, 0, 48104, 97887
2026/07/08 17:11:15.233, 2, 0, 48104, 97887
2026/07/08 17:11:15.253, 3, 0, 48104, 97887
2026/07/08 17:11:15.272, 4, 39, 75620, 97887
2026/07/08 17:11:15.294, 5, 41, 75618, 97887
2026/07/08 17:11:15.313, 6, 27, 75618, 97887
2026/07/08 17:11:15.334, 7, 66, 75616, 97887
2026/07/08 17:11:16.353, 0, 0, 48704, 97887
2026/07/08 17:11:16.374, 1, 0, 48104, 97887
2026/07/08 17:11:16.393, 2, 0, 48104, 97887
2026/07/08 17:11:16.411, 3, 0, 48104, 97887
2026/07/08 17:11:16.431, 4, 25, 75620, 97887
2026/07/08 17:11:16.449, 5, 95, 75618, 97887
2026/07/08 17:11:16.466, 6, 25, 75618, 97887
2026/07/08 17:11:16.484, 7, 57, 75616, 97887
2026/07/08 17:11:17.503, 0, 0, 48704, 97887
2026/07/08 17:11:17.522, 1, 0, 48104, 97887
2026/07/08 17:11:17.541, 2, 0, 48104, 97887
2026/07/08 17:11:17.559, 3, 0, 48104, 97887
2026/07/08 17:11:17.577, 4, 25, 75620, 97887
2026/07/08 17:11:17.595, 5, 94, 75618, 97887
2026/07/08 17:11:17.615, 6, 36, 75618, 97887
2026/07/08 17:11:17.634, 7, 77, 75616, 97887
2026/07/08 17:11:18.659, 0, 0, 48704, 97887
2026/07/08 17:11:18.683, 1, 0, 48104, 97887
2026/07/08 17:11:18.703, 2, 0, 48104, 97887
2026/07/08 17:11:18.724, 3, 0, 48104, 97887
2026/07/08 17:11:18.747, 4, 25, 75620, 97887
2026/07/08 17:11:18.760, 5, 94, 75618, 97887
2026/07/08 17:11:18.776, 6, 62, 75618, 97887
2026/07/08 17:11:18.791, 7, 74, 75616, 97887
2026/07/08 17:11:19.809, 0, 0, 48704, 97887
2026/07/08 17:11:19.829, 1, 0, 48104, 97887
2026/07/08 17:11:19.848, 2, 0, 48104, 97887
2026/07/08 17:11:19.866, 3, 0, 48104, 97887
2026/07/08 17:11:19.885, 4, 85, 75620, 97887
2026/07/08 17:11:19.905, 5, 24, 75618, 97887
2026/07/08 17:11:19.925, 6, 92, 75618, 97887
2026/07/08 17:11:19.942, 7, 23, 75616, 97887
2026/07/08 17:11:20.961, 0, 0, 48704, 97887
2026/07/08 17:11:20.981, 1, 0, 48104, 97887
2026/07/08 17:11:20.999, 2, 0, 48104, 97887
2026/07/08 17:11:21.014, 3, 0, 48104, 97887
2026/07/08 17:11:21.029, 4, 84, 75620, 97887
2026/07/08 17:11:21.047, 5, 39, 75618, 97887
2026/07/08 17:11:21.061, 6, 94, 75618, 97887
2026/07/08 17:11:21.081, 7, 24, 75616, 97887
2026/07/08 17:11:22.098, 0, 0, 48704, 97887
2026/07/08 17:11:22.113, 1, 0, 48104, 97887
2026/07/08 17:11:22.128, 2, 0, 48104, 97887
2026/07/08 17:11:22.145, 3, 0, 48104, 97887
2026/07/08 17:11:22.165, 4, 40, 75620, 97887
2026/07/08 17:11:22.185, 5, 65, 75618, 97887
2026/07/08 17:11:22.202, 6, 40, 75618, 97887
2026/07/08 17:11:22.220, 7, 31, 75616, 97887
2026/07/08 17:11:23.240, 0, 0, 48704, 97887
2026/07/08 17:11:23.257, 1, 0, 48104, 97887
2026/07/08 17:11:23.273, 2, 0, 48104, 97887
2026/07/08 17:11:23.288, 3, 0, 48104, 97887
2026/07/08 17:11:23.301, 4, 33, 75620, 97887
2026/07/08 17:11:23.316, 5, 86, 75618, 97887
2026/07/08 17:11:23.333, 6, 65, 75618, 97887
2026/07/08 17:11:23.344, 7, 27, 75616, 97887
2026/07/08 17:11:24.355, 0, 0, 48704, 97887
2026/07/08 17:11:24.371, 1, 0, 48104, 97887
2026/07/08 17:11:24.388, 2, 0, 48104, 97887
2026/07/08 17:11:24.405, 3, 0, 48104, 97887
2026/07/08 17:11:24.424, 4, 37, 75620, 97887
2026/07/08 17:11:24.442, 5, 83, 75618, 97887
2026/07/08 17:11:24.457, 6, 30, 75618, 97887
2026/07/08 17:11:24.474, 7, 32, 75616, 97887
2026/07/08 17:11:25.490, 0, 0, 48704, 97887
2026/07/08 17:11:25.504, 1, 0, 48104, 97887
2026/07/08 17:11:25.520, 2, 0, 48104, 97887
2026/07/08 17:11:25.533, 3, 0, 48104, 97887
2026/07/08 17:11:25.551, 4, 68, 75620, 97887
2026/07/08 17:11:25.563, 5, 44, 75618, 97887
2026/07/08 17:11:25.574, 6, 61, 75618, 97887
2026/07/08 17:11:25.585, 7, 28, 75616, 97887
2026/07/08 17:11:26.597, 0, 0, 48704, 97887
2026/07/08 17:11:26.615, 1, 0, 48104, 97887
2026/07/08 17:11:26.634, 2, 0, 48104, 97887
2026/07/08 17:11:26.653, 3, 0, 48104, 97887
2026/07/08 17:11:26.671, 4, 94, 75620, 97887
2026/07/08 17:11:26.693, 5, 23, 75618, 97887
2026/07/08 17:11:26.709, 6, 65, 75618, 97887
2026/07/08 17:11:26.729, 7, 67, 75616, 97887
2026/07/08 17:11:27.745, 0, 0, 48704, 97887
2026/07/08 17:11:27.764, 1, 0, 48104, 97887
2026/07/08 17:11:27.781, 2, 0, 48104, 97887
2026/07/08 17:11:27.798, 3, 0, 48104, 97887
2026/07/08 17:11:27.815, 4, 57, 75620, 97887
2026/07/08 17:11:27.832, 5, 67, 75618, 97887
2026/07/08 17:11:27.845, 6, 31, 75618, 97887
2026/07/08 17:11:27.860, 7, 36, 75616, 97887
2026/07/08 17:11:28.876, 0, 0, 48704, 97887
2026/07/08 17:11:28.894, 1, 0, 48104, 97887
2026/07/08 17:11:28.910, 2, 0, 48104, 97887
2026/07/08 17:11:28.926, 3, 0, 48104, 97887
2026/07/08 17:11:28.942, 4, 67, 75620, 97887
2026/07/08 17:11:28.962, 5, 57, 75618, 97887
2026/07/08 17:11:28.978, 6, 33, 75618, 97887
2026/07/08 17:11:28.992, 7, 54, 75616, 97887
2026/07/08 17:11:30.007, 0, 0, 48704, 97887
2026/07/08 17:11:30.022, 1, 0, 48104, 97887
2026/07/08 17:11:30.034, 2, 0, 48104, 97887
2026/07/08 17:11:30.049, 3, 0, 48104, 97887
2026/07/08 17:11:30.064, 4, 24, 75620, 97887
2026/07/08 17:11:30.082, 5, 95, 75618, 97887
2026/07/08 17:11:30.098, 6, 85, 75618, 97887
2026/07/08 17:11:30.114, 7, 33, 75616, 97887
2026/07/08 17:11:31.131, 0, 0, 48704, 97887
2026/07/08 17:11:31.152, 1, 0, 48104, 97887
2026/07/08 17:11:31.166, 2, 0, 48104, 97887
2026/07/08 17:11:31.183, 3, 0, 48104, 97887
2026/07/08 17:11:31.201, 4, 25, 75620, 97887
2026/07/08 17:11:31.216, 5, 94, 75618, 97887
2026/07/08 17:11:31.232, 6, 68, 75618, 97887
2026/07/08 17:11:31.247, 7, 46, 75616, 97887
2026/07/08 17:11:32.261, 0, 0, 48704, 97887
2026/07/08 17:11:32.276, 1, 0, 48104, 97887
2026/07/08 17:11:32.295, 2, 0, 48104, 97887
2026/07/08 17:11:32.314, 3, 0, 48104, 97887
2026/07/08 17:11:32.332, 4, 25, 75620, 97887
2026/07/08 17:11:32.348, 5, 95, 75618, 97887
2026/07/08 17:11:32.366, 6, 51, 75618, 97887
2026/07/08 17:11:32.381, 7, 46, 75616, 97887
2026/07/08 17:11:33.396, 0, 0, 48704, 97887
2026/07/08 17:11:33.413, 1, 0, 48104, 97887
2026/07/08 17:11:33.429, 2, 0, 48104, 97887
2026/07/08 17:11:33.441, 3, 0, 48104, 97887
2026/07/08 17:11:33.459, 4, 34, 75620, 97887
2026/07/08 17:11:33.473, 5, 85, 75618, 97887
2026/07/08 17:11:33.486, 6, 81, 75618, 97887
2026/07/08 17:11:33.500, 7, 28, 75616, 97887
2026/07/08 17:11:34.514, 0, 0, 48704, 97887
2026/07/08 17:11:34.531, 1, 0, 48104, 97887
2026/07/08 17:11:34.549, 2, 0, 48104, 97887
2026/07/08 17:11:34.564, 3, 0, 48104, 97887
2026/07/08 17:11:34.584, 4, 25, 75620, 97887
2026/07/08 17:11:34.599, 5, 90, 75618, 97887
2026/07/08 17:11:34.614, 6, 58, 75618, 97887
2026/07/08 17:11:34.629, 7, 68, 75616, 97887
2026/07/08 17:11:35.648, 0, 0, 48704, 97887
2026/07/08 17:11:35.666, 1, 0, 48104, 97887
2026/07/08 17:11:35.684, 2, 0, 48104, 97887
2026/07/08 17:11:35.703, 3, 0, 48104, 97887
2026/07/08 17:11:35.722, 4, 60, 75620, 97887
2026/07/08 17:11:35.737, 5, 30, 75618, 97887
2026/07/08 17:11:35.756, 6, 52, 75618, 97887
2026/07/08 17:11:35.771, 7, 43, 75616, 97887
2026/07/08 17:11:36.786, 0, 0, 48704, 97887
2026/07/08 17:11:36.804, 1, 0, 48104, 97887
2026/07/08 17:11:36.818, 2, 0, 48104, 97887
2026/07/08 17:11:36.835, 3, 0, 48104, 97887
2026/07/08 17:11:36.850, 4, 25, 75620, 97887
2026/07/08 17:11:36.864, 5, 94, 75618, 97887
2026/07/08 17:11:36.879, 6, 50, 75618, 97887
2026/07/08 17:11:36.899, 7, 56, 75616, 97887
2026/07/08 17:11:37.916, 0, 0, 48704, 97887
2026/07/08 17:11:37.931, 1, 0, 48104, 97887
2026/07/08 17:11:37.952, 2, 0, 48104, 97887
2026/07/08 17:11:37.969, 3, 0, 48104, 97887
2026/07/08 17:11:37.983, 4, 24, 75620, 97887
2026/07/08 17:11:37.998, 5, 95, 75618, 97887
2026/07/08 17:11:38.011, 6, 80, 75618, 97887
2026/07/08 17:11:38.026, 7, 75, 75616, 97887
2026/07/08 17:11:39.039, 0, 0, 48704, 97887
2026/07/08 17:11:39.053, 1, 0, 48104, 97887
2026/07/08 17:11:39.068, 2, 0, 48104, 97887
2026/07/08 17:11:39.083, 3, 0, 48104, 97887
2026/07/08 17:11:39.098, 4, 27, 75620, 97887
2026/07/08 17:11:39.117, 5, 76, 75618, 97887
2026/07/08 17:11:39.134, 6, 60, 75618, 97887
2026/07/08 17:11:39.150, 7, 24, 75616, 97887
2026/07/08 17:11:40.166, 0, 0, 48704, 97887
2026/07/08 17:11:40.185, 1, 0, 48104, 97887
2026/07/08 17:11:40.202, 2, 0, 48104, 97887
2026/07/08 17:11:40.216, 3, 0, 48104, 97887
2026/07/08 17:11:40.232, 4, 25, 75620, 97887
2026/07/08 17:11:40.247, 5, 58, 75618, 97887
2026/07/08 17:11:40.263, 6, 92, 75618, 97887
2026/07/08 17:11:40.282, 7, 50, 75616, 97887
2026/07/08 17:11:41.297, 0, 0, 48704, 97887
2026/07/08 17:11:41.313, 1, 0, 48104, 97887
2026/07/08 17:11:41.330, 2, 0, 48104, 97887
2026/07/08 17:11:41.347, 3, 0, 48104, 97887
2026/07/08 17:11:41.365, 4, 89, 75620, 97887
2026/07/08 17:11:41.383, 5, 24, 75618, 97887
2026/07/08 17:11:41.398, 6, 42, 75618, 97887
2026/07/08 17:11:41.415, 7, 48, 75616, 97887
2026/07/08 17:11:42.433, 0, 0, 48704, 97887
2026/07/08 17:11:42.452, 1, 0, 48104, 97887
2026/07/08 17:11:42.470, 2, 0, 48104, 97887
2026/07/08 17:11:42.488, 3, 0, 48104, 97887
2026/07/08 17:11:42.506, 4, 25, 75620, 97887
2026/07/08 17:11:42.520, 5, 95, 75618, 97887
2026/07/08 17:11:42.528, 6, 84, 75618, 97887
2026/07/08 17:11:42.538, 7, 48, 75616, 97887
2026/07/08 17:11:43.550, 0, 0, 48704, 97887
2026/07/08 17:11:43.567, 1, 0, 48104, 97887
2026/07/08 17:11:43.577, 2, 0, 48104, 97887
2026/07/08 17:11:43.589, 3, 0, 48104, 97887
2026/07/08 17:11:43.606, 4, 23, 75620, 97887
2026/07/08 17:11:43.620, 5, 95, 75618, 97887
2026/07/08 17:11:43.635, 6, 31, 75618, 97887
2026/07/08 17:11:43.649, 7, 83, 75616, 97887
2026/07/08 17:11:44.665, 0, 0, 48704, 97887
2026/07/08 17:11:44.682, 1, 0, 48104, 97887
2026/07/08 17:11:44.700, 2, 0, 48104, 97887
2026/07/08 17:11:44.719, 3, 0, 48104, 97887
2026/07/08 17:11:44.738, 4, 22, 75620, 97887
2026/07/08 17:11:44.755, 5, 94, 75618, 97887
2026/07/08 17:11:44.771, 6, 24, 75618, 97887
2026/07/08 17:11:44.789, 7, 87, 75616, 97887
2026/07/08 17:11:45.808, 0, 0, 48704, 97887
2026/07/08 17:11:45.827, 1, 0, 48104, 97887
2026/07/08 17:11:45.840, 2, 0, 48104, 97887
2026/07/08 17:11:45.871, 3, 0, 48104, 97887
2026/07/08 17:11:45.894, 4, 95, 75620, 97887
2026/07/08 17:11:45.909, 5, 24, 75618, 97887
2026/07/08 17:11:45.927, 6, 33, 75618, 97887
2026/07/08 17:11:45.947, 7, 77, 75616, 97887
2026/07/08 17:11:46.969, 0, 0, 48704, 97887
2026/07/08 17:11:46.984, 1, 0, 48104, 97887
2026/07/08 17:11:46.999, 2, 0, 48104, 97887
2026/07/08 17:11:47.015, 3, 0, 48104, 97887
2026/07/08 17:11:47.029, 4, 47, 75620, 97887
2026/07/08 17:11:47.042, 5, 77, 75618, 97887
2026/07/08 17:11:47.054, 6, 28, 75618, 97887
2026/07/08 17:11:47.068, 7, 85, 75616, 97887
2026/07/08 17:11:48.081, 0, 0, 48704, 97887
2026/07/08 17:11:48.098, 1, 0, 48104, 97887
2026/07/08 17:11:48.110, 2, 0, 48104, 97887
2026/07/08 17:11:48.121, 3, 0, 48104, 97887
2026/07/08 17:11:48.135, 4, 35, 75620, 97887
2026/07/08 17:11:48.148, 5, 75, 75618, 97887
2026/07/08 17:11:48.162, 6, 37, 75618, 97887
2026/07/08 17:11:48.174, 7, 89, 75616, 97887
2026/07/08 17:11:49.187, 0, 0, 48704, 97887
2026/07/08 17:11:49.204, 1, 0, 48104, 97887
2026/07/08 17:11:49.216, 2, 0, 48104, 97887
2026/07/08 17:11:49.229, 3, 0, 48104, 97887
2026/07/08 17:11:49.243, 4, 25, 75620, 97887
2026/07/08 17:11:49.258, 5, 95, 75618, 97887
2026/07/08 17:11:49.270, 6, 45, 75618, 97887
2026/07/08 17:11:49.282, 7, 30, 75616, 97887
2026/07/08 17:11:50.292, 0, 0, 48704, 97887
2026/07/08 17:11:50.308, 1, 0, 48104, 97887
2026/07/08 17:11:50.325, 2, 0, 48104, 97887
2026/07/08 17:11:50.340, 3, 0, 48104, 97887
2026/07/08 17:11:50.358, 4, 51, 75620, 97887
2026/07/08 17:11:50.374, 5, 61, 75618, 97887
2026/07/08 17:11:50.391, 6, 37, 75618, 97887
2026/07/08 17:11:50.407, 7, 45, 75616, 97887
2026/07/08 17:11:51.423, 0, 0, 48704, 97887
2026/07/08 17:11:51.451, 1, 0, 48104, 97887
2026/07/08 17:11:51.477, 2, 0, 48104, 97887
2026/07/08 17:11:51.495, 3, 0, 48104, 97887
2026/07/08 17:11:51.513, 4, 24, 75620, 97887
2026/07/08 17:11:51.529, 5, 90, 75618, 97887
2026/07/08 17:11:51.547, 6, 34, 75618, 97887
2026/07/08 17:11:51.569, 7, 78, 75616, 97887
2026/07/08 17:11:52.585, 0, 0, 48704, 97887
2026/07/08 17:11:52.599, 1, 0, 48104, 97887
2026/07/08 17:11:52.615, 2, 0, 48104, 97887
2026/07/08 17:11:52.628, 3, 0, 48104, 97887
2026/07/08 17:11:52.640, 4, 93, 75620, 97887
2026/07/08 17:11:52.654, 5, 95, 75618, 97887
2026/07/08 17:11:52.668, 6, 41, 75618, 97887
2026/07/08 17:11:52.682, 7, 78, 75616, 97887
2026/07/08 17:11:53.695, 0, 0, 48704, 97887
2026/07/08 17:11:53.710, 1, 0, 48104, 97887
2026/07/08 17:11:53.723, 2, 0, 48104, 97887
2026/07/08 17:11:53.735, 3, 0, 48104, 97887
2026/07/08 17:11:53.747, 4, 88, 75620, 97887
2026/07/08 17:11:53.760, 5, 55, 75618, 97887
2026/07/08 17:11:53.776, 6, 47, 75618, 97887
2026/07/08 17:11:53.790, 7, 89, 75616, 97887
2026/07/08 17:11:54.803, 0, 0, 48704, 97887
2026/07/08 17:11:54.817, 1, 0, 48104, 97887
2026/07/08 17:11:54.831, 2, 0, 48104, 97887
2026/07/08 17:11:54.844, 3, 0, 48104, 97887
2026/07/08 17:11:54.858, 4, 24, 75620, 97887
2026/07/08 17:11:54.870, 5, 94, 75618, 97887
2026/07/08 17:11:54.881, 6, 35, 75618, 97887
2026/07/08 17:11:54.891, 7, 67, 75616, 97887
2026/07/08 17:11:55.903, 0, 0, 48704, 97887
2026/07/08 17:11:55.917, 1, 0, 48104, 97887
2026/07/08 17:11:55.929, 2, 0, 48104, 97887
2026/07/08 17:11:55.943, 3, 0, 48104, 97887
2026/07/08 17:11:55.956, 4, 25, 75620, 97887
2026/07/08 17:11:55.970, 5, 95, 75618, 97887
2026/07/08 17:11:55.983, 6, 51, 75618, 97887
2026/07/08 17:11:55.996, 7, 64, 75616, 97887
2026/07/08 17:11:57.011, 0, 0, 48704, 97887
2026/07/08 17:11:57.036, 1, 0, 48104, 97887
2026/07/08 17:11:57.055, 2, 0, 48104, 97887
2026/07/08 17:11:57.073, 3, 0, 48104, 97887
2026/07/08 17:11:57.087, 4, 24, 75620, 97887
2026/07/08 17:11:57.102, 5, 93, 75618, 97887
2026/07/08 17:11:57.116, 6, 41, 75618, 97887
2026/07/08 17:11:57.130, 7, 69, 75616, 97887
2026/07/08 17:11:58.149, 0, 0, 48704, 97887
2026/07/08 17:11:58.163, 1, 0, 48104, 97887
2026/07/08 17:11:58.176, 2, 0, 48104, 97887
2026/07/08 17:11:58.190, 3, 0, 48104, 97887
2026/07/08 17:11:58.204, 4, 24, 75620, 97887
2026/07/08 17:11:58.217, 5, 91, 75618, 97887
2026/07/08 17:11:58.228, 6, 27, 75618, 97887
2026/07/08 17:11:58.244, 7, 54, 75616, 97887
2026/07/08 17:11:59.261, 0, 0, 48704, 97887
2026/07/08 17:11:59.274, 1, 0, 48104, 97887
2026/07/08 17:11:59.286, 2, 0, 48104, 97887
2026/07/08 17:11:59.298, 3, 0, 48104, 97887
2026/07/08 17:11:59.311, 4, 35, 75620, 97887
2026/07/08 17:11:59.326, 5, 68, 75618, 97887
2026/07/08 17:11:59.345, 6, 29, 75618, 97887
2026/07/08 17:11:59.366, 7, 86, 75616, 97887
2026/07/08 17:12:00.384, 0, 0, 48704, 97887
2026/07/08 17:12:00.400, 1, 0, 48104, 97887
2026/07/08 17:12:00.419, 2, 0, 48104, 97887
2026/07/08 17:12:00.435, 3, 0, 48104, 97887
2026/07/08 17:12:00.455, 4, 34, 75620, 97887
2026/07/08 17:12:00.464, 5, 80, 75618, 97887
2026/07/08 17:12:00.476, 6, 29, 75618, 97887
2026/07/08 17:12:00.488, 7, 80, 75616, 97887
2026/07/08 17:12:01.503, 0, 0, 48704, 97887
2026/07/08 17:12:01.517, 1, 0, 48104, 97887
2026/07/08 17:12:01.532, 2, 0, 48104, 97887
2026/07/08 17:12:01.548, 3, 0, 48104, 97887
2026/07/08 17:12:01.564, 4, 42, 75620, 97887
2026/07/08 17:12:01.578, 5, 37, 75618, 97887
2026/07/08 17:12:01.594, 6, 31, 75618, 97887
2026/07/08 17:12:01.610, 7, 89, 75616, 97887
2026/07/08 17:12:02.626, 0, 0, 48704, 97887
2026/07/08 17:12:02.643, 1, 0, 48104, 97887
2026/07/08 17:12:02.656, 2, 0, 48104, 97887
2026/07/08 17:12:02.667, 3, 0, 48104, 97887
2026/07/08 17:12:02.681, 4, 25, 75620, 97887
2026/07/08 17:12:02.697, 5, 95, 75618, 97887
2026/07/08 17:12:02.715, 6, 34, 75618, 97887
2026/07/08 17:12:02.731, 7, 81, 75616, 97887
2026/07/08 17:12:03.745, 0, 0, 48704, 97887
2026/07/08 17:12:03.761, 1, 0, 48104, 97887
2026/07/08 17:12:03.776, 2, 0, 48104, 97887
2026/07/08 17:12:03.790, 3, 0, 48104, 97887
2026/07/08 17:12:03.804, 4, 44, 75620, 97887
2026/07/08 17:12:03.820, 5, 72, 75618, 97887
2026/07/08 17:12:03.836, 6, 37, 75618, 97887
2026/07/08 17:12:03.855, 7, 92, 75616, 97887
2026/07/08 17:12:04.873, 0, 0, 48704, 97887
2026/07/08 17:12:04.886, 1, 0, 48104, 97887
2026/07/08 17:12:04.900, 2, 0, 48104, 97887
2026/07/08 17:12:04.910, 3, 0, 48104, 97887
2026/07/08 17:12:04.920, 4, 94, 75620, 97887
2026/07/08 17:12:04.930, 5, 25, 75618, 97887
2026/07/08 17:12:04.941, 6, 37, 75618, 97887
2026/07/08 17:12:04.954, 7, 81, 75616, 97887
2026/07/08 17:12:05.966, 0, 0, 48704, 97887
2026/07/08 17:12:05.981, 1, 0, 48104, 97887
2026/07/08 17:12:05.994, 2, 0, 48104, 97887
2026/07/08 17:12:06.009, 3, 0, 48104, 97887
2026/07/08 17:12:06.022, 4, 16, 75620, 97887
2026/07/08 17:12:06.038, 5, 90, 75618, 97887
2026/07/08 17:12:06.053, 6, 28, 75618, 97887
2026/07/08 17:12:06.068, 7, 88, 75616, 97887
2026/07/08 17:12:07.084, 0, 0, 48704, 97887
2026/07/08 17:12:07.098, 1, 0, 48104, 97887
2026/07/08 17:12:07.115, 2, 0, 48104, 97887
2026/07/08 17:12:07.132, 3, 0, 48104, 97887
2026/07/08 17:12:07.147, 4, 24, 75620, 97887
2026/07/08 17:12:07.162, 5, 90, 75618, 97887
2026/07/08 17:12:07.176, 6, 34, 75618, 97887
2026/07/08 17:12:07.189, 7, 72, 75616, 97887
2026/07/08 17:12:08.204, 0, 0, 48704, 97887
2026/07/08 17:12:08.220, 1, 0, 48104, 97887
2026/07/08 17:12:08.236, 2, 0, 48104, 97887
2026/07/08 17:12:08.251, 3, 0, 48104, 97887
2026/07/08 17:12:08.265, 4, 24, 75620, 97887
2026/07/08 17:12:08.279, 5, 95, 75618, 97887
2026/07/08 17:12:08.292, 6, 35, 75618, 97887
2026/07/08 17:12:08.313, 7, 90, 75616, 97887
2026/07/08 17:12:09.329, 0, 0, 48704, 97887
2026/07/08 17:12:09.344, 1, 0, 48104, 97887
2026/07/08 17:12:09.359, 2, 0, 48104, 97887
2026/07/08 17:12:09.375, 3, 0, 48104, 97887
2026/07/08 17:12:09.389, 4, 24, 75620, 97887
2026/07/08 17:12:09.406, 5, 93, 75618, 97887
2026/07/08 17:12:09.420, 6, 37, 75618, 97887
2026/07/08 17:12:09.435, 7, 79, 75616, 97887
2026/07/08 17:12:10.451, 0, 0, 48704, 97887
2026/07/08 17:12:10.465, 1, 0, 48104, 97887
2026/07/08 17:12:10.484, 2, 0, 48104, 97887
2026/07/08 17:12:10.501, 3, 0, 48104, 97887
2026/07/08 17:12:10.516, 4, 24, 75620, 97887
2026/07/08 17:12:10.530, 5, 93, 75618, 97887
2026/07/08 17:12:10.547, 6, 25, 75618, 97887
2026/07/08 17:12:10.564, 7, 86, 75616, 97887
2026/07/08 17:12:11.584, 0, 0, 48704, 97887
2026/07/08 17:12:11.600, 1, 0, 48104, 97887
2026/07/08 17:12:11.616, 2, 0, 48104, 97887
2026/07/08 17:12:11.632, 3, 0, 48104, 97887
2026/07/08 17:12:11.648, 4, 46, 75620, 97887
2026/07/08 17:12:11.665, 5, 76, 75618, 97887
2026/07/08 17:12:11.679, 6, 69, 75618, 97887
2026/07/08 17:12:11.697, 7, 78, 75616, 97887
2026/07/08 17:12:12.715, 0, 0, 48704, 97887
2026/07/08 17:12:12.733, 1, 0, 48104, 97887
2026/07/08 17:12:12.748, 2, 0, 48104, 97887
2026/07/08 17:12:12.763, 3, 0, 48104, 97887
2026/07/08 17:12:12.779, 4, 64, 75620, 97887
2026/07/08 17:12:12.793, 5, 25, 75618, 97887
2026/07/08 17:12:12.808, 6, 92, 75618, 97887
2026/07/08 17:12:12.825, 7, 23, 75616, 97887
2026/07/08 17:12:13.840, 0, 0, 48704, 97887
2026/07/08 17:12:13.853, 1, 0, 48104, 97887
2026/07/08 17:12:13.867, 2, 0, 48104, 97887
2026/07/08 17:12:13.882, 3, 0, 48104, 97887
2026/07/08 17:12:13.899, 4, 23, 75620, 97887
2026/07/08 17:12:13.916, 5, 93, 75618, 97887
2026/07/08 17:12:13.930, 6, 44, 75618, 97887
2026/07/08 17:12:13.943, 7, 64, 75616, 97887
2026/07/08 17:12:14.959, 0, 0, 48704, 97887
2026/07/08 17:12:14.977, 1, 0, 48104, 97887
2026/07/08 17:12:14.993, 2, 0, 48104, 97887
2026/07/08 17:12:15.005, 3, 0, 48104, 97887
2026/07/08 17:12:15.019, 4, 38, 75620, 97887
2026/07/08 17:12:15.034, 5, 66, 75618, 97887
2026/07/08 17:12:15.049, 6, 25, 75618, 97887
2026/07/08 17:12:15.066, 7, 91, 75616, 97887
2026/07/08 17:12:16.079, 0, 0, 48704, 97887
2026/07/08 17:12:16.094, 1, 0, 48104, 97887
2026/07/08 17:12:16.107, 2, 0, 48104, 97887
2026/07/08 17:12:16.116, 3, 0, 48104, 97887
2026/07/08 17:12:16.130, 4, 24, 75620, 97887
2026/07/08 17:12:16.144, 5, 94, 75618, 97887
2026/07/08 17:12:16.156, 6, 41, 75618, 97887
2026/07/08 17:12:16.172, 7, 70, 75616, 97887
2026/07/08 17:12:17.186, 0, 0, 48704, 97887
2026/07/08 17:12:17.198, 1, 0, 48104, 97887
2026/07/08 17:12:17.210, 2, 0, 48104, 97887
2026/07/08 17:12:17.223, 3, 0, 48104, 97887
2026/07/08 17:12:17.237, 4, 26, 75620, 97887
2026/07/08 17:12:17.250, 5, 89, 75618, 97887
2026/07/08 17:12:17.265, 6, 94, 75618, 97887
2026/07/08 17:12:17.282, 7, 22, 75616, 97887
2026/07/08 17:12:18.300, 0, 0, 48704, 97887
2026/07/08 17:12:18.312, 1, 0, 48104, 97887
2026/07/08 17:12:18.326, 2, 0, 48104, 97887
2026/07/08 17:12:18.342, 3, 0, 48104, 97887
2026/07/08 17:12:18.359, 4, 29, 75620, 97887
2026/07/08 17:12:18.376, 5, 62, 75618, 97887
2026/07/08 17:12:18.391, 6, 34, 75618, 97887
2026/07/08 17:12:18.407, 7, 75, 75616, 97887
2026/07/08 17:12:19.425, 0, 0, 48704, 97887
2026/07/08 17:12:19.443, 1, 0, 48104, 97887
2026/07/08 17:12:19.457, 2, 0, 48104, 97887
2026/07/08 17:12:19.472, 3, 0, 48104, 97887
2026/07/08 17:12:19.487, 4, 67, 75620, 97887
2026/07/08 17:12:19.504, 5, 42, 75618, 97887
2026/07/08 17:12:19.522, 6, 96, 75618, 97887
2026/07/08 17:12:19.540, 7, 68, 75616, 97887
2026/07/08 17:12:20.558, 0, 0, 48704, 97887
2026/07/08 17:12:20.573, 1, 0, 48104, 97887
2026/07/08 17:12:20.589, 2, 0, 48104, 97887
2026/07/08 17:12:20.606, 3, 0, 48104, 97887
2026/07/08 17:12:20.622, 4, 60, 75620, 97887
2026/07/08 17:12:20.637, 5, 23, 75618, 97887
2026/07/08 17:12:20.651, 6, 27, 75618, 97887
2026/07/08 17:12:20.668, 7, 81, 75616, 97887
2026/07/08 17:12:21.682, 0, 0, 48704, 97887
2026/07/08 17:12:21.695, 1, 0, 48104, 97887
2026/07/08 17:12:21.709, 2, 0, 48104, 97887
2026/07/08 17:12:21.724, 3, 0, 48104, 97887
2026/07/08 17:12:21.734, 4, 23, 75620, 97887
2026/07/08 17:12:21.745, 5, 94, 75618, 97887
2026/07/08 17:12:21.759, 6, 28, 75618, 97887
2026/07/08 17:12:21.774, 7, 95, 75616, 97887
2026/07/08 17:12:22.788, 0, 0, 48704, 97887
2026/07/08 17:12:22.805, 1, 0, 48104, 97887
2026/07/08 17:12:22.822, 2, 0, 48104, 97887
2026/07/08 17:12:22.837, 3, 0, 48104, 97887
2026/07/08 17:12:22.850, 4, 26, 75620, 97887
2026/07/08 17:12:22.864, 5, 94, 75618, 97887
2026/07/08 17:12:22.877, 6, 24, 75618, 97887
2026/07/08 17:12:22.892, 7, 90, 75616, 97887
2026/07/08 17:12:23.909, 0, 0, 48704, 97887
2026/07/08 17:12:23.924, 1, 0, 48104, 97887
2026/07/08 17:12:23.938, 2, 0, 48104, 97887
2026/07/08 17:12:23.954, 3, 0, 48104, 97887
2026/07/08 17:12:23.971, 4, 25, 75620, 97887
2026/07/08 17:12:23.987, 5, 88, 75618, 97887
2026/07/08 17:12:24.004, 6, 26, 75618, 97887
2026/07/08 17:12:24.017, 7, 88, 75616, 97887
2026/07/08 17:12:25.033, 0, 0, 48704, 97887
2026/07/08 17:12:25.047, 1, 0, 48104, 97887
2026/07/08 17:12:25.063, 2, 0, 48104, 97887
2026/07/08 17:12:25.079, 3, 0, 48104, 97887
2026/07/08 17:12:25.096, 4, 52, 75620, 97887
2026/07/08 17:12:25.110, 5, 47, 75618, 97887
2026/07/08 17:12:25.125, 6, 31, 75618, 97887
2026/07/08 17:12:25.143, 7, 92, 75616, 97887
2026/07/08 17:12:26.162, 0, 0, 48704, 97887
2026/07/08 17:12:26.183, 1, 0, 48104, 97887
2026/07/08 17:12:26.201, 2, 0, 48104, 97887
2026/07/08 17:12:26.219, 3, 0, 48104, 97887
2026/07/08 17:12:26.235, 4, 30, 75620, 97887
2026/07/08 17:12:26.254, 5, 59, 75618, 97887
2026/07/08 17:12:26.271, 6, 24, 75618, 97887
2026/07/08 17:12:26.285, 7, 73, 75616, 97887
2026/07/08 17:12:27.301, 0, 0, 48704, 97887
2026/07/08 17:12:27.316, 1, 0, 48104, 97887
2026/07/08 17:12:27.330, 2, 0, 48104, 97887
2026/07/08 17:12:27.345, 3, 0, 48104, 97887
2026/07/08 17:12:27.362, 4, 24, 75620, 97887
2026/07/08 17:12:27.378, 5, 94, 75618, 97887
2026/07/08 17:12:27.396, 6, 31, 75618, 97887
2026/07/08 17:12:27.412, 7, 91, 75616, 97887
2026/07/08 17:12:28.427, 0, 0, 48704, 97887
2026/07/08 17:12:28.444, 1, 0, 48104, 97887
2026/07/08 17:12:28.457, 2, 0, 48104, 97887
2026/07/08 17:12:28.470, 3, 0, 48104, 97887
2026/07/08 17:12:28.484, 4, 25, 75620, 97887
2026/07/08 17:12:28.499, 5, 94, 75618, 97887
2026/07/08 17:12:28.514, 6, 29, 75618, 97887
2026/07/08 17:12:28.527, 7, 93, 75616, 97887
2026/07/08 17:12:29.541, 0, 0, 48704, 97887
2026/07/08 17:12:29.557, 1, 0, 48104, 97887
2026/07/08 17:12:29.573, 2, 0, 48104, 97887
2026/07/08 17:12:29.590, 3, 0, 48104, 97887
2026/07/08 17:12:29.606, 4, 83, 75620, 97887
2026/07/08 17:12:29.620, 5, 31, 75618, 97887
2026/07/08 17:12:29.635, 6, 22, 75618, 97887
2026/07/08 17:12:29.651, 7, 81, 75616, 97887
2026/07/08 17:12:30.665, 0, 0, 48704, 97887
2026/07/08 17:12:30.678, 1, 0, 48104, 97887
2026/07/08 17:12:30.690, 2, 0, 48104, 97887
2026/07/08 17:12:30.700, 3, 0, 48104, 97887
2026/07/08 17:12:30.712, 4, 31, 75620, 97887
2026/07/08 17:12:30.725, 5, 81, 75618, 97887
2026/07/08 17:12:30.740, 6, 87, 75618, 97887
2026/07/08 17:12:30.753, 7, 26, 75616, 97887
2026/07/08 17:12:31.769, 0, 0, 48704, 97887
2026/07/08 17:12:31.788, 1, 0, 48104, 97887
2026/07/08 17:12:31.803, 2, 0, 48104, 97887
2026/07/08 17:12:31.818, 3, 0, 48104, 97887
2026/07/08 17:12:31.833, 4, 72, 75620, 97887
2026/07/08 17:12:31.848, 5, 39, 75618, 97887
2026/07/08 17:12:31.860, 6, 56, 75618, 97887
2026/07/08 17:12:31.874, 7, 40, 75616, 97887
2026/07/08 17:12:32.891, 0, 0, 48704, 97887
2026/07/08 17:12:32.908, 1, 0, 48104, 97887
2026/07/08 17:12:32.923, 2, 0, 48104, 97887
2026/07/08 17:12:32.938, 3, 0, 48104, 97887
2026/07/08 17:12:32.951, 4, 25, 75620, 97887
2026/07/08 17:12:32.964, 5, 92, 75618, 97887
2026/07/08 17:12:32.978, 6, 24, 75618, 97887
2026/07/08 17:12:32.993, 7, 57, 75616, 97887
2026/07/08 17:12:34.011, 0, 0, 48704, 97887
2026/07/08 17:12:34.022, 1, 0, 48104, 97887
2026/07/08 17:12:34.033, 2, 0, 48104, 97887
2026/07/08 17:12:34.043, 3, 0, 48104, 97887
2026/07/08 17:12:34.053, 4, 28, 75620, 97887
2026/07/08 17:12:34.064, 5, 86, 75618, 97887
2026/07/08 17:12:34.073, 6, 35, 75618, 97887
2026/07/08 17:12:34.085, 7, 56, 75616, 97887
2026/07/08 17:12:35.092, 0, 0, 48704, 97887
2026/07/08 17:12:35.109, 1, 0, 48104, 97887
2026/07/08 17:12:35.123, 2, 0, 48104, 97887
2026/07/08 17:12:35.136, 3, 0, 48104, 97887
2026/07/08 17:12:35.148, 4, 25, 75620, 97887
2026/07/08 17:12:35.163, 5, 95, 75618, 97887
2026/07/08 17:12:35.196, 6, 25, 75618, 97887
2026/07/08 17:12:35.217, 7, 80, 75616, 97887
2026/07/08 17:12:36.237, 0, 0, 48704, 97887
2026/07/08 17:12:36.253, 1, 0, 48104, 97887
2026/07/08 17:12:36.269, 2, 0, 48104, 97887
2026/07/08 17:12:36.287, 3, 0, 48104, 97887
2026/07/08 17:12:36.303, 4, 25, 75620, 97887
2026/07/08 17:12:36.321, 5, 95, 75618, 97887
2026/07/08 17:12:36.338, 6, 32, 75618, 97887
2026/07/08 17:12:36.355, 7, 92, 75616, 97887
2026/07/08 17:12:37.376, 0, 0, 48704, 97887
2026/07/08 17:12:37.395, 1, 0, 48104, 97887
2026/07/08 17:12:37.408, 2, 0, 48104, 97887
2026/07/08 17:12:37.422, 3, 0, 48104, 97887
2026/07/08 17:12:37.437, 4, 24, 75620, 97887
2026/07/08 17:12:37.452, 5, 95, 75618, 97887
2026/07/08 17:12:37.468, 6, 26, 75618, 97887
2026/07/08 17:12:37.483, 7, 66, 75616, 97887
2026/07/08 17:12:38.499, 0, 0, 48704, 97887
2026/07/08 17:12:38.513, 1, 0, 48104, 97887
2026/07/08 17:12:38.527, 2, 0, 48104, 97887
2026/07/08 17:12:38.542, 3, 0, 48104, 97887
2026/07/08 17:12:38.556, 4, 24, 75620, 97887
2026/07/08 17:12:38.569, 5, 76, 75618, 97887
2026/07/08 17:12:38.582, 6, 48, 75618, 97887
2026/07/08 17:12:38.596, 7, 48, 75616, 97887
2026/07/08 17:12:39.609, 0, 0, 48704, 97887
2026/07/08 17:12:39.626, 1, 0, 48104, 97887
2026/07/08 17:12:39.640, 2, 0, 48104, 97887
2026/07/08 17:12:39.653, 3, 0, 48104, 97887
2026/07/08 17:12:39.666, 4, 25, 75620, 97887
2026/07/08 17:12:39.680, 5, 74, 75618, 97887
2026/07/08 17:12:39.694, 6, 29, 75618, 97887
2026/07/08 17:12:39.708, 7, 88, 75616, 97887
2026/07/08 17:12:40.721, 0, 0, 48704, 97887
2026/07/08 17:12:40.737, 1, 0, 48104, 97887
2026/07/08 17:12:40.752, 2, 0, 48104, 97887
2026/07/08 17:12:40.770, 3, 0, 48104, 97887
2026/07/08 17:12:40.784, 4, 24, 75620, 97887
2026/07/08 17:12:40.800, 5, 95, 75618, 97887
2026/07/08 17:12:40.810, 6, 70, 75618, 97887
2026/07/08 17:12:40.819, 7, 60, 75616, 97887
2026/07/08 17:12:41.829, 0, 0, 48704, 97887
2026/07/08 17:12:41.844, 1, 0, 48104, 97887
2026/07/08 17:12:41.857, 2, 0, 48104, 97887
2026/07/08 17:12:41.869, 3, 0, 48104, 97887
2026/07/08 17:12:41.880, 4, 29, 75620, 97887
2026/07/08 17:12:41.893, 5, 76, 75618, 97887
2026/07/08 17:12:41.905, 6, 48, 75618, 97887
2026/07/08 17:12:41.916, 7, 79, 75616, 97887
2026/07/08 17:12:42.928, 0, 0, 48704, 97887
2026/07/08 17:12:42.943, 1, 0, 48104, 97887
2026/07/08 17:12:42.961, 2, 0, 48104, 97887
2026/07/08 17:12:42.974, 3, 0, 48104, 97887
2026/07/08 17:12:42.989, 4, 24, 75620, 97887
2026/07/08 17:12:43.007, 5, 93, 75618, 97887
2026/07/08 17:12:43.023, 6, 61, 75618, 97887
2026/07/08 17:12:43.038, 7, 50, 75616, 97887
2026/07/08 17:12:44.053, 0, 0, 48704, 97887
2026/07/08 17:12:44.066, 1, 0, 48104, 97887
2026/07/08 17:12:44.079, 2, 0, 48104, 97887
2026/07/08 17:12:44.092, 3, 0, 48104, 97887
2026/07/08 17:12:44.104, 4, 23, 75620, 97887
2026/07/08 17:12:44.117, 5, 85, 75618, 97887
2026/07/08 17:12:44.130, 6, 34, 75618, 97887
2026/07/08 17:12:44.139, 7, 95, 75616, 97887
2026/07/08 17:12:45.149, 0, 0, 48704, 97887
2026/07/08 17:12:45.167, 1, 0, 48104, 97887
2026/07/08 17:12:45.184, 2, 0, 48104, 97887
2026/07/08 17:12:45.198, 3, 0, 48104, 97887
2026/07/08 17:12:45.212, 4, 16, 75620, 97887
2026/07/08 17:12:45.227, 5, 84, 75618, 97887
2026/07/08 17:12:45.241, 6, 37, 75618, 97887
2026/07/08 17:12:45.256, 7, 34, 75616, 97887
2026/07/08 17:12:46.271, 0, 0, 48704, 97887
2026/07/08 17:12:46.289, 1, 0, 48104, 97887
2026/07/08 17:12:46.305, 2, 0, 48104, 97887
2026/07/08 17:12:46.319, 3, 0, 48104, 97887
2026/07/08 17:12:46.331, 4, 100, 75620, 97887
2026/07/08 17:12:46.346, 5, 94, 75618, 97887
2026/07/08 17:12:46.362, 6, 25, 75618, 97887
2026/07/08 17:12:46.381, 7, 75, 75616, 97887
2026/07/08 17:12:47.394, 0, 0, 48704, 97887
2026/07/08 17:12:47.411, 1, 0, 48104, 97887
2026/07/08 17:12:47.427, 2, 0, 48104, 97887
2026/07/08 17:12:47.440, 3, 0, 48104, 97887
2026/07/08 17:12:47.455, 4, 55, 75620, 97887
2026/07/08 17:12:47.471, 5, 66, 75618, 97887
2026/07/08 17:12:47.483, 6, 26, 75618, 97887
2026/07/08 17:12:47.499, 7, 70, 75616, 97887
2026/07/08 17:12:48.512, 0, 0, 48704, 97887
2026/07/08 17:12:48.530, 1, 0, 48104, 97887
2026/07/08 17:12:48.549, 2, 0, 48104, 97887
2026/07/08 17:12:48.565, 3, 0, 48104, 97887
2026/07/08 17:12:48.578, 4, 33, 75620, 97887
2026/07/08 17:12:48.593, 5, 95, 75618, 97887
2026/07/08 17:12:48.605, 6, 30, 75618, 97887
2026/07/08 17:12:48.620, 7, 91, 75616, 97887
2026/07/08 17:12:49.636, 0, 0, 48704, 97887
2026/07/08 17:12:49.654, 1, 0, 48104, 97887
2026/07/08 17:12:49.667, 2, 0, 48104, 97887
2026/07/08 17:12:49.678, 3, 0, 48104, 97887
2026/07/08 17:12:49.691, 4, 95, 75620, 97887
2026/07/08 17:12:49.702, 5, 26, 75618, 97887
2026/07/08 17:12:49.715, 6, 24, 75618, 97887
2026/07/08 17:12:49.728, 7, 83, 75616, 97887
2026/07/08 17:12:50.742, 0, 0, 48704, 97887
2026/07/08 17:12:50.754, 1, 0, 48104, 97887
2026/07/08 17:12:50.769, 2, 0, 48104, 97887
2026/07/08 17:12:50.784, 3, 0, 48104, 97887
2026/07/08 17:12:50.800, 4, 61, 75620, 97887
2026/07/08 17:12:50.813, 5, 62, 75618, 97887
2026/07/08 17:12:50.831, 6, 51, 75618, 97887
2026/07/08 17:12:50.845, 7, 52, 75616, 97887
2026/07/08 17:12:51.858, 0, 0, 48704, 97887
2026/07/08 17:12:51.878, 1, 0, 48104, 97887
2026/07/08 17:12:51.894, 2, 0, 48104, 97887
2026/07/08 17:12:51.907, 3, 0, 48104, 97887
2026/07/08 17:12:51.921, 4, 45, 75620, 97887
2026/07/08 17:12:51.937, 5, 94, 75618, 97887
2026/07/08 17:12:51.955, 6, 0, 75618, 97887
2026/07/08 17:12:51.974, 7, 0, 75616, 97887
2026/07/08 17:12:52.993, 0, 0, 48704, 97887
2026/07/08 17:12:53.007, 1, 0, 48104, 97887
2026/07/08 17:12:53.019, 2, 0, 48104, 97887
2026/07/08 17:12:53.037, 3, 0, 48104, 97887
2026/07/08 17:12:53.054, 4, 32, 75620, 97887
2026/07/08 17:12:53.070, 5, 32, 75618, 97887
2026/07/08 17:12:53.086, 6, 46, 75618, 97887
2026/07/08 17:12:53.100, 7, 70, 75616, 97887
2026/07/08 17:12:54.118, 0, 0, 48704, 97887
2026/07/08 17:12:54.135, 1, 0, 48104, 97887
2026/07/08 17:12:54.151, 2, 0, 48104, 97887
2026/07/08 17:12:54.166, 3, 0, 48104, 97887
2026/07/08 17:12:54.182, 4, 27, 75620, 97887
2026/07/08 17:12:54.199, 5, 91, 75618, 97887
2026/07/08 17:12:54.217, 6, 32, 75618, 97887
2026/07/08 17:12:54.233, 7, 91, 75616, 97887
2026/07/08 17:12:55.249, 0, 0, 48704, 97887
2026/07/08 17:12:55.262, 1, 0, 48104, 97887
2026/07/08 17:12:55.279, 2, 0, 48104, 97887
2026/07/08 17:12:55.292, 3, 0, 48104, 97887
2026/07/08 17:12:55.307, 4, 59, 75620, 97887
2026/07/08 17:12:55.320, 5, 84, 75618, 97887
2026/07/08 17:12:55.335, 6, 33, 75618, 97887
2026/07/08 17:12:55.347, 7, 74, 75616, 97887
2026/07/08 17:12:56.360, 0, 0, 48704, 97887
2026/07/08 17:12:56.375, 1, 0, 48104, 97887
2026/07/08 17:12:56.386, 2, 0, 48104, 97887
2026/07/08 17:12:56.400, 3, 0, 48104, 97887
2026/07/08 17:12:56.411, 4, 67, 75620, 97887
2026/07/08 17:12:56.418, 5, 94, 75618, 97887
2026/07/08 17:12:56.426, 6, 23, 75618, 97887
2026/07/08 17:12:56.437, 7, 71, 75616, 97887
2026/07/08 17:12:57.453, 0, 0, 48704, 97887
2026/07/08 17:12:57.469, 1, 0, 48104, 97887
2026/07/08 17:12:57.487, 2, 0, 48104, 97887
2026/07/08 17:12:57.505, 3, 0, 48104, 97887
2026/07/08 17:12:57.522, 4, 27, 75620, 97887
2026/07/08 17:12:57.532, 5, 94, 75618, 97887
2026/07/08 17:12:57.546, 6, 47, 75618, 97887
2026/07/08 17:12:57.560, 7, 78, 75616, 97887
2026/07/08 17:12:58.575, 0, 0, 48704, 97887
2026/07/08 17:12:58.593, 1, 0, 48104, 97887
2026/07/08 17:12:58.606, 2, 0, 48104, 97887
2026/07/08 17:12:58.621, 3, 0, 48104, 97887
2026/07/08 17:12:58.635, 4, 28, 75620, 97887
2026/07/08 17:12:58.652, 5, 93, 75618, 97887
2026/07/08 17:12:58.667, 6, 41, 75618, 97887
2026/07/08 17:12:58.683, 7, 46, 75616, 97887
2026/07/08 17:12:59.699, 0, 0, 48704, 97887
2026/07/08 17:12:59.718, 1, 0, 48104, 97887
2026/07/08 17:12:59.736, 2, 0, 48104, 97887
2026/07/08 17:12:59.755, 3, 0, 48104, 97887
2026/07/08 17:12:59.768, 4, 27, 75620, 97887
2026/07/08 17:12:59.785, 5, 87, 75618, 97887
2026/07/08 17:12:59.805, 6, 30, 75618, 97887
2026/07/08 17:12:59.824, 7, 58, 75616, 97887
2026/07/08 17:13:00.840, 0, 0, 48704, 97887
2026/07/08 17:13:00.858, 1, 0, 48104, 97887
2026/07/08 17:13:00.873, 2, 0, 48104, 97887
2026/07/08 17:13:00.890, 3, 0, 48104, 97887
2026/07/08 17:13:00.906, 4, 35, 75620, 97887
2026/07/08 17:13:00.922, 5, 50, 75618, 97887
2026/07/08 17:13:00.937, 6, 31, 75618, 97887
2026/07/08 17:13:00.953, 7, 59, 75616, 97887
2026/07/08 17:13:01.968, 0, 0, 48704, 97887
2026/07/08 17:13:01.988, 1, 0, 48104, 97887
2026/07/08 17:13:02.003, 2, 0, 48104, 97887
2026/07/08 17:13:02.018, 3, 0, 48104, 97887
2026/07/08 17:13:02.035, 4, 34, 75620, 97887
2026/07/08 17:13:02.051, 5, 93, 75618, 97887
2026/07/08 17:13:02.064, 6, 25, 75618, 97887
2026/07/08 17:13:02.079, 7, 74, 75616, 97887
2026/07/08 17:13:03.096, 0, 0, 48704, 97887
2026/07/08 17:13:03.115, 1, 0, 48104, 97887
2026/07/08 17:13:03.133, 2, 0, 48104, 97887
2026/07/08 17:13:03.152, 3, 0, 48104, 97887
2026/07/08 17:13:03.168, 4, 27, 75620, 97887
2026/07/08 17:13:03.186, 5, 95, 75618, 97887
2026/07/08 17:13:03.204, 6, 92, 75618, 97887
2026/07/08 17:13:03.220, 7, 28, 75616, 97887
2026/07/08 17:13:04.235, 0, 0, 48704, 97887
2026/07/08 17:13:04.255, 1, 0, 48104, 97887
2026/07/08 17:13:04.272, 2, 0, 48104, 97887
2026/07/08 17:13:04.291, 3, 0, 48104, 97887
2026/07/08 17:13:04.310, 4, 33, 75620, 97887
2026/07/08 17:13:04.328, 5, 80, 75618, 97887
2026/07/08 17:13:04.346, 6, 37, 75618, 97887
2026/07/08 17:13:04.364, 7, 83, 75616, 97887
2026/07/08 17:13:05.380, 0, 0, 48704, 97887
2026/07/08 17:13:05.396, 1, 0, 48104, 97887
2026/07/08 17:13:05.410, 2, 0, 48104, 97887
2026/07/08 17:13:05.426, 3, 0, 48104, 97887
2026/07/08 17:13:05.443, 4, 27, 75620, 97887
2026/07/08 17:13:05.460, 5, 94, 75618, 97887
2026/07/08 17:13:05.477, 6, 28, 75618, 97887
2026/07/08 17:13:05.490, 7, 73, 75616, 97887
2026/07/08 17:13:06.505, 0, 0, 48704, 97887
2026/07/08 17:13:06.521, 1, 0, 48104, 97887
2026/07/08 17:13:06.534, 2, 0, 48104, 97887
2026/07/08 17:13:06.546, 3, 0, 48104, 97887
2026/07/08 17:13:06.558, 4, 31, 75620, 97887
2026/07/08 17:13:06.569, 5, 92, 75618, 97887
2026/07/08 17:13:06.581, 6, 51, 75618, 97887
2026/07/08 17:13:06.593, 7, 38, 75616, 97887
2026/07/08 17:13:07.608, 0, 0, 48704, 97887
2026/07/08 17:13:07.625, 1, 0, 48104, 97887
2026/07/08 17:13:07.641, 2, 0, 48104, 97887
2026/07/08 17:13:07.662, 3, 0, 48104, 97887
2026/07/08 17:13:07.676, 4, 25, 75620, 97887
2026/07/08 17:13:07.692, 5, 86, 75618, 97887
2026/07/08 17:13:07.706, 6, 58, 75618, 97887
2026/07/08 17:13:07.721, 7, 19, 75616, 97887
2026/07/08 17:13:08.734, 0, 0, 48704, 97887
2026/07/08 17:13:08.748, 1, 0, 48104, 97887
2026/07/08 17:13:08.764, 2, 0, 48104, 97887
2026/07/08 17:13:08.777, 3, 0, 48104, 97887
2026/07/08 17:13:08.790, 4, 26, 75620, 97887
2026/07/08 17:13:08.823, 5, 82, 75618, 97887
2026/07/08 17:13:08.836, 6, 45, 75618, 97887
2026/07/08 17:13:08.849, 7, 37, 75616, 97887
2026/07/08 17:13:09.862, 0, 0, 48704, 97887
2026/07/08 17:13:09.881, 1, 0, 48104, 97887
2026/07/08 17:13:09.896, 2, 0, 48104, 97887
2026/07/08 17:13:09.916, 3, 0, 48104, 97887
2026/07/08 17:13:09.935, 4, 52, 75620, 97887
2026/07/08 17:13:09.956, 5, 71, 75618, 97887
2026/07/08 17:13:09.973, 6, 32, 75618, 97887
2026/07/08 17:13:09.991, 7, 64, 75616, 97887
2026/07/08 17:13:11.010, 0, 0, 48704, 97887
2026/07/08 17:13:11.027, 1, 0, 48104, 97887
2026/07/08 17:13:11.044, 2, 0, 48104, 97887
2026/07/08 17:13:11.064, 3, 0, 48104, 97887
2026/07/08 17:13:11.084, 4, 27, 75620, 97887
2026/07/08 17:13:11.103, 5, 93, 75618, 97887
2026/07/08 17:13:11.117, 6, 26, 75618, 97887
2026/07/08 17:13:11.133, 7, 64, 75616, 97887
2026/07/08 17:13:12.148, 0, 0, 48704, 97887
2026/07/08 17:13:12.164, 1, 0, 48104, 97887
2026/07/08 17:13:12.178, 2, 0, 48104, 97887
2026/07/08 17:13:12.193, 3, 0, 48104, 97887
2026/07/08 17:13:12.206, 4, 27, 75620, 97887
2026/07/08 17:13:12.224, 5, 95, 75618, 97887
2026/07/08 17:13:12.240, 6, 40, 75618, 97887
2026/07/08 17:13:12.254, 7, 70, 75616, 97887
2026/07/08 17:13:13.274, 0, 0, 48704, 97887
2026/07/08 17:13:13.290, 1, 0, 48104, 97887
2026/07/08 17:13:13.307, 2, 0, 48104, 97887
2026/07/08 17:13:13.323, 3, 0, 48104, 97887
2026/07/08 17:13:13.339, 4, 26, 75620, 97887
2026/07/08 17:13:13.354, 5, 90, 75618, 97887
2026/07/08 17:13:13.370, 6, 50, 75618, 97887
2026/07/08 17:13:13.389, 7, 53, 75616, 97887
2026/07/08 17:13:14.408, 0, 0, 48704, 97887
2026/07/08 17:13:14.424, 1, 0, 48104, 97887
2026/07/08 17:13:14.436, 2, 0, 48104, 97887
2026/07/08 17:13:14.451, 3, 0, 48104, 97887
2026/07/08 17:13:14.469, 4, 27, 75620, 97887
2026/07/08 17:13:14.486, 5, 95, 75618, 97887
2026/07/08 17:13:14.503, 6, 37, 75618, 97887
2026/07/08 17:13:14.523, 7, 55, 75616, 97887
2026/07/08 17:13:15.542, 0, 0, 48704, 97887
2026/07/08 17:13:15.558, 1, 0, 48104, 97887
2026/07/08 17:13:15.573, 2, 0, 48104, 97887
2026/07/08 17:13:15.591, 3, 0, 48104, 97887
2026/07/08 17:13:15.610, 4, 32, 75620, 97887
2026/07/08 17:13:15.624, 5, 92, 75618, 97887
2026/07/08 17:13:15.640, 6, 46, 75618, 97887
2026/07/08 17:13:15.656, 7, 74, 75616, 97887
2026/07/08 17:13:16.671, 0, 0, 48704, 97887
2026/07/08 17:13:16.688, 1, 0, 48104, 97887
2026/07/08 17:13:16.705, 2, 0, 48104, 97887
2026/07/08 17:13:16.723, 3, 0, 48104, 97887
2026/07/08 17:13:16.740, 4, 26, 75620, 97887
2026/07/08 17:13:16.754, 5, 95, 75618, 97887
2026/07/08 17:13:16.771, 6, 29, 75618, 97887
2026/07/08 17:13:16.789, 7, 70, 75616, 97887
2026/07/08 17:13:17.805, 0, 0, 48704, 97887
2026/07/08 17:13:17.823, 1, 0, 48104, 97887
2026/07/08 17:13:17.842, 2, 0, 48104, 97887
2026/07/08 17:13:17.859, 3, 0, 48104, 97887
2026/07/08 17:13:17.877, 4, 26, 75620, 97887
2026/07/08 17:13:17.895, 5, 95, 75618, 97887
2026/07/08 17:13:17.912, 6, 60, 75618, 97887
2026/07/08 17:13:17.929, 7, 38, 75616, 97887
2026/07/08 17:13:18.949, 0, 0, 48704, 97887
2026/07/08 17:13:18.964, 1, 0, 48104, 97887
2026/07/08 17:13:18.976, 2, 0, 48104, 97887
2026/07/08 17:13:18.988, 3, 0, 48104, 97887
2026/07/08 17:13:19.001, 4, 30, 75620, 97887
2026/07/08 17:13:19.014, 5, 69, 75618, 97887
2026/07/08 17:13:19.047, 6, 73, 75618, 97887
2026/07/08 17:13:19.062, 7, 20, 75616, 97887
2026/07/08 17:13:20.075, 0, 0, 48704, 97887
2026/07/08 17:13:20.091, 1, 0, 48104, 97887
2026/07/08 17:13:20.105, 2, 0, 48104, 97887
2026/07/08 17:13:20.118, 3, 0, 48104, 97887
2026/07/08 17:13:20.134, 4, 27, 75620, 97887
2026/07/08 17:13:20.149, 5, 90, 75618, 97887
2026/07/08 17:13:20.167, 6, 30, 75618, 97887
2026/07/08 17:13:20.187, 7, 68, 75616, 97887
2026/07/08 17:13:21.209, 0, 0, 48704, 97887
2026/07/08 17:13:21.225, 1, 0, 48104, 97887
2026/07/08 17:13:21.239, 2, 0, 48104, 97887
2026/07/08 17:13:21.255, 3, 0, 48104, 97887
2026/07/08 17:13:21.270, 4, 63, 75620, 97887
2026/07/08 17:13:21.293, 5, 95, 75618, 97887
2026/07/08 17:13:21.312, 6, 31, 75618, 97887
2026/07/08 17:13:21.332, 7, 70, 75616, 97887
2026/07/08 17:13:22.351, 0, 0, 48704, 97887
2026/07/08 17:13:22.371, 1, 0, 48104, 97887
2026/07/08 17:13:22.389, 2, 0, 48104, 97887
2026/07/08 17:13:22.405, 3, 0, 48104, 97887
2026/07/08 17:13:22.425, 4, 63, 75620, 97887
2026/07/08 17:13:22.442, 5, 91, 75618, 97887
2026/07/08 17:13:22.460, 6, 23, 75618, 97887
2026/07/08 17:13:22.475, 7, 81, 75616, 97887
2026/07/08 17:13:23.492, 0, 0, 48704, 97887
2026/07/08 17:13:23.507, 1, 0, 48104, 97887
2026/07/08 17:13:23.522, 2, 0, 48104, 97887
2026/07/08 17:13:23.536, 3, 0, 48104, 97887
2026/07/08 17:13:23.550, 4, 39, 75620, 97887
2026/07/08 17:13:23.564, 5, 93, 75618, 97887
2026/07/08 17:13:23.576, 6, 36, 75618, 97887
2026/07/08 17:13:23.591, 7, 66, 75616, 97887
2026/07/08 17:13:24.608, 0, 0, 48704, 97887
2026/07/08 17:13:24.627, 1, 0, 48104, 97887
2026/07/08 17:13:24.643, 2, 0, 48104, 97887
2026/07/08 17:13:24.662, 3, 0, 48104, 97887
2026/07/08 17:13:24.687, 4, 28, 75620, 97887
2026/07/08 17:13:24.704, 5, 93, 75618, 97887
2026/07/08 17:13:24.726, 6, 31, 75618, 97887
2026/07/08 17:13:24.744, 7, 79, 75616, 97887
2026/07/08 17:13:25.762, 0, 0, 48704, 97887
2026/07/08 17:13:25.777, 1, 0, 48104, 97887
2026/07/08 17:13:25.792, 2, 0, 48104, 97887
2026/07/08 17:13:25.807, 3, 0, 48104, 97887
2026/07/08 17:13:25.822, 4, 27, 75620, 97887
2026/07/08 17:13:25.837, 5, 49, 75618, 97887
2026/07/08 17:13:25.854, 6, 35, 75618, 97887
2026/07/08 17:13:25.871, 7, 74, 75616, 97887
2026/07/08 17:13:26.890, 0, 0, 48704, 97887
2026/07/08 17:13:26.908, 1, 0, 48104, 97887
2026/07/08 17:13:26.927, 2, 0, 48104, 97887
2026/07/08 17:13:26.946, 3, 0, 48104, 97887
2026/07/08 17:13:26.962, 4, 27, 75620, 97887
2026/07/08 17:13:26.977, 5, 81, 75618, 97887
2026/07/08 17:13:26.992, 6, 27, 75618, 97887
2026/07/08 17:13:27.008, 7, 55, 75616, 97887
2026/07/08 17:13:28.024, 0, 0, 48704, 97887
2026/07/08 17:13:28.044, 1, 0, 48104, 97887
2026/07/08 17:13:28.060, 2, 0, 48104, 97887
2026/07/08 17:13:28.075, 3, 0, 48104, 97887
2026/07/08 17:13:28.093, 4, 23, 75620, 97887
2026/07/08 17:13:28.112, 5, 69, 75618, 97887
2026/07/08 17:13:28.130, 6, 32, 75618, 97887
2026/07/08 17:13:28.149, 7, 74, 75616, 97887
2026/07/08 17:13:29.173, 0, 0, 48704, 97887
2026/07/08 17:13:29.188, 1, 0, 48104, 97887
2026/07/08 17:13:29.203, 2, 0, 48104, 97887
2026/07/08 17:13:29.220, 3, 0, 48104, 97887
2026/07/08 17:13:29.234, 4, 17, 75620, 97887
2026/07/08 17:13:29.247, 5, 90, 75618, 97887
2026/07/08 17:13:29.261, 6, 26, 75618, 97887
2026/07/08 17:13:29.275, 7, 72, 75616, 97887
2026/07/08 17:13:30.291, 0, 0, 48704, 97887
2026/07/08 17:13:30.309, 1, 0, 48104, 97887
2026/07/08 17:13:30.328, 2, 0, 48104, 97887
2026/07/08 17:13:30.347, 3, 0, 48104, 97887
2026/07/08 17:13:30.366, 4, 26, 75620, 97887
2026/07/08 17:13:30.384, 5, 85, 75620, 97887
2026/07/08 17:13:30.400, 6, 0, 75618, 97887
2026/07/08 17:13:30.415, 7, 0, 75616, 97887
2026/07/08 17:13:31.433, 0, 0, 48704, 97887
2026/07/08 17:13:31.453, 1, 0, 48104, 97887
2026/07/08 17:13:31.472, 2, 0, 48104, 97887
2026/07/08 17:13:31.490, 3, 0, 48104, 97887
2026/07/08 17:13:31.507, 4, 42, 75620, 97887
2026/07/08 17:13:31.523, 5, 76, 75620, 97887
2026/07/08 17:13:31.538, 6, 66, 75618, 97887
2026/07/08 17:13:31.554, 7, 22, 75616, 97887
2026/07/08 17:13:32.572, 0, 0, 48704, 97887
2026/07/08 17:13:32.584, 1, 0, 48104, 97887
2026/07/08 17:13:32.595, 2, 0, 48104, 97887
2026/07/08 17:13:32.606, 3, 0, 48104, 97887
2026/07/08 17:13:32.617, 4, 64, 75620, 97887
2026/07/08 17:13:32.630, 5, 93, 75620, 97887
2026/07/08 17:13:32.643, 6, 48, 75618, 97887
2026/07/08 17:13:32.657, 7, 31, 75616, 97887
2026/07/08 17:13:33.671, 0, 0, 48704, 97887
2026/07/08 17:13:33.692, 1, 0, 48104, 97887
2026/07/08 17:13:33.712, 2, 0, 48104, 97887
2026/07/08 17:13:33.731, 3, 0, 48104, 97887
2026/07/08 17:13:33.749, 4, 28, 75620, 97887
2026/07/08 17:13:33.769, 5, 48, 75620, 97887
2026/07/08 17:13:33.785, 6, 75, 75618, 97887
2026/07/08 17:13:33.803, 7, 52, 75616, 97887
2026/07/08 17:13:34.816, 0, 0, 48704, 97887
2026/07/08 17:13:34.833, 1, 0, 48104, 97887
2026/07/08 17:13:34.845, 2, 0, 48104, 97887
2026/07/08 17:13:34.856, 3, 0, 48104, 97887
2026/07/08 17:13:34.869, 4, 28, 75620, 97887
2026/07/08 17:13:34.885, 5, 95, 75620, 97887
2026/07/08 17:13:34.899, 6, 30, 75618, 97887
2026/07/08 17:13:34.914, 7, 74, 75616, 97887
2026/07/08 17:13:35.932, 0, 0, 48704, 97887
2026/07/08 17:13:35.947, 1, 0, 48104, 97887
2026/07/08 17:13:35.960, 2, 0, 48104, 97887
2026/07/08 17:13:35.976, 3, 0, 48104, 97887
2026/07/08 17:13:35.994, 4, 28, 75620, 97887
2026/07/08 17:13:36.010, 5, 94, 75620, 97887
2026/07/08 17:13:36.024, 6, 64, 75618, 97887
2026/07/08 17:13:36.039, 7, 31, 75616, 97887
2026/07/08 17:13:37.054, 0, 0, 48704, 97887
2026/07/08 17:13:37.070, 1, 0, 48104, 97887
2026/07/08 17:13:37.086, 2, 0, 48104, 97887
2026/07/08 17:13:37.100, 3, 0, 48104, 97887
2026/07/08 17:13:37.115, 4, 27, 75620, 97887
2026/07/08 17:13:37.131, 5, 94, 75620, 97887
2026/07/08 17:13:37.143, 6, 32, 75618, 97887
2026/07/08 17:13:37.157, 7, 57, 75616, 97887
2026/07/08 17:13:38.173, 0, 0, 48704, 97887
2026/07/08 17:13:38.190, 1, 0, 48104, 97887
2026/07/08 17:13:38.204, 2, 0, 48104, 97887
2026/07/08 17:13:38.220, 3, 0, 48104, 97887
2026/07/08 17:13:38.236, 4, 27, 75620, 97887
2026/07/08 17:13:38.250, 5, 74, 75620, 97887
2026/07/08 17:13:38.262, 6, 22, 75618, 97887
2026/07/08 17:13:38.276, 7, 67, 75616, 97887
2026/07/08 17:13:39.288, 0, 0, 48704, 97887
2026/07/08 17:13:39.301, 1, 0, 48104, 97887
2026/07/08 17:13:39.314, 2, 0, 48104, 97887
2026/07/08 17:13:39.328, 3, 0, 48104, 97887
2026/07/08 17:13:39.343, 4, 28, 75620, 97887
2026/07/08 17:13:39.363, 5, 95, 75620, 97887
2026/07/08 17:13:39.381, 6, 77, 75618, 97887
2026/07/08 17:13:39.400, 7, 24, 75616, 97887
2026/07/08 17:13:40.418, 0, 0, 48704, 97887
2026/07/08 17:13:40.435, 1, 0, 48104, 97887
2026/07/08 17:13:40.450, 2, 0, 48104, 97887
2026/07/08 17:13:40.466, 3, 0, 48104, 97887
2026/07/08 17:13:40.480, 4, 33, 75620, 97887
2026/07/08 17:13:40.496, 5, 86, 75620, 97887
2026/07/08 17:13:40.511, 6, 36, 75618, 97887
2026/07/08 17:13:40.522, 7, 46, 75616, 97887
2026/07/08 17:13:41.532, 0, 0, 48704, 97887
2026/07/08 17:13:41.547, 1, 0, 48104, 97887
2026/07/08 17:13:41.565, 2, 0, 48104, 97887
2026/07/08 17:13:41.581, 3, 0, 48104, 97887
2026/07/08 17:13:41.600, 4, 86, 75620, 97887
2026/07/08 17:13:41.615, 5, 30, 75620, 97887
2026/07/08 17:13:41.628, 6, 35, 75618, 97887
2026/07/08 17:13:41.642, 7, 44, 75616, 97887
2026/07/08 17:13:42.657, 0, 0, 48704, 97887
2026/07/08 17:13:42.674, 1, 0, 48104, 97887
2026/07/08 17:13:42.691, 2, 0, 48104, 97887
2026/07/08 17:13:42.710, 3, 0, 48104, 97887
2026/07/08 17:13:42.728, 4, 91, 75620, 97887
2026/07/08 17:13:42.744, 5, 26, 75620, 97887
2026/07/08 17:13:42.759, 6, 38, 75618, 97887
2026/07/08 17:13:42.775, 7, 36, 75616, 97887
2026/07/08 17:13:43.791, 0, 0, 48704, 97887
2026/07/08 17:13:43.810, 1, 0, 48104, 97887
2026/07/08 17:13:43.826, 2, 0, 48104, 97887
2026/07/08 17:13:43.840, 3, 0, 48104, 97887
2026/07/08 17:13:43.856, 4, 51, 75620, 97887
2026/07/08 17:13:43.877, 5, 64, 75620, 97887
2026/07/08 17:13:43.894, 6, 54, 75618, 97887
2026/07/08 17:13:43.912, 7, 53, 75616, 97887
2026/07/08 17:13:44.931, 0, 0, 48704, 97887
2026/07/08 17:13:44.950, 1, 0, 48104, 97887
2026/07/08 17:13:44.966, 2, 0, 48104, 97887
2026/07/08 17:13:44.981, 3, 0, 48104, 97887
2026/07/08 17:13:44.999, 4, 27, 75620, 97887
2026/07/08 17:13:45.017, 5, 95, 75620, 97887
2026/07/08 17:13:45.032, 6, 58, 75618, 97887
2026/07/08 17:13:45.049, 7, 66, 75616, 97887
2026/07/08 17:13:46.067, 0, 0, 48704, 97887
2026/07/08 17:13:46.082, 1, 0, 48104, 97887
2026/07/08 17:13:46.095, 2, 0, 48104, 97887
2026/07/08 17:13:46.110, 3, 0, 48104, 97887
2026/07/08 17:13:46.125, 4, 28, 75620, 97887
2026/07/08 17:13:46.137, 5, 92, 75620, 97887
2026/07/08 17:13:46.151, 6, 32, 75618, 97887
2026/07/08 17:13:46.167, 7, 30, 75616, 97887
2026/07/08 17:13:47.185, 0, 0, 48704, 97887
2026/07/08 17:13:47.200, 1, 0, 48104, 97887
2026/07/08 17:13:47.211, 2, 0, 48104, 97887
2026/07/08 17:13:47.227, 3, 0, 48104, 97887
2026/07/08 17:13:47.241, 4, 27, 75620, 97887
2026/07/08 17:13:47.257, 5, 87, 75620, 97887
2026/07/08 17:13:47.270, 6, 49, 75618, 97887
2026/07/08 17:13:47.281, 7, 40, 75616, 97887
2026/07/08 17:13:48.294, 0, 0, 48704, 97887
2026/07/08 17:13:48.306, 1, 0, 48104, 97887
2026/07/08 17:13:48.324, 2, 0, 48104, 97887
2026/07/08 17:13:48.342, 3, 0, 48104, 97887
2026/07/08 17:13:48.358, 4, 43, 75620, 97887
2026/07/08 17:13:48.373, 5, 72, 75620, 97887
2026/07/08 17:13:48.387, 6, 70, 75618, 97887
2026/07/08 17:13:48.402, 7, 27, 75616, 97887
2026/07/08 17:13:49.417, 0, 0, 48704, 97887
2026/07/08 17:13:49.435, 1, 0, 48104, 97887
2026/07/08 17:13:49.452, 2, 0, 48104, 97887
2026/07/08 17:13:49.471, 3, 0, 48104, 97887
2026/07/08 17:13:49.488, 4, 35, 75620, 97887
2026/07/08 17:13:49.503, 5, 81, 75620, 97887
2026/07/08 17:13:49.518, 6, 78, 75618, 97887
2026/07/08 17:13:49.537, 7, 28, 75616, 97887
2026/07/08 17:13:50.552, 0, 0, 48704, 97887
2026/07/08 17:13:50.570, 1, 0, 48104, 97887
2026/07/08 17:13:50.589, 2, 0, 48104, 97887
2026/07/08 17:13:50.607, 3, 0, 48104, 97887
2026/07/08 17:13:50.622, 4, 28, 75620, 97887
2026/07/08 17:13:50.637, 5, 95, 75620, 97887
2026/07/08 17:13:50.652, 6, 38, 75618, 97887
2026/07/08 17:13:50.665, 7, 47, 75616, 97887
2026/07/08 17:13:51.681, 0, 0, 48704, 97887
2026/07/08 17:13:51.700, 1, 0, 48104, 97887
2026/07/08 17:13:51.716, 2, 0, 48104, 97887
2026/07/08 17:13:51.734, 3, 0, 48104, 97887
2026/07/08 17:13:51.753, 4, 29, 75620, 97887
2026/07/08 17:13:51.768, 5, 87, 75620, 97887
2026/07/08 17:13:51.794, 6, 32, 75618, 97887
2026/07/08 17:13:51.823, 7, 72, 75616, 97887
2026/07/08 17:13:52.848, 0, 0, 48704, 97887
2026/07/08 17:13:52.861, 1, 0, 48104, 97887
2026/07/08 17:13:52.879, 2, 0, 48104, 97887
2026/07/08 17:13:52.896, 3, 0, 48104, 97887
2026/07/08 17:13:52.914, 4, 47, 75620, 97887
2026/07/08 17:13:52.933, 5, 92, 75620, 97887
2026/07/08 17:13:52.950, 6, 79, 75618, 97887
2026/07/08 17:13:52.969, 7, 52, 75616, 97887
2026/07/08 17:13:53.984, 0, 0, 48704, 97887
2026/07/08 17:13:53.999, 1, 0, 48104, 97887
2026/07/08 17:13:54.014, 2, 0, 48104, 97887
2026/07/08 17:13:54.029, 3, 0, 48104, 97887
2026/07/08 17:13:54.045, 4, 29, 75620, 97887
2026/07/08 17:13:54.058, 5, 95, 75620, 97887
2026/07/08 17:13:54.075, 6, 59, 75618, 97887
2026/07/08 17:13:54.093, 7, 55, 75616, 97887
2026/07/08 17:13:55.112, 0, 0, 48704, 97887
2026/07/08 17:13:55.128, 1, 0, 48104, 97887
2026/07/08 17:13:55.147, 2, 0, 48104, 97887
2026/07/08 17:13:55.163, 3, 0, 48104, 97887
2026/07/08 17:13:55.180, 4, 18, 75620, 97887
2026/07/08 17:13:55.197, 5, 59, 75620, 97887
2026/07/08 17:13:55.213, 6, 0, 75618, 97887
2026/07/08 17:13:55.230, 7, 4, 75616, 97887
2026/07/08 17:13:56.245, 0, 0, 48704, 97887
2026/07/08 17:13:56.266, 1, 0, 48104, 97887
2026/07/08 17:13:56.285, 2, 0, 48104, 97887
2026/07/08 17:13:56.303, 3, 0, 48104, 97887
2026/07/08 17:13:56.318, 4, 0, 75620, 97887
2026/07/08 17:13:56.335, 5, 0, 75620, 97887
2026/07/08 17:13:56.351, 6, 0, 75618, 97887
2026/07/08 17:13:56.371, 7, 0, 75616, 97887
2026/07/08 17:13:57.390, 0, 0, 48704, 97887
2026/07/08 17:13:57.407, 1, 0, 48104, 97887
2026/07/08 17:13:57.434, 2, 0, 48104, 97887
2026/07/08 17:13:57.449, 3, 0, 48104, 97887
2026/07/08 17:13:57.473, 4, 32, 75620, 97887
2026/07/08 17:13:57.496, 5, 77, 75620, 97887
2026/07/08 17:13:57.517, 6, 0, 75618, 97887
2026/07/08 17:13:57.533, 7, 0, 75616, 97887
2026/07/08 17:13:58.550, 0, 0, 48704, 97887
2026/07/08 17:13:58.567, 1, 0, 48104, 97887
2026/07/08 17:13:58.583, 2, 0, 48104, 97887
2026/07/08 17:13:58.597, 3, 0, 48104, 97887
2026/07/08 17:13:58.610, 4, 93, 75620, 97887
2026/07/08 17:13:58.623, 5, 22, 75620, 97887
2026/07/08 17:13:58.631, 6, 0, 75618, 97887
2026/07/08 17:13:58.647, 7, 0, 75616, 97887
2026/07/08 17:13:59.663, 0, 0, 48704, 97887
2026/07/08 17:13:59.678, 1, 0, 48104, 97887
2026/07/08 17:13:59.693, 2, 0, 48104, 97887
2026/07/08 17:13:59.709, 3, 0, 48104, 97887
2026/07/08 17:13:59.722, 4, 28, 75620, 97887
2026/07/08 17:13:59.738, 5, 57, 75620, 97887
2026/07/08 17:13:59.754, 6, 0, 75618, 97887
2026/07/08 17:13:59.766, 7, 0, 75616, 97887
2026/07/08 17:14:00.781, 0, 0, 48704, 97887
2026/07/08 17:14:00.799, 1, 0, 48104, 97887
2026/07/08 17:14:00.817, 2, 0, 48104, 97887
2026/07/08 17:14:00.836, 3, 0, 48104, 97887
2026/07/08 17:14:00.853, 4, 82, 75620, 97887
2026/07/08 17:14:00.870, 5, 21, 75620, 97887
2026/07/08 17:14:00.888, 6, 0, 75618, 97887
2026/07/08 17:14:00.907, 7, 0, 75616, 97887
2026/07/08 17:14:01.922, 0, 0, 48704, 97887
2026/07/08 17:14:01.941, 1, 0, 48104, 97887
2026/07/08 17:14:01.955, 2, 0, 48104, 97887
2026/07/08 17:14:01.971, 3, 0, 48104, 97887
2026/07/08 17:14:01.990, 4, 64, 75620, 97887
2026/07/08 17:14:02.008, 5, 46, 75620, 97887
2026/07/08 17:14:02.026, 6, 0, 75618, 97887
2026/07/08 17:14:02.046, 7, 0, 75616, 97887
2026/07/08 17:14:03.063, 0, 0, 48704, 97887
2026/07/08 17:14:03.076, 1, 0, 48104, 97887
2026/07/08 17:14:03.090, 2, 0, 48104, 97887
2026/07/08 17:14:03.113, 3, 0, 48104, 97887
2026/07/08 17:14:03.132, 4, 33, 75620, 97887
2026/07/08 17:14:03.149, 5, 84, 75620, 97887
2026/07/08 17:14:03.165, 6, 0, 75618, 97887
2026/07/08 17:14:03.184, 7, 0, 75616, 97887
2026/07/08 17:14:04.201, 0, 0, 48704, 97887
2026/07/08 17:14:04.219, 1, 0, 48104, 97887
2026/07/08 17:14:04.236, 2, 0, 48104, 97887
2026/07/08 17:14:04.254, 3, 0, 48104, 97887
2026/07/08 17:14:04.274, 4, 25, 75620, 97887
2026/07/08 17:14:04.291, 5, 88, 75620, 97887
2026/07/08 17:14:04.309, 6, 0, 75618, 97887
2026/07/08 17:14:04.327, 7, 0, 75616, 97887
2026/07/08 17:14:05.342, 0, 0, 48704, 97887
2026/07/08 17:14:05.363, 1, 0, 48104, 97887
2026/07/08 17:14:05.378, 2, 0, 48104, 97887
2026/07/08 17:14:05.394, 3, 0, 48104, 97887
2026/07/08 17:14:05.411, 4, 28, 75620, 97887
2026/07/08 17:14:05.429, 5, 84, 75620, 97887
2026/07/08 17:14:05.448, 6, 0, 75618, 97887
2026/07/08 17:14:05.468, 7, 0, 75616, 97887
2026/07/08 17:14:06.487, 0, 0, 48704, 97887
2026/07/08 17:14:06.505, 1, 0, 48104, 97887
2026/07/08 17:14:06.523, 2, 0, 48104, 97887
2026/07/08 17:14:06.542, 3, 0, 48104, 97887
2026/07/08 17:14:06.562, 4, 82, 75620, 97887
2026/07/08 17:14:06.582, 5, 22, 75620, 97887
2026/07/08 17:14:06.598, 6, 0, 75618, 97887
2026/07/08 17:14:06.614, 7, 0, 75616, 97887
2026/07/08 17:14:07.629, 0, 0, 48704, 97887
2026/07/08 17:14:07.645, 1, 0, 48104, 97887
2026/07/08 17:14:07.660, 2, 0, 48104, 97887
2026/07/08 17:14:07.678, 3, 0, 48104, 97887
2026/07/08 17:14:07.699, 4, 57, 75620, 97887
2026/07/08 17:14:07.721, 5, 53, 75620, 97887
2026/07/08 17:14:07.740, 6, 0, 75618, 97887
2026/07/08 17:14:07.758, 7, 0, 75616, 97887
2026/07/08 17:14:08.777, 0, 0, 48704, 97887
2026/07/08 17:14:08.796, 1, 0, 48104, 97887
2026/07/08 17:14:08.813, 2, 0, 48104, 97887
2026/07/08 17:14:08.830, 3, 0, 48104, 97887
2026/07/08 17:14:08.849, 4, 22, 75620, 97887
2026/07/08 17:14:08.866, 5, 95, 75620, 97887
2026/07/08 17:14:08.879, 6, 0, 75618, 97887
2026/07/08 17:14:08.895, 7, 0, 75616, 97887
2026/07/08 17:14:09.911, 0, 0, 48704, 97887
2026/07/08 17:14:09.932, 1, 0, 48104, 97887
2026/07/08 17:14:09.950, 2, 0, 48104, 97887
2026/07/08 17:14:09.971, 3, 0, 48104, 97887
2026/07/08 17:14:09.990, 4, 42, 75620, 97887
2026/07/08 17:14:10.007, 5, 81, 75620, 97887
2026/07/08 17:14:10.025, 6, 0, 75618, 97887
2026/07/08 17:14:10.040, 7, 0, 75616, 97887
2026/07/08 17:14:11.058, 0, 0, 48704, 97887
2026/07/08 17:14:11.070, 1, 0, 48104, 97887
2026/07/08 17:14:11.082, 2, 0, 48104, 97887
2026/07/08 17:14:11.094, 3, 0, 48104, 97887
2026/07/08 17:14:11.109, 4, 28, 75620, 97887
2026/07/08 17:14:11.125, 5, 87, 75620, 97887
2026/07/08 17:14:11.139, 6, 0, 75618, 97887
2026/07/08 17:14:11.152, 7, 0, 75616, 97887
2026/07/08 17:14:12.163, 0, 0, 48704, 97887
2026/07/08 17:14:12.176, 1, 0, 48104, 97887
2026/07/08 17:14:12.190, 2, 0, 48104, 97887
2026/07/08 17:14:12.204, 3, 0, 48104, 97887
2026/07/08 17:14:12.216, 4, 94, 75620, 97887
2026/07/08 17:14:12.229, 5, 21, 75620, 97887
2026/07/08 17:14:12.243, 6, 0, 75618, 97887
2026/07/08 17:14:12.257, 7, 0, 75616, 97887
2026/07/08 17:14:13.268, 0, 0, 48704, 97887
2026/07/08 17:14:13.284, 1, 0, 48104, 97887
2026/07/08 17:14:13.300, 2, 0, 48104, 97887
2026/07/08 17:14:13.316, 3, 0, 48104, 97887
2026/07/08 17:14:13.327, 4, 0, 75620, 97887
2026/07/08 17:14:13.341, 5, 0, 75620, 97887
2026/07/08 17:14:13.352, 6, 0, 75618, 97887
2026/07/08 17:14:13.364, 7, 0, 75616, 97887
2026/07/08 17:14:14.380, 0, 0, 48704, 97887
2026/07/08 17:14:14.400, 1, 0, 48104, 97887
2026/07/08 17:14:14.417, 2, 0, 48104, 97887
2026/07/08 17:14:14.433, 3, 0, 48104, 97887
2026/07/08 17:14:14.449, 4, 0, 75620, 97887
2026/07/08 17:14:14.464, 5, 0, 75620, 97887
2026/07/08 17:14:14.478, 6, 0, 75618, 97887
2026/07/08 17:14:14.493, 7, 0, 75616, 97887
2026/07/08 17:14:15.508, 0, 0, 48704, 97887
2026/07/08 17:14:15.522, 1, 0, 48104, 97887
2026/07/08 17:14:15.537, 2, 0, 48104, 97887
2026/07/08 17:14:15.554, 3, 0, 48104, 97887
2026/07/08 17:14:15.568, 4, 0, 75620, 97887
2026/07/08 17:14:15.583, 5, 0, 75620, 97887
2026/07/08 17:14:15.596, 6, 0, 75618, 97887
2026/07/08 17:14:15.613, 7, 0, 75616, 97887
2026/07/08 17:14:16.631, 0, 0, 48704, 97887
2026/07/08 17:14:16.651, 1, 0, 48104, 97887
2026/07/08 17:14:16.669, 2, 0, 48104, 97887
2026/07/08 17:14:16.687, 3, 0, 48104, 97887
2026/07/08 17:14:16.706, 4, 0, 75620, 97887
2026/07/08 17:14:16.727, 5, 0, 75620, 97887
2026/07/08 17:14:16.746, 6, 0, 75618, 97887
2026/07/08 17:14:16.766, 7, 0, 75616, 97887
2026/07/08 17:14:17.785, 0, 0, 48704, 97887
2026/07/08 17:14:17.803, 1, 0, 48104, 97887
2026/07/08 17:14:17.823, 2, 0, 48104, 97887
2026/07/08 17:14:17.844, 3, 0, 48104, 97887
2026/07/08 17:14:17.864, 4, 0, 75620, 97887
2026/07/08 17:14:17.884, 5, 0, 75620, 97887
2026/07/08 17:14:17.904, 6, 0, 75618, 97887
2026/07/08 17:14:17.920, 7, 0, 75616, 97887
2026/07/08 17:14:18.933, 0, 0, 48704, 97887
2026/07/08 17:14:18.953, 1, 0, 48104, 97887
2026/07/08 17:14:18.972, 2, 0, 48104, 97887
2026/07/08 17:14:18.990, 3, 0, 48104, 97887
2026/07/08 17:14:19.008, 4, 0, 75620, 97887
2026/07/08 17:14:19.027, 5, 0, 75620, 97887
2026/07/08 17:14:19.045, 6, 0, 75618, 97887
2026/07/08 17:14:19.065, 7, 0, 75616, 97887
2026/07/08 17:14:20.086, 0, 0, 48704, 97887
2026/07/08 17:14:20.101, 1, 0, 48104, 97887
2026/07/08 17:14:20.119, 2, 0, 48104, 97887
2026/07/08 17:14:20.132, 3, 0, 48104, 97887
2026/07/08 17:14:20.151, 4, 0, 75620, 97887
2026/07/08 17:14:20.167, 5, 0, 75620, 97887
2026/07/08 17:14:20.182, 6, 0, 75618, 97887
2026/07/08 17:14:20.199, 7, 0, 75616, 97887
2026/07/08 17:14:21.216, 0, 0, 48704, 97887
2026/07/08 17:14:21.232, 1, 0, 48104, 97887
2026/07/08 17:14:21.248, 2, 0, 48104, 97887
2026/07/08 17:14:21.262, 3, 0, 48104, 97887
2026/07/08 17:14:21.278, 4, 0, 75620, 97887
2026/07/08 17:14:21.297, 5, 0, 75620, 97887
2026/07/08 17:14:21.315, 6, 0, 75618, 97887
2026/07/08 17:14:21.334, 7, 0, 75616, 97887
2026/07/08 17:14:22.353, 0, 0, 48704, 97887
2026/07/08 17:14:22.371, 1, 0, 48104, 97887
2026/07/08 17:14:22.388, 2, 0, 48104, 97887
2026/07/08 17:14:22.408, 3, 0, 48104, 97887
2026/07/08 17:14:22.427, 4, 0, 75620, 97887
2026/07/08 17:14:22.447, 5, 0, 75620, 97887
2026/07/08 17:14:22.465, 6, 0, 75618, 97887
2026/07/08 17:14:22.484, 7, 0, 75616, 97887
2026/07/08 17:14:23.503, 0, 0, 48704, 97887
2026/07/08 17:14:23.523, 1, 0, 48104, 97887
2026/07/08 17:14:23.541, 2, 0, 48104, 97887
2026/07/08 17:14:23.561, 3, 0, 48104, 97887
2026/07/08 17:14:23.577, 4, 0, 75620, 97887
2026/07/08 17:14:23.596, 5, 0, 75620, 97887
2026/07/08 17:14:23.615, 6, 0, 75618, 97887
2026/07/08 17:14:23.632, 7, 0, 75616, 97887
2026/07/08 17:14:24.653, 0, 0, 48704, 97887
2026/07/08 17:14:24.669, 1, 0, 48104, 97887
2026/07/08 17:14:24.690, 2, 0, 48104, 97887
2026/07/08 17:14:24.707, 3, 0, 48104, 97887
2026/07/08 17:14:24.726, 4, 0, 75620, 97887
2026/07/08 17:14:24.744, 5, 0, 75620, 97887
2026/07/08 17:14:24.759, 6, 0, 75618, 97887
2026/07/08 17:14:24.776, 7, 0, 75616, 97887
2026/07/08 17:14:25.793, 0, 0, 48704, 97887
2026/07/08 17:14:25.813, 1, 0, 48104, 97887
2026/07/08 17:14:25.832, 2, 0, 48104, 97887
2026/07/08 17:14:25.848, 3, 0, 48104, 97887
2026/07/08 17:14:25.869, 4, 0, 75620, 97887
2026/07/08 17:14:25.887, 5, 0, 75620, 97887
2026/07/08 17:14:25.904, 6, 0, 75618, 97887
2026/07/08 17:14:25.922, 7, 0, 75616, 97887
2026/07/08 17:14:26.938, 0, 0, 48704, 97887
2026/07/08 17:14:26.960, 1, 0, 48104, 97887
2026/07/08 17:14:26.975, 2, 0, 48104, 97887
2026/07/08 17:14:26.991, 3, 0, 48104, 97887
2026/07/08 17:14:27.007, 4, 0, 75620, 97887
2026/07/08 17:14:27.025, 5, 0, 75620, 97887
2026/07/08 17:14:27.043, 6, 0, 75618, 97887
2026/07/08 17:14:27.061, 7, 0, 75616, 97887
2026/07/08 17:14:28.078, 0, 0, 48704, 97887
2026/07/08 17:14:28.098, 1, 0, 48104, 97887
2026/07/08 17:14:28.118, 2, 0, 48104, 97887
2026/07/08 17:14:28.137, 3, 0, 48104, 97887
2026/07/08 17:14:28.156, 4, 0, 75620, 97887
2026/07/08 17:14:28.174, 5, 0, 75620, 97887
2026/07/08 17:14:28.191, 6, 0, 75618, 97887
2026/07/08 17:14:28.207, 7, 0, 75616, 97887
2026/07/08 17:14:29.225, 0, 0, 48704, 97887
2026/07/08 17:14:29.244, 1, 0, 48104, 97887
2026/07/08 17:14:29.262, 2, 0, 48104, 97887
2026/07/08 17:14:29.281, 3, 0, 48104, 97887
2026/07/08 17:14:29.298, 4, 0, 75620, 97887
2026/07/08 17:14:29.317, 5, 0, 75620, 97887
2026/07/08 17:14:29.335, 6, 0, 75618, 97887
2026/07/08 17:14:29.353, 7, 0, 75616, 97887
2026/07/08 17:14:30.371, 0, 0, 48704, 97887
2026/07/08 17:14:30.389, 1, 0, 48104, 97887
2026/07/08 17:14:30.422, 2, 0, 48104, 97887
2026/07/08 17:14:30.453, 3, 0, 48104, 97887
2026/07/08 17:14:30.466, 4, 0, 75620, 97887
2026/07/08 17:14:30.482, 5, 0, 75620, 97887
2026/07/08 17:14:30.500, 6, 0, 75618, 97887
2026/07/08 17:14:30.517, 7, 0, 75616, 97887
2026/07/08 17:14:31.541, 0, 0, 48704, 97887
2026/07/08 17:14:31.555, 1, 0, 48104, 97887
2026/07/08 17:14:31.566, 2, 0, 48104, 97887
2026/07/08 17:14:31.579, 3, 0, 48104, 97887
2026/07/08 17:14:31.593, 4, 0, 75620, 97887
2026/07/08 17:14:31.606, 5, 0, 75620, 97887
2026/07/08 17:14:31.621, 6, 0, 75618, 97887
2026/07/08 17:14:31.636, 7, 0, 75616, 97887
2026/07/08 17:14:32.651, 0, 0, 48704, 97887
2026/07/08 17:14:33.007, 1, 0, 48104, 97887
2026/07/08 17:14:33.022, 2, 0, 48104, 97887
2026/07/08 17:14:33.049, 3, 0, 48104, 97887
2026/07/08 17:14:33.070, 4, 0, 75620, 97887
2026/07/08 17:14:33.088, 5, 0, 75620, 97887
2026/07/08 17:14:33.103, 6, 0, 75618, 97887
2026/07/08 17:14:33.115, 7, 0, 75616, 97887
2026/07/08 17:14:34.129, 0, 0, 48704, 97887
2026/07/08 17:14:34.152, 1, 0, 48104, 97887
2026/07/08 17:14:34.172, 2, 0, 48104, 97887
2026/07/08 17:14:34.189, 3, 0, 48104, 97887
2026/07/08 17:14:34.204, 4, 0, 75620, 97887
2026/07/08 17:14:34.223, 5, 0, 75620, 97887
2026/07/08 17:14:34.236, 6, 0, 75618, 97887
2026/07/08 17:14:34.251, 7, 0, 75616, 97887
2026/07/08 17:14:35.262, 0, 0, 48704, 97887
2026/07/08 17:14:35.271, 1, 0, 48104, 97887
2026/07/08 17:14:35.279, 2, 0, 48104, 97887
2026/07/08 17:14:35.289, 3, 0, 48104, 97887
2026/07/08 17:14:35.298, 4, 0, 75620, 97887
2026/07/08 17:14:35.307, 5, 0, 75620, 97887
2026/07/08 17:14:35.316, 6, 0, 75618, 97887
2026/07/08 17:14:35.325, 7, 0, 75616, 97887
2026/07/08 17:14:36.337, 0, 0, 48704, 97887
2026/07/08 17:14:36.347, 1, 0, 48104, 97887
2026/07/08 17:14:36.357, 2, 0, 48104, 97887
2026/07/08 17:14:36.367, 3, 0, 48104, 97887
2026/07/08 17:14:36.378, 4, 0, 75620, 97887
2026/07/08 17:14:36.385, 5, 0, 75620, 97887
2026/07/08 17:14:36.392, 6, 0, 75618, 97887
2026/07/08 17:14:36.406, 7, 0, 75616, 97887
2026/07/08 17:14:37.419, 0, 0, 48704, 97887
2026/07/08 17:14:37.429, 1, 0, 48104, 97887
2026/07/08 17:14:37.437, 2, 0, 48104, 97887
2026/07/08 17:14:37.447, 3, 0, 48104, 97887
2026/07/08 17:14:37.454, 4, 0, 75620, 97887
2026/07/08 17:14:37.460, 5, 0, 75620, 97887
2026/07/08 17:14:37.467, 6, 0, 75618, 97887
2026/07/08 17:14:37.474, 7, 0, 75616, 97887
2026/07/08 17:14:38.482, 0, 0, 48704, 97887
2026/07/08 17:14:38.496, 1, 0, 48104, 97887
2026/07/08 17:14:38.514, 2, 0, 48104, 97887
2026/07/08 17:14:38.532, 3, 0, 48104, 97887
2026/07/08 17:14:38.550, 4, 0, 75620, 97887
2026/07/08 17:14:38.565, 5, 0, 75620, 97887
2026/07/08 17:14:38.577, 6, 0, 75618, 97887
2026/07/08 17:14:38.591, 7, 0, 75616, 97887
2026/07/08 17:14:39.605, 0, 0, 48704, 97887
2026/07/08 17:14:39.618, 1, 0, 48104, 97887
2026/07/08 17:14:39.630, 2, 0, 48104, 97887
2026/07/08 17:14:39.643, 3, 0, 48104, 97887
2026/07/08 17:14:39.654, 4, 0, 75620, 97887
2026/07/08 17:14:39.666, 5, 0, 75620, 97887
2026/07/08 17:14:39.674, 6, 0, 75618, 97887
2026/07/08 17:14:39.685, 7, 0, 75616, 97887
2026/07/08 17:14:40.699, 0, 0, 48704, 97887
2026/07/08 17:14:40.713, 1, 0, 48104, 97887
2026/07/08 17:14:40.726, 2, 0, 48104, 97887
2026/07/08 17:14:40.741, 3, 0, 48104, 97887
2026/07/08 17:14:40.754, 4, 0, 75620, 97887
2026/07/08 17:14:40.763, 5, 0, 75620, 97887
2026/07/08 17:14:40.769, 6, 0, 75616, 97887
2026/07/08 17:14:40.777, 7, 0, 75614, 97887
2026/07/08 17:14:41.791, 0, 0, 48704, 97887
2026/07/08 17:14:41.812, 1, 0, 48104, 97887
2026/07/08 17:14:41.835, 2, 0, 48104, 97887
2026/07/08 17:14:41.855, 3, 0, 48104, 97887
2026/07/08 17:14:41.867, 4, 3, 75615, 97887
2026/07/08 17:14:41.882, 5, 0, 75615, 97887
2026/07/08 17:14:41.889, 6, 0, 4, 97887
2026/07/08 17:14:41.904, 7, 0, 4, 97887
2026/07/08 17:14:42.913, 0, 0, 48704, 97887
2026/07/08 17:14:48.206, 1, 0, 48104, 97887
2026/07/08 17:14:48.233, 2, 0, 48104, 97887
2026/07/08 17:14:48.249, 3, 0, 48104, 97887
2026/07/08 17:14:48.262, 4, 0, 3, 97887
2026/07/08 17:14:48.275, 5, 0, 3, 97887
2026/07/08 17:14:48.290, 6, 0, 3, 97887
2026/07/08 17:14:48.328, 7, 0, 3, 97887
2026/07/08 17:14:49.346, 0, 0, 48622, 97887
2026/07/08 17:14:49.362, 1, 0, 48022, 97887
2026/07/08 17:14:49.377, 2, 0, 48022, 97887
2026/07/08 17:14:49.391, 3, 0, 48104, 97887
2026/07/08 17:14:49.404, 4, 0, 3, 97887
2026/07/08 17:14:49.415, 5, 0, 3, 97887
2026/07/08 17:14:49.431, 6, 0, 3, 97887
2026/07/08 17:14:49.446, 7, 0, 3, 97887
2026/07/08 17:14:50.457, 0, 2, 0, 97887
2026/07/08 17:14:59.993, 1, 0, 0, 97887
2026/07/08 17:15:00.006, 2, 0, 0, 97887
2026/07/08 17:15:00.019, 3, 0, 0, 97887
2026/07/08 17:15:00.031, 4, 0, 0, 97887
2026/07/08 17:15:00.047, 5, 0, 0, 97887
2026/07/08 17:15:00.062, 6, 0, 0, 97887
2026/07/08 17:15:00.076, 7, 0, 0, 97887
