timestamp, index, utilization.gpu [%], memory.used [MiB], memory.total [MiB]
2026/07/08 11:47:43.982, 0, 0, 0, 97887
2026/07/08 11:47:43.997, 1, 0, 0, 97887
2026/07/08 11:47:44.011, 2, 0, 0, 97887
2026/07/08 11:47:44.027, 3, 0, 0, 97887
2026/07/08 11:47:44.043, 4, 0, 0, 97887
2026/07/08 11:47:44.061, 5, 0, 0, 97887
2026/07/08 11:47:44.080, 6, 0, 0, 97887
2026/07/08 11:47:44.098, 7, 0, 0, 97887
2026/07/08 11:47:45.110, 0, 0, 0, 97887
2026/07/08 11:47:45.126, 1, 0, 0, 97887
2026/07/08 11:47:45.141, 2, 0, 0, 97887
2026/07/08 11:47:45.157, 3, 0, 0, 97887
2026/07/08 11:47:45.172, 4, 0, 0, 97887
2026/07/08 11:47:45.187, 5, 0, 0, 97887
2026/07/08 11:47:45.214, 6, 0, 0, 97887
2026/07/08 11:47:45.230, 7, 0, 0, 97887
2026/07/08 11:47:46.247, 0, 0, 0, 97887
2026/07/08 11:47:46.265, 1, 0, 0, 97887
2026/07/08 11:47:46.282, 2, 0, 0, 97887
2026/07/08 11:47:46.301, 3, 0, 0, 97887
2026/07/08 11:47:46.318, 4, 0, 0, 97887
2026/07/08 11:47:46.337, 5, 0, 0, 97887
2026/07/08 11:47:46.353, 6, 0, 0, 97887
2026/07/08 11:47:46.370, 7, 0, 0, 97887
2026/07/08 11:47:47.390, 0, 0, 0, 97887
2026/07/08 11:47:47.410, 1, 0, 0, 97887
2026/07/08 11:47:47.430, 2, 0, 0, 97887
2026/07/08 11:47:47.449, 3, 0, 0, 97887
2026/07/08 11:47:47.467, 4, 0, 0, 97887
2026/07/08 11:47:47.484, 5, 0, 0, 97887
2026/07/08 11:47:47.498, 6, 0, 0, 97887
2026/07/08 11:47:47.514, 7, 0, 0, 97887
2026/07/08 11:47:48.529, 0, 0, 0, 97887
2026/07/08 11:47:48.550, 1, 0, 0, 97887
2026/07/08 11:47:48.570, 2, 0, 0, 97887
2026/07/08 11:47:48.589, 3, 0, 0, 97887
2026/07/08 11:47:48.608, 4, 0, 0, 97887
2026/07/08 11:47:48.628, 5, 0, 0, 97887
2026/07/08 11:47:48.649, 6, 0, 0, 97887
2026/07/08 11:47:48.668, 7, 0, 0, 97887
2026/07/08 11:47:49.687, 0, 0, 0, 97887
2026/07/08 11:47:49.707, 1, 0, 0, 97887
2026/07/08 11:47:49.724, 2, 0, 0, 97887
2026/07/08 11:47:49.742, 3, 0, 0, 97887
2026/07/08 11:47:49.758, 4, 0, 0, 97887
2026/07/08 11:47:49.774, 5, 0, 0, 97887
2026/07/08 11:47:49.789, 6, 0, 0, 97887
2026/07/08 11:47:49.804, 7, 0, 0, 97887
2026/07/08 11:47:50.821, 0, 0, 0, 97887
2026/07/08 11:47:50.839, 1, 0, 0, 97887
2026/07/08 11:47:50.857, 2, 0, 0, 97887
2026/07/08 11:47:50.874, 3, 0, 0, 97887
2026/07/08 11:47:50.892, 4, 0, 0, 97887
2026/07/08 11:47:50.912, 5, 0, 0, 97887
2026/07/08 11:47:50.931, 6, 0, 0, 97887
2026/07/08 11:47:50.950, 7, 0, 0, 97887
2026/07/08 11:47:51.967, 0, 0, 0, 97887
2026/07/08 11:47:51.985, 1, 0, 0, 97887
2026/07/08 11:47:52.001, 2, 0, 0, 97887
2026/07/08 11:47:52.018, 3, 0, 0, 97887
2026/07/08 11:47:52.037, 4, 0, 0, 97887
2026/07/08 11:47:52.057, 5, 0, 0, 97887
2026/07/08 11:47:52.077, 6, 0, 1, 97887
2026/07/08 11:47:52.098, 7, 0, 1, 97887
2026/07/08 11:47:53.116, 0, 0, 3, 97887
2026/07/08 11:47:53.135, 1, 0, 3, 97887
2026/07/08 11:47:53.152, 2, 0, 3, 97887
2026/07/08 11:47:53.169, 3, 0, 3, 97887
2026/07/08 11:47:53.188, 4, 0, 3, 97887
2026/07/08 11:47:53.205, 5, 0, 3, 97887
2026/07/08 11:47:53.225, 6, 0, 3, 97887
2026/07/08 11:47:53.242, 7, 0, 3, 97887
2026/07/08 11:47:54.261, 0, 0, 3, 97887
2026/07/08 11:47:54.279, 1, 0, 3, 97887
2026/07/08 11:47:54.296, 2, 0, 3, 97887
2026/07/08 11:47:54.313, 3, 0, 3, 97887
2026/07/08 11:47:54.329, 4, 0, 3, 97887
2026/07/08 11:47:54.346, 5, 0, 3, 97887
2026/07/08 11:47:54.363, 6, 0, 3, 97887
2026/07/08 11:47:54.379, 7, 0, 3, 97887
2026/07/08 11:47:55.397, 0, 0, 3, 97887
2026/07/08 11:47:55.415, 1, 0, 3, 97887
2026/07/08 11:47:55.432, 2, 0, 3, 97887
2026/07/08 11:47:55.450, 3, 0, 3, 97887
2026/07/08 11:47:55.468, 4, 0, 3, 97887
2026/07/08 11:47:55.486, 5, 0, 3, 97887
2026/07/08 11:47:55.505, 6, 0, 3, 97887
2026/07/08 11:47:55.523, 7, 0, 3, 97887
2026/07/08 11:47:56.541, 0, 0, 3, 97887
2026/07/08 11:47:56.563, 1, 0, 3, 97887
2026/07/08 11:47:56.584, 2, 0, 3, 97887
2026/07/08 11:47:56.605, 3, 0, 3, 97887
2026/07/08 11:47:56.623, 4, 0, 3, 97887
2026/07/08 11:47:56.638, 5, 0, 3, 97887
2026/07/08 11:47:56.654, 6, 0, 3, 97887
2026/07/08 11:47:56.669, 7, 0, 3, 97887
2026/07/08 11:47:57.684, 0, 0, 3, 97887
2026/07/08 11:47:57.700, 1, 0, 3, 97887
2026/07/08 11:47:57.717, 2, 0, 3, 97887
2026/07/08 11:47:57.733, 3, 0, 3, 97887
2026/07/08 11:47:57.751, 4, 0, 3, 97887
2026/07/08 11:47:57.771, 5, 0, 3, 97887
2026/07/08 11:47:57.791, 6, 0, 3, 97887
2026/07/08 11:47:57.809, 7, 0, 3, 97887
2026/07/08 11:47:58.825, 0, 0, 3, 97887
2026/07/08 11:47:58.839, 1, 0, 3, 97887
2026/07/08 11:47:58.855, 2, 0, 3, 97887
2026/07/08 11:47:58.867, 3, 0, 3, 97887
2026/07/08 11:47:58.881, 4, 0, 3, 97887
2026/07/08 11:47:58.896, 5, 0, 3, 97887
2026/07/08 11:47:58.908, 6, 0, 3, 97887
2026/07/08 11:47:58.920, 7, 0, 3, 97887
2026/07/08 11:47:59.934, 0, 0, 3, 97887
2026/07/08 11:47:59.952, 1, 0, 3, 97887
2026/07/08 11:47:59.968, 2, 0, 3, 97887
2026/07/08 11:47:59.986, 3, 0, 3, 97887
2026/07/08 11:48:00.001, 4, 0, 3, 97887
2026/07/08 11:48:00.017, 5, 0, 3, 97887
2026/07/08 11:48:00.035, 6, 0, 3, 97887
2026/07/08 11:48:00.051, 7, 0, 3, 97887
2026/07/08 11:48:01.068, 0, 0, 3, 97887
2026/07/08 11:48:01.087, 1, 0, 3, 97887
2026/07/08 11:48:01.108, 2, 0, 3, 97887
2026/07/08 11:48:01.127, 3, 0, 3, 97887
2026/07/08 11:48:01.146, 4, 0, 3, 97887
2026/07/08 11:48:01.161, 5, 0, 3, 97887
2026/07/08 11:48:01.178, 6, 0, 3, 97887
2026/07/08 11:48:01.198, 7, 0, 3, 97887
2026/07/08 11:48:02.216, 0, 0, 3, 97887
2026/07/08 11:48:02.234, 1, 0, 3, 97887
2026/07/08 11:48:02.249, 2, 0, 3, 97887
2026/07/08 11:48:02.267, 3, 0, 3, 97887
2026/07/08 11:48:02.283, 4, 0, 3, 97887
2026/07/08 11:48:02.300, 5, 0, 3, 97887
2026/07/08 11:48:02.313, 6, 0, 3, 97887
2026/07/08 11:48:02.331, 7, 0, 3, 97887
2026/07/08 11:48:03.351, 0, 0, 3, 97887
2026/07/08 11:48:03.372, 1, 0, 3, 97887
2026/07/08 11:48:03.389, 2, 0, 3, 97887
2026/07/08 11:48:03.407, 3, 0, 3, 97887
2026/07/08 11:48:03.424, 4, 0, 3, 97887
2026/07/08 11:48:03.437, 5, 0, 3, 97887
2026/07/08 11:48:03.452, 6, 0, 3, 97887
2026/07/08 11:48:03.469, 7, 0, 3, 97887
2026/07/08 11:48:04.482, 0, 0, 3, 97887
2026/07/08 11:48:04.498, 1, 0, 3, 97887
2026/07/08 11:48:04.513, 2, 0, 3, 97887
2026/07/08 11:48:04.530, 3, 0, 3, 97887
2026/07/08 11:48:04.542, 4, 0, 3, 97887
2026/07/08 11:48:04.559, 5, 0, 3, 97887
2026/07/08 11:48:04.576, 6, 0, 3, 97887
2026/07/08 11:48:04.594, 7, 0, 3, 97887
2026/07/08 11:48:05.611, 0, 0, 3, 97887
2026/07/08 11:48:05.628, 1, 0, 3, 97887
2026/07/08 11:48:05.645, 2, 0, 3, 97887
2026/07/08 11:48:05.660, 3, 0, 3, 97887
2026/07/08 11:48:05.678, 4, 0, 3, 97887
2026/07/08 11:48:05.695, 5, 0, 3, 97887
2026/07/08 11:48:05.712, 6, 0, 3, 97887
2026/07/08 11:48:05.726, 7, 0, 3, 97887
2026/07/08 11:48:06.742, 0, 0, 3, 97887
2026/07/08 11:48:06.756, 1, 0, 3, 97887
2026/07/08 11:48:06.771, 2, 0, 3, 97887
2026/07/08 11:48:06.784, 3, 0, 3, 97887
2026/07/08 11:48:06.796, 4, 0, 3, 97887
2026/07/08 11:48:06.806, 5, 0, 3, 97887
2026/07/08 11:48:06.817, 6, 0, 3, 97887
2026/07/08 11:48:06.831, 7, 0, 3, 97887
2026/07/08 11:48:07.842, 0, 0, 3, 97887
2026/07/08 11:48:07.859, 1, 0, 3, 97887
2026/07/08 11:48:07.877, 2, 0, 3, 97887
2026/07/08 11:48:07.894, 3, 0, 3, 97887
2026/07/08 11:48:07.911, 4, 0, 3, 97887
2026/07/08 11:48:07.927, 5, 0, 3, 97887
2026/07/08 11:48:07.941, 6, 0, 3, 97887
2026/07/08 11:48:07.960, 7, 0, 3, 97887
2026/07/08 11:48:08.978, 0, 0, 3, 97887
2026/07/08 11:48:08.998, 1, 0, 3, 97887
2026/07/08 11:48:09.018, 2, 0, 3, 97887
2026/07/08 11:48:09.036, 3, 0, 3, 97887
2026/07/08 11:48:09.054, 4, 0, 3, 97887
2026/07/08 11:48:09.071, 5, 0, 3, 97887
2026/07/08 11:48:09.090, 6, 0, 3, 97887
2026/07/08 11:48:09.108, 7, 0, 3, 97887
2026/07/08 11:48:10.126, 0, 0, 3, 97887
2026/07/08 11:48:10.146, 1, 0, 3, 97887
2026/07/08 11:48:10.165, 2, 0, 3, 97887
2026/07/08 11:48:10.184, 3, 0, 3, 97887
2026/07/08 11:48:10.202, 4, 0, 3, 97887
2026/07/08 11:48:10.220, 5, 0, 3, 97887
2026/07/08 11:48:10.238, 6, 0, 3, 97887
2026/07/08 11:48:10.256, 7, 0, 3, 97887
2026/07/08 11:48:11.273, 0, 0, 3, 97887
2026/07/08 11:48:11.290, 1, 0, 3, 97887
2026/07/08 11:48:11.307, 2, 0, 3, 97887
2026/07/08 11:48:11.324, 3, 0, 3, 97887
2026/07/08 11:48:11.338, 4, 0, 3, 97887
2026/07/08 11:48:11.355, 5, 0, 3, 97887
2026/07/08 11:48:11.371, 6, 0, 3, 97887
2026/07/08 11:48:11.387, 7, 0, 3, 97887
2026/07/08 11:48:12.403, 0, 0, 3, 97887
2026/07/08 11:48:12.415, 1, 0, 3, 97887
2026/07/08 11:48:12.428, 2, 0, 3, 97887
2026/07/08 11:48:12.445, 3, 0, 3, 97887
2026/07/08 11:48:12.456, 4, 0, 3, 97887
2026/07/08 11:48:12.472, 5, 0, 3, 97887
2026/07/08 11:48:12.486, 6, 0, 3, 97887
2026/07/08 11:48:12.502, 7, 0, 3, 97887
2026/07/08 11:48:13.516, 0, 0, 3, 97887
2026/07/08 11:48:13.532, 1, 0, 3, 97887
2026/07/08 11:48:13.547, 2, 0, 3, 97887
2026/07/08 11:48:13.563, 3, 0, 3, 97887
2026/07/08 11:48:13.579, 4, 0, 3, 97887
2026/07/08 11:48:13.595, 5, 0, 3, 97887
2026/07/08 11:48:13.612, 6, 0, 3, 97887
2026/07/08 11:48:13.630, 7, 0, 3, 97887
2026/07/08 11:48:14.646, 0, 0, 3, 97887
2026/07/08 11:48:14.670, 1, 0, 3, 97887
2026/07/08 11:48:14.689, 2, 0, 3, 97887
2026/07/08 11:48:14.707, 3, 0, 3, 97887
2026/07/08 11:48:14.727, 4, 0, 3, 97887
2026/07/08 11:48:14.747, 5, 0, 3, 97887
2026/07/08 11:48:14.767, 6, 0, 3, 97887
2026/07/08 11:48:14.786, 7, 0, 3, 97887
2026/07/08 11:48:15.806, 0, 0, 3, 97887
2026/07/08 11:48:15.822, 1, 0, 3, 97887
2026/07/08 11:48:15.837, 2, 0, 3, 97887
2026/07/08 11:48:15.851, 3, 0, 3, 97887
2026/07/08 11:48:15.865, 4, 0, 3, 97887
2026/07/08 11:48:15.880, 5, 0, 3, 97887
2026/07/08 11:48:15.895, 6, 0, 3, 97887
2026/07/08 11:48:15.912, 7, 0, 3, 97887
2026/07/08 11:48:16.928, 0, 0, 3, 97887
2026/07/08 11:48:16.943, 1, 0, 3, 97887
2026/07/08 11:48:16.956, 2, 0, 3, 97887
2026/07/08 11:48:16.970, 3, 0, 3, 97887
2026/07/08 11:48:16.985, 4, 0, 3, 97887
2026/07/08 11:48:16.998, 5, 0, 3, 97887
2026/07/08 11:48:17.015, 6, 0, 3, 97887
2026/07/08 11:48:17.029, 7, 0, 3, 97887
2026/07/08 11:48:18.044, 0, 0, 3, 97887
2026/07/08 11:48:18.061, 1, 0, 3, 97887
2026/07/08 11:48:18.075, 2, 0, 3, 97887
2026/07/08 11:48:18.088, 3, 0, 3, 97887
2026/07/08 11:48:18.103, 4, 0, 3, 97887
2026/07/08 11:48:18.120, 5, 0, 3, 97887
2026/07/08 11:48:18.135, 6, 0, 3, 97887
2026/07/08 11:48:18.150, 7, 0, 3, 97887
2026/07/08 11:48:19.166, 0, 0, 3, 97887
2026/07/08 11:48:19.183, 1, 0, 3, 97887
2026/07/08 11:48:19.201, 2, 0, 3, 97887
2026/07/08 11:48:19.217, 3, 0, 3, 97887
2026/07/08 11:48:19.233, 4, 0, 3, 97887
2026/07/08 11:48:19.250, 5, 0, 3, 97887
2026/07/08 11:48:19.263, 6, 0, 3, 97887
2026/07/08 11:48:19.278, 7, 0, 3, 97887
2026/07/08 11:48:20.294, 0, 2, 562, 97887
2026/07/08 11:48:20.312, 1, 0, 3, 97887
2026/07/08 11:48:20.328, 2, 0, 3, 97887
2026/07/08 11:48:20.346, 3, 0, 3, 97887
2026/07/08 11:48:20.361, 4, 0, 3, 97887
2026/07/08 11:48:20.376, 5, 0, 3, 97887
2026/07/08 11:48:20.391, 6, 0, 3, 97887
2026/07/08 11:48:20.407, 7, 0, 3, 97887
2026/07/08 11:48:21.423, 0, 0, 562, 97887
2026/07/08 11:48:21.439, 1, 0, 3, 97887
2026/07/08 11:48:21.456, 2, 0, 3, 97887
2026/07/08 11:48:21.471, 3, 0, 3, 97887
2026/07/08 11:48:21.485, 4, 0, 3, 97887
2026/07/08 11:48:21.499, 5, 0, 3, 97887
2026/07/08 11:48:21.513, 6, 0, 3, 97887
2026/07/08 11:48:21.527, 7, 0, 3, 97887
2026/07/08 11:48:22.541, 0, 0, 562, 97887
2026/07/08 11:48:22.552, 1, 0, 3, 97887
2026/07/08 11:48:22.560, 2, 0, 3, 97887
2026/07/08 11:48:22.572, 3, 0, 3, 97887
2026/07/08 11:48:22.588, 4, 0, 3, 97887
2026/07/08 11:48:22.603, 5, 0, 3, 97887
2026/07/08 11:48:22.617, 6, 0, 3, 97887
2026/07/08 11:48:22.631, 7, 0, 3, 97887
2026/07/08 11:48:23.645, 0, 0, 562, 97887
2026/07/08 11:48:23.660, 1, 0, 3, 97887
2026/07/08 11:48:23.672, 2, 0, 3, 97887
2026/07/08 11:48:23.687, 3, 0, 3, 97887
2026/07/08 11:48:23.700, 4, 0, 3, 97887
2026/07/08 11:48:23.712, 5, 0, 3, 97887
2026/07/08 11:48:23.724, 6, 0, 3, 97887
2026/07/08 11:48:23.738, 7, 0, 3, 97887
2026/07/08 11:48:24.752, 0, 0, 562, 97887
2026/07/08 11:48:24.773, 1, 0, 3, 97887
2026/07/08 11:48:24.790, 2, 0, 4, 97887
2026/07/08 11:48:24.814, 3, 0, 4, 97887
2026/07/08 11:48:24.836, 4, 0, 4, 97887
2026/07/08 11:48:24.861, 5, 0, 4, 97887
2026/07/08 11:48:24.874, 6, 0, 4, 97887
2026/07/08 11:48:24.896, 7, 0, 4, 97887
2026/07/08 11:48:25.917, 0, 0, 562, 97887
2026/07/08 11:48:25.935, 1, 0, 4, 97887
2026/07/08 11:48:25.952, 2, 0, 4, 97887
2026/07/08 11:48:25.968, 3, 0, 4, 97887
2026/07/08 11:48:25.986, 4, 0, 4, 97887
2026/07/08 11:48:26.003, 5, 0, 4, 97887
2026/07/08 11:48:26.021, 6, 0, 4, 97887
2026/07/08 11:48:26.038, 7, 0, 4, 97887
2026/07/08 11:48:27.055, 0, 0, 562, 97887
2026/07/08 11:48:27.074, 1, 0, 4, 97887
2026/07/08 11:48:27.089, 2, 0, 4, 97887
2026/07/08 11:48:27.107, 3, 0, 4, 97887
2026/07/08 11:48:27.123, 4, 0, 4, 97887
2026/07/08 11:48:27.137, 5, 0, 4, 97887
2026/07/08 11:48:27.151, 6, 0, 4, 97887
2026/07/08 11:48:27.166, 7, 0, 4, 97887
2026/07/08 11:48:28.185, 0, 0, 562, 97887
2026/07/08 11:48:28.202, 1, 0, 4, 97887
2026/07/08 11:48:28.218, 2, 0, 4, 97887
2026/07/08 11:48:28.235, 3, 0, 4, 97887
2026/07/08 11:48:28.250, 4, 0, 4, 97887
2026/07/08 11:48:28.266, 5, 0, 4, 97887
2026/07/08 11:48:28.283, 6, 0, 4, 97887
2026/07/08 11:48:28.300, 7, 0, 4, 97887
2026/07/08 11:48:29.316, 0, 0, 562, 97887
2026/07/08 11:48:29.333, 1, 0, 4, 97887
2026/07/08 11:48:29.348, 2, 0, 4, 97887
2026/07/08 11:48:29.364, 3, 0, 4, 97887
2026/07/08 11:48:29.380, 4, 0, 4, 97887
2026/07/08 11:48:29.397, 5, 0, 4, 97887
2026/07/08 11:48:29.412, 6, 0, 4, 97887
2026/07/08 11:48:29.427, 7, 0, 4, 97887
2026/07/08 11:48:30.442, 0, 0, 562, 97887
2026/07/08 11:48:30.452, 1, 0, 4, 97887
2026/07/08 11:48:30.466, 2, 0, 4, 97887
2026/07/08 11:48:30.475, 3, 0, 4, 97887
2026/07/08 11:48:30.494, 4, 0, 4, 97887
2026/07/08 11:48:30.515, 5, 0, 4, 97887
2026/07/08 11:48:30.535, 6, 0, 4, 97887
2026/07/08 11:48:30.553, 7, 0, 4, 97887
2026/07/08 11:48:31.571, 0, 0, 562, 97887
2026/07/08 11:48:31.591, 1, 0, 4, 97887
2026/07/08 11:48:31.610, 2, 0, 4, 97887
2026/07/08 11:48:31.625, 3, 0, 4, 97887
2026/07/08 11:48:31.638, 4, 0, 4, 97887
2026/07/08 11:48:31.651, 5, 0, 4, 97887
2026/07/08 11:48:31.664, 6, 0, 4, 97887
2026/07/08 11:48:31.677, 7, 0, 4, 97887
2026/07/08 11:48:32.693, 0, 0, 562, 97887
2026/07/08 11:48:32.710, 1, 0, 4, 97887
2026/07/08 11:48:32.725, 2, 0, 4, 97887
2026/07/08 11:48:32.741, 3, 0, 4, 97887
2026/07/08 11:48:32.752, 4, 0, 4, 97887
2026/07/08 11:48:32.766, 5, 0, 4, 97887
2026/07/08 11:48:32.782, 6, 0, 4, 97887
2026/07/08 11:48:32.798, 7, 0, 4, 97887
2026/07/08 11:48:33.812, 0, 0, 562, 97887
2026/07/08 11:48:33.827, 1, 0, 4, 97887
2026/07/08 11:48:33.841, 2, 0, 4, 97887
2026/07/08 11:48:33.858, 3, 0, 4, 97887
2026/07/08 11:48:33.872, 4, 0, 4, 97887
2026/07/08 11:48:33.887, 5, 0, 4, 97887
2026/07/08 11:48:33.902, 6, 0, 4, 97887
2026/07/08 11:48:33.917, 7, 0, 4, 97887
2026/07/08 11:48:34.935, 0, 0, 562, 97887
2026/07/08 11:48:34.957, 1, 0, 4, 97887
2026/07/08 11:48:34.974, 2, 0, 4, 97887
2026/07/08 11:48:34.992, 3, 0, 4, 97887
2026/07/08 11:48:35.009, 4, 0, 4, 97887
2026/07/08 11:48:35.023, 5, 0, 4, 97887
2026/07/08 11:48:35.041, 6, 0, 4, 97887
2026/07/08 11:48:35.061, 7, 0, 4, 97887
2026/07/08 11:48:36.080, 0, 0, 562, 97887
2026/07/08 11:48:36.098, 1, 0, 4, 97887
2026/07/08 11:48:36.117, 2, 0, 4, 97887
2026/07/08 11:48:36.135, 3, 0, 4, 97887
2026/07/08 11:48:36.153, 4, 0, 4, 97887
2026/07/08 11:48:36.170, 5, 0, 4, 97887
2026/07/08 11:48:36.186, 6, 0, 4, 97887
2026/07/08 11:48:36.202, 7, 0, 4, 97887
2026/07/08 11:48:37.218, 0, 0, 562, 97887
2026/07/08 11:48:37.234, 1, 0, 4, 97887
2026/07/08 11:48:37.267, 2, 0, 22, 97887
2026/07/08 11:48:37.288, 3, 0, 36, 97887
2026/07/08 11:48:37.304, 4, 0, 562, 97887
2026/07/08 11:48:37.324, 5, 0, 4, 97887
2026/07/08 11:48:37.345, 6, 0, 4, 97887
2026/07/08 11:48:37.362, 7, 0, 562, 97887
2026/07/08 11:48:38.379, 0, 0, 562, 97887
2026/07/08 11:48:38.396, 1, 0, 562, 97887
2026/07/08 11:48:38.409, 2, 0, 562, 97887
2026/07/08 11:48:38.426, 3, 0, 562, 97887
2026/07/08 11:48:38.441, 4, 0, 562, 97887
2026/07/08 11:48:38.456, 5, 0, 562, 97887
2026/07/08 11:48:38.470, 6, 0, 4, 97887
2026/07/08 11:48:38.484, 7, 0, 562, 97887
2026/07/08 11:48:39.501, 0, 0, 562, 97887
2026/07/08 11:48:39.523, 1, 0, 562, 97887
2026/07/08 11:48:39.543, 2, 0, 562, 97887
2026/07/08 11:48:39.562, 3, 0, 562, 97887
2026/07/08 11:48:39.580, 4, 0, 562, 97887
2026/07/08 11:48:39.599, 5, 0, 562, 97887
2026/07/08 11:48:39.618, 6, 0, 562, 97887
2026/07/08 11:48:39.636, 7, 0, 562, 97887
2026/07/08 11:48:40.654, 0, 0, 562, 97887
2026/07/08 11:48:40.671, 1, 0, 562, 97887
2026/07/08 11:48:40.690, 2, 0, 562, 97887
2026/07/08 11:48:40.707, 3, 0, 562, 97887
2026/07/08 11:48:40.724, 4, 0, 562, 97887
2026/07/08 11:48:40.741, 5, 0, 562, 97887
2026/07/08 11:48:40.759, 6, 0, 562, 97887
2026/07/08 11:48:40.773, 7, 0, 562, 97887
2026/07/08 11:48:41.786, 0, 0, 562, 97887
2026/07/08 11:48:41.805, 1, 0, 562, 97887
2026/07/08 11:48:41.825, 2, 0, 562, 97887
2026/07/08 11:48:41.842, 3, 0, 562, 97887
2026/07/08 11:48:41.860, 4, 0, 562, 97887
2026/07/08 11:48:41.877, 5, 0, 562, 97887
2026/07/08 11:48:41.893, 6, 0, 562, 97887
2026/07/08 11:48:41.910, 7, 0, 562, 97887
2026/07/08 11:48:42.926, 0, 0, 562, 97887
2026/07/08 11:48:42.943, 1, 0, 562, 97887
2026/07/08 11:48:42.961, 2, 0, 562, 97887
2026/07/08 11:48:42.978, 3, 0, 562, 97887
2026/07/08 11:48:42.995, 4, 0, 562, 97887
2026/07/08 11:48:43.012, 5, 0, 562, 97887
2026/07/08 11:48:43.029, 6, 0, 562, 97887
2026/07/08 11:48:43.046, 7, 0, 562, 97887
2026/07/08 11:48:44.064, 0, 0, 562, 97887
2026/07/08 11:48:44.080, 1, 0, 562, 97887
2026/07/08 11:48:44.090, 2, 0, 562, 97887
2026/07/08 11:48:44.102, 3, 0, 562, 97887
2026/07/08 11:48:44.117, 4, 0, 562, 97887
2026/07/08 11:48:44.130, 5, 0, 562, 97887
2026/07/08 11:48:44.142, 6, 0, 562, 97887
2026/07/08 11:48:44.154, 7, 0, 562, 97887
2026/07/08 11:48:45.165, 0, 0, 562, 97887
2026/07/08 11:48:45.184, 1, 0, 562, 97887
2026/07/08 11:48:45.200, 2, 0, 562, 97887
2026/07/08 11:48:45.238, 3, 0, 562, 97887
2026/07/08 11:48:45.255, 4, 0, 562, 97887
2026/07/08 11:48:45.287, 5, 0, 562, 97887
2026/07/08 11:48:45.305, 6, 0, 562, 97887
2026/07/08 11:48:45.321, 7, 0, 562, 97887
2026/07/08 11:48:46.336, 0, 0, 562, 97887
2026/07/08 11:48:46.351, 1, 0, 562, 97887
2026/07/08 11:48:46.366, 2, 0, 562, 97887
2026/07/08 11:48:46.382, 3, 0, 562, 97887
2026/07/08 11:48:46.398, 4, 0, 562, 97887
2026/07/08 11:48:46.416, 5, 0, 562, 97887
2026/07/08 11:48:46.432, 6, 0, 562, 97887
2026/07/08 11:48:46.448, 7, 0, 562, 97887
2026/07/08 11:48:47.462, 0, 0, 562, 97887
2026/07/08 11:48:47.483, 1, 0, 562, 97887
2026/07/08 11:48:47.497, 2, 0, 562, 97887
2026/07/08 11:48:47.515, 3, 0, 562, 97887
2026/07/08 11:48:47.533, 4, 0, 562, 97887
2026/07/08 11:48:47.550, 5, 0, 562, 97887
2026/07/08 11:48:47.566, 6, 0, 562, 97887
2026/07/08 11:48:47.583, 7, 0, 562, 97887
2026/07/08 11:48:48.602, 0, 0, 562, 97887
2026/07/08 11:48:48.617, 1, 0, 562, 97887
2026/07/08 11:48:48.632, 2, 0, 562, 97887
2026/07/08 11:48:48.647, 3, 0, 562, 97887
2026/07/08 11:48:48.663, 4, 0, 562, 97887
2026/07/08 11:48:48.679, 5, 0, 562, 97887
2026/07/08 11:48:48.694, 6, 0, 562, 97887
2026/07/08 11:48:48.709, 7, 0, 562, 97887
2026/07/08 11:48:49.723, 0, 0, 1574, 97887
2026/07/08 11:48:49.746, 1, 0, 1494, 97887
2026/07/08 11:48:49.765, 2, 0, 1514, 97887
2026/07/08 11:48:49.783, 3, 2, 2054, 97887
2026/07/08 11:48:49.803, 4, 1, 2574, 97887
2026/07/08 11:48:49.824, 5, 1, 2914, 97887
2026/07/08 11:48:49.846, 6, 1, 2814, 97887
2026/07/08 11:48:49.865, 7, 1, 3274, 97887
2026/07/08 11:48:50.876, 0, 15, 32206, 97887
2026/07/08 11:48:50.892, 1, 2, 32206, 97887
2026/07/08 11:48:50.907, 2, 3, 32206, 97887
2026/07/08 11:48:50.921, 3, 31, 32206, 97887
2026/07/08 11:48:50.934, 4, 22, 32206, 97887
2026/07/08 11:48:50.948, 5, 0, 32206, 97887
2026/07/08 11:48:50.962, 6, 3, 32224, 97887
2026/07/08 11:48:50.977, 7, 0, 32234, 97887
2026/07/08 11:48:51.991, 0, 2, 32328, 97887
2026/07/08 11:48:52.004, 1, 2, 32328, 97887
2026/07/08 11:48:52.016, 2, 2, 32328, 97887
2026/07/08 11:48:52.026, 3, 0, 32328, 97887
2026/07/08 11:48:52.037, 4, 2, 32328, 97887
2026/07/08 11:48:52.049, 5, 2, 32328, 97887
2026/07/08 11:48:52.059, 6, 2, 32328, 97887
2026/07/08 11:48:52.070, 7, 2, 32328, 97887
2026/07/08 11:48:53.080, 0, 4, 32328, 97887
2026/07/08 11:48:53.096, 1, 6, 32328, 97887
2026/07/08 11:48:53.109, 2, 2, 32328, 97887
2026/07/08 11:48:53.123, 3, 4, 32328, 97887
2026/07/08 11:48:53.136, 4, 2, 32328, 97887
2026/07/08 11:48:53.149, 5, 2, 32328, 97887
2026/07/08 11:48:53.163, 6, 2, 32328, 97887
2026/07/08 11:48:53.177, 7, 2, 32328, 97887
2026/07/08 11:48:54.191, 0, 2, 32328, 97887
2026/07/08 11:48:54.205, 1, 2, 32328, 97887
2026/07/08 11:48:54.213, 2, 2, 32328, 97887
2026/07/08 11:48:54.226, 3, 2, 32328, 97887
2026/07/08 11:48:54.238, 4, 2, 32328, 97887
2026/07/08 11:48:54.251, 5, 2, 32328, 97887
2026/07/08 11:48:54.266, 6, 2, 32328, 97887
2026/07/08 11:48:54.279, 7, 2, 32328, 97887
2026/07/08 11:48:55.293, 0, 2, 32328, 97887
2026/07/08 11:48:55.307, 1, 2, 32328, 97887
2026/07/08 11:48:55.320, 2, 2, 32328, 97887
2026/07/08 11:48:55.333, 3, 2, 32328, 97887
2026/07/08 11:48:55.347, 4, 2, 32328, 97887
2026/07/08 11:48:55.360, 5, 2, 32328, 97887
2026/07/08 11:48:55.374, 6, 2, 32328, 97887
2026/07/08 11:48:55.387, 7, 2, 32328, 97887
2026/07/08 11:48:56.397, 0, 2, 32328, 97887
2026/07/08 11:48:56.410, 1, 2, 32328, 97887
2026/07/08 11:48:56.422, 2, 2, 32328, 97887
2026/07/08 11:48:56.434, 3, 2, 32328, 97887
2026/07/08 11:48:56.448, 4, 2, 32328, 97887
2026/07/08 11:48:56.461, 5, 2, 32328, 97887
2026/07/08 11:48:56.475, 6, 2, 32328, 97887
2026/07/08 11:48:56.488, 7, 2, 32328, 97887
2026/07/08 11:48:57.501, 0, 3, 32328, 97887
2026/07/08 11:48:57.515, 1, 3, 32328, 97887
2026/07/08 11:48:57.527, 2, 3, 32328, 97887
2026/07/08 11:48:57.540, 3, 3, 32328, 97887
2026/07/08 11:48:57.552, 4, 3, 32328, 97887
2026/07/08 11:48:57.567, 5, 3, 32328, 97887
2026/07/08 11:48:57.579, 6, 3, 32328, 97887
2026/07/08 11:48:57.591, 7, 3, 32328, 97887
2026/07/08 11:48:58.603, 0, 3, 32328, 97887
2026/07/08 11:48:58.617, 1, 3, 32328, 97887
2026/07/08 11:48:58.632, 2, 3, 32328, 97887
2026/07/08 11:48:58.645, 3, 3, 32328, 97887
2026/07/08 11:48:58.658, 4, 3, 32328, 97887
2026/07/08 11:48:58.671, 5, 3, 32328, 97887
2026/07/08 11:48:58.686, 6, 3, 32328, 97887
2026/07/08 11:48:58.700, 7, 3, 32328, 97887
2026/07/08 11:48:59.721, 0, 2, 32328, 97887
2026/07/08 11:48:59.734, 1, 3, 32328, 97887
2026/07/08 11:48:59.746, 2, 3, 32328, 97887
2026/07/08 11:48:59.757, 3, 3, 32328, 97887
2026/07/08 11:48:59.768, 4, 3, 32328, 97887
2026/07/08 11:48:59.780, 5, 3, 32328, 97887
2026/07/08 11:48:59.790, 6, 3, 32328, 97887
2026/07/08 11:48:59.802, 7, 3, 32328, 97887
2026/07/08 11:49:00.813, 0, 3, 32328, 97887
2026/07/08 11:49:00.828, 1, 3, 32328, 97887
2026/07/08 11:49:00.842, 2, 3, 32328, 97887
2026/07/08 11:49:00.856, 3, 3, 32328, 97887
2026/07/08 11:49:00.871, 4, 3, 32328, 97887
2026/07/08 11:49:00.882, 5, 3, 32328, 97887
2026/07/08 11:49:00.895, 6, 3, 32328, 97887
2026/07/08 11:49:00.907, 7, 3, 32328, 97887
2026/07/08 11:49:01.918, 0, 3, 32328, 97887
2026/07/08 11:49:01.932, 1, 3, 32328, 97887
2026/07/08 11:49:01.945, 2, 3, 32328, 97887
2026/07/08 11:49:01.958, 3, 3, 32328, 97887
2026/07/08 11:49:01.972, 4, 3, 32328, 97887
2026/07/08 11:49:01.987, 5, 3, 32328, 97887
2026/07/08 11:49:02.001, 6, 3, 32328, 97887
2026/07/08 11:49:02.016, 7, 3, 32328, 97887
2026/07/08 11:49:03.030, 0, 3, 32328, 97887
2026/07/08 11:49:03.044, 1, 3, 32328, 97887
2026/07/08 11:49:03.053, 2, 3, 32328, 97887
2026/07/08 11:49:03.065, 3, 2, 32328, 97887
2026/07/08 11:49:03.077, 4, 3, 32328, 97887
2026/07/08 11:49:03.088, 5, 3, 32328, 97887
2026/07/08 11:49:03.098, 6, 3, 32328, 97887
2026/07/08 11:49:03.109, 7, 3, 32328, 97887
2026/07/08 11:49:04.118, 0, 3, 32328, 97887
2026/07/08 11:49:04.133, 1, 3, 32328, 97887
2026/07/08 11:49:04.147, 2, 3, 32328, 97887
2026/07/08 11:49:04.159, 3, 3, 32328, 97887
2026/07/08 11:49:04.173, 4, 3, 32328, 97887
2026/07/08 11:49:04.188, 5, 3, 32328, 97887
2026/07/08 11:49:04.203, 6, 3, 32328, 97887
2026/07/08 11:49:04.217, 7, 3, 32328, 97887
2026/07/08 11:49:05.231, 0, 3, 32328, 97887
2026/07/08 11:49:05.248, 1, 3, 32328, 97887
2026/07/08 11:49:05.262, 2, 2, 32328, 97887
2026/07/08 11:49:05.275, 3, 3, 32328, 97887
2026/07/08 11:49:05.288, 4, 3, 32328, 97887
2026/07/08 11:49:05.300, 5, 3, 32328, 97887
2026/07/08 11:49:05.315, 6, 3, 32328, 97887
2026/07/08 11:49:05.328, 7, 3, 32328, 97887
2026/07/08 11:49:06.340, 0, 3, 32328, 97887
2026/07/08 11:49:06.352, 1, 3, 32328, 97887
2026/07/08 11:49:06.364, 2, 3, 32328, 97887
2026/07/08 11:49:06.377, 3, 3, 32328, 97887
2026/07/08 11:49:06.390, 4, 3, 32328, 97887
2026/07/08 11:49:06.402, 5, 3, 32328, 97887
2026/07/08 11:49:06.415, 6, 3, 32328, 97887
2026/07/08 11:49:06.427, 7, 3, 32328, 97887
2026/07/08 11:49:07.440, 0, 3, 32328, 97887
2026/07/08 11:49:07.455, 1, 3, 32328, 97887
2026/07/08 11:49:07.469, 2, 3, 32328, 97887
2026/07/08 11:49:07.485, 3, 3, 32328, 97887
2026/07/08 11:49:07.498, 4, 3, 32328, 97887
2026/07/08 11:49:07.511, 5, 3, 32328, 97887
2026/07/08 11:49:07.523, 6, 3, 32328, 97887
2026/07/08 11:49:07.537, 7, 3, 32328, 97887
2026/07/08 11:49:08.549, 0, 3, 32328, 97887
2026/07/08 11:49:08.562, 1, 3, 32328, 97887
2026/07/08 11:49:08.575, 2, 3, 32328, 97887
2026/07/08 11:49:08.589, 3, 3, 32328, 97887
2026/07/08 11:49:08.602, 4, 3, 32328, 97887
2026/07/08 11:49:08.616, 5, 3, 32328, 97887
2026/07/08 11:49:08.630, 6, 3, 32328, 97887
2026/07/08 11:49:08.642, 7, 3, 32328, 97887
2026/07/08 11:49:09.656, 0, 3, 32328, 97887
2026/07/08 11:49:09.672, 1, 3, 32328, 97887
2026/07/08 11:49:09.687, 2, 3, 32328, 97887
2026/07/08 11:49:09.702, 3, 3, 32328, 97887
2026/07/08 11:49:09.715, 4, 3, 32328, 97887
2026/07/08 11:49:09.729, 5, 3, 32328, 97887
2026/07/08 11:49:09.744, 6, 3, 32328, 97887
2026/07/08 11:49:09.758, 7, 3, 32328, 97887
2026/07/08 11:49:10.771, 0, 3, 32328, 97887
2026/07/08 11:49:10.786, 1, 3, 32328, 97887
2026/07/08 11:49:10.800, 2, 3, 32328, 97887
2026/07/08 11:49:10.812, 3, 3, 32328, 97887
2026/07/08 11:49:10.826, 4, 0, 32328, 97887
2026/07/08 11:49:10.839, 5, 3, 32328, 97887
2026/07/08 11:49:10.852, 6, 2, 32328, 97887
2026/07/08 11:49:10.866, 7, 0, 32328, 97887
2026/07/08 11:49:11.878, 0, 13, 23844, 97887
2026/07/08 11:49:11.897, 1, 100, 23844, 97887
2026/07/08 11:49:11.914, 2, 100, 23844, 97887
2026/07/08 11:49:11.935, 3, 0, 23844, 97887
2026/07/08 11:49:11.956, 4, 100, 23844, 97887
2026/07/08 11:49:11.976, 5, 0, 23850, 97887
2026/07/08 11:49:11.993, 6, 54, 23844, 97887
2026/07/08 11:49:12.010, 7, 100, 23844, 97887
2026/07/08 11:49:13.029, 0, 0, 23870, 97887
2026/07/08 11:49:13.043, 1, 0, 23870, 97887
2026/07/08 11:49:13.058, 2, 0, 23870, 97887
2026/07/08 11:49:13.073, 3, 0, 23870, 97887
2026/07/08 11:49:13.087, 4, 0, 23870, 97887
2026/07/08 11:49:13.101, 5, 0, 23870, 97887
2026/07/08 11:49:13.116, 6, 0, 23870, 97887
2026/07/08 11:49:13.131, 7, 0, 23870, 97887
2026/07/08 11:49:14.146, 0, 0, 23904, 97887
2026/07/08 11:49:14.166, 1, 24, 23904, 97887
2026/07/08 11:49:14.185, 2, 2, 23904, 97887
2026/07/08 11:49:14.205, 3, 0, 23904, 97887
2026/07/08 11:49:14.225, 4, 29, 23904, 97887
2026/07/08 11:49:14.245, 5, 31, 23904, 97887
2026/07/08 11:49:14.263, 6, 30, 23904, 97887
2026/07/08 11:49:14.281, 7, 30, 23904, 97887
2026/07/08 11:49:15.301, 0, 72, 23904, 97887
2026/07/08 11:49:15.322, 1, 100, 23904, 97887
2026/07/08 11:49:15.342, 2, 99, 23904, 97887
2026/07/08 11:49:15.362, 3, 1, 23904, 97887
2026/07/08 11:49:15.382, 4, 100, 23904, 97887
2026/07/08 11:49:15.403, 5, 100, 23904, 97887
2026/07/08 11:49:15.422, 6, 0, 23904, 97887
2026/07/08 11:49:15.448, 7, 99, 23904, 97887
2026/07/08 11:49:16.465, 0, 5, 23906, 97887
2026/07/08 11:49:16.480, 1, 4, 23904, 97887
2026/07/08 11:49:16.494, 2, 5, 23904, 97887
2026/07/08 11:49:16.509, 3, 4, 23904, 97887
2026/07/08 11:49:16.523, 4, 4, 23904, 97887
2026/07/08 11:49:16.536, 5, 4, 23904, 97887
2026/07/08 11:49:16.550, 6, 4, 23904, 97887
2026/07/08 11:49:16.564, 7, 4, 23904, 97887
2026/07/08 11:49:17.578, 0, 5, 23906, 97887
2026/07/08 11:49:17.593, 1, 5, 23904, 97887
2026/07/08 11:49:17.606, 2, 5, 23904, 97887
2026/07/08 11:49:17.618, 3, 5, 23904, 97887
2026/07/08 11:49:17.630, 4, 4, 23904, 97887
2026/07/08 11:49:17.643, 5, 4, 23904, 97887
2026/07/08 11:49:17.654, 6, 4, 23904, 97887
2026/07/08 11:49:17.664, 7, 4, 23904, 97887
2026/07/08 11:49:18.676, 0, 5, 23906, 97887
2026/07/08 11:49:18.689, 1, 5, 23904, 97887
2026/07/08 11:49:18.701, 2, 5, 23904, 97887
2026/07/08 11:49:18.713, 3, 5, 23904, 97887
2026/07/08 11:49:18.726, 4, 4, 23904, 97887
2026/07/08 11:49:18.739, 5, 4, 23904, 97887
2026/07/08 11:49:18.753, 6, 4, 23904, 97887
2026/07/08 11:49:18.766, 7, 4, 23904, 97887
2026/07/08 11:49:19.777, 0, 5, 23906, 97887
2026/07/08 11:49:19.795, 1, 44, 23904, 97887
2026/07/08 11:49:19.811, 2, 76, 23904, 97887
2026/07/08 11:49:19.829, 3, 94, 23904, 97887
2026/07/08 11:49:19.847, 4, 47, 23904, 97887
2026/07/08 11:49:19.865, 5, 96, 23904, 97887
2026/07/08 11:49:19.881, 6, 92, 23904, 97887
2026/07/08 11:49:19.897, 7, 86, 23904, 97887
2026/07/08 11:49:20.913, 0, 1, 28406, 97887
2026/07/08 11:49:20.932, 1, 2, 28384, 97887
2026/07/08 11:49:20.954, 2, 2, 28964, 97887
2026/07/08 11:49:20.975, 3, 1, 28504, 97887
2026/07/08 11:49:20.992, 4, 2, 29004, 97887
2026/07/08 11:49:21.005, 5, 2, 29004, 97887
2026/07/08 11:49:21.018, 6, 1, 29004, 97887
2026/07/08 11:49:21.031, 7, 7, 29004, 97887
2026/07/08 11:49:22.043, 0, 11, 29006, 97887
2026/07/08 11:49:22.059, 1, 10, 29004, 97887
2026/07/08 11:49:22.074, 2, 11, 29004, 97887
2026/07/08 11:49:22.087, 3, 10, 29004, 97887
2026/07/08 11:49:22.102, 4, 11, 29004, 97887
2026/07/08 11:49:22.117, 5, 11, 29004, 97887
2026/07/08 11:49:22.132, 6, 11, 29004, 97887
2026/07/08 11:49:22.147, 7, 11, 29004, 97887
2026/07/08 11:49:23.162, 0, 12, 29006, 97887
2026/07/08 11:49:23.179, 1, 11, 29004, 97887
2026/07/08 11:49:23.194, 2, 10, 29004, 97887
2026/07/08 11:49:23.208, 3, 11, 29004, 97887
2026/07/08 11:49:23.222, 4, 10, 29004, 97887
2026/07/08 11:49:23.238, 5, 11, 29004, 97887
2026/07/08 11:49:23.255, 6, 11, 29004, 97887
2026/07/08 11:49:23.270, 7, 11, 29004, 97887
2026/07/08 11:49:24.284, 0, 0, 29002, 97887
2026/07/08 11:49:24.301, 1, 0, 29002, 97887
2026/07/08 11:49:24.317, 2, 25, 29002, 97887
2026/07/08 11:49:24.332, 3, 0, 29002, 97887
2026/07/08 11:49:24.348, 4, 0, 29002, 97887
2026/07/08 11:49:24.362, 5, 0, 29002, 97887
2026/07/08 11:49:24.377, 6, 0, 29002, 97887
2026/07/08 11:49:24.392, 7, 0, 29002, 97887
2026/07/08 11:49:25.407, 0, 4, 23886, 97887
2026/07/08 11:49:25.423, 1, 4, 23886, 97887
2026/07/08 11:49:25.438, 2, 4, 23886, 97887
2026/07/08 11:49:25.453, 3, 4, 23886, 97887
2026/07/08 11:49:25.468, 4, 4, 23886, 97887
2026/07/08 11:49:25.481, 5, 4, 23886, 97887
2026/07/08 11:49:25.496, 6, 4, 23886, 97887
2026/07/08 11:49:25.511, 7, 4, 23888, 97887
2026/07/08 11:49:26.524, 0, 4, 23892, 97887
2026/07/08 11:49:26.540, 1, 4, 23892, 97887
2026/07/08 11:49:26.554, 2, 4, 23892, 97887
2026/07/08 11:49:26.571, 3, 4, 23892, 97887
2026/07/08 11:49:26.585, 4, 4, 23892, 97887
2026/07/08 11:49:26.600, 5, 4, 23892, 97887
2026/07/08 11:49:26.614, 6, 4, 23892, 97887
2026/07/08 11:49:26.626, 7, 4, 23894, 97887
2026/07/08 11:49:27.638, 0, 4, 23898, 97887
2026/07/08 11:49:27.656, 1, 4, 23898, 97887
2026/07/08 11:49:27.672, 2, 4, 23898, 97887
2026/07/08 11:49:27.688, 3, 4, 23896, 97887
2026/07/08 11:49:27.703, 4, 4, 23898, 97887
2026/07/08 11:49:27.716, 5, 4, 23898, 97887
2026/07/08 11:49:27.728, 6, 4, 23898, 97887
2026/07/08 11:49:27.741, 7, 4, 23898, 97887
2026/07/08 11:49:28.757, 0, 4, 23902, 97887
2026/07/08 11:49:28.774, 1, 100, 23902, 97887
2026/07/08 11:49:28.790, 2, 100, 23902, 97887
2026/07/08 11:49:28.807, 3, 4, 23902, 97887
2026/07/08 11:49:28.823, 4, 100, 23902, 97887
2026/07/08 11:49:28.837, 5, 98, 23902, 97887
2026/07/08 11:49:28.853, 6, 29, 23902, 97887
2026/07/08 11:49:28.868, 7, 100, 23902, 97887
2026/07/08 11:49:29.886, 0, 0, 23924, 97887
2026/07/08 11:49:29.903, 1, 0, 23924, 97887
2026/07/08 11:49:29.919, 2, 0, 23924, 97887
2026/07/08 11:49:29.936, 3, 0, 23924, 97887
2026/07/08 11:49:29.953, 4, 0, 23924, 97887
2026/07/08 11:49:29.973, 5, 1, 23924, 97887
2026/07/08 11:49:29.991, 6, 0, 23924, 97887
2026/07/08 11:49:30.011, 7, 54, 23924, 97887
2026/07/08 11:49:31.031, 0, 0, 23924, 97887
2026/07/08 11:49:31.045, 1, 0, 23924, 97887
2026/07/08 11:49:31.058, 2, 0, 23924, 97887
2026/07/08 11:49:31.071, 3, 0, 23924, 97887
2026/07/08 11:49:31.084, 4, 0, 23924, 97887
2026/07/08 11:49:31.090, 5, 0, 23924, 97887
2026/07/08 11:49:31.103, 6, 0, 23924, 97887
2026/07/08 11:49:31.121, 7, 0, 23924, 97887
2026/07/08 11:49:32.138, 0, 0, 23924, 97887
2026/07/08 11:49:32.160, 1, 100, 23924, 97887
2026/07/08 11:49:32.178, 2, 100, 23924, 97887
2026/07/08 11:49:32.195, 3, 100, 23924, 97887
2026/07/08 11:49:32.212, 4, 100, 23924, 97887
2026/07/08 11:49:32.225, 5, 82, 23924, 97887
2026/07/08 11:49:32.237, 6, 100, 23924, 97887
2026/07/08 11:49:32.249, 7, 93, 23924, 97887
2026/07/08 11:49:33.262, 0, 5, 23926, 97887
2026/07/08 11:49:33.277, 1, 5, 23924, 97887
2026/07/08 11:49:33.292, 2, 5, 23924, 97887
2026/07/08 11:49:33.306, 3, 5, 23924, 97887
2026/07/08 11:49:33.321, 4, 4, 23924, 97887
2026/07/08 11:49:33.336, 5, 4, 23924, 97887
2026/07/08 11:49:33.348, 6, 4, 23924, 97887
2026/07/08 11:49:33.363, 7, 4, 23924, 97887
2026/07/08 11:49:34.376, 0, 0, 23926, 97887
2026/07/08 11:49:34.394, 1, 5, 23924, 97887
2026/07/08 11:49:34.410, 2, 5, 23924, 97887
2026/07/08 11:49:34.421, 3, 5, 23924, 97887
2026/07/08 11:49:34.433, 4, 4, 23924, 97887
2026/07/08 11:49:34.449, 5, 4, 23924, 97887
2026/07/08 11:49:34.465, 6, 4, 23924, 97887
2026/07/08 11:49:34.476, 7, 5, 23924, 97887
2026/07/08 11:49:35.489, 0, 5, 23926, 97887
2026/07/08 11:49:35.506, 1, 5, 23924, 97887
2026/07/08 11:49:35.520, 2, 5, 23924, 97887
2026/07/08 11:49:35.534, 3, 5, 23924, 97887
2026/07/08 11:49:35.548, 4, 4, 23924, 97887
2026/07/08 11:49:35.562, 5, 4, 23924, 97887
2026/07/08 11:49:35.573, 6, 4, 23924, 97887
2026/07/08 11:49:35.587, 7, 4, 23924, 97887
2026/07/08 11:49:36.602, 0, 0, 23926, 97887
2026/07/08 11:49:36.624, 1, 0, 23924, 97887
2026/07/08 11:49:36.643, 2, 0, 23924, 97887
2026/07/08 11:49:36.660, 3, 0, 23924, 97887
2026/07/08 11:49:36.675, 4, 0, 23924, 97887
2026/07/08 11:49:36.691, 5, 0, 23924, 97887
2026/07/08 11:49:36.704, 6, 0, 23924, 97887
2026/07/08 11:49:36.716, 7, 0, 23924, 97887
2026/07/08 11:49:37.733, 0, 6, 29024, 97887
2026/07/08 11:49:37.748, 1, 4, 29024, 97887
2026/07/08 11:49:37.763, 2, 4, 29024, 97887
2026/07/08 11:49:37.777, 3, 4, 29024, 97887
2026/07/08 11:49:37.791, 4, 4, 29024, 97887
2026/07/08 11:49:37.806, 5, 6, 29024, 97887
2026/07/08 11:49:37.820, 6, 7, 29024, 97887
2026/07/08 11:49:37.835, 7, 4, 29024, 97887
2026/07/08 11:49:38.848, 0, 4, 29030, 97887
2026/07/08 11:49:38.865, 1, 4, 29028, 97887
2026/07/08 11:49:38.880, 2, 4, 29030, 97887
2026/07/08 11:49:38.895, 3, 4, 29030, 97887
2026/07/08 11:49:38.910, 4, 4, 29030, 97887
2026/07/08 11:49:38.925, 5, 4, 29030, 97887
2026/07/08 11:49:38.940, 6, 4, 29030, 97887
2026/07/08 11:49:38.955, 7, 4, 29030, 97887
2026/07/08 11:49:39.970, 0, 2, 29034, 97887
2026/07/08 11:49:39.986, 1, 4, 29034, 97887
2026/07/08 11:49:40.003, 2, 4, 29034, 97887
2026/07/08 11:49:40.019, 3, 3, 29034, 97887
2026/07/08 11:49:40.034, 4, 4, 29034, 97887
2026/07/08 11:49:40.049, 5, 4, 29034, 97887
2026/07/08 11:49:40.063, 6, 4, 29034, 97887
2026/07/08 11:49:40.074, 7, 4, 29034, 97887
2026/07/08 11:49:41.086, 0, 4, 29040, 97887
2026/07/08 11:49:41.100, 1, 4, 29040, 97887
2026/07/08 11:49:41.114, 2, 4, 29040, 97887
2026/07/08 11:49:41.130, 3, 4, 29038, 97887
2026/07/08 11:49:41.139, 4, 4, 29040, 97887
2026/07/08 11:49:41.150, 5, 4, 29040, 97887
2026/07/08 11:49:41.163, 6, 4, 29040, 97887
2026/07/08 11:49:41.177, 7, 4, 29040, 97887
2026/07/08 11:49:42.191, 0, 0, 23922, 97887
2026/07/08 11:49:42.208, 1, 0, 29042, 97887
2026/07/08 11:49:42.222, 2, 0, 29042, 97887
2026/07/08 11:49:42.235, 3, 0, 29042, 97887
2026/07/08 11:49:42.247, 4, 0, 29042, 97887
2026/07/08 11:49:42.262, 5, 0, 29042, 97887
2026/07/08 11:49:42.275, 6, 0, 29042, 97887
2026/07/08 11:49:42.289, 7, 0, 23922, 97887
2026/07/08 11:49:43.303, 0, 0, 23922, 97887
2026/07/08 11:49:43.321, 1, 0, 23922, 97887
2026/07/08 11:49:43.336, 2, 0, 23922, 97887
2026/07/08 11:49:43.354, 3, 0, 23922, 97887
2026/07/08 11:49:43.370, 4, 0, 23922, 97887
2026/07/08 11:49:43.387, 5, 0, 23922, 97887
2026/07/08 11:49:43.404, 6, 0, 23922, 97887
2026/07/08 11:49:43.416, 7, 0, 23922, 97887
2026/07/08 11:49:44.430, 0, 0, 23922, 97887
2026/07/08 11:49:44.449, 1, 0, 23922, 97887
2026/07/08 11:49:44.467, 2, 0, 23922, 97887
2026/07/08 11:49:44.487, 3, 0, 23922, 97887
2026/07/08 11:49:44.507, 4, 0, 23922, 97887
2026/07/08 11:49:44.525, 5, 0, 23922, 97887
2026/07/08 11:49:44.541, 6, 0, 23922, 97887
2026/07/08 11:49:44.554, 7, 0, 23922, 97887
2026/07/08 11:49:45.567, 0, 0, 23922, 97887
2026/07/08 11:49:45.583, 1, 0, 23922, 97887
2026/07/08 11:49:45.599, 2, 0, 23922, 97887
2026/07/08 11:49:45.615, 3, 0, 23922, 97887
2026/07/08 11:49:45.632, 4, 0, 23922, 97887
2026/07/08 11:49:45.648, 5, 0, 23922, 97887
2026/07/08 11:49:45.663, 6, 0, 23922, 97887
2026/07/08 11:49:45.680, 7, 0, 23922, 97887
2026/07/08 11:49:46.699, 0, 0, 23922, 97887
2026/07/08 11:49:46.720, 1, 0, 23922, 97887
2026/07/08 11:49:46.738, 2, 0, 23922, 97887
2026/07/08 11:49:46.757, 3, 0, 23922, 97887
2026/07/08 11:49:46.777, 4, 0, 23922, 97887
2026/07/08 11:49:46.795, 5, 0, 23922, 97887
2026/07/08 11:49:46.813, 6, 0, 23922, 97887
2026/07/08 11:49:46.834, 7, 0, 23922, 97887
2026/07/08 11:49:47.852, 0, 0, 23922, 97887
2026/07/08 11:49:47.871, 1, 0, 23922, 97887
2026/07/08 11:49:47.890, 2, 0, 23922, 97887
2026/07/08 11:49:47.910, 3, 0, 23922, 97887
2026/07/08 11:49:47.930, 4, 0, 23922, 97887
2026/07/08 11:49:47.947, 5, 0, 23922, 97887
2026/07/08 11:49:47.963, 6, 0, 23922, 97887
2026/07/08 11:49:47.980, 7, 0, 23922, 97887
2026/07/08 11:49:48.998, 0, 0, 23922, 97887
2026/07/08 11:49:49.017, 1, 0, 23922, 97887
2026/07/08 11:49:49.034, 2, 0, 23922, 97887
2026/07/08 11:49:49.044, 3, 0, 23922, 97887
2026/07/08 11:49:49.059, 4, 0, 23922, 97887
2026/07/08 11:49:49.073, 5, 0, 23922, 97887
2026/07/08 11:49:49.086, 6, 0, 23922, 97887
2026/07/08 11:49:49.098, 7, 0, 23922, 97887
2026/07/08 11:49:50.112, 0, 0, 23922, 97887
2026/07/08 11:49:50.129, 1, 0, 23922, 97887
2026/07/08 11:49:50.147, 2, 0, 23922, 97887
2026/07/08 11:49:50.163, 3, 0, 23922, 97887
2026/07/08 11:49:50.180, 4, 0, 23922, 97887
2026/07/08 11:49:50.197, 5, 0, 23922, 97887
2026/07/08 11:49:50.213, 6, 0, 23922, 97887
2026/07/08 11:49:50.229, 7, 0, 23922, 97887
2026/07/08 11:49:51.246, 0, 0, 23922, 97887
2026/07/08 11:49:51.262, 1, 0, 23922, 97887
2026/07/08 11:49:51.280, 2, 0, 23922, 97887
2026/07/08 11:49:51.297, 3, 0, 23922, 97887
2026/07/08 11:49:51.315, 4, 0, 23922, 97887
2026/07/08 11:49:51.334, 5, 0, 23922, 97887
2026/07/08 11:49:51.351, 6, 0, 23922, 97887
2026/07/08 11:49:51.369, 7, 0, 23922, 97887
2026/07/08 11:49:52.386, 0, 0, 23922, 97887
2026/07/08 11:49:52.408, 1, 0, 23922, 97887
2026/07/08 11:49:52.429, 2, 0, 23922, 97887
2026/07/08 11:49:52.445, 3, 0, 23922, 97887
2026/07/08 11:49:52.461, 4, 0, 23922, 97887
2026/07/08 11:49:52.478, 5, 0, 23922, 97887
2026/07/08 11:49:52.497, 6, 0, 23922, 97887
2026/07/08 11:49:52.513, 7, 0, 23922, 97887
2026/07/08 11:49:53.529, 0, 0, 23922, 97887
2026/07/08 11:49:53.547, 1, 0, 23922, 97887
2026/07/08 11:49:53.566, 2, 0, 23922, 97887
2026/07/08 11:49:53.583, 3, 0, 23922, 97887
2026/07/08 11:49:53.600, 4, 0, 23922, 97887
2026/07/08 11:49:53.619, 5, 0, 23922, 97887
2026/07/08 11:49:53.637, 6, 0, 23922, 97887
2026/07/08 11:49:53.655, 7, 0, 23922, 97887
2026/07/08 11:49:54.673, 0, 0, 23922, 97887
2026/07/08 11:49:54.691, 1, 0, 23922, 97887
2026/07/08 11:49:54.708, 2, 0, 23922, 97887
2026/07/08 11:49:54.725, 3, 0, 23922, 97887
2026/07/08 11:49:54.742, 4, 0, 23922, 97887
2026/07/08 11:49:54.762, 5, 0, 23922, 97887
2026/07/08 11:49:54.779, 6, 0, 23922, 97887
2026/07/08 11:49:54.797, 7, 0, 23922, 97887
2026/07/08 11:49:55.815, 0, 0, 23922, 97887
2026/07/08 11:49:55.834, 1, 0, 23922, 97887
2026/07/08 11:49:55.852, 2, 0, 23922, 97887
2026/07/08 11:49:55.869, 3, 0, 23922, 97887
2026/07/08 11:49:55.888, 4, 0, 23922, 97887
2026/07/08 11:49:55.905, 5, 0, 23922, 97887
2026/07/08 11:49:55.923, 6, 0, 23922, 97887
2026/07/08 11:49:55.943, 7, 0, 23922, 97887
2026/07/08 11:49:56.962, 0, 1, 23950, 97887
2026/07/08 11:49:56.979, 1, 0, 23950, 97887
2026/07/08 11:49:56.996, 2, 0, 23950, 97887
2026/07/08 11:49:57.009, 3, 0, 23950, 97887
2026/07/08 11:49:57.023, 4, 0, 23950, 97887
2026/07/08 11:49:57.038, 5, 0, 23950, 97887
2026/07/08 11:49:57.054, 6, 0, 23950, 97887
2026/07/08 11:49:57.068, 7, 0, 23950, 97887
2026/07/08 11:49:58.082, 0, 100, 23952, 97887
2026/07/08 11:49:58.099, 1, 34, 23952, 97887
2026/07/08 11:49:58.113, 2, 53, 23952, 97887
2026/07/08 11:49:58.128, 3, 100, 23952, 97887
2026/07/08 11:49:58.142, 4, 58, 24042, 97887
2026/07/08 11:49:58.156, 5, 0, 24180, 97887
2026/07/08 11:49:58.170, 6, 1, 24180, 97887
2026/07/08 11:49:58.181, 7, 1, 24180, 97887
2026/07/08 11:49:59.193, 0, 0, 24348, 97887
2026/07/08 11:49:59.212, 1, 0, 24348, 97887
2026/07/08 11:49:59.227, 2, 0, 24348, 97887
2026/07/08 11:49:59.246, 3, 0, 24348, 97887
2026/07/08 11:49:59.265, 4, 0, 24304, 97887
2026/07/08 11:49:59.285, 5, 0, 24304, 97887
2026/07/08 11:49:59.304, 6, 0, 24304, 97887
2026/07/08 11:49:59.321, 7, 0, 24304, 97887
2026/07/08 11:50:00.337, 0, 0, 24486, 97887
2026/07/08 11:50:00.361, 1, 1, 24486, 97887
2026/07/08 11:50:00.379, 2, 0, 24486, 97887
2026/07/08 11:50:00.394, 3, 0, 24486, 97887
2026/07/08 11:50:00.413, 4, 19, 24496, 97887
2026/07/08 11:50:00.438, 5, 65, 24496, 97887
2026/07/08 11:50:00.453, 6, 61, 24496, 97887
2026/07/08 11:50:00.468, 7, 72, 24496, 97887
2026/07/08 11:50:01.486, 0, 96, 24746, 97887
2026/07/08 11:50:01.514, 1, 96, 24746, 97887
2026/07/08 11:50:01.534, 2, 96, 24746, 97887
2026/07/08 11:50:01.561, 3, 96, 24746, 97887
2026/07/08 11:50:01.593, 4, 0, 24638, 97887
2026/07/08 11:50:01.622, 5, 0, 24638, 97887
2026/07/08 11:50:01.649, 6, 0, 24638, 97887
2026/07/08 11:50:01.699, 7, 0, 24638, 97887
2026/07/08 11:50:02.721, 0, 0, 24746, 97887
2026/07/08 11:50:02.742, 1, 0, 24746, 97887
2026/07/08 11:50:02.762, 2, 0, 24746, 97887
2026/07/08 11:50:02.785, 3, 0, 24746, 97887
2026/07/08 11:50:02.806, 4, 0, 24638, 97887
2026/07/08 11:50:02.831, 5, 0, 24638, 97887
2026/07/08 11:50:02.849, 6, 0, 24894, 97887
2026/07/08 11:50:02.867, 7, 0, 24894, 97887
2026/07/08 11:50:03.888, 0, 0, 24746, 97887
2026/07/08 11:50:03.909, 1, 0, 24746, 97887
2026/07/08 11:50:03.927, 2, 0, 24746, 97887
2026/07/08 11:50:03.945, 3, 0, 24746, 97887
2026/07/08 11:50:03.963, 4, 23, 24894, 97887
2026/07/08 11:50:03.978, 5, 42, 24894, 97887
2026/07/08 11:50:03.992, 6, 51, 24894, 97887
2026/07/08 11:50:04.006, 7, 27, 24894, 97887
2026/07/08 11:50:05.020, 0, 97, 25144, 97887
2026/07/08 11:50:05.040, 1, 96, 25006, 97887
2026/07/08 11:50:05.058, 2, 97, 25222, 97887
2026/07/08 11:50:05.077, 3, 99, 25006, 97887
2026/07/08 11:50:05.095, 4, 0, 25326, 97887
2026/07/08 11:50:05.113, 5, 0, 25374, 97887
2026/07/08 11:50:05.130, 6, 0, 24898, 97887
2026/07/08 11:50:05.147, 7, 0, 25154, 97887
2026/07/08 11:50:06.166, 0, 95, 25540, 97887
2026/07/08 11:50:06.187, 1, 97, 25264, 97887
2026/07/08 11:50:06.206, 2, 97, 25824, 97887
2026/07/08 11:50:06.225, 3, 97, 25264, 97887
2026/07/08 11:50:06.244, 4, 69, 25328, 97887
2026/07/08 11:50:06.261, 5, 46, 25376, 97887
2026/07/08 11:50:06.282, 6, 0, 24900, 97887
2026/07/08 11:50:06.302, 7, 18, 25156, 97887
2026/07/08 11:50:07.320, 0, 100, 25540, 97887
2026/07/08 11:50:07.335, 1, 100, 25264, 97887
2026/07/08 11:50:07.353, 2, 100, 25824, 97887
2026/07/08 11:50:07.368, 3, 100, 25264, 97887
2026/07/08 11:50:07.382, 4, 49, 25884, 97887
2026/07/08 11:50:07.399, 5, 69, 25978, 97887
2026/07/08 11:50:07.417, 6, 58, 25284, 97887
2026/07/08 11:50:07.435, 7, 69, 25412, 97887
2026/07/08 11:50:08.452, 0, 96, 25540, 97887
2026/07/08 11:50:08.473, 1, 95, 25264, 97887
2026/07/08 11:50:08.492, 2, 99, 25824, 97887
2026/07/08 11:50:08.511, 3, 99, 25264, 97887
2026/07/08 11:50:08.531, 4, 0, 25884, 97887
2026/07/08 11:50:08.549, 5, 0, 25978, 97887
2026/07/08 11:50:08.567, 6, 39, 25284, 97887
2026/07/08 11:50:08.585, 7, 42, 25412, 97887
2026/07/08 11:50:09.606, 0, 100, 25542, 97887
2026/07/08 11:50:09.623, 1, 100, 25266, 97887
2026/07/08 11:50:09.635, 2, 100, 25826, 97887
2026/07/08 11:50:09.647, 3, 100, 25266, 97887
2026/07/08 11:50:09.660, 4, 99, 25886, 97887
2026/07/08 11:50:09.672, 5, 82, 25978, 97887
2026/07/08 11:50:09.684, 6, 100, 25724, 97887
2026/07/08 11:50:09.697, 7, 97, 25414, 97887
2026/07/08 11:50:10.711, 0, 100, 26666, 97887
2026/07/08 11:50:10.727, 1, 100, 28894, 97887
2026/07/08 11:50:10.744, 2, 100, 26866, 97887
2026/07/08 11:50:10.760, 3, 99, 27210, 97887
2026/07/08 11:50:10.775, 4, 99, 27506, 97887
2026/07/08 11:50:10.789, 5, 99, 28190, 97887
2026/07/08 11:50:10.806, 6, 100, 26232, 97887
2026/07/08 11:50:10.823, 7, 100, 25884, 97887
2026/07/08 11:50:11.838, 0, 100, 27994, 97887
2026/07/08 11:50:11.853, 1, 100, 28910, 97887
2026/07/08 11:50:11.866, 2, 100, 26880, 97887
2026/07/08 11:50:11.881, 3, 100, 31054, 97887
2026/07/08 11:50:11.897, 4, 100, 30552, 97887
2026/07/08 11:50:11.912, 5, 100, 34104, 97887
2026/07/08 11:50:11.928, 6, 100, 30058, 97887
2026/07/08 11:50:11.944, 7, 99, 30974, 97887
2026/07/08 11:50:12.959, 0, 9, 31560, 97887
2026/07/08 11:50:12.977, 1, 9, 32476, 97887
2026/07/08 11:50:12.987, 2, 61, 30446, 97887
2026/07/08 11:50:13.001, 3, 36, 34620, 97887
2026/07/08 11:50:13.014, 4, 9, 34118, 97887
2026/07/08 11:50:13.026, 5, 9, 34106, 97887
2026/07/08 11:50:13.039, 6, 9, 30060, 97887
2026/07/08 11:50:13.054, 7, 96, 30976, 97887
2026/07/08 11:50:14.069, 0, 100, 31560, 97887
2026/07/08 11:50:14.085, 1, 100, 32476, 97887
2026/07/08 11:50:14.099, 2, 100, 30446, 97887
2026/07/08 11:50:14.114, 3, 100, 34620, 97887
2026/07/08 11:50:14.127, 4, 100, 34118, 97887
2026/07/08 11:50:14.140, 5, 100, 34106, 97887
2026/07/08 11:50:14.152, 6, 100, 30060, 97887
2026/07/08 11:50:14.166, 7, 100, 30976, 97887
2026/07/08 11:50:15.180, 0, 9, 31560, 97887
2026/07/08 11:50:15.199, 1, 9, 32476, 97887
2026/07/08 11:50:15.219, 2, 9, 30446, 97887
2026/07/08 11:50:15.241, 3, 9, 34620, 97887
2026/07/08 11:50:15.261, 4, 9, 34118, 97887
2026/07/08 11:50:15.295, 5, 9, 34106, 97887
2026/07/08 11:50:15.315, 6, 9, 30060, 97887
2026/07/08 11:50:15.334, 7, 11, 30976, 97887
2026/07/08 11:50:16.353, 0, 99, 31560, 97887
2026/07/08 11:50:16.372, 1, 100, 32476, 97887
2026/07/08 11:50:16.385, 2, 100, 30446, 97887
2026/07/08 11:50:16.399, 3, 100, 34620, 97887
2026/07/08 11:50:16.414, 4, 100, 34118, 97887
2026/07/08 11:50:16.429, 5, 100, 34106, 97887
2026/07/08 11:50:16.444, 6, 99, 30060, 97887
2026/07/08 11:50:16.458, 7, 100, 30976, 97887
2026/07/08 11:50:17.471, 0, 56, 31560, 97887
2026/07/08 11:50:17.490, 1, 88, 32476, 97887
2026/07/08 11:50:17.505, 2, 97, 30446, 97887
2026/07/08 11:50:17.525, 3, 9, 34620, 97887
2026/07/08 11:50:17.541, 4, 98, 34118, 97887
2026/07/08 11:50:17.556, 5, 60, 34106, 97887
2026/07/08 11:50:17.571, 6, 52, 30060, 97887
2026/07/08 11:50:17.586, 7, 71, 30976, 97887
2026/07/08 11:50:18.600, 0, 100, 31560, 97887
2026/07/08 11:50:18.616, 1, 100, 32476, 97887
2026/07/08 11:50:18.632, 2, 100, 30446, 97887
2026/07/08 11:50:18.648, 3, 98, 34620, 97887
2026/07/08 11:50:18.664, 4, 100, 34118, 97887
2026/07/08 11:50:18.679, 5, 100, 34106, 97887
2026/07/08 11:50:18.695, 6, 100, 30060, 97887
2026/07/08 11:50:18.709, 7, 100, 30976, 97887
2026/07/08 11:50:19.728, 0, 100, 31560, 97887
2026/07/08 11:50:19.743, 1, 100, 32476, 97887
2026/07/08 11:50:19.756, 2, 100, 30446, 97887
2026/07/08 11:50:19.770, 3, 100, 34620, 97887
2026/07/08 11:50:19.784, 4, 100, 34118, 97887
2026/07/08 11:50:19.798, 5, 98, 34106, 97887
2026/07/08 11:50:19.812, 6, 100, 30060, 97887
2026/07/08 11:50:19.826, 7, 100, 30976, 97887
2026/07/08 11:50:20.840, 0, 9, 31560, 97887
2026/07/08 11:50:20.861, 1, 9, 32476, 97887
2026/07/08 11:50:20.880, 2, 9, 30446, 97887
2026/07/08 11:50:20.899, 3, 9, 34620, 97887
2026/07/08 11:50:20.918, 4, 9, 34118, 97887
2026/07/08 11:50:20.935, 5, 9, 34106, 97887
2026/07/08 11:50:20.951, 6, 9, 30060, 97887
2026/07/08 11:50:20.966, 7, 25, 30976, 97887
2026/07/08 11:50:21.982, 0, 100, 31560, 97887
2026/07/08 11:50:21.997, 1, 100, 32476, 97887
2026/07/08 11:50:22.012, 2, 100, 30446, 97887
2026/07/08 11:50:22.026, 3, 100, 34620, 97887
2026/07/08 11:50:22.041, 4, 100, 34118, 97887
2026/07/08 11:50:22.056, 5, 100, 34106, 97887
2026/07/08 11:50:22.071, 6, 99, 30060, 97887
2026/07/08 11:50:22.084, 7, 100, 30976, 97887
2026/07/08 11:50:23.099, 0, 9, 31560, 97887
2026/07/08 11:50:23.119, 1, 9, 32476, 97887
2026/07/08 11:50:23.139, 2, 9, 30446, 97887
2026/07/08 11:50:23.161, 3, 9, 34620, 97887
2026/07/08 11:50:23.180, 4, 9, 34118, 97887
2026/07/08 11:50:23.198, 5, 9, 34106, 97887
2026/07/08 11:50:23.217, 6, 9, 30060, 97887
2026/07/08 11:50:23.234, 7, 12, 30976, 97887
2026/07/08 11:50:24.253, 0, 100, 31560, 97887
2026/07/08 11:50:24.269, 1, 100, 32476, 97887
2026/07/08 11:50:24.285, 2, 100, 30446, 97887
2026/07/08 11:50:24.305, 3, 100, 34620, 97887
2026/07/08 11:50:24.326, 4, 100, 34118, 97887
2026/07/08 11:50:24.341, 5, 100, 34106, 97887
2026/07/08 11:50:24.357, 6, 100, 30060, 97887
2026/07/08 11:50:24.372, 7, 100, 30976, 97887
2026/07/08 11:50:25.386, 0, 100, 31560, 97887
2026/07/08 11:50:25.403, 1, 100, 32476, 97887
2026/07/08 11:50:25.417, 2, 100, 30446, 97887
2026/07/08 11:50:25.433, 3, 100, 34620, 97887
2026/07/08 11:50:25.450, 4, 100, 34118, 97887
2026/07/08 11:50:25.467, 5, 100, 34106, 97887
2026/07/08 11:50:25.484, 6, 100, 30060, 97887
2026/07/08 11:50:25.502, 7, 100, 30976, 97887
2026/07/08 11:50:26.521, 0, 86, 31560, 97887
2026/07/08 11:50:26.535, 1, 55, 32476, 97887
2026/07/08 11:50:26.549, 2, 27, 30446, 97887
2026/07/08 11:50:26.563, 3, 100, 34620, 97887
2026/07/08 11:50:26.577, 4, 35, 34118, 97887
2026/07/08 11:50:26.588, 5, 64, 34106, 97887
2026/07/08 11:50:26.599, 6, 78, 30060, 97887
2026/07/08 11:50:26.611, 7, 97, 30976, 97887
2026/07/08 11:50:27.624, 0, 100, 31560, 97887
2026/07/08 11:50:27.639, 1, 100, 32476, 97887
2026/07/08 11:50:27.653, 2, 100, 30446, 97887
2026/07/08 11:50:27.665, 3, 100, 34620, 97887
2026/07/08 11:50:27.677, 4, 99, 34118, 97887
2026/07/08 11:50:27.690, 5, 100, 34106, 97887
2026/07/08 11:50:27.704, 6, 100, 30060, 97887
2026/07/08 11:50:27.717, 7, 100, 30976, 97887
2026/07/08 11:50:28.729, 0, 9, 31560, 97887
2026/07/08 11:50:28.750, 1, 9, 32476, 97887
2026/07/08 11:50:28.768, 2, 9, 30446, 97887
2026/07/08 11:50:28.785, 3, 9, 34620, 97887
2026/07/08 11:50:28.803, 4, 9, 34118, 97887
2026/07/08 11:50:28.822, 5, 9, 34106, 97887
2026/07/08 11:50:28.839, 6, 9, 30060, 97887
2026/07/08 11:50:28.858, 7, 12, 30976, 97887
2026/07/08 11:50:29.876, 0, 100, 31560, 97887
2026/07/08 11:50:29.893, 1, 100, 32476, 97887
2026/07/08 11:50:29.905, 2, 98, 30450, 97887
2026/07/08 11:50:29.920, 3, 100, 34620, 97887
2026/07/08 11:50:29.936, 4, 100, 34118, 97887
2026/07/08 11:50:29.950, 5, 100, 34106, 97887
2026/07/08 11:50:29.964, 6, 100, 30060, 97887
2026/07/08 11:50:29.979, 7, 100, 30976, 97887
2026/07/08 11:50:30.994, 0, 81, 31560, 97887
2026/07/08 11:50:31.015, 1, 9, 32476, 97887
2026/07/08 11:50:31.035, 2, 9, 30450, 97887
2026/07/08 11:50:31.054, 3, 10, 34620, 97887
2026/07/08 11:50:31.072, 4, 9, 34118, 97887
2026/07/08 11:50:31.091, 5, 9, 34106, 97887
2026/07/08 11:50:31.109, 6, 9, 30060, 97887
2026/07/08 11:50:31.127, 7, 11, 30976, 97887
2026/07/08 11:50:32.145, 0, 100, 31560, 97887
2026/07/08 11:50:32.164, 1, 100, 32476, 97887
2026/07/08 11:50:32.177, 2, 100, 30450, 97887
2026/07/08 11:50:32.191, 3, 100, 34620, 97887
2026/07/08 11:50:32.206, 4, 100, 34118, 97887
2026/07/08 11:50:32.219, 5, 100, 34106, 97887
2026/07/08 11:50:32.235, 6, 100, 30060, 97887
2026/07/08 11:50:32.251, 7, 100, 30976, 97887
2026/07/08 11:50:33.267, 0, 100, 31560, 97887
2026/07/08 11:50:33.281, 1, 100, 32476, 97887
2026/07/08 11:50:33.293, 2, 100, 30450, 97887
2026/07/08 11:50:33.305, 3, 100, 34620, 97887
2026/07/08 11:50:33.315, 4, 97, 34118, 97887
2026/07/08 11:50:33.326, 5, 100, 34106, 97887
2026/07/08 11:50:33.339, 6, 100, 30060, 97887
2026/07/08 11:50:33.352, 7, 100, 30976, 97887
2026/07/08 11:50:34.363, 0, 9, 31560, 97887
2026/07/08 11:50:34.381, 1, 9, 32476, 97887
2026/07/08 11:50:34.397, 2, 9, 30450, 97887
2026/07/08 11:50:34.412, 3, 9, 34620, 97887
2026/07/08 11:50:34.430, 4, 9, 34118, 97887
2026/07/08 11:50:34.446, 5, 9, 34106, 97887
2026/07/08 11:50:34.462, 6, 9, 30060, 97887
2026/07/08 11:50:34.478, 7, 98, 30976, 97887
2026/07/08 11:50:35.494, 0, 100, 31560, 97887
2026/07/08 11:50:35.511, 1, 100, 32476, 97887
2026/07/08 11:50:35.526, 2, 100, 30450, 97887
2026/07/08 11:50:35.543, 3, 100, 34620, 97887
2026/07/08 11:50:35.560, 4, 100, 34118, 97887
2026/07/08 11:50:35.576, 5, 100, 34106, 97887
2026/07/08 11:50:35.590, 6, 100, 30060, 97887
2026/07/08 11:50:35.603, 7, 100, 30976, 97887
2026/07/08 11:50:36.616, 0, 9, 31560, 97887
2026/07/08 11:50:36.636, 1, 9, 32476, 97887
2026/07/08 11:50:36.653, 2, 9, 30450, 97887
2026/07/08 11:50:36.667, 3, 9, 34620, 97887
2026/07/08 11:50:36.684, 4, 9, 34118, 97887
2026/07/08 11:50:36.704, 5, 9, 34106, 97887
2026/07/08 11:50:36.720, 6, 9, 30060, 97887
2026/07/08 11:50:36.738, 7, 11, 30976, 97887
2026/07/08 11:50:37.755, 0, 100, 31560, 97887
2026/07/08 11:50:37.771, 1, 100, 32476, 97887
2026/07/08 11:50:37.786, 2, 100, 30450, 97887
2026/07/08 11:50:37.800, 3, 100, 34620, 97887
2026/07/08 11:50:37.814, 4, 100, 34118, 97887
2026/07/08 11:50:37.828, 5, 100, 34106, 97887
2026/07/08 11:50:37.843, 6, 100, 30060, 97887
2026/07/08 11:50:37.856, 7, 100, 30976, 97887
2026/07/08 11:50:38.869, 0, 100, 31560, 97887
2026/07/08 11:50:38.888, 1, 100, 32476, 97887
2026/07/08 11:50:38.905, 2, 100, 30450, 97887
2026/07/08 11:50:38.922, 3, 100, 34620, 97887
2026/07/08 11:50:38.939, 4, 97, 34118, 97887
2026/07/08 11:50:38.957, 5, 100, 34106, 97887
2026/07/08 11:50:38.974, 6, 99, 30060, 97887
2026/07/08 11:50:38.993, 7, 100, 30976, 97887
2026/07/08 11:50:40.012, 0, 80, 31560, 97887
2026/07/08 11:50:40.028, 1, 100, 32476, 97887
2026/07/08 11:50:40.042, 2, 100, 30450, 97887
2026/07/08 11:50:40.057, 3, 100, 34620, 97887
2026/07/08 11:50:40.070, 4, 99, 34118, 97887
2026/07/08 11:50:40.083, 5, 100, 34106, 97887
2026/07/08 11:50:40.098, 6, 100, 30060, 97887
2026/07/08 11:50:40.113, 7, 100, 30976, 97887
2026/07/08 11:50:41.130, 0, 100, 31560, 97887
2026/07/08 11:50:41.145, 1, 100, 32476, 97887
2026/07/08 11:50:41.161, 2, 100, 30450, 97887
2026/07/08 11:50:41.176, 3, 100, 34620, 97887
2026/07/08 11:50:41.191, 4, 100, 34118, 97887
2026/07/08 11:50:41.201, 5, 100, 34106, 97887
2026/07/08 11:50:41.211, 6, 100, 30060, 97887
2026/07/08 11:50:41.224, 7, 100, 30976, 97887
2026/07/08 11:50:42.236, 0, 9, 31560, 97887
2026/07/08 11:50:42.253, 1, 9, 32476, 97887
2026/07/08 11:50:42.270, 2, 9, 30450, 97887
2026/07/08 11:50:42.290, 3, 9, 34620, 97887
2026/07/08 11:50:42.307, 4, 9, 34118, 97887
2026/07/08 11:50:42.325, 5, 9, 34106, 97887
2026/07/08 11:50:42.340, 6, 9, 30060, 97887
2026/07/08 11:50:42.355, 7, 12, 30976, 97887
2026/07/08 11:50:43.372, 0, 100, 31560, 97887
2026/07/08 11:50:43.389, 1, 100, 32476, 97887
2026/07/08 11:50:43.404, 2, 100, 30450, 97887
2026/07/08 11:50:43.419, 3, 100, 34620, 97887
2026/07/08 11:50:43.434, 4, 99, 34118, 97887
2026/07/08 11:50:43.449, 5, 100, 34106, 97887
2026/07/08 11:50:43.467, 6, 98, 30060, 97887
2026/07/08 11:50:43.483, 7, 100, 30976, 97887
2026/07/08 11:50:44.499, 0, 9, 31560, 97887
2026/07/08 11:50:44.520, 1, 9, 32476, 97887
2026/07/08 11:50:44.538, 2, 9, 30450, 97887
2026/07/08 11:50:44.555, 3, 9, 34620, 97887
2026/07/08 11:50:44.572, 4, 9, 34118, 97887
2026/07/08 11:50:44.592, 5, 9, 34106, 97887
2026/07/08 11:50:44.610, 6, 9, 30060, 97887
2026/07/08 11:50:44.628, 7, 11, 30976, 97887
2026/07/08 11:50:45.646, 0, 100, 31560, 97887
2026/07/08 11:50:45.662, 1, 100, 32476, 97887
2026/07/08 11:50:45.679, 2, 100, 30450, 97887
2026/07/08 11:50:45.692, 3, 100, 34620, 97887
2026/07/08 11:50:45.710, 4, 100, 34118, 97887
2026/07/08 11:50:45.728, 5, 100, 34106, 97887
2026/07/08 11:50:45.740, 6, 100, 30060, 97887
2026/07/08 11:50:45.754, 7, 100, 30976, 97887
2026/07/08 11:50:46.768, 0, 99, 31560, 97887
2026/07/08 11:50:46.785, 1, 100, 32476, 97887
2026/07/08 11:50:46.800, 2, 100, 30450, 97887
2026/07/08 11:50:46.816, 3, 100, 34620, 97887
2026/07/08 11:50:46.831, 4, 100, 34118, 97887
2026/07/08 11:50:46.846, 5, 100, 34106, 97887
2026/07/08 11:50:46.860, 6, 100, 30060, 97887
2026/07/08 11:50:46.876, 7, 100, 30976, 97887
2026/07/08 11:50:47.890, 0, 26, 31560, 97887
2026/07/08 11:50:47.905, 1, 16, 32476, 97887
2026/07/08 11:50:47.919, 2, 9, 30450, 97887
2026/07/08 11:50:47.933, 3, 9, 34620, 97887
2026/07/08 11:50:47.948, 4, 9, 34118, 97887
2026/07/08 11:50:47.962, 5, 18, 34106, 97887
2026/07/08 11:50:47.977, 6, 19, 30060, 97887
2026/07/08 11:50:47.991, 7, 100, 30976, 97887
2026/07/08 11:50:49.007, 0, 100, 31560, 97887
2026/07/08 11:50:49.023, 1, 100, 32476, 97887
2026/07/08 11:50:49.036, 2, 100, 30450, 97887
2026/07/08 11:50:49.045, 3, 100, 34620, 97887
2026/07/08 11:50:49.054, 4, 100, 34118, 97887
2026/07/08 11:50:49.063, 5, 100, 34106, 97887
2026/07/08 11:50:49.073, 6, 100, 30060, 97887
2026/07/08 11:50:49.078, 7, 100, 30976, 97887
2026/07/08 11:50:50.088, 0, 9, 31560, 97887
2026/07/08 11:50:50.109, 1, 9, 32476, 97887
2026/07/08 11:50:50.128, 2, 9, 30450, 97887
2026/07/08 11:50:50.150, 3, 9, 34620, 97887
2026/07/08 11:50:50.170, 4, 9, 34118, 97887
2026/07/08 11:50:50.193, 5, 9, 34106, 97887
2026/07/08 11:50:50.213, 6, 9, 30060, 97887
2026/07/08 11:50:50.234, 7, 12, 30976, 97887
2026/07/08 11:50:51.256, 0, 100, 31560, 97887
2026/07/08 11:50:51.270, 1, 100, 32476, 97887
2026/07/08 11:50:51.285, 2, 100, 30450, 97887
2026/07/08 11:50:51.298, 3, 100, 34620, 97887
2026/07/08 11:50:51.312, 4, 100, 34118, 97887
2026/07/08 11:50:51.325, 5, 100, 34106, 97887
2026/07/08 11:50:51.341, 6, 100, 30060, 97887
2026/07/08 11:50:51.356, 7, 100, 30976, 97887
2026/07/08 11:50:52.371, 0, 100, 31560, 97887
2026/07/08 11:50:52.391, 1, 100, 32476, 97887
2026/07/08 11:50:52.411, 2, 12, 30450, 97887
2026/07/08 11:50:52.431, 3, 52, 34620, 97887
2026/07/08 11:50:52.452, 4, 9, 34118, 97887
2026/07/08 11:50:52.470, 5, 9, 34106, 97887
2026/07/08 11:50:52.489, 6, 100, 30060, 97887
2026/07/08 11:50:52.507, 7, 12, 30976, 97887
2026/07/08 11:50:53.525, 0, 99, 31560, 97887
2026/07/08 11:50:53.540, 1, 100, 32476, 97887
2026/07/08 11:50:53.557, 2, 100, 30450, 97887
2026/07/08 11:50:53.573, 3, 100, 34620, 97887
2026/07/08 11:50:53.588, 4, 100, 34118, 97887
2026/07/08 11:50:53.604, 5, 100, 34106, 97887
2026/07/08 11:50:53.619, 6, 100, 30060, 97887
2026/07/08 11:50:53.634, 7, 100, 30976, 97887
2026/07/08 11:50:54.649, 0, 100, 31560, 97887
2026/07/08 11:50:54.666, 1, 100, 32476, 97887
2026/07/08 11:50:54.682, 2, 100, 30450, 97887
2026/07/08 11:50:54.695, 3, 100, 34620, 97887
2026/07/08 11:50:54.709, 4, 100, 34118, 97887
2026/07/08 11:50:54.723, 5, 100, 34106, 97887
2026/07/08 11:50:54.737, 6, 100, 30060, 97887
2026/07/08 11:50:54.752, 7, 100, 30976, 97887
2026/07/08 11:50:55.767, 0, 9, 31560, 97887
2026/07/08 11:50:55.783, 1, 9, 32476, 97887
2026/07/08 11:50:55.797, 2, 9, 30450, 97887
2026/07/08 11:50:55.811, 3, 9, 34620, 97887
2026/07/08 11:50:55.825, 4, 9, 34118, 97887
2026/07/08 11:50:55.840, 5, 9, 34106, 97887
2026/07/08 11:50:55.853, 6, 9, 30060, 97887
2026/07/08 11:50:55.870, 7, 100, 30976, 97887
2026/07/08 11:50:56.885, 0, 100, 31560, 97887
2026/07/08 11:50:56.898, 1, 100, 32476, 97887
2026/07/08 11:50:56.915, 2, 100, 30450, 97887
2026/07/08 11:50:56.927, 3, 100, 34620, 97887
2026/07/08 11:50:56.941, 4, 100, 34118, 97887
2026/07/08 11:50:56.955, 5, 100, 34106, 97887
2026/07/08 11:50:56.971, 6, 100, 30060, 97887
2026/07/08 11:50:56.986, 7, 100, 30976, 97887
2026/07/08 11:50:58.001, 0, 9, 31560, 97887
2026/07/08 11:50:58.023, 1, 9, 32476, 97887
2026/07/08 11:50:58.041, 2, 9, 30450, 97887
2026/07/08 11:50:58.059, 3, 9, 34620, 97887
2026/07/08 11:50:58.078, 4, 9, 34118, 97887
2026/07/08 11:50:58.096, 5, 9, 34106, 97887
2026/07/08 11:50:58.115, 6, 9, 30060, 97887
2026/07/08 11:50:58.134, 7, 12, 30976, 97887
2026/07/08 11:50:59.152, 0, 100, 31560, 97887
2026/07/08 11:50:59.168, 1, 100, 32476, 97887
2026/07/08 11:50:59.183, 2, 100, 30450, 97887
2026/07/08 11:50:59.198, 3, 100, 34620, 97887
2026/07/08 11:50:59.213, 4, 100, 34118, 97887
2026/07/08 11:50:59.229, 5, 100, 34106, 97887
2026/07/08 11:50:59.245, 6, 100, 30060, 97887
2026/07/08 11:50:59.261, 7, 100, 30976, 97887
2026/07/08 11:51:00.274, 0, 100, 31560, 97887
2026/07/08 11:51:00.293, 1, 100, 32476, 97887
2026/07/08 11:51:00.309, 2, 100, 30450, 97887
2026/07/08 11:51:00.327, 3, 100, 34620, 97887
2026/07/08 11:51:00.345, 4, 100, 34118, 97887
2026/07/08 11:51:00.362, 5, 100, 34106, 97887
2026/07/08 11:51:00.380, 6, 100, 30060, 97887
2026/07/08 11:51:00.397, 7, 100, 30976, 97887
2026/07/08 11:51:01.413, 0, 76, 31560, 97887
2026/07/08 11:51:01.430, 1, 100, 32476, 97887
2026/07/08 11:51:01.446, 2, 98, 30450, 97887
2026/07/08 11:51:01.460, 3, 99, 34620, 97887
2026/07/08 11:51:01.473, 4, 100, 34120, 97887
2026/07/08 11:51:01.488, 5, 100, 34108, 97887
2026/07/08 11:51:01.501, 6, 100, 30062, 97887
2026/07/08 11:51:01.515, 7, 100, 30978, 97887
2026/07/08 11:51:02.529, 0, 100, 31560, 97887
2026/07/08 11:51:02.543, 1, 100, 32476, 97887
2026/07/08 11:51:02.554, 2, 100, 30450, 97887
2026/07/08 11:51:02.564, 3, 100, 34620, 97887
2026/07/08 11:51:02.575, 4, 100, 34120, 97887
2026/07/08 11:51:02.586, 5, 100, 34108, 97887
2026/07/08 11:51:02.598, 6, 100, 30062, 97887
2026/07/08 11:51:02.609, 7, 100, 30978, 97887
2026/07/08 11:51:03.618, 0, 8, 31560, 97887
2026/07/08 11:51:03.640, 1, 9, 32476, 97887
2026/07/08 11:51:03.663, 2, 9, 30450, 97887
2026/07/08 11:51:03.684, 3, 9, 34620, 97887
2026/07/08 11:51:03.703, 4, 9, 34120, 97887
2026/07/08 11:51:03.722, 5, 9, 34108, 97887
2026/07/08 11:51:03.744, 6, 9, 30062, 97887
2026/07/08 11:51:03.763, 7, 12, 30978, 97887
2026/07/08 11:51:04.783, 0, 100, 31562, 97887
2026/07/08 11:51:04.799, 1, 100, 32478, 97887
2026/07/08 11:51:04.818, 2, 100, 30450, 97887
2026/07/08 11:51:04.833, 3, 100, 34622, 97887
2026/07/08 11:51:04.848, 4, 100, 34120, 97887
2026/07/08 11:51:04.863, 5, 100, 34108, 97887
2026/07/08 11:51:04.878, 6, 100, 30062, 97887
2026/07/08 11:51:04.894, 7, 100, 30978, 97887
2026/07/08 11:51:05.908, 0, 9, 31562, 97887
2026/07/08 11:51:05.924, 1, 9, 32478, 97887
2026/07/08 11:51:05.941, 2, 9, 30450, 97887
2026/07/08 11:51:05.958, 3, 9, 34622, 97887
2026/07/08 11:51:05.977, 4, 9, 34120, 97887
2026/07/08 11:51:05.995, 5, 9, 34108, 97887
2026/07/08 11:51:06.013, 6, 9, 30062, 97887
2026/07/08 11:51:06.030, 7, 12, 30978, 97887
2026/07/08 11:51:07.047, 0, 100, 31562, 97887
2026/07/08 11:51:07.064, 1, 100, 32478, 97887
2026/07/08 11:51:07.080, 2, 100, 30450, 97887
2026/07/08 11:51:07.092, 3, 100, 34622, 97887
2026/07/08 11:51:07.107, 4, 100, 34120, 97887
2026/07/08 11:51:07.122, 5, 100, 34108, 97887
2026/07/08 11:51:07.136, 6, 100, 30062, 97887
2026/07/08 11:51:07.157, 7, 100, 30978, 97887
2026/07/08 11:51:08.178, 0, 100, 31562, 97887
2026/07/08 11:51:08.189, 1, 100, 32478, 97887
2026/07/08 11:51:08.202, 2, 100, 30450, 97887
2026/07/08 11:51:08.216, 3, 100, 34622, 97887
2026/07/08 11:51:08.231, 4, 100, 34120, 97887
2026/07/08 11:51:08.245, 5, 100, 34108, 97887
2026/07/08 11:51:08.259, 6, 100, 30062, 97887
2026/07/08 11:51:08.274, 7, 100, 30978, 97887
2026/07/08 11:51:09.291, 0, 76, 31562, 97887
2026/07/08 11:51:09.305, 1, 52, 32478, 97887
2026/07/08 11:51:09.316, 2, 10, 30450, 97887
2026/07/08 11:51:09.330, 3, 9, 34622, 97887
2026/07/08 11:51:09.342, 4, 96, 34120, 97887
2026/07/08 11:51:09.354, 5, 47, 34108, 97887
2026/07/08 11:51:09.366, 6, 100, 30062, 97887
2026/07/08 11:51:09.379, 7, 96, 30978, 97887
2026/07/08 11:51:10.390, 0, 100, 31562, 97887
2026/07/08 11:51:10.404, 1, 100, 32478, 97887
2026/07/08 11:51:10.417, 2, 100, 30450, 97887
2026/07/08 11:51:10.430, 3, 100, 34622, 97887
2026/07/08 11:51:10.442, 4, 100, 34120, 97887
2026/07/08 11:51:10.455, 5, 100, 34108, 97887
2026/07/08 11:51:10.467, 6, 100, 30062, 97887
2026/07/08 11:51:10.480, 7, 100, 30978, 97887
2026/07/08 11:51:11.493, 0, 8, 31562, 97887
2026/07/08 11:51:11.514, 1, 9, 32478, 97887
2026/07/08 11:51:11.533, 2, 9, 30450, 97887
2026/07/08 11:51:11.553, 3, 9, 34622, 97887
2026/07/08 11:51:11.572, 4, 9, 34120, 97887
2026/07/08 11:51:11.590, 5, 9, 34108, 97887
2026/07/08 11:51:11.607, 6, 9, 30062, 97887
2026/07/08 11:51:11.624, 7, 12, 30978, 97887
2026/07/08 11:51:12.641, 0, 100, 31562, 97887
2026/07/08 11:51:12.656, 1, 100, 32478, 97887
2026/07/08 11:51:12.671, 2, 100, 30450, 97887
2026/07/08 11:51:12.688, 3, 100, 34622, 97887
2026/07/08 11:51:12.698, 4, 99, 34120, 97887
2026/07/08 11:51:12.712, 5, 100, 34108, 97887
2026/07/08 11:51:12.723, 6, 100, 30062, 97887
2026/07/08 11:51:12.741, 7, 100, 30978, 97887
2026/07/08 11:51:13.755, 0, 74, 31562, 97887
2026/07/08 11:51:13.774, 1, 100, 32478, 97887
2026/07/08 11:51:13.792, 2, 100, 30450, 97887
2026/07/08 11:51:13.807, 3, 10, 34622, 97887
2026/07/08 11:51:13.823, 4, 25, 34120, 97887
2026/07/08 11:51:13.840, 5, 78, 34108, 97887
2026/07/08 11:51:13.856, 6, 9, 30062, 97887
2026/07/08 11:51:13.873, 7, 87, 30978, 97887
2026/07/08 11:51:14.890, 0, 100, 31562, 97887
2026/07/08 11:51:14.906, 1, 100, 32478, 97887
2026/07/08 11:51:14.920, 2, 100, 30450, 97887
2026/07/08 11:51:14.933, 3, 99, 34622, 97887
2026/07/08 11:51:14.947, 4, 100, 34120, 97887
2026/07/08 11:51:14.963, 5, 100, 34108, 97887
2026/07/08 11:51:14.978, 6, 100, 30062, 97887
2026/07/08 11:51:14.993, 7, 100, 30978, 97887
2026/07/08 11:51:16.007, 0, 100, 31562, 97887
2026/07/08 11:51:16.023, 1, 100, 32478, 97887
2026/07/08 11:51:16.039, 2, 100, 30450, 97887
2026/07/08 11:51:16.055, 3, 100, 34622, 97887
2026/07/08 11:51:16.071, 4, 100, 34120, 97887
2026/07/08 11:51:16.088, 5, 100, 34108, 97887
2026/07/08 11:51:16.102, 6, 100, 30062, 97887
2026/07/08 11:51:16.117, 7, 100, 30978, 97887
2026/07/08 11:51:17.130, 0, 9, 31562, 97887
2026/07/08 11:51:17.143, 1, 9, 32478, 97887
2026/07/08 11:51:17.154, 2, 9, 30450, 97887
2026/07/08 11:51:17.164, 3, 9, 34622, 97887
2026/07/08 11:51:17.173, 4, 9, 34120, 97887
2026/07/08 11:51:17.184, 5, 9, 34108, 97887
2026/07/08 11:51:17.194, 6, 9, 30062, 97887
2026/07/08 11:51:17.205, 7, 100, 30978, 97887
2026/07/08 11:51:18.219, 0, 100, 31562, 97887
2026/07/08 11:51:18.233, 1, 100, 32478, 97887
2026/07/08 11:51:18.244, 2, 100, 30450, 97887
2026/07/08 11:51:18.256, 3, 100, 34622, 97887
2026/07/08 11:51:18.266, 4, 100, 34120, 97887
2026/07/08 11:51:18.282, 5, 100, 34108, 97887
2026/07/08 11:51:18.294, 6, 100, 30062, 97887
2026/07/08 11:51:18.305, 7, 100, 30978, 97887
2026/07/08 11:51:19.318, 0, 8, 31562, 97887
2026/07/08 11:51:19.338, 1, 9, 32478, 97887
2026/07/08 11:51:19.357, 2, 9, 30450, 97887
2026/07/08 11:51:19.377, 3, 9, 34622, 97887
2026/07/08 11:51:19.394, 4, 9, 34120, 97887
2026/07/08 11:51:19.412, 5, 9, 34108, 97887
2026/07/08 11:51:19.430, 6, 9, 30062, 97887
2026/07/08 11:51:19.449, 7, 12, 30978, 97887
2026/07/08 11:51:20.467, 0, 100, 31562, 97887
2026/07/08 11:51:20.481, 1, 100, 32478, 97887
2026/07/08 11:51:20.495, 2, 100, 30450, 97887
2026/07/08 11:51:20.509, 3, 100, 34622, 97887
2026/07/08 11:51:20.521, 4, 100, 34120, 97887
2026/07/08 11:51:20.535, 5, 100, 34108, 97887
2026/07/08 11:51:20.550, 6, 100, 30062, 97887
2026/07/08 11:51:20.565, 7, 100, 30978, 97887
2026/07/08 11:51:21.579, 0, 100, 31562, 97887
2026/07/08 11:51:21.597, 1, 100, 32478, 97887
2026/07/08 11:51:21.616, 2, 100, 30452, 97887
2026/07/08 11:51:21.636, 3, 100, 34622, 97887
2026/07/08 11:51:21.658, 4, 11, 34120, 97887
2026/07/08 11:51:21.678, 5, 100, 34108, 97887
2026/07/08 11:51:21.698, 6, 100, 30062, 97887
2026/07/08 11:51:21.716, 7, 12, 30978, 97887
2026/07/08 11:51:22.736, 0, 100, 31562, 97887
2026/07/08 11:51:22.748, 1, 98, 32478, 97887
2026/07/08 11:51:22.760, 2, 99, 30452, 97887
2026/07/08 11:51:22.774, 3, 100, 34622, 97887
2026/07/08 11:51:22.788, 4, 100, 34120, 97887
2026/07/08 11:51:22.801, 5, 100, 34108, 97887
2026/07/08 11:51:22.816, 6, 100, 30062, 97887
2026/07/08 11:51:22.830, 7, 100, 30978, 97887
2026/07/08 11:51:23.843, 0, 100, 31562, 97887
2026/07/08 11:51:23.856, 1, 100, 32478, 97887
2026/07/08 11:51:23.867, 2, 100, 30452, 97887
2026/07/08 11:51:23.881, 3, 100, 34622, 97887
2026/07/08 11:51:23.894, 4, 100, 34120, 97887
2026/07/08 11:51:23.909, 5, 100, 34108, 97887
2026/07/08 11:51:23.919, 6, 100, 30062, 97887
2026/07/08 11:51:23.933, 7, 100, 30978, 97887
2026/07/08 11:51:24.947, 0, 9, 31562, 97887
2026/07/08 11:51:24.968, 1, 9, 32478, 97887
2026/07/08 11:51:24.989, 2, 9, 30452, 97887
2026/07/08 11:51:25.009, 3, 9, 34622, 97887
2026/07/08 11:51:25.029, 4, 9, 34120, 97887
2026/07/08 11:51:25.050, 5, 9, 34108, 97887
2026/07/08 11:51:25.066, 6, 9, 30062, 97887
2026/07/08 11:51:25.080, 7, 12, 30978, 97887
2026/07/08 11:51:26.097, 0, 100, 31562, 97887
2026/07/08 11:51:26.111, 1, 100, 32478, 97887
2026/07/08 11:51:26.127, 2, 100, 30452, 97887
2026/07/08 11:51:26.141, 3, 100, 34622, 97887
2026/07/08 11:51:26.156, 4, 100, 34120, 97887
2026/07/08 11:51:26.171, 5, 100, 34108, 97887
2026/07/08 11:51:26.186, 6, 100, 30062, 97887
2026/07/08 11:51:26.202, 7, 100, 30978, 97887
2026/07/08 11:51:27.217, 0, 9, 31562, 97887
2026/07/08 11:51:27.237, 1, 24, 32478, 97887
2026/07/08 11:51:27.255, 2, 9, 30452, 97887
2026/07/08 11:51:27.273, 3, 9, 34622, 97887
2026/07/08 11:51:27.294, 4, 9, 34120, 97887
2026/07/08 11:51:27.313, 5, 9, 34108, 97887
2026/07/08 11:51:27.329, 6, 9, 30062, 97887
2026/07/08 11:51:27.346, 7, 12, 30978, 97887
2026/07/08 11:51:28.362, 0, 100, 31562, 97887
2026/07/08 11:51:28.378, 1, 100, 32478, 97887
2026/07/08 11:51:28.395, 2, 100, 30452, 97887
2026/07/08 11:51:28.411, 3, 100, 34622, 97887
2026/07/08 11:51:28.427, 4, 100, 34120, 97887
2026/07/08 11:51:28.443, 5, 100, 34108, 97887
2026/07/08 11:51:28.458, 6, 100, 30062, 97887
2026/07/08 11:51:28.474, 7, 100, 30978, 97887
2026/07/08 11:51:29.488, 0, 100, 31562, 97887
2026/07/08 11:51:29.503, 1, 100, 32478, 97887
2026/07/08 11:51:29.518, 2, 100, 30452, 97887
2026/07/08 11:51:29.533, 3, 100, 34622, 97887
2026/07/08 11:51:29.550, 4, 100, 34120, 97887
2026/07/08 11:51:29.566, 5, 100, 34108, 97887
2026/07/08 11:51:29.583, 6, 100, 30062, 97887
2026/07/08 11:51:29.600, 7, 100, 30978, 97887
2026/07/08 11:51:30.618, 0, 9, 31562, 97887
2026/07/08 11:51:30.636, 1, 9, 32478, 97887
2026/07/08 11:51:30.651, 2, 100, 30452, 97887
2026/07/08 11:51:30.666, 3, 63, 34622, 97887
2026/07/08 11:51:30.681, 4, 100, 34120, 97887
2026/07/08 11:51:30.697, 5, 34, 34108, 97887
2026/07/08 11:51:30.712, 6, 46, 30062, 97887
2026/07/08 11:51:30.727, 7, 100, 30978, 97887
2026/07/08 11:51:31.742, 0, 100, 31562, 97887
2026/07/08 11:51:31.758, 1, 100, 32478, 97887
2026/07/08 11:51:31.775, 2, 100, 30452, 97887
2026/07/08 11:51:31.791, 3, 100, 34622, 97887
2026/07/08 11:51:31.804, 4, 100, 34120, 97887
2026/07/08 11:51:31.817, 5, 100, 34108, 97887
2026/07/08 11:51:31.831, 6, 100, 30062, 97887
2026/07/08 11:51:31.847, 7, 100, 30978, 97887
2026/07/08 11:51:32.862, 0, 9, 31562, 97887
2026/07/08 11:51:32.882, 1, 9, 32478, 97887
2026/07/08 11:51:32.900, 2, 9, 30452, 97887
2026/07/08 11:51:32.917, 3, 9, 34622, 97887
2026/07/08 11:51:32.933, 4, 9, 34120, 97887
2026/07/08 11:51:32.953, 5, 9, 34108, 97887
2026/07/08 11:51:32.969, 6, 9, 30062, 97887
2026/07/08 11:51:32.986, 7, 12, 30978, 97887
2026/07/08 11:51:34.007, 0, 100, 31562, 97887
2026/07/08 11:51:34.027, 1, 100, 32478, 97887
2026/07/08 11:51:34.040, 2, 100, 30452, 97887
2026/07/08 11:51:34.053, 3, 100, 34622, 97887
2026/07/08 11:51:34.064, 4, 100, 34120, 97887
2026/07/08 11:51:34.072, 5, 100, 34108, 97887
2026/07/08 11:51:34.086, 6, 100, 30062, 97887
2026/07/08 11:51:34.100, 7, 100, 30978, 97887
2026/07/08 11:51:35.116, 0, 9, 31562, 97887
2026/07/08 11:51:35.139, 1, 9, 32478, 97887
2026/07/08 11:51:35.160, 2, 9, 30452, 97887
2026/07/08 11:51:35.181, 3, 9, 34622, 97887
2026/07/08 11:51:35.202, 4, 9, 34120, 97887
2026/07/08 11:51:35.223, 5, 9, 34108, 97887
2026/07/08 11:51:35.243, 6, 9, 30062, 97887
2026/07/08 11:51:35.264, 7, 12, 30978, 97887
2026/07/08 11:51:36.285, 0, 100, 31562, 97887
2026/07/08 11:51:36.302, 1, 100, 32478, 97887
2026/07/08 11:51:36.319, 2, 100, 30452, 97887
2026/07/08 11:51:36.335, 3, 100, 34622, 97887
2026/07/08 11:51:36.349, 4, 100, 34120, 97887
2026/07/08 11:51:36.363, 5, 100, 34108, 97887
2026/07/08 11:51:36.376, 6, 100, 30062, 97887
2026/07/08 11:51:36.390, 7, 100, 30978, 97887
2026/07/08 11:51:37.406, 0, 100, 31562, 97887
2026/07/08 11:51:37.422, 1, 100, 32478, 97887
2026/07/08 11:51:37.437, 2, 100, 30452, 97887
2026/07/08 11:51:37.450, 3, 100, 34622, 97887
2026/07/08 11:51:37.465, 4, 100, 34120, 97887
2026/07/08 11:51:37.479, 5, 100, 34108, 97887
2026/07/08 11:51:37.495, 6, 100, 30062, 97887
2026/07/08 11:51:37.510, 7, 100, 30978, 97887
2026/07/08 11:51:38.525, 0, 75, 31562, 97887
2026/07/08 11:51:38.541, 1, 62, 32478, 97887
2026/07/08 11:51:38.557, 2, 21, 30452, 97887
2026/07/08 11:51:38.571, 3, 84, 34622, 97887
2026/07/08 11:51:38.586, 4, 36, 34120, 97887
2026/07/08 11:51:38.601, 5, 72, 34108, 97887
2026/07/08 11:51:38.617, 6, 73, 30062, 97887
2026/07/08 11:51:38.631, 7, 97, 30978, 97887
2026/07/08 11:51:39.650, 0, 100, 31562, 97887
2026/07/08 11:51:39.666, 1, 100, 32478, 97887
2026/07/08 11:51:39.682, 2, 100, 30452, 97887
2026/07/08 11:51:39.698, 3, 100, 34622, 97887
2026/07/08 11:51:39.716, 4, 100, 34120, 97887
2026/07/08 11:51:39.732, 5, 100, 34108, 97887
2026/07/08 11:51:39.748, 6, 100, 30062, 97887
2026/07/08 11:51:39.763, 7, 100, 30978, 97887
2026/07/08 11:51:40.779, 0, 9, 31562, 97887
2026/07/08 11:51:40.799, 1, 9, 32478, 97887
2026/07/08 11:51:40.817, 2, 9, 30452, 97887
2026/07/08 11:51:40.835, 3, 9, 34622, 97887
2026/07/08 11:51:40.854, 4, 9, 34120, 97887
2026/07/08 11:51:40.873, 5, 9, 34108, 97887
2026/07/08 11:51:40.892, 6, 9, 30062, 97887
2026/07/08 11:51:40.912, 7, 12, 30978, 97887
2026/07/08 11:51:41.933, 0, 100, 31562, 97887
2026/07/08 11:51:41.947, 1, 100, 32478, 97887
2026/07/08 11:51:41.963, 2, 100, 30452, 97887
2026/07/08 11:51:41.979, 3, 100, 34622, 97887
2026/07/08 11:51:41.993, 4, 100, 34120, 97887
2026/07/08 11:51:42.008, 5, 100, 34108, 97887
2026/07/08 11:51:42.021, 6, 100, 30062, 97887
2026/07/08 11:51:42.034, 7, 100, 30978, 97887
2026/07/08 11:51:43.048, 0, 59, 31562, 97887
2026/07/08 11:51:43.068, 1, 9, 32478, 97887
2026/07/08 11:51:43.085, 2, 9, 30452, 97887
2026/07/08 11:51:43.103, 3, 76, 34622, 97887
2026/07/08 11:51:43.122, 4, 9, 34120, 97887
2026/07/08 11:51:43.141, 5, 9, 34108, 97887
2026/07/08 11:51:43.156, 6, 9, 30062, 97887
2026/07/08 11:51:43.171, 7, 11, 30978, 97887
2026/07/08 11:51:44.187, 0, 100, 31562, 97887
2026/07/08 11:51:44.202, 1, 100, 32478, 97887
2026/07/08 11:51:44.217, 2, 99, 30452, 97887
2026/07/08 11:51:44.234, 3, 99, 34622, 97887
2026/07/08 11:51:44.248, 4, 100, 34120, 97887
2026/07/08 11:51:44.261, 5, 100, 34108, 97887
2026/07/08 11:51:44.275, 6, 100, 30062, 97887
2026/07/08 11:51:44.288, 7, 100, 30978, 97887
2026/07/08 11:51:45.301, 0, 100, 31562, 97887
2026/07/08 11:51:45.316, 1, 100, 32478, 97887
2026/07/08 11:51:45.329, 2, 100, 30452, 97887
2026/07/08 11:51:45.344, 3, 100, 34622, 97887
2026/07/08 11:51:45.359, 4, 100, 34120, 97887
2026/07/08 11:51:45.373, 5, 100, 34108, 97887
2026/07/08 11:51:45.388, 6, 100, 30062, 97887
2026/07/08 11:51:45.404, 7, 100, 30978, 97887
2026/07/08 11:51:46.419, 0, 9, 31562, 97887
2026/07/08 11:51:46.436, 1, 9, 32478, 97887
2026/07/08 11:51:46.451, 2, 25, 30452, 97887
2026/07/08 11:51:46.466, 3, 9, 34622, 97887
2026/07/08 11:51:46.479, 4, 46, 34120, 97887
2026/07/08 11:51:46.494, 5, 9, 34108, 97887
2026/07/08 11:51:46.511, 6, 9, 30062, 97887
2026/07/08 11:51:46.527, 7, 96, 30978, 97887
2026/07/08 11:51:47.541, 0, 100, 31562, 97887
2026/07/08 11:51:47.557, 1, 100, 32478, 97887
2026/07/08 11:51:47.572, 2, 100, 30452, 97887
2026/07/08 11:51:47.586, 3, 100, 34622, 97887
2026/07/08 11:51:47.600, 4, 100, 34120, 97887
2026/07/08 11:51:47.614, 5, 100, 34108, 97887
2026/07/08 11:51:47.626, 6, 100, 30062, 97887
2026/07/08 11:51:47.637, 7, 100, 30978, 97887
2026/07/08 11:51:48.651, 0, 9, 31562, 97887
2026/07/08 11:51:48.669, 1, 9, 32478, 97887
2026/07/08 11:51:48.686, 2, 9, 30452, 97887
2026/07/08 11:51:48.704, 3, 9, 34622, 97887
2026/07/08 11:51:48.718, 4, 9, 34120, 97887
2026/07/08 11:51:48.734, 5, 9, 34108, 97887
2026/07/08 11:51:48.751, 6, 9, 30062, 97887
2026/07/08 11:51:48.768, 7, 12, 30978, 97887
2026/07/08 11:51:49.787, 0, 100, 31562, 97887
2026/07/08 11:51:49.803, 1, 100, 32478, 97887
2026/07/08 11:51:49.818, 2, 100, 30452, 97887
2026/07/08 11:51:49.833, 3, 100, 34622, 97887
2026/07/08 11:51:49.846, 4, 100, 34120, 97887
2026/07/08 11:51:49.859, 5, 100, 34108, 97887
2026/07/08 11:51:49.873, 6, 100, 30062, 97887
2026/07/08 11:51:49.887, 7, 100, 30978, 97887
2026/07/08 11:51:50.900, 0, 100, 31562, 97887
2026/07/08 11:51:50.920, 1, 78, 32478, 97887
2026/07/08 11:51:50.942, 2, 100, 30452, 97887
2026/07/08 11:51:50.961, 3, 100, 34622, 97887
2026/07/08 11:51:50.980, 4, 88, 34120, 97887
2026/07/08 11:51:50.999, 5, 51, 34108, 97887
2026/07/08 11:51:51.019, 6, 42, 30062, 97887
2026/07/08 11:51:51.038, 7, 60, 30978, 97887
2026/07/08 11:51:52.058, 0, 100, 31562, 97887
2026/07/08 11:51:52.074, 1, 100, 32478, 97887
2026/07/08 11:51:52.091, 2, 100, 30452, 97887
2026/07/08 11:51:52.106, 3, 100, 34622, 97887
2026/07/08 11:51:52.122, 4, 100, 34120, 97887
2026/07/08 11:51:52.136, 5, 100, 34108, 97887
2026/07/08 11:51:52.151, 6, 100, 30062, 97887
2026/07/08 11:51:52.167, 7, 100, 30978, 97887
2026/07/08 11:51:53.183, 0, 100, 31562, 97887
2026/07/08 11:51:53.197, 1, 100, 32478, 97887
2026/07/08 11:51:53.212, 2, 100, 30452, 97887
2026/07/08 11:51:53.231, 3, 100, 34622, 97887
2026/07/08 11:51:53.247, 4, 100, 34120, 97887
2026/07/08 11:51:53.260, 5, 100, 34108, 97887
2026/07/08 11:51:53.271, 6, 100, 30062, 97887
2026/07/08 11:51:53.282, 7, 100, 30978, 97887
2026/07/08 11:51:54.293, 0, 9, 31562, 97887
2026/07/08 11:51:54.314, 1, 9, 32478, 97887
2026/07/08 11:51:54.335, 2, 9, 30452, 97887
2026/07/08 11:51:54.353, 3, 9, 34622, 97887
2026/07/08 11:51:54.375, 4, 9, 34120, 97887
2026/07/08 11:51:54.394, 5, 9, 34108, 97887
2026/07/08 11:51:54.411, 6, 9, 30062, 97887
2026/07/08 11:51:54.427, 7, 60, 30978, 97887
2026/07/08 11:51:55.443, 0, 100, 31562, 97887
2026/07/08 11:51:55.460, 1, 100, 32478, 97887
2026/07/08 11:51:55.475, 2, 100, 30452, 97887
2026/07/08 11:51:55.501, 3, 100, 34622, 97887
2026/07/08 11:51:55.518, 4, 100, 34120, 97887
2026/07/08 11:51:55.534, 5, 100, 34108, 97887
2026/07/08 11:51:55.548, 6, 100, 30062, 97887
2026/07/08 11:51:55.564, 7, 100, 30978, 97887
2026/07/08 11:51:56.580, 0, 9, 31562, 97887
2026/07/08 11:51:56.598, 1, 9, 32478, 97887
2026/07/08 11:51:56.616, 2, 9, 30452, 97887
2026/07/08 11:51:56.635, 3, 9, 34622, 97887
2026/07/08 11:51:56.654, 4, 9, 34120, 97887
2026/07/08 11:51:56.672, 5, 9, 34108, 97887
2026/07/08 11:51:56.688, 6, 9, 30062, 97887
2026/07/08 11:51:56.704, 7, 12, 30978, 97887
2026/07/08 11:51:57.719, 0, 100, 31562, 97887
2026/07/08 11:51:57.731, 1, 100, 32478, 97887
2026/07/08 11:51:57.742, 2, 100, 30452, 97887
2026/07/08 11:51:57.754, 3, 100, 34622, 97887
2026/07/08 11:51:57.766, 4, 100, 34120, 97887
2026/07/08 11:51:57.777, 5, 100, 34108, 97887
2026/07/08 11:51:57.788, 6, 100, 30062, 97887
2026/07/08 11:51:57.799, 7, 100, 30978, 97887
2026/07/08 11:51:58.813, 0, 100, 31562, 97887
2026/07/08 11:51:58.826, 1, 100, 32478, 97887
2026/07/08 11:51:58.838, 2, 100, 30452, 97887
2026/07/08 11:51:58.849, 3, 100, 34622, 97887
2026/07/08 11:51:58.863, 4, 100, 34120, 97887
2026/07/08 11:51:58.877, 5, 100, 34108, 97887
2026/07/08 11:51:58.892, 6, 100, 30062, 97887
2026/07/08 11:51:58.907, 7, 100, 30978, 97887
2026/07/08 11:51:59.923, 0, 100, 31562, 97887
2026/07/08 11:51:59.937, 1, 100, 32478, 97887
2026/07/08 11:51:59.951, 2, 94, 30452, 97887
2026/07/08 11:51:59.965, 3, 61, 34622, 97887
2026/07/08 11:51:59.980, 4, 96, 34120, 97887
2026/07/08 11:51:59.993, 5, 100, 34108, 97887
2026/07/08 11:52:00.004, 6, 100, 30062, 97887
2026/07/08 11:52:00.016, 7, 100, 30978, 97887
2026/07/08 11:52:01.031, 0, 100, 31562, 97887
2026/07/08 11:52:01.053, 1, 100, 32478, 97887
2026/07/08 11:52:01.072, 2, 100, 30452, 97887
2026/07/08 11:52:01.093, 3, 100, 34622, 97887
2026/07/08 11:52:01.111, 4, 100, 34120, 97887
2026/07/08 11:52:01.127, 5, 100, 34108, 97887
2026/07/08 11:52:01.144, 6, 100, 30062, 97887
2026/07/08 11:52:01.160, 7, 100, 30978, 97887
2026/07/08 11:52:02.171, 0, 9, 31562, 97887
2026/07/08 11:52:02.193, 1, 9, 32478, 97887
2026/07/08 11:52:02.214, 2, 9, 30452, 97887
2026/07/08 11:52:02.235, 3, 9, 34622, 97887
2026/07/08 11:52:02.255, 4, 9, 34120, 97887
2026/07/08 11:52:02.275, 5, 9, 34108, 97887
2026/07/08 11:52:02.296, 6, 9, 30062, 97887
2026/07/08 11:52:02.316, 7, 12, 30978, 97887
2026/07/08 11:52:03.336, 0, 100, 31562, 97887
2026/07/08 11:52:03.353, 1, 100, 32478, 97887
2026/07/08 11:52:03.369, 2, 100, 30452, 97887
2026/07/08 11:52:03.384, 3, 100, 34622, 97887
2026/07/08 11:52:03.399, 4, 100, 34120, 97887
2026/07/08 11:52:03.415, 5, 100, 34108, 97887
2026/07/08 11:52:03.431, 6, 99, 30062, 97887
2026/07/08 11:52:03.447, 7, 100, 30978, 97887
2026/07/08 11:52:04.464, 0, 9, 31562, 97887
2026/07/08 11:52:04.484, 1, 9, 32478, 97887
2026/07/08 11:52:04.503, 2, 9, 30452, 97887
2026/07/08 11:52:04.521, 3, 9, 34622, 97887
2026/07/08 11:52:04.537, 4, 9, 34120, 97887
2026/07/08 11:52:04.557, 5, 9, 34108, 97887
2026/07/08 11:52:04.578, 6, 9, 30062, 97887
2026/07/08 11:52:04.597, 7, 11, 30978, 97887
2026/07/08 11:52:05.617, 0, 100, 31562, 97887
2026/07/08 11:52:05.633, 1, 100, 32478, 97887
2026/07/08 11:52:05.650, 2, 100, 30452, 97887
2026/07/08 11:52:05.665, 3, 100, 34622, 97887
2026/07/08 11:52:05.680, 4, 100, 34120, 97887
2026/07/08 11:52:05.694, 5, 100, 34108, 97887
2026/07/08 11:52:05.708, 6, 99, 30062, 97887
2026/07/08 11:52:05.723, 7, 100, 30978, 97887
2026/07/08 11:52:06.737, 0, 100, 31562, 97887
2026/07/08 11:52:06.754, 1, 100, 32478, 97887
2026/07/08 11:52:06.768, 2, 100, 30452, 97887
2026/07/08 11:52:06.783, 3, 100, 34622, 97887
2026/07/08 11:52:06.798, 4, 100, 34120, 97887
2026/07/08 11:52:06.814, 5, 100, 34108, 97887
2026/07/08 11:52:06.831, 6, 100, 30062, 97887
2026/07/08 11:52:06.845, 7, 100, 30978, 97887
2026/07/08 11:52:07.858, 0, 9, 31562, 97887
2026/07/08 11:52:07.875, 1, 9, 32478, 97887
2026/07/08 11:52:07.890, 2, 94, 30452, 97887
2026/07/08 11:52:07.902, 3, 87, 34622, 97887
2026/07/08 11:52:07.914, 4, 96, 34120, 97887
2026/07/08 11:52:07.928, 5, 9, 34108, 97887
2026/07/08 11:52:07.943, 6, 9, 30062, 97887
2026/07/08 11:52:07.958, 7, 100, 30978, 97887
2026/07/08 11:52:08.972, 0, 100, 31562, 97887
2026/07/08 11:52:08.988, 1, 100, 32478, 97887
2026/07/08 11:52:09.003, 2, 100, 30452, 97887
2026/07/08 11:52:09.018, 3, 100, 34622, 97887
2026/07/08 11:52:09.032, 4, 100, 34120, 97887
2026/07/08 11:52:09.047, 5, 100, 34108, 97887
2026/07/08 11:52:09.062, 6, 100, 30062, 97887
2026/07/08 11:52:09.075, 7, 100, 30978, 97887
2026/07/08 11:52:10.089, 0, 9, 31562, 97887
2026/07/08 11:52:10.105, 1, 9, 32478, 97887
2026/07/08 11:52:10.122, 2, 9, 30452, 97887
2026/07/08 11:52:10.140, 3, 9, 34622, 97887
2026/07/08 11:52:10.159, 4, 9, 34120, 97887
2026/07/08 11:52:10.179, 5, 9, 34108, 97887
2026/07/08 11:52:10.198, 6, 9, 30062, 97887
2026/07/08 11:52:10.217, 7, 12, 30978, 97887
2026/07/08 11:52:11.235, 0, 100, 31562, 97887
2026/07/08 11:52:11.251, 1, 100, 32478, 97887
2026/07/08 11:52:11.264, 2, 100, 30452, 97887
2026/07/08 11:52:11.277, 3, 100, 34622, 97887
2026/07/08 11:52:11.292, 4, 99, 34120, 97887
2026/07/08 11:52:11.305, 5, 100, 34108, 97887
2026/07/08 11:52:11.318, 6, 100, 30062, 97887
2026/07/08 11:52:11.330, 7, 100, 30978, 97887
2026/07/08 11:52:12.340, 0, 9, 31562, 97887
2026/07/08 11:52:12.357, 1, 11, 32478, 97887
2026/07/08 11:52:12.376, 2, 48, 30452, 97887
2026/07/08 11:52:12.394, 3, 9, 34622, 97887
2026/07/08 11:52:12.411, 4, 21, 34120, 97887
2026/07/08 11:52:12.430, 5, 9, 34108, 97887
2026/07/08 11:52:12.446, 6, 9, 30062, 97887
2026/07/08 11:52:12.463, 7, 11, 30978, 97887
2026/07/08 11:52:13.479, 0, 100, 31562, 97887
2026/07/08 11:52:13.493, 1, 100, 32478, 97887
2026/07/08 11:52:13.506, 2, 100, 30452, 97887
2026/07/08 11:52:13.521, 3, 100, 34622, 97887
2026/07/08 11:52:13.536, 4, 100, 34120, 97887
2026/07/08 11:52:13.551, 5, 100, 34108, 97887
2026/07/08 11:52:13.567, 6, 100, 30062, 97887
2026/07/08 11:52:13.585, 7, 100, 30978, 97887
2026/07/08 11:52:14.599, 0, 100, 31562, 97887
2026/07/08 11:52:14.612, 1, 100, 32478, 97887
2026/07/08 11:52:14.625, 2, 100, 30452, 97887
2026/07/08 11:52:14.637, 3, 100, 34622, 97887
2026/07/08 11:52:14.651, 4, 100, 34120, 97887
2026/07/08 11:52:14.666, 5, 100, 34108, 97887
2026/07/08 11:52:14.680, 6, 100, 30062, 97887
2026/07/08 11:52:14.693, 7, 100, 30978, 97887
2026/07/08 11:52:15.708, 0, 9, 31562, 97887
2026/07/08 11:52:15.725, 1, 9, 32478, 97887
2026/07/08 11:52:15.742, 2, 9, 30452, 97887
2026/07/08 11:52:15.757, 3, 9, 34622, 97887
2026/07/08 11:52:15.772, 4, 9, 34120, 97887
2026/07/08 11:52:15.787, 5, 9, 34108, 97887
2026/07/08 11:52:15.800, 6, 9, 30062, 97887
2026/07/08 11:52:15.814, 7, 100, 30978, 97887
2026/07/08 11:52:16.829, 0, 100, 31562, 97887
2026/07/08 11:52:16.844, 1, 100, 32478, 97887
2026/07/08 11:52:16.858, 2, 100, 30452, 97887
2026/07/08 11:52:16.875, 3, 100, 34622, 97887
2026/07/08 11:52:16.889, 4, 100, 34120, 97887
2026/07/08 11:52:16.904, 5, 100, 34108, 97887
2026/07/08 11:52:16.919, 6, 100, 30062, 97887
2026/07/08 11:52:16.935, 7, 100, 30978, 97887
2026/07/08 11:52:17.950, 0, 9, 31562, 97887
2026/07/08 11:52:17.972, 1, 9, 32478, 97887
2026/07/08 11:52:17.992, 2, 9, 30452, 97887
2026/07/08 11:52:18.009, 3, 9, 34622, 97887
2026/07/08 11:52:18.026, 4, 9, 34120, 97887
2026/07/08 11:52:18.046, 5, 9, 34108, 97887
2026/07/08 11:52:18.059, 6, 9, 30062, 97887
2026/07/08 11:52:18.069, 7, 11, 30978, 97887
2026/07/08 11:52:19.082, 0, 100, 31562, 97887
2026/07/08 11:52:19.095, 1, 100, 32478, 97887
2026/07/08 11:52:19.111, 2, 100, 30452, 97887
2026/07/08 11:52:19.126, 3, 100, 34622, 97887
2026/07/08 11:52:19.141, 4, 100, 34120, 97887
2026/07/08 11:52:19.156, 5, 100, 34108, 97887
2026/07/08 11:52:19.170, 6, 100, 30062, 97887
2026/07/08 11:52:19.178, 7, 100, 30978, 97887
2026/07/08 11:52:20.186, 0, 100, 31562, 97887
2026/07/08 11:52:20.207, 1, 100, 32478, 97887
2026/07/08 11:52:20.224, 2, 100, 30452, 97887
2026/07/08 11:52:20.244, 3, 87, 34622, 97887
2026/07/08 11:52:20.264, 4, 100, 34120, 97887
2026/07/08 11:52:20.284, 5, 100, 34108, 97887
2026/07/08 11:52:20.303, 6, 100, 30062, 97887
2026/07/08 11:52:20.322, 7, 100, 30978, 97887
2026/07/08 11:52:21.346, 0, 100, 31562, 97887
2026/07/08 11:52:21.363, 1, 100, 32478, 97887
2026/07/08 11:52:21.378, 2, 100, 30452, 97887
2026/07/08 11:52:21.393, 3, 100, 34622, 97887
2026/07/08 11:52:21.409, 4, 100, 34120, 97887
2026/07/08 11:52:21.424, 5, 100, 34108, 97887
2026/07/08 11:52:21.441, 6, 100, 30062, 97887
2026/07/08 11:52:21.457, 7, 100, 30978, 97887
2026/07/08 11:52:22.473, 0, 100, 31562, 97887
2026/07/08 11:52:22.489, 1, 100, 32478, 97887
2026/07/08 11:52:22.507, 2, 100, 30452, 97887
2026/07/08 11:52:22.518, 3, 100, 34622, 97887
2026/07/08 11:52:22.529, 4, 100, 34120, 97887
2026/07/08 11:52:22.537, 5, 100, 34108, 97887
2026/07/08 11:52:22.546, 6, 100, 30062, 97887
2026/07/08 11:52:22.558, 7, 100, 30978, 97887
2026/07/08 11:52:23.577, 0, 9, 31562, 97887
2026/07/08 11:52:23.598, 1, 9, 32478, 97887
2026/07/08 11:52:23.619, 2, 9, 30452, 97887
2026/07/08 11:52:23.639, 3, 9, 34622, 97887
2026/07/08 11:52:23.657, 4, 9, 34120, 97887
2026/07/08 11:52:23.676, 5, 9, 34108, 97887
2026/07/08 11:52:23.694, 6, 9, 30062, 97887
2026/07/08 11:52:23.711, 7, 12, 30978, 97887
2026/07/08 11:52:24.728, 0, 100, 31562, 97887
2026/07/08 11:52:24.743, 1, 100, 32478, 97887
2026/07/08 11:52:24.755, 2, 100, 30452, 97887
2026/07/08 11:52:24.768, 3, 100, 34622, 97887
2026/07/08 11:52:24.780, 4, 100, 34120, 97887
2026/07/08 11:52:24.792, 5, 100, 34110, 97887
2026/07/08 11:52:24.805, 6, 100, 30062, 97887
2026/07/08 11:52:24.818, 7, 100, 30980, 97887
2026/07/08 11:52:25.831, 0, 9, 31562, 97887
2026/07/08 11:52:25.850, 1, 9, 32478, 97887
2026/07/08 11:52:25.870, 2, 9, 30452, 97887
2026/07/08 11:52:25.889, 3, 9, 34622, 97887
2026/07/08 11:52:25.909, 4, 9, 34120, 97887
2026/07/08 11:52:25.925, 5, 9, 34110, 97887
2026/07/08 11:52:25.944, 6, 9, 30062, 97887
2026/07/08 11:52:25.964, 7, 12, 30980, 97887
2026/07/08 11:52:26.984, 0, 100, 31562, 97887
2026/07/08 11:52:26.999, 1, 100, 32478, 97887
2026/07/08 11:52:27.014, 2, 100, 30452, 97887
2026/07/08 11:52:27.030, 3, 100, 34622, 97887
2026/07/08 11:52:27.046, 4, 100, 34122, 97887
2026/07/08 11:52:27.060, 5, 100, 34110, 97887
2026/07/08 11:52:27.075, 6, 100, 30064, 97887
2026/07/08 11:52:27.089, 7, 100, 30980, 97887
2026/07/08 11:52:28.104, 0, 100, 31562, 97887
2026/07/08 11:52:28.123, 1, 100, 32478, 97887
2026/07/08 11:52:28.138, 2, 100, 30452, 97887
2026/07/08 11:52:28.153, 3, 100, 34622, 97887
2026/07/08 11:52:28.168, 4, 100, 34122, 97887
2026/07/08 11:52:28.183, 5, 100, 34110, 97887
2026/07/08 11:52:28.201, 6, 100, 30064, 97887
2026/07/08 11:52:28.219, 7, 100, 30980, 97887
2026/07/08 11:52:29.238, 0, 57, 31564, 97887
2026/07/08 11:52:29.255, 1, 33, 32480, 97887
2026/07/08 11:52:29.271, 2, 100, 30452, 97887
2026/07/08 11:52:29.286, 3, 98, 34624, 97887
2026/07/08 11:52:29.301, 4, 9, 34122, 97887
2026/07/08 11:52:29.315, 5, 30, 34110, 97887
2026/07/08 11:52:29.329, 6, 41, 30064, 97887
2026/07/08 11:52:29.343, 7, 100, 30980, 97887
2026/07/08 11:52:30.359, 0, 100, 31564, 97887
2026/07/08 11:52:30.374, 1, 100, 32480, 97887
2026/07/08 11:52:30.388, 2, 100, 30452, 97887
2026/07/08 11:52:30.403, 3, 100, 34624, 97887
2026/07/08 11:52:30.418, 4, 100, 34122, 97887
2026/07/08 11:52:30.433, 5, 100, 34110, 97887
2026/07/08 11:52:30.442, 6, 100, 30064, 97887
2026/07/08 11:52:30.455, 7, 100, 30980, 97887
2026/07/08 11:52:31.469, 0, 9, 31564, 97887
2026/07/08 11:52:31.490, 1, 9, 32480, 97887
2026/07/08 11:52:31.509, 2, 9, 30452, 97887
2026/07/08 11:52:31.527, 3, 9, 34624, 97887
2026/07/08 11:52:31.544, 4, 9, 34122, 97887
2026/07/08 11:52:31.564, 5, 9, 34110, 97887
2026/07/08 11:52:31.585, 6, 9, 30064, 97887
2026/07/08 11:52:31.606, 7, 12, 30980, 97887
2026/07/08 11:52:32.626, 0, 100, 31564, 97887
2026/07/08 11:52:32.641, 1, 100, 32480, 97887
2026/07/08 11:52:32.652, 2, 100, 30452, 97887
2026/07/08 11:52:32.671, 3, 100, 34624, 97887
2026/07/08 11:52:32.686, 4, 100, 34122, 97887
2026/07/08 11:52:32.701, 5, 100, 34110, 97887
2026/07/08 11:52:32.717, 6, 100, 30064, 97887
2026/07/08 11:52:32.733, 7, 100, 30980, 97887
2026/07/08 11:52:33.748, 0, 9, 31564, 97887
2026/07/08 11:52:33.767, 1, 9, 32480, 97887
2026/07/08 11:52:33.788, 2, 10, 30452, 97887
2026/07/08 11:52:33.808, 3, 23, 34624, 97887
2026/07/08 11:52:33.829, 4, 9, 34122, 97887
2026/07/08 11:52:33.848, 5, 9, 34110, 97887
2026/07/08 11:52:33.867, 6, 9, 30064, 97887
2026/07/08 11:52:33.886, 7, 12, 30980, 97887
2026/07/08 11:52:34.905, 0, 100, 31564, 97887
2026/07/08 11:52:34.921, 1, 100, 32480, 97887
2026/07/08 11:52:34.939, 2, 100, 30452, 97887
2026/07/08 11:52:34.955, 3, 100, 34624, 97887
2026/07/08 11:52:34.969, 4, 100, 34122, 97887
2026/07/08 11:52:34.983, 5, 100, 34110, 97887
2026/07/08 11:52:34.999, 6, 100, 30064, 97887
2026/07/08 11:52:35.014, 7, 100, 30980, 97887
2026/07/08 11:52:36.028, 0, 100, 31564, 97887
2026/07/08 11:52:36.043, 1, 100, 32480, 97887
2026/07/08 11:52:36.056, 2, 100, 30452, 97887
2026/07/08 11:52:36.071, 3, 100, 34624, 97887
2026/07/08 11:52:36.084, 4, 100, 34122, 97887
2026/07/08 11:52:36.095, 5, 100, 34110, 97887
2026/07/08 11:52:36.111, 6, 100, 30064, 97887
2026/07/08 11:52:36.126, 7, 100, 30980, 97887
2026/07/08 11:52:37.141, 0, 79, 31564, 97887
2026/07/08 11:52:37.156, 1, 51, 32480, 97887
2026/07/08 11:52:37.169, 2, 9, 30452, 97887
2026/07/08 11:52:37.182, 3, 9, 34624, 97887
2026/07/08 11:52:37.195, 4, 24, 34122, 97887
2026/07/08 11:52:37.207, 5, 54, 34110, 97887
2026/07/08 11:52:37.221, 6, 52, 30064, 97887
2026/07/08 11:52:37.234, 7, 97, 30980, 97887
2026/07/08 11:52:38.248, 0, 100, 31564, 97887
2026/07/08 11:52:38.262, 1, 100, 32480, 97887
2026/07/08 11:52:38.276, 2, 100, 30452, 97887
2026/07/08 11:52:38.290, 3, 100, 34624, 97887
2026/07/08 11:52:38.303, 4, 100, 34122, 97887
2026/07/08 11:52:38.317, 5, 100, 34110, 97887
2026/07/08 11:52:38.330, 6, 100, 30064, 97887
2026/07/08 11:52:38.344, 7, 100, 30980, 97887
2026/07/08 11:52:39.357, 0, 9, 31564, 97887
2026/07/08 11:52:39.374, 1, 9, 32480, 97887
2026/07/08 11:52:39.391, 2, 9, 30452, 97887
2026/07/08 11:52:39.407, 3, 9, 34624, 97887
2026/07/08 11:52:39.424, 4, 9, 34122, 97887
2026/07/08 11:52:39.441, 5, 9, 34110, 97887
2026/07/08 11:52:39.457, 6, 9, 30064, 97887
2026/07/08 11:52:39.474, 7, 12, 30980, 97887
2026/07/08 11:52:40.491, 0, 100, 31564, 97887
2026/07/08 11:52:40.501, 1, 100, 32480, 97887
2026/07/08 11:52:40.513, 2, 100, 30452, 97887
2026/07/08 11:52:40.525, 3, 100, 34624, 97887
2026/07/08 11:52:40.538, 4, 100, 34122, 97887
2026/07/08 11:52:40.550, 5, 100, 34110, 97887
2026/07/08 11:52:40.563, 6, 100, 30064, 97887
2026/07/08 11:52:40.577, 7, 100, 30980, 97887
2026/07/08 11:52:41.589, 0, 80, 31564, 97887
2026/07/08 11:52:41.610, 1, 100, 32480, 97887
2026/07/08 11:52:41.631, 2, 100, 30452, 97887
2026/07/08 11:52:41.650, 3, 10, 34624, 97887
2026/07/08 11:52:41.673, 4, 100, 34122, 97887
2026/07/08 11:52:41.695, 5, 84, 34110, 97887
2026/07/08 11:52:41.714, 6, 75, 30064, 97887
2026/07/08 11:52:41.734, 7, 92, 30980, 97887
2026/07/08 11:52:42.755, 0, 100, 31564, 97887
2026/07/08 11:52:42.771, 1, 100, 32480, 97887
2026/07/08 11:52:42.786, 2, 100, 30452, 97887
2026/07/08 11:52:42.802, 3, 100, 34624, 97887
2026/07/08 11:52:42.816, 4, 100, 34122, 97887
2026/07/08 11:52:42.831, 5, 100, 34110, 97887
2026/07/08 11:52:42.847, 6, 100, 30064, 97887
2026/07/08 11:52:42.860, 7, 100, 30980, 97887
2026/07/08 11:52:43.874, 0, 100, 31564, 97887
2026/07/08 11:52:43.892, 1, 100, 32480, 97887
2026/07/08 11:52:43.911, 2, 100, 30452, 97887
2026/07/08 11:52:43.934, 3, 100, 34624, 97887
2026/07/08 11:52:43.952, 4, 100, 34122, 97887
2026/07/08 11:52:43.968, 5, 100, 34110, 97887
2026/07/08 11:52:43.985, 6, 99, 30064, 97887
2026/07/08 11:52:44.001, 7, 100, 30980, 97887
2026/07/08 11:52:45.018, 0, 9, 31564, 97887
2026/07/08 11:52:45.036, 1, 9, 32480, 97887
2026/07/08 11:52:45.053, 2, 9, 30452, 97887
2026/07/08 11:52:45.067, 3, 9, 34624, 97887
2026/07/08 11:52:45.083, 4, 9, 34122, 97887
2026/07/08 11:52:45.101, 5, 9, 34110, 97887
2026/07/08 11:52:45.116, 6, 9, 30064, 97887
2026/07/08 11:52:45.137, 7, 29, 30980, 97887
2026/07/08 11:52:46.152, 0, 100, 31564, 97887
2026/07/08 11:52:46.167, 1, 100, 32480, 97887
2026/07/08 11:52:46.183, 2, 100, 30452, 97887
2026/07/08 11:52:46.198, 3, 100, 34624, 97887
2026/07/08 11:52:46.212, 4, 100, 34122, 97887
2026/07/08 11:52:46.227, 5, 100, 34110, 97887
2026/07/08 11:52:46.241, 6, 100, 30064, 97887
2026/07/08 11:52:46.255, 7, 100, 30980, 97887
2026/07/08 11:52:47.270, 0, 9, 31564, 97887
2026/07/08 11:52:47.290, 1, 9, 32480, 97887
2026/07/08 11:52:47.309, 2, 9, 30452, 97887
2026/07/08 11:52:47.329, 3, 9, 34624, 97887
2026/07/08 11:52:47.349, 4, 9, 34122, 97887
2026/07/08 11:52:47.368, 5, 9, 34110, 97887
2026/07/08 11:52:47.388, 6, 9, 30064, 97887
2026/07/08 11:52:47.408, 7, 12, 30980, 97887
2026/07/08 11:52:48.425, 0, 100, 31564, 97887
2026/07/08 11:52:48.440, 1, 100, 32480, 97887
2026/07/08 11:52:48.453, 2, 100, 30452, 97887
2026/07/08 11:52:48.465, 3, 100, 34624, 97887
2026/07/08 11:52:48.480, 4, 100, 34122, 97887
2026/07/08 11:52:48.497, 5, 100, 34110, 97887
2026/07/08 11:52:48.512, 6, 100, 30064, 97887
2026/07/08 11:52:48.526, 7, 100, 30980, 97887
2026/07/08 11:52:49.542, 0, 100, 31564, 97887
2026/07/08 11:52:49.560, 1, 100, 32480, 97887
2026/07/08 11:52:49.580, 2, 100, 30454, 97887
2026/07/08 11:52:49.597, 3, 100, 34624, 97887
2026/07/08 11:52:49.614, 4, 100, 34122, 97887
2026/07/08 11:52:49.631, 5, 100, 34110, 97887
2026/07/08 11:52:49.648, 6, 96, 30064, 97887
2026/07/08 11:52:49.666, 7, 100, 30980, 97887
2026/07/08 11:52:50.684, 0, 97, 31564, 97887
2026/07/08 11:52:50.702, 1, 83, 32480, 97887
2026/07/08 11:52:50.719, 2, 100, 30454, 97887
2026/07/08 11:52:50.735, 3, 99, 34624, 97887
2026/07/08 11:52:50.752, 4, 100, 34122, 97887
2026/07/08 11:52:50.766, 5, 100, 34110, 97887
2026/07/08 11:52:50.778, 6, 94, 30064, 97887
2026/07/08 11:52:50.789, 7, 100, 30980, 97887
2026/07/08 11:52:51.798, 0, 100, 31564, 97887
2026/07/08 11:52:51.814, 1, 100, 32480, 97887
2026/07/08 11:52:51.828, 2, 100, 30454, 97887
2026/07/08 11:52:51.841, 3, 100, 34624, 97887
2026/07/08 11:52:51.855, 4, 100, 34122, 97887
2026/07/08 11:52:51.873, 5, 100, 34110, 97887
2026/07/08 11:52:51.890, 6, 100, 30064, 97887
2026/07/08 11:52:51.906, 7, 100, 30980, 97887
2026/07/08 11:52:52.923, 0, 9, 31564, 97887
2026/07/08 11:52:52.942, 1, 9, 32480, 97887
2026/07/08 11:52:52.958, 2, 9, 30454, 97887
2026/07/08 11:52:52.975, 3, 9, 34624, 97887
2026/07/08 11:52:52.994, 4, 9, 34122, 97887
2026/07/08 11:52:53.011, 5, 9, 34110, 97887
2026/07/08 11:52:53.029, 6, 9, 30064, 97887
2026/07/08 11:52:53.047, 7, 22, 30980, 97887
2026/07/08 11:52:54.063, 0, 100, 31564, 97887
2026/07/08 11:52:54.075, 1, 100, 32480, 97887
2026/07/08 11:52:54.088, 2, 100, 30454, 97887
2026/07/08 11:52:54.107, 3, 100, 34624, 97887
2026/07/08 11:52:54.122, 4, 100, 34122, 97887
2026/07/08 11:52:54.139, 5, 100, 34110, 97887
2026/07/08 11:52:54.155, 6, 100, 30064, 97887
2026/07/08 11:52:54.171, 7, 100, 30980, 97887
2026/07/08 11:52:55.187, 0, 9, 31564, 97887
2026/07/08 11:52:55.206, 1, 9, 32480, 97887
2026/07/08 11:52:55.224, 2, 9, 30454, 97887
2026/07/08 11:52:55.242, 3, 9, 34624, 97887
2026/07/08 11:52:55.260, 4, 9, 34122, 97887
2026/07/08 11:52:55.278, 5, 9, 34110, 97887
2026/07/08 11:52:55.298, 6, 9, 30064, 97887
2026/07/08 11:52:55.316, 7, 11, 30980, 97887
2026/07/08 11:52:56.335, 0, 100, 31564, 97887
2026/07/08 11:52:56.349, 1, 100, 32480, 97887
2026/07/08 11:52:56.363, 2, 100, 30454, 97887
2026/07/08 11:52:56.376, 3, 100, 34624, 97887
2026/07/08 11:52:56.391, 4, 100, 34122, 97887
2026/07/08 11:52:56.406, 5, 100, 34110, 97887
2026/07/08 11:52:56.422, 6, 100, 30064, 97887
2026/07/08 11:52:56.436, 7, 100, 30980, 97887
2026/07/08 11:52:57.449, 0, 100, 31564, 97887
2026/07/08 11:52:57.466, 1, 100, 32480, 97887
2026/07/08 11:52:57.478, 2, 100, 30454, 97887
2026/07/08 11:52:57.489, 3, 100, 34624, 97887
2026/07/08 11:52:57.504, 4, 100, 34122, 97887
2026/07/08 11:52:57.520, 5, 100, 34110, 97887
2026/07/08 11:52:57.538, 6, 100, 30064, 97887
2026/07/08 11:52:57.554, 7, 98, 30980, 97887
2026/07/08 11:52:58.571, 0, 100, 31564, 97887
2026/07/08 11:52:58.587, 1, 91, 32480, 97887
2026/07/08 11:52:58.602, 2, 54, 30454, 97887
2026/07/08 11:52:58.618, 3, 33, 34624, 97887
2026/07/08 11:52:58.634, 4, 74, 34122, 97887
2026/07/08 11:52:58.650, 5, 97, 34110, 97887
2026/07/08 11:52:58.666, 6, 98, 30064, 97887
2026/07/08 11:52:58.680, 7, 97, 30980, 97887
2026/07/08 11:52:59.695, 0, 100, 31564, 97887
2026/07/08 11:52:59.712, 1, 100, 32480, 97887
2026/07/08 11:52:59.728, 2, 100, 30454, 97887
2026/07/08 11:52:59.744, 3, 100, 34624, 97887
2026/07/08 11:52:59.759, 4, 100, 34122, 97887
2026/07/08 11:52:59.775, 5, 100, 34110, 97887
2026/07/08 11:52:59.789, 6, 100, 30064, 97887
2026/07/08 11:52:59.805, 7, 100, 30980, 97887
2026/07/08 11:53:00.820, 0, 9, 31564, 97887
2026/07/08 11:53:00.844, 1, 9, 32480, 97887
2026/07/08 11:53:00.862, 2, 9, 30454, 97887
2026/07/08 11:53:00.880, 3, 9, 34624, 97887
2026/07/08 11:53:00.898, 4, 9, 34122, 97887
2026/07/08 11:53:00.918, 5, 9, 34110, 97887
2026/07/08 11:53:00.938, 6, 9, 30064, 97887
2026/07/08 11:53:00.958, 7, 37, 30980, 97887
2026/07/08 11:53:01.979, 0, 0, 31566, 97887
2026/07/08 11:53:02.004, 1, 0, 32482, 97887
2026/07/08 11:53:02.021, 2, 0, 30456, 97887
2026/07/08 11:53:02.038, 3, 0, 34626, 97887
2026/07/08 11:53:02.128, 4, 0, 34124, 97887
2026/07/08 11:53:02.269, 5, 0, 34112, 97887
2026/07/08 11:53:02.284, 6, 0, 30066, 97887
2026/07/08 11:53:02.299, 7, 0, 30982, 97887
2026/07/08 11:53:03.316, 0, 0, 31566, 97887
2026/07/08 11:53:03.334, 1, 0, 32482, 97887
2026/07/08 11:53:03.351, 2, 0, 30456, 97887
2026/07/08 11:53:03.369, 3, 0, 34626, 97887
2026/07/08 11:53:03.385, 4, 0, 34124, 97887
2026/07/08 11:53:03.401, 5, 0, 34112, 97887
2026/07/08 11:53:03.417, 6, 0, 30066, 97887
2026/07/08 11:53:03.434, 7, 0, 30982, 97887
2026/07/08 11:53:04.451, 0, 0, 31566, 97887
2026/07/08 11:53:04.468, 1, 0, 32482, 97887
2026/07/08 11:53:04.485, 2, 0, 30456, 97887
2026/07/08 11:53:04.501, 3, 0, 34626, 97887
2026/07/08 11:53:04.518, 4, 0, 34124, 97887
2026/07/08 11:53:04.534, 5, 0, 34112, 97887
2026/07/08 11:53:04.551, 6, 0, 30066, 97887
2026/07/08 11:53:04.567, 7, 0, 30982, 97887
2026/07/08 11:53:05.584, 0, 0, 31566, 97887
2026/07/08 11:53:05.604, 1, 0, 32482, 97887
2026/07/08 11:53:05.632, 2, 0, 30456, 97887
2026/07/08 11:53:05.665, 3, 0, 34626, 97887
2026/07/08 11:53:05.684, 4, 20, 34082, 97887
2026/07/08 11:53:05.700, 5, 19, 34070, 97887
2026/07/08 11:53:05.726, 6, 20, 30024, 97887
2026/07/08 11:53:05.738, 7, 0, 30940, 97887
2026/07/08 11:53:06.753, 0, 0, 31524, 97887
2026/07/08 11:53:08.649, 1, 0, 3, 97887
2026/07/08 11:53:14.596, 2, 0, 3, 97887
2026/07/08 11:53:14.612, 3, 0, 3, 97887
2026/07/08 11:53:14.629, 4, 0, 3, 97887
2026/07/08 11:53:14.644, 5, 0, 3, 97887
2026/07/08 11:53:14.660, 6, 0, 3, 97887
2026/07/08 11:53:14.677, 7, 0, 3, 97887
