
================================================================
== J4c fully_async smoke: Qwen/Qwen3-0.6B, 1+3, 强制 abort
================================================================
wrote 8 rows -> /root/bringup/preflight_j4c/swe_bringup_8.jsonl
+ mkdir -p /root/bringup/ray_tmp
+ ray stop --force || true
2026-07-08 18:01:48,386	INFO scripts.py:1480 -- Did not find any active Ray processes.
+ pkill -9 sglang || true
+ sleep 2
+ ray start --head --node-ip-address 127.0.0.1 --num-gpus 4 --disable-usage-stats --dashboard-host=0.0.0.0 --dashboard-port=8265 --temp-dir /root/bringup/ray_tmp
2026-07-08 18:01:51,795	INFO usage_lib.py:448 -- Usage stats collection is disabled.
2026-07-08 18:01:51,795	INFO scripts.py:1042 -- [37mLocal node IP[39m: [1m10.96.0.0[22m
2026-07-08 18:01:57,571	SUCC scripts.py:1081 -- [32m--------------------[39m
2026-07-08 18:01:57,571	SUCC scripts.py:1082 -- [32mRay runtime started.[39m
2026-07-08 18:01:57,571	SUCC scripts.py:1083 -- [32m--------------------[39m
2026-07-08 18:01:57,571	INFO scripts.py:1085 -- [36mNext steps[39m
2026-07-08 18:01:57,571	INFO cli_output_helpers.py:16 -- [2mNote: The following commands are intended for use on[22m
2026-07-08 18:01:57,571	INFO cli_output_helpers.py:17 -- [2mthe head node or within the cluster network.[22m
2026-07-08 18:01:57,572	INFO scripts.py:1089 -- To add another node to this Ray cluster, run
2026-07-08 18:01:57,572	INFO scripts.py:1092 -- [1m  ray start --address='10.96.0.0:6379'[22m
2026-07-08 18:01:57,572	INFO scripts.py:1103 -- To connect to this Ray cluster:
2026-07-08 18:01:57,572	INFO scripts.py:1105 -- [35mimport[39m[26m ray
2026-07-08 18:01:57,572	INFO scripts.py:1106 -- ray[35m.[39m[26minit(_node_ip_address[35m=[39m[26m[33m'10.96.0.0'[39m[26m)
2026-07-08 18:01:57,572	INFO scripts.py:1120 -- To submit a Ray job using the Ray Jobs CLI:
2026-07-08 18:01:57,572	INFO scripts.py:1121 -- [1m  RAY_API_SERVER_ADDRESS='http://10.96.0.0:8265' ray job submit --working-dir . -- python my_script.py[22m
2026-07-08 18:01:57,572	INFO scripts.py:1130 -- See https://docs.ray.io/en/latest/cluster/running-applications/job-submission/index.html 
2026-07-08 18:01:57,572	INFO scripts.py:1134 -- for more information on submitting Ray jobs to the Ray cluster.
2026-07-08 18:01:57,572	INFO scripts.py:1139 -- To terminate the Ray runtime, run
2026-07-08 18:01:57,572	INFO scripts.py:1140 -- [1m  ray stop[22m
2026-07-08 18:01:57,572	INFO scripts.py:1143 -- To view the status of the cluster, use
2026-07-08 18:01:57,572	INFO scripts.py:1144 --   [1mray status[22m[26m
2026-07-08 18:01:57,572	INFO scripts.py:1148 -- To monitor and debug Ray, view the dashboard at 
2026-07-08 18:01:57,572	INFO scripts.py:1149 --   [1m10.96.0.0:8265[22m[26m
2026-07-08 18:01:57,572	INFO scripts.py:1156 -- [4mIf connection to the dashboard fails, check your firewall settings and network configuration.[24m
[p3] args dumped -> /root/preflight_evidence/j4c/j4c_full_args.txt
2026-07-08 18:01:59,438	INFO cli.py:42 -- [37mJob submission server address[39m: [1mhttp://127.0.0.1:8265[22m
2026-07-08 18:02:04,212	SUCC cli.py:66 -- [32m-------------------------------------------------------[39m
2026-07-08 18:02:04,212	SUCC cli.py:67 -- [32mJob 'raysubmit_NpVWPqbBhFXksY2p' submitted successfully[39m
2026-07-08 18:02:04,212	SUCC cli.py:68 -- [32m-------------------------------------------------------[39m
2026-07-08 18:02:04,212	INFO cli.py:330 -- [36mNext steps[39m
2026-07-08 18:02:04,212	INFO cli.py:331 -- Query the logs of the job:
2026-07-08 18:02:04,212	INFO cli.py:333 -- [1mray job logs raysubmit_NpVWPqbBhFXksY2p[22m
2026-07-08 18:02:04,212	INFO cli.py:335 -- Query the status of the job:
2026-07-08 18:02:04,212	INFO cli.py:337 -- [1mray job status raysubmit_NpVWPqbBhFXksY2p[22m
2026-07-08 18:02:04,212	INFO cli.py:339 -- Request the job to be stopped:
2026-07-08 18:02:04,212	INFO cli.py:341 -- [1mray job stop raysubmit_NpVWPqbBhFXksY2p[22m
2026-07-08 18:02:04,216	INFO cli.py:351 -- Tailing logs until the job exits (disable with --no-wait):
2026-07-08 18:02:04,018	INFO job_manager.py:583 -- Runtime env is setting up.
Running entrypoint for job raysubmit_NpVWPqbBhFXksY2p: python3 /root/slime/train_async.py --swiglu --num-layers 28 --hidden-size 1024 --ffn-hidden-size 3072 --num-attention-heads 16 --group-query-attention --num-query-groups 8 --use-rotary-position-embeddings --disable-bias-linear --normalization RMSNorm --norm-epsilon 1e-6 --rotary-base 1000000 --vocab-size 151936 --kv-channels 128 --qk-layernorm --actor-num-nodes 1 --actor-num-gpus-per-node 1 --rollout-num-gpus 3 --hf-checkpoint /root/models/Qwen3-0.6B --ref-load /root/models/Qwen3-0.6B_torch_dist --rollout-function-path slime.rollout.fully_async_rollout.generate_rollout_fully_async --prompt-data /root/bringup/preflight_j4c/swe_bringup_8.jsonl --input-key prompt --label-key label --metadata-key metadata --num-rollout 2 --rollout-batch-size 8 --n-samples-per-prompt 4 --rollout-max-response-len 4096 --rollout-max-context-len 20480 --rollout-temperature 1.0 --rollout-top-p 0.95 --global-batch-size 32 --custom-generate-function-path p3_preflight.lib.j4c_probe.generate --save-debug-rollout-data '/root/bringup/preflight_j4c/rollout_dumps/rollout_{rollout_id}.pt' --advantage-estimator grpo --disable-grpo-std-normalization --use-kl-loss --kl-loss-coef 0.00 --kl-loss-type low_var_kl --entropy-coef 0.00 --eps-clip 0.2 --eps-clip-high 0.28 --optimizer adam --lr 1e-6 --lr-decay-style constant --weight-decay 0.1 --adam-beta1 0.9 --adam-beta2 0.98 --tensor-model-parallel-size 1 --pipeline-model-parallel-size 1 --context-parallel-size 1 --expert-model-parallel-size 1 --expert-tensor-parallel-size 1 --recompute-granularity full --recompute-method uniform --recompute-num-layers 1 --use-dynamic-batch-size --max-tokens-per-gpu 32768 --log-probs-chunk-size 1024 --rollout-num-gpus-per-engine 1 --sglang-mem-fraction-static 0.75 --sglang-server-concurrency 8 --sglang-tool-call-parser qwen25 --sglang-reasoning-parser qwen3 --sglang-attention-backend triton --sglang-sampling-backend pytorch --sglang-disable-cuda-graph --update-weight-mode full --update-weight-transport nccl --update-weights-interval 1 --update-weight-buffer-size 536870912 --attention-dropout 0.0 --hidden-dropout 0.0 --accumulate-allreduce-grads-in-fp32 --attention-softmax-in-fp32 --attention-backend flash
[2026-07-08 18:02:16] param_and_grad_buffer.py:69 - Detected Megatron Core, using Megatron-FSDP with Megatron.
[2026-07-08 18:02:16] megatron_fsdp.py:47 - Detected Megatron Core, using Megatron-FSDP with Megatron.
Unable to import `torchao` Tensor objects. This may affect loading checkpoints serialized with `torchao`
/usr/local/lib/python3.12/dist-packages/modelopt/torch/__init__.py:53: UserWarning: transformers>=5.0 support is experimental. Unified Hugging Face checkpoint export for quantized checkpoints may not work for some models yet.
  _warnings.warn(
[ERROR] `cache_position` is part of Qwen3ASRThinkerTextModel.forward's signature, but not documented. Make sure to add it to the docstring of the function in /usr/local/lib/python3.12/dist-packages/megatron/bridge/models/qwen3_asr/hf_qwen3_asr/modeling_qwen3_asr.py.
[ERROR] `cache_position` is part of Qwen3ASRThinkerForConditionalGeneration.forward's signature, but not documented. Make sure to add it to the docstring of the function in /usr/local/lib/python3.12/dist-packages/megatron/bridge/models/qwen3_asr/hf_qwen3_asr/modeling_qwen3_asr.py.
[2026-07-08 18:02:19] megatron_chunked_grad_coalesce_patch.py:133 - slime grad coalesce patch applied to megatron.core.distributed.finalize_model_grads._allreduce_non_tensor_model_parallel_grads (chunk=1024 MiB)
LANG_RL Log directory: None
 > padded vocab (size: 151936) with 0 dummy tokens (new size: 151936)
[2026-07-08 18:02:19] arguments.py:171 - --tokenizer-model not set, use --hf-checkpoint as tokenizer model.
[2026-07-08 18:02:19] arguments.py:1967 - args.eval_max_context_len is not set. Use args.rollout_max_context_len 20480 as default value.
[2026-07-08 18:02:19] arguments.py:1975 - args.rollout_max_prompt_len is not set. Use args.rollout_max_context_len - 1 (20480 - 1) as default value so that there is at least one generated token to compute loss.
using world size: 1, data-parallel size: 1, context-parallel size: 1, hierarchical context-parallel sizes: None, tensor-model-parallel size: 1, pipeline-model-parallel size: 1
Number of virtual stages per pipeline stage: None
using torch.bfloat16 for parameters ...
------------------------ arguments ------------------------
  account_for_embedding_in_pipeline_split ......... False
  account_for_loss_in_pipeline_split .............. False
  accumulate_allreduce_grads_in_fp32 .............. True
  activation_func_clamp_value ..................... None
  actor_num_gpus_per_node ......................... 1
  actor_num_nodes ................................. 1
  adam_beta1 ...................................... 0.9
  adam_beta2 ...................................... 0.98
  adam_eps ........................................ 1e-08
  add_bias_linear ................................. False
  add_position_embedding .......................... True
  add_qkv_bias .................................... False
  adlr_autoresume ................................. False
  adlr_autoresume_interval ........................ 1000
  advantage_estimator ............................. grpo
  align_grad_reduce ............................... True
  align_param_gather .............................. False
  allgather_cp .................................... False
  allow_ambiguous_pad_tokens ...................... False
  app_tag_run_name ................................ None
  app_tag_run_version ............................. 0.0.0
  apply_chat_template ............................. False
  apply_chat_template_kwargs ...................... {}
  apply_query_key_layer_scaling ................... False
  apply_residual_connection_post_layernorm ........ False
  apply_rope_fusion ............................... True
  apply_wd_to_qk_layernorm ........................ False
  async_save ...................................... False
  async_tensor_model_parallel_allreduce ........... True
  attention_backend ............................... AttnBackend.flash
  attention_dropout ............................... 0.0
  attention_output_gate ........................... False
  attention_softmax_in_fp32 ....................... True
  auto_detect_ckpt_format ......................... False
  balance_by_flops ................................ False
  balance_data .................................... False
  barrier_with_L1_time ............................ True
  batch_invariant_mode ............................ False
  bert_binary_head ................................ True
  bert_embedder_type .............................. megatron
  bert_load ....................................... None
  bf16 ............................................ True
  bias_dropout_fusion ............................. True
  bias_gelu_fusion ................................ False
  bias_swiglu_fusion .............................. True
  biencoder_projection_dim ........................ 0
  biencoder_shared_query_context_model ............ False
  block_data_path ................................. None
  buffer_filter_path .............................. None
  cache_mla_latents ............................... False
  calc_ft_timeouts ................................ False
  calculate_per_token_loss ........................ False
  check_for_large_grads ........................... False
  check_for_nan_in_loss_and_grad .................. True
  check_for_spiky_loss ............................ False
  check_weight_hash_across_dp_replicas_interval ... None
  check_weight_update_equal ....................... False
  ci_disable_kl_checker ........................... False
  ci_load_grad_norm ............................... None
  ci_save_grad_norm ............................... None
  ci_test ......................................... False
  ckpt_assume_constant_structure .................. True
  ckpt_convert_format ............................. None
  ckpt_convert_save ............................... None
  ckpt_convert_update_legacy_dist_opt_format ...... False
  ckpt_format ..................................... torch_dist
  ckpt_fully_parallel_load ........................ True
  ckpt_fully_parallel_save ........................ True
  ckpt_fully_parallel_save_deprecated ............. False
  ckpt_step ....................................... None
  classes_fraction ................................ 1.0
  clip_grad ....................................... 1.0
  clone_scatter_output_in_embedding ............... True
  colocate ........................................ False
  compute_advantages_and_returns .................. True
  config_logger_dir ............................... 
  consumed_train_samples .......................... 0
  consumed_valid_samples .......................... 0
  context_parallel_size ........................... 1
  cp_comm_type .................................... ['p2p']
  cpu_offloading_num_layers ....................... 0
  create_all_gather_group ......................... False
  create_attention_mask_in_dataloader ............. True
  critic_num_gpus_per_node ........................ 1
  critic_num_nodes ................................ 1
  cross_entropy_fusion_impl ....................... native
  cross_entropy_loss_fusion ....................... False
  cuda_graph_impl ................................. none
  cuda_graph_scope ................................ []
  cuda_graph_warmup_steps ......................... 3
  custom_advantage_function_path .................. None
  custom_config_path .............................. None
  custom_convert_samples_to_train_data_path ....... None
  custom_eval_rollout_log_function_path ........... None
  custom_generate_function_path ................... p3_preflight.lib.j4c_probe.generate
  custom_loss_function_path ....................... None
  custom_megatron_before_log_prob_hook_path ....... None
  custom_megatron_before_train_step_hook_path ..... None
  custom_megatron_init_path ....................... None
  custom_model_provider_path ...................... None
  custom_pg_loss_reducer_function_path ............ None
  custom_reward_post_process_path ................. None
  custom_rm_path .................................. None
  custom_rollout_log_function_path ................ None
  custom_tis_function_path ........................ None
  custom_update_weight_post_write_path ............ None
  data_args_path .................................. None
  data_cache_path ................................. None
  data_pad_size_multiplier ........................ 128
  data_parallel_random_init ....................... False
  data_parallel_sharding_strategy ................. no_shard
  data_parallel_size .............................. 1
  data_path ....................................... None
  data_per_class_fraction ......................... 1.0
  data_sharding ................................... True
  data_source_path ................................ slime.rollout.data_source.RolloutDataSourceWithBuffer
  dataloader_defer_npy_index_mmap ................. False
  dataloader_fast_cache_load ...................... False
  dataloader_type ................................. single
  ddp_average_in_collective ....................... False
  ddp_bucket_size ................................. None
  ddp_num_buckets ................................. None
  ddp_pad_buckets_for_high_nccl_busbw ............. False
  ddp_reduce_scatter_with_fp32_accumulation ....... False
  debug_rollout_only .............................. False
  debug_train_only ................................ False
  decode_only_cuda_graphs ......................... False
  decoder_first_pipeline_num_layers ............... None
  decoder_last_pipeline_num_layers ................ None
  decoder_num_layers .............................. None
  decoder_seq_length .............................. None
  decoupled_lr .................................... None
  decoupled_min_lr ................................ None
  decrease_batch_size_if_needed ................... False
  defer_embedding_wgrad_compute ................... False
  delay_wgrad_compute ............................. False
  deprecated_use_mcore_models ..................... False
  deterministic_mode .............................. False
  dino_bottleneck_size ............................ 256
  dino_freeze_last_layer .......................... 1
  dino_head_hidden_size ........................... 2048
  dino_local_crops_number ......................... 10
  dino_local_img_size ............................. 96
  dino_norm_last_layer ............................ False
  dino_teacher_temp ............................... 0.07
  dino_warmup_teacher_temp ........................ 0.04
  dino_warmup_teacher_temp_epochs ................. 30
  disable_bf16_reduced_precision_matmul ........... False
  disable_chunked_prefill ......................... True
  disable_jit_fuser ............................... False
  disable_straggler_on_startup .................... False
  disable_symmetric_registration .................. False
  dist_ckpt_format_deprecated ..................... None
  dist_ckpt_optim_fully_reshardable ............... False
  dist_ckpt_save_pre_mcore_014 .................... True
  dist_ckpt_strictness ............................ assume_ok_unexpected
  distrib_optim_fully_reshardable_mem_efficient ... False
  distribute_saved_activations .................... False
  distributed_backend ............................. nccl
  distributed_timeout_minutes ..................... 10
  distributed_timeout_seconds_after_init .......... None
  dsa_indexer_head_dim ............................ None
  dsa_indexer_loss_coeff .......................... None
  dsa_indexer_n_heads ............................. None
  dsa_indexer_topk ................................ None
  dsa_indexer_use_sparse_loss ..................... False
  dump_details .................................... None
  dump_param_to_param_group_map ................... None
  dynamic_sampling_filter_path .................... None
  embedding_init_method_std ....................... None
  embedding_path .................................. None
  empty_unused_memory_level ....................... 0
  enable_cuda_graph ............................... False
  enable_experimental ............................. False
  enable_ft_package ............................... False
  enable_full_sharding_in_hsdp .................... False
  enable_gloo_process_groups ...................... True
  enable_msc ...................................... True
  enable_mtp_training ............................. False
  enable_one_logger ............................... True
  encoder_num_layers .............................. 28
  encoder_seq_length .............................. 4096
  end_weight_decay ................................ 0.1
  entropy_coef .................................... 0.0
  eod_mask_loss ................................... False
  ep_overlap_early_attn_memory_release ............ False
  eps_clip ........................................ 0.2
  eps_clip_c ...................................... None
  eps_clip_high ................................... 0.28
  error_injection_rate ............................ 0
  error_injection_type ............................ transient_error
  eval_config ..................................... None
  eval_datasets ................................... []
  eval_function_path .............................. slime.rollout.fully_async_rollout.generate_rollout_fully_async
  eval_input_key .................................. None
  eval_interval ................................... None
  eval_iters ...................................... 100
  eval_label_key .................................. None
  eval_max_context_len ............................ 20480
  eval_max_prompt_len ............................. None
  eval_max_response_len ........................... None
  eval_min_new_tokens ............................. None
  eval_prompt_data ................................ None
  eval_reward_key ................................. None
  eval_temperature ................................ None
  eval_tool_key ................................... None
  eval_top_k ...................................... None
  eval_top_p ...................................... None
  evidence_data_path .............................. None
  exit_duration_in_mins ........................... None
  exit_interval ................................... None
  exit_on_missing_checkpoint ...................... False
  exit_signal ..................................... 15
  exit_signal_handler ............................. False
  exit_signal_handler_for_dataloader .............. False
  exp_avg_dtype ................................... torch.float32
  exp_avg_sq_dtype ................................ torch.float32
  experimental_attention_variant .................. None
  expert_model_parallel_size ...................... 1
  expert_tensor_parallel_size ..................... 1
  external_cuda_graph ............................. False
  fake_process_group .............................. False
  fallback_to_eager_attn .......................... False
  fetch_trajectory_retry_times .................... -1
  ffn_hidden_size ................................. 3072
  fim_data ........................................ False
  fim_eod_token ................................... <|endoftext|>
  fim_fragment_rate ............................... None
  fim_middle_token ................................ <fim_middle>
  fim_no_prefix ................................... None
  fim_pad_token ................................... <fim_pad>
  fim_prefix_token ................................ <fim_prefix>
  fim_rate ........................................ 0.5
  fim_split_sample ................................ None
  fim_spm_rate .................................... 0.5
  fim_suffix_token ................................ <fim_suffix>
  fine_grained_activation_offloading .............. False
  finetune ........................................ True
  first_last_layers_bf16 .......................... False
  flash_decode .................................... False
  fp16 ............................................ False
  fp16_lm_cross_entropy ........................... False
  fp32_residual_connection ........................ False
  fp4 ............................................. None
  fp4_param ....................................... False
  fp4_quantizer_factory ........................... None
  fp4_recipe ...................................... nvfp4
  fp8 ............................................. None
  fp8_amax_compute_algo ........................... most_recent
  fp8_amax_history_len ............................ 1
  fp8_interval .................................... 1
  fp8_margin ...................................... 0
  fp8_param_gather ................................ False
  fp8_quantizer_factory ........................... None
  fp8_recipe ...................................... delayed
  fp8_wgrad ....................................... True
  freeze_params_name_list ......................... None
  fsdp_double_buffer .............................. False
  fsdp_manual_registration ........................ False
  ft_num_warmup_iters ............................. 5
  full_validation ................................. False
  gamma ........................................... 1.0
  get_mismatch_metrics ............................ False
  global_batch_size ............................... 32
  glu_linear_offset ............................... 0.0
  grad_reduce_in_bf16 ............................. False
  gradient_accumulation_fusion .................... True
  gradient_reduce_div_fusion ...................... True
  group_query_attention ........................... True
  group_rm ........................................ False
  grpo_clamp_eps_lower ............................ 0.01
  grpo_clamp_eps_upper ............................ 0.01
  grpo_entropy_term_weight ........................ 0.0
  grpo_filter_groups_with_same_reward ............. False
  grpo_group_size ................................. 2
  grpo_iterations ................................. 2
  grpo_kl_beta .................................... 0.001
  grpo_prompts_per_step ........................... 32
  grpo_std_normalization .......................... False
  head_lr_mult .................................... 1.0
  heterogeneous_layers_config_encoded_json ........ None
  heterogeneous_layers_config_path ................ None
  hf_checkpoint ................................... /root/models/Qwen3-0.6B
  hidden_dropout .................................. 0.0
  hidden_size ..................................... 1024
  hierarchical_context_parallel_sizes ............. None
  high_priority_stream_groups ..................... []
  http_proxy ...................................... None
  hybrid_attention_ratio .......................... 0.0
  hybrid_context_parallel ......................... False
  hybrid_mlp_ratio ................................ 0.0
  hybrid_override_pattern ......................... None
  hysteresis ...................................... 2
  ict_head_size ................................... None
  ict_load ........................................ None
  img_h ........................................... 224
  img_w ........................................... 224
  indexer_batch_size .............................. 128
  indexer_log_interval ............................ 1000
  inference_batch_times_seqlen_threshold .......... -1
  inference_coordinator_port ...................... 12346
  inference_dynamic_batching ...................... False
  inference_dynamic_batching_block_size ........... 256
  inference_dynamic_batching_buffer_size_gb ....... 40.0
  inference_dynamic_batching_cuda_graph_max_tokens  16384
  inference_dynamic_batching_cuda_graph_mixed_prefill_count  16
  inference_dynamic_batching_max_requests ......... None
  inference_dynamic_batching_max_tokens ........... None
  inference_dynamic_batching_num_cuda_graphs ...... 16
  inference_dynamic_batching_paused_buffer_size_gb  None
  inference_dynamic_batching_track_paused_request_events  False
  inference_dynamic_batching_unified_memory_level . 0
  inference_fuse_tp_communication ................. False
  inference_logging_step_interval ................. 0
  inference_max_batch_size ........................ 8
  inference_max_seq_length ........................ 2560
  inference_rng_tracker ........................... False
  inference_wandb_logging ......................... False
  init_method_std ................................. 0.02
  init_method_xavier_uniform ...................... False
  init_model_with_meta_device ..................... False
  initial_loss_scale .............................. 4294967296
  inprocess_active_world_size ..................... 1
  inprocess_barrier_timeout ....................... 120
  inprocess_completion_timeout .................... 120
  inprocess_empty_cuda_cache ...................... False
  inprocess_granularity ........................... node
  inprocess_hard_timeout .......................... 90
  inprocess_heartbeat_interval .................... 30
  inprocess_heartbeat_timeout ..................... 60
  inprocess_last_call_wait ........................ 1
  inprocess_max_iterations ........................ None
  inprocess_monitor_process_interval .............. 1.0
  inprocess_monitor_thread_interval ............... 1.0
  inprocess_progress_watchdog_interval ............ 1.0
  inprocess_restart ............................... False
  inprocess_soft_timeout .......................... 60
  inprocess_termination_grace_time ................ 1
  input_key ....................................... prompt
  is_hybrid_model ................................. False
  iter_per_epoch .................................. 1250
  iterations_to_skip .............................. []
  keep_fp8_transpose_cache ........................ False
  keep_old_actor .................................. False
  kitchen_attention_backend ....................... sdpa
  kl_coef ......................................... 0.0
  kl_loss_coef .................................... 0.0
  kl_loss_type .................................... low_var_kl
  kv_channels ..................................... 128
  kv_lora_rank .................................... 32
  label_key ....................................... label
  lambd ........................................... 1.0
  langrl_env_config ............................... None
  langrl_external_server .......................... False
  langrl_inference_server_conversation_template ... None
  langrl_inference_server_type .................... inplace_megatron
  layernorm_epsilon ............................... 1e-06
  layernorm_zero_centered_gamma ................... False
  lazy_mpu_init ................................... None
  legacy_tokenizer ................................ False
  linear_attention_freq ........................... None
  linear_attention_type ........................... None
  linear_conv_kernel_dim .......................... 4
  linear_key_head_dim ............................. 128
  linear_num_key_heads ............................ 16
  linear_num_value_heads .......................... 32
  linear_value_head_dim ........................... 128
  load ............................................ /root/models/Qwen3-0.6B_torch_dist
  load_debug_rollout_data ......................... None
  load_debug_rollout_data_subsample ............... None
  load_forge_rollout_data ......................... None
  load_main_params_from_ckpt ...................... False
  local_rank ...................................... 0
  log_correct_samples ............................. False
  log_device_memory_used .......................... False
  log_energy ...................................... False
  log_interval .................................... 100
  log_loss_scale_to_tensorboard ................... True
  log_max_attention_logit ......................... False
  log_memory_interval ............................. None
  log_memory_to_tensorboard ....................... False
  log_multi_turn .................................. False
  log_num_zeros_in_grad ........................... False
  log_params_norm ................................. False
  log_passrate .................................... False
  log_probs_chunk_size ............................ 1024
  log_probs_max_tokens_per_gpu .................... 32768
  log_progress .................................... False
  log_reward_category ............................. None
  log_straggler ................................... False
  log_throughput .................................. False
  log_timers_to_tensorboard ....................... False
  log_validation_ppl_to_tensorboard ............... False
  log_world_size_to_tensorboard ................... False
  logging_level ................................... None
  loss_mask_type .................................. qwen
  loss_scale ...................................... None
  loss_scale_window ............................... 1000
  loss_type ....................................... policy_loss
  lr .............................................. 1e-06
  lr_decay_iters .................................. None
  lr_decay_samples ................................ None
  lr_decay_style .................................. constant
  lr_warmup_fraction .............................. None
  lr_warmup_init .................................. 0.0
  lr_warmup_iters ................................. 0
  lr_warmup_samples ............................... 0
  lr_wsd_decay_iters .............................. None
  lr_wsd_decay_samples ............................ None
  lr_wsd_decay_style .............................. exponential
  main_grads_dtype ................................ torch.float32
  main_params_dtype ............................... torch.float32
  make_vocab_size_divisible_by .................... 128
  mamba_head_dim .................................. 64
  mamba_num_groups ................................ 8
  mamba_num_heads ................................. None
  mamba_state_dim ................................. 128
  manual_gc ....................................... False
  manual_gc_eval .................................. True
  manual_gc_interval .............................. 0
  mask_factor ..................................... 1.0
  mask_offpolicy_in_partial_rollout ............... False
  mask_prob ....................................... 0.15
  mask_type ....................................... random
  masked_softmax_fusion ........................... True
  max_position_embeddings ......................... 4096
  max_seqlen_per_dp_cp_rank ....................... None
  max_tokens_per_gpu .............................. 32768
  max_tokens_to_oom ............................... 12000
  megatron_config_path ............................ None
  megatron_to_hf_mode ............................. raw
  memory_recorder ................................. torch
  memory_snapshot_dir ............................. .
  memory_snapshot_num_steps ....................... None
  memory_snapshot_path ............................ snapshot.pickle
  merge_file ...................................... None
  metadata_key .................................... metadata
  micro_batch_size ................................ 1
  microbatch_group_size_per_vp_stage .............. None
  mid_level_dataset_surplus ....................... 0.005
  min_batch_collection_ratio ...................... 1
  min_loss_scale .................................. 1.0
  min_lr .......................................... 0.0
  min_offloaded_tensor_size ....................... 1048576
  mlp_chunks_for_prefill .......................... 1
  mmap_bin_files .................................. True
  mock_data ....................................... False
  model_name ...................................... None
  moe_apply_probs_on_input ........................ False
  moe_aux_loss_coeff .............................. 0.0
  moe_deepep_num_sms .............................. 20
  moe_enable_deepep ............................... False
  moe_enable_routing_replay ....................... False
  moe_expert_capacity_factor ...................... None
  moe_extended_tp ................................. False
  moe_ffn_hidden_size ............................. None
  moe_flex_dispatcher_backend ..................... deepep
  moe_grouped_gemm ................................ False
  moe_hybridep_num_sms ............................ 16
  moe_input_jitter_eps ............................ None
  moe_latent_size ................................. None
  moe_layer_freq .................................. 1
  moe_layer_recompute ............................. False
  moe_pad_expert_input_to_capacity ................ False
  moe_pad_experts_for_cuda_graph_inference ........ False
  moe_per_layer_logging ........................... False
  moe_permute_fusion .............................. False
  moe_router_bias_update_rate ..................... 0.001
  moe_router_dtype ................................ None
  moe_router_enable_expert_bias ................... False
  moe_router_force_biased ......................... None
  moe_router_force_load_balancing ................. False
  moe_router_fusion ............................... False
  moe_router_group_topk ........................... None
  moe_router_load_balancing_type .................. aux_loss
  moe_router_num_groups ........................... None
  moe_router_padding_for_fp8 ...................... False
  moe_router_padding_for_quantization ............. False
  moe_router_pre_softmax .......................... False
  moe_router_score_function ....................... softmax
  moe_router_topk ................................. 2
  moe_router_topk_scaling_factor .................. None
  moe_shared_expert_gate .......................... False
  moe_shared_expert_intermediate_size ............. None
  moe_shared_expert_overlap ....................... False
  moe_token_dispatcher_type ....................... allgather
  moe_token_drop_policy ........................... probs
  moe_upcycling_granularity ....................... 1
  moe_use_legacy_grouped_gemm ..................... False
  moe_use_upcycling ............................... False
  moe_z_loss_coeff ................................ None
  mrope_section ................................... None
  mscale .......................................... 1.0
  mscale_all_dim .................................. 0.0
  mtp_loss_scaling_factor ......................... 0.2
  mtp_num_layers .................................. None
  mtp_standalone .................................. False
  multi_latent_attention .......................... False
  multimodal_keys ................................. None
  multiple_validation_sets ........................ False
  muon_extra_scale_factor ......................... 1.0
  muon_fp32_matmul_prec ........................... medium
  muon_momentum ................................... 0.9
  muon_num_ns_steps ............................... 5
  muon_scale_mode ................................. spectral
  muon_split_qkv .................................. True
  muon_tp_mode .................................... blockwise
  muon_use_nesterov ............................... False
  n_samples_per_eval_prompt ....................... 1
  n_samples_per_prompt ............................ 4
  nccl_all_reduce_for_prefill ..................... False
  nccl_communicator_config_path ................... None
  nccl_ub ......................................... False
  no_load_optim ................................... True
  no_load_rng ..................................... True
  no_persist_layer_norm ........................... False
  no_rope_freq .................................... None
  no_save_optim ................................... False
  no_save_rng ..................................... None
  no_weight_decay_cond_type ....................... None
  non_persistent_ckpt_type ........................ None
  non_persistent_global_ckpt_dir .................. None
  non_persistent_local_ckpt_algo .................. fully_parallel
  non_persistent_local_ckpt_dir ................... None
  non_persistent_save_interval .................... None
  normalization ................................... RMSNorm
  normalize_advantages ............................ False
  num_attention_heads ............................. 16
  num_channels .................................... 3
  num_classes ..................................... 1000
  num_critic_only_steps ........................... 0
  num_dataset_builder_threads ..................... 1
  num_distributed_optimizer_instances ............. 1
  num_epoch ....................................... None
  num_experts ..................................... None
  num_gpus_per_node ............................... 8
  num_layers ...................................... 28
  num_layers_at_end_in_bf16 ....................... 1
  num_layers_at_start_in_bf16 ..................... 1
  num_layers_per_virtual_pipeline_stage ........... None
  num_query_groups ................................ 8
  num_rollout ..................................... 2
  num_steps_per_rollout ........................... None
  num_virtual_stages_per_pipeline_rank ............ None
  num_workers ..................................... 2
  object_storage_cache_path ....................... None
  offload_modules ................................. []
  offload_optimizer_states ........................ False
  offload_rollout ................................. False
  offload_train ................................... False
  one_logger_async ................................ False
  one_logger_project .............................. megatron-lm
  one_logger_run_name ............................. None
  only_train_params_name_list ..................... None
  onnx_safe ....................................... None
  opd_kl_coef ..................................... 1.0
  opd_teacher_ckpt_step ........................... None
  opd_teacher_load ................................ None
  opd_type ........................................ None
  openai_gelu ..................................... False
  opsm_delta ...................................... 0.0001
  optimizer ....................................... adam
  optimizer_cpu_offload ........................... False
  optimizer_offload_fraction ...................... 1.0
  outer_dp_sharding_strategy ...................... no_shard
  output_bert_embeddings .......................... False
  over_sampling_batch_size ........................ 8
  overlap_cpu_optimizer_d2h_h2d ................... False
  overlap_grad_reduce ............................. False
  overlap_moe_expert_parallel_comm ................ False
  overlap_p2p_comm ................................ False
  overlap_p2p_comm_warmup_flush ................... False
  overlap_param_gather ............................ False
  overlap_param_gather_with_optimizer_step ........ False
  override_opt_param_scheduler .................... False
  padded_vocab_size ............................... 151936
  params_dtype .................................... torch.bfloat16
  partial_rollout ................................. False
  patch_dim ....................................... 16
  per_dataset_sequences_path ...................... None
  per_split_data_args_path ........................ None
  perform_initialization .......................... True
  perform_rl_step ................................. False
  phase_transition_iterations ..................... None
  pin_cpu_grads ................................... True
  pin_cpu_params .................................. True
  pipeline_model_parallel_comm_backend ............ None
  pipeline_model_parallel_layout .................. None
  pipeline_model_parallel_size .................... 1
  position_embedding_type ......................... rope
  post_mlp_layernorm .............................. False
  post_self_attn_layernorm ........................ False
  prefill_num_servers ............................. None
  pretrained_checkpoint ........................... None
  profile ......................................... False
  profile_ranks ................................... [0]
  profile_step_end ................................ 12
  profile_step_start .............................. 10
  profile_target .................................. ['train_overall']
  prompt_data ..................................... /root/bringup/preflight_j4c/swe_bringup_8.jsonl
  q_lora_rank ..................................... None
  qk_clip ......................................... False
  qk_clip_alpha ................................... 0.5
  qk_clip_threshold ............................... 100
  qk_head_dim ..................................... 128
  qk_l2_norm ...................................... False
  qk_layernorm .................................... True
  qk_pos_emb_head_dim ............................. 64
  query_in_block_prob ............................. 0.1
  quick_geglu ..................................... False
  qwen_gdn_backend ................................ fla
  rampup_batch_size ............................... None
  rank ............................................ 0
  recompute_granularity ........................... full
  recompute_loss_function ......................... False
  recompute_method ................................ uniform
  recompute_modules ............................... None
  recompute_num_layers ............................ 1
  record_memory_history ........................... False
  ref_ckpt_step ................................... None
  ref_load ........................................ /root/models/Qwen3-0.6B_torch_dist
  ref_update_interval ............................. None
  refit_method .................................... gloo
  relative_attention_max_distance ................. 128
  relative_attention_num_buckets .................. 32
  release_train ................................... False
  replication ..................................... False
  replication_factor .............................. 2
  replication_jump ................................ None
  rerun_mode ...................................... validate_results
  reset_attention_mask ............................ False
  reset_optimizer_states .......................... False
  reset_position_ids .............................. False
  result_rejected_tracker_filename ................ None
  retriever_report_topk_accuracies ................ []
  retriever_score_scaling ......................... False
  reuse_grad_buf_for_mxfp8_param_ag ............... False
  reward_key ...................................... None
  rewards_normalization ........................... True
  rl_calculate_intra_group_similarity ............. False
  rl_default_temperature .......................... 1.0
  rl_default_top_k ................................ -1
  rl_default_top_p ................................ 0
  rl_importance_sampling_truncation_coef .......... None
  rl_inference_expert_model_parallel_size ......... None
  rl_inference_expert_tensor_model_parallel_size .. None
  rl_inference_logprobs_is_correction ............. False
  rl_inference_model_unified_memory_level ......... 0
  rl_inference_pipeline_model_parallel_size ....... None
  rl_inference_tensor_model_parallel_size ......... None
  rl_offload_inference_model_weights_when_idle .... False
  rl_offload_kv_cache_during_training ............. False
  rl_offload_optimizer_during_inference ........... False
  rl_parallel_generation_tasks .................... 512
  rl_partial_rollouts ............................. False
  rl_prompts_per_eval ............................. 32
  rl_remove_kv_cache_during_training .............. False
  rl_reset_cuda_graphs ............................ False
  rl_sequence_packing_algo ........................ fifo
  rl_sequence_packing_max_sequences_per_bin ....... 50
  rl_skip_bos_token ............................... False
  rl_training_cuda_graphs ......................... False
  rl_use_sequence_packing ......................... False
  rl_verify_model_weights_swap .................... False
  rm_type ......................................... None
  rm_url .......................................... None
  rollout_all_samples_process_path ................ None
  rollout_batch_size .............................. 8
  rollout_buffer_url .............................. None
  rollout_data_postprocess_path ................... None
  rollout_data_transport .......................... object-store
  rollout_external ................................ False
  rollout_external_engine_addrs ................... None
  rollout_function_path ........................... slime.rollout.fully_async_rollout.generate_rollout_fully_async
  rollout_global_dataset .......................... True
  rollout_health_check_first_wait ................. 0
  rollout_health_check_interval ................... 30.0
  rollout_health_check_timeout .................... 30.0
  rollout_max_context_len ......................... 20480
  rollout_max_prompt_len .......................... 20479
  rollout_max_response_len ........................ 4096
  rollout_num_gpus ................................ 3
  rollout_num_gpus_per_engine ..................... 1
  rollout_sample_filter_path ...................... None
  rollout_seed .................................... 42
  rollout_shuffle ................................. False
  rollout_skip_special_tokens ..................... False
  rollout_stop .................................... None
  rollout_stop_token_ids .......................... None
  rollout_task_type ............................... math
  rollout_temperature ............................. 1.0
  rollout_top_k ................................... -1
  rollout_top_p ................................... 0.95
  rope_scaling_factor ............................. 8.0
  rope_type ....................................... rope
  rotary_base ..................................... 1000000
  rotary_interleaved .............................. False
  rotary_percent .................................. 1.0
  rotary_scaling_factor ........................... 1.0
  rotary_seq_len_interpolation_factor ............. None
  router_api_key .................................. None
  router_assignment_mode .......................... random
  router_backend .................................. sglang
  router_balance_abs_threshold .................... 10
  router_balance_rel_threshold .................... 1.2
  router_bucket_adjust_interval_secs .............. 5
  router_ca_cert_paths ............................ []
  router_cache_threshold .......................... 0.3
  router_cb_failure_threshold ..................... 10
  router_cb_success_threshold ..................... 3
  router_cb_timeout_duration_secs ................. 60
  router_cb_window_duration_secs .................. 120
  router_chat_template ............................ None
  router_client_cert_path ......................... None
  router_client_key_path .......................... None
  router_control_plane_api_keys ................... []
  router_control_plane_audit_enabled .............. False
  router_cors_allowed_origins ..................... []
  router_decode ................................... None
  router_decode_policy ............................ None
  router_decode_selector .......................... {}
  router_disable_circuit_breaker .................. False
  router_disable_health_check ..................... False
  router_disable_retries .......................... False
  router_dp_aware ................................. False
  router_enable_igw ............................... False
  router_enable_trace ............................. False
  router_eviction_interval_secs ................... 60
  router_health_check_endpoint .................... /health
  router_health_check_interval_secs ............... 60
  router_health_check_timeout_secs ................ 5
  router_health_failure_threshold ................. 3
  router_health_success_threshold ................. 2
  router_history_backend .......................... memory
  router_json_log ................................. False
  router_jwt_audience ............................. None
  router_jwt_issuer ............................... None
  router_jwt_jwks_uri ............................. None
  router_jwt_role_mapping ......................... []
  router_log_dir .................................. None
  router_log_level ................................ info
  router_max_concurrent_requests .................. -1
  router_max_idle_secs ............................ 14400
  router_max_payload_size ......................... 536870912
  router_max_tree_size ............................ 67108864
  router_mcp_config_path .......................... None
  router_mini_lb .................................. False
  router_model_path ............................... None
  router_oracle_connect_descriptor ................ None
  router_oracle_password .......................... None
  router_oracle_pool_max .......................... 16
  router_oracle_pool_min .......................... 1
  router_oracle_pool_timeout_secs ................. 30
  router_oracle_tns_alias ......................... None
  router_oracle_username .......................... None
  router_oracle_wallet_path ....................... None
  router_otlp_traces_endpoint ..................... localhost:4317
  router_pd_disaggregation ........................ False
  router_policy ................................... cache_aware
  router_postgres_db_url .......................... None
  router_postgres_pool_max ........................ 16
  router_prefill .................................. None
  router_prefill_policy ........................... None
  router_prefill_selector ......................... {}
  router_prometheus_duration_buckets .............. None
  router_prometheus_host .......................... 0.0.0.0
  router_prometheus_port .......................... 29000
  router_queue_size ............................... 100
  router_queue_timeout_secs ....................... 60
  router_rate_limit_tokens_per_second ............. None
  router_reasoning_parser ......................... None
  router_redis_pool_max ........................... 16
  router_redis_retention_days ..................... 30
  router_redis_url ................................ None
  router_request_id_headers ....................... None
  router_request_timeout_secs ..................... 1800
  router_retry_backoff_multiplier ................. 1.5
  router_retry_initial_backoff_ms ................. 50
  router_retry_jitter_factor ...................... 0.2
  router_retry_max_backoff_ms ..................... 30000
  router_retry_max_retries ........................ 5
  router_selector ................................. {}
  router_service_discovery ........................ False
  router_service_discovery_namespace .............. None
  router_service_discovery_port ................... 80
  router_shutdown_grace_period_secs ............... 180
  router_test_external_dp_routing ................. False
  router_tls_cert_path ............................ None
  router_tls_key_path ............................. None
  router_tokenizer_cache_enable_l0 ................ False
  router_tokenizer_cache_enable_l1 ................ False
  router_tokenizer_cache_l0_max_entries ........... 10000
  router_tokenizer_cache_l1_max_memory ............ 52428800
  router_tokenizer_path ........................... None
  router_tool_call_parser ......................... None
  router_worker_startup_check_interval ............ 30
  router_worker_startup_timeout_secs .............. 1800
  run_workload_inspector_server ................... False
  sample_rate ..................................... 1.0
  save ............................................ None
  save_debug_rollout_data ......................... /root/bringup/preflight_j4c/rollout_dumps/rollout_{rollout_id}.pt
  save_debug_train_data ........................... None
  save_dgrads_interval ............................ None
  save_hf ......................................... None
  save_interval ................................... None
  save_retain_interval ............................ None
  save_wgrads_interval ............................ None
  scatter_gather_tensors_in_pipeline .............. True
  seed ............................................ 1234
  seq_length ...................................... 4096
  sequence_parallel ............................... False
  sft ............................................. False
  sft_tokenizer_prompt_format ..................... nemotron-h-aligned
  sgd_momentum .................................... 0.9
  sglang_abort_on_priority_when_disabled .......... False
  sglang_admin_api_key ............................ None
  sglang_allow_auto_truncate ...................... False
  sglang_api_key .................................. None
  sglang_asr_max_buffer_seconds ................... 60
  sglang_asr_max_concurrent_sessions .............. 32
  sglang_attention_backend ........................ triton
  sglang_attention_context_parallel_size .......... 1
  sglang_batch_notify_size ........................ 16
  sglang_bucket_e2e_request_latency ............... None
  sglang_bucket_inter_token_latency ............... None
  sglang_bucket_time_to_first_token ............... None
  sglang_chat_template ............................ None
  sglang_checkpoint_engine_wait_weights_before_ready  False
  sglang_chunked_prefill_size ..................... None
  sglang_collect_tokens_histogram ................. None
  sglang_completion_template ...................... None
  sglang_config ................................... None
  sglang_constrained_json_disable_any_whitespace .. False
  sglang_constrained_json_whitespace_pattern ...... None
  sglang_context_length ........................... None
  sglang_cpu_offload_gb ........................... 0
  sglang_crash_dump_folder ........................ None
  sglang_cuda_graph_bs ............................ None
  sglang_cuda_graph_max_bs ........................ None
  sglang_custom_pull_weights_pre_read_hook ........ None
  sglang_custom_sigquit_handler ................... None
  sglang_custom_weight_loader ..................... None
  sglang_data_parallel_size ....................... 1
  sglang_debug_cuda_graph ......................... False
  sglang_debug_tensor_dump_inject ................. False
  sglang_debug_tensor_dump_input_file ............. None
  sglang_debug_tensor_dump_layers ................. None
  sglang_debug_tensor_dump_output_folder .......... None
  sglang_decode_attention_backend ................. None
  sglang_decode_log_interval ...................... 40
  sglang_decrypted_config_file .................... None
  sglang_decrypted_draft_config_file .............. None
  sglang_deepep_config ............................ None
  sglang_deepep_dispatcher_output_dtype ........... auto
  sglang_deepep_mode .............................. auto
  sglang_default_priority_value ................... None
  sglang_delete_ckpt_after_loading ................ False
  sglang_detokenizer_worker_num ................... 1
  sglang_device ................................... None
  sglang_disable_attn_tp_gather ................... False
  sglang_disable_chunked_prefix_cache ............. False
  sglang_disable_cuda_graph ....................... True
  sglang_disable_cuda_graph_padding ............... False
  sglang_disable_custom_all_reduce ................ False
  sglang_disable_fast_image_processor ............. False
  sglang_disable_flashinfer_autotune .............. False
  sglang_disable_flashinfer_cutlass_moe_fp4_allgather  False
  sglang_disable_hybrid_swa_memory ................ False
  sglang_disable_outlines_disk_cache .............. False
  sglang_disable_overlap_schedule ................. False
  sglang_disable_piecewise_cuda_graph ............. False
  sglang_disable_priority_preemption .............. False
  sglang_disable_radix_cache ...................... False
  sglang_disable_shared_experts_fusion ............ False
  sglang_disable_tokenizer_batch_decode ........... False
  sglang_disaggregation_bootstrap_port ............ 8998
  sglang_disaggregation_decode_enable_offload_kvcache  False
  sglang_disaggregation_decode_enable_radix_cache . False
  sglang_disaggregation_decode_polling_interval ... 1
  sglang_disaggregation_ib_device ................. None
  sglang_disaggregation_mode ...................... null
  sglang_disaggregation_transfer_backend .......... mooncake
  sglang_dist_timeout ............................. None
  sglang_dllm_algorithm ........................... None
  sglang_dllm_algorithm_config .................... None
  sglang_download_dir ............................. None
  sglang_dsa_decode_backend ....................... None
  sglang_dsa_prefill_backend ...................... None
  sglang_dsa_prefill_cp_mode ...................... round-robin-split
  sglang_dsa_topk_backend ......................... sgl-kernel
  sglang_dtype .................................... auto
  sglang_dynamic_batch_tokenizer_batch_size ....... 32
  sglang_dynamic_batch_tokenizer_batch_timeout .... 0.002
  sglang_elastic_ep_backend ....................... None
  sglang_elastic_ep_rejoin ........................ False
  sglang_enable_adaptive_dispatch_to_encoder ...... False
  sglang_enable_aiter_allreduce_fusion ............ False
  sglang_enable_attn_tp_input_scattered ........... False
  sglang_enable_breakable_cuda_graph .............. False
  sglang_enable_broadcast_mm_inputs_process ....... False
  sglang_enable_cache_report ...................... False
  sglang_enable_cudagraph_gc ...................... False
  sglang_enable_custom_logit_processor ............ False
  sglang_enable_deepep_waterfill .................. False
  sglang_enable_deepseek_v4_fp4_indexer ........... False
  sglang_enable_deterministic_inference ........... False
  sglang_enable_dp_attention ...................... False
  sglang_enable_dp_attention_local_control_broadcast  False
  sglang_enable_dp_lm_head ........................ False
  sglang_enable_draft_weights_cpu_backup .......... False
  sglang_enable_dsa_prefill_context_parallel ...... False
  sglang_enable_dynamic_batch_tokenizer ........... False
  sglang_enable_dynamic_chunking .................. False
  sglang_enable_elastic_expert_backup ............. False
  sglang_enable_eplb .............................. False
  sglang_enable_expert_distribution_metrics ....... False
  sglang_enable_flashinfer_allreduce_fusion ....... False
  sglang_enable_forward_pass_metrics .............. False
  sglang_enable_fp32_lm_head ...................... False
  sglang_enable_fused_moe_sum_all_reduce .......... False
  sglang_enable_fused_qk_norm_rope ................ False
  sglang_enable_hierarchical_cache ................ False
  sglang_enable_hisparse .......................... False
  sglang_enable_http2 ............................. False
  sglang_enable_layerwise_nvtx_marker ............. False
  sglang_enable_lmcache ........................... False
  sglang_enable_lora .............................. None
  sglang_enable_lora_overlap_loading .............. None
  sglang_enable_metrics ........................... False
  sglang_enable_metrics_for_all_schedulers ........ False
  sglang_enable_mfu_metrics ....................... False
  sglang_enable_mis ............................... False
  sglang_enable_mixed_chunk ....................... False
  sglang_enable_mm_global_cache ................... False
  sglang_enable_mscclpp ........................... False
  sglang_enable_multi_layer_eagle ................. False
  sglang_enable_multimodal ........................ None
  sglang_enable_nccl_nvls ......................... False
  sglang_enable_p2p_check ......................... False
  sglang_enable_pdmux ............................. False
  sglang_enable_piecewise_cuda_graph .............. None
  sglang_enable_precise_embedding_interpolation ... False
  sglang_enable_prefill_context_parallel .......... False
  sglang_enable_prefill_delayer ................... False
  sglang_enable_prefix_mm_cache ................... False
  sglang_enable_priority_scheduling ............... False
  sglang_enable_profile_cuda_graph ................ False
  sglang_enable_quant_communications .............. False
  sglang_enable_request_time_stats_logging ........ False
  sglang_enable_return_hidden_states .............. False
  sglang_enable_return_indexer_topk ............... False
  sglang_enable_single_batch_overlap .............. False
  sglang_enable_ssl_refresh ....................... False
  sglang_enable_streaming_session ................. False
  sglang_enable_strict_thinking ................... False
  sglang_enable_symm_mem .......................... False
  sglang_enable_tokenizer_batch_encode ............ False
  sglang_enable_torch_compile ..................... False
  sglang_enable_torch_compile_debug_mode .......... False
  sglang_enable_torch_symm_mem .................... False
  sglang_enable_trace ............................. False
  sglang_enable_two_batch_overlap ................. False
  sglang_enable_weights_cpu_backup ................ False
  sglang_encoder_bootstrap_port ................... 8997
  sglang_encoder_only ............................. False
  sglang_encoder_register_urls .................... []
  sglang_encoder_transfer_backend ................. zmq_to_scheduler
  sglang_encoder_urls ............................. []
  sglang_enforce_disable_flashinfer_allreduce_fusion  False
  sglang_enforce_piecewise_cuda_graph ............. False
  sglang_enforce_shared_experts_fusion ............ False
  sglang_engine_info_bootstrap_port ............... 6789
  sglang_ep_dispatch_algorithm .................... None
  sglang_ep_num_redundant_experts ................. 0
  sglang_eplb_algorithm ........................... auto
  sglang_eplb_min_rebalancing_utilization_threshold  1.0
  sglang_eplb_rebalance_layers_per_chunk .......... None
  sglang_eplb_rebalance_num_iterations ............ 1000
  sglang_expert_distribution_recorder_buffer_size . None
  sglang_expert_distribution_recorder_mode ........ None
  sglang_expert_parallel_size ..................... 1
  sglang_experts_shared_outer_loras ............... None
  sglang_export_metrics_to_file ................... False
  sglang_export_metrics_to_file_dir ............... None
  sglang_extra_metric_labels ...................... None
  sglang_fastapi_root_path ........................ 
  sglang_file_storage_path ........................ sglang_storage
  sglang_flashinfer_mla_disable_ragged ............ False
  sglang_flashinfer_mxfp4_moe_precision ........... default
  sglang_forward_hooks ............................ None
  sglang_forward_pass_metrics_ipc_name ............ None
  sglang_forward_pass_metrics_worker_id ........... 
  sglang_fp4_gemm_runner_backend .................. auto
  sglang_fp8_gemm_runner_backend .................. auto
  sglang_gc_threshold ............................. None
  sglang_gc_warning_threshold_secs ................ 0.0
  sglang_generation_tokens_buckets ................ None
  sglang_grammar_backend .......................... None
  sglang_grpc_http_sidecar_port ................... None
  sglang_grpc_mode ................................ False
  sglang_hf_chat_template_name .................... None
  sglang_hicache_io_backend ....................... kernel
  sglang_hicache_mem_layout ....................... layer_first
  sglang_hicache_ratio ............................ 2.0
  sglang_hicache_size ............................. 0
  sglang_hicache_storage_backend .................. None
  sglang_hicache_storage_backend_extra_config ..... None
  sglang_hicache_storage_prefetch_policy .......... timeout
  sglang_hicache_write_policy ..................... write_through
  sglang_hisparse_config .......................... None
  sglang_host ..................................... 127.0.0.1
  sglang_hybrid_kvcache_ratio ..................... None
  sglang_incremental_streaming_output ............. False
  sglang_init_expert_location ..................... trivial
  sglang_is_embedding ............................. False
  sglang_json_model_override_args ................. {}
  sglang_keep_mm_feature_on_device ................ False
  sglang_kt_cpuinfer .............................. None
  sglang_kt_max_deferred_experts_per_token ........ None
  sglang_kt_method ................................ AMXINT4
  sglang_kt_num_gpu_experts ....................... None
  sglang_kt_threadpool_count ...................... 2
  sglang_kt_weight_path ........................... None
  sglang_kv_cache_dtype ........................... auto
  sglang_kv_canary ................................ none
  sglang_kv_canary_real_data ...................... none
  sglang_kv_canary_sweep_interval ................. 0
  sglang_kv_events_config ......................... None
  sglang_language_only ............................ False
  sglang_limit_mm_data_per_request ................ None
  sglang_linear_attn_backend ...................... triton
  sglang_linear_attn_decode_backend ............... None
  sglang_linear_attn_prefill_backend .............. None
  sglang_lmcache_config_file ...................... None
  sglang_load_balance_method ...................... auto
  sglang_load_format .............................. auto
  sglang_load_snapshot_publish_interval ........... 15
  sglang_log_level ................................ info
  sglang_log_level_http ........................... None
  sglang_log_requests ............................. False
  sglang_log_requests_format ...................... text
  sglang_log_requests_level ....................... 2
  sglang_log_requests_target ...................... None
  sglang_lora_backend ............................. csgmv
  sglang_lora_drain_wait_threshold ................ 0.0
  sglang_lora_eviction_policy ..................... lru
  sglang_lora_paths ............................... None
  sglang_lora_strict_loading ...................... False
  sglang_lora_target_modules ...................... None
  sglang_lora_use_virtual_experts ................. False
  sglang_mamba_backend ............................ triton
  sglang_mamba_full_memory_ratio .................. 0.9
  sglang_mamba_scheduler_strategy ................. auto
  sglang_mamba_ssm_dtype .......................... None
  sglang_mamba_track_interval ..................... 256
  sglang_max_loaded_loras ......................... None
  sglang_max_lora_chunk_size ...................... 16
  sglang_max_lora_rank ............................ None
  sglang_max_loras_per_batch ...................... 8
  sglang_max_mamba_cache_size ..................... None
  sglang_max_prefill_tokens ....................... 16384
  sglang_max_queued_requests ...................... None
  sglang_max_running_requests ..................... None
  sglang_max_total_tokens ......................... None
  sglang_mem_fraction_static ...................... 0.75
  sglang_mm_attention_backend ..................... None
  sglang_mm_enable_dp_encoder ..................... False
  sglang_mm_process_config ........................ None
  sglang_model_checksum ........................... None
  sglang_model_config_parser ...................... auto
  sglang_model_impl ............................... auto
  sglang_model_loader_extra_config ................ {}
  sglang_modelexpress_config ...................... None
  sglang_modelopt_checkpoint_restore_path ......... None
  sglang_modelopt_checkpoint_save_path ............ None
  sglang_modelopt_export_path ..................... None
  sglang_modelopt_quant ........................... None
  sglang_moe_a2a_backend .......................... none
  sglang_moe_data_parallel_size ................... 1
  sglang_moe_dense_tp_size ........................ None
  sglang_moe_runner_backend ....................... auto
  sglang_mooncake_ib_device ....................... None
  sglang_msprobe_dump_config ...................... None
  sglang_num_continuous_decode_steps .............. 1
  sglang_num_reserved_decode_tokens ............... 512
  sglang_numa_node ................................ None
  sglang_offload_group_size ....................... -1
  sglang_offload_mode ............................. cpu
  sglang_offload_num_in_group ..................... 1
  sglang_offload_prefetch_step .................... 1
  sglang_optimistic_prefill_retries ............... 0
  sglang_otlp_traces_endpoint ..................... localhost:4317
  sglang_page_size ................................ None
  sglang_pdmux_config_path ........................ None
  sglang_piecewise_cuda_graph_compiler ............ eager
  sglang_piecewise_cuda_graph_max_tokens .......... None
  sglang_piecewise_cuda_graph_tokens .............. None
  sglang_pipeline_parallel_size ................... 1
  sglang_pp_async_batch_depth ..................... 0
  sglang_pp_max_micro_batch_size .................. None
  sglang_pre_warm_nccl ............................ False
  sglang_preferred_sampling_params ................ None
  sglang_prefill_attention_backend ................ None
  sglang_prefill_cp_mode .......................... in-seq-split
  sglang_prefill_delayer_forward_passes_buckets ... None
  sglang_prefill_delayer_max_delay_ms ............. None
  sglang_prefill_delayer_max_delay_passes ......... 30
  sglang_prefill_delayer_queue_min_ratio .......... None
  sglang_prefill_delayer_token_usage_low_watermark  None
  sglang_prefill_delayer_wait_seconds_buckets ..... None
  sglang_prefill_max_requests ..................... None
  sglang_prefill_only_disable_kv_cache ............ False
  sglang_prefill_round_robin_balance .............. None
  sglang_priority_scheduling_preemption_threshold . 10
  sglang_prompt_tokens_buckets .................... None
  sglang_quantization ............................. None
  sglang_quantization_param_path .................. None
  sglang_quantize_and_serve ....................... False
  sglang_radix_cache_backend ...................... None
  sglang_radix_eviction_policy .................... lru
  sglang_reasoning_parser ......................... qwen3
  sglang_release_hicache .......................... False
  sglang_remote_instance_weight_loader_backend .... nccl
  sglang_remote_instance_weight_loader_seed_instance_ip  None
  sglang_remote_instance_weight_loader_seed_instance_service_port  None
  sglang_remote_instance_weight_loader_send_weights_group_ports  None
  sglang_remote_instance_weight_loader_start_seed_via_transfer_engine  False
  sglang_revision ................................. None
  sglang_rl_on_policy_target ...................... None
  sglang_rl_quant_profile ......................... None
  sglang_router_ip ................................ None
  sglang_router_port .............................. None
  sglang_router_request_timeout_secs .............. 14400
  sglang_sampling_backend ......................... pytorch
  sglang_sampling_defaults ........................ model
  sglang_schedule_conservativeness ................ 1.0
  sglang_schedule_low_priority_values_first ....... False
  sglang_schedule_policy .......................... fcfs
  sglang_scheduler_recv_interval .................. 1
  sglang_served_model_name ........................ None
  sglang_server_concurrency ....................... 8
  sglang_show_time_cost ........................... False
  sglang_skip_tokenizer_init ...................... False
  sglang_sleep_on_idle ............................ False
  sglang_sm_group_num ............................. 8
  sglang_soft_watchdog_timeout .................... None
  sglang_speculative_accept_threshold_acc ......... 1.0
  sglang_speculative_accept_threshold_single ...... 1.0
  sglang_speculative_adaptive ..................... False
  sglang_speculative_adaptive_config .............. None
  sglang_speculative_algorithm .................... None
  sglang_speculative_attention_mode ............... prefill
  sglang_speculative_dflash_block_size ............ None
  sglang_speculative_draft_attention_backend ...... None
  sglang_speculative_draft_load_format ............ None
  sglang_speculative_draft_model_path ............. None
  sglang_speculative_draft_model_quantization ..... None
  sglang_speculative_draft_model_revision ......... None
  sglang_speculative_draft_window_size ............ None
  sglang_speculative_eagle_topk ................... None
  sglang_speculative_moe_a2a_backend .............. None
  sglang_speculative_moe_runner_backend ........... None
  sglang_speculative_ngram_capacity ............... 10000000
  sglang_speculative_ngram_external_corpus_max_tokens  10000000
  sglang_speculative_ngram_external_corpus_path ... None
  sglang_speculative_ngram_external_sam_budget .... 0
  sglang_speculative_ngram_match_type ............. BFS
  sglang_speculative_ngram_max_bfs_breadth ........ 10
  sglang_speculative_ngram_max_trie_depth ......... 18
  sglang_speculative_ngram_min_bfs_breadth ........ 1
  sglang_speculative_num_draft_tokens ............. None
  sglang_speculative_num_steps .................... None
  sglang_speculative_skip_dp_mlp_sync ............. False
  sglang_speculative_token_map .................... None
  sglang_ssl_ca_certs ............................. None
  sglang_ssl_certfile ............................. None
  sglang_ssl_keyfile .............................. None
  sglang_ssl_keyfile_password ..................... None
  sglang_stream_interval .......................... 1
  sglang_stream_response_default_include_usage .... False
  sglang_strip_thinking_cache ..................... False
  sglang_swa_full_tokens_ratio .................... 0.8
  sglang_tbo_token_distribution_threshold ......... 0.48
  sglang_tensor_parallel_size ..................... 1
  sglang_tokenizer_backend ........................ huggingface
  sglang_tokenizer_metrics_allowed_custom_labels .. None
  sglang_tokenizer_metrics_custom_labels_header ... x-custom-labels
  sglang_tokenizer_mode ........................... auto
  sglang_tokenizer_path ........................... None
  sglang_tokenizer_worker_num ..................... 1
  sglang_tool_call_parser ......................... qwen25
  sglang_tool_server .............................. None
  sglang_torch_compile_max_bs ..................... 32
  sglang_torchao_config ........................... 
  sglang_trace_modules ............................ request
  sglang_triton_attention_num_kv_splits ........... 8
  sglang_triton_attention_reduce_in_fp32 .......... False
  sglang_triton_attention_split_tile_size ......... None
  sglang_use_ray .................................. False
  sglang_uvicorn_access_log_exclude_prefixes ...... []
  sglang_warmups .................................. None
  sglang_watchdog_timeout ......................... 300
  sglang_weight_loader_disable_mmap ............... False
  sglang_weight_loader_drop_cache_after_load ...... False
  sglang_weight_loader_prefetch_checkpoints ....... False
  sglang_weight_loader_prefetch_num_threads ....... 4
  sglang_weight_version ........................... default
  sharp_enabled_group ............................. None
  short_seq_prob .................................. 0.1
  skip_eval_before_train .......................... False
  skip_train ...................................... False
  skipped_train_samples ........................... 0
  softmax_type .................................... vanilla
  spec ............................................ None
  split ........................................... None
  squared_relu .................................... False
  start_rollout_id ................................ 0
  start_weight_decay .............................. 0.1
  straggler_ctrlr_port ............................ 65535
  straggler_minmax_count .......................... 1
  strict_fsdp_dtensor_load ........................ True
  suggested_communication_unit_size ............... None
  swiglu .......................................... True
  swin_backbone_type .............................. tiny
  symmetric_ar_type ............................... None
  tb_experiment_name .............................. None
  tb_project_name ................................. None
  te_precision_config_file ........................ None
  te_rng_tracker .................................. False
  tensor_model_parallel_size ...................... 1
  tensorboard_dir ................................. None
  tensorboard_log_interval ........................ 1
  tensorboard_queue_size .......................... 1000
  test_data_path .................................. None
  test_mode ....................................... False
  tiktoken_num_special_tokens ..................... 1000
  tiktoken_pattern ................................ None
  tiktoken_special_tokens ......................... None
  timing_log_level ................................ 0
  timing_log_option ............................... minmax
  tis_clip ........................................ 2.0
  tis_clip_low .................................... 0
  titles_data_path ................................ None
  tokenizer_hf_include_special_tokens ............. False
  tokenizer_hf_use_fast ........................... False
  tokenizer_metadata .............................. None
  tokenizer_model ................................. /root/models/Qwen3-0.6B
  tokenizer_sentencepiece_legacy .................. False
  tokenizer_special_tokens ........................ None
  tokenizer_type .................................. HuggingFaceTokenizer
  tool_key ........................................ tools
  torch_fsdp2_reshard_after_forward ............... True
  tp_comm_bootstrap_backend ....................... nccl
  tp_comm_bulk_dgrad .............................. True
  tp_comm_bulk_wgrad .............................. True
  tp_comm_overlap ................................. False
  tp_comm_overlap_ag .............................. True
  tp_comm_overlap_cfg ............................. None
  tp_comm_overlap_rs .............................. True
  tp_comm_overlap_rs_dgrad ........................ False
  tp_comm_split_ag ................................ True
  tp_comm_split_rs ................................ True
  train_backend ................................... megatron
  train_data_path ................................. None
  train_env_vars .................................. {}
  train_iters ..................................... None
  train_memory_margin_bytes ....................... 1073741824
  train_samples ................................... None
  train_sync_interval ............................. None
  transformer_impl ................................ transformer_engine
  transformer_pipeline_model_parallel_size ........ 1
  trust_remote_code ............................... False
  untie_embeddings_and_output_weights ............. False
  update_weight_buffer_size ....................... 536870912
  update_weight_delta_checksum .................... xxh3-128
  update_weight_delta_encoding .................... xor
  update_weight_disk_dir .......................... None
  update_weight_disk_keep_files ................... False
  update_weight_local_checkpoint_dir .............. None
  update_weight_mode .............................. full
  update_weight_transport ......................... nccl
  update_weights_interval ......................... 1
  use_checkpoint_args ............................. False
  use_checkpoint_opt_param_scheduler .............. False
  use_cpu_initialization .......................... None
  use_critic ...................................... False
  use_dist_ckpt ................................... True
  use_dist_ckpt_deprecated ........................ False
  use_distributed_optimizer ....................... True
  use_distributed_post ............................ False
  use_dynamic_batch_size .......................... True
  use_fault_tolerance ............................. False
  use_flash_attn .................................. False
  use_fused_weighted_squared_relu ................. False
  use_gated_attention ............................. False
  use_kitchen_attention ........................... False
  use_kl_loss ..................................... True
  use_legacy_models ............................... False
  use_legacy_static_engine ........................ False
  use_mamba_mem_eff_path .......................... True
  use_megatron_fsdp ............................... False
  use_mp_args_from_checkpoint_args ................ False
  use_one_sent_docs ............................... False
  use_opd ......................................... False
  use_opsm ........................................ False
  use_persistent_ckpt_worker ...................... True
  use_precision_aware_optimizer ................... False
  use_pytorch_profiler ............................ False
  use_ring_exchange_p2p ........................... False
  use_rollout_entropy ............................. False
  use_rollout_logprobs ............................ False
  use_rollout_routing_replay ...................... False
  use_rope_scaling ................................ False
  use_rotary_position_embeddings .................. True
  use_routing_replay .............................. False
  use_sharp ....................................... False
  use_stateless_adam .............................. False
  use_te_activation_func .......................... False
  use_tensorboard ................................. False
  use_tis ......................................... False
  use_tokenizer_model_from_checkpoint_args ........ True
  use_torch_fsdp2 ................................. False
  use_torch_optimizer_for_cpu_offload ............. False
  use_tp_pp_dp_mapping ............................ False
  use_unbiased_kl ................................. False
  use_wandb ....................................... False
  v_head_dim ...................................... 128
  valid_data_path ................................. None
  value_clip ...................................... 0.2
  variable_seq_lengths ............................ False
  virtual_pipeline_model_parallel_size ............ None
  vision_backbone_type ............................ vit
  vision_pretraining .............................. False
  vision_pretraining_type ......................... classify
  vocab_extra_ids ................................. 0
  vocab_file ...................................... None
  vocab_size ...................................... 151936
  wandb_always_use_train_step ..................... False
  wandb_dir ....................................... None
  wandb_entity .................................... None
  wandb_exp_name .................................. None
  wandb_group ..................................... None
  wandb_host ...................................... None
  wandb_key ....................................... None
  wandb_mode ...................................... None
  wandb_project ................................... None
  wandb_random_suffix ............................. True
  wandb_run_id .................................... None
  wandb_save_dir .................................. None
  wandb_team ...................................... None
  weight_decay .................................... 0.1
  weight_decay_incr_style ......................... constant
  wgrad_deferral_limit ............................ 0
  window_attn_skip_freq ........................... None
  window_size ..................................... None
  worker_urls ..................................... []
  world_size ...................................... 1
  yaml_cfg ........................................ None
-------------------- end of arguments ---------------------
[2026-07-08 18:02:27] arguments.py:80 - --moe-token-dispatcher-type allgather does not support variable sequence length, please use alltoall dispatcher instead.
[2026-07-08 18:02:27] placement_group.py:125 - Creating placement group with 4 GPUs...
2026-07-08 18:02:27,749	INFO worker.py:1683 -- Using address 10.96.0.0:6379 set in the environment variable RAY_ADDRESS
2026-07-08 18:02:27,759	INFO worker.py:1833 -- Connecting to existing Ray cluster at address: 10.96.0.0:6379...
2026-07-08 18:02:27,826	INFO worker.py:2015 -- Connected to Ray cluster. View the dashboard at [1m[32mhttp://10.96.0.0:8265 [39m[22m
[2026-07-08 18:02:29] placement_group.py:92 -   bundle    0, actual_bundle_index:    0, node: 10.96.0.0, gpu: 0
[2026-07-08 18:02:29] placement_group.py:92 -   bundle    1, actual_bundle_index:    1, node: 10.96.0.0, gpu: 1
[2026-07-08 18:02:29] placement_group.py:92 -   bundle    2, actual_bundle_index:    2, node: 10.96.0.0, gpu: 2
[2026-07-08 18:02:29] placement_group.py:92 -   bundle    3, actual_bundle_index:    3, node: 10.96.0.0, gpu: 3
[36m(RolloutManager pid=13705)[0m [2026-07-08 18:02:38] rollout.py:1040 - Launch router with args: RouterArgs(worker_urls=[], host='10.96.0.0', port=3833, mini_lb=False, test_external_dp_routing=False, pd_disaggregation=False, prefill_urls=[], decode_urls=[], policy='cache_aware', prefill_policy=None, decode_policy=None, worker_startup_timeout_secs=1800, worker_startup_check_interval=30, cache_threshold=0.3, balance_abs_threshold=10, balance_rel_threshold=1.2, eviction_interval_secs=60, max_tree_size=67108864, max_idle_secs=14400, assignment_mode='random', max_payload_size=536870912, bucket_adjust_interval_secs=5, dp_aware=False, enable_igw=False, api_key=None, log_dir=None, log_level='warn', json_log=False, service_discovery=False, selector={}, service_discovery_port=80, service_discovery_namespace=None, prefill_selector={}, decode_selector={}, bootstrap_port_annotation='sglang.ai/bootstrap-port', prometheus_port=4938, prometheus_host='0.0.0.0', prometheus_duration_buckets=None, request_id_headers=None, request_timeout_secs=14400, shutdown_grace_period_secs=180, max_concurrent_requests=-1, queue_size=100, queue_timeout_secs=60, rate_limit_tokens_per_second=None, cors_allowed_origins=[], retry_max_retries=5, retry_initial_backoff_ms=50, retry_max_backoff_ms=30000, retry_backoff_multiplier=1.5, retry_jitter_factor=0.2, disable_retries=False, health_failure_threshold=3, health_success_threshold=2, health_check_timeout_secs=5, health_check_interval_secs=60, health_check_endpoint='/health', disable_health_check=True, cb_failure_threshold=10, cb_success_threshold=3, cb_timeout_duration_secs=60, cb_window_duration_secs=120, disable_circuit_breaker=False, model_path=None, tokenizer_path=None, chat_template=None, tokenizer_cache_enable_l0=False, tokenizer_cache_l0_max_entries=10000, tokenizer_cache_enable_l1=False, tokenizer_cache_l1_max_memory=52428800, reasoning_parser=None, tool_call_parser=None, mcp_config_path=None, backend='sglang', history_backend='memory', oracle_wallet_path=None, oracle_tns_alias=None, oracle_connect_descriptor=None, oracle_username=None, oracle_password=None, oracle_pool_min=1, oracle_pool_max=16, oracle_pool_timeout_secs=30, postgres_db_url=None, postgres_pool_max=16, redis_url=None, redis_pool_max=16, redis_retention_days=30, client_cert_path=None, client_key_path=None, ca_cert_paths=[], server_cert_path=None, server_key_path=None, enable_trace=False, otlp_traces_endpoint='localhost:4317', control_plane_api_keys=[], control_plane_audit_enabled=False, jwt_issuer=None, jwt_audience=None, jwt_jwks_uri=None, jwt_role_mapping={})
[36m(pid=13708)[0m Unable to import `torchao` Tensor objects. This may affect loading checkpoints serialized with `torchao`
[36m(RolloutManager pid=13705)[0m [2026-07-08 18:02:41] rollout.py:1051 - Router launched at 10.96.0.0:3833, Prometheus port: 4938
[36m(RolloutManager pid=13705)[0m [2026-07-08 18:02:41] rollout.py:1129 - Engine group 'regular' gpu_offset=0 (abs=1): needs_offload=False
[36m(pid=13708)[0m /usr/local/lib/python3.12/dist-packages/modelopt/torch/__init__.py:53: UserWarning: transformers>=5.0 support is experimental. Unified Hugging Face checkpoint export for quantized checkpoints may not work for some models yet.
[36m(pid=13708)[0m   _warnings.warn(
[36m(pid=13708)[0m [ERROR] `cache_position` is part of Qwen3ASRThinkerTextModel.forward's signature, but not documented. Make sure to add it to the docstring of the function in /usr/local/lib/python3.12/dist-packages/megatron/bridge/models/qwen3_asr/hf_qwen3_asr/modeling_qwen3_asr.py.
[36m(pid=13708)[0m [ERROR] `cache_position` is part of Qwen3ASRThinkerForConditionalGeneration.forward's signature, but not documented. Make sure to add it to the docstring of the function in /usr/local/lib/python3.12/dist-packages/megatron/bridge/models/qwen3_asr/hf_qwen3_asr/modeling_qwen3_asr.py.
[36m(pid=13708)[0m LANG_RL Log directory: None
[36m(MegatronTrainRayActor pid=13708)[0m [2026-07-08 18:02:44] reloadable_process_group.py:36 - Applying monkey patch to torch.distributed
[36m(pid=14251)[0m /sgl-workspace/sglang/python/sglang/srt/environ.py:890: UserWarning: Environment variable SGL_DISABLE_TP_MEMORY_INBALANCE_CHECK will be deprecated, please use SGLANG_ENABLE_TP_MEMORY_INBALANCE_CHECK instead
[36m(pid=14251)[0m   warnings.warn(
[36m(pid=14251)[0m /sgl-workspace/sglang/python/sglang/srt/environ.py:936: UserWarning: Environment variable SGL_DISABLE_TP_MEMORY_INBALANCE_CHECK is deprecated, please use SGLANG_DISABLE_TP_MEMORY_INBALANCE_CHECK
[36m(pid=14251)[0m   warnings.warn(
[36m(MegatronTrainRayActor pid=13708)[0m [2026-07-08 18:02:45] train_actor.py:86 - Set NUMA affinity for GPU 0
[36m(MegatronTrainRayActor pid=13708)[0m [2026-07-08 18:02:45] initialize.py:70 - > setting random seeds to 1234 ...
[36m(MegatronTrainRayActor pid=13708)[0m [2026-07-08 18:02:45] _rank_utils.py:43 - You're using the legacy tokenizer system, which is deprecated and will be removed in a future release. Please migrate to the new tokenizer system (`megatron.core.tokenizers.MegatronTokenizer`).
[36m(MegatronTrainRayActor pid=13708)[0m > building HuggingFaceTokenizer tokenizer ...

[36m(MegatronTrainRayActor pid=13708)[0m  > number of parameters on (tensor, pipeline) model parallel rank (0, 0): 596049920[36m(MegatronTrainRayActor pid=13708)[0m [2026-07-08 18:02:48] utils.py:972 - make_tp_sharded_tensor_for_checkpoint received extra kwargs: ['allow_shape_mismatch']
[36m(MegatronTrainRayActor pid=13708)[0m /root/Megatron-LM/megatron/core/dist_checkpointing/strategies/torch.py:801: FutureWarning: `load_state_dict` is deprecated and will be removed in future versions. Please use `load` instead.
[36m(MegatronTrainRayActor pid=13708)[0m   checkpoint.load_state_dict(
[36m(MegatronTrainRayActor pid=13708)[0m /usr/local/lib/python3.12/dist-packages/torch/distributed/checkpoint/planner_helpers.py:489: FutureWarning: Please use DTensor instead and we are deprecating ShardedTensor.
[36m(MegatronTrainRayActor pid=13708)[0m   device = getattr(value, "device", None)
[36m(MegatronTrainRayActor pid=13708)[0m /usr/local/lib/python3.12/dist-packages/torch/distributed/checkpoint/default_planner.py:483: FutureWarning: Please use DTensor instead and we are deprecating ShardedTensor.
[36m(MegatronTrainRayActor pid=13708)[0m   and md.size != obj.size()
[36m(MegatronTrainRayActor pid=13708)[0m sharded_state_dict metadata loaded from the checkpoint: {'distrib_optim_sharding_type': 'dp_reshardable', 'singleton_local_shards': False, 'chained_optim_avoid_prefix': True}
[36m(MegatronTrainRayActor pid=13708)[0m  loading release distributed checkpoint from /root/models/Qwen3-0.6B_torch_dist
[36m(MegatronTrainRayActor pid=13708)[0m /usr/local/lib/python3.12/dist-packages/torch/distributed/c10d_logger.py:83: UserWarning: barrier(): using the device under current context. You can specify `device_id` in `init_process_group` to mute this warning.
[36m(MegatronTrainRayActor pid=13708)[0m   return func(*args, **kwargs)
[36m(MegatronTrainRayActor pid=13708)[0m could not find arguments in the checkpoint ...
[36m(MegatronTrainRayActor pid=13708)[0m  checkpoint version 3.0
[36m(MegatronTrainRayActor pid=13708)[0m   successfully loaded checkpoint from /root/models/Qwen3-0.6B_torch_dist [ t 1/1, p 1/1 ] at iteration 0
[36m(MegatronTrainRayActor pid=13708)[0m [2026-07-08 18:02:50] utils.py:972 - make_tp_sharded_tensor_for_checkpoint received extra kwargs: ['allow_shape_mismatch']
[36m(pid=14242)[0m /sgl-workspace/sglang/python/sglang/srt/environ.py:890: UserWarning: Environment variable SGL_DISABLE_TP_MEMORY_INBALANCE_CHECK will be deprecated, please use SGLANG_ENABLE_TP_MEMORY_INBALANCE_CHECK instead[32m [repeated 2x across cluster] (Ray deduplicates logs by default. Set RAY_DEDUP_LOGS=0 to disable log deduplication, or see https://docs.ray.io/en/master/ray-observability/user-guides/configure-logging.html#log-deduplication for more options.)[0m
[36m(pid=14242)[0m   warnings.warn([32m [repeated 4x across cluster][0m
[36m(pid=14242)[0m /sgl-workspace/sglang/python/sglang/srt/environ.py:936: UserWarning: Environment variable SGL_DISABLE_TP_MEMORY_INBALANCE_CHECK is deprecated, please use SGLANG_DISABLE_TP_MEMORY_INBALANCE_CHECK[32m [repeated 2x across cluster][0m
[36m(MegatronTrainRayActor pid=13708)[0m sharded_state_dict metadata loaded from the checkpoint: {'distrib_optim_sharding_type': 'dp_reshardable', 'singleton_local_shards': False, 'chained_optim_avoid_prefix': True}
[36m(MegatronTrainRayActor pid=13708)[0m  loading release distributed checkpoint from /root/models/Qwen3-0.6B_torch_dist
[36m(MegatronTrainRayActor pid=13708)[0m could not find arguments in the checkpoint ...
[36m(MegatronTrainRayActor pid=13708)[0m  checkpoint version 3.0
[36m(MegatronTrainRayActor pid=13708)[0m   successfully loaded checkpoint from /root/models/Qwen3-0.6B_torch_dist [ t 1/1, p 1/1 ] at iteration 0
[36m(MegatronTrainRayActor pid=13708)[0m [2026-07-08 18:02:52] timer.py:24 - Timer train_wait start
[36m(RolloutManager pid=13705)[0m [2026-07-08 18:02:53] rollout.py:996 - Ports for engine 0: {'host': '10.96.0.0', 'port': 15000, 'nccl_port': 15001, 'dist_init_addr': '10.96.0.0:15016'}
[36m(RolloutManager pid=13705)[0m [2026-07-08 18:02:53] rollout.py:996 - Ports for engine 1: {'host': '10.96.0.0', 'port': 15002, 'nccl_port': 15003, 'dist_init_addr': '10.96.0.0:15047'}
[36m(RolloutManager pid=13705)[0m [2026-07-08 18:02:53] rollout.py:996 - Ports for engine 2: {'host': '10.96.0.0', 'port': 15004, 'nccl_port': 15005, 'dist_init_addr': '10.96.0.0:15078'}
[36m(SGLangEngine pid=14246)[0m The tool_call_parser 'qwen25' is deprecated. Please use 'qwen' instead.
[36m(RolloutManager pid=13705)[0m [2026-07-08 18:02:54] data.py:125 - Filtered 0 samples longer than max_length=20479.
[36m(RolloutManager pid=13705)[0m [2026-07-08 18:02:54] rollout.py:439 - import slime.rollout.fully_async_rollout.generate_rollout_fully_async as generate_rollout function.
[36m(RolloutManager pid=13705)[0m [2026-07-08 18:02:54] rollout.py:440 - import slime.rollout.fully_async_rollout.generate_rollout_fully_async as eval_generate_rollout function.
[36m(SGLangEngine pid=14246)[0m /sgl-workspace/sglang/python/sglang/srt/environ.py:890: UserWarning: Environment variable SGL_DISABLE_TP_MEMORY_INBALANCE_CHECK will be deprecated, please use SGLANG_ENABLE_TP_MEMORY_INBALANCE_CHECK instead
[36m(SGLangEngine pid=14246)[0m   warnings.warn([32m [repeated 2x across cluster][0m
[36m(SGLangEngine pid=14246)[0m /sgl-workspace/sglang/python/sglang/srt/environ.py:936: UserWarning: Environment variable SGL_DISABLE_TP_MEMORY_INBALANCE_CHECK is deprecated, please use SGLANG_DISABLE_TP_MEMORY_INBALANCE_CHECK
[36m(SGLangEngine pid=14251)[0m /sgl-workspace/sglang/python/sglang/srt/environ.py:890: UserWarning: Environment variable SGL_DISABLE_TP_MEMORY_INBALANCE_CHECK will be deprecated, please use SGLANG_ENABLE_TP_MEMORY_INBALANCE_CHECK instead
[36m(SGLangEngine pid=14251)[0m /sgl-workspace/sglang/python/sglang/srt/environ.py:936: UserWarning: Environment variable SGL_DISABLE_TP_MEMORY_INBALANCE_CHECK is deprecated, please use SGLANG_DISABLE_TP_MEMORY_INBALANCE_CHECK
[36m(SGLangEngine pid=14246)[0m [2026-07-08 18:03:05] server_args=ServerArgs(model_path='/root/models/Qwen3-0.6B', tokenizer_path='/root/models/Qwen3-0.6B', tokenizer_mode='auto', tokenizer_backend='huggingface', tokenizer_worker_num=1, detokenizer_worker_num=1, skip_tokenizer_init=False, load_format='auto', model_loader_extra_config='{}', trust_remote_code=True, context_length=None, is_embedding=False, prefill_only_disable_kv_cache=False, enable_multimodal=None, revision=None, model_impl='auto', model_config_parser='auto', host='10.96.0.0', port=15000, fastapi_root_path='', grpc_mode=False, skip_server_warmup=True, warmups=None, nccl_port=15001, checkpoint_engine_wait_weights_before_ready=False, ssl_keyfile=None, ssl_certfile=None, ssl_ca_certs=None, ssl_keyfile_password=None, enable_ssl_refresh=False, enable_http2=False, dtype='auto', quantization=None, quantization_param_path=None, kv_cache_dtype='auto', enable_fp32_lm_head=False, modelopt_quant=None, modelopt_checkpoint_restore_path=None, modelopt_checkpoint_save_path=None, modelopt_export_path=None, quantize_and_serve=False, rl_quant_profile=None, mem_fraction_static=0.75, max_running_requests=None, max_queued_requests=None, max_total_tokens=None, chunked_prefill_size=8192, enable_dynamic_chunking=False, max_prefill_tokens=16384, prefill_max_requests=None, schedule_policy='fcfs', enable_priority_scheduling=False, disable_priority_preemption=False, default_priority_value=None, abort_on_priority_when_disabled=False, schedule_low_priority_values_first=False, priority_scheduling_preemption_threshold=10, schedule_conservativeness=1.0, page_size=1, swa_full_tokens_ratio=0.8, disable_hybrid_swa_memory=False, radix_eviction_policy='lru', enable_prefill_delayer=False, prefill_delayer_max_delay_passes=30, prefill_delayer_token_usage_low_watermark=None, prefill_delayer_forward_passes_buckets=None, prefill_delayer_wait_seconds_buckets=None, prefill_delayer_queue_min_ratio=None, prefill_delayer_max_delay_ms=None, device='cuda', tp_size=1, pp_size=1, pp_max_micro_batch_size=None, pp_async_batch_depth=0, stream_interval=1, batch_notify_size=16, stream_response_default_include_usage=False, incremental_streaming_output=False, enable_streaming_session=False, random_seed=1234, constrained_json_whitespace_pattern=None, constrained_json_disable_any_whitespace=False, watchdog_timeout=300, soft_watchdog_timeout=None, dist_timeout=None, download_dir=None, model_checksum=None, base_gpu_id=1, gpu_id_step=1, sleep_on_idle=False, load_snapshot_publish_interval=15, use_ray=False, custom_sigquit_handler=None, log_level='info', log_level_http=None, log_requests=False, log_requests_level=2, log_requests_format='text', log_requests_target=None, uvicorn_access_log_exclude_prefixes=[], crash_dump_folder=None, show_time_cost=False, enable_metrics=True, grpc_http_sidecar_port=None, enable_mfu_metrics=False, enable_metrics_for_all_schedulers=False, tokenizer_metrics_custom_labels_header='x-custom-labels', tokenizer_metrics_allowed_custom_labels=None, extra_metric_labels=None, bucket_time_to_first_token=None, bucket_inter_token_latency=None, bucket_e2e_request_latency=None, prompt_tokens_buckets=None, generation_tokens_buckets=None, gc_warning_threshold_secs=0.0, decode_log_interval=40, enable_request_time_stats_logging=False, kv_events_config=None, enable_forward_pass_metrics=False, forward_pass_metrics_worker_id='', forward_pass_metrics_ipc_name=None, enable_trace=False, trace_modules='request', otlp_traces_endpoint='localhost:4317', export_metrics_to_file=False, export_metrics_to_file_dir=None, stat_loggers=None, api_key=None, admin_api_key=None, served_model_name='/root/models/Qwen3-0.6B', weight_version='default', chat_template=None, hf_chat_template_name=None, completion_template=None, file_storage_path='sglang_storage', enable_cache_report=False, reasoning_parser='qwen3', strip_thinking_cache=False, enable_strict_thinking=False, tool_call_parser='qwen', tool_server=None, sampling_defaults='model', asr_max_buffer_seconds=60, asr_max_concurrent_sessions=32, dp_size=1, load_balance_method='round_robin', attn_cp_size=1, moe_dp_size=1, dist_init_addr='10.96.0.0:15016', nnodes=1, node_rank=0, json_model_override_args='{}', preferred_sampling_params=None, enable_lora=None, enable_lora_overlap_loading=None, max_lora_rank=None, lora_target_modules=None, lora_paths=None, max_loaded_loras=None, max_loras_per_batch=8, lora_eviction_policy='lru', lora_backend='csgmv', max_lora_chunk_size=16, experts_shared_outer_loras=None, lora_use_virtual_experts=False, lora_strict_loading=False, lora_drain_wait_threshold=0.0, attention_backend='triton', decode_attention_backend=None, prefill_attention_backend=None, sampling_backend='pytorch', grammar_backend='xgrammar', radix_cache_backend=None, mm_attention_backend=None, fp8_gemm_runner_backend='auto', fp4_gemm_runner_backend='auto', dsa_prefill_backend=None, dsa_decode_backend=None, dsa_topk_backend='sgl-kernel', disable_flashinfer_autotune=False, mamba_backend='triton', speculative_algorithm=None, speculative_draft_model_path=None, speculative_draft_model_revision=None, speculative_draft_load_format=None, speculative_num_steps=None, speculative_eagle_topk=None, speculative_num_draft_tokens=None, speculative_dflash_block_size=None, speculative_accept_threshold_single=1.0, speculative_accept_threshold_acc=1.0, speculative_token_map=None, speculative_attention_mode='prefill', speculative_draft_attention_backend=None, speculative_draft_window_size=None, speculative_moe_runner_backend='auto', speculative_moe_a2a_backend=None, speculative_draft_model_quantization=None, speculative_skip_dp_mlp_sync=False, speculative_ngram_min_bfs_breadth=1, speculative_ngram_max_bfs_breadth=10, speculative_ngram_match_type='BFS', speculative_ngram_max_trie_depth=18, speculative_ngram_capacity=10000000, speculative_ngram_external_corpus_path=None, speculative_ngram_external_sam_budget=0, speculative_ngram_external_corpus_max_tokens=10000000, enable_multi_layer_eagle=False, speculative_adaptive=False, speculative_adaptive_config=None, ep_size=1, moe_a2a_backend='none', moe_runner_backend='auto', flashinfer_mxfp4_moe_precision='default', enable_flashinfer_allreduce_fusion=False, enforce_disable_flashinfer_allreduce_fusion=False, enable_aiter_allreduce_fusion=False, deepep_mode='auto', deepep_dispatcher_output_dtype='auto', ep_num_redundant_experts=0, ep_dispatch_algorithm=None, init_expert_location='trivial', enable_eplb=False, eplb_algorithm='auto', eplb_rebalance_num_iterations=1000, eplb_rebalance_layers_per_chunk=None, eplb_min_rebalancing_utilization_threshold=1.0, expert_distribution_recorder_mode=None, expert_distribution_recorder_buffer_size=1000, enable_expert_distribution_metrics=False, deepep_config=None, moe_dense_tp_size=None, elastic_ep_backend=None, enable_elastic_expert_backup=False, mooncake_ib_device=None, enable_deepep_waterfill=False, elastic_ep_rejoin=False, max_mamba_cache_size=None, mamba_ssm_dtype=None, mamba_full_memory_ratio=0.9, mamba_scheduler_strategy='no_buffer', mamba_track_interval=256, linear_attn_backend='triton', linear_attn_decode_backend=None, linear_attn_prefill_backend=None, enable_hierarchical_cache=False, hicache_ratio=2.0, hicache_size=0, hicache_write_policy='write_through', hicache_io_backend='kernel', hicache_mem_layout='layer_first', hicache_storage_backend=None, hicache_storage_prefetch_policy='timeout', hicache_storage_backend_extra_config=None, release_hicache=False, enable_hisparse=False, hisparse_config=None, enable_lmcache=False, lmcache_config_file=None, kt_weight_path=None, kt_method='AMXINT4', kt_cpuinfer=None, kt_threadpool_count=2, kt_num_gpu_experts=None, kt_max_deferred_experts_per_token=None, dllm_algorithm=None, dllm_algorithm_config=None, cpu_offload_gb=0, offload_group_size=-1, offload_num_in_group=1, offload_prefetch_step=1, offload_mode='cpu', enable_mis=False, disable_radix_cache=False, cuda_graph_max_bs=256, cuda_graph_bs=[1, 2, 4, 8, 12, 16, 24, 32, 40, 48, 56, 64, 72, 80, 88, 96, 104, 112, 120, 128, 136, 144, 152, 160, 168, 176, 184, 192, 200, 208, 216, 224, 232, 240, 248, 256], disable_cuda_graph=True, disable_cuda_graph_padding=False, enable_breakable_cuda_graph=False, enable_profile_cuda_graph=False, enable_cudagraph_gc=False, debug_cuda_graph=False, enable_layerwise_nvtx_marker=False, enable_nccl_nvls=False, enable_symm_mem=False, disable_flashinfer_cutlass_moe_fp4_allgather=False, enable_tokenizer_batch_encode=False, disable_tokenizer_batch_decode=False, disable_outlines_disk_cache=False, disable_custom_all_reduce=False, enable_mscclpp=False, enable_torch_symm_mem=False, pre_warm_nccl=False, disable_overlap_schedule=False, enable_mixed_chunk=False, enable_dp_attention=False, enable_dp_attention_local_control_broadcast=False, enable_dp_lm_head=False, enable_two_batch_overlap=False, enable_single_batch_overlap=False, tbo_token_distribution_threshold=0.48, enable_torch_compile=False, disable_piecewise_cuda_graph=False, enforce_piecewise_cuda_graph=False, enable_torch_compile_debug_mode=False, torch_compile_max_bs=32, piecewise_cuda_graph_max_tokens=8192, piecewise_cuda_graph_tokens=[4, 8, 12, 16, 20, 24, 28, 32, 48, 64, 80, 96, 112, 128, 144, 160, 176, 192, 208, 224, 240, 256, 288, 320, 352, 384, 416, 448, 480, 512, 576, 640, 704, 768, 832, 896, 960, 1024, 1280, 1536, 1792, 2048, 2304, 2560, 2816, 3072, 3328, 3584, 3840, 4096, 4608, 5120, 5632, 6144, 6656, 7168, 7680, 8192], piecewise_cuda_graph_compiler='eager', torchao_config='', enable_p2p_check=False, triton_attention_reduce_in_fp32=False, triton_attention_num_kv_splits=8, triton_attention_split_tile_size=None, num_continuous_decode_steps=1, delete_ckpt_after_loading=False, enable_memory_saver=False, enable_weights_cpu_backup=False, enable_draft_weights_cpu_backup=True, allow_auto_truncate=False, enable_custom_logit_processor=False, flashinfer_mla_disable_ragged=False, disable_shared_experts_fusion=False, enforce_shared_experts_fusion=False, disable_chunked_prefix_cache=False, disable_fast_image_processor=False, keep_mm_feature_on_device=False, enable_return_hidden_states=False, enable_return_routed_experts=False, enable_return_indexer_topk=False, enable_deepseek_v4_fp4_indexer=False, scheduler_recv_interval=1, numa_node=None, enable_deterministic_inference=False, rl_on_policy_target=None, enable_attn_tp_input_scattered=False, disable_attn_tp_gather=False, gc_threshold=None, kv_canary='none', kv_canary_real_data='none', kv_canary_sweep_interval=0, enable_dsa_prefill_context_parallel=False, dsa_prefill_cp_mode='round-robin-split', enable_fused_qk_norm_rope=False, enable_precise_embedding_interpolation=False, enable_fused_moe_sum_all_reduce=False, enable_prefill_context_parallel=False, prefill_cp_mode='in-seq-split', enable_dynamic_batch_tokenizer=False, dynamic_batch_tokenizer_batch_size=32, dynamic_batch_tokenizer_batch_timeout=0.002, debug_tensor_dump_output_folder=None, debug_tensor_dump_layers=None, debug_tensor_dump_input_file=None, debug_tensor_dump_inject=False, disaggregation_mode='null', disaggregation_transfer_backend='mooncake', disaggregation_bootstrap_port=8998, disaggregation_ib_device=None, disaggregation_decode_enable_radix_cache=False, disaggregation_decode_enable_offload_kvcache=False, num_reserved_decode_tokens=512, disaggregation_decode_polling_interval=1, optimistic_prefill_retries=0, encoder_only=False, language_only=False, encoder_transfer_backend='zmq_to_scheduler', encoder_urls=[], encoder_bootstrap_port=8997, encoder_register_urls=[], enable_adaptive_dispatch_to_encoder=False, custom_weight_loader=[], custom_pull_weights_pre_read_hook=None, weight_loader_disable_mmap=False, weight_loader_prefetch_checkpoints=False, weight_loader_prefetch_num_threads=4, weight_loader_drop_cache_after_load=False, remote_instance_weight_loader_seed_instance_ip=None, remote_instance_weight_loader_seed_instance_service_port=None, remote_instance_weight_loader_send_weights_group_ports=None, remote_instance_weight_loader_backend='nccl', remote_instance_weight_loader_start_seed_via_transfer_engine=False, engine_info_bootstrap_port=6789, modelexpress_config=None, enable_pdmux=False, pdmux_config_path=None, sm_group_num=8, enable_broadcast_mm_inputs_process=False, enable_prefix_mm_cache=False, mm_enable_dp_encoder=False, mm_process_config={}, limit_mm_data_per_request=None, enable_mm_global_cache=False, decrypted_config_file=None, decrypted_draft_config_file=None, forward_hooks=None, enable_quant_communications=False, msprobe_dump_config=None)
[36m(SGLangEngine pid=14246)[0m [2026-07-08 18:03:05] User lacks permission to set NUMA affinity, skipping NUMA node configuration for GPU. If using docker, try adding --cap-add SYS_NICE to your docker run command.
[36m(SGLangEngine pid=14242)[0m The tool_call_parser 'qwen25' is deprecated. Please use 'qwen' instead.[32m [repeated 2x across cluster][0m
[36m(SGLangEngine pid=14242)[0m   warnings.warn([32m [repeated 4x across cluster][0m
[36m(SGLangEngine pid=14242)[0m /sgl-workspace/sglang/python/sglang/srt/environ.py:890: UserWarning: Environment variable SGL_DISABLE_TP_MEMORY_INBALANCE_CHECK will be deprecated, please use SGLANG_ENABLE_TP_MEMORY_INBALANCE_CHECK instead
[36m(SGLangEngine pid=14242)[0m /sgl-workspace/sglang/python/sglang/srt/environ.py:936: UserWarning: Environment variable SGL_DISABLE_TP_MEMORY_INBALANCE_CHECK is deprecated, please use SGLANG_DISABLE_TP_MEMORY_INBALANCE_CHECK
[36m(SGLangEngine pid=14246)[0m [2026-07-08 18:03:06] Using default HuggingFace chat template with detected content format: string
[36m(SGLangEngine pid=14246)[0m [2026-07-08 18:03:07] Auto-detected template features: reasoning_config=ReasoningToggleConfig(toggle_param='enable_thinking', default_enabled=True, special_case=None), reasoning_parser=qwen3, tool_call_parser=qwen
[36m(SGLangEngine pid=14246)[0m /sgl-workspace/sglang/python/sglang/srt/environ.py:890: UserWarning: Environment variable SGL_DISABLE_TP_MEMORY_INBALANCE_CHECK will be deprecated, please use SGLANG_ENABLE_TP_MEMORY_INBALANCE_CHECK instead
[36m(SGLangEngine pid=14246)[0m /sgl-workspace/sglang/python/sglang/srt/environ.py:936: UserWarning: Environment variable SGL_DISABLE_TP_MEMORY_INBALANCE_CHECK is deprecated, please use SGLANG_DISABLE_TP_MEMORY_INBALANCE_CHECK
[36m(SGLangEngine pid=14246)[0m <frozen importlib._bootstrap_external>:1297: FutureWarning: The cuda.cudart module is deprecated and will be removed in a future release, please switch to use the cuda.bindings.runtime module instead.
[36m(SGLangEngine pid=14246)[0m <frozen importlib._bootstrap_external>:1297: FutureWarning: The cuda.nvrtc module is deprecated and will be removed in a future release, please switch to use the cuda.bindings.nvrtc module instead.
[36m(SGLangEngine pid=14242)[0m [2026-07-08 18:03:05] server_args=ServerArgs(model_path='/root/models/Qwen3-0.6B', tokenizer_path='/root/models/Qwen3-0.6B', tokenizer_mode='auto', tokenizer_backend='huggingface', tokenizer_worker_num=1, detokenizer_worker_num=1, skip_tokenizer_init=False, load_format='auto', model_loader_extra_config='{}', trust_remote_code=True, context_length=None, is_embedding=False, prefill_only_disable_kv_cache=False, enable_multimodal=None, revision=None, model_impl='auto', model_config_parser='auto', host='10.96.0.0', port=15002, fastapi_root_path='', grpc_mode=False, skip_server_warmup=True, warmups=None, nccl_port=15003, checkpoint_engine_wait_weights_before_ready=False, ssl_keyfile=None, ssl_certfile=None, ssl_ca_certs=None, ssl_keyfile_password=None, enable_ssl_refresh=False, enable_http2=False, dtype='auto', quantization=None, quantization_param_path=None, kv_cache_dtype='auto', enable_fp32_lm_head=False, modelopt_quant=None, modelopt_checkpoint_restore_path=None, modelopt_checkpoint_save_path=None, modelopt_export_path=None, quantize_and_serve=False, rl_quant_profile=None, mem_fraction_static=0.75, max_running_requests=None, max_queued_requests=None, max_total_tokens=None, chunked_prefill_size=8192, enable_dynamic_chunking=False, max_prefill_tokens=16384, prefill_max_requests=None, schedule_policy='fcfs', enable_priority_scheduling=False, disable_priority_preemption=False, default_priority_value=None, abort_on_priority_when_disabled=False, schedule_low_priority_values_first=False, priority_scheduling_preemption_threshold=10, schedule_conservativeness=1.0, page_size=1, swa_full_tokens_ratio=0.8, disable_hybrid_swa_memory=False, radix_eviction_policy='lru', enable_prefill_delayer=False, prefill_delayer_max_delay_passes=30, prefill_delayer_token_usage_low_watermark=None, prefill_delayer_forward_passes_buckets=None, prefill_delayer_wait_seconds_buckets=None, prefill_delayer_queue_min_ratio=None, prefill_delayer_max_delay_ms=None, device='cuda', tp_size=1, pp_size=1, pp_max_micro_batch_size=None, pp_async_batch_depth=0, stream_interval=1, batch_notify_size=16, stream_response_default_include_usage=False, incremental_streaming_output=False, enable_streaming_session=False, random_seed=1235, constrained_json_whitespace_pattern=None, constrained_json_disable_any_whitespace=False, watchdog_timeout=300, soft_watchdog_timeout=None, dist_timeout=None, download_dir=None, model_checksum=None, base_gpu_id=2, gpu_id_step=1, sleep_on_idle=False, load_snapshot_publish_interval=15, use_ray=False, custom_sigquit_handler=None, log_level='info', log_level_http=None, log_requests=False, log_requests_level=2, log_requests_format='text', log_requests_target=None, uvicorn_access_log_exclude_prefixes=[], crash_dump_folder=None, show_time_cost=False, enable_metrics=True, grpc_http_sidecar_port=None, enable_mfu_metrics=False, enable_metrics_for_all_schedulers=False, tokenizer_metrics_custom_labels_header='x-custom-labels', tokenizer_metrics_allowed_custom_labels=None, extra_metric_labels=None, bucket_time_to_first_token=None, bucket_inter_token_latency=None, bucket_e2e_request_latency=None, prompt_tokens_buckets=None, generation_tokens_buckets=None, gc_warning_threshold_secs=0.0, decode_log_interval=40, enable_request_time_stats_logging=False, kv_events_config=None, enable_forward_pass_metrics=False, forward_pass_metrics_worker_id='', forward_pass_metrics_ipc_name=None, enable_trace=False, trace_modules='request', otlp_traces_endpoint='localhost:4317', export_metrics_to_file=False, export_metrics_to_file_dir=None, stat_loggers=None, api_key=None, admin_api_key=None, served_model_name='/root/models/Qwen3-0.6B', weight_version='default', chat_template=None, hf_chat_template_name=None, completion_template=None, file_storage_path='sglang_storage', enable_cache_report=False, reasoning_parser='qwen3', strip_thinking_cache=False, enable_strict_thinking=False, tool_call_parser='qwen', tool_server=None, sampling_defaults='model', asr_max_buffer_seconds=60, asr_max_concurrent_sessions=32, dp_size=1, load_balance_method='round_robin', attn_cp_size=1, moe_dp_size=1, dist_init_addr='10.96.0.0:15047', nnodes=1, node_rank=0, json_model_override_args='{}', preferred_sampling_params=None, enable_lora=None, enable_lora_overlap_loading=None, max_lora_rank=None, lora_target_modules=None, lora_paths=None, max_loaded_loras=None, max_loras_per_batch=8, lora_eviction_policy='lru', lora_backend='csgmv', max_lora_chunk_size=16, experts_shared_outer_loras=None, lora_use_virtual_experts=False, lora_strict_loading=False, lora_drain_wait_threshold=0.0, attention_backend='triton', decode_attention_backend=None, prefill_attention_backend=None, sampling_backend='pytorch', grammar_backend='xgrammar', radix_cache_backend=None, mm_attention_backend=None, fp8_gemm_runner_backend='auto', fp4_gemm_runner_backend='auto', dsa_prefill_backend=None, dsa_decode_backend=None, dsa_topk_backend='sgl-kernel', disable_flashinfer_autotune=False, mamba_backend='triton', speculative_algorithm=None, speculative_draft_model_path=None, speculative_draft_model_revision=None, speculative_draft_load_format=None, speculative_num_steps=None, speculative_eagle_topk=None, speculative_num_draft_tokens=None, speculative_dflash_block_size=None, speculative_accept_threshold_single=1.0, speculative_accept_threshold_acc=1.0, speculative_token_map=None, speculative_attention_mode='prefill', speculative_draft_attention_backend=None, speculative_draft_window_size=None, speculative_moe_runner_backend='auto', speculative_moe_a2a_backend=None, speculative_draft_model_quantization=None, speculative_skip_dp_mlp_sync=False, speculative_ngram_min_bfs_breadth=1, speculative_ngram_max_bfs_breadth=10, speculative_ngram_match_type='BFS', speculative_ngram_max_trie_depth=18, speculative_ngram_capacity=10000000, speculative_ngram_external_corpus_path=None, speculative_ngram_external_sam_budget=0, speculative_ngram_external_corpus_max_tokens=10000000, enable_multi_layer_eagle=False, speculative_adaptive=False, speculative_adaptive_config=None, ep_size=1, moe_a2a_backend='none', moe_runner_backend='auto', flashinfer_mxfp4_moe_precision='default', enable_flashinfer_allreduce_fusion=False, enforce_disable_flashinfer_allreduce_fusion=False, enable_aiter_allreduce_fusion=False, deepep_mode='auto', deepep_dispatcher_output_dtype='auto', ep_num_redundant_experts=0, ep_dispatch_algorithm=None, init_expert_location='trivial', enable_eplb=False, eplb_algorithm='auto', eplb_rebalance_num_iterations=1000, eplb_rebalance_layers_per_chunk=None, eplb_min_rebalancing_utilization_threshold=1.0, expert_distribution_recorder_mode=None, expert_distribution_recorder_buffer_size=1000, enable_expert_distribution_metrics=False, deepep_config=None, moe_dense_tp_size=None, elastic_ep_backend=None, enable_elastic_expert_backup=False, mooncake_ib_device=None, enable_deepep_waterfill=False, elastic_ep_rejoin=False, max_mamba_cache_size=None, mamba_ssm_dtype=None, mamba_full_memory_ratio=0.9, mamba_scheduler_strategy='no_buffer', mamba_track_interval=256, linear_attn_backend='triton', linear_attn_decode_backend=None, linear_attn_prefill_backend=None, enable_hierarchical_cache=False, hicache_ratio=2.0, hicache_size=0, hicache_write_policy='write_through', hicache_io_backend='kernel', hicache_mem_layout='layer_first', hicache_storage_backend=None, hicache_storage_prefetch_policy='timeout', hicache_storage_backend_extra_config=None, release_hicache=False, enable_hisparse=False, hisparse_config=None, enable_lmcache=False, lmcache_config_file=None, kt_weight_path=None, kt_method='AMXINT4', kt_cpuinfer=None, kt_threadpool_count=2, kt_num_gpu_experts=None, kt_max_deferred_experts_per_token=None, dllm_algorithm=None, dllm_algorithm_config=None, cpu_offload_gb=0, offload_group_size=-1, offload_num_in_group=1, offload_prefetch_step=1, offload_mode='cpu', enable_mis=False, disable_radix_cache=False, cuda_graph_max_bs=256, cuda_graph_bs=[1, 2, 4, 8, 12, 16, 24, 32, 40, 48, 56, 64, 72, 80, 88, 96, 104, 112, 120, 128, 136, 144, 152, 160, 168, 176, 184, 192, 200, 208, 216, 224, 232, 240, 248, 256], disable_cuda_graph=True, disable_cuda_graph_padding=False, enable_breakable_cuda_graph=False, enable_profile_cuda_graph=False, enable_cudagraph_gc=False, debug_cuda_graph=False, enable_layerwise_nvtx_marker=False, enable_nccl_nvls=False, enable_symm_mem=False, disable_flashinfer_cutlass_moe_fp4_allgather=False, enable_tokenizer_batch_encode=False, disable_tokenizer_batch_decode=False, disable_outlines_disk_cache=False, disable_custom_all_reduce=False, enable_mscclpp=False, enable_torch_symm_mem=False, pre_warm_nccl=False, disable_overlap_schedule=False, enable_mixed_chunk=False, enable_dp_attention=False, enable_dp_attention_local_control_broadcast=False, enable_dp_lm_head=False, enable_two_batch_overlap=False, enable_single_batch_overlap=False, tbo_token_distribution_threshold=0.48, enable_torch_compile=False, disable_piecewise_cuda_graph=False, enforce_piecewise_cuda_graph=False, enable_torch_compile_debug_mode=False, torch_compile_max_bs=32, piecewise_cuda_graph_max_tokens=8192, piecewise_cuda_graph_tokens=[4, 8, 12, 16, 20, 24, 28, 32, 48, 64, 80, 96, 112, 128, 144, 160, 176, 192, 208, 224, 240, 256, 288, 320, 352, 384, 416, 448, 480, 512, 576, 640, 704, 768, 832, 896, 960, 1024, 1280, 1536, 1792, 2048, 2304, 2560, 2816, 3072, 3328, 3584, 3840, 4096, 4608, 5120, 5632, 6144, 6656, 7168, 7680, 8192], piecewise_cuda_graph_compiler='eager', torchao_config='', enable_p2p_check=False, triton_attention_reduce_in_fp32=False, triton_attention_num_kv_splits=8, triton_attention_split_tile_size=None, num_continuous_decode_steps=1, delete_ckpt_after_loading=False, enable_memory_saver=False, enable_weights_cpu_backup=False, enable_draft_weights_cpu_backup=True, allow_auto_truncate=False, enable_custom_logit_processor=False, flashinfer_mla_disable_ragged=False, disable_shared_experts_fusion=False, enforce_shared_experts_fusion=False, disable_chunked_prefix_cache=False, disable_fast_image_processor=False, keep_mm_feature_on_device=False, enable_return_hidden_states=False, enable_return_routed_experts=False, enable_return_indexer_topk=False, enable_deepseek_v4_fp4_indexer=False, scheduler_recv_interval=1, numa_node=None, enable_deterministic_inference=False, rl_on_policy_target=None, enable_attn_tp_input_scattered=False, disable_attn_tp_gather=False, gc_threshold=None, kv_canary='none', kv_canary_real_data='none', kv_canary_sweep_interval=0, enable_dsa_prefill_context_parallel=False, dsa_prefill_cp_mode='round-robin-split', enable_fused_qk_norm_rope=False, enable_precise_embedding_interpolation=False, enable_fused_moe_sum_all_reduce=False, enable_prefill_context_parallel=False, prefill_cp_mode='in-seq-split', enable_dynamic_batch_tokenizer=False, dynamic_batch_tokenizer_batch_size=32, dynamic_batch_tokenizer_batch_timeout=0.002, debug_tensor_dump_output_folder=None, debug_tensor_dump_layers=None, debug_tensor_dump_input_file=None, debug_tensor_dump_inject=False, disaggregation_mode='null', disaggregation_transfer_backend='mooncake', disaggregation_bootstrap_port=8998, disaggregation_ib_device=None, disaggregation_decode_enable_radix_cache=False, disaggregation_decode_enable_offload_kvcache=False, num_reserved_decode_tokens=512, disaggregation_decode_polling_interval=1, optimistic_prefill_retries=0, encoder_only=False, language_only=False, encoder_transfer_backend='zmq_to_scheduler', encoder_urls=[], encoder_bootstrap_port=8997, encoder_register_urls=[], enable_adaptive_dispatch_to_encoder=False, custom_weight_loader=[], custom_pull_weights_pre_read_hook=None, weight_loader_disable_mmap=False, weight_loader_prefetch_checkpoints=False, weight_loader_prefetch_num_threads=4, weight_loader_drop_cache_after_load=False, remote_instance_weight_loader_seed_instance_ip=None, remote_instance_weight_loader_seed_instance_service_port=None, remote_instance_weight_loader_send_weights_group_ports=None, remote_instance_weight_loader_backend='nccl', remote_instance_weight_loader_start_seed_via_transfer_engine=False, engine_info_bootstrap_port=6789, modelexpress_config=None, enable_pdmux=False, pdmux_config_path=None, sm_group_num=8, enable_broadcast_mm_inputs_process=False, enable_prefix_mm_cache=False, mm_enable_dp_encoder=False, mm_process_config={}, limit_mm_data_per_request=None, enable_mm_global_cache=False, decrypted_config_file=None, decrypted_draft_config_file=None, forward_hooks=None, enable_quant_communications=False, msprobe_dump_config=None)[32m [repeated 2x across cluster][0m
[36m(SGLangEngine pid=14242)[0m [2026-07-08 18:03:05] User lacks permission to set NUMA affinity, skipping NUMA node configuration for GPU. If using docker, try adding --cap-add SYS_NICE to your docker run command.[32m [repeated 2x across cluster][0m
[36m(SGLangEngine pid=14242)[0m   warnings.warn([32m [repeated 10x across cluster][0m
[36m(SGLangEngine pid=14242)[0m [2026-07-08 18:03:07] Using default HuggingFace chat template with detected content format: string[32m [repeated 2x across cluster][0m
[36m(SGLangEngine pid=14242)[0m [2026-07-08 18:03:07] Auto-detected template features: reasoning_config=ReasoningToggleConfig(toggle_param='enable_thinking', default_enabled=True, special_case=None), reasoning_parser=qwen3, tool_call_parser=qwen[32m [repeated 2x across cluster][0m
[36m(SGLangEngine pid=14242)[0m /sgl-workspace/sglang/python/sglang/srt/environ.py:890: UserWarning: Environment variable SGL_DISABLE_TP_MEMORY_INBALANCE_CHECK will be deprecated, please use SGLANG_ENABLE_TP_MEMORY_INBALANCE_CHECK instead[32m [repeated 4x across cluster][0m
[36m(SGLangEngine pid=14242)[0m /sgl-workspace/sglang/python/sglang/srt/environ.py:936: UserWarning: Environment variable SGL_DISABLE_TP_MEMORY_INBALANCE_CHECK is deprecated, please use SGLANG_DISABLE_TP_MEMORY_INBALANCE_CHECK[32m [repeated 4x across cluster][0m
[36m(SGLangEngine pid=14246)[0m [2026-07-08 18:03:18] Detected Megatron Core, using Megatron-FSDP with Megatron.
[36m(SGLangEngine pid=14246)[0m [2026-07-08 18:03:18] Detected Megatron Core, using Megatron-FSDP with Megatron.
[36m(SGLangEngine pid=14246)[0m [2026-07-08 18:03:20] Init torch distributed begin.
[36m(SGLangEngine pid=14242)[0m <frozen importlib._bootstrap_external>:1297: FutureWarning: The cuda.cudart module is deprecated and will be removed in a future release, please switch to use the cuda.bindings.runtime module instead.[32m [repeated 2x across cluster][0m
[36m(SGLangEngine pid=14242)[0m <frozen importlib._bootstrap_external>:1297: FutureWarning: The cuda.nvrtc module is deprecated and will be removed in a future release, please switch to use the cuda.bindings.nvrtc module instead.[32m [repeated 2x across cluster][0m
[36m(SGLangEngine pid=14246)[0m [2026-07-08 18:03:21] Init torch distributed ends. elapsed=1.07 s, mem usage=0.09 GB
[36m(SGLangEngine pid=14246)[0m [2026-07-08 18:03:22] Load weight begin. avail mem=94.26 GB
[36m(SGLangEngine pid=14246)[0m 
Multi-thread loading shards:   0% Completed | 0/1 [00:00<?, ?it/s]
[36m(SGLangEngine pid=14251)[0m [2026-07-08 18:03:18] Detected Megatron Core, using Megatron-FSDP with Megatron.[32m [repeated 4x across cluster][0m
[36m(SGLangEngine pid=14246)[0m [2026-07-08 18:03:24] Parameter lm_head.weight not found in params_dict
[36m(SGLangEngine pid=14246)[0m 
Multi-thread loading shards: 100% Completed | 1/1 [00:01<00:00,  1.37s/it]
Multi-thread loading shards: 100% Completed | 1/1 [00:01<00:00,  1.37s/it]
[36m(SGLangEngine pid=14246)[0m [2026-07-08 18:03:24] Load weight end. elapsed=1.91 s, type=Qwen3ForCausalLM, avail mem=93.08 GB, mem usage=1.18 GB.
[36m(SGLangEngine pid=14246)[0m [2026-07-08 18:03:24] Max concurrent requests (per dp worker) from the finalized token capacity: max_num_reqs=4096.
[36m(SGLangEngine pid=14246)[0m [2026-07-08 18:03:24] KV Cache is allocated. dtype: torch.bfloat16, #tokens: 650626, K size: 34.75 GB, V size: 34.75 GB
[36m(SGLangEngine pid=14246)[0m [2026-07-08 18:03:24] Memory pool end. avail mem=22.87 GB
[36m(SGLangEngine pid=14246)[0m [2026-07-08 18:03:24] Capture piecewise CUDA graph begin. avail mem=22.86 GB
[36m(SGLangEngine pid=14246)[0m [2026-07-08 18:03:24] Capture cuda graph num tokens [4, 8, 12, 16, 20, 24, 28, 32, 48, 64, 80, 96, 112, 128, 144, 160, 176, 192, 208, 224, 240, 256, 288, 320, 352, 384, 416, 448, 480, 512, 576, 640, 704, 768, 832, 896, 960, 1024, 1280, 1536, 1792, 2048, 2304, 2560, 2816, 3072, 3328, 3584, 3840, 4096, 4608, 5120, 5632, 6144, 6656, 7168, 7680, 8192]
[36m(SGLangEngine pid=14246)[0m 
  0%|          | 0/58 [00:00<?, ?it/s]
Compiling num tokens (num_tokens=8192):   0%|          | 0/58 [00:00<?, ?it/s]
[36m(SGLangEngine pid=14251)[0m [2026-07-08 18:03:20] Init torch distributed begin.[32m [repeated 2x across cluster][0m
[36m(SGLangEngine pid=14242)[0m [2026-07-08 18:03:21] Init torch distributed ends. elapsed=1.07 s, mem usage=0.09 GB[32m [repeated 2x across cluster][0m
[36m(SGLangEngine pid=14242)[0m [2026-07-08 18:03:22] Load weight begin. avail mem=94.26 GB[32m [repeated 2x across cluster][0m
[36m(SGLangEngine pid=14251)[0m 
Multi-thread loading shards:   0% Completed | 0/1 [00:00<?, ?it/s][32m [repeated 2x across cluster][0m
[36m(SGLangEngine pid=14242)[0m [2026-07-08 18:03:24] Parameter lm_head.weight not found in params_dict[32m [repeated 2x across cluster][0m
[36m(SGLangEngine pid=14242)[0m 
Multi-thread loading shards: 100% Completed | 1/1 [00:01<00:00,  1.43s/it]
Multi-thread loading shards: 100% Completed | 1/1 [00:01<00:00,  1.44s/it][32m [repeated 2x across cluster][0m
[36m(SGLangEngine pid=14242)[0m [2026-07-08 18:03:24] Load weight end. elapsed=1.96 s, type=Qwen3ForCausalLM, avail mem=93.08 GB, mem usage=1.18 GB.[32m [repeated 2x across cluster][0m
[36m(SGLangEngine pid=14242)[0m [2026-07-08 18:03:24] Max concurrent requests (per dp worker) from the finalized token capacity: max_num_reqs=4096.[32m [repeated 2x across cluster][0m
[36m(SGLangEngine pid=14242)[0m [2026-07-08 18:03:24] KV Cache is allocated. dtype: torch.bfloat16, #tokens: 650626, K size: 34.75 GB, V size: 34.75 GB[32m [repeated 2x across cluster][0m
[36m(SGLangEngine pid=14242)[0m [2026-07-08 18:03:24] Memory pool end. avail mem=22.87 GB[32m [repeated 2x across cluster][0m
[36m(SGLangEngine pid=14242)[0m [2026-07-08 18:03:24] Capture piecewise CUDA graph begin. avail mem=22.86 GB[32m [repeated 2x across cluster][0m
[36m(SGLangEngine pid=14242)[0m [2026-07-08 18:03:24] Capture cuda graph num tokens [4, 8, 12, 16, 20, 24, 28, 32, 48, 64, 80, 96, 112, 128, 144, 160, 176, 192, 208, 224, 240, 256, 288, 320, 352, 384, 416, 448, 480, 512, 576, 640, 704, 768, 832, 896, 960, 1024, 1280, 1536, 1792, 2048, 2304, 2560, 2816, 3072, 3328, 3584, 3840, 4096, 4608, 5120, 5632, 6144, 6656, 7168, 7680, 8192][32m [repeated 2x across cluster][0m
[36m(SGLangEngine pid=14242)[0m [2026-07-08 18:03:39] Compiling a graph for dynamic shape takes 0.55 s
[36m(SGLangEngine pid=14242)[0m 
Compiling num tokens (num_tokens=8192):   2%|▏         | 1/58 [00:04<03:49,  4.03s/it]
Compiling num tokens (num_tokens=7680):   2%|▏         | 1/58 [00:04<03:49,  4.03s/it]
[36m(SGLangEngine pid=14242)[0m 
Compiling num tokens (num_tokens=7680):   3%|▎         | 2/58 [00:04<01:37,  1.75s/it]
Compiling num tokens (num_tokens=7168):   3%|▎         | 2/58 [00:04<01:37,  1.75s/it]
Compiling num tokens (num_tokens=6656):   3%|▎         | 2/58 [00:04<01:37,  1.75s/it]
Compiling num tokens (num_tokens=6656):   7%|▋         | 4/58 [00:04<00:37,  1.43it/s]
Compiling num tokens (num_tokens=6144):   7%|▋         | 4/58 [00:04<00:37,  1.43it/s]
[36m(SGLangEngine pid=14242)[0m 
Compiling num tokens (num_tokens=5632):   7%|▋         | 4/58 [00:04<00:37,  1.43it/s]
[36m(SGLangEngine pid=14246)[0m 
Compiling num tokens (num_tokens=6656):   3%|▎         | 2/58 [00:04<01:41,  1.82s/it]
Compiling num tokens (num_tokens=6656):   7%|▋         | 4/58 [00:04<00:39,  1.38it/s]
Compiling num tokens (num_tokens=6144):   7%|▋         | 4/58 [00:04<00:39,  1.38it/s]
[36m(SGLangEngine pid=14242)[0m 
Compiling num tokens (num_tokens=4096):  10%|█         | 6/58 [00:04<00:20,  2.50it/s]
Compiling num tokens (num_tokens=4096):  16%|█▌        | 9/58 [00:04<00:10,  4.51it/s]
Compiling num tokens (num_tokens=3840):  16%|█▌        | 9/58 [00:04<00:10,  4.51it/s]
Compiling num tokens (num_tokens=3584):  16%|█▌        | 9/58 [00:04<00:10,  4.51it/s]
[36m(SGLangEngine pid=14242)[0m 
Compiling num tokens (num_tokens=3072):  16%|█▌        | 9/58 [00:04<00:10,  4.51it/s]
Compiling num tokens (num_tokens=3072):  22%|██▏       | 13/58 [00:04<00:05,  7.75it/s]
Compiling num tokens (num_tokens=2816):  22%|██▏       | 13/58 [00:04<00:05,  7.75it/s]
Compiling num tokens (num_tokens=2560):  22%|██▏       | 13/58 [00:04<00:05,  7.75it/s]
[36m(SGLangEngine pid=14242)[0m 
  0%|          | 0/58 [00:00<?, ?it/s]
Compiling num tokens (num_tokens=8192):   0%|          | 0/58 [00:00<?, ?it/s][32m [repeated 2x across cluster][0m
[36m(SGLangEngine pid=14246)[0m 
Compiling num tokens (num_tokens=208):  64%|██████▍   | 37/58 [00:05<00:00, 25.31it/s]
Compiling num tokens (num_tokens=192):  64%|██████▍   | 37/58 [00:05<00:00, 25.31it/s]
Compiling num tokens (num_tokens=192):  71%|███████   | 41/58 [00:05<00:00, 26.81it/s]
Compiling num tokens (num_tokens=176):  71%|███████   | 41/58 [00:05<00:00, 26.81it/s]
Compiling num tokens (num_tokens=160):  71%|███████   | 41/58 [00:05<00:00, 26.81it/s]
Compiling num tokens (num_tokens=144):  71%|███████   | 41/58 [00:05<00:00, 26.81it/s]
[36m(SGLangEngine pid=14242)[0m 
Compiling num tokens (num_tokens=24):  84%|████████▍ | 49/58 [00:06<00:00, 27.47it/s]
Compiling num tokens (num_tokens=24):  91%|█████████▏| 53/58 [00:06<00:00, 28.49it/s]
Compiling num tokens (num_tokens=20):  91%|█████████▏| 53/58 [00:06<00:00, 28.49it/s]
Compiling num tokens (num_tokens=16):  91%|█████████▏| 53/58 [00:06<00:00, 28.49it/s]
[36m(SGLangEngine pid=14242)[0m 
Compiling num tokens (num_tokens=8):  91%|█████████▏| 53/58 [00:06<00:00, 28.49it/s] 
Compiling num tokens (num_tokens=8):  98%|█████████▊| 57/58 [00:06<00:00, 29.49it/s]
Compiling num tokens (num_tokens=4):  98%|█████████▊| 57/58 [00:06<00:00, 29.49it/s]
[36m(SGLangEngine pid=14242)[0m 
Compiling num tokens (num_tokens=4): 100%|██████████| 58/58 [00:06<00:00,  9.34it/s]
[36m(SGLangEngine pid=14251)[0m 
Compiling num tokens (num_tokens=24):  86%|████████▌ | 50/58 [00:06<00:00, 26.93it/s]
Compiling num tokens (num_tokens=20):  93%|█████████▎| 54/58 [00:06<00:00, 28.28it/s]
Compiling num tokens (num_tokens=16):  93%|█████████▎| 54/58 [00:06<00:00, 28.28it/s]
[36m(SGLangEngine pid=14242)[0m 
  0%|          | 0/58 [00:00<?, ?it/s]
Capturing num tokens (num_tokens=8192 avail_mem=22.50 GB):   0%|          | 0/58 [00:00<?, ?it/s]
[36m(SGLangEngine pid=14246)[0m 
Capturing num tokens (num_tokens=8192 avail_mem=22.50 GB):   2%|▏         | 1/58 [00:00<00:11,  4.95it/s]
Capturing num tokens (num_tokens=7680 avail_mem=22.46 GB):   2%|▏         | 1/58 [00:00<00:11,  4.95it/s]
[36m(SGLangEngine pid=14242)[0m 
Capturing num tokens (num_tokens=4608 avail_mem=22.44 GB):  14%|█▍        | 8/58 [00:01<00:06,  7.81it/s]
Capturing num tokens (num_tokens=4096 avail_mem=22.46 GB):  14%|█▍        | 8/58 [00:01<00:06,  7.81it/s]
Capturing num tokens (num_tokens=3840 avail_mem=22.44 GB):  14%|█▍        | 8/58 [00:01<00:06,  7.81it/s]
[36m(SGLangEngine pid=14242)[0m 
Capturing num tokens (num_tokens=3328 avail_mem=22.44 GB):  17%|█▋        | 10/58 [00:01<00:05,  8.89it/s]
[36m(SGLangEngine pid=14251)[0m [2026-07-08 18:03:39] Compiling a graph for dynamic shape takes 0.57 s[32m [repeated 2x across cluster][0m
[36m(SGLangEngine pid=14246)[0m 
Compiling num tokens (num_tokens=32):  84%|████████▍ | 49/58 [00:06<00:00, 27.77it/s]
Compiling num tokens (num_tokens=24):  84%|████████▍ | 49/58 [00:06<00:00, 27.77it/s][32m [repeated 11x across cluster][0m
[36m(SGLangEngine pid=14246)[0m 
Compiling num tokens (num_tokens=96):  78%|███████▊  | 45/58 [00:05<00:00, 26.28it/s] 
Compiling num tokens (num_tokens=80):  78%|███████▊  | 45/58 [00:05<00:00, 26.28it/s]
Compiling num tokens (num_tokens=64):  78%|███████▊  | 45/58 [00:06<00:00, 26.28it/s]
Compiling num tokens (num_tokens=64):  84%|████████▍ | 49/58 [00:06<00:00, 27.77it/s]
Compiling num tokens (num_tokens=48):  84%|████████▍ | 49/58 [00:06<00:00, 27.77it/s][32m [repeated 7x across cluster][0m
[36m(SGLangEngine pid=14251)[0m 
Compiling num tokens (num_tokens=144):  74%|███████▍  | 43/58 [00:05<00:00, 26.63it/s][32m [repeated 2x across cluster][0m
[36m(SGLangEngine pid=14251)[0m 
Compiling num tokens (num_tokens=80):  79%|███████▉  | 46/58 [00:06<00:00, 25.26it/s]]
Compiling num tokens (num_tokens=96):  79%|███████▉  | 46/58 [00:06<00:00, 25.26it/s] 
Compiling num tokens (num_tokens=64):  79%|███████▉  | 46/58 [00:06<00:00, 25.26it/s][32m [repeated 14x across cluster][0m
[36m(SGLangEngine pid=14251)[0m 
Compiling num tokens (num_tokens=48):  79%|███████▉  | 46/58 [00:06<00:00, 25.26it/s]
Compiling num tokens (num_tokens=48):  86%|████████▌ | 50/58 [00:06<00:00, 26.93it/s]
Compiling num tokens (num_tokens=32):  86%|████████▌ | 50/58 [00:06<00:00, 26.93it/s]
Compiling num tokens (num_tokens=28):  86%|████████▌ | 50/58 [00:06<00:00, 26.93it/s][32m [repeated 14x across cluster][0m
[36m(SGLangEngine pid=14251)[0m 
Compiling num tokens (num_tokens=12):  93%|█████████▎| 54/58 [00:06<00:00, 28.28it/s]
Compiling num tokens (num_tokens=8):  93%|█████████▎| 54/58 [00:06<00:00, 28.28it/s] 
Compiling num tokens (num_tokens=4):  93%|█████████▎| 54/58 [00:06<00:00, 28.28it/s][32m [repeated 3x across cluster][0m
[36m(SGLangEngine pid=14251)[0m 
Compiling num tokens (num_tokens=4): 100%|██████████| 58/58 [00:06<00:00,  9.12it/s]
[36m(SGLangEngine pid=14251)[0m 
  0%|          | 0/58 [00:00<?, ?it/s]
Capturing num tokens (num_tokens=8192 avail_mem=22.50 GB):   0%|          | 0/58 [00:00<?, ?it/s][32m [repeated 2x across cluster][0m
[36m(SGLangEngine pid=14242)[0m 
Capturing num tokens (num_tokens=20 avail_mem=22.32 GB):  93%|█████████▎| 54/58 [00:05<00:00, 11.55it/s]
Capturing num tokens (num_tokens=16 avail_mem=22.31 GB):  93%|█████████▎| 54/58 [00:05<00:00, 11.55it/s]
[36m(SGLangEngine pid=14242)[0m 
Capturing num tokens (num_tokens=12 avail_mem=22.31 GB):  93%|█████████▎| 54/58 [00:05<00:00, 11.55it/s]
[36m(SGLangEngine pid=14251)[0m 
Capturing num tokens (num_tokens=32 avail_mem=22.33 GB):  88%|████████▊ | 51/58 [00:04<00:00, 11.30it/s]
Capturing num tokens (num_tokens=28 avail_mem=22.33 GB):  88%|████████▊ | 51/58 [00:04<00:00, 11.30it/s][32m [repeated 67x across cluster][0m
[36m(SGLangEngine pid=14242)[0m [2026-07-08 18:03:47] Capture piecewise CUDA graph end. Time elapsed: 22.96 s. mem usage=0.56 GB. avail mem=22.30 GB.
[36m(SGLangEngine pid=14242)[0m [2026-07-08 18:03:48] max_total_num_tokens=650626, chunked_prefill_size=8192, max_prefill_tokens=16384, max_running_requests=4096, context_len=40960, available_gpu_mem=22.30 GB
[36m(SGLangEngine pid=14242)[0m [2026-07-08 18:03:48] Tree cache initialized: source=default impl=RadixCache hybrid_swa=False hybrid_ssm=False hierarchical=False streaming_wrapped=False
[36m(SGLangEngine pid=14246)[0m 
Capturing num tokens (num_tokens=192 avail_mem=22.37 GB):  71%|███████   | 41/58 [00:04<00:01, 11.52it/s]
Capturing num tokens (num_tokens=176 avail_mem=22.36 GB):  71%|███████   | 41/58 [00:04<00:01, 11.52it/s]
Capturing num tokens (num_tokens=160 avail_mem=22.36 GB):  71%|███████   | 41/58 [00:04<00:01, 11.52it/s][32m [repeated 21x across cluster][0m
[36m(SGLangEngine pid=14251)[0m 
Capturing num tokens (num_tokens=24 avail_mem=22.32 GB):  88%|████████▊ | 51/58 [00:05<00:00, 11.30it/s][32m [repeated 44x across cluster][0m
[36m(SGLangEngine pid=14242)[0m [2026-07-08 18:03:49] INFO:     Started server process [15194]
[36m(SGLangEngine pid=14242)[0m [2026-07-08 18:03:49] INFO:     Waiting for application startup.
[36m(SGLangEngine pid=14242)[0m [2026-07-08 18:03:49] Using default chat sampling params from model generation config: {'temperature': 0.6, 'top_k': 20, 'top_p': 0.95}
[36m(SGLangEngine pid=14242)[0m [2026-07-08 18:03:49] The server is fired up and ready to roll!
[36m(SGLangEngine pid=14242)[0m [2026-07-08 18:03:49] INFO:     Application startup complete.
[36m(SGLangEngine pid=14242)[0m [2026-07-08 18:03:49] INFO:     Uvicorn running on http://10.96.0.0:15002 (Press CTRL+C to quit)
[36m(SGLangEngine pid=14246)[0m [2026-07-08 18:03:50] Prefill batch, #new-seq: 1, #new-token: 1, #cached-token: 0, token usage: 0.00, #running-req: 0, #queue-req: 0, #pending-token: 0, cuda graph: True, input throughput (token/s): 0.85
[36m(SGLangEngine pid=14246)[0m [2026-07-08 18:03:50] INFO:     10.96.0.0:44356 - "GET /health_generate HTTP/1.1" 200 OK
[36m(SGLangEngine pid=14246)[0m [2026-07-08 18:03:50] INFO:     10.96.0.0:44364 - "GET /health HTTP/1.1" 200 OK
[36m(SGLangEngine pid=14246)[0m [2026-07-08 18:03:50] INFO:     10.96.0.0:44368 - "GET /server_info HTTP/1.1" 200 OK
[36m(SGLangEngine pid=14246)[0m [2026-07-08 18:03:50] INFO:     10.96.0.0:44368 - "GET /model_info HTTP/1.1" 200 OK
[36m(RolloutManager pid=13705)[0m [2026-07-08 18:03:52] data_source.py:147 - Checkpoint /root/models/Qwen3-0.6B_torch_dist/rollout/global_dataset_state_dict_-1.pt does not exist.
[36m(SGLangEngine pid=14251)[0m 
Capturing num tokens (num_tokens=8 avail_mem=22.31 GB):  98%|█████████▊| 57/58 [00:05<00:00, 11.14it/s]
Capturing num tokens (num_tokens=4 avail_mem=22.30 GB):  98%|█████████▊| 57/58 [00:05<00:00, 11.14it/s][32m [repeated 8x across cluster][0m
[36m(MegatronTrainRayActor pid=13708)[0m [2026-07-08 18:03:52] timer.py:24 - Timer update_weights start
[36m(MegatronTrainRayActor pid=13708)[0m [2026-07-08 18:03:52] memory_utils.py:47 - [Rank 0] Memory-Usage before update_weights: {'gpu': '0', 'total_GB': 94.97, 'free_GB': 87.95, 'used_GB': 7.02, 'allocated_GB': 5.55, 'reserved_GB': 5.72, 'host_total_GB': 1716.57, 'host_available_GB': 1671.62, 'host_used_GB': 44.95, 'host_free_GB': 1543.58}
[36m(SGLangEngine pid=14251)[0m 
Capturing num tokens (num_tokens=4 avail_mem=22.30 GB): 100%|██████████| 58/58 [00:05<00:00, 10.42it/s][32m [repeated 7x across cluster][0m
[36m(SGLangEngine pid=14246)[0m [2026-07-08 18:03:52] init custom process group: master_address=10.96.0.0, master_port=43137, rank_offset=1, rank=1, world_size=4, group_name=slime-pp_0, backend=nccl
[36m(SGLangEngine pid=14246)[0m /usr/local/lib/python3.12/dist-packages/fastapi/routing.py:344: FastAPIDeprecationWarning: ORJSONResponse is deprecated, FastAPI now serializes data directly to JSON bytes via Pydantic when a return type or response model is set, which is faster and doesn't need a custom response class. Read more in the FastAPI docs: https://fastapi.tiangolo.com/advanced/custom-response/#orjson-or-response-model and https://fastapi.tiangolo.com/tutorial/response-model/
[36m(SGLangEngine pid=14246)[0m   return await dependant.call(**values)
[36m(SGLangEngine pid=14246)[0m [2026-07-08 18:03:52] INFO:     10.96.0.0:46940 - "POST /init_weights_update_group HTTP/1.1" 200 OK
[36m(SGLangEngine pid=14246)[0m [2026-07-08 18:03:52] INFO:     10.96.0.0:46944 - "POST /pause_generation HTTP/1.1" 200 OK
[36m(SGLangEngine pid=14251)[0m [2026-07-08 18:03:52] INFO:     10.96.0.0:38724 - "GET /flush_cache HTTP/1.1" 200 OK
[36m(SGLangEngine pid=14242)[0m [2026-07-08 18:03:52] Cache flushed successfully!
[36m(MegatronTrainRayActor pid=13708)[0m 
[slime-pp_0] Update weights: 0it [00:00, ?it/s]
[36m(MegatronTrainRayActor pid=13708)[0m 
[slime-pp_0] Update weights: 1it [00:02,  2.84s/it]
[slime-pp_0] Update weights: 2it [00:02,  1.23s/it]
[36m(SGLangEngine pid=14251)[0m [2026-07-08 18:03:48] Capture piecewise CUDA graph end. Time elapsed: 23.26 s. mem usage=0.56 GB. avail mem=22.30 GB.[32m [repeated 2x across cluster][0m
[36m(SGLangEngine pid=14251)[0m [2026-07-08 18:03:49] max_total_num_tokens=650626, chunked_prefill_size=8192, max_prefill_tokens=16384, max_running_requests=4096, context_len=40960, available_gpu_mem=22.30 GB[32m [repeated 2x across cluster][0m
[36m(SGLangEngine pid=14251)[0m [2026-07-08 18:03:49] Tree cache initialized: source=default impl=RadixCache hybrid_swa=False hybrid_ssm=False hierarchical=False streaming_wrapped=False[32m [repeated 2x across cluster][0m
[36m(SGLangEngine pid=14251)[0m [2026-07-08 18:03:49] INFO:     Started server process [15190][32m [repeated 2x across cluster][0m
[36m(SGLangEngine pid=14251)[0m [2026-07-08 18:03:49] INFO:     Waiting for application startup.[32m [repeated 2x across cluster][0m
[36m(SGLangEngine pid=14251)[0m [2026-07-08 18:03:49] Using default chat sampling params from model generation config: {'temperature': 0.6, 'top_k': 20, 'top_p': 0.95}[32m [repeated 2x across cluster][0m
[36m(SGLangEngine pid=14251)[0m [2026-07-08 18:03:49] The server is fired up and ready to roll![32m [repeated 2x across cluster][0m
[36m(SGLangEngine pid=14251)[0m [2026-07-08 18:03:49] INFO:     Application startup complete.[32m [repeated 2x across cluster][0m
[36m(SGLangEngine pid=14251)[0m [2026-07-08 18:03:49] INFO:     Uvicorn running on http://10.96.0.0:15004 (Press CTRL+C to quit)[32m [repeated 2x across cluster][0m
[36m(SGLangEngine pid=14251)[0m [2026-07-08 18:03:51] Prefill batch, #new-seq: 1, #new-token: 1, #cached-token: 0, token usage: 0.00, #running-req: 0, #queue-req: 0, #pending-token: 0, cuda graph: True, input throughput (token/s): 0.37[32m [repeated 2x across cluster][0m[36m(SGLangEngine pid=14246)[0m [2026-07-08 18:03:55] INFO:     10.96.0.0:46952 - "POST /update_weights_from_distributed HTTP/1.1" 200 OK
[36m(SGLangEngine pid=14246)[0m [2026-07-08 18:03:55] INFO:     10.96.0.0:46960 - "POST /update_weights_from_distributed HTTP/1.1" 200 OK
[36m(SGLangEngine pid=14246)[0m [2026-07-08 18:03:55] INFO:     10.96.0.0:46976 - "POST /update_weights_from_distributed HTTP/1.1" 200 OK
[36m(SGLangEngine pid=14251)[0m [2026-07-08 18:03:52] INFO:     10.96.0.0:50586 - "GET /health_generate HTTP/1.1" 200 OK[32m [repeated 2x across cluster][0m
[36m(SGLangEngine pid=14251)[0m [2026-07-08 18:03:52] INFO:     10.96.0.0:38686 - "GET /health HTTP/1.1" 200 OK[32m [repeated 2x across cluster][0m
[36m(SGLangEngine pid=14251)[0m [2026-07-08 18:03:52] INFO:     10.96.0.0:38702 - "GET /server_info HTTP/1.1" 200 OK[32m [repeated 2x across cluster][0m
[36m(SGLangEngine pid=14251)[0m [2026-07-08 18:03:52] INFO:     10.96.0.0:38702 - "GET /model_info HTTP/1.1" 200 OK[32m [repeated 2x across cluster][0m
[36m(RolloutManager pid=13705)[0m [2026-07-08 18:03:55] fully_async_rollout.py:57 - starting fully-async rollout worker
[36m(MegatronTrainRayActor pid=13708)[0m 
[slime-pp_0] Update weights: 3it [00:02,  1.00it/s]
[36m(MegatronTrainRayActor pid=13708)[0m [2026-07-08 18:03:55] memory_utils.py:47 - [Rank 0] Memory-Usage after update_weights: {'gpu': '0', 'total_GB': 94.97, 'free_GB': 86.83, 'used_GB': 8.14, 'allocated_GB': 5.55, 'reserved_GB': 6.31, 'host_total_GB': 1716.57, 'host_available_GB': 1670.17, 'host_used_GB': 46.4, 'host_free_GB': 1542.13}
[36m(MegatronTrainRayActor pid=13708)[0m [2026-07-08 18:03:55] timer.py:32 - Timer update_weights end (elapsed: 3.1s)[36m(SGLangEngine pid=14246)[0m [2026-07-08 18:03:55] [continue_generation] torch.cuda.empty_cache() called: reserved 74018.0 MB -> 73500.0 MB (freed 518.0 MB)
[36m(SGLangEngine pid=14246)[0m [2026-07-08 18:03:55] INFO:     10.96.0.0:46990 - "POST /continue_generation HTTP/1.1" 200 OK
[36m(RolloutManager pid=13705)[0m [2026-07-08 18:03:57] fully_async_rollout.py:199 - fully-async rollout 0: target=8 queue_warm=0
[36m(RolloutManager pid=13705)[0m [j4c-probe] {"probe": "j4c_custom_generate_entry", "ts": 1783533837.1562724, "index": 0, "group_index": 0, "status": "Status.PENDING", "len_tokens": 0, "response_length": 0, "weight_versions": [], "metadata_keys": ["image", "instance_id", "workdir"]}
[36m(RolloutManager pid=13705)[0m [j4c-probe] {"probe": "j4c_custom_generate_entry", "ts": 1783533838.1838603, "index": 1, "group_index": 0, "status": "Status.PENDING", "len_tokens": 0, "response_length": 0, "weight_versions": [], "metadata_keys": ["image", "instance_id", "workdir"]}
[36m(RolloutManager pid=13705)[0m [j4c-probe] {"probe": "j4c_custom_generate_entry", "ts": 1783533838.201903, "index": 2, "group_index": 0, "status": "Status.PENDING", "len_tokens": 0, "response_length": 0, "weight_versions": [], "metadata_keys": ["image", "instance_id", "workdir"]}
[36m(RolloutManager pid=13705)[0m [j4c-probe] {"probe": "j4c_custom_generate_entry", "ts": 1783533838.239516, "index": 4, "group_index": 1, "status": "Status.PENDING", "len_tokens": 0, "response_length": 0, "weight_versions": [], "metadata_keys": ["image", "instance_id", "workdir"]}
[36m(RolloutManager pid=13705)[0m 
[36m(RolloutManager pid=13705)[0m [j4c-probe] {"probe": "j4c_custom_generate_entry", "ts": 1783533838.272042, "index": 6, "group_index": 1, "status": "Status.PENDING", "len_tokens": 0, "response_length": 0, "weight_versions": [], "metadata_keys": ["image", "instance_id", "workdir"]}
[36m(RolloutManager pid=13705)[0m 
[36m(RolloutManager pid=13705)[0m [j4c-probe] {"probe": "j4c_custom_generate_entry", "ts": 1783533838.287767, "index": 7, "group_index": 1, "status": "Status.PENDING", "len_tokens": 0, "response_length": 0, "weight_versions": [], "metadata_keys": ["image", "instance_id", "workdir"]}
[36m(SGLangEngine pid=14242)[0m [2026-07-08 18:03:52] INFO:     10.96.0.0:37068 - "POST /init_weights_update_group HTTP/1.1" 200 OK[32m [repeated 2x across cluster][0m
[36m(SGLangEngine pid=14242)[0m [2026-07-08 18:03:52] INFO:     10.96.0.0:37078 - "POST /pause_generation HTTP/1.1" 200 OK[32m [repeated 2x across cluster][0m
[36m(SGLangEngine pid=14246)[0m [2026-07-08 18:03:52] INFO:     10.96.0.0:46948 - "GET /flush_cache HTTP/1.1" 200 OK[32m [repeated 2x across cluster][0m
[36m(RolloutManager pid=13705)[0m [j4c-probe] {"probe": "j4c_custom_generate_entry", "ts": 1783533838.3055131, "index": 8, "group_index": 2, "status": "Status.PENDING", "len_tokens": 0, "response_length": 0, "weight_versions": [], "metadata_keys": ["image", "instance_id", "workdir"]}
[36m(RolloutManager pid=13705)[0m [j4c-probe] {"probe": "j4c_custom_generate_entry", "ts": 1783533838.3219984, "index": 9, "group_index": 2, "status": "Status.PENDING", "len_tokens": 0, "response_length": 0, "weight_versions": [], "metadata_keys": ["image", "instance_id", "workdir"]}
[36m(RolloutManager pid=13705)[0m [j4c-probe] {"probe": "j4c_custom_generate_entry", "ts": 1783533838.3404768, "index": 10, "group_index": 2, "status": "Status.PENDING", "len_tokens": 0, "response_length": 0, "weight_versions": [], "metadata_keys": ["image", "instance_id", "workdir"]}
[36m(RolloutManager pid=13705)[0m [j4c-probe] {"probe": "j4c_custom_generate_entry", "ts": 1783533838.3580198, "index": 11, "group_index": 2, "status": "Status.PENDING", "len_tokens": 0, "response_length": 0, "weight_versions": [], "metadata_keys": ["image", "instance_id", "workdir"]}
[36m(RolloutManager pid=13705)[0m [j4c-probe] {"probe": "j4c_custom_generate_entry", "ts": 1783533838.3776915, "index": 12, "group_index": 3, "status": "Status.PENDING", "len_tokens": 0, "response_length": 0, "weight_versions": [], "metadata_keys": ["image", "instance_id", "workdir"]}
[36m(RolloutManager pid=13705)[0m [j4c-probe] {"probe": "j4c_custom_generate_entry", "ts": 1783533838.3968434, "index": 13, "group_index": 3, "status": "Status.PENDING", "len_tokens": 0, "response_length": 0, "weight_versions": [], "metadata_keys": ["image", "instance_id", "workdir"]}
[36m(RolloutManager pid=13705)[0m [j4c-probe] {"probe": "j4c_custom_generate_entry", "ts": 1783533838.4168, "index": 14, "group_index": 3, "status": "Status.PENDING", "len_tokens": 0, "response_length": 0, "weight_versions": [], "metadata_keys": ["image", "instance_id", "workdir"]}
[36m(RolloutManager pid=13705)[0m [j4c-probe] {"probe": "j4c_custom_generate_entry", "ts": 1783533838.4330726, "index": 15, "group_index": 3, "status": "Status.PENDING", "len_tokens": 0, "response_length": 0, "weight_versions": [], "metadata_keys": ["image", "instance_id", "workdir"]}
[36m(RolloutManager pid=13705)[0m [j4c-probe] {"probe": "j4c_custom_generate_entry", "ts": 1783533838.449971, "index": 16, "group_index": 4, "status": "Status.PENDING", "len_tokens": 0, "response_length": 0, "weight_versions": [], "metadata_keys": ["image", "instance_id", "workdir"]}
[36m(RolloutManager pid=13705)[0m [j4c-probe] {"probe": "j4c_custom_generate_entry", "ts": 1783533838.4677825, "index": 17, "group_index": 4, "status": "Status.PENDING", "len_tokens": 0, "response_length": 0, "weight_versions": [], "metadata_keys": ["image", "instance_id", "workdir"]}
[36m(RolloutManager pid=13705)[0m [j4c-probe] {"probe": "j4c_custom_generate_entry", "ts": 1783533838.4885068, "index": 18, "group_index": 4, "status": "Status.PENDING", "len_tokens": 0, "response_length": 0, "weight_versions": [], "metadata_keys": ["image", "instance_id", "workdir"]}
[36m(RolloutManager pid=13705)[0m [j4c-probe] {"probe": "j4c_custom_generate_entry", "ts": 1783533838.5069478, "index": 19, "group_index": 4, "status": "Status.PENDING", "len_tokens": 0, "response_length": 0, "weight_versions": [], "metadata_keys": ["image", "instance_id", "workdir"]}
[36m(RolloutManager pid=13705)[0m [j4c-probe] {"probe": "j4c_custom_generate_entry", "ts": 1783533838.5355618, "index": 21, "group_index": 5, "status": "Status.PENDING", "len_tokens": 0, "response_length": 0, "weight_versions": [], "metadata_keys": ["image", "instance_id", "workdir"]}
[36m(RolloutManager pid=13705)[0m [j4c-probe] {"probe": "j4c_custom_generate_entry", "ts": 1783533838.5680935, "index": 23, "group_index": 5, "status": "Status.PENDING", "len_tokens": 0, "response_length": 0, "weight_versions": [], "metadata_keys": ["image", "instance_id", "workdir"]}
[36m(SGLangEngine pid=14242)[0m [2026-07-08 18:03:52] init custom process group: master_address=10.96.0.0, master_port=43137, rank_offset=2, rank=2, world_size=4, group_name=slime-pp_0, backend=nccl[32m [repeated 2x across cluster][0m
[36m(SGLangEngine pid=14242)[0m /usr/local/lib/python3.12/dist-packages/fastapi/routing.py:344: FastAPIDeprecationWarning: ORJSONResponse is deprecated, FastAPI now serializes data directly to JSON bytes via Pydantic when a return type or response model is set, which is faster and doesn't need a custom response class. Read more in the FastAPI docs: https://fastapi.tiangolo.com/advanced/custom-response/#orjson-or-response-model and https://fastapi.tiangolo.com/tutorial/response-model/[32m [repeated 2x across cluster][0m
[36m(SGLangEngine pid=14242)[0m   return await dependant.call(**values)[32m [repeated 2x across cluster][0m
[36m(SGLangEngine pid=14251)[0m [2026-07-08 18:03:52] Cache flushed successfully![32m [repeated 2x across cluster][0m
[36m(SGLangEngine pid=14251)[0m [2026-07-08 18:03:59] INFO:     10.96.0.0:38764 - "POST /generate HTTP/1.1" 200 OK
[36m(RolloutManager pid=13705)[0m [2026-07-08 18:04:27] fully_async_rollout.py:223 - fully-async rollout 0: collected 0/8, queue=0, elapsed=30.0s
[36m(SGLangEngine pid=14251)[0m [2026-07-08 18:03:58] Prefill batch, #new-seq: 1, #new-token: 9, #cached-token: 0, token usage: 0.00, #running-req: 0, #queue-req: 0, #pending-token: 0, cuda graph: True, input throughput (token/s): 1.26
[36m(SGLangEngine pid=14242)[0m [2026-07-08 18:03:55] [continue_generation] torch.cuda.empty_cache() called: reserved 74018.0 MB -> 73500.0 MB (freed 518.0 MB)[32m [repeated 2x across cluster][0m
[36m(RolloutManager pid=13705)[0m [2026-07-08 18:04:57] fully_async_rollout.py:223 - fully-async rollout 0: collected 0/8, queue=0, elapsed=60.0s
[36m(SGLangEngine pid=14251)[0m [2026-07-08 18:05:20] Prefill batch, #new-seq: 1, #new-token: 8192, #cached-token: 1, token usage: 0.03, #running-req: 0, #queue-req: 0, #pending-token: 10083, cuda graph: True, input throughput (token/s): 100.10
[36m(SGLangEngine pid=14251)[0m [2026-07-08 18:05:20] Prefill batch, #new-seq: 1, #new-token: 1891, #cached-token: 0, token usage: 0.03, #running-req: 0, #queue-req: 0, #pending-token: 0, cuda graph: True, input throughput (token/s): 77518.87
[36m(SGLangEngine pid=14251)[0m 95
[36m(SGLangEngine pid=14251)[0m [2026-07-08 18:05:21] Decode batch, #running-req: 1, #token: 18301, token usage: 0.03, cuda graph: False, gen throughput (token/s): 0.43, #queue-req: 0
[36m(SGLangEngine pid=14251)[0m [2026-07-08 18:05:21] Decode batch, #running-req: 1, #token: 18341, token usage: 0.03, cuda graph: False, gen throughput (token/s): 59.53, #queue-req: 0
[36m(SGLangEngine pid=14251)[0m [2026-07-08 18:05:22] Decode batch, #running-req: 1, #token: 18381, token usage: 0.03, cuda graph: False, gen throughput (token/s): 58.84, #queue-req: 0
[36m(SGLangEngine pid=14251)[0m [2026-07-08 18:05:23] Decode batch, #running-req: 1, #token: 18421, token usage: 0.03, cuda graph: False, gen throughput (token/s): 59.46, #queue-req: 0
[36m(SGLangEngine pid=14251)[0m [2026-07-08 18:05:23] Decode batch, #running-req: 1, #token: 18461, token usage: 0.03, cuda graph: False, gen throughput (token/s): 58.81, #queue-req: 0
[36m(SGLangEngine pid=14251)[0m [2026-07-08 18:05:24] Decode batch, #running-req: 1, #token: 18501, token usage: 0.03, cuda graph: False, gen throughput (token/s): 39.27, #queue-req: 0
[36m(SGLangEngine pid=14251)[0m [2026-07-08 18:05:25] Decode batch, #running-req: 1, #token: 18541, token usage: 0.03, cuda graph: False, gen throughput (token/s): 58.52, #queue-req: 0
[36m(SGLangEngine pid=14251)[0m [2026-07-08 18:05:26] Decode batch, #running-req: 1, #token: 18581, token usage: 0.03, cuda graph: False, gen throughput (token/s): 60.08, #queue-req: 0
[36m(SGLangEngine pid=14251)[0m [2026-07-08 18:05:26] Decode batch, #running-req: 1, #token: 18621, token usage: 0.03, cuda graph: False, gen throughput (token/s): 59.52, #queue-req: 0
[36m(RolloutManager pid=13705)[0m [2026-07-08 18:05:27] fully_async_rollout.py:223 - fully-async rollout 0: collected 0/8, queue=0, elapsed=90.0s
[36m(SGLangEngine pid=14251)[0m [2026-07-08 18:05:27] Decode batch, #running-req: 1, #token: 18661, token usage: 0.03, cuda graph: False, gen throughput (token/s): 59.48, #queue-req: 0
[36m(SGLangEngine pid=14251)[0m [2026-07-08 18:05:27] INFO:     10.96.0.0:59756 - "POST /generate HTTP/1.1" 200 OK
[36m(SGLangEngine pid=14242)[0m [2026-07-08 18:03:55] INFO:     10.96.0.0:37116 - "POST /update_weights_from_distributed HTTP/1.1" 200 OK[32m [repeated 6x across cluster][0m
[36m(SGLangEngine pid=14242)[0m [2026-07-08 18:03:55] INFO:     10.96.0.0:37122 - "POST /continue_generation HTTP/1.1" 200 OK[32m [repeated 2x across cluster][0m
[36m(SGLangEngine pid=14251)[0m [2026-07-08 18:05:29] Prefill batch, #new-seq: 1, #new-token: 63, #cached-token: 18641, token usage: 0.03, #running-req: 0, #queue-req: 0, #pending-token: 0, cuda graph: True, input throughput (token/s): 7.08
[36m(SGLangEngine pid=14251)[0m [2026-07-08 18:05:30] Decode batch, #running-req: 1, #token: 18742, token usage: 0.03, cuda graph: False, gen throughput (token/s): 14.84, #queue-req: 0
[36m(SGLangEngine pid=14251)[0m [2026-07-08 18:05:31] Decode batch, #running-req: 1, #token: 18782, token usage: 0.03, cuda graph: False, gen throughput (token/s): 59.49, #queue-req: 0
[36m(SGLangEngine pid=14251)[0m [2026-07-08 18:05:31] Decode batch, #running-req: 1, #token: 18822, token usage: 0.03, cuda graph: False, gen throughput (token/s): 59.40, #queue-req: 0
[36m(SGLangEngine pid=14251)[0m [2026-07-08 18:05:32] Decode batch, #running-req: 1, #token: 18862, token usage: 0.03, cuda graph: False, gen throughput (token/s): 58.31, #queue-req: 0
[36m(SGLangEngine pid=14251)[0m [2026-07-08 18:05:33] Decode batch, #running-req: 1, #token: 18902, token usage: 0.03, cuda graph: False, gen throughput (token/s): 58.70, #queue-req: 0
[36m(SGLangEngine pid=14251)[0m [2026-07-08 18:05:33] INFO:     10.96.0.0:59756 - "POST /generate HTTP/1.1" 200 OK
[36m(SGLangEngine pid=14251)[0m [2026-07-08 18:05:54] Prefill batch, #new-seq: 1, #new-token: 1, #cached-token: 18275, token usage: 0.03, #running-req: 0, #queue-req: 0, #pending-token: 0, cuda graph: True, input throughput (token/s): 0.04
[36m(SGLangEngine pid=14251)[0m [2026-07-08 18:05:54] Decode batch, #running-req: 1, #token: 18291, token usage: 0.03, cuda graph: False, gen throughput (token/s): 1.88, #queue-req: 0
[36m(SGLangEngine pid=14251)[0m [2026-07-08 18:05:55] Decode batch, #running-req: 1, #token: 18331, token usage: 0.03, cuda graph: False, gen throughput (token/s): 59.82, #queue-req: 0
[36m(SGLangEngine pid=14251)[0m [2026-07-08 18:05:55] Decode batch, #running-req: 1, #token: 18371, token usage: 0.03, cuda graph: False, gen throughput (token/s): 48.46, #queue-req: 0
[36m(SGLangEngine pid=14251)[0m [2026-07-08 18:05:56] Decode batch, #running-req: 1, #token: 18411, token usage: 0.03, cuda graph: False, gen throughput (token/s): 52.71, #queue-req: 0
[36m(RolloutManager pid=13705)[0m [2026-07-08 18:05:57] fully_async_rollout.py:223 - fully-async rollout 0: collected 0/8, queue=0, elapsed=120.1s
[36m(SGLangEngine pid=14251)[0m [2026-07-08 18:05:57] Decode batch, #running-req: 1, #token: 18451, token usage: 0.03, cuda graph: False, gen throughput (token/s): 60.01, #queue-req: 0
[36m(SGLangEngine pid=14251)[0m [2026-07-08 18:05:57] Decode batch, #running-req: 1, #token: 18491, token usage: 0.03, cuda graph: False, gen throughput (token/s): 60.04, #queue-req: 0
[36m(SGLangEngine pid=14251)[0m [2026-07-08 18:05:58] Decode batch, #running-req: 1, #token: 18531, token usage: 0.03, cuda graph: False, gen throughput (token/s): 60.09, #queue-req: 0
[36m(SGLangEngine pid=14251)[0m [2026-07-08 18:05:59] Decode batch, #running-req: 1, #token: 18571, token usage: 0.03, cuda graph: False, gen throughput (token/s): 60.64, #queue-req: 0
[36m(SGLangEngine pid=14251)[0m [2026-07-08 18:05:59] Decode batch, #running-req: 1, #token: 18611, token usage: 0.03, cuda graph: False, gen throughput (token/s): 60.34, #queue-req: 0
[36m(SGLangEngine pid=14251)[0m [2026-07-08 18:06:00] Decode batch, #running-req: 1, #token: 18651, token usage: 0.03, cuda graph: False, gen throughput (token/s): 60.78, #queue-req: 0
[36m(SGLangEngine pid=14251)[0m [2026-07-08 18:06:01] Decode batch, #running-req: 1, #token: 18691, token usage: 0.03, cuda graph: False, gen throughput (token/s): 59.98, #queue-req: 0
[36m(SGLangEngine pid=14251)[0m [2026-07-08 18:06:01] Decode batch, #running-req: 1, #token: 18731, token usage: 0.03, cuda graph: False, gen throughput (token/s): 59.46, #queue-req: 0
[36m(SGLangEngine pid=14251)[0m [2026-07-08 18:06:02] Decode batch, #running-req: 1, #token: 18771, token usage: 0.03, cuda graph: False, gen throughput (token/s): 60.05, #queue-req: 0
[36m(SGLangEngine pid=14251)[0m [2026-07-08 18:06:02] INFO:     10.96.0.0:44448 - "POST /generate HTTP/1.1" 200 OK
[36m(SGLangEngine pid=14251)[0m [2026-07-08 18:06:04] Prefill batch, #new-seq: 1, #new-token: 40, #cached-token: 18773, token usage: 0.03, #running-req: 0, #queue-req: 0, #pending-token: 0, cuda graph: True, input throughput (token/s): 3.72
[36m(SGLangEngine pid=14251)[0m [2026-07-08 18:06:05] Decode batch, #running-req: 1, #token: 18851, token usage: 0.03, cuda graph: False, gen throughput (token/s): 13.75, #queue-req: 0
[36m(SGLangEngine pid=14251)[0m [2026-07-08 18:06:06] Decode batch, #running-req: 1, #token: 18891, token usage: 0.03, cuda graph: False, gen throughput (token/s): 59.69, #queue-req: 0
[36m(SGLangEngine pid=14251)[0m [2026-07-08 18:06:07] Decode batch, #running-req: 1, #token: 18931, token usage: 0.03, cuda graph: False, gen throughput (token/s): 46.51, #queue-req: 0
[36m(SGLangEngine pid=14251)[0m [2026-07-08 18:06:07] Decode batch, #running-req: 1, #token: 18971, token usage: 0.03, cuda graph: False, gen throughput (token/s): 48.92, #queue-req: 0
[36m(SGLangEngine pid=14251)[0m [2026-07-08 18:06:08] Decode batch, #running-req: 1, #token: 19011, token usage: 0.03, cuda graph: False, gen throughput (token/s): 59.65, #queue-req: 0
[36m(SGLangEngine pid=14251)[0m [2026-07-08 18:06:08] INFO:     10.96.0.0:44448 - "POST /generate HTTP/1.1" 200 OK
[36m(SGLangEngine pid=14251)[0m [2026-07-08 18:06:08] Prefill batch, #new-seq: 1, #new-token: 174, #cached-token: 18276, token usage: 0.03, #running-req: 0, #queue-req: 0, #pending-token: 0, cuda graph: True, input throughput (token/s): 45.32
[36m(SGLangEngine pid=14251)[0m [2026-07-08 18:06:09] Decode batch, #running-req: 1, #token: 18486, token usage: 0.03, cuda graph: False, gen throughput (token/s): 51.27, #queue-req: 0
[36m(SGLangEngine pid=14251)[0m [2026-07-08 18:06:09] Decode batch, #running-req: 1, #token: 18526, token usage: 0.03, cuda graph: False, gen throughput (token/s): 59.36, #queue-req: 0
[36m(SGLangEngine pid=14251)[0m [2026-07-08 18:06:10] Decode batch, #running-req: 1, #token: 18566, token usage: 0.03, cuda graph: False, gen throughput (token/s): 59.59, #queue-req: 0
[36m(SGLangEngine pid=14251)[0m [2026-07-08 18:06:11] Decode batch, #running-req: 1, #token: 18606, token usage: 0.03, cuda graph: False, gen throughput (token/s): 57.95, #queue-req: 0
[36m(SGLangEngine pid=14251)[0m [2026-07-08 18:06:12] Decode batch, #running-req: 1, #token: 18646, token usage: 0.03, cuda graph: False, gen throughput (token/s): 58.68, #queue-req: 0
[36m(SGLangEngine pid=14251)[0m [2026-07-08 18:06:12] Decode batch, #running-req: 1, #token: 18686, token usage: 0.03, cuda graph: False, gen throughput (token/s): 63.15, #queue-req: 0
[36m(SGLangEngine pid=14251)[0m [2026-07-08 18:06:13] Decode batch, #running-req: 1, #token: 18726, token usage: 0.03, cuda graph: False, gen throughput (token/s): 59.33, #queue-req: 0
[36m(SGLangEngine pid=14251)[0m [2026-07-08 18:06:13] Decode batch, #running-req: 1, #token: 18766, token usage: 0.03, cuda graph: False, gen throughput (token/s): 59.08, #queue-req: 0
[36m(SGLangEngine pid=14251)[0m [2026-07-08 18:06:14] Decode batch, #running-req: 1, #token: 18806, token usage: 0.03, cuda graph: False, gen throughput (token/s): 60.05, #queue-req: 0
[36m(SGLangEngine pid=14251)[0m [2026-07-08 18:06:14] INFO:     10.96.0.0:44448 - "POST /generate HTTP/1.1" 200 OK
[36m(SGLangEngine pid=14251)[0m [2026-07-08 18:06:14] Prefill batch, #new-seq: 1, #new-token: 1, #cached-token: 18275, token usage: 0.03, #running-req: 0, #queue-req: 0, #pending-token: 0, cuda graph: True, input throughput (token/s): 0.16
[36m(SGLangEngine pid=14251)[0m [2026-07-08 18:06:15] Decode batch, #running-req: 1, #token: 18305, token usage: 0.03, cuda graph: False, gen throughput (token/s): 47.98, #queue-req: 0
[36m(SGLangEngine pid=14251)[0m [2026-07-08 18:06:16] Decode batch, #running-req: 1, #token: 18345, token usage: 0.03, cuda graph: False, gen throughput (token/s): 58.16, #queue-req: 0
[36m(SGLangEngine pid=14251)[0m [2026-07-08 18:06:16] Decode batch, #running-req: 1, #token: 18385, token usage: 0.03, cuda graph: False, gen throughput (token/s): 59.32, #queue-req: 0
[36m(SGLangEngine pid=14251)[0m [2026-07-08 18:06:17] Decode batch, #running-req: 1, #token: 18425, token usage: 0.03, cuda graph: False, gen throughput (token/s): 59.25, #queue-req: 0
[36m(SGLangEngine pid=14251)[0m [2026-07-08 18:06:18] Decode batch, #running-req: 1, #token: 18465, token usage: 0.03, cuda graph: False, gen throughput (token/s): 58.40, #queue-req: 0
[36m(SGLangEngine pid=14251)[0m [2026-07-08 18:06:18] Prefill batch, #new-seq: 1, #new-token: 1, #cached-token: 18275, token usage: 0.03, #running-req: 1, #queue-req: 0, #pending-token: 0, cuda graph: True, input throughput (token/s): 0.26
[36m(SGLangEngine pid=14251)[0m [2026-07-08 18:06:19] Decode batch, #running-req: 2, #token: 18517, token usage: 0.03, cuda graph: False, gen throughput (token/s): 60.72, #queue-req: 0
[36m(SGLangEngine pid=14251)[0m [2026-07-08 18:06:19] Decode batch, #running-req: 2, #token: 18597, token usage: 0.03, cuda graph: False, gen throughput (token/s): 101.01, #queue-req: 0
[36m(SGLangEngine pid=14251)[0m [2026-07-08 18:06:20] Decode batch, #running-req: 2, #token: 18677, token usage: 0.03, cuda graph: False, gen throughput (token/s): 97.34, #queue-req: 0
[36m(SGLangEngine pid=14251)[0m [2026-07-08 18:06:21] Decode batch, #running-req: 2, #token: 18757, token usage: 0.03, cuda graph: False, gen throughput (token/s): 106.01, #queue-req: 0
[36m(SGLangEngine pid=14251)[0m [2026-07-08 18:06:22] Decode batch, #running-req: 2, #token: 18837, token usage: 0.03, cuda graph: False, gen throughput (token/s): 102.18, #queue-req: 0
[36m(SGLangEngine pid=14251)[0m [2026-07-08 18:06:22] Decode batch, #running-req: 2, #token: 18917, token usage: 0.03, cuda graph: False, gen throughput (token/s): 105.59, #queue-req: 0
[36m(SGLangEngine pid=14251)[0m [2026-07-08 18:06:23] INFO:     10.96.0.0:44448 - "POST /generate HTTP/1.1" 200 OK
[36m(RolloutManager pid=13705)[0m [2026-07-08 18:06:23] qwen25_detector.py:69 - Failed to parse JSON part: {"name": "Write", "arguments": {"file_path": "psf/requests/src/main/java/com/example/requests/Request.java", "content": "// This modification removes the 'content-length' header from requests.get\n// \n// *Removed*
[36m(RolloutManager pid=13705)[0m // *removed*}}
[36m(RolloutManager pid=13705)[0m , JSON parse error: Invalid control character at: line 1 column 215 (char 214)
[36m(SGLangEngine pid=14251)[0m [2026-07-08 18:06:23] Decode batch, #running-req: 1, #token: 18528, token usage: 0.03, cuda graph: False, gen throughput (token/s): 71.79, #queue-req: 0
[36m(SGLangEngine pid=14251)[0m [2026-07-08 18:06:24] Decode batch, #running-req: 1, #token: 18568, token usage: 0.03, cuda graph: False, gen throughput (token/s): 58.67, #queue-req: 0
[36m(SGLangEngine pid=14251)[0m [2026-07-08 18:06:25] Decode batch, #running-req: 1, #token: 18608, token usage: 0.03, cuda graph: False, gen throughput (token/s): 58.17, #queue-req: 0
[36m(SGLangEngine pid=14251)[0m [2026-07-08 18:06:25] Decode batch, #running-req: 1, #token: 18648, token usage: 0.03, cuda graph: False, gen throughput (token/s): 59.08, #queue-req: 0
[36m(SGLangEngine pid=14251)[0m [2026-07-08 18:06:26] Decode batch, #running-req: 1, #token: 18688, token usage: 0.03, cuda graph: False, gen throughput (token/s): 59.03, #queue-req: 0
[36m(RolloutManager pid=13705)[0m [2026-07-08 18:06:27] fully_async_rollout.py:223 - fully-async rollout 0: collected 0/8, queue=0, elapsed=150.1s
[36m(SGLangEngine pid=14251)[0m [2026-07-08 18:06:27] Decode batch, #running-req: 1, #token: 18728, token usage: 0.03, cuda graph: False, gen throughput (token/s): 57.27, #queue-req: 0
[36m(SGLangEngine pid=14251)[0m [2026-07-08 18:06:27] Decode batch, #running-req: 1, #token: 18768, token usage: 0.03, cuda graph: False, gen throughput (token/s): 58.92, #queue-req: 0
[36m(SGLangEngine pid=14251)[0m [2026-07-08 18:06:28] Decode batch, #running-req: 1, #token: 18808, token usage: 0.03, cuda graph: False, gen throughput (token/s): 58.98, #queue-req: 0
[36m(SGLangEngine pid=14251)[0m [2026-07-08 18:06:29] Decode batch, #running-req: 1, #token: 18848, token usage: 0.03, cuda graph: False, gen throughput (token/s): 59.17, #queue-req: 0
[36m(SGLangEngine pid=14251)[0m [2026-07-08 18:06:29] Decode batch, #running-req: 1, #token: 18888, token usage: 0.03, cuda graph: False, gen throughput (token/s): 59.20, #queue-req: 0
[36m(RolloutManager pid=13705)[0m [j4c-probe] {"probe": "j4c_custom_generate_entry", "ts": 1783533990.0155766, "index": 24, "group_index": 6, "status": "Status.PENDING", "len_tokens": 0, "response_length": 0, "weight_versions": [], "metadata_keys": ["image", "instance_id", "workdir"]}
[36m(RolloutManager pid=13705)[0m [j4c-probe] {"probe": "j4c_custom_generate_entry", "ts": 1783533990.3313377, "index": 25, "group_index": 6, "status": "Status.PENDING", "len_tokens": 0, "response_length": 0, "weight_versions": [], "metadata_keys": ["image", "instance_id", "workdir"]}
[36m(SGLangEngine pid=14251)[0m [2026-07-08 18:06:30] Decode batch, #running-req: 1, #token: 18928, token usage: 0.03, cuda graph: False, gen throughput (token/s): 59.84, #queue-req: 0
[36m(SGLangEngine pid=14251)[0m [2026-07-08 18:06:30] INFO:     10.96.0.0:48718 - "POST /generate HTTP/1.1" 200 OK
[36m(SGLangEngine pid=14251)[0m [2026-07-08 18:06:31] Prefill batch, #new-seq: 1, #new-token: 43, #cached-token: 18953, token usage: 0.03, #running-req: 0, #queue-req: 0, #pending-token: 0, cuda graph: True, input throughput (token/s): 3.49
[36m(SGLangEngine pid=14251)[0m [2026-07-08 18:06:31] Decode batch, #running-req: 1, #token: 19011, token usage: 0.03, cuda graph: False, gen throughput (token/s): 44.10, #queue-req: 0
[36m(SGLangEngine pid=14251)[0m [2026-07-08 18:06:32] Decode batch, #running-req: 1, #token: 19051, token usage: 0.03, cuda graph: False, gen throughput (token/s): 51.48, #queue-req: 0
[36m(SGLangEngine pid=14251)[0m [2026-07-08 18:06:32] Decode batch, #running-req: 1, #token: 19091, token usage: 0.03, cuda graph: False, gen throughput (token/s): 56.81, #queue-req: 0
[36m(SGLangEngine pid=14251)[0m [2026-07-08 18:06:33] Decode batch, #running-req: 1, #token: 19131, token usage: 0.03, cuda graph: False, gen throughput (token/s): 57.96, #queue-req: 0
[36m(SGLangEngine pid=14251)[0m [2026-07-08 18:06:34] Decode batch, #running-req: 1, #token: 19171, token usage: 0.03, cuda graph: False, gen throughput (token/s): 57.96, #queue-req: 0
[36m(SGLangEngine pid=14251)[0m [2026-07-08 18:06:34] Decode batch, #running-req: 1, #token: 19211, token usage: 0.03, cuda graph: False, gen throughput (token/s): 57.42, #queue-req: 0
[36m(SGLangEngine pid=14251)[0m [2026-07-08 18:06:35] INFO:     10.96.0.0:48718 - "POST /generate HTTP/1.1" 200 OK
[36m(RolloutManager pid=13705)[0m [j4c-probe] {"probe": "j4c_custom_generate_entry", "ts": 1783534007.810555, "index": 26, "group_index": 6, "status": "Status.PENDING", "len_tokens": 0, "response_length": 0, "weight_versions": [], "metadata_keys": ["image", "instance_id", "workdir"]}
[36m(RolloutManager pid=13705)[0m [2026-07-08 18:06:57] fully_async_rollout.py:223 - fully-async rollout 0: collected 0/8, queue=0, elapsed=180.1s
[36m(SGLangEngine pid=14251)[0m [2026-07-08 18:06:58] Prefill batch, #new-seq: 1, #new-token: 8192, #cached-token: 1335, token usage: 0.03, #running-req: 0, #queue-req: 0, #pending-token: 8733, cuda graph: True, input throughput (token/s): 300.74
[36m(SGLangEngine pid=14251)[0m [2026-07-08 18:06:58] Prefill batch, #new-seq: 1, #new-token: 8192, #cached-token: 0, token usage: 0.03, #running-req: 0, #queue-req: 0, #pending-token: 541, cuda graph: True, input throughput (token/s): 157982.96
[36m(SGLangEngine pid=14251)[0m [2026-07-08 18:06:58] Prefill batch, #new-seq: 1, #new-token: 541, #cached-token: 0, token usage: 0.03, #running-req: 0, #queue-req: 0, #pending-token: 0, cuda graph: True, input throughput (token/s): 19089.67
[36m(SGLangEngine pid=14251)[0m [2026-07-08 18:06:58] Decode batch, #running-req: 1, #token: 18278, token usage: 0.03, cuda graph: False, gen throughput (token/s): 1.68, #queue-req: 0
[36m(SGLangEngine pid=14251)[0m [2026-07-08 18:06:59] Prefill batch, #new-seq: 1, #new-token: 1, #cached-token: 18259, token usage: 0.03, #running-req: 1, #queue-req: 0, #pending-token: 0, cuda graph: True, input throughput (token/s): 1.34
[36m(SGLangEngine pid=14251)[0m [2026-07-08 18:06:59] Decode batch, #running-req: 2, #token: 18338, token usage: 0.03, cuda graph: False, gen throughput (token/s): 73.95, #queue-req: 0
[36m(SGLangEngine pid=14251)[0m [2026-07-08 18:07:00] Decode batch, #running-req: 2, #token: 18418, token usage: 0.03, cuda graph: False, gen throughput (token/s): 104.05, #queue-req: 0
[36m(SGLangEngine pid=14251)[0m [2026-07-08 18:07:01] Decode batch, #running-req: 2, #token: 18498, token usage: 0.03, cuda graph: False, gen throughput (token/s): 105.34, #queue-req: 0
[36m(SGLangEngine pid=14251)[0m [2026-07-08 18:07:01] Decode batch, #running-req: 2, #token: 18578, token usage: 0.03, cuda graph: False, gen throughput (token/s): 105.31, #queue-req: 0
[36m(SGLangEngine pid=14251)[0m [2026-07-08 18:07:02] Decode batch, #running-req: 2, #token: 18658, token usage: 0.03, cuda graph: False, gen throughput (token/s): 104.01, #queue-req: 0
[36m(RolloutManager pid=13705)[0m [j4c-probe] {"probe": "j4c_custom_generate_entry", "ts": 1783534023.3239915, "index": 27, "group_index": 6, "status": "Status.PENDING", "len_tokens": 0, "response_length": 0, "weight_versions": [], "metadata_keys": ["image", "instance_id", "workdir"]}
[36m(SGLangEngine pid=14251)[0m [2026-07-08 18:07:03] Decode batch, #running-req: 2, #token: 18738, token usage: 0.03, cuda graph: False, gen throughput (token/s): 104.75, #queue-req: 0
[36m(SGLangEngine pid=14251)[0m [2026-07-08 18:07:04] Decode batch, #running-req: 2, #token: 18818, token usage: 0.03, cuda graph: False, gen throughput (token/s): 107.69, #queue-req: 0
[36m(SGLangEngine pid=14251)[0m [2026-07-08 18:07:04] Decode batch, #running-req: 2, #token: 18898, token usage: 0.03, cuda graph: False, gen throughput (token/s): 104.32, #queue-req: 0
[36m(SGLangEngine pid=14251)[0m [2026-07-08 18:07:05] Decode batch, #running-req: 2, #token: 18978, token usage: 0.03, cuda graph: False, gen throughput (token/s): 85.57, #queue-req: 0
[36m(SGLangEngine pid=14242)[0m [2026-07-08 18:07:06] Prefill batch, #new-seq: 1, #new-token: 8192, #cached-token: 0, token usage: 0.03, #running-req: 0, #queue-req: 0, #pending-token: 10315, cuda graph: True, input throughput (token/s): 41.81
[36m(SGLangEngine pid=14242)[0m [2026-07-08 18:07:06] Prefill batch, #new-seq: 1, #new-token: 8192, #cached-token: 0, token usage: 0.03, #running-req: 0, #queue-req: 0, #pending-token: 2123, cuda graph: True, input throughput (token/s): 79389.89
[36m(SGLangEngine pid=14242)[0m [2026-07-08 18:07:06] Prefill batch, #new-seq: 1, #new-token: 2123, #cached-token: 0, token usage: 0.03, #running-req: 0, #queue-req: 0, #pending-token: 0, cuda graph: True, input throughput (token/s): 84856.79
[36m(SGLangEngine pid=14251)[0m [2026-07-08 18:07:06] Decode batch, #running-req: 2, #token: 19058, token usage: 0.03, cuda graph: False, gen throughput (token/s): 100.04, #queue-req: 0
[36m(SGLangEngine pid=14242)[0m [2026-07-08 18:07:06] Prefill batch, #new-seq: 1, #new-token: 1, #cached-token: 18506, token usage: 0.03, #running-req: 1, #queue-req: 0, #pending-token: 0, cuda graph: True, input throughput (token/s): 1.56
[36m(SGLangEngine pid=14242)[0m [2026-07-08 18:07:08] Prefill batch, #new-seq: 1, #new-token: 1, #cached-token: 18506, token usage: 0.03, #running-req: 2, #queue-req: 0, #pending-token: 0, cuda graph: True, input throughput (token/s): 0.65
[36m(SGLangEngine pid=14242)[0m [2026-07-08 18:07:09] Prefill batch, #new-seq: 1, #new-token: 1, #cached-token: 18506, token usage: 0.03, #running-req: 3, #queue-req: 0, #pending-token: 0, cuda graph: True, input throughput (token/s): 1.52
[36m(SGLangEngine pid=14242)[0m [2026-07-08 18:07:10] Decode batch, #running-req: 4, #token: 19028, token usage: 0.03, cuda graph: False, gen throughput (token/s): 203.63, #queue-req: 0[32m [repeated 9x across cluster][0m
[36m(SGLangEngine pid=14246)[0m [2026-07-08 18:07:10] Prefill batch, #new-seq: 4, #new-token: 8160, #cached-token: 49152, token usage: 0.03, #running-req: 0, #queue-req: 0, #pending-token: 0, cuda graph: True, input throughput (token/s): 229687.23[32m [repeated 4x across cluster][0m
[36m(SGLangEngine pid=14251)[0m [2026-07-08 18:07:14] INFO:     10.96.0.0:42690 - "POST /generate HTTP/1.1" 200 OK
[36m(RolloutManager pid=13705)[0m [2026-07-08 18:07:14] qwen25_detector.py:69 - Failed to parse JSON part: {"name": "Skill", "arguments": {"skill": "Verify", "args": {"findings": [{"file": "psf/requests", "line": 3, "summary": "Binary payload encoding issue", "failure_scenario": "Expected string but passed bytes", "category": "efficiency", "verdict": "plausible", "outcome": "fixed"}}]}}, JSON parse error: Expecting ',' delimiter: line 1 column 279 (char 278)
[36m(SGLangEngine pid=14251)[0m [2026-07-08 18:07:15] Decode batch, #running-req: 2, #token: 19379, token usage: 0.03, cuda graph: False, gen throughput (token/s): 107.78, #queue-req: 0[32m [repeated 18x across cluster][0m
[36m(SGLangEngine pid=14242)[0m [2026-07-08 18:07:20] INFO:     10.96.0.0:57144 - "POST /generate HTTP/1.1" 200 OK
[36m(SGLangEngine pid=14246)[0m [2026-07-08 18:07:20] Decode batch, #running-req: 4, #token: 20348, token usage: 0.03, cuda graph: False, gen throughput (token/s): 208.35, #queue-req: 0[32m [repeated 19x across cluster][0m
[36m(SGLangEngine pid=14251)[0m [2026-07-08 18:07:20] INFO:     10.96.0.0:42680 - "POST /generate HTTP/1.1" 200 OK[36m(SGLangEngine pid=14242)[0m [2026-07-08 18:07:20] Prefill batch, #new-seq: 1, #new-token: 182, #cached-token: 19036, token usage: 0.03, #running-req: 3, #queue-req: 0, #pending-token: 0, cuda graph: True, input throughput (token/s): 16.05
[36m(SGLangEngine pid=14251)[0m [2026-07-08 18:07:21] INFO:     10.96.0.0:37140 - "POST /generate HTTP/1.1" 200 OK
[36m(RolloutManager pid=13705)[0m [2026-07-08 18:07:23] base_format_detector.py:86 - Model attempted to call undefined function: deep-research
[36m(SGLangEngine pid=14246)[0m [2026-07-08 18:07:25] Decode batch, #running-req: 2, #token: 19946, token usage: 0.03, cuda graph: False, gen throughput (token/s): 105.17, #queue-req: 0[32m [repeated 21x across cluster][0m
[36m(SGLangEngine pid=14251)[0m [2026-07-08 18:07:22] Prefill batch, #new-seq: 1, #new-token: 51, #cached-token: 18861, token usage: 0.03, #running-req: 1, #queue-req: 0, #pending-token: 0, cuda graph: True, input throughput (token/s): 29.47[32m [repeated 2x across cluster][0m
[36m(SGLangEngine pid=14251)[0m [2026-07-08 18:07:26] INFO:     10.96.0.0:37140 - "POST /generate HTTP/1.1" 200 OK[32m [repeated 4x across cluster][0m
[36m(RolloutManager pid=13705)[0m [2026-07-08 18:07:27] fully_async_rollout.py:223 - fully-async rollout 0: collected 1/8, queue=0, elapsed=210.1s
[36m(RolloutManager pid=13705)[0m [2026-07-08 18:07:28] qwen25_detector.py:69 - Failed to parse JSON part: {"name": "Skill", "arguments": {"skill": "verify", "args": {"file": "sympy/sympy", "findings": [{"file": "sympy/sympy", "summary": "vector add 0 error", "failure_scenario": "expected output of 0, but computed as N.x", "category": "efficiency", "verdict": "skipped", "outcome": "fixed"}}]}, JSON parse error: Expecting ',' delimiter: line 1 column 286 (char 285)
[36m(SGLangEngine pid=14251)[0m [2026-07-08 18:07:30] Decode batch, #running-req: 2, #token: 20688, token usage: 0.03, cuda graph: False, gen throughput (token/s): 102.26, #queue-req: 0[32m [repeated 18x across cluster][0m
[36m(SGLangEngine pid=14251)[0m [2026-07-08 18:07:27] Prefill batch, #new-seq: 1, #new-token: 1714, #cached-token: 18260, token usage: 0.03, #running-req: 1, #queue-req: 0, #pending-token: 0, cuda graph: True, input throughput (token/s): 345.49
[36m(SGLangEngine pid=14251)[0m [2026-07-08 18:07:31] Prefill batch, #new-seq: 1, #new-token: 46, #cached-token: 18810, token usage: 0.03, #running-req: 1, #queue-req: 0, #pending-token: 0, cuda graph: True, input throughput (token/s): 11.02
[36m(SGLangEngine pid=14251)[0m [2026-07-08 18:07:34] INFO:     10.96.0.0:37140 - "POST /generate HTTP/1.1" 200 OK[32m [repeated 5x across cluster][0m
[36m(RolloutManager pid=13705)[0m [2026-07-08 18:07:34] capture_wire.py:128 - [rh2-capture] sid=d0151136-4941-4f3f-a5a7-cfff30aff24c prompt exceeds max_context_tokens (23010 >= 20480)
[36m(RolloutManager pid=13705)[0m [2026-07-08 18:07:34] capture_wire.py:128 - [rh2-capture] sid=d0151136-4941-4f3f-a5a7-cfff30aff24c prompt exceeds max_context_tokens (23054 >= 20480)
[36m(RolloutManager pid=13705)[0m [2026-07-08 18:07:34] capture_wire.py:128 - [rh2-capture] sid=d0151136-4941-4f3f-a5a7-cfff30aff24c prompt exceeds max_context_tokens (23098 >= 20480)
[36m(RolloutManager pid=13705)[0m [2026-07-08 18:07:35] capture_wire.py:128 - [rh2-capture] sid=d0151136-4941-4f3f-a5a7-cfff30aff24c prompt exceeds max_context_tokens (23142 >= 20480)
[36m(RolloutManager pid=13705)[0m [j4c-probe] {"probe": "j4c_custom_generate_entry", "ts": 1783534055.5361392, "index": 28, "group_index": 7, "status": "Status.PENDING", "len_tokens": 0, "response_length": 0, "weight_versions": [], "metadata_keys": ["image", "instance_id", "workdir"]}
[36m(SGLangEngine pid=14242)[0m [2026-07-08 18:07:35] Decode batch, #running-req: 2, #token: 21298, token usage: 0.03, cuda graph: False, gen throughput (token/s): 107.25, #queue-req: 0[32m [repeated 13x across cluster][0m
[36m(SGLangEngine pid=14251)[0m [2026-07-08 18:07:37] Prefill batch, #new-seq: 1, #new-token: 114, #cached-token: 19118, token usage: 0.03, #running-req: 0, #queue-req: 0, #pending-token: 0, cuda graph: True, input throughput (token/s): 18.12
[36m(RolloutManager pid=13705)[0m [j4c-probe] {"probe": "j4c_custom_generate_entry", "ts": 1783534057.7701683, "index": 29, "group_index": 7, "status": "Status.PENDING", "len_tokens": 0, "response_length": 0, "weight_versions": [], "metadata_keys": ["image", "instance_id", "workdir"]}
[36m(RolloutManager pid=13705)[0m [j4c-probe] {"probe": "j4c_custom_generate_entry", "ts": 1783534058.2515092, "index": 30, "group_index": 7, "status": "Status.PENDING", "len_tokens": 0, "response_length": 0, "weight_versions": [], "metadata_keys": ["image", "instance_id", "workdir"]}
[36m(RolloutManager pid=13705)[0m [j4c-probe] {"probe": "j4c_custom_generate_entry", "ts": 1783534058.4183774, "index": 31, "group_index": 7, "status": "Status.PENDING", "len_tokens": 0, "response_length": 0, "weight_versions": [], "metadata_keys": ["image", "instance_id", "workdir"]}
[36m(SGLangEngine pid=14251)[0m [2026-07-08 18:07:39] Prefill batch, #new-seq: 1, #new-token: 239, #cached-token: 18266, token usage: 0.03, #running-req: 0, #queue-req: 0, #pending-token: 0, cuda graph: True, input throughput (token/s): 132.85
[36m(RolloutManager pid=13705)[0m [2026-07-08 18:07:39] qwen25_detector.py:69 - Failed to parse JSON part: {"name": "verify", "arguments": {"level": "high", "findings": [{"file": "sympy/sympy", "line": 6, "summary": "Vector addition with zero leads to scalar result", "failure_scenario": "Expected a vector, but result is scalar", "category": "efficiency", "verdict": "fixed", "outcome": "fixed"}}
[36m(RolloutManager pid=13705)[0m |}
[36m(RolloutManager pid=13705)[0m <tool_call>
[36m(RolloutManager pid=13705)[0m {"name": "Write", "arguments": {"file_path": "/testbed/sympy/sympy/correct_code.py", "content": "from sympy.physics.vector import ReferenceFrame, Vector\nfrom sympy import symbols\n\nN = ReferenceFrame('N')\nvector = Vector(N.x, N.y, N.z)\nresult = vector + 0 * vector\nprint(result)\n"}}, JSON parse error: Expecting ',' delimiter: line 1 column 290 (char 289)
[36m(SGLangEngine pid=14251)[0m [2026-07-08 18:07:40] Decode batch, #running-req: 1, #token: 18580, token usage: 0.03, cuda graph: False, gen throughput (token/s): 55.76, #queue-req: 0[32m [repeated 13x across cluster][0m
[36m(RolloutManager pid=13705)[0m [2026-07-08 18:07:45] qwen25_detector.py:69 - Failed to parse JSON part: {"name": "Skill", "arguments": {"skill": "Fix the issue in the sympy/sympy repository", "args": {"file_path": "vector add 0 error", "content": "from sympy.physics.vector import ReferenceFrame, Vector\nfrom sympy import symbols\nsum([N.x, (0 * N.x)])"}}, JSON parse error: Expecting ',' delimiter: line 1 column 253 (char 252)
[36m(SGLangEngine pid=14242)[0m [2026-07-08 18:07:45] INFO:     10.96.0.0:57166 - "POST /generate HTTP/1.1" 200 OK[32m [repeated 4x across cluster][0m
[36m(SGLangEngine pid=14251)[0m [2026-07-08 18:07:45] Decode batch, #running-req: 1, #token: 18860, token usage: 0.03, cuda graph: False, gen throughput (token/s): 56.29, #queue-req: 0[32m [repeated 13x across cluster][0m
[36m(RolloutManager pid=13705)[0m [2026-07-08 18:07:57] fully_async_rollout.py:223 - fully-async rollout 0: collected 1/8, queue=0, elapsed=240.1s
[36m(SGLangEngine pid=14251)[0m [2026-07-08 18:07:46] Decode batch, #running-req: 1, #token: 0, token usage: 0.00, cuda graph: False, gen throughput (token/s): 57.73, #queue-req: 0
[36m(RolloutManager pid=13705)[0m [j4c-probe] {"probe": "j4c_custom_generate_entry", "ts": 1783534086.3678172, "index": 32, "group_index": 8, "status": "Status.PENDING", "len_tokens": 0, "response_length": 0, "weight_versions": [], "metadata_keys": ["image", "instance_id", "workdir"]}
[36m(SGLangEngine pid=14251)[0m [2026-07-08 18:07:46] INFO:     10.96.0.0:42680 - "POST /generate HTTP/1.1" 200 OK
[36m(RolloutManager pid=13705)[0m [j4c-probe] {"probe": "j4c_custom_generate_entry", "ts": 1783534088.0757427, "index": 33, "group_index": 8, "status": "Status.PENDING", "len_tokens": 0, "response_length": 0, "weight_versions": [], "metadata_keys": ["image", "instance_id", "workdir"]}
[36m(RolloutManager pid=13705)[0m [j4c-probe] {"probe": "j4c_custom_generate_entry", "ts": 1783534088.7774384, "index": 34, "group_index": 8, "status": "Status.PENDING", "len_tokens": 0, "response_length": 0, "weight_versions": [], "metadata_keys": ["image", "instance_id", "workdir"]}
[36m(RolloutManager pid=13705)[0m [j4c-probe] {"probe": "j4c_custom_generate_entry", "ts": 1783534089.526634, "index": 35, "group_index": 8, "status": "Status.PENDING", "len_tokens": 0, "response_length": 0, "weight_versions": [], "metadata_keys": ["image", "instance_id", "workdir"]}
[36m(RolloutManager pid=13705)[0m [2026-07-08 18:08:27] fully_async_rollout.py:223 - fully-async rollout 0: collected 2/8, queue=0, elapsed=270.2s
[36m(RolloutManager pid=13705)[0m [j4c-probe] {"probe": "j4c_custom_generate_entry", "ts": 1783534121.2276561, "index": 36, "group_index": 9, "status": "Status.PENDING", "len_tokens": 0, "response_length": 0, "weight_versions": [], "metadata_keys": ["image", "instance_id", "workdir"]}
[36m(RolloutManager pid=13705)[0m [j4c-probe] {"probe": "j4c_custom_generate_entry", "ts": 1783534121.3931348, "index": 37, "group_index": 9, "status": "Status.PENDING", "len_tokens": 0, "response_length": 0, "weight_versions": [], "metadata_keys": ["image", "instance_id", "workdir"]}
[36m(RolloutManager pid=13705)[0m [j4c-probe] {"probe": "j4c_custom_generate_entry", "ts": 1783534121.554791, "index": 38, "group_index": 9, "status": "Status.PENDING", "len_tokens": 0, "response_length": 0, "weight_versions": [], "metadata_keys": ["image", "instance_id", "workdir"]}
[36m(RolloutManager pid=13705)[0m [j4c-probe] {"probe": "j4c_custom_generate_entry", "ts": 1783534122.9607377, "index": 39, "group_index": 9, "status": "Status.PENDING", "len_tokens": 0, "response_length": 0, "weight_versions": [], "metadata_keys": ["image", "instance_id", "workdir"]}
[36m(RolloutManager pid=13705)[0m [2026-07-08 18:08:57] fully_async_rollout.py:223 - fully-async rollout 0: collected 4/8, queue=0, elapsed=300.2s
[36m(SGLangEngine pid=14251)[0m [2026-07-08 18:09:15] Prefill batch, #new-seq: 1, #new-token: 8192, #cached-token: 1339, token usage: 0.03, #running-req: 0, #queue-req: 0, #pending-token: 9414, cuda graph: True, input throughput (token/s): 85.38
[36m(SGLangEngine pid=14251)[0m [2026-07-08 18:09:15] Prefill batch, #new-seq: 1, #new-token: 8192, #cached-token: 0, token usage: 0.03, #running-req: 0, #queue-req: 0, #pending-token: 1222, cuda graph: True, input throughput (token/s): 104539.36
[36m(SGLangEngine pid=14251)[0m [2026-07-08 18:09:15] Prefill batch, #new-seq: 1, #new-token: 1222, #cached-token: 0, token usage: 0.03, #running-req: 0, #queue-req: 0, #pending-token: 0, cuda graph: True, input throughput (token/s): 54185.30
[36m(SGLangEngine pid=14251)[0m [2026-07-08 18:09:16] Decode batch, #running-req: 1, #token: 18986, token usage: 0.03, cuda graph: False, gen throughput (token/s): 0.45, #queue-req: 0
[36m(SGLangEngine pid=14251)[0m [2026-07-08 18:09:16] Decode batch, #running-req: 1, #token: 19026, token usage: 0.03, cuda graph: False, gen throughput (token/s): 59.45, #queue-req: 0
[36m(SGLangEngine pid=14251)[0m [2026-07-08 18:09:17] Decode batch, #running-req: 1, #token: 19066, token usage: 0.03, cuda graph: False, gen throughput (token/s): 59.82, #queue-req: 0
[36m(SGLangEngine pid=14251)[0m [2026-07-08 18:09:18] Decode batch, #running-req: 1, #token: 19106, token usage: 0.03, cuda graph: False, gen throughput (token/s): 59.44, #queue-req: 0
[36m(SGLangEngine pid=14251)[0m [2026-07-08 18:09:18] Decode batch, #running-req: 1, #token: 19146, token usage: 0.03, cuda graph: False, gen throughput (token/s): 59.72, #queue-req: 0
[36m(SGLangEngine pid=14251)[0m [2026-07-08 18:09:19] Decode batch, #running-req: 1, #token: 19186, token usage: 0.03, cuda graph: False, gen throughput (token/s): 59.43, #queue-req: 0
[36m(SGLangEngine pid=14251)[0m [2026-07-08 18:09:20] Decode batch, #running-req: 1, #token: 19226, token usage: 0.03, cuda graph: False, gen throughput (token/s): 54.17, #queue-req: 0
[36m(SGLangEngine pid=14251)[0m [2026-07-08 18:09:21] Decode batch, #running-req: 1, #token: 19266, token usage: 0.03, cuda graph: False, gen throughput (token/s): 37.95, #queue-req: 0
[36m(SGLangEngine pid=14251)[0m [2026-07-08 18:09:22] Decode batch, #running-req: 1, #token: 19306, token usage: 0.03, cuda graph: False, gen throughput (token/s): 59.40, #queue-req: 0
[36m(SGLangEngine pid=14251)[0m [2026-07-08 18:09:22] Decode batch, #running-req: 1, #token: 19346, token usage: 0.03, cuda graph: False, gen throughput (token/s): 59.28, #queue-req: 0
[36m(SGLangEngine pid=14251)[0m [2026-07-08 18:09:23] Decode batch, #running-req: 1, #token: 19386, token usage: 0.03, cuda graph: False, gen throughput (token/s): 59.68, #queue-req: 0
[36m(SGLangEngine pid=14251)[0m [2026-07-08 18:09:24] Decode batch, #running-req: 1, #token: 19426, token usage: 0.03, cuda graph: False, gen throughput (token/s): 59.19, #queue-req: 0
[36m(SGLangEngine pid=14251)[0m [2026-07-08 18:09:24] Decode batch, #running-req: 1, #token: 19466, token usage: 0.03, cuda graph: False, gen throughput (token/s): 59.30, #queue-req: 0
[36m(SGLangEngine pid=14251)[0m [2026-07-08 18:09:25] Decode batch, #running-req: 1, #token: 19506, token usage: 0.03, cuda graph: False, gen throughput (token/s): 34.98, #queue-req: 0
[36m(SGLangEngine pid=14251)[0m [2026-07-08 18:09:26] Decode batch, #running-req: 1, #token: 19546, token usage: 0.03, cuda graph: False, gen throughput (token/s): 56.27, #queue-req: 0
[36m(RolloutManager pid=13705)[0m [2026-07-08 18:09:27] fully_async_rollout.py:223 - fully-async rollout 0: collected 4/8, queue=0, elapsed=330.2s
[36m(SGLangEngine pid=14251)[0m [2026-07-08 18:09:27] Decode batch, #running-req: 1, #token: 19586, token usage: 0.03, cuda graph: False, gen throughput (token/s): 60.47, #queue-req: 0
[36m(SGLangEngine pid=14251)[0m [2026-07-08 18:09:27] Decode batch, #running-req: 1, #token: 19626, token usage: 0.03, cuda graph: False, gen throughput (token/s): 60.19, #queue-req: 0
[36m(RolloutManager pid=13705)[0m [2026-07-08 18:09:28] qwen25_detector.py:69 - Failed to parse JSON part: {"name": "Verify", "arguments": {"level": "high", "findings": [{"file": "astropy/nddata/NDDataRef.py", "line": 55, "summary": "NDDataRef should handle mask propagation gracefully when an operand lacks a mask", "failure_scenario": "operand without a mask becomes None, but OR with int throws error", "category": "efficiency", "verdict": "fixed", "outcome": "fixed"}}, JSON parse error: Expecting ',' delimiter: line 1 column 365 (char 364)
[36m(SGLangEngine pid=14251)[0m [2026-07-08 18:09:28] INFO:     10.96.0.0:51272 - "POST /generate HTTP/1.1" 200 OK
[36m(SGLangEngine pid=14251)[0m [2026-07-08 18:09:37] Prefill batch, #new-seq: 1, #new-token: 1, #cached-token: 18944, token usage: 0.03, #running-req: 0, #queue-req: 0, #pending-token: 0, cuda graph: True, input throughput (token/s): 0.04
[36m(SGLangEngine pid=14251)[0m [2026-07-08 18:09:38] Prefill batch, #new-seq: 1, #new-token: 1, #cached-token: 18944, token usage: 0.03, #running-req: 1, #queue-req: 0, #pending-token: 0, cuda graph: True, input throughput (token/s): 1.86
[36m(SGLangEngine pid=14251)[0m [2026-07-08 18:09:38] Decode batch, #running-req: 2, #token: 18980, token usage: 0.03, cuda graph: False, gen throughput (token/s): 4.03, #queue-req: 0
[36m(SGLangEngine pid=14251)[0m [2026-07-08 18:09:39] Decode batch, #running-req: 3, #token: 19062, token usage: 0.03, cuda graph: False, gen throughput (token/s): 103.29, #queue-req: 0
[36m(SGLangEngine pid=14251)[0m 0, cuda graph: True, input throughput (token/s): 1.25
[36m(SGLangEngine pid=14251)[0m [2026-07-08 18:09:39] Decode batch, #running-req: 3, #token: 19182, token usage: 0.03, cuda graph: False, gen throughput (token/s): 161.96, #queue-req: 0
[36m(SGLangEngine pid=14251)[0m [2026-07-08 18:09:40] Decode batch, #running-req: 3, #token: 19302, token usage: 0.03, cuda graph: False, gen throughput (token/s): 160.24, #queue-req: 0
[36m(SGLangEngine pid=14251)[0m [2026-07-08 18:09:41] Decode batch, #running-req: 3, #token: 19422, token usage: 0.03, cuda graph: False, gen throughput (token/s): 160.36, #queue-req: 0
[36m(SGLangEngine pid=14251)[0m [2026-07-08 18:09:42] Decode batch, #running-req: 3, #token: 19542, token usage: 0.03, cuda graph: False, gen throughput (token/s): 159.74, #queue-req: 0
[36m(SGLangEngine pid=14251)[0m [2026-07-08 18:09:42] Decode batch, #running-req: 3, #token: 19662, token usage: 0.03, cuda graph: False, gen throughput (token/s): 166.49, #queue-req: 0
[36m(SGLangEngine pid=14251)[0m [2026-07-08 18:09:43] Decode batch, #running-req: 3, #token: 19782, token usage: 0.03, cuda graph: False, gen throughput (token/s): 160.24, #queue-req: 0
[36m(SGLangEngine pid=14251)[0m [2026-07-08 18:09:44] Decode batch, #running-req: 3, #token: 19902, token usage: 0.03, cuda graph: False, gen throughput (token/s): 159.86, #queue-req: 0
[36m(SGLangEngine pid=14251)[0m [2026-07-08 18:09:45] Decode batch, #running-req: 3, #token: 20022, token usage: 0.03, cuda graph: False, gen throughput (token/s): 161.87, #queue-req: 0
[36m(SGLangEngine pid=14251)[0m [2026-07-08 18:09:45] Decode batch, #running-req: 3, #token: 20142, token usage: 0.03, cuda graph: False, gen throughput (token/s): 160.50, #queue-req: 0
[36m(SGLangEngine pid=14251)[0m [2026-07-08 18:09:46] Decode batch, #running-req: 3, #token: 20262, token usage: 0.03, cuda graph: False, gen throughput (token/s): 158.31, #queue-req: 0
[36m(SGLangEngine pid=14251)[0m [2026-07-08 18:09:47] Decode batch, #running-req: 3, #token: 20382, token usage: 0.03, cuda graph: False, gen throughput (token/s): 158.97, #queue-req: 0
[36m(SGLangEngine pid=14251)[0m [2026-07-08 18:09:48] Decode batch, #running-req: 3, #token: 20502, token usage: 0.03, cuda graph: False, gen throughput (token/s): 160.91, #queue-req: 0
[36m(SGLangEngine pid=14251)[0m [2026-07-08 18:09:48] INFO:     10.96.0.0:55100 - "POST /generate HTTP/1.1" 200 OK
[36m(RolloutManager pid=13705)[0m [2026-07-08 18:09:48] base_format_detector.py:86 - Model attempted to call undefined function: TestMaskPropagation
[36m(SGLangEngine pid=14251)[0m [2026-07-08 18:09:48] Decode batch, #running-req: 2, #token: 20059, token usage: 0.03, cuda graph: False, gen throughput (token/s): 116.74, #queue-req: 0
[36m(SGLangEngine pid=14251)[0m [2026-07-08 18:09:49] Decode batch, #running-req: 2, #token: 20139, token usage: 0.03, cuda graph: False, gen throughput (token/s): 106.86, #queue-req: 0
[36m(RolloutManager pid=13705)[0m [2026-07-08 18:09:49] qwen25_detector.py:69 - Failed to parse JSON part: {"name": "Skill", "arguments": {"skill": "code-review", "args": {"file": "astropy/astropy", "description": "Fix NDDataRef mask propagation issue when one operand lacks a mask"}}, JSON parse error: Expecting ',' delimiter: line 1 column 178 (char 177)
[36m(SGLangEngine pid=14251)[0m [2026-07-08 18:09:49] INFO:     10.96.0.0:55098 - "POST /generate HTTP/1.1" 200 OK
[36m(SGLangEngine pid=14251)[0m [2026-07-08 18:09:50] Decode batch, #running-req: 1, #token: 19547, token usage: 0.03, cuda graph: False, gen throughput (token/s): 69.73, #queue-req: 0
[36m(SGLangEngine pid=14251)[0m [2026-07-08 18:09:50] Decode batch, #running-req: 1, #token: 19587, token usage: 0.03, cuda graph: False, gen throughput (token/s): 59.50, #queue-req: 0
[36m(SGLangEngine pid=14251)[0m [2026-07-08 18:09:51] Decode batch, #running-req: 1, #token: 19627, token usage: 0.03, cuda graph: False, gen throughput (token/s): 59.37, #queue-req: 0
[36m(SGLangEngine pid=14251)[0m [2026-07-08 18:09:52] Decode batch, #running-req: 1, #token: 19667, token usage: 0.03, cuda graph: False, gen throughput (token/s): 59.13, #queue-req: 0
[36m(SGLangEngine pid=14251)[0m [2026-07-08 18:09:52] Decode batch, #running-req: 1, #token: 19707, token usage: 0.03, cuda graph: False, gen throughput (token/s): 59.35, #queue-req: 0
[36m(SGLangEngine pid=14251)[0m [2026-07-08 18:09:53] Decode batch, #running-req: 1, #token: 19747, token usage: 0.03, cuda graph: False, gen throughput (token/s): 58.96, #queue-req: 0
[36m(SGLangEngine pid=14251)[0m [2026-07-08 18:09:54] Decode batch, #running-req: 1, #token: 19787, token usage: 0.03, cuda graph: False, gen throughput (token/s): 59.57, #queue-req: 0
[36m(SGLangEngine pid=14251)[0m [2026-07-08 18:09:54] Decode batch, #running-req: 1, #token: 19827, token usage: 0.03, cuda graph: False, gen throughput (token/s): 59.12, #queue-req: 0
[36m(SGLangEngine pid=14251)[0m [2026-07-08 18:09:55] Decode batch, #running-req: 1, #token: 19867, token usage: 0.03, cuda graph: False, gen throughput (token/s): 59.37, #queue-req: 0
[36m(SGLangEngine pid=14251)[0m [2026-07-08 18:09:56] Decode batch, #running-req: 1, #token: 19907, token usage: 0.03, cuda graph: False, gen throughput (token/s): 59.50, #queue-req: 0
[36m(RolloutManager pid=13705)[0m [2026-07-08 18:09:56] qwen25_detector.py:69 - Failed to parse JSON part: {"name": "Skill", "arguments": {"skill": "Fix NDDataRef mask propagation issue", "args": {"file_path": "testbed/astropy/astropy/ldm_mask_propagation.py", "content": "In the `NDDataRef` class, modify the `handle_mask` method to properly manage operands without masks: 1. If the operand has no mask (not a numpy array), return None instead of creating a mask. 2. Otherwise, use the masked operand as-is or create a mask if necessary, based on the original mask logic."}}, JSON parse error: Expecting ',' delimiter: line 1 column 469 (char 468)
[36m(SGLangEngine pid=14251)[0m [2026-07-08 18:09:56] INFO:     10.96.0.0:55116 - "POST /generate HTTP/1.1" 200 OK
[36m(RolloutManager pid=13705)[0m [2026-07-08 18:09:57] fully_async_rollout.py:223 - fully-async rollout 0: collected 4/8, queue=0, elapsed=360.3s
[36m(RolloutManager pid=13705)[0m [j4c-probe] {"probe": "j4c_custom_generate_entry", "ts": 1783534201.4904199, "index": 40, "group_index": 10, "status": "Status.PENDING", "len_tokens": 0, "response_length": 0, "weight_versions": [], "metadata_keys": ["image", "instance_id", "workdir"]}
[36m(RolloutManager pid=13705)[0m [j4c-probe] {"probe": "j4c_custom_generate_entry", "ts": 1783534226.7778704, "index": 41, "group_index": 10, "status": "Status.PENDING", "len_tokens": 0, "response_length": 0, "weight_versions": [], "metadata_keys": ["image", "instance_id", "workdir"]}
[36m(RolloutManager pid=13705)[0m [2026-07-08 18:10:27] fully_async_rollout.py:223 - fully-async rollout 0: collected 4/8, queue=0, elapsed=390.3s
[36m(RolloutManager pid=13705)[0m [j4c-probe] {"probe": "j4c_custom_generate_entry", "ts": 1783534228.5341327, "index": 42, "group_index": 10, "status": "Status.PENDING", "len_tokens": 0, "response_length": 0, "weight_versions": [], "metadata_keys": ["image", "instance_id", "workdir"]}
[36m(RolloutManager pid=13705)[0m [j4c-probe] {"probe": "j4c_custom_generate_entry", "ts": 1783534236.5706427, "index": 43, "group_index": 10, "status": "Status.PENDING", "len_tokens": 0, "response_length": 0, "weight_versions": [], "metadata_keys": ["image", "instance_id", "workdir"]}
[36m(RolloutManager pid=13705)[0m [2026-07-08 18:10:57] fully_async_rollout.py:223 - fully-async rollout 0: collected 5/8, queue=0, elapsed=420.4s
[36m(RolloutManager pid=13705)[0m [2026-07-08 18:11:27] fully_async_rollout.py:223 - fully-async rollout 0: collected 5/8, queue=0, elapsed=450.4s
[36m(RolloutManager pid=13705)[0m [2026-07-08 18:11:57] fully_async_rollout.py:223 - fully-async rollout 0: collected 5/8, queue=0, elapsed=480.4s
[36m(RolloutManager pid=13705)[0m [2026-07-08 18:12:27] fully_async_rollout.py:223 - fully-async rollout 0: collected 5/8, queue=0, elapsed=510.4s
[36m(RolloutManager pid=13705)[0m [2026-07-08 18:12:57] fully_async_rollout.py:223 - fully-async rollout 0: collected 5/8, queue=0, elapsed=540.5s
[36m(RolloutManager pid=13705)[0m [2026-07-08 18:13:27] fully_async_rollout.py:223 - fully-async rollout 0: collected 5/8, queue=0, elapsed=570.5s
[36m(RolloutManager pid=13705)[0m [2026-07-08 18:13:57] fully_async_rollout.py:223 - fully-async rollout 0: collected 5/8, queue=0, elapsed=600.5s

[36m(RolloutManager pid=13705)[0m [2026-07-08 18:14:27] fully_async_rollout.py:223 - fully-async rollout 0: collected 5/8, queue=0, elapsed=630.5s[36m(RolloutManager pid=13705)[0m [2026-07-08 18:14:57] fully_async_rollout.py:223 - fully-async rollout 0: collected 5/8, queue=0, elapsed=660.5s
[36m(RolloutManager pid=13705)[0m [2026-07-08 18:15:27] fully_async_rollout.py:223 - fully-async rollout 0: collected 5/8, queue=0, elapsed=690.6s
[36m(SGLangEngine pid=14251)[0m [2026-07-08 18:15:54] Prefill batch, #new-seq: 1, #new-token: 8192, #cached-token: 1339, token usage: 0.03, #running-req: 0, #queue-req: 0, #pending-token: 8844, cuda graph: True, input throughput (token/s): 21.82
[36m(SGLangEngine pid=14251)[0m [2026-07-08 18:15:54] Prefill batch, #new-seq: 1, #new-token: 652, #cached-token: 0, token usage: 0.03, #running-req: 0, #queue-req: 0, #pending-token: 0, cuda graph: True, input throughput (token/s): 24495.07
[36m(SGLangEngine pid=14251)[0m .56
[36m(SGLangEngine pid=14251)[0m [2026-07-08 18:15:55] Decode batch, #running-req: 1, #token: 18401, token usage: 0.03, cuda graph: False, gen throughput (token/s): 0.11, #queue-req: 0
[36m(SGLangEngine pid=14251)[0m [2026-07-08 18:15:55] Decode batch, #running-req: 1, #token: 18441, token usage: 0.03, cuda graph: False, gen throughput (token/s): 57.82, #queue-req: 0
[36m(SGLangEngine pid=14251)[0m [2026-07-08 18:15:56] Decode batch, #running-req: 1, #token: 18481, token usage: 0.03, cuda graph: False, gen throughput (token/s): 58.28, #queue-req: 0
[36m(SGLangEngine pid=14251)[0m [2026-07-08 18:15:57] Decode batch, #running-req: 1, #token: 18521, token usage: 0.03, cuda graph: False, gen throughput (token/s): 57.67, #queue-req: 0
[36m(RolloutManager pid=13705)[0m [2026-07-08 18:15:57] fully_async_rollout.py:223 - fully-async rollout 0: collected 5/8, queue=0, elapsed=720.6s
[36m(SGLangEngine pid=14251)[0m [2026-07-08 18:15:57] Decode batch, #running-req: 1, #token: 18561, token usage: 0.03, cuda graph: False, gen throughput (token/s): 57.71, #queue-req: 0
[36m(SGLangEngine pid=14251)[0m [2026-07-08 18:15:58] Decode batch, #running-req: 1, #token: 18601, token usage: 0.03, cuda graph: False, gen throughput (token/s): 55.81, #queue-req: 0
[36m(SGLangEngine pid=14251)[0m [2026-07-08 18:15:58] Prefill batch, #new-seq: 1, #new-token: 1, #cached-token: 18374, token usage: 0.03, #running-req: 1, #queue-req: 0, #pending-token: 0, cuda graph: True, input throughput (token/s): 0.25
[36m(SGLangEngine pid=14251)[0m [2026-07-08 18:15:59] Decode batch, #running-req: 2, #token: 18682, token usage: 0.03, cuda graph: False, gen throughput (token/s): 101.84, #queue-req: 0
[36m(SGLangEngine pid=14251)[0m [2026-07-08 18:16:00] Decode batch, #running-req: 2, #token: 18762, token usage: 0.03, cuda graph: False, gen throughput (token/s): 108.69, #queue-req: 0
[36m(SGLangEngine pid=14251)[0m [2026-07-08 18:16:00] Decode batch, #running-req: 2, #token: 18842, token usage: 0.03, cuda graph: False, gen throughput (token/s): 97.72, #queue-req: 0
[36m(SGLangEngine pid=14251)[0m [2026-07-08 18:16:01] Prefill batch, #new-seq: 1, #new-token: 1, #cached-token: 18374, token usage: 0.03, #running-req: 2, #queue-req: 0, #pending-token: 0, cuda graph: True, input throughput (token/s): 0.33
[36m(SGLangEngine pid=14251)[0m [2026-07-08 18:16:01] Decode batch, #running-req: 3, #token: 18928, token usage: 0.03, cuda graph: False, gen throughput (token/s): 105.05, #queue-req: 0
[36m(RolloutManager pid=13705)[0m [2026-07-08 18:16:02] qwen25_detector.py:69 - Failed to parse JSON part: {"name": "Write", "arguments": {"file_path": "/testbed/django/django/attributions/username_validator.py", "content": "from django.contrib.auth.validators import username\n\n# Update regex to avoid trailing newline\nUSERNAME_VALIDATOR_REGEX = r'\A[\w.@+-]+\Z'"}}, JSON parse error: Invalid \escape: line 1 column 245 (char 244)
[36m(SGLangEngine pid=14251)[0m [2026-07-08 18:16:02] Decode batch, #running-req: 3, #token: 19048, token usage: 0.03, cuda graph: False, gen throughput (token/s): 157.42, #queue-req: 0
[36m(SGLangEngine pid=14251)[0m [2026-07-08 18:16:02] INFO:     10.96.0.0:58126 - "POST /generate HTTP/1.1" 200 OK
[36m(SGLangEngine pid=14251)[0m [2026-07-08 18:16:03] Decode batch, #running-req: 2, #token: 18702, token usage: 0.03, cuda graph: False, gen throughput (token/s): 109.18, #queue-req: 0
[36m(SGLangEngine pid=14251)[0m [2026-07-08 18:16:03] Decode batch, #running-req: 2, #token: 18782, token usage: 0.03, cuda graph: False, gen throughput (token/s): 109.11, #queue-req: 0
[36m(SGLangEngine pid=14251)[0m [2026-07-08 18:16:04] Prefill batch, #new-seq: 1, #new-token: 1, #cached-token: 18374, token usage: 0.03, #running-req: 2, #queue-req: 0, #pending-token: 0, cuda graph: True, input throughput (token/s): 0.34
[36m(SGLangEngine pid=14251)[0m [2026-07-08 18:16:04] Decode batch, #running-req: 3, #token: 18876, token usage: 0.03, cuda graph: False, gen throughput (token/s): 114.59, #queue-req: 0
[36m(SGLangEngine pid=14242)[0m [2026-07-08 18:16:05] Prefill batch, #new-seq: 1, #new-token: 690, #cached-token: 0, token usage: 0.03, #running-req: 0, #queue-req: 0, #pending-token: 0, cuda graph: True, input throughput (token/s): 26973.15[32m [repeated 3x across cluster][0m
[36m(SGLangEngine pid=14251)[0m [2026-07-08 18:16:07] Decode batch, #running-req: 3, #token: 19236, token usage: 0.03, cuda graph: False, gen throughput (token/s): 156.30, #queue-req: 0[32m [repeated 6x across cluster][0m
[36m(RolloutManager pid=13705)[0m [2026-07-08 18:16:10] qwen25_detector.py:69 - Failed to parse JSON part: {"name": "Write", "arguments": {"file_path": "/testbed/django/commit/d26b2424437d/changes/username-validator.py", "content": "from django.contrib.auth.validators import username_validator\n\n# Updated username validation to reject trailing newlines\nusername_validator.regex = r'\A[\w.@+-]+\Z'"}}, JSON parse error: Invalid \escape: line 1 column 280 (char 279)
[36m(SGLangEngine pid=14251)[0m [2026-07-08 18:16:10] INFO:     10.96.0.0:58126 - "POST /generate HTTP/1.1" 200 OK
[36m(RolloutManager pid=13705)[0m [2026-07-08 18:16:10] qwen25_detector.py:69 - Failed to parse JSON part: {"name": "Write", "arguments": {"file_path": "contrib/auth/validators/username.py", "content": "import re\n\n# Original regex\noriginal_regex = r'^[\w.@+-]+$'\n\n# Modified to avoid trailing newlines\nmodified_regex = r'\A[\w.@+-]+\Z'"}}, JSON parse error: Invalid \escape: line 1 column 149 (char 148)
[36m(SGLangEngine pid=14251)[0m [2026-07-08 18:16:10] INFO:     10.96.0.0:58150 - "POST /generate HTTP/1.1" 200 OK
[36m(RolloutManager pid=13705)[0m [2026-07-08 18:16:11] qwen25_detector.py:69 - Failed to parse JSON part: {"name": "Write", "arguments": {"file_path": "/testbed/django/django/changes/add_username_validation.py", "content": "from django.contrib.auth.validators import username_validator\n\n# Update the regex to reject usernames ending with a newline\n\nclass UsernameValidator(username_validator):\n    def __init__(self, **kwargs):\n        self._regex = r'\A[\w.@+-]+\Z'  # \A and \Z to prevent trailing newline\n        super().__init__(**kwargs)\n\n# Add the new regex to the UsernameValidator class\nimport username_validator\nusername_validator.add_validator(UsernameValidator())"}}, JSON parse error: Invalid \escape: line 1 column 353 (char 352)
[36m(SGLangEngine pid=14251)[0m [2026-07-08 18:16:11] INFO:     10.96.0.0:58142 - "POST /generate HTTP/1.1" 200 OK
[36m(SGLangEngine pid=14242)[0m [2026-07-08 18:16:08] Prefill batch, #new-seq: 1, #new-token: 1, #cached-token: 18386, token usage: 0.03, #running-req: 1, #queue-req: 0, #pending-token: 0, cuda graph: True, input throughput (token/s): 0.31
[36m(SGLangEngine pid=14242)[0m [2026-07-08 18:16:12] Decode batch, #running-req: 2, #token: 19017, token usage: 0.03, cuda graph: False, gen throughput (token/s): 104.49, #queue-req: 0[32m [repeated 13x across cluster][0m
[36m(SGLangEngine pid=14242)[0m [2026-07-08 18:16:13] Prefill batch, #new-seq: 1, #new-token: 1, #cached-token: 18386, token usage: 0.03, #running-req: 2, #queue-req: 0, #pending-token: 0, cuda graph: True, input throughput (token/s): 0.20
[36m(SGLangEngine pid=14242)[0m [2026-07-08 18:16:13] Prefill batch, #new-seq: 1, #new-token: 1, #cached-token: 18386, token usage: 0.03, #running-req: 3, #queue-req: 0, #pending-token: 0, cuda graph: True, input throughput (token/s): 1.43
[36m(SGLangEngine pid=14242)[0m [2026-07-08 18:16:16] Prefill batch, #new-seq: 1, #new-token: 42, #cached-token: 18826, token usage: 0.03, #running-req: 3, #queue-req: 0, #pending-token: 0, cuda graph: True, input throughput (token/s): 14.35
[36m(SGLangEngine pid=14242)[0m [2026-07-08 18:16:16] INFO:     10.96.0.0:47516 - "POST /generate HTTP/1.1" 200 OK
[36m(SGLangEngine pid=14242)[0m [2026-07-08 18:16:17] INFO:     10.96.0.0:47512 - "POST /generate HTTP/1.1" 200 OK
[36m(SGLangEngine pid=14242)[0m [2026-07-08 18:16:17] Prefill batch, #new-seq: 1, #new-token: 44, #cached-token: 19031, token usage: 0.03, #running-req: 3, #queue-req: 0, #pending-token: 0, cuda graph: True, input throughput (token/s): 119.07
[36m(SGLangEngine pid=14242)[0m [2026-07-08 18:16:17] Decode batch, #running-req: 4, #token: 20094, token usage: 0.03, cuda graph: False, gen throughput (token/s): 195.29, #queue-req: 0[32m [repeated 7x across cluster][0m
[36m(SGLangEngine pid=14242)[0m [2026-07-08 18:16:22] INFO:     10.96.0.0:47512 - "POST /generate HTTP/1.1" 200 OK
[36m(SGLangEngine pid=14242)[0m [2026-07-08 18:16:22] Prefill batch, #new-seq: 1, #new-token: 167, #cached-token: 18387, token usage: 0.03, #running-req: 3, #queue-req: 0, #pending-token: 0, cuda graph: True, input throughput (token/s): 30.20
[36m(SGLangEngine pid=14242)[0m [2026-07-08 18:16:23] Decode batch, #running-req: 4, #token: 20409, token usage: 0.03, cuda graph: False, gen throughput (token/s): 192.44, #queue-req: 0[32m [repeated 7x across cluster][0m
[36m(RolloutManager pid=13705)[0m [2026-07-08 18:16:23] qwen25_detector.py:69 - Failed to parse JSON part: {"name": "Verify", "arguments": {"args": {"file_path": "django/django/htdocs/",
[36m(RolloutManager pid=13705)[0m  "content": "from django.http import HttpResponse\n# String content\nresponse = HttpResponse('My Content')\nresponse.content\n# Out: b'My Content'\n# This is correct\n# Bytes content\nresponse = HttpResponse(b'Another example with byte data')\nresponse.content\n# Out: b'Another example with byte data'\n# This is also correct\n# memoryview content\nresponse = HttpResponse(memoryview(b'Another example with memoryview data'))\nresponse.content\n# Out: b'<memory at 0x7fcc47ab2648>'\n# This is not correct, I am expecting b'Another example with memoryview data'\n"}}, JSON parse error: Expecting ',' delimiter: line 2 column 567 (char 646)
[36m(SGLangEngine pid=14242)[0m [2026-07-08 18:16:23] INFO:     10.96.0.0:53620 - "POST /generate HTTP/1.1" 200 OK
[36m(SGLangEngine pid=14242)[0m [2026-07-08 18:16:23] INFO:     10.96.0.0:47516 - "POST /generate HTTP/1.1" 200 OK
[36m(SGLangEngine pid=14242)[0m [2026-07-08 18:16:24] Prefill batch, #new-seq: 1, #new-token: 44, #cached-token: 19230, token usage: 0.03, #running-req: 2, #queue-req: 0, #pending-token: 0, cuda graph: True, input throughput (token/s): 34.85
[36m(RolloutManager pid=13705)[0m [2026-07-08 18:16:25] qwen25_detector.py:69 - Failed to parse JSON part: {"name": "Verify", "arguments": {"level": "high", "findings": [{"file": "django/django/whc_views.py", "line": 234, "summary": "Memoryview object should be treated as a file-like object in HttpResponse content", "failure_scenario": "memoryview is passed as bytes, not a memoryview object", "category": "efficiency", "verdict": "correct", "outcome": "fixed"}}, JSON parse error: Expecting ',' delimiter: line 1 column 357 (char 356)
[36m(SGLangEngine pid=14242)[0m [2026-07-08 18:16:25] INFO:     10.96.0.0:53628 - "POST /generate HTTP/1.1" 200 OK
[36m(SGLangEngine pid=14242)[0m [2026-07-08 18:16:26] INFO:     10.96.0.0:47512 - "POST /generate HTTP/1.1" 200 OK
[36m(RolloutManager pid=13705)[0m [2026-07-08 18:16:27] fully_async_rollout.py:223 - fully-async rollout 0: collected 5/8, queue=0, elapsed=750.6s
[36m(SGLangEngine pid=14242)[0m [2026-07-08 18:16:28] Decode batch, #running-req: 1, #token: 19519, token usage: 0.03, cuda graph: False, gen throughput (token/s): 59.62, #queue-req: 0[32m [repeated 7x across cluster][0m
[36m(SGLangEngine pid=14242)[0m [2026-07-08 18:16:29] Prefill batch, #new-seq: 1, #new-token: 211, #cached-token: 18409, token usage: 0.03, #running-req: 0, #queue-req: 0, #pending-token: 0, cuda graph: True, input throughput (token/s): 42.60
[36m(SGLangEngine pid=14242)[0m [2026-07-08 18:16:28] INFO:     10.96.0.0:47516 - "POST /generate HTTP/1.1" 200 OK
[36m(SGLangEngine pid=14242)[0m [2026-07-08 18:16:33] Decode batch, #running-req: 1, #token: 18915, token usage: 0.03, cuda graph: False, gen throughput (token/s): 60.94, #queue-req: 0[32m [repeated 8x across cluster][0m
[36m(SGLangEngine pid=14242)[0m [2026-07-08 18:16:34] INFO:     10.96.0.0:47516 - "POST /generate HTTP/1.1" 200 OK
[36m(SGLangEngine pid=14251)[0m [2026-07-08 18:16:34] Prefill batch, #new-seq: 1, #new-token: 8192, #cached-token: 1339, token usage: 0.03, #running-req: 0, #queue-req: 0, #pending-token: 9049, cuda graph: True, input throughput (token/s): 272.30
[36m(SGLangEngine pid=14251)[0m [2026-07-08 18:16:34] Prefill batch, #new-seq: 1, #new-token: 8192, #cached-token: 0, token usage: 0.03, #running-req: 0, #queue-req: 0, #pending-token: 857, cuda graph: True, input throughput (token/s): 97909.00
[36m(SGLangEngine pid=14251)[0m [2026-07-08 18:16:34] Prefill batch, #new-seq: 1, #new-token: 857, #cached-token: 0, token usage: 0.03, #running-req: 0, #queue-req: 0, #pending-token: 0, cuda graph: True, input throughput (token/s): 26053.27
[36m(SGLangEngine pid=14251)[0m [2026-07-08 18:16:37] Prefill batch, #new-seq: 1, #new-token: 1, #cached-token: 18579, token usage: 0.03, #running-req: 1, #queue-req: 0, #pending-token: 0, cuda graph: True, input throughput (token/s): 0.34
[36m(SGLangEngine pid=14251)[0m [2026-07-08 18:16:38] Prefill batch, #new-seq: 1, #new-token: 1, #cached-token: 18579, token usage: 0.03, #running-req: 2, #queue-req: 0, #pending-token: 0, cuda graph: True, input throughput (token/s): 0.92
[36m(SGLangEngine pid=14251)[0m [2026-07-08 18:16:38] Prefill batch, #new-seq: 1, #new-token: 1, #cached-token: 18579, token usage: 0.03, #running-req: 3, #queue-req: 0, #pending-token: 0, cuda graph: True, input throughput (token/s): 5.06
[36m(SGLangEngine pid=14251)[0m [2026-07-08 18:16:38] Decode batch, #running-req: 3, #token: 18880, token usage: 0.03, cuda graph: False, gen throughput (token/s): 107.83, #queue-req: 0[32m [repeated 6x across cluster][0m
[36m(SGLangEngine pid=14251)[0m [2026-07-08 18:16:42] INFO:     10.96.0.0:41384 - "POST /generate HTTP/1.1" 200 OK
[36m(SGLangEngine pid=14251)[0m [2026-07-08 18:16:44] Decode batch, #running-req: 3, #token: 19488, token usage: 0.03, cuda graph: False, gen throughput (token/s): 160.67, #queue-req: 0[32m [repeated 7x across cluster][0m
[36m(SGLangEngine pid=14251)[0m [2026-07-08 18:16:45] INFO:     10.96.0.0:41398 - "POST /generate HTTP/1.1" 200 OK
[36m(SGLangEngine pid=14251)[0m [2026-07-08 18:16:45] Prefill batch, #new-seq: 1, #new-token: 42, #cached-token: 18972, token usage: 0.03, #running-req: 2, #queue-req: 0, #pending-token: 0, cuda graph: True, input throughput (token/s): 6.50
[36m(SGLangEngine pid=14251)[0m [2026-07-08 18:16:46] INFO:     10.96.0.0:41408 - "POST /generate HTTP/1.1" 200 OK
[36m(SGLangEngine pid=14251)[0m [2026-07-08 18:16:46] Prefill batch, #new-seq: 1, #new-token: 93, #cached-token: 18894, token usage: 0.03, #running-req: 2, #queue-req: 0, #pending-token: 0, cuda graph: True, input throughput (token/s): 110.26
[36m(SGLangEngine pid=14251)[0m [2026-07-08 18:16:49] INFO:     10.96.0.0:41398 - "POST /generate HTTP/1.1" 200 OK
[36m(SGLangEngine pid=14251)[0m [2026-07-08 18:16:49] Decode batch, #running-req: 2, #token: 19735, token usage: 0.03, cuda graph: False, gen throughput (token/s): 116.83, #queue-req: 0[32m [repeated 7x across cluster][0m
[36m(SGLangEngine pid=14251)[0m [2026-07-08 18:16:50] INFO:     10.96.0.0:41408 - "POST /generate HTTP/1.1" 200 OK
[36m(SGLangEngine pid=14251)[0m [2026-07-08 18:16:50] Prefill batch, #new-seq: 1, #new-token: 160, #cached-token: 18580, token usage: 0.03, #running-req: 1, #queue-req: 0, #pending-token: 0, cuda graph: True, input throughput (token/s): 39.36
[36m(SGLangEngine pid=14251)[0m [2026-07-08 18:16:53] INFO:     10.96.0.0:41408 - "POST /generate HTTP/1.1" 200 OK
[36m(SGLangEngine pid=14251)[0m [2026-07-08 18:16:54] Decode batch, #running-req: 1, #token: 19427, token usage: 0.03, cuda graph: False, gen throughput (token/s): 58.03, #queue-req: 0[32m [repeated 7x across cluster][0m
[36m(RolloutManager pid=13705)[0m [2026-07-08 18:16:57] fully_async_rollout.py:223 - fully-async rollout 0: collected 5/8, queue=0, elapsed=780.7s

[36m(SGLangEngine pid=14251)[0m [2026-07-08 18:17:00] Decode batch, #running-req: 1, #token: 19747, token usage: 0.03, cuda graph: False, gen throughput (token/s): 57.89, #queue-req: 0[32m [repeated 8x across cluster][0m[36m(SGLangEngine pid=14251)[0m [2026-07-08 18:17:05] Decode batch, #running-req: 1, #token: 20067, token usage: 0.03, cuda graph: False, gen throughput (token/s): 57.80, #queue-req: 0[32m [repeated 8x across cluster][0m
[36m(SGLangEngine pid=14251)[0m [2026-07-08 18:17:11] Decode batch, #running-req: 1, #token: 20387, token usage: 0.03, cuda graph: False, gen throughput (token/s): 57.96, #queue-req: 0[32m [repeated 8x across cluster][0m
[36m(SGLangEngine pid=14251)[0m [2026-07-08 18:17:13] INFO:     10.96.0.0:41400 - "POST /generate HTTP/1.1" 200 OK
[36m(SGLangEngine pid=14251)[0m [2026-07-08 18:17:13] Prefill batch, #new-seq: 1, #new-token: 1572, #cached-token: 18598, token usage: 0.03, #running-req: 0, #queue-req: 0, #pending-token: 0, cuda graph: True, input throughput (token/s): 68.44
[36m(SGLangEngine pid=14251)[0m [2026-07-08 18:17:17] Decode batch, #running-req: 1, #token: 20397, token usage: 0.03, cuda graph: False, gen throughput (token/s): 57.46, #queue-req: 0[32m [repeated 8x across cluster][0m
[36m(SGLangEngine pid=14251)[0m [2026-07-08 18:17:18] INFO:     10.96.0.0:41400 - "POST /generate HTTP/1.1" 200 OK
[36m(SGLangEngine pid=14251)[0m [2026-07-08 18:17:18] Prefill batch, #new-seq: 1, #new-token: 167, #cached-token: 20170, token usage: 0.03, #running-req: 0, #queue-req: 0, #pending-token: 0, cuda graph: True, input throughput (token/s): 30.64
[36m(SGLangEngine pid=14251)[0m [2026-07-08 18:17:21] Prefill batch, #new-seq: 1, #new-token: 46, #cached-token: 20335, token usage: 0.03, #running-req: 0, #queue-req: 0, #pending-token: 0, cuda graph: True, input throughput (token/s): 17.61
[36m(SGLangEngine pid=14251)[0m [2026-07-08 18:17:21] INFO:     10.96.0.0:41400 - "POST /generate HTTP/1.1" 200 OK
[36m(SGLangEngine pid=14251)[0m [2026-07-08 18:17:22] Decode batch, #running-req: 1, #token: 20435, token usage: 0.03, cuda graph: False, gen throughput (token/s): 57.81, #queue-req: 0[32m [repeated 7x across cluster][0m
[36m(SGLangEngine pid=14251)[0m [2026-07-08 18:17:23] INFO:     10.96.0.0:41400 - "POST /generate HTTP/1.1" 200 OK
[36m(RolloutManager pid=13705)[0m [2026-07-08 18:17:27] fully_async_rollout.py:223 - fully-async rollout 0: collected 5/8, queue=0, elapsed=810.7s
[36m(SGLangEngine pid=14251)[0m [2026-07-08 18:17:22] Decode batch, #running-req: 1, #token: 20475, token usage: 0.03, cuda graph: False, gen throughput (token/s): 57.71, #queue-req: 0
[36m(SGLangEngine pid=14251)[0m [2026-07-08 18:17:30] Prefill batch, #new-seq: 1, #new-token: 1, #cached-token: 18374, token usage: 0.03, #running-req: 0, #queue-req: 0, #pending-token: 0, cuda graph: True, input throughput (token/s): 0.10
[36m(SGLangEngine pid=14251)[0m [2026-07-08 18:17:31] Decode batch, #running-req: 1, #token: 18410, token usage: 0.03, cuda graph: False, gen throughput (token/s): 4.68, #queue-req: 0
[36m(SGLangEngine pid=14251)[0m [2026-07-08 18:17:32] Decode batch, #running-req: 1, #token: 18450, token usage: 0.03, cuda graph: False, gen throughput (token/s): 57.50, #queue-req: 0
[36m(SGLangEngine pid=14251)[0m [2026-07-08 18:17:32] Decode batch, #running-req: 1, #token: 18490, token usage: 0.03, cuda graph: False, gen throughput (token/s): 57.15, #queue-req: 0
[36m(SGLangEngine pid=14251)[0m [2026-07-08 18:17:33] Decode batch, #running-req: 1, #token: 18530, token usage: 0.03, cuda graph: False, gen throughput (token/s): 58.73, #queue-req: 0
[36m(SGLangEngine pid=14251)[0m [2026-07-08 18:17:34] Decode batch, #running-req: 1, #token: 18570, token usage: 0.03, cuda graph: False, gen throughput (token/s): 58.91, #queue-req: 0
[36m(SGLangEngine pid=14251)[0m [2026-07-08 18:17:34] Prefill batch, #new-seq: 1, #new-token: 1, #cached-token: 18374, token usage: 0.03, #running-req: 1, #queue-req: 0, #pending-token: 0, cuda graph: True, input throughput (token/s): 0.28
[36m(SGLangEngine pid=14251)[0m [2026-07-08 18:17:35] Decode batch, #running-req: 2, #token: 18642, token usage: 0.03, cuda graph: False, gen throughput (token/s): 90.16, #queue-req: 0
[36m(SGLangEngine pid=14251)[0m [2026-07-08 18:17:35] Prefill batch, #new-seq: 1, #new-token: 1, #cached-token: 18374, token usage: 0.03, #running-req: 2, #queue-req: 0, #pending-token: 0, cuda graph: True, input throughput (token/s): 1.01
[36m(SGLangEngine pid=14251)[0m [2026-07-08 18:17:35] Decode batch, #running-req: 3, #token: 18744, token usage: 0.03, cuda graph: False, gen throughput (token/s): 125.33, #queue-req: 0
[36m(SGLangEngine pid=14251)[0m [2026-07-08 18:17:36] Decode batch, #running-req: 3, #token: 18864, token usage: 0.03, cuda graph: False, gen throughput (token/s): 158.74, #queue-req: 0
[36m(SGLangEngine pid=14251)[0m [2026-07-08 18:17:37] Decode batch, #running-req: 3, #token: 18984, token usage: 0.03, cuda graph: False, gen throughput (token/s): 156.52, #queue-req: 0
[36m(SGLangEngine pid=14251)[0m [2026-07-08 18:17:37] Prefill batch, #new-seq: 1, #new-token: 1, #cached-token: 18374, token usage: 0.03, #running-req: 3, #queue-req: 0, #pending-token: 0, cuda graph: True, input throughput (token/s): 0.47
[36m(SGLangEngine pid=14251)[0m [2026-07-08 18:17:38] Decode batch, #running-req: 4, #token: 19137, token usage: 0.03, cuda graph: False, gen throughput (token/s): 183.46, #queue-req: 0
[36m(SGLangEngine pid=14251)[0m [2026-07-08 18:17:38] Decode batch, #running-req: 4, #token: 19297, token usage: 0.03, cuda graph: False, gen throughput (token/s): 205.91, #queue-req: 0
[36m(SGLangEngine pid=14251)[0m [2026-07-08 18:17:39] Decode batch, #running-req: 4, #token: 19457, token usage: 0.03, cuda graph: False, gen throughput (token/s): 209.54, #queue-req: 0
[36m(SGLangEngine pid=14251)[0m [2026-07-08 18:17:40] Decode batch, #running-req: 4, #token: 19617, token usage: 0.03, cuda graph: False, gen throughput (token/s): 205.14, #queue-req: 0
[36m(SGLangEngine pid=14251)[0m [2026-07-08 18:17:40] INFO:     10.96.0.0:33806 - "POST /generate HTTP/1.1" 200 OK
[36m(RolloutManager pid=13705)[0m [2026-07-08 18:17:40] qwen25_detector.py:69 - Failed to parse JSON part: {"name": "Write", "arguments": {"file_path": "/testbed/django/settings.py", "content": "from django.db import models\n\nclass UsernameField(models.CharField):\n    def __init__(self, *args, **kwargs):\n        super().__init__(*args, **kwargs)\n        self.validators = [\\A[\w.@+-]+\Z, \\Z[\w.@+-]+"]\n\n# Update the UsernameField in contrib.auth.validators\nfrom .auth.validators import UsernameField\n\n# Replace the original regex with the modified one\nUsernameField.validators = [\\A[\w.@+-]+\Z, \\Z[\w.@+-]+"]"}}, JSON parse error: Invalid \escape: line 1 column 277 (char 276)
[36m(SGLangEngine pid=14251)[0m [2026-07-08 18:17:41] Decode batch, #running-req: 3, #token: 19222, token usage: 0.03, cuda graph: False, gen throughput (token/s): 182.63, #queue-req: 0
[36m(SGLangEngine pid=14251)[0m [2026-07-08 18:17:42] Decode batch, #running-req: 3, #token: 19342, token usage: 0.03, cuda graph: False, gen throughput (token/s): 154.64, #queue-req: 0
[36m(RolloutManager pid=13705)[0m [2026-07-08 18:17:42] qwen25_detector.py:69 - Failed to parse JSON part: {"name": "Write", "arguments": {"file_path": "/testbed/django/validators/username.py", "content": "from django.core.validators import UsernameValidator\nfrom django.core.validators import PasswordValidator\n\nclass UsernameValidator(UsernameValidator):\n    r'\"\"\"\\A[\w.@+-]+\Z\"'}"}}, JSON parse error: Invalid \escape: line 1 column 271 (char 270)
[36m(SGLangEngine pid=14251)[0m [2026-07-08 18:17:42] INFO:     10.96.0.0:51086 - "POST /generate HTTP/1.1" 200 OK
[36m(SGLangEngine pid=14251)[0m [2026-07-08 18:17:42] Decode batch, #running-req: 2, #token: 19080, token usage: 0.03, cuda graph: False, gen throughput (token/s): 128.23, #queue-req: 0
[36m(SGLangEngine pid=14251)[0m [2026-07-08 18:17:43] Decode batch, #running-req: 2, #token: 19160, token usage: 0.03, cuda graph: False, gen throughput (token/s): 105.07, #queue-req: 0
[36m(RolloutManager pid=13705)[0m [2026-07-08 18:17:43] qwen25_detector.py:69 - Failed to parse JSON part: {"name": "Write", "arguments": {"file_path": "/testbed/repo/config/username-validator.py", "content": "from django.core.validators import UsernameValidator\n\n# Fix: Use \A and \Z to prevent trailing newlines\nclass UsernameValidator(UsernameValidator):\n    def __init__(self, *args, **kwargs):\n        self.regex = r'\A[\w.@+-]+\Z'  # Use anchors to terminate regex\n        super().__init__(*args, **kwargs)\n\n# Example usage:\nuser_validator = UsernameValidator(\n    regex=r'\A[\w.@+-]+\Z',\n    allow_newline=False\n)\n"}}, JSON parse error: Invalid \escape: line 1 column 171 (char 170)
[36m(SGLangEngine pid=14251)[0m [2026-07-08 18:17:43] INFO:     10.96.0.0:51070 - "POST /generate HTTP/1.1" 200 OK
[36m(SGLangEngine pid=14251)[0m [2026-07-08 18:17:44] Decode batch, #running-req: 1, #token: 18728, token usage: 0.03, cuda graph: False, gen throughput (token/s): 67.93, #queue-req: 0
[36m(SGLangEngine pid=14242)[0m [2026-07-08 18:17:44] Prefill batch, #new-seq: 1, #new-token: 1, #cached-token: 18386, token usage: 0.03, #running-req: 0, #queue-req: 0, #pending-token: 0, cuda graph: True, input throughput (token/s): 0.01
[36m(RolloutManager pid=13705)[0m [2026-07-08 18:17:45] qwen25_detector.py:69 - Failed to parse JSON part: {"name": "Write", "arguments": {"file_path": "/testbed/django/auth/username.py", "content": "import re\n\n# Remove the trailing newline character from username validation\nusername_regex = re.compile(r'\A[\w.@+-]+\Z')"}}, JSON parse error: Invalid \escape: line 1 column 203 (char 202)
[36m(SGLangEngine pid=14251)[0m [2026-07-08 18:17:45] INFO:     10.96.0.0:51102 - "POST /generate HTTP/1.1" 200 OK
[36m(SGLangEngine pid=14242)[0m [2026-07-08 18:17:48] Prefill batch, #new-seq: 1, #new-token: 1, #cached-token: 18386, token usage: 0.03, #running-req: 1, #queue-req: 0, #pending-token: 0, cuda graph: True, input throughput (token/s): 0.27
[36m(SGLangEngine pid=14242)[0m [2026-07-08 18:17:48] Prefill batch, #new-seq: 1, #new-token: 1, #cached-token: 18386, token usage: 0.03, #running-req: 2, #queue-req: 0, #pending-token: 0, cuda graph: True, input throughput (token/s): 42.09
[36m(SGLangEngine pid=14242)[0m [2026-07-08 18:17:47] Decode batch, #running-req: 1, #token: 18576, token usage: 0.03, cuda graph: False, gen throughput (token/s): 59.66, #queue-req: 0[32m [repeated 7x across cluster][0m
[36m(SGLangEngine pid=14242)[0m [2026-07-08 18:17:48] Prefill batch, #new-seq: 1, #new-token: 1, #cached-token: 18386, token usage: 0.03, #running-req: 3, #queue-req: 0, #pending-token: 0, cuda graph: True, input throughput (token/s): 4.11
[36m(SGLangEngine pid=14242)[0m [2026-07-08 18:17:52] INFO:     10.96.0.0:54262 - "POST /generate HTTP/1.1" 200 OK
[36m(SGLangEngine pid=14242)[0m [2026-07-08 18:17:53] Prefill batch, #new-seq: 1, #new-token: 43, #cached-token: 18860, token usage: 0.03, #running-req: 3, #queue-req: 0, #pending-token: 0, cuda graph: True, input throughput (token/s): 8.86
[36m(SGLangEngine pid=14242)[0m [2026-07-08 18:17:52] Decode batch, #running-req: 4, #token: 19613, token usage: 0.03, cuda graph: False, gen throughput (token/s): 212.76, #queue-req: 0[32m [repeated 7x across cluster][0m
[36m(SGLangEngine pid=14242)[0m [2026-07-08 18:17:57] INFO:     10.96.0.0:54286 - "POST /generate HTTP/1.1" 200 OK
[36m(RolloutManager pid=13705)[0m [2026-07-08 18:17:57] fully_async_rollout.py:223 - fully-async rollout 0: collected 5/8, queue=0, elapsed=840.7s
[36m(SGLangEngine pid=14242)[0m [2026-07-08 18:17:57] Prefill batch, #new-seq: 1, #new-token: 42, #cached-token: 18872, token usage: 0.03, #running-req: 3, #queue-req: 0, #pending-token: 0, cuda graph: True, input throughput (token/s): 9.36
[36m(SGLangEngine pid=14242)[0m [2026-07-08 18:17:58] Decode batch, #running-req: 4, #token: 20790, token usage: 0.03, cuda graph: False, gen throughput (token/s): 189.50, #queue-req: 0[32m [repeated 7x across cluster][0m
[36m(SGLangEngine pid=14242)[0m [2026-07-08 18:17:58] INFO:     10.96.0.0:54262 - "POST /generate HTTP/1.1" 200 OK
[36m(SGLangEngine pid=14242)[0m [2026-07-08 18:18:01] INFO:     10.96.0.0:54286 - "POST /generate HTTP/1.1" 200 OK
[36m(SGLangEngine pid=14242)[0m [2026-07-08 18:18:01] INFO:     10.96.0.0:54276 - "POST /generate HTTP/1.1" 200 OK
[36m(SGLangEngine pid=14242)[0m [2026-07-08 18:18:01] Prefill batch, #new-seq: 1, #new-token: 43, #cached-token: 19112, token usage: 0.03, #running-req: 1, #queue-req: 0, #pending-token: 0, cuda graph: True, input throughput (token/s): 10.02
[36m(SGLangEngine pid=14242)[0m [2026-07-08 18:18:03] Decode batch, #running-req: 2, #token: 20055, token usage: 0.03, cuda graph: False, gen throughput (token/s): 107.76, #queue-req: 0[32m [repeated 7x across cluster][0m
[36m(SGLangEngine pid=14242)[0m [2026-07-08 18:18:05] INFO:     10.96.0.0:54276 - "POST /generate HTTP/1.1" 200 OK
[36m(SGLangEngine pid=14242)[0m [2026-07-08 18:18:08] Decode batch, #running-req: 1, #token: 19483, token usage: 0.03, cuda graph: False, gen throughput (token/s): 60.01, #queue-req: 0[32m [repeated 7x across cluster][0m
[36m(SGLangEngine pid=14242)[0m [2026-07-08 18:18:13] Decode batch, #running-req: 1, #token: 19803, token usage: 0.03, cuda graph: False, gen throughput (token/s): 59.32, #queue-req: 0[32m [repeated 8x across cluster][0m
[36m(SGLangEngine pid=14251)[0m [2026-07-08 18:18:14] Prefill batch, #new-seq: 1, #new-token: 1, #cached-token: 18579, token usage: 0.03, #running-req: 0, #queue-req: 0, #pending-token: 0, cuda graph: True, input throughput (token/s): 0.03
[36m(RolloutManager pid=13705)[0m [2026-07-08 18:18:15] qwen25_detector.py:69 - Failed to parse JSON part: {"name": "Verify", "arguments": {"level": "high", "findings": [{"file": "django/django/urls.py", "line": 527, "summary": "Memoryview conversion may not handle binary data correctly", "failure_scenario": "Passed memoryview of binary data", "category": "efficiency", "verdict": "confirmed", "outcome": "fixed"}}, JSON parse error: Expecting ',' delimiter: line 1 column 309 (char 308)
[36m(SGLangEngine pid=14242)[0m [2026-07-08 18:18:15] INFO:     10.96.0.0:54272 - "POST /generate HTTP/1.1" 200 OK
[36m(SGLangEngine pid=14251)[0m [2026-07-08 18:18:19] Decode batch, #running-req: 1, #token: 18895, token usage: 0.03, cuda graph: False, gen throughput (token/s): 57.94, #queue-req: 0[32m [repeated 10x across cluster][0m
[36m(RolloutManager pid=13705)[0m [2026-07-08 18:18:22] qwen25_detector.py:69 - Failed to parse JSON part: {"name": "Write", "arguments": {"file_path": "/testbed/django/django/feedback/fix_password_link.py", "content": "class UserChangeForm(forms.ModelForm):\n    password = forms.RegexField(\n        label=_("Password"),\n        help_text=\"Raw passwords are not stored, so there is no way to see this user's password, but you can change the password using <a href=\"{}}}...<a>. The original code had:\n        password.help_text = password.help_text.format("../password/").\n    \n    ...\n\n    def __init__(self, *args, **kwargs):\n        super().__init__(*args, **kwargs)\n        password = self.fields.get(\"password\")\n        if password:\n            password.help_text = password.help_text.format(f\"../../{self.instance.pk}/password/\")\n        ..."}}, JSON parse error: Expecting ',' delimiter: line 1 column 205 (char 204)
[36m(SGLangEngine pid=14251)[0m [2026-07-08 18:18:22] INFO:     10.96.0.0:42170 - "POST /generate HTTP/1.1" 200 OK
[36m(SGLangEngine pid=14251)[0m [2026-07-08 18:18:23] Prefill batch, #new-seq: 1, #new-token: 1, #cached-token: 18579, token usage: 0.03, #running-req: 0, #queue-req: 0, #pending-token: 0, cuda graph: True, input throughput (token/s): 0.11
[36m(SGLangEngine pid=14251)[0m [2026-07-08 18:18:24] Prefill batch, #new-seq: 1, #new-token: 1, #cached-token: 18579, token usage: 0.03, #running-req: 1, #queue-req: 0, #pending-token: 0, cuda graph: True, input throughput (token/s): 1.55
[36m(SGLangEngine pid=14251)[0m [2026-07-08 18:18:24] Prefill batch, #new-seq: 1, #new-token: 1, #cached-token: 18579, token usage: 0.03, #running-req: 2, #queue-req: 0, #pending-token: 0, cuda graph: True, input throughput (token/s): 2.83
[36m(SGLangEngine pid=14251)[0m [2026-07-08 18:18:25] Decode batch, #running-req: 3, #token: 18733, token usage: 0.03, cuda graph: False, gen throughput (token/s): 131.80, #queue-req: 0[32m [repeated 7x across cluster][0m
[36m(RolloutManager pid=13705)[0m [j4c-probe] {"probe": "j4c_custom_generate_entry", "ts": 1783534706.1480703, "index": 44, "group_index": 11, "status": "Status.PENDING", "len_tokens": 0, "response_length": 0, "weight_versions": [], "metadata_keys": ["image", "instance_id", "workdir"]}
[36m(RolloutManager pid=13705)[0m [2026-07-08 18:18:27] fully_async_rollout.py:223 - fully-async rollout 0: collected 5/8, queue=0, elapsed=870.8s
[36m(RolloutManager pid=13705)[0m [j4c-probe] {"probe": "j4c_custom_generate_entry", "ts": 1783534708.021989, "index": 45, "group_index": 11, "status": "Status.PENDING", "len_tokens": 0, "response_length": 0, "weight_versions": [], "metadata_keys": ["image", "instance_id", "workdir"]}
[36m(RolloutManager pid=13705)[0m [j4c-probe] {"probe": "j4c_custom_generate_entry", "ts": 1783534708.9348469, "index": 46, "group_index": 11, "status": "Status.PENDING", "len_tokens": 0, "response_length": 0, "weight_versions": [], "metadata_keys": ["image", "instance_id", "workdir"]}
[36m(RolloutManager pid=13705)[0m [j4c-probe] {"probe": "j4c_custom_generate_entry", "ts": 1783534709.991541, "index": 47, "group_index": 11, "status": "Status.PENDING", "len_tokens": 0, "response_length": 0, "weight_versions": [], "metadata_keys": ["image", "instance_id", "workdir"]}
[36m(SGLangEngine pid=14251)[0m [2026-07-08 18:18:30] Decode batch, #running-req: 3, #token: 19453, token usage: 0.03, cuda graph: False, gen throughput (token/s): 102.72, #queue-req: 0[32m [repeated 6x across cluster][0m
[36m(RolloutManager pid=13705)[0m [2026-07-08 18:18:31] qwen25_detector.py:69 - Failed to parse JSON part: {"name": "Write", "arguments": {"file_path": "/testbed/django/django/settings.json", "content": "from .signals import send_password_change_notification\n\n# Update password link text in UserChangeForm\npassword_help_text = password.help_text.format(f'../../{self.instance.pk}/password/')}}  , JSON parse error: Unterminated string starting at: line 1 column 97 (char 96)
[36m(SGLangEngine pid=14251)[0m [2026-07-08 18:18:31] INFO:     10.96.0.0:42170 - "POST /generate HTTP/1.1" 200 OK
[36m(SGLangEngine pid=14251)[0m [2026-07-08 18:18:34] INFO:     10.96.0.0:57194 - "POST /generate HTTP/1.1" 200 OK
[36m(SGLangEngine pid=14251)[0m [2026-07-08 18:18:34] Prefill batch, #new-seq: 1, #new-token: 50, #cached-token: 19058, token usage: 0.03, #running-req: 1, #queue-req: 0, #pending-token: 0, cuda graph: True, input throughput (token/s): 4.93
[36m(SGLangEngine pid=14251)[0m [2026-07-08 18:18:35] Decode batch, #running-req: 2, #token: 19655, token usage: 0.03, cuda graph: False, gen throughput (token/s): 87.54, #queue-req: 0[32m [repeated 6x across cluster][0m
[36m(SGLangEngine pid=14251)[0m [2026-07-08 18:18:39] INFO:     10.96.0.0:57210 - "POST /generate HTTP/1.1" 200 OK
[36m(SGLangEngine pid=14251)[0m [2026-07-08 18:18:40] INFO:     10.96.0.0:57194 - "POST /generate HTTP/1.1" 200 OK
[36m(SGLangEngine pid=14242)[0m [2026-07-08 18:18:54] Prefill batch, #new-seq: 1, #new-token: 1, #cached-token: 18506, token usage: 0.03, #running-req: 0, #queue-req: 0, #pending-token: 0, cuda graph: True, input throughput (token/s): 0.02
[36m(SGLangEngine pid=14251)[0m [2026-07-08 18:18:40] Decode batch, #running-req: 1, #token: 19387, token usage: 0.03, cuda graph: False, gen throughput (token/s): 58.86, #queue-req: 0[32m [repeated 6x across cluster][0m
[36m(SGLangEngine pid=14242)[0m [2026-07-08 18:18:56] Prefill batch, #new-seq: 1, #new-token: 1, #cached-token: 18506, token usage: 0.03, #running-req: 1, #queue-req: 0, #pending-token: 0, cuda graph: True, input throughput (token/s): 0.54
[36m(RolloutManager pid=13705)[0m [2026-07-08 18:18:57] fully_async_rollout.py:223 - fully-async rollout 0: collected 6/8, queue=0, elapsed=900.8s
[36m(SGLangEngine pid=14242)[0m [2026-07-08 18:18:58] Prefill batch, #new-seq: 1, #new-token: 1, #cached-token: 18506, token usage: 0.03, #running-req: 2, #queue-req: 0, #pending-token: 0, cuda graph: True, input throughput (token/s): 0.44
[36m(SGLangEngine pid=14242)[0m [2026-07-08 18:18:58] Prefill batch, #new-seq: 1, #new-token: 1, #cached-token: 18506, token usage: 0.03, #running-req: 3, #queue-req: 0, #pending-token: 0, cuda graph: True, input throughput (token/s): 12.18
[36m(SGLangEngine pid=14242)[0m [2026-07-08 18:19:00] Decode batch, #running-req: 4, #token: 19125, token usage: 0.03, cuda graph: False, gen throughput (token/s): 210.42, #queue-req: 0[32m [repeated 8x across cluster][0m
[36m(SGLangEngine pid=14242)[0m [2026-07-08 18:19:05] Decode batch, #running-req: 4, #token: 20245, token usage: 0.03, cuda graph: False, gen throughput (token/s): 213.16, #queue-req: 0[32m [repeated 7x across cluster][0m
[36m(SGLangEngine pid=14242)[0m [2026-07-08 18:19:05] INFO:     10.96.0.0:44018 - "POST /generate HTTP/1.1" 200 OK
[36m(SGLangEngine pid=14242)[0m [2026-07-08 18:19:07] Prefill batch, #new-seq: 1, #new-token: 43, #cached-token: 18871, token usage: 0.03, #running-req: 3, #queue-req: 0, #pending-token: 0, cuda graph: True, input throughput (token/s): 5.05
[36m(RolloutManager pid=13705)[0m [2026-07-08 18:19:11] base_format_detector.py:86 - Model attempted to call undefined function: code-review
[36m(SGLangEngine pid=14242)[0m [2026-07-08 18:19:09] Decode batch, #running-req: 4, #token: 21163, token usage: 0.03, cuda graph: False, gen throughput (token/s): 211.06, #queue-req: 0[32m [repeated 6x across cluster][0m
[36m(SGLangEngine pid=14242)[0m [2026-07-08 18:19:11] INFO:     10.96.0.0:44000 - "POST /generate HTTP/1.1" 200 OK
[36m(RolloutManager pid=13705)[0m [2026-07-08 18:19:11] qwen25_detector.py:69 - Failed to parse JSON part: {"name": "Verify", "arguments": {"level": "high", "findings": [{"file": "sympy/sympy", "line": 2, "summary": "Vector creation with scalar values", "failure_scenario": "Using two separate terms in SymPy", "category": "efficiency", "verdict": "skipped", "outcome": "no_change_needed"}}, JSON parse error: Expecting ',' delimiter: line 1 column 283 (char 282)
[36m(SGLangEngine pid=14242)[0m [2026-07-08 18:19:11] INFO:     10.96.0.0:44016 - "POST /generate HTTP/1.1" 200 OK
[36m(SGLangEngine pid=14242)[0m [2026-07-08 18:19:12] INFO:     10.96.0.0:44018 - "POST /generate HTTP/1.1" 200 OK
[36m(SGLangEngine pid=14242)[0m [2026-07-08 18:19:16] Decode batch, #running-req: 1, #token: 19574, token usage: 0.03, cuda graph: False, gen throughput (token/s): 60.09, #queue-req: 0[32m [repeated 9x across cluster][0m
[36m(RolloutManager pid=13705)[0m [2026-07-08 18:19:18] qwen25_detector.py:69 - Failed to parse JSON part: {"name": "Skill", "arguments": {"skill": "verify", "args": {"level": "low", "findings": [{"file": "sympy/sympy", "line": 15, "summary": "error", "failure_scenario": "expected Vector but added 0 * N.x", "category": "efficiency", "verdict": "PLAUSIBLE"}}]}}, JSON parse error: Expecting ',' delimiter: line 1 column 252 (char 251)
[36m(SGLangEngine pid=14242)[0m [2026-07-08 18:19:18] INFO:     10.96.0.0:44008 - "POST /generate HTTP/1.1" 200 OK
[36m(RolloutManager pid=13705)[0m [j4c-probe] {"probe": "j4c_custom_generate_entry", "ts": 1783534761.2152405, "index": 48, "group_index": 12, "status": "Status.PENDING", "len_tokens": 0, "response_length": 0, "weight_versions": [], "metadata_keys": ["image", "instance_id", "workdir"]}
[36m(RolloutManager pid=13705)[0m [j4c-probe] {"probe": "j4c_custom_generate_entry", "ts": 1783534761.2366443, "index": 49, "group_index": 12, "status": "Status.PENDING", "len_tokens": 0, "response_length": 0, "weight_versions": [], "metadata_keys": ["image", "instance_id", "workdir"]}
2026-07-08 18:20:03,455	INFO sdk.py:519 -- WebSocket closed for job raysubmit_NpVWPqbBhFXksY2p with close code 1000
[36m(RolloutManager pid=13705)[0m [j4c-probe] {"probe": "j4c_custom_generate_entry", "ts": 1783534761.707641, "index": 50, "group_index": 12, "status": "Status.PENDING", "len_tokens": 0, "response_length": 0, "weight_versions": [], "metadata_keys": ["image", "instance_id", "workdir"]}
[36m(RolloutManager pid=13705)[0m [j4c-probe] {"probe": "j4c_custom_generate_entry", "ts": 1783534762.166092, "index": 51, "group_index": 12, "status": "Status.PENDING", "len_tokens": 0, "response_length": 0, "weight_versions": [], "metadata_keys": ["image", "instance_id", "workdir"]}
[36m(RolloutManager pid=13705)[0m [2026-07-08 18:19:27] fully_async_rollout.py:223 - fully-async rollout 0: collected 7/8, queue=0, elapsed=930.8s
[36m(SGLangEngine pid=14242)[0m [2026-07-08 18:19:17] Decode batch, #running-req: 1, #token: 19654, token usage: 0.03, cuda graph: False, gen throughput (token/s): 59.98, #queue-req: 0[32m [repeated 2x across cluster][0m
[36m(RolloutManager pid=13705)[0m [j4c-probe] {"probe": "j4c_custom_generate_entry", "ts": 1783534794.6041088, "index": 52, "group_index": 13, "status": "Status.PENDING", "len_tokens": 0, "response_length": 0, "weight_versions": [], "metadata_keys": ["image", "instance_id", "workdir"]}
[36m(RolloutManager pid=13705)[0m [j4c-probe] {"probe": "j4c_custom_generate_entry", "ts": 1783534795.2826002, "index": 53, "group_index": 13, "status": "Status.PENDING", "len_tokens": 0, "response_length": 0, "weight_versions": [], "metadata_keys": ["image", "instance_id", "workdir"]}
[36m(RolloutManager pid=13705)[0m [j4c-probe] {"probe": "j4c_custom_generate_entry", "ts": 1783534796.396495, "index": 54, "group_index": 13, "status": "Status.PENDING", "len_tokens": 0, "response_length": 0, "weight_versions": [], "metadata_keys": ["image", "instance_id", "workdir"]}
[36m(RolloutManager pid=13705)[0m [j4c-probe] {"probe": "j4c_custom_generate_entry", "ts": 1783534796.628522, "index": 55, "group_index": 13, "status": "Status.PENDING", "len_tokens": 0, "response_length": 0, "weight_versions": [], "metadata_keys": ["image", "instance_id", "workdir"]}
Traceback (most recent call last):
  File "/root/slime/train_async.py", line 81, in <module>
    train(args)
  File "/root/slime/train_async.py", line 36, in train
    rollout_data_curr_ref = ray.get(rollout_data_next_future)
                            ^^^^^^^^^^^^^^^^^^^^^^^^^^^^^^^^^
  File "/usr/local/lib/python3.12/dist-packages/ray/_private/auto_init_hook.py", line 22, in auto_init_wrapper
    return fn(*args, **kwargs)
           ^^^^^^^^^^^^^^^^^^^
  File "/usr/local/lib/python3.12/dist-packages/ray/_private/client_mode_hook.py", line 110, in wrapper
    return func(*args, **kwargs)
           ^^^^^^^^^^^^^^^^^^^^^
  File "/usr/local/lib/python3.12/dist-packages/ray/_private/worker.py", line 2968, in get
    values, debugger_breakpoint = worker.get_objects(
                                  ^^^^^^^^^^^^^^^^^^^
  File "/usr/local/lib/python3.12/dist-packages/ray/_private/worker.py", line 1050, in get_objects
    raise value.as_instanceof_cause()
ray.exceptions.RayTaskError(TypeError): [36mray::RolloutManager.generate()[39m (pid=13705, ip=10.96.0.0, actor_id=d173f57aa1ff75d372db6b0302000000, repr=<slime.ray.rollout.RolloutManager object at 0x74a68dd84200>)
           ^^^^^^^^^^^^^^^^^^^^^^^^^^^^^^^^^^^^
           ^^^^^^^^^^^^^^^^^^^^^^^^^^^^^^^
  File "/root/slime/slime/ray/rollout.py", line 540, in generate
    data, metrics = self._get_rollout_data(rollout_id=rollout_id)
                    ^^^^^^^^^^^^^^^^^^^^^^^^^^^^^^^^^^^^^^^^^^^^^
           ^^^^^^^^^^^^^^^^^^^^^^^^^^^^^^^
  File "/root/slime/slime/ray/rollout.py", line 629, in _get_rollout_data
    data = call_rollout_fn(self.generate_rollout, self.args, rollout_id, self.data_source, evaluation=False)
           ^^^^^^^^^^^^^^^^^^^^^^^^^^^^^^^^^^^^^^^^^^^^^^^^^^^^^^^^^^^^^^^^^^^^^^^^^^^^^^^^^^^^^^^^^^^^^^^^^
  File "/root/slime/slime/rollout/base_types.py", line 20, in call_rollout_fn
    output = fn(*args, **kwargs, evaluation=evaluation)
             ^^^^^^^^^^^^^^^^^^^^^^^^^^^^^^^^^^^^^^^^^^
  File "/root/slime/slime/rollout/fully_async_rollout.py", line 256, in generate_rollout_fully_async
    return run(_generate_rollout_async(args, rollout_id, data_buffer))
           ^^^^^^^^^^^^^^^^^^^^^^^^^^^^^^^^^^^^^^^^^^^^^^^^^^^^^^^^^^^
  File "/root/slime/slime/utils/async_utils.py", line 36, in run
    return get_async_loop().run(coro)
           ^^^^^^^^^^^^^^^^^^^^^^^^^^
  File "/root/slime/slime/utils/async_utils.py", line 20, in run
    return asyncio.run_coroutine_threadsafe(coro, self.loop).result()
           ^^^^^^^^^^^^^^^^^^^^^^^^^^^^^^^^^^^^^^^^^^^^^^^^^^^^^^^^^^
  File "/usr/lib/python3.12/concurrent/futures/_base.py", line 456, in result
    return self.__get_result()
           ^^^^^^^^^^^^^^^^^^^
  File "/usr/lib/python3.12/concurrent/futures/_base.py", line 401, in __get_result
    raise self._exception
  File "/root/slime/slime/rollout/fully_async_rollout.py", line 241, in _generate_rollout_async
    out = sorted(collected.values(), key=_key)[:target]
          ^^^^^^^^^^^^^^^^^^^^^^^^^^^^^^^^^^^^
  File "/root/slime/slime/rollout/fully_async_rollout.py", line 238, in _key
    return int(idx)
           ^^^^^^^^
TypeError: int() argument must be a string, a bytes-like object or a real number, not 'builtin_function_or_method'
2026-07-08 18:20:03,473	ERR cli.py:74 -- [31m---------------------------------------[39m
2026-07-08 18:20:03,473	ERR cli.py:75 -- [31mJob 'raysubmit_NpVWPqbBhFXksY2p' failed[39m
2026-07-08 18:20:03,474	ERR cli.py:76 -- [31m---------------------------------------[39m
2026-07-08 18:20:03,474	INFO cli.py:89 -- Status message: Job entrypoint command failed with exit code 1, last available logs (truncated to 20,000 chars):
           ^^^^^^^^^^^^^^^^^^^
  File "/usr/lib/python3.12/concurrent/futures/_base.py", line 401, in __get_result
    raise self._exception
  File "/root/slime/slime/rollout/fully_async_rollout.py", line 241, in _generate_rollout_async
    out = sorted(collected.values(), key=_key)[:target]
          ^^^^^^^^^^^^^^^^^^^^^^^^^^^^^^^^^^^^
  File "/root/slime/slime/rollout/fully_async_rollout.py", line 238, in _key
    return int(idx)
           ^^^^^^^^
TypeError: int() argument must be a string, a bytes-like object or a real number, not 'builtin_function_or_method'

[j4c_metrics] classification = no_aborted_reentry（未观测到 ABORTED 重入——核对 abort 是否真被触发）
[j4c_metrics] queue curve points=1, task raised=0, crashed=0
[j4c_metrics] -> /root/preflight_evidence/j4c/j4c_report.json
J4c RESULT: rc=1，报告 -> /root/preflight_evidence/j4c/j4c_report.json（可启动性 + ABORTED 行为分类 + queue_size 曲线 + task 异常计数）
