timestamp, index, utilization.gpu [%], memory.used [MiB], memory.total [MiB]
2026/07/08 11:31:59.585, 0, 0, 0, 97887
2026/07/08 11:31:59.600, 1, 0, 0, 97887
2026/07/08 11:31:59.619, 2, 0, 0, 97887
2026/07/08 11:31:59.636, 3, 0, 0, 97887
2026/07/08 11:31:59.651, 4, 0, 0, 97887
2026/07/08 11:31:59.668, 5, 0, 0, 97887
2026/07/08 11:31:59.686, 6, 0, 0, 97887
2026/07/08 11:31:59.703, 7, 0, 0, 97887
2026/07/08 11:32:00.721, 0, 0, 0, 97887
2026/07/08 11:32:00.738, 1, 0, 0, 97887
2026/07/08 11:32:00.752, 2, 0, 0, 97887
2026/07/08 11:32:00.766, 3, 0, 0, 97887
2026/07/08 11:32:00.779, 4, 0, 0, 97887
2026/07/08 11:32:00.797, 5, 0, 0, 97887
2026/07/08 11:32:00.816, 6, 0, 0, 97887
2026/07/08 11:32:00.833, 7, 0, 0, 97887
2026/07/08 11:32:01.850, 0, 0, 0, 97887
2026/07/08 11:32:01.869, 1, 0, 0, 97887
2026/07/08 11:32:01.885, 2, 0, 0, 97887
2026/07/08 11:32:01.901, 3, 0, 0, 97887
2026/07/08 11:32:01.920, 4, 0, 0, 97887
2026/07/08 11:32:01.936, 5, 0, 0, 97887
2026/07/08 11:32:01.953, 6, 0, 0, 97887
2026/07/08 11:32:01.969, 7, 0, 0, 97887
2026/07/08 11:32:02.986, 0, 0, 0, 97887
2026/07/08 11:32:03.001, 1, 0, 0, 97887
2026/07/08 11:32:03.013, 2, 0, 0, 97887
2026/07/08 11:32:03.026, 3, 0, 0, 97887
2026/07/08 11:32:03.051, 4, 0, 0, 97887
2026/07/08 11:32:03.062, 5, 0, 0, 97887
2026/07/08 11:32:03.071, 6, 0, 0, 97887
2026/07/08 11:32:03.083, 7, 0, 0, 97887
2026/07/08 11:32:04.094, 0, 0, 0, 97887
2026/07/08 11:32:04.106, 1, 0, 0, 97887
2026/07/08 11:32:04.119, 2, 0, 0, 97887
2026/07/08 11:32:04.132, 3, 0, 0, 97887
2026/07/08 11:32:04.146, 4, 0, 0, 97887
2026/07/08 11:32:04.155, 5, 0, 0, 97887
2026/07/08 11:32:04.163, 6, 0, 0, 97887
2026/07/08 11:32:04.169, 7, 0, 0, 97887
2026/07/08 11:32:05.176, 0, 0, 0, 97887
2026/07/08 11:32:05.191, 1, 0, 0, 97887
2026/07/08 11:32:05.204, 2, 0, 0, 97887
2026/07/08 11:32:05.217, 3, 0, 0, 97887
2026/07/08 11:32:05.229, 4, 0, 0, 97887
2026/07/08 11:32:05.246, 5, 0, 0, 97887
2026/07/08 11:32:05.259, 6, 0, 0, 97887
2026/07/08 11:32:05.273, 7, 0, 0, 97887
2026/07/08 11:32:06.286, 0, 0, 0, 97887
2026/07/08 11:32:06.301, 1, 0, 0, 97887
2026/07/08 11:32:06.314, 2, 0, 0, 97887
2026/07/08 11:32:06.327, 3, 0, 0, 97887
2026/07/08 11:32:06.340, 4, 0, 0, 97887
2026/07/08 11:32:06.351, 5, 0, 0, 97887
2026/07/08 11:32:06.362, 6, 0, 0, 97887
2026/07/08 11:32:06.373, 7, 0, 0, 97887
2026/07/08 11:32:07.385, 0, 0, 1, 97887
2026/07/08 11:32:07.399, 1, 0, 1, 97887
2026/07/08 11:32:07.412, 2, 0, 1, 97887
2026/07/08 11:32:07.424, 3, 0, 1, 97887
2026/07/08 11:32:07.437, 4, 0, 1, 97887
2026/07/08 11:32:07.449, 5, 0, 1, 97887
2026/07/08 11:32:07.470, 6, 0, 1, 97887
2026/07/08 11:32:07.517, 7, 0, 1, 97887
2026/07/08 11:32:08.531, 0, 0, 3, 97887
2026/07/08 11:32:08.546, 1, 0, 3, 97887
2026/07/08 11:32:08.560, 2, 0, 3, 97887
2026/07/08 11:32:08.572, 3, 0, 3, 97887
2026/07/08 11:32:08.586, 4, 0, 3, 97887
2026/07/08 11:32:08.603, 5, 0, 3, 97887
2026/07/08 11:32:08.619, 6, 0, 3, 97887
2026/07/08 11:32:08.636, 7, 0, 3, 97887
2026/07/08 11:32:09.652, 0, 0, 3, 97887
2026/07/08 11:32:09.669, 1, 0, 3, 97887
2026/07/08 11:32:09.684, 2, 0, 3, 97887
2026/07/08 11:32:09.700, 3, 0, 3, 97887
2026/07/08 11:32:09.718, 4, 0, 3, 97887
2026/07/08 11:32:09.733, 5, 0, 3, 97887
2026/07/08 11:32:09.750, 6, 0, 3, 97887
2026/07/08 11:32:09.763, 7, 0, 3, 97887
2026/07/08 11:32:10.776, 0, 0, 3, 97887
2026/07/08 11:32:10.791, 1, 0, 3, 97887
2026/07/08 11:32:10.804, 2, 0, 3, 97887
2026/07/08 11:32:10.818, 3, 0, 3, 97887
2026/07/08 11:32:10.832, 4, 0, 3, 97887
2026/07/08 11:32:10.849, 5, 0, 3, 97887
2026/07/08 11:32:10.863, 6, 0, 3, 97887
2026/07/08 11:32:10.879, 7, 0, 3, 97887
2026/07/08 11:32:11.895, 0, 0, 3, 97887
2026/07/08 11:32:11.910, 1, 0, 3, 97887
2026/07/08 11:32:11.922, 2, 0, 3, 97887
2026/07/08 11:32:11.939, 3, 0, 3, 97887
2026/07/08 11:32:11.956, 4, 0, 3, 97887
2026/07/08 11:32:11.973, 5, 0, 3, 97887
2026/07/08 11:32:11.990, 6, 0, 3, 97887
2026/07/08 11:32:12.007, 7, 0, 3, 97887
2026/07/08 11:32:13.025, 0, 0, 3, 97887
2026/07/08 11:32:13.041, 1, 0, 3, 97887
2026/07/08 11:32:13.055, 2, 0, 3, 97887
2026/07/08 11:32:13.072, 3, 0, 3, 97887
2026/07/08 11:32:13.090, 4, 0, 3, 97887
2026/07/08 11:32:13.110, 5, 0, 3, 97887
2026/07/08 11:32:13.127, 6, 0, 3, 97887
2026/07/08 11:32:13.143, 7, 0, 3, 97887
2026/07/08 11:32:14.158, 0, 0, 3, 97887
2026/07/08 11:32:14.174, 1, 0, 3, 97887
2026/07/08 11:32:14.185, 2, 0, 3, 97887
2026/07/08 11:32:14.200, 3, 0, 3, 97887
2026/07/08 11:32:14.215, 4, 0, 3, 97887
2026/07/08 11:32:14.232, 5, 0, 3, 97887
2026/07/08 11:32:14.248, 6, 0, 3, 97887
2026/07/08 11:32:14.265, 7, 0, 3, 97887
2026/07/08 11:32:15.281, 0, 0, 3, 97887
2026/07/08 11:32:15.301, 1, 0, 3, 97887
2026/07/08 11:32:15.317, 2, 0, 3, 97887
2026/07/08 11:32:15.334, 3, 0, 3, 97887
2026/07/08 11:32:15.352, 4, 0, 3, 97887
2026/07/08 11:32:15.368, 5, 0, 3, 97887
2026/07/08 11:32:15.382, 6, 0, 3, 97887
2026/07/08 11:32:15.401, 7, 0, 3, 97887
2026/07/08 11:32:16.418, 0, 0, 3, 97887
2026/07/08 11:32:16.434, 1, 0, 3, 97887
2026/07/08 11:32:16.448, 2, 0, 3, 97887
2026/07/08 11:32:16.461, 3, 0, 3, 97887
2026/07/08 11:32:16.474, 4, 0, 3, 97887
2026/07/08 11:32:16.490, 5, 0, 3, 97887
2026/07/08 11:32:16.504, 6, 0, 3, 97887
2026/07/08 11:32:16.515, 7, 0, 3, 97887
2026/07/08 11:32:17.531, 0, 0, 3, 97887
2026/07/08 11:32:17.549, 1, 0, 3, 97887
2026/07/08 11:32:17.566, 2, 0, 3, 97887
2026/07/08 11:32:17.583, 3, 0, 3, 97887
2026/07/08 11:32:17.601, 4, 0, 3, 97887
2026/07/08 11:32:17.615, 5, 0, 3, 97887
2026/07/08 11:32:17.630, 6, 0, 3, 97887
2026/07/08 11:32:17.644, 7, 0, 3, 97887
2026/07/08 11:32:18.659, 0, 0, 3, 97887
2026/07/08 11:32:18.677, 1, 0, 3, 97887
2026/07/08 11:32:18.693, 2, 0, 3, 97887
2026/07/08 11:32:18.708, 3, 0, 3, 97887
2026/07/08 11:32:18.725, 4, 0, 3, 97887
2026/07/08 11:32:18.743, 5, 0, 3, 97887
2026/07/08 11:32:18.756, 6, 0, 3, 97887
2026/07/08 11:32:18.771, 7, 0, 3, 97887
2026/07/08 11:32:19.784, 0, 0, 3, 97887
2026/07/08 11:32:19.802, 1, 0, 3, 97887
2026/07/08 11:32:19.817, 2, 0, 3, 97887
2026/07/08 11:32:19.834, 3, 0, 3, 97887
2026/07/08 11:32:19.851, 4, 0, 3, 97887
2026/07/08 11:32:19.869, 5, 0, 3, 97887
2026/07/08 11:32:19.887, 6, 0, 3, 97887
2026/07/08 11:32:19.903, 7, 0, 3, 97887
2026/07/08 11:32:20.919, 0, 0, 3, 97887
2026/07/08 11:32:20.937, 1, 0, 3, 97887
2026/07/08 11:32:20.952, 2, 0, 3, 97887
2026/07/08 11:32:20.969, 3, 0, 3, 97887
2026/07/08 11:32:20.983, 4, 0, 3, 97887
2026/07/08 11:32:20.998, 5, 0, 3, 97887
2026/07/08 11:32:21.018, 6, 0, 3, 97887
2026/07/08 11:32:21.038, 7, 0, 3, 97887
2026/07/08 11:32:22.057, 0, 0, 3, 97887
2026/07/08 11:32:22.076, 1, 0, 3, 97887
2026/07/08 11:32:22.092, 2, 0, 3, 97887
2026/07/08 11:32:22.106, 3, 0, 3, 97887
2026/07/08 11:32:22.120, 4, 0, 3, 97887
2026/07/08 11:32:22.135, 5, 0, 3, 97887
2026/07/08 11:32:22.150, 6, 0, 3, 97887
2026/07/08 11:32:22.164, 7, 0, 3, 97887
2026/07/08 11:32:23.180, 0, 0, 3, 97887
2026/07/08 11:32:23.197, 1, 0, 3, 97887
2026/07/08 11:32:23.209, 2, 0, 3, 97887
2026/07/08 11:32:23.222, 3, 0, 3, 97887
2026/07/08 11:32:23.236, 4, 0, 3, 97887
2026/07/08 11:32:23.252, 5, 0, 3, 97887
2026/07/08 11:32:23.274, 6, 0, 3, 97887
2026/07/08 11:32:23.291, 7, 0, 3, 97887
2026/07/08 11:32:24.309, 0, 0, 3, 97887
2026/07/08 11:32:24.327, 1, 0, 3, 97887
2026/07/08 11:32:24.343, 2, 0, 3, 97887
2026/07/08 11:32:24.360, 3, 0, 3, 97887
2026/07/08 11:32:24.377, 4, 0, 3, 97887
2026/07/08 11:32:24.394, 5, 0, 3, 97887
2026/07/08 11:32:24.411, 6, 0, 3, 97887
2026/07/08 11:32:24.428, 7, 0, 3, 97887
2026/07/08 11:32:25.446, 0, 0, 3, 97887
2026/07/08 11:32:25.466, 1, 0, 3, 97887
2026/07/08 11:32:25.485, 2, 0, 3, 97887
2026/07/08 11:32:25.498, 3, 0, 3, 97887
2026/07/08 11:32:25.513, 4, 0, 3, 97887
2026/07/08 11:32:25.529, 5, 0, 3, 97887
2026/07/08 11:32:25.544, 6, 0, 3, 97887
2026/07/08 11:32:25.559, 7, 0, 3, 97887
2026/07/08 11:32:26.577, 0, 0, 3, 97887
2026/07/08 11:32:26.596, 1, 0, 3, 97887
2026/07/08 11:32:26.613, 2, 0, 3, 97887
2026/07/08 11:32:26.630, 3, 0, 3, 97887
2026/07/08 11:32:26.648, 4, 0, 3, 97887
2026/07/08 11:32:26.664, 5, 0, 3, 97887
2026/07/08 11:32:26.679, 6, 0, 3, 97887
2026/07/08 11:32:26.695, 7, 0, 3, 97887
2026/07/08 11:32:27.712, 0, 0, 3, 97887
2026/07/08 11:32:27.729, 1, 0, 3, 97887
2026/07/08 11:32:27.745, 2, 0, 3, 97887
2026/07/08 11:32:27.762, 3, 0, 3, 97887
2026/07/08 11:32:27.779, 4, 0, 3, 97887
2026/07/08 11:32:27.796, 5, 0, 3, 97887
2026/07/08 11:32:27.814, 6, 0, 3, 97887
2026/07/08 11:32:27.831, 7, 0, 3, 97887
2026/07/08 11:32:28.848, 0, 0, 3, 97887
2026/07/08 11:32:28.864, 1, 0, 3, 97887
2026/07/08 11:32:28.880, 2, 0, 3, 97887
2026/07/08 11:32:28.896, 3, 0, 3, 97887
2026/07/08 11:32:28.912, 4, 0, 3, 97887
2026/07/08 11:32:28.927, 5, 0, 3, 97887
2026/07/08 11:32:28.942, 6, 0, 3, 97887
2026/07/08 11:32:28.957, 7, 0, 3, 97887
2026/07/08 11:32:29.973, 0, 0, 3, 97887
2026/07/08 11:32:29.991, 1, 0, 3, 97887
2026/07/08 11:32:30.009, 2, 0, 3, 97887
2026/07/08 11:32:30.027, 3, 0, 3, 97887
2026/07/08 11:32:30.043, 4, 0, 3, 97887
2026/07/08 11:32:30.059, 5, 0, 3, 97887
2026/07/08 11:32:30.075, 6, 0, 3, 97887
2026/07/08 11:32:30.092, 7, 0, 3, 97887
2026/07/08 11:32:31.108, 0, 0, 3, 97887
2026/07/08 11:32:31.126, 1, 0, 3, 97887
2026/07/08 11:32:31.142, 2, 0, 3, 97887
2026/07/08 11:32:31.160, 3, 0, 3, 97887
2026/07/08 11:32:31.173, 4, 0, 3, 97887
2026/07/08 11:32:31.188, 5, 0, 3, 97887
2026/07/08 11:32:31.201, 6, 0, 3, 97887
2026/07/08 11:32:31.212, 7, 0, 3, 97887
2026/07/08 11:32:32.225, 0, 0, 3, 97887
2026/07/08 11:32:32.241, 1, 0, 3, 97887
2026/07/08 11:32:32.257, 2, 0, 3, 97887
2026/07/08 11:32:32.273, 3, 0, 3, 97887
2026/07/08 11:32:32.289, 4, 0, 3, 97887
2026/07/08 11:32:32.303, 5, 0, 3, 97887
2026/07/08 11:32:32.319, 6, 0, 3, 97887
2026/07/08 11:32:32.335, 7, 0, 3, 97887
2026/07/08 11:32:33.351, 0, 0, 3, 97887
2026/07/08 11:32:33.369, 1, 0, 3, 97887
2026/07/08 11:32:33.387, 2, 0, 3, 97887
2026/07/08 11:32:33.403, 3, 0, 3, 97887
2026/07/08 11:32:33.419, 4, 0, 3, 97887
2026/07/08 11:32:33.435, 5, 0, 3, 97887
2026/07/08 11:32:33.453, 6, 0, 3, 97887
2026/07/08 11:32:33.469, 7, 0, 3, 97887
2026/07/08 11:32:34.487, 0, 0, 3, 97887
2026/07/08 11:32:34.503, 1, 0, 3, 97887
2026/07/08 11:32:34.516, 2, 0, 3, 97887
2026/07/08 11:32:34.529, 3, 0, 3, 97887
2026/07/08 11:32:34.544, 4, 0, 3, 97887
2026/07/08 11:32:34.560, 5, 0, 3, 97887
2026/07/08 11:32:34.575, 6, 0, 3, 97887
2026/07/08 11:32:34.589, 7, 0, 3, 97887
2026/07/08 11:32:35.604, 0, 0, 3, 97887
2026/07/08 11:32:35.623, 1, 0, 3, 97887
2026/07/08 11:32:35.639, 2, 0, 3, 97887
2026/07/08 11:32:35.657, 3, 0, 3, 97887
2026/07/08 11:32:35.674, 4, 0, 3, 97887
2026/07/08 11:32:35.690, 5, 0, 3, 97887
2026/07/08 11:32:35.706, 6, 0, 3, 97887
2026/07/08 11:32:35.722, 7, 0, 3, 97887
2026/07/08 11:32:36.738, 0, 0, 562, 97887
2026/07/08 11:32:36.758, 1, 0, 3, 97887
2026/07/08 11:32:36.776, 2, 0, 3, 97887
2026/07/08 11:32:36.796, 3, 0, 3, 97887
2026/07/08 11:32:36.814, 4, 0, 3, 97887
2026/07/08 11:32:36.833, 5, 0, 3, 97887
2026/07/08 11:32:36.852, 6, 0, 3, 97887
2026/07/08 11:32:36.870, 7, 0, 3, 97887
2026/07/08 11:32:37.884, 0, 0, 562, 97887
2026/07/08 11:32:37.907, 1, 0, 3, 97887
2026/07/08 11:32:37.925, 2, 0, 3, 97887
2026/07/08 11:32:37.941, 3, 0, 3, 97887
2026/07/08 11:32:37.957, 4, 0, 3, 97887
2026/07/08 11:32:37.975, 5, 0, 3, 97887
2026/07/08 11:32:37.993, 6, 0, 3, 97887
2026/07/08 11:32:38.008, 7, 0, 3, 97887
2026/07/08 11:32:39.025, 0, 0, 562, 97887
2026/07/08 11:32:39.044, 1, 0, 3, 97887
2026/07/08 11:32:39.064, 2, 0, 3, 97887
2026/07/08 11:32:39.082, 3, 0, 3, 97887
2026/07/08 11:32:39.099, 4, 0, 3, 97887
2026/07/08 11:32:39.116, 5, 0, 3, 97887
2026/07/08 11:32:39.131, 6, 0, 3, 97887
2026/07/08 11:32:39.149, 7, 0, 3, 97887
2026/07/08 11:32:40.168, 0, 0, 562, 97887
2026/07/08 11:32:40.187, 1, 0, 3, 97887
2026/07/08 11:32:40.209, 2, 0, 3, 97887
2026/07/08 11:32:40.226, 3, 0, 3, 97887
2026/07/08 11:32:40.252, 4, 0, 3, 97887
2026/07/08 11:32:40.276, 5, 0, 3, 97887
2026/07/08 11:32:40.294, 6, 0, 3, 97887
2026/07/08 11:32:40.313, 7, 0, 3, 97887
2026/07/08 11:32:41.333, 0, 0, 562, 97887
2026/07/08 11:32:41.351, 1, 0, 3, 97887
2026/07/08 11:32:41.369, 2, 0, 3, 97887
2026/07/08 11:32:41.386, 3, 0, 3, 97887
2026/07/08 11:32:41.404, 4, 0, 3, 97887
2026/07/08 11:32:41.423, 5, 0, 3, 97887
2026/07/08 11:32:41.440, 6, 0, 3, 97887
2026/07/08 11:32:41.459, 7, 0, 3, 97887
2026/07/08 11:32:42.479, 0, 0, 562, 97887
2026/07/08 11:32:42.500, 1, 0, 3, 97887
2026/07/08 11:32:42.518, 2, 0, 3, 97887
2026/07/08 11:32:42.532, 3, 0, 3, 97887
2026/07/08 11:32:42.546, 4, 0, 3, 97887
2026/07/08 11:32:42.560, 5, 0, 3, 97887
2026/07/08 11:32:42.572, 6, 0, 3, 97887
2026/07/08 11:32:42.584, 7, 0, 3, 97887
2026/07/08 11:32:43.597, 0, 0, 562, 97887
2026/07/08 11:32:43.616, 1, 0, 3, 97887
2026/07/08 11:32:43.636, 2, 0, 3, 97887
2026/07/08 11:32:43.655, 3, 0, 3, 97887
2026/07/08 11:32:43.675, 4, 0, 3, 97887
2026/07/08 11:32:43.693, 5, 0, 3, 97887
2026/07/08 11:32:43.710, 6, 0, 3, 97887
2026/07/08 11:32:43.726, 7, 0, 3, 97887
2026/07/08 11:32:44.743, 0, 0, 562, 97887
2026/07/08 11:32:44.763, 1, 0, 3, 97887
2026/07/08 11:32:44.782, 2, 0, 3, 97887
2026/07/08 11:32:44.800, 3, 0, 3, 97887
2026/07/08 11:32:44.817, 4, 0, 3, 97887
2026/07/08 11:32:44.836, 5, 0, 3, 97887
2026/07/08 11:32:44.856, 6, 0, 3, 97887
2026/07/08 11:32:44.875, 7, 0, 3, 97887
2026/07/08 11:32:45.895, 0, 0, 562, 97887
2026/07/08 11:32:45.912, 1, 0, 3, 97887
2026/07/08 11:32:45.930, 2, 0, 3, 97887
2026/07/08 11:32:45.944, 3, 0, 3, 97887
2026/07/08 11:32:45.957, 4, 0, 3, 97887
2026/07/08 11:32:45.969, 5, 0, 3, 97887
2026/07/08 11:32:45.980, 6, 0, 3, 97887
2026/07/08 11:32:45.994, 7, 0, 3, 97887
2026/07/08 11:32:47.007, 0, 0, 562, 97887
2026/07/08 11:32:47.028, 1, 0, 3, 97887
2026/07/08 11:32:47.044, 2, 0, 3, 97887
2026/07/08 11:32:47.059, 3, 0, 3, 97887
2026/07/08 11:32:47.076, 4, 0, 3, 97887
2026/07/08 11:32:47.093, 5, 0, 3, 97887
2026/07/08 11:32:47.110, 6, 0, 3, 97887
2026/07/08 11:32:47.125, 7, 0, 3, 97887
2026/07/08 11:32:48.144, 0, 0, 562, 97887
2026/07/08 11:32:48.165, 1, 0, 3, 97887
2026/07/08 11:32:48.184, 2, 0, 3, 97887
2026/07/08 11:32:48.204, 3, 0, 3, 97887
2026/07/08 11:32:48.222, 4, 0, 3, 97887
2026/07/08 11:32:48.239, 5, 0, 3, 97887
2026/07/08 11:32:48.257, 6, 0, 3, 97887
2026/07/08 11:32:48.276, 7, 0, 3, 97887
2026/07/08 11:32:49.293, 0, 0, 562, 97887
2026/07/08 11:32:49.311, 1, 0, 3, 97887
2026/07/08 11:32:49.329, 2, 0, 3, 97887
2026/07/08 11:32:49.346, 3, 0, 3, 97887
2026/07/08 11:32:49.365, 4, 0, 3, 97887
2026/07/08 11:32:49.381, 5, 0, 3, 97887
2026/07/08 11:32:49.394, 6, 0, 3, 97887
2026/07/08 11:32:49.408, 7, 0, 3, 97887
2026/07/08 11:32:50.424, 0, 0, 562, 97887
2026/07/08 11:32:50.441, 1, 0, 3, 97887
2026/07/08 11:32:50.457, 2, 0, 3, 97887
2026/07/08 11:32:50.473, 3, 0, 3, 97887
2026/07/08 11:32:50.489, 4, 0, 3, 97887
2026/07/08 11:32:50.505, 5, 0, 3, 97887
2026/07/08 11:32:50.521, 6, 0, 3, 97887
2026/07/08 11:32:50.538, 7, 0, 3, 97887
2026/07/08 11:32:51.553, 0, 0, 562, 97887
2026/07/08 11:32:51.574, 1, 0, 3, 97887
2026/07/08 11:32:51.595, 2, 0, 3, 97887
2026/07/08 11:32:51.615, 3, 0, 562, 97887
2026/07/08 11:32:51.638, 4, 0, 3, 97887
2026/07/08 11:32:51.657, 5, 0, 3, 97887
2026/07/08 11:32:51.676, 6, 0, 3, 97887
2026/07/08 11:32:51.696, 7, 0, 3, 97887
2026/07/08 11:32:52.716, 0, 0, 562, 97887
2026/07/08 11:32:52.733, 1, 0, 562, 97887
2026/07/08 11:32:52.750, 2, 0, 562, 97887
2026/07/08 11:32:52.766, 3, 0, 562, 97887
2026/07/08 11:32:52.785, 4, 0, 3, 97887
2026/07/08 11:32:52.801, 5, 0, 3, 97887
2026/07/08 11:32:52.819, 6, 0, 3, 97887
2026/07/08 11:32:52.836, 7, 0, 3, 97887
2026/07/08 11:32:53.854, 0, 0, 562, 97887
2026/07/08 11:32:53.872, 1, 0, 562, 97887
2026/07/08 11:32:53.889, 2, 0, 562, 97887
2026/07/08 11:32:53.906, 3, 0, 562, 97887
2026/07/08 11:32:53.923, 4, 0, 3, 97887
2026/07/08 11:32:53.940, 5, 0, 3, 97887
2026/07/08 11:32:53.957, 6, 0, 3, 97887
2026/07/08 11:32:53.973, 7, 0, 3, 97887
2026/07/08 11:32:54.989, 0, 0, 562, 97887
2026/07/08 11:32:55.007, 1, 0, 562, 97887
2026/07/08 11:32:55.023, 2, 0, 562, 97887
2026/07/08 11:32:55.039, 3, 0, 562, 97887
2026/07/08 11:32:55.054, 4, 0, 3, 97887
2026/07/08 11:32:55.069, 5, 0, 3, 97887
2026/07/08 11:32:55.086, 6, 0, 3, 97887
2026/07/08 11:32:55.104, 7, 0, 3, 97887
2026/07/08 11:32:56.121, 0, 0, 562, 97887
2026/07/08 11:32:56.138, 1, 0, 562, 97887
2026/07/08 11:32:56.152, 2, 0, 562, 97887
2026/07/08 11:32:56.168, 3, 0, 562, 97887
2026/07/08 11:32:56.183, 4, 0, 3, 97887
2026/07/08 11:32:56.200, 5, 0, 3, 97887
2026/07/08 11:32:56.217, 6, 0, 3, 97887
2026/07/08 11:32:56.237, 7, 0, 3, 97887
2026/07/08 11:32:57.255, 0, 0, 952, 97887
2026/07/08 11:32:57.271, 1, 0, 952, 97887
2026/07/08 11:32:57.288, 2, 0, 952, 97887
2026/07/08 11:32:57.303, 3, 3, 952, 97887
2026/07/08 11:32:57.320, 4, 0, 3, 97887
2026/07/08 11:32:57.338, 5, 0, 3, 97887
2026/07/08 11:32:57.355, 6, 0, 3, 97887
2026/07/08 11:32:57.374, 7, 0, 3, 97887
2026/07/08 11:32:58.392, 0, 2, 63586, 97887
2026/07/08 11:32:58.406, 1, 48, 63586, 97887
2026/07/08 11:32:58.419, 2, 8, 63586, 97887
2026/07/08 11:32:58.431, 3, 2, 63586, 97887
2026/07/08 11:32:58.443, 4, 0, 3, 97887
2026/07/08 11:32:58.455, 5, 0, 3, 97887
2026/07/08 11:32:58.475, 6, 0, 3, 97887
2026/07/08 11:32:58.488, 7, 0, 3, 97887
2026/07/08 11:32:59.504, 0, 1, 63714, 97887
2026/07/08 11:32:59.523, 1, 0, 63714, 97887
2026/07/08 11:32:59.540, 2, 0, 63714, 97887
2026/07/08 11:32:59.557, 3, 0, 63714, 97887
2026/07/08 11:32:59.570, 4, 0, 3, 97887
2026/07/08 11:32:59.585, 5, 0, 3, 97887
2026/07/08 11:32:59.602, 6, 0, 3, 97887
2026/07/08 11:32:59.620, 7, 0, 3, 97887
2026/07/08 11:33:00.637, 0, 2, 63714, 97887
2026/07/08 11:33:00.658, 1, 3, 63714, 97887
2026/07/08 11:33:00.676, 2, 3, 63714, 97887
2026/07/08 11:33:00.693, 3, 2, 63714, 97887
2026/07/08 11:33:00.711, 4, 0, 3, 97887
2026/07/08 11:33:00.729, 5, 0, 3, 97887
2026/07/08 11:33:00.746, 6, 0, 3, 97887
2026/07/08 11:33:00.762, 7, 0, 3, 97887
2026/07/08 11:33:01.777, 0, 0, 63714, 97887
2026/07/08 11:33:01.796, 1, 0, 63714, 97887
2026/07/08 11:33:01.810, 2, 0, 63714, 97887
2026/07/08 11:33:01.825, 3, 0, 63714, 97887
2026/07/08 11:33:01.841, 4, 0, 3, 97887
2026/07/08 11:33:01.857, 5, 0, 3, 97887
2026/07/08 11:33:01.874, 6, 0, 3, 97887
2026/07/08 11:33:01.891, 7, 0, 3, 97887
2026/07/08 11:33:02.907, 0, 2, 63714, 97887
2026/07/08 11:33:02.923, 1, 2, 63714, 97887
2026/07/08 11:33:02.940, 2, 3, 63714, 97887
2026/07/08 11:33:02.959, 3, 5, 63714, 97887
2026/07/08 11:33:02.976, 4, 0, 3, 97887
2026/07/08 11:33:02.994, 5, 0, 3, 97887
2026/07/08 11:33:03.011, 6, 0, 3, 97887
2026/07/08 11:33:03.027, 7, 0, 3, 97887
2026/07/08 11:33:04.046, 0, 2, 63714, 97887
2026/07/08 11:33:04.063, 1, 3, 63714, 97887
2026/07/08 11:33:04.075, 2, 4, 63714, 97887
2026/07/08 11:33:04.085, 3, 3, 63714, 97887
2026/07/08 11:33:04.097, 4, 0, 3, 97887
2026/07/08 11:33:04.111, 5, 0, 3, 97887
2026/07/08 11:33:04.124, 6, 0, 3, 97887
2026/07/08 11:33:04.134, 7, 0, 3, 97887
2026/07/08 11:33:05.146, 0, 2, 63714, 97887
2026/07/08 11:33:05.162, 1, 2, 63714, 97887
2026/07/08 11:33:05.180, 2, 2, 63714, 97887
2026/07/08 11:33:05.196, 3, 2, 63714, 97887
2026/07/08 11:33:05.212, 4, 0, 3, 97887
2026/07/08 11:33:05.228, 5, 0, 3, 97887
2026/07/08 11:33:05.245, 6, 0, 3, 97887
2026/07/08 11:33:05.261, 7, 0, 3, 97887
2026/07/08 11:33:06.275, 0, 3, 63714, 97887
2026/07/08 11:33:06.294, 1, 3, 63714, 97887
2026/07/08 11:33:06.312, 2, 3, 63714, 97887
2026/07/08 11:33:06.330, 3, 2, 63714, 97887
2026/07/08 11:33:06.348, 4, 0, 3, 97887
2026/07/08 11:33:06.366, 5, 0, 3, 97887
2026/07/08 11:33:06.383, 6, 0, 3, 97887
2026/07/08 11:33:06.400, 7, 0, 3, 97887
2026/07/08 11:33:07.417, 0, 3, 63714, 97887
2026/07/08 11:33:07.438, 1, 2, 63714, 97887
2026/07/08 11:33:07.456, 2, 3, 63714, 97887
2026/07/08 11:33:07.474, 3, 2, 63714, 97887
2026/07/08 11:33:07.492, 4, 0, 3, 97887
2026/07/08 11:33:07.509, 5, 0, 3, 97887
2026/07/08 11:33:07.526, 6, 0, 3, 97887
2026/07/08 11:33:07.543, 7, 0, 3, 97887
2026/07/08 11:33:08.560, 0, 3, 63714, 97887
2026/07/08 11:33:08.579, 1, 3, 63714, 97887
2026/07/08 11:33:08.597, 2, 3, 63714, 97887
2026/07/08 11:33:08.614, 3, 3, 63714, 97887
2026/07/08 11:33:08.629, 4, 0, 3, 97887
2026/07/08 11:33:08.646, 5, 0, 3, 97887
2026/07/08 11:33:08.661, 6, 0, 3, 97887
2026/07/08 11:33:08.677, 7, 0, 3, 97887
2026/07/08 11:33:09.694, 0, 3, 63714, 97887
2026/07/08 11:33:09.712, 1, 3, 63714, 97887
2026/07/08 11:33:09.730, 2, 3, 63714, 97887
2026/07/08 11:33:09.747, 3, 2, 63714, 97887
2026/07/08 11:33:09.765, 4, 0, 3, 97887
2026/07/08 11:33:09.781, 5, 0, 3, 97887
2026/07/08 11:33:09.799, 6, 0, 3, 97887
2026/07/08 11:33:09.818, 7, 0, 3, 97887
2026/07/08 11:33:10.837, 0, 3, 63714, 97887
2026/07/08 11:33:10.854, 1, 3, 63714, 97887
2026/07/08 11:33:10.868, 2, 3, 63714, 97887
2026/07/08 11:33:10.881, 3, 3, 63714, 97887
2026/07/08 11:33:10.894, 4, 0, 3, 97887
2026/07/08 11:33:10.908, 5, 0, 3, 97887
2026/07/08 11:33:10.920, 6, 0, 3, 97887
2026/07/08 11:33:10.934, 7, 0, 3, 97887
2026/07/08 11:33:11.948, 0, 3, 63714, 97887
2026/07/08 11:33:11.966, 1, 2, 63714, 97887
2026/07/08 11:33:11.983, 2, 3, 63714, 97887
2026/07/08 11:33:12.000, 3, 3, 63714, 97887
2026/07/08 11:33:12.017, 4, 0, 3, 97887
2026/07/08 11:33:12.031, 5, 0, 3, 97887
2026/07/08 11:33:12.046, 6, 0, 3, 97887
2026/07/08 11:33:12.063, 7, 0, 3, 97887
2026/07/08 11:33:13.079, 0, 2, 63714, 97887
2026/07/08 11:33:13.095, 1, 3, 63714, 97887
2026/07/08 11:33:13.110, 2, 3, 63714, 97887
2026/07/08 11:33:13.126, 3, 2, 63714, 97887
2026/07/08 11:33:13.142, 4, 0, 3, 97887
2026/07/08 11:33:13.157, 5, 0, 3, 97887
2026/07/08 11:33:13.174, 6, 0, 3, 97887
2026/07/08 11:33:13.190, 7, 0, 3, 97887
2026/07/08 11:33:14.206, 0, 2, 63714, 97887
2026/07/08 11:33:14.221, 1, 3, 63714, 97887
2026/07/08 11:33:14.238, 2, 3, 63714, 97887
2026/07/08 11:33:14.254, 3, 2, 63714, 97887
2026/07/08 11:33:14.269, 4, 0, 3, 97887
2026/07/08 11:33:14.285, 5, 0, 3, 97887
2026/07/08 11:33:14.301, 6, 0, 3, 97887
2026/07/08 11:33:14.319, 7, 0, 3, 97887
2026/07/08 11:33:15.336, 0, 3, 63714, 97887
2026/07/08 11:33:15.354, 1, 3, 63714, 97887
2026/07/08 11:33:15.370, 2, 3, 63714, 97887
2026/07/08 11:33:15.384, 3, 3, 63714, 97887
2026/07/08 11:33:15.400, 4, 0, 3, 97887
2026/07/08 11:33:15.416, 5, 0, 3, 97887
2026/07/08 11:33:15.430, 6, 0, 3, 97887
2026/07/08 11:33:15.446, 7, 0, 3, 97887
2026/07/08 11:33:16.458, 0, 2, 63714, 97887
2026/07/08 11:33:16.477, 1, 3, 63714, 97887
2026/07/08 11:33:16.494, 2, 3, 63714, 97887
2026/07/08 11:33:16.511, 3, 2, 63714, 97887
2026/07/08 11:33:16.528, 4, 0, 3, 97887
2026/07/08 11:33:16.542, 5, 0, 3, 97887
2026/07/08 11:33:16.559, 6, 0, 3, 97887
2026/07/08 11:33:16.575, 7, 0, 3, 97887
2026/07/08 11:33:17.591, 0, 3, 63714, 97887
2026/07/08 11:33:17.610, 1, 3, 63714, 97887
2026/07/08 11:33:17.624, 2, 3, 63714, 97887
2026/07/08 11:33:17.639, 3, 2, 63714, 97887
2026/07/08 11:33:17.655, 4, 0, 3, 97887
2026/07/08 11:33:17.670, 5, 0, 3, 97887
2026/07/08 11:33:17.686, 6, 0, 3, 97887
2026/07/08 11:33:17.702, 7, 0, 3, 97887
2026/07/08 11:33:18.718, 0, 3, 63714, 97887
2026/07/08 11:33:18.738, 1, 3, 63714, 97887
2026/07/08 11:33:18.756, 2, 3, 63714, 97887
2026/07/08 11:33:18.774, 3, 3, 63714, 97887
2026/07/08 11:33:18.789, 4, 0, 3, 97887
2026/07/08 11:33:18.807, 5, 0, 3, 97887
2026/07/08 11:33:18.824, 6, 0, 3, 97887
2026/07/08 11:33:18.843, 7, 0, 3, 97887
2026/07/08 11:33:19.859, 0, 2, 63714, 97887
2026/07/08 11:33:19.877, 1, 3, 63714, 97887
2026/07/08 11:33:19.893, 2, 3, 63714, 97887
2026/07/08 11:33:19.908, 3, 3, 63714, 97887
2026/07/08 11:33:19.925, 4, 0, 3, 97887
2026/07/08 11:33:19.941, 5, 0, 3, 97887
2026/07/08 11:33:19.957, 6, 0, 3, 97887
2026/07/08 11:33:19.972, 7, 0, 3, 97887
2026/07/08 11:33:20.987, 0, 3, 63714, 97887
2026/07/08 11:33:21.006, 1, 3, 63714, 97887
2026/07/08 11:33:21.024, 2, 3, 63714, 97887
2026/07/08 11:33:21.039, 3, 3, 63714, 97887
2026/07/08 11:33:21.052, 4, 0, 3, 97887
2026/07/08 11:33:21.068, 5, 0, 3, 97887
2026/07/08 11:33:21.084, 6, 0, 3, 97887
2026/07/08 11:33:21.101, 7, 0, 3, 97887
2026/07/08 11:33:22.117, 0, 3, 63714, 97887
2026/07/08 11:33:22.135, 1, 3, 63714, 97887
2026/07/08 11:33:22.153, 2, 2, 63714, 97887
2026/07/08 11:33:22.200, 3, 3, 63714, 97887
2026/07/08 11:33:22.221, 4, 0, 3, 97887
2026/07/08 11:33:22.237, 5, 0, 3, 97887
2026/07/08 11:33:22.254, 6, 0, 3, 97887
2026/07/08 11:33:22.271, 7, 0, 3, 97887
2026/07/08 11:33:23.288, 0, 3, 63714, 97887
2026/07/08 11:33:23.306, 1, 3, 63714, 97887
2026/07/08 11:33:23.321, 2, 3, 63714, 97887
2026/07/08 11:33:23.338, 3, 3, 63714, 97887
2026/07/08 11:33:23.356, 4, 0, 3, 97887
2026/07/08 11:33:23.373, 5, 0, 3, 97887
2026/07/08 11:33:23.390, 6, 0, 3, 97887
2026/07/08 11:33:23.406, 7, 0, 3, 97887
2026/07/08 11:33:24.423, 0, 3, 63714, 97887
2026/07/08 11:33:24.440, 1, 2, 63714, 97887
2026/07/08 11:33:24.462, 2, 2, 63714, 97887
2026/07/08 11:33:24.478, 3, 3, 63714, 97887
2026/07/08 11:33:24.493, 4, 0, 3, 97887
2026/07/08 11:33:24.510, 5, 0, 3, 97887
2026/07/08 11:33:24.527, 6, 0, 3, 97887
2026/07/08 11:33:24.544, 7, 0, 3, 97887
2026/07/08 11:33:25.563, 0, 3, 63714, 97887
2026/07/08 11:33:25.581, 1, 3, 63714, 97887
2026/07/08 11:33:25.598, 2, 3, 63714, 97887
2026/07/08 11:33:25.616, 3, 3, 63714, 97887
2026/07/08 11:33:25.632, 4, 0, 3, 97887
2026/07/08 11:33:25.649, 5, 0, 3, 97887
2026/07/08 11:33:25.666, 6, 0, 3, 97887
2026/07/08 11:33:25.683, 7, 0, 3, 97887
2026/07/08 11:33:26.700, 0, 3, 63714, 97887
2026/07/08 11:33:26.717, 1, 3, 63714, 97887
2026/07/08 11:33:26.731, 2, 3, 63714, 97887
2026/07/08 11:33:26.745, 3, 3, 63714, 97887
2026/07/08 11:33:26.756, 4, 0, 3, 97887
2026/07/08 11:33:26.768, 5, 0, 3, 97887
2026/07/08 11:33:26.779, 6, 0, 3, 97887
2026/07/08 11:33:26.791, 7, 0, 3, 97887
2026/07/08 11:33:27.803, 0, 3, 63714, 97887
2026/07/08 11:33:27.818, 1, 3, 63714, 97887
2026/07/08 11:33:27.832, 2, 2, 63714, 97887
2026/07/08 11:33:27.844, 3, 3, 63714, 97887
2026/07/08 11:33:27.855, 4, 0, 3, 97887
2026/07/08 11:33:27.866, 5, 0, 3, 97887
2026/07/08 11:33:27.880, 6, 0, 3, 97887
2026/07/08 11:33:27.892, 7, 0, 3, 97887
2026/07/08 11:33:28.904, 0, 3, 63714, 97887
2026/07/08 11:33:28.921, 1, 3, 63714, 97887
2026/07/08 11:33:28.937, 2, 3, 63714, 97887
2026/07/08 11:33:28.955, 3, 3, 63714, 97887
2026/07/08 11:33:28.968, 4, 0, 3, 97887
2026/07/08 11:33:28.984, 5, 0, 3, 97887
2026/07/08 11:33:28.996, 6, 0, 3, 97887
2026/07/08 11:33:29.007, 7, 0, 3, 97887
2026/07/08 11:33:30.020, 0, 3, 63714, 97887
2026/07/08 11:33:30.034, 1, 3, 63714, 97887
2026/07/08 11:33:30.048, 2, 3, 63714, 97887
2026/07/08 11:33:30.061, 3, 3, 63714, 97887
2026/07/08 11:33:30.071, 4, 0, 3, 97887
2026/07/08 11:33:30.086, 5, 0, 3, 97887
2026/07/08 11:33:30.098, 6, 0, 3, 97887
2026/07/08 11:33:30.114, 7, 0, 3, 97887
2026/07/08 11:33:31.125, 0, 3, 63714, 97887
2026/07/08 11:33:31.141, 1, 3, 63714, 97887
2026/07/08 11:33:31.154, 2, 3, 63714, 97887
2026/07/08 11:33:31.165, 3, 3, 63714, 97887
2026/07/08 11:33:31.172, 4, 0, 3, 97887
2026/07/08 11:33:31.179, 5, 0, 3, 97887
2026/07/08 11:33:31.185, 6, 0, 3, 97887
2026/07/08 11:33:31.194, 7, 0, 3, 97887
2026/07/08 11:33:32.201, 0, 2, 63714, 97887
2026/07/08 11:33:32.215, 1, 3, 63714, 97887
2026/07/08 11:33:32.229, 2, 3, 63714, 97887
2026/07/08 11:33:32.245, 3, 2, 63714, 97887
2026/07/08 11:33:32.258, 4, 0, 3, 97887
2026/07/08 11:33:32.272, 5, 0, 3, 97887
2026/07/08 11:33:32.286, 6, 0, 3, 97887
2026/07/08 11:33:32.300, 7, 0, 3, 97887
2026/07/08 11:33:33.314, 0, 3, 63714, 97887
2026/07/08 11:33:33.331, 1, 3, 63714, 97887
2026/07/08 11:33:33.345, 2, 3, 63714, 97887
2026/07/08 11:33:33.362, 3, 3, 63714, 97887
2026/07/08 11:33:33.378, 4, 0, 3, 97887
2026/07/08 11:33:33.396, 5, 0, 3, 97887
2026/07/08 11:33:33.410, 6, 0, 3, 97887
2026/07/08 11:33:33.423, 7, 0, 3, 97887
2026/07/08 11:33:34.436, 0, 3, 63714, 97887
2026/07/08 11:33:34.449, 1, 3, 63714, 97887
2026/07/08 11:33:34.461, 2, 3, 63714, 97887
2026/07/08 11:33:34.473, 3, 3, 63714, 97887
2026/07/08 11:33:34.483, 4, 0, 3, 97887
2026/07/08 11:33:34.496, 5, 0, 3, 97887
2026/07/08 11:33:34.511, 6, 0, 3, 97887
2026/07/08 11:33:34.524, 7, 0, 3, 97887
2026/07/08 11:33:35.539, 0, 2, 63714, 97887
2026/07/08 11:33:35.556, 1, 3, 63714, 97887
2026/07/08 11:33:35.572, 2, 3, 63714, 97887
2026/07/08 11:33:35.586, 3, 2, 63714, 97887
2026/07/08 11:33:35.600, 4, 0, 3, 97887
2026/07/08 11:33:35.614, 5, 0, 3, 97887
2026/07/08 11:33:35.629, 6, 0, 3, 97887
2026/07/08 11:33:35.645, 7, 0, 3, 97887
2026/07/08 11:33:36.664, 0, 3, 63714, 97887
2026/07/08 11:33:36.682, 1, 0, 63714, 97887
2026/07/08 11:33:36.698, 2, 3, 63714, 97887
2026/07/08 11:33:36.713, 3, 0, 63714, 97887
2026/07/08 11:33:36.729, 4, 0, 3, 97887
2026/07/08 11:33:36.743, 5, 0, 3, 97887
2026/07/08 11:33:36.757, 6, 0, 3, 97887
2026/07/08 11:33:36.767, 7, 0, 3, 97887
2026/07/08 11:33:37.777, 0, 10, 46774, 97887
2026/07/08 11:33:37.790, 1, 100, 46774, 97887
2026/07/08 11:33:37.803, 2, 0, 46774, 97887
2026/07/08 11:33:37.818, 3, 2, 46774, 97887
2026/07/08 11:33:37.833, 4, 0, 3, 97887
2026/07/08 11:33:37.846, 5, 0, 3, 97887
2026/07/08 11:33:37.860, 6, 0, 3, 97887
2026/07/08 11:33:37.874, 7, 0, 3, 97887
2026/07/08 11:33:38.888, 0, 0, 46804, 97887
2026/07/08 11:33:38.904, 1, 0, 46802, 97887
2026/07/08 11:33:38.918, 2, 0, 46804, 97887
2026/07/08 11:33:38.931, 3, 0, 46802, 97887
2026/07/08 11:33:38.945, 4, 0, 3, 97887
2026/07/08 11:33:38.958, 5, 0, 3, 97887
2026/07/08 11:33:38.972, 6, 0, 3, 97887
2026/07/08 11:33:38.987, 7, 0, 3, 97887
2026/07/08 11:33:40.002, 0, 0, 46840, 97887
2026/07/08 11:33:40.018, 1, 0, 46836, 97887
2026/07/08 11:33:40.030, 2, 0, 46838, 97887
2026/07/08 11:33:40.043, 3, 3, 46836, 97887
2026/07/08 11:33:40.055, 4, 0, 3, 97887
2026/07/08 11:33:40.067, 5, 0, 3, 97887
2026/07/08 11:33:40.079, 6, 0, 3, 97887
2026/07/08 11:33:40.091, 7, 0, 3, 97887
2026/07/08 11:33:41.103, 0, 94, 46840, 97887
2026/07/08 11:33:41.119, 1, 100, 46836, 97887
2026/07/08 11:33:41.133, 2, 100, 46838, 97887
2026/07/08 11:33:41.147, 3, 100, 46836, 97887
2026/07/08 11:33:41.162, 4, 0, 3, 97887
2026/07/08 11:33:41.176, 5, 0, 3, 97887
2026/07/08 11:33:41.190, 6, 0, 3, 97887
2026/07/08 11:33:41.203, 7, 0, 3, 97887
2026/07/08 11:33:42.213, 0, 2, 46840, 97887
2026/07/08 11:33:42.226, 1, 2, 46836, 97887
2026/07/08 11:33:42.237, 2, 2, 46838, 97887
2026/07/08 11:33:42.245, 3, 2, 46836, 97887
2026/07/08 11:33:42.258, 4, 0, 3, 97887
2026/07/08 11:33:42.266, 5, 0, 3, 97887
2026/07/08 11:33:42.274, 6, 0, 3, 97887
2026/07/08 11:33:42.281, 7, 0, 3, 97887
2026/07/08 11:33:43.287, 0, 3, 46840, 97887
2026/07/08 11:33:43.296, 1, 3, 46836, 97887
2026/07/08 11:33:43.306, 2, 2, 46838, 97887
2026/07/08 11:33:43.316, 3, 3, 46836, 97887
2026/07/08 11:33:43.326, 4, 0, 3, 97887
2026/07/08 11:33:43.338, 5, 0, 3, 97887
2026/07/08 11:33:43.345, 6, 0, 3, 97887
2026/07/08 11:33:43.357, 7, 0, 3, 97887
2026/07/08 11:33:44.371, 0, 3, 46840, 97887
2026/07/08 11:33:44.387, 1, 3, 46836, 97887
2026/07/08 11:33:44.403, 2, 2, 46838, 97887
2026/07/08 11:33:44.416, 3, 2, 46836, 97887
2026/07/08 11:33:44.427, 4, 0, 3, 97887
2026/07/08 11:33:44.435, 5, 0, 3, 97887
2026/07/08 11:33:44.444, 6, 0, 3, 97887
2026/07/08 11:33:44.455, 7, 0, 3, 97887
2026/07/08 11:33:45.467, 0, 2, 46840, 97887
2026/07/08 11:33:45.479, 1, 2, 46836, 97887
2026/07/08 11:33:45.490, 2, 2, 46838, 97887
2026/07/08 11:33:45.498, 3, 2, 46836, 97887
2026/07/08 11:33:45.507, 4, 0, 3, 97887
2026/07/08 11:33:45.517, 5, 0, 3, 97887
2026/07/08 11:33:45.528, 6, 0, 3, 97887
2026/07/08 11:33:45.541, 7, 0, 3, 97887
2026/07/08 11:33:46.552, 0, 3, 46840, 97887
2026/07/08 11:33:46.562, 1, 2, 46836, 97887
2026/07/08 11:33:46.577, 2, 3, 46838, 97887
2026/07/08 11:33:46.591, 3, 2, 46836, 97887
2026/07/08 11:33:46.603, 4, 0, 3, 97887
2026/07/08 11:33:46.614, 5, 0, 3, 97887
2026/07/08 11:33:46.627, 6, 0, 3, 97887
2026/07/08 11:33:46.635, 7, 0, 3, 97887
2026/07/08 11:33:47.644, 0, 2, 46840, 97887
2026/07/08 11:33:47.653, 1, 2, 46836, 97887
2026/07/08 11:33:47.664, 2, 2, 46838, 97887
2026/07/08 11:33:47.675, 3, 2, 46836, 97887
2026/07/08 11:33:47.686, 4, 0, 3, 97887
2026/07/08 11:33:47.699, 5, 0, 3, 97887
2026/07/08 11:33:47.710, 6, 0, 3, 97887
2026/07/08 11:33:47.722, 7, 0, 3, 97887
2026/07/08 11:33:48.733, 0, 2, 46840, 97887
2026/07/08 11:33:48.742, 1, 2, 46836, 97887
2026/07/08 11:33:48.748, 2, 3, 46838, 97887
2026/07/08 11:33:48.757, 3, 2, 46836, 97887
2026/07/08 11:33:48.764, 4, 0, 3, 97887
2026/07/08 11:33:48.774, 5, 0, 3, 97887
2026/07/08 11:33:48.783, 6, 0, 3, 97887
2026/07/08 11:33:48.791, 7, 0, 3, 97887
2026/07/08 11:33:49.802, 0, 2, 46840, 97887
2026/07/08 11:33:49.813, 1, 2, 46836, 97887
2026/07/08 11:33:49.827, 2, 2, 46838, 97887
2026/07/08 11:33:49.836, 3, 2, 46836, 97887
2026/07/08 11:33:49.847, 4, 0, 3, 97887
2026/07/08 11:33:49.860, 5, 0, 3, 97887
2026/07/08 11:33:49.870, 6, 0, 3, 97887
2026/07/08 11:33:49.882, 7, 0, 3, 97887
2026/07/08 11:33:50.894, 0, 2, 46840, 97887
2026/07/08 11:33:50.907, 1, 2, 46836, 97887
2026/07/08 11:33:50.922, 2, 2, 46838, 97887
2026/07/08 11:33:50.940, 3, 2, 46836, 97887
2026/07/08 11:33:50.952, 4, 0, 3, 97887
2026/07/08 11:33:50.966, 5, 0, 3, 97887
2026/07/08 11:33:50.976, 6, 0, 3, 97887
2026/07/08 11:33:50.989, 7, 0, 3, 97887
2026/07/08 11:33:52.000, 0, 2, 46840, 97887
2026/07/08 11:33:52.014, 1, 2, 46836, 97887
2026/07/08 11:33:52.025, 2, 2, 46838, 97887
2026/07/08 11:33:52.034, 3, 2, 46836, 97887
2026/07/08 11:33:52.044, 4, 0, 3, 97887
2026/07/08 11:33:52.054, 5, 0, 3, 97887
2026/07/08 11:33:52.063, 6, 0, 3, 97887
2026/07/08 11:33:52.075, 7, 0, 3, 97887
2026/07/08 11:33:53.088, 0, 2, 46840, 97887
2026/07/08 11:33:53.100, 1, 2, 46836, 97887
2026/07/08 11:33:53.111, 2, 3, 46838, 97887
2026/07/08 11:33:53.125, 3, 2, 46836, 97887
2026/07/08 11:33:53.135, 4, 0, 3, 97887
2026/07/08 11:33:53.146, 5, 0, 3, 97887
2026/07/08 11:33:53.156, 6, 0, 3, 97887
2026/07/08 11:33:53.165, 7, 0, 3, 97887
2026/07/08 11:33:54.174, 0, 2, 46840, 97887
2026/07/08 11:33:54.186, 1, 2, 46836, 97887
2026/07/08 11:33:54.205, 2, 2, 46838, 97887
2026/07/08 11:33:54.213, 3, 2, 46836, 97887
2026/07/08 11:33:54.229, 4, 0, 3, 97887
2026/07/08 11:33:54.240, 5, 0, 3, 97887
2026/07/08 11:33:54.253, 6, 0, 3, 97887
2026/07/08 11:33:54.268, 7, 0, 3, 97887
2026/07/08 11:33:55.281, 0, 48, 46840, 97887
2026/07/08 11:33:55.296, 1, 2, 46836, 97887
2026/07/08 11:33:55.310, 2, 2, 46838, 97887
2026/07/08 11:33:55.325, 3, 2, 46836, 97887
2026/07/08 11:33:55.337, 4, 0, 3, 97887
2026/07/08 11:33:55.346, 5, 0, 3, 97887
2026/07/08 11:33:55.357, 6, 0, 3, 97887
2026/07/08 11:33:55.369, 7, 0, 3, 97887
2026/07/08 11:33:56.377, 0, 0, 46840, 97887
2026/07/08 11:33:56.391, 1, 0, 46836, 97887
2026/07/08 11:33:56.403, 2, 0, 46838, 97887
2026/07/08 11:33:56.412, 3, 0, 46836, 97887
2026/07/08 11:33:56.424, 4, 0, 3, 97887
2026/07/08 11:33:56.437, 5, 0, 3, 97887
2026/07/08 11:33:56.451, 6, 0, 3, 97887
2026/07/08 11:33:56.466, 7, 0, 3, 97887
2026/07/08 11:33:57.483, 0, 6, 57060, 97887
2026/07/08 11:33:57.502, 1, 6, 57056, 97887
2026/07/08 11:33:57.518, 2, 7, 57058, 97887
2026/07/08 11:33:57.534, 3, 2, 57056, 97887
2026/07/08 11:33:57.549, 4, 0, 3, 97887
2026/07/08 11:33:57.562, 5, 0, 3, 97887
2026/07/08 11:33:57.578, 6, 0, 3, 97887
2026/07/08 11:33:57.592, 7, 0, 3, 97887
2026/07/08 11:33:58.607, 0, 10, 57060, 97887
2026/07/08 11:33:58.620, 1, 11, 57056, 97887
2026/07/08 11:33:58.634, 2, 10, 57058, 97887
2026/07/08 11:33:58.648, 3, 11, 57056, 97887
2026/07/08 11:33:58.661, 4, 0, 3, 97887
2026/07/08 11:33:58.673, 5, 0, 3, 97887
2026/07/08 11:33:58.686, 6, 0, 3, 97887
2026/07/08 11:33:58.701, 7, 0, 3, 97887
2026/07/08 11:33:59.715, 0, 11, 57060, 97887
2026/07/08 11:33:59.731, 1, 11, 57056, 97887
2026/07/08 11:33:59.747, 2, 10, 57058, 97887
2026/07/08 11:33:59.763, 3, 10, 57056, 97887
2026/07/08 11:33:59.775, 4, 0, 3, 97887
2026/07/08 11:33:59.789, 5, 0, 3, 97887
2026/07/08 11:33:59.804, 6, 0, 3, 97887
2026/07/08 11:33:59.817, 7, 0, 3, 97887
2026/07/08 11:34:00.833, 0, 10, 57060, 97887
2026/07/08 11:34:00.848, 1, 11, 57056, 97887
2026/07/08 11:34:00.861, 2, 10, 57058, 97887
2026/07/08 11:34:00.876, 3, 10, 57056, 97887
2026/07/08 11:34:00.890, 4, 0, 3, 97887
2026/07/08 11:34:00.903, 5, 0, 3, 97887
2026/07/08 11:34:00.912, 6, 0, 3, 97887
2026/07/08 11:34:00.923, 7, 0, 3, 97887
2026/07/08 11:34:01.934, 0, 10, 57060, 97887
2026/07/08 11:34:01.946, 1, 5, 57056, 97887
2026/07/08 11:34:01.960, 2, 4, 57058, 97887
2026/07/08 11:34:01.971, 3, 4, 57056, 97887
2026/07/08 11:34:01.984, 4, 0, 3, 97887
2026/07/08 11:34:01.999, 5, 0, 3, 97887
2026/07/08 11:34:02.010, 6, 0, 3, 97887
2026/07/08 11:34:02.020, 7, 0, 3, 97887
2026/07/08 11:34:03.031, 0, 5, 57060, 97887
2026/07/08 11:34:03.048, 1, 5, 57056, 97887
2026/07/08 11:34:03.059, 2, 4, 57058, 97887
2026/07/08 11:34:03.072, 3, 4, 57056, 97887
2026/07/08 11:34:03.086, 4, 0, 3, 97887
2026/07/08 11:34:03.100, 5, 0, 3, 97887
2026/07/08 11:34:03.114, 6, 0, 3, 97887
2026/07/08 11:34:03.127, 7, 0, 3, 97887
2026/07/08 11:34:04.141, 0, 100, 57060, 97887
2026/07/08 11:34:04.157, 1, 5, 57056, 97887
2026/07/08 11:34:04.171, 2, 5, 57058, 97887
2026/07/08 11:34:04.187, 3, 5, 57056, 97887
2026/07/08 11:34:04.201, 4, 0, 3, 97887
2026/07/08 11:34:04.217, 5, 0, 3, 97887
2026/07/08 11:34:04.237, 6, 0, 3, 97887
2026/07/08 11:34:04.253, 7, 0, 3, 97887
2026/07/08 11:34:05.269, 0, 0, 49616, 97887
2026/07/08 11:34:05.286, 1, 15, 46816, 97887
2026/07/08 11:34:05.301, 2, 11, 46816, 97887
2026/07/08 11:34:05.316, 3, 0, 57056, 97887
2026/07/08 11:34:05.331, 4, 0, 3, 97887
2026/07/08 11:34:05.345, 5, 0, 3, 97887
2026/07/08 11:34:05.361, 6, 0, 3, 97887
2026/07/08 11:34:05.377, 7, 0, 3, 97887
2026/07/08 11:34:06.392, 0, 4, 46820, 97887
2026/07/08 11:34:06.405, 1, 4, 46822, 97887
2026/07/08 11:34:06.415, 2, 4, 46822, 97887
2026/07/08 11:34:06.426, 3, 4, 46820, 97887
2026/07/08 11:34:06.437, 4, 0, 3, 97887
2026/07/08 11:34:06.448, 5, 0, 3, 97887
2026/07/08 11:34:06.461, 6, 0, 3, 97887
2026/07/08 11:34:06.476, 7, 0, 3, 97887
2026/07/08 11:34:07.486, 0, 4, 46826, 97887
2026/07/08 11:34:07.502, 1, 4, 46828, 97887
2026/07/08 11:34:07.517, 2, 4, 46828, 97887
2026/07/08 11:34:07.531, 3, 4, 46826, 97887
2026/07/08 11:34:07.547, 4, 0, 3, 97887
2026/07/08 11:34:07.559, 5, 0, 3, 97887
2026/07/08 11:34:07.572, 6, 0, 3, 97887
2026/07/08 11:34:07.584, 7, 0, 3, 97887
2026/07/08 11:34:08.593, 0, 4, 46832, 97887
2026/07/08 11:34:08.608, 1, 4, 46832, 97887
2026/07/08 11:34:08.624, 2, 4, 46832, 97887
2026/07/08 11:34:08.639, 3, 4, 46832, 97887
2026/07/08 11:34:08.653, 4, 0, 3, 97887
2026/07/08 11:34:08.667, 5, 0, 3, 97887
2026/07/08 11:34:08.682, 6, 0, 3, 97887
2026/07/08 11:34:08.695, 7, 0, 3, 97887
2026/07/08 11:34:09.710, 0, 4, 46838, 97887
2026/07/08 11:34:09.728, 1, 4, 46838, 97887
2026/07/08 11:34:09.743, 2, 4, 46838, 97887
2026/07/08 11:34:09.758, 3, 4, 46838, 97887
2026/07/08 11:34:09.773, 4, 0, 3, 97887
2026/07/08 11:34:09.787, 5, 0, 3, 97887
2026/07/08 11:34:09.798, 6, 0, 3, 97887
2026/07/08 11:34:09.811, 7, 0, 3, 97887
2026/07/08 11:34:10.826, 0, 5, 46844, 97887
2026/07/08 11:34:10.842, 1, 4, 46844, 97887
2026/07/08 11:34:10.857, 2, 4, 46844, 97887
2026/07/08 11:34:10.871, 3, 4, 46842, 97887
2026/07/08 11:34:10.886, 4, 0, 3, 97887
2026/07/08 11:34:10.900, 5, 0, 3, 97887
2026/07/08 11:34:10.912, 6, 0, 3, 97887
2026/07/08 11:34:10.928, 7, 0, 3, 97887
2026/07/08 11:34:11.946, 0, 4, 46848, 97887
2026/07/08 11:34:11.961, 1, 4, 46850, 97887
2026/07/08 11:34:11.975, 2, 4, 46850, 97887
2026/07/08 11:34:11.992, 3, 4, 46848, 97887
2026/07/08 11:34:12.009, 4, 0, 3, 97887
2026/07/08 11:34:12.027, 5, 0, 3, 97887
2026/07/08 11:34:12.044, 6, 0, 3, 97887
2026/07/08 11:34:12.061, 7, 0, 3, 97887
2026/07/08 11:34:13.079, 0, 0, 46854, 97887
2026/07/08 11:34:13.098, 1, 50, 46854, 97887
2026/07/08 11:34:13.113, 2, 0, 46854, 97887
2026/07/08 11:34:13.127, 3, 4, 46854, 97887
2026/07/08 11:34:13.141, 4, 0, 3, 97887
2026/07/08 11:34:13.156, 5, 0, 3, 97887
2026/07/08 11:34:13.170, 6, 0, 3, 97887
2026/07/08 11:34:13.184, 7, 0, 3, 97887
2026/07/08 11:34:14.197, 0, 0, 46876, 97887
2026/07/08 11:34:14.214, 1, 0, 46874, 97887
2026/07/08 11:34:14.228, 2, 0, 46876, 97887
2026/07/08 11:34:14.242, 3, 0, 46874, 97887
2026/07/08 11:34:14.257, 4, 0, 3, 97887
2026/07/08 11:34:14.269, 5, 0, 3, 97887
2026/07/08 11:34:14.283, 6, 0, 3, 97887
2026/07/08 11:34:14.297, 7, 0, 3, 97887
2026/07/08 11:34:15.311, 0, 0, 46878, 97887
2026/07/08 11:34:15.324, 1, 22, 46874, 97887
2026/07/08 11:34:15.334, 2, 0, 46876, 97887
2026/07/08 11:34:15.344, 3, 7, 46874, 97887
2026/07/08 11:34:15.353, 4, 0, 3, 97887
2026/07/08 11:34:15.364, 5, 0, 3, 97887
2026/07/08 11:34:15.377, 6, 0, 3, 97887
2026/07/08 11:34:15.389, 7, 0, 3, 97887
2026/07/08 11:34:16.402, 0, 0, 46878, 97887
2026/07/08 11:34:16.420, 1, 100, 46874, 97887
2026/07/08 11:34:16.436, 2, 100, 46876, 97887
2026/07/08 11:34:16.456, 3, 100, 46874, 97887
2026/07/08 11:34:16.476, 4, 0, 3, 97887
2026/07/08 11:34:16.492, 5, 0, 3, 97887
2026/07/08 11:34:16.508, 6, 0, 3, 97887
2026/07/08 11:34:16.522, 7, 0, 3, 97887
2026/07/08 11:34:17.537, 0, 5, 46878, 97887
2026/07/08 11:34:17.554, 1, 5, 46874, 97887
2026/07/08 11:34:17.571, 2, 5, 46876, 97887
2026/07/08 11:34:17.586, 3, 5, 46874, 97887
2026/07/08 11:34:17.601, 4, 0, 3, 97887
2026/07/08 11:34:17.613, 5, 0, 3, 97887
2026/07/08 11:34:17.627, 6, 0, 3, 97887
2026/07/08 11:34:17.640, 7, 0, 3, 97887
2026/07/08 11:34:18.651, 0, 5, 46878, 97887
2026/07/08 11:34:18.667, 1, 5, 46874, 97887
2026/07/08 11:34:18.682, 2, 5, 46876, 97887
2026/07/08 11:34:18.698, 3, 5, 46874, 97887
2026/07/08 11:34:18.715, 4, 0, 3, 97887
2026/07/08 11:34:18.731, 5, 0, 3, 97887
2026/07/08 11:34:18.747, 6, 0, 3, 97887
2026/07/08 11:34:18.764, 7, 0, 3, 97887
2026/07/08 11:34:19.777, 0, 5, 46878, 97887
2026/07/08 11:34:19.796, 1, 5, 46874, 97887
2026/07/08 11:34:19.813, 2, 5, 46876, 97887
2026/07/08 11:34:19.831, 3, 6, 46874, 97887
2026/07/08 11:34:19.847, 4, 0, 3, 97887
2026/07/08 11:34:19.863, 5, 0, 3, 97887
2026/07/08 11:34:19.877, 6, 0, 3, 97887
2026/07/08 11:34:19.890, 7, 0, 3, 97887
2026/07/08 11:34:20.903, 0, 5, 46878, 97887
2026/07/08 11:34:20.918, 1, 5, 46874, 97887
2026/07/08 11:34:20.934, 2, 5, 46876, 97887
2026/07/08 11:34:20.949, 3, 5, 46874, 97887
2026/07/08 11:34:20.964, 4, 0, 3, 97887
2026/07/08 11:34:20.979, 5, 0, 3, 97887
2026/07/08 11:34:20.994, 6, 0, 3, 97887
2026/07/08 11:34:21.008, 7, 0, 3, 97887
2026/07/08 11:34:22.021, 0, 5, 46878, 97887
2026/07/08 11:34:22.037, 1, 5, 46874, 97887
2026/07/08 11:34:22.051, 2, 5, 46876, 97887
2026/07/08 11:34:22.066, 3, 5, 46874, 97887
2026/07/08 11:34:22.080, 4, 0, 3, 97887
2026/07/08 11:34:22.093, 5, 0, 3, 97887
2026/07/08 11:34:22.107, 6, 0, 3, 97887
2026/07/08 11:34:22.121, 7, 0, 3, 97887
2026/07/08 11:34:23.136, 0, 28, 46878, 97887
2026/07/08 11:34:23.151, 1, 61, 46874, 97887
2026/07/08 11:34:23.162, 2, 63, 46876, 97887
2026/07/08 11:34:23.174, 3, 33, 46874, 97887
2026/07/08 11:34:23.186, 4, 0, 3, 97887
2026/07/08 11:34:23.201, 5, 0, 3, 97887
2026/07/08 11:34:23.216, 6, 0, 3, 97887
2026/07/08 11:34:23.228, 7, 0, 3, 97887
2026/07/08 11:34:24.241, 0, 0, 48158, 97887
2026/07/08 11:34:24.257, 1, 0, 48994, 97887
2026/07/08 11:34:24.272, 2, 0, 48936, 97887
2026/07/08 11:34:24.287, 3, 0, 49314, 97887
2026/07/08 11:34:24.302, 4, 0, 3, 97887
2026/07/08 11:34:24.320, 5, 0, 3, 97887
2026/07/08 11:34:24.340, 6, 0, 3, 97887
2026/07/08 11:34:24.361, 7, 0, 3, 97887
2026/07/08 11:34:25.380, 0, 4, 57098, 97887
2026/07/08 11:34:25.398, 1, 4, 57098, 97887
2026/07/08 11:34:25.417, 2, 5, 57098, 97887
2026/07/08 11:34:25.434, 3, 5, 57098, 97887
2026/07/08 11:34:25.451, 4, 0, 3, 97887
2026/07/08 11:34:25.467, 5, 0, 3, 97887
2026/07/08 11:34:25.483, 6, 0, 3, 97887
2026/07/08 11:34:25.500, 7, 0, 3, 97887
2026/07/08 11:34:26.516, 0, 4, 57104, 97887
2026/07/08 11:34:26.534, 1, 4, 57104, 97887
2026/07/08 11:34:26.550, 2, 4, 57104, 97887
2026/07/08 11:34:26.566, 3, 4, 57104, 97887
2026/07/08 11:34:26.583, 4, 0, 3, 97887
2026/07/08 11:34:26.600, 5, 0, 3, 97887
2026/07/08 11:34:26.618, 6, 0, 3, 97887
2026/07/08 11:34:26.635, 7, 0, 3, 97887
2026/07/08 11:34:27.651, 0, 4, 57108, 97887
2026/07/08 11:34:27.669, 1, 4, 57108, 97887
2026/07/08 11:34:27.686, 2, 4, 57108, 97887
2026/07/08 11:34:27.702, 3, 4, 57108, 97887
2026/07/08 11:34:27.717, 4, 0, 3, 97887
2026/07/08 11:34:27.732, 5, 0, 3, 97887
2026/07/08 11:34:27.749, 6, 0, 3, 97887
2026/07/08 11:34:27.765, 7, 0, 3, 97887
2026/07/08 11:34:28.781, 0, 4, 57114, 97887
2026/07/08 11:34:28.799, 1, 4, 57114, 97887
2026/07/08 11:34:28.816, 2, 4, 57114, 97887
2026/07/08 11:34:28.831, 3, 4, 57114, 97887
2026/07/08 11:34:28.845, 4, 0, 3, 97887
2026/07/08 11:34:28.861, 5, 0, 3, 97887
2026/07/08 11:34:28.877, 6, 0, 3, 97887
2026/07/08 11:34:28.892, 7, 0, 3, 97887
2026/07/08 11:34:29.909, 0, 4, 57120, 97887
2026/07/08 11:34:29.927, 1, 4, 57120, 97887
2026/07/08 11:34:29.943, 2, 4, 57120, 97887
2026/07/08 11:34:29.958, 3, 4, 57120, 97887
2026/07/08 11:34:29.974, 4, 0, 3, 97887
2026/07/08 11:34:29.991, 5, 0, 3, 97887
2026/07/08 11:34:30.007, 6, 0, 3, 97887
2026/07/08 11:34:30.024, 7, 0, 3, 97887
2026/07/08 11:34:31.041, 0, 4, 57126, 97887
2026/07/08 11:34:31.059, 1, 4, 57126, 97887
2026/07/08 11:34:31.077, 2, 5, 57126, 97887
2026/07/08 11:34:31.095, 3, 5, 57126, 97887
2026/07/08 11:34:31.113, 4, 0, 3, 97887
2026/07/08 11:34:31.129, 5, 0, 3, 97887
2026/07/08 11:34:31.146, 6, 0, 3, 97887
2026/07/08 11:34:31.162, 7, 0, 3, 97887
2026/07/08 11:34:32.176, 0, 4, 57132, 97887
2026/07/08 11:34:32.197, 1, 5, 57132, 97887
2026/07/08 11:34:32.214, 2, 4, 57132, 97887
2026/07/08 11:34:32.231, 3, 4, 57132, 97887
2026/07/08 11:34:32.248, 4, 0, 3, 97887
2026/07/08 11:34:32.262, 5, 0, 3, 97887
2026/07/08 11:34:32.277, 6, 0, 3, 97887
2026/07/08 11:34:32.293, 7, 0, 3, 97887
2026/07/08 11:34:33.308, 0, 0, 57136, 97887
2026/07/08 11:34:33.324, 1, 0, 57136, 97887
2026/07/08 11:34:33.338, 2, 6, 57136, 97887
2026/07/08 11:34:33.354, 3, 0, 57136, 97887
2026/07/08 11:34:33.371, 4, 0, 3, 97887
2026/07/08 11:34:33.387, 5, 0, 3, 97887
2026/07/08 11:34:33.404, 6, 0, 3, 97887
2026/07/08 11:34:33.420, 7, 0, 3, 97887
2026/07/08 11:34:34.435, 0, 0, 46896, 97887
2026/07/08 11:34:34.449, 1, 0, 46896, 97887
2026/07/08 11:34:34.463, 2, 0, 46896, 97887
2026/07/08 11:34:34.478, 3, 0, 46896, 97887
2026/07/08 11:34:34.494, 4, 0, 3, 97887
2026/07/08 11:34:34.510, 5, 0, 3, 97887
2026/07/08 11:34:34.528, 6, 0, 3, 97887
2026/07/08 11:34:34.544, 7, 0, 3, 97887
2026/07/08 11:34:35.559, 0, 0, 46896, 97887
2026/07/08 11:34:35.576, 1, 0, 46896, 97887
2026/07/08 11:34:35.593, 2, 0, 46896, 97887
2026/07/08 11:34:35.610, 3, 0, 46896, 97887
2026/07/08 11:34:35.627, 4, 0, 3, 97887
2026/07/08 11:34:35.642, 5, 0, 3, 97887
2026/07/08 11:34:35.656, 6, 0, 3, 97887
2026/07/08 11:34:35.672, 7, 0, 3, 97887
2026/07/08 11:34:36.690, 0, 0, 46896, 97887
2026/07/08 11:34:36.707, 1, 0, 46896, 97887
2026/07/08 11:34:36.724, 2, 0, 46896, 97887
2026/07/08 11:34:36.740, 3, 0, 46896, 97887
2026/07/08 11:34:36.756, 4, 0, 3, 97887
2026/07/08 11:34:36.774, 5, 0, 3, 97887
2026/07/08 11:34:36.792, 6, 0, 3, 97887
2026/07/08 11:34:36.810, 7, 0, 3, 97887
2026/07/08 11:34:37.828, 0, 0, 46896, 97887
2026/07/08 11:34:37.852, 1, 0, 46896, 97887
2026/07/08 11:34:37.876, 2, 0, 46896, 97887
2026/07/08 11:34:37.899, 3, 0, 46896, 97887
2026/07/08 11:34:37.918, 4, 0, 3, 97887
2026/07/08 11:34:37.939, 5, 0, 3, 97887
2026/07/08 11:34:37.955, 6, 0, 3, 97887
2026/07/08 11:34:37.972, 7, 0, 3, 97887
2026/07/08 11:34:38.993, 0, 0, 46896, 97887
2026/07/08 11:34:39.013, 1, 0, 46896, 97887
2026/07/08 11:34:39.029, 2, 0, 46896, 97887
2026/07/08 11:34:39.046, 3, 0, 46896, 97887
2026/07/08 11:34:39.062, 4, 0, 3, 97887
2026/07/08 11:34:39.080, 5, 0, 3, 97887
2026/07/08 11:34:39.097, 6, 0, 3, 97887
2026/07/08 11:34:39.112, 7, 0, 3, 97887
2026/07/08 11:34:40.128, 0, 0, 46896, 97887
2026/07/08 11:34:40.147, 1, 0, 46896, 97887
2026/07/08 11:34:40.163, 2, 0, 46896, 97887
2026/07/08 11:34:40.179, 3, 0, 46896, 97887
2026/07/08 11:34:40.193, 4, 0, 3, 97887
2026/07/08 11:34:40.210, 5, 0, 3, 97887
2026/07/08 11:34:40.226, 6, 0, 3, 97887
2026/07/08 11:34:40.239, 7, 0, 3, 97887
2026/07/08 11:34:41.253, 0, 0, 46896, 97887
2026/07/08 11:34:41.269, 1, 0, 46896, 97887
2026/07/08 11:34:41.283, 2, 0, 46896, 97887
2026/07/08 11:34:41.298, 3, 0, 46896, 97887
2026/07/08 11:34:41.313, 4, 0, 3, 97887
2026/07/08 11:34:41.328, 5, 0, 3, 97887
2026/07/08 11:34:41.342, 6, 0, 3, 97887
2026/07/08 11:34:41.359, 7, 0, 3, 97887
2026/07/08 11:34:42.373, 0, 0, 46896, 97887
2026/07/08 11:34:42.392, 1, 0, 46896, 97887
2026/07/08 11:34:42.409, 2, 0, 46896, 97887
2026/07/08 11:34:42.427, 3, 0, 46896, 97887
2026/07/08 11:34:42.443, 4, 0, 3, 97887
2026/07/08 11:34:42.461, 5, 0, 3, 97887
2026/07/08 11:34:42.477, 6, 0, 3, 97887
2026/07/08 11:34:42.493, 7, 0, 3, 97887
2026/07/08 11:34:43.510, 0, 0, 46896, 97887
2026/07/08 11:34:43.533, 1, 0, 46896, 97887
2026/07/08 11:34:43.552, 2, 0, 46896, 97887
2026/07/08 11:34:43.579, 3, 0, 46896, 97887
2026/07/08 11:34:43.601, 4, 0, 3, 97887
2026/07/08 11:34:43.625, 5, 0, 3, 97887
2026/07/08 11:34:43.650, 6, 0, 3, 97887
2026/07/08 11:34:43.671, 7, 0, 3, 97887
2026/07/08 11:34:44.690, 0, 0, 46896, 97887
2026/07/08 11:34:44.708, 1, 0, 46896, 97887
2026/07/08 11:34:44.724, 2, 0, 46896, 97887
2026/07/08 11:34:44.740, 3, 0, 46896, 97887
2026/07/08 11:34:44.757, 4, 0, 3, 97887
2026/07/08 11:34:44.772, 5, 0, 3, 97887
2026/07/08 11:34:44.789, 6, 0, 3, 97887
2026/07/08 11:34:44.804, 7, 0, 3, 97887
2026/07/08 11:34:45.820, 0, 0, 46896, 97887
2026/07/08 11:34:45.835, 1, 0, 46896, 97887
2026/07/08 11:34:45.855, 2, 0, 46896, 97887
2026/07/08 11:34:45.873, 3, 0, 46896, 97887
2026/07/08 11:34:45.890, 4, 0, 3, 97887
2026/07/08 11:34:45.906, 5, 0, 3, 97887
2026/07/08 11:34:45.923, 6, 0, 3, 97887
2026/07/08 11:34:45.938, 7, 0, 3, 97887
2026/07/08 11:34:46.957, 0, 0, 46912, 97887
2026/07/08 11:34:46.974, 1, 0, 46912, 97887
2026/07/08 11:34:46.989, 2, 0, 46912, 97887
2026/07/08 11:34:47.006, 3, 0, 46912, 97887
2026/07/08 11:34:47.024, 4, 0, 3, 97887
2026/07/08 11:34:47.040, 5, 0, 3, 97887
2026/07/08 11:34:47.057, 6, 0, 3, 97887
2026/07/08 11:34:47.070, 7, 0, 3, 97887
2026/07/08 11:34:48.084, 0, 100, 46912, 97887
2026/07/08 11:34:48.102, 1, 100, 46912, 97887
2026/07/08 11:34:48.118, 2, 100, 46912, 97887
2026/07/08 11:34:48.135, 3, 100, 46912, 97887
2026/07/08 11:34:48.150, 4, 0, 3, 97887
2026/07/08 11:34:48.167, 5, 0, 3, 97887
2026/07/08 11:34:48.185, 6, 0, 3, 97887
2026/07/08 11:34:48.202, 7, 0, 3, 97887
2026/07/08 11:34:49.219, 0, 0, 47852, 97887
2026/07/08 11:34:49.239, 1, 0, 47850, 97887
2026/07/08 11:34:49.259, 2, 0, 47850, 97887
2026/07/08 11:34:49.277, 3, 0, 47850, 97887
2026/07/08 11:34:49.295, 4, 0, 3, 97887
2026/07/08 11:34:49.311, 5, 0, 3, 97887
2026/07/08 11:34:49.328, 6, 0, 3, 97887
2026/07/08 11:34:49.345, 7, 0, 3, 97887
2026/07/08 11:34:50.363, 0, 0, 47872, 97887
2026/07/08 11:34:50.381, 1, 0, 47872, 97887
2026/07/08 11:34:50.397, 2, 0, 47872, 97887
2026/07/08 11:34:50.412, 3, 0, 47872, 97887
2026/07/08 11:34:50.429, 4, 0, 3, 97887
2026/07/08 11:34:50.443, 5, 0, 3, 97887
2026/07/08 11:34:50.456, 6, 0, 3, 97887
2026/07/08 11:34:50.471, 7, 0, 3, 97887
2026/07/08 11:34:51.487, 0, 0, 47872, 97887
2026/07/08 11:34:51.506, 1, 0, 47872, 97887
2026/07/08 11:34:51.522, 2, 0, 47872, 97887
2026/07/08 11:34:51.535, 3, 0, 47872, 97887
2026/07/08 11:34:51.550, 4, 0, 4, 97887
2026/07/08 11:34:51.566, 5, 0, 4, 97887
2026/07/08 11:34:51.583, 6, 0, 4, 97887
2026/07/08 11:34:51.606, 7, 0, 4, 97887
2026/07/08 11:34:52.629, 0, 35, 48640, 97887
2026/07/08 11:34:52.650, 1, 20, 48640, 97887
2026/07/08 11:34:52.670, 2, 62, 48640, 97887
2026/07/08 11:34:52.693, 3, 21, 48640, 97887
2026/07/08 11:34:52.710, 4, 0, 4, 97887
2026/07/08 11:34:52.730, 5, 0, 4, 97887
2026/07/08 11:34:52.750, 6, 0, 4, 97887
2026/07/08 11:34:52.768, 7, 0, 4, 97887
2026/07/08 11:34:53.787, 0, 0, 49518, 97887
2026/07/08 11:34:53.804, 1, 24, 49754, 97887
2026/07/08 11:34:53.821, 2, 0, 50212, 97887
2026/07/08 11:34:53.837, 3, 0, 49226, 97887
2026/07/08 11:34:53.852, 4, 0, 4, 97887
2026/07/08 11:34:53.867, 5, 0, 4, 97887
2026/07/08 11:34:53.885, 6, 0, 4, 97887
2026/07/08 11:34:53.902, 7, 0, 4, 97887
2026/07/08 11:34:54.920, 0, 84, 49518, 97887
2026/07/08 11:34:54.940, 1, 87, 49754, 97887
2026/07/08 11:34:54.958, 2, 83, 50212, 97887
2026/07/08 11:34:54.975, 3, 85, 49226, 97887
2026/07/08 11:34:54.995, 4, 0, 4, 97887
2026/07/08 11:34:55.015, 5, 0, 4, 97887
2026/07/08 11:34:55.033, 6, 0, 4, 97887
2026/07/08 11:34:55.052, 7, 0, 4, 97887
2026/07/08 11:34:56.071, 0, 0, 50714, 97887
2026/07/08 11:34:56.091, 1, 38, 51274, 97887
2026/07/08 11:34:56.112, 2, 3, 52650, 97887
2026/07/08 11:34:56.131, 3, 5, 50060, 97887
2026/07/08 11:34:56.151, 4, 0, 4, 97887
2026/07/08 11:34:56.171, 5, 0, 4, 97887
2026/07/08 11:34:56.191, 6, 0, 4, 97887
2026/07/08 11:34:56.209, 7, 0, 4, 97887
2026/07/08 11:34:57.228, 0, 80, 51226, 97887
2026/07/08 11:34:57.245, 1, 100, 51274, 97887
2026/07/08 11:34:57.263, 2, 57, 52650, 97887
2026/07/08 11:34:57.282, 3, 87, 50572, 97887
2026/07/08 11:34:57.299, 4, 0, 4, 97887
2026/07/08 11:34:57.318, 5, 0, 4, 97887
2026/07/08 11:34:57.336, 6, 0, 4, 97887
2026/07/08 11:34:57.353, 7, 0, 4, 97887
2026/07/08 11:34:58.371, 0, 96, 51226, 97887
2026/07/08 11:34:58.392, 1, 59, 51274, 97887
2026/07/08 11:34:58.410, 2, 100, 52650, 97887
2026/07/08 11:34:58.429, 3, 28, 50572, 97887
2026/07/08 11:34:58.445, 4, 0, 4, 97887
2026/07/08 11:34:58.464, 5, 0, 4, 97887
2026/07/08 11:34:58.480, 6, 0, 4, 97887
2026/07/08 11:34:58.498, 7, 0, 4, 97887
2026/07/08 11:34:59.515, 0, 60, 53244, 97887
2026/07/08 11:34:59.535, 1, 29, 51274, 97887
2026/07/08 11:34:59.555, 2, 86, 52650, 97887
2026/07/08 11:34:59.571, 3, 46, 53830, 97887
2026/07/08 11:34:59.584, 4, 0, 4, 97887
2026/07/08 11:34:59.600, 5, 0, 4, 97887
2026/07/08 11:34:59.619, 6, 0, 4, 97887
2026/07/08 11:34:59.640, 7, 0, 4, 97887
2026/07/08 11:35:00.659, 0, 100, 62796, 97887
2026/07/08 11:35:00.675, 1, 100, 57162, 97887
2026/07/08 11:35:00.691, 2, 100, 56266, 97887
2026/07/08 11:35:00.706, 3, 100, 53830, 97887
2026/07/08 11:35:00.721, 4, 0, 4, 97887
2026/07/08 11:35:00.736, 5, 0, 4, 97887
2026/07/08 11:35:00.750, 6, 0, 4, 97887
2026/07/08 11:35:00.762, 7, 0, 4, 97887
2026/07/08 11:35:01.775, 0, 100, 66980, 97887
2026/07/08 11:35:01.791, 1, 100, 61536, 97887
2026/07/08 11:35:01.805, 2, 100, 60258, 97887
2026/07/08 11:35:01.820, 3, 100, 60592, 97887
2026/07/08 11:35:01.835, 4, 0, 4, 97887
2026/07/08 11:35:01.848, 5, 0, 4, 97887
2026/07/08 11:35:01.862, 6, 0, 4, 97887
2026/07/08 11:35:01.877, 7, 0, 4, 97887
2026/07/08 11:35:02.889, 0, 100, 66980, 97887
2026/07/08 11:35:02.905, 1, 100, 65200, 97887
2026/07/08 11:35:02.918, 2, 100, 64322, 97887
2026/07/08 11:35:02.931, 3, 100, 60592, 97887
2026/07/08 11:35:02.945, 4, 0, 4, 97887
2026/07/08 11:35:02.957, 5, 0, 4, 97887
2026/07/08 11:35:02.968, 6, 0, 4, 97887
2026/07/08 11:35:02.983, 7, 0, 4, 97887
2026/07/08 11:35:03.998, 0, 10, 81236, 97887
2026/07/08 11:35:04.015, 1, 9, 79456, 97887
2026/07/08 11:35:04.028, 2, 11, 78578, 97887
2026/07/08 11:35:04.042, 3, 9, 74848, 97887
2026/07/08 11:35:04.053, 4, 0, 4, 97887
2026/07/08 11:35:04.062, 5, 0, 4, 97887
2026/07/08 11:35:04.069, 6, 0, 4, 97887
2026/07/08 11:35:04.081, 7, 0, 4, 97887
2026/07/08 11:35:05.090, 0, 80, 81236, 97887
2026/07/08 11:35:05.103, 1, 10, 79456, 97887
2026/07/08 11:35:05.112, 2, 100, 78578, 97887
2026/07/08 11:35:05.128, 3, 11, 74848, 97887
2026/07/08 11:35:05.143, 4, 0, 4, 97887
2026/07/08 11:35:05.159, 5, 0, 4, 97887
2026/07/08 11:35:05.175, 6, 0, 4, 97887
2026/07/08 11:35:05.189, 7, 0, 4, 97887
2026/07/08 11:35:06.205, 0, 100, 81236, 97887
2026/07/08 11:35:06.219, 1, 100, 79456, 97887
2026/07/08 11:35:06.234, 2, 100, 78578, 97887
2026/07/08 11:35:06.248, 3, 100, 74848, 97887
2026/07/08 11:35:06.263, 4, 0, 4, 97887
2026/07/08 11:35:06.276, 5, 0, 4, 97887
2026/07/08 11:35:06.292, 6, 0, 4, 97887
2026/07/08 11:35:06.306, 7, 0, 4, 97887
2026/07/08 11:35:07.320, 0, 100, 81236, 97887
2026/07/08 11:35:07.336, 1, 100, 79456, 97887
2026/07/08 11:35:07.349, 2, 100, 78578, 97887
2026/07/08 11:35:07.364, 3, 100, 74848, 97887
2026/07/08 11:35:07.380, 4, 0, 4, 97887
2026/07/08 11:35:07.396, 5, 0, 4, 97887
2026/07/08 11:35:07.411, 6, 0, 4, 97887
2026/07/08 11:35:07.426, 7, 0, 4, 97887
2026/07/08 11:35:08.440, 0, 100, 81236, 97887
2026/07/08 11:35:08.457, 1, 100, 79456, 97887
2026/07/08 11:35:08.471, 2, 100, 78578, 97887
2026/07/08 11:35:08.486, 3, 100, 74848, 97887
2026/07/08 11:35:08.500, 4, 0, 4, 97887
2026/07/08 11:35:08.514, 5, 0, 4, 97887
2026/07/08 11:35:08.528, 6, 0, 4, 97887
2026/07/08 11:35:08.544, 7, 0, 4, 97887
2026/07/08 11:35:09.559, 0, 31, 81236, 97887
2026/07/08 11:35:09.576, 1, 61, 79456, 97887
2026/07/08 11:35:09.591, 2, 13, 78578, 97887
2026/07/08 11:35:09.609, 3, 9, 74848, 97887
2026/07/08 11:35:09.624, 4, 0, 4, 97887
2026/07/08 11:35:09.639, 5, 0, 4, 97887
2026/07/08 11:35:09.654, 6, 0, 4, 97887
2026/07/08 11:35:09.670, 7, 0, 4, 97887
2026/07/08 11:35:10.686, 0, 11, 81236, 97887
2026/07/08 11:35:10.703, 1, 9, 79456, 97887
2026/07/08 11:35:10.717, 2, 11, 78578, 97887
2026/07/08 11:35:10.732, 3, 9, 74848, 97887
2026/07/08 11:35:10.749, 4, 0, 4, 97887
2026/07/08 11:35:10.765, 5, 0, 4, 97887
2026/07/08 11:35:10.786, 6, 0, 4, 97887
2026/07/08 11:35:10.807, 7, 0, 4, 97887
2026/07/08 11:35:11.823, 0, 100, 81236, 97887
2026/07/08 11:35:11.840, 1, 100, 79456, 97887
2026/07/08 11:35:11.855, 2, 100, 78578, 97887
2026/07/08 11:35:11.870, 3, 100, 74848, 97887
2026/07/08 11:35:11.885, 4, 0, 4, 97887
2026/07/08 11:35:11.897, 5, 0, 4, 97887
2026/07/08 11:35:11.908, 6, 0, 4, 97887
2026/07/08 11:35:11.921, 7, 0, 4, 97887
2026/07/08 11:35:12.937, 0, 100, 81236, 97887
2026/07/08 11:35:12.954, 1, 100, 79456, 97887
2026/07/08 11:35:12.969, 2, 100, 78578, 97887
2026/07/08 11:35:12.987, 3, 100, 74848, 97887
2026/07/08 11:35:13.006, 4, 0, 4, 97887
2026/07/08 11:35:13.022, 5, 0, 4, 97887
2026/07/08 11:35:13.038, 6, 0, 4, 97887
2026/07/08 11:35:13.053, 7, 0, 4, 97887
2026/07/08 11:35:14.068, 0, 100, 81236, 97887
2026/07/08 11:35:14.079, 1, 100, 79456, 97887
2026/07/08 11:35:14.088, 2, 100, 78578, 97887
2026/07/08 11:35:14.100, 3, 100, 74848, 97887
2026/07/08 11:35:14.116, 4, 0, 4, 97887
2026/07/08 11:35:14.133, 5, 0, 4, 97887
2026/07/08 11:35:14.151, 6, 0, 4, 97887
2026/07/08 11:35:14.171, 7, 0, 4, 97887
2026/07/08 11:35:15.192, 0, 100, 81236, 97887
2026/07/08 11:35:15.208, 1, 100, 79456, 97887
2026/07/08 11:35:15.223, 2, 100, 78578, 97887
2026/07/08 11:35:15.239, 3, 100, 74848, 97887
2026/07/08 11:35:15.253, 4, 0, 4, 97887
2026/07/08 11:35:15.267, 5, 0, 4, 97887
2026/07/08 11:35:15.281, 6, 0, 4, 97887
2026/07/08 11:35:15.295, 7, 0, 4, 97887
2026/07/08 11:35:16.309, 0, 11, 81236, 97887
2026/07/08 11:35:16.325, 1, 9, 79456, 97887
2026/07/08 11:35:16.340, 2, 11, 78578, 97887
2026/07/08 11:35:16.353, 3, 9, 74848, 97887
2026/07/08 11:35:16.372, 4, 0, 4, 97887
2026/07/08 11:35:16.392, 5, 0, 4, 97887
2026/07/08 11:35:16.423, 6, 0, 4, 97887
2026/07/08 11:35:16.439, 7, 0, 4, 97887
2026/07/08 11:35:17.471, 0, 98, 81236, 97887
2026/07/08 11:35:17.488, 1, 100, 79456, 97887
2026/07/08 11:35:17.504, 2, 100, 78578, 97887
2026/07/08 11:35:17.520, 3, 100, 74848, 97887
2026/07/08 11:35:17.534, 4, 0, 4, 97887
2026/07/08 11:35:17.544, 5, 0, 4, 97887
2026/07/08 11:35:17.556, 6, 0, 4, 97887
2026/07/08 11:35:17.568, 7, 0, 4, 97887
2026/07/08 11:35:18.578, 0, 100, 81236, 97887
2026/07/08 11:35:18.597, 1, 100, 79456, 97887
2026/07/08 11:35:18.610, 2, 100, 78578, 97887
2026/07/08 11:35:18.625, 3, 100, 74848, 97887
2026/07/08 11:35:18.638, 4, 0, 4, 97887
2026/07/08 11:35:18.652, 5, 0, 4, 97887
2026/07/08 11:35:18.664, 6, 0, 4, 97887
2026/07/08 11:35:18.677, 7, 0, 4, 97887
2026/07/08 11:35:19.689, 0, 100, 81236, 97887
2026/07/08 11:35:19.703, 1, 100, 79456, 97887
2026/07/08 11:35:19.718, 2, 100, 78578, 97887
2026/07/08 11:35:19.729, 3, 100, 74848, 97887
2026/07/08 11:35:19.740, 4, 0, 4, 97887
2026/07/08 11:35:19.756, 5, 0, 4, 97887
2026/07/08 11:35:19.769, 6, 0, 4, 97887
2026/07/08 11:35:19.782, 7, 0, 4, 97887
2026/07/08 11:35:20.794, 0, 100, 81236, 97887
2026/07/08 11:35:20.811, 1, 100, 79456, 97887
2026/07/08 11:35:20.827, 2, 100, 78578, 97887
2026/07/08 11:35:20.843, 3, 100, 74848, 97887
2026/07/08 11:35:20.857, 4, 0, 4, 97887
2026/07/08 11:35:20.873, 5, 0, 4, 97887
2026/07/08 11:35:20.885, 6, 0, 4, 97887
2026/07/08 11:35:20.896, 7, 0, 4, 97887
2026/07/08 11:35:21.908, 0, 10, 81236, 97887
2026/07/08 11:35:21.927, 1, 8, 79456, 97887
2026/07/08 11:35:21.945, 2, 11, 78578, 97887
2026/07/08 11:35:21.969, 3, 9, 74848, 97887
2026/07/08 11:35:21.988, 4, 0, 4, 97887
2026/07/08 11:35:22.005, 5, 0, 4, 97887
2026/07/08 11:35:22.027, 6, 0, 4, 97887
2026/07/08 11:35:22.049, 7, 0, 4, 97887
2026/07/08 11:35:23.071, 0, 87, 81236, 97887
2026/07/08 11:35:23.087, 1, 11, 79456, 97887
2026/07/08 11:35:23.101, 2, 100, 78578, 97887
2026/07/08 11:35:23.116, 3, 11, 74848, 97887
2026/07/08 11:35:23.131, 4, 0, 4, 97887
2026/07/08 11:35:23.146, 5, 0, 4, 97887
2026/07/08 11:35:23.160, 6, 0, 4, 97887
2026/07/08 11:35:23.175, 7, 0, 4, 97887
2026/07/08 11:35:24.190, 0, 100, 81236, 97887
2026/07/08 11:35:24.205, 1, 100, 79456, 97887
2026/07/08 11:35:24.219, 2, 100, 78578, 97887
2026/07/08 11:35:24.232, 3, 100, 74848, 97887
2026/07/08 11:35:24.242, 4, 0, 4, 97887
2026/07/08 11:35:24.255, 5, 0, 4, 97887
2026/07/08 11:35:24.269, 6, 0, 4, 97887
2026/07/08 11:35:24.282, 7, 0, 4, 97887
2026/07/08 11:35:25.294, 0, 100, 81236, 97887
2026/07/08 11:35:25.308, 1, 100, 79456, 97887
2026/07/08 11:35:25.318, 2, 100, 78578, 97887
2026/07/08 11:35:25.330, 3, 100, 74848, 97887
2026/07/08 11:35:25.339, 4, 0, 4, 97887
2026/07/08 11:35:25.348, 5, 0, 4, 97887
2026/07/08 11:35:25.356, 6, 0, 4, 97887
2026/07/08 11:35:25.364, 7, 0, 4, 97887
2026/07/08 11:35:26.373, 0, 100, 81236, 97887
2026/07/08 11:35:26.388, 1, 100, 79456, 97887
2026/07/08 11:35:26.403, 2, 100, 78578, 97887
2026/07/08 11:35:26.417, 3, 100, 74848, 97887
2026/07/08 11:35:26.431, 4, 0, 4, 97887
2026/07/08 11:35:26.444, 5, 0, 4, 97887
2026/07/08 11:35:26.458, 6, 0, 4, 97887
2026/07/08 11:35:26.473, 7, 0, 4, 97887
2026/07/08 11:35:27.484, 0, 18, 81236, 97887
2026/07/08 11:35:27.504, 1, 8, 79456, 97887
2026/07/08 11:35:27.519, 2, 11, 78578, 97887
2026/07/08 11:35:27.533, 3, 9, 74848, 97887
2026/07/08 11:35:27.550, 4, 0, 4, 97887
2026/07/08 11:35:27.569, 5, 0, 4, 97887
2026/07/08 11:35:27.590, 6, 0, 4, 97887
2026/07/08 11:35:27.603, 7, 0, 4, 97887
2026/07/08 11:35:28.620, 0, 10, 81236, 97887
2026/07/08 11:35:28.641, 1, 8, 79456, 97887
2026/07/08 11:35:28.660, 2, 11, 78578, 97887
2026/07/08 11:35:28.679, 3, 9, 74848, 97887
2026/07/08 11:35:28.695, 4, 0, 4, 97887
2026/07/08 11:35:28.712, 5, 0, 4, 97887
2026/07/08 11:35:28.728, 6, 0, 4, 97887
2026/07/08 11:35:28.742, 7, 0, 4, 97887
2026/07/08 11:35:29.758, 0, 100, 81236, 97887
2026/07/08 11:35:29.774, 1, 100, 79456, 97887
2026/07/08 11:35:29.791, 2, 100, 78578, 97887
2026/07/08 11:35:29.809, 3, 100, 74848, 97887
2026/07/08 11:35:29.824, 4, 0, 4, 97887
2026/07/08 11:35:29.841, 5, 0, 4, 97887
2026/07/08 11:35:29.855, 6, 0, 4, 97887
2026/07/08 11:35:29.871, 7, 0, 4, 97887
2026/07/08 11:35:30.886, 0, 100, 81236, 97887
2026/07/08 11:35:30.904, 1, 100, 79456, 97887
2026/07/08 11:35:30.919, 2, 100, 78578, 97887
2026/07/08 11:35:30.933, 3, 100, 74848, 97887
2026/07/08 11:35:30.947, 4, 0, 4, 97887
2026/07/08 11:35:30.959, 5, 0, 4, 97887
2026/07/08 11:35:30.970, 6, 0, 4, 97887
2026/07/08 11:35:30.986, 7, 0, 4, 97887
2026/07/08 11:35:32.000, 0, 100, 81236, 97887
2026/07/08 11:35:32.017, 1, 100, 79456, 97887
2026/07/08 11:35:32.033, 2, 100, 78578, 97887
2026/07/08 11:35:32.048, 3, 100, 74848, 97887
2026/07/08 11:35:32.065, 4, 0, 4, 97887
2026/07/08 11:35:32.082, 5, 0, 4, 97887
2026/07/08 11:35:32.099, 6, 0, 4, 97887
2026/07/08 11:35:32.116, 7, 0, 4, 97887
2026/07/08 11:35:33.132, 0, 100, 81236, 97887
2026/07/08 11:35:33.153, 1, 100, 79456, 97887
2026/07/08 11:35:33.176, 2, 100, 78578, 97887
2026/07/08 11:35:33.199, 3, 100, 74848, 97887
2026/07/08 11:35:33.217, 4, 0, 4, 97887
2026/07/08 11:35:33.239, 5, 0, 4, 97887
2026/07/08 11:35:33.256, 6, 0, 4, 97887
2026/07/08 11:35:33.275, 7, 0, 4, 97887
2026/07/08 11:35:34.306, 0, 10, 81236, 97887
2026/07/08 11:35:34.320, 1, 8, 79456, 97887
2026/07/08 11:35:34.333, 2, 11, 78578, 97887
2026/07/08 11:35:34.349, 3, 9, 74848, 97887
2026/07/08 11:35:34.369, 4, 0, 4, 97887
2026/07/08 11:35:34.390, 5, 0, 4, 97887
2026/07/08 11:35:34.409, 6, 0, 4, 97887
2026/07/08 11:35:34.427, 7, 0, 4, 97887
2026/07/08 11:35:35.445, 0, 100, 81236, 97887
2026/07/08 11:35:35.461, 1, 100, 79456, 97887
2026/07/08 11:35:35.477, 2, 99, 78578, 97887
2026/07/08 11:35:35.492, 3, 100, 74848, 97887
2026/07/08 11:35:35.509, 4, 0, 4, 97887
2026/07/08 11:35:35.524, 5, 0, 4, 97887
2026/07/08 11:35:35.540, 6, 0, 4, 97887
2026/07/08 11:35:35.556, 7, 0, 4, 97887
2026/07/08 11:35:36.572, 0, 100, 81236, 97887
2026/07/08 11:35:36.590, 1, 100, 79456, 97887
2026/07/08 11:35:36.605, 2, 100, 78578, 97887
2026/07/08 11:35:36.619, 3, 100, 74848, 97887
2026/07/08 11:35:36.636, 4, 0, 4, 97887
2026/07/08 11:35:36.651, 5, 0, 4, 97887
2026/07/08 11:35:36.667, 6, 0, 4, 97887
2026/07/08 11:35:36.681, 7, 0, 4, 97887
2026/07/08 11:35:37.695, 0, 100, 81236, 97887
2026/07/08 11:35:37.712, 1, 100, 79456, 97887
2026/07/08 11:35:37.729, 2, 100, 78578, 97887
2026/07/08 11:35:37.743, 3, 100, 74848, 97887
2026/07/08 11:35:37.757, 4, 0, 4, 97887
2026/07/08 11:35:37.773, 5, 0, 4, 97887
2026/07/08 11:35:37.791, 6, 0, 4, 97887
2026/07/08 11:35:37.807, 7, 0, 4, 97887
2026/07/08 11:35:38.824, 0, 100, 81236, 97887
2026/07/08 11:35:38.840, 1, 100, 79456, 97887
2026/07/08 11:35:38.855, 2, 100, 78578, 97887
2026/07/08 11:35:38.870, 3, 100, 74848, 97887
2026/07/08 11:35:38.886, 4, 0, 4, 97887
2026/07/08 11:35:38.902, 5, 0, 4, 97887
2026/07/08 11:35:38.914, 6, 0, 4, 97887
2026/07/08 11:35:38.928, 7, 0, 4, 97887
2026/07/08 11:35:39.941, 0, 10, 81236, 97887
2026/07/08 11:35:39.961, 1, 8, 79456, 97887
2026/07/08 11:35:39.980, 2, 11, 78578, 97887
2026/07/08 11:35:39.996, 3, 9, 74848, 97887
2026/07/08 11:35:40.013, 4, 0, 4, 97887
2026/07/08 11:35:40.028, 5, 0, 4, 97887
2026/07/08 11:35:40.042, 6, 0, 4, 97887
2026/07/08 11:35:40.059, 7, 0, 4, 97887
2026/07/08 11:35:41.078, 0, 100, 81236, 97887
2026/07/08 11:35:41.092, 1, 68, 79456, 97887
2026/07/08 11:35:41.102, 2, 99, 78578, 97887
2026/07/08 11:35:41.114, 3, 17, 74848, 97887
2026/07/08 11:35:41.127, 4, 0, 4, 97887
2026/07/08 11:35:41.143, 5, 0, 4, 97887
2026/07/08 11:35:41.161, 6, 0, 4, 97887
2026/07/08 11:35:41.173, 7, 0, 4, 97887
2026/07/08 11:35:42.190, 0, 100, 81236, 97887
2026/07/08 11:35:42.205, 1, 100, 79456, 97887
2026/07/08 11:35:42.220, 2, 100, 78578, 97887
2026/07/08 11:35:42.235, 3, 100, 74848, 97887
2026/07/08 11:35:42.250, 4, 0, 4, 97887
2026/07/08 11:35:42.261, 5, 0, 4, 97887
2026/07/08 11:35:42.271, 6, 0, 4, 97887
2026/07/08 11:35:42.282, 7, 0, 4, 97887
2026/07/08 11:35:43.293, 0, 100, 81236, 97887
2026/07/08 11:35:43.310, 1, 100, 79456, 97887
2026/07/08 11:35:43.323, 2, 100, 78578, 97887
2026/07/08 11:35:43.338, 3, 100, 74848, 97887
2026/07/08 11:35:43.350, 4, 0, 4, 97887
2026/07/08 11:35:43.364, 5, 0, 4, 97887
2026/07/08 11:35:43.380, 6, 0, 4, 97887
2026/07/08 11:35:43.396, 7, 0, 4, 97887
2026/07/08 11:35:44.412, 0, 100, 81236, 97887
2026/07/08 11:35:44.429, 1, 100, 79456, 97887
2026/07/08 11:35:44.443, 2, 100, 78578, 97887
2026/07/08 11:35:44.458, 3, 100, 74848, 97887
2026/07/08 11:35:44.474, 4, 0, 4, 97887
2026/07/08 11:35:44.490, 5, 0, 4, 97887
2026/07/08 11:35:44.504, 6, 0, 4, 97887
2026/07/08 11:35:44.520, 7, 0, 4, 97887
2026/07/08 11:35:45.537, 0, 11, 81236, 97887
2026/07/08 11:35:45.557, 1, 8, 79456, 97887
2026/07/08 11:35:45.577, 2, 11, 78578, 97887
2026/07/08 11:35:45.597, 3, 9, 74848, 97887
2026/07/08 11:35:45.618, 4, 0, 4, 97887
2026/07/08 11:35:45.637, 5, 0, 4, 97887
2026/07/08 11:35:45.657, 6, 0, 4, 97887
2026/07/08 11:35:45.677, 7, 0, 4, 97887
2026/07/08 11:35:46.697, 0, 10, 81236, 97887
2026/07/08 11:35:46.713, 1, 9, 79456, 97887
2026/07/08 11:35:46.728, 2, 11, 78578, 97887
2026/07/08 11:35:46.745, 3, 9, 74848, 97887
2026/07/08 11:35:46.761, 4, 0, 4, 97887
2026/07/08 11:35:46.777, 5, 0, 4, 97887
2026/07/08 11:35:46.794, 6, 0, 4, 97887
2026/07/08 11:35:46.809, 7, 0, 4, 97887
2026/07/08 11:35:47.826, 0, 100, 81236, 97887
2026/07/08 11:35:47.845, 1, 100, 79456, 97887
2026/07/08 11:35:47.862, 2, 100, 78578, 97887
2026/07/08 11:35:47.875, 3, 100, 74848, 97887
2026/07/08 11:35:47.891, 4, 0, 4, 97887
2026/07/08 11:35:47.907, 5, 0, 4, 97887
2026/07/08 11:35:47.922, 6, 0, 4, 97887
2026/07/08 11:35:47.935, 7, 0, 4, 97887
2026/07/08 11:35:48.951, 0, 100, 81236, 97887
2026/07/08 11:35:48.970, 1, 100, 79456, 97887
2026/07/08 11:35:48.987, 2, 100, 78578, 97887
2026/07/08 11:35:49.003, 3, 100, 74848, 97887
2026/07/08 11:35:49.020, 4, 0, 4, 97887
2026/07/08 11:35:49.033, 5, 0, 4, 97887
2026/07/08 11:35:49.043, 6, 0, 4, 97887
2026/07/08 11:35:49.054, 7, 0, 4, 97887
2026/07/08 11:35:50.069, 0, 100, 81236, 97887
2026/07/08 11:35:50.085, 1, 100, 79456, 97887
2026/07/08 11:35:50.099, 2, 100, 78578, 97887
2026/07/08 11:35:50.112, 3, 100, 74848, 97887
2026/07/08 11:35:50.126, 4, 0, 4, 97887
2026/07/08 11:35:50.138, 5, 0, 4, 97887
2026/07/08 11:35:50.150, 6, 0, 4, 97887
2026/07/08 11:35:50.162, 7, 0, 4, 97887
2026/07/08 11:35:51.176, 0, 51, 81236, 97887
2026/07/08 11:35:51.193, 1, 82, 79456, 97887
2026/07/08 11:35:51.208, 2, 100, 78578, 97887
2026/07/08 11:35:51.221, 3, 9, 74848, 97887
2026/07/08 11:35:51.234, 4, 0, 4, 97887
2026/07/08 11:35:51.250, 5, 0, 4, 97887
2026/07/08 11:35:51.267, 6, 0, 4, 97887
2026/07/08 11:35:51.285, 7, 0, 4, 97887
2026/07/08 11:35:52.302, 0, 10, 81236, 97887
2026/07/08 11:35:52.320, 1, 8, 79456, 97887
2026/07/08 11:35:52.338, 2, 11, 78578, 97887
2026/07/08 11:35:52.353, 3, 9, 74848, 97887
2026/07/08 11:35:52.370, 4, 0, 4, 97887
2026/07/08 11:35:52.388, 5, 0, 4, 97887
2026/07/08 11:35:52.404, 6, 0, 4, 97887
2026/07/08 11:35:52.418, 7, 0, 4, 97887
2026/07/08 11:35:53.436, 0, 100, 81236, 97887
2026/07/08 11:35:53.452, 1, 100, 79456, 97887
2026/07/08 11:35:53.468, 2, 100, 78578, 97887
2026/07/08 11:35:53.481, 3, 100, 74848, 97887
2026/07/08 11:35:53.493, 4, 0, 4, 97887
2026/07/08 11:35:53.503, 5, 0, 4, 97887
2026/07/08 11:35:53.515, 6, 0, 4, 97887
2026/07/08 11:35:53.528, 7, 0, 4, 97887
2026/07/08 11:35:54.541, 0, 100, 81236, 97887
2026/07/08 11:35:54.553, 1, 100, 79456, 97887
2026/07/08 11:35:54.568, 2, 100, 78578, 97887
2026/07/08 11:35:54.580, 3, 100, 74848, 97887
2026/07/08 11:35:54.593, 4, 0, 4, 97887
2026/07/08 11:35:54.605, 5, 0, 4, 97887
2026/07/08 11:35:54.617, 6, 0, 4, 97887
2026/07/08 11:35:54.629, 7, 0, 4, 97887
2026/07/08 11:35:55.640, 0, 100, 81236, 97887
2026/07/08 11:35:55.652, 1, 100, 79456, 97887
2026/07/08 11:35:55.663, 2, 100, 78578, 97887
2026/07/08 11:35:55.672, 3, 100, 74848, 97887
2026/07/08 11:35:55.683, 4, 0, 4, 97887
2026/07/08 11:35:55.695, 5, 0, 4, 97887
2026/07/08 11:35:55.706, 6, 0, 4, 97887
2026/07/08 11:35:55.719, 7, 0, 4, 97887
2026/07/08 11:35:56.736, 0, 100, 81236, 97887
2026/07/08 11:35:56.754, 1, 100, 79456, 97887
2026/07/08 11:35:56.770, 2, 100, 78578, 97887
2026/07/08 11:35:56.787, 3, 100, 74848, 97887
2026/07/08 11:35:56.802, 4, 0, 4, 97887
2026/07/08 11:35:56.818, 5, 0, 4, 97887
2026/07/08 11:35:56.833, 6, 0, 4, 97887
2026/07/08 11:35:56.847, 7, 0, 4, 97887
2026/07/08 11:35:57.859, 0, 10, 81236, 97887
2026/07/08 11:35:57.876, 1, 9, 79456, 97887
2026/07/08 11:35:57.892, 2, 11, 78578, 97887
2026/07/08 11:35:57.909, 3, 9, 74848, 97887
2026/07/08 11:35:57.924, 4, 0, 4, 97887
2026/07/08 11:35:57.940, 5, 0, 4, 97887
2026/07/08 11:35:57.955, 6, 0, 4, 97887
2026/07/08 11:35:57.971, 7, 0, 4, 97887
2026/07/08 11:35:58.988, 0, 97, 81236, 97887
2026/07/08 11:35:59.001, 1, 54, 79456, 97887
2026/07/08 11:35:59.012, 2, 100, 78578, 97887
2026/07/08 11:35:59.022, 3, 11, 74848, 97887
2026/07/08 11:35:59.032, 4, 0, 4, 97887
2026/07/08 11:35:59.043, 5, 0, 4, 97887
2026/07/08 11:35:59.054, 6, 0, 4, 97887
2026/07/08 11:35:59.066, 7, 0, 4, 97887
2026/07/08 11:36:00.076, 0, 100, 81236, 97887
2026/07/08 11:36:00.091, 1, 100, 79456, 97887
2026/07/08 11:36:00.105, 2, 100, 78578, 97887
2026/07/08 11:36:00.122, 3, 100, 74848, 97887
2026/07/08 11:36:00.136, 4, 0, 4, 97887
2026/07/08 11:36:00.152, 5, 0, 4, 97887
2026/07/08 11:36:00.167, 6, 0, 4, 97887
2026/07/08 11:36:00.186, 7, 0, 4, 97887
2026/07/08 11:36:01.208, 0, 100, 81236, 97887
2026/07/08 11:36:01.222, 1, 100, 79456, 97887
2026/07/08 11:36:01.235, 2, 100, 78578, 97887
2026/07/08 11:36:01.249, 3, 100, 74848, 97887
2026/07/08 11:36:01.262, 4, 0, 4, 97887
2026/07/08 11:36:01.276, 5, 0, 4, 97887
2026/07/08 11:36:01.288, 6, 0, 4, 97887
2026/07/08 11:36:01.300, 7, 0, 4, 97887
2026/07/08 11:36:02.315, 0, 100, 81236, 97887
2026/07/08 11:36:02.331, 1, 100, 79456, 97887
2026/07/08 11:36:02.342, 2, 100, 78578, 97887
2026/07/08 11:36:02.357, 3, 100, 74848, 97887
2026/07/08 11:36:02.369, 4, 0, 4, 97887
2026/07/08 11:36:02.384, 5, 0, 4, 97887
2026/07/08 11:36:02.397, 6, 0, 4, 97887
2026/07/08 11:36:02.411, 7, 0, 4, 97887
2026/07/08 11:36:03.425, 0, 10, 81236, 97887
2026/07/08 11:36:03.443, 1, 8, 79456, 97887
2026/07/08 11:36:03.460, 2, 11, 78578, 97887
2026/07/08 11:36:03.475, 3, 9, 74848, 97887
2026/07/08 11:36:03.489, 4, 0, 4, 97887
2026/07/08 11:36:03.505, 5, 0, 4, 97887
2026/07/08 11:36:03.518, 6, 0, 4, 97887
2026/07/08 11:36:03.529, 7, 0, 4, 97887
2026/07/08 11:36:04.543, 0, 10, 81236, 97887
2026/07/08 11:36:04.560, 1, 8, 79456, 97887
2026/07/08 11:36:04.575, 2, 11, 78578, 97887
2026/07/08 11:36:04.588, 3, 9, 74848, 97887
2026/07/08 11:36:04.601, 4, 0, 4, 97887
2026/07/08 11:36:04.616, 5, 0, 4, 97887
2026/07/08 11:36:04.632, 6, 0, 4, 97887
2026/07/08 11:36:04.647, 7, 0, 4, 97887
2026/07/08 11:36:05.663, 0, 100, 81236, 97887
2026/07/08 11:36:05.679, 1, 100, 79456, 97887
2026/07/08 11:36:05.697, 2, 100, 78578, 97887
2026/07/08 11:36:05.711, 3, 100, 74848, 97887
2026/07/08 11:36:05.729, 4, 0, 4, 97887
2026/07/08 11:36:05.743, 5, 0, 4, 97887
2026/07/08 11:36:05.760, 6, 0, 4, 97887
2026/07/08 11:36:05.776, 7, 0, 4, 97887
2026/07/08 11:36:06.792, 0, 100, 81236, 97887
2026/07/08 11:36:06.803, 1, 100, 79456, 97887
2026/07/08 11:36:06.822, 2, 100, 78578, 97887
2026/07/08 11:36:06.839, 3, 100, 74848, 97887
2026/07/08 11:36:06.854, 4, 0, 4, 97887
2026/07/08 11:36:06.869, 5, 0, 4, 97887
2026/07/08 11:36:06.884, 6, 0, 4, 97887
2026/07/08 11:36:06.898, 7, 0, 4, 97887
2026/07/08 11:36:07.913, 0, 100, 81236, 97887
2026/07/08 11:36:07.930, 1, 100, 79456, 97887
2026/07/08 11:36:07.945, 2, 100, 78578, 97887
2026/07/08 11:36:07.960, 3, 100, 74848, 97887
2026/07/08 11:36:07.975, 4, 0, 4, 97887
2026/07/08 11:36:07.989, 5, 0, 4, 97887
2026/07/08 11:36:08.003, 6, 0, 4, 97887
2026/07/08 11:36:08.014, 7, 0, 4, 97887
2026/07/08 11:36:09.026, 0, 100, 81236, 97887
2026/07/08 11:36:09.043, 1, 100, 79456, 97887
2026/07/08 11:36:09.058, 2, 100, 78578, 97887
2026/07/08 11:36:09.075, 3, 52, 74848, 97887
2026/07/08 11:36:09.092, 4, 0, 4, 97887
2026/07/08 11:36:09.108, 5, 0, 4, 97887
2026/07/08 11:36:09.124, 6, 0, 4, 97887
2026/07/08 11:36:09.140, 7, 0, 4, 97887
2026/07/08 11:36:10.158, 0, 10, 81236, 97887
2026/07/08 11:36:10.176, 1, 8, 79456, 97887
2026/07/08 11:36:10.192, 2, 11, 78578, 97887
2026/07/08 11:36:10.207, 3, 9, 74848, 97887
2026/07/08 11:36:10.223, 4, 0, 4, 97887
2026/07/08 11:36:10.239, 5, 0, 4, 97887
2026/07/08 11:36:10.254, 6, 0, 4, 97887
2026/07/08 11:36:10.269, 7, 0, 4, 97887
2026/07/08 11:36:11.285, 0, 100, 81236, 97887
2026/07/08 11:36:11.300, 1, 100, 79456, 97887
2026/07/08 11:36:11.313, 2, 100, 78578, 97887
2026/07/08 11:36:11.329, 3, 100, 74848, 97887
2026/07/08 11:36:11.344, 4, 0, 4, 97887
2026/07/08 11:36:11.359, 5, 0, 4, 97887
2026/07/08 11:36:11.372, 6, 0, 4, 97887
2026/07/08 11:36:11.385, 7, 0, 4, 97887
2026/07/08 11:36:12.399, 0, 100, 81236, 97887
2026/07/08 11:36:12.417, 1, 100, 79456, 97887
2026/07/08 11:36:12.433, 2, 100, 78578, 97887
2026/07/08 11:36:12.447, 3, 100, 74848, 97887
2026/07/08 11:36:12.463, 4, 0, 4, 97887
2026/07/08 11:36:12.478, 5, 0, 4, 97887
2026/07/08 11:36:12.492, 6, 0, 4, 97887
2026/07/08 11:36:12.507, 7, 0, 4, 97887
2026/07/08 11:36:13.519, 0, 100, 81236, 97887
2026/07/08 11:36:13.533, 1, 100, 79456, 97887
2026/07/08 11:36:13.545, 2, 100, 78578, 97887
2026/07/08 11:36:13.559, 3, 100, 74848, 97887
2026/07/08 11:36:13.571, 4, 0, 4, 97887
2026/07/08 11:36:13.585, 5, 0, 4, 97887
2026/07/08 11:36:13.597, 6, 0, 4, 97887
2026/07/08 11:36:13.610, 7, 0, 4, 97887
2026/07/08 11:36:14.625, 0, 100, 81236, 97887
2026/07/08 11:36:14.642, 1, 100, 79456, 97887
2026/07/08 11:36:14.658, 2, 100, 78578, 97887
2026/07/08 11:36:14.672, 3, 100, 74848, 97887
2026/07/08 11:36:14.683, 4, 0, 4, 97887
2026/07/08 11:36:14.698, 5, 0, 4, 97887
2026/07/08 11:36:14.710, 6, 0, 4, 97887
2026/07/08 11:36:14.723, 7, 0, 4, 97887
2026/07/08 11:36:15.734, 0, 10, 81236, 97887
2026/07/08 11:36:15.751, 1, 8, 79456, 97887
2026/07/08 11:36:15.767, 2, 11, 78578, 97887
2026/07/08 11:36:15.783, 3, 9, 74848, 97887
2026/07/08 11:36:15.800, 4, 0, 4, 97887
2026/07/08 11:36:15.819, 5, 0, 4, 97887
2026/07/08 11:36:15.837, 6, 0, 4, 97887
2026/07/08 11:36:15.856, 7, 0, 4, 97887
2026/07/08 11:36:16.875, 0, 100, 81236, 97887
2026/07/08 11:36:16.891, 1, 11, 79456, 97887
2026/07/08 11:36:16.908, 2, 97, 78578, 97887
2026/07/08 11:36:16.924, 3, 76, 74848, 97887
2026/07/08 11:36:16.939, 4, 0, 4, 97887
2026/07/08 11:36:16.954, 5, 0, 4, 97887
2026/07/08 11:36:16.969, 6, 0, 4, 97887
2026/07/08 11:36:16.984, 7, 0, 4, 97887
2026/07/08 11:36:18.000, 0, 100, 81236, 97887
2026/07/08 11:36:18.017, 1, 100, 79456, 97887
2026/07/08 11:36:18.032, 2, 100, 78578, 97887
2026/07/08 11:36:18.050, 3, 100, 74848, 97887
2026/07/08 11:36:18.061, 4, 0, 4, 97887
2026/07/08 11:36:18.077, 5, 0, 4, 97887
2026/07/08 11:36:18.092, 6, 0, 4, 97887
2026/07/08 11:36:18.109, 7, 0, 4, 97887
2026/07/08 11:36:19.123, 0, 100, 81236, 97887
2026/07/08 11:36:19.141, 1, 100, 79456, 97887
2026/07/08 11:36:19.157, 2, 100, 78578, 97887
2026/07/08 11:36:19.172, 3, 100, 74848, 97887
2026/07/08 11:36:19.187, 4, 0, 4, 97887
2026/07/08 11:36:19.202, 5, 0, 4, 97887
2026/07/08 11:36:19.217, 6, 0, 4, 97887
2026/07/08 11:36:19.233, 7, 0, 4, 97887
2026/07/08 11:36:20.249, 0, 100, 81236, 97887
2026/07/08 11:36:20.268, 1, 100, 79456, 97887
2026/07/08 11:36:20.283, 2, 100, 78578, 97887
2026/07/08 11:36:20.298, 3, 100, 74848, 97887
2026/07/08 11:36:20.313, 4, 0, 4, 97887
2026/07/08 11:36:20.329, 5, 0, 4, 97887
2026/07/08 11:36:20.342, 6, 0, 4, 97887
2026/07/08 11:36:20.357, 7, 0, 4, 97887
2026/07/08 11:36:21.372, 0, 10, 81236, 97887
2026/07/08 11:36:21.391, 1, 8, 79456, 97887
2026/07/08 11:36:21.410, 2, 10, 78578, 97887
2026/07/08 11:36:21.427, 3, 9, 74848, 97887
2026/07/08 11:36:21.443, 4, 0, 4, 97887
2026/07/08 11:36:21.461, 5, 0, 4, 97887
2026/07/08 11:36:21.479, 6, 0, 4, 97887
2026/07/08 11:36:21.495, 7, 0, 4, 97887
2026/07/08 11:36:22.512, 0, 10, 81236, 97887
2026/07/08 11:36:22.521, 1, 10, 79456, 97887
2026/07/08 11:36:22.532, 2, 67, 78578, 97887
2026/07/08 11:36:22.547, 3, 9, 74848, 97887
2026/07/08 11:36:22.558, 4, 0, 4, 97887
2026/07/08 11:36:22.565, 5, 0, 4, 97887
2026/07/08 11:36:22.571, 6, 0, 4, 97887
2026/07/08 11:36:22.580, 7, 0, 4, 97887
2026/07/08 11:36:23.593, 0, 100, 81236, 97887
2026/07/08 11:36:23.610, 1, 100, 79456, 97887
2026/07/08 11:36:23.626, 2, 100, 78578, 97887
2026/07/08 11:36:23.642, 3, 100, 74848, 97887
2026/07/08 11:36:23.657, 4, 0, 4, 97887
2026/07/08 11:36:23.672, 5, 0, 4, 97887
2026/07/08 11:36:23.688, 6, 0, 4, 97887
2026/07/08 11:36:23.703, 7, 0, 4, 97887
2026/07/08 11:36:24.718, 0, 100, 81236, 97887
2026/07/08 11:36:24.735, 1, 100, 79456, 97887
2026/07/08 11:36:24.750, 2, 100, 78578, 97887
2026/07/08 11:36:24.765, 3, 100, 74848, 97887
2026/07/08 11:36:24.780, 4, 0, 4, 97887
2026/07/08 11:36:24.796, 5, 0, 4, 97887
2026/07/08 11:36:24.812, 6, 0, 4, 97887
2026/07/08 11:36:24.828, 7, 0, 4, 97887
2026/07/08 11:36:25.844, 0, 100, 81236, 97887
2026/07/08 11:36:25.861, 1, 100, 79456, 97887
2026/07/08 11:36:25.875, 2, 100, 78578, 97887
2026/07/08 11:36:25.891, 3, 100, 74848, 97887
2026/07/08 11:36:25.906, 4, 0, 4, 97887
2026/07/08 11:36:25.921, 5, 0, 4, 97887
2026/07/08 11:36:25.936, 6, 0, 4, 97887
2026/07/08 11:36:25.951, 7, 0, 4, 97887
2026/07/08 11:36:26.966, 0, 10, 81236, 97887
2026/07/08 11:36:26.985, 1, 9, 79456, 97887
2026/07/08 11:36:27.001, 2, 42, 78578, 97887
2026/07/08 11:36:27.017, 3, 80, 74848, 97887
2026/07/08 11:36:27.034, 4, 0, 4, 97887
2026/07/08 11:36:27.051, 5, 0, 4, 97887
2026/07/08 11:36:27.068, 6, 0, 4, 97887
2026/07/08 11:36:27.083, 7, 0, 4, 97887
2026/07/08 11:36:28.100, 0, 10, 81236, 97887
2026/07/08 11:36:28.116, 1, 8, 79456, 97887
2026/07/08 11:36:28.131, 2, 11, 78578, 97887
2026/07/08 11:36:28.146, 3, 9, 74848, 97887
2026/07/08 11:36:28.163, 4, 0, 4, 97887
2026/07/08 11:36:28.181, 5, 0, 4, 97887
2026/07/08 11:36:28.199, 6, 0, 4, 97887
2026/07/08 11:36:28.216, 7, 0, 4, 97887
2026/07/08 11:36:29.232, 0, 100, 81236, 97887
2026/07/08 11:36:29.246, 1, 100, 79456, 97887
2026/07/08 11:36:29.260, 2, 100, 78578, 97887
2026/07/08 11:36:29.273, 3, 100, 74848, 97887
2026/07/08 11:36:29.286, 4, 0, 4, 97887
2026/07/08 11:36:29.299, 5, 0, 4, 97887
2026/07/08 11:36:29.312, 6, 0, 4, 97887
2026/07/08 11:36:29.325, 7, 0, 4, 97887
2026/07/08 11:36:30.336, 0, 100, 81238, 97887
2026/07/08 11:36:30.350, 1, 100, 79456, 97887
2026/07/08 11:36:30.362, 2, 100, 78580, 97887
2026/07/08 11:36:30.377, 3, 100, 74848, 97887
2026/07/08 11:36:30.391, 4, 0, 4, 97887
2026/07/08 11:36:30.406, 5, 0, 4, 97887
2026/07/08 11:36:30.420, 6, 0, 4, 97887
2026/07/08 11:36:30.441, 7, 0, 4, 97887
2026/07/08 11:36:31.451, 0, 100, 81238, 97887
2026/07/08 11:36:31.466, 1, 100, 79456, 97887
2026/07/08 11:36:31.481, 2, 100, 78580, 97887
2026/07/08 11:36:31.495, 3, 100, 74850, 97887
2026/07/08 11:36:31.509, 4, 0, 4, 97887
2026/07/08 11:36:31.524, 5, 0, 4, 97887
2026/07/08 11:36:31.537, 6, 0, 4, 97887
2026/07/08 11:36:31.550, 7, 0, 4, 97887
2026/07/08 11:36:32.565, 0, 100, 81238, 97887
2026/07/08 11:36:32.578, 1, 100, 79458, 97887
2026/07/08 11:36:32.588, 2, 100, 78580, 97887
2026/07/08 11:36:32.597, 3, 100, 74850, 97887
2026/07/08 11:36:32.608, 4, 0, 4, 97887
2026/07/08 11:36:32.618, 5, 0, 4, 97887
2026/07/08 11:36:32.628, 6, 0, 4, 97887
2026/07/08 11:36:32.638, 7, 0, 4, 97887
2026/07/08 11:36:33.650, 0, 10, 81238, 97887
2026/07/08 11:36:33.670, 1, 8, 79458, 97887
2026/07/08 11:36:33.683, 2, 11, 78580, 97887
2026/07/08 11:36:33.696, 3, 9, 74850, 97887
2026/07/08 11:36:33.709, 4, 0, 4, 97887
2026/07/08 11:36:33.722, 5, 0, 4, 97887
2026/07/08 11:36:33.735, 6, 0, 4, 97887
2026/07/08 11:36:33.748, 7, 0, 4, 97887
2026/07/08 11:36:34.760, 0, 99, 81238, 97887
2026/07/08 11:36:34.777, 1, 98, 79458, 97887
2026/07/08 11:36:34.793, 2, 100, 78580, 97887
2026/07/08 11:36:34.808, 3, 71, 74850, 97887
2026/07/08 11:36:34.823, 4, 0, 4, 97887
2026/07/08 11:36:34.838, 5, 0, 4, 97887
2026/07/08 11:36:34.851, 6, 0, 4, 97887
2026/07/08 11:36:34.865, 7, 0, 4, 97887
2026/07/08 11:36:35.879, 0, 100, 81238, 97887
2026/07/08 11:36:35.897, 1, 100, 79458, 97887
2026/07/08 11:36:35.912, 2, 100, 78580, 97887
2026/07/08 11:36:35.926, 3, 100, 74850, 97887
2026/07/08 11:36:35.939, 4, 0, 4, 97887
2026/07/08 11:36:35.953, 5, 0, 4, 97887
2026/07/08 11:36:35.968, 6, 0, 4, 97887
2026/07/08 11:36:35.985, 7, 0, 4, 97887
2026/07/08 11:36:37.001, 0, 100, 81238, 97887
2026/07/08 11:36:37.016, 1, 100, 79458, 97887
2026/07/08 11:36:37.029, 2, 100, 78580, 97887
2026/07/08 11:36:37.042, 3, 100, 74850, 97887
2026/07/08 11:36:37.055, 4, 0, 4, 97887
2026/07/08 11:36:37.067, 5, 0, 4, 97887
2026/07/08 11:36:37.078, 6, 0, 4, 97887
2026/07/08 11:36:37.089, 7, 0, 4, 97887
2026/07/08 11:36:38.101, 0, 100, 81238, 97887
2026/07/08 11:36:38.116, 1, 100, 79458, 97887
2026/07/08 11:36:38.129, 2, 100, 78580, 97887
2026/07/08 11:36:38.141, 3, 100, 74850, 97887
2026/07/08 11:36:38.155, 4, 0, 4, 97887
2026/07/08 11:36:38.169, 5, 0, 4, 97887
2026/07/08 11:36:38.185, 6, 0, 4, 97887
2026/07/08 11:36:38.198, 7, 0, 4, 97887
2026/07/08 11:36:39.214, 0, 10, 81238, 97887
2026/07/08 11:36:39.227, 1, 8, 79458, 97887
2026/07/08 11:36:39.241, 2, 10, 78580, 97887
2026/07/08 11:36:39.256, 3, 9, 74850, 97887
2026/07/08 11:36:39.273, 4, 0, 4, 97887
2026/07/08 11:36:39.290, 5, 0, 4, 97887
2026/07/08 11:36:39.305, 6, 0, 4, 97887
2026/07/08 11:36:39.320, 7, 0, 4, 97887
2026/07/08 11:36:40.334, 0, 10, 81238, 97887
2026/07/08 11:36:40.350, 1, 10, 79458, 97887
2026/07/08 11:36:40.363, 2, 100, 78580, 97887
2026/07/08 11:36:40.379, 3, 9, 74850, 97887
2026/07/08 11:36:40.393, 4, 0, 4, 97887
2026/07/08 11:36:40.406, 5, 0, 4, 97887
2026/07/08 11:36:40.419, 6, 0, 4, 97887
2026/07/08 11:36:40.434, 7, 0, 4, 97887
2026/07/08 11:36:41.449, 0, 100, 81238, 97887
2026/07/08 11:36:41.464, 1, 100, 79458, 97887
2026/07/08 11:36:41.476, 2, 100, 78580, 97887
2026/07/08 11:36:41.486, 3, 100, 74850, 97887
2026/07/08 11:36:41.497, 4, 0, 4, 97887
2026/07/08 11:36:41.509, 5, 0, 4, 97887
2026/07/08 11:36:41.521, 6, 0, 4, 97887
2026/07/08 11:36:41.534, 7, 0, 4, 97887
2026/07/08 11:36:42.547, 0, 100, 81238, 97887
2026/07/08 11:36:42.560, 1, 100, 79458, 97887
2026/07/08 11:36:42.571, 2, 100, 78580, 97887
2026/07/08 11:36:42.581, 3, 100, 74850, 97887
2026/07/08 11:36:42.591, 4, 0, 4, 97887
2026/07/08 11:36:42.603, 5, 0, 4, 97887
2026/07/08 11:36:42.615, 6, 0, 4, 97887
2026/07/08 11:36:42.627, 7, 0, 4, 97887
2026/07/08 11:36:43.638, 0, 100, 81238, 97887
2026/07/08 11:36:43.652, 1, 100, 79458, 97887
2026/07/08 11:36:43.666, 2, 100, 78580, 97887
2026/07/08 11:36:43.681, 3, 100, 74850, 97887
2026/07/08 11:36:43.695, 4, 0, 4, 97887
2026/07/08 11:36:43.710, 5, 0, 4, 97887
2026/07/08 11:36:43.725, 6, 0, 4, 97887
2026/07/08 11:36:43.739, 7, 0, 4, 97887
2026/07/08 11:36:44.756, 0, 100, 81238, 97887
2026/07/08 11:36:44.773, 1, 10, 79458, 97887
2026/07/08 11:36:44.790, 2, 11, 78580, 97887
2026/07/08 11:36:44.806, 3, 89, 74850, 97887
2026/07/08 11:36:44.819, 4, 0, 4, 97887
2026/07/08 11:36:44.829, 5, 0, 4, 97887
2026/07/08 11:36:44.845, 6, 0, 4, 97887
2026/07/08 11:36:44.862, 7, 0, 4, 97887
2026/07/08 11:36:45.877, 0, 10, 81238, 97887
2026/07/08 11:36:45.894, 1, 8, 79458, 97887
2026/07/08 11:36:45.909, 2, 10, 78580, 97887
2026/07/08 11:36:45.925, 3, 9, 74850, 97887
2026/07/08 11:36:45.938, 4, 0, 4, 97887
2026/07/08 11:36:45.955, 5, 0, 4, 97887
2026/07/08 11:36:45.970, 6, 0, 4, 97887
2026/07/08 11:36:45.987, 7, 0, 4, 97887
2026/07/08 11:36:47.004, 0, 100, 81238, 97887
2026/07/08 11:36:47.023, 1, 100, 79458, 97887
2026/07/08 11:36:47.037, 2, 100, 78580, 97887
2026/07/08 11:36:47.051, 3, 100, 74850, 97887
2026/07/08 11:36:47.067, 4, 0, 4, 97887
2026/07/08 11:36:47.082, 5, 0, 4, 97887
2026/07/08 11:36:47.097, 6, 0, 4, 97887
2026/07/08 11:36:47.113, 7, 0, 4, 97887
2026/07/08 11:36:48.128, 0, 100, 81238, 97887
2026/07/08 11:36:48.141, 1, 100, 79458, 97887
2026/07/08 11:36:48.153, 2, 100, 78580, 97887
2026/07/08 11:36:48.168, 3, 100, 74850, 97887
2026/07/08 11:36:48.184, 4, 0, 4, 97887
2026/07/08 11:36:48.198, 5, 0, 4, 97887
2026/07/08 11:36:48.212, 6, 0, 4, 97887
2026/07/08 11:36:48.227, 7, 0, 4, 97887
2026/07/08 11:36:49.242, 0, 100, 81238, 97887
2026/07/08 11:36:49.255, 1, 100, 79458, 97887
2026/07/08 11:36:49.267, 2, 100, 78580, 97887
2026/07/08 11:36:49.283, 3, 100, 74850, 97887
2026/07/08 11:36:49.301, 4, 0, 4, 97887
2026/07/08 11:36:49.314, 5, 0, 4, 97887
2026/07/08 11:36:49.329, 6, 0, 4, 97887
2026/07/08 11:36:49.344, 7, 0, 4, 97887
2026/07/08 11:36:50.358, 0, 100, 81238, 97887
2026/07/08 11:36:50.374, 1, 100, 79458, 97887
2026/07/08 11:36:50.387, 2, 100, 78580, 97887
2026/07/08 11:36:50.400, 3, 100, 74850, 97887
2026/07/08 11:36:50.412, 4, 0, 4, 97887
2026/07/08 11:36:50.428, 5, 0, 4, 97887
2026/07/08 11:36:50.444, 6, 0, 4, 97887
2026/07/08 11:36:50.459, 7, 0, 4, 97887
2026/07/08 11:36:51.475, 0, 10, 81238, 97887
2026/07/08 11:36:51.488, 1, 8, 79458, 97887
2026/07/08 11:36:51.500, 2, 11, 78580, 97887
2026/07/08 11:36:51.513, 3, 9, 74850, 97887
2026/07/08 11:36:51.527, 4, 0, 4, 97887
2026/07/08 11:36:51.538, 5, 0, 4, 97887
2026/07/08 11:36:51.550, 6, 0, 4, 97887
2026/07/08 11:36:51.563, 7, 0, 4, 97887
2026/07/08 11:36:52.577, 0, 97, 81238, 97887
2026/07/08 11:36:52.591, 1, 97, 79458, 97887
2026/07/08 11:36:52.605, 2, 100, 78580, 97887
2026/07/08 11:36:52.619, 3, 98, 74850, 97887
2026/07/08 11:36:52.634, 4, 0, 4, 97887
2026/07/08 11:36:52.647, 5, 0, 4, 97887
2026/07/08 11:36:52.660, 6, 0, 4, 97887
2026/07/08 11:36:52.676, 7, 0, 4, 97887
2026/07/08 11:36:53.691, 0, 100, 81238, 97887
2026/07/08 11:36:53.708, 1, 100, 79458, 97887
2026/07/08 11:36:53.722, 2, 100, 78580, 97887
2026/07/08 11:36:53.736, 3, 100, 74850, 97887
2026/07/08 11:36:53.749, 4, 0, 4, 97887
2026/07/08 11:36:53.762, 5, 0, 4, 97887
2026/07/08 11:36:53.776, 6, 0, 4, 97887
2026/07/08 11:36:53.791, 7, 0, 4, 97887
2026/07/08 11:36:54.806, 0, 100, 81238, 97887
2026/07/08 11:36:54.823, 1, 100, 79458, 97887
2026/07/08 11:36:54.838, 2, 100, 78580, 97887
2026/07/08 11:36:54.858, 3, 100, 74850, 97887
2026/07/08 11:36:54.877, 4, 0, 4, 97887
2026/07/08 11:36:54.892, 5, 0, 4, 97887
2026/07/08 11:36:54.911, 6, 0, 4, 97887
2026/07/08 11:36:54.929, 7, 0, 4, 97887
2026/07/08 11:36:55.944, 0, 100, 81238, 97887
2026/07/08 11:36:55.960, 1, 100, 79458, 97887
2026/07/08 11:36:55.974, 2, 100, 78580, 97887
2026/07/08 11:36:55.989, 3, 100, 74850, 97887
2026/07/08 11:36:56.002, 4, 0, 4, 97887
2026/07/08 11:36:56.018, 5, 0, 4, 97887
2026/07/08 11:36:56.033, 6, 0, 4, 97887
2026/07/08 11:36:56.048, 7, 0, 4, 97887
2026/07/08 11:36:57.065, 0, 10, 81238, 97887
2026/07/08 11:36:57.082, 1, 9, 79458, 97887
2026/07/08 11:36:57.095, 2, 10, 78580, 97887
2026/07/08 11:36:57.107, 3, 9, 74850, 97887
2026/07/08 11:36:57.123, 4, 0, 4, 97887
2026/07/08 11:36:57.138, 5, 0, 4, 97887
2026/07/08 11:36:57.151, 6, 0, 4, 97887
2026/07/08 11:36:57.165, 7, 0, 4, 97887
2026/07/08 11:36:58.181, 0, 100, 81238, 97887
2026/07/08 11:36:58.198, 1, 10, 79458, 97887
2026/07/08 11:36:58.215, 2, 100, 78580, 97887
2026/07/08 11:36:58.231, 3, 11, 74850, 97887
2026/07/08 11:36:58.246, 4, 0, 4, 97887
2026/07/08 11:36:58.262, 5, 0, 4, 97887
2026/07/08 11:36:58.278, 6, 0, 4, 97887
2026/07/08 11:36:58.295, 7, 0, 4, 97887
2026/07/08 11:36:59.311, 0, 100, 81238, 97887
2026/07/08 11:36:59.327, 1, 100, 79458, 97887
2026/07/08 11:36:59.341, 2, 100, 78580, 97887
2026/07/08 11:36:59.354, 3, 100, 74850, 97887
2026/07/08 11:36:59.370, 4, 0, 4, 97887
2026/07/08 11:36:59.386, 5, 0, 4, 97887
2026/07/08 11:36:59.401, 6, 0, 4, 97887
2026/07/08 11:36:59.416, 7, 0, 4, 97887
2026/07/08 11:37:00.431, 0, 100, 81238, 97887
2026/07/08 11:37:00.448, 1, 100, 79458, 97887
2026/07/08 11:37:00.458, 2, 100, 78580, 97887
2026/07/08 11:37:00.473, 3, 100, 74850, 97887
2026/07/08 11:37:00.488, 4, 0, 4, 97887
2026/07/08 11:37:00.503, 5, 0, 4, 97887
2026/07/08 11:37:00.519, 6, 0, 4, 97887
2026/07/08 11:37:00.533, 7, 0, 4, 97887
2026/07/08 11:37:01.548, 0, 100, 81238, 97887
2026/07/08 11:37:01.565, 1, 100, 79458, 97887
2026/07/08 11:37:01.579, 2, 100, 78580, 97887
2026/07/08 11:37:01.595, 3, 100, 74850, 97887
2026/07/08 11:37:01.610, 4, 0, 4, 97887
2026/07/08 11:37:01.623, 5, 0, 4, 97887
2026/07/08 11:37:01.638, 6, 0, 4, 97887
2026/07/08 11:37:01.653, 7, 0, 4, 97887
2026/07/08 11:37:02.670, 0, 11, 81238, 97887
2026/07/08 11:37:02.687, 1, 28, 79458, 97887
2026/07/08 11:37:02.703, 2, 10, 78580, 97887
2026/07/08 11:37:02.719, 3, 9, 74850, 97887
2026/07/08 11:37:02.734, 4, 0, 4, 97887
2026/07/08 11:37:02.748, 5, 0, 4, 97887
2026/07/08 11:37:02.764, 6, 0, 4, 97887
2026/07/08 11:37:02.779, 7, 0, 4, 97887
2026/07/08 11:37:03.793, 0, 10, 81238, 97887
2026/07/08 11:37:03.809, 1, 9, 79458, 97887
2026/07/08 11:37:03.825, 2, 11, 78580, 97887
2026/07/08 11:37:03.842, 3, 9, 74850, 97887
2026/07/08 11:37:03.857, 4, 0, 4, 97887
2026/07/08 11:37:03.873, 5, 0, 4, 97887
2026/07/08 11:37:03.889, 6, 0, 4, 97887
2026/07/08 11:37:03.904, 7, 0, 4, 97887
2026/07/08 11:37:04.919, 0, 100, 81238, 97887
2026/07/08 11:37:04.932, 1, 100, 79458, 97887
2026/07/08 11:37:04.945, 2, 100, 78580, 97887
2026/07/08 11:37:04.957, 3, 100, 74850, 97887
2026/07/08 11:37:04.969, 4, 0, 4, 97887
2026/07/08 11:37:04.983, 5, 0, 4, 97887
2026/07/08 11:37:04.998, 6, 0, 4, 97887
2026/07/08 11:37:05.013, 7, 0, 4, 97887
2026/07/08 11:37:06.029, 0, 100, 81238, 97887
2026/07/08 11:37:06.044, 1, 100, 79458, 97887
2026/07/08 11:37:06.057, 2, 100, 78580, 97887
2026/07/08 11:37:06.071, 3, 100, 74850, 97887
2026/07/08 11:37:06.085, 4, 0, 4, 97887
2026/07/08 11:37:06.096, 5, 0, 4, 97887
2026/07/08 11:37:06.110, 6, 0, 4, 97887
2026/07/08 11:37:06.126, 7, 0, 4, 97887
2026/07/08 11:37:07.141, 0, 100, 81238, 97887
2026/07/08 11:37:07.156, 1, 100, 79458, 97887
2026/07/08 11:37:07.172, 2, 100, 78580, 97887
2026/07/08 11:37:07.186, 3, 100, 74850, 97887
2026/07/08 11:37:07.197, 4, 0, 4, 97887
2026/07/08 11:37:07.212, 5, 0, 4, 97887
2026/07/08 11:37:07.226, 6, 0, 4, 97887
2026/07/08 11:37:07.242, 7, 0, 4, 97887
2026/07/08 11:37:08.258, 0, 100, 81238, 97887
2026/07/08 11:37:08.273, 1, 100, 79458, 97887
2026/07/08 11:37:08.288, 2, 100, 78580, 97887
2026/07/08 11:37:08.300, 3, 100, 74850, 97887
2026/07/08 11:37:08.313, 4, 0, 4, 97887
2026/07/08 11:37:08.326, 5, 0, 4, 97887
2026/07/08 11:37:08.342, 6, 0, 4, 97887
2026/07/08 11:37:08.355, 7, 0, 4, 97887
2026/07/08 11:37:09.369, 0, 10, 81238, 97887
2026/07/08 11:37:09.385, 1, 8, 79458, 97887
2026/07/08 11:37:09.400, 2, 11, 78580, 97887
2026/07/08 11:37:09.415, 3, 9, 74850, 97887
2026/07/08 11:37:09.430, 4, 0, 4, 97887
2026/07/08 11:37:09.445, 5, 0, 4, 97887
2026/07/08 11:37:09.459, 6, 0, 4, 97887
2026/07/08 11:37:09.475, 7, 0, 4, 97887
2026/07/08 11:37:10.494, 0, 97, 81238, 97887
2026/07/08 11:37:10.510, 1, 96, 79458, 97887
2026/07/08 11:37:10.525, 2, 98, 78580, 97887
2026/07/08 11:37:10.536, 3, 100, 74850, 97887
2026/07/08 11:37:10.545, 4, 0, 4, 97887
2026/07/08 11:37:10.556, 5, 0, 4, 97887
2026/07/08 11:37:10.571, 6, 0, 4, 97887
2026/07/08 11:37:10.586, 7, 0, 4, 97887
2026/07/08 11:37:11.600, 0, 100, 81238, 97887
2026/07/08 11:37:11.616, 1, 100, 79458, 97887
2026/07/08 11:37:11.631, 2, 100, 78580, 97887
2026/07/08 11:37:11.647, 3, 100, 74850, 97887
2026/07/08 11:37:11.662, 4, 0, 4, 97887
2026/07/08 11:37:11.677, 5, 0, 4, 97887
2026/07/08 11:37:11.693, 6, 0, 4, 97887
2026/07/08 11:37:11.709, 7, 0, 4, 97887
2026/07/08 11:37:12.725, 0, 100, 81238, 97887
2026/07/08 11:37:12.741, 1, 100, 79458, 97887
2026/07/08 11:37:12.756, 2, 100, 78580, 97887
2026/07/08 11:37:12.772, 3, 100, 74850, 97887
2026/07/08 11:37:12.786, 4, 0, 4, 97887
2026/07/08 11:37:12.801, 5, 0, 4, 97887
2026/07/08 11:37:12.816, 6, 0, 4, 97887
2026/07/08 11:37:12.830, 7, 0, 4, 97887
2026/07/08 11:37:13.848, 0, 100, 81238, 97887
2026/07/08 11:37:13.862, 1, 100, 79458, 97887
2026/07/08 11:37:13.875, 2, 100, 78580, 97887
2026/07/08 11:37:13.888, 3, 100, 74850, 97887
2026/07/08 11:37:13.901, 4, 0, 4, 97887
2026/07/08 11:37:13.914, 5, 0, 4, 97887
2026/07/08 11:37:13.927, 6, 0, 4, 97887
2026/07/08 11:37:13.942, 7, 0, 4, 97887
2026/07/08 11:37:14.956, 0, 10, 81238, 97887
2026/07/08 11:37:14.970, 1, 8, 79458, 97887
2026/07/08 11:37:14.983, 2, 10, 78580, 97887
2026/07/08 11:37:14.995, 3, 8, 74850, 97887
2026/07/08 11:37:15.007, 4, 0, 4, 97887
2026/07/08 11:37:15.018, 5, 0, 4, 97887
2026/07/08 11:37:15.031, 6, 0, 4, 97887
2026/07/08 11:37:15.044, 7, 0, 4, 97887
2026/07/08 11:37:16.056, 0, 63, 81238, 97887
2026/07/08 11:37:16.073, 1, 9, 79458, 97887
2026/07/08 11:37:16.089, 2, 99, 78580, 97887
2026/07/08 11:37:16.103, 3, 11, 74850, 97887
2026/07/08 11:37:16.115, 4, 0, 4, 97887
2026/07/08 11:37:16.128, 5, 0, 4, 97887
2026/07/08 11:37:16.143, 6, 0, 4, 97887
2026/07/08 11:37:16.156, 7, 0, 4, 97887
2026/07/08 11:37:17.168, 0, 100, 81238, 97887
2026/07/08 11:37:17.184, 1, 100, 79458, 97887
2026/07/08 11:37:17.199, 2, 100, 78580, 97887
2026/07/08 11:37:17.212, 3, 100, 74850, 97887
2026/07/08 11:37:17.226, 4, 0, 4, 97887
2026/07/08 11:37:17.241, 5, 0, 4, 97887
2026/07/08 11:37:17.256, 6, 0, 4, 97887
2026/07/08 11:37:17.271, 7, 0, 4, 97887
2026/07/08 11:37:18.286, 0, 100, 81238, 97887
2026/07/08 11:37:18.302, 1, 100, 79458, 97887
2026/07/08 11:37:18.317, 2, 100, 78580, 97887
2026/07/08 11:37:18.332, 3, 100, 74850, 97887
2026/07/08 11:37:18.347, 4, 0, 4, 97887
2026/07/08 11:37:18.362, 5, 0, 4, 97887
2026/07/08 11:37:18.377, 6, 0, 4, 97887
2026/07/08 11:37:18.392, 7, 0, 4, 97887
2026/07/08 11:37:19.409, 0, 100, 81238, 97887
2026/07/08 11:37:19.425, 1, 100, 79458, 97887
2026/07/08 11:37:19.440, 2, 100, 78580, 97887
2026/07/08 11:37:19.454, 3, 100, 74850, 97887
2026/07/08 11:37:19.467, 4, 0, 4, 97887
2026/07/08 11:37:19.482, 5, 0, 4, 97887
2026/07/08 11:37:19.496, 6, 0, 4, 97887
2026/07/08 11:37:19.510, 7, 0, 4, 97887
2026/07/08 11:37:20.527, 0, 51, 81238, 97887
2026/07/08 11:37:20.543, 1, 81, 79458, 97887
2026/07/08 11:37:20.560, 2, 31, 78580, 97887
2026/07/08 11:37:20.576, 3, 9, 74850, 97887
2026/07/08 11:37:20.590, 4, 0, 4, 97887
2026/07/08 11:37:20.604, 5, 0, 4, 97887
2026/07/08 11:37:20.620, 6, 0, 4, 97887
2026/07/08 11:37:20.635, 7, 0, 4, 97887
2026/07/08 11:37:21.649, 0, 10, 81238, 97887
2026/07/08 11:37:21.667, 1, 9, 79458, 97887
2026/07/08 11:37:21.684, 2, 11, 78580, 97887
2026/07/08 11:37:21.701, 3, 9, 74850, 97887
2026/07/08 11:37:21.717, 4, 0, 4, 97887
2026/07/08 11:37:21.733, 5, 0, 4, 97887
2026/07/08 11:37:21.750, 6, 0, 4, 97887
2026/07/08 11:37:21.767, 7, 0, 4, 97887
2026/07/08 11:37:22.800, 0, 100, 81238, 97887
2026/07/08 11:37:22.816, 1, 100, 79458, 97887
2026/07/08 11:37:22.831, 2, 100, 78580, 97887
2026/07/08 11:37:22.847, 3, 100, 74850, 97887
2026/07/08 11:37:22.862, 4, 0, 4, 97887
2026/07/08 11:37:22.878, 5, 0, 4, 97887
2026/07/08 11:37:22.895, 6, 0, 4, 97887
2026/07/08 11:37:22.910, 7, 0, 4, 97887
2026/07/08 11:37:23.926, 0, 100, 81238, 97887
2026/07/08 11:37:23.943, 1, 100, 79458, 97887
2026/07/08 11:37:23.961, 2, 100, 78580, 97887
2026/07/08 11:37:23.976, 3, 100, 74850, 97887
2026/07/08 11:37:23.992, 4, 0, 4, 97887
2026/07/08 11:37:24.008, 5, 0, 4, 97887
2026/07/08 11:37:24.023, 6, 0, 4, 97887
2026/07/08 11:37:24.039, 7, 0, 4, 97887
2026/07/08 11:37:25.055, 0, 100, 81238, 97887
2026/07/08 11:37:25.071, 1, 100, 79458, 97887
2026/07/08 11:37:25.087, 2, 100, 78580, 97887
2026/07/08 11:37:25.103, 3, 100, 74850, 97887
2026/07/08 11:37:25.118, 4, 0, 4, 97887
2026/07/08 11:37:25.132, 5, 0, 4, 97887
2026/07/08 11:37:25.145, 6, 0, 4, 97887
2026/07/08 11:37:25.159, 7, 0, 4, 97887
2026/07/08 11:37:26.170, 0, 100, 81238, 97887
2026/07/08 11:37:26.185, 1, 100, 79458, 97887
2026/07/08 11:37:26.197, 2, 100, 78580, 97887
2026/07/08 11:37:26.209, 3, 100, 74850, 97887
2026/07/08 11:37:26.221, 4, 0, 4, 97887
2026/07/08 11:37:26.237, 5, 0, 4, 97887
2026/07/08 11:37:26.252, 6, 0, 4, 97887
2026/07/08 11:37:26.267, 7, 0, 4, 97887
2026/07/08 11:37:27.284, 0, 10, 81238, 97887
2026/07/08 11:37:27.303, 1, 8, 79458, 97887
2026/07/08 11:37:27.324, 2, 10, 78580, 97887
2026/07/08 11:37:27.340, 3, 9, 74850, 97887
2026/07/08 11:37:27.358, 4, 0, 4, 97887
2026/07/08 11:37:27.374, 5, 0, 4, 97887
2026/07/08 11:37:27.389, 6, 0, 4, 97887
2026/07/08 11:37:27.410, 7, 0, 4, 97887
2026/07/08 11:37:28.427, 0, 100, 81238, 97887
2026/07/08 11:37:28.442, 1, 100, 79458, 97887
2026/07/08 11:37:28.457, 2, 100, 78580, 97887
2026/07/08 11:37:28.472, 3, 100, 74850, 97887
2026/07/08 11:37:28.488, 4, 0, 4, 97887
2026/07/08 11:37:28.502, 5, 0, 4, 97887
2026/07/08 11:37:28.518, 6, 0, 4, 97887
2026/07/08 11:37:28.535, 7, 0, 4, 97887
2026/07/08 11:37:29.550, 0, 100, 81238, 97887
2026/07/08 11:37:29.567, 1, 100, 79458, 97887
2026/07/08 11:37:29.582, 2, 100, 78580, 97887
2026/07/08 11:37:29.596, 3, 100, 74850, 97887
2026/07/08 11:37:29.612, 4, 0, 4, 97887
2026/07/08 11:37:29.627, 5, 0, 4, 97887
2026/07/08 11:37:29.643, 6, 0, 4, 97887
2026/07/08 11:37:29.657, 7, 0, 4, 97887
2026/07/08 11:37:30.670, 0, 100, 81238, 97887
2026/07/08 11:37:30.686, 1, 100, 79458, 97887
2026/07/08 11:37:30.701, 2, 100, 78580, 97887
2026/07/08 11:37:30.719, 3, 100, 74850, 97887
2026/07/08 11:37:30.736, 4, 0, 4, 97887
2026/07/08 11:37:30.753, 5, 0, 4, 97887
2026/07/08 11:37:30.768, 6, 0, 4, 97887
2026/07/08 11:37:30.782, 7, 0, 4, 97887
2026/07/08 11:37:31.799, 0, 100, 81238, 97887
2026/07/08 11:37:31.815, 1, 100, 79458, 97887
2026/07/08 11:37:31.831, 2, 100, 78580, 97887
2026/07/08 11:37:31.847, 3, 100, 74850, 97887
2026/07/08 11:37:31.863, 4, 0, 4, 97887
2026/07/08 11:37:31.878, 5, 0, 4, 97887
2026/07/08 11:37:31.893, 6, 0, 4, 97887
2026/07/08 11:37:31.908, 7, 0, 4, 97887
2026/07/08 11:37:32.925, 0, 10, 81238, 97887
2026/07/08 11:37:32.952, 1, 8, 79458, 97887
2026/07/08 11:37:32.975, 2, 11, 78580, 97887
2026/07/08 11:37:32.995, 3, 9, 74850, 97887
2026/07/08 11:37:33.011, 4, 0, 4, 97887
2026/07/08 11:37:33.031, 5, 0, 4, 97887
2026/07/08 11:37:33.055, 6, 0, 4, 97887
2026/07/08 11:37:33.069, 7, 0, 4, 97887
2026/07/08 11:37:34.090, 0, 99, 81238, 97887
2026/07/08 11:37:34.107, 1, 26, 79458, 97887
2026/07/08 11:37:34.120, 2, 100, 78580, 97887
2026/07/08 11:37:34.132, 3, 97, 74850, 97887
2026/07/08 11:37:34.142, 4, 0, 4, 97887
2026/07/08 11:37:34.152, 5, 0, 4, 97887
2026/07/08 11:37:34.161, 6, 0, 4, 97887
2026/07/08 11:37:34.175, 7, 0, 4, 97887
2026/07/08 11:37:35.190, 0, 100, 81238, 97887
2026/07/08 11:37:35.204, 1, 100, 79458, 97887
2026/07/08 11:37:35.218, 2, 100, 78580, 97887
2026/07/08 11:37:35.231, 3, 100, 74850, 97887
2026/07/08 11:37:35.244, 4, 0, 4, 97887
2026/07/08 11:37:35.257, 5, 0, 4, 97887
2026/07/08 11:37:35.271, 6, 0, 4, 97887
2026/07/08 11:37:35.287, 7, 0, 4, 97887
2026/07/08 11:37:36.301, 0, 100, 81238, 97887
2026/07/08 11:37:36.318, 1, 100, 79458, 97887
2026/07/08 11:37:36.334, 2, 100, 78580, 97887
2026/07/08 11:37:36.350, 3, 100, 74850, 97887
2026/07/08 11:37:36.365, 4, 0, 4, 97887
2026/07/08 11:37:36.381, 5, 0, 4, 97887
2026/07/08 11:37:36.396, 6, 0, 4, 97887
2026/07/08 11:37:36.412, 7, 0, 4, 97887
2026/07/08 11:37:37.429, 0, 100, 81238, 97887
2026/07/08 11:37:37.442, 1, 100, 79458, 97887
2026/07/08 11:37:37.456, 2, 100, 78580, 97887
2026/07/08 11:37:37.469, 3, 100, 74850, 97887
2026/07/08 11:37:37.481, 4, 0, 4, 97887
2026/07/08 11:37:37.497, 5, 0, 4, 97887
2026/07/08 11:37:37.510, 6, 0, 4, 97887
2026/07/08 11:37:37.522, 7, 0, 4, 97887
2026/07/08 11:37:38.535, 0, 10, 81238, 97887
2026/07/08 11:37:38.555, 1, 8, 79458, 97887
2026/07/08 11:37:38.573, 2, 11, 78580, 97887
2026/07/08 11:37:38.591, 3, 9, 74850, 97887
2026/07/08 11:37:38.618, 4, 0, 4, 97887
2026/07/08 11:37:38.642, 5, 0, 4, 97887
2026/07/08 11:37:38.658, 6, 0, 4, 97887
2026/07/08 11:37:38.683, 7, 0, 4, 97887
2026/07/08 11:37:39.699, 0, 11, 81238, 97887
2026/07/08 11:37:39.712, 1, 8, 79458, 97887
2026/07/08 11:37:39.724, 2, 10, 78580, 97887
2026/07/08 11:37:39.736, 3, 11, 74850, 97887
2026/07/08 11:37:39.750, 4, 0, 4, 97887
2026/07/08 11:37:39.764, 5, 0, 4, 97887
2026/07/08 11:37:39.777, 6, 0, 4, 97887
2026/07/08 11:37:39.791, 7, 0, 4, 97887
2026/07/08 11:37:40.805, 0, 100, 81238, 97887
2026/07/08 11:37:40.819, 1, 100, 79458, 97887
2026/07/08 11:37:40.833, 2, 100, 78580, 97887
2026/07/08 11:37:40.847, 3, 100, 74850, 97887
2026/07/08 11:37:40.860, 4, 0, 4, 97887
2026/07/08 11:37:40.873, 5, 0, 4, 97887
2026/07/08 11:37:40.887, 6, 0, 4, 97887
2026/07/08 11:37:40.901, 7, 0, 4, 97887
2026/07/08 11:37:41.915, 0, 100, 81238, 97887
2026/07/08 11:37:41.931, 1, 100, 79458, 97887
2026/07/08 11:37:41.946, 2, 100, 78580, 97887
2026/07/08 11:37:41.961, 3, 100, 74850, 97887
2026/07/08 11:37:41.978, 4, 0, 4, 97887
2026/07/08 11:37:41.992, 5, 0, 4, 97887
2026/07/08 11:37:42.006, 6, 0, 4, 97887
2026/07/08 11:37:42.017, 7, 0, 4, 97887
2026/07/08 11:37:43.027, 0, 100, 81238, 97887
2026/07/08 11:37:43.039, 1, 100, 79458, 97887
2026/07/08 11:37:43.053, 2, 100, 78580, 97887
2026/07/08 11:37:43.066, 3, 100, 74850, 97887
2026/07/08 11:37:43.079, 4, 0, 4, 97887
2026/07/08 11:37:43.088, 5, 0, 4, 97887
2026/07/08 11:37:43.102, 6, 0, 4, 97887
2026/07/08 11:37:43.116, 7, 0, 4, 97887
2026/07/08 11:37:44.129, 0, 92, 81238, 97887
2026/07/08 11:37:44.147, 1, 100, 79458, 97887
2026/07/08 11:37:44.156, 2, 100, 78580, 97887
2026/07/08 11:37:44.168, 3, 20, 74850, 97887
2026/07/08 11:37:44.185, 4, 0, 4, 97887
2026/07/08 11:37:44.203, 5, 0, 4, 97887
2026/07/08 11:37:44.218, 6, 0, 4, 97887
2026/07/08 11:37:44.259, 7, 0, 4, 97887
2026/07/08 11:37:45.277, 0, 10, 81238, 97887
2026/07/08 11:37:45.294, 1, 8, 79458, 97887
2026/07/08 11:37:45.310, 2, 11, 78580, 97887
2026/07/08 11:37:45.323, 3, 9, 74850, 97887
2026/07/08 11:37:45.335, 4, 0, 4, 97887
2026/07/08 11:37:45.347, 5, 0, 4, 97887
2026/07/08 11:37:45.362, 6, 0, 4, 97887
2026/07/08 11:37:45.377, 7, 0, 4, 97887
2026/07/08 11:37:46.391, 0, 100, 81238, 97887
2026/07/08 11:37:46.408, 1, 100, 79458, 97887
2026/07/08 11:37:46.422, 2, 100, 78580, 97887
2026/07/08 11:37:46.435, 3, 100, 74850, 97887
2026/07/08 11:37:46.449, 4, 0, 4, 97887
2026/07/08 11:37:46.465, 5, 0, 4, 97887
2026/07/08 11:37:46.480, 6, 0, 4, 97887
2026/07/08 11:37:46.496, 7, 0, 4, 97887
2026/07/08 11:37:47.511, 0, 100, 81238, 97887
2026/07/08 11:37:47.528, 1, 100, 79458, 97887
2026/07/08 11:37:47.542, 2, 100, 78580, 97887
2026/07/08 11:37:47.560, 3, 100, 74850, 97887
2026/07/08 11:37:47.577, 4, 0, 4, 97887
2026/07/08 11:37:47.592, 5, 0, 4, 97887
2026/07/08 11:37:47.607, 6, 0, 4, 97887
2026/07/08 11:37:47.618, 7, 0, 4, 97887
2026/07/08 11:37:48.632, 0, 100, 81238, 97887
2026/07/08 11:37:48.646, 1, 100, 79458, 97887
2026/07/08 11:37:48.657, 2, 100, 78580, 97887
2026/07/08 11:37:48.670, 3, 100, 74850, 97887
2026/07/08 11:37:48.686, 4, 0, 4, 97887
2026/07/08 11:37:48.699, 5, 0, 4, 97887
2026/07/08 11:37:48.713, 6, 0, 4, 97887
2026/07/08 11:37:48.726, 7, 0, 4, 97887
2026/07/08 11:37:49.738, 0, 100, 81238, 97887
2026/07/08 11:37:49.759, 1, 100, 79458, 97887
2026/07/08 11:37:49.777, 2, 100, 78580, 97887
2026/07/08 11:37:49.794, 3, 100, 74850, 97887
2026/07/08 11:37:49.810, 4, 0, 4, 97887
2026/07/08 11:37:49.825, 5, 0, 4, 97887
2026/07/08 11:37:49.840, 6, 0, 4, 97887
2026/07/08 11:37:49.854, 7, 0, 4, 97887
2026/07/08 11:37:50.868, 0, 10, 81238, 97887
2026/07/08 11:37:50.882, 1, 9, 79458, 97887
2026/07/08 11:37:50.896, 2, 10, 78580, 97887
2026/07/08 11:37:50.912, 3, 9, 74850, 97887
2026/07/08 11:37:50.926, 4, 0, 4, 97887
2026/07/08 11:37:50.942, 5, 0, 4, 97887
2026/07/08 11:37:50.957, 6, 0, 4, 97887
2026/07/08 11:37:50.974, 7, 0, 4, 97887
2026/07/08 11:37:51.989, 0, 99, 81238, 97887
2026/07/08 11:37:52.003, 1, 100, 79458, 97887
2026/07/08 11:37:52.016, 2, 98, 78580, 97887
2026/07/08 11:37:52.031, 3, 96, 74850, 97887
2026/07/08 11:37:52.046, 4, 0, 4, 97887
2026/07/08 11:37:52.059, 5, 0, 4, 97887
2026/07/08 11:37:52.074, 6, 0, 4, 97887
2026/07/08 11:37:52.089, 7, 0, 4, 97887
2026/07/08 11:37:53.104, 0, 100, 81238, 97887
2026/07/08 11:37:53.120, 1, 100, 79458, 97887
2026/07/08 11:37:53.133, 2, 100, 78580, 97887
2026/07/08 11:37:53.147, 3, 100, 74850, 97887
2026/07/08 11:37:53.162, 4, 0, 4, 97887
2026/07/08 11:37:53.174, 5, 0, 4, 97887
2026/07/08 11:37:53.184, 6, 0, 4, 97887
2026/07/08 11:37:53.195, 7, 0, 4, 97887
2026/07/08 11:37:54.204, 0, 100, 81238, 97887
2026/07/08 11:37:54.219, 1, 100, 79458, 97887
2026/07/08 11:37:54.237, 2, 100, 78580, 97887
2026/07/08 11:37:54.253, 3, 100, 74850, 97887
2026/07/08 11:37:54.270, 4, 0, 4, 97887
2026/07/08 11:37:54.285, 5, 0, 4, 97887
2026/07/08 11:37:54.303, 6, 0, 4, 97887
2026/07/08 11:37:54.321, 7, 0, 4, 97887
2026/07/08 11:37:55.338, 0, 100, 81238, 97887
2026/07/08 11:37:55.356, 1, 100, 79458, 97887
2026/07/08 11:37:55.373, 2, 100, 78580, 97887
2026/07/08 11:37:55.389, 3, 100, 74850, 97887
2026/07/08 11:37:55.403, 4, 0, 4, 97887
2026/07/08 11:37:55.420, 5, 0, 4, 97887
2026/07/08 11:37:55.436, 6, 0, 4, 97887
2026/07/08 11:37:55.454, 7, 0, 4, 97887
2026/07/08 11:37:56.471, 0, 10, 81238, 97887
2026/07/08 11:37:56.488, 1, 9, 79458, 97887
2026/07/08 11:37:56.503, 2, 11, 78580, 97887
2026/07/08 11:37:56.520, 3, 9, 74850, 97887
2026/07/08 11:37:56.537, 4, 0, 4, 97887
2026/07/08 11:37:56.555, 5, 0, 4, 97887
2026/07/08 11:37:56.572, 6, 0, 4, 97887
2026/07/08 11:37:56.590, 7, 0, 4, 97887
2026/07/08 11:37:57.609, 0, 10, 81238, 97887
2026/07/08 11:37:57.626, 1, 11, 79458, 97887
2026/07/08 11:37:57.643, 2, 93, 78580, 97887
2026/07/08 11:37:57.660, 3, 10, 74850, 97887
2026/07/08 11:37:57.676, 4, 0, 4, 97887
2026/07/08 11:37:57.689, 5, 0, 4, 97887
2026/07/08 11:37:57.704, 6, 0, 4, 97887
2026/07/08 11:37:57.718, 7, 0, 4, 97887
2026/07/08 11:37:58.735, 0, 100, 81238, 97887
2026/07/08 11:37:58.751, 1, 100, 79458, 97887
2026/07/08 11:37:58.766, 2, 100, 78580, 97887
2026/07/08 11:37:58.783, 3, 100, 74850, 97887
2026/07/08 11:37:58.794, 4, 0, 4, 97887
2026/07/08 11:37:58.807, 5, 0, 4, 97887
2026/07/08 11:37:58.821, 6, 0, 4, 97887
2026/07/08 11:37:58.836, 7, 0, 4, 97887
2026/07/08 11:37:59.849, 0, 100, 81238, 97887
2026/07/08 11:37:59.866, 1, 100, 79458, 97887
2026/07/08 11:37:59.882, 2, 100, 78580, 97887
2026/07/08 11:37:59.897, 3, 100, 74850, 97887
2026/07/08 11:37:59.914, 4, 0, 4, 97887
2026/07/08 11:37:59.931, 5, 0, 4, 97887
2026/07/08 11:37:59.944, 6, 0, 4, 97887
2026/07/08 11:37:59.959, 7, 0, 4, 97887
2026/07/08 11:38:00.973, 0, 100, 81238, 97887
2026/07/08 11:38:00.988, 1, 100, 79458, 97887
2026/07/08 11:38:01.003, 2, 100, 78580, 97887
2026/07/08 11:38:01.018, 3, 100, 74850, 97887
2026/07/08 11:38:01.033, 4, 0, 4, 97887
2026/07/08 11:38:01.050, 5, 0, 4, 97887
2026/07/08 11:38:01.065, 6, 0, 4, 97887
2026/07/08 11:38:01.083, 7, 0, 4, 97887
2026/07/08 11:38:02.099, 0, 10, 81238, 97887
2026/07/08 11:38:02.119, 1, 9, 79458, 97887
2026/07/08 11:38:02.137, 2, 28, 78580, 97887
2026/07/08 11:38:02.156, 3, 9, 74850, 97887
2026/07/08 11:38:02.173, 4, 0, 4, 97887
2026/07/08 11:38:02.190, 5, 0, 4, 97887
2026/07/08 11:38:02.207, 6, 0, 4, 97887
2026/07/08 11:38:02.223, 7, 0, 4, 97887
2026/07/08 11:38:03.241, 0, 10, 81238, 97887
2026/07/08 11:38:03.263, 1, 8, 79458, 97887
2026/07/08 11:38:03.283, 2, 10, 78580, 97887
2026/07/08 11:38:03.303, 3, 9, 74850, 97887
2026/07/08 11:38:03.324, 4, 0, 4, 97887
2026/07/08 11:38:03.340, 5, 0, 4, 97887
2026/07/08 11:38:03.359, 6, 0, 4, 97887
2026/07/08 11:38:03.377, 7, 0, 4, 97887
2026/07/08 11:38:04.397, 0, 100, 81240, 97887
2026/07/08 11:38:04.418, 1, 100, 79458, 97887
2026/07/08 11:38:04.437, 2, 100, 78580, 97887
2026/07/08 11:38:04.456, 3, 100, 74850, 97887
2026/07/08 11:38:04.475, 4, 0, 4, 97887
2026/07/08 11:38:04.493, 5, 0, 4, 97887
2026/07/08 11:38:04.512, 6, 0, 4, 97887
2026/07/08 11:38:04.531, 7, 0, 4, 97887
2026/07/08 11:38:05.548, 0, 100, 81240, 97887
2026/07/08 11:38:05.563, 1, 100, 79458, 97887
2026/07/08 11:38:05.581, 2, 100, 78582, 97887
2026/07/08 11:38:05.599, 3, 100, 74850, 97887
2026/07/08 11:38:05.613, 4, 0, 4, 97887
2026/07/08 11:38:05.626, 5, 0, 4, 97887
2026/07/08 11:38:05.640, 6, 0, 4, 97887
2026/07/08 11:38:05.655, 7, 0, 4, 97887
2026/07/08 11:38:06.669, 0, 100, 81240, 97887
2026/07/08 11:38:06.686, 1, 100, 79458, 97887
2026/07/08 11:38:06.701, 2, 100, 78582, 97887
2026/07/08 11:38:06.716, 3, 100, 74852, 97887
2026/07/08 11:38:06.731, 4, 0, 4, 97887
2026/07/08 11:38:06.745, 5, 0, 4, 97887
2026/07/08 11:38:06.761, 6, 0, 4, 97887
2026/07/08 11:38:06.778, 7, 0, 4, 97887
2026/07/08 11:38:07.793, 0, 100, 81240, 97887
2026/07/08 11:38:07.807, 1, 100, 79460, 97887
2026/07/08 11:38:07.822, 2, 100, 78582, 97887
2026/07/08 11:38:07.835, 3, 100, 74852, 97887
2026/07/08 11:38:07.850, 4, 0, 4, 97887
2026/07/08 11:38:07.863, 5, 0, 4, 97887
2026/07/08 11:38:07.878, 6, 0, 4, 97887
2026/07/08 11:38:07.893, 7, 0, 4, 97887
2026/07/08 11:38:08.907, 0, 10, 81240, 97887
2026/07/08 11:38:08.923, 1, 8, 79460, 97887
2026/07/08 11:38:08.936, 2, 11, 78582, 97887
2026/07/08 11:38:08.951, 3, 9, 74852, 97887
2026/07/08 11:38:08.967, 4, 0, 4, 97887
2026/07/08 11:38:08.982, 5, 0, 4, 97887
2026/07/08 11:38:08.997, 6, 0, 4, 97887
2026/07/08 11:38:09.013, 7, 0, 4, 97887
2026/07/08 11:38:10.028, 0, 92, 81240, 97887
2026/07/08 11:38:10.042, 1, 100, 79460, 97887
2026/07/08 11:38:10.055, 2, 100, 78582, 97887
2026/07/08 11:38:10.070, 3, 100, 74852, 97887
2026/07/08 11:38:10.082, 4, 0, 4, 97887
2026/07/08 11:38:10.094, 5, 0, 4, 97887
2026/07/08 11:38:10.109, 6, 0, 4, 97887
2026/07/08 11:38:10.124, 7, 0, 4, 97887
2026/07/08 11:38:11.139, 0, 0, 81240, 97887
2026/07/08 11:38:11.185, 1, 0, 79460, 97887
2026/07/08 11:38:11.212, 2, 0, 78582, 97887
2026/07/08 11:38:11.240, 3, 0, 74852, 97887
2026/07/08 11:38:11.263, 4, 0, 3, 97887
2026/07/08 11:38:11.286, 5, 0, 3, 97887
2026/07/08 11:38:11.307, 6, 0, 3, 97887
2026/07/08 11:38:11.323, 7, 0, 3, 97887
2026/07/08 11:38:12.341, 0, 0, 81240, 97887
2026/07/08 11:38:12.359, 1, 0, 79460, 97887
2026/07/08 11:38:12.376, 2, 0, 78582, 97887
2026/07/08 11:38:12.394, 3, 0, 74852, 97887
2026/07/08 11:38:12.409, 4, 0, 3, 97887
2026/07/08 11:38:12.422, 5, 0, 3, 97887
2026/07/08 11:38:12.436, 6, 0, 3, 97887
2026/07/08 11:38:12.452, 7, 0, 3, 97887
2026/07/08 11:38:13.467, 0, 0, 81240, 97887
2026/07/08 11:38:13.483, 1, 0, 79460, 97887
2026/07/08 11:38:13.499, 2, 0, 78582, 97887
2026/07/08 11:38:13.513, 3, 0, 74852, 97887
2026/07/08 11:38:13.531, 4, 0, 3, 97887
2026/07/08 11:38:13.548, 5, 0, 3, 97887
2026/07/08 11:38:13.566, 6, 0, 3, 97887
2026/07/08 11:38:13.603, 7, 0, 3, 97887
2026/07/08 11:38:14.625, 0, 0, 81240, 97887
2026/07/08 11:38:14.647, 1, 0, 79460, 97887
2026/07/08 11:38:14.665, 2, 0, 78582, 97887
2026/07/08 11:38:14.685, 3, 0, 74852, 97887
2026/07/08 11:38:14.702, 4, 0, 3, 97887
2026/07/08 11:38:14.719, 5, 0, 3, 97887
2026/07/08 11:38:14.735, 6, 0, 3, 97887
2026/07/08 11:38:14.751, 7, 0, 3, 97887
2026/07/08 11:38:15.768, 0, 0, 81240, 97887
2026/07/08 11:38:15.789, 1, 0, 79460, 97887
2026/07/08 11:38:15.803, 2, 0, 78582, 97887
2026/07/08 11:38:15.815, 3, 0, 74852, 97887
2026/07/08 11:38:15.828, 4, 0, 3, 97887
2026/07/08 11:38:15.840, 5, 0, 3, 97887
2026/07/08 11:38:15.855, 6, 0, 3, 97887
2026/07/08 11:38:15.869, 7, 0, 3, 97887
