timestamp, index, utilization.gpu [%], memory.used [MiB], memory.total [MiB]
2026/07/08 17:17:57.544, 0, 0, 0, 97887
2026/07/08 17:17:57.559, 1, 0, 0, 97887
2026/07/08 17:17:57.575, 2, 0, 0, 97887
2026/07/08 17:17:57.590, 3, 0, 0, 97887
2026/07/08 17:17:57.605, 4, 0, 0, 97887
2026/07/08 17:17:57.620, 5, 0, 0, 97887
2026/07/08 17:17:57.635, 6, 0, 0, 97887
2026/07/08 17:17:57.649, 7, 0, 0, 97887
2026/07/08 17:17:58.664, 0, 0, 0, 97887
2026/07/08 17:17:58.679, 1, 0, 0, 97887
2026/07/08 17:17:58.693, 2, 0, 0, 97887
2026/07/08 17:17:58.705, 3, 0, 0, 97887
2026/07/08 17:17:58.716, 4, 0, 0, 97887
2026/07/08 17:17:58.729, 5, 0, 0, 97887
2026/07/08 17:17:58.740, 6, 0, 0, 97887
2026/07/08 17:17:58.754, 7, 0, 0, 97887
2026/07/08 17:17:59.767, 0, 0, 0, 97887
2026/07/08 17:17:59.781, 1, 0, 0, 97887
2026/07/08 17:17:59.795, 2, 0, 0, 97887
2026/07/08 17:17:59.807, 3, 0, 0, 97887
2026/07/08 17:17:59.821, 4, 0, 0, 97887
2026/07/08 17:17:59.836, 5, 0, 0, 97887
2026/07/08 17:17:59.851, 6, 0, 0, 97887
2026/07/08 17:17:59.866, 7, 0, 0, 97887
2026/07/08 17:18:00.882, 0, 0, 0, 97887
2026/07/08 17:18:00.893, 1, 0, 0, 97887
2026/07/08 17:18:00.905, 2, 0, 0, 97887
2026/07/08 17:18:00.913, 3, 0, 0, 97887
2026/07/08 17:18:00.921, 4, 0, 0, 97887
2026/07/08 17:18:00.929, 5, 0, 0, 97887
2026/07/08 17:18:00.936, 6, 0, 0, 97887
2026/07/08 17:18:00.950, 7, 0, 0, 97887
2026/07/08 17:18:01.963, 0, 0, 0, 97887
2026/07/08 17:18:01.981, 1, 0, 0, 97887
2026/07/08 17:18:01.992, 2, 0, 0, 97887
2026/07/08 17:18:02.001, 3, 0, 0, 97887
2026/07/08 17:18:02.009, 4, 0, 0, 97887
2026/07/08 17:18:02.021, 5, 0, 0, 97887
2026/07/08 17:18:02.033, 6, 0, 0, 97887
2026/07/08 17:18:02.044, 7, 0, 0, 97887
2026/07/08 17:18:03.055, 0, 0, 0, 97887
2026/07/08 17:18:03.066, 1, 0, 0, 97887
2026/07/08 17:18:03.079, 2, 0, 0, 97887
2026/07/08 17:18:03.093, 3, 0, 0, 97887
2026/07/08 17:18:03.108, 4, 0, 0, 97887
2026/07/08 17:18:03.123, 5, 0, 0, 97887
2026/07/08 17:18:03.139, 6, 0, 0, 97887
2026/07/08 17:18:03.155, 7, 0, 0, 97887
2026/07/08 17:18:04.173, 0, 0, 0, 97887
2026/07/08 17:18:04.189, 1, 0, 0, 97887
2026/07/08 17:18:04.206, 2, 0, 0, 97887
2026/07/08 17:18:04.220, 3, 0, 0, 97887
2026/07/08 17:18:04.236, 4, 0, 0, 97887
2026/07/08 17:18:04.252, 5, 0, 0, 97887
2026/07/08 17:18:04.264, 6, 0, 0, 97887
2026/07/08 17:18:04.275, 7, 0, 0, 97887
2026/07/08 17:18:05.289, 0, 0, 0, 97887
2026/07/08 17:18:05.307, 1, 0, 0, 97887
2026/07/08 17:18:05.320, 2, 0, 0, 97887
2026/07/08 17:18:05.336, 3, 0, 0, 97887
2026/07/08 17:18:05.349, 4, 0, 0, 97887
2026/07/08 17:18:05.365, 5, 0, 0, 97887
2026/07/08 17:18:05.380, 6, 0, 0, 97887
2026/07/08 17:18:05.392, 7, 0, 0, 97887
2026/07/08 17:18:06.406, 0, 0, 0, 97887
2026/07/08 17:18:06.423, 1, 0, 0, 97887
2026/07/08 17:18:06.439, 2, 0, 0, 97887
2026/07/08 17:18:06.455, 3, 0, 0, 97887
2026/07/08 17:18:06.470, 4, 0, 0, 97887
2026/07/08 17:18:06.485, 5, 0, 0, 97887
2026/07/08 17:18:06.498, 6, 0, 0, 97887
2026/07/08 17:18:06.515, 7, 0, 0, 97887
2026/07/08 17:18:07.530, 0, 0, 3, 97887
2026/07/08 17:18:07.547, 1, 0, 3, 97887
2026/07/08 17:18:07.570, 2, 0, 3, 97887
2026/07/08 17:18:07.596, 3, 0, 1, 97887
2026/07/08 17:18:07.612, 4, 0, 1, 97887
2026/07/08 17:18:07.632, 5, 0, 1, 97887
2026/07/08 17:18:07.651, 6, 0, 1, 97887
2026/07/08 17:18:07.715, 7, 0, 1, 97887
2026/07/08 17:18:08.732, 0, 0, 3, 97887
2026/07/08 17:18:08.749, 1, 0, 3, 97887
2026/07/08 17:18:08.765, 2, 0, 3, 97887
2026/07/08 17:18:08.781, 3, 0, 3, 97887
2026/07/08 17:18:08.797, 4, 0, 3, 97887
2026/07/08 17:18:08.824, 5, 0, 3, 97887
2026/07/08 17:18:08.838, 6, 0, 3, 97887
2026/07/08 17:18:08.855, 7, 0, 3, 97887
2026/07/08 17:18:09.873, 0, 0, 3, 97887
2026/07/08 17:18:09.889, 1, 0, 3, 97887
2026/07/08 17:18:09.903, 2, 0, 3, 97887
2026/07/08 17:18:09.917, 3, 0, 3, 97887
2026/07/08 17:18:09.929, 4, 0, 3, 97887
2026/07/08 17:18:09.941, 5, 0, 3, 97887
2026/07/08 17:18:09.953, 6, 0, 3, 97887
2026/07/08 17:18:09.968, 7, 0, 3, 97887
2026/07/08 17:18:10.983, 0, 0, 3, 97887
2026/07/08 17:18:10.998, 1, 0, 3, 97887
2026/07/08 17:18:11.014, 2, 0, 3, 97887
2026/07/08 17:18:11.028, 3, 0, 3, 97887
2026/07/08 17:18:11.044, 4, 0, 3, 97887
2026/07/08 17:18:11.063, 5, 0, 3, 97887
2026/07/08 17:18:11.079, 6, 0, 3, 97887
2026/07/08 17:18:11.094, 7, 0, 3, 97887
2026/07/08 17:18:12.106, 0, 0, 3, 97887
2026/07/08 17:18:12.121, 1, 0, 3, 97887
2026/07/08 17:18:12.139, 2, 0, 3, 97887
2026/07/08 17:18:12.156, 3, 0, 3, 97887
2026/07/08 17:18:12.172, 4, 0, 3, 97887
2026/07/08 17:18:12.190, 5, 0, 3, 97887
2026/07/08 17:18:12.205, 6, 0, 3, 97887
2026/07/08 17:18:12.221, 7, 0, 3, 97887
2026/07/08 17:18:13.238, 0, 0, 3, 97887
2026/07/08 17:18:13.256, 1, 0, 3, 97887
2026/07/08 17:18:13.273, 2, 0, 3, 97887
2026/07/08 17:18:13.290, 3, 0, 3, 97887
2026/07/08 17:18:13.308, 4, 0, 3, 97887
2026/07/08 17:18:13.326, 5, 0, 3, 97887
2026/07/08 17:18:13.343, 6, 0, 3, 97887
2026/07/08 17:18:13.360, 7, 0, 3, 97887
2026/07/08 17:18:14.378, 0, 0, 3, 97887
2026/07/08 17:18:14.394, 1, 0, 3, 97887
2026/07/08 17:18:14.410, 2, 0, 3, 97887
2026/07/08 17:18:14.425, 3, 0, 3, 97887
2026/07/08 17:18:14.442, 4, 0, 3, 97887
2026/07/08 17:18:14.456, 5, 0, 3, 97887
2026/07/08 17:18:14.467, 6, 0, 3, 97887
2026/07/08 17:18:14.480, 7, 0, 3, 97887
2026/07/08 17:18:15.492, 0, 0, 3, 97887
2026/07/08 17:18:15.511, 1, 0, 3, 97887
2026/07/08 17:18:15.529, 2, 0, 3, 97887
2026/07/08 17:18:15.547, 3, 0, 3, 97887
2026/07/08 17:18:15.568, 4, 0, 3, 97887
2026/07/08 17:18:15.584, 5, 0, 3, 97887
2026/07/08 17:18:15.601, 6, 0, 3, 97887
2026/07/08 17:18:15.617, 7, 0, 3, 97887
2026/07/08 17:18:16.634, 0, 0, 3, 97887
2026/07/08 17:18:16.651, 1, 0, 3, 97887
2026/07/08 17:18:16.667, 2, 0, 3, 97887
2026/07/08 17:18:16.683, 3, 0, 3, 97887
2026/07/08 17:18:16.701, 4, 0, 3, 97887
2026/07/08 17:18:16.717, 5, 0, 3, 97887
2026/07/08 17:18:16.734, 6, 0, 3, 97887
2026/07/08 17:18:16.749, 7, 0, 3, 97887
2026/07/08 17:18:17.764, 0, 0, 3, 97887
2026/07/08 17:18:17.783, 1, 0, 3, 97887
2026/07/08 17:18:17.800, 2, 0, 3, 97887
2026/07/08 17:18:17.816, 3, 0, 3, 97887
2026/07/08 17:18:17.831, 4, 0, 3, 97887
2026/07/08 17:18:17.849, 5, 0, 3, 97887
2026/07/08 17:18:17.867, 6, 0, 3, 97887
2026/07/08 17:18:17.885, 7, 0, 3, 97887
2026/07/08 17:18:18.903, 0, 0, 3, 97887
2026/07/08 17:18:18.917, 1, 0, 3, 97887
2026/07/08 17:18:18.930, 2, 0, 3, 97887
2026/07/08 17:18:18.947, 3, 0, 3, 97887
2026/07/08 17:18:18.963, 4, 0, 3, 97887
2026/07/08 17:18:18.981, 5, 0, 3, 97887
2026/07/08 17:18:18.998, 6, 0, 3, 97887
2026/07/08 17:18:19.016, 7, 0, 3, 97887
2026/07/08 17:18:20.032, 0, 0, 3, 97887
2026/07/08 17:18:20.041, 1, 0, 3, 97887
2026/07/08 17:18:20.054, 2, 0, 3, 97887
2026/07/08 17:18:20.070, 3, 0, 3, 97887
2026/07/08 17:18:20.086, 4, 0, 3, 97887
2026/07/08 17:18:20.101, 5, 0, 3, 97887
2026/07/08 17:18:20.117, 6, 0, 3, 97887
2026/07/08 17:18:20.131, 7, 0, 3, 97887
2026/07/08 17:18:21.144, 0, 0, 3, 97887
2026/07/08 17:18:21.162, 1, 0, 3, 97887
2026/07/08 17:18:21.177, 2, 0, 3, 97887
2026/07/08 17:18:21.194, 3, 0, 3, 97887
2026/07/08 17:18:21.208, 4, 0, 3, 97887
2026/07/08 17:18:21.221, 5, 0, 3, 97887
2026/07/08 17:18:21.236, 6, 0, 3, 97887
2026/07/08 17:18:21.251, 7, 0, 3, 97887
2026/07/08 17:18:22.266, 0, 0, 3, 97887
2026/07/08 17:18:22.283, 1, 0, 3, 97887
2026/07/08 17:18:22.303, 2, 0, 3, 97887
2026/07/08 17:18:22.318, 3, 0, 3, 97887
2026/07/08 17:18:22.336, 4, 0, 3, 97887
2026/07/08 17:18:22.350, 5, 0, 3, 97887
2026/07/08 17:18:22.366, 6, 0, 3, 97887
2026/07/08 17:18:22.383, 7, 0, 3, 97887
2026/07/08 17:18:23.399, 0, 0, 3, 97887
2026/07/08 17:18:23.419, 1, 0, 3, 97887
2026/07/08 17:18:23.434, 2, 0, 3, 97887
2026/07/08 17:18:23.450, 3, 0, 3, 97887
2026/07/08 17:18:23.466, 4, 0, 3, 97887
2026/07/08 17:18:23.481, 5, 0, 3, 97887
2026/07/08 17:18:23.499, 6, 0, 3, 97887
2026/07/08 17:18:23.514, 7, 0, 3, 97887
2026/07/08 17:18:24.532, 0, 0, 3, 97887
2026/07/08 17:18:24.550, 1, 0, 3, 97887
2026/07/08 17:18:24.568, 2, 0, 3, 97887
2026/07/08 17:18:24.585, 3, 0, 3, 97887
2026/07/08 17:18:24.604, 4, 0, 3, 97887
2026/07/08 17:18:24.621, 5, 0, 3, 97887
2026/07/08 17:18:24.638, 6, 0, 3, 97887
2026/07/08 17:18:24.655, 7, 0, 3, 97887
2026/07/08 17:18:25.674, 0, 0, 3, 97887
2026/07/08 17:18:25.688, 1, 0, 3, 97887
2026/07/08 17:18:25.707, 2, 0, 3, 97887
2026/07/08 17:18:25.724, 3, 0, 3, 97887
2026/07/08 17:18:25.738, 4, 0, 3, 97887
2026/07/08 17:18:25.752, 5, 0, 3, 97887
2026/07/08 17:18:25.768, 6, 0, 3, 97887
2026/07/08 17:18:25.781, 7, 0, 3, 97887
2026/07/08 17:18:26.797, 0, 0, 3, 97887
2026/07/08 17:18:26.816, 1, 0, 3, 97887
2026/07/08 17:18:26.830, 2, 0, 3, 97887
2026/07/08 17:18:26.842, 3, 0, 3, 97887
2026/07/08 17:18:26.856, 4, 0, 3, 97887
2026/07/08 17:18:26.873, 5, 0, 3, 97887
2026/07/08 17:18:26.890, 6, 0, 3, 97887
2026/07/08 17:18:26.904, 7, 0, 3, 97887
2026/07/08 17:18:27.918, 0, 0, 3, 97887
2026/07/08 17:18:27.933, 1, 0, 3, 97887
2026/07/08 17:18:27.948, 2, 0, 3, 97887
2026/07/08 17:18:27.964, 3, 0, 3, 97887
2026/07/08 17:18:27.979, 4, 0, 3, 97887
2026/07/08 17:18:27.996, 5, 0, 3, 97887
2026/07/08 17:18:28.010, 6, 0, 3, 97887
2026/07/08 17:18:28.025, 7, 0, 3, 97887
2026/07/08 17:18:29.041, 0, 0, 3, 97887
2026/07/08 17:18:29.061, 1, 0, 3, 97887
2026/07/08 17:18:29.075, 2, 0, 3, 97887
2026/07/08 17:18:29.091, 3, 0, 3, 97887
2026/07/08 17:18:29.109, 4, 0, 3, 97887
2026/07/08 17:18:29.127, 5, 0, 3, 97887
2026/07/08 17:18:29.144, 6, 0, 3, 97887
2026/07/08 17:18:29.158, 7, 0, 3, 97887
2026/07/08 17:18:30.173, 0, 0, 3, 97887
2026/07/08 17:18:30.193, 1, 0, 3, 97887
2026/07/08 17:18:30.214, 2, 0, 3, 97887
2026/07/08 17:18:30.231, 3, 0, 3, 97887
2026/07/08 17:18:30.247, 4, 0, 3, 97887
2026/07/08 17:18:30.266, 5, 0, 3, 97887
2026/07/08 17:18:30.285, 6, 0, 3, 97887
2026/07/08 17:18:30.305, 7, 0, 3, 97887
2026/07/08 17:18:31.326, 0, 0, 3, 97887
2026/07/08 17:18:31.346, 1, 0, 3, 97887
2026/07/08 17:18:31.366, 2, 0, 3, 97887
2026/07/08 17:18:31.383, 3, 0, 3, 97887
2026/07/08 17:18:31.400, 4, 0, 3, 97887
2026/07/08 17:18:31.416, 5, 0, 3, 97887
2026/07/08 17:18:31.435, 6, 0, 3, 97887
2026/07/08 17:18:31.453, 7, 0, 3, 97887
2026/07/08 17:18:32.470, 0, 0, 3, 97887
2026/07/08 17:18:32.486, 1, 0, 3, 97887
2026/07/08 17:18:32.501, 2, 0, 3, 97887
2026/07/08 17:18:32.515, 3, 0, 3, 97887
2026/07/08 17:18:32.524, 4, 0, 3, 97887
2026/07/08 17:18:32.537, 5, 0, 3, 97887
2026/07/08 17:18:32.551, 6, 0, 3, 97887
2026/07/08 17:18:32.560, 7, 0, 3, 97887
2026/07/08 17:18:33.573, 0, 0, 3, 97887
2026/07/08 17:18:33.592, 1, 0, 3, 97887
2026/07/08 17:18:33.607, 2, 0, 3, 97887
2026/07/08 17:18:33.623, 3, 0, 3, 97887
2026/07/08 17:18:33.641, 4, 0, 3, 97887
2026/07/08 17:18:33.659, 5, 0, 3, 97887
2026/07/08 17:18:33.677, 6, 0, 3, 97887
2026/07/08 17:18:33.696, 7, 0, 3, 97887
2026/07/08 17:18:34.713, 0, 0, 3, 97887
2026/07/08 17:18:34.730, 1, 0, 3, 97887
2026/07/08 17:18:34.747, 2, 0, 3, 97887
2026/07/08 17:18:34.764, 3, 0, 3, 97887
2026/07/08 17:18:34.777, 4, 0, 3, 97887
2026/07/08 17:18:34.790, 5, 0, 3, 97887
2026/07/08 17:18:34.803, 6, 0, 3, 97887
2026/07/08 17:18:34.818, 7, 0, 3, 97887
2026/07/08 17:18:35.834, 0, 0, 3, 97887
2026/07/08 17:18:35.851, 1, 0, 3, 97887
2026/07/08 17:18:35.868, 2, 0, 3, 97887
2026/07/08 17:18:35.884, 3, 0, 3, 97887
2026/07/08 17:18:35.899, 4, 0, 3, 97887
2026/07/08 17:18:35.914, 5, 0, 3, 97887
2026/07/08 17:18:35.930, 6, 0, 3, 97887
2026/07/08 17:18:35.943, 7, 0, 3, 97887
2026/07/08 17:18:36.958, 0, 0, 3, 97887
2026/07/08 17:18:36.978, 1, 0, 3, 97887
2026/07/08 17:18:36.995, 2, 0, 3, 97887
2026/07/08 17:18:37.013, 3, 0, 3, 97887
2026/07/08 17:18:37.027, 4, 0, 3, 97887
2026/07/08 17:18:37.040, 5, 0, 3, 97887
2026/07/08 17:18:37.054, 6, 0, 3, 97887
2026/07/08 17:18:37.066, 7, 0, 3, 97887
2026/07/08 17:18:38.077, 0, 0, 3, 97887
2026/07/08 17:18:38.088, 1, 0, 3, 97887
2026/07/08 17:18:38.104, 2, 0, 3, 97887
2026/07/08 17:18:38.119, 3, 0, 3, 97887
2026/07/08 17:18:38.136, 4, 0, 3, 97887
2026/07/08 17:18:38.152, 5, 0, 3, 97887
2026/07/08 17:18:38.168, 6, 0, 3, 97887
2026/07/08 17:18:38.186, 7, 0, 3, 97887
2026/07/08 17:18:39.203, 0, 0, 3, 97887
2026/07/08 17:18:39.221, 1, 0, 3, 97887
2026/07/08 17:18:39.240, 2, 0, 3, 97887
2026/07/08 17:18:39.258, 3, 0, 3, 97887
2026/07/08 17:18:39.277, 4, 0, 3, 97887
2026/07/08 17:18:39.298, 5, 0, 3, 97887
2026/07/08 17:18:39.319, 6, 0, 3, 97887
2026/07/08 17:18:39.339, 7, 0, 3, 97887
2026/07/08 17:18:40.359, 0, 0, 3, 97887
2026/07/08 17:18:40.375, 1, 0, 3, 97887
2026/07/08 17:18:40.398, 2, 0, 3, 97887
2026/07/08 17:18:40.415, 3, 0, 3, 97887
2026/07/08 17:18:40.430, 4, 0, 3, 97887
2026/07/08 17:18:40.447, 5, 0, 3, 97887
2026/07/08 17:18:40.459, 6, 0, 3, 97887
2026/07/08 17:18:40.478, 7, 0, 3, 97887
2026/07/08 17:18:41.493, 0, 0, 3, 97887
2026/07/08 17:18:41.513, 1, 0, 3, 97887
2026/07/08 17:18:41.532, 2, 0, 3, 97887
2026/07/08 17:18:41.549, 3, 0, 3, 97887
2026/07/08 17:18:41.570, 4, 0, 3, 97887
2026/07/08 17:18:41.590, 5, 0, 3, 97887
2026/07/08 17:18:41.609, 6, 0, 3, 97887
2026/07/08 17:18:41.625, 7, 0, 3, 97887
2026/07/08 17:18:42.642, 0, 0, 3, 97887
2026/07/08 17:18:42.661, 1, 0, 3, 97887
2026/07/08 17:18:42.680, 2, 0, 3, 97887
2026/07/08 17:18:42.695, 3, 0, 3, 97887
2026/07/08 17:18:42.713, 4, 0, 3, 97887
2026/07/08 17:18:42.730, 5, 0, 3, 97887
2026/07/08 17:18:42.746, 6, 0, 3, 97887
2026/07/08 17:18:42.762, 7, 0, 3, 97887
2026/07/08 17:18:43.779, 0, 0, 3, 97887
2026/07/08 17:18:43.794, 1, 0, 3, 97887
2026/07/08 17:18:43.807, 2, 0, 3, 97887
2026/07/08 17:18:43.819, 3, 0, 3, 97887
2026/07/08 17:18:43.834, 4, 0, 3, 97887
2026/07/08 17:18:43.849, 5, 0, 3, 97887
2026/07/08 17:18:43.863, 6, 0, 3, 97887
2026/07/08 17:18:43.881, 7, 0, 3, 97887
2026/07/08 17:18:44.897, 0, 0, 562, 97887
2026/07/08 17:18:44.912, 1, 0, 3, 97887
2026/07/08 17:18:44.926, 2, 0, 3, 97887
2026/07/08 17:18:44.937, 3, 0, 3, 97887
2026/07/08 17:18:44.950, 4, 0, 3, 97887
2026/07/08 17:18:44.964, 5, 0, 3, 97887
2026/07/08 17:18:44.977, 6, 0, 3, 97887
2026/07/08 17:18:44.992, 7, 0, 3, 97887
2026/07/08 17:18:46.008, 0, 0, 562, 97887
2026/07/08 17:18:46.026, 1, 0, 3, 97887
2026/07/08 17:18:46.041, 2, 0, 3, 97887
2026/07/08 17:18:46.055, 3, 0, 3, 97887
2026/07/08 17:18:46.071, 4, 0, 3, 97887
2026/07/08 17:18:46.082, 5, 0, 3, 97887
2026/07/08 17:18:46.096, 6, 0, 3, 97887
2026/07/08 17:18:46.111, 7, 0, 3, 97887
2026/07/08 17:18:47.128, 0, 0, 562, 97887
2026/07/08 17:18:47.146, 1, 0, 3, 97887
2026/07/08 17:18:47.164, 2, 0, 3, 97887
2026/07/08 17:18:47.184, 3, 0, 3, 97887
2026/07/08 17:18:47.200, 4, 0, 3, 97887
2026/07/08 17:18:47.216, 5, 0, 3, 97887
2026/07/08 17:18:47.230, 6, 0, 3, 97887
2026/07/08 17:18:47.246, 7, 0, 3, 97887
2026/07/08 17:18:48.263, 0, 0, 562, 97887
2026/07/08 17:18:48.279, 1, 0, 3, 97887
2026/07/08 17:18:48.293, 2, 0, 3, 97887
2026/07/08 17:18:48.317, 3, 0, 3, 97887
2026/07/08 17:18:48.344, 4, 0, 3, 97887
2026/07/08 17:18:48.362, 5, 0, 3, 97887
2026/07/08 17:18:48.386, 6, 0, 3, 97887
2026/07/08 17:18:48.413, 7, 0, 3, 97887
2026/07/08 17:18:49.434, 0, 0, 562, 97887
2026/07/08 17:18:49.453, 1, 0, 3, 97887
2026/07/08 17:18:49.474, 2, 0, 3, 97887
2026/07/08 17:18:49.495, 3, 0, 3, 97887
2026/07/08 17:18:49.514, 4, 0, 3, 97887
2026/07/08 17:18:49.533, 5, 0, 3, 97887
2026/07/08 17:18:49.554, 6, 0, 3, 97887
2026/07/08 17:18:49.572, 7, 0, 3, 97887
2026/07/08 17:18:50.590, 0, 0, 562, 97887
2026/07/08 17:18:50.610, 1, 0, 3, 97887
2026/07/08 17:18:50.627, 2, 0, 3, 97887
2026/07/08 17:18:50.645, 3, 0, 3, 97887
2026/07/08 17:18:50.661, 4, 0, 3, 97887
2026/07/08 17:18:50.678, 5, 0, 3, 97887
2026/07/08 17:18:50.695, 6, 0, 3, 97887
2026/07/08 17:18:50.716, 7, 0, 3, 97887
2026/07/08 17:18:51.735, 0, 0, 562, 97887
2026/07/08 17:18:51.753, 1, 0, 3, 97887
2026/07/08 17:18:51.771, 2, 0, 3, 97887
2026/07/08 17:18:51.787, 3, 0, 3, 97887
2026/07/08 17:18:51.800, 4, 0, 3, 97887
2026/07/08 17:18:51.813, 5, 0, 3, 97887
2026/07/08 17:18:51.832, 6, 0, 3, 97887
2026/07/08 17:18:51.850, 7, 0, 3, 97887
2026/07/08 17:18:52.865, 0, 0, 562, 97887
2026/07/08 17:18:52.879, 1, 0, 3, 97887
2026/07/08 17:18:52.894, 2, 0, 3, 97887
2026/07/08 17:18:52.910, 3, 0, 3, 97887
2026/07/08 17:18:52.924, 4, 0, 3, 97887
2026/07/08 17:18:52.939, 5, 0, 3, 97887
2026/07/08 17:18:52.953, 6, 0, 3, 97887
2026/07/08 17:18:52.967, 7, 0, 3, 97887
2026/07/08 17:18:53.982, 0, 0, 562, 97887
2026/07/08 17:18:53.998, 1, 0, 3, 97887
2026/07/08 17:18:54.014, 2, 0, 3, 97887
2026/07/08 17:18:54.028, 3, 0, 3, 97887
2026/07/08 17:18:54.041, 4, 0, 3, 97887
2026/07/08 17:18:54.059, 5, 0, 3, 97887
2026/07/08 17:18:54.074, 6, 0, 3, 97887
2026/07/08 17:18:54.090, 7, 0, 3, 97887
2026/07/08 17:18:55.110, 0, 0, 562, 97887
2026/07/08 17:18:55.126, 1, 0, 3, 97887
2026/07/08 17:18:55.143, 2, 0, 3, 97887
2026/07/08 17:18:55.158, 3, 0, 3, 97887
2026/07/08 17:18:55.173, 4, 0, 3, 97887
2026/07/08 17:18:55.188, 5, 0, 3, 97887
2026/07/08 17:18:55.203, 6, 0, 3, 97887
2026/07/08 17:18:55.219, 7, 0, 3, 97887
2026/07/08 17:18:56.233, 0, 0, 562, 97887
2026/07/08 17:18:56.250, 1, 0, 3, 97887
2026/07/08 17:18:56.266, 2, 0, 3, 97887
2026/07/08 17:18:56.282, 3, 0, 3, 97887
2026/07/08 17:18:56.302, 4, 0, 3, 97887
2026/07/08 17:18:56.317, 5, 0, 3, 97887
2026/07/08 17:18:56.332, 6, 0, 3, 97887
2026/07/08 17:18:56.347, 7, 0, 3, 97887
2026/07/08 17:18:57.362, 0, 0, 562, 97887
2026/07/08 17:18:57.381, 1, 0, 3, 97887
2026/07/08 17:18:57.399, 2, 0, 3, 97887
2026/07/08 17:18:57.416, 3, 0, 3, 97887
2026/07/08 17:18:57.434, 4, 0, 3, 97887
2026/07/08 17:18:57.451, 5, 0, 3, 97887
2026/07/08 17:18:57.468, 6, 0, 3, 97887
2026/07/08 17:18:57.486, 7, 0, 3, 97887
2026/07/08 17:18:58.502, 0, 0, 562, 97887
2026/07/08 17:18:58.520, 1, 0, 3, 97887
2026/07/08 17:18:58.538, 2, 0, 3, 97887
2026/07/08 17:18:58.551, 3, 0, 3, 97887
2026/07/08 17:18:58.568, 4, 0, 3, 97887
2026/07/08 17:18:58.586, 5, 0, 3, 97887
2026/07/08 17:18:58.602, 6, 0, 3, 97887
2026/07/08 17:18:58.619, 7, 0, 3, 97887
2026/07/08 17:18:59.635, 0, 0, 562, 97887
2026/07/08 17:18:59.659, 1, 0, 15, 97887
2026/07/08 17:18:59.677, 2, 0, 3, 97887
2026/07/08 17:18:59.718, 3, 0, 22, 97887
2026/07/08 17:18:59.734, 4, 0, 3, 97887
2026/07/08 17:18:59.753, 5, 0, 3, 97887
2026/07/08 17:18:59.777, 6, 0, 3, 97887
2026/07/08 17:18:59.799, 7, 0, 3, 97887
2026/07/08 17:19:00.834, 0, 0, 562, 97887
2026/07/08 17:19:00.863, 1, 0, 562, 97887
2026/07/08 17:19:00.878, 2, 0, 44, 97887
2026/07/08 17:19:00.893, 3, 0, 562, 97887
2026/07/08 17:19:00.907, 4, 0, 4, 97887
2026/07/08 17:19:00.921, 5, 0, 4, 97887
2026/07/08 17:19:00.938, 6, 0, 4, 97887
2026/07/08 17:19:00.955, 7, 0, 4, 97887
2026/07/08 17:19:01.969, 0, 0, 562, 97887
2026/07/08 17:19:01.984, 1, 0, 562, 97887
2026/07/08 17:19:02.002, 2, 0, 562, 97887
2026/07/08 17:19:02.018, 3, 0, 562, 97887
2026/07/08 17:19:02.035, 4, 0, 4, 97887
2026/07/08 17:19:02.053, 5, 0, 4, 97887
2026/07/08 17:19:02.070, 6, 0, 4, 97887
2026/07/08 17:19:02.085, 7, 0, 4, 97887
2026/07/08 17:19:03.103, 0, 0, 562, 97887
2026/07/08 17:19:03.120, 1, 0, 562, 97887
2026/07/08 17:19:03.138, 2, 0, 562, 97887
2026/07/08 17:19:03.158, 3, 0, 562, 97887
2026/07/08 17:19:03.174, 4, 0, 4, 97887
2026/07/08 17:19:03.191, 5, 0, 4, 97887
2026/07/08 17:19:03.209, 6, 0, 4, 97887
2026/07/08 17:19:03.226, 7, 0, 4, 97887
2026/07/08 17:19:04.247, 0, 0, 562, 97887
2026/07/08 17:19:04.263, 1, 0, 562, 97887
2026/07/08 17:19:04.278, 2, 0, 562, 97887
2026/07/08 17:19:04.296, 3, 0, 562, 97887
2026/07/08 17:19:04.312, 4, 0, 4, 97887
2026/07/08 17:19:04.325, 5, 0, 4, 97887
2026/07/08 17:19:04.339, 6, 0, 4, 97887
2026/07/08 17:19:04.354, 7, 0, 4, 97887
2026/07/08 17:19:05.368, 0, 0, 562, 97887
2026/07/08 17:19:05.385, 1, 0, 562, 97887
2026/07/08 17:19:05.402, 2, 0, 562, 97887
2026/07/08 17:19:05.417, 3, 0, 562, 97887
2026/07/08 17:19:05.431, 4, 0, 4, 97887
2026/07/08 17:19:05.446, 5, 0, 4, 97887
2026/07/08 17:19:05.461, 6, 0, 4, 97887
2026/07/08 17:19:05.474, 7, 0, 4, 97887
2026/07/08 17:19:06.487, 0, 0, 562, 97887
2026/07/08 17:19:06.505, 1, 0, 562, 97887
2026/07/08 17:19:06.522, 2, 0, 562, 97887
2026/07/08 17:19:06.540, 3, 0, 562, 97887
2026/07/08 17:19:06.557, 4, 0, 4, 97887
2026/07/08 17:19:06.574, 5, 0, 4, 97887
2026/07/08 17:19:06.590, 6, 0, 4, 97887
2026/07/08 17:19:06.606, 7, 0, 4, 97887
2026/07/08 17:19:07.622, 0, 2, 13162, 97887
2026/07/08 17:19:07.639, 1, 1, 12262, 97887
2026/07/08 17:19:07.658, 2, 2, 14322, 97887
2026/07/08 17:19:07.677, 3, 2, 13262, 97887
2026/07/08 17:19:07.695, 4, 0, 4, 97887
2026/07/08 17:19:07.712, 5, 0, 4, 97887
2026/07/08 17:19:07.730, 6, 0, 4, 97887
2026/07/08 17:19:07.748, 7, 0, 4, 97887
2026/07/08 17:19:08.767, 0, 5, 63712, 97887
2026/07/08 17:19:08.785, 1, 0, 63712, 97887
2026/07/08 17:19:08.799, 2, 5, 63712, 97887
2026/07/08 17:19:08.811, 3, 6, 63712, 97887
2026/07/08 17:19:08.826, 4, 0, 4, 97887
2026/07/08 17:19:08.839, 5, 0, 4, 97887
2026/07/08 17:19:08.851, 6, 0, 4, 97887
2026/07/08 17:19:08.864, 7, 0, 4, 97887
2026/07/08 17:19:09.881, 0, 1, 63714, 97887
2026/07/08 17:19:09.901, 1, 3, 63714, 97887
2026/07/08 17:19:09.916, 2, 3, 63714, 97887
2026/07/08 17:19:09.932, 3, 2, 63714, 97887
2026/07/08 17:19:09.948, 4, 0, 4, 97887
2026/07/08 17:19:09.964, 5, 0, 4, 97887
2026/07/08 17:19:09.979, 6, 0, 4, 97887
2026/07/08 17:19:09.995, 7, 0, 4, 97887
2026/07/08 17:19:11.014, 0, 3, 63714, 97887
2026/07/08 17:19:11.028, 1, 5, 63714, 97887
2026/07/08 17:19:11.043, 2, 4, 63714, 97887
2026/07/08 17:19:11.058, 3, 3, 63714, 97887
2026/07/08 17:19:11.075, 4, 0, 4, 97887
2026/07/08 17:19:11.098, 5, 0, 4, 97887
2026/07/08 17:19:11.118, 6, 0, 4, 97887
2026/07/08 17:19:11.135, 7, 0, 4, 97887
2026/07/08 17:19:12.153, 0, 0, 63714, 97887
2026/07/08 17:19:12.170, 1, 0, 63714, 97887
2026/07/08 17:19:12.187, 2, 3, 63714, 97887
2026/07/08 17:19:12.202, 3, 3, 63714, 97887
2026/07/08 17:19:12.220, 4, 0, 4, 97887
2026/07/08 17:19:12.238, 5, 0, 4, 97887
2026/07/08 17:19:12.254, 6, 0, 4, 97887
2026/07/08 17:19:12.270, 7, 0, 4, 97887
2026/07/08 17:19:13.289, 0, 3, 63714, 97887
2026/07/08 17:19:13.306, 1, 4, 63714, 97887
2026/07/08 17:19:13.324, 2, 3, 63714, 97887
2026/07/08 17:19:13.343, 3, 3, 63714, 97887
2026/07/08 17:19:13.361, 4, 0, 4, 97887
2026/07/08 17:19:13.378, 5, 0, 4, 97887
2026/07/08 17:19:13.393, 6, 0, 4, 97887
2026/07/08 17:19:13.411, 7, 0, 4, 97887
2026/07/08 17:19:14.429, 0, 2, 63714, 97887
2026/07/08 17:19:14.448, 1, 2, 63714, 97887
2026/07/08 17:19:14.465, 2, 2, 63714, 97887
2026/07/08 17:19:14.482, 3, 2, 63714, 97887
2026/07/08 17:19:14.499, 4, 0, 4, 97887
2026/07/08 17:19:14.517, 5, 0, 4, 97887
2026/07/08 17:19:14.533, 6, 0, 4, 97887
2026/07/08 17:19:14.551, 7, 0, 4, 97887
2026/07/08 17:19:15.568, 0, 3, 63714, 97887
2026/07/08 17:19:15.585, 1, 2, 63714, 97887
2026/07/08 17:19:15.601, 2, 3, 63714, 97887
2026/07/08 17:19:15.617, 3, 3, 63714, 97887
2026/07/08 17:19:15.632, 4, 0, 4, 97887
2026/07/08 17:19:15.646, 5, 0, 4, 97887
2026/07/08 17:19:15.663, 6, 0, 4, 97887
2026/07/08 17:19:15.678, 7, 0, 4, 97887
2026/07/08 17:19:16.694, 0, 3, 63714, 97887
2026/07/08 17:19:16.710, 1, 3, 63714, 97887
2026/07/08 17:19:16.724, 2, 3, 63714, 97887
2026/07/08 17:19:16.740, 3, 3, 63714, 97887
2026/07/08 17:19:16.753, 4, 0, 4, 97887
2026/07/08 17:19:16.768, 5, 0, 4, 97887
2026/07/08 17:19:16.782, 6, 0, 4, 97887
2026/07/08 17:19:16.797, 7, 0, 4, 97887
2026/07/08 17:19:17.813, 0, 2, 63714, 97887
2026/07/08 17:19:17.827, 1, 2, 63714, 97887
2026/07/08 17:19:17.837, 2, 3, 63714, 97887
2026/07/08 17:19:17.849, 3, 2, 63714, 97887
2026/07/08 17:19:17.859, 4, 0, 4, 97887
2026/07/08 17:19:17.874, 5, 0, 4, 97887
2026/07/08 17:19:17.892, 6, 0, 4, 97887
2026/07/08 17:19:17.909, 7, 0, 4, 97887
2026/07/08 17:19:18.924, 0, 3, 63714, 97887
2026/07/08 17:19:18.938, 1, 2, 63714, 97887
2026/07/08 17:19:18.953, 2, 3, 63714, 97887
2026/07/08 17:19:18.969, 3, 3, 63714, 97887
2026/07/08 17:19:18.989, 4, 0, 4, 97887
2026/07/08 17:19:19.004, 5, 0, 4, 97887
2026/07/08 17:19:19.019, 6, 0, 4, 97887
2026/07/08 17:19:19.032, 7, 0, 4, 97887
2026/07/08 17:19:20.044, 0, 3, 63714, 97887
2026/07/08 17:19:20.061, 1, 3, 63714, 97887
2026/07/08 17:19:20.078, 2, 3, 63714, 97887
2026/07/08 17:19:20.094, 3, 3, 63714, 97887
2026/07/08 17:19:20.111, 4, 0, 4, 97887
2026/07/08 17:19:20.127, 5, 0, 563, 97887
2026/07/08 17:19:20.142, 6, 0, 4, 97887
2026/07/08 17:19:20.157, 7, 0, 4, 97887
2026/07/08 17:19:21.177, 0, 2, 63714, 97887
2026/07/08 17:19:21.191, 1, 3, 63714, 97887
2026/07/08 17:19:21.202, 2, 3, 63714, 97887
2026/07/08 17:19:21.215, 3, 3, 63714, 97887
2026/07/08 17:19:21.230, 4, 0, 4, 97887
2026/07/08 17:19:21.257, 5, 0, 563, 97887
2026/07/08 17:19:21.411, 6, 2, 655, 97887
2026/07/08 17:19:21.435, 7, 0, 655, 97887
2026/07/08 17:19:22.452, 0, 3, 63714, 97887
2026/07/08 17:19:22.468, 1, 3, 63714, 97887
2026/07/08 17:19:22.484, 2, 3, 63714, 97887
2026/07/08 17:19:22.500, 3, 3, 63714, 97887
2026/07/08 17:19:22.515, 4, 1, 671, 97887
2026/07/08 17:19:22.526, 5, 0, 679, 97887
2026/07/08 17:19:22.536, 6, 0, 889, 97887
2026/07/08 17:19:22.548, 7, 0, 889, 97887
2026/07/08 17:19:23.561, 0, 3, 63714, 97887
2026/07/08 17:19:23.577, 1, 2, 63714, 97887
2026/07/08 17:19:23.590, 2, 3, 63714, 97887
2026/07/08 17:19:23.604, 3, 3, 63714, 97887
2026/07/08 17:19:23.619, 4, 0, 889, 97887
2026/07/08 17:19:23.634, 5, 0, 889, 97887
2026/07/08 17:19:23.646, 6, 0, 889, 97887
2026/07/08 17:19:23.660, 7, 0, 8375, 97887
2026/07/08 17:19:24.676, 0, 3, 63714, 97887
2026/07/08 17:19:24.691, 1, 3, 63714, 97887
2026/07/08 17:19:24.708, 2, 3, 63714, 97887
2026/07/08 17:19:24.726, 3, 3, 63714, 97887
2026/07/08 17:19:24.740, 4, 0, 9587, 97887
2026/07/08 17:19:24.753, 5, 0, 30147, 97887
2026/07/08 17:19:24.768, 6, 0, 30147, 97887
2026/07/08 17:19:24.784, 7, 0, 30147, 97887
2026/07/08 17:19:25.800, 0, 3, 63714, 97887
2026/07/08 17:19:25.816, 1, 3, 63714, 97887
2026/07/08 17:19:25.830, 2, 3, 63714, 97887
2026/07/08 17:19:25.847, 3, 3, 63714, 97887
2026/07/08 17:19:25.864, 4, 0, 30147, 97887
2026/07/08 17:19:25.881, 5, 6, 30147, 97887
2026/07/08 17:19:25.896, 6, 0, 30147, 97887
2026/07/08 17:19:25.912, 7, 0, 30147, 97887
2026/07/08 17:19:26.929, 0, 3, 63714, 97887
2026/07/08 17:19:26.940, 1, 3, 63714, 97887
2026/07/08 17:19:26.955, 2, 3, 63714, 97887
2026/07/08 17:19:26.970, 3, 3, 63714, 97887
2026/07/08 17:19:26.983, 4, 5, 30147, 97887
2026/07/08 17:19:26.997, 5, 6, 30147, 97887
2026/07/08 17:19:27.009, 6, 8, 30147, 97887
2026/07/08 17:19:27.023, 7, 4, 30147, 97887
2026/07/08 17:19:28.036, 0, 3, 63714, 97887
2026/07/08 17:19:28.050, 1, 3, 63714, 97887
2026/07/08 17:19:28.063, 2, 3, 63714, 97887
2026/07/08 17:19:28.078, 3, 3, 63714, 97887
2026/07/08 17:19:28.093, 4, 7, 30147, 97887
2026/07/08 17:19:28.105, 5, 6, 30147, 97887
2026/07/08 17:19:28.119, 6, 8, 30147, 97887
2026/07/08 17:19:28.132, 7, 4, 30147, 97887
2026/07/08 17:19:29.143, 0, 3, 63714, 97887
2026/07/08 17:19:29.157, 1, 3, 63714, 97887
2026/07/08 17:19:29.168, 2, 3, 63714, 97887
2026/07/08 17:19:29.180, 3, 3, 63714, 97887
2026/07/08 17:19:29.192, 4, 8, 30147, 97887
2026/07/08 17:19:29.203, 5, 6, 30147, 97887
2026/07/08 17:19:29.215, 6, 8, 30147, 97887
2026/07/08 17:19:29.229, 7, 8, 30147, 97887
2026/07/08 17:19:30.242, 0, 3, 63714, 97887
2026/07/08 17:19:30.257, 1, 2, 63714, 97887
2026/07/08 17:19:30.269, 2, 3, 63714, 97887
2026/07/08 17:19:30.282, 3, 3, 63714, 97887
2026/07/08 17:19:30.295, 4, 7, 30147, 97887
2026/07/08 17:19:30.309, 5, 1, 30147, 97887
2026/07/08 17:19:30.322, 6, 8, 30147, 97887
2026/07/08 17:19:30.335, 7, 8, 30147, 97887
2026/07/08 17:19:31.348, 0, 3, 63714, 97887
2026/07/08 17:19:31.361, 1, 3, 63714, 97887
2026/07/08 17:19:31.373, 2, 3, 63714, 97887
2026/07/08 17:19:31.383, 3, 3, 63714, 97887
2026/07/08 17:19:31.395, 4, 8, 30147, 97887
2026/07/08 17:19:31.409, 5, 6, 30147, 97887
2026/07/08 17:19:31.422, 6, 7, 30147, 97887
2026/07/08 17:19:31.434, 7, 8, 30147, 97887
2026/07/08 17:19:32.445, 0, 3, 63714, 97887
2026/07/08 17:19:32.457, 1, 3, 63714, 97887
2026/07/08 17:19:32.467, 2, 3, 63714, 97887
2026/07/08 17:19:32.478, 3, 3, 63714, 97887
2026/07/08 17:19:32.489, 4, 5, 30147, 97887
2026/07/08 17:19:32.500, 5, 6, 30147, 97887
2026/07/08 17:19:32.507, 6, 8, 30147, 97887
2026/07/08 17:19:32.515, 7, 7, 30147, 97887
2026/07/08 17:19:33.525, 0, 3, 63714, 97887
2026/07/08 17:19:33.540, 1, 2, 63714, 97887
2026/07/08 17:19:33.553, 2, 3, 63714, 97887
2026/07/08 17:19:33.565, 3, 3, 63714, 97887
2026/07/08 17:19:33.577, 4, 6, 30147, 97887
2026/07/08 17:19:33.589, 5, 6, 30147, 97887
2026/07/08 17:19:33.600, 6, 8, 30147, 97887
2026/07/08 17:19:33.612, 7, 7, 30147, 97887
2026/07/08 17:19:34.626, 0, 3, 63714, 97887
2026/07/08 17:19:34.642, 1, 3, 63714, 97887
2026/07/08 17:19:34.656, 2, 3, 63714, 97887
2026/07/08 17:19:34.668, 3, 2, 63714, 97887
2026/07/08 17:19:34.681, 4, 7, 30147, 97887
2026/07/08 17:19:34.695, 5, 6, 30147, 97887
2026/07/08 17:19:34.707, 6, 8, 30147, 97887
2026/07/08 17:19:34.721, 7, 8, 30147, 97887
2026/07/08 17:19:35.732, 0, 3, 63714, 97887
2026/07/08 17:19:35.748, 1, 3, 63714, 97887
2026/07/08 17:19:35.761, 2, 3, 63714, 97887
2026/07/08 17:19:35.780, 3, 3, 63714, 97887
2026/07/08 17:19:35.793, 4, 7, 30147, 97887
2026/07/08 17:19:35.805, 5, 6, 30147, 97887
2026/07/08 17:19:35.818, 6, 0, 73991, 97887
2026/07/08 17:19:35.830, 7, 0, 73991, 97887
2026/07/08 17:19:36.842, 0, 3, 63714, 97887
2026/07/08 17:19:36.855, 1, 3, 63714, 97887
2026/07/08 17:19:36.868, 2, 3, 63714, 97887
2026/07/08 17:19:36.880, 3, 3, 63714, 97887
2026/07/08 17:19:36.891, 4, 0, 30169, 97887
2026/07/08 17:19:36.903, 5, 3, 30147, 97887
2026/07/08 17:19:36.916, 6, 0, 74035, 97887
2026/07/08 17:19:36.928, 7, 0, 74035, 97887
2026/07/08 17:19:37.940, 0, 3, 63714, 97887
2026/07/08 17:19:37.954, 1, 3, 63714, 97887
2026/07/08 17:19:37.967, 2, 3, 63714, 97887
2026/07/08 17:19:37.983, 3, 2, 63714, 97887
2026/07/08 17:19:37.994, 4, 0, 30169, 97887
2026/07/08 17:19:38.007, 5, 5, 30147, 97887
2026/07/08 17:19:38.020, 6, 0, 74045, 97887
2026/07/08 17:19:38.031, 7, 0, 74045, 97887
2026/07/08 17:19:39.043, 0, 3, 63714, 97887
2026/07/08 17:19:39.062, 1, 3, 63714, 97887
2026/07/08 17:19:39.082, 2, 2, 63714, 97887
2026/07/08 17:19:39.099, 3, 3, 63714, 97887
2026/07/08 17:19:39.115, 4, 0, 73991, 97887
2026/07/08 17:19:39.130, 5, 0, 73991, 97887
2026/07/08 17:19:39.146, 6, 0, 74045, 97887
2026/07/08 17:19:39.161, 7, 0, 74045, 97887
2026/07/08 17:19:40.177, 0, 3, 63714, 97887
2026/07/08 17:19:40.195, 1, 2, 63714, 97887
2026/07/08 17:19:40.213, 2, 3, 63714, 97887
2026/07/08 17:19:40.229, 3, 3, 63714, 97887
2026/07/08 17:19:40.247, 4, 0, 74035, 97887
2026/07/08 17:19:40.267, 5, 0, 74035, 97887
2026/07/08 17:19:40.285, 6, 0, 74045, 97887
2026/07/08 17:19:40.303, 7, 0, 74045, 97887
2026/07/08 17:19:41.327, 0, 3, 63714, 97887
2026/07/08 17:19:41.346, 1, 3, 63714, 97887
2026/07/08 17:19:41.364, 2, 3, 63714, 97887
2026/07/08 17:19:41.381, 3, 3, 63714, 97887
2026/07/08 17:19:41.396, 4, 4, 74037, 97887
2026/07/08 17:19:41.416, 5, 81, 74037, 97887
2026/07/08 17:19:41.433, 6, 0, 74045, 97887
2026/07/08 17:19:41.452, 7, 0, 74045, 97887
2026/07/08 17:19:42.470, 0, 3, 63714, 97887
2026/07/08 17:19:42.488, 1, 3, 63714, 97887
2026/07/08 17:19:42.506, 2, 3, 63714, 97887
2026/07/08 17:19:42.522, 3, 3, 63714, 97887
2026/07/08 17:19:42.539, 4, 0, 74045, 97887
2026/07/08 17:19:42.556, 5, 0, 74045, 97887
2026/07/08 17:19:42.569, 6, 0, 74045, 97887
2026/07/08 17:19:42.587, 7, 0, 74045, 97887
2026/07/08 17:19:43.606, 0, 3, 63714, 97887
2026/07/08 17:19:43.625, 1, 3, 63714, 97887
2026/07/08 17:19:43.644, 2, 3, 63714, 97887
2026/07/08 17:19:43.662, 3, 3, 63714, 97887
2026/07/08 17:19:43.681, 4, 0, 74046, 97887
2026/07/08 17:19:43.699, 5, 0, 74046, 97887
2026/07/08 17:19:43.716, 6, 0, 74046, 97887
2026/07/08 17:19:43.733, 7, 0, 74046, 97887
2026/07/08 17:19:44.754, 0, 3, 63714, 97887
2026/07/08 17:19:44.773, 1, 3, 63714, 97887
2026/07/08 17:19:44.792, 2, 3, 63714, 97887
2026/07/08 17:19:44.810, 3, 2, 63714, 97887
2026/07/08 17:19:44.827, 4, 0, 74046, 97887
2026/07/08 17:19:44.845, 5, 0, 74046, 97887
2026/07/08 17:19:44.864, 6, 0, 74046, 97887
2026/07/08 17:19:44.881, 7, 0, 74046, 97887
2026/07/08 17:19:45.899, 0, 3, 63714, 97887
2026/07/08 17:19:45.917, 1, 3, 63714, 97887
2026/07/08 17:19:45.935, 2, 1, 63714, 97887
2026/07/08 17:19:45.952, 3, 3, 63714, 97887
2026/07/08 17:19:45.971, 4, 0, 74046, 97887
2026/07/08 17:19:45.991, 5, 0, 74046, 97887
2026/07/08 17:19:46.009, 6, 0, 74046, 97887
2026/07/08 17:19:46.029, 7, 0, 74046, 97887
2026/07/08 17:19:47.045, 0, 59, 46774, 97887
2026/07/08 17:19:47.063, 1, 0, 63714, 97887
2026/07/08 17:19:47.084, 2, 100, 46774, 97887
2026/07/08 17:19:47.101, 3, 0, 63714, 97887
2026/07/08 17:19:47.121, 4, 0, 74046, 97887
2026/07/08 17:19:47.138, 5, 0, 74046, 97887
2026/07/08 17:19:47.157, 6, 0, 74046, 97887
2026/07/08 17:19:47.175, 7, 0, 74046, 97887
2026/07/08 17:19:48.190, 0, 100, 46774, 97887
2026/07/08 17:19:48.205, 1, 0, 57174, 97887
2026/07/08 17:19:48.222, 2, 100, 46774, 97887
2026/07/08 17:19:48.238, 3, 100, 46774, 97887
2026/07/08 17:19:48.255, 4, 0, 74046, 97887
2026/07/08 17:19:48.271, 5, 0, 74046, 97887
2026/07/08 17:19:48.295, 6, 0, 74046, 97887
2026/07/08 17:19:48.313, 7, 0, 74046, 97887
2026/07/08 17:19:49.331, 0, 0, 46804, 97887
2026/07/08 17:19:49.350, 1, 0, 46802, 97887
2026/07/08 17:19:49.368, 2, 0, 46804, 97887
2026/07/08 17:19:49.384, 3, 0, 46802, 97887
2026/07/08 17:19:49.399, 4, 0, 74046, 97887
2026/07/08 17:19:49.415, 5, 0, 74046, 97887
2026/07/08 17:19:49.433, 6, 0, 74110, 97887
2026/07/08 17:19:49.450, 7, 0, 74046, 97887
2026/07/08 17:19:50.467, 0, 0, 46840, 97887
2026/07/08 17:19:50.487, 1, 0, 46836, 97887
2026/07/08 17:19:50.505, 2, 0, 46838, 97887
2026/07/08 17:19:50.526, 3, 0, 46836, 97887
2026/07/08 17:19:50.543, 4, 0, 74046, 97887
2026/07/08 17:19:50.563, 5, 0, 74046, 97887
2026/07/08 17:19:50.580, 6, 8, 74582, 97887
2026/07/08 17:19:50.599, 7, 29, 74582, 97887
2026/07/08 17:19:51.618, 0, 0, 46840, 97887
2026/07/08 17:19:51.635, 1, 0, 46836, 97887
2026/07/08 17:19:51.652, 2, 0, 46838, 97887
2026/07/08 17:19:51.670, 3, 0, 46836, 97887
2026/07/08 17:19:51.688, 4, 0, 74046, 97887
2026/07/08 17:19:51.702, 5, 0, 74046, 97887
2026/07/08 17:19:51.716, 6, 0, 74582, 97887
2026/07/08 17:19:51.729, 7, 0, 74582, 97887
2026/07/08 17:19:52.745, 0, 6, 46840, 97887
2026/07/08 17:19:52.765, 1, 5, 46836, 97887
2026/07/08 17:19:52.781, 2, 5, 46838, 97887
2026/07/08 17:19:52.800, 3, 6, 46836, 97887
2026/07/08 17:19:52.821, 4, 0, 74046, 97887
2026/07/08 17:19:52.842, 5, 100, 74110, 97887
2026/07/08 17:19:52.860, 6, 0, 74582, 97887
2026/07/08 17:19:52.877, 7, 0, 74582, 97887
2026/07/08 17:19:53.895, 0, 5, 46840, 97887
2026/07/08 17:19:53.910, 1, 5, 46836, 97887
2026/07/08 17:19:53.922, 2, 5, 46838, 97887
2026/07/08 17:19:53.932, 3, 5, 46836, 97887
2026/07/08 17:19:53.944, 4, 100, 74582, 97887
2026/07/08 17:19:53.957, 5, 100, 74582, 97887
2026/07/08 17:19:53.970, 6, 0, 74582, 97887
2026/07/08 17:19:53.984, 7, 0, 74582, 97887
2026/07/08 17:19:54.999, 0, 5, 46840, 97887
2026/07/08 17:19:55.017, 1, 5, 46836, 97887
2026/07/08 17:19:55.031, 2, 5, 46838, 97887
2026/07/08 17:19:55.046, 3, 5, 46836, 97887
2026/07/08 17:19:55.058, 4, 0, 74582, 97887
2026/07/08 17:19:55.073, 5, 0, 74582, 97887
2026/07/08 17:19:55.090, 6, 0, 74582, 97887
2026/07/08 17:19:55.106, 7, 0, 74582, 97887
2026/07/08 17:19:56.124, 0, 5, 46840, 97887
2026/07/08 17:19:56.142, 1, 5, 46836, 97887
2026/07/08 17:19:56.161, 2, 5, 46838, 97887
2026/07/08 17:19:56.180, 3, 6, 46836, 97887
2026/07/08 17:19:56.199, 4, 0, 74582, 97887
2026/07/08 17:19:56.213, 5, 0, 74582, 97887
2026/07/08 17:19:56.229, 6, 0, 74582, 97887
2026/07/08 17:19:56.242, 7, 0, 74582, 97887
2026/07/08 17:19:57.257, 0, 5, 46840, 97887
2026/07/08 17:19:57.279, 1, 5, 46836, 97887
2026/07/08 17:19:57.294, 2, 5, 46838, 97887
2026/07/08 17:19:57.312, 3, 6, 46836, 97887
2026/07/08 17:19:57.330, 4, 0, 74582, 97887
2026/07/08 17:19:57.347, 5, 0, 74582, 97887
2026/07/08 17:19:57.369, 6, 0, 74582, 97887
2026/07/08 17:19:57.389, 7, 0, 74582, 97887
2026/07/08 17:19:58.404, 0, 5, 46840, 97887
2026/07/08 17:19:58.423, 1, 5, 46836, 97887
2026/07/08 17:19:58.442, 2, 0, 46838, 97887
2026/07/08 17:19:58.461, 3, 5, 46836, 97887
2026/07/08 17:19:58.478, 4, 0, 74582, 97887
2026/07/08 17:19:58.495, 5, 0, 74582, 97887
2026/07/08 17:19:58.512, 6, 0, 74582, 97887
2026/07/08 17:19:58.527, 7, 0, 74582, 97887
2026/07/08 17:19:59.544, 0, 1, 49120, 97887
2026/07/08 17:19:59.567, 1, 1, 49576, 97887
2026/07/08 17:19:59.583, 2, 1, 50198, 97887
2026/07/08 17:19:59.603, 3, 4, 50356, 97887
2026/07/08 17:19:59.624, 4, 0, 74582, 97887
2026/07/08 17:19:59.644, 5, 0, 74582, 97887
2026/07/08 17:19:59.660, 6, 0, 74582, 97887
2026/07/08 17:19:59.677, 7, 0, 74582, 97887
2026/07/08 17:20:00.697, 0, 6, 57060, 97887
2026/07/08 17:20:00.713, 1, 10, 57056, 97887
2026/07/08 17:20:00.730, 2, 10, 57058, 97887
2026/07/08 17:20:00.750, 3, 1, 57056, 97887
2026/07/08 17:20:00.768, 4, 0, 74582, 97887
2026/07/08 17:20:00.788, 5, 0, 74582, 97887
2026/07/08 17:20:00.802, 6, 0, 74582, 97887
2026/07/08 17:20:00.824, 7, 0, 74582, 97887
2026/07/08 17:20:01.842, 0, 11, 57060, 97887
2026/07/08 17:20:01.860, 1, 10, 57056, 97887
2026/07/08 17:20:01.875, 2, 12, 57058, 97887
2026/07/08 17:20:01.890, 3, 10, 57056, 97887
2026/07/08 17:20:01.909, 4, 0, 74582, 97887
2026/07/08 17:20:01.925, 5, 0, 74582, 97887
2026/07/08 17:20:01.941, 6, 100, 74582, 97887
2026/07/08 17:20:01.955, 7, 100, 74582, 97887
2026/07/08 17:20:02.970, 0, 11, 57060, 97887
2026/07/08 17:20:02.987, 1, 5, 57056, 97887
2026/07/08 17:20:03.002, 2, 10, 57058, 97887
2026/07/08 17:20:03.017, 3, 10, 57056, 97887
2026/07/08 17:20:03.033, 4, 0, 74582, 97887
2026/07/08 17:20:03.049, 5, 0, 74582, 97887
2026/07/08 17:20:03.061, 6, 100, 74582, 97887
2026/07/08 17:20:03.074, 7, 97, 74582, 97887
2026/07/08 17:20:04.091, 0, 11, 57060, 97887
2026/07/08 17:20:04.105, 1, 6, 57056, 97887
2026/07/08 17:20:04.117, 2, 11, 57058, 97887
2026/07/08 17:20:04.129, 3, 10, 57056, 97887
2026/07/08 17:20:04.142, 4, 0, 74582, 97887
2026/07/08 17:20:04.153, 5, 100, 74582, 97887
2026/07/08 17:20:04.165, 6, 98, 74584, 97887
2026/07/08 17:20:04.178, 7, 98, 74584, 97887
2026/07/08 17:20:05.192, 0, 5, 57060, 97887
2026/07/08 17:20:05.207, 1, 10, 57056, 97887
2026/07/08 17:20:05.221, 2, 5, 57058, 97887
2026/07/08 17:20:05.240, 3, 11, 57056, 97887
2026/07/08 17:20:05.252, 4, 100, 74582, 97887
2026/07/08 17:20:05.268, 5, 97, 74582, 97887
2026/07/08 17:20:05.284, 6, 0, 74584, 97887
2026/07/08 17:20:05.300, 7, 0, 74584, 97887
2026/07/08 17:20:06.316, 0, 7, 57060, 97887
2026/07/08 17:20:06.333, 1, 5, 57056, 97887
2026/07/08 17:20:06.349, 2, 5, 57058, 97887
2026/07/08 17:20:06.364, 3, 100, 57056, 97887
2026/07/08 17:20:06.381, 4, 100, 74582, 97887
2026/07/08 17:20:06.396, 5, 97, 74582, 97887
2026/07/08 17:20:06.408, 6, 0, 74584, 97887
2026/07/08 17:20:06.422, 7, 0, 74584, 97887
2026/07/08 17:20:07.441, 0, 41, 57060, 97887
2026/07/08 17:20:07.460, 1, 5, 57056, 97887
2026/07/08 17:20:07.476, 2, 100, 57058, 97887
2026/07/08 17:20:07.492, 3, 100, 57056, 97887
2026/07/08 17:20:07.508, 4, 98, 74584, 97887
2026/07/08 17:20:07.524, 5, 100, 74584, 97887
2026/07/08 17:20:07.540, 6, 0, 74584, 97887
2026/07/08 17:20:07.554, 7, 0, 74584, 97887
2026/07/08 17:20:08.569, 0, 0, 52216, 97887
2026/07/08 17:20:08.591, 1, 0, 50476, 97887
2026/07/08 17:20:08.612, 2, 0, 54836, 97887
2026/07/08 17:20:08.631, 3, 0, 57056, 97887
2026/07/08 17:20:08.650, 4, 0, 74584, 97887
2026/07/08 17:20:08.670, 5, 0, 74584, 97887
2026/07/08 17:20:08.690, 6, 0, 74584, 97887
2026/07/08 17:20:08.708, 7, 0, 74584, 97887
2026/07/08 17:20:09.726, 0, 4, 46820, 97887
2026/07/08 17:20:09.741, 1, 4, 46820, 97887
2026/07/08 17:20:09.756, 2, 4, 46820, 97887
2026/07/08 17:20:09.774, 3, 4, 46820, 97887
2026/07/08 17:20:09.791, 4, 0, 74584, 97887
2026/07/08 17:20:09.811, 5, 0, 74584, 97887
2026/07/08 17:20:09.826, 6, 0, 74584, 97887
2026/07/08 17:20:09.843, 7, 0, 74584, 97887
2026/07/08 17:20:10.861, 0, 4, 46826, 97887
2026/07/08 17:20:10.881, 1, 4, 46826, 97887
2026/07/08 17:20:10.898, 2, 4, 46826, 97887
2026/07/08 17:20:10.915, 3, 4, 46826, 97887
2026/07/08 17:20:10.935, 4, 0, 74584, 97887
2026/07/08 17:20:10.950, 5, 0, 74584, 97887
2026/07/08 17:20:10.966, 6, 0, 74584, 97887
2026/07/08 17:20:10.986, 7, 0, 74584, 97887
2026/07/08 17:20:12.004, 0, 4, 46832, 97887
2026/07/08 17:20:12.021, 1, 4, 46832, 97887
2026/07/08 17:20:12.039, 2, 4, 46832, 97887
2026/07/08 17:20:12.059, 3, 4, 46832, 97887
2026/07/08 17:20:12.078, 4, 0, 74584, 97887
2026/07/08 17:20:12.094, 5, 0, 74584, 97887
2026/07/08 17:20:12.112, 6, 0, 74584, 97887
2026/07/08 17:20:12.132, 7, 0, 74584, 97887
2026/07/08 17:20:13.152, 0, 4, 46838, 97887
2026/07/08 17:20:13.170, 1, 4, 46838, 97887
2026/07/08 17:20:13.189, 2, 4, 46838, 97887
2026/07/08 17:20:13.207, 3, 4, 46836, 97887
2026/07/08 17:20:13.225, 4, 0, 74584, 97887
2026/07/08 17:20:13.237, 5, 0, 74584, 97887
2026/07/08 17:20:13.253, 6, 0, 74584, 97887
2026/07/08 17:20:13.271, 7, 0, 74584, 97887
2026/07/08 17:20:14.287, 0, 4, 46842, 97887
2026/07/08 17:20:14.305, 1, 4, 46842, 97887
2026/07/08 17:20:14.322, 2, 4, 46842, 97887
2026/07/08 17:20:14.341, 3, 4, 46842, 97887
2026/07/08 17:20:14.359, 4, 0, 74584, 97887
2026/07/08 17:20:14.377, 5, 0, 74584, 97887
2026/07/08 17:20:14.396, 6, 0, 74584, 97887
2026/07/08 17:20:14.413, 7, 0, 74584, 97887
2026/07/08 17:20:15.431, 0, 5, 46848, 97887
2026/07/08 17:20:15.449, 1, 5, 46848, 97887
2026/07/08 17:20:15.461, 2, 4, 46848, 97887
2026/07/08 17:20:15.473, 3, 4, 46848, 97887
2026/07/08 17:20:15.486, 4, 0, 74584, 97887
2026/07/08 17:20:15.498, 5, 0, 74584, 97887
2026/07/08 17:20:15.513, 6, 96, 74584, 97887
2026/07/08 17:20:15.527, 7, 97, 74584, 97887
2026/07/08 17:20:16.541, 0, 4, 46854, 97887
2026/07/08 17:20:16.556, 1, 4, 46854, 97887
2026/07/08 17:20:16.576, 2, 4, 46854, 97887
2026/07/08 17:20:16.592, 3, 2, 46854, 97887
2026/07/08 17:20:16.606, 4, 0, 74584, 97887
2026/07/08 17:20:16.618, 5, 0, 74584, 97887
2026/07/08 17:20:16.639, 6, 32, 74586, 97887
2026/07/08 17:20:16.653, 7, 95, 74586, 97887
2026/07/08 17:20:17.666, 0, 0, 46876, 97887
2026/07/08 17:20:17.678, 1, 0, 46874, 97887
2026/07/08 17:20:17.694, 2, 0, 46876, 97887
2026/07/08 17:20:17.708, 3, 0, 46874, 97887
2026/07/08 17:20:17.724, 4, 0, 74584, 97887
2026/07/08 17:20:17.737, 5, 100, 74584, 97887
2026/07/08 17:20:17.747, 6, 31, 74586, 97887
2026/07/08 17:20:17.763, 7, 3, 74586, 97887
2026/07/08 17:20:18.776, 0, 0, 46878, 97887
2026/07/08 17:20:18.789, 1, 0, 46874, 97887
2026/07/08 17:20:18.804, 2, 0, 46876, 97887
2026/07/08 17:20:18.818, 3, 20, 46874, 97887
2026/07/08 17:20:18.833, 4, 0, 74584, 97887
2026/07/08 17:20:18.847, 5, 100, 74584, 97887
2026/07/08 17:20:18.861, 6, 0, 75144, 97887
2026/07/08 17:20:18.876, 7, 0, 75144, 97887
2026/07/08 17:20:19.890, 0, 0, 46878, 97887
2026/07/08 17:20:19.911, 1, 96, 46874, 97887
2026/07/08 17:20:19.931, 2, 99, 46876, 97887
2026/07/08 17:20:19.948, 3, 40, 46874, 97887
2026/07/08 17:20:19.966, 4, 97, 74584, 97887
2026/07/08 17:20:19.983, 5, 65, 74584, 97887
2026/07/08 17:20:20.001, 6, 100, 74678, 97887
2026/07/08 17:20:20.017, 7, 100, 74680, 97887
2026/07/08 17:20:21.032, 0, 5, 46878, 97887
2026/07/08 17:20:21.047, 1, 5, 46874, 97887
2026/07/08 17:20:21.058, 2, 5, 46876, 97887
2026/07/08 17:20:21.071, 3, 6, 46874, 97887
2026/07/08 17:20:21.084, 4, 26, 74586, 97887
2026/07/08 17:20:21.096, 5, 95, 74586, 97887
2026/07/08 17:20:21.106, 6, 46, 75104, 97887
2026/07/08 17:20:21.119, 7, 58, 75104, 97887
2026/07/08 17:20:22.132, 0, 6, 46878, 97887
2026/07/08 17:20:22.146, 1, 5, 46874, 97887
2026/07/08 17:20:22.159, 2, 5, 46876, 97887
2026/07/08 17:20:22.173, 3, 5, 46874, 97887
2026/07/08 17:20:22.187, 4, 0, 75144, 97887
2026/07/08 17:20:22.198, 5, 0, 75144, 97887
2026/07/08 17:20:22.208, 6, 46, 75088, 97887
2026/07/08 17:20:22.219, 7, 42, 74770, 97887
2026/07/08 17:20:23.229, 0, 5, 46878, 97887
2026/07/08 17:20:23.242, 1, 5, 46874, 97887
2026/07/08 17:20:23.253, 2, 5, 46876, 97887
2026/07/08 17:20:23.266, 3, 5, 46874, 97887
2026/07/08 17:20:23.281, 4, 100, 74672, 97887
2026/07/08 17:20:23.296, 5, 91, 74680, 97887
2026/07/08 17:20:23.317, 6, 63, 75086, 97887
2026/07/08 17:20:23.331, 7, 80, 75086, 97887
2026/07/08 17:20:24.345, 0, 5, 46878, 97887
2026/07/08 17:20:24.354, 1, 5, 46874, 97887
2026/07/08 17:20:24.363, 2, 5, 46876, 97887
2026/07/08 17:20:24.377, 3, 5, 46874, 97887
2026/07/08 17:20:24.390, 4, 47, 75104, 97887
2026/07/08 17:20:24.404, 5, 100, 75104, 97887
2026/07/08 17:20:24.416, 6, 99, 75102, 97887
2026/07/08 17:20:24.430, 7, 89, 75102, 97887
2026/07/08 17:20:25.447, 0, 5, 46878, 97887
2026/07/08 17:20:25.466, 1, 6, 46874, 97887
2026/07/08 17:20:25.480, 2, 5, 46876, 97887
2026/07/08 17:20:25.494, 3, 5, 46874, 97887
2026/07/08 17:20:25.506, 4, 62, 74774, 97887
2026/07/08 17:20:25.520, 5, 100, 74778, 97887
2026/07/08 17:20:25.533, 6, 60, 75112, 97887
2026/07/08 17:20:25.548, 7, 41, 75112, 97887
2026/07/08 17:20:26.564, 0, 62, 46878, 97887
2026/07/08 17:20:26.581, 1, 64, 46874, 97887
2026/07/08 17:20:26.594, 2, 65, 46876, 97887
2026/07/08 17:20:26.608, 3, 42, 46874, 97887
2026/07/08 17:20:26.620, 4, 75, 75086, 97887
2026/07/08 17:20:26.633, 5, 27, 75086, 97887
2026/07/08 17:20:26.650, 6, 38, 75102, 97887
2026/07/08 17:20:26.664, 7, 24, 75084, 97887
2026/07/08 17:20:27.678, 0, 0, 46878, 97887
2026/07/08 17:20:27.694, 1, 0, 46874, 97887
2026/07/08 17:20:27.712, 2, 0, 46876, 97887
2026/07/08 17:20:27.732, 3, 0, 46874, 97887
2026/07/08 17:20:27.749, 4, 15, 74952, 97887
2026/07/08 17:20:27.768, 5, 91, 75102, 97887
2026/07/08 17:20:27.785, 6, 26, 75146, 97887
2026/07/08 17:20:27.801, 7, 36, 75148, 97887
2026/07/08 17:20:28.818, 0, 3, 57096, 97887
2026/07/08 17:20:28.831, 1, 3, 57096, 97887
2026/07/08 17:20:28.842, 2, 1, 57096, 97887
2026/07/08 17:20:28.857, 3, 4, 57096, 97887
2026/07/08 17:20:28.871, 4, 76, 75022, 97887
2026/07/08 17:20:28.887, 5, 40, 75026, 97887
2026/07/08 17:20:28.906, 6, 13, 75204, 97887
2026/07/08 17:20:28.924, 7, 19, 75206, 97887
2026/07/08 17:20:29.942, 0, 4, 57102, 97887
2026/07/08 17:20:29.958, 1, 5, 57102, 97887
2026/07/08 17:20:29.973, 2, 5, 57102, 97887
2026/07/08 17:20:29.985, 3, 4, 57102, 97887
2026/07/08 17:20:29.995, 4, 38, 75060, 97887
2026/07/08 17:20:30.009, 5, 26, 75060, 97887
2026/07/08 17:20:30.021, 6, 10, 75260, 97887
2026/07/08 17:20:30.033, 7, 44, 75260, 97887
2026/07/08 17:20:31.049, 0, 4, 57108, 97887
2026/07/08 17:20:31.062, 1, 4, 57108, 97887
2026/07/08 17:20:31.077, 2, 4, 57108, 97887
2026/07/08 17:20:31.091, 3, 4, 57108, 97887
2026/07/08 17:20:31.107, 4, 6, 75118, 97887
2026/07/08 17:20:31.121, 5, 23, 75118, 97887
2026/07/08 17:20:31.137, 6, 1, 75312, 97887
2026/07/08 17:20:31.151, 7, 4, 75312, 97887
2026/07/08 17:20:32.162, 0, 4, 57114, 97887
2026/07/08 17:20:32.178, 1, 4, 57114, 97887
2026/07/08 17:20:32.190, 2, 4, 57114, 97887
2026/07/08 17:20:32.208, 3, 4, 57114, 97887
2026/07/08 17:20:32.223, 4, 13, 75178, 97887
2026/07/08 17:20:32.240, 5, 49, 75178, 97887
2026/07/08 17:20:32.255, 6, 0, 75320, 97887
2026/07/08 17:20:32.268, 7, 0, 75320, 97887
2026/07/08 17:20:33.283, 0, 4, 57118, 97887
2026/07/08 17:20:33.297, 1, 4, 57118, 97887
2026/07/08 17:20:33.313, 2, 4, 57118, 97887
2026/07/08 17:20:33.329, 3, 4, 57118, 97887
2026/07/08 17:20:33.343, 4, 1, 75222, 97887
2026/07/08 17:20:33.356, 5, 20, 75230, 97887
2026/07/08 17:20:33.368, 6, 60, 75344, 97887
2026/07/08 17:20:33.381, 7, 5, 75344, 97887
2026/07/08 17:20:34.393, 0, 4, 57124, 97887
2026/07/08 17:20:34.408, 1, 4, 57124, 97887
2026/07/08 17:20:34.422, 2, 4, 57124, 97887
2026/07/08 17:20:34.436, 3, 4, 57124, 97887
2026/07/08 17:20:34.451, 4, 1, 75274, 97887
2026/07/08 17:20:34.467, 5, 11, 75274, 97887
2026/07/08 17:20:34.481, 6, 0, 75344, 97887
2026/07/08 17:20:34.502, 7, 0, 75344, 97887
2026/07/08 17:20:35.521, 0, 4, 57130, 97887
2026/07/08 17:20:35.535, 1, 4, 57130, 97887
2026/07/08 17:20:35.549, 2, 4, 57130, 97887
2026/07/08 17:20:35.563, 3, 4, 57130, 97887
2026/07/08 17:20:35.577, 4, 2, 75320, 97887
2026/07/08 17:20:35.588, 5, 21, 75320, 97887
2026/07/08 17:20:35.598, 6, 0, 75344, 97887
2026/07/08 17:20:35.606, 7, 0, 75344, 97887
2026/07/08 17:20:36.613, 0, 2, 57134, 97887
2026/07/08 17:20:36.630, 1, 4, 57134, 97887
2026/07/08 17:20:36.648, 2, 4, 57136, 97887
2026/07/08 17:20:36.668, 3, 3, 57134, 97887
2026/07/08 17:20:36.684, 4, 0, 75320, 97887
2026/07/08 17:20:36.697, 5, 0, 75320, 97887
2026/07/08 17:20:36.714, 6, 0, 75344, 97887
2026/07/08 17:20:36.731, 7, 0, 75344, 97887
2026/07/08 17:20:37.749, 0, 0, 46896, 97887
2026/07/08 17:20:37.767, 1, 0, 46896, 97887
2026/07/08 17:20:37.786, 2, 0, 46896, 97887
2026/07/08 17:20:37.805, 3, 0, 46896, 97887
2026/07/08 17:20:37.828, 4, 0, 75344, 97887
2026/07/08 17:20:37.847, 5, 0, 75344, 97887
2026/07/08 17:20:37.865, 6, 0, 75344, 97887
2026/07/08 17:20:37.883, 7, 0, 75344, 97887
2026/07/08 17:20:38.903, 0, 0, 48096, 97887
2026/07/08 17:20:38.921, 1, 100, 48096, 97887
2026/07/08 17:20:38.938, 2, 0, 48096, 97887
2026/07/08 17:20:38.955, 3, 0, 48096, 97887
2026/07/08 17:20:38.969, 4, 0, 75364, 97887
2026/07/08 17:20:38.984, 5, 0, 75364, 97887
2026/07/08 17:20:39.000, 6, 0, 75364, 97887
2026/07/08 17:20:39.015, 7, 0, 75364, 97887
2026/07/08 17:20:40.034, 0, 0, 48096, 97887
2026/07/08 17:20:40.049, 1, 100, 48096, 97887
2026/07/08 17:20:40.073, 2, 0, 48096, 97887
2026/07/08 17:20:40.094, 3, 0, 48096, 97887
2026/07/08 17:20:40.112, 4, 0, 75364, 97887
2026/07/08 17:20:40.132, 5, 0, 75364, 97887
2026/07/08 17:20:40.152, 6, 0, 75364, 97887
2026/07/08 17:20:40.171, 7, 0, 75364, 97887
2026/07/08 17:20:41.191, 0, 89, 48100, 97887
2026/07/08 17:20:41.206, 1, 100, 48096, 97887
2026/07/08 17:20:41.216, 2, 0, 48096, 97887
2026/07/08 17:20:41.230, 3, 0, 48096, 97887
2026/07/08 17:20:41.243, 4, 58, 75970, 97887
2026/07/08 17:20:41.258, 5, 51, 75970, 97887
2026/07/08 17:20:41.271, 6, 21, 75970, 97887
2026/07/08 17:20:41.284, 7, 57, 75970, 97887
2026/07/08 17:20:42.304, 0, 69, 48704, 97887
2026/07/08 17:20:42.319, 1, 98, 48104, 97887
2026/07/08 17:20:42.334, 2, 98, 48104, 97887
2026/07/08 17:20:42.348, 3, 98, 48104, 97887
2026/07/08 17:20:42.360, 4, 56, 75970, 97887
2026/07/08 17:20:42.373, 5, 68, 75970, 97887
2026/07/08 17:20:42.385, 6, 41, 75970, 97887
2026/07/08 17:20:42.400, 7, 59, 75970, 97887
2026/07/08 17:20:43.411, 0, 67, 48704, 97887
2026/07/08 17:20:43.426, 1, 97, 48104, 97887
2026/07/08 17:20:43.440, 2, 98, 48104, 97887
2026/07/08 17:20:43.450, 3, 98, 48104, 97887
2026/07/08 17:20:43.464, 4, 45, 75970, 97887
2026/07/08 17:20:43.479, 5, 57, 75970, 97887
2026/07/08 17:20:43.493, 6, 57, 75970, 97887
2026/07/08 17:20:43.507, 7, 50, 75970, 97887
2026/07/08 17:20:44.521, 0, 49, 48704, 97887
2026/07/08 17:20:44.535, 1, 97, 48104, 97887
2026/07/08 17:20:44.548, 2, 97, 48104, 97887
2026/07/08 17:20:44.561, 3, 97, 48104, 97887
2026/07/08 17:20:44.573, 4, 72, 75970, 97887
2026/07/08 17:20:44.587, 5, 60, 75970, 97887
2026/07/08 17:20:44.600, 6, 69, 75970, 97887
2026/07/08 17:20:44.614, 7, 67, 75970, 97887
2026/07/08 17:20:45.626, 0, 57, 48704, 97887
2026/07/08 17:20:45.643, 1, 97, 48104, 97887
2026/07/08 17:20:45.658, 2, 97, 48104, 97887
2026/07/08 17:20:45.672, 3, 98, 48104, 97887
2026/07/08 17:20:45.686, 4, 50, 75970, 97887
2026/07/08 17:20:45.701, 5, 41, 75970, 97887
2026/07/08 17:20:45.720, 6, 62, 75970, 97887
2026/07/08 17:20:45.735, 7, 46, 75970, 97887
2026/07/08 17:20:46.748, 0, 76, 48704, 97887
2026/07/08 17:20:46.760, 1, 97, 48104, 97887
2026/07/08 17:20:46.774, 2, 98, 48104, 97887
2026/07/08 17:20:46.789, 3, 99, 48104, 97887
2026/07/08 17:20:46.804, 4, 46, 75970, 97887
2026/07/08 17:20:46.817, 5, 54, 75970, 97887
2026/07/08 17:20:46.829, 6, 61, 75970, 97887
2026/07/08 17:20:46.844, 7, 44, 75970, 97887
2026/07/08 17:20:47.858, 0, 70, 48704, 97887
2026/07/08 17:20:47.873, 1, 99, 48104, 97887
2026/07/08 17:20:47.886, 2, 99, 48104, 97887
2026/07/08 17:20:47.899, 3, 98, 48104, 97887
2026/07/08 17:20:47.911, 4, 54, 75970, 97887
2026/07/08 17:20:47.925, 5, 65, 75970, 97887
2026/07/08 17:20:47.939, 6, 46, 75970, 97887
2026/07/08 17:20:47.954, 7, 58, 75970, 97887
2026/07/08 17:20:48.970, 0, 52, 48704, 97887
2026/07/08 17:20:48.982, 1, 98, 48104, 97887
2026/07/08 17:20:48.994, 2, 98, 48104, 97887
2026/07/08 17:20:49.010, 3, 98, 48104, 97887
2026/07/08 17:20:49.025, 4, 75, 75970, 97887
2026/07/08 17:20:49.047, 5, 68, 75970, 97887
2026/07/08 17:20:49.060, 6, 42, 75970, 97887
2026/07/08 17:20:49.077, 7, 73, 75970, 97887
2026/07/08 17:20:50.091, 0, 0, 48704, 97887
2026/07/08 17:20:50.108, 1, 0, 48104, 97887
2026/07/08 17:20:50.125, 2, 0, 48104, 97887
2026/07/08 17:20:50.144, 3, 0, 48104, 97887
2026/07/08 17:20:50.159, 4, 0, 75370, 97887
2026/07/08 17:20:50.176, 5, 0, 75370, 97887
2026/07/08 17:20:50.195, 6, 0, 75370, 97887
2026/07/08 17:20:50.213, 7, 0, 75370, 97887
2026/07/08 17:20:51.231, 0, 0, 48704, 97887
2026/07/08 17:20:51.250, 1, 0, 48104, 97887
2026/07/08 17:20:51.267, 2, 0, 48104, 97887
2026/07/08 17:20:51.283, 3, 0, 48104, 97887
2026/07/08 17:20:51.301, 4, 0, 75370, 97887
2026/07/08 17:20:51.317, 5, 0, 75370, 97887
2026/07/08 17:20:51.331, 6, 0, 75370, 97887
2026/07/08 17:20:51.343, 7, 0, 75370, 97887
2026/07/08 17:20:52.359, 0, 0, 48704, 97887
2026/07/08 17:20:52.379, 1, 0, 48104, 97887
2026/07/08 17:20:52.397, 2, 0, 48104, 97887
2026/07/08 17:20:52.415, 3, 0, 48104, 97887
2026/07/08 17:20:52.433, 4, 0, 75370, 97887
2026/07/08 17:20:52.449, 5, 0, 75370, 97887
2026/07/08 17:20:52.464, 6, 88, 75376, 97887
2026/07/08 17:20:52.479, 7, 7, 75376, 97887
2026/07/08 17:20:53.495, 0, 0, 48704, 97887
2026/07/08 17:20:53.510, 1, 0, 48104, 97887
2026/07/08 17:20:53.522, 2, 0, 48104, 97887
2026/07/08 17:20:53.533, 3, 0, 48104, 97887
2026/07/08 17:20:53.546, 4, 0, 75370, 97887
2026/07/08 17:20:53.560, 5, 0, 75370, 97887
2026/07/08 17:20:53.568, 6, 0, 75376, 97887
2026/07/08 17:20:53.579, 7, 0, 75376, 97887
2026/07/08 17:20:54.589, 0, 0, 48704, 97887
2026/07/08 17:20:54.608, 1, 0, 48104, 97887
2026/07/08 17:20:54.637, 2, 0, 48104, 97887
2026/07/08 17:20:54.654, 3, 0, 48104, 97887
2026/07/08 17:20:54.673, 4, 0, 75370, 97887
2026/07/08 17:20:54.696, 5, 0, 75370, 97887
2026/07/08 17:20:54.716, 6, 0, 75376, 97887
2026/07/08 17:20:54.735, 7, 0, 75376, 97887
2026/07/08 17:20:55.749, 0, 0, 48704, 97887
2026/07/08 17:20:55.764, 1, 0, 48104, 97887
2026/07/08 17:20:55.789, 2, 0, 48104, 97887
2026/07/08 17:20:55.806, 3, 0, 48104, 97887
2026/07/08 17:20:55.829, 4, 0, 75370, 97887
2026/07/08 17:20:55.846, 5, 0, 75370, 97887
2026/07/08 17:20:55.863, 6, 0, 75376, 97887
2026/07/08 17:20:55.882, 7, 0, 75376, 97887
2026/07/08 17:20:56.897, 0, 0, 48704, 97887
2026/07/08 17:20:56.917, 1, 0, 48104, 97887
2026/07/08 17:20:56.934, 2, 0, 48104, 97887
2026/07/08 17:20:56.950, 3, 0, 48104, 97887
2026/07/08 17:20:56.965, 4, 0, 75370, 97887
2026/07/08 17:20:56.978, 5, 0, 75370, 97887
2026/07/08 17:20:56.994, 6, 0, 75376, 97887
2026/07/08 17:20:57.023, 7, 0, 75376, 97887
2026/07/08 17:20:58.044, 0, 0, 48704, 97887
2026/07/08 17:20:58.062, 1, 0, 48104, 97887
2026/07/08 17:20:58.078, 2, 0, 48104, 97887
2026/07/08 17:20:58.095, 3, 0, 48104, 97887
2026/07/08 17:20:58.113, 4, 0, 75370, 97887
2026/07/08 17:20:58.133, 5, 0, 75370, 97887
2026/07/08 17:20:58.145, 6, 0, 75376, 97887
2026/07/08 17:20:58.165, 7, 0, 75376, 97887
2026/07/08 17:20:59.178, 0, 0, 48704, 97887
2026/07/08 17:20:59.193, 1, 0, 48104, 97887
2026/07/08 17:20:59.206, 2, 0, 48104, 97887
2026/07/08 17:20:59.219, 3, 0, 48104, 97887
2026/07/08 17:20:59.232, 4, 0, 75370, 97887
2026/07/08 17:20:59.244, 5, 0, 75370, 97887
2026/07/08 17:20:59.256, 6, 0, 75376, 97887
2026/07/08 17:20:59.275, 7, 0, 75376, 97887
2026/07/08 17:21:00.294, 0, 0, 48704, 97887
2026/07/08 17:21:00.306, 1, 0, 48104, 97887
2026/07/08 17:21:00.343, 2, 0, 48104, 97887
2026/07/08 17:21:00.380, 3, 0, 48104, 97887
2026/07/08 17:21:00.388, 4, 0, 75370, 97887
2026/07/08 17:21:00.403, 5, 0, 75370, 97887
2026/07/08 17:21:00.418, 6, 0, 75376, 97887
2026/07/08 17:21:00.445, 7, 0, 75376, 97887
2026/07/08 17:21:01.455, 0, 0, 48704, 97887
2026/07/08 17:21:01.467, 1, 0, 48104, 97887
2026/07/08 17:21:01.479, 2, 0, 48104, 97887
2026/07/08 17:21:01.489, 3, 0, 48104, 97887
2026/07/08 17:21:01.501, 4, 0, 75370, 97887
2026/07/08 17:21:01.512, 5, 0, 75370, 97887
2026/07/08 17:21:01.524, 6, 0, 75376, 97887
2026/07/08 17:21:01.537, 7, 0, 75376, 97887
2026/07/08 17:21:02.552, 0, 0, 48704, 97887
2026/07/08 17:21:02.564, 1, 0, 48104, 97887
2026/07/08 17:21:02.570, 2, 0, 48104, 97887
2026/07/08 17:21:02.582, 3, 0, 48104, 97887
2026/07/08 17:21:02.595, 4, 0, 75370, 97887
2026/07/08 17:21:02.609, 5, 0, 75370, 97887
2026/07/08 17:21:02.623, 6, 0, 75376, 97887
2026/07/08 17:21:02.635, 7, 0, 75376, 97887
2026/07/08 17:21:03.650, 0, 0, 48704, 97887
2026/07/08 17:21:03.666, 1, 0, 48104, 97887
2026/07/08 17:21:03.680, 2, 0, 48104, 97887
2026/07/08 17:21:03.695, 3, 0, 48104, 97887
2026/07/08 17:21:03.711, 4, 0, 75370, 97887
2026/07/08 17:21:03.725, 5, 0, 75370, 97887
2026/07/08 17:21:03.740, 6, 0, 75376, 97887
2026/07/08 17:21:03.754, 7, 0, 75376, 97887
2026/07/08 17:21:04.771, 0, 0, 48704, 97887
2026/07/08 17:21:04.788, 1, 0, 48104, 97887
2026/07/08 17:21:04.802, 2, 0, 48104, 97887
2026/07/08 17:21:04.814, 3, 0, 48104, 97887
2026/07/08 17:21:04.824, 4, 0, 75370, 97887
2026/07/08 17:21:04.837, 5, 0, 75370, 97887
2026/07/08 17:21:04.851, 6, 0, 75376, 97887
2026/07/08 17:21:04.862, 7, 0, 75376, 97887
2026/07/08 17:21:05.873, 0, 0, 48704, 97887
2026/07/08 17:21:05.890, 1, 0, 48104, 97887
2026/07/08 17:21:05.908, 2, 0, 48104, 97887
2026/07/08 17:21:05.927, 3, 0, 48104, 97887
2026/07/08 17:21:05.950, 4, 0, 75370, 97887
2026/07/08 17:21:05.970, 5, 0, 75370, 97887
2026/07/08 17:21:05.992, 6, 0, 75376, 97887
2026/07/08 17:21:06.013, 7, 0, 75376, 97887
2026/07/08 17:21:07.039, 0, 0, 48704, 97887
2026/07/08 17:21:07.053, 1, 0, 48104, 97887
2026/07/08 17:21:07.068, 2, 0, 48104, 97887
2026/07/08 17:21:07.087, 3, 0, 48104, 97887
2026/07/08 17:21:07.101, 4, 0, 75370, 97887
2026/07/08 17:21:07.117, 5, 0, 75370, 97887
2026/07/08 17:21:07.132, 6, 0, 75376, 97887
2026/07/08 17:21:07.147, 7, 0, 75376, 97887
2026/07/08 17:21:08.163, 0, 0, 48704, 97887
2026/07/08 17:21:08.177, 1, 0, 48104, 97887
2026/07/08 17:21:08.193, 2, 0, 48104, 97887
2026/07/08 17:21:08.207, 3, 0, 48104, 97887
2026/07/08 17:21:08.221, 4, 0, 75370, 97887
2026/07/08 17:21:08.237, 5, 0, 75370, 97887
2026/07/08 17:21:08.251, 6, 0, 75376, 97887
2026/07/08 17:21:08.267, 7, 0, 75376, 97887
2026/07/08 17:21:09.284, 0, 0, 48704, 97887
2026/07/08 17:21:09.301, 1, 0, 48104, 97887
2026/07/08 17:21:09.319, 2, 0, 48104, 97887
2026/07/08 17:21:09.335, 3, 0, 48104, 97887
2026/07/08 17:21:09.352, 4, 0, 75370, 97887
2026/07/08 17:21:09.366, 5, 0, 75370, 97887
2026/07/08 17:21:09.378, 6, 0, 75376, 97887
2026/07/08 17:21:09.394, 7, 0, 75376, 97887
2026/07/08 17:21:10.414, 0, 0, 48704, 97887
2026/07/08 17:21:10.431, 1, 0, 48104, 97887
2026/07/08 17:21:10.448, 2, 0, 48104, 97887
2026/07/08 17:21:10.467, 3, 0, 48104, 97887
2026/07/08 17:21:10.484, 4, 0, 75370, 97887
2026/07/08 17:21:10.502, 5, 0, 75370, 97887
2026/07/08 17:21:10.519, 6, 0, 75376, 97887
2026/07/08 17:21:10.538, 7, 0, 75376, 97887
2026/07/08 17:21:11.553, 0, 0, 48704, 97887
2026/07/08 17:21:11.562, 1, 0, 48104, 97887
2026/07/08 17:21:11.576, 2, 0, 48104, 97887
2026/07/08 17:21:11.595, 3, 0, 48104, 97887
2026/07/08 17:21:11.607, 4, 0, 75370, 97887
2026/07/08 17:21:11.619, 5, 0, 75370, 97887
2026/07/08 17:21:11.635, 6, 0, 75376, 97887
2026/07/08 17:21:11.650, 7, 0, 75376, 97887
2026/07/08 17:21:12.668, 0, 0, 48704, 97887
2026/07/08 17:21:12.682, 1, 0, 48104, 97887
2026/07/08 17:21:12.698, 2, 0, 48104, 97887
2026/07/08 17:21:12.714, 3, 0, 48104, 97887
2026/07/08 17:21:12.729, 4, 0, 75370, 97887
2026/07/08 17:21:12.743, 5, 0, 75370, 97887
2026/07/08 17:21:12.761, 6, 0, 75376, 97887
2026/07/08 17:21:12.780, 7, 0, 75376, 97887
2026/07/08 17:21:13.792, 0, 0, 48704, 97887
2026/07/08 17:21:13.810, 1, 0, 48104, 97887
2026/07/08 17:21:13.823, 2, 0, 48104, 97887
2026/07/08 17:21:13.838, 3, 0, 48104, 97887
2026/07/08 17:21:13.852, 4, 0, 75370, 97887
2026/07/08 17:21:13.866, 5, 0, 75370, 97887
2026/07/08 17:21:13.881, 6, 0, 75376, 97887
2026/07/08 17:21:13.898, 7, 0, 75376, 97887
2026/07/08 17:21:14.912, 0, 0, 48704, 97887
2026/07/08 17:21:14.926, 1, 0, 48104, 97887
2026/07/08 17:21:14.942, 2, 0, 48104, 97887
2026/07/08 17:21:14.956, 3, 0, 48104, 97887
2026/07/08 17:21:14.972, 4, 0, 75370, 97887
2026/07/08 17:21:14.987, 5, 0, 75370, 97887
2026/07/08 17:21:15.004, 6, 0, 75376, 97887
2026/07/08 17:21:15.017, 7, 0, 75376, 97887
2026/07/08 17:21:16.031, 0, 0, 48704, 97887
2026/07/08 17:21:16.049, 1, 0, 48104, 97887
2026/07/08 17:21:16.065, 2, 0, 48104, 97887
2026/07/08 17:21:16.082, 3, 0, 48104, 97887
2026/07/08 17:21:16.096, 4, 0, 75370, 97887
2026/07/08 17:21:16.109, 5, 0, 75370, 97887
2026/07/08 17:21:16.123, 6, 0, 75376, 97887
2026/07/08 17:21:16.140, 7, 0, 75376, 97887
2026/07/08 17:21:17.156, 0, 0, 48704, 97887
2026/07/08 17:21:17.172, 1, 0, 48104, 97887
2026/07/08 17:21:17.186, 2, 0, 48104, 97887
2026/07/08 17:21:17.200, 3, 0, 48104, 97887
2026/07/08 17:21:17.213, 4, 0, 75370, 97887
2026/07/08 17:21:17.226, 5, 0, 75370, 97887
2026/07/08 17:21:17.239, 6, 0, 75376, 97887
2026/07/08 17:21:17.253, 7, 0, 75376, 97887
2026/07/08 17:21:18.267, 0, 0, 48704, 97887
2026/07/08 17:21:18.283, 1, 0, 48104, 97887
2026/07/08 17:21:18.300, 2, 0, 48104, 97887
2026/07/08 17:21:18.314, 3, 0, 48104, 97887
2026/07/08 17:21:18.328, 4, 0, 75370, 97887
2026/07/08 17:21:18.342, 5, 0, 75370, 97887
2026/07/08 17:21:18.355, 6, 0, 75376, 97887
2026/07/08 17:21:18.371, 7, 0, 75376, 97887
2026/07/08 17:21:19.388, 0, 0, 48704, 97887
2026/07/08 17:21:19.405, 1, 0, 48104, 97887
2026/07/08 17:21:19.422, 2, 0, 48104, 97887
2026/07/08 17:21:19.441, 3, 0, 48104, 97887
2026/07/08 17:21:19.455, 4, 0, 75370, 97887
2026/07/08 17:21:19.471, 5, 0, 75370, 97887
2026/07/08 17:21:19.486, 6, 0, 75376, 97887
2026/07/08 17:21:19.501, 7, 0, 75376, 97887
2026/07/08 17:21:20.514, 0, 0, 48704, 97887
2026/07/08 17:21:20.529, 1, 0, 48104, 97887
2026/07/08 17:21:20.544, 2, 0, 48104, 97887
2026/07/08 17:21:20.562, 3, 0, 48104, 97887
2026/07/08 17:21:20.579, 4, 0, 75370, 97887
2026/07/08 17:21:20.594, 5, 0, 75370, 97887
2026/07/08 17:21:20.607, 6, 0, 75376, 97887
2026/07/08 17:21:20.625, 7, 0, 75376, 97887
2026/07/08 17:21:21.642, 0, 0, 48704, 97887
2026/07/08 17:21:21.660, 1, 0, 48104, 97887
2026/07/08 17:21:21.676, 2, 0, 48104, 97887
2026/07/08 17:21:21.692, 3, 0, 48104, 97887
2026/07/08 17:21:21.709, 4, 0, 75370, 97887
2026/07/08 17:21:21.724, 5, 0, 75370, 97887
2026/07/08 17:21:21.740, 6, 0, 75376, 97887
2026/07/08 17:21:21.756, 7, 0, 75376, 97887
2026/07/08 17:21:22.772, 0, 0, 48704, 97887
2026/07/08 17:21:22.788, 1, 0, 48104, 97887
2026/07/08 17:21:22.803, 2, 0, 48104, 97887
2026/07/08 17:21:22.817, 3, 0, 48104, 97887
2026/07/08 17:21:22.831, 4, 0, 75370, 97887
2026/07/08 17:21:22.845, 5, 0, 75370, 97887
2026/07/08 17:21:22.858, 6, 0, 75376, 97887
2026/07/08 17:21:22.875, 7, 0, 75376, 97887
2026/07/08 17:21:23.889, 0, 0, 48704, 97887
2026/07/08 17:21:23.905, 1, 0, 48104, 97887
2026/07/08 17:21:23.922, 2, 0, 48104, 97887
2026/07/08 17:21:23.937, 3, 0, 48104, 97887
2026/07/08 17:21:23.950, 4, 0, 75370, 97887
2026/07/08 17:21:23.967, 5, 0, 75370, 97887
2026/07/08 17:21:23.983, 6, 0, 75376, 97887
2026/07/08 17:21:24.000, 7, 0, 75376, 97887
2026/07/08 17:21:25.015, 0, 0, 48704, 97887
2026/07/08 17:21:25.033, 1, 0, 48104, 97887
2026/07/08 17:21:25.050, 2, 0, 48104, 97887
2026/07/08 17:21:25.068, 3, 0, 48104, 97887
2026/07/08 17:21:25.085, 4, 0, 75370, 97887
2026/07/08 17:21:25.099, 5, 0, 75370, 97887
2026/07/08 17:21:25.115, 6, 0, 75376, 97887
2026/07/08 17:21:25.132, 7, 0, 75376, 97887
2026/07/08 17:21:26.147, 0, 0, 48704, 97887
2026/07/08 17:21:26.164, 1, 0, 48104, 97887
2026/07/08 17:21:26.180, 2, 0, 48104, 97887
2026/07/08 17:21:26.199, 3, 0, 48104, 97887
2026/07/08 17:21:26.215, 4, 0, 75370, 97887
2026/07/08 17:21:26.233, 5, 0, 75370, 97887
2026/07/08 17:21:26.249, 6, 0, 75376, 97887
2026/07/08 17:21:26.264, 7, 0, 75376, 97887
2026/07/08 17:21:27.281, 0, 0, 48704, 97887
2026/07/08 17:21:27.294, 1, 0, 48104, 97887
2026/07/08 17:21:27.310, 2, 0, 48104, 97887
2026/07/08 17:21:27.325, 3, 0, 48104, 97887
2026/07/08 17:21:27.342, 4, 0, 75370, 97887
2026/07/08 17:21:27.356, 5, 0, 75370, 97887
2026/07/08 17:21:27.371, 6, 0, 75376, 97887
2026/07/08 17:21:27.386, 7, 0, 75376, 97887
2026/07/08 17:21:28.401, 0, 0, 48704, 97887
2026/07/08 17:21:28.416, 1, 0, 48104, 97887
2026/07/08 17:21:28.433, 2, 0, 48104, 97887
2026/07/08 17:21:28.449, 3, 0, 48104, 97887
2026/07/08 17:21:28.467, 4, 0, 75370, 97887
2026/07/08 17:21:28.487, 5, 0, 75370, 97887
2026/07/08 17:21:28.504, 6, 0, 75376, 97887
2026/07/08 17:21:28.520, 7, 0, 75376, 97887
2026/07/08 17:21:29.535, 0, 0, 48704, 97887
2026/07/08 17:21:29.557, 1, 0, 48104, 97887
2026/07/08 17:21:29.573, 2, 0, 48104, 97887
2026/07/08 17:21:29.589, 3, 0, 48104, 97887
2026/07/08 17:21:29.606, 4, 0, 75370, 97887
2026/07/08 17:21:29.620, 5, 0, 75370, 97887
2026/07/08 17:21:29.633, 6, 0, 75376, 97887
2026/07/08 17:21:29.648, 7, 0, 75376, 97887
2026/07/08 17:21:30.662, 0, 0, 48704, 97887
2026/07/08 17:21:30.676, 1, 0, 48104, 97887
2026/07/08 17:21:30.690, 2, 0, 48104, 97887
2026/07/08 17:21:30.707, 3, 0, 48104, 97887
2026/07/08 17:21:30.719, 4, 0, 75370, 97887
2026/07/08 17:21:30.734, 5, 0, 75370, 97887
2026/07/08 17:21:30.748, 6, 0, 75376, 97887
2026/07/08 17:21:30.759, 7, 0, 75376, 97887
2026/07/08 17:21:31.770, 0, 0, 48704, 97887
2026/07/08 17:21:31.787, 1, 0, 48104, 97887
2026/07/08 17:21:31.803, 2, 0, 48104, 97887
2026/07/08 17:21:31.819, 3, 0, 48104, 97887
2026/07/08 17:21:31.833, 4, 0, 75370, 97887
2026/07/08 17:21:31.845, 5, 0, 75370, 97887
2026/07/08 17:21:31.861, 6, 0, 75376, 97887
2026/07/08 17:21:31.875, 7, 0, 75376, 97887
2026/07/08 17:21:32.891, 0, 0, 48704, 97887
2026/07/08 17:21:32.907, 1, 0, 48104, 97887
2026/07/08 17:21:32.924, 2, 0, 48104, 97887
2026/07/08 17:21:32.937, 3, 0, 48104, 97887
2026/07/08 17:21:32.954, 4, 0, 75370, 97887
2026/07/08 17:21:32.971, 5, 0, 75370, 97887
2026/07/08 17:21:32.990, 6, 0, 75376, 97887
2026/07/08 17:21:33.006, 7, 0, 75376, 97887
2026/07/08 17:21:34.024, 0, 0, 48704, 97887
2026/07/08 17:21:34.036, 1, 0, 48104, 97887
2026/07/08 17:21:34.045, 2, 0, 48104, 97887
2026/07/08 17:21:34.054, 3, 0, 48104, 97887
2026/07/08 17:21:34.065, 4, 0, 75370, 97887
2026/07/08 17:21:34.074, 5, 0, 75370, 97887
2026/07/08 17:21:34.083, 6, 0, 75376, 97887
2026/07/08 17:21:34.090, 7, 0, 75376, 97887
2026/07/08 17:21:35.097, 0, 0, 48704, 97887
2026/07/08 17:21:35.111, 1, 0, 48104, 97887
2026/07/08 17:21:35.128, 2, 0, 48104, 97887
2026/07/08 17:21:35.143, 3, 0, 48104, 97887
2026/07/08 17:21:35.157, 4, 0, 75370, 97887
2026/07/08 17:21:35.173, 5, 0, 75370, 97887
2026/07/08 17:21:35.188, 6, 0, 75376, 97887
2026/07/08 17:21:35.203, 7, 0, 75376, 97887
2026/07/08 17:21:36.219, 0, 0, 48704, 97887
2026/07/08 17:21:36.233, 1, 0, 48104, 97887
2026/07/08 17:21:36.249, 2, 0, 48104, 97887
2026/07/08 17:21:36.262, 3, 0, 48104, 97887
2026/07/08 17:21:36.276, 4, 0, 75370, 97887
2026/07/08 17:21:36.291, 5, 0, 75370, 97887
2026/07/08 17:21:36.306, 6, 0, 75376, 97887
2026/07/08 17:21:36.322, 7, 0, 75376, 97887
2026/07/08 17:21:37.336, 0, 0, 48704, 97887
2026/07/08 17:21:37.351, 1, 0, 48104, 97887
2026/07/08 17:21:37.364, 2, 0, 48104, 97887
2026/07/08 17:21:37.376, 3, 0, 48104, 97887
2026/07/08 17:21:37.389, 4, 0, 75370, 97887
2026/07/08 17:21:37.402, 5, 0, 75370, 97887
2026/07/08 17:21:37.418, 6, 0, 75376, 97887
2026/07/08 17:21:37.432, 7, 0, 75376, 97887
2026/07/08 17:21:38.447, 0, 0, 48704, 97887
2026/07/08 17:21:38.462, 1, 0, 48104, 97887
2026/07/08 17:21:38.476, 2, 0, 48104, 97887
2026/07/08 17:21:38.490, 3, 0, 48104, 97887
2026/07/08 17:21:38.505, 4, 0, 75370, 97887
2026/07/08 17:21:38.519, 5, 0, 75370, 97887
2026/07/08 17:21:38.526, 6, 0, 75376, 97887
2026/07/08 17:21:38.532, 7, 0, 75376, 97887
2026/07/08 17:21:39.542, 0, 0, 48704, 97887
2026/07/08 17:21:39.563, 1, 0, 48104, 97887
2026/07/08 17:21:39.579, 2, 0, 48104, 97887
2026/07/08 17:21:39.598, 3, 0, 48104, 97887
2026/07/08 17:21:39.615, 4, 0, 75370, 97887
2026/07/08 17:21:39.633, 5, 0, 75370, 97887
2026/07/08 17:21:39.648, 6, 0, 75376, 97887
2026/07/08 17:21:39.663, 7, 0, 75376, 97887
2026/07/08 17:21:40.679, 0, 0, 48704, 97887
2026/07/08 17:21:40.699, 1, 0, 48104, 97887
2026/07/08 17:21:40.714, 2, 0, 48104, 97887
2026/07/08 17:21:40.731, 3, 0, 48104, 97887
2026/07/08 17:21:40.746, 4, 0, 75370, 97887
2026/07/08 17:21:40.763, 5, 0, 75370, 97887
2026/07/08 17:21:40.776, 6, 0, 75376, 97887
2026/07/08 17:21:40.788, 7, 0, 75376, 97887
2026/07/08 17:21:41.805, 0, 0, 48704, 97887
2026/07/08 17:21:41.819, 1, 0, 48104, 97887
2026/07/08 17:21:41.831, 2, 0, 48104, 97887
2026/07/08 17:21:41.846, 3, 0, 48104, 97887
2026/07/08 17:21:41.862, 4, 0, 75370, 97887
2026/07/08 17:21:41.880, 5, 0, 75370, 97887
2026/07/08 17:21:41.897, 6, 0, 75376, 97887
2026/07/08 17:21:41.911, 7, 0, 75376, 97887
2026/07/08 17:21:42.926, 0, 0, 48704, 97887
2026/07/08 17:21:42.938, 1, 0, 48104, 97887
2026/07/08 17:21:42.950, 2, 0, 48104, 97887
2026/07/08 17:21:42.963, 3, 0, 48104, 97887
2026/07/08 17:21:42.976, 4, 0, 75370, 97887
2026/07/08 17:21:42.988, 5, 0, 75370, 97887
2026/07/08 17:21:42.999, 6, 0, 75376, 97887
2026/07/08 17:21:43.013, 7, 0, 75376, 97887
2026/07/08 17:21:44.028, 0, 0, 48704, 97887
2026/07/08 17:21:44.041, 1, 0, 48104, 97887
2026/07/08 17:21:44.056, 2, 0, 48104, 97887
2026/07/08 17:21:44.066, 3, 0, 48104, 97887
2026/07/08 17:21:44.080, 4, 0, 75370, 97887
2026/07/08 17:21:44.091, 5, 0, 75370, 97887
2026/07/08 17:21:44.103, 6, 0, 75376, 97887
2026/07/08 17:21:44.112, 7, 0, 75376, 97887
2026/07/08 17:21:45.122, 0, 0, 48704, 97887
2026/07/08 17:21:45.135, 1, 0, 48104, 97887
2026/07/08 17:21:45.145, 2, 0, 48104, 97887
2026/07/08 17:21:45.156, 3, 0, 48104, 97887
2026/07/08 17:21:45.168, 4, 0, 75370, 97887
2026/07/08 17:21:45.178, 5, 0, 75370, 97887
2026/07/08 17:21:45.192, 6, 0, 75376, 97887
2026/07/08 17:21:45.205, 7, 0, 75376, 97887
2026/07/08 17:21:46.216, 0, 0, 48704, 97887
2026/07/08 17:21:46.230, 1, 0, 48104, 97887
2026/07/08 17:21:46.246, 2, 0, 48104, 97887
2026/07/08 17:21:46.259, 3, 0, 48104, 97887
2026/07/08 17:21:46.275, 4, 0, 75370, 97887
2026/07/08 17:21:46.288, 5, 0, 75370, 97887
2026/07/08 17:21:46.301, 6, 0, 75376, 97887
2026/07/08 17:21:46.313, 7, 0, 75376, 97887
2026/07/08 17:21:47.327, 0, 0, 48704, 97887
2026/07/08 17:21:47.341, 1, 0, 48104, 97887
2026/07/08 17:21:47.354, 2, 0, 48104, 97887
2026/07/08 17:21:47.366, 3, 0, 48104, 97887
2026/07/08 17:21:47.378, 4, 0, 75370, 97887
2026/07/08 17:21:47.391, 5, 0, 75370, 97887
2026/07/08 17:21:47.406, 6, 0, 75376, 97887
2026/07/08 17:21:47.421, 7, 0, 75376, 97887
2026/07/08 17:21:48.436, 0, 0, 48704, 97887
2026/07/08 17:21:48.446, 1, 0, 48104, 97887
2026/07/08 17:21:48.453, 2, 0, 48104, 97887
2026/07/08 17:21:48.462, 3, 0, 48104, 97887
2026/07/08 17:21:48.474, 4, 0, 75370, 97887
2026/07/08 17:21:48.487, 5, 0, 75370, 97887
2026/07/08 17:21:48.504, 6, 0, 75376, 97887
2026/07/08 17:21:48.516, 7, 0, 75376, 97887
2026/07/08 17:21:49.527, 0, 0, 48704, 97887
2026/07/08 17:21:49.542, 1, 0, 48104, 97887
2026/07/08 17:21:49.556, 2, 0, 48104, 97887
2026/07/08 17:21:49.569, 3, 0, 48104, 97887
2026/07/08 17:21:49.582, 4, 0, 75370, 97887
2026/07/08 17:21:49.590, 5, 0, 75370, 97887
2026/07/08 17:21:49.603, 6, 0, 75376, 97887
2026/07/08 17:21:49.612, 7, 0, 75376, 97887
2026/07/08 17:21:50.624, 0, 0, 48704, 97887
2026/07/08 17:21:50.637, 1, 0, 48104, 97887
2026/07/08 17:21:50.654, 2, 0, 48104, 97887
2026/07/08 17:21:50.668, 3, 0, 48104, 97887
2026/07/08 17:21:50.680, 4, 0, 75370, 97887
2026/07/08 17:21:50.696, 5, 0, 75370, 97887
2026/07/08 17:21:50.709, 6, 0, 75376, 97887
2026/07/08 17:21:50.725, 7, 0, 75376, 97887
2026/07/08 17:21:51.736, 0, 0, 48704, 97887
2026/07/08 17:21:51.751, 1, 0, 48104, 97887
2026/07/08 17:21:51.765, 2, 0, 48104, 97887
2026/07/08 17:21:51.777, 3, 0, 48104, 97887
2026/07/08 17:21:51.789, 4, 0, 75370, 97887
2026/07/08 17:21:51.803, 5, 0, 75370, 97887
2026/07/08 17:21:51.816, 6, 0, 75376, 97887
2026/07/08 17:21:51.830, 7, 0, 75376, 97887
2026/07/08 17:21:52.843, 0, 0, 48704, 97887
2026/07/08 17:21:52.857, 1, 0, 48104, 97887
2026/07/08 17:21:52.870, 2, 0, 48104, 97887
2026/07/08 17:21:52.883, 3, 0, 48104, 97887
2026/07/08 17:21:52.898, 4, 0, 75370, 97887
2026/07/08 17:21:52.912, 5, 0, 75370, 97887
2026/07/08 17:21:52.928, 6, 0, 75376, 97887
2026/07/08 17:21:52.941, 7, 0, 75376, 97887
2026/07/08 17:21:53.955, 0, 0, 48704, 97887
2026/07/08 17:21:53.970, 1, 0, 48104, 97887
2026/07/08 17:21:53.984, 2, 0, 48104, 97887
2026/07/08 17:21:53.997, 3, 0, 48104, 97887
2026/07/08 17:21:54.013, 4, 0, 75370, 97887
2026/07/08 17:21:54.027, 5, 0, 75370, 97887
2026/07/08 17:21:54.043, 6, 0, 75376, 97887
2026/07/08 17:21:54.056, 7, 0, 75376, 97887
2026/07/08 17:21:55.070, 0, 0, 48704, 97887
2026/07/08 17:21:55.085, 1, 0, 48104, 97887
2026/07/08 17:21:55.100, 2, 0, 48104, 97887
2026/07/08 17:21:55.116, 3, 0, 48104, 97887
2026/07/08 17:21:55.132, 4, 0, 75370, 97887
2026/07/08 17:21:55.143, 5, 0, 75370, 97887
2026/07/08 17:21:55.157, 6, 0, 75376, 97887
2026/07/08 17:21:55.171, 7, 0, 75376, 97887
2026/07/08 17:21:56.185, 0, 0, 48704, 97887
2026/07/08 17:21:56.200, 1, 0, 48104, 97887
2026/07/08 17:21:56.213, 2, 0, 48104, 97887
2026/07/08 17:21:56.227, 3, 0, 48104, 97887
2026/07/08 17:21:56.242, 4, 0, 75370, 97887
2026/07/08 17:21:56.256, 5, 0, 75370, 97887
2026/07/08 17:21:56.268, 6, 0, 75376, 97887
2026/07/08 17:21:56.281, 7, 0, 75376, 97887
2026/07/08 17:21:57.295, 0, 0, 48704, 97887
2026/07/08 17:21:57.311, 1, 0, 48104, 97887
2026/07/08 17:21:57.328, 2, 0, 48104, 97887
2026/07/08 17:21:57.344, 3, 0, 48104, 97887
2026/07/08 17:21:57.358, 4, 0, 75370, 97887
2026/07/08 17:21:57.372, 5, 0, 75370, 97887
2026/07/08 17:21:57.388, 6, 0, 75376, 97887
2026/07/08 17:21:57.398, 7, 0, 75376, 97887
2026/07/08 17:21:58.408, 0, 0, 48704, 97887
2026/07/08 17:21:58.422, 1, 0, 48104, 97887
2026/07/08 17:21:58.434, 2, 0, 48104, 97887
2026/07/08 17:21:58.447, 3, 0, 48104, 97887
2026/07/08 17:21:58.462, 4, 0, 75370, 97887
2026/07/08 17:21:58.476, 5, 0, 75370, 97887
2026/07/08 17:21:58.494, 6, 0, 75376, 97887
2026/07/08 17:21:58.509, 7, 0, 75376, 97887
2026/07/08 17:21:59.526, 0, 0, 48704, 97887
2026/07/08 17:21:59.538, 1, 0, 48104, 97887
2026/07/08 17:21:59.553, 2, 0, 48104, 97887
2026/07/08 17:21:59.568, 3, 0, 48104, 97887
2026/07/08 17:21:59.584, 4, 0, 75370, 97887
2026/07/08 17:21:59.597, 5, 0, 75370, 97887
2026/07/08 17:21:59.610, 6, 0, 75376, 97887
2026/07/08 17:21:59.624, 7, 0, 75376, 97887
2026/07/08 17:22:00.638, 0, 0, 48704, 97887
2026/07/08 17:22:00.651, 1, 0, 48104, 97887
2026/07/08 17:22:00.663, 2, 0, 48104, 97887
2026/07/08 17:22:00.679, 3, 0, 48104, 97887
2026/07/08 17:22:00.697, 4, 0, 75370, 97887
2026/07/08 17:22:00.722, 5, 0, 75370, 97887
2026/07/08 17:22:00.738, 6, 0, 75376, 97887
2026/07/08 17:22:00.754, 7, 0, 75376, 97887
2026/07/08 17:22:01.774, 0, 0, 48704, 97887
2026/07/08 17:22:01.784, 1, 0, 48104, 97887
2026/07/08 17:22:01.796, 2, 0, 48104, 97887
2026/07/08 17:22:01.810, 3, 0, 48104, 97887
2026/07/08 17:22:01.823, 4, 0, 75370, 97887
2026/07/08 17:22:01.837, 5, 0, 75370, 97887
2026/07/08 17:22:01.850, 6, 0, 75376, 97887
2026/07/08 17:22:01.863, 7, 0, 75376, 97887
2026/07/08 17:22:02.872, 0, 0, 48704, 97887
2026/07/08 17:22:02.890, 1, 0, 48104, 97887
2026/07/08 17:22:02.903, 2, 0, 48104, 97887
2026/07/08 17:22:02.917, 3, 0, 48104, 97887
2026/07/08 17:22:02.929, 4, 0, 75370, 97887
2026/07/08 17:22:02.942, 5, 0, 75370, 97887
2026/07/08 17:22:02.960, 6, 0, 75376, 97887
2026/07/08 17:22:02.976, 7, 0, 75376, 97887
2026/07/08 17:22:03.993, 0, 0, 48704, 97887
2026/07/08 17:22:04.003, 1, 0, 48104, 97887
2026/07/08 17:22:04.013, 2, 0, 48104, 97887
2026/07/08 17:22:04.022, 3, 0, 48104, 97887
2026/07/08 17:22:04.034, 4, 0, 75370, 97887
2026/07/08 17:22:04.047, 5, 0, 75370, 97887
2026/07/08 17:22:04.058, 6, 0, 75376, 97887
2026/07/08 17:22:04.065, 7, 0, 75376, 97887
2026/07/08 17:22:05.071, 0, 0, 48704, 97887
2026/07/08 17:22:05.083, 1, 0, 48104, 97887
2026/07/08 17:22:05.096, 2, 0, 48104, 97887
2026/07/08 17:22:05.109, 3, 0, 48104, 97887
2026/07/08 17:22:05.125, 4, 0, 75370, 97887
2026/07/08 17:22:05.137, 5, 0, 75370, 97887
2026/07/08 17:22:05.144, 6, 0, 75376, 97887
2026/07/08 17:22:05.157, 7, 0, 75376, 97887
2026/07/08 17:22:06.169, 0, 0, 48704, 97887
2026/07/08 17:22:06.185, 1, 0, 48104, 97887
2026/07/08 17:22:06.200, 2, 0, 48104, 97887
2026/07/08 17:22:06.214, 3, 0, 48104, 97887
2026/07/08 17:22:06.237, 4, 0, 75370, 97887
2026/07/08 17:22:06.263, 5, 0, 75370, 97887
2026/07/08 17:22:06.276, 6, 0, 75376, 97887
2026/07/08 17:22:06.290, 7, 0, 75376, 97887
2026/07/08 17:22:07.305, 0, 0, 48704, 97887
2026/07/08 17:22:07.319, 1, 0, 48104, 97887
2026/07/08 17:22:07.331, 2, 0, 48104, 97887
2026/07/08 17:22:07.347, 3, 0, 48104, 97887
2026/07/08 17:22:07.362, 4, 0, 75370, 97887
2026/07/08 17:22:07.380, 5, 0, 75370, 97887
2026/07/08 17:22:07.394, 6, 0, 75376, 97887
2026/07/08 17:22:07.408, 7, 0, 75376, 97887
2026/07/08 17:22:08.423, 0, 0, 48704, 97887
2026/07/08 17:22:08.436, 1, 0, 48104, 97887
2026/07/08 17:22:08.447, 2, 0, 48104, 97887
2026/07/08 17:22:08.458, 3, 0, 48104, 97887
2026/07/08 17:22:08.472, 4, 0, 75370, 97887
2026/07/08 17:22:08.487, 5, 0, 75370, 97887
2026/07/08 17:22:08.503, 6, 0, 75376, 97887
2026/07/08 17:22:08.518, 7, 0, 75376, 97887
2026/07/08 17:22:09.532, 0, 0, 48704, 97887
2026/07/08 17:22:09.550, 1, 0, 48104, 97887
2026/07/08 17:22:09.563, 2, 0, 48104, 97887
2026/07/08 17:22:09.578, 3, 0, 48104, 97887
2026/07/08 17:22:09.595, 4, 0, 75370, 97887
2026/07/08 17:22:09.609, 5, 0, 75370, 97887
2026/07/08 17:22:09.623, 6, 0, 75376, 97887
2026/07/08 17:22:09.638, 7, 0, 75376, 97887
2026/07/08 17:22:10.654, 0, 0, 48704, 97887
2026/07/08 17:22:10.670, 1, 0, 48104, 97887
2026/07/08 17:22:10.682, 2, 0, 48104, 97887
2026/07/08 17:22:10.693, 3, 0, 48104, 97887
2026/07/08 17:22:10.702, 4, 0, 75370, 97887
2026/07/08 17:22:10.715, 5, 0, 75370, 97887
2026/07/08 17:22:10.729, 6, 0, 75376, 97887
2026/07/08 17:22:10.745, 7, 0, 75376, 97887
2026/07/08 17:22:11.758, 0, 0, 48704, 97887
2026/07/08 17:22:11.775, 1, 0, 48104, 97887
2026/07/08 17:22:11.792, 2, 0, 48104, 97887
2026/07/08 17:22:11.811, 3, 0, 48104, 97887
2026/07/08 17:22:11.831, 4, 0, 75370, 97887
2026/07/08 17:22:11.855, 5, 0, 75370, 97887
2026/07/08 17:22:11.871, 6, 0, 75376, 97887
2026/07/08 17:22:11.887, 7, 0, 75376, 97887
2026/07/08 17:22:12.903, 0, 0, 48704, 97887
2026/07/08 17:22:12.918, 1, 0, 48104, 97887
2026/07/08 17:22:12.931, 2, 0, 48104, 97887
2026/07/08 17:22:12.946, 3, 0, 48104, 97887
2026/07/08 17:22:12.958, 4, 0, 75370, 97887
2026/07/08 17:22:12.972, 5, 0, 75370, 97887
2026/07/08 17:22:12.987, 6, 0, 75376, 97887
2026/07/08 17:22:13.004, 7, 0, 75376, 97887
2026/07/08 17:22:14.017, 0, 0, 48704, 97887
2026/07/08 17:22:14.033, 1, 0, 48104, 97887
2026/07/08 17:22:14.048, 2, 0, 48104, 97887
2026/07/08 17:22:14.063, 3, 0, 48104, 97887
2026/07/08 17:22:14.079, 4, 0, 75370, 97887
2026/07/08 17:22:14.090, 5, 0, 75370, 97887
2026/07/08 17:22:14.100, 6, 0, 75376, 97887
2026/07/08 17:22:14.110, 7, 0, 75376, 97887
2026/07/08 17:22:15.122, 0, 0, 48704, 97887
2026/07/08 17:22:15.136, 1, 0, 48104, 97887
2026/07/08 17:22:15.148, 2, 0, 48104, 97887
2026/07/08 17:22:15.155, 3, 0, 48104, 97887
2026/07/08 17:22:15.164, 4, 0, 75370, 97887
2026/07/08 17:22:15.175, 5, 0, 75370, 97887
2026/07/08 17:22:15.187, 6, 0, 75376, 97887
2026/07/08 17:22:15.195, 7, 0, 75376, 97887
2026/07/08 17:22:16.201, 0, 0, 48704, 97887
2026/07/08 17:22:16.210, 1, 0, 48104, 97887
2026/07/08 17:22:16.223, 2, 0, 48104, 97887
2026/07/08 17:22:16.238, 3, 0, 48104, 97887
2026/07/08 17:22:16.250, 4, 0, 75370, 97887
2026/07/08 17:22:16.261, 5, 0, 75370, 97887
2026/07/08 17:22:16.275, 6, 0, 75376, 97887
2026/07/08 17:22:16.284, 7, 0, 75376, 97887
2026/07/08 17:22:17.293, 0, 0, 48704, 97887
2026/07/08 17:22:17.306, 1, 0, 48104, 97887
2026/07/08 17:22:17.321, 2, 0, 48104, 97887
2026/07/08 17:22:17.334, 3, 0, 48104, 97887
2026/07/08 17:22:17.350, 4, 0, 75370, 97887
2026/07/08 17:22:17.367, 5, 0, 75370, 97887
2026/07/08 17:22:17.380, 6, 0, 75376, 97887
2026/07/08 17:22:17.391, 7, 0, 75376, 97887
2026/07/08 17:22:18.406, 0, 0, 48704, 97887
2026/07/08 17:22:18.420, 1, 0, 48104, 97887
2026/07/08 17:22:18.436, 2, 0, 48104, 97887
2026/07/08 17:22:18.448, 3, 0, 48104, 97887
2026/07/08 17:22:18.459, 4, 0, 75370, 97887
2026/07/08 17:22:18.471, 5, 0, 75370, 97887
2026/07/08 17:22:18.482, 6, 0, 75376, 97887
2026/07/08 17:22:18.495, 7, 0, 75376, 97887
2026/07/08 17:22:19.505, 0, 0, 48704, 97887
2026/07/08 17:22:19.516, 1, 0, 48104, 97887
2026/07/08 17:22:19.529, 2, 0, 48104, 97887
2026/07/08 17:22:19.538, 3, 0, 48104, 97887
2026/07/08 17:22:19.552, 4, 0, 75370, 97887
2026/07/08 17:22:19.566, 5, 0, 75370, 97887
2026/07/08 17:22:19.581, 6, 0, 75376, 97887
2026/07/08 17:22:19.596, 7, 0, 75376, 97887
2026/07/08 17:22:20.610, 0, 0, 48704, 97887
2026/07/08 17:22:20.623, 1, 0, 48104, 97887
2026/07/08 17:22:20.637, 2, 0, 48104, 97887
2026/07/08 17:22:20.652, 3, 0, 48104, 97887
2026/07/08 17:22:20.666, 4, 0, 75370, 97887
2026/07/08 17:22:20.681, 5, 0, 75370, 97887
2026/07/08 17:22:20.697, 6, 0, 75376, 97887
2026/07/08 17:22:20.717, 7, 0, 75376, 97887
2026/07/08 17:22:21.731, 0, 0, 48704, 97887
2026/07/08 17:22:21.744, 1, 0, 48104, 97887
2026/07/08 17:22:21.757, 2, 0, 48104, 97887
2026/07/08 17:22:21.770, 3, 0, 48104, 97887
2026/07/08 17:22:21.785, 4, 0, 75370, 97887
2026/07/08 17:22:21.798, 5, 0, 75370, 97887
2026/07/08 17:22:21.813, 6, 0, 75376, 97887
2026/07/08 17:22:21.823, 7, 0, 75376, 97887
2026/07/08 17:22:22.835, 0, 0, 48704, 97887
2026/07/08 17:22:22.849, 1, 0, 48104, 97887
2026/07/08 17:22:22.864, 2, 0, 48104, 97887
2026/07/08 17:22:22.879, 3, 0, 48104, 97887
2026/07/08 17:22:22.892, 4, 0, 75370, 97887
2026/07/08 17:22:22.906, 5, 0, 75370, 97887
2026/07/08 17:22:22.923, 6, 0, 75376, 97887
2026/07/08 17:22:22.938, 7, 0, 75376, 97887
2026/07/08 17:22:23.955, 0, 0, 48704, 97887
2026/07/08 17:22:23.971, 1, 0, 48104, 97887
2026/07/08 17:22:23.990, 2, 0, 48104, 97887
2026/07/08 17:22:24.006, 3, 0, 48104, 97887
2026/07/08 17:22:24.021, 4, 0, 75370, 97887
2026/07/08 17:22:24.036, 5, 0, 75370, 97887
2026/07/08 17:22:24.052, 6, 0, 75376, 97887
2026/07/08 17:22:24.066, 7, 0, 75376, 97887
2026/07/08 17:22:25.081, 0, 0, 48704, 97887
2026/07/08 17:22:25.097, 1, 0, 48104, 97887
2026/07/08 17:22:25.113, 2, 0, 48104, 97887
2026/07/08 17:22:25.129, 3, 0, 48104, 97887
2026/07/08 17:22:25.145, 4, 0, 75370, 97887
2026/07/08 17:22:25.160, 5, 0, 75370, 97887
2026/07/08 17:22:25.172, 6, 0, 75376, 97887
2026/07/08 17:22:25.185, 7, 0, 75376, 97887
2026/07/08 17:22:26.197, 0, 0, 48704, 97887
2026/07/08 17:22:26.215, 1, 0, 48104, 97887
2026/07/08 17:22:26.227, 2, 0, 48104, 97887
2026/07/08 17:22:26.237, 3, 0, 48104, 97887
2026/07/08 17:22:26.246, 4, 0, 75370, 97887
2026/07/08 17:22:26.262, 5, 0, 75370, 97887
2026/07/08 17:22:26.276, 6, 0, 75376, 97887
2026/07/08 17:22:26.293, 7, 0, 75376, 97887
2026/07/08 17:22:27.310, 0, 0, 48704, 97887
2026/07/08 17:22:27.328, 1, 0, 48104, 97887
2026/07/08 17:22:27.342, 2, 0, 48104, 97887
2026/07/08 17:22:27.359, 3, 0, 48104, 97887
2026/07/08 17:22:27.372, 4, 0, 75370, 97887
2026/07/08 17:22:27.392, 5, 0, 75370, 97887
2026/07/08 17:22:27.405, 6, 0, 75376, 97887
2026/07/08 17:22:27.415, 7, 0, 75376, 97887
2026/07/08 17:22:28.426, 0, 0, 48704, 97887
2026/07/08 17:22:28.441, 1, 0, 48104, 97887
2026/07/08 17:22:28.452, 2, 0, 48104, 97887
2026/07/08 17:22:28.456, 3, 0, 48104, 97887
2026/07/08 17:22:28.461, 4, 0, 75370, 97887
2026/07/08 17:22:28.468, 5, 0, 75370, 97887
2026/07/08 17:22:28.481, 6, 0, 75376, 97887
2026/07/08 17:22:28.491, 7, 0, 75376, 97887
2026/07/08 17:22:29.505, 0, 0, 48704, 97887
2026/07/08 17:22:29.522, 1, 0, 48104, 97887
2026/07/08 17:22:29.537, 2, 0, 48104, 97887
2026/07/08 17:22:29.549, 3, 0, 48104, 97887
2026/07/08 17:22:29.563, 4, 0, 75370, 97887
2026/07/08 17:22:29.578, 5, 0, 75370, 97887
2026/07/08 17:22:29.590, 6, 0, 75376, 97887
2026/07/08 17:22:29.602, 7, 0, 75376, 97887
2026/07/08 17:22:30.618, 0, 0, 48704, 97887
2026/07/08 17:22:30.635, 1, 0, 48104, 97887
2026/07/08 17:22:30.649, 2, 0, 48104, 97887
2026/07/08 17:22:30.664, 3, 0, 48104, 97887
2026/07/08 17:22:30.679, 4, 0, 75370, 97887
2026/07/08 17:22:30.698, 5, 0, 75370, 97887
2026/07/08 17:22:30.711, 6, 0, 75376, 97887
2026/07/08 17:22:30.724, 7, 0, 75376, 97887
2026/07/08 17:22:31.739, 0, 0, 48704, 97887
2026/07/08 17:22:31.755, 1, 0, 48104, 97887
2026/07/08 17:22:31.769, 2, 0, 48104, 97887
2026/07/08 17:22:31.779, 3, 0, 48104, 97887
2026/07/08 17:22:31.794, 4, 0, 75370, 97887
2026/07/08 17:22:31.809, 5, 0, 75370, 97887
2026/07/08 17:22:31.822, 6, 0, 75376, 97887
2026/07/08 17:22:31.836, 7, 0, 75376, 97887
2026/07/08 17:22:32.851, 0, 0, 48704, 97887
2026/07/08 17:22:32.868, 1, 0, 48104, 97887
2026/07/08 17:22:32.884, 2, 0, 48104, 97887
2026/07/08 17:22:32.905, 3, 0, 48104, 97887
2026/07/08 17:22:32.924, 4, 0, 75370, 97887
2026/07/08 17:22:32.941, 5, 0, 75370, 97887
2026/07/08 17:22:32.956, 6, 0, 75376, 97887
2026/07/08 17:22:32.974, 7, 0, 75376, 97887
2026/07/08 17:22:33.990, 0, 0, 48704, 97887
2026/07/08 17:22:34.003, 1, 0, 48104, 97887
2026/07/08 17:22:34.010, 2, 0, 48104, 97887
2026/07/08 17:22:34.021, 3, 0, 48104, 97887
2026/07/08 17:22:34.027, 4, 0, 75370, 97887
2026/07/08 17:22:34.035, 5, 0, 75370, 97887
2026/07/08 17:22:34.046, 6, 0, 75376, 97887
2026/07/08 17:22:34.056, 7, 0, 75376, 97887
2026/07/08 17:22:35.069, 0, 0, 48704, 97887
2026/07/08 17:22:35.080, 1, 0, 48104, 97887
2026/07/08 17:22:35.088, 2, 0, 48104, 97887
2026/07/08 17:22:35.096, 3, 0, 48104, 97887
2026/07/08 17:22:35.107, 4, 0, 75370, 97887
2026/07/08 17:22:35.124, 5, 0, 75370, 97887
2026/07/08 17:22:35.140, 6, 0, 75376, 97887
2026/07/08 17:22:35.160, 7, 0, 75376, 97887
2026/07/08 17:22:36.177, 0, 0, 48704, 97887
2026/07/08 17:22:36.189, 1, 0, 48104, 97887
2026/07/08 17:22:36.200, 2, 0, 48104, 97887
2026/07/08 17:22:36.214, 3, 0, 48104, 97887
2026/07/08 17:22:36.229, 4, 0, 75370, 97887
2026/07/08 17:22:36.242, 5, 0, 75370, 97887
2026/07/08 17:22:36.250, 6, 0, 75376, 97887
2026/07/08 17:22:36.259, 7, 0, 75376, 97887
2026/07/08 17:22:37.267, 0, 0, 48704, 97887
2026/07/08 17:22:37.281, 1, 0, 48104, 97887
2026/07/08 17:22:37.293, 2, 0, 48104, 97887
2026/07/08 17:22:37.309, 3, 0, 48104, 97887
2026/07/08 17:22:37.319, 4, 0, 75370, 97887
2026/07/08 17:22:37.328, 5, 0, 75370, 97887
2026/07/08 17:22:37.344, 6, 0, 75376, 97887
2026/07/08 17:22:37.354, 7, 0, 75376, 97887
2026/07/08 17:22:38.367, 0, 0, 48704, 97887
2026/07/08 17:22:38.385, 1, 0, 48104, 97887
2026/07/08 17:22:38.401, 2, 0, 48104, 97887
2026/07/08 17:22:38.421, 3, 0, 48104, 97887
2026/07/08 17:22:38.435, 4, 0, 75370, 97887
2026/07/08 17:22:38.448, 5, 0, 75370, 97887
2026/07/08 17:22:38.463, 6, 0, 75376, 97887
2026/07/08 17:22:38.479, 7, 0, 75376, 97887
2026/07/08 17:22:39.491, 0, 0, 48704, 97887
2026/07/08 17:22:39.507, 1, 0, 48104, 97887
2026/07/08 17:22:39.522, 2, 0, 48104, 97887
2026/07/08 17:22:39.536, 3, 0, 48104, 97887
2026/07/08 17:22:39.548, 4, 0, 75370, 97887
2026/07/08 17:22:39.563, 5, 0, 75370, 97887
2026/07/08 17:22:39.578, 6, 0, 75376, 97887
2026/07/08 17:22:39.593, 7, 0, 75376, 97887
2026/07/08 17:22:40.615, 0, 0, 48704, 97887
2026/07/08 17:22:40.630, 1, 0, 48104, 97887
2026/07/08 17:22:40.645, 2, 0, 48104, 97887
2026/07/08 17:22:40.658, 3, 0, 48104, 97887
2026/07/08 17:22:40.674, 4, 0, 75370, 97887
2026/07/08 17:22:40.689, 5, 0, 75370, 97887
2026/07/08 17:22:40.705, 6, 0, 75376, 97887
2026/07/08 17:22:40.720, 7, 0, 75376, 97887
2026/07/08 17:22:41.734, 0, 0, 48704, 97887
2026/07/08 17:22:41.751, 1, 0, 48104, 97887
2026/07/08 17:22:41.767, 2, 0, 48104, 97887
2026/07/08 17:22:41.783, 3, 0, 48104, 97887
2026/07/08 17:22:41.796, 4, 0, 75370, 97887
2026/07/08 17:22:41.811, 5, 0, 75370, 97887
2026/07/08 17:22:41.825, 6, 0, 75376, 97887
2026/07/08 17:22:41.841, 7, 0, 75376, 97887
2026/07/08 17:22:42.856, 0, 0, 48704, 97887
2026/07/08 17:22:42.872, 1, 0, 48104, 97887
2026/07/08 17:22:42.886, 2, 0, 48104, 97887
2026/07/08 17:22:42.902, 3, 0, 48104, 97887
2026/07/08 17:22:42.917, 4, 0, 75370, 97887
2026/07/08 17:22:42.935, 5, 0, 75370, 97887
2026/07/08 17:22:42.952, 6, 0, 75376, 97887
2026/07/08 17:22:42.967, 7, 0, 75376, 97887
2026/07/08 17:22:43.982, 0, 0, 48704, 97887
2026/07/08 17:22:43.998, 1, 0, 48104, 97887
2026/07/08 17:22:44.014, 2, 0, 48104, 97887
2026/07/08 17:22:44.028, 3, 0, 48104, 97887
2026/07/08 17:22:44.044, 4, 0, 75370, 97887
2026/07/08 17:22:44.058, 5, 0, 75370, 97887
2026/07/08 17:22:44.074, 6, 0, 75376, 97887
2026/07/08 17:22:44.084, 7, 0, 75376, 97887
2026/07/08 17:22:45.095, 0, 0, 48704, 97887
2026/07/08 17:22:45.112, 1, 0, 48104, 97887
2026/07/08 17:22:45.129, 2, 0, 48104, 97887
2026/07/08 17:22:45.144, 3, 0, 48104, 97887
2026/07/08 17:22:45.162, 4, 0, 75370, 97887
2026/07/08 17:22:45.178, 5, 0, 75370, 97887
2026/07/08 17:22:45.192, 6, 0, 75376, 97887
2026/07/08 17:22:45.207, 7, 0, 75376, 97887
2026/07/08 17:22:46.221, 0, 0, 48704, 97887
2026/07/08 17:22:46.239, 1, 0, 48104, 97887
2026/07/08 17:22:46.254, 2, 0, 48104, 97887
2026/07/08 17:22:46.268, 3, 0, 48104, 97887
2026/07/08 17:22:46.281, 4, 0, 75370, 97887
2026/07/08 17:22:46.291, 5, 0, 75370, 97887
2026/07/08 17:22:46.303, 6, 0, 75376, 97887
2026/07/08 17:22:46.317, 7, 0, 75376, 97887
2026/07/08 17:22:47.331, 0, 0, 48704, 97887
2026/07/08 17:22:47.347, 1, 0, 48104, 97887
2026/07/08 17:22:47.362, 2, 0, 48104, 97887
2026/07/08 17:22:47.376, 3, 0, 48104, 97887
2026/07/08 17:22:47.396, 4, 0, 75370, 97887
2026/07/08 17:22:47.411, 5, 0, 75370, 97887
2026/07/08 17:22:47.424, 6, 0, 75376, 97887
2026/07/08 17:22:47.440, 7, 0, 75376, 97887
2026/07/08 17:22:48.453, 0, 0, 48704, 97887
2026/07/08 17:22:48.463, 1, 0, 48104, 97887
2026/07/08 17:22:48.476, 2, 0, 48104, 97887
2026/07/08 17:22:48.491, 3, 0, 48104, 97887
2026/07/08 17:22:48.505, 4, 0, 75370, 97887
2026/07/08 17:22:48.519, 5, 0, 75370, 97887
2026/07/08 17:22:48.530, 6, 0, 75376, 97887
2026/07/08 17:22:48.541, 7, 0, 75376, 97887
2026/07/08 17:22:49.551, 0, 0, 48704, 97887
2026/07/08 17:22:49.566, 1, 0, 48104, 97887
2026/07/08 17:22:49.582, 2, 0, 48104, 97887
2026/07/08 17:22:49.598, 3, 0, 48104, 97887
2026/07/08 17:22:49.614, 4, 0, 75370, 97887
2026/07/08 17:22:49.628, 5, 0, 75370, 97887
2026/07/08 17:22:49.642, 6, 0, 75376, 97887
2026/07/08 17:22:49.656, 7, 0, 75376, 97887
2026/07/08 17:22:50.670, 0, 0, 48704, 97887
2026/07/08 17:22:50.685, 1, 0, 48104, 97887
2026/07/08 17:22:50.699, 2, 0, 48104, 97887
2026/07/08 17:22:50.716, 3, 0, 48104, 97887
2026/07/08 17:22:50.731, 4, 0, 75370, 97887
2026/07/08 17:22:50.748, 5, 0, 75370, 97887
2026/07/08 17:22:50.766, 6, 0, 75376, 97887
2026/07/08 17:22:50.783, 7, 0, 75376, 97887
2026/07/08 17:22:51.799, 0, 0, 48704, 97887
2026/07/08 17:22:51.817, 1, 0, 48104, 97887
2026/07/08 17:22:51.837, 2, 0, 48104, 97887
2026/07/08 17:22:51.851, 3, 0, 48104, 97887
2026/07/08 17:22:51.863, 4, 0, 75370, 97887
2026/07/08 17:22:51.879, 5, 0, 75370, 97887
2026/07/08 17:22:51.893, 6, 0, 75376, 97887
2026/07/08 17:22:51.911, 7, 0, 75376, 97887
2026/07/08 17:22:52.933, 0, 0, 48704, 97887
2026/07/08 17:22:52.948, 1, 0, 48104, 97887
2026/07/08 17:22:52.958, 2, 0, 48104, 97887
2026/07/08 17:22:52.970, 3, 0, 48104, 97887
2026/07/08 17:22:52.984, 4, 0, 75370, 97887
2026/07/08 17:22:52.999, 5, 0, 75370, 97887
2026/07/08 17:22:53.018, 6, 0, 75376, 97887
2026/07/08 17:22:53.034, 7, 0, 75376, 97887
2026/07/08 17:22:54.047, 0, 0, 48704, 97887
2026/07/08 17:22:54.062, 1, 0, 48104, 97887
2026/07/08 17:22:54.073, 2, 0, 48104, 97887
2026/07/08 17:22:54.083, 3, 0, 48104, 97887
2026/07/08 17:22:54.095, 4, 0, 75370, 97887
2026/07/08 17:22:54.106, 5, 0, 75370, 97887
2026/07/08 17:22:54.117, 6, 0, 75376, 97887
2026/07/08 17:22:54.129, 7, 0, 75376, 97887
2026/07/08 17:22:55.145, 0, 0, 48704, 97887
2026/07/08 17:22:55.161, 1, 0, 48104, 97887
2026/07/08 17:22:55.175, 2, 0, 48104, 97887
2026/07/08 17:22:55.190, 3, 0, 48104, 97887
2026/07/08 17:22:55.203, 4, 0, 75370, 97887
2026/07/08 17:22:55.215, 5, 0, 75370, 97887
2026/07/08 17:22:55.228, 6, 0, 75376, 97887
2026/07/08 17:22:55.241, 7, 0, 75376, 97887
2026/07/08 17:22:56.257, 0, 0, 48704, 97887
2026/07/08 17:22:56.272, 1, 0, 48104, 97887
2026/07/08 17:22:56.289, 2, 0, 48104, 97887
2026/07/08 17:22:56.304, 3, 0, 48104, 97887
2026/07/08 17:22:56.320, 4, 0, 75370, 97887
2026/07/08 17:22:56.331, 5, 0, 75370, 97887
2026/07/08 17:22:56.342, 6, 0, 75376, 97887
2026/07/08 17:22:56.356, 7, 0, 75376, 97887
2026/07/08 17:22:57.371, 0, 0, 48704, 97887
2026/07/08 17:22:57.386, 1, 0, 48104, 97887
2026/07/08 17:22:57.399, 2, 0, 48104, 97887
2026/07/08 17:22:57.415, 3, 0, 48104, 97887
2026/07/08 17:22:57.429, 4, 0, 75370, 97887
2026/07/08 17:22:57.446, 5, 0, 75370, 97887
2026/07/08 17:22:57.459, 6, 0, 75376, 97887
2026/07/08 17:22:57.473, 7, 0, 75376, 97887
2026/07/08 17:22:58.489, 0, 0, 48704, 97887
2026/07/08 17:22:58.506, 1, 0, 48104, 97887
2026/07/08 17:22:58.522, 2, 0, 48104, 97887
2026/07/08 17:22:58.539, 3, 0, 48104, 97887
2026/07/08 17:22:58.551, 4, 0, 75370, 97887
2026/07/08 17:22:58.565, 5, 0, 75370, 97887
2026/07/08 17:22:58.581, 6, 0, 75376, 97887
2026/07/08 17:22:58.596, 7, 0, 75376, 97887
2026/07/08 17:22:59.608, 0, 0, 48704, 97887
2026/07/08 17:22:59.624, 1, 0, 48104, 97887
2026/07/08 17:22:59.639, 2, 0, 48104, 97887
2026/07/08 17:22:59.654, 3, 0, 48104, 97887
2026/07/08 17:22:59.669, 4, 0, 75370, 97887
2026/07/08 17:22:59.683, 5, 0, 75370, 97887
2026/07/08 17:22:59.698, 6, 0, 75376, 97887
2026/07/08 17:22:59.713, 7, 0, 75376, 97887
2026/07/08 17:23:00.731, 0, 0, 48704, 97887
2026/07/08 17:23:00.748, 1, 0, 48104, 97887
2026/07/08 17:23:00.760, 2, 0, 48104, 97887
2026/07/08 17:23:00.768, 3, 0, 48104, 97887
2026/07/08 17:23:00.784, 4, 0, 75370, 97887
2026/07/08 17:23:00.795, 5, 0, 75370, 97887
2026/07/08 17:23:00.808, 6, 0, 75376, 97887
2026/07/08 17:23:00.827, 7, 0, 75376, 97887
2026/07/08 17:23:01.845, 0, 0, 48704, 97887
2026/07/08 17:23:01.860, 1, 0, 48104, 97887
2026/07/08 17:23:01.877, 2, 0, 48104, 97887
2026/07/08 17:23:01.893, 3, 0, 48104, 97887
2026/07/08 17:23:01.911, 4, 0, 75370, 97887
2026/07/08 17:23:01.925, 5, 0, 75370, 97887
2026/07/08 17:23:01.937, 6, 0, 75376, 97887
2026/07/08 17:23:01.950, 7, 0, 75376, 97887
2026/07/08 17:23:02.963, 0, 0, 48704, 97887
2026/07/08 17:23:02.981, 1, 0, 48104, 97887
2026/07/08 17:23:02.996, 2, 0, 48104, 97887
2026/07/08 17:23:03.013, 3, 0, 48104, 97887
2026/07/08 17:23:03.028, 4, 0, 75370, 97887
2026/07/08 17:23:03.048, 5, 0, 75370, 97887
2026/07/08 17:23:03.059, 6, 0, 75376, 97887
2026/07/08 17:23:03.071, 7, 0, 75376, 97887
2026/07/08 17:23:04.085, 0, 0, 48704, 97887
2026/07/08 17:23:04.101, 1, 0, 48104, 97887
2026/07/08 17:23:04.115, 2, 0, 48104, 97887
2026/07/08 17:23:04.129, 3, 0, 48104, 97887
2026/07/08 17:23:04.144, 4, 0, 75370, 97887
2026/07/08 17:23:04.160, 5, 0, 75370, 97887
2026/07/08 17:23:04.175, 6, 0, 75376, 97887
2026/07/08 17:23:04.190, 7, 0, 75376, 97887
2026/07/08 17:23:05.207, 0, 0, 48704, 97887
2026/07/08 17:23:05.222, 1, 0, 48104, 97887
2026/07/08 17:23:05.235, 2, 0, 48104, 97887
2026/07/08 17:23:05.250, 3, 0, 48104, 97887
2026/07/08 17:23:05.265, 4, 0, 75370, 97887
2026/07/08 17:23:05.281, 5, 0, 75370, 97887
2026/07/08 17:23:05.296, 6, 0, 75376, 97887
2026/07/08 17:23:05.312, 7, 0, 75376, 97887
2026/07/08 17:23:06.328, 0, 0, 48704, 97887
2026/07/08 17:23:06.344, 1, 0, 48104, 97887
2026/07/08 17:23:06.359, 2, 0, 48104, 97887
2026/07/08 17:23:06.375, 3, 0, 48104, 97887
2026/07/08 17:23:06.395, 4, 0, 75370, 97887
2026/07/08 17:23:06.424, 5, 0, 75370, 97887
2026/07/08 17:23:06.444, 6, 0, 75376, 97887
2026/07/08 17:23:06.460, 7, 0, 75376, 97887
2026/07/08 17:23:07.479, 0, 0, 48704, 97887
2026/07/08 17:23:07.509, 1, 0, 48104, 97887
2026/07/08 17:23:07.526, 2, 0, 48104, 97887
2026/07/08 17:23:07.539, 3, 0, 48104, 97887
2026/07/08 17:23:07.555, 4, 0, 75370, 97887
2026/07/08 17:23:07.570, 5, 0, 75370, 97887
2026/07/08 17:23:07.586, 6, 0, 75376, 97887
2026/07/08 17:23:07.600, 7, 0, 75376, 97887
2026/07/08 17:23:08.614, 0, 0, 48704, 97887
2026/07/08 17:23:08.630, 1, 0, 48104, 97887
2026/07/08 17:23:08.649, 2, 0, 48104, 97887
2026/07/08 17:23:08.673, 3, 0, 48104, 97887
2026/07/08 17:23:08.691, 4, 0, 75370, 97887
2026/07/08 17:23:08.707, 5, 0, 75370, 97887
2026/07/08 17:23:08.724, 6, 0, 75376, 97887
2026/07/08 17:23:08.741, 7, 0, 75376, 97887
2026/07/08 17:23:09.755, 0, 0, 48704, 97887
2026/07/08 17:23:09.771, 1, 0, 48104, 97887
2026/07/08 17:23:09.787, 2, 0, 48104, 97887
2026/07/08 17:23:09.804, 3, 0, 48104, 97887
2026/07/08 17:23:09.821, 4, 0, 75370, 97887
2026/07/08 17:23:09.839, 5, 0, 75370, 97887
2026/07/08 17:23:09.856, 6, 0, 75376, 97887
2026/07/08 17:23:09.867, 7, 0, 75376, 97887
2026/07/08 17:23:10.879, 0, 0, 48704, 97887
2026/07/08 17:23:10.894, 1, 0, 48104, 97887
2026/07/08 17:23:10.913, 2, 0, 48104, 97887
2026/07/08 17:23:10.928, 3, 0, 48104, 97887
2026/07/08 17:23:10.946, 4, 0, 75370, 97887
2026/07/08 17:23:10.963, 5, 0, 75370, 97887
2026/07/08 17:23:10.979, 6, 0, 75376, 97887
2026/07/08 17:23:10.993, 7, 0, 75376, 97887
2026/07/08 17:23:12.009, 0, 0, 48704, 97887
2026/07/08 17:23:12.024, 1, 0, 48104, 97887
2026/07/08 17:23:12.039, 2, 0, 48104, 97887
2026/07/08 17:23:12.056, 3, 0, 48104, 97887
2026/07/08 17:23:12.067, 4, 0, 75370, 97887
2026/07/08 17:23:12.079, 5, 0, 75370, 97887
2026/07/08 17:23:12.092, 6, 0, 75376, 97887
2026/07/08 17:23:12.113, 7, 0, 75376, 97887
2026/07/08 17:23:13.129, 0, 0, 48704, 97887
2026/07/08 17:23:13.145, 1, 0, 48104, 97887
2026/07/08 17:23:13.159, 2, 0, 48104, 97887
2026/07/08 17:23:13.174, 3, 0, 48104, 97887
2026/07/08 17:23:13.190, 4, 0, 75370, 97887
2026/07/08 17:23:13.204, 5, 0, 75370, 97887
2026/07/08 17:23:13.218, 6, 0, 75376, 97887
2026/07/08 17:23:13.230, 7, 0, 75376, 97887
2026/07/08 17:23:14.239, 0, 0, 48704, 97887
2026/07/08 17:23:14.253, 1, 0, 48104, 97887
2026/07/08 17:23:14.266, 2, 0, 48104, 97887
2026/07/08 17:23:14.280, 3, 0, 48104, 97887
2026/07/08 17:23:14.293, 4, 0, 75370, 97887
2026/07/08 17:23:14.302, 5, 0, 75370, 97887
2026/07/08 17:23:14.311, 6, 0, 75376, 97887
2026/07/08 17:23:14.324, 7, 0, 75376, 97887
2026/07/08 17:23:15.338, 0, 0, 48704, 97887
2026/07/08 17:23:15.351, 1, 0, 48104, 97887
2026/07/08 17:23:15.366, 2, 0, 48104, 97887
2026/07/08 17:23:15.380, 3, 0, 48104, 97887
2026/07/08 17:23:15.394, 4, 0, 75370, 97887
2026/07/08 17:23:15.406, 5, 0, 75370, 97887
2026/07/08 17:23:15.418, 6, 0, 75376, 97887
2026/07/08 17:23:15.436, 7, 0, 75376, 97887
2026/07/08 17:23:16.449, 0, 0, 48704, 97887
2026/07/08 17:23:16.465, 1, 0, 48104, 97887
2026/07/08 17:23:16.479, 2, 0, 48104, 97887
2026/07/08 17:23:16.496, 3, 0, 48104, 97887
2026/07/08 17:23:16.509, 4, 0, 75370, 97887
2026/07/08 17:23:16.525, 5, 0, 75370, 97887
2026/07/08 17:23:16.536, 6, 0, 75376, 97887
2026/07/08 17:23:16.553, 7, 0, 75376, 97887
2026/07/08 17:23:17.568, 0, 0, 48704, 97887
2026/07/08 17:23:17.582, 1, 0, 48104, 97887
2026/07/08 17:23:17.595, 2, 0, 48104, 97887
2026/07/08 17:23:17.605, 3, 0, 48104, 97887
2026/07/08 17:23:17.614, 4, 0, 75370, 97887
2026/07/08 17:23:17.636, 5, 0, 75370, 97887
2026/07/08 17:23:17.650, 6, 0, 75376, 97887
2026/07/08 17:23:17.661, 7, 0, 75376, 97887
2026/07/08 17:23:18.674, 0, 0, 48704, 97887
2026/07/08 17:23:18.688, 1, 0, 48104, 97887
2026/07/08 17:23:18.699, 2, 0, 48104, 97887
2026/07/08 17:23:18.712, 3, 0, 48104, 97887
2026/07/08 17:23:18.724, 4, 0, 75370, 97887
2026/07/08 17:23:18.736, 5, 0, 75370, 97887
2026/07/08 17:23:18.749, 6, 0, 75376, 97887
2026/07/08 17:23:18.761, 7, 0, 75376, 97887
2026/07/08 17:23:19.774, 0, 0, 48704, 97887
2026/07/08 17:23:19.786, 1, 0, 48104, 97887
2026/07/08 17:23:19.797, 2, 0, 48104, 97887
2026/07/08 17:23:19.809, 3, 0, 48104, 97887
2026/07/08 17:23:19.822, 4, 0, 75370, 97887
2026/07/08 17:23:19.838, 5, 0, 75370, 97887
2026/07/08 17:23:19.853, 6, 0, 75376, 97887
2026/07/08 17:23:19.869, 7, 0, 75376, 97887
2026/07/08 17:23:20.886, 0, 0, 48704, 97887
2026/07/08 17:23:20.900, 1, 0, 48104, 97887
2026/07/08 17:23:20.914, 2, 0, 48104, 97887
2026/07/08 17:23:20.930, 3, 0, 48104, 97887
2026/07/08 17:23:20.945, 4, 0, 75370, 97887
2026/07/08 17:23:20.959, 5, 0, 75370, 97887
2026/07/08 17:23:20.973, 6, 0, 75376, 97887
2026/07/08 17:23:20.988, 7, 0, 75376, 97887
2026/07/08 17:23:22.003, 0, 0, 48704, 97887
2026/07/08 17:23:22.021, 1, 0, 48104, 97887
2026/07/08 17:23:22.041, 2, 0, 48104, 97887
2026/07/08 17:23:22.059, 3, 0, 48104, 97887
2026/07/08 17:23:22.074, 4, 0, 75370, 97887
2026/07/08 17:23:22.089, 5, 0, 75370, 97887
2026/07/08 17:23:22.102, 6, 0, 75376, 97887
2026/07/08 17:23:22.118, 7, 0, 75376, 97887
2026/07/08 17:23:23.134, 0, 0, 48704, 97887
2026/07/08 17:23:23.150, 1, 0, 48104, 97887
2026/07/08 17:23:23.165, 2, 0, 48104, 97887
2026/07/08 17:23:23.181, 3, 0, 48104, 97887
2026/07/08 17:23:23.194, 4, 0, 75370, 97887
2026/07/08 17:23:23.207, 5, 0, 75370, 97887
2026/07/08 17:23:23.219, 6, 0, 75376, 97887
2026/07/08 17:23:23.233, 7, 0, 75376, 97887
2026/07/08 17:23:24.247, 0, 0, 48704, 97887
2026/07/08 17:23:24.262, 1, 0, 48104, 97887
2026/07/08 17:23:24.276, 2, 0, 48104, 97887
2026/07/08 17:23:24.288, 3, 0, 48104, 97887
2026/07/08 17:23:24.301, 4, 0, 75370, 97887
2026/07/08 17:23:24.314, 5, 0, 75370, 97887
2026/07/08 17:23:24.331, 6, 0, 75376, 97887
2026/07/08 17:23:24.348, 7, 0, 75376, 97887
2026/07/08 17:23:25.365, 0, 0, 48704, 97887
2026/07/08 17:23:25.381, 1, 0, 48104, 97887
2026/07/08 17:23:25.396, 2, 0, 48104, 97887
2026/07/08 17:23:25.410, 3, 0, 48104, 97887
2026/07/08 17:23:25.422, 4, 0, 75370, 97887
2026/07/08 17:23:25.437, 5, 0, 75370, 97887
2026/07/08 17:23:25.452, 6, 0, 75376, 97887
2026/07/08 17:23:25.465, 7, 0, 75376, 97887
2026/07/08 17:23:26.479, 0, 0, 48704, 97887
2026/07/08 17:23:26.496, 1, 0, 48104, 97887
2026/07/08 17:23:26.511, 2, 0, 48104, 97887
2026/07/08 17:23:26.526, 3, 0, 48104, 97887
2026/07/08 17:23:26.541, 4, 0, 75370, 97887
2026/07/08 17:23:26.557, 5, 0, 75370, 97887
2026/07/08 17:23:26.575, 6, 0, 75376, 97887
2026/07/08 17:23:26.592, 7, 0, 75376, 97887
2026/07/08 17:23:27.608, 0, 0, 48704, 97887
2026/07/08 17:23:27.627, 1, 0, 48104, 97887
2026/07/08 17:23:27.643, 2, 0, 48104, 97887
2026/07/08 17:23:27.661, 3, 0, 48104, 97887
2026/07/08 17:23:27.678, 4, 0, 75370, 97887
2026/07/08 17:23:27.694, 5, 0, 75370, 97887
2026/07/08 17:23:27.709, 6, 0, 75376, 97887
2026/07/08 17:23:27.727, 7, 0, 75376, 97887
2026/07/08 17:23:28.741, 0, 0, 48704, 97887
2026/07/08 17:23:28.757, 1, 0, 48104, 97887
2026/07/08 17:23:28.774, 2, 0, 48104, 97887
2026/07/08 17:23:28.790, 3, 0, 48104, 97887
2026/07/08 17:23:28.806, 4, 0, 75370, 97887
2026/07/08 17:23:28.823, 5, 0, 75370, 97887
2026/07/08 17:23:28.840, 6, 0, 75376, 97887
2026/07/08 17:23:28.859, 7, 0, 75376, 97887
2026/07/08 17:23:29.876, 0, 0, 48704, 97887
2026/07/08 17:23:29.894, 1, 0, 48104, 97887
2026/07/08 17:23:29.911, 2, 0, 48104, 97887
2026/07/08 17:23:29.925, 3, 0, 48104, 97887
2026/07/08 17:23:29.938, 4, 0, 75370, 97887
2026/07/08 17:23:29.953, 5, 0, 75370, 97887
2026/07/08 17:23:29.967, 6, 0, 75376, 97887
2026/07/08 17:23:29.981, 7, 0, 75376, 97887
2026/07/08 17:23:30.992, 0, 0, 48704, 97887
2026/07/08 17:23:31.009, 1, 0, 48104, 97887
2026/07/08 17:23:31.027, 2, 0, 48104, 97887
2026/07/08 17:23:31.043, 3, 0, 48104, 97887
2026/07/08 17:23:31.061, 4, 0, 75370, 97887
2026/07/08 17:23:31.072, 5, 0, 75370, 97887
2026/07/08 17:23:31.084, 6, 0, 75376, 97887
2026/07/08 17:23:31.093, 7, 0, 75376, 97887
2026/07/08 17:23:32.108, 0, 0, 48704, 97887
2026/07/08 17:23:32.122, 1, 0, 48104, 97887
2026/07/08 17:23:32.140, 2, 0, 48104, 97887
2026/07/08 17:23:32.151, 3, 0, 48104, 97887
2026/07/08 17:23:32.164, 4, 0, 75370, 97887
2026/07/08 17:23:32.180, 5, 0, 75370, 97887
2026/07/08 17:23:32.195, 6, 0, 75376, 97887
2026/07/08 17:23:32.208, 7, 0, 75376, 97887
2026/07/08 17:23:33.222, 0, 0, 48704, 97887
2026/07/08 17:23:33.237, 1, 0, 48104, 97887
2026/07/08 17:23:33.252, 2, 0, 48104, 97887
2026/07/08 17:23:33.262, 3, 0, 48104, 97887
2026/07/08 17:23:33.279, 4, 0, 75370, 97887
2026/07/08 17:23:33.297, 5, 0, 75370, 97887
2026/07/08 17:23:33.310, 6, 0, 75376, 97887
2026/07/08 17:23:33.320, 7, 0, 75376, 97887
2026/07/08 17:23:34.329, 0, 0, 48704, 97887
2026/07/08 17:23:34.340, 1, 0, 48104, 97887
2026/07/08 17:23:34.352, 2, 0, 48104, 97887
2026/07/08 17:23:34.364, 3, 0, 48104, 97887
2026/07/08 17:23:34.375, 4, 0, 75370, 97887
2026/07/08 17:23:34.386, 5, 0, 75370, 97887
2026/07/08 17:23:34.399, 6, 0, 75376, 97887
2026/07/08 17:23:34.412, 7, 0, 75376, 97887
2026/07/08 17:23:35.424, 0, 0, 48704, 97887
2026/07/08 17:23:35.436, 1, 0, 48104, 97887
2026/07/08 17:23:35.446, 2, 0, 48104, 97887
2026/07/08 17:23:35.457, 3, 0, 48104, 97887
2026/07/08 17:23:35.468, 4, 0, 75370, 97887
2026/07/08 17:23:35.476, 5, 0, 75370, 97887
2026/07/08 17:23:35.485, 6, 0, 75376, 97887
2026/07/08 17:23:35.504, 7, 0, 75376, 97887
2026/07/08 17:23:36.520, 0, 0, 48704, 97887
2026/07/08 17:23:36.534, 1, 0, 48104, 97887
2026/07/08 17:23:36.554, 2, 0, 48104, 97887
2026/07/08 17:23:36.569, 3, 0, 48104, 97887
2026/07/08 17:23:36.585, 4, 0, 75370, 97887
2026/07/08 17:23:36.599, 5, 0, 75370, 97887
2026/07/08 17:23:36.612, 6, 0, 75376, 97887
2026/07/08 17:23:36.626, 7, 0, 75376, 97887
2026/07/08 17:23:37.645, 0, 0, 48704, 97887
2026/07/08 17:23:37.662, 1, 0, 48104, 97887
2026/07/08 17:23:37.679, 2, 0, 48104, 97887
2026/07/08 17:23:37.695, 3, 0, 48104, 97887
2026/07/08 17:23:37.712, 4, 0, 75370, 97887
2026/07/08 17:23:37.727, 5, 0, 75370, 97887
2026/07/08 17:23:37.745, 6, 0, 75376, 97887
2026/07/08 17:23:37.760, 7, 0, 75376, 97887
2026/07/08 17:23:38.778, 0, 0, 48704, 97887
2026/07/08 17:23:38.793, 1, 0, 48104, 97887
2026/07/08 17:23:38.807, 2, 0, 48104, 97887
2026/07/08 17:23:38.822, 3, 0, 48104, 97887
2026/07/08 17:23:38.836, 4, 0, 75370, 97887
2026/07/08 17:23:38.850, 5, 0, 75370, 97887
2026/07/08 17:23:38.864, 6, 0, 75376, 97887
2026/07/08 17:23:38.882, 7, 0, 75376, 97887
2026/07/08 17:23:39.899, 0, 0, 48704, 97887
2026/07/08 17:23:39.913, 1, 0, 48104, 97887
2026/07/08 17:23:39.929, 2, 0, 48104, 97887
2026/07/08 17:23:39.945, 3, 0, 48104, 97887
2026/07/08 17:23:39.960, 4, 0, 75370, 97887
2026/07/08 17:23:39.975, 5, 0, 75370, 97887
2026/07/08 17:23:39.990, 6, 0, 75376, 97887
2026/07/08 17:23:40.008, 7, 0, 75376, 97887
2026/07/08 17:23:41.022, 0, 0, 48704, 97887
2026/07/08 17:23:41.036, 1, 0, 48104, 97887
2026/07/08 17:23:41.050, 2, 0, 48104, 97887
2026/07/08 17:23:41.063, 3, 0, 48104, 97887
2026/07/08 17:23:41.076, 4, 0, 75370, 97887
2026/07/08 17:23:41.091, 5, 0, 75370, 97887
2026/07/08 17:23:41.107, 6, 0, 75376, 97887
2026/07/08 17:23:41.123, 7, 0, 75376, 97887
2026/07/08 17:23:42.140, 0, 0, 48704, 97887
2026/07/08 17:23:42.158, 1, 0, 48104, 97887
2026/07/08 17:23:42.174, 2, 0, 48104, 97887
2026/07/08 17:23:42.191, 3, 0, 48104, 97887
2026/07/08 17:23:42.205, 4, 0, 75370, 97887
2026/07/08 17:23:42.221, 5, 0, 75370, 97887
2026/07/08 17:23:42.237, 6, 0, 75376, 97887
2026/07/08 17:23:42.254, 7, 0, 75376, 97887
2026/07/08 17:23:43.266, 0, 0, 48704, 97887
2026/07/08 17:23:43.283, 1, 0, 48104, 97887
2026/07/08 17:23:43.300, 2, 0, 48104, 97887
2026/07/08 17:23:43.315, 3, 0, 48104, 97887
2026/07/08 17:23:43.332, 4, 0, 75370, 97887
2026/07/08 17:23:43.347, 5, 0, 75370, 97887
2026/07/08 17:23:43.363, 6, 0, 75376, 97887
2026/07/08 17:23:43.379, 7, 0, 75376, 97887
2026/07/08 17:23:44.393, 0, 0, 48704, 97887
2026/07/08 17:23:44.412, 1, 0, 48104, 97887
2026/07/08 17:23:44.429, 2, 0, 48104, 97887
2026/07/08 17:23:44.445, 3, 0, 48104, 97887
2026/07/08 17:23:44.463, 4, 0, 75370, 97887
2026/07/08 17:23:44.482, 5, 0, 75370, 97887
2026/07/08 17:23:44.498, 6, 0, 75376, 97887
2026/07/08 17:23:44.515, 7, 0, 75376, 97887
2026/07/08 17:23:45.532, 0, 0, 48704, 97887
2026/07/08 17:23:45.549, 1, 0, 48104, 97887
2026/07/08 17:23:45.563, 2, 0, 48104, 97887
2026/07/08 17:23:45.580, 3, 0, 48104, 97887
2026/07/08 17:23:45.595, 4, 0, 75370, 97887
2026/07/08 17:23:45.614, 5, 0, 75370, 97887
2026/07/08 17:23:45.630, 6, 0, 75376, 97887
2026/07/08 17:23:45.644, 7, 0, 75376, 97887
2026/07/08 17:23:46.663, 0, 0, 48704, 97887
2026/07/08 17:23:46.678, 1, 0, 48104, 97887
2026/07/08 17:23:46.694, 2, 0, 48104, 97887
2026/07/08 17:23:46.708, 3, 0, 48104, 97887
2026/07/08 17:23:46.724, 4, 0, 75370, 97887
2026/07/08 17:23:46.742, 5, 0, 75370, 97887
2026/07/08 17:23:46.761, 6, 0, 75376, 97887
2026/07/08 17:23:46.780, 7, 0, 75376, 97887
2026/07/08 17:23:47.797, 0, 0, 48704, 97887
2026/07/08 17:23:47.813, 1, 0, 48104, 97887
2026/07/08 17:23:47.828, 2, 0, 48104, 97887
2026/07/08 17:23:47.845, 3, 0, 48104, 97887
2026/07/08 17:23:47.860, 4, 0, 75370, 97887
2026/07/08 17:23:47.875, 5, 0, 75370, 97887
2026/07/08 17:23:47.893, 6, 0, 75376, 97887
2026/07/08 17:23:47.908, 7, 0, 75376, 97887
2026/07/08 17:23:48.923, 0, 0, 48704, 97887
2026/07/08 17:23:48.940, 1, 0, 48104, 97887
2026/07/08 17:23:48.958, 2, 0, 48104, 97887
2026/07/08 17:23:48.975, 3, 0, 48104, 97887
2026/07/08 17:23:48.989, 4, 0, 75370, 97887
2026/07/08 17:23:49.005, 5, 0, 75370, 97887
2026/07/08 17:23:49.018, 6, 0, 75376, 97887
2026/07/08 17:23:49.030, 7, 0, 75376, 97887
2026/07/08 17:23:50.043, 0, 0, 48704, 97887
2026/07/08 17:23:50.084, 1, 0, 48104, 97887
2026/07/08 17:23:50.102, 2, 0, 48104, 97887
2026/07/08 17:23:50.121, 3, 0, 48104, 97887
2026/07/08 17:23:50.138, 4, 0, 75370, 97887
2026/07/08 17:23:50.166, 5, 0, 75370, 97887
2026/07/08 17:23:50.182, 6, 0, 75376, 97887
2026/07/08 17:23:50.202, 7, 0, 75376, 97887
2026/07/08 17:23:51.221, 0, 0, 48704, 97887
2026/07/08 17:23:51.242, 1, 0, 48104, 97887
2026/07/08 17:23:51.260, 2, 0, 48104, 97887
2026/07/08 17:23:51.275, 3, 0, 48104, 97887
2026/07/08 17:23:51.291, 4, 0, 75370, 97887
2026/07/08 17:23:51.308, 5, 0, 75370, 97887
2026/07/08 17:23:51.326, 6, 0, 75376, 97887
2026/07/08 17:23:51.339, 7, 0, 75376, 97887
2026/07/08 17:23:52.348, 0, 0, 48704, 97887
2026/07/08 17:23:52.363, 1, 0, 48104, 97887
2026/07/08 17:23:52.382, 2, 0, 48104, 97887
2026/07/08 17:23:52.399, 3, 0, 48104, 97887
2026/07/08 17:23:52.417, 4, 0, 75370, 97887
2026/07/08 17:23:52.433, 5, 0, 75370, 97887
2026/07/08 17:23:52.450, 6, 0, 75376, 97887
2026/07/08 17:23:52.471, 7, 0, 75376, 97887
2026/07/08 17:23:53.486, 0, 0, 48704, 97887
2026/07/08 17:23:53.500, 1, 0, 48104, 97887
2026/07/08 17:23:53.517, 2, 0, 48104, 97887
2026/07/08 17:23:53.534, 3, 0, 48104, 97887
2026/07/08 17:23:53.553, 4, 0, 75370, 97887
2026/07/08 17:23:53.567, 5, 0, 75370, 97887
2026/07/08 17:23:53.581, 6, 0, 75376, 97887
2026/07/08 17:23:53.598, 7, 0, 75376, 97887
2026/07/08 17:23:54.614, 0, 0, 48704, 97887
2026/07/08 17:23:54.634, 1, 0, 48104, 97887
2026/07/08 17:23:54.652, 2, 0, 48104, 97887
2026/07/08 17:23:54.666, 3, 0, 48104, 97887
2026/07/08 17:23:54.679, 4, 0, 75370, 97887
2026/07/08 17:23:54.695, 5, 0, 75370, 97887
2026/07/08 17:23:54.711, 6, 0, 75376, 97887
2026/07/08 17:23:54.728, 7, 0, 75376, 97887
2026/07/08 17:23:55.744, 0, 0, 48704, 97887
2026/07/08 17:23:55.760, 1, 0, 48104, 97887
2026/07/08 17:23:55.774, 2, 0, 48104, 97887
2026/07/08 17:23:55.794, 3, 0, 48104, 97887
2026/07/08 17:23:55.811, 4, 0, 75370, 97887
2026/07/08 17:23:55.827, 5, 0, 75370, 97887
2026/07/08 17:23:55.840, 6, 0, 75376, 97887
2026/07/08 17:23:55.854, 7, 0, 75376, 97887
2026/07/08 17:23:56.868, 0, 0, 48704, 97887
2026/07/08 17:23:56.883, 1, 0, 48104, 97887
2026/07/08 17:23:56.899, 2, 0, 48104, 97887
2026/07/08 17:23:56.912, 3, 0, 48104, 97887
2026/07/08 17:23:56.924, 4, 0, 75370, 97887
2026/07/08 17:23:56.939, 5, 0, 75370, 97887
2026/07/08 17:23:56.956, 6, 0, 75376, 97887
2026/07/08 17:23:56.973, 7, 0, 75376, 97887
2026/07/08 17:23:57.988, 0, 0, 48704, 97887
2026/07/08 17:23:57.996, 1, 0, 48104, 97887
2026/07/08 17:23:58.006, 2, 0, 48104, 97887
2026/07/08 17:23:58.017, 3, 0, 48104, 97887
2026/07/08 17:23:58.036, 4, 0, 75370, 97887
2026/07/08 17:23:58.051, 5, 0, 75370, 97887
2026/07/08 17:23:58.064, 6, 0, 75408, 97887
2026/07/08 17:23:58.075, 7, 0, 75408, 97887
2026/07/08 17:23:59.088, 0, 0, 48704, 97887
2026/07/08 17:23:59.099, 1, 0, 48104, 97887
2026/07/08 17:23:59.109, 2, 0, 48104, 97887
2026/07/08 17:23:59.120, 3, 0, 48104, 97887
2026/07/08 17:23:59.129, 4, 0, 75402, 97887
2026/07/08 17:23:59.145, 5, 84, 75402, 97887
2026/07/08 17:23:59.159, 6, 71, 75408, 97887
2026/07/08 17:23:59.172, 7, 71, 75408, 97887
2026/07/08 17:24:00.184, 0, 0, 48704, 97887
2026/07/08 17:24:00.202, 1, 0, 48104, 97887
2026/07/08 17:24:00.216, 2, 0, 48104, 97887
2026/07/08 17:24:00.227, 3, 0, 48104, 97887
2026/07/08 17:24:00.241, 4, 100, 75408, 97887
2026/07/08 17:24:00.254, 5, 100, 75408, 97887
2026/07/08 17:24:00.268, 6, 29, 75430, 97887
2026/07/08 17:24:00.281, 7, 68, 75430, 97887
2026/07/08 17:24:01.294, 0, 0, 48704, 97887
2026/07/08 17:24:01.306, 1, 0, 48104, 97887
2026/07/08 17:24:01.326, 2, 0, 48104, 97887
2026/07/08 17:24:01.337, 3, 0, 48104, 97887
2026/07/08 17:24:01.355, 4, 91, 75430, 97887
2026/07/08 17:24:01.368, 5, 17, 75430, 97887
2026/07/08 17:24:01.382, 6, 70, 75430, 97887
2026/07/08 17:24:01.396, 7, 53, 75430, 97887
2026/07/08 17:24:02.406, 0, 0, 48704, 97887
2026/07/08 17:24:02.421, 1, 0, 48104, 97887
2026/07/08 17:24:02.435, 2, 0, 48104, 97887
2026/07/08 17:24:02.447, 3, 0, 48104, 97887
2026/07/08 17:24:02.458, 4, 93, 75430, 97887
2026/07/08 17:24:02.472, 5, 17, 75430, 97887
2026/07/08 17:24:02.485, 6, 90, 75430, 97887
2026/07/08 17:24:02.498, 7, 27, 75430, 97887
2026/07/08 17:24:03.509, 0, 0, 48704, 97887
2026/07/08 17:24:03.524, 1, 0, 48104, 97887
2026/07/08 17:24:03.538, 2, 0, 48104, 97887
2026/07/08 17:24:03.555, 3, 0, 48104, 97887
2026/07/08 17:24:03.570, 4, 83, 75430, 97887
2026/07/08 17:24:03.583, 5, 61, 75430, 97887
2026/07/08 17:24:03.600, 6, 80, 75430, 97887
2026/07/08 17:24:03.613, 7, 24, 75430, 97887
2026/07/08 17:24:04.632, 0, 0, 48704, 97887
2026/07/08 17:24:04.647, 1, 0, 48104, 97887
2026/07/08 17:24:04.660, 2, 0, 48104, 97887
2026/07/08 17:24:04.671, 3, 0, 48104, 97887
2026/07/08 17:24:04.684, 4, 21, 75430, 97887
2026/07/08 17:24:04.693, 5, 24, 75430, 97887
2026/07/08 17:24:04.707, 6, 91, 75430, 97887
2026/07/08 17:24:04.717, 7, 23, 75430, 97887
2026/07/08 17:24:05.729, 0, 0, 48704, 97887
2026/07/08 17:24:05.742, 1, 0, 48104, 97887
2026/07/08 17:24:05.757, 2, 0, 48104, 97887
2026/07/08 17:24:05.772, 3, 0, 48104, 97887
2026/07/08 17:24:05.787, 4, 22, 75430, 97887
2026/07/08 17:24:05.800, 5, 87, 75430, 97887
2026/07/08 17:24:05.813, 6, 38, 75430, 97887
2026/07/08 17:24:05.828, 7, 64, 75430, 97887
2026/07/08 17:24:06.841, 0, 0, 48704, 97887
2026/07/08 17:24:06.851, 1, 0, 48104, 97887
2026/07/08 17:24:06.863, 2, 0, 48104, 97887
2026/07/08 17:24:06.879, 3, 0, 48104, 97887
2026/07/08 17:24:06.889, 4, 33, 75430, 97887
2026/07/08 17:24:06.901, 5, 72, 75430, 97887
2026/07/08 17:24:06.916, 6, 80, 75430, 97887
2026/07/08 17:24:06.933, 7, 39, 75430, 97887
2026/07/08 17:24:07.951, 0, 0, 48704, 97887
2026/07/08 17:24:07.966, 1, 0, 48104, 97887
2026/07/08 17:24:07.977, 2, 0, 48104, 97887
2026/07/08 17:24:07.989, 3, 0, 48104, 97887
2026/07/08 17:24:08.002, 4, 26, 75430, 97887
2026/07/08 17:24:08.014, 5, 50, 75430, 97887
2026/07/08 17:24:08.025, 6, 83, 75430, 97887
2026/07/08 17:24:08.038, 7, 32, 75430, 97887
2026/07/08 17:24:09.048, 0, 0, 48704, 97887
2026/07/08 17:24:09.062, 1, 0, 48104, 97887
2026/07/08 17:24:09.075, 2, 0, 48104, 97887
2026/07/08 17:24:09.086, 3, 0, 48104, 97887
2026/07/08 17:24:09.099, 4, 64, 75430, 97887
2026/07/08 17:24:09.112, 5, 68, 75430, 97887
2026/07/08 17:24:09.127, 6, 91, 75430, 97887
2026/07/08 17:24:09.143, 7, 25, 75430, 97887
2026/07/08 17:24:10.155, 0, 0, 48704, 97887
2026/07/08 17:24:10.172, 1, 0, 48104, 97887
2026/07/08 17:24:10.185, 2, 0, 48104, 97887
2026/07/08 17:24:10.200, 3, 0, 48104, 97887
2026/07/08 17:24:10.216, 4, 94, 75430, 97887
2026/07/08 17:24:10.231, 5, 37, 75430, 97887
2026/07/08 17:24:10.245, 6, 86, 75430, 97887
2026/07/08 17:24:10.259, 7, 30, 75430, 97887
2026/07/08 17:24:11.269, 0, 0, 48704, 97887
2026/07/08 17:24:11.284, 1, 0, 48104, 97887
2026/07/08 17:24:11.293, 2, 0, 48104, 97887
2026/07/08 17:24:11.304, 3, 0, 48104, 97887
2026/07/08 17:24:11.315, 4, 89, 75430, 97887
2026/07/08 17:24:11.329, 5, 84, 75430, 97887
2026/07/08 17:24:11.342, 6, 89, 75430, 97887
2026/07/08 17:24:11.357, 7, 20, 75430, 97887
2026/07/08 17:24:12.371, 0, 0, 48704, 97887
2026/07/08 17:24:12.388, 1, 0, 48104, 97887
2026/07/08 17:24:12.401, 2, 0, 48104, 97887
2026/07/08 17:24:12.413, 3, 0, 48104, 97887
2026/07/08 17:24:12.429, 4, 95, 75430, 97887
2026/07/08 17:24:12.444, 5, 55, 75430, 97887
2026/07/08 17:24:12.456, 6, 94, 75430, 97887
2026/07/08 17:24:12.471, 7, 26, 75430, 97887
2026/07/08 17:24:13.485, 0, 0, 48704, 97887
2026/07/08 17:24:13.495, 1, 0, 48104, 97887
2026/07/08 17:24:13.506, 2, 0, 48104, 97887
2026/07/08 17:24:13.519, 3, 0, 48104, 97887
2026/07/08 17:24:13.533, 4, 33, 75430, 97887
2026/07/08 17:24:13.549, 5, 78, 75430, 97887
2026/07/08 17:24:13.560, 6, 84, 75430, 97887
2026/07/08 17:24:13.575, 7, 30, 75430, 97887
2026/07/08 17:24:14.585, 0, 0, 48704, 97887
2026/07/08 17:24:14.600, 1, 0, 48104, 97887
2026/07/08 17:24:14.616, 2, 0, 48104, 97887
2026/07/08 17:24:14.632, 3, 0, 48104, 97887
2026/07/08 17:24:14.647, 4, 26, 75430, 97887
2026/07/08 17:24:14.661, 5, 29, 75430, 97887
2026/07/08 17:24:14.677, 6, 55, 75430, 97887
2026/07/08 17:24:14.692, 7, 65, 75430, 97887
2026/07/08 17:24:15.703, 0, 0, 48704, 97887
2026/07/08 17:24:15.720, 1, 0, 48104, 97887
2026/07/08 17:24:15.732, 2, 0, 48104, 97887
2026/07/08 17:24:15.745, 3, 0, 48104, 97887
2026/07/08 17:24:15.756, 4, 61, 75430, 97887
2026/07/08 17:24:15.766, 5, 37, 75430, 97887
2026/07/08 17:24:15.781, 6, 34, 75430, 97887
2026/07/08 17:24:15.796, 7, 39, 75430, 97887
2026/07/08 17:24:16.806, 0, 0, 48704, 97887
2026/07/08 17:24:16.820, 1, 0, 48104, 97887
2026/07/08 17:24:16.833, 2, 0, 48104, 97887
2026/07/08 17:24:16.846, 3, 0, 48104, 97887
2026/07/08 17:24:16.858, 4, 95, 75430, 97887
2026/07/08 17:24:16.870, 5, 22, 75430, 97887
2026/07/08 17:24:16.885, 6, 80, 75430, 97887
2026/07/08 17:24:16.899, 7, 27, 75430, 97887
2026/07/08 17:24:17.914, 0, 0, 48704, 97887
2026/07/08 17:24:17.932, 1, 0, 48104, 97887
2026/07/08 17:24:17.945, 2, 0, 48104, 97887
2026/07/08 17:24:17.958, 3, 0, 48104, 97887
2026/07/08 17:24:17.970, 4, 25, 75430, 97887
2026/07/08 17:24:17.985, 5, 95, 75430, 97887
2026/07/08 17:24:17.999, 6, 66, 75430, 97887
2026/07/08 17:24:18.012, 7, 26, 75430, 97887
2026/07/08 17:24:19.027, 0, 0, 48704, 97887
2026/07/08 17:24:19.039, 1, 0, 48104, 97887
2026/07/08 17:24:19.051, 2, 0, 48104, 97887
2026/07/08 17:24:19.062, 3, 0, 48104, 97887
2026/07/08 17:24:19.071, 4, 47, 75430, 97887
2026/07/08 17:24:19.082, 5, 74, 75430, 97887
2026/07/08 17:24:19.100, 6, 56, 75430, 97887
2026/07/08 17:24:19.117, 7, 39, 75430, 97887
2026/07/08 17:24:20.127, 0, 0, 48704, 97887
2026/07/08 17:24:20.142, 1, 0, 48104, 97887
2026/07/08 17:24:20.157, 2, 0, 48104, 97887
2026/07/08 17:24:20.170, 3, 0, 48104, 97887
2026/07/08 17:24:20.184, 4, 57, 75430, 97887
2026/07/08 17:24:20.196, 5, 93, 75430, 97887
2026/07/08 17:24:20.209, 6, 93, 75430, 97887
2026/07/08 17:24:20.223, 7, 20, 75430, 97887
2026/07/08 17:24:21.238, 0, 0, 48704, 97887
2026/07/08 17:24:21.251, 1, 0, 48104, 97887
2026/07/08 17:24:21.260, 2, 0, 48104, 97887
2026/07/08 17:24:21.274, 3, 0, 48104, 97887
2026/07/08 17:24:21.289, 4, 43, 75430, 97887
2026/07/08 17:24:21.302, 5, 64, 75430, 97887
2026/07/08 17:24:21.314, 6, 59, 75430, 97887
2026/07/08 17:24:21.331, 7, 39, 75430, 97887
2026/07/08 17:24:22.349, 0, 0, 48704, 97887
2026/07/08 17:24:22.365, 1, 0, 48104, 97887
2026/07/08 17:24:22.376, 2, 0, 48104, 97887
2026/07/08 17:24:22.388, 3, 0, 48104, 97887
2026/07/08 17:24:22.402, 4, 77, 75430, 97887
2026/07/08 17:24:22.414, 5, 65, 75430, 97887
2026/07/08 17:24:22.427, 6, 42, 75430, 97887
2026/07/08 17:24:22.444, 7, 36, 75430, 97887
2026/07/08 17:24:23.461, 0, 0, 48704, 97887
2026/07/08 17:24:23.482, 1, 0, 48104, 97887
2026/07/08 17:24:23.500, 2, 0, 48104, 97887
2026/07/08 17:24:23.517, 3, 0, 48104, 97887
2026/07/08 17:24:23.533, 4, 90, 75430, 97887
2026/07/08 17:24:23.550, 5, 20, 75430, 97887
2026/07/08 17:24:23.567, 6, 33, 75430, 97887
2026/07/08 17:24:23.581, 7, 54, 75430, 97887
2026/07/08 17:24:24.598, 0, 0, 48704, 97887
2026/07/08 17:24:24.612, 1, 0, 48104, 97887
2026/07/08 17:24:24.627, 2, 0, 48104, 97887
2026/07/08 17:24:24.640, 3, 0, 48104, 97887
2026/07/08 17:24:24.651, 4, 80, 75430, 97887
2026/07/08 17:24:24.666, 5, 95, 75430, 97887
2026/07/08 17:24:24.680, 6, 35, 75430, 97887
2026/07/08 17:24:24.693, 7, 79, 75430, 97887
2026/07/08 17:24:25.703, 0, 0, 48704, 97887
2026/07/08 17:24:25.716, 1, 0, 48104, 97887
2026/07/08 17:24:25.726, 2, 0, 48104, 97887
2026/07/08 17:24:25.736, 3, 0, 48104, 97887
2026/07/08 17:24:25.747, 4, 50, 75430, 97887
2026/07/08 17:24:25.756, 5, 56, 75430, 97887
2026/07/08 17:24:25.766, 6, 32, 75430, 97887
2026/07/08 17:24:25.779, 7, 64, 75430, 97887
2026/07/08 17:24:26.796, 0, 0, 48704, 97887
2026/07/08 17:24:26.805, 1, 0, 48104, 97887
2026/07/08 17:24:26.814, 2, 0, 48104, 97887
2026/07/08 17:24:26.824, 3, 0, 48104, 97887
2026/07/08 17:24:26.833, 4, 23, 75430, 97887
2026/07/08 17:24:26.842, 5, 75, 75430, 97887
2026/07/08 17:24:26.853, 6, 33, 75430, 97887
2026/07/08 17:24:26.864, 7, 69, 75430, 97887
2026/07/08 17:24:27.873, 0, 0, 48704, 97887
2026/07/08 17:24:27.885, 1, 0, 48104, 97887
2026/07/08 17:24:27.898, 2, 0, 48104, 97887
2026/07/08 17:24:27.914, 3, 0, 48104, 97887
2026/07/08 17:24:27.929, 4, 25, 75430, 97887
2026/07/08 17:24:27.946, 5, 82, 75430, 97887
2026/07/08 17:24:27.960, 6, 49, 75430, 97887
2026/07/08 17:24:27.976, 7, 74, 75430, 97887
2026/07/08 17:24:28.990, 0, 0, 48704, 97887
2026/07/08 17:24:29.007, 1, 0, 48104, 97887
2026/07/08 17:24:29.024, 2, 0, 48104, 97887
2026/07/08 17:24:29.043, 3, 0, 48104, 97887
2026/07/08 17:24:29.056, 4, 24, 75430, 97887
2026/07/08 17:24:29.071, 5, 63, 75430, 97887
2026/07/08 17:24:29.084, 6, 47, 75430, 97887
2026/07/08 17:24:29.100, 7, 58, 75430, 97887
2026/07/08 17:24:30.113, 0, 0, 48704, 97887
2026/07/08 17:24:30.131, 1, 0, 48104, 97887
2026/07/08 17:24:30.143, 2, 0, 48104, 97887
2026/07/08 17:24:30.155, 3, 0, 48104, 97887
2026/07/08 17:24:30.168, 4, 24, 75430, 97887
2026/07/08 17:24:30.183, 5, 47, 75430, 97887
2026/07/08 17:24:30.197, 6, 32, 75430, 97887
2026/07/08 17:24:30.210, 7, 70, 75430, 97887
2026/07/08 17:24:31.224, 0, 0, 48704, 97887
2026/07/08 17:24:31.235, 1, 0, 48104, 97887
2026/07/08 17:24:31.247, 2, 0, 48104, 97887
2026/07/08 17:24:31.259, 3, 0, 48104, 97887
2026/07/08 17:24:31.271, 4, 95, 75430, 97887
2026/07/08 17:24:31.283, 5, 53, 75430, 97887
2026/07/08 17:24:31.293, 6, 47, 75430, 97887
2026/07/08 17:24:31.303, 7, 53, 75430, 97887
2026/07/08 17:24:32.309, 0, 0, 48704, 97887
2026/07/08 17:24:32.321, 1, 0, 48104, 97887
2026/07/08 17:24:32.331, 2, 0, 48104, 97887
2026/07/08 17:24:32.343, 3, 0, 48104, 97887
2026/07/08 17:24:32.355, 4, 24, 75430, 97887
2026/07/08 17:24:32.366, 5, 95, 75430, 97887
2026/07/08 17:24:32.377, 6, 38, 75430, 97887
2026/07/08 17:24:32.392, 7, 53, 75430, 97887
2026/07/08 17:24:33.410, 0, 0, 48704, 97887
2026/07/08 17:24:33.422, 1, 0, 48104, 97887
2026/07/08 17:24:33.438, 2, 0, 48104, 97887
2026/07/08 17:24:33.456, 3, 0, 48104, 97887
2026/07/08 17:24:33.472, 4, 29, 75430, 97887
2026/07/08 17:24:33.485, 5, 46, 75430, 97887
2026/07/08 17:24:33.499, 6, 24, 75430, 97887
2026/07/08 17:24:33.509, 7, 73, 75430, 97887
2026/07/08 17:24:34.521, 0, 0, 48704, 97887
2026/07/08 17:24:34.535, 1, 0, 48104, 97887
2026/07/08 17:24:34.546, 2, 0, 48104, 97887
2026/07/08 17:24:34.563, 3, 0, 48104, 97887
2026/07/08 17:24:34.577, 4, 88, 75430, 97887
2026/07/08 17:24:34.593, 5, 30, 75430, 97887
2026/07/08 17:24:34.609, 6, 30, 75430, 97887
2026/07/08 17:24:34.624, 7, 77, 75430, 97887
2026/07/08 17:24:35.638, 0, 0, 48704, 97887
2026/07/08 17:24:35.653, 1, 0, 48104, 97887
2026/07/08 17:24:35.671, 2, 0, 48104, 97887
2026/07/08 17:24:35.685, 3, 0, 48104, 97887
2026/07/08 17:24:35.698, 4, 41, 75430, 97887
2026/07/08 17:24:35.713, 5, 23, 75430, 97887
2026/07/08 17:24:35.728, 6, 55, 75430, 97887
2026/07/08 17:24:35.740, 7, 36, 75430, 97887
2026/07/08 17:24:36.749, 0, 0, 48704, 97887
2026/07/08 17:24:36.760, 1, 0, 48104, 97887
2026/07/08 17:24:36.771, 2, 0, 48104, 97887
2026/07/08 17:24:36.784, 3, 0, 48104, 97887
2026/07/08 17:24:36.796, 4, 93, 75430, 97887
2026/07/08 17:24:36.806, 5, 28, 75430, 97887
2026/07/08 17:24:36.818, 6, 52, 75430, 97887
2026/07/08 17:24:36.830, 7, 71, 75430, 97887
2026/07/08 17:24:37.843, 0, 0, 48704, 97887
2026/07/08 17:24:37.856, 1, 0, 48104, 97887
2026/07/08 17:24:37.869, 2, 0, 48104, 97887
2026/07/08 17:24:37.887, 3, 0, 48104, 97887
2026/07/08 17:24:37.902, 4, 95, 75430, 97887
2026/07/08 17:24:37.920, 5, 20, 75430, 97887
2026/07/08 17:24:37.940, 6, 100, 75430, 97887
2026/07/08 17:24:37.960, 7, 100, 75430, 97887
2026/07/08 17:24:38.976, 0, 0, 48704, 97887
2026/07/08 17:24:38.992, 1, 0, 48104, 97887
2026/07/08 17:24:39.006, 2, 0, 48104, 97887
2026/07/08 17:24:39.019, 3, 0, 48104, 97887
2026/07/08 17:24:39.034, 4, 100, 75450, 97887
2026/07/08 17:24:39.048, 5, 100, 75450, 97887
2026/07/08 17:24:39.059, 6, 48, 75468, 97887
2026/07/08 17:24:39.075, 7, 66, 75468, 97887
2026/07/08 17:24:40.086, 0, 0, 48704, 97887
2026/07/08 17:24:40.101, 1, 0, 48104, 97887
2026/07/08 17:24:40.116, 2, 0, 48104, 97887
2026/07/08 17:24:40.135, 3, 0, 48104, 97887
2026/07/08 17:24:40.153, 4, 87, 75468, 97887
2026/07/08 17:24:40.172, 5, 20, 75468, 97887
2026/07/08 17:24:40.188, 6, 79, 75468, 97887
2026/07/08 17:24:40.203, 7, 23, 75468, 97887
2026/07/08 17:24:41.218, 0, 0, 48704, 97887
2026/07/08 17:24:41.233, 1, 0, 48104, 97887
2026/07/08 17:24:41.243, 2, 0, 48104, 97887
2026/07/08 17:24:41.252, 3, 0, 48104, 97887
2026/07/08 17:24:41.264, 4, 96, 75468, 97887
2026/07/08 17:24:41.278, 5, 26, 75468, 97887
2026/07/08 17:24:41.294, 6, 80, 75468, 97887
2026/07/08 17:24:41.311, 7, 42, 75468, 97887
2026/07/08 17:24:42.327, 0, 0, 48704, 97887
2026/07/08 17:24:42.339, 1, 0, 48104, 97887
2026/07/08 17:24:42.353, 2, 0, 48104, 97887
2026/07/08 17:24:42.366, 3, 0, 48104, 97887
2026/07/08 17:24:42.378, 4, 72, 75468, 97887
2026/07/08 17:24:42.388, 5, 58, 75468, 97887
2026/07/08 17:24:42.399, 6, 53, 75468, 97887
2026/07/08 17:24:42.412, 7, 55, 75468, 97887
2026/07/08 17:24:43.425, 0, 0, 48704, 97887
2026/07/08 17:24:43.439, 1, 0, 48104, 97887
2026/07/08 17:24:43.449, 2, 0, 48104, 97887
2026/07/08 17:24:43.462, 3, 0, 48104, 97887
2026/07/08 17:24:43.476, 4, 93, 75468, 97887
2026/07/08 17:24:43.492, 5, 23, 75468, 97887
2026/07/08 17:24:43.505, 6, 67, 75468, 97887
2026/07/08 17:24:43.515, 7, 28, 75468, 97887
2026/07/08 17:24:44.526, 0, 0, 48704, 97887
2026/07/08 17:24:44.540, 1, 0, 48104, 97887
2026/07/08 17:24:44.553, 2, 0, 48104, 97887
2026/07/08 17:24:44.566, 3, 0, 48104, 97887
2026/07/08 17:24:44.580, 4, 51, 75468, 97887
2026/07/08 17:24:44.594, 5, 59, 75468, 97887
2026/07/08 17:24:44.607, 6, 75, 75468, 97887
2026/07/08 17:24:44.623, 7, 26, 75468, 97887
2026/07/08 17:24:45.638, 0, 0, 48704, 97887
2026/07/08 17:24:45.652, 1, 0, 48104, 97887
2026/07/08 17:24:45.663, 2, 0, 48104, 97887
2026/07/08 17:24:45.681, 3, 0, 48104, 97887
2026/07/08 17:24:45.698, 4, 91, 75468, 97887
2026/07/08 17:24:45.713, 5, 30, 75468, 97887
2026/07/08 17:24:45.728, 6, 90, 75468, 97887
2026/07/08 17:24:45.743, 7, 32, 75468, 97887
2026/07/08 17:24:46.755, 0, 0, 48704, 97887
2026/07/08 17:24:46.767, 1, 0, 48104, 97887
2026/07/08 17:24:46.779, 2, 0, 48104, 97887
2026/07/08 17:24:46.796, 3, 0, 48104, 97887
2026/07/08 17:24:46.813, 4, 83, 75468, 97887
2026/07/08 17:24:46.824, 5, 28, 75468, 97887
2026/07/08 17:24:46.838, 6, 92, 75468, 97887
2026/07/08 17:24:46.848, 7, 30, 75468, 97887
2026/07/08 17:24:47.858, 0, 0, 48704, 97887
2026/07/08 17:24:47.868, 1, 0, 48104, 97887
2026/07/08 17:24:47.880, 2, 0, 48104, 97887
2026/07/08 17:24:47.893, 3, 0, 48104, 97887
2026/07/08 17:24:47.904, 4, 95, 75468, 97887
2026/07/08 17:24:47.917, 5, 31, 75468, 97887
2026/07/08 17:24:47.930, 6, 100, 75468, 97887
2026/07/08 17:24:47.944, 7, 100, 75468, 97887
2026/07/08 17:24:48.956, 0, 0, 48704, 97887
2026/07/08 17:24:48.972, 1, 0, 48104, 97887
2026/07/08 17:24:48.986, 2, 0, 48104, 97887
2026/07/08 17:24:49.001, 3, 0, 48104, 97887
2026/07/08 17:24:49.017, 4, 95, 75468, 97887
2026/07/08 17:24:49.032, 5, 23, 75468, 97887
2026/07/08 17:24:49.045, 6, 100, 75468, 97887
2026/07/08 17:24:49.058, 7, 100, 75468, 97887
2026/07/08 17:24:50.072, 0, 0, 48704, 97887
2026/07/08 17:24:50.092, 1, 0, 48104, 97887
2026/07/08 17:24:50.108, 2, 0, 48104, 97887
2026/07/08 17:24:50.125, 3, 0, 48104, 97887
2026/07/08 17:24:50.141, 4, 25, 75468, 97887
2026/07/08 17:24:50.160, 5, 83, 75468, 97887
2026/07/08 17:24:50.176, 6, 76, 75534, 97887
2026/07/08 17:24:50.194, 7, 45, 75534, 97887
2026/07/08 17:24:51.210, 0, 0, 48704, 97887
2026/07/08 17:24:51.224, 1, 0, 48104, 97887
2026/07/08 17:24:51.239, 2, 0, 48104, 97887
2026/07/08 17:24:51.253, 3, 0, 48104, 97887
2026/07/08 17:24:51.265, 4, 91, 75468, 97887
2026/07/08 17:24:51.277, 5, 24, 75468, 97887
2026/07/08 17:24:51.295, 6, 44, 75534, 97887
2026/07/08 17:24:51.310, 7, 71, 75534, 97887
2026/07/08 17:24:52.322, 0, 0, 48704, 97887
2026/07/08 17:24:52.340, 1, 0, 48104, 97887
2026/07/08 17:24:52.358, 2, 0, 48104, 97887
2026/07/08 17:24:52.372, 3, 0, 48104, 97887
2026/07/08 17:24:52.389, 4, 32, 75468, 97887
2026/07/08 17:24:52.406, 5, 82, 75468, 97887
2026/07/08 17:24:52.426, 6, 32, 75534, 97887
2026/07/08 17:24:52.444, 7, 67, 75534, 97887
2026/07/08 17:24:53.460, 0, 0, 48704, 97887
2026/07/08 17:24:53.476, 1, 0, 48104, 97887
2026/07/08 17:24:53.488, 2, 0, 48104, 97887
2026/07/08 17:24:53.502, 3, 0, 48104, 97887
2026/07/08 17:24:53.518, 4, 68, 75468, 97887
2026/07/08 17:24:53.532, 5, 65, 75468, 97887
2026/07/08 17:24:53.551, 6, 94, 75534, 97887
2026/07/08 17:24:53.567, 7, 28, 75534, 97887
2026/07/08 17:24:54.584, 0, 0, 48704, 97887
2026/07/08 17:24:54.598, 1, 0, 48104, 97887
2026/07/08 17:24:54.613, 2, 0, 48104, 97887
2026/07/08 17:24:54.629, 3, 0, 48104, 97887
2026/07/08 17:24:54.643, 4, 94, 75468, 97887
2026/07/08 17:24:54.658, 5, 27, 75468, 97887
2026/07/08 17:24:54.671, 6, 37, 75534, 97887
2026/07/08 17:24:54.682, 7, 70, 75534, 97887
2026/07/08 17:24:55.696, 0, 0, 48704, 97887
2026/07/08 17:24:55.738, 1, 0, 48104, 97887
2026/07/08 17:24:55.755, 2, 0, 48104, 97887
2026/07/08 17:24:55.772, 3, 0, 48104, 97887
2026/07/08 17:24:55.788, 4, 93, 75468, 97887
2026/07/08 17:24:55.799, 5, 24, 75468, 97887
2026/07/08 17:24:55.817, 6, 62, 75534, 97887
2026/07/08 17:24:55.832, 7, 61, 75534, 97887
2026/07/08 17:24:56.846, 0, 0, 48704, 97887
2026/07/08 17:24:56.859, 1, 0, 48104, 97887
2026/07/08 17:24:56.870, 2, 0, 48104, 97887
2026/07/08 17:24:56.881, 3, 0, 48104, 97887
2026/07/08 17:24:56.893, 4, 42, 75468, 97887
2026/07/08 17:24:56.906, 5, 85, 75468, 97887
2026/07/08 17:24:56.917, 6, 46, 75534, 97887
2026/07/08 17:24:56.930, 7, 59, 75534, 97887
2026/07/08 17:24:57.942, 0, 0, 48704, 97887
2026/07/08 17:24:57.959, 1, 0, 48104, 97887
2026/07/08 17:24:57.976, 2, 0, 48104, 97887
2026/07/08 17:24:57.991, 3, 0, 48104, 97887
2026/07/08 17:24:58.005, 4, 94, 75468, 97887
2026/07/08 17:24:58.021, 5, 23, 75468, 97887
2026/07/08 17:24:58.035, 6, 89, 75534, 97887
2026/07/08 17:24:58.049, 7, 100, 75534, 97887
2026/07/08 17:24:59.064, 0, 0, 48704, 97887
2026/07/08 17:24:59.081, 1, 0, 48104, 97887
2026/07/08 17:24:59.097, 2, 0, 48104, 97887
2026/07/08 17:24:59.112, 3, 0, 48104, 97887
2026/07/08 17:24:59.130, 4, 87, 75468, 97887
2026/07/08 17:24:59.145, 5, 32, 75468, 97887
2026/07/08 17:24:59.158, 6, 32, 75534, 97887
2026/07/08 17:24:59.170, 7, 73, 75534, 97887
2026/07/08 17:25:00.186, 0, 0, 48704, 97887
2026/07/08 17:25:00.197, 1, 0, 48104, 97887
2026/07/08 17:25:00.210, 2, 0, 48104, 97887
2026/07/08 17:25:00.224, 3, 0, 48104, 97887
2026/07/08 17:25:00.234, 4, 96, 75468, 97887
2026/07/08 17:25:00.246, 5, 32, 75468, 97887
2026/07/08 17:25:00.257, 6, 40, 75534, 97887
2026/07/08 17:25:00.269, 7, 86, 75534, 97887
2026/07/08 17:25:01.283, 0, 0, 48704, 97887
2026/07/08 17:25:01.304, 1, 0, 48104, 97887
2026/07/08 17:25:01.324, 2, 0, 48104, 97887
2026/07/08 17:25:01.337, 3, 0, 48104, 97887
2026/07/08 17:25:01.349, 4, 95, 75468, 97887
2026/07/08 17:25:01.369, 5, 24, 75468, 97887
2026/07/08 17:25:01.389, 6, 43, 75534, 97887
2026/07/08 17:25:01.404, 7, 63, 75534, 97887
2026/07/08 17:25:02.417, 0, 0, 48704, 97887
2026/07/08 17:25:02.432, 1, 0, 48104, 97887
2026/07/08 17:25:02.447, 2, 0, 48104, 97887
2026/07/08 17:25:02.462, 3, 0, 48104, 97887
2026/07/08 17:25:02.476, 4, 92, 75468, 97887
2026/07/08 17:25:02.491, 5, 27, 75468, 97887
2026/07/08 17:25:02.505, 6, 95, 75534, 97887
2026/07/08 17:25:02.514, 7, 34, 75534, 97887
2026/07/08 17:25:03.526, 0, 0, 48704, 97887
2026/07/08 17:25:03.541, 1, 0, 48104, 97887
2026/07/08 17:25:03.554, 2, 0, 48104, 97887
2026/07/08 17:25:03.568, 3, 0, 48104, 97887
2026/07/08 17:25:03.580, 4, 73, 75468, 97887
2026/07/08 17:25:03.594, 5, 61, 75468, 97887
2026/07/08 17:25:03.607, 6, 41, 75534, 97887
2026/07/08 17:25:03.620, 7, 66, 75534, 97887
2026/07/08 17:25:04.635, 0, 0, 48704, 97887
2026/07/08 17:25:04.650, 1, 0, 48104, 97887
2026/07/08 17:25:04.667, 2, 0, 48104, 97887
2026/07/08 17:25:04.683, 3, 0, 48104, 97887
2026/07/08 17:25:04.701, 4, 92, 75468, 97887
2026/07/08 17:25:04.717, 5, 24, 75468, 97887
2026/07/08 17:25:04.733, 6, 31, 75534, 97887
2026/07/08 17:25:04.748, 7, 86, 75534, 97887
2026/07/08 17:25:05.764, 0, 0, 48704, 97887
2026/07/08 17:25:05.777, 1, 0, 48104, 97887
2026/07/08 17:25:05.791, 2, 0, 48104, 97887
2026/07/08 17:25:05.804, 3, 0, 48104, 97887
2026/07/08 17:25:05.817, 4, 85, 75468, 97887
2026/07/08 17:25:05.830, 5, 24, 75468, 97887
2026/07/08 17:25:05.843, 6, 46, 75534, 97887
2026/07/08 17:25:05.854, 7, 41, 75534, 97887
2026/07/08 17:25:06.866, 0, 0, 48704, 97887
2026/07/08 17:25:06.889, 1, 0, 48104, 97887
2026/07/08 17:25:06.907, 2, 0, 48104, 97887
2026/07/08 17:25:06.922, 3, 0, 48104, 97887
2026/07/08 17:25:06.941, 4, 26, 75468, 97887
2026/07/08 17:25:06.960, 5, 95, 75468, 97887
2026/07/08 17:25:06.972, 6, 52, 75534, 97887
2026/07/08 17:25:06.984, 7, 72, 75534, 97887
2026/07/08 17:25:07.999, 0, 0, 48704, 97887
2026/07/08 17:25:08.016, 1, 0, 48104, 97887
2026/07/08 17:25:08.033, 2, 0, 48104, 97887
2026/07/08 17:25:08.049, 3, 0, 48104, 97887
2026/07/08 17:25:08.069, 4, 63, 75468, 97887
2026/07/08 17:25:08.084, 5, 56, 75468, 97887
2026/07/08 17:25:08.101, 6, 72, 75534, 97887
2026/07/08 17:25:08.116, 7, 50, 75534, 97887
2026/07/08 17:25:09.129, 0, 0, 48704, 97887
2026/07/08 17:25:09.146, 1, 0, 48104, 97887
2026/07/08 17:25:09.161, 2, 0, 48104, 97887
2026/07/08 17:25:09.176, 3, 0, 48104, 97887
2026/07/08 17:25:09.192, 4, 86, 75468, 97887
2026/07/08 17:25:09.203, 5, 25, 75468, 97887
2026/07/08 17:25:09.217, 6, 85, 75534, 97887
2026/07/08 17:25:09.231, 7, 33, 75534, 97887
2026/07/08 17:25:10.246, 0, 0, 48704, 97887
2026/07/08 17:25:10.263, 1, 0, 48104, 97887
2026/07/08 17:25:10.276, 2, 0, 48104, 97887
2026/07/08 17:25:10.292, 3, 0, 48104, 97887
2026/07/08 17:25:10.306, 4, 43, 75468, 97887
2026/07/08 17:25:10.324, 5, 87, 75468, 97887
2026/07/08 17:25:10.338, 6, 85, 75534, 97887
2026/07/08 17:25:10.352, 7, 32, 75534, 97887
2026/07/08 17:25:11.368, 0, 0, 48704, 97887
2026/07/08 17:25:11.383, 1, 0, 48104, 97887
2026/07/08 17:25:11.399, 2, 0, 48104, 97887
2026/07/08 17:25:11.416, 3, 0, 48104, 97887
2026/07/08 17:25:11.429, 4, 26, 75468, 97887
2026/07/08 17:25:11.446, 5, 94, 75468, 97887
2026/07/08 17:25:11.461, 6, 72, 75534, 97887
2026/07/08 17:25:11.477, 7, 34, 75534, 97887
2026/07/08 17:25:12.489, 0, 0, 48704, 97887
2026/07/08 17:25:12.504, 1, 0, 48104, 97887
2026/07/08 17:25:12.517, 2, 0, 48104, 97887
2026/07/08 17:25:12.526, 3, 0, 48104, 97887
2026/07/08 17:25:12.535, 4, 80, 75468, 97887
2026/07/08 17:25:12.546, 5, 25, 75468, 97887
2026/07/08 17:25:12.557, 6, 79, 75534, 97887
2026/07/08 17:25:12.566, 7, 34, 75534, 97887
2026/07/08 17:25:13.575, 0, 0, 48704, 97887
2026/07/08 17:25:13.592, 1, 0, 48104, 97887
2026/07/08 17:25:13.606, 2, 0, 48104, 97887
2026/07/08 17:25:13.617, 3, 0, 48104, 97887
2026/07/08 17:25:13.631, 4, 95, 75468, 97887
2026/07/08 17:25:13.646, 5, 26, 75468, 97887
2026/07/08 17:25:13.659, 6, 88, 75534, 97887
2026/07/08 17:25:13.676, 7, 39, 75534, 97887
2026/07/08 17:25:14.692, 0, 0, 48704, 97887
2026/07/08 17:25:14.709, 1, 0, 48104, 97887
2026/07/08 17:25:14.724, 2, 0, 48104, 97887
2026/07/08 17:25:14.739, 3, 0, 48104, 97887
2026/07/08 17:25:14.753, 4, 69, 75468, 97887
2026/07/08 17:25:14.767, 5, 62, 75468, 97887
2026/07/08 17:25:14.786, 6, 62, 75534, 97887
2026/07/08 17:25:14.801, 7, 57, 75534, 97887
2026/07/08 17:25:15.812, 0, 0, 48704, 97887
2026/07/08 17:25:15.827, 1, 0, 48104, 97887
2026/07/08 17:25:15.840, 2, 0, 48104, 97887
2026/07/08 17:25:15.853, 3, 0, 48104, 97887
2026/07/08 17:25:15.866, 4, 52, 75468, 97887
2026/07/08 17:25:15.879, 5, 80, 75468, 97887
2026/07/08 17:25:15.892, 6, 74, 75534, 97887
2026/07/08 17:25:15.905, 7, 40, 75534, 97887
2026/07/08 17:25:16.918, 0, 0, 48704, 97887
2026/07/08 17:25:16.932, 1, 0, 48104, 97887
2026/07/08 17:25:16.947, 2, 0, 48104, 97887
2026/07/08 17:25:16.963, 3, 0, 48104, 97887
2026/07/08 17:25:16.970, 4, 70, 75468, 97887
2026/07/08 17:25:16.981, 5, 43, 75468, 97887
2026/07/08 17:25:16.991, 6, 62, 75534, 97887
2026/07/08 17:25:17.004, 7, 44, 75534, 97887
2026/07/08 17:25:18.017, 0, 0, 48704, 97887
2026/07/08 17:25:18.031, 1, 0, 48104, 97887
2026/07/08 17:25:18.050, 2, 0, 48104, 97887
2026/07/08 17:25:18.063, 3, 0, 48104, 97887
2026/07/08 17:25:18.077, 4, 59, 75468, 97887
2026/07/08 17:25:18.092, 5, 55, 75468, 97887
2026/07/08 17:25:18.106, 6, 25, 75534, 97887
2026/07/08 17:25:18.122, 7, 68, 75534, 97887
2026/07/08 17:25:19.137, 0, 0, 48704, 97887
2026/07/08 17:25:19.151, 1, 0, 48104, 97887
2026/07/08 17:25:19.164, 2, 0, 48104, 97887
2026/07/08 17:25:19.179, 3, 0, 48104, 97887
2026/07/08 17:25:19.192, 4, 95, 75468, 97887
2026/07/08 17:25:19.200, 5, 25, 75468, 97887
2026/07/08 17:25:19.212, 6, 75, 75534, 97887
2026/07/08 17:25:19.223, 7, 65, 75534, 97887
2026/07/08 17:25:20.238, 0, 0, 48704, 97887
2026/07/08 17:25:20.255, 1, 0, 48104, 97887
2026/07/08 17:25:20.274, 2, 0, 48104, 97887
2026/07/08 17:25:20.292, 3, 0, 48104, 97887
2026/07/08 17:25:20.308, 4, 95, 75468, 97887
2026/07/08 17:25:20.325, 5, 25, 75468, 97887
2026/07/08 17:25:20.341, 6, 54, 75534, 97887
2026/07/08 17:25:20.358, 7, 43, 75534, 97887
2026/07/08 17:25:21.375, 0, 0, 48704, 97887
2026/07/08 17:25:21.391, 1, 0, 48104, 97887
2026/07/08 17:25:21.406, 2, 0, 48104, 97887
2026/07/08 17:25:21.418, 3, 0, 48104, 97887
2026/07/08 17:25:21.431, 4, 93, 75468, 97887
2026/07/08 17:25:21.446, 5, 24, 75468, 97887
2026/07/08 17:25:21.460, 6, 60, 75534, 97887
2026/07/08 17:25:21.476, 7, 38, 75534, 97887
2026/07/08 17:25:22.491, 0, 0, 48704, 97887
2026/07/08 17:25:22.508, 1, 0, 48104, 97887
2026/07/08 17:25:22.518, 2, 0, 48104, 97887
2026/07/08 17:25:22.524, 3, 0, 48104, 97887
2026/07/08 17:25:22.532, 4, 95, 75468, 97887
2026/07/08 17:25:22.541, 5, 25, 75468, 97887
2026/07/08 17:25:22.552, 6, 68, 75534, 97887
2026/07/08 17:25:22.565, 7, 29, 75534, 97887
2026/07/08 17:25:23.579, 0, 0, 48704, 97887
2026/07/08 17:25:23.595, 1, 0, 48104, 97887
2026/07/08 17:25:23.612, 2, 0, 48104, 97887
2026/07/08 17:25:23.628, 3, 0, 48104, 97887
2026/07/08 17:25:23.641, 4, 66, 75468, 97887
2026/07/08 17:25:23.656, 5, 53, 75468, 97887
2026/07/08 17:25:23.672, 6, 57, 75534, 97887
2026/07/08 17:25:23.688, 7, 53, 75534, 97887
2026/07/08 17:25:24.703, 0, 0, 48704, 97887
2026/07/08 17:25:24.721, 1, 0, 48104, 97887
2026/07/08 17:25:24.740, 2, 0, 48104, 97887
2026/07/08 17:25:24.760, 3, 0, 48104, 97887
2026/07/08 17:25:24.774, 4, 44, 75468, 97887
2026/07/08 17:25:24.790, 5, 69, 75468, 97887
2026/07/08 17:25:24.805, 6, 95, 75534, 97887
2026/07/08 17:25:24.821, 7, 56, 75534, 97887
2026/07/08 17:25:25.837, 0, 0, 48704, 97887
2026/07/08 17:25:25.850, 1, 0, 48104, 97887
2026/07/08 17:25:25.862, 2, 0, 48104, 97887
2026/07/08 17:25:25.876, 3, 0, 48104, 97887
2026/07/08 17:25:25.892, 4, 94, 75468, 97887
2026/07/08 17:25:25.907, 5, 23, 75468, 97887
2026/07/08 17:25:25.923, 6, 50, 75534, 97887
2026/07/08 17:25:25.935, 7, 61, 75534, 97887
2026/07/08 17:25:26.948, 0, 0, 48704, 97887
2026/07/08 17:25:26.966, 1, 0, 48104, 97887
2026/07/08 17:25:26.978, 2, 0, 48104, 97887
2026/07/08 17:25:26.990, 3, 0, 48104, 97887
2026/07/08 17:25:27.004, 4, 93, 75468, 97887
2026/07/08 17:25:27.014, 5, 24, 75468, 97887
2026/07/08 17:25:27.027, 6, 36, 75534, 97887
2026/07/08 17:25:27.040, 7, 80, 75534, 97887
2026/07/08 17:25:28.052, 0, 0, 48704, 97887
2026/07/08 17:25:28.068, 1, 0, 48104, 97887
2026/07/08 17:25:28.081, 2, 0, 48104, 97887
2026/07/08 17:25:28.094, 3, 0, 48104, 97887
2026/07/08 17:25:28.109, 4, 94, 75468, 97887
2026/07/08 17:25:28.124, 5, 24, 75468, 97887
2026/07/08 17:25:28.139, 6, 55, 75534, 97887
2026/07/08 17:25:28.152, 7, 55, 75534, 97887
2026/07/08 17:25:29.167, 0, 0, 48704, 97887
2026/07/08 17:25:29.181, 1, 0, 48104, 97887
2026/07/08 17:25:29.198, 2, 0, 48104, 97887
2026/07/08 17:25:29.216, 3, 0, 48104, 97887
2026/07/08 17:25:29.231, 4, 95, 75468, 97887
2026/07/08 17:25:29.247, 5, 23, 75468, 97887
2026/07/08 17:25:29.264, 6, 54, 75534, 97887
2026/07/08 17:25:29.280, 7, 34, 75534, 97887
2026/07/08 17:25:30.297, 0, 0, 48704, 97887
2026/07/08 17:25:30.311, 1, 0, 48104, 97887
2026/07/08 17:25:30.325, 2, 0, 48104, 97887
2026/07/08 17:25:30.343, 3, 0, 48104, 97887
2026/07/08 17:25:30.357, 4, 75, 75468, 97887
2026/07/08 17:25:30.370, 5, 28, 75468, 97887
2026/07/08 17:25:30.386, 6, 92, 75534, 97887
2026/07/08 17:25:30.403, 7, 28, 75534, 97887
2026/07/08 17:25:31.420, 0, 0, 48704, 97887
2026/07/08 17:25:31.435, 1, 0, 48104, 97887
2026/07/08 17:25:31.449, 2, 0, 48104, 97887
2026/07/08 17:25:31.463, 3, 0, 48104, 97887
2026/07/08 17:25:31.480, 4, 92, 75468, 97887
2026/07/08 17:25:31.500, 5, 25, 75468, 97887
2026/07/08 17:25:31.516, 6, 23, 75534, 97887
2026/07/08 17:25:31.529, 7, 8, 75534, 97887
2026/07/08 17:25:32.543, 0, 0, 48704, 97887
2026/07/08 17:25:32.556, 1, 0, 48104, 97887
2026/07/08 17:25:32.566, 2, 0, 48104, 97887
2026/07/08 17:25:32.577, 3, 0, 48104, 97887
2026/07/08 17:25:32.594, 4, 95, 75468, 97887
2026/07/08 17:25:32.606, 5, 24, 75468, 97887
2026/07/08 17:25:32.619, 6, 84, 75534, 97887
2026/07/08 17:25:32.630, 7, 34, 75534, 97887
2026/07/08 17:25:33.642, 0, 0, 48704, 97887
2026/07/08 17:25:33.653, 1, 0, 48104, 97887
2026/07/08 17:25:33.666, 2, 0, 48104, 97887
2026/07/08 17:25:33.680, 3, 0, 48104, 97887
2026/07/08 17:25:33.693, 4, 61, 75468, 97887
2026/07/08 17:25:33.712, 5, 70, 75468, 97887
2026/07/08 17:25:33.727, 6, 46, 75534, 97887
2026/07/08 17:25:33.743, 7, 63, 75534, 97887
2026/07/08 17:25:34.758, 0, 0, 48704, 97887
2026/07/08 17:25:34.773, 1, 0, 48104, 97887
2026/07/08 17:25:34.789, 2, 0, 48104, 97887
2026/07/08 17:25:34.806, 3, 0, 48104, 97887
2026/07/08 17:25:34.822, 4, 95, 75468, 97887
2026/07/08 17:25:34.835, 5, 24, 75468, 97887
2026/07/08 17:25:34.848, 6, 69, 75534, 97887
2026/07/08 17:25:34.860, 7, 48, 75534, 97887
2026/07/08 17:25:35.877, 0, 0, 48704, 97887
2026/07/08 17:25:35.892, 1, 0, 48104, 97887
2026/07/08 17:25:35.906, 2, 0, 48104, 97887
2026/07/08 17:25:35.921, 3, 0, 48104, 97887
2026/07/08 17:25:35.934, 4, 81, 75468, 97887
2026/07/08 17:25:35.946, 5, 51, 75468, 97887
2026/07/08 17:25:35.960, 6, 63, 75534, 97887
2026/07/08 17:25:35.973, 7, 40, 75534, 97887
2026/07/08 17:25:36.986, 0, 0, 48704, 97887
2026/07/08 17:25:37.003, 1, 0, 48104, 97887
2026/07/08 17:25:37.022, 2, 0, 48104, 97887
2026/07/08 17:25:37.037, 3, 0, 48104, 97887
2026/07/08 17:25:37.052, 4, 95, 75468, 97887
2026/07/08 17:25:37.066, 5, 25, 75468, 97887
2026/07/08 17:25:37.080, 6, 74, 75534, 97887
2026/07/08 17:25:37.094, 7, 45, 75534, 97887
2026/07/08 17:25:38.111, 0, 0, 48704, 97887
2026/07/08 17:25:38.130, 1, 0, 48104, 97887
2026/07/08 17:25:38.145, 2, 0, 48104, 97887
2026/07/08 17:25:38.161, 3, 0, 48104, 97887
2026/07/08 17:25:38.176, 4, 95, 75468, 97887
2026/07/08 17:25:38.192, 5, 29, 75468, 97887
2026/07/08 17:25:38.207, 6, 55, 75534, 97887
2026/07/08 17:25:38.225, 7, 65, 75534, 97887
2026/07/08 17:25:39.239, 0, 0, 48704, 97887
2026/07/08 17:25:39.257, 1, 0, 48104, 97887
2026/07/08 17:25:39.274, 2, 0, 48104, 97887
2026/07/08 17:25:39.289, 3, 0, 48104, 97887
2026/07/08 17:25:39.306, 4, 94, 75468, 97887
2026/07/08 17:25:39.323, 5, 26, 75468, 97887
2026/07/08 17:25:39.339, 6, 59, 75534, 97887
2026/07/08 17:25:39.357, 7, 58, 75534, 97887
2026/07/08 17:25:40.373, 0, 0, 48704, 97887
2026/07/08 17:25:40.387, 1, 0, 48104, 97887
2026/07/08 17:25:40.399, 2, 0, 48104, 97887
2026/07/08 17:25:40.411, 3, 0, 48104, 97887
2026/07/08 17:25:40.426, 4, 80, 75468, 97887
2026/07/08 17:25:40.443, 5, 47, 75468, 97887
2026/07/08 17:25:40.460, 6, 17, 75534, 97887
2026/07/08 17:25:40.478, 7, 66, 75534, 97887
2026/07/08 17:25:41.494, 0, 0, 48704, 97887
2026/07/08 17:25:41.505, 1, 0, 48104, 97887
2026/07/08 17:25:41.516, 2, 0, 48104, 97887
2026/07/08 17:25:41.533, 3, 0, 48104, 97887
2026/07/08 17:25:41.547, 4, 43, 75468, 97887
2026/07/08 17:25:41.563, 5, 30, 75468, 97887
2026/07/08 17:25:41.579, 6, 41, 75534, 97887
2026/07/08 17:25:41.594, 7, 86, 75534, 97887
2026/07/08 17:25:42.608, 0, 0, 48704, 97887
2026/07/08 17:25:42.628, 1, 0, 48104, 97887
2026/07/08 17:25:42.639, 2, 0, 48104, 97887
2026/07/08 17:25:42.650, 3, 0, 48104, 97887
2026/07/08 17:25:42.664, 4, 92, 75468, 97887
2026/07/08 17:25:42.677, 5, 65, 75468, 97887
2026/07/08 17:25:42.691, 6, 88, 75534, 97887
2026/07/08 17:25:42.700, 7, 31, 75534, 97887
2026/07/08 17:25:43.708, 0, 0, 48704, 97887
2026/07/08 17:25:43.720, 1, 0, 48104, 97887
2026/07/08 17:25:43.734, 2, 0, 48104, 97887
2026/07/08 17:25:43.746, 3, 0, 48104, 97887
2026/07/08 17:25:43.757, 4, 95, 75468, 97887
2026/07/08 17:25:43.768, 5, 24, 75468, 97887
2026/07/08 17:25:43.780, 6, 91, 75534, 97887
2026/07/08 17:25:43.793, 7, 42, 75534, 97887
2026/07/08 17:25:44.807, 0, 0, 48704, 97887
2026/07/08 17:25:44.820, 1, 0, 48104, 97887
2026/07/08 17:25:44.836, 2, 0, 48104, 97887
2026/07/08 17:25:44.851, 3, 0, 48104, 97887
2026/07/08 17:25:44.864, 4, 95, 75468, 97887
2026/07/08 17:25:44.876, 5, 70, 75468, 97887
2026/07/08 17:25:44.886, 6, 17, 75534, 97887
2026/07/08 17:25:44.897, 7, 21, 75534, 97887
2026/07/08 17:25:45.907, 0, 0, 48704, 97887
2026/07/08 17:25:45.921, 1, 0, 48104, 97887
2026/07/08 17:25:45.940, 2, 0, 48104, 97887
2026/07/08 17:25:45.956, 3, 0, 48104, 97887
2026/07/08 17:25:45.971, 4, 30, 75468, 97887
2026/07/08 17:25:45.986, 5, 30, 75468, 97887
2026/07/08 17:25:46.001, 6, 90, 75534, 97887
2026/07/08 17:25:46.016, 7, 36, 75534, 97887
2026/07/08 17:25:47.033, 0, 0, 48704, 97887
2026/07/08 17:25:47.043, 1, 0, 48104, 97887
2026/07/08 17:25:47.053, 2, 0, 48104, 97887
2026/07/08 17:25:47.063, 3, 0, 48104, 97887
2026/07/08 17:25:47.073, 4, 95, 75468, 97887
2026/07/08 17:25:47.086, 5, 21, 75468, 97887
2026/07/08 17:25:47.096, 6, 67, 75536, 97887
2026/07/08 17:25:47.109, 7, 34, 75536, 97887
2026/07/08 17:25:48.125, 0, 0, 48704, 97887
2026/07/08 17:25:48.140, 1, 0, 48104, 97887
2026/07/08 17:25:48.154, 2, 0, 48104, 97887
2026/07/08 17:25:48.167, 3, 0, 48104, 97887
2026/07/08 17:25:48.180, 4, 95, 75468, 97887
2026/07/08 17:25:48.191, 5, 33, 75468, 97887
2026/07/08 17:25:48.201, 6, 90, 75536, 97887
2026/07/08 17:25:48.213, 7, 36, 75536, 97887
2026/07/08 17:25:49.225, 0, 0, 48704, 97887
2026/07/08 17:25:49.236, 1, 0, 48104, 97887
2026/07/08 17:25:49.250, 2, 0, 48104, 97887
2026/07/08 17:25:49.261, 3, 0, 48104, 97887
2026/07/08 17:25:49.277, 4, 93, 75468, 97887
2026/07/08 17:25:49.292, 5, 40, 75468, 97887
2026/07/08 17:25:49.303, 6, 72, 75536, 97887
2026/07/08 17:25:49.319, 7, 27, 75536, 97887
2026/07/08 17:25:50.334, 0, 0, 48704, 97887
2026/07/08 17:25:50.347, 1, 0, 48104, 97887
2026/07/08 17:25:50.360, 2, 0, 48104, 97887
2026/07/08 17:25:50.373, 3, 0, 48104, 97887
2026/07/08 17:25:50.387, 4, 96, 75468, 97887
2026/07/08 17:25:50.402, 5, 31, 75468, 97887
2026/07/08 17:25:50.418, 6, 89, 75536, 97887
2026/07/08 17:25:50.434, 7, 45, 75536, 97887
2026/07/08 17:25:51.450, 0, 0, 48704, 97887
2026/07/08 17:25:51.463, 1, 0, 48104, 97887
2026/07/08 17:25:51.479, 2, 0, 48104, 97887
2026/07/08 17:25:51.492, 3, 0, 48104, 97887
2026/07/08 17:25:51.507, 4, 42, 75468, 97887
2026/07/08 17:25:51.522, 5, 30, 75468, 97887
2026/07/08 17:25:51.536, 6, 39, 75536, 97887
2026/07/08 17:25:51.551, 7, 64, 75536, 97887
2026/07/08 17:25:52.565, 0, 0, 48704, 97887
2026/07/08 17:25:52.572, 1, 0, 48104, 97887
2026/07/08 17:25:52.577, 2, 0, 48104, 97887
2026/07/08 17:25:52.585, 3, 0, 48104, 97887
2026/07/08 17:25:52.595, 4, 46, 75468, 97887
2026/07/08 17:25:52.604, 5, 89, 75468, 97887
2026/07/08 17:25:52.616, 6, 70, 75536, 97887
2026/07/08 17:25:52.628, 7, 30, 75536, 97887
2026/07/08 17:25:53.640, 0, 0, 48704, 97887
2026/07/08 17:25:53.657, 1, 0, 48104, 97887
2026/07/08 17:25:53.674, 2, 0, 48104, 97887
2026/07/08 17:25:53.689, 3, 0, 48104, 97887
2026/07/08 17:25:53.706, 4, 43, 75468, 97887
2026/07/08 17:25:53.722, 5, 33, 75468, 97887
2026/07/08 17:25:53.740, 6, 81, 75536, 97887
2026/07/08 17:25:53.759, 7, 27, 75536, 97887
2026/07/08 17:25:54.778, 0, 0, 48704, 97887
2026/07/08 17:25:54.793, 1, 0, 48104, 97887
2026/07/08 17:25:54.809, 2, 0, 48104, 97887
2026/07/08 17:25:54.823, 3, 0, 48104, 97887
2026/07/08 17:25:54.837, 4, 55, 75468, 97887
2026/07/08 17:25:54.850, 5, 95, 75468, 97887
2026/07/08 17:25:54.863, 6, 91, 75536, 97887
2026/07/08 17:25:54.873, 7, 68, 75536, 97887
2026/07/08 17:25:55.883, 0, 0, 48704, 97887
2026/07/08 17:25:55.894, 1, 0, 48104, 97887
2026/07/08 17:25:55.905, 2, 0, 48104, 97887
2026/07/08 17:25:55.917, 3, 0, 48104, 97887
2026/07/08 17:25:55.928, 4, 95, 75468, 97887
2026/07/08 17:25:55.956, 5, 80, 75468, 97887
2026/07/08 17:25:55.974, 6, 89, 75536, 97887
2026/07/08 17:25:55.997, 7, 27, 75536, 97887
2026/07/08 17:25:57.012, 0, 0, 48704, 97887
2026/07/08 17:25:57.025, 1, 0, 48104, 97887
2026/07/08 17:25:57.040, 2, 0, 48104, 97887
2026/07/08 17:25:57.055, 3, 0, 48104, 97887
2026/07/08 17:25:57.075, 4, 87, 75468, 97887
2026/07/08 17:25:57.086, 5, 32, 75468, 97887
2026/07/08 17:25:57.101, 6, 83, 75536, 97887
2026/07/08 17:25:57.115, 7, 38, 75536, 97887
2026/07/08 17:25:58.131, 0, 0, 48704, 97887
2026/07/08 17:25:58.147, 1, 0, 48104, 97887
2026/07/08 17:25:58.161, 2, 0, 48104, 97887
2026/07/08 17:25:58.174, 3, 0, 48104, 97887
2026/07/08 17:25:58.188, 4, 95, 75468, 97887
2026/07/08 17:25:58.204, 5, 23, 75468, 97887
2026/07/08 17:25:58.219, 6, 39, 75536, 97887
2026/07/08 17:25:58.235, 7, 69, 75536, 97887
2026/07/08 17:25:59.249, 0, 0, 48704, 97887
2026/07/08 17:25:59.266, 1, 0, 48104, 97887
2026/07/08 17:25:59.281, 2, 0, 48104, 97887
2026/07/08 17:25:59.296, 3, 0, 48104, 97887
2026/07/08 17:25:59.313, 4, 94, 75468, 97887
2026/07/08 17:25:59.330, 5, 22, 75468, 97887
2026/07/08 17:25:59.349, 6, 70, 75536, 97887
2026/07/08 17:25:59.366, 7, 61, 75536, 97887
2026/07/08 17:26:00.385, 0, 0, 48704, 97887
2026/07/08 17:26:00.394, 1, 0, 48104, 97887
2026/07/08 17:26:00.407, 2, 0, 48104, 97887
2026/07/08 17:26:00.419, 3, 0, 48104, 97887
2026/07/08 17:26:00.432, 4, 86, 75468, 97887
2026/07/08 17:26:00.448, 5, 36, 75468, 97887
2026/07/08 17:26:00.455, 6, 77, 75536, 97887
2026/07/08 17:26:00.462, 7, 51, 75536, 97887
2026/07/08 17:26:01.471, 0, 0, 48704, 97887
2026/07/08 17:26:01.489, 1, 0, 48104, 97887
2026/07/08 17:26:01.504, 2, 0, 48104, 97887
2026/07/08 17:26:01.518, 3, 0, 48104, 97887
2026/07/08 17:26:01.535, 4, 88, 75468, 97887
2026/07/08 17:26:01.549, 5, 67, 75468, 97887
2026/07/08 17:26:01.566, 6, 70, 75536, 97887
2026/07/08 17:26:01.585, 7, 34, 75536, 97887
2026/07/08 17:26:02.606, 0, 0, 48704, 97887
2026/07/08 17:26:02.618, 1, 0, 48104, 97887
2026/07/08 17:26:02.632, 2, 0, 48104, 97887
2026/07/08 17:26:02.644, 3, 0, 48104, 97887
2026/07/08 17:26:02.661, 4, 92, 75468, 97887
2026/07/08 17:26:02.673, 5, 41, 75468, 97887
2026/07/08 17:26:02.687, 6, 35, 75536, 97887
2026/07/08 17:26:02.702, 7, 79, 75536, 97887
2026/07/08 17:26:03.717, 0, 0, 48704, 97887
2026/07/08 17:26:03.735, 1, 0, 48104, 97887
2026/07/08 17:26:03.752, 2, 0, 48104, 97887
2026/07/08 17:26:03.768, 3, 0, 48104, 97887
2026/07/08 17:26:03.784, 4, 48, 75468, 97887
2026/07/08 17:26:03.798, 5, 78, 75468, 97887
2026/07/08 17:26:03.814, 6, 30, 75536, 97887
2026/07/08 17:26:03.827, 7, 81, 75536, 97887
2026/07/08 17:26:04.845, 0, 0, 48704, 97887
2026/07/08 17:26:04.860, 1, 0, 48104, 97887
2026/07/08 17:26:04.877, 2, 0, 48104, 97887
2026/07/08 17:26:04.895, 3, 0, 48104, 97887
2026/07/08 17:26:04.911, 4, 41, 75468, 97887
2026/07/08 17:26:04.927, 5, 41, 75468, 97887
2026/07/08 17:26:04.945, 6, 28, 75536, 97887
2026/07/08 17:26:04.959, 7, 75, 75536, 97887
2026/07/08 17:26:05.973, 0, 0, 48704, 97887
2026/07/08 17:26:05.989, 1, 0, 48104, 97887
2026/07/08 17:26:06.006, 2, 0, 48104, 97887
2026/07/08 17:26:06.026, 3, 0, 48104, 97887
2026/07/08 17:26:06.038, 4, 92, 75468, 97887
2026/07/08 17:26:06.048, 5, 28, 75468, 97887
2026/07/08 17:26:06.056, 6, 34, 75536, 97887
2026/07/08 17:26:06.067, 7, 74, 75536, 97887
2026/07/08 17:26:07.085, 0, 0, 48704, 97887
2026/07/08 17:26:07.107, 1, 0, 48104, 97887
2026/07/08 17:26:07.121, 2, 0, 48104, 97887
2026/07/08 17:26:07.134, 3, 0, 48104, 97887
2026/07/08 17:26:07.148, 4, 61, 75468, 97887
2026/07/08 17:26:07.160, 5, 48, 75468, 97887
2026/07/08 17:26:07.172, 6, 30, 75536, 97887
2026/07/08 17:26:07.184, 7, 83, 75536, 97887
2026/07/08 17:26:08.197, 0, 0, 48704, 97887
2026/07/08 17:26:08.212, 1, 0, 48104, 97887
2026/07/08 17:26:08.230, 2, 0, 48104, 97887
2026/07/08 17:26:08.248, 3, 0, 48104, 97887
2026/07/08 17:26:08.264, 4, 94, 75468, 97887
2026/07/08 17:26:08.279, 5, 25, 75468, 97887
2026/07/08 17:26:08.293, 6, 27, 75536, 97887
2026/07/08 17:26:08.308, 7, 87, 75536, 97887
2026/07/08 17:26:09.325, 0, 0, 48704, 97887
2026/07/08 17:26:09.340, 1, 0, 48104, 97887
2026/07/08 17:26:09.353, 2, 0, 48104, 97887
2026/07/08 17:26:09.369, 3, 0, 48104, 97887
2026/07/08 17:26:09.384, 4, 29, 75468, 97887
2026/07/08 17:26:09.399, 5, 30, 75468, 97887
2026/07/08 17:26:09.415, 6, 46, 75536, 97887
2026/07/08 17:26:09.432, 7, 84, 75536, 97887
2026/07/08 17:26:10.450, 0, 0, 48704, 97887
2026/07/08 17:26:10.465, 1, 0, 48104, 97887
2026/07/08 17:26:10.477, 2, 0, 48104, 97887
2026/07/08 17:26:10.491, 3, 0, 48104, 97887
2026/07/08 17:26:10.500, 4, 77, 75468, 97887
2026/07/08 17:26:10.514, 5, 95, 75468, 97887
2026/07/08 17:26:10.529, 6, 51, 75536, 97887
2026/07/08 17:26:10.543, 7, 60, 75536, 97887
2026/07/08 17:26:11.556, 0, 0, 48704, 97887
2026/07/08 17:26:11.573, 1, 0, 48104, 97887
2026/07/08 17:26:11.592, 2, 0, 48104, 97887
2026/07/08 17:26:11.606, 3, 0, 48104, 97887
2026/07/08 17:26:11.617, 4, 95, 75468, 97887
2026/07/08 17:26:11.629, 5, 25, 75468, 97887
2026/07/08 17:26:11.643, 6, 47, 75536, 97887
2026/07/08 17:26:11.656, 7, 91, 75536, 97887
2026/07/08 17:26:12.671, 0, 0, 48704, 97887
2026/07/08 17:26:12.687, 1, 0, 48104, 97887
2026/07/08 17:26:12.702, 2, 0, 48104, 97887
2026/07/08 17:26:12.718, 3, 0, 48104, 97887
2026/07/08 17:26:12.735, 4, 95, 75468, 97887
2026/07/08 17:26:12.753, 5, 72, 75468, 97887
2026/07/08 17:26:12.770, 6, 41, 75536, 97887
2026/07/08 17:26:12.788, 7, 81, 75536, 97887
2026/07/08 17:26:13.807, 0, 0, 48704, 97887
2026/07/08 17:26:13.827, 1, 0, 48104, 97887
2026/07/08 17:26:13.845, 2, 0, 48104, 97887
2026/07/08 17:26:13.861, 3, 0, 48104, 97887
2026/07/08 17:26:13.879, 4, 95, 75468, 97887
2026/07/08 17:26:13.895, 5, 26, 75468, 97887
2026/07/08 17:26:13.912, 6, 35, 75536, 97887
2026/07/08 17:26:13.933, 7, 91, 75536, 97887
2026/07/08 17:26:14.949, 0, 0, 48704, 97887
2026/07/08 17:26:14.964, 1, 0, 48104, 97887
2026/07/08 17:26:14.980, 2, 0, 48104, 97887
2026/07/08 17:26:14.993, 3, 0, 48104, 97887
2026/07/08 17:26:15.007, 4, 93, 75468, 97887
2026/07/08 17:26:15.019, 5, 25, 75468, 97887
2026/07/08 17:26:15.036, 6, 45, 75536, 97887
2026/07/08 17:26:15.048, 7, 85, 75536, 97887
2026/07/08 17:26:16.061, 0, 0, 48704, 97887
2026/07/08 17:26:16.075, 1, 0, 48104, 97887
2026/07/08 17:26:16.088, 2, 0, 48104, 97887
2026/07/08 17:26:16.098, 3, 0, 48104, 97887
2026/07/08 17:26:16.116, 4, 30, 75468, 97887
2026/07/08 17:26:16.130, 5, 55, 75468, 97887
2026/07/08 17:26:16.143, 6, 40, 75536, 97887
2026/07/08 17:26:16.155, 7, 89, 75536, 97887
2026/07/08 17:26:17.169, 0, 0, 48704, 97887
2026/07/08 17:26:17.184, 1, 0, 48104, 97887
2026/07/08 17:26:17.196, 2, 0, 48104, 97887
2026/07/08 17:26:17.210, 3, 0, 48104, 97887
2026/07/08 17:26:17.223, 4, 93, 75468, 97887
2026/07/08 17:26:17.236, 5, 43, 75468, 97887
2026/07/08 17:26:17.250, 6, 38, 75536, 97887
2026/07/08 17:26:17.264, 7, 80, 75536, 97887
2026/07/08 17:26:18.278, 0, 0, 48704, 97887
2026/07/08 17:26:18.290, 1, 0, 48104, 97887
2026/07/08 17:26:18.303, 2, 0, 48104, 97887
2026/07/08 17:26:18.317, 3, 0, 48104, 97887
2026/07/08 17:26:18.329, 4, 30, 75468, 97887
2026/07/08 17:26:18.339, 5, 70, 75468, 97887
2026/07/08 17:26:18.351, 6, 45, 75536, 97887
2026/07/08 17:26:18.362, 7, 77, 75536, 97887
2026/07/08 17:26:19.372, 0, 0, 48704, 97887
2026/07/08 17:26:19.388, 1, 0, 48104, 97887
2026/07/08 17:26:19.403, 2, 0, 48104, 97887
2026/07/08 17:26:19.420, 3, 0, 48104, 97887
2026/07/08 17:26:19.435, 4, 95, 75468, 97887
2026/07/08 17:26:19.450, 5, 26, 75468, 97887
2026/07/08 17:26:19.464, 6, 55, 75536, 97887
2026/07/08 17:26:19.480, 7, 59, 75536, 97887
2026/07/08 17:26:20.496, 0, 0, 48704, 97887
2026/07/08 17:26:20.511, 1, 0, 48104, 97887
2026/07/08 17:26:20.526, 2, 0, 48104, 97887
2026/07/08 17:26:20.539, 3, 0, 48104, 97887
2026/07/08 17:26:20.552, 4, 70, 75468, 97887
2026/07/08 17:26:20.568, 5, 72, 75468, 97887
2026/07/08 17:26:20.583, 6, 33, 75536, 97887
2026/07/08 17:26:20.598, 7, 90, 75536, 97887
2026/07/08 17:26:21.614, 0, 0, 48704, 97887
2026/07/08 17:26:21.629, 1, 0, 48104, 97887
2026/07/08 17:26:21.644, 2, 0, 48104, 97887
2026/07/08 17:26:21.658, 3, 0, 48104, 97887
2026/07/08 17:26:21.674, 4, 94, 75468, 97887
2026/07/08 17:26:21.690, 5, 63, 75468, 97887
2026/07/08 17:26:21.706, 6, 24, 75536, 97887
2026/07/08 17:26:21.725, 7, 50, 75536, 97887
2026/07/08 17:26:22.742, 0, 0, 48704, 97887
2026/07/08 17:26:22.756, 1, 0, 48104, 97887
2026/07/08 17:26:22.771, 2, 0, 48104, 97887
2026/07/08 17:26:22.783, 3, 0, 48104, 97887
2026/07/08 17:26:22.798, 4, 40, 75468, 97887
2026/07/08 17:26:22.810, 5, 21, 75468, 97887
2026/07/08 17:26:22.825, 6, 30, 75536, 97887
2026/07/08 17:26:22.839, 7, 86, 75536, 97887
2026/07/08 17:26:23.854, 0, 0, 48704, 97887
2026/07/08 17:26:23.871, 1, 0, 48104, 97887
2026/07/08 17:26:23.890, 2, 0, 48104, 97887
2026/07/08 17:26:23.910, 3, 0, 48104, 97887
2026/07/08 17:26:23.927, 4, 89, 75468, 97887
2026/07/08 17:26:23.940, 5, 22, 75468, 97887
2026/07/08 17:26:23.953, 6, 36, 75536, 97887
2026/07/08 17:26:23.968, 7, 91, 75536, 97887
2026/07/08 17:26:24.985, 0, 0, 48704, 97887
2026/07/08 17:26:24.999, 1, 0, 48104, 97887
2026/07/08 17:26:25.016, 2, 0, 48104, 97887
2026/07/08 17:26:25.030, 3, 0, 48104, 97887
2026/07/08 17:26:25.042, 4, 49, 75468, 97887
2026/07/08 17:26:25.052, 5, 29, 75468, 97887
2026/07/08 17:26:25.068, 6, 44, 75536, 97887
2026/07/08 17:26:25.080, 7, 77, 75536, 97887
2026/07/08 17:26:26.090, 0, 0, 48704, 97887
2026/07/08 17:26:26.103, 1, 0, 48104, 97887
2026/07/08 17:26:26.116, 2, 0, 48104, 97887
2026/07/08 17:26:26.131, 3, 0, 48104, 97887
2026/07/08 17:26:26.148, 4, 86, 75468, 97887
2026/07/08 17:26:26.166, 5, 24, 75468, 97887
2026/07/08 17:26:26.184, 6, 44, 75536, 97887
2026/07/08 17:26:26.203, 7, 66, 75536, 97887
2026/07/08 17:26:27.219, 0, 0, 48704, 97887
2026/07/08 17:26:27.236, 1, 0, 48104, 97887
2026/07/08 17:26:27.252, 2, 0, 48104, 97887
2026/07/08 17:26:27.269, 3, 0, 48104, 97887
2026/07/08 17:26:27.288, 4, 93, 75468, 97887
2026/07/08 17:26:27.306, 5, 23, 75468, 97887
2026/07/08 17:26:27.324, 6, 35, 75536, 97887
2026/07/08 17:26:27.339, 7, 87, 75536, 97887
2026/07/08 17:26:28.356, 0, 0, 48704, 97887
2026/07/08 17:26:28.374, 1, 0, 48104, 97887
2026/07/08 17:26:28.388, 2, 0, 48104, 97887
2026/07/08 17:26:28.402, 3, 0, 48104, 97887
2026/07/08 17:26:28.416, 4, 58, 75468, 97887
2026/07/08 17:26:28.432, 5, 25, 75468, 97887
2026/07/08 17:26:28.447, 6, 28, 75536, 97887
2026/07/08 17:26:28.463, 7, 41, 75536, 97887
2026/07/08 17:26:29.480, 0, 0, 48704, 97887
2026/07/08 17:26:29.499, 1, 0, 48104, 97887
2026/07/08 17:26:29.517, 2, 0, 48104, 97887
2026/07/08 17:26:29.531, 3, 0, 48104, 97887
2026/07/08 17:26:29.543, 4, 95, 75468, 97887
2026/07/08 17:26:29.561, 5, 54, 75468, 97887
2026/07/08 17:26:29.575, 6, 33, 75536, 97887
2026/07/08 17:26:29.591, 7, 80, 75536, 97887
2026/07/08 17:26:30.607, 0, 0, 48704, 97887
2026/07/08 17:26:30.619, 1, 0, 48104, 97887
2026/07/08 17:26:30.631, 2, 0, 48104, 97887
2026/07/08 17:26:30.645, 3, 0, 48104, 97887
2026/07/08 17:26:30.659, 4, 83, 75468, 97887
2026/07/08 17:26:30.672, 5, 85, 75468, 97887
2026/07/08 17:26:30.687, 6, 34, 75536, 97887
2026/07/08 17:26:30.702, 7, 69, 75536, 97887
2026/07/08 17:26:31.720, 0, 0, 48704, 97887
2026/07/08 17:26:31.737, 1, 0, 48104, 97887
2026/07/08 17:26:31.753, 2, 0, 48104, 97887
2026/07/08 17:26:31.769, 3, 0, 48104, 97887
2026/07/08 17:26:31.786, 4, 95, 75468, 97887
2026/07/08 17:26:31.803, 5, 24, 75468, 97887
2026/07/08 17:26:31.821, 6, 38, 75536, 97887
2026/07/08 17:26:31.839, 7, 93, 75536, 97887
2026/07/08 17:26:32.855, 0, 0, 48704, 97887
2026/07/08 17:26:32.869, 1, 0, 48104, 97887
2026/07/08 17:26:32.887, 2, 0, 48104, 97887
2026/07/08 17:26:32.902, 3, 0, 48104, 97887
2026/07/08 17:26:32.917, 4, 89, 75468, 97887
2026/07/08 17:26:32.932, 5, 34, 75468, 97887
2026/07/08 17:26:32.947, 6, 60, 75536, 97887
2026/07/08 17:26:32.960, 7, 55, 75536, 97887
2026/07/08 17:26:33.974, 0, 0, 48704, 97887
2026/07/08 17:26:33.991, 1, 0, 48104, 97887
2026/07/08 17:26:34.008, 2, 0, 48104, 97887
2026/07/08 17:26:34.024, 3, 0, 48104, 97887
2026/07/08 17:26:34.036, 4, 90, 75468, 97887
2026/07/08 17:26:34.049, 5, 50, 75468, 97887
2026/07/08 17:26:34.058, 6, 41, 75536, 97887
2026/07/08 17:26:34.068, 7, 77, 75536, 97887
2026/07/08 17:26:35.080, 0, 0, 48704, 97887
2026/07/08 17:26:35.095, 1, 0, 48104, 97887
2026/07/08 17:26:35.108, 2, 0, 48104, 97887
2026/07/08 17:26:35.125, 3, 0, 48104, 97887
2026/07/08 17:26:35.142, 4, 95, 75468, 97887
2026/07/08 17:26:35.161, 5, 25, 75468, 97887
2026/07/08 17:26:35.176, 6, 39, 75536, 97887
2026/07/08 17:26:35.190, 7, 57, 75536, 97887
2026/07/08 17:26:36.206, 0, 0, 48704, 97887
2026/07/08 17:26:36.221, 1, 0, 48104, 97887
2026/07/08 17:26:36.239, 2, 0, 48104, 97887
2026/07/08 17:26:36.257, 3, 0, 48104, 97887
2026/07/08 17:26:36.275, 4, 94, 75468, 97887
2026/07/08 17:26:36.292, 5, 69, 75468, 97887
2026/07/08 17:26:36.309, 6, 36, 75536, 97887
2026/07/08 17:26:36.323, 7, 55, 75536, 97887
2026/07/08 17:26:37.336, 0, 0, 48704, 97887
2026/07/08 17:26:37.348, 1, 0, 48104, 97887
2026/07/08 17:26:37.358, 2, 0, 48104, 97887
2026/07/08 17:26:37.373, 3, 0, 48104, 97887
2026/07/08 17:26:37.387, 4, 94, 75468, 97887
2026/07/08 17:26:37.402, 5, 66, 75468, 97887
2026/07/08 17:26:37.416, 6, 43, 75536, 97887
2026/07/08 17:26:37.434, 7, 57, 75536, 97887
2026/07/08 17:26:38.451, 0, 0, 48704, 97887
2026/07/08 17:26:38.467, 1, 0, 48104, 97887
2026/07/08 17:26:38.481, 2, 0, 48104, 97887
2026/07/08 17:26:38.495, 3, 0, 48104, 97887
2026/07/08 17:26:38.510, 4, 84, 75468, 97887
2026/07/08 17:26:38.527, 5, 52, 75468, 97887
2026/07/08 17:26:38.544, 6, 33, 75536, 97887
2026/07/08 17:26:38.558, 7, 81, 75536, 97887
2026/07/08 17:26:39.575, 0, 0, 48704, 97887
2026/07/08 17:26:39.591, 1, 0, 48104, 97887
2026/07/08 17:26:39.609, 2, 0, 48104, 97887
2026/07/08 17:26:39.622, 3, 0, 48104, 97887
2026/07/08 17:26:39.640, 4, 95, 75468, 97887
2026/07/08 17:26:39.656, 5, 85, 75468, 97887
2026/07/08 17:26:39.673, 6, 33, 75536, 97887
2026/07/08 17:26:39.696, 7, 83, 75536, 97887
2026/07/08 17:26:40.723, 0, 0, 48704, 97887
2026/07/08 17:26:40.737, 1, 0, 48104, 97887
2026/07/08 17:26:40.751, 2, 0, 48104, 97887
2026/07/08 17:26:40.765, 3, 0, 48104, 97887
2026/07/08 17:26:40.779, 4, 48, 75468, 97887
2026/07/08 17:26:40.794, 5, 23, 75468, 97887
2026/07/08 17:26:40.813, 6, 89, 75536, 97887
2026/07/08 17:26:40.830, 7, 33, 75536, 97887
2026/07/08 17:26:41.848, 0, 0, 48704, 97887
2026/07/08 17:26:41.865, 1, 0, 48104, 97887
2026/07/08 17:26:41.881, 2, 0, 48104, 97887
2026/07/08 17:26:41.900, 3, 0, 48104, 97887
2026/07/08 17:26:41.917, 4, 96, 75468, 97887
2026/07/08 17:26:41.934, 5, 24, 75468, 97887
2026/07/08 17:26:41.951, 6, 96, 75536, 97887
2026/07/08 17:26:41.966, 7, 36, 75536, 97887
2026/07/08 17:26:42.977, 0, 0, 48704, 97887
2026/07/08 17:26:42.996, 1, 0, 48104, 97887
2026/07/08 17:26:43.013, 2, 0, 48104, 97887
2026/07/08 17:26:43.029, 3, 0, 48104, 97887
2026/07/08 17:26:43.046, 4, 92, 75468, 97887
2026/07/08 17:26:43.060, 5, 32, 75468, 97887
2026/07/08 17:26:43.073, 6, 96, 75536, 97887
2026/07/08 17:26:43.091, 7, 27, 75536, 97887
2026/07/08 17:26:44.104, 0, 0, 48704, 97887
2026/07/08 17:26:44.115, 1, 0, 48104, 97887
2026/07/08 17:26:44.130, 2, 0, 48104, 97887
2026/07/08 17:26:44.147, 3, 0, 48104, 97887
2026/07/08 17:26:44.162, 4, 33, 75468, 97887
2026/07/08 17:26:44.178, 5, 96, 75468, 97887
2026/07/08 17:26:44.195, 6, 86, 75536, 97887
2026/07/08 17:26:44.212, 7, 26, 75536, 97887
2026/07/08 17:26:45.231, 0, 0, 48704, 97887
2026/07/08 17:26:45.248, 1, 0, 48104, 97887
2026/07/08 17:26:45.268, 2, 0, 48104, 97887
2026/07/08 17:26:45.289, 3, 0, 48104, 97887
2026/07/08 17:26:45.308, 4, 25, 75468, 97887
2026/07/08 17:26:45.329, 5, 94, 75468, 97887
2026/07/08 17:26:45.345, 6, 89, 75536, 97887
2026/07/08 17:26:45.365, 7, 24, 75536, 97887
2026/07/08 17:26:46.385, 0, 0, 48704, 97887
2026/07/08 17:26:46.399, 1, 0, 48104, 97887
2026/07/08 17:26:46.413, 2, 0, 48104, 97887
2026/07/08 17:26:46.429, 3, 0, 48104, 97887
2026/07/08 17:26:46.444, 4, 42, 75468, 97887
2026/07/08 17:26:46.458, 5, 26, 75468, 97887
2026/07/08 17:26:46.475, 6, 83, 75536, 97887
2026/07/08 17:26:46.489, 7, 31, 75536, 97887
2026/07/08 17:26:47.502, 0, 0, 48704, 97887
2026/07/08 17:26:47.521, 1, 0, 48104, 97887
2026/07/08 17:26:47.541, 2, 0, 48104, 97887
2026/07/08 17:26:47.559, 3, 0, 48104, 97887
2026/07/08 17:26:47.576, 4, 93, 75468, 97887
2026/07/08 17:26:47.589, 5, 87, 75468, 97887
2026/07/08 17:26:47.602, 6, 48, 75536, 97887
2026/07/08 17:26:47.615, 7, 43, 75538, 97887
2026/07/08 17:26:48.629, 0, 0, 48704, 97887
2026/07/08 17:26:48.645, 1, 0, 48104, 97887
2026/07/08 17:26:48.662, 2, 0, 48104, 97887
2026/07/08 17:26:48.677, 3, 0, 48104, 97887
2026/07/08 17:26:48.694, 4, 96, 75468, 97887
2026/07/08 17:26:48.710, 5, 32, 75468, 97887
2026/07/08 17:26:48.726, 6, 62, 75536, 97887
2026/07/08 17:26:48.743, 7, 39, 75538, 97887
2026/07/08 17:26:49.759, 0, 0, 48704, 97887
2026/07/08 17:26:49.774, 1, 0, 48104, 97887
2026/07/08 17:26:49.789, 2, 0, 48104, 97887
2026/07/08 17:26:49.804, 3, 0, 48104, 97887
2026/07/08 17:26:49.819, 4, 50, 75468, 97887
2026/07/08 17:26:49.833, 5, 34, 75468, 97887
2026/07/08 17:26:49.846, 6, 90, 75536, 97887
2026/07/08 17:26:49.860, 7, 26, 75538, 97887
2026/07/08 17:26:50.876, 0, 0, 48704, 97887
2026/07/08 17:26:50.892, 1, 0, 48104, 97887
2026/07/08 17:26:50.907, 2, 0, 48104, 97887
2026/07/08 17:26:50.923, 3, 0, 48104, 97887
2026/07/08 17:26:50.937, 4, 95, 75468, 97887
2026/07/08 17:26:50.953, 5, 35, 75468, 97887
2026/07/08 17:26:50.971, 6, 87, 75536, 97887
2026/07/08 17:26:50.985, 7, 37, 75538, 97887
2026/07/08 17:26:52.000, 0, 0, 48704, 97887
2026/07/08 17:26:52.011, 1, 0, 48104, 97887
2026/07/08 17:26:52.022, 2, 0, 48104, 97887
2026/07/08 17:26:52.037, 3, 0, 48104, 97887
2026/07/08 17:26:52.052, 4, 29, 75468, 97887
2026/07/08 17:26:52.066, 5, 12, 75468, 97887
2026/07/08 17:26:52.084, 6, 96, 75538, 97887
2026/07/08 17:26:52.098, 7, 32, 75538, 97887
2026/07/08 17:26:53.115, 0, 0, 48704, 97887
2026/07/08 17:26:53.141, 1, 0, 48104, 97887
2026/07/08 17:26:53.159, 2, 0, 48104, 97887
2026/07/08 17:26:53.176, 3, 0, 48104, 97887
2026/07/08 17:26:53.194, 4, 85, 75468, 97887
2026/07/08 17:26:53.212, 5, 32, 75468, 97887
2026/07/08 17:26:53.230, 6, 83, 75538, 97887
2026/07/08 17:26:53.251, 7, 39, 75538, 97887
2026/07/08 17:26:54.269, 0, 0, 48704, 97887
2026/07/08 17:26:54.284, 1, 0, 48104, 97887
2026/07/08 17:26:54.298, 2, 0, 48104, 97887
2026/07/08 17:26:54.310, 3, 0, 48104, 97887
2026/07/08 17:26:54.326, 4, 95, 75468, 97887
2026/07/08 17:26:54.342, 5, 22, 75468, 97887
2026/07/08 17:26:54.356, 6, 86, 75538, 97887
2026/07/08 17:26:54.373, 7, 32, 75538, 97887
2026/07/08 17:26:55.388, 0, 0, 48704, 97887
2026/07/08 17:26:55.401, 1, 0, 48104, 97887
2026/07/08 17:26:55.415, 2, 0, 48104, 97887
2026/07/08 17:26:55.429, 3, 0, 48104, 97887
2026/07/08 17:26:55.443, 4, 94, 75468, 97887
2026/07/08 17:26:55.462, 5, 22, 75468, 97887
2026/07/08 17:26:55.483, 6, 39, 75538, 97887
2026/07/08 17:26:55.496, 7, 39, 75538, 97887
2026/07/08 17:26:56.507, 0, 0, 48704, 97887
2026/07/08 17:26:56.519, 1, 0, 48104, 97887
2026/07/08 17:26:56.536, 2, 0, 48104, 97887
2026/07/08 17:26:56.551, 3, 0, 48104, 97887
2026/07/08 17:26:56.566, 4, 76, 75468, 97887
2026/07/08 17:26:56.584, 5, 60, 75468, 97887
2026/07/08 17:26:56.597, 6, 65, 75538, 97887
2026/07/08 17:26:56.615, 7, 34, 75538, 97887
2026/07/08 17:26:57.633, 0, 0, 48704, 97887
2026/07/08 17:26:57.645, 1, 0, 48104, 97887
2026/07/08 17:26:57.658, 2, 0, 48104, 97887
2026/07/08 17:26:57.672, 3, 0, 48104, 97887
2026/07/08 17:26:57.686, 4, 90, 75468, 97887
2026/07/08 17:26:57.699, 5, 23, 75468, 97887
2026/07/08 17:26:57.711, 6, 93, 75538, 97887
2026/07/08 17:26:57.727, 7, 31, 75538, 97887
2026/07/08 17:26:58.746, 0, 0, 48704, 97887
2026/07/08 17:26:58.762, 1, 0, 48104, 97887
2026/07/08 17:26:58.777, 2, 0, 48104, 97887
2026/07/08 17:26:58.793, 3, 0, 48104, 97887
2026/07/08 17:26:58.808, 4, 92, 75468, 97887
2026/07/08 17:26:58.826, 5, 23, 75468, 97887
2026/07/08 17:26:58.842, 6, 90, 75538, 97887
2026/07/08 17:26:58.857, 7, 26, 75538, 97887
2026/07/08 17:26:59.873, 0, 0, 48704, 97887
2026/07/08 17:26:59.890, 1, 0, 48104, 97887
2026/07/08 17:26:59.904, 2, 0, 48104, 97887
2026/07/08 17:26:59.920, 3, 0, 48104, 97887
2026/07/08 17:26:59.938, 4, 85, 75468, 97887
2026/07/08 17:26:59.954, 5, 24, 75468, 97887
2026/07/08 17:26:59.969, 6, 89, 75538, 97887
2026/07/08 17:26:59.989, 7, 31, 75538, 97887
2026/07/08 17:27:01.003, 0, 0, 48704, 97887
2026/07/08 17:27:01.019, 1, 0, 48104, 97887
2026/07/08 17:27:01.035, 2, 0, 48104, 97887
2026/07/08 17:27:01.049, 3, 0, 48104, 97887
2026/07/08 17:27:01.063, 4, 58, 75468, 97887
2026/07/08 17:27:01.079, 5, 53, 75468, 97887
2026/07/08 17:27:01.094, 6, 54, 75538, 97887
2026/07/08 17:27:01.111, 7, 65, 75538, 97887
2026/07/08 17:27:02.126, 0, 0, 48704, 97887
2026/07/08 17:27:02.141, 1, 0, 48104, 97887
2026/07/08 17:27:02.157, 2, 0, 48104, 97887
2026/07/08 17:27:02.173, 3, 0, 48104, 97887
2026/07/08 17:27:02.192, 4, 95, 75468, 97887
2026/07/08 17:27:02.209, 5, 24, 75468, 97887
2026/07/08 17:27:02.227, 6, 73, 75538, 97887
2026/07/08 17:27:02.245, 7, 46, 75538, 97887
2026/07/08 17:27:03.263, 0, 0, 48704, 97887
2026/07/08 17:27:03.279, 1, 0, 48104, 97887
2026/07/08 17:27:03.297, 2, 0, 48104, 97887
2026/07/08 17:27:03.310, 3, 0, 48104, 97887
2026/07/08 17:27:03.325, 4, 61, 75468, 97887
2026/07/08 17:27:03.341, 5, 55, 75468, 97887
2026/07/08 17:27:03.358, 6, 39, 75538, 97887
2026/07/08 17:27:03.376, 7, 83, 75538, 97887
2026/07/08 17:27:04.388, 0, 0, 48704, 97887
2026/07/08 17:27:04.400, 1, 0, 48104, 97887
2026/07/08 17:27:04.415, 2, 0, 48104, 97887
2026/07/08 17:27:04.434, 3, 0, 48104, 97887
2026/07/08 17:27:04.452, 4, 83, 75468, 97887
2026/07/08 17:27:04.468, 5, 43, 75468, 97887
2026/07/08 17:27:04.484, 6, 61, 75538, 97887
2026/07/08 17:27:04.501, 7, 48, 75538, 97887
2026/07/08 17:27:05.519, 0, 0, 48704, 97887
2026/07/08 17:27:05.534, 1, 0, 48104, 97887
2026/07/08 17:27:05.548, 2, 0, 48104, 97887
2026/07/08 17:27:05.562, 3, 0, 48104, 97887
2026/07/08 17:27:05.576, 4, 95, 75468, 97887
2026/07/08 17:27:05.593, 5, 23, 75468, 97887
2026/07/08 17:27:05.609, 6, 33, 75538, 97887
2026/07/08 17:27:05.626, 7, 54, 75538, 97887
2026/07/08 17:27:06.645, 0, 0, 48704, 97887
2026/07/08 17:27:06.661, 1, 0, 48104, 97887
2026/07/08 17:27:06.678, 2, 0, 48104, 97887
2026/07/08 17:27:06.695, 3, 0, 48104, 97887
2026/07/08 17:27:06.713, 4, 95, 75468, 97887
2026/07/08 17:27:06.731, 5, 24, 75468, 97887
2026/07/08 17:27:06.747, 6, 45, 75538, 97887
2026/07/08 17:27:06.763, 7, 76, 75538, 97887
2026/07/08 17:27:07.778, 0, 0, 48704, 97887
2026/07/08 17:27:07.797, 1, 0, 48104, 97887
2026/07/08 17:27:07.813, 2, 0, 48104, 97887
2026/07/08 17:27:07.827, 3, 0, 48104, 97887
2026/07/08 17:27:07.842, 4, 89, 75468, 97887
2026/07/08 17:27:07.858, 5, 24, 75468, 97887
2026/07/08 17:27:07.872, 6, 81, 75538, 97887
2026/07/08 17:27:07.887, 7, 85, 75538, 97887
2026/07/08 17:27:08.905, 0, 0, 48704, 97887
2026/07/08 17:27:08.923, 1, 0, 48104, 97887
2026/07/08 17:27:08.939, 2, 0, 48104, 97887
2026/07/08 17:27:08.953, 3, 0, 48104, 97887
2026/07/08 17:27:08.970, 4, 95, 75468, 97887
2026/07/08 17:27:08.989, 5, 26, 75468, 97887
2026/07/08 17:27:09.004, 6, 52, 75538, 97887
2026/07/08 17:27:09.021, 7, 51, 75538, 97887
2026/07/08 17:27:10.040, 0, 0, 48704, 97887
2026/07/08 17:27:10.055, 1, 0, 48104, 97887
2026/07/08 17:27:10.069, 2, 0, 48104, 97887
2026/07/08 17:27:10.085, 3, 0, 48104, 97887
2026/07/08 17:27:10.098, 4, 95, 75468, 97887
2026/07/08 17:27:10.110, 5, 25, 75468, 97887
2026/07/08 17:27:10.125, 6, 59, 75538, 97887
2026/07/08 17:27:10.139, 7, 70, 75538, 97887
2026/07/08 17:27:11.154, 0, 0, 48704, 97887
2026/07/08 17:27:11.166, 1, 0, 48104, 97887
2026/07/08 17:27:11.175, 2, 0, 48104, 97887
2026/07/08 17:27:11.190, 3, 0, 48104, 97887
2026/07/08 17:27:11.207, 4, 55, 75468, 97887
2026/07/08 17:27:11.226, 5, 74, 75468, 97887
2026/07/08 17:27:11.243, 6, 91, 75538, 97887
2026/07/08 17:27:11.262, 7, 38, 75538, 97887
2026/07/08 17:27:12.280, 0, 0, 48704, 97887
2026/07/08 17:27:12.298, 1, 0, 48104, 97887
2026/07/08 17:27:12.316, 2, 0, 48104, 97887
2026/07/08 17:27:12.333, 3, 0, 48104, 97887
2026/07/08 17:27:12.350, 4, 95, 75468, 97887
2026/07/08 17:27:12.365, 5, 27, 75468, 97887
2026/07/08 17:27:12.383, 6, 42, 75538, 97887
2026/07/08 17:27:12.397, 7, 80, 75538, 97887
2026/07/08 17:27:13.412, 0, 0, 48704, 97887
2026/07/08 17:27:13.427, 1, 0, 48104, 97887
2026/07/08 17:27:13.441, 2, 0, 48104, 97887
2026/07/08 17:27:13.456, 3, 0, 48104, 97887
2026/07/08 17:27:13.470, 4, 95, 75468, 97887
2026/07/08 17:27:13.485, 5, 33, 75468, 97887
2026/07/08 17:27:13.500, 6, 45, 75538, 97887
2026/07/08 17:27:13.515, 7, 55, 75538, 97887
2026/07/08 17:27:14.531, 0, 0, 48704, 97887
2026/07/08 17:27:14.547, 1, 0, 48104, 97887
2026/07/08 17:27:14.561, 2, 0, 48104, 97887
2026/07/08 17:27:14.574, 3, 0, 48104, 97887
2026/07/08 17:27:14.587, 4, 66, 75468, 97887
2026/07/08 17:27:14.602, 5, 45, 75468, 97887
2026/07/08 17:27:14.614, 6, 73, 75538, 97887
2026/07/08 17:27:14.627, 7, 41, 75538, 97887
2026/07/08 17:27:15.640, 0, 0, 48704, 97887
2026/07/08 17:27:15.657, 1, 0, 48104, 97887
2026/07/08 17:27:15.674, 2, 0, 48104, 97887
2026/07/08 17:27:15.691, 3, 0, 48104, 97887
2026/07/08 17:27:15.710, 4, 90, 75468, 97887
2026/07/08 17:27:15.726, 5, 24, 75468, 97887
2026/07/08 17:27:15.744, 6, 52, 75538, 97887
2026/07/08 17:27:15.760, 7, 50, 75538, 97887
2026/07/08 17:27:16.777, 0, 0, 48704, 97887
2026/07/08 17:27:16.797, 1, 0, 48104, 97887
2026/07/08 17:27:16.818, 2, 0, 48104, 97887
2026/07/08 17:27:16.840, 3, 0, 48104, 97887
2026/07/08 17:27:16.856, 4, 94, 75468, 97887
2026/07/08 17:27:16.869, 5, 22, 75468, 97887
2026/07/08 17:27:16.882, 6, 34, 75538, 97887
2026/07/08 17:27:16.898, 7, 100, 75538, 97887
2026/07/08 17:27:17.914, 0, 0, 48704, 97887
2026/07/08 17:27:17.931, 1, 0, 48104, 97887
2026/07/08 17:27:17.943, 2, 0, 48104, 97887
2026/07/08 17:27:17.957, 3, 0, 48104, 97887
2026/07/08 17:27:17.973, 4, 95, 75468, 97887
2026/07/08 17:27:17.990, 5, 22, 75468, 97887
2026/07/08 17:27:18.002, 6, 40, 75538, 97887
2026/07/08 17:27:18.020, 7, 80, 75538, 97887
2026/07/08 17:27:19.033, 0, 0, 48704, 97887
2026/07/08 17:27:19.048, 1, 0, 48104, 97887
2026/07/08 17:27:19.062, 2, 0, 48104, 97887
2026/07/08 17:27:19.076, 3, 0, 48104, 97887
2026/07/08 17:27:19.099, 4, 95, 75468, 97887
2026/07/08 17:27:19.110, 5, 23, 75468, 97887
2026/07/08 17:27:19.119, 6, 59, 75538, 97887
2026/07/08 17:27:19.134, 7, 43, 75538, 97887
2026/07/08 17:27:20.151, 0, 0, 48704, 97887
2026/07/08 17:27:20.170, 1, 0, 48104, 97887
2026/07/08 17:27:20.186, 2, 0, 48104, 97887
2026/07/08 17:27:20.202, 3, 0, 48104, 97887
2026/07/08 17:27:20.217, 4, 94, 75468, 97887
2026/07/08 17:27:20.232, 5, 25, 75468, 97887
2026/07/08 17:27:20.246, 6, 51, 75538, 97887
2026/07/08 17:27:20.262, 7, 88, 75538, 97887
2026/07/08 17:27:21.279, 0, 0, 48704, 97887
2026/07/08 17:27:21.295, 1, 0, 48104, 97887
2026/07/08 17:27:21.311, 2, 0, 48104, 97887
2026/07/08 17:27:21.325, 3, 0, 48104, 97887
2026/07/08 17:27:21.340, 4, 26, 75468, 97887
2026/07/08 17:27:21.357, 5, 90, 75468, 97887
2026/07/08 17:27:21.373, 6, 79, 75538, 97887
2026/07/08 17:27:21.386, 7, 64, 75538, 97887
2026/07/08 17:27:22.399, 0, 0, 48704, 97887
2026/07/08 17:27:22.420, 1, 0, 48104, 97887
2026/07/08 17:27:22.440, 2, 0, 48104, 97887
2026/07/08 17:27:22.457, 3, 0, 48104, 97887
2026/07/08 17:27:22.472, 4, 79, 75468, 97887
2026/07/08 17:27:22.491, 5, 34, 75468, 97887
2026/07/08 17:27:22.505, 6, 75, 75538, 97887
2026/07/08 17:27:22.518, 7, 32, 75538, 97887
2026/07/08 17:27:23.533, 0, 0, 48704, 97887
2026/07/08 17:27:23.550, 1, 0, 48104, 97887
2026/07/08 17:27:23.570, 2, 0, 48104, 97887
2026/07/08 17:27:23.587, 3, 0, 48104, 97887
2026/07/08 17:27:23.607, 4, 95, 75468, 97887
2026/07/08 17:27:23.626, 5, 28, 75468, 97887
2026/07/08 17:27:23.646, 6, 72, 75538, 97887
2026/07/08 17:27:23.662, 7, 71, 75538, 97887
2026/07/08 17:27:24.683, 0, 0, 48704, 97887
2026/07/08 17:27:24.700, 1, 0, 48104, 97887
2026/07/08 17:27:24.718, 2, 0, 48104, 97887
2026/07/08 17:27:24.733, 3, 0, 48104, 97887
2026/07/08 17:27:24.749, 4, 94, 75468, 97887
2026/07/08 17:27:24.766, 5, 22, 75468, 97887
2026/07/08 17:27:24.783, 6, 35, 75538, 97887
2026/07/08 17:27:24.799, 7, 30, 75538, 97887
2026/07/08 17:27:25.817, 0, 0, 48704, 97887
2026/07/08 17:27:25.830, 1, 0, 48104, 97887
2026/07/08 17:27:25.840, 2, 0, 48104, 97887
2026/07/08 17:27:25.846, 3, 0, 48104, 97887
2026/07/08 17:27:25.861, 4, 63, 75468, 97887
2026/07/08 17:27:25.880, 5, 72, 75468, 97887
2026/07/08 17:27:25.893, 6, 59, 75538, 97887
2026/07/08 17:27:25.908, 7, 50, 75538, 97887
2026/07/08 17:27:26.921, 0, 0, 48704, 97887
2026/07/08 17:27:26.941, 1, 0, 48104, 97887
2026/07/08 17:27:26.959, 2, 0, 48104, 97887
2026/07/08 17:27:26.974, 3, 0, 48104, 97887
2026/07/08 17:27:26.989, 4, 89, 75468, 97887
2026/07/08 17:27:27.004, 5, 26, 75468, 97887
2026/07/08 17:27:27.019, 6, 80, 75538, 97887
2026/07/08 17:27:27.035, 7, 82, 75538, 97887
2026/07/08 17:27:28.047, 0, 0, 48704, 97887
2026/07/08 17:27:28.063, 1, 0, 48104, 97887
2026/07/08 17:27:28.078, 2, 0, 48104, 97887
2026/07/08 17:27:28.093, 3, 0, 48104, 97887
2026/07/08 17:27:28.105, 4, 94, 75468, 97887
2026/07/08 17:27:28.117, 5, 22, 75468, 97887
2026/07/08 17:27:28.131, 6, 46, 75538, 97887
2026/07/08 17:27:28.146, 7, 50, 75538, 97887
2026/07/08 17:27:29.162, 0, 0, 48704, 97887
2026/07/08 17:27:29.183, 1, 0, 48104, 97887
2026/07/08 17:27:29.206, 2, 0, 48104, 97887
2026/07/08 17:27:29.223, 3, 0, 48104, 97887
2026/07/08 17:27:29.238, 4, 86, 75468, 97887
2026/07/08 17:27:29.252, 5, 38, 75468, 97887
2026/07/08 17:27:29.272, 6, 73, 75538, 97887
2026/07/08 17:27:29.291, 7, 44, 75538, 97887
2026/07/08 17:27:30.313, 0, 0, 48704, 97887
2026/07/08 17:27:30.326, 1, 0, 48104, 97887
2026/07/08 17:27:30.339, 2, 0, 48104, 97887
2026/07/08 17:27:30.350, 3, 0, 48104, 97887
2026/07/08 17:27:30.361, 4, 95, 75468, 97887
2026/07/08 17:27:30.373, 5, 26, 75468, 97887
2026/07/08 17:27:30.383, 6, 96, 75538, 97887
2026/07/08 17:27:30.394, 7, 41, 75538, 97887
2026/07/08 17:27:31.407, 0, 0, 48704, 97887
2026/07/08 17:27:31.426, 1, 0, 48104, 97887
2026/07/08 17:27:31.445, 2, 0, 48104, 97887
2026/07/08 17:27:31.463, 3, 0, 48104, 97887
2026/07/08 17:27:31.480, 4, 95, 75468, 97887
2026/07/08 17:27:31.496, 5, 23, 75468, 97887
2026/07/08 17:27:31.512, 6, 89, 75538, 97887
2026/07/08 17:27:31.530, 7, 66, 75538, 97887
2026/07/08 17:27:32.545, 0, 0, 48704, 97887
2026/07/08 17:27:32.555, 1, 0, 48104, 97887
2026/07/08 17:27:32.562, 2, 0, 48104, 97887
2026/07/08 17:27:32.569, 3, 0, 48104, 97887
2026/07/08 17:27:32.578, 4, 36, 75468, 97887
2026/07/08 17:27:32.585, 5, 92, 75468, 97887
2026/07/08 17:27:32.599, 6, 63, 75538, 97887
2026/07/08 17:27:32.615, 7, 69, 75538, 97887
2026/07/08 17:27:33.630, 0, 0, 48704, 97887
2026/07/08 17:27:33.644, 1, 0, 48104, 97887
2026/07/08 17:27:33.659, 2, 0, 48104, 97887
2026/07/08 17:27:33.672, 3, 0, 48104, 97887
2026/07/08 17:27:33.687, 4, 37, 75468, 97887
2026/07/08 17:27:33.702, 5, 91, 75468, 97887
2026/07/08 17:27:33.717, 6, 66, 75538, 97887
2026/07/08 17:27:33.733, 7, 14, 75538, 97887
2026/07/08 17:27:34.749, 0, 0, 48704, 97887
2026/07/08 17:27:34.771, 1, 0, 48104, 97887
2026/07/08 17:27:34.788, 2, 0, 48104, 97887
2026/07/08 17:27:34.808, 3, 0, 48104, 97887
2026/07/08 17:27:34.828, 4, 20, 75468, 97887
2026/07/08 17:27:34.845, 5, 88, 75468, 97887
2026/07/08 17:27:34.867, 6, 92, 75538, 97887
2026/07/08 17:27:34.885, 7, 38, 75538, 97887
2026/07/08 17:27:35.902, 0, 0, 48704, 97887
2026/07/08 17:27:35.915, 1, 0, 48104, 97887
2026/07/08 17:27:35.925, 2, 0, 48104, 97887
2026/07/08 17:27:35.940, 3, 0, 48104, 97887
2026/07/08 17:27:35.959, 4, 95, 75468, 97887
2026/07/08 17:27:35.973, 5, 25, 75468, 97887
2026/07/08 17:27:35.988, 6, 45, 75538, 97887
2026/07/08 17:27:36.003, 7, 65, 75538, 97887
2026/07/08 17:27:37.019, 0, 0, 48704, 97887
2026/07/08 17:27:37.035, 1, 0, 48104, 97887
2026/07/08 17:27:37.047, 2, 0, 48104, 97887
2026/07/08 17:27:37.061, 3, 0, 48104, 97887
2026/07/08 17:27:37.075, 4, 79, 75468, 97887
2026/07/08 17:27:37.091, 5, 42, 75468, 97887
2026/07/08 17:27:37.104, 6, 48, 75538, 97887
2026/07/08 17:27:37.119, 7, 41, 75538, 97887
2026/07/08 17:27:38.133, 0, 0, 48704, 97887
2026/07/08 17:27:38.147, 1, 0, 48104, 97887
2026/07/08 17:27:38.159, 2, 0, 48104, 97887
2026/07/08 17:27:38.175, 3, 0, 48104, 97887
2026/07/08 17:27:38.190, 4, 95, 75468, 97887
2026/07/08 17:27:38.205, 5, 21, 75468, 97887
2026/07/08 17:27:38.222, 6, 54, 75538, 97887
2026/07/08 17:27:38.239, 7, 34, 75538, 97887
2026/07/08 17:27:39.256, 0, 0, 48704, 97887
2026/07/08 17:27:39.270, 1, 0, 48104, 97887
2026/07/08 17:27:39.284, 2, 0, 48104, 97887
2026/07/08 17:27:39.298, 3, 0, 48104, 97887
2026/07/08 17:27:39.314, 4, 94, 75468, 97887
2026/07/08 17:27:39.330, 5, 23, 75468, 97887
2026/07/08 17:27:39.345, 6, 84, 75538, 97887
2026/07/08 17:27:39.359, 7, 40, 75538, 97887
2026/07/08 17:27:40.376, 0, 0, 48704, 97887
2026/07/08 17:27:40.394, 1, 0, 48104, 97887
2026/07/08 17:27:40.408, 2, 0, 48104, 97887
2026/07/08 17:27:40.423, 3, 0, 48104, 97887
2026/07/08 17:27:40.437, 4, 23, 75468, 97887
2026/07/08 17:27:40.450, 5, 37, 75468, 97887
2026/07/08 17:27:40.461, 6, 38, 75538, 97887
2026/07/08 17:27:40.476, 7, 89, 75538, 97887
2026/07/08 17:27:41.490, 0, 0, 48704, 97887
2026/07/08 17:27:41.504, 1, 0, 48104, 97887
2026/07/08 17:27:41.519, 2, 0, 48104, 97887
2026/07/08 17:27:41.533, 3, 0, 48104, 97887
2026/07/08 17:27:41.547, 4, 92, 75468, 97887
2026/07/08 17:27:41.561, 5, 21, 75468, 97887
2026/07/08 17:27:41.573, 6, 45, 75538, 97887
2026/07/08 17:27:41.586, 7, 86, 75538, 97887
2026/07/08 17:27:42.600, 0, 0, 48704, 97887
2026/07/08 17:27:42.616, 1, 0, 48104, 97887
2026/07/08 17:27:42.633, 2, 0, 48104, 97887
2026/07/08 17:27:42.648, 3, 0, 48104, 97887
2026/07/08 17:27:42.664, 4, 60, 75468, 97887
2026/07/08 17:27:42.677, 5, 47, 75468, 97887
2026/07/08 17:27:42.691, 6, 37, 75538, 97887
2026/07/08 17:27:42.709, 7, 94, 75538, 97887
2026/07/08 17:27:43.727, 0, 0, 48704, 97887
2026/07/08 17:27:43.741, 1, 0, 48104, 97887
2026/07/08 17:27:43.757, 2, 0, 48104, 97887
2026/07/08 17:27:43.774, 3, 0, 48104, 97887
2026/07/08 17:27:43.790, 4, 95, 75468, 97887
2026/07/08 17:27:43.804, 5, 24, 75468, 97887
2026/07/08 17:27:43.818, 6, 40, 75538, 97887
2026/07/08 17:27:43.831, 7, 87, 75538, 97887
2026/07/08 17:27:44.848, 0, 0, 48704, 97887
2026/07/08 17:27:44.861, 1, 0, 48104, 97887
2026/07/08 17:27:44.874, 2, 0, 48104, 97887
2026/07/08 17:27:44.888, 3, 0, 48104, 97887
2026/07/08 17:27:44.902, 4, 95, 75468, 97887
2026/07/08 17:27:44.918, 5, 28, 75468, 97887
2026/07/08 17:27:44.932, 6, 40, 75538, 97887
2026/07/08 17:27:44.945, 7, 77, 75538, 97887
2026/07/08 17:27:45.956, 0, 0, 48704, 97887
2026/07/08 17:27:45.973, 1, 0, 48104, 97887
2026/07/08 17:27:45.988, 2, 0, 48104, 97887
2026/07/08 17:27:46.003, 3, 0, 48104, 97887
2026/07/08 17:27:46.018, 4, 76, 75468, 97887
2026/07/08 17:27:46.030, 5, 60, 75468, 97887
2026/07/08 17:27:46.044, 6, 33, 75538, 97887
2026/07/08 17:27:46.058, 7, 76, 75538, 97887
2026/07/08 17:27:47.071, 0, 0, 48704, 97887
2026/07/08 17:27:47.083, 1, 0, 48104, 97887
2026/07/08 17:27:47.098, 2, 0, 48104, 97887
2026/07/08 17:27:47.115, 3, 0, 48104, 97887
2026/07/08 17:27:47.126, 4, 44, 75468, 97887
2026/07/08 17:27:47.141, 5, 85, 75468, 97887
2026/07/08 17:27:47.157, 6, 46, 75538, 97887
2026/07/08 17:27:47.171, 7, 76, 75538, 97887
2026/07/08 17:27:48.186, 0, 0, 48704, 97887
2026/07/08 17:27:48.202, 1, 0, 48104, 97887
2026/07/08 17:27:48.215, 2, 0, 48104, 97887
2026/07/08 17:27:48.229, 3, 0, 48104, 97887
2026/07/08 17:27:48.242, 4, 79, 75470, 97887
2026/07/08 17:27:48.261, 5, 53, 75468, 97887
2026/07/08 17:27:48.271, 6, 40, 75538, 97887
2026/07/08 17:27:48.285, 7, 93, 75538, 97887
2026/07/08 17:27:49.302, 0, 0, 48704, 97887
2026/07/08 17:27:49.317, 1, 0, 48104, 97887
2026/07/08 17:27:49.329, 2, 0, 48104, 97887
2026/07/08 17:27:49.340, 3, 0, 48104, 97887
2026/07/08 17:27:49.355, 4, 96, 75470, 97887
2026/07/08 17:27:49.372, 5, 29, 75468, 97887
2026/07/08 17:27:49.388, 6, 53, 75538, 97887
2026/07/08 17:27:49.405, 7, 38, 75538, 97887
2026/07/08 17:27:50.424, 0, 0, 48704, 97887
2026/07/08 17:27:50.439, 1, 0, 48104, 97887
2026/07/08 17:27:50.454, 2, 0, 48104, 97887
2026/07/08 17:27:50.468, 3, 0, 48104, 97887
2026/07/08 17:27:50.481, 4, 78, 75470, 97887
2026/07/08 17:27:50.495, 5, 37, 75468, 97887
2026/07/08 17:27:50.510, 6, 40, 75538, 97887
2026/07/08 17:27:50.527, 7, 81, 75538, 97887
2026/07/08 17:27:51.541, 0, 0, 48704, 97887
2026/07/08 17:27:51.557, 1, 0, 48104, 97887
2026/07/08 17:27:51.570, 2, 0, 48104, 97887
2026/07/08 17:27:51.583, 3, 0, 48104, 97887
2026/07/08 17:27:51.600, 4, 48, 75470, 97887
2026/07/08 17:27:51.617, 5, 60, 75468, 97887
2026/07/08 17:27:51.633, 6, 79, 75538, 97887
2026/07/08 17:27:51.651, 7, 49, 75538, 97887
2026/07/08 17:27:52.668, 0, 0, 48704, 97887
2026/07/08 17:27:52.684, 1, 0, 48104, 97887
2026/07/08 17:27:52.698, 2, 0, 48104, 97887
2026/07/08 17:27:52.714, 3, 0, 48104, 97887
2026/07/08 17:27:52.728, 4, 64, 75470, 97887
2026/07/08 17:27:52.742, 5, 41, 75468, 97887
2026/07/08 17:27:52.758, 6, 35, 75538, 97887
2026/07/08 17:27:52.773, 7, 91, 75538, 97887
2026/07/08 17:27:53.787, 0, 0, 48704, 97887
2026/07/08 17:27:53.802, 1, 0, 48104, 97887
2026/07/08 17:27:53.819, 2, 0, 48104, 97887
2026/07/08 17:27:53.831, 3, 0, 48104, 97887
2026/07/08 17:27:53.844, 4, 52, 75470, 97887
2026/07/08 17:27:53.857, 5, 72, 75468, 97887
2026/07/08 17:27:53.868, 6, 42, 75538, 97887
2026/07/08 17:27:53.875, 7, 70, 75538, 97887
2026/07/08 17:27:54.887, 0, 0, 48704, 97887
2026/07/08 17:27:54.898, 1, 0, 48104, 97887
2026/07/08 17:27:54.913, 2, 0, 48104, 97887
2026/07/08 17:27:54.930, 3, 0, 48104, 97887
2026/07/08 17:27:54.947, 4, 81, 75470, 97887
2026/07/08 17:27:54.964, 5, 53, 75468, 97887
2026/07/08 17:27:54.983, 6, 35, 75538, 97887
2026/07/08 17:27:55.001, 7, 66, 75538, 97887
2026/07/08 17:27:56.018, 0, 0, 48704, 97887
2026/07/08 17:27:56.033, 1, 0, 48104, 97887
2026/07/08 17:27:56.047, 2, 0, 48104, 97887
2026/07/08 17:27:56.062, 3, 0, 48104, 97887
2026/07/08 17:27:56.078, 4, 82, 75470, 97887
2026/07/08 17:27:56.092, 5, 41, 75468, 97887
2026/07/08 17:27:56.106, 6, 42, 75538, 97887
2026/07/08 17:27:56.125, 7, 89, 75538, 97887
2026/07/08 17:27:57.143, 0, 0, 48704, 97887
2026/07/08 17:27:57.160, 1, 0, 48104, 97887
2026/07/08 17:27:57.174, 2, 0, 48104, 97887
2026/07/08 17:27:57.186, 3, 0, 48104, 97887
2026/07/08 17:27:57.201, 4, 41, 75470, 97887
2026/07/08 17:27:57.215, 5, 80, 75468, 97887
2026/07/08 17:27:57.228, 6, 36, 75538, 97887
2026/07/08 17:27:57.239, 7, 93, 75538, 97887
2026/07/08 17:27:58.253, 0, 0, 48704, 97887
2026/07/08 17:27:58.269, 1, 0, 48104, 97887
2026/07/08 17:27:58.286, 2, 0, 48104, 97887
2026/07/08 17:27:58.305, 3, 0, 48104, 97887
2026/07/08 17:27:58.320, 4, 30, 75470, 97887
2026/07/08 17:27:58.337, 5, 94, 75468, 97887
2026/07/08 17:27:58.356, 6, 32, 75538, 97887
2026/07/08 17:27:58.371, 7, 85, 75538, 97887
2026/07/08 17:27:59.387, 0, 0, 48704, 97887
2026/07/08 17:27:59.403, 1, 0, 48104, 97887
2026/07/08 17:27:59.421, 2, 0, 48104, 97887
2026/07/08 17:27:59.434, 3, 0, 48104, 97887
2026/07/08 17:27:59.450, 4, 56, 75470, 97887
2026/07/08 17:27:59.465, 5, 40, 75468, 97887
2026/07/08 17:27:59.479, 6, 45, 75538, 97887
2026/07/08 17:27:59.491, 7, 83, 75538, 97887
2026/07/08 17:28:00.505, 0, 0, 48704, 97887
2026/07/08 17:28:00.521, 1, 0, 48104, 97887
2026/07/08 17:28:00.537, 2, 0, 48104, 97887
2026/07/08 17:28:00.551, 3, 0, 48104, 97887
2026/07/08 17:28:00.570, 4, 80, 75470, 97887
2026/07/08 17:28:00.590, 5, 27, 75468, 97887
2026/07/08 17:28:00.608, 6, 34, 75538, 97887
2026/07/08 17:28:00.627, 7, 66, 75538, 97887
2026/07/08 17:28:01.645, 0, 0, 48704, 97887
2026/07/08 17:28:01.664, 1, 0, 48104, 97887
2026/07/08 17:28:01.684, 2, 0, 48104, 97887
2026/07/08 17:28:01.701, 3, 0, 48104, 97887
2026/07/08 17:28:01.716, 4, 35, 75470, 97887
2026/07/08 17:28:01.732, 5, 87, 75468, 97887
2026/07/08 17:28:01.745, 6, 39, 75538, 97887
2026/07/08 17:28:01.758, 7, 75, 75538, 97887
2026/07/08 17:28:02.770, 0, 0, 48704, 97887
2026/07/08 17:28:02.786, 1, 0, 48104, 97887
2026/07/08 17:28:02.806, 2, 0, 48104, 97887
2026/07/08 17:28:02.823, 3, 0, 48104, 97887
2026/07/08 17:28:02.837, 4, 28, 75470, 97887
2026/07/08 17:28:02.850, 5, 92, 75468, 97887
2026/07/08 17:28:02.862, 6, 64, 75538, 97887
2026/07/08 17:28:02.876, 7, 72, 75538, 97887
2026/07/08 17:28:03.890, 0, 0, 48704, 97887
2026/07/08 17:28:03.907, 1, 0, 48104, 97887
2026/07/08 17:28:03.920, 2, 0, 48104, 97887
2026/07/08 17:28:03.936, 3, 0, 48104, 97887
2026/07/08 17:28:03.951, 4, 25, 75470, 97887
2026/07/08 17:28:03.965, 5, 85, 75468, 97887
2026/07/08 17:28:03.981, 6, 35, 75538, 97887
2026/07/08 17:28:03.999, 7, 91, 75538, 97887
2026/07/08 17:28:05.015, 0, 0, 48704, 97887
2026/07/08 17:28:05.032, 1, 0, 48104, 97887
2026/07/08 17:28:05.047, 2, 0, 48104, 97887
2026/07/08 17:28:05.057, 3, 0, 48104, 97887
2026/07/08 17:28:05.066, 4, 23, 75470, 97887
2026/07/08 17:28:05.076, 5, 83, 75468, 97887
2026/07/08 17:28:05.085, 6, 27, 75538, 97887
2026/07/08 17:28:05.092, 7, 89, 75538, 97887
2026/07/08 17:28:06.101, 0, 0, 48704, 97887
2026/07/08 17:28:06.112, 1, 0, 48104, 97887
2026/07/08 17:28:06.127, 2, 0, 48104, 97887
2026/07/08 17:28:06.143, 3, 0, 48104, 97887
2026/07/08 17:28:06.157, 4, 37, 75470, 97887
2026/07/08 17:28:06.172, 5, 90, 75468, 97887
2026/07/08 17:28:06.188, 6, 33, 75538, 97887
2026/07/08 17:28:06.199, 7, 91, 75538, 97887
2026/07/08 17:28:07.210, 0, 0, 48704, 97887
2026/07/08 17:28:07.219, 1, 0, 48104, 97887
2026/07/08 17:28:07.232, 2, 0, 48104, 97887
2026/07/08 17:28:07.248, 3, 0, 48104, 97887
2026/07/08 17:28:07.263, 4, 64, 75470, 97887
2026/07/08 17:28:07.275, 5, 70, 75468, 97887
2026/07/08 17:28:07.291, 6, 32, 75538, 97887
2026/07/08 17:28:07.308, 7, 84, 75538, 97887
2026/07/08 17:28:08.323, 0, 0, 48704, 97887
2026/07/08 17:28:08.340, 1, 0, 48104, 97887
2026/07/08 17:28:08.356, 2, 0, 48104, 97887
2026/07/08 17:28:08.373, 3, 0, 48104, 97887
2026/07/08 17:28:08.391, 4, 95, 75470, 97887
2026/07/08 17:28:08.407, 5, 24, 75468, 97887
2026/07/08 17:28:08.419, 6, 8, 75538, 97887
2026/07/08 17:28:08.432, 7, 32, 75538, 97887
2026/07/08 17:28:09.444, 0, 0, 48704, 97887
2026/07/08 17:28:09.460, 1, 0, 48104, 97887
2026/07/08 17:28:09.475, 2, 0, 48104, 97887
2026/07/08 17:28:09.492, 3, 0, 48104, 97887
2026/07/08 17:28:09.506, 4, 77, 75470, 97887
2026/07/08 17:28:09.520, 5, 39, 75468, 97887
2026/07/08 17:28:09.534, 6, 42, 75538, 97887
2026/07/08 17:28:09.546, 7, 85, 75538, 97887
2026/07/08 17:28:10.561, 0, 0, 48704, 97887
2026/07/08 17:28:10.574, 1, 0, 48104, 97887
2026/07/08 17:28:10.587, 2, 0, 48104, 97887
2026/07/08 17:28:10.595, 3, 0, 48104, 97887
2026/07/08 17:28:10.607, 4, 84, 75470, 97887
2026/07/08 17:28:10.620, 5, 36, 75468, 97887
2026/07/08 17:28:10.633, 6, 43, 75538, 97887
2026/07/08 17:28:10.647, 7, 89, 75538, 97887
2026/07/08 17:28:11.662, 0, 0, 48704, 97887
2026/07/08 17:28:11.677, 1, 0, 48104, 97887
2026/07/08 17:28:11.690, 2, 0, 48104, 97887
2026/07/08 17:28:11.706, 3, 0, 48104, 97887
2026/07/08 17:28:11.721, 4, 67, 75470, 97887
2026/07/08 17:28:11.732, 5, 42, 75468, 97887
2026/07/08 17:28:11.741, 6, 47, 75538, 97887
2026/07/08 17:28:11.754, 7, 81, 75538, 97887
2026/07/08 17:28:12.767, 0, 0, 48704, 97887
2026/07/08 17:28:12.780, 1, 0, 48104, 97887
2026/07/08 17:28:12.795, 2, 0, 48104, 97887
2026/07/08 17:28:12.809, 3, 0, 48104, 97887
2026/07/08 17:28:12.823, 4, 58, 75470, 97887
2026/07/08 17:28:12.836, 5, 47, 75468, 97887
2026/07/08 17:28:12.847, 6, 48, 75538, 97887
2026/07/08 17:28:12.860, 7, 77, 75538, 97887
2026/07/08 17:28:13.872, 0, 0, 48704, 97887
2026/07/08 17:28:13.885, 1, 0, 48104, 97887
2026/07/08 17:28:13.897, 2, 0, 48104, 97887
2026/07/08 17:28:13.907, 3, 0, 48104, 97887
2026/07/08 17:28:13.918, 4, 27, 75470, 97887
2026/07/08 17:28:13.930, 5, 90, 75468, 97887
2026/07/08 17:28:13.948, 6, 45, 75538, 97887
2026/07/08 17:28:13.965, 7, 76, 75538, 97887
2026/07/08 17:28:14.977, 0, 0, 48704, 97887
2026/07/08 17:28:14.993, 1, 0, 48104, 97887
2026/07/08 17:28:15.004, 2, 0, 48104, 97887
2026/07/08 17:28:15.015, 3, 0, 48104, 97887
2026/07/08 17:28:15.027, 4, 23, 75470, 97887
2026/07/08 17:28:15.035, 5, 93, 75468, 97887
2026/07/08 17:28:15.045, 6, 50, 75538, 97887
2026/07/08 17:28:15.057, 7, 79, 75538, 97887
2026/07/08 17:28:16.067, 0, 0, 48704, 97887
2026/07/08 17:28:16.080, 1, 0, 48104, 97887
2026/07/08 17:28:16.092, 2, 0, 48104, 97887
2026/07/08 17:28:16.106, 3, 0, 48104, 97887
2026/07/08 17:28:16.118, 4, 95, 75470, 97887
2026/07/08 17:28:16.133, 5, 25, 75468, 97887
2026/07/08 17:28:16.150, 6, 65, 75538, 97887
2026/07/08 17:28:16.166, 7, 71, 75538, 97887
2026/07/08 17:28:17.183, 0, 0, 48704, 97887
2026/07/08 17:28:17.199, 1, 0, 48104, 97887
2026/07/08 17:28:17.214, 2, 0, 48104, 97887
2026/07/08 17:28:17.222, 3, 0, 48104, 97887
2026/07/08 17:28:17.237, 4, 45, 75470, 97887
2026/07/08 17:28:17.254, 5, 65, 75468, 97887
2026/07/08 17:28:17.273, 6, 37, 75538, 97887
2026/07/08 17:28:17.287, 7, 89, 75538, 97887
2026/07/08 17:28:18.302, 0, 0, 48704, 97887
2026/07/08 17:28:18.317, 1, 0, 48104, 97887
2026/07/08 17:28:18.332, 2, 0, 48104, 97887
2026/07/08 17:28:18.346, 3, 0, 48104, 97887
2026/07/08 17:28:18.359, 4, 33, 75470, 97887
2026/07/08 17:28:18.373, 5, 23, 75468, 97887
2026/07/08 17:28:18.384, 6, 35, 75538, 97887
2026/07/08 17:28:18.397, 7, 69, 75538, 97887
2026/07/08 17:28:19.408, 0, 0, 48704, 97887
2026/07/08 17:28:19.424, 1, 0, 48104, 97887
2026/07/08 17:28:19.443, 2, 0, 48104, 97887
2026/07/08 17:28:19.457, 3, 0, 48104, 97887
2026/07/08 17:28:19.474, 4, 87, 75470, 97887
2026/07/08 17:28:19.488, 5, 70, 75468, 97887
2026/07/08 17:28:19.501, 6, 89, 75538, 97887
2026/07/08 17:28:19.512, 7, 37, 75538, 97887
2026/07/08 17:28:20.526, 0, 0, 48704, 97887
2026/07/08 17:28:20.540, 1, 0, 48104, 97887
2026/07/08 17:28:20.553, 2, 0, 48104, 97887
2026/07/08 17:28:20.565, 3, 0, 48104, 97887
2026/07/08 17:28:20.577, 4, 96, 75470, 97887
2026/07/08 17:28:20.590, 5, 23, 75470, 97887
2026/07/08 17:28:20.600, 6, 37, 75538, 97887
2026/07/08 17:28:20.614, 7, 87, 75538, 97887
2026/07/08 17:28:21.628, 0, 0, 48704, 97887
2026/07/08 17:28:21.642, 1, 0, 48104, 97887
2026/07/08 17:28:21.657, 2, 0, 48104, 97887
2026/07/08 17:28:21.670, 3, 0, 48104, 97887
2026/07/08 17:28:21.683, 4, 74, 75470, 97887
2026/07/08 17:28:21.703, 5, 77, 75470, 97887
2026/07/08 17:28:21.717, 6, 40, 75538, 97887
2026/07/08 17:28:21.732, 7, 87, 75538, 97887
2026/07/08 17:28:22.745, 0, 0, 48704, 97887
2026/07/08 17:28:22.756, 1, 0, 48104, 97887
2026/07/08 17:28:22.768, 2, 0, 48104, 97887
2026/07/08 17:28:22.779, 3, 0, 48104, 97887
2026/07/08 17:28:22.795, 4, 85, 75470, 97887
2026/07/08 17:28:22.807, 5, 56, 75470, 97887
2026/07/08 17:28:22.819, 6, 49, 75538, 97887
2026/07/08 17:28:22.833, 7, 79, 75538, 97887
2026/07/08 17:28:23.851, 0, 0, 48704, 97887
2026/07/08 17:28:23.863, 1, 0, 48104, 97887
2026/07/08 17:28:23.876, 2, 0, 48104, 97887
2026/07/08 17:28:23.891, 3, 0, 48104, 97887
2026/07/08 17:28:23.916, 4, 82, 75470, 97887
2026/07/08 17:28:23.937, 5, 34, 75470, 97887
2026/07/08 17:28:23.954, 6, 45, 75538, 97887
2026/07/08 17:28:23.975, 7, 65, 75538, 97887
2026/07/08 17:28:24.997, 0, 0, 48704, 97887
2026/07/08 17:28:25.009, 1, 0, 48104, 97887
2026/07/08 17:28:25.022, 2, 0, 48104, 97887
2026/07/08 17:28:25.034, 3, 0, 48104, 97887
2026/07/08 17:28:25.047, 4, 91, 75470, 97887
2026/07/08 17:28:25.061, 5, 23, 75470, 97887
2026/07/08 17:28:25.078, 6, 46, 75538, 97887
2026/07/08 17:28:25.094, 7, 80, 75538, 97887
2026/07/08 17:28:26.108, 0, 0, 48704, 97887
2026/07/08 17:28:26.120, 1, 0, 48104, 97887
2026/07/08 17:28:26.128, 2, 0, 48104, 97887
2026/07/08 17:28:26.143, 3, 0, 48104, 97887
2026/07/08 17:28:26.160, 4, 85, 75470, 97887
2026/07/08 17:28:26.171, 5, 23, 75470, 97887
2026/07/08 17:28:26.183, 6, 40, 75538, 97887
2026/07/08 17:28:26.194, 7, 84, 75538, 97887
2026/07/08 17:28:27.205, 0, 0, 48704, 97887
2026/07/08 17:28:27.217, 1, 0, 48104, 97887
2026/07/08 17:28:27.228, 2, 0, 48104, 97887
2026/07/08 17:28:27.237, 3, 0, 48104, 97887
2026/07/08 17:28:27.250, 4, 95, 75470, 97887
2026/07/08 17:28:27.259, 5, 23, 75470, 97887
2026/07/08 17:28:27.276, 6, 38, 75538, 97887
2026/07/08 17:28:27.289, 7, 91, 75538, 97887
2026/07/08 17:28:28.300, 0, 0, 48704, 97887
2026/07/08 17:28:28.316, 1, 0, 48104, 97887
2026/07/08 17:28:28.331, 2, 0, 48104, 97887
2026/07/08 17:28:28.345, 3, 0, 48104, 97887
2026/07/08 17:28:28.360, 4, 47, 75470, 97887
2026/07/08 17:28:28.375, 5, 24, 75470, 97887
2026/07/08 17:28:28.390, 6, 47, 75538, 97887
2026/07/08 17:28:28.409, 7, 87, 75538, 97887
2026/07/08 17:28:29.428, 0, 0, 48704, 97887
2026/07/08 17:28:29.456, 1, 0, 48104, 97887
2026/07/08 17:28:29.481, 2, 0, 48104, 97887
2026/07/08 17:28:29.498, 3, 0, 48104, 97887
2026/07/08 17:28:29.513, 4, 73, 75470, 97887
2026/07/08 17:28:29.531, 5, 24, 75470, 97887
2026/07/08 17:28:29.548, 6, 46, 75538, 97887
2026/07/08 17:28:29.563, 7, 86, 75538, 97887
2026/07/08 17:28:30.579, 0, 0, 48704, 97887
2026/07/08 17:28:30.591, 1, 0, 48104, 97887
2026/07/08 17:28:30.604, 2, 0, 48104, 97887
2026/07/08 17:28:30.619, 3, 0, 48104, 97887
2026/07/08 17:28:30.632, 4, 94, 75470, 97887
2026/07/08 17:28:30.643, 5, 22, 75470, 97887
2026/07/08 17:28:30.655, 6, 34, 75538, 97887
2026/07/08 17:28:30.665, 7, 67, 75538, 97887
2026/07/08 17:28:31.676, 0, 0, 48704, 97887
2026/07/08 17:28:31.692, 1, 0, 48104, 97887
2026/07/08 17:28:31.707, 2, 0, 48104, 97887
2026/07/08 17:28:31.723, 3, 0, 48104, 97887
2026/07/08 17:28:31.737, 4, 92, 75470, 97887
2026/07/08 17:28:31.749, 5, 24, 75470, 97887
2026/07/08 17:28:31.759, 6, 33, 75538, 97887
2026/07/08 17:28:31.768, 7, 94, 75538, 97887
2026/07/08 17:28:32.781, 0, 0, 48704, 97887
2026/07/08 17:28:32.798, 1, 0, 48104, 97887
2026/07/08 17:28:32.811, 2, 0, 48104, 97887
2026/07/08 17:28:32.824, 3, 0, 48104, 97887
2026/07/08 17:28:32.837, 4, 95, 75470, 97887
2026/07/08 17:28:32.845, 5, 19, 75470, 97887
2026/07/08 17:28:32.855, 6, 38, 75538, 97887
2026/07/08 17:28:32.870, 7, 93, 75538, 97887
2026/07/08 17:28:33.881, 0, 0, 48704, 97887
2026/07/08 17:28:33.897, 1, 0, 48104, 97887
2026/07/08 17:28:33.909, 2, 0, 48104, 97887
2026/07/08 17:28:33.927, 3, 0, 48104, 97887
2026/07/08 17:28:33.941, 4, 80, 75470, 97887
2026/07/08 17:28:33.953, 5, 53, 75470, 97887
2026/07/08 17:28:33.965, 6, 86, 75538, 97887
2026/07/08 17:28:33.975, 7, 26, 75538, 97887
2026/07/08 17:28:34.987, 0, 0, 48704, 97887
2026/07/08 17:28:34.999, 1, 0, 48104, 97887
2026/07/08 17:28:35.008, 2, 0, 48104, 97887
2026/07/08 17:28:35.023, 3, 0, 48104, 97887
2026/07/08 17:28:35.037, 4, 46, 75470, 97887
2026/07/08 17:28:35.050, 5, 34, 75470, 97887
2026/07/08 17:28:35.065, 6, 90, 75538, 97887
2026/07/08 17:28:35.082, 7, 33, 75538, 97887
2026/07/08 17:28:36.098, 0, 0, 48704, 97887
2026/07/08 17:28:36.110, 1, 0, 48104, 97887
2026/07/08 17:28:36.126, 2, 0, 48104, 97887
2026/07/08 17:28:36.139, 3, 0, 48104, 97887
2026/07/08 17:28:36.151, 4, 90, 75470, 97887
2026/07/08 17:28:36.162, 5, 80, 75470, 97887
2026/07/08 17:28:36.172, 6, 90, 75538, 97887
2026/07/08 17:28:36.184, 7, 40, 75538, 97887
2026/07/08 17:28:37.196, 0, 0, 48704, 97887
2026/07/08 17:28:37.204, 1, 0, 48104, 97887
2026/07/08 17:28:37.212, 2, 0, 48104, 97887
2026/07/08 17:28:37.222, 3, 0, 48104, 97887
2026/07/08 17:28:37.232, 4, 47, 75470, 97887
2026/07/08 17:28:37.244, 5, 48, 75470, 97887
2026/07/08 17:28:37.252, 6, 86, 75538, 97887
2026/07/08 17:28:37.262, 7, 36, 75538, 97887
2026/07/08 17:28:38.275, 0, 0, 48704, 97887
2026/07/08 17:28:38.291, 1, 0, 48104, 97887
2026/07/08 17:28:38.305, 2, 0, 48104, 97887
2026/07/08 17:28:38.317, 3, 0, 48104, 97887
2026/07/08 17:28:38.334, 4, 29, 75470, 97887
2026/07/08 17:28:38.355, 5, 27, 75470, 97887
2026/07/08 17:28:38.365, 6, 94, 75538, 97887
2026/07/08 17:28:38.375, 7, 34, 75538, 97887
2026/07/08 17:28:39.387, 0, 0, 48704, 97887
2026/07/08 17:28:39.402, 1, 0, 48104, 97887
2026/07/08 17:28:39.416, 2, 0, 48104, 97887
2026/07/08 17:28:39.432, 3, 0, 48104, 97887
2026/07/08 17:28:39.444, 4, 51, 75470, 97887
2026/07/08 17:28:39.457, 5, 32, 75470, 97887
2026/07/08 17:28:39.472, 6, 94, 75538, 97887
2026/07/08 17:28:39.490, 7, 34, 75538, 97887
2026/07/08 17:28:40.505, 0, 0, 48704, 97887
2026/07/08 17:28:40.521, 1, 0, 48104, 97887
2026/07/08 17:28:40.537, 2, 0, 48104, 97887
2026/07/08 17:28:40.549, 3, 0, 48104, 97887
2026/07/08 17:28:40.564, 4, 95, 75470, 97887
2026/07/08 17:28:40.578, 5, 23, 75470, 97887
2026/07/08 17:28:40.593, 6, 64, 75538, 97887
2026/07/08 17:28:40.611, 7, 60, 75538, 97887
2026/07/08 17:28:41.628, 0, 0, 48704, 97887
2026/07/08 17:28:41.645, 1, 0, 48104, 97887
2026/07/08 17:28:41.658, 2, 0, 48104, 97887
2026/07/08 17:28:41.668, 3, 0, 48104, 97887
2026/07/08 17:28:41.681, 4, 94, 75470, 97887
2026/07/08 17:28:41.695, 5, 46, 75470, 97887
2026/07/08 17:28:41.708, 6, 50, 75540, 97887
2026/07/08 17:28:41.722, 7, 21, 75538, 97887
2026/07/08 17:28:42.734, 0, 0, 48704, 97887
2026/07/08 17:28:42.747, 1, 0, 48104, 97887
2026/07/08 17:28:42.762, 2, 0, 48104, 97887
2026/07/08 17:28:42.771, 3, 0, 48104, 97887
2026/07/08 17:28:42.784, 4, 94, 75470, 97887
2026/07/08 17:28:42.800, 5, 23, 75470, 97887
2026/07/08 17:28:42.815, 6, 80, 75540, 97887
2026/07/08 17:28:42.830, 7, 29, 75538, 97887
2026/07/08 17:28:43.845, 0, 0, 48704, 97887
2026/07/08 17:28:43.863, 1, 0, 48104, 97887
2026/07/08 17:28:43.879, 2, 0, 48104, 97887
2026/07/08 17:28:43.892, 3, 0, 48104, 97887
2026/07/08 17:28:43.908, 4, 28, 75470, 97887
2026/07/08 17:28:43.923, 5, 96, 75470, 97887
2026/07/08 17:28:43.936, 6, 89, 75540, 97887
2026/07/08 17:28:43.951, 7, 25, 75538, 97887
2026/07/08 17:28:44.964, 0, 0, 48704, 97887
2026/07/08 17:28:44.984, 1, 0, 48104, 97887
2026/07/08 17:28:44.996, 2, 0, 48104, 97887
2026/07/08 17:28:45.010, 3, 0, 48104, 97887
2026/07/08 17:28:45.022, 4, 55, 75470, 97887
2026/07/08 17:28:45.036, 5, 70, 75470, 97887
2026/07/08 17:28:45.050, 6, 63, 75540, 97887
2026/07/08 17:28:45.063, 7, 45, 75538, 97887
2026/07/08 17:28:46.078, 0, 0, 48704, 97887
2026/07/08 17:28:46.093, 1, 0, 48104, 97887
2026/07/08 17:28:46.105, 2, 0, 48104, 97887
2026/07/08 17:28:46.118, 3, 0, 48104, 97887
2026/07/08 17:28:46.132, 4, 100, 75470, 97887
2026/07/08 17:28:46.142, 5, 100, 75470, 97887
2026/07/08 17:28:46.155, 6, 73, 75540, 97887
2026/07/08 17:28:46.167, 7, 49, 75538, 97887
2026/07/08 17:28:47.179, 0, 0, 48704, 97887
2026/07/08 17:28:47.192, 1, 0, 48104, 97887
2026/07/08 17:28:47.203, 2, 0, 48104, 97887
2026/07/08 17:28:47.217, 3, 0, 48104, 97887
2026/07/08 17:28:47.230, 4, 100, 75470, 97887
2026/07/08 17:28:47.243, 5, 85, 75470, 97887
2026/07/08 17:28:47.254, 6, 72, 75540, 97887
2026/07/08 17:28:47.263, 7, 47, 75538, 97887
2026/07/08 17:28:48.275, 0, 0, 48704, 97887
2026/07/08 17:28:48.292, 1, 0, 48104, 97887
2026/07/08 17:28:48.308, 2, 0, 48104, 97887
2026/07/08 17:28:48.323, 3, 0, 48104, 97887
2026/07/08 17:28:48.339, 4, 19, 75470, 97887
2026/07/08 17:28:48.357, 5, 45, 75470, 97887
2026/07/08 17:28:48.372, 6, 94, 75540, 97887
2026/07/08 17:28:48.391, 7, 26, 75538, 97887
2026/07/08 17:28:49.409, 0, 0, 48704, 97887
2026/07/08 17:28:49.425, 1, 0, 48104, 97887
2026/07/08 17:28:49.440, 2, 0, 48104, 97887
2026/07/08 17:28:49.458, 3, 0, 48104, 97887
2026/07/08 17:28:49.476, 4, 95, 75486, 97887
2026/07/08 17:28:49.491, 5, 42, 75486, 97887
2026/07/08 17:28:49.507, 6, 91, 75540, 97887
2026/07/08 17:28:49.522, 7, 33, 75538, 97887
2026/07/08 17:28:50.536, 0, 0, 48704, 97887
2026/07/08 17:28:50.552, 1, 0, 48104, 97887
2026/07/08 17:28:50.570, 2, 0, 48104, 97887
2026/07/08 17:28:50.585, 3, 0, 48104, 97887
2026/07/08 17:28:50.601, 4, 53, 75526, 97887
2026/07/08 17:28:50.617, 5, 38, 75526, 97887
2026/07/08 17:28:50.632, 6, 87, 75540, 97887
2026/07/08 17:28:50.648, 7, 28, 75538, 97887
2026/07/08 17:28:51.661, 0, 0, 48704, 97887
2026/07/08 17:28:51.681, 1, 0, 48104, 97887
2026/07/08 17:28:51.700, 2, 0, 48104, 97887
2026/07/08 17:28:51.718, 3, 0, 48104, 97887
2026/07/08 17:28:51.736, 4, 26, 75526, 97887
2026/07/08 17:28:51.755, 5, 90, 75526, 97887
2026/07/08 17:28:51.772, 6, 78, 75540, 97887
2026/07/08 17:28:51.788, 7, 28, 75538, 97887
2026/07/08 17:28:52.801, 0, 0, 48704, 97887
2026/07/08 17:28:52.818, 1, 0, 48104, 97887
2026/07/08 17:28:52.834, 2, 0, 48104, 97887
2026/07/08 17:28:52.850, 3, 0, 48104, 97887
2026/07/08 17:28:52.864, 4, 36, 75526, 97887
2026/07/08 17:28:52.878, 5, 94, 75526, 97887
2026/07/08 17:28:52.889, 6, 81, 75540, 97887
2026/07/08 17:28:52.902, 7, 27, 75538, 97887
2026/07/08 17:28:53.918, 0, 0, 48704, 97887
2026/07/08 17:28:53.931, 1, 0, 48104, 97887
2026/07/08 17:28:53.942, 2, 0, 48104, 97887
2026/07/08 17:28:53.955, 3, 0, 48104, 97887
2026/07/08 17:28:53.969, 4, 64, 75526, 97887
2026/07/08 17:28:53.980, 5, 94, 75526, 97887
2026/07/08 17:28:53.994, 6, 72, 75540, 97887
2026/07/08 17:28:54.010, 7, 27, 75538, 97887
2026/07/08 17:28:55.024, 0, 0, 48704, 97887
2026/07/08 17:28:55.037, 1, 0, 48104, 97887
2026/07/08 17:28:55.053, 2, 0, 48104, 97887
2026/07/08 17:28:55.067, 3, 0, 48104, 97887
2026/07/08 17:28:55.080, 4, 76, 75526, 97887
2026/07/08 17:28:55.094, 5, 73, 75526, 97887
2026/07/08 17:28:55.109, 6, 67, 75540, 97887
2026/07/08 17:28:55.126, 7, 40, 75538, 97887
2026/07/08 17:28:56.138, 0, 0, 48704, 97887
2026/07/08 17:28:56.154, 1, 0, 48104, 97887
2026/07/08 17:28:56.166, 2, 0, 48104, 97887
2026/07/08 17:28:56.179, 3, 0, 48104, 97887
2026/07/08 17:28:56.191, 4, 94, 75526, 97887
2026/07/08 17:28:56.206, 5, 28, 75526, 97887
2026/07/08 17:28:56.220, 6, 100, 75540, 97887
2026/07/08 17:28:56.233, 7, 100, 75538, 97887
2026/07/08 17:28:57.248, 0, 0, 48704, 97887
2026/07/08 17:28:57.262, 1, 0, 48104, 97887
2026/07/08 17:28:57.273, 2, 0, 48104, 97887
2026/07/08 17:28:57.284, 3, 0, 48104, 97887
2026/07/08 17:28:57.297, 4, 50, 75526, 97887
2026/07/08 17:28:57.311, 5, 77, 75526, 97887
2026/07/08 17:28:57.323, 6, 87, 75540, 97887
2026/07/08 17:28:57.336, 7, 86, 75538, 97887
2026/07/08 17:28:58.349, 0, 0, 48704, 97887
2026/07/08 17:28:58.369, 1, 0, 48104, 97887
2026/07/08 17:28:58.386, 2, 0, 48104, 97887
2026/07/08 17:28:58.400, 3, 0, 48104, 97887
2026/07/08 17:28:58.412, 4, 94, 75526, 97887
2026/07/08 17:28:58.426, 5, 26, 75526, 97887
2026/07/08 17:28:58.440, 6, 86, 75540, 97887
2026/07/08 17:28:58.454, 7, 33, 75538, 97887
2026/07/08 17:28:59.467, 0, 0, 48704, 97887
2026/07/08 17:28:59.484, 1, 0, 48104, 97887
2026/07/08 17:28:59.501, 2, 0, 48104, 97887
2026/07/08 17:28:59.520, 3, 0, 48104, 97887
2026/07/08 17:28:59.538, 4, 94, 75526, 97887
2026/07/08 17:28:59.554, 5, 27, 75526, 97887
2026/07/08 17:28:59.567, 6, 78, 75540, 97887
2026/07/08 17:28:59.582, 7, 39, 75540, 97887
2026/07/08 17:29:00.598, 0, 0, 48704, 97887
2026/07/08 17:29:00.616, 1, 0, 48104, 97887
2026/07/08 17:29:00.631, 2, 0, 48104, 97887
2026/07/08 17:29:00.647, 3, 0, 48104, 97887
2026/07/08 17:29:00.660, 4, 95, 75526, 97887
2026/07/08 17:29:00.677, 5, 27, 75526, 97887
2026/07/08 17:29:00.694, 6, 70, 75540, 97887
2026/07/08 17:29:00.711, 7, 38, 75540, 97887
2026/07/08 17:29:01.729, 0, 0, 48704, 97887
2026/07/08 17:29:01.748, 1, 0, 48104, 97887
2026/07/08 17:29:01.765, 2, 0, 48104, 97887
2026/07/08 17:29:01.783, 3, 0, 48104, 97887
2026/07/08 17:29:01.800, 4, 95, 75526, 97887
2026/07/08 17:29:01.818, 5, 27, 75526, 97887
2026/07/08 17:29:01.833, 6, 36, 75540, 97887
2026/07/08 17:29:01.851, 7, 88, 75540, 97887
2026/07/08 17:29:02.866, 0, 0, 48704, 97887
2026/07/08 17:29:02.880, 1, 0, 48104, 97887
2026/07/08 17:29:02.890, 2, 0, 48104, 97887
2026/07/08 17:29:02.902, 3, 0, 48104, 97887
2026/07/08 17:29:02.914, 4, 93, 75526, 97887
2026/07/08 17:29:02.928, 5, 27, 75526, 97887
2026/07/08 17:29:02.940, 6, 44, 75540, 97887
2026/07/08 17:29:02.960, 7, 90, 75540, 97887
2026/07/08 17:29:03.975, 0, 0, 48704, 97887
2026/07/08 17:29:03.997, 1, 0, 48104, 97887
2026/07/08 17:29:04.012, 2, 0, 48104, 97887
2026/07/08 17:29:04.027, 3, 0, 48104, 97887
2026/07/08 17:29:04.039, 4, 94, 75526, 97887
2026/07/08 17:29:04.051, 5, 27, 75526, 97887
2026/07/08 17:29:04.059, 6, 67, 75540, 97887
2026/07/08 17:29:04.067, 7, 33, 75540, 97887
2026/07/08 17:29:05.075, 0, 0, 48704, 97887
2026/07/08 17:29:05.085, 1, 0, 48104, 97887
2026/07/08 17:29:05.094, 2, 0, 48104, 97887
2026/07/08 17:29:05.109, 3, 0, 48104, 97887
2026/07/08 17:29:05.124, 4, 94, 75526, 97887
2026/07/08 17:29:05.138, 5, 27, 75526, 97887
2026/07/08 17:29:05.151, 6, 48, 75540, 97887
2026/07/08 17:29:05.164, 7, 31, 75540, 97887
2026/07/08 17:29:06.178, 0, 0, 48704, 97887
2026/07/08 17:29:06.192, 1, 0, 48104, 97887
2026/07/08 17:29:06.203, 2, 0, 48104, 97887
2026/07/08 17:29:06.212, 3, 0, 48104, 97887
2026/07/08 17:29:06.225, 4, 95, 75526, 97887
2026/07/08 17:29:06.237, 5, 28, 75526, 97887
2026/07/08 17:29:06.253, 6, 32, 75540, 97887
2026/07/08 17:29:06.269, 7, 78, 75540, 97887
2026/07/08 17:29:07.284, 0, 0, 48704, 97887
2026/07/08 17:29:07.297, 1, 0, 48104, 97887
2026/07/08 17:29:07.311, 2, 0, 48104, 97887
2026/07/08 17:29:07.327, 3, 0, 48104, 97887
2026/07/08 17:29:07.343, 4, 95, 75526, 97887
2026/07/08 17:29:07.361, 5, 28, 75526, 97887
2026/07/08 17:29:07.378, 6, 64, 75540, 97887
2026/07/08 17:29:07.392, 7, 41, 75540, 97887
2026/07/08 17:29:08.406, 0, 0, 48704, 97887
2026/07/08 17:29:08.423, 1, 0, 48104, 97887
2026/07/08 17:29:08.439, 2, 0, 48104, 97887
2026/07/08 17:29:08.457, 3, 0, 48104, 97887
2026/07/08 17:29:08.474, 4, 48, 75526, 97887
2026/07/08 17:29:08.491, 5, 52, 75526, 97887
2026/07/08 17:29:08.509, 6, 57, 75540, 97887
2026/07/08 17:29:08.526, 7, 63, 75540, 97887
2026/07/08 17:29:09.545, 0, 0, 48704, 97887
2026/07/08 17:29:09.564, 1, 0, 48104, 97887
2026/07/08 17:29:09.582, 2, 0, 48104, 97887
2026/07/08 17:29:09.599, 3, 0, 48104, 97887
2026/07/08 17:29:09.616, 4, 95, 75526, 97887
2026/07/08 17:29:09.630, 5, 29, 75526, 97887
2026/07/08 17:29:09.646, 6, 37, 75540, 97887
2026/07/08 17:29:09.662, 7, 64, 75540, 97887
2026/07/08 17:29:10.683, 0, 0, 48704, 97887
2026/07/08 17:29:10.701, 1, 0, 48104, 97887
2026/07/08 17:29:10.718, 2, 0, 48104, 97887
2026/07/08 17:29:10.735, 3, 0, 48104, 97887
2026/07/08 17:29:10.752, 4, 84, 75526, 97887
2026/07/08 17:29:10.768, 5, 26, 75526, 97887
2026/07/08 17:29:10.784, 6, 41, 75540, 97887
2026/07/08 17:29:10.801, 7, 88, 75540, 97887
2026/07/08 17:29:11.816, 0, 0, 48704, 97887
2026/07/08 17:29:11.828, 1, 0, 48104, 97887
2026/07/08 17:29:11.841, 2, 0, 48104, 97887
2026/07/08 17:29:11.858, 3, 0, 48104, 97887
2026/07/08 17:29:11.871, 4, 94, 75526, 97887
2026/07/08 17:29:11.885, 5, 28, 75526, 97887
2026/07/08 17:29:11.900, 6, 57, 75540, 97887
2026/07/08 17:29:11.912, 7, 76, 75540, 97887
2026/07/08 17:29:12.925, 0, 0, 48704, 97887
2026/07/08 17:29:12.942, 1, 0, 48104, 97887
2026/07/08 17:29:12.960, 2, 0, 48104, 97887
2026/07/08 17:29:12.974, 3, 0, 48104, 97887
2026/07/08 17:29:12.989, 4, 95, 75526, 97887
2026/07/08 17:29:13.003, 5, 26, 75526, 97887
2026/07/08 17:29:13.019, 6, 57, 75540, 97887
2026/07/08 17:29:13.034, 7, 53, 75540, 97887
2026/07/08 17:29:14.049, 0, 0, 48704, 97887
2026/07/08 17:29:14.065, 1, 0, 48104, 97887
2026/07/08 17:29:14.080, 2, 0, 48104, 97887
2026/07/08 17:29:14.095, 3, 0, 48104, 97887
2026/07/08 17:29:14.107, 4, 89, 75526, 97887
2026/07/08 17:29:14.121, 5, 27, 75526, 97887
2026/07/08 17:29:14.132, 6, 33, 75540, 97887
2026/07/08 17:29:14.143, 7, 73, 75540, 97887
2026/07/08 17:29:15.160, 0, 0, 48704, 97887
2026/07/08 17:29:15.174, 1, 0, 48104, 97887
2026/07/08 17:29:15.186, 2, 0, 48104, 97887
2026/07/08 17:29:15.197, 3, 0, 48104, 97887
2026/07/08 17:29:15.213, 4, 94, 75526, 97887
2026/07/08 17:29:15.227, 5, 28, 75526, 97887
2026/07/08 17:29:15.243, 6, 88, 75540, 97887
2026/07/08 17:29:15.258, 7, 32, 75540, 97887
2026/07/08 17:29:16.271, 0, 0, 48704, 97887
2026/07/08 17:29:16.288, 1, 0, 48104, 97887
2026/07/08 17:29:16.301, 2, 0, 48104, 97887
2026/07/08 17:29:16.313, 3, 0, 48104, 97887
2026/07/08 17:29:16.328, 4, 94, 75526, 97887
2026/07/08 17:29:16.339, 5, 28, 75526, 97887
2026/07/08 17:29:16.351, 6, 94, 75540, 97887
2026/07/08 17:29:16.364, 7, 33, 75540, 97887
2026/07/08 17:29:17.376, 0, 0, 48704, 97887
2026/07/08 17:29:17.398, 1, 0, 48104, 97887
2026/07/08 17:29:17.415, 2, 0, 48104, 97887
2026/07/08 17:29:17.432, 3, 0, 48104, 97887
2026/07/08 17:29:17.447, 4, 83, 75526, 97887
2026/07/08 17:29:17.466, 5, 26, 75526, 97887
2026/07/08 17:29:17.485, 6, 91, 75540, 97887
2026/07/08 17:29:17.500, 7, 63, 75540, 97887
2026/07/08 17:29:18.516, 0, 0, 48704, 97887
2026/07/08 17:29:18.530, 1, 0, 48104, 97887
2026/07/08 17:29:18.544, 2, 0, 48104, 97887
2026/07/08 17:29:18.558, 3, 0, 48104, 97887
2026/07/08 17:29:18.572, 4, 94, 75526, 97887
2026/07/08 17:29:18.588, 5, 27, 75526, 97887
2026/07/08 17:29:18.604, 6, 93, 75540, 97887
2026/07/08 17:29:18.619, 7, 37, 75540, 97887
2026/07/08 17:29:19.637, 0, 0, 48704, 97887
2026/07/08 17:29:19.653, 1, 0, 48104, 97887
2026/07/08 17:29:19.669, 2, 0, 48104, 97887
2026/07/08 17:29:19.685, 3, 0, 48104, 97887
2026/07/08 17:29:19.702, 4, 93, 75526, 97887
2026/07/08 17:29:19.719, 5, 27, 75526, 97887
2026/07/08 17:29:19.735, 6, 91, 75540, 97887
2026/07/08 17:29:19.749, 7, 27, 75540, 97887
2026/07/08 17:29:20.764, 0, 0, 48704, 97887
2026/07/08 17:29:20.777, 1, 0, 48104, 97887
2026/07/08 17:29:20.790, 2, 0, 48104, 97887
2026/07/08 17:29:20.803, 3, 0, 48104, 97887
2026/07/08 17:29:20.814, 4, 94, 75526, 97887
2026/07/08 17:29:20.831, 5, 28, 75526, 97887
2026/07/08 17:29:20.848, 6, 93, 75540, 97887
2026/07/08 17:29:20.868, 7, 33, 75540, 97887
2026/07/08 17:29:21.886, 0, 0, 48704, 97887
2026/07/08 17:29:21.902, 1, 0, 48104, 97887
2026/07/08 17:29:21.918, 2, 0, 48104, 97887
2026/07/08 17:29:21.937, 3, 0, 48104, 97887
2026/07/08 17:29:21.953, 4, 94, 75526, 97887
2026/07/08 17:29:21.966, 5, 40, 75526, 97887
2026/07/08 17:29:21.981, 6, 94, 75540, 97887
2026/07/08 17:29:21.996, 7, 37, 75540, 97887
2026/07/08 17:29:23.016, 0, 0, 48704, 97887
2026/07/08 17:29:23.032, 1, 0, 48104, 97887
2026/07/08 17:29:23.046, 2, 0, 48104, 97887
2026/07/08 17:29:23.063, 3, 0, 48104, 97887
2026/07/08 17:29:23.079, 4, 95, 75526, 97887
2026/07/08 17:29:23.092, 5, 28, 75526, 97887
2026/07/08 17:29:23.107, 6, 48, 75540, 97887
2026/07/08 17:29:23.124, 7, 58, 75540, 97887
2026/07/08 17:29:24.141, 0, 0, 48704, 97887
2026/07/08 17:29:24.158, 1, 0, 48104, 97887
2026/07/08 17:29:24.177, 2, 0, 48104, 97887
2026/07/08 17:29:24.195, 3, 0, 48104, 97887
2026/07/08 17:29:24.211, 4, 94, 75526, 97887
2026/07/08 17:29:24.229, 5, 54, 75526, 97887
2026/07/08 17:29:24.241, 6, 90, 75540, 97887
2026/07/08 17:29:24.253, 7, 35, 75540, 97887
2026/07/08 17:29:25.269, 0, 0, 48704, 97887
2026/07/08 17:29:25.285, 1, 0, 48104, 97887
2026/07/08 17:29:25.303, 2, 0, 48104, 97887
2026/07/08 17:29:25.318, 3, 0, 48104, 97887
2026/07/08 17:29:25.336, 4, 90, 75526, 97887
2026/07/08 17:29:25.353, 5, 29, 75526, 97887
2026/07/08 17:29:25.367, 6, 39, 75540, 97887
2026/07/08 17:29:25.381, 7, 34, 75540, 97887
2026/07/08 17:29:26.398, 0, 0, 48704, 97887
2026/07/08 17:29:26.411, 1, 0, 48104, 97887
2026/07/08 17:29:26.425, 2, 0, 48104, 97887
2026/07/08 17:29:26.437, 3, 0, 48104, 97887
2026/07/08 17:29:26.450, 4, 64, 75526, 97887
2026/07/08 17:29:26.462, 5, 95, 75526, 97887
2026/07/08 17:29:26.474, 6, 52, 75540, 97887
2026/07/08 17:29:26.488, 7, 31, 75540, 97887
2026/07/08 17:29:27.499, 0, 0, 48704, 97887
2026/07/08 17:29:27.517, 1, 0, 48104, 97887
2026/07/08 17:29:27.531, 2, 0, 48104, 97887
2026/07/08 17:29:27.544, 3, 0, 48104, 97887
2026/07/08 17:29:27.558, 4, 54, 75526, 97887
2026/07/08 17:29:27.569, 5, 30, 75526, 97887
2026/07/08 17:29:27.580, 6, 52, 75540, 97887
2026/07/08 17:29:27.594, 7, 85, 75540, 97887
2026/07/08 17:29:28.611, 0, 0, 48704, 97887
2026/07/08 17:29:28.629, 1, 0, 48104, 97887
2026/07/08 17:29:28.643, 2, 0, 48104, 97887
2026/07/08 17:29:28.657, 3, 0, 48104, 97887
2026/07/08 17:29:28.672, 4, 78, 75526, 97887
2026/07/08 17:29:28.689, 5, 20, 75526, 97887
2026/07/08 17:29:28.705, 6, 86, 75540, 97887
2026/07/08 17:29:28.719, 7, 30, 75540, 97887
2026/07/08 17:29:29.732, 0, 0, 48704, 97887
2026/07/08 17:29:29.749, 1, 0, 48104, 97887
2026/07/08 17:29:29.766, 2, 0, 48104, 97887
2026/07/08 17:29:29.782, 3, 0, 48104, 97887
2026/07/08 17:29:29.797, 4, 40, 75526, 97887
2026/07/08 17:29:29.813, 5, 27, 75526, 97887
2026/07/08 17:29:29.829, 6, 77, 75540, 97887
2026/07/08 17:29:29.844, 7, 54, 75540, 97887
2026/07/08 17:29:30.859, 0, 0, 48704, 97887
2026/07/08 17:29:30.874, 1, 0, 48104, 97887
2026/07/08 17:29:30.889, 2, 0, 48104, 97887
2026/07/08 17:29:30.906, 3, 0, 48104, 97887
2026/07/08 17:29:30.920, 4, 90, 75526, 97887
2026/07/08 17:29:30.934, 5, 51, 75526, 97887
2026/07/08 17:29:30.948, 6, 78, 75540, 97887
2026/07/08 17:29:30.963, 7, 62, 75540, 97887
2026/07/08 17:29:31.982, 0, 0, 48704, 97887
2026/07/08 17:29:31.994, 1, 0, 48104, 97887
2026/07/08 17:29:32.009, 2, 0, 48104, 97887
2026/07/08 17:29:32.028, 3, 0, 48104, 97887
2026/07/08 17:29:32.041, 4, 87, 75526, 97887
2026/07/08 17:29:32.058, 5, 31, 75526, 97887
2026/07/08 17:29:32.074, 6, 81, 75540, 97887
2026/07/08 17:29:32.089, 7, 31, 75540, 97887
2026/07/08 17:29:33.104, 0, 0, 48704, 97887
2026/07/08 17:29:33.122, 1, 0, 48104, 97887
2026/07/08 17:29:33.141, 2, 0, 48104, 97887
2026/07/08 17:29:33.159, 3, 0, 48104, 97887
2026/07/08 17:29:33.179, 4, 95, 75526, 97887
2026/07/08 17:29:33.198, 5, 30, 75526, 97887
2026/07/08 17:29:33.213, 6, 90, 75540, 97887
2026/07/08 17:29:33.227, 7, 36, 75540, 97887
2026/07/08 17:29:34.242, 0, 0, 48704, 97887
2026/07/08 17:29:34.260, 1, 0, 48104, 97887
2026/07/08 17:29:34.276, 2, 0, 48104, 97887
2026/07/08 17:29:34.294, 3, 0, 48104, 97887
2026/07/08 17:29:34.307, 4, 48, 75526, 97887
2026/07/08 17:29:34.320, 5, 61, 75526, 97887
2026/07/08 17:29:34.333, 6, 95, 75540, 97887
2026/07/08 17:29:34.346, 7, 39, 75540, 97887
2026/07/08 17:29:35.358, 0, 0, 48704, 97887
2026/07/08 17:29:35.378, 1, 0, 48104, 97887
2026/07/08 17:29:35.398, 2, 0, 48104, 97887
2026/07/08 17:29:35.415, 3, 0, 48104, 97887
2026/07/08 17:29:35.432, 4, 95, 75526, 97887
2026/07/08 17:29:35.449, 5, 28, 75526, 97887
2026/07/08 17:29:35.466, 6, 96, 75540, 97887
2026/07/08 17:29:35.484, 7, 34, 75540, 97887
2026/07/08 17:29:36.500, 0, 0, 48704, 97887
2026/07/08 17:29:36.518, 1, 0, 48104, 97887
2026/07/08 17:29:36.532, 2, 0, 48104, 97887
2026/07/08 17:29:36.542, 3, 0, 48104, 97887
2026/07/08 17:29:36.557, 4, 86, 75526, 97887
2026/07/08 17:29:36.571, 5, 48, 75526, 97887
2026/07/08 17:29:36.587, 6, 95, 75540, 97887
2026/07/08 17:29:36.602, 7, 38, 75540, 97887
2026/07/08 17:29:37.617, 0, 0, 48704, 97887
2026/07/08 17:29:37.628, 1, 0, 48104, 97887
2026/07/08 17:29:37.638, 2, 0, 48104, 97887
2026/07/08 17:29:37.651, 3, 0, 48104, 97887
2026/07/08 17:29:37.667, 4, 94, 75526, 97887
2026/07/08 17:29:37.683, 5, 27, 75528, 97887
2026/07/08 17:29:37.698, 6, 96, 75540, 97887
2026/07/08 17:29:37.713, 7, 43, 75540, 97887
2026/07/08 17:29:38.730, 0, 0, 48704, 97887
2026/07/08 17:29:38.745, 1, 0, 48104, 97887
2026/07/08 17:29:38.760, 2, 0, 48104, 97887
2026/07/08 17:29:38.775, 3, 0, 48104, 97887
2026/07/08 17:29:38.790, 4, 87, 75526, 97887
2026/07/08 17:29:38.808, 5, 45, 75528, 97887
2026/07/08 17:29:38.823, 6, 91, 75540, 97887
2026/07/08 17:29:38.836, 7, 32, 75540, 97887
2026/07/08 17:29:39.861, 0, 0, 48704, 97887
2026/07/08 17:29:39.875, 1, 0, 48104, 97887
2026/07/08 17:29:39.891, 2, 0, 48104, 97887
2026/07/08 17:29:39.905, 3, 0, 48104, 97887
2026/07/08 17:29:39.920, 4, 33, 75526, 97887
2026/07/08 17:29:39.940, 5, 93, 75528, 97887
2026/07/08 17:29:39.962, 6, 90, 75540, 97887
2026/07/08 17:29:39.985, 7, 42, 75540, 97887
2026/07/08 17:29:41.008, 0, 0, 48704, 97887
2026/07/08 17:29:41.022, 1, 0, 48104, 97887
2026/07/08 17:29:41.036, 2, 0, 48104, 97887
2026/07/08 17:29:41.052, 3, 0, 48104, 97887
2026/07/08 17:29:41.069, 4, 89, 75526, 97887
2026/07/08 17:29:41.085, 5, 28, 75528, 97887
2026/07/08 17:29:41.101, 6, 85, 75540, 97887
2026/07/08 17:29:41.116, 7, 30, 75540, 97887
2026/07/08 17:29:42.132, 0, 0, 48704, 97887
2026/07/08 17:29:42.151, 1, 0, 48104, 97887
2026/07/08 17:29:42.169, 2, 0, 48104, 97887
2026/07/08 17:29:42.185, 3, 0, 48104, 97887
2026/07/08 17:29:42.199, 4, 94, 75526, 97887
2026/07/08 17:29:42.213, 5, 27, 75528, 97887
2026/07/08 17:29:42.228, 6, 94, 75540, 97887
2026/07/08 17:29:42.242, 7, 92, 75540, 97887
2026/07/08 17:29:43.254, 0, 0, 48704, 97887
2026/07/08 17:29:43.272, 1, 0, 48104, 97887
2026/07/08 17:29:43.289, 2, 0, 48104, 97887
2026/07/08 17:29:43.306, 3, 0, 48104, 97887
2026/07/08 17:29:43.318, 4, 94, 75526, 97887
2026/07/08 17:29:43.329, 5, 28, 75528, 97887
2026/07/08 17:29:43.342, 6, 79, 75540, 97887
2026/07/08 17:29:43.355, 7, 38, 75540, 97887
2026/07/08 17:29:44.370, 0, 0, 48704, 97887
2026/07/08 17:29:44.395, 1, 0, 48104, 97887
2026/07/08 17:29:44.415, 2, 0, 48104, 97887
2026/07/08 17:29:44.434, 3, 0, 48104, 97887
2026/07/08 17:29:44.454, 4, 57, 75526, 97887
2026/07/08 17:29:44.476, 5, 38, 75528, 97887
2026/07/08 17:29:44.493, 6, 89, 75540, 97887
2026/07/08 17:29:44.516, 7, 26, 75540, 97887
2026/07/08 17:29:45.536, 0, 0, 48704, 97887
2026/07/08 17:29:45.552, 1, 0, 48104, 97887
2026/07/08 17:29:45.570, 2, 0, 48104, 97887
2026/07/08 17:29:45.587, 3, 0, 48104, 97887
2026/07/08 17:29:45.604, 4, 94, 75526, 97887
2026/07/08 17:29:45.620, 5, 31, 75528, 97887
2026/07/08 17:29:45.636, 6, 100, 75540, 97887
2026/07/08 17:29:45.654, 7, 100, 75540, 97887
2026/07/08 17:29:46.675, 0, 0, 48704, 97887
2026/07/08 17:29:46.695, 1, 0, 48104, 97887
2026/07/08 17:29:46.714, 2, 0, 48104, 97887
2026/07/08 17:29:46.732, 3, 0, 48104, 97887
2026/07/08 17:29:46.749, 4, 94, 75526, 97887
2026/07/08 17:29:46.777, 5, 26, 75528, 97887
2026/07/08 17:29:46.804, 6, 84, 75540, 97887
2026/07/08 17:29:46.828, 7, 31, 75540, 97887
2026/07/08 17:29:47.849, 0, 0, 48704, 97887
2026/07/08 17:29:47.865, 1, 0, 48104, 97887
2026/07/08 17:29:47.877, 2, 0, 48104, 97887
2026/07/08 17:29:47.890, 3, 0, 48104, 97887
2026/07/08 17:29:47.903, 4, 95, 75526, 97887
2026/07/08 17:29:47.913, 5, 27, 75528, 97887
2026/07/08 17:29:47.926, 6, 55, 75540, 97887
2026/07/08 17:29:47.940, 7, 46, 75540, 97887
2026/07/08 17:29:48.952, 0, 0, 48704, 97887
2026/07/08 17:29:48.968, 1, 0, 48104, 97887
2026/07/08 17:29:48.983, 2, 0, 48104, 97887
2026/07/08 17:29:49.000, 3, 0, 48104, 97887
2026/07/08 17:29:49.011, 4, 94, 75526, 97887
2026/07/08 17:29:49.024, 5, 28, 75528, 97887
2026/07/08 17:29:49.036, 6, 36, 75540, 97887
2026/07/08 17:29:49.048, 7, 68, 75540, 97887
2026/07/08 17:29:50.067, 0, 0, 48704, 97887
2026/07/08 17:29:50.084, 1, 0, 48104, 97887
2026/07/08 17:29:50.099, 2, 0, 48104, 97887
2026/07/08 17:29:50.115, 3, 0, 48104, 97887
2026/07/08 17:29:50.128, 4, 94, 75526, 97887
2026/07/08 17:29:50.143, 5, 28, 75528, 97887
2026/07/08 17:29:50.158, 6, 88, 75540, 97887
2026/07/08 17:29:50.175, 7, 29, 75540, 97887
2026/07/08 17:29:51.190, 0, 0, 48704, 97887
2026/07/08 17:29:51.206, 1, 0, 48104, 97887
2026/07/08 17:29:51.222, 2, 0, 48104, 97887
2026/07/08 17:29:51.241, 3, 0, 48104, 97887
2026/07/08 17:29:51.256, 4, 95, 75528, 97887
2026/07/08 17:29:51.272, 5, 28, 75528, 97887
2026/07/08 17:29:51.290, 6, 86, 75540, 97887
2026/07/08 17:29:51.310, 7, 40, 75540, 97887
2026/07/08 17:29:52.327, 0, 0, 48704, 97887
2026/07/08 17:29:52.347, 1, 0, 48104, 97887
2026/07/08 17:29:52.362, 2, 0, 48104, 97887
2026/07/08 17:29:52.385, 3, 0, 48104, 97887
2026/07/08 17:29:52.403, 4, 89, 75528, 97887
2026/07/08 17:29:52.423, 5, 27, 75528, 97887
2026/07/08 17:29:52.447, 6, 71, 75540, 97887
2026/07/08 17:29:52.472, 7, 37, 75540, 97887
2026/07/08 17:29:53.492, 0, 0, 48704, 97887
2026/07/08 17:29:53.510, 1, 0, 48104, 97887
2026/07/08 17:29:53.522, 2, 0, 48104, 97887
2026/07/08 17:29:53.537, 3, 0, 48104, 97887
2026/07/08 17:29:53.551, 4, 95, 75528, 97887
2026/07/08 17:29:53.566, 5, 28, 75528, 97887
2026/07/08 17:29:53.580, 6, 62, 75540, 97887
2026/07/08 17:29:53.598, 7, 39, 75540, 97887
2026/07/08 17:29:54.612, 0, 0, 48704, 97887
2026/07/08 17:29:54.634, 1, 0, 48104, 97887
2026/07/08 17:29:54.650, 2, 0, 48104, 97887
2026/07/08 17:29:54.665, 3, 0, 48104, 97887
2026/07/08 17:29:54.679, 4, 90, 75528, 97887
2026/07/08 17:29:54.691, 5, 27, 75528, 97887
2026/07/08 17:29:54.706, 6, 50, 75540, 97887
2026/07/08 17:29:54.718, 7, 79, 75540, 97887
2026/07/08 17:29:55.733, 0, 0, 48704, 97887
2026/07/08 17:29:55.746, 1, 0, 48104, 97887
2026/07/08 17:29:55.758, 2, 0, 48104, 97887
2026/07/08 17:29:55.771, 3, 0, 48104, 97887
2026/07/08 17:29:55.785, 4, 50, 75528, 97887
2026/07/08 17:29:55.801, 5, 42, 75528, 97887
2026/07/08 17:29:55.814, 6, 94, 75540, 97887
2026/07/08 17:29:55.831, 7, 43, 75540, 97887
2026/07/08 17:29:56.847, 0, 0, 48704, 97887
2026/07/08 17:29:56.864, 1, 0, 48104, 97887
2026/07/08 17:29:56.875, 2, 0, 48104, 97887
2026/07/08 17:29:56.891, 3, 0, 48104, 97887
2026/07/08 17:29:56.907, 4, 94, 75528, 97887
2026/07/08 17:29:56.925, 5, 28, 75528, 97887
2026/07/08 17:29:56.942, 6, 68, 75542, 97887
2026/07/08 17:29:56.955, 7, 54, 75540, 97887
2026/07/08 17:29:57.971, 0, 0, 48704, 97887
2026/07/08 17:29:57.992, 1, 0, 48104, 97887
2026/07/08 17:29:58.006, 2, 0, 48104, 97887
2026/07/08 17:29:58.018, 3, 0, 48104, 97887
2026/07/08 17:29:58.033, 4, 69, 75528, 97887
2026/07/08 17:29:58.050, 5, 44, 75528, 97887
2026/07/08 17:29:58.072, 6, 65, 75542, 97887
2026/07/08 17:29:58.092, 7, 46, 75540, 97887
2026/07/08 17:29:59.113, 0, 0, 48704, 97887
2026/07/08 17:29:59.128, 1, 0, 48104, 97887
2026/07/08 17:29:59.143, 2, 0, 48104, 97887
2026/07/08 17:29:59.158, 3, 0, 48104, 97887
2026/07/08 17:29:59.177, 4, 95, 75528, 97887
2026/07/08 17:29:59.197, 5, 27, 75528, 97887
2026/07/08 17:29:59.214, 6, 66, 75542, 97887
2026/07/08 17:29:59.229, 7, 36, 75540, 97887
2026/07/08 17:30:00.244, 0, 0, 48704, 97887
2026/07/08 17:30:00.261, 1, 0, 48104, 97887
2026/07/08 17:30:00.277, 2, 0, 48104, 97887
2026/07/08 17:30:00.292, 3, 0, 48104, 97887
2026/07/08 17:30:00.306, 4, 67, 75528, 97887
2026/07/08 17:30:00.321, 5, 62, 75528, 97887
2026/07/08 17:30:00.339, 6, 42, 75542, 97887
2026/07/08 17:30:00.354, 7, 47, 75540, 97887
2026/07/08 17:30:01.369, 0, 0, 48704, 97887
2026/07/08 17:30:01.381, 1, 0, 48104, 97887
2026/07/08 17:30:01.396, 2, 0, 48104, 97887
2026/07/08 17:30:01.408, 3, 0, 48104, 97887
2026/07/08 17:30:01.421, 4, 28, 75528, 97887
2026/07/08 17:30:01.432, 5, 94, 75528, 97887
2026/07/08 17:30:01.442, 6, 70, 75542, 97887
2026/07/08 17:30:01.455, 7, 31, 75540, 97887
2026/07/08 17:30:02.473, 0, 0, 48704, 97887
2026/07/08 17:30:02.490, 1, 0, 48104, 97887
2026/07/08 17:30:02.508, 2, 0, 48104, 97887
2026/07/08 17:30:02.522, 3, 0, 48104, 97887
2026/07/08 17:30:02.533, 4, 94, 75528, 97887
2026/07/08 17:30:02.543, 5, 26, 75528, 97887
2026/07/08 17:30:02.551, 6, 52, 75542, 97887
2026/07/08 17:30:02.563, 7, 38, 75540, 97887
2026/07/08 17:30:03.575, 0, 0, 48704, 97887
2026/07/08 17:30:03.587, 1, 0, 48104, 97887
2026/07/08 17:30:03.606, 2, 0, 48104, 97887
2026/07/08 17:30:03.620, 3, 0, 48104, 97887
2026/07/08 17:30:03.632, 4, 92, 75528, 97887
2026/07/08 17:30:03.645, 5, 29, 75528, 97887
2026/07/08 17:30:03.663, 6, 87, 75542, 97887
2026/07/08 17:30:03.691, 7, 42, 75540, 97887
2026/07/08 17:30:04.707, 0, 0, 48704, 97887
2026/07/08 17:30:04.724, 1, 0, 48104, 97887
2026/07/08 17:30:04.740, 2, 0, 48104, 97887
2026/07/08 17:30:04.756, 3, 0, 48104, 97887
2026/07/08 17:30:04.773, 4, 94, 75528, 97887
2026/07/08 17:30:04.791, 5, 27, 75528, 97887
2026/07/08 17:30:04.809, 6, 63, 75542, 97887
2026/07/08 17:30:04.831, 7, 82, 75540, 97887
2026/07/08 17:30:05.851, 0, 0, 48704, 97887
2026/07/08 17:30:05.870, 1, 0, 48104, 97887
2026/07/08 17:30:05.889, 2, 0, 48104, 97887
2026/07/08 17:30:05.908, 3, 0, 48104, 97887
2026/07/08 17:30:05.927, 4, 94, 75528, 97887
2026/07/08 17:30:05.947, 5, 27, 75528, 97887
2026/07/08 17:30:05.966, 6, 79, 75542, 97887
2026/07/08 17:30:05.987, 7, 78, 75540, 97887
2026/07/08 17:30:07.006, 0, 0, 48704, 97887
2026/07/08 17:30:07.021, 1, 0, 48104, 97887
2026/07/08 17:30:07.034, 2, 0, 48104, 97887
2026/07/08 17:30:07.046, 3, 0, 48104, 97887
2026/07/08 17:30:07.062, 4, 94, 75528, 97887
2026/07/08 17:30:07.076, 5, 27, 75528, 97887
2026/07/08 17:30:07.091, 6, 86, 75542, 97887
2026/07/08 17:30:07.104, 7, 32, 75540, 97887
2026/07/08 17:30:08.119, 0, 0, 48704, 97887
2026/07/08 17:30:08.133, 1, 0, 48104, 97887
2026/07/08 17:30:08.148, 2, 0, 48104, 97887
2026/07/08 17:30:08.161, 3, 0, 48104, 97887
2026/07/08 17:30:08.175, 4, 95, 75528, 97887
2026/07/08 17:30:08.191, 5, 25, 75528, 97887
2026/07/08 17:30:08.209, 6, 100, 75542, 97887
2026/07/08 17:30:08.226, 7, 88, 75542, 97887
2026/07/08 17:30:09.243, 0, 0, 48704, 97887
2026/07/08 17:30:09.264, 1, 0, 48104, 97887
2026/07/08 17:30:09.281, 2, 0, 48104, 97887
2026/07/08 17:30:09.298, 3, 0, 48104, 97887
2026/07/08 17:30:09.316, 4, 70, 75528, 97887
2026/07/08 17:30:09.331, 5, 37, 75528, 97887
2026/07/08 17:30:09.345, 6, 77, 75542, 97887
2026/07/08 17:30:09.363, 7, 29, 75542, 97887
2026/07/08 17:30:10.380, 0, 0, 48704, 97887
2026/07/08 17:30:10.394, 1, 0, 48104, 97887
2026/07/08 17:30:10.407, 2, 0, 48104, 97887
2026/07/08 17:30:10.422, 3, 0, 48104, 97887
2026/07/08 17:30:10.438, 4, 95, 75528, 97887
2026/07/08 17:30:10.453, 5, 25, 75528, 97887
2026/07/08 17:30:10.468, 6, 91, 75542, 97887
2026/07/08 17:30:10.483, 7, 97, 75542, 97887
2026/07/08 17:30:11.496, 0, 0, 48704, 97887
2026/07/08 17:30:11.514, 1, 0, 48104, 97887
2026/07/08 17:30:11.530, 2, 0, 48104, 97887
2026/07/08 17:30:11.546, 3, 0, 48104, 97887
2026/07/08 17:30:11.558, 4, 93, 75528, 97887
2026/07/08 17:30:11.573, 5, 64, 75528, 97887
2026/07/08 17:30:11.590, 6, 82, 75542, 97887
2026/07/08 17:30:11.604, 7, 45, 75542, 97887
2026/07/08 17:30:12.619, 0, 0, 48704, 97887
2026/07/08 17:30:12.635, 1, 0, 48104, 97887
2026/07/08 17:30:12.651, 2, 0, 48104, 97887
2026/07/08 17:30:12.666, 3, 0, 48104, 97887
2026/07/08 17:30:12.680, 4, 87, 75528, 97887
2026/07/08 17:30:12.692, 5, 28, 75528, 97887
2026/07/08 17:30:12.706, 6, 53, 75542, 97887
2026/07/08 17:30:12.719, 7, 79, 75542, 97887
2026/07/08 17:30:13.734, 0, 0, 48704, 97887
2026/07/08 17:30:13.751, 1, 0, 48104, 97887
2026/07/08 17:30:13.768, 2, 0, 48104, 97887
2026/07/08 17:30:13.784, 3, 0, 48104, 97887
2026/07/08 17:30:13.801, 4, 94, 75528, 97887
2026/07/08 17:30:13.817, 5, 26, 75528, 97887
2026/07/08 17:30:13.833, 6, 84, 75542, 97887
2026/07/08 17:30:13.850, 7, 39, 75542, 97887
2026/07/08 17:30:14.866, 0, 0, 48704, 97887
2026/07/08 17:30:14.885, 1, 0, 48104, 97887
2026/07/08 17:30:14.901, 2, 0, 48104, 97887
2026/07/08 17:30:14.916, 3, 0, 48104, 97887
2026/07/08 17:30:14.933, 4, 93, 75528, 97887
2026/07/08 17:30:14.951, 5, 28, 75528, 97887
2026/07/08 17:30:14.967, 6, 67, 75542, 97887
2026/07/08 17:30:14.984, 7, 36, 75542, 97887
2026/07/08 17:30:15.999, 0, 0, 48704, 97887
2026/07/08 17:30:16.014, 1, 0, 48104, 97887
2026/07/08 17:30:16.026, 2, 0, 48104, 97887
2026/07/08 17:30:16.042, 3, 0, 48104, 97887
2026/07/08 17:30:16.056, 4, 94, 75528, 97887
2026/07/08 17:30:16.071, 5, 27, 75528, 97887
2026/07/08 17:30:16.086, 6, 80, 75542, 97887
2026/07/08 17:30:16.101, 7, 37, 75542, 97887
2026/07/08 17:30:17.116, 0, 0, 48704, 97887
2026/07/08 17:30:17.133, 1, 0, 48104, 97887
2026/07/08 17:30:17.151, 2, 0, 48104, 97887
2026/07/08 17:30:17.168, 3, 0, 48104, 97887
2026/07/08 17:30:17.186, 4, 51, 75528, 97887
2026/07/08 17:30:17.202, 5, 20, 75528, 97887
2026/07/08 17:30:17.220, 6, 91, 75542, 97887
2026/07/08 17:30:17.238, 7, 26, 75542, 97887
2026/07/08 17:30:18.257, 0, 0, 48704, 97887
2026/07/08 17:30:18.268, 1, 0, 48104, 97887
2026/07/08 17:30:18.281, 2, 0, 48104, 97887
2026/07/08 17:30:18.295, 3, 0, 48104, 97887
2026/07/08 17:30:18.309, 4, 94, 75528, 97887
2026/07/08 17:30:18.323, 5, 27, 75528, 97887
2026/07/08 17:30:18.338, 6, 92, 75542, 97887
2026/07/08 17:30:18.352, 7, 25, 75542, 97887
2026/07/08 17:30:19.371, 0, 0, 48704, 97887
2026/07/08 17:30:19.388, 1, 0, 48104, 97887
2026/07/08 17:30:19.399, 2, 0, 48104, 97887
2026/07/08 17:30:19.407, 3, 0, 48104, 97887
2026/07/08 17:30:19.418, 4, 92, 75528, 97887
2026/07/08 17:30:19.431, 5, 78, 75528, 97887
2026/07/08 17:30:19.445, 6, 94, 75542, 97887
2026/07/08 17:30:19.461, 7, 30, 75542, 97887
2026/07/08 17:30:20.477, 0, 0, 48704, 97887
2026/07/08 17:30:20.497, 1, 0, 48104, 97887
2026/07/08 17:30:20.514, 2, 0, 48104, 97887
2026/07/08 17:30:20.529, 3, 0, 48104, 97887
2026/07/08 17:30:20.546, 4, 95, 75528, 97887
2026/07/08 17:30:20.562, 5, 71, 75528, 97887
2026/07/08 17:30:20.581, 6, 85, 75542, 97887
2026/07/08 17:30:20.599, 7, 36, 75542, 97887
2026/07/08 17:30:21.612, 0, 0, 48704, 97887
2026/07/08 17:30:21.624, 1, 0, 48104, 97887
2026/07/08 17:30:21.638, 2, 0, 48104, 97887
2026/07/08 17:30:21.656, 3, 0, 48104, 97887
2026/07/08 17:30:21.673, 4, 95, 75528, 97887
2026/07/08 17:30:21.693, 5, 26, 75528, 97887
2026/07/08 17:30:21.712, 6, 96, 75542, 97887
2026/07/08 17:30:21.729, 7, 32, 75542, 97887
2026/07/08 17:30:22.748, 0, 0, 48704, 97887
2026/07/08 17:30:22.764, 1, 0, 48104, 97887
2026/07/08 17:30:22.779, 2, 0, 48104, 97887
2026/07/08 17:30:22.794, 3, 0, 48104, 97887
2026/07/08 17:30:22.810, 4, 92, 75528, 97887
2026/07/08 17:30:22.824, 5, 27, 75528, 97887
2026/07/08 17:30:22.838, 6, 72, 75542, 97887
2026/07/08 17:30:22.851, 7, 66, 75542, 97887
2026/07/08 17:30:23.864, 0, 0, 48704, 97887
2026/07/08 17:30:23.883, 1, 0, 48104, 97887
2026/07/08 17:30:23.899, 2, 0, 48104, 97887
2026/07/08 17:30:23.916, 3, 0, 48104, 97887
2026/07/08 17:30:23.930, 4, 61, 75528, 97887
2026/07/08 17:30:23.945, 5, 22, 75528, 97887
2026/07/08 17:30:23.959, 6, 74, 75542, 97887
2026/07/08 17:30:23.977, 7, 60, 75542, 97887
2026/07/08 17:30:24.991, 0, 0, 48704, 97887
2026/07/08 17:30:25.007, 1, 0, 48104, 97887
2026/07/08 17:30:25.024, 2, 0, 48104, 97887
2026/07/08 17:30:25.040, 3, 0, 48104, 97887
2026/07/08 17:30:25.055, 4, 90, 75528, 97887
2026/07/08 17:30:25.072, 5, 28, 75528, 97887
2026/07/08 17:30:25.090, 6, 62, 75542, 97887
2026/07/08 17:30:25.108, 7, 54, 75542, 97887
2026/07/08 17:30:26.126, 0, 0, 48704, 97887
2026/07/08 17:30:26.143, 1, 0, 48104, 97887
2026/07/08 17:30:26.162, 2, 0, 48104, 97887
2026/07/08 17:30:26.179, 3, 0, 48104, 97887
2026/07/08 17:30:26.195, 4, 90, 75528, 97887
2026/07/08 17:30:26.213, 5, 43, 75528, 97887
2026/07/08 17:30:26.231, 6, 44, 75542, 97887
2026/07/08 17:30:26.250, 7, 65, 75542, 97887
2026/07/08 17:30:27.269, 0, 0, 48704, 97887
2026/07/08 17:30:27.287, 1, 0, 48104, 97887
2026/07/08 17:30:27.305, 2, 0, 48104, 97887
2026/07/08 17:30:27.323, 3, 0, 48104, 97887
2026/07/08 17:30:27.339, 4, 93, 75528, 97887
2026/07/08 17:30:27.354, 5, 27, 75528, 97887
2026/07/08 17:30:27.368, 6, 49, 75542, 97887
2026/07/08 17:30:27.383, 7, 61, 75542, 97887
2026/07/08 17:30:28.398, 0, 0, 48704, 97887
2026/07/08 17:30:28.411, 1, 0, 48104, 97887
2026/07/08 17:30:28.425, 2, 0, 48104, 97887
2026/07/08 17:30:28.440, 3, 0, 48104, 97887
2026/07/08 17:30:28.455, 4, 95, 75528, 97887
2026/07/08 17:30:28.470, 5, 28, 75528, 97887
2026/07/08 17:30:28.484, 6, 78, 75542, 97887
2026/07/08 17:30:28.497, 7, 54, 75542, 97887
2026/07/08 17:30:29.510, 0, 0, 48704, 97887
2026/07/08 17:30:29.529, 1, 0, 48104, 97887
2026/07/08 17:30:29.543, 2, 0, 48104, 97887
2026/07/08 17:30:29.563, 3, 0, 48104, 97887
2026/07/08 17:30:29.577, 4, 91, 75528, 97887
2026/07/08 17:30:29.592, 5, 27, 75528, 97887
2026/07/08 17:30:29.606, 6, 57, 75542, 97887
2026/07/08 17:30:29.623, 7, 63, 75542, 97887
2026/07/08 17:30:30.642, 0, 0, 48704, 97887
2026/07/08 17:30:30.656, 1, 0, 48104, 97887
2026/07/08 17:30:30.671, 2, 0, 48104, 97887
2026/07/08 17:30:30.686, 3, 0, 48104, 97887
2026/07/08 17:30:30.701, 4, 95, 75528, 97887
2026/07/08 17:30:30.718, 5, 26, 75528, 97887
2026/07/08 17:30:30.732, 6, 47, 75542, 97887
2026/07/08 17:30:30.747, 7, 39, 75542, 97887
2026/07/08 17:30:31.759, 0, 0, 48704, 97887
2026/07/08 17:30:31.777, 1, 0, 48104, 97887
2026/07/08 17:30:31.794, 2, 0, 48104, 97887
2026/07/08 17:30:31.810, 3, 0, 48104, 97887
2026/07/08 17:30:31.825, 4, 95, 75528, 97887
2026/07/08 17:30:31.840, 5, 27, 75528, 97887
2026/07/08 17:30:31.854, 6, 50, 75542, 97887
2026/07/08 17:30:31.869, 7, 43, 75542, 97887
2026/07/08 17:30:32.885, 0, 0, 48704, 97887
2026/07/08 17:30:32.901, 1, 0, 48104, 97887
2026/07/08 17:30:32.919, 2, 0, 48104, 97887
2026/07/08 17:30:32.931, 3, 0, 48104, 97887
2026/07/08 17:30:32.943, 4, 89, 75528, 97887
2026/07/08 17:30:32.957, 5, 27, 75528, 97887
2026/07/08 17:30:32.970, 6, 95, 75542, 97887
2026/07/08 17:30:32.986, 7, 30, 75542, 97887
2026/07/08 17:30:33.999, 0, 0, 48704, 97887
2026/07/08 17:30:34.017, 1, 0, 48104, 97887
2026/07/08 17:30:34.034, 2, 0, 48104, 97887
2026/07/08 17:30:34.050, 3, 0, 48104, 97887
2026/07/08 17:30:34.063, 4, 94, 75528, 97887
2026/07/08 17:30:34.074, 5, 25, 75528, 97887
2026/07/08 17:30:34.084, 6, 92, 75542, 97887
2026/07/08 17:30:34.096, 7, 33, 75542, 97887
2026/07/08 17:30:35.108, 0, 0, 48704, 97887
2026/07/08 17:30:35.124, 1, 0, 48104, 97887
2026/07/08 17:30:35.141, 2, 0, 48104, 97887
2026/07/08 17:30:35.159, 3, 0, 48104, 97887
2026/07/08 17:30:35.180, 4, 85, 75528, 97887
2026/07/08 17:30:35.196, 5, 27, 75528, 97887
2026/07/08 17:30:35.215, 6, 59, 75542, 97887
2026/07/08 17:30:35.232, 7, 29, 75542, 97887
2026/07/08 17:30:36.253, 0, 0, 48704, 97887
2026/07/08 17:30:36.271, 1, 0, 48104, 97887
2026/07/08 17:30:36.288, 2, 0, 48104, 97887
2026/07/08 17:30:36.305, 3, 0, 48104, 97887
2026/07/08 17:30:36.323, 4, 94, 75528, 97887
2026/07/08 17:30:36.339, 5, 27, 75528, 97887
2026/07/08 17:30:36.356, 6, 92, 75542, 97887
2026/07/08 17:30:36.370, 7, 29, 75542, 97887
2026/07/08 17:30:37.384, 0, 0, 48704, 97887
2026/07/08 17:30:37.402, 1, 0, 48104, 97887
2026/07/08 17:30:37.419, 2, 0, 48104, 97887
2026/07/08 17:30:37.435, 3, 0, 48104, 97887
2026/07/08 17:30:37.450, 4, 94, 75528, 97887
2026/07/08 17:30:37.467, 5, 25, 75528, 97887
2026/07/08 17:30:37.486, 6, 92, 75542, 97887
2026/07/08 17:30:37.504, 7, 42, 75542, 97887
2026/07/08 17:30:38.522, 0, 0, 48704, 97887
2026/07/08 17:30:38.539, 1, 0, 48104, 97887
2026/07/08 17:30:38.557, 2, 0, 48104, 97887
2026/07/08 17:30:38.573, 3, 0, 48104, 97887
2026/07/08 17:30:38.590, 4, 92, 75528, 97887
2026/07/08 17:30:38.610, 5, 25, 75528, 97887
2026/07/08 17:30:38.626, 6, 62, 75542, 97887
2026/07/08 17:30:38.640, 7, 42, 75542, 97887
2026/07/08 17:30:39.654, 0, 0, 48704, 97887
2026/07/08 17:30:39.663, 1, 0, 48104, 97887
2026/07/08 17:30:39.682, 2, 0, 48104, 97887
2026/07/08 17:30:39.696, 3, 0, 48104, 97887
2026/07/08 17:30:39.712, 4, 94, 75528, 97887
2026/07/08 17:30:39.728, 5, 27, 75528, 97887
2026/07/08 17:30:39.742, 6, 33, 75542, 97887
2026/07/08 17:30:39.758, 7, 59, 75542, 97887
2026/07/08 17:30:40.775, 0, 0, 48704, 97887
2026/07/08 17:30:40.791, 1, 0, 48104, 97887
2026/07/08 17:30:40.807, 2, 0, 48104, 97887
2026/07/08 17:30:40.823, 3, 0, 48104, 97887
2026/07/08 17:30:40.840, 4, 94, 75528, 97887
2026/07/08 17:30:40.856, 5, 27, 75528, 97887
2026/07/08 17:30:40.872, 6, 67, 75542, 97887
2026/07/08 17:30:40.890, 7, 47, 75542, 97887
2026/07/08 17:30:41.913, 0, 0, 48704, 97887
2026/07/08 17:30:41.929, 1, 0, 48104, 97887
2026/07/08 17:30:41.940, 2, 0, 48104, 97887
2026/07/08 17:30:41.954, 3, 0, 48104, 97887
2026/07/08 17:30:41.967, 4, 94, 75528, 97887
2026/07/08 17:30:41.982, 5, 27, 75528, 97887
2026/07/08 17:30:41.998, 6, 26, 75542, 97887
2026/07/08 17:30:42.014, 7, 46, 75542, 97887
2026/07/08 17:30:43.028, 0, 0, 48704, 97887
2026/07/08 17:30:43.045, 1, 0, 48104, 97887
2026/07/08 17:30:43.062, 2, 0, 48104, 97887
2026/07/08 17:30:43.076, 3, 0, 48104, 97887
2026/07/08 17:30:43.088, 4, 95, 75528, 97887
2026/07/08 17:30:43.101, 5, 26, 75528, 97887
2026/07/08 17:30:43.115, 6, 63, 75542, 97887
2026/07/08 17:30:43.129, 7, 46, 75542, 97887
2026/07/08 17:30:44.143, 0, 0, 48704, 97887
2026/07/08 17:30:44.160, 1, 0, 48104, 97887
2026/07/08 17:30:44.178, 2, 0, 48104, 97887
2026/07/08 17:30:44.195, 3, 0, 48104, 97887
2026/07/08 17:30:44.206, 4, 90, 75528, 97887
2026/07/08 17:30:44.219, 5, 28, 75528, 97887
2026/07/08 17:30:44.235, 6, 83, 75542, 97887
2026/07/08 17:30:44.252, 7, 33, 75542, 97887
2026/07/08 17:30:45.268, 0, 0, 48704, 97887
2026/07/08 17:30:45.286, 1, 0, 48104, 97887
2026/07/08 17:30:45.306, 2, 0, 48104, 97887
2026/07/08 17:30:45.327, 3, 0, 48104, 97887
2026/07/08 17:30:45.344, 4, 94, 75528, 97887
2026/07/08 17:30:45.361, 5, 27, 75528, 97887
2026/07/08 17:30:45.377, 6, 59, 75542, 97887
2026/07/08 17:30:45.394, 7, 72, 75542, 97887
2026/07/08 17:30:46.410, 0, 0, 48704, 97887
2026/07/08 17:30:46.429, 1, 0, 48104, 97887
2026/07/08 17:30:46.442, 2, 0, 48104, 97887
2026/07/08 17:30:46.458, 3, 0, 48104, 97887
2026/07/08 17:30:46.469, 4, 94, 75528, 97887
2026/07/08 17:30:46.482, 5, 26, 75528, 97887
2026/07/08 17:30:46.499, 6, 45, 75542, 97887
2026/07/08 17:30:46.515, 7, 54, 75542, 97887
2026/07/08 17:30:47.530, 0, 0, 48704, 97887
2026/07/08 17:30:47.546, 1, 0, 48104, 97887
2026/07/08 17:30:47.560, 2, 0, 48104, 97887
2026/07/08 17:30:47.575, 3, 0, 48104, 97887
2026/07/08 17:30:47.590, 4, 95, 75528, 97887
2026/07/08 17:30:47.606, 5, 28, 75528, 97887
2026/07/08 17:30:47.618, 6, 100, 75542, 97887
2026/07/08 17:30:47.632, 7, 100, 75542, 97887
2026/07/08 17:30:48.641, 0, 0, 48704, 97887
2026/07/08 17:30:48.658, 1, 0, 48104, 97887
2026/07/08 17:30:48.676, 2, 0, 48104, 97887
2026/07/08 17:30:48.691, 3, 0, 48104, 97887
2026/07/08 17:30:48.710, 4, 68, 75528, 97887
2026/07/08 17:30:48.725, 5, 27, 75528, 97887
2026/07/08 17:30:48.743, 6, 55, 75542, 97887
2026/07/08 17:30:48.761, 7, 67, 75542, 97887
2026/07/08 17:30:49.777, 0, 0, 48704, 97887
2026/07/08 17:30:49.792, 1, 0, 48104, 97887
2026/07/08 17:30:49.810, 2, 0, 48104, 97887
2026/07/08 17:30:49.824, 3, 0, 48104, 97887
2026/07/08 17:30:49.838, 4, 45, 75528, 97887
2026/07/08 17:30:49.850, 5, 88, 75528, 97887
2026/07/08 17:30:49.861, 6, 77, 75542, 97887
2026/07/08 17:30:49.875, 7, 32, 75542, 97887
2026/07/08 17:30:50.893, 0, 0, 48704, 97887
2026/07/08 17:30:50.911, 1, 0, 48104, 97887
2026/07/08 17:30:50.929, 2, 0, 48104, 97887
2026/07/08 17:30:50.946, 3, 0, 48104, 97887
2026/07/08 17:30:50.963, 4, 79, 75528, 97887
2026/07/08 17:30:50.980, 5, 89, 75528, 97887
2026/07/08 17:30:50.994, 6, 47, 75542, 97887
2026/07/08 17:30:51.010, 7, 65, 75542, 97887
2026/07/08 17:30:52.025, 0, 0, 48704, 97887
2026/07/08 17:30:52.044, 1, 0, 48104, 97887
2026/07/08 17:30:52.063, 2, 0, 48104, 97887
2026/07/08 17:30:52.082, 3, 0, 48104, 97887
2026/07/08 17:30:52.097, 4, 83, 75528, 97887
2026/07/08 17:30:52.112, 5, 25, 75528, 97887
2026/07/08 17:30:52.128, 6, 64, 75542, 97887
2026/07/08 17:30:52.144, 7, 51, 75542, 97887
2026/07/08 17:30:53.159, 0, 0, 48704, 97887
2026/07/08 17:30:53.179, 1, 0, 48104, 97887
2026/07/08 17:30:53.196, 2, 0, 48104, 97887
2026/07/08 17:30:53.213, 3, 0, 48104, 97887
2026/07/08 17:30:53.228, 4, 93, 75528, 97887
2026/07/08 17:30:53.246, 5, 27, 75528, 97887
2026/07/08 17:30:53.263, 6, 85, 75542, 97887
2026/07/08 17:30:53.280, 7, 33, 75542, 97887
2026/07/08 17:30:54.296, 0, 0, 48704, 97887
2026/07/08 17:30:54.312, 1, 0, 48104, 97887
2026/07/08 17:30:54.325, 2, 0, 48104, 97887
2026/07/08 17:30:54.337, 3, 0, 48104, 97887
2026/07/08 17:30:54.348, 4, 54, 75528, 97887
2026/07/08 17:30:54.361, 5, 36, 75528, 97887
2026/07/08 17:30:54.375, 6, 35, 75542, 97887
2026/07/08 17:30:54.389, 7, 89, 75542, 97887
2026/07/08 17:30:55.405, 0, 0, 48704, 97887
2026/07/08 17:30:55.419, 1, 0, 48104, 97887
2026/07/08 17:30:55.432, 2, 0, 48104, 97887
2026/07/08 17:30:55.446, 3, 0, 48104, 97887
2026/07/08 17:30:55.459, 4, 70, 75528, 97887
2026/07/08 17:30:55.470, 5, 31, 75528, 97887
2026/07/08 17:30:55.480, 6, 46, 75542, 97887
2026/07/08 17:30:55.492, 7, 70, 75542, 97887
2026/07/08 17:30:56.504, 0, 0, 48704, 97887
2026/07/08 17:30:56.517, 1, 0, 48104, 97887
2026/07/08 17:30:56.531, 2, 0, 48104, 97887
2026/07/08 17:30:56.544, 3, 0, 48104, 97887
2026/07/08 17:30:56.559, 4, 51, 75528, 97887
2026/07/08 17:30:56.573, 5, 29, 75528, 97887
2026/07/08 17:30:56.586, 6, 52, 75544, 97887
2026/07/08 17:30:56.603, 7, 67, 75544, 97887
2026/07/08 17:30:57.617, 0, 0, 48704, 97887
2026/07/08 17:30:57.632, 1, 0, 48104, 97887
2026/07/08 17:30:57.646, 2, 0, 48104, 97887
2026/07/08 17:30:57.662, 3, 0, 48104, 97887
2026/07/08 17:30:57.677, 4, 34, 75528, 97887
2026/07/08 17:30:57.691, 5, 95, 75528, 97887
2026/07/08 17:30:57.705, 6, 93, 75544, 97887
2026/07/08 17:30:57.719, 7, 46, 75544, 97887
2026/07/08 17:30:58.736, 0, 0, 48704, 97887
2026/07/08 17:30:58.751, 1, 0, 48104, 97887
2026/07/08 17:30:58.768, 2, 0, 48104, 97887
2026/07/08 17:30:58.780, 3, 0, 48104, 97887
2026/07/08 17:30:58.792, 4, 27, 75528, 97887
2026/07/08 17:30:58.809, 5, 86, 75528, 97887
2026/07/08 17:30:58.824, 6, 42, 75544, 97887
2026/07/08 17:30:58.840, 7, 34, 75544, 97887
2026/07/08 17:30:59.856, 0, 0, 48704, 97887
2026/07/08 17:30:59.871, 1, 0, 48104, 97887
2026/07/08 17:30:59.886, 2, 0, 48104, 97887
2026/07/08 17:30:59.901, 3, 0, 48104, 97887
2026/07/08 17:30:59.918, 4, 87, 75528, 97887
2026/07/08 17:30:59.933, 5, 37, 75528, 97887
2026/07/08 17:30:59.948, 6, 91, 75544, 97887
2026/07/08 17:30:59.961, 7, 35, 75544, 97887
2026/07/08 17:31:00.977, 0, 0, 48704, 97887
2026/07/08 17:31:00.993, 1, 0, 48104, 97887
2026/07/08 17:31:01.009, 2, 0, 48104, 97887
2026/07/08 17:31:01.022, 3, 0, 48104, 97887
2026/07/08 17:31:01.034, 4, 48, 75528, 97887
2026/07/08 17:31:01.050, 5, 77, 75528, 97887
2026/07/08 17:31:01.061, 6, 81, 75544, 97887
2026/07/08 17:31:01.073, 7, 34, 75544, 97887
2026/07/08 17:31:02.087, 0, 0, 48704, 97887
2026/07/08 17:31:02.106, 1, 0, 48104, 97887
2026/07/08 17:31:02.121, 2, 0, 48104, 97887
2026/07/08 17:31:02.138, 3, 0, 48104, 97887
2026/07/08 17:31:02.152, 4, 50, 75528, 97887
2026/07/08 17:31:02.170, 5, 29, 75528, 97887
2026/07/08 17:31:02.189, 6, 46, 75544, 97887
2026/07/08 17:31:02.207, 7, 77, 75544, 97887
2026/07/08 17:31:03.224, 0, 0, 48704, 97887
2026/07/08 17:31:03.239, 1, 0, 48104, 97887
2026/07/08 17:31:03.252, 2, 0, 48104, 97887
2026/07/08 17:31:03.264, 3, 0, 48104, 97887
2026/07/08 17:31:03.277, 4, 72, 75528, 97887
2026/07/08 17:31:03.290, 5, 28, 75528, 97887
2026/07/08 17:31:03.306, 6, 46, 75544, 97887
2026/07/08 17:31:03.320, 7, 79, 75544, 97887
2026/07/08 17:31:04.333, 0, 0, 48704, 97887
2026/07/08 17:31:04.344, 1, 0, 48104, 97887
2026/07/08 17:31:04.358, 2, 0, 48104, 97887
2026/07/08 17:31:04.372, 3, 0, 48104, 97887
2026/07/08 17:31:04.386, 4, 30, 75528, 97887
2026/07/08 17:31:04.399, 5, 32, 75528, 97887
2026/07/08 17:31:04.413, 6, 34, 75544, 97887
2026/07/08 17:31:04.429, 7, 92, 75544, 97887
2026/07/08 17:31:05.444, 0, 0, 48704, 97887
2026/07/08 17:31:05.460, 1, 0, 48104, 97887
2026/07/08 17:31:05.474, 2, 0, 48104, 97887
2026/07/08 17:31:05.484, 3, 0, 48104, 97887
2026/07/08 17:31:05.498, 4, 94, 75528, 97887
2026/07/08 17:31:05.510, 5, 28, 75528, 97887
2026/07/08 17:31:05.525, 6, 39, 75544, 97887
2026/07/08 17:31:05.538, 7, 86, 75544, 97887
2026/07/08 17:31:06.556, 0, 0, 48704, 97887
2026/07/08 17:31:06.572, 1, 0, 48104, 97887
2026/07/08 17:31:06.588, 2, 0, 48104, 97887
2026/07/08 17:31:06.605, 3, 0, 48104, 97887
2026/07/08 17:31:06.623, 4, 28, 75528, 97887
2026/07/08 17:31:06.638, 5, 59, 75528, 97887
2026/07/08 17:31:06.653, 6, 39, 75544, 97887
2026/07/08 17:31:06.667, 7, 92, 75544, 97887
2026/07/08 17:31:07.680, 0, 0, 48704, 97887
2026/07/08 17:31:07.697, 1, 0, 48104, 97887
2026/07/08 17:31:07.714, 2, 0, 48104, 97887
2026/07/08 17:31:07.731, 3, 0, 48104, 97887
2026/07/08 17:31:07.749, 4, 94, 75528, 97887
2026/07/08 17:31:07.765, 5, 84, 75528, 97887
2026/07/08 17:31:07.780, 6, 66, 75544, 97887
2026/07/08 17:31:07.794, 7, 46, 75544, 97887
2026/07/08 17:31:08.807, 0, 0, 48704, 97887
2026/07/08 17:31:08.823, 1, 0, 48104, 97887
2026/07/08 17:31:08.841, 2, 0, 48104, 97887
2026/07/08 17:31:08.855, 3, 0, 48104, 97887
2026/07/08 17:31:08.872, 4, 41, 75528, 97887
2026/07/08 17:31:08.885, 5, 95, 75528, 97887
2026/07/08 17:31:08.903, 6, 43, 75544, 97887
2026/07/08 17:31:08.920, 7, 42, 75544, 97887
2026/07/08 17:31:09.939, 0, 0, 48704, 97887
2026/07/08 17:31:09.955, 1, 0, 48104, 97887
2026/07/08 17:31:09.970, 2, 0, 48104, 97887
2026/07/08 17:31:09.983, 3, 0, 48104, 97887
2026/07/08 17:31:09.997, 4, 67, 75528, 97887
2026/07/08 17:31:10.011, 5, 84, 75528, 97887
2026/07/08 17:31:10.024, 6, 49, 75544, 97887
2026/07/08 17:31:10.043, 7, 84, 75544, 97887
2026/07/08 17:31:11.058, 0, 0, 48704, 97887
2026/07/08 17:31:11.076, 1, 0, 48104, 97887
2026/07/08 17:31:11.090, 2, 0, 48104, 97887
2026/07/08 17:31:11.103, 3, 0, 48104, 97887
2026/07/08 17:31:11.117, 4, 96, 75528, 97887
2026/07/08 17:31:11.129, 5, 42, 75528, 97887
2026/07/08 17:31:11.141, 6, 48, 75544, 97887
2026/07/08 17:31:11.155, 7, 88, 75544, 97887
2026/07/08 17:31:12.169, 0, 0, 48704, 97887
2026/07/08 17:31:12.187, 1, 0, 48104, 97887
2026/07/08 17:31:12.206, 2, 0, 48104, 97887
2026/07/08 17:31:12.223, 3, 0, 48104, 97887
2026/07/08 17:31:12.240, 4, 94, 75528, 97887
2026/07/08 17:31:12.258, 5, 25, 75528, 97887
2026/07/08 17:31:12.272, 6, 35, 75544, 97887
2026/07/08 17:31:12.286, 7, 80, 75544, 97887
2026/07/08 17:31:13.302, 0, 0, 48704, 97887
2026/07/08 17:31:13.319, 1, 0, 48104, 97887
2026/07/08 17:31:13.335, 2, 0, 48104, 97887
2026/07/08 17:31:13.351, 3, 0, 48104, 97887
2026/07/08 17:31:13.368, 4, 94, 75528, 97887
2026/07/08 17:31:13.384, 5, 23, 75528, 97887
2026/07/08 17:31:13.397, 6, 38, 75544, 97887
2026/07/08 17:31:13.408, 7, 79, 75544, 97887
2026/07/08 17:31:14.425, 0, 0, 48704, 97887
2026/07/08 17:31:14.442, 1, 0, 48104, 97887
2026/07/08 17:31:14.460, 2, 0, 48104, 97887
2026/07/08 17:31:14.476, 3, 0, 48104, 97887
2026/07/08 17:31:14.491, 4, 95, 75528, 97887
2026/07/08 17:31:14.504, 5, 54, 75528, 97887
2026/07/08 17:31:14.520, 6, 0, 75544, 97887
2026/07/08 17:31:14.536, 7, 6, 75544, 97887
2026/07/08 17:31:15.552, 0, 0, 48704, 97887
2026/07/08 17:31:15.570, 1, 0, 48104, 97887
2026/07/08 17:31:15.586, 2, 0, 48104, 97887
2026/07/08 17:31:15.602, 3, 0, 48104, 97887
2026/07/08 17:31:15.623, 4, 76, 75530, 97887
2026/07/08 17:31:15.640, 5, 88, 75528, 97887
2026/07/08 17:31:15.654, 6, 93, 75544, 97887
2026/07/08 17:31:15.669, 7, 63, 75544, 97887
2026/07/08 17:31:16.686, 0, 0, 48704, 97887
2026/07/08 17:31:16.696, 1, 0, 48104, 97887
2026/07/08 17:31:16.710, 2, 0, 48104, 97887
2026/07/08 17:31:16.721, 3, 0, 48104, 97887
2026/07/08 17:31:16.735, 4, 40, 75530, 97887
2026/07/08 17:31:16.750, 5, 91, 75528, 97887
2026/07/08 17:31:16.768, 6, 59, 75544, 97887
2026/07/08 17:31:16.785, 7, 89, 75544, 97887
2026/07/08 17:31:17.800, 0, 0, 48704, 97887
2026/07/08 17:31:17.820, 1, 0, 48104, 97887
2026/07/08 17:31:17.838, 2, 0, 48104, 97887
2026/07/08 17:31:17.858, 3, 0, 48104, 97887
2026/07/08 17:31:17.875, 4, 87, 75530, 97887
2026/07/08 17:31:17.893, 5, 29, 75528, 97887
2026/07/08 17:31:17.908, 6, 58, 75544, 97887
2026/07/08 17:31:17.921, 7, 70, 75544, 97887
2026/07/08 17:31:18.935, 0, 0, 48704, 97887
2026/07/08 17:31:18.954, 1, 0, 48104, 97887
2026/07/08 17:31:18.971, 2, 0, 48104, 97887
2026/07/08 17:31:18.989, 3, 0, 48104, 97887
2026/07/08 17:31:19.006, 4, 27, 75530, 97887
2026/07/08 17:31:19.022, 5, 89, 75528, 97887
2026/07/08 17:31:19.038, 6, 75, 75544, 97887
2026/07/08 17:31:19.057, 7, 53, 75544, 97887
2026/07/08 17:31:20.073, 0, 0, 48704, 97887
2026/07/08 17:31:20.092, 1, 0, 48104, 97887
2026/07/08 17:31:20.110, 2, 0, 48104, 97887
2026/07/08 17:31:20.127, 3, 0, 48104, 97887
2026/07/08 17:31:20.144, 4, 75, 75530, 97887
2026/07/08 17:31:20.162, 5, 31, 75528, 97887
2026/07/08 17:31:20.177, 6, 45, 75544, 97887
2026/07/08 17:31:20.194, 7, 66, 75544, 97887
2026/07/08 17:31:21.210, 0, 0, 48704, 97887
2026/07/08 17:31:21.224, 1, 0, 48104, 97887
2026/07/08 17:31:21.243, 2, 0, 48104, 97887
2026/07/08 17:31:21.262, 3, 0, 48104, 97887
2026/07/08 17:31:21.280, 4, 95, 75530, 97887
2026/07/08 17:31:21.300, 5, 29, 75528, 97887
2026/07/08 17:31:21.318, 6, 47, 75544, 97887
2026/07/08 17:31:21.336, 7, 87, 75544, 97887
2026/07/08 17:31:22.355, 0, 0, 48704, 97887
2026/07/08 17:31:22.369, 1, 0, 48104, 97887
2026/07/08 17:31:22.384, 2, 0, 48104, 97887
2026/07/08 17:31:22.396, 3, 0, 48104, 97887
2026/07/08 17:31:22.408, 4, 95, 75530, 97887
2026/07/08 17:31:22.420, 5, 28, 75528, 97887
2026/07/08 17:31:22.433, 6, 53, 75544, 97887
2026/07/08 17:31:22.445, 7, 55, 75544, 97887
2026/07/08 17:31:23.461, 0, 0, 48704, 97887
2026/07/08 17:31:23.479, 1, 0, 48104, 97887
2026/07/08 17:31:23.498, 2, 0, 48104, 97887
2026/07/08 17:31:23.516, 3, 0, 48104, 97887
2026/07/08 17:31:23.532, 4, 89, 75530, 97887
2026/07/08 17:31:23.550, 5, 29, 75528, 97887
2026/07/08 17:31:23.569, 6, 63, 75544, 97887
2026/07/08 17:31:23.586, 7, 77, 75544, 97887
2026/07/08 17:31:24.601, 0, 0, 48704, 97887
2026/07/08 17:31:24.615, 1, 0, 48104, 97887
2026/07/08 17:31:24.628, 2, 0, 48104, 97887
2026/07/08 17:31:24.639, 3, 0, 48104, 97887
2026/07/08 17:31:24.654, 4, 94, 75530, 97887
2026/07/08 17:31:24.662, 5, 28, 75528, 97887
2026/07/08 17:31:24.676, 6, 61, 75544, 97887
2026/07/08 17:31:24.689, 7, 51, 75544, 97887
2026/07/08 17:31:25.702, 0, 0, 48704, 97887
2026/07/08 17:31:25.720, 1, 0, 48104, 97887
2026/07/08 17:31:25.737, 2, 0, 48104, 97887
2026/07/08 17:31:25.755, 3, 0, 48104, 97887
2026/07/08 17:31:25.774, 4, 84, 75530, 97887
2026/07/08 17:31:25.786, 5, 10, 75528, 97887
2026/07/08 17:31:25.804, 6, 69, 75544, 97887
2026/07/08 17:31:25.822, 7, 59, 75544, 97887
2026/07/08 17:31:26.836, 0, 0, 48704, 97887
2026/07/08 17:31:26.852, 1, 0, 48104, 97887
2026/07/08 17:31:26.870, 2, 0, 48104, 97887
2026/07/08 17:31:26.884, 3, 0, 48104, 97887
2026/07/08 17:31:26.900, 4, 60, 75530, 97887
2026/07/08 17:31:26.917, 5, 86, 75528, 97887
2026/07/08 17:31:26.930, 6, 67, 75544, 97887
2026/07/08 17:31:26.946, 7, 36, 75544, 97887
2026/07/08 17:31:27.961, 0, 0, 48704, 97887
2026/07/08 17:31:27.978, 1, 0, 48104, 97887
2026/07/08 17:31:27.992, 2, 0, 48104, 97887
2026/07/08 17:31:28.007, 3, 0, 48104, 97887
2026/07/08 17:31:28.025, 4, 95, 75530, 97887
2026/07/08 17:31:28.042, 5, 32, 75528, 97887
2026/07/08 17:31:28.056, 6, 37, 75544, 97887
2026/07/08 17:31:28.068, 7, 81, 75544, 97887
2026/07/08 17:31:29.076, 0, 0, 48704, 97887
2026/07/08 17:31:29.096, 1, 0, 48104, 97887
2026/07/08 17:31:29.111, 2, 0, 48104, 97887
2026/07/08 17:31:29.126, 3, 0, 48104, 97887
2026/07/08 17:31:29.141, 4, 94, 75530, 97887
2026/07/08 17:31:29.155, 5, 29, 75528, 97887
2026/07/08 17:31:29.172, 6, 47, 75544, 97887
2026/07/08 17:31:29.189, 7, 78, 75544, 97887
2026/07/08 17:31:30.210, 0, 0, 48704, 97887
2026/07/08 17:31:30.228, 1, 0, 48104, 97887
2026/07/08 17:31:30.243, 2, 0, 48104, 97887
2026/07/08 17:31:30.259, 3, 0, 48104, 97887
2026/07/08 17:31:30.275, 4, 86, 75530, 97887
2026/07/08 17:31:30.290, 5, 32, 75528, 97887
2026/07/08 17:31:30.306, 6, 42, 75544, 97887
2026/07/08 17:31:30.322, 7, 89, 75544, 97887
2026/07/08 17:31:31.338, 0, 0, 48704, 97887
2026/07/08 17:31:31.351, 1, 0, 48104, 97887
2026/07/08 17:31:31.364, 2, 0, 48104, 97887
2026/07/08 17:31:31.377, 3, 0, 48104, 97887
2026/07/08 17:31:31.391, 4, 88, 75530, 97887
2026/07/08 17:31:31.405, 5, 64, 75528, 97887
2026/07/08 17:31:31.418, 6, 33, 75544, 97887
2026/07/08 17:31:31.431, 7, 90, 75544, 97887
2026/07/08 17:31:32.442, 0, 0, 48704, 97887
2026/07/08 17:31:32.460, 1, 0, 48104, 97887
2026/07/08 17:31:32.476, 2, 0, 48104, 97887
2026/07/08 17:31:32.493, 3, 0, 48104, 97887
2026/07/08 17:31:32.509, 4, 91, 75530, 97887
2026/07/08 17:31:32.523, 5, 37, 75528, 97887
2026/07/08 17:31:32.536, 6, 43, 75544, 97887
2026/07/08 17:31:32.550, 7, 73, 75544, 97887
2026/07/08 17:31:33.561, 0, 0, 48704, 97887
2026/07/08 17:31:33.573, 1, 0, 48104, 97887
2026/07/08 17:31:33.586, 2, 0, 48104, 97887
2026/07/08 17:31:33.601, 3, 0, 48104, 97887
2026/07/08 17:31:33.615, 4, 95, 75530, 97887
2026/07/08 17:31:33.629, 5, 28, 75528, 97887
2026/07/08 17:31:33.646, 6, 60, 75544, 97887
2026/07/08 17:31:33.662, 7, 65, 75544, 97887
2026/07/08 17:31:34.679, 0, 0, 48704, 97887
2026/07/08 17:31:34.694, 1, 0, 48104, 97887
2026/07/08 17:31:34.711, 2, 0, 48104, 97887
2026/07/08 17:31:34.727, 3, 0, 48104, 97887
2026/07/08 17:31:34.745, 4, 89, 75530, 97887
2026/07/08 17:31:34.759, 5, 28, 75528, 97887
2026/07/08 17:31:34.772, 6, 58, 75544, 97887
2026/07/08 17:31:34.789, 7, 38, 75544, 97887
2026/07/08 17:31:35.806, 0, 0, 48704, 97887
2026/07/08 17:31:35.822, 1, 0, 48104, 97887
2026/07/08 17:31:35.835, 2, 0, 48104, 97887
2026/07/08 17:31:35.852, 3, 0, 48104, 97887
2026/07/08 17:31:35.867, 4, 94, 75530, 97887
2026/07/08 17:31:35.882, 5, 28, 75528, 97887
2026/07/08 17:31:35.898, 6, 65, 75544, 97887
2026/07/08 17:31:35.916, 7, 57, 75544, 97887
2026/07/08 17:31:36.931, 0, 0, 48704, 97887
2026/07/08 17:31:36.949, 1, 0, 48104, 97887
2026/07/08 17:31:36.966, 2, 0, 48104, 97887
2026/07/08 17:31:36.982, 3, 0, 48104, 97887
2026/07/08 17:31:36.999, 4, 95, 75530, 97887
2026/07/08 17:31:37.016, 5, 29, 75528, 97887
2026/07/08 17:31:37.029, 6, 45, 75544, 97887
2026/07/08 17:31:37.041, 7, 85, 75544, 97887
2026/07/08 17:31:38.055, 0, 0, 48704, 97887
2026/07/08 17:31:38.071, 1, 0, 48104, 97887
2026/07/08 17:31:38.087, 2, 0, 48104, 97887
2026/07/08 17:31:38.102, 3, 0, 48104, 97887
2026/07/08 17:31:38.117, 4, 90, 75530, 97887
2026/07/08 17:31:38.134, 5, 55, 75528, 97887
2026/07/08 17:31:38.149, 6, 8, 75544, 97887
2026/07/08 17:31:38.163, 7, 38, 75544, 97887
2026/07/08 17:31:39.179, 0, 0, 48704, 97887
2026/07/08 17:31:39.198, 1, 0, 48104, 97887
2026/07/08 17:31:39.217, 2, 0, 48104, 97887
2026/07/08 17:31:39.236, 3, 0, 48104, 97887
2026/07/08 17:31:39.253, 4, 94, 75530, 97887
2026/07/08 17:31:39.265, 5, 29, 75528, 97887
2026/07/08 17:31:39.282, 6, 29, 75544, 97887
2026/07/08 17:31:39.300, 7, 89, 75544, 97887
2026/07/08 17:31:40.316, 0, 0, 48704, 97887
2026/07/08 17:31:40.336, 1, 0, 48104, 97887
2026/07/08 17:31:40.351, 2, 0, 48104, 97887
2026/07/08 17:31:40.368, 3, 0, 48104, 97887
2026/07/08 17:31:40.387, 4, 95, 75530, 97887
2026/07/08 17:31:40.402, 5, 55, 75528, 97887
2026/07/08 17:31:40.420, 6, 41, 75544, 97887
2026/07/08 17:31:40.436, 7, 85, 75544, 97887
2026/07/08 17:31:41.455, 0, 0, 48704, 97887
2026/07/08 17:31:41.475, 1, 0, 48104, 97887
2026/07/08 17:31:41.495, 2, 0, 48104, 97887
2026/07/08 17:31:41.513, 3, 0, 48104, 97887
2026/07/08 17:31:41.527, 4, 95, 75530, 97887
2026/07/08 17:31:41.542, 5, 61, 75528, 97887
2026/07/08 17:31:41.556, 6, 34, 75544, 97887
2026/07/08 17:31:41.569, 7, 83, 75544, 97887
2026/07/08 17:31:42.583, 0, 0, 48704, 97887
2026/07/08 17:31:42.592, 1, 0, 48104, 97887
2026/07/08 17:31:42.605, 2, 0, 48104, 97887
2026/07/08 17:31:42.623, 3, 0, 48104, 97887
2026/07/08 17:31:42.638, 4, 81, 75530, 97887
2026/07/08 17:31:42.653, 5, 72, 75528, 97887
2026/07/08 17:31:42.667, 6, 38, 75544, 97887
2026/07/08 17:31:42.683, 7, 89, 75544, 97887
2026/07/08 17:31:43.698, 0, 0, 48704, 97887
2026/07/08 17:31:43.713, 1, 0, 48104, 97887
2026/07/08 17:31:43.725, 2, 0, 48104, 97887
2026/07/08 17:31:43.736, 3, 0, 48104, 97887
2026/07/08 17:31:43.749, 4, 95, 75530, 97887
2026/07/08 17:31:43.764, 5, 27, 75528, 97887
2026/07/08 17:31:43.780, 6, 31, 75544, 97887
2026/07/08 17:31:43.796, 7, 89, 75544, 97887
2026/07/08 17:31:44.813, 0, 0, 48704, 97887
2026/07/08 17:31:44.831, 1, 0, 48104, 97887
2026/07/08 17:31:44.847, 2, 0, 48104, 97887
2026/07/08 17:31:44.866, 3, 0, 48104, 97887
2026/07/08 17:31:44.884, 4, 65, 75530, 97887
2026/07/08 17:31:44.902, 5, 33, 75528, 97887
2026/07/08 17:31:44.918, 6, 42, 75544, 97887
2026/07/08 17:31:44.936, 7, 82, 75544, 97887
2026/07/08 17:31:45.952, 0, 0, 48704, 97887
2026/07/08 17:31:45.971, 1, 0, 48104, 97887
2026/07/08 17:31:45.992, 2, 0, 48104, 97887
2026/07/08 17:31:46.011, 3, 0, 48104, 97887
2026/07/08 17:31:46.028, 4, 93, 75530, 97887
2026/07/08 17:31:46.046, 5, 28, 75528, 97887
2026/07/08 17:31:46.064, 6, 33, 75544, 97887
2026/07/08 17:31:46.084, 7, 85, 75544, 97887
2026/07/08 17:31:47.104, 0, 0, 48704, 97887
2026/07/08 17:31:47.121, 1, 0, 48104, 97887
2026/07/08 17:31:47.138, 2, 0, 48104, 97887
2026/07/08 17:31:47.155, 3, 0, 48104, 97887
2026/07/08 17:31:47.171, 4, 68, 75530, 97887
2026/07/08 17:31:47.188, 5, 29, 75528, 97887
2026/07/08 17:31:47.202, 6, 36, 75544, 97887
2026/07/08 17:31:47.219, 7, 85, 75544, 97887
2026/07/08 17:31:48.236, 0, 0, 48704, 97887
2026/07/08 17:31:48.251, 1, 0, 48104, 97887
2026/07/08 17:31:48.265, 2, 0, 48104, 97887
2026/07/08 17:31:48.281, 3, 0, 48104, 97887
2026/07/08 17:31:48.299, 4, 96, 75530, 97887
2026/07/08 17:31:48.317, 5, 33, 75528, 97887
2026/07/08 17:31:48.337, 6, 40, 75544, 97887
2026/07/08 17:31:48.359, 7, 94, 75544, 97887
2026/07/08 17:31:49.377, 0, 0, 48704, 97887
2026/07/08 17:31:49.395, 1, 0, 48104, 97887
2026/07/08 17:31:49.410, 2, 0, 48104, 97887
2026/07/08 17:31:49.426, 3, 0, 48104, 97887
2026/07/08 17:31:49.444, 4, 67, 75530, 97887
2026/07/08 17:31:49.460, 5, 49, 75528, 97887
2026/07/08 17:31:49.477, 6, 44, 75544, 97887
2026/07/08 17:31:49.492, 7, 77, 75544, 97887
2026/07/08 17:31:50.505, 0, 0, 48704, 97887
2026/07/08 17:31:50.523, 1, 0, 48104, 97887
2026/07/08 17:31:50.538, 2, 0, 48104, 97887
2026/07/08 17:31:50.554, 3, 0, 48104, 97887
2026/07/08 17:31:50.569, 4, 94, 75530, 97887
2026/07/08 17:31:50.585, 5, 41, 75528, 97887
2026/07/08 17:31:50.601, 6, 37, 75544, 97887
2026/07/08 17:31:50.617, 7, 84, 75544, 97887
2026/07/08 17:31:51.634, 0, 0, 48704, 97887
2026/07/08 17:31:51.651, 1, 0, 48104, 97887
2026/07/08 17:31:51.668, 2, 0, 48104, 97887
2026/07/08 17:31:51.682, 3, 0, 48104, 97887
2026/07/08 17:31:51.701, 4, 83, 75530, 97887
2026/07/08 17:31:51.718, 5, 90, 75528, 97887
2026/07/08 17:31:51.737, 6, 28, 75544, 97887
2026/07/08 17:31:51.757, 7, 87, 75544, 97887
2026/07/08 17:31:52.775, 0, 0, 48704, 97887
2026/07/08 17:31:52.792, 1, 0, 48104, 97887
2026/07/08 17:31:52.810, 2, 0, 48104, 97887
2026/07/08 17:31:52.829, 3, 0, 48104, 97887
2026/07/08 17:31:52.846, 4, 49, 75530, 97887
2026/07/08 17:31:52.863, 5, 27, 75528, 97887
2026/07/08 17:31:52.882, 6, 46, 75544, 97887
2026/07/08 17:31:52.899, 7, 80, 75544, 97887
2026/07/08 17:31:53.917, 0, 0, 48704, 97887
2026/07/08 17:31:53.934, 1, 0, 48104, 97887
2026/07/08 17:31:53.954, 2, 0, 48104, 97887
2026/07/08 17:31:53.973, 3, 0, 48104, 97887
2026/07/08 17:31:53.990, 4, 26, 75530, 97887
2026/07/08 17:31:54.009, 5, 85, 75528, 97887
2026/07/08 17:31:54.026, 6, 31, 75544, 97887
2026/07/08 17:31:54.044, 7, 89, 75544, 97887
2026/07/08 17:31:55.059, 0, 0, 48704, 97887
2026/07/08 17:31:55.076, 1, 0, 48104, 97887
2026/07/08 17:31:55.090, 2, 0, 48104, 97887
2026/07/08 17:31:55.107, 3, 0, 48104, 97887
2026/07/08 17:31:55.123, 4, 36, 75530, 97887
2026/07/08 17:31:55.139, 5, 75, 75528, 97887
2026/07/08 17:31:55.155, 6, 37, 75544, 97887
2026/07/08 17:31:55.170, 7, 81, 75544, 97887
2026/07/08 17:31:56.185, 0, 0, 48704, 97887
2026/07/08 17:31:56.203, 1, 0, 48104, 97887
2026/07/08 17:31:56.218, 2, 0, 48104, 97887
2026/07/08 17:31:56.232, 3, 0, 48104, 97887
2026/07/08 17:31:56.240, 4, 42, 75530, 97887
2026/07/08 17:31:56.252, 5, 75, 75528, 97887
2026/07/08 17:31:56.263, 6, 47, 75544, 97887
2026/07/08 17:31:56.276, 7, 83, 75544, 97887
2026/07/08 17:31:57.289, 0, 0, 48704, 97887
2026/07/08 17:31:57.305, 1, 0, 48104, 97887
2026/07/08 17:31:57.317, 2, 0, 48104, 97887
2026/07/08 17:31:57.329, 3, 0, 48104, 97887
2026/07/08 17:31:57.339, 4, 95, 75530, 97887
2026/07/08 17:31:57.349, 5, 28, 75528, 97887
2026/07/08 17:31:57.359, 6, 38, 75544, 97887
2026/07/08 17:31:57.375, 7, 83, 75544, 97887
2026/07/08 17:31:58.387, 0, 0, 48704, 97887
2026/07/08 17:31:58.402, 1, 0, 48104, 97887
2026/07/08 17:31:58.417, 2, 0, 48104, 97887
2026/07/08 17:31:58.435, 3, 0, 48104, 97887
2026/07/08 17:31:58.449, 4, 35, 75530, 97887
2026/07/08 17:31:58.464, 5, 96, 75528, 97887
2026/07/08 17:31:58.475, 6, 39, 75544, 97887
2026/07/08 17:31:58.484, 7, 80, 75544, 97887
2026/07/08 17:31:59.498, 0, 0, 48704, 97887
2026/07/08 17:31:59.516, 1, 0, 48104, 97887
2026/07/08 17:31:59.534, 2, 0, 48104, 97887
2026/07/08 17:31:59.552, 3, 0, 48104, 97887
2026/07/08 17:31:59.569, 4, 95, 75530, 97887
2026/07/08 17:31:59.582, 5, 28, 75528, 97887
2026/07/08 17:31:59.595, 6, 43, 75544, 97887
2026/07/08 17:31:59.623, 7, 88, 75544, 97887
2026/07/08 17:32:00.642, 0, 0, 48704, 97887
2026/07/08 17:32:00.658, 1, 0, 48104, 97887
2026/07/08 17:32:00.672, 2, 0, 48104, 97887
2026/07/08 17:32:00.687, 3, 0, 48104, 97887
2026/07/08 17:32:00.704, 4, 45, 75530, 97887
2026/07/08 17:32:00.724, 5, 62, 75528, 97887
2026/07/08 17:32:00.743, 6, 33, 75544, 97887
2026/07/08 17:32:00.760, 7, 85, 75544, 97887
2026/07/08 17:32:01.775, 0, 0, 48704, 97887
2026/07/08 17:32:01.795, 1, 0, 48104, 97887
2026/07/08 17:32:01.811, 2, 0, 48104, 97887
2026/07/08 17:32:01.826, 3, 0, 48104, 97887
2026/07/08 17:32:01.841, 4, 59, 75530, 97887
2026/07/08 17:32:01.855, 5, 55, 75528, 97887
2026/07/08 17:32:01.870, 6, 41, 75544, 97887
2026/07/08 17:32:01.886, 7, 23, 75544, 97887
2026/07/08 17:32:02.902, 0, 0, 48704, 97887
2026/07/08 17:32:02.919, 1, 0, 48104, 97887
2026/07/08 17:32:02.935, 2, 0, 48104, 97887
2026/07/08 17:32:02.956, 3, 0, 48104, 97887
2026/07/08 17:32:02.974, 4, 95, 75530, 97887
2026/07/08 17:32:02.991, 5, 28, 75528, 97887
2026/07/08 17:32:03.008, 6, 51, 75544, 97887
2026/07/08 17:32:03.026, 7, 62, 75544, 97887
2026/07/08 17:32:04.051, 0, 0, 48704, 97887
2026/07/08 17:32:04.066, 1, 0, 48104, 97887
2026/07/08 17:32:04.074, 2, 0, 48104, 97887
2026/07/08 17:32:04.085, 3, 0, 48104, 97887
2026/07/08 17:32:04.098, 4, 90, 75530, 97887
2026/07/08 17:32:04.111, 5, 89, 75528, 97887
2026/07/08 17:32:04.122, 6, 41, 75544, 97887
2026/07/08 17:32:04.134, 7, 94, 75544, 97887
2026/07/08 17:32:05.144, 0, 0, 48704, 97887
2026/07/08 17:32:05.164, 1, 0, 48104, 97887
2026/07/08 17:32:05.181, 2, 0, 48104, 97887
2026/07/08 17:32:05.211, 3, 0, 48104, 97887
2026/07/08 17:32:05.229, 4, 94, 75530, 97887
2026/07/08 17:32:05.246, 5, 27, 75528, 97887
2026/07/08 17:32:05.263, 6, 39, 75544, 97887
2026/07/08 17:32:05.282, 7, 80, 75544, 97887
2026/07/08 17:32:06.306, 0, 0, 48704, 97887
2026/07/08 17:32:06.321, 1, 0, 48104, 97887
2026/07/08 17:32:06.336, 2, 0, 48104, 97887
2026/07/08 17:32:06.351, 3, 0, 48104, 97887
2026/07/08 17:32:06.362, 4, 78, 75530, 97887
2026/07/08 17:32:06.374, 5, 30, 75528, 97887
2026/07/08 17:32:06.387, 6, 38, 75544, 97887
2026/07/08 17:32:06.399, 7, 75, 75544, 97887
2026/07/08 17:32:07.415, 0, 0, 48704, 97887
2026/07/08 17:32:07.429, 1, 0, 48104, 97887
2026/07/08 17:32:07.442, 2, 0, 48104, 97887
2026/07/08 17:32:07.455, 3, 0, 48104, 97887
2026/07/08 17:32:07.470, 4, 66, 75530, 97887
2026/07/08 17:32:07.483, 5, 70, 75528, 97887
2026/07/08 17:32:07.494, 6, 43, 75544, 97887
2026/07/08 17:32:07.505, 7, 94, 75544, 97887
2026/07/08 17:32:08.524, 0, 0, 48704, 97887
2026/07/08 17:32:08.540, 1, 0, 48104, 97887
2026/07/08 17:32:08.557, 2, 0, 48104, 97887
2026/07/08 17:32:08.576, 3, 0, 48104, 97887
2026/07/08 17:32:08.594, 4, 46, 75530, 97887
2026/07/08 17:32:08.611, 5, 73, 75528, 97887
2026/07/08 17:32:08.627, 6, 41, 75544, 97887
2026/07/08 17:32:08.642, 7, 87, 75544, 97887
2026/07/08 17:32:09.659, 0, 0, 48704, 97887
2026/07/08 17:32:09.673, 1, 0, 48104, 97887
2026/07/08 17:32:09.688, 2, 0, 48104, 97887
2026/07/08 17:32:09.703, 3, 0, 48104, 97887
2026/07/08 17:32:09.717, 4, 88, 75530, 97887
2026/07/08 17:32:09.733, 5, 36, 75528, 97887
2026/07/08 17:32:09.748, 6, 8, 75544, 97887
2026/07/08 17:32:09.764, 7, 1, 75544, 97887
2026/07/08 17:32:10.779, 0, 0, 48704, 97887
2026/07/08 17:32:10.797, 1, 0, 48104, 97887
2026/07/08 17:32:10.831, 2, 0, 48104, 97887
2026/07/08 17:32:10.848, 3, 0, 48104, 97887
2026/07/08 17:32:10.865, 4, 95, 75530, 97887
2026/07/08 17:32:10.881, 5, 28, 75528, 97887
2026/07/08 17:32:10.897, 6, 43, 75544, 97887
2026/07/08 17:32:10.912, 7, 68, 75544, 97887
2026/07/08 17:32:11.928, 0, 0, 48704, 97887
2026/07/08 17:32:11.944, 1, 0, 48104, 97887
2026/07/08 17:32:11.960, 2, 0, 48104, 97887
2026/07/08 17:32:11.976, 3, 0, 48104, 97887
2026/07/08 17:32:11.990, 4, 91, 75530, 97887
2026/07/08 17:32:12.008, 5, 27, 75528, 97887
2026/07/08 17:32:12.023, 6, 34, 75544, 97887
2026/07/08 17:32:12.038, 7, 79, 75544, 97887
2026/07/08 17:32:13.056, 0, 0, 48704, 97887
2026/07/08 17:32:13.071, 1, 0, 48104, 97887
2026/07/08 17:32:13.084, 2, 0, 48104, 97887
2026/07/08 17:32:13.096, 3, 0, 48104, 97887
2026/07/08 17:32:13.109, 4, 77, 75530, 97887
2026/07/08 17:32:13.121, 5, 58, 75528, 97887
2026/07/08 17:32:13.134, 6, 50, 75544, 97887
2026/07/08 17:32:13.147, 7, 81, 75544, 97887
2026/07/08 17:32:14.159, 0, 0, 48704, 97887
2026/07/08 17:32:14.175, 1, 0, 48104, 97887
2026/07/08 17:32:14.190, 2, 0, 48104, 97887
2026/07/08 17:32:14.202, 3, 0, 48104, 97887
2026/07/08 17:32:14.217, 4, 29, 75530, 97887
2026/07/08 17:32:14.232, 5, 62, 75528, 97887
2026/07/08 17:32:14.247, 6, 36, 75544, 97887
2026/07/08 17:32:14.258, 7, 78, 75544, 97887
2026/07/08 17:32:15.272, 0, 0, 48704, 97887
2026/07/08 17:32:15.289, 1, 0, 48104, 97887
2026/07/08 17:32:15.305, 2, 0, 48104, 97887
2026/07/08 17:32:15.323, 3, 0, 48104, 97887
2026/07/08 17:32:15.340, 4, 69, 75530, 97887
2026/07/08 17:32:15.357, 5, 62, 75528, 97887
2026/07/08 17:32:15.371, 6, 45, 75544, 97887
2026/07/08 17:32:15.387, 7, 84, 75544, 97887
2026/07/08 17:32:16.404, 0, 0, 48704, 97887
2026/07/08 17:32:16.419, 1, 0, 48104, 97887
2026/07/08 17:32:16.434, 2, 0, 48104, 97887
2026/07/08 17:32:16.452, 3, 0, 48104, 97887
2026/07/08 17:32:16.468, 4, 93, 75530, 97887
2026/07/08 17:32:16.508, 5, 24, 75528, 97887
2026/07/08 17:32:16.526, 6, 38, 75544, 97887
2026/07/08 17:32:16.543, 7, 91, 75544, 97887
2026/07/08 17:32:17.558, 0, 0, 48704, 97887
2026/07/08 17:32:17.575, 1, 0, 48104, 97887
2026/07/08 17:32:17.592, 2, 0, 48104, 97887
2026/07/08 17:32:17.608, 3, 0, 48104, 97887
2026/07/08 17:32:17.622, 4, 24, 75530, 97887
2026/07/08 17:32:17.635, 5, 93, 75528, 97887
2026/07/08 17:32:17.649, 6, 37, 75544, 97887
2026/07/08 17:32:17.663, 7, 93, 75544, 97887
2026/07/08 17:32:18.673, 0, 0, 48704, 97887
2026/07/08 17:32:18.683, 1, 0, 48104, 97887
2026/07/08 17:32:18.695, 2, 0, 48104, 97887
2026/07/08 17:32:18.705, 3, 0, 48104, 97887
2026/07/08 17:32:18.719, 4, 52, 75530, 97887
2026/07/08 17:32:18.735, 5, 72, 75528, 97887
2026/07/08 17:32:18.747, 6, 45, 75544, 97887
2026/07/08 17:32:18.758, 7, 79, 75544, 97887
2026/07/08 17:32:19.773, 0, 0, 48704, 97887
2026/07/08 17:32:19.792, 1, 0, 48104, 97887
2026/07/08 17:32:19.809, 2, 0, 48104, 97887
2026/07/08 17:32:19.827, 3, 0, 48104, 97887
2026/07/08 17:32:19.843, 4, 83, 75530, 97887
2026/07/08 17:32:19.859, 5, 28, 75528, 97887
2026/07/08 17:32:19.879, 6, 35, 75544, 97887
2026/07/08 17:32:19.894, 7, 69, 75544, 97887
2026/07/08 17:32:20.917, 0, 0, 48704, 97887
2026/07/08 17:32:20.931, 1, 0, 48104, 97887
2026/07/08 17:32:20.943, 2, 0, 48104, 97887
2026/07/08 17:32:20.955, 3, 0, 48104, 97887
2026/07/08 17:32:20.969, 4, 95, 75530, 97887
2026/07/08 17:32:20.985, 5, 27, 75528, 97887
2026/07/08 17:32:21.003, 6, 100, 75544, 97887
2026/07/08 17:32:21.021, 7, 100, 75544, 97887
2026/07/08 17:32:22.037, 0, 0, 48704, 97887
2026/07/08 17:32:22.058, 1, 0, 48104, 97887
2026/07/08 17:32:22.076, 2, 0, 48104, 97887
2026/07/08 17:32:22.090, 3, 0, 48104, 97887
2026/07/08 17:32:22.108, 4, 90, 75530, 97887
2026/07/08 17:32:22.123, 5, 29, 75528, 97887
2026/07/08 17:32:22.141, 6, 50, 75544, 97887
2026/07/08 17:32:22.159, 7, 79, 75544, 97887
2026/07/08 17:32:23.176, 0, 0, 48704, 97887
2026/07/08 17:32:23.192, 1, 0, 48104, 97887
2026/07/08 17:32:23.207, 2, 0, 48104, 97887
2026/07/08 17:32:23.224, 3, 0, 48104, 97887
2026/07/08 17:32:23.242, 4, 90, 75530, 97887
2026/07/08 17:32:23.260, 5, 27, 75528, 97887
2026/07/08 17:32:23.280, 6, 41, 75544, 97887
2026/07/08 17:32:23.299, 7, 55, 75544, 97887
2026/07/08 17:32:24.316, 0, 0, 48704, 97887
2026/07/08 17:32:24.330, 1, 0, 48104, 97887
2026/07/08 17:32:24.343, 2, 0, 48104, 97887
2026/07/08 17:32:24.358, 3, 0, 48104, 97887
2026/07/08 17:32:24.372, 4, 94, 75530, 97887
2026/07/08 17:32:24.390, 5, 27, 75528, 97887
2026/07/08 17:32:24.407, 6, 37, 75544, 97887
2026/07/08 17:32:24.426, 7, 86, 75544, 97887
2026/07/08 17:32:25.442, 0, 0, 48704, 97887
2026/07/08 17:32:25.458, 1, 0, 48104, 97887
2026/07/08 17:32:25.473, 2, 0, 48104, 97887
2026/07/08 17:32:25.487, 3, 0, 48104, 97887
2026/07/08 17:32:25.503, 4, 69, 75530, 97887
2026/07/08 17:32:25.517, 5, 31, 75528, 97887
2026/07/08 17:32:25.534, 6, 35, 75544, 97887
2026/07/08 17:32:25.551, 7, 82, 75544, 97887
2026/07/08 17:32:26.566, 0, 0, 48704, 97887
2026/07/08 17:32:26.582, 1, 0, 48104, 97887
2026/07/08 17:32:26.598, 2, 0, 48104, 97887
2026/07/08 17:32:26.612, 3, 0, 48104, 97887
2026/07/08 17:32:26.629, 4, 95, 75530, 97887
2026/07/08 17:32:26.643, 5, 27, 75528, 97887
2026/07/08 17:32:26.662, 6, 37, 75544, 97887
2026/07/08 17:32:26.681, 7, 85, 75544, 97887
2026/07/08 17:32:27.699, 0, 0, 48704, 97887
2026/07/08 17:32:27.714, 1, 0, 48104, 97887
2026/07/08 17:32:27.730, 2, 0, 48104, 97887
2026/07/08 17:32:27.745, 3, 0, 48104, 97887
2026/07/08 17:32:27.759, 4, 27, 75530, 97887
2026/07/08 17:32:27.773, 5, 94, 75528, 97887
2026/07/08 17:32:27.790, 6, 29, 75544, 97887
2026/07/08 17:32:27.806, 7, 95, 75544, 97887
2026/07/08 17:32:28.824, 0, 0, 48704, 97887
2026/07/08 17:32:28.840, 1, 0, 48104, 97887
2026/07/08 17:32:28.859, 2, 0, 48104, 97887
2026/07/08 17:32:28.874, 3, 0, 48104, 97887
2026/07/08 17:32:28.890, 4, 95, 75530, 97887
2026/07/08 17:32:28.906, 5, 28, 75528, 97887
2026/07/08 17:32:28.921, 6, 37, 75544, 97887
2026/07/08 17:32:28.936, 7, 83, 75544, 97887
2026/07/08 17:32:29.954, 0, 0, 48704, 97887
2026/07/08 17:32:29.970, 1, 0, 48104, 97887
2026/07/08 17:32:29.986, 2, 0, 48104, 97887
2026/07/08 17:32:29.998, 3, 0, 48104, 97887
2026/07/08 17:32:30.011, 4, 94, 75530, 97887
2026/07/08 17:32:30.024, 5, 37, 75528, 97887
2026/07/08 17:32:30.042, 6, 39, 75544, 97887
2026/07/08 17:32:30.059, 7, 74, 75544, 97887
2026/07/08 17:32:31.079, 0, 0, 48704, 97887
2026/07/08 17:32:31.095, 1, 0, 48104, 97887
2026/07/08 17:32:31.106, 2, 0, 48104, 97887
2026/07/08 17:32:31.119, 3, 0, 48104, 97887
2026/07/08 17:32:31.131, 4, 95, 75530, 97887
2026/07/08 17:32:31.147, 5, 26, 75528, 97887
2026/07/08 17:32:31.169, 6, 47, 75544, 97887
2026/07/08 17:32:31.183, 7, 67, 75544, 97887
2026/07/08 17:32:32.196, 0, 0, 48704, 97887
2026/07/08 17:32:32.210, 1, 0, 48104, 97887
2026/07/08 17:32:32.224, 2, 0, 48104, 97887
2026/07/08 17:32:32.239, 3, 0, 48104, 97887
2026/07/08 17:32:32.255, 4, 75, 75530, 97887
2026/07/08 17:32:32.272, 5, 64, 75528, 97887
2026/07/08 17:32:32.288, 6, 78, 75544, 97887
2026/07/08 17:32:32.303, 7, 74, 75544, 97887
2026/07/08 17:32:33.318, 0, 0, 48704, 97887
2026/07/08 17:32:33.334, 1, 0, 48104, 97887
2026/07/08 17:32:33.348, 2, 0, 48104, 97887
2026/07/08 17:32:33.360, 3, 0, 48104, 97887
2026/07/08 17:32:33.371, 4, 34, 75530, 97887
2026/07/08 17:32:33.386, 5, 76, 75528, 97887
2026/07/08 17:32:33.401, 6, 83, 75544, 97887
2026/07/08 17:32:33.414, 7, 51, 75544, 97887
2026/07/08 17:32:34.427, 0, 0, 48704, 97887
2026/07/08 17:32:34.439, 1, 0, 48104, 97887
2026/07/08 17:32:34.450, 2, 0, 48104, 97887
2026/07/08 17:32:34.461, 3, 0, 48104, 97887
2026/07/08 17:32:34.476, 4, 69, 75530, 97887
2026/07/08 17:32:34.490, 5, 71, 75528, 97887
2026/07/08 17:32:34.505, 6, 43, 75544, 97887
2026/07/08 17:32:34.520, 7, 63, 75544, 97887
2026/07/08 17:32:35.535, 0, 0, 48704, 97887
2026/07/08 17:32:35.549, 1, 0, 48104, 97887
2026/07/08 17:32:35.564, 2, 0, 48104, 97887
2026/07/08 17:32:35.582, 3, 0, 48104, 97887
2026/07/08 17:32:35.599, 4, 30, 75530, 97887
2026/07/08 17:32:35.614, 5, 91, 75528, 97887
2026/07/08 17:32:35.627, 6, 39, 75544, 97887
2026/07/08 17:32:35.641, 7, 75, 75544, 97887
2026/07/08 17:32:36.655, 0, 0, 48704, 97887
2026/07/08 17:32:36.670, 1, 0, 48104, 97887
2026/07/08 17:32:36.682, 2, 0, 48104, 97887
2026/07/08 17:32:36.695, 3, 0, 48104, 97887
2026/07/08 17:32:36.707, 4, 57, 75530, 97887
2026/07/08 17:32:36.725, 5, 79, 75528, 97887
2026/07/08 17:32:36.741, 6, 46, 75544, 97887
2026/07/08 17:32:36.757, 7, 76, 75544, 97887
2026/07/08 17:32:37.773, 0, 0, 48704, 97887
2026/07/08 17:32:37.789, 1, 0, 48104, 97887
2026/07/08 17:32:37.802, 2, 0, 48104, 97887
2026/07/08 17:32:37.818, 3, 0, 48104, 97887
2026/07/08 17:32:37.834, 4, 95, 75530, 97887
2026/07/08 17:32:37.849, 5, 74, 75528, 97887
2026/07/08 17:32:37.861, 6, 37, 75544, 97887
2026/07/08 17:32:37.875, 7, 81, 75544, 97887
2026/07/08 17:32:38.890, 0, 0, 48704, 97887
2026/07/08 17:32:38.906, 1, 0, 48104, 97887
2026/07/08 17:32:38.920, 2, 0, 48104, 97887
2026/07/08 17:32:38.936, 3, 0, 48104, 97887
2026/07/08 17:32:38.951, 4, 31, 75530, 97887
2026/07/08 17:32:38.967, 5, 80, 75528, 97887
2026/07/08 17:32:38.984, 6, 44, 75544, 97887
2026/07/08 17:32:39.001, 7, 56, 75544, 97887
2026/07/08 17:32:40.017, 0, 0, 48704, 97887
2026/07/08 17:32:40.031, 1, 0, 48104, 97887
2026/07/08 17:32:40.047, 2, 0, 48104, 97887
2026/07/08 17:32:40.060, 3, 0, 48104, 97887
2026/07/08 17:32:40.076, 4, 28, 75530, 97887
2026/07/08 17:32:40.094, 5, 85, 75528, 97887
2026/07/08 17:32:40.108, 6, 92, 75544, 97887
2026/07/08 17:32:40.125, 7, 30, 75544, 97887
2026/07/08 17:32:41.142, 0, 0, 48704, 97887
2026/07/08 17:32:41.157, 1, 0, 48104, 97887
2026/07/08 17:32:41.169, 2, 0, 48104, 97887
2026/07/08 17:32:41.184, 3, 0, 48104, 97887
2026/07/08 17:32:41.198, 4, 38, 75530, 97887
2026/07/08 17:32:41.211, 5, 74, 75528, 97887
2026/07/08 17:32:41.223, 6, 91, 75544, 97887
2026/07/08 17:32:41.234, 7, 23, 75544, 97887
2026/07/08 17:32:42.246, 0, 0, 48704, 97887
2026/07/08 17:32:42.261, 1, 0, 48104, 97887
2026/07/08 17:32:42.272, 2, 0, 48104, 97887
2026/07/08 17:32:42.286, 3, 0, 48104, 97887
2026/07/08 17:32:42.300, 4, 88, 75530, 97887
2026/07/08 17:32:42.316, 5, 49, 75528, 97887
2026/07/08 17:32:42.332, 6, 91, 75546, 97887
2026/07/08 17:32:42.346, 7, 34, 75544, 97887
2026/07/08 17:32:43.361, 0, 0, 48704, 97887
2026/07/08 17:32:43.377, 1, 0, 48104, 97887
2026/07/08 17:32:43.390, 2, 0, 48104, 97887
2026/07/08 17:32:43.403, 3, 0, 48104, 97887
2026/07/08 17:32:43.414, 4, 84, 75530, 97887
2026/07/08 17:32:43.426, 5, 27, 75528, 97887
2026/07/08 17:32:43.442, 6, 44, 75546, 97887
2026/07/08 17:32:43.457, 7, 48, 75544, 97887
2026/07/08 17:32:44.473, 0, 0, 48704, 97887
2026/07/08 17:32:44.489, 1, 0, 48104, 97887
2026/07/08 17:32:44.505, 2, 0, 48104, 97887
2026/07/08 17:32:44.520, 3, 0, 48104, 97887
2026/07/08 17:32:44.536, 4, 85, 75530, 97887
2026/07/08 17:32:44.553, 5, 26, 75528, 97887
2026/07/08 17:32:44.571, 6, 89, 75546, 97887
2026/07/08 17:32:44.591, 7, 25, 75544, 97887
2026/07/08 17:32:45.610, 0, 0, 48704, 97887
2026/07/08 17:32:45.625, 1, 0, 48104, 97887
2026/07/08 17:32:45.636, 2, 0, 48104, 97887
2026/07/08 17:32:45.648, 3, 0, 48104, 97887
2026/07/08 17:32:45.661, 4, 82, 75530, 97887
2026/07/08 17:32:45.672, 5, 26, 75528, 97887
2026/07/08 17:32:45.684, 6, 90, 75546, 97887
2026/07/08 17:32:45.694, 7, 28, 75544, 97887
2026/07/08 17:32:46.706, 0, 0, 48704, 97887
2026/07/08 17:32:46.724, 1, 0, 48104, 97887
2026/07/08 17:32:46.744, 2, 0, 48104, 97887
2026/07/08 17:32:46.760, 3, 0, 48104, 97887
2026/07/08 17:32:46.777, 4, 93, 75530, 97887
2026/07/08 17:32:46.793, 5, 26, 75528, 97887
2026/07/08 17:32:46.811, 6, 46, 75546, 97887
2026/07/08 17:32:46.830, 7, 70, 75544, 97887
2026/07/08 17:32:47.846, 0, 0, 48704, 97887
2026/07/08 17:32:47.867, 1, 0, 48104, 97887
2026/07/08 17:32:47.883, 2, 0, 48104, 97887
2026/07/08 17:32:47.898, 3, 0, 48104, 97887
2026/07/08 17:32:47.911, 4, 78, 75530, 97887
2026/07/08 17:32:47.925, 5, 27, 75528, 97887
2026/07/08 17:32:47.940, 6, 32, 75546, 97887
2026/07/08 17:32:47.954, 7, 84, 75544, 97887
2026/07/08 17:32:48.972, 0, 0, 48704, 97887
2026/07/08 17:32:48.988, 1, 0, 48104, 97887
2026/07/08 17:32:49.006, 2, 0, 48104, 97887
2026/07/08 17:32:49.020, 3, 0, 48104, 97887
2026/07/08 17:32:49.030, 4, 89, 75530, 97887
2026/07/08 17:32:49.041, 5, 26, 75528, 97887
2026/07/08 17:32:49.055, 6, 27, 75546, 97887
2026/07/08 17:32:49.068, 7, 85, 75544, 97887
2026/07/08 17:32:50.079, 0, 0, 48704, 97887
2026/07/08 17:32:50.095, 1, 0, 48104, 97887
2026/07/08 17:32:50.110, 2, 0, 48104, 97887
2026/07/08 17:32:50.127, 3, 0, 48104, 97887
2026/07/08 17:32:50.144, 4, 81, 75530, 97887
2026/07/08 17:32:50.162, 5, 29, 75528, 97887
2026/07/08 17:32:50.178, 6, 28, 75546, 97887
2026/07/08 17:32:50.197, 7, 84, 75544, 97887
2026/07/08 17:32:51.213, 0, 0, 48704, 97887
2026/07/08 17:32:51.228, 1, 0, 48104, 97887
2026/07/08 17:32:51.243, 2, 0, 48104, 97887
2026/07/08 17:32:51.261, 3, 0, 48104, 97887
2026/07/08 17:32:51.280, 4, 38, 75530, 97887
2026/07/08 17:32:51.296, 5, 79, 75528, 97887
2026/07/08 17:32:51.311, 6, 30, 75546, 97887
2026/07/08 17:32:51.328, 7, 60, 75544, 97887
2026/07/08 17:32:52.342, 0, 0, 48704, 97887
2026/07/08 17:32:52.363, 1, 0, 48104, 97887
2026/07/08 17:32:52.378, 2, 0, 48104, 97887
2026/07/08 17:32:52.394, 3, 0, 48104, 97887
2026/07/08 17:32:52.409, 4, 91, 75530, 97887
2026/07/08 17:32:52.426, 5, 40, 75528, 97887
2026/07/08 17:32:52.439, 6, 47, 75546, 97887
2026/07/08 17:32:52.454, 7, 75, 75544, 97887
2026/07/08 17:32:53.471, 0, 0, 48704, 97887
2026/07/08 17:32:53.484, 1, 0, 48104, 97887
2026/07/08 17:32:53.499, 2, 0, 48104, 97887
2026/07/08 17:32:53.513, 3, 0, 48104, 97887
2026/07/08 17:32:53.528, 4, 37, 75530, 97887
2026/07/08 17:32:53.543, 5, 76, 75528, 97887
2026/07/08 17:32:53.556, 6, 37, 75546, 97887
2026/07/08 17:32:53.570, 7, 74, 75544, 97887
2026/07/08 17:32:54.583, 0, 0, 48704, 97887
2026/07/08 17:32:54.600, 1, 0, 48104, 97887
2026/07/08 17:32:54.612, 2, 0, 48104, 97887
2026/07/08 17:32:54.626, 3, 0, 48104, 97887
2026/07/08 17:32:54.639, 4, 95, 75530, 97887
2026/07/08 17:32:54.652, 5, 26, 75528, 97887
2026/07/08 17:32:54.665, 6, 70, 75546, 97887
2026/07/08 17:32:54.674, 7, 85, 75544, 97887
2026/07/08 17:32:55.683, 0, 0, 48704, 97887
2026/07/08 17:32:55.700, 1, 0, 48104, 97887
2026/07/08 17:32:55.715, 2, 0, 48104, 97887
2026/07/08 17:32:55.729, 3, 0, 48104, 97887
2026/07/08 17:32:55.743, 4, 45, 75530, 97887
2026/07/08 17:32:55.759, 5, 67, 75528, 97887
2026/07/08 17:32:55.772, 6, 38, 75546, 97887
2026/07/08 17:32:55.784, 7, 65, 75544, 97887
2026/07/08 17:32:56.796, 0, 0, 48704, 97887
2026/07/08 17:32:56.812, 1, 0, 48104, 97887
2026/07/08 17:32:56.825, 2, 0, 48104, 97887
2026/07/08 17:32:56.838, 3, 0, 48104, 97887
2026/07/08 17:32:56.851, 4, 94, 75530, 97887
2026/07/08 17:32:56.866, 5, 69, 75528, 97887
2026/07/08 17:32:56.882, 6, 47, 75546, 97887
2026/07/08 17:32:56.896, 7, 65, 75544, 97887
2026/07/08 17:32:57.910, 0, 0, 48704, 97887
2026/07/08 17:32:57.929, 1, 0, 48104, 97887
2026/07/08 17:32:57.945, 2, 0, 48104, 97887
2026/07/08 17:32:57.964, 3, 0, 48104, 97887
2026/07/08 17:32:57.983, 4, 93, 75530, 97887
2026/07/08 17:32:58.000, 5, 27, 75528, 97887
2026/07/08 17:32:58.019, 6, 59, 75546, 97887
2026/07/08 17:32:58.039, 7, 48, 75544, 97887
2026/07/08 17:32:59.054, 0, 0, 48704, 97887
2026/07/08 17:32:59.065, 1, 0, 48104, 97887
2026/07/08 17:32:59.079, 2, 0, 48104, 97887
2026/07/08 17:32:59.091, 3, 0, 48104, 97887
2026/07/08 17:32:59.103, 4, 87, 75530, 97887
2026/07/08 17:32:59.116, 5, 27, 75528, 97887
2026/07/08 17:32:59.130, 6, 46, 75546, 97887
2026/07/08 17:32:59.146, 7, 75, 75544, 97887
2026/07/08 17:33:00.162, 0, 0, 48704, 97887
2026/07/08 17:33:00.179, 1, 0, 48104, 97887
2026/07/08 17:33:00.196, 2, 0, 48104, 97887
2026/07/08 17:33:00.213, 3, 0, 48104, 97887
2026/07/08 17:33:00.230, 4, 59, 75530, 97887
2026/07/08 17:33:00.244, 5, 59, 75528, 97887
2026/07/08 17:33:00.261, 6, 44, 75546, 97887
2026/07/08 17:33:00.278, 7, 53, 75544, 97887
2026/07/08 17:33:01.295, 0, 0, 48704, 97887
2026/07/08 17:33:01.305, 1, 0, 48104, 97887
2026/07/08 17:33:01.317, 2, 0, 48104, 97887
2026/07/08 17:33:01.328, 3, 0, 48104, 97887
2026/07/08 17:33:01.339, 4, 100, 75530, 97887
2026/07/08 17:33:01.350, 5, 88, 75528, 97887
2026/07/08 17:33:01.364, 6, 62, 75546, 97887
2026/07/08 17:33:01.378, 7, 64, 75544, 97887
2026/07/08 17:33:02.390, 0, 0, 48704, 97887
2026/07/08 17:33:02.400, 1, 0, 48104, 97887
2026/07/08 17:33:02.411, 2, 0, 48104, 97887
2026/07/08 17:33:02.429, 3, 0, 48104, 97887
2026/07/08 17:33:02.440, 4, 87, 75530, 97887
2026/07/08 17:33:02.450, 5, 26, 75528, 97887
2026/07/08 17:33:02.461, 6, 43, 75546, 97887
2026/07/08 17:33:02.473, 7, 64, 75544, 97887
2026/07/08 17:33:03.486, 0, 0, 48704, 97887
2026/07/08 17:33:03.503, 1, 0, 48104, 97887
2026/07/08 17:33:03.514, 2, 0, 48104, 97887
2026/07/08 17:33:03.525, 3, 0, 48104, 97887
2026/07/08 17:33:03.539, 4, 91, 75530, 97887
2026/07/08 17:33:03.547, 5, 27, 75528, 97887
2026/07/08 17:33:03.555, 6, 33, 75546, 97887
2026/07/08 17:33:03.571, 7, 83, 75544, 97887
2026/07/08 17:33:04.586, 0, 0, 48704, 97887
2026/07/08 17:33:04.604, 1, 0, 48104, 97887
2026/07/08 17:33:04.624, 2, 0, 48104, 97887
2026/07/08 17:33:04.641, 3, 0, 48104, 97887
2026/07/08 17:33:04.661, 4, 95, 75530, 97887
2026/07/08 17:33:04.678, 5, 27, 75528, 97887
2026/07/08 17:33:04.694, 6, 50, 75546, 97887
2026/07/08 17:33:04.708, 7, 48, 75544, 97887
2026/07/08 17:33:05.724, 0, 0, 48704, 97887
2026/07/08 17:33:05.739, 1, 0, 48104, 97887
2026/07/08 17:33:05.753, 2, 0, 48104, 97887
2026/07/08 17:33:05.788, 3, 0, 48104, 97887
2026/07/08 17:33:05.807, 4, 95, 75530, 97887
2026/07/08 17:33:05.821, 5, 27, 75528, 97887
2026/07/08 17:33:05.839, 6, 37, 75546, 97887
2026/07/08 17:33:05.853, 7, 66, 75544, 97887
2026/07/08 17:33:06.876, 0, 0, 48704, 97887
2026/07/08 17:33:06.884, 1, 0, 48104, 97887
2026/07/08 17:33:06.892, 2, 0, 48104, 97887
2026/07/08 17:33:06.899, 3, 0, 48104, 97887
2026/07/08 17:33:06.911, 4, 95, 75530, 97887
2026/07/08 17:33:06.921, 5, 28, 75528, 97887
2026/07/08 17:33:06.934, 6, 50, 75546, 97887
2026/07/08 17:33:06.948, 7, 76, 75544, 97887
2026/07/08 17:33:07.962, 0, 0, 48704, 97887
2026/07/08 17:33:07.974, 1, 0, 48104, 97887
2026/07/08 17:33:07.984, 2, 0, 48104, 97887
2026/07/08 17:33:07.998, 3, 0, 48104, 97887
2026/07/08 17:33:08.014, 4, 82, 75530, 97887
2026/07/08 17:33:08.033, 5, 36, 75528, 97887
2026/07/08 17:33:08.048, 6, 48, 75546, 97887
2026/07/08 17:33:08.059, 7, 62, 75544, 97887
2026/07/08 17:33:09.072, 0, 0, 48704, 97887
2026/07/08 17:33:09.084, 1, 0, 48104, 97887
2026/07/08 17:33:09.096, 2, 0, 48104, 97887
2026/07/08 17:33:09.111, 3, 0, 48104, 97887
2026/07/08 17:33:09.126, 4, 90, 75530, 97887
2026/07/08 17:33:09.141, 5, 26, 75528, 97887
2026/07/08 17:33:09.158, 6, 35, 75546, 97887
2026/07/08 17:33:09.175, 7, 84, 75544, 97887
2026/07/08 17:33:10.192, 0, 0, 48704, 97887
2026/07/08 17:33:10.205, 1, 0, 48104, 97887
2026/07/08 17:33:10.220, 2, 0, 48104, 97887
2026/07/08 17:33:10.235, 3, 0, 48104, 97887
2026/07/08 17:33:10.248, 4, 95, 75530, 97887
2026/07/08 17:33:10.263, 5, 27, 75528, 97887
2026/07/08 17:33:10.278, 6, 41, 75546, 97887
2026/07/08 17:33:10.290, 7, 76, 75544, 97887
2026/07/08 17:33:11.307, 0, 0, 48704, 97887
2026/07/08 17:33:11.355, 1, 0, 48104, 97887
2026/07/08 17:33:11.371, 2, 0, 48104, 97887
2026/07/08 17:33:11.390, 3, 0, 48104, 97887
2026/07/08 17:33:11.407, 4, 95, 75530, 97887
2026/07/08 17:33:11.422, 5, 25, 75528, 97887
2026/07/08 17:33:11.437, 6, 31, 75546, 97887
2026/07/08 17:33:11.453, 7, 77, 75544, 97887
2026/07/08 17:33:12.468, 0, 0, 48704, 97887
2026/07/08 17:33:12.481, 1, 0, 48104, 97887
2026/07/08 17:33:12.496, 2, 0, 48104, 97887
2026/07/08 17:33:12.508, 3, 0, 48104, 97887
2026/07/08 17:33:12.518, 4, 95, 75530, 97887
2026/07/08 17:33:12.530, 5, 26, 75528, 97887
2026/07/08 17:33:12.540, 6, 33, 75546, 97887
2026/07/08 17:33:12.552, 7, 73, 75544, 97887
2026/07/08 17:33:13.563, 0, 0, 48704, 97887
2026/07/08 17:33:13.580, 1, 0, 48104, 97887
2026/07/08 17:33:13.595, 2, 0, 48104, 97887
2026/07/08 17:33:13.611, 3, 0, 48104, 97887
2026/07/08 17:33:13.629, 4, 86, 75530, 97887
2026/07/08 17:33:13.651, 5, 29, 75528, 97887
2026/07/08 17:33:13.668, 6, 32, 75546, 97887
2026/07/08 17:33:13.684, 7, 83, 75544, 97887
2026/07/08 17:33:14.702, 0, 0, 48704, 97887
2026/07/08 17:33:14.714, 1, 0, 48104, 97887
2026/07/08 17:33:14.727, 2, 0, 48104, 97887
2026/07/08 17:33:14.740, 3, 0, 48104, 97887
2026/07/08 17:33:14.756, 4, 84, 75530, 97887
2026/07/08 17:33:14.771, 5, 27, 75528, 97887
2026/07/08 17:33:14.784, 6, 45, 75546, 97887
2026/07/08 17:33:14.801, 7, 47, 75544, 97887
2026/07/08 17:33:15.814, 0, 0, 48704, 97887
2026/07/08 17:33:15.823, 1, 0, 48104, 97887
2026/07/08 17:33:15.833, 2, 0, 48104, 97887
2026/07/08 17:33:15.844, 3, 0, 48104, 97887
2026/07/08 17:33:15.853, 4, 71, 75530, 97887
2026/07/08 17:33:15.863, 5, 67, 75528, 97887
2026/07/08 17:33:15.875, 6, 28, 75546, 97887
2026/07/08 17:33:15.884, 7, 85, 75544, 97887
2026/07/08 17:33:16.895, 0, 0, 48704, 97887
2026/07/08 17:33:16.921, 1, 0, 48104, 97887
2026/07/08 17:33:16.938, 2, 0, 48104, 97887
2026/07/08 17:33:16.954, 3, 0, 48104, 97887
2026/07/08 17:33:16.969, 4, 70, 75530, 97887
2026/07/08 17:33:16.987, 5, 29, 75528, 97887
2026/07/08 17:33:17.002, 6, 33, 75546, 97887
2026/07/08 17:33:17.020, 7, 83, 75544, 97887
2026/07/08 17:33:18.035, 0, 0, 48704, 97887
2026/07/08 17:33:18.046, 1, 0, 48104, 97887
2026/07/08 17:33:18.056, 2, 0, 48104, 97887
2026/07/08 17:33:18.065, 3, 0, 48104, 97887
2026/07/08 17:33:18.075, 4, 78, 75530, 97887
2026/07/08 17:33:18.087, 5, 37, 75528, 97887
2026/07/08 17:33:18.102, 6, 29, 75546, 97887
2026/07/08 17:33:18.116, 7, 86, 75544, 97887
2026/07/08 17:33:19.129, 0, 0, 48704, 97887
2026/07/08 17:33:19.144, 1, 0, 48104, 97887
2026/07/08 17:33:19.159, 2, 0, 48104, 97887
2026/07/08 17:33:19.176, 3, 0, 48104, 97887
2026/07/08 17:33:19.189, 4, 94, 75530, 97887
2026/07/08 17:33:19.201, 5, 24, 75528, 97887
2026/07/08 17:33:19.215, 6, 30, 75546, 97887
2026/07/08 17:33:19.230, 7, 88, 75544, 97887
2026/07/08 17:33:20.245, 0, 0, 48704, 97887
2026/07/08 17:33:20.262, 1, 0, 48104, 97887
2026/07/08 17:33:20.278, 2, 0, 48104, 97887
2026/07/08 17:33:20.293, 3, 0, 48104, 97887
2026/07/08 17:33:20.307, 4, 52, 75530, 97887
2026/07/08 17:33:20.322, 5, 40, 75530, 97887
2026/07/08 17:33:20.336, 6, 51, 75546, 97887
2026/07/08 17:33:20.350, 7, 31, 75544, 97887
2026/07/08 17:33:21.363, 0, 0, 48704, 97887
2026/07/08 17:33:21.373, 1, 0, 48104, 97887
2026/07/08 17:33:21.387, 2, 0, 48104, 97887
2026/07/08 17:33:21.404, 3, 0, 48104, 97887
2026/07/08 17:33:21.421, 4, 95, 75530, 97887
2026/07/08 17:33:21.441, 5, 26, 75530, 97887
2026/07/08 17:33:21.456, 6, 45, 75546, 97887
2026/07/08 17:33:21.470, 7, 49, 75544, 97887
2026/07/08 17:33:22.485, 0, 0, 48704, 97887
2026/07/08 17:33:22.502, 1, 0, 48104, 97887
2026/07/08 17:33:22.515, 2, 0, 48104, 97887
2026/07/08 17:33:22.524, 3, 0, 48104, 97887
2026/07/08 17:33:22.541, 4, 95, 75530, 97887
2026/07/08 17:33:22.558, 5, 29, 75530, 97887
2026/07/08 17:33:22.574, 6, 51, 75546, 97887
2026/07/08 17:33:22.595, 7, 80, 75544, 97887
2026/07/08 17:33:23.611, 0, 0, 48704, 97887
2026/07/08 17:33:23.625, 1, 0, 48104, 97887
2026/07/08 17:33:23.637, 2, 0, 48104, 97887
2026/07/08 17:33:23.650, 3, 0, 48104, 97887
2026/07/08 17:33:23.663, 4, 93, 75530, 97887
2026/07/08 17:33:23.675, 5, 26, 75530, 97887
2026/07/08 17:33:23.686, 6, 30, 75546, 97887
2026/07/08 17:33:23.696, 7, 75, 75544, 97887
2026/07/08 17:33:24.707, 0, 0, 48704, 97887
2026/07/08 17:33:24.723, 1, 0, 48104, 97887
2026/07/08 17:33:24.735, 2, 0, 48104, 97887
2026/07/08 17:33:24.748, 3, 0, 48104, 97887
2026/07/08 17:33:24.760, 4, 74, 75530, 97887
2026/07/08 17:33:24.774, 5, 26, 75530, 97887
2026/07/08 17:33:24.790, 6, 61, 75546, 97887
2026/07/08 17:33:24.802, 7, 25, 75544, 97887
2026/07/08 17:33:25.817, 0, 0, 48704, 97887
2026/07/08 17:33:25.832, 1, 0, 48104, 97887
2026/07/08 17:33:25.844, 2, 0, 48104, 97887
2026/07/08 17:33:25.856, 3, 0, 48104, 97887
2026/07/08 17:33:25.865, 4, 29, 75530, 97887
2026/07/08 17:33:25.873, 5, 28, 75530, 97887
2026/07/08 17:33:25.883, 6, 36, 75546, 97887
2026/07/08 17:33:25.895, 7, 78, 75544, 97887
2026/07/08 17:33:26.907, 0, 0, 48704, 97887
2026/07/08 17:33:26.912, 1, 0, 48104, 97887
2026/07/08 17:33:26.918, 2, 0, 48104, 97887
2026/07/08 17:33:26.928, 3, 0, 48104, 97887
2026/07/08 17:33:26.935, 4, 88, 75530, 97887
2026/07/08 17:33:26.945, 5, 80, 75530, 97887
2026/07/08 17:33:26.958, 6, 62, 75546, 97887
2026/07/08 17:33:26.968, 7, 25, 75544, 97887
2026/07/08 17:33:27.983, 0, 0, 48704, 97887
2026/07/08 17:33:27.994, 1, 0, 48104, 97887
2026/07/08 17:33:28.014, 2, 0, 48104, 97887
2026/07/08 17:33:28.025, 3, 0, 48104, 97887
2026/07/08 17:33:28.041, 4, 42, 75530, 97887
2026/07/08 17:33:28.066, 5, 52, 75530, 97887
2026/07/08 17:33:28.079, 6, 76, 75546, 97887
2026/07/08 17:33:28.096, 7, 82, 75544, 97887
2026/07/08 17:33:29.113, 0, 0, 48704, 97887
2026/07/08 17:33:29.121, 1, 0, 48104, 97887
2026/07/08 17:33:29.131, 2, 0, 48104, 97887
2026/07/08 17:33:29.138, 3, 0, 48104, 97887
2026/07/08 17:33:29.153, 4, 85, 75530, 97887
2026/07/08 17:33:29.168, 5, 81, 75530, 97887
2026/07/08 17:33:29.177, 6, 53, 75546, 97887
2026/07/08 17:33:29.188, 7, 69, 75544, 97887
2026/07/08 17:33:30.204, 0, 0, 48704, 97887
2026/07/08 17:33:30.219, 1, 0, 48104, 97887
2026/07/08 17:33:30.234, 2, 0, 48104, 97887
2026/07/08 17:33:30.248, 3, 0, 48104, 97887
2026/07/08 17:33:30.261, 4, 95, 75530, 97887
2026/07/08 17:33:30.274, 5, 38, 75530, 97887
2026/07/08 17:33:30.289, 6, 37, 75546, 97887
2026/07/08 17:33:30.303, 7, 66, 75544, 97887
2026/07/08 17:33:31.317, 0, 0, 48704, 97887
2026/07/08 17:33:31.332, 1, 0, 48104, 97887
2026/07/08 17:33:31.348, 2, 0, 48104, 97887
2026/07/08 17:33:31.364, 3, 0, 48104, 97887
2026/07/08 17:33:31.377, 4, 95, 75530, 97887
2026/07/08 17:33:31.389, 5, 25, 75530, 97887
2026/07/08 17:33:31.399, 6, 45, 75546, 97887
2026/07/08 17:33:31.411, 7, 54, 75544, 97887
2026/07/08 17:33:32.424, 0, 0, 48704, 97887
2026/07/08 17:33:32.440, 1, 0, 48104, 97887
2026/07/08 17:33:32.454, 2, 0, 48104, 97887
2026/07/08 17:33:32.467, 3, 0, 48104, 97887
2026/07/08 17:33:32.487, 4, 92, 75530, 97887
2026/07/08 17:33:32.503, 5, 25, 75530, 97887
2026/07/08 17:33:32.515, 6, 37, 75546, 97887
2026/07/08 17:33:32.523, 7, 50, 75544, 97887
2026/07/08 17:33:33.529, 0, 0, 48704, 97887
2026/07/08 17:33:33.544, 1, 0, 48104, 97887
2026/07/08 17:33:33.556, 2, 0, 48104, 97887
2026/07/08 17:33:33.569, 3, 0, 48104, 97887
2026/07/08 17:33:33.585, 4, 95, 75530, 97887
2026/07/08 17:33:33.600, 5, 26, 75530, 97887
2026/07/08 17:33:33.613, 6, 39, 75546, 97887
2026/07/08 17:33:33.627, 7, 68, 75544, 97887
2026/07/08 17:33:34.642, 0, 0, 48704, 97887
2026/07/08 17:33:34.657, 1, 0, 48104, 97887
2026/07/08 17:33:34.673, 2, 0, 48104, 97887
2026/07/08 17:33:34.688, 3, 0, 48104, 97887
2026/07/08 17:33:34.703, 4, 93, 75530, 97887
2026/07/08 17:33:34.720, 5, 24, 75530, 97887
2026/07/08 17:33:34.734, 6, 40, 75546, 97887
2026/07/08 17:33:34.749, 7, 64, 75544, 97887
2026/07/08 17:33:35.761, 0, 0, 48704, 97887
2026/07/08 17:33:35.775, 1, 0, 48104, 97887
2026/07/08 17:33:35.791, 2, 0, 48104, 97887
2026/07/08 17:33:35.806, 3, 0, 48104, 97887
2026/07/08 17:33:35.820, 4, 92, 75530, 97887
2026/07/08 17:33:35.834, 5, 26, 75530, 97887
2026/07/08 17:33:35.847, 6, 35, 75546, 97887
2026/07/08 17:33:35.860, 7, 40, 75544, 97887
2026/07/08 17:33:36.873, 0, 0, 48704, 97887
2026/07/08 17:33:36.884, 1, 0, 48104, 97887
2026/07/08 17:33:36.897, 2, 0, 48104, 97887
2026/07/08 17:33:36.911, 3, 0, 48104, 97887
2026/07/08 17:33:36.926, 4, 93, 75530, 97887
2026/07/08 17:33:36.941, 5, 26, 75530, 97887
2026/07/08 17:33:36.956, 6, 44, 75546, 97887
2026/07/08 17:33:36.973, 7, 62, 75544, 97887
2026/07/08 17:33:37.991, 0, 0, 48704, 97887
2026/07/08 17:33:38.007, 1, 0, 48104, 97887
2026/07/08 17:33:38.023, 2, 0, 48104, 97887
2026/07/08 17:33:38.042, 3, 0, 48104, 97887
2026/07/08 17:33:38.056, 4, 95, 75530, 97887
2026/07/08 17:33:38.069, 5, 26, 75530, 97887
2026/07/08 17:33:38.084, 6, 54, 75546, 97887
2026/07/08 17:33:38.101, 7, 49, 75544, 97887
2026/07/08 17:33:39.118, 0, 0, 48704, 97887
2026/07/08 17:33:39.134, 1, 0, 48104, 97887
2026/07/08 17:33:39.151, 2, 0, 48104, 97887
2026/07/08 17:33:39.166, 3, 0, 48104, 97887
2026/07/08 17:33:39.183, 4, 95, 75530, 97887
2026/07/08 17:33:39.198, 5, 26, 75530, 97887
2026/07/08 17:33:39.215, 6, 39, 75546, 97887
2026/07/08 17:33:39.231, 7, 82, 75544, 97887
2026/07/08 17:33:40.249, 0, 0, 48704, 97887
2026/07/08 17:33:40.261, 1, 0, 48104, 97887
2026/07/08 17:33:40.271, 2, 0, 48104, 97887
2026/07/08 17:33:40.281, 3, 0, 48104, 97887
2026/07/08 17:33:40.293, 4, 32, 75530, 97887
2026/07/08 17:33:40.305, 5, 64, 75530, 97887
2026/07/08 17:33:40.317, 6, 48, 75546, 97887
2026/07/08 17:33:40.329, 7, 62, 75544, 97887
2026/07/08 17:33:41.340, 0, 0, 48704, 97887
2026/07/08 17:33:41.355, 1, 0, 48104, 97887
2026/07/08 17:33:41.372, 2, 0, 48104, 97887
2026/07/08 17:33:41.390, 3, 0, 48104, 97887
2026/07/08 17:33:41.408, 4, 95, 75530, 97887
2026/07/08 17:33:41.425, 5, 33, 75530, 97887
2026/07/08 17:33:41.442, 6, 28, 75546, 97887
2026/07/08 17:33:41.459, 7, 71, 75544, 97887
2026/07/08 17:33:42.478, 0, 0, 48704, 97887
2026/07/08 17:33:42.495, 1, 0, 48104, 97887
2026/07/08 17:33:42.511, 2, 0, 48104, 97887
2026/07/08 17:33:42.522, 3, 0, 48104, 97887
2026/07/08 17:33:42.533, 4, 94, 75530, 97887
2026/07/08 17:33:42.546, 5, 27, 75530, 97887
2026/07/08 17:33:42.558, 6, 32, 75546, 97887
2026/07/08 17:33:42.569, 7, 91, 75544, 97887
2026/07/08 17:33:43.585, 0, 0, 48704, 97887
2026/07/08 17:33:43.605, 1, 0, 48104, 97887
2026/07/08 17:33:43.625, 2, 0, 48104, 97887
2026/07/08 17:33:43.641, 3, 0, 48104, 97887
2026/07/08 17:33:43.656, 4, 95, 75530, 97887
2026/07/08 17:33:43.673, 5, 25, 75530, 97887
2026/07/08 17:33:43.690, 6, 36, 75546, 97887
2026/07/08 17:33:43.710, 7, 79, 75544, 97887
2026/07/08 17:33:44.726, 0, 0, 48704, 97887
2026/07/08 17:33:44.738, 1, 0, 48104, 97887
2026/07/08 17:33:44.752, 2, 0, 48104, 97887
2026/07/08 17:33:44.769, 3, 0, 48104, 97887
2026/07/08 17:33:44.784, 4, 38, 75530, 97887
2026/07/08 17:33:44.798, 5, 95, 75530, 97887
2026/07/08 17:33:44.812, 6, 32, 75546, 97887
2026/07/08 17:33:44.822, 7, 68, 75544, 97887
2026/07/08 17:33:45.831, 0, 0, 48704, 97887
2026/07/08 17:33:45.847, 1, 0, 48104, 97887
2026/07/08 17:33:45.864, 2, 0, 48104, 97887
2026/07/08 17:33:45.877, 3, 0, 48104, 97887
2026/07/08 17:33:45.889, 4, 95, 75530, 97887
2026/07/08 17:33:45.905, 5, 26, 75530, 97887
2026/07/08 17:33:45.921, 6, 36, 75546, 97887
2026/07/08 17:33:45.938, 7, 79, 75544, 97887
2026/07/08 17:33:46.957, 0, 0, 48704, 97887
2026/07/08 17:33:46.977, 1, 0, 48104, 97887
2026/07/08 17:33:46.993, 2, 0, 48104, 97887
2026/07/08 17:33:47.009, 3, 0, 48104, 97887
2026/07/08 17:33:47.025, 4, 95, 75530, 97887
2026/07/08 17:33:47.043, 5, 52, 75530, 97887
2026/07/08 17:33:47.062, 6, 49, 75546, 97887
2026/07/08 17:33:47.078, 7, 60, 75544, 97887
2026/07/08 17:33:48.094, 0, 0, 48704, 97887
2026/07/08 17:33:48.105, 1, 0, 48104, 97887
2026/07/08 17:33:48.114, 2, 0, 48104, 97887
2026/07/08 17:33:48.127, 3, 0, 48104, 97887
2026/07/08 17:33:48.148, 4, 91, 75530, 97887
2026/07/08 17:33:48.165, 5, 28, 75530, 97887
2026/07/08 17:33:48.180, 6, 31, 75546, 97887
2026/07/08 17:33:48.192, 7, 92, 75544, 97887
2026/07/08 17:33:49.203, 0, 0, 48704, 97887
2026/07/08 17:33:49.221, 1, 0, 48104, 97887
2026/07/08 17:33:49.236, 2, 0, 48104, 97887
2026/07/08 17:33:49.252, 3, 0, 48104, 97887
2026/07/08 17:33:49.268, 4, 86, 75530, 97887
2026/07/08 17:33:49.285, 5, 26, 75530, 97887
2026/07/08 17:33:49.302, 6, 30, 75546, 97887
2026/07/08 17:33:49.316, 7, 78, 75544, 97887
2026/07/08 17:33:50.329, 0, 0, 48704, 97887
2026/07/08 17:33:50.344, 1, 0, 48104, 97887
2026/07/08 17:33:50.358, 2, 0, 48104, 97887
2026/07/08 17:33:50.374, 3, 0, 48104, 97887
2026/07/08 17:33:50.390, 4, 93, 75530, 97887
2026/07/08 17:33:50.408, 5, 26, 75530, 97887
2026/07/08 17:33:50.422, 6, 27, 75546, 97887
2026/07/08 17:33:50.434, 7, 79, 75544, 97887
2026/07/08 17:33:51.448, 0, 0, 48704, 97887
2026/07/08 17:33:51.467, 1, 0, 48104, 97887
2026/07/08 17:33:51.487, 2, 0, 48104, 97887
2026/07/08 17:33:51.507, 3, 0, 48104, 97887
2026/07/08 17:33:51.528, 4, 96, 75530, 97887
2026/07/08 17:33:51.546, 5, 24, 75530, 97887
2026/07/08 17:33:51.562, 6, 23, 75546, 97887
2026/07/08 17:33:51.583, 7, 79, 75544, 97887
2026/07/08 17:33:52.603, 0, 0, 48704, 97887
2026/07/08 17:33:52.621, 1, 0, 48104, 97887
2026/07/08 17:33:52.643, 2, 0, 48104, 97887
2026/07/08 17:33:52.661, 3, 0, 48104, 97887
2026/07/08 17:33:52.677, 4, 93, 75530, 97887
2026/07/08 17:33:52.693, 5, 25, 75530, 97887
2026/07/08 17:33:52.709, 6, 29, 75546, 97887
2026/07/08 17:33:52.724, 7, 91, 75544, 97887
2026/07/08 17:33:53.741, 0, 0, 48704, 97887
2026/07/08 17:33:53.754, 1, 0, 48104, 97887
2026/07/08 17:33:53.768, 2, 0, 48104, 97887
2026/07/08 17:33:53.785, 3, 0, 48104, 97887
2026/07/08 17:33:53.801, 4, 94, 75530, 97887
2026/07/08 17:33:53.819, 5, 27, 75530, 97887
2026/07/08 17:33:53.837, 6, 26, 75546, 97887
2026/07/08 17:33:53.856, 7, 85, 75544, 97887
2026/07/08 17:33:54.875, 0, 0, 48704, 97887
2026/07/08 17:33:54.890, 1, 0, 48104, 97887
2026/07/08 17:33:54.904, 2, 0, 48104, 97887
2026/07/08 17:33:54.919, 3, 0, 48104, 97887
2026/07/08 17:33:54.933, 4, 92, 75530, 97887
2026/07/08 17:33:54.942, 5, 25, 75530, 97887
2026/07/08 17:33:54.959, 6, 28, 75546, 97887
2026/07/08 17:33:54.974, 7, 94, 75544, 97887
2026/07/08 17:33:55.990, 0, 0, 48704, 97887
2026/07/08 17:33:56.005, 1, 0, 48104, 97887
2026/07/08 17:33:56.019, 2, 0, 48104, 97887
2026/07/08 17:33:56.030, 3, 0, 48104, 97887
2026/07/08 17:33:56.042, 4, 89, 75530, 97887
2026/07/08 17:33:56.054, 5, 26, 75530, 97887
2026/07/08 17:33:56.068, 6, 31, 75546, 97887
2026/07/08 17:33:56.085, 7, 91, 75544, 97887
2026/07/08 17:33:57.102, 0, 0, 48704, 97887
2026/07/08 17:33:57.115, 1, 0, 48104, 97887
2026/07/08 17:33:57.131, 2, 0, 48104, 97887
2026/07/08 17:33:57.144, 3, 0, 48104, 97887
2026/07/08 17:33:57.155, 4, 95, 75530, 97887
2026/07/08 17:33:57.169, 5, 27, 75530, 97887
2026/07/08 17:33:57.183, 6, 32, 75546, 97887
2026/07/08 17:33:57.196, 7, 81, 75544, 97887
2026/07/08 17:33:58.214, 0, 0, 48704, 97887
2026/07/08 17:33:58.230, 1, 0, 48104, 97887
2026/07/08 17:33:58.245, 2, 0, 48104, 97887
2026/07/08 17:33:58.262, 3, 0, 48104, 97887
2026/07/08 17:33:58.282, 4, 95, 75530, 97887
2026/07/08 17:33:58.296, 5, 28, 75530, 97887
2026/07/08 17:33:58.312, 6, 44, 75546, 97887
2026/07/08 17:33:58.329, 7, 81, 75544, 97887
2026/07/08 17:33:59.345, 0, 0, 48704, 97887
2026/07/08 17:33:59.362, 1, 0, 48104, 97887
2026/07/08 17:33:59.382, 2, 0, 48104, 97887
2026/07/08 17:33:59.400, 3, 0, 48104, 97887
2026/07/08 17:33:59.415, 4, 78, 75530, 97887
2026/07/08 17:33:59.433, 5, 27, 75530, 97887
2026/07/08 17:33:59.451, 6, 28, 75546, 97887
2026/07/08 17:33:59.469, 7, 93, 75544, 97887
2026/07/08 17:34:00.484, 0, 0, 48704, 97887
2026/07/08 17:34:00.500, 1, 0, 48104, 97887
2026/07/08 17:34:00.517, 2, 0, 48104, 97887
2026/07/08 17:34:00.534, 3, 0, 48104, 97887
2026/07/08 17:34:00.550, 4, 95, 75530, 97887
2026/07/08 17:34:00.570, 5, 6, 75530, 97887
2026/07/08 17:34:00.587, 6, 35, 75546, 97887
2026/07/08 17:34:00.605, 7, 77, 75544, 97887
2026/07/08 17:34:01.618, 0, 0, 48704, 97887
2026/07/08 17:34:01.633, 1, 0, 48104, 97887
2026/07/08 17:34:01.649, 2, 0, 48104, 97887
2026/07/08 17:34:01.665, 3, 0, 48104, 97887
2026/07/08 17:34:01.677, 4, 94, 75530, 97887
2026/07/08 17:34:01.697, 5, 23, 75530, 97887
2026/07/08 17:34:01.713, 6, 31, 75546, 97887
2026/07/08 17:34:01.721, 7, 90, 75544, 97887
2026/07/08 17:34:02.733, 0, 0, 48704, 97887
2026/07/08 17:34:02.752, 1, 0, 48104, 97887
2026/07/08 17:34:02.771, 2, 0, 48104, 97887
2026/07/08 17:34:02.787, 3, 0, 48104, 97887
2026/07/08 17:34:02.800, 4, 87, 75530, 97887
2026/07/08 17:34:02.814, 5, 23, 75530, 97887
2026/07/08 17:34:02.829, 6, 34, 75546, 97887
2026/07/08 17:34:02.844, 7, 88, 75544, 97887
2026/07/08 17:34:03.858, 0, 0, 48704, 97887
2026/07/08 17:34:03.874, 1, 0, 48104, 97887
2026/07/08 17:34:03.890, 2, 0, 48104, 97887
2026/07/08 17:34:03.905, 3, 0, 48104, 97887
2026/07/08 17:34:03.920, 4, 22, 75530, 97887
2026/07/08 17:34:03.940, 5, 91, 75530, 97887
2026/07/08 17:34:03.958, 6, 40, 75546, 97887
2026/07/08 17:34:03.973, 7, 79, 75544, 97887
2026/07/08 17:34:04.988, 0, 0, 48704, 97887
2026/07/08 17:34:05.003, 1, 0, 48104, 97887
2026/07/08 17:34:05.019, 2, 0, 48104, 97887
2026/07/08 17:34:05.035, 3, 0, 48104, 97887
2026/07/08 17:34:05.045, 4, 96, 75530, 97887
2026/07/08 17:34:05.060, 5, 90, 75530, 97887
2026/07/08 17:34:05.073, 6, 31, 75546, 97887
2026/07/08 17:34:05.087, 7, 85, 75544, 97887
2026/07/08 17:34:06.101, 0, 0, 48704, 97887
2026/07/08 17:34:06.116, 1, 0, 48104, 97887
2026/07/08 17:34:06.136, 2, 0, 48104, 97887
2026/07/08 17:34:06.156, 3, 0, 48104, 97887
2026/07/08 17:34:06.174, 4, 95, 75530, 97887
2026/07/08 17:34:06.189, 5, 23, 75530, 97887
2026/07/08 17:34:06.206, 6, 38, 75546, 97887
2026/07/08 17:34:06.223, 7, 93, 75544, 97887
2026/07/08 17:34:07.262, 0, 0, 48704, 97887
2026/07/08 17:34:07.280, 1, 0, 48104, 97887
2026/07/08 17:34:07.298, 2, 0, 48104, 97887
2026/07/08 17:34:07.317, 3, 0, 48104, 97887
2026/07/08 17:34:07.335, 4, 21, 75530, 97887
2026/07/08 17:34:07.355, 5, 61, 75530, 97887
2026/07/08 17:34:07.371, 6, 34, 75546, 97887
2026/07/08 17:34:07.389, 7, 81, 75544, 97887
2026/07/08 17:34:08.406, 0, 0, 48704, 97887
2026/07/08 17:34:08.423, 1, 0, 48104, 97887
2026/07/08 17:34:08.441, 2, 0, 48104, 97887
2026/07/08 17:34:08.454, 3, 0, 48104, 97887
2026/07/08 17:34:08.469, 4, 94, 75530, 97887
2026/07/08 17:34:08.484, 5, 23, 75530, 97887
2026/07/08 17:34:08.499, 6, 30, 75546, 97887
2026/07/08 17:34:08.516, 7, 90, 75544, 97887
2026/07/08 17:34:09.532, 0, 0, 48704, 97887
2026/07/08 17:34:09.547, 1, 0, 48104, 97887
2026/07/08 17:34:09.558, 2, 0, 48104, 97887
2026/07/08 17:34:09.570, 3, 0, 48104, 97887
2026/07/08 17:34:09.584, 4, 24, 75530, 97887
2026/07/08 17:34:09.600, 5, 69, 75530, 97887
2026/07/08 17:34:09.616, 6, 33, 75546, 97887
2026/07/08 17:34:09.629, 7, 82, 75544, 97887
2026/07/08 17:34:10.640, 0, 0, 48704, 97887
2026/07/08 17:34:10.653, 1, 0, 48104, 97887
2026/07/08 17:34:10.666, 2, 0, 48104, 97887
2026/07/08 17:34:10.678, 3, 0, 48104, 97887
2026/07/08 17:34:10.687, 4, 25, 75530, 97887
2026/07/08 17:34:10.695, 5, 94, 75530, 97887
2026/07/08 17:34:10.707, 6, 26, 75546, 97887
2026/07/08 17:34:10.719, 7, 90, 75544, 97887
2026/07/08 17:34:11.732, 0, 0, 48704, 97887
2026/07/08 17:34:11.745, 1, 0, 48104, 97887
2026/07/08 17:34:11.775, 2, 0, 48104, 97887
2026/07/08 17:34:11.800, 3, 0, 48104, 97887
2026/07/08 17:34:11.819, 4, 28, 75530, 97887
2026/07/08 17:34:11.829, 5, 94, 75530, 97887
2026/07/08 17:34:11.846, 6, 40, 75546, 97887
2026/07/08 17:34:11.864, 7, 87, 75544, 97887
2026/07/08 17:34:12.877, 0, 0, 48704, 97887
2026/07/08 17:34:12.896, 1, 0, 48104, 97887
2026/07/08 17:34:12.914, 2, 0, 48104, 97887
2026/07/08 17:34:12.929, 3, 0, 48104, 97887
2026/07/08 17:34:12.947, 4, 76, 75530, 97887
2026/07/08 17:34:12.967, 5, 23, 75530, 97887
2026/07/08 17:34:12.984, 6, 24, 75546, 97887
2026/07/08 17:34:13.002, 7, 81, 75544, 97887
2026/07/08 17:34:14.022, 0, 0, 48704, 97887
2026/07/08 17:34:14.039, 1, 0, 48104, 97887
2026/07/08 17:34:14.056, 2, 0, 48104, 97887
2026/07/08 17:34:14.073, 3, 0, 48104, 97887
2026/07/08 17:34:14.087, 4, 80, 75530, 97887
2026/07/08 17:34:14.097, 5, 56, 75530, 97887
2026/07/08 17:34:14.109, 6, 29, 75546, 97887
2026/07/08 17:34:14.116, 7, 85, 75544, 97887
2026/07/08 17:34:15.125, 0, 0, 48704, 97887
2026/07/08 17:34:15.142, 1, 0, 48104, 97887
2026/07/08 17:34:15.158, 2, 0, 48104, 97887
2026/07/08 17:34:15.174, 3, 0, 48104, 97887
2026/07/08 17:34:15.191, 4, 54, 75530, 97887
2026/07/08 17:34:15.208, 5, 23, 75530, 97887
2026/07/08 17:34:15.224, 6, 28, 75546, 97887
2026/07/08 17:34:15.241, 7, 92, 75544, 97887
2026/07/08 17:34:16.258, 0, 0, 48704, 97887
2026/07/08 17:34:16.276, 1, 0, 48104, 97887
2026/07/08 17:34:16.291, 2, 0, 48104, 97887
2026/07/08 17:34:16.304, 3, 0, 48104, 97887
2026/07/08 17:34:16.317, 4, 95, 75530, 97887
2026/07/08 17:34:16.329, 5, 47, 75530, 97887
2026/07/08 17:34:16.341, 6, 28, 75546, 97887
2026/07/08 17:34:16.357, 7, 89, 75544, 97887
2026/07/08 17:34:17.371, 0, 0, 48704, 97887
2026/07/08 17:34:17.387, 1, 0, 48104, 97887
2026/07/08 17:34:17.406, 2, 0, 48104, 97887
2026/07/08 17:34:17.420, 3, 0, 48104, 97887
2026/07/08 17:34:17.435, 4, 95, 75530, 97887
2026/07/08 17:34:17.454, 5, 23, 75530, 97887
2026/07/08 17:34:17.469, 6, 22, 75546, 97887
2026/07/08 17:34:17.486, 7, 90, 75544, 97887
2026/07/08 17:34:18.503, 0, 0, 48704, 97887
2026/07/08 17:34:18.523, 1, 0, 48104, 97887
2026/07/08 17:34:18.541, 2, 0, 48104, 97887
2026/07/08 17:34:18.552, 3, 0, 48104, 97887
2026/07/08 17:34:18.570, 4, 24, 75530, 97887
2026/07/08 17:34:18.588, 5, 37, 75530, 97887
2026/07/08 17:34:18.607, 6, 32, 75546, 97887
2026/07/08 17:34:18.626, 7, 80, 75544, 97887
2026/07/08 17:34:19.643, 0, 0, 48704, 97887
2026/07/08 17:34:19.658, 1, 0, 48104, 97887
2026/07/08 17:34:19.675, 2, 0, 48104, 97887
2026/07/08 17:34:19.690, 3, 0, 48104, 97887
2026/07/08 17:34:19.704, 4, 88, 75530, 97887
2026/07/08 17:34:19.720, 5, 23, 75530, 97887
2026/07/08 17:34:19.734, 6, 30, 75546, 97887
2026/07/08 17:34:19.748, 7, 83, 75544, 97887
2026/07/08 17:34:20.760, 0, 0, 48704, 97887
2026/07/08 17:34:20.778, 1, 0, 48104, 97887
2026/07/08 17:34:20.793, 2, 0, 48104, 97887
2026/07/08 17:34:20.809, 3, 0, 48104, 97887
2026/07/08 17:34:20.823, 4, 88, 75530, 97887
2026/07/08 17:34:20.842, 5, 22, 75530, 97887
2026/07/08 17:34:20.856, 6, 26, 75546, 97887
2026/07/08 17:34:20.873, 7, 75, 75544, 97887
2026/07/08 17:34:21.888, 0, 0, 48704, 97887
2026/07/08 17:34:21.901, 1, 0, 48104, 97887
2026/07/08 17:34:21.912, 2, 0, 48104, 97887
2026/07/08 17:34:21.924, 3, 0, 48104, 97887
2026/07/08 17:34:21.930, 4, 95, 75530, 97887
2026/07/08 17:34:21.937, 5, 24, 75530, 97887
2026/07/08 17:34:21.945, 6, 30, 75546, 97887
2026/07/08 17:34:21.957, 7, 89, 75544, 97887
2026/07/08 17:34:22.971, 0, 0, 48704, 97887
2026/07/08 17:34:22.992, 1, 0, 48104, 97887
2026/07/08 17:34:23.008, 2, 0, 48104, 97887
2026/07/08 17:34:23.026, 3, 0, 48104, 97887
2026/07/08 17:34:23.046, 4, 31, 75530, 97887
2026/07/08 17:34:23.066, 5, 55, 75530, 97887
2026/07/08 17:34:23.082, 6, 30, 75546, 97887
2026/07/08 17:34:23.096, 7, 90, 75544, 97887
2026/07/08 17:34:24.111, 0, 0, 48704, 97887
2026/07/08 17:34:24.122, 1, 0, 48104, 97887
2026/07/08 17:34:24.129, 2, 0, 48104, 97887
2026/07/08 17:34:24.141, 3, 0, 48104, 97887
2026/07/08 17:34:24.153, 4, 60, 75530, 97887
2026/07/08 17:34:24.166, 5, 24, 75530, 97887
2026/07/08 17:34:24.180, 6, 38, 75546, 97887
2026/07/08 17:34:24.196, 7, 78, 75544, 97887
2026/07/08 17:34:25.211, 0, 0, 48704, 97887
2026/07/08 17:34:25.228, 1, 0, 48104, 97887
2026/07/08 17:34:25.242, 2, 0, 48104, 97887
2026/07/08 17:34:25.257, 3, 0, 48104, 97887
2026/07/08 17:34:25.273, 4, 95, 75530, 97887
2026/07/08 17:34:25.289, 5, 53, 75530, 97887
2026/07/08 17:34:25.306, 6, 28, 75546, 97887
2026/07/08 17:34:25.322, 7, 87, 75544, 97887
2026/07/08 17:34:26.338, 0, 0, 48704, 97887
2026/07/08 17:34:26.353, 1, 0, 48104, 97887
2026/07/08 17:34:26.366, 2, 0, 48104, 97887
2026/07/08 17:34:26.380, 3, 0, 48104, 97887
2026/07/08 17:34:26.393, 4, 32, 75530, 97887
2026/07/08 17:34:26.406, 5, 27, 75530, 97887
2026/07/08 17:34:26.419, 6, 36, 75546, 97887
2026/07/08 17:34:26.435, 7, 81, 75544, 97887
2026/07/08 17:34:27.450, 0, 0, 48704, 97887
2026/07/08 17:34:27.467, 1, 0, 48104, 97887
2026/07/08 17:34:27.484, 2, 0, 48104, 97887
2026/07/08 17:34:27.500, 3, 0, 48104, 97887
2026/07/08 17:34:27.516, 4, 65, 75530, 97887
2026/07/08 17:34:27.530, 5, 24, 75530, 97887
2026/07/08 17:34:27.543, 6, 35, 75546, 97887
2026/07/08 17:34:27.555, 7, 67, 75544, 97887
2026/07/08 17:34:28.568, 0, 0, 48704, 97887
2026/07/08 17:34:28.586, 1, 0, 48104, 97887
2026/07/08 17:34:28.595, 2, 0, 48104, 97887
2026/07/08 17:34:28.607, 3, 0, 48104, 97887
2026/07/08 17:34:28.621, 4, 92, 75530, 97887
2026/07/08 17:34:28.634, 5, 28, 75530, 97887
2026/07/08 17:34:28.648, 6, 40, 75546, 97887
2026/07/08 17:34:28.662, 7, 72, 75544, 97887
2026/07/08 17:34:29.677, 0, 0, 48704, 97887
2026/07/08 17:34:29.695, 1, 0, 48104, 97887
2026/07/08 17:34:29.711, 2, 0, 48104, 97887
2026/07/08 17:34:29.725, 3, 0, 48104, 97887
2026/07/08 17:34:29.739, 4, 91, 75530, 97887
2026/07/08 17:34:29.751, 5, 23, 75530, 97887
2026/07/08 17:34:29.766, 6, 33, 75546, 97887
2026/07/08 17:34:29.783, 7, 66, 75544, 97887
2026/07/08 17:34:30.797, 0, 0, 48704, 97887
2026/07/08 17:34:30.813, 1, 0, 48104, 97887
2026/07/08 17:34:30.831, 2, 0, 48104, 97887
2026/07/08 17:34:30.848, 3, 0, 48104, 97887
2026/07/08 17:34:30.863, 4, 95, 75530, 97887
2026/07/08 17:34:30.879, 5, 22, 75530, 97887
2026/07/08 17:34:30.893, 6, 41, 75546, 97887
2026/07/08 17:34:30.908, 7, 50, 75544, 97887
2026/07/08 17:34:31.923, 0, 0, 48704, 97887
2026/07/08 17:34:31.939, 1, 0, 48104, 97887
2026/07/08 17:34:31.953, 2, 0, 48104, 97887
2026/07/08 17:34:31.964, 3, 0, 48104, 97887
2026/07/08 17:34:31.980, 4, 95, 75530, 97887
2026/07/08 17:34:31.993, 5, 23, 75530, 97887
2026/07/08 17:34:32.004, 6, 39, 75546, 97887
2026/07/08 17:34:32.016, 7, 74, 75544, 97887
2026/07/08 17:34:33.027, 0, 0, 48704, 97887
2026/07/08 17:34:33.045, 1, 0, 48104, 97887
2026/07/08 17:34:33.061, 2, 0, 48104, 97887
2026/07/08 17:34:33.075, 3, 0, 48104, 97887
2026/07/08 17:34:33.092, 4, 86, 75530, 97887
2026/07/08 17:34:33.107, 5, 23, 75530, 97887
2026/07/08 17:34:33.125, 6, 63, 75546, 97887
2026/07/08 17:34:33.141, 7, 68, 75544, 97887
2026/07/08 17:34:34.154, 0, 0, 48704, 97887
2026/07/08 17:34:34.165, 1, 0, 48104, 97887
2026/07/08 17:34:34.178, 2, 0, 48104, 97887
2026/07/08 17:34:34.189, 3, 0, 48104, 97887
2026/07/08 17:34:34.199, 4, 49, 75530, 97887
2026/07/08 17:34:34.210, 5, 58, 75530, 97887
2026/07/08 17:34:34.221, 6, 22, 75546, 97887
2026/07/08 17:34:34.234, 7, 89, 75544, 97887
2026/07/08 17:34:35.244, 0, 0, 48704, 97887
2026/07/08 17:34:35.258, 1, 0, 48104, 97887
2026/07/08 17:34:35.272, 2, 0, 48104, 97887
2026/07/08 17:34:35.286, 3, 0, 48104, 97887
2026/07/08 17:34:35.301, 4, 88, 75530, 97887
2026/07/08 17:34:35.317, 5, 24, 75530, 97887
2026/07/08 17:34:35.333, 6, 28, 75546, 97887
2026/07/08 17:34:35.349, 7, 70, 75544, 97887
2026/07/08 17:34:36.366, 0, 0, 48704, 97887
2026/07/08 17:34:36.382, 1, 0, 48104, 97887
2026/07/08 17:34:36.394, 2, 0, 48104, 97887
2026/07/08 17:34:36.409, 3, 0, 48104, 97887
2026/07/08 17:34:36.424, 4, 74, 75530, 97887
2026/07/08 17:34:36.440, 5, 23, 75530, 97887
2026/07/08 17:34:36.455, 6, 42, 75546, 97887
2026/07/08 17:34:36.469, 7, 39, 75544, 97887
2026/07/08 17:34:37.483, 0, 0, 48704, 97887
2026/07/08 17:34:37.503, 1, 0, 48104, 97887
2026/07/08 17:34:37.513, 2, 0, 48104, 97887
2026/07/08 17:34:37.523, 3, 0, 48104, 97887
2026/07/08 17:34:37.533, 4, 95, 75530, 97887
2026/07/08 17:34:37.549, 5, 23, 75530, 97887
2026/07/08 17:34:37.569, 6, 30, 75546, 97887
2026/07/08 17:34:37.577, 7, 77, 75544, 97887
2026/07/08 17:34:38.587, 0, 0, 48704, 97887
2026/07/08 17:34:38.604, 1, 0, 48104, 97887
2026/07/08 17:34:38.620, 2, 0, 48104, 97887
2026/07/08 17:34:38.635, 3, 0, 48104, 97887
2026/07/08 17:34:38.649, 4, 87, 75530, 97887
2026/07/08 17:34:38.667, 5, 23, 75530, 97887
2026/07/08 17:34:38.684, 6, 33, 75546, 97887
2026/07/08 17:34:38.697, 7, 62, 75544, 97887
2026/07/08 17:34:39.711, 0, 0, 48704, 97887
2026/07/08 17:34:39.725, 1, 0, 48104, 97887
2026/07/08 17:34:39.736, 2, 0, 48104, 97887
2026/07/08 17:34:39.746, 3, 0, 48104, 97887
2026/07/08 17:34:39.757, 4, 95, 75530, 97887
2026/07/08 17:34:39.766, 5, 24, 75530, 97887
2026/07/08 17:34:39.779, 6, 40, 75546, 97887
2026/07/08 17:34:39.788, 7, 67, 75544, 97887
2026/07/08 17:34:40.799, 0, 0, 48704, 97887
2026/07/08 17:34:40.818, 1, 0, 48104, 97887
2026/07/08 17:34:40.837, 2, 0, 48104, 97887
2026/07/08 17:34:40.857, 3, 0, 48104, 97887
2026/07/08 17:34:40.872, 4, 95, 75530, 97887
2026/07/08 17:34:40.882, 5, 22, 75530, 97887
2026/07/08 17:34:40.892, 6, 39, 75546, 97887
2026/07/08 17:34:40.906, 7, 64, 75544, 97887
2026/07/08 17:34:41.927, 0, 0, 48704, 97887
2026/07/08 17:34:41.944, 1, 0, 48104, 97887
2026/07/08 17:34:41.960, 2, 0, 48104, 97887
2026/07/08 17:34:41.975, 3, 0, 48104, 97887
2026/07/08 17:34:41.989, 4, 92, 75530, 97887
2026/07/08 17:34:42.003, 5, 23, 75530, 97887
2026/07/08 17:34:42.017, 6, 38, 75546, 97887
2026/07/08 17:34:42.030, 7, 69, 75544, 97887
2026/07/08 17:34:43.041, 0, 0, 48704, 97887
2026/07/08 17:34:43.057, 1, 0, 48104, 97887
2026/07/08 17:34:43.071, 2, 0, 48104, 97887
2026/07/08 17:34:43.086, 3, 0, 48104, 97887
2026/07/08 17:34:43.105, 4, 24, 75530, 97887
2026/07/08 17:34:43.122, 5, 86, 75530, 97887
2026/07/08 17:34:43.136, 6, 35, 75546, 97887
2026/07/08 17:34:43.146, 7, 47, 75544, 97887
2026/07/08 17:34:44.160, 0, 0, 48704, 97887
2026/07/08 17:34:44.171, 1, 0, 48104, 97887
2026/07/08 17:34:44.185, 2, 0, 48104, 97887
2026/07/08 17:34:44.199, 3, 0, 48104, 97887
2026/07/08 17:34:44.218, 4, 95, 75530, 97887
2026/07/08 17:34:44.236, 5, 24, 75530, 97887
2026/07/08 17:34:44.252, 6, 55, 75546, 97887
2026/07/08 17:34:44.270, 7, 73, 75544, 97887
2026/07/08 17:34:45.288, 0, 0, 48704, 97887
2026/07/08 17:34:45.304, 1, 0, 48104, 97887
2026/07/08 17:34:45.321, 2, 0, 48104, 97887
2026/07/08 17:34:45.336, 3, 0, 48104, 97887
2026/07/08 17:34:45.354, 4, 95, 75530, 97887
2026/07/08 17:34:45.370, 5, 23, 75530, 97887
2026/07/08 17:34:45.386, 6, 30, 75546, 97887
2026/07/08 17:34:45.403, 7, 68, 75544, 97887
2026/07/08 17:34:46.418, 0, 0, 48704, 97887
2026/07/08 17:34:46.435, 1, 0, 48104, 97887
2026/07/08 17:34:46.453, 2, 0, 48104, 97887
2026/07/08 17:34:46.472, 3, 0, 48104, 97887
2026/07/08 17:34:46.488, 4, 95, 75530, 97887
2026/07/08 17:34:46.505, 5, 23, 75530, 97887
2026/07/08 17:34:46.522, 6, 39, 75546, 97887
2026/07/08 17:34:46.534, 7, 74, 75544, 97887
2026/07/08 17:34:47.545, 0, 0, 48704, 97887
2026/07/08 17:34:47.562, 1, 0, 48104, 97887
2026/07/08 17:34:47.576, 2, 0, 48104, 97887
2026/07/08 17:34:47.593, 3, 0, 48104, 97887
2026/07/08 17:34:47.609, 4, 36, 75530, 97887
2026/07/08 17:34:47.622, 5, 90, 75530, 97887
2026/07/08 17:34:47.636, 6, 33, 75546, 97887
2026/07/08 17:34:47.650, 7, 81, 75544, 97887
2026/07/08 17:34:48.664, 0, 0, 48704, 97887
2026/07/08 17:34:48.677, 1, 0, 48104, 97887
2026/07/08 17:34:48.693, 2, 0, 48104, 97887
2026/07/08 17:34:48.710, 3, 0, 48104, 97887
2026/07/08 17:34:48.727, 4, 71, 75530, 97887
2026/07/08 17:34:48.746, 5, 22, 75530, 97887
2026/07/08 17:34:48.763, 6, 42, 75546, 97887
2026/07/08 17:34:48.779, 7, 85, 75544, 97887
2026/07/08 17:34:49.791, 0, 0, 48704, 97887
2026/07/08 17:34:49.807, 1, 0, 48104, 97887
2026/07/08 17:34:49.821, 2, 0, 48104, 97887
2026/07/08 17:34:49.837, 3, 0, 48104, 97887
2026/07/08 17:34:49.852, 4, 93, 75530, 97887
2026/07/08 17:34:49.869, 5, 24, 75530, 97887
2026/07/08 17:34:49.887, 6, 45, 75546, 97887
2026/07/08 17:34:49.902, 7, 43, 75544, 97887
2026/07/08 17:34:50.917, 0, 0, 48704, 97887
2026/07/08 17:34:50.933, 1, 0, 48104, 97887
2026/07/08 17:34:50.950, 2, 0, 48104, 97887
2026/07/08 17:34:50.964, 3, 0, 48104, 97887
2026/07/08 17:34:50.979, 4, 86, 75530, 97887
2026/07/08 17:34:50.993, 5, 23, 75530, 97887
2026/07/08 17:34:51.010, 6, 33, 75546, 97887
2026/07/08 17:34:51.025, 7, 40, 75544, 97887
2026/07/08 17:34:52.042, 0, 0, 48704, 97887
2026/07/08 17:34:52.060, 1, 0, 48104, 97887
2026/07/08 17:34:52.076, 2, 0, 48104, 97887
2026/07/08 17:34:52.091, 3, 0, 48104, 97887
2026/07/08 17:34:52.108, 4, 89, 75530, 97887
2026/07/08 17:34:52.126, 5, 23, 75530, 97887
2026/07/08 17:34:52.145, 6, 37, 75546, 97887
2026/07/08 17:34:52.161, 7, 46, 75544, 97887
2026/07/08 17:34:53.176, 0, 0, 48704, 97887
2026/07/08 17:34:53.195, 1, 0, 48104, 97887
2026/07/08 17:34:53.211, 2, 0, 48104, 97887
2026/07/08 17:34:53.227, 3, 0, 48104, 97887
2026/07/08 17:34:53.241, 4, 80, 75530, 97887
2026/07/08 17:34:53.257, 5, 25, 75530, 97887
2026/07/08 17:34:53.273, 6, 39, 75546, 97887
2026/07/08 17:34:53.290, 7, 73, 75544, 97887
2026/07/08 17:34:54.308, 0, 0, 48704, 97887
2026/07/08 17:34:54.326, 1, 0, 48104, 97887
2026/07/08 17:34:54.342, 2, 0, 48104, 97887
2026/07/08 17:34:54.358, 3, 0, 48104, 97887
2026/07/08 17:34:54.370, 4, 95, 75530, 97887
2026/07/08 17:34:54.386, 5, 22, 75530, 97887
2026/07/08 17:34:54.398, 6, 23, 75546, 97887
2026/07/08 17:34:54.411, 7, 79, 75544, 97887
2026/07/08 17:34:55.428, 0, 0, 48704, 97887
2026/07/08 17:34:55.447, 1, 0, 48104, 97887
2026/07/08 17:34:55.464, 2, 0, 48104, 97887
2026/07/08 17:34:55.483, 3, 0, 48104, 97887
2026/07/08 17:34:55.501, 4, 63, 75530, 97887
2026/07/08 17:34:55.520, 5, 67, 75530, 97887
2026/07/08 17:34:55.536, 6, 52, 75546, 97887
2026/07/08 17:34:55.553, 7, 45, 75544, 97887
2026/07/08 17:34:56.571, 0, 0, 48704, 97887
2026/07/08 17:34:56.590, 1, 0, 48104, 97887
2026/07/08 17:34:56.608, 2, 0, 48104, 97887
2026/07/08 17:34:56.625, 3, 0, 48104, 97887
2026/07/08 17:34:56.643, 4, 95, 75530, 97887
2026/07/08 17:34:56.661, 5, 22, 75530, 97887
2026/07/08 17:34:56.680, 6, 33, 75546, 97887
2026/07/08 17:34:56.699, 7, 73, 75544, 97887
2026/07/08 17:34:57.717, 0, 0, 48704, 97887
2026/07/08 17:34:57.735, 1, 0, 48104, 97887
2026/07/08 17:34:57.753, 2, 0, 48104, 97887
2026/07/08 17:34:57.772, 3, 0, 48104, 97887
2026/07/08 17:34:57.791, 4, 40, 75530, 97887
2026/07/08 17:34:57.808, 5, 23, 75530, 97887
2026/07/08 17:34:57.828, 6, 31, 75546, 97887
2026/07/08 17:34:57.848, 7, 88, 75544, 97887
2026/07/08 17:34:58.866, 0, 0, 48704, 97887
2026/07/08 17:34:58.885, 1, 0, 48104, 97887
2026/07/08 17:34:58.899, 2, 0, 48104, 97887
2026/07/08 17:34:58.913, 3, 0, 48104, 97887
2026/07/08 17:34:58.927, 4, 22, 75530, 97887
2026/07/08 17:34:58.944, 5, 73, 75530, 97887
2026/07/08 17:34:58.961, 6, 38, 75546, 97887
2026/07/08 17:34:58.978, 7, 86, 75544, 97887
2026/07/08 17:34:59.995, 0, 0, 48704, 97887
2026/07/08 17:35:00.011, 1, 0, 48104, 97887
2026/07/08 17:35:00.029, 2, 0, 48104, 97887
2026/07/08 17:35:00.048, 3, 0, 48104, 97887
2026/07/08 17:35:00.066, 4, 91, 75530, 97887
2026/07/08 17:35:00.084, 5, 33, 75530, 97887
2026/07/08 17:35:00.103, 6, 41, 75546, 97887
2026/07/08 17:35:00.120, 7, 60, 75544, 97887
2026/07/08 17:35:01.140, 0, 0, 48704, 97887
2026/07/08 17:35:01.154, 1, 0, 48104, 97887
2026/07/08 17:35:01.168, 2, 0, 48104, 97887
2026/07/08 17:35:01.179, 3, 0, 48104, 97887
2026/07/08 17:35:01.192, 4, 62, 75530, 97887
2026/07/08 17:35:01.206, 5, 30, 75530, 97887
2026/07/08 17:35:01.219, 6, 73, 75546, 97887
2026/07/08 17:35:01.236, 7, 27, 75544, 97887
2026/07/08 17:35:02.251, 0, 0, 48704, 97887
2026/07/08 17:35:02.267, 1, 0, 48104, 97887
2026/07/08 17:35:02.283, 2, 0, 48104, 97887
2026/07/08 17:35:02.297, 3, 0, 48104, 97887
2026/07/08 17:35:02.312, 4, 85, 75530, 97887
2026/07/08 17:35:02.329, 5, 23, 75530, 97887
2026/07/08 17:35:02.345, 6, 31, 75546, 97887
2026/07/08 17:35:02.360, 7, 25, 75544, 97887
2026/07/08 17:35:03.378, 0, 0, 48704, 97887
2026/07/08 17:35:03.396, 1, 0, 48104, 97887
2026/07/08 17:35:03.411, 2, 0, 48104, 97887
2026/07/08 17:35:03.428, 3, 0, 48104, 97887
2026/07/08 17:35:03.444, 4, 44, 75530, 97887
2026/07/08 17:35:03.459, 5, 60, 75530, 97887
2026/07/08 17:35:03.474, 6, 94, 75546, 97887
2026/07/08 17:35:03.486, 7, 28, 75544, 97887
2026/07/08 17:35:04.497, 0, 0, 48704, 97887
2026/07/08 17:35:04.516, 1, 0, 48104, 97887
2026/07/08 17:35:04.535, 2, 0, 48104, 97887
2026/07/08 17:35:04.549, 3, 0, 48104, 97887
2026/07/08 17:35:04.565, 4, 51, 75530, 97887
2026/07/08 17:35:04.580, 5, 78, 75530, 97887
2026/07/08 17:35:04.593, 6, 94, 75546, 97887
2026/07/08 17:35:04.608, 7, 31, 75544, 97887
2026/07/08 17:35:05.628, 0, 0, 48704, 97887
2026/07/08 17:35:05.643, 1, 0, 48104, 97887
2026/07/08 17:35:05.657, 2, 0, 48104, 97887
2026/07/08 17:35:05.671, 3, 0, 48104, 97887
2026/07/08 17:35:05.688, 4, 66, 75530, 97887
2026/07/08 17:35:05.705, 5, 23, 75530, 97887
2026/07/08 17:35:05.726, 6, 93, 75546, 97887
2026/07/08 17:35:05.743, 7, 28, 75544, 97887
2026/07/08 17:35:06.760, 0, 0, 48704, 97887
2026/07/08 17:35:06.778, 1, 0, 48104, 97887
2026/07/08 17:35:06.797, 2, 0, 48104, 97887
2026/07/08 17:35:06.816, 3, 0, 48104, 97887
2026/07/08 17:35:06.840, 4, 86, 75530, 97887
2026/07/08 17:35:06.859, 5, 22, 75530, 97887
2026/07/08 17:35:06.873, 6, 93, 75546, 97887
2026/07/08 17:35:06.890, 7, 22, 75544, 97887
2026/07/08 17:35:07.908, 0, 0, 48704, 97887
2026/07/08 17:35:07.922, 1, 0, 48104, 97887
2026/07/08 17:35:07.957, 2, 0, 48104, 97887
2026/07/08 17:35:07.972, 3, 0, 48104, 97887
2026/07/08 17:35:07.988, 4, 33, 75530, 97887
2026/07/08 17:35:08.003, 5, 55, 75530, 97887
2026/07/08 17:35:08.016, 6, 91, 75546, 97887
2026/07/08 17:35:08.029, 7, 46, 75544, 97887
2026/07/08 17:35:09.049, 0, 0, 48704, 97887
2026/07/08 17:35:09.069, 1, 0, 48104, 97887
2026/07/08 17:35:09.088, 2, 0, 48104, 97887
2026/07/08 17:35:09.107, 3, 0, 48104, 97887
2026/07/08 17:35:09.126, 4, 72, 75530, 97887
2026/07/08 17:35:09.143, 5, 24, 75530, 97887
2026/07/08 17:35:09.161, 6, 88, 75546, 97887
2026/07/08 17:35:09.179, 7, 27, 75544, 97887
2026/07/08 17:35:10.196, 0, 0, 48704, 97887
2026/07/08 17:35:10.212, 1, 0, 48104, 97887
2026/07/08 17:35:10.228, 2, 0, 48104, 97887
2026/07/08 17:35:10.245, 3, 0, 48104, 97887
2026/07/08 17:35:10.262, 4, 95, 75530, 97887
2026/07/08 17:35:10.281, 5, 23, 75530, 97887
2026/07/08 17:35:10.299, 6, 86, 75546, 97887
2026/07/08 17:35:10.318, 7, 22, 75544, 97887
2026/07/08 17:35:11.334, 0, 0, 48704, 97887
2026/07/08 17:35:11.351, 1, 0, 48104, 97887
2026/07/08 17:35:11.367, 2, 0, 48104, 97887
2026/07/08 17:35:11.382, 3, 0, 48104, 97887
2026/07/08 17:35:11.400, 4, 63, 75530, 97887
2026/07/08 17:35:11.415, 5, 52, 75530, 97887
2026/07/08 17:35:11.434, 6, 95, 75546, 97887
2026/07/08 17:35:11.450, 7, 27, 75544, 97887
2026/07/08 17:35:12.469, 0, 0, 48704, 97887
2026/07/08 17:35:12.484, 1, 0, 48104, 97887
2026/07/08 17:35:12.506, 2, 0, 48104, 97887
2026/07/08 17:35:12.522, 3, 0, 48104, 97887
2026/07/08 17:35:12.536, 4, 86, 75530, 97887
2026/07/08 17:35:12.561, 5, 22, 75530, 97887
2026/07/08 17:35:12.575, 6, 85, 75546, 97887
2026/07/08 17:35:12.592, 7, 27, 75544, 97887
2026/07/08 17:35:13.613, 0, 0, 48704, 97887
2026/07/08 17:35:13.629, 1, 0, 48104, 97887
2026/07/08 17:35:13.644, 2, 0, 48104, 97887
2026/07/08 17:35:13.657, 3, 0, 48104, 97887
2026/07/08 17:35:13.670, 4, 95, 75530, 97887
2026/07/08 17:35:13.686, 5, 23, 75530, 97887
2026/07/08 17:35:13.702, 6, 81, 75546, 97887
2026/07/08 17:35:13.716, 7, 23, 75544, 97887
2026/07/08 17:35:14.724, 0, 0, 48704, 97887
2026/07/08 17:35:14.742, 1, 0, 48104, 97887
2026/07/08 17:35:14.758, 2, 0, 48104, 97887
2026/07/08 17:35:14.774, 3, 0, 48104, 97887
2026/07/08 17:35:14.790, 4, 90, 75530, 97887
2026/07/08 17:35:14.806, 5, 22, 75530, 97887
2026/07/08 17:35:14.819, 6, 90, 75546, 97887
2026/07/08 17:35:14.832, 7, 22, 75544, 97887
2026/07/08 17:35:15.845, 0, 0, 48704, 97887
2026/07/08 17:35:15.861, 1, 0, 48104, 97887
2026/07/08 17:35:15.878, 2, 0, 48104, 97887
2026/07/08 17:35:15.891, 3, 0, 48104, 97887
2026/07/08 17:35:15.902, 4, 49, 75530, 97887
2026/07/08 17:35:15.913, 5, 22, 75530, 97887
2026/07/08 17:35:15.925, 6, 93, 75546, 97887
2026/07/08 17:35:15.940, 7, 22, 75544, 97887
2026/07/08 17:35:16.955, 0, 0, 48704, 97887
2026/07/08 17:35:16.971, 1, 0, 48104, 97887
2026/07/08 17:35:16.985, 2, 0, 48104, 97887
2026/07/08 17:35:17.000, 3, 0, 48104, 97887
2026/07/08 17:35:17.018, 4, 92, 75530, 97887
2026/07/08 17:35:17.029, 5, 23, 75530, 97887
2026/07/08 17:35:17.043, 6, 69, 75546, 97887
2026/07/08 17:35:17.057, 7, 30, 75544, 97887
2026/07/08 17:35:18.068, 0, 0, 48704, 97887
2026/07/08 17:35:18.085, 1, 0, 48104, 97887
2026/07/08 17:35:18.103, 2, 0, 48104, 97887
2026/07/08 17:35:18.116, 3, 0, 48104, 97887
2026/07/08 17:35:18.127, 4, 43, 75530, 97887
2026/07/08 17:35:18.139, 5, 25, 75530, 97887
2026/07/08 17:35:18.155, 6, 88, 75546, 97887
2026/07/08 17:35:18.172, 7, 29, 75544, 97887
2026/07/08 17:35:19.186, 0, 0, 48704, 97887
2026/07/08 17:35:19.198, 1, 0, 48104, 97887
2026/07/08 17:35:19.210, 2, 0, 48104, 97887
2026/07/08 17:35:19.221, 3, 0, 48104, 97887
2026/07/08 17:35:19.233, 4, 27, 75530, 97887
2026/07/08 17:35:19.243, 5, 41, 75530, 97887
2026/07/08 17:35:19.253, 6, 97, 75546, 97887
2026/07/08 17:35:19.264, 7, 26, 75544, 97887
2026/07/08 17:35:20.273, 0, 0, 48704, 97887
2026/07/08 17:35:20.287, 1, 0, 48104, 97887
2026/07/08 17:35:20.297, 2, 0, 48104, 97887
2026/07/08 17:35:20.308, 3, 0, 48104, 97887
2026/07/08 17:35:20.320, 4, 63, 75530, 97887
2026/07/08 17:35:20.331, 5, 44, 75530, 97887
2026/07/08 17:35:20.347, 6, 78, 75546, 97887
2026/07/08 17:35:20.363, 7, 31, 75544, 97887
2026/07/08 17:35:21.378, 0, 0, 48704, 97887
2026/07/08 17:35:21.389, 1, 0, 48104, 97887
2026/07/08 17:35:21.403, 2, 0, 48104, 97887
2026/07/08 17:35:21.421, 3, 0, 48104, 97887
2026/07/08 17:35:21.439, 4, 64, 75530, 97887
2026/07/08 17:35:21.457, 5, 22, 75530, 97887
2026/07/08 17:35:21.474, 6, 95, 75546, 97887
2026/07/08 17:35:21.488, 7, 26, 75544, 97887
2026/07/08 17:35:22.499, 0, 0, 48704, 97887
2026/07/08 17:35:22.516, 1, 0, 48104, 97887
2026/07/08 17:35:22.525, 2, 0, 48104, 97887
2026/07/08 17:35:22.535, 3, 0, 48104, 97887
2026/07/08 17:35:22.548, 4, 80, 75530, 97887
2026/07/08 17:35:22.555, 5, 23, 75530, 97887
2026/07/08 17:35:22.563, 6, 92, 75546, 97887
2026/07/08 17:35:22.569, 7, 22, 75544, 97887
2026/07/08 17:35:23.577, 0, 0, 48704, 97887
2026/07/08 17:35:23.591, 1, 0, 48104, 97887
2026/07/08 17:35:23.610, 2, 0, 48104, 97887
2026/07/08 17:35:23.626, 3, 0, 48104, 97887
2026/07/08 17:35:23.643, 4, 88, 75530, 97887
2026/07/08 17:35:23.667, 5, 23, 75530, 97887
2026/07/08 17:35:23.686, 6, 94, 75546, 97887
2026/07/08 17:35:23.704, 7, 30, 75544, 97887
2026/07/08 17:35:24.725, 0, 0, 48704, 97887
2026/07/08 17:35:24.739, 1, 0, 48104, 97887
2026/07/08 17:35:24.752, 2, 0, 48104, 97887
2026/07/08 17:35:24.764, 3, 0, 48104, 97887
2026/07/08 17:35:24.777, 4, 82, 75530, 97887
2026/07/08 17:35:24.789, 5, 19, 75530, 97887
2026/07/08 17:35:24.801, 6, 91, 75546, 97887
2026/07/08 17:35:24.814, 7, 26, 75544, 97887
2026/07/08 17:35:25.827, 0, 0, 48704, 97887
2026/07/08 17:35:25.839, 1, 0, 48104, 97887
2026/07/08 17:35:25.850, 2, 0, 48104, 97887
2026/07/08 17:35:25.861, 3, 0, 48104, 97887
2026/07/08 17:35:25.875, 4, 94, 75530, 97887
2026/07/08 17:35:25.886, 5, 52, 75530, 97887
2026/07/08 17:35:25.896, 6, 93, 75546, 97887
2026/07/08 17:35:25.909, 7, 22, 75544, 97887
2026/07/08 17:35:26.925, 0, 0, 48704, 97887
2026/07/08 17:35:26.942, 1, 0, 48104, 97887
2026/07/08 17:35:26.956, 2, 0, 48104, 97887
2026/07/08 17:35:26.971, 3, 0, 48104, 97887
2026/07/08 17:35:26.986, 4, 95, 75530, 97887
2026/07/08 17:35:27.001, 5, 23, 75530, 97887
2026/07/08 17:35:27.015, 6, 93, 75546, 97887
2026/07/08 17:35:27.030, 7, 27, 75544, 97887
2026/07/08 17:35:28.044, 0, 0, 48704, 97887
2026/07/08 17:35:28.058, 1, 0, 48104, 97887
2026/07/08 17:35:28.074, 2, 0, 48104, 97887
2026/07/08 17:35:28.092, 3, 0, 48104, 97887
2026/07/08 17:35:28.109, 4, 71, 75530, 97887
2026/07/08 17:35:28.126, 5, 23, 75530, 97887
2026/07/08 17:35:28.142, 6, 92, 75546, 97887
2026/07/08 17:35:28.157, 7, 26, 75544, 97887
2026/07/08 17:35:29.173, 0, 0, 48704, 97887
2026/07/08 17:35:29.190, 1, 0, 48104, 97887
2026/07/08 17:35:29.204, 2, 0, 48104, 97887
2026/07/08 17:35:29.218, 3, 0, 48104, 97887
2026/07/08 17:35:29.235, 4, 95, 75530, 97887
2026/07/08 17:35:29.248, 5, 21, 75530, 97887
2026/07/08 17:35:29.267, 6, 88, 75546, 97887
2026/07/08 17:35:29.291, 7, 32, 75544, 97887
2026/07/08 17:35:30.309, 0, 0, 48704, 97887
2026/07/08 17:35:30.327, 1, 0, 48104, 97887
2026/07/08 17:35:30.343, 2, 0, 48104, 97887
2026/07/08 17:35:30.359, 3, 0, 48104, 97887
2026/07/08 17:35:30.375, 4, 94, 75530, 97887
2026/07/08 17:35:30.390, 5, 22, 75530, 97887
2026/07/08 17:35:30.405, 6, 93, 75546, 97887
2026/07/08 17:35:30.419, 7, 22, 75544, 97887
2026/07/08 17:35:31.442, 0, 0, 48704, 97887
2026/07/08 17:35:31.458, 1, 0, 48104, 97887
2026/07/08 17:35:31.473, 2, 0, 48104, 97887
2026/07/08 17:35:31.490, 3, 0, 48104, 97887
2026/07/08 17:35:31.505, 4, 82, 75530, 97887
2026/07/08 17:35:31.518, 5, 22, 75530, 97887
2026/07/08 17:35:31.536, 6, 90, 75546, 97887
2026/07/08 17:35:31.552, 7, 23, 75544, 97887
2026/07/08 17:35:32.565, 0, 0, 48704, 97887
2026/07/08 17:35:32.576, 1, 0, 48104, 97887
2026/07/08 17:35:32.588, 2, 0, 48104, 97887
2026/07/08 17:35:32.604, 3, 0, 48104, 97887
2026/07/08 17:35:32.620, 4, 37, 75530, 97887
2026/07/08 17:35:32.634, 5, 70, 75530, 97887
2026/07/08 17:35:32.646, 6, 34, 75546, 97887
2026/07/08 17:35:32.659, 7, 50, 75544, 97887
2026/07/08 17:35:33.674, 0, 0, 48704, 97887
2026/07/08 17:35:33.693, 1, 0, 48104, 97887
2026/07/08 17:35:33.711, 2, 0, 48104, 97887
2026/07/08 17:35:33.725, 3, 0, 48104, 97887
2026/07/08 17:35:33.742, 4, 24, 75530, 97887
2026/07/08 17:35:33.758, 5, 63, 75530, 97887
2026/07/08 17:35:33.775, 6, 68, 75546, 97887
2026/07/08 17:35:33.789, 7, 34, 75544, 97887
2026/07/08 17:35:34.805, 0, 0, 48704, 97887
2026/07/08 17:35:34.820, 1, 0, 48104, 97887
2026/07/08 17:35:34.837, 2, 0, 48104, 97887
2026/07/08 17:35:34.856, 3, 0, 48104, 97887
2026/07/08 17:35:34.876, 4, 95, 75530, 97887
2026/07/08 17:35:34.894, 5, 22, 75530, 97887
2026/07/08 17:35:34.914, 6, 86, 75546, 97887
2026/07/08 17:35:34.927, 7, 32, 75544, 97887
2026/07/08 17:35:35.941, 0, 0, 48704, 97887
2026/07/08 17:35:35.960, 1, 0, 48104, 97887
2026/07/08 17:35:35.978, 2, 0, 48104, 97887
2026/07/08 17:35:35.998, 3, 0, 48104, 97887
2026/07/08 17:35:36.013, 4, 87, 75530, 97887
2026/07/08 17:35:36.029, 5, 22, 75530, 97887
2026/07/08 17:35:36.047, 6, 67, 75546, 97887
2026/07/08 17:35:36.061, 7, 22, 75544, 97887
2026/07/08 17:35:37.075, 0, 0, 48704, 97887
2026/07/08 17:35:37.089, 1, 0, 48104, 97887
2026/07/08 17:35:37.103, 2, 0, 48104, 97887
2026/07/08 17:35:37.117, 3, 0, 48104, 97887
2026/07/08 17:35:37.130, 4, 92, 75530, 97887
2026/07/08 17:35:37.144, 5, 22, 75530, 97887
2026/07/08 17:35:37.160, 6, 96, 75546, 97887
2026/07/08 17:35:37.173, 7, 99, 75544, 97887
2026/07/08 17:35:38.189, 0, 0, 48704, 97887
2026/07/08 17:35:38.199, 1, 0, 48104, 97887
2026/07/08 17:35:38.209, 2, 0, 48104, 97887
2026/07/08 17:35:38.219, 3, 0, 48104, 97887
2026/07/08 17:35:38.230, 4, 89, 75530, 97887
2026/07/08 17:35:38.243, 5, 37, 75530, 97887
2026/07/08 17:35:38.256, 6, 78, 75546, 97887
2026/07/08 17:35:38.268, 7, 24, 75544, 97887
2026/07/08 17:35:39.281, 0, 0, 48704, 97887
2026/07/08 17:35:39.298, 1, 0, 48104, 97887
2026/07/08 17:35:39.312, 2, 0, 48104, 97887
2026/07/08 17:35:39.328, 3, 0, 48104, 97887
2026/07/08 17:35:39.344, 4, 85, 75530, 97887
2026/07/08 17:35:39.361, 5, 22, 75530, 97887
2026/07/08 17:35:39.374, 6, 46, 75546, 97887
2026/07/08 17:35:39.388, 7, 35, 75544, 97887
2026/07/08 17:35:40.403, 0, 0, 48704, 97887
2026/07/08 17:35:40.421, 1, 0, 48104, 97887
2026/07/08 17:35:40.437, 2, 0, 48104, 97887
2026/07/08 17:35:40.451, 3, 0, 48104, 97887
2026/07/08 17:35:40.469, 4, 49, 75530, 97887
2026/07/08 17:35:40.481, 5, 49, 75530, 97887
2026/07/08 17:35:40.490, 6, 94, 75546, 97887
2026/07/08 17:35:40.500, 7, 22, 75544, 97887
2026/07/08 17:35:41.510, 0, 0, 48704, 97887
2026/07/08 17:35:41.529, 1, 0, 48104, 97887
2026/07/08 17:35:41.542, 2, 0, 48104, 97887
2026/07/08 17:35:41.555, 3, 0, 48104, 97887
2026/07/08 17:35:41.567, 4, 74, 75530, 97887
2026/07/08 17:35:41.582, 5, 22, 75530, 97887
2026/07/08 17:35:41.598, 6, 62, 75546, 97887
2026/07/08 17:35:41.612, 7, 68, 75544, 97887
2026/07/08 17:35:42.628, 0, 0, 48704, 97887
2026/07/08 17:35:42.645, 1, 0, 48104, 97887
2026/07/08 17:35:42.663, 2, 0, 48104, 97887
2026/07/08 17:35:42.680, 3, 0, 48104, 97887
2026/07/08 17:35:42.699, 4, 92, 75530, 97887
2026/07/08 17:35:42.717, 5, 23, 75530, 97887
2026/07/08 17:35:42.735, 6, 96, 75546, 97887
2026/07/08 17:35:42.754, 7, 25, 75544, 97887
2026/07/08 17:35:43.773, 0, 0, 48704, 97887
2026/07/08 17:35:43.791, 1, 0, 48104, 97887
2026/07/08 17:35:43.809, 2, 0, 48104, 97887
2026/07/08 17:35:43.826, 3, 0, 48104, 97887
2026/07/08 17:35:43.844, 4, 26, 75530, 97887
2026/07/08 17:35:43.864, 5, 62, 75530, 97887
2026/07/08 17:35:43.882, 6, 85, 75546, 97887
2026/07/08 17:35:43.899, 7, 22, 75544, 97887
2026/07/08 17:35:44.915, 0, 0, 48704, 97887
2026/07/08 17:35:44.931, 1, 0, 48104, 97887
2026/07/08 17:35:44.950, 2, 0, 48104, 97887
2026/07/08 17:35:44.965, 3, 0, 48104, 97887
2026/07/08 17:35:44.979, 4, 95, 75530, 97887
2026/07/08 17:35:44.998, 5, 28, 75530, 97887
2026/07/08 17:35:45.015, 6, 79, 75546, 97887
2026/07/08 17:35:45.030, 7, 45, 75544, 97887
2026/07/08 17:35:46.046, 0, 0, 48704, 97887
2026/07/08 17:35:46.058, 1, 0, 48104, 97887
2026/07/08 17:35:46.072, 2, 0, 48104, 97887
2026/07/08 17:35:46.087, 3, 0, 48104, 97887
2026/07/08 17:35:46.101, 4, 95, 75530, 97887
2026/07/08 17:35:46.115, 5, 22, 75530, 97887
2026/07/08 17:35:46.130, 6, 77, 75546, 97887
2026/07/08 17:35:46.143, 7, 32, 75544, 97887
2026/07/08 17:35:47.160, 0, 0, 48704, 97887
2026/07/08 17:35:47.170, 1, 0, 48104, 97887
2026/07/08 17:35:47.180, 2, 0, 48104, 97887
2026/07/08 17:35:47.193, 3, 0, 48104, 97887
2026/07/08 17:35:47.206, 4, 37, 75530, 97887
2026/07/08 17:35:47.220, 5, 27, 75530, 97887
2026/07/08 17:35:47.234, 6, 74, 75546, 97887
2026/07/08 17:35:47.254, 7, 41, 75544, 97887
2026/07/08 17:35:48.268, 0, 0, 48704, 97887
2026/07/08 17:35:48.287, 1, 0, 48104, 97887
2026/07/08 17:35:48.305, 2, 0, 48104, 97887
2026/07/08 17:35:48.321, 3, 0, 48104, 97887
2026/07/08 17:35:48.337, 4, 93, 75530, 97887
2026/07/08 17:35:48.351, 5, 22, 75530, 97887
2026/07/08 17:35:48.368, 6, 67, 75546, 97887
2026/07/08 17:35:48.385, 7, 26, 75544, 97887
2026/07/08 17:35:49.403, 0, 0, 48704, 97887
2026/07/08 17:35:49.416, 1, 0, 48104, 97887
2026/07/08 17:35:49.429, 2, 0, 48104, 97887
2026/07/08 17:35:49.443, 3, 0, 48104, 97887
2026/07/08 17:35:49.457, 4, 70, 75530, 97887
2026/07/08 17:35:49.472, 5, 27, 75530, 97887
2026/07/08 17:35:49.490, 6, 86, 75546, 97887
2026/07/08 17:35:49.504, 7, 23, 75544, 97887
2026/07/08 17:35:50.519, 0, 0, 48704, 97887
2026/07/08 17:35:50.535, 1, 0, 48104, 97887
2026/07/08 17:35:50.550, 2, 0, 48104, 97887
2026/07/08 17:35:50.564, 3, 0, 48104, 97887
2026/07/08 17:35:50.577, 4, 86, 75530, 97887
2026/07/08 17:35:50.590, 5, 22, 75530, 97887
2026/07/08 17:35:50.607, 6, 77, 75546, 97887
2026/07/08 17:35:50.624, 7, 44, 75544, 97887
2026/07/08 17:35:51.643, 0, 0, 48704, 97887
2026/07/08 17:35:51.661, 1, 0, 48104, 97887
2026/07/08 17:35:51.676, 2, 0, 48104, 97887
2026/07/08 17:35:51.688, 3, 0, 48104, 97887
2026/07/08 17:35:51.700, 4, 95, 75530, 97887
2026/07/08 17:35:51.713, 5, 22, 75530, 97887
2026/07/08 17:35:51.728, 6, 93, 75546, 97887
2026/07/08 17:35:51.742, 7, 36, 75544, 97887
2026/07/08 17:35:52.755, 0, 0, 48704, 97887
2026/07/08 17:35:52.771, 1, 0, 48104, 97887
2026/07/08 17:35:52.784, 2, 0, 48104, 97887
2026/07/08 17:35:52.794, 3, 0, 48104, 97887
2026/07/08 17:35:52.806, 4, 62, 75530, 97887
2026/07/08 17:35:52.818, 5, 60, 75530, 97887
2026/07/08 17:35:52.831, 6, 85, 75546, 97887
2026/07/08 17:35:52.844, 7, 24, 75544, 97887
2026/07/08 17:35:53.858, 0, 0, 48704, 97887
2026/07/08 17:35:53.875, 1, 0, 48104, 97887
2026/07/08 17:35:53.889, 2, 0, 48104, 97887
2026/07/08 17:35:53.903, 3, 0, 48104, 97887
2026/07/08 17:35:53.918, 4, 95, 75530, 97887
2026/07/08 17:35:53.932, 5, 22, 75530, 97887
2026/07/08 17:35:53.948, 6, 90, 75546, 97887
2026/07/08 17:35:53.959, 7, 31, 75544, 97887
2026/07/08 17:35:54.975, 0, 0, 48704, 97887
2026/07/08 17:35:54.991, 1, 0, 48104, 97887
2026/07/08 17:35:55.007, 2, 0, 48104, 97887
2026/07/08 17:35:55.021, 3, 0, 48104, 97887
2026/07/08 17:35:55.035, 4, 95, 75530, 97887
2026/07/08 17:35:55.049, 5, 22, 75530, 97887
2026/07/08 17:35:55.069, 6, 89, 75546, 97887
2026/07/08 17:35:55.088, 7, 29, 75544, 97887
2026/07/08 17:35:56.107, 0, 0, 48704, 97887
2026/07/08 17:35:56.119, 1, 0, 48104, 97887
2026/07/08 17:35:56.134, 2, 0, 48104, 97887
2026/07/08 17:35:56.146, 3, 0, 48104, 97887
2026/07/08 17:35:56.163, 4, 29, 75530, 97887
2026/07/08 17:35:56.178, 5, 23, 75530, 97887
2026/07/08 17:35:56.193, 6, 88, 75546, 97887
2026/07/08 17:35:56.208, 7, 23, 75544, 97887
2026/07/08 17:35:57.225, 0, 0, 48704, 97887
2026/07/08 17:35:57.241, 1, 0, 48104, 97887
2026/07/08 17:35:57.255, 2, 0, 48104, 97887
2026/07/08 17:35:57.270, 3, 0, 48104, 97887
2026/07/08 17:35:57.281, 4, 95, 75530, 97887
2026/07/08 17:35:57.295, 5, 22, 75530, 97887
2026/07/08 17:35:57.308, 6, 70, 75546, 97887
2026/07/08 17:35:57.324, 7, 40, 75544, 97887
2026/07/08 17:35:58.341, 0, 0, 48704, 97887
2026/07/08 17:35:58.356, 1, 0, 48104, 97887
2026/07/08 17:35:58.370, 2, 0, 48104, 97887
2026/07/08 17:35:58.382, 3, 0, 48104, 97887
2026/07/08 17:35:58.397, 4, 95, 75530, 97887
2026/07/08 17:35:58.411, 5, 49, 75530, 97887
2026/07/08 17:35:58.424, 6, 96, 75546, 97887
2026/07/08 17:35:58.437, 7, 23, 75544, 97887
2026/07/08 17:35:59.452, 0, 0, 48704, 97887
2026/07/08 17:35:59.470, 1, 0, 48104, 97887
2026/07/08 17:35:59.490, 2, 0, 48104, 97887
2026/07/08 17:35:59.505, 3, 0, 48104, 97887
2026/07/08 17:35:59.520, 4, 95, 75532, 97887
2026/07/08 17:35:59.534, 5, 55, 75530, 97887
2026/07/08 17:35:59.549, 6, 94, 75546, 97887
2026/07/08 17:35:59.562, 7, 22, 75544, 97887
2026/07/08 17:36:00.579, 0, 0, 48704, 97887
2026/07/08 17:36:00.594, 1, 0, 48104, 97887
2026/07/08 17:36:00.611, 2, 0, 48104, 97887
2026/07/08 17:36:00.627, 3, 0, 48104, 97887
2026/07/08 17:36:00.644, 4, 53, 75532, 97887
2026/07/08 17:36:00.662, 5, 22, 75530, 97887
2026/07/08 17:36:00.680, 6, 96, 75546, 97887
2026/07/08 17:36:00.695, 7, 25, 75544, 97887
2026/07/08 17:36:01.711, 0, 0, 48704, 97887
2026/07/08 17:36:01.726, 1, 0, 48104, 97887
2026/07/08 17:36:01.740, 2, 0, 48104, 97887
2026/07/08 17:36:01.758, 3, 0, 48104, 97887
2026/07/08 17:36:01.772, 4, 87, 75532, 97887
2026/07/08 17:36:01.787, 5, 23, 75530, 97887
2026/07/08 17:36:01.802, 6, 91, 75546, 97887
2026/07/08 17:36:01.808, 7, 32, 75544, 97887
2026/07/08 17:36:02.816, 0, 0, 48704, 97887
2026/07/08 17:36:02.831, 1, 0, 48104, 97887
2026/07/08 17:36:02.846, 2, 0, 48104, 97887
2026/07/08 17:36:02.861, 3, 0, 48104, 97887
2026/07/08 17:36:02.876, 4, 88, 75532, 97887
2026/07/08 17:36:02.889, 5, 21, 75530, 97887
2026/07/08 17:36:02.908, 6, 90, 75546, 97887
2026/07/08 17:36:02.921, 7, 26, 75544, 97887
2026/07/08 17:36:03.934, 0, 0, 48704, 97887
2026/07/08 17:36:03.945, 1, 0, 48104, 97887
2026/07/08 17:36:03.954, 2, 0, 48104, 97887
2026/07/08 17:36:03.968, 3, 0, 48104, 97887
2026/07/08 17:36:03.984, 4, 61, 75532, 97887
2026/07/08 17:36:03.999, 5, 24, 75530, 97887
2026/07/08 17:36:04.014, 6, 96, 75546, 97887
2026/07/08 17:36:04.028, 7, 18, 75544, 97887
2026/07/08 17:36:05.037, 0, 0, 48704, 97887
2026/07/08 17:36:05.051, 1, 0, 48104, 97887
2026/07/08 17:36:05.066, 2, 0, 48104, 97887
2026/07/08 17:36:05.083, 3, 0, 48104, 97887
2026/07/08 17:36:05.097, 4, 95, 75532, 97887
2026/07/08 17:36:05.109, 5, 48, 75530, 97887
2026/07/08 17:36:05.122, 6, 83, 75546, 97887
2026/07/08 17:36:05.136, 7, 22, 75544, 97887
2026/07/08 17:36:06.148, 0, 0, 48704, 97887
2026/07/08 17:36:06.165, 1, 0, 48104, 97887
2026/07/08 17:36:06.183, 2, 0, 48104, 97887
2026/07/08 17:36:06.199, 3, 0, 48104, 97887
2026/07/08 17:36:06.215, 4, 87, 75532, 97887
2026/07/08 17:36:06.229, 5, 22, 75530, 97887
2026/07/08 17:36:06.244, 6, 91, 75546, 97887
2026/07/08 17:36:06.260, 7, 23, 75544, 97887
2026/07/08 17:36:07.274, 0, 0, 48704, 97887
2026/07/08 17:36:07.286, 1, 0, 48104, 97887
2026/07/08 17:36:07.299, 2, 0, 48104, 97887
2026/07/08 17:36:07.313, 3, 0, 48104, 97887
2026/07/08 17:36:07.328, 4, 53, 75532, 97887
2026/07/08 17:36:07.346, 5, 23, 75530, 97887
2026/07/08 17:36:07.363, 6, 90, 75546, 97887
2026/07/08 17:36:07.380, 7, 31, 75544, 97887
2026/07/08 17:36:08.396, 0, 0, 48704, 97887
2026/07/08 17:36:08.413, 1, 0, 48104, 97887
2026/07/08 17:36:08.430, 2, 0, 48104, 97887
2026/07/08 17:36:08.445, 3, 0, 48104, 97887
2026/07/08 17:36:08.463, 4, 57, 75532, 97887
2026/07/08 17:36:08.480, 5, 21, 75530, 97887
2026/07/08 17:36:08.495, 6, 91, 75546, 97887
2026/07/08 17:36:08.506, 7, 24, 75544, 97887
2026/07/08 17:36:09.519, 0, 0, 48704, 97887
2026/07/08 17:36:09.538, 1, 0, 48104, 97887
2026/07/08 17:36:09.554, 2, 0, 48104, 97887
2026/07/08 17:36:09.571, 3, 0, 48104, 97887
2026/07/08 17:36:09.587, 4, 28, 75532, 97887
2026/07/08 17:36:09.603, 5, 28, 75530, 97887
2026/07/08 17:36:09.620, 6, 66, 75546, 97887
2026/07/08 17:36:09.637, 7, 27, 75544, 97887
2026/07/08 17:36:10.651, 0, 0, 48704, 97887
2026/07/08 17:36:10.670, 1, 0, 48104, 97887
2026/07/08 17:36:10.685, 2, 0, 48104, 97887
2026/07/08 17:36:10.705, 3, 0, 48104, 97887
2026/07/08 17:36:10.720, 4, 95, 75532, 97887
2026/07/08 17:36:10.735, 5, 22, 75530, 97887
2026/07/08 17:36:10.753, 6, 84, 75546, 97887
2026/07/08 17:36:10.770, 7, 22, 75544, 97887
2026/07/08 17:36:11.785, 0, 0, 48704, 97887
2026/07/08 17:36:11.800, 1, 0, 48104, 97887
2026/07/08 17:36:11.813, 2, 0, 48104, 97887
2026/07/08 17:36:11.828, 3, 0, 48104, 97887
2026/07/08 17:36:11.842, 4, 93, 75532, 97887
2026/07/08 17:36:11.855, 5, 22, 75530, 97887
2026/07/08 17:36:11.873, 6, 71, 75546, 97887
2026/07/08 17:36:11.887, 7, 60, 75544, 97887
2026/07/08 17:36:12.902, 0, 0, 48704, 97887
2026/07/08 17:36:12.917, 1, 0, 48104, 97887
2026/07/08 17:36:12.930, 2, 0, 48104, 97887
2026/07/08 17:36:12.940, 3, 0, 48104, 97887
2026/07/08 17:36:12.954, 4, 84, 75532, 97887
2026/07/08 17:36:12.967, 5, 23, 75530, 97887
2026/07/08 17:36:12.980, 6, 75, 75546, 97887
2026/07/08 17:36:12.993, 7, 26, 75544, 97887
2026/07/08 17:36:14.009, 0, 0, 48704, 97887
2026/07/08 17:36:14.027, 1, 0, 48104, 97887
2026/07/08 17:36:14.040, 2, 0, 48104, 97887
2026/07/08 17:36:14.058, 3, 0, 48104, 97887
2026/07/08 17:36:14.075, 4, 24, 75532, 97887
2026/07/08 17:36:14.090, 5, 27, 75530, 97887
2026/07/08 17:36:14.100, 6, 73, 75546, 97887
2026/07/08 17:36:14.118, 7, 27, 75544, 97887
2026/07/08 17:36:15.128, 0, 0, 48704, 97887
2026/07/08 17:36:15.144, 1, 0, 48104, 97887
2026/07/08 17:36:15.159, 2, 0, 48104, 97887
2026/07/08 17:36:15.173, 3, 0, 48104, 97887
2026/07/08 17:36:15.187, 4, 88, 75532, 97887
2026/07/08 17:36:15.197, 5, 31, 75530, 97887
2026/07/08 17:36:15.207, 6, 74, 75546, 97887
2026/07/08 17:36:15.217, 7, 35, 75544, 97887
2026/07/08 17:36:16.233, 0, 0, 48704, 97887
2026/07/08 17:36:16.248, 1, 0, 48104, 97887
2026/07/08 17:36:16.263, 2, 0, 48104, 97887
2026/07/08 17:36:16.279, 3, 0, 48104, 97887
2026/07/08 17:36:16.289, 4, 81, 75532, 97887
2026/07/08 17:36:16.297, 5, 87, 75530, 97887
2026/07/08 17:36:16.307, 6, 78, 75546, 97887
2026/07/08 17:36:16.324, 7, 41, 75544, 97887
2026/07/08 17:36:17.337, 0, 0, 48704, 97887
2026/07/08 17:36:17.351, 1, 0, 48104, 97887
2026/07/08 17:36:17.366, 2, 0, 48104, 97887
2026/07/08 17:36:17.381, 3, 0, 48104, 97887
2026/07/08 17:36:17.395, 4, 90, 75532, 97887
2026/07/08 17:36:17.408, 5, 18, 75530, 97887
2026/07/08 17:36:17.422, 6, 64, 75546, 97887
2026/07/08 17:36:17.434, 7, 29, 75544, 97887
2026/07/08 17:36:18.446, 0, 0, 48704, 97887
2026/07/08 17:36:18.459, 1, 0, 48104, 97887
2026/07/08 17:36:18.471, 2, 0, 48104, 97887
2026/07/08 17:36:18.486, 3, 0, 48104, 97887
2026/07/08 17:36:18.503, 4, 95, 75532, 97887
2026/07/08 17:36:18.520, 5, 19, 75530, 97887
2026/07/08 17:36:18.536, 6, 89, 75546, 97887
2026/07/08 17:36:18.552, 7, 27, 75544, 97887
2026/07/08 17:36:19.570, 0, 0, 48704, 97887
2026/07/08 17:36:19.582, 1, 0, 48104, 97887
2026/07/08 17:36:19.596, 2, 0, 48104, 97887
2026/07/08 17:36:19.610, 3, 0, 48104, 97887
2026/07/08 17:36:19.621, 4, 93, 75532, 97887
2026/07/08 17:36:19.634, 5, 19, 75530, 97887
2026/07/08 17:36:19.647, 6, 93, 75546, 97887
2026/07/08 17:36:19.661, 7, 22, 75544, 97887
2026/07/08 17:36:20.678, 0, 0, 48704, 97887
2026/07/08 17:36:20.697, 1, 0, 48104, 97887
2026/07/08 17:36:20.711, 2, 0, 48104, 97887
2026/07/08 17:36:20.728, 3, 0, 48104, 97887
2026/07/08 17:36:20.745, 4, 90, 75532, 97887
2026/07/08 17:36:20.761, 5, 20, 75530, 97887
2026/07/08 17:36:20.773, 6, 92, 75546, 97887
2026/07/08 17:36:20.789, 7, 27, 75544, 97887
2026/07/08 17:36:21.806, 0, 0, 48704, 97887
2026/07/08 17:36:21.821, 1, 0, 48104, 97887
2026/07/08 17:36:21.835, 2, 0, 48104, 97887
2026/07/08 17:36:21.849, 3, 0, 48104, 97887
2026/07/08 17:36:21.861, 4, 95, 75532, 97887
2026/07/08 17:36:21.875, 5, 21, 75530, 97887
2026/07/08 17:36:21.886, 6, 94, 75546, 97887
2026/07/08 17:36:21.897, 7, 28, 75544, 97887
2026/07/08 17:36:22.909, 0, 0, 48704, 97887
2026/07/08 17:36:22.925, 1, 0, 48104, 97887
2026/07/08 17:36:22.943, 2, 0, 48104, 97887
2026/07/08 17:36:22.958, 3, 0, 48104, 97887
2026/07/08 17:36:22.972, 4, 95, 75532, 97887
2026/07/08 17:36:22.987, 5, 21, 75530, 97887
2026/07/08 17:36:23.003, 6, 95, 75546, 97887
2026/07/08 17:36:23.020, 7, 27, 75544, 97887
2026/07/08 17:36:24.035, 0, 0, 48704, 97887
2026/07/08 17:36:24.053, 1, 0, 48104, 97887
2026/07/08 17:36:24.069, 2, 0, 48104, 97887
2026/07/08 17:36:24.086, 3, 0, 48104, 97887
2026/07/08 17:36:24.103, 4, 81, 75532, 97887
2026/07/08 17:36:24.118, 5, 21, 75530, 97887
2026/07/08 17:36:24.132, 6, 81, 75546, 97887
2026/07/08 17:36:24.148, 7, 37, 75544, 97887
2026/07/08 17:36:25.166, 0, 0, 48704, 97887
2026/07/08 17:36:25.179, 1, 0, 48104, 97887
2026/07/08 17:36:25.193, 2, 0, 48104, 97887
2026/07/08 17:36:25.208, 3, 0, 48104, 97887
2026/07/08 17:36:25.223, 4, 95, 75532, 97887
2026/07/08 17:36:25.237, 5, 21, 75530, 97887
2026/07/08 17:36:25.250, 6, 48, 75546, 97887
2026/07/08 17:36:25.257, 7, 67, 75544, 97887
2026/07/08 17:36:26.265, 0, 0, 48704, 97887
2026/07/08 17:36:26.283, 1, 0, 48104, 97887
2026/07/08 17:36:26.298, 2, 0, 48104, 97887
2026/07/08 17:36:26.313, 3, 0, 48104, 97887
2026/07/08 17:36:26.328, 4, 91, 75532, 97887
2026/07/08 17:36:26.345, 5, 21, 75530, 97887
2026/07/08 17:36:26.358, 6, 41, 75546, 97887
2026/07/08 17:36:26.371, 7, 90, 75544, 97887
2026/07/08 17:36:27.385, 0, 0, 48704, 97887
2026/07/08 17:36:27.399, 1, 0, 48104, 97887
2026/07/08 17:36:27.416, 2, 0, 48104, 97887
2026/07/08 17:36:27.430, 3, 0, 48104, 97887
2026/07/08 17:36:27.444, 4, 27, 75532, 97887
2026/07/08 17:36:27.459, 5, 79, 75530, 97887
2026/07/08 17:36:27.472, 6, 89, 75546, 97887
2026/07/08 17:36:27.483, 7, 22, 75544, 97887
2026/07/08 17:36:28.494, 0, 0, 48704, 97887
2026/07/08 17:36:28.506, 1, 0, 48104, 97887
2026/07/08 17:36:28.520, 2, 0, 48104, 97887
2026/07/08 17:36:28.533, 3, 0, 48104, 97887
2026/07/08 17:36:28.548, 4, 95, 75532, 97887
2026/07/08 17:36:28.563, 5, 33, 75530, 97887
2026/07/08 17:36:28.577, 6, 73, 75546, 97887
2026/07/08 17:36:28.592, 7, 53, 75544, 97887
2026/07/08 17:36:29.608, 0, 0, 48704, 97887
2026/07/08 17:36:29.619, 1, 0, 48104, 97887
2026/07/08 17:36:29.630, 2, 0, 48104, 97887
2026/07/08 17:36:29.641, 3, 0, 48104, 97887
2026/07/08 17:36:29.652, 4, 34, 75532, 97887
2026/07/08 17:36:29.664, 5, 84, 75530, 97887
2026/07/08 17:36:29.674, 6, 79, 75546, 97887
2026/07/08 17:36:29.707, 7, 25, 75544, 97887
2026/07/08 17:36:30.723, 0, 0, 48704, 97887
2026/07/08 17:36:30.741, 1, 0, 48104, 97887
2026/07/08 17:36:30.757, 2, 0, 48104, 97887
2026/07/08 17:36:30.772, 3, 0, 48104, 97887
2026/07/08 17:36:30.783, 4, 36, 75532, 97887
2026/07/08 17:36:30.797, 5, 23, 75530, 97887
2026/07/08 17:36:30.812, 6, 33, 75546, 97887
2026/07/08 17:36:30.827, 7, 53, 75544, 97887
2026/07/08 17:36:31.844, 0, 0, 48704, 97887
2026/07/08 17:36:31.862, 1, 0, 48104, 97887
2026/07/08 17:36:31.878, 2, 0, 48104, 97887
2026/07/08 17:36:31.895, 3, 0, 48104, 97887
2026/07/08 17:36:31.913, 4, 52, 75532, 97887
2026/07/08 17:36:31.930, 5, 61, 75530, 97887
2026/07/08 17:36:31.947, 6, 41, 75546, 97887
2026/07/08 17:36:31.965, 7, 66, 75544, 97887
2026/07/08 17:36:32.986, 0, 0, 48704, 97887
2026/07/08 17:36:33.005, 1, 0, 48104, 97887
2026/07/08 17:36:33.020, 2, 0, 48104, 97887
2026/07/08 17:36:33.033, 3, 0, 48104, 97887
2026/07/08 17:36:33.050, 4, 27, 75532, 97887
2026/07/08 17:36:33.057, 5, 30, 75530, 97887
2026/07/08 17:36:33.066, 6, 33, 75546, 97887
2026/07/08 17:36:33.073, 7, 47, 75544, 97887
2026/07/08 17:36:34.084, 0, 0, 48704, 97887
2026/07/08 17:36:34.103, 1, 0, 48104, 97887
2026/07/08 17:36:34.119, 2, 0, 48104, 97887
2026/07/08 17:36:34.129, 3, 0, 48104, 97887
2026/07/08 17:36:34.137, 4, 72, 75532, 97887
2026/07/08 17:36:34.148, 5, 22, 75530, 97887
2026/07/08 17:36:34.164, 6, 35, 75546, 97887
2026/07/08 17:36:34.181, 7, 79, 75544, 97887
2026/07/08 17:36:35.199, 0, 0, 48704, 97887
2026/07/08 17:36:35.217, 1, 0, 48104, 97887
2026/07/08 17:36:35.236, 2, 0, 48104, 97887
2026/07/08 17:36:35.275, 3, 0, 48104, 97887
2026/07/08 17:36:35.308, 4, 95, 75532, 97887
2026/07/08 17:36:35.324, 5, 19, 75530, 97887
2026/07/08 17:36:35.345, 6, 55, 75546, 97887
2026/07/08 17:36:35.360, 7, 58, 75544, 97887
2026/07/08 17:36:36.380, 0, 0, 48704, 97887
2026/07/08 17:36:36.397, 1, 0, 48104, 97887
2026/07/08 17:36:36.414, 2, 0, 48104, 97887
2026/07/08 17:36:36.426, 3, 0, 48104, 97887
2026/07/08 17:36:36.437, 4, 92, 75532, 97887
2026/07/08 17:36:36.447, 5, 22, 75530, 97887
2026/07/08 17:36:36.461, 6, 39, 75546, 97887
2026/07/08 17:36:36.474, 7, 42, 75544, 97887
2026/07/08 17:36:37.487, 0, 0, 48704, 97887
2026/07/08 17:36:37.508, 1, 0, 48104, 97887
2026/07/08 17:36:37.523, 2, 0, 48104, 97887
2026/07/08 17:36:37.541, 3, 0, 48104, 97887
2026/07/08 17:36:37.559, 4, 86, 75532, 97887
2026/07/08 17:36:37.575, 5, 22, 75530, 97887
2026/07/08 17:36:37.591, 6, 35, 75546, 97887
2026/07/08 17:36:37.608, 7, 85, 75544, 97887
2026/07/08 17:36:38.625, 0, 0, 48704, 97887
2026/07/08 17:36:38.639, 1, 0, 48104, 97887
2026/07/08 17:36:38.654, 2, 0, 48104, 97887
2026/07/08 17:36:38.671, 3, 0, 48104, 97887
2026/07/08 17:36:38.684, 4, 92, 75532, 97887
2026/07/08 17:36:38.698, 5, 22, 75530, 97887
2026/07/08 17:36:38.712, 6, 35, 75546, 97887
2026/07/08 17:36:38.729, 7, 38, 75544, 97887
2026/07/08 17:36:39.745, 0, 0, 48704, 97887
2026/07/08 17:36:39.763, 1, 0, 48104, 97887
2026/07/08 17:36:39.780, 2, 0, 48104, 97887
2026/07/08 17:36:39.805, 3, 0, 48104, 97887
2026/07/08 17:36:39.823, 4, 90, 75532, 97887
2026/07/08 17:36:39.837, 5, 22, 75530, 97887
2026/07/08 17:36:39.851, 6, 40, 75546, 97887
2026/07/08 17:36:39.867, 7, 88, 75544, 97887
2026/07/08 17:36:40.882, 0, 0, 48704, 97887
2026/07/08 17:36:40.902, 1, 0, 48104, 97887
2026/07/08 17:36:40.918, 2, 0, 48104, 97887
2026/07/08 17:36:40.953, 3, 0, 48104, 97887
2026/07/08 17:36:40.977, 4, 93, 75532, 97887
2026/07/08 17:36:40.995, 5, 21, 75530, 97887
2026/07/08 17:36:41.013, 6, 31, 75546, 97887
2026/07/08 17:36:41.029, 7, 76, 75544, 97887
2026/07/08 17:36:42.057, 0, 0, 48704, 97887
2026/07/08 17:36:42.071, 1, 0, 48104, 97887
2026/07/08 17:36:42.084, 2, 0, 48104, 97887
2026/07/08 17:36:42.100, 3, 0, 48104, 97887
2026/07/08 17:36:42.114, 4, 84, 75532, 97887
2026/07/08 17:36:42.131, 5, 21, 75530, 97887
2026/07/08 17:36:42.148, 6, 29, 75546, 97887
2026/07/08 17:36:42.167, 7, 73, 75544, 97887
2026/07/08 17:36:43.185, 0, 0, 48704, 97887
2026/07/08 17:36:43.205, 1, 0, 48104, 97887
2026/07/08 17:36:43.223, 2, 0, 48104, 97887
2026/07/08 17:36:43.241, 3, 0, 48104, 97887
2026/07/08 17:36:43.259, 4, 95, 75532, 97887
2026/07/08 17:36:43.278, 5, 22, 75530, 97887
2026/07/08 17:36:43.296, 6, 27, 75546, 97887
2026/07/08 17:36:43.315, 7, 66, 75544, 97887
2026/07/08 17:36:44.333, 0, 0, 48704, 97887
2026/07/08 17:36:44.351, 1, 0, 48104, 97887
2026/07/08 17:36:44.366, 2, 0, 48104, 97887
2026/07/08 17:36:44.380, 3, 0, 48104, 97887
2026/07/08 17:36:44.397, 4, 94, 75532, 97887
2026/07/08 17:36:44.409, 5, 22, 75530, 97887
2026/07/08 17:36:44.422, 6, 27, 75546, 97887
2026/07/08 17:36:44.430, 7, 66, 75544, 97887
2026/07/08 17:36:45.438, 0, 0, 48704, 97887
2026/07/08 17:36:45.453, 1, 0, 48104, 97887
2026/07/08 17:36:45.469, 2, 0, 48104, 97887
2026/07/08 17:36:45.481, 3, 0, 48104, 97887
2026/07/08 17:36:45.498, 4, 92, 75532, 97887
2026/07/08 17:36:45.507, 5, 21, 75530, 97887
2026/07/08 17:36:45.517, 6, 26, 75546, 97887
2026/07/08 17:36:45.529, 7, 78, 75544, 97887
2026/07/08 17:36:46.543, 0, 0, 48704, 97887
2026/07/08 17:36:46.557, 1, 0, 48104, 97887
2026/07/08 17:36:46.569, 2, 0, 48104, 97887
2026/07/08 17:36:46.592, 3, 0, 48104, 97887
2026/07/08 17:36:46.609, 4, 95, 75532, 97887
2026/07/08 17:36:46.625, 5, 30, 75530, 97887
2026/07/08 17:36:46.643, 6, 37, 75546, 97887
2026/07/08 17:36:46.658, 7, 59, 75544, 97887
2026/07/08 17:36:47.680, 0, 0, 48704, 97887
2026/07/08 17:36:47.697, 1, 0, 48104, 97887
2026/07/08 17:36:47.710, 2, 0, 48104, 97887
2026/07/08 17:36:47.718, 3, 0, 48104, 97887
2026/07/08 17:36:47.731, 4, 94, 75532, 97887
2026/07/08 17:36:47.743, 5, 21, 75530, 97887
2026/07/08 17:36:47.753, 6, 33, 75546, 97887
2026/07/08 17:36:47.764, 7, 52, 75544, 97887
2026/07/08 17:36:48.773, 0, 0, 48704, 97887
2026/07/08 17:36:48.789, 1, 0, 48104, 97887
2026/07/08 17:36:48.805, 2, 0, 48104, 97887
2026/07/08 17:36:48.815, 3, 0, 48104, 97887
2026/07/08 17:36:48.824, 4, 45, 75532, 97887
2026/07/08 17:36:48.838, 5, 23, 75530, 97887
2026/07/08 17:36:48.852, 6, 35, 75546, 97887
2026/07/08 17:36:48.867, 7, 67, 75544, 97887
2026/07/08 17:36:49.882, 0, 0, 48704, 97887
2026/07/08 17:36:49.897, 1, 0, 48104, 97887
2026/07/08 17:36:49.907, 2, 0, 48104, 97887
2026/07/08 17:36:49.919, 3, 0, 48104, 97887
2026/07/08 17:36:49.932, 4, 95, 75532, 97887
2026/07/08 17:36:49.941, 5, 21, 75530, 97887
2026/07/08 17:36:49.953, 6, 38, 75546, 97887
2026/07/08 17:36:49.965, 7, 82, 75544, 97887
2026/07/08 17:36:50.980, 0, 0, 48704, 97887
2026/07/08 17:36:50.995, 1, 0, 48104, 97887
2026/07/08 17:36:51.010, 2, 0, 48104, 97887
2026/07/08 17:36:51.023, 3, 0, 48104, 97887
2026/07/08 17:36:51.037, 4, 88, 75532, 97887
2026/07/08 17:36:51.052, 5, 22, 75530, 97887
2026/07/08 17:36:51.063, 6, 43, 75546, 97887
2026/07/08 17:36:51.072, 7, 29, 75544, 97887
2026/07/08 17:36:52.086, 0, 0, 48704, 97887
2026/07/08 17:36:52.108, 1, 0, 48104, 97887
2026/07/08 17:36:52.124, 2, 0, 48104, 97887
2026/07/08 17:36:52.134, 3, 0, 48104, 97887
2026/07/08 17:36:52.150, 4, 95, 75532, 97887
2026/07/08 17:36:52.169, 5, 26, 75530, 97887
2026/07/08 17:36:52.193, 6, 51, 75546, 97887
2026/07/08 17:36:52.208, 7, 62, 75544, 97887
2026/07/08 17:36:53.223, 0, 0, 48704, 97887
2026/07/08 17:36:53.238, 1, 0, 48104, 97887
2026/07/08 17:36:53.251, 2, 0, 48104, 97887
2026/07/08 17:36:53.267, 3, 0, 48104, 97887
2026/07/08 17:36:53.281, 4, 94, 75532, 97887
2026/07/08 17:36:53.298, 5, 21, 75530, 97887
2026/07/08 17:36:53.314, 6, 33, 75546, 97887
2026/07/08 17:36:53.331, 7, 53, 75544, 97887
2026/07/08 17:36:54.351, 0, 0, 48704, 97887
2026/07/08 17:36:54.364, 1, 0, 48104, 97887
2026/07/08 17:36:54.378, 2, 0, 48104, 97887
2026/07/08 17:36:54.393, 3, 0, 48104, 97887
2026/07/08 17:36:54.410, 4, 94, 75532, 97887
2026/07/08 17:36:54.430, 5, 21, 75530, 97887
2026/07/08 17:36:54.447, 6, 35, 75546, 97887
2026/07/08 17:36:54.465, 7, 75, 75544, 97887
2026/07/08 17:36:55.482, 0, 0, 48704, 97887
2026/07/08 17:36:55.492, 1, 0, 48104, 97887
2026/07/08 17:36:55.503, 2, 0, 48104, 97887
2026/07/08 17:36:55.516, 3, 0, 48104, 97887
2026/07/08 17:36:55.529, 4, 90, 75532, 97887
2026/07/08 17:36:55.538, 5, 20, 75530, 97887
2026/07/08 17:36:55.552, 6, 46, 75546, 97887
2026/07/08 17:36:55.567, 7, 70, 75544, 97887
2026/07/08 17:36:56.581, 0, 0, 48704, 97887
2026/07/08 17:36:56.595, 1, 0, 48104, 97887
2026/07/08 17:36:56.610, 2, 0, 48104, 97887
2026/07/08 17:36:56.624, 3, 0, 48104, 97887
2026/07/08 17:36:56.639, 4, 60, 75532, 97887
2026/07/08 17:36:56.655, 5, 29, 75530, 97887
2026/07/08 17:36:56.670, 6, 75, 75546, 97887
2026/07/08 17:36:56.685, 7, 48, 75544, 97887
2026/07/08 17:36:57.698, 0, 0, 48704, 97887
2026/07/08 17:36:57.723, 1, 0, 48104, 97887
2026/07/08 17:36:57.738, 2, 0, 48104, 97887
2026/07/08 17:36:57.750, 3, 0, 48104, 97887
2026/07/08 17:36:57.761, 4, 94, 75532, 97887
2026/07/08 17:36:57.773, 5, 23, 75530, 97887
2026/07/08 17:36:57.788, 6, 39, 75546, 97887
2026/07/08 17:36:57.804, 7, 79, 75544, 97887
2026/07/08 17:36:58.820, 0, 0, 48704, 97887
2026/07/08 17:36:58.832, 1, 0, 48104, 97887
2026/07/08 17:36:58.845, 2, 0, 48104, 97887
2026/07/08 17:36:58.859, 3, 0, 48104, 97887
2026/07/08 17:36:58.872, 4, 94, 75532, 97887
2026/07/08 17:36:58.886, 5, 20, 75530, 97887
2026/07/08 17:36:58.897, 6, 39, 75546, 97887
2026/07/08 17:36:58.915, 7, 66, 75544, 97887
2026/07/08 17:36:59.931, 0, 0, 48704, 97887
2026/07/08 17:36:59.946, 1, 0, 48104, 97887
2026/07/08 17:36:59.960, 2, 0, 48104, 97887
2026/07/08 17:36:59.975, 3, 0, 48104, 97887
2026/07/08 17:36:59.993, 4, 91, 75532, 97887
2026/07/08 17:37:00.008, 5, 20, 75530, 97887
2026/07/08 17:37:00.023, 6, 41, 75546, 97887
2026/07/08 17:37:00.039, 7, 66, 75544, 97887
2026/07/08 17:37:01.053, 0, 0, 48704, 97887
2026/07/08 17:37:01.069, 1, 0, 48104, 97887
2026/07/08 17:37:01.082, 2, 0, 48104, 97887
2026/07/08 17:37:01.097, 3, 0, 48104, 97887
2026/07/08 17:37:01.113, 4, 21, 75532, 97887
2026/07/08 17:37:01.125, 5, 33, 75530, 97887
2026/07/08 17:37:01.141, 6, 46, 75546, 97887
2026/07/08 17:37:01.156, 7, 48, 75544, 97887
2026/07/08 17:37:02.171, 0, 0, 48704, 97887
2026/07/08 17:37:02.189, 1, 0, 48104, 97887
2026/07/08 17:37:02.207, 2, 0, 48104, 97887
2026/07/08 17:37:02.230, 3, 0, 48104, 97887
2026/07/08 17:37:02.246, 4, 95, 75532, 97887
2026/07/08 17:37:02.262, 5, 20, 75530, 97887
2026/07/08 17:37:02.278, 6, 95, 75546, 97887
2026/07/08 17:37:02.294, 7, 27, 75544, 97887
2026/07/08 17:37:03.307, 0, 0, 48704, 97887
2026/07/08 17:37:03.328, 1, 0, 48104, 97887
2026/07/08 17:37:03.344, 2, 0, 48104, 97887
2026/07/08 17:37:03.363, 3, 0, 48104, 97887
2026/07/08 17:37:03.380, 4, 95, 75532, 97887
2026/07/08 17:37:03.398, 5, 30, 75530, 97887
2026/07/08 17:37:03.414, 6, 34, 75546, 97887
2026/07/08 17:37:03.430, 7, 81, 75544, 97887
2026/07/08 17:37:04.450, 0, 0, 48704, 97887
2026/07/08 17:37:04.469, 1, 0, 48104, 97887
2026/07/08 17:37:04.484, 2, 0, 48104, 97887
2026/07/08 17:37:04.499, 3, 0, 48104, 97887
2026/07/08 17:37:04.518, 4, 94, 75532, 97887
2026/07/08 17:37:04.530, 5, 19, 75530, 97887
2026/07/08 17:37:04.543, 6, 43, 75546, 97887
2026/07/08 17:37:04.559, 7, 71, 75544, 97887
2026/07/08 17:37:05.580, 0, 0, 48704, 97887
2026/07/08 17:37:05.596, 1, 0, 48104, 97887
2026/07/08 17:37:05.613, 2, 0, 48104, 97887
2026/07/08 17:37:05.630, 3, 0, 48104, 97887
2026/07/08 17:37:05.646, 4, 95, 75532, 97887
2026/07/08 17:37:05.665, 5, 20, 75530, 97887
2026/07/08 17:37:05.683, 6, 82, 75546, 97887
2026/07/08 17:37:05.699, 7, 33, 75544, 97887
2026/07/08 17:37:06.717, 0, 0, 48704, 97887
2026/07/08 17:37:06.732, 1, 0, 48104, 97887
2026/07/08 17:37:06.746, 2, 0, 48104, 97887
2026/07/08 17:37:06.762, 3, 0, 48104, 97887
2026/07/08 17:37:06.778, 4, 91, 75532, 97887
2026/07/08 17:37:06.791, 5, 20, 75530, 97887
2026/07/08 17:37:06.807, 6, 79, 75546, 97887
2026/07/08 17:37:06.824, 7, 30, 75544, 97887
2026/07/08 17:37:07.841, 0, 0, 48704, 97887
2026/07/08 17:37:07.858, 1, 0, 48104, 97887
2026/07/08 17:37:07.874, 2, 0, 48104, 97887
2026/07/08 17:37:07.890, 3, 0, 48104, 97887
2026/07/08 17:37:07.908, 4, 33, 75532, 97887
2026/07/08 17:37:07.921, 5, 58, 75530, 97887
2026/07/08 17:37:07.933, 6, 87, 75546, 97887
2026/07/08 17:37:07.947, 7, 35, 75544, 97887
2026/07/08 17:37:08.962, 0, 0, 48704, 97887
2026/07/08 17:37:08.982, 1, 0, 48104, 97887
2026/07/08 17:37:09.000, 2, 0, 48104, 97887
2026/07/08 17:37:09.017, 3, 0, 48104, 97887
2026/07/08 17:37:09.036, 4, 91, 75532, 97887
2026/07/08 17:37:09.055, 5, 20, 75530, 97887
2026/07/08 17:37:09.073, 6, 70, 75546, 97887
2026/07/08 17:37:09.088, 7, 66, 75544, 97887
2026/07/08 17:37:10.106, 0, 0, 48704, 97887
2026/07/08 17:37:10.126, 1, 0, 48104, 97887
2026/07/08 17:37:10.146, 2, 0, 48104, 97887
2026/07/08 17:37:10.161, 3, 0, 48104, 97887
2026/07/08 17:37:10.176, 4, 92, 75532, 97887
2026/07/08 17:37:10.191, 5, 19, 75530, 97887
2026/07/08 17:37:10.207, 6, 66, 75546, 97887
2026/07/08 17:37:10.222, 7, 61, 75544, 97887
2026/07/08 17:37:11.239, 0, 0, 48704, 97887
2026/07/08 17:37:11.258, 1, 0, 48104, 97887
2026/07/08 17:37:11.275, 2, 0, 48104, 97887
2026/07/08 17:37:11.292, 3, 0, 48104, 97887
2026/07/08 17:37:11.308, 4, 65, 75532, 97887
2026/07/08 17:37:11.324, 5, 24, 75530, 97887
2026/07/08 17:37:11.339, 6, 93, 75546, 97887
2026/07/08 17:37:11.351, 7, 21, 75544, 97887
2026/07/08 17:37:12.363, 0, 0, 48704, 97887
2026/07/08 17:37:12.379, 1, 0, 48104, 97887
2026/07/08 17:37:12.394, 2, 0, 48104, 97887
2026/07/08 17:37:12.411, 3, 0, 48104, 97887
2026/07/08 17:37:12.426, 4, 93, 75532, 97887
2026/07/08 17:37:12.438, 5, 20, 75530, 97887
2026/07/08 17:37:12.450, 6, 63, 75546, 97887
2026/07/08 17:37:12.462, 7, 55, 75544, 97887
2026/07/08 17:37:13.474, 0, 0, 48704, 97887
2026/07/08 17:37:13.490, 1, 0, 48104, 97887
2026/07/08 17:37:13.505, 2, 0, 48104, 97887
2026/07/08 17:37:13.523, 3, 0, 48104, 97887
2026/07/08 17:37:13.537, 4, 95, 75532, 97887
2026/07/08 17:37:13.551, 5, 20, 75530, 97887
2026/07/08 17:37:13.568, 6, 89, 75546, 97887
2026/07/08 17:37:13.585, 7, 28, 75544, 97887
2026/07/08 17:37:14.603, 0, 0, 48704, 97887
2026/07/08 17:37:14.617, 1, 0, 48104, 97887
2026/07/08 17:37:14.631, 2, 0, 48104, 97887
2026/07/08 17:37:14.644, 3, 0, 48104, 97887
2026/07/08 17:37:14.657, 4, 95, 75532, 97887
2026/07/08 17:37:14.673, 5, 19, 75530, 97887
2026/07/08 17:37:14.689, 6, 59, 75546, 97887
2026/07/08 17:37:14.708, 7, 31, 75544, 97887
2026/07/08 17:37:15.721, 0, 0, 48704, 97887
2026/07/08 17:37:15.735, 1, 0, 48104, 97887
2026/07/08 17:37:15.748, 2, 0, 48104, 97887
2026/07/08 17:37:15.758, 3, 0, 48104, 97887
2026/07/08 17:37:15.770, 4, 39, 75532, 97887
2026/07/08 17:37:15.781, 5, 62, 75530, 97887
2026/07/08 17:37:15.789, 6, 91, 75546, 97887
2026/07/08 17:37:15.797, 7, 26, 75544, 97887
2026/07/08 17:37:16.809, 0, 0, 48704, 97887
2026/07/08 17:37:16.823, 1, 0, 48104, 97887
2026/07/08 17:37:16.837, 2, 0, 48104, 97887
2026/07/08 17:37:16.850, 3, 0, 48104, 97887
2026/07/08 17:37:16.860, 4, 67, 75532, 97887
2026/07/08 17:37:16.872, 5, 51, 75530, 97887
2026/07/08 17:37:16.885, 6, 94, 75546, 97887
2026/07/08 17:37:16.898, 7, 33, 75544, 97887
2026/07/08 17:37:17.910, 0, 0, 48704, 97887
2026/07/08 17:37:17.922, 1, 0, 48104, 97887
2026/07/08 17:37:17.929, 2, 0, 48104, 97887
2026/07/08 17:37:17.942, 3, 0, 48104, 97887
2026/07/08 17:37:17.958, 4, 94, 75532, 97887
2026/07/08 17:37:17.970, 5, 20, 75530, 97887
2026/07/08 17:37:17.980, 6, 83, 75546, 97887
2026/07/08 17:37:17.994, 7, 25, 75544, 97887
2026/07/08 17:37:19.011, 0, 0, 48704, 97887
2026/07/08 17:37:19.026, 1, 0, 48104, 97887
2026/07/08 17:37:19.037, 2, 0, 48104, 97887
2026/07/08 17:37:19.049, 3, 0, 48104, 97887
2026/07/08 17:37:19.062, 4, 91, 75532, 97887
2026/07/08 17:37:19.075, 5, 20, 75530, 97887
2026/07/08 17:37:19.088, 6, 87, 75546, 97887
2026/07/08 17:37:19.095, 7, 23, 75544, 97887
2026/07/08 17:37:20.104, 0, 0, 48704, 97887
2026/07/08 17:37:20.120, 1, 0, 48104, 97887
2026/07/08 17:37:20.135, 2, 0, 48104, 97887
2026/07/08 17:37:20.151, 3, 0, 48104, 97887
2026/07/08 17:37:20.169, 4, 0, 75532, 97887
2026/07/08 17:37:20.186, 5, 0, 75530, 97887
2026/07/08 17:37:20.202, 6, 94, 75546, 97887
2026/07/08 17:37:20.218, 7, 21, 75544, 97887
2026/07/08 17:37:21.235, 0, 0, 48704, 97887
2026/07/08 17:37:21.250, 1, 0, 48104, 97887
2026/07/08 17:37:21.264, 2, 0, 48104, 97887
2026/07/08 17:37:21.280, 3, 0, 48104, 97887
2026/07/08 17:37:21.295, 4, 86, 75532, 97887
2026/07/08 17:37:21.306, 5, 31, 75530, 97887
2026/07/08 17:37:21.320, 6, 39, 75546, 97887
2026/07/08 17:37:21.336, 7, 51, 75544, 97887
2026/07/08 17:37:22.351, 0, 0, 48704, 97887
2026/07/08 17:37:22.368, 1, 0, 48104, 97887
2026/07/08 17:37:22.384, 2, 0, 48104, 97887
2026/07/08 17:37:22.404, 3, 0, 48104, 97887
2026/07/08 17:37:22.422, 4, 95, 75532, 97887
2026/07/08 17:37:22.440, 5, 40, 75530, 97887
2026/07/08 17:37:22.455, 6, 48, 75546, 97887
2026/07/08 17:37:22.473, 7, 34, 75544, 97887
2026/07/08 17:37:23.489, 0, 0, 48704, 97887
2026/07/08 17:37:23.504, 1, 0, 48104, 97887
2026/07/08 17:37:23.519, 2, 0, 48104, 97887
2026/07/08 17:37:23.534, 3, 0, 48104, 97887
2026/07/08 17:37:23.548, 4, 95, 75532, 97887
2026/07/08 17:37:23.562, 5, 21, 75530, 97887
2026/07/08 17:37:23.573, 6, 48, 75546, 97887
2026/07/08 17:37:23.586, 7, 52, 75544, 97887
2026/07/08 17:37:24.596, 0, 0, 48704, 97887
2026/07/08 17:37:24.613, 1, 0, 48104, 97887
2026/07/08 17:37:24.626, 2, 0, 48104, 97887
2026/07/08 17:37:24.639, 3, 0, 48104, 97887
2026/07/08 17:37:24.654, 4, 91, 75532, 97887
2026/07/08 17:37:24.667, 5, 21, 75530, 97887
2026/07/08 17:37:24.679, 6, 52, 75546, 97887
2026/07/08 17:37:24.694, 7, 28, 75544, 97887
2026/07/08 17:37:25.706, 0, 0, 48704, 97887
2026/07/08 17:37:25.721, 1, 0, 48104, 97887
2026/07/08 17:37:25.736, 2, 0, 48104, 97887
2026/07/08 17:37:25.747, 3, 0, 48104, 97887
2026/07/08 17:37:25.759, 4, 53, 75532, 97887
2026/07/08 17:37:25.770, 5, 27, 75530, 97887
2026/07/08 17:37:25.779, 6, 84, 75546, 97887
2026/07/08 17:37:25.790, 7, 49, 75544, 97887
2026/07/08 17:37:26.799, 0, 0, 48704, 97887
2026/07/08 17:37:26.811, 1, 0, 48104, 97887
2026/07/08 17:37:26.822, 2, 0, 48104, 97887
2026/07/08 17:37:26.834, 3, 0, 48104, 97887
2026/07/08 17:37:26.845, 4, 92, 75532, 97887
2026/07/08 17:37:26.856, 5, 21, 75530, 97887
2026/07/08 17:37:26.868, 6, 75, 75546, 97887
2026/07/08 17:37:26.882, 7, 28, 75544, 97887
2026/07/08 17:37:27.894, 0, 0, 48704, 97887
2026/07/08 17:37:27.912, 1, 0, 48104, 97887
2026/07/08 17:37:27.929, 2, 0, 48104, 97887
2026/07/08 17:37:27.951, 3, 0, 48104, 97887
2026/07/08 17:37:27.967, 4, 24, 75532, 97887
2026/07/08 17:37:27.982, 5, 53, 75530, 97887
2026/07/08 17:37:27.994, 6, 94, 75546, 97887
2026/07/08 17:37:28.008, 7, 22, 75544, 97887
2026/07/08 17:37:29.026, 0, 0, 48704, 97887
2026/07/08 17:37:29.043, 1, 0, 48104, 97887
2026/07/08 17:37:29.059, 2, 0, 48104, 97887
2026/07/08 17:37:29.076, 3, 0, 48104, 97887
2026/07/08 17:37:29.089, 4, 25, 75532, 97887
2026/07/08 17:37:29.099, 5, 69, 75530, 97887
2026/07/08 17:37:29.112, 6, 93, 75546, 97887
2026/07/08 17:37:29.123, 7, 22, 75544, 97887
2026/07/08 17:37:30.135, 0, 0, 48704, 97887
2026/07/08 17:37:30.153, 1, 0, 48104, 97887
2026/07/08 17:37:30.168, 2, 0, 48104, 97887
2026/07/08 17:37:30.184, 3, 0, 48104, 97887
2026/07/08 17:37:30.198, 4, 32, 75532, 97887
2026/07/08 17:37:30.214, 5, 62, 75530, 97887
2026/07/08 17:37:30.230, 6, 81, 75546, 97887
2026/07/08 17:37:30.242, 7, 23, 75544, 97887
2026/07/08 17:37:31.254, 0, 0, 48704, 97887
2026/07/08 17:37:31.271, 1, 0, 48104, 97887
2026/07/08 17:37:31.285, 2, 0, 48104, 97887
2026/07/08 17:37:31.299, 3, 0, 48104, 97887
2026/07/08 17:37:31.315, 4, 82, 75532, 97887
2026/07/08 17:37:31.333, 5, 44, 75530, 97887
2026/07/08 17:37:31.353, 6, 80, 75546, 97887
2026/07/08 17:37:31.372, 7, 29, 75544, 97887
2026/07/08 17:37:32.391, 0, 0, 48704, 97887
2026/07/08 17:37:32.409, 1, 0, 48104, 97887
2026/07/08 17:37:32.427, 2, 0, 48104, 97887
2026/07/08 17:37:32.448, 3, 0, 48104, 97887
2026/07/08 17:37:32.469, 4, 92, 75532, 97887
2026/07/08 17:37:32.486, 5, 21, 75530, 97887
2026/07/08 17:37:32.504, 6, 96, 75546, 97887
2026/07/08 17:37:32.519, 7, 24, 75544, 97887
2026/07/08 17:37:33.530, 0, 0, 48704, 97887
2026/07/08 17:37:33.546, 1, 0, 48104, 97887
2026/07/08 17:37:33.558, 2, 0, 48104, 97887
2026/07/08 17:37:33.574, 3, 0, 48104, 97887
2026/07/08 17:37:33.590, 4, 95, 75532, 97887
2026/07/08 17:37:33.604, 5, 23, 75530, 97887
2026/07/08 17:37:33.617, 6, 40, 75546, 97887
2026/07/08 17:37:33.632, 7, 59, 75544, 97887
2026/07/08 17:37:34.647, 0, 0, 48704, 97887
2026/07/08 17:37:34.667, 1, 0, 48104, 97887
2026/07/08 17:37:34.687, 2, 0, 48104, 97887
2026/07/08 17:37:34.706, 3, 0, 48104, 97887
2026/07/08 17:37:34.724, 4, 95, 75532, 97887
2026/07/08 17:37:34.742, 5, 20, 75530, 97887
2026/07/08 17:37:34.757, 6, 53, 75546, 97887
2026/07/08 17:37:34.773, 7, 25, 75544, 97887
2026/07/08 17:37:35.791, 0, 0, 48704, 97887
2026/07/08 17:37:35.804, 1, 0, 48104, 97887
2026/07/08 17:37:35.819, 2, 0, 48104, 97887
2026/07/08 17:37:35.849, 3, 0, 48104, 97887
2026/07/08 17:37:35.863, 4, 40, 75532, 97887
2026/07/08 17:37:35.882, 5, 79, 75530, 97887
2026/07/08 17:37:35.901, 6, 71, 75546, 97887
2026/07/08 17:37:35.929, 7, 48, 75544, 97887
2026/07/08 17:37:36.952, 0, 0, 48704, 97887
2026/07/08 17:37:36.972, 1, 0, 48104, 97887
2026/07/08 17:37:36.988, 2, 0, 48104, 97887
2026/07/08 17:37:37.008, 3, 0, 48104, 97887
2026/07/08 17:37:37.026, 4, 90, 75532, 97887
2026/07/08 17:37:37.043, 5, 73, 75530, 97887
2026/07/08 17:37:37.060, 6, 91, 75546, 97887
2026/07/08 17:37:37.076, 7, 28, 75544, 97887
2026/07/08 17:37:38.091, 0, 0, 48704, 97887
2026/07/08 17:37:38.108, 1, 0, 48104, 97887
2026/07/08 17:37:38.123, 2, 0, 48104, 97887
2026/07/08 17:37:38.140, 3, 0, 48104, 97887
2026/07/08 17:37:38.156, 4, 95, 75532, 97887
2026/07/08 17:37:38.171, 5, 21, 75530, 97887
2026/07/08 17:37:38.185, 6, 57, 75546, 97887
2026/07/08 17:37:38.200, 7, 70, 75544, 97887
2026/07/08 17:37:39.218, 0, 0, 48704, 97887
2026/07/08 17:37:39.236, 1, 0, 48104, 97887
2026/07/08 17:37:39.251, 2, 0, 48104, 97887
2026/07/08 17:37:39.265, 3, 0, 48104, 97887
2026/07/08 17:37:39.280, 4, 92, 75532, 97887
2026/07/08 17:37:39.295, 5, 20, 75530, 97887
2026/07/08 17:37:39.309, 6, 58, 75546, 97887
2026/07/08 17:37:39.324, 7, 38, 75544, 97887
2026/07/08 17:37:40.339, 0, 0, 48704, 97887
2026/07/08 17:37:40.359, 1, 0, 48104, 97887
2026/07/08 17:37:40.377, 2, 0, 48104, 97887
2026/07/08 17:37:40.395, 3, 0, 48104, 97887
2026/07/08 17:37:40.410, 4, 90, 75532, 97887
2026/07/08 17:37:40.427, 5, 21, 75530, 97887
2026/07/08 17:37:40.441, 6, 33, 75546, 97887
2026/07/08 17:37:40.462, 7, 81, 75544, 97887
2026/07/08 17:37:41.482, 0, 0, 48704, 97887
2026/07/08 17:37:41.498, 1, 0, 48104, 97887
2026/07/08 17:37:41.512, 2, 0, 48104, 97887
2026/07/08 17:37:41.531, 3, 0, 48104, 97887
2026/07/08 17:37:41.552, 4, 95, 75532, 97887
2026/07/08 17:37:41.573, 5, 21, 75530, 97887
2026/07/08 17:37:41.594, 6, 61, 75546, 97887
2026/07/08 17:37:41.613, 7, 50, 75544, 97887
2026/07/08 17:37:42.630, 0, 0, 48704, 97887
2026/07/08 17:37:42.649, 1, 0, 48104, 97887
2026/07/08 17:37:42.662, 2, 0, 48104, 97887
2026/07/08 17:37:42.675, 3, 0, 48104, 97887
2026/07/08 17:37:42.686, 4, 83, 75532, 97887
2026/07/08 17:37:42.701, 5, 20, 75530, 97887
2026/07/08 17:37:42.716, 6, 75, 75546, 97887
2026/07/08 17:37:42.732, 7, 26, 75544, 97887
2026/07/08 17:37:43.748, 0, 0, 48704, 97887
2026/07/08 17:37:43.767, 1, 0, 48104, 97887
2026/07/08 17:37:43.784, 2, 0, 48104, 97887
2026/07/08 17:37:43.803, 3, 0, 48104, 97887
2026/07/08 17:37:43.824, 4, 38, 75532, 97887
2026/07/08 17:37:43.842, 5, 45, 75530, 97887
2026/07/08 17:37:43.865, 6, 97, 75546, 97887
2026/07/08 17:37:43.885, 7, 32, 75544, 97887
2026/07/08 17:37:44.904, 0, 0, 48704, 97887
2026/07/08 17:37:44.921, 1, 0, 48104, 97887
2026/07/08 17:37:44.939, 2, 0, 48104, 97887
2026/07/08 17:37:44.957, 3, 0, 48104, 97887
2026/07/08 17:37:44.977, 4, 32, 75532, 97887
2026/07/08 17:37:44.995, 5, 56, 75530, 97887
2026/07/08 17:37:45.013, 6, 43, 75546, 97887
2026/07/08 17:37:45.029, 7, 44, 75544, 97887
2026/07/08 17:37:46.043, 0, 0, 48704, 97887
2026/07/08 17:37:46.061, 1, 0, 48104, 97887
2026/07/08 17:37:46.077, 2, 0, 48104, 97887
2026/07/08 17:37:46.095, 3, 0, 48104, 97887
2026/07/08 17:37:46.113, 4, 31, 75532, 97887
2026/07/08 17:37:46.131, 5, 75, 75530, 97887
2026/07/08 17:37:46.145, 6, 48, 75546, 97887
2026/07/08 17:37:46.163, 7, 48, 75544, 97887
2026/07/08 17:37:47.185, 0, 0, 48704, 97887
2026/07/08 17:37:47.199, 1, 0, 48104, 97887
2026/07/08 17:37:47.211, 2, 0, 48104, 97887
2026/07/08 17:37:47.226, 3, 0, 48104, 97887
2026/07/08 17:37:47.242, 4, 0, 75532, 97887
2026/07/08 17:37:47.259, 5, 10, 75530, 97887
2026/07/08 17:37:47.277, 6, 47, 75546, 97887
2026/07/08 17:37:47.296, 7, 54, 75544, 97887
2026/07/08 17:37:48.315, 0, 0, 48704, 97887
2026/07/08 17:37:48.332, 1, 0, 48104, 97887
2026/07/08 17:37:48.347, 2, 0, 48104, 97887
2026/07/08 17:37:48.363, 3, 0, 48104, 97887
2026/07/08 17:37:48.376, 4, 0, 75532, 97887
2026/07/08 17:37:48.391, 5, 0, 75530, 97887
2026/07/08 17:37:48.406, 6, 77, 75546, 97887
2026/07/08 17:37:48.421, 7, 45, 75544, 97887
2026/07/08 17:37:49.437, 0, 0, 48704, 97887
2026/07/08 17:37:49.451, 1, 0, 48104, 97887
2026/07/08 17:37:49.463, 2, 0, 48104, 97887
2026/07/08 17:37:49.476, 3, 0, 48104, 97887
2026/07/08 17:37:49.487, 4, 95, 75532, 97887
2026/07/08 17:37:49.496, 5, 19, 75530, 97887
2026/07/08 17:37:49.509, 6, 32, 75546, 97887
2026/07/08 17:37:49.520, 7, 78, 75544, 97887
2026/07/08 17:37:50.537, 0, 0, 48704, 97887
2026/07/08 17:37:50.553, 1, 0, 48104, 97887
2026/07/08 17:37:50.571, 2, 0, 48104, 97887
2026/07/08 17:37:50.589, 3, 0, 48104, 97887
2026/07/08 17:37:50.607, 4, 29, 75532, 97887
2026/07/08 17:37:50.627, 5, 93, 75530, 97887
2026/07/08 17:37:50.645, 6, 29, 75546, 97887
2026/07/08 17:37:50.663, 7, 60, 75544, 97887
2026/07/08 17:37:51.684, 0, 0, 48704, 97887
2026/07/08 17:37:51.700, 1, 0, 48104, 97887
2026/07/08 17:37:51.716, 2, 0, 48104, 97887
2026/07/08 17:37:51.730, 3, 0, 48104, 97887
2026/07/08 17:37:51.748, 4, 95, 75532, 97887
2026/07/08 17:37:51.765, 5, 21, 75530, 97887
2026/07/08 17:37:51.783, 6, 24, 75546, 97887
2026/07/08 17:37:51.798, 7, 65, 75544, 97887
2026/07/08 17:37:52.810, 0, 0, 48704, 97887
2026/07/08 17:37:52.828, 1, 0, 48104, 97887
2026/07/08 17:37:52.845, 2, 0, 48104, 97887
2026/07/08 17:37:52.860, 3, 0, 48104, 97887
2026/07/08 17:37:52.877, 4, 77, 75532, 97887
2026/07/08 17:37:52.894, 5, 52, 75530, 97887
2026/07/08 17:37:52.911, 6, 31, 75546, 97887
2026/07/08 17:37:52.926, 7, 70, 75546, 97887
2026/07/08 17:37:53.940, 0, 0, 48704, 97887
2026/07/08 17:37:53.955, 1, 0, 48104, 97887
2026/07/08 17:37:53.971, 2, 0, 48104, 97887
2026/07/08 17:37:53.987, 3, 0, 48104, 97887
2026/07/08 17:37:54.001, 4, 22, 75532, 97887
2026/07/08 17:37:54.015, 5, 93, 75530, 97887
2026/07/08 17:37:54.028, 6, 32, 75546, 97887
2026/07/08 17:37:54.038, 7, 41, 75546, 97887
2026/07/08 17:37:55.057, 0, 0, 48704, 97887
2026/07/08 17:37:55.074, 1, 0, 48104, 97887
2026/07/08 17:37:55.091, 2, 0, 48104, 97887
2026/07/08 17:37:55.110, 3, 0, 48104, 97887
2026/07/08 17:37:55.130, 4, 95, 75532, 97887
2026/07/08 17:37:55.147, 5, 20, 75530, 97887
2026/07/08 17:37:55.168, 6, 44, 75546, 97887
2026/07/08 17:37:55.188, 7, 61, 75546, 97887
2026/07/08 17:37:56.202, 0, 0, 48704, 97887
2026/07/08 17:37:56.215, 1, 0, 48104, 97887
2026/07/08 17:37:56.232, 2, 0, 48104, 97887
2026/07/08 17:37:56.250, 3, 0, 48104, 97887
2026/07/08 17:37:56.263, 4, 95, 75532, 97887
2026/07/08 17:37:56.274, 5, 23, 75530, 97887
2026/07/08 17:37:56.288, 6, 40, 75546, 97887
2026/07/08 17:37:56.302, 7, 26, 75546, 97887
2026/07/08 17:37:57.311, 0, 0, 48704, 97887
2026/07/08 17:37:57.322, 1, 0, 48104, 97887
2026/07/08 17:37:57.333, 2, 0, 48104, 97887
2026/07/08 17:37:57.346, 3, 0, 48104, 97887
2026/07/08 17:37:57.358, 4, 52, 75532, 97887
2026/07/08 17:37:57.371, 5, 77, 75530, 97887
2026/07/08 17:37:57.384, 6, 36, 75546, 97887
2026/07/08 17:37:57.400, 7, 53, 75546, 97887
2026/07/08 17:37:58.414, 0, 0, 48704, 97887
2026/07/08 17:37:58.432, 1, 0, 48104, 97887
2026/07/08 17:37:58.445, 2, 0, 48104, 97887
2026/07/08 17:37:58.460, 3, 0, 48104, 97887
2026/07/08 17:37:58.474, 4, 90, 75532, 97887
2026/07/08 17:37:58.487, 5, 20, 75530, 97887
2026/07/08 17:37:58.502, 6, 35, 75546, 97887
2026/07/08 17:37:58.519, 7, 67, 75546, 97887
2026/07/08 17:37:59.532, 0, 0, 48704, 97887
2026/07/08 17:37:59.541, 1, 0, 48104, 97887
2026/07/08 17:37:59.550, 2, 0, 48104, 97887
2026/07/08 17:37:59.560, 3, 0, 48104, 97887
2026/07/08 17:37:59.569, 4, 88, 75532, 97887
2026/07/08 17:37:59.578, 5, 20, 75530, 97887
2026/07/08 17:37:59.588, 6, 52, 75546, 97887
2026/07/08 17:37:59.600, 7, 35, 75546, 97887
2026/07/08 17:38:00.612, 0, 0, 48704, 97887
2026/07/08 17:38:00.626, 1, 0, 48104, 97887
2026/07/08 17:38:00.641, 2, 0, 48104, 97887
2026/07/08 17:38:00.655, 3, 0, 48104, 97887
2026/07/08 17:38:00.668, 4, 79, 75532, 97887
2026/07/08 17:38:00.682, 5, 22, 75530, 97887
2026/07/08 17:38:00.689, 6, 24, 75546, 97887
2026/07/08 17:38:00.698, 7, 88, 75546, 97887
2026/07/08 17:38:01.711, 0, 0, 48704, 97887
2026/07/08 17:38:01.726, 1, 0, 48104, 97887
2026/07/08 17:38:01.740, 2, 0, 48104, 97887
2026/07/08 17:38:01.755, 3, 0, 48104, 97887
2026/07/08 17:38:01.768, 4, 95, 75532, 97887
2026/07/08 17:38:01.784, 5, 21, 75530, 97887
2026/07/08 17:38:01.800, 6, 33, 75546, 97887
2026/07/08 17:38:01.818, 7, 74, 75546, 97887
2026/07/08 17:38:02.835, 0, 0, 48704, 97887
2026/07/08 17:38:02.853, 1, 0, 48104, 97887
2026/07/08 17:38:02.868, 2, 0, 48104, 97887
2026/07/08 17:38:02.882, 3, 0, 48104, 97887
2026/07/08 17:38:02.894, 4, 90, 75532, 97887
2026/07/08 17:38:02.909, 5, 22, 75530, 97887
2026/07/08 17:38:02.921, 6, 31, 75546, 97887
2026/07/08 17:38:02.935, 7, 83, 75546, 97887
2026/07/08 17:38:03.953, 0, 0, 48704, 97887
2026/07/08 17:38:03.967, 1, 0, 48104, 97887
2026/07/08 17:38:03.977, 2, 0, 48104, 97887
2026/07/08 17:38:03.985, 3, 0, 48104, 97887
2026/07/08 17:38:03.998, 4, 95, 75532, 97887
2026/07/08 17:38:04.008, 5, 22, 75530, 97887
2026/07/08 17:38:04.022, 6, 33, 75546, 97887
2026/07/08 17:38:04.035, 7, 87, 75546, 97887
2026/07/08 17:38:05.050, 0, 0, 48704, 97887
2026/07/08 17:38:05.064, 1, 0, 48104, 97887
2026/07/08 17:38:05.081, 2, 0, 48104, 97887
2026/07/08 17:38:05.094, 3, 0, 48104, 97887
2026/07/08 17:38:05.109, 4, 95, 75532, 97887
2026/07/08 17:38:05.121, 5, 21, 75530, 97887
2026/07/08 17:38:05.136, 6, 23, 75546, 97887
2026/07/08 17:38:05.150, 7, 80, 75546, 97887
2026/07/08 17:38:06.162, 0, 0, 48704, 97887
2026/07/08 17:38:06.175, 1, 0, 48104, 97887
2026/07/08 17:38:06.187, 2, 0, 48104, 97887
2026/07/08 17:38:06.199, 3, 0, 48104, 97887
2026/07/08 17:38:06.213, 4, 86, 75532, 97887
2026/07/08 17:38:06.227, 5, 33, 75530, 97887
2026/07/08 17:38:06.236, 6, 31, 75546, 97887
2026/07/08 17:38:06.249, 7, 85, 75546, 97887
2026/07/08 17:38:07.258, 0, 0, 48704, 97887
2026/07/08 17:38:07.274, 1, 0, 48104, 97887
2026/07/08 17:38:07.289, 2, 0, 48104, 97887
2026/07/08 17:38:07.303, 3, 0, 48104, 97887
2026/07/08 17:38:07.316, 4, 63, 75532, 97887
2026/07/08 17:38:07.328, 5, 33, 75530, 97887
2026/07/08 17:38:07.342, 6, 35, 75546, 97887
2026/07/08 17:38:07.357, 7, 50, 75546, 97887
2026/07/08 17:38:08.372, 0, 0, 48704, 97887
2026/07/08 17:38:08.387, 1, 0, 48104, 97887
2026/07/08 17:38:08.405, 2, 0, 48104, 97887
2026/07/08 17:38:08.421, 3, 0, 48104, 97887
2026/07/08 17:38:08.435, 4, 70, 75532, 97887
2026/07/08 17:38:08.452, 5, 44, 75530, 97887
2026/07/08 17:38:08.468, 6, 38, 75546, 97887
2026/07/08 17:38:08.484, 7, 78, 75546, 97887
2026/07/08 17:38:09.501, 0, 0, 48704, 97887
2026/07/08 17:38:09.516, 1, 0, 48104, 97887
2026/07/08 17:38:09.529, 2, 0, 48104, 97887
2026/07/08 17:38:09.545, 3, 0, 48104, 97887
2026/07/08 17:38:09.558, 4, 95, 75532, 97887
2026/07/08 17:38:09.572, 5, 22, 75530, 97887
2026/07/08 17:38:09.587, 6, 48, 75546, 97887
2026/07/08 17:38:09.604, 7, 70, 75546, 97887
2026/07/08 17:38:10.623, 0, 0, 48704, 97887
2026/07/08 17:38:10.639, 1, 0, 48104, 97887
2026/07/08 17:38:10.656, 2, 0, 48104, 97887
2026/07/08 17:38:10.673, 3, 0, 48104, 97887
2026/07/08 17:38:10.688, 4, 88, 75532, 97887
2026/07/08 17:38:10.703, 5, 22, 75530, 97887
2026/07/08 17:38:10.718, 6, 37, 75546, 97887
2026/07/08 17:38:10.728, 7, 80, 75546, 97887
2026/07/08 17:38:11.741, 0, 0, 48704, 97887
2026/07/08 17:38:11.759, 1, 0, 48104, 97887
2026/07/08 17:38:11.772, 2, 0, 48104, 97887
2026/07/08 17:38:11.788, 3, 0, 48104, 97887
2026/07/08 17:38:11.806, 4, 83, 75532, 97887
2026/07/08 17:38:11.819, 5, 22, 75530, 97887
2026/07/08 17:38:11.837, 6, 38, 75546, 97887
2026/07/08 17:38:11.855, 7, 59, 75546, 97887
2026/07/08 17:38:12.871, 0, 0, 48704, 97887
2026/07/08 17:38:12.886, 1, 0, 48104, 97887
2026/07/08 17:38:12.902, 2, 0, 48104, 97887
2026/07/08 17:38:12.919, 3, 0, 48104, 97887
2026/07/08 17:38:12.935, 4, 78, 75532, 97887
2026/07/08 17:38:12.950, 5, 68, 75530, 97887
2026/07/08 17:38:12.963, 6, 29, 75546, 97887
2026/07/08 17:38:12.977, 7, 75, 75546, 97887
2026/07/08 17:38:13.993, 0, 0, 48704, 97887
2026/07/08 17:38:14.008, 1, 0, 48104, 97887
2026/07/08 17:38:14.022, 2, 0, 48104, 97887
2026/07/08 17:38:14.035, 3, 0, 48104, 97887
2026/07/08 17:38:14.050, 4, 95, 75532, 97887
2026/07/08 17:38:14.063, 5, 22, 75530, 97887
2026/07/08 17:38:14.078, 6, 39, 75546, 97887
2026/07/08 17:38:14.092, 7, 69, 75546, 97887
2026/07/08 17:38:15.104, 0, 0, 48704, 97887
2026/07/08 17:38:15.124, 1, 0, 48104, 97887
2026/07/08 17:38:15.140, 2, 0, 48104, 97887
2026/07/08 17:38:15.156, 3, 0, 48104, 97887
2026/07/08 17:38:15.175, 4, 50, 75532, 97887
2026/07/08 17:38:15.190, 5, 22, 75530, 97887
2026/07/08 17:38:15.206, 6, 36, 75546, 97887
2026/07/08 17:38:15.219, 7, 85, 75546, 97887
2026/07/08 17:38:16.233, 0, 0, 48704, 97887
2026/07/08 17:38:16.250, 1, 0, 48104, 97887
2026/07/08 17:38:16.264, 2, 0, 48104, 97887
2026/07/08 17:38:16.280, 3, 0, 48104, 97887
2026/07/08 17:38:16.295, 4, 21, 75532, 97887
2026/07/08 17:38:16.310, 5, 84, 75530, 97887
2026/07/08 17:38:16.328, 6, 33, 75546, 97887
2026/07/08 17:38:16.344, 7, 86, 75546, 97887
2026/07/08 17:38:17.358, 0, 0, 48704, 97887
2026/07/08 17:38:17.376, 1, 0, 48104, 97887
2026/07/08 17:38:17.394, 2, 0, 48104, 97887
2026/07/08 17:38:17.412, 3, 0, 48104, 97887
2026/07/08 17:38:17.431, 4, 53, 75532, 97887
2026/07/08 17:38:17.448, 5, 22, 75530, 97887
2026/07/08 17:38:17.463, 6, 38, 75546, 97887
2026/07/08 17:38:17.477, 7, 51, 75546, 97887
2026/07/08 17:38:18.492, 0, 0, 48704, 97887
2026/07/08 17:38:18.511, 1, 0, 48104, 97887
2026/07/08 17:38:18.529, 2, 0, 48104, 97887
2026/07/08 17:38:18.545, 3, 0, 48104, 97887
2026/07/08 17:38:18.563, 4, 95, 75532, 97887
2026/07/08 17:38:18.581, 5, 68, 75530, 97887
2026/07/08 17:38:18.596, 6, 42, 75546, 97887
2026/07/08 17:38:18.612, 7, 26, 75546, 97887
2026/07/08 17:38:19.629, 0, 0, 48704, 97887
2026/07/08 17:38:19.644, 1, 0, 48104, 97887
2026/07/08 17:38:19.662, 2, 0, 48104, 97887
2026/07/08 17:38:19.678, 3, 0, 48104, 97887
2026/07/08 17:38:19.696, 4, 37, 75532, 97887
2026/07/08 17:38:19.724, 5, 46, 75530, 97887
2026/07/08 17:38:19.743, 6, 89, 75546, 97887
2026/07/08 17:38:19.770, 7, 27, 75546, 97887
2026/07/08 17:38:20.789, 0, 0, 48704, 97887
2026/07/08 17:38:20.806, 1, 0, 48104, 97887
2026/07/08 17:38:20.821, 2, 0, 48104, 97887
2026/07/08 17:38:20.836, 3, 0, 48104, 97887
2026/07/08 17:38:20.848, 4, 0, 75532, 97887
2026/07/08 17:38:20.862, 5, 0, 75530, 97887
2026/07/08 17:38:20.879, 6, 65, 75546, 97887
2026/07/08 17:38:20.893, 7, 29, 75546, 97887
2026/07/08 17:38:21.906, 0, 0, 48704, 97887
2026/07/08 17:38:21.921, 1, 0, 48104, 97887
2026/07/08 17:38:21.933, 2, 0, 48104, 97887
2026/07/08 17:38:21.946, 3, 0, 48104, 97887
2026/07/08 17:38:21.958, 4, 0, 75532, 97887
2026/07/08 17:38:21.971, 5, 0, 75530, 97887
2026/07/08 17:38:21.988, 6, 74, 75546, 97887
2026/07/08 17:38:22.003, 7, 25, 75546, 97887
2026/07/08 17:38:23.017, 0, 0, 48704, 97887
2026/07/08 17:38:23.036, 1, 0, 48104, 97887
2026/07/08 17:38:23.054, 2, 0, 48104, 97887
2026/07/08 17:38:23.072, 3, 0, 48104, 97887
2026/07/08 17:38:23.087, 4, 0, 75532, 97887
2026/07/08 17:38:23.103, 5, 0, 75530, 97887
2026/07/08 17:38:23.121, 6, 82, 75546, 97887
2026/07/08 17:38:23.138, 7, 22, 75546, 97887
2026/07/08 17:38:24.156, 0, 0, 48704, 97887
2026/07/08 17:38:24.172, 1, 0, 48104, 97887
2026/07/08 17:38:24.189, 2, 0, 48104, 97887
2026/07/08 17:38:24.207, 3, 0, 48104, 97887
2026/07/08 17:38:24.224, 4, 0, 75532, 97887
2026/07/08 17:38:24.239, 5, 0, 75530, 97887
2026/07/08 17:38:24.254, 6, 22, 75546, 97887
2026/07/08 17:38:24.270, 7, 80, 75546, 97887
2026/07/08 17:38:25.288, 0, 0, 48704, 97887
2026/07/08 17:38:25.302, 1, 0, 48104, 97887
2026/07/08 17:38:25.321, 2, 0, 48104, 97887
2026/07/08 17:38:25.344, 3, 0, 48104, 97887
2026/07/08 17:38:25.360, 4, 0, 75532, 97887
2026/07/08 17:38:25.373, 5, 0, 75530, 97887
2026/07/08 17:38:25.387, 6, 54, 75546, 97887
2026/07/08 17:38:25.404, 7, 63, 75546, 97887
2026/07/08 17:38:26.421, 0, 0, 48704, 97887
2026/07/08 17:38:26.441, 1, 0, 48104, 97887
2026/07/08 17:38:26.460, 2, 0, 48104, 97887
2026/07/08 17:38:26.481, 3, 0, 48104, 97887
2026/07/08 17:38:26.500, 4, 0, 75532, 97887
2026/07/08 17:38:26.517, 5, 0, 75530, 97887
2026/07/08 17:38:26.530, 6, 56, 75546, 97887
2026/07/08 17:38:26.546, 7, 23, 75546, 97887
2026/07/08 17:38:27.561, 0, 0, 48704, 97887
2026/07/08 17:38:27.581, 1, 0, 48104, 97887
2026/07/08 17:38:27.602, 2, 0, 48104, 97887
2026/07/08 17:38:27.621, 3, 0, 48104, 97887
2026/07/08 17:38:27.640, 4, 0, 75532, 97887
2026/07/08 17:38:27.657, 5, 0, 75530, 97887
2026/07/08 17:38:27.675, 6, 38, 75546, 97887
2026/07/08 17:38:27.692, 7, 46, 75546, 97887
2026/07/08 17:38:28.709, 0, 0, 48704, 97887
2026/07/08 17:38:28.722, 1, 0, 48104, 97887
2026/07/08 17:38:28.735, 2, 0, 48104, 97887
2026/07/08 17:38:28.754, 3, 0, 48104, 97887
2026/07/08 17:38:28.771, 4, 0, 75532, 97887
2026/07/08 17:38:28.788, 5, 0, 75530, 97887
2026/07/08 17:38:28.805, 6, 28, 75546, 97887
2026/07/08 17:38:28.820, 7, 40, 75546, 97887
2026/07/08 17:38:29.835, 0, 0, 48704, 97887
2026/07/08 17:38:29.853, 1, 0, 48104, 97887
2026/07/08 17:38:29.869, 2, 0, 48104, 97887
2026/07/08 17:38:29.886, 3, 0, 48104, 97887
2026/07/08 17:38:29.901, 4, 100, 75532, 97887
2026/07/08 17:38:29.917, 5, 100, 75530, 97887
2026/07/08 17:38:29.935, 6, 54, 75546, 97887
2026/07/08 17:38:29.951, 7, 54, 75546, 97887
2026/07/08 17:38:30.968, 0, 0, 48704, 97887
2026/07/08 17:38:30.985, 1, 0, 48104, 97887
2026/07/08 17:38:30.999, 2, 0, 48104, 97887
2026/07/08 17:38:31.015, 3, 0, 48104, 97887
2026/07/08 17:38:31.030, 4, 14, 75532, 97887
2026/07/08 17:38:31.044, 5, 91, 75530, 97887
2026/07/08 17:38:31.058, 6, 36, 75546, 97887
2026/07/08 17:38:31.071, 7, 73, 75546, 97887
2026/07/08 17:38:32.085, 0, 0, 48704, 97887
2026/07/08 17:38:32.100, 1, 0, 48104, 97887
2026/07/08 17:38:32.116, 2, 0, 48104, 97887
2026/07/08 17:38:32.131, 3, 0, 48104, 97887
2026/07/08 17:38:32.144, 4, 20, 75532, 97887
2026/07/08 17:38:32.160, 5, 86, 75530, 97887
2026/07/08 17:38:32.177, 6, 49, 75546, 97887
2026/07/08 17:38:32.193, 7, 57, 75546, 97887
2026/07/08 17:38:33.207, 0, 0, 48704, 97887
2026/07/08 17:38:33.225, 1, 0, 48104, 97887
2026/07/08 17:38:33.243, 2, 0, 48104, 97887
2026/07/08 17:38:33.257, 3, 0, 48104, 97887
2026/07/08 17:38:33.270, 4, 95, 75532, 97887
2026/07/08 17:38:33.284, 5, 39, 75530, 97887
2026/07/08 17:38:33.302, 6, 37, 75546, 97887
2026/07/08 17:38:33.320, 7, 43, 75546, 97887
2026/07/08 17:38:34.336, 0, 0, 48704, 97887
2026/07/08 17:38:34.349, 1, 0, 48104, 97887
2026/07/08 17:38:34.366, 2, 0, 48104, 97887
2026/07/08 17:38:34.377, 3, 0, 48104, 97887
2026/07/08 17:38:34.393, 4, 94, 75532, 97887
2026/07/08 17:38:34.409, 5, 21, 75530, 97887
2026/07/08 17:38:34.423, 6, 33, 75546, 97887
2026/07/08 17:38:34.436, 7, 57, 75546, 97887
2026/07/08 17:38:35.450, 0, 0, 48704, 97887
2026/07/08 17:38:35.466, 1, 0, 48104, 97887
2026/07/08 17:38:35.485, 2, 0, 48104, 97887
2026/07/08 17:38:35.505, 3, 0, 48104, 97887
2026/07/08 17:38:35.520, 4, 95, 75532, 97887
2026/07/08 17:38:35.534, 5, 60, 75530, 97887
2026/07/08 17:38:35.550, 6, 94, 75546, 97887
2026/07/08 17:38:35.567, 7, 19, 75546, 97887
2026/07/08 17:38:36.583, 0, 0, 48704, 97887
2026/07/08 17:38:36.597, 1, 0, 48104, 97887
2026/07/08 17:38:36.610, 2, 0, 48104, 97887
2026/07/08 17:38:36.623, 3, 0, 48104, 97887
2026/07/08 17:38:36.635, 4, 95, 75532, 97887
2026/07/08 17:38:36.648, 5, 55, 75530, 97887
2026/07/08 17:38:36.663, 6, 93, 75546, 97887
2026/07/08 17:38:36.678, 7, 20, 75546, 97887
2026/07/08 17:38:37.692, 0, 0, 48704, 97887
2026/07/08 17:38:37.709, 1, 0, 48104, 97887
2026/07/08 17:38:37.723, 2, 0, 48104, 97887
2026/07/08 17:38:37.737, 3, 0, 48104, 97887
2026/07/08 17:38:37.750, 4, 45, 75532, 97887
2026/07/08 17:38:37.762, 5, 27, 75530, 97887
2026/07/08 17:38:37.774, 6, 95, 75546, 97887
2026/07/08 17:38:37.785, 7, 23, 75546, 97887
2026/07/08 17:38:38.799, 0, 0, 48704, 97887
2026/07/08 17:38:38.816, 1, 0, 48104, 97887
2026/07/08 17:38:38.830, 2, 0, 48104, 97887
2026/07/08 17:38:38.844, 3, 0, 48104, 97887
2026/07/08 17:38:38.858, 4, 60, 75532, 97887
2026/07/08 17:38:38.868, 5, 42, 75530, 97887
2026/07/08 17:38:38.886, 6, 89, 75546, 97887
2026/07/08 17:38:38.903, 7, 20, 75546, 97887
2026/07/08 17:38:39.920, 0, 0, 48704, 97887
2026/07/08 17:38:39.937, 1, 0, 48104, 97887
2026/07/08 17:38:39.953, 2, 0, 48104, 97887
2026/07/08 17:38:39.967, 3, 0, 48104, 97887
2026/07/08 17:38:39.986, 4, 95, 75532, 97887
2026/07/08 17:38:40.005, 5, 20, 75530, 97887
2026/07/08 17:38:40.022, 6, 83, 75546, 97887
2026/07/08 17:38:40.039, 7, 26, 75546, 97887
2026/07/08 17:38:41.057, 0, 0, 48704, 97887
2026/07/08 17:38:41.073, 1, 0, 48104, 97887
2026/07/08 17:38:41.088, 2, 0, 48104, 97887
2026/07/08 17:38:41.105, 3, 0, 48104, 97887
2026/07/08 17:38:41.120, 4, 83, 75532, 97887
2026/07/08 17:38:41.134, 5, 34, 75530, 97887
2026/07/08 17:38:41.145, 6, 91, 75546, 97887
2026/07/08 17:38:41.159, 7, 24, 75546, 97887
2026/07/08 17:38:42.173, 0, 0, 48704, 97887
2026/07/08 17:38:42.193, 1, 0, 48104, 97887
2026/07/08 17:38:42.214, 2, 0, 48104, 97887
2026/07/08 17:38:42.231, 3, 0, 48104, 97887
2026/07/08 17:38:42.248, 4, 71, 75532, 97887
2026/07/08 17:38:42.267, 5, 75, 75530, 97887
2026/07/08 17:38:42.285, 6, 93, 75546, 97887
2026/07/08 17:38:42.300, 7, 20, 75546, 97887
2026/07/08 17:38:43.317, 0, 0, 48704, 97887
2026/07/08 17:38:43.335, 1, 0, 48104, 97887
2026/07/08 17:38:43.352, 2, 0, 48104, 97887
2026/07/08 17:38:43.368, 3, 0, 48104, 97887
2026/07/08 17:38:43.384, 4, 72, 75532, 97887
2026/07/08 17:38:43.399, 5, 41, 75530, 97887
2026/07/08 17:38:43.412, 6, 92, 75546, 97887
2026/07/08 17:38:43.424, 7, 20, 75546, 97887
2026/07/08 17:38:44.438, 0, 0, 48704, 97887
2026/07/08 17:38:44.451, 1, 0, 48104, 97887
2026/07/08 17:38:44.463, 2, 0, 48104, 97887
2026/07/08 17:38:44.475, 3, 0, 48104, 97887
2026/07/08 17:38:44.489, 4, 95, 75532, 97887
2026/07/08 17:38:44.505, 5, 20, 75530, 97887
2026/07/08 17:38:44.520, 6, 85, 75546, 97887
2026/07/08 17:38:44.537, 7, 30, 75546, 97887
2026/07/08 17:38:45.554, 0, 0, 48704, 97887
2026/07/08 17:38:45.573, 1, 0, 48104, 97887
2026/07/08 17:38:45.590, 2, 0, 48104, 97887
2026/07/08 17:38:45.608, 3, 0, 48104, 97887
2026/07/08 17:38:45.629, 4, 50, 75532, 97887
2026/07/08 17:38:45.641, 5, 55, 75530, 97887
2026/07/08 17:38:45.659, 6, 88, 75546, 97887
2026/07/08 17:38:45.676, 7, 27, 75546, 97887
2026/07/08 17:38:46.691, 0, 0, 48704, 97887
2026/07/08 17:38:46.709, 1, 0, 48104, 97887
2026/07/08 17:38:46.725, 2, 0, 48104, 97887
2026/07/08 17:38:46.747, 3, 0, 48104, 97887
2026/07/08 17:38:46.764, 4, 52, 75532, 97887
2026/07/08 17:38:46.782, 5, 52, 75530, 97887
2026/07/08 17:38:46.801, 6, 92, 75546, 97887
2026/07/08 17:38:46.819, 7, 23, 75546, 97887
2026/07/08 17:38:47.838, 0, 0, 48704, 97887
2026/07/08 17:38:47.854, 1, 0, 48104, 97887
2026/07/08 17:38:47.872, 2, 0, 48104, 97887
2026/07/08 17:38:47.887, 3, 0, 48104, 97887
2026/07/08 17:38:47.904, 4, 39, 75532, 97887
2026/07/08 17:38:47.918, 5, 20, 75530, 97887
2026/07/08 17:38:47.936, 6, 91, 75546, 97887
2026/07/08 17:38:47.955, 7, 32, 75546, 97887
2026/07/08 17:38:48.970, 0, 0, 48704, 97887
2026/07/08 17:38:48.990, 1, 0, 48104, 97887
2026/07/08 17:38:49.008, 2, 0, 48104, 97887
2026/07/08 17:38:49.026, 3, 0, 48104, 97887
2026/07/08 17:38:49.043, 4, 95, 75532, 97887
2026/07/08 17:38:49.059, 5, 21, 75530, 97887
2026/07/08 17:38:49.070, 6, 90, 75546, 97887
2026/07/08 17:38:49.084, 7, 29, 75546, 97887
2026/07/08 17:38:50.098, 0, 0, 48704, 97887
2026/07/08 17:38:50.113, 1, 0, 48104, 97887
2026/07/08 17:38:50.128, 2, 0, 48104, 97887
2026/07/08 17:38:50.146, 3, 0, 48104, 97887
2026/07/08 17:38:50.160, 4, 94, 75532, 97887
2026/07/08 17:38:50.176, 5, 21, 75530, 97887
2026/07/08 17:38:50.190, 6, 91, 75546, 97887
2026/07/08 17:38:50.206, 7, 31, 75546, 97887
2026/07/08 17:38:51.223, 0, 0, 48704, 97887
2026/07/08 17:38:51.236, 1, 0, 48104, 97887
2026/07/08 17:38:51.247, 2, 0, 48104, 97887
2026/07/08 17:38:51.259, 3, 0, 48104, 97887
2026/07/08 17:38:51.276, 4, 20, 75532, 97887
2026/07/08 17:38:51.294, 5, 21, 75530, 97887
2026/07/08 17:38:51.312, 6, 94, 75546, 97887
2026/07/08 17:38:51.327, 7, 23, 75546, 97887
2026/07/08 17:38:52.342, 0, 0, 48704, 97887
2026/07/08 17:38:52.359, 1, 0, 48104, 97887
2026/07/08 17:38:52.379, 2, 0, 48104, 97887
2026/07/08 17:38:52.396, 3, 0, 48104, 97887
2026/07/08 17:38:52.424, 4, 90, 75532, 97887
2026/07/08 17:38:52.438, 5, 20, 75530, 97887
2026/07/08 17:38:52.455, 6, 92, 75546, 97887
2026/07/08 17:38:52.472, 7, 24, 75546, 97887
2026/07/08 17:38:53.490, 0, 0, 48704, 97887
2026/07/08 17:38:53.509, 1, 0, 48104, 97887
2026/07/08 17:38:53.526, 2, 0, 48104, 97887
2026/07/08 17:38:53.544, 3, 0, 48104, 97887
2026/07/08 17:38:53.558, 4, 94, 75532, 97887
2026/07/08 17:38:53.570, 5, 26, 75530, 97887
2026/07/08 17:38:53.585, 6, 93, 75546, 97887
2026/07/08 17:38:53.600, 7, 23, 75546, 97887
2026/07/08 17:38:54.616, 0, 0, 48704, 97887
2026/07/08 17:38:54.634, 1, 0, 48104, 97887
2026/07/08 17:38:54.652, 2, 0, 48104, 97887
2026/07/08 17:38:54.667, 3, 0, 48104, 97887
2026/07/08 17:38:54.682, 4, 95, 75532, 97887
2026/07/08 17:38:54.697, 5, 25, 75530, 97887
2026/07/08 17:38:54.712, 6, 92, 75546, 97887
2026/07/08 17:38:54.728, 7, 26, 75546, 97887
2026/07/08 17:38:55.743, 0, 0, 48704, 97887
2026/07/08 17:38:55.762, 1, 0, 48104, 97887
2026/07/08 17:38:55.775, 2, 0, 48104, 97887
2026/07/08 17:38:55.791, 3, 0, 48104, 97887
2026/07/08 17:38:55.808, 4, 30, 75532, 97887
2026/07/08 17:38:55.825, 5, 22, 75530, 97887
2026/07/08 17:38:55.841, 6, 94, 75546, 97887
2026/07/08 17:38:55.855, 7, 23, 75546, 97887
2026/07/08 17:38:56.870, 0, 0, 48704, 97887
2026/07/08 17:38:56.885, 1, 0, 48104, 97887
2026/07/08 17:38:56.899, 2, 0, 48104, 97887
2026/07/08 17:38:56.908, 3, 0, 48104, 97887
2026/07/08 17:38:56.917, 4, 78, 75532, 97887
2026/07/08 17:38:56.927, 5, 20, 75530, 97887
2026/07/08 17:38:56.934, 6, 89, 75546, 97887
2026/07/08 17:38:56.943, 7, 26, 75546, 97887
2026/07/08 17:38:57.952, 0, 0, 48704, 97887
2026/07/08 17:38:57.974, 1, 0, 48104, 97887
2026/07/08 17:38:57.995, 2, 0, 48104, 97887
2026/07/08 17:38:58.015, 3, 0, 48104, 97887
2026/07/08 17:38:58.034, 4, 10, 75532, 97887
2026/07/08 17:38:58.054, 5, 0, 75530, 97887
2026/07/08 17:38:58.080, 6, 90, 75546, 97887
2026/07/08 17:38:58.108, 7, 21, 75546, 97887
2026/07/08 17:38:59.137, 0, 0, 48704, 97887
2026/07/08 17:38:59.152, 1, 0, 48104, 97887
2026/07/08 17:38:59.167, 2, 0, 48104, 97887
2026/07/08 17:38:59.178, 3, 0, 48104, 97887
2026/07/08 17:38:59.193, 4, 0, 75532, 97887
2026/07/08 17:38:59.208, 5, 0, 75530, 97887
2026/07/08 17:38:59.224, 6, 92, 75546, 97887
2026/07/08 17:38:59.239, 7, 26, 75546, 97887
2026/07/08 17:39:00.255, 0, 0, 48704, 97887
2026/07/08 17:39:00.272, 1, 0, 48104, 97887
2026/07/08 17:39:00.287, 2, 0, 48104, 97887
2026/07/08 17:39:00.303, 3, 0, 48104, 97887
2026/07/08 17:39:00.320, 4, 0, 75532, 97887
2026/07/08 17:39:00.337, 5, 0, 75530, 97887
2026/07/08 17:39:00.354, 6, 59, 75546, 97887
2026/07/08 17:39:00.372, 7, 23, 75546, 97887
2026/07/08 17:39:01.390, 0, 0, 48704, 97887
2026/07/08 17:39:01.408, 1, 0, 48104, 97887
2026/07/08 17:39:01.425, 2, 0, 48104, 97887
2026/07/08 17:39:01.440, 3, 0, 48104, 97887
2026/07/08 17:39:01.457, 4, 0, 75532, 97887
2026/07/08 17:39:01.471, 5, 0, 75530, 97887
2026/07/08 17:39:01.486, 6, 96, 75546, 97887
2026/07/08 17:39:01.501, 7, 24, 75546, 97887
2026/07/08 17:39:02.516, 0, 0, 48704, 97887
2026/07/08 17:39:02.526, 1, 0, 48104, 97887
2026/07/08 17:39:02.536, 2, 0, 48104, 97887
2026/07/08 17:39:02.546, 3, 0, 48104, 97887
2026/07/08 17:39:02.557, 4, 0, 75532, 97887
2026/07/08 17:39:02.574, 5, 0, 75530, 97887
2026/07/08 17:39:02.588, 6, 87, 75546, 97887
2026/07/08 17:39:02.605, 7, 28, 75546, 97887
2026/07/08 17:39:03.625, 0, 0, 48704, 97887
2026/07/08 17:39:03.641, 1, 0, 48104, 97887
2026/07/08 17:39:03.654, 2, 0, 48104, 97887
2026/07/08 17:39:03.670, 3, 0, 48104, 97887
2026/07/08 17:39:03.688, 4, 0, 75532, 97887
2026/07/08 17:39:03.704, 5, 0, 75530, 97887
2026/07/08 17:39:03.721, 6, 87, 75546, 97887
2026/07/08 17:39:03.740, 7, 25, 75546, 97887
2026/07/08 17:39:04.758, 0, 0, 48704, 97887
2026/07/08 17:39:04.774, 1, 0, 48104, 97887
2026/07/08 17:39:04.791, 2, 0, 48104, 97887
2026/07/08 17:39:04.807, 3, 0, 48104, 97887
2026/07/08 17:39:04.825, 4, 0, 75532, 97887
2026/07/08 17:39:04.840, 5, 0, 75530, 97887
2026/07/08 17:39:04.859, 6, 90, 75546, 97887
2026/07/08 17:39:04.874, 7, 21, 75546, 97887
2026/07/08 17:39:05.890, 0, 0, 48704, 97887
2026/07/08 17:39:05.909, 1, 0, 48104, 97887
2026/07/08 17:39:05.927, 2, 0, 48104, 97887
2026/07/08 17:39:05.943, 3, 0, 48104, 97887
2026/07/08 17:39:05.960, 4, 0, 75532, 97887
2026/07/08 17:39:05.977, 5, 0, 75530, 97887
2026/07/08 17:39:05.995, 6, 94, 75546, 97887
2026/07/08 17:39:06.014, 7, 20, 75546, 97887
2026/07/08 17:39:07.029, 0, 0, 48704, 97887
2026/07/08 17:39:07.050, 1, 0, 48104, 97887
2026/07/08 17:39:07.069, 2, 0, 48104, 97887
2026/07/08 17:39:07.089, 3, 0, 48104, 97887
2026/07/08 17:39:07.107, 4, 0, 75532, 97887
2026/07/08 17:39:07.124, 5, 0, 75530, 97887
2026/07/08 17:39:07.142, 6, 90, 75546, 97887
2026/07/08 17:39:07.161, 7, 25, 75546, 97887
2026/07/08 17:39:08.179, 0, 0, 48704, 97887
2026/07/08 17:39:08.202, 1, 0, 48104, 97887
2026/07/08 17:39:08.220, 2, 0, 48104, 97887
2026/07/08 17:39:08.235, 3, 0, 48104, 97887
2026/07/08 17:39:08.248, 4, 0, 75532, 97887
2026/07/08 17:39:08.263, 5, 0, 75530, 97887
2026/07/08 17:39:08.277, 6, 1, 75546, 97887
2026/07/08 17:39:08.290, 7, 6, 75546, 97887
2026/07/08 17:39:09.302, 0, 0, 48704, 97887
2026/07/08 17:39:09.324, 1, 0, 48104, 97887
2026/07/08 17:39:09.340, 2, 0, 48104, 97887
2026/07/08 17:39:09.356, 3, 0, 48104, 97887
2026/07/08 17:39:09.372, 4, 0, 75532, 97887
2026/07/08 17:39:09.391, 5, 0, 75530, 97887
2026/07/08 17:39:09.405, 6, 0, 75546, 97887
2026/07/08 17:39:09.421, 7, 0, 75546, 97887
2026/07/08 17:39:10.441, 0, 0, 48704, 97887
2026/07/08 17:39:10.460, 1, 0, 48104, 97887
2026/07/08 17:39:10.479, 2, 0, 48104, 97887
2026/07/08 17:39:10.494, 3, 0, 48104, 97887
2026/07/08 17:39:10.509, 4, 0, 75532, 97887
2026/07/08 17:39:10.527, 5, 0, 75530, 97887
2026/07/08 17:39:10.546, 6, 0, 75546, 97887
2026/07/08 17:39:10.562, 7, 0, 75546, 97887
2026/07/08 17:39:11.581, 0, 0, 48704, 97887
2026/07/08 17:39:11.600, 1, 0, 48104, 97887
2026/07/08 17:39:11.619, 2, 0, 48104, 97887
2026/07/08 17:39:11.637, 3, 0, 48104, 97887
2026/07/08 17:39:11.657, 4, 0, 75532, 97887
2026/07/08 17:39:11.672, 5, 0, 75530, 97887
2026/07/08 17:39:11.684, 6, 0, 75546, 97887
2026/07/08 17:39:11.697, 7, 0, 75546, 97887
2026/07/08 17:39:12.716, 0, 0, 48704, 97887
2026/07/08 17:39:12.734, 1, 0, 48104, 97887
2026/07/08 17:39:12.755, 2, 0, 48104, 97887
2026/07/08 17:39:12.775, 3, 0, 48104, 97887
2026/07/08 17:39:12.791, 4, 0, 75532, 97887
2026/07/08 17:39:12.808, 5, 0, 75530, 97887
2026/07/08 17:39:12.824, 6, 0, 75546, 97887
2026/07/08 17:39:12.842, 7, 0, 75546, 97887
2026/07/08 17:39:13.862, 0, 0, 48704, 97887
2026/07/08 17:39:13.880, 1, 0, 48104, 97887
2026/07/08 17:39:13.899, 2, 0, 48104, 97887
2026/07/08 17:39:13.917, 3, 0, 48104, 97887
2026/07/08 17:39:13.934, 4, 0, 75532, 97887
2026/07/08 17:39:13.952, 5, 0, 75530, 97887
2026/07/08 17:39:13.968, 6, 0, 75546, 97887
2026/07/08 17:39:13.985, 7, 0, 75546, 97887
2026/07/08 17:39:15.001, 0, 0, 48704, 97887
2026/07/08 17:39:15.020, 1, 0, 48104, 97887
2026/07/08 17:39:15.039, 2, 0, 48104, 97887
2026/07/08 17:39:15.058, 3, 0, 48104, 97887
2026/07/08 17:39:15.076, 4, 0, 75532, 97887
2026/07/08 17:39:15.090, 5, 0, 75530, 97887
2026/07/08 17:39:15.107, 6, 0, 75546, 97887
2026/07/08 17:39:15.124, 7, 0, 75546, 97887
2026/07/08 17:39:16.144, 0, 0, 48704, 97887
2026/07/08 17:39:16.165, 1, 0, 48104, 97887
2026/07/08 17:39:16.183, 2, 0, 48104, 97887
2026/07/08 17:39:16.203, 3, 0, 48104, 97887
2026/07/08 17:39:16.222, 4, 0, 75532, 97887
2026/07/08 17:39:16.243, 5, 0, 75530, 97887
2026/07/08 17:39:16.262, 6, 0, 75546, 97887
2026/07/08 17:39:16.282, 7, 0, 75546, 97887
2026/07/08 17:39:17.299, 0, 0, 48704, 97887
2026/07/08 17:39:17.317, 1, 0, 48104, 97887
2026/07/08 17:39:17.334, 2, 0, 48104, 97887
2026/07/08 17:39:17.351, 3, 0, 48104, 97887
2026/07/08 17:39:17.370, 4, 0, 75532, 97887
2026/07/08 17:39:17.386, 5, 0, 75530, 97887
2026/07/08 17:39:17.404, 6, 0, 75546, 97887
2026/07/08 17:39:17.422, 7, 0, 75546, 97887
2026/07/08 17:39:18.439, 0, 0, 48704, 97887
2026/07/08 17:39:18.458, 1, 0, 48104, 97887
2026/07/08 17:39:18.475, 2, 0, 48104, 97887
2026/07/08 17:39:18.495, 3, 0, 48104, 97887
2026/07/08 17:39:18.512, 4, 0, 75532, 97887
2026/07/08 17:39:18.529, 5, 0, 75530, 97887
2026/07/08 17:39:18.545, 6, 0, 75546, 97887
2026/07/08 17:39:18.561, 7, 0, 75546, 97887
2026/07/08 17:39:19.581, 0, 0, 48704, 97887
2026/07/08 17:39:19.599, 1, 0, 48104, 97887
2026/07/08 17:39:19.621, 2, 0, 48104, 97887
2026/07/08 17:39:19.639, 3, 0, 48104, 97887
2026/07/08 17:39:19.660, 4, 0, 75532, 97887
2026/07/08 17:39:19.677, 5, 0, 75530, 97887
2026/07/08 17:39:19.695, 6, 0, 75546, 97887
2026/07/08 17:39:19.710, 7, 0, 75546, 97887
2026/07/08 17:39:20.728, 0, 0, 48704, 97887
2026/07/08 17:39:20.747, 1, 0, 48104, 97887
2026/07/08 17:39:20.765, 2, 0, 48104, 97887
2026/07/08 17:39:20.781, 3, 0, 48104, 97887
2026/07/08 17:39:20.796, 4, 0, 75532, 97887
2026/07/08 17:39:20.811, 5, 0, 75530, 97887
2026/07/08 17:39:20.827, 6, 0, 75546, 97887
2026/07/08 17:39:20.842, 7, 0, 75546, 97887
2026/07/08 17:39:21.861, 0, 0, 48704, 97887
2026/07/08 17:39:21.881, 1, 0, 48104, 97887
2026/07/08 17:39:21.900, 2, 0, 48104, 97887
2026/07/08 17:39:21.921, 3, 0, 48104, 97887
2026/07/08 17:39:21.939, 4, 0, 75532, 97887
2026/07/08 17:39:21.958, 5, 0, 75530, 97887
2026/07/08 17:39:21.977, 6, 0, 75546, 97887
2026/07/08 17:39:21.997, 7, 0, 75546, 97887
2026/07/08 17:39:23.017, 0, 0, 48704, 97887
2026/07/08 17:39:23.039, 1, 0, 48104, 97887
2026/07/08 17:39:23.058, 2, 0, 48104, 97887
2026/07/08 17:39:23.072, 3, 0, 48104, 97887
2026/07/08 17:39:23.089, 4, 0, 75532, 97887
2026/07/08 17:39:23.109, 5, 0, 75530, 97887
2026/07/08 17:39:23.125, 6, 0, 75546, 97887
2026/07/08 17:39:23.140, 7, 0, 75546, 97887
2026/07/08 17:39:24.158, 0, 0, 48704, 97887
2026/07/08 17:39:24.178, 1, 0, 48104, 97887
2026/07/08 17:39:24.195, 2, 0, 48104, 97887
2026/07/08 17:39:24.212, 3, 0, 48104, 97887
2026/07/08 17:39:24.227, 4, 0, 75532, 97887
2026/07/08 17:39:24.245, 5, 0, 75530, 97887
2026/07/08 17:39:24.259, 6, 0, 75546, 97887
2026/07/08 17:39:24.278, 7, 0, 75546, 97887
2026/07/08 17:39:25.297, 0, 0, 48704, 97887
2026/07/08 17:39:25.315, 1, 0, 48104, 97887
2026/07/08 17:39:25.331, 2, 0, 48104, 97887
2026/07/08 17:39:25.346, 3, 0, 48104, 97887
2026/07/08 17:39:25.364, 4, 0, 75532, 97887
2026/07/08 17:39:25.380, 5, 0, 75530, 97887
2026/07/08 17:39:25.398, 6, 0, 75546, 97887
2026/07/08 17:39:25.414, 7, 0, 75546, 97887
2026/07/08 17:39:26.430, 0, 0, 48704, 97887
2026/07/08 17:39:26.446, 1, 0, 48104, 97887
2026/07/08 17:39:26.460, 2, 0, 48104, 97887
2026/07/08 17:39:26.476, 3, 0, 48104, 97887
2026/07/08 17:39:26.492, 4, 0, 75532, 97887
2026/07/08 17:39:26.510, 5, 0, 75530, 97887
2026/07/08 17:39:26.527, 6, 0, 75546, 97887
2026/07/08 17:39:26.542, 7, 0, 75546, 97887
2026/07/08 17:39:27.560, 0, 0, 48704, 97887
2026/07/08 17:39:27.574, 1, 0, 48104, 97887
2026/07/08 17:39:27.587, 2, 0, 48104, 97887
2026/07/08 17:39:27.596, 3, 0, 48104, 97887
2026/07/08 17:39:27.611, 4, 0, 75532, 97887
2026/07/08 17:39:27.628, 5, 0, 75530, 97887
2026/07/08 17:39:27.643, 6, 0, 75546, 97887
2026/07/08 17:39:27.658, 7, 0, 75546, 97887
2026/07/08 17:39:28.673, 0, 0, 48704, 97887
2026/07/08 17:39:28.691, 1, 0, 48104, 97887
2026/07/08 17:39:28.705, 2, 0, 48104, 97887
2026/07/08 17:39:28.720, 3, 0, 48104, 97887
2026/07/08 17:39:28.737, 4, 0, 75532, 97887
2026/07/08 17:39:28.754, 5, 0, 75530, 97887
2026/07/08 17:39:28.769, 6, 0, 75546, 97887
2026/07/08 17:39:28.782, 7, 0, 75546, 97887
2026/07/08 17:39:29.796, 0, 0, 48704, 97887
2026/07/08 17:39:29.811, 1, 0, 48104, 97887
2026/07/08 17:39:29.825, 2, 0, 48104, 97887
2026/07/08 17:39:29.841, 3, 0, 48104, 97887
2026/07/08 17:39:29.855, 4, 0, 75532, 97887
2026/07/08 17:39:29.870, 5, 0, 75530, 97887
2026/07/08 17:39:29.889, 6, 0, 75546, 97887
2026/07/08 17:39:29.906, 7, 0, 75546, 97887
2026/07/08 17:39:30.923, 0, 0, 48704, 97887
2026/07/08 17:39:30.941, 1, 0, 48104, 97887
2026/07/08 17:39:30.959, 2, 0, 48104, 97887
2026/07/08 17:39:30.977, 3, 0, 48104, 97887
2026/07/08 17:39:30.997, 4, 0, 75532, 97887
2026/07/08 17:39:31.021, 5, 0, 75530, 97887
2026/07/08 17:39:31.039, 6, 0, 75546, 97887
2026/07/08 17:39:31.059, 7, 0, 75546, 97887
2026/07/08 17:39:32.078, 0, 0, 48706, 97887
2026/07/08 17:39:32.098, 1, 0, 48106, 97887
2026/07/08 17:39:32.117, 2, 0, 48106, 97887
2026/07/08 17:39:32.136, 3, 0, 48106, 97887
2026/07/08 17:39:32.153, 4, 0, 75532, 97887
2026/07/08 17:39:32.171, 5, 0, 75530, 97887
2026/07/08 17:39:32.191, 6, 0, 75546, 97887
2026/07/08 17:39:32.208, 7, 0, 75546, 97887
2026/07/08 17:39:33.227, 0, 7, 48706, 97887
2026/07/08 17:39:33.245, 1, 74, 48106, 97887
2026/07/08 17:39:33.265, 2, 35, 48106, 97887
2026/07/08 17:39:33.282, 3, 7, 48106, 97887
2026/07/08 17:39:33.302, 4, 0, 75532, 97887
2026/07/08 17:39:33.317, 5, 0, 75530, 97887
2026/07/08 17:39:33.333, 6, 0, 75546, 97887
2026/07/08 17:39:33.351, 7, 0, 75546, 97887
2026/07/08 17:39:34.373, 0, 12, 48708, 97887
2026/07/08 17:39:34.391, 1, 0, 48108, 97887
2026/07/08 17:39:34.408, 2, 0, 48110, 97887
2026/07/08 17:39:34.431, 3, 30, 48110, 97887
2026/07/08 17:39:34.452, 4, 0, 75532, 97887
2026/07/08 17:39:34.475, 5, 0, 75530, 97887
2026/07/08 17:39:34.496, 6, 0, 75546, 97887
2026/07/08 17:39:34.514, 7, 0, 75546, 97887
2026/07/08 17:39:35.531, 0, 97, 48726, 97887
2026/07/08 17:39:35.550, 1, 97, 48432, 97887
2026/07/08 17:39:35.569, 2, 97, 48128, 97887
2026/07/08 17:39:35.590, 3, 61, 48538, 97887
2026/07/08 17:39:35.608, 4, 0, 75532, 97887
2026/07/08 17:39:35.629, 5, 0, 75530, 97887
2026/07/08 17:39:35.651, 6, 0, 75546, 97887
2026/07/08 17:39:35.673, 7, 0, 75546, 97887
2026/07/08 17:39:36.692, 0, 100, 48728, 97887
2026/07/08 17:39:36.711, 1, 24, 48738, 97887
2026/07/08 17:39:36.734, 2, 33, 48678, 97887
2026/07/08 17:39:36.750, 3, 100, 49258, 97887
2026/07/08 17:39:36.772, 4, 0, 75532, 97887
2026/07/08 17:39:36.788, 5, 0, 75530, 97887
2026/07/08 17:39:36.802, 6, 0, 75546, 97887
2026/07/08 17:39:36.817, 7, 0, 75546, 97887
2026/07/08 17:39:37.830, 0, 92, 49300, 97887
2026/07/08 17:39:37.847, 1, 97, 49346, 97887
2026/07/08 17:39:37.866, 2, 97, 49646, 97887
2026/07/08 17:39:37.881, 3, 97, 50078, 97887
2026/07/08 17:39:37.899, 4, 0, 75532, 97887
2026/07/08 17:39:37.913, 5, 0, 75530, 97887
2026/07/08 17:39:37.929, 6, 0, 75546, 97887
2026/07/08 17:39:37.946, 7, 0, 75546, 97887
2026/07/08 17:39:38.967, 0, 12, 50902, 97887
2026/07/08 17:39:38.982, 1, 97, 49670, 97887
2026/07/08 17:39:38.993, 2, 98, 51082, 97887
2026/07/08 17:39:39.005, 3, 11, 50078, 97887
2026/07/08 17:39:39.019, 4, 0, 75532, 97887
2026/07/08 17:39:39.034, 5, 0, 75530, 97887
2026/07/08 17:39:39.050, 6, 0, 75546, 97887
2026/07/08 17:39:39.069, 7, 0, 75546, 97887
2026/07/08 17:39:40.084, 0, 100, 54298, 97887
2026/07/08 17:39:40.103, 1, 100, 57768, 97887
2026/07/08 17:39:40.119, 2, 100, 53818, 97887
2026/07/08 17:39:40.135, 3, 100, 53542, 97887
2026/07/08 17:39:40.151, 4, 0, 75532, 97887
2026/07/08 17:39:40.166, 5, 0, 75530, 97887
2026/07/08 17:39:40.183, 6, 0, 75546, 97887
2026/07/08 17:39:40.197, 7, 0, 75546, 97887
2026/07/08 17:39:41.210, 0, 100, 64620, 97887
2026/07/08 17:39:41.225, 1, 100, 66794, 97887
2026/07/08 17:39:41.239, 2, 100, 62728, 97887
2026/07/08 17:39:41.252, 3, 100, 66012, 97887
2026/07/08 17:39:41.266, 4, 0, 75532, 97887
2026/07/08 17:39:41.280, 5, 0, 75530, 97887
2026/07/08 17:39:41.299, 6, 0, 75546, 97887
2026/07/08 17:39:41.315, 7, 0, 75546, 97887
2026/07/08 17:39:42.332, 0, 100, 64620, 97887
2026/07/08 17:39:42.346, 1, 100, 66794, 97887
2026/07/08 17:39:42.362, 2, 100, 62728, 97887
2026/07/08 17:39:42.380, 3, 100, 66012, 97887
2026/07/08 17:39:42.394, 4, 0, 75532, 97887
2026/07/08 17:39:42.410, 5, 0, 75530, 97887
2026/07/08 17:39:42.424, 6, 0, 75546, 97887
2026/07/08 17:39:42.438, 7, 0, 75546, 97887
2026/07/08 17:39:43.454, 0, 100, 64620, 97887
2026/07/08 17:39:43.470, 1, 100, 66794, 97887
2026/07/08 17:39:43.486, 2, 100, 62728, 97887
2026/07/08 17:39:43.502, 3, 100, 66012, 97887
2026/07/08 17:39:43.519, 4, 0, 75532, 97887
2026/07/08 17:39:43.532, 5, 0, 75530, 97887
2026/07/08 17:39:43.548, 6, 0, 75546, 97887
2026/07/08 17:39:43.565, 7, 0, 75546, 97887
2026/07/08 17:39:44.585, 0, 100, 64620, 97887
2026/07/08 17:39:44.599, 1, 100, 66794, 97887
2026/07/08 17:39:44.612, 2, 100, 62728, 97887
2026/07/08 17:39:44.626, 3, 100, 66012, 97887
2026/07/08 17:39:44.641, 4, 0, 75532, 97887
2026/07/08 17:39:44.655, 5, 0, 75530, 97887
2026/07/08 17:39:44.668, 6, 0, 75546, 97887
2026/07/08 17:39:44.677, 7, 0, 75546, 97887
2026/07/08 17:39:45.685, 0, 100, 64620, 97887
2026/07/08 17:39:45.698, 1, 100, 66794, 97887
2026/07/08 17:39:45.711, 2, 100, 62728, 97887
2026/07/08 17:39:45.725, 3, 100, 66012, 97887
2026/07/08 17:39:45.741, 4, 0, 75532, 97887
2026/07/08 17:39:45.753, 5, 0, 75530, 97887
2026/07/08 17:39:45.762, 6, 0, 75546, 97887
2026/07/08 17:39:45.772, 7, 0, 75546, 97887
2026/07/08 17:39:46.786, 0, 100, 64620, 97887
2026/07/08 17:39:46.806, 1, 100, 66796, 97887
2026/07/08 17:39:46.824, 2, 100, 68820, 97887
2026/07/08 17:39:46.841, 3, 100, 72102, 97887
2026/07/08 17:39:46.858, 4, 0, 75532, 97887
2026/07/08 17:39:46.874, 5, 0, 75530, 97887
2026/07/08 17:39:46.893, 6, 0, 75546, 97887
2026/07/08 17:39:46.909, 7, 0, 75546, 97887
2026/07/08 17:39:47.925, 0, 100, 64620, 97887
2026/07/08 17:39:47.935, 1, 100, 66796, 97887
2026/07/08 17:39:47.950, 2, 100, 68820, 97887
2026/07/08 17:39:47.960, 3, 100, 72102, 97887
2026/07/08 17:39:47.971, 4, 0, 75532, 97887
2026/07/08 17:39:47.986, 5, 0, 75530, 97887
2026/07/08 17:39:47.997, 6, 0, 75546, 97887
2026/07/08 17:39:48.011, 7, 0, 75546, 97887
2026/07/08 17:39:49.023, 0, 100, 71080, 97887
2026/07/08 17:39:49.039, 1, 100, 73256, 97887
2026/07/08 17:39:49.049, 2, 100, 75058, 97887
2026/07/08 17:39:49.056, 3, 100, 78340, 97887
2026/07/08 17:39:49.070, 4, 0, 75532, 97887
2026/07/08 17:39:49.086, 5, 0, 75530, 97887
2026/07/08 17:39:49.099, 6, 0, 75546, 97887
2026/07/08 17:39:49.108, 7, 0, 75546, 97887
2026/07/08 17:39:50.120, 0, 100, 71080, 97887
2026/07/08 17:39:50.137, 1, 100, 73256, 97887
2026/07/08 17:39:50.148, 2, 100, 75058, 97887
2026/07/08 17:39:50.162, 3, 100, 78340, 97887
2026/07/08 17:39:50.177, 4, 0, 75532, 97887
2026/07/08 17:39:50.195, 5, 0, 75530, 97887
2026/07/08 17:39:50.212, 6, 0, 75546, 97887
2026/07/08 17:39:50.229, 7, 0, 75546, 97887
2026/07/08 17:39:51.245, 0, 100, 71080, 97887
2026/07/08 17:39:51.264, 1, 97, 73256, 97887
2026/07/08 17:39:51.281, 2, 62, 75058, 97887
2026/07/08 17:39:51.298, 3, 100, 78340, 97887
2026/07/08 17:39:51.315, 4, 0, 75532, 97887
2026/07/08 17:39:51.331, 5, 0, 75530, 97887
2026/07/08 17:39:51.347, 6, 0, 75546, 97887
2026/07/08 17:39:51.363, 7, 0, 75546, 97887
2026/07/08 17:39:52.377, 0, 100, 71080, 97887
2026/07/08 17:39:52.394, 1, 100, 73256, 97887
2026/07/08 17:39:52.410, 2, 100, 75058, 97887
2026/07/08 17:39:52.427, 3, 100, 78340, 97887
2026/07/08 17:39:52.443, 4, 0, 75532, 97887
2026/07/08 17:39:52.458, 5, 0, 75530, 97887
2026/07/08 17:39:52.473, 6, 0, 75546, 97887
2026/07/08 17:39:52.487, 7, 0, 75546, 97887
2026/07/08 17:39:53.502, 0, 100, 71080, 97887
2026/07/08 17:39:53.519, 1, 100, 73256, 97887
2026/07/08 17:39:53.536, 2, 100, 75058, 97887
2026/07/08 17:39:53.553, 3, 100, 78340, 97887
2026/07/08 17:39:53.571, 4, 0, 75532, 97887
2026/07/08 17:39:53.589, 5, 0, 75530, 97887
2026/07/08 17:39:53.606, 6, 0, 75546, 97887
2026/07/08 17:39:53.624, 7, 0, 75546, 97887
2026/07/08 17:39:54.641, 0, 100, 78134, 97887
2026/07/08 17:39:54.657, 1, 100, 80310, 97887
2026/07/08 17:39:54.671, 2, 100, 81742, 97887
2026/07/08 17:39:54.687, 3, 100, 85024, 97887
2026/07/08 17:39:54.699, 4, 0, 75532, 97887
2026/07/08 17:39:54.710, 5, 0, 75530, 97887
2026/07/08 17:39:54.724, 6, 0, 75546, 97887
2026/07/08 17:39:54.741, 7, 0, 75546, 97887
2026/07/08 17:39:55.760, 0, 100, 78134, 97887
2026/07/08 17:39:55.775, 1, 100, 80310, 97887
2026/07/08 17:39:55.788, 2, 100, 81742, 97887
2026/07/08 17:39:55.802, 3, 100, 85024, 97887
2026/07/08 17:39:55.817, 4, 0, 75532, 97887
2026/07/08 17:39:55.833, 5, 0, 75530, 97887
2026/07/08 17:39:55.849, 6, 0, 75546, 97887
2026/07/08 17:39:55.864, 7, 0, 75546, 97887
2026/07/08 17:39:56.878, 0, 100, 85262, 97887
2026/07/08 17:39:56.895, 1, 84, 87438, 97887
2026/07/08 17:39:56.909, 2, 100, 89096, 97887
2026/07/08 17:39:56.925, 3, 99, 92378, 97887
2026/07/08 17:39:56.938, 4, 0, 75532, 97887
2026/07/08 17:39:56.948, 5, 0, 75530, 97887
2026/07/08 17:39:56.956, 6, 0, 75546, 97887
2026/07/08 17:39:56.966, 7, 0, 75546, 97887
2026/07/08 17:39:57.976, 0, 100, 85262, 97887
2026/07/08 17:39:57.993, 1, 100, 87438, 97887
2026/07/08 17:39:58.010, 2, 100, 89096, 97887
2026/07/08 17:39:58.026, 3, 100, 92378, 97887
2026/07/08 17:39:58.042, 4, 0, 75532, 97887
2026/07/08 17:39:58.059, 5, 0, 75530, 97887
2026/07/08 17:39:58.077, 6, 0, 75546, 97887
2026/07/08 17:39:58.093, 7, 0, 75546, 97887
2026/07/08 17:39:59.110, 0, 100, 85262, 97887
2026/07/08 17:39:59.124, 1, 100, 87438, 97887
2026/07/08 17:39:59.138, 2, 100, 89096, 97887
2026/07/08 17:39:59.153, 3, 100, 92378, 97887
2026/07/08 17:39:59.170, 4, 0, 75532, 97887
2026/07/08 17:39:59.187, 5, 0, 75530, 97887
2026/07/08 17:39:59.203, 6, 0, 75546, 97887
2026/07/08 17:39:59.214, 7, 0, 75546, 97887
2026/07/08 17:40:00.234, 0, 57, 85262, 97887
2026/07/08 17:40:00.250, 1, 51, 87438, 97887
2026/07/08 17:40:00.267, 2, 77, 63160, 97887
2026/07/08 17:40:00.282, 3, 38, 63366, 97887
2026/07/08 17:40:00.298, 4, 0, 75532, 97887
2026/07/08 17:40:00.315, 5, 0, 75530, 97887
2026/07/08 17:40:00.329, 6, 0, 75546, 97887
2026/07/08 17:40:00.344, 7, 0, 75546, 97887
2026/07/08 17:40:01.359, 0, 100, 85262, 97887
2026/07/08 17:40:01.373, 1, 100, 87438, 97887
2026/07/08 17:40:01.389, 2, 100, 63160, 97887
2026/07/08 17:40:01.405, 3, 100, 63366, 97887
2026/07/08 17:40:01.421, 4, 0, 75532, 97887
2026/07/08 17:40:01.437, 5, 0, 75530, 97887
2026/07/08 17:40:01.454, 6, 0, 75546, 97887
2026/07/08 17:40:01.468, 7, 0, 75546, 97887
2026/07/08 17:40:02.487, 0, 100, 85262, 97887
2026/07/08 17:40:02.501, 1, 100, 87438, 97887
2026/07/08 17:40:02.513, 2, 100, 63160, 97887
2026/07/08 17:40:02.521, 3, 100, 63366, 97887
2026/07/08 17:40:02.527, 4, 0, 75532, 97887
2026/07/08 17:40:02.538, 5, 0, 75530, 97887
2026/07/08 17:40:02.547, 6, 0, 75546, 97887
2026/07/08 17:40:02.551, 7, 0, 75546, 97887
2026/07/08 17:40:03.561, 0, 100, 85262, 97887
2026/07/08 17:40:03.576, 1, 100, 87438, 97887
2026/07/08 17:40:03.590, 2, 100, 63160, 97887
2026/07/08 17:40:03.603, 3, 100, 63366, 97887
2026/07/08 17:40:03.629, 4, 0, 75532, 97887
2026/07/08 17:40:03.641, 5, 0, 75530, 97887
2026/07/08 17:40:03.655, 6, 0, 75546, 97887
2026/07/08 17:40:03.669, 7, 0, 75546, 97887
2026/07/08 17:40:04.683, 0, 100, 85262, 97887
2026/07/08 17:40:04.698, 1, 100, 87438, 97887
2026/07/08 17:40:04.716, 2, 100, 63160, 97887
2026/07/08 17:40:04.731, 3, 100, 63366, 97887
2026/07/08 17:40:04.747, 4, 0, 75532, 97887
2026/07/08 17:40:04.763, 5, 0, 75530, 97887
2026/07/08 17:40:04.778, 6, 0, 75546, 97887
2026/07/08 17:40:04.793, 7, 0, 75546, 97887
2026/07/08 17:40:05.808, 0, 100, 85264, 97887
2026/07/08 17:40:05.827, 1, 100, 87438, 97887
2026/07/08 17:40:05.845, 2, 100, 63162, 97887
2026/07/08 17:40:05.861, 3, 100, 63368, 97887
2026/07/08 17:40:05.877, 4, 0, 75532, 97887
2026/07/08 17:40:05.893, 5, 0, 75530, 97887
2026/07/08 17:40:05.909, 6, 0, 75546, 97887
2026/07/08 17:40:05.925, 7, 0, 75546, 97887
2026/07/08 17:40:06.940, 0, 100, 85264, 97887
2026/07/08 17:40:06.957, 1, 100, 87438, 97887
2026/07/08 17:40:06.972, 2, 100, 63162, 97887
2026/07/08 17:40:06.988, 3, 100, 63368, 97887
2026/07/08 17:40:07.004, 4, 0, 75532, 97887
2026/07/08 17:40:07.018, 5, 0, 75530, 97887
2026/07/08 17:40:07.033, 6, 0, 75546, 97887
2026/07/08 17:40:07.044, 7, 0, 75546, 97887
2026/07/08 17:40:08.057, 0, 100, 85264, 97887
2026/07/08 17:40:08.075, 1, 100, 87438, 97887
2026/07/08 17:40:08.094, 2, 100, 63162, 97887
2026/07/08 17:40:08.110, 3, 100, 63368, 97887
2026/07/08 17:40:08.128, 4, 0, 75532, 97887
2026/07/08 17:40:08.145, 5, 0, 75530, 97887
2026/07/08 17:40:08.163, 6, 0, 75546, 97887
2026/07/08 17:40:08.181, 7, 0, 75546, 97887
2026/07/08 17:40:09.197, 0, 63, 94026, 97887
2026/07/08 17:40:09.214, 1, 84, 62534, 97887
2026/07/08 17:40:09.233, 2, 100, 63162, 97887
2026/07/08 17:40:09.248, 3, 100, 63368, 97887
2026/07/08 17:40:09.260, 4, 0, 75532, 97887
2026/07/08 17:40:09.273, 5, 0, 75530, 97887
2026/07/08 17:40:09.284, 6, 0, 75546, 97887
2026/07/08 17:40:09.296, 7, 0, 75546, 97887
2026/07/08 17:40:10.309, 0, 100, 94026, 97887
2026/07/08 17:40:10.327, 1, 100, 62536, 97887
2026/07/08 17:40:10.342, 2, 100, 63162, 97887
2026/07/08 17:40:10.355, 3, 100, 63368, 97887
2026/07/08 17:40:10.369, 4, 0, 75532, 97887
2026/07/08 17:40:10.384, 5, 0, 75530, 97887
2026/07/08 17:40:10.399, 6, 0, 75546, 97887
2026/07/08 17:40:10.415, 7, 0, 75546, 97887
2026/07/08 17:40:11.427, 0, 69, 94026, 97887
2026/07/08 17:40:11.442, 1, 100, 62536, 97887
2026/07/08 17:40:11.454, 2, 100, 63162, 97887
2026/07/08 17:40:11.467, 3, 84, 63368, 97887
2026/07/08 17:40:11.484, 4, 0, 75532, 97887
2026/07/08 17:40:11.495, 5, 0, 75530, 97887
2026/07/08 17:40:11.507, 6, 0, 75546, 97887
2026/07/08 17:40:11.518, 7, 0, 75546, 97887
2026/07/08 17:40:12.533, 0, 100, 94026, 97887
2026/07/08 17:40:12.546, 1, 100, 62536, 97887
2026/07/08 17:40:12.555, 2, 100, 63162, 97887
2026/07/08 17:40:12.567, 3, 100, 63368, 97887
2026/07/08 17:40:12.577, 4, 0, 75532, 97887
2026/07/08 17:40:12.586, 5, 0, 75530, 97887
2026/07/08 17:40:12.598, 6, 0, 75546, 97887
2026/07/08 17:40:12.610, 7, 0, 75546, 97887
2026/07/08 17:40:13.627, 0, 100, 94026, 97887
2026/07/08 17:40:13.644, 1, 100, 62536, 97887
2026/07/08 17:40:13.660, 2, 100, 63162, 97887
2026/07/08 17:40:13.675, 3, 100, 63368, 97887
2026/07/08 17:40:13.693, 4, 0, 75532, 97887
2026/07/08 17:40:13.709, 5, 0, 75530, 97887
2026/07/08 17:40:13.726, 6, 0, 75546, 97887
2026/07/08 17:40:13.738, 7, 0, 75546, 97887
2026/07/08 17:40:14.751, 0, 100, 94028, 97887
2026/07/08 17:40:14.765, 1, 95, 68998, 97887
2026/07/08 17:40:14.778, 2, 100, 63162, 97887
2026/07/08 17:40:14.790, 3, 100, 63368, 97887
2026/07/08 17:40:14.802, 4, 0, 75532, 97887
2026/07/08 17:40:14.815, 5, 0, 75530, 97887
2026/07/08 17:40:14.826, 6, 0, 75546, 97887
2026/07/08 17:40:14.841, 7, 0, 75546, 97887
2026/07/08 17:40:15.858, 0, 97, 94028, 97887
2026/07/08 17:40:15.876, 1, 98, 68998, 97887
2026/07/08 17:40:15.894, 2, 98, 63162, 97887
2026/07/08 17:40:15.911, 3, 98, 63368, 97887
2026/07/08 17:40:15.926, 4, 0, 75532, 97887
2026/07/08 17:40:15.942, 5, 0, 75530, 97887
2026/07/08 17:40:15.957, 6, 0, 75546, 97887
2026/07/08 17:40:15.972, 7, 0, 75546, 97887
2026/07/08 17:40:16.992, 0, 98, 94028, 97887
2026/07/08 17:40:17.007, 1, 97, 68998, 97887
2026/07/08 17:40:17.024, 2, 98, 63162, 97887
2026/07/08 17:40:17.039, 3, 98, 63368, 97887
2026/07/08 17:40:17.054, 4, 0, 75532, 97887
2026/07/08 17:40:17.068, 5, 0, 75530, 97887
2026/07/08 17:40:17.079, 6, 0, 75546, 97887
2026/07/08 17:40:17.097, 7, 0, 75546, 97887
2026/07/08 17:40:18.113, 0, 98, 94028, 97887
2026/07/08 17:40:18.127, 1, 97, 68998, 97887
2026/07/08 17:40:18.144, 2, 98, 63162, 97887
2026/07/08 17:40:18.159, 3, 97, 63368, 97887
2026/07/08 17:40:18.174, 4, 0, 75532, 97887
2026/07/08 17:40:18.188, 5, 0, 75530, 97887
2026/07/08 17:40:18.205, 6, 0, 75546, 97887
2026/07/08 17:40:18.221, 7, 0, 75546, 97887
2026/07/08 17:40:19.235, 0, 97, 94028, 97887
2026/07/08 17:40:19.255, 1, 97, 68998, 97887
2026/07/08 17:40:19.271, 2, 98, 63162, 97887
2026/07/08 17:40:19.289, 3, 98, 63368, 97887
2026/07/08 17:40:19.304, 4, 0, 75532, 97887
2026/07/08 17:40:19.321, 5, 0, 75530, 97887
2026/07/08 17:40:19.338, 6, 0, 75546, 97887
2026/07/08 17:40:19.356, 7, 0, 75546, 97887
2026/07/08 17:40:20.375, 0, 98, 94028, 97887
2026/07/08 17:40:20.390, 1, 98, 68998, 97887
2026/07/08 17:40:20.408, 2, 98, 63162, 97887
2026/07/08 17:40:20.425, 3, 97, 63368, 97887
2026/07/08 17:40:20.439, 4, 0, 75532, 97887
2026/07/08 17:40:20.454, 5, 0, 75530, 97887
2026/07/08 17:40:20.470, 6, 0, 75546, 97887
2026/07/08 17:40:20.487, 7, 0, 75546, 97887
2026/07/08 17:40:21.503, 0, 98, 94028, 97887
2026/07/08 17:40:21.520, 1, 98, 68998, 97887
2026/07/08 17:40:21.535, 2, 98, 63162, 97887
2026/07/08 17:40:21.552, 3, 96, 63368, 97887
2026/07/08 17:40:21.569, 4, 0, 75532, 97887
2026/07/08 17:40:21.581, 5, 0, 75530, 97887
2026/07/08 17:40:21.594, 6, 0, 75546, 97887
2026/07/08 17:40:21.610, 7, 0, 75546, 97887
2026/07/08 17:40:22.626, 0, 97, 94028, 97887
2026/07/08 17:40:22.644, 1, 98, 68998, 97887
2026/07/08 17:40:22.660, 2, 98, 63162, 97887
2026/07/08 17:40:22.674, 3, 99, 63368, 97887
2026/07/08 17:40:22.690, 4, 0, 75532, 97887
2026/07/08 17:40:22.705, 5, 0, 75530, 97887
2026/07/08 17:40:22.720, 6, 0, 75546, 97887
2026/07/08 17:40:22.738, 7, 0, 75546, 97887
2026/07/08 17:40:23.753, 0, 97, 94028, 97887
2026/07/08 17:40:23.767, 1, 98, 68998, 97887
2026/07/08 17:40:23.777, 2, 99, 63162, 97887
2026/07/08 17:40:23.788, 3, 98, 63368, 97887
2026/07/08 17:40:23.802, 4, 0, 75532, 97887
2026/07/08 17:40:23.816, 5, 0, 75530, 97887
2026/07/08 17:40:23.826, 6, 0, 75546, 97887
2026/07/08 17:40:23.836, 7, 0, 75546, 97887
2026/07/08 17:40:24.854, 0, 98, 94028, 97887
2026/07/08 17:40:24.868, 1, 96, 68998, 97887
2026/07/08 17:40:24.885, 2, 99, 63162, 97887
2026/07/08 17:40:24.901, 3, 97, 63368, 97887
2026/07/08 17:40:24.912, 4, 0, 75532, 97887
2026/07/08 17:40:24.925, 5, 0, 75530, 97887
2026/07/08 17:40:24.942, 6, 0, 75546, 97887
2026/07/08 17:40:24.955, 7, 0, 75546, 97887
2026/07/08 17:40:25.969, 0, 98, 94028, 97887
2026/07/08 17:40:25.986, 1, 98, 68998, 97887
2026/07/08 17:40:26.002, 2, 98, 63162, 97887
2026/07/08 17:40:26.019, 3, 96, 63368, 97887
2026/07/08 17:40:26.034, 4, 0, 75532, 97887
2026/07/08 17:40:26.051, 5, 0, 75530, 97887
2026/07/08 17:40:26.070, 6, 0, 75546, 97887
2026/07/08 17:40:26.084, 7, 0, 75546, 97887
2026/07/08 17:40:27.097, 0, 61, 94028, 97887
2026/07/08 17:40:27.112, 1, 98, 68998, 97887
2026/07/08 17:40:27.128, 2, 58, 63162, 97887
2026/07/08 17:40:27.145, 3, 96, 63368, 97887
2026/07/08 17:40:27.161, 4, 0, 75532, 97887
2026/07/08 17:40:27.177, 5, 0, 75530, 97887
2026/07/08 17:40:27.190, 6, 0, 75546, 97887
2026/07/08 17:40:27.205, 7, 0, 75546, 97887
2026/07/08 17:40:28.219, 0, 97, 94028, 97887
2026/07/08 17:40:28.236, 1, 97, 68998, 97887
2026/07/08 17:40:28.252, 2, 99, 63162, 97887
2026/07/08 17:40:28.269, 3, 99, 63368, 97887
2026/07/08 17:40:28.285, 4, 0, 75532, 97887
2026/07/08 17:40:28.300, 5, 0, 75530, 97887
2026/07/08 17:40:28.317, 6, 0, 75546, 97887
2026/07/08 17:40:28.335, 7, 0, 75546, 97887
2026/07/08 17:40:29.352, 0, 97, 94028, 97887
2026/07/08 17:40:29.367, 1, 99, 68998, 97887
2026/07/08 17:40:29.384, 2, 99, 63162, 97887
2026/07/08 17:40:29.398, 3, 98, 63368, 97887
2026/07/08 17:40:29.415, 4, 0, 75532, 97887
2026/07/08 17:40:29.429, 5, 0, 75530, 97887
2026/07/08 17:40:29.444, 6, 0, 75546, 97887
2026/07/08 17:40:29.460, 7, 0, 75546, 97887
2026/07/08 17:40:30.477, 0, 98, 94028, 97887
2026/07/08 17:40:30.494, 1, 98, 68998, 97887
2026/07/08 17:40:30.509, 2, 99, 63162, 97887
2026/07/08 17:40:30.522, 3, 97, 63368, 97887
2026/07/08 17:40:30.536, 4, 0, 75532, 97887
2026/07/08 17:40:30.547, 5, 0, 75530, 97887
2026/07/08 17:40:30.563, 6, 0, 75546, 97887
2026/07/08 17:40:30.579, 7, 0, 75546, 97887
2026/07/08 17:40:31.595, 0, 99, 94028, 97887
2026/07/08 17:40:31.613, 1, 98, 68998, 97887
2026/07/08 17:40:31.627, 2, 98, 63162, 97887
2026/07/08 17:40:31.639, 3, 97, 63368, 97887
2026/07/08 17:40:31.653, 4, 0, 75532, 97887
2026/07/08 17:40:31.665, 5, 0, 75530, 97887
2026/07/08 17:40:31.682, 6, 0, 75546, 97887
2026/07/08 17:40:31.697, 7, 0, 75546, 97887
2026/07/08 17:40:32.716, 0, 98, 94028, 97887
2026/07/08 17:40:32.731, 1, 99, 68998, 97887
2026/07/08 17:40:32.750, 2, 98, 63162, 97887
2026/07/08 17:40:32.769, 3, 97, 63368, 97887
2026/07/08 17:40:32.788, 4, 0, 75532, 97887
2026/07/08 17:40:32.803, 5, 0, 75530, 97887
2026/07/08 17:40:32.820, 6, 0, 75546, 97887
2026/07/08 17:40:32.837, 7, 0, 75546, 97887
2026/07/08 17:40:33.855, 0, 99, 94028, 97887
2026/07/08 17:40:33.871, 1, 98, 68998, 97887
2026/07/08 17:40:33.888, 2, 98, 63162, 97887
2026/07/08 17:40:33.903, 3, 99, 63368, 97887
2026/07/08 17:40:33.919, 4, 0, 75532, 97887
2026/07/08 17:40:33.935, 5, 0, 75530, 97887
2026/07/08 17:40:33.951, 6, 0, 75546, 97887
2026/07/08 17:40:33.968, 7, 0, 75546, 97887
2026/07/08 17:40:34.987, 0, 98, 94028, 97887
2026/07/08 17:40:35.006, 1, 99, 68998, 97887
2026/07/08 17:40:35.024, 2, 98, 63162, 97887
2026/07/08 17:40:35.042, 3, 99, 63368, 97887
2026/07/08 17:40:35.059, 4, 0, 75532, 97887
2026/07/08 17:40:35.076, 5, 0, 75530, 97887
2026/07/08 17:40:35.092, 6, 0, 75546, 97887
2026/07/08 17:40:35.109, 7, 0, 75546, 97887
2026/07/08 17:40:36.127, 0, 90, 94028, 97887
2026/07/08 17:40:36.146, 1, 74, 68998, 97887
2026/07/08 17:40:36.164, 2, 20, 63162, 97887
2026/07/08 17:40:36.181, 3, 96, 63368, 97887
2026/07/08 17:40:36.200, 4, 0, 75532, 97887
2026/07/08 17:40:36.219, 5, 0, 75530, 97887
2026/07/08 17:40:36.234, 6, 0, 75546, 97887
2026/07/08 17:40:36.251, 7, 0, 75546, 97887
2026/07/08 17:40:37.265, 0, 98, 94028, 97887
2026/07/08 17:40:37.284, 1, 99, 68998, 97887
2026/07/08 17:40:37.302, 2, 97, 63162, 97887
2026/07/08 17:40:37.319, 3, 97, 63368, 97887
2026/07/08 17:40:37.336, 4, 0, 75532, 97887
2026/07/08 17:40:37.353, 5, 0, 75530, 97887
2026/07/08 17:40:37.370, 6, 0, 75546, 97887
2026/07/08 17:40:37.386, 7, 0, 75546, 97887
2026/07/08 17:40:38.404, 0, 98, 94028, 97887
2026/07/08 17:40:38.423, 1, 98, 68998, 97887
2026/07/08 17:40:38.437, 2, 97, 63162, 97887
2026/07/08 17:40:38.454, 3, 97, 63368, 97887
2026/07/08 17:40:38.470, 4, 0, 75532, 97887
2026/07/08 17:40:38.481, 5, 0, 75530, 97887
2026/07/08 17:40:38.495, 6, 0, 75546, 97887
2026/07/08 17:40:38.510, 7, 0, 75546, 97887
2026/07/08 17:40:39.523, 0, 97, 94028, 97887
2026/07/08 17:40:39.542, 1, 98, 68998, 97887
2026/07/08 17:40:39.560, 2, 98, 63162, 97887
2026/07/08 17:40:39.578, 3, 98, 63368, 97887
2026/07/08 17:40:39.596, 4, 0, 75532, 97887
2026/07/08 17:40:39.613, 5, 0, 75530, 97887
2026/07/08 17:40:39.631, 6, 0, 75546, 97887
2026/07/08 17:40:39.649, 7, 0, 75546, 97887
2026/07/08 17:40:40.666, 0, 97, 94028, 97887
2026/07/08 17:40:40.687, 1, 98, 68998, 97887
2026/07/08 17:40:40.703, 2, 98, 63162, 97887
2026/07/08 17:40:40.720, 3, 98, 63368, 97887
2026/07/08 17:40:40.736, 4, 0, 75532, 97887
2026/07/08 17:40:40.751, 5, 0, 75530, 97887
2026/07/08 17:40:40.767, 6, 0, 75546, 97887
2026/07/08 17:40:40.783, 7, 0, 75546, 97887
2026/07/08 17:40:41.801, 0, 99, 94028, 97887
2026/07/08 17:40:41.818, 1, 97, 68998, 97887
2026/07/08 17:40:41.834, 2, 99, 63162, 97887
2026/07/08 17:40:41.852, 3, 98, 63368, 97887
2026/07/08 17:40:41.869, 4, 0, 75532, 97887
2026/07/08 17:40:41.886, 5, 0, 75530, 97887
2026/07/08 17:40:41.902, 6, 0, 75546, 97887
2026/07/08 17:40:41.918, 7, 0, 75546, 97887
2026/07/08 17:40:42.937, 0, 97, 94028, 97887
2026/07/08 17:40:42.950, 1, 99, 69000, 97887
2026/07/08 17:40:42.965, 2, 99, 63162, 97887
2026/07/08 17:40:42.982, 3, 99, 63368, 97887
2026/07/08 17:40:42.997, 4, 0, 75532, 97887
2026/07/08 17:40:43.012, 5, 0, 75530, 97887
2026/07/08 17:40:43.028, 6, 0, 75546, 97887
2026/07/08 17:40:43.045, 7, 0, 75546, 97887
2026/07/08 17:40:44.063, 0, 99, 94028, 97887
2026/07/08 17:40:44.077, 1, 97, 69000, 97887
2026/07/08 17:40:44.092, 2, 98, 63162, 97887
2026/07/08 17:40:44.105, 3, 99, 63368, 97887
2026/07/08 17:40:44.116, 4, 0, 75532, 97887
2026/07/08 17:40:44.130, 5, 0, 75530, 97887
2026/07/08 17:40:44.143, 6, 0, 75546, 97887
2026/07/08 17:40:44.154, 7, 0, 75546, 97887
2026/07/08 17:40:45.170, 0, 96, 94028, 97887
2026/07/08 17:40:45.190, 1, 98, 69000, 97887
2026/07/08 17:40:45.206, 2, 98, 63162, 97887
2026/07/08 17:40:45.224, 3, 99, 63368, 97887
2026/07/08 17:40:45.242, 4, 0, 75532, 97887
2026/07/08 17:40:45.257, 5, 0, 75530, 97887
2026/07/08 17:40:45.275, 6, 0, 75546, 97887
2026/07/08 17:40:45.292, 7, 0, 75546, 97887
2026/07/08 17:40:46.311, 0, 98, 94028, 97887
2026/07/08 17:40:46.327, 1, 98, 69000, 97887
2026/07/08 17:40:46.342, 2, 95, 63162, 97887
2026/07/08 17:40:46.357, 3, 97, 63368, 97887
2026/07/08 17:40:46.377, 4, 0, 75532, 97887
2026/07/08 17:40:46.395, 5, 0, 75530, 97887
2026/07/08 17:40:46.411, 6, 0, 75546, 97887
2026/07/08 17:40:46.427, 7, 0, 75546, 97887
2026/07/08 17:40:47.444, 0, 99, 94028, 97887
2026/07/08 17:40:47.460, 1, 97, 69000, 97887
2026/07/08 17:40:47.473, 2, 98, 63162, 97887
2026/07/08 17:40:47.489, 3, 97, 63368, 97887
2026/07/08 17:40:47.506, 4, 0, 75532, 97887
2026/07/08 17:40:47.520, 5, 0, 75530, 97887
2026/07/08 17:40:47.535, 6, 0, 75546, 97887
2026/07/08 17:40:47.553, 7, 0, 75546, 97887
2026/07/08 17:40:48.568, 0, 98, 94028, 97887
2026/07/08 17:40:48.585, 1, 98, 69000, 97887
2026/07/08 17:40:48.603, 2, 97, 63162, 97887
2026/07/08 17:40:48.620, 3, 98, 63368, 97887
2026/07/08 17:40:48.636, 4, 0, 75532, 97887
2026/07/08 17:40:48.653, 5, 0, 75530, 97887
2026/07/08 17:40:48.669, 6, 0, 75546, 97887
2026/07/08 17:40:48.684, 7, 0, 75546, 97887
2026/07/08 17:40:49.702, 0, 98, 94028, 97887
2026/07/08 17:40:49.718, 1, 98, 69000, 97887
2026/07/08 17:40:49.736, 2, 98, 63162, 97887
2026/07/08 17:40:49.754, 3, 97, 63368, 97887
2026/07/08 17:40:49.772, 4, 0, 75532, 97887
2026/07/08 17:40:49.789, 5, 0, 75530, 97887
2026/07/08 17:40:49.806, 6, 0, 75546, 97887
2026/07/08 17:40:49.822, 7, 0, 75546, 97887
2026/07/08 17:40:50.838, 0, 97, 94028, 97887
2026/07/08 17:40:50.857, 1, 97, 69000, 97887
2026/07/08 17:40:50.876, 2, 98, 63164, 97887
2026/07/08 17:40:50.893, 3, 98, 63368, 97887
2026/07/08 17:40:50.908, 4, 0, 75532, 97887
2026/07/08 17:40:50.925, 5, 0, 75530, 97887
2026/07/08 17:40:50.941, 6, 0, 75546, 97887
2026/07/08 17:40:50.958, 7, 0, 75546, 97887
2026/07/08 17:40:51.974, 0, 98, 94028, 97887
2026/07/08 17:40:51.993, 1, 97, 69000, 97887
2026/07/08 17:40:52.010, 2, 98, 63164, 97887
2026/07/08 17:40:52.029, 3, 97, 63368, 97887
2026/07/08 17:40:52.046, 4, 0, 75532, 97887
2026/07/08 17:40:52.066, 5, 0, 75530, 97887
2026/07/08 17:40:52.083, 6, 0, 75546, 97887
2026/07/08 17:40:52.107, 7, 0, 75546, 97887
2026/07/08 17:40:53.130, 0, 62, 94028, 97887
2026/07/08 17:40:53.150, 1, 48, 69000, 97887
2026/07/08 17:40:53.167, 2, 0, 64356, 97887
2026/07/08 17:40:53.182, 3, 93, 64262, 97887
2026/07/08 17:40:53.199, 4, 0, 75532, 97887
2026/07/08 17:40:53.216, 5, 0, 75530, 97887
2026/07/08 17:40:53.233, 6, 0, 75546, 97887
2026/07/08 17:40:53.248, 7, 0, 75546, 97887
2026/07/08 17:40:54.264, 0, 97, 94036, 97887
2026/07/08 17:40:54.280, 1, 97, 69008, 97887
2026/07/08 17:40:54.298, 2, 97, 64364, 97887
2026/07/08 17:40:54.319, 3, 97, 64274, 97887
2026/07/08 17:40:54.337, 4, 0, 75532, 97887
2026/07/08 17:40:54.353, 5, 0, 75530, 97887
2026/07/08 17:40:54.370, 6, 0, 75546, 97887
2026/07/08 17:40:54.389, 7, 0, 75546, 97887
2026/07/08 17:40:55.409, 0, 0, 94036, 97887
2026/07/08 17:40:55.429, 1, 0, 69008, 97887
2026/07/08 17:40:55.447, 2, 0, 64364, 97887
2026/07/08 17:40:55.462, 3, 53, 64274, 97887
2026/07/08 17:40:55.481, 4, 0, 75532, 97887
2026/07/08 17:40:55.497, 5, 0, 75530, 97887
2026/07/08 17:40:55.512, 6, 0, 75546, 97887
2026/07/08 17:40:55.527, 7, 0, 75546, 97887
2026/07/08 17:40:56.546, 0, 97, 94038, 97887
2026/07/08 17:40:56.559, 1, 78, 69008, 97887
2026/07/08 17:40:56.575, 2, 0, 64366, 97887
2026/07/08 17:40:56.590, 3, 97, 64274, 97887
2026/07/08 17:40:56.607, 4, 0, 75532, 97887
2026/07/08 17:40:56.620, 5, 0, 75530, 97887
2026/07/08 17:40:56.635, 6, 0, 75546, 97887
2026/07/08 17:40:56.652, 7, 0, 75546, 97887
2026/07/08 17:40:57.672, 0, 99, 94038, 97887
2026/07/08 17:40:57.690, 1, 99, 69008, 97887
2026/07/08 17:40:57.707, 2, 97, 64366, 97887
2026/07/08 17:40:57.724, 3, 99, 64274, 97887
2026/07/08 17:40:57.741, 4, 0, 75532, 97887
2026/07/08 17:40:57.760, 5, 0, 75530, 97887
2026/07/08 17:40:57.777, 6, 0, 75546, 97887
2026/07/08 17:40:57.795, 7, 0, 75546, 97887
2026/07/08 17:40:58.811, 0, 99, 94038, 97887
2026/07/08 17:40:58.829, 1, 99, 69008, 97887
2026/07/08 17:40:58.848, 2, 100, 64366, 97887
2026/07/08 17:40:58.864, 3, 99, 64274, 97887
2026/07/08 17:40:58.879, 4, 0, 75532, 97887
2026/07/08 17:40:58.897, 5, 0, 75530, 97887
2026/07/08 17:40:58.919, 6, 0, 75546, 97887
2026/07/08 17:40:58.937, 7, 0, 75546, 97887
2026/07/08 17:40:59.953, 0, 99, 94038, 97887
2026/07/08 17:40:59.970, 1, 99, 69008, 97887
2026/07/08 17:40:59.985, 2, 99, 64366, 97887
2026/07/08 17:41:00.000, 3, 99, 64274, 97887
2026/07/08 17:41:00.016, 4, 0, 75532, 97887
2026/07/08 17:41:00.034, 5, 0, 75530, 97887
2026/07/08 17:41:00.049, 6, 0, 75546, 97887
2026/07/08 17:41:00.064, 7, 0, 75546, 97887
2026/07/08 17:41:01.080, 0, 99, 94038, 97887
2026/07/08 17:41:01.096, 1, 99, 69008, 97887
2026/07/08 17:41:01.111, 2, 99, 64366, 97887
2026/07/08 17:41:01.126, 3, 99, 64274, 97887
2026/07/08 17:41:01.146, 4, 0, 75532, 97887
2026/07/08 17:41:01.163, 5, 0, 75530, 97887
2026/07/08 17:41:01.177, 6, 0, 75546, 97887
2026/07/08 17:41:01.190, 7, 0, 75546, 97887
2026/07/08 17:41:02.204, 0, 42, 94038, 97887
2026/07/08 17:41:02.223, 1, 97, 69008, 97887
2026/07/08 17:41:02.241, 2, 99, 64366, 97887
2026/07/08 17:41:02.260, 3, 98, 64274, 97887
2026/07/08 17:41:02.277, 4, 0, 75532, 97887
2026/07/08 17:41:02.296, 5, 0, 75530, 97887
2026/07/08 17:41:02.316, 6, 0, 75546, 97887
2026/07/08 17:41:02.335, 7, 0, 75546, 97887
2026/07/08 17:41:03.355, 0, 98, 94038, 97887
2026/07/08 17:41:03.374, 1, 97, 69008, 97887
2026/07/08 17:41:03.392, 2, 98, 64366, 97887
2026/07/08 17:41:03.411, 3, 97, 64274, 97887
2026/07/08 17:41:03.430, 4, 0, 75532, 97887
2026/07/08 17:41:03.448, 5, 0, 75530, 97887
2026/07/08 17:41:03.467, 6, 0, 75546, 97887
2026/07/08 17:41:03.485, 7, 0, 75546, 97887
2026/07/08 17:41:04.503, 0, 83, 94038, 97887
2026/07/08 17:41:04.521, 1, 89, 69008, 97887
2026/07/08 17:41:04.538, 2, 81, 64366, 97887
2026/07/08 17:41:04.556, 3, 56, 64274, 97887
2026/07/08 17:41:04.576, 4, 0, 75532, 97887
2026/07/08 17:41:04.595, 5, 0, 75530, 97887
2026/07/08 17:41:04.613, 6, 0, 75546, 97887
2026/07/08 17:41:04.632, 7, 0, 75546, 97887
2026/07/08 17:41:05.651, 0, 99, 94038, 97887
2026/07/08 17:41:05.668, 1, 99, 69008, 97887
2026/07/08 17:41:05.687, 2, 99, 64366, 97887
2026/07/08 17:41:05.705, 3, 99, 64274, 97887
2026/07/08 17:41:05.725, 4, 0, 75532, 97887
2026/07/08 17:41:05.742, 5, 0, 75530, 97887
2026/07/08 17:41:05.759, 6, 0, 75546, 97887
2026/07/08 17:41:05.778, 7, 0, 75546, 97887
2026/07/08 17:41:06.798, 0, 99, 94038, 97887
2026/07/08 17:41:06.817, 1, 99, 69008, 97887
2026/07/08 17:41:06.835, 2, 99, 64366, 97887
2026/07/08 17:41:06.853, 3, 99, 64274, 97887
2026/07/08 17:41:06.869, 4, 0, 75532, 97887
2026/07/08 17:41:06.883, 5, 0, 75530, 97887
2026/07/08 17:41:06.900, 6, 0, 75546, 97887
2026/07/08 17:41:06.917, 7, 0, 75546, 97887
2026/07/08 17:41:07.935, 0, 99, 94038, 97887
2026/07/08 17:41:07.952, 1, 99, 69008, 97887
2026/07/08 17:41:07.970, 2, 99, 64366, 97887
2026/07/08 17:41:07.983, 3, 99, 64274, 97887
2026/07/08 17:41:07.999, 4, 0, 75532, 97887
2026/07/08 17:41:08.017, 5, 0, 75530, 97887
2026/07/08 17:41:08.035, 6, 0, 75546, 97887
2026/07/08 17:41:08.053, 7, 0, 75546, 97887
2026/07/08 17:41:09.071, 0, 99, 94038, 97887
2026/07/08 17:41:09.089, 1, 99, 69008, 97887
2026/07/08 17:41:09.106, 2, 99, 64366, 97887
2026/07/08 17:41:09.122, 3, 99, 64274, 97887
2026/07/08 17:41:09.138, 4, 0, 75532, 97887
2026/07/08 17:41:09.153, 5, 0, 75530, 97887
2026/07/08 17:41:09.169, 6, 0, 75546, 97887
2026/07/08 17:41:09.185, 7, 0, 75546, 97887
2026/07/08 17:41:10.202, 0, 98, 94038, 97887
2026/07/08 17:41:10.221, 1, 98, 69008, 97887
2026/07/08 17:41:10.237, 2, 98, 64366, 97887
2026/07/08 17:41:10.257, 3, 97, 64274, 97887
2026/07/08 17:41:10.276, 4, 0, 75532, 97887
2026/07/08 17:41:10.295, 5, 0, 75530, 97887
2026/07/08 17:41:10.312, 6, 0, 75546, 97887
2026/07/08 17:41:10.331, 7, 0, 75546, 97887
2026/07/08 17:41:11.347, 0, 97, 94038, 97887
2026/07/08 17:41:11.361, 1, 98, 69008, 97887
2026/07/08 17:41:11.375, 2, 98, 64366, 97887
2026/07/08 17:41:11.394, 3, 97, 64274, 97887
2026/07/08 17:41:11.411, 4, 0, 75532, 97887
2026/07/08 17:41:11.429, 5, 0, 75530, 97887
2026/07/08 17:41:11.447, 6, 0, 75546, 97887
2026/07/08 17:41:11.464, 7, 0, 75546, 97887
2026/07/08 17:41:12.479, 0, 99, 94038, 97887
2026/07/08 17:41:12.498, 1, 99, 69008, 97887
2026/07/08 17:41:12.515, 2, 99, 66406, 97887
2026/07/08 17:41:12.528, 3, 99, 66606, 97887
2026/07/08 17:41:12.538, 4, 0, 75532, 97887
2026/07/08 17:41:12.551, 5, 0, 75530, 97887
2026/07/08 17:41:12.564, 6, 0, 75546, 97887
2026/07/08 17:41:12.571, 7, 0, 75546, 97887
2026/07/08 17:41:13.583, 0, 99, 94038, 97887
2026/07/08 17:41:13.612, 1, 99, 69008, 97887
2026/07/08 17:41:13.631, 2, 99, 66406, 97887
2026/07/08 17:41:13.653, 3, 99, 66606, 97887
2026/07/08 17:41:13.677, 4, 0, 75532, 97887
2026/07/08 17:41:13.701, 5, 0, 75530, 97887
2026/07/08 17:41:13.720, 6, 0, 75546, 97887
2026/07/08 17:41:13.741, 7, 0, 75546, 97887
2026/07/08 17:41:14.763, 0, 99, 94038, 97887
2026/07/08 17:41:14.781, 1, 99, 69008, 97887
2026/07/08 17:41:14.798, 2, 99, 66406, 97887
2026/07/08 17:41:14.814, 3, 99, 66606, 97887
2026/07/08 17:41:14.830, 4, 0, 75532, 97887
2026/07/08 17:41:14.848, 5, 0, 75530, 97887
2026/07/08 17:41:14.868, 6, 0, 75546, 97887
2026/07/08 17:41:14.886, 7, 0, 75546, 97887
2026/07/08 17:41:15.903, 0, 99, 94038, 97887
2026/07/08 17:41:15.919, 1, 99, 69008, 97887
2026/07/08 17:41:15.937, 2, 99, 66406, 97887
2026/07/08 17:41:15.955, 3, 99, 66606, 97887
2026/07/08 17:41:15.975, 4, 0, 75532, 97887
2026/07/08 17:41:15.993, 5, 0, 75530, 97887
2026/07/08 17:41:16.007, 6, 0, 75546, 97887
2026/07/08 17:41:16.023, 7, 0, 75546, 97887
2026/07/08 17:41:17.037, 0, 99, 94038, 97887
2026/07/08 17:41:17.057, 1, 99, 69008, 97887
2026/07/08 17:41:17.076, 2, 100, 66406, 97887
2026/07/08 17:41:17.095, 3, 99, 66606, 97887
2026/07/08 17:41:17.112, 4, 0, 75532, 97887
2026/07/08 17:41:17.131, 5, 0, 75530, 97887
2026/07/08 17:41:17.148, 6, 0, 75546, 97887
2026/07/08 17:41:17.168, 7, 0, 75546, 97887
2026/07/08 17:41:18.183, 0, 98, 94038, 97887
2026/07/08 17:41:18.200, 1, 97, 69008, 97887
2026/07/08 17:41:18.218, 2, 99, 66406, 97887
2026/07/08 17:41:18.236, 3, 98, 66606, 97887
2026/07/08 17:41:18.254, 4, 0, 75532, 97887
2026/07/08 17:41:18.272, 5, 0, 75530, 97887
2026/07/08 17:41:18.289, 6, 0, 75546, 97887
2026/07/08 17:41:18.307, 7, 0, 75546, 97887
2026/07/08 17:41:19.324, 0, 95, 94038, 97887
2026/07/08 17:41:19.339, 1, 93, 69008, 97887
2026/07/08 17:41:19.356, 2, 95, 66406, 97887
2026/07/08 17:41:19.372, 3, 95, 66606, 97887
2026/07/08 17:41:19.386, 4, 0, 75532, 97887
2026/07/08 17:41:19.399, 5, 0, 75530, 97887
2026/07/08 17:41:19.411, 6, 0, 75546, 97887
2026/07/08 17:41:19.424, 7, 0, 75546, 97887
2026/07/08 17:41:20.435, 0, 57, 94038, 97887
2026/07/08 17:41:20.456, 1, 90, 69008, 97887
2026/07/08 17:41:20.474, 2, 90, 68494, 97887
2026/07/08 17:41:20.493, 3, 100, 68990, 97887
2026/07/08 17:41:20.513, 4, 0, 75532, 97887
2026/07/08 17:41:20.532, 5, 0, 75530, 97887
2026/07/08 17:41:20.551, 6, 0, 75546, 97887
2026/07/08 17:41:20.566, 7, 0, 75546, 97887
2026/07/08 17:41:21.584, 0, 99, 94038, 97887
2026/07/08 17:41:21.599, 1, 98, 69008, 97887
2026/07/08 17:41:21.616, 2, 99, 68494, 97887
2026/07/08 17:41:21.636, 3, 100, 68990, 97887
2026/07/08 17:41:21.655, 4, 0, 75532, 97887
2026/07/08 17:41:21.676, 5, 0, 75530, 97887
2026/07/08 17:41:21.694, 6, 0, 75546, 97887
2026/07/08 17:41:21.710, 7, 0, 75546, 97887
2026/07/08 17:41:22.726, 0, 99, 94038, 97887
2026/07/08 17:41:22.742, 1, 98, 69008, 97887
2026/07/08 17:41:22.759, 2, 99, 68494, 97887
2026/07/08 17:41:22.777, 3, 99, 68990, 97887
2026/07/08 17:41:22.795, 4, 0, 75532, 97887
2026/07/08 17:41:22.813, 5, 0, 75530, 97887
2026/07/08 17:41:22.829, 6, 0, 75546, 97887
2026/07/08 17:41:22.848, 7, 0, 75546, 97887
2026/07/08 17:41:23.867, 0, 99, 94038, 97887
2026/07/08 17:41:23.884, 1, 99, 69008, 97887
2026/07/08 17:41:23.900, 2, 99, 68494, 97887
2026/07/08 17:41:23.916, 3, 99, 68990, 97887
2026/07/08 17:41:23.934, 4, 0, 75532, 97887
2026/07/08 17:41:23.951, 5, 0, 75530, 97887
2026/07/08 17:41:23.972, 6, 0, 75546, 97887
2026/07/08 17:41:23.992, 7, 0, 75546, 97887
2026/07/08 17:41:25.009, 0, 99, 94038, 97887
2026/07/08 17:41:25.026, 1, 99, 69008, 97887
2026/07/08 17:41:25.041, 2, 99, 68494, 97887
2026/07/08 17:41:25.055, 3, 99, 68990, 97887
2026/07/08 17:41:25.067, 4, 0, 75532, 97887
2026/07/08 17:41:25.081, 5, 0, 75530, 97887
2026/07/08 17:41:25.097, 6, 0, 75546, 97887
2026/07/08 17:41:25.113, 7, 0, 75546, 97887
2026/07/08 17:41:26.130, 0, 99, 94038, 97887
2026/07/08 17:41:26.148, 1, 100, 69008, 97887
2026/07/08 17:41:26.166, 2, 100, 68494, 97887
2026/07/08 17:41:26.184, 3, 100, 68990, 97887
2026/07/08 17:41:26.202, 4, 0, 75532, 97887
2026/07/08 17:41:26.220, 5, 0, 75530, 97887
2026/07/08 17:41:26.235, 6, 0, 75546, 97887
2026/07/08 17:41:26.252, 7, 0, 75546, 97887
2026/07/08 17:41:27.268, 0, 97, 94038, 97887
2026/07/08 17:41:27.285, 1, 96, 69008, 97887
2026/07/08 17:41:27.301, 2, 97, 68494, 97887
2026/07/08 17:41:27.317, 3, 98, 68990, 97887
2026/07/08 17:41:27.330, 4, 0, 75532, 97887
2026/07/08 17:41:27.347, 5, 0, 75530, 97887
2026/07/08 17:41:27.363, 6, 0, 75546, 97887
2026/07/08 17:41:27.377, 7, 0, 75546, 97887
2026/07/08 17:41:28.391, 0, 98, 94038, 97887
2026/07/08 17:41:28.406, 1, 97, 69008, 97887
2026/07/08 17:41:28.421, 2, 98, 68494, 97887
2026/07/08 17:41:28.437, 3, 97, 68990, 97887
2026/07/08 17:41:28.453, 4, 0, 75532, 97887
2026/07/08 17:41:28.466, 5, 0, 75530, 97887
2026/07/08 17:41:28.480, 6, 0, 75546, 97887
2026/07/08 17:41:28.494, 7, 0, 75546, 97887
2026/07/08 17:41:29.511, 0, 99, 94040, 97887
2026/07/08 17:41:29.530, 1, 99, 69008, 97887
2026/07/08 17:41:29.546, 2, 99, 68494, 97887
2026/07/08 17:41:29.566, 3, 99, 68990, 97887
2026/07/08 17:41:29.583, 4, 0, 75532, 97887
2026/07/08 17:41:29.601, 5, 0, 75530, 97887
2026/07/08 17:41:29.623, 6, 0, 75546, 97887
2026/07/08 17:41:29.643, 7, 0, 75546, 97887
2026/07/08 17:41:30.662, 0, 99, 94040, 97887
2026/07/08 17:41:30.677, 1, 99, 69008, 97887
2026/07/08 17:41:30.690, 2, 99, 68494, 97887
2026/07/08 17:41:30.704, 3, 99, 68990, 97887
2026/07/08 17:41:30.717, 4, 0, 75532, 97887
2026/07/08 17:41:30.733, 5, 0, 75530, 97887
2026/07/08 17:41:30.747, 6, 0, 75546, 97887
2026/07/08 17:41:30.761, 7, 0, 75546, 97887
2026/07/08 17:41:31.778, 0, 99, 94040, 97887
2026/07/08 17:41:31.795, 1, 99, 69008, 97887
2026/07/08 17:41:31.809, 2, 99, 68494, 97887
2026/07/08 17:41:31.824, 3, 98, 68990, 97887
2026/07/08 17:41:31.842, 4, 0, 75532, 97887
2026/07/08 17:41:31.864, 5, 0, 75530, 97887
2026/07/08 17:41:31.883, 6, 0, 75546, 97887
2026/07/08 17:41:31.899, 7, 0, 75546, 97887
2026/07/08 17:41:32.917, 0, 99, 94040, 97887
2026/07/08 17:41:32.936, 1, 99, 69008, 97887
2026/07/08 17:41:32.955, 2, 99, 68494, 97887
2026/07/08 17:41:32.973, 3, 98, 68990, 97887
2026/07/08 17:41:32.990, 4, 0, 75532, 97887
2026/07/08 17:41:33.007, 5, 0, 75530, 97887
2026/07/08 17:41:33.026, 6, 0, 75546, 97887
2026/07/08 17:41:33.052, 7, 0, 75546, 97887
2026/07/08 17:41:34.063, 0, 97, 94040, 97887
2026/07/08 17:41:34.075, 1, 97, 69008, 97887
2026/07/08 17:41:34.091, 2, 98, 68494, 97887
2026/07/08 17:41:34.107, 3, 99, 68990, 97887
2026/07/08 17:41:34.120, 4, 0, 75532, 97887
2026/07/08 17:41:34.136, 5, 0, 75530, 97887
2026/07/08 17:41:34.150, 6, 0, 75546, 97887
2026/07/08 17:41:34.166, 7, 0, 75546, 97887
2026/07/08 17:41:35.179, 0, 97, 94040, 97887
2026/07/08 17:41:35.197, 1, 93, 69008, 97887
2026/07/08 17:41:35.219, 2, 98, 68494, 97887
2026/07/08 17:41:35.242, 3, 99, 68990, 97887
2026/07/08 17:41:35.261, 4, 0, 75532, 97887
2026/07/08 17:41:35.286, 5, 0, 75530, 97887
2026/07/08 17:41:35.307, 6, 0, 75546, 97887
2026/07/08 17:41:35.329, 7, 0, 75546, 97887
2026/07/08 17:41:36.350, 0, 97, 94040, 97887
2026/07/08 17:41:36.365, 1, 99, 69008, 97887
2026/07/08 17:41:36.379, 2, 98, 68494, 97887
2026/07/08 17:41:36.393, 3, 98, 68990, 97887
2026/07/08 17:41:36.407, 4, 0, 75532, 97887
2026/07/08 17:41:36.421, 5, 0, 75530, 97887
2026/07/08 17:41:36.433, 6, 0, 75546, 97887
2026/07/08 17:41:36.448, 7, 0, 75546, 97887
2026/07/08 17:41:37.461, 0, 99, 94040, 97887
2026/07/08 17:41:37.480, 1, 99, 69594, 97887
2026/07/08 17:41:37.499, 2, 99, 68784, 97887
2026/07/08 17:41:37.519, 3, 99, 68990, 97887
2026/07/08 17:41:37.531, 4, 0, 75532, 97887
2026/07/08 17:41:37.542, 5, 0, 75530, 97887
2026/07/08 17:41:37.575, 6, 0, 75546, 97887
2026/07/08 17:41:37.590, 7, 0, 75546, 97887
2026/07/08 17:41:38.607, 0, 100, 94040, 97887
2026/07/08 17:41:38.623, 1, 98, 69594, 97887
2026/07/08 17:41:38.639, 2, 99, 68784, 97887
2026/07/08 17:41:38.655, 3, 99, 68990, 97887
2026/07/08 17:41:38.669, 4, 0, 75532, 97887
2026/07/08 17:41:38.683, 5, 0, 75530, 97887
2026/07/08 17:41:38.699, 6, 0, 75546, 97887
2026/07/08 17:41:38.714, 7, 0, 75546, 97887
2026/07/08 17:41:39.731, 0, 100, 94040, 97887
2026/07/08 17:41:39.749, 1, 98, 69594, 97887
2026/07/08 17:41:39.765, 2, 99, 68784, 97887
2026/07/08 17:41:39.783, 3, 99, 68990, 97887
2026/07/08 17:41:39.800, 4, 0, 75532, 97887
2026/07/08 17:41:39.818, 5, 0, 75530, 97887
2026/07/08 17:41:39.834, 6, 0, 75546, 97887
2026/07/08 17:41:39.854, 7, 0, 75546, 97887
2026/07/08 17:41:40.872, 0, 100, 94040, 97887
2026/07/08 17:41:40.887, 1, 98, 69594, 97887
2026/07/08 17:41:40.901, 2, 98, 68784, 97887
2026/07/08 17:41:40.915, 3, 99, 68990, 97887
2026/07/08 17:41:40.929, 4, 0, 75532, 97887
2026/07/08 17:41:40.942, 5, 0, 75530, 97887
2026/07/08 17:41:40.956, 6, 0, 75546, 97887
2026/07/08 17:41:40.969, 7, 0, 75546, 97887
2026/07/08 17:41:41.983, 0, 99, 94040, 97887
2026/07/08 17:41:42.000, 1, 98, 69594, 97887
2026/07/08 17:41:42.017, 2, 99, 68784, 97887
2026/07/08 17:41:42.032, 3, 99, 68990, 97887
2026/07/08 17:41:42.048, 4, 0, 75532, 97887
2026/07/08 17:41:42.064, 5, 0, 75530, 97887
2026/07/08 17:41:42.082, 6, 0, 75546, 97887
2026/07/08 17:41:42.097, 7, 0, 75546, 97887
2026/07/08 17:41:43.113, 0, 99, 94040, 97887
2026/07/08 17:41:43.126, 1, 100, 69594, 97887
2026/07/08 17:41:43.136, 2, 100, 68784, 97887
2026/07/08 17:41:43.149, 3, 100, 68990, 97887
2026/07/08 17:41:43.159, 4, 0, 75532, 97887
2026/07/08 17:41:43.170, 5, 0, 75530, 97887
2026/07/08 17:41:43.181, 6, 0, 75546, 97887
2026/07/08 17:41:43.192, 7, 0, 75546, 97887
2026/07/08 17:41:44.203, 0, 98, 94040, 97887
2026/07/08 17:41:44.215, 1, 98, 69594, 97887
2026/07/08 17:41:44.229, 2, 99, 68784, 97887
2026/07/08 17:41:44.242, 3, 99, 68990, 97887
2026/07/08 17:41:44.253, 4, 0, 75532, 97887
2026/07/08 17:41:44.263, 5, 0, 75530, 97887
2026/07/08 17:41:44.272, 6, 0, 75546, 97887
2026/07/08 17:41:44.280, 7, 0, 75546, 97887
2026/07/08 17:41:45.290, 0, 99, 94040, 97887
2026/07/08 17:41:45.303, 1, 98, 69594, 97887
2026/07/08 17:41:45.318, 2, 99, 68784, 97887
2026/07/08 17:41:45.332, 3, 97, 68990, 97887
2026/07/08 17:41:45.349, 4, 0, 75532, 97887
2026/07/08 17:41:45.366, 5, 0, 75530, 97887
2026/07/08 17:41:45.383, 6, 0, 75546, 97887
2026/07/08 17:41:45.400, 7, 0, 75546, 97887
2026/07/08 17:41:46.418, 0, 81, 94040, 97887
2026/07/08 17:41:46.436, 1, 98, 69892, 97887
2026/07/08 17:41:46.454, 2, 55, 71742, 97887
2026/07/08 17:41:46.471, 3, 70, 71652, 97887
2026/07/08 17:41:46.492, 4, 0, 75532, 97887
2026/07/08 17:41:46.508, 5, 0, 75530, 97887
2026/07/08 17:41:46.523, 6, 0, 75546, 97887
2026/07/08 17:41:46.539, 7, 0, 75546, 97887
2026/07/08 17:41:47.558, 0, 99, 94040, 97887
2026/07/08 17:41:47.577, 1, 99, 69892, 97887
2026/07/08 17:41:47.594, 2, 99, 71742, 97887
2026/07/08 17:41:47.610, 3, 98, 71652, 97887
2026/07/08 17:41:47.625, 4, 0, 75532, 97887
2026/07/08 17:41:47.637, 5, 0, 75530, 97887
2026/07/08 17:41:47.650, 6, 0, 75546, 97887
2026/07/08 17:41:47.661, 7, 0, 75546, 97887
2026/07/08 17:41:48.678, 0, 99, 94040, 97887
2026/07/08 17:41:48.695, 1, 99, 69892, 97887
2026/07/08 17:41:48.711, 2, 99, 71742, 97887
2026/07/08 17:41:48.727, 3, 98, 71652, 97887
2026/07/08 17:41:48.743, 4, 0, 75532, 97887
2026/07/08 17:41:48.761, 5, 0, 75530, 97887
2026/07/08 17:41:48.777, 6, 0, 75546, 97887
2026/07/08 17:41:48.790, 7, 0, 75546, 97887
2026/07/08 17:41:49.809, 0, 99, 94040, 97887
2026/07/08 17:41:49.828, 1, 100, 69892, 97887
2026/07/08 17:41:49.846, 2, 100, 71742, 97887
2026/07/08 17:41:49.864, 3, 99, 71652, 97887
2026/07/08 17:41:49.881, 4, 0, 75532, 97887
2026/07/08 17:41:49.898, 5, 0, 75530, 97887
2026/07/08 17:41:49.915, 6, 0, 75546, 97887
2026/07/08 17:41:49.932, 7, 0, 75546, 97887
2026/07/08 17:41:50.949, 0, 100, 94040, 97887
2026/07/08 17:41:50.964, 1, 99, 69892, 97887
2026/07/08 17:41:50.979, 2, 99, 71742, 97887
2026/07/08 17:41:50.993, 3, 100, 71652, 97887
2026/07/08 17:41:51.008, 4, 0, 75532, 97887
2026/07/08 17:41:51.023, 5, 0, 75530, 97887
2026/07/08 17:41:51.038, 6, 0, 75546, 97887
2026/07/08 17:41:51.052, 7, 0, 75546, 97887
2026/07/08 17:41:52.067, 0, 100, 94040, 97887
2026/07/08 17:41:52.083, 1, 99, 69892, 97887
2026/07/08 17:41:52.094, 2, 99, 71742, 97887
2026/07/08 17:41:52.103, 3, 98, 71652, 97887
2026/07/08 17:41:52.115, 4, 0, 75532, 97887
2026/07/08 17:41:52.127, 5, 0, 75530, 97887
2026/07/08 17:41:52.139, 6, 0, 75546, 97887
2026/07/08 17:41:52.151, 7, 0, 75546, 97887
2026/07/08 17:41:53.163, 0, 99, 94040, 97887
2026/07/08 17:41:53.181, 1, 99, 69892, 97887
2026/07/08 17:41:53.198, 2, 100, 71742, 97887
2026/07/08 17:41:53.215, 3, 99, 71652, 97887
2026/07/08 17:41:53.232, 4, 0, 75532, 97887
2026/07/08 17:41:53.251, 5, 0, 75530, 97887
2026/07/08 17:41:53.267, 6, 0, 75546, 97887
2026/07/08 17:41:53.285, 7, 0, 75546, 97887
2026/07/08 17:41:54.303, 0, 98, 94040, 97887
2026/07/08 17:41:54.320, 1, 99, 69892, 97887
2026/07/08 17:41:54.336, 2, 99, 71742, 97887
2026/07/08 17:41:54.352, 3, 98, 71652, 97887
2026/07/08 17:41:54.369, 4, 0, 75532, 97887
2026/07/08 17:41:54.387, 5, 0, 75530, 97887
2026/07/08 17:41:54.404, 6, 0, 75546, 97887
2026/07/08 17:41:54.422, 7, 0, 75546, 97887
2026/07/08 17:41:55.438, 0, 98, 94040, 97887
2026/07/08 17:41:55.456, 1, 99, 69892, 97887
2026/07/08 17:41:55.475, 2, 98, 71742, 97887
2026/07/08 17:41:55.496, 3, 97, 71652, 97887
2026/07/08 17:41:55.513, 4, 0, 75532, 97887
2026/07/08 17:41:55.528, 5, 0, 75530, 97887
2026/07/08 17:41:55.546, 6, 0, 75546, 97887
2026/07/08 17:41:55.564, 7, 0, 75546, 97887
2026/07/08 17:41:56.583, 0, 11, 94040, 97887
2026/07/08 17:41:56.602, 1, 98, 69892, 97887
2026/07/08 17:41:56.620, 2, 78, 73492, 97887
2026/07/08 17:41:56.637, 3, 22, 79820, 97887
2026/07/08 17:41:56.654, 4, 0, 75532, 97887
2026/07/08 17:41:56.672, 5, 0, 75530, 97887
2026/07/08 17:41:56.686, 6, 0, 75546, 97887
2026/07/08 17:41:56.702, 7, 0, 75546, 97887
2026/07/08 17:41:57.717, 0, 99, 94040, 97887
2026/07/08 17:41:57.739, 1, 99, 69892, 97887
2026/07/08 17:41:57.757, 2, 99, 73494, 97887
2026/07/08 17:41:57.775, 3, 98, 79822, 97887
2026/07/08 17:41:57.793, 4, 0, 75532, 97887
2026/07/08 17:41:57.810, 5, 0, 75530, 97887
2026/07/08 17:41:57.827, 6, 0, 75546, 97887
2026/07/08 17:41:57.843, 7, 0, 75546, 97887
2026/07/08 17:41:58.861, 0, 100, 94040, 97887
2026/07/08 17:41:58.879, 1, 99, 69892, 97887
2026/07/08 17:41:58.895, 2, 99, 73494, 97887
2026/07/08 17:41:58.910, 3, 98, 79822, 97887
2026/07/08 17:41:58.927, 4, 0, 75532, 97887
2026/07/08 17:41:58.942, 5, 0, 75530, 97887
2026/07/08 17:41:58.960, 6, 0, 75546, 97887
2026/07/08 17:41:58.977, 7, 0, 75546, 97887
2026/07/08 17:41:59.993, 0, 99, 94040, 97887
2026/07/08 17:42:00.009, 1, 99, 69892, 97887
2026/07/08 17:42:00.025, 2, 99, 73494, 97887
2026/07/08 17:42:00.040, 3, 100, 79822, 97887
2026/07/08 17:42:00.057, 4, 0, 75532, 97887
2026/07/08 17:42:00.074, 5, 0, 75530, 97887
2026/07/08 17:42:00.090, 6, 0, 75546, 97887
2026/07/08 17:42:00.106, 7, 0, 75546, 97887
2026/07/08 17:42:01.124, 0, 99, 94040, 97887
2026/07/08 17:42:01.140, 1, 100, 69892, 97887
2026/07/08 17:42:01.155, 2, 99, 73494, 97887
2026/07/08 17:42:01.169, 3, 99, 79822, 97887
2026/07/08 17:42:01.181, 4, 0, 75532, 97887
2026/07/08 17:42:01.195, 5, 0, 75530, 97887
2026/07/08 17:42:01.210, 6, 0, 75546, 97887
2026/07/08 17:42:01.227, 7, 0, 75546, 97887
2026/07/08 17:42:02.240, 0, 99, 94040, 97887
2026/07/08 17:42:02.259, 1, 100, 69892, 97887
2026/07/08 17:42:02.274, 2, 99, 73494, 97887
2026/07/08 17:42:02.288, 3, 98, 79822, 97887
2026/07/08 17:42:02.308, 4, 0, 75532, 97887
2026/07/08 17:42:02.328, 5, 0, 75530, 97887
2026/07/08 17:42:02.347, 6, 0, 75546, 97887
2026/07/08 17:42:02.363, 7, 0, 75546, 97887
2026/07/08 17:42:03.383, 0, 100, 94040, 97887
2026/07/08 17:42:03.402, 1, 99, 69892, 97887
2026/07/08 17:42:03.420, 2, 99, 73494, 97887
2026/07/08 17:42:03.435, 3, 100, 79822, 97887
2026/07/08 17:42:03.451, 4, 0, 75532, 97887
2026/07/08 17:42:03.469, 5, 0, 75530, 97887
2026/07/08 17:42:03.485, 6, 0, 75546, 97887
2026/07/08 17:42:03.500, 7, 0, 75546, 97887
2026/07/08 17:42:04.517, 0, 98, 94040, 97887
2026/07/08 17:42:04.536, 1, 98, 69892, 97887
2026/07/08 17:42:04.554, 2, 97, 73494, 97887
2026/07/08 17:42:04.570, 3, 97, 79822, 97887
2026/07/08 17:42:04.587, 4, 0, 75532, 97887
2026/07/08 17:42:04.602, 5, 0, 75530, 97887
2026/07/08 17:42:04.619, 6, 0, 75546, 97887
2026/07/08 17:42:04.635, 7, 0, 75546, 97887
2026/07/08 17:42:05.657, 0, 98, 94040, 97887
2026/07/08 17:42:05.674, 1, 98, 69892, 97887
2026/07/08 17:42:05.691, 2, 98, 73494, 97887
2026/07/08 17:42:05.708, 3, 97, 79822, 97887
2026/07/08 17:42:05.725, 4, 0, 75532, 97887
2026/07/08 17:42:05.740, 5, 0, 75530, 97887
2026/07/08 17:42:05.758, 6, 0, 75546, 97887
2026/07/08 17:42:05.775, 7, 0, 75546, 97887
2026/07/08 17:42:06.791, 0, 92, 94040, 97887
2026/07/08 17:42:06.809, 1, 99, 69892, 97887
2026/07/08 17:42:06.827, 2, 99, 73494, 97887
2026/07/08 17:42:06.844, 3, 94, 79822, 97887
2026/07/08 17:42:06.863, 4, 0, 75532, 97887
2026/07/08 17:42:06.881, 5, 0, 75530, 97887
2026/07/08 17:42:06.897, 6, 0, 75546, 97887
2026/07/08 17:42:06.914, 7, 0, 75546, 97887
2026/07/08 17:42:07.932, 0, 99, 94040, 97887
2026/07/08 17:42:07.950, 1, 98, 69892, 97887
2026/07/08 17:42:07.967, 2, 99, 73494, 97887
2026/07/08 17:42:07.984, 3, 98, 79822, 97887
2026/07/08 17:42:08.002, 4, 0, 75532, 97887
2026/07/08 17:42:08.017, 5, 0, 75530, 97887
2026/07/08 17:42:08.031, 6, 0, 75546, 97887
2026/07/08 17:42:08.045, 7, 0, 75546, 97887
2026/07/08 17:42:09.058, 0, 99, 94040, 97887
2026/07/08 17:42:09.078, 1, 99, 69892, 97887
2026/07/08 17:42:09.095, 2, 99, 73494, 97887
2026/07/08 17:42:09.114, 3, 99, 79822, 97887
2026/07/08 17:42:09.131, 4, 0, 75532, 97887
2026/07/08 17:42:09.148, 5, 0, 75530, 97887
2026/07/08 17:42:09.167, 6, 0, 75546, 97887
2026/07/08 17:42:09.187, 7, 0, 75546, 97887
2026/07/08 17:42:10.206, 0, 99, 94040, 97887
2026/07/08 17:42:10.225, 1, 100, 69892, 97887
2026/07/08 17:42:10.238, 2, 100, 73494, 97887
2026/07/08 17:42:10.253, 3, 98, 79822, 97887
2026/07/08 17:42:10.269, 4, 0, 75532, 97887
2026/07/08 17:42:10.287, 5, 0, 75530, 97887
2026/07/08 17:42:10.305, 6, 0, 75546, 97887
2026/07/08 17:42:10.324, 7, 0, 75546, 97887
2026/07/08 17:42:11.343, 0, 99, 94040, 97887
2026/07/08 17:42:11.359, 1, 99, 69892, 97887
2026/07/08 17:42:11.377, 2, 99, 73494, 97887
2026/07/08 17:42:11.395, 3, 98, 79822, 97887
2026/07/08 17:42:11.412, 4, 0, 75532, 97887
2026/07/08 17:42:11.428, 5, 0, 75530, 97887
2026/07/08 17:42:11.444, 6, 0, 75546, 97887
2026/07/08 17:42:11.460, 7, 0, 75546, 97887
2026/07/08 17:42:12.474, 0, 97, 94040, 97887
2026/07/08 17:42:12.492, 1, 98, 69892, 97887
2026/07/08 17:42:12.507, 2, 98, 73494, 97887
2026/07/08 17:42:12.517, 3, 98, 79822, 97887
2026/07/08 17:42:12.528, 4, 0, 75532, 97887
2026/07/08 17:42:12.537, 5, 0, 75530, 97887
2026/07/08 17:42:12.544, 6, 0, 75546, 97887
2026/07/08 17:42:12.555, 7, 0, 75546, 97887
2026/07/08 17:42:13.565, 0, 96, 94040, 97887
2026/07/08 17:42:13.583, 1, 99, 69892, 97887
2026/07/08 17:42:13.600, 2, 98, 73494, 97887
2026/07/08 17:42:13.616, 3, 97, 79822, 97887
2026/07/08 17:42:13.632, 4, 0, 75532, 97887
2026/07/08 17:42:13.649, 5, 0, 75530, 97887
2026/07/08 17:42:13.666, 6, 0, 75546, 97887
2026/07/08 17:42:13.682, 7, 0, 75546, 97887
2026/07/08 17:42:14.699, 0, 98, 94040, 97887
2026/07/08 17:42:14.714, 1, 97, 69892, 97887
2026/07/08 17:42:14.725, 2, 98, 73494, 97887
2026/07/08 17:42:14.738, 3, 77, 79822, 97887
2026/07/08 17:42:14.753, 4, 0, 75532, 97887
2026/07/08 17:42:14.767, 5, 0, 75530, 97887
2026/07/08 17:42:14.782, 6, 0, 75546, 97887
2026/07/08 17:42:14.795, 7, 0, 75546, 97887
2026/07/08 17:42:15.807, 0, 98, 94040, 97887
2026/07/08 17:42:15.823, 1, 98, 69892, 97887
2026/07/08 17:42:15.838, 2, 99, 73494, 97887
2026/07/08 17:42:15.853, 3, 99, 79822, 97887
2026/07/08 17:42:15.869, 4, 0, 75532, 97887
2026/07/08 17:42:15.884, 5, 0, 75530, 97887
2026/07/08 17:42:15.899, 6, 0, 75546, 97887
2026/07/08 17:42:15.912, 7, 0, 75546, 97887
2026/07/08 17:42:16.926, 0, 99, 94040, 97887
2026/07/08 17:42:16.945, 1, 99, 69892, 97887
2026/07/08 17:42:16.962, 2, 99, 73494, 97887
2026/07/08 17:42:16.979, 3, 99, 79822, 97887
2026/07/08 17:42:16.994, 4, 0, 75532, 97887
2026/07/08 17:42:17.012, 5, 0, 75530, 97887
2026/07/08 17:42:17.029, 6, 0, 75546, 97887
2026/07/08 17:42:17.045, 7, 0, 75546, 97887
2026/07/08 17:42:18.060, 0, 98, 94040, 97887
2026/07/08 17:42:18.066, 1, 99, 69892, 97887
2026/07/08 17:42:18.074, 2, 99, 73494, 97887
2026/07/08 17:42:18.082, 3, 99, 79822, 97887
2026/07/08 17:42:18.093, 4, 0, 75532, 97887
2026/07/08 17:42:18.102, 5, 0, 75530, 97887
2026/07/08 17:42:18.111, 6, 0, 75546, 97887
2026/07/08 17:42:18.125, 7, 0, 75546, 97887
2026/07/08 17:42:19.137, 0, 99, 94040, 97887
2026/07/08 17:42:19.151, 1, 99, 69892, 97887
2026/07/08 17:42:19.162, 2, 99, 73494, 97887
2026/07/08 17:42:19.175, 3, 99, 79822, 97887
2026/07/08 17:42:19.189, 4, 0, 75532, 97887
2026/07/08 17:42:19.204, 5, 0, 75530, 97887
2026/07/08 17:42:19.220, 6, 0, 75546, 97887
2026/07/08 17:42:19.233, 7, 0, 75546, 97887
2026/07/08 17:42:20.250, 0, 98, 94040, 97887
2026/07/08 17:42:20.268, 1, 99, 69892, 97887
2026/07/08 17:42:20.280, 2, 99, 73494, 97887
2026/07/08 17:42:20.295, 3, 99, 79822, 97887
2026/07/08 17:42:20.308, 4, 0, 75532, 97887
2026/07/08 17:42:20.322, 5, 0, 75530, 97887
2026/07/08 17:42:20.336, 6, 0, 75546, 97887
2026/07/08 17:42:20.351, 7, 0, 75546, 97887
2026/07/08 17:42:21.363, 0, 98, 94040, 97887
2026/07/08 17:42:21.383, 1, 99, 69892, 97887
2026/07/08 17:42:21.403, 2, 99, 73494, 97887
2026/07/08 17:42:21.421, 3, 99, 79822, 97887
2026/07/08 17:42:21.441, 4, 0, 75532, 97887
2026/07/08 17:42:21.460, 5, 0, 75530, 97887
2026/07/08 17:42:21.477, 6, 0, 75546, 97887
2026/07/08 17:42:21.494, 7, 0, 75546, 97887
2026/07/08 17:42:22.512, 0, 98, 94040, 97887
2026/07/08 17:42:22.525, 1, 97, 69892, 97887
2026/07/08 17:42:22.534, 2, 98, 73494, 97887
2026/07/08 17:42:22.549, 3, 98, 79822, 97887
2026/07/08 17:42:22.560, 4, 0, 75532, 97887
2026/07/08 17:42:22.568, 5, 0, 75530, 97887
2026/07/08 17:42:22.582, 6, 0, 75546, 97887
2026/07/08 17:42:22.596, 7, 0, 75546, 97887
2026/07/08 17:42:23.612, 0, 97, 94040, 97887
2026/07/08 17:42:23.630, 1, 99, 69892, 97887
2026/07/08 17:42:23.646, 2, 99, 73494, 97887
2026/07/08 17:42:23.660, 3, 99, 79822, 97887
2026/07/08 17:42:23.675, 4, 0, 75532, 97887
2026/07/08 17:42:23.688, 5, 0, 75530, 97887
2026/07/08 17:42:23.702, 6, 0, 75546, 97887
2026/07/08 17:42:23.728, 7, 0, 75546, 97887
2026/07/08 17:42:24.749, 0, 99, 94042, 97887
2026/07/08 17:42:24.767, 1, 100, 74006, 97887
2026/07/08 17:42:24.783, 2, 100, 73494, 97887
2026/07/08 17:42:24.801, 3, 100, 79822, 97887
2026/07/08 17:42:24.819, 4, 0, 75532, 97887
2026/07/08 17:42:24.835, 5, 0, 75530, 97887
2026/07/08 17:42:24.851, 6, 0, 75546, 97887
2026/07/08 17:42:24.865, 7, 0, 75546, 97887
2026/07/08 17:42:25.881, 0, 100, 94042, 97887
2026/07/08 17:42:25.897, 1, 98, 74006, 97887
2026/07/08 17:42:25.912, 2, 99, 73494, 97887
2026/07/08 17:42:25.927, 3, 99, 79822, 97887
2026/07/08 17:42:25.942, 4, 0, 75532, 97887
2026/07/08 17:42:25.957, 5, 0, 75530, 97887
2026/07/08 17:42:25.972, 6, 0, 75546, 97887
2026/07/08 17:42:25.989, 7, 0, 75546, 97887
2026/07/08 17:42:27.006, 0, 100, 94042, 97887
2026/07/08 17:42:27.020, 1, 92, 74008, 97887
2026/07/08 17:42:27.034, 2, 99, 73494, 97887
2026/07/08 17:42:27.047, 3, 99, 79822, 97887
2026/07/08 17:42:27.060, 4, 0, 75532, 97887
2026/07/08 17:42:27.071, 5, 0, 75530, 97887
2026/07/08 17:42:27.089, 6, 0, 75546, 97887
2026/07/08 17:42:27.108, 7, 0, 75546, 97887
2026/07/08 17:42:28.124, 0, 99, 94042, 97887
2026/07/08 17:42:28.141, 1, 100, 74008, 97887
2026/07/08 17:42:28.157, 2, 99, 73494, 97887
2026/07/08 17:42:28.172, 3, 100, 79822, 97887
2026/07/08 17:42:28.190, 4, 0, 75532, 97887
2026/07/08 17:42:28.206, 5, 0, 75530, 97887
2026/07/08 17:42:28.225, 6, 0, 75546, 97887
2026/07/08 17:42:28.243, 7, 0, 75546, 97887
2026/07/08 17:42:29.263, 0, 99, 94042, 97887
2026/07/08 17:42:29.283, 1, 94, 74008, 97887
2026/07/08 17:42:29.296, 2, 100, 73494, 97887
2026/07/08 17:42:29.315, 3, 100, 79822, 97887
2026/07/08 17:42:29.328, 4, 0, 75532, 97887
2026/07/08 17:42:29.349, 5, 0, 75530, 97887
2026/07/08 17:42:29.367, 6, 0, 75546, 97887
2026/07/08 17:42:29.385, 7, 0, 75546, 97887
2026/07/08 17:42:30.403, 0, 100, 94042, 97887
2026/07/08 17:42:30.418, 1, 98, 74008, 97887
2026/07/08 17:42:30.436, 2, 99, 73494, 97887
2026/07/08 17:42:30.444, 3, 99, 79822, 97887
2026/07/08 17:42:30.456, 4, 0, 75532, 97887
2026/07/08 17:42:30.463, 5, 0, 75530, 97887
2026/07/08 17:42:30.474, 6, 0, 75546, 97887
2026/07/08 17:42:30.488, 7, 0, 75546, 97887
2026/07/08 17:42:31.505, 0, 100, 94042, 97887
2026/07/08 17:42:31.522, 1, 99, 74008, 97887
2026/07/08 17:42:31.541, 2, 99, 73494, 97887
2026/07/08 17:42:31.561, 3, 99, 79822, 97887
2026/07/08 17:42:31.580, 4, 0, 75532, 97887
2026/07/08 17:42:31.598, 5, 0, 75530, 97887
2026/07/08 17:42:31.616, 6, 0, 75546, 97887
2026/07/08 17:42:31.634, 7, 0, 75546, 97887
2026/07/08 17:42:32.653, 0, 98, 94042, 97887
2026/07/08 17:42:32.668, 1, 97, 74008, 97887
2026/07/08 17:42:32.683, 2, 97, 73494, 97887
2026/07/08 17:42:32.697, 3, 97, 79822, 97887
2026/07/08 17:42:32.709, 4, 0, 75532, 97887
2026/07/08 17:42:32.720, 5, 0, 75530, 97887
2026/07/08 17:42:32.732, 6, 0, 75546, 97887
2026/07/08 17:42:32.744, 7, 0, 75546, 97887
2026/07/08 17:42:33.754, 0, 0, 94042, 97887
2026/07/08 17:42:33.768, 1, 100, 74008, 97887
2026/07/08 17:42:33.782, 2, 100, 73494, 97887
2026/07/08 17:42:33.798, 3, 100, 79822, 97887
2026/07/08 17:42:33.810, 4, 0, 75532, 97887
2026/07/08 17:42:33.823, 5, 0, 75530, 97887
2026/07/08 17:42:33.841, 6, 0, 75546, 97887
2026/07/08 17:42:33.857, 7, 0, 75546, 97887
2026/07/08 17:42:34.869, 0, 92, 94042, 97887
2026/07/08 17:42:34.888, 1, 98, 74008, 97887
2026/07/08 17:42:34.903, 2, 93, 73494, 97887
2026/07/08 17:42:34.919, 3, 94, 79822, 97887
2026/07/08 17:42:34.933, 4, 0, 75532, 97887
2026/07/08 17:42:34.948, 5, 0, 75530, 97887
2026/07/08 17:42:34.965, 6, 0, 75546, 97887
2026/07/08 17:42:34.982, 7, 0, 75546, 97887
2026/07/08 17:42:35.999, 0, 99, 94042, 97887
2026/07/08 17:42:36.015, 1, 99, 74008, 97887
2026/07/08 17:42:36.032, 2, 99, 73494, 97887
2026/07/08 17:42:36.048, 3, 99, 79822, 97887
2026/07/08 17:42:36.066, 4, 0, 75532, 97887
2026/07/08 17:42:36.081, 5, 0, 75530, 97887
2026/07/08 17:42:36.098, 6, 0, 75546, 97887
2026/07/08 17:42:36.114, 7, 0, 75546, 97887
2026/07/08 17:42:37.131, 0, 99, 94042, 97887
2026/07/08 17:42:37.151, 1, 99, 74008, 97887
2026/07/08 17:42:37.170, 2, 98, 73494, 97887
2026/07/08 17:42:37.188, 3, 99, 79822, 97887
2026/07/08 17:42:37.206, 4, 0, 75532, 97887
2026/07/08 17:42:37.225, 5, 0, 75530, 97887
2026/07/08 17:42:37.245, 6, 0, 75546, 97887
2026/07/08 17:42:37.263, 7, 0, 75546, 97887
2026/07/08 17:42:38.282, 0, 99, 94042, 97887
2026/07/08 17:42:38.301, 1, 99, 74008, 97887
2026/07/08 17:42:38.319, 2, 99, 73494, 97887
2026/07/08 17:42:38.333, 3, 99, 79822, 97887
2026/07/08 17:42:38.349, 4, 0, 75532, 97887
2026/07/08 17:42:38.365, 5, 0, 75530, 97887
2026/07/08 17:42:38.383, 6, 0, 75546, 97887
2026/07/08 17:42:38.399, 7, 0, 75546, 97887
2026/07/08 17:42:39.416, 0, 100, 94042, 97887
2026/07/08 17:42:39.431, 1, 99, 74008, 97887
2026/07/08 17:42:39.447, 2, 99, 73494, 97887
2026/07/08 17:42:39.464, 3, 99, 79822, 97887
2026/07/08 17:42:39.480, 4, 0, 75532, 97887
2026/07/08 17:42:39.497, 5, 0, 75530, 97887
2026/07/08 17:42:39.511, 6, 0, 75546, 97887
2026/07/08 17:42:39.531, 7, 0, 75546, 97887
2026/07/08 17:42:40.546, 0, 98, 94042, 97887
2026/07/08 17:42:40.564, 1, 98, 74008, 97887
2026/07/08 17:42:40.581, 2, 98, 73494, 97887
2026/07/08 17:42:40.598, 3, 98, 79822, 97887
2026/07/08 17:42:40.616, 4, 0, 75532, 97887
2026/07/08 17:42:40.633, 5, 0, 75530, 97887
2026/07/08 17:42:40.651, 6, 0, 75546, 97887
2026/07/08 17:42:40.669, 7, 0, 75546, 97887
2026/07/08 17:42:41.689, 0, 97, 94042, 97887
2026/07/08 17:42:41.708, 1, 97, 74008, 97887
2026/07/08 17:42:41.729, 2, 99, 73494, 97887
2026/07/08 17:42:41.745, 3, 97, 79822, 97887
2026/07/08 17:42:41.762, 4, 0, 75532, 97887
2026/07/08 17:42:41.779, 5, 0, 75530, 97887
2026/07/08 17:42:41.799, 6, 0, 75546, 97887
2026/07/08 17:42:41.816, 7, 0, 75546, 97887
2026/07/08 17:42:42.833, 0, 97, 94042, 97887
2026/07/08 17:42:42.848, 1, 99, 74008, 97887
2026/07/08 17:42:42.863, 2, 30, 73494, 97887
2026/07/08 17:42:42.878, 3, 98, 79822, 97887
2026/07/08 17:42:42.892, 4, 0, 75532, 97887
2026/07/08 17:42:42.905, 5, 0, 75530, 97887
2026/07/08 17:42:42.920, 6, 0, 75546, 97887
2026/07/08 17:42:42.931, 7, 0, 75546, 97887
2026/07/08 17:42:43.947, 0, 99, 94042, 97887
2026/07/08 17:42:43.966, 1, 99, 74008, 97887
2026/07/08 17:42:43.984, 2, 100, 73494, 97887
2026/07/08 17:42:44.001, 3, 99, 79822, 97887
2026/07/08 17:42:44.018, 4, 0, 75532, 97887
2026/07/08 17:42:44.034, 5, 0, 75530, 97887
2026/07/08 17:42:44.051, 6, 0, 75546, 97887
2026/07/08 17:42:44.067, 7, 0, 75546, 97887
2026/07/08 17:42:45.083, 0, 99, 94042, 97887
2026/07/08 17:42:45.098, 1, 100, 74008, 97887
2026/07/08 17:42:45.116, 2, 99, 73494, 97887
2026/07/08 17:42:45.131, 3, 99, 79822, 97887
2026/07/08 17:42:45.147, 4, 0, 75532, 97887
2026/07/08 17:42:45.165, 5, 0, 75530, 97887
2026/07/08 17:42:45.180, 6, 0, 75546, 97887
2026/07/08 17:42:45.195, 7, 0, 75546, 97887
2026/07/08 17:42:46.211, 0, 99, 94042, 97887
2026/07/08 17:42:46.227, 1, 99, 74008, 97887
2026/07/08 17:42:46.246, 2, 99, 73494, 97887
2026/07/08 17:42:46.262, 3, 100, 79822, 97887
2026/07/08 17:42:46.278, 4, 0, 75532, 97887
2026/07/08 17:42:46.294, 5, 0, 75530, 97887
2026/07/08 17:42:46.311, 6, 0, 75546, 97887
2026/07/08 17:42:46.329, 7, 0, 75546, 97887
2026/07/08 17:42:47.343, 0, 99, 94042, 97887
2026/07/08 17:42:47.357, 1, 99, 74008, 97887
2026/07/08 17:42:47.375, 2, 99, 73494, 97887
2026/07/08 17:42:47.394, 3, 99, 79822, 97887
2026/07/08 17:42:47.412, 4, 0, 75532, 97887
2026/07/08 17:42:47.431, 5, 0, 75530, 97887
2026/07/08 17:42:47.446, 6, 0, 75546, 97887
2026/07/08 17:42:47.463, 7, 0, 75546, 97887
2026/07/08 17:42:48.479, 0, 99, 94042, 97887
2026/07/08 17:42:48.494, 1, 99, 74008, 97887
2026/07/08 17:42:48.507, 2, 100, 73494, 97887
2026/07/08 17:42:48.523, 3, 99, 79822, 97887
2026/07/08 17:42:48.540, 4, 0, 75532, 97887
2026/07/08 17:42:48.551, 5, 0, 75530, 97887
2026/07/08 17:42:48.559, 6, 0, 75546, 97887
2026/07/08 17:42:48.571, 7, 0, 75546, 97887
2026/07/08 17:42:49.583, 0, 0, 94556, 97887
2026/07/08 17:42:49.599, 1, 83, 74522, 97887
2026/07/08 17:42:49.615, 2, 0, 74006, 97887
2026/07/08 17:42:49.630, 3, 0, 80336, 97887
2026/07/08 17:42:49.649, 4, 0, 75532, 97887
2026/07/08 17:42:49.668, 5, 0, 75530, 97887
2026/07/08 17:42:49.687, 6, 0, 75546, 97887
2026/07/08 17:42:49.706, 7, 0, 75546, 97887
2026/07/08 17:42:50.727, 0, 25, 55108, 97887
2026/07/08 17:42:50.742, 1, 1, 74534, 97887
2026/07/08 17:42:50.762, 2, 5, 74018, 97887
2026/07/08 17:42:50.788, 3, 4, 80350, 97887
2026/07/08 17:42:50.812, 4, 0, 75532, 97887
2026/07/08 17:42:50.836, 5, 0, 75530, 97887
2026/07/08 17:42:50.861, 6, 0, 75546, 97887
2026/07/08 17:42:50.883, 7, 0, 75546, 97887
2026/07/08 17:42:51.907, 0, 0, 55706, 97887
2026/07/08 17:42:51.922, 1, 0, 75132, 97887
2026/07/08 17:42:51.938, 2, 2, 74042, 97887
2026/07/08 17:42:51.952, 3, 2, 80374, 97887
2026/07/08 17:42:51.967, 4, 0, 75532, 97887
2026/07/08 17:42:51.976, 5, 0, 75530, 97887
2026/07/08 17:42:51.986, 6, 0, 75546, 97887
2026/07/08 17:42:52.005, 7, 0, 75546, 97887
2026/07/08 17:42:53.022, 0, 2, 55706, 97887
2026/07/08 17:42:53.040, 1, 2, 75132, 97887
2026/07/08 17:42:53.058, 2, 94, 74636, 97887
2026/07/08 17:42:53.076, 3, 2, 80968, 97887
2026/07/08 17:42:53.092, 4, 0, 75532, 97887
2026/07/08 17:42:53.106, 5, 0, 75530, 97887
2026/07/08 17:42:53.122, 6, 0, 75546, 97887
2026/07/08 17:42:53.137, 7, 0, 75546, 97887
2026/07/08 17:42:54.152, 0, 4, 55712, 97887
2026/07/08 17:42:54.167, 1, 4, 75138, 97887
2026/07/08 17:42:54.179, 2, 4, 74642, 97887
2026/07/08 17:42:54.189, 3, 4, 80974, 97887
2026/07/08 17:42:54.197, 4, 0, 75532, 97887
2026/07/08 17:42:54.203, 5, 0, 75530, 97887
2026/07/08 17:42:54.212, 6, 0, 75546, 97887
2026/07/08 17:42:54.220, 7, 0, 75546, 97887
2026/07/08 17:42:55.230, 0, 4, 55718, 97887
2026/07/08 17:42:55.244, 1, 4, 75144, 97887
2026/07/08 17:42:55.255, 2, 4, 74648, 97887
2026/07/08 17:42:55.265, 3, 4, 80980, 97887
2026/07/08 17:42:55.276, 4, 0, 75532, 97887
2026/07/08 17:42:55.286, 5, 0, 75530, 97887
2026/07/08 17:42:55.296, 6, 0, 75546, 97887
2026/07/08 17:42:55.307, 7, 0, 75546, 97887
2026/07/08 17:42:56.319, 0, 5, 55722, 97887
2026/07/08 17:42:56.336, 1, 4, 75148, 97887
2026/07/08 17:42:56.353, 2, 1, 74654, 97887
2026/07/08 17:42:56.375, 3, 1, 80984, 97887
2026/07/08 17:42:56.393, 4, 0, 75532, 97887
2026/07/08 17:42:56.417, 5, 0, 75530, 97887
2026/07/08 17:42:56.435, 6, 0, 75546, 97887
2026/07/08 17:42:56.454, 7, 0, 75546, 97887
2026/07/08 17:42:57.471, 0, 5, 55728, 97887
2026/07/08 17:42:57.485, 1, 4, 75154, 97887
2026/07/08 17:42:57.496, 2, 4, 74658, 97887
2026/07/08 17:42:57.509, 3, 5, 80990, 97887
2026/07/08 17:42:57.521, 4, 0, 75532, 97887
2026/07/08 17:42:57.532, 5, 0, 75530, 97887
2026/07/08 17:42:57.544, 6, 0, 75546, 97887
2026/07/08 17:42:57.554, 7, 0, 75546, 97887
2026/07/08 17:42:58.562, 0, 4, 55734, 97887
2026/07/08 17:42:58.579, 1, 4, 75160, 97887
2026/07/08 17:42:58.596, 2, 4, 74664, 97887
2026/07/08 17:42:58.610, 3, 4, 80996, 97887
2026/07/08 17:42:58.625, 4, 0, 75532, 97887
2026/07/08 17:42:58.641, 5, 0, 75530, 97887
2026/07/08 17:42:58.657, 6, 0, 75546, 97887
2026/07/08 17:42:58.673, 7, 0, 75546, 97887
2026/07/08 17:42:59.687, 0, 4, 55740, 97887
2026/07/08 17:42:59.706, 1, 4, 75166, 97887
2026/07/08 17:42:59.724, 2, 4, 74670, 97887
2026/07/08 17:42:59.739, 3, 4, 81002, 97887
2026/07/08 17:42:59.755, 4, 0, 75532, 97887
2026/07/08 17:42:59.768, 5, 0, 75530, 97887
2026/07/08 17:42:59.784, 6, 0, 75546, 97887
2026/07/08 17:42:59.799, 7, 0, 75546, 97887
2026/07/08 17:43:00.811, 0, 4, 55746, 97887
2026/07/08 17:43:00.827, 1, 4, 75172, 97887
2026/07/08 17:43:00.845, 2, 4, 74676, 97887
2026/07/08 17:43:00.863, 3, 4, 81008, 97887
2026/07/08 17:43:00.876, 4, 0, 75532, 97887
2026/07/08 17:43:00.890, 5, 0, 75530, 97887
2026/07/08 17:43:00.905, 6, 0, 75546, 97887
2026/07/08 17:43:00.919, 7, 0, 75546, 97887
2026/07/08 17:43:01.936, 0, 2, 55752, 97887
2026/07/08 17:43:01.959, 1, 4, 75176, 97887
2026/07/08 17:43:01.979, 2, 3, 74682, 97887
2026/07/08 17:43:02.004, 3, 3, 81012, 97887
2026/07/08 17:43:02.031, 4, 0, 75532, 97887
2026/07/08 17:43:02.049, 5, 0, 75530, 97887
2026/07/08 17:43:02.068, 6, 0, 75546, 97887
2026/07/08 17:43:02.085, 7, 0, 75546, 97887
2026/07/08 17:43:03.102, 0, 4, 55758, 97887
2026/07/08 17:43:03.118, 1, 4, 75182, 97887
2026/07/08 17:43:03.133, 2, 4, 74688, 97887
2026/07/08 17:43:03.148, 3, 5, 81018, 97887
2026/07/08 17:43:03.162, 4, 0, 75532, 97887
2026/07/08 17:43:03.178, 5, 0, 75530, 97887
2026/07/08 17:43:03.192, 6, 0, 75546, 97887
2026/07/08 17:43:03.207, 7, 0, 75546, 97887
2026/07/08 17:43:04.223, 0, 4, 55762, 97887
2026/07/08 17:43:04.237, 1, 4, 75188, 97887
2026/07/08 17:43:04.252, 2, 4, 74694, 97887
2026/07/08 17:43:04.272, 3, 4, 81024, 97887
2026/07/08 17:43:04.288, 4, 0, 75532, 97887
2026/07/08 17:43:04.304, 5, 0, 75530, 97887
2026/07/08 17:43:04.317, 6, 0, 75546, 97887
2026/07/08 17:43:04.329, 7, 0, 75546, 97887
2026/07/08 17:43:05.343, 0, 4, 55768, 97887
2026/07/08 17:43:05.360, 1, 4, 75194, 97887
2026/07/08 17:43:05.377, 2, 4, 74700, 97887
2026/07/08 17:43:05.393, 3, 4, 81030, 97887
2026/07/08 17:43:05.408, 4, 0, 75532, 97887
2026/07/08 17:43:05.428, 5, 0, 75530, 97887
2026/07/08 17:43:05.444, 6, 0, 75546, 97887
2026/07/08 17:43:05.458, 7, 0, 75546, 97887
2026/07/08 17:43:06.475, 0, 4, 55774, 97887
2026/07/08 17:43:06.492, 1, 4, 75200, 97887
2026/07/08 17:43:06.509, 2, 4, 74706, 97887
2026/07/08 17:43:06.525, 3, 5, 81036, 97887
2026/07/08 17:43:06.541, 4, 0, 75532, 97887
2026/07/08 17:43:06.556, 5, 0, 75530, 97887
2026/07/08 17:43:06.572, 6, 0, 75546, 97887
2026/07/08 17:43:06.589, 7, 0, 75546, 97887
2026/07/08 17:43:07.603, 0, 2, 55798, 97887
2026/07/08 17:43:07.620, 1, 2, 75224, 97887
2026/07/08 17:43:07.638, 2, 2, 74728, 97887
2026/07/08 17:43:07.654, 3, 2, 81060, 97887
2026/07/08 17:43:07.671, 4, 0, 75532, 97887
2026/07/08 17:43:07.687, 5, 0, 75530, 97887
2026/07/08 17:43:07.705, 6, 0, 75546, 97887
2026/07/08 17:43:07.722, 7, 0, 75546, 97887
2026/07/08 17:43:08.738, 0, 2, 55798, 97887
2026/07/08 17:43:08.753, 1, 2, 75224, 97887
2026/07/08 17:43:08.768, 2, 2, 74728, 97887
2026/07/08 17:43:08.785, 3, 2, 81060, 97887
2026/07/08 17:43:08.799, 4, 0, 75532, 97887
2026/07/08 17:43:08.828, 5, 0, 75530, 97887
2026/07/08 17:43:08.840, 6, 0, 75546, 97887
2026/07/08 17:43:08.853, 7, 0, 75546, 97887
2026/07/08 17:43:09.865, 0, 2, 55798, 97887
2026/07/08 17:43:09.882, 1, 2, 75224, 97887
2026/07/08 17:43:09.904, 2, 2, 74728, 97887
2026/07/08 17:43:09.922, 3, 2, 81060, 97887
2026/07/08 17:43:09.940, 4, 0, 75532, 97887
2026/07/08 17:43:09.960, 5, 0, 75530, 97887
2026/07/08 17:43:09.979, 6, 0, 75546, 97887
2026/07/08 17:43:09.996, 7, 0, 75546, 97887
2026/07/08 17:43:11.013, 0, 2, 55798, 97887
2026/07/08 17:43:11.029, 1, 2, 75224, 97887
2026/07/08 17:43:11.045, 2, 2, 74728, 97887
2026/07/08 17:43:11.063, 3, 2, 81060, 97887
2026/07/08 17:43:11.080, 4, 0, 75532, 97887
2026/07/08 17:43:11.098, 5, 0, 75530, 97887
2026/07/08 17:43:11.112, 6, 0, 75546, 97887
2026/07/08 17:43:11.127, 7, 0, 75546, 97887
2026/07/08 17:43:12.146, 0, 2, 55798, 97887
2026/07/08 17:43:12.163, 1, 2, 75224, 97887
2026/07/08 17:43:12.181, 2, 2, 74728, 97887
2026/07/08 17:43:12.196, 3, 2, 81060, 97887
2026/07/08 17:43:12.210, 4, 0, 75532, 97887
2026/07/08 17:43:12.224, 5, 0, 75530, 97887
2026/07/08 17:43:12.237, 6, 0, 75546, 97887
2026/07/08 17:43:12.251, 7, 0, 75546, 97887
2026/07/08 17:43:13.266, 0, 2, 55798, 97887
2026/07/08 17:43:13.278, 1, 2, 75224, 97887
2026/07/08 17:43:13.295, 2, 2, 74728, 97887
2026/07/08 17:43:13.317, 3, 2, 81060, 97887
2026/07/08 17:43:13.334, 4, 0, 75532, 97887
2026/07/08 17:43:13.351, 5, 0, 75530, 97887
2026/07/08 17:43:13.368, 6, 0, 75546, 97887
2026/07/08 17:43:13.385, 7, 0, 75546, 97887
2026/07/08 17:43:14.402, 0, 2, 55798, 97887
2026/07/08 17:43:14.418, 1, 2, 75224, 97887
2026/07/08 17:43:14.434, 2, 2, 74728, 97887
2026/07/08 17:43:14.449, 3, 2, 81060, 97887
2026/07/08 17:43:14.465, 4, 0, 75532, 97887
2026/07/08 17:43:14.481, 5, 0, 75530, 97887
2026/07/08 17:43:14.498, 6, 0, 75546, 97887
2026/07/08 17:43:14.515, 7, 0, 75546, 97887
2026/07/08 17:43:15.532, 0, 2, 55798, 97887
2026/07/08 17:43:15.546, 1, 2, 75224, 97887
2026/07/08 17:43:15.560, 2, 2, 74728, 97887
2026/07/08 17:43:15.578, 3, 2, 81060, 97887
2026/07/08 17:43:15.593, 4, 0, 75532, 97887
2026/07/08 17:43:15.606, 5, 0, 75530, 97887
2026/07/08 17:43:15.620, 6, 0, 75546, 97887
2026/07/08 17:43:15.635, 7, 0, 75546, 97887
2026/07/08 17:43:16.649, 0, 2, 55798, 97887
2026/07/08 17:43:16.667, 1, 2, 75224, 97887
2026/07/08 17:43:16.683, 2, 2, 74728, 97887
2026/07/08 17:43:16.702, 3, 2, 81060, 97887
2026/07/08 17:43:16.720, 4, 0, 75532, 97887
2026/07/08 17:43:16.737, 5, 0, 75530, 97887
2026/07/08 17:43:16.757, 6, 0, 75546, 97887
2026/07/08 17:43:16.772, 7, 0, 75546, 97887
2026/07/08 17:43:17.786, 0, 2, 55798, 97887
2026/07/08 17:43:17.802, 1, 2, 75224, 97887
2026/07/08 17:43:17.816, 2, 1, 74728, 97887
2026/07/08 17:43:17.832, 3, 2, 81060, 97887
2026/07/08 17:43:17.851, 4, 0, 75532, 97887
2026/07/08 17:43:17.866, 5, 0, 75530, 97887
2026/07/08 17:43:17.885, 6, 0, 75546, 97887
2026/07/08 17:43:17.901, 7, 0, 75546, 97887
2026/07/08 17:43:18.915, 0, 2, 55798, 97887
2026/07/08 17:43:18.931, 1, 2, 75224, 97887
2026/07/08 17:43:18.948, 2, 2, 74728, 97887
2026/07/08 17:43:18.966, 3, 2, 81060, 97887
2026/07/08 17:43:18.983, 4, 0, 75532, 97887
2026/07/08 17:43:18.999, 5, 0, 75530, 97887
2026/07/08 17:43:19.013, 6, 0, 75546, 97887
2026/07/08 17:43:19.027, 7, 0, 75546, 97887
2026/07/08 17:43:20.039, 0, 2, 55798, 97887
2026/07/08 17:43:20.051, 1, 2, 75224, 97887
2026/07/08 17:43:20.069, 2, 2, 74728, 97887
2026/07/08 17:43:20.082, 3, 2, 81060, 97887
2026/07/08 17:43:20.093, 4, 0, 75532, 97887
2026/07/08 17:43:20.106, 5, 0, 75530, 97887
2026/07/08 17:43:20.120, 6, 0, 75546, 97887
2026/07/08 17:43:20.135, 7, 0, 75546, 97887
2026/07/08 17:43:21.148, 0, 2, 55798, 97887
2026/07/08 17:43:21.165, 1, 1, 75224, 97887
2026/07/08 17:43:21.179, 2, 2, 74728, 97887
2026/07/08 17:43:21.196, 3, 1, 81060, 97887
2026/07/08 17:43:21.208, 4, 0, 75532, 97887
2026/07/08 17:43:21.223, 5, 0, 75530, 97887
2026/07/08 17:43:21.238, 6, 0, 75546, 97887
2026/07/08 17:43:21.253, 7, 0, 75546, 97887
2026/07/08 17:43:22.269, 0, 2, 55798, 97887
2026/07/08 17:43:22.286, 1, 2, 75224, 97887
2026/07/08 17:43:22.301, 2, 2, 74728, 97887
2026/07/08 17:43:22.318, 3, 2, 81060, 97887
2026/07/08 17:43:22.333, 4, 0, 75532, 97887
2026/07/08 17:43:22.351, 5, 0, 75530, 97887
2026/07/08 17:43:22.370, 6, 0, 75546, 97887
2026/07/08 17:43:22.388, 7, 0, 75546, 97887
2026/07/08 17:43:23.406, 0, 2, 55798, 97887
2026/07/08 17:43:23.426, 1, 2, 75224, 97887
2026/07/08 17:43:23.446, 2, 2, 74728, 97887
2026/07/08 17:43:23.464, 3, 2, 81060, 97887
2026/07/08 17:43:23.483, 4, 0, 75532, 97887
2026/07/08 17:43:23.501, 5, 0, 75530, 97887
2026/07/08 17:43:23.518, 6, 0, 75546, 97887
2026/07/08 17:43:23.536, 7, 0, 75546, 97887
2026/07/08 17:43:24.555, 0, 2, 55798, 97887
2026/07/08 17:43:24.574, 1, 2, 75224, 97887
2026/07/08 17:43:24.593, 2, 1, 74728, 97887
2026/07/08 17:43:24.612, 3, 2, 81060, 97887
2026/07/08 17:43:24.630, 4, 0, 75532, 97887
2026/07/08 17:43:24.647, 5, 0, 75530, 97887
2026/07/08 17:43:24.665, 6, 0, 75546, 97887
2026/07/08 17:43:24.682, 7, 0, 75546, 97887
2026/07/08 17:43:25.703, 0, 2, 55798, 97887
2026/07/08 17:43:25.723, 1, 1, 75224, 97887
2026/07/08 17:43:25.743, 2, 2, 74728, 97887
2026/07/08 17:43:25.761, 3, 1, 81060, 97887
2026/07/08 17:43:25.782, 4, 0, 75532, 97887
2026/07/08 17:43:25.802, 5, 0, 75530, 97887
2026/07/08 17:43:25.820, 6, 0, 75546, 97887
2026/07/08 17:43:25.839, 7, 0, 75546, 97887
2026/07/08 17:43:26.858, 0, 2, 55798, 97887
2026/07/08 17:43:26.876, 1, 2, 75224, 97887
2026/07/08 17:43:26.894, 2, 2, 74728, 97887
2026/07/08 17:43:26.911, 3, 2, 81060, 97887
2026/07/08 17:43:26.930, 4, 0, 75532, 97887
2026/07/08 17:43:26.945, 5, 0, 75530, 97887
2026/07/08 17:43:26.961, 6, 0, 75546, 97887
2026/07/08 17:43:26.979, 7, 0, 75546, 97887
2026/07/08 17:43:27.995, 0, 2, 55798, 97887
2026/07/08 17:43:28.013, 1, 2, 75224, 97887
2026/07/08 17:43:28.031, 2, 2, 74728, 97887
2026/07/08 17:43:28.045, 3, 2, 81060, 97887
2026/07/08 17:43:28.060, 4, 0, 75532, 97887
2026/07/08 17:43:28.073, 5, 0, 75530, 97887
2026/07/08 17:43:28.087, 6, 0, 75546, 97887
2026/07/08 17:43:28.103, 7, 0, 75546, 97887
2026/07/08 17:43:29.120, 0, 2, 55798, 97887
2026/07/08 17:43:29.138, 1, 2, 75224, 97887
2026/07/08 17:43:29.158, 2, 2, 74728, 97887
2026/07/08 17:43:29.178, 3, 2, 81060, 97887
2026/07/08 17:43:29.212, 4, 0, 75532, 97887
2026/07/08 17:43:29.241, 5, 0, 75530, 97887
2026/07/08 17:43:29.261, 6, 0, 75546, 97887
2026/07/08 17:43:29.282, 7, 0, 75546, 97887
2026/07/08 17:43:30.308, 0, 1, 55798, 97887
2026/07/08 17:43:30.324, 1, 2, 75224, 97887
2026/07/08 17:43:30.341, 2, 2, 74728, 97887
2026/07/08 17:43:30.356, 3, 2, 81060, 97887
2026/07/08 17:43:30.375, 4, 0, 75532, 97887
2026/07/08 17:43:30.392, 5, 0, 75530, 97887
2026/07/08 17:43:30.408, 6, 0, 75546, 97887
2026/07/08 17:43:30.427, 7, 0, 75546, 97887
2026/07/08 17:43:31.445, 0, 2, 55798, 97887
2026/07/08 17:43:31.465, 1, 2, 75224, 97887
2026/07/08 17:43:31.481, 2, 1, 74728, 97887
2026/07/08 17:43:31.500, 3, 2, 81060, 97887
2026/07/08 17:43:31.518, 4, 0, 75532, 97887
2026/07/08 17:43:31.535, 5, 0, 75530, 97887
2026/07/08 17:43:31.553, 6, 0, 75546, 97887
2026/07/08 17:43:31.572, 7, 0, 75546, 97887
2026/07/08 17:43:32.590, 0, 2, 55798, 97887
2026/07/08 17:43:32.606, 1, 2, 75224, 97887
2026/07/08 17:43:32.621, 2, 2, 74728, 97887
2026/07/08 17:43:32.634, 3, 2, 81060, 97887
2026/07/08 17:43:32.651, 4, 0, 75532, 97887
2026/07/08 17:43:32.669, 5, 0, 75530, 97887
2026/07/08 17:43:32.686, 6, 0, 75546, 97887
2026/07/08 17:43:32.703, 7, 0, 75546, 97887
2026/07/08 17:43:33.721, 0, 2, 55798, 97887
2026/07/08 17:43:33.739, 1, 2, 75224, 97887
2026/07/08 17:43:33.757, 2, 2, 74728, 97887
2026/07/08 17:43:33.774, 3, 2, 81060, 97887
2026/07/08 17:43:33.794, 4, 0, 75532, 97887
2026/07/08 17:43:33.810, 5, 0, 75530, 97887
2026/07/08 17:43:33.827, 6, 0, 75546, 97887
2026/07/08 17:43:33.845, 7, 0, 75546, 97887
2026/07/08 17:43:34.863, 0, 1, 55798, 97887
2026/07/08 17:43:34.883, 1, 2, 75224, 97887
2026/07/08 17:43:34.904, 2, 1, 74728, 97887
2026/07/08 17:43:34.932, 3, 2, 81060, 97887
2026/07/08 17:43:34.952, 4, 0, 75532, 97887
2026/07/08 17:43:34.976, 5, 0, 75530, 97887
2026/07/08 17:43:34.992, 6, 0, 75546, 97887
2026/07/08 17:43:35.008, 7, 0, 75546, 97887
2026/07/08 17:43:36.024, 0, 2, 55798, 97887
2026/07/08 17:43:36.040, 1, 2, 75224, 97887
2026/07/08 17:43:36.055, 2, 2, 74728, 97887
2026/07/08 17:43:36.071, 3, 2, 81060, 97887
2026/07/08 17:43:36.087, 4, 0, 75532, 97887
2026/07/08 17:43:36.103, 5, 0, 75530, 97887
2026/07/08 17:43:36.121, 6, 0, 75546, 97887
2026/07/08 17:43:36.137, 7, 0, 75546, 97887
2026/07/08 17:43:37.155, 0, 2, 55798, 97887
2026/07/08 17:43:37.173, 1, 2, 75224, 97887
2026/07/08 17:43:37.190, 2, 2, 74728, 97887
2026/07/08 17:43:37.204, 3, 2, 81060, 97887
2026/07/08 17:43:37.219, 4, 0, 75532, 97887
2026/07/08 17:43:37.235, 5, 0, 75530, 97887
2026/07/08 17:43:37.253, 6, 0, 75546, 97887
2026/07/08 17:43:37.270, 7, 0, 75546, 97887
2026/07/08 17:43:38.289, 0, 2, 55798, 97887
2026/07/08 17:43:38.307, 1, 1, 75224, 97887
2026/07/08 17:43:38.324, 2, 2, 74728, 97887
2026/07/08 17:43:38.341, 3, 2, 81060, 97887
2026/07/08 17:43:38.355, 4, 0, 75532, 97887
2026/07/08 17:43:38.372, 5, 0, 75530, 97887
2026/07/08 17:43:38.387, 6, 0, 75546, 97887
2026/07/08 17:43:38.400, 7, 0, 75546, 97887
2026/07/08 17:43:39.413, 0, 2, 55798, 97887
2026/07/08 17:43:39.429, 1, 2, 75224, 97887
2026/07/08 17:43:39.444, 2, 2, 74728, 97887
2026/07/08 17:43:39.461, 3, 1, 81060, 97887
2026/07/08 17:43:39.478, 4, 0, 75532, 97887
2026/07/08 17:43:39.492, 5, 0, 75530, 97887
2026/07/08 17:43:39.507, 6, 0, 75546, 97887
2026/07/08 17:43:39.527, 7, 0, 75546, 97887
2026/07/08 17:43:40.542, 0, 2, 55798, 97887
2026/07/08 17:43:40.556, 1, 2, 75224, 97887
2026/07/08 17:43:40.570, 2, 2, 74728, 97887
2026/07/08 17:43:40.584, 3, 2, 81060, 97887
2026/07/08 17:43:40.601, 4, 0, 75532, 97887
2026/07/08 17:43:40.616, 5, 0, 75530, 97887
2026/07/08 17:43:40.630, 6, 0, 75546, 97887
2026/07/08 17:43:40.645, 7, 0, 75546, 97887
2026/07/08 17:43:41.662, 0, 2, 55798, 97887
2026/07/08 17:43:41.674, 1, 2, 75224, 97887
2026/07/08 17:43:41.688, 2, 1, 74728, 97887
2026/07/08 17:43:41.704, 3, 2, 81060, 97887
2026/07/08 17:43:41.719, 4, 0, 75532, 97887
2026/07/08 17:43:41.734, 5, 0, 75530, 97887
2026/07/08 17:43:41.750, 6, 0, 75546, 97887
2026/07/08 17:43:41.767, 7, 0, 75546, 97887
2026/07/08 17:43:42.783, 0, 2, 55798, 97887
2026/07/08 17:43:42.796, 1, 2, 75224, 97887
2026/07/08 17:43:42.811, 2, 1, 74728, 97887
2026/07/08 17:43:42.824, 3, 2, 81060, 97887
2026/07/08 17:43:42.842, 4, 0, 75532, 97887
2026/07/08 17:43:42.860, 5, 0, 75530, 97887
2026/07/08 17:43:42.875, 6, 0, 75546, 97887
2026/07/08 17:43:42.892, 7, 0, 75546, 97887
2026/07/08 17:43:43.908, 0, 2, 55798, 97887
2026/07/08 17:43:43.924, 1, 2, 75224, 97887
2026/07/08 17:43:43.941, 2, 2, 74728, 97887
2026/07/08 17:43:43.959, 3, 2, 81060, 97887
2026/07/08 17:43:43.980, 4, 0, 75532, 97887
2026/07/08 17:43:44.002, 5, 0, 75530, 97887
2026/07/08 17:43:44.021, 6, 0, 75546, 97887
2026/07/08 17:43:44.039, 7, 0, 75546, 97887
2026/07/08 17:43:45.058, 0, 0, 55798, 97887
2026/07/08 17:43:45.073, 1, 100, 75224, 97887
2026/07/08 17:43:45.093, 2, 0, 74728, 97887
2026/07/08 17:43:45.108, 3, 100, 81060, 97887
2026/07/08 17:43:45.122, 4, 0, 75532, 97887
2026/07/08 17:43:45.138, 5, 0, 75530, 97887
2026/07/08 17:43:45.153, 6, 0, 75444, 97887
2026/07/08 17:43:45.172, 7, 0, 75388, 97887
2026/07/08 17:43:46.190, 0, 61, 56690, 97887
2026/07/08 17:43:46.204, 1, 97, 75224, 97887
2026/07/08 17:43:46.216, 2, 97, 74728, 97887
2026/07/08 17:43:46.230, 3, 99, 81060, 97887
2026/07/08 17:43:46.245, 4, 62, 75986, 97887
2026/07/08 17:43:46.259, 5, 57, 75986, 97887
2026/07/08 17:43:46.274, 6, 60, 75988, 97887
2026/07/08 17:43:46.287, 7, 43, 75988, 97887
2026/07/08 17:43:47.300, 0, 47, 56690, 97887
2026/07/08 17:43:47.309, 1, 96, 75224, 97887
2026/07/08 17:43:47.317, 2, 98, 74728, 97887
2026/07/08 17:43:47.328, 3, 97, 81060, 97887
2026/07/08 17:43:47.342, 4, 45, 75986, 97887
2026/07/08 17:43:47.355, 5, 47, 75986, 97887
2026/07/08 17:43:47.369, 6, 69, 75988, 97887
2026/07/08 17:43:47.383, 7, 64, 75988, 97887
2026/07/08 17:43:48.391, 0, 59, 56690, 97887
2026/07/08 17:43:48.410, 1, 98, 75224, 97887
2026/07/08 17:43:48.423, 2, 98, 74728, 97887
2026/07/08 17:43:48.437, 3, 98, 81060, 97887
2026/07/08 17:43:48.449, 4, 64, 75986, 97887
2026/07/08 17:43:48.464, 5, 64, 75986, 97887
2026/07/08 17:43:48.479, 6, 54, 75988, 97887
2026/07/08 17:43:48.495, 7, 46, 75988, 97887
2026/07/08 17:43:49.509, 0, 63, 56690, 97887
2026/07/08 17:43:49.523, 1, 99, 75224, 97887
2026/07/08 17:43:49.535, 2, 99, 74728, 97887
2026/07/08 17:43:49.545, 3, 98, 81060, 97887
2026/07/08 17:43:49.562, 4, 71, 75986, 97887
2026/07/08 17:43:49.577, 5, 62, 75986, 97887
2026/07/08 17:43:49.591, 6, 50, 75988, 97887
2026/07/08 17:43:49.606, 7, 54, 75988, 97887
2026/07/08 17:43:50.621, 0, 53, 56690, 97887
2026/07/08 17:43:50.636, 1, 98, 75224, 97887
2026/07/08 17:43:50.650, 2, 96, 74728, 97887
2026/07/08 17:43:50.666, 3, 98, 81060, 97887
2026/07/08 17:43:50.682, 4, 63, 75986, 97887
2026/07/08 17:43:50.697, 5, 68, 75986, 97887
2026/07/08 17:43:50.711, 6, 53, 75988, 97887
2026/07/08 17:43:50.724, 7, 51, 75988, 97887
2026/07/08 17:43:51.738, 0, 66, 56690, 97887
2026/07/08 17:43:51.750, 1, 99, 75224, 97887
2026/07/08 17:43:51.764, 2, 99, 74728, 97887
2026/07/08 17:43:51.777, 3, 98, 81060, 97887
2026/07/08 17:43:51.792, 4, 56, 75986, 97887
2026/07/08 17:43:51.805, 5, 59, 75986, 97887
2026/07/08 17:43:51.817, 6, 51, 75988, 97887
2026/07/08 17:43:51.831, 7, 50, 75988, 97887
2026/07/08 17:43:52.843, 0, 46, 56690, 97887
2026/07/08 17:43:52.856, 1, 98, 75224, 97887
2026/07/08 17:43:52.868, 2, 98, 74728, 97887
2026/07/08 17:43:52.877, 3, 98, 81060, 97887
2026/07/08 17:43:52.887, 4, 47, 75986, 97887
2026/07/08 17:43:52.898, 5, 47, 75986, 97887
2026/07/08 17:43:52.909, 6, 66, 75988, 97887
2026/07/08 17:43:52.924, 7, 53, 75988, 97887
2026/07/08 17:43:53.932, 0, 53, 56690, 97887
2026/07/08 17:43:53.945, 1, 99, 75224, 97887
2026/07/08 17:43:53.955, 2, 99, 74728, 97887
2026/07/08 17:43:53.969, 3, 98, 81060, 97887
2026/07/08 17:43:53.980, 4, 56, 75986, 97887
2026/07/08 17:43:53.987, 5, 62, 75986, 97887
2026/07/08 17:43:53.995, 6, 62, 75988, 97887
2026/07/08 17:43:54.002, 7, 48, 75988, 97887
2026/07/08 17:43:55.010, 0, 0, 56690, 97887
2026/07/08 17:43:55.025, 1, 0, 75224, 97887
2026/07/08 17:43:55.038, 2, 0, 74728, 97887
2026/07/08 17:43:55.049, 3, 0, 81060, 97887
2026/07/08 17:43:55.062, 4, 0, 75386, 97887
2026/07/08 17:43:55.074, 5, 0, 75384, 97887
2026/07/08 17:43:55.089, 6, 0, 75388, 97887
2026/07/08 17:43:55.105, 7, 0, 75388, 97887
2026/07/08 17:43:56.120, 0, 0, 56690, 97887
2026/07/08 17:43:56.662, 1, 0, 75224, 97887
2026/07/08 17:43:56.680, 2, 0, 74728, 97887
2026/07/08 17:43:56.701, 3, 0, 81060, 97887
2026/07/08 17:43:56.722, 4, 0, 3, 97887
2026/07/08 17:43:56.754, 5, 71, 3, 97887
2026/07/08 17:43:56.775, 6, 0, 3, 97887
2026/07/08 17:43:56.791, 7, 0, 3, 97887
2026/07/08 17:43:57.807, 0, 0, 56686, 97887
2026/07/08 17:43:57.819, 1, 0, 75216, 97887
2026/07/08 17:43:57.832, 2, 0, 74720, 97887
2026/07/08 17:43:57.846, 3, 0, 81052, 97887
2026/07/08 17:43:57.861, 4, 0, 3, 97887
2026/07/08 17:43:57.877, 5, 0, 3, 97887
2026/07/08 17:43:57.894, 6, 0, 3, 97887
2026/07/08 17:43:57.908, 7, 0, 3, 97887
2026/07/08 17:43:58.924, 0, 0, 56678, 97887
2026/07/08 17:43:58.938, 1, 0, 75216, 97887
2026/07/08 17:43:58.953, 2, 0, 74720, 97887
2026/07/08 17:43:58.968, 3, 0, 81052, 97887
2026/07/08 17:43:58.986, 4, 0, 3, 97887
2026/07/08 17:43:59.002, 5, 0, 3, 97887
2026/07/08 17:43:59.017, 6, 0, 3, 97887
2026/07/08 17:43:59.032, 7, 0, 3, 97887
