timestamp, index, utilization.gpu [%], memory.used [MiB], memory.total [MiB]
2026/07/08 16:35:49.089, 0, 0, 0, 97887
2026/07/08 16:35:49.105, 1, 0, 0, 97887
2026/07/08 16:35:49.119, 2, 0, 0, 97887
2026/07/08 16:35:49.130, 3, 0, 0, 97887
2026/07/08 16:35:49.145, 4, 0, 0, 97887
2026/07/08 16:35:49.162, 5, 0, 0, 97887
2026/07/08 16:35:49.179, 6, 0, 0, 97887
2026/07/08 16:35:49.195, 7, 0, 0, 97887
2026/07/08 16:35:50.213, 0, 0, 0, 97887
2026/07/08 16:35:50.230, 1, 0, 0, 97887
2026/07/08 16:35:50.245, 2, 0, 0, 97887
2026/07/08 16:35:50.259, 3, 0, 0, 97887
2026/07/08 16:35:50.274, 4, 0, 0, 97887
2026/07/08 16:35:50.289, 5, 0, 0, 97887
2026/07/08 16:35:50.304, 6, 0, 0, 97887
2026/07/08 16:35:50.319, 7, 0, 0, 97887
2026/07/08 16:35:51.334, 0, 0, 0, 97887
2026/07/08 16:35:51.343, 1, 0, 0, 97887
2026/07/08 16:35:51.352, 2, 0, 0, 97887
2026/07/08 16:35:51.365, 3, 0, 0, 97887
2026/07/08 16:35:51.374, 4, 0, 0, 97887
2026/07/08 16:35:51.383, 5, 0, 0, 97887
2026/07/08 16:35:51.395, 6, 0, 0, 97887
2026/07/08 16:35:51.409, 7, 0, 0, 97887
2026/07/08 16:35:52.422, 0, 0, 0, 97887
2026/07/08 16:35:52.436, 1, 0, 0, 97887
2026/07/08 16:35:52.448, 2, 0, 0, 97887
2026/07/08 16:35:52.458, 3, 0, 0, 97887
2026/07/08 16:35:52.470, 4, 0, 0, 97887
2026/07/08 16:35:52.480, 5, 0, 0, 97887
2026/07/08 16:35:52.492, 6, 0, 0, 97887
2026/07/08 16:35:52.505, 7, 0, 0, 97887
2026/07/08 16:35:53.515, 0, 0, 0, 97887
2026/07/08 16:35:53.530, 1, 0, 0, 97887
2026/07/08 16:35:53.543, 2, 0, 0, 97887
2026/07/08 16:35:53.558, 3, 0, 0, 97887
2026/07/08 16:35:53.573, 4, 0, 0, 97887
2026/07/08 16:35:53.588, 5, 0, 0, 97887
2026/07/08 16:35:53.606, 6, 0, 0, 97887
2026/07/08 16:35:53.622, 7, 0, 0, 97887
2026/07/08 16:35:54.641, 0, 0, 0, 97887
2026/07/08 16:35:54.658, 1, 0, 0, 97887
2026/07/08 16:35:54.672, 2, 0, 0, 97887
2026/07/08 16:35:54.687, 3, 0, 0, 97887
2026/07/08 16:35:54.704, 4, 0, 0, 97887
2026/07/08 16:35:54.720, 5, 0, 0, 97887
2026/07/08 16:35:54.735, 6, 0, 0, 97887
2026/07/08 16:35:54.752, 7, 0, 0, 97887
2026/07/08 16:35:55.771, 0, 0, 0, 97887
2026/07/08 16:35:55.782, 1, 0, 0, 97887
2026/07/08 16:35:55.801, 2, 0, 0, 97887
2026/07/08 16:35:55.816, 3, 0, 0, 97887
2026/07/08 16:35:55.833, 4, 0, 0, 97887
2026/07/08 16:35:55.847, 5, 0, 0, 97887
2026/07/08 16:35:55.864, 6, 0, 0, 97887
2026/07/08 16:35:55.882, 7, 0, 0, 97887
2026/07/08 16:35:56.900, 0, 0, 0, 97887
2026/07/08 16:35:56.915, 1, 0, 0, 97887
2026/07/08 16:35:56.929, 2, 0, 0, 97887
2026/07/08 16:35:56.942, 3, 0, 0, 97887
2026/07/08 16:35:56.954, 4, 0, 0, 97887
2026/07/08 16:35:56.967, 5, 0, 0, 97887
2026/07/08 16:35:56.978, 6, 0, 0, 97887
2026/07/08 16:35:56.990, 7, 0, 0, 97887
2026/07/08 16:35:58.003, 0, 0, 0, 97887
2026/07/08 16:35:58.016, 1, 0, 0, 97887
2026/07/08 16:35:58.030, 2, 0, 0, 97887
2026/07/08 16:35:58.043, 3, 0, 0, 97887
2026/07/08 16:35:58.059, 4, 0, 0, 97887
2026/07/08 16:35:58.072, 5, 0, 0, 97887
2026/07/08 16:35:58.086, 6, 0, 0, 97887
2026/07/08 16:35:58.100, 7, 0, 0, 97887
2026/07/08 16:35:59.116, 0, 0, 1, 97887
2026/07/08 16:35:59.129, 1, 0, 1, 97887
2026/07/08 16:35:59.143, 2, 0, 1, 97887
2026/07/08 16:35:59.164, 3, 0, 1, 97887
2026/07/08 16:35:59.210, 4, 0, 1, 97887
2026/07/08 16:35:59.221, 5, 0, 1, 97887
2026/07/08 16:35:59.232, 6, 0, 1, 97887
2026/07/08 16:35:59.241, 7, 0, 1, 97887
2026/07/08 16:36:00.252, 0, 0, 3, 97887
2026/07/08 16:36:00.269, 1, 0, 3, 97887
2026/07/08 16:36:00.286, 2, 0, 3, 97887
2026/07/08 16:36:00.304, 3, 0, 3, 97887
2026/07/08 16:36:00.320, 4, 0, 3, 97887
2026/07/08 16:36:00.335, 5, 0, 3, 97887
2026/07/08 16:36:00.348, 6, 0, 3, 97887
2026/07/08 16:36:00.363, 7, 0, 3, 97887
2026/07/08 16:36:01.383, 0, 0, 3, 97887
2026/07/08 16:36:01.402, 1, 0, 3, 97887
2026/07/08 16:36:01.421, 2, 0, 3, 97887
2026/07/08 16:36:01.438, 3, 0, 3, 97887
2026/07/08 16:36:01.456, 4, 0, 3, 97887
2026/07/08 16:36:01.473, 5, 0, 3, 97887
2026/07/08 16:36:01.487, 6, 0, 3, 97887
2026/07/08 16:36:01.500, 7, 0, 3, 97887
2026/07/08 16:36:02.513, 0, 0, 3, 97887
2026/07/08 16:36:02.527, 1, 0, 3, 97887
2026/07/08 16:36:02.544, 2, 0, 3, 97887
2026/07/08 16:36:02.556, 3, 0, 3, 97887
2026/07/08 16:36:02.562, 4, 0, 3, 97887
2026/07/08 16:36:02.571, 5, 0, 3, 97887
2026/07/08 16:36:02.582, 6, 0, 3, 97887
2026/07/08 16:36:02.596, 7, 0, 3, 97887
2026/07/08 16:36:03.613, 0, 0, 3, 97887
2026/07/08 16:36:03.629, 1, 0, 3, 97887
2026/07/08 16:36:03.645, 2, 0, 3, 97887
2026/07/08 16:36:03.662, 3, 0, 3, 97887
2026/07/08 16:36:03.677, 4, 0, 3, 97887
2026/07/08 16:36:03.693, 5, 0, 3, 97887
2026/07/08 16:36:03.706, 6, 0, 3, 97887
2026/07/08 16:36:03.720, 7, 0, 3, 97887
2026/07/08 16:36:04.733, 0, 0, 3, 97887
2026/07/08 16:36:04.748, 1, 0, 3, 97887
2026/07/08 16:36:04.763, 2, 0, 3, 97887
2026/07/08 16:36:04.777, 3, 0, 3, 97887
2026/07/08 16:36:04.790, 4, 0, 3, 97887
2026/07/08 16:36:04.806, 5, 0, 3, 97887
2026/07/08 16:36:04.822, 6, 0, 3, 97887
2026/07/08 16:36:04.839, 7, 0, 3, 97887
2026/07/08 16:36:05.857, 0, 0, 3, 97887
2026/07/08 16:36:05.878, 1, 0, 3, 97887
2026/07/08 16:36:05.897, 2, 0, 3, 97887
2026/07/08 16:36:05.914, 3, 0, 3, 97887
2026/07/08 16:36:05.933, 4, 0, 3, 97887
2026/07/08 16:36:05.948, 5, 0, 3, 97887
2026/07/08 16:36:05.962, 6, 0, 3, 97887
2026/07/08 16:36:05.975, 7, 0, 3, 97887
2026/07/08 16:36:06.987, 0, 0, 3, 97887
2026/07/08 16:36:07.002, 1, 0, 3, 97887
2026/07/08 16:36:07.017, 2, 0, 3, 97887
2026/07/08 16:36:07.032, 3, 0, 3, 97887
2026/07/08 16:36:07.045, 4, 0, 3, 97887
2026/07/08 16:36:07.060, 5, 0, 3, 97887
2026/07/08 16:36:07.074, 6, 0, 3, 97887
2026/07/08 16:36:07.089, 7, 0, 3, 97887
2026/07/08 16:36:08.103, 0, 0, 3, 97887
2026/07/08 16:36:08.119, 1, 0, 3, 97887
2026/07/08 16:36:08.133, 2, 0, 3, 97887
2026/07/08 16:36:08.148, 3, 0, 3, 97887
2026/07/08 16:36:08.165, 4, 0, 3, 97887
2026/07/08 16:36:08.181, 5, 0, 3, 97887
2026/07/08 16:36:08.197, 6, 0, 3, 97887
2026/07/08 16:36:08.212, 7, 0, 3, 97887
2026/07/08 16:36:09.227, 0, 0, 3, 97887
2026/07/08 16:36:09.242, 1, 0, 3, 97887
2026/07/08 16:36:09.257, 2, 0, 3, 97887
2026/07/08 16:36:09.268, 3, 0, 3, 97887
2026/07/08 16:36:09.280, 4, 0, 3, 97887
2026/07/08 16:36:09.295, 5, 0, 3, 97887
2026/07/08 16:36:09.308, 6, 0, 3, 97887
2026/07/08 16:36:09.326, 7, 0, 3, 97887
2026/07/08 16:36:10.342, 0, 0, 3, 97887
2026/07/08 16:36:10.359, 1, 0, 3, 97887
2026/07/08 16:36:10.379, 2, 0, 3, 97887
2026/07/08 16:36:10.392, 3, 0, 3, 97887
2026/07/08 16:36:10.404, 4, 0, 3, 97887
2026/07/08 16:36:10.415, 5, 0, 3, 97887
2026/07/08 16:36:10.427, 6, 0, 3, 97887
2026/07/08 16:36:10.436, 7, 0, 3, 97887
2026/07/08 16:36:11.448, 0, 0, 3, 97887
2026/07/08 16:36:11.462, 1, 0, 3, 97887
2026/07/08 16:36:11.474, 2, 0, 3, 97887
2026/07/08 16:36:11.485, 3, 0, 3, 97887
2026/07/08 16:36:11.497, 4, 0, 3, 97887
2026/07/08 16:36:11.508, 5, 0, 3, 97887
2026/07/08 16:36:11.524, 6, 0, 3, 97887
2026/07/08 16:36:11.539, 7, 0, 3, 97887
2026/07/08 16:36:12.553, 0, 0, 3, 97887
2026/07/08 16:36:12.563, 1, 0, 3, 97887
2026/07/08 16:36:12.572, 2, 0, 3, 97887
2026/07/08 16:36:12.581, 3, 0, 3, 97887
2026/07/08 16:36:12.593, 4, 0, 3, 97887
2026/07/08 16:36:12.607, 5, 0, 3, 97887
2026/07/08 16:36:12.623, 6, 0, 3, 97887
2026/07/08 16:36:12.639, 7, 0, 3, 97887
2026/07/08 16:36:13.655, 0, 0, 3, 97887
2026/07/08 16:36:13.668, 1, 0, 3, 97887
2026/07/08 16:36:13.683, 2, 0, 3, 97887
2026/07/08 16:36:13.696, 3, 0, 3, 97887
2026/07/08 16:36:13.711, 4, 0, 3, 97887
2026/07/08 16:36:13.724, 5, 0, 3, 97887
2026/07/08 16:36:13.741, 6, 0, 3, 97887
2026/07/08 16:36:13.754, 7, 0, 3, 97887
2026/07/08 16:36:14.766, 0, 0, 3, 97887
2026/07/08 16:36:14.786, 1, 0, 3, 97887
2026/07/08 16:36:14.800, 2, 0, 3, 97887
2026/07/08 16:36:14.814, 3, 0, 3, 97887
2026/07/08 16:36:14.830, 4, 0, 3, 97887
2026/07/08 16:36:14.850, 5, 0, 3, 97887
2026/07/08 16:36:14.869, 6, 0, 3, 97887
2026/07/08 16:36:14.887, 7, 0, 3, 97887
2026/07/08 16:36:15.906, 0, 0, 3, 97887
2026/07/08 16:36:15.922, 1, 0, 3, 97887
2026/07/08 16:36:15.937, 2, 0, 3, 97887
2026/07/08 16:36:15.955, 3, 0, 3, 97887
2026/07/08 16:36:15.973, 4, 0, 3, 97887
2026/07/08 16:36:15.993, 5, 0, 3, 97887
2026/07/08 16:36:16.011, 6, 0, 3, 97887
2026/07/08 16:36:16.029, 7, 0, 3, 97887
2026/07/08 16:36:17.047, 0, 0, 3, 97887
2026/07/08 16:36:17.061, 1, 0, 3, 97887
2026/07/08 16:36:17.075, 2, 0, 3, 97887
2026/07/08 16:36:17.093, 3, 0, 3, 97887
2026/07/08 16:36:17.108, 4, 0, 3, 97887
2026/07/08 16:36:17.123, 5, 0, 3, 97887
2026/07/08 16:36:17.138, 6, 0, 3, 97887
2026/07/08 16:36:17.154, 7, 0, 3, 97887
2026/07/08 16:36:18.164, 0, 0, 3, 97887
2026/07/08 16:36:18.178, 1, 0, 3, 97887
2026/07/08 16:36:18.192, 2, 0, 3, 97887
2026/07/08 16:36:18.204, 3, 0, 3, 97887
2026/07/08 16:36:18.219, 4, 0, 3, 97887
2026/07/08 16:36:18.230, 5, 0, 3, 97887
2026/07/08 16:36:18.239, 6, 0, 3, 97887
2026/07/08 16:36:18.251, 7, 0, 3, 97887
2026/07/08 16:36:19.267, 0, 0, 3, 97887
2026/07/08 16:36:19.284, 1, 0, 3, 97887
2026/07/08 16:36:19.300, 2, 0, 3, 97887
2026/07/08 16:36:19.315, 3, 0, 3, 97887
2026/07/08 16:36:19.331, 4, 0, 3, 97887
2026/07/08 16:36:19.341, 5, 0, 3, 97887
2026/07/08 16:36:19.357, 6, 0, 3, 97887
2026/07/08 16:36:19.373, 7, 0, 3, 97887
2026/07/08 16:36:20.391, 0, 0, 3, 97887
2026/07/08 16:36:20.407, 1, 0, 3, 97887
2026/07/08 16:36:20.425, 2, 0, 3, 97887
2026/07/08 16:36:20.443, 3, 0, 3, 97887
2026/07/08 16:36:20.462, 4, 0, 3, 97887
2026/07/08 16:36:20.479, 5, 0, 3, 97887
2026/07/08 16:36:20.497, 6, 0, 3, 97887
2026/07/08 16:36:20.512, 7, 0, 3, 97887
2026/07/08 16:36:21.530, 0, 0, 3, 97887
2026/07/08 16:36:21.548, 1, 0, 3, 97887
2026/07/08 16:36:21.564, 2, 0, 3, 97887
2026/07/08 16:36:21.581, 3, 0, 3, 97887
2026/07/08 16:36:21.600, 4, 0, 3, 97887
2026/07/08 16:36:21.617, 5, 0, 3, 97887
2026/07/08 16:36:21.634, 6, 0, 3, 97887
2026/07/08 16:36:21.648, 7, 0, 3, 97887
2026/07/08 16:36:22.662, 0, 0, 3, 97887
2026/07/08 16:36:22.681, 1, 0, 3, 97887
2026/07/08 16:36:22.697, 2, 0, 3, 97887
2026/07/08 16:36:22.712, 3, 0, 3, 97887
2026/07/08 16:36:22.725, 4, 0, 3, 97887
2026/07/08 16:36:22.737, 5, 0, 3, 97887
2026/07/08 16:36:22.750, 6, 0, 3, 97887
2026/07/08 16:36:22.767, 7, 0, 3, 97887
2026/07/08 16:36:23.780, 0, 0, 3, 97887
2026/07/08 16:36:23.796, 1, 0, 3, 97887
2026/07/08 16:36:23.812, 2, 0, 3, 97887
2026/07/08 16:36:23.826, 3, 0, 3, 97887
2026/07/08 16:36:23.843, 4, 0, 3, 97887
2026/07/08 16:36:23.857, 5, 0, 3, 97887
2026/07/08 16:36:23.872, 6, 0, 3, 97887
2026/07/08 16:36:23.889, 7, 0, 3, 97887
2026/07/08 16:36:24.903, 0, 0, 3, 97887
2026/07/08 16:36:24.921, 1, 0, 3, 97887
2026/07/08 16:36:24.939, 2, 0, 3, 97887
2026/07/08 16:36:24.956, 3, 0, 3, 97887
2026/07/08 16:36:24.974, 4, 0, 3, 97887
2026/07/08 16:36:24.989, 5, 0, 3, 97887
2026/07/08 16:36:25.006, 6, 0, 3, 97887
2026/07/08 16:36:25.018, 7, 0, 3, 97887
2026/07/08 16:36:26.031, 0, 0, 3, 97887
2026/07/08 16:36:26.045, 1, 0, 3, 97887
2026/07/08 16:36:26.059, 2, 0, 3, 97887
2026/07/08 16:36:26.068, 3, 0, 3, 97887
2026/07/08 16:36:26.080, 4, 0, 3, 97887
2026/07/08 16:36:26.092, 5, 0, 3, 97887
2026/07/08 16:36:26.104, 6, 0, 3, 97887
2026/07/08 16:36:26.118, 7, 0, 3, 97887
2026/07/08 16:36:27.132, 0, 0, 3, 97887
2026/07/08 16:36:27.142, 1, 0, 3, 97887
2026/07/08 16:36:27.157, 2, 0, 3, 97887
2026/07/08 16:36:27.174, 3, 0, 3, 97887
2026/07/08 16:36:27.185, 4, 0, 3, 97887
2026/07/08 16:36:27.197, 5, 0, 3, 97887
2026/07/08 16:36:27.208, 6, 0, 3, 97887
2026/07/08 16:36:27.220, 7, 0, 3, 97887
2026/07/08 16:36:28.231, 0, 0, 3, 97887
2026/07/08 16:36:28.245, 1, 0, 3, 97887
2026/07/08 16:36:28.260, 2, 0, 3, 97887
2026/07/08 16:36:28.272, 3, 0, 3, 97887
2026/07/08 16:36:28.286, 4, 0, 3, 97887
2026/07/08 16:36:28.303, 5, 0, 3, 97887
2026/07/08 16:36:28.316, 6, 0, 3, 97887
2026/07/08 16:36:28.331, 7, 0, 3, 97887
2026/07/08 16:36:29.345, 0, 0, 3, 97887
2026/07/08 16:36:29.357, 1, 0, 3, 97887
2026/07/08 16:36:29.371, 2, 0, 3, 97887
2026/07/08 16:36:29.381, 3, 0, 3, 97887
2026/07/08 16:36:29.391, 4, 0, 3, 97887
2026/07/08 16:36:29.404, 5, 0, 3, 97887
2026/07/08 16:36:29.424, 6, 0, 3, 97887
2026/07/08 16:36:29.439, 7, 0, 3, 97887
2026/07/08 16:36:30.452, 0, 0, 3, 97887
2026/07/08 16:36:30.469, 1, 0, 3, 97887
2026/07/08 16:36:30.481, 2, 0, 3, 97887
2026/07/08 16:36:30.494, 3, 0, 3, 97887
2026/07/08 16:36:30.510, 4, 0, 3, 97887
2026/07/08 16:36:30.527, 5, 0, 3, 97887
2026/07/08 16:36:30.544, 6, 0, 3, 97887
2026/07/08 16:36:30.562, 7, 0, 3, 97887
2026/07/08 16:36:31.582, 0, 0, 3, 97887
2026/07/08 16:36:31.599, 1, 0, 3, 97887
2026/07/08 16:36:31.618, 2, 0, 3, 97887
2026/07/08 16:36:31.635, 3, 0, 3, 97887
2026/07/08 16:36:31.653, 4, 0, 3, 97887
2026/07/08 16:36:31.668, 5, 0, 3, 97887
2026/07/08 16:36:31.686, 6, 0, 3, 97887
2026/07/08 16:36:31.704, 7, 0, 3, 97887
2026/07/08 16:36:32.720, 0, 0, 3, 97887
2026/07/08 16:36:32.738, 1, 0, 3, 97887
2026/07/08 16:36:32.751, 2, 0, 3, 97887
2026/07/08 16:36:32.766, 3, 0, 3, 97887
2026/07/08 16:36:32.783, 4, 0, 3, 97887
2026/07/08 16:36:32.801, 5, 0, 3, 97887
2026/07/08 16:36:32.818, 6, 0, 3, 97887
2026/07/08 16:36:32.833, 7, 0, 3, 97887
2026/07/08 16:36:33.848, 0, 0, 3, 97887
2026/07/08 16:36:33.864, 1, 0, 3, 97887
2026/07/08 16:36:33.879, 2, 0, 3, 97887
2026/07/08 16:36:33.895, 3, 0, 3, 97887
2026/07/08 16:36:33.911, 4, 0, 3, 97887
2026/07/08 16:36:33.929, 5, 0, 3, 97887
2026/07/08 16:36:33.942, 6, 0, 3, 97887
2026/07/08 16:36:33.958, 7, 0, 3, 97887
2026/07/08 16:36:34.974, 0, 0, 562, 97887
2026/07/08 16:36:34.993, 1, 0, 3, 97887
2026/07/08 16:36:35.010, 2, 0, 3, 97887
2026/07/08 16:36:35.027, 3, 0, 3, 97887
2026/07/08 16:36:35.045, 4, 0, 3, 97887
2026/07/08 16:36:35.062, 5, 0, 3, 97887
2026/07/08 16:36:35.081, 6, 0, 3, 97887
2026/07/08 16:36:35.098, 7, 0, 3, 97887
2026/07/08 16:36:36.114, 0, 0, 562, 97887
2026/07/08 16:36:36.131, 1, 0, 3, 97887
2026/07/08 16:36:36.147, 2, 0, 3, 97887
2026/07/08 16:36:36.163, 3, 0, 3, 97887
2026/07/08 16:36:36.185, 4, 0, 3, 97887
2026/07/08 16:36:36.203, 5, 0, 3, 97887
2026/07/08 16:36:36.220, 6, 0, 3, 97887
2026/07/08 16:36:36.236, 7, 0, 3, 97887
2026/07/08 16:36:37.251, 0, 0, 562, 97887
2026/07/08 16:36:37.268, 1, 0, 3, 97887
2026/07/08 16:36:37.283, 2, 0, 3, 97887
2026/07/08 16:36:37.295, 3, 0, 3, 97887
2026/07/08 16:36:37.306, 4, 0, 3, 97887
2026/07/08 16:36:37.322, 5, 0, 3, 97887
2026/07/08 16:36:37.336, 6, 0, 3, 97887
2026/07/08 16:36:37.351, 7, 0, 3, 97887
2026/07/08 16:36:38.367, 0, 0, 562, 97887
2026/07/08 16:36:38.385, 1, 0, 3, 97887
2026/07/08 16:36:38.404, 2, 0, 3, 97887
2026/07/08 16:36:38.420, 3, 0, 3, 97887
2026/07/08 16:36:38.439, 4, 0, 3, 97887
2026/07/08 16:36:38.467, 5, 0, 3, 97887
2026/07/08 16:36:38.485, 6, 0, 3, 97887
2026/07/08 16:36:38.504, 7, 0, 3, 97887
2026/07/08 16:36:39.525, 0, 0, 562, 97887
2026/07/08 16:36:39.541, 1, 0, 3, 97887
2026/07/08 16:36:39.558, 2, 0, 3, 97887
2026/07/08 16:36:39.576, 3, 0, 3, 97887
2026/07/08 16:36:39.591, 4, 0, 3, 97887
2026/07/08 16:36:39.607, 5, 0, 3, 97887
2026/07/08 16:36:39.623, 6, 0, 3, 97887
2026/07/08 16:36:39.637, 7, 0, 3, 97887
2026/07/08 16:36:40.655, 0, 0, 562, 97887
2026/07/08 16:36:40.668, 1, 0, 3, 97887
2026/07/08 16:36:40.680, 2, 0, 3, 97887
2026/07/08 16:36:40.696, 3, 0, 3, 97887
2026/07/08 16:36:40.710, 4, 0, 3, 97887
2026/07/08 16:36:40.724, 5, 0, 3, 97887
2026/07/08 16:36:40.738, 6, 0, 3, 97887
2026/07/08 16:36:40.752, 7, 0, 3, 97887
2026/07/08 16:36:41.765, 0, 0, 562, 97887
2026/07/08 16:36:41.775, 1, 0, 3, 97887
2026/07/08 16:36:41.792, 2, 0, 3, 97887
2026/07/08 16:36:41.808, 3, 0, 3, 97887
2026/07/08 16:36:41.824, 4, 0, 3, 97887
2026/07/08 16:36:41.840, 5, 0, 3, 97887
2026/07/08 16:36:41.856, 6, 0, 3, 97887
2026/07/08 16:36:41.870, 7, 0, 3, 97887
2026/07/08 16:36:42.884, 0, 0, 562, 97887
2026/07/08 16:36:42.903, 1, 0, 3, 97887
2026/07/08 16:36:42.921, 2, 0, 3, 97887
2026/07/08 16:36:42.938, 3, 0, 3, 97887
2026/07/08 16:36:42.954, 4, 0, 3, 97887
2026/07/08 16:36:42.970, 5, 0, 3, 97887
2026/07/08 16:36:42.992, 6, 0, 3, 97887
2026/07/08 16:36:43.009, 7, 0, 3, 97887
2026/07/08 16:36:44.027, 0, 0, 562, 97887
2026/07/08 16:36:44.043, 1, 0, 3, 97887
2026/07/08 16:36:44.061, 2, 0, 3, 97887
2026/07/08 16:36:44.075, 3, 0, 3, 97887
2026/07/08 16:36:44.089, 4, 0, 3, 97887
2026/07/08 16:36:44.100, 5, 0, 3, 97887
2026/07/08 16:36:44.114, 6, 0, 3, 97887
2026/07/08 16:36:44.128, 7, 0, 3, 97887
2026/07/08 16:36:45.146, 0, 0, 562, 97887
2026/07/08 16:36:45.162, 1, 0, 3, 97887
2026/07/08 16:36:45.175, 2, 0, 3, 97887
2026/07/08 16:36:45.191, 3, 0, 3, 97887
2026/07/08 16:36:45.208, 4, 0, 3, 97887
2026/07/08 16:36:45.223, 5, 0, 3, 97887
2026/07/08 16:36:45.237, 6, 0, 3, 97887
2026/07/08 16:36:45.254, 7, 0, 3, 97887
2026/07/08 16:36:46.273, 0, 0, 562, 97887
2026/07/08 16:36:46.287, 1, 0, 3, 97887
2026/07/08 16:36:46.299, 2, 0, 3, 97887
2026/07/08 16:36:46.314, 3, 0, 3, 97887
2026/07/08 16:36:46.327, 4, 0, 3, 97887
2026/07/08 16:36:46.340, 5, 0, 3, 97887
2026/07/08 16:36:46.353, 6, 0, 3, 97887
2026/07/08 16:36:46.366, 7, 0, 3, 97887
2026/07/08 16:36:47.378, 0, 0, 562, 97887
2026/07/08 16:36:47.394, 1, 0, 3, 97887
2026/07/08 16:36:47.411, 2, 0, 3, 97887
2026/07/08 16:36:47.430, 3, 0, 3, 97887
2026/07/08 16:36:47.447, 4, 0, 3, 97887
2026/07/08 16:36:47.464, 5, 0, 3, 97887
2026/07/08 16:36:47.480, 6, 0, 3, 97887
2026/07/08 16:36:47.498, 7, 0, 3, 97887
2026/07/08 16:36:48.514, 0, 0, 562, 97887
2026/07/08 16:36:48.533, 1, 0, 3, 97887
2026/07/08 16:36:48.550, 2, 0, 3, 97887
2026/07/08 16:36:48.568, 3, 0, 3, 97887
2026/07/08 16:36:48.583, 4, 0, 3, 97887
2026/07/08 16:36:48.603, 5, 0, 3, 97887
2026/07/08 16:36:48.619, 6, 0, 3, 97887
2026/07/08 16:36:48.636, 7, 0, 3, 97887
2026/07/08 16:36:49.652, 0, 0, 562, 97887
2026/07/08 16:36:49.726, 1, 0, 22, 97887
2026/07/08 16:36:49.855, 2, 0, 15, 97887
2026/07/08 16:36:49.871, 3, 0, 22, 97887
2026/07/08 16:36:49.966, 4, 0, 3, 97887
2026/07/08 16:36:50.008, 5, 0, 3, 97887
2026/07/08 16:36:50.061, 6, 0, 3, 97887
2026/07/08 16:36:50.084, 7, 0, 3, 97887
2026/07/08 16:36:51.100, 0, 0, 562, 97887
2026/07/08 16:36:51.116, 1, 0, 562, 97887
2026/07/08 16:36:51.128, 2, 0, 562, 97887
2026/07/08 16:36:51.139, 3, 0, 562, 97887
2026/07/08 16:36:51.150, 4, 0, 3, 97887
2026/07/08 16:36:51.162, 5, 0, 3, 97887
2026/07/08 16:36:51.170, 6, 0, 3, 97887
2026/07/08 16:36:51.177, 7, 0, 3, 97887
2026/07/08 16:36:52.185, 0, 0, 562, 97887
2026/07/08 16:36:52.198, 1, 0, 562, 97887
2026/07/08 16:36:52.212, 2, 0, 562, 97887
2026/07/08 16:36:52.227, 3, 0, 562, 97887
2026/07/08 16:36:52.247, 4, 0, 3, 97887
2026/07/08 16:36:52.263, 5, 0, 3, 97887
2026/07/08 16:36:52.279, 6, 0, 3, 97887
2026/07/08 16:36:52.295, 7, 0, 3, 97887
2026/07/08 16:36:53.314, 0, 0, 562, 97887
2026/07/08 16:36:53.331, 1, 0, 562, 97887
2026/07/08 16:36:53.349, 2, 0, 562, 97887
2026/07/08 16:36:53.366, 3, 0, 562, 97887
2026/07/08 16:36:53.383, 4, 0, 3, 97887
2026/07/08 16:36:53.399, 5, 0, 3, 97887
2026/07/08 16:36:53.415, 6, 0, 3, 97887
2026/07/08 16:36:53.437, 7, 0, 3, 97887
2026/07/08 16:36:54.454, 0, 0, 562, 97887
2026/07/08 16:36:54.470, 1, 0, 562, 97887
2026/07/08 16:36:54.486, 2, 0, 562, 97887
2026/07/08 16:36:54.501, 3, 0, 562, 97887
2026/07/08 16:36:54.516, 4, 0, 3, 97887
2026/07/08 16:36:54.530, 5, 0, 3, 97887
2026/07/08 16:36:54.544, 6, 0, 3, 97887
2026/07/08 16:36:54.559, 7, 0, 3, 97887
2026/07/08 16:36:55.575, 0, 0, 562, 97887
2026/07/08 16:36:55.587, 1, 0, 562, 97887
2026/07/08 16:36:55.599, 2, 0, 562, 97887
2026/07/08 16:36:55.610, 3, 0, 562, 97887
2026/07/08 16:36:55.620, 4, 0, 3, 97887
2026/07/08 16:36:55.631, 5, 0, 3, 97887
2026/07/08 16:36:55.642, 6, 0, 3, 97887
2026/07/08 16:36:55.652, 7, 0, 3, 97887
2026/07/08 16:36:56.668, 0, 2, 5102, 97887
2026/07/08 16:36:56.688, 1, 3, 5002, 97887
2026/07/08 16:36:56.703, 2, 3, 5082, 97887
2026/07/08 16:36:56.722, 3, 3, 6302, 97887
2026/07/08 16:36:56.741, 4, 0, 3, 97887
2026/07/08 16:36:56.755, 5, 0, 3, 97887
2026/07/08 16:36:56.773, 6, 0, 3, 97887
2026/07/08 16:36:56.787, 7, 0, 3, 97887
2026/07/08 16:36:57.803, 0, 0, 63662, 97887
2026/07/08 16:36:57.816, 1, 11, 63620, 97887
2026/07/08 16:36:57.828, 2, 55, 63586, 97887
2026/07/08 16:36:57.842, 3, 5, 63672, 97887
2026/07/08 16:36:57.855, 4, 0, 3, 97887
2026/07/08 16:36:57.867, 5, 0, 3, 97887
2026/07/08 16:36:57.879, 6, 0, 3, 97887
2026/07/08 16:36:57.893, 7, 0, 3, 97887
2026/07/08 16:36:58.904, 0, 0, 63714, 97887
2026/07/08 16:36:58.921, 1, 0, 63714, 97887
2026/07/08 16:36:58.936, 2, 0, 63714, 97887
2026/07/08 16:36:58.951, 3, 0, 63714, 97887
2026/07/08 16:36:58.964, 4, 0, 3, 97887
2026/07/08 16:36:58.976, 5, 0, 3, 97887
2026/07/08 16:36:58.992, 6, 0, 3, 97887
2026/07/08 16:36:59.004, 7, 0, 3, 97887
2026/07/08 16:37:00.019, 0, 2, 63714, 97887
2026/07/08 16:37:00.034, 1, 2, 63714, 97887
2026/07/08 16:37:00.045, 2, 2, 63714, 97887
2026/07/08 16:37:00.056, 3, 2, 63714, 97887
2026/07/08 16:37:00.069, 4, 0, 3, 97887
2026/07/08 16:37:00.081, 5, 0, 3, 97887
2026/07/08 16:37:00.092, 6, 0, 3, 97887
2026/07/08 16:37:00.108, 7, 0, 3, 97887
2026/07/08 16:37:01.124, 0, 0, 63714, 97887
2026/07/08 16:37:01.139, 1, 0, 63714, 97887
2026/07/08 16:37:01.151, 2, 0, 63714, 97887
2026/07/08 16:37:01.166, 3, 0, 63714, 97887
2026/07/08 16:37:01.177, 4, 0, 3, 97887
2026/07/08 16:37:01.195, 5, 0, 3, 97887
2026/07/08 16:37:01.208, 6, 0, 3, 97887
2026/07/08 16:37:01.222, 7, 0, 3, 97887
2026/07/08 16:37:02.236, 0, 3, 63714, 97887
2026/07/08 16:37:02.247, 1, 2, 63714, 97887
2026/07/08 16:37:02.262, 2, 6, 63714, 97887
2026/07/08 16:37:02.273, 3, 0, 63714, 97887
2026/07/08 16:37:02.287, 4, 0, 3, 97887
2026/07/08 16:37:02.300, 5, 0, 3, 97887
2026/07/08 16:37:02.313, 6, 0, 3, 97887
2026/07/08 16:37:02.326, 7, 0, 3, 97887
2026/07/08 16:37:03.338, 0, 4, 63714, 97887
2026/07/08 16:37:03.357, 1, 2, 63714, 97887
2026/07/08 16:37:03.371, 2, 2, 63714, 97887
2026/07/08 16:37:03.385, 3, 3, 63714, 97887
2026/07/08 16:37:03.394, 4, 0, 3, 97887
2026/07/08 16:37:03.404, 5, 0, 3, 97887
2026/07/08 16:37:03.414, 6, 0, 3, 97887
2026/07/08 16:37:03.427, 7, 0, 3, 97887
2026/07/08 16:37:04.442, 0, 2, 63714, 97887
2026/07/08 16:37:04.459, 1, 2, 63714, 97887
2026/07/08 16:37:04.474, 2, 2, 63714, 97887
2026/07/08 16:37:04.486, 3, 2, 63714, 97887
2026/07/08 16:37:04.501, 4, 0, 3, 97887
2026/07/08 16:37:04.515, 5, 0, 3, 97887
2026/07/08 16:37:04.531, 6, 0, 3, 97887
2026/07/08 16:37:04.546, 7, 0, 3, 97887
2026/07/08 16:37:05.563, 0, 3, 63714, 97887
2026/07/08 16:37:05.577, 1, 3, 63714, 97887
2026/07/08 16:37:05.591, 2, 3, 63714, 97887
2026/07/08 16:37:05.606, 3, 3, 63714, 97887
2026/07/08 16:37:05.620, 4, 0, 3, 97887
2026/07/08 16:37:05.635, 5, 0, 3, 97887
2026/07/08 16:37:05.650, 6, 0, 3, 97887
2026/07/08 16:37:05.663, 7, 0, 3, 97887
2026/07/08 16:37:06.678, 0, 3, 63714, 97887
2026/07/08 16:37:06.693, 1, 2, 63714, 97887
2026/07/08 16:37:06.706, 2, 3, 63714, 97887
2026/07/08 16:37:06.717, 3, 3, 63714, 97887
2026/07/08 16:37:06.732, 4, 0, 3, 97887
2026/07/08 16:37:06.747, 5, 0, 3, 97887
2026/07/08 16:37:06.760, 6, 0, 3, 97887
2026/07/08 16:37:06.777, 7, 0, 3, 97887
2026/07/08 16:37:07.792, 0, 3, 63714, 97887
2026/07/08 16:37:07.806, 1, 3, 63714, 97887
2026/07/08 16:37:07.819, 2, 2, 63714, 97887
2026/07/08 16:37:07.834, 3, 3, 63714, 97887
2026/07/08 16:37:07.848, 4, 0, 3, 97887
2026/07/08 16:37:07.862, 5, 0, 3, 97887
2026/07/08 16:37:07.877, 6, 0, 3, 97887
2026/07/08 16:37:07.891, 7, 0, 3, 97887
2026/07/08 16:37:08.905, 0, 3, 63714, 97887
2026/07/08 16:37:08.918, 1, 3, 63714, 97887
2026/07/08 16:37:08.931, 2, 3, 63714, 97887
2026/07/08 16:37:08.944, 3, 3, 63714, 97887
2026/07/08 16:37:08.958, 4, 0, 3, 97887
2026/07/08 16:37:08.972, 5, 0, 3, 97887
2026/07/08 16:37:08.989, 6, 0, 3, 97887
2026/07/08 16:37:09.003, 7, 0, 3, 97887
2026/07/08 16:37:10.017, 0, 3, 63714, 97887
2026/07/08 16:37:10.031, 1, 3, 63714, 97887
2026/07/08 16:37:10.041, 2, 3, 63714, 97887
2026/07/08 16:37:10.052, 3, 3, 63714, 97887
2026/07/08 16:37:10.064, 4, 0, 3, 97887
2026/07/08 16:37:10.076, 5, 0, 3, 97887
2026/07/08 16:37:10.087, 6, 0, 3, 97887
2026/07/08 16:37:10.099, 7, 0, 3, 97887
2026/07/08 16:37:11.111, 0, 3, 63714, 97887
2026/07/08 16:37:11.127, 1, 3, 63714, 97887
2026/07/08 16:37:11.142, 2, 2, 63714, 97887
2026/07/08 16:37:11.155, 3, 3, 63714, 97887
2026/07/08 16:37:11.164, 4, 0, 3, 97887
2026/07/08 16:37:11.174, 5, 0, 3, 97887
2026/07/08 16:37:11.182, 6, 0, 3, 97887
2026/07/08 16:37:11.191, 7, 0, 3, 97887
2026/07/08 16:37:12.201, 0, 3, 63714, 97887
2026/07/08 16:37:12.210, 1, 3, 63714, 97887
2026/07/08 16:37:12.222, 2, 2, 63714, 97887
2026/07/08 16:37:12.236, 3, 3, 63714, 97887
2026/07/08 16:37:12.251, 4, 0, 3, 97887
2026/07/08 16:37:12.263, 5, 0, 3, 97887
2026/07/08 16:37:12.277, 6, 0, 3, 97887
2026/07/08 16:37:12.290, 7, 0, 3, 97887
2026/07/08 16:37:13.303, 0, 3, 63714, 97887
2026/07/08 16:37:13.317, 1, 3, 63714, 97887
2026/07/08 16:37:13.330, 2, 3, 63714, 97887
2026/07/08 16:37:13.344, 3, 3, 63714, 97887
2026/07/08 16:37:13.361, 4, 0, 3, 97887
2026/07/08 16:37:13.379, 5, 0, 3, 97887
2026/07/08 16:37:13.391, 6, 0, 3, 97887
2026/07/08 16:37:13.402, 7, 0, 3, 97887
2026/07/08 16:37:14.414, 0, 3, 63714, 97887
2026/07/08 16:37:14.431, 1, 3, 63714, 97887
2026/07/08 16:37:14.447, 2, 3, 63714, 97887
2026/07/08 16:37:14.461, 3, 3, 63714, 97887
2026/07/08 16:37:14.478, 4, 0, 3, 97887
2026/07/08 16:37:14.493, 5, 0, 3, 97887
2026/07/08 16:37:14.510, 6, 0, 3, 97887
2026/07/08 16:37:14.527, 7, 0, 3, 97887
2026/07/08 16:37:15.544, 0, 3, 63714, 97887
2026/07/08 16:37:15.556, 1, 3, 63714, 97887
2026/07/08 16:37:15.567, 2, 3, 63714, 97887
2026/07/08 16:37:15.579, 3, 3, 63714, 97887
2026/07/08 16:37:15.589, 4, 0, 3, 97887
2026/07/08 16:37:15.599, 5, 0, 3, 97887
2026/07/08 16:37:15.610, 6, 0, 3, 97887
2026/07/08 16:37:15.620, 7, 0, 3, 97887
2026/07/08 16:37:16.632, 0, 3, 63714, 97887
2026/07/08 16:37:16.648, 1, 3, 63714, 97887
2026/07/08 16:37:16.665, 2, 2, 63714, 97887
2026/07/08 16:37:16.680, 3, 3, 63714, 97887
2026/07/08 16:37:16.699, 4, 0, 3, 97887
2026/07/08 16:37:16.714, 5, 0, 3, 97887
2026/07/08 16:37:16.729, 6, 0, 3, 97887
2026/07/08 16:37:16.747, 7, 0, 3, 97887
2026/07/08 16:37:17.763, 0, 3, 63714, 97887
2026/07/08 16:37:17.772, 1, 3, 63714, 97887
2026/07/08 16:37:17.783, 2, 3, 63714, 97887
2026/07/08 16:37:17.795, 3, 3, 63714, 97887
2026/07/08 16:37:17.806, 4, 0, 3, 97887
2026/07/08 16:37:17.817, 5, 0, 3, 97887
2026/07/08 16:37:17.828, 6, 0, 3, 97887
2026/07/08 16:37:17.840, 7, 0, 3, 97887
2026/07/08 16:37:18.853, 0, 3, 63714, 97887
2026/07/08 16:37:18.869, 1, 3, 63714, 97887
2026/07/08 16:37:18.883, 2, 3, 63714, 97887
2026/07/08 16:37:18.897, 3, 3, 63714, 97887
2026/07/08 16:37:18.910, 4, 0, 3, 97887
2026/07/08 16:37:18.923, 5, 0, 3, 97887
2026/07/08 16:37:18.936, 6, 0, 3, 97887
2026/07/08 16:37:18.950, 7, 0, 3, 97887
2026/07/08 16:37:19.962, 0, 3, 63714, 97887
2026/07/08 16:37:19.978, 1, 3, 63714, 97887
2026/07/08 16:37:19.994, 2, 3, 63714, 97887
2026/07/08 16:37:20.007, 3, 3, 63714, 97887
2026/07/08 16:37:20.020, 4, 0, 3, 97887
2026/07/08 16:37:20.032, 5, 0, 3, 97887
2026/07/08 16:37:20.042, 6, 0, 3, 97887
2026/07/08 16:37:20.052, 7, 0, 3, 97887
2026/07/08 16:37:21.065, 0, 3, 63714, 97887
2026/07/08 16:37:21.080, 1, 3, 63714, 97887
2026/07/08 16:37:21.094, 2, 3, 63714, 97887
2026/07/08 16:37:21.105, 3, 3, 63714, 97887
2026/07/08 16:37:21.120, 4, 0, 3, 97887
2026/07/08 16:37:21.134, 5, 0, 3, 97887
2026/07/08 16:37:21.147, 6, 0, 3, 97887
2026/07/08 16:37:21.161, 7, 0, 3, 97887
2026/07/08 16:37:22.171, 0, 3, 63714, 97887
2026/07/08 16:37:22.185, 1, 3, 63714, 97887
2026/07/08 16:37:22.199, 2, 3, 63714, 97887
2026/07/08 16:37:22.212, 3, 3, 63714, 97887
2026/07/08 16:37:22.225, 4, 0, 3, 97887
2026/07/08 16:37:22.237, 5, 0, 3, 97887
2026/07/08 16:37:22.251, 6, 0, 3, 97887
2026/07/08 16:37:22.264, 7, 0, 3, 97887
2026/07/08 16:37:23.279, 0, 2, 63714, 97887
2026/07/08 16:37:23.297, 1, 3, 63714, 97887
2026/07/08 16:37:23.311, 2, 2, 63714, 97887
2026/07/08 16:37:23.323, 3, 3, 63714, 97887
2026/07/08 16:37:23.336, 4, 0, 3, 97887
2026/07/08 16:37:23.347, 5, 0, 3, 97887
2026/07/08 16:37:23.360, 6, 0, 3, 97887
2026/07/08 16:37:23.377, 7, 0, 3, 97887
2026/07/08 16:37:24.392, 0, 2, 63714, 97887
2026/07/08 16:37:24.407, 1, 3, 63714, 97887
2026/07/08 16:37:24.420, 2, 3, 63714, 97887
2026/07/08 16:37:24.433, 3, 3, 63714, 97887
2026/07/08 16:37:24.447, 4, 0, 3, 97887
2026/07/08 16:37:24.461, 5, 0, 3, 97887
2026/07/08 16:37:24.476, 6, 0, 3, 97887
2026/07/08 16:37:24.491, 7, 0, 3, 97887
2026/07/08 16:37:25.506, 0, 3, 63714, 97887
2026/07/08 16:37:25.518, 1, 2, 63714, 97887
2026/07/08 16:37:25.530, 2, 3, 63714, 97887
2026/07/08 16:37:25.544, 3, 2, 63714, 97887
2026/07/08 16:37:25.556, 4, 0, 3, 97887
2026/07/08 16:37:25.571, 5, 0, 3, 97887
2026/07/08 16:37:25.586, 6, 0, 3, 97887
2026/07/08 16:37:25.599, 7, 0, 3, 97887
2026/07/08 16:37:26.613, 0, 3, 63714, 97887
2026/07/08 16:37:26.627, 1, 3, 63714, 97887
2026/07/08 16:37:26.642, 2, 2, 63714, 97887
2026/07/08 16:37:26.657, 3, 2, 63714, 97887
2026/07/08 16:37:26.671, 4, 0, 3, 97887
2026/07/08 16:37:26.687, 5, 0, 3, 97887
2026/07/08 16:37:26.700, 6, 0, 3, 97887
2026/07/08 16:37:26.716, 7, 0, 3, 97887
2026/07/08 16:37:27.731, 0, 3, 63714, 97887
2026/07/08 16:37:27.746, 1, 3, 63714, 97887
2026/07/08 16:37:27.760, 2, 3, 63714, 97887
2026/07/08 16:37:27.774, 3, 3, 63714, 97887
2026/07/08 16:37:27.790, 4, 0, 3, 97887
2026/07/08 16:37:27.807, 5, 0, 3, 97887
2026/07/08 16:37:27.823, 6, 0, 3, 97887
2026/07/08 16:37:27.837, 7, 0, 3, 97887
2026/07/08 16:37:28.851, 0, 3, 63714, 97887
2026/07/08 16:37:28.864, 1, 3, 63714, 97887
2026/07/08 16:37:28.875, 2, 3, 63714, 97887
2026/07/08 16:37:28.885, 3, 3, 63714, 97887
2026/07/08 16:37:28.895, 4, 0, 3, 97887
2026/07/08 16:37:28.905, 5, 0, 3, 97887
2026/07/08 16:37:28.915, 6, 0, 3, 97887
2026/07/08 16:37:28.925, 7, 0, 3, 97887
2026/07/08 16:37:29.937, 0, 3, 63714, 97887
2026/07/08 16:37:29.951, 1, 3, 63714, 97887
2026/07/08 16:37:29.963, 2, 2, 63714, 97887
2026/07/08 16:37:29.976, 3, 3, 63714, 97887
2026/07/08 16:37:29.989, 4, 0, 3, 97887
2026/07/08 16:37:30.003, 5, 0, 3, 97887
2026/07/08 16:37:30.015, 6, 0, 3, 97887
2026/07/08 16:37:30.029, 7, 0, 3, 97887
2026/07/08 16:37:31.042, 0, 3, 63714, 97887
2026/07/08 16:37:31.058, 1, 3, 63714, 97887
2026/07/08 16:37:31.071, 2, 3, 63714, 97887
2026/07/08 16:37:31.083, 3, 3, 63714, 97887
2026/07/08 16:37:31.095, 4, 0, 3, 97887
2026/07/08 16:37:31.109, 5, 0, 3, 97887
2026/07/08 16:37:31.126, 6, 0, 3, 97887
2026/07/08 16:37:31.140, 7, 0, 3, 97887
2026/07/08 16:37:32.154, 0, 3, 63714, 97887
2026/07/08 16:37:32.170, 1, 3, 63714, 97887
2026/07/08 16:37:32.184, 2, 3, 63714, 97887
2026/07/08 16:37:32.195, 3, 3, 63714, 97887
2026/07/08 16:37:32.209, 4, 0, 3, 97887
2026/07/08 16:37:32.222, 5, 0, 3, 97887
2026/07/08 16:37:32.236, 6, 0, 3, 97887
2026/07/08 16:37:32.247, 7, 0, 3, 97887
2026/07/08 16:37:33.260, 0, 3, 63714, 97887
2026/07/08 16:37:33.272, 1, 2, 63714, 97887
2026/07/08 16:37:33.287, 2, 3, 63714, 97887
2026/07/08 16:37:33.302, 3, 3, 63714, 97887
2026/07/08 16:37:33.316, 4, 0, 3, 97887
2026/07/08 16:37:33.328, 5, 0, 3, 97887
2026/07/08 16:37:33.341, 6, 0, 3, 97887
2026/07/08 16:37:33.354, 7, 0, 3, 97887
2026/07/08 16:37:34.367, 0, 3, 63714, 97887
2026/07/08 16:37:34.381, 1, 3, 63714, 97887
2026/07/08 16:37:34.389, 2, 3, 63714, 97887
2026/07/08 16:37:34.397, 3, 3, 63714, 97887
2026/07/08 16:37:34.406, 4, 0, 3, 97887
2026/07/08 16:37:34.418, 5, 0, 3, 97887
2026/07/08 16:37:34.430, 6, 0, 3, 97887
2026/07/08 16:37:34.444, 7, 0, 3, 97887
2026/07/08 16:37:35.460, 0, 0, 63714, 97887
2026/07/08 16:37:35.471, 1, 3, 63714, 97887
2026/07/08 16:37:35.479, 2, 3, 63714, 97887
2026/07/08 16:37:35.488, 3, 0, 63714, 97887
2026/07/08 16:37:35.498, 4, 0, 3, 97887
2026/07/08 16:37:35.507, 5, 0, 3, 97887
2026/07/08 16:37:35.517, 6, 0, 3, 97887
2026/07/08 16:37:35.527, 7, 0, 3, 97887
2026/07/08 16:37:36.536, 0, 100, 46774, 97887
2026/07/08 16:37:36.547, 1, 0, 63714, 97887
2026/07/08 16:37:36.558, 2, 24, 46774, 97887
2026/07/08 16:37:36.567, 3, 100, 46774, 97887
2026/07/08 16:37:36.578, 4, 0, 3, 97887
2026/07/08 16:37:36.592, 5, 0, 3, 97887
2026/07/08 16:37:36.607, 6, 0, 3, 97887
2026/07/08 16:37:36.618, 7, 0, 3, 97887
2026/07/08 16:37:37.628, 0, 0, 46796, 97887
2026/07/08 16:37:37.645, 1, 0, 46802, 97887
2026/07/08 16:37:37.659, 2, 0, 46804, 97887
2026/07/08 16:37:37.672, 3, 0, 46802, 97887
2026/07/08 16:37:37.686, 4, 0, 3, 97887
2026/07/08 16:37:37.700, 5, 0, 3, 97887
2026/07/08 16:37:37.713, 6, 0, 3, 97887
2026/07/08 16:37:37.722, 7, 0, 3, 97887
2026/07/08 16:37:38.732, 0, 0, 46804, 97887
2026/07/08 16:37:38.749, 1, 100, 46802, 97887
2026/07/08 16:37:38.764, 2, 0, 46804, 97887
2026/07/08 16:37:38.779, 3, 0, 46836, 97887
2026/07/08 16:37:38.795, 4, 0, 3, 97887
2026/07/08 16:37:38.809, 5, 0, 3, 97887
2026/07/08 16:37:38.824, 6, 0, 3, 97887
2026/07/08 16:37:38.836, 7, 0, 3, 97887
2026/07/08 16:37:39.854, 0, 0, 46840, 97887
2026/07/08 16:37:39.869, 1, 0, 46836, 97887
2026/07/08 16:37:39.881, 2, 0, 46838, 97887
2026/07/08 16:37:39.891, 3, 0, 46836, 97887
2026/07/08 16:37:39.903, 4, 0, 3, 97887
2026/07/08 16:37:39.915, 5, 0, 3, 97887
2026/07/08 16:37:39.929, 6, 0, 3, 97887
2026/07/08 16:37:39.946, 7, 0, 3, 97887
2026/07/08 16:37:40.962, 0, 0, 46840, 97887
2026/07/08 16:37:40.976, 1, 100, 46836, 97887
2026/07/08 16:37:40.992, 2, 21, 46838, 97887
2026/07/08 16:37:41.007, 3, 86, 46836, 97887
2026/07/08 16:37:41.020, 4, 0, 3, 97887
2026/07/08 16:37:41.033, 5, 0, 3, 97887
2026/07/08 16:37:41.047, 6, 0, 3, 97887
2026/07/08 16:37:41.058, 7, 0, 3, 97887
2026/07/08 16:37:42.070, 0, 6, 46840, 97887
2026/07/08 16:37:42.084, 1, 5, 46836, 97887
2026/07/08 16:37:42.100, 2, 6, 46838, 97887
2026/07/08 16:37:42.115, 3, 5, 46836, 97887
2026/07/08 16:37:42.129, 4, 0, 3, 97887
2026/07/08 16:37:42.142, 5, 0, 3, 97887
2026/07/08 16:37:42.157, 6, 0, 3, 97887
2026/07/08 16:37:42.172, 7, 0, 3, 97887
2026/07/08 16:37:43.187, 0, 6, 46840, 97887
2026/07/08 16:37:43.203, 1, 5, 46836, 97887
2026/07/08 16:37:43.219, 2, 5, 46838, 97887
2026/07/08 16:37:43.233, 3, 5, 46836, 97887
2026/07/08 16:37:43.246, 4, 0, 3, 97887
2026/07/08 16:37:43.257, 5, 0, 3, 97887
2026/07/08 16:37:43.266, 6, 0, 3, 97887
2026/07/08 16:37:43.275, 7, 0, 3, 97887
2026/07/08 16:37:44.286, 0, 5, 46840, 97887
2026/07/08 16:37:44.302, 1, 5, 46836, 97887
2026/07/08 16:37:44.318, 2, 6, 46838, 97887
2026/07/08 16:37:44.333, 3, 5, 46836, 97887
2026/07/08 16:37:44.347, 4, 0, 3, 97887
2026/07/08 16:37:44.362, 5, 0, 3, 97887
2026/07/08 16:37:44.375, 6, 0, 3, 97887
2026/07/08 16:37:44.390, 7, 0, 3, 97887
2026/07/08 16:37:45.398, 0, 5, 46840, 97887
2026/07/08 16:37:45.412, 1, 5, 46836, 97887
2026/07/08 16:37:45.429, 2, 5, 46838, 97887
2026/07/08 16:37:45.445, 3, 6, 46836, 97887
2026/07/08 16:37:45.458, 4, 0, 3, 97887
2026/07/08 16:37:45.474, 5, 0, 3, 97887
2026/07/08 16:37:45.489, 6, 0, 3, 97887
2026/07/08 16:37:45.504, 7, 0, 3, 97887
2026/07/08 16:37:46.522, 0, 6, 46840, 97887
2026/07/08 16:37:46.537, 1, 5, 46836, 97887
2026/07/08 16:37:46.555, 2, 6, 46838, 97887
2026/07/08 16:37:46.572, 3, 6, 46836, 97887
2026/07/08 16:37:46.591, 4, 0, 3, 97887
2026/07/08 16:37:46.609, 5, 0, 3, 97887
2026/07/08 16:37:46.626, 6, 0, 3, 97887
2026/07/08 16:37:46.643, 7, 0, 3, 97887
2026/07/08 16:37:47.660, 0, 65, 46840, 97887
2026/07/08 16:37:47.678, 1, 28, 46836, 97887
2026/07/08 16:37:47.695, 2, 36, 46838, 97887
2026/07/08 16:37:47.713, 3, 6, 46836, 97887
2026/07/08 16:37:47.729, 4, 0, 3, 97887
2026/07/08 16:37:47.745, 5, 0, 3, 97887
2026/07/08 16:37:47.760, 6, 0, 3, 97887
2026/07/08 16:37:47.774, 7, 0, 3, 97887
2026/07/08 16:37:48.789, 0, 4, 57060, 97887
2026/07/08 16:37:48.799, 1, 8, 57056, 97887
2026/07/08 16:37:48.810, 2, 16, 57058, 97887
2026/07/08 16:37:48.821, 3, 15, 57056, 97887
2026/07/08 16:37:48.831, 4, 0, 3, 97887
2026/07/08 16:37:48.841, 5, 0, 3, 97887
2026/07/08 16:37:48.853, 6, 0, 3, 97887
2026/07/08 16:37:48.864, 7, 0, 3, 97887
2026/07/08 16:37:49.878, 0, 11, 57060, 97887
2026/07/08 16:37:49.889, 1, 10, 57056, 97887
2026/07/08 16:37:49.901, 2, 13, 57058, 97887
2026/07/08 16:37:49.912, 3, 11, 57056, 97887
2026/07/08 16:37:49.926, 4, 0, 3, 97887
2026/07/08 16:37:49.938, 5, 0, 3, 97887
2026/07/08 16:37:49.949, 6, 0, 3, 97887
2026/07/08 16:37:49.959, 7, 0, 3, 97887
2026/07/08 16:37:50.969, 0, 10, 57060, 97887
2026/07/08 16:37:50.981, 1, 11, 57056, 97887
2026/07/08 16:37:50.994, 2, 10, 57058, 97887
2026/07/08 16:37:51.007, 3, 10, 57056, 97887
2026/07/08 16:37:51.019, 4, 0, 3, 97887
2026/07/08 16:37:51.030, 5, 0, 3, 97887
2026/07/08 16:37:51.043, 6, 0, 3, 97887
2026/07/08 16:37:51.054, 7, 0, 3, 97887
2026/07/08 16:37:52.066, 0, 11, 57060, 97887
2026/07/08 16:37:52.082, 1, 11, 57056, 97887
2026/07/08 16:37:52.097, 2, 11, 57058, 97887
2026/07/08 16:37:52.112, 3, 10, 57056, 97887
2026/07/08 16:37:52.123, 4, 0, 3, 97887
2026/07/08 16:37:52.135, 5, 0, 3, 97887
2026/07/08 16:37:52.144, 6, 0, 3, 97887
2026/07/08 16:37:52.152, 7, 0, 3, 97887
2026/07/08 16:37:53.161, 0, 12, 57060, 97887
2026/07/08 16:37:53.175, 1, 11, 57056, 97887
2026/07/08 16:37:53.188, 2, 6, 57058, 97887
2026/07/08 16:37:53.201, 3, 11, 57056, 97887
2026/07/08 16:37:53.214, 4, 0, 3, 97887
2026/07/08 16:37:53.229, 5, 0, 3, 97887
2026/07/08 16:37:53.242, 6, 0, 3, 97887
2026/07/08 16:37:53.257, 7, 0, 3, 97887
2026/07/08 16:37:54.269, 0, 11, 57060, 97887
2026/07/08 16:37:54.285, 1, 11, 57056, 97887
2026/07/08 16:37:54.298, 2, 5, 57058, 97887
2026/07/08 16:37:54.314, 3, 5, 57056, 97887
2026/07/08 16:37:54.329, 4, 0, 3, 97887
2026/07/08 16:37:54.346, 5, 0, 3, 97887
2026/07/08 16:37:54.359, 6, 0, 3, 97887
2026/07/08 16:37:54.372, 7, 0, 3, 97887
2026/07/08 16:37:55.386, 0, 100, 57060, 97887
2026/07/08 16:37:55.402, 1, 5, 57056, 97887
2026/07/08 16:37:55.415, 2, 5, 57058, 97887
2026/07/08 16:37:55.427, 3, 6, 57056, 97887
2026/07/08 16:37:55.440, 4, 0, 3, 97887
2026/07/08 16:37:55.451, 5, 0, 3, 97887
2026/07/08 16:37:55.464, 6, 0, 3, 97887
2026/07/08 16:37:55.476, 7, 0, 3, 97887
2026/07/08 16:37:56.488, 0, 0, 57056, 97887
2026/07/08 16:37:56.502, 1, 0, 54456, 97887
2026/07/08 16:37:56.514, 2, 0, 57056, 97887
2026/07/08 16:37:56.528, 3, 12, 46816, 97887
2026/07/08 16:37:56.542, 4, 0, 3, 97887
2026/07/08 16:37:56.555, 5, 0, 3, 97887
2026/07/08 16:37:56.570, 6, 0, 3, 97887
2026/07/08 16:37:56.585, 7, 0, 3, 97887
2026/07/08 16:37:57.598, 0, 3, 46820, 97887
2026/07/08 16:37:57.612, 1, 3, 46820, 97887
2026/07/08 16:37:57.624, 2, 4, 46820, 97887
2026/07/08 16:37:57.637, 3, 4, 46820, 97887
2026/07/08 16:37:57.648, 4, 0, 3, 97887
2026/07/08 16:37:57.659, 5, 0, 3, 97887
2026/07/08 16:37:57.673, 6, 0, 3, 97887
2026/07/08 16:37:57.682, 7, 0, 3, 97887
2026/07/08 16:37:58.699, 0, 4, 46826, 97887
2026/07/08 16:37:58.713, 1, 4, 46826, 97887
2026/07/08 16:37:58.726, 2, 4, 46826, 97887
2026/07/08 16:37:58.739, 3, 4, 46826, 97887
2026/07/08 16:37:58.752, 4, 0, 3, 97887
2026/07/08 16:37:58.765, 5, 0, 3, 97887
2026/07/08 16:37:58.777, 6, 0, 3, 97887
2026/07/08 16:37:58.790, 7, 0, 3, 97887
2026/07/08 16:37:59.803, 0, 4, 46832, 97887
2026/07/08 16:37:59.815, 1, 4, 46832, 97887
2026/07/08 16:37:59.829, 2, 4, 46832, 97887
2026/07/08 16:37:59.843, 3, 4, 46832, 97887
2026/07/08 16:37:59.859, 4, 0, 3, 97887
2026/07/08 16:37:59.873, 5, 0, 3, 97887
2026/07/08 16:37:59.889, 6, 0, 3, 97887
2026/07/08 16:37:59.904, 7, 0, 3, 97887
2026/07/08 16:38:00.920, 0, 4, 46836, 97887
2026/07/08 16:38:00.934, 1, 4, 46838, 97887
2026/07/08 16:38:00.948, 2, 4, 46838, 97887
2026/07/08 16:38:00.961, 3, 4, 46838, 97887
2026/07/08 16:38:00.974, 4, 0, 3, 97887
2026/07/08 16:38:00.986, 5, 0, 3, 97887
2026/07/08 16:38:01.000, 6, 0, 3, 97887
2026/07/08 16:38:01.012, 7, 0, 3, 97887
2026/07/08 16:38:02.027, 0, 4, 46842, 97887
2026/07/08 16:38:02.040, 1, 4, 46844, 97887
2026/07/08 16:38:02.052, 2, 4, 46842, 97887
2026/07/08 16:38:02.064, 3, 4, 46844, 97887
2026/07/08 16:38:02.077, 4, 0, 3, 97887
2026/07/08 16:38:02.090, 5, 0, 3, 97887
2026/07/08 16:38:02.103, 6, 0, 3, 97887
2026/07/08 16:38:02.118, 7, 0, 3, 97887
2026/07/08 16:38:03.130, 0, 4, 46848, 97887
2026/07/08 16:38:03.141, 1, 5, 46848, 97887
2026/07/08 16:38:03.154, 2, 4, 46848, 97887
2026/07/08 16:38:03.167, 3, 4, 46850, 97887
2026/07/08 16:38:03.183, 4, 0, 3, 97887
2026/07/08 16:38:03.200, 5, 0, 3, 97887
2026/07/08 16:38:03.215, 6, 0, 3, 97887
2026/07/08 16:38:03.231, 7, 0, 3, 97887
2026/07/08 16:38:04.243, 0, 4, 46854, 97887
2026/07/08 16:38:04.260, 1, 4, 46854, 97887
2026/07/08 16:38:04.276, 2, 4, 46854, 97887
2026/07/08 16:38:04.290, 3, 72, 46854, 97887
2026/07/08 16:38:04.306, 4, 0, 3, 97887
2026/07/08 16:38:04.323, 5, 0, 3, 97887
2026/07/08 16:38:04.340, 6, 0, 3, 97887
2026/07/08 16:38:04.358, 7, 0, 3, 97887
2026/07/08 16:38:05.376, 0, 0, 46876, 97887
2026/07/08 16:38:05.389, 1, 0, 46874, 97887
2026/07/08 16:38:05.403, 2, 0, 46876, 97887
2026/07/08 16:38:05.416, 3, 0, 46874, 97887
2026/07/08 16:38:05.430, 4, 0, 3, 97887
2026/07/08 16:38:05.444, 5, 0, 3, 97887
2026/07/08 16:38:05.457, 6, 0, 3, 97887
2026/07/08 16:38:05.470, 7, 0, 3, 97887
2026/07/08 16:38:06.487, 0, 0, 46878, 97887
2026/07/08 16:38:06.504, 1, 64, 46874, 97887
2026/07/08 16:38:06.518, 2, 0, 46876, 97887
2026/07/08 16:38:06.533, 3, 0, 46874, 97887
2026/07/08 16:38:06.545, 4, 0, 3, 97887
2026/07/08 16:38:06.560, 5, 0, 3, 97887
2026/07/08 16:38:06.575, 6, 0, 3, 97887
2026/07/08 16:38:06.591, 7, 0, 3, 97887
2026/07/08 16:38:07.605, 0, 0, 46878, 97887
2026/07/08 16:38:07.623, 1, 0, 46874, 97887
2026/07/08 16:38:07.644, 2, 0, 46876, 97887
2026/07/08 16:38:07.658, 3, 0, 46874, 97887
2026/07/08 16:38:07.673, 4, 0, 3, 97887
2026/07/08 16:38:07.688, 5, 0, 3, 97887
2026/07/08 16:38:07.703, 6, 0, 3, 97887
2026/07/08 16:38:07.718, 7, 0, 3, 97887
2026/07/08 16:38:08.733, 0, 6, 46878, 97887
2026/07/08 16:38:08.748, 1, 5, 46874, 97887
2026/07/08 16:38:08.761, 2, 6, 46876, 97887
2026/07/08 16:38:08.778, 3, 6, 46874, 97887
2026/07/08 16:38:08.791, 4, 0, 3, 97887
2026/07/08 16:38:08.806, 5, 0, 3, 97887
2026/07/08 16:38:08.821, 6, 0, 3, 97887
2026/07/08 16:38:08.834, 7, 0, 3, 97887
2026/07/08 16:38:09.848, 0, 6, 46878, 97887
2026/07/08 16:38:09.863, 1, 5, 46874, 97887
2026/07/08 16:38:09.879, 2, 6, 46876, 97887
2026/07/08 16:38:09.893, 3, 6, 46874, 97887
2026/07/08 16:38:09.908, 4, 0, 3, 97887
2026/07/08 16:38:09.921, 5, 0, 3, 97887
2026/07/08 16:38:09.937, 6, 0, 3, 97887
2026/07/08 16:38:09.951, 7, 0, 3, 97887
2026/07/08 16:38:10.966, 0, 5, 46878, 97887
2026/07/08 16:38:10.982, 1, 5, 46874, 97887
2026/07/08 16:38:10.997, 2, 6, 46876, 97887
2026/07/08 16:38:11.008, 3, 5, 46874, 97887
2026/07/08 16:38:11.020, 4, 0, 3, 97887
2026/07/08 16:38:11.031, 5, 0, 3, 97887
2026/07/08 16:38:11.044, 6, 0, 3, 97887
2026/07/08 16:38:11.058, 7, 0, 3, 97887
2026/07/08 16:38:12.074, 0, 6, 46878, 97887
2026/07/08 16:38:12.088, 1, 5, 46874, 97887
2026/07/08 16:38:12.103, 2, 6, 46876, 97887
2026/07/08 16:38:12.117, 3, 6, 46874, 97887
2026/07/08 16:38:12.131, 4, 0, 3, 97887
2026/07/08 16:38:12.145, 5, 0, 3, 97887
2026/07/08 16:38:12.164, 6, 0, 3, 97887
2026/07/08 16:38:12.177, 7, 0, 3, 97887
2026/07/08 16:38:13.190, 0, 5, 46878, 97887
2026/07/08 16:38:13.207, 1, 6, 46874, 97887
2026/07/08 16:38:13.223, 2, 6, 46876, 97887
2026/07/08 16:38:13.237, 3, 6, 46874, 97887
2026/07/08 16:38:13.249, 4, 0, 3, 97887
2026/07/08 16:38:13.263, 5, 0, 3, 97887
2026/07/08 16:38:13.277, 6, 0, 3, 97887
2026/07/08 16:38:13.291, 7, 0, 3, 97887
2026/07/08 16:38:14.305, 0, 5, 46878, 97887
2026/07/08 16:38:14.322, 1, 5, 46874, 97887
2026/07/08 16:38:14.339, 2, 42, 46876, 97887
2026/07/08 16:38:14.356, 3, 100, 46874, 97887
2026/07/08 16:38:14.373, 4, 0, 3, 97887
2026/07/08 16:38:14.392, 5, 0, 3, 97887
2026/07/08 16:38:14.408, 6, 0, 3, 97887
2026/07/08 16:38:14.426, 7, 0, 3, 97887
2026/07/08 16:38:15.444, 0, 0, 46878, 97887
2026/07/08 16:38:15.466, 1, 100, 46874, 97887
2026/07/08 16:38:15.488, 2, 100, 46876, 97887
2026/07/08 16:38:15.509, 3, 80, 46874, 97887
2026/07/08 16:38:15.532, 4, 0, 3, 97887
2026/07/08 16:38:15.555, 5, 0, 3, 97887
2026/07/08 16:38:15.574, 6, 0, 3, 97887
2026/07/08 16:38:15.590, 7, 0, 3, 97887
2026/07/08 16:38:16.606, 0, 4, 57094, 97887
2026/07/08 16:38:16.629, 1, 5, 57094, 97887
2026/07/08 16:38:16.645, 2, 45, 57094, 97887
2026/07/08 16:38:16.660, 3, 9, 57094, 97887
2026/07/08 16:38:16.680, 4, 0, 3, 97887
2026/07/08 16:38:16.698, 5, 0, 3, 97887
2026/07/08 16:38:16.716, 6, 0, 3, 97887
2026/07/08 16:38:16.734, 7, 0, 3, 97887
2026/07/08 16:38:17.750, 0, 4, 57100, 97887
2026/07/08 16:38:17.762, 1, 4, 57100, 97887
2026/07/08 16:38:17.774, 2, 4, 57100, 97887
2026/07/08 16:38:17.786, 3, 4, 57100, 97887
2026/07/08 16:38:17.798, 4, 0, 3, 97887
2026/07/08 16:38:17.810, 5, 0, 3, 97887
2026/07/08 16:38:17.825, 6, 0, 3, 97887
2026/07/08 16:38:17.839, 7, 0, 3, 97887
2026/07/08 16:38:18.850, 0, 4, 57106, 97887
2026/07/08 16:38:18.870, 1, 4, 57106, 97887
2026/07/08 16:38:18.886, 2, 4, 57106, 97887
2026/07/08 16:38:18.899, 3, 2, 57106, 97887
2026/07/08 16:38:18.913, 4, 0, 3, 97887
2026/07/08 16:38:18.928, 5, 0, 3, 97887
2026/07/08 16:38:18.943, 6, 0, 3, 97887
2026/07/08 16:38:18.965, 7, 0, 3, 97887
2026/07/08 16:38:19.983, 0, 4, 57112, 97887
2026/07/08 16:38:19.999, 1, 4, 57112, 97887
2026/07/08 16:38:20.013, 2, 4, 57112, 97887
2026/07/08 16:38:20.027, 3, 5, 57112, 97887
2026/07/08 16:38:20.037, 4, 0, 3, 97887
2026/07/08 16:38:20.047, 5, 0, 3, 97887
2026/07/08 16:38:20.056, 6, 0, 3, 97887
2026/07/08 16:38:20.071, 7, 0, 3, 97887
2026/07/08 16:38:21.079, 0, 4, 57116, 97887
2026/07/08 16:38:21.091, 1, 4, 57116, 97887
2026/07/08 16:38:21.106, 2, 4, 57118, 97887
2026/07/08 16:38:21.118, 3, 4, 57118, 97887
2026/07/08 16:38:21.125, 4, 0, 3, 97887
2026/07/08 16:38:21.136, 5, 0, 3, 97887
2026/07/08 16:38:21.148, 6, 0, 3, 97887
2026/07/08 16:38:21.161, 7, 0, 3, 97887
2026/07/08 16:38:22.170, 0, 1, 57122, 97887
2026/07/08 16:38:22.188, 1, 3, 57122, 97887
2026/07/08 16:38:22.202, 2, 4, 57122, 97887
2026/07/08 16:38:22.214, 3, 3, 57122, 97887
2026/07/08 16:38:22.228, 4, 0, 3, 97887
2026/07/08 16:38:22.243, 5, 0, 3, 97887
2026/07/08 16:38:22.258, 6, 0, 3, 97887
2026/07/08 16:38:22.273, 7, 0, 3, 97887
2026/07/08 16:38:23.288, 0, 4, 57128, 97887
2026/07/08 16:38:23.303, 1, 4, 57128, 97887
2026/07/08 16:38:23.312, 2, 4, 57128, 97887
2026/07/08 16:38:23.324, 3, 4, 57128, 97887
2026/07/08 16:38:23.338, 4, 0, 3, 97887
2026/07/08 16:38:23.353, 5, 0, 3, 97887
2026/07/08 16:38:23.369, 6, 0, 3, 97887
2026/07/08 16:38:23.384, 7, 0, 3, 97887
2026/07/08 16:38:24.399, 0, 4, 57132, 97887
2026/07/08 16:38:24.413, 1, 2, 57132, 97887
2026/07/08 16:38:24.430, 2, 2, 57132, 97887
2026/07/08 16:38:24.446, 3, 2, 57132, 97887
2026/07/08 16:38:24.472, 4, 0, 3, 97887
2026/07/08 16:38:24.493, 5, 0, 3, 97887
2026/07/08 16:38:24.509, 6, 0, 3, 97887
2026/07/08 16:38:24.534, 7, 0, 3, 97887
2026/07/08 16:38:25.552, 0, 0, 53696, 97887
2026/07/08 16:38:25.571, 1, 0, 50396, 97887
2026/07/08 16:38:25.589, 2, 0, 57136, 97887
2026/07/08 16:38:25.606, 3, 10, 46896, 97887
2026/07/08 16:38:25.624, 4, 0, 3, 97887
2026/07/08 16:38:25.643, 5, 0, 3, 97887
2026/07/08 16:38:25.662, 6, 0, 3, 97887
2026/07/08 16:38:25.675, 7, 0, 3, 97887
2026/07/08 16:38:26.688, 0, 0, 46896, 97887
2026/07/08 16:38:26.702, 1, 0, 46896, 97887
2026/07/08 16:38:26.717, 2, 0, 46896, 97887
2026/07/08 16:38:26.730, 3, 0, 46896, 97887
2026/07/08 16:38:26.741, 4, 0, 3, 97887
2026/07/08 16:38:26.759, 5, 0, 3, 97887
2026/07/08 16:38:26.776, 6, 0, 3, 97887
2026/07/08 16:38:26.789, 7, 0, 3, 97887
2026/07/08 16:38:27.801, 0, 0, 46896, 97887
2026/07/08 16:38:27.819, 1, 0, 46896, 97887
2026/07/08 16:38:27.836, 2, 0, 46896, 97887
2026/07/08 16:38:27.853, 3, 0, 46896, 97887
2026/07/08 16:38:27.872, 4, 0, 3, 97887
2026/07/08 16:38:27.890, 5, 0, 3, 97887
2026/07/08 16:38:27.907, 6, 0, 3, 97887
2026/07/08 16:38:27.924, 7, 0, 3, 97887
2026/07/08 16:38:28.941, 0, 0, 46898, 97887
2026/07/08 16:38:28.957, 1, 0, 46898, 97887
2026/07/08 16:38:28.972, 2, 0, 46898, 97887
2026/07/08 16:38:28.986, 3, 0, 46898, 97887
2026/07/08 16:38:28.997, 4, 0, 3, 97887
2026/07/08 16:38:29.004, 5, 0, 3, 97887
2026/07/08 16:38:29.014, 6, 0, 3, 97887
2026/07/08 16:38:29.024, 7, 0, 3, 97887
2026/07/08 16:38:30.038, 0, 4, 47028, 97887
2026/07/08 16:38:30.054, 1, 0, 47028, 97887
2026/07/08 16:38:30.071, 2, 0, 47108, 97887
2026/07/08 16:38:30.091, 3, 1, 47242, 97887
2026/07/08 16:38:30.109, 4, 0, 3, 97887
2026/07/08 16:38:30.133, 5, 0, 3, 97887
2026/07/08 16:38:30.156, 6, 0, 3, 97887
2026/07/08 16:38:30.170, 7, 0, 3, 97887
2026/07/08 16:38:31.188, 0, 0, 47484, 97887
2026/07/08 16:38:31.206, 1, 0, 47482, 97887
2026/07/08 16:38:31.220, 2, 0, 47482, 97887
2026/07/08 16:38:31.230, 3, 0, 47482, 97887
2026/07/08 16:38:31.242, 4, 0, 3, 97887
2026/07/08 16:38:31.257, 5, 0, 3, 97887
2026/07/08 16:38:31.273, 6, 0, 3, 97887
2026/07/08 16:38:31.291, 7, 0, 3, 97887
2026/07/08 16:38:32.308, 0, 0, 47484, 97887
2026/07/08 16:38:32.321, 1, 0, 47482, 97887
2026/07/08 16:38:32.335, 2, 0, 47482, 97887
2026/07/08 16:38:32.349, 3, 0, 47482, 97887
2026/07/08 16:38:32.364, 4, 0, 3, 97887
2026/07/08 16:38:32.383, 5, 0, 3, 97887
2026/07/08 16:38:32.400, 6, 0, 3, 97887
2026/07/08 16:38:32.415, 7, 0, 3, 97887
2026/07/08 16:38:33.429, 0, 76, 48204, 97887
2026/07/08 16:38:33.449, 1, 74, 48204, 97887
2026/07/08 16:38:33.467, 2, 76, 48202, 97887
2026/07/08 16:38:33.487, 3, 95, 48202, 97887
2026/07/08 16:38:33.506, 4, 0, 3, 97887
2026/07/08 16:38:33.518, 5, 0, 3, 97887
2026/07/08 16:38:33.538, 6, 0, 3, 97887
2026/07/08 16:38:33.552, 7, 0, 3, 97887
2026/07/08 16:38:34.577, 0, 0, 48778, 97887
2026/07/08 16:38:34.594, 1, 24, 48814, 97887
2026/07/08 16:38:34.611, 2, 94, 48788, 97887
2026/07/08 16:38:34.628, 3, 46, 49024, 97887
2026/07/08 16:38:34.646, 4, 0, 4, 97887
2026/07/08 16:38:34.667, 5, 0, 4, 97887
2026/07/08 16:38:34.683, 6, 0, 4, 97887
2026/07/08 16:38:34.699, 7, 0, 4, 97887
2026/07/08 16:38:35.714, 0, 1, 48780, 97887
2026/07/08 16:38:35.738, 1, 2, 48816, 97887
2026/07/08 16:38:35.757, 2, 2, 48790, 97887
2026/07/08 16:38:35.778, 3, 0, 49332, 97887
2026/07/08 16:38:35.794, 4, 0, 4, 97887
2026/07/08 16:38:35.814, 5, 0, 4, 97887
2026/07/08 16:38:35.830, 6, 0, 4, 97887
2026/07/08 16:38:35.844, 7, 0, 4, 97887
2026/07/08 16:38:36.858, 0, 72, 49728, 97887
2026/07/08 16:38:36.877, 1, 73, 49800, 97887
2026/07/08 16:38:36.898, 2, 79, 49750, 97887
2026/07/08 16:38:36.918, 3, 84, 50144, 97887
2026/07/08 16:38:36.939, 4, 0, 4, 97887
2026/07/08 16:38:36.959, 5, 0, 4, 97887
2026/07/08 16:38:36.977, 6, 0, 4, 97887
2026/07/08 16:38:36.997, 7, 0, 4, 97887
2026/07/08 16:38:38.013, 0, 99, 50048, 97887
2026/07/08 16:38:38.032, 1, 77, 50120, 97887
2026/07/08 16:38:38.057, 2, 73, 50798, 97887
2026/07/08 16:38:38.070, 3, 83, 50144, 97887
2026/07/08 16:38:38.081, 4, 0, 4, 97887
2026/07/08 16:38:38.101, 5, 0, 4, 97887
2026/07/08 16:38:38.122, 6, 0, 4, 97887
2026/07/08 16:38:38.142, 7, 0, 4, 97887
2026/07/08 16:38:39.162, 0, 100, 55776, 97887
2026/07/08 16:38:39.172, 1, 100, 59626, 97887
2026/07/08 16:38:39.182, 2, 100, 55146, 97887
2026/07/08 16:38:39.192, 3, 100, 53560, 97887
2026/07/08 16:38:39.203, 4, 0, 4, 97887
2026/07/08 16:38:39.214, 5, 0, 4, 97887
2026/07/08 16:38:39.223, 6, 0, 4, 97887
2026/07/08 16:38:39.237, 7, 0, 4, 97887
2026/07/08 16:38:40.251, 0, 100, 55776, 97887
2026/07/08 16:38:40.268, 1, 100, 59626, 97887
2026/07/08 16:38:40.285, 2, 100, 55146, 97887
2026/07/08 16:38:40.303, 3, 100, 55288, 97887
2026/07/08 16:38:40.317, 4, 0, 4, 97887
2026/07/08 16:38:40.332, 5, 0, 4, 97887
2026/07/08 16:38:40.342, 6, 0, 4, 97887
2026/07/08 16:38:40.349, 7, 0, 4, 97887
2026/07/08 16:38:41.363, 0, 100, 66390, 97887
2026/07/08 16:38:41.379, 1, 100, 68536, 97887
2026/07/08 16:38:41.395, 2, 100, 63946, 97887
2026/07/08 16:38:41.412, 3, 100, 65872, 97887
2026/07/08 16:38:41.428, 4, 0, 4, 97887
2026/07/08 16:38:41.445, 5, 0, 4, 97887
2026/07/08 16:38:41.463, 6, 0, 4, 97887
2026/07/08 16:38:41.481, 7, 0, 4, 97887
2026/07/08 16:38:42.497, 0, 100, 66390, 97887
2026/07/08 16:38:42.515, 1, 100, 68536, 97887
2026/07/08 16:38:42.525, 2, 100, 63946, 97887
2026/07/08 16:38:42.541, 3, 100, 65872, 97887
2026/07/08 16:38:42.556, 4, 0, 4, 97887
2026/07/08 16:38:42.567, 5, 0, 4, 97887
2026/07/08 16:38:42.574, 6, 0, 4, 97887
2026/07/08 16:38:42.588, 7, 0, 4, 97887
2026/07/08 16:38:43.604, 0, 100, 66390, 97887
2026/07/08 16:38:43.620, 1, 100, 68536, 97887
2026/07/08 16:38:43.637, 2, 100, 69886, 97887
2026/07/08 16:38:43.653, 3, 100, 71812, 97887
2026/07/08 16:38:43.668, 4, 0, 4, 97887
2026/07/08 16:38:43.684, 5, 0, 4, 97887
2026/07/08 16:38:43.701, 6, 0, 4, 97887
2026/07/08 16:38:43.718, 7, 0, 4, 97887
2026/07/08 16:38:44.737, 0, 100, 66390, 97887
2026/07/08 16:38:44.751, 1, 100, 68536, 97887
2026/07/08 16:38:44.763, 2, 100, 69886, 97887
2026/07/08 16:38:44.777, 3, 100, 71812, 97887
2026/07/08 16:38:44.791, 4, 0, 4, 97887
2026/07/08 16:38:44.805, 5, 0, 4, 97887
2026/07/08 16:38:44.822, 6, 0, 4, 97887
2026/07/08 16:38:44.835, 7, 0, 4, 97887
2026/07/08 16:38:45.850, 0, 100, 72554, 97887
2026/07/08 16:38:45.863, 1, 100, 74700, 97887
2026/07/08 16:38:45.875, 2, 100, 69886, 97887
2026/07/08 16:38:45.889, 3, 100, 71812, 97887
2026/07/08 16:38:45.905, 4, 0, 4, 97887
2026/07/08 16:38:45.919, 5, 0, 4, 97887
2026/07/08 16:38:45.928, 6, 0, 4, 97887
2026/07/08 16:38:45.940, 7, 0, 4, 97887
2026/07/08 16:38:46.950, 0, 100, 72554, 97887
2026/07/08 16:38:46.966, 1, 100, 74700, 97887
2026/07/08 16:38:46.979, 2, 100, 69886, 97887
2026/07/08 16:38:46.995, 3, 100, 71812, 97887
2026/07/08 16:38:47.011, 4, 0, 4, 97887
2026/07/08 16:38:47.024, 5, 0, 4, 97887
2026/07/08 16:38:47.037, 6, 0, 4, 97887
2026/07/08 16:38:47.048, 7, 0, 4, 97887
2026/07/08 16:38:48.064, 0, 100, 72554, 97887
2026/07/08 16:38:48.080, 1, 100, 74700, 97887
2026/07/08 16:38:48.094, 2, 100, 69886, 97887
2026/07/08 16:38:48.105, 3, 100, 71812, 97887
2026/07/08 16:38:48.121, 4, 0, 4, 97887
2026/07/08 16:38:48.133, 5, 0, 4, 97887
2026/07/08 16:38:48.146, 6, 0, 4, 97887
2026/07/08 16:38:48.155, 7, 0, 4, 97887
2026/07/08 16:38:49.166, 0, 100, 78792, 97887
2026/07/08 16:38:49.183, 1, 100, 80938, 97887
2026/07/08 16:38:49.199, 2, 100, 78054, 97887
2026/07/08 16:38:49.213, 3, 100, 79980, 97887
2026/07/08 16:38:49.229, 4, 0, 4, 97887
2026/07/08 16:38:49.243, 5, 0, 4, 97887
2026/07/08 16:38:49.256, 6, 0, 4, 97887
2026/07/08 16:38:49.270, 7, 0, 4, 97887
2026/07/08 16:38:50.285, 0, 100, 78792, 97887
2026/07/08 16:38:50.302, 1, 100, 80938, 97887
2026/07/08 16:38:50.318, 2, 100, 78054, 97887
2026/07/08 16:38:50.332, 3, 100, 79980, 97887
2026/07/08 16:38:50.345, 4, 0, 4, 97887
2026/07/08 16:38:50.358, 5, 0, 4, 97887
2026/07/08 16:38:50.372, 6, 0, 4, 97887
2026/07/08 16:38:50.385, 7, 0, 4, 97887
2026/07/08 16:38:51.394, 0, 29, 78792, 97887
2026/07/08 16:38:51.410, 1, 97, 80938, 97887
2026/07/08 16:38:51.427, 2, 66, 78054, 97887
2026/07/08 16:38:51.445, 3, 70, 79980, 97887
2026/07/08 16:38:51.461, 4, 0, 4, 97887
2026/07/08 16:38:51.476, 5, 0, 4, 97887
2026/07/08 16:38:51.492, 6, 0, 4, 97887
2026/07/08 16:38:51.505, 7, 0, 4, 97887
2026/07/08 16:38:52.521, 0, 100, 78792, 97887
2026/07/08 16:38:52.531, 1, 100, 80938, 97887
2026/07/08 16:38:52.542, 2, 100, 78054, 97887
2026/07/08 16:38:52.552, 3, 100, 79980, 97887
2026/07/08 16:38:52.559, 4, 0, 4, 97887
2026/07/08 16:38:52.569, 5, 0, 4, 97887
2026/07/08 16:38:52.579, 6, 0, 4, 97887
2026/07/08 16:38:52.589, 7, 0, 4, 97887
2026/07/08 16:38:53.602, 0, 100, 78792, 97887
2026/07/08 16:38:53.617, 1, 100, 80938, 97887
2026/07/08 16:38:53.632, 2, 100, 78054, 97887
2026/07/08 16:38:53.647, 3, 100, 79980, 97887
2026/07/08 16:38:53.664, 4, 0, 4, 97887
2026/07/08 16:38:53.681, 5, 0, 4, 97887
2026/07/08 16:38:53.696, 6, 0, 4, 97887
2026/07/08 16:38:53.708, 7, 0, 4, 97887
2026/07/08 16:38:54.717, 0, 12, 87108, 97887
2026/07/08 16:38:54.736, 1, 55, 89254, 97887
2026/07/08 16:38:54.752, 2, 59, 78056, 97887
2026/07/08 16:38:54.768, 3, 98, 79982, 97887
2026/07/08 16:38:54.784, 4, 0, 4, 97887
2026/07/08 16:38:54.801, 5, 0, 4, 97887
2026/07/08 16:38:54.816, 6, 0, 4, 97887
2026/07/08 16:38:54.830, 7, 0, 4, 97887
2026/07/08 16:38:55.845, 0, 100, 87108, 97887
2026/07/08 16:38:55.862, 1, 100, 89254, 97887
2026/07/08 16:38:55.877, 2, 100, 78056, 97887
2026/07/08 16:38:55.894, 3, 100, 79982, 97887
2026/07/08 16:38:55.908, 4, 0, 4, 97887
2026/07/08 16:38:55.923, 5, 0, 4, 97887
2026/07/08 16:38:55.936, 6, 0, 4, 97887
2026/07/08 16:38:55.951, 7, 0, 4, 97887
2026/07/08 16:38:56.967, 0, 100, 87108, 97887
2026/07/08 16:38:56.980, 1, 100, 89254, 97887
2026/07/08 16:38:56.993, 2, 100, 78056, 97887
2026/07/08 16:38:57.005, 3, 100, 79982, 97887
2026/07/08 16:38:57.017, 4, 0, 4, 97887
2026/07/08 16:38:57.030, 5, 0, 4, 97887
2026/07/08 16:38:57.047, 6, 0, 4, 97887
2026/07/08 16:38:57.058, 7, 0, 4, 97887
2026/07/08 16:38:58.070, 0, 100, 87108, 97887
2026/07/08 16:38:58.083, 1, 100, 89254, 97887
2026/07/08 16:38:58.096, 2, 100, 87116, 97887
2026/07/08 16:38:58.108, 3, 100, 89042, 97887
2026/07/08 16:38:58.119, 4, 0, 4, 97887
2026/07/08 16:38:58.132, 5, 0, 4, 97887
2026/07/08 16:38:58.149, 6, 0, 4, 97887
2026/07/08 16:38:58.165, 7, 0, 4, 97887
2026/07/08 16:38:59.182, 0, 100, 87108, 97887
2026/07/08 16:38:59.198, 1, 100, 89254, 97887
2026/07/08 16:38:59.214, 2, 100, 87116, 97887
2026/07/08 16:38:59.233, 3, 100, 89042, 97887
2026/07/08 16:38:59.248, 4, 0, 4, 97887
2026/07/08 16:38:59.263, 5, 0, 4, 97887
2026/07/08 16:38:59.276, 6, 0, 4, 97887
2026/07/08 16:38:59.292, 7, 0, 4, 97887
2026/07/08 16:39:00.309, 0, 100, 87108, 97887
2026/07/08 16:39:00.323, 1, 100, 89254, 97887
2026/07/08 16:39:00.338, 2, 100, 87116, 97887
2026/07/08 16:39:00.351, 3, 100, 89042, 97887
2026/07/08 16:39:00.365, 4, 0, 4, 97887
2026/07/08 16:39:00.378, 5, 0, 4, 97887
2026/07/08 16:39:00.393, 6, 0, 4, 97887
2026/07/08 16:39:00.405, 7, 0, 4, 97887
2026/07/08 16:39:01.421, 0, 100, 87108, 97887
2026/07/08 16:39:01.439, 1, 100, 89254, 97887
2026/07/08 16:39:01.457, 2, 100, 87116, 97887
2026/07/08 16:39:01.474, 3, 100, 89042, 97887
2026/07/08 16:39:01.493, 4, 0, 4, 97887
2026/07/08 16:39:01.508, 5, 0, 4, 97887
2026/07/08 16:39:01.525, 6, 0, 4, 97887
2026/07/08 16:39:01.541, 7, 0, 4, 97887
2026/07/08 16:39:02.556, 0, 100, 87108, 97887
2026/07/08 16:39:02.565, 1, 100, 89254, 97887
2026/07/08 16:39:02.576, 2, 100, 87116, 97887
2026/07/08 16:39:02.585, 3, 100, 89042, 97887
2026/07/08 16:39:02.596, 4, 0, 4, 97887
2026/07/08 16:39:02.610, 5, 0, 4, 97887
2026/07/08 16:39:02.627, 6, 0, 4, 97887
2026/07/08 16:39:02.644, 7, 0, 4, 97887
2026/07/08 16:39:03.660, 0, 100, 87108, 97887
2026/07/08 16:39:03.676, 1, 100, 89254, 97887
2026/07/08 16:39:03.689, 2, 100, 87116, 97887
2026/07/08 16:39:03.704, 3, 100, 89042, 97887
2026/07/08 16:39:03.720, 4, 0, 4, 97887
2026/07/08 16:39:03.737, 5, 0, 4, 97887
2026/07/08 16:39:03.752, 6, 0, 4, 97887
2026/07/08 16:39:03.769, 7, 0, 4, 97887
2026/07/08 16:39:04.785, 0, 100, 87108, 97887
2026/07/08 16:39:04.799, 1, 100, 89254, 97887
2026/07/08 16:39:04.812, 2, 100, 87116, 97887
2026/07/08 16:39:04.826, 3, 100, 89042, 97887
2026/07/08 16:39:04.840, 4, 0, 4, 97887
2026/07/08 16:39:04.853, 5, 0, 4, 97887
2026/07/08 16:39:04.866, 6, 0, 4, 97887
2026/07/08 16:39:04.880, 7, 0, 4, 97887
2026/07/08 16:39:05.898, 0, 100, 87108, 97887
2026/07/08 16:39:05.914, 1, 100, 89254, 97887
2026/07/08 16:39:05.930, 2, 100, 87116, 97887
2026/07/08 16:39:05.944, 3, 100, 89042, 97887
2026/07/08 16:39:05.959, 4, 0, 4, 97887
2026/07/08 16:39:05.975, 5, 0, 4, 97887
2026/07/08 16:39:05.992, 6, 0, 4, 97887
2026/07/08 16:39:06.009, 7, 0, 4, 97887
2026/07/08 16:39:07.022, 0, 100, 87108, 97887
2026/07/08 16:39:07.037, 1, 100, 89254, 97887
2026/07/08 16:39:07.054, 2, 100, 87116, 97887
2026/07/08 16:39:07.067, 3, 100, 89042, 97887
2026/07/08 16:39:07.083, 4, 0, 4, 97887
2026/07/08 16:39:07.099, 5, 0, 4, 97887
2026/07/08 16:39:07.114, 6, 0, 4, 97887
2026/07/08 16:39:07.127, 7, 0, 4, 97887
2026/07/08 16:39:08.140, 0, 98, 87108, 97887
2026/07/08 16:39:08.157, 1, 98, 89254, 97887
2026/07/08 16:39:08.172, 2, 97, 87116, 97887
2026/07/08 16:39:08.186, 3, 98, 89042, 97887
2026/07/08 16:39:08.200, 4, 0, 4, 97887
2026/07/08 16:39:08.215, 5, 0, 4, 97887
2026/07/08 16:39:08.229, 6, 0, 4, 97887
2026/07/08 16:39:08.243, 7, 0, 4, 97887
2026/07/08 16:39:09.258, 0, 99, 87108, 97887
2026/07/08 16:39:09.273, 1, 98, 89254, 97887
2026/07/08 16:39:09.288, 2, 98, 87116, 97887
2026/07/08 16:39:09.303, 3, 98, 89042, 97887
2026/07/08 16:39:09.319, 4, 0, 4, 97887
2026/07/08 16:39:09.335, 5, 0, 4, 97887
2026/07/08 16:39:09.349, 6, 0, 4, 97887
2026/07/08 16:39:09.364, 7, 0, 4, 97887
2026/07/08 16:39:10.377, 0, 98, 87108, 97887
2026/07/08 16:39:10.392, 1, 98, 89254, 97887
2026/07/08 16:39:10.407, 2, 97, 87116, 97887
2026/07/08 16:39:10.422, 3, 97, 89042, 97887
2026/07/08 16:39:10.437, 4, 0, 4, 97887
2026/07/08 16:39:10.454, 5, 0, 4, 97887
2026/07/08 16:39:10.471, 6, 0, 4, 97887
2026/07/08 16:39:10.486, 7, 0, 4, 97887
2026/07/08 16:39:11.499, 0, 98, 87108, 97887
2026/07/08 16:39:11.515, 1, 98, 89254, 97887
2026/07/08 16:39:11.530, 2, 97, 87116, 97887
2026/07/08 16:39:11.544, 3, 98, 89042, 97887
2026/07/08 16:39:11.560, 4, 0, 4, 97887
2026/07/08 16:39:11.574, 5, 0, 4, 97887
2026/07/08 16:39:11.590, 6, 0, 4, 97887
2026/07/08 16:39:11.604, 7, 0, 4, 97887
2026/07/08 16:39:12.620, 0, 97, 87108, 97887
2026/07/08 16:39:12.634, 1, 97, 89256, 97887
2026/07/08 16:39:12.647, 2, 99, 87116, 97887
2026/07/08 16:39:12.660, 3, 99, 89042, 97887
2026/07/08 16:39:12.674, 4, 0, 4, 97887
2026/07/08 16:39:12.689, 5, 0, 4, 97887
2026/07/08 16:39:12.705, 6, 0, 4, 97887
2026/07/08 16:39:12.721, 7, 0, 4, 97887
2026/07/08 16:39:13.738, 0, 98, 87108, 97887
2026/07/08 16:39:13.755, 1, 97, 89256, 97887
2026/07/08 16:39:13.772, 2, 99, 87116, 97887
2026/07/08 16:39:13.788, 3, 99, 89042, 97887
2026/07/08 16:39:13.805, 4, 0, 4, 97887
2026/07/08 16:39:13.825, 5, 0, 4, 97887
2026/07/08 16:39:13.842, 6, 0, 4, 97887
2026/07/08 16:39:13.858, 7, 0, 4, 97887
2026/07/08 16:39:14.872, 0, 99, 87108, 97887
2026/07/08 16:39:14.889, 1, 99, 89256, 97887
2026/07/08 16:39:14.904, 2, 99, 87116, 97887
2026/07/08 16:39:14.921, 3, 98, 89042, 97887
2026/07/08 16:39:14.940, 4, 0, 4, 97887
2026/07/08 16:39:14.956, 5, 0, 4, 97887
2026/07/08 16:39:14.968, 6, 0, 4, 97887
2026/07/08 16:39:14.987, 7, 0, 4, 97887
2026/07/08 16:39:16.002, 0, 99, 87110, 97887
2026/07/08 16:39:16.017, 1, 99, 89256, 97887
2026/07/08 16:39:16.031, 2, 99, 87116, 97887
2026/07/08 16:39:16.044, 3, 98, 89042, 97887
2026/07/08 16:39:16.058, 4, 0, 4, 97887
2026/07/08 16:39:16.073, 5, 0, 4, 97887
2026/07/08 16:39:16.089, 6, 0, 4, 97887
2026/07/08 16:39:16.103, 7, 0, 4, 97887
2026/07/08 16:39:17.118, 0, 99, 87110, 97887
2026/07/08 16:39:17.133, 1, 99, 89256, 97887
2026/07/08 16:39:17.146, 2, 98, 87116, 97887
2026/07/08 16:39:17.161, 3, 98, 89042, 97887
2026/07/08 16:39:17.175, 4, 0, 4, 97887
2026/07/08 16:39:17.189, 5, 0, 4, 97887
2026/07/08 16:39:17.205, 6, 0, 4, 97887
2026/07/08 16:39:17.220, 7, 0, 4, 97887
2026/07/08 16:39:18.234, 0, 99, 87110, 97887
2026/07/08 16:39:18.251, 1, 98, 89256, 97887
2026/07/08 16:39:18.266, 2, 97, 87116, 97887
2026/07/08 16:39:18.284, 3, 98, 89042, 97887
2026/07/08 16:39:18.300, 4, 0, 4, 97887
2026/07/08 16:39:18.314, 5, 0, 4, 97887
2026/07/08 16:39:18.331, 6, 0, 4, 97887
2026/07/08 16:39:18.348, 7, 0, 4, 97887
2026/07/08 16:39:19.363, 0, 99, 87110, 97887
2026/07/08 16:39:19.378, 1, 98, 89256, 97887
2026/07/08 16:39:19.390, 2, 99, 87116, 97887
2026/07/08 16:39:19.403, 3, 97, 89042, 97887
2026/07/08 16:39:19.415, 4, 0, 4, 97887
2026/07/08 16:39:19.427, 5, 0, 4, 97887
2026/07/08 16:39:19.442, 6, 0, 4, 97887
2026/07/08 16:39:19.455, 7, 0, 4, 97887
2026/07/08 16:39:20.468, 0, 99, 87110, 97887
2026/07/08 16:39:20.483, 1, 99, 89256, 97887
2026/07/08 16:39:20.497, 2, 99, 87116, 97887
2026/07/08 16:39:20.511, 3, 97, 89042, 97887
2026/07/08 16:39:20.527, 4, 0, 4, 97887
2026/07/08 16:39:20.543, 5, 0, 4, 97887
2026/07/08 16:39:20.558, 6, 0, 4, 97887
2026/07/08 16:39:20.570, 7, 0, 4, 97887
2026/07/08 16:39:21.584, 0, 98, 87110, 97887
2026/07/08 16:39:21.598, 1, 99, 89256, 97887
2026/07/08 16:39:21.614, 2, 99, 87116, 97887
2026/07/08 16:39:21.629, 3, 99, 89042, 97887
2026/07/08 16:39:21.643, 4, 0, 4, 97887
2026/07/08 16:39:21.657, 5, 0, 4, 97887
2026/07/08 16:39:21.671, 6, 0, 4, 97887
2026/07/08 16:39:21.686, 7, 0, 4, 97887
2026/07/08 16:39:22.702, 0, 98, 87110, 97887
2026/07/08 16:39:22.716, 1, 99, 89256, 97887
2026/07/08 16:39:22.732, 2, 99, 87116, 97887
2026/07/08 16:39:22.745, 3, 99, 89042, 97887
2026/07/08 16:39:22.760, 4, 0, 4, 97887
2026/07/08 16:39:22.774, 5, 0, 4, 97887
2026/07/08 16:39:22.788, 6, 0, 4, 97887
2026/07/08 16:39:22.802, 7, 0, 4, 97887
2026/07/08 16:39:23.817, 0, 98, 87110, 97887
2026/07/08 16:39:23.832, 1, 99, 89256, 97887
2026/07/08 16:39:23.848, 2, 99, 87116, 97887
2026/07/08 16:39:23.863, 3, 99, 89042, 97887
2026/07/08 16:39:23.877, 4, 0, 4, 97887
2026/07/08 16:39:23.895, 5, 0, 4, 97887
2026/07/08 16:39:23.910, 6, 0, 4, 97887
2026/07/08 16:39:23.926, 7, 0, 4, 97887
2026/07/08 16:39:24.942, 0, 99, 87110, 97887
2026/07/08 16:39:24.955, 1, 99, 89256, 97887
2026/07/08 16:39:24.966, 2, 97, 87116, 97887
2026/07/08 16:39:24.978, 3, 98, 89042, 97887
2026/07/08 16:39:24.992, 4, 0, 4, 97887
2026/07/08 16:39:25.008, 5, 0, 4, 97887
2026/07/08 16:39:25.023, 6, 0, 4, 97887
2026/07/08 16:39:25.038, 7, 0, 4, 97887
2026/07/08 16:39:26.052, 0, 99, 87110, 97887
2026/07/08 16:39:26.067, 1, 98, 89256, 97887
2026/07/08 16:39:26.080, 2, 97, 87116, 97887
2026/07/08 16:39:26.092, 3, 98, 89042, 97887
2026/07/08 16:39:26.108, 4, 0, 4, 97887
2026/07/08 16:39:26.123, 5, 0, 4, 97887
2026/07/08 16:39:26.138, 6, 0, 4, 97887
2026/07/08 16:39:26.152, 7, 0, 4, 97887
2026/07/08 16:39:27.163, 0, 98, 87110, 97887
2026/07/08 16:39:27.179, 1, 99, 89256, 97887
2026/07/08 16:39:27.195, 2, 97, 87116, 97887
2026/07/08 16:39:27.209, 3, 98, 89042, 97887
2026/07/08 16:39:27.224, 4, 0, 4, 97887
2026/07/08 16:39:27.240, 5, 0, 4, 97887
2026/07/08 16:39:27.253, 6, 0, 4, 97887
2026/07/08 16:39:27.269, 7, 0, 4, 97887
2026/07/08 16:39:28.284, 0, 99, 87110, 97887
2026/07/08 16:39:28.299, 1, 99, 89256, 97887
2026/07/08 16:39:28.314, 2, 98, 87116, 97887
2026/07/08 16:39:28.328, 3, 98, 89042, 97887
2026/07/08 16:39:28.348, 4, 0, 4, 97887
2026/07/08 16:39:28.363, 5, 0, 4, 97887
2026/07/08 16:39:28.378, 6, 0, 4, 97887
2026/07/08 16:39:28.394, 7, 0, 4, 97887
2026/07/08 16:39:29.408, 0, 99, 87110, 97887
2026/07/08 16:39:29.422, 1, 99, 89256, 97887
2026/07/08 16:39:29.435, 2, 98, 87116, 97887
2026/07/08 16:39:29.448, 3, 98, 89042, 97887
2026/07/08 16:39:29.464, 4, 0, 4, 97887
2026/07/08 16:39:29.479, 5, 0, 4, 97887
2026/07/08 16:39:29.495, 6, 0, 4, 97887
2026/07/08 16:39:29.506, 7, 0, 4, 97887
2026/07/08 16:39:30.520, 0, 99, 87110, 97887
2026/07/08 16:39:30.533, 1, 99, 89256, 97887
2026/07/08 16:39:30.549, 2, 97, 87116, 97887
2026/07/08 16:39:30.580, 3, 98, 89042, 97887
2026/07/08 16:39:30.602, 4, 0, 4, 97887
2026/07/08 16:39:30.617, 5, 0, 4, 97887
2026/07/08 16:39:30.633, 6, 0, 4, 97887
2026/07/08 16:39:30.650, 7, 0, 4, 97887
2026/07/08 16:39:31.666, 0, 100, 87110, 97887
2026/07/08 16:39:31.683, 1, 99, 89256, 97887
2026/07/08 16:39:31.697, 2, 94, 87116, 97887
2026/07/08 16:39:31.713, 3, 98, 89042, 97887
2026/07/08 16:39:31.728, 4, 0, 4, 97887
2026/07/08 16:39:31.745, 5, 0, 4, 97887
2026/07/08 16:39:31.762, 6, 0, 4, 97887
2026/07/08 16:39:31.779, 7, 0, 4, 97887
2026/07/08 16:39:32.800, 0, 97, 87110, 97887
2026/07/08 16:39:32.815, 1, 98, 89256, 97887
2026/07/08 16:39:32.826, 2, 97, 87116, 97887
2026/07/08 16:39:32.836, 3, 98, 89042, 97887
2026/07/08 16:39:32.848, 4, 0, 4, 97887
2026/07/08 16:39:32.861, 5, 0, 4, 97887
2026/07/08 16:39:32.875, 6, 0, 4, 97887
2026/07/08 16:39:32.890, 7, 0, 4, 97887
2026/07/08 16:39:33.905, 0, 38, 87110, 97887
2026/07/08 16:39:33.921, 1, 97, 89256, 97887
2026/07/08 16:39:33.937, 2, 99, 87116, 97887
2026/07/08 16:39:33.954, 3, 98, 89042, 97887
2026/07/08 16:39:33.969, 4, 0, 4, 97887
2026/07/08 16:39:33.984, 5, 0, 4, 97887
2026/07/08 16:39:34.000, 6, 0, 4, 97887
2026/07/08 16:39:34.014, 7, 0, 4, 97887
2026/07/08 16:39:35.028, 0, 97, 87110, 97887
2026/07/08 16:39:35.043, 1, 97, 89256, 97887
2026/07/08 16:39:35.057, 2, 97, 87116, 97887
2026/07/08 16:39:35.071, 3, 98, 89042, 97887
2026/07/08 16:39:35.086, 4, 0, 4, 97887
2026/07/08 16:39:35.099, 5, 0, 4, 97887
2026/07/08 16:39:35.113, 6, 0, 4, 97887
2026/07/08 16:39:35.129, 7, 0, 4, 97887
2026/07/08 16:39:36.143, 0, 96, 87110, 97887
2026/07/08 16:39:36.159, 1, 98, 89256, 97887
2026/07/08 16:39:36.173, 2, 98, 87116, 97887
2026/07/08 16:39:36.185, 3, 81, 89042, 97887
2026/07/08 16:39:36.198, 4, 0, 4, 97887
2026/07/08 16:39:36.213, 5, 0, 4, 97887
2026/07/08 16:39:36.228, 6, 0, 4, 97887
2026/07/08 16:39:36.247, 7, 0, 4, 97887
2026/07/08 16:39:37.262, 0, 98, 87112, 97887
2026/07/08 16:39:37.277, 1, 97, 89256, 97887
2026/07/08 16:39:37.287, 2, 99, 87118, 97887
2026/07/08 16:39:37.296, 3, 98, 89044, 97887
2026/07/08 16:39:37.306, 4, 0, 4, 97887
2026/07/08 16:39:37.317, 5, 0, 4, 97887
2026/07/08 16:39:37.327, 6, 0, 4, 97887
2026/07/08 16:39:37.335, 7, 0, 4, 97887
2026/07/08 16:39:38.342, 0, 98, 87112, 97887
2026/07/08 16:39:38.355, 1, 98, 89256, 97887
2026/07/08 16:39:38.366, 2, 98, 87118, 97887
2026/07/08 16:39:38.380, 3, 97, 89044, 97887
2026/07/08 16:39:38.392, 4, 0, 4, 97887
2026/07/08 16:39:38.408, 5, 0, 4, 97887
2026/07/08 16:39:38.421, 6, 0, 4, 97887
2026/07/08 16:39:38.434, 7, 0, 4, 97887
2026/07/08 16:39:39.449, 0, 40, 87112, 97887
2026/07/08 16:39:39.467, 1, 80, 89256, 97887
2026/07/08 16:39:39.485, 2, 89, 87118, 97887
2026/07/08 16:39:39.501, 3, 56, 89044, 97887
2026/07/08 16:39:39.519, 4, 0, 4, 97887
2026/07/08 16:39:39.536, 5, 0, 4, 97887
2026/07/08 16:39:39.553, 6, 0, 4, 97887
2026/07/08 16:39:39.569, 7, 0, 4, 97887
2026/07/08 16:39:40.586, 0, 82, 87120, 97887
2026/07/08 16:39:40.603, 1, 86, 89266, 97887
2026/07/08 16:39:40.620, 2, 65, 87126, 97887
2026/07/08 16:39:40.637, 3, 84, 89054, 97887
2026/07/08 16:39:40.653, 4, 0, 4, 97887
2026/07/08 16:39:40.670, 5, 0, 4, 97887
2026/07/08 16:39:40.690, 6, 0, 4, 97887
2026/07/08 16:39:40.709, 7, 0, 4, 97887
2026/07/08 16:39:41.725, 0, 0, 87120, 97887
2026/07/08 16:39:41.746, 1, 0, 89266, 97887
2026/07/08 16:39:41.762, 2, 0, 87126, 97887
2026/07/08 16:39:41.784, 3, 0, 89054, 97887
2026/07/08 16:39:41.802, 4, 0, 4, 97887
2026/07/08 16:39:41.821, 5, 0, 4, 97887
2026/07/08 16:39:41.833, 6, 0, 4, 97887
2026/07/08 16:39:41.849, 7, 0, 4, 97887
2026/07/08 16:39:42.869, 0, 94, 87120, 97887
2026/07/08 16:39:42.887, 1, 84, 89266, 97887
2026/07/08 16:39:42.902, 2, 77, 87126, 97887
2026/07/08 16:39:42.918, 3, 100, 89054, 97887
2026/07/08 16:39:42.933, 4, 0, 4, 97887
2026/07/08 16:39:42.945, 5, 0, 4, 97887
2026/07/08 16:39:42.957, 6, 0, 4, 97887
2026/07/08 16:39:42.970, 7, 0, 4, 97887
2026/07/08 16:39:43.984, 0, 99, 87120, 97887
2026/07/08 16:39:44.000, 1, 99, 89266, 97887
2026/07/08 16:39:44.015, 2, 99, 87128, 97887
2026/07/08 16:39:44.028, 3, 99, 89054, 97887
2026/07/08 16:39:44.042, 4, 0, 4, 97887
2026/07/08 16:39:44.054, 5, 0, 4, 97887
2026/07/08 16:39:44.065, 6, 0, 4, 97887
2026/07/08 16:39:44.076, 7, 0, 4, 97887
2026/07/08 16:39:45.087, 0, 99, 87120, 97887
2026/07/08 16:39:45.099, 1, 99, 89268, 97887
2026/07/08 16:39:45.112, 2, 99, 87128, 97887
2026/07/08 16:39:45.128, 3, 99, 89054, 97887
2026/07/08 16:39:45.142, 4, 0, 4, 97887
2026/07/08 16:39:45.155, 5, 0, 4, 97887
2026/07/08 16:39:45.170, 6, 0, 4, 97887
2026/07/08 16:39:45.182, 7, 0, 4, 97887
2026/07/08 16:39:46.192, 0, 99, 87120, 97887
2026/07/08 16:39:46.204, 1, 99, 89268, 97887
2026/07/08 16:39:46.214, 2, 99, 87128, 97887
2026/07/08 16:39:46.225, 3, 99, 89054, 97887
2026/07/08 16:39:46.238, 4, 0, 4, 97887
2026/07/08 16:39:46.253, 5, 0, 4, 97887
2026/07/08 16:39:46.266, 6, 0, 4, 97887
2026/07/08 16:39:46.280, 7, 0, 4, 97887
2026/07/08 16:39:47.292, 0, 99, 87120, 97887
2026/07/08 16:39:47.314, 1, 99, 89268, 97887
2026/07/08 16:39:47.328, 2, 99, 87128, 97887
2026/07/08 16:39:47.342, 3, 99, 89054, 97887
2026/07/08 16:39:47.357, 4, 0, 4, 97887
2026/07/08 16:39:47.379, 5, 0, 4, 97887
2026/07/08 16:39:47.399, 6, 0, 4, 97887
2026/07/08 16:39:47.411, 7, 0, 4, 97887
2026/07/08 16:39:48.427, 0, 99, 87120, 97887
2026/07/08 16:39:48.441, 1, 99, 89268, 97887
2026/07/08 16:39:48.451, 2, 99, 87128, 97887
2026/07/08 16:39:48.467, 3, 99, 89054, 97887
2026/07/08 16:39:48.483, 4, 0, 4, 97887
2026/07/08 16:39:48.501, 5, 0, 4, 97887
2026/07/08 16:39:48.519, 6, 0, 4, 97887
2026/07/08 16:39:48.535, 7, 0, 4, 97887
2026/07/08 16:39:49.551, 0, 97, 87120, 97887
2026/07/08 16:39:49.565, 1, 98, 89268, 97887
2026/07/08 16:39:49.579, 2, 98, 87128, 97887
2026/07/08 16:39:49.597, 3, 98, 89054, 97887
2026/07/08 16:39:49.613, 4, 0, 4, 97887
2026/07/08 16:39:49.627, 5, 0, 4, 97887
2026/07/08 16:39:49.641, 6, 0, 4, 97887
2026/07/08 16:39:49.655, 7, 0, 4, 97887
2026/07/08 16:39:50.673, 0, 97, 87120, 97887
2026/07/08 16:39:50.691, 1, 98, 89268, 97887
2026/07/08 16:39:50.707, 2, 97, 87128, 97887
2026/07/08 16:39:50.724, 3, 98, 89054, 97887
2026/07/08 16:39:50.739, 4, 0, 4, 97887
2026/07/08 16:39:50.752, 5, 0, 4, 97887
2026/07/08 16:39:50.765, 6, 0, 4, 97887
2026/07/08 16:39:50.781, 7, 0, 4, 97887
2026/07/08 16:39:51.799, 0, 99, 87120, 97887
2026/07/08 16:39:51.811, 1, 98, 89268, 97887
2026/07/08 16:39:51.824, 2, 99, 87128, 97887
2026/07/08 16:39:51.840, 3, 99, 89054, 97887
2026/07/08 16:39:51.854, 4, 0, 4, 97887
2026/07/08 16:39:51.868, 5, 0, 4, 97887
2026/07/08 16:39:51.882, 6, 0, 4, 97887
2026/07/08 16:39:51.896, 7, 0, 4, 97887
2026/07/08 16:39:52.909, 0, 95, 87120, 97887
2026/07/08 16:39:52.926, 1, 99, 89268, 97887
2026/07/08 16:39:52.942, 2, 96, 87128, 97887
2026/07/08 16:39:52.955, 3, 99, 89054, 97887
2026/07/08 16:39:52.968, 4, 0, 4, 97887
2026/07/08 16:39:52.980, 5, 0, 4, 97887
2026/07/08 16:39:52.994, 6, 0, 4, 97887
2026/07/08 16:39:53.007, 7, 0, 4, 97887
2026/07/08 16:39:54.020, 0, 99, 87120, 97887
2026/07/08 16:39:54.031, 1, 100, 89268, 97887
2026/07/08 16:39:54.042, 2, 99, 87128, 97887
2026/07/08 16:39:54.053, 3, 99, 89054, 97887
2026/07/08 16:39:54.065, 4, 0, 4, 97887
2026/07/08 16:39:54.074, 5, 0, 4, 97887
2026/07/08 16:39:54.088, 6, 0, 4, 97887
2026/07/08 16:39:54.100, 7, 0, 4, 97887
2026/07/08 16:39:55.114, 0, 99, 87120, 97887
2026/07/08 16:39:55.126, 1, 100, 89268, 97887
2026/07/08 16:39:55.132, 2, 99, 87128, 97887
2026/07/08 16:39:55.143, 3, 99, 89054, 97887
2026/07/08 16:39:55.151, 4, 0, 4, 97887
2026/07/08 16:39:55.163, 5, 0, 4, 97887
2026/07/08 16:39:55.173, 6, 0, 4, 97887
2026/07/08 16:39:55.185, 7, 0, 4, 97887
2026/07/08 16:39:56.196, 0, 99, 87120, 97887
2026/07/08 16:39:56.208, 1, 99, 89268, 97887
2026/07/08 16:39:56.219, 2, 99, 87128, 97887
2026/07/08 16:39:56.229, 3, 99, 89054, 97887
2026/07/08 16:39:56.244, 4, 0, 4, 97887
2026/07/08 16:39:56.258, 5, 0, 4, 97887
2026/07/08 16:39:56.272, 6, 0, 4, 97887
2026/07/08 16:39:56.286, 7, 0, 4, 97887
2026/07/08 16:39:57.300, 0, 97, 87120, 97887
2026/07/08 16:39:57.316, 1, 97, 89268, 97887
2026/07/08 16:39:57.332, 2, 98, 87128, 97887
2026/07/08 16:39:57.348, 3, 98, 89054, 97887
2026/07/08 16:39:57.364, 4, 0, 4, 97887
2026/07/08 16:39:57.379, 5, 0, 4, 97887
2026/07/08 16:39:57.395, 6, 0, 4, 97887
2026/07/08 16:39:57.412, 7, 0, 4, 97887
2026/07/08 16:39:58.429, 0, 87, 87120, 97887
2026/07/08 16:39:58.446, 1, 95, 89268, 97887
2026/07/08 16:39:58.466, 2, 97, 87128, 97887
2026/07/08 16:39:58.488, 3, 94, 89054, 97887
2026/07/08 16:39:58.504, 4, 0, 4, 97887
2026/07/08 16:39:58.521, 5, 0, 4, 97887
2026/07/08 16:39:58.536, 6, 0, 4, 97887
2026/07/08 16:39:58.550, 7, 0, 4, 97887
2026/07/08 16:39:59.564, 0, 100, 87120, 97887
2026/07/08 16:39:59.580, 1, 65, 89268, 97887
2026/07/08 16:39:59.594, 2, 100, 87130, 97887
2026/07/08 16:39:59.607, 3, 100, 89054, 97887
2026/07/08 16:39:59.621, 4, 0, 4, 97887
2026/07/08 16:39:59.637, 5, 0, 4, 97887
2026/07/08 16:39:59.651, 6, 0, 4, 97887
2026/07/08 16:39:59.666, 7, 0, 4, 97887
2026/07/08 16:40:00.681, 0, 99, 87120, 97887
2026/07/08 16:40:00.694, 1, 98, 89268, 97887
2026/07/08 16:40:00.706, 2, 99, 87130, 97887
2026/07/08 16:40:00.721, 3, 100, 89054, 97887
2026/07/08 16:40:00.736, 4, 0, 4, 97887
2026/07/08 16:40:00.749, 5, 0, 4, 97887
2026/07/08 16:40:00.764, 6, 0, 4, 97887
2026/07/08 16:40:00.775, 7, 0, 4, 97887
2026/07/08 16:40:01.785, 0, 99, 87120, 97887
2026/07/08 16:40:01.801, 1, 98, 89268, 97887
2026/07/08 16:40:01.816, 2, 99, 87130, 97887
2026/07/08 16:40:01.830, 3, 99, 89054, 97887
2026/07/08 16:40:01.843, 4, 0, 4, 97887
2026/07/08 16:40:01.853, 5, 0, 4, 97887
2026/07/08 16:40:01.866, 6, 0, 4, 97887
2026/07/08 16:40:01.877, 7, 0, 4, 97887
2026/07/08 16:40:02.891, 0, 99, 87120, 97887
2026/07/08 16:40:02.907, 1, 99, 89268, 97887
2026/07/08 16:40:02.920, 2, 100, 87130, 97887
2026/07/08 16:40:02.933, 3, 99, 89054, 97887
2026/07/08 16:40:02.947, 4, 0, 4, 97887
2026/07/08 16:40:02.962, 5, 0, 4, 97887
2026/07/08 16:40:02.975, 6, 0, 4, 97887
2026/07/08 16:40:02.988, 7, 0, 4, 97887
2026/07/08 16:40:04.001, 0, 95, 87120, 97887
2026/07/08 16:40:04.018, 1, 99, 89268, 97887
2026/07/08 16:40:04.033, 2, 95, 87130, 97887
2026/07/08 16:40:04.048, 3, 98, 89054, 97887
2026/07/08 16:40:04.059, 4, 0, 4, 97887
2026/07/08 16:40:04.073, 5, 0, 4, 97887
2026/07/08 16:40:04.084, 6, 0, 4, 97887
2026/07/08 16:40:04.096, 7, 0, 4, 97887
2026/07/08 16:40:05.109, 0, 98, 87120, 97887
2026/07/08 16:40:05.127, 1, 98, 89268, 97887
2026/07/08 16:40:05.144, 2, 99, 87130, 97887
2026/07/08 16:40:05.156, 3, 99, 89054, 97887
2026/07/08 16:40:05.170, 4, 0, 4, 97887
2026/07/08 16:40:05.180, 5, 0, 4, 97887
2026/07/08 16:40:05.191, 6, 0, 4, 97887
2026/07/08 16:40:05.200, 7, 0, 4, 97887
2026/07/08 16:40:06.209, 0, 99, 87120, 97887
2026/07/08 16:40:06.221, 1, 98, 89268, 97887
2026/07/08 16:40:06.235, 2, 97, 87130, 97887
2026/07/08 16:40:06.248, 3, 99, 89054, 97887
2026/07/08 16:40:06.261, 4, 0, 4, 97887
2026/07/08 16:40:06.274, 5, 0, 4, 97887
2026/07/08 16:40:06.289, 6, 0, 4, 97887
2026/07/08 16:40:06.305, 7, 0, 4, 97887
2026/07/08 16:40:07.319, 0, 98, 87120, 97887
2026/07/08 16:40:07.334, 1, 98, 89268, 97887
2026/07/08 16:40:07.349, 2, 97, 87130, 97887
2026/07/08 16:40:07.363, 3, 98, 89054, 97887
2026/07/08 16:40:07.375, 4, 0, 4, 97887
2026/07/08 16:40:07.388, 5, 0, 4, 97887
2026/07/08 16:40:07.399, 6, 0, 4, 97887
2026/07/08 16:40:07.413, 7, 0, 4, 97887
2026/07/08 16:40:08.427, 0, 100, 87122, 97887
2026/07/08 16:40:08.441, 1, 100, 89268, 97887
2026/07/08 16:40:08.457, 2, 99, 87130, 97887
2026/07/08 16:40:08.474, 3, 98, 89056, 97887
2026/07/08 16:40:08.488, 4, 0, 4, 97887
2026/07/08 16:40:08.505, 5, 0, 4, 97887
2026/07/08 16:40:08.521, 6, 0, 4, 97887
2026/07/08 16:40:08.536, 7, 0, 4, 97887
2026/07/08 16:40:09.552, 0, 100, 87122, 97887
2026/07/08 16:40:09.568, 1, 97, 89268, 97887
2026/07/08 16:40:09.584, 2, 100, 87130, 97887
2026/07/08 16:40:09.598, 3, 99, 89056, 97887
2026/07/08 16:40:09.613, 4, 0, 4, 97887
2026/07/08 16:40:09.627, 5, 0, 4, 97887
2026/07/08 16:40:09.641, 6, 0, 4, 97887
2026/07/08 16:40:09.656, 7, 0, 4, 97887
2026/07/08 16:40:10.671, 0, 99, 87122, 97887
2026/07/08 16:40:10.686, 1, 99, 89268, 97887
2026/07/08 16:40:10.701, 2, 100, 87130, 97887
2026/07/08 16:40:10.714, 3, 99, 89056, 97887
2026/07/08 16:40:10.723, 4, 0, 4, 97887
2026/07/08 16:40:10.738, 5, 0, 4, 97887
2026/07/08 16:40:10.751, 6, 0, 4, 97887
2026/07/08 16:40:10.766, 7, 0, 4, 97887
2026/07/08 16:40:11.782, 0, 99, 87122, 97887
2026/07/08 16:40:11.794, 1, 100, 89268, 97887
2026/07/08 16:40:11.800, 2, 99, 87130, 97887
2026/07/08 16:40:11.810, 3, 99, 89056, 97887
2026/07/08 16:40:11.823, 4, 0, 4, 97887
2026/07/08 16:40:11.837, 5, 0, 4, 97887
2026/07/08 16:40:11.851, 6, 0, 4, 97887
2026/07/08 16:40:11.865, 7, 0, 4, 97887
2026/07/08 16:40:12.883, 0, 99, 87122, 97887
2026/07/08 16:40:12.898, 1, 100, 89268, 97887
2026/07/08 16:40:12.912, 2, 99, 87130, 97887
2026/07/08 16:40:12.925, 3, 100, 89056, 97887
2026/07/08 16:40:12.942, 4, 0, 4, 97887
2026/07/08 16:40:12.957, 5, 0, 4, 97887
2026/07/08 16:40:12.972, 6, 0, 4, 97887
2026/07/08 16:40:12.991, 7, 0, 4, 97887
2026/07/08 16:40:14.008, 0, 99, 87122, 97887
2026/07/08 16:40:14.025, 1, 100, 89268, 97887
2026/07/08 16:40:14.041, 2, 100, 87130, 97887
2026/07/08 16:40:14.057, 3, 100, 89056, 97887
2026/07/08 16:40:14.068, 4, 0, 4, 97887
2026/07/08 16:40:14.081, 5, 0, 4, 97887
2026/07/08 16:40:14.093, 6, 0, 4, 97887
2026/07/08 16:40:14.109, 7, 0, 4, 97887
2026/07/08 16:40:15.126, 0, 99, 87122, 97887
2026/07/08 16:40:15.139, 1, 97, 89268, 97887
2026/07/08 16:40:15.153, 2, 100, 87130, 97887
2026/07/08 16:40:15.164, 3, 96, 89056, 97887
2026/07/08 16:40:15.176, 4, 0, 4, 97887
2026/07/08 16:40:15.188, 5, 0, 4, 97887
2026/07/08 16:40:15.202, 6, 0, 4, 97887
2026/07/08 16:40:15.218, 7, 0, 4, 97887
2026/07/08 16:40:16.232, 0, 98, 87122, 97887
2026/07/08 16:40:16.248, 1, 98, 89268, 97887
2026/07/08 16:40:16.265, 2, 97, 87130, 97887
2026/07/08 16:40:16.280, 3, 97, 89056, 97887
2026/07/08 16:40:16.297, 4, 0, 4, 97887
2026/07/08 16:40:16.315, 5, 0, 4, 97887
2026/07/08 16:40:16.332, 6, 0, 4, 97887
2026/07/08 16:40:16.347, 7, 0, 4, 97887
2026/07/08 16:40:17.362, 0, 98, 87122, 97887
2026/07/08 16:40:17.380, 1, 98, 89268, 97887
2026/07/08 16:40:17.394, 2, 98, 87130, 97887
2026/07/08 16:40:17.409, 3, 97, 89056, 97887
2026/07/08 16:40:17.422, 4, 0, 4, 97887
2026/07/08 16:40:17.437, 5, 0, 4, 97887
2026/07/08 16:40:17.454, 6, 0, 4, 97887
2026/07/08 16:40:17.469, 7, 0, 4, 97887
2026/07/08 16:40:18.484, 0, 84, 87122, 97887
2026/07/08 16:40:18.498, 1, 99, 89268, 97887
2026/07/08 16:40:18.511, 2, 98, 87130, 97887
2026/07/08 16:40:18.526, 3, 98, 89056, 97887
2026/07/08 16:40:18.538, 4, 0, 4, 97887
2026/07/08 16:40:18.552, 5, 0, 4, 97887
2026/07/08 16:40:18.565, 6, 0, 4, 97887
2026/07/08 16:40:18.579, 7, 0, 4, 97887
2026/07/08 16:40:19.593, 0, 99, 87122, 97887
2026/07/08 16:40:19.606, 1, 99, 89268, 97887
2026/07/08 16:40:19.619, 2, 100, 87130, 97887
2026/07/08 16:40:19.630, 3, 99, 89056, 97887
2026/07/08 16:40:19.643, 4, 0, 4, 97887
2026/07/08 16:40:19.656, 5, 0, 4, 97887
2026/07/08 16:40:19.668, 6, 0, 4, 97887
2026/07/08 16:40:19.680, 7, 0, 4, 97887
2026/07/08 16:40:20.693, 0, 96, 87122, 97887
2026/07/08 16:40:20.709, 1, 100, 89268, 97887
2026/07/08 16:40:20.724, 2, 99, 87130, 97887
2026/07/08 16:40:20.741, 3, 99, 89056, 97887
2026/07/08 16:40:20.754, 4, 0, 4, 97887
2026/07/08 16:40:20.766, 5, 0, 4, 97887
2026/07/08 16:40:20.782, 6, 0, 4, 97887
2026/07/08 16:40:20.799, 7, 0, 4, 97887
2026/07/08 16:40:21.813, 0, 100, 87122, 97887
2026/07/08 16:40:21.833, 1, 99, 89268, 97887
2026/07/08 16:40:21.852, 2, 100, 87130, 97887
2026/07/08 16:40:21.870, 3, 100, 89056, 97887
2026/07/08 16:40:21.884, 4, 0, 4, 97887
2026/07/08 16:40:21.901, 5, 0, 4, 97887
2026/07/08 16:40:21.923, 6, 0, 4, 97887
2026/07/08 16:40:21.937, 7, 0, 4, 97887
2026/07/08 16:40:22.951, 0, 99, 87122, 97887
2026/07/08 16:40:22.966, 1, 100, 89268, 97887
2026/07/08 16:40:22.979, 2, 99, 87130, 97887
2026/07/08 16:40:22.989, 3, 99, 89056, 97887
2026/07/08 16:40:22.999, 4, 0, 4, 97887
2026/07/08 16:40:23.014, 5, 0, 4, 97887
2026/07/08 16:40:23.032, 6, 0, 4, 97887
2026/07/08 16:40:23.050, 7, 0, 4, 97887
2026/07/08 16:40:24.071, 0, 100, 87122, 97887
2026/07/08 16:40:24.086, 1, 99, 89268, 97887
2026/07/08 16:40:24.097, 2, 99, 87130, 97887
2026/07/08 16:40:24.107, 3, 100, 89056, 97887
2026/07/08 16:40:24.120, 4, 0, 4, 97887
2026/07/08 16:40:24.134, 5, 0, 4, 97887
2026/07/08 16:40:24.148, 6, 0, 4, 97887
2026/07/08 16:40:24.163, 7, 0, 4, 97887
2026/07/08 16:40:25.175, 0, 97, 87122, 97887
2026/07/08 16:40:25.186, 1, 99, 89268, 97887
2026/07/08 16:40:25.198, 2, 98, 87130, 97887
2026/07/08 16:40:25.210, 3, 98, 89056, 97887
2026/07/08 16:40:25.220, 4, 0, 4, 97887
2026/07/08 16:40:25.231, 5, 0, 4, 97887
2026/07/08 16:40:25.241, 6, 0, 4, 97887
2026/07/08 16:40:25.260, 7, 0, 4, 97887
2026/07/08 16:40:26.276, 0, 97, 87122, 97887
2026/07/08 16:40:26.286, 1, 99, 89268, 97887
2026/07/08 16:40:26.298, 2, 98, 87130, 97887
2026/07/08 16:40:26.310, 3, 98, 89056, 97887
2026/07/08 16:40:26.320, 4, 0, 4, 97887
2026/07/08 16:40:26.330, 5, 0, 4, 97887
2026/07/08 16:40:26.339, 6, 0, 4, 97887
2026/07/08 16:40:26.348, 7, 0, 4, 97887
2026/07/08 16:40:27.359, 0, 97, 87122, 97887
2026/07/08 16:40:27.372, 1, 99, 89268, 97887
2026/07/08 16:40:27.384, 2, 98, 87130, 97887
2026/07/08 16:40:27.396, 3, 98, 89056, 97887
2026/07/08 16:40:27.413, 4, 0, 4, 97887
2026/07/08 16:40:27.426, 5, 0, 4, 97887
2026/07/08 16:40:27.438, 6, 0, 4, 97887
2026/07/08 16:40:27.449, 7, 0, 4, 97887
2026/07/08 16:40:28.460, 0, 99, 87122, 97887
2026/07/08 16:40:28.472, 1, 100, 89268, 97887
2026/07/08 16:40:28.487, 2, 99, 87130, 97887
2026/07/08 16:40:28.502, 3, 99, 89056, 97887
2026/07/08 16:40:28.516, 4, 0, 4, 97887
2026/07/08 16:40:28.529, 5, 0, 4, 97887
2026/07/08 16:40:28.544, 6, 0, 4, 97887
2026/07/08 16:40:28.560, 7, 0, 4, 97887
2026/07/08 16:40:29.575, 0, 100, 87122, 97887
2026/07/08 16:40:29.590, 1, 99, 89268, 97887
2026/07/08 16:40:29.603, 2, 100, 87130, 97887
2026/07/08 16:40:29.617, 3, 100, 89056, 97887
2026/07/08 16:40:29.632, 4, 0, 4, 97887
2026/07/08 16:40:29.648, 5, 0, 4, 97887
2026/07/08 16:40:29.662, 6, 0, 4, 97887
2026/07/08 16:40:29.677, 7, 0, 4, 97887
2026/07/08 16:40:30.692, 0, 99, 87122, 97887
2026/07/08 16:40:30.706, 1, 100, 89268, 97887
2026/07/08 16:40:30.719, 2, 99, 87130, 97887
2026/07/08 16:40:30.734, 3, 99, 89056, 97887
2026/07/08 16:40:30.749, 4, 0, 4, 97887
2026/07/08 16:40:30.762, 5, 0, 4, 97887
2026/07/08 16:40:30.773, 6, 0, 4, 97887
2026/07/08 16:40:30.783, 7, 0, 4, 97887
2026/07/08 16:40:31.796, 0, 100, 87122, 97887
2026/07/08 16:40:31.811, 1, 98, 89268, 97887
2026/07/08 16:40:31.826, 2, 100, 87130, 97887
2026/07/08 16:40:31.841, 3, 100, 89056, 97887
2026/07/08 16:40:31.855, 4, 0, 4, 97887
2026/07/08 16:40:31.873, 5, 0, 4, 97887
2026/07/08 16:40:31.889, 6, 0, 4, 97887
2026/07/08 16:40:31.906, 7, 0, 4, 97887
2026/07/08 16:40:32.925, 0, 99, 87122, 97887
2026/07/08 16:40:32.940, 1, 100, 89270, 97887
2026/07/08 16:40:32.955, 2, 99, 87130, 97887
2026/07/08 16:40:32.971, 3, 99, 89056, 97887
2026/07/08 16:40:32.988, 4, 0, 4, 97887
2026/07/08 16:40:33.002, 5, 0, 4, 97887
2026/07/08 16:40:33.017, 6, 0, 4, 97887
2026/07/08 16:40:33.030, 7, 0, 4, 97887
2026/07/08 16:40:34.050, 0, 100, 87122, 97887
2026/07/08 16:40:34.062, 1, 99, 89270, 97887
2026/07/08 16:40:34.072, 2, 99, 87130, 97887
2026/07/08 16:40:34.080, 3, 100, 89056, 97887
2026/07/08 16:40:34.093, 4, 0, 4, 97887
2026/07/08 16:40:34.107, 5, 0, 4, 97887
2026/07/08 16:40:34.122, 6, 0, 4, 97887
2026/07/08 16:40:34.135, 7, 0, 4, 97887
2026/07/08 16:40:35.145, 0, 99, 87122, 97887
2026/07/08 16:40:35.157, 1, 100, 89270, 97887
2026/07/08 16:40:35.166, 2, 99, 87130, 97887
2026/07/08 16:40:35.176, 3, 99, 89056, 97887
2026/07/08 16:40:35.186, 4, 0, 4, 97887
2026/07/08 16:40:35.193, 5, 0, 4, 97887
2026/07/08 16:40:35.198, 6, 0, 4, 97887
2026/07/08 16:40:35.204, 7, 0, 4, 97887
2026/07/08 16:40:36.216, 0, 99, 87122, 97887
2026/07/08 16:40:36.231, 1, 98, 89270, 97887
2026/07/08 16:40:36.247, 2, 97, 87130, 97887
2026/07/08 16:40:36.263, 3, 98, 89056, 97887
2026/07/08 16:40:36.279, 4, 0, 4, 97887
2026/07/08 16:40:36.293, 5, 0, 4, 97887
2026/07/08 16:40:36.308, 6, 0, 4, 97887
2026/07/08 16:40:36.325, 7, 0, 4, 97887
2026/07/08 16:40:37.339, 0, 99, 87122, 97887
2026/07/08 16:40:37.355, 1, 98, 89270, 97887
2026/07/08 16:40:37.371, 2, 97, 87130, 97887
2026/07/08 16:40:37.383, 3, 98, 89056, 97887
2026/07/08 16:40:37.397, 4, 0, 4, 97887
2026/07/08 16:40:37.410, 5, 0, 4, 97887
2026/07/08 16:40:37.423, 6, 0, 4, 97887
2026/07/08 16:40:37.436, 7, 0, 4, 97887
2026/07/08 16:40:38.448, 0, 98, 87122, 97887
2026/07/08 16:40:38.462, 1, 98, 89270, 97887
2026/07/08 16:40:38.476, 2, 97, 87130, 97887
2026/07/08 16:40:38.489, 3, 97, 89056, 97887
2026/07/08 16:40:38.503, 4, 0, 4, 97887
2026/07/08 16:40:38.518, 5, 0, 4, 97887
2026/07/08 16:40:38.531, 6, 0, 4, 97887
2026/07/08 16:40:38.547, 7, 0, 4, 97887
2026/07/08 16:40:39.560, 0, 100, 87124, 97887
2026/07/08 16:40:39.574, 1, 100, 89270, 97887
2026/07/08 16:40:39.588, 2, 100, 87130, 97887
2026/07/08 16:40:39.602, 3, 99, 89056, 97887
2026/07/08 16:40:39.616, 4, 0, 4, 97887
2026/07/08 16:40:39.631, 5, 0, 4, 97887
2026/07/08 16:40:39.646, 6, 0, 4, 97887
2026/07/08 16:40:39.659, 7, 0, 4, 97887
2026/07/08 16:40:40.675, 0, 99, 87124, 97887
2026/07/08 16:40:40.691, 1, 99, 89270, 97887
2026/07/08 16:40:40.705, 2, 100, 87132, 97887
2026/07/08 16:40:40.716, 3, 99, 89056, 97887
2026/07/08 16:40:40.723, 4, 0, 4, 97887
2026/07/08 16:40:40.734, 5, 0, 4, 97887
2026/07/08 16:40:40.749, 6, 0, 4, 97887
2026/07/08 16:40:40.764, 7, 0, 4, 97887
2026/07/08 16:40:41.780, 0, 100, 87124, 97887
2026/07/08 16:40:41.789, 1, 99, 89270, 97887
2026/07/08 16:40:41.802, 2, 100, 87132, 97887
2026/07/08 16:40:41.814, 3, 100, 89056, 97887
2026/07/08 16:40:41.825, 4, 0, 4, 97887
2026/07/08 16:40:41.837, 5, 0, 4, 97887
2026/07/08 16:40:41.849, 6, 0, 4, 97887
2026/07/08 16:40:41.862, 7, 0, 4, 97887
2026/07/08 16:40:42.876, 0, 100, 87124, 97887
2026/07/08 16:40:42.890, 1, 99, 89270, 97887
2026/07/08 16:40:42.904, 2, 99, 87132, 97887
2026/07/08 16:40:42.918, 3, 100, 89056, 97887
2026/07/08 16:40:42.932, 4, 0, 4, 97887
2026/07/08 16:40:42.946, 5, 0, 4, 97887
2026/07/08 16:40:42.960, 6, 0, 4, 97887
2026/07/08 16:40:42.974, 7, 0, 4, 97887
2026/07/08 16:40:43.989, 0, 100, 87124, 97887
2026/07/08 16:40:44.006, 1, 99, 89270, 97887
2026/07/08 16:40:44.021, 2, 100, 87132, 97887
2026/07/08 16:40:44.036, 3, 100, 89056, 97887
2026/07/08 16:40:44.052, 4, 0, 4, 97887
2026/07/08 16:40:44.064, 5, 0, 4, 97887
2026/07/08 16:40:44.078, 6, 0, 4, 97887
2026/07/08 16:40:44.094, 7, 0, 4, 97887
2026/07/08 16:40:45.109, 0, 100, 87124, 97887
2026/07/08 16:40:45.119, 1, 99, 89270, 97887
2026/07/08 16:40:45.127, 2, 98, 87132, 97887
2026/07/08 16:40:45.139, 3, 100, 89056, 97887
2026/07/08 16:40:45.154, 4, 0, 4, 97887
2026/07/08 16:40:45.169, 5, 0, 4, 97887
2026/07/08 16:40:45.187, 6, 0, 4, 97887
2026/07/08 16:40:45.204, 7, 0, 4, 97887
2026/07/08 16:40:46.218, 0, 100, 87124, 97887
2026/07/08 16:40:46.232, 1, 99, 89270, 97887
2026/07/08 16:40:46.248, 2, 99, 87132, 97887
2026/07/08 16:40:46.261, 3, 100, 89056, 97887
2026/07/08 16:40:46.276, 4, 0, 4, 97887
2026/07/08 16:40:46.288, 5, 0, 4, 97887
2026/07/08 16:40:46.301, 6, 0, 4, 97887
2026/07/08 16:40:46.312, 7, 0, 4, 97887
2026/07/08 16:40:47.326, 0, 100, 87124, 97887
2026/07/08 16:40:47.346, 1, 99, 89270, 97887
2026/07/08 16:40:47.360, 2, 99, 87132, 97887
2026/07/08 16:40:47.375, 3, 100, 89056, 97887
2026/07/08 16:40:47.391, 4, 0, 4, 97887
2026/07/08 16:40:47.408, 5, 0, 4, 97887
2026/07/08 16:40:47.423, 6, 0, 4, 97887
2026/07/08 16:40:47.440, 7, 0, 4, 97887
2026/07/08 16:40:48.456, 0, 99, 87124, 97887
2026/07/08 16:40:48.472, 1, 98, 89270, 97887
2026/07/08 16:40:48.487, 2, 99, 87132, 97887
2026/07/08 16:40:48.504, 3, 99, 89056, 97887
2026/07/08 16:40:48.520, 4, 0, 4, 97887
2026/07/08 16:40:48.539, 5, 0, 4, 97887
2026/07/08 16:40:48.552, 6, 0, 4, 97887
2026/07/08 16:40:48.568, 7, 0, 4, 97887
2026/07/08 16:40:49.585, 0, 99, 87124, 97887
2026/07/08 16:40:49.602, 1, 98, 89270, 97887
2026/07/08 16:40:49.619, 2, 99, 87132, 97887
2026/07/08 16:40:49.634, 3, 99, 89056, 97887
2026/07/08 16:40:49.649, 4, 0, 4, 97887
2026/07/08 16:40:49.665, 5, 0, 4, 97887
2026/07/08 16:40:49.678, 6, 0, 4, 97887
2026/07/08 16:40:49.695, 7, 0, 4, 97887
2026/07/08 16:40:50.712, 0, 99, 87124, 97887
2026/07/08 16:40:50.727, 1, 98, 89270, 97887
2026/07/08 16:40:50.741, 2, 99, 87132, 97887
2026/07/08 16:40:50.753, 3, 99, 89056, 97887
2026/07/08 16:40:50.767, 4, 0, 4, 97887
2026/07/08 16:40:50.782, 5, 0, 4, 97887
2026/07/08 16:40:50.794, 6, 0, 4, 97887
2026/07/08 16:40:50.805, 7, 0, 4, 97887
2026/07/08 16:40:51.820, 0, 100, 87124, 97887
2026/07/08 16:40:51.835, 1, 99, 89270, 97887
2026/07/08 16:40:51.849, 2, 100, 87132, 97887
2026/07/08 16:40:51.861, 3, 100, 89056, 97887
2026/07/08 16:40:51.873, 4, 0, 4, 97887
2026/07/08 16:40:51.887, 5, 0, 4, 97887
2026/07/08 16:40:51.922, 6, 0, 4, 97887
2026/07/08 16:40:51.936, 7, 0, 4, 97887
2026/07/08 16:40:52.949, 0, 99, 87124, 97887
2026/07/08 16:40:52.963, 1, 99, 89270, 97887
2026/07/08 16:40:52.976, 2, 100, 87132, 97887
2026/07/08 16:40:52.990, 3, 99, 89056, 97887
2026/07/08 16:40:53.004, 4, 0, 4, 97887
2026/07/08 16:40:53.017, 5, 0, 4, 97887
2026/07/08 16:40:53.030, 6, 0, 4, 97887
2026/07/08 16:40:53.043, 7, 0, 4, 97887
2026/07/08 16:40:54.071, 0, 100, 87124, 97887
2026/07/08 16:40:54.088, 1, 99, 89270, 97887
2026/07/08 16:40:54.101, 2, 100, 87132, 97887
2026/07/08 16:40:54.110, 3, 99, 89056, 97887
2026/07/08 16:40:54.120, 4, 0, 4, 97887
2026/07/08 16:40:54.134, 5, 0, 4, 97887
2026/07/08 16:40:54.148, 6, 0, 4, 97887
2026/07/08 16:40:54.160, 7, 0, 4, 97887
2026/07/08 16:40:55.172, 0, 100, 87124, 97887
2026/07/08 16:40:55.185, 1, 99, 89270, 97887
2026/07/08 16:40:55.198, 2, 100, 87132, 97887
2026/07/08 16:40:55.213, 3, 99, 89056, 97887
2026/07/08 16:40:55.226, 4, 0, 4, 97887
2026/07/08 16:40:55.238, 5, 0, 4, 97887
2026/07/08 16:40:55.251, 6, 0, 4, 97887
2026/07/08 16:40:55.265, 7, 0, 4, 97887
2026/07/08 16:40:56.280, 0, 99, 87124, 97887
2026/07/08 16:40:56.295, 1, 99, 89270, 97887
2026/07/08 16:40:56.310, 2, 100, 87132, 97887
2026/07/08 16:40:56.324, 3, 99, 89056, 97887
2026/07/08 16:40:56.338, 4, 0, 4, 97887
2026/07/08 16:40:56.350, 5, 0, 4, 97887
2026/07/08 16:40:56.364, 6, 0, 4, 97887
2026/07/08 16:40:56.378, 7, 0, 4, 97887
2026/07/08 16:40:57.392, 0, 100, 87124, 97887
2026/07/08 16:40:57.407, 1, 99, 89270, 97887
2026/07/08 16:40:57.421, 2, 100, 87132, 97887
2026/07/08 16:40:57.436, 3, 100, 89056, 97887
2026/07/08 16:40:57.452, 4, 0, 4, 97887
2026/07/08 16:40:57.463, 5, 0, 4, 97887
2026/07/08 16:40:57.475, 6, 0, 4, 97887
2026/07/08 16:40:57.486, 7, 0, 4, 97887
2026/07/08 16:40:58.497, 0, 99, 87124, 97887
2026/07/08 16:40:58.511, 1, 99, 89270, 97887
2026/07/08 16:40:58.527, 2, 100, 87132, 97887
2026/07/08 16:40:58.542, 3, 99, 89056, 97887
2026/07/08 16:40:58.557, 4, 0, 4, 97887
2026/07/08 16:40:58.571, 5, 0, 4, 97887
2026/07/08 16:40:58.584, 6, 0, 4, 97887
2026/07/08 16:40:58.598, 7, 0, 4, 97887
2026/07/08 16:40:59.614, 0, 97, 87124, 97887
2026/07/08 16:40:59.630, 1, 100, 89270, 97887
2026/07/08 16:40:59.648, 2, 100, 87132, 97887
2026/07/08 16:40:59.663, 3, 96, 89056, 97887
2026/07/08 16:40:59.678, 4, 0, 4, 97887
2026/07/08 16:40:59.694, 5, 0, 4, 97887
2026/07/08 16:40:59.710, 6, 0, 4, 97887
2026/07/08 16:40:59.724, 7, 0, 4, 97887
2026/07/08 16:41:00.742, 0, 97, 87124, 97887
2026/07/08 16:41:00.757, 1, 97, 89270, 97887
2026/07/08 16:41:00.770, 2, 97, 87132, 97887
2026/07/08 16:41:00.784, 3, 98, 89056, 97887
2026/07/08 16:41:00.800, 4, 0, 4, 97887
2026/07/08 16:41:00.815, 5, 0, 4, 97887
2026/07/08 16:41:00.830, 6, 0, 4, 97887
2026/07/08 16:41:00.849, 7, 0, 4, 97887
2026/07/08 16:41:01.864, 0, 97, 87124, 97887
2026/07/08 16:41:01.882, 1, 83, 89270, 97887
2026/07/08 16:41:01.900, 2, 29, 87132, 97887
2026/07/08 16:41:01.916, 3, 88, 89056, 97887
2026/07/08 16:41:01.933, 4, 0, 4, 97887
2026/07/08 16:41:01.951, 5, 0, 4, 97887
2026/07/08 16:41:01.965, 6, 0, 4, 97887
2026/07/08 16:41:01.978, 7, 0, 4, 97887
2026/07/08 16:41:02.994, 0, 99, 87124, 97887
2026/07/08 16:41:03.008, 1, 99, 89270, 97887
2026/07/08 16:41:03.022, 2, 99, 87132, 97887
2026/07/08 16:41:03.038, 3, 99, 89056, 97887
2026/07/08 16:41:03.061, 4, 0, 4, 97887
2026/07/08 16:41:03.074, 5, 0, 4, 97887
2026/07/08 16:41:03.087, 6, 0, 4, 97887
2026/07/08 16:41:03.102, 7, 0, 4, 97887
2026/07/08 16:41:04.118, 0, 99, 87124, 97887
2026/07/08 16:41:04.135, 1, 99, 89270, 97887
2026/07/08 16:41:04.147, 2, 99, 87132, 97887
2026/07/08 16:41:04.153, 3, 99, 89056, 97887
2026/07/08 16:41:04.160, 4, 0, 4, 97887
2026/07/08 16:41:04.169, 5, 0, 4, 97887
2026/07/08 16:41:04.179, 6, 0, 4, 97887
2026/07/08 16:41:04.189, 7, 0, 4, 97887
2026/07/08 16:41:05.197, 0, 99, 87124, 97887
2026/07/08 16:41:05.212, 1, 98, 89270, 97887
2026/07/08 16:41:05.230, 2, 99, 87132, 97887
2026/07/08 16:41:05.247, 3, 99, 89056, 97887
2026/07/08 16:41:05.262, 4, 0, 4, 97887
2026/07/08 16:41:05.276, 5, 0, 4, 97887
2026/07/08 16:41:05.286, 6, 0, 4, 97887
2026/07/08 16:41:05.299, 7, 0, 4, 97887
2026/07/08 16:41:06.310, 0, 99, 87124, 97887
2026/07/08 16:41:06.323, 1, 99, 89270, 97887
2026/07/08 16:41:06.335, 2, 99, 87132, 97887
2026/07/08 16:41:06.345, 3, 99, 89056, 97887
2026/07/08 16:41:06.358, 4, 0, 4, 97887
2026/07/08 16:41:06.371, 5, 0, 4, 97887
2026/07/08 16:41:06.385, 6, 0, 4, 97887
2026/07/08 16:41:06.398, 7, 0, 4, 97887
2026/07/08 16:41:07.412, 0, 98, 87124, 97887
2026/07/08 16:41:07.425, 1, 99, 89270, 97887
2026/07/08 16:41:07.439, 2, 99, 87132, 97887
2026/07/08 16:41:07.453, 3, 96, 89056, 97887
2026/07/08 16:41:07.467, 4, 0, 4, 97887
2026/07/08 16:41:07.483, 5, 0, 4, 97887
2026/07/08 16:41:07.500, 6, 0, 4, 97887
2026/07/08 16:41:07.516, 7, 0, 4, 97887
2026/07/08 16:41:08.530, 0, 97, 87124, 97887
2026/07/08 16:41:08.544, 1, 98, 89270, 97887
2026/07/08 16:41:08.558, 2, 98, 87132, 97887
2026/07/08 16:41:08.569, 3, 98, 89056, 97887
2026/07/08 16:41:08.579, 4, 0, 4, 97887
2026/07/08 16:41:08.591, 5, 0, 4, 97887
2026/07/08 16:41:08.602, 6, 0, 4, 97887
2026/07/08 16:41:08.613, 7, 0, 4, 97887
2026/07/08 16:41:09.626, 0, 96, 87124, 97887
2026/07/08 16:41:09.643, 1, 96, 89270, 97887
2026/07/08 16:41:09.661, 2, 97, 87132, 97887
2026/07/08 16:41:09.677, 3, 84, 89056, 97887
2026/07/08 16:41:09.692, 4, 0, 4, 97887
2026/07/08 16:41:09.710, 5, 0, 4, 97887
2026/07/08 16:41:09.726, 6, 0, 4, 97887
2026/07/08 16:41:09.740, 7, 0, 4, 97887
2026/07/08 16:41:10.754, 0, 99, 87124, 97887
2026/07/08 16:41:10.765, 1, 98, 89270, 97887
2026/07/08 16:41:10.777, 2, 99, 87132, 97887
2026/07/08 16:41:10.792, 3, 99, 89056, 97887
2026/07/08 16:41:10.808, 4, 0, 4, 97887
2026/07/08 16:41:10.823, 5, 0, 4, 97887
2026/07/08 16:41:10.836, 6, 0, 4, 97887
2026/07/08 16:41:10.849, 7, 0, 4, 97887
2026/07/08 16:41:11.863, 0, 100, 87124, 97887
2026/07/08 16:41:11.875, 1, 99, 89270, 97887
2026/07/08 16:41:11.887, 2, 100, 87132, 97887
2026/07/08 16:41:11.898, 3, 99, 89056, 97887
2026/07/08 16:41:11.908, 4, 0, 4, 97887
2026/07/08 16:41:11.919, 5, 0, 4, 97887
2026/07/08 16:41:11.928, 6, 0, 4, 97887
2026/07/08 16:41:11.944, 7, 0, 4, 97887
2026/07/08 16:41:12.956, 0, 99, 87124, 97887
2026/07/08 16:41:12.971, 1, 99, 89270, 97887
2026/07/08 16:41:12.984, 2, 99, 87132, 97887
2026/07/08 16:41:12.997, 3, 99, 89056, 97887
2026/07/08 16:41:13.009, 4, 0, 4, 97887
2026/07/08 16:41:13.023, 5, 0, 4, 97887
2026/07/08 16:41:13.035, 6, 0, 4, 97887
2026/07/08 16:41:13.048, 7, 0, 4, 97887
2026/07/08 16:41:14.060, 0, 99, 87124, 97887
2026/07/08 16:41:14.067, 1, 99, 89270, 97887
2026/07/08 16:41:14.076, 2, 98, 87132, 97887
2026/07/08 16:41:14.086, 3, 99, 89056, 97887
2026/07/08 16:41:14.094, 4, 0, 4, 97887
2026/07/08 16:41:14.106, 5, 0, 4, 97887
2026/07/08 16:41:14.116, 6, 0, 4, 97887
2026/07/08 16:41:14.127, 7, 0, 4, 97887
2026/07/08 16:41:15.135, 0, 99, 87124, 97887
2026/07/08 16:41:15.151, 1, 82, 89272, 97887
2026/07/08 16:41:15.165, 2, 82, 87132, 97887
2026/07/08 16:41:15.181, 3, 99, 89056, 97887
2026/07/08 16:41:15.196, 4, 0, 4, 97887
2026/07/08 16:41:15.212, 5, 0, 4, 97887
2026/07/08 16:41:15.227, 6, 0, 4, 97887
2026/07/08 16:41:15.242, 7, 0, 4, 97887
2026/07/08 16:41:16.258, 0, 5, 87650, 97887
2026/07/08 16:41:16.272, 1, 26, 89800, 97887
2026/07/08 16:41:16.287, 2, 4, 87658, 97887
2026/07/08 16:41:16.301, 3, 1, 89582, 97887
2026/07/08 16:41:16.316, 4, 0, 4, 97887
2026/07/08 16:41:16.330, 5, 0, 4, 97887
2026/07/08 16:41:16.344, 6, 0, 4, 97887
2026/07/08 16:41:16.363, 7, 0, 4, 97887
2026/07/08 16:41:17.377, 0, 2, 88248, 97887
2026/07/08 16:41:17.393, 1, 14, 90396, 97887
2026/07/08 16:41:17.409, 2, 2, 87682, 97887
2026/07/08 16:41:17.422, 3, 2, 89606, 97887
2026/07/08 16:41:17.436, 4, 0, 4, 97887
2026/07/08 16:41:17.449, 5, 0, 4, 97887
2026/07/08 16:41:17.464, 6, 0, 4, 97887
2026/07/08 16:41:17.480, 7, 0, 4, 97887
2026/07/08 16:41:18.496, 0, 76, 88248, 97887
2026/07/08 16:41:18.512, 1, 36, 90396, 97887
2026/07/08 16:41:18.527, 2, 17, 88276, 97887
2026/07/08 16:41:18.544, 3, 14, 90200, 97887
2026/07/08 16:41:18.561, 4, 0, 4, 97887
2026/07/08 16:41:18.577, 5, 0, 4, 97887
2026/07/08 16:41:18.593, 6, 0, 4, 97887
2026/07/08 16:41:18.609, 7, 0, 4, 97887
2026/07/08 16:41:19.626, 0, 4, 88254, 97887
2026/07/08 16:41:19.642, 1, 4, 90402, 97887
2026/07/08 16:41:19.658, 2, 4, 88282, 97887
2026/07/08 16:41:19.675, 3, 4, 90206, 97887
2026/07/08 16:41:19.691, 4, 0, 4, 97887
2026/07/08 16:41:19.706, 5, 0, 4, 97887
2026/07/08 16:41:19.723, 6, 0, 4, 97887
2026/07/08 16:41:19.737, 7, 0, 4, 97887
2026/07/08 16:41:20.755, 0, 4, 88260, 97887
2026/07/08 16:41:20.771, 1, 5, 90408, 97887
2026/07/08 16:41:20.786, 2, 5, 88288, 97887
2026/07/08 16:41:20.801, 3, 4, 90212, 97887
2026/07/08 16:41:20.817, 4, 0, 4, 97887
2026/07/08 16:41:20.833, 5, 0, 4, 97887
2026/07/08 16:41:20.846, 6, 0, 4, 97887
2026/07/08 16:41:20.858, 7, 0, 4, 97887
2026/07/08 16:41:21.875, 0, 4, 88266, 97887
2026/07/08 16:41:21.899, 1, 3, 90412, 97887
2026/07/08 16:41:21.927, 2, 3, 88292, 97887
2026/07/08 16:41:21.950, 3, 4, 90216, 97887
2026/07/08 16:41:21.978, 4, 0, 4, 97887
2026/07/08 16:41:21.994, 5, 0, 4, 97887
2026/07/08 16:41:22.021, 6, 0, 4, 97887
2026/07/08 16:41:22.036, 7, 0, 4, 97887
2026/07/08 16:41:23.049, 0, 4, 88272, 97887
2026/07/08 16:41:23.072, 1, 4, 90418, 97887
2026/07/08 16:41:23.087, 2, 4, 88298, 97887
2026/07/08 16:41:23.101, 3, 4, 90222, 97887
2026/07/08 16:41:23.116, 4, 0, 4, 97887
2026/07/08 16:41:23.131, 5, 0, 4, 97887
2026/07/08 16:41:23.148, 6, 0, 4, 97887
2026/07/08 16:41:23.167, 7, 0, 4, 97887
2026/07/08 16:41:24.184, 0, 4, 88278, 97887
2026/07/08 16:41:24.197, 1, 5, 90424, 97887
2026/07/08 16:41:24.214, 2, 4, 88304, 97887
2026/07/08 16:41:24.227, 3, 4, 90228, 97887
2026/07/08 16:41:24.241, 4, 0, 4, 97887
2026/07/08 16:41:24.257, 5, 0, 4, 97887
2026/07/08 16:41:24.275, 6, 0, 4, 97887
2026/07/08 16:41:24.290, 7, 0, 4, 97887
2026/07/08 16:41:25.306, 0, 5, 88284, 97887
2026/07/08 16:41:25.321, 1, 4, 90430, 97887
2026/07/08 16:41:25.336, 2, 5, 88310, 97887
2026/07/08 16:41:25.351, 3, 4, 90234, 97887
2026/07/08 16:41:25.365, 4, 0, 4, 97887
2026/07/08 16:41:25.380, 5, 0, 4, 97887
2026/07/08 16:41:25.396, 6, 0, 4, 97887
2026/07/08 16:41:25.412, 7, 0, 4, 97887
2026/07/08 16:41:26.428, 0, 4, 88288, 97887
2026/07/08 16:41:26.442, 1, 4, 90436, 97887
2026/07/08 16:41:26.474, 2, 4, 88316, 97887
2026/07/08 16:41:26.492, 3, 4, 90240, 97887
2026/07/08 16:41:26.511, 4, 0, 4, 97887
2026/07/08 16:41:26.528, 5, 0, 4, 97887
2026/07/08 16:41:26.546, 6, 0, 4, 97887
2026/07/08 16:41:26.558, 7, 0, 4, 97887
2026/07/08 16:41:27.580, 0, 5, 88294, 97887
2026/07/08 16:41:27.598, 1, 4, 90440, 97887
2026/07/08 16:41:27.613, 2, 4, 88322, 97887
2026/07/08 16:41:27.624, 3, 5, 90244, 97887
2026/07/08 16:41:27.639, 4, 0, 4, 97887
2026/07/08 16:41:27.656, 5, 0, 4, 97887
2026/07/08 16:41:27.672, 6, 0, 4, 97887
2026/07/08 16:41:27.687, 7, 0, 4, 97887
2026/07/08 16:41:28.704, 0, 5, 88300, 97887
2026/07/08 16:41:28.720, 1, 5, 90446, 97887
2026/07/08 16:41:28.735, 2, 5, 88328, 97887
2026/07/08 16:41:28.751, 3, 5, 90250, 97887
2026/07/08 16:41:28.766, 4, 0, 4, 97887
2026/07/08 16:41:28.782, 5, 0, 4, 97887
2026/07/08 16:41:28.797, 6, 0, 4, 97887
2026/07/08 16:41:28.815, 7, 0, 4, 97887
2026/07/08 16:41:29.832, 0, 4, 88306, 97887
2026/07/08 16:41:29.846, 1, 4, 90452, 97887
2026/07/08 16:41:29.861, 2, 4, 88334, 97887
2026/07/08 16:41:29.877, 3, 4, 90256, 97887
2026/07/08 16:41:29.892, 4, 0, 4, 97887
2026/07/08 16:41:29.909, 5, 0, 4, 97887
2026/07/08 16:41:29.923, 6, 0, 4, 97887
2026/07/08 16:41:29.937, 7, 0, 4, 97887
2026/07/08 16:41:30.953, 0, 5, 88312, 97887
2026/07/08 16:41:30.970, 1, 5, 90460, 97887
2026/07/08 16:41:30.986, 2, 5, 88340, 97887
2026/07/08 16:41:31.001, 3, 4, 90262, 97887
2026/07/08 16:41:31.016, 4, 0, 4, 97887
2026/07/08 16:41:31.030, 5, 0, 4, 97887
2026/07/08 16:41:31.046, 6, 0, 4, 97887
2026/07/08 16:41:31.056, 7, 0, 4, 97887
2026/07/08 16:41:32.068, 0, 4, 88318, 97887
2026/07/08 16:41:32.105, 1, 5, 90464, 97887
2026/07/08 16:41:32.140, 2, 4, 88346, 97887
2026/07/08 16:41:32.157, 3, 4, 90268, 97887
2026/07/08 16:41:32.172, 4, 0, 4, 97887
2026/07/08 16:41:32.185, 5, 0, 4, 97887
2026/07/08 16:41:32.206, 6, 0, 4, 97887
2026/07/08 16:41:32.218, 7, 0, 4, 97887
2026/07/08 16:41:33.240, 0, 2, 88340, 97887
2026/07/08 16:41:33.255, 1, 3, 90488, 97887
2026/07/08 16:41:33.269, 2, 2, 88368, 97887
2026/07/08 16:41:33.285, 3, 2, 90292, 97887
2026/07/08 16:41:33.301, 4, 0, 4, 97887
2026/07/08 16:41:33.317, 5, 0, 4, 97887
2026/07/08 16:41:33.332, 6, 0, 4, 97887
2026/07/08 16:41:33.345, 7, 0, 4, 97887
2026/07/08 16:41:34.357, 0, 2, 88340, 97887
2026/07/08 16:41:34.368, 1, 2, 90488, 97887
2026/07/08 16:41:34.381, 2, 2, 88368, 97887
2026/07/08 16:41:34.394, 3, 2, 90292, 97887
2026/07/08 16:41:34.406, 4, 0, 4, 97887
2026/07/08 16:41:34.419, 5, 0, 4, 97887
2026/07/08 16:41:34.432, 6, 0, 4, 97887
2026/07/08 16:41:34.447, 7, 0, 4, 97887
2026/07/08 16:41:35.463, 0, 2, 88340, 97887
2026/07/08 16:41:35.480, 1, 2, 90488, 97887
2026/07/08 16:41:35.495, 2, 2, 88368, 97887
2026/07/08 16:41:35.509, 3, 2, 90292, 97887
2026/07/08 16:41:35.522, 4, 0, 4, 97887
2026/07/08 16:41:35.531, 5, 0, 4, 97887
2026/07/08 16:41:35.539, 6, 0, 4, 97887
2026/07/08 16:41:35.548, 7, 0, 4, 97887
2026/07/08 16:41:36.556, 0, 2, 88340, 97887
2026/07/08 16:41:36.569, 1, 2, 90488, 97887
2026/07/08 16:41:36.582, 2, 2, 88368, 97887
2026/07/08 16:41:36.595, 3, 2, 90292, 97887
2026/07/08 16:41:36.606, 4, 0, 4, 97887
2026/07/08 16:41:36.617, 5, 0, 4, 97887
2026/07/08 16:41:36.629, 6, 0, 4, 97887
2026/07/08 16:41:36.641, 7, 0, 4, 97887
2026/07/08 16:41:37.653, 0, 2, 88340, 97887
2026/07/08 16:41:37.667, 1, 2, 90488, 97887
2026/07/08 16:41:37.680, 2, 2, 88368, 97887
2026/07/08 16:41:37.692, 3, 2, 90292, 97887
2026/07/08 16:41:37.705, 4, 0, 4, 97887
2026/07/08 16:41:37.720, 5, 0, 4, 97887
2026/07/08 16:41:37.734, 6, 0, 4, 97887
2026/07/08 16:41:37.749, 7, 0, 4, 97887
2026/07/08 16:41:38.761, 0, 2, 88340, 97887
2026/07/08 16:41:38.778, 1, 2, 90488, 97887
2026/07/08 16:41:38.792, 2, 2, 88368, 97887
2026/07/08 16:41:38.806, 3, 2, 90292, 97887
2026/07/08 16:41:38.817, 4, 0, 4, 97887
2026/07/08 16:41:38.830, 5, 0, 4, 97887
2026/07/08 16:41:38.844, 6, 0, 4, 97887
2026/07/08 16:41:38.855, 7, 0, 4, 97887
2026/07/08 16:41:39.870, 0, 2, 88340, 97887
2026/07/08 16:41:39.883, 1, 2, 90488, 97887
2026/07/08 16:41:39.895, 2, 2, 88368, 97887
2026/07/08 16:41:39.907, 3, 2, 90292, 97887
2026/07/08 16:41:39.919, 4, 0, 4, 97887
2026/07/08 16:41:39.929, 5, 0, 4, 97887
2026/07/08 16:41:39.937, 6, 0, 4, 97887
2026/07/08 16:41:39.947, 7, 0, 4, 97887
2026/07/08 16:41:40.953, 0, 2, 88340, 97887
2026/07/08 16:41:40.965, 1, 2, 90488, 97887
2026/07/08 16:41:40.978, 2, 2, 88368, 97887
2026/07/08 16:41:40.990, 3, 2, 90292, 97887
2026/07/08 16:41:41.005, 4, 0, 4, 97887
2026/07/08 16:41:41.019, 5, 0, 4, 97887
2026/07/08 16:41:41.031, 6, 0, 4, 97887
2026/07/08 16:41:41.042, 7, 0, 4, 97887
2026/07/08 16:41:42.059, 0, 2, 88340, 97887
2026/07/08 16:41:42.072, 1, 2, 90488, 97887
2026/07/08 16:41:42.086, 2, 2, 88368, 97887
2026/07/08 16:41:42.099, 3, 2, 90292, 97887
2026/07/08 16:41:42.111, 4, 0, 4, 97887
2026/07/08 16:41:42.122, 5, 0, 4, 97887
2026/07/08 16:41:42.132, 6, 0, 4, 97887
2026/07/08 16:41:42.144, 7, 0, 4, 97887
2026/07/08 16:41:43.158, 0, 2, 88340, 97887
2026/07/08 16:41:43.170, 1, 2, 90488, 97887
2026/07/08 16:41:43.182, 2, 2, 88368, 97887
2026/07/08 16:41:43.193, 3, 2, 90292, 97887
2026/07/08 16:41:43.204, 4, 0, 4, 97887
2026/07/08 16:41:43.213, 5, 0, 4, 97887
2026/07/08 16:41:43.223, 6, 0, 4, 97887
2026/07/08 16:41:43.234, 7, 0, 4, 97887
2026/07/08 16:41:44.246, 0, 2, 88340, 97887
2026/07/08 16:41:44.261, 1, 2, 90488, 97887
2026/07/08 16:41:44.280, 2, 2, 88368, 97887
2026/07/08 16:41:44.298, 3, 2, 90292, 97887
2026/07/08 16:41:44.315, 4, 0, 4, 97887
2026/07/08 16:41:44.332, 5, 0, 4, 97887
2026/07/08 16:41:44.349, 6, 0, 4, 97887
2026/07/08 16:41:44.367, 7, 0, 4, 97887
2026/07/08 16:41:45.386, 0, 2, 88340, 97887
2026/07/08 16:41:45.401, 1, 2, 90488, 97887
2026/07/08 16:41:45.418, 2, 2, 88368, 97887
2026/07/08 16:41:45.437, 3, 2, 90292, 97887
2026/07/08 16:41:45.447, 4, 0, 4, 97887
2026/07/08 16:41:45.460, 5, 0, 4, 97887
2026/07/08 16:41:45.476, 6, 0, 4, 97887
2026/07/08 16:41:45.491, 7, 0, 4, 97887
2026/07/08 16:41:46.507, 0, 2, 88340, 97887
2026/07/08 16:41:46.522, 1, 2, 90488, 97887
2026/07/08 16:41:46.538, 2, 2, 88368, 97887
2026/07/08 16:41:46.556, 3, 2, 90292, 97887
2026/07/08 16:41:46.575, 4, 0, 4, 97887
2026/07/08 16:41:46.590, 5, 0, 4, 97887
2026/07/08 16:41:46.604, 6, 0, 4, 97887
2026/07/08 16:41:46.617, 7, 0, 4, 97887
2026/07/08 16:41:47.633, 0, 2, 88340, 97887
2026/07/08 16:41:47.648, 1, 2, 90488, 97887
2026/07/08 16:41:47.663, 2, 2, 88368, 97887
2026/07/08 16:41:47.680, 3, 2, 90292, 97887
2026/07/08 16:41:47.698, 4, 0, 4, 97887
2026/07/08 16:41:47.714, 5, 0, 4, 97887
2026/07/08 16:41:47.731, 6, 0, 4, 97887
2026/07/08 16:41:47.747, 7, 0, 4, 97887
2026/07/08 16:41:48.760, 0, 2, 88340, 97887
2026/07/08 16:41:48.776, 1, 2, 90488, 97887
2026/07/08 16:41:48.792, 2, 2, 88368, 97887
2026/07/08 16:41:48.809, 3, 2, 90292, 97887
2026/07/08 16:41:48.826, 4, 0, 4, 97887
2026/07/08 16:41:48.842, 5, 0, 4, 97887
2026/07/08 16:41:48.857, 6, 0, 4, 97887
2026/07/08 16:41:48.874, 7, 0, 4, 97887
2026/07/08 16:41:49.890, 0, 2, 88340, 97887
2026/07/08 16:41:49.908, 1, 2, 90488, 97887
2026/07/08 16:41:49.924, 2, 2, 88368, 97887
2026/07/08 16:41:49.940, 3, 2, 90292, 97887
2026/07/08 16:41:49.955, 4, 0, 4, 97887
2026/07/08 16:41:49.972, 5, 0, 4, 97887
2026/07/08 16:41:49.986, 6, 0, 4, 97887
2026/07/08 16:41:50.002, 7, 0, 4, 97887
2026/07/08 16:41:51.019, 0, 2, 88340, 97887
2026/07/08 16:41:51.032, 1, 2, 90488, 97887
2026/07/08 16:41:51.048, 2, 2, 88368, 97887
2026/07/08 16:41:51.066, 3, 2, 90292, 97887
2026/07/08 16:41:51.082, 4, 0, 4, 97887
2026/07/08 16:41:51.098, 5, 0, 4, 97887
2026/07/08 16:41:51.114, 6, 0, 4, 97887
2026/07/08 16:41:51.128, 7, 0, 4, 97887
2026/07/08 16:41:52.145, 0, 2, 88340, 97887
2026/07/08 16:41:52.162, 1, 1, 90488, 97887
2026/07/08 16:41:52.176, 2, 2, 88368, 97887
2026/07/08 16:41:52.191, 3, 2, 90292, 97887
2026/07/08 16:41:52.205, 4, 0, 4, 97887
2026/07/08 16:41:52.220, 5, 0, 4, 97887
2026/07/08 16:41:52.232, 6, 0, 4, 97887
2026/07/08 16:41:52.247, 7, 0, 4, 97887
2026/07/08 16:41:53.263, 0, 2, 88340, 97887
2026/07/08 16:41:53.278, 1, 2, 90488, 97887
2026/07/08 16:41:53.291, 2, 2, 88368, 97887
2026/07/08 16:41:53.304, 3, 2, 90292, 97887
2026/07/08 16:41:53.319, 4, 0, 4, 97887
2026/07/08 16:41:53.332, 5, 0, 4, 97887
2026/07/08 16:41:53.344, 6, 0, 4, 97887
2026/07/08 16:41:53.357, 7, 0, 4, 97887
2026/07/08 16:41:54.370, 0, 2, 88340, 97887
2026/07/08 16:41:54.385, 1, 2, 90488, 97887
2026/07/08 16:41:54.402, 2, 2, 88368, 97887
2026/07/08 16:41:54.415, 3, 2, 90292, 97887
2026/07/08 16:41:54.431, 4, 0, 4, 97887
2026/07/08 16:41:54.446, 5, 0, 4, 97887
2026/07/08 16:41:54.463, 6, 0, 4, 97887
2026/07/08 16:41:54.479, 7, 0, 4, 97887
2026/07/08 16:41:55.491, 0, 2, 88340, 97887
2026/07/08 16:41:55.505, 1, 1, 90488, 97887
2026/07/08 16:41:55.517, 2, 2, 88368, 97887
2026/07/08 16:41:55.528, 3, 2, 90292, 97887
2026/07/08 16:41:55.542, 4, 0, 4, 97887
2026/07/08 16:41:55.555, 5, 0, 4, 97887
2026/07/08 16:41:55.568, 6, 0, 4, 97887
2026/07/08 16:41:55.581, 7, 0, 4, 97887
2026/07/08 16:41:56.598, 0, 2, 88340, 97887
2026/07/08 16:41:56.614, 1, 2, 90488, 97887
2026/07/08 16:41:56.634, 2, 1, 88368, 97887
2026/07/08 16:41:56.649, 3, 2, 90292, 97887
2026/07/08 16:41:56.664, 4, 0, 4, 97887
2026/07/08 16:41:56.679, 5, 0, 4, 97887
2026/07/08 16:41:56.696, 6, 0, 4, 97887
2026/07/08 16:41:56.712, 7, 0, 4, 97887
2026/07/08 16:41:57.731, 0, 2, 88340, 97887
2026/07/08 16:41:57.748, 1, 2, 90488, 97887
2026/07/08 16:41:57.765, 2, 2, 88368, 97887
2026/07/08 16:41:57.780, 3, 2, 90292, 97887
2026/07/08 16:41:57.794, 4, 0, 4, 97887
2026/07/08 16:41:57.812, 5, 0, 4, 97887
2026/07/08 16:41:57.830, 6, 0, 4, 97887
2026/07/08 16:41:57.848, 7, 0, 4, 97887
2026/07/08 16:41:58.865, 0, 2, 88340, 97887
2026/07/08 16:41:58.882, 1, 2, 90488, 97887
2026/07/08 16:41:58.900, 2, 2, 88368, 97887
2026/07/08 16:41:58.918, 3, 2, 90292, 97887
2026/07/08 16:41:58.935, 4, 0, 4, 97887
2026/07/08 16:41:58.952, 5, 0, 4, 97887
2026/07/08 16:41:58.968, 6, 0, 4, 97887
2026/07/08 16:41:58.984, 7, 0, 4, 97887
2026/07/08 16:42:00.002, 0, 2, 88340, 97887
2026/07/08 16:42:00.020, 1, 2, 90488, 97887
2026/07/08 16:42:00.036, 2, 2, 88368, 97887
2026/07/08 16:42:00.051, 3, 2, 90292, 97887
2026/07/08 16:42:00.068, 4, 0, 4, 97887
2026/07/08 16:42:00.084, 5, 0, 4, 97887
2026/07/08 16:42:00.097, 6, 0, 4, 97887
2026/07/08 16:42:00.112, 7, 0, 4, 97887
2026/07/08 16:42:01.128, 0, 2, 88340, 97887
2026/07/08 16:42:01.142, 1, 2, 90488, 97887
2026/07/08 16:42:01.156, 2, 2, 88368, 97887
2026/07/08 16:42:01.167, 3, 2, 90292, 97887
2026/07/08 16:42:01.177, 4, 0, 4, 97887
2026/07/08 16:42:01.189, 5, 0, 4, 97887
2026/07/08 16:42:01.200, 6, 0, 4, 97887
2026/07/08 16:42:01.213, 7, 0, 4, 97887
2026/07/08 16:42:02.223, 0, 2, 88340, 97887
2026/07/08 16:42:02.241, 1, 2, 90488, 97887
2026/07/08 16:42:02.256, 2, 2, 88368, 97887
2026/07/08 16:42:02.271, 3, 2, 90292, 97887
2026/07/08 16:42:02.286, 4, 0, 4, 97887
2026/07/08 16:42:02.304, 5, 0, 4, 97887
2026/07/08 16:42:02.322, 6, 0, 4, 97887
2026/07/08 16:42:02.339, 7, 0, 4, 97887
2026/07/08 16:42:03.354, 0, 2, 88340, 97887
2026/07/08 16:42:03.373, 1, 1, 90488, 97887
2026/07/08 16:42:03.391, 2, 2, 88368, 97887
2026/07/08 16:42:03.406, 3, 2, 90292, 97887
2026/07/08 16:42:03.423, 4, 0, 4, 97887
2026/07/08 16:42:03.440, 5, 0, 4, 97887
2026/07/08 16:42:03.458, 6, 0, 4, 97887
2026/07/08 16:42:03.475, 7, 0, 4, 97887
2026/07/08 16:42:04.492, 0, 2, 88340, 97887
2026/07/08 16:42:04.506, 1, 2, 90488, 97887
2026/07/08 16:42:04.521, 2, 2, 88368, 97887
2026/07/08 16:42:04.536, 3, 2, 90292, 97887
2026/07/08 16:42:04.550, 4, 0, 4, 97887
2026/07/08 16:42:04.566, 5, 0, 4, 97887
2026/07/08 16:42:04.582, 6, 0, 4, 97887
2026/07/08 16:42:04.598, 7, 0, 4, 97887
2026/07/08 16:42:05.614, 0, 2, 88340, 97887
2026/07/08 16:42:05.628, 1, 2, 90488, 97887
2026/07/08 16:42:05.642, 2, 2, 88368, 97887
2026/07/08 16:42:05.658, 3, 2, 90292, 97887
2026/07/08 16:42:05.673, 4, 0, 4, 97887
2026/07/08 16:42:05.688, 5, 0, 4, 97887
2026/07/08 16:42:05.705, 6, 0, 4, 97887
2026/07/08 16:42:05.722, 7, 0, 4, 97887
2026/07/08 16:42:06.737, 0, 1, 88340, 97887
2026/07/08 16:42:06.756, 1, 1, 90488, 97887
2026/07/08 16:42:06.774, 2, 2, 88368, 97887
2026/07/08 16:42:06.792, 3, 2, 90292, 97887
2026/07/08 16:42:06.812, 4, 0, 4, 97887
2026/07/08 16:42:06.831, 5, 0, 4, 97887
2026/07/08 16:42:06.850, 6, 0, 4, 97887
2026/07/08 16:42:06.865, 7, 0, 4, 97887
2026/07/08 16:42:07.882, 0, 2, 88340, 97887
2026/07/08 16:42:07.900, 1, 2, 90488, 97887
2026/07/08 16:42:07.915, 2, 1, 88368, 97887
2026/07/08 16:42:07.931, 3, 2, 90292, 97887
2026/07/08 16:42:07.944, 4, 0, 4, 97887
2026/07/08 16:42:07.959, 5, 0, 4, 97887
2026/07/08 16:42:07.972, 6, 0, 4, 97887
2026/07/08 16:42:07.982, 7, 0, 4, 97887
2026/07/08 16:42:08.999, 0, 2, 88340, 97887
2026/07/08 16:42:09.017, 1, 2, 90488, 97887
2026/07/08 16:42:09.036, 2, 2, 88368, 97887
2026/07/08 16:42:09.050, 3, 2, 90292, 97887
2026/07/08 16:42:09.066, 4, 0, 4, 97887
2026/07/08 16:42:09.080, 5, 0, 4, 97887
2026/07/08 16:42:09.093, 6, 0, 4, 97887
2026/07/08 16:42:09.111, 7, 0, 4, 97887
2026/07/08 16:42:10.129, 0, 24, 88340, 97887
2026/07/08 16:42:10.146, 1, 2, 90488, 97887
2026/07/08 16:42:10.160, 2, 100, 88368, 97887
2026/07/08 16:42:10.175, 3, 2, 90292, 97887
2026/07/08 16:42:10.190, 4, 0, 4, 97887
2026/07/08 16:42:10.206, 5, 0, 4, 97887
2026/07/08 16:42:10.223, 6, 0, 4, 97887
2026/07/08 16:42:10.238, 7, 0, 4, 97887
2026/07/08 16:42:11.253, 0, 0, 88340, 97887
2026/07/08 16:42:11.269, 1, 100, 90488, 97887
2026/07/08 16:42:11.283, 2, 0, 88368, 97887
2026/07/08 16:42:11.297, 3, 0, 90292, 97887
2026/07/08 16:42:11.311, 4, 0, 4, 97887
2026/07/08 16:42:11.328, 5, 0, 4, 97887
2026/07/08 16:42:11.344, 6, 0, 4, 97887
2026/07/08 16:42:11.359, 7, 0, 4, 97887
2026/07/08 16:42:12.375, 0, 0, 88340, 97887
2026/07/08 16:42:12.394, 1, 77, 90488, 97887
2026/07/08 16:42:12.411, 2, 0, 88368, 97887
2026/07/08 16:42:12.431, 3, 53, 90292, 97887
2026/07/08 16:42:12.449, 4, 0, 4, 97887
2026/07/08 16:42:12.465, 5, 0, 4, 97887
2026/07/08 16:42:12.483, 6, 0, 4, 97887
2026/07/08 16:42:12.502, 7, 0, 4, 97887
2026/07/08 16:42:13.517, 0, 1, 88340, 97887
2026/07/08 16:42:13.532, 1, 100, 90488, 97887
2026/07/08 16:42:13.548, 2, 0, 88368, 97887
2026/07/08 16:42:13.564, 3, 100, 90292, 97887
2026/07/08 16:42:13.582, 4, 0, 4, 97887
2026/07/08 16:42:13.599, 5, 0, 4, 97887
2026/07/08 16:42:13.615, 6, 0, 4, 97887
2026/07/08 16:42:13.631, 7, 0, 4, 97887
2026/07/08 16:42:14.647, 0, 0, 88340, 97887
2026/07/08 16:42:14.661, 1, 0, 90488, 97887
2026/07/08 16:42:14.675, 2, 0, 88368, 97887
2026/07/08 16:42:14.690, 3, 0, 90292, 97887
2026/07/08 16:42:14.706, 4, 0, 4, 97887
2026/07/08 16:42:14.723, 5, 0, 4, 97887
2026/07/08 16:42:14.740, 6, 0, 4, 97887
2026/07/08 16:42:14.758, 7, 0, 4, 97887
2026/07/08 16:42:15.774, 0, 0, 88340, 97887
2026/07/08 16:42:15.789, 1, 100, 90488, 97887
2026/07/08 16:42:15.803, 2, 100, 88368, 97887
2026/07/08 16:42:15.815, 3, 100, 90292, 97887
2026/07/08 16:42:15.828, 4, 0, 4, 97887
2026/07/08 16:42:15.845, 5, 0, 4, 97887
2026/07/08 16:42:15.862, 6, 0, 4, 97887
2026/07/08 16:42:15.877, 7, 0, 4, 97887
2026/07/08 16:42:16.890, 0, 0, 88340, 97887
2026/07/08 16:42:16.904, 1, 0, 90488, 97887
2026/07/08 16:42:16.917, 2, 4, 88370, 97887
2026/07/08 16:42:16.931, 3, 4, 90294, 97887
2026/07/08 16:42:16.944, 4, 0, 4, 97887
2026/07/08 16:42:16.956, 5, 0, 4, 97887
2026/07/08 16:42:16.969, 6, 0, 4, 97887
2026/07/08 16:42:16.984, 7, 0, 4, 97887
2026/07/08 16:42:17.999, 0, 0, 88340, 97887
2026/07/08 16:42:18.015, 1, 4, 90490, 97887
2026/07/08 16:42:18.032, 2, 4, 88372, 97887
2026/07/08 16:42:18.054, 3, 4, 90296, 97887
2026/07/08 16:42:18.067, 4, 0, 4, 97887
2026/07/08 16:42:18.079, 5, 0, 4, 97887
2026/07/08 16:42:18.096, 6, 0, 4, 97887
2026/07/08 16:42:18.113, 7, 0, 4, 97887
2026/07/08 16:42:19.128, 0, 1, 88340, 97887
2026/07/08 16:42:19.147, 1, 4, 90496, 97887
2026/07/08 16:42:19.164, 2, 4, 88378, 97887
2026/07/08 16:42:19.181, 3, 4, 90302, 97887
2026/07/08 16:42:19.199, 4, 0, 4, 97887
2026/07/08 16:42:19.217, 5, 0, 4, 97887
2026/07/08 16:42:19.234, 6, 0, 4, 97887
2026/07/08 16:42:19.251, 7, 0, 4, 97887
2026/07/08 16:42:20.267, 0, 4, 88346, 97887
2026/07/08 16:42:20.283, 1, 4, 90500, 97887
2026/07/08 16:42:20.298, 2, 4, 88382, 97887
2026/07/08 16:42:20.313, 3, 4, 90306, 97887
2026/07/08 16:42:20.328, 4, 0, 4, 97887
2026/07/08 16:42:20.342, 5, 0, 4, 97887
2026/07/08 16:42:20.357, 6, 0, 4, 97887
2026/07/08 16:42:20.373, 7, 0, 4, 97887
2026/07/08 16:42:21.387, 0, 4, 88352, 97887
2026/07/08 16:42:21.404, 1, 4, 90506, 97887
2026/07/08 16:42:21.420, 2, 5, 88388, 97887
2026/07/08 16:42:21.436, 3, 5, 90312, 97887
2026/07/08 16:42:21.451, 4, 0, 4, 97887
2026/07/08 16:42:21.470, 5, 0, 4, 97887
2026/07/08 16:42:21.492, 6, 0, 4, 97887
2026/07/08 16:42:21.511, 7, 0, 4, 97887
2026/07/08 16:42:22.531, 0, 4, 88356, 97887
2026/07/08 16:42:22.547, 1, 4, 90510, 97887
2026/07/08 16:42:22.558, 2, 4, 88392, 97887
2026/07/08 16:42:22.571, 3, 4, 90318, 97887
2026/07/08 16:42:22.587, 4, 0, 4, 97887
2026/07/08 16:42:22.606, 5, 0, 4, 97887
2026/07/08 16:42:22.623, 6, 0, 4, 97887
2026/07/08 16:42:22.641, 7, 0, 4, 97887
2026/07/08 16:42:23.657, 0, 1, 88360, 97887
2026/07/08 16:42:23.674, 1, 4, 90514, 97887
2026/07/08 16:42:23.692, 2, 4, 88396, 97887
2026/07/08 16:42:23.708, 3, 4, 90320, 97887
2026/07/08 16:42:23.724, 4, 0, 4, 97887
2026/07/08 16:42:23.738, 5, 0, 4, 97887
2026/07/08 16:42:23.753, 6, 0, 4, 97887
2026/07/08 16:42:23.771, 7, 0, 4, 97887
2026/07/08 16:42:24.786, 0, 4, 88364, 97887
2026/07/08 16:42:24.802, 1, 4, 90520, 97887
2026/07/08 16:42:24.817, 2, 4, 88402, 97887
2026/07/08 16:42:24.832, 3, 4, 90326, 97887
2026/07/08 16:42:24.849, 4, 0, 4, 97887
2026/07/08 16:42:24.864, 5, 0, 4, 97887
2026/07/08 16:42:24.879, 6, 0, 4, 97887
2026/07/08 16:42:24.895, 7, 0, 4, 97887
2026/07/08 16:42:25.911, 0, 4, 88370, 97887
2026/07/08 16:42:25.927, 1, 4, 90524, 97887
2026/07/08 16:42:25.942, 2, 4, 88406, 97887
2026/07/08 16:42:25.957, 3, 0, 90330, 97887
2026/07/08 16:42:25.973, 4, 0, 4, 97887
2026/07/08 16:42:25.988, 5, 0, 4, 97887
2026/07/08 16:42:26.002, 6, 0, 4, 97887
2026/07/08 16:42:26.012, 7, 0, 4, 97887
2026/07/08 16:42:27.027, 0, 4, 88376, 97887
2026/07/08 16:42:27.041, 1, 0, 90526, 97887
2026/07/08 16:42:27.056, 2, 0, 88406, 97887
2026/07/08 16:42:27.070, 3, 0, 90330, 97887
2026/07/08 16:42:27.085, 4, 0, 4, 97887
2026/07/08 16:42:27.100, 5, 0, 4, 97887
2026/07/08 16:42:27.114, 6, 0, 4, 97887
2026/07/08 16:42:27.127, 7, 0, 4, 97887
2026/07/08 16:42:28.141, 0, 0, 88378, 97887
2026/07/08 16:42:28.155, 1, 0, 90526, 97887
2026/07/08 16:42:28.172, 2, 0, 88406, 97887
2026/07/08 16:42:28.189, 3, 0, 90330, 97887
2026/07/08 16:42:28.206, 4, 0, 4, 97887
2026/07/08 16:42:28.224, 5, 0, 4, 97887
2026/07/08 16:42:28.241, 6, 0, 4, 97887
2026/07/08 16:42:28.256, 7, 0, 4, 97887
2026/07/08 16:42:29.275, 0, 0, 88378, 97887
2026/07/08 16:42:29.291, 1, 0, 90526, 97887
2026/07/08 16:42:29.302, 2, 0, 88406, 97887
2026/07/08 16:42:29.312, 3, 0, 90330, 97887
2026/07/08 16:42:29.325, 4, 0, 4, 97887
2026/07/08 16:42:29.342, 5, 0, 4, 97887
2026/07/08 16:42:29.357, 6, 0, 4, 97887
2026/07/08 16:42:29.373, 7, 0, 4, 97887
2026/07/08 16:42:30.389, 0, 0, 88378, 97887
2026/07/08 16:42:30.405, 1, 0, 90526, 97887
2026/07/08 16:42:30.419, 2, 0, 88406, 97887
2026/07/08 16:42:30.435, 3, 0, 90330, 97887
2026/07/08 16:42:30.452, 4, 0, 4, 97887
2026/07/08 16:42:30.467, 5, 0, 4, 97887
2026/07/08 16:42:30.482, 6, 0, 4, 97887
2026/07/08 16:42:30.503, 7, 0, 4, 97887
2026/07/08 16:42:31.520, 0, 0, 88378, 97887
2026/07/08 16:42:31.541, 1, 0, 90526, 97887
2026/07/08 16:42:31.556, 2, 0, 88406, 97887
2026/07/08 16:42:31.572, 3, 0, 90330, 97887
2026/07/08 16:42:31.587, 4, 0, 4, 97887
2026/07/08 16:42:31.602, 5, 0, 4, 97887
2026/07/08 16:42:31.617, 6, 0, 4, 97887
2026/07/08 16:42:31.632, 7, 0, 4, 97887
2026/07/08 16:42:32.649, 0, 0, 88378, 97887
2026/07/08 16:42:32.662, 1, 0, 90526, 97887
2026/07/08 16:42:32.675, 2, 0, 88406, 97887
2026/07/08 16:42:32.688, 3, 0, 90330, 97887
2026/07/08 16:42:32.698, 4, 0, 4, 97887
2026/07/08 16:42:32.711, 5, 0, 4, 97887
2026/07/08 16:42:32.726, 6, 0, 4, 97887
2026/07/08 16:42:32.736, 7, 0, 4, 97887
2026/07/08 16:42:33.747, 0, 0, 88378, 97887
2026/07/08 16:42:33.762, 1, 0, 90526, 97887
2026/07/08 16:42:33.774, 2, 0, 88406, 97887
2026/07/08 16:42:33.784, 3, 0, 90330, 97887
2026/07/08 16:42:33.797, 4, 0, 4, 97887
2026/07/08 16:42:33.812, 5, 0, 4, 97887
2026/07/08 16:42:33.823, 6, 0, 4, 97887
2026/07/08 16:42:33.838, 7, 0, 4, 97887
2026/07/08 16:42:34.855, 0, 0, 88378, 97887
2026/07/08 16:42:34.869, 1, 0, 90526, 97887
2026/07/08 16:42:34.879, 2, 0, 88406, 97887
2026/07/08 16:42:34.888, 3, 0, 90330, 97887
2026/07/08 16:42:34.895, 4, 0, 4, 97887
2026/07/08 16:42:34.904, 5, 0, 4, 97887
2026/07/08 16:42:34.915, 6, 0, 4, 97887
2026/07/08 16:42:34.927, 7, 0, 4, 97887
2026/07/08 16:42:35.946, 0, 0, 88378, 97887
2026/07/08 16:42:35.962, 1, 0, 90526, 97887
2026/07/08 16:42:35.972, 2, 0, 88406, 97887
2026/07/08 16:42:35.983, 3, 0, 90330, 97887
2026/07/08 16:42:35.995, 4, 0, 4, 97887
2026/07/08 16:42:36.005, 5, 0, 4, 97887
2026/07/08 16:42:36.014, 6, 0, 4, 97887
2026/07/08 16:42:36.024, 7, 0, 4, 97887
2026/07/08 16:42:37.033, 0, 0, 88378, 97887
2026/07/08 16:42:37.044, 1, 0, 90526, 97887
2026/07/08 16:42:37.052, 2, 0, 88406, 97887
2026/07/08 16:42:37.062, 3, 0, 90330, 97887
2026/07/08 16:42:37.074, 4, 0, 4, 97887
2026/07/08 16:42:37.086, 5, 0, 4, 97887
2026/07/08 16:42:37.098, 6, 0, 4, 97887
2026/07/08 16:42:37.114, 7, 0, 4, 97887
2026/07/08 16:42:38.126, 0, 0, 88378, 97887
2026/07/08 16:42:38.140, 1, 0, 90526, 97887
2026/07/08 16:42:38.153, 2, 0, 88406, 97887
2026/07/08 16:42:38.169, 3, 0, 90330, 97887
2026/07/08 16:42:38.183, 4, 0, 4, 97887
2026/07/08 16:42:38.196, 5, 0, 4, 97887
2026/07/08 16:42:38.215, 6, 0, 4, 97887
2026/07/08 16:42:38.228, 7, 0, 4, 97887
2026/07/08 16:42:39.241, 0, 0, 88378, 97887
2026/07/08 16:42:39.254, 1, 0, 90526, 97887
2026/07/08 16:42:39.267, 2, 0, 88406, 97887
2026/07/08 16:42:39.281, 3, 0, 90330, 97887
2026/07/08 16:42:39.295, 4, 0, 4, 97887
2026/07/08 16:42:39.310, 5, 0, 4, 97887
2026/07/08 16:42:39.321, 6, 0, 4, 97887
2026/07/08 16:42:39.333, 7, 0, 4, 97887
2026/07/08 16:42:40.345, 0, 0, 88378, 97887
2026/07/08 16:42:40.357, 1, 0, 90526, 97887
2026/07/08 16:42:40.371, 2, 0, 88406, 97887
2026/07/08 16:42:40.385, 3, 0, 90330, 97887
2026/07/08 16:42:40.399, 4, 0, 4, 97887
2026/07/08 16:42:40.410, 5, 0, 4, 97887
2026/07/08 16:42:40.422, 6, 0, 4, 97887
2026/07/08 16:42:40.440, 7, 0, 4, 97887
2026/07/08 16:42:41.454, 0, 0, 88378, 97887
2026/07/08 16:42:41.474, 1, 0, 90526, 97887
2026/07/08 16:42:41.488, 2, 0, 88406, 97887
2026/07/08 16:42:41.503, 3, 0, 90330, 97887
2026/07/08 16:42:41.522, 4, 0, 4, 97887
2026/07/08 16:42:41.538, 5, 0, 4, 97887
2026/07/08 16:42:41.557, 6, 0, 4, 97887
2026/07/08 16:42:41.577, 7, 0, 4, 97887
2026/07/08 16:42:42.588, 0, 0, 88378, 97887
2026/07/08 16:42:42.600, 1, 0, 90526, 97887
2026/07/08 16:42:42.610, 2, 0, 88406, 97887
2026/07/08 16:42:42.619, 3, 0, 90330, 97887
2026/07/08 16:42:42.629, 4, 0, 4, 97887
2026/07/08 16:42:42.643, 5, 0, 4, 97887
2026/07/08 16:42:42.658, 6, 0, 4, 97887
2026/07/08 16:42:42.673, 7, 0, 4, 97887
2026/07/08 16:42:43.688, 0, 0, 88378, 97887
2026/07/08 16:42:43.703, 1, 0, 90526, 97887
2026/07/08 16:42:43.715, 2, 0, 88406, 97887
2026/07/08 16:42:43.726, 3, 0, 90330, 97887
2026/07/08 16:42:43.739, 4, 0, 4, 97887
2026/07/08 16:42:43.748, 5, 0, 4, 97887
2026/07/08 16:42:43.757, 6, 0, 4, 97887
2026/07/08 16:42:43.769, 7, 0, 4, 97887
2026/07/08 16:42:44.784, 0, 0, 88378, 97887
2026/07/08 16:42:44.796, 1, 0, 90526, 97887
2026/07/08 16:42:44.811, 2, 0, 88406, 97887
2026/07/08 16:42:44.825, 3, 0, 90330, 97887
2026/07/08 16:42:44.844, 4, 0, 4, 97887
2026/07/08 16:42:44.858, 5, 0, 4, 97887
2026/07/08 16:42:44.872, 6, 0, 4, 97887
2026/07/08 16:42:44.886, 7, 0, 4, 97887
2026/07/08 16:42:45.899, 0, 0, 88378, 97887
2026/07/08 16:42:45.912, 1, 0, 90526, 97887
2026/07/08 16:42:45.925, 2, 0, 88406, 97887
2026/07/08 16:42:45.936, 3, 0, 90330, 97887
2026/07/08 16:42:45.949, 4, 0, 4, 97887
2026/07/08 16:42:45.963, 5, 0, 4, 97887
2026/07/08 16:42:45.975, 6, 0, 4, 97887
2026/07/08 16:42:45.991, 7, 0, 4, 97887
2026/07/08 16:42:47.003, 0, 0, 88378, 97887
2026/07/08 16:42:47.017, 1, 0, 90526, 97887
2026/07/08 16:42:47.030, 2, 0, 88406, 97887
2026/07/08 16:42:47.052, 3, 0, 90330, 97887
2026/07/08 16:42:47.082, 4, 0, 4, 97887
2026/07/08 16:42:47.096, 5, 0, 4, 97887
2026/07/08 16:42:47.111, 6, 0, 4, 97887
2026/07/08 16:42:47.126, 7, 0, 4, 97887
2026/07/08 16:42:48.148, 0, 0, 88378, 97887
2026/07/08 16:42:48.161, 1, 0, 90526, 97887
2026/07/08 16:42:48.173, 2, 0, 88406, 97887
2026/07/08 16:42:48.188, 3, 0, 90330, 97887
2026/07/08 16:42:48.204, 4, 0, 4, 97887
2026/07/08 16:42:48.217, 5, 0, 4, 97887
2026/07/08 16:42:48.233, 6, 0, 4, 97887
2026/07/08 16:42:48.247, 7, 0, 4, 97887
2026/07/08 16:42:49.258, 0, 0, 88378, 97887
2026/07/08 16:42:49.271, 1, 0, 90526, 97887
2026/07/08 16:42:49.283, 2, 0, 88406, 97887
2026/07/08 16:42:49.292, 3, 0, 90330, 97887
2026/07/08 16:42:49.305, 4, 0, 4, 97887
2026/07/08 16:42:49.318, 5, 0, 4, 97887
2026/07/08 16:42:49.331, 6, 0, 4, 97887
2026/07/08 16:42:49.341, 7, 0, 4, 97887
2026/07/08 16:42:50.355, 0, 0, 88378, 97887
2026/07/08 16:42:50.370, 1, 0, 90526, 97887
2026/07/08 16:42:50.382, 2, 0, 88406, 97887
2026/07/08 16:42:50.394, 3, 0, 90330, 97887
2026/07/08 16:42:50.405, 4, 0, 4, 97887
2026/07/08 16:42:50.420, 5, 0, 4, 97887
2026/07/08 16:42:50.433, 6, 0, 4, 97887
2026/07/08 16:42:50.451, 7, 0, 4, 97887
2026/07/08 16:42:51.469, 0, 0, 88378, 97887
2026/07/08 16:42:51.485, 1, 0, 90526, 97887
2026/07/08 16:42:51.497, 2, 0, 88406, 97887
2026/07/08 16:42:51.511, 3, 0, 90330, 97887
2026/07/08 16:42:51.526, 4, 0, 4, 97887
2026/07/08 16:42:51.537, 5, 0, 4, 97887
2026/07/08 16:42:51.548, 6, 0, 4, 97887
2026/07/08 16:42:51.563, 7, 0, 4, 97887
2026/07/08 16:42:52.576, 0, 0, 88378, 97887
2026/07/08 16:42:52.587, 1, 0, 90526, 97887
2026/07/08 16:42:52.597, 2, 0, 88406, 97887
2026/07/08 16:42:52.609, 3, 0, 90330, 97887
2026/07/08 16:42:52.624, 4, 0, 4, 97887
2026/07/08 16:42:52.636, 5, 0, 4, 97887
2026/07/08 16:42:52.652, 6, 0, 4, 97887
2026/07/08 16:42:52.699, 7, 0, 4, 97887
2026/07/08 16:42:53.741, 0, 0, 88378, 97887
2026/07/08 16:42:53.756, 1, 0, 90526, 97887
2026/07/08 16:42:53.772, 2, 0, 88406, 97887
2026/07/08 16:42:53.786, 3, 0, 90330, 97887
2026/07/08 16:42:53.797, 4, 0, 4, 97887
2026/07/08 16:42:53.808, 5, 0, 4, 97887
2026/07/08 16:42:53.823, 6, 0, 4, 97887
2026/07/08 16:42:53.836, 7, 0, 4, 97887
2026/07/08 16:42:54.851, 0, 0, 88378, 97887
2026/07/08 16:42:54.865, 1, 0, 90526, 97887
2026/07/08 16:42:54.878, 2, 0, 88406, 97887
2026/07/08 16:42:54.891, 3, 0, 90330, 97887
2026/07/08 16:42:54.906, 4, 0, 4, 97887
2026/07/08 16:42:54.916, 5, 0, 4, 97887
2026/07/08 16:42:54.930, 6, 0, 4, 97887
2026/07/08 16:42:54.941, 7, 0, 4, 97887
2026/07/08 16:42:55.951, 0, 0, 88378, 97887
2026/07/08 16:42:55.968, 1, 0, 90526, 97887
2026/07/08 16:42:55.979, 2, 0, 88406, 97887
2026/07/08 16:42:55.995, 3, 0, 90330, 97887
2026/07/08 16:42:56.010, 4, 0, 4, 97887
2026/07/08 16:42:56.022, 5, 0, 4, 97887
2026/07/08 16:42:56.035, 6, 0, 4, 97887
2026/07/08 16:42:56.048, 7, 0, 4, 97887
2026/07/08 16:42:57.062, 0, 0, 88378, 97887
2026/07/08 16:42:57.073, 1, 0, 90526, 97887
2026/07/08 16:42:57.083, 2, 0, 88406, 97887
2026/07/08 16:42:57.094, 3, 0, 90330, 97887
2026/07/08 16:42:57.108, 4, 0, 4, 97887
2026/07/08 16:42:57.122, 5, 0, 4, 97887
2026/07/08 16:42:57.137, 6, 0, 4, 97887
2026/07/08 16:42:57.152, 7, 0, 4, 97887
2026/07/08 16:42:58.167, 0, 0, 88378, 97887
2026/07/08 16:42:58.179, 1, 0, 90526, 97887
2026/07/08 16:42:58.192, 2, 0, 88406, 97887
2026/07/08 16:42:58.205, 3, 0, 90330, 97887
2026/07/08 16:42:58.222, 4, 0, 4, 97887
2026/07/08 16:42:58.233, 5, 0, 4, 97887
2026/07/08 16:42:58.243, 6, 0, 4, 97887
2026/07/08 16:42:58.253, 7, 0, 4, 97887
2026/07/08 16:42:59.267, 0, 0, 88378, 97887
2026/07/08 16:42:59.278, 1, 0, 90526, 97887
2026/07/08 16:42:59.291, 2, 0, 88406, 97887
2026/07/08 16:42:59.303, 3, 0, 90330, 97887
2026/07/08 16:42:59.314, 4, 0, 4, 97887
2026/07/08 16:42:59.328, 5, 0, 4, 97887
2026/07/08 16:42:59.342, 6, 0, 4, 97887
2026/07/08 16:42:59.354, 7, 0, 4, 97887
2026/07/08 16:43:00.369, 0, 0, 88378, 97887
2026/07/08 16:43:00.385, 1, 0, 90526, 97887
2026/07/08 16:43:00.397, 2, 0, 88406, 97887
2026/07/08 16:43:00.409, 3, 0, 90330, 97887
2026/07/08 16:43:00.422, 4, 0, 4, 97887
2026/07/08 16:43:00.444, 5, 0, 4, 97887
2026/07/08 16:43:00.455, 6, 0, 4, 97887
2026/07/08 16:43:00.469, 7, 0, 4, 97887
2026/07/08 16:43:01.485, 0, 0, 88378, 97887
2026/07/08 16:43:01.499, 1, 0, 90526, 97887
2026/07/08 16:43:01.512, 2, 0, 88406, 97887
2026/07/08 16:43:01.527, 3, 0, 90330, 97887
2026/07/08 16:43:01.540, 4, 0, 4, 97887
2026/07/08 16:43:01.552, 5, 0, 4, 97887
2026/07/08 16:43:01.562, 6, 0, 4, 97887
2026/07/08 16:43:01.574, 7, 0, 4, 97887
2026/07/08 16:43:02.586, 0, 0, 88378, 97887
2026/07/08 16:43:02.600, 1, 0, 90526, 97887
2026/07/08 16:43:02.612, 2, 0, 88406, 97887
2026/07/08 16:43:02.623, 3, 0, 90330, 97887
2026/07/08 16:43:02.634, 4, 0, 4, 97887
2026/07/08 16:43:02.650, 5, 0, 4, 97887
2026/07/08 16:43:02.663, 6, 0, 4, 97887
2026/07/08 16:43:02.677, 7, 0, 4, 97887
2026/07/08 16:43:03.689, 0, 0, 88378, 97887
2026/07/08 16:43:03.701, 1, 0, 90526, 97887
2026/07/08 16:43:03.717, 2, 0, 88406, 97887
2026/07/08 16:43:03.729, 3, 0, 90330, 97887
2026/07/08 16:43:03.740, 4, 0, 4, 97887
2026/07/08 16:43:03.752, 5, 0, 4, 97887
2026/07/08 16:43:03.764, 6, 0, 4, 97887
2026/07/08 16:43:03.777, 7, 0, 4, 97887
2026/07/08 16:43:04.790, 0, 0, 88378, 97887
2026/07/08 16:43:04.807, 1, 0, 90526, 97887
2026/07/08 16:43:04.831, 2, 0, 88406, 97887
2026/07/08 16:43:04.843, 3, 0, 90330, 97887
2026/07/08 16:43:04.863, 4, 0, 4, 97887
2026/07/08 16:43:04.882, 5, 0, 4, 97887
2026/07/08 16:43:04.895, 6, 0, 4, 97887
2026/07/08 16:43:04.907, 7, 0, 4, 97887
2026/07/08 16:43:05.919, 0, 0, 88378, 97887
2026/07/08 16:43:05.930, 1, 0, 90526, 97887
2026/07/08 16:43:05.941, 2, 0, 88406, 97887
2026/07/08 16:43:05.954, 3, 0, 90330, 97887
2026/07/08 16:43:05.966, 4, 0, 4, 97887
2026/07/08 16:43:05.982, 5, 0, 4, 97887
2026/07/08 16:43:05.994, 6, 0, 4, 97887
2026/07/08 16:43:06.005, 7, 0, 4, 97887
2026/07/08 16:43:07.017, 0, 0, 88378, 97887
2026/07/08 16:43:07.035, 1, 0, 90526, 97887
2026/07/08 16:43:07.048, 2, 0, 88406, 97887
2026/07/08 16:43:07.060, 3, 0, 90330, 97887
2026/07/08 16:43:07.073, 4, 0, 4, 97887
2026/07/08 16:43:07.088, 5, 0, 4, 97887
2026/07/08 16:43:07.100, 6, 0, 4, 97887
2026/07/08 16:43:07.111, 7, 0, 4, 97887
2026/07/08 16:43:08.120, 0, 0, 88378, 97887
2026/07/08 16:43:08.136, 1, 0, 90526, 97887
2026/07/08 16:43:08.151, 2, 0, 88406, 97887
2026/07/08 16:43:08.163, 3, 0, 90330, 97887
2026/07/08 16:43:08.176, 4, 0, 4, 97887
2026/07/08 16:43:08.185, 5, 0, 4, 97887
2026/07/08 16:43:08.199, 6, 0, 4, 97887
2026/07/08 16:43:08.224, 7, 0, 4, 97887
2026/07/08 16:43:09.240, 0, 0, 88378, 97887
2026/07/08 16:43:09.254, 1, 0, 90526, 97887
2026/07/08 16:43:09.267, 2, 0, 88406, 97887
2026/07/08 16:43:09.280, 3, 0, 90330, 97887
2026/07/08 16:43:09.289, 4, 0, 4, 97887
2026/07/08 16:43:09.298, 5, 0, 4, 97887
2026/07/08 16:43:09.311, 6, 0, 4, 97887
2026/07/08 16:43:09.321, 7, 0, 4, 97887
2026/07/08 16:43:10.333, 0, 0, 88378, 97887
2026/07/08 16:43:10.358, 1, 0, 90526, 97887
2026/07/08 16:43:10.380, 2, 0, 88406, 97887
2026/07/08 16:43:10.405, 3, 0, 90330, 97887
2026/07/08 16:43:10.419, 4, 0, 4, 97887
2026/07/08 16:43:10.435, 5, 0, 4, 97887
2026/07/08 16:43:10.448, 6, 0, 4, 97887
2026/07/08 16:43:10.465, 7, 0, 4, 97887
2026/07/08 16:43:11.487, 0, 0, 88378, 97887
2026/07/08 16:43:11.506, 1, 0, 90526, 97887
2026/07/08 16:43:11.521, 2, 0, 88406, 97887
2026/07/08 16:43:11.535, 3, 0, 90330, 97887
2026/07/08 16:43:11.551, 4, 0, 4, 97887
2026/07/08 16:43:11.566, 5, 0, 4, 97887
2026/07/08 16:43:11.584, 6, 0, 4, 97887
2026/07/08 16:43:11.601, 7, 0, 4, 97887
2026/07/08 16:43:12.616, 0, 0, 88378, 97887
2026/07/08 16:43:12.632, 1, 0, 90526, 97887
2026/07/08 16:43:12.644, 2, 0, 88406, 97887
2026/07/08 16:43:12.660, 3, 0, 90330, 97887
2026/07/08 16:43:12.670, 4, 0, 4, 97887
2026/07/08 16:43:12.683, 5, 0, 4, 97887
2026/07/08 16:43:12.697, 6, 0, 4, 97887
2026/07/08 16:43:12.709, 7, 0, 4, 97887
2026/07/08 16:43:13.722, 0, 0, 88378, 97887
2026/07/08 16:43:13.737, 1, 0, 90526, 97887
2026/07/08 16:43:13.749, 2, 0, 88406, 97887
2026/07/08 16:43:13.764, 3, 0, 90330, 97887
2026/07/08 16:43:13.776, 4, 0, 4, 97887
2026/07/08 16:43:13.787, 5, 0, 4, 97887
2026/07/08 16:43:13.806, 6, 0, 4, 97887
2026/07/08 16:43:13.818, 7, 0, 4, 97887
2026/07/08 16:43:14.833, 0, 0, 88378, 97887
2026/07/08 16:43:14.850, 1, 0, 90526, 97887
2026/07/08 16:43:14.864, 2, 0, 88406, 97887
2026/07/08 16:43:14.875, 3, 0, 90330, 97887
2026/07/08 16:43:14.886, 4, 0, 4, 97887
2026/07/08 16:43:14.898, 5, 0, 4, 97887
2026/07/08 16:43:14.913, 6, 0, 4, 97887
2026/07/08 16:43:14.925, 7, 0, 4, 97887
2026/07/08 16:43:15.935, 0, 0, 88378, 97887
2026/07/08 16:43:15.948, 1, 0, 90526, 97887
2026/07/08 16:43:15.961, 2, 0, 88406, 97887
2026/07/08 16:43:15.981, 3, 0, 90330, 97887
2026/07/08 16:43:15.992, 4, 0, 4, 97887
2026/07/08 16:43:16.005, 5, 0, 4, 97887
2026/07/08 16:43:16.020, 6, 0, 4, 97887
2026/07/08 16:43:16.037, 7, 0, 4, 97887
2026/07/08 16:43:17.048, 0, 0, 88378, 97887
2026/07/08 16:43:17.061, 1, 0, 90526, 97887
2026/07/08 16:43:17.074, 2, 0, 88406, 97887
2026/07/08 16:43:17.089, 3, 0, 90330, 97887
2026/07/08 16:43:17.099, 4, 0, 4, 97887
2026/07/08 16:43:17.109, 5, 0, 4, 97887
2026/07/08 16:43:17.121, 6, 0, 4, 97887
2026/07/08 16:43:17.132, 7, 0, 4, 97887
2026/07/08 16:43:18.143, 0, 0, 88378, 97887
2026/07/08 16:43:18.153, 1, 0, 90526, 97887
2026/07/08 16:43:18.162, 2, 0, 88406, 97887
2026/07/08 16:43:18.176, 3, 0, 90330, 97887
2026/07/08 16:43:18.192, 4, 0, 4, 97887
2026/07/08 16:43:18.204, 5, 0, 4, 97887
2026/07/08 16:43:18.217, 6, 0, 4, 97887
2026/07/08 16:43:18.233, 7, 0, 4, 97887
2026/07/08 16:43:19.244, 0, 0, 88378, 97887
2026/07/08 16:43:19.258, 1, 0, 90526, 97887
2026/07/08 16:43:19.269, 2, 0, 88406, 97887
2026/07/08 16:43:19.278, 3, 0, 90330, 97887
2026/07/08 16:43:19.288, 4, 0, 4, 97887
2026/07/08 16:43:19.302, 5, 0, 4, 97887
2026/07/08 16:43:19.313, 6, 0, 4, 97887
2026/07/08 16:43:19.323, 7, 0, 4, 97887
2026/07/08 16:43:20.333, 0, 0, 88378, 97887
2026/07/08 16:43:20.345, 1, 0, 90526, 97887
2026/07/08 16:43:20.358, 2, 0, 88406, 97887
2026/07/08 16:43:20.373, 3, 0, 90330, 97887
2026/07/08 16:43:20.389, 4, 0, 4, 97887
2026/07/08 16:43:20.405, 5, 0, 4, 97887
2026/07/08 16:43:20.424, 6, 0, 4, 97887
2026/07/08 16:43:20.438, 7, 0, 4, 97887
2026/07/08 16:43:21.452, 0, 0, 88378, 97887
2026/07/08 16:43:21.465, 1, 0, 90526, 97887
2026/07/08 16:43:21.479, 2, 0, 88406, 97887
2026/07/08 16:43:21.496, 3, 0, 90330, 97887
2026/07/08 16:43:21.512, 4, 0, 4, 97887
2026/07/08 16:43:21.526, 5, 0, 4, 97887
2026/07/08 16:43:21.537, 6, 0, 4, 97887
2026/07/08 16:43:21.596, 7, 0, 4, 97887
2026/07/08 16:43:22.624, 0, 0, 88378, 97887
2026/07/08 16:43:22.637, 1, 0, 90526, 97887
2026/07/08 16:43:22.651, 2, 0, 88406, 97887
2026/07/08 16:43:22.664, 3, 0, 90330, 97887
2026/07/08 16:43:22.679, 4, 0, 4, 97887
2026/07/08 16:43:22.696, 5, 0, 4, 97887
2026/07/08 16:43:22.708, 6, 0, 4, 97887
2026/07/08 16:43:22.719, 7, 0, 4, 97887
2026/07/08 16:43:23.729, 0, 0, 88378, 97887
2026/07/08 16:43:23.742, 1, 0, 90526, 97887
2026/07/08 16:43:23.755, 2, 0, 88406, 97887
2026/07/08 16:43:23.767, 3, 0, 90330, 97887
2026/07/08 16:43:23.780, 4, 0, 4, 97887
2026/07/08 16:43:23.794, 5, 0, 4, 97887
2026/07/08 16:43:23.804, 6, 0, 4, 97887
2026/07/08 16:43:23.817, 7, 0, 4, 97887
2026/07/08 16:43:24.836, 0, 0, 88378, 97887
2026/07/08 16:43:24.849, 1, 0, 90526, 97887
2026/07/08 16:43:24.865, 2, 0, 88406, 97887
2026/07/08 16:43:24.881, 3, 0, 90330, 97887
2026/07/08 16:43:24.894, 4, 0, 4, 97887
2026/07/08 16:43:24.907, 5, 0, 4, 97887
2026/07/08 16:43:24.922, 6, 0, 4, 97887
2026/07/08 16:43:24.935, 7, 0, 4, 97887
2026/07/08 16:43:25.949, 0, 0, 88378, 97887
2026/07/08 16:43:25.961, 1, 0, 90526, 97887
2026/07/08 16:43:25.973, 2, 0, 88406, 97887
2026/07/08 16:43:25.986, 3, 0, 90330, 97887
2026/07/08 16:43:25.998, 4, 0, 4, 97887
2026/07/08 16:43:26.008, 5, 0, 4, 97887
2026/07/08 16:43:26.022, 6, 0, 4, 97887
2026/07/08 16:43:26.038, 7, 0, 4, 97887
2026/07/08 16:43:27.052, 0, 0, 88378, 97887
2026/07/08 16:43:27.063, 1, 0, 90526, 97887
2026/07/08 16:43:27.073, 2, 0, 88406, 97887
2026/07/08 16:43:27.088, 3, 0, 90330, 97887
2026/07/08 16:43:27.101, 4, 0, 4, 97887
2026/07/08 16:43:27.118, 5, 0, 4, 97887
2026/07/08 16:43:27.131, 6, 0, 4, 97887
2026/07/08 16:43:27.140, 7, 0, 4, 97887
2026/07/08 16:43:28.150, 0, 0, 88378, 97887
2026/07/08 16:43:28.169, 1, 0, 90526, 97887
2026/07/08 16:43:28.191, 2, 0, 88406, 97887
2026/07/08 16:43:28.208, 3, 0, 90330, 97887
2026/07/08 16:43:28.218, 4, 0, 4, 97887
2026/07/08 16:43:28.229, 5, 0, 4, 97887
2026/07/08 16:43:28.241, 6, 0, 4, 97887
2026/07/08 16:43:28.254, 7, 0, 4, 97887
2026/07/08 16:43:29.270, 0, 0, 88378, 97887
2026/07/08 16:43:29.286, 1, 0, 90526, 97887
2026/07/08 16:43:29.298, 2, 0, 88406, 97887
2026/07/08 16:43:29.312, 3, 0, 90330, 97887
2026/07/08 16:43:29.325, 4, 0, 4, 97887
2026/07/08 16:43:29.341, 5, 0, 4, 97887
2026/07/08 16:43:29.356, 6, 0, 4, 97887
2026/07/08 16:43:29.369, 7, 0, 4, 97887
2026/07/08 16:43:30.380, 0, 0, 88378, 97887
2026/07/08 16:43:30.394, 1, 0, 90526, 97887
2026/07/08 16:43:30.407, 2, 0, 88406, 97887
2026/07/08 16:43:30.416, 3, 0, 90330, 97887
2026/07/08 16:43:30.436, 4, 0, 4, 97887
2026/07/08 16:43:30.457, 5, 0, 4, 97887
2026/07/08 16:43:30.472, 6, 0, 4, 97887
2026/07/08 16:43:30.485, 7, 0, 4, 97887
2026/07/08 16:43:31.500, 0, 0, 88378, 97887
2026/07/08 16:43:31.514, 1, 0, 90526, 97887
2026/07/08 16:43:31.526, 2, 0, 88406, 97887
2026/07/08 16:43:31.542, 3, 0, 90330, 97887
2026/07/08 16:43:31.555, 4, 0, 4, 97887
2026/07/08 16:43:31.569, 5, 0, 4, 97887
2026/07/08 16:43:31.582, 6, 0, 4, 97887
2026/07/08 16:43:31.594, 7, 0, 4, 97887
2026/07/08 16:43:32.607, 0, 0, 88378, 97887
2026/07/08 16:43:32.620, 1, 0, 90526, 97887
2026/07/08 16:43:32.629, 2, 0, 88406, 97887
2026/07/08 16:43:32.638, 3, 0, 90330, 97887
2026/07/08 16:43:32.647, 4, 0, 4, 97887
2026/07/08 16:43:32.655, 5, 0, 4, 97887
2026/07/08 16:43:32.669, 6, 0, 4, 97887
2026/07/08 16:43:32.681, 7, 0, 4, 97887
2026/07/08 16:43:33.695, 0, 0, 88378, 97887
2026/07/08 16:43:33.706, 1, 0, 90526, 97887
2026/07/08 16:43:33.716, 2, 0, 88406, 97887
2026/07/08 16:43:33.735, 3, 0, 90330, 97887
2026/07/08 16:43:33.770, 4, 0, 4, 97887
2026/07/08 16:43:33.786, 5, 0, 4, 97887
2026/07/08 16:43:33.804, 6, 0, 4, 97887
2026/07/08 16:43:33.824, 7, 0, 4, 97887
2026/07/08 16:43:34.842, 0, 0, 88378, 97887
2026/07/08 16:43:34.855, 1, 0, 90526, 97887
2026/07/08 16:43:34.865, 2, 0, 88406, 97887
2026/07/08 16:43:34.872, 3, 0, 90330, 97887
2026/07/08 16:43:34.884, 4, 0, 4, 97887
2026/07/08 16:43:34.894, 5, 0, 4, 97887
2026/07/08 16:43:34.902, 6, 0, 4, 97887
2026/07/08 16:43:34.910, 7, 0, 4, 97887
2026/07/08 16:43:35.928, 0, 0, 88378, 97887
2026/07/08 16:43:35.939, 1, 0, 90526, 97887
2026/07/08 16:43:35.953, 2, 0, 88406, 97887
2026/07/08 16:43:35.963, 3, 0, 90330, 97887
2026/07/08 16:43:35.975, 4, 0, 4, 97887
2026/07/08 16:43:35.986, 5, 0, 4, 97887
2026/07/08 16:43:35.997, 6, 0, 4, 97887
2026/07/08 16:43:36.007, 7, 0, 4, 97887
2026/07/08 16:43:37.016, 0, 0, 88378, 97887
2026/07/08 16:43:37.032, 1, 0, 90526, 97887
2026/07/08 16:43:37.044, 2, 0, 88406, 97887
2026/07/08 16:43:37.055, 3, 0, 90330, 97887
2026/07/08 16:43:37.066, 4, 0, 4, 97887
2026/07/08 16:43:37.076, 5, 0, 4, 97887
2026/07/08 16:43:37.084, 6, 0, 4, 97887
2026/07/08 16:43:37.091, 7, 0, 4, 97887
2026/07/08 16:43:38.100, 0, 0, 88378, 97887
2026/07/08 16:43:38.111, 1, 0, 90526, 97887
2026/07/08 16:43:38.124, 2, 0, 88406, 97887
2026/07/08 16:43:38.133, 3, 0, 90330, 97887
2026/07/08 16:43:38.142, 4, 0, 4, 97887
2026/07/08 16:43:38.149, 5, 0, 4, 97887
2026/07/08 16:43:38.155, 6, 0, 4, 97887
2026/07/08 16:43:38.163, 7, 0, 4, 97887
2026/07/08 16:43:39.173, 0, 0, 88378, 97887
2026/07/08 16:43:39.192, 1, 0, 90526, 97887
2026/07/08 16:43:39.251, 2, 0, 88406, 97887
2026/07/08 16:43:39.277, 3, 0, 90330, 97887
2026/07/08 16:43:39.292, 4, 0, 4, 97887
2026/07/08 16:43:39.307, 5, 0, 4, 97887
2026/07/08 16:43:39.329, 6, 0, 4, 97887
2026/07/08 16:43:39.341, 7, 0, 4, 97887
2026/07/08 16:43:40.352, 0, 0, 88378, 97887
2026/07/08 16:43:40.362, 1, 0, 90526, 97887
2026/07/08 16:43:40.373, 2, 0, 88406, 97887
2026/07/08 16:43:40.383, 3, 0, 90330, 97887
2026/07/08 16:43:40.395, 4, 0, 4, 97887
2026/07/08 16:43:40.403, 5, 0, 4, 97887
2026/07/08 16:43:40.413, 6, 0, 4, 97887
2026/07/08 16:43:40.424, 7, 0, 4, 97887
2026/07/08 16:43:41.433, 0, 0, 88378, 97887
2026/07/08 16:43:41.443, 1, 0, 90526, 97887
2026/07/08 16:43:41.450, 2, 0, 88406, 97887
2026/07/08 16:43:41.459, 3, 0, 90330, 97887
2026/07/08 16:43:41.475, 4, 0, 4, 97887
2026/07/08 16:43:41.486, 5, 0, 4, 97887
2026/07/08 16:43:41.497, 6, 0, 4, 97887
2026/07/08 16:43:41.511, 7, 0, 4, 97887
2026/07/08 16:43:42.524, 0, 0, 88378, 97887
2026/07/08 16:43:42.531, 1, 0, 90526, 97887
2026/07/08 16:43:42.538, 2, 0, 88406, 97887
2026/07/08 16:43:42.549, 3, 0, 90330, 97887
2026/07/08 16:43:42.563, 4, 0, 4, 97887
2026/07/08 16:43:42.578, 5, 0, 4, 97887
2026/07/08 16:43:42.588, 6, 0, 4, 97887
2026/07/08 16:43:42.595, 7, 0, 4, 97887
2026/07/08 16:43:43.604, 0, 0, 88378, 97887
2026/07/08 16:43:43.616, 1, 0, 90526, 97887
2026/07/08 16:43:43.625, 2, 0, 88406, 97887
2026/07/08 16:43:43.631, 3, 0, 90330, 97887
2026/07/08 16:43:43.638, 4, 0, 4, 97887
2026/07/08 16:43:43.644, 5, 0, 4, 97887
2026/07/08 16:43:43.651, 6, 0, 4, 97887
2026/07/08 16:43:43.659, 7, 0, 4, 97887
2026/07/08 16:43:44.667, 0, 0, 88378, 97887
2026/07/08 16:43:44.681, 1, 0, 90526, 97887
2026/07/08 16:43:44.695, 2, 0, 88406, 97887
2026/07/08 16:43:44.706, 3, 0, 90330, 97887
2026/07/08 16:43:44.713, 4, 0, 4, 97887
2026/07/08 16:43:44.721, 5, 0, 4, 97887
2026/07/08 16:43:44.733, 6, 0, 4, 97887
2026/07/08 16:43:44.740, 7, 0, 4, 97887
2026/07/08 16:43:45.753, 0, 0, 88378, 97887
2026/07/08 16:43:45.767, 1, 0, 90526, 97887
2026/07/08 16:43:45.777, 2, 0, 88406, 97887
2026/07/08 16:43:45.787, 3, 0, 90330, 97887
2026/07/08 16:43:45.797, 4, 0, 4, 97887
2026/07/08 16:43:45.807, 5, 0, 4, 97887
2026/07/08 16:43:45.817, 6, 0, 4, 97887
2026/07/08 16:43:45.828, 7, 0, 4, 97887
2026/07/08 16:43:46.839, 0, 0, 88378, 97887
2026/07/08 16:43:46.849, 1, 0, 90526, 97887
2026/07/08 16:43:46.856, 2, 0, 88406, 97887
2026/07/08 16:43:46.864, 3, 0, 90330, 97887
2026/07/08 16:43:46.872, 4, 0, 4, 97887
2026/07/08 16:43:46.883, 5, 0, 4, 97887
2026/07/08 16:43:46.893, 6, 0, 4, 97887
2026/07/08 16:43:46.902, 7, 0, 4, 97887
2026/07/08 16:43:47.915, 0, 0, 88378, 97887
2026/07/08 16:43:47.926, 1, 0, 90526, 97887
2026/07/08 16:43:47.933, 2, 0, 88406, 97887
2026/07/08 16:43:47.942, 3, 0, 90330, 97887
2026/07/08 16:43:47.951, 4, 0, 4, 97887
2026/07/08 16:43:47.962, 5, 0, 4, 97887
2026/07/08 16:43:47.977, 6, 0, 4, 97887
2026/07/08 16:43:47.989, 7, 0, 4, 97887
2026/07/08 16:43:49.001, 0, 0, 88378, 97887
2026/07/08 16:43:49.016, 1, 0, 90526, 97887
2026/07/08 16:43:49.028, 2, 0, 88406, 97887
2026/07/08 16:43:49.041, 3, 0, 90330, 97887
2026/07/08 16:43:49.054, 4, 0, 4, 97887
2026/07/08 16:43:49.066, 5, 0, 4, 97887
2026/07/08 16:43:49.078, 6, 0, 4, 97887
2026/07/08 16:43:49.092, 7, 0, 4, 97887
2026/07/08 16:43:50.101, 0, 0, 88378, 97887
2026/07/08 16:43:50.112, 1, 0, 90526, 97887
2026/07/08 16:43:50.130, 2, 0, 88406, 97887
2026/07/08 16:43:50.139, 3, 0, 90330, 97887
2026/07/08 16:43:50.148, 4, 0, 4, 97887
2026/07/08 16:43:50.157, 5, 0, 4, 97887
2026/07/08 16:43:50.173, 6, 0, 4, 97887
2026/07/08 16:43:50.181, 7, 0, 4, 97887
2026/07/08 16:43:51.188, 0, 0, 88378, 97887
2026/07/08 16:43:51.203, 1, 0, 90526, 97887
2026/07/08 16:43:51.219, 2, 0, 88406, 97887
2026/07/08 16:43:51.230, 3, 0, 90330, 97887
2026/07/08 16:43:51.239, 4, 0, 4, 97887
2026/07/08 16:43:51.250, 5, 0, 4, 97887
2026/07/08 16:43:51.259, 6, 0, 4, 97887
2026/07/08 16:43:51.267, 7, 0, 4, 97887
2026/07/08 16:43:52.277, 0, 0, 88378, 97887
2026/07/08 16:43:52.290, 1, 0, 90526, 97887
2026/07/08 16:43:52.302, 2, 0, 88406, 97887
2026/07/08 16:43:52.315, 3, 0, 90330, 97887
2026/07/08 16:43:52.326, 4, 0, 4, 97887
2026/07/08 16:43:52.335, 5, 0, 4, 97887
2026/07/08 16:43:52.346, 6, 0, 4, 97887
2026/07/08 16:43:52.356, 7, 0, 4, 97887
2026/07/08 16:43:53.364, 0, 0, 88378, 97887
2026/07/08 16:43:53.379, 1, 0, 90526, 97887
2026/07/08 16:43:53.388, 2, 0, 88406, 97887
2026/07/08 16:43:53.396, 3, 0, 90330, 97887
2026/07/08 16:43:53.406, 4, 0, 4, 97887
2026/07/08 16:43:53.417, 5, 0, 4, 97887
2026/07/08 16:43:53.430, 6, 0, 4, 97887
2026/07/08 16:43:53.442, 7, 0, 4, 97887
2026/07/08 16:43:54.457, 0, 0, 88378, 97887
2026/07/08 16:43:54.472, 1, 0, 90526, 97887
2026/07/08 16:43:54.488, 2, 0, 88406, 97887
2026/07/08 16:43:54.496, 3, 0, 90330, 97887
2026/07/08 16:43:54.507, 4, 0, 4, 97887
2026/07/08 16:43:54.516, 5, 0, 4, 97887
2026/07/08 16:43:54.524, 6, 0, 4, 97887
2026/07/08 16:43:54.535, 7, 0, 4, 97887
2026/07/08 16:43:55.541, 0, 0, 88378, 97887
2026/07/08 16:43:55.548, 1, 0, 90526, 97887
2026/07/08 16:43:55.559, 2, 0, 88406, 97887
2026/07/08 16:43:55.566, 3, 0, 90330, 97887
2026/07/08 16:43:55.577, 4, 0, 4, 97887
2026/07/08 16:43:55.587, 5, 0, 4, 97887
2026/07/08 16:43:55.595, 6, 0, 4, 97887
2026/07/08 16:43:55.603, 7, 0, 4, 97887
2026/07/08 16:43:56.612, 0, 0, 88378, 97887
2026/07/08 16:43:56.630, 1, 0, 90526, 97887
2026/07/08 16:43:56.642, 2, 0, 88406, 97887
2026/07/08 16:43:56.656, 3, 0, 90330, 97887
2026/07/08 16:43:56.673, 4, 0, 4, 97887
2026/07/08 16:43:56.689, 5, 0, 4, 97887
2026/07/08 16:43:56.713, 6, 0, 4, 97887
2026/07/08 16:43:56.739, 7, 0, 4, 97887
2026/07/08 16:43:57.751, 0, 0, 88378, 97887
2026/07/08 16:43:57.763, 1, 0, 90526, 97887
2026/07/08 16:43:57.772, 2, 0, 88406, 97887
2026/07/08 16:43:57.782, 3, 0, 90330, 97887
2026/07/08 16:43:57.791, 4, 0, 4, 97887
2026/07/08 16:43:57.799, 5, 0, 4, 97887
2026/07/08 16:43:57.809, 6, 0, 4, 97887
2026/07/08 16:43:57.822, 7, 0, 4, 97887
2026/07/08 16:43:58.839, 0, 0, 88378, 97887
2026/07/08 16:43:58.849, 1, 0, 90526, 97887
2026/07/08 16:43:58.861, 2, 0, 88406, 97887
2026/07/08 16:43:58.873, 3, 0, 90330, 97887
2026/07/08 16:43:58.885, 4, 0, 4, 97887
2026/07/08 16:43:58.896, 5, 0, 4, 97887
2026/07/08 16:43:58.904, 6, 0, 4, 97887
2026/07/08 16:43:58.911, 7, 0, 4, 97887
2026/07/08 16:43:59.927, 0, 0, 88378, 97887
2026/07/08 16:43:59.942, 1, 0, 90526, 97887
2026/07/08 16:43:59.952, 2, 0, 88406, 97887
2026/07/08 16:43:59.962, 3, 0, 90330, 97887
2026/07/08 16:43:59.971, 4, 0, 4, 97887
2026/07/08 16:43:59.981, 5, 0, 4, 97887
2026/07/08 16:43:59.992, 6, 0, 4, 97887
2026/07/08 16:43:59.998, 7, 0, 4, 97887
2026/07/08 16:44:01.013, 0, 0, 88378, 97887
2026/07/08 16:44:01.025, 1, 0, 90526, 97887
2026/07/08 16:44:01.034, 2, 0, 88406, 97887
2026/07/08 16:44:01.047, 3, 0, 90330, 97887
2026/07/08 16:44:01.061, 4, 0, 4, 97887
2026/07/08 16:44:01.071, 5, 0, 4, 97887
2026/07/08 16:44:01.081, 6, 0, 4, 97887
2026/07/08 16:44:01.088, 7, 0, 4, 97887
2026/07/08 16:44:02.101, 0, 0, 88378, 97887
2026/07/08 16:44:02.117, 1, 0, 90526, 97887
2026/07/08 16:44:02.129, 2, 0, 88406, 97887
2026/07/08 16:44:02.138, 3, 0, 90330, 97887
2026/07/08 16:44:02.149, 4, 0, 4, 97887
2026/07/08 16:44:02.162, 5, 0, 4, 97887
2026/07/08 16:44:02.173, 6, 0, 4, 97887
2026/07/08 16:44:02.183, 7, 0, 4, 97887
2026/07/08 16:44:03.197, 0, 0, 88378, 97887
2026/07/08 16:44:03.210, 1, 0, 90526, 97887
2026/07/08 16:44:03.223, 2, 0, 88406, 97887
2026/07/08 16:44:03.236, 3, 0, 90330, 97887
2026/07/08 16:44:03.254, 4, 0, 4, 97887
2026/07/08 16:44:03.266, 5, 0, 4, 97887
2026/07/08 16:44:03.280, 6, 0, 4, 97887
2026/07/08 16:44:03.292, 7, 0, 4, 97887
2026/07/08 16:44:04.301, 0, 0, 88378, 97887
2026/07/08 16:44:04.320, 1, 0, 90526, 97887
2026/07/08 16:44:04.336, 2, 0, 88406, 97887
2026/07/08 16:44:04.351, 3, 0, 90330, 97887
2026/07/08 16:44:04.365, 4, 0, 4, 97887
2026/07/08 16:44:04.379, 5, 0, 4, 97887
2026/07/08 16:44:04.395, 6, 0, 4, 97887
2026/07/08 16:44:04.408, 7, 0, 4, 97887
2026/07/08 16:44:05.419, 0, 0, 88378, 97887
2026/07/08 16:44:05.436, 1, 0, 90526, 97887
2026/07/08 16:44:05.454, 2, 0, 88406, 97887
2026/07/08 16:44:05.471, 3, 0, 90330, 97887
2026/07/08 16:44:05.490, 4, 0, 4, 97887
2026/07/08 16:44:05.508, 5, 0, 4, 97887
2026/07/08 16:44:05.521, 6, 0, 4, 97887
2026/07/08 16:44:05.535, 7, 0, 4, 97887
2026/07/08 16:44:06.544, 0, 0, 88378, 97887
2026/07/08 16:44:06.558, 1, 0, 90526, 97887
2026/07/08 16:44:06.575, 2, 0, 88406, 97887
2026/07/08 16:44:06.590, 3, 0, 90330, 97887
2026/07/08 16:44:06.608, 4, 0, 4, 97887
2026/07/08 16:44:06.628, 5, 0, 4, 97887
2026/07/08 16:44:06.644, 6, 0, 4, 97887
2026/07/08 16:44:06.658, 7, 0, 4, 97887
2026/07/08 16:44:07.672, 0, 0, 88378, 97887
2026/07/08 16:44:07.690, 1, 0, 90526, 97887
2026/07/08 16:44:07.706, 2, 0, 88406, 97887
2026/07/08 16:44:07.719, 3, 0, 90330, 97887
2026/07/08 16:44:07.737, 4, 0, 4, 97887
2026/07/08 16:44:07.754, 5, 0, 4, 97887
2026/07/08 16:44:07.768, 6, 0, 4, 97887
2026/07/08 16:44:07.782, 7, 0, 4, 97887
2026/07/08 16:44:08.796, 0, 0, 88378, 97887
2026/07/08 16:44:08.810, 1, 0, 90526, 97887
2026/07/08 16:44:08.823, 2, 0, 88406, 97887
2026/07/08 16:44:08.835, 3, 0, 90330, 97887
2026/07/08 16:44:08.850, 4, 0, 4, 97887
2026/07/08 16:44:08.865, 5, 0, 4, 97887
2026/07/08 16:44:08.879, 6, 0, 4, 97887
2026/07/08 16:44:08.892, 7, 0, 4, 97887
2026/07/08 16:44:09.906, 0, 0, 88378, 97887
2026/07/08 16:44:09.922, 1, 0, 90526, 97887
2026/07/08 16:44:09.939, 2, 0, 88406, 97887
2026/07/08 16:44:09.955, 3, 0, 90330, 97887
2026/07/08 16:44:09.970, 4, 0, 4, 97887
2026/07/08 16:44:09.982, 5, 0, 4, 97887
2026/07/08 16:44:09.994, 6, 0, 4, 97887
2026/07/08 16:44:10.008, 7, 0, 4, 97887
2026/07/08 16:44:11.023, 0, 0, 88378, 97887
2026/07/08 16:44:11.039, 1, 0, 90526, 97887
2026/07/08 16:44:11.059, 2, 0, 88406, 97887
2026/07/08 16:44:11.072, 3, 0, 90330, 97887
2026/07/08 16:44:11.089, 4, 0, 4, 97887
2026/07/08 16:44:11.102, 5, 0, 4, 97887
2026/07/08 16:44:11.118, 6, 0, 4, 97887
2026/07/08 16:44:11.133, 7, 0, 4, 97887
2026/07/08 16:44:12.145, 0, 0, 88378, 97887
2026/07/08 16:44:12.160, 1, 0, 90526, 97887
2026/07/08 16:44:12.176, 2, 0, 88406, 97887
2026/07/08 16:44:12.192, 3, 0, 90330, 97887
2026/07/08 16:44:12.211, 4, 0, 4, 97887
2026/07/08 16:44:12.230, 5, 0, 4, 97887
2026/07/08 16:44:12.245, 6, 0, 4, 97887
2026/07/08 16:44:12.257, 7, 0, 4, 97887
2026/07/08 16:44:13.269, 0, 0, 88378, 97887
2026/07/08 16:44:13.281, 1, 0, 90526, 97887
2026/07/08 16:44:13.295, 2, 0, 88406, 97887
2026/07/08 16:44:13.310, 3, 0, 90330, 97887
2026/07/08 16:44:13.321, 4, 0, 4, 97887
2026/07/08 16:44:13.334, 5, 0, 4, 97887
2026/07/08 16:44:13.344, 6, 0, 4, 97887
2026/07/08 16:44:13.361, 7, 0, 4, 97887
2026/07/08 16:44:14.373, 0, 0, 88378, 97887
2026/07/08 16:44:14.384, 1, 0, 90526, 97887
2026/07/08 16:44:14.399, 2, 0, 88406, 97887
2026/07/08 16:44:14.413, 3, 0, 90330, 97887
2026/07/08 16:44:14.426, 4, 0, 4, 97887
2026/07/08 16:44:14.445, 5, 0, 4, 97887
2026/07/08 16:44:14.462, 6, 0, 4, 97887
2026/07/08 16:44:14.474, 7, 0, 4, 97887
2026/07/08 16:44:15.487, 0, 0, 88378, 97887
2026/07/08 16:44:15.505, 1, 0, 90526, 97887
2026/07/08 16:44:15.520, 2, 0, 88406, 97887
2026/07/08 16:44:15.537, 3, 0, 90330, 97887
2026/07/08 16:44:15.548, 4, 0, 4, 97887
2026/07/08 16:44:15.556, 5, 0, 4, 97887
2026/07/08 16:44:15.569, 6, 0, 4, 97887
2026/07/08 16:44:15.588, 7, 0, 4, 97887
2026/07/08 16:44:16.604, 0, 0, 88378, 97887
2026/07/08 16:44:16.616, 1, 0, 90526, 97887
2026/07/08 16:44:16.630, 2, 0, 88406, 97887
2026/07/08 16:44:16.643, 3, 0, 90330, 97887
2026/07/08 16:44:16.657, 4, 0, 4, 97887
2026/07/08 16:44:16.679, 5, 0, 4, 97887
2026/07/08 16:44:16.694, 6, 0, 4, 97887
2026/07/08 16:44:16.708, 7, 0, 4, 97887
2026/07/08 16:44:17.722, 0, 0, 88378, 97887
2026/07/08 16:44:17.733, 1, 0, 90526, 97887
2026/07/08 16:44:17.745, 2, 0, 88406, 97887
2026/07/08 16:44:17.758, 3, 0, 90330, 97887
2026/07/08 16:44:17.770, 4, 0, 4, 97887
2026/07/08 16:44:17.779, 5, 0, 4, 97887
2026/07/08 16:44:17.796, 6, 0, 4, 97887
2026/07/08 16:44:17.811, 7, 0, 4, 97887
2026/07/08 16:44:18.826, 0, 0, 88378, 97887
2026/07/08 16:44:18.846, 1, 0, 90526, 97887
2026/07/08 16:44:18.865, 2, 0, 88406, 97887
2026/07/08 16:44:18.883, 3, 0, 90330, 97887
2026/07/08 16:44:18.899, 4, 0, 4, 97887
2026/07/08 16:44:18.917, 5, 0, 4, 97887
2026/07/08 16:44:18.933, 6, 0, 4, 97887
2026/07/08 16:44:18.947, 7, 0, 4, 97887
2026/07/08 16:44:19.960, 0, 0, 88378, 97887
2026/07/08 16:44:19.976, 1, 0, 90526, 97887
2026/07/08 16:44:19.986, 2, 0, 88406, 97887
2026/07/08 16:44:19.996, 3, 0, 90330, 97887
2026/07/08 16:44:20.004, 4, 0, 4, 97887
2026/07/08 16:44:20.016, 5, 0, 4, 97887
2026/07/08 16:44:20.031, 6, 0, 4, 97887
2026/07/08 16:44:20.041, 7, 0, 4, 97887
2026/07/08 16:44:21.051, 0, 0, 88378, 97887
2026/07/08 16:44:21.062, 1, 0, 90526, 97887
2026/07/08 16:44:21.074, 2, 0, 88406, 97887
2026/07/08 16:44:21.086, 3, 0, 90330, 97887
2026/07/08 16:44:21.098, 4, 0, 4, 97887
2026/07/08 16:44:21.107, 5, 0, 4, 97887
2026/07/08 16:44:21.119, 6, 0, 4, 97887
2026/07/08 16:44:21.130, 7, 0, 4, 97887
2026/07/08 16:44:22.139, 0, 0, 88378, 97887
2026/07/08 16:44:22.152, 1, 0, 90526, 97887
2026/07/08 16:44:22.163, 2, 0, 88406, 97887
2026/07/08 16:44:22.173, 3, 0, 90330, 97887
2026/07/08 16:44:22.181, 4, 0, 4, 97887
2026/07/08 16:44:22.190, 5, 0, 4, 97887
2026/07/08 16:44:22.198, 6, 0, 4, 97887
2026/07/08 16:44:22.208, 7, 0, 4, 97887
2026/07/08 16:44:23.221, 0, 0, 88378, 97887
2026/07/08 16:44:23.233, 1, 0, 90526, 97887
2026/07/08 16:44:23.247, 2, 0, 88406, 97887
2026/07/08 16:44:23.257, 3, 0, 90330, 97887
2026/07/08 16:44:23.268, 4, 0, 4, 97887
2026/07/08 16:44:23.279, 5, 0, 4, 97887
2026/07/08 16:44:23.291, 6, 0, 4, 97887
2026/07/08 16:44:23.301, 7, 0, 4, 97887
2026/07/08 16:44:24.313, 0, 0, 88378, 97887
2026/07/08 16:44:24.328, 1, 0, 90526, 97887
2026/07/08 16:44:24.337, 2, 0, 88406, 97887
2026/07/08 16:44:24.346, 3, 0, 90330, 97887
2026/07/08 16:44:24.359, 4, 0, 4, 97887
2026/07/08 16:44:24.369, 5, 0, 4, 97887
2026/07/08 16:44:24.381, 6, 0, 4, 97887
2026/07/08 16:44:24.392, 7, 0, 4, 97887
2026/07/08 16:44:25.401, 0, 0, 88378, 97887
2026/07/08 16:44:25.453, 1, 0, 90526, 97887
2026/07/08 16:44:25.472, 2, 0, 88406, 97887
2026/07/08 16:44:25.492, 3, 0, 90330, 97887
2026/07/08 16:44:25.524, 4, 0, 4, 97887
2026/07/08 16:44:25.544, 5, 0, 4, 97887
2026/07/08 16:44:25.561, 6, 0, 4, 97887
2026/07/08 16:44:25.581, 7, 0, 4, 97887
2026/07/08 16:44:26.599, 0, 0, 88378, 97887
2026/07/08 16:44:26.612, 1, 0, 90526, 97887
2026/07/08 16:44:26.624, 2, 0, 88406, 97887
2026/07/08 16:44:26.636, 3, 0, 90330, 97887
2026/07/08 16:44:26.646, 4, 0, 4, 97887
2026/07/08 16:44:26.664, 5, 0, 4, 97887
2026/07/08 16:44:26.676, 6, 0, 4, 97887
2026/07/08 16:44:26.688, 7, 0, 4, 97887
2026/07/08 16:44:27.699, 0, 0, 88378, 97887
2026/07/08 16:44:27.710, 1, 0, 90526, 97887
2026/07/08 16:44:27.721, 2, 0, 88406, 97887
2026/07/08 16:44:27.738, 3, 0, 90330, 97887
2026/07/08 16:44:27.750, 4, 0, 4, 97887
2026/07/08 16:44:27.761, 5, 0, 4, 97887
2026/07/08 16:44:27.771, 6, 0, 4, 97887
2026/07/08 16:44:27.784, 7, 0, 4, 97887
2026/07/08 16:44:28.794, 0, 0, 88378, 97887
2026/07/08 16:44:28.806, 1, 0, 90526, 97887
2026/07/08 16:44:28.819, 2, 0, 88406, 97887
2026/07/08 16:44:28.832, 3, 0, 90330, 97887
2026/07/08 16:44:28.843, 4, 0, 4, 97887
2026/07/08 16:44:28.858, 5, 0, 4, 97887
2026/07/08 16:44:28.868, 6, 0, 4, 97887
2026/07/08 16:44:28.880, 7, 0, 4, 97887
2026/07/08 16:44:29.890, 0, 0, 88378, 97887
2026/07/08 16:44:29.904, 1, 0, 90526, 97887
2026/07/08 16:44:29.914, 2, 0, 88406, 97887
2026/07/08 16:44:29.924, 3, 0, 90330, 97887
2026/07/08 16:44:29.937, 4, 0, 4, 97887
2026/07/08 16:44:29.948, 5, 0, 4, 97887
2026/07/08 16:44:29.960, 6, 0, 4, 97887
2026/07/08 16:44:29.970, 7, 0, 4, 97887
2026/07/08 16:44:30.983, 0, 0, 88378, 97887
2026/07/08 16:44:30.996, 1, 0, 90526, 97887
2026/07/08 16:44:31.007, 2, 0, 88406, 97887
2026/07/08 16:44:31.017, 3, 0, 90330, 97887
2026/07/08 16:44:31.030, 4, 0, 4, 97887
2026/07/08 16:44:31.041, 5, 0, 4, 97887
2026/07/08 16:44:31.052, 6, 0, 4, 97887
2026/07/08 16:44:31.064, 7, 0, 4, 97887
2026/07/08 16:44:32.079, 0, 0, 88378, 97887
2026/07/08 16:44:32.092, 1, 0, 90526, 97887
2026/07/08 16:44:32.105, 2, 0, 88406, 97887
2026/07/08 16:44:32.115, 3, 0, 90330, 97887
2026/07/08 16:44:32.125, 4, 0, 4, 97887
2026/07/08 16:44:32.133, 5, 0, 4, 97887
2026/07/08 16:44:32.141, 6, 0, 4, 97887
2026/07/08 16:44:32.155, 7, 0, 4, 97887
2026/07/08 16:44:33.167, 0, 0, 88378, 97887
2026/07/08 16:44:33.175, 1, 0, 90526, 97887
2026/07/08 16:44:33.185, 2, 0, 88406, 97887
2026/07/08 16:44:33.198, 3, 0, 90330, 97887
2026/07/08 16:44:33.206, 4, 0, 4, 97887
2026/07/08 16:44:33.216, 5, 0, 4, 97887
2026/07/08 16:44:33.228, 6, 0, 4, 97887
2026/07/08 16:44:33.241, 7, 0, 4, 97887
2026/07/08 16:44:34.256, 0, 0, 88378, 97887
2026/07/08 16:44:34.270, 1, 0, 90526, 97887
2026/07/08 16:44:34.282, 2, 0, 88406, 97887
2026/07/08 16:44:34.295, 3, 0, 90330, 97887
2026/07/08 16:44:34.308, 4, 0, 4, 97887
2026/07/08 16:44:34.319, 5, 0, 4, 97887
2026/07/08 16:44:34.329, 6, 0, 4, 97887
2026/07/08 16:44:34.339, 7, 0, 4, 97887
2026/07/08 16:44:35.356, 0, 0, 88378, 97887
2026/07/08 16:44:35.365, 1, 0, 90526, 97887
2026/07/08 16:44:35.380, 2, 0, 88406, 97887
2026/07/08 16:44:35.394, 3, 0, 90330, 97887
2026/07/08 16:44:35.413, 4, 0, 4, 97887
2026/07/08 16:44:35.426, 5, 0, 4, 97887
2026/07/08 16:44:35.437, 6, 0, 4, 97887
2026/07/08 16:44:35.443, 7, 0, 4, 97887
2026/07/08 16:44:36.454, 0, 0, 88378, 97887
2026/07/08 16:44:36.465, 1, 0, 90526, 97887
2026/07/08 16:44:36.477, 2, 0, 88406, 97887
2026/07/08 16:44:36.490, 3, 0, 90330, 97887
2026/07/08 16:44:36.502, 4, 0, 4, 97887
2026/07/08 16:44:36.511, 5, 0, 4, 97887
2026/07/08 16:44:36.518, 6, 0, 4, 97887
2026/07/08 16:44:36.527, 7, 0, 4, 97887
2026/07/08 16:44:37.541, 0, 0, 88378, 97887
2026/07/08 16:44:37.556, 1, 0, 90526, 97887
2026/07/08 16:44:37.572, 2, 0, 88406, 97887
2026/07/08 16:44:37.582, 3, 0, 90330, 97887
2026/07/08 16:44:37.594, 4, 0, 4, 97887
2026/07/08 16:44:37.612, 5, 0, 4, 97887
2026/07/08 16:44:37.624, 6, 0, 4, 97887
2026/07/08 16:44:37.635, 7, 0, 4, 97887
2026/07/08 16:44:38.648, 0, 0, 88378, 97887
2026/07/08 16:44:38.662, 1, 0, 90526, 97887
2026/07/08 16:44:38.677, 2, 0, 88406, 97887
2026/07/08 16:44:38.687, 3, 0, 90330, 97887
2026/07/08 16:44:38.697, 4, 0, 4, 97887
2026/07/08 16:44:38.705, 5, 0, 4, 97887
2026/07/08 16:44:38.717, 6, 0, 4, 97887
2026/07/08 16:44:38.728, 7, 0, 4, 97887
2026/07/08 16:44:39.747, 0, 0, 88378, 97887
2026/07/08 16:44:39.758, 1, 0, 90526, 97887
2026/07/08 16:44:39.769, 2, 0, 88406, 97887
2026/07/08 16:44:39.780, 3, 0, 90330, 97887
2026/07/08 16:44:39.789, 4, 0, 4, 97887
2026/07/08 16:44:39.803, 5, 0, 4, 97887
2026/07/08 16:44:39.811, 6, 0, 4, 97887
2026/07/08 16:44:39.823, 7, 0, 4, 97887
2026/07/08 16:44:40.836, 0, 0, 88378, 97887
2026/07/08 16:44:40.846, 1, 0, 90526, 97887
2026/07/08 16:44:40.855, 2, 0, 88406, 97887
2026/07/08 16:44:40.867, 3, 0, 90330, 97887
2026/07/08 16:44:40.877, 4, 0, 4, 97887
2026/07/08 16:44:40.891, 5, 0, 4, 97887
2026/07/08 16:44:40.908, 6, 0, 4, 97887
2026/07/08 16:44:40.922, 7, 0, 4, 97887
2026/07/08 16:44:41.935, 0, 0, 88378, 97887
2026/07/08 16:44:41.948, 1, 0, 90526, 97887
2026/07/08 16:44:41.960, 2, 0, 88406, 97887
2026/07/08 16:44:41.970, 3, 0, 90330, 97887
2026/07/08 16:44:41.986, 4, 0, 4, 97887
2026/07/08 16:44:42.000, 5, 0, 4, 97887
2026/07/08 16:44:42.010, 6, 0, 4, 97887
2026/07/08 16:44:42.021, 7, 0, 4, 97887
2026/07/08 16:44:43.031, 0, 0, 88378, 97887
2026/07/08 16:44:43.042, 1, 0, 90526, 97887
2026/07/08 16:44:43.061, 2, 0, 88406, 97887
2026/07/08 16:44:43.076, 3, 0, 90330, 97887
2026/07/08 16:44:43.092, 4, 0, 4, 97887
2026/07/08 16:44:43.106, 5, 0, 4, 97887
2026/07/08 16:44:43.118, 6, 0, 4, 97887
2026/07/08 16:44:43.134, 7, 0, 4, 97887
2026/07/08 16:44:44.151, 0, 0, 88378, 97887
2026/07/08 16:44:44.163, 1, 0, 90526, 97887
2026/07/08 16:44:44.175, 2, 0, 88406, 97887
2026/07/08 16:44:44.184, 3, 0, 90330, 97887
2026/07/08 16:44:44.195, 4, 0, 4, 97887
2026/07/08 16:44:44.204, 5, 0, 4, 97887
2026/07/08 16:44:44.216, 6, 0, 4, 97887
2026/07/08 16:44:44.229, 7, 0, 4, 97887
2026/07/08 16:44:45.237, 0, 0, 88378, 97887
2026/07/08 16:44:45.248, 1, 0, 90526, 97887
2026/07/08 16:44:45.257, 2, 0, 88406, 97887
2026/07/08 16:44:45.264, 3, 0, 90330, 97887
2026/07/08 16:44:45.275, 4, 0, 4, 97887
2026/07/08 16:44:45.286, 5, 0, 4, 97887
2026/07/08 16:44:45.303, 6, 0, 4, 97887
2026/07/08 16:44:45.313, 7, 0, 4, 97887
2026/07/08 16:44:46.324, 0, 0, 88378, 97887
2026/07/08 16:44:46.337, 1, 0, 90526, 97887
2026/07/08 16:44:46.351, 2, 0, 88406, 97887
2026/07/08 16:44:46.361, 3, 0, 90330, 97887
2026/07/08 16:44:46.377, 4, 0, 4, 97887
2026/07/08 16:44:46.389, 5, 0, 4, 97887
2026/07/08 16:44:46.401, 6, 0, 4, 97887
2026/07/08 16:44:46.412, 7, 0, 4, 97887
2026/07/08 16:44:47.424, 0, 0, 88378, 97887
2026/07/08 16:44:47.437, 1, 0, 90526, 97887
2026/07/08 16:44:47.447, 2, 0, 88406, 97887
2026/07/08 16:44:47.455, 3, 0, 90330, 97887
2026/07/08 16:44:47.466, 4, 0, 4, 97887
2026/07/08 16:44:47.477, 5, 0, 4, 97887
2026/07/08 16:44:47.490, 6, 0, 4, 97887
2026/07/08 16:44:47.501, 7, 0, 4, 97887
2026/07/08 16:44:48.521, 0, 0, 88378, 97887
2026/07/08 16:44:48.532, 1, 0, 90526, 97887
2026/07/08 16:44:48.539, 2, 0, 88406, 97887
2026/07/08 16:44:48.547, 3, 0, 90330, 97887
2026/07/08 16:44:48.557, 4, 0, 4, 97887
2026/07/08 16:44:48.566, 5, 0, 4, 97887
2026/07/08 16:44:48.575, 6, 0, 4, 97887
2026/07/08 16:44:48.588, 7, 0, 4, 97887
2026/07/08 16:44:49.596, 0, 0, 88378, 97887
2026/07/08 16:44:49.609, 1, 0, 90526, 97887
2026/07/08 16:44:49.621, 2, 0, 88406, 97887
2026/07/08 16:44:49.635, 3, 0, 90330, 97887
2026/07/08 16:44:49.648, 4, 0, 4, 97887
2026/07/08 16:44:49.663, 5, 0, 4, 97887
2026/07/08 16:44:49.676, 6, 0, 4, 97887
2026/07/08 16:44:49.691, 7, 0, 4, 97887
2026/07/08 16:44:50.703, 0, 0, 88378, 97887
2026/07/08 16:44:50.716, 1, 0, 90526, 97887
2026/07/08 16:44:50.728, 2, 0, 88406, 97887
2026/07/08 16:44:50.739, 3, 0, 90330, 97887
2026/07/08 16:44:50.752, 4, 0, 4, 97887
2026/07/08 16:44:50.762, 5, 0, 4, 97887
2026/07/08 16:44:50.771, 6, 0, 4, 97887
2026/07/08 16:44:50.780, 7, 0, 4, 97887
2026/07/08 16:44:51.790, 0, 0, 88378, 97887
2026/07/08 16:44:51.803, 1, 0, 90526, 97887
2026/07/08 16:44:51.815, 2, 0, 88406, 97887
2026/07/08 16:44:51.826, 3, 0, 90330, 97887
2026/07/08 16:44:51.843, 4, 0, 4, 97887
2026/07/08 16:44:51.859, 5, 0, 4, 97887
2026/07/08 16:44:51.874, 6, 0, 4, 97887
2026/07/08 16:44:51.886, 7, 0, 4, 97887
2026/07/08 16:44:52.896, 0, 0, 88378, 97887
2026/07/08 16:44:52.907, 1, 0, 90526, 97887
2026/07/08 16:44:52.923, 2, 0, 88406, 97887
2026/07/08 16:44:52.935, 3, 0, 90330, 97887
2026/07/08 16:44:52.943, 4, 0, 4, 97887
2026/07/08 16:44:52.953, 5, 0, 4, 97887
2026/07/08 16:44:52.967, 6, 0, 4, 97887
2026/07/08 16:44:52.978, 7, 0, 4, 97887
2026/07/08 16:44:53.990, 0, 0, 88378, 97887
2026/07/08 16:44:54.002, 1, 0, 90526, 97887
2026/07/08 16:44:54.013, 2, 0, 88406, 97887
2026/07/08 16:44:54.028, 3, 0, 90330, 97887
2026/07/08 16:44:54.039, 4, 0, 4, 97887
2026/07/08 16:44:54.048, 5, 0, 4, 97887
2026/07/08 16:44:54.062, 6, 0, 4, 97887
2026/07/08 16:44:54.072, 7, 0, 4, 97887
2026/07/08 16:44:55.081, 0, 0, 88378, 97887
2026/07/08 16:44:55.090, 1, 0, 90526, 97887
2026/07/08 16:44:55.097, 2, 0, 88406, 97887
2026/07/08 16:44:55.110, 3, 0, 90330, 97887
2026/07/08 16:44:55.118, 4, 0, 4, 97887
2026/07/08 16:44:55.122, 5, 0, 4, 97887
2026/07/08 16:44:55.130, 6, 0, 4, 97887
2026/07/08 16:44:55.138, 7, 0, 4, 97887
2026/07/08 16:44:56.148, 0, 0, 88378, 97887
2026/07/08 16:44:56.163, 1, 0, 90526, 97887
2026/07/08 16:44:56.171, 2, 0, 88406, 97887
2026/07/08 16:44:56.181, 3, 0, 90330, 97887
2026/07/08 16:44:56.192, 4, 0, 4, 97887
2026/07/08 16:44:56.201, 5, 0, 4, 97887
2026/07/08 16:44:56.210, 6, 0, 4, 97887
2026/07/08 16:44:56.225, 7, 0, 4, 97887
2026/07/08 16:44:57.234, 0, 0, 88378, 97887
2026/07/08 16:44:57.247, 1, 0, 90526, 97887
2026/07/08 16:44:57.259, 2, 0, 88406, 97887
2026/07/08 16:44:57.271, 3, 0, 90330, 97887
2026/07/08 16:44:57.281, 4, 0, 4, 97887
2026/07/08 16:44:57.295, 5, 0, 4, 97887
2026/07/08 16:44:57.308, 6, 0, 4, 97887
2026/07/08 16:44:57.320, 7, 0, 4, 97887
2026/07/08 16:44:58.330, 0, 0, 88378, 97887
2026/07/08 16:44:58.340, 1, 0, 90526, 97887
2026/07/08 16:44:58.351, 2, 0, 88406, 97887
2026/07/08 16:44:58.361, 3, 0, 90330, 97887
2026/07/08 16:44:58.370, 4, 0, 4, 97887
2026/07/08 16:44:58.382, 5, 0, 4, 97887
2026/07/08 16:44:58.395, 6, 0, 4, 97887
2026/07/08 16:44:58.405, 7, 0, 4, 97887
2026/07/08 16:44:59.416, 0, 0, 88378, 97887
2026/07/08 16:44:59.429, 1, 0, 90526, 97887
2026/07/08 16:44:59.441, 2, 0, 88406, 97887
2026/07/08 16:44:59.454, 3, 0, 90330, 97887
2026/07/08 16:44:59.472, 4, 0, 4, 97887
2026/07/08 16:44:59.483, 5, 0, 4, 97887
2026/07/08 16:44:59.493, 6, 0, 4, 97887
2026/07/08 16:44:59.503, 7, 0, 4, 97887
2026/07/08 16:45:00.516, 0, 0, 88378, 97887
2026/07/08 16:45:00.541, 1, 0, 90526, 97887
2026/07/08 16:45:00.561, 2, 0, 88406, 97887
2026/07/08 16:45:00.576, 3, 0, 90330, 97887
2026/07/08 16:45:00.588, 4, 0, 4, 97887
2026/07/08 16:45:00.608, 5, 0, 4, 97887
2026/07/08 16:45:00.619, 6, 0, 4, 97887
2026/07/08 16:45:00.646, 7, 0, 4, 97887
2026/07/08 16:45:01.656, 0, 0, 88378, 97887
2026/07/08 16:45:01.669, 1, 0, 90526, 97887
2026/07/08 16:45:01.682, 2, 0, 88406, 97887
2026/07/08 16:45:01.695, 3, 0, 90330, 97887
2026/07/08 16:45:01.707, 4, 0, 4, 97887
2026/07/08 16:45:01.721, 5, 0, 4, 97887
2026/07/08 16:45:01.730, 6, 0, 4, 97887
2026/07/08 16:45:01.739, 7, 0, 4, 97887
2026/07/08 16:45:02.749, 0, 0, 88378, 97887
2026/07/08 16:45:02.764, 1, 0, 90526, 97887
2026/07/08 16:45:02.772, 2, 0, 88406, 97887
2026/07/08 16:45:02.779, 3, 0, 90330, 97887
2026/07/08 16:45:02.785, 4, 0, 4, 97887
2026/07/08 16:45:02.791, 5, 0, 4, 97887
2026/07/08 16:45:02.799, 6, 0, 4, 97887
2026/07/08 16:45:02.808, 7, 0, 4, 97887
2026/07/08 16:45:03.819, 0, 0, 88378, 97887
2026/07/08 16:45:03.830, 1, 0, 90526, 97887
2026/07/08 16:45:03.836, 2, 0, 88406, 97887
2026/07/08 16:45:03.843, 3, 0, 90330, 97887
2026/07/08 16:45:03.853, 4, 0, 4, 97887
2026/07/08 16:45:03.861, 5, 0, 4, 97887
2026/07/08 16:45:03.868, 6, 0, 4, 97887
2026/07/08 16:45:03.878, 7, 0, 4, 97887
2026/07/08 16:45:04.892, 0, 0, 88378, 97887
2026/07/08 16:45:04.901, 1, 0, 90526, 97887
2026/07/08 16:45:04.910, 2, 0, 88406, 97887
2026/07/08 16:45:04.917, 3, 0, 90330, 97887
2026/07/08 16:45:04.929, 4, 0, 4, 97887
2026/07/08 16:45:04.939, 5, 0, 4, 97887
2026/07/08 16:45:04.949, 6, 0, 4, 97887
2026/07/08 16:45:04.964, 7, 0, 4, 97887
2026/07/08 16:45:05.971, 0, 0, 88378, 97887
2026/07/08 16:45:05.982, 1, 0, 90526, 97887
2026/07/08 16:45:05.995, 2, 0, 88406, 97887
2026/07/08 16:45:06.004, 3, 0, 90330, 97887
2026/07/08 16:45:06.013, 4, 0, 4, 97887
2026/07/08 16:45:06.028, 5, 0, 4, 97887
2026/07/08 16:45:06.038, 6, 0, 4, 97887
2026/07/08 16:45:06.050, 7, 0, 4, 97887
2026/07/08 16:45:07.102, 0, 0, 88378, 97887
2026/07/08 16:45:07.114, 1, 0, 90526, 97887
2026/07/08 16:45:07.126, 2, 0, 88406, 97887
2026/07/08 16:45:07.135, 3, 0, 90330, 97887
2026/07/08 16:45:07.146, 4, 0, 4, 97887
2026/07/08 16:45:07.159, 5, 0, 4, 97887
2026/07/08 16:45:07.169, 6, 0, 4, 97887
2026/07/08 16:45:07.181, 7, 0, 4, 97887
2026/07/08 16:45:08.189, 0, 0, 88378, 97887
2026/07/08 16:45:08.203, 1, 0, 90526, 97887
2026/07/08 16:45:08.216, 2, 0, 88406, 97887
2026/07/08 16:45:08.224, 3, 0, 90330, 97887
2026/07/08 16:45:08.236, 4, 0, 4, 97887
2026/07/08 16:45:08.250, 5, 0, 4, 97887
2026/07/08 16:45:08.261, 6, 0, 4, 97887
2026/07/08 16:45:08.273, 7, 0, 4, 97887
2026/07/08 16:45:09.290, 0, 0, 88378, 97887
2026/07/08 16:45:09.301, 1, 0, 90526, 97887
2026/07/08 16:45:09.312, 2, 0, 88406, 97887
2026/07/08 16:45:09.323, 3, 0, 90330, 97887
2026/07/08 16:45:09.340, 4, 0, 4, 97887
2026/07/08 16:45:09.350, 5, 0, 4, 97887
2026/07/08 16:45:09.362, 6, 0, 4, 97887
2026/07/08 16:45:09.373, 7, 0, 4, 97887
2026/07/08 16:45:10.385, 0, 0, 88378, 97887
2026/07/08 16:45:10.393, 1, 0, 90526, 97887
2026/07/08 16:45:10.401, 2, 0, 88406, 97887
2026/07/08 16:45:10.412, 3, 0, 90330, 97887
2026/07/08 16:45:10.422, 4, 0, 4, 97887
2026/07/08 16:45:10.432, 5, 0, 4, 97887
2026/07/08 16:45:10.443, 6, 0, 4, 97887
2026/07/08 16:45:10.453, 7, 0, 4, 97887
2026/07/08 16:45:11.469, 0, 0, 88378, 97887
2026/07/08 16:45:11.478, 1, 0, 90526, 97887
2026/07/08 16:45:11.490, 2, 0, 88406, 97887
2026/07/08 16:45:11.503, 3, 0, 90330, 97887
2026/07/08 16:45:11.516, 4, 0, 4, 97887
2026/07/08 16:45:11.524, 5, 0, 4, 97887
2026/07/08 16:45:11.537, 6, 0, 4, 97887
2026/07/08 16:45:11.546, 7, 0, 4, 97887
2026/07/08 16:45:12.554, 0, 0, 88378, 97887
2026/07/08 16:45:12.561, 1, 0, 90526, 97887
2026/07/08 16:45:12.568, 2, 0, 88406, 97887
2026/07/08 16:45:12.576, 3, 0, 90330, 97887
2026/07/08 16:45:12.586, 4, 0, 4, 97887
2026/07/08 16:45:12.593, 5, 0, 4, 97887
2026/07/08 16:45:12.599, 6, 0, 4, 97887
2026/07/08 16:45:12.611, 7, 0, 4, 97887
2026/07/08 16:45:13.622, 0, 0, 88378, 97887
2026/07/08 16:45:13.633, 1, 0, 90526, 97887
2026/07/08 16:45:13.644, 2, 0, 88406, 97887
2026/07/08 16:45:13.659, 3, 0, 90330, 97887
2026/07/08 16:45:13.669, 4, 0, 4, 97887
2026/07/08 16:45:13.678, 5, 0, 4, 97887
2026/07/08 16:45:13.689, 6, 0, 4, 97887
2026/07/08 16:45:13.700, 7, 0, 4, 97887
2026/07/08 16:45:14.711, 0, 0, 88378, 97887
2026/07/08 16:45:14.722, 1, 0, 90526, 97887
2026/07/08 16:45:14.733, 2, 0, 88406, 97887
2026/07/08 16:45:14.751, 3, 0, 90330, 97887
2026/07/08 16:45:14.766, 4, 0, 4, 97887
2026/07/08 16:45:14.781, 5, 0, 4, 97887
2026/07/08 16:45:14.791, 6, 0, 4, 97887
2026/07/08 16:45:14.802, 7, 0, 4, 97887
2026/07/08 16:45:15.815, 0, 0, 88378, 97887
2026/07/08 16:45:15.825, 1, 0, 90526, 97887
2026/07/08 16:45:15.836, 2, 0, 88406, 97887
2026/07/08 16:45:15.849, 3, 0, 90330, 97887
2026/07/08 16:45:15.862, 4, 0, 4, 97887
2026/07/08 16:45:15.878, 5, 0, 4, 97887
2026/07/08 16:45:15.893, 6, 0, 4, 97887
2026/07/08 16:45:15.905, 7, 0, 4, 97887
2026/07/08 16:45:16.917, 0, 0, 88378, 97887
2026/07/08 16:45:16.928, 1, 0, 90526, 97887
2026/07/08 16:45:16.944, 2, 0, 88406, 97887
2026/07/08 16:45:16.953, 3, 0, 90330, 97887
2026/07/08 16:45:16.965, 4, 0, 4, 97887
2026/07/08 16:45:16.976, 5, 0, 4, 97887
2026/07/08 16:45:16.985, 6, 0, 4, 97887
2026/07/08 16:45:16.996, 7, 0, 4, 97887
2026/07/08 16:45:18.006, 0, 0, 88378, 97887
2026/07/08 16:45:18.016, 1, 0, 90526, 97887
2026/07/08 16:45:18.033, 2, 0, 88406, 97887
2026/07/08 16:45:18.054, 3, 0, 90330, 97887
2026/07/08 16:45:18.071, 4, 0, 4, 97887
2026/07/08 16:45:18.087, 5, 0, 4, 97887
2026/07/08 16:45:18.110, 6, 0, 4, 97887
2026/07/08 16:45:18.129, 7, 0, 4, 97887
2026/07/08 16:45:19.144, 0, 0, 88378, 97887
2026/07/08 16:45:19.155, 1, 0, 90526, 97887
2026/07/08 16:45:19.169, 2, 0, 88406, 97887
2026/07/08 16:45:19.179, 3, 0, 90330, 97887
2026/07/08 16:45:19.190, 4, 0, 4, 97887
2026/07/08 16:45:19.199, 5, 0, 4, 97887
2026/07/08 16:45:19.206, 6, 0, 4, 97887
2026/07/08 16:45:19.218, 7, 0, 4, 97887
2026/07/08 16:45:20.227, 0, 0, 88378, 97887
2026/07/08 16:45:20.237, 1, 0, 90526, 97887
2026/07/08 16:45:20.247, 2, 0, 88406, 97887
2026/07/08 16:45:20.255, 3, 0, 90330, 97887
2026/07/08 16:45:20.266, 4, 0, 4, 97887
2026/07/08 16:45:20.276, 5, 0, 4, 97887
2026/07/08 16:45:20.285, 6, 0, 4, 97887
2026/07/08 16:45:20.301, 7, 0, 4, 97887
2026/07/08 16:45:21.313, 0, 0, 88378, 97887
2026/07/08 16:45:21.325, 1, 0, 90526, 97887
2026/07/08 16:45:21.334, 2, 0, 88406, 97887
2026/07/08 16:45:21.344, 3, 0, 90330, 97887
2026/07/08 16:45:21.351, 4, 0, 4, 97887
2026/07/08 16:45:21.361, 5, 0, 4, 97887
2026/07/08 16:45:21.368, 6, 0, 4, 97887
2026/07/08 16:45:21.380, 7, 0, 4, 97887
2026/07/08 16:45:22.397, 0, 0, 88378, 97887
2026/07/08 16:45:22.406, 1, 0, 90526, 97887
2026/07/08 16:45:22.413, 2, 0, 88406, 97887
2026/07/08 16:45:22.424, 3, 0, 90330, 97887
2026/07/08 16:45:22.435, 4, 0, 4, 97887
2026/07/08 16:45:22.448, 5, 0, 4, 97887
2026/07/08 16:45:22.464, 6, 0, 4, 97887
2026/07/08 16:45:22.476, 7, 0, 4, 97887
2026/07/08 16:45:23.488, 0, 0, 88378, 97887
2026/07/08 16:45:23.498, 1, 0, 90526, 97887
2026/07/08 16:45:23.506, 2, 0, 88406, 97887
2026/07/08 16:45:23.516, 3, 0, 90330, 97887
2026/07/08 16:45:23.522, 4, 0, 4, 97887
2026/07/08 16:45:23.536, 5, 0, 4, 97887
2026/07/08 16:45:23.548, 6, 0, 4, 97887
2026/07/08 16:45:23.556, 7, 0, 4, 97887
2026/07/08 16:45:24.568, 0, 0, 88378, 97887
2026/07/08 16:45:24.580, 1, 0, 90526, 97887
2026/07/08 16:45:24.586, 2, 0, 88406, 97887
2026/07/08 16:45:24.594, 3, 0, 90330, 97887
2026/07/08 16:45:24.603, 4, 0, 4, 97887
2026/07/08 16:45:24.612, 5, 0, 4, 97887
2026/07/08 16:45:24.620, 6, 0, 4, 97887
2026/07/08 16:45:24.631, 7, 0, 4, 97887
2026/07/08 16:45:25.639, 0, 0, 88378, 97887
2026/07/08 16:45:25.652, 1, 0, 90526, 97887
2026/07/08 16:45:25.663, 2, 0, 88406, 97887
2026/07/08 16:45:25.675, 3, 0, 90330, 97887
2026/07/08 16:45:25.684, 4, 0, 4, 97887
2026/07/08 16:45:25.692, 5, 0, 4, 97887
2026/07/08 16:45:25.701, 6, 0, 4, 97887
2026/07/08 16:45:25.710, 7, 0, 4, 97887
2026/07/08 16:45:26.719, 0, 0, 88378, 97887
2026/07/08 16:45:26.729, 1, 0, 90526, 97887
2026/07/08 16:45:26.740, 2, 0, 88406, 97887
2026/07/08 16:45:26.752, 3, 0, 90330, 97887
2026/07/08 16:45:26.767, 4, 0, 4, 97887
2026/07/08 16:45:26.782, 5, 0, 4, 97887
2026/07/08 16:45:26.796, 6, 0, 4, 97887
2026/07/08 16:45:26.804, 7, 0, 4, 97887
2026/07/08 16:45:27.811, 0, 0, 88378, 97887
2026/07/08 16:45:27.820, 1, 0, 90526, 97887
2026/07/08 16:45:27.828, 2, 0, 88406, 97887
2026/07/08 16:45:27.835, 3, 0, 90330, 97887
2026/07/08 16:45:27.845, 4, 0, 4, 97887
2026/07/08 16:45:27.856, 5, 0, 4, 97887
2026/07/08 16:45:27.868, 6, 0, 4, 97887
2026/07/08 16:45:27.875, 7, 0, 4, 97887
2026/07/08 16:45:28.881, 0, 0, 88378, 97887
2026/07/08 16:45:28.891, 1, 0, 90526, 97887
2026/07/08 16:45:28.904, 2, 0, 88406, 97887
2026/07/08 16:45:28.915, 3, 0, 90330, 97887
2026/07/08 16:45:28.925, 4, 0, 4, 97887
2026/07/08 16:45:28.932, 5, 0, 4, 97887
2026/07/08 16:45:28.940, 6, 0, 4, 97887
2026/07/08 16:45:28.949, 7, 0, 4, 97887
2026/07/08 16:45:29.961, 0, 0, 88378, 97887
2026/07/08 16:45:29.984, 1, 0, 90526, 97887
2026/07/08 16:45:29.997, 2, 0, 88406, 97887
2026/07/08 16:45:30.007, 3, 0, 90330, 97887
2026/07/08 16:45:30.022, 4, 0, 4, 97887
2026/07/08 16:45:30.044, 5, 0, 4, 97887
2026/07/08 16:45:30.053, 6, 0, 4, 97887
2026/07/08 16:45:30.066, 7, 0, 4, 97887
2026/07/08 16:45:31.079, 0, 0, 88378, 97887
2026/07/08 16:45:31.086, 1, 0, 90526, 97887
2026/07/08 16:45:31.095, 2, 0, 88406, 97887
2026/07/08 16:45:31.105, 3, 0, 90330, 97887
2026/07/08 16:45:31.113, 4, 0, 4, 97887
2026/07/08 16:45:31.122, 5, 0, 4, 97887
2026/07/08 16:45:31.134, 6, 0, 4, 97887
2026/07/08 16:45:31.143, 7, 0, 4, 97887
2026/07/08 16:45:32.152, 0, 0, 88378, 97887
2026/07/08 16:45:32.161, 1, 0, 90526, 97887
2026/07/08 16:45:32.173, 2, 0, 88406, 97887
2026/07/08 16:45:32.186, 3, 0, 90330, 97887
2026/07/08 16:45:32.200, 4, 0, 4, 97887
2026/07/08 16:45:32.207, 5, 0, 4, 97887
2026/07/08 16:45:32.220, 6, 0, 4, 97887
2026/07/08 16:45:32.231, 7, 0, 4, 97887
2026/07/08 16:45:33.244, 0, 0, 88378, 97887
2026/07/08 16:45:33.255, 1, 0, 90526, 97887
2026/07/08 16:45:33.264, 2, 0, 88406, 97887
2026/07/08 16:45:33.279, 3, 0, 90330, 97887
2026/07/08 16:45:33.288, 4, 0, 4, 97887
2026/07/08 16:45:33.299, 5, 0, 4, 97887
2026/07/08 16:45:33.310, 6, 0, 4, 97887
2026/07/08 16:45:33.319, 7, 0, 4, 97887
2026/07/08 16:45:34.329, 0, 0, 88378, 97887
2026/07/08 16:45:34.343, 1, 0, 90526, 97887
2026/07/08 16:45:34.352, 2, 0, 88406, 97887
2026/07/08 16:45:34.363, 3, 0, 90330, 97887
2026/07/08 16:45:34.375, 4, 0, 4, 97887
2026/07/08 16:45:34.383, 5, 0, 4, 97887
2026/07/08 16:45:34.392, 6, 0, 4, 97887
2026/07/08 16:45:34.403, 7, 0, 4, 97887
2026/07/08 16:45:35.414, 0, 0, 88378, 97887
2026/07/08 16:45:35.426, 1, 0, 90526, 97887
2026/07/08 16:45:35.449, 2, 0, 88406, 97887
2026/07/08 16:45:35.474, 3, 0, 90330, 97887
2026/07/08 16:45:35.484, 4, 0, 4, 97887
2026/07/08 16:45:35.506, 5, 0, 4, 97887
2026/07/08 16:45:35.529, 6, 0, 4, 97887
2026/07/08 16:45:35.551, 7, 0, 4, 97887
2026/07/08 16:45:36.568, 0, 0, 88378, 97887
2026/07/08 16:45:36.581, 1, 0, 90526, 97887
2026/07/08 16:45:36.591, 2, 0, 88406, 97887
2026/07/08 16:45:36.601, 3, 0, 90330, 97887
2026/07/08 16:45:36.613, 4, 0, 4, 97887
2026/07/08 16:45:36.623, 5, 0, 4, 97887
2026/07/08 16:45:36.636, 6, 0, 4, 97887
2026/07/08 16:45:36.647, 7, 0, 4, 97887
2026/07/08 16:45:37.657, 0, 0, 88378, 97887
2026/07/08 16:45:37.670, 1, 0, 90526, 97887
2026/07/08 16:45:37.682, 2, 0, 88406, 97887
2026/07/08 16:45:37.692, 3, 0, 90330, 97887
2026/07/08 16:45:37.704, 4, 0, 4, 97887
2026/07/08 16:45:37.717, 5, 0, 4, 97887
2026/07/08 16:45:37.725, 6, 0, 4, 97887
2026/07/08 16:45:37.737, 7, 0, 4, 97887
2026/07/08 16:45:38.749, 0, 0, 88378, 97887
2026/07/08 16:45:38.759, 1, 0, 90526, 97887
2026/07/08 16:45:38.769, 2, 0, 88406, 97887
2026/07/08 16:45:38.781, 3, 0, 90330, 97887
2026/07/08 16:45:38.797, 4, 0, 4, 97887
2026/07/08 16:45:38.809, 5, 0, 4, 97887
2026/07/08 16:45:38.825, 6, 0, 4, 97887
2026/07/08 16:45:38.834, 7, 0, 4, 97887
2026/07/08 16:45:39.844, 0, 0, 88378, 97887
2026/07/08 16:45:39.854, 1, 0, 90526, 97887
2026/07/08 16:45:39.863, 2, 0, 88406, 97887
2026/07/08 16:45:39.874, 3, 0, 90330, 97887
2026/07/08 16:45:39.895, 4, 0, 4, 97887
2026/07/08 16:45:39.904, 5, 0, 4, 97887
2026/07/08 16:45:39.918, 6, 0, 4, 97887
2026/07/08 16:45:39.929, 7, 0, 4, 97887
2026/07/08 16:45:40.940, 0, 0, 88378, 97887
2026/07/08 16:45:40.948, 1, 0, 90526, 97887
2026/07/08 16:45:40.956, 2, 0, 88406, 97887
2026/07/08 16:45:40.966, 3, 0, 90330, 97887
2026/07/08 16:45:40.978, 4, 0, 4, 97887
2026/07/08 16:45:40.989, 5, 0, 4, 97887
2026/07/08 16:45:41.002, 6, 0, 4, 97887
2026/07/08 16:45:41.013, 7, 0, 4, 97887
2026/07/08 16:45:42.027, 0, 0, 88378, 97887
2026/07/08 16:45:42.037, 1, 0, 90526, 97887
2026/07/08 16:45:42.045, 2, 0, 88406, 97887
2026/07/08 16:45:42.058, 3, 0, 90330, 97887
2026/07/08 16:45:42.074, 4, 0, 4, 97887
2026/07/08 16:45:42.088, 5, 0, 4, 97887
2026/07/08 16:45:42.096, 6, 0, 4, 97887
2026/07/08 16:45:42.111, 7, 0, 4, 97887
2026/07/08 16:45:43.121, 0, 0, 88378, 97887
2026/07/08 16:45:43.137, 1, 0, 90526, 97887
2026/07/08 16:45:43.149, 2, 0, 88406, 97887
2026/07/08 16:45:43.160, 3, 0, 90330, 97887
2026/07/08 16:45:43.170, 4, 0, 4, 97887
2026/07/08 16:45:43.180, 5, 0, 4, 97887
2026/07/08 16:45:43.190, 6, 0, 4, 97887
2026/07/08 16:45:43.202, 7, 0, 4, 97887
2026/07/08 16:45:44.212, 0, 0, 88378, 97887
2026/07/08 16:45:44.223, 1, 0, 90526, 97887
2026/07/08 16:45:44.240, 2, 0, 88406, 97887
2026/07/08 16:45:44.253, 3, 0, 90330, 97887
2026/07/08 16:45:44.262, 4, 0, 4, 97887
2026/07/08 16:45:44.272, 5, 0, 4, 97887
2026/07/08 16:45:44.281, 6, 0, 4, 97887
2026/07/08 16:45:44.290, 7, 0, 4, 97887
2026/07/08 16:45:45.301, 0, 0, 88378, 97887
2026/07/08 16:45:45.313, 1, 0, 90526, 97887
2026/07/08 16:45:45.323, 2, 0, 88406, 97887
2026/07/08 16:45:45.334, 3, 0, 90330, 97887
2026/07/08 16:45:45.345, 4, 0, 4, 97887
2026/07/08 16:45:45.357, 5, 0, 4, 97887
2026/07/08 16:45:45.368, 6, 0, 4, 97887
2026/07/08 16:45:45.379, 7, 0, 4, 97887
2026/07/08 16:45:46.394, 0, 0, 88378, 97887
2026/07/08 16:45:46.409, 1, 0, 90526, 97887
2026/07/08 16:45:46.423, 2, 0, 88406, 97887
2026/07/08 16:45:46.433, 3, 0, 90330, 97887
2026/07/08 16:45:46.442, 4, 0, 4, 97887
2026/07/08 16:45:46.452, 5, 0, 4, 97887
2026/07/08 16:45:46.470, 6, 0, 4, 97887
2026/07/08 16:45:46.482, 7, 0, 4, 97887
2026/07/08 16:45:47.494, 0, 0, 88378, 97887
2026/07/08 16:45:47.505, 1, 0, 90526, 97887
2026/07/08 16:45:47.516, 2, 0, 88406, 97887
2026/07/08 16:45:47.528, 3, 0, 90330, 97887
2026/07/08 16:45:47.537, 4, 0, 4, 97887
2026/07/08 16:45:47.551, 5, 0, 4, 97887
2026/07/08 16:45:47.561, 6, 0, 4, 97887
2026/07/08 16:45:47.572, 7, 0, 4, 97887
2026/07/08 16:45:48.588, 0, 0, 88378, 97887
2026/07/08 16:45:48.597, 1, 0, 90526, 97887
2026/07/08 16:45:48.607, 2, 0, 88406, 97887
2026/07/08 16:45:48.615, 3, 0, 90330, 97887
2026/07/08 16:45:48.622, 4, 0, 4, 97887
2026/07/08 16:45:48.632, 5, 0, 4, 97887
2026/07/08 16:45:48.648, 6, 0, 4, 97887
2026/07/08 16:45:48.658, 7, 0, 4, 97887
2026/07/08 16:45:49.668, 0, 0, 88378, 97887
2026/07/08 16:45:49.685, 1, 0, 90526, 97887
2026/07/08 16:45:49.700, 2, 0, 88406, 97887
2026/07/08 16:45:49.709, 3, 0, 90330, 97887
2026/07/08 16:45:49.720, 4, 0, 4, 97887
2026/07/08 16:45:49.730, 5, 0, 4, 97887
2026/07/08 16:45:49.737, 6, 0, 4, 97887
2026/07/08 16:45:49.746, 7, 0, 4, 97887
2026/07/08 16:45:50.754, 0, 0, 88378, 97887
2026/07/08 16:45:50.766, 1, 0, 90526, 97887
2026/07/08 16:45:50.777, 2, 0, 88406, 97887
2026/07/08 16:45:50.787, 3, 0, 90330, 97887
2026/07/08 16:45:50.802, 4, 0, 4, 97887
2026/07/08 16:45:50.817, 5, 0, 4, 97887
2026/07/08 16:45:50.829, 6, 0, 4, 97887
2026/07/08 16:45:50.840, 7, 0, 4, 97887
2026/07/08 16:45:51.853, 0, 0, 88378, 97887
2026/07/08 16:45:51.863, 1, 0, 90526, 97887
2026/07/08 16:45:51.871, 2, 0, 88406, 97887
2026/07/08 16:45:51.879, 3, 0, 90330, 97887
2026/07/08 16:45:51.894, 4, 0, 4, 97887
2026/07/08 16:45:51.904, 5, 0, 4, 97887
2026/07/08 16:45:51.930, 6, 0, 4, 97887
2026/07/08 16:45:51.940, 7, 0, 4, 97887
2026/07/08 16:45:52.951, 0, 0, 88378, 97887
2026/07/08 16:45:52.976, 1, 0, 90526, 97887
2026/07/08 16:45:52.993, 2, 0, 88406, 97887
2026/07/08 16:45:53.009, 3, 0, 90330, 97887
2026/07/08 16:45:53.024, 4, 0, 4, 97887
2026/07/08 16:45:53.046, 5, 0, 4, 97887
2026/07/08 16:45:53.070, 6, 0, 4, 97887
2026/07/08 16:45:53.090, 7, 0, 4, 97887
2026/07/08 16:45:54.104, 0, 0, 88378, 97887
2026/07/08 16:45:54.114, 1, 0, 90526, 97887
2026/07/08 16:45:54.125, 2, 0, 88406, 97887
2026/07/08 16:45:54.135, 3, 0, 90330, 97887
2026/07/08 16:45:54.150, 4, 0, 4, 97887
2026/07/08 16:45:54.160, 5, 0, 4, 97887
2026/07/08 16:45:54.169, 6, 0, 4, 97887
2026/07/08 16:45:54.177, 7, 0, 4, 97887
2026/07/08 16:45:55.186, 0, 0, 88378, 97887
2026/07/08 16:45:55.196, 1, 0, 90526, 97887
2026/07/08 16:45:55.205, 2, 0, 88406, 97887
2026/07/08 16:45:55.215, 3, 0, 90330, 97887
2026/07/08 16:45:55.230, 4, 0, 4, 97887
2026/07/08 16:45:55.239, 5, 0, 4, 97887
2026/07/08 16:45:55.248, 6, 0, 4, 97887
2026/07/08 16:45:55.257, 7, 0, 4, 97887
2026/07/08 16:45:56.265, 0, 0, 88378, 97887
2026/07/08 16:45:56.279, 1, 0, 90526, 97887
2026/07/08 16:45:56.288, 2, 0, 88406, 97887
2026/07/08 16:45:56.298, 3, 0, 90330, 97887
2026/07/08 16:45:56.306, 4, 0, 4, 97887
2026/07/08 16:45:56.317, 5, 0, 4, 97887
2026/07/08 16:45:56.324, 6, 0, 4, 97887
2026/07/08 16:45:56.335, 7, 0, 4, 97887
2026/07/08 16:45:57.347, 0, 0, 88378, 97887
2026/07/08 16:45:57.360, 1, 0, 90526, 97887
2026/07/08 16:45:57.375, 2, 0, 88406, 97887
2026/07/08 16:45:57.387, 3, 0, 90330, 97887
2026/07/08 16:45:57.398, 4, 0, 4, 97887
2026/07/08 16:45:57.412, 5, 0, 4, 97887
2026/07/08 16:45:57.422, 6, 0, 4, 97887
2026/07/08 16:45:57.435, 7, 0, 4, 97887
2026/07/08 16:45:58.444, 0, 0, 88378, 97887
2026/07/08 16:45:58.502, 1, 0, 90526, 97887
2026/07/08 16:45:58.540, 2, 0, 88406, 97887
2026/07/08 16:45:58.562, 3, 0, 90330, 97887
2026/07/08 16:45:58.587, 4, 0, 4, 97887
2026/07/08 16:45:58.617, 5, 0, 4, 97887
2026/07/08 16:45:58.639, 6, 0, 4, 97887
2026/07/08 16:45:58.655, 7, 0, 4, 97887
2026/07/08 16:45:59.669, 0, 0, 88378, 97887
2026/07/08 16:45:59.686, 1, 0, 90526, 97887
2026/07/08 16:45:59.694, 2, 0, 88406, 97887
2026/07/08 16:45:59.704, 3, 0, 90330, 97887
2026/07/08 16:45:59.714, 4, 0, 4, 97887
2026/07/08 16:45:59.728, 5, 0, 4, 97887
2026/07/08 16:45:59.737, 6, 0, 4, 97887
2026/07/08 16:45:59.750, 7, 0, 4, 97887
2026/07/08 16:46:00.763, 0, 0, 88378, 97887
2026/07/08 16:46:00.775, 1, 0, 90526, 97887
2026/07/08 16:46:00.787, 2, 0, 88406, 97887
2026/07/08 16:46:00.795, 3, 0, 90330, 97887
2026/07/08 16:46:00.806, 4, 0, 4, 97887
2026/07/08 16:46:00.814, 5, 0, 4, 97887
2026/07/08 16:46:00.825, 6, 0, 4, 97887
2026/07/08 16:46:00.839, 7, 0, 4, 97887
2026/07/08 16:46:01.849, 0, 0, 88378, 97887
2026/07/08 16:46:01.860, 1, 0, 90526, 97887
2026/07/08 16:46:01.870, 2, 0, 88406, 97887
2026/07/08 16:46:01.879, 3, 0, 90330, 97887
2026/07/08 16:46:01.890, 4, 0, 4, 97887
2026/07/08 16:46:01.902, 5, 0, 4, 97887
2026/07/08 16:46:01.916, 6, 0, 4, 97887
2026/07/08 16:46:01.928, 7, 0, 4, 97887
2026/07/08 16:46:02.945, 0, 0, 88378, 97887
2026/07/08 16:46:02.955, 1, 0, 90526, 97887
2026/07/08 16:46:02.963, 2, 0, 88406, 97887
2026/07/08 16:46:02.976, 3, 0, 90330, 97887
2026/07/08 16:46:02.988, 4, 0, 4, 97887
2026/07/08 16:46:03.000, 5, 0, 4, 97887
2026/07/08 16:46:03.015, 6, 0, 4, 97887
2026/07/08 16:46:03.029, 7, 0, 4, 97887
2026/07/08 16:46:04.044, 0, 0, 88378, 97887
2026/07/08 16:46:04.055, 1, 0, 90526, 97887
2026/07/08 16:46:04.063, 2, 0, 88406, 97887
2026/07/08 16:46:04.073, 3, 0, 90330, 97887
2026/07/08 16:46:04.086, 4, 0, 4, 97887
2026/07/08 16:46:04.100, 5, 0, 4, 97887
2026/07/08 16:46:04.110, 6, 0, 4, 97887
2026/07/08 16:46:04.117, 7, 0, 4, 97887
2026/07/08 16:46:05.126, 0, 0, 88378, 97887
2026/07/08 16:46:05.139, 1, 0, 90526, 97887
2026/07/08 16:46:05.150, 2, 0, 88406, 97887
2026/07/08 16:46:05.160, 3, 0, 90330, 97887
2026/07/08 16:46:05.170, 4, 0, 4, 97887
2026/07/08 16:46:05.180, 5, 0, 4, 97887
2026/07/08 16:46:05.188, 6, 0, 4, 97887
2026/07/08 16:46:05.197, 7, 0, 4, 97887
2026/07/08 16:46:06.206, 0, 0, 88378, 97887
2026/07/08 16:46:06.217, 1, 0, 90526, 97887
2026/07/08 16:46:06.229, 2, 0, 88406, 97887
2026/07/08 16:46:06.241, 3, 0, 90330, 97887
2026/07/08 16:46:06.253, 4, 0, 4, 97887
2026/07/08 16:46:06.264, 5, 0, 4, 97887
2026/07/08 16:46:06.279, 6, 0, 4, 97887
2026/07/08 16:46:06.293, 7, 0, 4, 97887
2026/07/08 16:46:07.305, 0, 0, 88378, 97887
2026/07/08 16:46:07.318, 1, 0, 90526, 97887
2026/07/08 16:46:07.328, 2, 0, 88406, 97887
2026/07/08 16:46:07.337, 3, 0, 90330, 97887
2026/07/08 16:46:07.348, 4, 0, 4, 97887
2026/07/08 16:46:07.362, 5, 0, 4, 97887
2026/07/08 16:46:07.371, 6, 0, 4, 97887
2026/07/08 16:46:07.382, 7, 0, 4, 97887
2026/07/08 16:46:08.396, 0, 0, 88378, 97887
2026/07/08 16:46:08.411, 1, 0, 90526, 97887
2026/07/08 16:46:08.429, 2, 0, 88406, 97887
2026/07/08 16:46:08.451, 3, 0, 90330, 97887
2026/07/08 16:46:08.468, 4, 0, 4, 97887
2026/07/08 16:46:08.486, 5, 0, 4, 97887
2026/07/08 16:46:08.502, 6, 0, 4, 97887
2026/07/08 16:46:08.515, 7, 0, 4, 97887
2026/07/08 16:46:09.526, 0, 0, 88378, 97887
2026/07/08 16:46:09.539, 1, 0, 90526, 97887
2026/07/08 16:46:09.552, 2, 0, 88406, 97887
2026/07/08 16:46:09.563, 3, 0, 90330, 97887
2026/07/08 16:46:09.576, 4, 0, 4, 97887
2026/07/08 16:46:09.589, 5, 0, 4, 97887
2026/07/08 16:46:09.600, 6, 0, 4, 97887
2026/07/08 16:46:09.610, 7, 0, 4, 97887
2026/07/08 16:46:10.622, 0, 0, 88378, 97887
2026/07/08 16:46:10.634, 1, 0, 90526, 97887
2026/07/08 16:46:10.646, 2, 0, 88406, 97887
2026/07/08 16:46:10.664, 3, 0, 90330, 97887
2026/07/08 16:46:10.684, 4, 0, 4, 97887
2026/07/08 16:46:10.696, 5, 0, 4, 97887
2026/07/08 16:46:10.722, 6, 0, 4, 97887
2026/07/08 16:46:10.741, 7, 0, 4, 97887
2026/07/08 16:46:11.759, 0, 0, 88378, 97887
2026/07/08 16:46:11.771, 1, 0, 90526, 97887
2026/07/08 16:46:11.786, 2, 0, 88406, 97887
2026/07/08 16:46:11.804, 3, 0, 90330, 97887
2026/07/08 16:46:11.818, 4, 0, 4, 97887
2026/07/08 16:46:11.835, 5, 0, 4, 97887
2026/07/08 16:46:11.849, 6, 0, 4, 97887
2026/07/08 16:46:11.859, 7, 0, 4, 97887
2026/07/08 16:46:12.870, 0, 0, 88378, 97887
2026/07/08 16:46:12.879, 1, 0, 90526, 97887
2026/07/08 16:46:12.890, 2, 0, 88406, 97887
2026/07/08 16:46:12.899, 3, 0, 90330, 97887
2026/07/08 16:46:12.911, 4, 0, 4, 97887
2026/07/08 16:46:12.923, 5, 0, 4, 97887
2026/07/08 16:46:12.935, 6, 0, 4, 97887
2026/07/08 16:46:12.952, 7, 0, 4, 97887
2026/07/08 16:46:13.962, 0, 0, 88378, 97887
2026/07/08 16:46:13.973, 1, 0, 90526, 97887
2026/07/08 16:46:13.986, 2, 0, 88406, 97887
2026/07/08 16:46:13.999, 3, 0, 90330, 97887
2026/07/08 16:46:14.012, 4, 0, 4, 97887
2026/07/08 16:46:14.023, 5, 0, 4, 97887
2026/07/08 16:46:14.034, 6, 0, 4, 97887
2026/07/08 16:46:14.049, 7, 0, 4, 97887
2026/07/08 16:46:15.060, 0, 0, 88378, 97887
2026/07/08 16:46:15.070, 1, 0, 90526, 97887
2026/07/08 16:46:15.081, 2, 0, 88406, 97887
2026/07/08 16:46:15.092, 3, 0, 90330, 97887
2026/07/08 16:46:15.106, 4, 0, 4, 97887
2026/07/08 16:46:15.119, 5, 0, 4, 97887
2026/07/08 16:46:15.130, 6, 0, 4, 97887
2026/07/08 16:46:15.147, 7, 0, 4, 97887
2026/07/08 16:46:16.159, 0, 0, 88378, 97887
2026/07/08 16:46:16.176, 1, 0, 90526, 97887
2026/07/08 16:46:16.187, 2, 0, 88406, 97887
2026/07/08 16:46:16.209, 3, 0, 90330, 97887
2026/07/08 16:46:16.227, 4, 0, 4, 97887
2026/07/08 16:46:16.242, 5, 0, 4, 97887
2026/07/08 16:46:16.263, 6, 0, 4, 97887
2026/07/08 16:46:16.277, 7, 0, 4, 97887
2026/07/08 16:46:17.294, 0, 0, 88378, 97887
2026/07/08 16:46:17.304, 1, 0, 90526, 97887
2026/07/08 16:46:17.313, 2, 0, 88406, 97887
2026/07/08 16:46:17.326, 3, 0, 90330, 97887
2026/07/08 16:46:17.345, 4, 0, 4, 97887
2026/07/08 16:46:17.355, 5, 0, 4, 97887
2026/07/08 16:46:17.366, 6, 0, 4, 97887
2026/07/08 16:46:17.376, 7, 0, 4, 97887
2026/07/08 16:46:18.385, 0, 0, 88378, 97887
2026/07/08 16:46:18.395, 1, 0, 90526, 97887
2026/07/08 16:46:18.403, 2, 0, 88406, 97887
2026/07/08 16:46:18.411, 3, 0, 90330, 97887
2026/07/08 16:46:18.418, 4, 0, 4, 97887
2026/07/08 16:46:18.433, 5, 0, 4, 97887
2026/07/08 16:46:18.444, 6, 0, 4, 97887
2026/07/08 16:46:18.468, 7, 0, 4, 97887
2026/07/08 16:46:19.480, 0, 0, 88378, 97887
2026/07/08 16:46:19.494, 1, 0, 90526, 97887
2026/07/08 16:46:19.505, 2, 0, 88406, 97887
2026/07/08 16:46:19.512, 3, 0, 90330, 97887
2026/07/08 16:46:19.524, 4, 0, 4, 97887
2026/07/08 16:46:19.537, 5, 0, 4, 97887
2026/07/08 16:46:19.548, 6, 0, 4, 97887
2026/07/08 16:46:19.556, 7, 0, 4, 97887
2026/07/08 16:46:20.566, 0, 0, 88378, 97887
2026/07/08 16:46:20.580, 1, 0, 90526, 97887
2026/07/08 16:46:20.594, 2, 0, 88406, 97887
2026/07/08 16:46:20.605, 3, 0, 90330, 97887
2026/07/08 16:46:20.616, 4, 0, 4, 97887
2026/07/08 16:46:20.625, 5, 0, 4, 97887
2026/07/08 16:46:20.637, 6, 0, 4, 97887
2026/07/08 16:46:20.650, 7, 0, 4, 97887
2026/07/08 16:46:21.664, 0, 0, 88378, 97887
2026/07/08 16:46:21.679, 1, 0, 90526, 97887
2026/07/08 16:46:21.692, 2, 0, 88406, 97887
2026/07/08 16:46:21.705, 3, 0, 90330, 97887
2026/07/08 16:46:21.713, 4, 0, 4, 97887
2026/07/08 16:46:21.723, 5, 0, 4, 97887
2026/07/08 16:46:21.732, 6, 0, 4, 97887
2026/07/08 16:46:21.742, 7, 0, 4, 97887
2026/07/08 16:46:22.750, 0, 0, 88378, 97887
2026/07/08 16:46:22.767, 1, 0, 90526, 97887
2026/07/08 16:46:22.779, 2, 0, 88406, 97887
2026/07/08 16:46:22.793, 3, 0, 90330, 97887
2026/07/08 16:46:22.806, 4, 0, 4, 97887
2026/07/08 16:46:22.818, 5, 0, 4, 97887
2026/07/08 16:46:22.827, 6, 0, 4, 97887
2026/07/08 16:46:22.838, 7, 0, 4, 97887
2026/07/08 16:46:23.853, 0, 0, 88378, 97887
2026/07/08 16:46:23.864, 1, 0, 90526, 97887
2026/07/08 16:46:23.874, 2, 0, 88406, 97887
2026/07/08 16:46:23.883, 3, 0, 90330, 97887
2026/07/08 16:46:23.890, 4, 0, 4, 97887
2026/07/08 16:46:23.899, 5, 0, 4, 97887
2026/07/08 16:46:23.908, 6, 0, 4, 97887
2026/07/08 16:46:23.917, 7, 0, 4, 97887
2026/07/08 16:46:24.935, 0, 0, 88378, 97887
2026/07/08 16:46:24.953, 1, 0, 90526, 97887
2026/07/08 16:46:24.964, 2, 0, 88406, 97887
2026/07/08 16:46:24.975, 3, 0, 90330, 97887
2026/07/08 16:46:24.985, 4, 0, 4, 97887
2026/07/08 16:46:24.997, 5, 0, 4, 97887
2026/07/08 16:46:25.009, 6, 0, 4, 97887
2026/07/08 16:46:25.018, 7, 0, 4, 97887
2026/07/08 16:46:26.033, 0, 0, 88378, 97887
2026/07/08 16:46:26.045, 1, 0, 90526, 97887
2026/07/08 16:46:26.055, 2, 0, 88406, 97887
2026/07/08 16:46:26.066, 3, 0, 90330, 97887
2026/07/08 16:46:26.083, 4, 0, 4, 97887
2026/07/08 16:46:26.094, 5, 0, 4, 97887
2026/07/08 16:46:26.104, 6, 0, 4, 97887
2026/07/08 16:46:26.114, 7, 0, 4, 97887
2026/07/08 16:46:27.126, 0, 0, 88378, 97887
2026/07/08 16:46:27.139, 1, 0, 90526, 97887
2026/07/08 16:46:27.152, 2, 0, 88406, 97887
2026/07/08 16:46:27.164, 3, 0, 90330, 97887
2026/07/08 16:46:27.179, 4, 0, 4, 97887
2026/07/08 16:46:27.191, 5, 0, 4, 97887
2026/07/08 16:46:27.203, 6, 0, 4, 97887
2026/07/08 16:46:27.217, 7, 0, 4, 97887
2026/07/08 16:46:28.231, 0, 0, 88378, 97887
2026/07/08 16:46:28.257, 1, 0, 90526, 97887
2026/07/08 16:46:28.278, 2, 0, 88406, 97887
2026/07/08 16:46:28.303, 3, 0, 90330, 97887
2026/07/08 16:46:28.325, 4, 0, 4, 97887
2026/07/08 16:46:28.343, 5, 0, 4, 97887
2026/07/08 16:46:28.356, 6, 0, 4, 97887
2026/07/08 16:46:28.371, 7, 0, 4, 97887
2026/07/08 16:46:29.395, 0, 0, 88378, 97887
2026/07/08 16:46:29.405, 1, 0, 90526, 97887
2026/07/08 16:46:29.417, 2, 0, 88406, 97887
2026/07/08 16:46:29.429, 3, 0, 90330, 97887
2026/07/08 16:46:29.441, 4, 0, 4, 97887
2026/07/08 16:46:29.453, 5, 0, 4, 97887
2026/07/08 16:46:29.463, 6, 0, 4, 97887
2026/07/08 16:46:29.476, 7, 0, 4, 97887
2026/07/08 16:46:30.491, 0, 0, 88378, 97887
2026/07/08 16:46:30.502, 1, 0, 90526, 97887
2026/07/08 16:46:30.510, 2, 0, 88406, 97887
2026/07/08 16:46:30.521, 3, 0, 90330, 97887
2026/07/08 16:46:30.531, 4, 0, 4, 97887
2026/07/08 16:46:30.542, 5, 0, 4, 97887
2026/07/08 16:46:30.553, 6, 0, 4, 97887
2026/07/08 16:46:30.564, 7, 0, 4, 97887
2026/07/08 16:46:31.576, 0, 0, 88378, 97887
2026/07/08 16:46:31.588, 1, 0, 90526, 97887
2026/07/08 16:46:31.601, 2, 0, 88406, 97887
2026/07/08 16:46:31.612, 3, 0, 90330, 97887
2026/07/08 16:46:31.623, 4, 0, 4, 97887
2026/07/08 16:46:31.635, 5, 0, 4, 97887
2026/07/08 16:46:31.647, 6, 0, 4, 97887
2026/07/08 16:46:31.662, 7, 0, 4, 97887
2026/07/08 16:46:32.672, 0, 0, 88378, 97887
2026/07/08 16:46:32.685, 1, 0, 90526, 97887
2026/07/08 16:46:32.696, 2, 0, 88406, 97887
2026/07/08 16:46:32.710, 3, 0, 90330, 97887
2026/07/08 16:46:32.721, 4, 0, 4, 97887
2026/07/08 16:46:32.733, 5, 0, 4, 97887
2026/07/08 16:46:32.742, 6, 0, 4, 97887
2026/07/08 16:46:32.759, 7, 0, 4, 97887
2026/07/08 16:46:33.772, 0, 0, 88378, 97887
2026/07/08 16:46:33.789, 1, 0, 90526, 97887
2026/07/08 16:46:33.804, 2, 0, 88406, 97887
2026/07/08 16:46:33.824, 3, 0, 90330, 97887
2026/07/08 16:46:33.840, 4, 0, 4, 97887
2026/07/08 16:46:33.868, 5, 0, 4, 97887
2026/07/08 16:46:33.887, 6, 0, 4, 97887
2026/07/08 16:46:33.914, 7, 0, 4, 97887
2026/07/08 16:46:34.939, 0, 0, 88378, 97887
2026/07/08 16:46:34.956, 1, 0, 90526, 97887
2026/07/08 16:46:34.972, 2, 0, 88406, 97887
2026/07/08 16:46:34.984, 3, 0, 90330, 97887
2026/07/08 16:46:34.998, 4, 0, 4, 97887
2026/07/08 16:46:35.010, 5, 0, 4, 97887
2026/07/08 16:46:35.024, 6, 0, 4, 97887
2026/07/08 16:46:35.036, 7, 0, 4, 97887
2026/07/08 16:46:36.049, 0, 0, 88378, 97887
2026/07/08 16:46:36.058, 1, 0, 90526, 97887
2026/07/08 16:46:36.068, 2, 0, 88406, 97887
2026/07/08 16:46:36.078, 3, 0, 90330, 97887
2026/07/08 16:46:36.088, 4, 0, 4, 97887
2026/07/08 16:46:36.097, 5, 0, 4, 97887
2026/07/08 16:46:36.109, 6, 0, 4, 97887
2026/07/08 16:46:36.124, 7, 0, 4, 97887
2026/07/08 16:46:37.135, 0, 0, 88378, 97887
2026/07/08 16:46:37.146, 1, 0, 90526, 97887
2026/07/08 16:46:37.158, 2, 0, 88406, 97887
2026/07/08 16:46:37.173, 3, 0, 90330, 97887
2026/07/08 16:46:37.188, 4, 0, 4, 97887
2026/07/08 16:46:37.197, 5, 0, 4, 97887
2026/07/08 16:46:37.206, 6, 0, 4, 97887
2026/07/08 16:46:37.219, 7, 0, 4, 97887
2026/07/08 16:46:38.230, 0, 0, 88378, 97887
2026/07/08 16:46:38.243, 1, 0, 90526, 97887
2026/07/08 16:46:38.259, 2, 0, 88406, 97887
2026/07/08 16:46:38.271, 3, 0, 90330, 97887
2026/07/08 16:46:38.283, 4, 0, 4, 97887
2026/07/08 16:46:38.295, 5, 0, 4, 97887
2026/07/08 16:46:38.303, 6, 0, 4, 97887
2026/07/08 16:46:38.312, 7, 0, 4, 97887
2026/07/08 16:46:39.322, 0, 0, 88378, 97887
2026/07/08 16:46:39.335, 1, 0, 90526, 97887
2026/07/08 16:46:39.349, 2, 0, 88406, 97887
2026/07/08 16:46:39.359, 3, 0, 90330, 97887
2026/07/08 16:46:39.366, 4, 0, 4, 97887
2026/07/08 16:46:39.374, 5, 0, 4, 97887
2026/07/08 16:46:39.386, 6, 0, 4, 97887
2026/07/08 16:46:39.402, 7, 0, 4, 97887
2026/07/08 16:46:40.412, 0, 0, 88378, 97887
2026/07/08 16:46:40.425, 1, 0, 90526, 97887
2026/07/08 16:46:40.436, 2, 0, 88406, 97887
2026/07/08 16:46:40.443, 3, 0, 90330, 97887
2026/07/08 16:46:40.455, 4, 0, 4, 97887
2026/07/08 16:46:40.472, 5, 0, 4, 97887
2026/07/08 16:46:40.484, 6, 0, 4, 97887
2026/07/08 16:46:40.493, 7, 0, 4, 97887
2026/07/08 16:46:41.502, 0, 0, 88378, 97887
2026/07/08 16:46:41.515, 1, 0, 90526, 97887
2026/07/08 16:46:41.528, 2, 0, 88406, 97887
2026/07/08 16:46:41.541, 3, 0, 90330, 97887
2026/07/08 16:46:41.557, 4, 0, 4, 97887
2026/07/08 16:46:41.570, 5, 0, 4, 97887
2026/07/08 16:46:41.582, 6, 0, 4, 97887
2026/07/08 16:46:41.595, 7, 0, 4, 97887
2026/07/08 16:46:42.607, 0, 0, 88378, 97887
2026/07/08 16:46:42.619, 1, 0, 90526, 97887
2026/07/08 16:46:42.632, 2, 0, 88406, 97887
2026/07/08 16:46:42.646, 3, 0, 90330, 97887
2026/07/08 16:46:42.660, 4, 0, 4, 97887
2026/07/08 16:46:42.673, 5, 0, 4, 97887
2026/07/08 16:46:42.689, 6, 0, 4, 97887
2026/07/08 16:46:42.705, 7, 0, 4, 97887
2026/07/08 16:46:43.716, 0, 0, 88378, 97887
2026/07/08 16:46:43.727, 1, 0, 90526, 97887
2026/07/08 16:46:43.738, 2, 0, 88406, 97887
2026/07/08 16:46:43.748, 3, 0, 90330, 97887
2026/07/08 16:46:43.758, 4, 0, 4, 97887
2026/07/08 16:46:43.768, 5, 0, 4, 97887
2026/07/08 16:46:43.778, 6, 0, 4, 97887
2026/07/08 16:46:43.792, 7, 0, 4, 97887
2026/07/08 16:46:44.806, 0, 0, 88378, 97887
2026/07/08 16:46:44.819, 1, 0, 90526, 97887
2026/07/08 16:46:44.829, 2, 0, 88406, 97887
2026/07/08 16:46:44.842, 3, 0, 90330, 97887
2026/07/08 16:46:44.857, 4, 0, 4, 97887
2026/07/08 16:46:44.867, 5, 0, 4, 97887
2026/07/08 16:46:44.879, 6, 0, 4, 97887
2026/07/08 16:46:44.888, 7, 0, 4, 97887
2026/07/08 16:46:45.898, 0, 0, 88378, 97887
2026/07/08 16:46:45.912, 1, 0, 90526, 97887
2026/07/08 16:46:45.925, 2, 0, 88406, 97887
2026/07/08 16:46:45.938, 3, 0, 90330, 97887
2026/07/08 16:46:45.952, 4, 0, 4, 97887
2026/07/08 16:46:45.972, 5, 0, 4, 97887
2026/07/08 16:46:45.983, 6, 0, 4, 97887
2026/07/08 16:46:45.992, 7, 0, 4, 97887
2026/07/08 16:46:47.002, 0, 0, 88378, 97887
2026/07/08 16:46:47.015, 1, 0, 90526, 97887
2026/07/08 16:46:47.026, 2, 0, 88406, 97887
2026/07/08 16:46:47.036, 3, 0, 90330, 97887
2026/07/08 16:46:47.047, 4, 0, 4, 97887
2026/07/08 16:46:47.058, 5, 0, 4, 97887
2026/07/08 16:46:47.070, 6, 0, 4, 97887
2026/07/08 16:46:47.085, 7, 0, 4, 97887
2026/07/08 16:46:48.099, 0, 0, 88378, 97887
2026/07/08 16:46:48.112, 1, 0, 90526, 97887
2026/07/08 16:46:48.124, 2, 0, 88406, 97887
2026/07/08 16:46:48.134, 3, 0, 90330, 97887
2026/07/08 16:46:48.143, 4, 0, 4, 97887
2026/07/08 16:46:48.154, 5, 0, 4, 97887
2026/07/08 16:46:48.166, 6, 0, 4, 97887
2026/07/08 16:46:48.179, 7, 0, 4, 97887
2026/07/08 16:46:49.193, 0, 0, 88378, 97887
2026/07/08 16:46:49.202, 1, 0, 90526, 97887
2026/07/08 16:46:49.212, 2, 0, 88406, 97887
2026/07/08 16:46:49.226, 3, 0, 90330, 97887
2026/07/08 16:46:49.237, 4, 0, 4, 97887
2026/07/08 16:46:49.244, 5, 0, 4, 97887
2026/07/08 16:46:49.259, 6, 0, 4, 97887
2026/07/08 16:46:49.274, 7, 0, 4, 97887
2026/07/08 16:46:50.285, 0, 0, 88378, 97887
2026/07/08 16:46:50.295, 1, 0, 90526, 97887
2026/07/08 16:46:50.306, 2, 0, 88406, 97887
2026/07/08 16:46:50.318, 3, 0, 90330, 97887
2026/07/08 16:46:50.329, 4, 0, 4, 97887
2026/07/08 16:46:50.341, 5, 0, 4, 97887
2026/07/08 16:46:50.351, 6, 0, 4, 97887
2026/07/08 16:46:50.359, 7, 0, 4, 97887
2026/07/08 16:46:51.372, 0, 0, 88378, 97887
2026/07/08 16:46:51.392, 1, 0, 90526, 97887
2026/07/08 16:46:51.404, 2, 0, 88406, 97887
2026/07/08 16:46:51.420, 3, 0, 90330, 97887
2026/07/08 16:46:51.439, 4, 0, 4, 97887
2026/07/08 16:46:51.456, 5, 0, 4, 97887
2026/07/08 16:46:51.475, 6, 0, 4, 97887
2026/07/08 16:46:51.497, 7, 0, 4, 97887
2026/07/08 16:46:52.517, 0, 0, 88378, 97887
2026/07/08 16:46:52.528, 1, 0, 90526, 97887
2026/07/08 16:46:52.538, 2, 0, 88406, 97887
2026/07/08 16:46:52.548, 3, 0, 90330, 97887
2026/07/08 16:46:52.554, 4, 0, 4, 97887
2026/07/08 16:46:52.561, 5, 0, 4, 97887
2026/07/08 16:46:52.568, 6, 0, 4, 97887
2026/07/08 16:46:52.576, 7, 0, 4, 97887
2026/07/08 16:46:53.583, 0, 0, 88378, 97887
2026/07/08 16:46:53.604, 1, 0, 90526, 97887
2026/07/08 16:46:53.623, 2, 0, 88406, 97887
2026/07/08 16:46:53.639, 3, 0, 90330, 97887
2026/07/08 16:46:53.660, 4, 0, 4, 97887
2026/07/08 16:46:53.674, 5, 0, 4, 97887
2026/07/08 16:46:53.688, 6, 0, 4, 97887
2026/07/08 16:46:53.702, 7, 0, 4, 97887
2026/07/08 16:46:54.719, 0, 0, 88378, 97887
2026/07/08 16:46:54.734, 1, 0, 90526, 97887
2026/07/08 16:46:54.748, 2, 0, 88406, 97887
2026/07/08 16:46:54.764, 3, 0, 90330, 97887
2026/07/08 16:46:54.779, 4, 0, 4, 97887
2026/07/08 16:46:54.791, 5, 0, 4, 97887
2026/07/08 16:46:54.803, 6, 0, 4, 97887
2026/07/08 16:46:54.815, 7, 0, 4, 97887
2026/07/08 16:46:55.826, 0, 0, 88378, 97887
2026/07/08 16:46:55.842, 1, 0, 90526, 97887
2026/07/08 16:46:55.855, 2, 0, 88406, 97887
2026/07/08 16:46:55.868, 3, 0, 90330, 97887
2026/07/08 16:46:55.881, 4, 0, 4, 97887
2026/07/08 16:46:55.892, 5, 0, 4, 97887
2026/07/08 16:46:55.910, 6, 0, 4, 97887
2026/07/08 16:46:55.921, 7, 0, 4, 97887
2026/07/08 16:46:56.934, 0, 0, 88378, 97887
2026/07/08 16:46:56.948, 1, 0, 90526, 97887
2026/07/08 16:46:56.999, 2, 0, 88406, 97887
2026/07/08 16:46:57.044, 3, 0, 90330, 97887
2026/07/08 16:46:57.087, 4, 0, 4, 97887
2026/07/08 16:46:57.112, 5, 0, 4, 97887
2026/07/08 16:46:57.134, 6, 0, 4, 97887
2026/07/08 16:46:57.144, 7, 0, 4, 97887
2026/07/08 16:46:58.163, 0, 0, 88378, 97887
2026/07/08 16:46:58.175, 1, 0, 90526, 97887
2026/07/08 16:46:58.184, 2, 0, 88406, 97887
2026/07/08 16:46:58.194, 3, 0, 90330, 97887
2026/07/08 16:46:58.203, 4, 0, 4, 97887
2026/07/08 16:46:58.217, 5, 0, 4, 97887
2026/07/08 16:46:58.226, 6, 0, 4, 97887
2026/07/08 16:46:58.239, 7, 0, 4, 97887
2026/07/08 16:46:59.249, 0, 0, 88378, 97887
2026/07/08 16:46:59.266, 1, 0, 90526, 97887
2026/07/08 16:46:59.276, 2, 0, 88406, 97887
2026/07/08 16:46:59.284, 3, 0, 90330, 97887
2026/07/08 16:46:59.295, 4, 0, 4, 97887
2026/07/08 16:46:59.306, 5, 0, 4, 97887
2026/07/08 16:46:59.316, 6, 0, 4, 97887
2026/07/08 16:46:59.328, 7, 0, 4, 97887
2026/07/08 16:47:00.340, 0, 0, 88378, 97887
2026/07/08 16:47:00.353, 1, 0, 90526, 97887
2026/07/08 16:47:00.362, 2, 0, 88406, 97887
2026/07/08 16:47:00.370, 3, 0, 90330, 97887
2026/07/08 16:47:00.378, 4, 0, 4, 97887
2026/07/08 16:47:00.387, 5, 0, 4, 97887
2026/07/08 16:47:00.399, 6, 0, 4, 97887
2026/07/08 16:47:00.406, 7, 0, 4, 97887
2026/07/08 16:47:01.419, 0, 0, 88378, 97887
2026/07/08 16:47:01.430, 1, 0, 90526, 97887
2026/07/08 16:47:01.439, 2, 0, 88406, 97887
2026/07/08 16:47:01.456, 3, 0, 90330, 97887
2026/07/08 16:47:01.465, 4, 0, 4, 97887
2026/07/08 16:47:01.475, 5, 0, 4, 97887
2026/07/08 16:47:01.486, 6, 0, 4, 97887
2026/07/08 16:47:01.495, 7, 0, 4, 97887
2026/07/08 16:47:02.503, 0, 0, 88378, 97887
2026/07/08 16:47:02.512, 1, 0, 90526, 97887
2026/07/08 16:47:02.520, 2, 0, 88406, 97887
2026/07/08 16:47:02.528, 3, 0, 90330, 97887
2026/07/08 16:47:02.534, 4, 0, 4, 97887
2026/07/08 16:47:02.540, 5, 0, 4, 97887
2026/07/08 16:47:02.552, 6, 0, 4, 97887
2026/07/08 16:47:02.557, 7, 0, 4, 97887
2026/07/08 16:47:03.564, 0, 0, 88378, 97887
2026/07/08 16:47:03.576, 1, 0, 90526, 97887
2026/07/08 16:47:03.586, 2, 0, 88406, 97887
2026/07/08 16:47:03.595, 3, 0, 90330, 97887
2026/07/08 16:47:03.606, 4, 0, 4, 97887
2026/07/08 16:47:03.615, 5, 0, 4, 97887
2026/07/08 16:47:03.626, 6, 0, 4, 97887
2026/07/08 16:47:03.639, 7, 0, 4, 97887
2026/07/08 16:47:04.650, 0, 0, 88378, 97887
2026/07/08 16:47:04.665, 1, 0, 90526, 97887
2026/07/08 16:47:04.677, 2, 0, 88406, 97887
2026/07/08 16:47:04.691, 3, 0, 90330, 97887
2026/07/08 16:47:04.705, 4, 0, 4, 97887
2026/07/08 16:47:04.717, 5, 0, 4, 97887
2026/07/08 16:47:04.730, 6, 0, 4, 97887
2026/07/08 16:47:04.742, 7, 0, 4, 97887
2026/07/08 16:47:05.755, 0, 0, 88378, 97887
2026/07/08 16:47:05.767, 1, 0, 90526, 97887
2026/07/08 16:47:05.782, 2, 0, 88406, 97887
2026/07/08 16:47:05.793, 3, 0, 90330, 97887
2026/07/08 16:47:05.807, 4, 0, 4, 97887
2026/07/08 16:47:05.820, 5, 0, 4, 97887
2026/07/08 16:47:05.829, 6, 0, 4, 97887
2026/07/08 16:47:05.845, 7, 0, 4, 97887
2026/07/08 16:47:06.856, 0, 0, 88378, 97887
2026/07/08 16:47:06.869, 1, 0, 90526, 97887
2026/07/08 16:47:06.880, 2, 0, 88406, 97887
2026/07/08 16:47:06.891, 3, 0, 90330, 97887
2026/07/08 16:47:06.903, 4, 0, 4, 97887
2026/07/08 16:47:06.912, 5, 0, 4, 97887
2026/07/08 16:47:06.924, 6, 0, 4, 97887
2026/07/08 16:47:06.939, 7, 0, 4, 97887
2026/07/08 16:47:07.953, 0, 0, 88378, 97887
2026/07/08 16:47:07.971, 1, 0, 90526, 97887
2026/07/08 16:47:07.982, 2, 0, 88406, 97887
2026/07/08 16:47:07.993, 3, 0, 90330, 97887
2026/07/08 16:47:08.003, 4, 0, 4, 97887
2026/07/08 16:47:08.012, 5, 0, 4, 97887
2026/07/08 16:47:08.024, 6, 0, 4, 97887
2026/07/08 16:47:08.036, 7, 0, 4, 97887
2026/07/08 16:47:09.046, 0, 0, 88378, 97887
2026/07/08 16:47:09.062, 1, 0, 90526, 97887
2026/07/08 16:47:09.079, 2, 0, 88406, 97887
2026/07/08 16:47:09.096, 3, 0, 90330, 97887
2026/07/08 16:47:09.119, 4, 0, 4, 97887
2026/07/08 16:47:09.132, 5, 0, 4, 97887
2026/07/08 16:47:09.154, 6, 0, 4, 97887
2026/07/08 16:47:09.181, 7, 0, 4, 97887
2026/07/08 16:47:10.204, 0, 0, 88378, 97887
2026/07/08 16:47:10.214, 1, 0, 90526, 97887
2026/07/08 16:47:10.225, 2, 0, 88406, 97887
2026/07/08 16:47:10.241, 3, 0, 90330, 97887
2026/07/08 16:47:10.252, 4, 0, 4, 97887
2026/07/08 16:47:10.262, 5, 0, 4, 97887
2026/07/08 16:47:10.274, 6, 0, 4, 97887
2026/07/08 16:47:10.287, 7, 0, 4, 97887
2026/07/08 16:47:11.302, 0, 0, 88378, 97887
2026/07/08 16:47:11.316, 1, 0, 90526, 97887
2026/07/08 16:47:11.330, 2, 0, 88406, 97887
2026/07/08 16:47:11.342, 3, 0, 90330, 97887
2026/07/08 16:47:11.354, 4, 0, 4, 97887
2026/07/08 16:47:11.365, 5, 0, 4, 97887
2026/07/08 16:47:11.376, 6, 0, 4, 97887
2026/07/08 16:47:11.388, 7, 0, 4, 97887
2026/07/08 16:47:12.402, 0, 0, 88378, 97887
2026/07/08 16:47:12.415, 1, 0, 90526, 97887
2026/07/08 16:47:12.426, 2, 0, 88406, 97887
2026/07/08 16:47:12.440, 3, 0, 90330, 97887
2026/07/08 16:47:12.455, 4, 0, 4, 97887
2026/07/08 16:47:12.465, 5, 0, 4, 97887
2026/07/08 16:47:12.477, 6, 0, 4, 97887
2026/07/08 16:47:12.489, 7, 0, 4, 97887
2026/07/08 16:47:13.500, 0, 0, 88378, 97887
2026/07/08 16:47:13.510, 1, 0, 90526, 97887
2026/07/08 16:47:13.522, 2, 0, 88406, 97887
2026/07/08 16:47:13.532, 3, 0, 90330, 97887
2026/07/08 16:47:13.547, 4, 0, 4, 97887
2026/07/08 16:47:13.558, 5, 0, 4, 97887
2026/07/08 16:47:13.569, 6, 0, 4, 97887
2026/07/08 16:47:13.582, 7, 0, 4, 97887
2026/07/08 16:47:14.595, 0, 0, 88378, 97887
2026/07/08 16:47:14.611, 1, 0, 90526, 97887
2026/07/08 16:47:14.637, 2, 0, 88406, 97887
2026/07/08 16:47:14.658, 3, 0, 90330, 97887
2026/07/08 16:47:14.687, 4, 0, 4, 97887
2026/07/08 16:47:14.705, 5, 0, 4, 97887
2026/07/08 16:47:14.721, 6, 0, 4, 97887
2026/07/08 16:47:14.747, 7, 0, 4, 97887
2026/07/08 16:47:15.762, 0, 0, 88378, 97887
2026/07/08 16:47:15.776, 1, 0, 90526, 97887
2026/07/08 16:47:15.789, 2, 0, 88406, 97887
2026/07/08 16:47:15.806, 3, 0, 90330, 97887
2026/07/08 16:47:15.818, 4, 0, 4, 97887
2026/07/08 16:47:15.831, 5, 0, 4, 97887
2026/07/08 16:47:15.840, 6, 0, 4, 97887
2026/07/08 16:47:15.853, 7, 0, 4, 97887
2026/07/08 16:47:16.864, 0, 0, 88378, 97887
2026/07/08 16:47:16.879, 1, 0, 90526, 97887
2026/07/08 16:47:16.890, 2, 0, 88406, 97887
2026/07/08 16:47:16.900, 3, 0, 90330, 97887
2026/07/08 16:47:16.907, 4, 0, 4, 97887
2026/07/08 16:47:16.918, 5, 0, 4, 97887
2026/07/08 16:47:16.927, 6, 0, 4, 97887
2026/07/08 16:47:16.939, 7, 0, 4, 97887
2026/07/08 16:47:17.948, 0, 0, 88378, 97887
2026/07/08 16:47:17.956, 1, 0, 90526, 97887
2026/07/08 16:47:17.963, 2, 0, 88406, 97887
2026/07/08 16:47:17.974, 3, 0, 90330, 97887
2026/07/08 16:47:17.984, 4, 0, 4, 97887
2026/07/08 16:47:18.007, 5, 0, 4, 97887
2026/07/08 16:47:18.023, 6, 0, 4, 97887
2026/07/08 16:47:18.036, 7, 0, 4, 97887
2026/07/08 16:47:19.056, 0, 0, 88378, 97887
2026/07/08 16:47:19.067, 1, 0, 90526, 97887
2026/07/08 16:47:19.080, 2, 0, 88406, 97887
2026/07/08 16:47:19.095, 3, 0, 90330, 97887
2026/07/08 16:47:19.110, 4, 0, 4, 97887
2026/07/08 16:47:19.121, 5, 0, 4, 97887
2026/07/08 16:47:19.133, 6, 0, 4, 97887
2026/07/08 16:47:19.150, 7, 0, 4, 97887
2026/07/08 16:47:20.162, 0, 0, 88378, 97887
2026/07/08 16:47:20.175, 1, 0, 90526, 97887
2026/07/08 16:47:20.187, 2, 0, 88406, 97887
2026/07/08 16:47:20.199, 3, 0, 90330, 97887
2026/07/08 16:47:20.214, 4, 0, 4, 97887
2026/07/08 16:47:20.231, 5, 0, 4, 97887
2026/07/08 16:47:20.246, 6, 0, 4, 97887
2026/07/08 16:47:20.296, 7, 0, 4, 97887
2026/07/08 16:47:21.342, 0, 0, 88378, 97887
2026/07/08 16:47:21.356, 1, 0, 90526, 97887
2026/07/08 16:47:21.368, 2, 0, 88406, 97887
2026/07/08 16:47:21.386, 3, 0, 90330, 97887
2026/07/08 16:47:21.399, 4, 0, 4, 97887
2026/07/08 16:47:21.413, 5, 0, 4, 97887
2026/07/08 16:47:21.424, 6, 0, 4, 97887
2026/07/08 16:47:21.436, 7, 0, 4, 97887
2026/07/08 16:47:22.447, 0, 0, 88378, 97887
2026/07/08 16:47:22.463, 1, 0, 90526, 97887
2026/07/08 16:47:22.479, 2, 0, 88406, 97887
2026/07/08 16:47:22.491, 3, 0, 90330, 97887
2026/07/08 16:47:22.502, 4, 0, 4, 97887
2026/07/08 16:47:22.512, 5, 0, 4, 97887
2026/07/08 16:47:22.521, 6, 0, 4, 97887
2026/07/08 16:47:22.529, 7, 0, 4, 97887
2026/07/08 16:47:23.539, 0, 0, 88378, 97887
2026/07/08 16:47:23.557, 1, 0, 90526, 97887
2026/07/08 16:47:23.580, 2, 0, 88406, 97887
2026/07/08 16:47:23.590, 3, 0, 90330, 97887
2026/07/08 16:47:23.602, 4, 0, 4, 97887
2026/07/08 16:47:23.613, 5, 0, 4, 97887
2026/07/08 16:47:23.622, 6, 0, 4, 97887
2026/07/08 16:47:23.636, 7, 0, 4, 97887
2026/07/08 16:47:24.652, 0, 0, 88378, 97887
2026/07/08 16:47:24.665, 1, 0, 90526, 97887
2026/07/08 16:47:24.675, 2, 0, 88406, 97887
2026/07/08 16:47:24.684, 3, 0, 90330, 97887
2026/07/08 16:47:24.695, 4, 0, 4, 97887
2026/07/08 16:47:24.704, 5, 0, 4, 97887
2026/07/08 16:47:24.716, 6, 0, 4, 97887
2026/07/08 16:47:24.730, 7, 0, 4, 97887
2026/07/08 16:47:25.742, 0, 0, 88378, 97887
2026/07/08 16:47:25.754, 1, 0, 90526, 97887
2026/07/08 16:47:25.764, 2, 0, 88406, 97887
2026/07/08 16:47:25.777, 3, 0, 90330, 97887
2026/07/08 16:47:25.787, 4, 0, 4, 97887
2026/07/08 16:47:25.799, 5, 0, 4, 97887
2026/07/08 16:47:25.811, 6, 0, 4, 97887
2026/07/08 16:47:25.823, 7, 0, 4, 97887
2026/07/08 16:47:26.835, 0, 0, 88378, 97887
2026/07/08 16:47:26.849, 1, 0, 90526, 97887
2026/07/08 16:47:26.863, 2, 0, 88406, 97887
2026/07/08 16:47:26.876, 3, 0, 90330, 97887
2026/07/08 16:47:26.884, 4, 0, 4, 97887
2026/07/08 16:47:26.897, 5, 0, 4, 97887
2026/07/08 16:47:26.908, 6, 0, 4, 97887
2026/07/08 16:47:26.918, 7, 0, 4, 97887
2026/07/08 16:47:27.931, 0, 0, 88378, 97887
2026/07/08 16:47:27.941, 1, 0, 90526, 97887
2026/07/08 16:47:27.954, 2, 0, 88406, 97887
2026/07/08 16:47:27.967, 3, 0, 90330, 97887
2026/07/08 16:47:27.980, 4, 0, 4, 97887
2026/07/08 16:47:27.993, 5, 0, 4, 97887
2026/07/08 16:47:28.006, 6, 0, 4, 97887
2026/07/08 16:47:28.019, 7, 0, 4, 97887
2026/07/08 16:47:29.032, 0, 0, 88378, 97887
2026/07/08 16:47:29.044, 1, 0, 90526, 97887
2026/07/08 16:47:29.057, 2, 0, 88406, 97887
2026/07/08 16:47:29.069, 3, 0, 90330, 97887
2026/07/08 16:47:29.079, 4, 0, 4, 97887
2026/07/08 16:47:29.088, 5, 0, 4, 97887
2026/07/08 16:47:29.099, 6, 0, 4, 97887
2026/07/08 16:47:29.110, 7, 0, 4, 97887
2026/07/08 16:47:30.124, 0, 0, 88378, 97887
2026/07/08 16:47:30.136, 1, 0, 90526, 97887
2026/07/08 16:47:30.144, 2, 0, 88406, 97887
2026/07/08 16:47:30.152, 3, 0, 90330, 97887
2026/07/08 16:47:30.159, 4, 0, 4, 97887
2026/07/08 16:47:30.165, 5, 0, 4, 97887
2026/07/08 16:47:30.174, 6, 0, 4, 97887
2026/07/08 16:47:30.187, 7, 0, 4, 97887
2026/07/08 16:47:31.204, 0, 0, 88378, 97887
2026/07/08 16:47:31.213, 1, 0, 90526, 97887
2026/07/08 16:47:31.221, 2, 0, 88406, 97887
2026/07/08 16:47:31.228, 3, 0, 90330, 97887
2026/07/08 16:47:31.238, 4, 0, 4, 97887
2026/07/08 16:47:31.253, 5, 0, 4, 97887
2026/07/08 16:47:31.262, 6, 0, 4, 97887
2026/07/08 16:47:31.272, 7, 0, 4, 97887
2026/07/08 16:47:32.281, 0, 0, 88378, 97887
2026/07/08 16:47:32.294, 1, 0, 90526, 97887
2026/07/08 16:47:32.318, 2, 0, 88406, 97887
2026/07/08 16:47:32.335, 3, 0, 90330, 97887
2026/07/08 16:47:32.357, 4, 0, 4, 97887
2026/07/08 16:47:32.377, 5, 0, 4, 97887
2026/07/08 16:47:32.402, 6, 0, 4, 97887
2026/07/08 16:47:32.421, 7, 0, 4, 97887
2026/07/08 16:47:33.440, 0, 0, 88378, 97887
2026/07/08 16:47:33.454, 1, 0, 90526, 97887
2026/07/08 16:47:33.465, 2, 0, 88406, 97887
2026/07/08 16:47:33.476, 3, 0, 90330, 97887
2026/07/08 16:47:33.487, 4, 0, 4, 97887
2026/07/08 16:47:33.497, 5, 0, 4, 97887
2026/07/08 16:47:33.509, 6, 0, 4, 97887
2026/07/08 16:47:33.522, 7, 0, 4, 97887
2026/07/08 16:47:34.534, 0, 0, 88378, 97887
2026/07/08 16:47:34.545, 1, 0, 90526, 97887
2026/07/08 16:47:34.558, 2, 0, 88406, 97887
2026/07/08 16:47:34.571, 3, 0, 90330, 97887
2026/07/08 16:47:34.584, 4, 0, 4, 97887
2026/07/08 16:47:34.592, 5, 0, 4, 97887
2026/07/08 16:47:34.600, 6, 0, 4, 97887
2026/07/08 16:47:34.616, 7, 0, 4, 97887
2026/07/08 16:47:35.632, 0, 0, 88378, 97887
2026/07/08 16:47:35.644, 1, 0, 90526, 97887
2026/07/08 16:47:35.655, 2, 0, 88406, 97887
2026/07/08 16:47:35.672, 3, 0, 90330, 97887
2026/07/08 16:47:35.682, 4, 0, 4, 97887
2026/07/08 16:47:35.695, 5, 0, 4, 97887
2026/07/08 16:47:35.706, 6, 0, 4, 97887
2026/07/08 16:47:35.715, 7, 0, 4, 97887
2026/07/08 16:47:36.728, 0, 0, 88378, 97887
2026/07/08 16:47:36.740, 1, 0, 90526, 97887
2026/07/08 16:47:36.753, 2, 0, 88406, 97887
2026/07/08 16:47:36.766, 3, 0, 90330, 97887
2026/07/08 16:47:36.780, 4, 0, 4, 97887
2026/07/08 16:47:36.791, 5, 0, 4, 97887
2026/07/08 16:47:36.804, 6, 0, 4, 97887
2026/07/08 16:47:36.819, 7, 0, 4, 97887
2026/07/08 16:47:37.831, 0, 0, 88378, 97887
2026/07/08 16:47:37.850, 1, 0, 90526, 97887
2026/07/08 16:47:37.873, 2, 0, 88406, 97887
2026/07/08 16:47:37.896, 3, 0, 90330, 97887
2026/07/08 16:47:37.909, 4, 0, 4, 97887
2026/07/08 16:47:37.927, 5, 0, 4, 97887
2026/07/08 16:47:37.939, 6, 0, 4, 97887
2026/07/08 16:47:37.958, 7, 0, 4, 97887
2026/07/08 16:47:38.978, 0, 0, 88378, 97887
2026/07/08 16:47:38.989, 1, 0, 90526, 97887
2026/07/08 16:47:38.999, 2, 0, 88406, 97887
2026/07/08 16:47:39.017, 3, 0, 90330, 97887
2026/07/08 16:47:39.027, 4, 0, 4, 97887
2026/07/08 16:47:39.036, 5, 0, 4, 97887
2026/07/08 16:47:39.044, 6, 0, 4, 97887
2026/07/08 16:47:39.056, 7, 0, 4, 97887
2026/07/08 16:47:40.063, 0, 0, 88378, 97887
2026/07/08 16:47:40.077, 1, 0, 90526, 97887
2026/07/08 16:47:40.089, 2, 0, 88406, 97887
2026/07/08 16:47:40.101, 3, 0, 90330, 97887
2026/07/08 16:47:40.113, 4, 0, 4, 97887
2026/07/08 16:47:40.126, 5, 0, 4, 97887
2026/07/08 16:47:40.137, 6, 0, 4, 97887
2026/07/08 16:47:40.145, 7, 0, 4, 97887
2026/07/08 16:47:41.153, 0, 0, 88378, 97887
2026/07/08 16:47:41.160, 1, 0, 90526, 97887
2026/07/08 16:47:41.167, 2, 0, 88406, 97887
2026/07/08 16:47:41.175, 3, 0, 90330, 97887
2026/07/08 16:47:41.186, 4, 0, 4, 97887
2026/07/08 16:47:41.196, 5, 0, 4, 97887
2026/07/08 16:47:41.211, 6, 0, 4, 97887
2026/07/08 16:47:41.222, 7, 0, 4, 97887
2026/07/08 16:47:42.240, 0, 0, 88378, 97887
2026/07/08 16:47:42.251, 1, 0, 90526, 97887
2026/07/08 16:47:42.262, 2, 0, 88406, 97887
2026/07/08 16:47:42.273, 3, 0, 90330, 97887
2026/07/08 16:47:42.282, 4, 0, 4, 97887
2026/07/08 16:47:42.297, 5, 0, 4, 97887
2026/07/08 16:47:42.306, 6, 0, 4, 97887
2026/07/08 16:47:42.321, 7, 0, 4, 97887
2026/07/08 16:47:43.334, 0, 0, 88378, 97887
2026/07/08 16:47:43.346, 1, 0, 90526, 97887
2026/07/08 16:47:43.362, 2, 0, 88406, 97887
2026/07/08 16:47:43.379, 3, 0, 90330, 97887
2026/07/08 16:47:43.391, 4, 0, 4, 97887
2026/07/08 16:47:43.405, 5, 0, 4, 97887
2026/07/08 16:47:43.419, 6, 0, 4, 97887
2026/07/08 16:47:43.427, 7, 0, 4, 97887
2026/07/08 16:47:44.440, 0, 0, 88378, 97887
2026/07/08 16:47:44.451, 1, 0, 90526, 97887
2026/07/08 16:47:44.463, 2, 0, 88406, 97887
2026/07/08 16:47:44.477, 3, 0, 90330, 97887
2026/07/08 16:47:44.487, 4, 0, 4, 97887
2026/07/08 16:47:44.499, 5, 0, 4, 97887
2026/07/08 16:47:44.515, 6, 0, 4, 97887
2026/07/08 16:47:44.529, 7, 0, 4, 97887
2026/07/08 16:47:45.536, 0, 0, 88378, 97887
2026/07/08 16:47:45.550, 1, 0, 90526, 97887
2026/07/08 16:47:45.564, 2, 0, 88406, 97887
2026/07/08 16:47:45.579, 3, 0, 90330, 97887
2026/07/08 16:47:45.589, 4, 0, 4, 97887
2026/07/08 16:47:45.602, 5, 0, 4, 97887
2026/07/08 16:47:45.618, 6, 0, 4, 97887
2026/07/08 16:47:45.627, 7, 0, 4, 97887
2026/07/08 16:47:46.641, 0, 0, 88378, 97887
2026/07/08 16:47:46.655, 1, 0, 90526, 97887
2026/07/08 16:47:46.670, 2, 0, 88406, 97887
2026/07/08 16:47:46.685, 3, 0, 90330, 97887
2026/07/08 16:47:46.698, 4, 0, 4, 97887
2026/07/08 16:47:46.709, 5, 0, 4, 97887
2026/07/08 16:47:46.719, 6, 0, 4, 97887
2026/07/08 16:47:46.736, 7, 0, 4, 97887
2026/07/08 16:47:47.749, 0, 0, 88378, 97887
2026/07/08 16:47:47.764, 1, 0, 90526, 97887
2026/07/08 16:47:47.780, 2, 0, 88406, 97887
2026/07/08 16:47:47.791, 3, 0, 90330, 97887
2026/07/08 16:47:47.804, 4, 0, 4, 97887
2026/07/08 16:47:47.817, 5, 0, 4, 97887
2026/07/08 16:47:47.828, 6, 0, 4, 97887
2026/07/08 16:47:47.846, 7, 0, 4, 97887
2026/07/08 16:47:48.860, 0, 0, 88378, 97887
2026/07/08 16:47:48.872, 1, 0, 90526, 97887
2026/07/08 16:47:48.885, 2, 0, 88406, 97887
2026/07/08 16:47:48.897, 3, 0, 90330, 97887
2026/07/08 16:47:48.910, 4, 0, 4, 97887
2026/07/08 16:47:48.924, 5, 0, 4, 97887
2026/07/08 16:47:48.936, 6, 0, 4, 97887
2026/07/08 16:47:48.954, 7, 0, 4, 97887
2026/07/08 16:47:49.966, 0, 0, 88378, 97887
2026/07/08 16:47:49.977, 1, 0, 90526, 97887
2026/07/08 16:47:49.991, 2, 0, 88406, 97887
2026/07/08 16:47:50.005, 3, 0, 90330, 97887
2026/07/08 16:47:50.020, 4, 0, 4, 97887
2026/07/08 16:47:50.041, 5, 0, 4, 97887
2026/07/08 16:47:50.062, 6, 0, 4, 97887
2026/07/08 16:47:50.074, 7, 0, 4, 97887
2026/07/08 16:47:51.097, 0, 0, 88378, 97887
2026/07/08 16:47:51.114, 1, 0, 90526, 97887
2026/07/08 16:47:51.128, 2, 0, 88406, 97887
2026/07/08 16:47:51.140, 3, 0, 90330, 97887
2026/07/08 16:47:51.150, 4, 0, 4, 97887
2026/07/08 16:47:51.158, 5, 0, 4, 97887
2026/07/08 16:47:51.170, 6, 0, 4, 97887
2026/07/08 16:47:51.181, 7, 0, 4, 97887
2026/07/08 16:47:52.198, 0, 0, 88378, 97887
2026/07/08 16:47:52.209, 1, 0, 90526, 97887
2026/07/08 16:47:52.220, 2, 0, 88406, 97887
2026/07/08 16:47:52.233, 3, 0, 90330, 97887
2026/07/08 16:47:52.243, 4, 0, 4, 97887
2026/07/08 16:47:52.253, 5, 0, 4, 97887
2026/07/08 16:47:52.263, 6, 0, 4, 97887
2026/07/08 16:47:52.273, 7, 0, 4, 97887
2026/07/08 16:47:53.281, 0, 0, 88378, 97887
2026/07/08 16:47:53.294, 1, 0, 90526, 97887
2026/07/08 16:47:53.305, 2, 0, 88406, 97887
2026/07/08 16:47:53.320, 3, 0, 90330, 97887
2026/07/08 16:47:53.334, 4, 0, 4, 97887
2026/07/08 16:47:53.350, 5, 0, 4, 97887
2026/07/08 16:47:53.363, 6, 0, 4, 97887
2026/07/08 16:47:53.375, 7, 0, 4, 97887
2026/07/08 16:47:54.388, 0, 0, 88378, 97887
2026/07/08 16:47:54.401, 1, 0, 90526, 97887
2026/07/08 16:47:54.412, 2, 0, 88406, 97887
2026/07/08 16:47:54.426, 3, 0, 90330, 97887
2026/07/08 16:47:54.438, 4, 0, 4, 97887
2026/07/08 16:47:54.452, 5, 0, 4, 97887
2026/07/08 16:47:54.464, 6, 0, 4, 97887
2026/07/08 16:47:54.479, 7, 0, 4, 97887
2026/07/08 16:47:55.490, 0, 0, 88378, 97887
2026/07/08 16:47:55.501, 1, 0, 90526, 97887
2026/07/08 16:47:55.516, 2, 0, 88406, 97887
2026/07/08 16:47:55.524, 3, 0, 90330, 97887
2026/07/08 16:47:55.531, 4, 0, 4, 97887
2026/07/08 16:47:55.551, 5, 0, 4, 97887
2026/07/08 16:47:55.572, 6, 0, 4, 97887
2026/07/08 16:47:55.583, 7, 0, 4, 97887
2026/07/08 16:47:56.597, 0, 0, 88378, 97887
2026/07/08 16:47:56.607, 1, 0, 90526, 97887
2026/07/08 16:47:56.622, 2, 0, 88406, 97887
2026/07/08 16:47:56.633, 3, 0, 90330, 97887
2026/07/08 16:47:56.640, 4, 0, 4, 97887
2026/07/08 16:47:56.651, 5, 0, 4, 97887
2026/07/08 16:47:56.668, 6, 0, 4, 97887
2026/07/08 16:47:56.681, 7, 0, 4, 97887
2026/07/08 16:47:57.695, 0, 0, 88378, 97887
2026/07/08 16:47:57.705, 1, 0, 90526, 97887
2026/07/08 16:47:57.713, 2, 0, 88406, 97887
2026/07/08 16:47:57.719, 3, 0, 90330, 97887
2026/07/08 16:47:57.727, 4, 0, 4, 97887
2026/07/08 16:47:57.736, 5, 0, 4, 97887
2026/07/08 16:47:57.742, 6, 0, 4, 97887
2026/07/08 16:47:57.749, 7, 0, 4, 97887
2026/07/08 16:47:58.757, 0, 0, 88378, 97887
2026/07/08 16:47:58.767, 1, 0, 90526, 97887
2026/07/08 16:47:58.775, 2, 0, 88406, 97887
2026/07/08 16:47:58.785, 3, 0, 90330, 97887
2026/07/08 16:47:58.792, 4, 0, 4, 97887
2026/07/08 16:47:58.798, 5, 0, 4, 97887
2026/07/08 16:47:58.806, 6, 0, 4, 97887
2026/07/08 16:47:58.813, 7, 0, 4, 97887
2026/07/08 16:47:59.820, 0, 0, 88378, 97887
2026/07/08 16:47:59.832, 1, 0, 90526, 97887
2026/07/08 16:47:59.842, 2, 0, 88406, 97887
2026/07/08 16:47:59.859, 3, 0, 90330, 97887
2026/07/08 16:47:59.875, 4, 0, 4, 97887
2026/07/08 16:47:59.890, 5, 0, 4, 97887
2026/07/08 16:47:59.903, 6, 0, 4, 97887
2026/07/08 16:47:59.926, 7, 0, 4, 97887
2026/07/08 16:48:00.940, 0, 0, 88378, 97887
2026/07/08 16:48:00.955, 1, 0, 90526, 97887
2026/07/08 16:48:00.969, 2, 0, 88406, 97887
2026/07/08 16:48:00.982, 3, 0, 90330, 97887
2026/07/08 16:48:00.998, 4, 0, 4, 97887
2026/07/08 16:48:01.010, 5, 0, 4, 97887
2026/07/08 16:48:01.019, 6, 0, 4, 97887
2026/07/08 16:48:01.031, 7, 0, 4, 97887
2026/07/08 16:48:02.043, 0, 0, 88378, 97887
2026/07/08 16:48:02.054, 1, 0, 90526, 97887
2026/07/08 16:48:02.070, 2, 0, 88406, 97887
2026/07/08 16:48:02.078, 3, 0, 90330, 97887
2026/07/08 16:48:02.091, 4, 0, 4, 97887
2026/07/08 16:48:02.103, 5, 0, 4, 97887
2026/07/08 16:48:02.115, 6, 0, 4, 97887
2026/07/08 16:48:02.128, 7, 0, 4, 97887
2026/07/08 16:48:03.140, 0, 0, 88378, 97887
2026/07/08 16:48:03.156, 1, 0, 90526, 97887
2026/07/08 16:48:03.170, 2, 0, 88406, 97887
2026/07/08 16:48:03.185, 3, 0, 90330, 97887
2026/07/08 16:48:03.197, 4, 0, 4, 97887
2026/07/08 16:48:03.211, 5, 0, 4, 97887
2026/07/08 16:48:03.222, 6, 0, 4, 97887
2026/07/08 16:48:03.234, 7, 0, 4, 97887
2026/07/08 16:48:04.246, 0, 0, 88378, 97887
2026/07/08 16:48:04.259, 1, 0, 90526, 97887
2026/07/08 16:48:04.270, 2, 0, 88406, 97887
2026/07/08 16:48:04.284, 3, 0, 90330, 97887
2026/07/08 16:48:04.294, 4, 0, 4, 97887
2026/07/08 16:48:04.306, 5, 0, 4, 97887
2026/07/08 16:48:04.323, 6, 0, 4, 97887
2026/07/08 16:48:04.332, 7, 0, 4, 97887
2026/07/08 16:48:05.343, 0, 0, 88378, 97887
2026/07/08 16:48:05.359, 1, 0, 90526, 97887
2026/07/08 16:48:05.374, 2, 0, 88406, 97887
2026/07/08 16:48:05.391, 3, 0, 90330, 97887
2026/07/08 16:48:05.404, 4, 0, 4, 97887
2026/07/08 16:48:05.416, 5, 0, 4, 97887
2026/07/08 16:48:05.426, 6, 0, 4, 97887
2026/07/08 16:48:05.435, 7, 0, 4, 97887
2026/07/08 16:48:06.443, 0, 0, 88378, 97887
2026/07/08 16:48:06.454, 1, 0, 90526, 97887
2026/07/08 16:48:06.467, 2, 0, 88406, 97887
2026/07/08 16:48:06.479, 3, 0, 90330, 97887
2026/07/08 16:48:06.489, 4, 0, 4, 97887
2026/07/08 16:48:06.500, 5, 0, 4, 97887
2026/07/08 16:48:06.509, 6, 0, 4, 97887
2026/07/08 16:48:06.521, 7, 0, 4, 97887
2026/07/08 16:48:07.532, 0, 0, 88378, 97887
2026/07/08 16:48:07.551, 1, 0, 90526, 97887
2026/07/08 16:48:07.565, 2, 0, 88406, 97887
2026/07/08 16:48:07.573, 3, 0, 90330, 97887
2026/07/08 16:48:07.580, 4, 0, 4, 97887
2026/07/08 16:48:07.602, 5, 0, 4, 97887
2026/07/08 16:48:07.621, 6, 0, 4, 97887
2026/07/08 16:48:07.637, 7, 0, 4, 97887
2026/07/08 16:48:08.648, 0, 0, 88378, 97887
2026/07/08 16:48:08.660, 1, 0, 90526, 97887
2026/07/08 16:48:08.672, 2, 0, 88406, 97887
2026/07/08 16:48:08.684, 3, 0, 90330, 97887
2026/07/08 16:48:08.698, 4, 0, 4, 97887
2026/07/08 16:48:08.707, 5, 0, 4, 97887
2026/07/08 16:48:08.717, 6, 0, 4, 97887
2026/07/08 16:48:08.729, 7, 0, 4, 97887
2026/07/08 16:48:09.746, 0, 0, 88378, 97887
2026/07/08 16:48:09.755, 1, 0, 90526, 97887
2026/07/08 16:48:09.767, 2, 0, 88406, 97887
2026/07/08 16:48:09.778, 3, 0, 90330, 97887
2026/07/08 16:48:09.790, 4, 0, 4, 97887
2026/07/08 16:48:09.797, 5, 0, 4, 97887
2026/07/08 16:48:09.810, 6, 0, 4, 97887
2026/07/08 16:48:09.824, 7, 0, 4, 97887
2026/07/08 16:48:10.838, 0, 0, 88378, 97887
2026/07/08 16:48:10.851, 1, 0, 90526, 97887
2026/07/08 16:48:10.864, 2, 0, 88406, 97887
2026/07/08 16:48:10.880, 3, 0, 90330, 97887
2026/07/08 16:48:10.894, 4, 0, 4, 97887
2026/07/08 16:48:10.907, 5, 0, 4, 97887
2026/07/08 16:48:10.917, 6, 0, 4, 97887
2026/07/08 16:48:10.933, 7, 0, 4, 97887
2026/07/08 16:48:11.948, 0, 0, 88378, 97887
2026/07/08 16:48:11.965, 1, 0, 90526, 97887
2026/07/08 16:48:11.983, 2, 0, 88406, 97887
2026/07/08 16:48:11.997, 3, 0, 90330, 97887
2026/07/08 16:48:12.011, 4, 0, 4, 97887
2026/07/08 16:48:12.029, 5, 0, 4, 97887
2026/07/08 16:48:12.045, 6, 0, 4, 97887
2026/07/08 16:48:12.059, 7, 0, 4, 97887
2026/07/08 16:48:13.074, 0, 0, 88378, 97887
2026/07/08 16:48:13.095, 1, 0, 90526, 97887
2026/07/08 16:48:13.123, 2, 0, 88406, 97887
2026/07/08 16:48:13.141, 3, 0, 90330, 97887
2026/07/08 16:48:13.164, 4, 0, 4, 97887
2026/07/08 16:48:13.181, 5, 0, 4, 97887
2026/07/08 16:48:13.199, 6, 0, 4, 97887
2026/07/08 16:48:13.216, 7, 0, 4, 97887
2026/07/08 16:48:14.235, 0, 0, 88378, 97887
2026/07/08 16:48:14.256, 1, 0, 90526, 97887
2026/07/08 16:48:14.275, 2, 0, 88406, 97887
2026/07/08 16:48:14.292, 3, 0, 90330, 97887
2026/07/08 16:48:14.309, 4, 0, 4, 97887
2026/07/08 16:48:14.327, 5, 0, 4, 97887
2026/07/08 16:48:14.345, 6, 0, 4, 97887
2026/07/08 16:48:14.359, 7, 0, 4, 97887
2026/07/08 16:48:15.376, 0, 0, 88378, 97887
2026/07/08 16:48:15.394, 1, 0, 90526, 97887
2026/07/08 16:48:15.417, 2, 0, 88406, 97887
2026/07/08 16:48:15.437, 3, 0, 90330, 97887
2026/07/08 16:48:15.449, 4, 0, 4, 97887
2026/07/08 16:48:15.462, 5, 0, 4, 97887
2026/07/08 16:48:15.477, 6, 0, 4, 97887
2026/07/08 16:48:15.494, 7, 0, 4, 97887
2026/07/08 16:48:16.510, 0, 0, 88378, 97887
2026/07/08 16:48:16.530, 1, 0, 90526, 97887
2026/07/08 16:48:16.546, 2, 100, 88406, 97887
2026/07/08 16:48:16.561, 3, 0, 90330, 97887
2026/07/08 16:48:16.578, 4, 0, 4, 97887
2026/07/08 16:48:16.594, 5, 0, 4, 97887
2026/07/08 16:48:16.607, 6, 0, 4, 97887
2026/07/08 16:48:16.621, 7, 0, 4, 97887
2026/07/08 16:48:17.636, 0, 0, 88378, 97887
2026/07/08 16:48:17.655, 1, 100, 90526, 97887
2026/07/08 16:48:17.672, 2, 100, 88406, 97887
2026/07/08 16:48:17.691, 3, 0, 90330, 97887
2026/07/08 16:48:17.711, 4, 0, 4, 97887
2026/07/08 16:48:17.729, 5, 0, 4, 97887
2026/07/08 16:48:17.746, 6, 0, 4, 97887
2026/07/08 16:48:17.763, 7, 0, 4, 97887
2026/07/08 16:48:18.781, 0, 0, 88378, 97887
2026/07/08 16:48:18.804, 1, 100, 90526, 97887
2026/07/08 16:48:18.820, 2, 100, 88406, 97887
2026/07/08 16:48:18.859, 3, 100, 90330, 97887
2026/07/08 16:48:18.881, 4, 0, 4, 97887
2026/07/08 16:48:18.904, 5, 0, 4, 97887
2026/07/08 16:48:18.931, 6, 0, 4, 97887
2026/07/08 16:48:18.953, 7, 0, 4, 97887
2026/07/08 16:48:19.972, 0, 0, 88378, 97887
2026/07/08 16:48:19.990, 1, 100, 90526, 97887
2026/07/08 16:48:20.009, 2, 100, 88406, 97887
2026/07/08 16:48:20.026, 3, 34, 90330, 97887
2026/07/08 16:48:20.042, 4, 0, 4, 97887
2026/07/08 16:48:20.058, 5, 0, 4, 97887
2026/07/08 16:48:20.075, 6, 0, 4, 97887
2026/07/08 16:48:20.093, 7, 0, 4, 97887
2026/07/08 16:48:21.109, 0, 100, 88378, 97887
2026/07/08 16:48:21.122, 1, 100, 90526, 97887
2026/07/08 16:48:21.136, 2, 0, 88406, 97887
2026/07/08 16:48:21.150, 3, 100, 90330, 97887
2026/07/08 16:48:21.165, 4, 0, 4, 97887
2026/07/08 16:48:21.177, 5, 0, 4, 97887
2026/07/08 16:48:21.193, 6, 0, 4, 97887
2026/07/08 16:48:21.203, 7, 0, 4, 97887
2026/07/08 16:48:22.211, 0, 0, 88378, 97887
2026/07/08 16:48:22.224, 1, 100, 90526, 97887
2026/07/08 16:48:22.238, 2, 100, 88406, 97887
2026/07/08 16:48:22.255, 3, 100, 90330, 97887
2026/07/08 16:48:22.272, 4, 0, 4, 97887
2026/07/08 16:48:22.287, 5, 0, 4, 97887
2026/07/08 16:48:22.304, 6, 0, 4, 97887
2026/07/08 16:48:22.323, 7, 0, 4, 97887
2026/07/08 16:48:23.339, 0, 0, 88378, 97887
2026/07/08 16:48:23.356, 1, 100, 90526, 97887
2026/07/08 16:48:23.372, 2, 100, 88406, 97887
2026/07/08 16:48:23.391, 3, 100, 90330, 97887
2026/07/08 16:48:23.406, 4, 0, 4, 97887
2026/07/08 16:48:23.419, 5, 0, 4, 97887
2026/07/08 16:48:23.432, 6, 0, 4, 97887
2026/07/08 16:48:23.444, 7, 0, 4, 97887
2026/07/08 16:48:24.458, 0, 0, 88378, 97887
2026/07/08 16:48:24.485, 1, 0, 90526, 97887
2026/07/08 16:48:24.503, 2, 0, 88406, 97887
2026/07/08 16:48:24.521, 3, 0, 90330, 97887
2026/07/08 16:48:24.542, 4, 0, 4, 97887
2026/07/08 16:48:24.571, 5, 0, 4, 97887
2026/07/08 16:48:24.595, 6, 0, 4, 97887
2026/07/08 16:48:24.613, 7, 0, 4, 97887
2026/07/08 16:48:25.629, 0, 0, 53416, 97887
2026/07/08 16:48:25.646, 1, 0, 54710, 97887
2026/07/08 16:48:25.667, 2, 0, 54724, 97887
2026/07/08 16:48:25.682, 3, 0, 54684, 97887
2026/07/08 16:48:25.700, 4, 0, 3, 97887
2026/07/08 16:48:25.719, 5, 0, 3, 97887
2026/07/08 16:48:25.738, 6, 0, 3, 97887
2026/07/08 16:48:25.751, 7, 0, 3, 97887
2026/07/08 16:48:26.765, 0, 0, 53416, 97887
2026/07/08 16:48:26.781, 1, 0, 54710, 97887
2026/07/08 16:48:26.798, 2, 0, 54724, 97887
2026/07/08 16:48:26.815, 3, 0, 54684, 97887
2026/07/08 16:48:26.833, 4, 0, 3, 97887
2026/07/08 16:48:26.855, 5, 0, 3, 97887
2026/07/08 16:48:26.874, 6, 0, 3, 97887
2026/07/08 16:48:26.893, 7, 0, 3, 97887
2026/07/08 16:48:27.911, 0, 0, 53416, 97887
2026/07/08 16:48:27.932, 1, 0, 54702, 97887
2026/07/08 16:48:27.958, 2, 0, 54716, 97887
2026/07/08 16:48:27.974, 3, 0, 54676, 97887
2026/07/08 16:48:27.992, 4, 0, 3, 97887
2026/07/08 16:48:28.012, 5, 0, 3, 97887
2026/07/08 16:48:28.033, 6, 0, 3, 97887
2026/07/08 16:48:28.052, 7, 0, 3, 97887
2026/07/08 16:48:29.093, 0, 0, 53408, 97887
2026/07/08 16:48:29.112, 1, 0, 54702, 97887
2026/07/08 16:48:29.127, 2, 0, 54716, 97887
2026/07/08 16:48:29.144, 3, 0, 54676, 97887
2026/07/08 16:48:29.163, 4, 0, 3, 97887
2026/07/08 16:48:29.179, 5, 0, 3, 97887
2026/07/08 16:48:29.196, 6, 0, 3, 97887
2026/07/08 16:48:29.212, 7, 0, 3, 97887
2026/07/08 16:48:30.227, 0, 0, 53408, 97887
2026/07/08 16:48:30.248, 1, 0, 54702, 97887
2026/07/08 16:48:30.269, 2, 0, 54716, 97887
2026/07/08 16:48:30.288, 3, 0, 54676, 97887
2026/07/08 16:48:30.310, 4, 0, 3, 97887
2026/07/08 16:48:30.332, 5, 0, 3, 97887
2026/07/08 16:48:30.351, 6, 0, 3, 97887
2026/07/08 16:48:30.370, 7, 0, 3, 97887
2026/07/08 16:48:31.390, 0, 0, 53408, 97887
2026/07/08 16:48:31.410, 1, 0, 54702, 97887
2026/07/08 16:48:31.428, 2, 0, 54716, 97887
2026/07/08 16:48:31.448, 3, 0, 54676, 97887
2026/07/08 16:48:31.468, 4, 0, 3, 97887
2026/07/08 16:48:31.483, 5, 0, 3, 97887
2026/07/08 16:48:31.498, 6, 0, 3, 97887
2026/07/08 16:48:31.518, 7, 0, 3, 97887
2026/07/08 16:48:32.537, 0, 0, 53408, 97887
2026/07/08 16:48:32.554, 1, 0, 54702, 97887
2026/07/08 16:48:32.567, 2, 0, 54716, 97887
2026/07/08 16:48:32.578, 3, 0, 54676, 97887
2026/07/08 16:48:32.590, 4, 0, 3, 97887
2026/07/08 16:48:32.609, 5, 0, 3, 97887
2026/07/08 16:48:32.626, 6, 0, 3, 97887
2026/07/08 16:48:32.643, 7, 0, 3, 97887
