timestamp, index, utilization.gpu [%], memory.used [MiB], memory.total [MiB]
2026/07/08 15:24:41.896, 0, 0, 0, 97887
2026/07/08 15:24:41.915, 1, 0, 0, 97887
2026/07/08 15:24:41.928, 2, 0, 0, 97887
2026/07/08 15:24:41.944, 3, 0, 0, 97887
2026/07/08 15:24:41.962, 4, 0, 0, 97887
2026/07/08 15:24:41.980, 5, 0, 0, 97887
2026/07/08 15:24:41.998, 6, 0, 0, 97887
2026/07/08 15:24:42.013, 7, 0, 0, 97887
2026/07/08 15:24:43.030, 0, 0, 0, 97887
2026/07/08 15:24:43.047, 1, 0, 0, 97887
2026/07/08 15:24:43.064, 2, 0, 0, 97887
2026/07/08 15:24:43.080, 3, 0, 0, 97887
2026/07/08 15:24:43.099, 4, 0, 0, 97887
2026/07/08 15:24:43.115, 5, 0, 0, 97887
2026/07/08 15:24:43.131, 6, 0, 0, 97887
2026/07/08 15:24:43.147, 7, 0, 0, 97887
2026/07/08 15:24:44.163, 0, 0, 0, 97887
2026/07/08 15:24:44.185, 1, 0, 0, 97887
2026/07/08 15:24:44.201, 2, 0, 0, 97887
2026/07/08 15:24:44.211, 3, 0, 0, 97887
2026/07/08 15:24:44.229, 4, 0, 0, 97887
2026/07/08 15:24:44.246, 5, 0, 0, 97887
2026/07/08 15:24:44.262, 6, 0, 0, 97887
2026/07/08 15:24:44.279, 7, 0, 0, 97887
2026/07/08 15:24:45.296, 0, 0, 0, 97887
2026/07/08 15:24:45.314, 1, 0, 0, 97887
2026/07/08 15:24:45.330, 2, 0, 0, 97887
2026/07/08 15:24:45.347, 3, 0, 0, 97887
2026/07/08 15:24:45.363, 4, 0, 0, 97887
2026/07/08 15:24:45.378, 5, 0, 0, 97887
2026/07/08 15:24:45.394, 6, 0, 0, 97887
2026/07/08 15:24:45.409, 7, 0, 0, 97887
2026/07/08 15:24:46.423, 0, 0, 0, 97887
2026/07/08 15:24:46.445, 1, 0, 0, 97887
2026/07/08 15:24:46.465, 2, 0, 0, 97887
2026/07/08 15:24:46.483, 3, 0, 0, 97887
2026/07/08 15:24:46.501, 4, 0, 0, 97887
2026/07/08 15:24:46.515, 5, 0, 0, 97887
2026/07/08 15:24:46.533, 6, 0, 0, 97887
2026/07/08 15:24:46.550, 7, 0, 0, 97887
2026/07/08 15:24:47.568, 0, 0, 0, 97887
2026/07/08 15:24:47.586, 1, 0, 0, 97887
2026/07/08 15:24:47.602, 2, 0, 0, 97887
2026/07/08 15:24:47.617, 3, 0, 0, 97887
2026/07/08 15:24:47.630, 4, 0, 0, 97887
2026/07/08 15:24:47.645, 5, 0, 0, 97887
2026/07/08 15:24:47.662, 6, 0, 0, 97887
2026/07/08 15:24:47.676, 7, 0, 0, 97887
2026/07/08 15:24:48.697, 0, 0, 0, 97887
2026/07/08 15:24:48.715, 1, 0, 0, 97887
2026/07/08 15:24:48.732, 2, 0, 0, 97887
2026/07/08 15:24:48.749, 3, 0, 0, 97887
2026/07/08 15:24:48.765, 4, 0, 0, 97887
2026/07/08 15:24:48.781, 5, 0, 0, 97887
2026/07/08 15:24:48.796, 6, 0, 0, 97887
2026/07/08 15:24:48.811, 7, 0, 0, 97887
2026/07/08 15:24:49.828, 0, 0, 0, 97887
2026/07/08 15:24:49.845, 1, 0, 0, 97887
2026/07/08 15:24:49.861, 2, 0, 0, 97887
2026/07/08 15:24:49.874, 3, 0, 0, 97887
2026/07/08 15:24:49.889, 4, 0, 0, 97887
2026/07/08 15:24:49.903, 5, 0, 1, 97887
2026/07/08 15:24:49.915, 6, 0, 1, 97887
2026/07/08 15:24:49.928, 7, 0, 1, 97887
2026/07/08 15:24:50.940, 0, 0, 3, 97887
2026/07/08 15:24:50.956, 1, 0, 3, 97887
2026/07/08 15:24:50.972, 2, 0, 3, 97887
2026/07/08 15:24:50.988, 3, 0, 3, 97887
2026/07/08 15:24:51.006, 4, 0, 3, 97887
2026/07/08 15:24:51.022, 5, 0, 3, 97887
2026/07/08 15:24:51.039, 6, 0, 3, 97887
2026/07/08 15:24:51.057, 7, 0, 3, 97887
2026/07/08 15:24:52.073, 0, 0, 3, 97887
2026/07/08 15:24:52.090, 1, 0, 3, 97887
2026/07/08 15:24:52.108, 2, 0, 3, 97887
2026/07/08 15:24:52.125, 3, 0, 3, 97887
2026/07/08 15:24:52.143, 4, 0, 3, 97887
2026/07/08 15:24:52.160, 5, 0, 3, 97887
2026/07/08 15:24:52.177, 6, 0, 3, 97887
2026/07/08 15:24:52.194, 7, 0, 3, 97887
2026/07/08 15:24:53.210, 0, 0, 3, 97887
2026/07/08 15:24:53.227, 1, 0, 3, 97887
2026/07/08 15:24:53.245, 2, 0, 3, 97887
2026/07/08 15:24:53.261, 3, 0, 3, 97887
2026/07/08 15:24:53.278, 4, 0, 3, 97887
2026/07/08 15:24:53.293, 5, 0, 3, 97887
2026/07/08 15:24:53.310, 6, 0, 3, 97887
2026/07/08 15:24:53.327, 7, 0, 3, 97887
2026/07/08 15:24:54.343, 0, 0, 3, 97887
2026/07/08 15:24:54.361, 1, 0, 3, 97887
2026/07/08 15:24:54.379, 2, 0, 3, 97887
2026/07/08 15:24:54.395, 3, 0, 3, 97887
2026/07/08 15:24:54.410, 4, 0, 3, 97887
2026/07/08 15:24:54.424, 5, 0, 3, 97887
2026/07/08 15:24:54.440, 6, 0, 3, 97887
2026/07/08 15:24:54.456, 7, 0, 3, 97887
2026/07/08 15:24:55.468, 0, 0, 3, 97887
2026/07/08 15:24:55.486, 1, 0, 3, 97887
2026/07/08 15:24:55.505, 2, 0, 3, 97887
2026/07/08 15:24:55.517, 3, 0, 3, 97887
2026/07/08 15:24:55.529, 4, 0, 3, 97887
2026/07/08 15:24:55.548, 5, 0, 3, 97887
2026/07/08 15:24:55.562, 6, 0, 3, 97887
2026/07/08 15:24:55.575, 7, 0, 3, 97887
2026/07/08 15:24:56.587, 0, 0, 3, 97887
2026/07/08 15:24:56.603, 1, 0, 3, 97887
2026/07/08 15:24:56.617, 2, 0, 3, 97887
2026/07/08 15:24:56.628, 3, 0, 3, 97887
2026/07/08 15:24:56.640, 4, 0, 3, 97887
2026/07/08 15:24:56.653, 5, 0, 3, 97887
2026/07/08 15:24:56.664, 6, 0, 3, 97887
2026/07/08 15:24:56.676, 7, 0, 3, 97887
2026/07/08 15:24:57.685, 0, 0, 3, 97887
2026/07/08 15:24:57.696, 1, 0, 3, 97887
2026/07/08 15:24:57.707, 2, 0, 3, 97887
2026/07/08 15:24:57.716, 3, 0, 3, 97887
2026/07/08 15:24:57.727, 4, 0, 3, 97887
2026/07/08 15:24:57.735, 5, 0, 3, 97887
2026/07/08 15:24:57.745, 6, 0, 3, 97887
2026/07/08 15:24:57.754, 7, 0, 3, 97887
2026/07/08 15:24:58.763, 0, 0, 3, 97887
2026/07/08 15:24:58.778, 1, 0, 3, 97887
2026/07/08 15:24:58.791, 2, 0, 3, 97887
2026/07/08 15:24:58.806, 3, 0, 3, 97887
2026/07/08 15:24:58.820, 4, 0, 3, 97887
2026/07/08 15:24:58.833, 5, 0, 3, 97887
2026/07/08 15:24:58.847, 6, 0, 3, 97887
2026/07/08 15:24:58.861, 7, 0, 3, 97887
2026/07/08 15:24:59.875, 0, 0, 3, 97887
2026/07/08 15:24:59.891, 1, 0, 3, 97887
2026/07/08 15:24:59.906, 2, 0, 3, 97887
2026/07/08 15:24:59.921, 3, 0, 3, 97887
2026/07/08 15:24:59.936, 4, 0, 3, 97887
2026/07/08 15:24:59.951, 5, 0, 3, 97887
2026/07/08 15:24:59.966, 6, 0, 3, 97887
2026/07/08 15:24:59.980, 7, 0, 3, 97887
2026/07/08 15:25:00.993, 0, 0, 3, 97887
2026/07/08 15:25:01.009, 1, 0, 3, 97887
2026/07/08 15:25:01.025, 2, 0, 3, 97887
2026/07/08 15:25:01.039, 3, 0, 3, 97887
2026/07/08 15:25:01.053, 4, 0, 3, 97887
2026/07/08 15:25:01.067, 5, 0, 3, 97887
2026/07/08 15:25:01.079, 6, 0, 3, 97887
2026/07/08 15:25:01.093, 7, 0, 3, 97887
2026/07/08 15:25:02.107, 0, 0, 3, 97887
2026/07/08 15:25:02.122, 1, 0, 3, 97887
2026/07/08 15:25:02.137, 2, 0, 3, 97887
2026/07/08 15:25:02.149, 3, 0, 3, 97887
2026/07/08 15:25:02.163, 4, 0, 3, 97887
2026/07/08 15:25:02.176, 5, 0, 3, 97887
2026/07/08 15:25:02.191, 6, 0, 3, 97887
2026/07/08 15:25:02.206, 7, 0, 3, 97887
2026/07/08 15:25:03.221, 0, 0, 3, 97887
2026/07/08 15:25:03.240, 1, 0, 3, 97887
2026/07/08 15:25:03.256, 2, 0, 3, 97887
2026/07/08 15:25:03.268, 3, 0, 3, 97887
2026/07/08 15:25:03.278, 4, 0, 3, 97887
2026/07/08 15:25:03.288, 5, 0, 3, 97887
2026/07/08 15:25:03.299, 6, 0, 3, 97887
2026/07/08 15:25:03.310, 7, 0, 3, 97887
2026/07/08 15:25:04.322, 0, 0, 3, 97887
2026/07/08 15:25:04.337, 1, 0, 3, 97887
2026/07/08 15:25:04.353, 2, 0, 3, 97887
2026/07/08 15:25:04.370, 3, 0, 3, 97887
2026/07/08 15:25:04.385, 4, 0, 3, 97887
2026/07/08 15:25:04.400, 5, 0, 3, 97887
2026/07/08 15:25:04.416, 6, 0, 3, 97887
2026/07/08 15:25:04.432, 7, 0, 3, 97887
2026/07/08 15:25:05.448, 0, 0, 3, 97887
2026/07/08 15:25:05.463, 1, 0, 3, 97887
2026/07/08 15:25:05.477, 2, 0, 3, 97887
2026/07/08 15:25:05.492, 3, 0, 3, 97887
2026/07/08 15:25:05.508, 4, 0, 3, 97887
2026/07/08 15:25:05.524, 5, 0, 3, 97887
2026/07/08 15:25:05.538, 6, 0, 3, 97887
2026/07/08 15:25:05.552, 7, 0, 3, 97887
2026/07/08 15:25:06.566, 0, 0, 3, 97887
2026/07/08 15:25:06.583, 1, 0, 3, 97887
2026/07/08 15:25:06.600, 2, 0, 3, 97887
2026/07/08 15:25:06.616, 3, 0, 3, 97887
2026/07/08 15:25:06.632, 4, 0, 3, 97887
2026/07/08 15:25:06.649, 5, 0, 3, 97887
2026/07/08 15:25:06.665, 6, 0, 3, 97887
2026/07/08 15:25:06.679, 7, 0, 3, 97887
2026/07/08 15:25:07.696, 0, 0, 3, 97887
2026/07/08 15:25:07.715, 1, 0, 3, 97887
2026/07/08 15:25:07.733, 2, 0, 3, 97887
2026/07/08 15:25:07.749, 3, 0, 3, 97887
2026/07/08 15:25:07.766, 4, 0, 3, 97887
2026/07/08 15:25:07.782, 5, 0, 3, 97887
2026/07/08 15:25:07.798, 6, 0, 3, 97887
2026/07/08 15:25:07.815, 7, 0, 3, 97887
2026/07/08 15:25:08.834, 0, 0, 3, 97887
2026/07/08 15:25:08.851, 1, 0, 3, 97887
2026/07/08 15:25:08.871, 2, 0, 3, 97887
2026/07/08 15:25:08.890, 3, 0, 3, 97887
2026/07/08 15:25:08.907, 4, 0, 3, 97887
2026/07/08 15:25:08.922, 5, 0, 3, 97887
2026/07/08 15:25:08.937, 6, 0, 3, 97887
2026/07/08 15:25:08.951, 7, 0, 3, 97887
2026/07/08 15:25:09.964, 0, 0, 3, 97887
2026/07/08 15:25:09.979, 1, 0, 3, 97887
2026/07/08 15:25:09.990, 2, 0, 3, 97887
2026/07/08 15:25:10.008, 3, 0, 3, 97887
2026/07/08 15:25:10.026, 4, 0, 3, 97887
2026/07/08 15:25:10.041, 5, 0, 3, 97887
2026/07/08 15:25:10.055, 6, 0, 3, 97887
2026/07/08 15:25:10.069, 7, 0, 3, 97887
2026/07/08 15:25:11.083, 0, 0, 3, 97887
2026/07/08 15:25:11.099, 1, 0, 3, 97887
2026/07/08 15:25:11.114, 2, 0, 3, 97887
2026/07/08 15:25:11.128, 3, 0, 3, 97887
2026/07/08 15:25:11.143, 4, 0, 3, 97887
2026/07/08 15:25:11.157, 5, 0, 3, 97887
2026/07/08 15:25:11.172, 6, 0, 3, 97887
2026/07/08 15:25:11.186, 7, 0, 3, 97887
2026/07/08 15:25:12.201, 0, 0, 3, 97887
2026/07/08 15:25:12.220, 1, 0, 3, 97887
2026/07/08 15:25:12.236, 2, 0, 3, 97887
2026/07/08 15:25:12.253, 3, 0, 3, 97887
2026/07/08 15:25:12.269, 4, 0, 3, 97887
2026/07/08 15:25:12.284, 5, 0, 3, 97887
2026/07/08 15:25:12.300, 6, 0, 3, 97887
2026/07/08 15:25:12.316, 7, 0, 3, 97887
2026/07/08 15:25:13.334, 0, 0, 3, 97887
2026/07/08 15:25:13.353, 1, 0, 3, 97887
2026/07/08 15:25:13.367, 2, 0, 3, 97887
2026/07/08 15:25:13.383, 3, 0, 3, 97887
2026/07/08 15:25:13.398, 4, 0, 3, 97887
2026/07/08 15:25:13.415, 5, 0, 3, 97887
2026/07/08 15:25:13.432, 6, 0, 3, 97887
2026/07/08 15:25:13.448, 7, 0, 3, 97887
2026/07/08 15:25:14.464, 0, 0, 3, 97887
2026/07/08 15:25:14.483, 1, 0, 3, 97887
2026/07/08 15:25:14.500, 2, 0, 3, 97887
2026/07/08 15:25:14.515, 3, 0, 3, 97887
2026/07/08 15:25:14.530, 4, 0, 3, 97887
2026/07/08 15:25:14.547, 5, 0, 3, 97887
2026/07/08 15:25:14.564, 6, 0, 3, 97887
2026/07/08 15:25:14.580, 7, 0, 3, 97887
2026/07/08 15:25:15.594, 0, 0, 3, 97887
2026/07/08 15:25:15.609, 1, 0, 3, 97887
2026/07/08 15:25:15.623, 2, 0, 3, 97887
2026/07/08 15:25:15.637, 3, 0, 3, 97887
2026/07/08 15:25:15.653, 4, 0, 3, 97887
2026/07/08 15:25:15.669, 5, 0, 3, 97887
2026/07/08 15:25:15.683, 6, 0, 3, 97887
2026/07/08 15:25:15.699, 7, 0, 3, 97887
2026/07/08 15:25:16.716, 0, 0, 3, 97887
2026/07/08 15:25:16.733, 1, 0, 3, 97887
2026/07/08 15:25:16.749, 2, 0, 3, 97887
2026/07/08 15:25:16.764, 3, 0, 3, 97887
2026/07/08 15:25:16.782, 4, 0, 3, 97887
2026/07/08 15:25:16.800, 5, 0, 3, 97887
2026/07/08 15:25:16.817, 6, 0, 3, 97887
2026/07/08 15:25:16.831, 7, 0, 3, 97887
2026/07/08 15:25:17.844, 0, 0, 3, 97887
2026/07/08 15:25:17.857, 1, 0, 3, 97887
2026/07/08 15:25:17.873, 2, 0, 3, 97887
2026/07/08 15:25:17.890, 3, 0, 3, 97887
2026/07/08 15:25:17.906, 4, 0, 3, 97887
2026/07/08 15:25:17.922, 5, 0, 3, 97887
2026/07/08 15:25:17.938, 6, 0, 3, 97887
2026/07/08 15:25:17.951, 7, 0, 3, 97887
2026/07/08 15:25:18.962, 0, 0, 3, 97887
2026/07/08 15:25:18.980, 1, 0, 3, 97887
2026/07/08 15:25:18.999, 2, 0, 3, 97887
2026/07/08 15:25:19.014, 3, 0, 3, 97887
2026/07/08 15:25:19.026, 4, 0, 3, 97887
2026/07/08 15:25:19.038, 5, 0, 3, 97887
2026/07/08 15:25:19.051, 6, 0, 3, 97887
2026/07/08 15:25:19.064, 7, 0, 3, 97887
2026/07/08 15:25:20.078, 0, 0, 3, 97887
2026/07/08 15:25:20.094, 1, 0, 3, 97887
2026/07/08 15:25:20.111, 2, 0, 3, 97887
2026/07/08 15:25:20.128, 3, 0, 3, 97887
2026/07/08 15:25:20.144, 4, 0, 3, 97887
2026/07/08 15:25:20.160, 5, 0, 3, 97887
2026/07/08 15:25:20.176, 6, 0, 3, 97887
2026/07/08 15:25:20.191, 7, 0, 3, 97887
2026/07/08 15:25:21.207, 0, 0, 562, 97887
2026/07/08 15:25:21.226, 1, 0, 3, 97887
2026/07/08 15:25:21.241, 2, 0, 3, 97887
2026/07/08 15:25:21.254, 3, 0, 3, 97887
2026/07/08 15:25:21.270, 4, 0, 3, 97887
2026/07/08 15:25:21.286, 5, 0, 3, 97887
2026/07/08 15:25:21.304, 6, 0, 3, 97887
2026/07/08 15:25:21.321, 7, 0, 3, 97887
2026/07/08 15:25:22.340, 0, 0, 562, 97887
2026/07/08 15:25:22.356, 1, 0, 3, 97887
2026/07/08 15:25:22.369, 2, 0, 3, 97887
2026/07/08 15:25:22.381, 3, 0, 3, 97887
2026/07/08 15:25:22.393, 4, 0, 3, 97887
2026/07/08 15:25:22.406, 5, 0, 3, 97887
2026/07/08 15:25:22.420, 6, 0, 3, 97887
2026/07/08 15:25:22.434, 7, 0, 3, 97887
2026/07/08 15:25:23.449, 0, 0, 562, 97887
2026/07/08 15:25:23.466, 1, 0, 3, 97887
2026/07/08 15:25:23.481, 2, 0, 3, 97887
2026/07/08 15:25:23.497, 3, 0, 3, 97887
2026/07/08 15:25:23.513, 4, 0, 3, 97887
2026/07/08 15:25:23.529, 5, 0, 3, 97887
2026/07/08 15:25:23.546, 6, 0, 3, 97887
2026/07/08 15:25:23.562, 7, 0, 3, 97887
2026/07/08 15:25:24.576, 0, 0, 562, 97887
2026/07/08 15:25:24.597, 1, 0, 3, 97887
2026/07/08 15:25:24.623, 2, 0, 3, 97887
2026/07/08 15:25:24.644, 3, 0, 3, 97887
2026/07/08 15:25:24.668, 4, 0, 3, 97887
2026/07/08 15:25:24.683, 5, 0, 3, 97887
2026/07/08 15:25:24.701, 6, 0, 3, 97887
2026/07/08 15:25:24.718, 7, 0, 3, 97887
2026/07/08 15:25:25.734, 0, 0, 562, 97887
2026/07/08 15:25:25.751, 1, 0, 3, 97887
2026/07/08 15:25:25.770, 2, 0, 3, 97887
2026/07/08 15:25:25.783, 3, 0, 3, 97887
2026/07/08 15:25:25.799, 4, 0, 3, 97887
2026/07/08 15:25:25.815, 5, 0, 3, 97887
2026/07/08 15:25:25.833, 6, 0, 3, 97887
2026/07/08 15:25:25.849, 7, 0, 3, 97887
2026/07/08 15:25:26.865, 0, 0, 562, 97887
2026/07/08 15:25:26.882, 1, 0, 3, 97887
2026/07/08 15:25:26.895, 2, 0, 3, 97887
2026/07/08 15:25:26.911, 3, 0, 3, 97887
2026/07/08 15:25:26.927, 4, 0, 3, 97887
2026/07/08 15:25:26.944, 5, 0, 3, 97887
2026/07/08 15:25:26.961, 6, 0, 3, 97887
2026/07/08 15:25:26.978, 7, 0, 3, 97887
2026/07/08 15:25:27.996, 0, 0, 562, 97887
2026/07/08 15:25:28.012, 1, 0, 3, 97887
2026/07/08 15:25:28.028, 2, 0, 3, 97887
2026/07/08 15:25:28.043, 3, 0, 3, 97887
2026/07/08 15:25:28.059, 4, 0, 3, 97887
2026/07/08 15:25:28.075, 5, 0, 3, 97887
2026/07/08 15:25:28.089, 6, 0, 3, 97887
2026/07/08 15:25:28.104, 7, 0, 3, 97887
2026/07/08 15:25:29.120, 0, 0, 562, 97887
2026/07/08 15:25:29.137, 1, 0, 3, 97887
2026/07/08 15:25:29.155, 2, 0, 3, 97887
2026/07/08 15:25:29.173, 3, 0, 3, 97887
2026/07/08 15:25:29.192, 4, 0, 3, 97887
2026/07/08 15:25:29.211, 5, 0, 3, 97887
2026/07/08 15:25:29.228, 6, 0, 3, 97887
2026/07/08 15:25:29.246, 7, 0, 3, 97887
2026/07/08 15:25:30.264, 0, 0, 562, 97887
2026/07/08 15:25:30.281, 1, 0, 3, 97887
2026/07/08 15:25:30.297, 2, 0, 3, 97887
2026/07/08 15:25:30.313, 3, 0, 3, 97887
2026/07/08 15:25:30.328, 4, 0, 3, 97887
2026/07/08 15:25:30.346, 5, 0, 3, 97887
2026/07/08 15:25:30.364, 6, 0, 3, 97887
2026/07/08 15:25:30.382, 7, 0, 3, 97887
2026/07/08 15:25:31.398, 0, 0, 562, 97887
2026/07/08 15:25:31.416, 1, 0, 3, 97887
2026/07/08 15:25:31.431, 2, 0, 3, 97887
2026/07/08 15:25:31.448, 3, 0, 3, 97887
2026/07/08 15:25:31.465, 4, 0, 3, 97887
2026/07/08 15:25:31.480, 5, 0, 3, 97887
2026/07/08 15:25:31.495, 6, 0, 3, 97887
2026/07/08 15:25:31.511, 7, 0, 3, 97887
2026/07/08 15:25:32.527, 0, 0, 562, 97887
2026/07/08 15:25:32.541, 1, 0, 3, 97887
2026/07/08 15:25:32.557, 2, 0, 3, 97887
2026/07/08 15:25:32.566, 3, 0, 3, 97887
2026/07/08 15:25:32.579, 4, 0, 3, 97887
2026/07/08 15:25:32.595, 5, 0, 3, 97887
2026/07/08 15:25:32.608, 6, 0, 3, 97887
2026/07/08 15:25:32.616, 7, 0, 3, 97887
2026/07/08 15:25:33.628, 0, 0, 562, 97887
2026/07/08 15:25:33.645, 1, 0, 3, 97887
2026/07/08 15:25:33.662, 2, 0, 3, 97887
2026/07/08 15:25:33.679, 3, 0, 3, 97887
2026/07/08 15:25:33.695, 4, 0, 3, 97887
2026/07/08 15:25:33.713, 5, 0, 3, 97887
2026/07/08 15:25:33.729, 6, 0, 3, 97887
2026/07/08 15:25:33.745, 7, 0, 3, 97887
2026/07/08 15:25:34.760, 0, 0, 562, 97887
2026/07/08 15:25:34.777, 1, 0, 3, 97887
2026/07/08 15:25:34.795, 2, 0, 3, 97887
2026/07/08 15:25:34.813, 3, 0, 3, 97887
2026/07/08 15:25:34.829, 4, 0, 3, 97887
2026/07/08 15:25:34.848, 5, 0, 3, 97887
2026/07/08 15:25:34.864, 6, 0, 3, 97887
2026/07/08 15:25:34.880, 7, 0, 3, 97887
2026/07/08 15:25:35.897, 0, 0, 562, 97887
2026/07/08 15:25:35.912, 1, 0, 3, 97887
2026/07/08 15:25:35.928, 2, 0, 562, 97887
2026/07/08 15:25:35.943, 3, 2, 562, 97887
2026/07/08 15:25:35.958, 4, 0, 3, 97887
2026/07/08 15:25:35.974, 5, 0, 3, 97887
2026/07/08 15:25:35.989, 6, 0, 3, 97887
2026/07/08 15:25:36.003, 7, 0, 3, 97887
2026/07/08 15:25:37.017, 0, 0, 562, 97887
2026/07/08 15:25:37.032, 1, 0, 562, 97887
2026/07/08 15:25:37.045, 2, 0, 562, 97887
2026/07/08 15:25:37.059, 3, 0, 562, 97887
2026/07/08 15:25:37.071, 4, 0, 3, 97887
2026/07/08 15:25:37.083, 5, 0, 3, 97887
2026/07/08 15:25:37.096, 6, 0, 3, 97887
2026/07/08 15:25:37.111, 7, 0, 3, 97887
2026/07/08 15:25:38.127, 0, 0, 562, 97887
2026/07/08 15:25:38.144, 1, 0, 562, 97887
2026/07/08 15:25:38.160, 2, 0, 562, 97887
2026/07/08 15:25:38.176, 3, 0, 562, 97887
2026/07/08 15:25:38.192, 4, 0, 3, 97887
2026/07/08 15:25:38.207, 5, 0, 3, 97887
2026/07/08 15:25:38.223, 6, 0, 3, 97887
2026/07/08 15:25:38.239, 7, 0, 3, 97887
2026/07/08 15:25:39.254, 0, 0, 562, 97887
2026/07/08 15:25:39.269, 1, 0, 562, 97887
2026/07/08 15:25:39.283, 2, 0, 562, 97887
2026/07/08 15:25:39.295, 3, 0, 562, 97887
2026/07/08 15:25:39.310, 4, 0, 3, 97887
2026/07/08 15:25:39.324, 5, 0, 3, 97887
2026/07/08 15:25:39.339, 6, 0, 3, 97887
2026/07/08 15:25:39.355, 7, 0, 3, 97887
2026/07/08 15:25:40.368, 0, 0, 562, 97887
2026/07/08 15:25:40.383, 1, 0, 562, 97887
2026/07/08 15:25:40.398, 2, 0, 562, 97887
2026/07/08 15:25:40.413, 3, 0, 562, 97887
2026/07/08 15:25:40.429, 4, 0, 3, 97887
2026/07/08 15:25:40.445, 5, 0, 3, 97887
2026/07/08 15:25:40.458, 6, 0, 3, 97887
2026/07/08 15:25:40.474, 7, 0, 3, 97887
2026/07/08 15:25:41.485, 0, 0, 562, 97887
2026/07/08 15:25:41.500, 1, 0, 562, 97887
2026/07/08 15:25:41.515, 2, 0, 562, 97887
2026/07/08 15:25:41.528, 3, 0, 562, 97887
2026/07/08 15:25:41.541, 4, 0, 3, 97887
2026/07/08 15:25:41.555, 5, 0, 3, 97887
2026/07/08 15:25:41.570, 6, 0, 3, 97887
2026/07/08 15:25:41.584, 7, 0, 3, 97887
2026/07/08 15:25:42.598, 0, 3, 9222, 97887
2026/07/08 15:25:42.611, 1, 2, 8362, 97887
2026/07/08 15:25:42.625, 2, 3, 9522, 97887
2026/07/08 15:25:42.637, 3, 2, 7942, 97887
2026/07/08 15:25:42.653, 4, 0, 3, 97887
2026/07/08 15:25:42.668, 5, 0, 3, 97887
2026/07/08 15:25:42.682, 6, 0, 3, 97887
2026/07/08 15:25:42.697, 7, 0, 3, 97887
2026/07/08 15:25:43.713, 0, 27, 63586, 97887
2026/07/08 15:25:43.728, 1, 54, 63586, 97887
2026/07/08 15:25:43.744, 2, 46, 63586, 97887
2026/07/08 15:25:43.759, 3, 7, 63586, 97887
2026/07/08 15:25:43.775, 4, 0, 3, 97887
2026/07/08 15:25:43.790, 5, 0, 3, 97887
2026/07/08 15:25:43.804, 6, 0, 3, 97887
2026/07/08 15:25:43.820, 7, 0, 3, 97887
2026/07/08 15:25:44.840, 0, 0, 63714, 97887
2026/07/08 15:25:44.852, 1, 0, 63714, 97887
2026/07/08 15:25:44.864, 2, 0, 63714, 97887
2026/07/08 15:25:44.878, 3, 0, 63714, 97887
2026/07/08 15:25:44.890, 4, 0, 3, 97887
2026/07/08 15:25:44.906, 5, 0, 3, 97887
2026/07/08 15:25:44.922, 6, 0, 3, 97887
2026/07/08 15:25:44.935, 7, 0, 3, 97887
2026/07/08 15:25:45.949, 0, 2, 63714, 97887
2026/07/08 15:25:45.964, 1, 2, 63714, 97887
2026/07/08 15:25:45.979, 2, 2, 63714, 97887
2026/07/08 15:25:45.994, 3, 2, 63714, 97887
2026/07/08 15:25:46.008, 4, 0, 3, 97887
2026/07/08 15:25:46.023, 5, 0, 3, 97887
2026/07/08 15:25:46.037, 6, 0, 3, 97887
2026/07/08 15:25:46.051, 7, 0, 3, 97887
2026/07/08 15:25:47.066, 0, 3, 63714, 97887
2026/07/08 15:25:47.082, 1, 5, 63714, 97887
2026/07/08 15:25:47.099, 2, 0, 63714, 97887
2026/07/08 15:25:47.117, 3, 5, 63714, 97887
2026/07/08 15:25:47.138, 4, 0, 3, 97887
2026/07/08 15:25:47.155, 5, 0, 3, 97887
2026/07/08 15:25:47.173, 6, 0, 3, 97887
2026/07/08 15:25:47.192, 7, 0, 3, 97887
2026/07/08 15:25:48.212, 0, 1, 63714, 97887
2026/07/08 15:25:48.230, 1, 0, 63714, 97887
2026/07/08 15:25:48.246, 2, 5, 63714, 97887
2026/07/08 15:25:48.261, 3, 2, 63714, 97887
2026/07/08 15:25:48.276, 4, 0, 3, 97887
2026/07/08 15:25:48.293, 5, 0, 3, 97887
2026/07/08 15:25:48.309, 6, 0, 3, 97887
2026/07/08 15:25:48.325, 7, 0, 3, 97887
2026/07/08 15:25:49.341, 0, 3, 63714, 97887
2026/07/08 15:25:49.358, 1, 3, 63714, 97887
2026/07/08 15:25:49.373, 2, 3, 63714, 97887
2026/07/08 15:25:49.389, 3, 3, 63714, 97887
2026/07/08 15:25:49.403, 4, 0, 3, 97887
2026/07/08 15:25:49.420, 5, 0, 3, 97887
2026/07/08 15:25:49.436, 6, 0, 3, 97887
2026/07/08 15:25:49.451, 7, 0, 3, 97887
2026/07/08 15:25:50.466, 0, 2, 63714, 97887
2026/07/08 15:25:50.482, 1, 3, 63714, 97887
2026/07/08 15:25:50.499, 2, 2, 63714, 97887
2026/07/08 15:25:50.516, 3, 2, 63714, 97887
2026/07/08 15:25:50.534, 4, 0, 3, 97887
2026/07/08 15:25:50.551, 5, 0, 3, 97887
2026/07/08 15:25:50.566, 6, 0, 3, 97887
2026/07/08 15:25:50.582, 7, 0, 3, 97887
2026/07/08 15:25:51.598, 0, 3, 63714, 97887
2026/07/08 15:25:51.613, 1, 3, 63714, 97887
2026/07/08 15:25:51.628, 2, 3, 63714, 97887
2026/07/08 15:25:51.641, 3, 3, 63714, 97887
2026/07/08 15:25:51.655, 4, 0, 3, 97887
2026/07/08 15:25:51.668, 5, 0, 3, 97887
2026/07/08 15:25:51.682, 6, 0, 3, 97887
2026/07/08 15:25:51.698, 7, 0, 3, 97887
2026/07/08 15:25:52.713, 0, 3, 63714, 97887
2026/07/08 15:25:52.732, 1, 3, 63714, 97887
2026/07/08 15:25:52.748, 2, 3, 63714, 97887
2026/07/08 15:25:52.765, 3, 3, 63714, 97887
2026/07/08 15:25:52.780, 4, 0, 3, 97887
2026/07/08 15:25:52.795, 5, 0, 3, 97887
2026/07/08 15:25:52.809, 6, 0, 3, 97887
2026/07/08 15:25:52.824, 7, 0, 3, 97887
2026/07/08 15:25:53.840, 0, 3, 63714, 97887
2026/07/08 15:25:53.857, 1, 3, 63714, 97887
2026/07/08 15:25:53.873, 2, 3, 63714, 97887
2026/07/08 15:25:53.889, 3, 3, 63714, 97887
2026/07/08 15:25:53.903, 4, 0, 3, 97887
2026/07/08 15:25:53.920, 5, 0, 3, 97887
2026/07/08 15:25:53.936, 6, 0, 3, 97887
2026/07/08 15:25:53.950, 7, 0, 3, 97887
2026/07/08 15:25:54.965, 0, 3, 63714, 97887
2026/07/08 15:25:54.978, 1, 3, 63714, 97887
2026/07/08 15:25:54.993, 2, 3, 63714, 97887
2026/07/08 15:25:55.008, 3, 3, 63714, 97887
2026/07/08 15:25:55.022, 4, 0, 3, 97887
2026/07/08 15:25:55.039, 5, 0, 3, 97887
2026/07/08 15:25:55.056, 6, 0, 3, 97887
2026/07/08 15:25:55.069, 7, 0, 3, 97887
2026/07/08 15:25:56.083, 0, 3, 63714, 97887
2026/07/08 15:25:56.098, 1, 3, 63714, 97887
2026/07/08 15:25:56.111, 2, 3, 63714, 97887
2026/07/08 15:25:56.124, 3, 3, 63714, 97887
2026/07/08 15:25:56.142, 4, 0, 3, 97887
2026/07/08 15:25:56.164, 5, 0, 3, 97887
2026/07/08 15:25:56.181, 6, 0, 3, 97887
2026/07/08 15:25:56.196, 7, 0, 3, 97887
2026/07/08 15:25:57.211, 0, 3, 63714, 97887
2026/07/08 15:25:57.225, 1, 3, 63714, 97887
2026/07/08 15:25:57.240, 2, 3, 63714, 97887
2026/07/08 15:25:57.257, 3, 3, 63714, 97887
2026/07/08 15:25:57.272, 4, 0, 3, 97887
2026/07/08 15:25:57.286, 5, 0, 3, 97887
2026/07/08 15:25:57.301, 6, 0, 3, 97887
2026/07/08 15:25:57.316, 7, 0, 3, 97887
2026/07/08 15:25:58.331, 0, 3, 63714, 97887
2026/07/08 15:25:58.346, 1, 3, 63714, 97887
2026/07/08 15:25:58.360, 2, 3, 63714, 97887
2026/07/08 15:25:58.373, 3, 3, 63714, 97887
2026/07/08 15:25:58.387, 4, 0, 3, 97887
2026/07/08 15:25:58.400, 5, 0, 3, 97887
2026/07/08 15:25:58.414, 6, 0, 3, 97887
2026/07/08 15:25:58.429, 7, 0, 3, 97887
2026/07/08 15:25:59.443, 0, 3, 63714, 97887
2026/07/08 15:25:59.460, 1, 3, 63714, 97887
2026/07/08 15:25:59.476, 2, 3, 63714, 97887
2026/07/08 15:25:59.492, 3, 3, 63714, 97887
2026/07/08 15:25:59.506, 4, 0, 3, 97887
2026/07/08 15:25:59.521, 5, 0, 3, 97887
2026/07/08 15:25:59.537, 6, 0, 3, 97887
2026/07/08 15:25:59.552, 7, 0, 3, 97887
2026/07/08 15:26:00.567, 0, 3, 63714, 97887
2026/07/08 15:26:00.583, 1, 3, 63714, 97887
2026/07/08 15:26:00.599, 2, 3, 63714, 97887
2026/07/08 15:26:00.615, 3, 3, 63714, 97887
2026/07/08 15:26:00.630, 4, 0, 3, 97887
2026/07/08 15:26:00.646, 5, 0, 3, 97887
2026/07/08 15:26:00.665, 6, 0, 3, 97887
2026/07/08 15:26:00.682, 7, 0, 3, 97887
2026/07/08 15:26:01.698, 0, 3, 63714, 97887
2026/07/08 15:26:01.715, 1, 3, 63714, 97887
2026/07/08 15:26:01.728, 2, 3, 63714, 97887
2026/07/08 15:26:01.743, 3, 3, 63714, 97887
2026/07/08 15:26:01.758, 4, 0, 3, 97887
2026/07/08 15:26:01.773, 5, 0, 3, 97887
2026/07/08 15:26:01.789, 6, 0, 3, 97887
2026/07/08 15:26:01.803, 7, 0, 3, 97887
2026/07/08 15:26:02.819, 0, 3, 63714, 97887
2026/07/08 15:26:02.835, 1, 3, 63714, 97887
2026/07/08 15:26:02.852, 2, 3, 63714, 97887
2026/07/08 15:26:02.866, 3, 2, 63714, 97887
2026/07/08 15:26:02.883, 4, 0, 3, 97887
2026/07/08 15:26:02.898, 5, 0, 3, 97887
2026/07/08 15:26:02.914, 6, 0, 3, 97887
2026/07/08 15:26:02.928, 7, 0, 3, 97887
2026/07/08 15:26:03.943, 0, 3, 63714, 97887
2026/07/08 15:26:03.959, 1, 3, 63714, 97887
2026/07/08 15:26:03.974, 2, 2, 63714, 97887
2026/07/08 15:26:03.989, 3, 3, 63714, 97887
2026/07/08 15:26:04.004, 4, 0, 3, 97887
2026/07/08 15:26:04.020, 5, 0, 3, 97887
2026/07/08 15:26:04.033, 6, 0, 3, 97887
2026/07/08 15:26:04.045, 7, 0, 3, 97887
2026/07/08 15:26:05.058, 0, 3, 63714, 97887
2026/07/08 15:26:05.075, 1, 3, 63714, 97887
2026/07/08 15:26:05.089, 2, 3, 63714, 97887
2026/07/08 15:26:05.106, 3, 3, 63714, 97887
2026/07/08 15:26:05.121, 4, 0, 3, 97887
2026/07/08 15:26:05.138, 5, 0, 3, 97887
2026/07/08 15:26:05.152, 6, 0, 3, 97887
2026/07/08 15:26:05.168, 7, 0, 3, 97887
2026/07/08 15:26:06.184, 0, 3, 63714, 97887
2026/07/08 15:26:06.200, 1, 3, 63714, 97887
2026/07/08 15:26:06.217, 2, 2, 63714, 97887
2026/07/08 15:26:06.235, 3, 3, 63714, 97887
2026/07/08 15:26:06.249, 4, 0, 3, 97887
2026/07/08 15:26:06.266, 5, 0, 3, 97887
2026/07/08 15:26:06.280, 6, 0, 3, 97887
2026/07/08 15:26:06.293, 7, 0, 3, 97887
2026/07/08 15:26:07.307, 0, 3, 63714, 97887
2026/07/08 15:26:07.325, 1, 3, 63714, 97887
2026/07/08 15:26:07.340, 2, 3, 63714, 97887
2026/07/08 15:26:07.356, 3, 3, 63714, 97887
2026/07/08 15:26:07.371, 4, 0, 3, 97887
2026/07/08 15:26:07.387, 5, 0, 3, 97887
2026/07/08 15:26:07.402, 6, 0, 3, 97887
2026/07/08 15:26:07.419, 7, 0, 3, 97887
2026/07/08 15:26:08.436, 0, 3, 63714, 97887
2026/07/08 15:26:08.452, 1, 2, 63714, 97887
2026/07/08 15:26:08.467, 2, 3, 63714, 97887
2026/07/08 15:26:08.484, 3, 3, 63714, 97887
2026/07/08 15:26:08.500, 4, 0, 3, 97887
2026/07/08 15:26:08.517, 5, 0, 3, 97887
2026/07/08 15:26:08.533, 6, 0, 3, 97887
2026/07/08 15:26:08.549, 7, 0, 3, 97887
2026/07/08 15:26:09.564, 0, 3, 63714, 97887
2026/07/08 15:26:09.578, 1, 3, 63714, 97887
2026/07/08 15:26:09.593, 2, 3, 63714, 97887
2026/07/08 15:26:09.609, 3, 3, 63714, 97887
2026/07/08 15:26:09.624, 4, 0, 3, 97887
2026/07/08 15:26:09.638, 5, 0, 3, 97887
2026/07/08 15:26:09.653, 6, 0, 3, 97887
2026/07/08 15:26:09.668, 7, 0, 3, 97887
2026/07/08 15:26:10.681, 0, 3, 63714, 97887
2026/07/08 15:26:10.698, 1, 3, 63714, 97887
2026/07/08 15:26:10.714, 2, 3, 63714, 97887
2026/07/08 15:26:10.731, 3, 3, 63714, 97887
2026/07/08 15:26:10.748, 4, 0, 3, 97887
2026/07/08 15:26:10.765, 5, 0, 3, 97887
2026/07/08 15:26:10.781, 6, 0, 3, 97887
2026/07/08 15:26:10.798, 7, 0, 3, 97887
2026/07/08 15:26:11.813, 0, 2, 63714, 97887
2026/07/08 15:26:11.830, 1, 3, 63714, 97887
2026/07/08 15:26:11.845, 2, 3, 63714, 97887
2026/07/08 15:26:11.860, 3, 3, 63714, 97887
2026/07/08 15:26:11.876, 4, 0, 3, 97887
2026/07/08 15:26:11.891, 5, 0, 3, 97887
2026/07/08 15:26:11.906, 6, 0, 3, 97887
2026/07/08 15:26:11.917, 7, 0, 3, 97887
2026/07/08 15:26:12.930, 0, 2, 63714, 97887
2026/07/08 15:26:12.948, 1, 3, 63714, 97887
2026/07/08 15:26:12.962, 2, 2, 63714, 97887
2026/07/08 15:26:12.977, 3, 3, 63714, 97887
2026/07/08 15:26:12.994, 4, 0, 3, 97887
2026/07/08 15:26:13.011, 5, 0, 3, 97887
2026/07/08 15:26:13.026, 6, 0, 3, 97887
2026/07/08 15:26:13.043, 7, 0, 3, 97887
2026/07/08 15:26:14.076, 0, 3, 63714, 97887
2026/07/08 15:26:14.090, 1, 3, 63714, 97887
2026/07/08 15:26:14.104, 2, 4, 63714, 97887
2026/07/08 15:26:14.115, 3, 3, 63714, 97887
2026/07/08 15:26:14.129, 4, 0, 3, 97887
2026/07/08 15:26:14.144, 5, 0, 3, 97887
2026/07/08 15:26:14.162, 6, 0, 3, 97887
2026/07/08 15:26:14.178, 7, 0, 3, 97887
2026/07/08 15:26:15.197, 0, 2, 63714, 97887
2026/07/08 15:26:15.211, 1, 3, 63714, 97887
2026/07/08 15:26:15.226, 2, 3, 63714, 97887
2026/07/08 15:26:15.241, 3, 3, 63714, 97887
2026/07/08 15:26:15.256, 4, 0, 3, 97887
2026/07/08 15:26:15.270, 5, 0, 3, 97887
2026/07/08 15:26:15.284, 6, 0, 3, 97887
2026/07/08 15:26:15.298, 7, 0, 3, 97887
2026/07/08 15:26:16.313, 0, 3, 63714, 97887
2026/07/08 15:26:16.331, 1, 3, 63714, 97887
2026/07/08 15:26:16.348, 2, 3, 63714, 97887
2026/07/08 15:26:16.367, 3, 3, 63714, 97887
2026/07/08 15:26:16.383, 4, 0, 3, 97887
2026/07/08 15:26:16.401, 5, 0, 3, 97887
2026/07/08 15:26:16.418, 6, 0, 3, 97887
2026/07/08 15:26:16.435, 7, 0, 3, 97887
2026/07/08 15:26:17.452, 0, 3, 63714, 97887
2026/07/08 15:26:17.469, 1, 2, 63714, 97887
2026/07/08 15:26:17.485, 2, 3, 63714, 97887
2026/07/08 15:26:17.501, 3, 3, 63714, 97887
2026/07/08 15:26:17.517, 4, 0, 3, 97887
2026/07/08 15:26:17.532, 5, 0, 3, 97887
2026/07/08 15:26:17.547, 6, 0, 3, 97887
2026/07/08 15:26:17.561, 7, 0, 3, 97887
2026/07/08 15:26:18.577, 0, 3, 63714, 97887
2026/07/08 15:26:18.592, 1, 3, 63714, 97887
2026/07/08 15:26:18.605, 2, 3, 63714, 97887
2026/07/08 15:26:18.616, 3, 3, 63714, 97887
2026/07/08 15:26:18.627, 4, 0, 3, 97887
2026/07/08 15:26:18.640, 5, 0, 3, 97887
2026/07/08 15:26:18.652, 6, 0, 3, 97887
2026/07/08 15:26:18.662, 7, 0, 3, 97887
2026/07/08 15:26:19.675, 0, 3, 63714, 97887
2026/07/08 15:26:19.691, 1, 3, 63714, 97887
2026/07/08 15:26:19.703, 2, 3, 63714, 97887
2026/07/08 15:26:19.715, 3, 3, 63714, 97887
2026/07/08 15:26:19.731, 4, 0, 3, 97887
2026/07/08 15:26:19.743, 5, 0, 3, 97887
2026/07/08 15:26:19.755, 6, 0, 3, 97887
2026/07/08 15:26:19.767, 7, 0, 3, 97887
2026/07/08 15:26:20.784, 0, 3, 63714, 97887
2026/07/08 15:26:20.800, 1, 3, 63714, 97887
2026/07/08 15:26:20.814, 2, 3, 63714, 97887
2026/07/08 15:26:20.830, 3, 3, 63714, 97887
2026/07/08 15:26:20.844, 4, 0, 3, 97887
2026/07/08 15:26:20.859, 5, 0, 3, 97887
2026/07/08 15:26:20.871, 6, 0, 3, 97887
2026/07/08 15:26:20.886, 7, 0, 3, 97887
2026/07/08 15:26:21.901, 0, 3, 63714, 97887
2026/07/08 15:26:21.922, 1, 3, 63714, 97887
2026/07/08 15:26:21.939, 2, 3, 63714, 97887
2026/07/08 15:26:21.954, 3, 3, 63714, 97887
2026/07/08 15:26:21.970, 4, 0, 3, 97887
2026/07/08 15:26:21.985, 5, 0, 3, 97887
2026/07/08 15:26:22.002, 6, 0, 3, 97887
2026/07/08 15:26:22.015, 7, 0, 3, 97887
2026/07/08 15:26:23.029, 0, 100, 46774, 97887
2026/07/08 15:26:23.046, 1, 0, 63714, 97887
2026/07/08 15:26:23.063, 2, 100, 46774, 97887
2026/07/08 15:26:23.081, 3, 0, 63714, 97887
2026/07/08 15:26:23.097, 4, 0, 3, 97887
2026/07/08 15:26:23.115, 5, 0, 3, 97887
2026/07/08 15:26:23.132, 6, 0, 3, 97887
2026/07/08 15:26:23.147, 7, 0, 3, 97887
2026/07/08 15:26:24.164, 0, 0, 46796, 97887
2026/07/08 15:26:24.180, 1, 2, 46802, 97887
2026/07/08 15:26:24.196, 2, 2, 46796, 97887
2026/07/08 15:26:24.213, 3, 0, 46802, 97887
2026/07/08 15:26:24.230, 4, 0, 3, 97887
2026/07/08 15:26:24.247, 5, 0, 3, 97887
2026/07/08 15:26:24.264, 6, 0, 3, 97887
2026/07/08 15:26:24.280, 7, 0, 3, 97887
2026/07/08 15:26:25.298, 0, 0, 46804, 97887
2026/07/08 15:26:25.315, 1, 0, 46802, 97887
2026/07/08 15:26:25.330, 2, 0, 46804, 97887
2026/07/08 15:26:25.346, 3, 100, 46802, 97887
2026/07/08 15:26:25.363, 4, 0, 3, 97887
2026/07/08 15:26:25.375, 5, 0, 3, 97887
2026/07/08 15:26:25.387, 6, 0, 3, 97887
2026/07/08 15:26:25.396, 7, 0, 3, 97887
2026/07/08 15:26:26.409, 0, 0, 46840, 97887
2026/07/08 15:26:26.426, 1, 0, 46836, 97887
2026/07/08 15:26:26.441, 2, 0, 46838, 97887
2026/07/08 15:26:26.456, 3, 0, 46836, 97887
2026/07/08 15:26:26.472, 4, 0, 3, 97887
2026/07/08 15:26:26.489, 5, 0, 3, 97887
2026/07/08 15:26:26.504, 6, 0, 3, 97887
2026/07/08 15:26:26.519, 7, 0, 3, 97887
2026/07/08 15:26:27.532, 0, 89, 46840, 97887
2026/07/08 15:26:27.548, 1, 100, 46836, 97887
2026/07/08 15:26:27.563, 2, 100, 46838, 97887
2026/07/08 15:26:27.577, 3, 100, 46836, 97887
2026/07/08 15:26:27.593, 4, 0, 3, 97887
2026/07/08 15:26:27.609, 5, 0, 3, 97887
2026/07/08 15:26:27.625, 6, 0, 3, 97887
2026/07/08 15:26:27.639, 7, 0, 3, 97887
2026/07/08 15:26:28.653, 0, 5, 46840, 97887
2026/07/08 15:26:28.670, 1, 5, 46836, 97887
2026/07/08 15:26:28.685, 2, 5, 46838, 97887
2026/07/08 15:26:28.701, 3, 5, 46836, 97887
2026/07/08 15:26:28.716, 4, 0, 3, 97887
2026/07/08 15:26:28.728, 5, 0, 3, 97887
2026/07/08 15:26:28.737, 6, 0, 3, 97887
2026/07/08 15:26:28.749, 7, 0, 3, 97887
2026/07/08 15:26:29.763, 0, 5, 46840, 97887
2026/07/08 15:26:29.777, 1, 5, 46836, 97887
2026/07/08 15:26:29.792, 2, 6, 46838, 97887
2026/07/08 15:26:29.808, 3, 5, 46836, 97887
2026/07/08 15:26:29.822, 4, 0, 3, 97887
2026/07/08 15:26:29.839, 5, 0, 3, 97887
2026/07/08 15:26:29.856, 6, 0, 3, 97887
2026/07/08 15:26:29.872, 7, 0, 3, 97887
2026/07/08 15:26:30.887, 0, 5, 46840, 97887
2026/07/08 15:26:30.906, 1, 6, 46836, 97887
2026/07/08 15:26:30.923, 2, 6, 46838, 97887
2026/07/08 15:26:30.940, 3, 5, 46836, 97887
2026/07/08 15:26:30.956, 4, 0, 3, 97887
2026/07/08 15:26:30.971, 5, 0, 3, 97887
2026/07/08 15:26:30.987, 6, 0, 3, 97887
2026/07/08 15:26:31.004, 7, 0, 3, 97887
2026/07/08 15:26:32.020, 0, 5, 46840, 97887
2026/07/08 15:26:32.037, 1, 5, 46836, 97887
2026/07/08 15:26:32.053, 2, 5, 46838, 97887
2026/07/08 15:26:32.065, 3, 5, 46836, 97887
2026/07/08 15:26:32.080, 4, 0, 3, 97887
2026/07/08 15:26:32.094, 5, 0, 3, 97887
2026/07/08 15:26:32.110, 6, 0, 3, 97887
2026/07/08 15:26:32.125, 7, 0, 3, 97887
2026/07/08 15:26:33.141, 0, 5, 46840, 97887
2026/07/08 15:26:33.158, 1, 5, 46836, 97887
2026/07/08 15:26:33.173, 2, 5, 46838, 97887
2026/07/08 15:26:33.190, 3, 5, 46836, 97887
2026/07/08 15:26:33.206, 4, 0, 3, 97887
2026/07/08 15:26:33.224, 5, 0, 3, 97887
2026/07/08 15:26:33.242, 6, 0, 3, 97887
2026/07/08 15:26:33.259, 7, 0, 3, 97887
2026/07/08 15:26:34.275, 0, 63, 46840, 97887
2026/07/08 15:26:34.293, 1, 61, 46836, 97887
2026/07/08 15:26:34.311, 2, 13, 46838, 97887
2026/07/08 15:26:34.328, 3, 10, 46836, 97887
2026/07/08 15:26:34.344, 4, 0, 3, 97887
2026/07/08 15:26:34.359, 5, 0, 3, 97887
2026/07/08 15:26:34.375, 6, 0, 3, 97887
2026/07/08 15:26:34.392, 7, 0, 3, 97887
2026/07/08 15:26:35.407, 0, 16, 57060, 97887
2026/07/08 15:26:35.426, 1, 5, 57056, 97887
2026/07/08 15:26:35.445, 2, 4, 57058, 97887
2026/07/08 15:26:35.461, 3, 4, 57056, 97887
2026/07/08 15:26:35.476, 4, 0, 3, 97887
2026/07/08 15:26:35.493, 5, 0, 3, 97887
2026/07/08 15:26:35.510, 6, 0, 3, 97887
2026/07/08 15:26:35.525, 7, 0, 3, 97887
2026/07/08 15:26:36.542, 0, 10, 57060, 97887
2026/07/08 15:26:36.562, 1, 11, 57056, 97887
2026/07/08 15:26:36.579, 2, 11, 57058, 97887
2026/07/08 15:26:36.594, 3, 11, 57056, 97887
2026/07/08 15:26:36.611, 4, 0, 3, 97887
2026/07/08 15:26:36.629, 5, 0, 3, 97887
2026/07/08 15:26:36.645, 6, 0, 3, 97887
2026/07/08 15:26:36.659, 7, 0, 3, 97887
2026/07/08 15:26:37.675, 0, 10, 57060, 97887
2026/07/08 15:26:37.693, 1, 10, 57056, 97887
2026/07/08 15:26:37.712, 2, 13, 57058, 97887
2026/07/08 15:26:37.728, 3, 10, 57056, 97887
2026/07/08 15:26:37.745, 4, 0, 3, 97887
2026/07/08 15:26:37.763, 5, 0, 3, 97887
2026/07/08 15:26:37.780, 6, 0, 3, 97887
2026/07/08 15:26:37.798, 7, 0, 3, 97887
2026/07/08 15:26:38.814, 0, 12, 57060, 97887
2026/07/08 15:26:38.826, 1, 12, 57056, 97887
2026/07/08 15:26:38.837, 2, 10, 57058, 97887
2026/07/08 15:26:38.848, 3, 11, 57056, 97887
2026/07/08 15:26:38.859, 4, 0, 3, 97887
2026/07/08 15:26:38.871, 5, 0, 3, 97887
2026/07/08 15:26:38.881, 6, 0, 3, 97887
2026/07/08 15:26:38.894, 7, 0, 3, 97887
2026/07/08 15:26:39.904, 0, 10, 57060, 97887
2026/07/08 15:26:39.917, 1, 11, 57056, 97887
2026/07/08 15:26:39.928, 2, 11, 57058, 97887
2026/07/08 15:26:39.939, 3, 11, 57056, 97887
2026/07/08 15:26:39.950, 4, 0, 3, 97887
2026/07/08 15:26:39.962, 5, 0, 3, 97887
2026/07/08 15:26:39.973, 6, 0, 3, 97887
2026/07/08 15:26:39.984, 7, 0, 3, 97887
2026/07/08 15:26:40.997, 0, 5, 57060, 97887
2026/07/08 15:26:41.010, 1, 5, 57056, 97887
2026/07/08 15:26:41.025, 2, 4, 57058, 97887
2026/07/08 15:26:41.038, 3, 11, 57056, 97887
2026/07/08 15:26:41.051, 4, 0, 3, 97887
2026/07/08 15:26:41.063, 5, 0, 3, 97887
2026/07/08 15:26:41.076, 6, 0, 3, 97887
2026/07/08 15:26:41.090, 7, 0, 3, 97887
2026/07/08 15:26:42.108, 0, 6, 57060, 97887
2026/07/08 15:26:42.126, 1, 5, 57056, 97887
2026/07/08 15:26:42.141, 2, 5, 57058, 97887
2026/07/08 15:26:42.158, 3, 4, 57056, 97887
2026/07/08 15:26:42.175, 4, 0, 3, 97887
2026/07/08 15:26:42.193, 5, 0, 3, 97887
2026/07/08 15:26:42.210, 6, 0, 3, 97887
2026/07/08 15:26:42.227, 7, 0, 3, 97887
2026/07/08 15:26:43.245, 0, 4, 52836, 97887
2026/07/08 15:26:43.269, 1, 0, 53076, 97887
2026/07/08 15:26:43.288, 2, 3, 52076, 97887
2026/07/08 15:26:43.312, 3, 0, 53936, 97887
2026/07/08 15:26:43.329, 4, 0, 3, 97887
2026/07/08 15:26:43.347, 5, 0, 3, 97887
2026/07/08 15:26:43.365, 6, 0, 3, 97887
2026/07/08 15:26:43.382, 7, 0, 3, 97887
2026/07/08 15:26:44.403, 0, 4, 46820, 97887
2026/07/08 15:26:44.421, 1, 4, 46820, 97887
2026/07/08 15:26:44.439, 2, 4, 46820, 97887
2026/07/08 15:26:44.456, 3, 4, 46820, 97887
2026/07/08 15:26:44.474, 4, 0, 3, 97887
2026/07/08 15:26:44.490, 5, 0, 3, 97887
2026/07/08 15:26:44.507, 6, 0, 3, 97887
2026/07/08 15:26:44.524, 7, 0, 3, 97887
2026/07/08 15:26:45.540, 0, 4, 46826, 97887
2026/07/08 15:26:45.558, 1, 4, 46826, 97887
2026/07/08 15:26:45.571, 2, 4, 46826, 97887
2026/07/08 15:26:45.587, 3, 4, 46826, 97887
2026/07/08 15:26:45.601, 4, 0, 3, 97887
2026/07/08 15:26:45.610, 5, 0, 3, 97887
2026/07/08 15:26:45.626, 6, 0, 3, 97887
2026/07/08 15:26:45.643, 7, 0, 3, 97887
2026/07/08 15:26:46.661, 0, 5, 46832, 97887
2026/07/08 15:26:46.677, 1, 4, 46830, 97887
2026/07/08 15:26:46.692, 2, 4, 46830, 97887
2026/07/08 15:26:46.706, 3, 4, 46830, 97887
2026/07/08 15:26:46.721, 4, 0, 3, 97887
2026/07/08 15:26:46.736, 5, 0, 3, 97887
2026/07/08 15:26:46.754, 6, 0, 3, 97887
2026/07/08 15:26:46.770, 7, 0, 3, 97887
2026/07/08 15:26:47.786, 0, 4, 46838, 97887
2026/07/08 15:26:47.805, 1, 4, 46836, 97887
2026/07/08 15:26:47.823, 2, 4, 46836, 97887
2026/07/08 15:26:47.839, 3, 4, 46836, 97887
2026/07/08 15:26:47.856, 4, 0, 3, 97887
2026/07/08 15:26:47.871, 5, 0, 3, 97887
2026/07/08 15:26:47.886, 6, 0, 3, 97887
2026/07/08 15:26:47.901, 7, 0, 3, 97887
2026/07/08 15:26:48.916, 0, 4, 46842, 97887
2026/07/08 15:26:48.934, 1, 2, 46842, 97887
2026/07/08 15:26:48.951, 2, 2, 46842, 97887
2026/07/08 15:26:48.966, 3, 2, 46842, 97887
2026/07/08 15:26:48.983, 4, 0, 3, 97887
2026/07/08 15:26:49.001, 5, 0, 3, 97887
2026/07/08 15:26:49.016, 6, 0, 3, 97887
2026/07/08 15:26:49.030, 7, 0, 3, 97887
2026/07/08 15:26:50.045, 0, 4, 46848, 97887
2026/07/08 15:26:50.061, 1, 4, 46848, 97887
2026/07/08 15:26:50.077, 2, 4, 46848, 97887
2026/07/08 15:26:50.094, 3, 4, 46848, 97887
2026/07/08 15:26:50.110, 4, 0, 3, 97887
2026/07/08 15:26:50.124, 5, 0, 3, 97887
2026/07/08 15:26:50.141, 6, 0, 3, 97887
2026/07/08 15:26:50.157, 7, 0, 3, 97887
2026/07/08 15:26:51.173, 0, 4, 46854, 97887
2026/07/08 15:26:51.189, 1, 4, 46854, 97887
2026/07/08 15:26:51.203, 2, 4, 46854, 97887
2026/07/08 15:26:51.216, 3, 5, 46854, 97887
2026/07/08 15:26:51.228, 4, 0, 3, 97887
2026/07/08 15:26:51.240, 5, 0, 3, 97887
2026/07/08 15:26:51.256, 6, 0, 3, 97887
2026/07/08 15:26:51.272, 7, 0, 3, 97887
2026/07/08 15:26:52.289, 0, 0, 46876, 97887
2026/07/08 15:26:52.306, 1, 0, 46874, 97887
2026/07/08 15:26:52.322, 2, 0, 46876, 97887
2026/07/08 15:26:52.339, 3, 0, 46874, 97887
2026/07/08 15:26:52.356, 4, 0, 3, 97887
2026/07/08 15:26:52.372, 5, 0, 3, 97887
2026/07/08 15:26:52.388, 6, 0, 3, 97887
2026/07/08 15:26:52.405, 7, 0, 3, 97887
2026/07/08 15:26:53.422, 0, 0, 46878, 97887
2026/07/08 15:26:53.439, 1, 0, 46874, 97887
2026/07/08 15:26:53.458, 2, 0, 46876, 97887
2026/07/08 15:26:53.475, 3, 0, 46874, 97887
2026/07/08 15:26:53.491, 4, 0, 3, 97887
2026/07/08 15:26:53.508, 5, 0, 3, 97887
2026/07/08 15:26:53.524, 6, 0, 3, 97887
2026/07/08 15:26:53.540, 7, 0, 3, 97887
2026/07/08 15:26:54.557, 0, 51, 46878, 97887
2026/07/08 15:26:54.574, 1, 0, 46874, 97887
2026/07/08 15:26:54.588, 2, 0, 46876, 97887
2026/07/08 15:26:54.602, 3, 63, 46874, 97887
2026/07/08 15:26:54.616, 4, 0, 3, 97887
2026/07/08 15:26:54.633, 5, 0, 3, 97887
2026/07/08 15:26:54.652, 6, 0, 3, 97887
2026/07/08 15:26:54.667, 7, 0, 3, 97887
2026/07/08 15:26:55.685, 0, 5, 46878, 97887
2026/07/08 15:26:55.706, 1, 6, 46874, 97887
2026/07/08 15:26:55.721, 2, 5, 46876, 97887
2026/07/08 15:26:55.739, 3, 6, 46874, 97887
2026/07/08 15:26:55.757, 4, 0, 3, 97887
2026/07/08 15:26:55.775, 5, 0, 3, 97887
2026/07/08 15:26:55.795, 6, 0, 3, 97887
2026/07/08 15:26:55.813, 7, 0, 3, 97887
2026/07/08 15:26:56.832, 0, 5, 46878, 97887
2026/07/08 15:26:56.843, 1, 5, 46874, 97887
2026/07/08 15:26:56.857, 2, 5, 46876, 97887
2026/07/08 15:26:56.872, 3, 6, 46874, 97887
2026/07/08 15:26:56.888, 4, 0, 3, 97887
2026/07/08 15:26:56.903, 5, 0, 3, 97887
2026/07/08 15:26:56.914, 6, 0, 3, 97887
2026/07/08 15:26:56.922, 7, 0, 3, 97887
2026/07/08 15:26:57.931, 0, 5, 46878, 97887
2026/07/08 15:26:57.946, 1, 5, 46874, 97887
2026/07/08 15:26:57.961, 2, 6, 46876, 97887
2026/07/08 15:26:57.976, 3, 5, 46874, 97887
2026/07/08 15:26:57.991, 4, 0, 3, 97887
2026/07/08 15:26:58.005, 5, 0, 3, 97887
2026/07/08 15:26:58.020, 6, 0, 3, 97887
2026/07/08 15:26:58.036, 7, 0, 3, 97887
2026/07/08 15:26:59.050, 0, 5, 46878, 97887
2026/07/08 15:26:59.066, 1, 5, 46874, 97887
2026/07/08 15:26:59.079, 2, 6, 46876, 97887
2026/07/08 15:26:59.089, 3, 5, 46874, 97887
2026/07/08 15:26:59.099, 4, 0, 3, 97887
2026/07/08 15:26:59.110, 5, 0, 3, 97887
2026/07/08 15:26:59.124, 6, 0, 3, 97887
2026/07/08 15:26:59.138, 7, 0, 3, 97887
2026/07/08 15:27:00.153, 0, 5, 46878, 97887
2026/07/08 15:27:00.167, 1, 6, 46874, 97887
2026/07/08 15:27:00.180, 2, 6, 46876, 97887
2026/07/08 15:27:00.194, 3, 6, 46874, 97887
2026/07/08 15:27:00.207, 4, 0, 3, 97887
2026/07/08 15:27:00.222, 5, 0, 3, 97887
2026/07/08 15:27:00.235, 6, 0, 3, 97887
2026/07/08 15:27:00.249, 7, 0, 3, 97887
2026/07/08 15:27:01.263, 0, 100, 46878, 97887
2026/07/08 15:27:01.277, 1, 17, 46874, 97887
2026/07/08 15:27:01.287, 2, 54, 46876, 97887
2026/07/08 15:27:01.300, 3, 100, 46874, 97887
2026/07/08 15:27:01.314, 4, 0, 3, 97887
2026/07/08 15:27:01.327, 5, 0, 3, 97887
2026/07/08 15:27:01.342, 6, 0, 3, 97887
2026/07/08 15:27:01.357, 7, 0, 3, 97887
2026/07/08 15:27:02.372, 0, 0, 46878, 97887
2026/07/08 15:27:02.388, 1, 0, 46874, 97887
2026/07/08 15:27:02.402, 2, 0, 46876, 97887
2026/07/08 15:27:02.415, 3, 0, 46874, 97887
2026/07/08 15:27:02.430, 4, 0, 3, 97887
2026/07/08 15:27:02.451, 5, 0, 3, 97887
2026/07/08 15:27:02.467, 6, 0, 3, 97887
2026/07/08 15:27:02.482, 7, 0, 3, 97887
2026/07/08 15:27:03.499, 0, 0, 57096, 97887
2026/07/08 15:27:03.516, 1, 0, 57096, 97887
2026/07/08 15:27:03.531, 2, 0, 57096, 97887
2026/07/08 15:27:03.543, 3, 0, 57096, 97887
2026/07/08 15:27:03.556, 4, 0, 3, 97887
2026/07/08 15:27:03.568, 5, 0, 3, 97887
2026/07/08 15:27:03.581, 6, 0, 3, 97887
2026/07/08 15:27:03.594, 7, 0, 3, 97887
2026/07/08 15:27:04.609, 0, 4, 57102, 97887
2026/07/08 15:27:04.624, 1, 4, 57102, 97887
2026/07/08 15:27:04.638, 2, 4, 57102, 97887
2026/07/08 15:27:04.653, 3, 4, 57102, 97887
2026/07/08 15:27:04.667, 4, 0, 3, 97887
2026/07/08 15:27:04.680, 5, 0, 3, 97887
2026/07/08 15:27:04.695, 6, 0, 3, 97887
2026/07/08 15:27:04.708, 7, 0, 3, 97887
2026/07/08 15:27:05.723, 0, 4, 57106, 97887
2026/07/08 15:27:05.743, 1, 4, 57106, 97887
2026/07/08 15:27:05.756, 2, 4, 57106, 97887
2026/07/08 15:27:05.771, 3, 4, 57106, 97887
2026/07/08 15:27:05.784, 4, 0, 3, 97887
2026/07/08 15:27:05.799, 5, 0, 3, 97887
2026/07/08 15:27:05.817, 6, 0, 3, 97887
2026/07/08 15:27:05.835, 7, 0, 3, 97887
2026/07/08 15:27:06.852, 0, 4, 57112, 97887
2026/07/08 15:27:06.870, 1, 4, 57112, 97887
2026/07/08 15:27:06.888, 2, 4, 57112, 97887
2026/07/08 15:27:06.904, 3, 4, 57112, 97887
2026/07/08 15:27:06.920, 4, 0, 3, 97887
2026/07/08 15:27:06.935, 5, 0, 3, 97887
2026/07/08 15:27:06.951, 6, 0, 3, 97887
2026/07/08 15:27:06.964, 7, 0, 3, 97887
2026/07/08 15:27:07.978, 0, 4, 57118, 97887
2026/07/08 15:27:07.996, 1, 4, 57118, 97887
2026/07/08 15:27:08.013, 2, 4, 57118, 97887
2026/07/08 15:27:08.029, 3, 4, 57118, 97887
2026/07/08 15:27:08.043, 4, 0, 3, 97887
2026/07/08 15:27:08.057, 5, 0, 3, 97887
2026/07/08 15:27:08.073, 6, 0, 3, 97887
2026/07/08 15:27:08.087, 7, 0, 3, 97887
2026/07/08 15:27:09.102, 0, 4, 57124, 97887
2026/07/08 15:27:09.119, 1, 4, 57124, 97887
2026/07/08 15:27:09.136, 2, 4, 57124, 97887
2026/07/08 15:27:09.152, 3, 4, 57124, 97887
2026/07/08 15:27:09.169, 4, 0, 3, 97887
2026/07/08 15:27:09.185, 5, 0, 3, 97887
2026/07/08 15:27:09.200, 6, 0, 3, 97887
2026/07/08 15:27:09.216, 7, 0, 3, 97887
2026/07/08 15:27:10.232, 0, 4, 57130, 97887
2026/07/08 15:27:10.249, 1, 4, 57130, 97887
2026/07/08 15:27:10.265, 2, 4, 57130, 97887
2026/07/08 15:27:10.281, 3, 4, 57130, 97887
2026/07/08 15:27:10.299, 4, 0, 3, 97887
2026/07/08 15:27:10.316, 5, 0, 3, 97887
2026/07/08 15:27:10.331, 6, 0, 3, 97887
2026/07/08 15:27:10.346, 7, 0, 3, 97887
2026/07/08 15:27:11.360, 0, 4, 57134, 97887
2026/07/08 15:27:11.379, 1, 4, 57134, 97887
2026/07/08 15:27:11.395, 2, 5, 57134, 97887
2026/07/08 15:27:11.412, 3, 4, 57134, 97887
2026/07/08 15:27:11.428, 4, 0, 3, 97887
2026/07/08 15:27:11.444, 5, 0, 3, 97887
2026/07/08 15:27:11.461, 6, 0, 3, 97887
2026/07/08 15:27:11.479, 7, 0, 3, 97887
2026/07/08 15:27:12.495, 0, 0, 46896, 97887
2026/07/08 15:27:12.513, 1, 12, 46896, 97887
2026/07/08 15:27:12.529, 2, 0, 46896, 97887
2026/07/08 15:27:12.541, 3, 0, 46896, 97887
2026/07/08 15:27:12.555, 4, 0, 3, 97887
2026/07/08 15:27:12.568, 5, 0, 3, 97887
2026/07/08 15:27:12.584, 6, 0, 3, 97887
2026/07/08 15:27:12.602, 7, 0, 3, 97887
2026/07/08 15:27:13.622, 0, 0, 46896, 97887
2026/07/08 15:27:13.643, 1, 0, 46896, 97887
2026/07/08 15:27:13.663, 2, 0, 46896, 97887
2026/07/08 15:27:13.685, 3, 0, 46896, 97887
2026/07/08 15:27:13.705, 4, 0, 3, 97887
2026/07/08 15:27:13.723, 5, 0, 3, 97887
2026/07/08 15:27:13.741, 6, 0, 3, 97887
2026/07/08 15:27:13.759, 7, 0, 3, 97887
2026/07/08 15:27:14.778, 0, 0, 46896, 97887
2026/07/08 15:27:14.797, 1, 0, 46896, 97887
2026/07/08 15:27:14.811, 2, 0, 46896, 97887
2026/07/08 15:27:14.824, 3, 0, 46896, 97887
2026/07/08 15:27:14.839, 4, 0, 3, 97887
2026/07/08 15:27:14.853, 5, 0, 3, 97887
2026/07/08 15:27:14.869, 6, 0, 3, 97887
2026/07/08 15:27:14.886, 7, 0, 3, 97887
2026/07/08 15:27:15.902, 0, 0, 46896, 97887
2026/07/08 15:27:15.921, 1, 0, 46896, 97887
2026/07/08 15:27:15.954, 2, 0, 46896, 97887
2026/07/08 15:27:15.988, 3, 0, 46896, 97887
2026/07/08 15:27:16.016, 4, 0, 3, 97887
2026/07/08 15:27:16.039, 5, 0, 3, 97887
2026/07/08 15:27:16.061, 6, 0, 3, 97887
2026/07/08 15:27:16.083, 7, 0, 3, 97887
2026/07/08 15:27:17.101, 0, 0, 46896, 97887
2026/07/08 15:27:17.120, 1, 0, 46896, 97887
2026/07/08 15:27:17.140, 2, 0, 46896, 97887
2026/07/08 15:27:17.158, 3, 0, 46896, 97887
2026/07/08 15:27:17.175, 4, 0, 3, 97887
2026/07/08 15:27:17.191, 5, 0, 3, 97887
2026/07/08 15:27:17.206, 6, 0, 3, 97887
2026/07/08 15:27:17.223, 7, 0, 3, 97887
2026/07/08 15:27:18.241, 0, 0, 46896, 97887
2026/07/08 15:27:18.256, 1, 0, 46896, 97887
2026/07/08 15:27:18.271, 2, 0, 46896, 97887
2026/07/08 15:27:18.287, 3, 0, 46896, 97887
2026/07/08 15:27:18.301, 4, 0, 3, 97887
2026/07/08 15:27:18.317, 5, 0, 3, 97887
2026/07/08 15:27:18.332, 6, 0, 3, 97887
2026/07/08 15:27:18.348, 7, 0, 3, 97887
2026/07/08 15:27:19.365, 0, 0, 46896, 97887
2026/07/08 15:27:19.386, 1, 0, 46896, 97887
2026/07/08 15:27:19.404, 2, 0, 46896, 97887
2026/07/08 15:27:19.422, 3, 0, 46896, 97887
2026/07/08 15:27:19.440, 4, 0, 3, 97887
2026/07/08 15:27:19.460, 5, 0, 3, 97887
2026/07/08 15:27:19.479, 6, 0, 3, 97887
2026/07/08 15:27:19.495, 7, 0, 3, 97887
2026/07/08 15:27:20.513, 0, 0, 46896, 97887
2026/07/08 15:27:20.529, 1, 0, 46896, 97887
2026/07/08 15:27:20.543, 2, 0, 46896, 97887
2026/07/08 15:27:20.560, 3, 0, 46896, 97887
2026/07/08 15:27:20.575, 4, 0, 3, 97887
2026/07/08 15:27:20.591, 5, 0, 3, 97887
2026/07/08 15:27:20.606, 6, 0, 3, 97887
2026/07/08 15:27:20.622, 7, 0, 3, 97887
2026/07/08 15:27:21.638, 0, 0, 46896, 97887
2026/07/08 15:27:21.662, 1, 0, 46896, 97887
2026/07/08 15:27:21.680, 2, 0, 46896, 97887
2026/07/08 15:27:21.704, 3, 0, 46896, 97887
2026/07/08 15:27:21.723, 4, 0, 3, 97887
2026/07/08 15:27:21.742, 5, 0, 3, 97887
2026/07/08 15:27:21.760, 6, 0, 3, 97887
2026/07/08 15:27:21.780, 7, 0, 3, 97887
2026/07/08 15:27:22.797, 0, 0, 46896, 97887
2026/07/08 15:27:22.814, 1, 0, 46896, 97887
2026/07/08 15:27:22.832, 2, 0, 46896, 97887
2026/07/08 15:27:22.850, 3, 0, 46896, 97887
2026/07/08 15:27:22.867, 4, 0, 3, 97887
2026/07/08 15:27:22.884, 5, 0, 3, 97887
2026/07/08 15:27:22.902, 6, 0, 3, 97887
2026/07/08 15:27:22.919, 7, 0, 3, 97887
2026/07/08 15:27:23.937, 0, 0, 46896, 97887
2026/07/08 15:27:23.957, 1, 0, 46896, 97887
2026/07/08 15:27:23.972, 2, 0, 46896, 97887
2026/07/08 15:27:23.987, 3, 0, 46896, 97887
2026/07/08 15:27:24.003, 4, 0, 3, 97887
2026/07/08 15:27:24.018, 5, 0, 3, 97887
2026/07/08 15:27:24.035, 6, 0, 3, 97887
2026/07/08 15:27:24.049, 7, 0, 3, 97887
2026/07/08 15:27:25.063, 0, 17, 47222, 97887
2026/07/08 15:27:25.081, 1, 48, 47222, 97887
2026/07/08 15:27:25.097, 2, 6, 47456, 97887
2026/07/08 15:27:25.111, 3, 6, 47456, 97887
2026/07/08 15:27:25.126, 4, 0, 3, 97887
2026/07/08 15:27:25.143, 5, 0, 3, 97887
2026/07/08 15:27:25.156, 6, 0, 3, 97887
2026/07/08 15:27:25.172, 7, 0, 3, 97887
2026/07/08 15:27:26.189, 0, 0, 47446, 97887
2026/07/08 15:27:26.207, 1, 0, 47444, 97887
2026/07/08 15:27:26.225, 2, 0, 47456, 97887
2026/07/08 15:27:26.242, 3, 0, 47456, 97887
2026/07/08 15:27:26.256, 4, 0, 3, 97887
2026/07/08 15:27:26.275, 5, 0, 3, 97887
2026/07/08 15:27:26.293, 6, 0, 3, 97887
2026/07/08 15:27:26.310, 7, 0, 3, 97887
2026/07/08 15:27:27.329, 0, 97, 48142, 97887
2026/07/08 15:27:27.347, 1, 97, 48142, 97887
2026/07/08 15:27:27.369, 2, 97, 48162, 97887
2026/07/08 15:27:27.390, 3, 97, 48162, 97887
2026/07/08 15:27:27.410, 4, 0, 3, 97887
2026/07/08 15:27:27.430, 5, 0, 3, 97887
2026/07/08 15:27:27.446, 6, 0, 3, 97887
2026/07/08 15:27:27.461, 7, 0, 3, 97887
2026/07/08 15:27:28.477, 0, 100, 48688, 97887
2026/07/08 15:27:28.496, 1, 83, 48716, 97887
2026/07/08 15:27:28.516, 2, 100, 48712, 97887
2026/07/08 15:27:28.535, 3, 91, 48940, 97887
2026/07/08 15:27:28.562, 4, 0, 4, 97887
2026/07/08 15:27:28.585, 5, 0, 4, 97887
2026/07/08 15:27:28.609, 6, 0, 4, 97887
2026/07/08 15:27:28.623, 7, 0, 4, 97887
2026/07/08 15:27:29.639, 0, 0, 48818, 97887
2026/07/08 15:27:29.655, 1, 0, 48846, 97887
2026/07/08 15:27:29.671, 2, 0, 49638, 97887
2026/07/08 15:27:29.688, 3, 0, 49230, 97887
2026/07/08 15:27:29.704, 4, 0, 4, 97887
2026/07/08 15:27:29.720, 5, 0, 4, 97887
2026/07/08 15:27:29.736, 6, 0, 4, 97887
2026/07/08 15:27:29.749, 7, 0, 4, 97887
2026/07/08 15:27:30.763, 0, 100, 49906, 97887
2026/07/08 15:27:30.779, 1, 97, 49962, 97887
2026/07/08 15:27:30.796, 2, 98, 49942, 97887
2026/07/08 15:27:30.812, 3, 97, 49998, 97887
2026/07/08 15:27:30.829, 4, 0, 4, 97887
2026/07/08 15:27:30.843, 5, 0, 4, 97887
2026/07/08 15:27:30.858, 6, 0, 4, 97887
2026/07/08 15:27:30.874, 7, 0, 4, 97887
2026/07/08 15:27:31.891, 0, 100, 53450, 97887
2026/07/08 15:27:31.908, 1, 99, 54466, 97887
2026/07/08 15:27:31.922, 2, 100, 52990, 97887
2026/07/08 15:27:31.939, 3, 100, 51606, 97887
2026/07/08 15:27:31.953, 4, 0, 4, 97887
2026/07/08 15:27:31.969, 5, 0, 4, 97887
2026/07/08 15:27:31.985, 6, 0, 4, 97887
2026/07/08 15:27:32.000, 7, 0, 4, 97887
2026/07/08 15:27:33.013, 0, 100, 55018, 97887
2026/07/08 15:27:33.032, 1, 100, 58668, 97887
2026/07/08 15:27:33.051, 2, 99, 54758, 97887
2026/07/08 15:27:33.063, 3, 78, 54854, 97887
2026/07/08 15:27:33.074, 4, 0, 4, 97887
2026/07/08 15:27:33.086, 5, 0, 4, 97887
2026/07/08 15:27:33.102, 6, 0, 4, 97887
2026/07/08 15:27:33.121, 7, 0, 4, 97887
2026/07/08 15:27:34.139, 0, 0, 64878, 97887
2026/07/08 15:27:34.153, 1, 0, 66912, 97887
2026/07/08 15:27:34.168, 2, 0, 63224, 97887
2026/07/08 15:27:34.180, 3, 0, 65024, 97887
2026/07/08 15:27:34.193, 4, 0, 4, 97887
2026/07/08 15:27:34.210, 5, 0, 4, 97887
2026/07/08 15:27:34.226, 6, 0, 4, 97887
2026/07/08 15:27:34.240, 7, 0, 4, 97887
2026/07/08 15:27:35.254, 0, 100, 64878, 97887
2026/07/08 15:27:35.270, 1, 100, 66912, 97887
2026/07/08 15:27:35.283, 2, 100, 63224, 97887
2026/07/08 15:27:35.297, 3, 100, 65024, 97887
2026/07/08 15:27:35.311, 4, 0, 4, 97887
2026/07/08 15:27:35.327, 5, 0, 4, 97887
2026/07/08 15:27:35.343, 6, 0, 4, 97887
2026/07/08 15:27:35.358, 7, 0, 4, 97887
2026/07/08 15:27:36.373, 0, 100, 70744, 97887
2026/07/08 15:27:36.386, 1, 100, 72778, 97887
2026/07/08 15:27:36.397, 2, 100, 63224, 97887
2026/07/08 15:27:36.409, 3, 94, 65024, 97887
2026/07/08 15:27:36.420, 4, 0, 4, 97887
2026/07/08 15:27:36.435, 5, 0, 4, 97887
2026/07/08 15:27:36.451, 6, 0, 4, 97887
2026/07/08 15:27:36.466, 7, 0, 4, 97887
2026/07/08 15:27:37.482, 0, 100, 70744, 97887
2026/07/08 15:27:37.499, 1, 100, 72778, 97887
2026/07/08 15:27:37.514, 2, 100, 63224, 97887
2026/07/08 15:27:37.532, 3, 100, 65024, 97887
2026/07/08 15:27:37.547, 4, 0, 4, 97887
2026/07/08 15:27:37.559, 5, 0, 4, 97887
2026/07/08 15:27:37.572, 6, 0, 4, 97887
2026/07/08 15:27:37.585, 7, 0, 4, 97887
2026/07/08 15:27:38.600, 0, 80, 70744, 97887
2026/07/08 15:27:38.614, 1, 98, 72778, 97887
2026/07/08 15:27:38.625, 2, 100, 63224, 97887
2026/07/08 15:27:38.637, 3, 94, 65024, 97887
2026/07/08 15:27:38.648, 4, 0, 4, 97887
2026/07/08 15:27:38.661, 5, 0, 4, 97887
2026/07/08 15:27:38.672, 6, 0, 4, 97887
2026/07/08 15:27:38.682, 7, 0, 4, 97887
2026/07/08 15:27:39.692, 0, 100, 70744, 97887
2026/07/08 15:27:39.705, 1, 100, 72778, 97887
2026/07/08 15:27:39.719, 2, 100, 63224, 97887
2026/07/08 15:27:39.733, 3, 100, 65024, 97887
2026/07/08 15:27:39.749, 4, 0, 4, 97887
2026/07/08 15:27:39.763, 5, 0, 4, 97887
2026/07/08 15:27:39.778, 6, 0, 4, 97887
2026/07/08 15:27:39.790, 7, 0, 4, 97887
2026/07/08 15:27:40.798, 0, 100, 70744, 97887
2026/07/08 15:27:40.815, 1, 94, 72778, 97887
2026/07/08 15:27:40.829, 2, 100, 63224, 97887
2026/07/08 15:27:40.845, 3, 94, 65024, 97887
2026/07/08 15:27:40.855, 4, 0, 4, 97887
2026/07/08 15:27:40.866, 5, 0, 4, 97887
2026/07/08 15:27:40.872, 6, 0, 4, 97887
2026/07/08 15:27:40.882, 7, 0, 4, 97887
2026/07/08 15:27:41.894, 0, 100, 70746, 97887
2026/07/08 15:27:41.909, 1, 100, 72778, 97887
2026/07/08 15:27:41.926, 2, 100, 63226, 97887
2026/07/08 15:27:41.938, 3, 100, 65024, 97887
2026/07/08 15:27:41.952, 4, 0, 4, 97887
2026/07/08 15:27:41.965, 5, 0, 4, 97887
2026/07/08 15:27:41.979, 6, 0, 4, 97887
2026/07/08 15:27:41.991, 7, 0, 4, 97887
2026/07/08 15:27:43.003, 0, 100, 70746, 97887
2026/07/08 15:27:43.016, 1, 100, 72778, 97887
2026/07/08 15:27:43.032, 2, 100, 63226, 97887
2026/07/08 15:27:43.048, 3, 100, 65024, 97887
2026/07/08 15:27:43.065, 4, 0, 4, 97887
2026/07/08 15:27:43.080, 5, 0, 4, 97887
2026/07/08 15:27:43.095, 6, 0, 4, 97887
2026/07/08 15:27:43.110, 7, 0, 4, 97887
2026/07/08 15:27:44.127, 0, 100, 76910, 97887
2026/07/08 15:27:44.145, 1, 100, 78942, 97887
2026/07/08 15:27:44.160, 2, 100, 63226, 97887
2026/07/08 15:27:44.174, 3, 100, 65026, 97887
2026/07/08 15:27:44.189, 4, 0, 4, 97887
2026/07/08 15:27:44.207, 5, 0, 4, 97887
2026/07/08 15:27:44.220, 6, 0, 4, 97887
2026/07/08 15:27:44.238, 7, 0, 4, 97887
2026/07/08 15:27:45.256, 0, 100, 76910, 97887
2026/07/08 15:27:45.275, 1, 100, 78942, 97887
2026/07/08 15:27:45.292, 2, 100, 63226, 97887
2026/07/08 15:27:45.310, 3, 100, 65026, 97887
2026/07/08 15:27:45.328, 4, 0, 4, 97887
2026/07/08 15:27:45.346, 5, 0, 4, 97887
2026/07/08 15:27:45.363, 6, 0, 4, 97887
2026/07/08 15:27:45.381, 7, 0, 4, 97887
2026/07/08 15:27:46.395, 0, 100, 84188, 97887
2026/07/08 15:27:46.411, 1, 100, 86220, 97887
2026/07/08 15:27:46.426, 2, 100, 63226, 97887
2026/07/08 15:27:46.439, 3, 100, 65026, 97887
2026/07/08 15:27:46.454, 4, 0, 4, 97887
2026/07/08 15:27:46.468, 5, 0, 4, 97887
2026/07/08 15:27:46.483, 6, 0, 4, 97887
2026/07/08 15:27:46.496, 7, 0, 4, 97887
2026/07/08 15:27:47.512, 0, 100, 84188, 97887
2026/07/08 15:27:47.527, 1, 100, 86220, 97887
2026/07/08 15:27:47.540, 2, 100, 63226, 97887
2026/07/08 15:27:47.553, 3, 100, 65026, 97887
2026/07/08 15:27:47.567, 4, 0, 4, 97887
2026/07/08 15:27:47.579, 5, 0, 4, 97887
2026/07/08 15:27:47.592, 6, 0, 4, 97887
2026/07/08 15:27:47.604, 7, 0, 4, 97887
2026/07/08 15:27:48.615, 0, 100, 84188, 97887
2026/07/08 15:27:48.630, 1, 100, 86220, 97887
2026/07/08 15:27:48.643, 2, 100, 63226, 97887
2026/07/08 15:27:48.656, 3, 100, 65026, 97887
2026/07/08 15:27:48.666, 4, 0, 4, 97887
2026/07/08 15:27:48.679, 5, 0, 4, 97887
2026/07/08 15:27:48.691, 6, 0, 4, 97887
2026/07/08 15:27:48.705, 7, 0, 4, 97887
2026/07/08 15:27:49.719, 0, 100, 84188, 97887
2026/07/08 15:27:49.738, 1, 100, 86220, 97887
2026/07/08 15:27:49.755, 2, 100, 63226, 97887
2026/07/08 15:27:49.772, 3, 100, 65026, 97887
2026/07/08 15:27:49.788, 4, 0, 4, 97887
2026/07/08 15:27:49.806, 5, 0, 4, 97887
2026/07/08 15:27:49.823, 6, 0, 4, 97887
2026/07/08 15:27:49.840, 7, 0, 4, 97887
2026/07/08 15:27:50.857, 0, 100, 84188, 97887
2026/07/08 15:27:50.874, 1, 100, 86220, 97887
2026/07/08 15:27:50.891, 2, 100, 63226, 97887
2026/07/08 15:27:50.907, 3, 100, 65026, 97887
2026/07/08 15:27:50.924, 4, 0, 4, 97887
2026/07/08 15:27:50.941, 5, 0, 4, 97887
2026/07/08 15:27:50.961, 6, 0, 4, 97887
2026/07/08 15:27:50.978, 7, 0, 4, 97887
2026/07/08 15:27:51.996, 0, 98, 84190, 97887
2026/07/08 15:27:52.013, 1, 97, 86222, 97887
2026/07/08 15:27:52.030, 2, 96, 63228, 97887
2026/07/08 15:27:52.046, 3, 97, 65028, 97887
2026/07/08 15:27:52.063, 4, 0, 4, 97887
2026/07/08 15:27:52.079, 5, 0, 4, 97887
2026/07/08 15:27:52.096, 6, 0, 4, 97887
2026/07/08 15:27:52.111, 7, 0, 4, 97887
2026/07/08 15:27:53.130, 0, 97, 84190, 97887
2026/07/08 15:27:53.145, 1, 98, 86222, 97887
2026/07/08 15:27:53.160, 2, 96, 63228, 97887
2026/07/08 15:27:53.175, 3, 97, 65028, 97887
2026/07/08 15:27:53.190, 4, 0, 4, 97887
2026/07/08 15:27:53.205, 5, 0, 4, 97887
2026/07/08 15:27:53.221, 6, 0, 4, 97887
2026/07/08 15:27:53.236, 7, 0, 4, 97887
2026/07/08 15:27:54.251, 0, 98, 84190, 97887
2026/07/08 15:27:54.268, 1, 96, 86222, 97887
2026/07/08 15:27:54.284, 2, 97, 63228, 97887
2026/07/08 15:27:54.300, 3, 98, 65028, 97887
2026/07/08 15:27:54.317, 4, 0, 4, 97887
2026/07/08 15:27:54.333, 5, 0, 4, 97887
2026/07/08 15:27:54.348, 6, 0, 4, 97887
2026/07/08 15:27:54.364, 7, 0, 4, 97887
2026/07/08 15:27:55.382, 0, 97, 84190, 97887
2026/07/08 15:27:55.397, 1, 97, 86222, 97887
2026/07/08 15:27:55.412, 2, 98, 63228, 97887
2026/07/08 15:27:55.427, 3, 99, 65028, 97887
2026/07/08 15:27:55.444, 4, 0, 4, 97887
2026/07/08 15:27:55.461, 5, 0, 4, 97887
2026/07/08 15:27:55.477, 6, 0, 4, 97887
2026/07/08 15:27:55.495, 7, 0, 4, 97887
2026/07/08 15:27:56.512, 0, 97, 84190, 97887
2026/07/08 15:27:56.529, 1, 97, 86222, 97887
2026/07/08 15:27:56.545, 2, 98, 63228, 97887
2026/07/08 15:27:56.559, 3, 97, 65028, 97887
2026/07/08 15:27:56.574, 4, 0, 4, 97887
2026/07/08 15:27:56.589, 5, 0, 4, 97887
2026/07/08 15:27:56.606, 6, 0, 4, 97887
2026/07/08 15:27:56.620, 7, 0, 4, 97887
2026/07/08 15:27:57.636, 0, 97, 84190, 97887
2026/07/08 15:27:57.651, 1, 98, 86222, 97887
2026/07/08 15:27:57.661, 2, 97, 63228, 97887
2026/07/08 15:27:57.677, 3, 97, 65028, 97887
2026/07/08 15:27:57.693, 4, 0, 4, 97887
2026/07/08 15:27:57.707, 5, 0, 4, 97887
2026/07/08 15:27:57.724, 6, 0, 4, 97887
2026/07/08 15:27:57.741, 7, 0, 4, 97887
2026/07/08 15:27:58.757, 0, 98, 84190, 97887
2026/07/08 15:27:58.772, 1, 98, 86222, 97887
2026/07/08 15:27:58.787, 2, 96, 63228, 97887
2026/07/08 15:27:58.801, 3, 97, 65028, 97887
2026/07/08 15:27:58.815, 4, 0, 4, 97887
2026/07/08 15:27:58.830, 5, 0, 4, 97887
2026/07/08 15:27:58.845, 6, 0, 4, 97887
2026/07/08 15:27:58.859, 7, 0, 4, 97887
2026/07/08 15:27:59.873, 0, 99, 84190, 97887
2026/07/08 15:27:59.889, 1, 98, 86222, 97887
2026/07/08 15:27:59.906, 2, 98, 63228, 97887
2026/07/08 15:27:59.921, 3, 97, 65028, 97887
2026/07/08 15:27:59.934, 4, 0, 4, 97887
2026/07/08 15:27:59.949, 5, 0, 4, 97887
2026/07/08 15:27:59.964, 6, 0, 4, 97887
2026/07/08 15:27:59.980, 7, 0, 4, 97887
2026/07/08 15:28:00.995, 0, 96, 84190, 97887
2026/07/08 15:28:01.011, 1, 97, 86222, 97887
2026/07/08 15:28:01.026, 2, 98, 63228, 97887
2026/07/08 15:28:01.039, 3, 98, 65028, 97887
2026/07/08 15:28:01.056, 4, 0, 4, 97887
2026/07/08 15:28:01.073, 5, 0, 4, 97887
2026/07/08 15:28:01.089, 6, 0, 4, 97887
2026/07/08 15:28:01.105, 7, 0, 4, 97887
2026/07/08 15:28:02.122, 0, 96, 84190, 97887
2026/07/08 15:28:02.138, 1, 97, 86222, 97887
2026/07/08 15:28:02.154, 2, 99, 63228, 97887
2026/07/08 15:28:02.169, 3, 98, 65028, 97887
2026/07/08 15:28:02.185, 4, 0, 4, 97887
2026/07/08 15:28:02.201, 5, 0, 4, 97887
2026/07/08 15:28:02.219, 6, 0, 4, 97887
2026/07/08 15:28:02.237, 7, 0, 4, 97887
2026/07/08 15:28:03.253, 0, 98, 84190, 97887
2026/07/08 15:28:03.265, 1, 98, 86222, 97887
2026/07/08 15:28:03.279, 2, 98, 63228, 97887
2026/07/08 15:28:03.292, 3, 99, 65028, 97887
2026/07/08 15:28:03.303, 4, 0, 4, 97887
2026/07/08 15:28:03.313, 5, 0, 4, 97887
2026/07/08 15:28:03.327, 6, 0, 4, 97887
2026/07/08 15:28:03.342, 7, 0, 4, 97887
2026/07/08 15:28:04.357, 0, 98, 84190, 97887
2026/07/08 15:28:04.371, 1, 97, 86222, 97887
2026/07/08 15:28:04.385, 2, 98, 63228, 97887
2026/07/08 15:28:04.398, 3, 99, 65028, 97887
2026/07/08 15:28:04.409, 4, 0, 4, 97887
2026/07/08 15:28:04.421, 5, 0, 4, 97887
2026/07/08 15:28:04.434, 6, 0, 4, 97887
2026/07/08 15:28:04.446, 7, 0, 4, 97887
2026/07/08 15:28:05.459, 0, 39, 84190, 97887
2026/07/08 15:28:05.476, 1, 65, 86222, 97887
2026/07/08 15:28:05.490, 2, 93, 63228, 97887
2026/07/08 15:28:05.505, 3, 93, 65028, 97887
2026/07/08 15:28:05.520, 4, 0, 4, 97887
2026/07/08 15:28:05.534, 5, 0, 4, 97887
2026/07/08 15:28:05.546, 6, 0, 4, 97887
2026/07/08 15:28:05.559, 7, 0, 4, 97887
2026/07/08 15:28:06.572, 0, 97, 84190, 97887
2026/07/08 15:28:06.590, 1, 98, 86222, 97887
2026/07/08 15:28:06.607, 2, 98, 63228, 97887
2026/07/08 15:28:06.623, 3, 98, 65028, 97887
2026/07/08 15:28:06.640, 4, 0, 4, 97887
2026/07/08 15:28:06.655, 5, 0, 4, 97887
2026/07/08 15:28:06.670, 6, 0, 4, 97887
2026/07/08 15:28:06.684, 7, 0, 4, 97887
2026/07/08 15:28:07.698, 0, 96, 84190, 97887
2026/07/08 15:28:07.716, 1, 97, 86222, 97887
2026/07/08 15:28:07.731, 2, 98, 63228, 97887
2026/07/08 15:28:07.747, 3, 98, 65028, 97887
2026/07/08 15:28:07.763, 4, 0, 4, 97887
2026/07/08 15:28:07.779, 5, 0, 4, 97887
2026/07/08 15:28:07.796, 6, 0, 4, 97887
2026/07/08 15:28:07.813, 7, 0, 4, 97887
2026/07/08 15:28:08.830, 0, 98, 84190, 97887
2026/07/08 15:28:08.845, 1, 97, 86222, 97887
2026/07/08 15:28:08.865, 2, 98, 63228, 97887
2026/07/08 15:28:08.881, 3, 98, 65028, 97887
2026/07/08 15:28:08.896, 4, 0, 4, 97887
2026/07/08 15:28:08.912, 5, 0, 4, 97887
2026/07/08 15:28:08.927, 6, 0, 4, 97887
2026/07/08 15:28:08.942, 7, 0, 4, 97887
2026/07/08 15:28:09.958, 0, 98, 84190, 97887
2026/07/08 15:28:09.971, 1, 98, 86222, 97887
2026/07/08 15:28:09.985, 2, 95, 63228, 97887
2026/07/08 15:28:09.999, 3, 96, 65028, 97887
2026/07/08 15:28:10.012, 4, 0, 4, 97887
2026/07/08 15:28:10.024, 5, 0, 4, 97887
2026/07/08 15:28:10.039, 6, 0, 4, 97887
2026/07/08 15:28:10.050, 7, 0, 4, 97887
2026/07/08 15:28:11.063, 0, 98, 84190, 97887
2026/07/08 15:28:11.078, 1, 98, 86222, 97887
2026/07/08 15:28:11.091, 2, 97, 63228, 97887
2026/07/08 15:28:11.101, 3, 97, 65028, 97887
2026/07/08 15:28:11.111, 4, 0, 4, 97887
2026/07/08 15:28:11.126, 5, 0, 4, 97887
2026/07/08 15:28:11.143, 6, 0, 4, 97887
2026/07/08 15:28:11.159, 7, 0, 4, 97887
2026/07/08 15:28:12.174, 0, 97, 84190, 97887
2026/07/08 15:28:12.190, 1, 98, 86222, 97887
2026/07/08 15:28:12.202, 2, 97, 63228, 97887
2026/07/08 15:28:12.216, 3, 97, 65028, 97887
2026/07/08 15:28:12.230, 4, 0, 4, 97887
2026/07/08 15:28:12.245, 5, 0, 4, 97887
2026/07/08 15:28:12.261, 6, 0, 4, 97887
2026/07/08 15:28:12.277, 7, 0, 4, 97887
2026/07/08 15:28:13.293, 0, 0, 84198, 97887
2026/07/08 15:28:13.308, 1, 0, 86230, 97887
2026/07/08 15:28:13.324, 2, 0, 64428, 97887
2026/07/08 15:28:13.341, 3, 0, 65334, 97887
2026/07/08 15:28:13.356, 4, 0, 4, 97887
2026/07/08 15:28:13.372, 5, 0, 4, 97887
2026/07/08 15:28:13.387, 6, 0, 4, 97887
2026/07/08 15:28:13.400, 7, 0, 4, 97887
2026/07/08 15:28:14.416, 0, 87, 84198, 97887
2026/07/08 15:28:14.432, 1, 86, 86230, 97887
2026/07/08 15:28:14.450, 2, 47, 64428, 97887
2026/07/08 15:28:14.468, 3, 94, 65336, 97887
2026/07/08 15:28:14.485, 4, 0, 4, 97887
2026/07/08 15:28:14.502, 5, 0, 4, 97887
2026/07/08 15:28:14.521, 6, 0, 4, 97887
2026/07/08 15:28:14.540, 7, 0, 4, 97887
2026/07/08 15:28:15.558, 0, 0, 84198, 97887
2026/07/08 15:28:15.573, 1, 0, 86230, 97887
2026/07/08 15:28:15.589, 2, 0, 64428, 97887
2026/07/08 15:28:15.607, 3, 0, 65336, 97887
2026/07/08 15:28:15.625, 4, 0, 4, 97887
2026/07/08 15:28:15.641, 5, 0, 4, 97887
2026/07/08 15:28:15.659, 6, 0, 4, 97887
2026/07/08 15:28:15.671, 7, 0, 4, 97887
2026/07/08 15:28:16.689, 0, 100, 84198, 97887
2026/07/08 15:28:16.705, 1, 82, 86230, 97887
2026/07/08 15:28:16.718, 2, 39, 64428, 97887
2026/07/08 15:28:16.733, 3, 81, 65336, 97887
2026/07/08 15:28:16.751, 4, 0, 4, 97887
2026/07/08 15:28:16.768, 5, 0, 4, 97887
2026/07/08 15:28:16.787, 6, 0, 4, 97887
2026/07/08 15:28:16.803, 7, 0, 4, 97887
2026/07/08 15:28:17.843, 0, 98, 84200, 97887
2026/07/08 15:28:17.861, 1, 99, 86230, 97887
2026/07/08 15:28:17.879, 2, 98, 64430, 97887
2026/07/08 15:28:17.893, 3, 98, 65336, 97887
2026/07/08 15:28:17.908, 4, 0, 4, 97887
2026/07/08 15:28:17.925, 5, 0, 4, 97887
2026/07/08 15:28:17.941, 6, 0, 4, 97887
2026/07/08 15:28:17.959, 7, 0, 4, 97887
2026/07/08 15:28:18.978, 0, 99, 84200, 97887
2026/07/08 15:28:18.996, 1, 99, 86232, 97887
2026/07/08 15:28:19.015, 2, 99, 64430, 97887
2026/07/08 15:28:19.035, 3, 99, 65336, 97887
2026/07/08 15:28:19.053, 4, 0, 4, 97887
2026/07/08 15:28:19.069, 5, 0, 4, 97887
2026/07/08 15:28:19.082, 6, 0, 4, 97887
2026/07/08 15:28:19.093, 7, 0, 4, 97887
2026/07/08 15:28:20.109, 0, 99, 84200, 97887
2026/07/08 15:28:20.127, 1, 99, 86232, 97887
2026/07/08 15:28:20.144, 2, 99, 64430, 97887
2026/07/08 15:28:20.160, 3, 99, 65336, 97887
2026/07/08 15:28:20.176, 4, 0, 4, 97887
2026/07/08 15:28:20.191, 5, 0, 4, 97887
2026/07/08 15:28:20.208, 6, 0, 4, 97887
2026/07/08 15:28:20.224, 7, 0, 4, 97887
2026/07/08 15:28:21.241, 0, 99, 84200, 97887
2026/07/08 15:28:21.259, 1, 99, 86232, 97887
2026/07/08 15:28:21.277, 2, 99, 64430, 97887
2026/07/08 15:28:21.293, 3, 99, 65336, 97887
2026/07/08 15:28:21.310, 4, 0, 4, 97887
2026/07/08 15:28:21.327, 5, 0, 4, 97887
2026/07/08 15:28:21.343, 6, 0, 4, 97887
2026/07/08 15:28:21.359, 7, 0, 4, 97887
2026/07/08 15:28:22.376, 0, 99, 84200, 97887
2026/07/08 15:28:22.395, 1, 99, 86232, 97887
2026/07/08 15:28:22.411, 2, 99, 64430, 97887
2026/07/08 15:28:22.427, 3, 99, 65336, 97887
2026/07/08 15:28:22.455, 4, 0, 4, 97887
2026/07/08 15:28:22.477, 5, 0, 4, 97887
2026/07/08 15:28:22.491, 6, 0, 4, 97887
2026/07/08 15:28:22.504, 7, 0, 4, 97887
2026/07/08 15:28:23.517, 0, 97, 84200, 97887
2026/07/08 15:28:23.533, 1, 98, 86232, 97887
2026/07/08 15:28:23.549, 2, 98, 64430, 97887
2026/07/08 15:28:23.563, 3, 98, 65336, 97887
2026/07/08 15:28:23.577, 4, 0, 4, 97887
2026/07/08 15:28:23.593, 5, 0, 4, 97887
2026/07/08 15:28:23.608, 6, 0, 4, 97887
2026/07/08 15:28:23.624, 7, 0, 4, 97887
2026/07/08 15:28:24.637, 0, 98, 84200, 97887
2026/07/08 15:28:24.651, 1, 96, 86232, 97887
2026/07/08 15:28:24.666, 2, 98, 64430, 97887
2026/07/08 15:28:24.680, 3, 97, 65336, 97887
2026/07/08 15:28:24.694, 4, 0, 4, 97887
2026/07/08 15:28:24.709, 5, 0, 4, 97887
2026/07/08 15:28:24.726, 6, 0, 4, 97887
2026/07/08 15:28:24.742, 7, 0, 4, 97887
2026/07/08 15:28:25.759, 0, 99, 84202, 97887
2026/07/08 15:28:25.775, 1, 99, 86232, 97887
2026/07/08 15:28:25.789, 2, 99, 66486, 97887
2026/07/08 15:28:25.803, 3, 99, 65922, 97887
2026/07/08 15:28:25.821, 4, 0, 4, 97887
2026/07/08 15:28:25.836, 5, 0, 4, 97887
2026/07/08 15:28:25.851, 6, 0, 4, 97887
2026/07/08 15:28:25.867, 7, 0, 4, 97887
2026/07/08 15:28:26.882, 0, 99, 84202, 97887
2026/07/08 15:28:26.895, 1, 99, 86232, 97887
2026/07/08 15:28:26.904, 2, 99, 66486, 97887
2026/07/08 15:28:26.913, 3, 99, 65922, 97887
2026/07/08 15:28:26.923, 4, 0, 4, 97887
2026/07/08 15:28:26.933, 5, 0, 4, 97887
2026/07/08 15:28:26.944, 6, 0, 4, 97887
2026/07/08 15:28:26.959, 7, 0, 4, 97887
2026/07/08 15:28:27.971, 0, 99, 84202, 97887
2026/07/08 15:28:27.986, 1, 99, 86232, 97887
2026/07/08 15:28:28.001, 2, 99, 66486, 97887
2026/07/08 15:28:28.014, 3, 99, 65922, 97887
2026/07/08 15:28:28.028, 4, 0, 4, 97887
2026/07/08 15:28:28.041, 5, 0, 4, 97887
2026/07/08 15:28:28.058, 6, 0, 4, 97887
2026/07/08 15:28:28.071, 7, 0, 4, 97887
2026/07/08 15:28:29.085, 0, 99, 84202, 97887
2026/07/08 15:28:29.099, 1, 99, 86232, 97887
2026/07/08 15:28:29.114, 2, 99, 66486, 97887
2026/07/08 15:28:29.130, 3, 99, 65922, 97887
2026/07/08 15:28:29.146, 4, 0, 4, 97887
2026/07/08 15:28:29.161, 5, 0, 4, 97887
2026/07/08 15:28:29.176, 6, 0, 4, 97887
2026/07/08 15:28:29.191, 7, 0, 4, 97887
2026/07/08 15:28:30.206, 0, 99, 84202, 97887
2026/07/08 15:28:30.221, 1, 99, 86232, 97887
2026/07/08 15:28:30.235, 2, 99, 66486, 97887
2026/07/08 15:28:30.245, 3, 99, 65922, 97887
2026/07/08 15:28:30.258, 4, 0, 4, 97887
2026/07/08 15:28:30.271, 5, 0, 4, 97887
2026/07/08 15:28:30.285, 6, 0, 4, 97887
2026/07/08 15:28:30.298, 7, 0, 4, 97887
2026/07/08 15:28:31.312, 0, 98, 84202, 97887
2026/07/08 15:28:31.327, 1, 98, 86232, 97887
2026/07/08 15:28:31.336, 2, 97, 66486, 97887
2026/07/08 15:28:31.348, 3, 97, 65922, 97887
2026/07/08 15:28:31.361, 4, 0, 4, 97887
2026/07/08 15:28:31.375, 5, 0, 4, 97887
2026/07/08 15:28:31.391, 6, 0, 4, 97887
2026/07/08 15:28:31.403, 7, 0, 4, 97887
2026/07/08 15:28:32.414, 0, 98, 84202, 97887
2026/07/08 15:28:32.430, 1, 98, 86232, 97887
2026/07/08 15:28:32.443, 2, 97, 66486, 97887
2026/07/08 15:28:32.457, 3, 97, 65922, 97887
2026/07/08 15:28:32.471, 4, 0, 4, 97887
2026/07/08 15:28:32.486, 5, 0, 4, 97887
2026/07/08 15:28:32.501, 6, 0, 4, 97887
2026/07/08 15:28:32.514, 7, 0, 4, 97887
2026/07/08 15:28:33.526, 0, 99, 84202, 97887
2026/07/08 15:28:33.538, 1, 99, 86232, 97887
2026/07/08 15:28:33.553, 2, 99, 66486, 97887
2026/07/08 15:28:33.566, 3, 99, 66208, 97887
2026/07/08 15:28:33.576, 4, 0, 4, 97887
2026/07/08 15:28:33.590, 5, 0, 4, 97887
2026/07/08 15:28:33.604, 6, 0, 4, 97887
2026/07/08 15:28:33.626, 7, 0, 4, 97887
2026/07/08 15:28:34.640, 0, 99, 84202, 97887
2026/07/08 15:28:34.655, 1, 99, 86232, 97887
2026/07/08 15:28:34.670, 2, 99, 66486, 97887
2026/07/08 15:28:34.684, 3, 99, 66208, 97887
2026/07/08 15:28:34.698, 4, 0, 4, 97887
2026/07/08 15:28:34.712, 5, 0, 4, 97887
2026/07/08 15:28:34.727, 6, 0, 4, 97887
2026/07/08 15:28:34.741, 7, 0, 4, 97887
2026/07/08 15:28:35.756, 0, 99, 84202, 97887
2026/07/08 15:28:35.767, 1, 99, 86232, 97887
2026/07/08 15:28:35.776, 2, 99, 66486, 97887
2026/07/08 15:28:35.790, 3, 99, 66208, 97887
2026/07/08 15:28:35.803, 4, 0, 4, 97887
2026/07/08 15:28:35.817, 5, 0, 4, 97887
2026/07/08 15:28:35.831, 6, 0, 4, 97887
2026/07/08 15:28:35.845, 7, 0, 4, 97887
2026/07/08 15:28:36.858, 0, 99, 84202, 97887
2026/07/08 15:28:36.872, 1, 99, 86232, 97887
2026/07/08 15:28:36.885, 2, 98, 66486, 97887
2026/07/08 15:28:36.899, 3, 99, 66208, 97887
2026/07/08 15:28:36.912, 4, 0, 4, 97887
2026/07/08 15:28:36.926, 5, 0, 4, 97887
2026/07/08 15:28:36.939, 6, 0, 4, 97887
2026/07/08 15:28:36.953, 7, 0, 4, 97887
2026/07/08 15:28:37.967, 0, 99, 84202, 97887
2026/07/08 15:28:37.984, 1, 99, 86232, 97887
2026/07/08 15:28:38.000, 2, 97, 66486, 97887
2026/07/08 15:28:38.016, 3, 99, 66208, 97887
2026/07/08 15:28:38.033, 4, 0, 4, 97887
2026/07/08 15:28:38.050, 5, 0, 4, 97887
2026/07/08 15:28:38.067, 6, 0, 4, 97887
2026/07/08 15:28:38.082, 7, 0, 4, 97887
2026/07/08 15:28:39.096, 0, 88, 84202, 97887
2026/07/08 15:28:39.117, 1, 91, 86232, 97887
2026/07/08 15:28:39.133, 2, 97, 66486, 97887
2026/07/08 15:28:39.150, 3, 92, 66208, 97887
2026/07/08 15:28:39.164, 4, 0, 4, 97887
2026/07/08 15:28:39.178, 5, 0, 4, 97887
2026/07/08 15:28:39.198, 6, 0, 4, 97887
2026/07/08 15:28:39.215, 7, 0, 4, 97887
2026/07/08 15:28:40.231, 0, 86, 84202, 97887
2026/07/08 15:28:40.246, 1, 90, 86232, 97887
2026/07/08 15:28:40.261, 2, 86, 66778, 97887
2026/07/08 15:28:40.275, 3, 83, 66794, 97887
2026/07/08 15:28:40.289, 4, 0, 4, 97887
2026/07/08 15:28:40.301, 5, 0, 4, 97887
2026/07/08 15:28:40.315, 6, 0, 4, 97887
2026/07/08 15:28:40.329, 7, 0, 4, 97887
2026/07/08 15:28:41.343, 0, 99, 84202, 97887
2026/07/08 15:28:41.358, 1, 99, 86232, 97887
2026/07/08 15:28:41.373, 2, 99, 66778, 97887
2026/07/08 15:28:41.386, 3, 99, 66794, 97887
2026/07/08 15:28:41.400, 4, 0, 4, 97887
2026/07/08 15:28:41.414, 5, 0, 4, 97887
2026/07/08 15:28:41.427, 6, 0, 4, 97887
2026/07/08 15:28:41.443, 7, 0, 4, 97887
2026/07/08 15:28:42.456, 0, 99, 84202, 97887
2026/07/08 15:28:42.474, 1, 99, 86232, 97887
2026/07/08 15:28:42.491, 2, 99, 66778, 97887
2026/07/08 15:28:42.508, 3, 98, 66794, 97887
2026/07/08 15:28:42.518, 4, 0, 4, 97887
2026/07/08 15:28:42.528, 5, 0, 4, 97887
2026/07/08 15:28:42.540, 6, 0, 4, 97887
2026/07/08 15:28:42.553, 7, 0, 4, 97887
2026/07/08 15:28:43.563, 0, 99, 84202, 97887
2026/07/08 15:28:43.577, 1, 99, 86232, 97887
2026/07/08 15:28:43.593, 2, 99, 66778, 97887
2026/07/08 15:28:43.608, 3, 99, 66794, 97887
2026/07/08 15:28:43.623, 4, 0, 4, 97887
2026/07/08 15:28:43.636, 5, 0, 4, 97887
2026/07/08 15:28:43.652, 6, 0, 4, 97887
2026/07/08 15:28:43.665, 7, 0, 4, 97887
2026/07/08 15:28:44.681, 0, 93, 84202, 97887
2026/07/08 15:28:44.694, 1, 94, 86232, 97887
2026/07/08 15:28:44.715, 2, 95, 66778, 97887
2026/07/08 15:28:44.732, 3, 93, 66794, 97887
2026/07/08 15:28:44.746, 4, 0, 4, 97887
2026/07/08 15:28:44.760, 5, 0, 4, 97887
2026/07/08 15:28:44.775, 6, 0, 4, 97887
2026/07/08 15:28:44.789, 7, 0, 4, 97887
2026/07/08 15:28:45.803, 0, 0, 84726, 97887
2026/07/08 15:28:45.817, 1, 0, 86758, 97887
2026/07/08 15:28:45.829, 2, 46, 67304, 97887
2026/07/08 15:28:45.839, 3, 23, 67318, 97887
2026/07/08 15:28:45.848, 4, 0, 4, 97887
2026/07/08 15:28:45.862, 5, 0, 4, 97887
2026/07/08 15:28:45.874, 6, 0, 4, 97887
2026/07/08 15:28:45.889, 7, 0, 4, 97887
2026/07/08 15:28:46.901, 0, 0, 84730, 97887
2026/07/08 15:28:46.910, 1, 0, 86762, 97887
2026/07/08 15:28:46.920, 2, 2, 67330, 97887
2026/07/08 15:28:46.928, 3, 2, 67344, 97887
2026/07/08 15:28:46.935, 4, 0, 4, 97887
2026/07/08 15:28:46.945, 5, 0, 4, 97887
2026/07/08 15:28:46.952, 6, 0, 4, 97887
2026/07/08 15:28:46.960, 7, 0, 4, 97887
2026/07/08 15:28:47.970, 0, 2, 85326, 97887
2026/07/08 15:28:47.984, 1, 2, 87358, 97887
2026/07/08 15:28:47.996, 2, 0, 67330, 97887
2026/07/08 15:28:48.008, 3, 0, 67344, 97887
2026/07/08 15:28:48.021, 4, 0, 4, 97887
2026/07/08 15:28:48.034, 5, 0, 4, 97887
2026/07/08 15:28:48.044, 6, 0, 4, 97887
2026/07/08 15:28:48.052, 7, 0, 4, 97887
2026/07/08 15:28:49.061, 0, 4, 85330, 97887
2026/07/08 15:28:49.075, 1, 4, 87362, 97887
2026/07/08 15:28:49.086, 2, 4, 67926, 97887
2026/07/08 15:28:49.096, 3, 4, 67942, 97887
2026/07/08 15:28:49.113, 4, 0, 4, 97887
2026/07/08 15:28:49.129, 5, 0, 4, 97887
2026/07/08 15:28:49.141, 6, 0, 4, 97887
2026/07/08 15:28:49.158, 7, 0, 4, 97887
2026/07/08 15:28:50.174, 0, 2, 85334, 97887
2026/07/08 15:28:50.196, 1, 3, 87366, 97887
2026/07/08 15:28:50.216, 2, 2, 67932, 97887
2026/07/08 15:28:50.239, 3, 3, 67946, 97887
2026/07/08 15:28:50.265, 4, 0, 4, 97887
2026/07/08 15:28:50.287, 5, 0, 4, 97887
2026/07/08 15:28:50.309, 6, 0, 4, 97887
2026/07/08 15:28:50.325, 7, 0, 4, 97887
2026/07/08 15:28:51.343, 0, 5, 85340, 97887
2026/07/08 15:28:51.354, 1, 6, 87372, 97887
2026/07/08 15:28:51.364, 2, 4, 67938, 97887
2026/07/08 15:28:51.378, 3, 4, 67952, 97887
2026/07/08 15:28:51.392, 4, 0, 4, 97887
2026/07/08 15:28:51.406, 5, 0, 4, 97887
2026/07/08 15:28:51.420, 6, 0, 4, 97887
2026/07/08 15:28:51.433, 7, 0, 4, 97887
2026/07/08 15:28:52.446, 0, 4, 85346, 97887
2026/07/08 15:28:52.461, 1, 4, 87378, 97887
2026/07/08 15:28:52.475, 2, 5, 67944, 97887
2026/07/08 15:28:52.489, 3, 4, 67958, 97887
2026/07/08 15:28:52.504, 4, 0, 4, 97887
2026/07/08 15:28:52.511, 5, 0, 4, 97887
2026/07/08 15:28:52.518, 6, 0, 4, 97887
2026/07/08 15:28:52.531, 7, 0, 4, 97887
2026/07/08 15:28:53.540, 0, 4, 85352, 97887
2026/07/08 15:28:53.559, 1, 4, 87384, 97887
2026/07/08 15:28:53.570, 2, 4, 67950, 97887
2026/07/08 15:28:53.585, 3, 4, 67964, 97887
2026/07/08 15:28:53.599, 4, 0, 4, 97887
2026/07/08 15:28:53.613, 5, 0, 4, 97887
2026/07/08 15:28:53.629, 6, 0, 4, 97887
2026/07/08 15:28:53.644, 7, 0, 4, 97887
2026/07/08 15:28:54.662, 0, 4, 85358, 97887
2026/07/08 15:28:54.678, 1, 4, 87390, 97887
2026/07/08 15:28:54.696, 2, 4, 67956, 97887
2026/07/08 15:28:54.712, 3, 5, 67970, 97887
2026/07/08 15:28:54.728, 4, 0, 4, 97887
2026/07/08 15:28:54.742, 5, 0, 4, 97887
2026/07/08 15:28:54.755, 6, 0, 4, 97887
2026/07/08 15:28:54.770, 7, 0, 4, 97887
2026/07/08 15:28:55.785, 0, 3, 85362, 97887
2026/07/08 15:28:55.809, 1, 2, 87396, 97887
2026/07/08 15:28:55.825, 2, 2, 67960, 97887
2026/07/08 15:28:55.851, 3, 2, 67974, 97887
2026/07/08 15:28:55.880, 4, 0, 4, 97887
2026/07/08 15:28:55.902, 5, 0, 4, 97887
2026/07/08 15:28:55.918, 6, 0, 4, 97887
2026/07/08 15:28:55.933, 7, 0, 4, 97887
2026/07/08 15:28:56.948, 0, 4, 85368, 97887
2026/07/08 15:28:56.958, 1, 4, 87402, 97887
2026/07/08 15:28:56.968, 2, 4, 67966, 97887
2026/07/08 15:28:56.978, 3, 4, 67980, 97887
2026/07/08 15:28:56.990, 4, 0, 4, 97887
2026/07/08 15:28:57.004, 5, 0, 4, 97887
2026/07/08 15:28:57.015, 6, 0, 4, 97887
2026/07/08 15:28:57.027, 7, 0, 4, 97887
2026/07/08 15:28:58.038, 0, 4, 85374, 97887
2026/07/08 15:28:58.053, 1, 4, 87408, 97887
2026/07/08 15:28:58.067, 2, 4, 67972, 97887
2026/07/08 15:28:58.079, 3, 5, 67986, 97887
2026/07/08 15:28:58.092, 4, 0, 4, 97887
2026/07/08 15:28:58.104, 5, 0, 4, 97887
2026/07/08 15:28:58.118, 6, 0, 4, 97887
2026/07/08 15:28:58.133, 7, 0, 4, 97887
2026/07/08 15:28:59.147, 0, 4, 85380, 97887
2026/07/08 15:28:59.161, 1, 4, 87414, 97887
2026/07/08 15:28:59.175, 2, 5, 67978, 97887
2026/07/08 15:28:59.188, 3, 4, 67992, 97887
2026/07/08 15:28:59.203, 4, 0, 4, 97887
2026/07/08 15:28:59.217, 5, 0, 4, 97887
2026/07/08 15:28:59.232, 6, 0, 4, 97887
2026/07/08 15:28:59.245, 7, 0, 4, 97887
2026/07/08 15:29:00.261, 0, 4, 85386, 97887
2026/07/08 15:29:00.272, 1, 4, 87420, 97887
2026/07/08 15:29:00.285, 2, 4, 67984, 97887
2026/07/08 15:29:00.295, 3, 4, 67998, 97887
2026/07/08 15:29:00.308, 4, 0, 4, 97887
2026/07/08 15:29:00.320, 5, 0, 4, 97887
2026/07/08 15:29:00.333, 6, 0, 4, 97887
2026/07/08 15:29:00.344, 7, 0, 4, 97887
2026/07/08 15:29:01.356, 0, 2, 85392, 97887
2026/07/08 15:29:01.380, 1, 2, 87424, 97887
2026/07/08 15:29:01.400, 2, 2, 67988, 97887
2026/07/08 15:29:01.420, 3, 2, 68004, 97887
2026/07/08 15:29:01.450, 4, 0, 4, 97887
2026/07/08 15:29:01.471, 5, 0, 4, 97887
2026/07/08 15:29:01.498, 6, 0, 4, 97887
2026/07/08 15:29:01.529, 7, 0, 4, 97887
2026/07/08 15:29:02.541, 0, 5, 85398, 97887
2026/07/08 15:29:02.554, 1, 5, 87450, 97887
2026/07/08 15:29:02.562, 2, 4, 67994, 97887
2026/07/08 15:29:02.569, 3, 4, 68010, 97887
2026/07/08 15:29:02.576, 4, 0, 4, 97887
2026/07/08 15:29:02.586, 5, 0, 4, 97887
2026/07/08 15:29:02.602, 6, 0, 4, 97887
2026/07/08 15:29:02.614, 7, 0, 4, 97887
2026/07/08 15:29:03.628, 0, 2, 85418, 97887
2026/07/08 15:29:03.645, 1, 2, 87450, 97887
2026/07/08 15:29:03.661, 2, 2, 68016, 97887
2026/07/08 15:29:03.675, 3, 2, 68030, 97887
2026/07/08 15:29:03.689, 4, 0, 4, 97887
2026/07/08 15:29:03.703, 5, 0, 4, 97887
2026/07/08 15:29:03.716, 6, 0, 4, 97887
2026/07/08 15:29:03.730, 7, 0, 4, 97887
2026/07/08 15:29:04.742, 0, 2, 85418, 97887
2026/07/08 15:29:04.761, 1, 2, 87450, 97887
2026/07/08 15:29:04.778, 2, 2, 68016, 97887
2026/07/08 15:29:04.795, 3, 2, 68030, 97887
2026/07/08 15:29:04.810, 4, 0, 4, 97887
2026/07/08 15:29:04.825, 5, 0, 4, 97887
2026/07/08 15:29:04.838, 6, 0, 4, 97887
2026/07/08 15:29:04.851, 7, 0, 4, 97887
2026/07/08 15:29:05.868, 0, 2, 85418, 97887
2026/07/08 15:29:05.885, 1, 2, 87450, 97887
2026/07/08 15:29:05.897, 2, 2, 68016, 97887
2026/07/08 15:29:05.910, 3, 2, 68030, 97887
2026/07/08 15:29:05.922, 4, 0, 4, 97887
2026/07/08 15:29:05.934, 5, 0, 4, 97887
2026/07/08 15:29:05.945, 6, 0, 4, 97887
2026/07/08 15:29:05.958, 7, 0, 4, 97887
2026/07/08 15:29:06.972, 0, 2, 85418, 97887
2026/07/08 15:29:06.998, 1, 2, 87450, 97887
2026/07/08 15:29:07.019, 2, 2, 68016, 97887
2026/07/08 15:29:07.037, 3, 2, 68030, 97887
2026/07/08 15:29:07.065, 4, 0, 4, 97887
2026/07/08 15:29:07.082, 5, 0, 4, 97887
2026/07/08 15:29:07.101, 6, 0, 4, 97887
2026/07/08 15:29:07.120, 7, 0, 4, 97887
2026/07/08 15:29:08.139, 0, 2, 85418, 97887
2026/07/08 15:29:08.155, 1, 2, 87450, 97887
2026/07/08 15:29:08.170, 2, 2, 68016, 97887
2026/07/08 15:29:08.183, 3, 2, 68030, 97887
2026/07/08 15:29:08.196, 4, 0, 4, 97887
2026/07/08 15:29:08.210, 5, 0, 4, 97887
2026/07/08 15:29:08.223, 6, 0, 4, 97887
2026/07/08 15:29:08.237, 7, 0, 4, 97887
2026/07/08 15:29:09.249, 0, 2, 85418, 97887
2026/07/08 15:29:09.262, 1, 2, 87450, 97887
2026/07/08 15:29:09.275, 2, 2, 68016, 97887
2026/07/08 15:29:09.288, 3, 2, 68030, 97887
2026/07/08 15:29:09.303, 4, 0, 4, 97887
2026/07/08 15:29:09.317, 5, 0, 4, 97887
2026/07/08 15:29:09.330, 6, 0, 4, 97887
2026/07/08 15:29:09.344, 7, 0, 4, 97887
2026/07/08 15:29:10.356, 0, 2, 85418, 97887
2026/07/08 15:29:10.368, 1, 2, 87450, 97887
2026/07/08 15:29:10.381, 2, 2, 68016, 97887
2026/07/08 15:29:10.395, 3, 2, 68030, 97887
2026/07/08 15:29:10.409, 4, 0, 4, 97887
2026/07/08 15:29:10.424, 5, 0, 4, 97887
2026/07/08 15:29:10.439, 6, 0, 4, 97887
2026/07/08 15:29:10.454, 7, 0, 4, 97887
2026/07/08 15:29:11.467, 0, 2, 85418, 97887
2026/07/08 15:29:11.482, 1, 2, 87450, 97887
2026/07/08 15:29:11.497, 2, 2, 68016, 97887
2026/07/08 15:29:11.510, 3, 2, 68030, 97887
2026/07/08 15:29:11.525, 4, 0, 4, 97887
2026/07/08 15:29:11.539, 5, 0, 4, 97887
2026/07/08 15:29:11.553, 6, 0, 4, 97887
2026/07/08 15:29:11.566, 7, 0, 4, 97887
2026/07/08 15:29:12.578, 0, 2, 85418, 97887
2026/07/08 15:29:12.601, 1, 2, 87450, 97887
2026/07/08 15:29:12.615, 2, 2, 68016, 97887
2026/07/08 15:29:12.636, 3, 2, 68030, 97887
2026/07/08 15:29:12.652, 4, 0, 4, 97887
2026/07/08 15:29:12.671, 5, 0, 4, 97887
2026/07/08 15:29:12.689, 6, 0, 4, 97887
2026/07/08 15:29:12.709, 7, 0, 4, 97887
2026/07/08 15:29:13.728, 0, 2, 85418, 97887
2026/07/08 15:29:13.743, 1, 2, 87450, 97887
2026/07/08 15:29:13.756, 2, 2, 68016, 97887
2026/07/08 15:29:13.768, 3, 2, 68030, 97887
2026/07/08 15:29:13.782, 4, 0, 4, 97887
2026/07/08 15:29:13.796, 5, 0, 4, 97887
2026/07/08 15:29:13.809, 6, 0, 4, 97887
2026/07/08 15:29:13.822, 7, 0, 4, 97887
2026/07/08 15:29:14.835, 0, 2, 85418, 97887
2026/07/08 15:29:14.849, 1, 2, 87450, 97887
2026/07/08 15:29:14.863, 2, 2, 68016, 97887
2026/07/08 15:29:14.876, 3, 2, 68030, 97887
2026/07/08 15:29:14.889, 4, 0, 4, 97887
2026/07/08 15:29:14.903, 5, 0, 4, 97887
2026/07/08 15:29:14.915, 6, 0, 4, 97887
2026/07/08 15:29:14.928, 7, 0, 4, 97887
2026/07/08 15:29:15.941, 0, 2, 85418, 97887
2026/07/08 15:29:15.955, 1, 2, 87450, 97887
2026/07/08 15:29:15.967, 2, 2, 68016, 97887
2026/07/08 15:29:15.979, 3, 2, 68030, 97887
2026/07/08 15:29:15.992, 4, 0, 4, 97887
2026/07/08 15:29:16.003, 5, 0, 4, 97887
2026/07/08 15:29:16.016, 6, 0, 4, 97887
2026/07/08 15:29:16.029, 7, 0, 4, 97887
2026/07/08 15:29:17.041, 0, 2, 85418, 97887
2026/07/08 15:29:17.054, 1, 2, 87450, 97887
2026/07/08 15:29:17.065, 2, 2, 68016, 97887
2026/07/08 15:29:17.076, 3, 2, 68030, 97887
2026/07/08 15:29:17.087, 4, 0, 4, 97887
2026/07/08 15:29:17.101, 5, 0, 4, 97887
2026/07/08 15:29:17.111, 6, 0, 4, 97887
2026/07/08 15:29:17.123, 7, 0, 4, 97887
2026/07/08 15:29:18.136, 0, 2, 85418, 97887
2026/07/08 15:29:18.155, 1, 2, 87450, 97887
2026/07/08 15:29:18.170, 2, 2, 68016, 97887
2026/07/08 15:29:18.188, 3, 2, 68030, 97887
2026/07/08 15:29:18.209, 4, 0, 4, 97887
2026/07/08 15:29:18.227, 5, 0, 4, 97887
2026/07/08 15:29:18.236, 6, 0, 4, 97887
2026/07/08 15:29:18.245, 7, 0, 4, 97887
2026/07/08 15:29:19.256, 0, 2, 85418, 97887
2026/07/08 15:29:19.272, 1, 2, 87450, 97887
2026/07/08 15:29:19.289, 2, 2, 68016, 97887
2026/07/08 15:29:19.304, 3, 2, 68030, 97887
2026/07/08 15:29:19.319, 4, 0, 4, 97887
2026/07/08 15:29:19.335, 5, 0, 4, 97887
2026/07/08 15:29:19.352, 6, 0, 4, 97887
2026/07/08 15:29:19.369, 7, 0, 4, 97887
2026/07/08 15:29:20.383, 0, 2, 85418, 97887
2026/07/08 15:29:20.399, 1, 2, 87450, 97887
2026/07/08 15:29:20.412, 2, 2, 68016, 97887
2026/07/08 15:29:20.425, 3, 2, 68030, 97887
2026/07/08 15:29:20.439, 4, 0, 4, 97887
2026/07/08 15:29:20.453, 5, 0, 4, 97887
2026/07/08 15:29:20.470, 6, 0, 4, 97887
2026/07/08 15:29:20.485, 7, 0, 4, 97887
2026/07/08 15:29:21.500, 0, 2, 85418, 97887
2026/07/08 15:29:21.516, 1, 2, 87450, 97887
2026/07/08 15:29:21.533, 2, 2, 68016, 97887
2026/07/08 15:29:21.548, 3, 2, 68030, 97887
2026/07/08 15:29:21.563, 4, 0, 4, 97887
2026/07/08 15:29:21.578, 5, 0, 4, 97887
2026/07/08 15:29:21.595, 6, 0, 4, 97887
2026/07/08 15:29:21.609, 7, 0, 4, 97887
2026/07/08 15:29:22.625, 0, 1, 85418, 97887
2026/07/08 15:29:22.641, 1, 2, 87450, 97887
2026/07/08 15:29:22.655, 2, 2, 68016, 97887
2026/07/08 15:29:22.670, 3, 2, 68030, 97887
2026/07/08 15:29:22.685, 4, 0, 4, 97887
2026/07/08 15:29:22.700, 5, 0, 4, 97887
2026/07/08 15:29:22.715, 6, 0, 4, 97887
2026/07/08 15:29:22.729, 7, 0, 4, 97887
2026/07/08 15:29:23.744, 0, 2, 85418, 97887
2026/07/08 15:29:23.765, 1, 2, 87450, 97887
2026/07/08 15:29:23.786, 2, 2, 68016, 97887
2026/07/08 15:29:23.799, 3, 2, 68030, 97887
2026/07/08 15:29:23.813, 4, 0, 4, 97887
2026/07/08 15:29:23.824, 5, 0, 4, 97887
2026/07/08 15:29:23.836, 6, 0, 4, 97887
2026/07/08 15:29:23.848, 7, 0, 4, 97887
2026/07/08 15:29:24.861, 0, 2, 85418, 97887
2026/07/08 15:29:24.876, 1, 2, 87450, 97887
2026/07/08 15:29:24.891, 2, 2, 68016, 97887
2026/07/08 15:29:24.904, 3, 2, 68030, 97887
2026/07/08 15:29:24.918, 4, 0, 4, 97887
2026/07/08 15:29:24.930, 5, 0, 4, 97887
2026/07/08 15:29:24.945, 6, 0, 4, 97887
2026/07/08 15:29:24.960, 7, 0, 4, 97887
2026/07/08 15:29:25.975, 0, 2, 85418, 97887
2026/07/08 15:29:25.991, 1, 2, 87450, 97887
2026/07/08 15:29:26.006, 2, 2, 68016, 97887
2026/07/08 15:29:26.018, 3, 2, 68030, 97887
2026/07/08 15:29:26.031, 4, 0, 4, 97887
2026/07/08 15:29:26.043, 5, 0, 4, 97887
2026/07/08 15:29:26.055, 6, 0, 4, 97887
2026/07/08 15:29:26.068, 7, 0, 4, 97887
2026/07/08 15:29:27.081, 0, 2, 85418, 97887
2026/07/08 15:29:27.094, 1, 2, 87450, 97887
2026/07/08 15:29:27.107, 2, 2, 68016, 97887
2026/07/08 15:29:27.119, 3, 2, 68030, 97887
2026/07/08 15:29:27.132, 4, 0, 4, 97887
2026/07/08 15:29:27.145, 5, 0, 4, 97887
2026/07/08 15:29:27.160, 6, 0, 4, 97887
2026/07/08 15:29:27.176, 7, 0, 4, 97887
2026/07/08 15:29:28.192, 0, 1, 85418, 97887
2026/07/08 15:29:28.208, 1, 2, 87450, 97887
2026/07/08 15:29:28.222, 2, 2, 68016, 97887
2026/07/08 15:29:28.236, 3, 2, 68030, 97887
2026/07/08 15:29:28.250, 4, 0, 4, 97887
2026/07/08 15:29:28.266, 5, 0, 4, 97887
2026/07/08 15:29:28.280, 6, 0, 4, 97887
2026/07/08 15:29:28.294, 7, 0, 4, 97887
2026/07/08 15:29:29.309, 0, 2, 85418, 97887
2026/07/08 15:29:29.324, 1, 2, 87450, 97887
2026/07/08 15:29:29.341, 2, 2, 68016, 97887
2026/07/08 15:29:29.359, 3, 2, 68030, 97887
2026/07/08 15:29:29.377, 4, 0, 4, 97887
2026/07/08 15:29:29.392, 5, 0, 4, 97887
2026/07/08 15:29:29.408, 6, 0, 4, 97887
2026/07/08 15:29:29.423, 7, 0, 4, 97887
2026/07/08 15:29:30.435, 0, 2, 85418, 97887
2026/07/08 15:29:30.450, 1, 2, 87450, 97887
2026/07/08 15:29:30.464, 2, 1, 68016, 97887
2026/07/08 15:29:30.478, 3, 2, 68030, 97887
2026/07/08 15:29:30.493, 4, 0, 4, 97887
2026/07/08 15:29:30.508, 5, 0, 4, 97887
2026/07/08 15:29:30.522, 6, 0, 4, 97887
2026/07/08 15:29:30.535, 7, 0, 4, 97887
2026/07/08 15:29:31.548, 0, 2, 85418, 97887
2026/07/08 15:29:31.559, 1, 2, 87450, 97887
2026/07/08 15:29:31.570, 2, 2, 68016, 97887
2026/07/08 15:29:31.582, 3, 2, 68030, 97887
2026/07/08 15:29:31.593, 4, 0, 4, 97887
2026/07/08 15:29:31.605, 5, 0, 4, 97887
2026/07/08 15:29:31.618, 6, 0, 4, 97887
2026/07/08 15:29:31.627, 7, 0, 4, 97887
2026/07/08 15:29:32.638, 0, 2, 85418, 97887
2026/07/08 15:29:32.652, 1, 2, 87450, 97887
2026/07/08 15:29:32.664, 2, 1, 68016, 97887
2026/07/08 15:29:32.674, 3, 2, 68030, 97887
2026/07/08 15:29:32.686, 4, 0, 4, 97887
2026/07/08 15:29:32.700, 5, 0, 4, 97887
2026/07/08 15:29:32.712, 6, 0, 4, 97887
2026/07/08 15:29:32.727, 7, 0, 4, 97887
2026/07/08 15:29:33.742, 0, 1, 85418, 97887
2026/07/08 15:29:33.758, 1, 2, 87450, 97887
2026/07/08 15:29:33.774, 2, 1, 68016, 97887
2026/07/08 15:29:33.787, 3, 2, 68030, 97887
2026/07/08 15:29:33.799, 4, 0, 4, 97887
2026/07/08 15:29:33.812, 5, 0, 4, 97887
2026/07/08 15:29:33.826, 6, 0, 4, 97887
2026/07/08 15:29:33.841, 7, 0, 4, 97887
2026/07/08 15:29:34.856, 0, 2, 85418, 97887
2026/07/08 15:29:34.880, 1, 2, 87450, 97887
2026/07/08 15:29:34.904, 2, 2, 68016, 97887
2026/07/08 15:29:34.913, 3, 2, 68030, 97887
2026/07/08 15:29:34.924, 4, 0, 4, 97887
2026/07/08 15:29:34.938, 5, 0, 4, 97887
2026/07/08 15:29:34.953, 6, 0, 4, 97887
2026/07/08 15:29:34.964, 7, 0, 4, 97887
2026/07/08 15:29:35.974, 0, 2, 85418, 97887
2026/07/08 15:29:35.990, 1, 2, 87450, 97887
2026/07/08 15:29:36.005, 2, 2, 68016, 97887
2026/07/08 15:29:36.015, 3, 2, 68030, 97887
2026/07/08 15:29:36.028, 4, 0, 4, 97887
2026/07/08 15:29:36.043, 5, 0, 4, 97887
2026/07/08 15:29:36.056, 6, 0, 4, 97887
2026/07/08 15:29:36.070, 7, 0, 4, 97887
2026/07/08 15:29:37.085, 0, 2, 85418, 97887
2026/07/08 15:29:37.099, 1, 2, 87450, 97887
2026/07/08 15:29:37.112, 2, 2, 68016, 97887
2026/07/08 15:29:37.126, 3, 2, 68030, 97887
2026/07/08 15:29:37.140, 4, 0, 4, 97887
2026/07/08 15:29:37.154, 5, 0, 4, 97887
2026/07/08 15:29:37.167, 6, 0, 4, 97887
2026/07/08 15:29:37.180, 7, 0, 4, 97887
2026/07/08 15:29:38.193, 0, 2, 85418, 97887
2026/07/08 15:29:38.206, 1, 2, 87450, 97887
2026/07/08 15:29:38.220, 2, 2, 68016, 97887
2026/07/08 15:29:38.233, 3, 2, 68030, 97887
2026/07/08 15:29:38.246, 4, 0, 4, 97887
2026/07/08 15:29:38.260, 5, 0, 4, 97887
2026/07/08 15:29:38.274, 6, 0, 4, 97887
2026/07/08 15:29:38.287, 7, 0, 4, 97887
2026/07/08 15:29:39.302, 0, 2, 85418, 97887
2026/07/08 15:29:39.318, 1, 100, 87450, 97887
2026/07/08 15:29:39.331, 2, 2, 68016, 97887
2026/07/08 15:29:39.345, 3, 2, 68030, 97887
2026/07/08 15:29:39.360, 4, 0, 4, 97887
2026/07/08 15:29:39.376, 5, 0, 4, 97887
2026/07/08 15:29:39.391, 6, 0, 4, 97887
2026/07/08 15:29:39.403, 7, 0, 4, 97887
2026/07/08 15:29:40.418, 0, 100, 85418, 97887
2026/07/08 15:29:40.432, 1, 100, 87450, 97887
2026/07/08 15:29:40.445, 2, 2, 68016, 97887
2026/07/08 15:29:40.468, 3, 100, 68030, 97887
2026/07/08 15:29:40.483, 4, 0, 4, 97887
2026/07/08 15:29:40.497, 5, 0, 4, 97887
2026/07/08 15:29:40.511, 6, 0, 4, 97887
2026/07/08 15:29:40.525, 7, 0, 4, 97887
2026/07/08 15:29:41.539, 0, 97, 85418, 97887
2026/07/08 15:29:41.554, 1, 97, 87450, 97887
2026/07/08 15:29:41.572, 2, 98, 68016, 97887
2026/07/08 15:29:41.586, 3, 98, 68030, 97887
2026/07/08 15:29:41.601, 4, 0, 4, 97887
2026/07/08 15:29:41.616, 5, 0, 4, 97887
2026/07/08 15:29:41.631, 6, 0, 4, 97887
2026/07/08 15:29:41.645, 7, 0, 4, 97887
2026/07/08 15:29:42.661, 0, 97, 85418, 97887
2026/07/08 15:29:42.676, 1, 98, 87450, 97887
2026/07/08 15:29:42.690, 2, 98, 68016, 97887
2026/07/08 15:29:42.704, 3, 97, 68030, 97887
2026/07/08 15:29:42.718, 4, 0, 4, 97887
2026/07/08 15:29:42.732, 5, 0, 4, 97887
2026/07/08 15:29:42.745, 6, 0, 4, 97887
2026/07/08 15:29:42.760, 7, 0, 4, 97887
2026/07/08 15:29:43.773, 0, 99, 85418, 97887
2026/07/08 15:29:43.789, 1, 99, 87450, 97887
2026/07/08 15:29:43.804, 2, 99, 68016, 97887
2026/07/08 15:29:43.820, 3, 97, 68030, 97887
2026/07/08 15:29:43.835, 4, 0, 4, 97887
2026/07/08 15:29:43.849, 5, 0, 4, 97887
2026/07/08 15:29:43.861, 6, 0, 4, 97887
2026/07/08 15:29:43.874, 7, 0, 4, 97887
2026/07/08 15:29:44.887, 0, 98, 85418, 97887
2026/07/08 15:29:44.901, 1, 99, 87450, 97887
2026/07/08 15:29:44.915, 2, 99, 68016, 97887
2026/07/08 15:29:44.928, 3, 100, 68030, 97887
2026/07/08 15:29:44.941, 4, 0, 4, 97887
2026/07/08 15:29:44.955, 5, 0, 4, 97887
2026/07/08 15:29:44.969, 6, 0, 4, 97887
2026/07/08 15:29:44.981, 7, 0, 4, 97887
2026/07/08 15:29:45.995, 0, 98, 85418, 97887
2026/07/08 15:29:46.018, 1, 97, 87450, 97887
2026/07/08 15:29:46.036, 2, 100, 68016, 97887
2026/07/08 15:29:46.055, 3, 94, 68030, 97887
2026/07/08 15:29:46.070, 4, 0, 4, 97887
2026/07/08 15:29:46.084, 5, 0, 4, 97887
2026/07/08 15:29:46.097, 6, 0, 4, 97887
2026/07/08 15:29:46.110, 7, 0, 4, 97887
2026/07/08 15:29:47.124, 0, 99, 85418, 97887
2026/07/08 15:29:47.139, 1, 98, 87450, 97887
2026/07/08 15:29:47.153, 2, 99, 68016, 97887
2026/07/08 15:29:47.167, 3, 99, 68030, 97887
2026/07/08 15:29:47.180, 4, 0, 4, 97887
2026/07/08 15:29:47.193, 5, 0, 4, 97887
2026/07/08 15:29:47.208, 6, 0, 4, 97887
2026/07/08 15:29:47.222, 7, 0, 4, 97887
2026/07/08 15:29:48.237, 0, 99, 85418, 97887
2026/07/08 15:29:48.250, 1, 99, 87450, 97887
2026/07/08 15:29:48.263, 2, 99, 68016, 97887
2026/07/08 15:29:48.278, 3, 99, 68030, 97887
2026/07/08 15:29:48.293, 4, 0, 4, 97887
2026/07/08 15:29:48.309, 5, 0, 4, 97887
2026/07/08 15:29:48.325, 6, 0, 4, 97887
2026/07/08 15:29:48.341, 7, 0, 4, 97887
2026/07/08 15:29:49.353, 0, 97, 85418, 97887
2026/07/08 15:29:49.368, 1, 99, 87450, 97887
2026/07/08 15:29:49.382, 2, 98, 68016, 97887
2026/07/08 15:29:49.395, 3, 98, 68030, 97887
2026/07/08 15:29:49.407, 4, 0, 4, 97887
2026/07/08 15:29:49.419, 5, 0, 4, 97887
2026/07/08 15:29:49.432, 6, 0, 4, 97887
2026/07/08 15:29:49.444, 7, 0, 4, 97887
2026/07/08 15:29:50.457, 0, 97, 85418, 97887
2026/07/08 15:29:50.474, 1, 97, 87450, 97887
2026/07/08 15:29:50.489, 2, 98, 68016, 97887
2026/07/08 15:29:50.504, 3, 99, 68030, 97887
2026/07/08 15:29:50.518, 4, 0, 4, 97887
2026/07/08 15:29:50.533, 5, 0, 4, 97887
2026/07/08 15:29:50.546, 6, 0, 4, 97887
2026/07/08 15:29:50.561, 7, 0, 4, 97887
2026/07/08 15:29:51.574, 0, 18, 85418, 97887
2026/07/08 15:29:51.589, 1, 43, 87450, 97887
2026/07/08 15:29:51.606, 2, 55, 68016, 97887
2026/07/08 15:29:51.621, 3, 47, 68030, 97887
2026/07/08 15:29:51.636, 4, 0, 4, 97887
2026/07/08 15:29:51.650, 5, 0, 4, 97887
2026/07/08 15:29:51.663, 6, 0, 4, 97887
2026/07/08 15:29:51.678, 7, 0, 4, 97887
2026/07/08 15:29:52.689, 0, 99, 85418, 97887
2026/07/08 15:29:52.703, 1, 100, 87450, 97887
2026/07/08 15:29:52.715, 2, 99, 68016, 97887
2026/07/08 15:29:52.727, 3, 99, 68030, 97887
2026/07/08 15:29:52.741, 4, 0, 4, 97887
2026/07/08 15:29:52.755, 5, 0, 4, 97887
2026/07/08 15:29:52.770, 6, 0, 4, 97887
2026/07/08 15:29:52.786, 7, 0, 4, 97887
2026/07/08 15:29:53.803, 0, 99, 85418, 97887
2026/07/08 15:29:53.817, 1, 99, 87450, 97887
2026/07/08 15:29:53.829, 2, 99, 68016, 97887
2026/07/08 15:29:53.841, 3, 99, 68030, 97887
2026/07/08 15:29:53.855, 4, 0, 4, 97887
2026/07/08 15:29:53.869, 5, 0, 4, 97887
2026/07/08 15:29:53.882, 6, 0, 4, 97887
2026/07/08 15:29:53.896, 7, 0, 4, 97887
2026/07/08 15:29:54.911, 0, 99, 85418, 97887
2026/07/08 15:29:54.924, 1, 99, 87450, 97887
2026/07/08 15:29:54.936, 2, 99, 68016, 97887
2026/07/08 15:29:54.946, 3, 99, 68030, 97887
2026/07/08 15:29:54.957, 4, 0, 4, 97887
2026/07/08 15:29:54.972, 5, 0, 4, 97887
2026/07/08 15:29:54.985, 6, 0, 4, 97887
2026/07/08 15:29:55.000, 7, 0, 4, 97887
2026/07/08 15:29:56.015, 0, 99, 85418, 97887
2026/07/08 15:29:56.027, 1, 100, 87450, 97887
2026/07/08 15:29:56.040, 2, 99, 68016, 97887
2026/07/08 15:29:56.052, 3, 99, 68030, 97887
2026/07/08 15:29:56.064, 4, 0, 4, 97887
2026/07/08 15:29:56.075, 5, 0, 4, 97887
2026/07/08 15:29:56.086, 6, 0, 4, 97887
2026/07/08 15:29:56.100, 7, 0, 4, 97887
2026/07/08 15:29:57.109, 0, 93, 85418, 97887
2026/07/08 15:29:57.138, 1, 100, 87450, 97887
2026/07/08 15:29:57.167, 2, 99, 68016, 97887
2026/07/08 15:29:57.190, 3, 100, 68030, 97887
2026/07/08 15:29:57.206, 4, 0, 4, 97887
2026/07/08 15:29:57.223, 5, 0, 4, 97887
2026/07/08 15:29:57.236, 6, 0, 4, 97887
2026/07/08 15:29:57.249, 7, 0, 4, 97887
2026/07/08 15:29:58.263, 0, 99, 85418, 97887
2026/07/08 15:29:58.278, 1, 99, 87450, 97887
2026/07/08 15:29:58.293, 2, 96, 68016, 97887
2026/07/08 15:29:58.309, 3, 99, 68030, 97887
2026/07/08 15:29:58.324, 4, 0, 4, 97887
2026/07/08 15:29:58.337, 5, 0, 4, 97887
2026/07/08 15:29:58.349, 6, 0, 4, 97887
2026/07/08 15:29:58.361, 7, 0, 4, 97887
2026/07/08 15:29:59.375, 0, 98, 85418, 97887
2026/07/08 15:29:59.388, 1, 97, 87450, 97887
2026/07/08 15:29:59.400, 2, 97, 68016, 97887
2026/07/08 15:29:59.413, 3, 98, 68030, 97887
2026/07/08 15:29:59.423, 4, 0, 4, 97887
2026/07/08 15:29:59.434, 5, 0, 4, 97887
2026/07/08 15:29:59.445, 6, 0, 4, 97887
2026/07/08 15:29:59.457, 7, 0, 4, 97887
2026/07/08 15:30:00.469, 0, 97, 85418, 97887
2026/07/08 15:30:00.486, 1, 96, 87450, 97887
2026/07/08 15:30:00.501, 2, 75, 68016, 97887
2026/07/08 15:30:00.516, 3, 98, 68322, 97887
2026/07/08 15:30:00.530, 4, 0, 4, 97887
2026/07/08 15:30:00.540, 5, 0, 4, 97887
2026/07/08 15:30:00.550, 6, 0, 4, 97887
2026/07/08 15:30:00.564, 7, 0, 4, 97887
2026/07/08 15:30:01.575, 0, 99, 85418, 97887
2026/07/08 15:30:01.590, 1, 99, 87450, 97887
2026/07/08 15:30:01.604, 2, 99, 68016, 97887
2026/07/08 15:30:01.619, 3, 99, 68322, 97887
2026/07/08 15:30:01.634, 4, 0, 4, 97887
2026/07/08 15:30:01.649, 5, 0, 4, 97887
2026/07/08 15:30:01.665, 6, 0, 4, 97887
2026/07/08 15:30:01.679, 7, 0, 4, 97887
2026/07/08 15:30:02.693, 0, 99, 85418, 97887
2026/07/08 15:30:02.708, 1, 94, 87450, 97887
2026/07/08 15:30:02.722, 2, 94, 68016, 97887
2026/07/08 15:30:02.735, 3, 94, 68322, 97887
2026/07/08 15:30:02.748, 4, 0, 4, 97887
2026/07/08 15:30:02.758, 5, 0, 4, 97887
2026/07/08 15:30:02.771, 6, 0, 4, 97887
2026/07/08 15:30:02.788, 7, 0, 4, 97887
2026/07/08 15:30:03.803, 0, 99, 85418, 97887
2026/07/08 15:30:03.818, 1, 99, 87450, 97887
2026/07/08 15:30:03.832, 2, 98, 68016, 97887
2026/07/08 15:30:03.844, 3, 99, 68322, 97887
2026/07/08 15:30:03.859, 4, 0, 4, 97887
2026/07/08 15:30:03.870, 5, 0, 4, 97887
2026/07/08 15:30:03.885, 6, 0, 4, 97887
2026/07/08 15:30:03.897, 7, 0, 4, 97887
2026/07/08 15:30:04.905, 0, 98, 85418, 97887
2026/07/08 15:30:04.921, 1, 99, 87450, 97887
2026/07/08 15:30:04.934, 2, 99, 68016, 97887
2026/07/08 15:30:04.944, 3, 99, 68322, 97887
2026/07/08 15:30:04.956, 4, 0, 4, 97887
2026/07/08 15:30:04.970, 5, 0, 4, 97887
2026/07/08 15:30:04.983, 6, 0, 4, 97887
2026/07/08 15:30:04.997, 7, 0, 4, 97887
2026/07/08 15:30:06.010, 0, 96, 85418, 97887
2026/07/08 15:30:06.025, 1, 97, 87450, 97887
2026/07/08 15:30:06.038, 2, 97, 68016, 97887
2026/07/08 15:30:06.052, 3, 97, 68322, 97887
2026/07/08 15:30:06.067, 4, 0, 4, 97887
2026/07/08 15:30:06.080, 5, 0, 4, 97887
2026/07/08 15:30:06.095, 6, 0, 4, 97887
2026/07/08 15:30:06.111, 7, 0, 4, 97887
2026/07/08 15:30:07.125, 0, 97, 85418, 97887
2026/07/08 15:30:07.138, 1, 98, 87450, 97887
2026/07/08 15:30:07.153, 2, 97, 68016, 97887
2026/07/08 15:30:07.168, 3, 97, 68322, 97887
2026/07/08 15:30:07.184, 4, 0, 4, 97887
2026/07/08 15:30:07.197, 5, 0, 4, 97887
2026/07/08 15:30:07.211, 6, 0, 4, 97887
2026/07/08 15:30:07.225, 7, 0, 4, 97887
2026/07/08 15:30:08.238, 0, 100, 85418, 97887
2026/07/08 15:30:08.254, 1, 99, 87450, 97887
2026/07/08 15:30:08.269, 2, 98, 69506, 97887
2026/07/08 15:30:08.283, 3, 94, 68322, 97887
2026/07/08 15:30:08.297, 4, 0, 4, 97887
2026/07/08 15:30:08.312, 5, 0, 4, 97887
2026/07/08 15:30:08.327, 6, 0, 4, 97887
2026/07/08 15:30:08.343, 7, 0, 4, 97887
2026/07/08 15:30:09.358, 0, 99, 85418, 97887
2026/07/08 15:30:09.373, 1, 99, 87450, 97887
2026/07/08 15:30:09.389, 2, 98, 69506, 97887
2026/07/08 15:30:09.403, 3, 99, 68322, 97887
2026/07/08 15:30:09.414, 4, 0, 4, 97887
2026/07/08 15:30:09.425, 5, 0, 4, 97887
2026/07/08 15:30:09.439, 6, 0, 4, 97887
2026/07/08 15:30:09.453, 7, 0, 4, 97887
2026/07/08 15:30:10.468, 0, 100, 85418, 97887
2026/07/08 15:30:10.484, 1, 99, 87450, 97887
2026/07/08 15:30:10.501, 2, 99, 69506, 97887
2026/07/08 15:30:10.517, 3, 98, 68322, 97887
2026/07/08 15:30:10.532, 4, 0, 4, 97887
2026/07/08 15:30:10.546, 5, 0, 4, 97887
2026/07/08 15:30:10.560, 6, 0, 4, 97887
2026/07/08 15:30:10.575, 7, 0, 4, 97887
2026/07/08 15:30:11.589, 0, 99, 85418, 97887
2026/07/08 15:30:11.605, 1, 99, 87450, 97887
2026/07/08 15:30:11.619, 2, 98, 69506, 97887
2026/07/08 15:30:11.634, 3, 99, 68322, 97887
2026/07/08 15:30:11.649, 4, 0, 4, 97887
2026/07/08 15:30:11.664, 5, 0, 4, 97887
2026/07/08 15:30:11.678, 6, 0, 4, 97887
2026/07/08 15:30:11.694, 7, 0, 4, 97887
2026/07/08 15:30:12.711, 0, 99, 85418, 97887
2026/07/08 15:30:12.726, 1, 99, 87450, 97887
2026/07/08 15:30:12.740, 2, 99, 69506, 97887
2026/07/08 15:30:12.754, 3, 99, 68322, 97887
2026/07/08 15:30:12.767, 4, 0, 4, 97887
2026/07/08 15:30:12.783, 5, 0, 4, 97887
2026/07/08 15:30:12.797, 6, 0, 4, 97887
2026/07/08 15:30:12.807, 7, 0, 4, 97887
2026/07/08 15:30:13.814, 0, 0, 85418, 97887
2026/07/08 15:30:13.831, 1, 0, 87450, 97887
2026/07/08 15:30:13.846, 2, 2, 69506, 97887
2026/07/08 15:30:13.861, 3, 3, 68322, 97887
2026/07/08 15:30:13.875, 4, 0, 4, 97887
2026/07/08 15:30:13.889, 5, 0, 4, 97887
2026/07/08 15:30:13.903, 6, 0, 4, 97887
2026/07/08 15:30:13.917, 7, 0, 4, 97887
2026/07/08 15:30:14.932, 0, 91, 85418, 97887
2026/07/08 15:30:14.946, 1, 79, 87450, 97887
2026/07/08 15:30:14.959, 2, 15, 69506, 97887
2026/07/08 15:30:14.971, 3, 76, 68322, 97887
2026/07/08 15:30:14.987, 4, 0, 4, 97887
2026/07/08 15:30:15.002, 5, 0, 4, 97887
2026/07/08 15:30:15.018, 6, 0, 4, 97887
2026/07/08 15:30:15.032, 7, 0, 4, 97887
2026/07/08 15:30:16.046, 0, 64, 85418, 97887
2026/07/08 15:30:16.059, 1, 75, 87450, 97887
2026/07/08 15:30:16.073, 2, 2, 69506, 97887
2026/07/08 15:30:16.087, 3, 68, 68322, 97887
2026/07/08 15:30:16.103, 4, 0, 4, 97887
2026/07/08 15:30:16.118, 5, 0, 4, 97887
2026/07/08 15:30:16.130, 6, 0, 4, 97887
2026/07/08 15:30:16.144, 7, 0, 4, 97887
2026/07/08 15:30:17.159, 0, 2, 85418, 97887
2026/07/08 15:30:17.174, 1, 2, 87450, 97887
2026/07/08 15:30:17.189, 2, 2, 69506, 97887
2026/07/08 15:30:17.203, 3, 2, 68322, 97887
2026/07/08 15:30:17.217, 4, 0, 4, 97887
2026/07/08 15:30:17.234, 5, 0, 4, 97887
2026/07/08 15:30:17.249, 6, 0, 4, 97887
2026/07/08 15:30:17.264, 7, 0, 4, 97887
2026/07/08 15:30:18.278, 0, 2, 85418, 97887
2026/07/08 15:30:18.293, 1, 2, 87450, 97887
2026/07/08 15:30:18.306, 2, 2, 69506, 97887
2026/07/08 15:30:18.320, 3, 2, 68322, 97887
2026/07/08 15:30:18.333, 4, 0, 4, 97887
2026/07/08 15:30:18.344, 5, 0, 4, 97887
2026/07/08 15:30:18.353, 6, 0, 4, 97887
2026/07/08 15:30:18.368, 7, 0, 4, 97887
2026/07/08 15:30:19.380, 0, 2, 85418, 97887
2026/07/08 15:30:19.395, 1, 3, 87450, 97887
2026/07/08 15:30:19.409, 2, 2, 69506, 97887
2026/07/08 15:30:19.423, 3, 2, 68322, 97887
2026/07/08 15:30:19.438, 4, 0, 4, 97887
2026/07/08 15:30:19.452, 5, 0, 4, 97887
2026/07/08 15:30:19.468, 6, 0, 4, 97887
2026/07/08 15:30:19.485, 7, 0, 4, 97887
2026/07/08 15:30:20.503, 0, 2, 85418, 97887
2026/07/08 15:30:20.520, 1, 2, 87450, 97887
2026/07/08 15:30:20.537, 2, 2, 69506, 97887
2026/07/08 15:30:20.553, 3, 2, 68322, 97887
2026/07/08 15:30:20.566, 4, 0, 4, 97887
2026/07/08 15:30:20.579, 5, 0, 4, 97887
2026/07/08 15:30:20.591, 6, 0, 4, 97887
2026/07/08 15:30:20.607, 7, 0, 4, 97887
2026/07/08 15:30:21.621, 0, 2, 85418, 97887
2026/07/08 15:30:21.639, 1, 2, 87450, 97887
2026/07/08 15:30:21.656, 2, 2, 69506, 97887
2026/07/08 15:30:21.674, 3, 2, 68322, 97887
2026/07/08 15:30:21.691, 4, 0, 4, 97887
2026/07/08 15:30:21.709, 5, 0, 4, 97887
2026/07/08 15:30:21.726, 6, 0, 4, 97887
2026/07/08 15:30:21.744, 7, 0, 4, 97887
2026/07/08 15:30:22.760, 0, 2, 85418, 97887
2026/07/08 15:30:22.780, 1, 2, 87450, 97887
2026/07/08 15:30:22.803, 2, 2, 69506, 97887
2026/07/08 15:30:22.819, 3, 2, 68322, 97887
2026/07/08 15:30:22.837, 4, 0, 4, 97887
2026/07/08 15:30:22.852, 5, 0, 4, 97887
2026/07/08 15:30:22.870, 6, 0, 4, 97887
2026/07/08 15:30:22.888, 7, 0, 4, 97887
2026/07/08 15:30:23.903, 0, 2, 85418, 97887
2026/07/08 15:30:23.919, 1, 2, 87450, 97887
2026/07/08 15:30:23.935, 2, 2, 69506, 97887
2026/07/08 15:30:23.953, 3, 2, 68322, 97887
2026/07/08 15:30:23.969, 4, 0, 4, 97887
2026/07/08 15:30:23.985, 5, 0, 4, 97887
2026/07/08 15:30:24.000, 6, 0, 4, 97887
2026/07/08 15:30:24.016, 7, 0, 4, 97887
2026/07/08 15:30:25.032, 0, 2, 85418, 97887
2026/07/08 15:30:25.051, 1, 2, 87450, 97887
2026/07/08 15:30:25.069, 2, 2, 69506, 97887
2026/07/08 15:30:25.088, 3, 2, 68322, 97887
2026/07/08 15:30:25.105, 4, 0, 4, 97887
2026/07/08 15:30:25.118, 5, 0, 4, 97887
2026/07/08 15:30:25.134, 6, 0, 4, 97887
2026/07/08 15:30:25.151, 7, 0, 4, 97887
2026/07/08 15:30:26.168, 0, 2, 85418, 97887
2026/07/08 15:30:26.186, 1, 2, 87450, 97887
2026/07/08 15:30:26.202, 2, 2, 69506, 97887
2026/07/08 15:30:26.218, 3, 2, 68322, 97887
2026/07/08 15:30:26.234, 4, 0, 4, 97887
2026/07/08 15:30:26.251, 5, 0, 4, 97887
2026/07/08 15:30:26.269, 6, 0, 4, 97887
2026/07/08 15:30:26.285, 7, 0, 4, 97887
2026/07/08 15:30:27.302, 0, 2, 85418, 97887
2026/07/08 15:30:27.320, 1, 2, 87450, 97887
2026/07/08 15:30:27.337, 2, 2, 69506, 97887
2026/07/08 15:30:27.353, 3, 2, 68322, 97887
2026/07/08 15:30:27.369, 4, 0, 4, 97887
2026/07/08 15:30:27.386, 5, 0, 4, 97887
2026/07/08 15:30:27.401, 6, 0, 4, 97887
2026/07/08 15:30:27.417, 7, 0, 4, 97887
2026/07/08 15:30:28.433, 0, 2, 85418, 97887
2026/07/08 15:30:28.449, 1, 2, 87450, 97887
2026/07/08 15:30:28.465, 2, 2, 69506, 97887
2026/07/08 15:30:28.480, 3, 2, 68322, 97887
2026/07/08 15:30:28.493, 4, 0, 4, 97887
2026/07/08 15:30:28.507, 5, 0, 4, 97887
2026/07/08 15:30:28.523, 6, 0, 4, 97887
2026/07/08 15:30:28.537, 7, 0, 4, 97887
2026/07/08 15:30:29.552, 0, 2, 85418, 97887
2026/07/08 15:30:29.569, 1, 2, 87450, 97887
2026/07/08 15:30:29.586, 2, 2, 69506, 97887
2026/07/08 15:30:29.604, 3, 2, 68322, 97887
2026/07/08 15:30:29.621, 4, 0, 4, 97887
2026/07/08 15:30:29.639, 5, 0, 4, 97887
2026/07/08 15:30:29.657, 6, 0, 4, 97887
2026/07/08 15:30:29.672, 7, 0, 4, 97887
2026/07/08 15:30:30.690, 0, 2, 85418, 97887
2026/07/08 15:30:30.707, 1, 2, 87450, 97887
2026/07/08 15:30:30.725, 2, 2, 69506, 97887
2026/07/08 15:30:30.742, 3, 2, 68322, 97887
2026/07/08 15:30:30.757, 4, 0, 4, 97887
2026/07/08 15:30:30.774, 5, 0, 4, 97887
2026/07/08 15:30:30.790, 6, 0, 4, 97887
2026/07/08 15:30:30.805, 7, 0, 4, 97887
2026/07/08 15:30:31.820, 0, 2, 85418, 97887
2026/07/08 15:30:31.837, 1, 2, 87450, 97887
2026/07/08 15:30:31.849, 2, 2, 69506, 97887
2026/07/08 15:30:31.865, 3, 2, 68322, 97887
2026/07/08 15:30:31.881, 4, 0, 4, 97887
2026/07/08 15:30:31.898, 5, 0, 4, 97887
2026/07/08 15:30:31.914, 6, 0, 4, 97887
2026/07/08 15:30:31.930, 7, 0, 4, 97887
2026/07/08 15:30:32.945, 0, 2, 85418, 97887
2026/07/08 15:30:32.962, 1, 2, 87450, 97887
2026/07/08 15:30:32.978, 2, 2, 69506, 97887
2026/07/08 15:30:32.994, 3, 2, 68322, 97887
2026/07/08 15:30:33.011, 4, 0, 4, 97887
2026/07/08 15:30:33.026, 5, 0, 4, 97887
2026/07/08 15:30:33.047, 6, 0, 4, 97887
2026/07/08 15:30:33.061, 7, 0, 4, 97887
2026/07/08 15:30:34.079, 0, 2, 85418, 97887
2026/07/08 15:30:34.096, 1, 2, 87450, 97887
2026/07/08 15:30:34.115, 2, 2, 69506, 97887
2026/07/08 15:30:34.126, 3, 2, 68322, 97887
2026/07/08 15:30:34.134, 4, 0, 4, 97887
2026/07/08 15:30:34.150, 5, 0, 4, 97887
2026/07/08 15:30:34.166, 6, 0, 4, 97887
2026/07/08 15:30:34.185, 7, 0, 4, 97887
2026/07/08 15:30:35.202, 0, 2, 85418, 97887
2026/07/08 15:30:35.220, 1, 2, 87450, 97887
2026/07/08 15:30:35.237, 2, 2, 69506, 97887
2026/07/08 15:30:35.253, 3, 2, 68322, 97887
2026/07/08 15:30:35.281, 4, 0, 4, 97887
2026/07/08 15:30:35.298, 5, 0, 4, 97887
2026/07/08 15:30:35.321, 6, 0, 4, 97887
2026/07/08 15:30:35.346, 7, 0, 4, 97887
2026/07/08 15:30:36.370, 0, 2, 85418, 97887
2026/07/08 15:30:36.386, 1, 2, 87450, 97887
2026/07/08 15:30:36.403, 2, 2, 69506, 97887
2026/07/08 15:30:36.418, 3, 2, 68322, 97887
2026/07/08 15:30:36.433, 4, 0, 4, 97887
2026/07/08 15:30:36.450, 5, 0, 4, 97887
2026/07/08 15:30:36.466, 6, 0, 4, 97887
2026/07/08 15:30:36.483, 7, 0, 4, 97887
2026/07/08 15:30:37.498, 0, 2, 85418, 97887
2026/07/08 15:30:37.516, 1, 2, 87450, 97887
2026/07/08 15:30:37.532, 2, 2, 69506, 97887
2026/07/08 15:30:37.548, 3, 2, 68322, 97887
2026/07/08 15:30:37.562, 4, 0, 4, 97887
2026/07/08 15:30:37.577, 5, 0, 4, 97887
2026/07/08 15:30:37.591, 6, 0, 4, 97887
2026/07/08 15:30:37.607, 7, 0, 4, 97887
2026/07/08 15:30:38.621, 0, 2, 85418, 97887
2026/07/08 15:30:38.636, 1, 2, 87450, 97887
2026/07/08 15:30:38.647, 2, 2, 69506, 97887
2026/07/08 15:30:38.663, 3, 2, 68322, 97887
2026/07/08 15:30:38.678, 4, 0, 4, 97887
2026/07/08 15:30:38.695, 5, 0, 4, 97887
2026/07/08 15:30:38.713, 6, 0, 4, 97887
2026/07/08 15:30:38.730, 7, 0, 4, 97887
2026/07/08 15:30:39.747, 0, 2, 85418, 97887
2026/07/08 15:30:39.761, 1, 2, 87450, 97887
2026/07/08 15:30:39.777, 2, 2, 69506, 97887
2026/07/08 15:30:39.794, 3, 2, 68322, 97887
2026/07/08 15:30:39.810, 4, 0, 4, 97887
2026/07/08 15:30:39.826, 5, 0, 4, 97887
2026/07/08 15:30:39.842, 6, 0, 4, 97887
2026/07/08 15:30:39.857, 7, 0, 4, 97887
2026/07/08 15:30:40.874, 0, 2, 85418, 97887
2026/07/08 15:30:40.892, 1, 2, 87450, 97887
2026/07/08 15:30:40.909, 2, 2, 69506, 97887
2026/07/08 15:30:40.924, 3, 2, 68322, 97887
2026/07/08 15:30:40.938, 4, 0, 4, 97887
2026/07/08 15:30:40.955, 5, 0, 4, 97887
2026/07/08 15:30:40.975, 6, 0, 4, 97887
2026/07/08 15:30:40.992, 7, 0, 4, 97887
2026/07/08 15:30:42.009, 0, 2, 85418, 97887
2026/07/08 15:30:42.026, 1, 2, 87450, 97887
2026/07/08 15:30:42.043, 2, 2, 69506, 97887
2026/07/08 15:30:42.059, 3, 2, 68322, 97887
2026/07/08 15:30:42.075, 4, 0, 4, 97887
2026/07/08 15:30:42.091, 5, 0, 4, 97887
2026/07/08 15:30:42.108, 6, 0, 4, 97887
2026/07/08 15:30:42.123, 7, 0, 4, 97887
2026/07/08 15:30:43.138, 0, 2, 85418, 97887
2026/07/08 15:30:43.154, 1, 2, 87450, 97887
2026/07/08 15:30:43.171, 2, 2, 69506, 97887
2026/07/08 15:30:43.189, 3, 2, 68322, 97887
2026/07/08 15:30:43.206, 4, 0, 4, 97887
2026/07/08 15:30:43.223, 5, 0, 4, 97887
2026/07/08 15:30:43.242, 6, 0, 4, 97887
2026/07/08 15:30:43.259, 7, 0, 4, 97887
2026/07/08 15:30:44.275, 0, 2, 85418, 97887
2026/07/08 15:30:44.292, 1, 2, 87450, 97887
2026/07/08 15:30:44.308, 2, 2, 69506, 97887
2026/07/08 15:30:44.324, 3, 2, 68322, 97887
2026/07/08 15:30:44.341, 4, 0, 4, 97887
2026/07/08 15:30:44.358, 5, 0, 4, 97887
2026/07/08 15:30:44.375, 6, 0, 4, 97887
2026/07/08 15:30:44.390, 7, 0, 4, 97887
2026/07/08 15:30:45.406, 0, 100, 85418, 97887
2026/07/08 15:30:45.424, 1, 0, 87450, 97887
2026/07/08 15:30:45.443, 2, 100, 69506, 97887
2026/07/08 15:30:45.456, 3, 0, 68322, 97887
2026/07/08 15:30:45.468, 4, 0, 4, 97887
2026/07/08 15:30:45.482, 5, 0, 4, 97887
2026/07/08 15:30:45.497, 6, 0, 4, 97887
2026/07/08 15:30:45.514, 7, 0, 4, 97887
2026/07/08 15:30:46.529, 0, 97, 85418, 97887
2026/07/08 15:30:46.551, 1, 1, 87450, 97887
2026/07/08 15:30:46.577, 2, 0, 69506, 97887
2026/07/08 15:30:46.601, 3, 1, 68322, 97887
2026/07/08 15:30:46.620, 4, 0, 4, 97887
2026/07/08 15:30:46.637, 5, 0, 4, 97887
2026/07/08 15:30:46.653, 6, 0, 4, 97887
2026/07/08 15:30:46.670, 7, 0, 4, 97887
2026/07/08 15:30:47.684, 0, 0, 85418, 97887
2026/07/08 15:30:47.702, 1, 100, 87450, 97887
2026/07/08 15:30:47.719, 2, 2, 69506, 97887
2026/07/08 15:30:47.735, 3, 100, 68322, 97887
2026/07/08 15:30:47.749, 4, 0, 4, 97887
2026/07/08 15:30:47.764, 5, 0, 4, 97887
2026/07/08 15:30:47.782, 6, 0, 4, 97887
2026/07/08 15:30:47.801, 7, 0, 4, 97887
2026/07/08 15:30:48.818, 0, 0, 85418, 97887
2026/07/08 15:30:48.836, 1, 0, 87450, 97887
2026/07/08 15:30:48.853, 2, 0, 69506, 97887
2026/07/08 15:30:48.870, 3, 0, 68322, 97887
2026/07/08 15:30:48.886, 4, 0, 4, 97887
2026/07/08 15:30:48.902, 5, 0, 4, 97887
2026/07/08 15:30:48.917, 6, 0, 4, 97887
2026/07/08 15:30:48.934, 7, 0, 4, 97887
2026/07/08 15:30:49.952, 0, 0, 85418, 97887
2026/07/08 15:30:49.967, 1, 0, 87450, 97887
2026/07/08 15:30:49.982, 2, 33, 69506, 97887
2026/07/08 15:30:49.997, 3, 0, 68322, 97887
2026/07/08 15:30:50.012, 4, 0, 4, 97887
2026/07/08 15:30:50.028, 5, 0, 4, 97887
2026/07/08 15:30:50.042, 6, 0, 4, 97887
2026/07/08 15:30:50.061, 7, 0, 4, 97887
2026/07/08 15:30:51.077, 0, 0, 85418, 97887
2026/07/08 15:30:51.095, 1, 4, 87454, 97887
2026/07/08 15:30:51.112, 2, 4, 69510, 97887
2026/07/08 15:30:51.129, 3, 4, 68326, 97887
2026/07/08 15:30:51.147, 4, 0, 4, 97887
2026/07/08 15:30:51.164, 5, 0, 4, 97887
2026/07/08 15:30:51.180, 6, 0, 4, 97887
2026/07/08 15:30:51.193, 7, 0, 4, 97887
2026/07/08 15:30:52.207, 0, 0, 85418, 97887
2026/07/08 15:30:52.232, 1, 1, 87458, 97887
2026/07/08 15:30:52.249, 2, 1, 69514, 97887
2026/07/08 15:30:52.264, 3, 1, 68330, 97887
2026/07/08 15:30:52.280, 4, 0, 4, 97887
2026/07/08 15:30:52.295, 5, 0, 4, 97887
2026/07/08 15:30:52.310, 6, 0, 4, 97887
2026/07/08 15:30:52.325, 7, 0, 4, 97887
2026/07/08 15:30:53.342, 0, 4, 85422, 97887
2026/07/08 15:30:53.359, 1, 4, 87464, 97887
2026/07/08 15:30:53.374, 2, 4, 69518, 97887
2026/07/08 15:30:53.390, 3, 4, 68334, 97887
2026/07/08 15:30:53.407, 4, 0, 4, 97887
2026/07/08 15:30:53.423, 5, 0, 4, 97887
2026/07/08 15:30:53.437, 6, 0, 4, 97887
2026/07/08 15:30:53.452, 7, 0, 4, 97887
2026/07/08 15:30:54.465, 0, 4, 85426, 97887
2026/07/08 15:30:54.485, 1, 4, 87468, 97887
2026/07/08 15:30:54.501, 2, 4, 69524, 97887
2026/07/08 15:30:54.516, 3, 4, 68340, 97887
2026/07/08 15:30:54.531, 4, 0, 4, 97887
2026/07/08 15:30:54.546, 5, 0, 4, 97887
2026/07/08 15:30:54.563, 6, 0, 4, 97887
2026/07/08 15:30:54.577, 7, 0, 4, 97887
2026/07/08 15:30:55.594, 0, 4, 85432, 97887
2026/07/08 15:30:55.609, 1, 4, 87474, 97887
2026/07/08 15:30:55.626, 2, 4, 69530, 97887
2026/07/08 15:30:55.642, 3, 4, 68346, 97887
2026/07/08 15:30:55.658, 4, 0, 4, 97887
2026/07/08 15:30:55.674, 5, 0, 4, 97887
2026/07/08 15:30:55.690, 6, 0, 4, 97887
2026/07/08 15:30:55.705, 7, 0, 4, 97887
2026/07/08 15:30:56.721, 0, 4, 85438, 97887
2026/07/08 15:30:56.738, 1, 4, 87480, 97887
2026/07/08 15:30:56.754, 2, 4, 69536, 97887
2026/07/08 15:30:56.771, 3, 4, 68352, 97887
2026/07/08 15:30:56.789, 4, 0, 4, 97887
2026/07/08 15:30:56.807, 5, 0, 4, 97887
2026/07/08 15:30:56.824, 6, 0, 4, 97887
2026/07/08 15:30:56.841, 7, 0, 4, 97887
2026/07/08 15:30:57.861, 0, 1, 85442, 97887
2026/07/08 15:30:57.895, 1, 1, 87482, 97887
2026/07/08 15:30:57.920, 2, 1, 69538, 97887
2026/07/08 15:30:57.938, 3, 1, 68354, 97887
2026/07/08 15:30:57.955, 4, 0, 4, 97887
2026/07/08 15:30:57.972, 5, 0, 4, 97887
2026/07/08 15:30:57.988, 6, 0, 4, 97887
2026/07/08 15:30:58.005, 7, 0, 4, 97887
2026/07/08 15:30:59.022, 0, 2, 85446, 97887
2026/07/08 15:30:59.040, 1, 2, 87488, 97887
2026/07/08 15:30:59.056, 2, 2, 69542, 97887
2026/07/08 15:30:59.071, 3, 2, 68358, 97887
2026/07/08 15:30:59.086, 4, 0, 4, 97887
2026/07/08 15:30:59.101, 5, 0, 4, 97887
2026/07/08 15:30:59.116, 6, 0, 4, 97887
2026/07/08 15:30:59.131, 7, 0, 4, 97887
2026/07/08 15:31:00.147, 0, 3, 85448, 97887
2026/07/08 15:31:00.164, 1, 0, 87488, 97887
2026/07/08 15:31:00.179, 2, 0, 69544, 97887
2026/07/08 15:31:00.198, 3, 0, 68360, 97887
2026/07/08 15:31:00.213, 4, 0, 4, 97887
2026/07/08 15:31:00.230, 5, 0, 4, 97887
2026/07/08 15:31:00.245, 6, 0, 4, 97887
2026/07/08 15:31:00.263, 7, 0, 4, 97887
2026/07/08 15:31:01.280, 0, 4, 85452, 97887
2026/07/08 15:31:01.302, 1, 0, 87488, 97887
2026/07/08 15:31:01.320, 2, 0, 69544, 97887
2026/07/08 15:31:01.337, 3, 0, 68360, 97887
2026/07/08 15:31:01.352, 4, 0, 4, 97887
2026/07/08 15:31:01.382, 5, 0, 4, 97887
2026/07/08 15:31:01.402, 6, 0, 4, 97887
2026/07/08 15:31:01.435, 7, 0, 4, 97887
2026/07/08 15:31:02.468, 0, 2, 85454, 97887
2026/07/08 15:31:02.485, 1, 0, 87488, 97887
2026/07/08 15:31:02.501, 2, 0, 69544, 97887
2026/07/08 15:31:02.517, 3, 0, 68360, 97887
2026/07/08 15:31:02.529, 4, 0, 4, 97887
2026/07/08 15:31:02.540, 5, 0, 4, 97887
2026/07/08 15:31:02.552, 6, 0, 4, 97887
2026/07/08 15:31:02.564, 7, 0, 4, 97887
2026/07/08 15:31:03.574, 0, 0, 85456, 97887
2026/07/08 15:31:03.599, 1, 0, 87488, 97887
2026/07/08 15:31:03.616, 2, 0, 69544, 97887
2026/07/08 15:31:03.642, 3, 0, 68360, 97887
2026/07/08 15:31:03.667, 4, 0, 4, 97887
2026/07/08 15:31:03.687, 5, 0, 4, 97887
2026/07/08 15:31:03.719, 6, 0, 4, 97887
2026/07/08 15:31:03.752, 7, 0, 4, 97887
2026/07/08 15:31:04.785, 0, 0, 85456, 97887
2026/07/08 15:31:04.805, 1, 0, 87488, 97887
2026/07/08 15:31:04.822, 2, 0, 69544, 97887
2026/07/08 15:31:04.839, 3, 0, 68360, 97887
2026/07/08 15:31:04.856, 4, 0, 4, 97887
2026/07/08 15:31:04.874, 5, 0, 4, 97887
2026/07/08 15:31:04.892, 6, 0, 4, 97887
2026/07/08 15:31:04.909, 7, 0, 4, 97887
2026/07/08 15:31:05.927, 0, 0, 85456, 97887
2026/07/08 15:31:05.942, 1, 0, 87488, 97887
2026/07/08 15:31:05.957, 2, 0, 69544, 97887
2026/07/08 15:31:05.971, 3, 0, 68360, 97887
2026/07/08 15:31:05.985, 4, 0, 4, 97887
2026/07/08 15:31:06.000, 5, 0, 4, 97887
2026/07/08 15:31:06.015, 6, 0, 4, 97887
2026/07/08 15:31:06.030, 7, 0, 4, 97887
2026/07/08 15:31:07.044, 0, 0, 85456, 97887
2026/07/08 15:31:07.056, 1, 0, 87488, 97887
2026/07/08 15:31:07.069, 2, 0, 69544, 97887
2026/07/08 15:31:07.082, 3, 0, 68360, 97887
2026/07/08 15:31:07.094, 4, 0, 4, 97887
2026/07/08 15:31:07.105, 5, 0, 4, 97887
2026/07/08 15:31:07.115, 6, 0, 4, 97887
2026/07/08 15:31:07.124, 7, 0, 4, 97887
2026/07/08 15:31:08.134, 0, 0, 85456, 97887
2026/07/08 15:31:08.149, 1, 0, 87488, 97887
2026/07/08 15:31:08.164, 2, 0, 69544, 97887
2026/07/08 15:31:08.178, 3, 0, 68360, 97887
2026/07/08 15:31:08.192, 4, 0, 4, 97887
2026/07/08 15:31:08.206, 5, 0, 4, 97887
2026/07/08 15:31:08.220, 6, 0, 4, 97887
2026/07/08 15:31:08.232, 7, 0, 4, 97887
2026/07/08 15:31:09.245, 0, 0, 85456, 97887
2026/07/08 15:31:09.260, 1, 0, 87488, 97887
2026/07/08 15:31:09.275, 2, 0, 69544, 97887
2026/07/08 15:31:09.290, 3, 0, 68360, 97887
2026/07/08 15:31:09.304, 4, 0, 4, 97887
2026/07/08 15:31:09.318, 5, 0, 4, 97887
2026/07/08 15:31:09.331, 6, 0, 4, 97887
2026/07/08 15:31:09.346, 7, 0, 4, 97887
2026/07/08 15:31:10.362, 0, 0, 85456, 97887
2026/07/08 15:31:10.379, 1, 0, 87488, 97887
2026/07/08 15:31:10.395, 2, 0, 69544, 97887
2026/07/08 15:31:10.415, 3, 0, 68360, 97887
2026/07/08 15:31:10.432, 4, 0, 4, 97887
2026/07/08 15:31:10.450, 5, 0, 4, 97887
2026/07/08 15:31:10.468, 6, 0, 4, 97887
2026/07/08 15:31:10.487, 7, 0, 4, 97887
2026/07/08 15:31:11.503, 0, 0, 85456, 97887
2026/07/08 15:31:11.520, 1, 0, 87488, 97887
2026/07/08 15:31:11.537, 2, 0, 69544, 97887
2026/07/08 15:31:11.557, 3, 0, 68360, 97887
2026/07/08 15:31:11.575, 4, 0, 4, 97887
2026/07/08 15:31:11.590, 5, 0, 4, 97887
2026/07/08 15:31:11.605, 6, 0, 4, 97887
2026/07/08 15:31:11.620, 7, 0, 4, 97887
2026/07/08 15:31:12.634, 0, 0, 85456, 97887
2026/07/08 15:31:12.649, 1, 0, 87488, 97887
2026/07/08 15:31:12.666, 2, 0, 69544, 97887
2026/07/08 15:31:12.681, 3, 0, 68360, 97887
2026/07/08 15:31:12.695, 4, 0, 4, 97887
2026/07/08 15:31:12.711, 5, 0, 4, 97887
2026/07/08 15:31:12.726, 6, 0, 4, 97887
2026/07/08 15:31:12.737, 7, 0, 4, 97887
2026/07/08 15:31:13.753, 0, 0, 85456, 97887
2026/07/08 15:31:13.769, 1, 0, 87488, 97887
2026/07/08 15:31:13.785, 2, 0, 69544, 97887
2026/07/08 15:31:13.803, 3, 0, 68360, 97887
2026/07/08 15:31:13.819, 4, 0, 4, 97887
2026/07/08 15:31:13.836, 5, 0, 4, 97887
2026/07/08 15:31:13.850, 6, 0, 4, 97887
2026/07/08 15:31:13.866, 7, 0, 4, 97887
2026/07/08 15:31:14.879, 0, 0, 85456, 97887
2026/07/08 15:31:14.894, 1, 0, 87488, 97887
2026/07/08 15:31:14.907, 2, 0, 69544, 97887
2026/07/08 15:31:14.921, 3, 0, 68360, 97887
2026/07/08 15:31:14.934, 4, 0, 4, 97887
2026/07/08 15:31:14.947, 5, 0, 4, 97887
2026/07/08 15:31:14.961, 6, 0, 4, 97887
2026/07/08 15:31:14.976, 7, 0, 4, 97887
2026/07/08 15:31:15.993, 0, 0, 85456, 97887
2026/07/08 15:31:16.010, 1, 0, 87488, 97887
2026/07/08 15:31:16.025, 2, 0, 69544, 97887
2026/07/08 15:31:16.043, 3, 0, 68360, 97887
2026/07/08 15:31:16.061, 4, 0, 4, 97887
2026/07/08 15:31:16.079, 5, 0, 4, 97887
2026/07/08 15:31:16.094, 6, 0, 4, 97887
2026/07/08 15:31:16.104, 7, 0, 4, 97887
2026/07/08 15:31:17.123, 0, 0, 85456, 97887
2026/07/08 15:31:17.141, 1, 0, 87488, 97887
2026/07/08 15:31:17.158, 2, 0, 69544, 97887
2026/07/08 15:31:17.175, 3, 0, 68360, 97887
2026/07/08 15:31:17.192, 4, 0, 4, 97887
2026/07/08 15:31:17.208, 5, 0, 4, 97887
2026/07/08 15:31:17.226, 6, 0, 4, 97887
2026/07/08 15:31:17.241, 7, 0, 4, 97887
2026/07/08 15:31:18.256, 0, 0, 85456, 97887
2026/07/08 15:31:18.272, 1, 0, 87488, 97887
2026/07/08 15:31:18.289, 2, 0, 69544, 97887
2026/07/08 15:31:18.305, 3, 0, 68360, 97887
2026/07/08 15:31:18.324, 4, 0, 4, 97887
2026/07/08 15:31:18.338, 5, 0, 4, 97887
2026/07/08 15:31:18.351, 6, 0, 4, 97887
2026/07/08 15:31:18.361, 7, 0, 4, 97887
2026/07/08 15:31:19.374, 0, 0, 85456, 97887
2026/07/08 15:31:19.391, 1, 0, 87488, 97887
2026/07/08 15:31:19.404, 2, 0, 69544, 97887
2026/07/08 15:31:19.418, 3, 0, 68360, 97887
2026/07/08 15:31:19.433, 4, 0, 4, 97887
2026/07/08 15:31:19.447, 5, 0, 4, 97887
2026/07/08 15:31:19.461, 6, 0, 4, 97887
2026/07/08 15:31:19.477, 7, 0, 4, 97887
2026/07/08 15:31:20.493, 0, 0, 85456, 97887
2026/07/08 15:31:20.508, 1, 0, 87488, 97887
2026/07/08 15:31:20.521, 2, 0, 69544, 97887
2026/07/08 15:31:20.535, 3, 0, 68360, 97887
2026/07/08 15:31:20.548, 4, 0, 4, 97887
2026/07/08 15:31:20.561, 5, 0, 4, 97887
2026/07/08 15:31:20.577, 6, 0, 4, 97887
2026/07/08 15:31:20.593, 7, 0, 4, 97887
2026/07/08 15:31:21.611, 0, 0, 85456, 97887
2026/07/08 15:31:21.632, 1, 0, 87488, 97887
2026/07/08 15:31:21.650, 2, 0, 69544, 97887
2026/07/08 15:31:21.662, 3, 0, 68360, 97887
2026/07/08 15:31:21.675, 4, 0, 4, 97887
2026/07/08 15:31:21.689, 5, 0, 4, 97887
2026/07/08 15:31:21.702, 6, 0, 4, 97887
2026/07/08 15:31:21.714, 7, 0, 4, 97887
2026/07/08 15:31:22.727, 0, 0, 85456, 97887
2026/07/08 15:31:22.742, 1, 0, 87488, 97887
2026/07/08 15:31:22.755, 2, 0, 69544, 97887
2026/07/08 15:31:22.768, 3, 0, 68360, 97887
2026/07/08 15:31:22.783, 4, 0, 4, 97887
2026/07/08 15:31:22.796, 5, 0, 4, 97887
2026/07/08 15:31:22.811, 6, 0, 4, 97887
2026/07/08 15:31:22.826, 7, 0, 4, 97887
2026/07/08 15:31:23.841, 0, 0, 85456, 97887
2026/07/08 15:31:23.855, 1, 0, 87488, 97887
2026/07/08 15:31:23.870, 2, 0, 69544, 97887
2026/07/08 15:31:23.885, 3, 0, 68360, 97887
2026/07/08 15:31:23.898, 4, 0, 4, 97887
2026/07/08 15:31:23.912, 5, 0, 4, 97887
2026/07/08 15:31:23.927, 6, 0, 4, 97887
2026/07/08 15:31:23.942, 7, 0, 4, 97887
2026/07/08 15:31:24.955, 0, 0, 85456, 97887
2026/07/08 15:31:24.970, 1, 0, 87488, 97887
2026/07/08 15:31:24.986, 2, 0, 69544, 97887
2026/07/08 15:31:25.001, 3, 0, 68360, 97887
2026/07/08 15:31:25.013, 4, 0, 4, 97887
2026/07/08 15:31:25.031, 5, 0, 4, 97887
2026/07/08 15:31:25.044, 6, 0, 4, 97887
2026/07/08 15:31:25.060, 7, 0, 4, 97887
2026/07/08 15:31:26.074, 0, 0, 85456, 97887
2026/07/08 15:31:26.089, 1, 0, 87488, 97887
2026/07/08 15:31:26.102, 2, 0, 69544, 97887
2026/07/08 15:31:26.116, 3, 0, 68360, 97887
2026/07/08 15:31:26.131, 4, 0, 4, 97887
2026/07/08 15:31:26.142, 5, 0, 4, 97887
2026/07/08 15:31:26.156, 6, 0, 4, 97887
2026/07/08 15:31:26.169, 7, 0, 4, 97887
2026/07/08 15:31:27.183, 0, 0, 85456, 97887
2026/07/08 15:31:27.201, 1, 0, 87488, 97887
2026/07/08 15:31:27.225, 2, 0, 69544, 97887
2026/07/08 15:31:27.245, 3, 0, 68360, 97887
2026/07/08 15:31:27.262, 4, 0, 4, 97887
2026/07/08 15:31:27.282, 5, 0, 4, 97887
2026/07/08 15:31:27.301, 6, 0, 4, 97887
2026/07/08 15:31:27.317, 7, 0, 4, 97887
2026/07/08 15:31:28.335, 0, 0, 85456, 97887
2026/07/08 15:31:28.352, 1, 0, 87488, 97887
2026/07/08 15:31:28.369, 2, 0, 69544, 97887
2026/07/08 15:31:28.383, 3, 0, 68360, 97887
2026/07/08 15:31:28.396, 4, 0, 4, 97887
2026/07/08 15:31:28.409, 5, 0, 4, 97887
2026/07/08 15:31:28.422, 6, 0, 4, 97887
2026/07/08 15:31:28.434, 7, 0, 4, 97887
2026/07/08 15:31:29.447, 0, 0, 85456, 97887
2026/07/08 15:31:29.463, 1, 0, 87488, 97887
2026/07/08 15:31:29.477, 2, 0, 69544, 97887
2026/07/08 15:31:29.490, 3, 0, 68360, 97887
2026/07/08 15:31:29.505, 4, 0, 4, 97887
2026/07/08 15:31:29.522, 5, 0, 4, 97887
2026/07/08 15:31:29.538, 6, 0, 4, 97887
2026/07/08 15:31:29.553, 7, 0, 4, 97887
2026/07/08 15:31:30.567, 0, 0, 85456, 97887
2026/07/08 15:31:30.583, 1, 0, 87488, 97887
2026/07/08 15:31:30.600, 2, 0, 69544, 97887
2026/07/08 15:31:30.616, 3, 0, 68360, 97887
2026/07/08 15:31:30.633, 4, 0, 4, 97887
2026/07/08 15:31:30.649, 5, 0, 4, 97887
2026/07/08 15:31:30.665, 6, 0, 4, 97887
2026/07/08 15:31:30.685, 7, 0, 4, 97887
2026/07/08 15:31:31.703, 0, 0, 85456, 97887
2026/07/08 15:31:31.720, 1, 0, 87488, 97887
2026/07/08 15:31:31.738, 2, 0, 69544, 97887
2026/07/08 15:31:31.752, 3, 0, 68360, 97887
2026/07/08 15:31:31.768, 4, 0, 4, 97887
2026/07/08 15:31:31.781, 5, 0, 4, 97887
2026/07/08 15:31:31.800, 6, 0, 4, 97887
2026/07/08 15:31:31.815, 7, 0, 4, 97887
2026/07/08 15:31:32.832, 0, 0, 85456, 97887
2026/07/08 15:31:32.849, 1, 0, 87488, 97887
2026/07/08 15:31:32.867, 2, 0, 69544, 97887
2026/07/08 15:31:32.887, 3, 0, 68360, 97887
2026/07/08 15:31:32.912, 4, 0, 4, 97887
2026/07/08 15:31:32.929, 5, 0, 4, 97887
2026/07/08 15:31:32.945, 6, 0, 4, 97887
2026/07/08 15:31:32.962, 7, 0, 4, 97887
2026/07/08 15:31:33.978, 0, 0, 85456, 97887
2026/07/08 15:31:33.996, 1, 0, 87488, 97887
2026/07/08 15:31:34.013, 2, 0, 69544, 97887
2026/07/08 15:31:34.025, 3, 0, 68360, 97887
2026/07/08 15:31:34.038, 4, 0, 4, 97887
2026/07/08 15:31:34.052, 5, 0, 4, 97887
2026/07/08 15:31:34.067, 6, 0, 4, 97887
2026/07/08 15:31:34.081, 7, 0, 4, 97887
2026/07/08 15:31:35.097, 0, 0, 85456, 97887
2026/07/08 15:31:35.111, 1, 0, 87488, 97887
2026/07/08 15:31:35.126, 2, 0, 69544, 97887
2026/07/08 15:31:35.142, 3, 0, 68360, 97887
2026/07/08 15:31:35.159, 4, 0, 4, 97887
2026/07/08 15:31:35.175, 5, 0, 4, 97887
2026/07/08 15:31:35.191, 6, 0, 4, 97887
2026/07/08 15:31:35.207, 7, 0, 4, 97887
2026/07/08 15:31:36.224, 0, 0, 85456, 97887
2026/07/08 15:31:36.244, 1, 0, 87488, 97887
2026/07/08 15:31:36.262, 2, 0, 69544, 97887
2026/07/08 15:31:36.280, 3, 0, 68360, 97887
2026/07/08 15:31:36.298, 4, 0, 4, 97887
2026/07/08 15:31:36.313, 5, 0, 4, 97887
2026/07/08 15:31:36.329, 6, 0, 4, 97887
2026/07/08 15:31:36.344, 7, 0, 4, 97887
2026/07/08 15:31:37.360, 0, 0, 85456, 97887
2026/07/08 15:31:37.377, 1, 0, 87488, 97887
2026/07/08 15:31:37.394, 2, 0, 69544, 97887
2026/07/08 15:31:37.411, 3, 0, 68360, 97887
2026/07/08 15:31:37.430, 4, 0, 4, 97887
2026/07/08 15:31:37.446, 5, 0, 4, 97887
2026/07/08 15:31:37.464, 6, 0, 4, 97887
2026/07/08 15:31:37.479, 7, 0, 4, 97887
2026/07/08 15:31:38.495, 0, 0, 85456, 97887
2026/07/08 15:31:38.519, 1, 0, 87488, 97887
2026/07/08 15:31:38.534, 2, 0, 69544, 97887
2026/07/08 15:31:38.548, 3, 0, 68360, 97887
2026/07/08 15:31:38.569, 4, 0, 4, 97887
2026/07/08 15:31:38.588, 5, 0, 4, 97887
2026/07/08 15:31:38.599, 6, 0, 4, 97887
2026/07/08 15:31:38.614, 7, 0, 4, 97887
2026/07/08 15:31:39.625, 0, 0, 85456, 97887
2026/07/08 15:31:39.640, 1, 0, 87488, 97887
2026/07/08 15:31:39.653, 2, 0, 69544, 97887
2026/07/08 15:31:39.664, 3, 0, 68360, 97887
2026/07/08 15:31:39.680, 4, 0, 4, 97887
2026/07/08 15:31:39.695, 5, 0, 4, 97887
2026/07/08 15:31:39.712, 6, 0, 4, 97887
2026/07/08 15:31:39.728, 7, 0, 4, 97887
2026/07/08 15:31:40.744, 0, 0, 85456, 97887
2026/07/08 15:31:40.762, 1, 0, 87488, 97887
2026/07/08 15:31:40.775, 2, 0, 69544, 97887
2026/07/08 15:31:40.787, 3, 0, 68360, 97887
2026/07/08 15:31:40.801, 4, 0, 4, 97887
2026/07/08 15:31:40.817, 5, 0, 4, 97887
2026/07/08 15:31:40.832, 6, 0, 4, 97887
2026/07/08 15:31:40.847, 7, 0, 4, 97887
2026/07/08 15:31:41.863, 0, 0, 85456, 97887
2026/07/08 15:31:41.881, 1, 0, 87488, 97887
2026/07/08 15:31:41.895, 2, 0, 69544, 97887
2026/07/08 15:31:41.907, 3, 0, 68360, 97887
2026/07/08 15:31:41.918, 4, 0, 4, 97887
2026/07/08 15:31:41.932, 5, 0, 4, 97887
2026/07/08 15:31:41.945, 6, 0, 4, 97887
2026/07/08 15:31:41.956, 7, 0, 4, 97887
2026/07/08 15:31:42.970, 0, 0, 85456, 97887
2026/07/08 15:31:42.988, 1, 0, 87488, 97887
2026/07/08 15:31:43.006, 2, 0, 69544, 97887
2026/07/08 15:31:43.019, 3, 0, 68360, 97887
2026/07/08 15:31:43.033, 4, 0, 4, 97887
2026/07/08 15:31:43.048, 5, 0, 4, 97887
2026/07/08 15:31:43.063, 6, 0, 4, 97887
2026/07/08 15:31:43.077, 7, 0, 4, 97887
2026/07/08 15:31:44.090, 0, 0, 85456, 97887
2026/07/08 15:31:44.119, 1, 0, 87488, 97887
2026/07/08 15:31:44.135, 2, 0, 69544, 97887
2026/07/08 15:31:44.156, 3, 0, 68360, 97887
2026/07/08 15:31:44.176, 4, 0, 4, 97887
2026/07/08 15:31:44.198, 5, 0, 4, 97887
2026/07/08 15:31:44.213, 6, 0, 4, 97887
2026/07/08 15:31:44.239, 7, 0, 4, 97887
2026/07/08 15:31:45.262, 0, 0, 85456, 97887
2026/07/08 15:31:45.274, 1, 0, 87488, 97887
2026/07/08 15:31:45.286, 2, 0, 69544, 97887
2026/07/08 15:31:45.298, 3, 0, 68360, 97887
2026/07/08 15:31:45.312, 4, 0, 4, 97887
2026/07/08 15:31:45.327, 5, 0, 4, 97887
2026/07/08 15:31:45.340, 6, 0, 4, 97887
2026/07/08 15:31:45.353, 7, 0, 4, 97887
2026/07/08 15:31:46.367, 0, 0, 85456, 97887
2026/07/08 15:31:46.387, 1, 0, 87488, 97887
2026/07/08 15:31:46.402, 2, 0, 69544, 97887
2026/07/08 15:31:46.420, 3, 0, 68360, 97887
2026/07/08 15:31:46.439, 4, 0, 4, 97887
2026/07/08 15:31:46.457, 5, 0, 4, 97887
2026/07/08 15:31:46.476, 6, 0, 4, 97887
2026/07/08 15:31:46.494, 7, 0, 4, 97887
2026/07/08 15:31:47.514, 0, 0, 85456, 97887
2026/07/08 15:31:47.531, 1, 0, 87488, 97887
2026/07/08 15:31:47.548, 2, 0, 69544, 97887
2026/07/08 15:31:47.565, 3, 0, 68360, 97887
2026/07/08 15:31:47.581, 4, 0, 4, 97887
2026/07/08 15:31:47.599, 5, 0, 4, 97887
2026/07/08 15:31:47.616, 6, 0, 4, 97887
2026/07/08 15:31:47.631, 7, 0, 4, 97887
2026/07/08 15:31:48.647, 0, 0, 85456, 97887
2026/07/08 15:31:48.661, 1, 0, 87488, 97887
2026/07/08 15:31:48.675, 2, 0, 69544, 97887
2026/07/08 15:31:48.688, 3, 0, 68360, 97887
2026/07/08 15:31:48.703, 4, 0, 4, 97887
2026/07/08 15:31:48.719, 5, 0, 4, 97887
2026/07/08 15:31:48.734, 6, 0, 4, 97887
2026/07/08 15:31:48.750, 7, 0, 4, 97887
2026/07/08 15:31:49.764, 0, 0, 85456, 97887
2026/07/08 15:31:49.789, 1, 0, 87488, 97887
2026/07/08 15:31:49.807, 2, 0, 69544, 97887
2026/07/08 15:31:49.822, 3, 0, 68360, 97887
2026/07/08 15:31:49.842, 4, 0, 4, 97887
2026/07/08 15:31:49.858, 5, 0, 4, 97887
2026/07/08 15:31:49.876, 6, 0, 4, 97887
2026/07/08 15:31:49.890, 7, 0, 4, 97887
2026/07/08 15:31:50.909, 0, 0, 85456, 97887
2026/07/08 15:31:50.926, 1, 0, 87488, 97887
2026/07/08 15:31:50.938, 2, 0, 69544, 97887
2026/07/08 15:31:50.947, 3, 0, 68360, 97887
2026/07/08 15:31:50.959, 4, 0, 4, 97887
2026/07/08 15:31:50.971, 5, 0, 4, 97887
2026/07/08 15:31:50.982, 6, 0, 4, 97887
2026/07/08 15:31:50.992, 7, 0, 4, 97887
2026/07/08 15:31:52.000, 0, 0, 85456, 97887
2026/07/08 15:31:52.010, 1, 0, 87488, 97887
2026/07/08 15:31:52.017, 2, 0, 69544, 97887
2026/07/08 15:31:52.023, 3, 0, 68360, 97887
2026/07/08 15:31:52.034, 4, 0, 4, 97887
2026/07/08 15:31:52.047, 5, 0, 4, 97887
2026/07/08 15:31:52.062, 6, 0, 4, 97887
2026/07/08 15:31:52.073, 7, 0, 4, 97887
2026/07/08 15:31:53.084, 0, 0, 85456, 97887
2026/07/08 15:31:53.096, 1, 0, 87488, 97887
2026/07/08 15:31:53.112, 2, 0, 69544, 97887
2026/07/08 15:31:53.127, 3, 0, 68360, 97887
2026/07/08 15:31:53.140, 4, 0, 4, 97887
2026/07/08 15:31:53.155, 5, 0, 4, 97887
2026/07/08 15:31:53.170, 6, 0, 4, 97887
2026/07/08 15:31:53.186, 7, 0, 4, 97887
2026/07/08 15:31:54.203, 0, 0, 85456, 97887
2026/07/08 15:31:54.221, 1, 0, 87488, 97887
2026/07/08 15:31:54.237, 2, 0, 69544, 97887
2026/07/08 15:31:54.252, 3, 0, 68360, 97887
2026/07/08 15:31:54.268, 4, 0, 4, 97887
2026/07/08 15:31:54.283, 5, 0, 4, 97887
2026/07/08 15:31:54.296, 6, 0, 4, 97887
2026/07/08 15:31:54.310, 7, 0, 4, 97887
2026/07/08 15:31:55.325, 0, 0, 85456, 97887
2026/07/08 15:31:55.347, 1, 0, 87488, 97887
2026/07/08 15:31:55.361, 2, 0, 69544, 97887
2026/07/08 15:31:55.395, 3, 0, 68360, 97887
2026/07/08 15:31:55.414, 4, 0, 4, 97887
2026/07/08 15:31:55.437, 5, 0, 4, 97887
2026/07/08 15:31:55.455, 6, 0, 4, 97887
2026/07/08 15:31:55.479, 7, 0, 4, 97887
2026/07/08 15:31:56.495, 0, 0, 85456, 97887
2026/07/08 15:31:56.512, 1, 0, 87488, 97887
2026/07/08 15:31:56.531, 2, 0, 69544, 97887
2026/07/08 15:31:56.548, 3, 0, 68360, 97887
2026/07/08 15:31:56.563, 4, 0, 4, 97887
2026/07/08 15:31:56.578, 5, 0, 4, 97887
2026/07/08 15:31:56.592, 6, 0, 4, 97887
2026/07/08 15:31:56.607, 7, 0, 4, 97887
2026/07/08 15:31:57.620, 0, 0, 85456, 97887
2026/07/08 15:31:57.634, 1, 0, 87488, 97887
2026/07/08 15:31:57.646, 2, 0, 69544, 97887
2026/07/08 15:31:57.657, 3, 0, 68360, 97887
2026/07/08 15:31:57.671, 4, 0, 4, 97887
2026/07/08 15:31:57.682, 5, 0, 4, 97887
2026/07/08 15:31:57.695, 6, 0, 4, 97887
2026/07/08 15:31:57.708, 7, 0, 4, 97887
2026/07/08 15:31:58.720, 0, 0, 85456, 97887
2026/07/08 15:31:58.734, 1, 0, 87488, 97887
2026/07/08 15:31:58.746, 2, 0, 69544, 97887
2026/07/08 15:31:58.754, 3, 0, 68360, 97887
2026/07/08 15:31:58.762, 4, 0, 4, 97887
2026/07/08 15:31:58.774, 5, 0, 4, 97887
2026/07/08 15:31:58.786, 6, 0, 4, 97887
2026/07/08 15:31:58.797, 7, 0, 4, 97887
2026/07/08 15:31:59.807, 0, 0, 85456, 97887
2026/07/08 15:31:59.823, 1, 0, 87488, 97887
2026/07/08 15:31:59.837, 2, 0, 69544, 97887
2026/07/08 15:31:59.855, 3, 0, 68360, 97887
2026/07/08 15:31:59.871, 4, 0, 4, 97887
2026/07/08 15:31:59.887, 5, 0, 4, 97887
2026/07/08 15:31:59.904, 6, 0, 4, 97887
2026/07/08 15:31:59.920, 7, 0, 4, 97887
2026/07/08 15:32:00.938, 0, 0, 85456, 97887
2026/07/08 15:32:00.956, 1, 0, 87488, 97887
2026/07/08 15:32:00.974, 2, 0, 69544, 97887
2026/07/08 15:32:00.991, 3, 0, 68360, 97887
2026/07/08 15:32:01.007, 4, 0, 4, 97887
2026/07/08 15:32:01.024, 5, 0, 4, 97887
2026/07/08 15:32:01.040, 6, 0, 4, 97887
2026/07/08 15:32:01.057, 7, 0, 4, 97887
2026/07/08 15:32:02.073, 0, 0, 85456, 97887
2026/07/08 15:32:02.091, 1, 0, 87488, 97887
2026/07/08 15:32:02.108, 2, 0, 69544, 97887
2026/07/08 15:32:02.123, 3, 0, 68360, 97887
2026/07/08 15:32:02.136, 4, 0, 4, 97887
2026/07/08 15:32:02.150, 5, 0, 4, 97887
2026/07/08 15:32:02.163, 6, 0, 4, 97887
2026/07/08 15:32:02.175, 7, 0, 4, 97887
2026/07/08 15:32:03.191, 0, 0, 85456, 97887
2026/07/08 15:32:03.205, 1, 0, 87488, 97887
2026/07/08 15:32:03.219, 2, 0, 69544, 97887
2026/07/08 15:32:03.233, 3, 0, 68360, 97887
2026/07/08 15:32:03.245, 4, 0, 4, 97887
2026/07/08 15:32:03.261, 5, 0, 4, 97887
2026/07/08 15:32:03.277, 6, 0, 4, 97887
2026/07/08 15:32:03.291, 7, 0, 4, 97887
2026/07/08 15:32:04.305, 0, 0, 85456, 97887
2026/07/08 15:32:04.322, 1, 0, 87488, 97887
2026/07/08 15:32:04.337, 2, 0, 69544, 97887
2026/07/08 15:32:04.352, 3, 0, 68360, 97887
2026/07/08 15:32:04.367, 4, 0, 4, 97887
2026/07/08 15:32:04.382, 5, 0, 4, 97887
2026/07/08 15:32:04.395, 6, 0, 4, 97887
2026/07/08 15:32:04.405, 7, 0, 4, 97887
2026/07/08 15:32:05.417, 0, 0, 85456, 97887
2026/07/08 15:32:05.434, 1, 0, 87488, 97887
2026/07/08 15:32:05.450, 2, 0, 69544, 97887
2026/07/08 15:32:05.465, 3, 0, 68360, 97887
2026/07/08 15:32:05.483, 4, 0, 4, 97887
2026/07/08 15:32:05.499, 5, 0, 4, 97887
2026/07/08 15:32:05.516, 6, 0, 4, 97887
2026/07/08 15:32:05.530, 7, 0, 4, 97887
2026/07/08 15:32:06.545, 0, 0, 85456, 97887
2026/07/08 15:32:06.564, 1, 0, 87488, 97887
2026/07/08 15:32:06.580, 2, 0, 69544, 97887
2026/07/08 15:32:06.595, 3, 0, 68360, 97887
2026/07/08 15:32:06.612, 4, 0, 4, 97887
2026/07/08 15:32:06.633, 5, 0, 4, 97887
2026/07/08 15:32:06.647, 6, 0, 4, 97887
2026/07/08 15:32:06.664, 7, 0, 4, 97887
2026/07/08 15:32:07.681, 0, 0, 85456, 97887
2026/07/08 15:32:07.699, 1, 0, 87488, 97887
2026/07/08 15:32:07.716, 2, 0, 69544, 97887
2026/07/08 15:32:07.736, 3, 0, 68360, 97887
2026/07/08 15:32:07.755, 4, 0, 4, 97887
2026/07/08 15:32:07.774, 5, 0, 4, 97887
2026/07/08 15:32:07.790, 6, 0, 4, 97887
2026/07/08 15:32:07.809, 7, 0, 4, 97887
2026/07/08 15:32:08.826, 0, 0, 85456, 97887
2026/07/08 15:32:08.842, 1, 0, 87488, 97887
2026/07/08 15:32:08.858, 2, 0, 69544, 97887
2026/07/08 15:32:08.874, 3, 0, 68360, 97887
2026/07/08 15:32:08.890, 4, 0, 4, 97887
2026/07/08 15:32:08.907, 5, 0, 4, 97887
2026/07/08 15:32:08.923, 6, 0, 4, 97887
2026/07/08 15:32:08.940, 7, 0, 4, 97887
2026/07/08 15:32:09.957, 0, 0, 85456, 97887
2026/07/08 15:32:09.974, 1, 0, 87488, 97887
2026/07/08 15:32:09.991, 2, 0, 69544, 97887
2026/07/08 15:32:10.008, 3, 0, 68360, 97887
2026/07/08 15:32:10.024, 4, 0, 4, 97887
2026/07/08 15:32:10.039, 5, 0, 4, 97887
2026/07/08 15:32:10.054, 6, 0, 4, 97887
2026/07/08 15:32:10.068, 7, 0, 4, 97887
2026/07/08 15:32:11.082, 0, 0, 85456, 97887
2026/07/08 15:32:11.099, 1, 0, 87488, 97887
2026/07/08 15:32:11.118, 2, 0, 69544, 97887
2026/07/08 15:32:11.135, 3, 0, 68360, 97887
2026/07/08 15:32:11.152, 4, 0, 4, 97887
2026/07/08 15:32:11.167, 5, 0, 4, 97887
2026/07/08 15:32:11.182, 6, 0, 4, 97887
2026/07/08 15:32:11.198, 7, 0, 4, 97887
2026/07/08 15:32:12.215, 0, 0, 85456, 97887
2026/07/08 15:32:12.234, 1, 0, 87488, 97887
2026/07/08 15:32:12.250, 2, 0, 69544, 97887
2026/07/08 15:32:12.267, 3, 0, 68360, 97887
2026/07/08 15:32:12.285, 4, 0, 4, 97887
2026/07/08 15:32:12.301, 5, 0, 4, 97887
2026/07/08 15:32:12.318, 6, 0, 4, 97887
2026/07/08 15:32:12.336, 7, 0, 4, 97887
2026/07/08 15:32:13.353, 0, 0, 85456, 97887
2026/07/08 15:32:13.377, 1, 0, 87488, 97887
2026/07/08 15:32:13.397, 2, 0, 69544, 97887
2026/07/08 15:32:13.418, 3, 0, 68360, 97887
2026/07/08 15:32:13.445, 4, 0, 4, 97887
2026/07/08 15:32:13.462, 5, 0, 4, 97887
2026/07/08 15:32:13.480, 6, 0, 4, 97887
2026/07/08 15:32:13.494, 7, 0, 4, 97887
2026/07/08 15:32:14.512, 0, 0, 85456, 97887
2026/07/08 15:32:14.529, 1, 0, 87488, 97887
2026/07/08 15:32:14.546, 2, 0, 69544, 97887
2026/07/08 15:32:14.561, 3, 0, 68360, 97887
2026/07/08 15:32:14.577, 4, 0, 4, 97887
2026/07/08 15:32:14.590, 5, 0, 4, 97887
2026/07/08 15:32:14.604, 6, 0, 4, 97887
2026/07/08 15:32:14.618, 7, 0, 4, 97887
2026/07/08 15:32:15.636, 0, 0, 85456, 97887
2026/07/08 15:32:15.654, 1, 0, 87488, 97887
2026/07/08 15:32:15.668, 2, 0, 69544, 97887
2026/07/08 15:32:15.684, 3, 0, 68360, 97887
2026/07/08 15:32:15.698, 4, 0, 4, 97887
2026/07/08 15:32:15.715, 5, 0, 4, 97887
2026/07/08 15:32:15.732, 6, 0, 4, 97887
2026/07/08 15:32:15.749, 7, 0, 4, 97887
2026/07/08 15:32:16.763, 0, 0, 85456, 97887
2026/07/08 15:32:16.783, 1, 0, 87488, 97887
2026/07/08 15:32:16.801, 2, 0, 69544, 97887
2026/07/08 15:32:16.817, 3, 0, 68360, 97887
2026/07/08 15:32:16.831, 4, 0, 4, 97887
2026/07/08 15:32:16.845, 5, 0, 4, 97887
2026/07/08 15:32:16.860, 6, 0, 4, 97887
2026/07/08 15:32:16.876, 7, 0, 4, 97887
2026/07/08 15:32:17.894, 0, 0, 85456, 97887
2026/07/08 15:32:17.911, 1, 0, 87488, 97887
2026/07/08 15:32:17.928, 2, 0, 69544, 97887
2026/07/08 15:32:17.943, 3, 0, 68360, 97887
2026/07/08 15:32:17.957, 4, 0, 4, 97887
2026/07/08 15:32:17.970, 5, 0, 4, 97887
2026/07/08 15:32:17.987, 6, 0, 4, 97887
2026/07/08 15:32:18.003, 7, 0, 4, 97887
2026/07/08 15:32:19.019, 0, 0, 85456, 97887
2026/07/08 15:32:19.042, 1, 0, 87488, 97887
2026/07/08 15:32:19.063, 2, 0, 69544, 97887
2026/07/08 15:32:19.077, 3, 0, 68360, 97887
2026/07/08 15:32:19.095, 4, 0, 4, 97887
2026/07/08 15:32:19.115, 5, 0, 4, 97887
2026/07/08 15:32:19.128, 6, 0, 4, 97887
2026/07/08 15:32:19.149, 7, 0, 4, 97887
2026/07/08 15:32:20.171, 0, 0, 85456, 97887
2026/07/08 15:32:20.188, 1, 0, 87488, 97887
2026/07/08 15:32:20.202, 2, 0, 69544, 97887
2026/07/08 15:32:20.214, 3, 0, 68360, 97887
2026/07/08 15:32:20.226, 4, 0, 4, 97887
2026/07/08 15:32:20.242, 5, 0, 4, 97887
2026/07/08 15:32:20.259, 6, 0, 4, 97887
2026/07/08 15:32:20.278, 7, 0, 4, 97887
2026/07/08 15:32:21.293, 0, 0, 85456, 97887
2026/07/08 15:32:21.308, 1, 0, 87488, 97887
2026/07/08 15:32:21.322, 2, 0, 69544, 97887
2026/07/08 15:32:21.338, 3, 0, 68360, 97887
2026/07/08 15:32:21.355, 4, 0, 4, 97887
2026/07/08 15:32:21.370, 5, 0, 4, 97887
2026/07/08 15:32:21.385, 6, 0, 4, 97887
2026/07/08 15:32:21.401, 7, 0, 4, 97887
2026/07/08 15:32:22.416, 0, 0, 85456, 97887
2026/07/08 15:32:22.432, 1, 0, 87488, 97887
2026/07/08 15:32:22.447, 2, 0, 69544, 97887
2026/07/08 15:32:22.457, 3, 0, 68360, 97887
2026/07/08 15:32:22.470, 4, 0, 4, 97887
2026/07/08 15:32:22.483, 5, 0, 4, 97887
2026/07/08 15:32:22.496, 6, 0, 4, 97887
2026/07/08 15:32:22.511, 7, 0, 4, 97887
2026/07/08 15:32:23.524, 0, 0, 85456, 97887
2026/07/08 15:32:23.535, 1, 0, 87488, 97887
2026/07/08 15:32:23.548, 2, 0, 69544, 97887
2026/07/08 15:32:23.559, 3, 0, 68360, 97887
2026/07/08 15:32:23.572, 4, 0, 4, 97887
2026/07/08 15:32:23.583, 5, 0, 4, 97887
2026/07/08 15:32:23.594, 6, 0, 4, 97887
2026/07/08 15:32:23.605, 7, 0, 4, 97887
2026/07/08 15:32:24.616, 0, 0, 85456, 97887
2026/07/08 15:32:24.638, 1, 0, 87488, 97887
2026/07/08 15:32:24.658, 2, 0, 69544, 97887
2026/07/08 15:32:24.672, 3, 0, 68360, 97887
2026/07/08 15:32:24.688, 4, 0, 4, 97887
2026/07/08 15:32:24.706, 5, 0, 4, 97887
2026/07/08 15:32:24.727, 6, 0, 4, 97887
2026/07/08 15:32:24.747, 7, 0, 4, 97887
2026/07/08 15:32:25.765, 0, 0, 85456, 97887
2026/07/08 15:32:25.782, 1, 0, 87488, 97887
2026/07/08 15:32:25.796, 2, 0, 69544, 97887
2026/07/08 15:32:25.812, 3, 0, 68360, 97887
2026/07/08 15:32:25.829, 4, 0, 4, 97887
2026/07/08 15:32:25.846, 5, 0, 4, 97887
2026/07/08 15:32:25.862, 6, 0, 4, 97887
2026/07/08 15:32:25.878, 7, 0, 4, 97887
2026/07/08 15:32:26.894, 0, 0, 85456, 97887
2026/07/08 15:32:26.908, 1, 0, 87488, 97887
2026/07/08 15:32:26.923, 2, 0, 69544, 97887
2026/07/08 15:32:26.940, 3, 0, 68360, 97887
2026/07/08 15:32:26.956, 4, 0, 4, 97887
2026/07/08 15:32:26.971, 5, 0, 4, 97887
2026/07/08 15:32:26.986, 6, 0, 4, 97887
2026/07/08 15:32:27.002, 7, 0, 4, 97887
2026/07/08 15:32:28.017, 0, 0, 85456, 97887
2026/07/08 15:32:28.035, 1, 0, 87488, 97887
2026/07/08 15:32:28.048, 2, 0, 69544, 97887
2026/07/08 15:32:28.062, 3, 0, 68360, 97887
2026/07/08 15:32:28.073, 4, 0, 4, 97887
2026/07/08 15:32:28.088, 5, 0, 4, 97887
2026/07/08 15:32:28.100, 6, 0, 4, 97887
2026/07/08 15:32:28.112, 7, 0, 4, 97887
2026/07/08 15:32:29.124, 0, 0, 85456, 97887
2026/07/08 15:32:29.140, 1, 0, 87488, 97887
2026/07/08 15:32:29.154, 2, 0, 69544, 97887
2026/07/08 15:32:29.166, 3, 0, 68360, 97887
2026/07/08 15:32:29.176, 4, 0, 4, 97887
2026/07/08 15:32:29.190, 5, 0, 4, 97887
2026/07/08 15:32:29.205, 6, 0, 4, 97887
2026/07/08 15:32:29.218, 7, 0, 4, 97887
2026/07/08 15:32:30.231, 0, 0, 85456, 97887
2026/07/08 15:32:30.256, 1, 0, 87488, 97887
2026/07/08 15:32:30.275, 2, 0, 69544, 97887
2026/07/08 15:32:30.291, 3, 0, 68360, 97887
2026/07/08 15:32:30.305, 4, 0, 4, 97887
2026/07/08 15:32:30.321, 5, 0, 4, 97887
2026/07/08 15:32:30.361, 6, 0, 4, 97887
2026/07/08 15:32:30.378, 7, 0, 4, 97887
2026/07/08 15:32:31.399, 0, 0, 85456, 97887
2026/07/08 15:32:31.417, 1, 0, 87488, 97887
2026/07/08 15:32:31.435, 2, 0, 69544, 97887
2026/07/08 15:32:31.451, 3, 0, 68360, 97887
2026/07/08 15:32:31.469, 4, 0, 4, 97887
2026/07/08 15:32:31.484, 5, 0, 4, 97887
2026/07/08 15:32:31.500, 6, 0, 4, 97887
2026/07/08 15:32:31.516, 7, 0, 4, 97887
2026/07/08 15:32:32.533, 0, 0, 85456, 97887
2026/07/08 15:32:32.544, 1, 0, 87488, 97887
2026/07/08 15:32:32.553, 2, 0, 69544, 97887
2026/07/08 15:32:32.562, 3, 0, 68360, 97887
2026/07/08 15:32:32.572, 4, 0, 4, 97887
2026/07/08 15:32:32.585, 5, 0, 4, 97887
2026/07/08 15:32:32.597, 6, 0, 4, 97887
2026/07/08 15:32:32.607, 7, 0, 4, 97887
2026/07/08 15:32:33.615, 0, 0, 85456, 97887
2026/07/08 15:32:33.631, 1, 0, 87488, 97887
2026/07/08 15:32:33.643, 2, 0, 69544, 97887
2026/07/08 15:32:33.657, 3, 0, 68360, 97887
2026/07/08 15:32:33.671, 4, 0, 4, 97887
2026/07/08 15:32:33.684, 5, 0, 4, 97887
2026/07/08 15:32:33.698, 6, 0, 4, 97887
2026/07/08 15:32:33.713, 7, 0, 4, 97887
2026/07/08 15:32:34.726, 0, 0, 85456, 97887
2026/07/08 15:32:34.740, 1, 0, 87488, 97887
2026/07/08 15:32:34.758, 2, 0, 69544, 97887
2026/07/08 15:32:34.769, 3, 0, 68360, 97887
2026/07/08 15:32:34.782, 4, 0, 4, 97887
2026/07/08 15:32:34.798, 5, 0, 4, 97887
2026/07/08 15:32:34.813, 6, 0, 4, 97887
2026/07/08 15:32:34.828, 7, 0, 4, 97887
2026/07/08 15:32:35.843, 0, 0, 85456, 97887
2026/07/08 15:32:35.871, 1, 0, 87488, 97887
2026/07/08 15:32:35.887, 2, 0, 69544, 97887
2026/07/08 15:32:35.912, 3, 0, 68360, 97887
2026/07/08 15:32:35.931, 4, 0, 4, 97887
2026/07/08 15:32:35.953, 5, 0, 4, 97887
2026/07/08 15:32:35.985, 6, 0, 4, 97887
2026/07/08 15:32:36.008, 7, 0, 4, 97887
2026/07/08 15:32:37.028, 0, 0, 85456, 97887
2026/07/08 15:32:37.046, 1, 0, 87488, 97887
2026/07/08 15:32:37.063, 2, 0, 69544, 97887
2026/07/08 15:32:37.079, 3, 0, 68360, 97887
2026/07/08 15:32:37.097, 4, 0, 4, 97887
2026/07/08 15:32:37.113, 5, 0, 4, 97887
2026/07/08 15:32:37.131, 6, 0, 4, 97887
2026/07/08 15:32:37.145, 7, 0, 4, 97887
2026/07/08 15:32:38.164, 0, 0, 85456, 97887
2026/07/08 15:32:38.181, 1, 0, 87488, 97887
2026/07/08 15:32:38.198, 2, 0, 69544, 97887
2026/07/08 15:32:38.215, 3, 0, 68360, 97887
2026/07/08 15:32:38.232, 4, 0, 4, 97887
2026/07/08 15:32:38.249, 5, 0, 4, 97887
2026/07/08 15:32:38.266, 6, 0, 4, 97887
2026/07/08 15:32:38.281, 7, 0, 4, 97887
2026/07/08 15:32:39.297, 0, 0, 85456, 97887
2026/07/08 15:32:39.313, 1, 0, 87488, 97887
2026/07/08 15:32:39.330, 2, 0, 69544, 97887
2026/07/08 15:32:39.349, 3, 0, 68360, 97887
2026/07/08 15:32:39.366, 4, 0, 4, 97887
2026/07/08 15:32:39.382, 5, 0, 4, 97887
2026/07/08 15:32:39.399, 6, 0, 4, 97887
2026/07/08 15:32:39.414, 7, 0, 4, 97887
2026/07/08 15:32:40.430, 0, 0, 85456, 97887
2026/07/08 15:32:40.445, 1, 0, 87488, 97887
2026/07/08 15:32:40.459, 2, 0, 69544, 97887
2026/07/08 15:32:40.474, 3, 0, 68360, 97887
2026/07/08 15:32:40.494, 4, 0, 4, 97887
2026/07/08 15:32:40.512, 5, 0, 4, 97887
2026/07/08 15:32:40.530, 6, 0, 4, 97887
2026/07/08 15:32:40.547, 7, 0, 4, 97887
2026/07/08 15:32:41.565, 0, 0, 85456, 97887
2026/07/08 15:32:41.591, 1, 0, 87488, 97887
2026/07/08 15:32:41.605, 2, 0, 69544, 97887
2026/07/08 15:32:41.626, 3, 0, 68360, 97887
2026/07/08 15:32:41.654, 4, 0, 4, 97887
2026/07/08 15:32:41.669, 5, 0, 4, 97887
2026/07/08 15:32:41.687, 6, 0, 4, 97887
2026/07/08 15:32:41.702, 7, 0, 4, 97887
2026/07/08 15:32:42.721, 0, 0, 85456, 97887
2026/07/08 15:32:42.737, 1, 0, 87488, 97887
2026/07/08 15:32:42.752, 2, 0, 69544, 97887
2026/07/08 15:32:42.767, 3, 0, 68360, 97887
2026/07/08 15:32:42.782, 4, 0, 4, 97887
2026/07/08 15:32:42.799, 5, 0, 4, 97887
2026/07/08 15:32:42.813, 6, 0, 4, 97887
2026/07/08 15:32:42.828, 7, 0, 4, 97887
2026/07/08 15:32:43.842, 0, 0, 85456, 97887
2026/07/08 15:32:43.860, 1, 0, 87488, 97887
2026/07/08 15:32:43.878, 2, 0, 69544, 97887
2026/07/08 15:32:43.896, 3, 0, 68360, 97887
2026/07/08 15:32:43.912, 4, 0, 4, 97887
2026/07/08 15:32:43.930, 5, 0, 4, 97887
2026/07/08 15:32:43.948, 6, 0, 4, 97887
2026/07/08 15:32:43.965, 7, 0, 4, 97887
2026/07/08 15:32:44.984, 0, 0, 85456, 97887
2026/07/08 15:32:45.000, 1, 0, 87488, 97887
2026/07/08 15:32:45.016, 2, 0, 69544, 97887
2026/07/08 15:32:45.033, 3, 0, 68360, 97887
2026/07/08 15:32:45.051, 4, 0, 4, 97887
2026/07/08 15:32:45.069, 5, 0, 4, 97887
2026/07/08 15:32:45.085, 6, 0, 4, 97887
2026/07/08 15:32:45.103, 7, 0, 4, 97887
2026/07/08 15:32:46.117, 0, 0, 85456, 97887
2026/07/08 15:32:46.133, 1, 0, 87488, 97887
2026/07/08 15:32:46.147, 2, 0, 69544, 97887
2026/07/08 15:32:46.163, 3, 0, 68360, 97887
2026/07/08 15:32:46.178, 4, 0, 4, 97887
2026/07/08 15:32:46.194, 5, 0, 4, 97887
2026/07/08 15:32:46.210, 6, 0, 4, 97887
2026/07/08 15:32:46.225, 7, 0, 4, 97887
2026/07/08 15:32:47.238, 0, 0, 85456, 97887
2026/07/08 15:32:47.253, 1, 0, 87488, 97887
2026/07/08 15:32:47.295, 2, 0, 69544, 97887
2026/07/08 15:32:47.313, 3, 0, 68360, 97887
2026/07/08 15:32:47.325, 4, 0, 4, 97887
2026/07/08 15:32:47.339, 5, 0, 4, 97887
2026/07/08 15:32:47.349, 6, 0, 4, 97887
2026/07/08 15:32:47.357, 7, 0, 4, 97887
2026/07/08 15:32:48.377, 0, 0, 85456, 97887
2026/07/08 15:32:48.394, 1, 0, 87488, 97887
2026/07/08 15:32:48.408, 2, 0, 69544, 97887
2026/07/08 15:32:48.422, 3, 0, 68360, 97887
2026/07/08 15:32:48.438, 4, 0, 4, 97887
2026/07/08 15:32:48.453, 5, 0, 4, 97887
2026/07/08 15:32:48.469, 6, 0, 4, 97887
2026/07/08 15:32:48.487, 7, 0, 4, 97887
2026/07/08 15:32:49.502, 0, 0, 85456, 97887
2026/07/08 15:32:49.518, 1, 0, 87488, 97887
2026/07/08 15:32:49.530, 2, 0, 69544, 97887
2026/07/08 15:32:49.542, 3, 0, 68360, 97887
2026/07/08 15:32:49.555, 4, 0, 4, 97887
2026/07/08 15:32:49.569, 5, 0, 4, 97887
2026/07/08 15:32:49.581, 6, 0, 4, 97887
2026/07/08 15:32:49.591, 7, 0, 4, 97887
2026/07/08 15:32:50.603, 0, 0, 85456, 97887
2026/07/08 15:32:50.619, 1, 0, 87488, 97887
2026/07/08 15:32:50.632, 2, 0, 69544, 97887
2026/07/08 15:32:50.646, 3, 0, 68360, 97887
2026/07/08 15:32:50.660, 4, 0, 4, 97887
2026/07/08 15:32:50.673, 5, 0, 4, 97887
2026/07/08 15:32:50.689, 6, 0, 4, 97887
2026/07/08 15:32:50.700, 7, 0, 4, 97887
2026/07/08 15:32:51.713, 0, 0, 85456, 97887
2026/07/08 15:32:51.730, 1, 0, 87488, 97887
2026/07/08 15:32:51.747, 2, 0, 69544, 97887
2026/07/08 15:32:51.765, 3, 0, 68360, 97887
2026/07/08 15:32:51.779, 4, 0, 4, 97887
2026/07/08 15:32:51.794, 5, 0, 4, 97887
2026/07/08 15:32:51.803, 6, 0, 4, 97887
2026/07/08 15:32:51.815, 7, 0, 4, 97887
2026/07/08 15:32:52.827, 0, 0, 85456, 97887
2026/07/08 15:32:52.843, 1, 0, 87488, 97887
2026/07/08 15:32:52.858, 2, 0, 69544, 97887
2026/07/08 15:32:52.872, 3, 0, 68360, 97887
2026/07/08 15:32:52.885, 4, 0, 4, 97887
2026/07/08 15:32:52.929, 5, 0, 4, 97887
2026/07/08 15:32:52.951, 6, 0, 4, 97887
2026/07/08 15:32:52.964, 7, 0, 4, 97887
2026/07/08 15:32:53.991, 0, 0, 85456, 97887
2026/07/08 15:32:54.008, 1, 0, 87488, 97887
2026/07/08 15:32:54.023, 2, 0, 69544, 97887
2026/07/08 15:32:54.039, 3, 0, 68360, 97887
2026/07/08 15:32:54.052, 4, 0, 4, 97887
2026/07/08 15:32:54.065, 5, 0, 4, 97887
2026/07/08 15:32:54.081, 6, 0, 4, 97887
2026/07/08 15:32:54.096, 7, 0, 4, 97887
2026/07/08 15:32:55.113, 0, 0, 85456, 97887
2026/07/08 15:32:55.130, 1, 0, 87488, 97887
2026/07/08 15:32:55.145, 2, 0, 69544, 97887
2026/07/08 15:32:55.161, 3, 0, 68360, 97887
2026/07/08 15:32:55.176, 4, 0, 4, 97887
2026/07/08 15:32:55.191, 5, 0, 4, 97887
2026/07/08 15:32:55.210, 6, 0, 4, 97887
2026/07/08 15:32:55.226, 7, 0, 4, 97887
2026/07/08 15:32:56.243, 0, 0, 85456, 97887
2026/07/08 15:32:56.261, 1, 0, 87488, 97887
2026/07/08 15:32:56.279, 2, 0, 69544, 97887
2026/07/08 15:32:56.295, 3, 0, 68360, 97887
2026/07/08 15:32:56.313, 4, 0, 4, 97887
2026/07/08 15:32:56.328, 5, 0, 4, 97887
2026/07/08 15:32:56.340, 6, 0, 4, 97887
2026/07/08 15:32:56.352, 7, 0, 4, 97887
2026/07/08 15:32:57.365, 0, 0, 85456, 97887
2026/07/08 15:32:57.379, 1, 0, 87488, 97887
2026/07/08 15:32:57.392, 2, 0, 69544, 97887
2026/07/08 15:32:57.403, 3, 0, 68360, 97887
2026/07/08 15:32:57.418, 4, 0, 4, 97887
2026/07/08 15:32:57.431, 5, 0, 4, 97887
2026/07/08 15:32:57.443, 6, 0, 4, 97887
2026/07/08 15:32:57.458, 7, 0, 4, 97887
2026/07/08 15:32:58.473, 0, 0, 85456, 97887
2026/07/08 15:32:58.489, 1, 0, 87488, 97887
2026/07/08 15:32:58.504, 2, 0, 69544, 97887
2026/07/08 15:32:58.518, 3, 0, 68360, 97887
2026/07/08 15:32:58.533, 4, 0, 4, 97887
2026/07/08 15:32:58.545, 5, 0, 4, 97887
2026/07/08 15:32:58.554, 6, 0, 4, 97887
2026/07/08 15:32:58.566, 7, 0, 4, 97887
2026/07/08 15:32:59.579, 0, 0, 85456, 97887
2026/07/08 15:32:59.596, 1, 0, 87488, 97887
2026/07/08 15:32:59.615, 2, 0, 69544, 97887
2026/07/08 15:32:59.634, 3, 0, 68360, 97887
2026/07/08 15:32:59.650, 4, 0, 4, 97887
2026/07/08 15:32:59.667, 5, 0, 4, 97887
2026/07/08 15:32:59.685, 6, 0, 4, 97887
2026/07/08 15:32:59.702, 7, 0, 4, 97887
2026/07/08 15:33:00.718, 0, 0, 85456, 97887
2026/07/08 15:33:00.734, 1, 0, 87488, 97887
2026/07/08 15:33:00.747, 2, 0, 69544, 97887
2026/07/08 15:33:00.758, 3, 0, 68360, 97887
2026/07/08 15:33:00.769, 4, 0, 4, 97887
2026/07/08 15:33:00.779, 5, 0, 4, 97887
2026/07/08 15:33:00.791, 6, 0, 4, 97887
2026/07/08 15:33:00.802, 7, 0, 4, 97887
2026/07/08 15:33:01.814, 0, 0, 85456, 97887
2026/07/08 15:33:01.829, 1, 0, 87488, 97887
2026/07/08 15:33:01.839, 2, 0, 69544, 97887
2026/07/08 15:33:01.850, 3, 0, 68360, 97887
2026/07/08 15:33:01.861, 4, 0, 4, 97887
2026/07/08 15:33:01.871, 5, 0, 4, 97887
2026/07/08 15:33:01.882, 6, 0, 4, 97887
2026/07/08 15:33:01.895, 7, 0, 4, 97887
2026/07/08 15:33:02.907, 0, 0, 85456, 97887
2026/07/08 15:33:02.921, 1, 0, 87488, 97887
2026/07/08 15:33:02.934, 2, 0, 69544, 97887
2026/07/08 15:33:02.948, 3, 0, 68360, 97887
2026/07/08 15:33:02.962, 4, 0, 4, 97887
2026/07/08 15:33:02.978, 5, 0, 4, 97887
2026/07/08 15:33:02.992, 6, 0, 4, 97887
2026/07/08 15:33:03.007, 7, 0, 4, 97887
2026/07/08 15:33:04.022, 0, 0, 85456, 97887
2026/07/08 15:33:04.038, 1, 0, 87488, 97887
2026/07/08 15:33:04.052, 2, 0, 69544, 97887
2026/07/08 15:33:04.060, 3, 0, 68360, 97887
2026/07/08 15:33:04.071, 4, 0, 4, 97887
2026/07/08 15:33:04.085, 5, 0, 4, 97887
2026/07/08 15:33:04.095, 6, 0, 4, 97887
2026/07/08 15:33:04.105, 7, 0, 4, 97887
2026/07/08 15:33:05.120, 0, 0, 85456, 97887
2026/07/08 15:33:05.137, 1, 0, 87488, 97887
2026/07/08 15:33:05.154, 2, 0, 69544, 97887
2026/07/08 15:33:05.169, 3, 0, 68360, 97887
2026/07/08 15:33:05.181, 4, 0, 4, 97887
2026/07/08 15:33:05.192, 5, 0, 4, 97887
2026/07/08 15:33:05.208, 6, 0, 4, 97887
2026/07/08 15:33:05.222, 7, 0, 4, 97887
2026/07/08 15:33:06.235, 0, 0, 85456, 97887
2026/07/08 15:33:06.250, 1, 0, 87488, 97887
2026/07/08 15:33:06.263, 2, 0, 69544, 97887
2026/07/08 15:33:06.274, 3, 0, 68360, 97887
2026/07/08 15:33:06.288, 4, 0, 4, 97887
2026/07/08 15:33:06.300, 5, 0, 4, 97887
2026/07/08 15:33:06.309, 6, 0, 4, 97887
2026/07/08 15:33:06.321, 7, 0, 4, 97887
2026/07/08 15:33:07.334, 0, 0, 85456, 97887
2026/07/08 15:33:07.349, 1, 0, 87488, 97887
2026/07/08 15:33:07.363, 2, 0, 69544, 97887
2026/07/08 15:33:07.379, 3, 0, 68360, 97887
2026/07/08 15:33:07.391, 4, 0, 4, 97887
2026/07/08 15:33:07.405, 5, 0, 4, 97887
2026/07/08 15:33:07.419, 6, 0, 4, 97887
2026/07/08 15:33:07.433, 7, 0, 4, 97887
2026/07/08 15:33:08.448, 0, 0, 85456, 97887
2026/07/08 15:33:08.464, 1, 0, 87488, 97887
2026/07/08 15:33:08.480, 2, 0, 69544, 97887
2026/07/08 15:33:08.495, 3, 0, 68360, 97887
2026/07/08 15:33:08.510, 4, 0, 4, 97887
2026/07/08 15:33:08.527, 5, 0, 4, 97887
2026/07/08 15:33:08.542, 6, 0, 4, 97887
2026/07/08 15:33:08.555, 7, 0, 4, 97887
2026/07/08 15:33:09.567, 0, 0, 85456, 97887
2026/07/08 15:33:09.583, 1, 0, 87488, 97887
2026/07/08 15:33:09.599, 2, 0, 69544, 97887
2026/07/08 15:33:09.614, 3, 0, 68360, 97887
2026/07/08 15:33:09.629, 4, 0, 4, 97887
2026/07/08 15:33:09.645, 5, 0, 4, 97887
2026/07/08 15:33:09.660, 6, 0, 4, 97887
2026/07/08 15:33:09.676, 7, 0, 4, 97887
2026/07/08 15:33:10.691, 0, 0, 85456, 97887
2026/07/08 15:33:10.707, 1, 0, 87488, 97887
2026/07/08 15:33:10.720, 2, 0, 69544, 97887
2026/07/08 15:33:10.735, 3, 0, 68360, 97887
2026/07/08 15:33:10.747, 4, 0, 4, 97887
2026/07/08 15:33:10.760, 5, 0, 4, 97887
2026/07/08 15:33:10.777, 6, 0, 4, 97887
2026/07/08 15:33:10.792, 7, 0, 4, 97887
2026/07/08 15:33:11.808, 0, 0, 85456, 97887
2026/07/08 15:33:11.822, 1, 0, 87488, 97887
2026/07/08 15:33:11.834, 2, 0, 69544, 97887
2026/07/08 15:33:11.849, 3, 0, 68360, 97887
2026/07/08 15:33:11.863, 4, 0, 4, 97887
2026/07/08 15:33:11.877, 5, 0, 4, 97887
2026/07/08 15:33:11.891, 6, 0, 4, 97887
2026/07/08 15:33:11.907, 7, 0, 4, 97887
2026/07/08 15:33:12.921, 0, 0, 85456, 97887
2026/07/08 15:33:12.936, 1, 0, 87488, 97887
2026/07/08 15:33:12.950, 2, 0, 69544, 97887
2026/07/08 15:33:12.975, 3, 0, 68360, 97887
2026/07/08 15:33:12.990, 4, 0, 4, 97887
2026/07/08 15:33:13.005, 5, 0, 4, 97887
2026/07/08 15:33:13.019, 6, 0, 4, 97887
2026/07/08 15:33:13.034, 7, 0, 4, 97887
2026/07/08 15:33:14.051, 0, 0, 85456, 97887
2026/07/08 15:33:14.064, 1, 0, 87488, 97887
2026/07/08 15:33:14.075, 2, 0, 69544, 97887
2026/07/08 15:33:14.084, 3, 0, 68360, 97887
2026/07/08 15:33:14.092, 4, 0, 4, 97887
2026/07/08 15:33:14.101, 5, 0, 4, 97887
2026/07/08 15:33:14.115, 6, 0, 4, 97887
2026/07/08 15:33:14.128, 7, 0, 4, 97887
2026/07/08 15:33:15.142, 0, 0, 85456, 97887
2026/07/08 15:33:15.156, 1, 0, 87488, 97887
2026/07/08 15:33:15.172, 2, 0, 69544, 97887
2026/07/08 15:33:15.187, 3, 0, 68360, 97887
2026/07/08 15:33:15.203, 4, 0, 4, 97887
2026/07/08 15:33:15.217, 5, 0, 4, 97887
2026/07/08 15:33:15.231, 6, 0, 4, 97887
2026/07/08 15:33:15.247, 7, 0, 4, 97887
2026/07/08 15:33:16.262, 0, 0, 85456, 97887
2026/07/08 15:33:16.270, 1, 0, 87488, 97887
2026/07/08 15:33:16.285, 2, 0, 69544, 97887
2026/07/08 15:33:16.296, 3, 0, 68360, 97887
2026/07/08 15:33:16.304, 4, 0, 4, 97887
2026/07/08 15:33:16.314, 5, 0, 4, 97887
2026/07/08 15:33:16.327, 6, 0, 4, 97887
2026/07/08 15:33:16.339, 7, 0, 4, 97887
2026/07/08 15:33:17.350, 0, 0, 85456, 97887
2026/07/08 15:33:17.364, 1, 0, 87488, 97887
2026/07/08 15:33:17.377, 2, 0, 69544, 97887
2026/07/08 15:33:17.391, 3, 0, 68360, 97887
2026/07/08 15:33:17.404, 4, 0, 4, 97887
2026/07/08 15:33:17.421, 5, 0, 4, 97887
2026/07/08 15:33:17.438, 6, 0, 4, 97887
2026/07/08 15:33:17.452, 7, 0, 4, 97887
2026/07/08 15:33:18.466, 0, 0, 85456, 97887
2026/07/08 15:33:18.481, 1, 0, 87488, 97887
2026/07/08 15:33:18.497, 2, 0, 69544, 97887
2026/07/08 15:33:18.510, 3, 0, 68360, 97887
2026/07/08 15:33:18.526, 4, 0, 4, 97887
2026/07/08 15:33:18.538, 5, 0, 4, 97887
2026/07/08 15:33:18.552, 6, 0, 4, 97887
2026/07/08 15:33:18.566, 7, 0, 4, 97887
2026/07/08 15:33:19.579, 0, 0, 85456, 97887
2026/07/08 15:33:19.593, 1, 0, 87488, 97887
2026/07/08 15:33:19.605, 2, 0, 69544, 97887
2026/07/08 15:33:19.616, 3, 0, 68360, 97887
2026/07/08 15:33:19.631, 4, 0, 4, 97887
2026/07/08 15:33:19.646, 5, 0, 4, 97887
2026/07/08 15:33:19.658, 6, 0, 4, 97887
2026/07/08 15:33:19.667, 7, 0, 4, 97887
2026/07/08 15:33:20.678, 0, 0, 85456, 97887
2026/07/08 15:33:20.694, 1, 0, 87488, 97887
2026/07/08 15:33:20.707, 2, 0, 69544, 97887
2026/07/08 15:33:20.721, 3, 0, 68360, 97887
2026/07/08 15:33:20.735, 4, 0, 4, 97887
2026/07/08 15:33:20.750, 5, 0, 4, 97887
2026/07/08 15:33:20.763, 6, 0, 4, 97887
2026/07/08 15:33:20.777, 7, 0, 4, 97887
2026/07/08 15:33:21.791, 0, 0, 85456, 97887
2026/07/08 15:33:21.805, 1, 0, 87488, 97887
2026/07/08 15:33:21.817, 2, 0, 69544, 97887
2026/07/08 15:33:21.831, 3, 0, 68360, 97887
2026/07/08 15:33:21.845, 4, 0, 4, 97887
2026/07/08 15:33:21.858, 5, 0, 4, 97887
2026/07/08 15:33:21.869, 6, 0, 4, 97887
2026/07/08 15:33:21.877, 7, 0, 4, 97887
2026/07/08 15:33:22.884, 0, 0, 85456, 97887
2026/07/08 15:33:22.900, 1, 0, 87488, 97887
2026/07/08 15:33:22.913, 2, 0, 69544, 97887
2026/07/08 15:33:22.929, 3, 0, 68360, 97887
2026/07/08 15:33:22.942, 4, 0, 4, 97887
2026/07/08 15:33:22.957, 5, 0, 4, 97887
2026/07/08 15:33:22.973, 6, 0, 4, 97887
2026/07/08 15:33:22.987, 7, 0, 4, 97887
2026/07/08 15:33:24.001, 0, 0, 85456, 97887
2026/07/08 15:33:24.013, 1, 0, 87488, 97887
2026/07/08 15:33:24.023, 2, 0, 69544, 97887
2026/07/08 15:33:24.034, 3, 0, 68360, 97887
2026/07/08 15:33:24.045, 4, 0, 4, 97887
2026/07/08 15:33:24.057, 5, 0, 4, 97887
2026/07/08 15:33:24.066, 6, 0, 4, 97887
2026/07/08 15:33:24.072, 7, 0, 4, 97887
2026/07/08 15:33:25.083, 0, 0, 85456, 97887
2026/07/08 15:33:25.097, 1, 0, 87488, 97887
2026/07/08 15:33:25.114, 2, 0, 69544, 97887
2026/07/08 15:33:25.130, 3, 0, 68360, 97887
2026/07/08 15:33:25.145, 4, 0, 4, 97887
2026/07/08 15:33:25.160, 5, 0, 4, 97887
2026/07/08 15:33:25.174, 6, 0, 4, 97887
2026/07/08 15:33:25.188, 7, 0, 4, 97887
2026/07/08 15:33:26.203, 0, 0, 85456, 97887
2026/07/08 15:33:26.220, 1, 0, 87488, 97887
2026/07/08 15:33:26.232, 2, 0, 69544, 97887
2026/07/08 15:33:26.244, 3, 0, 68360, 97887
2026/07/08 15:33:26.257, 4, 0, 4, 97887
2026/07/08 15:33:26.269, 5, 0, 4, 97887
2026/07/08 15:33:26.282, 6, 0, 4, 97887
2026/07/08 15:33:26.294, 7, 0, 4, 97887
2026/07/08 15:33:27.304, 0, 0, 85456, 97887
2026/07/08 15:33:27.320, 1, 0, 87488, 97887
2026/07/08 15:33:27.333, 2, 0, 69544, 97887
2026/07/08 15:33:27.346, 3, 0, 68360, 97887
2026/07/08 15:33:27.359, 4, 0, 4, 97887
2026/07/08 15:33:27.373, 5, 0, 4, 97887
2026/07/08 15:33:27.387, 6, 0, 4, 97887
2026/07/08 15:33:27.401, 7, 0, 4, 97887
2026/07/08 15:33:28.416, 0, 0, 85456, 97887
2026/07/08 15:33:28.430, 1, 0, 87488, 97887
2026/07/08 15:33:28.446, 2, 0, 69544, 97887
2026/07/08 15:33:28.461, 3, 0, 68360, 97887
2026/07/08 15:33:28.476, 4, 0, 4, 97887
2026/07/08 15:33:28.492, 5, 0, 4, 97887
2026/07/08 15:33:28.507, 6, 0, 4, 97887
2026/07/08 15:33:28.521, 7, 0, 4, 97887
2026/07/08 15:33:29.534, 0, 0, 85456, 97887
2026/07/08 15:33:29.550, 1, 0, 87488, 97887
2026/07/08 15:33:29.563, 2, 0, 69544, 97887
2026/07/08 15:33:29.577, 3, 0, 68360, 97887
2026/07/08 15:33:29.594, 4, 0, 4, 97887
2026/07/08 15:33:29.608, 5, 0, 4, 97887
2026/07/08 15:33:29.623, 6, 0, 4, 97887
2026/07/08 15:33:29.638, 7, 0, 4, 97887
2026/07/08 15:33:30.653, 0, 0, 85456, 97887
2026/07/08 15:33:30.669, 1, 0, 87488, 97887
2026/07/08 15:33:30.685, 2, 0, 69544, 97887
2026/07/08 15:33:30.699, 3, 0, 68360, 97887
2026/07/08 15:33:30.711, 4, 0, 4, 97887
2026/07/08 15:33:30.725, 5, 0, 4, 97887
2026/07/08 15:33:30.737, 6, 0, 4, 97887
2026/07/08 15:33:30.750, 7, 0, 4, 97887
2026/07/08 15:33:31.764, 0, 0, 85456, 97887
2026/07/08 15:33:31.781, 1, 0, 87488, 97887
2026/07/08 15:33:31.799, 2, 0, 69544, 97887
2026/07/08 15:33:31.817, 3, 0, 68360, 97887
2026/07/08 15:33:31.834, 4, 0, 4, 97887
2026/07/08 15:33:31.851, 5, 0, 4, 97887
2026/07/08 15:33:31.868, 6, 0, 4, 97887
2026/07/08 15:33:31.885, 7, 0, 4, 97887
2026/07/08 15:33:32.903, 0, 0, 85456, 97887
2026/07/08 15:33:32.926, 1, 0, 87488, 97887
2026/07/08 15:33:32.941, 2, 0, 69544, 97887
2026/07/08 15:33:32.958, 3, 0, 68360, 97887
2026/07/08 15:33:32.974, 4, 0, 4, 97887
2026/07/08 15:33:32.990, 5, 0, 4, 97887
2026/07/08 15:33:33.004, 6, 0, 4, 97887
2026/07/08 15:33:33.020, 7, 0, 4, 97887
2026/07/08 15:33:34.039, 0, 0, 85456, 97887
2026/07/08 15:33:34.056, 1, 0, 87488, 97887
2026/07/08 15:33:34.072, 2, 0, 69544, 97887
2026/07/08 15:33:34.086, 3, 0, 68360, 97887
2026/07/08 15:33:34.099, 4, 0, 4, 97887
2026/07/08 15:33:34.111, 5, 0, 4, 97887
2026/07/08 15:33:34.129, 6, 0, 4, 97887
2026/07/08 15:33:34.145, 7, 0, 4, 97887
2026/07/08 15:33:35.163, 0, 0, 85456, 97887
2026/07/08 15:33:35.179, 1, 0, 87488, 97887
2026/07/08 15:33:35.194, 2, 0, 69544, 97887
2026/07/08 15:33:35.208, 3, 0, 68360, 97887
2026/07/08 15:33:35.225, 4, 0, 4, 97887
2026/07/08 15:33:35.239, 5, 0, 4, 97887
2026/07/08 15:33:35.253, 6, 0, 4, 97887
2026/07/08 15:33:35.268, 7, 0, 4, 97887
2026/07/08 15:33:36.285, 0, 0, 85456, 97887
2026/07/08 15:33:36.302, 1, 0, 87488, 97887
2026/07/08 15:33:36.319, 2, 0, 69544, 97887
2026/07/08 15:33:36.335, 3, 0, 68360, 97887
2026/07/08 15:33:36.347, 4, 0, 4, 97887
2026/07/08 15:33:36.362, 5, 0, 4, 97887
2026/07/08 15:33:36.381, 6, 0, 4, 97887
2026/07/08 15:33:36.396, 7, 0, 4, 97887
2026/07/08 15:33:37.412, 0, 0, 85456, 97887
2026/07/08 15:33:37.430, 1, 0, 87488, 97887
2026/07/08 15:33:37.442, 2, 0, 69544, 97887
2026/07/08 15:33:37.461, 3, 0, 68360, 97887
2026/07/08 15:33:37.477, 4, 0, 4, 97887
2026/07/08 15:33:37.491, 5, 0, 4, 97887
2026/07/08 15:33:37.503, 6, 0, 4, 97887
2026/07/08 15:33:37.517, 7, 0, 4, 97887
2026/07/08 15:33:38.531, 0, 0, 85456, 97887
2026/07/08 15:33:38.549, 1, 0, 87488, 97887
2026/07/08 15:33:38.569, 2, 0, 69544, 97887
2026/07/08 15:33:38.584, 3, 0, 68360, 97887
2026/07/08 15:33:38.599, 4, 0, 4, 97887
2026/07/08 15:33:38.612, 5, 0, 4, 97887
2026/07/08 15:33:38.626, 6, 0, 4, 97887
2026/07/08 15:33:38.637, 7, 0, 4, 97887
2026/07/08 15:33:39.651, 0, 0, 85456, 97887
2026/07/08 15:33:39.668, 1, 0, 87488, 97887
2026/07/08 15:33:39.685, 2, 0, 69544, 97887
2026/07/08 15:33:39.700, 3, 0, 68360, 97887
2026/07/08 15:33:39.716, 4, 0, 4, 97887
2026/07/08 15:33:39.730, 5, 0, 4, 97887
2026/07/08 15:33:39.747, 6, 0, 4, 97887
2026/07/08 15:33:39.762, 7, 0, 4, 97887
2026/07/08 15:33:40.776, 0, 0, 85456, 97887
2026/07/08 15:33:40.794, 1, 0, 87488, 97887
2026/07/08 15:33:40.809, 2, 0, 69544, 97887
2026/07/08 15:33:40.826, 3, 0, 68360, 97887
2026/07/08 15:33:40.844, 4, 0, 4, 97887
2026/07/08 15:33:40.859, 5, 0, 4, 97887
2026/07/08 15:33:40.875, 6, 0, 4, 97887
2026/07/08 15:33:40.892, 7, 0, 4, 97887
2026/07/08 15:33:41.909, 0, 0, 85456, 97887
2026/07/08 15:33:41.925, 1, 0, 87488, 97887
2026/07/08 15:33:41.940, 2, 0, 69544, 97887
2026/07/08 15:33:41.953, 3, 0, 68360, 97887
2026/07/08 15:33:41.963, 4, 0, 4, 97887
2026/07/08 15:33:41.971, 5, 0, 4, 97887
2026/07/08 15:33:41.984, 6, 0, 4, 97887
2026/07/08 15:33:42.000, 7, 0, 4, 97887
2026/07/08 15:33:43.014, 0, 0, 85456, 97887
2026/07/08 15:33:43.033, 1, 0, 87488, 97887
2026/07/08 15:33:43.051, 2, 0, 69544, 97887
2026/07/08 15:33:43.067, 3, 0, 68360, 97887
2026/07/08 15:33:43.085, 4, 0, 4, 97887
2026/07/08 15:33:43.101, 5, 0, 4, 97887
2026/07/08 15:33:43.117, 6, 0, 4, 97887
2026/07/08 15:33:43.138, 7, 0, 4, 97887
2026/07/08 15:33:44.155, 0, 0, 85456, 97887
2026/07/08 15:33:44.176, 1, 0, 87488, 97887
2026/07/08 15:33:44.198, 2, 0, 69544, 97887
2026/07/08 15:33:44.215, 3, 0, 68360, 97887
2026/07/08 15:33:44.229, 4, 0, 4, 97887
2026/07/08 15:33:44.249, 5, 0, 4, 97887
2026/07/08 15:33:44.263, 6, 0, 4, 97887
2026/07/08 15:33:44.285, 7, 0, 4, 97887
2026/07/08 15:33:45.303, 0, 0, 85456, 97887
2026/07/08 15:33:45.320, 1, 0, 87488, 97887
2026/07/08 15:33:45.332, 2, 0, 69544, 97887
2026/07/08 15:33:45.348, 3, 0, 68360, 97887
2026/07/08 15:33:45.364, 4, 0, 4, 97887
2026/07/08 15:33:45.380, 5, 0, 4, 97887
2026/07/08 15:33:45.391, 6, 0, 4, 97887
2026/07/08 15:33:45.404, 7, 0, 4, 97887
2026/07/08 15:33:46.417, 0, 0, 85456, 97887
2026/07/08 15:33:46.435, 1, 0, 87488, 97887
2026/07/08 15:33:46.452, 2, 0, 69544, 97887
2026/07/08 15:33:46.469, 3, 0, 68360, 97887
2026/07/08 15:33:46.485, 4, 0, 4, 97887
2026/07/08 15:33:46.503, 5, 0, 4, 97887
2026/07/08 15:33:46.515, 6, 0, 4, 97887
2026/07/08 15:33:46.527, 7, 0, 4, 97887
2026/07/08 15:33:47.541, 0, 0, 85456, 97887
2026/07/08 15:33:47.556, 1, 0, 87488, 97887
2026/07/08 15:33:47.572, 2, 0, 69544, 97887
2026/07/08 15:33:47.588, 3, 0, 68360, 97887
2026/07/08 15:33:47.605, 4, 0, 4, 97887
2026/07/08 15:33:47.619, 5, 0, 4, 97887
2026/07/08 15:33:47.634, 6, 0, 4, 97887
2026/07/08 15:33:47.648, 7, 0, 4, 97887
2026/07/08 15:33:48.663, 0, 0, 85456, 97887
2026/07/08 15:33:48.678, 1, 0, 87488, 97887
2026/07/08 15:33:48.690, 2, 0, 69544, 97887
2026/07/08 15:33:48.706, 3, 0, 68360, 97887
2026/07/08 15:33:48.722, 4, 0, 4, 97887
2026/07/08 15:33:48.737, 5, 0, 4, 97887
2026/07/08 15:33:48.753, 6, 0, 4, 97887
2026/07/08 15:33:48.769, 7, 0, 4, 97887
2026/07/08 15:33:49.785, 0, 0, 85456, 97887
2026/07/08 15:33:49.804, 1, 0, 87488, 97887
2026/07/08 15:33:49.822, 2, 0, 69544, 97887
2026/07/08 15:33:49.841, 3, 0, 68360, 97887
2026/07/08 15:33:49.861, 4, 0, 4, 97887
2026/07/08 15:33:49.879, 5, 0, 4, 97887
2026/07/08 15:33:49.903, 6, 0, 4, 97887
2026/07/08 15:33:49.922, 7, 0, 4, 97887
2026/07/08 15:33:50.943, 0, 0, 85456, 97887
2026/07/08 15:33:50.959, 1, 0, 87488, 97887
2026/07/08 15:33:50.974, 2, 0, 69544, 97887
2026/07/08 15:33:50.991, 3, 0, 68360, 97887
2026/07/08 15:33:51.008, 4, 0, 4, 97887
2026/07/08 15:33:51.025, 5, 0, 4, 97887
2026/07/08 15:33:51.041, 6, 0, 4, 97887
2026/07/08 15:33:51.056, 7, 0, 4, 97887
2026/07/08 15:33:52.072, 0, 0, 85456, 97887
2026/07/08 15:33:52.090, 1, 0, 87488, 97887
2026/07/08 15:33:52.107, 2, 0, 69544, 97887
2026/07/08 15:33:52.124, 3, 0, 68360, 97887
2026/07/08 15:33:52.139, 4, 0, 4, 97887
2026/07/08 15:33:52.156, 5, 0, 4, 97887
2026/07/08 15:33:52.172, 6, 0, 4, 97887
2026/07/08 15:33:52.188, 7, 0, 4, 97887
2026/07/08 15:33:53.204, 0, 0, 85456, 97887
2026/07/08 15:33:53.220, 1, 0, 87488, 97887
2026/07/08 15:33:53.236, 2, 0, 69544, 97887
2026/07/08 15:33:53.252, 3, 0, 68360, 97887
2026/07/08 15:33:53.268, 4, 0, 4, 97887
2026/07/08 15:33:53.286, 5, 0, 4, 97887
2026/07/08 15:33:53.303, 6, 0, 4, 97887
2026/07/08 15:33:53.320, 7, 0, 4, 97887
2026/07/08 15:33:54.335, 0, 0, 85456, 97887
2026/07/08 15:33:54.351, 1, 0, 87488, 97887
2026/07/08 15:33:54.362, 2, 0, 69544, 97887
2026/07/08 15:33:54.374, 3, 0, 68360, 97887
2026/07/08 15:33:54.388, 4, 0, 4, 97887
2026/07/08 15:33:54.404, 5, 0, 4, 97887
2026/07/08 15:33:54.420, 6, 0, 4, 97887
2026/07/08 15:33:54.437, 7, 0, 4, 97887
2026/07/08 15:33:55.454, 0, 0, 85456, 97887
2026/07/08 15:33:55.472, 1, 0, 87488, 97887
2026/07/08 15:33:55.486, 2, 0, 69544, 97887
2026/07/08 15:33:55.502, 3, 100, 68360, 97887
2026/07/08 15:33:55.516, 4, 0, 4, 97887
2026/07/08 15:33:55.541, 5, 0, 4, 97887
2026/07/08 15:33:55.564, 6, 0, 4, 97887
2026/07/08 15:33:55.588, 7, 0, 4, 97887
2026/07/08 15:33:56.603, 0, 0, 85456, 97887
2026/07/08 15:33:56.620, 1, 0, 87488, 97887
2026/07/08 15:33:56.636, 2, 0, 69544, 97887
2026/07/08 15:33:56.653, 3, 100, 68360, 97887
2026/07/08 15:33:56.668, 4, 0, 4, 97887
2026/07/08 15:33:56.684, 5, 0, 4, 97887
2026/07/08 15:33:56.699, 6, 0, 4, 97887
2026/07/08 15:33:56.716, 7, 0, 4, 97887
2026/07/08 15:33:57.733, 0, 0, 85456, 97887
2026/07/08 15:33:57.751, 1, 0, 87488, 97887
2026/07/08 15:33:57.771, 2, 0, 69544, 97887
2026/07/08 15:33:57.789, 3, 100, 68360, 97887
2026/07/08 15:33:57.807, 4, 0, 4, 97887
2026/07/08 15:33:57.824, 5, 0, 4, 97887
2026/07/08 15:33:57.841, 6, 0, 4, 97887
2026/07/08 15:33:57.857, 7, 0, 4, 97887
2026/07/08 15:33:58.873, 0, 0, 85456, 97887
2026/07/08 15:33:58.889, 1, 0, 87488, 97887
2026/07/08 15:33:58.907, 2, 0, 69544, 97887
2026/07/08 15:33:58.922, 3, 100, 68360, 97887
2026/07/08 15:33:58.937, 4, 0, 4, 97887
2026/07/08 15:33:58.953, 5, 0, 4, 97887
2026/07/08 15:33:58.969, 6, 0, 4, 97887
2026/07/08 15:33:58.985, 7, 0, 4, 97887
2026/07/08 15:34:00.002, 0, 0, 85456, 97887
2026/07/08 15:34:00.019, 1, 0, 87488, 97887
2026/07/08 15:34:00.033, 2, 0, 69544, 97887
2026/07/08 15:34:00.048, 3, 100, 68360, 97887
2026/07/08 15:34:00.062, 4, 0, 4, 97887
2026/07/08 15:34:00.077, 5, 0, 4, 97887
2026/07/08 15:34:00.092, 6, 0, 4, 97887
2026/07/08 15:34:00.108, 7, 0, 4, 97887
2026/07/08 15:34:01.125, 0, 0, 85456, 97887
2026/07/08 15:34:01.145, 1, 0, 87488, 97887
2026/07/08 15:34:01.160, 2, 0, 69544, 97887
2026/07/08 15:34:01.171, 3, 100, 68360, 97887
2026/07/08 15:34:01.182, 4, 0, 4, 97887
2026/07/08 15:34:01.198, 5, 0, 4, 97887
2026/07/08 15:34:01.216, 6, 0, 4, 97887
2026/07/08 15:34:01.242, 7, 0, 4, 97887
2026/07/08 15:34:02.262, 0, 0, 85456, 97887
2026/07/08 15:34:02.275, 1, 0, 87488, 97887
2026/07/08 15:34:02.290, 2, 0, 69544, 97887
2026/07/08 15:34:02.305, 3, 100, 68360, 97887
2026/07/08 15:34:02.318, 4, 0, 4, 97887
2026/07/08 15:34:02.334, 5, 0, 4, 97887
2026/07/08 15:34:02.350, 6, 0, 4, 97887
2026/07/08 15:34:02.365, 7, 0, 4, 97887
2026/07/08 15:34:03.381, 0, 0, 85456, 97887
2026/07/08 15:34:03.400, 1, 0, 87488, 97887
2026/07/08 15:34:03.419, 2, 0, 69544, 97887
2026/07/08 15:34:03.436, 3, 100, 68360, 97887
2026/07/08 15:34:03.453, 4, 0, 4, 97887
2026/07/08 15:34:03.471, 5, 0, 4, 97887
2026/07/08 15:34:03.487, 6, 0, 4, 97887
2026/07/08 15:34:03.505, 7, 0, 4, 97887
2026/07/08 15:34:04.520, 0, 0, 85456, 97887
2026/07/08 15:34:04.537, 1, 0, 87488, 97887
2026/07/08 15:34:04.553, 2, 0, 69544, 97887
2026/07/08 15:34:04.569, 3, 100, 68360, 97887
2026/07/08 15:34:04.586, 4, 0, 4, 97887
2026/07/08 15:34:04.602, 5, 0, 4, 97887
2026/07/08 15:34:04.619, 6, 0, 4, 97887
2026/07/08 15:34:04.635, 7, 0, 4, 97887
2026/07/08 15:34:05.650, 0, 0, 85456, 97887
2026/07/08 15:34:05.666, 1, 0, 87488, 97887
2026/07/08 15:34:05.682, 2, 0, 69544, 97887
2026/07/08 15:34:05.697, 3, 100, 68360, 97887
2026/07/08 15:34:05.713, 4, 0, 4, 97887
2026/07/08 15:34:05.729, 5, 0, 4, 97887
2026/07/08 15:34:05.744, 6, 0, 4, 97887
2026/07/08 15:34:05.759, 7, 0, 4, 97887
2026/07/08 15:34:06.773, 0, 0, 85456, 97887
2026/07/08 15:34:06.796, 1, 0, 87488, 97887
2026/07/08 15:34:06.823, 2, 0, 69544, 97887
2026/07/08 15:34:06.839, 3, 100, 68360, 97887
2026/07/08 15:34:06.859, 4, 0, 4, 97887
2026/07/08 15:34:06.876, 5, 0, 4, 97887
2026/07/08 15:34:06.910, 6, 0, 4, 97887
2026/07/08 15:34:06.929, 7, 0, 4, 97887
2026/07/08 15:34:07.954, 0, 0, 85456, 97887
2026/07/08 15:34:07.971, 1, 0, 87488, 97887
2026/07/08 15:34:07.987, 2, 0, 69544, 97887
2026/07/08 15:34:08.003, 3, 100, 68360, 97887
2026/07/08 15:34:08.018, 4, 0, 4, 97887
2026/07/08 15:34:08.033, 5, 0, 4, 97887
2026/07/08 15:34:08.052, 6, 0, 4, 97887
2026/07/08 15:34:08.068, 7, 0, 4, 97887
2026/07/08 15:34:09.086, 0, 0, 85456, 97887
2026/07/08 15:34:09.101, 1, 0, 87488, 97887
2026/07/08 15:34:09.115, 2, 0, 69544, 97887
2026/07/08 15:34:09.128, 3, 100, 68360, 97887
2026/07/08 15:34:09.141, 4, 0, 4, 97887
2026/07/08 15:34:09.153, 5, 0, 4, 97887
2026/07/08 15:34:09.166, 6, 0, 4, 97887
2026/07/08 15:34:09.179, 7, 0, 4, 97887
2026/07/08 15:34:10.194, 0, 0, 85456, 97887
2026/07/08 15:34:10.209, 1, 0, 87488, 97887
2026/07/08 15:34:10.221, 2, 0, 69544, 97887
2026/07/08 15:34:10.237, 3, 100, 68360, 97887
2026/07/08 15:34:10.252, 4, 0, 4, 97887
2026/07/08 15:34:10.266, 5, 0, 4, 97887
2026/07/08 15:34:10.281, 6, 0, 4, 97887
2026/07/08 15:34:10.297, 7, 0, 4, 97887
2026/07/08 15:34:11.311, 0, 0, 85456, 97887
2026/07/08 15:34:11.328, 1, 0, 87488, 97887
2026/07/08 15:34:11.345, 2, 0, 69544, 97887
2026/07/08 15:34:11.360, 3, 100, 68360, 97887
2026/07/08 15:34:11.377, 4, 0, 4, 97887
2026/07/08 15:34:11.394, 5, 0, 4, 97887
2026/07/08 15:34:11.411, 6, 0, 4, 97887
2026/07/08 15:34:11.426, 7, 0, 4, 97887
2026/07/08 15:34:12.442, 0, 0, 85456, 97887
2026/07/08 15:34:12.458, 1, 0, 87488, 97887
2026/07/08 15:34:12.508, 2, 0, 69544, 97887
2026/07/08 15:34:12.533, 3, 100, 68360, 97887
2026/07/08 15:34:12.545, 4, 0, 4, 97887
2026/07/08 15:34:12.557, 5, 0, 4, 97887
2026/07/08 15:34:12.572, 6, 0, 4, 97887
2026/07/08 15:34:12.582, 7, 0, 4, 97887
2026/07/08 15:34:13.593, 0, 0, 85456, 97887
2026/07/08 15:34:13.610, 1, 0, 87488, 97887
2026/07/08 15:34:13.626, 2, 0, 69544, 97887
2026/07/08 15:34:13.641, 3, 100, 68360, 97887
2026/07/08 15:34:13.659, 4, 0, 4, 97887
2026/07/08 15:34:13.677, 5, 0, 4, 97887
2026/07/08 15:34:13.692, 6, 0, 4, 97887
2026/07/08 15:34:13.707, 7, 0, 4, 97887
2026/07/08 15:34:14.725, 0, 0, 85456, 97887
2026/07/08 15:34:14.741, 1, 0, 87488, 97887
2026/07/08 15:34:14.758, 2, 0, 69544, 97887
2026/07/08 15:34:14.776, 3, 100, 68360, 97887
2026/07/08 15:34:14.792, 4, 0, 4, 97887
2026/07/08 15:34:14.807, 5, 0, 4, 97887
2026/07/08 15:34:14.822, 6, 0, 4, 97887
2026/07/08 15:34:14.837, 7, 0, 4, 97887
2026/07/08 15:34:15.851, 0, 0, 85456, 97887
2026/07/08 15:34:15.868, 1, 0, 87488, 97887
2026/07/08 15:34:15.885, 2, 0, 69544, 97887
2026/07/08 15:34:15.899, 3, 100, 68360, 97887
2026/07/08 15:34:15.914, 4, 0, 4, 97887
2026/07/08 15:34:15.932, 5, 0, 4, 97887
2026/07/08 15:34:15.949, 6, 0, 4, 97887
2026/07/08 15:34:15.967, 7, 0, 4, 97887
2026/07/08 15:34:16.985, 0, 0, 85456, 97887
2026/07/08 15:34:17.001, 1, 0, 87488, 97887
2026/07/08 15:34:17.015, 2, 0, 69544, 97887
2026/07/08 15:34:17.030, 3, 100, 68360, 97887
2026/07/08 15:34:17.047, 4, 0, 4, 97887
2026/07/08 15:34:17.062, 5, 0, 4, 97887
2026/07/08 15:34:17.076, 6, 0, 4, 97887
2026/07/08 15:34:17.092, 7, 0, 4, 97887
2026/07/08 15:34:18.109, 0, 0, 85456, 97887
2026/07/08 15:34:18.127, 1, 0, 87488, 97887
2026/07/08 15:34:18.145, 2, 0, 69544, 97887
2026/07/08 15:34:18.160, 3, 100, 68360, 97887
2026/07/08 15:34:18.178, 4, 0, 4, 97887
2026/07/08 15:34:18.195, 5, 0, 4, 97887
2026/07/08 15:34:18.214, 6, 0, 4, 97887
2026/07/08 15:34:18.232, 7, 0, 4, 97887
2026/07/08 15:34:19.250, 0, 0, 85456, 97887
2026/07/08 15:34:19.268, 1, 0, 87488, 97887
2026/07/08 15:34:19.284, 2, 0, 69544, 97887
2026/07/08 15:34:19.304, 3, 100, 68360, 97887
2026/07/08 15:34:19.322, 4, 0, 4, 97887
2026/07/08 15:34:19.342, 5, 0, 4, 97887
2026/07/08 15:34:19.359, 6, 0, 4, 97887
2026/07/08 15:34:19.378, 7, 0, 4, 97887
2026/07/08 15:34:20.395, 0, 0, 85456, 97887
2026/07/08 15:34:20.413, 1, 0, 87488, 97887
2026/07/08 15:34:20.429, 2, 0, 69544, 97887
2026/07/08 15:34:20.445, 3, 100, 68360, 97887
2026/07/08 15:34:20.459, 4, 0, 4, 97887
2026/07/08 15:34:20.476, 5, 0, 4, 97887
2026/07/08 15:34:20.491, 6, 0, 4, 97887
2026/07/08 15:34:20.506, 7, 0, 4, 97887
2026/07/08 15:34:21.520, 0, 0, 85456, 97887
2026/07/08 15:34:21.537, 1, 0, 87488, 97887
2026/07/08 15:34:21.553, 2, 0, 69544, 97887
2026/07/08 15:34:21.566, 3, 100, 68360, 97887
2026/07/08 15:34:21.579, 4, 0, 4, 97887
2026/07/08 15:34:21.592, 5, 0, 4, 97887
2026/07/08 15:34:21.605, 6, 0, 4, 97887
2026/07/08 15:34:21.620, 7, 0, 4, 97887
2026/07/08 15:34:22.636, 0, 0, 85456, 97887
2026/07/08 15:34:22.654, 1, 0, 87488, 97887
2026/07/08 15:34:22.669, 2, 0, 69544, 97887
2026/07/08 15:34:22.684, 3, 100, 68360, 97887
2026/07/08 15:34:22.700, 4, 0, 4, 97887
2026/07/08 15:34:22.716, 5, 0, 4, 97887
2026/07/08 15:34:22.732, 6, 0, 4, 97887
2026/07/08 15:34:22.747, 7, 0, 4, 97887
2026/07/08 15:34:23.764, 0, 0, 85456, 97887
2026/07/08 15:34:23.780, 1, 0, 87488, 97887
2026/07/08 15:34:23.795, 2, 0, 69544, 97887
2026/07/08 15:34:23.811, 3, 100, 68360, 97887
2026/07/08 15:34:23.827, 4, 0, 4, 97887
2026/07/08 15:34:23.842, 5, 0, 4, 97887
2026/07/08 15:34:23.858, 6, 0, 4, 97887
2026/07/08 15:34:23.874, 7, 0, 4, 97887
2026/07/08 15:34:24.892, 0, 0, 85456, 97887
2026/07/08 15:34:24.911, 1, 0, 87488, 97887
2026/07/08 15:34:24.928, 2, 0, 69544, 97887
2026/07/08 15:34:24.943, 3, 100, 68360, 97887
2026/07/08 15:34:24.959, 4, 0, 4, 97887
2026/07/08 15:34:24.973, 5, 0, 4, 97887
2026/07/08 15:34:24.989, 6, 0, 4, 97887
2026/07/08 15:34:25.007, 7, 0, 4, 97887
2026/07/08 15:34:26.022, 0, 0, 85456, 97887
2026/07/08 15:34:26.039, 1, 0, 87488, 97887
2026/07/08 15:34:26.057, 2, 0, 69544, 97887
2026/07/08 15:34:26.074, 3, 100, 68360, 97887
2026/07/08 15:34:26.091, 4, 0, 4, 97887
2026/07/08 15:34:26.109, 5, 0, 4, 97887
2026/07/08 15:34:26.126, 6, 0, 4, 97887
2026/07/08 15:34:26.144, 7, 0, 4, 97887
2026/07/08 15:34:27.162, 0, 0, 85456, 97887
2026/07/08 15:34:27.179, 1, 0, 87488, 97887
2026/07/08 15:34:27.195, 2, 0, 69544, 97887
2026/07/08 15:34:27.205, 3, 100, 68360, 97887
2026/07/08 15:34:27.213, 4, 0, 4, 97887
2026/07/08 15:34:27.223, 5, 0, 4, 97887
2026/07/08 15:34:27.236, 6, 0, 4, 97887
2026/07/08 15:34:27.250, 7, 0, 4, 97887
2026/07/08 15:34:28.265, 0, 0, 85456, 97887
2026/07/08 15:34:28.282, 1, 0, 87488, 97887
2026/07/08 15:34:28.301, 2, 0, 69544, 97887
2026/07/08 15:34:28.317, 3, 100, 68360, 97887
2026/07/08 15:34:28.330, 4, 0, 4, 97887
2026/07/08 15:34:28.344, 5, 0, 4, 97887
2026/07/08 15:34:28.357, 6, 0, 4, 97887
2026/07/08 15:34:28.372, 7, 0, 4, 97887
2026/07/08 15:34:29.388, 0, 0, 85456, 97887
2026/07/08 15:34:29.402, 1, 0, 87488, 97887
2026/07/08 15:34:29.415, 2, 100, 69544, 97887
2026/07/08 15:34:29.426, 3, 100, 68360, 97887
2026/07/08 15:34:29.438, 4, 0, 4, 97887
2026/07/08 15:34:29.450, 5, 0, 4, 97887
2026/07/08 15:34:29.464, 6, 0, 4, 97887
2026/07/08 15:34:29.478, 7, 0, 4, 97887
2026/07/08 15:34:30.492, 0, 0, 85456, 97887
2026/07/08 15:34:30.513, 1, 0, 87488, 97887
2026/07/08 15:34:30.536, 2, 100, 69544, 97887
2026/07/08 15:34:30.551, 3, 100, 68360, 97887
2026/07/08 15:34:30.567, 4, 0, 4, 97887
2026/07/08 15:34:30.594, 5, 0, 4, 97887
2026/07/08 15:34:30.616, 6, 0, 4, 97887
2026/07/08 15:34:30.651, 7, 0, 4, 97887
2026/07/08 15:34:31.672, 0, 0, 85456, 97887
2026/07/08 15:34:31.691, 1, 0, 87488, 97887
2026/07/08 15:34:31.705, 2, 100, 69544, 97887
2026/07/08 15:34:31.719, 3, 100, 68360, 97887
2026/07/08 15:34:31.737, 4, 0, 4, 97887
2026/07/08 15:34:31.751, 5, 0, 4, 97887
2026/07/08 15:34:31.766, 6, 0, 4, 97887
2026/07/08 15:34:31.783, 7, 0, 4, 97887
2026/07/08 15:34:32.799, 0, 0, 85456, 97887
2026/07/08 15:34:32.817, 1, 0, 87488, 97887
2026/07/08 15:34:32.834, 2, 100, 69544, 97887
2026/07/08 15:34:32.850, 3, 100, 68360, 97887
2026/07/08 15:34:32.865, 4, 0, 4, 97887
2026/07/08 15:34:32.881, 5, 0, 4, 97887
2026/07/08 15:34:32.898, 6, 0, 4, 97887
2026/07/08 15:34:32.916, 7, 0, 4, 97887
2026/07/08 15:34:33.932, 0, 0, 85456, 97887
2026/07/08 15:34:33.948, 1, 0, 87488, 97887
2026/07/08 15:34:33.963, 2, 100, 69544, 97887
2026/07/08 15:34:33.976, 3, 100, 68360, 97887
2026/07/08 15:34:33.989, 4, 0, 4, 97887
2026/07/08 15:34:34.000, 5, 0, 4, 97887
2026/07/08 15:34:34.013, 6, 0, 4, 97887
2026/07/08 15:34:34.024, 7, 0, 4, 97887
2026/07/08 15:34:35.034, 0, 0, 85456, 97887
2026/07/08 15:34:35.047, 1, 0, 87488, 97887
2026/07/08 15:34:35.062, 2, 100, 69544, 97887
2026/07/08 15:34:35.073, 3, 100, 68360, 97887
2026/07/08 15:34:35.087, 4, 0, 4, 97887
2026/07/08 15:34:35.100, 5, 0, 4, 97887
2026/07/08 15:34:35.115, 6, 0, 4, 97887
2026/07/08 15:34:35.127, 7, 0, 4, 97887
2026/07/08 15:34:36.141, 0, 0, 85456, 97887
2026/07/08 15:34:36.165, 1, 0, 87488, 97887
2026/07/08 15:34:36.188, 2, 100, 69544, 97887
2026/07/08 15:34:36.207, 3, 100, 68360, 97887
2026/07/08 15:34:36.227, 4, 0, 4, 97887
2026/07/08 15:34:36.248, 5, 0, 4, 97887
2026/07/08 15:34:36.273, 6, 0, 4, 97887
2026/07/08 15:34:36.289, 7, 0, 4, 97887
2026/07/08 15:34:37.314, 0, 0, 85456, 97887
2026/07/08 15:34:37.328, 1, 0, 87488, 97887
2026/07/08 15:34:37.340, 2, 100, 69544, 97887
2026/07/08 15:34:37.349, 3, 100, 68360, 97887
2026/07/08 15:34:37.360, 4, 0, 4, 97887
2026/07/08 15:34:37.374, 5, 0, 4, 97887
2026/07/08 15:34:37.388, 6, 0, 4, 97887
2026/07/08 15:34:37.403, 7, 0, 4, 97887
2026/07/08 15:34:38.416, 0, 0, 85456, 97887
2026/07/08 15:34:38.434, 1, 0, 87488, 97887
2026/07/08 15:34:38.447, 2, 100, 69544, 97887
2026/07/08 15:34:38.459, 3, 100, 68360, 97887
2026/07/08 15:34:38.473, 4, 0, 4, 97887
2026/07/08 15:34:38.490, 5, 0, 4, 97887
2026/07/08 15:34:38.508, 6, 0, 4, 97887
2026/07/08 15:34:38.525, 7, 0, 4, 97887
2026/07/08 15:34:39.541, 0, 0, 85456, 97887
2026/07/08 15:34:39.559, 1, 0, 87488, 97887
2026/07/08 15:34:39.577, 2, 100, 69544, 97887
2026/07/08 15:34:39.594, 3, 100, 68360, 97887
2026/07/08 15:34:39.612, 4, 0, 4, 97887
2026/07/08 15:34:39.629, 5, 0, 4, 97887
2026/07/08 15:34:39.645, 6, 0, 4, 97887
2026/07/08 15:34:39.660, 7, 0, 4, 97887
2026/07/08 15:34:40.677, 0, 0, 85456, 97887
2026/07/08 15:34:40.694, 1, 0, 87488, 97887
2026/07/08 15:34:40.711, 2, 100, 69544, 97887
2026/07/08 15:34:40.726, 3, 100, 68360, 97887
2026/07/08 15:34:40.740, 4, 0, 4, 97887
2026/07/08 15:34:40.755, 5, 0, 4, 97887
2026/07/08 15:34:40.770, 6, 0, 4, 97887
2026/07/08 15:34:40.784, 7, 0, 4, 97887
2026/07/08 15:34:41.799, 0, 0, 85456, 97887
2026/07/08 15:34:41.840, 1, 0, 87488, 97887
2026/07/08 15:34:41.853, 2, 100, 69544, 97887
2026/07/08 15:34:41.874, 3, 100, 68360, 97887
2026/07/08 15:34:41.894, 4, 0, 4, 97887
2026/07/08 15:34:41.912, 5, 0, 4, 97887
2026/07/08 15:34:41.932, 6, 0, 4, 97887
2026/07/08 15:34:41.951, 7, 0, 4, 97887
2026/07/08 15:34:42.965, 0, 0, 85456, 97887
2026/07/08 15:34:42.983, 1, 0, 87488, 97887
2026/07/08 15:34:42.999, 2, 100, 69544, 97887
2026/07/08 15:34:43.009, 3, 100, 68360, 97887
2026/07/08 15:34:43.023, 4, 0, 4, 97887
2026/07/08 15:34:43.039, 5, 0, 4, 97887
2026/07/08 15:34:43.055, 6, 0, 4, 97887
2026/07/08 15:34:43.070, 7, 0, 4, 97887
2026/07/08 15:34:44.099, 0, 0, 85456, 97887
2026/07/08 15:34:44.112, 1, 0, 87488, 97887
2026/07/08 15:34:44.123, 2, 100, 69544, 97887
2026/07/08 15:34:44.131, 3, 100, 68360, 97887
2026/07/08 15:34:44.142, 4, 0, 4, 97887
2026/07/08 15:34:44.151, 5, 0, 4, 97887
2026/07/08 15:34:44.163, 6, 0, 4, 97887
2026/07/08 15:34:44.173, 7, 0, 4, 97887
2026/07/08 15:34:45.181, 0, 0, 85456, 97887
2026/07/08 15:34:45.196, 1, 0, 87488, 97887
2026/07/08 15:34:45.210, 2, 100, 69544, 97887
2026/07/08 15:34:45.225, 3, 100, 68360, 97887
2026/07/08 15:34:45.241, 4, 0, 4, 97887
2026/07/08 15:34:45.257, 5, 0, 4, 97887
2026/07/08 15:34:45.273, 6, 0, 4, 97887
2026/07/08 15:34:45.285, 7, 0, 4, 97887
2026/07/08 15:34:46.302, 0, 0, 85456, 97887
2026/07/08 15:34:46.319, 1, 0, 87488, 97887
2026/07/08 15:34:46.335, 2, 100, 69544, 97887
2026/07/08 15:34:46.353, 3, 100, 68360, 97887
2026/07/08 15:34:46.367, 4, 0, 4, 97887
2026/07/08 15:34:46.385, 5, 0, 4, 97887
2026/07/08 15:34:46.402, 6, 0, 4, 97887
2026/07/08 15:34:46.414, 7, 0, 4, 97887
2026/07/08 15:34:47.427, 0, 0, 85456, 97887
2026/07/08 15:34:47.443, 1, 0, 87488, 97887
2026/07/08 15:34:47.458, 2, 100, 69544, 97887
2026/07/08 15:34:47.474, 3, 100, 68360, 97887
2026/07/08 15:34:47.489, 4, 0, 4, 97887
2026/07/08 15:34:47.506, 5, 0, 4, 97887
2026/07/08 15:34:47.522, 6, 0, 4, 97887
2026/07/08 15:34:47.536, 7, 0, 4, 97887
2026/07/08 15:34:48.549, 0, 0, 85456, 97887
2026/07/08 15:34:48.562, 1, 0, 87488, 97887
2026/07/08 15:34:48.575, 2, 100, 69544, 97887
2026/07/08 15:34:48.588, 3, 100, 68360, 97887
2026/07/08 15:34:48.599, 4, 0, 4, 97887
2026/07/08 15:34:48.615, 5, 0, 4, 97887
2026/07/08 15:34:48.630, 6, 0, 4, 97887
2026/07/08 15:34:48.644, 7, 0, 4, 97887
2026/07/08 15:34:49.660, 0, 0, 85456, 97887
2026/07/08 15:34:49.678, 1, 0, 87488, 97887
2026/07/08 15:34:49.693, 2, 100, 69544, 97887
2026/07/08 15:34:49.709, 3, 100, 68360, 97887
2026/07/08 15:34:49.725, 4, 0, 4, 97887
2026/07/08 15:34:49.740, 5, 0, 4, 97887
2026/07/08 15:34:49.755, 6, 0, 4, 97887
2026/07/08 15:34:49.769, 7, 0, 4, 97887
2026/07/08 15:34:50.785, 0, 0, 85456, 97887
2026/07/08 15:34:50.801, 1, 0, 87488, 97887
2026/07/08 15:34:50.815, 2, 100, 69544, 97887
2026/07/08 15:34:50.829, 3, 100, 68360, 97887
2026/07/08 15:34:50.842, 4, 0, 4, 97887
2026/07/08 15:34:50.854, 5, 0, 4, 97887
2026/07/08 15:34:50.868, 6, 0, 4, 97887
2026/07/08 15:34:50.879, 7, 0, 4, 97887
2026/07/08 15:34:51.890, 0, 0, 85456, 97887
2026/07/08 15:34:51.904, 1, 0, 87488, 97887
2026/07/08 15:34:51.914, 2, 100, 69544, 97887
2026/07/08 15:34:51.925, 3, 100, 68360, 97887
2026/07/08 15:34:51.938, 4, 0, 4, 97887
2026/07/08 15:34:51.955, 5, 0, 4, 97887
2026/07/08 15:34:51.970, 6, 0, 4, 97887
2026/07/08 15:34:51.985, 7, 0, 4, 97887
2026/07/08 15:34:53.000, 0, 0, 85456, 97887
2026/07/08 15:34:53.015, 1, 0, 87488, 97887
2026/07/08 15:34:53.029, 2, 100, 69544, 97887
2026/07/08 15:34:53.045, 3, 100, 68360, 97887
2026/07/08 15:34:53.061, 4, 0, 4, 97887
2026/07/08 15:34:53.076, 5, 0, 4, 97887
2026/07/08 15:34:53.092, 6, 0, 4, 97887
2026/07/08 15:34:53.108, 7, 0, 4, 97887
2026/07/08 15:34:54.124, 0, 0, 85456, 97887
2026/07/08 15:34:54.149, 1, 0, 87488, 97887
2026/07/08 15:34:54.167, 2, 100, 69544, 97887
2026/07/08 15:34:54.186, 3, 100, 68360, 97887
2026/07/08 15:34:54.201, 4, 0, 4, 97887
2026/07/08 15:34:54.221, 5, 0, 4, 97887
2026/07/08 15:34:54.239, 6, 0, 4, 97887
2026/07/08 15:34:54.253, 7, 0, 4, 97887
2026/07/08 15:34:55.268, 0, 0, 85456, 97887
2026/07/08 15:34:55.284, 1, 0, 87488, 97887
2026/07/08 15:34:55.296, 2, 100, 69544, 97887
2026/07/08 15:34:55.308, 3, 100, 68360, 97887
2026/07/08 15:34:55.324, 4, 0, 4, 97887
2026/07/08 15:34:55.336, 5, 0, 4, 97887
2026/07/08 15:34:55.349, 6, 0, 4, 97887
2026/07/08 15:34:55.360, 7, 0, 4, 97887
2026/07/08 15:34:56.373, 0, 0, 85456, 97887
2026/07/08 15:34:56.386, 1, 0, 87488, 97887
2026/07/08 15:34:56.398, 2, 100, 69544, 97887
2026/07/08 15:34:56.413, 3, 100, 68360, 97887
2026/07/08 15:34:56.430, 4, 0, 4, 97887
2026/07/08 15:34:56.445, 5, 0, 4, 97887
2026/07/08 15:34:56.457, 6, 0, 4, 97887
2026/07/08 15:34:56.470, 7, 0, 4, 97887
2026/07/08 15:34:57.483, 0, 0, 85456, 97887
2026/07/08 15:34:57.497, 1, 0, 87488, 97887
2026/07/08 15:34:57.510, 2, 100, 69544, 97887
2026/07/08 15:34:57.522, 3, 100, 68360, 97887
2026/07/08 15:34:57.534, 4, 0, 4, 97887
2026/07/08 15:34:57.545, 5, 0, 4, 97887
2026/07/08 15:34:57.556, 6, 0, 4, 97887
2026/07/08 15:34:57.572, 7, 0, 4, 97887
2026/07/08 15:34:58.586, 0, 0, 85456, 97887
2026/07/08 15:34:58.600, 1, 0, 87488, 97887
2026/07/08 15:34:58.614, 2, 100, 69544, 97887
2026/07/08 15:34:58.629, 3, 100, 68360, 97887
2026/07/08 15:34:58.646, 4, 0, 4, 97887
2026/07/08 15:34:58.661, 5, 0, 4, 97887
2026/07/08 15:34:58.677, 6, 0, 4, 97887
2026/07/08 15:34:58.693, 7, 0, 4, 97887
2026/07/08 15:34:59.706, 0, 0, 85456, 97887
2026/07/08 15:34:59.744, 1, 0, 87488, 97887
2026/07/08 15:34:59.767, 2, 100, 69544, 97887
2026/07/08 15:34:59.793, 3, 100, 68360, 97887
2026/07/08 15:34:59.818, 4, 0, 4, 97887
2026/07/08 15:34:59.848, 5, 0, 4, 97887
2026/07/08 15:34:59.883, 6, 0, 4, 97887
2026/07/08 15:34:59.904, 7, 0, 4, 97887
2026/07/08 15:35:00.926, 0, 0, 85456, 97887
2026/07/08 15:35:00.942, 1, 0, 87488, 97887
2026/07/08 15:35:00.960, 2, 100, 69544, 97887
2026/07/08 15:35:00.976, 3, 100, 68360, 97887
2026/07/08 15:35:00.988, 4, 0, 4, 97887
2026/07/08 15:35:01.006, 5, 0, 4, 97887
2026/07/08 15:35:01.022, 6, 0, 4, 97887
2026/07/08 15:35:01.039, 7, 0, 4, 97887
2026/07/08 15:35:02.058, 0, 0, 85456, 97887
2026/07/08 15:35:02.075, 1, 0, 87488, 97887
2026/07/08 15:35:02.089, 2, 100, 69544, 97887
2026/07/08 15:35:02.103, 3, 100, 68360, 97887
2026/07/08 15:35:02.117, 4, 0, 4, 97887
2026/07/08 15:35:02.134, 5, 0, 4, 97887
2026/07/08 15:35:02.149, 6, 0, 4, 97887
2026/07/08 15:35:02.162, 7, 0, 4, 97887
2026/07/08 15:35:03.175, 0, 0, 85456, 97887
2026/07/08 15:35:03.191, 1, 0, 87488, 97887
2026/07/08 15:35:03.206, 2, 100, 69544, 97887
2026/07/08 15:35:03.221, 3, 100, 68360, 97887
2026/07/08 15:35:03.235, 4, 0, 4, 97887
2026/07/08 15:35:03.251, 5, 0, 4, 97887
2026/07/08 15:35:03.262, 6, 0, 4, 97887
2026/07/08 15:35:03.278, 7, 0, 4, 97887
2026/07/08 15:35:04.296, 0, 0, 85456, 97887
2026/07/08 15:35:04.313, 1, 0, 87488, 97887
2026/07/08 15:35:04.331, 2, 100, 69544, 97887
2026/07/08 15:35:04.347, 3, 100, 68360, 97887
2026/07/08 15:35:04.363, 4, 0, 4, 97887
2026/07/08 15:35:04.381, 5, 0, 4, 97887
2026/07/08 15:35:04.399, 6, 0, 4, 97887
2026/07/08 15:35:04.416, 7, 0, 4, 97887
2026/07/08 15:35:05.435, 0, 0, 85456, 97887
2026/07/08 15:35:05.451, 1, 0, 87488, 97887
2026/07/08 15:35:05.494, 2, 100, 69544, 97887
2026/07/08 15:35:05.523, 3, 100, 68360, 97887
2026/07/08 15:35:05.536, 4, 0, 4, 97887
2026/07/08 15:35:05.550, 5, 0, 4, 97887
2026/07/08 15:35:05.568, 6, 0, 4, 97887
2026/07/08 15:35:05.583, 7, 0, 4, 97887
2026/07/08 15:35:06.608, 0, 0, 85456, 97887
2026/07/08 15:35:06.624, 1, 0, 87488, 97887
2026/07/08 15:35:06.640, 2, 100, 69544, 97887
2026/07/08 15:35:06.656, 3, 100, 68360, 97887
2026/07/08 15:35:06.670, 4, 0, 4, 97887
2026/07/08 15:35:06.686, 5, 0, 4, 97887
2026/07/08 15:35:06.699, 6, 0, 4, 97887
2026/07/08 15:35:06.717, 7, 0, 4, 97887
2026/07/08 15:35:07.734, 0, 0, 85456, 97887
2026/07/08 15:35:07.750, 1, 0, 87488, 97887
2026/07/08 15:35:07.766, 2, 100, 69544, 97887
2026/07/08 15:35:07.780, 3, 100, 68360, 97887
2026/07/08 15:35:07.794, 4, 0, 4, 97887
2026/07/08 15:35:07.809, 5, 0, 4, 97887
2026/07/08 15:35:07.823, 6, 0, 4, 97887
2026/07/08 15:35:07.838, 7, 0, 4, 97887
2026/07/08 15:35:08.852, 0, 0, 85456, 97887
2026/07/08 15:35:08.869, 1, 0, 87488, 97887
2026/07/08 15:35:08.888, 2, 100, 69544, 97887
2026/07/08 15:35:08.904, 3, 100, 68360, 97887
2026/07/08 15:35:08.920, 4, 0, 4, 97887
2026/07/08 15:35:08.932, 5, 0, 4, 97887
2026/07/08 15:35:08.950, 6, 0, 4, 97887
2026/07/08 15:35:08.966, 7, 0, 4, 97887
2026/07/08 15:35:09.984, 0, 0, 85456, 97887
2026/07/08 15:35:09.998, 1, 0, 87488, 97887
2026/07/08 15:35:10.012, 2, 100, 69544, 97887
2026/07/08 15:35:10.025, 3, 100, 68360, 97887
2026/07/08 15:35:10.039, 4, 0, 4, 97887
2026/07/08 15:35:10.053, 5, 0, 4, 97887
2026/07/08 15:35:10.067, 6, 0, 4, 97887
2026/07/08 15:35:10.081, 7, 0, 4, 97887
2026/07/08 15:35:11.096, 0, 0, 85456, 97887
2026/07/08 15:35:11.114, 1, 0, 87488, 97887
2026/07/08 15:35:11.130, 2, 100, 69544, 97887
2026/07/08 15:35:11.145, 3, 100, 68360, 97887
2026/07/08 15:35:11.163, 4, 0, 4, 97887
2026/07/08 15:35:11.177, 5, 0, 4, 97887
2026/07/08 15:35:11.194, 6, 0, 4, 97887
2026/07/08 15:35:11.207, 7, 0, 4, 97887
2026/07/08 15:35:12.222, 0, 0, 85456, 97887
2026/07/08 15:35:12.238, 1, 0, 87488, 97887
2026/07/08 15:35:12.254, 2, 100, 69544, 97887
2026/07/08 15:35:12.268, 3, 100, 68360, 97887
2026/07/08 15:35:12.283, 4, 0, 4, 97887
2026/07/08 15:35:12.295, 5, 0, 4, 97887
2026/07/08 15:35:12.309, 6, 0, 4, 97887
2026/07/08 15:35:12.322, 7, 0, 4, 97887
2026/07/08 15:35:13.335, 0, 0, 85456, 97887
2026/07/08 15:35:13.347, 1, 0, 87488, 97887
2026/07/08 15:35:13.361, 2, 100, 69544, 97887
2026/07/08 15:35:13.374, 3, 100, 68360, 97887
2026/07/08 15:35:13.387, 4, 0, 4, 97887
2026/07/08 15:35:13.400, 5, 0, 4, 97887
2026/07/08 15:35:13.413, 6, 0, 4, 97887
2026/07/08 15:35:13.425, 7, 0, 4, 97887
2026/07/08 15:35:14.440, 0, 0, 85456, 97887
2026/07/08 15:35:14.456, 1, 0, 87488, 97887
2026/07/08 15:35:14.472, 2, 100, 69544, 97887
2026/07/08 15:35:14.489, 3, 100, 68360, 97887
2026/07/08 15:35:14.506, 4, 0, 4, 97887
2026/07/08 15:35:14.522, 5, 0, 4, 97887
2026/07/08 15:35:14.537, 6, 0, 4, 97887
2026/07/08 15:35:14.554, 7, 0, 4, 97887
2026/07/08 15:35:15.567, 0, 0, 85456, 97887
2026/07/08 15:35:15.584, 1, 0, 87488, 97887
2026/07/08 15:35:15.599, 2, 100, 69544, 97887
2026/07/08 15:35:15.612, 3, 100, 68360, 97887
2026/07/08 15:35:15.623, 4, 0, 4, 97887
2026/07/08 15:35:15.634, 5, 0, 4, 97887
2026/07/08 15:35:15.650, 6, 0, 4, 97887
2026/07/08 15:35:15.665, 7, 0, 4, 97887
2026/07/08 15:35:16.680, 0, 0, 85456, 97887
2026/07/08 15:35:16.698, 1, 0, 87488, 97887
2026/07/08 15:35:16.716, 2, 100, 69544, 97887
2026/07/08 15:35:16.733, 3, 100, 68360, 97887
2026/07/08 15:35:16.750, 4, 0, 4, 97887
2026/07/08 15:35:16.766, 5, 0, 4, 97887
2026/07/08 15:35:16.781, 6, 0, 4, 97887
2026/07/08 15:35:16.797, 7, 0, 4, 97887
2026/07/08 15:35:17.815, 0, 0, 85456, 97887
2026/07/08 15:35:17.832, 1, 0, 87488, 97887
2026/07/08 15:35:17.845, 2, 100, 69544, 97887
2026/07/08 15:35:17.859, 3, 100, 68360, 97887
2026/07/08 15:35:17.872, 4, 0, 4, 97887
2026/07/08 15:35:17.889, 5, 0, 4, 97887
2026/07/08 15:35:17.906, 6, 0, 4, 97887
2026/07/08 15:35:17.922, 7, 0, 4, 97887
2026/07/08 15:35:18.935, 0, 0, 85456, 97887
2026/07/08 15:35:18.952, 1, 0, 87488, 97887
2026/07/08 15:35:18.965, 2, 100, 69544, 97887
2026/07/08 15:35:18.979, 3, 100, 68360, 97887
2026/07/08 15:35:18.990, 4, 0, 4, 97887
2026/07/08 15:35:19.002, 5, 0, 4, 97887
2026/07/08 15:35:19.014, 6, 0, 4, 97887
2026/07/08 15:35:19.027, 7, 0, 4, 97887
2026/07/08 15:35:20.041, 0, 0, 85456, 97887
2026/07/08 15:35:20.055, 1, 0, 87488, 97887
2026/07/08 15:35:20.066, 2, 100, 69544, 97887
2026/07/08 15:35:20.076, 3, 100, 68360, 97887
2026/07/08 15:35:20.089, 4, 0, 4, 97887
2026/07/08 15:35:20.099, 5, 0, 4, 97887
2026/07/08 15:35:20.109, 6, 0, 4, 97887
2026/07/08 15:35:20.122, 7, 0, 4, 97887
2026/07/08 15:35:21.135, 0, 0, 85456, 97887
2026/07/08 15:35:21.148, 1, 0, 87488, 97887
2026/07/08 15:35:21.162, 2, 100, 69544, 97887
2026/07/08 15:35:21.172, 3, 100, 68360, 97887
2026/07/08 15:35:21.183, 4, 0, 4, 97887
2026/07/08 15:35:21.191, 5, 0, 4, 97887
2026/07/08 15:35:21.202, 6, 0, 4, 97887
2026/07/08 15:35:21.213, 7, 0, 4, 97887
2026/07/08 15:35:22.221, 0, 0, 85456, 97887
2026/07/08 15:35:22.233, 1, 0, 87488, 97887
2026/07/08 15:35:22.243, 2, 100, 69544, 97887
2026/07/08 15:35:22.253, 3, 100, 68360, 97887
2026/07/08 15:35:22.266, 4, 0, 4, 97887
2026/07/08 15:35:22.280, 5, 0, 4, 97887
2026/07/08 15:35:22.295, 6, 0, 4, 97887
2026/07/08 15:35:22.310, 7, 0, 4, 97887
2026/07/08 15:35:23.327, 0, 0, 85456, 97887
2026/07/08 15:35:23.350, 1, 0, 87488, 97887
2026/07/08 15:35:23.380, 2, 100, 69544, 97887
2026/07/08 15:35:23.406, 3, 100, 68360, 97887
2026/07/08 15:35:23.423, 4, 0, 4, 97887
2026/07/08 15:35:23.441, 5, 0, 4, 97887
2026/07/08 15:35:23.458, 6, 0, 4, 97887
2026/07/08 15:35:23.470, 7, 0, 4, 97887
2026/07/08 15:35:24.482, 0, 0, 85456, 97887
2026/07/08 15:35:24.499, 1, 0, 87488, 97887
2026/07/08 15:35:24.515, 2, 100, 69544, 97887
2026/07/08 15:35:24.531, 3, 100, 68360, 97887
2026/07/08 15:35:24.548, 4, 0, 4, 97887
2026/07/08 15:35:24.565, 5, 0, 4, 97887
2026/07/08 15:35:24.584, 6, 0, 4, 97887
2026/07/08 15:35:24.599, 7, 0, 4, 97887
2026/07/08 15:35:25.617, 0, 0, 85456, 97887
2026/07/08 15:35:25.633, 1, 0, 87488, 97887
2026/07/08 15:35:25.649, 2, 100, 69544, 97887
2026/07/08 15:35:25.664, 3, 100, 68360, 97887
2026/07/08 15:35:25.681, 4, 0, 4, 97887
2026/07/08 15:35:25.691, 5, 0, 4, 97887
2026/07/08 15:35:25.709, 6, 0, 4, 97887
2026/07/08 15:35:25.726, 7, 0, 4, 97887
2026/07/08 15:35:26.742, 0, 0, 85456, 97887
2026/07/08 15:35:26.758, 1, 0, 87488, 97887
2026/07/08 15:35:26.775, 2, 100, 69544, 97887
2026/07/08 15:35:26.790, 3, 100, 68360, 97887
2026/07/08 15:35:26.803, 4, 0, 4, 97887
2026/07/08 15:35:26.820, 5, 0, 4, 97887
2026/07/08 15:35:26.837, 6, 0, 4, 97887
2026/07/08 15:35:26.853, 7, 0, 4, 97887
2026/07/08 15:35:27.870, 0, 0, 85456, 97887
2026/07/08 15:35:27.891, 1, 0, 87488, 97887
2026/07/08 15:35:27.910, 2, 100, 69544, 97887
2026/07/08 15:35:27.931, 3, 100, 68360, 97887
2026/07/08 15:35:27.949, 4, 0, 4, 97887
2026/07/08 15:35:27.967, 5, 0, 4, 97887
2026/07/08 15:35:27.985, 6, 0, 4, 97887
2026/07/08 15:35:28.003, 7, 0, 4, 97887
2026/07/08 15:35:29.019, 0, 0, 85456, 97887
2026/07/08 15:35:29.039, 1, 0, 87488, 97887
2026/07/08 15:35:29.059, 2, 100, 69544, 97887
2026/07/08 15:35:29.081, 3, 100, 68360, 97887
2026/07/08 15:35:29.100, 4, 0, 4, 97887
2026/07/08 15:35:29.116, 5, 0, 4, 97887
2026/07/08 15:35:29.137, 6, 0, 4, 97887
2026/07/08 15:35:29.162, 7, 0, 4, 97887
2026/07/08 15:35:30.187, 0, 0, 85456, 97887
2026/07/08 15:35:30.202, 1, 0, 87488, 97887
2026/07/08 15:35:30.214, 2, 100, 69544, 97887
2026/07/08 15:35:30.226, 3, 100, 68360, 97887
2026/07/08 15:35:30.240, 4, 0, 4, 97887
2026/07/08 15:35:30.252, 5, 0, 4, 97887
2026/07/08 15:35:30.267, 6, 0, 4, 97887
2026/07/08 15:35:30.279, 7, 0, 4, 97887
2026/07/08 15:35:31.294, 0, 0, 85456, 97887
2026/07/08 15:35:31.313, 1, 0, 87488, 97887
2026/07/08 15:35:31.332, 2, 100, 69544, 97887
2026/07/08 15:35:31.348, 3, 100, 68360, 97887
2026/07/08 15:35:31.364, 4, 0, 4, 97887
2026/07/08 15:35:31.383, 5, 0, 4, 97887
2026/07/08 15:35:31.400, 6, 0, 4, 97887
2026/07/08 15:35:31.419, 7, 0, 4, 97887
2026/07/08 15:35:32.434, 0, 0, 85456, 97887
2026/07/08 15:35:32.449, 1, 0, 87488, 97887
2026/07/08 15:35:32.469, 2, 100, 69544, 97887
2026/07/08 15:35:32.488, 3, 100, 68360, 97887
2026/07/08 15:35:32.506, 4, 0, 4, 97887
2026/07/08 15:35:32.556, 5, 0, 4, 97887
2026/07/08 15:35:32.589, 6, 0, 4, 97887
2026/07/08 15:35:32.608, 7, 0, 4, 97887
2026/07/08 15:35:33.623, 0, 0, 85456, 97887
2026/07/08 15:35:33.642, 1, 0, 87488, 97887
2026/07/08 15:35:33.658, 2, 100, 69544, 97887
2026/07/08 15:35:33.676, 3, 100, 68360, 97887
2026/07/08 15:35:33.693, 4, 0, 4, 97887
2026/07/08 15:35:33.711, 5, 0, 4, 97887
2026/07/08 15:35:33.729, 6, 0, 4, 97887
2026/07/08 15:35:33.746, 7, 0, 4, 97887
2026/07/08 15:35:34.764, 0, 0, 85456, 97887
2026/07/08 15:35:34.793, 1, 0, 87488, 97887
2026/07/08 15:35:34.818, 2, 100, 69544, 97887
2026/07/08 15:35:34.838, 3, 100, 68360, 97887
2026/07/08 15:35:34.861, 4, 0, 4, 97887
2026/07/08 15:35:34.881, 5, 0, 4, 97887
2026/07/08 15:35:34.903, 6, 0, 4, 97887
2026/07/08 15:35:34.922, 7, 0, 4, 97887
2026/07/08 15:35:35.938, 0, 0, 85456, 97887
2026/07/08 15:35:35.957, 1, 0, 87488, 97887
2026/07/08 15:35:35.975, 2, 100, 69544, 97887
2026/07/08 15:35:35.992, 3, 100, 68360, 97887
2026/07/08 15:35:36.010, 4, 0, 4, 97887
2026/07/08 15:35:36.025, 5, 0, 4, 97887
2026/07/08 15:35:36.043, 6, 0, 4, 97887
2026/07/08 15:35:36.060, 7, 0, 4, 97887
2026/07/08 15:35:37.076, 0, 0, 85456, 97887
2026/07/08 15:35:37.094, 1, 0, 87488, 97887
2026/07/08 15:35:37.111, 2, 100, 69544, 97887
2026/07/08 15:35:37.125, 3, 100, 68360, 97887
2026/07/08 15:35:37.140, 4, 0, 4, 97887
2026/07/08 15:35:37.160, 5, 0, 4, 97887
2026/07/08 15:35:37.178, 6, 0, 4, 97887
2026/07/08 15:35:37.196, 7, 0, 4, 97887
2026/07/08 15:35:38.215, 0, 0, 85456, 97887
2026/07/08 15:35:38.232, 1, 0, 87488, 97887
2026/07/08 15:35:38.249, 2, 100, 69544, 97887
2026/07/08 15:35:38.266, 3, 100, 68360, 97887
2026/07/08 15:35:38.283, 4, 0, 4, 97887
2026/07/08 15:35:38.300, 5, 0, 4, 97887
2026/07/08 15:35:38.316, 6, 0, 4, 97887
2026/07/08 15:35:38.333, 7, 0, 4, 97887
2026/07/08 15:35:39.348, 0, 0, 85456, 97887
2026/07/08 15:35:39.364, 1, 0, 87488, 97887
2026/07/08 15:35:39.381, 2, 100, 69544, 97887
2026/07/08 15:35:39.399, 3, 100, 68360, 97887
2026/07/08 15:35:39.415, 4, 0, 4, 97887
2026/07/08 15:35:39.429, 5, 0, 4, 97887
2026/07/08 15:35:39.446, 6, 0, 4, 97887
2026/07/08 15:35:39.461, 7, 0, 4, 97887
2026/07/08 15:35:40.476, 0, 0, 85456, 97887
2026/07/08 15:35:40.499, 1, 0, 87488, 97887
2026/07/08 15:35:40.533, 2, 100, 69544, 97887
2026/07/08 15:35:40.556, 3, 100, 68360, 97887
2026/07/08 15:35:40.588, 4, 0, 4, 97887
2026/07/08 15:35:40.616, 5, 0, 4, 97887
2026/07/08 15:35:40.642, 6, 0, 4, 97887
2026/07/08 15:35:40.676, 7, 0, 4, 97887
2026/07/08 15:35:41.701, 0, 0, 85456, 97887
2026/07/08 15:35:41.719, 1, 0, 87488, 97887
2026/07/08 15:35:41.735, 2, 100, 69544, 97887
2026/07/08 15:35:41.753, 3, 100, 68360, 97887
2026/07/08 15:35:41.768, 4, 0, 4, 97887
2026/07/08 15:35:41.784, 5, 0, 4, 97887
2026/07/08 15:35:41.802, 6, 0, 4, 97887
2026/07/08 15:35:41.820, 7, 0, 4, 97887
2026/07/08 15:35:42.839, 0, 0, 85456, 97887
2026/07/08 15:35:42.856, 1, 0, 87488, 97887
2026/07/08 15:35:42.871, 2, 100, 69544, 97887
2026/07/08 15:35:42.885, 3, 100, 68360, 97887
2026/07/08 15:35:42.900, 4, 0, 4, 97887
2026/07/08 15:35:42.918, 5, 0, 4, 97887
2026/07/08 15:35:42.956, 6, 0, 4, 97887
2026/07/08 15:35:42.972, 7, 0, 4, 97887
2026/07/08 15:35:43.988, 0, 0, 85456, 97887
2026/07/08 15:35:44.005, 1, 0, 87488, 97887
2026/07/08 15:35:44.021, 2, 100, 69544, 97887
2026/07/08 15:35:44.036, 3, 100, 68360, 97887
2026/07/08 15:35:44.051, 4, 0, 4, 97887
2026/07/08 15:35:44.062, 5, 0, 4, 97887
2026/07/08 15:35:44.075, 6, 0, 4, 97887
2026/07/08 15:35:44.088, 7, 0, 4, 97887
2026/07/08 15:35:45.102, 0, 0, 85456, 97887
2026/07/08 15:35:45.119, 1, 0, 87488, 97887
2026/07/08 15:35:45.135, 2, 100, 69544, 97887
2026/07/08 15:35:45.152, 3, 100, 68360, 97887
2026/07/08 15:35:45.169, 4, 0, 4, 97887
2026/07/08 15:35:45.186, 5, 0, 4, 97887
2026/07/08 15:35:45.204, 6, 0, 4, 97887
2026/07/08 15:35:45.221, 7, 0, 4, 97887
2026/07/08 15:35:46.237, 0, 0, 85456, 97887
2026/07/08 15:35:46.288, 1, 0, 87488, 97887
2026/07/08 15:35:46.324, 2, 100, 69544, 97887
2026/07/08 15:35:46.341, 3, 100, 68360, 97887
2026/07/08 15:35:46.361, 4, 0, 4, 97887
2026/07/08 15:35:46.382, 5, 0, 4, 97887
2026/07/08 15:35:46.410, 6, 0, 4, 97887
2026/07/08 15:35:46.434, 7, 0, 4, 97887
2026/07/08 15:35:47.467, 0, 0, 85456, 97887
2026/07/08 15:35:47.485, 1, 0, 87488, 97887
2026/07/08 15:35:47.503, 2, 100, 69544, 97887
2026/07/08 15:35:47.523, 3, 100, 68360, 97887
2026/07/08 15:35:47.539, 4, 0, 4, 97887
2026/07/08 15:35:47.556, 5, 0, 4, 97887
2026/07/08 15:35:47.576, 6, 0, 4, 97887
2026/07/08 15:35:47.594, 7, 0, 4, 97887
2026/07/08 15:35:48.612, 0, 0, 85456, 97887
2026/07/08 15:35:48.628, 1, 0, 87488, 97887
2026/07/08 15:35:48.647, 2, 100, 69544, 97887
2026/07/08 15:35:48.663, 3, 100, 68360, 97887
2026/07/08 15:35:48.678, 4, 0, 4, 97887
2026/07/08 15:35:48.694, 5, 0, 4, 97887
2026/07/08 15:35:48.708, 6, 0, 4, 97887
2026/07/08 15:35:48.728, 7, 0, 4, 97887
2026/07/08 15:35:49.745, 0, 0, 85456, 97887
2026/07/08 15:35:49.764, 1, 0, 87488, 97887
2026/07/08 15:35:49.782, 2, 100, 69544, 97887
2026/07/08 15:35:49.799, 3, 100, 68360, 97887
2026/07/08 15:35:49.815, 4, 0, 4, 97887
2026/07/08 15:35:49.831, 5, 0, 4, 97887
2026/07/08 15:35:49.847, 6, 0, 4, 97887
2026/07/08 15:35:49.862, 7, 0, 4, 97887
2026/07/08 15:35:50.879, 0, 0, 85456, 97887
2026/07/08 15:35:50.899, 1, 0, 87488, 97887
2026/07/08 15:35:50.918, 2, 100, 69544, 97887
2026/07/08 15:35:50.937, 3, 100, 68360, 97887
2026/07/08 15:35:50.957, 4, 0, 4, 97887
2026/07/08 15:35:50.974, 5, 0, 4, 97887
2026/07/08 15:35:50.992, 6, 0, 4, 97887
2026/07/08 15:35:51.007, 7, 0, 4, 97887
2026/07/08 15:35:52.025, 0, 0, 85456, 97887
2026/07/08 15:35:52.042, 1, 0, 87488, 97887
2026/07/08 15:35:52.060, 2, 100, 69544, 97887
2026/07/08 15:35:52.078, 3, 100, 68360, 97887
2026/07/08 15:35:52.095, 4, 0, 4, 97887
2026/07/08 15:35:52.112, 5, 0, 4, 97887
2026/07/08 15:35:52.174, 6, 0, 4, 97887
2026/07/08 15:35:52.216, 7, 0, 4, 97887
2026/07/08 15:35:53.235, 0, 0, 85456, 97887
2026/07/08 15:35:53.249, 1, 0, 87488, 97887
2026/07/08 15:35:53.262, 2, 100, 69544, 97887
2026/07/08 15:35:53.276, 3, 100, 68360, 97887
2026/07/08 15:35:53.293, 4, 0, 4, 97887
2026/07/08 15:35:53.310, 5, 0, 4, 97887
2026/07/08 15:35:53.324, 6, 0, 4, 97887
2026/07/08 15:35:53.339, 7, 0, 4, 97887
2026/07/08 15:35:54.355, 0, 0, 85456, 97887
2026/07/08 15:35:54.370, 1, 0, 87488, 97887
2026/07/08 15:35:54.385, 2, 100, 69544, 97887
2026/07/08 15:35:54.401, 3, 100, 68360, 97887
2026/07/08 15:35:54.416, 4, 0, 4, 97887
2026/07/08 15:35:54.432, 5, 0, 4, 97887
2026/07/08 15:35:54.448, 6, 0, 4, 97887
2026/07/08 15:35:54.465, 7, 0, 4, 97887
2026/07/08 15:35:55.480, 0, 0, 85456, 97887
2026/07/08 15:35:55.497, 1, 0, 87488, 97887
2026/07/08 15:35:55.513, 2, 100, 69544, 97887
2026/07/08 15:35:55.527, 3, 100, 68360, 97887
2026/07/08 15:35:55.545, 4, 0, 4, 97887
2026/07/08 15:35:55.561, 5, 0, 4, 97887
2026/07/08 15:35:55.575, 6, 0, 4, 97887
2026/07/08 15:35:55.588, 7, 0, 4, 97887
2026/07/08 15:35:56.602, 0, 0, 85456, 97887
2026/07/08 15:35:56.621, 1, 0, 87488, 97887
2026/07/08 15:35:56.637, 2, 100, 69544, 97887
2026/07/08 15:35:56.652, 3, 100, 68360, 97887
2026/07/08 15:35:56.668, 4, 0, 4, 97887
2026/07/08 15:35:56.685, 5, 0, 4, 97887
2026/07/08 15:35:56.703, 6, 0, 4, 97887
2026/07/08 15:35:56.721, 7, 0, 4, 97887
2026/07/08 15:35:57.738, 0, 0, 85456, 97887
2026/07/08 15:35:57.756, 1, 0, 87488, 97887
2026/07/08 15:35:57.774, 2, 100, 69544, 97887
2026/07/08 15:35:57.789, 3, 100, 68360, 97887
2026/07/08 15:35:57.806, 4, 0, 4, 97887
2026/07/08 15:35:57.823, 5, 0, 4, 97887
2026/07/08 15:35:57.839, 6, 0, 4, 97887
2026/07/08 15:35:57.854, 7, 0, 4, 97887
2026/07/08 15:35:58.873, 0, 0, 85456, 97887
2026/07/08 15:35:58.892, 1, 0, 87488, 97887
2026/07/08 15:35:58.910, 2, 100, 69544, 97887
2026/07/08 15:35:58.928, 3, 100, 68360, 97887
2026/07/08 15:35:58.944, 4, 0, 4, 97887
2026/07/08 15:35:58.962, 5, 0, 4, 97887
2026/07/08 15:35:58.978, 6, 0, 4, 97887
2026/07/08 15:35:58.995, 7, 0, 4, 97887
2026/07/08 15:36:00.011, 0, 0, 85456, 97887
2026/07/08 15:36:00.028, 1, 0, 87488, 97887
2026/07/08 15:36:00.044, 2, 100, 69544, 97887
2026/07/08 15:36:00.057, 3, 100, 68360, 97887
2026/07/08 15:36:00.071, 4, 0, 4, 97887
2026/07/08 15:36:00.084, 5, 0, 4, 97887
2026/07/08 15:36:00.099, 6, 0, 4, 97887
2026/07/08 15:36:00.117, 7, 0, 4, 97887
2026/07/08 15:36:01.131, 0, 0, 85456, 97887
2026/07/08 15:36:01.148, 1, 0, 87488, 97887
2026/07/08 15:36:01.163, 2, 100, 69544, 97887
2026/07/08 15:36:01.179, 3, 100, 68360, 97887
2026/07/08 15:36:01.193, 4, 0, 4, 97887
2026/07/08 15:36:01.209, 5, 0, 4, 97887
2026/07/08 15:36:01.223, 6, 0, 4, 97887
2026/07/08 15:36:01.240, 7, 0, 4, 97887
2026/07/08 15:36:02.255, 0, 0, 85456, 97887
2026/07/08 15:36:02.269, 1, 0, 87488, 97887
2026/07/08 15:36:02.283, 2, 100, 69544, 97887
2026/07/08 15:36:02.300, 3, 100, 68360, 97887
2026/07/08 15:36:02.313, 4, 0, 4, 97887
2026/07/08 15:36:02.325, 5, 0, 4, 97887
2026/07/08 15:36:02.340, 6, 0, 4, 97887
2026/07/08 15:36:02.352, 7, 0, 4, 97887
2026/07/08 15:36:03.367, 0, 0, 85456, 97887
2026/07/08 15:36:03.377, 1, 0, 87488, 97887
2026/07/08 15:36:03.392, 2, 100, 69544, 97887
2026/07/08 15:36:03.409, 3, 100, 68360, 97887
2026/07/08 15:36:03.423, 4, 0, 4, 97887
2026/07/08 15:36:03.437, 5, 0, 4, 97887
2026/07/08 15:36:03.452, 6, 0, 4, 97887
2026/07/08 15:36:03.468, 7, 0, 4, 97887
2026/07/08 15:36:04.484, 0, 0, 85456, 97887
2026/07/08 15:36:04.512, 1, 0, 87488, 97887
2026/07/08 15:36:04.539, 2, 100, 69544, 97887
2026/07/08 15:36:04.556, 3, 100, 68360, 97887
2026/07/08 15:36:04.571, 4, 0, 4, 97887
2026/07/08 15:36:04.587, 5, 0, 4, 97887
2026/07/08 15:36:04.601, 6, 0, 4, 97887
2026/07/08 15:36:04.617, 7, 0, 4, 97887
2026/07/08 15:36:05.632, 0, 0, 85456, 97887
2026/07/08 15:36:05.649, 1, 0, 87488, 97887
2026/07/08 15:36:05.664, 2, 100, 69544, 97887
2026/07/08 15:36:05.681, 3, 100, 68360, 97887
2026/07/08 15:36:05.698, 4, 0, 4, 97887
2026/07/08 15:36:05.715, 5, 0, 4, 97887
2026/07/08 15:36:05.730, 6, 0, 4, 97887
2026/07/08 15:36:05.746, 7, 0, 4, 97887
2026/07/08 15:36:06.764, 0, 0, 85456, 97887
2026/07/08 15:36:06.781, 1, 0, 87488, 97887
2026/07/08 15:36:06.797, 2, 100, 69544, 97887
2026/07/08 15:36:06.814, 3, 100, 68360, 97887
2026/07/08 15:36:06.831, 4, 0, 4, 97887
2026/07/08 15:36:06.848, 5, 0, 4, 97887
2026/07/08 15:36:06.864, 6, 0, 4, 97887
2026/07/08 15:36:06.881, 7, 0, 4, 97887
2026/07/08 15:36:07.898, 0, 0, 85456, 97887
2026/07/08 15:36:07.917, 1, 0, 87488, 97887
2026/07/08 15:36:07.936, 2, 100, 69544, 97887
2026/07/08 15:36:07.954, 3, 100, 68360, 97887
2026/07/08 15:36:07.970, 4, 0, 4, 97887
2026/07/08 15:36:07.986, 5, 0, 4, 97887
2026/07/08 15:36:08.002, 6, 0, 4, 97887
2026/07/08 15:36:08.018, 7, 0, 4, 97887
2026/07/08 15:36:09.034, 0, 0, 85456, 97887
2026/07/08 15:36:09.051, 1, 0, 87488, 97887
2026/07/08 15:36:09.066, 2, 100, 69544, 97887
2026/07/08 15:36:09.081, 3, 100, 68360, 97887
2026/07/08 15:36:09.099, 4, 0, 4, 97887
2026/07/08 15:36:09.115, 5, 0, 4, 97887
2026/07/08 15:36:09.131, 6, 0, 4, 97887
2026/07/08 15:36:09.147, 7, 0, 4, 97887
2026/07/08 15:36:10.161, 0, 0, 85456, 97887
2026/07/08 15:36:10.186, 1, 0, 87488, 97887
2026/07/08 15:36:10.208, 2, 100, 69544, 97887
2026/07/08 15:36:10.235, 3, 100, 68360, 97887
2026/07/08 15:36:10.257, 4, 0, 4, 97887
2026/07/08 15:36:10.274, 5, 0, 4, 97887
2026/07/08 15:36:10.291, 6, 0, 4, 97887
2026/07/08 15:36:10.306, 7, 0, 4, 97887
2026/07/08 15:36:11.323, 0, 0, 85456, 97887
2026/07/08 15:36:11.340, 1, 0, 87488, 97887
2026/07/08 15:36:11.355, 2, 100, 69544, 97887
2026/07/08 15:36:11.371, 3, 100, 68360, 97887
2026/07/08 15:36:11.389, 4, 0, 4, 97887
2026/07/08 15:36:11.405, 5, 0, 4, 97887
2026/07/08 15:36:11.421, 6, 0, 4, 97887
2026/07/08 15:36:11.438, 7, 0, 4, 97887
2026/07/08 15:36:12.455, 0, 0, 85456, 97887
2026/07/08 15:36:12.474, 1, 0, 87488, 97887
2026/07/08 15:36:12.492, 2, 100, 69544, 97887
2026/07/08 15:36:12.509, 3, 100, 68360, 97887
2026/07/08 15:36:12.522, 4, 0, 4, 97887
2026/07/08 15:36:12.530, 5, 0, 4, 97887
2026/07/08 15:36:12.547, 6, 0, 4, 97887
2026/07/08 15:36:12.558, 7, 0, 4, 97887
2026/07/08 15:36:13.569, 0, 0, 85456, 97887
2026/07/08 15:36:13.588, 1, 0, 87488, 97887
2026/07/08 15:36:13.604, 2, 100, 69544, 97887
2026/07/08 15:36:13.620, 3, 100, 68360, 97887
2026/07/08 15:36:13.635, 4, 0, 4, 97887
2026/07/08 15:36:13.652, 5, 0, 4, 97887
2026/07/08 15:36:13.663, 6, 0, 4, 97887
2026/07/08 15:36:13.680, 7, 0, 4, 97887
2026/07/08 15:36:14.695, 0, 0, 85456, 97887
2026/07/08 15:36:14.714, 1, 0, 87488, 97887
2026/07/08 15:36:14.733, 2, 100, 69544, 97887
2026/07/08 15:36:14.753, 3, 100, 68360, 97887
2026/07/08 15:36:14.771, 4, 0, 4, 97887
2026/07/08 15:36:14.787, 5, 0, 4, 97887
2026/07/08 15:36:14.804, 6, 0, 4, 97887
2026/07/08 15:36:14.820, 7, 0, 4, 97887
2026/07/08 15:36:15.837, 0, 0, 85456, 97887
2026/07/08 15:36:15.865, 1, 0, 87488, 97887
2026/07/08 15:36:15.898, 2, 100, 69544, 97887
2026/07/08 15:36:15.921, 3, 100, 68360, 97887
2026/07/08 15:36:15.945, 4, 0, 4, 97887
2026/07/08 15:36:15.963, 5, 0, 4, 97887
2026/07/08 15:36:15.981, 6, 0, 4, 97887
2026/07/08 15:36:16.002, 7, 0, 4, 97887
2026/07/08 15:36:17.028, 0, 0, 85456, 97887
2026/07/08 15:36:17.046, 1, 0, 87488, 97887
2026/07/08 15:36:17.060, 2, 100, 69544, 97887
2026/07/08 15:36:17.076, 3, 100, 68360, 97887
2026/07/08 15:36:17.097, 4, 0, 4, 97887
2026/07/08 15:36:17.114, 5, 0, 4, 97887
2026/07/08 15:36:17.131, 6, 0, 4, 97887
2026/07/08 15:36:17.149, 7, 0, 4, 97887
2026/07/08 15:36:18.167, 0, 0, 85456, 97887
2026/07/08 15:36:18.185, 1, 0, 87488, 97887
2026/07/08 15:36:18.204, 2, 100, 69544, 97887
2026/07/08 15:36:18.222, 3, 100, 68360, 97887
2026/07/08 15:36:18.241, 4, 0, 4, 97887
2026/07/08 15:36:18.260, 5, 0, 4, 97887
2026/07/08 15:36:18.276, 6, 0, 4, 97887
2026/07/08 15:36:18.295, 7, 0, 4, 97887
2026/07/08 15:36:19.313, 0, 0, 85456, 97887
2026/07/08 15:36:19.331, 1, 0, 87488, 97887
2026/07/08 15:36:19.349, 2, 100, 69544, 97887
2026/07/08 15:36:19.367, 3, 100, 68360, 97887
2026/07/08 15:36:19.381, 4, 0, 4, 97887
2026/07/08 15:36:19.400, 5, 0, 4, 97887
2026/07/08 15:36:19.419, 6, 0, 4, 97887
2026/07/08 15:36:19.436, 7, 0, 4, 97887
2026/07/08 15:36:20.458, 0, 0, 85456, 97887
2026/07/08 15:36:20.474, 1, 0, 87488, 97887
2026/07/08 15:36:20.489, 2, 100, 69544, 97887
2026/07/08 15:36:20.502, 3, 100, 68360, 97887
2026/07/08 15:36:20.518, 4, 0, 4, 97887
2026/07/08 15:36:20.533, 5, 0, 4, 97887
2026/07/08 15:36:20.548, 6, 0, 4, 97887
2026/07/08 15:36:20.564, 7, 0, 4, 97887
2026/07/08 15:36:21.579, 0, 0, 85456, 97887
2026/07/08 15:36:21.615, 1, 0, 87488, 97887
2026/07/08 15:36:21.637, 2, 100, 69544, 97887
2026/07/08 15:36:21.655, 3, 100, 68360, 97887
2026/07/08 15:36:21.674, 4, 0, 4, 97887
2026/07/08 15:36:21.696, 5, 0, 4, 97887
2026/07/08 15:36:21.726, 6, 0, 4, 97887
2026/07/08 15:36:21.755, 7, 0, 4, 97887
2026/07/08 15:36:22.780, 0, 0, 85456, 97887
2026/07/08 15:36:22.797, 1, 0, 87488, 97887
2026/07/08 15:36:22.815, 2, 100, 69544, 97887
2026/07/08 15:36:22.833, 3, 100, 68360, 97887
2026/07/08 15:36:22.850, 4, 0, 4, 97887
2026/07/08 15:36:22.868, 5, 0, 4, 97887
2026/07/08 15:36:22.884, 6, 0, 4, 97887
2026/07/08 15:36:22.900, 7, 0, 4, 97887
2026/07/08 15:36:23.917, 0, 0, 85456, 97887
2026/07/08 15:36:23.936, 1, 0, 87488, 97887
2026/07/08 15:36:23.955, 2, 100, 69544, 97887
2026/07/08 15:36:23.970, 3, 100, 68360, 97887
2026/07/08 15:36:23.988, 4, 0, 4, 97887
2026/07/08 15:36:24.007, 5, 0, 4, 97887
2026/07/08 15:36:24.024, 6, 0, 4, 97887
2026/07/08 15:36:24.042, 7, 0, 4, 97887
2026/07/08 15:36:25.057, 0, 0, 85456, 97887
2026/07/08 15:36:25.075, 1, 0, 87488, 97887
2026/07/08 15:36:25.090, 2, 100, 69544, 97887
2026/07/08 15:36:25.105, 3, 100, 68360, 97887
2026/07/08 15:36:25.121, 4, 0, 4, 97887
2026/07/08 15:36:25.138, 5, 0, 4, 97887
2026/07/08 15:36:25.153, 6, 0, 4, 97887
2026/07/08 15:36:25.170, 7, 0, 4, 97887
2026/07/08 15:36:26.186, 0, 0, 85456, 97887
2026/07/08 15:36:26.205, 1, 0, 87488, 97887
2026/07/08 15:36:26.224, 2, 100, 69544, 97887
2026/07/08 15:36:26.243, 3, 100, 68360, 97887
2026/07/08 15:36:26.262, 4, 0, 4, 97887
2026/07/08 15:36:26.279, 5, 0, 4, 97887
2026/07/08 15:36:26.296, 6, 0, 4, 97887
2026/07/08 15:36:26.312, 7, 0, 4, 97887
2026/07/08 15:36:27.327, 0, 0, 85456, 97887
2026/07/08 15:36:27.352, 1, 0, 87488, 97887
2026/07/08 15:36:27.382, 2, 100, 69544, 97887
2026/07/08 15:36:27.404, 3, 100, 68360, 97887
2026/07/08 15:36:27.420, 4, 0, 4, 97887
2026/07/08 15:36:27.439, 5, 0, 4, 97887
2026/07/08 15:36:27.460, 6, 0, 4, 97887
2026/07/08 15:36:27.474, 7, 0, 4, 97887
2026/07/08 15:36:28.502, 0, 0, 85456, 97887
2026/07/08 15:36:28.517, 1, 0, 87488, 97887
2026/07/08 15:36:28.533, 2, 100, 69544, 97887
2026/07/08 15:36:28.549, 3, 100, 68360, 97887
2026/07/08 15:36:28.564, 4, 0, 4, 97887
2026/07/08 15:36:28.581, 5, 0, 4, 97887
2026/07/08 15:36:28.596, 6, 0, 4, 97887
2026/07/08 15:36:28.612, 7, 0, 4, 97887
2026/07/08 15:36:29.630, 0, 0, 85456, 97887
2026/07/08 15:36:29.646, 1, 0, 87488, 97887
2026/07/08 15:36:29.664, 2, 100, 69544, 97887
2026/07/08 15:36:29.680, 3, 100, 68360, 97887
2026/07/08 15:36:29.695, 4, 0, 4, 97887
2026/07/08 15:36:29.710, 5, 0, 4, 97887
2026/07/08 15:36:29.721, 6, 0, 4, 97887
2026/07/08 15:36:29.734, 7, 0, 4, 97887
2026/07/08 15:36:30.747, 0, 0, 85456, 97887
2026/07/08 15:36:30.761, 1, 0, 87488, 97887
2026/07/08 15:36:30.775, 2, 100, 69544, 97887
2026/07/08 15:36:30.790, 3, 100, 68360, 97887
2026/07/08 15:36:30.804, 4, 0, 4, 97887
2026/07/08 15:36:30.821, 5, 0, 4, 97887
2026/07/08 15:36:30.837, 6, 0, 4, 97887
2026/07/08 15:36:30.854, 7, 0, 4, 97887
2026/07/08 15:36:31.871, 0, 0, 85456, 97887
2026/07/08 15:36:31.887, 1, 0, 87488, 97887
2026/07/08 15:36:31.903, 2, 100, 69544, 97887
2026/07/08 15:36:31.918, 3, 100, 68360, 97887
2026/07/08 15:36:31.932, 4, 0, 4, 97887
2026/07/08 15:36:31.947, 5, 0, 4, 97887
2026/07/08 15:36:31.961, 6, 0, 4, 97887
2026/07/08 15:36:31.974, 7, 0, 4, 97887
2026/07/08 15:36:32.987, 0, 0, 85456, 97887
2026/07/08 15:36:33.003, 1, 0, 87488, 97887
2026/07/08 15:36:33.017, 2, 100, 69544, 97887
2026/07/08 15:36:33.031, 3, 100, 68360, 97887
2026/07/08 15:36:33.048, 4, 0, 4, 97887
2026/07/08 15:36:33.056, 5, 0, 4, 97887
2026/07/08 15:36:33.070, 6, 0, 4, 97887
2026/07/08 15:36:33.077, 7, 0, 4, 97887
2026/07/08 15:36:34.093, 0, 0, 85456, 97887
2026/07/08 15:36:34.103, 1, 0, 87488, 97887
2026/07/08 15:36:34.109, 2, 100, 69544, 97887
2026/07/08 15:36:34.120, 3, 100, 68360, 97887
2026/07/08 15:36:34.132, 4, 0, 4, 97887
2026/07/08 15:36:34.145, 5, 0, 4, 97887
2026/07/08 15:36:34.159, 6, 0, 4, 97887
2026/07/08 15:36:34.174, 7, 0, 4, 97887
2026/07/08 15:36:35.189, 0, 0, 85456, 97887
2026/07/08 15:36:35.205, 1, 0, 87488, 97887
2026/07/08 15:36:35.222, 2, 100, 69544, 97887
2026/07/08 15:36:35.235, 3, 100, 68360, 97887
2026/07/08 15:36:35.244, 4, 0, 4, 97887
2026/07/08 15:36:35.253, 5, 0, 4, 97887
2026/07/08 15:36:35.268, 6, 0, 4, 97887
2026/07/08 15:36:35.282, 7, 0, 4, 97887
2026/07/08 15:36:36.298, 0, 0, 85456, 97887
2026/07/08 15:36:36.312, 1, 0, 87488, 97887
2026/07/08 15:36:36.326, 2, 100, 69544, 97887
2026/07/08 15:36:36.341, 3, 100, 68360, 97887
2026/07/08 15:36:36.352, 4, 0, 4, 97887
2026/07/08 15:36:36.363, 5, 0, 4, 97887
2026/07/08 15:36:36.374, 6, 0, 4, 97887
2026/07/08 15:36:36.386, 7, 0, 4, 97887
2026/07/08 15:36:37.402, 0, 0, 85456, 97887
2026/07/08 15:36:37.416, 1, 0, 87488, 97887
2026/07/08 15:36:37.431, 2, 100, 69544, 97887
2026/07/08 15:36:37.447, 3, 100, 68360, 97887
2026/07/08 15:36:37.462, 4, 0, 4, 97887
2026/07/08 15:36:37.476, 5, 0, 4, 97887
2026/07/08 15:36:37.489, 6, 0, 4, 97887
2026/07/08 15:36:37.507, 7, 0, 4, 97887
2026/07/08 15:36:38.525, 0, 0, 85456, 97887
2026/07/08 15:36:38.542, 1, 0, 87488, 97887
2026/07/08 15:36:38.557, 2, 100, 69544, 97887
2026/07/08 15:36:38.567, 3, 100, 68360, 97887
2026/07/08 15:36:38.579, 4, 0, 4, 97887
2026/07/08 15:36:38.592, 5, 0, 4, 97887
2026/07/08 15:36:38.605, 6, 0, 4, 97887
2026/07/08 15:36:38.619, 7, 0, 4, 97887
2026/07/08 15:36:39.633, 0, 0, 85456, 97887
2026/07/08 15:36:39.648, 1, 0, 87488, 97887
2026/07/08 15:36:39.664, 2, 100, 69544, 97887
2026/07/08 15:36:39.681, 3, 100, 68360, 97887
2026/07/08 15:36:39.700, 4, 0, 4, 97887
2026/07/08 15:36:39.719, 5, 0, 4, 97887
2026/07/08 15:36:39.738, 6, 0, 4, 97887
2026/07/08 15:36:39.752, 7, 0, 4, 97887
2026/07/08 15:36:40.767, 0, 0, 85456, 97887
2026/07/08 15:36:40.782, 1, 0, 87488, 97887
2026/07/08 15:36:40.798, 2, 100, 69544, 97887
2026/07/08 15:36:40.814, 3, 100, 68360, 97887
2026/07/08 15:36:40.829, 4, 0, 4, 97887
2026/07/08 15:36:40.846, 5, 0, 4, 97887
2026/07/08 15:36:40.862, 6, 0, 4, 97887
2026/07/08 15:36:40.878, 7, 0, 4, 97887
2026/07/08 15:36:41.893, 0, 0, 85456, 97887
2026/07/08 15:36:41.909, 1, 0, 87488, 97887
2026/07/08 15:36:41.922, 2, 100, 69544, 97887
2026/07/08 15:36:41.935, 3, 100, 68360, 97887
2026/07/08 15:36:41.947, 4, 0, 4, 97887
2026/07/08 15:36:41.959, 5, 0, 4, 97887
2026/07/08 15:36:41.973, 6, 0, 4, 97887
2026/07/08 15:36:41.986, 7, 0, 4, 97887
2026/07/08 15:36:42.998, 0, 0, 85456, 97887
2026/07/08 15:36:43.014, 1, 0, 87488, 97887
2026/07/08 15:36:43.037, 2, 100, 69544, 97887
2026/07/08 15:36:43.054, 3, 100, 68360, 97887
2026/07/08 15:36:43.071, 4, 0, 4, 97887
2026/07/08 15:36:43.087, 5, 0, 4, 97887
2026/07/08 15:36:43.104, 6, 0, 4, 97887
2026/07/08 15:36:43.119, 7, 0, 4, 97887
2026/07/08 15:36:44.136, 0, 0, 85456, 97887
2026/07/08 15:36:44.152, 1, 0, 87488, 97887
2026/07/08 15:36:44.162, 2, 100, 69544, 97887
2026/07/08 15:36:44.177, 3, 100, 68360, 97887
2026/07/08 15:36:44.189, 4, 0, 4, 97887
2026/07/08 15:36:44.201, 5, 0, 4, 97887
2026/07/08 15:36:44.218, 6, 0, 4, 97887
2026/07/08 15:36:44.235, 7, 0, 4, 97887
2026/07/08 15:36:45.253, 0, 0, 85456, 97887
2026/07/08 15:36:45.281, 1, 0, 87488, 97887
2026/07/08 15:36:45.317, 2, 100, 69544, 97887
2026/07/08 15:36:45.341, 3, 100, 68360, 97887
2026/07/08 15:36:45.373, 4, 0, 4, 97887
2026/07/08 15:36:45.406, 5, 0, 4, 97887
2026/07/08 15:36:45.425, 6, 0, 4, 97887
2026/07/08 15:36:45.446, 7, 0, 4, 97887
2026/07/08 15:36:46.476, 0, 0, 85456, 97887
2026/07/08 15:36:46.493, 1, 0, 87488, 97887
2026/07/08 15:36:46.506, 2, 100, 69544, 97887
2026/07/08 15:36:46.519, 3, 100, 68360, 97887
2026/07/08 15:36:46.534, 4, 0, 4, 97887
2026/07/08 15:36:46.549, 5, 0, 4, 97887
2026/07/08 15:36:46.564, 6, 0, 4, 97887
2026/07/08 15:36:46.579, 7, 0, 4, 97887
2026/07/08 15:36:47.596, 0, 0, 85456, 97887
2026/07/08 15:36:47.617, 1, 0, 87488, 97887
2026/07/08 15:36:47.633, 2, 100, 69544, 97887
2026/07/08 15:36:47.649, 3, 100, 68360, 97887
2026/07/08 15:36:47.663, 4, 0, 4, 97887
2026/07/08 15:36:47.680, 5, 0, 4, 97887
2026/07/08 15:36:47.699, 6, 0, 4, 97887
2026/07/08 15:36:47.718, 7, 0, 4, 97887
2026/07/08 15:36:48.734, 0, 0, 85456, 97887
2026/07/08 15:36:48.753, 1, 0, 87488, 97887
2026/07/08 15:36:48.769, 2, 100, 69544, 97887
2026/07/08 15:36:48.785, 3, 100, 68360, 97887
2026/07/08 15:36:48.804, 4, 0, 4, 97887
2026/07/08 15:36:48.822, 5, 0, 4, 97887
2026/07/08 15:36:48.840, 6, 0, 4, 97887
2026/07/08 15:36:48.858, 7, 0, 4, 97887
2026/07/08 15:36:49.873, 0, 0, 85456, 97887
2026/07/08 15:36:49.890, 1, 0, 87488, 97887
2026/07/08 15:36:49.910, 2, 100, 69544, 97887
2026/07/08 15:36:49.931, 3, 100, 68360, 97887
2026/07/08 15:36:49.950, 4, 0, 4, 97887
2026/07/08 15:36:49.969, 5, 0, 4, 97887
2026/07/08 15:36:49.987, 6, 0, 4, 97887
2026/07/08 15:36:50.004, 7, 0, 4, 97887
2026/07/08 15:36:51.019, 0, 0, 85456, 97887
2026/07/08 15:36:51.062, 1, 0, 87488, 97887
2026/07/08 15:36:51.080, 2, 100, 69544, 97887
2026/07/08 15:36:51.100, 3, 100, 68360, 97887
2026/07/08 15:36:51.117, 4, 0, 4, 97887
2026/07/08 15:36:51.138, 5, 0, 4, 97887
2026/07/08 15:36:51.158, 6, 0, 4, 97887
2026/07/08 15:36:51.175, 7, 0, 4, 97887
2026/07/08 15:36:52.199, 0, 0, 85456, 97887
2026/07/08 15:36:52.216, 1, 0, 87488, 97887
2026/07/08 15:36:52.233, 2, 100, 69544, 97887
2026/07/08 15:36:52.254, 3, 100, 68360, 97887
2026/07/08 15:36:52.269, 4, 0, 4, 97887
2026/07/08 15:36:52.285, 5, 0, 4, 97887
2026/07/08 15:36:52.302, 6, 0, 4, 97887
2026/07/08 15:36:52.319, 7, 0, 4, 97887
2026/07/08 15:36:53.336, 0, 0, 85456, 97887
2026/07/08 15:36:53.354, 1, 0, 87488, 97887
2026/07/08 15:36:53.373, 2, 100, 69544, 97887
2026/07/08 15:36:53.391, 3, 100, 68360, 97887
2026/07/08 15:36:53.406, 4, 0, 4, 97887
2026/07/08 15:36:53.424, 5, 0, 4, 97887
2026/07/08 15:36:53.441, 6, 0, 4, 97887
2026/07/08 15:36:53.460, 7, 0, 4, 97887
2026/07/08 15:36:54.475, 0, 0, 85456, 97887
2026/07/08 15:36:54.493, 1, 0, 87488, 97887
2026/07/08 15:36:54.511, 2, 100, 69544, 97887
2026/07/08 15:36:54.527, 3, 100, 68360, 97887
2026/07/08 15:36:54.541, 4, 0, 4, 97887
2026/07/08 15:36:54.557, 5, 0, 4, 97887
2026/07/08 15:36:54.572, 6, 0, 4, 97887
2026/07/08 15:36:54.586, 7, 0, 4, 97887
2026/07/08 15:36:55.599, 0, 0, 85456, 97887
2026/07/08 15:36:55.616, 1, 0, 87488, 97887
2026/07/08 15:36:55.632, 2, 100, 69544, 97887
2026/07/08 15:36:55.646, 3, 100, 68360, 97887
2026/07/08 15:36:55.661, 4, 0, 4, 97887
2026/07/08 15:36:55.678, 5, 0, 4, 97887
2026/07/08 15:36:55.693, 6, 0, 4, 97887
2026/07/08 15:36:55.708, 7, 0, 4, 97887
2026/07/08 15:36:56.725, 0, 0, 85456, 97887
2026/07/08 15:36:56.745, 1, 0, 87488, 97887
2026/07/08 15:36:56.763, 2, 100, 69544, 97887
2026/07/08 15:36:56.779, 3, 100, 68360, 97887
2026/07/08 15:36:56.796, 4, 0, 4, 97887
2026/07/08 15:36:56.812, 5, 0, 4, 97887
2026/07/08 15:36:56.868, 6, 0, 4, 97887
2026/07/08 15:36:56.896, 7, 0, 4, 97887
2026/07/08 15:36:57.908, 0, 0, 85456, 97887
2026/07/08 15:36:57.926, 1, 0, 87488, 97887
2026/07/08 15:36:57.942, 2, 100, 69544, 97887
2026/07/08 15:36:57.958, 3, 100, 68360, 97887
2026/07/08 15:36:57.975, 4, 0, 4, 97887
2026/07/08 15:36:57.991, 5, 0, 4, 97887
2026/07/08 15:36:58.008, 6, 0, 4, 97887
2026/07/08 15:36:58.022, 7, 0, 4, 97887
2026/07/08 15:36:59.039, 0, 0, 85456, 97887
2026/07/08 15:36:59.059, 1, 0, 87488, 97887
2026/07/08 15:36:59.077, 2, 100, 69544, 97887
2026/07/08 15:36:59.090, 3, 100, 68360, 97887
2026/07/08 15:36:59.107, 4, 0, 4, 97887
2026/07/08 15:36:59.123, 5, 0, 4, 97887
2026/07/08 15:36:59.137, 6, 0, 4, 97887
2026/07/08 15:36:59.154, 7, 0, 4, 97887
2026/07/08 15:37:00.164, 0, 0, 85456, 97887
2026/07/08 15:37:00.181, 1, 0, 87488, 97887
2026/07/08 15:37:00.198, 2, 100, 69544, 97887
2026/07/08 15:37:00.215, 3, 100, 68360, 97887
2026/07/08 15:37:00.232, 4, 0, 4, 97887
2026/07/08 15:37:00.248, 5, 0, 4, 97887
2026/07/08 15:37:00.265, 6, 0, 4, 97887
2026/07/08 15:37:00.279, 7, 0, 4, 97887
2026/07/08 15:37:01.294, 0, 0, 85456, 97887
2026/07/08 15:37:01.314, 1, 0, 87488, 97887
2026/07/08 15:37:01.331, 2, 100, 69544, 97887
2026/07/08 15:37:01.348, 3, 100, 68360, 97887
2026/07/08 15:37:01.366, 4, 0, 4, 97887
2026/07/08 15:37:01.386, 5, 0, 4, 97887
2026/07/08 15:37:01.405, 6, 0, 4, 97887
2026/07/08 15:37:01.424, 7, 0, 4, 97887
2026/07/08 15:37:02.444, 0, 0, 85456, 97887
2026/07/08 15:37:02.463, 1, 0, 87488, 97887
2026/07/08 15:37:02.482, 2, 100, 69544, 97887
2026/07/08 15:37:02.499, 3, 100, 68360, 97887
2026/07/08 15:37:02.515, 4, 0, 4, 97887
2026/07/08 15:37:02.533, 5, 0, 4, 97887
2026/07/08 15:37:02.549, 6, 0, 4, 97887
2026/07/08 15:37:02.564, 7, 0, 4, 97887
2026/07/08 15:37:03.577, 0, 0, 85456, 97887
2026/07/08 15:37:03.592, 1, 0, 87488, 97887
2026/07/08 15:37:03.606, 2, 100, 69544, 97887
2026/07/08 15:37:03.620, 3, 100, 68360, 97887
2026/07/08 15:37:03.634, 4, 0, 4, 97887
2026/07/08 15:37:03.648, 5, 0, 4, 97887
2026/07/08 15:37:03.664, 6, 0, 4, 97887
2026/07/08 15:37:03.683, 7, 0, 4, 97887
2026/07/08 15:37:04.702, 0, 0, 85456, 97887
2026/07/08 15:37:04.721, 1, 0, 87488, 97887
2026/07/08 15:37:04.742, 2, 100, 69544, 97887
2026/07/08 15:37:04.761, 3, 100, 68360, 97887
2026/07/08 15:37:04.780, 4, 0, 4, 97887
2026/07/08 15:37:04.799, 5, 0, 4, 97887
2026/07/08 15:37:04.817, 6, 0, 4, 97887
2026/07/08 15:37:04.835, 7, 0, 4, 97887
2026/07/08 15:37:05.855, 0, 0, 85456, 97887
2026/07/08 15:37:05.874, 1, 0, 87488, 97887
2026/07/08 15:37:05.893, 2, 100, 69544, 97887
2026/07/08 15:37:05.911, 3, 100, 68360, 97887
2026/07/08 15:37:05.929, 4, 0, 4, 97887
2026/07/08 15:37:05.947, 5, 0, 4, 97887
2026/07/08 15:37:05.967, 6, 0, 4, 97887
2026/07/08 15:37:05.985, 7, 0, 4, 97887
2026/07/08 15:37:07.004, 0, 0, 85456, 97887
2026/07/08 15:37:07.017, 1, 0, 87488, 97887
2026/07/08 15:37:07.035, 2, 100, 69544, 97887
2026/07/08 15:37:07.052, 3, 100, 68360, 97887
2026/07/08 15:37:07.070, 4, 0, 4, 97887
2026/07/08 15:37:07.089, 5, 0, 4, 97887
2026/07/08 15:37:07.107, 6, 0, 4, 97887
2026/07/08 15:37:07.125, 7, 0, 4, 97887
2026/07/08 15:37:08.144, 0, 0, 85456, 97887
2026/07/08 15:37:08.159, 1, 0, 87488, 97887
2026/07/08 15:37:08.175, 2, 100, 69544, 97887
2026/07/08 15:37:08.191, 3, 100, 68360, 97887
2026/07/08 15:37:08.207, 4, 0, 4, 97887
2026/07/08 15:37:08.223, 5, 0, 4, 97887
2026/07/08 15:37:08.240, 6, 0, 4, 97887
2026/07/08 15:37:08.257, 7, 0, 4, 97887
2026/07/08 15:37:09.273, 0, 0, 85456, 97887
2026/07/08 15:37:09.298, 1, 0, 87488, 97887
2026/07/08 15:37:09.315, 2, 100, 69544, 97887
2026/07/08 15:37:09.330, 3, 100, 68360, 97887
2026/07/08 15:37:09.346, 4, 0, 4, 97887
2026/07/08 15:37:09.361, 5, 0, 4, 97887
2026/07/08 15:37:09.375, 6, 0, 4, 97887
2026/07/08 15:37:09.389, 7, 0, 4, 97887
2026/07/08 15:37:10.403, 0, 0, 85456, 97887
2026/07/08 15:37:10.421, 1, 0, 87488, 97887
2026/07/08 15:37:10.440, 2, 100, 69544, 97887
2026/07/08 15:37:10.459, 3, 100, 68360, 97887
2026/07/08 15:37:10.477, 4, 0, 4, 97887
2026/07/08 15:37:10.496, 5, 0, 4, 97887
2026/07/08 15:37:10.514, 6, 0, 4, 97887
2026/07/08 15:37:10.532, 7, 0, 4, 97887
2026/07/08 15:37:11.549, 0, 0, 85456, 97887
2026/07/08 15:37:11.567, 1, 0, 87488, 97887
2026/07/08 15:37:11.585, 2, 100, 69544, 97887
2026/07/08 15:37:11.605, 3, 100, 68360, 97887
2026/07/08 15:37:11.624, 4, 0, 4, 97887
2026/07/08 15:37:11.643, 5, 0, 4, 97887
2026/07/08 15:37:11.660, 6, 0, 4, 97887
2026/07/08 15:37:11.678, 7, 0, 4, 97887
2026/07/08 15:37:12.697, 0, 0, 85456, 97887
2026/07/08 15:37:12.715, 1, 0, 87488, 97887
2026/07/08 15:37:12.734, 2, 100, 69544, 97887
2026/07/08 15:37:12.754, 3, 100, 68360, 97887
2026/07/08 15:37:12.773, 4, 0, 4, 97887
2026/07/08 15:37:12.792, 5, 0, 4, 97887
2026/07/08 15:37:12.812, 6, 0, 4, 97887
2026/07/08 15:37:12.833, 7, 0, 4, 97887
2026/07/08 15:37:13.852, 0, 0, 85456, 97887
2026/07/08 15:37:13.868, 1, 0, 87488, 97887
2026/07/08 15:37:13.884, 2, 100, 69544, 97887
2026/07/08 15:37:13.899, 3, 100, 68360, 97887
2026/07/08 15:37:13.914, 4, 0, 4, 97887
2026/07/08 15:37:13.929, 5, 0, 4, 97887
2026/07/08 15:37:13.943, 6, 0, 4, 97887
2026/07/08 15:37:13.958, 7, 0, 4, 97887
2026/07/08 15:37:14.973, 0, 0, 85456, 97887
2026/07/08 15:37:15.009, 1, 0, 87488, 97887
2026/07/08 15:37:15.028, 2, 100, 69544, 97887
2026/07/08 15:37:15.050, 3, 100, 68360, 97887
2026/07/08 15:37:15.072, 4, 0, 4, 97887
2026/07/08 15:37:15.108, 5, 0, 4, 97887
2026/07/08 15:37:15.139, 6, 0, 4, 97887
2026/07/08 15:37:15.174, 7, 0, 4, 97887
2026/07/08 15:37:16.210, 0, 0, 85456, 97887
2026/07/08 15:37:16.228, 1, 0, 87488, 97887
2026/07/08 15:37:16.245, 2, 100, 69544, 97887
2026/07/08 15:37:16.263, 3, 100, 68360, 97887
2026/07/08 15:37:16.280, 4, 0, 4, 97887
2026/07/08 15:37:16.300, 5, 0, 4, 97887
2026/07/08 15:37:16.318, 6, 0, 4, 97887
2026/07/08 15:37:16.336, 7, 0, 4, 97887
2026/07/08 15:37:17.353, 0, 0, 85456, 97887
2026/07/08 15:37:17.370, 1, 0, 87488, 97887
2026/07/08 15:37:17.384, 2, 100, 69544, 97887
2026/07/08 15:37:17.401, 3, 100, 68360, 97887
2026/07/08 15:37:17.419, 4, 0, 4, 97887
2026/07/08 15:37:17.436, 5, 0, 4, 97887
2026/07/08 15:37:17.453, 6, 0, 4, 97887
2026/07/08 15:37:17.470, 7, 0, 4, 97887
2026/07/08 15:37:18.486, 0, 0, 85456, 97887
2026/07/08 15:37:18.505, 1, 0, 87488, 97887
2026/07/08 15:37:18.523, 2, 100, 69544, 97887
2026/07/08 15:37:18.541, 3, 100, 68360, 97887
2026/07/08 15:37:18.559, 4, 0, 4, 97887
2026/07/08 15:37:18.578, 5, 0, 4, 97887
2026/07/08 15:37:18.599, 6, 0, 4, 97887
2026/07/08 15:37:18.618, 7, 0, 4, 97887
2026/07/08 15:37:19.639, 0, 0, 85456, 97887
2026/07/08 15:37:19.656, 1, 0, 87488, 97887
2026/07/08 15:37:19.673, 2, 100, 69544, 97887
2026/07/08 15:37:19.691, 3, 100, 68360, 97887
2026/07/08 15:37:19.706, 4, 0, 4, 97887
2026/07/08 15:37:19.722, 5, 0, 4, 97887
2026/07/08 15:37:19.740, 6, 0, 4, 97887
2026/07/08 15:37:19.760, 7, 0, 4, 97887
2026/07/08 15:37:20.783, 0, 0, 85456, 97887
2026/07/08 15:37:20.808, 1, 0, 87488, 97887
2026/07/08 15:37:20.823, 2, 100, 69544, 97887
2026/07/08 15:37:20.845, 3, 100, 68360, 97887
2026/07/08 15:37:20.868, 4, 0, 4, 97887
2026/07/08 15:37:20.884, 5, 0, 4, 97887
2026/07/08 15:37:20.910, 6, 0, 4, 97887
2026/07/08 15:37:20.935, 7, 0, 4, 97887
2026/07/08 15:37:21.959, 0, 0, 85456, 97887
2026/07/08 15:37:22.004, 1, 0, 87488, 97887
2026/07/08 15:37:22.027, 2, 100, 69544, 97887
2026/07/08 15:37:22.045, 3, 100, 68360, 97887
2026/07/08 15:37:22.066, 4, 0, 4, 97887
2026/07/08 15:37:22.090, 5, 0, 4, 97887
2026/07/08 15:37:22.115, 6, 0, 4, 97887
2026/07/08 15:37:22.136, 7, 0, 4, 97887
2026/07/08 15:37:23.163, 0, 0, 85456, 97887
2026/07/08 15:37:23.180, 1, 0, 87488, 97887
2026/07/08 15:37:23.192, 2, 100, 69544, 97887
2026/07/08 15:37:23.208, 3, 100, 68360, 97887
2026/07/08 15:37:23.223, 4, 0, 4, 97887
2026/07/08 15:37:23.240, 5, 0, 4, 97887
2026/07/08 15:37:23.257, 6, 0, 4, 97887
2026/07/08 15:37:23.273, 7, 0, 4, 97887
2026/07/08 15:37:24.286, 0, 0, 85456, 97887
2026/07/08 15:37:24.305, 1, 0, 87488, 97887
2026/07/08 15:37:24.322, 2, 100, 69544, 97887
2026/07/08 15:37:24.341, 3, 100, 68360, 97887
2026/07/08 15:37:24.360, 4, 0, 4, 97887
2026/07/08 15:37:24.379, 5, 0, 4, 97887
2026/07/08 15:37:24.396, 6, 0, 4, 97887
2026/07/08 15:37:24.414, 7, 0, 4, 97887
2026/07/08 15:37:25.432, 0, 0, 85456, 97887
2026/07/08 15:37:25.448, 1, 0, 87488, 97887
2026/07/08 15:37:25.464, 2, 100, 69544, 97887
2026/07/08 15:37:25.481, 3, 100, 68360, 97887
2026/07/08 15:37:25.495, 4, 0, 4, 97887
2026/07/08 15:37:25.511, 5, 0, 4, 97887
2026/07/08 15:37:25.526, 6, 0, 4, 97887
2026/07/08 15:37:25.543, 7, 0, 4, 97887
2026/07/08 15:37:26.559, 0, 0, 85456, 97887
2026/07/08 15:37:26.588, 1, 0, 87488, 97887
2026/07/08 15:37:26.608, 2, 100, 69544, 97887
2026/07/08 15:37:26.640, 3, 100, 68360, 97887
2026/07/08 15:37:26.664, 4, 0, 4, 97887
2026/07/08 15:37:26.683, 5, 0, 4, 97887
2026/07/08 15:37:26.718, 6, 0, 4, 97887
2026/07/08 15:37:26.736, 7, 0, 4, 97887
2026/07/08 15:37:27.770, 0, 0, 85456, 97887
2026/07/08 15:37:27.790, 1, 0, 87488, 97887
2026/07/08 15:37:27.812, 2, 100, 69544, 97887
2026/07/08 15:37:27.831, 3, 100, 68360, 97887
2026/07/08 15:37:27.850, 4, 0, 4, 97887
2026/07/08 15:37:27.868, 5, 0, 4, 97887
2026/07/08 15:37:27.887, 6, 0, 4, 97887
2026/07/08 15:37:27.905, 7, 0, 4, 97887
2026/07/08 15:37:28.924, 0, 0, 85456, 97887
2026/07/08 15:37:28.939, 1, 0, 87488, 97887
2026/07/08 15:37:28.956, 2, 100, 69544, 97887
2026/07/08 15:37:28.970, 3, 100, 68360, 97887
2026/07/08 15:37:28.986, 4, 0, 4, 97887
2026/07/08 15:37:29.000, 5, 0, 4, 97887
2026/07/08 15:37:29.015, 6, 0, 4, 97887
2026/07/08 15:37:29.029, 7, 0, 4, 97887
2026/07/08 15:37:30.043, 0, 0, 85456, 97887
2026/07/08 15:37:30.060, 1, 0, 87488, 97887
2026/07/08 15:37:30.074, 2, 100, 69544, 97887
2026/07/08 15:37:30.086, 3, 100, 68360, 97887
2026/07/08 15:37:30.099, 4, 0, 4, 97887
2026/07/08 15:37:30.111, 5, 0, 4, 97887
2026/07/08 15:37:30.123, 6, 0, 4, 97887
2026/07/08 15:37:30.135, 7, 0, 4, 97887
2026/07/08 15:37:31.151, 0, 0, 85456, 97887
2026/07/08 15:37:31.169, 1, 0, 87488, 97887
2026/07/08 15:37:31.185, 2, 100, 69544, 97887
2026/07/08 15:37:31.200, 3, 100, 68360, 97887
2026/07/08 15:37:31.217, 4, 0, 4, 97887
2026/07/08 15:37:31.234, 5, 0, 4, 97887
2026/07/08 15:37:31.251, 6, 0, 4, 97887
2026/07/08 15:37:31.268, 7, 0, 4, 97887
2026/07/08 15:37:32.286, 0, 0, 85456, 97887
2026/07/08 15:37:32.310, 1, 0, 87488, 97887
2026/07/08 15:37:32.333, 2, 100, 69544, 97887
2026/07/08 15:37:32.359, 3, 100, 68360, 97887
2026/07/08 15:37:32.384, 4, 0, 4, 97887
2026/07/08 15:37:32.406, 5, 0, 4, 97887
2026/07/08 15:37:32.440, 6, 0, 4, 97887
2026/07/08 15:37:32.468, 7, 0, 4, 97887
2026/07/08 15:37:33.489, 0, 0, 85456, 97887
2026/07/08 15:37:33.504, 1, 0, 87488, 97887
2026/07/08 15:37:33.520, 2, 100, 69544, 97887
2026/07/08 15:37:33.534, 3, 100, 68360, 97887
2026/07/08 15:37:33.547, 4, 0, 4, 97887
2026/07/08 15:37:33.561, 5, 0, 4, 97887
2026/07/08 15:37:33.575, 6, 0, 4, 97887
2026/07/08 15:37:33.587, 7, 0, 4, 97887
2026/07/08 15:37:34.599, 0, 0, 85456, 97887
2026/07/08 15:37:34.616, 1, 0, 87488, 97887
2026/07/08 15:37:34.633, 2, 100, 69544, 97887
2026/07/08 15:37:34.650, 3, 100, 68360, 97887
2026/07/08 15:37:34.668, 4, 0, 4, 97887
2026/07/08 15:37:34.686, 5, 0, 4, 97887
2026/07/08 15:37:34.702, 6, 0, 4, 97887
2026/07/08 15:37:34.719, 7, 0, 4, 97887
2026/07/08 15:37:35.738, 0, 0, 85456, 97887
2026/07/08 15:37:35.755, 1, 0, 87488, 97887
2026/07/08 15:37:35.773, 2, 100, 69544, 97887
2026/07/08 15:37:35.791, 3, 100, 68360, 97887
2026/07/08 15:37:35.808, 4, 0, 4, 97887
2026/07/08 15:37:35.827, 5, 0, 4, 97887
2026/07/08 15:37:35.845, 6, 0, 4, 97887
2026/07/08 15:37:35.862, 7, 0, 4, 97887
2026/07/08 15:37:36.880, 0, 0, 85456, 97887
2026/07/08 15:37:36.898, 1, 0, 87488, 97887
2026/07/08 15:37:36.914, 2, 100, 69544, 97887
2026/07/08 15:37:36.929, 3, 100, 68360, 97887
2026/07/08 15:37:36.944, 4, 0, 4, 97887
2026/07/08 15:37:36.959, 5, 0, 4, 97887
2026/07/08 15:37:36.971, 6, 0, 4, 97887
2026/07/08 15:37:36.985, 7, 0, 4, 97887
2026/07/08 15:37:38.001, 0, 0, 85456, 97887
2026/07/08 15:37:38.023, 1, 0, 87488, 97887
2026/07/08 15:37:38.075, 2, 100, 69544, 97887
2026/07/08 15:37:38.103, 3, 100, 68360, 97887
2026/07/08 15:37:38.122, 4, 0, 4, 97887
2026/07/08 15:37:38.163, 5, 0, 4, 97887
2026/07/08 15:37:38.179, 6, 0, 4, 97887
2026/07/08 15:37:38.196, 7, 0, 4, 97887
2026/07/08 15:37:39.218, 0, 0, 85456, 97887
2026/07/08 15:37:39.251, 1, 0, 87488, 97887
2026/07/08 15:37:39.286, 2, 100, 69544, 97887
2026/07/08 15:37:39.318, 3, 100, 68360, 97887
2026/07/08 15:37:39.354, 4, 0, 4, 97887
2026/07/08 15:37:39.374, 5, 0, 4, 97887
2026/07/08 15:37:39.392, 6, 0, 4, 97887
2026/07/08 15:37:39.410, 7, 0, 4, 97887
2026/07/08 15:37:40.428, 0, 0, 85456, 97887
2026/07/08 15:37:40.442, 1, 0, 87488, 97887
2026/07/08 15:37:40.457, 2, 100, 69544, 97887
2026/07/08 15:37:40.474, 3, 100, 68360, 97887
2026/07/08 15:37:40.490, 4, 0, 4, 97887
2026/07/08 15:37:40.504, 5, 0, 4, 97887
2026/07/08 15:37:40.518, 6, 0, 4, 97887
2026/07/08 15:37:40.534, 7, 0, 4, 97887
2026/07/08 15:37:41.548, 0, 0, 85456, 97887
2026/07/08 15:37:41.566, 1, 0, 87488, 97887
2026/07/08 15:37:41.583, 2, 100, 69544, 97887
2026/07/08 15:37:41.602, 3, 100, 68360, 97887
2026/07/08 15:37:41.621, 4, 0, 4, 97887
2026/07/08 15:37:41.640, 5, 0, 4, 97887
2026/07/08 15:37:41.657, 6, 0, 4, 97887
2026/07/08 15:37:41.673, 7, 0, 4, 97887
2026/07/08 15:37:42.689, 0, 0, 85456, 97887
2026/07/08 15:37:42.706, 1, 0, 87488, 97887
2026/07/08 15:37:42.724, 2, 100, 69544, 97887
2026/07/08 15:37:42.740, 3, 100, 68360, 97887
2026/07/08 15:37:42.756, 4, 0, 4, 97887
2026/07/08 15:37:42.776, 5, 0, 4, 97887
2026/07/08 15:37:42.794, 6, 0, 4, 97887
2026/07/08 15:37:42.812, 7, 0, 4, 97887
2026/07/08 15:37:43.831, 0, 0, 85456, 97887
2026/07/08 15:37:43.849, 1, 0, 87488, 97887
2026/07/08 15:37:43.866, 2, 100, 69544, 97887
2026/07/08 15:37:43.884, 3, 100, 68360, 97887
2026/07/08 15:37:43.902, 4, 0, 4, 97887
2026/07/08 15:37:43.918, 5, 0, 4, 97887
2026/07/08 15:37:43.935, 6, 0, 4, 97887
2026/07/08 15:37:43.953, 7, 0, 4, 97887
2026/07/08 15:37:44.968, 0, 0, 85456, 97887
2026/07/08 15:37:45.004, 1, 0, 87488, 97887
2026/07/08 15:37:45.025, 2, 100, 69544, 97887
2026/07/08 15:37:45.043, 3, 100, 68360, 97887
2026/07/08 15:37:45.070, 4, 0, 4, 97887
2026/07/08 15:37:45.086, 5, 0, 4, 97887
2026/07/08 15:37:45.104, 6, 0, 4, 97887
2026/07/08 15:37:45.126, 7, 0, 4, 97887
2026/07/08 15:37:46.153, 0, 0, 85456, 97887
2026/07/08 15:37:46.171, 1, 0, 87488, 97887
2026/07/08 15:37:46.188, 2, 100, 69544, 97887
2026/07/08 15:37:46.203, 3, 100, 68360, 97887
2026/07/08 15:37:46.220, 4, 0, 4, 97887
2026/07/08 15:37:46.236, 5, 0, 4, 97887
2026/07/08 15:37:46.253, 6, 0, 4, 97887
2026/07/08 15:37:46.269, 7, 0, 4, 97887
2026/07/08 15:37:47.287, 0, 0, 85456, 97887
2026/07/08 15:37:47.303, 1, 0, 87488, 97887
2026/07/08 15:37:47.320, 2, 100, 69544, 97887
2026/07/08 15:37:47.337, 3, 100, 68360, 97887
2026/07/08 15:37:47.355, 4, 0, 4, 97887
2026/07/08 15:37:47.373, 5, 0, 4, 97887
2026/07/08 15:37:47.391, 6, 0, 4, 97887
2026/07/08 15:37:47.409, 7, 0, 4, 97887
2026/07/08 15:37:48.426, 0, 0, 85456, 97887
2026/07/08 15:37:48.442, 1, 0, 87488, 97887
2026/07/08 15:37:48.458, 2, 100, 69544, 97887
2026/07/08 15:37:48.471, 3, 100, 68360, 97887
2026/07/08 15:37:48.488, 4, 0, 4, 97887
2026/07/08 15:37:48.505, 5, 0, 4, 97887
2026/07/08 15:37:48.524, 6, 0, 4, 97887
2026/07/08 15:37:48.541, 7, 0, 4, 97887
2026/07/08 15:37:49.559, 0, 0, 85456, 97887
2026/07/08 15:37:49.578, 1, 0, 87488, 97887
2026/07/08 15:37:49.599, 2, 100, 69544, 97887
2026/07/08 15:37:49.619, 3, 100, 68360, 97887
2026/07/08 15:37:49.636, 4, 0, 4, 97887
2026/07/08 15:37:49.654, 5, 0, 4, 97887
2026/07/08 15:37:49.674, 6, 0, 4, 97887
2026/07/08 15:37:49.692, 7, 0, 4, 97887
2026/07/08 15:37:50.711, 0, 0, 85456, 97887
2026/07/08 15:37:50.741, 1, 0, 87488, 97887
2026/07/08 15:37:50.756, 2, 100, 69544, 97887
2026/07/08 15:37:50.773, 3, 100, 68360, 97887
2026/07/08 15:37:50.792, 4, 0, 4, 97887
2026/07/08 15:37:50.816, 5, 0, 4, 97887
2026/07/08 15:37:50.835, 6, 0, 4, 97887
2026/07/08 15:37:50.859, 7, 0, 4, 97887
2026/07/08 15:37:51.886, 0, 0, 85456, 97887
2026/07/08 15:37:51.903, 1, 0, 87488, 97887
2026/07/08 15:37:51.918, 2, 100, 69544, 97887
2026/07/08 15:37:51.932, 3, 100, 68360, 97887
2026/07/08 15:37:51.948, 4, 0, 4, 97887
2026/07/08 15:37:51.962, 5, 0, 4, 97887
2026/07/08 15:37:51.975, 6, 0, 4, 97887
2026/07/08 15:37:51.990, 7, 0, 4, 97887
2026/07/08 15:37:53.006, 0, 0, 85456, 97887
2026/07/08 15:37:53.021, 1, 0, 87488, 97887
2026/07/08 15:37:53.039, 2, 100, 69544, 97887
2026/07/08 15:37:53.056, 3, 100, 68360, 97887
2026/07/08 15:37:53.071, 4, 0, 4, 97887
2026/07/08 15:37:53.085, 5, 0, 4, 97887
2026/07/08 15:37:53.102, 6, 0, 4, 97887
2026/07/08 15:37:53.117, 7, 0, 4, 97887
2026/07/08 15:37:54.133, 0, 0, 85456, 97887
2026/07/08 15:37:54.150, 1, 0, 87488, 97887
2026/07/08 15:37:54.168, 2, 100, 69544, 97887
2026/07/08 15:37:54.185, 3, 100, 68360, 97887
2026/07/08 15:37:54.202, 4, 0, 4, 97887
2026/07/08 15:37:54.218, 5, 0, 4, 97887
2026/07/08 15:37:54.234, 6, 0, 4, 97887
2026/07/08 15:37:54.249, 7, 0, 4, 97887
2026/07/08 15:37:55.265, 0, 0, 85456, 97887
2026/07/08 15:37:55.286, 1, 0, 87488, 97887
2026/07/08 15:37:55.306, 2, 100, 69544, 97887
2026/07/08 15:37:55.323, 3, 100, 68360, 97887
2026/07/08 15:37:55.341, 4, 0, 4, 97887
2026/07/08 15:37:55.361, 5, 0, 4, 97887
2026/07/08 15:37:55.380, 6, 0, 4, 97887
2026/07/08 15:37:55.400, 7, 0, 4, 97887
2026/07/08 15:37:56.418, 0, 0, 85456, 97887
2026/07/08 15:37:56.435, 1, 0, 87488, 97887
2026/07/08 15:37:56.451, 2, 100, 69544, 97887
2026/07/08 15:37:56.470, 3, 100, 68360, 97887
2026/07/08 15:37:56.486, 4, 0, 4, 97887
2026/07/08 15:37:56.508, 5, 0, 4, 97887
2026/07/08 15:37:56.526, 6, 0, 4, 97887
2026/07/08 15:37:56.543, 7, 0, 4, 97887
2026/07/08 15:37:57.561, 0, 0, 85456, 97887
2026/07/08 15:37:57.583, 1, 0, 87488, 97887
2026/07/08 15:37:57.601, 2, 100, 69520, 97887
2026/07/08 15:37:57.619, 3, 100, 68332, 97887
2026/07/08 15:37:57.637, 4, 0, 4, 97887
2026/07/08 15:37:57.655, 5, 0, 4, 97887
2026/07/08 15:37:57.673, 6, 0, 4, 97887
2026/07/08 15:37:57.693, 7, 0, 4, 97887
2026/07/08 15:37:58.711, 0, 0, 85456, 97887
2026/07/08 15:37:58.728, 1, 0, 87488, 97887
2026/07/08 15:37:58.743, 2, 100, 69346, 97887
2026/07/08 15:37:58.758, 3, 100, 68162, 97887
2026/07/08 15:37:58.774, 4, 0, 4, 97887
2026/07/08 15:37:58.790, 5, 0, 4, 97887
2026/07/08 15:37:58.804, 6, 0, 4, 97887
2026/07/08 15:37:58.820, 7, 0, 4, 97887
2026/07/08 15:37:59.836, 0, 0, 85456, 97887
2026/07/08 15:37:59.857, 1, 0, 87488, 97887
2026/07/08 15:37:59.876, 2, 100, 69346, 97887
2026/07/08 15:37:59.895, 3, 100, 68162, 97887
2026/07/08 15:37:59.914, 4, 0, 4, 97887
2026/07/08 15:37:59.933, 5, 0, 4, 97887
2026/07/08 15:37:59.951, 6, 0, 4, 97887
2026/07/08 15:37:59.971, 7, 0, 4, 97887
2026/07/08 15:38:00.989, 0, 0, 85456, 97887
2026/07/08 15:38:01.005, 1, 0, 87488, 97887
2026/07/08 15:38:01.021, 2, 100, 69346, 97887
2026/07/08 15:38:01.038, 3, 100, 68162, 97887
2026/07/08 15:38:01.053, 4, 0, 4, 97887
2026/07/08 15:38:01.071, 5, 0, 4, 97887
2026/07/08 15:38:01.087, 6, 0, 4, 97887
2026/07/08 15:38:01.104, 7, 0, 4, 97887
2026/07/08 15:38:02.122, 0, 0, 85456, 97887
2026/07/08 15:38:12.009, 1, 0, 87488, 97887
2026/07/08 15:38:12.029, 2, 100, 4, 97887
2026/07/08 15:38:12.068, 3, 100, 4, 97887
2026/07/08 15:38:12.091, 4, 0, 4, 97887
2026/07/08 15:38:12.119, 5, 0, 4, 97887
2026/07/08 15:38:12.134, 6, 0, 4, 97887
2026/07/08 15:38:12.154, 7, 0, 4, 97887
2026/07/08 15:38:13.187, 0, 0, 85456, 97887
2026/07/08 15:38:13.202, 1, 0, 87488, 97887
2026/07/08 15:38:13.217, 2, 100, 4, 97887
2026/07/08 15:38:13.234, 3, 100, 4, 97887
2026/07/08 15:38:13.247, 4, 0, 4, 97887
2026/07/08 15:38:13.262, 5, 0, 4, 97887
2026/07/08 15:38:13.277, 6, 0, 4, 97887
2026/07/08 15:38:13.292, 7, 0, 4, 97887
2026/07/08 15:38:14.307, 0, 0, 85456, 97887
2026/07/08 15:38:14.324, 1, 0, 87488, 97887
2026/07/08 15:38:14.343, 2, 100, 4, 97887
2026/07/08 15:38:14.361, 3, 100, 4, 97887
2026/07/08 15:38:14.378, 4, 0, 4, 97887
2026/07/08 15:38:14.395, 5, 0, 4, 97887
2026/07/08 15:38:14.410, 6, 0, 4, 97887
2026/07/08 15:38:14.426, 7, 0, 4, 97887
2026/07/08 15:38:15.441, 0, 0, 85456, 97887
2026/07/08 15:38:15.459, 1, 0, 87488, 97887
2026/07/08 15:38:15.475, 2, 100, 4, 97887
2026/07/08 15:38:15.493, 3, 100, 4, 97887
2026/07/08 15:38:15.510, 4, 0, 4, 97887
2026/07/08 15:38:15.526, 5, 0, 4, 97887
2026/07/08 15:38:15.545, 6, 0, 4, 97887
2026/07/08 15:38:15.564, 7, 0, 4, 97887
2026/07/08 15:38:16.583, 0, 0, 85456, 97887
2026/07/08 15:38:16.604, 1, 0, 87488, 97887
2026/07/08 15:38:16.624, 2, 100, 4, 97887
2026/07/08 15:38:16.643, 3, 100, 4, 97887
2026/07/08 15:38:16.661, 4, 0, 4, 97887
2026/07/08 15:38:16.679, 5, 0, 4, 97887
2026/07/08 15:38:16.697, 6, 0, 4, 97887
2026/07/08 15:38:16.716, 7, 0, 4, 97887
2026/07/08 15:38:17.734, 0, 0, 85456, 97887
2026/07/08 15:38:17.754, 1, 0, 87488, 97887
2026/07/08 15:38:17.777, 2, 100, 4, 97887
2026/07/08 15:38:17.797, 3, 100, 4, 97887
2026/07/08 15:38:17.817, 4, 0, 4, 97887
2026/07/08 15:38:17.833, 5, 0, 4, 97887
2026/07/08 15:38:17.850, 6, 0, 4, 97887
2026/07/08 15:38:17.878, 7, 0, 4, 97887
2026/07/08 15:38:18.895, 0, 0, 85456, 97887
2026/07/08 15:38:18.914, 1, 0, 87488, 97887
2026/07/08 15:38:18.934, 2, 100, 4, 97887
2026/07/08 15:38:18.952, 3, 100, 4, 97887
2026/07/08 15:38:18.970, 4, 0, 4, 97887
2026/07/08 15:38:18.989, 5, 0, 4, 97887
2026/07/08 15:38:19.007, 6, 0, 4, 97887
2026/07/08 15:38:19.024, 7, 0, 4, 97887
2026/07/08 15:38:20.042, 0, 0, 85456, 97887
2026/07/08 15:38:20.063, 1, 0, 87488, 97887
2026/07/08 15:38:20.080, 2, 100, 4, 97887
2026/07/08 15:38:20.096, 3, 100, 4, 97887
2026/07/08 15:38:20.110, 4, 0, 4, 97887
2026/07/08 15:38:20.126, 5, 0, 4, 97887
2026/07/08 15:38:20.142, 6, 0, 4, 97887
2026/07/08 15:38:20.158, 7, 0, 4, 97887
2026/07/08 15:38:21.176, 0, 0, 85456, 97887
2026/07/08 15:38:21.196, 1, 0, 87488, 97887
2026/07/08 15:38:21.212, 2, 100, 4, 97887
2026/07/08 15:38:21.228, 3, 100, 4, 97887
2026/07/08 15:38:21.247, 4, 0, 4, 97887
2026/07/08 15:38:21.266, 5, 0, 4, 97887
2026/07/08 15:38:21.286, 6, 0, 4, 97887
2026/07/08 15:38:21.303, 7, 0, 4, 97887
2026/07/08 15:38:22.321, 0, 0, 85456, 97887
2026/07/08 15:38:22.336, 1, 0, 87488, 97887
2026/07/08 15:38:22.349, 2, 100, 4, 97887
2026/07/08 15:38:22.366, 3, 100, 4, 97887
2026/07/08 15:38:22.383, 4, 0, 4, 97887
2026/07/08 15:38:22.399, 5, 0, 4, 97887
2026/07/08 15:38:22.415, 6, 0, 4, 97887
2026/07/08 15:38:22.433, 7, 0, 4, 97887
2026/07/08 15:38:23.450, 0, 0, 85456, 97887
2026/07/08 15:38:23.471, 1, 0, 87488, 97887
2026/07/08 15:38:23.492, 2, 100, 4, 97887
2026/07/08 15:38:23.509, 3, 100, 4, 97887
2026/07/08 15:38:23.529, 4, 0, 4, 97887
2026/07/08 15:38:23.547, 5, 0, 4, 97887
2026/07/08 15:38:23.566, 6, 0, 4, 97887
2026/07/08 15:38:23.583, 7, 0, 4, 97887
2026/07/08 15:38:24.597, 0, 0, 85456, 97887
2026/07/08 15:38:24.615, 1, 0, 87488, 97887
2026/07/08 15:38:24.633, 2, 100, 4, 97887
2026/07/08 15:38:24.649, 3, 100, 4, 97887
2026/07/08 15:38:24.669, 4, 0, 4, 97887
2026/07/08 15:38:24.686, 5, 0, 4, 97887
2026/07/08 15:38:24.703, 6, 0, 4, 97887
2026/07/08 15:38:24.722, 7, 0, 4, 97887
2026/07/08 15:38:25.741, 0, 0, 85456, 97887
2026/07/08 15:38:25.759, 1, 0, 87488, 97887
2026/07/08 15:38:25.773, 2, 100, 4, 97887
2026/07/08 15:38:25.787, 3, 100, 4, 97887
2026/07/08 15:38:25.803, 4, 0, 4, 97887
2026/07/08 15:38:25.823, 5, 0, 4, 97887
2026/07/08 15:38:25.842, 6, 0, 4, 97887
2026/07/08 15:38:25.859, 7, 0, 4, 97887
2026/07/08 15:38:26.879, 0, 0, 85456, 97887
2026/07/08 15:38:26.896, 1, 0, 87488, 97887
2026/07/08 15:38:26.914, 2, 100, 4, 97887
2026/07/08 15:38:26.931, 3, 100, 4, 97887
2026/07/08 15:38:26.948, 4, 0, 4, 97887
2026/07/08 15:38:26.963, 5, 0, 4, 97887
2026/07/08 15:38:26.974, 6, 0, 4, 97887
2026/07/08 15:38:26.990, 7, 0, 4, 97887
2026/07/08 15:38:28.005, 0, 0, 85456, 97887
2026/07/08 15:38:28.024, 1, 0, 87488, 97887
2026/07/08 15:38:28.040, 2, 100, 4, 97887
2026/07/08 15:38:28.056, 3, 100, 4, 97887
2026/07/08 15:38:28.072, 4, 0, 4, 97887
2026/07/08 15:38:28.087, 5, 0, 4, 97887
2026/07/08 15:38:28.104, 6, 0, 4, 97887
2026/07/08 15:38:28.122, 7, 0, 4, 97887
2026/07/08 15:38:29.139, 0, 0, 85456, 97887
2026/07/08 15:38:29.163, 1, 0, 87488, 97887
2026/07/08 15:38:29.185, 2, 100, 3, 97887
2026/07/08 15:38:29.209, 3, 100, 3, 97887
2026/07/08 15:38:29.230, 4, 0, 3, 97887
2026/07/08 15:38:29.255, 5, 0, 3, 97887
2026/07/08 15:38:29.275, 6, 0, 3, 97887
2026/07/08 15:38:29.299, 7, 0, 3, 97887
2026/07/08 15:38:30.315, 0, 0, 85456, 97887
2026/07/08 15:38:30.333, 1, 0, 87488, 97887
2026/07/08 15:38:30.350, 2, 100, 3, 97887
2026/07/08 15:38:30.367, 3, 100, 3, 97887
2026/07/08 15:38:30.383, 4, 0, 3, 97887
2026/07/08 15:38:30.400, 5, 0, 3, 97887
2026/07/08 15:38:30.417, 6, 0, 3, 97887
2026/07/08 15:38:30.431, 7, 0, 3, 97887
2026/07/08 15:38:31.452, 0, 0, 85456, 97887
2026/07/08 15:38:31.471, 1, 0, 87488, 97887
2026/07/08 15:38:31.489, 2, 100, 3, 97887
2026/07/08 15:38:31.506, 3, 100, 3, 97887
2026/07/08 15:38:31.523, 4, 0, 3, 97887
2026/07/08 15:38:31.540, 5, 0, 3, 97887
2026/07/08 15:38:31.560, 6, 0, 3, 97887
2026/07/08 15:38:31.578, 7, 0, 3, 97887
2026/07/08 15:38:32.597, 0, 0, 85456, 97887
2026/07/08 15:38:32.612, 1, 0, 87488, 97887
2026/07/08 15:38:32.629, 2, 100, 3, 97887
2026/07/08 15:38:32.647, 3, 100, 3, 97887
2026/07/08 15:38:32.663, 4, 0, 3, 97887
2026/07/08 15:38:32.682, 5, 0, 3, 97887
2026/07/08 15:38:32.700, 6, 0, 3, 97887
2026/07/08 15:38:32.718, 7, 0, 3, 97887
2026/07/08 15:38:33.739, 0, 0, 85456, 97887
2026/07/08 15:38:33.757, 1, 0, 87488, 97887
2026/07/08 15:38:33.772, 2, 100, 3, 97887
2026/07/08 15:38:33.789, 3, 100, 3, 97887
2026/07/08 15:38:33.808, 4, 0, 3, 97887
2026/07/08 15:38:33.824, 5, 0, 3, 97887
2026/07/08 15:38:33.838, 6, 0, 3, 97887
2026/07/08 15:38:33.858, 7, 0, 3, 97887
2026/07/08 15:38:34.874, 0, 0, 85456, 97887
2026/07/08 15:38:34.896, 1, 0, 87488, 97887
2026/07/08 15:38:34.922, 2, 100, 3, 97887
2026/07/08 15:38:34.949, 3, 100, 3, 97887
2026/07/08 15:38:34.966, 4, 0, 3, 97887
2026/07/08 15:38:34.983, 5, 0, 3, 97887
2026/07/08 15:38:35.001, 6, 0, 3, 97887
2026/07/08 15:38:35.019, 7, 0, 3, 97887
2026/07/08 15:38:36.038, 0, 0, 85456, 97887
2026/07/08 15:38:36.056, 1, 0, 87488, 97887
2026/07/08 15:38:36.073, 2, 100, 3, 97887
2026/07/08 15:38:36.090, 3, 100, 3, 97887
2026/07/08 15:38:36.104, 4, 0, 3, 97887
2026/07/08 15:38:36.122, 5, 0, 3, 97887
2026/07/08 15:38:36.142, 6, 0, 3, 97887
2026/07/08 15:38:36.160, 7, 0, 3, 97887
2026/07/08 15:38:37.180, 0, 0, 85456, 97887
2026/07/08 15:38:37.195, 1, 0, 87488, 97887
2026/07/08 15:38:37.212, 2, 100, 3, 97887
2026/07/08 15:38:37.229, 3, 100, 3, 97887
2026/07/08 15:38:37.248, 4, 0, 3, 97887
2026/07/08 15:38:37.266, 5, 0, 3, 97887
2026/07/08 15:38:37.284, 6, 0, 3, 97887
2026/07/08 15:38:37.301, 7, 0, 3, 97887
2026/07/08 15:38:38.319, 0, 0, 85456, 97887
2026/07/08 15:38:38.337, 1, 0, 87488, 97887
2026/07/08 15:38:38.354, 2, 100, 3, 97887
2026/07/08 15:38:38.368, 3, 100, 3, 97887
2026/07/08 15:38:38.386, 4, 0, 3, 97887
2026/07/08 15:38:38.403, 5, 0, 3, 97887
2026/07/08 15:38:38.422, 6, 0, 3, 97887
2026/07/08 15:38:38.440, 7, 0, 3, 97887
2026/07/08 15:38:39.459, 0, 0, 85456, 97887
2026/07/08 15:38:39.477, 1, 0, 87488, 97887
2026/07/08 15:38:39.496, 2, 100, 3, 97887
2026/07/08 15:38:39.515, 3, 100, 3, 97887
2026/07/08 15:38:39.534, 4, 0, 3, 97887
2026/07/08 15:38:39.551, 5, 0, 3, 97887
2026/07/08 15:38:39.570, 6, 0, 3, 97887
2026/07/08 15:38:39.589, 7, 0, 3, 97887
2026/07/08 15:38:40.607, 0, 0, 85456, 97887
2026/07/08 15:38:40.628, 1, 0, 87488, 97887
2026/07/08 15:38:40.645, 2, 100, 3, 97887
2026/07/08 15:38:40.664, 3, 100, 3, 97887
2026/07/08 15:38:40.683, 4, 0, 3, 97887
2026/07/08 15:38:40.703, 5, 0, 3, 97887
2026/07/08 15:38:40.721, 6, 0, 3, 97887
2026/07/08 15:38:40.740, 7, 0, 3, 97887
2026/07/08 15:38:41.758, 0, 0, 85456, 97887
2026/07/08 15:38:41.776, 1, 0, 87488, 97887
2026/07/08 15:38:41.791, 2, 100, 3, 97887
2026/07/08 15:38:41.806, 3, 100, 3, 97887
2026/07/08 15:38:41.821, 4, 0, 3, 97887
2026/07/08 15:38:41.835, 5, 0, 3, 97887
2026/07/08 15:38:41.847, 6, 0, 3, 97887
2026/07/08 15:38:41.864, 7, 0, 3, 97887
2026/07/08 15:38:42.885, 0, 0, 85456, 97887
2026/07/08 15:38:42.904, 1, 0, 87488, 97887
2026/07/08 15:38:42.922, 2, 100, 3, 97887
2026/07/08 15:38:42.941, 3, 100, 3, 97887
2026/07/08 15:38:42.958, 4, 0, 3, 97887
2026/07/08 15:38:42.976, 5, 0, 3, 97887
2026/07/08 15:38:42.995, 6, 0, 3, 97887
2026/07/08 15:38:43.014, 7, 0, 3, 97887
2026/07/08 15:38:44.032, 0, 0, 85456, 97887
2026/07/08 15:38:44.052, 1, 0, 87488, 97887
2026/07/08 15:38:44.067, 2, 100, 3, 97887
2026/07/08 15:38:44.081, 3, 100, 3, 97887
2026/07/08 15:38:44.096, 4, 0, 3, 97887
2026/07/08 15:38:44.111, 5, 0, 3, 97887
2026/07/08 15:38:44.128, 6, 0, 3, 97887
2026/07/08 15:38:44.147, 7, 0, 3, 97887
2026/07/08 15:38:45.164, 0, 0, 85456, 97887
2026/07/08 15:38:45.184, 1, 0, 87488, 97887
2026/07/08 15:38:45.204, 2, 100, 3, 97887
2026/07/08 15:38:45.223, 3, 100, 3, 97887
2026/07/08 15:38:45.241, 4, 0, 3, 97887
2026/07/08 15:38:45.258, 5, 0, 3, 97887
2026/07/08 15:38:45.276, 6, 0, 3, 97887
2026/07/08 15:38:45.295, 7, 0, 3, 97887
2026/07/08 15:38:46.313, 0, 0, 85456, 97887
2026/07/08 15:38:46.333, 1, 0, 87488, 97887
2026/07/08 15:38:46.352, 2, 100, 3, 97887
2026/07/08 15:38:46.372, 3, 100, 3, 97887
2026/07/08 15:38:46.391, 4, 0, 3, 97887
2026/07/08 15:38:46.410, 5, 0, 3, 97887
2026/07/08 15:38:46.430, 6, 0, 3, 97887
2026/07/08 15:38:46.450, 7, 0, 3, 97887
2026/07/08 15:38:47.469, 0, 0, 85456, 97887
2026/07/08 15:38:47.489, 1, 0, 87488, 97887
2026/07/08 15:38:47.506, 2, 100, 3, 97887
2026/07/08 15:38:47.524, 3, 100, 3, 97887
2026/07/08 15:38:47.541, 4, 0, 3, 97887
2026/07/08 15:38:47.559, 5, 0, 3, 97887
2026/07/08 15:38:47.579, 6, 0, 3, 97887
2026/07/08 15:38:47.599, 7, 0, 3, 97887
2026/07/08 15:38:48.614, 0, 0, 85456, 97887
2026/07/08 15:38:48.630, 1, 0, 87488, 97887
2026/07/08 15:38:48.648, 2, 100, 3, 97887
2026/07/08 15:38:48.666, 3, 100, 3, 97887
2026/07/08 15:38:48.683, 4, 0, 3, 97887
2026/07/08 15:38:48.701, 5, 0, 3, 97887
2026/07/08 15:38:48.717, 6, 0, 3, 97887
2026/07/08 15:38:48.736, 7, 0, 3, 97887
2026/07/08 15:38:49.755, 0, 0, 85456, 97887
2026/07/08 15:38:49.771, 1, 0, 87488, 97887
2026/07/08 15:38:49.789, 2, 100, 3, 97887
2026/07/08 15:38:49.807, 3, 100, 3, 97887
2026/07/08 15:38:49.824, 4, 0, 3, 97887
2026/07/08 15:38:49.840, 5, 0, 3, 97887
2026/07/08 15:38:49.855, 6, 0, 3, 97887
2026/07/08 15:38:49.870, 7, 0, 3, 97887
2026/07/08 15:38:50.887, 0, 0, 85456, 97887
2026/07/08 15:38:50.901, 1, 0, 87488, 97887
2026/07/08 15:38:50.913, 2, 100, 3, 97887
2026/07/08 15:38:50.927, 3, 100, 3, 97887
2026/07/08 15:38:50.942, 4, 0, 3, 97887
2026/07/08 15:38:50.957, 5, 0, 3, 97887
2026/07/08 15:38:50.973, 6, 0, 3, 97887
2026/07/08 15:38:50.990, 7, 0, 3, 97887
2026/07/08 15:38:52.005, 0, 0, 85456, 97887
2026/07/08 15:38:52.023, 1, 0, 87488, 97887
2026/07/08 15:38:52.040, 2, 100, 3, 97887
2026/07/08 15:38:52.056, 3, 100, 3, 97887
2026/07/08 15:38:52.073, 4, 0, 3, 97887
2026/07/08 15:38:52.090, 5, 0, 3, 97887
2026/07/08 15:38:52.106, 6, 0, 3, 97887
2026/07/08 15:38:52.123, 7, 0, 3, 97887
2026/07/08 15:38:53.141, 0, 0, 85456, 97887
2026/07/08 15:38:53.157, 1, 0, 87488, 97887
2026/07/08 15:38:53.173, 2, 100, 3, 97887
2026/07/08 15:38:53.188, 3, 100, 3, 97887
2026/07/08 15:38:53.206, 4, 0, 3, 97887
2026/07/08 15:38:53.222, 5, 0, 3, 97887
2026/07/08 15:38:53.239, 6, 0, 3, 97887
2026/07/08 15:38:53.254, 7, 0, 3, 97887
2026/07/08 15:38:54.270, 0, 0, 85456, 97887
2026/07/08 15:38:54.291, 1, 0, 87488, 97887
2026/07/08 15:38:54.311, 2, 100, 3, 97887
2026/07/08 15:38:54.328, 3, 100, 3, 97887
2026/07/08 15:38:54.345, 4, 0, 3, 97887
2026/07/08 15:38:54.361, 5, 0, 3, 97887
2026/07/08 15:38:54.379, 6, 0, 3, 97887
2026/07/08 15:38:54.398, 7, 0, 3, 97887
2026/07/08 15:38:55.417, 0, 0, 85456, 97887
2026/07/08 15:38:55.433, 1, 0, 87488, 97887
2026/07/08 15:38:55.447, 2, 100, 3, 97887
2026/07/08 15:38:55.463, 3, 100, 3, 97887
2026/07/08 15:38:55.479, 4, 0, 3, 97887
2026/07/08 15:38:55.496, 5, 0, 3, 97887
2026/07/08 15:38:55.511, 6, 0, 3, 97887
2026/07/08 15:38:55.526, 7, 0, 3, 97887
2026/07/08 15:38:56.542, 0, 0, 85456, 97887
2026/07/08 15:38:56.558, 1, 0, 87488, 97887
2026/07/08 15:38:56.575, 2, 100, 3, 97887
2026/07/08 15:38:56.590, 3, 100, 3, 97887
2026/07/08 15:38:56.603, 4, 0, 3, 97887
2026/07/08 15:38:56.616, 5, 0, 3, 97887
2026/07/08 15:38:56.632, 6, 0, 3, 97887
2026/07/08 15:38:56.648, 7, 0, 3, 97887
2026/07/08 15:38:57.665, 0, 0, 85456, 97887
2026/07/08 15:38:57.683, 1, 0, 87488, 97887
2026/07/08 15:38:57.698, 2, 100, 3, 97887
2026/07/08 15:38:57.715, 3, 100, 3, 97887
2026/07/08 15:38:57.730, 4, 0, 3, 97887
2026/07/08 15:38:57.745, 5, 0, 3, 97887
2026/07/08 15:38:57.761, 6, 0, 3, 97887
2026/07/08 15:38:57.777, 7, 0, 3, 97887
2026/07/08 15:38:58.794, 0, 0, 85456, 97887
2026/07/08 15:38:58.809, 1, 0, 87488, 97887
2026/07/08 15:38:58.826, 2, 100, 3, 97887
2026/07/08 15:38:58.841, 3, 100, 3, 97887
2026/07/08 15:38:58.855, 4, 0, 3, 97887
2026/07/08 15:38:58.872, 5, 0, 3, 97887
2026/07/08 15:38:58.888, 6, 0, 3, 97887
2026/07/08 15:38:58.905, 7, 0, 3, 97887
2026/07/08 15:38:59.922, 0, 0, 85456, 97887
2026/07/08 15:38:59.943, 1, 0, 87488, 97887
2026/07/08 15:38:59.962, 2, 100, 3, 97887
2026/07/08 15:38:59.983, 3, 100, 3, 97887
2026/07/08 15:39:00.002, 4, 0, 3, 97887
2026/07/08 15:39:00.021, 5, 0, 3, 97887
2026/07/08 15:39:00.041, 6, 0, 3, 97887
2026/07/08 15:39:00.058, 7, 0, 3, 97887
2026/07/08 15:39:01.078, 0, 0, 85456, 97887
2026/07/08 15:39:01.098, 1, 0, 87488, 97887
2026/07/08 15:39:01.118, 2, 100, 3, 97887
2026/07/08 15:39:01.137, 3, 100, 3, 97887
2026/07/08 15:39:01.154, 4, 0, 3, 97887
2026/07/08 15:39:01.172, 5, 0, 3, 97887
2026/07/08 15:39:01.189, 6, 0, 3, 97887
2026/07/08 15:39:01.205, 7, 0, 3, 97887
2026/07/08 15:39:02.220, 0, 0, 85456, 97887
2026/07/08 15:39:02.239, 1, 0, 87488, 97887
2026/07/08 15:39:02.264, 2, 100, 3, 97887
2026/07/08 15:39:02.285, 3, 100, 3, 97887
2026/07/08 15:39:02.307, 4, 0, 3, 97887
2026/07/08 15:39:02.321, 5, 0, 3, 97887
2026/07/08 15:39:02.336, 6, 0, 3, 97887
2026/07/08 15:39:02.355, 7, 0, 3, 97887
2026/07/08 15:39:03.371, 0, 0, 85456, 97887
2026/07/08 15:39:03.388, 1, 0, 87488, 97887
2026/07/08 15:39:03.407, 2, 100, 3, 97887
2026/07/08 15:39:03.422, 3, 100, 3, 97887
2026/07/08 15:39:03.438, 4, 0, 3, 97887
2026/07/08 15:39:03.457, 5, 0, 3, 97887
2026/07/08 15:39:03.473, 6, 0, 3, 97887
2026/07/08 15:39:03.488, 7, 0, 3, 97887
2026/07/08 15:39:04.505, 0, 0, 85456, 97887
2026/07/08 15:39:04.526, 1, 0, 87488, 97887
2026/07/08 15:39:04.536, 2, 100, 3, 97887
2026/07/08 15:39:04.552, 3, 100, 3, 97887
2026/07/08 15:39:04.565, 4, 0, 3, 97887
2026/07/08 15:39:04.582, 5, 0, 3, 97887
2026/07/08 15:39:04.600, 6, 0, 3, 97887
2026/07/08 15:39:04.616, 7, 0, 3, 97887
2026/07/08 15:39:05.632, 0, 0, 85456, 97887
2026/07/08 15:39:05.653, 1, 0, 87488, 97887
2026/07/08 15:39:05.666, 2, 100, 3, 97887
2026/07/08 15:39:05.685, 3, 100, 3, 97887
2026/07/08 15:39:05.702, 4, 0, 3, 97887
2026/07/08 15:39:05.719, 5, 0, 3, 97887
2026/07/08 15:39:05.740, 6, 0, 3, 97887
2026/07/08 15:39:05.761, 7, 0, 3, 97887
2026/07/08 15:39:06.778, 0, 0, 85456, 97887
2026/07/08 15:39:06.797, 1, 0, 87488, 97887
2026/07/08 15:39:06.814, 2, 100, 3, 97887
2026/07/08 15:39:06.835, 3, 100, 3, 97887
2026/07/08 15:39:06.853, 4, 0, 3, 97887
2026/07/08 15:39:06.872, 5, 0, 3, 97887
2026/07/08 15:39:06.891, 6, 0, 3, 97887
2026/07/08 15:39:06.907, 7, 0, 3, 97887
2026/07/08 15:39:07.927, 0, 0, 85456, 97887
2026/07/08 15:39:07.955, 1, 0, 87488, 97887
2026/07/08 15:39:07.972, 2, 100, 3, 97887
2026/07/08 15:39:07.991, 3, 100, 3, 97887
2026/07/08 15:39:08.013, 4, 0, 3, 97887
2026/07/08 15:39:08.031, 5, 0, 3, 97887
2026/07/08 15:39:08.052, 6, 0, 3, 97887
2026/07/08 15:39:08.069, 7, 0, 3, 97887
2026/07/08 15:39:09.091, 0, 0, 85456, 97887
2026/07/08 15:39:09.109, 1, 0, 87488, 97887
2026/07/08 15:39:09.130, 2, 100, 3, 97887
2026/07/08 15:39:09.147, 3, 100, 3, 97887
2026/07/08 15:39:09.166, 4, 0, 3, 97887
2026/07/08 15:39:09.185, 5, 0, 3, 97887
2026/07/08 15:39:09.203, 6, 0, 3, 97887
2026/07/08 15:39:09.219, 7, 0, 3, 97887
2026/07/08 15:39:10.237, 0, 0, 85456, 97887
2026/07/08 15:39:10.252, 1, 0, 87488, 97887
2026/07/08 15:39:10.265, 2, 100, 3, 97887
2026/07/08 15:39:10.281, 3, 100, 3, 97887
2026/07/08 15:39:10.295, 4, 0, 3, 97887
2026/07/08 15:39:10.311, 5, 0, 3, 97887
2026/07/08 15:39:10.327, 6, 0, 3, 97887
2026/07/08 15:39:10.342, 7, 0, 3, 97887
2026/07/08 15:39:11.358, 0, 0, 85456, 97887
2026/07/08 15:39:11.376, 1, 0, 87488, 97887
2026/07/08 15:39:11.392, 2, 100, 3, 97887
2026/07/08 15:39:11.407, 3, 100, 3, 97887
2026/07/08 15:39:11.421, 4, 0, 3, 97887
2026/07/08 15:39:11.434, 5, 0, 3, 97887
2026/07/08 15:39:11.448, 6, 0, 3, 97887
2026/07/08 15:39:11.464, 7, 0, 3, 97887
2026/07/08 15:39:12.480, 0, 0, 85456, 97887
2026/07/08 15:39:12.497, 1, 0, 87488, 97887
2026/07/08 15:39:12.512, 2, 100, 3, 97887
2026/07/08 15:39:12.520, 3, 100, 3, 97887
2026/07/08 15:39:12.530, 4, 0, 3, 97887
2026/07/08 15:39:12.541, 5, 0, 3, 97887
2026/07/08 15:39:12.552, 6, 0, 3, 97887
2026/07/08 15:39:12.567, 7, 0, 3, 97887
2026/07/08 15:39:13.584, 0, 0, 85456, 97887
2026/07/08 15:39:13.607, 1, 0, 87488, 97887
2026/07/08 15:39:13.629, 2, 100, 3, 97887
2026/07/08 15:39:13.650, 3, 100, 3, 97887
2026/07/08 15:39:13.666, 4, 0, 3, 97887
2026/07/08 15:39:13.681, 5, 0, 3, 97887
2026/07/08 15:39:13.702, 6, 0, 3, 97887
2026/07/08 15:39:13.721, 7, 0, 3, 97887
2026/07/08 15:39:14.741, 0, 0, 85456, 97887
2026/07/08 15:39:14.756, 1, 0, 87488, 97887
2026/07/08 15:39:14.771, 2, 100, 3, 97887
2026/07/08 15:39:14.786, 3, 100, 3, 97887
2026/07/08 15:39:14.800, 4, 0, 3, 97887
2026/07/08 15:39:14.813, 5, 0, 3, 97887
2026/07/08 15:39:14.828, 6, 0, 3, 97887
2026/07/08 15:39:14.842, 7, 0, 3, 97887
2026/07/08 15:39:15.855, 0, 0, 85456, 97887
2026/07/08 15:39:15.876, 1, 0, 87488, 97887
2026/07/08 15:39:15.893, 2, 100, 3, 97887
2026/07/08 15:39:15.911, 3, 100, 3, 97887
2026/07/08 15:39:15.932, 4, 0, 3, 97887
2026/07/08 15:39:15.952, 5, 0, 3, 97887
2026/07/08 15:39:15.970, 6, 0, 3, 97887
2026/07/08 15:39:15.990, 7, 0, 3, 97887
2026/07/08 15:39:17.008, 0, 0, 85456, 97887
2026/07/08 15:39:17.025, 1, 0, 87488, 97887
2026/07/08 15:39:17.040, 2, 100, 3, 97887
2026/07/08 15:39:17.054, 3, 100, 3, 97887
2026/07/08 15:39:17.068, 4, 0, 3, 97887
2026/07/08 15:39:17.084, 5, 0, 3, 97887
2026/07/08 15:39:17.100, 6, 0, 3, 97887
2026/07/08 15:39:17.117, 7, 0, 3, 97887
2026/07/08 15:39:18.135, 0, 0, 85456, 97887
2026/07/08 15:39:18.152, 1, 0, 87488, 97887
2026/07/08 15:39:18.168, 2, 100, 3, 97887
2026/07/08 15:39:18.183, 3, 100, 3, 97887
2026/07/08 15:39:18.197, 4, 0, 3, 97887
2026/07/08 15:39:18.212, 5, 0, 3, 97887
2026/07/08 15:39:18.228, 6, 0, 3, 97887
2026/07/08 15:39:18.245, 7, 0, 3, 97887
2026/07/08 15:39:19.262, 0, 0, 85456, 97887
2026/07/08 15:39:19.280, 1, 0, 87488, 97887
2026/07/08 15:39:19.295, 2, 100, 3, 97887
2026/07/08 15:39:19.315, 3, 100, 3, 97887
2026/07/08 15:39:19.335, 4, 0, 3, 97887
2026/07/08 15:39:19.354, 5, 0, 3, 97887
2026/07/08 15:39:19.372, 6, 0, 3, 97887
2026/07/08 15:39:19.388, 7, 0, 3, 97887
2026/07/08 15:39:20.403, 0, 0, 85456, 97887
2026/07/08 15:39:20.421, 1, 0, 87488, 97887
2026/07/08 15:39:20.436, 2, 100, 3, 97887
2026/07/08 15:39:20.451, 3, 100, 3, 97887
2026/07/08 15:39:20.463, 4, 0, 3, 97887
2026/07/08 15:39:20.471, 5, 0, 3, 97887
2026/07/08 15:39:20.482, 6, 0, 3, 97887
2026/07/08 15:39:20.494, 7, 0, 3, 97887
2026/07/08 15:39:21.505, 0, 0, 85456, 97887
2026/07/08 15:39:21.523, 1, 0, 87488, 97887
2026/07/08 15:39:21.538, 2, 100, 3, 97887
2026/07/08 15:39:21.555, 3, 100, 3, 97887
2026/07/08 15:39:21.571, 4, 0, 3, 97887
2026/07/08 15:39:21.587, 5, 0, 3, 97887
2026/07/08 15:39:21.601, 6, 0, 3, 97887
2026/07/08 15:39:21.613, 7, 0, 3, 97887
2026/07/08 15:39:22.628, 0, 0, 85456, 97887
2026/07/08 15:39:22.646, 1, 0, 87488, 97887
2026/07/08 15:39:22.663, 2, 100, 3, 97887
2026/07/08 15:39:22.680, 3, 100, 3, 97887
2026/07/08 15:39:22.696, 4, 0, 3, 97887
2026/07/08 15:39:22.712, 5, 0, 3, 97887
2026/07/08 15:39:22.729, 6, 0, 3, 97887
2026/07/08 15:39:22.744, 7, 0, 3, 97887
2026/07/08 15:39:23.754, 0, 0, 85456, 97887
2026/07/08 15:39:23.764, 1, 0, 87488, 97887
2026/07/08 15:39:23.777, 2, 100, 3, 97887
2026/07/08 15:39:23.789, 3, 100, 3, 97887
2026/07/08 15:39:23.797, 4, 0, 3, 97887
2026/07/08 15:39:23.809, 5, 0, 3, 97887
2026/07/08 15:39:23.824, 6, 0, 3, 97887
2026/07/08 15:39:23.839, 7, 0, 3, 97887
2026/07/08 15:39:24.854, 0, 0, 85456, 97887
2026/07/08 15:39:24.872, 1, 0, 87488, 97887
2026/07/08 15:39:24.888, 2, 100, 3, 97887
2026/07/08 15:39:24.902, 3, 100, 3, 97887
2026/07/08 15:39:24.917, 4, 0, 3, 97887
2026/07/08 15:39:24.933, 5, 0, 3, 97887
2026/07/08 15:39:24.949, 6, 0, 3, 97887
2026/07/08 15:39:24.965, 7, 0, 3, 97887
2026/07/08 15:39:25.979, 0, 0, 85456, 97887
2026/07/08 15:39:25.994, 1, 0, 87488, 97887
2026/07/08 15:39:26.008, 2, 100, 3, 97887
2026/07/08 15:39:26.023, 3, 100, 3, 97887
2026/07/08 15:39:26.035, 4, 0, 3, 97887
2026/07/08 15:39:26.050, 5, 0, 3, 97887
2026/07/08 15:39:26.066, 6, 0, 3, 97887
2026/07/08 15:39:26.080, 7, 0, 3, 97887
2026/07/08 15:39:27.095, 0, 0, 85456, 97887
2026/07/08 15:39:27.110, 1, 0, 87488, 97887
2026/07/08 15:39:27.124, 2, 100, 3, 97887
2026/07/08 15:39:27.138, 3, 100, 3, 97887
2026/07/08 15:39:27.153, 4, 0, 3, 97887
2026/07/08 15:39:27.168, 5, 0, 3, 97887
2026/07/08 15:39:27.183, 6, 0, 3, 97887
2026/07/08 15:39:27.199, 7, 0, 3, 97887
2026/07/08 15:39:28.215, 0, 0, 85456, 97887
2026/07/08 15:39:28.232, 1, 0, 87488, 97887
2026/07/08 15:39:28.247, 2, 100, 3, 97887
2026/07/08 15:39:28.265, 3, 100, 3, 97887
2026/07/08 15:39:28.280, 4, 0, 3, 97887
2026/07/08 15:39:28.297, 5, 0, 3, 97887
2026/07/08 15:39:28.308, 6, 0, 3, 97887
2026/07/08 15:39:28.321, 7, 0, 3, 97887
2026/07/08 15:39:29.337, 0, 0, 85456, 97887
2026/07/08 15:39:29.355, 1, 0, 87488, 97887
2026/07/08 15:39:29.368, 2, 100, 3, 97887
2026/07/08 15:39:29.382, 3, 100, 3, 97887
2026/07/08 15:39:29.398, 4, 0, 3, 97887
2026/07/08 15:39:29.413, 5, 0, 3, 97887
2026/07/08 15:39:29.431, 6, 0, 3, 97887
2026/07/08 15:39:29.445, 7, 0, 3, 97887
2026/07/08 15:39:30.461, 0, 0, 85456, 97887
2026/07/08 15:39:30.479, 1, 0, 87488, 97887
2026/07/08 15:39:30.498, 2, 100, 3, 97887
2026/07/08 15:39:30.513, 3, 100, 3, 97887
2026/07/08 15:39:30.530, 4, 0, 3, 97887
2026/07/08 15:39:30.546, 5, 0, 3, 97887
2026/07/08 15:39:30.562, 6, 0, 3, 97887
2026/07/08 15:39:30.576, 7, 0, 3, 97887
2026/07/08 15:39:31.593, 0, 0, 85456, 97887
2026/07/08 15:39:31.612, 1, 0, 87488, 97887
2026/07/08 15:39:31.633, 2, 100, 3, 97887
2026/07/08 15:39:31.651, 3, 100, 3, 97887
2026/07/08 15:39:31.670, 4, 0, 3, 97887
2026/07/08 15:39:31.688, 5, 0, 3, 97887
2026/07/08 15:39:31.706, 6, 0, 3, 97887
2026/07/08 15:39:31.725, 7, 0, 3, 97887
2026/07/08 15:39:32.743, 0, 0, 85456, 97887
2026/07/08 15:39:32.758, 1, 0, 87488, 97887
2026/07/08 15:39:32.770, 2, 100, 3, 97887
2026/07/08 15:39:32.782, 3, 100, 3, 97887
2026/07/08 15:39:32.795, 4, 0, 3, 97887
2026/07/08 15:39:32.809, 5, 0, 3, 97887
2026/07/08 15:39:32.823, 6, 0, 3, 97887
2026/07/08 15:39:32.839, 7, 0, 3, 97887
2026/07/08 15:39:33.854, 0, 0, 85456, 97887
2026/07/08 15:39:33.872, 1, 0, 87488, 97887
2026/07/08 15:39:33.888, 2, 100, 3, 97887
2026/07/08 15:39:33.902, 3, 100, 3, 97887
2026/07/08 15:39:33.917, 4, 0, 3, 97887
2026/07/08 15:39:33.933, 5, 0, 3, 97887
2026/07/08 15:39:33.949, 6, 0, 3, 97887
2026/07/08 15:39:33.965, 7, 0, 3, 97887
2026/07/08 15:39:34.980, 0, 0, 85456, 97887
2026/07/08 15:39:34.995, 1, 0, 87488, 97887
2026/07/08 15:39:35.011, 2, 100, 3, 97887
2026/07/08 15:39:35.027, 3, 100, 3, 97887
2026/07/08 15:39:35.042, 4, 0, 3, 97887
2026/07/08 15:39:35.056, 5, 0, 3, 97887
2026/07/08 15:39:35.071, 6, 0, 3, 97887
2026/07/08 15:39:35.087, 7, 0, 3, 97887
2026/07/08 15:39:36.104, 0, 0, 85456, 97887
2026/07/08 15:39:36.121, 1, 0, 87488, 97887
2026/07/08 15:39:36.139, 2, 100, 3, 97887
2026/07/08 15:39:36.156, 3, 100, 3, 97887
2026/07/08 15:39:36.173, 4, 0, 3, 97887
2026/07/08 15:39:36.189, 5, 0, 3, 97887
2026/07/08 15:39:36.206, 6, 0, 3, 97887
2026/07/08 15:39:36.226, 7, 0, 3, 97887
2026/07/08 15:39:37.245, 0, 0, 85456, 97887
2026/07/08 15:39:37.264, 1, 0, 87488, 97887
2026/07/08 15:39:37.280, 2, 100, 3, 97887
2026/07/08 15:39:37.297, 3, 100, 3, 97887
2026/07/08 15:39:37.314, 4, 0, 3, 97887
2026/07/08 15:39:37.331, 5, 0, 3, 97887
2026/07/08 15:39:37.348, 6, 0, 3, 97887
2026/07/08 15:39:37.366, 7, 0, 3, 97887
2026/07/08 15:39:38.384, 0, 0, 85456, 97887
2026/07/08 15:39:38.404, 1, 0, 87488, 97887
2026/07/08 15:39:38.421, 2, 100, 3, 97887
2026/07/08 15:39:38.439, 3, 100, 3, 97887
2026/07/08 15:39:38.457, 4, 0, 3, 97887
2026/07/08 15:39:38.473, 5, 0, 3, 97887
2026/07/08 15:39:38.488, 6, 0, 3, 97887
2026/07/08 15:39:38.506, 7, 0, 3, 97887
2026/07/08 15:39:39.523, 0, 0, 85456, 97887
2026/07/08 15:39:39.539, 1, 0, 87488, 97887
2026/07/08 15:39:39.552, 2, 100, 3, 97887
2026/07/08 15:39:39.565, 3, 100, 3, 97887
2026/07/08 15:39:39.580, 4, 0, 3, 97887
2026/07/08 15:39:39.597, 5, 0, 3, 97887
2026/07/08 15:39:39.613, 6, 0, 3, 97887
2026/07/08 15:39:39.630, 7, 0, 3, 97887
2026/07/08 15:39:40.647, 0, 0, 85456, 97887
2026/07/08 15:39:40.664, 1, 0, 87488, 97887
2026/07/08 15:39:40.678, 2, 100, 3, 97887
2026/07/08 15:39:40.692, 3, 100, 3, 97887
2026/07/08 15:39:40.707, 4, 0, 3, 97887
2026/07/08 15:39:40.721, 5, 0, 3, 97887
2026/07/08 15:39:40.733, 6, 0, 3, 97887
2026/07/08 15:39:40.745, 7, 0, 3, 97887
2026/07/08 15:39:41.759, 0, 0, 85456, 97887
2026/07/08 15:39:41.777, 1, 0, 87488, 97887
2026/07/08 15:39:41.796, 2, 100, 3, 97887
2026/07/08 15:39:41.815, 3, 100, 3, 97887
2026/07/08 15:39:41.832, 4, 0, 3, 97887
2026/07/08 15:39:41.851, 5, 0, 3, 97887
2026/07/08 15:39:41.868, 6, 0, 3, 97887
2026/07/08 15:39:41.886, 7, 0, 3, 97887
2026/07/08 15:39:42.904, 0, 0, 85456, 97887
2026/07/08 15:39:42.932, 1, 0, 87488, 97887
2026/07/08 15:39:42.950, 2, 100, 3, 97887
2026/07/08 15:39:42.965, 3, 100, 3, 97887
2026/07/08 15:39:42.981, 4, 0, 3, 97887
2026/07/08 15:39:42.996, 5, 0, 3, 97887
2026/07/08 15:39:43.011, 6, 0, 3, 97887
2026/07/08 15:39:43.027, 7, 0, 3, 97887
2026/07/08 15:39:44.045, 0, 0, 85456, 97887
2026/07/08 15:39:44.062, 1, 0, 87488, 97887
2026/07/08 15:39:44.076, 2, 100, 3, 97887
2026/07/08 15:39:44.085, 3, 100, 3, 97887
2026/07/08 15:39:44.101, 4, 0, 3, 97887
2026/07/08 15:39:44.117, 5, 0, 3, 97887
2026/07/08 15:39:44.134, 6, 0, 3, 97887
2026/07/08 15:39:44.152, 7, 0, 3, 97887
2026/07/08 15:39:45.172, 0, 0, 85456, 97887
2026/07/08 15:39:45.188, 1, 0, 87488, 97887
2026/07/08 15:39:45.205, 2, 100, 3, 97887
2026/07/08 15:39:45.222, 3, 100, 3, 97887
2026/07/08 15:39:45.238, 4, 0, 3, 97887
2026/07/08 15:39:45.255, 5, 0, 3, 97887
2026/07/08 15:39:45.274, 6, 0, 3, 97887
2026/07/08 15:39:45.292, 7, 0, 3, 97887
2026/07/08 15:39:46.310, 0, 0, 85456, 97887
2026/07/08 15:39:46.325, 1, 0, 87488, 97887
2026/07/08 15:39:46.340, 2, 100, 3, 97887
2026/07/08 15:39:46.355, 3, 100, 3, 97887
2026/07/08 15:39:46.369, 4, 0, 3, 97887
2026/07/08 15:39:46.386, 5, 0, 3, 97887
2026/07/08 15:39:46.402, 6, 0, 3, 97887
2026/07/08 15:39:46.419, 7, 0, 3, 97887
2026/07/08 15:39:47.436, 0, 0, 85456, 97887
2026/07/08 15:39:47.454, 1, 0, 87488, 97887
2026/07/08 15:39:47.472, 2, 100, 3, 97887
2026/07/08 15:39:47.487, 3, 100, 3, 97887
2026/07/08 15:39:47.501, 4, 0, 3, 97887
2026/07/08 15:39:47.516, 5, 0, 3, 97887
2026/07/08 15:39:47.530, 6, 0, 3, 97887
2026/07/08 15:39:47.543, 7, 0, 3, 97887
2026/07/08 15:39:48.558, 0, 0, 85456, 97887
2026/07/08 15:39:48.574, 1, 0, 87488, 97887
2026/07/08 15:39:48.591, 2, 100, 3, 97887
2026/07/08 15:39:48.607, 3, 100, 3, 97887
2026/07/08 15:39:48.624, 4, 0, 3, 97887
2026/07/08 15:39:48.639, 5, 0, 3, 97887
2026/07/08 15:39:48.656, 6, 0, 3, 97887
2026/07/08 15:39:48.674, 7, 0, 3, 97887
2026/07/08 15:39:49.692, 0, 0, 85456, 97887
2026/07/08 15:39:49.710, 1, 0, 87488, 97887
2026/07/08 15:39:49.727, 2, 100, 3, 97887
2026/07/08 15:39:49.744, 3, 100, 3, 97887
2026/07/08 15:39:49.763, 4, 0, 3, 97887
2026/07/08 15:39:49.780, 5, 0, 3, 97887
2026/07/08 15:39:49.798, 6, 0, 3, 97887
2026/07/08 15:39:49.815, 7, 0, 3, 97887
2026/07/08 15:39:50.832, 0, 0, 85456, 97887
2026/07/08 15:39:50.853, 1, 0, 87488, 97887
2026/07/08 15:39:50.875, 2, 100, 3, 97887
2026/07/08 15:39:50.891, 3, 100, 3, 97887
2026/07/08 15:39:50.909, 4, 0, 3, 97887
2026/07/08 15:39:50.928, 5, 0, 3, 97887
2026/07/08 15:39:50.947, 6, 0, 3, 97887
2026/07/08 15:39:50.967, 7, 0, 3, 97887
2026/07/08 15:39:51.987, 0, 0, 85456, 97887
2026/07/08 15:39:52.006, 1, 0, 87488, 97887
2026/07/08 15:39:52.023, 2, 100, 3, 97887
2026/07/08 15:39:52.041, 3, 100, 3, 97887
2026/07/08 15:39:52.057, 4, 0, 3, 97887
2026/07/08 15:39:52.074, 5, 0, 3, 97887
2026/07/08 15:39:52.092, 6, 0, 3, 97887
2026/07/08 15:39:52.109, 7, 0, 3, 97887
2026/07/08 15:39:53.125, 0, 0, 85456, 97887
2026/07/08 15:39:53.141, 1, 0, 87488, 97887
2026/07/08 15:39:53.158, 2, 100, 3, 97887
2026/07/08 15:39:53.173, 3, 100, 3, 97887
2026/07/08 15:39:53.189, 4, 0, 3, 97887
2026/07/08 15:39:53.204, 5, 0, 3, 97887
2026/07/08 15:39:53.219, 6, 0, 3, 97887
2026/07/08 15:39:53.234, 7, 0, 3, 97887
2026/07/08 15:39:54.249, 0, 0, 85456, 97887
2026/07/08 15:39:54.267, 1, 0, 87488, 97887
2026/07/08 15:39:54.287, 2, 100, 3, 97887
2026/07/08 15:39:54.306, 3, 100, 3, 97887
2026/07/08 15:39:54.325, 4, 0, 3, 97887
2026/07/08 15:39:54.343, 5, 0, 3, 97887
2026/07/08 15:39:54.362, 6, 0, 3, 97887
2026/07/08 15:39:54.380, 7, 0, 3, 97887
2026/07/08 15:39:55.400, 0, 0, 85456, 97887
2026/07/08 15:39:55.415, 1, 0, 87488, 97887
2026/07/08 15:39:55.433, 2, 100, 3, 97887
2026/07/08 15:39:55.450, 3, 100, 3, 97887
2026/07/08 15:39:55.465, 4, 0, 3, 97887
2026/07/08 15:39:55.482, 5, 0, 3, 97887
2026/07/08 15:39:55.497, 6, 0, 3, 97887
2026/07/08 15:39:55.509, 7, 0, 3, 97887
2026/07/08 15:39:56.526, 0, 0, 85456, 97887
2026/07/08 15:39:56.547, 1, 0, 87488, 97887
2026/07/08 15:39:56.567, 2, 100, 3, 97887
2026/07/08 15:39:56.587, 3, 100, 3, 97887
2026/07/08 15:39:56.603, 4, 0, 3, 97887
2026/07/08 15:39:56.621, 5, 0, 3, 97887
2026/07/08 15:39:56.638, 6, 0, 3, 97887
2026/07/08 15:39:56.656, 7, 0, 3, 97887
2026/07/08 15:39:57.674, 0, 0, 85456, 97887
2026/07/08 15:39:57.691, 1, 0, 87488, 97887
2026/07/08 15:39:57.708, 2, 100, 3, 97887
2026/07/08 15:39:57.723, 3, 100, 3, 97887
2026/07/08 15:39:57.740, 4, 0, 3, 97887
2026/07/08 15:39:57.753, 5, 0, 3, 97887
2026/07/08 15:39:57.769, 6, 0, 3, 97887
2026/07/08 15:39:57.784, 7, 0, 3, 97887
2026/07/08 15:39:58.800, 0, 0, 85456, 97887
2026/07/08 15:39:58.816, 1, 0, 87488, 97887
2026/07/08 15:39:58.829, 2, 100, 3, 97887
2026/07/08 15:39:58.844, 3, 100, 3, 97887
2026/07/08 15:39:58.859, 4, 0, 3, 97887
2026/07/08 15:39:58.875, 5, 0, 3, 97887
2026/07/08 15:39:58.889, 6, 0, 3, 97887
2026/07/08 15:39:58.905, 7, 0, 3, 97887
2026/07/08 15:39:59.919, 0, 0, 85456, 97887
2026/07/08 15:39:59.937, 1, 0, 87488, 97887
2026/07/08 15:39:59.954, 2, 100, 3, 97887
2026/07/08 15:39:59.973, 3, 100, 3, 97887
2026/07/08 15:39:59.990, 4, 0, 3, 97887
2026/07/08 15:40:00.006, 5, 0, 3, 97887
2026/07/08 15:40:00.023, 6, 0, 3, 97887
2026/07/08 15:40:00.039, 7, 0, 3, 97887
2026/07/08 15:40:01.055, 0, 0, 85456, 97887
2026/07/08 15:40:01.071, 1, 0, 87488, 97887
2026/07/08 15:40:01.086, 2, 100, 3, 97887
2026/07/08 15:40:01.101, 3, 100, 3, 97887
2026/07/08 15:40:01.116, 4, 0, 3, 97887
2026/07/08 15:40:01.131, 5, 0, 3, 97887
2026/07/08 15:40:01.146, 6, 0, 3, 97887
2026/07/08 15:40:01.161, 7, 0, 3, 97887
2026/07/08 15:40:02.173, 0, 0, 85456, 97887
2026/07/08 15:40:02.191, 1, 0, 87488, 97887
2026/07/08 15:40:02.207, 2, 100, 3, 97887
2026/07/08 15:40:02.224, 3, 100, 3, 97887
2026/07/08 15:40:02.241, 4, 0, 3, 97887
2026/07/08 15:40:02.258, 5, 0, 3, 97887
2026/07/08 15:40:02.271, 6, 0, 3, 97887
2026/07/08 15:40:02.286, 7, 0, 3, 97887
2026/07/08 15:40:03.301, 0, 0, 85456, 97887
2026/07/08 15:40:03.320, 1, 0, 87488, 97887
2026/07/08 15:40:03.335, 2, 100, 3, 97887
2026/07/08 15:40:03.349, 3, 100, 3, 97887
2026/07/08 15:40:03.365, 4, 0, 3, 97887
2026/07/08 15:40:03.382, 5, 0, 3, 97887
2026/07/08 15:40:03.397, 6, 0, 3, 97887
2026/07/08 15:40:03.414, 7, 0, 3, 97887
2026/07/08 15:40:04.431, 0, 0, 85456, 97887
2026/07/08 15:40:04.451, 1, 0, 87488, 97887
2026/07/08 15:40:04.470, 2, 100, 3, 97887
2026/07/08 15:40:04.487, 3, 100, 3, 97887
2026/07/08 15:40:04.505, 4, 0, 3, 97887
2026/07/08 15:40:04.525, 5, 0, 3, 97887
2026/07/08 15:40:04.543, 6, 0, 3, 97887
2026/07/08 15:40:04.560, 7, 0, 3, 97887
2026/07/08 15:40:05.577, 0, 0, 85456, 97887
2026/07/08 15:40:05.594, 1, 0, 87488, 97887
2026/07/08 15:40:05.613, 2, 100, 3, 97887
2026/07/08 15:40:05.631, 3, 100, 3, 97887
2026/07/08 15:40:05.648, 4, 0, 3, 97887
2026/07/08 15:40:05.664, 5, 0, 3, 97887
2026/07/08 15:40:05.680, 6, 0, 3, 97887
2026/07/08 15:40:05.697, 7, 0, 3, 97887
2026/07/08 15:40:06.715, 0, 0, 85456, 97887
2026/07/08 15:40:06.734, 1, 0, 87488, 97887
2026/07/08 15:40:06.753, 2, 100, 3, 97887
2026/07/08 15:40:06.771, 3, 100, 3, 97887
2026/07/08 15:40:06.790, 4, 0, 3, 97887
2026/07/08 15:40:06.807, 5, 0, 3, 97887
2026/07/08 15:40:06.826, 6, 0, 3, 97887
2026/07/08 15:40:06.845, 7, 0, 3, 97887
2026/07/08 15:40:07.865, 0, 0, 85456, 97887
2026/07/08 15:40:07.884, 1, 0, 87488, 97887
2026/07/08 15:40:07.900, 2, 100, 3, 97887
2026/07/08 15:40:07.918, 3, 100, 3, 97887
2026/07/08 15:40:07.934, 4, 0, 3, 97887
2026/07/08 15:40:07.951, 5, 0, 3, 97887
2026/07/08 15:40:07.965, 6, 0, 3, 97887
2026/07/08 15:40:07.984, 7, 0, 3, 97887
2026/07/08 15:40:09.002, 0, 0, 85456, 97887
2026/07/08 15:40:09.018, 1, 0, 87488, 97887
2026/07/08 15:40:09.033, 2, 100, 3, 97887
2026/07/08 15:40:09.047, 3, 100, 3, 97887
2026/07/08 15:40:09.064, 4, 0, 3, 97887
2026/07/08 15:40:09.079, 5, 0, 3, 97887
2026/07/08 15:40:09.095, 6, 0, 3, 97887
2026/07/08 15:40:09.131, 7, 0, 3, 97887
2026/07/08 15:40:10.149, 0, 0, 85456, 97887
2026/07/08 15:40:10.167, 1, 0, 87488, 97887
2026/07/08 15:40:10.187, 2, 100, 3, 97887
2026/07/08 15:40:10.203, 3, 100, 3, 97887
2026/07/08 15:40:10.220, 4, 0, 3, 97887
2026/07/08 15:40:10.239, 5, 0, 3, 97887
2026/07/08 15:40:10.258, 6, 0, 3, 97887
2026/07/08 15:40:10.276, 7, 0, 3, 97887
2026/07/08 15:40:11.295, 0, 0, 85456, 97887
2026/07/08 15:40:11.313, 1, 0, 87488, 97887
2026/07/08 15:40:11.328, 2, 100, 3, 97887
2026/07/08 15:40:11.343, 3, 100, 3, 97887
2026/07/08 15:40:11.359, 4, 0, 3, 97887
2026/07/08 15:40:11.375, 5, 0, 3, 97887
2026/07/08 15:40:11.394, 6, 0, 3, 97887
2026/07/08 15:40:11.412, 7, 0, 3, 97887
2026/07/08 15:40:12.427, 0, 0, 85456, 97887
2026/07/08 15:40:12.448, 1, 0, 87488, 97887
2026/07/08 15:40:12.467, 2, 100, 3, 97887
2026/07/08 15:40:12.482, 3, 100, 3, 97887
2026/07/08 15:40:12.498, 4, 0, 3, 97887
2026/07/08 15:40:12.513, 5, 0, 3, 97887
2026/07/08 15:40:12.520, 6, 0, 3, 97887
2026/07/08 15:40:12.526, 7, 0, 3, 97887
2026/07/08 15:40:13.536, 0, 0, 85456, 97887
2026/07/08 15:40:13.553, 1, 0, 87488, 97887
2026/07/08 15:40:13.570, 2, 100, 3, 97887
2026/07/08 15:40:13.587, 3, 100, 3, 97887
2026/07/08 15:40:13.604, 4, 0, 3, 97887
2026/07/08 15:40:13.620, 5, 0, 3, 97887
2026/07/08 15:40:13.637, 6, 0, 3, 97887
2026/07/08 15:40:13.654, 7, 0, 3, 97887
2026/07/08 15:40:14.668, 0, 0, 85456, 97887
2026/07/08 15:40:14.685, 1, 0, 87488, 97887
2026/07/08 15:40:14.704, 2, 100, 3, 97887
2026/07/08 15:40:14.720, 3, 100, 3, 97887
2026/07/08 15:40:14.735, 4, 0, 3, 97887
2026/07/08 15:40:14.751, 5, 0, 3, 97887
2026/07/08 15:40:14.772, 6, 0, 3, 97887
2026/07/08 15:40:14.787, 7, 0, 3, 97887
2026/07/08 15:40:15.807, 0, 0, 85456, 97887
2026/07/08 15:40:15.825, 1, 0, 87488, 97887
2026/07/08 15:40:15.842, 2, 100, 3, 97887
2026/07/08 15:40:15.859, 3, 100, 3, 97887
2026/07/08 15:40:15.875, 4, 0, 3, 97887
2026/07/08 15:40:15.892, 5, 0, 3, 97887
2026/07/08 15:40:15.907, 6, 0, 3, 97887
2026/07/08 15:40:15.924, 7, 0, 3, 97887
2026/07/08 15:40:16.940, 0, 0, 85456, 97887
2026/07/08 15:40:16.956, 1, 0, 87488, 97887
2026/07/08 15:40:16.972, 2, 100, 3, 97887
2026/07/08 15:40:16.988, 3, 100, 3, 97887
2026/07/08 15:40:17.003, 4, 0, 3, 97887
2026/07/08 15:40:17.020, 5, 0, 3, 97887
2026/07/08 15:40:17.037, 6, 0, 3, 97887
2026/07/08 15:40:17.053, 7, 0, 3, 97887
2026/07/08 15:40:18.071, 0, 0, 85456, 97887
2026/07/08 15:40:18.088, 1, 0, 87488, 97887
2026/07/08 15:40:18.105, 2, 100, 3, 97887
2026/07/08 15:40:18.122, 3, 100, 3, 97887
2026/07/08 15:40:18.139, 4, 0, 3, 97887
2026/07/08 15:40:18.156, 5, 0, 3, 97887
2026/07/08 15:40:18.174, 6, 0, 3, 97887
2026/07/08 15:40:18.194, 7, 0, 3, 97887
2026/07/08 15:40:19.211, 0, 0, 85456, 97887
2026/07/08 15:40:19.228, 1, 0, 87488, 97887
2026/07/08 15:40:19.246, 2, 100, 3, 97887
2026/07/08 15:40:19.263, 3, 100, 3, 97887
2026/07/08 15:40:19.279, 4, 0, 3, 97887
2026/07/08 15:40:19.295, 5, 0, 3, 97887
2026/07/08 15:40:19.311, 6, 0, 3, 97887
2026/07/08 15:40:19.330, 7, 0, 3, 97887
2026/07/08 15:40:20.348, 0, 0, 85456, 97887
2026/07/08 15:40:20.366, 1, 0, 87488, 97887
2026/07/08 15:40:20.389, 2, 100, 3, 97887
2026/07/08 15:40:20.408, 3, 100, 3, 97887
2026/07/08 15:40:20.427, 4, 0, 3, 97887
2026/07/08 15:40:20.447, 5, 0, 3, 97887
2026/07/08 15:40:20.465, 6, 0, 3, 97887
2026/07/08 15:40:20.482, 7, 0, 3, 97887
2026/07/08 15:40:21.500, 0, 0, 85456, 97887
2026/07/08 15:40:21.518, 1, 0, 87488, 97887
2026/07/08 15:40:21.538, 2, 100, 3, 97887
2026/07/08 15:40:21.556, 3, 100, 3, 97887
2026/07/08 15:40:21.575, 4, 0, 3, 97887
2026/07/08 15:40:21.591, 5, 0, 3, 97887
2026/07/08 15:40:21.610, 6, 0, 3, 97887
2026/07/08 15:40:21.629, 7, 0, 3, 97887
2026/07/08 15:40:22.647, 0, 0, 85456, 97887
2026/07/08 15:40:22.664, 1, 0, 87488, 97887
2026/07/08 15:40:22.679, 2, 100, 3, 97887
2026/07/08 15:40:22.694, 3, 100, 3, 97887
2026/07/08 15:40:22.707, 4, 0, 3, 97887
2026/07/08 15:40:22.722, 5, 0, 3, 97887
2026/07/08 15:40:22.735, 6, 0, 3, 97887
2026/07/08 15:40:22.749, 7, 0, 3, 97887
2026/07/08 15:40:23.765, 0, 0, 85456, 97887
2026/07/08 15:40:23.781, 1, 0, 87488, 97887
2026/07/08 15:40:23.799, 2, 100, 3, 97887
2026/07/08 15:40:23.814, 3, 100, 3, 97887
2026/07/08 15:40:23.829, 4, 0, 3, 97887
2026/07/08 15:40:23.845, 5, 0, 3, 97887
2026/07/08 15:40:23.858, 6, 0, 3, 97887
2026/07/08 15:40:23.867, 7, 0, 3, 97887
2026/07/08 15:40:24.881, 0, 0, 85456, 97887
2026/07/08 15:40:24.899, 1, 0, 87488, 97887
2026/07/08 15:40:24.912, 2, 100, 3, 97887
2026/07/08 15:40:24.927, 3, 100, 3, 97887
2026/07/08 15:40:24.938, 4, 0, 3, 97887
2026/07/08 15:40:24.950, 5, 0, 3, 97887
2026/07/08 15:40:24.967, 6, 0, 3, 97887
2026/07/08 15:40:24.984, 7, 0, 3, 97887
2026/07/08 15:40:26.000, 0, 0, 85456, 97887
2026/07/08 15:40:26.019, 1, 0, 87488, 97887
2026/07/08 15:40:26.035, 2, 100, 3, 97887
2026/07/08 15:40:26.051, 3, 100, 3, 97887
2026/07/08 15:40:26.068, 4, 0, 3, 97887
2026/07/08 15:40:26.085, 5, 0, 3, 97887
2026/07/08 15:40:26.097, 6, 0, 3, 97887
2026/07/08 15:40:26.109, 7, 0, 3, 97887
2026/07/08 15:40:27.122, 0, 0, 85456, 97887
2026/07/08 15:40:27.135, 1, 0, 87488, 97887
2026/07/08 15:40:27.148, 2, 100, 3, 97887
2026/07/08 15:40:27.158, 3, 100, 3, 97887
2026/07/08 15:40:27.168, 4, 0, 3, 97887
2026/07/08 15:40:27.181, 5, 0, 3, 97887
2026/07/08 15:40:27.193, 6, 0, 3, 97887
2026/07/08 15:40:27.205, 7, 0, 3, 97887
2026/07/08 15:40:28.223, 0, 0, 85456, 97887
2026/07/08 15:40:28.241, 1, 0, 87488, 97887
2026/07/08 15:40:28.258, 2, 100, 3, 97887
2026/07/08 15:40:28.276, 3, 100, 3, 97887
2026/07/08 15:40:28.294, 4, 0, 3, 97887
2026/07/08 15:40:28.311, 5, 0, 3, 97887
2026/07/08 15:40:28.326, 6, 0, 3, 97887
2026/07/08 15:40:28.342, 7, 0, 3, 97887
2026/07/08 15:40:29.358, 0, 0, 85456, 97887
2026/07/08 15:40:29.377, 1, 0, 87488, 97887
2026/07/08 15:40:29.395, 2, 100, 3, 97887
2026/07/08 15:40:29.414, 3, 100, 3, 97887
2026/07/08 15:40:29.431, 4, 0, 3, 97887
2026/07/08 15:40:29.450, 5, 0, 3, 97887
2026/07/08 15:40:29.467, 6, 0, 3, 97887
2026/07/08 15:40:29.484, 7, 0, 3, 97887
2026/07/08 15:40:30.503, 0, 0, 85456, 97887
2026/07/08 15:40:30.523, 1, 0, 87488, 97887
2026/07/08 15:40:30.542, 2, 100, 3, 97887
2026/07/08 15:40:30.561, 3, 100, 3, 97887
2026/07/08 15:40:30.580, 4, 0, 3, 97887
2026/07/08 15:40:30.597, 5, 0, 3, 97887
2026/07/08 15:40:30.611, 6, 0, 3, 97887
2026/07/08 15:40:30.628, 7, 0, 3, 97887
2026/07/08 15:40:31.646, 0, 0, 85456, 97887
2026/07/08 15:40:31.664, 1, 0, 87488, 97887
2026/07/08 15:40:31.681, 2, 100, 3, 97887
2026/07/08 15:40:31.699, 3, 100, 3, 97887
2026/07/08 15:40:31.716, 4, 0, 3, 97887
2026/07/08 15:40:31.734, 5, 0, 3, 97887
2026/07/08 15:40:31.750, 6, 0, 3, 97887
2026/07/08 15:40:31.767, 7, 0, 3, 97887
2026/07/08 15:40:32.784, 0, 0, 85456, 97887
2026/07/08 15:40:32.802, 1, 0, 87488, 97887
2026/07/08 15:40:32.821, 2, 100, 3, 97887
2026/07/08 15:40:32.836, 3, 100, 3, 97887
2026/07/08 15:40:32.847, 4, 0, 3, 97887
2026/07/08 15:40:32.862, 5, 0, 3, 97887
2026/07/08 15:40:32.876, 6, 0, 3, 97887
2026/07/08 15:40:32.891, 7, 0, 3, 97887
2026/07/08 15:40:33.905, 0, 0, 85456, 97887
2026/07/08 15:40:33.923, 1, 0, 87488, 97887
2026/07/08 15:40:33.941, 2, 100, 3, 97887
2026/07/08 15:40:33.959, 3, 100, 3, 97887
2026/07/08 15:40:33.978, 4, 0, 3, 97887
2026/07/08 15:40:33.996, 5, 0, 3, 97887
2026/07/08 15:40:34.013, 6, 0, 3, 97887
2026/07/08 15:40:34.030, 7, 0, 3, 97887
2026/07/08 15:40:35.045, 0, 0, 85456, 97887
2026/07/08 15:40:35.059, 1, 0, 87488, 97887
2026/07/08 15:40:35.072, 2, 100, 3, 97887
2026/07/08 15:40:35.087, 3, 100, 3, 97887
2026/07/08 15:40:35.103, 4, 0, 3, 97887
2026/07/08 15:40:35.117, 5, 0, 3, 97887
2026/07/08 15:40:35.131, 6, 0, 3, 97887
2026/07/08 15:40:35.145, 7, 0, 3, 97887
2026/07/08 15:40:36.163, 0, 0, 85456, 97887
2026/07/08 15:40:36.180, 1, 0, 87488, 97887
2026/07/08 15:40:36.198, 2, 100, 3, 97887
2026/07/08 15:40:36.212, 3, 100, 3, 97887
2026/07/08 15:40:36.229, 4, 0, 3, 97887
2026/07/08 15:40:36.246, 5, 0, 3, 97887
2026/07/08 15:40:36.263, 6, 0, 3, 97887
2026/07/08 15:40:36.279, 7, 0, 3, 97887
2026/07/08 15:40:37.296, 0, 0, 85456, 97887
2026/07/08 15:40:37.311, 1, 0, 87488, 97887
2026/07/08 15:40:37.324, 2, 100, 3, 97887
2026/07/08 15:40:37.340, 3, 100, 3, 97887
2026/07/08 15:40:37.355, 4, 0, 3, 97887
2026/07/08 15:40:37.370, 5, 0, 3, 97887
2026/07/08 15:40:37.383, 6, 0, 3, 97887
2026/07/08 15:40:37.398, 7, 0, 3, 97887
2026/07/08 15:40:38.416, 0, 0, 85456, 97887
2026/07/08 15:40:38.434, 1, 0, 87488, 97887
2026/07/08 15:40:38.449, 2, 100, 3, 97887
2026/07/08 15:40:38.464, 3, 100, 3, 97887
2026/07/08 15:40:38.478, 4, 0, 3, 97887
2026/07/08 15:40:38.493, 5, 0, 3, 97887
2026/07/08 15:40:38.509, 6, 0, 3, 97887
2026/07/08 15:40:38.526, 7, 0, 3, 97887
2026/07/08 15:40:39.542, 0, 0, 85456, 97887
2026/07/08 15:40:39.557, 1, 0, 87488, 97887
2026/07/08 15:40:39.570, 2, 100, 3, 97887
2026/07/08 15:40:39.586, 3, 100, 3, 97887
2026/07/08 15:40:39.604, 4, 0, 3, 97887
2026/07/08 15:40:39.619, 5, 0, 3, 97887
2026/07/08 15:40:39.636, 6, 0, 3, 97887
2026/07/08 15:40:39.654, 7, 0, 3, 97887
2026/07/08 15:40:40.669, 0, 0, 85456, 97887
2026/07/08 15:40:40.686, 1, 0, 87488, 97887
2026/07/08 15:40:40.701, 2, 100, 3, 97887
2026/07/08 15:40:40.719, 3, 100, 3, 97887
2026/07/08 15:40:40.736, 4, 0, 3, 97887
2026/07/08 15:40:40.754, 5, 0, 3, 97887
2026/07/08 15:40:40.769, 6, 0, 3, 97887
2026/07/08 15:40:40.786, 7, 0, 3, 97887
2026/07/08 15:40:41.802, 0, 0, 85456, 97887
2026/07/08 15:40:41.820, 1, 0, 87488, 97887
2026/07/08 15:40:41.833, 2, 100, 3, 97887
2026/07/08 15:40:41.844, 3, 100, 3, 97887
2026/07/08 15:40:41.859, 4, 0, 3, 97887
2026/07/08 15:40:41.873, 5, 0, 3, 97887
2026/07/08 15:40:41.883, 6, 0, 3, 97887
2026/07/08 15:40:41.896, 7, 0, 3, 97887
2026/07/08 15:40:42.911, 0, 0, 85456, 97887
2026/07/08 15:40:42.929, 1, 0, 87488, 97887
2026/07/08 15:40:42.944, 2, 100, 3, 97887
2026/07/08 15:40:42.958, 3, 100, 3, 97887
2026/07/08 15:40:42.970, 4, 0, 3, 97887
2026/07/08 15:40:42.983, 5, 0, 3, 97887
2026/07/08 15:40:42.997, 6, 0, 3, 97887
2026/07/08 15:40:43.014, 7, 0, 3, 97887
2026/07/08 15:40:44.030, 0, 0, 85456, 97887
2026/07/08 15:40:44.048, 1, 0, 87488, 97887
2026/07/08 15:40:44.063, 2, 100, 3, 97887
2026/07/08 15:40:44.075, 3, 100, 3, 97887
2026/07/08 15:40:44.088, 4, 0, 3, 97887
2026/07/08 15:40:44.104, 5, 0, 3, 97887
2026/07/08 15:40:44.120, 6, 0, 3, 97887
2026/07/08 15:40:44.137, 7, 0, 3, 97887
2026/07/08 15:40:45.155, 0, 0, 85456, 97887
2026/07/08 15:40:45.167, 1, 0, 87488, 97887
2026/07/08 15:40:45.183, 2, 100, 3, 97887
2026/07/08 15:40:45.197, 3, 100, 3, 97887
2026/07/08 15:40:45.214, 4, 0, 3, 97887
2026/07/08 15:40:45.230, 5, 0, 3, 97887
2026/07/08 15:40:45.246, 6, 0, 3, 97887
2026/07/08 15:40:45.261, 7, 0, 3, 97887
2026/07/08 15:40:46.278, 0, 0, 85456, 97887
2026/07/08 15:40:46.293, 1, 0, 87488, 97887
2026/07/08 15:40:46.309, 2, 100, 3, 97887
2026/07/08 15:40:46.325, 3, 100, 3, 97887
2026/07/08 15:40:46.341, 4, 0, 3, 97887
2026/07/08 15:40:46.356, 5, 0, 3, 97887
2026/07/08 15:40:46.372, 6, 0, 3, 97887
2026/07/08 15:40:46.389, 7, 0, 3, 97887
2026/07/08 15:40:47.403, 0, 0, 85456, 97887
2026/07/08 15:40:47.419, 1, 0, 87488, 97887
2026/07/08 15:40:47.433, 2, 100, 3, 97887
2026/07/08 15:40:47.448, 3, 100, 3, 97887
2026/07/08 15:40:47.463, 4, 0, 3, 97887
2026/07/08 15:40:47.481, 5, 0, 3, 97887
2026/07/08 15:40:47.499, 6, 0, 3, 97887
2026/07/08 15:40:47.515, 7, 0, 3, 97887
2026/07/08 15:40:48.531, 0, 0, 85456, 97887
2026/07/08 15:40:48.549, 1, 0, 87488, 97887
2026/07/08 15:40:48.566, 2, 100, 3, 97887
2026/07/08 15:40:48.581, 3, 100, 3, 97887
2026/07/08 15:40:48.596, 4, 0, 3, 97887
2026/07/08 15:40:48.612, 5, 0, 3, 97887
2026/07/08 15:40:48.629, 6, 0, 3, 97887
2026/07/08 15:40:48.644, 7, 0, 3, 97887
2026/07/08 15:40:49.661, 0, 0, 85456, 97887
2026/07/08 15:40:49.678, 1, 0, 87488, 97887
2026/07/08 15:40:49.696, 2, 100, 3, 97887
2026/07/08 15:40:49.714, 3, 100, 3, 97887
2026/07/08 15:40:49.731, 4, 0, 3, 97887
2026/07/08 15:40:49.749, 5, 0, 3, 97887
2026/07/08 15:40:49.767, 6, 0, 3, 97887
2026/07/08 15:40:49.784, 7, 0, 3, 97887
2026/07/08 15:40:50.802, 0, 0, 85456, 97887
2026/07/08 15:40:50.817, 1, 0, 87488, 97887
2026/07/08 15:40:50.833, 2, 100, 3, 97887
2026/07/08 15:40:50.850, 3, 100, 3, 97887
2026/07/08 15:40:50.865, 4, 0, 3, 97887
2026/07/08 15:40:50.879, 5, 0, 3, 97887
2026/07/08 15:40:50.893, 6, 0, 3, 97887
2026/07/08 15:40:50.906, 7, 0, 3, 97887
2026/07/08 15:40:51.919, 0, 0, 85456, 97887
2026/07/08 15:40:51.936, 1, 0, 87488, 97887
2026/07/08 15:40:51.954, 2, 100, 3, 97887
2026/07/08 15:40:51.973, 3, 100, 3, 97887
2026/07/08 15:40:51.991, 4, 0, 3, 97887
2026/07/08 15:40:52.008, 5, 0, 3, 97887
2026/07/08 15:40:52.025, 6, 0, 3, 97887
2026/07/08 15:40:52.043, 7, 0, 3, 97887
2026/07/08 15:40:53.058, 0, 0, 85456, 97887
2026/07/08 15:40:53.077, 1, 0, 87488, 97887
2026/07/08 15:40:53.093, 2, 100, 3, 97887
2026/07/08 15:40:53.111, 3, 100, 3, 97887
2026/07/08 15:40:53.127, 4, 0, 3, 97887
2026/07/08 15:40:53.145, 5, 0, 3, 97887
2026/07/08 15:40:53.165, 6, 0, 3, 97887
2026/07/08 15:40:53.184, 7, 0, 3, 97887
2026/07/08 15:40:54.200, 0, 0, 85456, 97887
2026/07/08 15:40:54.219, 1, 0, 87488, 97887
2026/07/08 15:40:54.239, 2, 100, 3, 97887
2026/07/08 15:40:54.255, 3, 100, 3, 97887
2026/07/08 15:40:54.274, 4, 0, 3, 97887
2026/07/08 15:40:54.292, 5, 0, 3, 97887
2026/07/08 15:40:54.308, 6, 0, 3, 97887
2026/07/08 15:40:54.323, 7, 0, 3, 97887
2026/07/08 15:40:55.342, 0, 0, 85456, 97887
2026/07/08 15:40:55.361, 1, 0, 87488, 97887
2026/07/08 15:40:55.380, 2, 100, 3, 97887
2026/07/08 15:40:55.397, 3, 100, 3, 97887
2026/07/08 15:40:55.415, 4, 0, 3, 97887
2026/07/08 15:40:55.433, 5, 0, 3, 97887
2026/07/08 15:40:55.452, 6, 0, 3, 97887
2026/07/08 15:40:55.469, 7, 0, 3, 97887
2026/07/08 15:40:56.488, 0, 0, 85456, 97887
2026/07/08 15:40:56.506, 1, 0, 87488, 97887
2026/07/08 15:40:56.518, 2, 100, 3, 97887
2026/07/08 15:40:56.534, 3, 100, 3, 97887
2026/07/08 15:40:56.552, 4, 0, 3, 97887
2026/07/08 15:40:56.571, 5, 0, 3, 97887
2026/07/08 15:40:56.590, 6, 0, 3, 97887
2026/07/08 15:40:56.607, 7, 0, 3, 97887
2026/07/08 15:40:57.626, 0, 0, 85456, 97887
2026/07/08 15:40:57.644, 1, 0, 87488, 97887
2026/07/08 15:40:57.661, 2, 100, 3, 97887
2026/07/08 15:40:57.679, 3, 100, 3, 97887
2026/07/08 15:40:57.697, 4, 0, 3, 97887
2026/07/08 15:40:57.713, 5, 0, 3, 97887
2026/07/08 15:40:57.733, 6, 0, 3, 97887
2026/07/08 15:40:57.750, 7, 0, 3, 97887
2026/07/08 15:40:58.767, 0, 0, 85456, 97887
2026/07/08 15:40:58.790, 1, 0, 87488, 97887
2026/07/08 15:40:58.806, 2, 100, 3, 97887
2026/07/08 15:40:58.821, 3, 100, 3, 97887
2026/07/08 15:40:58.837, 4, 0, 3, 97887
2026/07/08 15:40:58.851, 5, 0, 3, 97887
2026/07/08 15:40:58.870, 6, 0, 3, 97887
2026/07/08 15:40:58.886, 7, 0, 3, 97887
2026/07/08 15:40:59.906, 0, 0, 85456, 97887
2026/07/08 15:40:59.921, 1, 0, 87488, 97887
2026/07/08 15:40:59.936, 2, 100, 3, 97887
2026/07/08 15:40:59.950, 3, 100, 3, 97887
2026/07/08 15:40:59.964, 4, 0, 3, 97887
2026/07/08 15:40:59.977, 5, 0, 3, 97887
2026/07/08 15:40:59.990, 6, 0, 3, 97887
2026/07/08 15:41:00.004, 7, 0, 3, 97887
2026/07/08 15:41:01.017, 0, 0, 85456, 97887
2026/07/08 15:41:01.035, 1, 0, 87488, 97887
2026/07/08 15:41:01.053, 2, 100, 3, 97887
2026/07/08 15:41:01.066, 3, 100, 3, 97887
2026/07/08 15:41:01.077, 4, 0, 3, 97887
2026/07/08 15:41:01.088, 5, 0, 3, 97887
2026/07/08 15:41:01.101, 6, 0, 3, 97887
2026/07/08 15:41:01.113, 7, 0, 3, 97887
2026/07/08 15:41:02.125, 0, 0, 85456, 97887
2026/07/08 15:41:02.142, 1, 0, 87488, 97887
2026/07/08 15:41:02.155, 2, 100, 3, 97887
2026/07/08 15:41:02.171, 3, 100, 3, 97887
2026/07/08 15:41:02.185, 4, 0, 3, 97887
2026/07/08 15:41:02.201, 5, 0, 3, 97887
2026/07/08 15:41:02.216, 6, 0, 3, 97887
2026/07/08 15:41:02.231, 7, 0, 3, 97887
2026/07/08 15:41:03.248, 0, 0, 85456, 97887
2026/07/08 15:41:03.266, 1, 0, 87488, 97887
2026/07/08 15:41:03.282, 2, 100, 3, 97887
2026/07/08 15:41:03.295, 3, 100, 3, 97887
2026/07/08 15:41:03.307, 4, 0, 3, 97887
2026/07/08 15:41:03.319, 5, 0, 3, 97887
2026/07/08 15:41:03.337, 6, 0, 3, 97887
2026/07/08 15:41:03.351, 7, 0, 3, 97887
2026/07/08 15:41:04.366, 0, 0, 85456, 97887
2026/07/08 15:41:04.384, 1, 0, 87488, 97887
2026/07/08 15:41:04.410, 2, 100, 3, 97887
2026/07/08 15:41:04.427, 3, 100, 3, 97887
2026/07/08 15:41:04.445, 4, 0, 3, 97887
2026/07/08 15:41:04.468, 5, 0, 3, 97887
2026/07/08 15:41:04.491, 6, 0, 3, 97887
2026/07/08 15:41:04.514, 7, 0, 3, 97887
2026/07/08 15:41:05.540, 0, 0, 85456, 97887
2026/07/08 15:41:05.557, 1, 0, 87488, 97887
2026/07/08 15:41:05.573, 2, 100, 3, 97887
2026/07/08 15:41:05.588, 3, 100, 3, 97887
2026/07/08 15:41:05.604, 4, 0, 3, 97887
2026/07/08 15:41:05.621, 5, 0, 3, 97887
2026/07/08 15:41:05.636, 6, 0, 3, 97887
2026/07/08 15:41:05.653, 7, 0, 3, 97887
2026/07/08 15:41:06.668, 0, 0, 85456, 97887
2026/07/08 15:41:06.688, 1, 0, 87488, 97887
2026/07/08 15:41:06.703, 2, 100, 3, 97887
2026/07/08 15:41:06.718, 3, 100, 3, 97887
2026/07/08 15:41:06.732, 4, 0, 3, 97887
2026/07/08 15:41:06.748, 5, 0, 3, 97887
2026/07/08 15:41:06.765, 6, 0, 3, 97887
2026/07/08 15:41:06.779, 7, 0, 3, 97887
2026/07/08 15:41:07.795, 0, 0, 85456, 97887
2026/07/08 15:41:07.815, 1, 0, 87488, 97887
2026/07/08 15:41:07.831, 2, 100, 3, 97887
2026/07/08 15:41:07.849, 3, 100, 3, 97887
2026/07/08 15:41:07.865, 4, 0, 3, 97887
2026/07/08 15:41:07.881, 5, 0, 3, 97887
2026/07/08 15:41:07.896, 6, 0, 3, 97887
2026/07/08 15:41:07.911, 7, 0, 3, 97887
2026/07/08 15:41:08.925, 0, 0, 85456, 97887
2026/07/08 15:41:08.941, 1, 0, 87488, 97887
2026/07/08 15:41:08.954, 2, 100, 3, 97887
2026/07/08 15:41:08.968, 3, 100, 3, 97887
2026/07/08 15:41:08.983, 4, 0, 3, 97887
2026/07/08 15:41:08.997, 5, 0, 3, 97887
2026/07/08 15:41:09.012, 6, 0, 3, 97887
2026/07/08 15:41:09.027, 7, 0, 3, 97887
2026/07/08 15:41:10.041, 0, 0, 85456, 97887
2026/07/08 15:41:10.058, 1, 0, 87488, 97887
2026/07/08 15:41:10.074, 2, 100, 3, 97887
2026/07/08 15:41:10.091, 3, 100, 3, 97887
2026/07/08 15:41:10.113, 4, 0, 3, 97887
2026/07/08 15:41:10.128, 5, 0, 3, 97887
2026/07/08 15:41:10.143, 6, 0, 3, 97887
2026/07/08 15:41:10.158, 7, 0, 3, 97887
2026/07/08 15:41:11.171, 0, 0, 85456, 97887
2026/07/08 15:41:11.187, 1, 0, 87488, 97887
2026/07/08 15:41:11.198, 2, 100, 3, 97887
2026/07/08 15:41:11.210, 3, 100, 3, 97887
2026/07/08 15:41:11.223, 4, 0, 3, 97887
2026/07/08 15:41:11.238, 5, 0, 3, 97887
2026/07/08 15:41:11.250, 6, 0, 3, 97887
2026/07/08 15:41:11.265, 7, 0, 3, 97887
2026/07/08 15:41:12.280, 0, 0, 85456, 97887
2026/07/08 15:41:12.295, 1, 0, 87488, 97887
2026/07/08 15:41:12.311, 2, 100, 3, 97887
2026/07/08 15:41:12.325, 3, 100, 3, 97887
2026/07/08 15:41:12.341, 4, 0, 3, 97887
2026/07/08 15:41:12.358, 5, 0, 3, 97887
2026/07/08 15:41:12.374, 6, 0, 3, 97887
2026/07/08 15:41:12.390, 7, 0, 3, 97887
2026/07/08 15:41:13.408, 0, 0, 85456, 97887
2026/07/08 15:41:13.426, 1, 0, 87488, 97887
2026/07/08 15:41:13.441, 2, 100, 3, 97887
2026/07/08 15:41:13.456, 3, 100, 3, 97887
2026/07/08 15:41:13.471, 4, 0, 3, 97887
2026/07/08 15:41:13.488, 5, 0, 3, 97887
2026/07/08 15:41:13.503, 6, 0, 3, 97887
2026/07/08 15:41:13.520, 7, 0, 3, 97887
2026/07/08 15:41:14.536, 0, 0, 85456, 97887
2026/07/08 15:41:14.555, 1, 0, 87488, 97887
2026/07/08 15:41:14.573, 2, 100, 3, 97887
2026/07/08 15:41:14.590, 3, 100, 3, 97887
2026/07/08 15:41:14.605, 4, 0, 3, 97887
2026/07/08 15:41:14.621, 5, 0, 3, 97887
2026/07/08 15:41:14.634, 6, 0, 3, 97887
2026/07/08 15:41:14.648, 7, 0, 3, 97887
2026/07/08 15:41:15.665, 0, 0, 85456, 97887
2026/07/08 15:41:15.685, 1, 0, 87488, 97887
2026/07/08 15:41:15.704, 2, 100, 3, 97887
2026/07/08 15:41:15.730, 3, 100, 3, 97887
2026/07/08 15:41:15.750, 4, 0, 3, 97887
2026/07/08 15:41:15.765, 5, 0, 3, 97887
2026/07/08 15:41:15.783, 6, 0, 3, 97887
2026/07/08 15:41:15.800, 7, 0, 3, 97887
2026/07/08 15:41:16.815, 0, 0, 85456, 97887
2026/07/08 15:41:16.832, 1, 0, 87488, 97887
2026/07/08 15:41:16.847, 2, 100, 3, 97887
2026/07/08 15:41:16.864, 3, 100, 3, 97887
2026/07/08 15:41:16.881, 4, 0, 3, 97887
2026/07/08 15:41:16.896, 5, 0, 3, 97887
2026/07/08 15:41:16.911, 6, 0, 3, 97887
2026/07/08 15:41:16.927, 7, 0, 3, 97887
2026/07/08 15:41:17.943, 0, 0, 85456, 97887
2026/07/08 15:41:17.957, 1, 0, 87488, 97887
2026/07/08 15:41:17.972, 2, 100, 3, 97887
2026/07/08 15:41:17.987, 3, 100, 3, 97887
2026/07/08 15:41:18.003, 4, 0, 3, 97887
2026/07/08 15:41:18.018, 5, 0, 3, 97887
2026/07/08 15:41:18.035, 6, 0, 3, 97887
2026/07/08 15:41:18.053, 7, 0, 3, 97887
2026/07/08 15:41:19.067, 0, 0, 85456, 97887
2026/07/08 15:41:19.084, 1, 0, 87488, 97887
2026/07/08 15:41:19.102, 2, 100, 3, 97887
2026/07/08 15:41:19.119, 3, 100, 3, 97887
2026/07/08 15:41:19.128, 4, 0, 3, 97887
2026/07/08 15:41:19.138, 5, 0, 3, 97887
2026/07/08 15:41:19.153, 6, 0, 3, 97887
2026/07/08 15:41:19.171, 7, 0, 3, 97887
2026/07/08 15:41:20.191, 0, 0, 85456, 97887
2026/07/08 15:41:20.209, 1, 0, 87488, 97887
2026/07/08 15:41:20.226, 2, 100, 3, 97887
2026/07/08 15:41:20.242, 3, 100, 3, 97887
2026/07/08 15:41:20.259, 4, 0, 3, 97887
2026/07/08 15:41:20.275, 5, 0, 3, 97887
2026/07/08 15:41:20.291, 6, 0, 3, 97887
2026/07/08 15:41:20.308, 7, 0, 3, 97887
2026/07/08 15:41:21.324, 0, 0, 85456, 97887
2026/07/08 15:41:21.343, 1, 0, 87488, 97887
2026/07/08 15:41:21.360, 2, 100, 3, 97887
2026/07/08 15:41:21.378, 3, 100, 3, 97887
2026/07/08 15:41:21.396, 4, 0, 3, 97887
2026/07/08 15:41:21.415, 5, 0, 3, 97887
2026/07/08 15:41:21.434, 6, 0, 3, 97887
2026/07/08 15:41:21.452, 7, 0, 3, 97887
2026/07/08 15:41:22.470, 0, 0, 85456, 97887
2026/07/08 15:41:22.485, 1, 0, 87488, 97887
2026/07/08 15:41:22.501, 2, 100, 3, 97887
2026/07/08 15:41:22.515, 3, 100, 3, 97887
2026/07/08 15:41:22.526, 4, 0, 3, 97887
2026/07/08 15:41:22.541, 5, 0, 3, 97887
2026/07/08 15:41:22.549, 6, 0, 3, 97887
2026/07/08 15:41:22.556, 7, 0, 3, 97887
2026/07/08 15:41:23.567, 0, 0, 85456, 97887
2026/07/08 15:41:23.577, 1, 0, 87488, 97887
2026/07/08 15:41:23.587, 2, 100, 3, 97887
2026/07/08 15:41:23.600, 3, 100, 3, 97887
2026/07/08 15:41:23.611, 4, 0, 3, 97887
2026/07/08 15:41:23.625, 5, 0, 3, 97887
2026/07/08 15:41:23.636, 6, 0, 3, 97887
2026/07/08 15:41:23.646, 7, 0, 3, 97887
2026/07/08 15:41:24.656, 0, 0, 85456, 97887
2026/07/08 15:41:24.671, 1, 0, 87488, 97887
2026/07/08 15:41:24.686, 2, 100, 3, 97887
2026/07/08 15:41:24.700, 3, 100, 3, 97887
2026/07/08 15:41:24.715, 4, 0, 3, 97887
2026/07/08 15:41:24.729, 5, 0, 3, 97887
2026/07/08 15:41:24.743, 6, 0, 3, 97887
2026/07/08 15:41:24.755, 7, 0, 3, 97887
2026/07/08 15:41:25.769, 0, 0, 85456, 97887
2026/07/08 15:41:25.786, 1, 0, 87488, 97887
2026/07/08 15:41:25.802, 2, 100, 3, 97887
2026/07/08 15:41:25.818, 3, 100, 3, 97887
2026/07/08 15:41:25.833, 4, 0, 3, 97887
2026/07/08 15:41:25.847, 5, 0, 3, 97887
2026/07/08 15:41:25.856, 6, 0, 3, 97887
2026/07/08 15:41:25.871, 7, 0, 3, 97887
2026/07/08 15:41:26.884, 0, 0, 85456, 97887
2026/07/08 15:41:26.895, 1, 0, 87488, 97887
2026/07/08 15:41:26.908, 2, 100, 3, 97887
2026/07/08 15:41:26.919, 3, 100, 3, 97887
2026/07/08 15:41:26.930, 4, 0, 3, 97887
2026/07/08 15:41:26.939, 5, 0, 3, 97887
2026/07/08 15:41:26.949, 6, 0, 3, 97887
2026/07/08 15:41:26.957, 7, 0, 3, 97887
2026/07/08 15:41:27.969, 0, 0, 85456, 97887
2026/07/08 15:41:27.983, 1, 0, 87488, 97887
2026/07/08 15:41:27.998, 2, 100, 3, 97887
2026/07/08 15:41:28.013, 3, 100, 3, 97887
2026/07/08 15:41:28.027, 4, 0, 3, 97887
2026/07/08 15:41:28.039, 5, 0, 3, 97887
2026/07/08 15:41:28.052, 6, 0, 3, 97887
2026/07/08 15:41:28.067, 7, 0, 3, 97887
2026/07/08 15:41:29.082, 0, 0, 85456, 97887
2026/07/08 15:41:29.093, 1, 0, 87488, 97887
2026/07/08 15:41:29.105, 2, 100, 3, 97887
2026/07/08 15:41:29.116, 3, 100, 3, 97887
2026/07/08 15:41:29.128, 4, 0, 3, 97887
2026/07/08 15:41:29.142, 5, 0, 3, 97887
2026/07/08 15:41:29.157, 6, 0, 3, 97887
2026/07/08 15:41:29.174, 7, 0, 3, 97887
2026/07/08 15:41:30.190, 0, 0, 85456, 97887
2026/07/08 15:41:30.207, 1, 0, 87488, 97887
2026/07/08 15:41:30.223, 2, 100, 3, 97887
2026/07/08 15:41:30.239, 3, 100, 3, 97887
2026/07/08 15:41:30.255, 4, 0, 3, 97887
2026/07/08 15:41:30.271, 5, 0, 3, 97887
2026/07/08 15:41:30.287, 6, 0, 3, 97887
2026/07/08 15:41:30.301, 7, 0, 3, 97887
2026/07/08 15:41:31.315, 0, 0, 85456, 97887
2026/07/08 15:41:31.330, 1, 0, 87488, 97887
2026/07/08 15:41:31.347, 2, 100, 3, 97887
2026/07/08 15:41:31.361, 3, 100, 3, 97887
2026/07/08 15:41:31.370, 4, 0, 3, 97887
2026/07/08 15:41:31.385, 5, 0, 3, 97887
2026/07/08 15:41:31.400, 6, 0, 3, 97887
2026/07/08 15:41:31.414, 7, 0, 3, 97887
2026/07/08 15:41:32.429, 0, 0, 85456, 97887
2026/07/08 15:41:32.440, 1, 0, 87488, 97887
2026/07/08 15:41:32.454, 2, 100, 3, 97887
2026/07/08 15:41:32.467, 3, 100, 3, 97887
2026/07/08 15:41:32.482, 4, 0, 3, 97887
2026/07/08 15:41:32.495, 5, 0, 3, 97887
2026/07/08 15:41:32.504, 6, 0, 3, 97887
2026/07/08 15:41:32.513, 7, 0, 3, 97887
2026/07/08 15:41:33.522, 0, 0, 85456, 97887
2026/07/08 15:41:33.539, 1, 0, 87488, 97887
2026/07/08 15:41:33.554, 2, 100, 3, 97887
2026/07/08 15:41:33.571, 3, 100, 3, 97887
2026/07/08 15:41:33.586, 4, 0, 3, 97887
2026/07/08 15:41:33.600, 5, 0, 3, 97887
2026/07/08 15:41:33.615, 6, 0, 3, 97887
2026/07/08 15:41:33.630, 7, 0, 3, 97887
2026/07/08 15:41:34.645, 0, 0, 85456, 97887
2026/07/08 15:41:34.658, 1, 0, 87488, 97887
2026/07/08 15:41:34.675, 2, 100, 3, 97887
2026/07/08 15:41:34.689, 3, 100, 3, 97887
2026/07/08 15:41:34.704, 4, 0, 3, 97887
2026/07/08 15:41:34.719, 5, 0, 3, 97887
2026/07/08 15:41:34.735, 6, 0, 3, 97887
2026/07/08 15:41:34.750, 7, 0, 3, 97887
2026/07/08 15:41:35.764, 0, 0, 85456, 97887
2026/07/08 15:41:35.776, 1, 0, 87488, 97887
2026/07/08 15:41:35.788, 2, 100, 3, 97887
2026/07/08 15:41:35.798, 3, 100, 3, 97887
2026/07/08 15:41:35.809, 4, 0, 3, 97887
2026/07/08 15:41:35.821, 5, 0, 3, 97887
2026/07/08 15:41:35.832, 6, 0, 3, 97887
2026/07/08 15:41:35.845, 7, 0, 3, 97887
2026/07/08 15:41:36.858, 0, 0, 85456, 97887
2026/07/08 15:41:36.873, 1, 0, 87488, 97887
2026/07/08 15:41:36.887, 2, 100, 3, 97887
2026/07/08 15:41:36.900, 3, 100, 3, 97887
2026/07/08 15:41:36.908, 4, 0, 3, 97887
2026/07/08 15:41:36.915, 5, 0, 3, 97887
2026/07/08 15:41:36.927, 6, 0, 3, 97887
2026/07/08 15:41:36.940, 7, 0, 3, 97887
2026/07/08 15:41:37.953, 0, 0, 85456, 97887
2026/07/08 15:41:37.970, 1, 0, 87488, 97887
2026/07/08 15:41:37.985, 2, 100, 3, 97887
2026/07/08 15:41:38.001, 3, 100, 3, 97887
2026/07/08 15:41:38.015, 4, 0, 3, 97887
2026/07/08 15:41:38.029, 5, 0, 3, 97887
2026/07/08 15:41:38.042, 6, 0, 3, 97887
2026/07/08 15:41:38.057, 7, 0, 3, 97887
2026/07/08 15:41:39.073, 0, 0, 85456, 97887
2026/07/08 15:41:39.089, 1, 0, 87488, 97887
2026/07/08 15:41:39.105, 2, 100, 3, 97887
2026/07/08 15:41:39.119, 3, 100, 3, 97887
2026/07/08 15:41:39.135, 4, 0, 3, 97887
2026/07/08 15:41:39.150, 5, 0, 3, 97887
2026/07/08 15:41:39.167, 6, 0, 3, 97887
2026/07/08 15:41:39.185, 7, 0, 3, 97887
2026/07/08 15:41:40.204, 0, 0, 85456, 97887
2026/07/08 15:41:40.220, 1, 0, 87488, 97887
2026/07/08 15:41:40.233, 2, 100, 3, 97887
2026/07/08 15:41:40.247, 3, 100, 3, 97887
2026/07/08 15:41:40.262, 4, 0, 3, 97887
2026/07/08 15:41:40.277, 5, 0, 3, 97887
2026/07/08 15:41:40.289, 6, 0, 3, 97887
2026/07/08 15:41:40.302, 7, 0, 3, 97887
2026/07/08 15:41:41.316, 0, 0, 85456, 97887
2026/07/08 15:41:41.330, 1, 0, 87488, 97887
2026/07/08 15:41:41.345, 2, 100, 3, 97887
2026/07/08 15:41:41.361, 3, 100, 3, 97887
2026/07/08 15:41:41.375, 4, 0, 3, 97887
2026/07/08 15:41:41.388, 5, 0, 3, 97887
2026/07/08 15:41:41.397, 6, 0, 3, 97887
2026/07/08 15:41:41.407, 7, 0, 3, 97887
2026/07/08 15:41:42.419, 0, 0, 85456, 97887
2026/07/08 15:41:42.435, 1, 0, 87488, 97887
2026/07/08 15:41:42.452, 2, 100, 3, 97887
2026/07/08 15:41:42.468, 3, 100, 3, 97887
2026/07/08 15:41:42.484, 4, 0, 3, 97887
2026/07/08 15:41:42.500, 5, 0, 3, 97887
2026/07/08 15:41:42.515, 6, 0, 3, 97887
2026/07/08 15:41:42.527, 7, 0, 3, 97887
2026/07/08 15:41:43.540, 0, 0, 85456, 97887
2026/07/08 15:41:43.556, 1, 0, 87488, 97887
2026/07/08 15:41:43.575, 2, 100, 3, 97887
2026/07/08 15:41:43.592, 3, 100, 3, 97887
2026/07/08 15:41:43.608, 4, 0, 3, 97887
2026/07/08 15:41:43.625, 5, 0, 3, 97887
2026/07/08 15:41:43.642, 6, 0, 3, 97887
2026/07/08 15:41:43.661, 7, 0, 3, 97887
2026/07/08 15:41:44.678, 0, 0, 85456, 97887
2026/07/08 15:41:44.693, 1, 0, 87488, 97887
2026/07/08 15:41:44.708, 2, 100, 3, 97887
2026/07/08 15:41:44.724, 3, 100, 3, 97887
2026/07/08 15:41:44.738, 4, 0, 3, 97887
2026/07/08 15:41:44.753, 5, 0, 3, 97887
2026/07/08 15:41:44.768, 6, 0, 3, 97887
2026/07/08 15:41:44.782, 7, 0, 3, 97887
2026/07/08 15:41:45.793, 0, 0, 85456, 97887
2026/07/08 15:41:45.809, 1, 0, 87488, 97887
2026/07/08 15:41:45.825, 2, 100, 3, 97887
2026/07/08 15:41:45.842, 3, 100, 3, 97887
2026/07/08 15:41:45.859, 4, 0, 3, 97887
2026/07/08 15:41:45.877, 5, 0, 3, 97887
2026/07/08 15:41:45.892, 6, 0, 3, 97887
2026/07/08 15:41:45.905, 7, 0, 3, 97887
2026/07/08 15:41:46.918, 0, 0, 85456, 97887
2026/07/08 15:41:46.936, 1, 0, 87488, 97887
2026/07/08 15:41:46.953, 2, 100, 3, 97887
2026/07/08 15:41:46.965, 3, 100, 3, 97887
2026/07/08 15:41:46.979, 4, 0, 3, 97887
2026/07/08 15:41:46.995, 5, 0, 3, 97887
2026/07/08 15:41:47.010, 6, 0, 3, 97887
2026/07/08 15:41:47.025, 7, 0, 3, 97887
2026/07/08 15:41:48.040, 0, 0, 85456, 97887
2026/07/08 15:41:48.057, 1, 0, 87488, 97887
2026/07/08 15:41:48.071, 2, 100, 3, 97887
2026/07/08 15:41:48.087, 3, 100, 3, 97887
2026/07/08 15:41:48.104, 4, 0, 3, 97887
2026/07/08 15:41:48.121, 5, 0, 3, 97887
2026/07/08 15:41:48.138, 6, 0, 3, 97887
2026/07/08 15:41:48.155, 7, 0, 3, 97887
2026/07/08 15:41:49.173, 0, 0, 85456, 97887
2026/07/08 15:41:49.194, 1, 0, 87488, 97887
2026/07/08 15:41:49.214, 2, 100, 3, 97887
2026/07/08 15:41:49.232, 3, 100, 3, 97887
2026/07/08 15:41:49.250, 4, 0, 3, 97887
2026/07/08 15:41:49.270, 5, 0, 3, 97887
2026/07/08 15:41:49.289, 6, 0, 3, 97887
2026/07/08 15:41:49.305, 7, 0, 3, 97887
2026/07/08 15:41:50.323, 0, 0, 85456, 97887
2026/07/08 15:41:50.340, 1, 0, 87488, 97887
2026/07/08 15:41:50.355, 2, 100, 3, 97887
2026/07/08 15:41:50.370, 3, 100, 3, 97887
2026/07/08 15:41:50.388, 4, 0, 3, 97887
2026/07/08 15:41:50.405, 5, 0, 3, 97887
2026/07/08 15:41:50.422, 6, 0, 3, 97887
2026/07/08 15:41:50.438, 7, 0, 3, 97887
2026/07/08 15:41:51.455, 0, 0, 85456, 97887
2026/07/08 15:41:51.473, 1, 0, 87488, 97887
2026/07/08 15:41:51.490, 2, 100, 3, 97887
2026/07/08 15:41:51.507, 3, 100, 3, 97887
2026/07/08 15:41:51.523, 4, 0, 3, 97887
2026/07/08 15:41:51.539, 5, 0, 3, 97887
2026/07/08 15:41:51.552, 6, 0, 3, 97887
2026/07/08 15:41:51.565, 7, 0, 3, 97887
2026/07/08 15:41:52.578, 0, 0, 85456, 97887
2026/07/08 15:41:52.594, 1, 0, 87488, 97887
2026/07/08 15:41:52.611, 2, 100, 3, 97887
2026/07/08 15:41:52.626, 3, 100, 3, 97887
2026/07/08 15:41:52.642, 4, 0, 3, 97887
2026/07/08 15:41:52.659, 5, 0, 3, 97887
2026/07/08 15:41:52.676, 6, 0, 3, 97887
2026/07/08 15:41:52.692, 7, 0, 3, 97887
2026/07/08 15:41:53.709, 0, 0, 85456, 97887
2026/07/08 15:41:53.725, 1, 0, 87488, 97887
2026/07/08 15:41:53.743, 2, 100, 3, 97887
2026/07/08 15:41:53.754, 3, 100, 3, 97887
2026/07/08 15:41:53.766, 4, 0, 3, 97887
2026/07/08 15:41:53.777, 5, 0, 3, 97887
2026/07/08 15:41:53.784, 6, 0, 3, 97887
2026/07/08 15:41:53.793, 7, 0, 3, 97887
2026/07/08 15:41:54.805, 0, 0, 85456, 97887
2026/07/08 15:41:54.821, 1, 0, 87488, 97887
2026/07/08 15:41:54.837, 2, 100, 3, 97887
2026/07/08 15:41:54.852, 3, 100, 3, 97887
2026/07/08 15:41:54.863, 4, 0, 3, 97887
2026/07/08 15:41:54.880, 5, 0, 3, 97887
2026/07/08 15:41:54.894, 6, 0, 3, 97887
2026/07/08 15:41:54.910, 7, 0, 3, 97887
2026/07/08 15:41:55.928, 0, 0, 85456, 97887
2026/07/08 15:41:55.944, 1, 0, 87488, 97887
2026/07/08 15:41:55.961, 2, 100, 3, 97887
2026/07/08 15:41:55.977, 3, 100, 3, 97887
2026/07/08 15:41:55.992, 4, 0, 3, 97887
2026/07/08 15:41:56.009, 5, 0, 3, 97887
2026/07/08 15:41:56.026, 6, 0, 3, 97887
2026/07/08 15:41:56.040, 7, 0, 3, 97887
2026/07/08 15:41:57.055, 0, 0, 85456, 97887
2026/07/08 15:41:57.074, 1, 0, 87488, 97887
2026/07/08 15:41:57.087, 2, 100, 3, 97887
2026/07/08 15:41:57.102, 3, 100, 3, 97887
2026/07/08 15:41:57.118, 4, 0, 3, 97887
2026/07/08 15:41:57.134, 5, 0, 3, 97887
2026/07/08 15:41:57.152, 6, 0, 3, 97887
2026/07/08 15:41:57.169, 7, 0, 3, 97887
2026/07/08 15:41:58.187, 0, 0, 85456, 97887
2026/07/08 15:41:58.201, 1, 0, 87488, 97887
2026/07/08 15:41:58.216, 2, 100, 3, 97887
2026/07/08 15:41:58.232, 3, 100, 3, 97887
2026/07/08 15:41:58.246, 4, 0, 3, 97887
2026/07/08 15:41:58.262, 5, 0, 3, 97887
2026/07/08 15:41:58.276, 6, 0, 3, 97887
2026/07/08 15:41:58.290, 7, 0, 3, 97887
2026/07/08 15:41:59.305, 0, 0, 85456, 97887
2026/07/08 15:41:59.322, 1, 0, 87488, 97887
2026/07/08 15:41:59.335, 2, 100, 3, 97887
2026/07/08 15:41:59.352, 3, 100, 3, 97887
2026/07/08 15:41:59.367, 4, 0, 3, 97887
2026/07/08 15:41:59.381, 5, 0, 3, 97887
2026/07/08 15:41:59.394, 6, 0, 3, 97887
2026/07/08 15:41:59.407, 7, 0, 3, 97887
2026/07/08 15:42:00.420, 0, 0, 85456, 97887
2026/07/08 15:42:00.438, 1, 0, 87488, 97887
2026/07/08 15:42:00.450, 2, 100, 3, 97887
2026/07/08 15:42:00.463, 3, 100, 3, 97887
2026/07/08 15:42:00.477, 4, 0, 3, 97887
2026/07/08 15:42:00.494, 5, 0, 3, 97887
2026/07/08 15:42:00.514, 6, 0, 3, 97887
2026/07/08 15:42:00.531, 7, 0, 3, 97887
2026/07/08 15:42:01.550, 0, 0, 85456, 97887
2026/07/08 15:42:01.569, 1, 0, 87488, 97887
2026/07/08 15:42:01.583, 2, 100, 3, 97887
2026/07/08 15:42:01.598, 3, 100, 3, 97887
2026/07/08 15:42:01.613, 4, 0, 3, 97887
2026/07/08 15:42:01.625, 5, 0, 3, 97887
2026/07/08 15:42:01.642, 6, 0, 3, 97887
2026/07/08 15:42:01.657, 7, 0, 3, 97887
2026/07/08 15:42:02.670, 0, 0, 85456, 97887
2026/07/08 15:42:02.683, 1, 0, 87488, 97887
2026/07/08 15:42:02.694, 2, 100, 3, 97887
2026/07/08 15:42:02.708, 3, 100, 3, 97887
2026/07/08 15:42:02.721, 4, 0, 3, 97887
2026/07/08 15:42:02.739, 5, 0, 3, 97887
2026/07/08 15:42:02.754, 6, 0, 3, 97887
2026/07/08 15:42:02.771, 7, 0, 3, 97887
2026/07/08 15:42:03.789, 0, 0, 85456, 97887
2026/07/08 15:42:03.805, 1, 0, 87488, 97887
2026/07/08 15:42:03.823, 2, 100, 3, 97887
2026/07/08 15:42:03.841, 3, 100, 3, 97887
2026/07/08 15:42:03.859, 4, 0, 3, 97887
2026/07/08 15:42:03.878, 5, 0, 3, 97887
2026/07/08 15:42:03.893, 6, 0, 3, 97887
2026/07/08 15:42:03.908, 7, 0, 3, 97887
2026/07/08 15:42:04.924, 0, 0, 85456, 97887
2026/07/08 15:42:04.940, 1, 0, 87488, 97887
2026/07/08 15:42:04.955, 2, 100, 3, 97887
2026/07/08 15:42:04.971, 3, 100, 3, 97887
2026/07/08 15:42:04.989, 4, 0, 3, 97887
2026/07/08 15:42:05.004, 5, 0, 3, 97887
2026/07/08 15:42:05.022, 6, 0, 3, 97887
2026/07/08 15:42:05.040, 7, 0, 3, 97887
2026/07/08 15:42:06.058, 0, 0, 85456, 97887
2026/07/08 15:42:06.074, 1, 0, 87488, 97887
2026/07/08 15:42:06.089, 2, 100, 3, 97887
2026/07/08 15:42:06.106, 3, 100, 3, 97887
2026/07/08 15:42:06.121, 4, 0, 3, 97887
2026/07/08 15:42:06.134, 5, 0, 3, 97887
2026/07/08 15:42:06.150, 6, 0, 3, 97887
2026/07/08 15:42:06.165, 7, 0, 3, 97887
2026/07/08 15:42:07.184, 0, 0, 85456, 97887
2026/07/08 15:42:07.199, 1, 0, 87488, 97887
2026/07/08 15:42:07.221, 2, 100, 3, 97887
2026/07/08 15:42:07.235, 3, 100, 3, 97887
2026/07/08 15:42:07.245, 4, 0, 3, 97887
2026/07/08 15:42:07.254, 5, 0, 3, 97887
2026/07/08 15:42:07.269, 6, 0, 3, 97887
2026/07/08 15:42:07.283, 7, 0, 3, 97887
2026/07/08 15:42:08.296, 0, 0, 85456, 97887
2026/07/08 15:42:08.314, 1, 0, 87488, 97887
2026/07/08 15:42:08.330, 2, 100, 3, 97887
2026/07/08 15:42:08.345, 3, 100, 3, 97887
2026/07/08 15:42:08.363, 4, 0, 3, 97887
2026/07/08 15:42:08.379, 5, 0, 3, 97887
2026/07/08 15:42:08.394, 6, 0, 3, 97887
2026/07/08 15:42:08.409, 7, 0, 3, 97887
2026/07/08 15:42:09.421, 0, 0, 85456, 97887
2026/07/08 15:42:09.438, 1, 0, 87488, 97887
2026/07/08 15:42:09.455, 2, 100, 3, 97887
2026/07/08 15:42:09.473, 3, 100, 3, 97887
2026/07/08 15:42:09.491, 4, 0, 3, 97887
2026/07/08 15:42:09.510, 5, 0, 3, 97887
2026/07/08 15:42:09.528, 6, 0, 3, 97887
2026/07/08 15:42:09.546, 7, 0, 3, 97887
2026/07/08 15:42:10.563, 0, 0, 85456, 97887
2026/07/08 15:42:10.578, 1, 0, 87488, 97887
2026/07/08 15:42:10.590, 2, 100, 3, 97887
2026/07/08 15:42:10.602, 3, 100, 3, 97887
2026/07/08 15:42:10.619, 4, 0, 3, 97887
2026/07/08 15:42:10.633, 5, 0, 3, 97887
2026/07/08 15:42:10.647, 6, 0, 3, 97887
2026/07/08 15:42:10.665, 7, 0, 3, 97887
2026/07/08 15:42:11.682, 0, 0, 85456, 97887
2026/07/08 15:42:11.700, 1, 0, 87488, 97887
2026/07/08 15:42:11.715, 2, 100, 3, 97887
2026/07/08 15:42:11.730, 3, 100, 3, 97887
2026/07/08 15:42:11.746, 4, 0, 3, 97887
2026/07/08 15:42:11.762, 5, 0, 3, 97887
2026/07/08 15:42:11.777, 6, 0, 3, 97887
2026/07/08 15:42:11.794, 7, 0, 3, 97887
2026/07/08 15:42:12.811, 0, 0, 85456, 97887
2026/07/08 15:42:12.827, 1, 0, 87488, 97887
2026/07/08 15:42:12.842, 2, 100, 3, 97887
2026/07/08 15:42:12.856, 3, 100, 3, 97887
2026/07/08 15:42:12.870, 4, 0, 3, 97887
2026/07/08 15:42:12.886, 5, 0, 3, 97887
2026/07/08 15:42:12.901, 6, 0, 3, 97887
2026/07/08 15:42:12.917, 7, 0, 3, 97887
2026/07/08 15:42:13.932, 0, 0, 85456, 97887
2026/07/08 15:42:13.950, 1, 0, 87488, 97887
2026/07/08 15:42:13.967, 2, 100, 3, 97887
2026/07/08 15:42:13.982, 3, 100, 3, 97887
2026/07/08 15:42:14.000, 4, 0, 3, 97887
2026/07/08 15:42:14.017, 5, 0, 3, 97887
2026/07/08 15:42:14.034, 6, 0, 3, 97887
2026/07/08 15:42:14.051, 7, 0, 3, 97887
2026/07/08 15:42:15.066, 0, 0, 85456, 97887
2026/07/08 15:42:15.083, 1, 0, 87488, 97887
2026/07/08 15:42:15.099, 2, 100, 3, 97887
2026/07/08 15:42:15.114, 3, 100, 3, 97887
2026/07/08 15:42:15.127, 4, 0, 3, 97887
2026/07/08 15:42:15.137, 5, 0, 3, 97887
2026/07/08 15:42:15.148, 6, 0, 3, 97887
2026/07/08 15:42:15.160, 7, 0, 3, 97887
2026/07/08 15:42:16.174, 0, 0, 85456, 97887
2026/07/08 15:42:16.193, 1, 0, 87488, 97887
2026/07/08 15:42:16.210, 2, 100, 3, 97887
2026/07/08 15:42:16.227, 3, 100, 3, 97887
2026/07/08 15:42:16.243, 4, 0, 3, 97887
2026/07/08 15:42:16.261, 5, 0, 3, 97887
2026/07/08 15:42:16.280, 6, 0, 3, 97887
2026/07/08 15:42:16.298, 7, 0, 3, 97887
2026/07/08 15:42:17.316, 0, 0, 85456, 97887
2026/07/08 15:42:17.334, 1, 0, 87488, 97887
2026/07/08 15:42:17.353, 2, 100, 3, 97887
2026/07/08 15:42:17.371, 3, 100, 3, 97887
2026/07/08 15:42:17.387, 4, 0, 3, 97887
2026/07/08 15:42:17.402, 5, 0, 3, 97887
2026/07/08 15:42:17.417, 6, 0, 3, 97887
2026/07/08 15:42:17.434, 7, 0, 3, 97887
2026/07/08 15:42:18.451, 0, 0, 85456, 97887
2026/07/08 15:42:18.468, 1, 0, 87488, 97887
2026/07/08 15:42:18.486, 2, 100, 3, 97887
2026/07/08 15:42:18.502, 3, 100, 3, 97887
2026/07/08 15:42:18.520, 4, 0, 3, 97887
2026/07/08 15:42:18.536, 5, 0, 3, 97887
2026/07/08 15:42:18.553, 6, 0, 3, 97887
2026/07/08 15:42:18.570, 7, 0, 3, 97887
2026/07/08 15:42:19.587, 0, 0, 85456, 97887
2026/07/08 15:42:19.604, 1, 0, 87488, 97887
2026/07/08 15:42:19.620, 2, 100, 3, 97887
2026/07/08 15:42:19.634, 3, 100, 3, 97887
2026/07/08 15:42:19.649, 4, 0, 3, 97887
2026/07/08 15:42:19.663, 5, 0, 3, 97887
2026/07/08 15:42:19.679, 6, 0, 3, 97887
2026/07/08 15:42:19.696, 7, 0, 3, 97887
2026/07/08 15:42:20.711, 0, 0, 85456, 97887
2026/07/08 15:42:20.729, 1, 0, 87488, 97887
2026/07/08 15:42:20.747, 2, 100, 3, 97887
2026/07/08 15:42:20.763, 3, 100, 3, 97887
2026/07/08 15:42:20.778, 4, 0, 3, 97887
2026/07/08 15:42:20.794, 5, 0, 3, 97887
2026/07/08 15:42:20.811, 6, 0, 3, 97887
2026/07/08 15:42:20.828, 7, 0, 3, 97887
2026/07/08 15:42:21.847, 0, 0, 85456, 97887
2026/07/08 15:42:21.863, 1, 0, 87488, 97887
2026/07/08 15:42:21.880, 2, 100, 3, 97887
2026/07/08 15:42:21.905, 3, 100, 3, 97887
2026/07/08 15:42:21.919, 4, 0, 3, 97887
2026/07/08 15:42:21.935, 5, 0, 3, 97887
2026/07/08 15:42:21.951, 6, 0, 3, 97887
2026/07/08 15:42:21.969, 7, 0, 3, 97887
2026/07/08 15:42:22.991, 0, 0, 85456, 97887
2026/07/08 15:42:23.010, 1, 0, 87488, 97887
2026/07/08 15:42:23.025, 2, 100, 3, 97887
2026/07/08 15:42:23.040, 3, 100, 3, 97887
2026/07/08 15:42:23.056, 4, 0, 3, 97887
2026/07/08 15:42:23.073, 5, 0, 3, 97887
2026/07/08 15:42:23.088, 6, 0, 3, 97887
2026/07/08 15:42:23.102, 7, 0, 3, 97887
2026/07/08 15:42:24.120, 0, 0, 85456, 97887
2026/07/08 15:42:24.133, 1, 0, 87488, 97887
2026/07/08 15:42:24.144, 2, 100, 3, 97887
2026/07/08 15:42:24.161, 3, 100, 3, 97887
2026/07/08 15:42:24.177, 4, 0, 3, 97887
2026/07/08 15:42:24.191, 5, 0, 3, 97887
2026/07/08 15:42:24.207, 6, 0, 3, 97887
2026/07/08 15:42:24.223, 7, 0, 3, 97887
2026/07/08 15:42:25.240, 0, 0, 85456, 97887
2026/07/08 15:42:25.257, 1, 0, 87488, 97887
2026/07/08 15:42:25.274, 2, 100, 3, 97887
2026/07/08 15:42:25.291, 3, 100, 3, 97887
2026/07/08 15:42:25.310, 4, 0, 3, 97887
2026/07/08 15:42:25.327, 5, 0, 3, 97887
2026/07/08 15:42:25.343, 6, 0, 3, 97887
2026/07/08 15:42:25.359, 7, 0, 3, 97887
2026/07/08 15:42:26.374, 0, 0, 85456, 97887
2026/07/08 15:42:26.392, 1, 0, 87488, 97887
2026/07/08 15:42:26.408, 2, 100, 3, 97887
2026/07/08 15:42:26.425, 3, 100, 3, 97887
2026/07/08 15:42:26.442, 4, 0, 3, 97887
2026/07/08 15:42:26.459, 5, 0, 3, 97887
2026/07/08 15:42:26.475, 6, 0, 3, 97887
2026/07/08 15:42:26.493, 7, 0, 3, 97887
2026/07/08 15:42:27.511, 0, 0, 85456, 97887
2026/07/08 15:42:27.525, 1, 0, 87488, 97887
2026/07/08 15:42:27.542, 2, 100, 3, 97887
2026/07/08 15:42:27.551, 3, 100, 3, 97887
2026/07/08 15:42:27.560, 4, 0, 3, 97887
2026/07/08 15:42:27.572, 5, 0, 3, 97887
2026/07/08 15:42:27.589, 6, 0, 3, 97887
2026/07/08 15:42:27.607, 7, 0, 3, 97887
2026/07/08 15:42:28.622, 0, 0, 85456, 97887
2026/07/08 15:42:28.640, 1, 0, 87488, 97887
2026/07/08 15:42:28.656, 2, 100, 3, 97887
2026/07/08 15:42:28.671, 3, 100, 3, 97887
2026/07/08 15:42:28.686, 4, 0, 3, 97887
2026/07/08 15:42:28.697, 5, 0, 3, 97887
2026/07/08 15:42:28.713, 6, 0, 3, 97887
2026/07/08 15:42:28.728, 7, 0, 3, 97887
2026/07/08 15:42:29.742, 0, 0, 85456, 97887
2026/07/08 15:42:29.755, 1, 0, 87488, 97887
2026/07/08 15:42:29.767, 2, 100, 3, 97887
2026/07/08 15:42:29.779, 3, 100, 3, 97887
2026/07/08 15:42:29.792, 4, 0, 3, 97887
2026/07/08 15:42:29.808, 5, 0, 3, 97887
2026/07/08 15:42:29.821, 6, 0, 3, 97887
2026/07/08 15:42:29.833, 7, 0, 3, 97887
2026/07/08 15:42:30.846, 0, 0, 85456, 97887
2026/07/08 15:42:30.864, 1, 0, 87488, 97887
2026/07/08 15:42:30.877, 2, 100, 3, 97887
2026/07/08 15:42:30.889, 3, 100, 3, 97887
2026/07/08 15:42:30.901, 4, 0, 3, 97887
2026/07/08 15:42:30.914, 5, 0, 3, 97887
2026/07/08 15:42:30.926, 6, 0, 3, 97887
2026/07/08 15:42:30.938, 7, 0, 3, 97887
2026/07/08 15:42:31.950, 0, 0, 85456, 97887
2026/07/08 15:42:31.969, 1, 0, 87488, 97887
2026/07/08 15:42:31.986, 2, 100, 3, 97887
2026/07/08 15:42:32.004, 3, 100, 3, 97887
2026/07/08 15:42:32.020, 4, 0, 3, 97887
2026/07/08 15:42:32.037, 5, 0, 3, 97887
2026/07/08 15:42:32.053, 6, 0, 3, 97887
2026/07/08 15:42:32.069, 7, 0, 3, 97887
2026/07/08 15:42:33.084, 0, 0, 85456, 97887
2026/07/08 15:42:33.106, 1, 0, 87488, 97887
2026/07/08 15:42:33.124, 2, 100, 3, 97887
2026/07/08 15:42:33.143, 3, 100, 3, 97887
2026/07/08 15:42:33.161, 4, 0, 3, 97887
2026/07/08 15:42:33.183, 5, 0, 3, 97887
2026/07/08 15:42:33.202, 6, 0, 3, 97887
2026/07/08 15:42:33.226, 7, 0, 3, 97887
2026/07/08 15:42:34.242, 0, 0, 85456, 97887
2026/07/08 15:42:34.256, 1, 0, 87488, 97887
2026/07/08 15:42:34.269, 2, 100, 3, 97887
2026/07/08 15:42:34.282, 3, 100, 3, 97887
2026/07/08 15:42:34.299, 4, 0, 3, 97887
2026/07/08 15:42:34.316, 5, 0, 3, 97887
2026/07/08 15:42:34.331, 6, 0, 3, 97887
2026/07/08 15:42:34.347, 7, 0, 3, 97887
2026/07/08 15:42:35.361, 0, 0, 85456, 97887
2026/07/08 15:42:35.377, 1, 0, 87488, 97887
2026/07/08 15:42:35.393, 2, 100, 3, 97887
2026/07/08 15:42:35.406, 3, 100, 3, 97887
2026/07/08 15:42:35.417, 4, 0, 3, 97887
2026/07/08 15:42:35.431, 5, 0, 3, 97887
2026/07/08 15:42:35.445, 6, 0, 3, 97887
2026/07/08 15:42:35.461, 7, 0, 3, 97887
2026/07/08 15:42:36.477, 0, 0, 85456, 97887
2026/07/08 15:42:36.495, 1, 0, 87488, 97887
2026/07/08 15:42:36.512, 2, 100, 3, 97887
2026/07/08 15:42:36.528, 3, 100, 3, 97887
2026/07/08 15:42:36.545, 4, 0, 3, 97887
2026/07/08 15:42:36.561, 5, 0, 3, 97887
2026/07/08 15:42:36.575, 6, 0, 3, 97887
2026/07/08 15:42:36.590, 7, 0, 3, 97887
2026/07/08 15:42:37.605, 0, 0, 85456, 97887
2026/07/08 15:42:37.626, 1, 0, 87488, 97887
2026/07/08 15:42:37.646, 2, 100, 3, 97887
2026/07/08 15:42:37.664, 3, 100, 3, 97887
2026/07/08 15:42:37.684, 4, 0, 3, 97887
2026/07/08 15:42:37.704, 5, 0, 3, 97887
2026/07/08 15:42:37.723, 6, 0, 3, 97887
2026/07/08 15:42:37.743, 7, 0, 3, 97887
2026/07/08 15:42:38.762, 0, 0, 85456, 97887
2026/07/08 15:42:38.779, 1, 0, 87488, 97887
2026/07/08 15:42:38.798, 2, 100, 3, 97887
2026/07/08 15:42:38.818, 3, 100, 3, 97887
2026/07/08 15:42:38.835, 4, 0, 3, 97887
2026/07/08 15:42:38.851, 5, 0, 3, 97887
2026/07/08 15:42:38.870, 6, 0, 3, 97887
2026/07/08 15:42:38.887, 7, 0, 3, 97887
2026/07/08 15:42:39.905, 0, 0, 85456, 97887
2026/07/08 15:42:39.921, 1, 0, 87488, 97887
2026/07/08 15:42:39.934, 2, 100, 3, 97887
2026/07/08 15:42:39.950, 3, 100, 3, 97887
2026/07/08 15:42:39.964, 4, 0, 3, 97887
2026/07/08 15:42:39.980, 5, 0, 3, 97887
2026/07/08 15:42:39.996, 6, 0, 3, 97887
2026/07/08 15:42:40.011, 7, 0, 3, 97887
2026/07/08 15:42:41.025, 0, 0, 85456, 97887
2026/07/08 15:42:41.040, 1, 0, 87488, 97887
2026/07/08 15:42:41.055, 2, 100, 3, 97887
2026/07/08 15:42:41.068, 3, 100, 3, 97887
2026/07/08 15:42:41.083, 4, 0, 3, 97887
2026/07/08 15:42:41.096, 5, 0, 3, 97887
2026/07/08 15:42:41.111, 6, 0, 3, 97887
2026/07/08 15:42:41.126, 7, 0, 3, 97887
2026/07/08 15:42:42.142, 0, 0, 85456, 97887
2026/07/08 15:42:42.159, 1, 0, 87488, 97887
2026/07/08 15:42:42.172, 2, 100, 3, 97887
2026/07/08 15:42:42.187, 3, 100, 3, 97887
2026/07/08 15:42:42.202, 4, 0, 3, 97887
2026/07/08 15:42:42.217, 5, 0, 3, 97887
2026/07/08 15:42:42.232, 6, 0, 3, 97887
2026/07/08 15:42:42.247, 7, 0, 3, 97887
2026/07/08 15:42:43.259, 0, 0, 85456, 97887
2026/07/08 15:42:43.275, 1, 0, 87488, 97887
2026/07/08 15:42:43.290, 2, 100, 3, 97887
2026/07/08 15:42:43.304, 3, 100, 3, 97887
2026/07/08 15:42:43.320, 4, 0, 3, 97887
2026/07/08 15:42:43.335, 5, 0, 3, 97887
2026/07/08 15:42:43.351, 6, 0, 3, 97887
2026/07/08 15:42:43.367, 7, 0, 3, 97887
2026/07/08 15:42:44.383, 0, 0, 85456, 97887
2026/07/08 15:42:44.403, 1, 0, 87488, 97887
2026/07/08 15:42:44.421, 2, 100, 3, 97887
2026/07/08 15:42:44.441, 3, 100, 3, 97887
2026/07/08 15:42:44.459, 4, 0, 3, 97887
2026/07/08 15:42:44.477, 5, 0, 3, 97887
2026/07/08 15:42:44.494, 6, 0, 3, 97887
2026/07/08 15:42:44.511, 7, 0, 3, 97887
2026/07/08 15:42:45.530, 0, 0, 85456, 97887
2026/07/08 15:42:45.545, 1, 0, 87488, 97887
2026/07/08 15:42:45.560, 2, 100, 3, 97887
2026/07/08 15:42:45.576, 3, 100, 3, 97887
2026/07/08 15:42:45.591, 4, 0, 3, 97887
2026/07/08 15:42:45.606, 5, 0, 3, 97887
2026/07/08 15:42:45.623, 6, 0, 3, 97887
2026/07/08 15:42:45.639, 7, 0, 3, 97887
2026/07/08 15:42:46.656, 0, 0, 85456, 97887
2026/07/08 15:42:46.673, 1, 0, 87488, 97887
2026/07/08 15:42:46.687, 2, 100, 3, 97887
2026/07/08 15:42:46.700, 3, 100, 3, 97887
2026/07/08 15:42:46.716, 4, 0, 3, 97887
2026/07/08 15:42:46.731, 5, 0, 3, 97887
2026/07/08 15:42:46.746, 6, 0, 3, 97887
2026/07/08 15:42:46.761, 7, 0, 3, 97887
2026/07/08 15:42:47.776, 0, 0, 85456, 97887
2026/07/08 15:42:47.794, 1, 0, 87488, 97887
2026/07/08 15:42:47.811, 2, 100, 3, 97887
2026/07/08 15:42:47.827, 3, 100, 3, 97887
2026/07/08 15:42:47.843, 4, 0, 3, 97887
2026/07/08 15:42:47.857, 5, 0, 3, 97887
2026/07/08 15:42:47.872, 6, 0, 3, 97887
2026/07/08 15:42:47.888, 7, 0, 3, 97887
2026/07/08 15:42:48.903, 0, 0, 85456, 97887
2026/07/08 15:42:48.922, 1, 0, 87488, 97887
2026/07/08 15:42:48.938, 2, 100, 3, 97887
2026/07/08 15:42:48.954, 3, 100, 3, 97887
2026/07/08 15:42:48.967, 4, 0, 3, 97887
2026/07/08 15:42:48.983, 5, 0, 3, 97887
2026/07/08 15:42:49.000, 6, 0, 3, 97887
2026/07/08 15:42:49.015, 7, 0, 3, 97887
2026/07/08 15:42:50.023, 0, 0, 85456, 97887
2026/07/08 15:42:50.035, 1, 0, 87488, 97887
2026/07/08 15:42:50.047, 2, 100, 3, 97887
2026/07/08 15:42:50.062, 3, 100, 3, 97887
2026/07/08 15:42:50.079, 4, 0, 3, 97887
2026/07/08 15:42:50.095, 5, 0, 3, 97887
2026/07/08 15:42:50.108, 6, 0, 3, 97887
2026/07/08 15:42:50.121, 7, 0, 3, 97887
2026/07/08 15:42:51.136, 0, 0, 85456, 97887
2026/07/08 15:42:51.153, 1, 0, 87488, 97887
2026/07/08 15:42:51.168, 2, 100, 3, 97887
2026/07/08 15:42:51.184, 3, 100, 3, 97887
2026/07/08 15:42:51.200, 4, 0, 3, 97887
2026/07/08 15:42:51.218, 5, 0, 3, 97887
2026/07/08 15:42:51.231, 6, 0, 3, 97887
2026/07/08 15:42:51.248, 7, 0, 3, 97887
2026/07/08 15:42:52.264, 0, 0, 85456, 97887
2026/07/08 15:42:52.279, 1, 0, 87488, 97887
2026/07/08 15:42:52.293, 2, 100, 3, 97887
2026/07/08 15:42:52.306, 3, 100, 3, 97887
2026/07/08 15:42:52.320, 4, 0, 3, 97887
2026/07/08 15:42:52.336, 5, 0, 3, 97887
2026/07/08 15:42:52.351, 6, 0, 3, 97887
2026/07/08 15:42:52.366, 7, 0, 3, 97887
2026/07/08 15:42:53.380, 0, 0, 85456, 97887
2026/07/08 15:42:53.396, 1, 0, 87488, 97887
2026/07/08 15:42:53.412, 2, 100, 3, 97887
2026/07/08 15:42:53.429, 3, 100, 3, 97887
2026/07/08 15:42:53.444, 4, 0, 3, 97887
2026/07/08 15:42:53.461, 5, 0, 3, 97887
2026/07/08 15:42:53.477, 6, 0, 3, 97887
2026/07/08 15:42:53.492, 7, 0, 3, 97887
2026/07/08 15:42:54.507, 0, 0, 85456, 97887
2026/07/08 15:42:54.525, 1, 0, 87488, 97887
2026/07/08 15:42:54.543, 2, 100, 3, 97887
2026/07/08 15:42:54.559, 3, 100, 3, 97887
2026/07/08 15:42:54.575, 4, 0, 3, 97887
2026/07/08 15:42:54.592, 5, 0, 3, 97887
2026/07/08 15:42:54.609, 6, 0, 3, 97887
2026/07/08 15:42:54.625, 7, 0, 3, 97887
2026/07/08 15:42:55.641, 0, 0, 85456, 97887
2026/07/08 15:42:55.660, 1, 0, 87488, 97887
2026/07/08 15:42:55.677, 2, 100, 3, 97887
2026/07/08 15:42:55.695, 3, 100, 3, 97887
2026/07/08 15:42:55.710, 4, 0, 3, 97887
2026/07/08 15:42:55.729, 5, 0, 3, 97887
2026/07/08 15:42:55.748, 6, 0, 3, 97887
2026/07/08 15:42:55.765, 7, 0, 3, 97887
2026/07/08 15:42:56.783, 0, 0, 85456, 97887
2026/07/08 15:42:56.797, 1, 0, 87488, 97887
2026/07/08 15:42:56.811, 2, 100, 3, 97887
2026/07/08 15:42:56.825, 3, 100, 3, 97887
2026/07/08 15:42:56.840, 4, 0, 3, 97887
2026/07/08 15:42:56.856, 5, 0, 3, 97887
2026/07/08 15:42:56.872, 6, 0, 3, 97887
2026/07/08 15:42:56.887, 7, 0, 3, 97887
2026/07/08 15:42:57.900, 0, 0, 85456, 97887
2026/07/08 15:42:57.918, 1, 0, 87488, 97887
2026/07/08 15:42:57.933, 2, 100, 3, 97887
2026/07/08 15:42:57.949, 3, 100, 3, 97887
2026/07/08 15:42:57.967, 4, 0, 3, 97887
2026/07/08 15:42:57.985, 5, 0, 3, 97887
2026/07/08 15:42:58.007, 6, 0, 3, 97887
2026/07/08 15:42:58.026, 7, 0, 3, 97887
2026/07/08 15:42:59.045, 0, 0, 85456, 97887
2026/07/08 15:42:59.060, 1, 0, 87488, 97887
2026/07/08 15:42:59.072, 2, 100, 3, 97887
2026/07/08 15:42:59.084, 3, 100, 3, 97887
2026/07/08 15:42:59.097, 4, 0, 3, 97887
2026/07/08 15:42:59.105, 5, 0, 3, 97887
2026/07/08 15:42:59.118, 6, 0, 3, 97887
2026/07/08 15:42:59.134, 7, 0, 3, 97887
2026/07/08 15:43:00.150, 0, 0, 85456, 97887
2026/07/08 15:43:00.168, 1, 0, 87488, 97887
2026/07/08 15:43:00.184, 2, 100, 3, 97887
2026/07/08 15:43:00.201, 3, 100, 3, 97887
2026/07/08 15:43:00.218, 4, 0, 3, 97887
2026/07/08 15:43:00.234, 5, 0, 3, 97887
2026/07/08 15:43:00.249, 6, 0, 3, 97887
2026/07/08 15:43:00.263, 7, 0, 3, 97887
2026/07/08 15:43:01.278, 0, 0, 85456, 97887
2026/07/08 15:43:01.294, 1, 0, 87488, 97887
2026/07/08 15:43:01.310, 2, 100, 3, 97887
2026/07/08 15:43:01.326, 3, 100, 3, 97887
2026/07/08 15:43:01.343, 4, 0, 3, 97887
2026/07/08 15:43:01.360, 5, 0, 3, 97887
2026/07/08 15:43:01.376, 6, 0, 3, 97887
2026/07/08 15:43:01.391, 7, 0, 3, 97887
2026/07/08 15:43:02.408, 0, 0, 85456, 97887
2026/07/08 15:43:02.424, 1, 0, 87488, 97887
2026/07/08 15:43:02.441, 2, 100, 3, 97887
2026/07/08 15:43:02.458, 3, 100, 3, 97887
2026/07/08 15:43:02.474, 4, 0, 3, 97887
2026/07/08 15:43:02.491, 5, 0, 3, 97887
2026/07/08 15:43:02.506, 6, 0, 3, 97887
2026/07/08 15:43:02.520, 7, 0, 3, 97887
2026/07/08 15:43:03.531, 0, 0, 85456, 97887
2026/07/08 15:43:03.548, 1, 0, 87488, 97887
2026/07/08 15:43:03.563, 2, 100, 3, 97887
2026/07/08 15:43:03.578, 3, 100, 3, 97887
2026/07/08 15:43:03.594, 4, 0, 3, 97887
2026/07/08 15:43:03.611, 5, 0, 3, 97887
2026/07/08 15:43:03.629, 6, 0, 3, 97887
2026/07/08 15:43:03.647, 7, 0, 3, 97887
2026/07/08 15:43:04.666, 0, 0, 85456, 97887
2026/07/08 15:43:04.682, 1, 0, 87488, 97887
2026/07/08 15:43:04.699, 2, 100, 3, 97887
2026/07/08 15:43:04.716, 3, 100, 3, 97887
2026/07/08 15:43:04.734, 4, 0, 3, 97887
2026/07/08 15:43:04.753, 5, 0, 3, 97887
2026/07/08 15:43:04.770, 6, 0, 3, 97887
2026/07/08 15:43:04.787, 7, 0, 3, 97887
2026/07/08 15:43:05.805, 0, 0, 85456, 97887
2026/07/08 15:43:05.821, 1, 0, 87488, 97887
2026/07/08 15:43:05.837, 2, 100, 3, 97887
2026/07/08 15:43:05.851, 3, 100, 3, 97887
2026/07/08 15:43:05.868, 4, 0, 3, 97887
2026/07/08 15:43:05.885, 5, 0, 3, 97887
2026/07/08 15:43:05.904, 6, 0, 3, 97887
2026/07/08 15:43:05.921, 7, 0, 3, 97887
2026/07/08 15:43:06.941, 0, 0, 85456, 97887
2026/07/08 15:43:06.955, 1, 0, 87488, 97887
2026/07/08 15:43:06.971, 2, 100, 3, 97887
2026/07/08 15:43:06.987, 3, 100, 3, 97887
2026/07/08 15:43:07.005, 4, 0, 3, 97887
2026/07/08 15:43:07.022, 5, 0, 3, 97887
2026/07/08 15:43:07.041, 6, 0, 3, 97887
2026/07/08 15:43:07.057, 7, 0, 3, 97887
2026/07/08 15:43:08.074, 0, 0, 85456, 97887
2026/07/08 15:43:08.090, 1, 0, 87488, 97887
2026/07/08 15:43:08.106, 2, 100, 3, 97887
2026/07/08 15:43:08.122, 3, 100, 3, 97887
2026/07/08 15:43:08.139, 4, 0, 3, 97887
2026/07/08 15:43:08.154, 5, 0, 3, 97887
2026/07/08 15:43:08.170, 6, 0, 3, 97887
2026/07/08 15:43:08.187, 7, 0, 3, 97887
2026/07/08 15:43:09.205, 0, 0, 85456, 97887
2026/07/08 15:43:09.223, 1, 0, 87488, 97887
2026/07/08 15:43:09.239, 2, 100, 3, 97887
2026/07/08 15:43:09.255, 3, 100, 3, 97887
2026/07/08 15:43:09.272, 4, 0, 3, 97887
2026/07/08 15:43:09.287, 5, 0, 3, 97887
2026/07/08 15:43:09.301, 6, 0, 3, 97887
2026/07/08 15:43:09.315, 7, 0, 3, 97887
2026/07/08 15:43:10.331, 0, 0, 85456, 97887
2026/07/08 15:43:10.350, 1, 0, 87488, 97887
2026/07/08 15:43:10.367, 2, 100, 3, 97887
2026/07/08 15:43:10.384, 3, 100, 3, 97887
2026/07/08 15:43:10.400, 4, 0, 3, 97887
2026/07/08 15:43:10.416, 5, 0, 3, 97887
2026/07/08 15:43:10.431, 6, 0, 3, 97887
2026/07/08 15:43:10.446, 7, 0, 3, 97887
2026/07/08 15:43:11.462, 0, 0, 85456, 97887
2026/07/08 15:43:11.478, 1, 0, 87488, 97887
2026/07/08 15:43:11.495, 2, 100, 3, 97887
2026/07/08 15:43:11.512, 3, 100, 3, 97887
2026/07/08 15:43:11.529, 4, 0, 3, 97887
2026/07/08 15:43:11.546, 5, 0, 3, 97887
2026/07/08 15:43:11.563, 6, 0, 3, 97887
2026/07/08 15:43:11.580, 7, 0, 3, 97887
2026/07/08 15:43:12.595, 0, 0, 85456, 97887
2026/07/08 15:43:12.612, 1, 0, 87488, 97887
2026/07/08 15:43:12.626, 2, 100, 3, 97887
2026/07/08 15:43:12.641, 3, 100, 3, 97887
2026/07/08 15:43:12.657, 4, 0, 3, 97887
2026/07/08 15:43:12.673, 5, 0, 3, 97887
2026/07/08 15:43:12.687, 6, 0, 3, 97887
2026/07/08 15:43:12.701, 7, 0, 3, 97887
2026/07/08 15:43:13.715, 0, 0, 85456, 97887
2026/07/08 15:43:13.731, 1, 0, 87488, 97887
2026/07/08 15:43:13.747, 2, 100, 3, 97887
2026/07/08 15:43:13.764, 3, 100, 3, 97887
2026/07/08 15:43:13.782, 4, 0, 3, 97887
2026/07/08 15:43:13.798, 5, 0, 3, 97887
2026/07/08 15:43:13.814, 6, 0, 3, 97887
2026/07/08 15:43:13.833, 7, 0, 3, 97887
2026/07/08 15:43:14.851, 0, 0, 85456, 97887
2026/07/08 15:43:14.868, 1, 0, 87488, 97887
2026/07/08 15:43:14.882, 2, 100, 3, 97887
2026/07/08 15:43:14.897, 3, 100, 3, 97887
2026/07/08 15:43:14.913, 4, 0, 3, 97887
2026/07/08 15:43:14.930, 5, 0, 3, 97887
2026/07/08 15:43:14.947, 6, 0, 3, 97887
2026/07/08 15:43:14.964, 7, 0, 3, 97887
2026/07/08 15:43:15.980, 0, 0, 85456, 97887
2026/07/08 15:43:15.998, 1, 0, 87488, 97887
2026/07/08 15:43:16.014, 2, 100, 3, 97887
2026/07/08 15:43:16.030, 3, 100, 3, 97887
2026/07/08 15:43:16.043, 4, 0, 3, 97887
2026/07/08 15:43:16.058, 5, 0, 3, 97887
2026/07/08 15:43:16.073, 6, 0, 3, 97887
2026/07/08 15:43:16.086, 7, 0, 3, 97887
2026/07/08 15:43:17.101, 0, 0, 85456, 97887
2026/07/08 15:43:17.128, 1, 0, 87488, 97887
2026/07/08 15:43:17.144, 2, 100, 3, 97887
2026/07/08 15:43:17.159, 3, 100, 3, 97887
2026/07/08 15:43:17.180, 4, 0, 3, 97887
2026/07/08 15:43:17.201, 5, 0, 3, 97887
2026/07/08 15:43:17.216, 6, 0, 3, 97887
2026/07/08 15:43:17.233, 7, 0, 3, 97887
2026/07/08 15:43:18.250, 0, 0, 85456, 97887
2026/07/08 15:43:18.268, 1, 0, 87488, 97887
2026/07/08 15:43:18.285, 2, 100, 3, 97887
2026/07/08 15:43:18.301, 3, 100, 3, 97887
2026/07/08 15:43:18.317, 4, 0, 3, 97887
2026/07/08 15:43:18.332, 5, 0, 3, 97887
2026/07/08 15:43:18.349, 6, 0, 3, 97887
2026/07/08 15:43:18.364, 7, 0, 3, 97887
2026/07/08 15:43:19.382, 0, 0, 85456, 97887
2026/07/08 15:43:19.398, 1, 0, 87488, 97887
2026/07/08 15:43:19.414, 2, 100, 3, 97887
2026/07/08 15:43:19.430, 3, 100, 3, 97887
2026/07/08 15:43:19.444, 4, 0, 3, 97887
2026/07/08 15:43:19.460, 5, 0, 3, 97887
2026/07/08 15:43:19.476, 6, 0, 3, 97887
2026/07/08 15:43:19.491, 7, 0, 3, 97887
2026/07/08 15:43:20.509, 0, 0, 85456, 97887
2026/07/08 15:43:20.528, 1, 0, 87488, 97887
2026/07/08 15:43:20.545, 2, 100, 3, 97887
2026/07/08 15:43:20.560, 3, 100, 3, 97887
2026/07/08 15:43:20.572, 4, 0, 3, 97887
2026/07/08 15:43:20.585, 5, 0, 3, 97887
2026/07/08 15:43:20.597, 6, 0, 3, 97887
2026/07/08 15:43:20.613, 7, 0, 3, 97887
2026/07/08 15:43:21.628, 0, 0, 85456, 97887
2026/07/08 15:43:21.646, 1, 0, 87488, 97887
2026/07/08 15:43:21.661, 2, 100, 3, 97887
2026/07/08 15:43:21.675, 3, 100, 3, 97887
2026/07/08 15:43:21.689, 4, 0, 3, 97887
2026/07/08 15:43:21.705, 5, 0, 3, 97887
2026/07/08 15:43:21.721, 6, 0, 3, 97887
2026/07/08 15:43:21.736, 7, 0, 3, 97887
2026/07/08 15:43:22.750, 0, 0, 85456, 97887
2026/07/08 15:43:22.771, 1, 0, 87488, 97887
2026/07/08 15:43:22.790, 2, 100, 3, 97887
2026/07/08 15:43:22.808, 3, 100, 3, 97887
2026/07/08 15:43:22.829, 4, 0, 3, 97887
2026/07/08 15:43:22.845, 5, 0, 3, 97887
2026/07/08 15:43:22.856, 6, 0, 3, 97887
2026/07/08 15:43:22.879, 7, 0, 3, 97887
2026/07/08 15:43:23.905, 0, 0, 85456, 97887
2026/07/08 15:43:23.923, 1, 0, 87488, 97887
2026/07/08 15:43:23.938, 2, 100, 3, 97887
2026/07/08 15:43:23.952, 3, 100, 3, 97887
2026/07/08 15:43:23.968, 4, 0, 3, 97887
2026/07/08 15:43:23.984, 5, 0, 3, 97887
2026/07/08 15:43:23.999, 6, 0, 3, 97887
2026/07/08 15:43:24.015, 7, 0, 3, 97887
2026/07/08 15:43:25.030, 0, 0, 85456, 97887
2026/07/08 15:43:25.046, 1, 0, 87488, 97887
2026/07/08 15:43:25.061, 2, 100, 3, 97887
2026/07/08 15:43:25.077, 3, 100, 3, 97887
2026/07/08 15:43:25.090, 4, 0, 3, 97887
2026/07/08 15:43:25.105, 5, 0, 3, 97887
2026/07/08 15:43:25.122, 6, 0, 3, 97887
2026/07/08 15:43:25.137, 7, 0, 3, 97887
2026/07/08 15:43:26.153, 0, 0, 85456, 97887
2026/07/08 15:43:26.170, 1, 0, 87488, 97887
2026/07/08 15:43:26.189, 2, 100, 3, 97887
2026/07/08 15:43:26.208, 3, 100, 3, 97887
2026/07/08 15:43:26.227, 4, 0, 3, 97887
2026/07/08 15:43:26.245, 5, 0, 3, 97887
2026/07/08 15:43:26.264, 6, 0, 3, 97887
2026/07/08 15:43:26.281, 7, 0, 3, 97887
2026/07/08 15:43:27.301, 0, 0, 85456, 97887
2026/07/08 15:43:27.320, 1, 0, 87488, 97887
2026/07/08 15:43:27.338, 2, 100, 3, 97887
2026/07/08 15:43:27.354, 3, 100, 3, 97887
2026/07/08 15:43:27.370, 4, 0, 3, 97887
2026/07/08 15:43:27.386, 5, 0, 3, 97887
2026/07/08 15:43:27.402, 6, 0, 3, 97887
2026/07/08 15:43:27.417, 7, 0, 3, 97887
2026/07/08 15:43:28.436, 0, 0, 85456, 97887
2026/07/08 15:43:28.459, 1, 0, 87488, 97887
2026/07/08 15:43:28.486, 2, 100, 3, 97887
2026/07/08 15:43:28.517, 3, 100, 3, 97887
2026/07/08 15:43:28.535, 4, 0, 3, 97887
2026/07/08 15:43:28.555, 5, 0, 3, 97887
2026/07/08 15:43:28.574, 6, 0, 3, 97887
2026/07/08 15:43:28.592, 7, 0, 3, 97887
2026/07/08 15:43:29.611, 0, 0, 85456, 97887
2026/07/08 15:43:29.629, 1, 0, 87488, 97887
2026/07/08 15:43:29.646, 2, 100, 3, 97887
2026/07/08 15:43:29.662, 3, 100, 3, 97887
2026/07/08 15:43:29.679, 4, 0, 3, 97887
2026/07/08 15:43:29.695, 5, 0, 3, 97887
2026/07/08 15:43:29.714, 6, 0, 3, 97887
2026/07/08 15:43:29.728, 7, 0, 3, 97887
2026/07/08 15:43:30.744, 0, 0, 85456, 97887
2026/07/08 15:43:30.759, 1, 0, 87488, 97887
2026/07/08 15:43:30.774, 2, 100, 3, 97887
2026/07/08 15:43:30.789, 3, 100, 3, 97887
2026/07/08 15:43:30.805, 4, 0, 3, 97887
2026/07/08 15:43:30.822, 5, 0, 3, 97887
2026/07/08 15:43:30.838, 6, 0, 3, 97887
2026/07/08 15:43:30.853, 7, 0, 3, 97887
2026/07/08 15:43:31.870, 0, 0, 85456, 97887
2026/07/08 15:43:31.888, 1, 0, 87488, 97887
2026/07/08 15:43:31.905, 2, 100, 3, 97887
2026/07/08 15:43:31.920, 3, 100, 3, 97887
2026/07/08 15:43:31.938, 4, 0, 3, 97887
2026/07/08 15:43:31.953, 5, 0, 3, 97887
2026/07/08 15:43:31.970, 6, 0, 3, 97887
2026/07/08 15:43:31.987, 7, 0, 3, 97887
2026/07/08 15:43:33.002, 0, 0, 85456, 97887
2026/07/08 15:43:33.021, 1, 0, 87488, 97887
2026/07/08 15:43:33.036, 2, 100, 3, 97887
2026/07/08 15:43:33.059, 3, 100, 3, 97887
2026/07/08 15:43:33.072, 4, 0, 3, 97887
2026/07/08 15:43:33.090, 5, 0, 3, 97887
2026/07/08 15:43:33.105, 6, 0, 3, 97887
2026/07/08 15:43:33.122, 7, 0, 3, 97887
2026/07/08 15:43:34.138, 0, 0, 85456, 97887
2026/07/08 15:43:34.157, 1, 0, 87488, 97887
2026/07/08 15:43:34.174, 2, 100, 3, 97887
2026/07/08 15:43:34.191, 3, 100, 3, 97887
2026/07/08 15:43:34.208, 4, 0, 3, 97887
2026/07/08 15:43:34.226, 5, 0, 3, 97887
2026/07/08 15:43:34.244, 6, 0, 3, 97887
2026/07/08 15:43:34.264, 7, 0, 3, 97887
2026/07/08 15:43:35.282, 0, 0, 85456, 97887
2026/07/08 15:43:35.300, 1, 0, 87488, 97887
2026/07/08 15:43:35.317, 2, 100, 3, 97887
2026/07/08 15:43:35.336, 3, 100, 3, 97887
2026/07/08 15:43:35.355, 4, 0, 3, 97887
2026/07/08 15:43:35.370, 5, 0, 3, 97887
2026/07/08 15:43:35.389, 6, 0, 3, 97887
2026/07/08 15:43:35.406, 7, 0, 3, 97887
2026/07/08 15:43:36.424, 0, 0, 85456, 97887
2026/07/08 15:43:36.441, 1, 0, 87488, 97887
2026/07/08 15:43:36.459, 2, 100, 3, 97887
2026/07/08 15:43:36.475, 3, 100, 3, 97887
2026/07/08 15:43:36.492, 4, 0, 3, 97887
2026/07/08 15:43:36.508, 5, 0, 3, 97887
2026/07/08 15:43:36.525, 6, 0, 3, 97887
2026/07/08 15:43:36.542, 7, 0, 3, 97887
2026/07/08 15:43:37.559, 0, 0, 85456, 97887
2026/07/08 15:43:37.576, 1, 0, 87488, 97887
2026/07/08 15:43:37.592, 2, 100, 3, 97887
2026/07/08 15:43:37.608, 3, 100, 3, 97887
2026/07/08 15:43:37.623, 4, 0, 3, 97887
2026/07/08 15:43:37.641, 5, 0, 3, 97887
2026/07/08 15:43:37.657, 6, 0, 3, 97887
2026/07/08 15:43:37.676, 7, 0, 3, 97887
2026/07/08 15:43:38.695, 0, 0, 85456, 97887
2026/07/08 15:43:38.711, 1, 0, 87488, 97887
2026/07/08 15:43:38.728, 2, 100, 3, 97887
2026/07/08 15:43:38.744, 3, 100, 3, 97887
2026/07/08 15:43:38.758, 4, 0, 3, 97887
2026/07/08 15:43:38.774, 5, 0, 3, 97887
2026/07/08 15:43:38.790, 6, 0, 3, 97887
2026/07/08 15:43:38.807, 7, 0, 3, 97887
2026/07/08 15:43:39.824, 0, 0, 85456, 97887
2026/07/08 15:43:39.842, 1, 0, 87488, 97887
2026/07/08 15:43:39.857, 2, 100, 3, 97887
2026/07/08 15:43:39.875, 3, 100, 3, 97887
2026/07/08 15:43:39.892, 4, 0, 3, 97887
2026/07/08 15:43:39.909, 5, 0, 3, 97887
2026/07/08 15:43:39.927, 6, 0, 3, 97887
2026/07/08 15:43:39.943, 7, 0, 3, 97887
2026/07/08 15:43:40.958, 0, 0, 85456, 97887
2026/07/08 15:43:40.971, 1, 0, 87488, 97887
2026/07/08 15:43:40.988, 2, 100, 3, 97887
2026/07/08 15:43:41.004, 3, 100, 3, 97887
2026/07/08 15:43:41.020, 4, 0, 3, 97887
2026/07/08 15:43:41.036, 5, 0, 3, 97887
2026/07/08 15:43:41.052, 6, 0, 3, 97887
2026/07/08 15:43:41.068, 7, 0, 3, 97887
2026/07/08 15:43:42.084, 0, 0, 85456, 97887
2026/07/08 15:43:42.100, 1, 0, 87488, 97887
2026/07/08 15:43:42.117, 2, 100, 3, 97887
2026/07/08 15:43:42.133, 3, 100, 3, 97887
2026/07/08 15:43:42.150, 4, 0, 3, 97887
2026/07/08 15:43:42.165, 5, 0, 3, 97887
2026/07/08 15:43:42.182, 6, 0, 3, 97887
2026/07/08 15:43:42.200, 7, 0, 3, 97887
2026/07/08 15:43:43.217, 0, 0, 85456, 97887
2026/07/08 15:43:43.233, 1, 0, 87488, 97887
2026/07/08 15:43:43.249, 2, 100, 3, 97887
2026/07/08 15:43:43.267, 3, 100, 3, 97887
2026/07/08 15:43:43.283, 4, 0, 3, 97887
2026/07/08 15:43:43.297, 5, 0, 3, 97887
2026/07/08 15:43:43.313, 6, 0, 3, 97887
2026/07/08 15:43:43.330, 7, 0, 3, 97887
2026/07/08 15:43:44.346, 0, 0, 85456, 97887
2026/07/08 15:43:44.364, 1, 0, 87488, 97887
2026/07/08 15:43:44.380, 2, 100, 3, 97887
2026/07/08 15:43:44.396, 3, 100, 3, 97887
2026/07/08 15:43:44.413, 4, 0, 3, 97887
2026/07/08 15:43:44.429, 5, 0, 3, 97887
2026/07/08 15:43:44.444, 6, 0, 3, 97887
2026/07/08 15:43:44.461, 7, 0, 3, 97887
2026/07/08 15:43:45.477, 0, 0, 85456, 97887
2026/07/08 15:43:45.496, 1, 0, 87488, 97887
2026/07/08 15:43:45.514, 2, 100, 3, 97887
2026/07/08 15:43:45.531, 3, 100, 3, 97887
2026/07/08 15:43:45.549, 4, 0, 3, 97887
2026/07/08 15:43:45.568, 5, 0, 3, 97887
2026/07/08 15:43:45.587, 6, 0, 3, 97887
2026/07/08 15:43:45.605, 7, 0, 3, 97887
2026/07/08 15:43:46.624, 0, 0, 85456, 97887
2026/07/08 15:43:46.638, 1, 0, 87488, 97887
2026/07/08 15:43:46.654, 2, 100, 3, 97887
2026/07/08 15:43:46.669, 3, 100, 3, 97887
2026/07/08 15:43:46.686, 4, 0, 3, 97887
2026/07/08 15:43:46.702, 5, 0, 3, 97887
2026/07/08 15:43:46.717, 6, 0, 3, 97887
2026/07/08 15:43:46.736, 7, 0, 3, 97887
2026/07/08 15:43:47.752, 0, 0, 85456, 97887
2026/07/08 15:43:47.770, 1, 0, 87488, 97887
2026/07/08 15:43:47.785, 2, 100, 3, 97887
2026/07/08 15:43:47.802, 3, 100, 3, 97887
2026/07/08 15:43:47.819, 4, 0, 3, 97887
2026/07/08 15:43:47.836, 5, 0, 3, 97887
2026/07/08 15:43:47.853, 6, 0, 3, 97887
2026/07/08 15:43:47.869, 7, 0, 3, 97887
2026/07/08 15:43:48.885, 0, 0, 85456, 97887
2026/07/08 15:43:48.903, 1, 0, 87488, 97887
2026/07/08 15:43:48.918, 2, 100, 3, 97887
2026/07/08 15:43:48.933, 3, 100, 3, 97887
2026/07/08 15:43:48.948, 4, 0, 3, 97887
2026/07/08 15:43:48.963, 5, 0, 3, 97887
2026/07/08 15:43:48.980, 6, 0, 3, 97887
2026/07/08 15:43:48.997, 7, 0, 3, 97887
2026/07/08 15:43:50.014, 0, 0, 85456, 97887
2026/07/08 15:43:50.027, 1, 0, 87488, 97887
2026/07/08 15:43:50.040, 2, 100, 3, 97887
2026/07/08 15:43:50.049, 3, 100, 3, 97887
2026/07/08 15:43:50.061, 4, 0, 3, 97887
2026/07/08 15:43:50.074, 5, 0, 3, 97887
2026/07/08 15:43:50.088, 6, 0, 3, 97887
2026/07/08 15:43:50.101, 7, 0, 3, 97887
2026/07/08 15:43:51.115, 0, 0, 85456, 97887
2026/07/08 15:43:51.134, 1, 0, 87488, 97887
2026/07/08 15:43:51.151, 2, 100, 3, 97887
2026/07/08 15:43:51.168, 3, 100, 3, 97887
2026/07/08 15:43:51.182, 4, 0, 3, 97887
2026/07/08 15:43:51.195, 5, 0, 3, 97887
2026/07/08 15:43:51.206, 6, 0, 3, 97887
2026/07/08 15:43:51.217, 7, 0, 3, 97887
2026/07/08 15:43:52.231, 0, 0, 85456, 97887
2026/07/08 15:43:52.248, 1, 0, 87488, 97887
2026/07/08 15:43:52.264, 2, 100, 3, 97887
2026/07/08 15:43:52.281, 3, 100, 3, 97887
2026/07/08 15:43:52.296, 4, 0, 3, 97887
2026/07/08 15:43:52.312, 5, 0, 3, 97887
2026/07/08 15:43:52.328, 6, 0, 3, 97887
2026/07/08 15:43:52.345, 7, 0, 3, 97887
2026/07/08 15:43:53.362, 0, 0, 85456, 97887
2026/07/08 15:43:53.379, 1, 0, 87488, 97887
2026/07/08 15:43:53.395, 2, 100, 3, 97887
2026/07/08 15:43:53.411, 3, 100, 3, 97887
2026/07/08 15:43:53.428, 4, 0, 3, 97887
2026/07/08 15:43:53.444, 5, 0, 3, 97887
2026/07/08 15:43:53.459, 6, 0, 3, 97887
2026/07/08 15:43:53.474, 7, 0, 3, 97887
2026/07/08 15:43:54.491, 0, 0, 85456, 97887
2026/07/08 15:43:54.511, 1, 0, 87488, 97887
2026/07/08 15:43:54.528, 2, 100, 3, 97887
2026/07/08 15:43:54.547, 3, 100, 3, 97887
2026/07/08 15:43:54.565, 4, 0, 3, 97887
2026/07/08 15:43:54.583, 5, 0, 3, 97887
2026/07/08 15:43:54.598, 6, 0, 3, 97887
2026/07/08 15:43:54.616, 7, 0, 3, 97887
2026/07/08 15:43:55.634, 0, 0, 85456, 97887
2026/07/08 15:43:55.652, 1, 0, 87488, 97887
2026/07/08 15:43:55.670, 2, 100, 3, 97887
2026/07/08 15:43:55.686, 3, 100, 3, 97887
2026/07/08 15:43:55.701, 4, 0, 3, 97887
2026/07/08 15:43:55.716, 5, 0, 3, 97887
2026/07/08 15:43:55.731, 6, 0, 3, 97887
2026/07/08 15:43:55.750, 7, 0, 3, 97887
2026/07/08 15:43:56.766, 0, 0, 85456, 97887
2026/07/08 15:43:56.784, 1, 0, 87488, 97887
2026/07/08 15:43:56.801, 2, 100, 3, 97887
2026/07/08 15:43:56.819, 3, 100, 3, 97887
2026/07/08 15:43:56.837, 4, 0, 3, 97887
2026/07/08 15:43:56.855, 5, 0, 3, 97887
2026/07/08 15:43:56.874, 6, 0, 3, 97887
2026/07/08 15:43:56.892, 7, 0, 3, 97887
2026/07/08 15:43:57.910, 0, 0, 85456, 97887
2026/07/08 15:43:57.926, 1, 0, 87488, 97887
2026/07/08 15:43:57.942, 2, 100, 3, 97887
2026/07/08 15:43:57.957, 3, 100, 3, 97887
2026/07/08 15:43:57.972, 4, 0, 3, 97887
2026/07/08 15:43:57.988, 5, 0, 3, 97887
2026/07/08 15:43:58.003, 6, 0, 3, 97887
2026/07/08 15:43:58.020, 7, 0, 3, 97887
2026/07/08 15:43:59.036, 0, 0, 85456, 97887
2026/07/08 15:43:59.053, 1, 0, 87488, 97887
2026/07/08 15:43:59.069, 2, 100, 3, 97887
2026/07/08 15:43:59.083, 3, 100, 3, 97887
2026/07/08 15:43:59.098, 4, 0, 3, 97887
2026/07/08 15:43:59.111, 5, 0, 3, 97887
2026/07/08 15:43:59.121, 6, 0, 3, 97887
2026/07/08 15:43:59.136, 7, 0, 3, 97887
2026/07/08 15:44:00.150, 0, 0, 85456, 97887
2026/07/08 15:44:00.169, 1, 0, 87488, 97887
2026/07/08 15:44:00.184, 2, 100, 3, 97887
2026/07/08 15:44:00.200, 3, 100, 3, 97887
2026/07/08 15:44:00.217, 4, 0, 3, 97887
2026/07/08 15:44:00.232, 5, 0, 3, 97887
2026/07/08 15:44:00.247, 6, 0, 3, 97887
2026/07/08 15:44:00.262, 7, 0, 3, 97887
2026/07/08 15:44:01.277, 0, 0, 85456, 97887
2026/07/08 15:44:01.293, 1, 0, 87488, 97887
2026/07/08 15:44:01.313, 2, 100, 3, 97887
2026/07/08 15:44:01.329, 3, 100, 3, 97887
2026/07/08 15:44:01.343, 4, 0, 3, 97887
2026/07/08 15:44:01.355, 5, 0, 3, 97887
2026/07/08 15:44:01.368, 6, 0, 3, 97887
2026/07/08 15:44:01.384, 7, 0, 3, 97887
2026/07/08 15:44:02.399, 0, 0, 85456, 97887
2026/07/08 15:44:02.413, 1, 0, 87488, 97887
2026/07/08 15:44:02.427, 2, 100, 3, 97887
2026/07/08 15:44:02.441, 3, 100, 3, 97887
2026/07/08 15:44:02.454, 4, 0, 3, 97887
2026/07/08 15:44:02.467, 5, 0, 3, 97887
2026/07/08 15:44:02.482, 6, 0, 3, 97887
2026/07/08 15:44:02.497, 7, 0, 3, 97887
2026/07/08 15:44:03.511, 0, 0, 85456, 97887
2026/07/08 15:44:03.532, 1, 0, 87488, 97887
2026/07/08 15:44:03.551, 2, 100, 3, 97887
2026/07/08 15:44:03.567, 3, 100, 3, 97887
2026/07/08 15:44:03.584, 4, 0, 3, 97887
2026/07/08 15:44:03.600, 5, 0, 3, 97887
2026/07/08 15:44:03.616, 6, 0, 3, 97887
2026/07/08 15:44:03.633, 7, 0, 3, 97887
2026/07/08 15:44:04.652, 0, 0, 85456, 97887
2026/07/08 15:44:04.671, 1, 0, 87488, 97887
2026/07/08 15:44:04.690, 2, 100, 3, 97887
2026/07/08 15:44:04.710, 3, 100, 3, 97887
2026/07/08 15:44:04.727, 4, 0, 3, 97887
2026/07/08 15:44:04.741, 5, 0, 3, 97887
2026/07/08 15:44:04.754, 6, 0, 3, 97887
2026/07/08 15:44:04.772, 7, 0, 3, 97887
2026/07/08 15:44:05.789, 0, 0, 85456, 97887
2026/07/08 15:44:05.807, 1, 0, 87488, 97887
2026/07/08 15:44:05.827, 2, 100, 3, 97887
2026/07/08 15:44:05.844, 3, 100, 3, 97887
2026/07/08 15:44:05.862, 4, 0, 3, 97887
2026/07/08 15:44:05.880, 5, 0, 3, 97887
2026/07/08 15:44:05.900, 6, 0, 3, 97887
2026/07/08 15:44:05.914, 7, 0, 3, 97887
2026/07/08 15:44:06.931, 0, 0, 85456, 97887
2026/07/08 15:44:06.947, 1, 0, 87488, 97887
2026/07/08 15:44:06.980, 2, 100, 3, 97887
2026/07/08 15:44:06.996, 3, 100, 3, 97887
2026/07/08 15:44:07.011, 4, 0, 3, 97887
2026/07/08 15:44:07.025, 5, 0, 3, 97887
2026/07/08 15:44:07.044, 6, 0, 3, 97887
2026/07/08 15:44:07.058, 7, 0, 3, 97887
2026/07/08 15:44:08.073, 0, 0, 85456, 97887
2026/07/08 15:44:08.089, 1, 0, 87488, 97887
2026/07/08 15:44:08.103, 2, 100, 3, 97887
2026/07/08 15:44:08.119, 3, 100, 3, 97887
2026/07/08 15:44:08.137, 4, 0, 3, 97887
2026/07/08 15:44:08.152, 5, 0, 3, 97887
2026/07/08 15:44:08.166, 6, 0, 3, 97887
2026/07/08 15:44:08.178, 7, 0, 3, 97887
2026/07/08 15:44:09.193, 0, 0, 85456, 97887
2026/07/08 15:44:09.210, 1, 0, 87488, 97887
2026/07/08 15:44:09.228, 2, 100, 3, 97887
2026/07/08 15:44:09.247, 3, 100, 3, 97887
2026/07/08 15:44:09.266, 4, 0, 3, 97887
2026/07/08 15:44:09.284, 5, 0, 3, 97887
2026/07/08 15:44:09.302, 6, 0, 3, 97887
2026/07/08 15:44:09.320, 7, 0, 3, 97887
2026/07/08 15:44:10.338, 0, 0, 85456, 97887
2026/07/08 15:44:10.356, 1, 0, 87488, 97887
2026/07/08 15:44:10.372, 2, 100, 3, 97887
2026/07/08 15:44:10.388, 3, 100, 3, 97887
2026/07/08 15:44:10.405, 4, 0, 3, 97887
2026/07/08 15:44:10.420, 5, 0, 3, 97887
2026/07/08 15:44:10.434, 6, 0, 3, 97887
2026/07/08 15:44:10.450, 7, 0, 3, 97887
2026/07/08 15:44:11.468, 0, 0, 85456, 97887
2026/07/08 15:44:11.485, 1, 0, 87488, 97887
2026/07/08 15:44:11.499, 2, 100, 3, 97887
2026/07/08 15:44:11.516, 3, 100, 3, 97887
2026/07/08 15:44:11.533, 4, 0, 3, 97887
2026/07/08 15:44:11.548, 5, 0, 3, 97887
2026/07/08 15:44:11.567, 6, 0, 3, 97887
2026/07/08 15:44:11.582, 7, 0, 3, 97887
2026/07/08 15:44:12.598, 0, 0, 85456, 97887
2026/07/08 15:44:12.623, 1, 0, 87488, 97887
2026/07/08 15:44:12.638, 2, 100, 3, 97887
2026/07/08 15:44:12.656, 3, 100, 3, 97887
2026/07/08 15:44:12.674, 4, 0, 3, 97887
2026/07/08 15:44:12.689, 5, 0, 3, 97887
2026/07/08 15:44:12.715, 6, 0, 3, 97887
2026/07/08 15:44:12.732, 7, 0, 3, 97887
2026/07/08 15:44:13.751, 0, 0, 85456, 97887
2026/07/08 15:44:13.768, 1, 0, 87488, 97887
2026/07/08 15:44:13.785, 2, 100, 3, 97887
2026/07/08 15:44:13.798, 3, 100, 3, 97887
2026/07/08 15:44:13.812, 4, 0, 3, 97887
2026/07/08 15:44:13.828, 5, 0, 3, 97887
2026/07/08 15:44:13.843, 6, 0, 3, 97887
2026/07/08 15:44:13.857, 7, 0, 3, 97887
2026/07/08 15:44:14.870, 0, 0, 85456, 97887
2026/07/08 15:44:14.887, 1, 0, 87488, 97887
2026/07/08 15:44:14.902, 2, 100, 3, 97887
2026/07/08 15:44:14.919, 3, 100, 3, 97887
2026/07/08 15:44:14.933, 4, 0, 3, 97887
2026/07/08 15:44:14.953, 5, 0, 3, 97887
2026/07/08 15:44:14.967, 6, 0, 3, 97887
2026/07/08 15:44:14.981, 7, 0, 3, 97887
2026/07/08 15:44:15.995, 0, 0, 85456, 97887
2026/07/08 15:44:16.010, 1, 0, 87488, 97887
2026/07/08 15:44:16.024, 2, 100, 3, 97887
2026/07/08 15:44:16.038, 3, 100, 3, 97887
2026/07/08 15:44:16.052, 4, 0, 3, 97887
2026/07/08 15:44:16.067, 5, 0, 3, 97887
2026/07/08 15:44:16.078, 6, 0, 3, 97887
2026/07/08 15:44:16.090, 7, 0, 3, 97887
2026/07/08 15:44:17.103, 0, 0, 85456, 97887
2026/07/08 15:44:17.118, 1, 0, 87488, 97887
2026/07/08 15:44:17.132, 2, 100, 3, 97887
2026/07/08 15:44:17.148, 3, 100, 3, 97887
2026/07/08 15:44:17.162, 4, 0, 3, 97887
2026/07/08 15:44:17.177, 5, 0, 3, 97887
2026/07/08 15:44:17.186, 6, 0, 3, 97887
2026/07/08 15:44:17.200, 7, 0, 3, 97887
2026/07/08 15:44:18.215, 0, 0, 85456, 97887
2026/07/08 15:44:18.240, 1, 0, 87488, 97887
2026/07/08 15:44:18.259, 2, 100, 3, 97887
2026/07/08 15:44:18.282, 3, 100, 3, 97887
2026/07/08 15:44:18.303, 4, 0, 3, 97887
2026/07/08 15:44:18.324, 5, 0, 3, 97887
2026/07/08 15:44:18.348, 6, 0, 3, 97887
2026/07/08 15:44:18.377, 7, 0, 3, 97887
2026/07/08 15:44:19.406, 0, 0, 85456, 97887
2026/07/08 15:44:19.422, 1, 0, 87488, 97887
2026/07/08 15:44:19.437, 2, 100, 3, 97887
2026/07/08 15:44:19.454, 3, 100, 3, 97887
2026/07/08 15:44:19.471, 4, 0, 3, 97887
2026/07/08 15:44:19.487, 5, 0, 3, 97887
2026/07/08 15:44:19.505, 6, 0, 3, 97887
2026/07/08 15:44:19.523, 7, 0, 3, 97887
2026/07/08 15:44:20.541, 0, 0, 85456, 97887
2026/07/08 15:44:20.558, 1, 0, 87488, 97887
2026/07/08 15:44:20.571, 2, 100, 3, 97887
2026/07/08 15:44:20.585, 3, 100, 3, 97887
2026/07/08 15:44:20.602, 4, 0, 3, 97887
2026/07/08 15:44:20.619, 5, 0, 3, 97887
2026/07/08 15:44:20.636, 6, 0, 3, 97887
2026/07/08 15:44:20.653, 7, 0, 3, 97887
2026/07/08 15:44:21.671, 0, 0, 85456, 97887
2026/07/08 15:44:21.686, 1, 0, 87488, 97887
2026/07/08 15:44:21.701, 2, 100, 3, 97887
2026/07/08 15:44:21.718, 3, 100, 3, 97887
2026/07/08 15:44:21.735, 4, 0, 3, 97887
2026/07/08 15:44:21.752, 5, 0, 3, 97887
2026/07/08 15:44:21.772, 6, 0, 3, 97887
2026/07/08 15:44:21.788, 7, 0, 3, 97887
2026/07/08 15:44:22.805, 0, 0, 85456, 97887
2026/07/08 15:44:22.823, 1, 0, 87488, 97887
2026/07/08 15:44:22.839, 2, 100, 3, 97887
2026/07/08 15:44:22.853, 3, 100, 3, 97887
2026/07/08 15:44:22.870, 4, 0, 3, 97887
2026/07/08 15:44:22.887, 5, 0, 3, 97887
2026/07/08 15:44:22.904, 6, 0, 3, 97887
2026/07/08 15:44:22.920, 7, 0, 3, 97887
2026/07/08 15:44:23.937, 0, 0, 85456, 97887
2026/07/08 15:44:23.954, 1, 0, 87488, 97887
2026/07/08 15:44:23.970, 2, 100, 3, 97887
2026/07/08 15:44:23.987, 3, 100, 3, 97887
2026/07/08 15:44:24.004, 4, 0, 3, 97887
2026/07/08 15:44:24.022, 5, 0, 3, 97887
2026/07/08 15:44:24.038, 6, 0, 3, 97887
2026/07/08 15:44:24.050, 7, 0, 3, 97887
2026/07/08 15:44:25.063, 0, 0, 85456, 97887
2026/07/08 15:44:25.081, 1, 0, 87488, 97887
2026/07/08 15:44:25.101, 2, 100, 3, 97887
2026/07/08 15:44:25.119, 3, 100, 3, 97887
2026/07/08 15:44:25.137, 4, 0, 3, 97887
2026/07/08 15:44:25.155, 5, 0, 3, 97887
2026/07/08 15:44:25.175, 6, 0, 3, 97887
2026/07/08 15:44:25.193, 7, 0, 3, 97887
2026/07/08 15:44:26.212, 0, 0, 85456, 97887
2026/07/08 15:44:26.234, 1, 0, 87488, 97887
2026/07/08 15:44:26.253, 2, 100, 3, 97887
2026/07/08 15:44:26.272, 3, 100, 3, 97887
2026/07/08 15:44:26.287, 4, 0, 3, 97887
2026/07/08 15:44:26.304, 5, 0, 3, 97887
2026/07/08 15:44:26.321, 6, 0, 3, 97887
2026/07/08 15:44:26.340, 7, 0, 3, 97887
2026/07/08 15:44:27.359, 0, 0, 85456, 97887
2026/07/08 15:44:27.372, 1, 0, 87488, 97887
2026/07/08 15:44:27.384, 2, 100, 3, 97887
2026/07/08 15:44:27.402, 3, 100, 3, 97887
2026/07/08 15:44:27.421, 4, 0, 3, 97887
2026/07/08 15:44:27.439, 5, 0, 3, 97887
2026/07/08 15:44:27.457, 6, 0, 3, 97887
2026/07/08 15:44:27.475, 7, 0, 3, 97887
2026/07/08 15:44:28.494, 0, 0, 85456, 97887
2026/07/08 15:44:28.512, 1, 0, 87488, 97887
2026/07/08 15:44:28.528, 2, 100, 3, 97887
2026/07/08 15:44:28.545, 3, 100, 3, 97887
2026/07/08 15:44:28.561, 4, 0, 3, 97887
2026/07/08 15:44:28.576, 5, 0, 3, 97887
2026/07/08 15:44:28.592, 6, 0, 3, 97887
2026/07/08 15:44:28.611, 7, 0, 3, 97887
2026/07/08 15:44:29.625, 0, 0, 85456, 97887
2026/07/08 15:44:29.640, 1, 0, 87488, 97887
2026/07/08 15:44:29.655, 2, 100, 3, 97887
2026/07/08 15:44:29.672, 3, 100, 3, 97887
2026/07/08 15:44:29.688, 4, 0, 3, 97887
2026/07/08 15:44:29.706, 5, 0, 3, 97887
2026/07/08 15:44:29.723, 6, 0, 3, 97887
2026/07/08 15:44:29.741, 7, 0, 3, 97887
2026/07/08 15:44:30.758, 0, 0, 85456, 97887
2026/07/08 15:44:30.773, 1, 0, 87488, 97887
2026/07/08 15:44:30.787, 2, 100, 3, 97887
2026/07/08 15:44:30.801, 3, 100, 3, 97887
2026/07/08 15:44:30.814, 4, 0, 3, 97887
2026/07/08 15:44:30.829, 5, 0, 3, 97887
2026/07/08 15:44:30.845, 6, 0, 3, 97887
2026/07/08 15:44:30.861, 7, 0, 3, 97887
2026/07/08 15:44:31.877, 0, 0, 85456, 97887
2026/07/08 15:44:31.891, 1, 0, 87488, 97887
2026/07/08 15:44:31.907, 2, 100, 3, 97887
2026/07/08 15:44:31.924, 3, 100, 3, 97887
2026/07/08 15:44:31.942, 4, 0, 3, 97887
2026/07/08 15:44:31.960, 5, 0, 3, 97887
2026/07/08 15:44:31.978, 6, 0, 3, 97887
2026/07/08 15:44:31.996, 7, 0, 3, 97887
2026/07/08 15:44:33.013, 0, 0, 85456, 97887
2026/07/08 15:44:33.031, 1, 0, 87488, 97887
2026/07/08 15:44:33.053, 2, 100, 3, 97887
2026/07/08 15:44:33.069, 3, 100, 3, 97887
2026/07/08 15:44:33.089, 4, 0, 3, 97887
2026/07/08 15:44:33.106, 5, 0, 3, 97887
2026/07/08 15:44:33.123, 6, 0, 3, 97887
2026/07/08 15:44:33.140, 7, 0, 3, 97887
2026/07/08 15:44:34.158, 0, 0, 85456, 97887
2026/07/08 15:44:34.177, 1, 0, 87488, 97887
2026/07/08 15:44:34.193, 2, 100, 3, 97887
2026/07/08 15:44:34.208, 3, 100, 3, 97887
2026/07/08 15:44:34.224, 4, 0, 3, 97887
2026/07/08 15:44:34.243, 5, 0, 3, 97887
2026/07/08 15:44:34.261, 6, 0, 3, 97887
2026/07/08 15:44:34.277, 7, 0, 3, 97887
2026/07/08 15:44:35.297, 0, 0, 85456, 97887
2026/07/08 15:44:35.316, 1, 0, 87488, 97887
2026/07/08 15:44:35.332, 2, 100, 3, 97887
2026/07/08 15:44:35.349, 3, 100, 3, 97887
2026/07/08 15:44:35.364, 4, 0, 3, 97887
2026/07/08 15:44:35.381, 5, 0, 3, 97887
2026/07/08 15:44:35.395, 6, 0, 3, 97887
2026/07/08 15:44:35.409, 7, 0, 3, 97887
2026/07/08 15:44:36.425, 0, 0, 85456, 97887
2026/07/08 15:44:36.445, 1, 0, 87488, 97887
2026/07/08 15:44:36.462, 2, 100, 3, 97887
2026/07/08 15:44:36.479, 3, 100, 3, 97887
2026/07/08 15:44:36.494, 4, 0, 3, 97887
2026/07/08 15:44:36.511, 5, 0, 3, 97887
2026/07/08 15:44:36.527, 6, 0, 3, 97887
2026/07/08 15:44:36.544, 7, 0, 3, 97887
2026/07/08 15:44:37.562, 0, 0, 85456, 97887
2026/07/08 15:44:37.577, 1, 0, 87488, 97887
2026/07/08 15:44:37.594, 2, 100, 3, 97887
2026/07/08 15:44:37.611, 3, 100, 3, 97887
2026/07/08 15:44:37.626, 4, 0, 3, 97887
2026/07/08 15:44:37.642, 5, 0, 3, 97887
2026/07/08 15:44:37.659, 6, 0, 3, 97887
2026/07/08 15:44:37.675, 7, 0, 3, 97887
2026/07/08 15:44:38.691, 0, 0, 85456, 97887
2026/07/08 15:44:38.710, 1, 0, 87488, 97887
2026/07/08 15:44:38.728, 2, 100, 3, 97887
2026/07/08 15:44:38.745, 3, 100, 3, 97887
2026/07/08 15:44:38.763, 4, 0, 3, 97887
2026/07/08 15:44:38.780, 5, 0, 3, 97887
2026/07/08 15:44:38.798, 6, 0, 3, 97887
2026/07/08 15:44:38.815, 7, 0, 3, 97887
2026/07/08 15:44:39.834, 0, 0, 85456, 97887
2026/07/08 15:44:39.853, 1, 0, 87488, 97887
2026/07/08 15:44:39.871, 2, 100, 3, 97887
2026/07/08 15:44:39.890, 3, 100, 3, 97887
2026/07/08 15:44:39.909, 4, 0, 3, 97887
2026/07/08 15:44:39.928, 5, 0, 3, 97887
2026/07/08 15:44:39.945, 6, 0, 3, 97887
2026/07/08 15:44:39.964, 7, 0, 3, 97887
2026/07/08 15:44:40.982, 0, 0, 85456, 97887
2026/07/08 15:44:41.002, 1, 0, 87488, 97887
2026/07/08 15:44:41.022, 2, 100, 3, 97887
2026/07/08 15:44:41.041, 3, 100, 3, 97887
2026/07/08 15:44:41.059, 4, 0, 3, 97887
2026/07/08 15:44:41.079, 5, 0, 3, 97887
2026/07/08 15:44:41.100, 6, 0, 3, 97887
2026/07/08 15:44:41.120, 7, 0, 3, 97887
2026/07/08 15:44:42.139, 0, 0, 85456, 97887
2026/07/08 15:44:42.159, 1, 0, 87488, 97887
2026/07/08 15:44:42.178, 2, 100, 3, 97887
2026/07/08 15:44:42.196, 3, 100, 3, 97887
2026/07/08 15:44:42.212, 4, 0, 3, 97887
2026/07/08 15:44:42.230, 5, 0, 3, 97887
2026/07/08 15:44:42.247, 6, 0, 3, 97887
2026/07/08 15:44:42.264, 7, 0, 3, 97887
2026/07/08 15:44:43.283, 0, 0, 85456, 97887
2026/07/08 15:44:43.301, 1, 0, 87488, 97887
2026/07/08 15:44:43.320, 2, 100, 3, 97887
2026/07/08 15:44:43.336, 3, 100, 3, 97887
2026/07/08 15:44:43.349, 4, 0, 3, 97887
2026/07/08 15:44:43.366, 5, 0, 3, 97887
2026/07/08 15:44:43.384, 6, 0, 3, 97887
2026/07/08 15:44:43.402, 7, 0, 3, 97887
2026/07/08 15:44:44.420, 0, 0, 85456, 97887
2026/07/08 15:44:44.437, 1, 0, 87488, 97887
2026/07/08 15:44:44.455, 2, 100, 3, 97887
2026/07/08 15:44:44.472, 3, 100, 3, 97887
2026/07/08 15:44:44.490, 4, 0, 3, 97887
2026/07/08 15:44:44.506, 5, 0, 3, 97887
2026/07/08 15:44:44.522, 6, 0, 3, 97887
2026/07/08 15:44:44.538, 7, 0, 3, 97887
2026/07/08 15:44:45.556, 0, 0, 85456, 97887
2026/07/08 15:44:45.574, 1, 0, 87488, 97887
2026/07/08 15:44:45.592, 2, 100, 3, 97887
2026/07/08 15:44:45.609, 3, 100, 3, 97887
2026/07/08 15:44:45.626, 4, 0, 3, 97887
2026/07/08 15:44:45.643, 5, 0, 3, 97887
2026/07/08 15:44:45.660, 6, 0, 3, 97887
2026/07/08 15:44:45.678, 7, 0, 3, 97887
2026/07/08 15:44:46.694, 0, 0, 85456, 97887
2026/07/08 15:44:46.711, 1, 0, 87488, 97887
2026/07/08 15:44:46.726, 2, 100, 3, 97887
2026/07/08 15:44:46.741, 3, 100, 3, 97887
2026/07/08 15:44:46.754, 4, 0, 3, 97887
2026/07/08 15:44:46.767, 5, 0, 3, 97887
2026/07/08 15:44:46.780, 6, 0, 3, 97887
2026/07/08 15:44:46.794, 7, 0, 3, 97887
2026/07/08 15:44:47.807, 0, 0, 85456, 97887
2026/07/08 15:44:47.826, 1, 0, 87488, 97887
2026/07/08 15:44:47.840, 2, 100, 3, 97887
2026/07/08 15:44:47.857, 3, 100, 3, 97887
2026/07/08 15:44:47.871, 4, 0, 3, 97887
2026/07/08 15:44:47.887, 5, 0, 3, 97887
2026/07/08 15:44:47.903, 6, 0, 3, 97887
2026/07/08 15:44:47.918, 7, 0, 3, 97887
2026/07/08 15:44:48.932, 0, 0, 85456, 97887
2026/07/08 15:44:48.949, 1, 0, 87488, 97887
2026/07/08 15:44:48.966, 2, 100, 3, 97887
2026/07/08 15:44:48.981, 3, 100, 3, 97887
2026/07/08 15:44:48.996, 4, 0, 3, 97887
2026/07/08 15:44:49.012, 5, 0, 3, 97887
2026/07/08 15:44:49.028, 6, 0, 3, 97887
2026/07/08 15:44:49.044, 7, 0, 3, 97887
2026/07/08 15:44:50.054, 0, 0, 85456, 97887
2026/07/08 15:44:50.073, 1, 0, 87488, 97887
2026/07/08 15:44:50.090, 2, 100, 3, 97887
2026/07/08 15:44:50.109, 3, 100, 3, 97887
2026/07/08 15:44:50.125, 4, 0, 3, 97887
2026/07/08 15:44:50.142, 5, 0, 3, 97887
2026/07/08 15:44:50.157, 6, 0, 3, 97887
2026/07/08 15:44:50.173, 7, 0, 3, 97887
2026/07/08 15:44:51.191, 0, 0, 85456, 97887
2026/07/08 15:44:51.205, 1, 0, 87488, 97887
2026/07/08 15:44:51.220, 2, 100, 3, 97887
2026/07/08 15:44:51.237, 3, 100, 3, 97887
2026/07/08 15:44:51.253, 4, 0, 3, 97887
2026/07/08 15:44:51.268, 5, 0, 3, 97887
2026/07/08 15:44:51.283, 6, 0, 3, 97887
2026/07/08 15:44:51.301, 7, 0, 3, 97887
2026/07/08 15:44:52.332, 0, 0, 85456, 97887
2026/07/08 15:44:52.350, 1, 0, 87488, 97887
2026/07/08 15:44:52.366, 2, 100, 3, 97887
2026/07/08 15:44:52.382, 3, 100, 3, 97887
2026/07/08 15:44:52.399, 4, 0, 3, 97887
2026/07/08 15:44:52.414, 5, 0, 3, 97887
2026/07/08 15:44:52.429, 6, 0, 3, 97887
2026/07/08 15:44:52.446, 7, 0, 3, 97887
2026/07/08 15:44:53.462, 0, 0, 85456, 97887
2026/07/08 15:44:53.478, 1, 0, 87488, 97887
2026/07/08 15:44:53.492, 2, 100, 3, 97887
2026/07/08 15:44:53.507, 3, 100, 3, 97887
2026/07/08 15:44:53.524, 4, 0, 3, 97887
2026/07/08 15:44:53.539, 5, 0, 3, 97887
2026/07/08 15:44:53.555, 6, 0, 3, 97887
2026/07/08 15:44:53.570, 7, 0, 3, 97887
2026/07/08 15:44:54.584, 0, 0, 85456, 97887
2026/07/08 15:44:54.600, 1, 0, 87488, 97887
2026/07/08 15:44:54.616, 2, 100, 3, 97887
2026/07/08 15:44:54.632, 3, 100, 3, 97887
2026/07/08 15:44:54.649, 4, 0, 3, 97887
2026/07/08 15:44:54.662, 5, 0, 3, 97887
2026/07/08 15:44:54.679, 6, 0, 3, 97887
2026/07/08 15:44:54.693, 7, 0, 3, 97887
2026/07/08 15:44:55.709, 0, 0, 85456, 97887
2026/07/08 15:44:55.727, 1, 0, 87488, 97887
2026/07/08 15:44:55.746, 2, 100, 3, 97887
2026/07/08 15:44:55.765, 3, 100, 3, 97887
2026/07/08 15:44:55.783, 4, 0, 3, 97887
2026/07/08 15:44:55.799, 5, 0, 3, 97887
2026/07/08 15:44:55.818, 6, 0, 3, 97887
2026/07/08 15:44:55.837, 7, 0, 3, 97887
2026/07/08 15:44:56.855, 0, 0, 85456, 97887
2026/07/08 15:44:56.874, 1, 0, 87488, 97887
2026/07/08 15:44:56.891, 2, 100, 3, 97887
2026/07/08 15:44:56.907, 3, 100, 3, 97887
2026/07/08 15:44:56.920, 4, 0, 3, 97887
2026/07/08 15:44:56.931, 5, 0, 3, 97887
2026/07/08 15:44:56.944, 6, 0, 3, 97887
2026/07/08 15:44:56.961, 7, 0, 3, 97887
2026/07/08 15:44:57.973, 0, 0, 85456, 97887
2026/07/08 15:44:57.987, 1, 0, 87488, 97887
2026/07/08 15:44:58.000, 2, 100, 3, 97887
2026/07/08 15:44:58.011, 3, 100, 3, 97887
2026/07/08 15:44:58.024, 4, 0, 3, 97887
2026/07/08 15:44:58.035, 5, 0, 3, 97887
2026/07/08 15:44:58.050, 6, 0, 3, 97887
2026/07/08 15:44:58.065, 7, 0, 3, 97887
2026/07/08 15:44:59.081, 0, 0, 85456, 97887
2026/07/08 15:44:59.093, 1, 0, 87488, 97887
2026/07/08 15:44:59.106, 2, 100, 3, 97887
2026/07/08 15:44:59.119, 3, 100, 3, 97887
2026/07/08 15:44:59.130, 4, 0, 3, 97887
2026/07/08 15:44:59.143, 5, 0, 3, 97887
2026/07/08 15:44:59.158, 6, 0, 3, 97887
2026/07/08 15:44:59.175, 7, 0, 3, 97887
2026/07/08 15:45:00.192, 0, 0, 85456, 97887
2026/07/08 15:45:00.206, 1, 0, 87488, 97887
2026/07/08 15:45:00.222, 2, 100, 3, 97887
2026/07/08 15:45:00.235, 3, 100, 3, 97887
2026/07/08 15:45:00.250, 4, 0, 3, 97887
2026/07/08 15:45:00.266, 5, 0, 3, 97887
2026/07/08 15:45:00.281, 6, 0, 3, 97887
2026/07/08 15:45:00.299, 7, 0, 3, 97887
2026/07/08 15:45:01.315, 0, 0, 85456, 97887
2026/07/08 15:45:01.332, 1, 0, 87488, 97887
2026/07/08 15:45:01.347, 2, 100, 3, 97887
2026/07/08 15:45:01.360, 3, 100, 3, 97887
2026/07/08 15:45:01.372, 4, 0, 3, 97887
2026/07/08 15:45:01.383, 5, 0, 3, 97887
2026/07/08 15:45:01.397, 6, 0, 3, 97887
2026/07/08 15:45:01.408, 7, 0, 3, 97887
2026/07/08 15:45:02.423, 0, 0, 85456, 97887
2026/07/08 15:45:02.436, 1, 0, 87488, 97887
2026/07/08 15:45:02.451, 2, 100, 3, 97887
2026/07/08 15:45:02.466, 3, 100, 3, 97887
2026/07/08 15:45:02.484, 4, 0, 3, 97887
2026/07/08 15:45:02.501, 5, 0, 3, 97887
2026/07/08 15:45:02.516, 6, 0, 3, 97887
2026/07/08 15:45:02.541, 7, 0, 3, 97887
2026/07/08 15:45:03.554, 0, 0, 85456, 97887
2026/07/08 15:45:03.570, 1, 0, 87488, 97887
2026/07/08 15:45:03.587, 2, 100, 3, 97887
2026/07/08 15:45:03.602, 3, 100, 3, 97887
2026/07/08 15:45:03.616, 4, 0, 3, 97887
2026/07/08 15:45:03.632, 5, 0, 3, 97887
2026/07/08 15:45:03.651, 6, 0, 3, 97887
2026/07/08 15:45:03.669, 7, 0, 3, 97887
2026/07/08 15:45:04.685, 0, 0, 85456, 97887
2026/07/08 15:45:04.701, 1, 0, 87488, 97887
2026/07/08 15:45:04.717, 2, 100, 3, 97887
2026/07/08 15:45:04.736, 3, 100, 3, 97887
2026/07/08 15:45:04.754, 4, 0, 3, 97887
2026/07/08 15:45:04.771, 5, 0, 3, 97887
2026/07/08 15:45:04.787, 6, 0, 3, 97887
2026/07/08 15:45:04.803, 7, 0, 3, 97887
2026/07/08 15:45:05.817, 0, 0, 85456, 97887
2026/07/08 15:45:05.835, 1, 0, 87488, 97887
2026/07/08 15:45:05.853, 2, 100, 3, 97887
2026/07/08 15:45:05.868, 3, 100, 3, 97887
2026/07/08 15:45:05.886, 4, 0, 3, 97887
2026/07/08 15:45:05.903, 5, 0, 3, 97887
2026/07/08 15:45:05.919, 6, 0, 3, 97887
2026/07/08 15:45:05.937, 7, 0, 3, 97887
2026/07/08 15:45:06.954, 0, 0, 85456, 97887
2026/07/08 15:45:06.970, 1, 0, 87488, 97887
2026/07/08 15:45:06.988, 2, 100, 3, 97887
2026/07/08 15:45:07.004, 3, 100, 3, 97887
2026/07/08 15:45:07.021, 4, 0, 3, 97887
2026/07/08 15:45:07.038, 5, 0, 3, 97887
2026/07/08 15:45:07.054, 6, 0, 3, 97887
2026/07/08 15:45:07.071, 7, 0, 3, 97887
2026/07/08 15:45:08.088, 0, 0, 85456, 97887
2026/07/08 15:45:08.117, 1, 0, 87488, 97887
2026/07/08 15:45:08.141, 2, 100, 3, 97887
2026/07/08 15:45:08.159, 3, 100, 3, 97887
2026/07/08 15:45:08.178, 4, 0, 3, 97887
2026/07/08 15:45:08.201, 5, 0, 3, 97887
2026/07/08 15:45:08.225, 6, 0, 3, 97887
2026/07/08 15:45:08.246, 7, 0, 3, 97887
2026/07/08 15:45:09.265, 0, 0, 85456, 97887
2026/07/08 15:45:09.282, 1, 0, 87488, 97887
2026/07/08 15:45:09.295, 2, 100, 3, 97887
2026/07/08 15:45:09.312, 3, 100, 3, 97887
2026/07/08 15:45:09.330, 4, 0, 3, 97887
2026/07/08 15:45:09.347, 5, 0, 3, 97887
2026/07/08 15:45:09.364, 6, 0, 3, 97887
2026/07/08 15:45:09.380, 7, 0, 3, 97887
2026/07/08 15:45:10.397, 0, 0, 85456, 97887
2026/07/08 15:45:10.412, 1, 0, 87488, 97887
2026/07/08 15:45:10.427, 2, 100, 3, 97887
2026/07/08 15:45:10.441, 3, 100, 3, 97887
2026/07/08 15:45:10.458, 4, 0, 3, 97887
2026/07/08 15:45:10.475, 5, 0, 3, 97887
2026/07/08 15:45:10.491, 6, 0, 3, 97887
2026/07/08 15:45:10.507, 7, 0, 3, 97887
2026/07/08 15:45:11.522, 0, 0, 85456, 97887
2026/07/08 15:45:11.537, 1, 0, 87488, 97887
2026/07/08 15:45:11.550, 2, 100, 3, 97887
2026/07/08 15:45:11.565, 3, 100, 3, 97887
2026/07/08 15:45:11.578, 4, 0, 3, 97887
2026/07/08 15:45:11.588, 5, 0, 3, 97887
2026/07/08 15:45:11.599, 6, 0, 3, 97887
2026/07/08 15:45:11.611, 7, 0, 3, 97887
2026/07/08 15:45:12.622, 0, 0, 85456, 97887
2026/07/08 15:45:12.639, 1, 0, 87488, 97887
2026/07/08 15:45:12.655, 2, 100, 3, 97887
2026/07/08 15:45:12.670, 3, 100, 3, 97887
2026/07/08 15:45:12.686, 4, 0, 3, 97887
2026/07/08 15:45:12.704, 5, 0, 3, 97887
2026/07/08 15:45:12.722, 6, 0, 3, 97887
2026/07/08 15:45:12.737, 7, 0, 3, 97887
2026/07/08 15:45:13.750, 0, 0, 85456, 97887
2026/07/08 15:45:13.774, 1, 0, 87488, 97887
2026/07/08 15:45:13.796, 2, 100, 3, 97887
2026/07/08 15:45:13.813, 3, 100, 3, 97887
2026/07/08 15:45:13.829, 4, 0, 3, 97887
2026/07/08 15:45:13.845, 5, 0, 3, 97887
2026/07/08 15:45:13.861, 6, 0, 3, 97887
2026/07/08 15:45:13.876, 7, 0, 3, 97887
2026/07/08 15:45:14.893, 0, 0, 85456, 97887
2026/07/08 15:45:14.908, 1, 0, 87488, 97887
2026/07/08 15:45:14.924, 2, 100, 3, 97887
2026/07/08 15:45:14.940, 3, 100, 3, 97887
2026/07/08 15:45:14.955, 4, 0, 3, 97887
2026/07/08 15:45:14.971, 5, 0, 3, 97887
2026/07/08 15:45:14.988, 6, 0, 3, 97887
2026/07/08 15:45:15.004, 7, 0, 3, 97887
2026/07/08 15:45:16.022, 0, 0, 85456, 97887
2026/07/08 15:45:16.036, 1, 0, 87488, 97887
2026/07/08 15:45:16.049, 2, 100, 3, 97887
2026/07/08 15:45:16.061, 3, 100, 3, 97887
2026/07/08 15:45:16.077, 4, 0, 3, 97887
2026/07/08 15:45:16.091, 5, 0, 3, 97887
2026/07/08 15:45:16.103, 6, 0, 3, 97887
2026/07/08 15:45:16.114, 7, 0, 3, 97887
2026/07/08 15:45:17.127, 0, 0, 85456, 97887
2026/07/08 15:45:17.143, 1, 0, 87488, 97887
2026/07/08 15:45:17.158, 2, 100, 3, 97887
2026/07/08 15:45:17.175, 3, 100, 3, 97887
2026/07/08 15:45:17.189, 4, 0, 3, 97887
2026/07/08 15:45:17.203, 5, 0, 3, 97887
2026/07/08 15:45:17.219, 6, 0, 3, 97887
2026/07/08 15:45:17.238, 7, 0, 3, 97887
2026/07/08 15:45:18.256, 0, 0, 85456, 97887
2026/07/08 15:45:18.275, 1, 0, 87488, 97887
2026/07/08 15:45:18.292, 2, 100, 3, 97887
2026/07/08 15:45:18.309, 3, 100, 3, 97887
2026/07/08 15:45:18.325, 4, 0, 3, 97887
2026/07/08 15:45:18.344, 5, 0, 3, 97887
2026/07/08 15:45:18.359, 6, 0, 3, 97887
2026/07/08 15:45:18.375, 7, 0, 3, 97887
2026/07/08 15:45:19.391, 0, 0, 85456, 97887
2026/07/08 15:45:19.409, 1, 0, 87488, 97887
2026/07/08 15:45:19.425, 2, 100, 3, 97887
2026/07/08 15:45:19.441, 3, 100, 3, 97887
2026/07/08 15:45:19.457, 4, 0, 3, 97887
2026/07/08 15:45:19.472, 5, 0, 3, 97887
2026/07/08 15:45:19.487, 6, 0, 3, 97887
2026/07/08 15:45:19.503, 7, 0, 3, 97887
2026/07/08 15:45:20.519, 0, 0, 85456, 97887
2026/07/08 15:45:20.536, 1, 0, 87488, 97887
2026/07/08 15:45:20.554, 2, 100, 3, 97887
2026/07/08 15:45:20.569, 3, 100, 3, 97887
2026/07/08 15:45:20.584, 4, 0, 3, 97887
2026/07/08 15:45:20.601, 5, 0, 3, 97887
2026/07/08 15:45:20.615, 6, 0, 3, 97887
2026/07/08 15:45:20.626, 7, 0, 3, 97887
2026/07/08 15:45:21.640, 0, 0, 85456, 97887
2026/07/08 15:45:21.658, 1, 0, 87488, 97887
2026/07/08 15:45:21.676, 2, 100, 3, 97887
2026/07/08 15:45:21.693, 3, 100, 3, 97887
2026/07/08 15:45:21.709, 4, 0, 3, 97887
2026/07/08 15:45:21.723, 5, 0, 3, 97887
2026/07/08 15:45:21.738, 6, 0, 3, 97887
2026/07/08 15:45:21.755, 7, 0, 3, 97887
2026/07/08 15:45:22.771, 0, 0, 85456, 97887
2026/07/08 15:45:22.791, 1, 0, 87488, 97887
2026/07/08 15:45:22.810, 2, 100, 3, 97887
2026/07/08 15:45:22.827, 3, 100, 3, 97887
2026/07/08 15:45:22.847, 4, 0, 3, 97887
2026/07/08 15:45:22.865, 5, 0, 3, 97887
2026/07/08 15:45:22.882, 6, 0, 3, 97887
2026/07/08 15:45:22.899, 7, 0, 3, 97887
2026/07/08 15:45:23.916, 0, 0, 85456, 97887
2026/07/08 15:45:23.931, 1, 0, 87488, 97887
2026/07/08 15:45:23.949, 2, 100, 3, 97887
2026/07/08 15:45:23.963, 3, 100, 3, 97887
2026/07/08 15:45:23.978, 4, 0, 3, 97887
2026/07/08 15:45:23.992, 5, 0, 3, 97887
2026/07/08 15:45:24.005, 6, 0, 3, 97887
2026/07/08 15:45:24.019, 7, 0, 3, 97887
2026/07/08 15:45:25.033, 0, 0, 85456, 97887
2026/07/08 15:45:25.049, 1, 0, 87488, 97887
2026/07/08 15:45:25.068, 2, 100, 3, 97887
2026/07/08 15:45:25.083, 3, 100, 3, 97887
2026/07/08 15:45:25.102, 4, 0, 3, 97887
2026/07/08 15:45:25.118, 5, 0, 3, 97887
2026/07/08 15:45:25.136, 6, 0, 3, 97887
2026/07/08 15:45:25.153, 7, 0, 3, 97887
2026/07/08 15:45:26.169, 0, 0, 85456, 97887
2026/07/08 15:45:26.183, 1, 0, 87488, 97887
2026/07/08 15:45:26.197, 2, 100, 3, 97887
2026/07/08 15:45:26.213, 3, 100, 3, 97887
2026/07/08 15:45:26.228, 4, 0, 3, 97887
2026/07/08 15:45:26.245, 5, 0, 3, 97887
2026/07/08 15:45:26.263, 6, 0, 3, 97887
2026/07/08 15:45:26.280, 7, 0, 3, 97887
2026/07/08 15:45:27.298, 0, 0, 85456, 97887
2026/07/08 15:45:27.313, 1, 0, 87488, 97887
2026/07/08 15:45:27.326, 2, 100, 3, 97887
2026/07/08 15:45:27.341, 3, 100, 3, 97887
2026/07/08 15:45:27.355, 4, 0, 3, 97887
2026/07/08 15:45:27.367, 5, 0, 3, 97887
2026/07/08 15:45:27.381, 6, 0, 3, 97887
2026/07/08 15:45:27.397, 7, 0, 3, 97887
2026/07/08 15:45:28.412, 0, 0, 85456, 97887
2026/07/08 15:45:28.428, 1, 0, 87488, 97887
2026/07/08 15:45:28.445, 2, 100, 3, 97887
2026/07/08 15:45:28.461, 3, 100, 3, 97887
2026/07/08 15:45:28.477, 4, 0, 3, 97887
2026/07/08 15:45:28.494, 5, 0, 3, 97887
2026/07/08 15:45:28.509, 6, 0, 3, 97887
2026/07/08 15:45:28.525, 7, 0, 3, 97887
2026/07/08 15:45:29.540, 0, 0, 85456, 97887
2026/07/08 15:45:29.558, 1, 0, 87488, 97887
2026/07/08 15:45:29.576, 2, 100, 3, 97887
2026/07/08 15:45:29.591, 3, 100, 3, 97887
2026/07/08 15:45:29.606, 4, 0, 3, 97887
2026/07/08 15:45:29.622, 5, 0, 3, 97887
2026/07/08 15:45:29.639, 6, 0, 3, 97887
2026/07/08 15:45:29.655, 7, 0, 3, 97887
2026/07/08 15:45:30.670, 0, 0, 85456, 97887
2026/07/08 15:45:30.690, 1, 0, 87488, 97887
2026/07/08 15:45:30.710, 2, 100, 3, 97887
2026/07/08 15:45:30.729, 3, 100, 3, 97887
2026/07/08 15:45:30.747, 4, 0, 3, 97887
2026/07/08 15:45:30.763, 5, 0, 3, 97887
2026/07/08 15:45:30.780, 6, 0, 3, 97887
2026/07/08 15:45:30.799, 7, 0, 3, 97887
2026/07/08 15:45:31.817, 0, 0, 85456, 97887
2026/07/08 15:45:31.838, 1, 0, 87488, 97887
2026/07/08 15:45:31.859, 2, 100, 3, 97887
2026/07/08 15:45:31.878, 3, 100, 3, 97887
2026/07/08 15:45:31.899, 4, 0, 3, 97887
2026/07/08 15:45:31.921, 5, 0, 3, 97887
2026/07/08 15:45:31.942, 6, 0, 3, 97887
2026/07/08 15:45:31.961, 7, 0, 3, 97887
2026/07/08 15:45:32.981, 0, 0, 85456, 97887
2026/07/08 15:45:33.002, 1, 0, 87488, 97887
2026/07/08 15:45:33.022, 2, 100, 3, 97887
2026/07/08 15:45:33.042, 3, 100, 3, 97887
2026/07/08 15:45:33.059, 4, 0, 3, 97887
2026/07/08 15:45:33.073, 5, 0, 3, 97887
2026/07/08 15:45:33.084, 6, 0, 3, 97887
2026/07/08 15:45:33.104, 7, 0, 3, 97887
2026/07/08 15:45:34.124, 0, 0, 85456, 97887
2026/07/08 15:45:34.144, 1, 0, 87488, 97887
2026/07/08 15:45:34.154, 2, 100, 3, 97887
2026/07/08 15:45:34.166, 3, 100, 3, 97887
2026/07/08 15:45:34.181, 4, 0, 3, 97887
2026/07/08 15:45:34.195, 5, 0, 3, 97887
2026/07/08 15:45:34.210, 6, 0, 3, 97887
2026/07/08 15:45:34.225, 7, 0, 3, 97887
2026/07/08 15:45:35.243, 0, 0, 85456, 97887
2026/07/08 15:45:35.261, 1, 0, 87488, 97887
2026/07/08 15:45:35.278, 2, 100, 3, 97887
2026/07/08 15:45:35.297, 3, 100, 3, 97887
2026/07/08 15:45:35.315, 4, 0, 3, 97887
2026/07/08 15:45:35.332, 5, 0, 3, 97887
2026/07/08 15:45:35.347, 6, 0, 3, 97887
2026/07/08 15:45:35.364, 7, 0, 3, 97887
2026/07/08 15:45:36.383, 0, 0, 85456, 97887
2026/07/08 15:45:36.398, 1, 0, 87488, 97887
2026/07/08 15:45:36.414, 2, 100, 3, 97887
2026/07/08 15:45:36.431, 3, 100, 3, 97887
2026/07/08 15:45:36.448, 4, 0, 3, 97887
2026/07/08 15:45:36.465, 5, 0, 3, 97887
2026/07/08 15:45:36.480, 6, 0, 3, 97887
2026/07/08 15:45:36.492, 7, 0, 3, 97887
2026/07/08 15:45:37.505, 0, 0, 85456, 97887
2026/07/08 15:45:37.523, 1, 0, 87488, 97887
2026/07/08 15:45:37.541, 2, 100, 3, 97887
2026/07/08 15:45:37.559, 3, 100, 3, 97887
2026/07/08 15:45:37.576, 4, 0, 3, 97887
2026/07/08 15:45:37.594, 5, 0, 3, 97887
2026/07/08 15:45:37.613, 6, 0, 3, 97887
2026/07/08 15:45:37.631, 7, 0, 3, 97887
2026/07/08 15:45:38.647, 0, 0, 85456, 97887
2026/07/08 15:45:38.668, 1, 0, 87488, 97887
2026/07/08 15:45:38.686, 2, 100, 3, 97887
2026/07/08 15:45:38.704, 3, 100, 3, 97887
2026/07/08 15:45:38.722, 4, 0, 3, 97887
2026/07/08 15:45:38.741, 5, 0, 3, 97887
2026/07/08 15:45:38.759, 6, 0, 3, 97887
2026/07/08 15:45:38.777, 7, 0, 3, 97887
2026/07/08 15:45:39.794, 0, 0, 85456, 97887
2026/07/08 15:45:39.810, 1, 0, 87488, 97887
2026/07/08 15:45:39.826, 2, 100, 3, 97887
2026/07/08 15:45:39.842, 3, 100, 3, 97887
2026/07/08 15:45:39.857, 4, 0, 3, 97887
2026/07/08 15:45:39.871, 5, 0, 3, 97887
2026/07/08 15:45:39.886, 6, 0, 3, 97887
2026/07/08 15:45:39.902, 7, 0, 3, 97887
2026/07/08 15:45:40.918, 0, 0, 85456, 97887
2026/07/08 15:45:40.937, 1, 0, 87488, 97887
2026/07/08 15:45:40.947, 2, 100, 3, 97887
2026/07/08 15:45:40.960, 3, 100, 3, 97887
2026/07/08 15:45:40.972, 4, 0, 3, 97887
2026/07/08 15:45:40.987, 5, 0, 3, 97887
2026/07/08 15:45:41.000, 6, 0, 3, 97887
2026/07/08 15:45:41.016, 7, 0, 3, 97887
2026/07/08 15:45:42.032, 0, 0, 85456, 97887
2026/07/08 15:45:42.049, 1, 0, 87488, 97887
2026/07/08 15:45:42.065, 2, 100, 3, 97887
2026/07/08 15:45:42.081, 3, 100, 3, 97887
2026/07/08 15:45:42.097, 4, 0, 3, 97887
2026/07/08 15:45:42.113, 5, 0, 3, 97887
2026/07/08 15:45:42.133, 6, 0, 3, 97887
2026/07/08 15:45:42.150, 7, 0, 3, 97887
2026/07/08 15:45:43.166, 0, 0, 85456, 97887
2026/07/08 15:45:43.183, 1, 0, 87488, 97887
2026/07/08 15:45:43.197, 2, 100, 3, 97887
2026/07/08 15:45:43.212, 3, 100, 3, 97887
2026/07/08 15:45:43.230, 4, 0, 3, 97887
2026/07/08 15:45:43.249, 5, 0, 3, 97887
2026/07/08 15:45:43.269, 6, 0, 3, 97887
2026/07/08 15:45:43.286, 7, 0, 3, 97887
2026/07/08 15:45:44.303, 0, 0, 85456, 97887
2026/07/08 15:45:44.320, 1, 0, 87488, 97887
2026/07/08 15:45:44.335, 2, 100, 3, 97887
2026/07/08 15:45:44.351, 3, 100, 3, 97887
2026/07/08 15:45:44.369, 4, 0, 3, 97887
2026/07/08 15:45:44.385, 5, 0, 3, 97887
2026/07/08 15:45:44.400, 6, 0, 3, 97887
2026/07/08 15:45:44.415, 7, 0, 3, 97887
2026/07/08 15:45:45.429, 0, 0, 85456, 97887
2026/07/08 15:45:45.452, 1, 0, 87488, 97887
2026/07/08 15:45:45.463, 2, 100, 3, 97887
2026/07/08 15:45:45.477, 3, 100, 3, 97887
2026/07/08 15:45:45.492, 4, 0, 3, 97887
2026/07/08 15:45:45.507, 5, 0, 3, 97887
2026/07/08 15:45:45.525, 6, 0, 3, 97887
2026/07/08 15:45:45.540, 7, 0, 3, 97887
2026/07/08 15:45:46.556, 0, 0, 85456, 97887
2026/07/08 15:45:46.571, 1, 0, 87488, 97887
2026/07/08 15:45:46.588, 2, 100, 3, 97887
2026/07/08 15:45:46.608, 3, 100, 3, 97887
2026/07/08 15:45:46.624, 4, 0, 3, 97887
2026/07/08 15:45:46.640, 5, 0, 3, 97887
2026/07/08 15:45:46.657, 6, 0, 3, 97887
2026/07/08 15:45:46.672, 7, 0, 3, 97887
2026/07/08 15:45:47.689, 0, 0, 85456, 97887
2026/07/08 15:45:47.704, 1, 0, 87488, 97887
2026/07/08 15:45:47.718, 2, 100, 3, 97887
2026/07/08 15:45:47.734, 3, 100, 3, 97887
2026/07/08 15:45:47.749, 4, 0, 3, 97887
2026/07/08 15:45:47.764, 5, 0, 3, 97887
2026/07/08 15:45:47.780, 6, 0, 3, 97887
2026/07/08 15:45:47.795, 7, 0, 3, 97887
2026/07/08 15:45:48.810, 0, 0, 85456, 97887
2026/07/08 15:45:48.828, 1, 0, 87488, 97887
2026/07/08 15:45:48.844, 2, 100, 3, 97887
2026/07/08 15:45:48.860, 3, 100, 3, 97887
2026/07/08 15:45:48.877, 4, 0, 3, 97887
2026/07/08 15:45:48.893, 5, 0, 3, 97887
2026/07/08 15:45:48.910, 6, 0, 3, 97887
2026/07/08 15:45:48.927, 7, 0, 3, 97887
2026/07/08 15:45:49.945, 0, 0, 85456, 97887
2026/07/08 15:45:49.963, 1, 0, 87488, 97887
2026/07/08 15:45:49.978, 2, 100, 3, 97887
2026/07/08 15:45:49.991, 3, 100, 3, 97887
2026/07/08 15:45:50.005, 4, 0, 3, 97887
2026/07/08 15:45:50.020, 5, 0, 3, 97887
2026/07/08 15:45:50.034, 6, 0, 3, 97887
2026/07/08 15:45:50.048, 7, 0, 3, 97887
2026/07/08 15:45:51.060, 0, 0, 85456, 97887
2026/07/08 15:45:51.074, 1, 0, 87488, 97887
2026/07/08 15:45:51.090, 2, 100, 3, 97887
2026/07/08 15:45:51.108, 3, 100, 3, 97887
2026/07/08 15:45:51.126, 4, 0, 3, 97887
2026/07/08 15:45:51.145, 5, 0, 3, 97887
2026/07/08 15:45:51.164, 6, 0, 3, 97887
2026/07/08 15:45:51.180, 7, 0, 3, 97887
2026/07/08 15:45:52.193, 0, 0, 85456, 97887
2026/07/08 15:45:52.208, 1, 0, 87488, 97887
2026/07/08 15:45:52.237, 2, 100, 3, 97887
2026/07/08 15:45:52.256, 3, 100, 3, 97887
2026/07/08 15:45:52.269, 4, 0, 3, 97887
2026/07/08 15:45:52.290, 5, 0, 3, 97887
2026/07/08 15:45:52.305, 6, 0, 3, 97887
2026/07/08 15:45:52.335, 7, 0, 3, 97887
2026/07/08 15:45:53.350, 0, 0, 85456, 97887
2026/07/08 15:45:53.368, 1, 0, 87488, 97887
2026/07/08 15:45:53.386, 2, 100, 3, 97887
2026/07/08 15:45:53.403, 3, 100, 3, 97887
2026/07/08 15:45:53.418, 4, 0, 3, 97887
2026/07/08 15:45:53.435, 5, 0, 3, 97887
2026/07/08 15:45:53.451, 6, 0, 3, 97887
2026/07/08 15:45:53.468, 7, 0, 3, 97887
2026/07/08 15:45:54.485, 0, 0, 85456, 97887
2026/07/08 15:45:54.502, 1, 0, 87488, 97887
2026/07/08 15:45:54.517, 2, 100, 3, 97887
2026/07/08 15:45:54.529, 3, 100, 3, 97887
2026/07/08 15:45:54.541, 4, 0, 3, 97887
2026/07/08 15:45:54.558, 5, 0, 3, 97887
2026/07/08 15:45:54.573, 6, 0, 3, 97887
2026/07/08 15:45:54.585, 7, 0, 3, 97887
2026/07/08 15:45:55.599, 0, 0, 85456, 97887
2026/07/08 15:45:55.616, 1, 0, 87488, 97887
2026/07/08 15:45:55.633, 2, 100, 3, 97887
2026/07/08 15:45:55.647, 3, 100, 3, 97887
2026/07/08 15:45:55.660, 4, 0, 3, 97887
2026/07/08 15:45:55.674, 5, 0, 3, 97887
2026/07/08 15:45:55.689, 6, 0, 3, 97887
2026/07/08 15:45:55.706, 7, 0, 3, 97887
2026/07/08 15:45:56.722, 0, 0, 85456, 97887
2026/07/08 15:45:56.735, 1, 0, 87488, 97887
2026/07/08 15:45:56.750, 2, 100, 3, 97887
2026/07/08 15:45:56.765, 3, 100, 3, 97887
2026/07/08 15:45:56.780, 4, 0, 3, 97887
2026/07/08 15:45:56.796, 5, 0, 3, 97887
2026/07/08 15:45:56.810, 6, 0, 3, 97887
2026/07/08 15:45:56.825, 7, 0, 3, 97887
2026/07/08 15:45:57.840, 0, 0, 85456, 97887
2026/07/08 15:45:57.855, 1, 0, 87488, 97887
2026/07/08 15:45:57.869, 2, 100, 3, 97887
2026/07/08 15:45:57.884, 3, 100, 3, 97887
2026/07/08 15:45:57.900, 4, 0, 3, 97887
2026/07/08 15:45:57.920, 5, 0, 3, 97887
2026/07/08 15:45:57.936, 6, 0, 3, 97887
2026/07/08 15:45:57.952, 7, 0, 3, 97887
2026/07/08 15:45:58.969, 0, 0, 85456, 97887
2026/07/08 15:45:58.986, 1, 0, 87488, 97887
2026/07/08 15:45:59.002, 2, 100, 3, 97887
2026/07/08 15:45:59.016, 3, 100, 3, 97887
2026/07/08 15:45:59.032, 4, 0, 3, 97887
2026/07/08 15:45:59.046, 5, 0, 3, 97887
2026/07/08 15:45:59.059, 6, 0, 3, 97887
2026/07/08 15:45:59.074, 7, 0, 3, 97887
2026/07/08 15:46:00.087, 0, 0, 85456, 97887
2026/07/08 15:46:00.105, 1, 0, 87488, 97887
2026/07/08 15:46:00.120, 2, 100, 3, 97887
2026/07/08 15:46:00.135, 3, 100, 3, 97887
2026/07/08 15:46:00.150, 4, 0, 3, 97887
2026/07/08 15:46:00.166, 5, 0, 3, 97887
2026/07/08 15:46:00.182, 6, 0, 3, 97887
2026/07/08 15:46:00.199, 7, 0, 3, 97887
2026/07/08 15:46:01.215, 0, 0, 85456, 97887
2026/07/08 15:46:01.230, 1, 0, 87488, 97887
2026/07/08 15:46:01.246, 2, 100, 3, 97887
2026/07/08 15:46:01.261, 3, 100, 3, 97887
2026/07/08 15:46:01.279, 4, 0, 3, 97887
2026/07/08 15:46:01.295, 5, 0, 3, 97887
2026/07/08 15:46:01.312, 6, 0, 3, 97887
2026/07/08 15:46:01.328, 7, 0, 3, 97887
2026/07/08 15:46:02.343, 0, 0, 85456, 97887
2026/07/08 15:46:02.360, 1, 0, 87488, 97887
2026/07/08 15:46:02.377, 2, 100, 3, 97887
2026/07/08 15:46:02.394, 3, 100, 3, 97887
2026/07/08 15:46:02.411, 4, 0, 3, 97887
2026/07/08 15:46:02.427, 5, 0, 3, 97887
2026/07/08 15:46:02.443, 6, 0, 3, 97887
2026/07/08 15:46:02.459, 7, 0, 3, 97887
2026/07/08 15:46:03.477, 0, 0, 85456, 97887
2026/07/08 15:46:03.498, 1, 0, 87488, 97887
2026/07/08 15:46:03.524, 2, 100, 3, 97887
2026/07/08 15:46:03.544, 3, 100, 3, 97887
2026/07/08 15:46:03.568, 4, 0, 3, 97887
2026/07/08 15:46:03.583, 5, 0, 3, 97887
2026/07/08 15:46:03.604, 6, 0, 3, 97887
2026/07/08 15:46:03.621, 7, 0, 3, 97887
2026/07/08 15:46:04.644, 0, 0, 85456, 97887
2026/07/08 15:46:04.660, 1, 0, 87488, 97887
2026/07/08 15:46:04.677, 2, 100, 3, 97887
2026/07/08 15:46:04.695, 3, 100, 3, 97887
2026/07/08 15:46:04.712, 4, 0, 3, 97887
2026/07/08 15:46:04.728, 5, 0, 3, 97887
2026/07/08 15:46:04.746, 6, 0, 3, 97887
2026/07/08 15:46:04.763, 7, 0, 3, 97887
2026/07/08 15:46:05.781, 0, 0, 85456, 97887
2026/07/08 15:46:05.798, 1, 0, 87488, 97887
2026/07/08 15:46:05.812, 2, 100, 3, 97887
2026/07/08 15:46:05.830, 3, 100, 3, 97887
2026/07/08 15:46:05.847, 4, 0, 3, 97887
2026/07/08 15:46:05.865, 5, 0, 3, 97887
2026/07/08 15:46:05.885, 6, 0, 3, 97887
2026/07/08 15:46:05.906, 7, 0, 3, 97887
2026/07/08 15:46:06.925, 0, 0, 85456, 97887
2026/07/08 15:46:06.943, 1, 0, 87488, 97887
2026/07/08 15:46:06.963, 2, 100, 3, 97887
2026/07/08 15:46:06.979, 3, 100, 3, 97887
2026/07/08 15:46:06.999, 4, 0, 3, 97887
2026/07/08 15:46:07.018, 5, 0, 3, 97887
2026/07/08 15:46:07.036, 6, 0, 3, 97887
2026/07/08 15:46:07.053, 7, 0, 3, 97887
2026/07/08 15:46:08.072, 0, 0, 85456, 97887
2026/07/08 15:46:08.090, 1, 0, 87488, 97887
2026/07/08 15:46:08.106, 2, 100, 3, 97887
2026/07/08 15:46:08.122, 3, 100, 3, 97887
2026/07/08 15:46:08.140, 4, 0, 3, 97887
2026/07/08 15:46:08.157, 5, 0, 3, 97887
2026/07/08 15:46:08.173, 6, 0, 3, 97887
2026/07/08 15:46:08.190, 7, 0, 3, 97887
2026/07/08 15:46:09.206, 0, 0, 85456, 97887
2026/07/08 15:46:09.229, 1, 0, 87488, 97887
2026/07/08 15:46:09.256, 2, 100, 3, 97887
2026/07/08 15:46:09.281, 3, 100, 3, 97887
2026/07/08 15:46:09.308, 4, 0, 3, 97887
2026/07/08 15:46:09.328, 5, 0, 3, 97887
2026/07/08 15:46:09.345, 6, 0, 3, 97887
2026/07/08 15:46:09.360, 7, 0, 3, 97887
2026/07/08 15:46:10.375, 0, 0, 85456, 97887
2026/07/08 15:46:10.396, 1, 0, 87488, 97887
2026/07/08 15:46:10.416, 2, 100, 3, 97887
2026/07/08 15:46:10.435, 3, 100, 3, 97887
2026/07/08 15:46:10.455, 4, 0, 3, 97887
2026/07/08 15:46:10.473, 5, 0, 3, 97887
2026/07/08 15:46:10.493, 6, 0, 3, 97887
2026/07/08 15:46:10.510, 7, 0, 3, 97887
2026/07/08 15:46:11.531, 0, 0, 85456, 97887
2026/07/08 15:46:11.547, 1, 0, 87488, 97887
2026/07/08 15:46:11.563, 2, 100, 3, 97887
2026/07/08 15:46:11.580, 3, 100, 3, 97887
2026/07/08 15:46:11.596, 4, 0, 3, 97887
2026/07/08 15:46:11.613, 5, 0, 3, 97887
2026/07/08 15:46:11.630, 6, 0, 3, 97887
2026/07/08 15:46:11.648, 7, 0, 3, 97887
2026/07/08 15:46:12.664, 0, 0, 85456, 97887
2026/07/08 15:46:12.684, 1, 0, 87488, 97887
2026/07/08 15:46:12.701, 2, 100, 3, 97887
2026/07/08 15:46:12.716, 3, 100, 3, 97887
2026/07/08 15:46:12.735, 4, 0, 3, 97887
2026/07/08 15:46:12.755, 5, 0, 3, 97887
2026/07/08 15:46:12.774, 6, 0, 3, 97887
2026/07/08 15:46:12.791, 7, 0, 3, 97887
2026/07/08 15:46:13.810, 0, 0, 85456, 97887
2026/07/08 15:46:13.829, 1, 0, 87488, 97887
2026/07/08 15:46:13.846, 2, 100, 3, 97887
2026/07/08 15:46:13.864, 3, 100, 3, 97887
2026/07/08 15:46:13.882, 4, 0, 3, 97887
2026/07/08 15:46:13.899, 5, 0, 3, 97887
2026/07/08 15:46:13.916, 6, 0, 3, 97887
2026/07/08 15:46:13.934, 7, 0, 3, 97887
2026/07/08 15:46:14.953, 0, 0, 85456, 97887
2026/07/08 15:46:14.970, 1, 0, 87488, 97887
2026/07/08 15:46:14.987, 2, 100, 3, 97887
2026/07/08 15:46:15.003, 3, 100, 3, 97887
2026/07/08 15:46:15.019, 4, 0, 3, 97887
2026/07/08 15:46:15.036, 5, 0, 3, 97887
2026/07/08 15:46:15.053, 6, 0, 3, 97887
2026/07/08 15:46:15.069, 7, 0, 3, 97887
2026/07/08 15:46:16.086, 0, 0, 85456, 97887
2026/07/08 15:46:16.101, 1, 0, 87488, 97887
2026/07/08 15:46:16.117, 2, 100, 3, 97887
2026/07/08 15:46:16.131, 3, 100, 3, 97887
2026/07/08 15:46:16.145, 4, 0, 3, 97887
2026/07/08 15:46:16.160, 5, 0, 3, 97887
2026/07/08 15:46:16.176, 6, 0, 3, 97887
2026/07/08 15:46:16.191, 7, 0, 3, 97887
2026/07/08 15:46:17.206, 0, 0, 85456, 97887
2026/07/08 15:46:17.222, 1, 0, 87488, 97887
2026/07/08 15:46:17.238, 2, 100, 3, 97887
2026/07/08 15:46:17.255, 3, 100, 3, 97887
2026/07/08 15:46:17.270, 4, 0, 3, 97887
2026/07/08 15:46:17.287, 5, 0, 3, 97887
2026/07/08 15:46:17.303, 6, 0, 3, 97887
2026/07/08 15:46:17.320, 7, 0, 3, 97887
2026/07/08 15:46:18.335, 0, 0, 85456, 97887
2026/07/08 15:46:18.352, 1, 0, 87488, 97887
2026/07/08 15:46:18.365, 2, 100, 3, 97887
2026/07/08 15:46:18.378, 3, 100, 3, 97887
2026/07/08 15:46:18.391, 4, 0, 3, 97887
2026/07/08 15:46:18.404, 5, 0, 3, 97887
2026/07/08 15:46:18.415, 6, 0, 3, 97887
2026/07/08 15:46:18.429, 7, 0, 3, 97887
2026/07/08 15:46:19.441, 0, 0, 85456, 97887
2026/07/08 15:46:19.458, 1, 0, 87488, 97887
2026/07/08 15:46:19.475, 2, 100, 3, 97887
2026/07/08 15:46:19.491, 3, 100, 3, 97887
2026/07/08 15:46:19.507, 4, 0, 3, 97887
2026/07/08 15:46:19.523, 5, 0, 3, 97887
2026/07/08 15:46:19.540, 6, 0, 3, 97887
2026/07/08 15:46:19.557, 7, 0, 3, 97887
2026/07/08 15:46:20.574, 0, 0, 85456, 97887
2026/07/08 15:46:20.591, 1, 0, 87488, 97887
2026/07/08 15:46:20.606, 2, 100, 3, 97887
2026/07/08 15:46:20.623, 3, 100, 3, 97887
2026/07/08 15:46:20.642, 4, 0, 3, 97887
2026/07/08 15:46:20.661, 5, 0, 3, 97887
2026/07/08 15:46:20.679, 6, 0, 3, 97887
2026/07/08 15:46:20.695, 7, 0, 3, 97887
2026/07/08 15:46:21.710, 0, 0, 85456, 97887
2026/07/08 15:46:21.727, 1, 0, 87488, 97887
2026/07/08 15:46:21.746, 2, 100, 3, 97887
2026/07/08 15:46:21.762, 3, 100, 3, 97887
2026/07/08 15:46:21.780, 4, 0, 3, 97887
2026/07/08 15:46:21.797, 5, 0, 3, 97887
2026/07/08 15:46:21.813, 6, 0, 3, 97887
2026/07/08 15:46:21.829, 7, 0, 3, 97887
2026/07/08 15:46:22.845, 0, 0, 85456, 97887
2026/07/08 15:46:22.863, 1, 0, 87488, 97887
2026/07/08 15:46:22.881, 2, 100, 3, 97887
2026/07/08 15:46:22.898, 3, 100, 3, 97887
2026/07/08 15:46:22.915, 4, 0, 3, 97887
2026/07/08 15:46:22.932, 5, 0, 3, 97887
2026/07/08 15:46:22.949, 6, 0, 3, 97887
2026/07/08 15:46:22.966, 7, 0, 3, 97887
2026/07/08 15:46:23.984, 0, 0, 85456, 97887
2026/07/08 15:46:24.003, 1, 0, 87488, 97887
2026/07/08 15:46:24.019, 2, 100, 3, 97887
2026/07/08 15:46:24.035, 3, 100, 3, 97887
2026/07/08 15:46:24.053, 4, 0, 3, 97887
2026/07/08 15:46:24.071, 5, 0, 3, 97887
2026/07/08 15:46:24.087, 6, 0, 3, 97887
2026/07/08 15:46:24.101, 7, 0, 3, 97887
2026/07/08 15:46:25.118, 0, 0, 85456, 97887
2026/07/08 15:46:25.137, 1, 0, 87488, 97887
2026/07/08 15:46:25.155, 2, 100, 3, 97887
2026/07/08 15:46:25.172, 3, 100, 3, 97887
2026/07/08 15:46:25.190, 4, 0, 3, 97887
2026/07/08 15:46:25.207, 5, 0, 3, 97887
2026/07/08 15:46:25.224, 6, 0, 3, 97887
2026/07/08 15:46:25.240, 7, 0, 3, 97887
2026/07/08 15:46:26.257, 0, 0, 85456, 97887
2026/07/08 15:46:26.275, 1, 0, 87488, 97887
2026/07/08 15:46:26.292, 2, 100, 3, 97887
2026/07/08 15:46:26.309, 3, 100, 3, 97887
2026/07/08 15:46:26.325, 4, 0, 3, 97887
2026/07/08 15:46:26.343, 5, 0, 3, 97887
2026/07/08 15:46:26.359, 6, 0, 3, 97887
2026/07/08 15:46:26.375, 7, 0, 3, 97887
2026/07/08 15:46:27.393, 0, 0, 85456, 97887
2026/07/08 15:46:27.412, 1, 0, 87488, 97887
2026/07/08 15:46:27.429, 2, 100, 3, 97887
2026/07/08 15:46:27.449, 3, 100, 3, 97887
2026/07/08 15:46:27.469, 4, 0, 3, 97887
2026/07/08 15:46:27.485, 5, 0, 3, 97887
2026/07/08 15:46:27.503, 6, 0, 3, 97887
2026/07/08 15:46:27.520, 7, 0, 3, 97887
2026/07/08 15:46:28.539, 0, 0, 85456, 97887
2026/07/08 15:46:28.558, 1, 0, 87488, 97887
2026/07/08 15:46:28.578, 2, 100, 3, 97887
2026/07/08 15:46:28.599, 3, 100, 3, 97887
2026/07/08 15:46:28.618, 4, 0, 3, 97887
2026/07/08 15:46:28.637, 5, 0, 3, 97887
2026/07/08 15:46:28.656, 6, 0, 3, 97887
2026/07/08 15:46:28.676, 7, 0, 3, 97887
2026/07/08 15:46:29.695, 0, 0, 85456, 97887
2026/07/08 15:46:29.713, 1, 0, 87488, 97887
2026/07/08 15:46:29.731, 2, 100, 3, 97887
2026/07/08 15:46:29.747, 3, 100, 3, 97887
2026/07/08 15:46:29.763, 4, 0, 3, 97887
2026/07/08 15:46:29.779, 5, 0, 3, 97887
2026/07/08 15:46:29.794, 6, 0, 3, 97887
2026/07/08 15:46:29.811, 7, 0, 3, 97887
2026/07/08 15:46:30.827, 0, 0, 85456, 97887
2026/07/08 15:46:30.843, 1, 0, 87488, 97887
2026/07/08 15:46:30.857, 2, 100, 3, 97887
2026/07/08 15:46:30.871, 3, 100, 3, 97887
2026/07/08 15:46:30.883, 4, 0, 3, 97887
2026/07/08 15:46:30.897, 5, 0, 3, 97887
2026/07/08 15:46:30.910, 6, 0, 3, 97887
2026/07/08 15:46:30.924, 7, 0, 3, 97887
2026/07/08 15:46:31.937, 0, 0, 85456, 97887
2026/07/08 15:46:31.953, 1, 0, 87488, 97887
2026/07/08 15:46:31.969, 2, 100, 3, 97887
2026/07/08 15:46:31.985, 3, 100, 3, 97887
2026/07/08 15:46:32.000, 4, 0, 3, 97887
2026/07/08 15:46:32.015, 5, 0, 3, 97887
2026/07/08 15:46:32.033, 6, 0, 3, 97887
2026/07/08 15:46:32.051, 7, 0, 3, 97887
2026/07/08 15:46:33.066, 0, 0, 85456, 97887
2026/07/08 15:46:33.078, 1, 0, 87488, 97887
2026/07/08 15:46:33.092, 2, 100, 3, 97887
2026/07/08 15:46:33.109, 3, 100, 3, 97887
2026/07/08 15:46:33.128, 4, 0, 3, 97887
2026/07/08 15:46:33.148, 5, 0, 3, 97887
2026/07/08 15:46:33.168, 6, 0, 3, 97887
2026/07/08 15:46:33.186, 7, 0, 3, 97887
2026/07/08 15:46:34.204, 0, 0, 85456, 97887
2026/07/08 15:46:34.223, 1, 0, 87488, 97887
2026/07/08 15:46:34.243, 2, 100, 3, 97887
2026/07/08 15:46:34.262, 3, 100, 3, 97887
2026/07/08 15:46:34.280, 4, 0, 3, 97887
2026/07/08 15:46:34.299, 5, 0, 3, 97887
2026/07/08 15:46:34.319, 6, 0, 3, 97887
2026/07/08 15:46:34.341, 7, 0, 3, 97887
2026/07/08 15:46:35.361, 0, 0, 85456, 97887
2026/07/08 15:46:35.377, 1, 0, 87488, 97887
2026/07/08 15:46:35.391, 2, 100, 3, 97887
2026/07/08 15:46:35.409, 3, 100, 3, 97887
2026/07/08 15:46:35.427, 4, 0, 3, 97887
2026/07/08 15:46:35.445, 5, 0, 3, 97887
2026/07/08 15:46:35.460, 6, 0, 3, 97887
2026/07/08 15:46:35.478, 7, 0, 3, 97887
2026/07/08 15:46:36.495, 0, 0, 85456, 97887
2026/07/08 15:46:36.514, 1, 0, 87488, 97887
2026/07/08 15:46:36.534, 2, 100, 3, 97887
2026/07/08 15:46:36.555, 3, 100, 3, 97887
2026/07/08 15:46:36.579, 4, 0, 3, 97887
2026/07/08 15:46:36.600, 5, 0, 3, 97887
2026/07/08 15:46:36.620, 6, 0, 3, 97887
2026/07/08 15:46:36.638, 7, 0, 3, 97887
2026/07/08 15:46:37.655, 0, 0, 85456, 97887
2026/07/08 15:46:37.673, 1, 0, 87488, 97887
2026/07/08 15:46:37.690, 2, 100, 3, 97887
2026/07/08 15:46:37.708, 3, 100, 3, 97887
2026/07/08 15:46:37.725, 4, 0, 3, 97887
2026/07/08 15:46:37.742, 5, 0, 3, 97887
2026/07/08 15:46:37.760, 6, 0, 3, 97887
2026/07/08 15:46:37.777, 7, 0, 3, 97887
2026/07/08 15:46:38.795, 0, 0, 85456, 97887
2026/07/08 15:46:38.815, 1, 0, 87488, 97887
2026/07/08 15:46:38.835, 2, 100, 3, 97887
2026/07/08 15:46:38.855, 3, 100, 3, 97887
2026/07/08 15:46:38.874, 4, 0, 3, 97887
2026/07/08 15:46:38.892, 5, 0, 3, 97887
2026/07/08 15:46:38.911, 6, 0, 3, 97887
2026/07/08 15:46:38.929, 7, 0, 3, 97887
2026/07/08 15:46:39.949, 0, 0, 85456, 97887
2026/07/08 15:46:39.965, 1, 0, 87488, 97887
2026/07/08 15:46:39.980, 2, 100, 3, 97887
2026/07/08 15:46:39.997, 3, 100, 3, 97887
2026/07/08 15:46:40.013, 4, 0, 3, 97887
2026/07/08 15:46:40.028, 5, 0, 3, 97887
2026/07/08 15:46:40.043, 6, 0, 3, 97887
2026/07/08 15:46:40.058, 7, 0, 3, 97887
2026/07/08 15:46:41.073, 0, 0, 85456, 97887
2026/07/08 15:46:41.086, 1, 0, 87488, 97887
2026/07/08 15:46:41.100, 2, 100, 3, 97887
2026/07/08 15:46:41.112, 3, 100, 3, 97887
2026/07/08 15:46:41.124, 4, 0, 3, 97887
2026/07/08 15:46:41.133, 5, 0, 3, 97887
2026/07/08 15:46:41.145, 6, 0, 3, 97887
2026/07/08 15:46:41.158, 7, 0, 3, 97887
2026/07/08 15:46:42.174, 0, 0, 85456, 97887
2026/07/08 15:46:42.198, 1, 0, 87488, 97887
2026/07/08 15:46:42.221, 2, 100, 3, 97887
2026/07/08 15:46:42.241, 3, 100, 3, 97887
2026/07/08 15:46:42.262, 4, 0, 3, 97887
2026/07/08 15:46:42.289, 5, 0, 3, 97887
2026/07/08 15:46:42.310, 6, 0, 3, 97887
2026/07/08 15:46:42.336, 7, 0, 3, 97887
2026/07/08 15:46:43.364, 0, 0, 85456, 97887
2026/07/08 15:46:43.380, 1, 0, 87488, 97887
2026/07/08 15:46:43.394, 2, 100, 3, 97887
2026/07/08 15:46:43.409, 3, 100, 3, 97887
2026/07/08 15:46:43.424, 4, 0, 3, 97887
2026/07/08 15:46:43.439, 5, 0, 3, 97887
2026/07/08 15:46:43.455, 6, 0, 3, 97887
2026/07/08 15:46:43.472, 7, 0, 3, 97887
2026/07/08 15:46:44.486, 0, 0, 85456, 97887
2026/07/08 15:46:44.501, 1, 0, 87488, 97887
2026/07/08 15:46:44.516, 2, 100, 3, 97887
2026/07/08 15:46:44.531, 3, 100, 3, 97887
2026/07/08 15:46:44.545, 4, 0, 3, 97887
2026/07/08 15:46:44.561, 5, 0, 3, 97887
2026/07/08 15:46:44.576, 6, 0, 3, 97887
2026/07/08 15:46:44.591, 7, 0, 3, 97887
2026/07/08 15:46:45.606, 0, 0, 85456, 97887
2026/07/08 15:46:45.625, 1, 0, 87488, 97887
2026/07/08 15:46:45.646, 2, 100, 3, 97887
2026/07/08 15:46:45.663, 3, 100, 3, 97887
2026/07/08 15:46:45.680, 4, 0, 3, 97887
2026/07/08 15:46:45.697, 5, 0, 3, 97887
2026/07/08 15:46:45.715, 6, 0, 3, 97887
2026/07/08 15:46:45.731, 7, 0, 3, 97887
2026/07/08 15:46:46.747, 0, 0, 85456, 97887
2026/07/08 15:46:46.766, 1, 0, 87488, 97887
2026/07/08 15:46:46.784, 2, 100, 3, 97887
2026/07/08 15:46:46.800, 3, 100, 3, 97887
2026/07/08 15:46:46.817, 4, 0, 3, 97887
2026/07/08 15:46:46.834, 5, 0, 3, 97887
2026/07/08 15:46:46.849, 6, 0, 3, 97887
2026/07/08 15:46:46.865, 7, 0, 3, 97887
2026/07/08 15:46:47.881, 0, 0, 85456, 97887
2026/07/08 15:46:47.900, 1, 0, 87488, 97887
2026/07/08 15:46:47.920, 2, 100, 3, 97887
2026/07/08 15:46:47.934, 3, 100, 3, 97887
2026/07/08 15:46:47.949, 4, 0, 3, 97887
2026/07/08 15:46:47.964, 5, 0, 3, 97887
2026/07/08 15:46:47.978, 6, 0, 3, 97887
2026/07/08 15:46:47.992, 7, 0, 3, 97887
2026/07/08 15:46:49.008, 0, 0, 85456, 97887
2026/07/08 15:46:49.025, 1, 0, 87488, 97887
2026/07/08 15:46:49.044, 2, 100, 3, 97887
2026/07/08 15:46:49.056, 3, 100, 3, 97887
2026/07/08 15:46:49.068, 4, 0, 3, 97887
2026/07/08 15:46:49.080, 5, 0, 3, 97887
2026/07/08 15:46:49.090, 6, 0, 3, 97887
2026/07/08 15:46:49.105, 7, 0, 3, 97887
2026/07/08 15:46:50.116, 0, 0, 85456, 97887
2026/07/08 15:46:50.135, 1, 0, 87488, 97887
2026/07/08 15:46:50.151, 2, 100, 3, 97887
2026/07/08 15:46:50.166, 3, 100, 3, 97887
2026/07/08 15:46:50.182, 4, 0, 3, 97887
2026/07/08 15:46:50.198, 5, 0, 3, 97887
2026/07/08 15:46:50.214, 6, 0, 3, 97887
2026/07/08 15:46:50.230, 7, 0, 3, 97887
2026/07/08 15:46:51.246, 0, 0, 85456, 97887
2026/07/08 15:46:51.263, 1, 0, 87488, 97887
2026/07/08 15:46:51.280, 2, 100, 3, 97887
2026/07/08 15:46:51.297, 3, 100, 3, 97887
2026/07/08 15:46:51.313, 4, 0, 3, 97887
2026/07/08 15:46:51.329, 5, 0, 3, 97887
2026/07/08 15:46:51.344, 6, 0, 3, 97887
2026/07/08 15:46:51.359, 7, 0, 3, 97887
2026/07/08 15:46:52.377, 0, 0, 85456, 97887
2026/07/08 15:46:52.395, 1, 0, 87488, 97887
2026/07/08 15:46:52.413, 2, 100, 3, 97887
2026/07/08 15:46:52.429, 3, 100, 3, 97887
2026/07/08 15:46:52.447, 4, 0, 3, 97887
2026/07/08 15:46:52.463, 5, 0, 3, 97887
2026/07/08 15:46:52.479, 6, 0, 3, 97887
2026/07/08 15:46:52.495, 7, 0, 3, 97887
2026/07/08 15:46:53.511, 0, 0, 85456, 97887
2026/07/08 15:46:53.528, 1, 0, 87488, 97887
2026/07/08 15:46:53.545, 2, 100, 3, 97887
2026/07/08 15:46:53.562, 3, 100, 3, 97887
2026/07/08 15:46:53.579, 4, 0, 3, 97887
2026/07/08 15:46:53.596, 5, 0, 3, 97887
2026/07/08 15:46:53.613, 6, 0, 3, 97887
2026/07/08 15:46:53.629, 7, 0, 3, 97887
2026/07/08 15:46:54.645, 0, 0, 85456, 97887
2026/07/08 15:46:54.662, 1, 0, 87488, 97887
2026/07/08 15:46:54.678, 2, 100, 3, 97887
2026/07/08 15:46:54.693, 3, 100, 3, 97887
2026/07/08 15:46:54.709, 4, 0, 3, 97887
2026/07/08 15:46:54.726, 5, 0, 3, 97887
2026/07/08 15:46:54.743, 6, 0, 3, 97887
2026/07/08 15:46:54.759, 7, 0, 3, 97887
2026/07/08 15:46:55.775, 0, 0, 85456, 97887
2026/07/08 15:46:55.791, 1, 0, 87488, 97887
2026/07/08 15:46:55.807, 2, 100, 3, 97887
2026/07/08 15:46:55.825, 3, 100, 3, 97887
2026/07/08 15:46:55.841, 4, 0, 3, 97887
2026/07/08 15:46:55.857, 5, 0, 3, 97887
2026/07/08 15:46:55.873, 6, 0, 3, 97887
2026/07/08 15:46:55.889, 7, 0, 3, 97887
2026/07/08 15:46:56.905, 0, 0, 85456, 97887
2026/07/08 15:46:56.919, 1, 0, 87488, 97887
2026/07/08 15:46:56.928, 2, 100, 3, 97887
2026/07/08 15:46:56.938, 3, 100, 3, 97887
2026/07/08 15:46:56.951, 4, 0, 3, 97887
2026/07/08 15:46:56.964, 5, 0, 3, 97887
2026/07/08 15:46:56.975, 6, 0, 3, 97887
2026/07/08 15:46:56.988, 7, 0, 3, 97887
2026/07/08 15:46:58.001, 0, 0, 85456, 97887
2026/07/08 15:46:58.017, 1, 0, 87488, 97887
2026/07/08 15:46:58.033, 2, 100, 3, 97887
2026/07/08 15:46:58.048, 3, 100, 3, 97887
2026/07/08 15:46:58.065, 4, 0, 3, 97887
2026/07/08 15:46:58.082, 5, 0, 3, 97887
2026/07/08 15:46:58.098, 6, 0, 3, 97887
2026/07/08 15:46:58.112, 7, 0, 3, 97887
2026/07/08 15:46:59.129, 0, 0, 85456, 97887
2026/07/08 15:46:59.142, 1, 0, 87488, 97887
2026/07/08 15:46:59.158, 2, 100, 3, 97887
2026/07/08 15:46:59.171, 3, 100, 3, 97887
2026/07/08 15:46:59.186, 4, 0, 3, 97887
2026/07/08 15:46:59.202, 5, 0, 3, 97887
2026/07/08 15:46:59.217, 6, 0, 3, 97887
2026/07/08 15:46:59.232, 7, 0, 3, 97887
2026/07/08 15:47:00.247, 0, 0, 85456, 97887
2026/07/08 15:47:00.262, 1, 0, 87488, 97887
2026/07/08 15:47:00.278, 2, 100, 3, 97887
2026/07/08 15:47:00.293, 3, 100, 3, 97887
2026/07/08 15:47:00.308, 4, 0, 3, 97887
2026/07/08 15:47:00.325, 5, 0, 3, 97887
2026/07/08 15:47:00.343, 6, 0, 3, 97887
2026/07/08 15:47:00.360, 7, 0, 3, 97887
2026/07/08 15:47:01.374, 0, 0, 85456, 97887
2026/07/08 15:47:01.388, 1, 0, 87488, 97887
2026/07/08 15:47:01.405, 2, 100, 3, 97887
2026/07/08 15:47:01.423, 3, 100, 3, 97887
2026/07/08 15:47:01.439, 4, 0, 3, 97887
2026/07/08 15:47:01.456, 5, 0, 3, 97887
2026/07/08 15:47:01.473, 6, 0, 3, 97887
2026/07/08 15:47:01.490, 7, 0, 3, 97887
2026/07/08 15:47:02.507, 0, 0, 85456, 97887
2026/07/08 15:47:02.523, 1, 0, 87488, 97887
2026/07/08 15:47:02.538, 2, 100, 3, 97887
2026/07/08 15:47:02.553, 3, 100, 3, 97887
2026/07/08 15:47:02.563, 4, 0, 3, 97887
2026/07/08 15:47:02.580, 5, 0, 3, 97887
2026/07/08 15:47:02.597, 6, 0, 3, 97887
2026/07/08 15:47:02.611, 7, 0, 3, 97887
2026/07/08 15:47:03.626, 0, 0, 85456, 97887
2026/07/08 15:47:03.643, 1, 0, 87488, 97887
2026/07/08 15:47:03.660, 2, 100, 3, 97887
2026/07/08 15:47:03.677, 3, 100, 3, 97887
2026/07/08 15:47:03.694, 4, 0, 3, 97887
2026/07/08 15:47:03.709, 5, 0, 3, 97887
2026/07/08 15:47:03.726, 6, 0, 3, 97887
2026/07/08 15:47:03.741, 7, 0, 3, 97887
2026/07/08 15:47:04.758, 0, 0, 85456, 97887
2026/07/08 15:47:04.776, 1, 0, 87488, 97887
2026/07/08 15:47:04.790, 2, 100, 3, 97887
2026/07/08 15:47:04.805, 3, 100, 3, 97887
2026/07/08 15:47:04.821, 4, 0, 3, 97887
2026/07/08 15:47:04.838, 5, 0, 3, 97887
2026/07/08 15:47:04.855, 6, 0, 3, 97887
2026/07/08 15:47:04.870, 7, 0, 3, 97887
2026/07/08 15:47:05.888, 0, 0, 85456, 97887
2026/07/08 15:47:05.907, 1, 0, 87488, 97887
2026/07/08 15:47:05.925, 2, 100, 3, 97887
2026/07/08 15:47:05.939, 3, 100, 3, 97887
2026/07/08 15:47:05.954, 4, 0, 3, 97887
2026/07/08 15:47:05.970, 5, 0, 3, 97887
2026/07/08 15:47:05.986, 6, 0, 3, 97887
2026/07/08 15:47:06.001, 7, 0, 3, 97887
2026/07/08 15:47:07.017, 0, 0, 85456, 97887
2026/07/08 15:47:07.031, 1, 0, 87488, 97887
2026/07/08 15:47:07.044, 2, 100, 3, 97887
2026/07/08 15:47:07.058, 3, 100, 3, 97887
2026/07/08 15:47:07.073, 4, 0, 3, 97887
2026/07/08 15:47:07.088, 5, 0, 3, 97887
2026/07/08 15:47:07.103, 6, 0, 3, 97887
2026/07/08 15:47:07.120, 7, 0, 3, 97887
2026/07/08 15:47:08.135, 0, 0, 85456, 97887
2026/07/08 15:47:08.154, 1, 0, 87488, 97887
2026/07/08 15:47:08.170, 2, 100, 3, 97887
2026/07/08 15:47:08.188, 3, 100, 3, 97887
2026/07/08 15:47:08.206, 4, 0, 3, 97887
2026/07/08 15:47:08.222, 5, 0, 3, 97887
2026/07/08 15:47:08.239, 6, 0, 3, 97887
2026/07/08 15:47:08.255, 7, 0, 3, 97887
2026/07/08 15:47:09.271, 0, 0, 85456, 97887
2026/07/08 15:47:09.290, 1, 0, 87488, 97887
2026/07/08 15:47:09.307, 2, 100, 3, 97887
2026/07/08 15:47:09.325, 3, 100, 3, 97887
2026/07/08 15:47:09.342, 4, 0, 3, 97887
2026/07/08 15:47:09.357, 5, 0, 3, 97887
2026/07/08 15:47:09.376, 6, 0, 3, 97887
2026/07/08 15:47:09.391, 7, 0, 3, 97887
2026/07/08 15:47:10.409, 0, 0, 85456, 97887
2026/07/08 15:47:10.425, 1, 0, 87488, 97887
2026/07/08 15:47:10.442, 2, 100, 3, 97887
2026/07/08 15:47:10.457, 3, 100, 3, 97887
2026/07/08 15:47:10.475, 4, 0, 3, 97887
2026/07/08 15:47:10.490, 5, 0, 3, 97887
2026/07/08 15:47:10.506, 6, 0, 3, 97887
2026/07/08 15:47:10.524, 7, 0, 3, 97887
2026/07/08 15:47:11.543, 0, 0, 85456, 97887
2026/07/08 15:47:11.555, 1, 0, 87488, 97887
2026/07/08 15:47:11.568, 2, 100, 3, 97887
2026/07/08 15:47:11.582, 3, 100, 3, 97887
2026/07/08 15:47:11.597, 4, 0, 3, 97887
2026/07/08 15:47:11.615, 5, 0, 3, 97887
2026/07/08 15:47:11.629, 6, 0, 3, 97887
2026/07/08 15:47:11.644, 7, 0, 3, 97887
2026/07/08 15:47:12.658, 0, 0, 85456, 97887
2026/07/08 15:47:12.673, 1, 0, 87488, 97887
2026/07/08 15:47:12.689, 2, 100, 3, 97887
2026/07/08 15:47:12.704, 3, 100, 3, 97887
2026/07/08 15:47:12.717, 4, 0, 3, 97887
2026/07/08 15:47:12.731, 5, 0, 3, 97887
2026/07/08 15:47:12.747, 6, 0, 3, 97887
2026/07/08 15:47:12.761, 7, 0, 3, 97887
2026/07/08 15:47:13.776, 0, 0, 85456, 97887
2026/07/08 15:47:13.794, 1, 0, 87488, 97887
2026/07/08 15:47:13.807, 2, 100, 3, 97887
2026/07/08 15:47:13.823, 3, 100, 3, 97887
2026/07/08 15:47:13.837, 4, 0, 3, 97887
2026/07/08 15:47:13.853, 5, 0, 3, 97887
2026/07/08 15:47:13.869, 6, 0, 3, 97887
2026/07/08 15:47:13.884, 7, 0, 3, 97887
2026/07/08 15:47:14.900, 0, 0, 85456, 97887
2026/07/08 15:47:14.916, 1, 0, 87488, 97887
2026/07/08 15:47:14.932, 2, 100, 3, 97887
2026/07/08 15:47:14.948, 3, 100, 3, 97887
2026/07/08 15:47:14.960, 4, 0, 3, 97887
2026/07/08 15:47:14.977, 5, 0, 3, 97887
2026/07/08 15:47:14.994, 6, 0, 3, 97887
2026/07/08 15:47:15.012, 7, 0, 3, 97887
2026/07/08 15:47:16.028, 0, 0, 85456, 97887
2026/07/08 15:47:16.046, 1, 0, 87488, 97887
2026/07/08 15:47:16.062, 2, 100, 3, 97887
2026/07/08 15:47:16.077, 3, 100, 3, 97887
2026/07/08 15:47:16.093, 4, 0, 3, 97887
2026/07/08 15:47:16.109, 5, 0, 3, 97887
2026/07/08 15:47:16.126, 6, 0, 3, 97887
2026/07/08 15:47:16.146, 7, 0, 3, 97887
2026/07/08 15:47:17.165, 0, 0, 85456, 97887
2026/07/08 15:47:17.183, 1, 0, 87488, 97887
2026/07/08 15:47:17.200, 2, 100, 3, 97887
2026/07/08 15:47:17.217, 3, 100, 3, 97887
2026/07/08 15:47:17.232, 4, 0, 3, 97887
2026/07/08 15:47:17.246, 5, 0, 3, 97887
2026/07/08 15:47:17.259, 6, 0, 3, 97887
2026/07/08 15:47:17.271, 7, 0, 3, 97887
2026/07/08 15:47:18.282, 0, 0, 85456, 97887
2026/07/08 15:47:18.297, 1, 0, 87488, 97887
2026/07/08 15:47:18.310, 2, 100, 3, 97887
2026/07/08 15:47:18.325, 3, 100, 3, 97887
2026/07/08 15:47:18.341, 4, 0, 3, 97887
2026/07/08 15:47:18.354, 5, 0, 3, 97887
2026/07/08 15:47:18.368, 6, 0, 3, 97887
2026/07/08 15:47:18.381, 7, 0, 3, 97887
2026/07/08 15:47:19.396, 0, 0, 85456, 97887
2026/07/08 15:47:19.415, 1, 0, 87488, 97887
2026/07/08 15:47:19.432, 2, 100, 3, 97887
2026/07/08 15:47:19.449, 3, 100, 3, 97887
2026/07/08 15:47:19.465, 4, 0, 3, 97887
2026/07/08 15:47:19.481, 5, 0, 3, 97887
2026/07/08 15:47:19.499, 6, 0, 3, 97887
2026/07/08 15:47:19.516, 7, 0, 3, 97887
2026/07/08 15:47:20.533, 0, 0, 85456, 97887
2026/07/08 15:47:20.549, 1, 0, 87488, 97887
2026/07/08 15:47:20.566, 2, 100, 3, 97887
2026/07/08 15:47:20.583, 3, 100, 3, 97887
2026/07/08 15:47:20.599, 4, 0, 3, 97887
2026/07/08 15:47:20.616, 5, 0, 3, 97887
2026/07/08 15:47:20.631, 6, 0, 3, 97887
2026/07/08 15:47:20.648, 7, 0, 3, 97887
2026/07/08 15:47:21.664, 0, 0, 85456, 97887
2026/07/08 15:47:21.681, 1, 0, 87488, 97887
2026/07/08 15:47:21.698, 2, 100, 3, 97887
2026/07/08 15:47:21.715, 3, 100, 3, 97887
2026/07/08 15:47:21.731, 4, 0, 3, 97887
2026/07/08 15:47:21.746, 5, 0, 3, 97887
2026/07/08 15:47:21.763, 6, 0, 3, 97887
2026/07/08 15:47:21.778, 7, 0, 3, 97887
2026/07/08 15:47:22.791, 0, 0, 85456, 97887
2026/07/08 15:47:22.807, 1, 0, 87488, 97887
2026/07/08 15:47:22.826, 2, 100, 3, 97887
2026/07/08 15:47:22.843, 3, 100, 3, 97887
2026/07/08 15:47:22.857, 4, 0, 3, 97887
2026/07/08 15:47:22.874, 5, 0, 3, 97887
2026/07/08 15:47:22.890, 6, 0, 3, 97887
2026/07/08 15:47:22.907, 7, 0, 3, 97887
2026/07/08 15:47:23.922, 0, 0, 85456, 97887
2026/07/08 15:47:23.939, 1, 0, 87488, 97887
2026/07/08 15:47:23.952, 2, 100, 3, 97887
2026/07/08 15:47:23.967, 3, 100, 3, 97887
2026/07/08 15:47:23.984, 4, 0, 3, 97887
2026/07/08 15:47:23.998, 5, 0, 3, 97887
2026/07/08 15:47:24.016, 6, 0, 3, 97887
2026/07/08 15:47:24.032, 7, 0, 3, 97887
2026/07/08 15:47:25.047, 0, 0, 85456, 97887
2026/07/08 15:47:25.064, 1, 0, 87488, 97887
2026/07/08 15:47:25.080, 2, 100, 3, 97887
2026/07/08 15:47:25.094, 3, 100, 3, 97887
2026/07/08 15:47:25.111, 4, 0, 3, 97887
2026/07/08 15:47:25.128, 5, 0, 3, 97887
2026/07/08 15:47:25.144, 6, 0, 3, 97887
2026/07/08 15:47:25.161, 7, 0, 3, 97887
2026/07/08 15:47:26.179, 0, 0, 85456, 97887
2026/07/08 15:47:26.196, 1, 0, 87488, 97887
2026/07/08 15:47:26.214, 2, 100, 3, 97887
2026/07/08 15:47:26.231, 3, 100, 3, 97887
2026/07/08 15:47:26.264, 4, 0, 3, 97887
2026/07/08 15:47:26.282, 5, 0, 3, 97887
2026/07/08 15:47:26.296, 6, 0, 3, 97887
2026/07/08 15:47:26.312, 7, 0, 3, 97887
2026/07/08 15:47:27.330, 0, 0, 85456, 97887
2026/07/08 15:47:27.347, 1, 0, 87488, 97887
2026/07/08 15:47:27.364, 2, 100, 3, 97887
2026/07/08 15:47:27.380, 3, 100, 3, 97887
2026/07/08 15:47:27.396, 4, 0, 3, 97887
2026/07/08 15:47:27.412, 5, 0, 3, 97887
2026/07/08 15:47:27.428, 6, 0, 3, 97887
2026/07/08 15:47:27.444, 7, 0, 3, 97887
2026/07/08 15:47:28.461, 0, 0, 85456, 97887
2026/07/08 15:47:28.478, 1, 0, 87488, 97887
2026/07/08 15:47:28.494, 2, 100, 3, 97887
2026/07/08 15:47:28.512, 3, 100, 3, 97887
2026/07/08 15:47:28.529, 4, 0, 3, 97887
2026/07/08 15:47:28.545, 5, 0, 3, 97887
2026/07/08 15:47:28.561, 6, 0, 3, 97887
2026/07/08 15:47:28.575, 7, 0, 3, 97887
2026/07/08 15:47:29.592, 0, 0, 85456, 97887
2026/07/08 15:47:29.609, 1, 0, 87488, 97887
2026/07/08 15:47:29.625, 2, 100, 3, 97887
2026/07/08 15:47:29.642, 3, 100, 3, 97887
2026/07/08 15:47:29.658, 4, 0, 3, 97887
2026/07/08 15:47:29.675, 5, 0, 3, 97887
2026/07/08 15:47:29.690, 6, 0, 3, 97887
2026/07/08 15:47:29.708, 7, 0, 3, 97887
2026/07/08 15:47:30.726, 0, 0, 85456, 97887
2026/07/08 15:47:30.742, 1, 0, 87488, 97887
2026/07/08 15:47:30.760, 2, 100, 3, 97887
2026/07/08 15:47:30.773, 3, 100, 3, 97887
2026/07/08 15:47:30.784, 4, 0, 3, 97887
2026/07/08 15:47:30.795, 5, 0, 3, 97887
2026/07/08 15:47:30.808, 6, 0, 3, 97887
2026/07/08 15:47:30.822, 7, 0, 3, 97887
2026/07/08 15:47:31.836, 0, 0, 85456, 97887
2026/07/08 15:47:31.861, 1, 0, 87488, 97887
2026/07/08 15:47:31.877, 2, 100, 3, 97887
2026/07/08 15:47:31.895, 3, 100, 3, 97887
2026/07/08 15:47:31.914, 4, 0, 3, 97887
2026/07/08 15:47:31.937, 5, 0, 3, 97887
2026/07/08 15:47:31.952, 6, 0, 3, 97887
2026/07/08 15:47:31.965, 7, 0, 3, 97887
2026/07/08 15:47:32.980, 0, 0, 85456, 97887
2026/07/08 15:47:33.000, 1, 0, 87488, 97887
2026/07/08 15:47:33.018, 2, 100, 3, 97887
2026/07/08 15:47:33.037, 3, 100, 3, 97887
2026/07/08 15:47:33.061, 4, 0, 3, 97887
2026/07/08 15:47:33.078, 5, 0, 3, 97887
2026/07/08 15:47:33.095, 6, 0, 3, 97887
2026/07/08 15:47:33.113, 7, 0, 3, 97887
2026/07/08 15:47:34.132, 0, 0, 85456, 97887
2026/07/08 15:47:34.151, 1, 0, 87488, 97887
2026/07/08 15:47:34.170, 2, 100, 3, 97887
2026/07/08 15:47:34.187, 3, 100, 3, 97887
2026/07/08 15:47:34.205, 4, 0, 3, 97887
2026/07/08 15:47:34.224, 5, 0, 3, 97887
2026/07/08 15:47:34.242, 6, 0, 3, 97887
2026/07/08 15:47:34.260, 7, 0, 3, 97887
2026/07/08 15:47:35.277, 0, 0, 85456, 97887
2026/07/08 15:47:35.295, 1, 0, 87488, 97887
2026/07/08 15:47:35.312, 2, 100, 3, 97887
2026/07/08 15:47:35.329, 3, 100, 3, 97887
2026/07/08 15:47:35.343, 4, 0, 3, 97887
2026/07/08 15:47:35.359, 5, 0, 3, 97887
2026/07/08 15:47:35.375, 6, 0, 3, 97887
2026/07/08 15:47:35.390, 7, 0, 3, 97887
2026/07/08 15:47:36.407, 0, 0, 85456, 97887
2026/07/08 15:47:36.423, 1, 0, 87488, 97887
2026/07/08 15:47:36.438, 2, 100, 3, 97887
2026/07/08 15:47:36.453, 3, 100, 3, 97887
2026/07/08 15:47:36.467, 4, 0, 3, 97887
2026/07/08 15:47:36.483, 5, 0, 3, 97887
2026/07/08 15:47:36.497, 6, 0, 3, 97887
2026/07/08 15:47:36.514, 7, 0, 3, 97887
2026/07/08 15:47:37.531, 0, 0, 85456, 97887
2026/07/08 15:47:37.553, 1, 0, 87488, 97887
2026/07/08 15:47:37.574, 2, 100, 3, 97887
2026/07/08 15:47:37.602, 3, 100, 3, 97887
2026/07/08 15:47:37.624, 4, 0, 3, 97887
2026/07/08 15:47:37.641, 5, 0, 3, 97887
2026/07/08 15:47:37.659, 6, 0, 3, 97887
2026/07/08 15:47:37.678, 7, 0, 3, 97887
2026/07/08 15:47:38.700, 0, 0, 85456, 97887
2026/07/08 15:47:38.719, 1, 0, 87488, 97887
2026/07/08 15:47:38.736, 2, 100, 3, 97887
2026/07/08 15:47:38.753, 3, 100, 3, 97887
2026/07/08 15:47:38.769, 4, 0, 3, 97887
2026/07/08 15:47:38.786, 5, 0, 3, 97887
2026/07/08 15:47:38.803, 6, 0, 3, 97887
2026/07/08 15:47:38.819, 7, 0, 3, 97887
2026/07/08 15:47:39.835, 0, 0, 85456, 97887
2026/07/08 15:47:39.853, 1, 0, 87488, 97887
2026/07/08 15:47:39.869, 2, 100, 3, 97887
2026/07/08 15:47:39.886, 3, 100, 3, 97887
2026/07/08 15:47:39.902, 4, 0, 3, 97887
2026/07/08 15:47:39.920, 5, 0, 3, 97887
2026/07/08 15:47:39.939, 6, 0, 3, 97887
2026/07/08 15:47:39.957, 7, 0, 3, 97887
2026/07/08 15:47:40.976, 0, 0, 85456, 97887
2026/07/08 15:47:40.992, 1, 0, 87488, 97887
2026/07/08 15:47:41.007, 2, 100, 3, 97887
2026/07/08 15:47:41.022, 3, 100, 3, 97887
2026/07/08 15:47:41.036, 4, 0, 3, 97887
2026/07/08 15:47:41.050, 5, 0, 3, 97887
2026/07/08 15:47:41.063, 6, 0, 3, 97887
2026/07/08 15:47:41.077, 7, 0, 3, 97887
2026/07/08 15:47:42.090, 0, 0, 85456, 97887
2026/07/08 15:47:42.107, 1, 0, 87488, 97887
2026/07/08 15:47:42.123, 2, 100, 3, 97887
2026/07/08 15:47:42.140, 3, 100, 3, 97887
2026/07/08 15:47:42.157, 4, 0, 3, 97887
2026/07/08 15:47:42.174, 5, 0, 3, 97887
2026/07/08 15:47:42.190, 6, 0, 3, 97887
2026/07/08 15:47:42.206, 7, 0, 3, 97887
2026/07/08 15:47:43.223, 0, 0, 85456, 97887
2026/07/08 15:47:43.242, 1, 0, 87488, 97887
2026/07/08 15:47:43.266, 2, 100, 3, 97887
2026/07/08 15:47:43.288, 3, 100, 3, 97887
2026/07/08 15:47:43.309, 4, 0, 3, 97887
2026/07/08 15:47:43.330, 5, 0, 3, 97887
2026/07/08 15:47:43.344, 6, 0, 3, 97887
2026/07/08 15:47:43.359, 7, 0, 3, 97887
2026/07/08 15:47:44.377, 0, 0, 85456, 97887
2026/07/08 15:47:44.394, 1, 0, 87488, 97887
2026/07/08 15:47:44.410, 2, 100, 3, 97887
2026/07/08 15:47:44.426, 3, 100, 3, 97887
2026/07/08 15:47:44.444, 4, 0, 3, 97887
2026/07/08 15:47:44.461, 5, 0, 3, 97887
2026/07/08 15:47:44.476, 6, 0, 3, 97887
2026/07/08 15:47:44.489, 7, 0, 3, 97887
2026/07/08 15:47:45.507, 0, 0, 85456, 97887
2026/07/08 15:47:45.525, 1, 0, 87488, 97887
2026/07/08 15:47:45.541, 2, 100, 3, 97887
2026/07/08 15:47:45.559, 3, 100, 3, 97887
2026/07/08 15:47:45.577, 4, 0, 3, 97887
2026/07/08 15:47:45.592, 5, 0, 3, 97887
2026/07/08 15:47:45.607, 6, 0, 3, 97887
2026/07/08 15:47:45.620, 7, 0, 3, 97887
2026/07/08 15:47:46.636, 0, 0, 85456, 97887
2026/07/08 15:47:46.650, 1, 0, 87488, 97887
2026/07/08 15:47:46.665, 2, 100, 3, 97887
2026/07/08 15:47:46.682, 3, 100, 3, 97887
2026/07/08 15:47:46.701, 4, 0, 3, 97887
2026/07/08 15:47:46.720, 5, 0, 3, 97887
2026/07/08 15:47:46.738, 6, 0, 3, 97887
2026/07/08 15:47:46.755, 7, 0, 3, 97887
2026/07/08 15:47:47.773, 0, 0, 85456, 97887
2026/07/08 15:47:47.791, 1, 0, 87488, 97887
2026/07/08 15:47:47.808, 2, 100, 3, 97887
2026/07/08 15:47:47.823, 3, 100, 3, 97887
2026/07/08 15:47:47.838, 4, 0, 3, 97887
2026/07/08 15:47:47.851, 5, 0, 3, 97887
2026/07/08 15:47:47.866, 6, 0, 3, 97887
2026/07/08 15:47:47.882, 7, 0, 3, 97887
2026/07/08 15:47:48.899, 0, 0, 85456, 97887
2026/07/08 15:47:48.913, 1, 0, 87488, 97887
2026/07/08 15:47:48.927, 2, 100, 3, 97887
2026/07/08 15:47:48.940, 3, 100, 3, 97887
2026/07/08 15:47:48.952, 4, 0, 3, 97887
2026/07/08 15:47:48.963, 5, 0, 3, 97887
2026/07/08 15:47:48.974, 6, 0, 3, 97887
2026/07/08 15:47:48.985, 7, 0, 3, 97887
2026/07/08 15:47:49.998, 0, 0, 85456, 97887
2026/07/08 15:47:50.015, 1, 0, 87488, 97887
2026/07/08 15:47:50.031, 2, 100, 3, 97887
2026/07/08 15:47:50.045, 3, 100, 3, 97887
2026/07/08 15:47:50.059, 4, 0, 3, 97887
2026/07/08 15:47:50.077, 5, 0, 3, 97887
2026/07/08 15:47:50.092, 6, 0, 3, 97887
2026/07/08 15:47:50.104, 7, 0, 3, 97887
2026/07/08 15:47:51.119, 0, 0, 85456, 97887
2026/07/08 15:47:51.138, 1, 0, 87488, 97887
2026/07/08 15:47:51.156, 2, 100, 3, 97887
2026/07/08 15:47:51.169, 3, 100, 3, 97887
2026/07/08 15:47:51.180, 4, 0, 3, 97887
2026/07/08 15:47:51.192, 5, 0, 3, 97887
2026/07/08 15:47:51.206, 6, 0, 3, 97887
2026/07/08 15:47:51.221, 7, 0, 3, 97887
2026/07/08 15:47:52.236, 0, 0, 85456, 97887
2026/07/08 15:47:52.254, 1, 0, 87488, 97887
2026/07/08 15:47:52.271, 2, 100, 3, 97887
2026/07/08 15:47:52.292, 3, 100, 3, 97887
2026/07/08 15:47:52.308, 4, 0, 3, 97887
2026/07/08 15:47:52.325, 5, 0, 3, 97887
2026/07/08 15:47:52.343, 6, 0, 3, 97887
2026/07/08 15:47:52.360, 7, 0, 3, 97887
2026/07/08 15:47:53.377, 0, 0, 85456, 97887
2026/07/08 15:47:53.395, 1, 0, 87488, 97887
2026/07/08 15:47:53.412, 2, 100, 3, 97887
2026/07/08 15:47:53.429, 3, 100, 3, 97887
2026/07/08 15:47:53.444, 4, 0, 3, 97887
2026/07/08 15:47:53.458, 5, 0, 3, 97887
2026/07/08 15:47:53.473, 6, 0, 3, 97887
2026/07/08 15:47:53.487, 7, 0, 3, 97887
2026/07/08 15:47:54.501, 0, 0, 85456, 97887
2026/07/08 15:47:54.520, 1, 0, 87488, 97887
2026/07/08 15:47:54.538, 2, 100, 3, 97887
2026/07/08 15:47:54.556, 3, 100, 3, 97887
2026/07/08 15:47:54.574, 4, 0, 3, 97887
2026/07/08 15:47:54.591, 5, 0, 3, 97887
2026/07/08 15:47:54.607, 6, 0, 3, 97887
2026/07/08 15:47:54.624, 7, 0, 3, 97887
2026/07/08 15:47:55.641, 0, 0, 85456, 97887
2026/07/08 15:47:55.658, 1, 0, 87488, 97887
2026/07/08 15:47:55.673, 2, 100, 3, 97887
2026/07/08 15:47:55.688, 3, 100, 3, 97887
2026/07/08 15:47:55.702, 4, 0, 3, 97887
2026/07/08 15:47:55.716, 5, 0, 3, 97887
2026/07/08 15:47:55.730, 6, 0, 3, 97887
2026/07/08 15:47:55.743, 7, 0, 3, 97887
2026/07/08 15:47:56.759, 0, 0, 85456, 97887
2026/07/08 15:47:56.775, 1, 0, 87488, 97887
2026/07/08 15:47:56.788, 2, 100, 3, 97887
2026/07/08 15:47:56.803, 3, 100, 3, 97887
2026/07/08 15:47:56.818, 4, 0, 3, 97887
2026/07/08 15:47:56.834, 5, 0, 3, 97887
2026/07/08 15:47:56.845, 6, 0, 3, 97887
2026/07/08 15:47:56.861, 7, 0, 3, 97887
2026/07/08 15:47:57.877, 0, 0, 85456, 97887
2026/07/08 15:47:57.893, 1, 0, 87488, 97887
2026/07/08 15:47:57.908, 2, 100, 3, 97887
2026/07/08 15:47:57.922, 3, 100, 3, 97887
2026/07/08 15:47:57.937, 4, 0, 3, 97887
2026/07/08 15:47:57.952, 5, 0, 3, 97887
2026/07/08 15:47:57.966, 6, 0, 3, 97887
2026/07/08 15:47:57.983, 7, 0, 3, 97887
2026/07/08 15:47:58.998, 0, 0, 85456, 97887
2026/07/08 15:47:59.016, 1, 0, 87488, 97887
2026/07/08 15:47:59.031, 2, 100, 3, 97887
2026/07/08 15:47:59.047, 3, 100, 3, 97887
2026/07/08 15:47:59.063, 4, 0, 3, 97887
2026/07/08 15:47:59.077, 5, 0, 3, 97887
2026/07/08 15:47:59.090, 6, 0, 3, 97887
2026/07/08 15:47:59.103, 7, 0, 3, 97887
2026/07/08 15:48:00.119, 0, 0, 85456, 97887
2026/07/08 15:48:00.137, 1, 0, 87488, 97887
2026/07/08 15:48:00.153, 2, 100, 3, 97887
2026/07/08 15:48:00.169, 3, 100, 3, 97887
2026/07/08 15:48:00.184, 4, 0, 3, 97887
2026/07/08 15:48:00.199, 5, 0, 3, 97887
2026/07/08 15:48:00.217, 6, 0, 3, 97887
2026/07/08 15:48:00.232, 7, 0, 3, 97887
2026/07/08 15:48:01.250, 0, 0, 85456, 97887
2026/07/08 15:48:01.269, 1, 0, 87488, 97887
2026/07/08 15:48:01.285, 2, 100, 3, 97887
2026/07/08 15:48:01.301, 3, 100, 3, 97887
2026/07/08 15:48:01.317, 4, 0, 3, 97887
2026/07/08 15:48:01.335, 5, 0, 3, 97887
2026/07/08 15:48:01.351, 6, 0, 3, 97887
2026/07/08 15:48:01.368, 7, 0, 3, 97887
2026/07/08 15:48:02.384, 0, 0, 85456, 97887
2026/07/08 15:48:02.400, 1, 0, 87488, 97887
2026/07/08 15:48:02.416, 2, 100, 3, 97887
2026/07/08 15:48:02.430, 3, 100, 3, 97887
2026/07/08 15:48:02.444, 4, 0, 3, 97887
2026/07/08 15:48:02.460, 5, 0, 3, 97887
2026/07/08 15:48:02.477, 6, 0, 3, 97887
2026/07/08 15:48:02.492, 7, 0, 3, 97887
2026/07/08 15:48:03.505, 0, 0, 85456, 97887
2026/07/08 15:48:03.518, 1, 0, 87488, 97887
2026/07/08 15:48:03.533, 2, 100, 3, 97887
2026/07/08 15:48:03.547, 3, 100, 3, 97887
2026/07/08 15:48:03.562, 4, 0, 3, 97887
2026/07/08 15:48:03.577, 5, 0, 3, 97887
2026/07/08 15:48:03.591, 6, 0, 3, 97887
2026/07/08 15:48:03.604, 7, 0, 3, 97887
2026/07/08 15:48:04.620, 0, 0, 85456, 97887
2026/07/08 15:48:04.639, 1, 0, 87488, 97887
2026/07/08 15:48:04.652, 2, 100, 3, 97887
2026/07/08 15:48:04.666, 3, 100, 3, 97887
2026/07/08 15:48:04.681, 4, 0, 3, 97887
2026/07/08 15:48:04.695, 5, 0, 3, 97887
2026/07/08 15:48:04.708, 6, 0, 3, 97887
2026/07/08 15:48:04.723, 7, 0, 3, 97887
2026/07/08 15:48:05.740, 0, 0, 85456, 97887
2026/07/08 15:48:05.756, 1, 0, 87488, 97887
2026/07/08 15:48:05.771, 2, 100, 3, 97887
2026/07/08 15:48:05.787, 3, 100, 3, 97887
2026/07/08 15:48:05.800, 4, 0, 3, 97887
2026/07/08 15:48:05.815, 5, 0, 3, 97887
2026/07/08 15:48:05.831, 6, 0, 3, 97887
2026/07/08 15:48:05.846, 7, 0, 3, 97887
2026/07/08 15:48:06.862, 0, 0, 85456, 97887
2026/07/08 15:48:06.877, 1, 0, 87488, 97887
2026/07/08 15:48:06.892, 2, 100, 3, 97887
2026/07/08 15:48:06.909, 3, 100, 3, 97887
2026/07/08 15:48:06.925, 4, 0, 3, 97887
2026/07/08 15:48:06.941, 5, 0, 3, 97887
2026/07/08 15:48:06.955, 6, 0, 3, 97887
2026/07/08 15:48:06.971, 7, 0, 3, 97887
2026/07/08 15:48:07.983, 0, 0, 85456, 97887
2026/07/08 15:48:08.001, 1, 0, 87488, 97887
2026/07/08 15:48:08.018, 2, 100, 3, 97887
2026/07/08 15:48:08.034, 3, 100, 3, 97887
2026/07/08 15:48:08.051, 4, 0, 3, 97887
2026/07/08 15:48:08.063, 5, 0, 3, 97887
2026/07/08 15:48:08.074, 6, 0, 3, 97887
2026/07/08 15:48:08.088, 7, 0, 3, 97887
2026/07/08 15:48:09.103, 0, 0, 85456, 97887
2026/07/08 15:48:09.121, 1, 0, 87488, 97887
2026/07/08 15:48:09.139, 2, 100, 3, 97887
2026/07/08 15:48:09.156, 3, 100, 3, 97887
2026/07/08 15:48:09.173, 4, 0, 3, 97887
2026/07/08 15:48:09.188, 5, 0, 3, 97887
2026/07/08 15:48:09.204, 6, 0, 3, 97887
2026/07/08 15:48:09.220, 7, 0, 3, 97887
2026/07/08 15:48:10.236, 0, 0, 85456, 97887
2026/07/08 15:48:10.253, 1, 0, 87488, 97887
2026/07/08 15:48:10.268, 2, 100, 3, 97887
2026/07/08 15:48:10.286, 3, 100, 3, 97887
2026/07/08 15:48:10.302, 4, 0, 3, 97887
2026/07/08 15:48:10.320, 5, 0, 3, 97887
2026/07/08 15:48:10.336, 6, 0, 3, 97887
2026/07/08 15:48:10.354, 7, 0, 3, 97887
2026/07/08 15:48:11.371, 0, 0, 85456, 97887
2026/07/08 15:48:11.388, 1, 0, 87488, 97887
2026/07/08 15:48:11.404, 2, 100, 3, 97887
2026/07/08 15:48:11.421, 3, 100, 3, 97887
2026/07/08 15:48:11.438, 4, 0, 3, 97887
2026/07/08 15:48:11.454, 5, 0, 3, 97887
2026/07/08 15:48:11.471, 6, 0, 3, 97887
2026/07/08 15:48:11.487, 7, 0, 3, 97887
2026/07/08 15:48:12.503, 0, 0, 85456, 97887
2026/07/08 15:48:12.518, 1, 0, 87488, 97887
2026/07/08 15:48:12.534, 2, 100, 3, 97887
2026/07/08 15:48:12.550, 3, 100, 3, 97887
2026/07/08 15:48:12.556, 4, 0, 3, 97887
2026/07/08 15:48:12.563, 5, 0, 3, 97887
2026/07/08 15:48:12.570, 6, 0, 3, 97887
2026/07/08 15:48:12.578, 7, 0, 3, 97887
2026/07/08 15:48:13.588, 0, 0, 85456, 97887
2026/07/08 15:48:13.603, 1, 0, 87488, 97887
2026/07/08 15:48:13.619, 2, 100, 3, 97887
2026/07/08 15:48:13.635, 3, 100, 3, 97887
2026/07/08 15:48:13.651, 4, 0, 3, 97887
2026/07/08 15:48:13.668, 5, 0, 3, 97887
2026/07/08 15:48:13.683, 6, 0, 3, 97887
2026/07/08 15:48:13.698, 7, 0, 3, 97887
2026/07/08 15:48:14.715, 0, 0, 85456, 97887
2026/07/08 15:48:14.731, 1, 0, 87488, 97887
2026/07/08 15:48:14.746, 2, 100, 3, 97887
2026/07/08 15:48:14.762, 3, 100, 3, 97887
2026/07/08 15:48:14.777, 4, 0, 3, 97887
2026/07/08 15:48:14.793, 5, 0, 3, 97887
2026/07/08 15:48:14.809, 6, 0, 3, 97887
2026/07/08 15:48:14.825, 7, 0, 3, 97887
2026/07/08 15:48:15.840, 0, 0, 85456, 97887
2026/07/08 15:48:15.858, 1, 0, 87488, 97887
2026/07/08 15:48:15.876, 2, 100, 3, 97887
2026/07/08 15:48:15.892, 3, 100, 3, 97887
2026/07/08 15:48:15.909, 4, 0, 3, 97887
2026/07/08 15:48:15.925, 5, 0, 3, 97887
2026/07/08 15:48:15.941, 6, 0, 3, 97887
2026/07/08 15:48:15.959, 7, 0, 3, 97887
2026/07/08 15:48:16.980, 0, 0, 85456, 97887
2026/07/08 15:48:17.000, 1, 0, 87488, 97887
2026/07/08 15:48:17.017, 2, 100, 3, 97887
2026/07/08 15:48:17.032, 3, 100, 3, 97887
2026/07/08 15:48:17.049, 4, 0, 3, 97887
2026/07/08 15:48:17.065, 5, 0, 3, 97887
2026/07/08 15:48:17.080, 6, 0, 3, 97887
2026/07/08 15:48:17.097, 7, 0, 3, 97887
2026/07/08 15:48:18.112, 0, 0, 85456, 97887
2026/07/08 15:48:18.130, 1, 0, 87488, 97887
2026/07/08 15:48:18.148, 2, 100, 3, 97887
2026/07/08 15:48:18.166, 3, 100, 3, 97887
2026/07/08 15:48:18.186, 4, 0, 3, 97887
2026/07/08 15:48:18.203, 5, 0, 3, 97887
2026/07/08 15:48:18.222, 6, 0, 3, 97887
2026/07/08 15:48:18.240, 7, 0, 3, 97887
2026/07/08 15:48:19.258, 0, 0, 85456, 97887
2026/07/08 15:48:19.273, 1, 0, 87488, 97887
2026/07/08 15:48:19.289, 2, 100, 3, 97887
2026/07/08 15:48:19.308, 3, 100, 3, 97887
2026/07/08 15:48:19.323, 4, 0, 3, 97887
2026/07/08 15:48:19.339, 5, 0, 3, 97887
2026/07/08 15:48:19.354, 6, 0, 3, 97887
2026/07/08 15:48:19.369, 7, 0, 3, 97887
2026/07/08 15:48:20.385, 0, 0, 85456, 97887
2026/07/08 15:48:20.402, 1, 0, 87488, 97887
2026/07/08 15:48:20.417, 2, 100, 3, 97887
2026/07/08 15:48:20.434, 3, 100, 3, 97887
2026/07/08 15:48:20.450, 4, 0, 3, 97887
2026/07/08 15:48:20.466, 5, 0, 3, 97887
2026/07/08 15:48:20.482, 6, 0, 3, 97887
2026/07/08 15:48:20.494, 7, 0, 3, 97887
2026/07/08 15:48:21.509, 0, 0, 85456, 97887
2026/07/08 15:48:21.525, 1, 0, 87488, 97887
2026/07/08 15:48:21.538, 2, 100, 3, 97887
2026/07/08 15:48:21.553, 3, 100, 3, 97887
2026/07/08 15:48:21.565, 4, 0, 3, 97887
2026/07/08 15:48:21.579, 5, 0, 3, 97887
2026/07/08 15:48:21.592, 6, 0, 3, 97887
2026/07/08 15:48:21.606, 7, 0, 3, 97887
2026/07/08 15:48:22.621, 0, 0, 85456, 97887
2026/07/08 15:48:22.638, 1, 0, 87488, 97887
2026/07/08 15:48:22.652, 2, 100, 3, 97887
2026/07/08 15:48:22.666, 3, 100, 3, 97887
2026/07/08 15:48:22.678, 4, 0, 3, 97887
2026/07/08 15:48:22.694, 5, 0, 3, 97887
2026/07/08 15:48:22.710, 6, 0, 3, 97887
2026/07/08 15:48:22.721, 7, 0, 3, 97887
2026/07/08 15:48:23.736, 0, 0, 85456, 97887
2026/07/08 15:48:23.752, 1, 0, 87488, 97887
2026/07/08 15:48:23.767, 2, 100, 3, 97887
2026/07/08 15:48:23.782, 3, 100, 3, 97887
2026/07/08 15:48:23.798, 4, 0, 3, 97887
2026/07/08 15:48:23.815, 5, 0, 3, 97887
2026/07/08 15:48:23.831, 6, 0, 3, 97887
2026/07/08 15:48:23.846, 7, 0, 3, 97887
2026/07/08 15:48:24.861, 0, 0, 85456, 97887
2026/07/08 15:48:24.878, 1, 0, 87488, 97887
2026/07/08 15:48:24.894, 2, 100, 3, 97887
2026/07/08 15:48:24.911, 3, 100, 3, 97887
2026/07/08 15:48:24.926, 4, 0, 3, 97887
2026/07/08 15:48:24.942, 5, 0, 3, 97887
2026/07/08 15:48:24.955, 6, 0, 3, 97887
2026/07/08 15:48:24.969, 7, 0, 3, 97887
2026/07/08 15:48:25.986, 0, 0, 85456, 97887
2026/07/08 15:48:26.003, 1, 0, 87488, 97887
2026/07/08 15:48:26.020, 2, 100, 3, 97887
2026/07/08 15:48:26.034, 3, 100, 3, 97887
2026/07/08 15:48:26.052, 4, 0, 3, 97887
2026/07/08 15:48:26.071, 5, 0, 3, 97887
2026/07/08 15:48:26.087, 6, 0, 3, 97887
2026/07/08 15:48:26.099, 7, 0, 3, 97887
2026/07/08 15:48:27.110, 0, 0, 85456, 97887
2026/07/08 15:48:27.127, 1, 0, 87488, 97887
2026/07/08 15:48:27.141, 2, 100, 3, 97887
2026/07/08 15:48:27.154, 3, 100, 3, 97887
2026/07/08 15:48:27.169, 4, 0, 3, 97887
2026/07/08 15:48:27.192, 5, 0, 3, 97887
2026/07/08 15:48:27.208, 6, 0, 3, 97887
2026/07/08 15:48:27.226, 7, 0, 3, 97887
2026/07/08 15:48:28.242, 0, 0, 85456, 97887
2026/07/08 15:48:28.259, 1, 0, 87488, 97887
2026/07/08 15:48:28.276, 2, 100, 3, 97887
2026/07/08 15:48:28.294, 3, 100, 3, 97887
2026/07/08 15:48:28.310, 4, 0, 3, 97887
2026/07/08 15:48:28.325, 5, 0, 3, 97887
2026/07/08 15:48:28.340, 6, 0, 3, 97887
2026/07/08 15:48:28.354, 7, 0, 3, 97887
2026/07/08 15:48:29.371, 0, 0, 85456, 97887
2026/07/08 15:48:29.389, 1, 0, 87488, 97887
2026/07/08 15:48:29.406, 2, 100, 3, 97887
2026/07/08 15:48:29.420, 3, 100, 3, 97887
2026/07/08 15:48:29.436, 4, 0, 3, 97887
2026/07/08 15:48:29.449, 5, 0, 3, 97887
2026/07/08 15:48:29.465, 6, 0, 3, 97887
2026/07/08 15:48:29.481, 7, 0, 3, 97887
2026/07/08 15:48:30.498, 0, 0, 85456, 97887
2026/07/08 15:48:30.515, 1, 0, 87488, 97887
2026/07/08 15:48:30.529, 2, 100, 3, 97887
2026/07/08 15:48:30.541, 3, 100, 3, 97887
2026/07/08 15:48:30.555, 4, 0, 3, 97887
2026/07/08 15:48:30.570, 5, 0, 3, 97887
2026/07/08 15:48:30.583, 6, 0, 3, 97887
2026/07/08 15:48:30.598, 7, 0, 3, 97887
2026/07/08 15:48:31.615, 0, 0, 85456, 97887
2026/07/08 15:48:31.633, 1, 0, 87488, 97887
2026/07/08 15:48:31.649, 2, 100, 3, 97887
2026/07/08 15:48:31.661, 3, 100, 3, 97887
2026/07/08 15:48:31.675, 4, 0, 3, 97887
2026/07/08 15:48:31.691, 5, 0, 3, 97887
2026/07/08 15:48:31.709, 6, 0, 3, 97887
2026/07/08 15:48:31.727, 7, 0, 3, 97887
2026/07/08 15:48:32.744, 0, 0, 85456, 97887
2026/07/08 15:48:32.766, 1, 0, 87488, 97887
2026/07/08 15:48:32.784, 2, 100, 3, 97887
2026/07/08 15:48:32.803, 3, 100, 3, 97887
2026/07/08 15:48:32.816, 4, 0, 3, 97887
2026/07/08 15:48:32.833, 5, 0, 3, 97887
2026/07/08 15:48:32.849, 6, 0, 3, 97887
2026/07/08 15:48:32.860, 7, 0, 3, 97887
2026/07/08 15:48:33.882, 0, 0, 85456, 97887
2026/07/08 15:48:33.900, 1, 0, 87488, 97887
2026/07/08 15:48:33.917, 2, 100, 3, 97887
2026/07/08 15:48:33.934, 3, 100, 3, 97887
2026/07/08 15:48:33.950, 4, 0, 3, 97887
2026/07/08 15:48:33.967, 5, 0, 3, 97887
2026/07/08 15:48:33.985, 6, 0, 3, 97887
2026/07/08 15:48:33.999, 7, 0, 3, 97887
2026/07/08 15:48:35.011, 0, 0, 85456, 97887
2026/07/08 15:48:35.033, 1, 0, 87488, 97887
2026/07/08 15:48:35.049, 2, 100, 3, 97887
2026/07/08 15:48:35.067, 3, 100, 3, 97887
2026/07/08 15:48:35.084, 4, 0, 3, 97887
2026/07/08 15:48:35.104, 5, 0, 3, 97887
2026/07/08 15:48:35.119, 6, 0, 3, 97887
2026/07/08 15:48:35.133, 7, 0, 3, 97887
2026/07/08 15:48:36.150, 0, 0, 85456, 97887
2026/07/08 15:48:36.166, 1, 0, 87488, 97887
2026/07/08 15:48:36.182, 2, 100, 3, 97887
2026/07/08 15:48:36.200, 3, 100, 3, 97887
2026/07/08 15:48:36.218, 4, 0, 3, 97887
2026/07/08 15:48:36.234, 5, 0, 3, 97887
2026/07/08 15:48:36.249, 6, 0, 3, 97887
2026/07/08 15:48:36.266, 7, 0, 3, 97887
2026/07/08 15:48:37.281, 0, 0, 85456, 97887
2026/07/08 15:48:37.299, 1, 0, 87488, 97887
2026/07/08 15:48:37.316, 2, 100, 3, 97887
2026/07/08 15:48:37.332, 3, 100, 3, 97887
2026/07/08 15:48:37.347, 4, 0, 3, 97887
2026/07/08 15:48:37.362, 5, 0, 3, 97887
2026/07/08 15:48:37.378, 6, 0, 3, 97887
2026/07/08 15:48:37.394, 7, 0, 3, 97887
2026/07/08 15:48:38.409, 0, 0, 85456, 97887
2026/07/08 15:48:38.426, 1, 0, 87488, 97887
2026/07/08 15:48:38.442, 2, 100, 3, 97887
2026/07/08 15:48:38.460, 3, 100, 3, 97887
2026/07/08 15:48:38.488, 4, 0, 3, 97887
2026/07/08 15:48:38.506, 5, 0, 3, 97887
2026/07/08 15:48:38.528, 6, 0, 3, 97887
2026/07/08 15:48:38.554, 7, 0, 3, 97887
2026/07/08 15:48:39.581, 0, 0, 85456, 97887
2026/07/08 15:48:39.598, 1, 0, 87488, 97887
2026/07/08 15:48:39.616, 2, 100, 3, 97887
2026/07/08 15:48:39.631, 3, 100, 3, 97887
2026/07/08 15:48:39.647, 4, 0, 3, 97887
2026/07/08 15:48:39.665, 5, 0, 3, 97887
2026/07/08 15:48:39.681, 6, 0, 3, 97887
2026/07/08 15:48:39.702, 7, 0, 3, 97887
2026/07/08 15:48:40.719, 0, 0, 85456, 97887
2026/07/08 15:48:40.736, 1, 0, 87488, 97887
2026/07/08 15:48:40.747, 2, 100, 3, 97887
2026/07/08 15:48:40.759, 3, 100, 3, 97887
2026/07/08 15:48:40.777, 4, 0, 3, 97887
2026/07/08 15:48:40.795, 5, 0, 3, 97887
2026/07/08 15:48:40.814, 6, 0, 3, 97887
2026/07/08 15:48:40.830, 7, 0, 3, 97887
2026/07/08 15:48:41.848, 0, 0, 85456, 97887
2026/07/08 15:48:41.864, 1, 0, 87488, 97887
2026/07/08 15:48:41.881, 2, 100, 3, 97887
2026/07/08 15:48:41.896, 3, 100, 3, 97887
2026/07/08 15:48:41.911, 4, 0, 3, 97887
2026/07/08 15:48:41.925, 5, 0, 3, 97887
2026/07/08 15:48:41.936, 6, 0, 3, 97887
2026/07/08 15:48:41.951, 7, 0, 3, 97887
2026/07/08 15:48:42.966, 0, 0, 85456, 97887
2026/07/08 15:48:42.979, 1, 0, 87488, 97887
2026/07/08 15:48:42.993, 2, 100, 3, 97887
2026/07/08 15:48:43.014, 3, 100, 3, 97887
2026/07/08 15:48:43.030, 4, 0, 3, 97887
2026/07/08 15:48:43.045, 5, 0, 3, 97887
2026/07/08 15:48:43.060, 6, 0, 3, 97887
2026/07/08 15:48:43.075, 7, 0, 3, 97887
2026/07/08 15:48:44.092, 0, 0, 85456, 97887
2026/07/08 15:48:44.110, 1, 0, 87488, 97887
2026/07/08 15:48:44.123, 2, 100, 3, 97887
2026/07/08 15:48:44.139, 3, 100, 3, 97887
2026/07/08 15:48:44.157, 4, 0, 3, 97887
2026/07/08 15:48:44.172, 5, 0, 3, 97887
2026/07/08 15:48:44.187, 6, 0, 3, 97887
2026/07/08 15:48:44.205, 7, 0, 3, 97887
2026/07/08 15:48:45.221, 0, 0, 85456, 97887
2026/07/08 15:48:45.239, 1, 0, 87488, 97887
2026/07/08 15:48:45.257, 2, 100, 3, 97887
2026/07/08 15:48:45.274, 3, 100, 3, 97887
2026/07/08 15:48:45.292, 4, 0, 3, 97887
2026/07/08 15:48:45.309, 5, 0, 3, 97887
2026/07/08 15:48:45.327, 6, 0, 3, 97887
2026/07/08 15:48:45.345, 7, 0, 3, 97887
2026/07/08 15:48:46.364, 0, 0, 85456, 97887
2026/07/08 15:48:46.382, 1, 0, 87488, 97887
2026/07/08 15:48:46.398, 2, 100, 3, 97887
2026/07/08 15:48:46.413, 3, 100, 3, 97887
2026/07/08 15:48:46.427, 4, 0, 3, 97887
2026/07/08 15:48:46.443, 5, 0, 3, 97887
2026/07/08 15:48:46.457, 6, 0, 3, 97887
2026/07/08 15:48:46.473, 7, 0, 3, 97887
2026/07/08 15:48:47.487, 0, 0, 85456, 97887
2026/07/08 15:48:47.505, 1, 0, 87488, 97887
2026/07/08 15:48:47.518, 2, 100, 3, 97887
2026/07/08 15:48:47.531, 3, 100, 3, 97887
2026/07/08 15:48:47.543, 4, 0, 3, 97887
2026/07/08 15:48:47.555, 5, 0, 3, 97887
2026/07/08 15:48:47.566, 6, 0, 3, 97887
2026/07/08 15:48:47.576, 7, 0, 3, 97887
2026/07/08 15:48:48.591, 0, 0, 85456, 97887
2026/07/08 15:48:48.608, 1, 0, 87488, 97887
2026/07/08 15:48:48.625, 2, 100, 3, 97887
2026/07/08 15:48:48.643, 3, 100, 3, 97887
2026/07/08 15:48:48.658, 4, 0, 3, 97887
2026/07/08 15:48:48.674, 5, 0, 3, 97887
2026/07/08 15:48:48.690, 6, 0, 3, 97887
2026/07/08 15:48:48.705, 7, 0, 3, 97887
2026/07/08 15:48:49.723, 0, 0, 85456, 97887
2026/07/08 15:48:49.741, 1, 0, 87488, 97887
2026/07/08 15:48:49.758, 2, 100, 3, 97887
2026/07/08 15:48:49.774, 3, 100, 3, 97887
2026/07/08 15:48:49.789, 4, 0, 3, 97887
2026/07/08 15:48:49.803, 5, 0, 3, 97887
2026/07/08 15:48:49.816, 6, 0, 3, 97887
2026/07/08 15:48:49.829, 7, 0, 3, 97887
2026/07/08 15:48:50.843, 0, 0, 85456, 97887
2026/07/08 15:48:50.861, 1, 0, 87488, 97887
2026/07/08 15:48:50.877, 2, 100, 3, 97887
2026/07/08 15:48:50.894, 3, 100, 3, 97887
2026/07/08 15:48:50.908, 4, 0, 3, 97887
2026/07/08 15:48:50.923, 5, 0, 3, 97887
2026/07/08 15:48:50.937, 6, 0, 3, 97887
2026/07/08 15:48:50.951, 7, 0, 3, 97887
2026/07/08 15:48:51.966, 0, 0, 85456, 97887
2026/07/08 15:48:51.984, 1, 0, 87488, 97887
2026/07/08 15:48:52.001, 2, 100, 3, 97887
2026/07/08 15:48:52.018, 3, 100, 3, 97887
2026/07/08 15:48:52.032, 4, 0, 3, 97887
2026/07/08 15:48:52.050, 5, 0, 3, 97887
2026/07/08 15:48:52.067, 6, 0, 3, 97887
2026/07/08 15:48:52.085, 7, 0, 3, 97887
2026/07/08 15:48:53.099, 0, 0, 85456, 97887
2026/07/08 15:48:53.116, 1, 0, 87488, 97887
2026/07/08 15:48:53.134, 2, 100, 3, 97887
2026/07/08 15:48:53.152, 3, 100, 3, 97887
2026/07/08 15:48:53.167, 4, 0, 3, 97887
2026/07/08 15:48:53.184, 5, 0, 3, 97887
2026/07/08 15:48:53.201, 6, 0, 3, 97887
2026/07/08 15:48:53.219, 7, 0, 3, 97887
2026/07/08 15:48:54.236, 0, 0, 85456, 97887
2026/07/08 15:48:54.252, 1, 0, 87488, 97887
2026/07/08 15:48:54.269, 2, 100, 3, 97887
2026/07/08 15:48:54.284, 3, 100, 3, 97887
2026/07/08 15:48:54.298, 4, 0, 3, 97887
2026/07/08 15:48:54.313, 5, 0, 3, 97887
2026/07/08 15:48:54.329, 6, 0, 3, 97887
2026/07/08 15:48:54.345, 7, 0, 3, 97887
2026/07/08 15:48:55.361, 0, 0, 85456, 97887
2026/07/08 15:48:55.376, 1, 0, 87488, 97887
2026/07/08 15:48:55.391, 2, 100, 3, 97887
2026/07/08 15:48:55.407, 3, 100, 3, 97887
2026/07/08 15:48:55.423, 4, 0, 3, 97887
2026/07/08 15:48:55.439, 5, 0, 3, 97887
2026/07/08 15:48:55.456, 6, 0, 3, 97887
2026/07/08 15:48:55.474, 7, 0, 3, 97887
2026/07/08 15:48:56.489, 0, 0, 85456, 97887
2026/07/08 15:48:56.507, 1, 0, 87488, 97887
2026/07/08 15:48:56.522, 2, 100, 3, 97887
2026/07/08 15:48:56.538, 3, 100, 3, 97887
2026/07/08 15:48:56.554, 4, 0, 3, 97887
2026/07/08 15:48:56.570, 5, 0, 3, 97887
2026/07/08 15:48:56.587, 6, 0, 3, 97887
2026/07/08 15:48:56.604, 7, 0, 3, 97887
2026/07/08 15:48:57.619, 0, 0, 85456, 97887
2026/07/08 15:48:57.635, 1, 0, 87488, 97887
2026/07/08 15:48:57.649, 2, 100, 3, 97887
2026/07/08 15:48:57.664, 3, 100, 3, 97887
2026/07/08 15:48:57.680, 4, 0, 3, 97887
2026/07/08 15:48:57.693, 5, 0, 3, 97887
2026/07/08 15:48:57.709, 6, 0, 3, 97887
2026/07/08 15:48:57.723, 7, 0, 3, 97887
2026/07/08 15:48:58.739, 0, 0, 85456, 97887
2026/07/08 15:48:58.756, 1, 0, 87488, 97887
2026/07/08 15:48:58.771, 2, 100, 3, 97887
2026/07/08 15:48:58.787, 3, 100, 3, 97887
2026/07/08 15:48:58.803, 4, 0, 3, 97887
2026/07/08 15:48:58.821, 5, 0, 3, 97887
2026/07/08 15:48:58.837, 6, 0, 3, 97887
2026/07/08 15:48:58.853, 7, 0, 3, 97887
2026/07/08 15:48:59.870, 0, 0, 85456, 97887
2026/07/08 15:48:59.884, 1, 0, 87488, 97887
2026/07/08 15:48:59.897, 2, 100, 3, 97887
2026/07/08 15:48:59.908, 3, 100, 3, 97887
2026/07/08 15:48:59.922, 4, 0, 3, 97887
2026/07/08 15:48:59.937, 5, 0, 3, 97887
2026/07/08 15:48:59.954, 6, 0, 3, 97887
2026/07/08 15:48:59.971, 7, 0, 3, 97887
2026/07/08 15:49:00.988, 0, 0, 85456, 97887
2026/07/08 15:49:01.006, 1, 0, 87488, 97887
2026/07/08 15:49:01.022, 2, 100, 3, 97887
2026/07/08 15:49:01.042, 3, 100, 3, 97887
2026/07/08 15:49:01.060, 4, 0, 3, 97887
2026/07/08 15:49:01.077, 5, 0, 3, 97887
2026/07/08 15:49:01.094, 6, 0, 3, 97887
2026/07/08 15:49:01.111, 7, 0, 3, 97887
2026/07/08 15:49:02.126, 0, 0, 85456, 97887
2026/07/08 15:49:02.145, 1, 0, 87488, 97887
2026/07/08 15:49:02.161, 2, 100, 3, 97887
2026/07/08 15:49:02.176, 3, 100, 3, 97887
2026/07/08 15:49:02.192, 4, 0, 3, 97887
2026/07/08 15:49:02.209, 5, 0, 3, 97887
2026/07/08 15:49:02.225, 6, 0, 3, 97887
2026/07/08 15:49:02.241, 7, 0, 3, 97887
2026/07/08 15:49:03.259, 0, 0, 85456, 97887
2026/07/08 15:49:03.277, 1, 0, 87488, 97887
2026/07/08 15:49:03.291, 2, 100, 3, 97887
2026/07/08 15:49:03.307, 3, 100, 3, 97887
2026/07/08 15:49:03.322, 4, 0, 3, 97887
2026/07/08 15:49:03.336, 5, 0, 3, 97887
2026/07/08 15:49:03.353, 6, 0, 3, 97887
2026/07/08 15:49:03.370, 7, 0, 3, 97887
2026/07/08 15:49:04.389, 0, 0, 85456, 97887
2026/07/08 15:49:04.408, 1, 0, 87488, 97887
2026/07/08 15:49:04.424, 2, 100, 3, 97887
2026/07/08 15:49:04.441, 3, 100, 3, 97887
2026/07/08 15:49:04.458, 4, 0, 3, 97887
2026/07/08 15:49:04.472, 5, 0, 3, 97887
2026/07/08 15:49:04.485, 6, 0, 3, 97887
2026/07/08 15:49:04.499, 7, 0, 3, 97887
2026/07/08 15:49:05.513, 0, 0, 85456, 97887
2026/07/08 15:49:05.529, 1, 0, 87488, 97887
2026/07/08 15:49:05.544, 2, 100, 3, 97887
2026/07/08 15:49:05.558, 3, 100, 3, 97887
2026/07/08 15:49:05.572, 4, 0, 3, 97887
2026/07/08 15:49:05.589, 5, 0, 3, 97887
2026/07/08 15:49:05.605, 6, 0, 3, 97887
2026/07/08 15:49:05.621, 7, 0, 3, 97887
2026/07/08 15:49:06.636, 0, 0, 85456, 97887
2026/07/08 15:49:06.655, 1, 0, 87488, 97887
2026/07/08 15:49:06.673, 2, 100, 3, 97887
2026/07/08 15:49:06.689, 3, 100, 3, 97887
2026/07/08 15:49:06.707, 4, 0, 3, 97887
2026/07/08 15:49:06.724, 5, 0, 3, 97887
2026/07/08 15:49:06.743, 6, 0, 3, 97887
2026/07/08 15:49:06.763, 7, 0, 3, 97887
2026/07/08 15:49:07.782, 0, 0, 85456, 97887
2026/07/08 15:49:07.797, 1, 0, 87488, 97887
2026/07/08 15:49:07.810, 2, 100, 3, 97887
2026/07/08 15:49:07.826, 3, 100, 3, 97887
2026/07/08 15:49:07.844, 4, 0, 3, 97887
2026/07/08 15:49:07.860, 5, 0, 3, 97887
2026/07/08 15:49:07.873, 6, 0, 3, 97887
2026/07/08 15:49:07.886, 7, 0, 3, 97887
2026/07/08 15:49:08.903, 0, 0, 85456, 97887
2026/07/08 15:49:08.919, 1, 0, 87488, 97887
2026/07/08 15:49:08.935, 2, 100, 3, 97887
2026/07/08 15:49:08.951, 3, 100, 3, 97887
2026/07/08 15:49:08.967, 4, 0, 3, 97887
2026/07/08 15:49:08.984, 5, 0, 3, 97887
2026/07/08 15:49:09.001, 6, 0, 3, 97887
2026/07/08 15:49:09.016, 7, 0, 3, 97887
2026/07/08 15:49:10.034, 0, 0, 85456, 97887
2026/07/08 15:49:10.050, 1, 0, 87488, 97887
2026/07/08 15:49:10.065, 2, 100, 3, 97887
2026/07/08 15:49:10.081, 3, 100, 3, 97887
2026/07/08 15:49:10.098, 4, 0, 3, 97887
2026/07/08 15:49:10.115, 5, 0, 3, 97887
2026/07/08 15:49:10.131, 6, 0, 3, 97887
2026/07/08 15:49:10.146, 7, 0, 3, 97887
2026/07/08 15:49:11.163, 0, 0, 85456, 97887
2026/07/08 15:49:11.179, 1, 0, 87488, 97887
2026/07/08 15:49:11.195, 2, 100, 3, 97887
2026/07/08 15:49:11.212, 3, 100, 3, 97887
2026/07/08 15:49:11.227, 4, 0, 3, 97887
2026/07/08 15:49:11.245, 5, 0, 3, 97887
2026/07/08 15:49:11.262, 6, 0, 3, 97887
2026/07/08 15:49:11.279, 7, 0, 3, 97887
2026/07/08 15:49:12.298, 0, 0, 85456, 97887
2026/07/08 15:49:12.316, 1, 0, 87488, 97887
2026/07/08 15:49:12.335, 2, 100, 3, 97887
2026/07/08 15:49:12.353, 3, 100, 3, 97887
2026/07/08 15:49:12.372, 4, 0, 3, 97887
2026/07/08 15:49:12.391, 5, 0, 3, 97887
2026/07/08 15:49:12.410, 6, 0, 3, 97887
2026/07/08 15:49:12.429, 7, 0, 3, 97887
2026/07/08 15:49:13.447, 0, 0, 85456, 97887
2026/07/08 15:49:13.462, 1, 0, 87488, 97887
2026/07/08 15:49:13.475, 2, 100, 3, 97887
2026/07/08 15:49:13.490, 3, 100, 3, 97887
2026/07/08 15:49:13.504, 4, 0, 3, 97887
2026/07/08 15:49:13.518, 5, 0, 3, 97887
2026/07/08 15:49:13.533, 6, 0, 3, 97887
2026/07/08 15:49:13.548, 7, 0, 3, 97887
2026/07/08 15:49:14.565, 0, 0, 85456, 97887
2026/07/08 15:49:14.583, 1, 0, 87488, 97887
2026/07/08 15:49:14.601, 2, 100, 3, 97887
2026/07/08 15:49:14.616, 3, 100, 3, 97887
2026/07/08 15:49:14.632, 4, 0, 3, 97887
2026/07/08 15:49:14.649, 5, 0, 3, 97887
2026/07/08 15:49:14.669, 6, 0, 3, 97887
2026/07/08 15:49:14.686, 7, 0, 3, 97887
2026/07/08 15:49:15.701, 0, 0, 85456, 97887
2026/07/08 15:49:15.719, 1, 0, 87488, 97887
2026/07/08 15:49:15.734, 2, 100, 3, 97887
2026/07/08 15:49:15.752, 3, 100, 3, 97887
2026/07/08 15:49:15.767, 4, 0, 3, 97887
2026/07/08 15:49:15.782, 5, 0, 3, 97887
2026/07/08 15:49:15.797, 6, 0, 3, 97887
2026/07/08 15:49:15.812, 7, 0, 3, 97887
2026/07/08 15:49:16.826, 0, 0, 85456, 97887
2026/07/08 15:49:16.843, 1, 0, 87488, 97887
2026/07/08 15:49:16.860, 2, 100, 3, 97887
2026/07/08 15:49:16.877, 3, 100, 3, 97887
2026/07/08 15:49:16.894, 4, 0, 3, 97887
2026/07/08 15:49:16.911, 5, 0, 3, 97887
2026/07/08 15:49:16.927, 6, 0, 3, 97887
2026/07/08 15:49:16.942, 7, 0, 3, 97887
2026/07/08 15:49:17.959, 0, 0, 85456, 97887
2026/07/08 15:49:17.971, 1, 0, 87488, 97887
2026/07/08 15:49:17.989, 2, 100, 3, 97887
2026/07/08 15:49:18.006, 3, 100, 3, 97887
2026/07/08 15:49:18.022, 4, 0, 3, 97887
2026/07/08 15:49:18.036, 5, 0, 3, 97887
2026/07/08 15:49:18.064, 6, 0, 3, 97887
2026/07/08 15:49:18.082, 7, 0, 3, 97887
2026/07/08 15:49:19.101, 0, 0, 85456, 97887
2026/07/08 15:49:19.118, 1, 0, 87488, 97887
2026/07/08 15:49:19.136, 2, 100, 3, 97887
2026/07/08 15:49:19.153, 3, 100, 3, 97887
2026/07/08 15:49:19.171, 4, 0, 3, 97887
2026/07/08 15:49:19.187, 5, 0, 3, 97887
2026/07/08 15:49:19.204, 6, 0, 3, 97887
2026/07/08 15:49:19.222, 7, 0, 3, 97887
2026/07/08 15:49:20.240, 0, 0, 85456, 97887
2026/07/08 15:49:20.257, 1, 0, 87488, 97887
2026/07/08 15:49:20.275, 2, 100, 3, 97887
2026/07/08 15:49:20.292, 3, 100, 3, 97887
2026/07/08 15:49:20.308, 4, 0, 3, 97887
2026/07/08 15:49:20.324, 5, 0, 3, 97887
2026/07/08 15:49:20.338, 6, 0, 3, 97887
2026/07/08 15:49:20.352, 7, 0, 3, 97887
2026/07/08 15:49:21.368, 0, 0, 85456, 97887
2026/07/08 15:49:21.384, 1, 0, 87488, 97887
2026/07/08 15:49:21.400, 2, 100, 3, 97887
2026/07/08 15:49:21.415, 3, 100, 3, 97887
2026/07/08 15:49:21.429, 4, 0, 3, 97887
2026/07/08 15:49:21.446, 5, 0, 3, 97887
2026/07/08 15:49:21.463, 6, 0, 3, 97887
2026/07/08 15:49:21.480, 7, 0, 3, 97887
2026/07/08 15:49:22.497, 0, 0, 85456, 97887
2026/07/08 15:49:22.518, 1, 0, 87488, 97887
2026/07/08 15:49:22.537, 2, 100, 3, 97887
2026/07/08 15:49:22.543, 3, 100, 3, 97887
2026/07/08 15:49:22.551, 4, 0, 3, 97887
2026/07/08 15:49:22.559, 5, 0, 3, 97887
2026/07/08 15:49:22.577, 6, 0, 3, 97887
2026/07/08 15:49:22.600, 7, 0, 3, 97887
2026/07/08 15:49:23.615, 0, 0, 85456, 97887
2026/07/08 15:49:23.633, 1, 0, 87488, 97887
2026/07/08 15:49:23.649, 2, 100, 3, 97887
2026/07/08 15:49:23.666, 3, 100, 3, 97887
2026/07/08 15:49:23.682, 4, 0, 3, 97887
2026/07/08 15:49:23.701, 5, 0, 3, 97887
2026/07/08 15:49:23.718, 6, 0, 3, 97887
2026/07/08 15:49:23.731, 7, 0, 3, 97887
2026/07/08 15:49:24.745, 0, 0, 85456, 97887
2026/07/08 15:49:24.761, 1, 0, 87488, 97887
2026/07/08 15:49:24.775, 2, 100, 3, 97887
2026/07/08 15:49:24.793, 3, 100, 3, 97887
2026/07/08 15:49:24.807, 4, 0, 3, 97887
2026/07/08 15:49:24.820, 5, 0, 3, 97887
2026/07/08 15:49:24.833, 6, 0, 3, 97887
2026/07/08 15:49:24.847, 7, 0, 3, 97887
2026/07/08 15:49:25.860, 0, 0, 85456, 97887
2026/07/08 15:49:25.876, 1, 0, 87488, 97887
2026/07/08 15:49:25.891, 2, 100, 3, 97887
2026/07/08 15:49:25.909, 3, 100, 3, 97887
2026/07/08 15:49:25.925, 4, 0, 3, 97887
2026/07/08 15:49:25.942, 5, 0, 3, 97887
2026/07/08 15:49:25.959, 6, 0, 3, 97887
2026/07/08 15:49:25.974, 7, 0, 3, 97887
2026/07/08 15:49:26.989, 0, 0, 85456, 97887
2026/07/08 15:49:27.007, 1, 0, 87488, 97887
2026/07/08 15:49:27.021, 2, 100, 3, 97887
2026/07/08 15:49:27.032, 3, 100, 3, 97887
2026/07/08 15:49:27.047, 4, 0, 3, 97887
2026/07/08 15:49:27.064, 5, 0, 3, 97887
2026/07/08 15:49:27.079, 6, 0, 3, 97887
2026/07/08 15:49:27.092, 7, 0, 3, 97887
2026/07/08 15:49:28.107, 0, 0, 85456, 97887
2026/07/08 15:49:28.121, 1, 0, 87488, 97887
2026/07/08 15:49:28.137, 2, 100, 3, 97887
2026/07/08 15:49:28.155, 3, 100, 3, 97887
2026/07/08 15:49:28.173, 4, 0, 3, 97887
2026/07/08 15:49:28.186, 5, 0, 3, 97887
2026/07/08 15:49:28.197, 6, 0, 3, 97887
2026/07/08 15:49:28.211, 7, 0, 3, 97887
2026/07/08 15:49:29.225, 0, 0, 85456, 97887
2026/07/08 15:49:29.246, 1, 0, 87488, 97887
2026/07/08 15:49:29.262, 2, 100, 3, 97887
2026/07/08 15:49:29.279, 3, 100, 3, 97887
2026/07/08 15:49:29.294, 4, 0, 3, 97887
2026/07/08 15:49:29.308, 5, 0, 3, 97887
2026/07/08 15:49:29.326, 6, 0, 3, 97887
2026/07/08 15:49:29.340, 7, 0, 3, 97887
2026/07/08 15:49:30.357, 0, 0, 85456, 97887
2026/07/08 15:49:30.375, 1, 0, 87488, 97887
2026/07/08 15:49:30.389, 2, 100, 3, 97887
2026/07/08 15:49:30.399, 3, 100, 3, 97887
2026/07/08 15:49:30.414, 4, 0, 3, 97887
2026/07/08 15:49:30.428, 5, 0, 3, 97887
2026/07/08 15:49:30.446, 6, 0, 3, 97887
2026/07/08 15:49:30.459, 7, 0, 3, 97887
2026/07/08 15:49:31.473, 0, 0, 85456, 97887
2026/07/08 15:49:31.490, 1, 0, 87488, 97887
2026/07/08 15:49:31.506, 2, 100, 3, 97887
2026/07/08 15:49:31.522, 3, 100, 3, 97887
2026/07/08 15:49:31.539, 4, 0, 3, 97887
2026/07/08 15:49:31.557, 5, 0, 3, 97887
2026/07/08 15:49:31.571, 6, 0, 3, 97887
2026/07/08 15:49:31.588, 7, 0, 3, 97887
2026/07/08 15:49:32.604, 0, 0, 85456, 97887
2026/07/08 15:49:32.620, 1, 0, 87488, 97887
2026/07/08 15:49:32.636, 2, 100, 3, 97887
2026/07/08 15:49:32.651, 3, 100, 3, 97887
2026/07/08 15:49:32.666, 4, 0, 3, 97887
2026/07/08 15:49:32.680, 5, 0, 3, 97887
2026/07/08 15:49:32.694, 6, 0, 3, 97887
2026/07/08 15:49:32.709, 7, 0, 3, 97887
2026/07/08 15:49:33.723, 0, 0, 85456, 97887
2026/07/08 15:49:33.736, 1, 0, 87488, 97887
2026/07/08 15:49:33.746, 2, 100, 3, 97887
2026/07/08 15:49:33.757, 3, 100, 3, 97887
2026/07/08 15:49:33.773, 4, 0, 3, 97887
2026/07/08 15:49:33.786, 5, 0, 3, 97887
2026/07/08 15:49:33.794, 6, 0, 3, 97887
2026/07/08 15:49:33.806, 7, 0, 3, 97887
2026/07/08 15:49:34.819, 0, 0, 85456, 97887
2026/07/08 15:49:34.835, 1, 0, 87488, 97887
2026/07/08 15:49:34.849, 2, 100, 3, 97887
2026/07/08 15:49:34.863, 3, 100, 3, 97887
2026/07/08 15:49:34.875, 4, 0, 3, 97887
2026/07/08 15:49:34.891, 5, 0, 3, 97887
2026/07/08 15:49:34.905, 6, 0, 3, 97887
2026/07/08 15:49:34.920, 7, 0, 3, 97887
2026/07/08 15:49:35.936, 0, 0, 85456, 97887
2026/07/08 15:49:35.954, 1, 0, 87488, 97887
2026/07/08 15:49:35.974, 2, 100, 3, 97887
2026/07/08 15:49:35.989, 3, 100, 3, 97887
2026/07/08 15:49:36.004, 4, 0, 3, 97887
2026/07/08 15:49:36.021, 5, 0, 3, 97887
2026/07/08 15:49:36.038, 6, 0, 3, 97887
2026/07/08 15:49:36.055, 7, 0, 3, 97887
2026/07/08 15:49:37.070, 0, 0, 85456, 97887
2026/07/08 15:49:37.087, 1, 0, 87488, 97887
2026/07/08 15:49:37.102, 2, 100, 3, 97887
2026/07/08 15:49:37.115, 3, 100, 3, 97887
2026/07/08 15:49:37.130, 4, 0, 3, 97887
2026/07/08 15:49:37.142, 5, 0, 3, 97887
2026/07/08 15:49:37.155, 6, 0, 3, 97887
2026/07/08 15:49:37.165, 7, 0, 3, 97887
2026/07/08 15:49:38.178, 0, 0, 85456, 97887
2026/07/08 15:49:38.194, 1, 0, 87488, 97887
2026/07/08 15:49:38.210, 2, 100, 3, 97887
2026/07/08 15:49:38.222, 3, 100, 3, 97887
2026/07/08 15:49:38.238, 4, 0, 3, 97887
2026/07/08 15:49:38.254, 5, 0, 3, 97887
2026/07/08 15:49:38.268, 6, 0, 3, 97887
2026/07/08 15:49:38.283, 7, 0, 3, 97887
2026/07/08 15:49:39.297, 0, 0, 85456, 97887
2026/07/08 15:49:39.318, 1, 0, 87488, 97887
2026/07/08 15:49:39.340, 2, 100, 3, 97887
2026/07/08 15:49:39.364, 3, 100, 3, 97887
2026/07/08 15:49:39.391, 4, 0, 3, 97887
2026/07/08 15:49:39.411, 5, 0, 3, 97887
2026/07/08 15:49:39.428, 6, 0, 3, 97887
2026/07/08 15:49:39.448, 7, 0, 3, 97887
2026/07/08 15:49:40.468, 0, 0, 85456, 97887
2026/07/08 15:49:40.484, 1, 0, 87488, 97887
2026/07/08 15:49:40.501, 2, 100, 3, 97887
2026/07/08 15:49:40.516, 3, 100, 3, 97887
2026/07/08 15:49:40.531, 4, 0, 3, 97887
2026/07/08 15:49:40.545, 5, 0, 3, 97887
2026/07/08 15:49:40.562, 6, 0, 3, 97887
2026/07/08 15:49:40.577, 7, 0, 3, 97887
2026/07/08 15:49:41.592, 0, 0, 85456, 97887
2026/07/08 15:49:41.608, 1, 0, 87488, 97887
2026/07/08 15:49:41.623, 2, 100, 3, 97887
2026/07/08 15:49:41.638, 3, 100, 3, 97887
2026/07/08 15:49:41.654, 4, 0, 3, 97887
2026/07/08 15:49:41.672, 5, 0, 3, 97887
2026/07/08 15:49:41.688, 6, 0, 3, 97887
2026/07/08 15:49:41.705, 7, 0, 3, 97887
2026/07/08 15:49:42.722, 0, 0, 85456, 97887
2026/07/08 15:49:42.738, 1, 0, 87488, 97887
2026/07/08 15:49:42.756, 2, 100, 3, 97887
2026/07/08 15:49:42.778, 3, 100, 3, 97887
2026/07/08 15:49:42.795, 4, 0, 3, 97887
2026/07/08 15:49:42.814, 5, 0, 3, 97887
2026/07/08 15:49:42.834, 6, 0, 3, 97887
2026/07/08 15:49:42.852, 7, 0, 3, 97887
2026/07/08 15:49:43.870, 0, 0, 85456, 97887
2026/07/08 15:49:43.885, 1, 0, 87488, 97887
2026/07/08 15:49:43.896, 2, 100, 3, 97887
2026/07/08 15:49:43.911, 3, 100, 3, 97887
2026/07/08 15:49:43.923, 4, 0, 3, 97887
2026/07/08 15:49:43.937, 5, 0, 3, 97887
2026/07/08 15:49:43.950, 6, 0, 3, 97887
2026/07/08 15:49:43.963, 7, 0, 3, 97887
2026/07/08 15:49:44.978, 0, 0, 85456, 97887
2026/07/08 15:49:44.994, 1, 0, 87488, 97887
2026/07/08 15:49:45.011, 2, 100, 3, 97887
2026/07/08 15:49:45.028, 3, 100, 3, 97887
2026/07/08 15:49:45.042, 4, 0, 3, 97887
2026/07/08 15:49:45.058, 5, 0, 3, 97887
2026/07/08 15:49:45.070, 6, 0, 3, 97887
2026/07/08 15:49:45.082, 7, 0, 3, 97887
2026/07/08 15:49:46.095, 0, 0, 85456, 97887
2026/07/08 15:49:46.115, 1, 0, 87488, 97887
2026/07/08 15:49:46.133, 2, 100, 3, 97887
2026/07/08 15:49:46.151, 3, 100, 3, 97887
2026/07/08 15:49:46.169, 4, 0, 3, 97887
2026/07/08 15:49:46.185, 5, 0, 3, 97887
2026/07/08 15:49:46.203, 6, 0, 3, 97887
2026/07/08 15:49:46.218, 7, 0, 3, 97887
2026/07/08 15:49:47.235, 0, 0, 85456, 97887
2026/07/08 15:49:47.251, 1, 0, 87488, 97887
2026/07/08 15:49:47.265, 2, 100, 3, 97887
2026/07/08 15:49:47.281, 3, 100, 3, 97887
2026/07/08 15:49:47.296, 4, 0, 3, 97887
2026/07/08 15:49:47.311, 5, 0, 3, 97887
2026/07/08 15:49:47.327, 6, 0, 3, 97887
2026/07/08 15:49:47.340, 7, 0, 3, 97887
2026/07/08 15:49:48.355, 0, 0, 85456, 97887
2026/07/08 15:49:48.369, 1, 0, 87488, 97887
2026/07/08 15:49:48.382, 2, 100, 3, 97887
2026/07/08 15:49:48.393, 3, 100, 3, 97887
2026/07/08 15:49:48.407, 4, 0, 3, 97887
2026/07/08 15:49:48.420, 5, 0, 3, 97887
2026/07/08 15:49:48.432, 6, 0, 3, 97887
2026/07/08 15:49:48.444, 7, 0, 3, 97887
2026/07/08 15:49:49.458, 0, 0, 85456, 97887
2026/07/08 15:49:49.477, 1, 0, 87488, 97887
2026/07/08 15:49:49.493, 2, 100, 3, 97887
2026/07/08 15:49:49.510, 3, 100, 3, 97887
2026/07/08 15:49:49.524, 4, 0, 3, 97887
2026/07/08 15:49:49.544, 5, 0, 3, 97887
2026/07/08 15:49:49.560, 6, 0, 3, 97887
2026/07/08 15:49:49.578, 7, 0, 3, 97887
2026/07/08 15:49:50.594, 0, 0, 85456, 97887
2026/07/08 15:49:50.609, 1, 0, 87488, 97887
2026/07/08 15:49:50.622, 2, 100, 3, 97887
2026/07/08 15:49:50.635, 3, 100, 3, 97887
2026/07/08 15:49:50.649, 4, 0, 3, 97887
2026/07/08 15:49:50.660, 5, 0, 3, 97887
2026/07/08 15:49:50.674, 6, 0, 3, 97887
2026/07/08 15:49:50.688, 7, 0, 3, 97887
2026/07/08 15:49:51.702, 0, 0, 85456, 97887
2026/07/08 15:49:51.719, 1, 0, 87488, 97887
2026/07/08 15:49:51.735, 2, 100, 3, 97887
2026/07/08 15:49:51.751, 3, 100, 3, 97887
2026/07/08 15:49:51.767, 4, 0, 3, 97887
2026/07/08 15:49:51.783, 5, 0, 3, 97887
2026/07/08 15:49:51.799, 6, 0, 3, 97887
2026/07/08 15:49:51.815, 7, 0, 3, 97887
2026/07/08 15:49:52.832, 0, 0, 85456, 97887
2026/07/08 15:49:52.849, 1, 0, 87488, 97887
2026/07/08 15:49:52.866, 2, 100, 3, 97887
2026/07/08 15:49:52.884, 3, 100, 3, 97887
2026/07/08 15:49:52.899, 4, 0, 3, 97887
2026/07/08 15:49:52.914, 5, 0, 3, 97887
2026/07/08 15:49:52.930, 6, 0, 3, 97887
2026/07/08 15:49:52.947, 7, 0, 3, 97887
2026/07/08 15:49:53.964, 0, 0, 85456, 97887
2026/07/08 15:49:53.982, 1, 0, 87488, 97887
2026/07/08 15:49:53.998, 2, 100, 3, 97887
2026/07/08 15:49:54.014, 3, 100, 3, 97887
2026/07/08 15:49:54.031, 4, 0, 3, 97887
2026/07/08 15:49:54.047, 5, 0, 3, 97887
2026/07/08 15:49:54.065, 6, 0, 3, 97887
2026/07/08 15:49:54.082, 7, 0, 3, 97887
2026/07/08 15:49:55.098, 0, 0, 85456, 97887
2026/07/08 15:49:55.114, 1, 0, 87488, 97887
2026/07/08 15:49:55.129, 2, 100, 3, 97887
2026/07/08 15:49:55.147, 3, 100, 3, 97887
2026/07/08 15:49:55.164, 4, 0, 3, 97887
2026/07/08 15:49:55.182, 5, 0, 3, 97887
2026/07/08 15:49:55.198, 6, 0, 3, 97887
2026/07/08 15:49:55.215, 7, 0, 3, 97887
2026/07/08 15:49:56.232, 0, 0, 85456, 97887
2026/07/08 15:49:56.247, 1, 0, 87488, 97887
2026/07/08 15:49:56.258, 2, 100, 3, 97887
2026/07/08 15:49:56.271, 3, 100, 3, 97887
2026/07/08 15:49:56.283, 4, 0, 3, 97887
2026/07/08 15:49:56.297, 5, 0, 3, 97887
2026/07/08 15:49:56.316, 6, 0, 3, 97887
2026/07/08 15:49:56.333, 7, 0, 3, 97887
2026/07/08 15:49:57.352, 0, 0, 85456, 97887
2026/07/08 15:49:57.369, 1, 0, 87488, 97887
2026/07/08 15:49:57.385, 2, 100, 3, 97887
2026/07/08 15:49:57.399, 3, 100, 3, 97887
2026/07/08 15:49:57.414, 4, 0, 3, 97887
2026/07/08 15:49:57.431, 5, 0, 3, 97887
2026/07/08 15:49:57.450, 6, 0, 3, 97887
2026/07/08 15:49:57.467, 7, 0, 3, 97887
2026/07/08 15:49:58.486, 0, 0, 85456, 97887
2026/07/08 15:49:58.502, 1, 0, 87488, 97887
2026/07/08 15:49:58.514, 2, 100, 3, 97887
2026/07/08 15:49:58.528, 3, 100, 3, 97887
2026/07/08 15:49:58.545, 4, 0, 3, 97887
2026/07/08 15:49:58.561, 5, 0, 3, 97887
2026/07/08 15:49:58.578, 6, 0, 3, 97887
2026/07/08 15:49:58.594, 7, 0, 3, 97887
2026/07/08 15:49:59.609, 0, 0, 85456, 97887
2026/07/08 15:49:59.627, 1, 0, 87488, 97887
2026/07/08 15:49:59.643, 2, 100, 3, 97887
2026/07/08 15:49:59.659, 3, 100, 3, 97887
2026/07/08 15:49:59.675, 4, 0, 3, 97887
2026/07/08 15:49:59.691, 5, 0, 3, 97887
2026/07/08 15:49:59.708, 6, 0, 3, 97887
2026/07/08 15:49:59.723, 7, 0, 3, 97887
2026/07/08 15:50:00.739, 0, 0, 85456, 97887
2026/07/08 15:50:00.757, 1, 0, 87488, 97887
2026/07/08 15:50:00.774, 2, 100, 3, 97887
2026/07/08 15:50:00.790, 3, 100, 3, 97887
2026/07/08 15:50:00.807, 4, 0, 3, 97887
2026/07/08 15:50:00.824, 5, 0, 3, 97887
2026/07/08 15:50:00.840, 6, 0, 3, 97887
2026/07/08 15:50:00.853, 7, 0, 3, 97887
2026/07/08 15:50:01.870, 0, 0, 85456, 97887
2026/07/08 15:50:01.888, 1, 0, 87488, 97887
2026/07/08 15:50:01.905, 2, 100, 3, 97887
2026/07/08 15:50:01.921, 3, 100, 3, 97887
2026/07/08 15:50:01.936, 4, 0, 3, 97887
2026/07/08 15:50:01.951, 5, 0, 3, 97887
2026/07/08 15:50:01.966, 6, 0, 3, 97887
2026/07/08 15:50:01.980, 7, 0, 3, 97887
2026/07/08 15:50:02.996, 0, 0, 85456, 97887
2026/07/08 15:50:03.013, 1, 0, 87488, 97887
2026/07/08 15:50:03.030, 2, 100, 3, 97887
2026/07/08 15:50:03.053, 3, 100, 3, 97887
2026/07/08 15:50:03.065, 4, 0, 3, 97887
2026/07/08 15:50:03.085, 5, 0, 3, 97887
2026/07/08 15:50:03.100, 6, 0, 3, 97887
2026/07/08 15:50:03.117, 7, 0, 3, 97887
2026/07/08 15:50:04.134, 0, 0, 85456, 97887
2026/07/08 15:50:04.152, 1, 0, 87488, 97887
2026/07/08 15:50:04.170, 2, 100, 3, 97887
2026/07/08 15:50:04.187, 3, 100, 3, 97887
2026/07/08 15:50:04.201, 4, 0, 3, 97887
2026/07/08 15:50:04.219, 5, 0, 3, 97887
2026/07/08 15:50:04.232, 6, 0, 3, 97887
2026/07/08 15:50:04.246, 7, 0, 3, 97887
2026/07/08 15:50:05.262, 0, 0, 85456, 97887
2026/07/08 15:50:05.277, 1, 0, 87488, 97887
2026/07/08 15:50:05.290, 2, 100, 3, 97887
2026/07/08 15:50:05.308, 3, 100, 3, 97887
2026/07/08 15:50:05.327, 4, 0, 3, 97887
2026/07/08 15:50:05.344, 5, 0, 3, 97887
2026/07/08 15:50:05.362, 6, 0, 3, 97887
2026/07/08 15:50:05.379, 7, 0, 3, 97887
2026/07/08 15:50:06.396, 0, 0, 85456, 97887
2026/07/08 15:50:06.413, 1, 0, 87488, 97887
2026/07/08 15:50:06.428, 2, 100, 3, 97887
2026/07/08 15:50:06.444, 3, 100, 3, 97887
2026/07/08 15:50:06.459, 4, 0, 3, 97887
2026/07/08 15:50:06.476, 5, 0, 3, 97887
2026/07/08 15:50:06.492, 6, 0, 3, 97887
2026/07/08 15:50:06.510, 7, 0, 3, 97887
2026/07/08 15:50:07.527, 0, 0, 85456, 97887
2026/07/08 15:50:07.548, 1, 0, 87488, 97887
2026/07/08 15:50:07.566, 2, 100, 3, 97887
2026/07/08 15:50:07.585, 3, 100, 3, 97887
2026/07/08 15:50:07.604, 4, 0, 3, 97887
2026/07/08 15:50:07.621, 5, 0, 3, 97887
2026/07/08 15:50:07.639, 6, 0, 3, 97887
2026/07/08 15:50:07.656, 7, 0, 3, 97887
2026/07/08 15:50:08.676, 0, 0, 85456, 97887
2026/07/08 15:50:08.694, 1, 0, 87488, 97887
2026/07/08 15:50:08.713, 2, 100, 3, 97887
2026/07/08 15:50:08.732, 3, 100, 3, 97887
2026/07/08 15:50:08.749, 4, 0, 3, 97887
2026/07/08 15:50:08.765, 5, 0, 3, 97887
2026/07/08 15:50:08.781, 6, 0, 3, 97887
2026/07/08 15:50:08.798, 7, 0, 3, 97887
2026/07/08 15:50:09.817, 0, 0, 85456, 97887
2026/07/08 15:50:09.838, 1, 0, 87488, 97887
2026/07/08 15:50:09.854, 2, 100, 3, 97887
2026/07/08 15:50:09.871, 3, 100, 3, 97887
2026/07/08 15:50:09.890, 4, 0, 3, 97887
2026/07/08 15:50:09.906, 5, 0, 3, 97887
2026/07/08 15:50:09.923, 6, 0, 3, 97887
2026/07/08 15:50:09.940, 7, 0, 3, 97887
2026/07/08 15:50:10.959, 0, 0, 85456, 97887
2026/07/08 15:50:10.977, 1, 0, 87488, 97887
2026/07/08 15:50:10.995, 2, 100, 3, 97887
2026/07/08 15:50:11.009, 3, 100, 3, 97887
2026/07/08 15:50:11.026, 4, 0, 3, 97887
2026/07/08 15:50:11.042, 5, 0, 3, 97887
2026/07/08 15:50:11.062, 6, 0, 3, 97887
2026/07/08 15:50:11.078, 7, 0, 3, 97887
2026/07/08 15:50:12.096, 0, 0, 85456, 97887
2026/07/08 15:50:12.119, 1, 0, 87488, 97887
2026/07/08 15:50:12.140, 2, 100, 3, 97887
2026/07/08 15:50:12.159, 3, 100, 3, 97887
2026/07/08 15:50:12.175, 4, 0, 3, 97887
2026/07/08 15:50:12.194, 5, 0, 3, 97887
2026/07/08 15:50:12.213, 6, 0, 3, 97887
2026/07/08 15:50:12.235, 7, 0, 3, 97887
2026/07/08 15:50:13.258, 0, 0, 85456, 97887
2026/07/08 15:50:13.276, 1, 0, 87488, 97887
2026/07/08 15:50:13.295, 2, 100, 3, 97887
2026/07/08 15:50:13.311, 3, 100, 3, 97887
2026/07/08 15:50:13.326, 4, 0, 3, 97887
2026/07/08 15:50:13.342, 5, 0, 3, 97887
2026/07/08 15:50:13.360, 6, 0, 3, 97887
2026/07/08 15:50:13.376, 7, 0, 3, 97887
2026/07/08 15:50:14.392, 0, 0, 85456, 97887
2026/07/08 15:50:14.409, 1, 0, 87488, 97887
2026/07/08 15:50:14.426, 2, 100, 3, 97887
2026/07/08 15:50:14.443, 3, 100, 3, 97887
2026/07/08 15:50:14.458, 4, 0, 3, 97887
2026/07/08 15:50:14.475, 5, 0, 3, 97887
2026/07/08 15:50:14.492, 6, 0, 3, 97887
2026/07/08 15:50:14.508, 7, 0, 3, 97887
2026/07/08 15:50:15.525, 0, 0, 85456, 97887
2026/07/08 15:50:15.543, 1, 0, 87488, 97887
2026/07/08 15:50:15.559, 2, 100, 3, 97887
2026/07/08 15:50:15.577, 3, 100, 3, 97887
2026/07/08 15:50:15.596, 4, 0, 3, 97887
2026/07/08 15:50:15.614, 5, 0, 3, 97887
2026/07/08 15:50:15.631, 6, 0, 3, 97887
2026/07/08 15:50:15.650, 7, 0, 3, 97887
2026/07/08 15:50:16.667, 0, 0, 85456, 97887
2026/07/08 15:50:16.683, 1, 0, 87488, 97887
2026/07/08 15:50:16.697, 2, 100, 3, 97887
2026/07/08 15:50:16.713, 3, 100, 3, 97887
2026/07/08 15:50:16.729, 4, 0, 3, 97887
2026/07/08 15:50:16.745, 5, 0, 3, 97887
2026/07/08 15:50:16.760, 6, 0, 3, 97887
2026/07/08 15:50:16.777, 7, 0, 3, 97887
2026/07/08 15:50:17.793, 0, 0, 85456, 97887
2026/07/08 15:50:17.811, 1, 0, 87488, 97887
2026/07/08 15:50:17.825, 2, 100, 3, 97887
2026/07/08 15:50:17.837, 3, 100, 3, 97887
2026/07/08 15:50:17.850, 4, 0, 3, 97887
2026/07/08 15:50:17.867, 5, 0, 3, 97887
2026/07/08 15:50:17.881, 6, 0, 3, 97887
2026/07/08 15:50:17.896, 7, 0, 3, 97887
2026/07/08 15:50:18.908, 0, 0, 85456, 97887
2026/07/08 15:50:18.927, 1, 0, 87488, 97887
2026/07/08 15:50:18.946, 2, 100, 3, 97887
2026/07/08 15:50:18.965, 3, 100, 3, 97887
2026/07/08 15:50:18.985, 4, 0, 3, 97887
2026/07/08 15:50:19.002, 5, 0, 3, 97887
2026/07/08 15:50:19.021, 6, 0, 3, 97887
2026/07/08 15:50:19.035, 7, 0, 3, 97887
2026/07/08 15:50:20.044, 0, 0, 85456, 97887
2026/07/08 15:50:20.060, 1, 0, 87488, 97887
2026/07/08 15:50:20.074, 2, 100, 3, 97887
2026/07/08 15:50:20.085, 3, 100, 3, 97887
2026/07/08 15:50:20.095, 4, 0, 3, 97887
2026/07/08 15:50:20.109, 5, 0, 3, 97887
2026/07/08 15:50:20.121, 6, 0, 3, 97887
2026/07/08 15:50:20.135, 7, 0, 3, 97887
2026/07/08 15:50:21.150, 0, 0, 85456, 97887
2026/07/08 15:50:21.166, 1, 0, 87488, 97887
2026/07/08 15:50:21.182, 2, 100, 3, 97887
2026/07/08 15:50:21.199, 3, 100, 3, 97887
2026/07/08 15:50:21.215, 4, 0, 3, 97887
2026/07/08 15:50:21.233, 5, 0, 3, 97887
2026/07/08 15:50:21.253, 6, 0, 3, 97887
2026/07/08 15:50:21.272, 7, 0, 3, 97887
2026/07/08 15:50:22.291, 0, 0, 85456, 97887
2026/07/08 15:50:22.307, 1, 0, 87488, 97887
2026/07/08 15:50:22.322, 2, 100, 3, 97887
2026/07/08 15:50:22.336, 3, 100, 3, 97887
2026/07/08 15:50:22.348, 4, 0, 3, 97887
2026/07/08 15:50:22.361, 5, 0, 3, 97887
2026/07/08 15:50:22.376, 6, 0, 3, 97887
2026/07/08 15:50:22.391, 7, 0, 3, 97887
2026/07/08 15:50:23.407, 0, 0, 85456, 97887
2026/07/08 15:50:23.425, 1, 0, 87488, 97887
2026/07/08 15:50:23.441, 2, 100, 3, 97887
2026/07/08 15:50:23.458, 3, 100, 3, 97887
2026/07/08 15:50:23.475, 4, 0, 3, 97887
2026/07/08 15:50:23.491, 5, 0, 3, 97887
2026/07/08 15:50:23.508, 6, 0, 3, 97887
2026/07/08 15:50:23.540, 7, 0, 3, 97887
2026/07/08 15:50:24.564, 0, 0, 85456, 97887
2026/07/08 15:50:24.579, 1, 0, 87488, 97887
2026/07/08 15:50:24.596, 2, 100, 3, 97887
2026/07/08 15:50:24.617, 3, 100, 3, 97887
2026/07/08 15:50:24.634, 4, 0, 3, 97887
2026/07/08 15:50:24.650, 5, 0, 3, 97887
2026/07/08 15:50:24.667, 6, 0, 3, 97887
2026/07/08 15:50:24.686, 7, 0, 3, 97887
2026/07/08 15:50:25.703, 0, 0, 85456, 97887
2026/07/08 15:50:25.719, 1, 0, 87488, 97887
2026/07/08 15:50:25.732, 2, 100, 3, 97887
2026/07/08 15:50:25.748, 3, 100, 3, 97887
2026/07/08 15:50:25.764, 4, 0, 3, 97887
2026/07/08 15:50:25.779, 5, 0, 3, 97887
2026/07/08 15:50:25.795, 6, 0, 3, 97887
2026/07/08 15:50:25.811, 7, 0, 3, 97887
2026/07/08 15:50:26.830, 0, 0, 85456, 97887
2026/07/08 15:50:26.846, 1, 0, 87488, 97887
2026/07/08 15:50:26.860, 2, 100, 3, 97887
2026/07/08 15:50:26.873, 3, 100, 3, 97887
2026/07/08 15:50:26.886, 4, 0, 3, 97887
2026/07/08 15:50:26.901, 5, 0, 3, 97887
2026/07/08 15:50:26.914, 6, 0, 3, 97887
2026/07/08 15:50:26.930, 7, 0, 3, 97887
2026/07/08 15:50:27.949, 0, 0, 85456, 97887
2026/07/08 15:50:27.964, 1, 0, 87488, 97887
2026/07/08 15:50:27.978, 2, 100, 3, 97887
2026/07/08 15:50:27.993, 3, 100, 3, 97887
2026/07/08 15:50:28.007, 4, 0, 3, 97887
2026/07/08 15:50:28.021, 5, 0, 3, 97887
2026/07/08 15:50:28.036, 6, 0, 3, 97887
2026/07/08 15:50:28.052, 7, 0, 3, 97887
2026/07/08 15:50:29.066, 0, 0, 85456, 97887
2026/07/08 15:50:29.087, 1, 0, 87488, 97887
2026/07/08 15:50:29.101, 2, 100, 3, 97887
2026/07/08 15:50:29.121, 3, 100, 3, 97887
2026/07/08 15:50:29.143, 4, 0, 3, 97887
2026/07/08 15:50:29.165, 5, 0, 3, 97887
2026/07/08 15:50:29.181, 6, 0, 3, 97887
2026/07/08 15:50:29.202, 7, 0, 3, 97887
2026/07/08 15:50:30.219, 0, 0, 85456, 97887
2026/07/08 15:50:30.235, 1, 0, 87488, 97887
2026/07/08 15:50:30.251, 2, 100, 3, 97887
2026/07/08 15:50:30.266, 3, 100, 3, 97887
2026/07/08 15:50:30.281, 4, 0, 3, 97887
2026/07/08 15:50:30.296, 5, 0, 3, 97887
2026/07/08 15:50:30.311, 6, 0, 3, 97887
2026/07/08 15:50:30.325, 7, 0, 3, 97887
2026/07/08 15:50:31.340, 0, 0, 85456, 97887
2026/07/08 15:50:31.357, 1, 0, 87488, 97887
2026/07/08 15:50:31.374, 2, 100, 3, 97887
2026/07/08 15:50:31.389, 3, 100, 3, 97887
2026/07/08 15:50:31.404, 4, 0, 3, 97887
2026/07/08 15:50:31.416, 5, 0, 3, 97887
2026/07/08 15:50:31.428, 6, 0, 3, 97887
2026/07/08 15:50:31.443, 7, 0, 3, 97887
2026/07/08 15:50:32.459, 0, 0, 85456, 97887
2026/07/08 15:50:32.476, 1, 0, 87488, 97887
2026/07/08 15:50:32.489, 2, 100, 3, 97887
2026/07/08 15:50:32.504, 3, 100, 3, 97887
2026/07/08 15:50:32.519, 4, 0, 3, 97887
2026/07/08 15:50:32.529, 5, 0, 3, 97887
2026/07/08 15:50:32.540, 6, 0, 3, 97887
2026/07/08 15:50:32.551, 7, 0, 3, 97887
2026/07/08 15:50:33.566, 0, 0, 85456, 97887
2026/07/08 15:50:33.579, 1, 0, 87488, 97887
2026/07/08 15:50:33.594, 2, 100, 3, 97887
2026/07/08 15:50:33.608, 3, 100, 3, 97887
2026/07/08 15:50:33.623, 4, 0, 3, 97887
2026/07/08 15:50:33.637, 5, 0, 3, 97887
2026/07/08 15:50:33.651, 6, 0, 3, 97887
2026/07/08 15:50:33.665, 7, 0, 3, 97887
2026/07/08 15:50:34.682, 0, 0, 85456, 97887
2026/07/08 15:50:34.703, 1, 0, 87488, 97887
2026/07/08 15:50:34.723, 2, 100, 3, 97887
2026/07/08 15:50:34.740, 3, 100, 3, 97887
2026/07/08 15:50:34.758, 4, 0, 3, 97887
2026/07/08 15:50:34.773, 5, 0, 3, 97887
2026/07/08 15:50:34.784, 6, 0, 3, 97887
2026/07/08 15:50:34.802, 7, 0, 3, 97887
2026/07/08 15:50:35.822, 0, 0, 85456, 97887
2026/07/08 15:50:35.840, 1, 0, 87488, 97887
2026/07/08 15:50:35.856, 2, 100, 3, 97887
2026/07/08 15:50:35.871, 3, 100, 3, 97887
2026/07/08 15:50:35.885, 4, 0, 3, 97887
2026/07/08 15:50:35.899, 5, 0, 3, 97887
2026/07/08 15:50:35.914, 6, 0, 3, 97887
2026/07/08 15:50:35.929, 7, 0, 3, 97887
2026/07/08 15:50:36.945, 0, 0, 85456, 97887
2026/07/08 15:50:36.961, 1, 0, 87488, 97887
2026/07/08 15:50:36.972, 2, 100, 3, 97887
2026/07/08 15:50:36.983, 3, 100, 3, 97887
2026/07/08 15:50:36.999, 4, 0, 3, 97887
2026/07/08 15:50:37.014, 5, 0, 3, 97887
2026/07/08 15:50:37.029, 6, 0, 3, 97887
2026/07/08 15:50:37.044, 7, 0, 3, 97887
2026/07/08 15:50:38.058, 0, 0, 85456, 97887
2026/07/08 15:50:38.075, 1, 0, 87488, 97887
2026/07/08 15:50:38.091, 2, 100, 3, 97887
2026/07/08 15:50:38.107, 3, 100, 3, 97887
2026/07/08 15:50:38.123, 4, 0, 3, 97887
2026/07/08 15:50:38.139, 5, 0, 3, 97887
2026/07/08 15:50:38.158, 6, 0, 3, 97887
2026/07/08 15:50:38.174, 7, 0, 3, 97887
2026/07/08 15:50:39.187, 0, 0, 85456, 97887
2026/07/08 15:50:39.202, 1, 0, 87488, 97887
2026/07/08 15:50:39.216, 2, 100, 3, 97887
2026/07/08 15:50:39.234, 3, 100, 3, 97887
2026/07/08 15:50:39.251, 4, 0, 3, 97887
2026/07/08 15:50:39.268, 5, 0, 3, 97887
2026/07/08 15:50:39.283, 6, 0, 3, 97887
2026/07/08 15:50:39.298, 7, 0, 3, 97887
2026/07/08 15:50:40.314, 0, 0, 85456, 97887
2026/07/08 15:50:40.336, 1, 0, 87488, 97887
2026/07/08 15:50:40.357, 2, 100, 3, 97887
2026/07/08 15:50:40.374, 3, 100, 3, 97887
2026/07/08 15:50:40.394, 4, 0, 3, 97887
2026/07/08 15:50:40.409, 5, 0, 3, 97887
2026/07/08 15:50:40.425, 6, 0, 3, 97887
2026/07/08 15:50:40.441, 7, 0, 3, 97887
2026/07/08 15:50:41.458, 0, 0, 85456, 97887
2026/07/08 15:50:41.477, 1, 0, 87488, 97887
2026/07/08 15:50:41.495, 2, 100, 3, 97887
2026/07/08 15:50:41.511, 3, 100, 3, 97887
2026/07/08 15:50:41.527, 4, 0, 3, 97887
2026/07/08 15:50:41.542, 5, 0, 3, 97887
2026/07/08 15:50:41.556, 6, 0, 3, 97887
2026/07/08 15:50:41.570, 7, 0, 3, 97887
2026/07/08 15:50:42.585, 0, 0, 85456, 97887
2026/07/08 15:50:42.602, 1, 0, 87488, 97887
2026/07/08 15:50:42.618, 2, 100, 3, 97887
2026/07/08 15:50:42.633, 3, 100, 3, 97887
2026/07/08 15:50:42.650, 4, 0, 3, 97887
2026/07/08 15:50:42.662, 5, 0, 3, 97887
2026/07/08 15:50:42.675, 6, 0, 3, 97887
2026/07/08 15:50:42.692, 7, 0, 3, 97887
2026/07/08 15:50:43.708, 0, 0, 85456, 97887
2026/07/08 15:50:43.724, 1, 0, 87488, 97887
2026/07/08 15:50:43.741, 2, 100, 3, 97887
2026/07/08 15:50:43.759, 3, 100, 3, 97887
2026/07/08 15:50:43.774, 4, 0, 3, 97887
2026/07/08 15:50:43.788, 5, 0, 3, 97887
2026/07/08 15:50:43.804, 6, 0, 3, 97887
2026/07/08 15:50:43.822, 7, 0, 3, 97887
2026/07/08 15:50:44.837, 0, 0, 85456, 97887
2026/07/08 15:50:44.852, 1, 0, 87488, 97887
2026/07/08 15:50:44.868, 2, 100, 3, 97887
2026/07/08 15:50:44.884, 3, 100, 3, 97887
2026/07/08 15:50:44.900, 4, 0, 3, 97887
2026/07/08 15:50:44.916, 5, 0, 3, 97887
2026/07/08 15:50:44.930, 6, 0, 3, 97887
2026/07/08 15:50:44.949, 7, 0, 3, 97887
2026/07/08 15:50:45.965, 0, 0, 85456, 97887
2026/07/08 15:50:45.982, 1, 0, 87488, 97887
2026/07/08 15:50:45.997, 2, 100, 3, 97887
2026/07/08 15:50:46.014, 3, 100, 3, 97887
2026/07/08 15:50:46.029, 4, 0, 3, 97887
2026/07/08 15:50:46.045, 5, 0, 3, 97887
2026/07/08 15:50:46.058, 6, 0, 3, 97887
2026/07/08 15:50:46.073, 7, 0, 3, 97887
2026/07/08 15:50:47.088, 0, 0, 85456, 97887
2026/07/08 15:50:47.105, 1, 0, 87488, 97887
2026/07/08 15:50:47.122, 2, 100, 3, 97887
2026/07/08 15:50:47.139, 3, 100, 3, 97887
2026/07/08 15:50:47.158, 4, 0, 3, 97887
2026/07/08 15:50:47.173, 5, 0, 3, 97887
2026/07/08 15:50:47.188, 6, 0, 3, 97887
2026/07/08 15:50:47.202, 7, 0, 3, 97887
2026/07/08 15:50:48.218, 0, 0, 85456, 97887
2026/07/08 15:50:48.236, 1, 0, 87488, 97887
2026/07/08 15:50:48.252, 2, 100, 3, 97887
2026/07/08 15:50:48.266, 3, 100, 3, 97887
2026/07/08 15:50:48.283, 4, 0, 3, 97887
2026/07/08 15:50:48.301, 5, 0, 3, 97887
2026/07/08 15:50:48.320, 6, 0, 3, 97887
2026/07/08 15:50:48.337, 7, 0, 3, 97887
2026/07/08 15:50:49.355, 0, 0, 85456, 97887
2026/07/08 15:50:49.371, 1, 0, 87488, 97887
2026/07/08 15:50:49.385, 2, 100, 3, 97887
2026/07/08 15:50:49.400, 3, 100, 3, 97887
2026/07/08 15:50:49.412, 4, 0, 3, 97887
2026/07/08 15:50:49.425, 5, 0, 3, 97887
2026/07/08 15:50:49.439, 6, 0, 3, 97887
2026/07/08 15:50:49.454, 7, 0, 3, 97887
2026/07/08 15:50:50.465, 0, 0, 85456, 97887
2026/07/08 15:50:50.482, 1, 0, 87488, 97887
2026/07/08 15:50:50.498, 2, 100, 3, 97887
2026/07/08 15:50:50.511, 3, 100, 3, 97887
2026/07/08 15:50:50.526, 4, 0, 3, 97887
2026/07/08 15:50:50.542, 5, 0, 3, 97887
2026/07/08 15:50:50.558, 6, 0, 3, 97887
2026/07/08 15:50:50.570, 7, 0, 3, 97887
2026/07/08 15:50:51.583, 0, 0, 85456, 97887
2026/07/08 15:50:51.602, 1, 0, 87488, 97887
2026/07/08 15:50:51.620, 2, 100, 3, 97887
2026/07/08 15:50:51.634, 3, 100, 3, 97887
2026/07/08 15:50:51.652, 4, 0, 3, 97887
2026/07/08 15:50:51.669, 5, 0, 3, 97887
2026/07/08 15:50:51.683, 6, 0, 3, 97887
2026/07/08 15:50:51.699, 7, 0, 3, 97887
2026/07/08 15:50:52.716, 0, 0, 85456, 97887
2026/07/08 15:50:52.731, 1, 0, 87488, 97887
2026/07/08 15:50:52.744, 2, 100, 3, 97887
2026/07/08 15:50:52.758, 3, 100, 3, 97887
2026/07/08 15:50:52.772, 4, 0, 3, 97887
2026/07/08 15:50:52.787, 5, 0, 3, 97887
2026/07/08 15:50:52.804, 6, 0, 3, 97887
2026/07/08 15:50:52.817, 7, 0, 3, 97887
2026/07/08 15:50:53.832, 0, 0, 85456, 97887
2026/07/08 15:50:53.847, 1, 0, 87488, 97887
2026/07/08 15:50:53.862, 2, 100, 3, 97887
2026/07/08 15:50:53.877, 3, 100, 3, 97887
2026/07/08 15:50:53.891, 4, 0, 3, 97887
2026/07/08 15:50:53.907, 5, 0, 3, 97887
2026/07/08 15:50:53.921, 6, 0, 3, 97887
2026/07/08 15:50:53.935, 7, 0, 3, 97887
2026/07/08 15:50:54.946, 0, 0, 85456, 97887
2026/07/08 15:50:54.964, 1, 0, 87488, 97887
2026/07/08 15:50:54.978, 2, 100, 3, 97887
2026/07/08 15:50:54.992, 3, 100, 3, 97887
2026/07/08 15:50:55.007, 4, 0, 3, 97887
2026/07/08 15:50:55.022, 5, 0, 3, 97887
2026/07/08 15:50:55.038, 6, 0, 3, 97887
2026/07/08 15:50:55.054, 7, 0, 3, 97887
2026/07/08 15:50:56.070, 0, 0, 85456, 97887
2026/07/08 15:50:56.079, 1, 0, 87488, 97887
2026/07/08 15:50:56.087, 2, 100, 3, 97887
2026/07/08 15:50:56.095, 3, 100, 3, 97887
2026/07/08 15:50:56.104, 4, 0, 3, 97887
2026/07/08 15:50:56.114, 5, 0, 3, 97887
2026/07/08 15:50:56.127, 6, 0, 3, 97887
2026/07/08 15:50:56.139, 7, 0, 3, 97887
2026/07/08 15:50:57.154, 0, 0, 85456, 97887
2026/07/08 15:50:57.169, 1, 0, 87488, 97887
2026/07/08 15:50:57.186, 2, 100, 3, 97887
2026/07/08 15:50:57.202, 3, 100, 3, 97887
2026/07/08 15:50:57.216, 4, 0, 3, 97887
2026/07/08 15:50:57.229, 5, 0, 3, 97887
2026/07/08 15:50:57.235, 6, 0, 3, 97887
2026/07/08 15:50:57.247, 7, 0, 3, 97887
2026/07/08 15:50:58.258, 0, 0, 85456, 97887
2026/07/08 15:50:58.270, 1, 0, 87488, 97887
2026/07/08 15:50:58.283, 2, 100, 3, 97887
2026/07/08 15:50:58.297, 3, 100, 3, 97887
2026/07/08 15:50:58.312, 4, 0, 3, 97887
2026/07/08 15:50:58.326, 5, 0, 3, 97887
2026/07/08 15:50:58.342, 6, 0, 3, 97887
2026/07/08 15:50:58.360, 7, 0, 3, 97887
2026/07/08 15:50:59.378, 0, 0, 85456, 97887
2026/07/08 15:50:59.396, 1, 0, 87488, 97887
2026/07/08 15:50:59.412, 2, 100, 3, 97887
2026/07/08 15:50:59.424, 3, 100, 3, 97887
2026/07/08 15:50:59.438, 4, 0, 3, 97887
2026/07/08 15:50:59.451, 5, 0, 3, 97887
2026/07/08 15:50:59.466, 6, 0, 3, 97887
2026/07/08 15:50:59.480, 7, 0, 3, 97887
2026/07/08 15:51:00.493, 0, 0, 85456, 97887
2026/07/08 15:51:00.512, 1, 0, 87488, 97887
2026/07/08 15:51:00.530, 2, 100, 3, 97887
2026/07/08 15:51:00.546, 3, 100, 3, 97887
2026/07/08 15:51:00.563, 4, 0, 3, 97887
2026/07/08 15:51:00.580, 5, 0, 3, 97887
2026/07/08 15:51:00.597, 6, 0, 3, 97887
2026/07/08 15:51:00.616, 7, 0, 3, 97887
2026/07/08 15:51:01.633, 0, 0, 85456, 97887
2026/07/08 15:51:01.651, 1, 0, 87488, 97887
2026/07/08 15:51:01.665, 2, 100, 3, 97887
2026/07/08 15:51:01.681, 3, 100, 3, 97887
2026/07/08 15:51:01.697, 4, 0, 3, 97887
2026/07/08 15:51:01.715, 5, 0, 3, 97887
2026/07/08 15:51:01.730, 6, 0, 3, 97887
2026/07/08 15:51:01.747, 7, 0, 3, 97887
2026/07/08 15:51:02.764, 0, 0, 85456, 97887
2026/07/08 15:51:02.781, 1, 0, 87488, 97887
2026/07/08 15:51:02.797, 2, 100, 3, 97887
2026/07/08 15:51:02.814, 3, 100, 3, 97887
2026/07/08 15:51:02.830, 4, 0, 3, 97887
2026/07/08 15:51:02.847, 5, 0, 3, 97887
2026/07/08 15:51:02.865, 6, 0, 3, 97887
2026/07/08 15:51:02.881, 7, 0, 3, 97887
2026/07/08 15:51:03.898, 0, 0, 85456, 97887
2026/07/08 15:51:03.916, 1, 0, 87488, 97887
2026/07/08 15:51:03.933, 2, 100, 3, 97887
2026/07/08 15:51:03.950, 3, 100, 3, 97887
2026/07/08 15:51:03.965, 4, 0, 3, 97887
2026/07/08 15:51:03.981, 5, 0, 3, 97887
2026/07/08 15:51:03.998, 6, 0, 3, 97887
2026/07/08 15:51:04.014, 7, 0, 3, 97887
2026/07/08 15:51:05.030, 0, 0, 85456, 97887
2026/07/08 15:51:05.047, 1, 0, 87488, 97887
2026/07/08 15:51:05.063, 2, 100, 3, 97887
2026/07/08 15:51:05.080, 3, 100, 3, 97887
2026/07/08 15:51:05.095, 4, 0, 3, 97887
2026/07/08 15:51:05.111, 5, 0, 3, 97887
2026/07/08 15:51:05.128, 6, 0, 3, 97887
2026/07/08 15:51:05.144, 7, 0, 3, 97887
2026/07/08 15:51:06.160, 0, 0, 85456, 97887
2026/07/08 15:51:06.175, 1, 0, 87488, 97887
2026/07/08 15:51:06.189, 2, 100, 3, 97887
2026/07/08 15:51:06.207, 3, 100, 3, 97887
2026/07/08 15:51:06.221, 4, 0, 3, 97887
2026/07/08 15:51:06.236, 5, 0, 3, 97887
2026/07/08 15:51:06.251, 6, 0, 3, 97887
2026/07/08 15:51:06.264, 7, 0, 3, 97887
2026/07/08 15:51:07.279, 0, 0, 85456, 97887
2026/07/08 15:51:07.294, 1, 0, 87488, 97887
2026/07/08 15:51:07.309, 2, 100, 3, 97887
2026/07/08 15:51:07.323, 3, 100, 3, 97887
2026/07/08 15:51:07.337, 4, 0, 3, 97887
2026/07/08 15:51:07.351, 5, 0, 3, 97887
2026/07/08 15:51:07.367, 6, 0, 3, 97887
2026/07/08 15:51:07.382, 7, 0, 3, 97887
2026/07/08 15:51:08.399, 0, 0, 85456, 97887
2026/07/08 15:51:08.416, 1, 0, 87488, 97887
2026/07/08 15:51:08.430, 2, 100, 3, 97887
2026/07/08 15:51:08.446, 3, 100, 3, 97887
2026/07/08 15:51:08.461, 4, 0, 3, 97887
2026/07/08 15:51:08.477, 5, 0, 3, 97887
2026/07/08 15:51:08.494, 6, 0, 3, 97887
2026/07/08 15:51:08.509, 7, 0, 3, 97887
2026/07/08 15:51:09.523, 0, 0, 85456, 97887
2026/07/08 15:51:09.540, 1, 0, 87488, 97887
2026/07/08 15:51:09.555, 2, 100, 3, 97887
2026/07/08 15:51:09.575, 3, 100, 3, 97887
2026/07/08 15:51:09.592, 4, 0, 3, 97887
2026/07/08 15:51:09.610, 5, 0, 3, 97887
2026/07/08 15:51:09.628, 6, 0, 3, 97887
2026/07/08 15:51:09.645, 7, 0, 3, 97887
2026/07/08 15:51:10.662, 0, 0, 85456, 97887
2026/07/08 15:51:10.677, 1, 0, 87488, 97887
2026/07/08 15:51:10.694, 2, 100, 3, 97887
2026/07/08 15:51:10.710, 3, 100, 3, 97887
2026/07/08 15:51:10.723, 4, 0, 3, 97887
2026/07/08 15:51:10.735, 5, 0, 3, 97887
2026/07/08 15:51:10.747, 6, 0, 3, 97887
2026/07/08 15:51:10.761, 7, 0, 3, 97887
2026/07/08 15:51:11.774, 0, 0, 85456, 97887
2026/07/08 15:51:11.792, 1, 0, 87488, 97887
2026/07/08 15:51:11.808, 2, 100, 3, 97887
2026/07/08 15:51:11.823, 3, 100, 3, 97887
2026/07/08 15:51:11.835, 4, 0, 3, 97887
2026/07/08 15:51:11.850, 5, 0, 3, 97887
2026/07/08 15:51:11.868, 6, 0, 3, 97887
2026/07/08 15:51:11.885, 7, 0, 3, 97887
2026/07/08 15:51:12.900, 0, 0, 85456, 97887
2026/07/08 15:51:12.916, 1, 0, 87488, 97887
2026/07/08 15:51:12.931, 2, 100, 3, 97887
2026/07/08 15:51:12.948, 3, 100, 3, 97887
2026/07/08 15:51:12.969, 4, 0, 3, 97887
2026/07/08 15:51:12.986, 5, 0, 3, 97887
2026/07/08 15:51:13.004, 6, 0, 3, 97887
2026/07/08 15:51:13.016, 7, 0, 3, 97887
2026/07/08 15:51:14.031, 0, 0, 85456, 97887
2026/07/08 15:51:14.047, 1, 0, 87488, 97887
2026/07/08 15:51:14.063, 2, 100, 3, 97887
2026/07/08 15:51:14.079, 3, 100, 3, 97887
2026/07/08 15:51:14.086, 4, 0, 3, 97887
2026/07/08 15:51:14.098, 5, 0, 3, 97887
2026/07/08 15:51:14.107, 6, 0, 3, 97887
2026/07/08 15:51:14.117, 7, 0, 3, 97887
2026/07/08 15:51:15.132, 0, 0, 85456, 97887
2026/07/08 15:51:15.148, 1, 0, 87488, 97887
2026/07/08 15:51:15.163, 2, 100, 3, 97887
2026/07/08 15:51:15.178, 3, 100, 3, 97887
2026/07/08 15:51:15.192, 4, 0, 3, 97887
2026/07/08 15:51:15.205, 5, 0, 3, 97887
2026/07/08 15:51:15.221, 6, 0, 3, 97887
2026/07/08 15:51:15.234, 7, 0, 3, 97887
2026/07/08 15:51:16.249, 0, 0, 85456, 97887
2026/07/08 15:51:16.267, 1, 0, 87488, 97887
2026/07/08 15:51:16.286, 2, 100, 3, 97887
2026/07/08 15:51:16.303, 3, 100, 3, 97887
2026/07/08 15:51:16.319, 4, 0, 3, 97887
2026/07/08 15:51:16.336, 5, 0, 3, 97887
2026/07/08 15:51:16.352, 6, 0, 3, 97887
2026/07/08 15:51:16.369, 7, 0, 3, 97887
2026/07/08 15:51:17.385, 0, 0, 85456, 97887
2026/07/08 15:51:17.402, 1, 0, 87488, 97887
2026/07/08 15:51:17.420, 2, 100, 3, 97887
2026/07/08 15:51:17.438, 3, 100, 3, 97887
2026/07/08 15:51:17.457, 4, 0, 3, 97887
2026/07/08 15:51:17.477, 5, 0, 3, 97887
2026/07/08 15:51:17.497, 6, 0, 3, 97887
2026/07/08 15:51:17.516, 7, 0, 3, 97887
2026/07/08 15:51:18.534, 0, 0, 85456, 97887
2026/07/08 15:51:18.551, 1, 0, 87488, 97887
2026/07/08 15:51:18.570, 2, 100, 3, 97887
2026/07/08 15:51:18.586, 3, 100, 3, 97887
2026/07/08 15:51:18.602, 4, 0, 3, 97887
2026/07/08 15:51:18.617, 5, 0, 3, 97887
2026/07/08 15:51:18.632, 6, 0, 3, 97887
2026/07/08 15:51:18.648, 7, 0, 3, 97887
2026/07/08 15:51:19.665, 0, 26, 85330, 97887
2026/07/08 15:51:19.681, 1, 14, 87368, 97887
2026/07/08 15:51:19.697, 2, 100, 3, 97887
2026/07/08 15:51:19.712, 3, 100, 3, 97887
2026/07/08 15:51:19.726, 4, 0, 3, 97887
2026/07/08 15:51:19.741, 5, 0, 3, 97887
2026/07/08 15:51:19.759, 6, 0, 3, 97887
2026/07/08 15:51:19.774, 7, 0, 3, 97887
2026/07/08 15:51:20.790, 0, 0, 85255, 97887
2026/07/08 15:51:20.808, 1, 0, 87287, 97887
2026/07/08 15:51:20.822, 2, 100, 1, 97887
2026/07/08 15:51:20.838, 3, 100, 1, 97887
2026/07/08 15:51:20.853, 4, 0, 1, 97887
2026/07/08 15:51:20.866, 5, 0, 1, 97887
2026/07/08 15:51:20.882, 6, 0, 1, 97887
2026/07/08 15:51:20.899, 7, 0, 1, 97887
2026/07/08 15:51:21.916, 0, 0, 85255, 97887
2026/07/08 15:51:21.933, 1, 0, 87287, 97887
2026/07/08 15:51:21.950, 2, 100, 1, 97887
2026/07/08 15:51:21.967, 3, 100, 1, 97887
2026/07/08 15:51:21.984, 4, 0, 1, 97887
2026/07/08 15:51:22.000, 5, 0, 1, 97887
2026/07/08 15:51:22.018, 6, 0, 1, 97887
2026/07/08 15:51:22.036, 7, 0, 1, 97887
2026/07/08 15:51:23.052, 0, 0, 85255, 97887
2026/07/08 15:51:23.069, 1, 0, 87287, 97887
2026/07/08 15:51:23.085, 2, 100, 1, 97887
2026/07/08 15:51:23.101, 3, 100, 1, 97887
2026/07/08 15:51:23.117, 4, 0, 1, 97887
2026/07/08 15:51:23.135, 5, 0, 1, 97887
2026/07/08 15:51:23.149, 6, 0, 1, 97887
2026/07/08 15:51:23.163, 7, 0, 1, 97887
2026/07/08 15:51:24.178, 0, 0, 0, 97887
2026/07/08 15:51:33.646, 1, 0, 0, 97887
2026/07/08 15:51:33.663, 2, 100, 0, 97887
2026/07/08 15:51:33.678, 3, 100, 0, 97887
2026/07/08 15:51:33.693, 4, 0, 0, 97887
2026/07/08 15:51:33.708, 5, 0, 0, 97887
2026/07/08 15:51:33.724, 6, 0, 0, 97887
2026/07/08 15:51:33.740, 7, 0, 0, 97887
2026/07/08 15:51:34.755, 0, 0, 0, 97887
2026/07/08 15:51:34.770, 1, 0, 0, 97887
2026/07/08 15:51:34.785, 2, 100, 0, 97887
2026/07/08 15:51:34.799, 3, 100, 0, 97887
2026/07/08 15:51:34.813, 4, 0, 0, 97887
2026/07/08 15:51:34.827, 5, 0, 0, 97887
2026/07/08 15:51:34.843, 6, 0, 0, 97887
2026/07/08 15:51:34.858, 7, 0, 0, 97887
2026/07/08 15:51:35.873, 0, 0, 0, 97887
2026/07/08 15:51:35.888, 1, 0, 0, 97887
2026/07/08 15:51:35.904, 2, 100, 0, 97887
2026/07/08 15:51:35.918, 3, 100, 0, 97887
2026/07/08 15:51:35.932, 4, 0, 0, 97887
2026/07/08 15:51:35.948, 5, 0, 0, 97887
2026/07/08 15:51:35.963, 6, 0, 0, 97887
2026/07/08 15:51:35.981, 7, 0, 0, 97887
2026/07/08 15:51:36.996, 0, 0, 0, 97887
2026/07/08 15:51:37.012, 1, 0, 0, 97887
2026/07/08 15:51:37.025, 2, 100, 0, 97887
2026/07/08 15:51:37.039, 3, 100, 0, 97887
2026/07/08 15:51:37.053, 4, 0, 0, 97887
2026/07/08 15:51:37.068, 5, 0, 0, 97887
2026/07/08 15:51:37.081, 6, 0, 0, 97887
2026/07/08 15:51:37.093, 7, 0, 0, 97887
2026/07/08 15:51:38.108, 0, 0, 0, 97887
2026/07/08 15:51:38.123, 1, 0, 0, 97887
2026/07/08 15:51:38.137, 2, 100, 0, 97887
2026/07/08 15:51:38.152, 3, 100, 0, 97887
2026/07/08 15:51:38.166, 4, 0, 0, 97887
2026/07/08 15:51:38.180, 5, 0, 0, 97887
2026/07/08 15:51:38.195, 6, 0, 0, 97887
2026/07/08 15:51:38.209, 7, 0, 0, 97887
2026/07/08 15:51:39.225, 0, 0, 0, 97887
2026/07/08 15:51:39.241, 1, 0, 0, 97887
2026/07/08 15:51:39.255, 2, 100, 0, 97887
2026/07/08 15:51:39.270, 3, 100, 0, 97887
2026/07/08 15:51:39.281, 4, 0, 0, 97887
2026/07/08 15:51:39.293, 5, 0, 0, 97887
2026/07/08 15:51:39.309, 6, 0, 0, 97887
2026/07/08 15:51:39.324, 7, 0, 0, 97887
2026/07/08 15:51:40.339, 0, 0, 0, 97887
2026/07/08 15:51:40.354, 1, 0, 0, 97887
2026/07/08 15:51:40.369, 2, 100, 0, 97887
2026/07/08 15:51:40.385, 3, 100, 0, 97887
2026/07/08 15:51:40.399, 4, 0, 0, 97887
2026/07/08 15:51:40.411, 5, 0, 0, 97887
2026/07/08 15:51:40.424, 6, 0, 0, 97887
2026/07/08 15:51:40.440, 7, 0, 0, 97887
2026/07/08 15:51:41.455, 0, 0, 0, 97887
2026/07/08 15:51:41.469, 1, 0, 0, 97887
2026/07/08 15:51:41.483, 2, 100, 0, 97887
2026/07/08 15:51:41.497, 3, 100, 0, 97887
2026/07/08 15:51:41.511, 4, 0, 0, 97887
2026/07/08 15:51:41.524, 5, 0, 0, 97887
2026/07/08 15:51:41.538, 6, 0, 0, 97887
2026/07/08 15:51:41.551, 7, 0, 0, 97887
2026/07/08 15:51:42.566, 0, 0, 0, 97887
2026/07/08 15:51:42.581, 1, 0, 0, 97887
2026/07/08 15:51:42.595, 2, 100, 0, 97887
2026/07/08 15:51:42.610, 3, 100, 0, 97887
2026/07/08 15:51:42.625, 4, 0, 0, 97887
2026/07/08 15:51:42.640, 5, 0, 0, 97887
2026/07/08 15:51:42.656, 6, 0, 0, 97887
2026/07/08 15:51:42.671, 7, 0, 0, 97887
2026/07/08 15:51:43.686, 0, 0, 0, 97887
2026/07/08 15:51:43.702, 1, 0, 0, 97887
2026/07/08 15:51:43.718, 2, 100, 0, 97887
2026/07/08 15:51:43.734, 3, 100, 0, 97887
2026/07/08 15:51:43.750, 4, 0, 0, 97887
2026/07/08 15:51:43.765, 5, 0, 0, 97887
2026/07/08 15:51:43.781, 6, 0, 0, 97887
2026/07/08 15:51:43.795, 7, 0, 0, 97887
2026/07/08 15:51:44.809, 0, 0, 0, 97887
2026/07/08 15:51:44.826, 1, 0, 0, 97887
2026/07/08 15:51:44.842, 2, 100, 0, 97887
2026/07/08 15:51:44.857, 3, 100, 0, 97887
2026/07/08 15:51:44.874, 4, 0, 0, 97887
2026/07/08 15:51:44.889, 5, 0, 0, 97887
2026/07/08 15:51:44.905, 6, 0, 0, 97887
2026/07/08 15:51:44.922, 7, 0, 0, 97887
2026/07/08 15:51:45.938, 0, 0, 0, 97887
2026/07/08 15:51:45.954, 1, 0, 0, 97887
2026/07/08 15:51:45.970, 2, 100, 0, 97887
2026/07/08 15:51:45.986, 3, 100, 0, 97887
2026/07/08 15:51:46.001, 4, 0, 0, 97887
2026/07/08 15:51:46.015, 5, 0, 0, 97887
2026/07/08 15:51:46.030, 6, 0, 0, 97887
2026/07/08 15:51:46.045, 7, 0, 0, 97887
2026/07/08 15:51:47.060, 0, 0, 0, 97887
2026/07/08 15:51:47.075, 1, 0, 0, 97887
2026/07/08 15:51:47.089, 2, 100, 0, 97887
2026/07/08 15:51:47.102, 3, 100, 0, 97887
2026/07/08 15:51:47.115, 4, 0, 0, 97887
2026/07/08 15:51:47.130, 5, 0, 0, 97887
2026/07/08 15:51:47.144, 6, 0, 0, 97887
2026/07/08 15:51:47.157, 7, 0, 0, 97887
2026/07/08 15:51:48.172, 0, 0, 0, 97887
2026/07/08 15:51:48.189, 1, 0, 0, 97887
2026/07/08 15:51:48.204, 2, 100, 0, 97887
2026/07/08 15:51:48.220, 3, 100, 0, 97887
2026/07/08 15:51:48.235, 4, 0, 0, 97887
2026/07/08 15:51:48.251, 5, 0, 0, 97887
2026/07/08 15:51:48.266, 6, 0, 0, 97887
2026/07/08 15:51:48.281, 7, 0, 0, 97887
2026/07/08 15:51:49.296, 0, 0, 0, 97887
2026/07/08 15:51:49.313, 1, 0, 0, 97887
2026/07/08 15:51:49.330, 2, 100, 0, 97887
2026/07/08 15:51:49.344, 3, 100, 0, 97887
2026/07/08 15:51:49.361, 4, 0, 0, 97887
2026/07/08 15:51:49.375, 5, 0, 0, 97887
2026/07/08 15:51:49.389, 6, 0, 0, 97887
2026/07/08 15:51:49.403, 7, 0, 0, 97887
2026/07/08 15:51:50.416, 0, 0, 0, 97887
2026/07/08 15:51:50.429, 1, 0, 0, 97887
2026/07/08 15:51:50.445, 2, 100, 0, 97887
2026/07/08 15:51:50.458, 3, 100, 0, 97887
2026/07/08 15:51:50.473, 4, 0, 0, 97887
2026/07/08 15:51:50.488, 5, 0, 0, 97887
2026/07/08 15:51:50.503, 6, 0, 0, 97887
2026/07/08 15:51:50.517, 7, 0, 0, 97887
2026/07/08 15:51:51.532, 0, 0, 0, 97887
2026/07/08 15:51:51.549, 1, 0, 0, 97887
2026/07/08 15:51:51.565, 2, 100, 0, 97887
2026/07/08 15:51:51.581, 3, 100, 0, 97887
2026/07/08 15:51:51.595, 4, 0, 0, 97887
2026/07/08 15:51:51.611, 5, 0, 0, 97887
2026/07/08 15:51:51.627, 6, 0, 0, 97887
2026/07/08 15:51:51.643, 7, 0, 0, 97887
2026/07/08 15:51:52.657, 0, 0, 0, 97887
2026/07/08 15:51:52.671, 1, 0, 0, 97887
2026/07/08 15:51:52.686, 2, 100, 0, 97887
2026/07/08 15:51:52.700, 3, 100, 0, 97887
2026/07/08 15:51:52.713, 4, 0, 0, 97887
2026/07/08 15:51:52.727, 5, 0, 0, 97887
2026/07/08 15:51:52.742, 6, 0, 0, 97887
2026/07/08 15:51:52.755, 7, 0, 0, 97887
2026/07/08 15:51:53.771, 0, 0, 0, 97887
2026/07/08 15:51:53.787, 1, 0, 0, 97887
2026/07/08 15:51:53.803, 2, 100, 0, 97887
2026/07/08 15:51:53.820, 3, 100, 0, 97887
2026/07/08 15:51:53.836, 4, 0, 0, 97887
2026/07/08 15:51:53.852, 5, 0, 0, 97887
2026/07/08 15:51:53.868, 6, 0, 0, 97887
2026/07/08 15:51:53.883, 7, 0, 0, 97887
2026/07/08 15:51:54.898, 0, 0, 0, 97887
2026/07/08 15:51:54.911, 1, 0, 0, 97887
2026/07/08 15:51:54.926, 2, 100, 0, 97887
2026/07/08 15:51:54.937, 3, 100, 0, 97887
2026/07/08 15:51:54.950, 4, 0, 0, 97887
2026/07/08 15:51:54.963, 5, 0, 0, 97887
2026/07/08 15:51:54.977, 6, 0, 0, 97887
2026/07/08 15:51:54.990, 7, 0, 0, 97887
2026/07/08 15:51:56.003, 0, 0, 0, 97887
2026/07/08 15:51:56.017, 1, 0, 0, 97887
2026/07/08 15:51:56.031, 2, 100, 0, 97887
2026/07/08 15:51:56.046, 3, 100, 0, 97887
2026/07/08 15:51:56.060, 4, 0, 0, 97887
2026/07/08 15:51:56.074, 5, 0, 0, 97887
2026/07/08 15:51:56.087, 6, 0, 0, 97887
2026/07/08 15:51:56.099, 7, 0, 0, 97887
2026/07/08 15:51:57.110, 0, 0, 0, 97887
2026/07/08 15:51:57.125, 1, 0, 0, 97887
2026/07/08 15:51:57.139, 2, 100, 0, 97887
2026/07/08 15:51:57.156, 3, 100, 0, 97887
2026/07/08 15:51:57.172, 4, 0, 0, 97887
2026/07/08 15:51:57.186, 5, 0, 0, 97887
2026/07/08 15:51:57.200, 6, 0, 0, 97887
2026/07/08 15:51:57.214, 7, 0, 0, 97887
2026/07/08 15:51:58.225, 0, 0, 0, 97887
2026/07/08 15:51:58.239, 1, 0, 0, 97887
2026/07/08 15:51:58.252, 2, 100, 0, 97887
2026/07/08 15:51:58.268, 3, 100, 0, 97887
2026/07/08 15:51:58.283, 4, 0, 0, 97887
2026/07/08 15:51:58.300, 5, 0, 0, 97887
2026/07/08 15:51:58.315, 6, 0, 0, 97887
2026/07/08 15:51:58.330, 7, 0, 0, 97887
2026/07/08 15:51:59.346, 0, 0, 0, 97887
2026/07/08 15:51:59.359, 1, 0, 0, 97887
2026/07/08 15:51:59.371, 2, 100, 0, 97887
2026/07/08 15:51:59.384, 3, 100, 0, 97887
2026/07/08 15:51:59.395, 4, 0, 0, 97887
2026/07/08 15:51:59.408, 5, 0, 0, 97887
2026/07/08 15:51:59.421, 6, 0, 0, 97887
2026/07/08 15:51:59.436, 7, 0, 0, 97887
2026/07/08 15:52:00.449, 0, 0, 0, 97887
2026/07/08 15:52:00.460, 1, 0, 0, 97887
2026/07/08 15:52:00.472, 2, 100, 0, 97887
2026/07/08 15:52:00.488, 3, 100, 0, 97887
2026/07/08 15:52:00.502, 4, 0, 0, 97887
2026/07/08 15:52:00.517, 5, 0, 0, 97887
2026/07/08 15:52:00.532, 6, 0, 0, 97887
2026/07/08 15:52:00.545, 7, 0, 0, 97887
2026/07/08 15:52:01.559, 0, 0, 0, 97887
2026/07/08 15:52:01.574, 1, 0, 0, 97887
2026/07/08 15:52:01.589, 2, 100, 0, 97887
2026/07/08 15:52:01.605, 3, 100, 0, 97887
2026/07/08 15:52:01.619, 4, 0, 0, 97887
2026/07/08 15:52:01.635, 5, 0, 0, 97887
2026/07/08 15:52:01.650, 6, 0, 0, 97887
2026/07/08 15:52:01.667, 7, 0, 0, 97887
2026/07/08 15:52:02.680, 0, 0, 0, 97887
2026/07/08 15:52:02.696, 1, 0, 0, 97887
2026/07/08 15:52:02.712, 2, 100, 0, 97887
2026/07/08 15:52:02.727, 3, 100, 0, 97887
2026/07/08 15:52:02.741, 4, 0, 0, 97887
2026/07/08 15:52:02.756, 5, 0, 0, 97887
2026/07/08 15:52:02.771, 6, 0, 0, 97887
2026/07/08 15:52:02.786, 7, 0, 0, 97887
2026/07/08 15:52:03.802, 0, 0, 0, 97887
2026/07/08 15:52:03.818, 1, 0, 0, 97887
2026/07/08 15:52:03.834, 2, 100, 0, 97887
2026/07/08 15:52:03.847, 3, 100, 0, 97887
2026/07/08 15:52:03.864, 4, 0, 0, 97887
2026/07/08 15:52:03.876, 5, 0, 0, 97887
2026/07/08 15:52:03.890, 6, 0, 0, 97887
2026/07/08 15:52:03.903, 7, 0, 0, 97887
2026/07/08 15:52:04.917, 0, 0, 0, 97887
2026/07/08 15:52:04.930, 1, 0, 0, 97887
2026/07/08 15:52:04.939, 2, 100, 0, 97887
2026/07/08 15:52:04.949, 3, 100, 0, 97887
2026/07/08 15:52:04.962, 4, 0, 0, 97887
2026/07/08 15:52:04.975, 5, 0, 0, 97887
2026/07/08 15:52:04.989, 6, 0, 0, 97887
2026/07/08 15:52:05.003, 7, 0, 0, 97887
2026/07/08 15:52:06.014, 0, 0, 0, 97887
2026/07/08 15:52:06.030, 1, 0, 0, 97887
2026/07/08 15:52:06.046, 2, 100, 0, 97887
2026/07/08 15:52:06.061, 3, 100, 0, 97887
2026/07/08 15:52:06.074, 4, 0, 0, 97887
2026/07/08 15:52:06.086, 5, 0, 0, 97887
2026/07/08 15:52:06.099, 6, 0, 0, 97887
2026/07/08 15:52:06.113, 7, 0, 0, 97887
2026/07/08 15:52:07.128, 0, 0, 0, 97887
2026/07/08 15:52:07.146, 1, 0, 0, 97887
2026/07/08 15:52:07.162, 2, 100, 0, 97887
2026/07/08 15:52:07.176, 3, 100, 0, 97887
2026/07/08 15:52:07.190, 4, 0, 0, 97887
2026/07/08 15:52:07.202, 5, 0, 0, 97887
2026/07/08 15:52:07.212, 6, 0, 0, 97887
2026/07/08 15:52:07.223, 7, 0, 0, 97887
2026/07/08 15:52:08.235, 0, 0, 0, 97887
2026/07/08 15:52:08.252, 1, 0, 0, 97887
2026/07/08 15:52:08.266, 2, 100, 0, 97887
2026/07/08 15:52:08.280, 3, 100, 0, 97887
2026/07/08 15:52:08.297, 4, 0, 0, 97887
2026/07/08 15:52:08.311, 5, 0, 0, 97887
2026/07/08 15:52:08.324, 6, 0, 0, 97887
2026/07/08 15:52:08.336, 7, 0, 0, 97887
2026/07/08 15:52:09.350, 0, 0, 0, 97887
2026/07/08 15:52:09.364, 1, 0, 0, 97887
2026/07/08 15:52:09.380, 2, 100, 0, 97887
2026/07/08 15:52:09.395, 3, 100, 0, 97887
2026/07/08 15:52:09.408, 4, 0, 0, 97887
2026/07/08 15:52:09.421, 5, 0, 0, 97887
2026/07/08 15:52:09.436, 6, 0, 0, 97887
2026/07/08 15:52:09.450, 7, 0, 0, 97887
2026/07/08 15:52:10.465, 0, 0, 0, 97887
2026/07/08 15:52:10.481, 1, 0, 0, 97887
2026/07/08 15:52:10.496, 2, 100, 0, 97887
2026/07/08 15:52:10.511, 3, 100, 0, 97887
2026/07/08 15:52:10.526, 4, 0, 0, 97887
2026/07/08 15:52:10.544, 5, 0, 0, 97887
2026/07/08 15:52:10.559, 6, 0, 0, 97887
2026/07/08 15:52:10.575, 7, 0, 0, 97887
2026/07/08 15:52:11.591, 0, 0, 0, 97887
2026/07/08 15:52:11.605, 1, 0, 0, 97887
2026/07/08 15:52:11.620, 2, 100, 0, 97887
2026/07/08 15:52:11.636, 3, 100, 0, 97887
2026/07/08 15:52:11.651, 4, 0, 0, 97887
2026/07/08 15:52:11.666, 5, 0, 0, 97887
2026/07/08 15:52:11.682, 6, 0, 0, 97887
2026/07/08 15:52:11.697, 7, 0, 0, 97887
2026/07/08 15:52:12.712, 0, 0, 0, 97887
2026/07/08 15:52:12.724, 1, 0, 0, 97887
2026/07/08 15:52:12.739, 2, 100, 0, 97887
2026/07/08 15:52:12.753, 3, 100, 0, 97887
2026/07/08 15:52:12.768, 4, 0, 0, 97887
2026/07/08 15:52:12.780, 5, 0, 0, 97887
2026/07/08 15:52:12.792, 6, 0, 0, 97887
2026/07/08 15:52:12.804, 7, 0, 0, 97887
2026/07/08 15:52:13.817, 0, 0, 0, 97887
2026/07/08 15:52:13.833, 1, 0, 0, 97887
2026/07/08 15:52:13.847, 2, 100, 0, 97887
2026/07/08 15:52:13.862, 3, 100, 0, 97887
2026/07/08 15:52:13.878, 4, 0, 0, 97887
2026/07/08 15:52:13.894, 5, 0, 0, 97887
2026/07/08 15:52:13.912, 6, 0, 0, 97887
2026/07/08 15:52:13.928, 7, 0, 0, 97887
2026/07/08 15:52:14.943, 0, 0, 0, 97887
2026/07/08 15:52:14.958, 1, 0, 0, 97887
2026/07/08 15:52:14.974, 2, 100, 0, 97887
2026/07/08 15:52:14.989, 3, 100, 0, 97887
2026/07/08 15:52:15.006, 4, 0, 0, 97887
2026/07/08 15:52:15.023, 5, 0, 0, 97887
2026/07/08 15:52:15.039, 6, 0, 0, 97887
2026/07/08 15:52:15.055, 7, 0, 0, 97887
2026/07/08 15:52:16.071, 0, 0, 0, 97887
2026/07/08 15:52:16.084, 1, 0, 0, 97887
2026/07/08 15:52:16.099, 2, 100, 0, 97887
2026/07/08 15:52:16.113, 3, 100, 0, 97887
2026/07/08 15:52:16.127, 4, 0, 0, 97887
2026/07/08 15:52:16.141, 5, 0, 0, 97887
2026/07/08 15:52:16.155, 6, 0, 0, 97887
2026/07/08 15:52:16.170, 7, 0, 0, 97887
2026/07/08 15:52:17.185, 0, 0, 0, 97887
2026/07/08 15:52:17.200, 1, 0, 0, 97887
2026/07/08 15:52:17.215, 2, 100, 0, 97887
2026/07/08 15:52:17.229, 3, 100, 0, 97887
2026/07/08 15:52:17.246, 4, 0, 0, 97887
2026/07/08 15:52:17.261, 5, 0, 0, 97887
2026/07/08 15:52:17.277, 6, 0, 0, 97887
2026/07/08 15:52:17.295, 7, 0, 0, 97887
2026/07/08 15:52:18.310, 0, 0, 0, 97887
2026/07/08 15:52:18.324, 1, 0, 0, 97887
2026/07/08 15:52:18.340, 2, 100, 0, 97887
2026/07/08 15:52:18.356, 3, 100, 0, 97887
2026/07/08 15:52:18.371, 4, 0, 0, 97887
2026/07/08 15:52:18.385, 5, 0, 0, 97887
2026/07/08 15:52:18.401, 6, 0, 0, 97887
2026/07/08 15:52:18.417, 7, 0, 0, 97887
2026/07/08 15:52:19.432, 0, 0, 0, 97887
2026/07/08 15:52:19.448, 1, 0, 0, 97887
2026/07/08 15:52:19.463, 2, 100, 0, 97887
2026/07/08 15:52:19.478, 3, 100, 0, 97887
2026/07/08 15:52:19.492, 4, 0, 0, 97887
2026/07/08 15:52:19.506, 5, 0, 0, 97887
2026/07/08 15:52:19.521, 6, 0, 0, 97887
2026/07/08 15:52:19.536, 7, 0, 0, 97887
2026/07/08 15:52:20.549, 0, 0, 0, 97887
2026/07/08 15:52:20.561, 1, 0, 0, 97887
2026/07/08 15:52:20.574, 2, 100, 0, 97887
2026/07/08 15:52:20.587, 3, 100, 0, 97887
2026/07/08 15:52:20.601, 4, 0, 0, 97887
2026/07/08 15:52:20.613, 5, 0, 0, 97887
2026/07/08 15:52:20.626, 6, 0, 0, 97887
2026/07/08 15:52:20.640, 7, 0, 0, 97887
2026/07/08 15:52:21.654, 0, 0, 0, 97887
2026/07/08 15:52:21.665, 1, 0, 0, 97887
2026/07/08 15:52:21.680, 2, 100, 0, 97887
2026/07/08 15:52:21.696, 3, 100, 0, 97887
2026/07/08 15:52:21.711, 4, 0, 0, 97887
2026/07/08 15:52:21.726, 5, 0, 0, 97887
2026/07/08 15:52:21.741, 6, 0, 0, 97887
2026/07/08 15:52:21.757, 7, 0, 0, 97887
2026/07/08 15:52:22.773, 0, 0, 0, 97887
2026/07/08 15:52:22.787, 1, 0, 0, 97887
2026/07/08 15:52:22.801, 2, 100, 0, 97887
2026/07/08 15:52:22.815, 3, 100, 0, 97887
2026/07/08 15:52:22.830, 4, 0, 0, 97887
2026/07/08 15:52:22.845, 5, 0, 0, 97887
2026/07/08 15:52:22.859, 6, 0, 0, 97887
2026/07/08 15:52:22.874, 7, 0, 0, 97887
2026/07/08 15:52:23.888, 0, 0, 0, 97887
2026/07/08 15:52:23.902, 1, 0, 0, 97887
2026/07/08 15:52:23.915, 2, 100, 0, 97887
2026/07/08 15:52:23.929, 3, 100, 0, 97887
2026/07/08 15:52:23.942, 4, 0, 0, 97887
2026/07/08 15:52:23.958, 5, 0, 0, 97887
2026/07/08 15:52:23.971, 6, 0, 0, 97887
2026/07/08 15:52:23.984, 7, 0, 0, 97887
2026/07/08 15:52:25.000, 0, 0, 0, 97887
2026/07/08 15:52:25.016, 1, 0, 0, 97887
2026/07/08 15:52:25.031, 2, 100, 0, 97887
2026/07/08 15:52:25.046, 3, 100, 0, 97887
2026/07/08 15:52:25.061, 4, 0, 0, 97887
2026/07/08 15:52:25.076, 5, 0, 0, 97887
2026/07/08 15:52:25.092, 6, 0, 0, 97887
2026/07/08 15:52:25.108, 7, 0, 0, 97887
2026/07/08 15:52:26.124, 0, 0, 0, 97887
2026/07/08 15:52:26.140, 1, 0, 0, 97887
2026/07/08 15:52:26.155, 2, 100, 0, 97887
2026/07/08 15:52:26.170, 3, 100, 0, 97887
2026/07/08 15:52:26.183, 4, 0, 0, 97887
2026/07/08 15:52:26.195, 5, 0, 0, 97887
2026/07/08 15:52:26.209, 6, 0, 0, 97887
2026/07/08 15:52:26.223, 7, 0, 0, 97887
2026/07/08 15:52:27.238, 0, 0, 0, 97887
2026/07/08 15:52:27.253, 1, 0, 0, 97887
2026/07/08 15:52:27.268, 2, 100, 0, 97887
2026/07/08 15:52:27.282, 3, 100, 0, 97887
2026/07/08 15:52:27.297, 4, 0, 0, 97887
2026/07/08 15:52:27.311, 5, 0, 0, 97887
2026/07/08 15:52:27.326, 6, 0, 0, 97887
2026/07/08 15:52:27.341, 7, 0, 0, 97887
2026/07/08 15:52:28.357, 0, 0, 0, 97887
2026/07/08 15:52:28.371, 1, 0, 0, 97887
2026/07/08 15:52:28.385, 2, 100, 0, 97887
2026/07/08 15:52:28.400, 3, 100, 0, 97887
2026/07/08 15:52:28.417, 4, 0, 0, 97887
2026/07/08 15:52:28.431, 5, 0, 0, 97887
2026/07/08 15:52:28.446, 6, 0, 0, 97887
2026/07/08 15:52:28.460, 7, 0, 0, 97887
2026/07/08 15:52:29.476, 0, 0, 0, 97887
2026/07/08 15:52:29.490, 1, 0, 0, 97887
2026/07/08 15:52:29.504, 2, 100, 0, 97887
2026/07/08 15:52:29.518, 3, 100, 0, 97887
2026/07/08 15:52:29.534, 4, 0, 0, 97887
2026/07/08 15:52:29.549, 5, 0, 0, 97887
2026/07/08 15:52:29.566, 6, 0, 0, 97887
2026/07/08 15:52:29.583, 7, 0, 0, 97887
2026/07/08 15:52:30.599, 0, 0, 0, 97887
2026/07/08 15:52:30.614, 1, 0, 0, 97887
2026/07/08 15:52:30.629, 2, 100, 0, 97887
2026/07/08 15:52:30.644, 3, 100, 0, 97887
2026/07/08 15:52:30.659, 4, 0, 0, 97887
2026/07/08 15:52:30.674, 5, 0, 0, 97887
2026/07/08 15:52:30.689, 6, 0, 0, 97887
2026/07/08 15:52:30.704, 7, 0, 0, 97887
2026/07/08 15:52:31.719, 0, 0, 0, 97887
2026/07/08 15:52:31.736, 1, 0, 0, 97887
2026/07/08 15:52:31.753, 2, 100, 0, 97887
2026/07/08 15:52:31.767, 3, 100, 0, 97887
2026/07/08 15:52:31.782, 4, 0, 0, 97887
2026/07/08 15:52:31.798, 5, 0, 0, 97887
2026/07/08 15:52:31.814, 6, 0, 0, 97887
2026/07/08 15:52:31.830, 7, 0, 0, 97887
2026/07/08 15:52:32.845, 0, 0, 0, 97887
2026/07/08 15:52:32.858, 1, 0, 0, 97887
2026/07/08 15:52:32.874, 2, 100, 0, 97887
2026/07/08 15:52:32.890, 3, 100, 0, 97887
2026/07/08 15:52:32.907, 4, 0, 0, 97887
2026/07/08 15:52:32.921, 5, 0, 0, 97887
2026/07/08 15:52:32.936, 6, 0, 0, 97887
2026/07/08 15:52:32.951, 7, 0, 0, 97887
2026/07/08 15:52:33.966, 0, 0, 0, 97887
2026/07/08 15:52:33.982, 1, 0, 0, 97887
2026/07/08 15:52:33.998, 2, 100, 0, 97887
2026/07/08 15:52:34.009, 3, 100, 0, 97887
2026/07/08 15:52:34.021, 4, 0, 0, 97887
2026/07/08 15:52:34.033, 5, 0, 0, 97887
2026/07/08 15:52:34.047, 6, 0, 0, 97887
2026/07/08 15:52:34.058, 7, 0, 0, 97887
2026/07/08 15:52:35.069, 0, 0, 0, 97887
2026/07/08 15:52:35.085, 1, 0, 0, 97887
2026/07/08 15:52:35.098, 2, 100, 0, 97887
2026/07/08 15:52:35.112, 3, 100, 0, 97887
2026/07/08 15:52:35.127, 4, 0, 0, 97887
2026/07/08 15:52:35.139, 5, 0, 0, 97887
2026/07/08 15:52:35.153, 6, 0, 0, 97887
2026/07/08 15:52:35.169, 7, 0, 0, 97887
2026/07/08 15:52:36.183, 0, 0, 0, 97887
2026/07/08 15:52:36.198, 1, 0, 0, 97887
2026/07/08 15:52:36.211, 2, 100, 0, 97887
2026/07/08 15:52:36.225, 3, 100, 0, 97887
2026/07/08 15:52:36.236, 4, 0, 0, 97887
2026/07/08 15:52:36.249, 5, 0, 0, 97887
2026/07/08 15:52:36.262, 6, 0, 0, 97887
2026/07/08 15:52:36.277, 7, 0, 0, 97887
2026/07/08 15:52:37.293, 0, 0, 0, 97887
2026/07/08 15:52:37.308, 1, 0, 0, 97887
2026/07/08 15:52:37.324, 2, 100, 0, 97887
2026/07/08 15:52:37.338, 3, 100, 0, 97887
2026/07/08 15:52:37.352, 4, 0, 0, 97887
2026/07/08 15:52:37.366, 5, 0, 0, 97887
2026/07/08 15:52:37.378, 6, 0, 0, 97887
2026/07/08 15:52:37.391, 7, 0, 0, 97887
2026/07/08 15:52:38.405, 0, 0, 0, 97887
2026/07/08 15:52:38.418, 1, 0, 0, 97887
2026/07/08 15:52:38.431, 2, 100, 0, 97887
2026/07/08 15:52:38.447, 3, 100, 0, 97887
2026/07/08 15:52:38.461, 4, 0, 0, 97887
2026/07/08 15:52:38.475, 5, 0, 0, 97887
2026/07/08 15:52:38.490, 6, 0, 0, 97887
2026/07/08 15:52:38.506, 7, 0, 0, 97887
2026/07/08 15:52:39.522, 0, 0, 0, 97887
2026/07/08 15:52:39.539, 1, 0, 0, 97887
2026/07/08 15:52:39.555, 2, 100, 0, 97887
2026/07/08 15:52:39.572, 3, 100, 0, 97887
2026/07/08 15:52:39.587, 4, 0, 0, 97887
2026/07/08 15:52:39.603, 5, 0, 0, 97887
2026/07/08 15:52:39.619, 6, 0, 0, 97887
2026/07/08 15:52:39.634, 7, 0, 0, 97887
2026/07/08 15:52:40.650, 0, 0, 0, 97887
2026/07/08 15:52:40.666, 1, 0, 0, 97887
2026/07/08 15:52:40.683, 2, 100, 0, 97887
2026/07/08 15:52:40.699, 3, 100, 0, 97887
2026/07/08 15:52:40.715, 4, 0, 0, 97887
2026/07/08 15:52:40.733, 5, 0, 0, 97887
2026/07/08 15:52:40.748, 6, 0, 0, 97887
2026/07/08 15:52:40.764, 7, 0, 0, 97887
2026/07/08 15:52:41.781, 0, 0, 0, 97887
2026/07/08 15:52:41.796, 1, 0, 0, 97887
2026/07/08 15:52:41.811, 2, 100, 0, 97887
2026/07/08 15:52:41.827, 3, 100, 0, 97887
2026/07/08 15:52:41.842, 4, 0, 0, 97887
2026/07/08 15:52:41.858, 5, 0, 0, 97887
2026/07/08 15:52:41.876, 6, 0, 0, 97887
2026/07/08 15:52:41.894, 7, 0, 0, 97887
2026/07/08 15:52:42.910, 0, 0, 0, 97887
2026/07/08 15:52:42.927, 1, 0, 0, 97887
2026/07/08 15:52:42.943, 2, 100, 0, 97887
2026/07/08 15:52:42.960, 3, 100, 0, 97887
2026/07/08 15:52:42.975, 4, 0, 0, 97887
2026/07/08 15:52:42.991, 5, 0, 0, 97887
2026/07/08 15:52:43.008, 6, 0, 0, 97887
2026/07/08 15:52:43.025, 7, 0, 0, 97887
2026/07/08 15:52:44.042, 0, 0, 0, 97887
2026/07/08 15:52:44.059, 1, 0, 0, 97887
2026/07/08 15:52:44.073, 2, 100, 0, 97887
2026/07/08 15:52:44.087, 3, 100, 0, 97887
2026/07/08 15:52:44.102, 4, 0, 0, 97887
2026/07/08 15:52:44.116, 5, 0, 0, 97887
2026/07/08 15:52:44.127, 6, 0, 0, 97887
2026/07/08 15:52:44.140, 7, 0, 0, 97887
2026/07/08 15:52:45.154, 0, 0, 0, 97887
2026/07/08 15:52:45.171, 1, 0, 0, 97887
2026/07/08 15:52:45.187, 2, 100, 0, 97887
2026/07/08 15:52:45.203, 3, 100, 0, 97887
2026/07/08 15:52:45.218, 4, 0, 0, 97887
2026/07/08 15:52:45.230, 5, 0, 0, 97887
2026/07/08 15:52:45.245, 6, 0, 0, 97887
2026/07/08 15:52:45.260, 7, 0, 0, 97887
2026/07/08 15:52:46.274, 0, 0, 0, 97887
2026/07/08 15:52:46.289, 1, 0, 0, 97887
2026/07/08 15:52:46.305, 2, 100, 0, 97887
2026/07/08 15:52:46.321, 3, 100, 0, 97887
2026/07/08 15:52:46.337, 4, 0, 0, 97887
2026/07/08 15:52:46.353, 5, 0, 0, 97887
2026/07/08 15:52:46.368, 6, 0, 0, 97887
2026/07/08 15:52:46.382, 7, 0, 0, 97887
2026/07/08 15:52:47.399, 0, 0, 0, 97887
2026/07/08 15:52:47.415, 1, 0, 0, 97887
2026/07/08 15:52:47.432, 2, 100, 0, 97887
2026/07/08 15:52:47.449, 3, 100, 0, 97887
2026/07/08 15:52:47.463, 4, 0, 0, 97887
2026/07/08 15:52:47.478, 5, 0, 0, 97887
2026/07/08 15:52:47.494, 6, 0, 0, 97887
2026/07/08 15:52:47.510, 7, 0, 0, 97887
2026/07/08 15:52:48.525, 0, 0, 0, 97887
2026/07/08 15:52:48.540, 1, 0, 0, 97887
2026/07/08 15:52:48.554, 2, 100, 0, 97887
2026/07/08 15:52:48.568, 3, 100, 0, 97887
2026/07/08 15:52:48.583, 4, 0, 0, 97887
2026/07/08 15:52:48.599, 5, 0, 0, 97887
2026/07/08 15:52:48.612, 6, 0, 0, 97887
2026/07/08 15:52:48.626, 7, 0, 0, 97887
2026/07/08 15:52:49.640, 0, 0, 0, 97887
2026/07/08 15:52:49.657, 1, 0, 0, 97887
2026/07/08 15:52:49.672, 2, 100, 0, 97887
2026/07/08 15:52:49.687, 3, 100, 0, 97887
2026/07/08 15:52:49.703, 4, 0, 0, 97887
2026/07/08 15:52:49.719, 5, 0, 0, 97887
2026/07/08 15:52:49.737, 6, 0, 0, 97887
2026/07/08 15:52:49.752, 7, 0, 0, 97887
2026/07/08 15:52:50.768, 0, 0, 0, 97887
2026/07/08 15:52:50.787, 1, 0, 0, 97887
2026/07/08 15:52:50.803, 2, 100, 0, 97887
2026/07/08 15:52:50.817, 3, 100, 0, 97887
2026/07/08 15:52:50.831, 4, 0, 0, 97887
2026/07/08 15:52:50.844, 5, 0, 0, 97887
2026/07/08 15:52:50.857, 6, 0, 0, 97887
2026/07/08 15:52:50.873, 7, 0, 0, 97887
2026/07/08 15:52:51.888, 0, 0, 0, 97887
2026/07/08 15:52:51.904, 1, 0, 0, 97887
2026/07/08 15:52:51.920, 2, 100, 0, 97887
2026/07/08 15:52:51.936, 3, 100, 0, 97887
2026/07/08 15:52:51.953, 4, 0, 0, 97887
2026/07/08 15:52:51.972, 5, 0, 0, 97887
2026/07/08 15:52:51.989, 6, 0, 0, 97887
2026/07/08 15:52:52.004, 7, 0, 0, 97887
2026/07/08 15:52:53.020, 0, 0, 0, 97887
2026/07/08 15:52:53.037, 1, 0, 0, 97887
2026/07/08 15:52:53.053, 2, 100, 0, 97887
2026/07/08 15:52:53.068, 3, 100, 0, 97887
2026/07/08 15:52:53.083, 4, 0, 0, 97887
2026/07/08 15:52:53.097, 5, 0, 0, 97887
2026/07/08 15:52:53.111, 6, 0, 0, 97887
2026/07/08 15:52:53.126, 7, 0, 0, 97887
2026/07/08 15:52:54.141, 0, 0, 0, 97887
2026/07/08 15:52:54.159, 1, 0, 0, 97887
2026/07/08 15:52:54.172, 2, 100, 0, 97887
2026/07/08 15:52:54.185, 3, 100, 0, 97887
2026/07/08 15:52:54.200, 4, 0, 0, 97887
2026/07/08 15:52:54.215, 5, 0, 0, 97887
2026/07/08 15:52:54.230, 6, 0, 0, 97887
2026/07/08 15:52:54.246, 7, 0, 0, 97887
2026/07/08 15:52:55.262, 0, 0, 0, 97887
2026/07/08 15:52:55.279, 1, 0, 0, 97887
2026/07/08 15:52:55.297, 2, 100, 0, 97887
2026/07/08 15:52:55.313, 3, 100, 0, 97887
2026/07/08 15:52:55.329, 4, 0, 0, 97887
2026/07/08 15:52:55.343, 5, 0, 0, 97887
2026/07/08 15:52:55.359, 6, 0, 0, 97887
2026/07/08 15:52:55.375, 7, 0, 0, 97887
2026/07/08 15:52:56.390, 0, 0, 0, 97887
2026/07/08 15:52:56.405, 1, 0, 0, 97887
2026/07/08 15:52:56.417, 2, 100, 0, 97887
2026/07/08 15:52:56.431, 3, 100, 0, 97887
2026/07/08 15:52:56.449, 4, 0, 0, 97887
2026/07/08 15:52:56.463, 5, 0, 0, 97887
2026/07/08 15:52:56.478, 6, 0, 0, 97887
2026/07/08 15:52:56.495, 7, 0, 0, 97887
2026/07/08 15:52:57.511, 0, 0, 0, 97887
2026/07/08 15:52:57.527, 1, 0, 0, 97887
2026/07/08 15:52:57.543, 2, 100, 0, 97887
2026/07/08 15:52:57.560, 3, 100, 0, 97887
2026/07/08 15:52:57.575, 4, 0, 0, 97887
2026/07/08 15:52:57.590, 5, 0, 0, 97887
2026/07/08 15:52:57.605, 6, 0, 0, 97887
2026/07/08 15:52:57.620, 7, 0, 0, 97887
2026/07/08 15:52:58.635, 0, 0, 0, 97887
2026/07/08 15:52:58.652, 1, 0, 0, 97887
2026/07/08 15:52:58.668, 2, 100, 0, 97887
2026/07/08 15:52:58.684, 3, 100, 0, 97887
2026/07/08 15:52:58.699, 4, 0, 0, 97887
2026/07/08 15:52:58.716, 5, 0, 0, 97887
2026/07/08 15:52:58.731, 6, 0, 0, 97887
2026/07/08 15:52:58.749, 7, 0, 0, 97887
2026/07/08 15:52:59.765, 0, 0, 0, 97887
2026/07/08 15:52:59.780, 1, 0, 0, 97887
2026/07/08 15:52:59.796, 2, 100, 0, 97887
2026/07/08 15:52:59.811, 3, 100, 0, 97887
2026/07/08 15:52:59.827, 4, 0, 0, 97887
2026/07/08 15:52:59.842, 5, 0, 0, 97887
2026/07/08 15:52:59.858, 6, 0, 0, 97887
2026/07/08 15:52:59.873, 7, 0, 0, 97887
2026/07/08 15:53:00.886, 0, 0, 0, 97887
2026/07/08 15:53:00.902, 1, 0, 0, 97887
2026/07/08 15:53:00.916, 2, 100, 0, 97887
2026/07/08 15:53:00.932, 3, 100, 0, 97887
2026/07/08 15:53:00.948, 4, 0, 0, 97887
2026/07/08 15:53:00.963, 5, 0, 0, 97887
2026/07/08 15:53:00.979, 6, 0, 0, 97887
2026/07/08 15:53:00.994, 7, 0, 0, 97887
2026/07/08 15:53:02.010, 0, 0, 0, 97887
2026/07/08 15:53:02.024, 1, 0, 0, 97887
2026/07/08 15:53:02.038, 2, 100, 0, 97887
2026/07/08 15:53:02.052, 3, 100, 0, 97887
2026/07/08 15:53:02.068, 4, 0, 0, 97887
2026/07/08 15:53:02.084, 5, 0, 0, 97887
2026/07/08 15:53:02.100, 6, 0, 0, 97887
2026/07/08 15:53:02.116, 7, 0, 0, 97887
2026/07/08 15:53:03.132, 0, 0, 0, 97887
2026/07/08 15:53:03.147, 1, 0, 0, 97887
2026/07/08 15:53:03.161, 2, 100, 0, 97887
2026/07/08 15:53:03.177, 3, 100, 0, 97887
2026/07/08 15:53:03.190, 4, 0, 0, 97887
2026/07/08 15:53:03.203, 5, 0, 0, 97887
2026/07/08 15:53:03.216, 6, 0, 0, 97887
2026/07/08 15:53:03.230, 7, 0, 0, 97887
2026/07/08 15:53:04.243, 0, 0, 0, 97887
2026/07/08 15:53:04.259, 1, 0, 0, 97887
2026/07/08 15:53:04.275, 2, 100, 0, 97887
2026/07/08 15:53:04.290, 3, 100, 0, 97887
2026/07/08 15:53:04.304, 4, 0, 0, 97887
2026/07/08 15:53:04.320, 5, 0, 0, 97887
2026/07/08 15:53:04.335, 6, 0, 0, 97887
2026/07/08 15:53:04.350, 7, 0, 0, 97887
2026/07/08 15:53:05.366, 0, 0, 0, 97887
2026/07/08 15:53:05.382, 1, 0, 0, 97887
2026/07/08 15:53:05.396, 2, 100, 0, 97887
2026/07/08 15:53:05.411, 3, 100, 0, 97887
2026/07/08 15:53:05.425, 4, 0, 0, 97887
2026/07/08 15:53:05.437, 5, 0, 0, 97887
2026/07/08 15:53:05.451, 6, 0, 0, 97887
2026/07/08 15:53:05.465, 7, 0, 0, 97887
2026/07/08 15:53:06.482, 0, 0, 0, 97887
2026/07/08 15:53:06.498, 1, 0, 0, 97887
2026/07/08 15:53:06.512, 2, 100, 0, 97887
2026/07/08 15:53:06.526, 3, 100, 0, 97887
2026/07/08 15:53:06.540, 4, 0, 0, 97887
2026/07/08 15:53:06.552, 5, 0, 0, 97887
2026/07/08 15:53:06.566, 6, 0, 0, 97887
2026/07/08 15:53:06.580, 7, 0, 0, 97887
2026/07/08 15:53:07.594, 0, 0, 0, 97887
2026/07/08 15:53:07.610, 1, 0, 0, 97887
2026/07/08 15:53:07.626, 2, 100, 0, 97887
2026/07/08 15:53:07.642, 3, 100, 0, 97887
2026/07/08 15:53:07.656, 4, 0, 0, 97887
2026/07/08 15:53:07.672, 5, 0, 0, 97887
2026/07/08 15:53:07.688, 6, 0, 0, 97887
2026/07/08 15:53:07.703, 7, 0, 0, 97887
2026/07/08 15:53:08.719, 0, 0, 0, 97887
2026/07/08 15:53:08.731, 1, 0, 0, 97887
2026/07/08 15:53:08.743, 2, 100, 0, 97887
2026/07/08 15:53:08.756, 3, 100, 0, 97887
2026/07/08 15:53:08.769, 4, 0, 0, 97887
2026/07/08 15:53:08.783, 5, 0, 0, 97887
2026/07/08 15:53:08.796, 6, 0, 0, 97887
2026/07/08 15:53:08.815, 7, 0, 0, 97887
2026/07/08 15:53:09.831, 0, 0, 0, 97887
2026/07/08 15:53:09.845, 1, 0, 0, 97887
2026/07/08 15:53:09.858, 2, 100, 0, 97887
2026/07/08 15:53:09.873, 3, 100, 0, 97887
2026/07/08 15:53:09.887, 4, 0, 0, 97887
2026/07/08 15:53:09.900, 5, 0, 0, 97887
2026/07/08 15:53:09.914, 6, 0, 0, 97887
2026/07/08 15:53:09.929, 7, 0, 0, 97887
2026/07/08 15:53:10.943, 0, 0, 0, 97887
2026/07/08 15:53:10.959, 1, 0, 0, 97887
2026/07/08 15:53:10.974, 2, 100, 0, 97887
2026/07/08 15:53:10.987, 3, 100, 0, 97887
2026/07/08 15:53:11.001, 4, 0, 0, 97887
2026/07/08 15:53:11.016, 5, 0, 0, 97887
2026/07/08 15:53:11.031, 6, 0, 0, 97887
2026/07/08 15:53:11.044, 7, 0, 0, 97887
2026/07/08 15:53:12.058, 0, 0, 0, 97887
2026/07/08 15:53:12.074, 1, 0, 0, 97887
2026/07/08 15:53:12.088, 2, 100, 0, 97887
2026/07/08 15:53:12.103, 3, 100, 0, 97887
2026/07/08 15:53:12.117, 4, 0, 0, 97887
2026/07/08 15:53:12.130, 5, 0, 0, 97887
2026/07/08 15:53:12.143, 6, 0, 0, 97887
2026/07/08 15:53:12.158, 7, 0, 0, 97887
2026/07/08 15:53:13.174, 0, 0, 0, 97887
2026/07/08 15:53:13.192, 1, 0, 0, 97887
2026/07/08 15:53:13.207, 2, 100, 0, 97887
2026/07/08 15:53:13.219, 3, 100, 0, 97887
2026/07/08 15:53:13.231, 4, 0, 0, 97887
2026/07/08 15:53:13.257, 5, 0, 0, 97887
2026/07/08 15:53:13.269, 6, 0, 0, 97887
2026/07/08 15:53:13.282, 7, 0, 0, 97887
2026/07/08 15:53:14.297, 0, 0, 0, 97887
2026/07/08 15:53:14.310, 1, 0, 0, 97887
2026/07/08 15:53:14.319, 2, 100, 0, 97887
2026/07/08 15:53:14.331, 3, 100, 0, 97887
2026/07/08 15:53:14.341, 4, 0, 0, 97887
2026/07/08 15:53:14.352, 5, 0, 0, 97887
2026/07/08 15:53:14.363, 6, 0, 0, 97887
2026/07/08 15:53:14.375, 7, 0, 0, 97887
2026/07/08 15:53:15.388, 0, 0, 0, 97887
2026/07/08 15:53:15.402, 1, 0, 0, 97887
2026/07/08 15:53:15.414, 2, 100, 0, 97887
2026/07/08 15:53:15.426, 3, 100, 0, 97887
2026/07/08 15:53:15.445, 4, 0, 0, 97887
2026/07/08 15:53:15.457, 5, 0, 0, 97887
2026/07/08 15:53:15.472, 6, 0, 0, 97887
2026/07/08 15:53:15.488, 7, 0, 0, 97887
2026/07/08 15:53:16.502, 0, 0, 0, 97887
2026/07/08 15:53:16.518, 1, 0, 0, 97887
2026/07/08 15:53:16.532, 2, 100, 0, 97887
2026/07/08 15:53:16.547, 3, 100, 0, 97887
2026/07/08 15:53:16.564, 4, 0, 0, 97887
2026/07/08 15:53:16.581, 5, 0, 0, 97887
2026/07/08 15:53:16.596, 6, 0, 0, 97887
2026/07/08 15:53:16.611, 7, 0, 0, 97887
2026/07/08 15:53:17.625, 0, 0, 0, 97887
2026/07/08 15:53:17.640, 1, 0, 0, 97887
2026/07/08 15:53:17.653, 2, 100, 0, 97887
2026/07/08 15:53:17.663, 3, 100, 0, 97887
2026/07/08 15:53:17.676, 4, 0, 0, 97887
2026/07/08 15:53:17.690, 5, 0, 0, 97887
2026/07/08 15:53:17.703, 6, 0, 0, 97887
2026/07/08 15:53:17.719, 7, 0, 0, 97887
2026/07/08 15:53:18.734, 0, 0, 0, 97887
2026/07/08 15:53:18.751, 1, 0, 0, 97887
2026/07/08 15:53:18.764, 2, 100, 0, 97887
2026/07/08 15:53:18.777, 3, 100, 0, 97887
2026/07/08 15:53:18.791, 4, 0, 0, 97887
2026/07/08 15:53:18.804, 5, 0, 0, 97887
2026/07/08 15:53:18.818, 6, 0, 0, 97887
2026/07/08 15:53:18.832, 7, 0, 0, 97887
2026/07/08 15:53:19.847, 0, 0, 0, 97887
2026/07/08 15:53:19.861, 1, 0, 0, 97887
2026/07/08 15:53:19.873, 2, 100, 0, 97887
2026/07/08 15:53:19.890, 3, 100, 0, 97887
2026/07/08 15:53:19.905, 4, 0, 0, 97887
2026/07/08 15:53:19.919, 5, 0, 0, 97887
2026/07/08 15:53:19.933, 6, 0, 0, 97887
2026/07/08 15:53:19.949, 7, 0, 0, 97887
2026/07/08 15:53:20.963, 0, 0, 0, 97887
2026/07/08 15:53:20.979, 1, 0, 0, 97887
2026/07/08 15:53:20.993, 2, 100, 0, 97887
2026/07/08 15:53:21.007, 3, 100, 0, 97887
2026/07/08 15:53:21.023, 4, 0, 0, 97887
2026/07/08 15:53:21.040, 5, 0, 0, 97887
2026/07/08 15:53:21.054, 6, 0, 0, 97887
2026/07/08 15:53:21.067, 7, 0, 0, 97887
2026/07/08 15:53:22.083, 0, 0, 0, 97887
2026/07/08 15:53:22.097, 1, 0, 0, 97887
2026/07/08 15:53:22.108, 2, 100, 0, 97887
2026/07/08 15:53:22.123, 3, 100, 0, 97887
2026/07/08 15:53:22.137, 4, 0, 0, 97887
2026/07/08 15:53:22.151, 5, 0, 0, 97887
2026/07/08 15:53:22.164, 6, 0, 0, 97887
2026/07/08 15:53:22.177, 7, 0, 0, 97887
2026/07/08 15:53:23.188, 0, 0, 0, 97887
2026/07/08 15:53:23.201, 1, 0, 0, 97887
2026/07/08 15:53:23.215, 2, 100, 0, 97887
2026/07/08 15:53:23.228, 3, 100, 0, 97887
2026/07/08 15:53:23.244, 4, 0, 0, 97887
2026/07/08 15:53:23.258, 5, 0, 0, 97887
2026/07/08 15:53:23.271, 6, 0, 0, 97887
2026/07/08 15:53:23.285, 7, 0, 0, 97887
2026/07/08 15:53:24.299, 0, 0, 0, 97887
2026/07/08 15:53:24.316, 1, 0, 0, 97887
2026/07/08 15:53:24.333, 2, 100, 0, 97887
2026/07/08 15:53:24.349, 3, 100, 0, 97887
2026/07/08 15:53:24.367, 4, 0, 0, 97887
2026/07/08 15:53:24.384, 5, 0, 0, 97887
2026/07/08 15:53:24.402, 6, 0, 0, 97887
2026/07/08 15:53:24.419, 7, 0, 0, 97887
2026/07/08 15:53:25.437, 0, 0, 0, 97887
2026/07/08 15:53:25.452, 1, 0, 0, 97887
2026/07/08 15:53:25.467, 2, 100, 0, 97887
2026/07/08 15:53:25.482, 3, 100, 0, 97887
2026/07/08 15:53:25.496, 4, 0, 0, 97887
2026/07/08 15:53:25.509, 5, 0, 0, 97887
2026/07/08 15:53:25.522, 6, 0, 0, 97887
2026/07/08 15:53:25.536, 7, 0, 0, 97887
2026/07/08 15:53:26.551, 0, 0, 0, 97887
2026/07/08 15:53:26.568, 1, 0, 0, 97887
2026/07/08 15:53:26.584, 2, 100, 0, 97887
2026/07/08 15:53:26.599, 3, 100, 0, 97887
2026/07/08 15:53:26.617, 4, 0, 0, 97887
2026/07/08 15:53:26.633, 5, 0, 0, 97887
2026/07/08 15:53:26.649, 6, 0, 0, 97887
2026/07/08 15:53:26.663, 7, 0, 0, 97887
2026/07/08 15:53:27.678, 0, 0, 0, 97887
2026/07/08 15:53:27.694, 1, 0, 0, 97887
2026/07/08 15:53:27.709, 2, 100, 0, 97887
2026/07/08 15:53:27.724, 3, 100, 0, 97887
2026/07/08 15:53:27.740, 4, 0, 0, 97887
2026/07/08 15:53:27.754, 5, 0, 0, 97887
2026/07/08 15:53:27.767, 6, 0, 0, 97887
2026/07/08 15:53:27.779, 7, 0, 0, 97887
2026/07/08 15:53:28.790, 0, 0, 0, 97887
2026/07/08 15:53:28.803, 1, 0, 0, 97887
2026/07/08 15:53:28.813, 2, 100, 0, 97887
2026/07/08 15:53:28.827, 3, 100, 0, 97887
2026/07/08 15:53:28.841, 4, 0, 0, 97887
2026/07/08 15:53:28.855, 5, 0, 0, 97887
2026/07/08 15:53:28.870, 6, 0, 0, 97887
2026/07/08 15:53:28.884, 7, 0, 0, 97887
2026/07/08 15:53:29.898, 0, 0, 0, 97887
2026/07/08 15:53:29.911, 1, 0, 0, 97887
2026/07/08 15:53:29.924, 2, 100, 0, 97887
2026/07/08 15:53:29.937, 3, 100, 0, 97887
2026/07/08 15:53:29.952, 4, 0, 0, 97887
2026/07/08 15:53:29.965, 5, 0, 0, 97887
2026/07/08 15:53:29.979, 6, 0, 0, 97887
2026/07/08 15:53:29.994, 7, 0, 0, 97887
2026/07/08 15:53:31.008, 0, 0, 0, 97887
2026/07/08 15:53:31.024, 1, 0, 0, 97887
2026/07/08 15:53:31.040, 2, 100, 0, 97887
2026/07/08 15:53:31.054, 3, 100, 0, 97887
2026/07/08 15:53:31.067, 4, 0, 0, 97887
2026/07/08 15:53:31.081, 5, 0, 0, 97887
2026/07/08 15:53:31.097, 6, 0, 0, 97887
2026/07/08 15:53:31.113, 7, 0, 0, 97887
2026/07/08 15:53:32.127, 0, 0, 0, 97887
2026/07/08 15:53:32.140, 1, 0, 0, 97887
2026/07/08 15:53:32.152, 2, 100, 0, 97887
2026/07/08 15:53:32.164, 3, 100, 0, 97887
2026/07/08 15:53:32.178, 4, 0, 0, 97887
2026/07/08 15:53:32.193, 5, 0, 0, 97887
2026/07/08 15:53:32.207, 6, 0, 0, 97887
2026/07/08 15:53:32.221, 7, 0, 0, 97887
2026/07/08 15:53:33.235, 0, 0, 0, 97887
2026/07/08 15:53:33.251, 1, 0, 0, 97887
2026/07/08 15:53:33.268, 2, 100, 0, 97887
2026/07/08 15:53:33.283, 3, 100, 0, 97887
2026/07/08 15:53:33.299, 4, 0, 0, 97887
2026/07/08 15:53:33.315, 5, 0, 0, 97887
2026/07/08 15:53:33.330, 6, 0, 0, 97887
2026/07/08 15:53:33.343, 7, 0, 0, 97887
2026/07/08 15:53:34.356, 0, 0, 0, 97887
2026/07/08 15:53:34.372, 1, 0, 0, 97887
2026/07/08 15:53:34.387, 2, 100, 0, 97887
2026/07/08 15:53:34.401, 3, 100, 0, 97887
2026/07/08 15:53:34.416, 4, 0, 0, 97887
2026/07/08 15:53:34.431, 5, 0, 0, 97887
2026/07/08 15:53:34.447, 6, 0, 0, 97887
2026/07/08 15:53:34.462, 7, 0, 0, 97887
2026/07/08 15:53:35.478, 0, 0, 0, 97887
2026/07/08 15:53:35.494, 1, 0, 0, 97887
2026/07/08 15:53:35.508, 2, 100, 0, 97887
2026/07/08 15:53:35.521, 3, 100, 0, 97887
2026/07/08 15:53:35.533, 4, 0, 0, 97887
2026/07/08 15:53:35.547, 5, 0, 0, 97887
2026/07/08 15:53:35.560, 6, 0, 0, 97887
2026/07/08 15:53:35.575, 7, 0, 0, 97887
2026/07/08 15:53:36.590, 0, 0, 0, 97887
2026/07/08 15:53:36.606, 1, 0, 0, 97887
2026/07/08 15:53:36.622, 2, 100, 0, 97887
2026/07/08 15:53:36.637, 3, 100, 0, 97887
2026/07/08 15:53:36.654, 4, 0, 0, 97887
2026/07/08 15:53:36.668, 5, 0, 0, 97887
2026/07/08 15:53:36.683, 6, 0, 0, 97887
2026/07/08 15:53:36.698, 7, 0, 0, 97887
2026/07/08 15:53:37.711, 0, 0, 0, 97887
2026/07/08 15:53:37.730, 1, 0, 0, 97887
2026/07/08 15:53:37.746, 2, 100, 0, 97887
2026/07/08 15:53:37.762, 3, 100, 0, 97887
2026/07/08 15:53:37.778, 4, 0, 0, 97887
2026/07/08 15:53:37.793, 5, 0, 0, 97887
2026/07/08 15:53:37.810, 6, 0, 0, 97887
2026/07/08 15:53:37.826, 7, 0, 0, 97887
2026/07/08 15:53:38.842, 0, 0, 0, 97887
2026/07/08 15:53:38.857, 1, 0, 0, 97887
2026/07/08 15:53:38.873, 2, 100, 0, 97887
2026/07/08 15:53:38.886, 3, 100, 0, 97887
2026/07/08 15:53:38.901, 4, 0, 0, 97887
2026/07/08 15:53:38.916, 5, 0, 0, 97887
2026/07/08 15:53:38.930, 6, 0, 0, 97887
2026/07/08 15:53:38.945, 7, 0, 0, 97887
2026/07/08 15:53:39.958, 0, 0, 0, 97887
2026/07/08 15:53:39.975, 1, 0, 0, 97887
2026/07/08 15:53:39.989, 2, 100, 0, 97887
2026/07/08 15:53:40.003, 3, 100, 0, 97887
2026/07/08 15:53:40.018, 4, 0, 0, 97887
2026/07/08 15:53:40.033, 5, 0, 0, 97887
2026/07/08 15:53:40.048, 6, 0, 0, 97887
2026/07/08 15:53:40.065, 7, 0, 0, 97887
2026/07/08 15:53:41.081, 0, 0, 0, 97887
2026/07/08 15:53:41.096, 1, 0, 0, 97887
2026/07/08 15:53:41.110, 2, 100, 0, 97887
2026/07/08 15:53:41.125, 3, 100, 0, 97887
2026/07/08 15:53:41.142, 4, 0, 0, 97887
2026/07/08 15:53:41.158, 5, 0, 0, 97887
2026/07/08 15:53:41.172, 6, 0, 0, 97887
2026/07/08 15:53:41.183, 7, 0, 0, 97887
2026/07/08 15:53:42.198, 0, 0, 0, 97887
2026/07/08 15:53:42.214, 1, 0, 0, 97887
2026/07/08 15:53:42.231, 2, 100, 0, 97887
2026/07/08 15:53:42.246, 3, 100, 0, 97887
2026/07/08 15:53:42.262, 4, 0, 0, 97887
2026/07/08 15:53:42.278, 5, 0, 0, 97887
2026/07/08 15:53:42.294, 6, 0, 0, 97887
2026/07/08 15:53:42.310, 7, 0, 0, 97887
2026/07/08 15:53:43.325, 0, 0, 0, 97887
2026/07/08 15:53:43.341, 1, 0, 0, 97887
2026/07/08 15:53:43.357, 2, 100, 0, 97887
2026/07/08 15:53:43.371, 3, 100, 0, 97887
2026/07/08 15:53:43.386, 4, 0, 0, 97887
2026/07/08 15:53:43.400, 5, 0, 0, 97887
2026/07/08 15:53:43.414, 6, 0, 0, 97887
2026/07/08 15:53:43.430, 7, 0, 0, 97887
2026/07/08 15:53:44.445, 0, 0, 0, 97887
2026/07/08 15:53:44.459, 1, 0, 0, 97887
2026/07/08 15:53:44.472, 2, 100, 0, 97887
2026/07/08 15:53:44.485, 3, 100, 0, 97887
2026/07/08 15:53:44.497, 4, 0, 0, 97887
2026/07/08 15:53:44.508, 5, 0, 0, 97887
2026/07/08 15:53:44.523, 6, 0, 0, 97887
2026/07/08 15:53:44.539, 7, 0, 0, 97887
2026/07/08 15:53:45.555, 0, 0, 0, 97887
2026/07/08 15:53:45.570, 1, 0, 0, 97887
2026/07/08 15:53:45.586, 2, 100, 0, 97887
2026/07/08 15:53:45.602, 3, 100, 0, 97887
2026/07/08 15:53:45.618, 4, 0, 0, 97887
2026/07/08 15:53:45.633, 5, 0, 0, 97887
2026/07/08 15:53:45.649, 6, 0, 0, 97887
2026/07/08 15:53:45.665, 7, 0, 0, 97887
2026/07/08 15:53:46.681, 0, 0, 0, 97887
2026/07/08 15:53:46.697, 1, 0, 0, 97887
2026/07/08 15:53:46.711, 2, 100, 0, 97887
2026/07/08 15:53:46.726, 3, 100, 0, 97887
2026/07/08 15:53:46.741, 4, 0, 0, 97887
2026/07/08 15:53:46.756, 5, 0, 0, 97887
2026/07/08 15:53:46.771, 6, 0, 0, 97887
2026/07/08 15:53:46.786, 7, 0, 0, 97887
2026/07/08 15:53:47.804, 0, 0, 0, 97887
2026/07/08 15:53:47.821, 1, 0, 0, 97887
2026/07/08 15:53:47.837, 2, 100, 0, 97887
2026/07/08 15:53:47.851, 3, 100, 0, 97887
2026/07/08 15:53:47.867, 4, 0, 0, 97887
2026/07/08 15:53:47.883, 5, 0, 0, 97887
2026/07/08 15:53:47.897, 6, 0, 0, 97887
2026/07/08 15:53:47.913, 7, 0, 0, 97887
2026/07/08 15:53:48.928, 0, 0, 0, 97887
2026/07/08 15:53:48.942, 1, 0, 0, 97887
2026/07/08 15:53:48.957, 2, 100, 0, 97887
2026/07/08 15:53:48.970, 3, 100, 0, 97887
2026/07/08 15:53:48.985, 4, 0, 0, 97887
2026/07/08 15:53:48.998, 5, 0, 0, 97887
2026/07/08 15:53:49.011, 6, 0, 0, 97887
2026/07/08 15:53:49.022, 7, 0, 0, 97887
2026/07/08 15:53:50.034, 0, 0, 0, 97887
2026/07/08 15:53:50.050, 1, 0, 0, 97887
2026/07/08 15:53:50.064, 2, 100, 0, 97887
2026/07/08 15:53:50.079, 3, 100, 0, 97887
2026/07/08 15:53:50.094, 4, 0, 0, 97887
2026/07/08 15:53:50.108, 5, 0, 0, 97887
2026/07/08 15:53:50.123, 6, 0, 0, 97887
2026/07/08 15:53:50.137, 7, 0, 0, 97887
2026/07/08 15:53:51.152, 0, 0, 0, 97887
2026/07/08 15:53:51.165, 1, 0, 0, 97887
2026/07/08 15:53:51.175, 2, 100, 0, 97887
2026/07/08 15:53:51.189, 3, 100, 0, 97887
2026/07/08 15:53:51.204, 4, 0, 0, 97887
2026/07/08 15:53:51.216, 5, 0, 0, 97887
2026/07/08 15:53:51.231, 6, 0, 0, 97887
2026/07/08 15:53:51.245, 7, 0, 0, 97887
2026/07/08 15:53:52.261, 0, 0, 0, 97887
2026/07/08 15:53:52.278, 1, 0, 0, 97887
2026/07/08 15:53:52.294, 2, 100, 0, 97887
2026/07/08 15:53:52.310, 3, 100, 0, 97887
2026/07/08 15:53:52.325, 4, 0, 0, 97887
2026/07/08 15:53:52.340, 5, 0, 0, 97887
2026/07/08 15:53:52.356, 6, 0, 0, 97887
2026/07/08 15:53:52.372, 7, 0, 0, 97887
2026/07/08 15:53:53.387, 0, 0, 0, 97887
2026/07/08 15:53:53.404, 1, 0, 0, 97887
2026/07/08 15:53:53.419, 2, 100, 0, 97887
2026/07/08 15:53:53.433, 3, 100, 0, 97887
2026/07/08 15:53:53.448, 4, 0, 0, 97887
2026/07/08 15:53:53.462, 5, 0, 0, 97887
2026/07/08 15:53:53.477, 6, 0, 0, 97887
2026/07/08 15:53:53.492, 7, 0, 0, 97887
2026/07/08 15:53:54.507, 0, 0, 0, 97887
2026/07/08 15:53:54.524, 1, 0, 0, 97887
2026/07/08 15:53:54.539, 2, 100, 0, 97887
2026/07/08 15:53:54.552, 3, 100, 0, 97887
2026/07/08 15:53:54.568, 4, 0, 0, 97887
2026/07/08 15:53:54.584, 5, 0, 0, 97887
2026/07/08 15:53:54.600, 6, 0, 0, 97887
2026/07/08 15:53:54.616, 7, 0, 0, 97887
2026/07/08 15:53:55.631, 0, 0, 0, 97887
2026/07/08 15:53:55.647, 1, 0, 0, 97887
2026/07/08 15:53:55.664, 2, 100, 0, 97887
2026/07/08 15:53:55.678, 3, 100, 0, 97887
2026/07/08 15:53:55.693, 4, 0, 0, 97887
2026/07/08 15:53:55.710, 5, 0, 0, 97887
2026/07/08 15:53:55.724, 6, 0, 0, 97887
2026/07/08 15:53:55.737, 7, 0, 0, 97887
2026/07/08 15:53:56.753, 0, 0, 0, 97887
2026/07/08 15:53:56.768, 1, 0, 0, 97887
2026/07/08 15:53:56.783, 2, 100, 0, 97887
2026/07/08 15:53:56.798, 3, 100, 0, 97887
2026/07/08 15:53:56.813, 4, 0, 0, 97887
2026/07/08 15:53:56.827, 5, 0, 0, 97887
2026/07/08 15:53:56.841, 6, 0, 0, 97887
2026/07/08 15:53:56.856, 7, 0, 0, 97887
2026/07/08 15:53:57.873, 0, 0, 0, 97887
2026/07/08 15:53:57.888, 1, 0, 0, 97887
2026/07/08 15:53:57.902, 2, 100, 0, 97887
2026/07/08 15:53:57.918, 3, 100, 0, 97887
2026/07/08 15:53:57.933, 4, 0, 0, 97887
2026/07/08 15:53:57.949, 5, 0, 0, 97887
2026/07/08 15:53:57.961, 6, 0, 0, 97887
2026/07/08 15:53:57.976, 7, 0, 0, 97887
2026/07/08 15:53:58.991, 0, 0, 0, 97887
2026/07/08 15:53:59.007, 1, 0, 0, 97887
2026/07/08 15:53:59.020, 2, 100, 0, 97887
2026/07/08 15:53:59.034, 3, 100, 0, 97887
2026/07/08 15:53:59.046, 4, 0, 0, 97887
2026/07/08 15:53:59.060, 5, 0, 0, 97887
2026/07/08 15:53:59.073, 6, 0, 0, 97887
2026/07/08 15:53:59.086, 7, 0, 0, 97887
2026/07/08 15:54:00.101, 0, 0, 0, 97887
2026/07/08 15:54:00.119, 1, 0, 0, 97887
2026/07/08 15:54:00.134, 2, 100, 0, 97887
2026/07/08 15:54:00.148, 3, 100, 0, 97887
2026/07/08 15:54:00.160, 4, 0, 0, 97887
2026/07/08 15:54:00.174, 5, 0, 0, 97887
2026/07/08 15:54:00.188, 6, 0, 0, 97887
2026/07/08 15:54:00.202, 7, 0, 0, 97887
2026/07/08 15:54:01.216, 0, 0, 0, 97887
2026/07/08 15:54:01.231, 1, 0, 0, 97887
2026/07/08 15:54:01.247, 2, 100, 0, 97887
2026/07/08 15:54:01.265, 3, 100, 0, 97887
2026/07/08 15:54:01.281, 4, 0, 0, 97887
2026/07/08 15:54:01.296, 5, 0, 0, 97887
2026/07/08 15:54:01.311, 6, 0, 0, 97887
2026/07/08 15:54:01.327, 7, 0, 0, 97887
2026/07/08 15:54:02.343, 0, 0, 0, 97887
2026/07/08 15:54:02.359, 1, 0, 0, 97887
2026/07/08 15:54:02.375, 2, 100, 0, 97887
2026/07/08 15:54:02.390, 3, 100, 0, 97887
2026/07/08 15:54:02.406, 4, 0, 0, 97887
2026/07/08 15:54:02.421, 5, 0, 0, 97887
2026/07/08 15:54:02.437, 6, 0, 0, 97887
2026/07/08 15:54:02.454, 7, 0, 0, 97887
2026/07/08 15:54:03.472, 0, 0, 0, 97887
2026/07/08 15:54:03.487, 1, 0, 0, 97887
2026/07/08 15:54:03.502, 2, 100, 0, 97887
2026/07/08 15:54:03.518, 3, 100, 0, 97887
2026/07/08 15:54:03.534, 4, 0, 0, 97887
2026/07/08 15:54:03.550, 5, 0, 0, 97887
2026/07/08 15:54:03.565, 6, 0, 0, 97887
2026/07/08 15:54:03.580, 7, 0, 0, 97887
2026/07/08 15:54:04.596, 0, 0, 0, 97887
2026/07/08 15:54:04.612, 1, 0, 0, 97887
2026/07/08 15:54:04.628, 2, 100, 0, 97887
2026/07/08 15:54:04.645, 3, 100, 0, 97887
2026/07/08 15:54:04.662, 4, 0, 0, 97887
2026/07/08 15:54:04.680, 5, 0, 0, 97887
2026/07/08 15:54:04.697, 6, 0, 0, 97887
2026/07/08 15:54:04.713, 7, 0, 0, 97887
2026/07/08 15:54:05.731, 0, 0, 0, 97887
2026/07/08 15:54:05.747, 1, 0, 0, 97887
2026/07/08 15:54:05.762, 2, 100, 0, 97887
2026/07/08 15:54:05.775, 3, 100, 0, 97887
2026/07/08 15:54:05.789, 4, 0, 0, 97887
2026/07/08 15:54:05.804, 5, 0, 0, 97887
2026/07/08 15:54:05.819, 6, 0, 0, 97887
2026/07/08 15:54:05.834, 7, 0, 0, 97887
2026/07/08 15:54:06.849, 0, 0, 0, 97887
2026/07/08 15:54:06.864, 1, 0, 0, 97887
2026/07/08 15:54:06.881, 2, 100, 0, 97887
2026/07/08 15:54:06.898, 3, 100, 0, 97887
2026/07/08 15:54:06.913, 4, 0, 0, 97887
2026/07/08 15:54:06.929, 5, 0, 0, 97887
2026/07/08 15:54:06.945, 6, 0, 0, 97887
2026/07/08 15:54:06.960, 7, 0, 0, 97887
2026/07/08 15:54:07.975, 0, 0, 0, 97887
2026/07/08 15:54:07.991, 1, 0, 0, 97887
2026/07/08 15:54:08.006, 2, 100, 0, 97887
2026/07/08 15:54:08.022, 3, 100, 0, 97887
2026/07/08 15:54:08.041, 4, 0, 0, 97887
2026/07/08 15:54:08.056, 5, 0, 0, 97887
2026/07/08 15:54:08.071, 6, 0, 0, 97887
2026/07/08 15:54:08.087, 7, 0, 0, 97887
2026/07/08 15:54:09.104, 0, 0, 0, 97887
2026/07/08 15:54:09.120, 1, 0, 0, 97887
2026/07/08 15:54:09.136, 2, 100, 0, 97887
2026/07/08 15:54:09.151, 3, 100, 0, 97887
2026/07/08 15:54:09.167, 4, 0, 0, 97887
2026/07/08 15:54:09.183, 5, 0, 0, 97887
2026/07/08 15:54:09.198, 6, 0, 0, 97887
2026/07/08 15:54:09.212, 7, 0, 0, 97887
2026/07/08 15:54:10.228, 0, 0, 0, 97887
2026/07/08 15:54:10.244, 1, 0, 0, 97887
2026/07/08 15:54:10.261, 2, 100, 0, 97887
2026/07/08 15:54:10.276, 3, 100, 0, 97887
2026/07/08 15:54:10.292, 4, 0, 0, 97887
2026/07/08 15:54:10.307, 5, 0, 0, 97887
2026/07/08 15:54:10.322, 6, 0, 0, 97887
2026/07/08 15:54:10.338, 7, 0, 0, 97887
2026/07/08 15:54:11.354, 0, 0, 0, 97887
2026/07/08 15:54:11.371, 1, 0, 0, 97887
2026/07/08 15:54:11.385, 2, 100, 0, 97887
2026/07/08 15:54:11.400, 3, 100, 0, 97887
2026/07/08 15:54:11.415, 4, 0, 0, 97887
2026/07/08 15:54:11.431, 5, 0, 0, 97887
2026/07/08 15:54:11.445, 6, 0, 0, 97887
2026/07/08 15:54:11.460, 7, 0, 0, 97887
2026/07/08 15:54:12.476, 0, 0, 0, 97887
2026/07/08 15:54:12.492, 1, 0, 0, 97887
2026/07/08 15:54:12.505, 2, 100, 0, 97887
2026/07/08 15:54:12.516, 3, 100, 0, 97887
2026/07/08 15:54:12.522, 4, 0, 0, 97887
2026/07/08 15:54:12.532, 5, 0, 0, 97887
2026/07/08 15:54:12.544, 6, 0, 0, 97887
2026/07/08 15:54:12.552, 7, 0, 0, 97887
2026/07/08 15:54:13.564, 0, 0, 0, 97887
2026/07/08 15:54:13.580, 1, 0, 0, 97887
2026/07/08 15:54:13.595, 2, 100, 0, 97887
2026/07/08 15:54:13.611, 3, 100, 0, 97887
2026/07/08 15:54:13.626, 4, 0, 0, 97887
2026/07/08 15:54:13.639, 5, 0, 0, 97887
2026/07/08 15:54:13.655, 6, 0, 0, 97887
2026/07/08 15:54:13.671, 7, 0, 0, 97887
2026/07/08 15:54:14.687, 0, 0, 0, 97887
2026/07/08 15:54:14.703, 1, 0, 0, 97887
2026/07/08 15:54:14.718, 2, 100, 0, 97887
2026/07/08 15:54:14.733, 3, 100, 0, 97887
2026/07/08 15:54:14.748, 4, 0, 0, 97887
2026/07/08 15:54:14.763, 5, 0, 0, 97887
2026/07/08 15:54:14.779, 6, 0, 0, 97887
2026/07/08 15:54:14.793, 7, 0, 0, 97887
2026/07/08 15:54:15.807, 0, 0, 0, 97887
2026/07/08 15:54:15.823, 1, 0, 0, 97887
2026/07/08 15:54:15.837, 2, 100, 0, 97887
2026/07/08 15:54:15.851, 3, 100, 0, 97887
2026/07/08 15:54:15.866, 4, 0, 0, 97887
2026/07/08 15:54:15.880, 5, 0, 0, 97887
2026/07/08 15:54:15.896, 6, 0, 0, 97887
2026/07/08 15:54:15.912, 7, 0, 0, 97887
2026/07/08 15:54:16.928, 0, 0, 0, 97887
2026/07/08 15:54:16.944, 1, 0, 0, 97887
2026/07/08 15:54:16.959, 2, 100, 0, 97887
2026/07/08 15:54:16.973, 3, 100, 0, 97887
2026/07/08 15:54:16.988, 4, 0, 0, 97887
2026/07/08 15:54:17.002, 5, 0, 0, 97887
2026/07/08 15:54:17.017, 6, 0, 0, 97887
2026/07/08 15:54:17.031, 7, 0, 0, 97887
2026/07/08 15:54:18.047, 0, 0, 0, 97887
2026/07/08 15:54:18.061, 1, 0, 0, 97887
2026/07/08 15:54:18.075, 2, 100, 0, 97887
2026/07/08 15:54:18.090, 3, 100, 0, 97887
2026/07/08 15:54:18.106, 4, 0, 0, 97887
2026/07/08 15:54:18.122, 5, 0, 0, 97887
2026/07/08 15:54:18.136, 6, 0, 0, 97887
2026/07/08 15:54:18.152, 7, 0, 0, 97887
2026/07/08 15:54:19.168, 0, 0, 0, 97887
2026/07/08 15:54:19.184, 1, 0, 0, 97887
2026/07/08 15:54:19.199, 2, 100, 0, 97887
2026/07/08 15:54:19.214, 3, 100, 0, 97887
2026/07/08 15:54:19.229, 4, 0, 0, 97887
2026/07/08 15:54:19.244, 5, 0, 0, 97887
2026/07/08 15:54:19.260, 6, 0, 0, 97887
2026/07/08 15:54:19.276, 7, 0, 0, 97887
2026/07/08 15:54:20.292, 0, 0, 0, 97887
2026/07/08 15:54:20.312, 1, 0, 0, 97887
2026/07/08 15:54:20.326, 2, 100, 0, 97887
2026/07/08 15:54:20.340, 3, 100, 0, 97887
2026/07/08 15:54:20.352, 4, 0, 0, 97887
2026/07/08 15:54:20.365, 5, 0, 0, 97887
2026/07/08 15:54:20.379, 6, 0, 0, 97887
2026/07/08 15:54:20.392, 7, 0, 0, 97887
2026/07/08 15:54:21.406, 0, 0, 0, 97887
2026/07/08 15:54:21.422, 1, 0, 0, 97887
2026/07/08 15:54:21.438, 2, 100, 0, 97887
2026/07/08 15:54:21.452, 3, 100, 0, 97887
2026/07/08 15:54:21.466, 4, 0, 0, 97887
2026/07/08 15:54:21.481, 5, 0, 0, 97887
2026/07/08 15:54:21.498, 6, 0, 0, 97887
2026/07/08 15:54:21.513, 7, 0, 0, 97887
2026/07/08 15:54:22.528, 0, 0, 0, 97887
2026/07/08 15:54:22.541, 1, 0, 0, 97887
2026/07/08 15:54:22.553, 2, 100, 0, 97887
2026/07/08 15:54:22.560, 3, 100, 0, 97887
2026/07/08 15:54:22.571, 4, 0, 0, 97887
2026/07/08 15:54:22.583, 5, 0, 0, 97887
2026/07/08 15:54:22.595, 6, 0, 0, 97887
2026/07/08 15:54:22.609, 7, 0, 0, 97887
2026/07/08 15:54:23.625, 0, 0, 0, 97887
2026/07/08 15:54:23.641, 1, 0, 0, 97887
2026/07/08 15:54:23.657, 2, 100, 0, 97887
2026/07/08 15:54:23.673, 3, 100, 0, 97887
2026/07/08 15:54:23.689, 4, 0, 0, 97887
2026/07/08 15:54:23.706, 5, 0, 0, 97887
2026/07/08 15:54:23.720, 6, 0, 0, 97887
2026/07/08 15:54:23.736, 7, 0, 0, 97887
2026/07/08 15:54:24.750, 0, 0, 0, 97887
2026/07/08 15:54:24.766, 1, 0, 0, 97887
2026/07/08 15:54:24.782, 2, 100, 0, 97887
2026/07/08 15:54:24.796, 3, 100, 0, 97887
2026/07/08 15:54:24.810, 4, 0, 0, 97887
2026/07/08 15:54:24.825, 5, 0, 0, 97887
2026/07/08 15:54:24.837, 6, 0, 0, 97887
2026/07/08 15:54:24.854, 7, 0, 0, 97887
2026/07/08 15:54:25.869, 0, 0, 0, 97887
2026/07/08 15:54:25.885, 1, 0, 0, 97887
2026/07/08 15:54:25.901, 2, 100, 0, 97887
2026/07/08 15:54:25.916, 3, 100, 0, 97887
2026/07/08 15:54:25.931, 4, 0, 0, 97887
2026/07/08 15:54:25.946, 5, 0, 0, 97887
2026/07/08 15:54:25.961, 6, 0, 0, 97887
2026/07/08 15:54:25.976, 7, 0, 0, 97887
2026/07/08 15:54:26.993, 0, 0, 0, 97887
2026/07/08 15:54:27.007, 1, 0, 0, 97887
2026/07/08 15:54:27.021, 2, 100, 0, 97887
2026/07/08 15:54:27.037, 3, 100, 0, 97887
2026/07/08 15:54:27.051, 4, 0, 0, 97887
2026/07/08 15:54:27.060, 5, 0, 0, 97887
2026/07/08 15:54:27.072, 6, 0, 0, 97887
2026/07/08 15:54:27.083, 7, 0, 0, 97887
2026/07/08 15:54:28.094, 0, 0, 0, 97887
2026/07/08 15:54:28.107, 1, 0, 0, 97887
2026/07/08 15:54:28.118, 2, 100, 0, 97887
2026/07/08 15:54:28.130, 3, 100, 0, 97887
2026/07/08 15:54:28.144, 4, 0, 0, 97887
2026/07/08 15:54:28.155, 5, 0, 0, 97887
2026/07/08 15:54:28.167, 6, 0, 0, 97887
2026/07/08 15:54:28.182, 7, 0, 0, 97887
2026/07/08 15:54:29.198, 0, 0, 0, 97887
2026/07/08 15:54:29.214, 1, 0, 0, 97887
2026/07/08 15:54:29.227, 2, 100, 0, 97887
2026/07/08 15:54:29.243, 3, 100, 0, 97887
2026/07/08 15:54:29.256, 4, 0, 0, 97887
2026/07/08 15:54:29.269, 5, 0, 0, 97887
2026/07/08 15:54:29.283, 6, 0, 0, 97887
2026/07/08 15:54:29.295, 7, 0, 0, 97887
2026/07/08 15:54:30.309, 0, 0, 0, 97887
2026/07/08 15:54:30.324, 1, 0, 0, 97887
2026/07/08 15:54:30.336, 2, 100, 0, 97887
2026/07/08 15:54:30.350, 3, 100, 0, 97887
2026/07/08 15:54:30.360, 4, 0, 0, 97887
2026/07/08 15:54:30.372, 5, 0, 0, 97887
2026/07/08 15:54:30.387, 6, 0, 0, 97887
2026/07/08 15:54:30.401, 7, 0, 0, 97887
2026/07/08 15:54:31.414, 0, 0, 0, 97887
2026/07/08 15:54:31.431, 1, 0, 0, 97887
2026/07/08 15:54:31.447, 2, 100, 0, 97887
2026/07/08 15:54:31.463, 3, 100, 0, 97887
2026/07/08 15:54:31.479, 4, 0, 0, 97887
2026/07/08 15:54:31.495, 5, 0, 0, 97887
2026/07/08 15:54:31.510, 6, 0, 0, 97887
2026/07/08 15:54:31.524, 7, 0, 0, 97887
2026/07/08 15:54:32.541, 0, 0, 0, 97887
2026/07/08 15:54:32.554, 1, 0, 0, 97887
2026/07/08 15:54:32.567, 2, 100, 0, 97887
2026/07/08 15:54:32.581, 3, 100, 0, 97887
2026/07/08 15:54:32.594, 4, 0, 0, 97887
2026/07/08 15:54:32.607, 5, 0, 0, 97887
2026/07/08 15:54:32.621, 6, 0, 0, 97887
2026/07/08 15:54:32.633, 7, 0, 0, 97887
2026/07/08 15:54:33.644, 0, 0, 0, 97887
2026/07/08 15:54:33.659, 1, 0, 0, 97887
2026/07/08 15:54:33.672, 2, 100, 0, 97887
2026/07/08 15:54:33.685, 3, 100, 0, 97887
2026/07/08 15:54:33.698, 4, 0, 0, 97887
2026/07/08 15:54:33.712, 5, 0, 0, 97887
2026/07/08 15:54:33.729, 6, 0, 0, 97887
2026/07/08 15:54:33.743, 7, 0, 0, 97887
2026/07/08 15:54:34.758, 0, 0, 0, 97887
2026/07/08 15:54:34.774, 1, 0, 0, 97887
2026/07/08 15:54:34.790, 2, 100, 0, 97887
2026/07/08 15:54:34.804, 3, 100, 0, 97887
2026/07/08 15:54:34.820, 4, 0, 0, 97887
2026/07/08 15:54:34.835, 5, 0, 0, 97887
2026/07/08 15:54:34.848, 6, 0, 0, 97887
2026/07/08 15:54:34.863, 7, 0, 0, 97887
2026/07/08 15:54:35.876, 0, 0, 0, 97887
2026/07/08 15:54:35.892, 1, 0, 0, 97887
2026/07/08 15:54:35.904, 2, 100, 0, 97887
2026/07/08 15:54:35.915, 3, 100, 0, 97887
2026/07/08 15:54:35.927, 4, 0, 0, 97887
2026/07/08 15:54:35.941, 5, 0, 0, 97887
2026/07/08 15:54:35.951, 6, 0, 0, 97887
2026/07/08 15:54:35.963, 7, 0, 0, 97887
2026/07/08 15:54:36.976, 0, 0, 0, 97887
2026/07/08 15:54:36.991, 1, 0, 0, 97887
2026/07/08 15:54:37.007, 2, 100, 0, 97887
2026/07/08 15:54:37.021, 3, 100, 0, 97887
2026/07/08 15:54:37.036, 4, 0, 0, 97887
2026/07/08 15:54:37.051, 5, 0, 0, 97887
2026/07/08 15:54:37.066, 6, 0, 0, 97887
2026/07/08 15:54:37.079, 7, 0, 0, 97887
2026/07/08 15:54:38.094, 0, 0, 0, 97887
2026/07/08 15:54:38.109, 1, 0, 0, 97887
2026/07/08 15:54:38.123, 2, 100, 0, 97887
2026/07/08 15:54:38.138, 3, 100, 0, 97887
2026/07/08 15:54:38.153, 4, 0, 0, 97887
2026/07/08 15:54:38.167, 5, 0, 0, 97887
2026/07/08 15:54:38.182, 6, 0, 0, 97887
2026/07/08 15:54:38.197, 7, 0, 0, 97887
2026/07/08 15:54:39.211, 0, 0, 0, 97887
2026/07/08 15:54:39.227, 1, 0, 0, 97887
2026/07/08 15:54:39.243, 2, 100, 0, 97887
2026/07/08 15:54:39.258, 3, 100, 0, 97887
2026/07/08 15:54:39.274, 4, 0, 0, 97887
2026/07/08 15:54:39.289, 5, 0, 0, 97887
2026/07/08 15:54:39.304, 6, 0, 0, 97887
2026/07/08 15:54:39.319, 7, 0, 0, 97887
2026/07/08 15:54:40.334, 0, 0, 0, 97887
2026/07/08 15:54:40.350, 1, 0, 0, 97887
2026/07/08 15:54:40.365, 2, 100, 0, 97887
2026/07/08 15:54:40.378, 3, 100, 0, 97887
2026/07/08 15:54:40.392, 4, 0, 0, 97887
2026/07/08 15:54:40.405, 5, 0, 0, 97887
2026/07/08 15:54:40.419, 6, 0, 0, 97887
2026/07/08 15:54:40.433, 7, 0, 0, 97887
2026/07/08 15:54:41.443, 0, 0, 0, 97887
2026/07/08 15:54:41.459, 1, 0, 0, 97887
2026/07/08 15:54:41.474, 2, 100, 0, 97887
2026/07/08 15:54:41.490, 3, 100, 0, 97887
2026/07/08 15:54:41.505, 4, 0, 0, 97887
2026/07/08 15:54:41.519, 5, 0, 0, 97887
2026/07/08 15:54:41.534, 6, 0, 0, 97887
2026/07/08 15:54:41.549, 7, 0, 0, 97887
2026/07/08 15:54:42.566, 0, 0, 0, 97887
2026/07/08 15:54:42.581, 1, 0, 0, 97887
2026/07/08 15:54:42.597, 2, 100, 0, 97887
2026/07/08 15:54:42.611, 3, 100, 0, 97887
2026/07/08 15:54:42.626, 4, 0, 0, 97887
2026/07/08 15:54:42.640, 5, 0, 0, 97887
2026/07/08 15:54:42.656, 6, 0, 0, 97887
2026/07/08 15:54:42.669, 7, 0, 0, 97887
2026/07/08 15:54:43.683, 0, 0, 0, 97887
2026/07/08 15:54:43.698, 1, 0, 0, 97887
2026/07/08 15:54:43.712, 2, 100, 0, 97887
2026/07/08 15:54:43.724, 3, 100, 0, 97887
2026/07/08 15:54:43.737, 4, 0, 0, 97887
2026/07/08 15:54:43.753, 5, 0, 0, 97887
2026/07/08 15:54:43.766, 6, 0, 0, 97887
2026/07/08 15:54:43.780, 7, 0, 0, 97887
2026/07/08 15:54:44.794, 0, 0, 0, 97887
2026/07/08 15:54:44.809, 1, 0, 0, 97887
2026/07/08 15:54:44.825, 2, 100, 0, 97887
2026/07/08 15:54:44.839, 3, 100, 0, 97887
2026/07/08 15:54:44.852, 4, 0, 0, 97887
2026/07/08 15:54:44.865, 5, 0, 0, 97887
2026/07/08 15:54:44.877, 6, 0, 0, 97887
2026/07/08 15:54:44.889, 7, 0, 0, 97887
2026/07/08 15:54:45.901, 0, 0, 0, 97887
2026/07/08 15:54:45.912, 1, 0, 0, 97887
2026/07/08 15:54:45.926, 2, 100, 0, 97887
2026/07/08 15:54:45.936, 3, 100, 0, 97887
2026/07/08 15:54:45.950, 4, 0, 0, 97887
2026/07/08 15:54:45.967, 5, 0, 0, 97887
2026/07/08 15:54:45.982, 6, 0, 0, 97887
2026/07/08 15:54:45.998, 7, 0, 0, 97887
2026/07/08 15:54:47.014, 0, 0, 0, 97887
2026/07/08 15:54:47.030, 1, 0, 0, 97887
2026/07/08 15:54:47.046, 2, 100, 0, 97887
2026/07/08 15:54:47.061, 3, 100, 0, 97887
2026/07/08 15:54:47.074, 4, 0, 0, 97887
2026/07/08 15:54:47.088, 5, 0, 0, 97887
2026/07/08 15:54:47.104, 6, 0, 0, 97887
2026/07/08 15:54:47.120, 7, 0, 0, 97887
2026/07/08 15:54:48.135, 0, 0, 0, 97887
2026/07/08 15:54:48.151, 1, 0, 0, 97887
2026/07/08 15:54:48.167, 2, 100, 0, 97887
2026/07/08 15:54:48.186, 3, 100, 0, 97887
2026/07/08 15:54:48.202, 4, 0, 0, 97887
2026/07/08 15:54:48.218, 5, 0, 0, 97887
2026/07/08 15:54:48.233, 6, 0, 0, 97887
2026/07/08 15:54:48.248, 7, 0, 0, 97887
2026/07/08 15:54:49.261, 0, 0, 0, 97887
2026/07/08 15:54:49.276, 1, 0, 0, 97887
2026/07/08 15:54:49.291, 2, 100, 0, 97887
2026/07/08 15:54:49.306, 3, 100, 0, 97887
2026/07/08 15:54:49.323, 4, 0, 0, 97887
2026/07/08 15:54:49.338, 5, 0, 0, 97887
2026/07/08 15:54:49.352, 6, 0, 0, 97887
2026/07/08 15:54:49.367, 7, 0, 0, 97887
2026/07/08 15:54:50.382, 0, 0, 0, 97887
2026/07/08 15:54:50.399, 1, 0, 0, 97887
2026/07/08 15:54:50.414, 2, 100, 0, 97887
2026/07/08 15:54:50.429, 3, 100, 0, 97887
2026/07/08 15:54:50.445, 4, 0, 0, 97887
2026/07/08 15:54:50.461, 5, 0, 0, 97887
2026/07/08 15:54:50.475, 6, 0, 0, 97887
2026/07/08 15:54:50.489, 7, 0, 0, 97887
2026/07/08 15:54:51.503, 0, 0, 0, 97887
2026/07/08 15:54:51.519, 1, 0, 0, 97887
2026/07/08 15:54:51.529, 2, 100, 0, 97887
2026/07/08 15:54:51.538, 3, 100, 0, 97887
2026/07/08 15:54:51.549, 4, 0, 0, 97887
2026/07/08 15:54:51.562, 5, 0, 0, 97887
2026/07/08 15:54:51.577, 6, 0, 0, 97887
2026/07/08 15:54:51.592, 7, 0, 0, 97887
2026/07/08 15:54:52.607, 0, 0, 0, 97887
2026/07/08 15:54:52.620, 1, 0, 0, 97887
2026/07/08 15:54:52.636, 2, 100, 0, 97887
2026/07/08 15:54:52.654, 3, 100, 0, 97887
2026/07/08 15:54:52.666, 4, 0, 0, 97887
2026/07/08 15:54:52.682, 5, 0, 0, 97887
2026/07/08 15:54:52.695, 6, 0, 0, 97887
2026/07/08 15:54:52.707, 7, 0, 0, 97887
2026/07/08 15:54:53.721, 0, 0, 0, 97887
2026/07/08 15:54:53.737, 1, 0, 0, 97887
2026/07/08 15:54:53.753, 2, 100, 0, 97887
2026/07/08 15:54:53.769, 3, 100, 0, 97887
2026/07/08 15:54:53.783, 4, 0, 0, 97887
2026/07/08 15:54:53.797, 5, 0, 0, 97887
2026/07/08 15:54:53.812, 6, 0, 0, 97887
2026/07/08 15:54:53.827, 7, 0, 0, 97887
2026/07/08 15:54:54.844, 0, 0, 0, 97887
2026/07/08 15:54:54.860, 1, 0, 0, 97887
2026/07/08 15:54:54.875, 2, 100, 0, 97887
2026/07/08 15:54:54.890, 3, 100, 0, 97887
2026/07/08 15:54:54.903, 4, 0, 0, 97887
2026/07/08 15:54:54.918, 5, 0, 0, 97887
2026/07/08 15:54:54.933, 6, 0, 0, 97887
2026/07/08 15:54:54.945, 7, 0, 0, 97887
2026/07/08 15:54:55.957, 0, 0, 0, 97887
2026/07/08 15:54:55.973, 1, 0, 0, 97887
2026/07/08 15:54:55.988, 2, 100, 0, 97887
2026/07/08 15:54:56.003, 3, 100, 0, 97887
2026/07/08 15:54:56.018, 4, 0, 0, 97887
2026/07/08 15:54:56.035, 5, 0, 0, 97887
2026/07/08 15:54:56.051, 6, 0, 0, 97887
2026/07/08 15:54:56.065, 7, 0, 0, 97887
2026/07/08 15:54:57.080, 0, 0, 0, 97887
2026/07/08 15:54:57.096, 1, 0, 0, 97887
2026/07/08 15:54:57.111, 2, 100, 0, 97887
2026/07/08 15:54:57.125, 3, 100, 0, 97887
2026/07/08 15:54:57.140, 4, 0, 0, 97887
2026/07/08 15:54:57.154, 5, 0, 0, 97887
2026/07/08 15:54:57.168, 6, 0, 0, 97887
2026/07/08 15:54:57.183, 7, 0, 0, 97887
2026/07/08 15:54:58.197, 0, 0, 0, 97887
2026/07/08 15:54:58.212, 1, 0, 0, 97887
2026/07/08 15:54:58.226, 2, 100, 0, 97887
2026/07/08 15:54:58.240, 3, 100, 0, 97887
2026/07/08 15:54:58.255, 4, 0, 0, 97887
2026/07/08 15:54:58.269, 5, 0, 0, 97887
2026/07/08 15:54:58.284, 6, 0, 0, 97887
2026/07/08 15:54:58.298, 7, 0, 0, 97887
2026/07/08 15:54:59.311, 0, 0, 0, 97887
2026/07/08 15:54:59.323, 1, 0, 0, 97887
2026/07/08 15:54:59.334, 2, 100, 0, 97887
2026/07/08 15:54:59.347, 3, 100, 0, 97887
2026/07/08 15:54:59.362, 4, 0, 0, 97887
2026/07/08 15:54:59.378, 5, 0, 0, 97887
2026/07/08 15:54:59.394, 6, 0, 0, 97887
2026/07/08 15:54:59.408, 7, 0, 0, 97887
2026/07/08 15:55:00.423, 0, 0, 0, 97887
2026/07/08 15:55:00.440, 1, 0, 0, 97887
2026/07/08 15:55:00.450, 2, 100, 0, 97887
2026/07/08 15:55:00.463, 3, 100, 0, 97887
2026/07/08 15:55:00.476, 4, 0, 0, 97887
2026/07/08 15:55:00.490, 5, 0, 0, 97887
2026/07/08 15:55:00.503, 6, 0, 0, 97887
2026/07/08 15:55:00.516, 7, 0, 0, 97887
2026/07/08 15:55:01.527, 0, 0, 0, 97887
2026/07/08 15:55:01.542, 1, 0, 0, 97887
2026/07/08 15:55:01.554, 2, 100, 0, 97887
2026/07/08 15:55:01.565, 3, 100, 0, 97887
2026/07/08 15:55:01.576, 4, 0, 0, 97887
2026/07/08 15:55:01.588, 5, 0, 0, 97887
2026/07/08 15:55:01.600, 6, 0, 0, 97887
2026/07/08 15:55:01.612, 7, 0, 0, 97887
2026/07/08 15:55:02.628, 0, 0, 0, 97887
2026/07/08 15:55:02.642, 1, 0, 0, 97887
2026/07/08 15:55:02.655, 2, 100, 0, 97887
2026/07/08 15:55:02.667, 3, 100, 0, 97887
2026/07/08 15:55:02.682, 4, 0, 0, 97887
2026/07/08 15:55:02.696, 5, 0, 0, 97887
2026/07/08 15:55:02.713, 6, 0, 0, 97887
2026/07/08 15:55:02.728, 7, 0, 0, 97887
2026/07/08 15:55:03.742, 0, 0, 0, 97887
2026/07/08 15:55:03.759, 1, 0, 0, 97887
2026/07/08 15:55:03.774, 2, 100, 0, 97887
2026/07/08 15:55:03.790, 3, 100, 0, 97887
2026/07/08 15:55:03.804, 4, 0, 0, 97887
2026/07/08 15:55:03.819, 5, 0, 0, 97887
2026/07/08 15:55:03.836, 6, 0, 0, 97887
2026/07/08 15:55:03.852, 7, 0, 0, 97887
2026/07/08 15:55:04.867, 0, 0, 0, 97887
2026/07/08 15:55:04.883, 1, 0, 0, 97887
2026/07/08 15:55:04.898, 2, 100, 0, 97887
2026/07/08 15:55:04.912, 3, 100, 0, 97887
2026/07/08 15:55:04.924, 4, 0, 0, 97887
2026/07/08 15:55:04.936, 5, 0, 0, 97887
2026/07/08 15:55:04.947, 6, 0, 0, 97887
2026/07/08 15:55:04.958, 7, 0, 0, 97887
2026/07/08 15:55:05.973, 0, 0, 0, 97887
2026/07/08 15:55:05.990, 1, 0, 0, 97887
2026/07/08 15:55:06.005, 2, 100, 0, 97887
2026/07/08 15:55:06.019, 3, 100, 0, 97887
2026/07/08 15:55:06.033, 4, 0, 0, 97887
2026/07/08 15:55:06.047, 5, 0, 0, 97887
2026/07/08 15:55:06.062, 6, 0, 0, 97887
2026/07/08 15:55:06.077, 7, 0, 0, 97887
2026/07/08 15:55:07.090, 0, 0, 0, 97887
2026/07/08 15:55:07.107, 1, 0, 0, 97887
2026/07/08 15:55:07.122, 2, 100, 0, 97887
2026/07/08 15:55:07.138, 3, 100, 0, 97887
2026/07/08 15:55:07.152, 4, 0, 0, 97887
2026/07/08 15:55:07.168, 5, 0, 0, 97887
2026/07/08 15:55:07.185, 6, 0, 0, 97887
2026/07/08 15:55:07.200, 7, 0, 0, 97887
2026/07/08 15:55:08.217, 0, 0, 0, 97887
2026/07/08 15:55:08.233, 1, 0, 0, 97887
2026/07/08 15:55:08.250, 2, 100, 0, 97887
2026/07/08 15:55:08.264, 3, 100, 0, 97887
2026/07/08 15:55:08.278, 4, 0, 0, 97887
2026/07/08 15:55:08.293, 5, 0, 0, 97887
2026/07/08 15:55:08.309, 6, 0, 0, 97887
2026/07/08 15:55:08.324, 7, 0, 0, 97887
2026/07/08 15:55:09.337, 0, 0, 0, 97887
2026/07/08 15:55:09.352, 1, 0, 0, 97887
2026/07/08 15:55:09.367, 2, 100, 0, 97887
2026/07/08 15:55:09.380, 3, 100, 0, 97887
2026/07/08 15:55:09.395, 4, 0, 0, 97887
2026/07/08 15:55:09.410, 5, 0, 0, 97887
2026/07/08 15:55:09.426, 6, 0, 0, 97887
2026/07/08 15:55:09.440, 7, 0, 0, 97887
2026/07/08 15:55:10.459, 0, 0, 0, 97887
2026/07/08 15:55:10.474, 1, 0, 0, 97887
2026/07/08 15:55:10.488, 2, 100, 0, 97887
2026/07/08 15:55:10.502, 3, 100, 0, 97887
2026/07/08 15:55:10.516, 4, 0, 0, 97887
2026/07/08 15:55:10.529, 5, 0, 0, 97887
2026/07/08 15:55:10.542, 6, 0, 0, 97887
2026/07/08 15:55:10.555, 7, 0, 0, 97887
2026/07/08 15:55:11.568, 0, 0, 0, 97887
2026/07/08 15:55:11.582, 1, 0, 0, 97887
2026/07/08 15:55:11.596, 2, 100, 0, 97887
2026/07/08 15:55:11.609, 3, 100, 0, 97887
2026/07/08 15:55:11.622, 4, 0, 0, 97887
2026/07/08 15:55:11.636, 5, 0, 0, 97887
2026/07/08 15:55:11.651, 6, 0, 0, 97887
2026/07/08 15:55:11.665, 7, 0, 0, 97887
2026/07/08 15:55:12.681, 0, 0, 0, 97887
2026/07/08 15:55:12.695, 1, 0, 0, 97887
2026/07/08 15:55:12.710, 2, 100, 0, 97887
2026/07/08 15:55:12.725, 3, 100, 0, 97887
2026/07/08 15:55:12.738, 4, 0, 0, 97887
2026/07/08 15:55:12.752, 5, 0, 0, 97887
2026/07/08 15:55:12.765, 6, 0, 0, 97887
2026/07/08 15:55:12.779, 7, 0, 0, 97887
2026/07/08 15:55:13.792, 0, 0, 0, 97887
2026/07/08 15:55:13.808, 1, 0, 0, 97887
2026/07/08 15:55:13.823, 2, 100, 0, 97887
2026/07/08 15:55:13.840, 3, 100, 0, 97887
2026/07/08 15:55:13.857, 4, 0, 0, 97887
2026/07/08 15:55:13.872, 5, 0, 0, 97887
2026/07/08 15:55:13.887, 6, 0, 0, 97887
2026/07/08 15:55:13.902, 7, 0, 0, 97887
2026/07/08 15:55:14.918, 0, 0, 0, 97887
2026/07/08 15:55:14.934, 1, 0, 0, 97887
2026/07/08 15:55:14.949, 2, 100, 0, 97887
2026/07/08 15:55:14.965, 3, 100, 0, 97887
2026/07/08 15:55:14.981, 4, 0, 0, 97887
2026/07/08 15:55:14.997, 5, 0, 0, 97887
2026/07/08 15:55:15.010, 6, 0, 0, 97887
2026/07/08 15:55:15.024, 7, 0, 0, 97887
2026/07/08 15:55:16.040, 0, 0, 0, 97887
2026/07/08 15:55:16.053, 1, 0, 0, 97887
2026/07/08 15:55:16.067, 2, 100, 0, 97887
2026/07/08 15:55:16.082, 3, 100, 0, 97887
2026/07/08 15:55:16.095, 4, 0, 0, 97887
2026/07/08 15:55:16.110, 5, 0, 0, 97887
2026/07/08 15:55:16.125, 6, 0, 0, 97887
2026/07/08 15:55:16.140, 7, 0, 0, 97887
2026/07/08 15:55:17.156, 0, 0, 0, 97887
2026/07/08 15:55:17.171, 1, 0, 0, 97887
2026/07/08 15:55:17.186, 2, 100, 0, 97887
2026/07/08 15:55:17.199, 3, 100, 0, 97887
2026/07/08 15:55:17.210, 4, 0, 0, 97887
2026/07/08 15:55:17.223, 5, 0, 0, 97887
2026/07/08 15:55:17.236, 6, 0, 0, 97887
2026/07/08 15:55:17.251, 7, 0, 0, 97887
2026/07/08 15:55:18.265, 0, 0, 0, 97887
2026/07/08 15:55:18.281, 1, 0, 0, 97887
2026/07/08 15:55:18.296, 2, 100, 0, 97887
2026/07/08 15:55:18.311, 3, 100, 0, 97887
2026/07/08 15:55:18.327, 4, 0, 0, 97887
2026/07/08 15:55:18.342, 5, 0, 0, 97887
2026/07/08 15:55:18.356, 6, 0, 0, 97887
2026/07/08 15:55:18.370, 7, 0, 0, 97887
2026/07/08 15:55:19.385, 0, 0, 0, 97887
2026/07/08 15:55:19.401, 1, 0, 0, 97887
2026/07/08 15:55:19.416, 2, 100, 0, 97887
2026/07/08 15:55:19.431, 3, 100, 0, 97887
2026/07/08 15:55:19.447, 4, 0, 0, 97887
2026/07/08 15:55:19.462, 5, 0, 0, 97887
2026/07/08 15:55:19.479, 6, 0, 0, 97887
2026/07/08 15:55:19.495, 7, 0, 0, 97887
2026/07/08 15:55:20.511, 0, 0, 0, 97887
2026/07/08 15:55:20.525, 1, 0, 0, 97887
2026/07/08 15:55:20.539, 2, 100, 0, 97887
2026/07/08 15:55:20.552, 3, 100, 0, 97887
2026/07/08 15:55:20.566, 4, 0, 0, 97887
2026/07/08 15:55:20.580, 5, 0, 0, 97887
2026/07/08 15:55:20.595, 6, 0, 0, 97887
2026/07/08 15:55:20.608, 7, 0, 0, 97887
2026/07/08 15:55:21.624, 0, 0, 0, 97887
2026/07/08 15:55:21.640, 1, 0, 0, 97887
2026/07/08 15:55:21.655, 2, 100, 0, 97887
2026/07/08 15:55:21.670, 3, 100, 0, 97887
2026/07/08 15:55:21.684, 4, 0, 0, 97887
2026/07/08 15:55:21.700, 5, 0, 0, 97887
2026/07/08 15:55:21.716, 6, 0, 0, 97887
2026/07/08 15:55:21.731, 7, 0, 0, 97887
2026/07/08 15:55:22.746, 0, 0, 0, 97887
2026/07/08 15:55:22.763, 1, 0, 0, 97887
2026/07/08 15:55:22.778, 2, 100, 0, 97887
2026/07/08 15:55:22.794, 3, 100, 0, 97887
2026/07/08 15:55:22.809, 4, 0, 0, 97887
2026/07/08 15:55:22.825, 5, 0, 0, 97887
2026/07/08 15:55:22.841, 6, 0, 0, 97887
2026/07/08 15:55:22.856, 7, 0, 0, 97887
2026/07/08 15:55:23.870, 0, 0, 0, 97887
2026/07/08 15:55:23.885, 1, 0, 0, 97887
2026/07/08 15:55:23.903, 2, 100, 0, 97887
2026/07/08 15:55:23.919, 3, 100, 0, 97887
2026/07/08 15:55:23.935, 4, 0, 0, 97887
2026/07/08 15:55:23.950, 5, 0, 0, 97887
2026/07/08 15:55:23.966, 6, 0, 0, 97887
2026/07/08 15:55:23.982, 7, 0, 0, 97887
2026/07/08 15:55:24.997, 0, 0, 0, 97887
2026/07/08 15:55:25.011, 1, 0, 0, 97887
2026/07/08 15:55:25.027, 2, 100, 0, 97887
2026/07/08 15:55:25.041, 3, 100, 0, 97887
2026/07/08 15:55:25.055, 4, 0, 0, 97887
2026/07/08 15:55:25.070, 5, 0, 0, 97887
2026/07/08 15:55:25.085, 6, 0, 0, 97887
2026/07/08 15:55:25.099, 7, 0, 0, 97887
2026/07/08 15:55:26.114, 0, 0, 0, 97887
2026/07/08 15:55:26.129, 1, 0, 0, 97887
2026/07/08 15:55:26.145, 2, 100, 0, 97887
2026/07/08 15:55:26.159, 3, 100, 0, 97887
2026/07/08 15:55:26.174, 4, 0, 0, 97887
2026/07/08 15:55:26.188, 5, 0, 0, 97887
2026/07/08 15:55:26.204, 6, 0, 0, 97887
2026/07/08 15:55:26.218, 7, 0, 0, 97887
2026/07/08 15:55:27.232, 0, 0, 0, 97887
2026/07/08 15:55:27.248, 1, 0, 0, 97887
2026/07/08 15:55:27.263, 2, 100, 0, 97887
2026/07/08 15:55:27.277, 3, 100, 0, 97887
2026/07/08 15:55:27.290, 4, 0, 0, 97887
2026/07/08 15:55:27.304, 5, 0, 0, 97887
2026/07/08 15:55:27.320, 6, 0, 0, 97887
2026/07/08 15:55:27.336, 7, 0, 0, 97887
2026/07/08 15:55:28.351, 0, 0, 0, 97887
2026/07/08 15:55:28.366, 1, 0, 0, 97887
2026/07/08 15:55:28.380, 2, 100, 0, 97887
2026/07/08 15:55:28.395, 3, 100, 0, 97887
2026/07/08 15:55:28.410, 4, 0, 0, 97887
2026/07/08 15:55:28.424, 5, 0, 0, 97887
2026/07/08 15:55:28.438, 6, 0, 0, 97887
2026/07/08 15:55:28.450, 7, 0, 0, 97887
2026/07/08 15:55:29.465, 0, 0, 0, 97887
2026/07/08 15:55:29.478, 1, 0, 0, 97887
2026/07/08 15:55:29.491, 2, 100, 0, 97887
2026/07/08 15:55:29.502, 3, 100, 0, 97887
2026/07/08 15:55:29.514, 4, 0, 0, 97887
2026/07/08 15:55:29.525, 5, 0, 0, 97887
2026/07/08 15:55:29.538, 6, 0, 0, 97887
2026/07/08 15:55:29.552, 7, 0, 0, 97887
2026/07/08 15:55:30.566, 0, 0, 0, 97887
2026/07/08 15:55:30.582, 1, 0, 0, 97887
2026/07/08 15:55:30.599, 2, 100, 0, 97887
2026/07/08 15:55:30.613, 3, 100, 0, 97887
2026/07/08 15:55:30.632, 4, 0, 0, 97887
2026/07/08 15:55:30.647, 5, 0, 0, 97887
2026/07/08 15:55:30.662, 6, 0, 0, 97887
2026/07/08 15:55:30.677, 7, 0, 0, 97887
2026/07/08 15:55:31.692, 0, 0, 0, 97887
2026/07/08 15:55:31.705, 1, 0, 0, 97887
2026/07/08 15:55:31.717, 2, 100, 0, 97887
2026/07/08 15:55:31.730, 3, 100, 0, 97887
2026/07/08 15:55:31.743, 4, 0, 0, 97887
2026/07/08 15:55:31.758, 5, 0, 0, 97887
2026/07/08 15:55:31.772, 6, 0, 0, 97887
2026/07/08 15:55:31.785, 7, 0, 0, 97887
2026/07/08 15:55:32.799, 0, 0, 0, 97887
2026/07/08 15:55:32.815, 1, 0, 0, 97887
2026/07/08 15:55:32.829, 2, 100, 0, 97887
2026/07/08 15:55:32.843, 3, 100, 0, 97887
2026/07/08 15:55:32.858, 4, 0, 0, 97887
2026/07/08 15:55:32.873, 5, 0, 0, 97887
2026/07/08 15:55:32.888, 6, 0, 0, 97887
2026/07/08 15:55:32.903, 7, 0, 0, 97887
2026/07/08 15:55:33.918, 0, 0, 0, 97887
2026/07/08 15:55:33.935, 1, 0, 0, 97887
2026/07/08 15:55:33.948, 2, 100, 0, 97887
2026/07/08 15:55:33.962, 3, 100, 0, 97887
2026/07/08 15:55:33.978, 4, 0, 0, 97887
2026/07/08 15:55:33.992, 5, 0, 0, 97887
2026/07/08 15:55:34.007, 6, 0, 0, 97887
2026/07/08 15:55:34.024, 7, 0, 0, 97887
2026/07/08 15:55:35.034, 0, 0, 0, 97887
2026/07/08 15:55:35.049, 1, 0, 0, 97887
2026/07/08 15:55:35.066, 2, 100, 0, 97887
2026/07/08 15:55:35.080, 3, 100, 0, 97887
2026/07/08 15:55:35.094, 4, 0, 0, 97887
2026/07/08 15:55:35.111, 5, 0, 0, 97887
2026/07/08 15:55:35.126, 6, 0, 0, 97887
2026/07/08 15:55:35.141, 7, 0, 0, 97887
2026/07/08 15:55:36.155, 0, 0, 0, 97887
2026/07/08 15:55:36.170, 1, 0, 0, 97887
2026/07/08 15:55:36.184, 2, 100, 0, 97887
2026/07/08 15:55:36.197, 3, 100, 0, 97887
2026/07/08 15:55:36.209, 4, 0, 0, 97887
2026/07/08 15:55:36.222, 5, 0, 0, 97887
2026/07/08 15:55:36.235, 6, 0, 0, 97887
2026/07/08 15:55:36.249, 7, 0, 0, 97887
2026/07/08 15:55:37.263, 0, 0, 0, 97887
2026/07/08 15:55:37.277, 1, 0, 0, 97887
2026/07/08 15:55:37.289, 2, 100, 0, 97887
2026/07/08 15:55:37.302, 3, 100, 0, 97887
2026/07/08 15:55:37.315, 4, 0, 0, 97887
2026/07/08 15:55:37.329, 5, 0, 0, 97887
2026/07/08 15:55:37.341, 6, 0, 0, 97887
2026/07/08 15:55:37.354, 7, 0, 0, 97887
2026/07/08 15:55:38.367, 0, 0, 0, 97887
2026/07/08 15:55:38.381, 1, 0, 0, 97887
2026/07/08 15:55:38.395, 2, 100, 0, 97887
2026/07/08 15:55:38.410, 3, 100, 0, 97887
2026/07/08 15:55:38.423, 4, 0, 0, 97887
2026/07/08 15:55:38.436, 5, 0, 0, 97887
2026/07/08 15:55:38.451, 6, 0, 0, 97887
2026/07/08 15:55:38.466, 7, 0, 0, 97887
2026/07/08 15:55:39.482, 0, 0, 0, 97887
2026/07/08 15:55:39.496, 1, 0, 0, 97887
2026/07/08 15:55:39.512, 2, 100, 0, 97887
2026/07/08 15:55:39.526, 3, 100, 0, 97887
2026/07/08 15:55:39.540, 4, 0, 0, 97887
2026/07/08 15:55:39.555, 5, 0, 0, 97887
2026/07/08 15:55:39.569, 6, 0, 0, 97887
2026/07/08 15:55:39.584, 7, 0, 0, 97887
2026/07/08 15:55:40.599, 0, 0, 0, 97887
2026/07/08 15:55:40.614, 1, 0, 0, 97887
2026/07/08 15:55:40.629, 2, 100, 0, 97887
2026/07/08 15:55:40.644, 3, 100, 0, 97887
2026/07/08 15:55:40.659, 4, 0, 0, 97887
2026/07/08 15:55:40.674, 5, 0, 0, 97887
2026/07/08 15:55:40.688, 6, 0, 0, 97887
2026/07/08 15:55:40.702, 7, 0, 0, 97887
2026/07/08 15:55:41.714, 0, 0, 0, 97887
2026/07/08 15:55:41.729, 1, 0, 0, 97887
2026/07/08 15:55:41.744, 2, 100, 0, 97887
2026/07/08 15:55:41.760, 3, 100, 0, 97887
2026/07/08 15:55:41.775, 4, 0, 0, 97887
2026/07/08 15:55:41.790, 5, 0, 0, 97887
2026/07/08 15:55:41.805, 6, 0, 0, 97887
2026/07/08 15:55:41.821, 7, 0, 0, 97887
2026/07/08 15:55:42.836, 0, 0, 0, 97887
2026/07/08 15:55:42.851, 1, 0, 0, 97887
2026/07/08 15:55:42.866, 2, 100, 0, 97887
2026/07/08 15:55:42.881, 3, 100, 0, 97887
2026/07/08 15:55:42.895, 4, 0, 0, 97887
2026/07/08 15:55:42.909, 5, 0, 0, 97887
2026/07/08 15:55:42.924, 6, 0, 0, 97887
2026/07/08 15:55:42.939, 7, 0, 0, 97887
2026/07/08 15:55:43.954, 0, 0, 0, 97887
2026/07/08 15:55:43.968, 1, 0, 0, 97887
2026/07/08 15:55:43.980, 2, 100, 0, 97887
2026/07/08 15:55:43.992, 3, 100, 0, 97887
2026/07/08 15:55:44.005, 4, 0, 0, 97887
2026/07/08 15:55:44.017, 5, 0, 0, 97887
2026/07/08 15:55:44.029, 6, 0, 0, 97887
2026/07/08 15:55:44.045, 7, 0, 0, 97887
2026/07/08 15:55:45.058, 0, 0, 0, 97887
2026/07/08 15:55:45.073, 1, 0, 0, 97887
2026/07/08 15:55:45.088, 2, 100, 0, 97887
2026/07/08 15:55:45.105, 3, 100, 0, 97887
2026/07/08 15:55:45.120, 4, 0, 0, 97887
2026/07/08 15:55:45.135, 5, 0, 0, 97887
2026/07/08 15:55:45.150, 6, 0, 0, 97887
2026/07/08 15:55:45.166, 7, 0, 0, 97887
2026/07/08 15:55:46.182, 0, 0, 0, 97887
2026/07/08 15:55:46.196, 1, 0, 0, 97887
2026/07/08 15:55:46.211, 2, 100, 0, 97887
2026/07/08 15:55:46.224, 3, 100, 0, 97887
2026/07/08 15:55:46.239, 4, 0, 0, 97887
2026/07/08 15:55:46.254, 5, 0, 0, 97887
2026/07/08 15:55:46.269, 6, 0, 0, 97887
2026/07/08 15:55:46.285, 7, 0, 0, 97887
2026/07/08 15:55:47.301, 0, 0, 0, 97887
2026/07/08 15:55:47.318, 1, 0, 0, 97887
2026/07/08 15:55:47.333, 2, 100, 0, 97887
2026/07/08 15:55:47.348, 3, 100, 0, 97887
2026/07/08 15:55:47.362, 4, 0, 0, 97887
2026/07/08 15:55:47.377, 5, 0, 0, 97887
2026/07/08 15:55:47.393, 6, 0, 0, 97887
2026/07/08 15:55:47.410, 7, 0, 0, 97887
2026/07/08 15:55:48.426, 0, 0, 0, 97887
2026/07/08 15:55:48.442, 1, 0, 0, 97887
2026/07/08 15:55:48.458, 2, 100, 0, 97887
2026/07/08 15:55:48.473, 3, 100, 0, 97887
2026/07/08 15:55:48.487, 4, 0, 0, 97887
2026/07/08 15:55:48.500, 5, 0, 0, 97887
2026/07/08 15:55:48.515, 6, 0, 0, 97887
2026/07/08 15:55:48.530, 7, 0, 0, 97887
2026/07/08 15:55:49.545, 0, 0, 0, 97887
2026/07/08 15:55:49.561, 1, 0, 0, 97887
2026/07/08 15:55:49.577, 2, 100, 0, 97887
2026/07/08 15:55:49.593, 3, 100, 0, 97887
2026/07/08 15:55:49.610, 4, 0, 0, 97887
2026/07/08 15:55:49.625, 5, 0, 0, 97887
2026/07/08 15:55:49.640, 6, 0, 0, 97887
2026/07/08 15:55:49.662, 7, 0, 0, 97887
2026/07/08 15:55:50.676, 0, 0, 0, 97887
2026/07/08 15:55:50.692, 1, 0, 0, 97887
2026/07/08 15:55:50.708, 2, 100, 0, 97887
2026/07/08 15:55:50.723, 3, 100, 0, 97887
2026/07/08 15:55:50.738, 4, 0, 0, 97887
2026/07/08 15:55:50.754, 5, 0, 0, 97887
2026/07/08 15:55:50.769, 6, 0, 0, 97887
2026/07/08 15:55:50.785, 7, 0, 0, 97887
2026/07/08 15:55:51.803, 0, 0, 0, 97887
2026/07/08 15:55:51.821, 1, 0, 0, 97887
2026/07/08 15:55:51.837, 2, 100, 0, 97887
2026/07/08 15:55:51.851, 3, 100, 0, 97887
2026/07/08 15:55:51.867, 4, 0, 0, 97887
2026/07/08 15:55:51.881, 5, 0, 0, 97887
2026/07/08 15:55:51.897, 6, 0, 0, 97887
2026/07/08 15:55:51.912, 7, 0, 0, 97887
